text,sentiment,language
"এখন, আপনি কি কৃষি শ্রমিকদের মজুরির উপর জিএসটি আরোপ করছেন?",angry,bn
"রাধাসুতা, তাহলে তোমার ধর্ম কোথায় গেল?",angry,bn
আর এটা তাদের সৈন্যদের ভ্রম যে তারা মহারাষ্ট্রকে সংস্কার করবে।,angry,bn
খালি পাহাড়ি মানুষকে কোনো কর্মসূচিতে আমন্ত্রণ জানানোকে নো মিটিং বলে!!,angry,bn
চুপ করে থাকো কেন?,angry,bn
ধর্মনিরপেক্ষ মানুষ তারাই যারা প্রতিবেশীকে পিতার পরিবর্তে পিতা বলে।,angry,bn
যে ভক্তরা এখন মারা যাচ্ছে তাদের সত্যতা কী?,angry,bn
"এসো না বাবা, নাহলে অন্য কোনো সাংবাদিক বড় হয়ে যাবে।",angry,bn
আপনার মত বিশ্বাসঘাতকদের এটা নিয়ে চিন্তা করার দরকার নেই।,angry,bn
বলুন তো গত বছর কেন নেননি..!,angry,bn
কোথায় গেলেন? ফুসকুড়ি সৃষ্টি করবেন না,angry,bn
"হ্যাঁ, এই আড়াই বছর কে সইবে?",angry,bn
কংগ্রেসে এমন বুদ্ধিজীবী থাকলে ভারত কংগ্রেস মুক্ত থাকবে।,angry,bn
"তুমি এত যোগ্য নও, তুমি রাজকীয় সীলমোহর পরলে কেন? মহারাজা নারীদের সম্মান করতেন",angry,bn
চিত্রা তাই ওয়াঘ এবং আপনি টুইট করার জন্য শিন্দে গ্রুপের সদস্য হওয়ার যোগ্যও নন।,angry,bn
"ঠিক আছে, ওহ মাই গড..এত পুড়েছে..",angry,bn
ক্ষমতার এ ধরনের অপব্যবহার বন্ধ হওয়া উচিত.. তাই মহারাষ্ট্রকে আনাজি পন্ত বলা হয়।,angry,bn
"এই পোস্টে আপনার ঠিকানাও মুছে দেওয়া হয়েছে, আগে দেখুন আপনি সেখানে থাকেন কি না",angry,bn
আমি এখন অবরোধ করতে করতে ক্লান্ত,angry,bn
বিজেপি কেন আইনজীবী দেবে?,angry,bn
তারপর যা হল পন্ধরপুর নান্দেডের কোলহাপুরে ভণ্ড বিজেপি,angry,bn
"বালা সাহেবের গাড়িচালক প্রকাশ জানিয়েছেন, সঞ্জয় রাউত জেলে গিয়েছেন।",angry,bn
"আরে, আগামীকাল সরকারের পতন হবে আর আপনি মন্ত্রীর পদ নিয়ে বসে আছেন। হ্যালো ভাই",angry,bn
"ভাস্কর সাহেব বললেন, গতকাল বাবাকে সরিয়ে দিয়েছেন",angry,bn
"জয় শ্রী রাম এখন আসবে জ্ঞান দিতে, ধর্ম শেখাতে",angry,bn
মা: রাস্তায় গিয়ে দড়ি ভেঙে গলায় ঝুলিয়ে রাখলে বুঝবে?,angry,bn
যারা দূষণ করে তাদের বাস দেওয়া ঠিক নয়।,angry,bn
সেই থাপার খোঁপা গলায় কদর নেই। ভক্তদের খোলা ভালবাসার আশ্বাস দেওয়া হয়।,angry,bn
"কেন, এটা ভুল পছন্দ হতে হবে. রাজবংশ কাজ করবে না",angry,bn
"সারা জীবন ইফতার পার্টিতে কাটানোর পর, যখন ধ্বংস ঘনিয়ে এসেছে, তখন একজন হিন্দু হওয়ার মূল্য বুঝতে পারে।",angry,bn
"সে মরেনি, দাদা... সে ঘেউ ঘেউ করছে... সে শুধু ঘেউ ঘেউ করছে...",angry,bn
নীল কলা ঠিক আছে কিন্তু মুখ কালো করেছ কেন?,angry,bn
"আপনি আপনার শিশুকে নিয়ে যাওয়ার জন্য প্রস্তুত হওয়ার সাথে সাথেই এই ধরনের বকবক শুরু হয়, তারপর...",angry,bn
বিশ্বাসঘাতকতা ও তার ট্যাঙ্কের টাকা দুর্নীতিবাজদের হাতে তুলে দেওয়ার জন্য লোকখত ও পুরস্কারে ভূষিত,angry,bn
"আমাদের উদ্ধব বালা সাহেবের শিবসেনা...মশাল জ্বালিয়েছে, আমরা তোমার মতো বিশ্বাসঘাতকদের পুড়িয়ে মারা করব।",angry,bn
এসব করার আগে একটা চড় মারা হবে,angry,bn
সেখানে কি শিবসেনা নেই? বিশ্বাসঘাতকরা এটা দেখে না,angry,bn
এটা সত্যিই চমৎকার যে এই সমস্ত সামাজিক মিডিয়া প্রভাবশালীরা রসিকতা করছে,angry,bn
আপনি কি এই ভাতা পাওয়ার যোগ্য?,angry,bn
"জনগণের প্রতিবাদ হওয়া উচিত, কঠোর ব্যবস্থা নেওয়া উচিত...এই সংগঠনটি বিলুপ্ত করা উচিত।",angry,bn
"তাই আমরাও আপনার মতো খালি হাতে, আপনি অর্থ উপার্জন করতে চান এবং আমরা কাজ করতে চাই...",angry,bn
আপনি যেভাবে খেলেন তাতে কি আপনি বিব্রত?,angry,bn
এই লোক মহারাষ্ট্রে খরা ডেকে আনবে,angry,bn
ব্যর্থতার তোষামোদ করার দায়ে তিন সাংবাদিককে কারাগারে পাঠানো হয়েছে বলে জানা গেছে।,angry,bn
"হে জ্ঞানী, সেই রত্নগিরির ছেলেকেও শেখাও।",angry,bn
আর নোংরামির নিচে অন্ধকার হলো জলশিওয়ার কেলেঙ্কারি,angry,bn
গণিত মানে আপনার মনের বাইরে!,angry,bn
কেন বছরের পর বছর ভিক্ষা করতে গেলেন মাতোশ্রী?,angry,bn
"বুদ্ধিমত্তার ক্রমাগত উন্নতির প্রয়োজন আছে, দাসা জি!! তুমিও পাপ্পুর মত",angry,bn
একেবারে। এই লোকদের কারণে আপনার তথ্য ফাঁস হয়ে যায়।,angry,bn
সুপ্রিম কোর্টে সারাদিন কাটানোর দরকার নেই। সকালে রেজাল্ট দেওয়ার পর ফ্রি হতে চেয়েছিলাম।,angry,bn
"এটা ভুল...এটা সহানুভূতি নয়, এটা আনুগত্যের আগ্নেয়গিরি।",angry,bn
দাদা তার গুরুর মত একজন অন্ধ ভক্ত..তার হিন্দুত্ব তাকে এই শিক্ষা দেয়..,angry,bn
"'একলে কা কাণ্ড' মানে কী, এই + খোলা শত লাটকেরা বলছে।",angry,bn
চোরাশিকারিদের কারণে দাম বেড়েছে..আর ভক্তরা মাটন কিনতে পারছে না।,angry,bn
মিউনিসিপ্যাল ​​কর্পোরেশন কমিশনার ইচ্ছাকৃতভাবে এমন আচরণ করেছেন...সরকার ইচ্ছাকৃতভাবে পদত্যাগ প্রত্যাখ্যান করেছে।,angry,bn
ওই দলের নেতারা বিভ্রান্ত দেখাচ্ছে।,angry,bn
সাভারকার নিয়ে বিতর্কের পর থেকে আমরা এই প্রসন্নকে দেখিনি।,angry,bn
"স্যার, এমন ভীতু ""আপ্পে"" হবেন না। অন্যদের কথাও ভাবুন...",angry,bn
এখন একনাথ শিন্ডের কাছ থেকে দূরদর্শিতা আশা করা খুব বেশি,angry,bn
বিশ্বাসঘাতকরা বালা সাহেবের নাম নেওয়ার যোগ্য নয়।,angry,bn
এই প্রবণতাকে সময়মতো গুড়িয়ে দিতে হবে।,angry,bn
Tweezers এটা ঠিক করবে না. এটা একটা সমস্যা। হিন্দুর রক্ত ​​পান করে।,angry,bn
"সংঘোটি কেন লাফ দেবে, ইতিমধ্যেই রাহুল গান্ধীর ভারত জোড়ো যাত্রা সংঘোতির মধ্যে বিভাজন তৈরি করেছে...",angry,bn
বিজেপি পুনে মিউনিসিপ্যাল ​​কর্পোরেশন লুট করলে এটাই হবে,angry,bn
কেউ বলবে না বালাসাহেবের বাহিনী... সবাই বলবে মিন্ডে গ্রুপ।,angry,bn
"বাবা আর মানুষ একসাথে যতই ষড়যন্ত্র করুক না কেন, তারা অবশ্যই ধ্বংসের মুখে পড়বে...!!!!!!",angry,bn
'মূল্য দিয়ে শিবসেনা ভেঙেছে বিজেপি'; জয়ন্ত পটলের অভিযোগ,angry,bn
"হ্যালো বলুন, আপনি সেখানে ছিলেন? ব্যাপারটা কি?",angry,bn
...তাহলে কাউকে জিজ্ঞেস করবে না! পরমাণু হুমকির বিষয়ে পুতিনকে ব্রিফ করেন বাইডেন,angry,bn
"আরে, আমি তখন আপনার খারাপ মানসিকতা দেখেছি, তাই আমি একটি টুইট লেখার সিদ্ধান্ত নিয়েছি",angry,bn
"শুনুন, বিজেপির বড় ভুল ধারণা হল ""আমি ফিরে আসব"" কখনই সম্ভব নয়!!!",angry,bn
এই পুলিশ মারধরের যোগ্য,angry,bn
জয়ন্ত পাটিলার বউ ওকে আর আপনাকে বিশ্বাস করে না,angry,bn
"আমাদের স্যার জানুয়ারি থেকে জুন পর্যন্ত মুখ্যমন্ত্রী ছিলেন, তাহলে আত্মহত্যার ঘটনা ঘটল কীভাবে?",angry,bn
এটি তার একটি অংশ যা অন্ধ ভক্তদের অনেক হত্যা করবে।,angry,bn
"এটাকে শক বলে না, কান্না বলে। পুরুষরা এভাবে কাঁদে না। সামান্য ক্ষত",angry,bn
"এখন কেন নয়, মহারাষ্ট্রের শিল্প গুজরাতে যাবে...!",angry,bn
এই জাল,angry,bn
আপনার কাছে যারা আসে তারা বোকা,angry,bn
"ওহ, আমরা কেন ক্ষমা চাইব?",angry,bn
এই চোর... জামিনে... এই ফুল বিক্রেতা...,angry,bn
সাত প্রজন্মের সবাইকে বিশ্বাসঘাতক ঘোষণা করুন,angry,bn
"ছেলেটি বিশ্বাসঘাতক, লোভী, খুনি, অহংকারী এবং অলস। আজাদ বাবুরাও!",angry,bn
"এই ডোজ দিয়ে ওয়াগলের গলদও সেরে যাবে, লাই বলছিলেন।",angry,bn
বিশ্বাসঘাতকের জন্য একটি মশাল আছে,angry,bn
এখন এই গোবর গুণ্ডারা এমন অবস্থা বজায় রাখতে শুরু করেছে... এটা আমরা কিভাবে সহ্য করব?,angry,bn
এটা আপনার মূল্য ছিল?,angry,bn
কেন আপনি এটা দেখিয়ে নির্যাতন করবেন...??,angry,bn
তাহলে এই তথাকথিত হিন্দু দলের লোকেরা কাকে বাঁচাচ্ছিল?,angry,bn
কেন তারা এটা বন্ধ করেনি?,angry,bn
"নপুংসক কি, ভোঁসলে?",angry,bn
"এখন আমাদের এইসব বিপথগামী কুকুর থেকে শিক্ষা নিতে হবে, আমরা প্রতিদিন এই ধরনের কুকুর তাড়াই",angry,bn
তোমার চিন্তায় একটা চুলকানি আছে,angry,bn
মরে গেলে কবর দাও,angry,bn
"যখন একটি দল ভুল হাতে পড়ে, তখন এটি ঘটে ...",angry,bn
এমনকি সেই বছর থেকে এমন কেউ একজন কর্মী হিসাবে অনুসারী অর্জন করতে বেরিয়েছিল। কি একটি কাকতালীয়,angry,bn
মশাল নির্বাচনী প্রতীকের সাফল্য তারা সহ্য করতে পারছেন না,angry,bn
এটা সেইসব মানুষের মধ্যেও সত্য... যারা কারোর নয়... শুধু নিজের স্বার্থপরতা...!!!,angry,bn
একা ভিক্ষা করতে গেলে ছোট মেয়েকে নিয়ে গেলেন কেন?,angry,bn
এরাই প্রকৃত শিব সৈনিক যারা শতাংশ গণনা করে...,angry,bn
"ব্ল্যাকবোর্ড: এটাকে শিখ দাঙ্গা বলবেন না, এটা একটা গণহত্যা ছিল",angry,bn
তাহলে কি ঘুমিয়েছিলেন? প্রায় মহারাষ্ট্রে,angry,bn
"এখন কথা বলা যাক, এর বিরোধিতা করবে কে? তুমি কি সাহস কর?",angry,bn
এই কথা বলতে লজ্জা পাচ্ছেন?,angry,bn
এখন এই সতরঞ্জয় কি মানুষকে জ্ঞান শেখাবে?,angry,bn
"যদি ভবিষ্যতে এনসিপি কখনও বিভক্ত হয়, ধনু ভাইরা প্রথম দল ছেড়ে যাবেন",angry,bn
অন্ধ ভক্তদের জন্য ভিক্ষার ব্যবস্থা করা হয়েছে,angry,bn
এই ধরনের কুকুর প্রতিদিন বাক্সে ঘাড় রেখে ক্ষুধার্ত মরে। তারা বুঝবে। খ্যাতি লাঠি,angry,bn
তোমার সিঙ্কে আগুন কেন?,angry,bn
"আপনি বলুন, এত কিছু হলে ঠাকরের দিকে ঝাড়ু ফেলতে চাইলেন কেন?",angry,bn
কমিশন বোর্ড কি আপনার দলের পুতুল???,angry,bn
শান্ডি জানওয়ে প্রাচীন কাল থেকে যে কোনো কিছু খাচ্ছে... এমনকি মাটিও।,angry,bn
"ওহ, আপনার সাথে আপনার সেই অকেজো সেনাবাহিনীর কথা বলুন। আসল শিবসেনা হলেন উদ্ধব বালাসাহেব ঠাকরে।",angry,bn
বিশ্বাসঘাতক আর সেই তরমুজ না খেয়ে বাঁচবে না।,angry,bn
একই অবস্থা এখন মহারাষ্ট্রে। ক্ষমতাসীনরা এখন কী করছে?,angry,bn
ক্ষমতার জন্য মাটি খাওয়ার রেওয়াজ আছে!,angry,bn
সরকার কি বেঞ্চের পেছনে ছিল না? অর্থ উপার্জন কি একমাত্র উদ্দেশ্য ছিল?,angry,bn
সাহেব পালিয়ে গেলে কি দেখলেন?,angry,bn
"অনেক নারীর সাথে সম্পর্ক, মারামারি, জোরে হাসা বা কান্না নিয়ে প্রশ্ন আছে...",angry,bn
সাংবাদিকরা সত্যিই দালাল হয়ে গেছে,angry,bn
বিপদ দেখুন।,angry,bn
আশা করি বিশ্বাসঘাতকদের বিরুদ্ধে যথাযথ ব্যবস্থা নেওয়া হবে...,angry,bn
এটা শুধু ক্ষমতার মজা,angry,bn
তাদের মহারাষ্ট্র ও দেশ থেকে বের করে আনাই অগ্রাধিকার। বাকিটা পরে দেখব।,angry,bn
আপনি কি দেখাতে চান যে আইন সবার জন্য আলাদা?,angry,bn
"ভাটখলকার, শুধু মন্তব্য পড়ুন, রাও...এত বৈচিত্র্য। সে লজ্জার সবজি বিক্রি করে খেয়েছে...",angry,bn
তোমার নামে চোর আছে বলে চুরি করো কেন? এবং স্যার,angry,bn
"দেবেন্দ্র বিভ্রান্ত নন, তিনি স্পষ্ট...",angry,bn
গবার কি বছরের পর বছর ধরে পেঙ্গুইনের পালক ছিঁড়ে ফেলছিল?,angry,bn
"""আওরঙ্গজেব সহ্য করতে পারতেন, কিন্তু সম্ভাজি মহারাজ তা সহ্য করবেন না।"" -:পর্তুগিজ ভাইসরয়",angry,bn
তার মধ্যে একটি হল আজকাল মানুষ বিখ্যাত হওয়ার জন্য তাদের জীবন উৎসর্গ করে।,angry,bn
বাকি শেনিকানরা খুশি হবে না.. ভবিষ্যতে ঋতুজা লাটকেও শিন্দে গ্রুপে যোগ দেবে।,angry,bn
"বলা হয়েছিল যে পদ্ম তার লেজ রেখেছিল, কিন্তু এটি একটি ঘোড়ায় এসে একটি গাধার পিঠে চড়েছিল",angry,bn
PAN দ্বারা নাম চুরি করা হয়,angry,bn
আমার সমালোচনার কন্ট্রাক্ট অন্য কাউকে দিয়েছে কংগ্রেস- প্রধানমন্ত্রী মোদীর বক্তব্য!,angry,bn
রেগে গেল…এখন ওরা গরীব মেয়েকে খাওয়াবে।,angry,bn
তাই গুজরাটের রাজনীতিবিদদের জন্য মুম্বাই 'অসমাপ্ত ব্যবসা'।,angry,bn
এটাকে বলে চোরের বমির বোমা... সাধারণ জ্ঞান না থাকলে এমনটা হয়।,angry,bn
মোদি সরকার ব্যর্থ সরকার,angry,bn
মোদিজি একেবারেই ভুল। গ্রেফতার মণীশ সিসোদিয়া,angry,bn
দিনের বেলা শুরু হয়ে এখন সারাদিন ঘেউ ঘেউ করছে,angry,bn
কয়েকদিন বন্ধ দরজার আড়ালে এ নিয়ে আলোচনা করবেন না...,angry,bn
বিশ্বাসঘাতকতা করেই তুমি মানুষ হও।,angry,bn
"জনমতের মানুষ বোকা, তারা পুরস্কারের কথা ভাবতে থাকে।",angry,bn
এসবই হয়েছে কমলাবাইয়ের অপকর্মের কারণে।,angry,bn
পাত্রের সংগ্রহ সংগ্রহ করতে হয়েছিল অন্যথায় প্রতিটি দেখানো হবে। হামলার পর সন্তোষ বাঙ্গরের আক্রমণাত্মক প্রতিক্রিয়া।,angry,bn
এখানে আরেকটি কোকিল বসিয়েছে বিজেপি,angry,bn
কাভাদি শচীন পাইলটের যোগ্য নয়।,angry,bn
"আরে ভাই, আপনাকে প্রথম প্রার্থী দিতে হবে না, নাটক করছেন কেন।",angry,bn
নপুংসক আপনি কথা বলছেন দেখুন আপনার আঙ্গুল আছে,angry,bn
মিডিয়া কি অন্ধ হয়ে গেছে? এই দৃশ্য প্রদর্শন করা হয় না.,angry,bn
টিভি চ্যানেল অন্যরকম কিছু দেখাচ্ছিল...কতটা মিথ্যা বলবে...(টিভি চ্যানেল নয়)?,angry,bn
এখন এই বোকা দেশে কূটনৈতিক উপদেষ্টা হয়েছে।,angry,bn
আপনার নিজের কোন আছে?,angry,bn
এমন লোকেরাই দল চালায়! গণতন্ত্র নেই!!,angry,bn
আপনি একটি গুজরাটি বা একটি হাইব্রিড প্রাণী?,angry,bn
পদত্যাগ করুন এবং নির্বাচনের মুখোমুখি হন যাতে জনগণ তাদের যোগ্যতা দেখাতে পারে।,angry,bn
উদ্ধব জি কেন রাবণ?,angry,bn
আপনি মারাঠি বলতে লজ্জা পান?,angry,bn
কিন্তু তোমার মায়ের রাগ,angry,bn
এটি একজন দাবিহীন অন্ধ ভক্তের যোগ্য...,angry,bn
ভাগ্য ভালো কিন্তু আমি ভিতরে পুড়ে যাচ্ছি,angry,bn
আপনি যদি একটি কুকুরকে সালাম না করেন তবে আপনাকে ভুল বোঝা হবে।,angry,bn
তুমি কখন জাগবে?,angry,bn
তোমার কাজ ভালো করো নাহলে আমরা তোমাকে তোমার জায়গা দেখাবো...,angry,bn
আপনি যতই ক্ষুধার্ত থাকুন না কেন...,angry,bn
এই মহিলার মধ্যে বিশেষ কি এই পরিস্থিতি আরামদায়ক করে তোলে?,angry,bn
"তাই শিন্ডে যখন দলে যোগ দেন, তখন বিজেপি তাঁকে প্রার্থী দিতে চলেছে। শিয়ালকে টক আঙ্গুর।",angry,bn
এটা একটা বিশ্বাসঘাতক জারজ,angry,bn
সকালে শপথ নেওয়ার সময় নীতি ভুলে গিয়েছিলেন ফড়নবীস...,angry,bn
শূর্পণখা বারবার সর্বত্র দেখা যাবে...কিন্তু লক্ষ্মণ সাহস করবে না।,angry,bn
"তাহলে আদালতকে বলবেন না, বলুন। এতে বিজেপি কেন দৌড়াচ্ছে?",angry,bn
এটি একটি ভাসমান মল,angry,bn
বিজেপি কর্মীদের অবস্থা এমন গর্তে পরিণত হয়েছে যেখানে মানুষ নাচছে।,angry,bn
কারণ এই ভাবনা কেবল সঙ্ঘী ভাদ্বার মনেই আসতে পারে।,angry,bn
এখন ডায়াপার পরে ঘুমান এবং পান করুন...,angry,bn
কোলহাপুরে রাস্তায় গর্ত আছে নাকি গর্তের মধ্যে রাস্তা আছে তা জানা যায়নি।,angry,bn
এই সব দেখা বাকি,angry,bn
অন্য পুরুষের সঙ্গে পালিয়ে যাওয়া স্ত্রী এখন সম্পত্তিতে অংশ দাবি করছেন,angry,bn
"লাকা, বিষয় আপনার সুবিধার জন্য.",angry,bn
"বছরের পর বছর বিজেপির ক্ষমতা আর এনসিপির ভুল, অন্ধ ভক্তদের মন কম",angry,bn
উপ-মুখ্যমন্ত্রী দেবেন্দ্র ফড়নবীস বলেছেন যে দুর্নীতি পুরো ব্যবস্থার কীট...,angry,bn
তাহলে একই সময়ে কেন নয়,angry,bn
তাদের কাছে ধারণার চেয়ে ক্ষমতা বেশি গুরুত্বপূর্ণ।,angry,bn
আপনি কি বিশ্বাস করেন যে উদ্ধব এই ফ্রন্টে ব্যর্থ হয়েছেন?,angry,bn
"বিশ্বাসঘাতক আর্মি এই ভিডিওগুলিকে পরবর্তীতে সংরক্ষণ করুন, আপনি সারাজীবন এটিই শুনতে চান।",angry,bn
পশ্চিম রেলওয়ে বিশ্বে ছুতার প্রকারভেদ।,angry,bn
তার সাথে এমন করো না... সে খুব বেশি,angry,bn
যেন ঢাল-তলোয়ার পাকিস্তানি সীমান্তে পৌঁছতে চলেছে।,angry,bn
এমন নেতারা ভোট পেতে দেশ বিক্রি করে যাচ্ছেন।,angry,bn
আর তার উপরে ওরা সাবিত্রীর মুখ বানিয়ে কথা বলছে।,angry,bn
দেশের স্বরাষ্ট্রমন্ত্রী আসামি হলে দেশের কী হবে?,angry,bn
"অতুল, কোন বিষয় তোমার বোঝার বাইরে?? আবারো প্রমাণিত হলো ন্যায়ের ঈশ্বর খোঁড়া, পঙ্গু ও অন্ধ???",angry,bn
"কেন নেতৃত্ব? আপনার মোদি ধর্ষকদের সেখানে যেতে দিচ্ছে, চোখ কান খোলা রাখো..!!",angry,bn
এই শালিগ্রাম। ভোসলে উপাধি কুখ্যাত।,angry,bn
"পাবলিক মেনে নিলো না বাদে সাহেবের ভাগ্নে, এই দাড়ি আর দাড়ির কি লাভ...!!",angry,bn
সেই কুকুরগুলোও তাদের বড় প্রভুর অনুগত ছিল... ভাদাপাভের মতো বিশ্বাসঘাতক নয়।,angry,bn
বিশ্বাসঘাতকতার প্রথা শুরু করেছিল তোমার সাড়ে তিন জেলার ভদ্রলোকেরা #বিশ্বাসঘাতক,angry,bn
জনগণ যখন ক্ষমতায় ছিল তখন পরিবারের সদস্যরা ঘরে বসে ছিল এখন এ নিয়ে কথা বলাই সঙ্গত।,angry,bn
একটি দুর্নীতিগ্রস্ত সরকার,angry,bn
শিক্ষিত যুবকরা চুপ কেন? বেকারত্বের জন্য দায়ী কে?,angry,bn
বুর্জি প্যাটেল মনোনীত হন,angry,bn
আল্লাহ দেড় বিজ্ঞ!!!,angry,bn
সব ভক্ত ইয়েদে নয় কিন্তু এখানে ওখানে কিছু আছে,angry,bn
লোকসত্তা একটি বিক্রয়যোগ্য সংবাদপত্র। গিরিশ কুবের মিথ্যাবাদী।,angry,bn
"উদ্ধবজি বলেছেন বাবা চুরি করেছে, শিবসেনা চুরি করেছে, এখন আঁথেরি পূর্বা প্রার্থীও... জাতিবন্তের পকেটের টাকার গুণ আছে...",angry,bn
আপনি বিশ্বাসঘাতক থাকবেন এবং পরবর্তী প্রজন্মের উপর একই দাগ রেখে গেছেন।,angry,bn
শিব সৈনিকদের কুকুর বলে ডাকতেন শরদ পাওয়ার,angry,bn
"হে গোবর, তুমি যদি ধর্মান্ধতা জানত, তোমার এক অণু যোগ্যতাও থাকত না।",angry,bn
জনসাধারণের উচিত বিধায়কদের একই পাঠ শেখানো উচিত যাকে ভোটাররা নির্বাচিত করে ভাগ করেছে!,angry,bn
তোষামোদ শুরু হয়েছে.. এখন মহারাষ্ট্র জানবে গুজরাটি নীতি কতটা ভালো..,angry,bn
"তাহলে জোকসত্তার লোকেরা কোথায় হারিয়ে গেছে, আমরা তাদের আগে চাই! কেন তারা ঠিক করা হয়েছে?",angry,bn
এর মানে কি মানুষ বধির হয়ে যাবে?,angry,bn
"মানে, আপনি ঠিক কি করলেন, মাটিতে দাঁড়িয়ে মেঘ উড়িয়ে দিলেন?",angry,bn
"বিশ্বাসঘাতক পাল্লা সাহেব, সময়মতো চেনা উচিত ছিল।",angry,bn
"শুধু আগরওয়াল (সমাজবাদী দল)ই কি মোদীকে অপমান করে, বিজেপিতেও এ নিয়ে কথা বলা হয়",angry,bn
পায়রা ছাড়ার আগে দেশ অনেক বদলে গেছে; এখন ধর্ষকরা মুক্তি পাচ্ছে..!!,angry,bn
"রমিজ রাজার ভারতকে হুমকি দেওয়ার ভিডিও ভাইরাল, কী বললেন দেখুন...",angry,bn
ওহো! এটা আমার সংকেত,angry,bn
তিনি প্রমাণ করেছেন যে বিজেপি গণতন্ত্রে বিশ্বাস করে না,angry,bn
"""দেবসেনা ভুল করেছে, সেই বিশ্বাসঘাতক ছুতারকে রাস্তার মোড়ে লোকের সামনে তিরস্কার করা উচিত ছিল।""",angry,bn
"আজেবাজে প্রশ্ন, যা নির্বাচন কমিশনের আওতাভুক্ত নয়।",angry,bn
বিতর্কিত লেকা ইস্যুতে তিরকিট তাথিয়া হয়তো চুপ হয়ে গেছেন। সাথে সাথে নাইতর নাচতে নাচতে এলো।,angry,bn
হিন্দুত্ববাদী সরকারে কি গোরক্ষকদের উপর হামলা সহ্য করা হবে?,angry,bn
"এমন তুলনা ভালো নয়, চিতলের দুটি মিষ্টির মধ্যে এই তুলনা",angry,bn
এভাবে কলেজের অধ্যক্ষদের মাধ্যমে শিক্ষার্থীদের মত প্রকাশের স্বাধীনতাও আক্রান্ত হচ্ছে।,angry,bn
দাসী কি ছবি তোলা ছেড়ে দিয়েছে?,angry,bn
নর্দমার মুখ পরিষ্কার হবে না বলে হার্ফিকানি।,angry,bn
ম্যাগাজিনে লেখা আছে এই ডাক্তার চাবুক মারার যোগ্য,angry,bn
এত প্রচার থাকলে মহারাষ্ট্রে রাহুল গান্ধীকে নির্বাচন করে দেখান।,angry,bn
আপনি MNS নেতারা তাদের সেরা কাজ করছেন এবং বিজেপির কাজ করছেন ..,angry,bn
মুখে যা আসে তাই বলবেন না। আগে দেখে তারপর কথা বলবেন বুঝি?,angry,bn
এটা কী ভাষা...সেটা কী সংস্কৃতি!,angry,bn
ঘুমাচ্ছ কেন?...স্বরাষ্ট্রমন্ত্রী কোথায়?,angry,bn
ফড়নবিস নিয়োগে কীট...,angry,bn
"মহারাষ্ট্রের নজিরবিহীন রাজনৈতিক অসহায়ত্বের সর্বোত্তম উদাহরণ হল প্রশ্ন, ""আমরা মারাঠিতে কথা বললে কি কাজ হবে?""",angry,bn
তাহলে কলা কেন ফেটে যায়...,angry,bn
এটা পাপ্পুর টুকরা,angry,bn
"আরে, এই তো তোমার পুনের নতুন ভাস্কররা করেছে",angry,bn
অন্ধ ভক্তের মতো পুদিনা ধোচ্ছে এত দিন,angry,bn
নির্বাচনে হেরে যাবে জেনে মাঠ ছেড়ে পালিয়েছেন রে ভো,angry,bn
ঠাকরের উপর এই সময়ের প্রতিশোধ!,angry,bn
"আপনি যখন দায়িত্বশীল পদে ছিলেন তখন ফেসবুক লাইভ করতেন, কিন্তু এখন আপনার চাকরি নেই, তাহলে আপনি ক্ষেত্র চান কেন...?",angry,bn
এই আশাবাদী আচরণকে বলা হয় নোংরা রাজনীতি...এবং এটাই রাজনীতি করতে পারে।,angry,bn
"খাওয়ার পর মলত্যাগ করবেন না, এতে দূষণ হয়",angry,bn
এগুলো তাদের কাজ। মৌলবাদী ধর্মীয়তা বাড়াতে হবে এবং সামাজিক বিষয়ে জোর দেওয়া উচিত নয়।,angry,bn
আপনি কি যোগ্যতা অর্জন করতে সক্ষম?,angry,bn
তুমি এমন কথা বলার যোগ্য নও,angry,bn
"অজিতদাদা শীঘ্রই এই সময়টি আপনার সুন্দরী উপপত্নীর কাছে নিয়ে আসবেন, লিখে রাখুন।",angry,bn
মাঠ পাওয়া মাত্রই তালে তালে নাচ...এখন কমিশনের সামনে...,angry,bn
"পাওয়ার যখন সখ্য কাকার ঘনিষ্ঠ হন, তখন ধনু মুন্ডে মুখ বন্ধ রাখেন।",angry,bn
তাহলে আমাকে দেখান কেন আপনাকে এখানে কষ্ট করতে হবে এবং সেখানে মারাঠি বলতে হবে,angry,bn
"বিজেপির লোকেরা, আগামী কয়েকদিনে আপনাদের অবস্থা খুব খারাপ হতে চলেছে।",angry,bn
আপনি কি পাবলিক টয়লেট পরিষ্কারের ব্যবসা বন্ধ করে হাউজিং সোসাইটিতে দালালি শুরু করেছেন...?,angry,bn
"ওহ চুপ, প্রমাণ জাল এবং তাই আপনি",angry,bn
ভক্তরা অন্ধকারে নিজেদের চেটে চেটে পরিষ্কার করেন যাতে তাদের বাইরে যেতে না হয়।,angry,bn
এই যে নির্লজ্জতার উচ্চতা!,angry,bn
"সাদা কাগজের আয়ের সীমা খুবই কম, তাই নিম্ন মধ্যবিত্তরাও কমলা পায় না।",angry,bn
তাহলে কি ডাং বিজেপির পদত্যাগ গ্রহণ করতে প্রস্তুত?,angry,bn
আপনারা কি রাজনীতির জন্য আমাদের মায়ের নাম ব্যবহার করেন?,angry,bn
"হে সংঘওয়ালারা, গরুর কিডনির ভক্ত!",angry,bn
তিনি একজন মাথাবিহীন শচীন সাওয়ান্ত এবং এখন তিনি একজন অর্থের মানুষ।,angry,bn
"মহাবিকাশ আঘাদি গঠিত হলে সবার ছবি থাকবে, এত তাড়া কেন?",angry,bn
"একে বলে কমন সেন্স, কম এক্সপেরিমেন্ট, বেশি চিলি।",angry,bn
এই খবর লুকানোর জন্য যাদব সারাদিন এদিক ওদিক ছুটতে থাকে।,angry,bn
শেষ বাক্যটি হল - আপনি কি বলতে চান যে এই সময়ে শুধুমাত্র সাদারা চাটা হয়?,angry,bn
আপনি এই ধরনের আজেবাজে টুইট করার কারণে আপনাকে একজন সাধারণ কাউন্সিলর বানায় না,angry,bn
"আপনার সাধারণ জ্ঞান আপনাকে বোকা হতে দেবেন না, আপনার চোখে কি হিন্দু রীতিনীতি মনে আছে?",angry,bn
"যে মুহুর্তে হিন্দুত্ব আক্রমণ করা হয়েছিল, ঠিক হয়েছিল যে শীলক সেনাও একইভাবে শেষ হবে।",angry,bn
"আমি রাজি, সঞ্জয় এটা করতে হবে. বুদ্ধ",angry,bn
লতাডলো মানে কি অফিসে থাকতে এখন উদুদো।,angry,bn
আপনি কি পেঙ্গুইন স্ক্র্যাচ এবং স্তন্যপান?,angry,bn
লোগো দারুন লাগছে!! সাদা চাই না!!,angry,bn
সব গ্রামবাসী ও মহারথীরা কি বিজেপিতে?,angry,bn
হ্যাঁ বিজেপি ব্যস্ততা দেখায় কিন্তু আসল কারণ হল অলসতা,angry,bn
"আরে দোস্ত.. তুমিও কি রায়গড় করেছিলে..!! না, আমি বুঝতে পারিনি..!! এখন..!! গরীব..",angry,bn
লালচত্যা গতকাল উষ্টি বিরিয়ায় হাড় চিবিয়ে খাওয়ার সময় বমি শুরু করেন।,angry,bn
এটি একটি সংগ্রামের পরিবর্তে একটি বাধ্যতা হিসাবে পড়া উচিত।,angry,bn
"কোন চিহ্ন নেই, বাক্সগুলি উঁচু, চিহ্ন রয়েছে এবং কোন কাজে লাগে না",angry,bn
এটি বেশিরভাগ জ্বলন্ত কয়লা খেয়ে ফেলবে..,angry,bn
আবার পানিতে তলিয়ে গেলেন... নেতারা খেতে ব্যস্ত... শতাংশ নাও কাজ কর...।,angry,bn
শীঘ্রই এই ভদ্রলোককে রাস্তায় পাথর ছুড়তে দেখা যাবে...,angry,bn
রাজ্যের লক্ষ লক্ষ যুবকের কর্মসংস্থান কি শেষ করে দরিদ্র শ্রমজীবী ​​মানুষের মুখ থেকে কেড়ে নেওয়া হবে...???,angry,bn
কোন বালাসাহেব বালাসাহেব থোরাট নাকি ভিখে? বিশ্বাসঘাতকদের দল সম্পর্কে ঠাকরে ছাড়া কেউ জানে না...,angry,bn
ভারতের ফুকু কে? অনুসন্ধান,angry,bn
"গাদ্দে, কেন আপনি আসলে টুইট করেন?",angry,bn
"বলো, তুমি বুঝো না, তোমার অজ্ঞতা জনগণের ওপর চাপিয়ে দাও কেন?",angry,bn
এমনকি পিম্পরি চিঞ্চওয়াড়েও...উদ্ধবও যোগ দিয়েছেন...তারা খুব কাঁদছে...,angry,bn
"মেহবুবা মুফতি যখন কেশবরাওয়ের লোটাঙ্গন পরেছিলেন, তখন হিন্দু ধর্ম কোথায় গিয়েছিল?",angry,bn
বিশেষ বিষয় হল একটি গোটা দল তার চপ্পল হিসাবে কাজ করে। এটাই প্রত্যাশিত ছিল।,angry,bn
কী নিয়ে ঝাঁপিয়ে পড়লেন বিজেপি নেতারা? এখন পালাও,angry,bn
এরা কি আসলেই জন্মসূত্রে হিন্দু????,angry,bn
কে মারা গেল? যুদ্ধ মানে? চাকরি কি শেষ হয়ে গেছে?,angry,bn
খুব বেশি নাটকীয় হবেন না.. এবং সেই ছবি ভালোভাবে বজায় রাখুন...,angry,bn
তাহলে পরীক্ষার্থীরা কি বোকা?,angry,bn
তোমাকে খুব খুশি লাগছে... এখন বসো... আমরা এই সুখ দেখতে পাচ্ছি না...,angry,bn
"আদালতের সিদ্ধান্ত এসেছে, কাকে বোকা বানাচ্ছেন????",angry,bn
"ওহ, কেউ কি আপনার দিকে নজর দিচ্ছে, আপনি বোমা মারছেন কেন?",angry,bn
আপনি নীরবতা আদেশ লঙ্ঘন করেছেন,angry,bn
বিজেপিকে ভোট মানে মহিলাদের উপর অত্যাচারের জন্য ভোট।,angry,bn
"তুমি কি মাতোশ্রীর প্রহরী? যারা ভ্রমণ করতে অস্বীকৃতি জানিয়েছে, আমি চাই আপনি যান এবং ভ্রমণ করুন।",angry,bn
"শুধু তাই নয়, পক্ষপাতদুষ্টও",angry,bn
সবাই দুর্নীতিবাজ।,angry,bn
তারা কি এত টাকা খরচ করে রিসোর্ট ভেঙে ফেলবে?,angry,bn
ষাঁড়কে এভাবে অপমান করা যায় না,angry,bn
বাক্সগুলোই যদি সবকিছু করে তাহলে ভোট দিতে আগ্রহী হবেন এবং কেন?,angry,bn
আপনি এত গরীব যে ছাতা ধরতে পারেন না স্যার,angry,bn
এটা একটা ফুচকা বাদাম ভাই,angry,bn
তোমার মা বন্ধক... নিচে আরএসএস,angry,bn
"পতনের পরও বিজেপির উন্নতি হবে না, এই হল নিষ্ঠুরতার উচ্চতা।",angry,bn
আমার ভাইকে হারিয়ে তুমি কি এভাবে সাড়া দিয়েছিলে?,angry,bn
"সাবধান বাপু, সাত্তার ও শিরসাত। শিবসাইনীর প্রেম দেখুন, এখন সুরের জন্য প্রস্তুত হন।",angry,bn
সকালে প্রথমে গিয়ে দেখে নিন যে আপনার স্যার রাতে মদ পান করেননি।,angry,bn
এমন বাবা-মা থাকলে বছরে ছয় লাখ টাকা অনেক বেশি।,angry,bn
এ জেলায় মদ ছাড়া অন্য কোনো অবৈধ ব্যবসা আছে কি?,angry,bn
"ভক্তদের এটাই প্রবণতা, ভক্ত যত বেশি ট্রোল করবেন, তত বেশি পেমেন্ট পাবেন।",angry,bn
"মুম্বাই মিউনিসিপ্যাল ​​কর্পোরেশন জয় করা কতটা বোকামি...!! পন্ধরপুর, কোলহাপুর, খড়কওয়াসলা, দেগলৌর, তাহলে সংস্কৃতি কোথায় গেল...!",angry,bn
মত প্রকাশের স্বাধীনতার নামে মিডিয়া বিভক্ত করার চেষ্টা করছে। - প্রতিরক্ষা মন্ত্রী রাজনাথ সিং,angry,bn
"সে কীভাবে দৌড়াতে পারে, কিন্তু লক্ষ্য করুন, যারা দৌড়ায় তারা কতটা ঘৃণ্য।",angry,bn
বারামতির মহামধ্য কি কিছু বলেছে?,angry,bn
"ওরা বড় (?), ওদের কাজ আমার থেকেও বড়(?) এই বাক্যটা আমার মাথায় এল।",angry,bn
একনাথ শিন্ডের ছদ্মবেশে বিজেপি আর কত মহারাষ্ট্রবিরোধী সিদ্ধান্ত নেবে?,angry,bn
"তোমার খুব বুদ্ধিমান হওয়ার দরকার নেই, বাঁশ পড়বে, তারপর বুঝবে",angry,bn
"যখন তারা যাবে, এমনকি কুকুর তাদের জোরপূর্বক বিশ্বাসঘাতকতার কারণে কষ্ট পাবে না",angry,bn
বিজয় দারদা শিশু,angry,bn
"আদালতেও খেলা শুরু হয়েছে! যাই হোক, প্রশাসন তো রাজার মতো!",angry,bn
দেবতাদের উপহাস; কিন্তু এ বিষয়ে কঠোর ব্যবস্থা নেওয়া হচ্ছে না।,angry,bn
"এটা কিছু নয়, কিছু স্ত্রী এমনকি তাদের দুর্নীতিবাজ স্বামীদের বাঁচাতে দল পরিবর্তন করে।",angry,bn
পটকা ফাটিয়ে আমাদের প্রকৃতি মাতাকে অপমান করা সমস্ত দেউলিয়া ভক্তদের বিরুদ্ধে প্রতিবাদ...,angry,bn
একজোড়া স্নিকারের সন্ধান করুন যা পিচ্ছিল হবে না।,angry,bn
মহারাষ্ট্রের একজন ঠগ যিনি মহারাষ্ট্র রাজ্যের একজন মন্ত্রী এবং গুজরাটের হয়ে কাজ করেন,angry,bn
পথভ্রষ্ট রাজা ও মূর্খ ভন্ডরা আমাদের দেশের অনেক ক্ষতি করেছে।,angry,bn
"তোমার ঘরে আসবো, আমি কেন হারিয়ে যাবো?",angry,bn
"বেশি কান্নাকাটি করবেন না, এখন বসুন... প্রতিদিন ঘুম থেকে ওঠা এবং কান্না করা বন্ধ করুন",angry,bn
"কিছু কুকুর তাদের মালিকদের চাটতে ফিরে আসে, তারা যতই তিরস্কার করুক না কেন।",angry,bn
আপনি শিব সৈনিকদের দ্বারা খুব মার খেয়েছেন তাই আপনি কথা বলছেন,angry,bn
"ওহ, কে আবেদন করেছে? কী ব্যবস্থা নেওয়া হবে তা স্পষ্ট",angry,bn
এটাই পর্দার আড়ালে আসল চেহারা,angry,bn
তুমি কি এখন চুপ করে থাকবে... তোমার মতন না। দশ মিলিয়ন,angry,bn
"বাজারে খবর আছে আপনাকে কেউ নিচ্ছে না, বলছে আপনি বিরক্ত নন",angry,bn
"ব্রিটিশদের সমর্থক ছিল, আছে এবং থাকবে।",angry,bn
"আরে স্যার, আপনি কী রয়্যালটি দাবি করছেন, সরাসরি তাদের বিরুদ্ধে এবং নির্বাচন কমিশনের বিরুদ্ধে মামলা করুন।",angry,bn
বিজেপির প্রার্থীতার শক্তি নেই। তাই এই একটি অপূর্ণতা.,angry,bn
মহারাষ্ট্রে কি কোন কৃষিমন্ত্রী আছে????,angry,bn
"আপনার ক্লাইম্যাক্স.. এবং নীচে শীঘ্রই কাটা হবে, সাবধান..",angry,bn
কবে শেষ হবে... রাও একবার তাকে ডেকেছিল।,angry,bn
"আনুগত্য ডুবে যায়, মল ভেসে যায়",angry,bn
এই নকল কাঁচা বাদাম কোথায়...,angry,bn
এটা একটা অপমান ম্যাডাম...!! তোমার টুইট...!! অবিলম্বে ব্লক করুন...!!,angry,bn
"উভয়ের মধ্যে বিশ্বাসঘাতকতা আছে, পরবর্তী প্রজন্ম অবশ্যই লজ্জিত হবে।",angry,bn
"আরে, আপনিও কি মানুষের সাথে যোগ দিয়েছেন?",angry,bn
মোদির সব চোর ভাই বিদেশে স্বাচ্ছন্দ্য... চোর চোর কাজিন,angry,bn
যারা দেশকে অতল গহ্বরে নিয়ে যাচ্ছে তাদের ভোট বিজেপিকে ভোট।,angry,bn
বি গ্রেডের লোক দেখা শুরু করলে কী হবে?,angry,bn
মনে হচ্ছে মার ছাড়া এই মানুষগুলোর উন্নতি হবে না।,angry,bn
"ভাঙ্গার হল ভাঙ্গার, এটি মহারাষ্ট্রের একটি বড় পোকা।",angry,bn
"বন্ধ স্কুল খুলতে 'অফিস নাও, ছাগল দাও' আন্দোলন",angry,bn
"বাড়ি থেকে কাজ মানে, অফিসের কাজের পাশাপাশি ঘরের কাজ... বৈতাগাওয়াড়ি নুস্তি",angry,bn
"তয় বোকা, সে কি লেখে তা বোঝে না",angry,bn
ভারত এইসব পাগল সিনেমায় ভরপুর,angry,bn
যারা গণহত্যার ভাষা বলে তারা বলতে পারবে কেন গোয়ারী হত্যাযজ্ঞ চালানো হয়েছিল??????,angry,bn
এগুলো সবই আমেরিকার ভুয়া নম্বর,angry,bn
সিদ্ধান্ত নিলাম নেপালকে কোন মূল্য দেব না।,angry,bn
সে পরে তাইচির হাত ধরে ক্ষমা চায়...,angry,bn
এখানে আরেকটি আছে,angry,bn
শুধু মনে আছে আতশবাজি দূষণ ঘটায়।,angry,bn
আন্টি তোমার ভোদার শিশ্ন এত ছোট কেন..!!,angry,bn
সে বাড়িতে পরিবারের সাথে এমন নোংরা ভাষায় কথা বলে,angry,bn
শ্রী সত্যজিৎ কদমকে মনোনীত করা এবং তাকে একটি স্থায়ী বাড়ি দেওয়া... এটা কতটা উপযুক্ত স্যার...,angry,bn
বিশ্বাসঘাতকতা আপনার রক্তে মিশে আছে স্যার,angry,bn
মহারাষ্ট্রের বিশ্বাসঘাতককে বিজেপি ছাড়বে না,angry,bn
আর একজন ভবিষ্যত প্রধানমন্ত্রী পাওয়া গেল এবং মানুষ বেস শেআমের কথা ভুলে গেল।,angry,bn
এই অ্যাকাউন্টটিও সাসপেন্ড করা হবে...শেনালী,angry,bn
এই টুইটটি আগেও বাওয়ানকুলেনি দ্বারা টুইট করা হয়েছিল এবং তুমি হ্যায় এটি অনুলিপি করেছে।,angry,bn
বালা সাহেবের নাম ও ছবি ছাড়া আপনার কিছুই আসল না,angry,bn
আগামীর আরেক প্রধানমন্ত্রী...,angry,bn
"স্যার, পরিবারতন্ত্র বিজেপি, গোদি মিডিয়া, অন্ধ ভক্তদের ক্ষেত্রে প্রযোজ্য নয়",angry,bn
কি ভুল বললেন? আড়াই বছর কি ঘুমিয়ে ছিল?,angry,bn
আপনি যে এমএলএ হবেন না তা লিখে রাখুন,angry,bn
গুন্ডাদের সাথে রেলের খারাপ আচরণ... কম ট্রেন এবং অনিয়মিত সময়সূচী,angry,bn
যদি এর পূর্বপুরুষরা তাদের হাতের নখর ব্যবহার করে ঘুমিয়ে থাকতেন তবে এই সময় আসত না।,angry,bn
ওহ ভক্ত এবং এর সাথে বাজে কথার কোন সম্পর্ক নেই,angry,bn
আপনি একই মহাবিশ্বের অংশ,angry,bn
তুমি কি কিছু ফেলে দাও? সাংবাদিকতা করবেন? তাই আজতক বিট কেন?,angry,bn
মারাঠি মিডিয়া আসল মুখোশ দেখায়। দয়া করে এটা করবেন না,angry,bn
"এখন বুঝুন, তার নিজের দলই আপনাকে এই অবস্থায় ফেলেছে।",angry,bn
কেন তিনি বললেন শিন্দে বিশ্বাসঘাতক?,angry,bn
এটি একটি ত্রুটি হতে পরিণত,angry,bn
কেন সুসু তাই? তারা সেই একই গর্তের ছবি তুলছিল,angry,bn
পুরো বিশ্ব জানে আপনি বুড়ো আঙুলে ভালো,angry,bn
এখানে অনেক নকল হ্যান্ডেল 25-30% মারা গেছে... এবং ভবিষ্যতেও অনেক মারা যাবে..!!,angry,bn
আপনি যদি এমন অবস্থান নিচ্ছেন তাহলে আপনাকে সন্দেহ করছি ভাই,angry,bn
শিবায় ভক্ষণ করা অন্ধ ভক্তদের জন্মগত অধিকার।,angry,bn
দুর্নীতি কম,angry,bn
"মহারাষ্ট্রের জন্য একটি গুরুত্বপূর্ণ প্রকল্পের জন্য বিরতি প্রয়োজন কিন্তু একটি ব্যয়বহুল, অপ্রয়োজনীয় বুলেট ট্রেন",angry,bn
আপনি যখন শেষ করতে যাচ্ছিলেন তখন কেন আপনি এটির স্বাদ নিলেন?,angry,bn
"খুব...!!! তারা ধুলোর মত সমগ্র পরিবেশকে দূষিত করে, কোন সম্প্রীতি নেই..!!!",angry,bn
এরা বোকা আর নির্লজ্জ মানুষ!!!,angry,bn
"সরকার যাই করুক না কেন, কিছু মানুষ সন্তুষ্ট নয়! তার এমন নীতি!",angry,bn
প্রবোধনকার...বালাসাহেব...সবাই মেনে নিয়েছেন যে উবেম রাওয়ের নিজস্ব কোনো অস্তিত্ব ও নেতৃত্ব নেই!,angry,bn
এমন বেচারা সাংবাদিকতা করার চেয়ে ক্ষুধায় মরে যাওয়া ভালো।,angry,bn
উদ্ধবের রাজনৈতিক খেলা শেষ করার চুক্তি নিয়েছেন অসীম সরোদে এবং উলহাস বাপট।,angry,bn
অশিক্ষিতরা অশিক্ষিত,angry,bn
এটা আমাকে হাসায় যে আপনি কত একা হয়ে গেছেন।,angry,bn
"এটি মহারাষ্ট্র রাজ্য সরকার, ফড়নবিস সরকার, বিজেপি সরকারের সেরা কাজ.. ট্রোলিং...",angry,bn
"বিজেপিরও কেন্দ্রীয় স্বরাষ্ট্রমন্ত্রী এবং রাজ্যের স্বরাষ্ট্রমন্ত্রীর পদ রয়েছে, তাহলে তাদের নিষিদ্ধ করা হবে না কেন?",angry,bn
"উদ্ধব বিরল- অসহায়, অকেজো ও নির্লজ্জ",angry,bn
"তোমাকেও জেলে ঢোকাতে হবে, পাতিল নাম নিচ্ছে",angry,bn
এই এখানে ফোকাস করা যাক.,angry,bn
"তেল গেল, ঘি গেল, হাতি চুরি গেল।",angry,bn
"এই তো শুরু, এখন দেশদ্রোহীরা ধাক্কা পাবে",angry,bn
তবে মারাঠি শিল্পীরা চুপচাপ বসে আছেন। সুপারি সম্পর্কে কি?,angry,bn
এটা নিশ্চিত যে আপনার নীচে আগুন আছে। মশালের স্ফুলিঙ্গ দেখে।,angry,bn
মনে হচ্ছে তারা বিদ্রোহের মাধ্যমে তা পাবে না!,angry,bn
এটা বলতে দুঃখিত কিন্তু এই সৌরভ খুব অকেজো হয়ে উঠল।,angry,bn
"এ শ্যাম নয়, সে নপুংসকদের পিতা, সে প্রস্রাবের নালি।",angry,bn
এটা একটা ভালো ব্যাপার যে... তাদের কেউই হালকা মনের নয়...,angry,bn
তোমার মতো আন্নাজিও তাকে ঘেউ ঘেউ করতে ছেড়েছে।,angry,bn
"বাচ্চু কাদু, বাঙ্গার, সাওয়ান্ত, সুরভে, সারাভাঙ্করের দুষ্টুমি বাড়ছে। কেন এই হিন্দুত্ব?",angry,bn
"হ্যাঁ, তারা হিন্দু এবং তারা হিন্দু বিদ্বেষে পূর্ণ।",angry,bn
শিল্পপতিরা নিজেরাই বানরে পরিণত হয়েছে,angry,bn
রক্তের কালোবাজারি এখন এভাবেই খোলা।,angry,bn
কংগ্রেস এসেছে? তাহলে ছক্কিয়া নাচছেন কেন?,angry,bn
প্রথমত আপনি একজন বিশ্বাসঘাতক।,angry,bn
ধুংগান ডান্ডা কি সেই ভাষা আর কি শো অফ আর কিভাবে পালাতে হয়,angry,bn
"নারায়ণ রানে, কৃপাশঙ্কর সিং, প্রতাপ সারনায়েক, যশবন্ত যাদবের ফাইল কি হারিয়ে গেছে?",angry,bn
তাদের নিঃশ্বাসে কি দুর্গন্ধ হয়? ভুয়া রাজনীতিবিদ ও সাবের চালিত কর্মী,angry,bn
ভারত কবে ভাঙল নাকি ভারতকে এক করার আন্দোলন করছেন?,angry,bn
আপনি কি বাদাম?,angry,bn
আমি খাই না কিন্তু যারা খাচ্ছে তাদের বাধা দিই না।,angry,bn
গ্যাপ ইয়েডজভ্যা.... তোমার ভাবা উচিত মাঠে পুড়তে হবে কিন্তু তুমি তা করো না...।,angry,bn
আপনার ইগোর কারণে দলের নাম ও নির্বাচনী প্রতীক ধরে রাখতে পারেননি। আগে এটা নিয়ে ভাবুন।,angry,bn
আপনি একটি বাক্সের জন্য শিন্দে গ্রুপে গিয়েছিলেন..,angry,bn
"শেমন্যা, লেজ পুঁতে বসে আছিস কেন, এখন কথা বলো না।",angry,bn
"লটকে ম্যাডাম যদি বালা সাহেবের শিবসেনায় যোগ দেন, তাহলে কি দাস মানুষ তাকে দেশদ্রোহী বলবে?",angry,bn
এখন এটা বলা হবে না কারণ দেশে অর্থনৈতিক মন্দা দেখা দিয়েছে।,angry,bn
গর্তগুলি শুধুমাত্র জল সংগ্রহের জন্য তৈরি করা হয়। একটু ইতিবাচক হোন।,angry,bn
"আপনি কপর্দীর কথা বলছেন না, এখনো অপরাধীদের শাস্তি হয়নি।",angry,bn
কারণ আপনার মতো বধিররা এদেশের যুবক।,angry,bn
যদি কথা বলতেই হয় তাহলে ভাস্কর শেঠ কেন কথা বললেন... কি কথা বলতে হবে তা আপনি জানেন না,angry,bn
"বর্তমান নেতৃত্ব শুধু কুৎসিতই নয়, অন্ধ, বোবা, বধির ও পঙ্গুও বটে।",angry,bn
অর্থের লোভে মানব বলিদানের জন্য দুই মধ্যবয়সী নারীকে হত্যার চাঞ্চল্যকর ঘটনা প্রকাশ্যে এসেছে।,angry,bn
"তাই,, তোমার বাবার যা ছিনিয়ে নেওয়ার এই পাপের শাস্তি তুমি কোথায় দেবে?",angry,bn
রাহুল কি আমাদের দলে?,angry,bn
বালাসাহেব ঠাকরে কেন একনাথ শিন্ডেকে চড় মারলেন? চম্পাসিং পরিষ্কার বলেছে...,angry,bn
"ডলার শক্তিশালী না হলে, আপনার কোমর বড় হচ্ছে। তাই একা",angry,bn
"আপনি শুধু মুসলমানদের বসিয়ে দিন, বাকিটা মোদি করবেন মুদ্রাস্ফীতি কমানোর।",angry,bn
সব দল কেন? সাংবাদিকরা কি এখনও মনে করেন না যে বিজেপি নোংরা কাজ করেছে?,angry,bn
এবং তারা বলে যে আমরা বালা সাহেবের আদর্শে চলেছি। ক্ষমতা পাওয়ার সাথে সাথে ভুলে গেছে।,angry,bn
এটা আমাদের নেতাদের অকার্যকর হওয়ার ফল।,angry,bn
ওহ কাকা উরলা সুরলার দিন MNS কে,angry,bn
ইন্টারভিউ দেওয়ার সময় আপনি কি ঘুমিয়ে ছিলেন?,angry,bn
আপনি সফল হতে পারে! পুলিশ চড়া দামে টিকিট বিক্রি করেছে। সেখানে শুরু করুন।,angry,bn
"এই দলটি খুব ভাল রসিকতা করে, লোকে তাদের বোকা মনে করে এবং আন্টিও তাদের অন্ধ ভক্ত বলে।",angry,bn
"স্যার, আপনি এই পরীক্ষায় ফেল করবেন - নিবেদিত শিব সৈনিক।",angry,bn
নির্বাচন কমিশন সরকারের পুতুল এবং নিরপেক্ষ সিদ্ধান্ত দেয় না।,angry,bn
নিজের পক্ষে কথা বলতে পারছেন না বলেই কি ফড়নবীস শূকর তুলেছেন?,angry,bn
এই প্র্যাঙ্কগুলি আলোড়ন সৃষ্টি করেছিল,angry,bn
সে একজন ভিখারি.. কেউ না চাইলেও সে ভিক্ষা করছে। চাম্যা !,angry,bn
এবং কেন এই পোষা wallabies শিকারীদের সাহায্য না?,angry,bn
এটা বিশ্বাসঘাতকদের পরিণতি,angry,bn
আজ পর্যন্ত এই চা-বিস্কুট নির্বাচন কমিশনকে বিজেপির বি-টিম বলে প্রচার করা হয়েছে।,angry,bn
ভাল্লা ভাল্লা লা নাহি মিলা ও ইয়ে হ্যায় আনেন হ্যাঁ,angry,bn
"আজ ইংরেজিতে মারাঠি পুলকা নিয়ে আসা একটি চিঠি ভাইরাল হতে পারে, এটা কি মজার নয়?",angry,bn
বিদেশীদের জন্য প্রোগ্রামে অর্থ ব্যয় করা হয়েছিল।,angry,bn
"গ্রাম পঞ্চায়েত কোন দল নয়, এই তো আমাদের স্কুলে পড়ানো হয়েছিল, কোন স্কুলে পড়েছ?",angry,bn
মোদি ক্ষমতায় থাকায় তদন্ত হয়নি কেন?,angry,bn
"আর বলুন, আমি বালা সাহেবের একজন সত্যিকারের শিব সৈনিক এবং দীঘে সাহেবের শিষ্য! হাড় বিশ্বাসঘাতক",angry,bn
"ধীর ভক্ত তুমি কে? প্রতিবন্ধীরা বললেও জানবে না,",angry,bn
না...বিজেপির দাস বিশ্বাসঘাতক বাহিনীকে উপড়ে ফেলো,angry,bn
মূলে কেন উঠবে... থাকুক,angry,bn
এক ব্যক্তিকে তার নির্যাতনের অপরাধ ফিরিয়ে নিতে বাজেভাবে মারধর করা হয়,angry,bn
"ঢাল-তলোয়ার প্রতীক পেয়ে কী লাভ, প্রাণের আড়ালে লুকিয়ে থাকতে চান।",angry,bn
সে একজন বোকা যে তার বসের যত্ন নেয়।,angry,bn
তোমার পরাজয় রাহুল্যা যে তোমার উদ্ধবকে তীর থেকে মশালে যেতে হয়েছে।,angry,bn
পূর্ণিমা - যখন জালিয়াতি মাসের সেরা পুরস্কার পায়!,angry,bn
"সালিয়া, আপনি আমাদের কারণে জনপ্রতিনিধি হলে আমাদের কিছু যায় আসে না।",angry,bn
"তিনি কার বিরুদ্ধে লড়বেন...বালা সাহেবের শিবসেনার বিরুদ্ধে। বালা সাহেবের ভাবনা কখনো টিকেনি, এখন কি হারাবে বালা সাহেবের শিবসেনা?",angry,bn
ঢাল তরবারিরা সামনে থেকে লড়াই করে। সুরাট হয়ে গুয়াহাটি রাতের অন্ধকারে ছুটবেন না..!,angry,bn
"ভাটালকার যখন জিজ্ঞাসা করলেন কেন সেখানে কেউ নেই, তখন তার ভ্রুকুটি করার অভ্যাস হয়ে গেল।",angry,bn
কিছুক্ষণ পর ব্যথা শুরু হলে কাঁদবেন,angry,bn
"চতুরনও এলো, কথায় এত কৃপণ হও না রাও!",angry,bn
হিন্দিতে কি বলে জানি না...,angry,bn
"বাক্স কেনার ইচ্ছা ছেড়ে দিয়েছ, চুলকানি কবে যাবে?",angry,bn
"ফড়নবীসও ঘামতে শুরু করলেন, সুস্থ হলেন",angry,bn
"ভালো হওয়া উচিত, দুর্ভাগ্যবশত অন্ধ ভক্তের জাত খারাপ।",angry,bn
সমর্থও একটা কুসংস্কার,angry,bn
এটা খুব বেশী মনে হচ্ছে. এ ধরনের বক্তব্য দিয়ে তারা নিজেদের ক্ষতি করে,angry,bn
"চাবি দেওয়া হল, কিছু কথা বলবে, কথা বলার পুতুল ছাড়া আর কিছুই নয়।",angry,bn
এখন আপনি ঠাকরেকে বালা সাহেবের সামনেও দাঁড় করাতে পারবেন না।,angry,bn
"মনে হচ্ছে এই রানা হাওলা ব্যবসা করে, তদন্ত হওয়া উচিত।",angry,bn
"'পার্লামেন্ট যে আমরা পাইনি তা নয়, কিন্তু আমাদের প্রাপ্য নেই' কথাটি আরও প্রাসঙ্গিক।",angry,bn
"এটা শীঘ্রই অপসারণ করা উচিত, এটি খুব নোংরা।",angry,bn
তিনি বালা সাহেবের সৈনিক। আপনি কি মোদীভক্ত ছিলেন?,angry,bn
মেহবুবা মুফতি কি আপনার বোন?,angry,bn
সাংসদরা যারা রসিকতার পাত্র...মানুষ তাদের মুখে হাসি,angry,bn
জনগণ যখন কোনো সংকটের মুখোমুখি হয় তখন বিজেপি কীভাবে তার দায় এড়ায় তার আরেকটি উদাহরণ এটি।,angry,bn
মহারাষ্ট্রের দুষ্ট সরকার গুজরাটের জন্য কাজ করছে,angry,bn
"তিনি এই বিষয়ে সচেতন নন, তাই তিনি মহারাষ্ট্রে ক্ষমতার লড়াইয়ে তারিখের পর তারিখ দিচ্ছেন।",angry,bn
আপনি সেখানেও কিছু পাবেন না...কারণ ক্ষমতা,angry,bn
"লবণের জন্য যে জেগে ওঠে তা নয়, জাত কোথা থেকে জাগবে।",angry,bn
সে কি বলে যে সে জানে না হেক্টর মানে কি?,angry,bn
মনে আছে?...বলে যে শাসন আর বোকাদের হাতে নেই..,angry,bn
এখন আপনারা যারা নকশাল তাদের সমর্থনও পাবেন কারণ আমাদের অস্তিত্ব শেষ হয়ে গেছে।,angry,bn
বালাসাহেব শ্রদ্ধেয় নন মানে?,angry,bn
"আপনার কাঁধে বসুন, শাহ, মোদী, এই কি একনায়কত্ব, রম্যা?",angry,bn
অনেক শিব সৈনিক শিবসেনায় ছিলেন এবং আপনার মতো বিশ্বাসঘাতক কখনও দেখেননি।,angry,bn
যারা অখন্ড ভারতের কথা বলে তারা কি কখনো কোনো স্লোগান দিয়েছে?,angry,bn
তাকে উন্মুক্ত করে মারধর করা উচিত কারণ সে একজন মানুষ।',angry,bn
বলখ বাহিনী বালা সাহেবের নাম নিয়ে মজা করে,angry,bn
"শিবতীর্থে দশেরা জমায়েতের অনুমতি দেওয়ায় কেশবকে খুব ভালো লাগছে, আগুন জ্বলবে...",angry,bn
"এর আগে যখন স্থানীয় নির্বাচন হয়েছে, তখন চিঠি লেখার কথা ভাবলেন না কেন?",angry,bn
এই সাধারণ জ্ঞান শুধুমাত্র তারাই পেতে পারে যারা বিজ্ঞানের ইতিহাস পরীক্ষায় উত্তর দেয়,angry,bn
"আপনি একটি ছুরির পরিবর্তে একটি তলোয়ার ব্যবহার করবেন, কিন্তু শুধুমাত্র পিঠে।",angry,bn
"ভারতে অবস্থান করে পাকিস্তান জিন্দাবাদ স্লোগান দেওয়া অগ্রহণযোগ্য, এমন লোকদের কঠোর শাস্তি দেওয়া উচিত।",angry,bn
কেন মারাঠির বদলে হিন্দি বলছেন মুখ্যমন্ত্রী? উত্তর,angry,bn
"ধন্য সেই চাটুকারিতা, যেখানে দেশের মর্যাদার চেয়ে ব্যক্তির ইবাদত বড় হয়ে যায়।",angry,bn
ভাটখালকারের মতো এমন অভদ্র রাস্তার অর্চিন দেখিনি।,angry,bn
"উশিবসেনা এবং শিবসেনা এটাকে পছন্দ করে, যা অনেক কারসাজি করে!!",angry,bn
"যেমন দৃষ্টি, তেমনি দৃশ্য। বিজেপি বিরোধিতার জন্ডিসের কারণে সব কিছু হলুদ দেখাচ্ছে",angry,bn
এটা কি ইয়েদা?,angry,bn
আপনি কি সত্যিই আপনার ভারসাম্য রক্ষাকারী সেনাবাহিনীর আলস্যকে এটি শিখিয়েছেন?,angry,bn
আর বিজেপিকে ভোট মানে দেশকে যিনি বিক্রি করেছেন তাকে ভোট!,angry,bn
"""কোন 'স্পাইডারম্যান' তারা?"", নানা পাটোলে উপ-মুখ্যমন্ত্রী ফড়নবিসকে কটাক্ষ করেন; বলেন, ""দুজনের মধ্যে বিবাদে...""",angry,bn
সে কী নকল মানুষ... তার সত্যিকারের স্কুলে যাওয়া উচিত...,angry,bn
আপনি যখন টুইট করেছিলেন তখন আমাদেরকে এখন কতক্ষণ অপেক্ষা করতে হবে তা আপনি আমার কাছে রাখেননি কেন?,angry,bn
সুতরাং আপনি সম্মত হন যে মূর্তিপূজা বোকামি,angry,bn
পালকুটদের ঢাল ও তলোয়ার। এটা কি শক্তিশালী মাওয়ালদের ঘোরতর অপমান?,angry,bn
"দেখুন কে এখন প্রতারিত হয়? হাড় নিয়ে দুশ্চিন্তা, পরে আর পাবেন না",angry,bn
এনসিপির এই পোকারা জাতপাত ছাড়া কিছুই করতে পারে না,angry,bn
"শিবসেনা প্রধান বলেছিলেন, শারদ পাওয়ার ডাকাতদের পিতা।",angry,bn
চোরকে এমন মুরগি দিলে যা হয়,angry,bn
এই মুহূর্তে যে নির্বাচন হচ্ছে তা লজ্জাজনক,angry,bn
এই জারজ কখনো ভালো হবে না,angry,bn
এই সরকার হাতের কাজ বলেই এদেশে এসব চলছে।,angry,bn
"ভাচলভীর উত্তর: মূল্যস্ফীতি কেন বেড়েছে, রুপির দাম কেন কমছে? বেকারত্ব কতটা বেড়েছে?",angry,bn
"ঠিক আছে, আপনার মহিলা মোর্চা ইচ্ছাকৃতভাবে সেখানে সমাজকল্যাণমূলক অনুষ্ঠান করছিল",angry,bn
গুজরাটি গালি দেওয়া এবং ভোটের জন্য গুজরাটি ভাষায় প্রচার করা কতটা ভণ্ডামি?,angry,bn
কিন্তু পাকিস্তানের জাতীয় ভাষায় কথা বলছেন কেন?,angry,bn
বিধায়করা সেখান থেকে এসেছেন এবং মুম্বাই আসবেন.... ঔরঙ্গাবাদে কি এত ভালো হাসপাতাল নেই...?,angry,bn
আপনি সাংবাদিক এটা আপনার ভ্রম।,angry,bn
"একজন কোঙ্কনি মানুষ মানসিক বিশ্বাসঘাতকতা সহ্য করতে পারে না, সে কি এটা সহ্য করবে?",angry,bn
ফৈজাবাদ নির্লজ্জ উচ্চাকাঙ্ক্ষার প্রতীক...দানব প্রকৃতির।,angry,bn
এবার লেডি কার্ড খেলার পালা,angry,bn
কাজ না পেলে ফালতু বক্তব্য দিয়ে খবরে থাকতে পারেন।,angry,bn
একবার তিনি পাটোলায় গিয়ে বিধান পরিষদকে বিনা প্রতিদ্বন্দ্বিতায় করতে কারও পায়ে পড়েছিলেন,angry,bn
"কি চাও বলো, এটা কি ভাদাপাভ গাড়ি?",angry,bn
এগুলো সত্যিই খালি,angry,bn
শারদ সেনের ইতিহাস ও ভূগোল দুটোই কাঁচা।,angry,bn
হাজার হাজার মানুষ যারা শশী থারুরকে ভোট দিয়েছে তাদের কি দেশদ্রোহী বলা উচিত?,angry,bn
মারাঠি মনের বাহনের শক্তি নেই বলে তুমি এসেছ।,angry,bn
বন্ধুদের ঋণ মওকুফ করা দেশ ও মানুষের সাথে বিশ্বাসঘাতকতা।,angry,bn
"সাহস থাকলে নির্বাচন করে দেখান, আপনার রাষ্ট্রপতি শুধুই পুতুল।",angry,bn
এই ছায়ার বাবা মন্দিরের সামনে ফুলের মালা বিক্রি করতেন। এটা ভুলে গেছি,angry,bn
প্রতারক আনাজি পন্তের ষড়যন্ত্র,angry,bn
এটাও আপনার মতই একটা খুব বোকা এবং শিশুসুলভ যুক্তি,angry,bn
সেখানে তিনি আবা পাতিলের সাথে দেখা করেন এবং একটি মারাঠা সম্প্রদায়কে চূর্ণ করেন,angry,bn
"না, মারাঠি সফিস্টদের অবশ্যই MHADA-তে ফ্ল্যাট দেওয়া হবে",angry,bn
কথোপকথন সাধারণ জ্ঞান সম্পর্কে নয় এবং এখানে বসে বিড়বিড় করছে,angry,bn
বি.শ্রীরামের কি মনে করা উচিত যে যারা কাজ চায় তারা ভিক্ষুক?,angry,bn
মোদির রাজ্যে এই ধরনের খরচ বহন করা সম্ভব নয়,angry,bn
"আজও কোথাও থেকে শুনেছি, লাফিয়ে উঠলাম কেন?",angry,bn
এবং বিশ্বাসঘাতকতার জন্য আপনাকে ধন্যবাদ!!!!!,angry,bn
উদ্ধতরাও এখন নিজের বাবার দল পোড়ানোর মশাল হাতে নিয়েছেন।,angry,bn
শ্রীখণ্ড কি তার নিজের নাকি চুরি হয়ে গেছে। বিশ্বাসঘাতক দ্বারা,angry,bn
আপনার মতামতের কোন মূল্য নেই... আপনি এটার যোগ্য নন..,angry,bn
"সাহেবের এমন ছবি পোস্ট করবেন না, ওকরি মনে হচ্ছে।",angry,bn
বাড্ডালা হলে বোকান্দি নিতেন?,angry,bn
"আরে রাজ ঠাকরে, তোমার এই তোতাকে শান্ত কর।",angry,bn
পায়ের নিচ থেকে বালি সরে গেছে তাই আর কিছু নড়ছে না,angry,bn
আম্বেদকর হলেন একজন সাধারণ মানুষ যিনি শিরোনামে থাকার জন্য যেকোনো কিছু করেন।,angry,bn
"তিনি দেশে একটাই কর্মসূচী চালাচ্ছেন, ধর্ম বানান আর মানুষ করুন।",angry,bn
কেউ কেউ হা হা হাও দেখায়,angry,bn
নির্বাচনে জনগণকে বোকা বানানোর জন্য এটি অবশ্যই একটি গুরুত্বপূর্ণ ইস্যু হতে পারে।,angry,bn
"আদি একনাথ শিন্ডে, ফড়নবিস, নারায়ণ রানে, রাজ ঠাকরে, কিরীট সোমাইয়া, শাহ এবং নাড্ডার তদন্ত হওয়া উচিত।",angry,bn
এই আমকে কেউ পচা বলে মনে করে না। তাকে এটা করতে দাও.,angry,bn
আদিত্য সাহেব যুবসেনা গড়ে তুলেছেন...আপনার অধিকার কী?,angry,bn
এই মানুষগুলো কি পাগল?,angry,bn
"Adz.. আগে রাস্তার কাজ করো, এখানে কুকুর ক্ষুধার্ত কেন?",angry,bn
যারা স্কুল বন্ধ করার সিদ্ধান্ত নিয়েছে..তাদের কুশপুত্তলিকা পোড়াও বন্ধুরা..,angry,bn
"ডাইরেক্ট অফার লেটার, এটা একটা কেলেঙ্কারী হে বাবা",angry,bn
ডালডা আপনার জন্য পাঠানো হয়েছে এবং আপনাকে হত্যা করতে চায়।,angry,bn
আর কিছু লোক এমন লোকদের সমর্থন করছিল,angry,bn
"টুইটের যুক্তি কী, এটা এমনই অকেজো যুক্তি যে আপনি না হেসেও পারবেন না।",angry,bn
"স্যার, আপনার কর্তব্য কী এবং আপনি কার কথা বলছেন সে বিষয়ে সচেতন থাকুন",angry,bn
"এই হল নিষ্ঠুরতার উচ্চতা, মহান শক্তিরা একজন বিধবা মহিলাকে ভয় পায়।",angry,bn
"টুপি কালো, হৃদয়ও কালো!",angry,bn
আমিও একজন ..যে খারাপ!!,angry,bn
বিধানসভা নির্বাচনের সময় তাঁর বাড়িতে প্রথম আগুন লাগবে।,angry,bn
দেশে বেকারত্ব নেই এটা ঠিক কিন্তু গরীব বেড়েছে।,angry,bn
অন্ধ ভক্ত হওয়ার জন্য এই প্যাটার্ন বাধ্যতামূলক,angry,bn
এই জারজ সবাইকে চেক করেছে!,angry,bn
"মনে হচ্ছে দিল্লীর ওয়ারীতে এটা পুরোপুরি পাকা, আদালত খুব ভুল সিদ্ধান্ত নিয়েছে।",angry,bn
আপনার কারণে MNS কোথায় পিছিয়ে আছে জেনে খুশি হলাম,angry,bn
আপনি অন্য দিক থেকে যা শুনতে চান তা পাওয়ার জন্য একটি মরিয়া প্রচেষ্টা,angry,bn
তুমি... দেখো কেন এটা যাবে নাহলে তোমাকে বোমাবর্ষণ করা হবে।,angry,bn
"উন্নয়নের নামে স্মার্ট সিটি, জনগণের সঙ্গে প্রতারণা ও রাজনীতিবিদদের সম্পদ লুটপাট দেখা যাচ্ছে।",angry,bn
কেন শুধু আপনার কর্মীদের বিনোদনের জন্য ডিজাইন করা একটি পরিকল্পনা চালিয়ে যান?,angry,bn
লাই রঙিন মানুষ,angry,bn
"তার ডিগ্রীও জাল, ভোসলে উপাধিও জাল।",angry,bn
একটা ভালো কাজ করা উচিত ছিল...,angry,bn
ইয়েদজেভের মুখপাত্র ড,angry,bn
এই বিক্ষিপ্ত মেঘ কবে বিচ্ছুরিত হবে??,angry,bn
তারা সর্বত্র যৌনসঙ্গম গাধা কাছাকাছি যান,angry,bn
"মশাল জ্বালান কারণ উদ্ধবের ভাগ্য কী, তার ভিতরে হিন্দুবিরোধী অন্ধকার ছড়িয়ে পড়েছে।",angry,bn
ভাস্কর যাদবকে গ্রেফতার করে জেলে ঢোকানো উচিত,angry,bn
চারটি প্রতিষ্ঠিত দলই এই ম্যাডামের জন্য দায়ী,angry,bn
তারা গোবর খেয়েছে বলে আপনি কি একধাপ এগিয়ে যাবেন?,angry,bn
"| আরিয়ান খানের তদন্তে অনেক ভুল, কর্মকর্তাদের বিরুদ্ধে ব্যবস্থা নেওয়া হবে",angry,bn
আর এই চিনি শিল্পকে ধ্বংস করতে আপনার পরাশক্তি দানব!,angry,bn
কেউ কেউ খ্যাতির জন্য যে কোনো সীমা পর্যন্ত চলে যান। এটি মানসিক ব্যাধির লক্ষণ,angry,bn
বিজেপির দালালি করে,angry,bn
"ষড়যন্ত্রমূলক সাব এবং চুক্তিভিত্তিক ছায়া একসাথে সবকিছু দখল করে নিচ্ছে, এই বাসলেট সাংকেম!",angry,bn
লটকে আদালতে গেলে কি ঘুমিয়ে ছিলেন? তখন সংস্কৃতি কোথায় ছিল?,angry,bn
"আপনি যে একজন নেতা তাতে কোনো সন্দেহ নেই, এমনকি শিশুদেরও এমন শিশুসুলভ বুদ্ধি নেই।",angry,bn
চিন্তার নিম্ন স্তরের দিকে তাকান। এ ধরনের বিকৃত মানসিকতা সমাজের জন্য খুবই বিপজ্জনক।,angry,bn
প্রথমে অন্য ধর্মের অনুষ্ঠানে যাবেন কেন? আমরা কি মসজিদে আসি?,angry,bn
আরে দুশ্চরিত্রা... তুমি কি কথা বলছ?,angry,bn
এটাই সবচেয়ে বড় দুর্নীতি... জেগে থাক অন্ধ ভক্ত...,angry,bn
আপনার কাপড় নোংরা হলে আপনি কেন অন্যের কাপড় ধুতে যান?,angry,bn
"এমন লোকের কারণেই দেশের ঐক্য বিনষ্ট হচ্ছে, তাদের বিরুদ্ধে কঠোর ব্যবস্থা নেওয়া উচিত!",angry,bn
"কি ব্যাপার, কমলিকে বোকা বানানোর চেষ্টা করছিস? মারাঠি (? ) অর্ণু।",angry,bn
"দত্তোবা, তোমার অর্থনীতির জ্ঞানে আলো ফেলো না কেন, অন্ধকার একটু বেড়েছে",angry,bn
বালাসাহেব থোরাটের শিবসেনা কেন? বাবার নাম বলতে কি সে লজ্জা পেল?,angry,bn
মন্দিরের বাইরে ভিক্ষা করার এত স্বাধীনতা...,angry,bn
কি লজ্জা। কিছু সীমাবদ্ধতা,angry,bn
আর এসব মাদক কারো বন্দরে অবতরণ করে,angry,bn
তুমি পাকিস্তানি...আমাদের দিকে আঙুল তুলছ কেন?,angry,bn
এটা বিকৃতি এবং অজ্ঞ ভক্তরা এটা পছন্দ করে,angry,bn
এটা বিশ্বাসঘাতকদের মুখে শোভা পায় না,angry,bn
এই বাড়ির ছেলেমেয়েরা শ্বশুর বাড়িতে গেলে কি গর্ববোধ করে? এটা সব নারীর অপমান।,angry,bn
তাদের অবশ্যই মারধর করা হবে। কিন্তু কেন কিছু লোক এটি সম্পর্কে কথা বলছে না?,angry,bn
তুমি কি এখনো ঘুমাওনি?,angry,bn
মারাঠওয়াড়া বিশ্ববিদ্যালয়ে এই অপচয়ের বিষয়ে কেউ কি দৃঢ় পদক্ষেপ নেবে? হ্যাঁ। হ্যাঁ।,angry,bn
এর কারণ আপনার মধ্যে সাধারণ জ্ঞানের গুণ নেই। টাকায় একটি টুইট করতে হবে।,angry,bn
আপনি কি কিছু আলো জ্বালাবেন এবং আগামী দুই বছর শুধু ঠাকরের নাম জপ করবেন?,angry,bn
"""উদ্ধব ঠাকরে হতাশ, অকার্যকর, অহংকারী"" বিজেপি বিধায়ককে কটাক্ষ করেছেন; বলেছেন, ""যারা ঘরে বসে আছেন তাদের জন্য...""",angry,bn
দেওয়াজা শরীফের খাওয়া বিরিয়ানির হাড়ি চিবাতে গিয়েছিলেন কেউ।,angry,bn
!! নাকি গণতন্ত্রের নাম বদলে বংশানুক্রমিক!,angry,bn
"আজি ভক্তদের জীবন নষ্ট করে দিয়েছে। অতএব, অন্যরা নির্যাতিত বোধ করবে।",angry,bn
ভারতকে ভয় পায় এমন সব বখাটেদের দেশপ্রেম দেখাতে হবে।,angry,bn
শুধু কমাবেন.. ছাত্রের নাম নিয়ে টাকা আদায় করবেন কেন?,angry,bn
শেমবাদ পোরাগ সাঙ্গেল যার শিল্প,angry,bn
"সংক্ষেপে, এটি একটি খুব কম হ্যান্ডেল।",angry,bn
তারা কি পিন্ট্যাকে ছোট গদা দিয়ে সম্মান করছে নাকি তাকে উত্যক্ত করছে..!!,angry,bn
এর মানে ভারতে বেকারত্ব নয় কিন্তু ভারতীয়রা বেকার।,angry,bn
ভারী বৃষ্টির কারণে পুনেতে পুনে পৌরসভা কী ধরনের বাতি বসিয়েছে তা থেকে অনুমান করা যায় - অজিত পাওয়ার,angry,bn
আপনি কি ইয়েদাজাভ্যা জওয়ানার সাথে যাওয়ার যোগ্য?,angry,bn
সরকারের এই স্বেচ্ছাচারিতা চলছে,angry,bn
দেবেন্দ্রজীর পথ অনুসরণ করলে শুনবেন এই কথা!!,angry,bn
"লোভ থাকবে, ধ্বংসও হবে",angry,bn
জ্ঞানের দেবীকে ঘৃণা কেন? তাই দেবী সরস্বতী রাজনীতিবিদদের খুশি করেন না।,angry,bn
ব্যথা এতটাই তীব্র যে তা মাথার দিকে চলে যায়।,angry,bn
আর এই ভিক্ষুকরা একজন মহিলার উপনির্বাচন প্রত্যাহার করে নিচ্ছে..অযোধ্যাজি।,angry,bn
রাত্তে তোমাকে চেয়েছিল,angry,bn
অন্য কোন নাম প্রস্তাবিত? কেন আফজাল খান?,angry,bn
এমন ব্যক্তির আচরণ একটি ঘেউ ঘেউ করা কুকুরের চেয়ে কম মূল্যবান।,angry,bn
"যেখানে বিজেপি আছে, সেখানে ভাটোলে নিশ্চিত।",angry,bn
"দেশে বেকারত্ব নেই, অল্পবয়সী ছেলে-মেয়েরা শিক্ষা অর্জনে ব্যর্থ হচ্ছে।",angry,bn
"দত্ত, তুমি কি জানো যে ব্রহ্মা সরস্বতীকে ধর্ষণ করেছিলেন",angry,bn
দাবি করার পরও তারা পরিদর্শনে আসেন না,angry,bn
"কমরেড, লিম্ব্রান্দু, ধর্মনিরপেক্ষ, নীল, সবুজ সবাই সক্রিয়.. নিশ্চয়ই এটি আধারবাদের একটি সুপরিকল্পিত পরিকল্পনা… নানা, নারকে, সংগ্রাম, ছাতি কালওয়ালা, এবং আরও অনেক কিছু??????",angry,bn
"আপনি এই কথা বলেন, লোকে আপনাকে জায়গা দেখানোর জন্য অপেক্ষা করছে",angry,bn
"মূল্যস্ফীতি দ্বিগুণ, বেকারত্ব দ্বিগুণ... এই নতুন ভারতে পেট্রোল ডিজেল তিনগুণ...",angry,bn
"আরে, বারামতীর পায়ের পাতা চাটতে কত লাগে?",angry,bn
"বাড়িটা যেহেতু বুধোয়ার পেঠে, যে ওখানে যাবে সেও দেখবে",angry,bn
দেবেন্দ্র ফড়নবিসকে অকেজো বলাই ভালো।,angry,bn
তোমার বাবার কয়টা মোরগ আছে?,angry,bn
এখন প্রত্যেকের উচিত ভারতের উদাহরণ হিসেবে প্রশংসা করা...এটাই থাকবে...,angry,bn
স্বামীর মাথা ছেড়ে অন্য কিছু খাও...,angry,bn
পিএফআই-এর বিরুদ্ধে দেশবিরোধী কার্যকলাপের বিরুদ্ধে ষড়যন্ত্রের অভিযোগ উঠেছে।,angry,bn
"আপনার পেটে শূল কেন, কী করবেন?",angry,bn
ময়লা নিয়ে ঘেউ ঘেউ করে কেউ কি করে উপভোগ করতে পারে বুঝতে পারছি না।,angry,bn
"বিজেপির বখাটেরা এটা করতে পারে, পাটলযন্ত্রী",angry,bn
এভাবে লিখে বা কথা বলে আপনি শুধু সহানুভূতি প্রকাশ করছেন আর কিছু নয়।,angry,bn
বালা সাহেবের শিবসেনা কোথায় তা আপনার মতো অন্ধ ভক্তরা ছাড়া সবাই জানে।,angry,bn
না স্যার আপনার বক্তব্য খুবই ভুল,angry,bn
"আরে, করোনায় মারা গেলে ভালো হতো... এই প্রশ্ন কেউ করে না",angry,bn
নির্বাচনে প্রতীক হিসেবে তলোয়ার ব্যবহার হবে কেন?,angry,bn
"তাই এটা বাস্তব, নারীদের ট্রোল করে পুরুষত্ব দেখানো।",angry,bn
বালাসাহেব ঠাকরের সঙ্গে বিশ্বাসঘাতকদের কোনো সম্পর্ক নেই।,angry,bn
"এ সব সত্য, কিন্তু বিশ্বাসঘাতক খুনির দাগ মুছে দেবে কী করে?",angry,bn
আপনি পালিয়ে গিয়েছিলেন কারণ আপনার প্রার্থী এত জেদী ছিল যে সে বিস্ফোরিত হবে,angry,bn
উত্তর একটি অপমান,angry,bn
প্রশান্ত চুপচাপ চাটতে দেয়,angry,bn
"প্রতিবাদ, রাউত সাহেবের ছবি নয় কেন...?",angry,bn
এই থুথু সেবা কোথা থেকে এসেছে?,angry,bn
বিজেপি জানে না দেশে তার অবদান কী...,angry,bn
বিজেপিকে ভোট দুর্নীতির জন্য ভোট।,angry,bn
আর শিব সৈনিকদের ভাষায় মহারাষ্ট্র একটি কম্পোস্টেড মহাচুটিয়া।,angry,bn
যে চম্পার রাজস্ব মন্ত্রী হওয়ার স্বপ্ন দেখছিলেন তার মুখে গোবর ছুঁড়ে দিলেন ফড়নবীস।,angry,bn
লটকে মনোনয়নের পাশাপাশি পদত্যাগের হুমকির মুখে পড়েছেন।,angry,bn
আমি আপনাকে মিস করছি স্যার. এই বিশ্বাসঘাতকদের পূর্ণ জবাব দিতে হবে এবং বিনিময় দিতে হবে।,angry,bn
"সবকিছুই যদি প্রতারণা হয় তাহলে মুখ্যমন্ত্রী কোথায়, তার মাথা নাড়ানোর কী দরকার।",angry,bn
"""সহানুভূতি, চোখে জল,"" রাজ ঠাকরের উদ্ধব ঠাকরের তীব্র সমালোচনা; বলল ""যেকোনো তরঙ্গ...""",angry,bn
রাও চ্যানেলের জন্য টায়ার মেরেছে...এটা চ্যানেলের জন্যও মূল্যবান নয়,angry,bn
"আমার মনে হয় দালাল, টাকা দেখেছেন?",angry,bn
মানুষের কি ধরনের মানসিকতা আছে?,angry,bn
ভালোবাসা হলো... ঘরে বসে অন্যের জন্য মরে যাওয়া... ওকরার কী দরকার...,angry,bn
"ভোসারীতে যাও... সব দুর্নীতিবাজ ও অত্যাচারীরা দখল করে নিয়েছে এবং মরীচিকা চলছে... ফেকু-তডিপার দল ""খাজাপ""।",angry,bn
এই সংস্কৃতি আমাদের জেলায় ভুলে গেছে... দেগলুর নান্দেদ। এই বিজেপির লোকেরা,angry,bn
আপনি যদি সঠিকভাবে ব্রাশ না করেন তবে আপনি এটির জন্য ট্যাগ হয়ে যাবেন,angry,bn
এটি মানুষের দ্বারা তৈরি এবং এর মূল মানুষকে ভোগ করতে হয়। সেবকদের চাকরের মতো আচরণ করতে হবে।,angry,bn
এটা সব ভাইদের করতে হবে,angry,bn
আমাকে বাংলোতে নিয়ে গেলে কি ঠিক হবে?,angry,bn
মুরগি চোরের গাড়ি মুরজি প্যাটেলের ফর্ম পূরণ করতে গিয়েছিল।,angry,bn
শুধু কর্মসংস্থানের ফাঁকা প্রতিশ্রুতি... সরকার শুধুই স্লোগানের বাজার... লাখো শিশুর ভবিষ্যৎ নিয়ে খেলা...,angry,bn
"হ্যাঁ, দাদা বাবা চোর, এই বিশ্বাসঘাতক",angry,bn
হাততালি দিতে আসা মহিলার কাছ থেকে হাই হাই,angry,bn
"হ্যাঁ, যারা বিশ্বাস করেন... জনগণ দেখছে ভদ্রলোককে হয়রানি করা হচ্ছে।",angry,bn
"খোদ বিধানসভা ভেঙে যেতে চলেছে, চুটিয়া কুটলা কি পদত্যাগ করবেন?",angry,bn
"ভালো লিখেছেন, এটা সহানুভূতি ভোটের নাটক মাত্র।",angry,bn
ওই ম্যাডাম পেঁয়াজ খায় না তাই তার মাথা আলু ভর্তি...মনে হয়,angry,bn
মিডিয়া বিধবা বিলাপ করে যে রাজস্থান ছিল কংগ্রেস শাসিত রাজ্য,angry,bn
এই অন্ধকারে ভক্তদের তীর মারতে হবে,angry,bn
আমিও এটা করেছি + আমি নিজেই রিমোট ভেঙ্গেছি..,angry,bn
"আপনি যাই বলুন না কেন, বিজেপি দখল হয়ে যাবে।",angry,bn
কেন তাদের নিজেদের গ্রাম থেকে বের করে দেওয়াই ভালো...পরের বার বিধায়করাও যাবেন...,angry,bn
"কংগ্রেসের নতুন সভাপতি মল্লিকার্জুর 'এই' রোগ, এতটাই ব্যাথা যে অস্ত্রোপচারের বিকল্প নেই!",angry,bn
আমি কখনই এই রাজ ঠাকরেকে পছন্দ করিনি যিনি সর্বদা বিভ্রান্তিতে ছিলেন।,angry,bn
"সাধারণ জ্ঞানের সাথে সেরা উদারপন্থীরা আইসক্রিম এবং টর্চের মধ্যে পার্থক্য বুঝতে পারে না, এমনকি একটি বড়ও।",angry,bn
কেশা শেঠ এবং এটা বাড়ছে... আপনি মেহবুবা মুফতিকেও চাটলেন!,angry,bn
"কৌশল ইনামদার, মোহিত কুম্ভোজ, সদানন্দ, রাষ্ট্রভক্ত কাকা প্রমুখের পরে তিনি সেলিব্রিটি হয়ে ওঠেন।",angry,bn
রাজনৈতিক বিশেষজ্ঞদের এই অবস্থা?,angry,bn
এটা একটা ভালো আরোহণ.. তুমি কি দেশটাকে মেরেছ?,angry,bn
বাপু মাঝে মাঝে ভুলে যান তিনি পাঁচশ ভোটে নির্বাচিত হয়েছিলেন,angry,bn
কাশি এবং কাশি যখন আপনার ডায়রিয়া হয়... আপনি কি শ্বাসকষ্ট অনুভব করবেন?,angry,bn
এটি একটি বাসি বক্তব্য এবং মাতা এটিকে খুব বেশি কষ্ট দিচ্ছে।,angry,bn
"আমাদের লজ্জা আমরা দেখব, এই কথা বলার জন্য তোমার মত বিশ্বাসঘাতকের দরকার নেই।",angry,bn
"এটা সত্য, স্ক্যামারদের দ্বারা প্রতারিত হবেন না",angry,bn
সোশ্যাল মিডিয়ায় প্রতিটি নবজাতকের লক্ষ্য চিবসৈনিক চিভ চিভ চিভ...!,angry,bn
মনে রাখবেন আপনি ইতিমধ্যে পুরস্কার পেয়েছেন। এখন কথা বলার সময় বিনয়ী হোন। ভন্ডামি বন্ধ কর,angry,bn
মানুষ ভালো করেই বুঝেছে দু-চারটা ভাদা পাভ মানেই মানুষ ব্লকমাস্টার হয়ে যায় না।,angry,bn
"পন্ধরপুরের সময়, এক ব্যক্তি সমর্থন চাইতে নাক ঘষতে গিয়েছিলেন।",angry,bn
"তাই আমি কমলিকে বকাঝকা করি, আমরা সবাই তোর মতো নিচু মানুষ।",angry,bn
"ঠাণ্ডা মাথায় শুয়ে আছে এই মহিলা, এই মুহূর্তে তার স্বাস্থ্য খারাপ হচ্ছে",angry,bn
উদ্ধব ঠাকরে খারাপ প্রকৃতির ব্যক্তিত্ব,angry,bn
MNS হল ভোটারবিহীন বাহিনী,angry,bn
"বিশ্বাসঘাতকদের লুট লুটতে বোরখা রেডি রাখো, চোর বাবা",angry,bn
"যেহেতু হনুমান চালিসার বিরোধিতা করছিলেন, তাই ভগবান রাম অবশেষে ধনুক ও তীর ছিনিয়ে নেন।",angry,bn
ছত্রপতি শিবাজী মহারাজ ও বালাসাহেবকে এসব ভাড়া দিয়ে বাজারজাত করা হয়েছে।,angry,bn
আপনি কি বিশ্বাসঘাতকতা করেছেন কারণ উদ্ধব সাহেব আপনাকে আপনার অধিকারের চেয়ে বেশি দিয়েছেন?,angry,bn
পুনেতে কি রাস্তা আছে?,angry,bn
"হ্যাঁ, আপনি যেন মানুষকে আরামে বাঁচতে দিচ্ছেন, মনে হচ্ছে মুদ্রাস্ফীতি দেখা যাচ্ছে না।",angry,bn
চাল চোর হলে ছাইবা কি করবে? মিয়া খলিফা কারাগারে ভালো আছেন,angry,bn
আপনি সর্বদা তাদের অনিয়মিত বিদ্যুৎ সরবরাহ করেন.. এবং তাদের নিয়মিত বিল সময়মতো পরিশোধ করেন.. এটাই তাদের শাস্তি..,angry,bn
থাপ্পড় মারা...আর বিশ্বাসঘাতককে মনে করিয়ে দেওয়া...কী লজ্জার।,angry,bn
"আক্কল গন বাই, আপনি মনমোহন সিং এর কথা বলতেন কিন্তু এটার কোন মূল্য নেই।",angry,bn
যখন আপনার উপর গুলি করা হবে তখন আপনি এটি ভালভাবে মনে রাখবেন,angry,bn
তাই এ বছর বিশ্বে মন্দা সৃষ্টিকারী এই কুকুরছানাটিকে ছেড়ে দিয়েছে আমেরিকার মানুষ।,angry,bn
ধীর সৈন্যরা অকেজো। ওর একটাই কাজ কমলিকে পিম্প করা,angry,bn
রাবণও লঙ্কার শক্তির অহংকার করেছিল!,angry,bn
তাহলে ঠাকরে কী করেন?... আমার মনে হয় আপনি সতরঞ্জ্যার 'জুতে উঠাও...'-এর কারণে এই পদোন্নতি পেয়েছেন।,angry,bn
"কমলি আর ধলওয়ালা ভিখারির দড়ি, আশেপাশের মানুষ সবই তুচ্ছ।",angry,bn
একজন মারাঠি মারাঠি হিসেবে ঠাকরে মারাঠি মানুষের মুখ মুছে দিয়েছেন,angry,bn
পুড়ে গেছে? বাবাও হয়তো দিল্লিতে পুড়ে গেছেন।,angry,bn
কি হওয়া উচিত ছিল আপনার সাইবার আসল বংশ জানা যেত।,angry,bn
মুখে টর্চ ধরে 'ফাটলি রে ফাটলি দশ ফুট ফাটলি আইসক্রিম' ভাবলে এটাই হবে!,angry,bn
"আহা, আমরা তিক্ত হতে পারি কিন্তু আপনার মত অহংকারী নই, ক্ষমতার ক্ষুধার্ত মানুষ যারা মুফতিদের সাথে রাখে",angry,bn
ছেলেটা তার নাম বলে আর শিষ্য বলে দলীয় প্রধানের নাম...কি ডাকবো!!,angry,bn
আপনাদের মতো বোকাদের কারণেই এখন পুলিশের চেয়ে সাংবাদিকদের গালি বেশি করছে মানুষ।,angry,bn
বসলে তাদেরও খারাপ লাগে।,angry,bn
এই কুকুরগুলো কথা না বলে পিঠে চড় মারার যোগ্য,angry,bn
এটি একটি পাগল প্রতিক্রিয়া,angry,bn
"বিজেপির কোনো সাংসদ, বিধায়ক ও নেতাদের কোনো তদন্ত হয় না!",angry,bn
আপনার জন্য একটি ভোট দেশবিরোধী জনগণ...মানবতাবাদী সরকারের জন্য ভোট,angry,bn
"সাজিদা, মনে হয় তোর বাবা সিন্ধে সাহেব চুরি করেছে",angry,bn
এটাও কি... সব বিশ্বাসঘাতকদের সাথে... উদ্ধব সেরা।,angry,bn
এখন আমি ছোট ছেলের মত এটা করতে শুরু করি,angry,bn
"পিঠ দাঁড়ালে খঞ্জর খোলা নিশ্চিত। বসন্তদাদা পাতিল, যশবন্তরাও",angry,bn
তোমার বউ কি আজ খায়নি?,angry,bn
"পেরে পাতিল, তুমি যখন বলছ তুমি জানো না, তোমার পড়াশোনার অভাব",angry,bn
তাই গঙ্গাবাইয়ের মেয়ে পোল বাইও ঘরে বসে থাকে না।,angry,bn
"পাগল অতীত দেখুন, মানুষ শেন এবং লাঠি পরেন",angry,bn
কুম্ভকর্ণের ঘুমে ঘুমিয়ে থাকা সরকারগুলোকে জাগাতে হবে। একদিন বেকারদের রাজপথে নামতে হবে।,angry,bn
আপনার বস চার আনার লোককে ক্যাবিনেটে রেখেছেন কেন?,angry,bn
এই পৃথিবীর সর্বনিম্ন গুরু...আল্লাহ এই নীচ ভন্ডকেও শাস্তি দেবেন...,angry,bn
"ভাঙ্গারা, সকালের অভিশাপ কাজ করে?",angry,bn
আপনি কি এই পৃথিবীতে বাস করেন?,angry,bn
স্লুট বনবাই বাঁকিয়ে বাঁকিয়ে... ঘুমায় কিন্তু...,angry,bn
বিশ্বাসঘাতক ধরা পড়লে পদত্যাগ করতে যাচ্ছিল...,angry,bn
মুখ্যমন্ত্রীর পদে বসে আমি এতটাই উত্তেজিত ছিলাম যে আপনার ধীরগতির চিন্তায় মনোযোগ দিলাম না।,angry,bn
মহারাষ্ট্রের বিশ্বাসঘাতককে কী জবাব দেবেন? মহারাষ্ট্র হেরে যাওয়া কি ভালো লাগছে?,angry,bn
আফটার অল বালা সাহেব বলেছিলেন উদ্ধবকে সামলে নিতে আর কোন মুখ দিয়ে দেশদ্রোহি করেন?,angry,bn
"কিন্তু আমি বলি, যার প্রার্থীও নেই তার জন্য এত চুলকাচ্ছে কেন?",angry,bn
"চুপ কর বাবা, তুমি মিথ্যা বলতে জানো",angry,bn
আপনি অভিশাপ থেকে একটি লাথি পেতে?,angry,bn
এমনকি উদ্ধব ট্যাকরে নিজেও প্রতারণা করেছেন এবং এ ঘটনা ঘটেছে!,angry,bn
এই বাগটির কি টুইটার অ্যাকাউন্ট আছে??,angry,bn
আজ জানতে পারলাম টুইটারে কত বোকা আছে,angry,bn
এই চা-বিস্কুট সাংবাদিকরা শেয়ালের জন্য টক আঙুরের মতো হয়ে গেছে,angry,bn
"প্রথমত, সময় এসেছে কেজেপি এবং রাষ্ট্রীয় সমকামী সংঘকে বয়কট করার!",angry,bn
এই লোকটি সমাজে ব্যাপক ভুল ধারণা ছড়াচ্ছে। এই জ্ঞান যোগ করুন.,angry,bn
এই একক উল্লেখ কি স্যার?,angry,bn
আমি বলি সত্য আগে থামো,angry,bn
তিনি কি বিশ্বাসঘাতক বিধায়কদের সুস্থ করতে বিশ্বাসঘাতক দলে যোগ দিয়েছিলেন?,angry,bn
"তোমারটাও শেষ, দেখ একটু কাঠখড়ও জ্বলবে না বাবা।",angry,bn
বালা সাহেবের শিবসেনা হেরে গেলে নির্বাচনে বাকি সেনারা কী বলবে? পুরো ব্যাপারটা অদ্ভুত,angry,bn
মতপ্রকাশের স্বাধীনতা মানে বাংলোয় নিয়ে গিয়ে মারধর করা।,angry,bn
এই অকেজো মানুষরা মুসলিম ভোট পেতে যেকোনও প্রান্তে যেতে পারে।,angry,bn
বিদ্রোহী হতে হলে কষ্ট সহ্য করতে হবে..! এটা কি?,angry,bn
"তোমার কি মনে হয় তোমার নাটক কেউ দেখছে না, যে ছাগল তাকে বাঘ মনে করে?",angry,bn
আপনার বুদ্ধিমত্তা এতই কম যে প্রশ্ন করা যায় না,angry,bn
"""নানা পাটোলে দেবেন্দ্র ফড়নবীস...""; নানা পাটোলের সমালোচনা চন্দ্রশেখর বাবনকুলের",angry,bn
নিজের দলের প্রচার কেন? একা দিদির ছবি ছিল না?,angry,bn
নাটক সহানুভূতি পাবে না,angry,bn
"এটা নতুন কিছু নয় যে, যারা ছাইবার গোলামী করেছে তারাও দেশদ্রোহী।",angry,bn
চম্পার কাজ কি?,angry,bn
"এটা সাঁই রিসোর্ট থেকে নয়, পরব সাহেব, তাহলে তান্ডব করছেন কেন?",angry,bn
তামাক পাউডার দেওয়া হবে...,angry,bn
"আমি এই বিবৃতিটি বুঝতে পেরেছিলাম যে একজন ব্যক্তি যখন অফিসে দলীয় নেতার সাথে দেখা করেন, তখন তিনি কীভাবে তার পায়ের পাতা চাটতে থাকেন।",angry,bn
"দাদা মাঠ থেকে পালিয়ে গেলেন, এটা কিভাবে হতে পারে?",angry,bn
হা হা হা... এটা বোকাদের বাজার...,angry,bn
এখানে কোন ব্যবস্থা নেওয়া হচ্ছে না কেন?,angry,bn
এগুলো বিশ্বাসঘাতকদের রীতি।,angry,bn
মোদি শুধু তা ভাঙতে কাজ করেছেন।,angry,bn
কেন তারা এটা পরবে ..এটা শুধু তাদের উপকারে আসবে,angry,bn
পুনে কেন আজ জলে ডুবে আছে? আগে পুনের লোকদের উত্তর দিন তারপর বাকি জ্ঞান শেয়ার করুন।,angry,bn
ডায়রিয়ায় আক্রান্ত ব্যক্তির কাছে পৃথিবী হলুদ দেখায়,angry,bn
"ভক্তের কথা বলি, আর কি বলব?",angry,bn
ফজরের পর মশাল জ্বালাবে কে? তাদের সাথে সবকিছু অন্ধকার,angry,bn
প্রত্যেকের টুইট এই বলে,angry,bn
মুখপাত্র হলে কিছু বলতে হবে?,angry,bn
নাকি তারও আগে এই দেশদ্রোহীরা এভাবে মুখ থুবড়ে পড়বে।,angry,bn
এমনকি রবিবার কলেজে কাজ করা জীবনের সবচেয়ে বিরক্তিকর জিনিস।,angry,bn
মহারাষ্ট্রের মর্যাদা বাড়িয়েছেন এই রাজনীতিবিদ,angry,bn
এটা ঠিক কারণ মহারাষ্ট্রের রাজনীতি থেকে 'দেশদ্রোহী' শব্দটি মুছে যাবে না।,angry,bn
"বেলের আইন বিশেষজ্ঞ... একজন বখাটে, তার শিরাগুলো ঘৃণাতে ভরা",angry,bn
এটি আপনার বোধগম্যতার বাইরে তাই বেশি ভাববেন না।,angry,bn
"যদি ঠাকরের সাথে রাজনীতি করা হয়, বিরোধীদের কাছে কেবল দুটি বিকল্প থাকে: পরাজয় বা পশ্চাদপসরণ।",angry,bn
"""সকলের মনে রাখা উচিত যে আমরা বালাসাহেবের শিবসেনাকে হারাতে চাই।""",angry,bn
শরদ পাওয়ার নিচু প্রকৃতির.. নপুংসকরা সোনিয়া গান্ধীর সামনে মাথা নত:- প্রয়াত বালা সাহেব,angry,bn
এটা নিশ্চিত যে বিজেপি মুঞ্জি নিয়ে ঠাট্টা করবে বলেই এর পতন হবে।,angry,bn
মত প্রকাশের স্বাধীনতা নিয়ে কথা বলতে লজ্জা করে না?,angry,bn
চা বিস্কুট সাংবাদিকতা রমরমা! তাদের একমাত্র এজেন্ডা পত্রিকা পড়া নয়!,angry,bn
এখন এ কেমন অন্ধ ভক্তি?,angry,bn
আপনি বাড়িতে দোলনা সরান না কেন?,angry,bn
"রাজ্যের মুখ্যমন্ত্রী, উপমুখ্যমন্ত্রী, স্বরাষ্ট্রমন্ত্রীরা কি (ঘাস) টানছেন?",angry,bn
যারা রাবিয়া লাড্ডু নিক্ষেপের কথা বলে তারা রাবিয়া লাড্ডুর গুরুত্ব বোঝেনি...,angry,bn
আমি বিজেপি বার্তাবাহকদের সাধারণ জ্ঞানের সমালোচনা করতে চাই,angry,bn
এটা প্রমাণ করে যে বিনিয়োগ কমিশন কেন্দ্রের তোতাপাখি।,angry,bn
"যে গোত্র আজ অবধি দেশকে অর্থনৈতিকভাবে ঠকাচ্ছে,,,,,, আর এই আমাদের দেশপ্রেম শেখাবে?",angry,bn
তাই অবশেষে সিদ্ধান্ত হলো সবাই দুর্নীতিবাজ,angry,bn
আপনি কি ইতিমধ্যেই জানেন ..এই সমস্ত বছর কি ঘটছিল?,angry,bn
এখন সে নির্লজ্জ এবং মিথ্যাবাদীও।,angry,bn
মনে হচ্ছে অতীত আজ বাঙ্গার দ্বারা চালিত হিসাবে একই হবে,angry,bn
ল্যাভেন্ডার দেখলে যে তীব্র মাথাব্যথা হতো এখন অন্ধকার দেখলেই চলে যায়।,angry,bn
তাই ভাবছেন তোর ফুফু আজ এই বাড়ি ছিনিয়ে নিয়েছে,angry,bn
এটা কি সত্য যে আপনার মতো হারলেস রবিবার লোনাভেলে-পুনে থেকে গতিসীমার উপরে গাড়ি চালায়??!!,angry,bn
কিন্তু পওয়ার সাহেব রাজীব গান্ধীর সামনে মাথা নত করে এই সম্মান নষ্ট করেছেন।,angry,bn
"ধর্ষকরা বিজেপিতে ঢুকছে, দল ছাড়ছেন না কেন?",angry,bn
"গোবরের কীটের দাম একই, টুইট করে আগুন ধরিয়ে দিল বুদা",angry,bn
এটা আপনার মানসিকতা...তাই সময় এসেছে,angry,bn
....পপি ঠাকরেকে সমর্থন করা সবচেয়ে বড় অপরাধ।,angry,bn
বিজেপিকে ভোট দেওয়ার চেয়ে ভিক্ষা করা ভালো.. আপনার বাবা কি পুনের গর্ত পূরণ করতে আসবেন?,angry,bn
"""থাপা"" উপাধি সহ লোকেদের কি ""বিশ্বস্ত"" হওয়া উচিত?",angry,bn
রুডির ইনিংস চলতে থাকে,angry,bn
রাহুল গান্ধীকে ভগবান রামের সঙ্গে তুলনা করা অপমানজনক,angry,bn
স্যারেরও কিছু আত্মীয় আছে কেন?,angry,bn
"ভক্তরা, পাঁচটা গুনতে পারো না?",angry,bn
সেই রিল কাজ করছে না তাই চোংরেসি ভাষায় কথা বলছে...,angry,bn
অর্থাৎ ফেকসত্তা লোকসত্তা দেশবিরোধী চিন্তায় ভরপুর।,angry,bn
এটি অবশ্যই একটি লড়াইয়ের কারণ হবে,angry,bn
"হাতের চুল্লিতে গাঁজা মেশালে এমন প্রবল নেশা হতো। একজন মানুষের হাততালি দেওয়া উচিত, কিন্তু শুধু এতটুকুই।",angry,bn
"আদালতে পরাজিত হলেই পরাজয় ঘটে, এখন তারা বিনা প্রতিদ্বন্দ্বিতায় অভিমান করে।",angry,bn
আপনার স্যার আরে বালিশ লেককে চিঠি দেওয়ার আগে তারা নির্বাচনে জোট করেছিল।,angry,bn
নানা 'স্ক্রিপ্টেড' কিছু জিজ্ঞেস করেননি তাই চা-বিস্কুটের কী হবে?,angry,bn
এই লোকেরা মারাঠিদেরও খুনি।,angry,bn
"চুতিয়া স্থায়ী নিষেধাজ্ঞা চেয়েছিল, যা প্রতি বছরই হচ্ছে",angry,bn
আপনিও অন্ধ এবং বেকার,angry,bn
মাথায় পড়লে কি হবে? মাননীয়। বালা সাহেব প্রথম থেকেই কংগ্রেস ও জাতীয়তাবাদী কংগ্রেস চাননি।,angry,bn
"বাবাকে এসব বলা উচিত হয়নি, সে সরি ভাই বলতে চেয়েছিল",angry,bn
"সে পথভ্রষ্ট, জাতপাতই তার শেষ অস্ত্র।",angry,bn
"আরে জারজ, বুড়ো হয়ে গেলেও তার রাগ কম।",angry,bn
তারা যা করতে চায় না তা করে,angry,bn
এটা কি ফালতু কথা...,angry,bn
"পন্ধরপুর, দেগলুর ও কোলহাপুরে কি বিজেপির সংস্কৃতি শেষ হয়ে গেছে?",angry,bn
"এই ধরনের লোকেরা যে দলেরই হোক না কেন, তারা হিন্দু বিদ্বেষী।",angry,bn
"এরপর কী হল, ভেঙে গেল?",angry,bn
এটি এমএনএসের বিজেপি বিধায়কের আত্মসমর্পণ।,angry,bn
এবার মিঃ শিন্ডে মিঃ এর সাথে কথা বলার সময় গন্ডগোল করছেন।,angry,bn
যে ব্যক্তি মশা মারতে পারে না তার জন্য তীর-ধনুক শোভা পায় না।,angry,bn
এটা সত্যিই অন্যায্য যে মোদী সরকার মনীশ সিসোদিয়াকে টার্গেট করেছে।,angry,bn
শিন্দে গোষ্ঠীকে ত্রাণ দেওয়ার মানে কি নির্বাচন কমিশন শিন্দে গোষ্ঠীকে পরিচালনা করছে?,angry,bn
প্রমাণের অভাবে কোনো ব্যবস্থা নেওয়া হচ্ছে না,angry,bn
আপনি এই ধরনের ফালতু কৌতুক করে নিজের মূল্য কম করছেন,angry,bn
"কেন, বিশ্বাসঘাতক... পদত্যাগ করার শক্তি আমার নেই।",angry,bn
. বছরটা কি উদ্ধবকে খুন করে কেটেছে?,angry,bn
ঔরঙ্গাবাদে অনেক মন্ত্রী থাকার কথা শুনেও ঔরঙ্গাবাদ কি ‘উন্নত’?,angry,bn
বারামতির চাচা ভাবী প্রধানমন্ত্রী হন কারণ তিনি একজন বুদ্ধিহীন কর্মী।,angry,bn
এই ভাষা একজন এমএলএকে শোভা পায় না,angry,bn
যে নেতা প্রটোকল ভেঙ্গে বিনামূল্যে পাকিস্তানি কেক খেয়েছেন তার বক্তব্য বোঝার বাইরে।,angry,bn
"আমি আশ্চর্য হই কেন সব নেতারা ""গণতন্ত্র, সংবিধান"" মনে রাখেন...",angry,bn
মন্তব্য পড়েও নির্লজ্জতা দূর হয় না। সর্বোচ্চ কোড সীমা!!,angry,bn
"দিবালোকে মারাঠি দোকানদার ও মহিলাদের নির্মমভাবে মারধর, ঘটনা সিসিটিভিতে ধরা পড়েছে",angry,bn
একই কাজ..! এটা না করলে হবে না..!!,angry,bn
স্কুল মনিটর এর চেয়ে স্মার্ট,angry,bn
তারপর আফসোসও হয়.. কত অর্ধহৃদয়!!,angry,bn
"মুরগি চোরের গাড়ি মুরজি প্যাটেলের ফর্ম পূরণ করতে শুরু করে, পানবতী হাঁটতে শুরু করে।",angry,bn
"আরে পঙ্কশে চাচা, আপনি বাদাম হিসাবে ভিখারি কিন্তু মানুষ হিসাবে আপনি ঘৃণ্য।",angry,bn
"ভাই, তোমার নাচ করো না, তুমি কি করে ভুলবে যে সে বছর তোমার রাজত্ব ছিল",angry,bn
"একদম স্যার, এটা ভুল নাম্বার ওয়ান",angry,bn
ভাবছি এই দুধ বিক্রি আর প্রতারক মা কবে পদত্যাগ করবেন।,angry,bn
মাঝখান থেকে ছুটে আসা স্যারের ওপর এমন সমালোচনা করা ঠিক নয়।,angry,bn
জেলটিন খাসডালাকে গ্রেফতারের হাত থেকে বাঁচাতে একনাথ চিন্দি বিশ্বাসঘাতকতা করেন।,angry,bn
কিন্তু সে তোমার উপর এত রাগ করে কেন? সেই টুইটটি দুষ্টু মনে হচ্ছে।,angry,bn
আপনি এমনকি একটি শরীর লালন করতে পারেন?,angry,bn
বিশ্বাসঘাতকরা আরও বাক্স পেতে পারে তা দেখতে এসেছিল,angry,bn
সঞ্জয় রামুলকারকে মুক্ত লাগাম দিতে চেয়েছিলেন সঞ্জয় গায়কওয়াড়।,angry,bn
এখন এই কথা শুনে আমার খুব রাগ হচ্ছে... যদি সত্যি হয় তাহলে অবশ্যই মাথা ঠুকে যাবে।,angry,bn
"মিথ্যা কথা বলুন কিন্তু যুক্তি দিয়ে বলুন, এটাই বিজেপির নীতি।",angry,bn
আর এই অকেজো মানুষগুলো আমাদের নেতৃত্ব দিচ্ছে...,angry,bn
আরে আপনার গবেষণা কি? আপনি খেলার জন্য বরাদ্দ করা হয়েছে কি খেলা?,angry,bn
তোমার মত বিশ্বাসঘাতকদের ঢাল বা তলোয়ার নেই... তাদের আছে ছোরা...,angry,bn
কিন্তু এই বালি আমাদের (কট্টর হিন্দুদের) কাছে গ্রহণযোগ্য নয়!!,angry,bn
কালো দাড়ি মহারাষ্ট্রে মহা দুর্দশা সৃষ্টি করেছে। মানুষ এটা ভুলবে না,angry,bn
এতে হতাশ প্রশাসনিক কর্মকর্তারা। অথচ সরকার ঘুমিয়ে আছে। জয় মহারাষ্ট্র।,angry,bn
এখন তারা সারাদিন খাবার পাবে না তোমাকে দেখে তাদের দুঃখ প্রকাশ করার জন্য,angry,bn
আপনার মনে আসার সাথে সাথে আপনি নিজেই স্বীকার করবেন যে আপনি মহারাষ্ট্রের বিশ্বাসঘাতক।,angry,bn
কিন্তু প্রার্থী না দিয়ে কেন ফড়নবীস দলকে লেজুড় করছেন?,angry,bn
আপনার সরকার কি সংকটে আছে? সেগুলো তুলে নিয়ে ঝুলিয়ে দিন।,angry,bn
মানুষ কংগ্রেসকে এমন লজ্জা দেয় যে তারা বিরোধী দলের নেতার পদও পাবে না।,angry,bn
আপনি কি বিজেপির সাংবাদিক?,angry,bn
নির্বাচনের আগে হিন্দুরা বিপদে পড়েছে,angry,bn
এই মূর্খ ও মূর্খ সাংবাদিকের দ্বারা মানুষ বিভ্রান্ত হচ্ছে,angry,bn
বাজপেয়ী স্যারের প্রতি অনেক শ্রদ্ধা আছে.. কিন্তু এই টুইটগুলি (এবং এই ধরনের ভাষা) সামনে এসেছে..,angry,bn
বিজেপি আপনাকে জোকার বানিয়েছে! বামন মানুষ খুব বুদ্ধিমান।,angry,bn
ছোট বাচ্চাও বোঝে কিন্তু বিশ্বাসঘাতক এখনো বোঝে না,angry,bn
এটা তাদের মান,angry,bn
যথারীতি এটি একটি জাল কাজ যা বিজেপির আইটি সেল বেবি করেছে...,angry,bn
এটা একটা লক্ষণ,angry,bn
এই মিথ্যা দেখুন,angry,bn
মোদী ও শাহের সামনে আমাদের কী অবস্থা?,angry,bn
মাঠে আনবেন না... ব্যালট নিয়ে আসুন! তোমার কি সাহস আছে?,angry,bn
কেন নিতে হবে জানেন না?,angry,bn
সারা দেশ অন্ধ আর মাত্র দেড়টা বুদ্ধিমান,angry,bn
কোন কোণ থেকে এই শব্দ বিপজ্জনক?,angry,bn
"আপনি যে আপনার বাবার জীবনে নির্বাচিত হয়েছেন, আপনি কি একজন কর্মকর্তাকে নিয়ে এমন কথা বলার যোগ্য?",angry,bn
"জিউবাথা একটি সমাপ্ত দল, তার সমালোচনার জবাব দেওয়া অকেজো",angry,bn
সে তার অবস্থা অনুযায়ী কথা বলে,angry,bn
ফড়নবীস নানাকে খুব বেশি উল্লাস করছেন। তাকে কেবল তার প্রদেশে থাকতে দেওয়া উচিত। এখানে এর ব্যবহার শূন্য।,angry,bn
এই মিথ্যা দেখাতে হবে... নইলে তার দল বাঁচবে কী করে ঘর ভরবে।,angry,bn
গরিবদের ডাকাতি করার অপরাধে আপনি জেলে আছেন,angry,bn
সহানুভূতি বাড়ল কি না জানি না তবে মানিব্যাগের ওজন অবশ্যই বেড়েছে।,angry,bn
"চিভসেনার নেওয়া পদক্ষেপ কি আপনি ভুলে গেছেন? একটু ভাঙ্গা, তাই না?",angry,bn
এমনকি মহারাজার নাম উল্লেখ করাও অপরাধ,angry,bn
দেশদ্রোহীরা পরিশ্রম করলেও কোনো লাভ হবে না। জনগণ তাদের ঘরে বসিয়ে দেবে,angry,bn
এই জারজ সাংবাদিক প্রসন্ন জোশীকে বিক্রি করেছে মাইন্ড গ্রুপ,angry,bn
এটা বিশ্বাসঘাতকদের শোভা পায় না,angry,bn
তিনি অবশ্যই নাগপুর থেকে নির্বাচিত হবেন। গত কয়েকদিন ধরে শুধুই তোলপাড় চলছে।,angry,bn
স্লোগান উঠলে পুলিশ প্রশাসন কী করছিল...! ঘরের কাজ ঠিকঠাক না হলে ছেড়ে দিন,angry,bn
গুজ্জু কীটের মতো ধীরে ধীরে বেরিয়ে আসে...!,angry,bn
"ইতিহাসে বেঁচে থাকো, বর্তমান সৃষ্টি করার ক্ষমতা তোমার নেই।",angry,bn
"তিনিও কেতকরের মতো সাংসদ হতে চান, সেজন্যই তিনি এমন তোষামোদ করছেন।",angry,bn
"আগরকর, বিচারপতি রানাডের নাম নেওয়া হবে না। কারণ তিনি ব্রাহ্মণ ছিলেন!",angry,bn
দিনো মোরিয়া জয় তোমার বাবার অবৈধ সন্তান,angry,bn
এটা কে বানাচ্ছে?? কি অকেজো মানুষ!!!,angry,bn
তাকে গ্রেফতার করা উচিত... যাতে আর কেউ এমন কাজ না করে।,angry,bn
স্বায়ত্তশাসিত সংস্থা শব্দটি এখন বড় তামাশা হয়ে দাঁড়িয়েছে,angry,bn
এরা নতুন অসভ্য...,angry,bn
মাটি কোথা থেকে এসেছে তা জানা উচিত নয়,angry,bn
ত্রুটি আছে। তাদের কাছ থেকে কি আশা করা যায়? তিনি বিরোধী দলে ভালো আছেন।,angry,bn
মান… তার নির্দেশেই চিঠিটা লেখা… মান কাশলা… খেলা এখন শেষ,angry,bn
সোমাইয়ার মুখটা এতটাই ধোয়া চালের মতো যে মনে হয় সে তার নিজের পরিবারের লোক এবং ঠিকমতো কথাও বলতে পারে না।,angry,bn
কুকুরটি সৎ... আপনাকে টিকটিকির চিহ্ন দেওয়া উচিত।,angry,bn
আবহাওয়া রিপোর্ট কিন্তু আপনি একজন সাংবাদিক স্যার...তার ভবিষ্যদ্বাণীও সূত্রের উপর ভিত্তি করে...,angry,bn
প্রত্যেকেরই অভিযোগ আছে কিন্তু আপনিই যিনি লাথি ও মারধর করেন।,angry,bn
দুজন লোক মুখোমুখি হাঁটছে,angry,bn
এটা যদি তোমার মায়ের কথা হয়??,angry,bn
অন্তত আপনার আইটি সেলকে এটি পছন্দ করুন। ঠিক ঘন্টা মত?,angry,bn
আপনার ধারনা কি আড়াই বছর সরকার ছিল নাকি সে সময় তারা চালাকি খেলছিল?,angry,bn
আলোর উৎসবে কী জ্বালানো হবে?,angry,bn
সোলাপুরের ভারত ভালকে উপনির্বাচনের সময় সংস্কৃতি কি ঘুমিয়ে পড়েছিল?,angry,bn
সে পেঁয়াজ খায় না কিন্তু তার মাথা পেঁয়াজে ভরা...!,angry,bn
আপনি কি কথা বলতে পারেন?,angry,bn
বলা হয় কাপ ভুল হয়ে গেছে... এবং লোগো চলে গেছে বলা হয়,angry,bn
"উদ্ধবজি বলেছেন ভুজবল স্বার্থপর, ভুলে যান যে বালাসাহেবকে গ্রেফতার করা হয়েছিল",angry,bn
মুখ্যমন্ত্রী হওয়ার কথা বলেন না কেন??? নিজের উপর বিশ্বাস না থাকলে ভোট পাবেন না...,angry,bn
তার মানে চা খাওয়ার পর সে তাকে মারতে আসবে এবং আমাকে মারবে,angry,bn
"এটা ঠিক, ক্ষমতার রাজত্ব বেশিদিন স্থায়ী হয় না",angry,bn
"পন্ধরপুর, কোলহাপুরের সময় কি এই সংস্কৃতি কাউকে ভাড়া দেওয়া হয়েছিল?",angry,bn
তো তোমার খাজ সাহেব অন্যের বাবার কাছ থেকে সুপারি চুরি করে।,angry,bn
কেক প্রেমীরা বারবার প্রমাণ করে যে এনসিপির জন্মের পর থেকে জাতপাত বেড়েছে।,angry,bn
মহারাষ্ট্রের লোকেরা আপনার ভাষা দেখেছে তাই উপদেশ দেবেন না,angry,bn
মহারাষ্ট্রের সংস্কৃতি বজায় রেখে ভাল সিদ্ধান্ত নেওয়া কার সংস্কৃতি?,angry,bn
"আহা, কত ভুয়া খবর দেবেন... সিনেমা মুক্তি ও দর্শকের প্রতিক্রিয়া",angry,bn
তাকে বলুন এই আটকে থাকা বাচ্চা কোথা থেকে এসেছে এবং প্রথমে নিজেকে ধুয়ে ফেলুন,angry,bn
প্রথমে নারায়ণ রানে এবং তার ব্যাঙদের এটি বলুন,angry,bn
"হা হা হা MNS, আপনার অপমানের মূল্য দেখুন।",angry,bn
এই বিশ্বাসঘাতকতাকে তরিপনের মানুষ ভুলবে না,angry,bn
বিশ্বাসঘাতক ইয়াকুব মেমনের কবরে চাদর লাগাবেন না? একটি পরীক্ষা নিন,angry,bn
"তারা কি আপনার মতই, শুধু আপনার কথাই শুনছে!!!",angry,bn
এই ধর্ষকদের সিবিআই তদন্ত কবে হবে?,angry,bn
"ওহ, এই ভিলেনরা কোন গর্তে লুকিয়ে আছে?",angry,bn
এমন মূর্খ লোকের কথা শুনে মুখ নষ্ট করবেন কেন?,angry,bn
আপনি আপনার স্ত্রীর যত্ন নিলেও... যার দম নেই সে নিক্ষেপকারীর মত পালিয়ে যায়...,angry,bn
আপনি কি এমন লোকদের কথা বলছেন যারা PMC কে প্রশ্ন করতে পারে না? বিভ্রান্তি,neutral,bn
মারাঠি সাংবাদিকতা কঠিন,neutral,bn
"দেশে বেকারত্ব নেই, কর্মসংস্থানও কম। -নির্মলা আত্যা",neutral,bn
বেদ মহারাষ্ট্রে সাম্যবাদের ভিত্তি কত বড়?,neutral,bn
মানিক ভাই মূল্যবান পরামর্শ দিলেন,neutral,bn
. তিনিই প্রথম এই ভুয়ো খবর ছড়ান।,neutral,bn
আপনি কি আজকের জন্য এই বাক্য রাখতে পারেন?,neutral,bn
ঠিকানা ভুল আর বুলেট ভুল বলেই চরিত্র পেয়েছে মিডিয়া।,neutral,bn
তার মানে মানুষ আপনার ঘরের। মানুষকে সিদ্ধান্ত নিতে দিন।,neutral,bn
"গণপতি চলে গেছে, দেবী চলে গেছে, এখন স্বামীর বোনাসের জন্য ব্যাকুল।",neutral,bn
এটা সত্য যে মহারাষ্ট্রে প্রচুর অবৈধ অভিবাসী রয়েছে। সরকারকে এ ব্যাপারে কঠোর পদক্ষেপ নিতে হবে,neutral,bn
তোমাকে খুঁজে বের করতে হবে তোমার বাবা কে,neutral,bn
"মারজিভাই, যে নির্বাচন চলছে তা মেরে ফেলুন।",neutral,bn
"পুরো লেখাটি পড়ার পর আমি আমার মতামত দেব, যদি রাজি না হন তাহলে চলে যান!",neutral,bn
জরিপের দিন ছিল করভা চৌথ.. সেখানে অ্যাম্বুশ হয়েছিল। .একজন ভক্ত,neutral,bn
বিষয় শেষ... ধরুন বাজার বেড়েছে...,neutral,bn
যারা পুলিশকে দেখে পালিয়ে যায়,neutral,bn
সঠিক!,neutral,bn
এখন একটা বড় লড়াই হবে... বালা সাহেবের শিবসেনা বনাম উদ্ধব ঠাকরের শিবসেনা। বালা সাহেবের শিবসেনা,neutral,bn
এটা উদ্ধব সাহেবের বাবার,neutral,bn
"এই বইটা আজ আর পাবে না, তুমি বলেছিলে তারিখের মধ্যে পেয়ে যাবে...",neutral,bn
"দাদা, শিবরায় এবং বাজি প্রভুর মধ্যে মারামারি হয়েছিল? ইতিহাসে এর কোনো উল্লেখ আছে কি?",neutral,bn
কিন্তু আমার প্রশ্ন কেন আন্তঃবর্ণ বিবাহ?,neutral,bn
প্রতিদিন ঈশ্বরের স্মরণের জন্য সাত্ত্বিক পদকের সুবিধা নেওয়া নিশ্চিত করুন।,neutral,bn
হয়তো পরাশক্তির চাপের কারণে সাংবাদিকরা প্রকাশ্যে কথা বলেন না,neutral,bn
"জয়দীপ ঠাকরে আছেন, জয়দীপের সঙ্গে তাঁর কাকা উদ্ধব জি ঠাকরেও আছেন।",neutral,bn
যুবক থেকে প্রবীণদের ঝোঁক শিবসেনার দিকে,neutral,bn
পরিস্থিতির উন্নতির জন্য সঠিক পদক্ষেপ নিন। ক্যালেন্ডার:../,neutral,bn
এটা হতে পারে... এটা ছিল না...,neutral,bn
একটি একক দেশ বজায় রাখা যাবে না এবং বলা হয় নেপাল ভারতের সাথে মিশে যাবে।,neutral,bn
নতুন এই চরিত্রটিকেও প্রথমবার দেখা যাচ্ছে ছবিতে।,neutral,bn
সে আজ ঘুমাতে পারে না,neutral,bn
এখন যদি ঘরে বসে থাকতে হয় তাহলে কেন বিরক্ত?,neutral,bn
তোমাকে চিনি না?,neutral,bn
নির্বাচন হয়েছে,neutral,bn
ওটা...ওটা...ওটা...তারপর...ওটা...বালতিতে থাকবে,neutral,bn
তাদের একটি মতামত আছে?,neutral,bn
"আপনি যদি চিঠিটি সঠিকভাবে পড়তেন তবে আপনি এই প্রশ্নটি জিজ্ঞাসা করতেন না, আপনাকে প্রথমে এটি সঠিকভাবে পড়তে হবে",neutral,bn
আপনি চয়ন কিনা দেখুন,neutral,bn
"এই দুজনের মধ্যে মিল আছে, কিন্তু তারা বিয়ে করছেন না, তাদের মিটমাট করা উচিত।",neutral,bn
সেই স্যাররা ভালো মানুষে পরিণত করেছেন...তাত্য নামটা নিশ্চয়ই শুনেছেন।,neutral,bn
"আপনি যদি মনে করেন যে আসনটি পড়ে যাচ্ছে, এখন এটি শুরু হয়েছে",neutral,bn
আপনি শৈশবে দেবী টিকা পেয়েছিলেন।,neutral,bn
যারা বলে ব্যবসা করা ঝুঁকিপূর্ণ তাদের % কখনও ব্যবসা করেনি...,neutral,bn
|| হর হর মহাদেব ||,neutral,bn
এটাও সত্য যে অনেক রাজনীতিবিদ সাংবাদিকদের সাক্ষাৎকার দিতে অস্বীকার করেন।,neutral,bn
পাকিস্তান জিন্দাবাদের স্লোগান শোনা যাচ্ছে না। দয়া করে ধর্মীয় উত্তেজনা বাড়াবেন না।,neutral,bn
মহারাষ্ট্র পাঞ্জার মশাল মানবে না - চন্দ্রশেখর বাওয়ানকুলে,neutral,bn
বুঝলাম কারিশমা কাকু তাকে নিন্দা করেছেন,neutral,bn
উভয় চিহ্নই ভুল এবং তাই পোস্টটি এলোমেলো।,neutral,bn
"তাই দাদা বলেন, এখন বিয়েই শেষ বিকল্প।",neutral,bn
অভিযোগের এখনও সুরাহা হয়নি।,neutral,bn
"তিনি একনাথকে বলবেন, যিনি ছদ্মবেশে একনাথের সাথে দেখা করেন, কেন তিনি ফড়নবীসের সাথে দেখা করেছিলেন।",neutral,bn
কিন্তু পরীক্ষা হলে কি কেউ পালিয়ে যায়?,neutral,bn
এত গরম আমরা এখানে ঘামছি,neutral,bn
সুতরাং স্পষ্টভাবে কথা বলুন এবং লোকেরা অন্য কোন অর্থ বা ধারণা গ্রহণ করা উচিত নয়।,neutral,bn
রাষ্ট্রপতি দ্রৌপদী মুর্মু আজ থেকে ত্রিপুরা ও আসামে তিন দিনের সফরে।,neutral,bn
আর খবর জনগণ জনমত,neutral,bn
"দেখুন, সচেতন নেতারা সব জানেন",neutral,bn
আপনি কি তার বিরোধিতা করেছেন ভাই?,neutral,bn
"কেন, আমার কোন ধারণা নেই।",neutral,bn
"পরীক্ষার ফলাফল ঘোষণা, এভাবে আপনার ফলাফল দেখুন",neutral,bn
এটা কি মোদীর জন্য লেখা?,neutral,bn
সমবায় চিনিকলের পরিশোধন ক্ষমতা বাড়াতে এ সিদ্ধান্ত নেওয়া হয়েছে।,neutral,bn
"হাই, আপনি কেন গেলেন? বাধা",neutral,bn
প্রণাম কর না কেন?,neutral,bn
শক্তি মানে শক্তি,neutral,bn
সবুজ শাল কান্নায় ঢাকা।,neutral,bn
গুরুজী এই রকম..,neutral,bn
"এটা ঠিক, যে কোনো কিছুতেই সুখ পাওয়া যায়। নির্মলা সীতারমনের মতো।",neutral,bn
এরা বিদেশী,neutral,bn
এরা পিঁপড়া,neutral,bn
ধরা যাক নানা এখন ভালো আছেন.. কিছু পরীক্ষা করা যাক,neutral,bn
আমি আগে তাদের গ্রামে যাব,neutral,bn
আপনি কি ভারতীয় জনতা পার্টির কাউকে জিজ্ঞাসাবাদ করেছেন?,neutral,bn
সেপ্টেম্বর মাসে ফলাফল ঘোষণা হতে চলেছে... মাননীয় কমিশন অক্টোবরে চূড়ান্ত উত্তরপত্র দিচ্ছে।,neutral,bn
দুবার ইন্দোর গিয়েছিলাম কিন্তু সরাফা যাওয়ার সুযোগ পাইনি।,neutral,bn
'হতাশাজনক পরাজয়' শব্দটি একটি ভুল নাম বলে মনে হচ্ছে। এখন পর্যন্ত খার্গের জয় ন্যায়সঙ্গত ছিল।,neutral,bn
এর থেকে কম হলে আপনার ভোট কমে গেলে কী করবেন জিজ্ঞেস করুন।,neutral,bn
আমি জানি... তাদের ডালপালা অনেক বড়,neutral,bn
"ভাই, আখড়া থেকে ডাকলেন কেন? আরো কয়েক গিঁট পড়ে",neutral,bn
শুরুটা খুব ভালো।,neutral,bn
জ্ঞান ও বিজ্ঞান আমাদের উপলব্ধি সম্পূর্ণ করে।,neutral,bn
সত্য সবসময় ঘৃণা দ্বারা লুকানো হয়.,neutral,bn
কিন্তু আমরা শুনেছি এটি একটি ভুল হতে চলেছে...,neutral,bn
এ ঘটনা নিয়ে পত্রপত্রিকায় সংবাদ প্রকাশিত হয়।,neutral,bn
বিশ্বাস নিয়ে প্রগতিশীলদের সমালোচনা ও খণ্ডন!,neutral,bn
নির্বাচন কমিশন ঠিক করবে কে আসল শিবসেনা আর কে তীর-ধনুক। ?,neutral,bn
"সুপারি দিয়ে হবে না, এমএনএস থেকে বিধায়ক নির্বাচিত হতে হবে",neutral,bn
বর্ণ কিভাবে কাজ করে তার একটি নিখুঁত উদাহরণ।,neutral,bn
এটা কোন ভাষা? কিছুই বুঝতে পারলো না।,neutral,bn
সোনু দাদা দাদা,neutral,bn
তোমার কি আর কোন খবর আছে?,neutral,bn
প্রয়োজন না হলে মাদক সেবন না করার সচেতনতা,neutral,bn
খিক আর এক ডজন ষাঁড় তোমার দরবারে রেগে আছে,neutral,bn
এটা কি...কেউ আমাকে বলতে পারেন?,neutral,bn
এই কাজ করবে?,neutral,bn
এখন বৃষ্টির কারণে খুব চিন্তায় আছি,neutral,bn
কোন উপায় কিন্তু তাদের বন্ধ করার কোন আইনি উপায় আছে কি? আইনি পরামর্শ কে দেবে?,neutral,bn
রাধে-রাধে,neutral,bn
মারাঠা সমন্বয়কারী এবং বিজেপি নেতার সাথে জড়িত একটি রেকর্ডিং ভাইরাল হয়েছে.. এ বিষয়ে কী বলবেন?,neutral,bn
"রাও, আপনি প্রত্যাশা নিয়ে মজা করেন কেন স্যার?",neutral,bn
"প্রিয় গ্রাহক, অসুবিধার জন্য আমরা দুঃখিত, আমরা আপনার আগের টুইটের উত্তর দিয়েছি।",neutral,bn
কি,neutral,bn
"আপনার দায়িত্ব পালন করুন, আপনার সন্তানকে টিকা দিন। অপেক্ষা করবেন না! ভাষ্যটি সঠিক।",neutral,bn
আমি একই সমস্যা আছে,neutral,bn
ওয়াশিম জেলায় অতিবৃষ্টিতে ক্ষতিগ্রস্ত কৃষি ফসলের একটি সংক্ষিপ্ত পঞ্চনামা তৈরি করুন - এ. অমিত দাদা জনক...,neutral,bn
পর্যটকদের কৈলাস গুহার অনন্যতা দেখানোর জন্য একটি পাহাড়ি রাস্তার প্রস্তাব করা হয়েছে।,neutral,bn
আমাদের আজকের চিন্তা এবং আমাদের আজকের কর্ম আমাদের আগামীকাল..!,neutral,bn
বর্তমান বৃষ্টিতে কি কোনো ক্ষতি হয়েছে?,neutral,bn
আপনি কি মনে করেন মানুষ কিছুই জানে না?,neutral,bn
"হ্যালো, আমরা মহারাষ্ট্র থেকে দেখছি এবং বিহার থেকে খবর আসছে।",neutral,bn
আজকাল নিরপেক্ষ মতামত দিতে পারে এমন মানুষ খুব কমই আছে!,neutral,bn
দাদা বললেন গিয়ে শিরডিতে সাই বাবার দানবাক্সের দৈর্ঘ্য ও প্রস্থ দেখুন।,neutral,bn
সুম্ভা পুড়ে গেছে কিন্তু পিল এখনো যায়নি,neutral,bn
"পরিবর্তন এখনও ঘটেনি, এটি একটি দীর্ঘ গল্প।",neutral,bn
"সিগন্যাল খুব ভালো হয়েছে, এখন আশা করছি আলো থাকবে এবং পথ দেখা যাবে",neutral,bn
সামান্য ভুল হয়েছে। বিজেপি সাংবাদিকদের থাকার ব্যবস্থা করবে। আমরা শুধু সাংবাদিক নিয়োগ করেছি,neutral,bn
যেকোন এনকাউন্টারে শরীরে আঘাত লাগে,neutral,bn
আপনার ক্ষমতা স্থায়ীভাবে আউট? তাহলে এটি আপনার জন্য একটি সুবর্ণ সুযোগ,neutral,bn
মহারাষ্ট্রের মানুষ আপনাকে একটি নামেই চেনে,neutral,bn
"মোটকথা, কংগ্রেসকে বাঁচাতে এ ধরনের সফর কোনো কাজে আসবে না, এটা সত্যি!",neutral,bn
"এই মহিলা ইহুদী নন, বাকি সবাই বুদ্ধিমান",neutral,bn
একজন নেতার মৃত্যুর পর তার বিরুদ্ধে কোনো প্রার্থী না দাঁড় করানো কি ঠিক বলে মনে করেন?,neutral,bn
সংযুক্তি এবং সংযুক্তি দুটি অবস্থা!,neutral,bn
এখন আপনার সবকিছু প্রয়োজন হবে।,neutral,bn
কাজ এবং ন্যায়বিচার সরাসরি দান! তাহলে কেউ পিছু হটবে কেন?,neutral,bn
অন্য নেতারা কী করবেন? অনেকেই এখনও ভ্রমণ সম্পর্কে জানেন না,neutral,bn
"ওবিসি কর্পোরেশন কখন নিয়োগ করা হবে? শুধু অ্যাপয়েন্টমেন্ট নিয়েই সন্তুষ্ট হবেন না, তাদের অর্থায়নও করুন!",neutral,bn
বিজেপিতে অনিলজির মতো নেতা দরকার!,neutral,bn
আমি কিছু জানি না দয়া করে আমাকে জাতীয় ভাষা মারাঠিতে বলুন!,neutral,bn
দারিদ্র্যের সময় পর্যন্ত এটি ভাল হয়ে উঠছিল। শিশুরা সময়মতো বাড়ি ফিরছিল।,neutral,bn
"বলা হচ্ছে, মানুষ তাকে চিনবে কারণ তিনি এখন মহারাষ্ট্র জুড়ে পরিচিত",neutral,bn
রাহুল পাতিলের জুলাই-আগস্টে ভারী বৃষ্টির জন্য ক্ষতিপূরণ অনুমোদনের দাবি ড.,neutral,bn
লিখুন যে সিপি জোশী রাজস্থানের মুখ্যমন্ত্রী হতে চলেছেন।,neutral,bn
এই সব যখন করতে হবে তখন কাজ করুন,neutral,bn
এই সস্তা zealots হয়,neutral,bn
"দল চলে গেল, সরকার এল",neutral,bn
"এটা বলার দরকার নেই, মহারাষ্ট্রের মানুষ বুদ্ধিমান।",neutral,bn
মনে হচ্ছে টেপটি মাত্র অর্ধেক শেষ। শেষ পর্যন্ত লিঙ্ক প্রদান করুন.,neutral,bn
আর ভালোবাসা এমন কিছু যা করা যায় না করা যায়...!,neutral,bn
বেল ব্যবহার করা হবে।,neutral,bn
"পঁচিশ বছর পর এই প্রথম নির্বাচন দেখছি, সম্ভলা উপভোগ করুন তার জন্য ভালো, সীতারাম কেশরী হবেন তার",neutral,bn
এটা ঘটছিল তারিখের পর দিন,neutral,bn
সব ধরনের সবজির দাম বেড়েছে। শুভ সকাল!,neutral,bn
. সবাইকে বারবার বলতে হয়।,neutral,bn
এই প্রকল্পের লাইনচ্যুত হওয়ার জন্য যারা দায়ী তাদের কেন শাস্তি পেতে হবে?,neutral,bn
আচ্ছা! উদ্ধব ঠাকরে কি এখনও বিধায়ক?,neutral,bn
"ড্রাইভার দেখতে বড়লোক, চোর হবে ভিখারি, তাই তাকে অন্তর থেকে ক্ষমা করে দিন। - একজন উদারপন্থী",neutral,bn
এখন আমি জানি কেন মানুষ পিঠা চায় এবং খায়,neutral,bn
তাদের কতজন শাখা ব্যবস্থাপক মারাঠি ভাষায় যোগাযোগ করেন তা একটি পৃথক গবেষণার বিষয়।,neutral,bn
ঘটনা একই এলাকায় ঘটতে থাকলে গোপনীয়তা লঙ্ঘনের উচ্চ সম্ভাবনা থাকে,neutral,bn
মীমাংসিত অভিযোগের ছবি কেন ফেরত পাঠাবেন,neutral,bn
একই নামের একটি প্রাইভেট লিমিটেড কোম্পানিতে গোলমাল দেখা দিয়েছে। অর্থাৎ যে পালাবে না,neutral,bn
"সংসদ সদস্যদের অগ্রাধিকার খুবই সাধারণ, তাই না?",neutral,bn
কেতকী চিতলের বিরুদ্ধে মামলা করল কে?,neutral,bn
আপনি তাকে অপসারণ করেছেন এবং তাকে সহ-মন্ত্রিসভায় অন্তর্ভুক্ত করেননি,neutral,bn
"দেখুন, আপনি যদি পারেন, যদি না পারেন, আমাদের ভাই আছে",neutral,bn
গুজরাটের নাগরিকরা কখনই মোদীর বিরোধিতা শুরু করেনি।,neutral,bn
এটা একটা বিভ্রম,neutral,bn
"তলোয়ার তুলে নাও, এটা করা যোগ্য জিনিস",neutral,bn
চ্যাবন বলদ থেকে কে পালিয়ে গেল?,neutral,bn
"যদি এটি ব্যবসায়িক বা ব্যক্তিগত হয়, আমিও তাই করি",neutral,bn
গ্রামে কোনো স্কুল নেই তবে দুটি আছে এবং বলা হয় তারা মানুষমুখী,neutral,bn
"এত দিন হয়ে গেল.. আপনি কি বিজেপিতে যোগ দিচ্ছেন, আপনি কি এখন পর্যন্ত এটি মোকাবেলা করছেন?",neutral,bn
আমি বলব এই ছবিটি প্রত্যেক হিন্দুর জন্য।,neutral,bn
কিছুই বাস্তব মনে হয় না,neutral,bn
আমি তাকে দেব না এবং সে সুস্থ হলে তাকে গোয়ালঘরে নিয়ে যাব।,neutral,bn
এই কাজটি করা হচ্ছে কারণ আজকাল দত্তকে নিরাপদ রাখা একটি কঠিন কাজ।,neutral,bn
জামাকাপড় ধোয়ার ঐতিহ্যও অনেক ঝামেলার কারণ হবে...এমনকি অফিসে আসার সময়ও।,neutral,bn
"হিন্দুরা, মনে রাখবেন ধর্মনিরপেক্ষতা কুসংস্কার।",neutral,bn
তাহলে আন্টি কি তাস খেলবে?,neutral,bn
কিন্তু অক্ষমতার পঙ্গু হওয়ার সম্ভাবনা...অসাধারণ...,neutral,bn
চিতা আনা... কাজ চলছে,neutral,bn
স্যাটেলাইট না দেখা পর্যন্ত কি দ্বিতীয় বর্ষা আসবে না?,neutral,bn
এভাবেই আপনি এবং অন্য সবাই পরিচিত,neutral,bn
চল যমুনা নদীতে যাই।,neutral,bn
আমাদের আপনার সম্পূর্ণ ঠিকানা পাঠান. আপনার দেওয়া ঠিকানা যথেষ্ট নয়।,neutral,bn
সেখানে মঙ্গলসূত্র চুরির চারটি মামলা হয়েছে বলে শোনা যাচ্ছে।,neutral,bn
"দেবেন্দ্র জি সঞ্জয় রাউতকে নিয়ে কোনও প্রতিক্রিয়া জানাচ্ছিলেন না, তবে তিনি কে ভয় পাবেন...",neutral,bn
ওম নমঃ শিবায়,neutral,bn
"বিজেপি রাজবংশের অবসান ঘটাতে চায়, তাই এইসব স্বপ্ন দেখবেন না রাজ সাহেব।",neutral,bn
এটি কালো পাথরের উপর আঁকা একটি রেখা... নির্বাচন কমিশন কেন্দ্রীয় সরকারের নিয়ন্ত্রণে আসে।,neutral,bn
হিন্দুধর্ম একটি ধর্ম নয় বরং একটি জীবন ব্যবস্থা - শ্রীমদ্ভগবদ্ গীতা,neutral,bn
বর্তমানে নির্বাচন কমিশনের আইনজীবী অরবিন্দ দাতার।,neutral,bn
সর্বম শিবম সর্বম শিবম,neutral,bn
ভাতখালকার কথা বলছে এটা কি সত্যি?,neutral,bn
"...তাই মিঠুন চক্রবর্তীর সঙ্গে হেমা মালিনীর লড়াই, 'অন্তরঙ্গ' দৃশ্য নিয়েও কথা!",neutral,bn
"উৎসবের মরসুমে গ্যাসের দাম বাড়ানো অনিবার্য, কারণ...",neutral,bn
ব্যাখ্যাটি অস্পষ্ট এবং অস্পষ্ট।,neutral,bn
"সহজ যোগ শোভা যাত্রা, ইন্দ্রি (কারনাল) ডিসেম্বর:",neutral,bn
বাবা রাম রহিম বর্তমানে ধর্ষণ মামলায় প্যারোলে জেলের বাইরে রয়েছেন।,neutral,bn
অন্তত গাধার কিছু কাজ আছে। এটি খাবারের ক্ষুধা ও তৃষ্ণার ওজন,neutral,bn
নান্দুর মধ্যমেশ্বরের চেয়েও বৃহত্তর পাখির বৈচিত্র্য,neutral,bn
মূলত বিশ্বাসঘাতকতা কোন বর্ণের মধ্যে সীমাবদ্ধ নয়। বিশ্বাসঘাতকতা একটি স্বভাব।,neutral,bn
এখন এমএনএসের লোকেরা ধীরে ধীরে আগের মতো বিজেপির সমালোচনা শুরু করবে।,neutral,bn
"মোদির বক্তব্যের আগে তিনি কি অন্ধ ভক্ত? ,",neutral,bn
এই ঘটনাটি ঘটেছে দলীপ ট্রফির ফাইনাল ম্যাচে।,neutral,bn
পরে কোম্পানিগুলো বোনাস ঘোড়া দেয়,neutral,bn
সালমান খানের প্রতিবেশী বিতর্ক অভিনেতার জন্য কোনও অবকাশ আনে না,neutral,bn
তার স্বজনদের ওপর আয়করের অভিযান,neutral,bn
হিন্দু শব্দটি একটি স্থানীয় শব্দ।,neutral,bn
সদগুরু রাজেন্দ্র শিন্ডে সাধকদের পথ দেখান! .// …,neutral,bn
আপনার ভাষা বিজেপির সভ্যতা,neutral,bn
আজ শুভঙ্করতিতে অংশ নিতে পারব কিনা জানতে চাইলে ড,neutral,bn
এটা সব ভিড়,neutral,bn
এটা বিদ্রোহী।,neutral,bn
হয় নাকি,neutral,bn
বা কি গাইতে যাচ্ছেন?,neutral,bn
বার জল মেনে নেবেন তিনি আর ক্ষমতায় আসবেন না,neutral,bn
যে কোন বেকারকে জিজ্ঞাসা করুন টাকার মূল্য কি।,neutral,bn
এখন এটা যেমন একটি সম্মান,neutral,bn
এগুলি দুর্দান্ত চিন্তাভাবনা এবং সাক্ষাত্কার আলোচনার নিখুঁত প্রতিকৃতি।,neutral,bn
এমন হবে যে পদ্ম গজাবে না,neutral,bn
পরিশ্রমই সফলতা অর্জনের সহজ উপায়,neutral,bn
মহাবিস্ফোরণ ঘটেছে পুনেতেও,neutral,bn
মানুষ কি তাদের পাগল মনে করে?,neutral,bn
এখন বলুন কবে দ্বিতীয় পর্ব ঘোষণা করা হবে।,neutral,bn
আপনি কি দশাবতারীতে কাজ করতে চান?,neutral,bn
"শুধুমাত্র দুটি জিনিসই একজন মানুষকে বুদ্ধিমান করে তোলে, একটি হল সে যে বইগুলি পড়ে এবং অন্যটি হল যাদের সাথে সে পরিচিত হয়...",neutral,bn
আজ ব্যবস্থা নেওয়া হবে কি না,neutral,bn
আমি আন্ধেরি পট নির্বাচনী সমাবেশে থাকি এটি একটি গুগল,neutral,bn
খুব কম আছে..,neutral,bn
"লটকে যখন হাইকোর্টে গিয়েছিলেন, আপনি কি মহারাষ্ট্রের রাজনৈতিক সংস্কৃতি জানেন না?",neutral,bn
"যেভাবে এই সিদ্ধান্ত দেওয়া হয়েছে তাতে আমার নির্বাচন কমিশনের ওপর আস্থা নেই, আদালতের ওপর।",neutral,bn
এই তারিখে কি শিন্দে গোষ্ঠী আরেকটি আঘাতের সম্মুখীন হবে?,neutral,bn
সন্ধ্যায় প্রবল বৃষ্টির কারণে সাঙ্গামনের শহরের নবীন নগর রোড প্লাবিত হয়েছে।,neutral,bn
"স্যার, আমাদের নথিপত্র যাচাই-বাছাইয়ের পর পবিত্র পোর্টাল থেকে সুপারিশগুলো বেছে নেওয়া হয়েছে।",neutral,bn
"তোমার কোন কষ্ট হচ্ছে, ওরা কি মানুষ নাকি?",neutral,bn
আপনি কি জানেন তারা কারা ছিল?,neutral,bn
"আরে, এটা বিজেপির",neutral,bn
জয় শ্রী রাম... আশা করি আপনি তাকে খুব সাধারণ একটি উপহার দেবেন।,neutral,bn
আমি এখনও বুঝতে পারছি না,neutral,bn
চাই,neutral,bn
বিদেশি পর্যটকরা ইমারতি-./.?,neutral,bn
আরে একটা নাও আর হাতে এলে রাখো।,neutral,bn
বিজেপির প্রাণে তিনি নির্বাচিত হয়েছেন,neutral,bn
আমরা আজ থেকে আবার ভক্তদের প্রতি দৃষ্টি দিয়ে হারিয়ে যাওয়া প্রজন্মকে সংশোধন করতে চাই,neutral,bn
বাবার আর বিজেপির সাথে কোনো সম্পর্ক নেই... আর বাবাও এটা জানেন...,neutral,bn
পুনেতে অক্টোবর তাপের প্রতি আন্তরিক শ্রদ্ধাঞ্জলি,neutral,bn
"""ওই"" শিবসৈনিক কে মুখ্যমন্ত্রী হবেন আপনি নন, পরিষ্কার করে বলুন স্যার!",neutral,bn
হ্যাঁ..কিন্তু গ্রামাঞ্চলে সেই আবেদনের উপর আর কোন ব্যবস্থা নেওয়া হয় না,neutral,bn
ওই ছয় জেলায় কি যোগ্য লোক আছে?,neutral,bn
তাদের মাঝে মাঝে জাল পোস্ট করার সুযোগ রয়েছে,neutral,bn
এই চিত্ররথ এখনও যানজটে ভাল দেখাবে।/// …,neutral,bn
"এটা ঠিক নয়, মিস্টার প্রেসিডেন্ট। সময় যে কাউকে আক্রমণ করতে পারে",neutral,bn
মোদীজি প্রার্থনা করে বলেছিলেন যে অন্তত পদক্ষেপ নিয়ে বুদ্ধি দিন।,neutral,bn
কি হাই কেন শুধু না,neutral,bn
দেশের প্রতিটি এমপির উচিত এমপি মহোৎসবের আয়োজন করা!,neutral,bn
অর্থাৎ অভ্যন্তরীণ লড়াই হলেও বাইরে থেকে অস্ত্র আনবেন না।,neutral,bn
এখন আমি এটা সাহায্য করতে পারে না,neutral,bn
এবার দেখুন তিনি কেমন বললেন...!,neutral,bn
"আর তুমি তিনজন, অমর আকবর অ্যান্টনি, জিলায় আর কে আছে?",neutral,bn
সহানুভূতি পাবে ভোলানাথ। নির্বাচক রাজা কিয়েভে এসে ভিক্ষা করবেন?,neutral,bn
আগামীকাল অবশ্যই একটি পূর্ণিমা ছিল,neutral,bn
ব্রিটিশ আমল ছাড়া সবই ব্যবহৃত হয়। অনেকগুলো এখনো সংগ্রহে আছে,neutral,bn
আনবে..?,neutral,bn
"প্রতিটি হিন্দু, দেশপ্রেমিক ভারতীয় অবশ্যই এটি পড়তে হবে!",neutral,bn
আমরা আমাদের কৃষকদের অধিকারের জন্য এখানে এসেছি,neutral,bn
এই অর্থ দেশের প্রতিটি নাগরিককে লাখ লাখ মুদ্দোজি নং আকারে বিতরণ করা হবে।,neutral,bn
সাওয়ান্তের তানিয়া দেখালেন মারাঠা সম্প্রদায়ের প্রতি তার কতটা মানসিক অনুরাগ রয়েছে।,neutral,bn
তাই জিজ্ঞেস করছিলাম কেন গ্রামে গেলেন?,neutral,bn
পিএফআই সংস্থা কি আরব দেশ থেকে তহবিল পেতেছিল? আলোচনায় কিরীট সোমাইয়ার বক্তব্য,neutral,bn
ক্ষমতায় এলে পদ নেব না- রাজ ঠাকরে,neutral,bn
দেবভাইয়ের মতো কর্তব্যপরায়ণ ও সৎ নেতা দরকার,neutral,bn
কোন উপায়,neutral,bn
মহারাষ্ট্র রাজ্য জীববৈচিত্র্য বোর্ড প্রতিষ্ঠা দিবস,neutral,bn
"আরে স্যার, যারা ম্যাচ পড়ে না, আপনি আপনার মতামত প্রকাশ করছেন কেন?",neutral,bn
"তিনি কি সাংবাদিক, দলের মুখপাত্র?",neutral,bn
পরিবেশ বান্ধব মাটির তৈরি বাপ্পা ছোট হাতে তৈরি।/---…,neutral,bn
কুকুরের লেজ কি কখনো সোজা হতে পারে?,neutral,bn
"দয়া করে সাগো বাদে বা খিচড়ি খান, আমার জন্যও কিছু রাখুন।",neutral,bn
"প্রথম প্রেম মুখ দেখে, দ্বিতীয় প্রেম চরিত্র দেখে।",neutral,bn
তাদের সবাই চার থেকে পাঁচ মাস ধরে প্রস্তুতি নেয়,neutral,bn
শ্রমিকরা নিজেদের মধ্যে নাচছে কিন্তু অন্যের মিছিল... একজনের আশাবাদী হওয়া উচিত কিন্তু নাগালের বাইরে নয়,neutral,bn
আমরা মারাঠিরা স্বাক্ষরের জন্য কৃতজ্ঞ।,neutral,bn
"তার জন্য নয়, এখন কি তার বিয়ের বয়স হবে?",neutral,bn
": মৃত্যুর পর বৈশালীর শেষ ইচ্ছা পূরণ করল পরিবার, শেষ ইচ্ছা কী ছিল?",neutral,bn
এই লোকেরা শিন্দে গোষ্ঠীর বিরোধিতা করেছিল,neutral,bn
এখন দেখুন টর্চ কিভাবে ধোঁয়া ছাড়ে,neutral,bn
"না, মনোযোগ দিয়ে পড়ুন।",neutral,bn
বলা হচ্ছে আজ লম্বুর জন্মদিন।,neutral,bn
শেখর সুমন পল খোল সেরা অনুষ্ঠান।//…,neutral,bn
আপনি কি তার পুরানো ছবি দেখেছেন?,neutral,bn
"আমি বিশেষ করে গাছ পছন্দ করি, তারা খুব সংরক্ষিত",neutral,bn
মনমোহন সিংয়ের প্রথম ডিগ্রি।,neutral,bn
এই পরামর্শ কোথা থেকে এসেছে?,neutral,bn
-? আপনি কোন যুগে আছেন? অন্তত এখন..,neutral,bn
"আরে দোস্ত, এটা তো খান্ডোবা মল রোড।",neutral,bn
"আমি কয়েক বছর ধরে সূর্যমুখী তেল ব্যবহার করছি, আমি এটি চিনাবাদাম তেলের চেয়ে হালকা মনে করি, আমার কী করা উচিত?",neutral,bn
এই সহযোগিতার জন্য তিনি ধুমাল পরিবারের প্রতি কৃতজ্ঞতা প্রকাশ করেন।,neutral,bn
আপনার কারণ এই এক?,neutral,bn
চতুর্থ ক্যাটাগরি পুলিশ সদস্যদের জন্য প্রযোজ্য হবে কিনা তা সিন্ধে সরকার কবে সিদ্ধান্ত নেবে?,neutral,bn
সব সত্যি কিন্তু এখানে কি দীপাবলির ছুটি আছে?,neutral,bn
নাম প্রত্যাহার করে কীভাবে বিজেপি এই আসনটি হারাচ্ছে তা অনুমান করতে পারবেন না?,neutral,bn
আমি বিশ্বাস করি আমার জন্য একজন ভালো আইনজীবী হবে।,neutral,bn
খুব বুদ্ধিমান না..খুব পাগল,neutral,bn
আজ বিছানায় জলের দিন,neutral,bn
"আরে, কিন্তু টাকা নাও, ফ্রিতে দিও না।",neutral,bn
বন্যপ্রাণীর আক্রমণে ক্ষতির ক্ষতিপূরণ দীপাবলির আগেই দিতে হবে- বনমন্ত্রী সুধীর মুনগান্টিওয়ার।,neutral,bn
এখন এটি দ্রুত করতে হবে।,neutral,bn
এই কাজ কতদূর পৌঁছবে তার কোনো খবর নেই বর্তমানে।,neutral,bn
এটা কখন করা হয়?,neutral,bn
আজকাল গুজব ভালো,neutral,bn
মোটেও সম্ভব বলে মনে হচ্ছে না।,neutral,bn
আমি ভেবেছিলাম এটি একটি টুইট তাই উত্তরটি ছিল... দুঃখিত বন্ধু,neutral,bn
এটা কার গল্প বলা?,neutral,bn
অনুরোধ করা হচ্ছে স্বরাজ্য সংঘকে বিদর্ভেও প্রচার করা হোক।,neutral,bn
মানসিক স্বাস্থ্যকে প্রাধান্য দিতে হবে: ডাঃ অতুল মেঘ,neutral,bn
"রাজ্যে কি শুধু শিন্ডে, ঠাকরেরা আছে, আর কোনো খবর পাও না?",neutral,bn
"জাল হলফনামার জন্য 10 কোটি টাকা পেমেন্ট..., অভিযোগ নরেশ মাস্কের",neutral,bn
এক সময় রূপার চামচ ছিল... কিন্তু এক সময় ছিল রূপার চামচ...,neutral,bn
"পুলিশ কি মিছিল করেছে, কোথায় বিজেপি কর্মীরা?",neutral,bn
"এনসিপিতে দুটি দল রয়েছে, তাই কোন্দল অব্যাহত রয়েছে ...",neutral,bn
ডম্বিভালিতে রং খেলার সময় ছোটখাটো বিবাদে দুই গোষ্ঠীর মধ্যে সংঘর্ষ হয়।,neutral,bn
আপনি ঠিক বলেছেন আপনার দলের পাপ্পু সেনার কারণেই বিজেপির উন্নয়ন হয়েছে।,neutral,bn
"রবি কিষানের কোটি টাকার জালিয়াতি; 'এমন' হুমকি দিলেন নির্মাতা, আসলে কী হয়েছিল?",neutral,bn
পানি হাতে আসায় মানুষ শিক্ষিত হয়েছে।,neutral,bn
আজ গোপাল ভাইকে গ্রেফতার করেছে বিজেপি।,neutral,bn
তবে ঠাকরে গোষ্ঠী এমন খবর পাবে,neutral,bn
কিছুই হয় না। এখন তা শেষ।,neutral,bn
"কিন্তু জনগণ যা জানে না তা হলো, জনগণই ঠিক করে কে ক্ষমতায় থাকবে...",neutral,bn
এই তেলটি কোনও ব্যক্তি বা সকলের দ্বারা খাওয়া উচিত নয়,neutral,bn
এটাই তার জিজ্ঞাসা করা উচিত ছিল,neutral,bn
.......দলীয় অনুগত একটি বিশেষণ থাকবে,neutral,bn
তারা কাজ করলে তাদের বিরোধিতা কেন?,neutral,bn
আমি নিজে এই ভিডিওটি দেখছিলাম এবং শুধু এই জিজ্ঞাসা করছিলাম।,neutral,bn
স্কুল শিক্ষামন্ত্রী তার বিভাগের মাধ্যমে একটি শিক্ষা বিপ্লব ঘটাতে একটি বড় চ্যালেঞ্জের মুখোমুখি...,neutral,bn
পুনের বাসিন্দারা তাদের বাড়ির বাইরে একটি বোর্ড লাগালে স্বস্তি পাবেন।,neutral,bn
iBall একটি কীবোর্ড। দেখুন কি হচ্ছে? লেবু লাগবে?,neutral,bn
তাহলে তারা আসলে কার বন্ধু?,neutral,bn
তিনি ভারতের প্রধানমন্ত্রী,neutral,bn
বিদ্যুৎ চলে গেলে ঘুম থেকে উঠবে???,neutral,bn
এই যুক্তিটি অসাধারণ কারণ আমাদের বলতে হবে যে একজন মানুষ ক্ষুধার্ত না থাকলে সে খেতে পারে না।,neutral,bn
"""অতীত পরিবর্তন বা ভবিষ্যতে ইতিবাচকভাবে প্রভাবিত করার জন্য আমি এই মুহূর্তে কিছু করতে পারি?""",neutral,bn
"এই সময় পাসের পরে পাব ফটো পাঠান, আমরা অপেক্ষা করছি",neutral,bn
সাংবাদিক সমস্যার সমাধান,neutral,bn
পদত্যাগ চাওয়াকে চাপ বলে... পদত্যাগ না করার জন্য চাপ...?,neutral,bn
আমি আমার ফোন নম্বর আপডেট করার পর অনেক বছর হয়ে গেছে কিন্তু আমি এখনও একই পুরানো নম্বর দেখতে পাচ্ছি,neutral,bn
"যেহেতু সহ্যাদ্রি স্কুল একটি বেসরকারি স্কুল, তাই থানে মিউনিসিপ্যাল ​​কর্পোরেশন জলের ট্যাঙ্কগুলি পরিষ্কার করে না।",neutral,bn
এটা একটা কুসংস্কার,neutral,bn
"এটা তাদের দোষ নয়, অন্যের দোষ।",neutral,bn
আপনি যদি আপনার বাড়িতে রাধা-কৃষ্ণের মূর্তি রাখেন তবে আপনার এই বাস্তু নিয়মগুলি মেনে চলা উচিত।,neutral,bn
"দেশ জুড়ে পিএফআই-এ ফের অভিযান, মহারাষ্ট্রের নান্দেড, সোলাপুরের সম্ভাজিনগর থেকে গ্রেপ্তার করা হয়েছে সন্দেহভাজনদের৷",neutral,bn
"বাস থামানো হয় এবং তামাক উইন্ডশীল্ডে রাখা হয়, যাতে জল শোষিত হয় এবং মেঘের পরিবর্তে পরিষ্কার দেখা যায়।",neutral,bn
"এখানে কলেজে শর্মা চা খেয়ে দেখুন, এমন চা আর কোথাও পাবেন না",neutral,bn
হৃদরোগে আক্রান্ত হলেন বিধায়ক সঞ্জয় শিরসাথ।,neutral,bn
"বাকিটা যাক, সম্পাদকের চিঠি এত বাজে কথা",neutral,bn
ভীমছো সে নানা ও তু দানা আখড়া ও প্রচার।,neutral,bn
এটা একটা টাইপো। কেউ এই অনুরোধ করবে না ...,neutral,bn
এখন বেকারত্বকে হারাতে আপনার সমস্ত শক্তি ব্যবহার করুন।,neutral,bn
এমন কিছু বলবেন না যা যুবরাজকে রাগান্বিত করে এবং তারপরে তাকে ব্লক করে।,neutral,bn
অত্যন্ত জনবহুল দেশে সাড়ে তিন শতাংশের কাছে কোনো ব্যালট বাক্স নেই।,neutral,bn
"আগে নিজের দিকে তাকান, দেখুন পুরন্দর দলের বাকিরা পাবে কি না",neutral,bn
খুব খুব ভাল,neutral,bn
"এই ছেলেরা প্রতিদ্বন্দ্বিতা করে, আমরা ভালোবাসি",neutral,bn
একটি তলোয়ার একটি মশাল কাটা যাবে - একটি চতুর প্রশ্ন,neutral,bn
প্রশাসক নিয়োগ করতে আমাদের বেশ কয়েক মাস লেগেছে।,neutral,bn
"ভাগ্যক্রমে, একটি কম্পিউটার কপিও অন্তর্ভুক্ত ছিল, অন্যথায় আমি কিছুই বুঝতে পারতাম না। আমাকে মোবাইল দিয়েছে??!!",neutral,bn
অনিকেত শাস্ত্রী এখন ঠাকরে গ্রুপের ভাইস প্রেসিডেন্ট হবেন।,neutral,bn
মহারাষ্ট্রে পাস করার প্রক্রিয়াটি ভালভাবে সম্পন্ন হয়েছে,neutral,bn
তারা কি অবদান বলেছেন?,neutral,bn
"স্যার, আপনিও একটা করুন",neutral,bn
আমি নাগপুরের প্রতিটি নাগরিকের পক্ষ থেকে তাকে ধন্যবাদ জানাই।,neutral,bn
এই যে কারো কথা বলার নাম নেই!,neutral,bn
আপনি কি ডাবিং স্টুডিওতে ছিলেন??,neutral,bn
এটা কখনোই সম্ভব হবে না।,neutral,bn
যদি শিন্দে সরকারের প্রতি আস্থা না থাকে,neutral,bn
মেডেন ফার্মের উৎপাদন তদন্তের জন্য একটি কমিটি নিয়োগ করা হয় এবং পণ্য বিক্রি নিষিদ্ধ করা হয়।,neutral,bn
একটি গ্রহমন্ত্রী আছে?,neutral,bn
"ঠাকর গোষ্ঠীর জন্য আরেক বিব্রত, বিপদে ঋতুজা লাটকে প্রার্থিতা?",neutral,bn
আর এই চীনা আলো...,neutral,bn
বৃষ্টি ফিরে এসেছে! কৃষি ক্ষতি; এসব জেলায় সতর্কতা জারি করা হয়েছে,neutral,bn
"...তাই মশাল নির্বাচনী প্রতীকে নির্বাচন হয়েছিল, প্রতীকের 'সেই' গল্প বললেন ছগন ভুজবল!",neutral,bn
জীবনে সফলতা পেতে চানক্যের এই কথাগুলো সবসময় মনে রাখবেন,neutral,bn
আপনি উত্তর দেননি কারণ আপনি যুক্তি বুঝতে পেরেছেন।,neutral,bn
"এত সমর্থন করবেন না, এই নির্বাচন যেভাবেই হোক বিজেপির জন্য কঠিন ছিল।",neutral,bn
"বাস্তবে, পুরুষত্বের অভাব সম্পর্কের অবনতির কারণ হতে পারে না।",neutral,bn
যে উদ্ধব ঠাকরে বলেছেন আমি কারও প্রস্তাব পাইনি!,neutral,bn
"তারা নির্বাচনের প্রস্তুতি নিচ্ছেন, সময় পেলে কথা বলবেন, কিন্তু সময় পাবেন বলে মনে করেন না।",neutral,bn
"কংগ্রেসের লোকেরা তাকে দিনরাত স্মরণ করে, তাকে অপমান করতে বৃষ্টিতে ভিজে।",neutral,bn
এটা স্পষ্ট যে শুধুমাত্র আপনিই ঠাকরের পতনশীল দলকে বাঁচাতে পারবেন।,neutral,bn
গ্রামীণ শিক্ষার্থীদের লাল বাস সুবিধা প্রদান।/?= …,neutral,bn
"স্বচ্ছ সার্ভেক্ষন গ্রামীণ এর উদ্বোধন, অনুগ্রহ করে আসুন/-...",neutral,bn
লেখক বলেছেন: তিনি মদ পান করেন না,neutral,bn
"আর গদি ভরসা কে করে, জিজ্ঞেস করো ভাই",neutral,bn
তারা যে একীভূতকরণের জন্য বোমাবর্ষণ করছিল তা কবে করবে?,neutral,bn
এই সিদ্ধান্ত অবশ্যই রাষ্ট্রের বিচার ব্যবস্থাকে আরও দক্ষ করতে সাহায্য করবে।,neutral,bn
সমৃদ্ধির শ্রী গণেশ কখন? .. .//,neutral,bn
"না, আপনি কি করতে পারেন?",neutral,bn
এটা জিজ্ঞাসা করা উচিত ছিল যে এটা পিষে না জড়ো করা হয়,neutral,bn
আইসক্রিম ভেবে এই টর্চটা মুখে নিল সে।,neutral,bn
এটা ঠিক উল্লেখ করুন.,neutral,bn
রং ভালো এবং স্বাদও ভালো,neutral,bn
ভাস্কর যাদবকে তার নিজের কর্মীরা পাথর ছুড়ে মারে - সূত্র,neutral,bn
কিছুই হচ্ছে বলে মনে হচ্ছে না। প্রচুর যৌথ ভ্রমণ চলছে। সরকারের উচিত জনগণের অনুভূতি বোঝা।,neutral,bn
"বস, সরকারের প্রশংসা করতে থাকুন।",neutral,bn
ওমকার তুমি একা নও,neutral,bn
"'ট্যাটু', যৌবনের অলংকরণ; রঙিন... ./?",neutral,bn
রনথার সঞ্জা বেরিয়ে আসতে চলেছে,neutral,bn
জলই জীবন সচেতনতা বিজেপি পশ্চিম দক্ষিণ বিভাগ আকোলা,neutral,bn
ঘৃষ্ণেশ্বরের ক্ষেত্রেও তাই।,neutral,bn
কংগ্রেস নেতা। রাহুল গান্ধীর ভারত সফরের আজকের দৃশ্য।,neutral,bn
"আচ্ছা এটা একটা শিক্ষা, এখন কি??",neutral,bn
জনসাধারণের সিদ্ধান্ত নেওয়া উচিত যে এটি একটি আন্তরিক শ্রদ্ধা বা শুভেচ্ছা নয়।,neutral,bn
ভাইয়েরা বলতেন একজন যখন দুইজন হয় তখন সৃজনশীলতা কমে যায়...,neutral,bn
শরদ পাওয়ার হতে হলে সেই পিজ্জা জলে ভিজতে হবে না।,neutral,bn
আপনি বলছেন যে আপনি প্রসন্ন জোশীকে উত্তর দেননি।,neutral,bn
"স্যার, মহারাষ্ট্রের রাস্তার অবস্থা খুবই খারাপ",neutral,bn
পুরসভা আর ভেজা বর্জ্য সংগ্রহ করবে না। মহান সিদ্ধান্ত,neutral,bn
জীবনে সফল হতে হলে সবসময় মিষ্টি কথা বলা থেকে সাবধান থাকুন। ./-…,neutral,bn
আমরা একটি পছন্দ আছে?,neutral,bn
কিশোর ছেলেকে বর বললে খুশি হবে না।,neutral,bn
! তাঁর শাহানী সকাল গল্প ও রহস্য গল্পের সংকলন।,neutral,bn
আপনি একটি সফল প্রত্যাহার করেছেন?,neutral,bn
"""গতকাল বেশ জগাখিচুড়ি ছিল ...""",neutral,bn
অমরাবতী তালুকের অঞ্জনগাঁও বাড়ীতে আয়োজিত মহারাজস্ব প্রচারে শ্রোতাদের উদ্দেশ্যে ভাষণ দেন।,neutral,bn
"মাস্টার সব কৌশল শেখায়, কিন্তু একটি কৌশল চিরকাল রাখে...",neutral,bn
"ভূতের প্রতি সদয় হোন, কিন্তু অন্যদের জন্য বিপজ্জনক হস্তক্ষেপ জীবজগতে উপযুক্ত নয়।",neutral,bn
এই অবস্থা,neutral,bn
মোটেও না এবং এখনও নেই,neutral,bn
দেবরা কি শিসামার?,neutral,bn
বন বিভাগের মুখ্য সচিবের উপস্থিতিতে বিভাগীয় পর্যালোচনা সভার আয়োজন,neutral,bn
"বালা সাহেবের বাহিনীও আছে, তাহলে কি মহারাষ্ট্রে এই সেনাবাহিনীর দরকার আছে?",neutral,bn
আজ সন্ধ্যায় দিব্য মেকআপ দর্শন জয় শ্রী ত্রিম্বকেশ্বর জ্যোতির্লিঙ্গ জি নাসিক মহারাষ্ট্র,neutral,bn
"হ্যাঁ, আগে অপমান আর এখন মানুষ সহানুভূতি পাবে কেন?",neutral,bn
সমুদ্র প্রহরী ও লাইফ গার্ডদের সহায়তায় নিরাপদে গণপতি বিসর্জন সম্পন্ন হয়।,neutral,bn
সালভে ও সদাবর্ত বিবাহের জট (খেলা) খান্ডোবা দর্শন,neutral,bn
"স্যার, রাষ্ট্রীয় চাকরির আসন কমানোর বিষয়ে কিছু করুন.. এই সরকার শুনছে না",neutral,bn
"দাদা, আমি আলোচনা পছন্দ করি, কোথাও কোনো বিভ্রান্তি নেই, আলোচনা শান্তিপূর্ণভাবে চলছে...",neutral,bn
বৃষ্টি এবং বজ্রপাত,neutral,bn
"স্যার, বিজেপি কি এখন স্বচ্ছ সিদ্ধান্ত দেবে?",neutral,bn
কেন এমন মনে হলো জানেন? এবং কি একটি ছবি. ওহ..-এত ভিড়।,neutral,bn
"খুব বুদ্ধিমান, তার বলদ খালি।",neutral,bn
এখন তিনি অনেক সমর্থন পাচ্ছেন। দাড়ি ঘোরানোর সাথে এর কোন সম্পর্ক আছে কি? এতে কোন সন্দেহ নেই!,neutral,bn
মহারাষ্ট্র দখল হতে চলেছে,neutral,bn
তাদের অধিকাংশই তাদের গুরুত্ব জানে না,neutral,bn
গুরু ও শিষ্য শীর্ষ শিল্পী............!!!!!,neutral,bn
"ভাই, আপনি এত রূঢ়ভাবে লেখেন, মাঝে মাঝে পড়লে যে প্রতিক্রিয়া হয়...",neutral,bn
এখন সব বাকি আছে,neutral,bn
সান্তারগুল্যা শব্দটি বিদর্ভের খুব বিখ্যাত। এই বিধায়কের ক্ষেত্রেও একই ঘটনা ঘটেছে।,neutral,bn
তাইয়ের আজকের টুইট ভাই এবং দাদাকে উৎসর্গ করা হয়েছে।,neutral,bn
"অবশ্যই, এটি একটি ভাল প্রকল্প",neutral,bn
রাজকে কেউ সিরিয়াসলি নেয় না। যে সব.,neutral,bn
সরকার কি অনুমোদিত?,neutral,bn
দুজনেই বৃষ্টির মতো খুব বুদ্ধিমান।,neutral,bn
"না, এটি কোমল মুরগি ছিল",neutral,bn
"ভিক্ষা নাও, থলে নিয়ে যাও, পাত্র ভরে খাও",neutral,bn
এটা স্পষ্ট যে জপমালা পুঁতি পরিধান করা উচিত,neutral,bn
সবাই বুড়ো কিন্তু তুমি,neutral,bn
"পন্ধরপুর, কোলহাপুর, সাহেবের মাহাত্ম্য কোথায় ছিল?",neutral,bn
এমন কিছু শিশু আছে যারা প্রতিনিয়ত ঘরোয়া সমস্যায় কষ্ট পায় এবং তাদের ভালোবাসা নেই...,neutral,bn
"স্যার আপনার সিদ্ধান্ত সঠিক, আপনি কৃষকের সাথে শক্তভাবে দাঁড়ান",neutral,bn
মারাঠিতে একটা কথা আছে যে শরীর হল ন্যাকড়ার বোঝা,neutral,bn
আমি তোমার মত নই তাত্য।,neutral,bn
তোমার পাড়ায় তাতিয়াকে দেখছ না?,neutral,bn
চুল পড়া রোধে পরিবর্তন করেছেন??,neutral,bn
"তুমি বিরতি চাও না, তুমি পালাতে চাও না বোন",neutral,bn
"নীরব মোদি কখনও আত্মহত্যা করবেন না, বিশেষজ্ঞদের যুক্তি, ইচ্ছাকৃতভাবে?",neutral,bn
একই আসনে একাধিকবার নির্বাচন হলে কী পরিবর্তন হয়? দয়া করে আমাকে এটা দেখান...,neutral,bn
"শিল্পা বোদখে একজন প্রফেসর, ঈশ্বর না করুক সে কোথায় পড়ে",neutral,bn
ঘন্টা ভাই সম্পর্কে আপনার অনেক আবেগ এবং জ্ঞান আছে,neutral,bn
পন্ধরপুর নির্বাচনে সহানুভূতি ও কথা কোথায় গেল?,neutral,bn
আগে জনগণকে বলুন আপনি কেন ক্ষমতায় এসেছেন,neutral,bn
ঠাকরে গ্রুপের কাছে ধাক্কা! তিনজন বিশিষ্ট শিবসেনা নেতা সহ সাতজনের বিরুদ্ধে মামলা দায়ের করা হয়েছে।,neutral,bn
শুভ সকাল!!! আজই অশ্রুসজল মুখ এবং অশ্রুসিক্ত প্রতিক্রিয়া দেখতে প্রস্তুত হন...,neutral,bn
হ্যালো বন্ধুরা... ভিডিওটি দেখেছেন??,neutral,bn
কুলকার্নির দিকে তাকাও,neutral,bn
এটা সত্যি ভাই,neutral,bn
"মোদি আমাদের নিজের এলাকায় গড়েনি, কে আছে?",neutral,bn
এই কি ঘটেছে,neutral,bn
ঘুমানোর আগে দুধ পান করা কি ভালো?,neutral,bn
এটা কি প্রয়োজনীয়? ভালোকে ভালো বলা কি সাংবাদিকতায় খাটে না?,neutral,bn
এখানে প্রস্তুতি নিয়ে বসেছিলেন পরিবারের সদস্যরা,neutral,bn
অষ্টিতে কৃষকদের বনধ; ভারী বর্ষণে ক্ষয়ক্ষতি পরিদর্শন!,neutral,bn
"আমার ডায়রিয়া নেই, আমার হজম কঠিন।",neutral,bn
আমি আগে বক্তৃতা শুনেছি তাই আমার কোন সমস্যা হয়নি,neutral,bn
আমি প্রশ্ন করছি কিন্তু ভাই গণতন্ত্রের চতুর্থ স্তম্ভ কাকে বলে?,neutral,bn
এসব বিষয়ে উন্নয়নে নিরপেক্ষ থাকাই গণমাধ্যমের বড় দায়িত্ব...!,neutral,bn
"স্যার, আপনি কোন আইন পরিবর্তন করছেন?",neutral,bn
এটা সত্য,neutral,bn
সত্যিই এটা পাঠাতে চান,neutral,bn
"এতে কোনো ক্ষতি নেই, এটা আমাদের ও হিন্দু সংস্কৃতির জন্য।",neutral,bn
আমি আমার দীপাবলির খাবার খেতে খেতে ক্লান্ত,neutral,bn
এটা কি জবরদস্তি? ....সে বলল যে সে যদি পিছু হটে তাহলে না... নিজেই পিছু হটলো,neutral,bn
কলমাবাইয়ের স্বামী কি পন্ধারপুর/কোলাপুর মাঝিতে প্রতিষ্ঠিত হয়েছিল?,neutral,bn
"প্রথমত, দেখুন আন্ধেরিতে একে অপরের থেকে একটু দূরত্বে অফিসার আছে কিনা...",neutral,bn
ব্যক্তি যাদের কোন ব্যক্তিগত দৃষ্টিভঙ্গি নেই। এ থেকে কিছু শেখা যায় না,neutral,bn
নির্বাচন বিনা প্রতিদ্বন্দ্বিতায় হওয়া উচিত নয়,neutral,bn
এটি একটি ট্রেলার ছিল এবং তাদের অনেক কাপড় সেলাই করতে হবে,neutral,bn
রুপির অবমূল্যায়ন কি ভারতের স্বার্থে? মন্তব্য,neutral,bn
অপমান করার জন্য এসব লিখিনি,neutral,bn
যারা দল এবং প্রতীকের জন্য লড়াই করে এবং তাদের উপভোগ করেন তাদের এখানে মনোযোগ দেওয়া উচিত।,neutral,bn
আজ দুপুর আড়াইটার মধ্যে ঋতুজা লাটকে পদত্যাগের বিষয়ে সিদ্ধান্ত নেওয়ার নির্দেশ দিয়েছে আদালত,neutral,bn
"কর্মীরাও মনে করেন তারা আমাদের নেতা, তাদের দিন কি দুপুর ১টায় শুরু হয়?",neutral,bn
বারামতির পেঁয়াজের গন্ধ নিয়ে কী ভাবছেন?,neutral,bn
সেজন্য,neutral,bn
একনাথ শিন্ডের ছবি কোথায়?,neutral,bn
"আমরা খুব একটা মজা পাইনি...আজ আমাদের ছুটির দিন ছিল, আমরা বৃষ্টিতে বাড়িতে থাকতে চাইনি",neutral,bn
আপনার মনে কি সত্যিই আছে?,neutral,bn
লাল মাজা শোভেলকে বিশেষ্যের ভাষা সম্পর্কে জিজ্ঞাসা করতে যায়,neutral,bn
প্রকৃতির রঙ নতুন যুগে নতুন রূপ দিচ্ছে।,neutral,bn
কেন নাগপুরের মানুষ মারাঠি হবে এবং হিন্দিতে কথা বলবে?,neutral,bn
"আপনি যদি অন্যদের থেকে বেশি কিছু করতে ইচ্ছুক না হন, তাহলে প্রথম থেকে ধনী হওয়া আপনার পক্ষে খুব কঠিন হবে।",neutral,bn
"ভোডাফোন আইডিয়া গ্রাহকদের নেটওয়ার্ক সংক্রান্ত সমস্যায় পড়তে পারেন, 'এই' কারণ!",neutral,bn
এমনকি একটি মুরগি আছে? মুরগির কথা শুনেছিলাম। মহান তথ্য.,neutral,bn
রাজ ঠাকরেও এই কথা বারবার বলতেন,neutral,bn
এই মত বার? তিনি বলছিলেন যে তিনি জিজ্ঞাসা করতে চান।,neutral,bn
মহারাষ্ট্রের জনগণকে বলুন হিন্দুত্বে আপনার আসল অবদান কী।,neutral,bn
| এই প্ল্যাটফর্মে মুক্তি পাবে 'ব্রহ্মাস্ত্র' ছবিটি,neutral,bn
এভাবেই রাজনীতি হতো,neutral,bn
আজ কাশিকেদায় মেঘ ফেটে প্রবল বৃষ্টি হয়েছে।,neutral,bn
ইংরেজিতে আজ রবিবার কেন?,neutral,bn
"নির্বাচন শুরু হতে চলেছে, তাতে কি টস-টস হবে?",neutral,bn
: মেঘ ফেটে বৃষ্টি হচ্ছে কেন? এর পেছনের কারণ কী?,neutral,bn
শপথ নেওয়া হয়। কিন্তু করা,neutral,bn
বাম হাতে খাওয়ার পালা।,neutral,bn
যুক্তির উপর দোষারোপ করার কথা মনে রাখবেন না।,neutral,bn
| মৌনি রায় অভিনয়ের জন্য স্কুল ছেড়ে মুম্বাই পৌঁছেছেন...,neutral,bn
নিজেকে সফল বলা একটি ভারী অবমূল্যায়ন।//…,neutral,bn
একাধিক স্ত্রী নিয়ে শিশুসুলভ বকাবকি..উপরে কিছু বক্তব্য আছে..,neutral,bn
ধীর সৈন্যদের জিজ্ঞাসা কিন্তু এখন,neutral,bn
সেপ্টেম্বরে মহারাষ্ট্রে ক্ষমতার লড়াইয়ের শুনানি: কী সিদ্ধান্ত নেবে সাংবিধানিক বেঞ্চ? -,neutral,bn
কসাইয়ের কাছে যাও কিন্তু বাড়িতে হাঙ্গামা করো না,neutral,bn
বেশির ভাগ আইনজীবী ভালোভাবে মামলা লড়েননি?,neutral,bn
এটা ভুল,neutral,bn
তাই প্রথম সারিতে হাঁটছেন মমতা দিদি। এখন উচ্চতার কারণ বলবেন না।,neutral,bn
"দীপাবলির আগে গ্রাহকদের ধাক্কা; সোনা-সোয়াচ্যার দাম আজ বদল, তাৎক্ষণিক তপস্যা",neutral,bn
"প্রয়োজনীয় ব্যবস্থা নেওয়ার জন্য আপনার তথ্য ট্রাফিক কন্ট্রোল রুম, থানে সিটিতে জানানো হয়েছে।",neutral,bn
ঘটতে চাই না,neutral,bn
বাস কি পরিবর্তন হয়নি??,neutral,bn
তাহলে তোমাকেও সম্মান করা হবে,neutral,bn
"তিনিও হাততালি দিয়ে বললেন, আরে ম্যাডাম, সাংবাদিক হলে বলুন।",neutral,bn
এখন আমি জানি না কেন আপনি মারাঠি বলতে পারেন না...,neutral,bn
তথ্য সেবা কমিটির কর্মীরা তোরনাগদে সফল ট্র্যাকিং করেছেন -,neutral,bn
আরেকজন সুবিধাভোগী।,neutral,bn
এই বিদ্রূপাত্মক হতে হবে.,neutral,bn
আনাজি পন্তের কাছেও ছিল বিশ্বাসঘাতকের ঢাল ও তলোয়ার।,neutral,bn
"যদিও টুইট কম, পান্ডে, পুরো থ্রেড পোস্ট করুন, বাবা",neutral,bn
সেবাগ্রাম চাই,neutral,bn
এই দেখুন. আমি অবরুদ্ধ এটা রাখা,neutral,bn
আমি সম্প্রতি,neutral,bn
আমার কি টুইটার ছেড়ে দেওয়া উচিত..এটা কি বড় স্টিক # নাকি স্যার...আমি মনে করি না,neutral,bn
"এই টুইটটি করুণার জন্য নয়, সতর্কতার জন্য",neutral,bn
তিনি আশ্চর্যজনক র‍্যাপও গেয়েছেন...,neutral,bn
এটি কিছু পরিবর্তনের সাথে আপনার ক্ষেত্রেও প্রযোজ্য হবে,neutral,bn
খারাপ রাস্তার কারণে গুরুতর দুর্ঘটনার জন্য দায়ী; মন্ত্রী নীতিন গড়করি সম্পর্কে তথ্য,neutral,bn
ফের বিতর্কে প্রহর সংগঠনের বিধায়ক বাচ্চু কাডু।,neutral,bn
জ্যোতিষশাস্ত্র বক্তৃতা সিরিজের অসাধারণ সাড়া - ./--…,neutral,bn
তিনি কি আন্ধেরি উপনির্বাচনে প্রার্থী?,neutral,bn
"সাহেব যখন শিবসেনাতে ছিলেন, এটা পুরনো ছবি",neutral,bn
দর্জিকে আগেই ডেকেছিলাম কারণ আমি জানতাম হাফপ্যান্ট ছিঁড়ে যাবে।,neutral,bn
একই বিষয়ে কতবার মারাঠি ছবি বানাবে? গত বছর একটি স্থবিরতা ছিল,neutral,bn
আমি জানি না এটা কোলাপুর নাকি আন্ধেরি,neutral,bn
"এই ট্যাগটি ব্যবহার করা হয়েছিল, এই ট্যাগটি ভুল করে এসেছে...",neutral,bn
বসন্ত কেন?,neutral,bn
"জনগণ সিদ্ধান্ত নিন, স্কুল বন্ধের সিদ্ধান্ত প্রত্যাহার করুন।",neutral,bn
আজ শান্ততাইয়ের জন্মশতবর্ষ।,neutral,bn
কর্মসংস্থান একটি বিভ্রম মাত্র।,neutral,bn
এখন এই ঠিকানা বলতে যাচ্ছি,neutral,bn
খুব??? আমি ধরে নিলাম আপনি একজন নিষ্ঠাবান ভক্ত।,neutral,bn
তবে নির্বাচন বিনা প্রতিদ্বন্দ্বিতায় হবে না।,neutral,bn
"ওহ গাইডকে বলা হলো, পুরো দলটিকে ঘাঁটির কাছে না রাখতে।",neutral,bn
তাই বলি পাভ খাও কিন্তু ভাব খাও না...,neutral,bn
আমি বলতে চাচ্ছি সেখানেও অনেক স্বজনপ্রীতি আছে।,neutral,bn
এটা কোন পার্থক্য আছে বলে মনে হয় না,neutral,bn
"এটি সস্তা জ্বালানির একটি দুর্দান্ত বিকল্প, প্রযুক্তি নিয়েও কাজ করছে",neutral,bn
মুম্বাইয়ের জন্য কি আলাদা নিয়ম আছে?,neutral,bn
পুলিশ গ্যাংস্টার গজানন মার্নের বিরুদ্ধে মামলা করেছে।,neutral,bn
সে নিশ্চয়ই কিছু ভুল করেছে,neutral,bn
এটা কি ঘটেছে?,neutral,bn
কেন একটি হীরা পরতে হবে কারণ এটি মহান আলোর জন্ম দেয়?,neutral,bn
"যাই হোক বলো, নইলে আদিত্য আর তেজস মারামারি করবে।",neutral,bn
সংকটই সংকট,neutral,bn
"মহারাষ্ট্র সরকার এবং M.R.V.P.C. (মহারাষ্ট্র) ধন্যবাদ, গতকাল আমি নবরাত্রি উৎসবের সময় লোডশেডিং সম্পর্কে টুইট করেছি!",neutral,bn
এখন উদ্ধব ঠাকরের শিব সৈনিকরা বলবে বালা সাহেবের শিবসেনাকে হারাতে হবে...এটা কঠিন।,neutral,bn
হ্যাঁ আমি জানি,neutral,bn
আমাদের সাথে যোগাযোগ করার জন্য ধন্যবাদ. অভিযোগের নিষ্পত্তি হয়েছে।,neutral,bn
একনাথ শিন্ডে কি মহারাষ্ট্রকে সমৃদ্ধ করে না? তাদের কি সেই ক্ষমতা নেই?,neutral,bn
আজ অনেক দেরি করে এসেছি..কোন স্পেশাল মেনু নেই..সুর...মাই জাগেনি..,neutral,bn
তোমার ভিড়ও এক ধরনের মায়া।,neutral,bn
ঔরঙ্গাবাদের সিডকো থানায় একটি মামলা দায়ের করা হয়েছে।,neutral,bn
"পতন অবশ্যই আছে, কিন্তু কার?",neutral,bn
আমরা কি সম্মানজনক কিছুর বাড়াবাড়ি মেনে নিই?,neutral,bn
জলগাঁও? এটা কোন শহর? জলগাঁও লেখ। মারাঠি পাখওয়াদা কখন পালিত হয়?,neutral,bn
সঞ্জয় রাঠোদিয়ার অপরাধ ধামাচাপা দেওয়া এত সহজ নয়,neutral,bn
মূলত এরা বালসৈনিক নয় কারণ তারা বাল ঠাকরের মতের সাথে একমত নয়।,neutral,bn
এর জন্য বুঝতে হবে মহারাষ্ট্র মুম্বাই ও পুনের বাইরে।,neutral,bn
এখন এটা ঠিক করা হয়েছে! উদ্ধব ঠাকরের মশাল ঠেকাতে প্রস্তুত শিন্ডের ঢাল-তলোয়ার!,neutral,bn
আর অক্টোবরে স্মার্টফোনের বিভিন্ন চমকপ্রদ ফিচার উপলব্ধ করা হয়েছে।,neutral,bn
মনে হয় এই গল্পটা বাড়িতে বলতে ভুলে গেছি,neutral,bn
"ভক্তদের কাজে লেগে যেতে হবে। না, বিকেসির ফ্লপ শোর পর এটা আরও এগিয়ে যাবে।",neutral,bn
"খুব সুন্দর কার্যকলাপ, আমিও যোগদান করি",neutral,bn
এটা খুবই সত্য,neutral,bn
"হ্যাঁ, এখন পর্যন্ত দুজনকে গ্রেপ্তার করে ফাঁসি দেওয়া হয়েছে?",neutral,bn
"শিবসেনা কেন বিভক্ত হল? আলোচনায় রামদাস কদমের বক্তব্য,...",neutral,bn
মামলাটি সুশান্ত সিং রাজপুতের... তরমুজ কতজনকে গ্রেপ্তার করেছিল...,neutral,bn
"মারাঠাওয়াড়ায় ফের ভারী বর্ষণ, ক্ষতিগ্রস্ত 'এই' জেলাগুলি!",neutral,bn
বিয়ে করতে। লানিকে লাগা কা বলে,neutral,bn
"মারাঠি ভাষায় লিখুন ভাই, আমি কিছু বুঝি না।",neutral,bn
"মমতা বন্দ্যোপাধ্যায় প্রধানমন্ত্রী মোদীর কাছে আবেদন, 'সৌরভ গাঙ্গুলিকে হেনস্থা করা হচ্ছে' অভিযোগ",neutral,bn
"মেট্রো সিটি ইত্যাদি নেই, সাধারণ বিবাদ, ভুল বোঝাবুঝি বা মারামারি দেখা যাবে মাত্র সাড়ে তিন জেলায়।",neutral,bn
"ভাই, আপনার জন্য... এই বিধায়করা বিজেপির এবং স্পিকার ঠাকরে গ্রুপের...",neutral,bn
আসল কংগ্রেসম্যানরা...তারা এখনও গাড়িতে আটকে আছে।,neutral,bn
তিনি কি এখনো উপনির্বাচনে যাননি?,neutral,bn
আপনার নিজের বাড়িতে এমন ঘটনা ঘটত।,neutral,bn
"নিখিল জি, শেষ পর্বটি শোনা যায় নি, দয়া করে আবার টেলিকাস্ট করুন!!",neutral,bn
এটি ভারতের মতো দেশে খুব কার্যকর হতে পারে।,neutral,bn
কিন্তু এটা এই মত দেখায় ...,neutral,bn
তিনিও একই কথা বলেছেন,neutral,bn
প্যাটি মারবে সমোসা প্যাটি যদি বুঝলাম কি বলেছি,neutral,bn
কি কম,neutral,bn
যদি কিছু না থাকে তবে লিখুন... আমরা এটি এখানেই করব,neutral,bn
তোমার কথা কেন?,neutral,bn
গতবার নান্দেদ আসন চেয়েছিলেন প্রকাশ আম্বেদকর,neutral,bn
সাহেবও মাশালির প্রচার ও প্রসার করেন।,neutral,bn
কোন মায়া আপনার মায়া নয়.,neutral,bn
আজ পুনের বৃষ্টিতে মিশে গেলেও ভেসে যাবে।,neutral,bn
আপনি টুইটার ছেড়ে দিলেও এটি এখন কাজ করবে,neutral,bn
জানার উপায় নেই,neutral,bn
আরে আপনি এটা চান কিন্তু আমরা এটা চাই না,neutral,bn
এখন এটা নিশ্চিত যে মহারাষ্ট্রে ক্ষমতার লড়াই নিয়ে শুনানি চলবে।,neutral,bn
"স্লোগান দিতে থাকুন, সরকারের পতন হবেই, এখন আমাদের এইটুকুই করতে হবে",neutral,bn
সবকিছু উচ্চ কারণ ঘটছে,neutral,bn
আপনি ধার মানে?,neutral,bn
"আর এই বিজেপির দশম জন্ম ধনু ভাই, বিস্ফোরণের জন্য প্রস্তুত হন।",neutral,bn
"আপনার প্রশংসার জন্য ধন্যবাদ, আমরা পরবর্তী পদক্ষেপের জন্য আপনার অভিযোগটি সংশ্লিষ্ট থানায় পাঠাচ্ছি",neutral,bn
কিন্তু কোনটি?,neutral,bn
সকালে এত নিচে হেলিকপ্টার উড়বেন না.. এটা স্লিপ মোডে থাকা উচিত।,neutral,bn
"একা নন, এর আগেও এমন সব নাটক হয়েছে।",neutral,bn
"আমি আপনাকে গত মাস থেকে মেইল ​​করছি, দয়া করে চেক করুন এবং স্যার উত্তর দিন।",neutral,bn
পরিকল্পনা একটি বাস্তব সাফল্য বিবেচনা করুন.,neutral,bn
"এখন দলের নেতারা কাকে ধন্যবাদ জানাবেন, রাজ সাহেব, পাওয়ার সাহেব নাকি ফড়নবীস সাহেব?",neutral,bn
"বিশ্বাস করুন, রাজনৈতিক ব্যবস্থা বদলে যাবে... শুরু হবে পুনে থেকে।",neutral,bn
তারা কি কখনও শেষ?,neutral,bn
কিন্তু সেই অনুষ্ঠানে তিনি তার মনের কথা বলেছেন... এটা একটা ভালো কথা।,neutral,bn
"রাও,,, সবাই একই স্কুলের ছাত্র বলে মনে হচ্ছে।",neutral,bn
এটা কঠিন,neutral,bn
আপনার অভিযোগ সংশ্লিষ্ট কর্তৃপক্ষের কাছে পাঠানো হয়েছে।,neutral,bn
অনেক কিছু পাবেন..,neutral,bn
দ্বারে দ্বারে যান। ভোট চাইতে যান। দ্বারে দ্বারে যাওয়া ফেরালের কী হল?,neutral,bn
নেতৃত্ব দিতে!! - ডঃ বাবাসাহেব আম্বেদকর।,neutral,bn
"কাল কিছুই হবে না, এবিসি ফিরে আসবে",neutral,bn
সাড়ে তিন জন কি কখনো জেলার বাইরে গেছে?,neutral,bn
"কাবাদ যাত্রার নামে ভিড়, সভা-সমাবেশে মানুষ আসছে না",neutral,bn
"আপনি কি হতবাক? আপনার কাছে নয়, উদ্ধব গোষ্ঠীর কাছে।",neutral,bn
এটা আমাদের সবার জন্য..,neutral,bn
"হ্যাঁ। এই কি আমার মনে আসে. মানে, তার দল কি বিভক্ত?",neutral,bn
"আসলে, মানুষ উদযাপন উপভোগ করে ...",neutral,bn
আমাদের কোন ঐতিহ্য নেই...তাই এই বাক্যটি পান্ডে জির সাথে খাপ খায় না।,neutral,bn
"বিশেষ করে টিভি মারাঠি, এনসিপি মাজা এবং ভোকামত",neutral,bn
আপনি উচ্চ পদে উঠলে সময় কম লাগবে।,neutral,bn
ঠাকরে গ্রুপের নেত্রী সুষমা আন্ধারেনের বিরুদ্ধে মামলা দায়ের করা হয়েছে; এখন কি গ্রেফতার হবেন ভাস্কর যাদব?,neutral,bn
"কুলকার্নি, তুমি কি কখনো পুনেরি পাগড়ি দেখেছ? মুন্ডাসে? কোলহাপুরী ফেটা?",neutral,bn
ট্যুর ক্যান্সেল করা হয়েছে এবং আজকে নেওয়া সম্ভব নয়,neutral,bn
"অ্যাপ, টিভিসি ও জিঙ্গেল উন্মোচন করলেন মুখ্যমন্ত্রী",neutral,bn
একজন শিল্পীর প্রতিটি শিল্পকর্মের সাথে অবশ্যই তার নাম যুক্ত থাকতে হবে।,neutral,bn
উপমন্ত্রীর কিছুই নেই,neutral,bn
পৃথিবী প্রতারিত হয় কারণ ভিতরে যা মনে হয় তা নয়,neutral,bn
"প্রশ্ন হল, আপনি কি মনে করেন এই রাজ্য সরকার সঠিক?",neutral,bn
এটি দিলওয়ালে অজয় ​​দেবগনের,neutral,bn
লেখক এই টুইটটি কাউকে সতর্ক করার জন্য করেছেন যে আমি কনকনে আছি,neutral,bn
রাজ্য সরকার সম্প্রতি ঘোষণা করেছে জেলার অভিভাবক মন্ত্রী মো. এ নিয়ে সরকারের সমালোচনা হচ্ছে।,neutral,bn
ভক্তরা এই ভিডিওটি পছন্দ করবেন না...,neutral,bn
"কোথায় উদ্ধব সাহেব ঠাকরে, কোথায় অর্ধাবতনাথ",neutral,bn
"তাহলে কি দেগালুর, পন্ধরপুর, কোলহাপুর মহারাষ্ট্রের বাইরে?",neutral,bn
"হে প্রিয়, বাঁচো, শামুক খাও আর সাহারার হাতির মতো ঘুমাও",neutral,bn
রাজনীতিতে আসার পর কী করেছেন তা চিনতে পারছেন না,neutral,bn
মহারাষ্ট্রের উজ্জ্বল ভবিষ্যতের জন্য স্বচ্ছ নিয়োগ...,neutral,bn
সমস্যায় পড়বেন অর্জুনের বাবা.. 'আপ্পি আমছি কালেক্টর' আজ! সন্ধ্যায় বা,neutral,bn
দিওয়ালি স্যার আপনি এটা করতে পারেন?,neutral,bn
টপার দিব্যাংশি জৈন কীভাবে পরীক্ষার জন্য প্রস্তুতি নিলেন?,neutral,bn
"এখন ফড়নবীস কী করলেন, কেন তাঁকে কটূক্তি করছেন।",neutral,bn
পুনে জিমে বোর্ড।/_,neutral,bn
যাদব সাহেবের দুজনের কষ্টই আলাদা। এই দিকে মনোযোগ দিন।,neutral,bn
দ্বিতীয় কাজ...কাল থেকে,neutral,bn
আজ রৌদ্রোজ্জ্বল তাই ধন্যবাদ জানাতে কোন সমস্যা নেই মোদীজি।,neutral,bn
প্রতিবেশী রবির সাথে আমাদের ঝগড়া হয়েছিল তাই এই বছর রবির লাডু বাতিল করা হয়েছে!,neutral,bn
এটা ভক্তদের দ্বারা করা হবে না,neutral,bn
আপনি এটি নিয়েছিলেন এবং এটি লিখেছিলেন তাই এটি সঠিকভাবে লেখা নাও হতে পারে,neutral,bn
আর সেই ব্যক্তিই আধুনিক ‘অনাজিপ্যান্ট’!,neutral,bn
সেগুলি খুব বড় বিষয়.. এই বিষয়গুলি সমাধান করতে সময় লাগে।,neutral,bn
একটি সম্পর্কের আয়না না করে মানুষের সুখ এবং দায়িত্ব নিয়ে বাঁচতে শেখা উচিত।,neutral,bn
স্যার আমাদের বিশেষ বন্ধু,neutral,bn
শহরের মানুষের কাছে আমার বিনীত অনুরোধ মহারাষ্ট্রে খরা থাকায় অনুগ্রহ করে জল কম ব্যবহার করুন।,neutral,bn
শিক্ষা দরকারী কারণ আপনি নতুন দক্ষতা আবিষ্কার করতে পারেন এবং আরও ভাল চাকরি পেতে পারেন।,neutral,bn
আমি মনে করি না বিজেপি এটা করবে কারণ রাজনীতি ধর্ম ও ঐতিহ্যকে ঘিরে,neutral,bn
খেলোয়াড়দের কঠোর পরিশ্রম এবং বিশেষ দিকনির্দেশনার জন্য এই পদক দেওয়া হয়,neutral,bn
আপনার রাজ্যে মধ্যবিত্তের হাতি যেমন মিষ্টি কিছু খুঁজে বেড়াচ্ছিল...,neutral,bn
"আমি তাদের চিনতাম না, তবে তাদের পেট ধরে থাকতে দেখে আশ্চর্যজনক।",neutral,bn
"এর উত্তরে ভক্তরা বলবে, সাধুদের বংশবৃত্তান্ত জিজ্ঞাসা করা হয় না।",neutral,bn
এটা করবেন না... সবই দলীয় প্রতীক ও নামের খেলা,neutral,bn
"নিরামিষ হিন্দু জাতি কেন? যদি হ্যাঁ, আমিষভোজী হিন্দুদের কি হবে?",neutral,bn
গোটা মহারাষ্ট্র তোমার কারাদণ্ডে খুশি,neutral,bn
করোনা বছরের ভালো দিক - ডাঃ বিজয় পন্ধরী পান্ডে।/--…,neutral,bn
তারা এটা বোঝে কিন্তু মুখ ফিরিয়ে নেয় না।,neutral,bn
পৌর কর্পোরেশন ঠিক করে না কতটা বৃষ্টি হবে – উপমুখ্যমন্ত্রী দেবেন্দ্র ফড়নবীস।,neutral,bn
"এখন বিজেপি তীর ধরেছে, অনেক খোঁজাখুঁজি করেছে কিন্তু হাত খালি।",neutral,bn
আমি দুদিনের মধ্যে নান্দেদ জেলায় যোগ দেব,neutral,bn
সেজন্য আমি ভিতরে যাই না,neutral,bn
আগে না এবং এখন না,neutral,bn
"জ্যোতিষীর অভাব, তাও সব জ্যোতিষীর",neutral,bn
আপনার অনুসারীর অভাব সম্পর্কে অনেকেই হয়তো অভিযোগ করেছেন।,neutral,bn
এটা ভুয়া খবর,neutral,bn
কেন PFI নিষিদ্ধ করল সরকার? এগুলো হলো প্রধান কারণ...,neutral,bn
ক্ষমতায় থাকতে বড় নিয়োগ সম্ভব নয়... নির্বাচনের আগে সব আসন পূরণ হবে।,neutral,bn
যুদ্ধের পরে সবকিছু প্রস্তুত,neutral,bn
আমাদের ভিতরের ভয়ই ঈশ্বরের জন্ম দেয়।,neutral,bn
আগস্ট মাসে কোঙ্কন এবং মধ্য মহারাষ্ট্রে ভারী বৃষ্টির সতর্কতা।,neutral,bn
এমন ছবির বিরুদ্ধে দাঁড়ানো ঠিক নয়।,neutral,bn
) জোশী ওয়াদেওয়ালে ) ওয়াদেওয়ালে জোশী আমাদের কোথাও কোনো শাখা নেই!,neutral,bn
অন্যরা কেন ঘুমাচ্ছে?,neutral,bn
এখন এই সংকটের সময়ে পাঠ করা হবে হনুমান চালিসা।,neutral,bn
"আমি নীরজ, নীরজ চোপড়া নই",neutral,bn
একটি স্প্রে আছে?,neutral,bn
উপজাতীয় ভাইয়েরা উপস্থিত ছিলেন।,neutral,bn
মারাঠি প্রার্থী থাকলেই ভোটের ভূমিকার কারণেই এমন সিদ্ধান্ত নেওয়া হত।,neutral,bn
"এই প্রতিবেদনে বলা হয়েছে, চীনের প্রবৃদ্ধির হার ভারতের বৃদ্ধির হারের চেয়ে কম।",neutral,bn
কোলহাপুর উপনির্বাচনের সময় বিজেপি এই ঐতিহ্যের জন্ম দিল কোথায়?,neutral,bn
দেখা যাচ্ছে যে সমস্ত তীর্থস্থানে ভারতমন্তী যাত্রা হয়,neutral,bn
কেন দেখা রাখা না,neutral,bn
ইয়াম্যাও এটা বলতে পারে,neutral,bn
এর আগে সাজিদ খানের বিরুদ্ধে অভিযোগ এনেছিলেন টিভি অভিনেত্রী কনিষ্ক সোনি।,neutral,bn
"এটা কি, মিষ্টি আলু, তারা ঠিক আছে",neutral,bn
যারা দেশি মদ পান করেন তারা ইংরেজি জানেন না।,neutral,bn
আমার সময় নেই,neutral,bn
"আমি জানি লেখার পিছনে আপনার কোন অনুভূতি নেই, তবে কথাগুলো অবশ্যই ঠিক নয়। আমি এটা বলেছি কারণ আমি এটা ভুল ভেবেছিলাম",neutral,bn
মানে? তুমি কষ্ট পাবে!,neutral,bn
খুব পরিশ্রম করতে হয়েছে। এ সময় তাকে মারধর করা হয়।,neutral,bn
একটি কাজ সম্পন্ন করা হয় নি,neutral,bn
অসুবিধার জন্য দুঃখিত। আপনার অভিযোগের অভিযোগ নম্বর প্রদান করুন.,neutral,bn
মা ভবানী এবং সমগ্র মহারাষ্ট্র আপনার সাথে আছে স্যার...,neutral,bn
"আমি গতকাল এই বিষয়ে একটি বিস্তারিত থ্রেড লিখেছি, এটি পরীক্ষা করে দেখুন!",neutral,bn
এটি ছিল একটি আগুন যাকে আমরা পানিচু (পাতা বিচ্ছু) বলতাম। কিন্তু মানুষ মরে না।,neutral,bn
লাসুরগাঁওয়ে অভাবী মহিলাদের মধ্যে অশোক সোনাওয়ানের গরম কাপড় বিতরণ।//…,neutral,bn
কোলহাপুর উপনির্বাচনের সময় সংস্কৃতি ছুটিতে ছিলেন।,neutral,bn
আগে যা আসে তার যত্ন নিন। রাষ্ট্র নিয়ে চিন্তা করবেন না,neutral,bn
"ট্যাগিং চালিয়ে যান, এটি তাদের সাথে যোগাযোগ করার একমাত্র উপায়",neutral,bn
তাহলে আপনি কি মনে করেন যে বালা সাহেবের হিন্দুত্বের এই শক্তি ছিল না?,neutral,bn
"তিনি চিৎকার করে নয়, কাজ করে দেখিয়েছেন তার দেশপ্রেম।",neutral,bn
এখনো কোনো ব্যবস্থা নেওয়া হয়নি। কাজ চলছে।,neutral,bn
দেশীয় এলপিজির এই প্রস্তাবে অনুমোদন দিয়েছে কেন্দ্রীয় মন্ত্রিসভা,neutral,bn
সত্য কিন্তু বৈদর্ভের জনগণই বিদর্ভের ভাঙনের জন্য দায়ী।,neutral,bn
"মায়ের শুভ দিন শুরু হচ্ছে, আপনার ইতিবাচক মনোভাব থাকতে হবে।",neutral,bn
কিন্তু পুনেতে বৃষ্টির কারণে তারা ফড়নবিস্কাকা ও অমৃতকাকুকে ঠান্ডা করেছে।,neutral,bn
টাকলে গ্রুপ কি কটূক্তি করছে?,neutral,bn
যুবকদের স্বনির্ভর করতে প্রত্যেকেরই অবদান রাখা উচিত - রাজ্যপাল ভগত সিং কোশিয়ারি।,neutral,bn
পরিবার কি আপনাকে দেখেছে?,neutral,bn
কোম্পানির নাম প্রকাশ করে এর বিরুদ্ধে প্রতিবাদ জানান।,neutral,bn
এতে নারী যে স্থানটি নিয়েছে তা একটি শিক্ষা,neutral,bn
"অনুমোদিত রিসেলার এখন সার্কুলার রোড সাংওয়ান চক, ডাবওয়ালি রোডে খোলা",neutral,bn
"ভারত হারেনি, জিতেছে ইংল্যান্ড",neutral,bn
তাই হয়তো লেখা হতো না কারণ আমার কাছে মহারাষ্ট্রের এমের চেয়ে গুজরাটের গু বেশি ভালো লাগে।,neutral,bn
ভারী ছিল,neutral,bn
মনে রাখবেন সিগারেটও বায়ু দূষণ ঘটায়,neutral,bn
এটা প্রচার করার জন্য একটি সামান্য জিনিস,neutral,bn
হ্যাঁ আমি জানি পুনে জেলা কোথা থেকে এসেছে,neutral,bn
"বালা সাহেব প্রবোধনকারের উত্তরাধিকারী, তোরসেকারের কথায় পাত্তা দেবেন না, তিনি বৃদ্ধ, তিনি যা চান তাই বলেন।",neutral,bn
টাকা আত্মসাতের মূল হোতা গ্রেফতার,neutral,bn
সাত লাখ টাকার মুরগির বিশৃঙ্খলা; পুলিশ করেছে...,neutral,bn
কেডিএমসির সহযোগিতায় নতুন ডাম্পিং গ্রাউন্ড তৈরি করা হচ্ছে,neutral,bn
"রাউত, যিনি কাউকে নিয়ে এই বক্তব্য দিয়েছেন, তিনি এখনও শীর্ষে রয়েছেন",neutral,bn
আপনার স্বরাষ্ট্রমন্ত্রী কোটি কোটি টাকা চাঁদা আদায়ে ব্যস্ত ছিলেন শুনে খুশি হয়েছিলেন এবং চার্জ চাপতে হয়নি!,neutral,bn
জনগণ রাজপথে ক্ষমতা নিয়ে এসেছে,neutral,bn
আর সেই পর্ন তারকা প্রথমেশের কাকার কী হবে?,neutral,bn
এই ঘটতে বাধ্য ছিল,neutral,bn
: নির্বাচন পর্যন্ত তিনি কি বিজেপিতে থাকবেন? রানেকে সরাসরি আক্রমণ আদিত্য ঠাকরের,neutral,bn
আপনার পেট ব্যাথা কেন? ধুতি যোগব্যায়াম করুন,neutral,bn
ঘরে বসে থাকার মানে কি?,neutral,bn
আমাদের নিজেদের ছোট-বড় চাকরিজীবীদের এ কথা বলা ভুল।,neutral,bn
"হে রাম, হে রাম",neutral,bn
নতুন সুযোগ খুঁজে পেতে কিছুটা সময় লাগবে।,neutral,bn
তাই আপনার সময় খারাপ,neutral,bn
কিন্তু এটা একটা ধর্মযুদ্ধ।,neutral,bn
সে এবং দৈত্য যে কোনও বিষয়ে কথা বলে,neutral,bn
এর আগেও এমন চেষ্টা করা হয়েছে। মোদি যখন গুজরাটের মুখ্যমন্ত্রী ছিলেন তখন তাঁর এই স্টাইল ছিল।,neutral,bn
কিছু লোক গুজব ছড়াচ্ছে...যেমন আমরা শিন্দে গ্রুপে যাচ্ছি...,neutral,bn
সুবোধ ভাবের নাম দেখলেই কালাল সিনেমাটি আপনার জন্য নয়,neutral,bn
আমি ইটালি জেলায় যোগ দেওয়ার কথা ভাবছি...,neutral,bn
মিকি রসিকতা করেছে,neutral,bn
এটি ছেড়ে অন্য যোনিতে প্রবেশ করা প্রয়োজন।,neutral,bn
কিন্তু কে এই?,neutral,bn
: শ্বশুরবাড়ির পক্ষ থেকে থানায় দেওয়া অভিযোগের ভিত্তিতে মামলা করা হয়েছে।,neutral,bn
পাওয়ারের কৌশল বোমা হামলা হতে পারে,neutral,bn
বুদ্ধিমান লোকেদের বলা শুরু করবেন না যে মারাঠি মিডিয়া একটি বিকল্প কোণ।,neutral,bn
দলটি মূলত কংগ্রেসের দল ছিল.. জরুরি অবস্থাকে সমর্থন করে,neutral,bn
দাদা মুক্ত ছিলেন,neutral,bn
এটা একটা ফাঁকি মিস্টার প্রেসিডেন্ট,neutral,bn
আপনি কি শুধুমাত্র টুইট করেন বা নীচের মন্তব্যগুলি পড়েন?,neutral,bn
বেচারা পিষ্ট হবে.. শিব ভোজন থালি উপভোগ করে এমন অনেক লোক আছে..,neutral,bn
আকাশ জি মারাঠওয়াড়ার উন্নয়ন ব্যাকলগ পূরণের দাবি পূরণ করেছেন।,neutral,bn
নির্বাচন ঘনিয়ে আসায় তেমনই কিছু ঘটছে।,neutral,bn
এই কি হয়,neutral,bn
বৃষ্টির কারণে ভারত বনাম নিউজিল্যান্ডের অনুশীলন ম্যাচ বাতিল।,neutral,bn
নির্বাচনকে সামনে রেখে এটি করা হচ্ছে। কিন্তু বিজেপি হেরে যাবে,neutral,bn
কেউ চিঠি লিখেছে কেন?,neutral,bn
বাকি শেনিকানরা আরও খুশি হবেন.. ভবিষ্যতে ঋতুজা লাটকেও শিন্দে গ্রুপে যোগ দেবেন..,neutral,bn
আমরা কখনই বুঝতে পারিনি যে এটি কতটা সময় নেয়।,neutral,bn
সরকারি সিদ্ধান্ত জনস্বার্থে,neutral,bn
ইনজুরির কারণে টি বিশ্বকাপ থেকে ছিটকে গেলেন শ্রীলঙ্কার শীর্ষস্থানীয় ফাস্ট বোলার দুশমন্থ চামেরা।,neutral,bn
এটাকে কি বিষ বলে??,neutral,bn
কিন্তু ওই অফিসে কেউ কাজ করে না,neutral,bn
: এই নবরাত্রিতে এই গাছগুলি বাড়িতে আনুন; আর্থিক সমস্যা কমবে!,neutral,bn
প্রথমে প্রমাণ করুন যে আপনি এতে অবদান রাখছেন না,neutral,bn
জিতনে আমাকে ব্লক করেছে,neutral,bn
তাহলে জোটের আগে আত্মসমর্পণ করে নির্বাচনে লড়তে হলো কেন?,neutral,bn
কার্তিক যাত্রায় ভক্তরা যাতে কোনো অসুবিধার সম্মুখীন না হয় সেদিকে খেয়াল রাখতে হবে - জেলা ম্যাজিস্ট্রেট গজানন গুরভ,neutral,bn
"শিগগিরই সব শ্রমিকের ওপর থেকে নিষেধাজ্ঞা উঠে যাবে, চিন্তা নেই",neutral,bn
আমি খুব ভাল জানি না,neutral,bn
"চন্দ্রকান্ত খয়েরে বলেন, গুরগ্যায় এটাই সত্য",neutral,bn
তাহলে যে জিজ্ঞেস করে সে তো নয় চাচা...,neutral,bn
শুধু ট্রোলিং রাজনীতি নয়। এই কাজ প্রয়োজন.,neutral,bn
স্বায়ত্তশাসিত প্রতিষ্ঠানগুলি বিশ্বস্ত কিনা তা ভেবে দেখুন...,neutral,bn
সব বাক্স ঠিক আছে?,neutral,bn
নামকরণ অনুশীলনের সময় কিরীট সোমাইয়া অনুপস্থিত...,neutral,bn
কে দেশদ্রোহিতা করেছে? আসল শিবসেনার দশেরার সভায় বলা হয়েছে বালা সাহেবের শিবসেনা।,neutral,bn
কি দেখতে গিয়েছিলেন? কেন ভাঙ্গা মাপ,neutral,bn
ওই লাডো কি তার ছিল?,neutral,bn
এর মানে রুপির দাম না কমলে ডলার শক্তিশালী হয়েছে। যে মত কিছু,neutral,bn
বালা সাহেবের শ্যালকের একটা বাহিনী আছে,neutral,bn
|| মিঃ || পরম ভালোবাসায় একটি অনুরোধ করা হলো 'প্রেমাগ্নি'।,neutral,bn
ঋতুজা লটকে সামনে বিজেপির পিছু হটতে 'এগুলো' মানে!,neutral,bn
এটা আমাদের বোধগম্যতার বাইরে,neutral,bn
এটা কতবার করা যাক,neutral,bn
এটা নেতিবাচক,neutral,bn
তাদের ভাবা উচিত শেয়ার করে লাভ কি।,neutral,bn
"আপনি এখনও সেখানে কাজ করেননি, কবে করবেন?",neutral,bn
যে ভদ্রলোককে অতুল ভাখালকরের ভাই বলে মনে করা হয় তিনি অনেক ছুঁড়ে ফেলেন এবং দুজনেই দেখতে একই রকম।,neutral,bn
ছয়বারের বিশ্ব চ্যাম্পিয়ন মেরি কম মুম্বাই ম্যারাথনের শুভেচ্ছাদূত।/-/…,neutral,bn
"আরে আন্টি, আগে গানটা ভালো করে শোন। টুইট করতে",neutral,bn
তারা নিশ্চয়ই বুঝতে পেরেছেন যে তারা বিজেপির কাছে হারতে চলেছেন।,neutral,bn
আগামী স্থানীয় নির্বাচন এই জোটের সঙ্গেই লড়বে- নম। দীপক কেসরকার,neutral,bn
বালাসাহেব থোরাটের উদয় রাও,neutral,bn
শুধু ভাইয়ের ভোটেই কি রাজ্যে সরকার গঠিত হয়? এর,neutral,bn
"আপনার আসন্ন সপ্তাহ, সাপ্তাহিক রাশিফল ​​(অক্টোবর পর্যন্ত) জানুন",neutral,bn
বেল কোন ব্যাপার না. ....কিছুই বাঁকানো যায় না।,neutral,bn
ওয়েস্ট ইন্ডিজ তাকে খুঁজছে এবং তিনি এখানে একটি ভূমিকা পালন করছেন।,neutral,bn
প্রথমে এই পোস্টটি সরান এবং মারাঠি ভাষায় সচেতনতা ছড়িয়ে দিন।,neutral,bn
"দীঘে সাহেবের আসল বোন শিন্দে সাহেবের সাথে আছে, কি বলেন?",neutral,bn
ওয়েস্ট ইন্ডিজের আগে শৃঙ্খলায় পিছিয়ে আসা উচিত ছিল,neutral,bn
বিয়ের ফাঁদে পড়ার চেয়ে ভালো আর কিছুই হতে পারে না।,neutral,bn
"মুম্বাইতে কাটিয়া, BEST এর বহরে বর্তমানে বেশ কয়েকটি বৈদ্যুতিক বাস রয়েছে।",neutral,bn
কবে এসটি একীভূত হবে স্যার?? এখন সিদ্ধান্ত আপনার হাতে।,neutral,bn
"প্রধান বিচারপতির এখানেই শেষ নয়, তার পরে কেউ আসবে",neutral,bn
বিশেষ্য নিশ্চিত এখন কি আসছে না,neutral,bn
কৃষিমন্ত্রী ছাড়া বাকি সবাই প্রবল বৃষ্টি দেখছে...সাত্তার ভাই,neutral,bn
আপনি কি ভাইভু দিওয়ালি কেনাকাটা করেছেন?,neutral,bn
তাই চারটি চিরন্তন জাগরণ রয়েছে।,neutral,bn
দুটি চুরি; এক লাখ টাকার জায়গা লুট করেছে চোরেরা,neutral,bn
যেহেতু সে বিদেশে পড়াশোনা করে,neutral,bn
পুনে থেকে মুম্বাইগামী একটি কন্টেইনারের ব্রেক খান্ডালা বোরঘাটে ব্যর্থ হয়।,neutral,bn
তার চোয়াল লজ্জায় ফাঁক হয়ে গেল,neutral,bn
পুনের জনসংখ্যা লক্ষাধিক এবং উপচে পড়া ভিড়,neutral,bn
"স্পর্শ কারো সঙ্গ উপভোগ করার একটি উপায় হতে পারে, লালসা নয়।",neutral,bn
কঠিন,neutral,bn
ফাল্গুনী পূর্ণিমার চাঁদনী রাতে চাঁদের আলো ছড়ায়,neutral,bn
লাকা তুমি মারাঠি নাকি বিহারী?,neutral,bn
মৃত্যুকে ভয় না পেয়ে সময়ে সময়ে মনে রাখা উচিত।,neutral,bn
নোট- বানান সংশোধন প্রয়োজন! বাকি রচনাটি ভালো।,neutral,bn
সুতরাং আপনার অস্তিত্ব আরও ভাল মানুষের জন্য প্রতিশ্রুতিবদ্ধ।,neutral,bn
হা হা হা এটা একটা বড় সমস্যা ডিপি না না,neutral,bn
এটা কি কাজ করেছে নাকি?,neutral,bn
তুমি বেদশাস্ত্রের শুভ মূর্ত প্রতীক। অগণিত মহিমা তোমার সমৃদ্ধি।,neutral,bn
"ভারত হারেনি, ইংল্যান্ড জিতেছে নির্মলা আত্যা",neutral,bn
এক মালীতে সব টাকা। রাজনীতি হ্রাস করুন এবং বেকারত্বের দিকে মনোনিবেশ করুন,neutral,bn
দানা ফেলে দিয়ে ঘোড়া কেনার কথা বলছো???,neutral,bn
মুম্বাই পুলিশ কাজ করছে না দয়া করে নোট করুন,neutral,bn
"কেন আপনি """" এর পরিবর্তে """" ভুয়া নাম ব্যবহার করেন?",neutral,bn
তিনি মহারাষ্ট্রপ্রেমিক ও দেশপ্রেমিকদের প্রিয়। সহানুভূতি শব্দটি অনুপযুক্ত,neutral,bn
এটা হতে চলেছে কিন্তু জয় শিবসেনার নয়।,neutral,bn
হ্যাঁ তিনি.,neutral,bn
নিজ দলে থেকে তাদের পরাজিত করা কি ভালো লাগে?,neutral,bn
"যদি না হয়, আমাদের মুখে টাকা ছুঁড়ে দিন এবং আমরা এটি তৈরি করব",neutral,bn
"এটা সত্য, কিন্তু খুব কম লোকই এটা করে",neutral,bn
না... এটার কোনো মানে হয় না,neutral,bn
আপনি কি বলতে পারেন কোন শব্দটি ভুল?,neutral,bn
কিন্তু যখন এত বৃষ্টি হবে তখন কী ব্যবস্থা নেওয়া হবে তা ঠিক করতে হবে পুরসভাকে।,neutral,bn
আপনি কি মন্ত্রিসভা সম্প্রসারণ না করে আফসোস করছেন?,neutral,bn
মনে হচ্ছে মানুষ বিজেপিকে প্রত্যাখ্যান করেছে। যদিও আপাতত।,neutral,bn
পরিস্থিতি এমন যে প্রতি মিনিটে দেরি করছে তারা।,neutral,bn
সংবিধান কি ফাঁদে ফেলেছে? তাহলে এভাবেই রাজনীতি হচ্ছে!,neutral,bn
তারা বলবে অন্ধকারকে পরাজিত করতে হবে,neutral,bn
যদি একই ঘরে একজন দেশপ্রেমিক এবং একজন বিশ্বাসঘাতক থাকতে পারে,neutral,bn
ওয়াইনগঙ্গা ও চুলাবাঁধ নদীতে বন্যার কারণে লখান্দুর-পাভানি-নাগপুর সড়ক বন্ধ,neutral,bn
"এটি ইনস্টাগ্রাম নয় যে রাজাকে অনুসরণ করার পরে এবং অনুসরণ করার পরে, বেবি",neutral,bn
প্রবীণ রাউত এবং সঞ্জয় রাউত নামের মিল এবং কিছু ব্যক্তিগত তথ্যের ভিত্তিতে সম্পর্কযুক্ত হতে পারে,neutral,bn
কাজের জন্য... খুব বেশিদিন নয়...,neutral,bn
অবাধ অভিব্যক্তি হল মুক্তার প্রশংসা করা,neutral,bn
জীবনে ভুল হওয়ার সাথে সাথে সমাধান খুঁজে বের করতে হবে। যদি আমরা সমাধান খুঁজে না পাই তাহলে আমাদের একসাথে সমাধান খুঁজে বের করা উচিত বা বিজ্ঞ ব্যক্তির পরামর্শ নেওয়া উচিত। সবকিছুর জন্য একটি সমাধান আছে.,neutral,bn
রাজস্থানের তথ্য কি সত্যি?,neutral,bn
এটা কি ভেজা ছিল?,neutral,bn
সাত দিনের ভাগবত জ্ঞান গঙ্গার উদ্বোধন।,neutral,bn
"একবার এই প্রকল্পটি সম্পন্ন হলে, এটি বস্তি পুনঃউন্নয়ন প্রকল্পগুলির জন্য একটি মডেল হবে,” তিনি বলেছিলেন।",neutral,bn
জয় মহারাষ্ট্র বলে কিছুই অর্জিত হবে না,neutral,bn
"ধীরে ধীরে সবাই আসবে। দয়া করে ডাহানু, পালঘর দেখুন।",neutral,bn
আসক্তির কারণেই ধনীরাও দরিদ্র হয়ে যায়। বুঝলেন ভাই?,neutral,bn
এবং সৃষ্টিকেও উৎসাহিত করা হয়।,neutral,bn
তাহলে কি আলাদা কিছু বললাম?,neutral,bn
গুজরাটে পাটিদাররা তার বিরুদ্ধে প্রতিবাদ করেছিল।,neutral,bn
সত্যিই কি ঘটছে জানি,neutral,bn
আমি শুনেছি স্ক্রিপ্ট সেখান থেকেই এসেছে,neutral,bn
গণতন্ত্রও এর জন্য অভিপ্রেত নয়। কিন্তু লটকের প্রার্থিতা ভুল ছিল!,neutral,bn
"আমি একজন মহাকাশচারী, পৃথিবীতে আসতে আমার টাকা দরকার, মহিলার মূল্য কোটি টাকা...",neutral,bn
পুলিশ গাড়িটি চেক করলে সেখানে গুটখার মজুত পাওয়া যায়।,neutral,bn
অতুল পাতিল,neutral,bn
কর্মীদের প্রাণে বেঁচে আছেন এই নেতারা। শ্রমিকদের চিন্তা করা উচিত,neutral,bn
"আসন খালি থাকলে বক্তৃতা চলে, তাহলে সংখ্যা কম হলে স্কুল বন্ধ কেন?",neutral,bn
মঞ্চে যত মানুষ আছে সামনে তত মানুষ।,neutral,bn
নির্ধারিত হার কি কি তা ঘোষণা করা হবে বলে আশা করা হচ্ছে।,neutral,bn
তারা বিরক্ত তাই তারা নতুন নতুন আইকন খুঁজছেন,neutral,bn
আমাদের জানানোর জন্য ধন্যবাদ. আমরা আমাদের বিভাগকে অভিযোগটি সমাধানের জন্য অনুরোধ করেছি।,neutral,bn
এর কোনো প্রয়োজন হবে না এবং সরকারের পতন হবে,neutral,bn
"মুম্বাইতে চোখের ব্যথা, চোখে ব্যথা বা সংক্রমণ অনুভব করার সাথে সাথেই এটি করুন...",neutral,bn
কারণ সে স্বর্গের দিকে মুখ ফেরাতে পারে না,neutral,bn
বাঁধে জল না থাকলে হয়তো অজিত পাওয়ার একথা বলতেন,neutral,bn
বিধায়কদের অযোগ্যতার মামলার আলাদা করে শুনানি হবে বলে কেউ কেউ বলছেন এটা কি সত্যি?,neutral,bn
তাহলে কি মুম্বাই গুজরাট গুয়াহাটিতে চলে গেল?,neutral,bn
?? মহারাষ্ট্রে এর অবদান কি????,neutral,bn
এই একমাত্র সমাধান,neutral,bn
নীরজ চোপড়া &; মাননীয়। প্রধানমন্ত্রী,neutral,bn
এই সেই সাওয়ান্ত যিনি একবার কোঙ্কনে মহারাজার বিরোধিতা করেছিলেন...,neutral,bn
নির্বাচন কি?,neutral,bn
সরোজিনী দেশাই তার নাম এবং তার স্বামী হত্যার কারণে শিব সৈনিক জেলে ছিলেন।,neutral,bn
"সবাই দরগা ও মসজিদ দেখতে অভ্যস্ত, তাই এটা গ্রহণযোগ্য নয়।",neutral,bn
এই উভয় ব্যক্তিই তাদের নিজস্ব উপায়ে গুরুত্বপূর্ণ এবং মূল্যবান,neutral,bn
তারা বিরিয়ানি খেতে গিয়েছিল যেখানে তারা তাদের আত্মীয় ভেবেছিল,neutral,bn
আমি আগামীকাল খাব,neutral,bn
"তার মুখ দেখে রাউতিয়া জেল থেকে ছাড়া পায়নি, কার লাভ হবে?",neutral,bn
কাকুও সুরাটে যাচ্ছেন বলে গুঞ্জন আছে।,neutral,bn
অর্থ উপার্জন এবং খারাপ ঋণ ভুলে যাওয়ার স্মৃতি,neutral,bn
: তাই সিংহগড় রোডে ব্যবস্থা নিল মিউনিসিপ্যাল ​​কর্পোরেশন,neutral,bn
"কেউ জানে না তুমি কে, তাই বারবার যেতে ইচ্ছে করে কেন",neutral,bn
উত্তরদাতাদের সংখ্যা দিন দিন বাড়ছে,neutral,bn
ওহ এখানে এবং সেখানে,neutral,bn
এর মানে কি আপনি ফড়নবীস স্যারকে বিশ্বাস করেন না? বাড়ির মালিক কে?,neutral,bn
এই ভোটটি নিজেই অসাংবিধানিক ছিল...অনুচ্ছেদ অনুযায়ী এই ভোট দেওয়া অবৈধ...,neutral,bn
ছেলেমেয়েদের ক্ষতি হলে বোনাস পয়েন্ট,neutral,bn
"টুইটার নেই, শুধু একটি অপমান ছেড়ে দিন, এবং আপনি একটি বোতাম পাবেন...",neutral,bn
তুমি কি কাক হয়ে যাও?,neutral,bn
"কথিত আছে যে, নৃত্যরত ময়ূরের আঁকাবাঁকা পা রয়েছে।",neutral,bn
কে জিজ্ঞেস করছে?,neutral,bn
এখন মহারাষ্ট্রেও বন্দে বন্দে বন্দে তখনই হবে যখন মহিষ হোঁচট খাবে।,neutral,bn
দেখুন এখান থেকে এসেছে কিনা।,neutral,bn
একবার ছড়িয়ে পড়লে রক্ষণাবেক্ষণে কোনো সমস্যা নেই,neutral,bn
এক সময় এমএনএস নেতা এই বিশেষণ দেননি,neutral,bn
প্রথমে এটা স্বীকার করতে হবে যে সীমা আছে...,neutral,bn
ভাই সবসময় সাহায্য করার জন্য আছে,neutral,bn
এতে অবাক হওয়ার কিছু নেই যে শিশুটির যত্ন নেওয়ার জন্য বলা হয়েছে... সে তার প্রাচীন জ্ঞান এবং সাধারণ জ্ঞান জানত...,neutral,bn
ভালো আইডিয়া কিন্তু ফাদমানভিস কি আপনার কথা শুনবে??,neutral,bn
এটা তার মা তাকে বলছিলেন,neutral,bn
গোপাল ভাই কুমোর হওয়ায় আজ বিজেপি গ্রেফতার হচ্ছে।,neutral,bn
মানুষ MNS কে বিকল্প হিসেবে দেখছে।,neutral,bn
দেখাতে চাচ্ছেন পরশের মালিক কতটা যোগ্য?,neutral,bn
"মহাভারত কবে ঘটবে,,, শীঘ্রই অর্থাৎ আর কত দিন?",neutral,bn
মোবাইলের যুগে একমাত্র সেই ব্যক্তিই সফল হবে যে ১০টায় ঘুমায় আর ১০টায় জেগে ওঠে।,neutral,bn
- বন বিভাগ কর্তৃক বাঘ ধরা; মানুষ আক্রমণ করা হয়,neutral,bn
আমার নীতি হল মিথ্যা মতামত বলা এবং মতামত শোনা,neutral,bn
ফলে ধ্বংস হতে চলেছে এই বালতি,neutral,bn
এখন বেশি কথা বলবেন না..ভিডিও পাঠান..তুমি বেশি কথা বল..কম কম..চলো কাজে লেগে যাই।,neutral,bn
এখনও কি রোহিত ও বিরাটের মধ্যে পার্থক্য আছে? সব প্রশ্নের উত্তর পেতে এই ভিডিওটি দেখুন,neutral,bn
শুধু হেরোইন নেওয়া হয়েছে এবং দেওয়া হয়েছে।,neutral,bn
তিনি এটা লিখতেন কিন্তু বেতন টাকার উপরে নয় তাই এখন...,neutral,bn
"থোরাট, ভিখে, আম্বেদকর নামের অপব্যবহারের জন্য আদালতে যাবেন।",neutral,bn
"আজও তাদের লোকেরা জীবিকার জন্য মুম্বাই যায়, এই কমিশনারের চেয়েও এই স্যার ব্যর্থ হয়েছেন।",neutral,bn
প্রেমে বিশ্বাস!,neutral,bn
তার কোভিড চালু ছিল,neutral,bn
সত্যি কিন্তু এই বাক্সগুলো কতদিন চলবে? এই একদিন শেষ হবে। তাহলে কি?,neutral,bn
"""কিন্তু এখন সেই দোকানগুলো বন্ধ"" যাই হোক না কেন",neutral,bn
আপনি কি মনে করেন না মহারাষ্ট্রের উন্নতি হওয়াটা গুরুত্বপূর্ণ?,neutral,bn
বলটা একটু পড়ে যাওয়া উচিত ছিল,neutral,bn
"ভাইয়া জনতা পার্টি, আপনি মারাঠি প্রার্থীদের দৌড়াচ্ছেন?",neutral,bn
কেন আপনি বিজ্ঞাপন?,neutral,bn
"রজার ফেদেরারের বক্তব্য, ""অবসরের পরিকল্পনা ভেঙ্গে পড়ার কথা ছিল তাই আমি দ্রুত অবসরের ঘোষণা দিয়েছিলাম।""",neutral,bn
সেই যন্ত্রণা কাটিয়ে ওঠার জন্যই তিনি পৌঁছেছিলেন গুয়াহাটিতে।,neutral,bn
"এটা কঠিন, বাবা",neutral,bn
তিনি চলে গেলেও পেজ কি দিল্লির হৃদয়ের বিরুদ্ধে যাবে?,neutral,bn
থাইরয়েড এড়াতে এই ব্যবস্থাগুলি গ্রহণ করুন,neutral,bn
এটা কি মেইল ​​নাকি বানোয়াট?,neutral,bn
"আপনি যতই বিষণ্নতা ছড়ানোর চেষ্টা করুন না কেন, তাতে কোনো লাভ হবে না।",neutral,bn
"দ্বিতীয় দীপাবলি এসে গেছে, এখন এত টাকার জন্য কাজ করুন (রেফারেন্সের জন্য)",neutral,bn
এটা সঠিক,neutral,bn
"এই নারী, এই জল্পনা গত মাসে কোথায় ছিল? জয় মহারাষ্ট্র",neutral,bn
আপনি যদি আঙ্গুর পান তবে আপনি বেবুন পাচ্ছেন না,neutral,bn
আপনাকে গুরুত্বপূর্ণ বিষয় ছাড়া সবকিছু দেখানো হয়েছে...,neutral,bn
"তোমার জন্য কি প্রযোজ্য, অসহায়ত্ব?",neutral,bn
আমরা মঞ্জুর জন্য এটি গ্রহণ,neutral,bn
"বান্দ্রা রেলওয়ে স্টেশনের কাছে একটি জরাজীর্ণ স্কাইওয়াক ভেঙে পড়েছে, কিন্তু...",neutral,bn
পদত্যাগ করুন এবং নির্বাচনে প্রতিদ্বন্দ্বিতা করুন,neutral,bn
আমরা এ বছর মেডিকেল কলেজ চালু করার সিদ্ধান্ত নিয়েছিলাম। ক্ষমতা হস্তান্তরের পর কি করলেন?(/),neutral,bn
পথে মহারাষ্ট্রের ঐতিহ্যবাহী স্থানগুলি আবিষ্কার করুন :),neutral,bn
"মূল প্রশ্ন হল, বত্রিশ বছরে দাম কি একশো গুণ বেড়েছে?",neutral,bn
"টাটা গ্রুপের বড় পদক্ষেপ! তালিকাভুক্ত কোম্পানির সংখ্যা অর্ধেক হবে, লাখ লাখ শেয়ারহোল্ডারকে প্রভাবিত করবে।",neutral,bn
কাজকে বাবা বলা উচিত.. কোথায় বালা সাহেব নিজে আর কোথায় তিনি.. এই সব কঠিন..!!,neutral,bn
এটা হাস্যকর যে তারা পাওয়ারকে বিশ্বাস করে এবং পাওয়ার তাদের বিশ্বাস করে,neutral,bn
প্রজন্ম থেকে প্রজন্মে খাদ্যের জন্য ভিক্ষা করার একটি মহান ঐতিহ্য রয়েছে।,neutral,bn
আমি এই কারণে আনফলো করব না... চিন্তা করবেন না।,neutral,bn
স্বার্থ ভুল হলে পর্দার আড়ালে থেকে রাজনীতি করে বিজেপি সরাসরি মানুষকে উস্কে দেবে।,neutral,bn
"জির মতে, পুনে জেলায় এমন কোনো বিধায়ক নেই যিনি মন্ত্রী হওয়ার যোগ্য।",happy,bn
"বৈশালী ঠক্কর আত্মহত্যা মামলার পলাতক আসামি পুলিশ হেফাজতে, বৈশালীর সঙ্গে তার সম্পর্ক কী ছিল?",happy,bn
"প্রযুক্তি সংস্থাগুলি ""...কে সামগ্রী সরবরাহ করার চেষ্টায় কতদূর যাবে তা দেখে অবাক হচ্ছেন""",happy,bn
তা দেখে পাওয়ার মিটিং করে অনুরোধ করেন। কোন মুখ থেকে কথা বলবেন উদ্ধব ঠাকরে?,happy,bn
শুনেছি মুখ্যমন্ত্রীর পিএ আপনার কানের নিচে বাজিয়েছেন... এটা কি সত্যি?,happy,bn
বর নতজানু হওয়ার জন্য প্রস্তুত ছিল কিন্তু তার বাবা ঠিক মুহূর্তে বিয়ে ভেঙে দেন।,happy,bn
আর খোপকার কি আজ তার ভাগের শক্ত গাঁজা মেরেছে???,happy,bn
তাই কান্না শুনতে আগ্রহী,happy,bn
তাইসাহেব কি ঘুমিয়ে পড়েছে? মূকনাট্য মহাবিকাশ আঘাদি কোথায় জিতেছে...,happy,bn
"গোটা মহারাষ্ট্র দেবেন্দ্র জির জন্য গর্বিত, আমি আপনাকে জিজ্ঞাসা করি কে একজন ছদ্মবেশী সাংবাদিক, একজন অসহায় সাংবাদিক।",happy,bn
"খুব ভোরে একটা খারাপ স্বপ্ন নিয়ে ঘুম থেকে উঠলাম, পরের দিন এখন সব সুখ",happy,bn
ফাসনাভিসের গদ্দারনাথ এবং অনেক ভালো কাজ করেছেন নানা,happy,bn
এখন থাপা শিন্দে গ্রুপের অভিভাবক মন্ত্রী হবেন এই গুজব কে ছড়ায়?,happy,bn
"জল জমা করা উচিত নয়, জলযুক্ত কেলপ কাজ করছে",happy,bn
মাভিয়া প্রার্থী পাবেন না-বাবনকুলে,happy,bn
বিজেপি যখন সরকারে ছিল তখন কীভাবে এমন হল?,happy,bn
এটা কি সত্যি? কিভাবে বিশ্বাস করবেন?,happy,bn
সাধক তুকদোজি মহারাজকে তাঁর মৃত্যুবার্ষিকীতে শত শত প্রণাম।,happy,bn
সিন্ধুদুর্গ রেলস্টেশন কেন গত এক ঘণ্টা অন্ধকার?,happy,bn
"দীপাবলি এসো, ঘটতে দেখুন",happy,bn
বেঞ্জামিন টাটি দ্বারা হোস্ট করা হয়েছে...কিন্তু কি বলা হচ্ছে বুঝতে পারিনি...,happy,bn
ভাস্কর যাদবের বিরুদ্ধে পুনেতেও একটি মামলা দায়ের করা হয়েছে...ব্রেকিং,happy,bn
আপনার ক্ষমতার আসন ছিনিয়ে নেওয়া হয়েছে,happy,bn
দারিদ্র্য ভুলে যাবেন না এবং সম্পদের জোয়ার আসতে দেবেন না - শ্রদ্ধেয় শ্রী বালাসাহেব ঠাকরে।,happy,bn
মানে কি.. ভাদা পাভ করনি আর নারকেল জলের মতো জলপ্রপাত?,happy,bn
হিন্দি ছবির ব্যর্থতায় কি দেশের অর্থনীতি ভেঙে পড়ছে? রাকুল প্রীত সিংয়ের বক্তব্য সর্বত্র আলোড়ন সৃষ্টি করে,happy,bn
বিশ্বে একমাত্র রোহিত বাপটেরই কমন সেন্স আছে।,happy,bn
"""আমার বাবা আইন লিখেছেন, তাই আমি এটিকে সম্মান করব।""",happy,bn
আমাদের সকলের আমাদের কুলদেব জয় হো এর দর্শন করা উচিত,happy,bn
আদিত্য একজন জননেতা...দাদার থেকে,happy,bn
আপনি আপনার মনের কথা বলছেন... সংসদেরও মনে রাখা উচিত লোকশাহির আন্নাভাউ সাঠে কী বলেছিলেন...,happy,bn
ভাগ্য রাবণকে বিশ্বাস করে কিন্তু আপনার ভগবান শ্রী রামকে কাল্পনিক মনে করা হয়।,happy,bn
:'এই' মাল্টিব্যাগার স্টক তিন সপ্তাহে লাখ টাকা আয় করেছে!,happy,bn
এটাই আমি শুনতে চেয়েছিলাম,happy,bn
ওটা আমার সোনাপদী...,happy,bn
বাবা সাহেব আম্বেদকর এক ছিলেন এবং থাকবেন,happy,bn
আমেরিকার এক কৃষক মুরগির গলা কেটে ফেললেও মুরগি মরেনি।,happy,bn
আব্বাব মানে খেলা চলছে নিঃশব্দে,happy,bn
এটা সঠিক..,happy,bn
শিবভোজন প্রকল্পের তদন্ত হবে! পরিকল্পনা থামবে না!!!,happy,bn
রাজনৈতিক বিশ্লেষক অমল স্যার উত্তর মহারাষ্ট্রে একজন বড় নেতা হিসেবে পরিচিত।,happy,bn
বন্ধুরা প্রস্তুত হও! এখন দুধের দাম এত বাড়বে!,happy,bn
"অন্ধ্রপ্রদেশ, তেলেঙ্গানা, কেরালা, কর্ণাটক, তামিলনাড়ু, এই সব রাজ্যই দারুণ সাফল্য পাবে।",happy,bn
নানা পাটেকর দাদা,happy,bn
এটা বিশ্বাস করা হয় যে মোটা ভাইকে বিচারের ঈশ্বর দ্বারা শাস্তি দেওয়া হয়েছিল।,happy,bn
ডিসেম্বর পর্যন্ত কি এভাবেই বৃষ্টি হবে?,happy,bn
জনস্বার্থ সরকার জনগণের দ্বারা গৃহীত সরকারী সিদ্ধান্ত জনস্বার্থে,happy,bn
'বিজেপি মহারাষ্ট্রের ঐতিহ্য ধরে রাখতে কাজ করেছে'; একনাথ শিন্ডের প্রতিক্রিয়া,happy,bn
এর মানে কি দেবেন্দ্র ফড়নবীস একজন দূরদর্শী নেতা? ফড়নবীস এই কাজটি করেছেন...,happy,bn
"ওহ, কিন্তু এতক্ষণ কোথায় ছিলে?",happy,bn
এটা কি তরবারি নাকি ছোরা????,happy,bn
লোকেরা আপনার ধারণা পছন্দ করে কারণ আপনার বিশ্লেষণ তীক্ষ্ণ।,happy,bn
বড় খবর! শিন্ডে সরকার আরেকটি গুরুত্বপূর্ণ সিদ্ধান্ত নিল,happy,bn
তখন আপনি পাকিস্তান ছিলেন এবং ভারতের বিরুদ্ধে জিতেছিলেন,happy,bn
"লা লিগার সেরা ম্যাচ এফসি বার্সেলোনা বনাম রিয়াল মাদ্রিদ, এটা হবে উন্মাদনা।",happy,bn
এটাও বালা সাহেব,happy,bn
"নতুন দল, নতুন নাম, একটি আসনে নির্বাচন, ময়দানে এমএলএ-এমপি",happy,bn
তিনি একজন সৈনিক...,happy,bn
দুজনেই মন থেকে সত্যি বলছি..!,happy,bn
গান ভারী,happy,bn
এগুলো সব হলুদ! মিনি জেজুরি স্টেশনে আজ আয়োজন!,happy,bn
বালা সাহেব ছিলেন একজন কট্টর পুরানো শিব সৈনিক।,happy,bn
এত ভালো খবর কিন্তু সেই লাইনটা মনোযোগ আকর্ষণ করছিল,happy,bn
আসল দীপাবলি তাঁর হাতে,happy,bn
এটা আসলে শুরু হয় না. এই দিনটির জন্য আপনি অপেক্ষা করছেন,happy,bn
এই ছেলে তৃতীয় পক্ষ হবে!,happy,bn
"আমি কিচ্ছু জানি না, শুধু এখন দেখছি আমি এ বিষয়ে কিছুই জানি না।",happy,bn
". এমনকি তার চুল ড্যান্ডি হবে না, তিনি একটি শাঁখা কানের দুল পরেছেন।",happy,bn
"এত কিছু সত্য হওয়া সত্ত্বেও দেব-দেবীর জন্ম, শিশুদের বিনোদন ইত্যাদির কোনো গল্প না থাকার কারণ কী?",happy,bn
এই ছবি কবে সত্যি হবে...এবং কিভাবে...একটি অনুমান...দেখা যাক...,happy,bn
শিন্ডে সাহেব জনকল্যাণমূলক সিদ্ধান্ত নিয়েছেন,happy,bn
আমিও.. গোকর্ণের মহাগণপতি সেখান থেকে খুব কাছে..,happy,bn
আমি ভেবেছিলাম এটা আমার জন্য,happy,bn
জনগণের স্পষ্ট ভোট বিজেপি।,happy,bn
এই ভালবাসা ছড়িয়ে দেখুন..,happy,bn
বালা সাহেব একজন ছিলেন এবং তিনি একজন ঠাকরে,happy,bn
হাসো না.. আমি হাসলাম আর হাসলাম... এখন পর্যন্ত,happy,bn
বাবা ছগন ভুজবলের আজ সরস্বতী মাতার বক্তব্যকে আমলে নেওয়ার অনুরোধ...জয় শ্রী রাম!!,happy,bn
এই নেতা শিন্ডের কাছ থেকে সব ছিনিয়ে নিলেন..! মহারাষ্ট্রে এই ভাষণ নিয়ে আলোচনা! ...,happy,bn
এটা কি ধরনের শব্দ?,happy,bn
তাহলে আপনি মানে ওয়াগলে একজন সাংবাদিক????,happy,bn
এটা খারাপ হওয়া উচিত ছিল.. এটা কিভাবে স্বাভাবিক হল..,happy,bn
কেন আশা পারেখ বিয়ে করেননি?; কারণ আপনি অবাক হবেন!,happy,bn
বিজয় আপনার হবে,happy,bn
: বলা হচ্ছে এটাই সেরা ও সবচেয়ে বিপজ্জনক ওপেনিং জুটি!,happy,bn
"সবাই ঠাকর, কিন্তু বালা সাহেব একজনই।",happy,bn
ওহ! কি,happy,bn
চলো ভালো খাবার খাই.. মটকা কুলফিও খাই,happy,bn
"শুভ রাত্রি, হিন্দুরা। গরু সেবাই শ্রেষ্ঠ সেবা",happy,bn
পেরিয়ারের লেখা কিছু সামাজিক স্তরে প্রতিদিন পড়া উচিত।,happy,bn
জনগণের সমর্থন পাওয়া সম্মানের বিষয়; কংগ্রেস সভাপতি পদের ফলাফল নিয়ে শশী থারুরের প্রতিক্রিয়া,happy,bn
"এই দিওয়ালি উৎসবে আপনারা সবাই বেড়াতে যেতে চান, আমি আমার বন্ধুদের সাথে হরিদ্বার যাচ্ছি।",happy,bn
এমন খাবার সম্মান ও সম্মানের সাথে খাওয়া উচিত...!!,happy,bn
আপনি কি দীপাবলির জন্য একটি মানিব্যাগ পেয়েছেন?,happy,bn
চিকেন লেগ পিস খ্যাত উলহাস কামাঠে কি সেকেলে?,happy,bn
সাম্প্রতিক বৃষ্টির কারণে পুনের ট্যাপ স্টপ এলাকার নাম রিভার স্টপ করা হয়েছে!!,happy,bn
"কিন্তু, আমি পড়েছিলাম যে বাপু সত্য ব্যবহার করছেন।",happy,bn
ম্যাচ হাতে রেখেই কি সিরিজ জিতে গেল বলতে চান?,happy,bn
"বিজেপিতে যোগ দেব না, এনসিপিতেই থাকব- একনাথ খড়সে",happy,bn
লাই হাসলো রাও... প্রথম পড়ার সময় এটা খেয়াল করিনি,happy,bn
প্রতিটি বন্ধুত্বের একটি সম্পর্ক আছে এবং প্রতিটি সম্পর্কের একটি বন্ধুত্ব আছে!,happy,bn
ভারতে স্বাগতম ভাই... এত দিন কোথায় ছিলেন...?,happy,bn
লক্ষ্মণের পা তার! বাবুজির কন্ঠে এই গানটি শুনুন। জয় শ্রী রাম।,happy,bn
এখন কেউ 'উইকি দাতা' হতে পারে না। এর মানে হল 'বীর্য' বারবার দান করা যাবে না।,happy,bn
"এটি সত্যিই একটি আশ্চর্যজনক বিশ্ববিদ্যালয়, প্রত্যেকের এটি পরিদর্শন করা উচিত।",happy,bn
সময়ের প্রয়োজন এই আচার্যজীকে জ্ঞান প্রদান করা...,happy,bn
এই দেশকে পরিষ্কার করতে হলে সবার আগে মানুষের চিন্তা-চেতনা পরিষ্কার করতে হবে...,happy,bn
রামায়ণ আমাদের পরিচয়ের একটি বিষয়। এবং আমাদের পরিচয় নিয়ে পরীক্ষা-নিরীক্ষা সহ্য করা হবে,happy,bn
"আমার জন্য অমাবস্যা, আপনি কি আমার জন্য বটপূর্ণিমাকে পূর্ণিমার মতো করবেন? -@পূজা ডোমলে(রানু)",happy,bn
"হ্যাঁ, আমি জেলা পরিষদ স্কুলের একজন প্রাক্তন ছাত্র।",happy,bn
ভারতের জিততে হবে,happy,bn
কেসরকার শিরডি সাই বাবার ভক্ত এবং তার হোয়াটসঅ্যাপ প্রোফাইলে বাবার ছবিও রয়েছে।,happy,bn
"তুমি শুধু আওয়াজ দাও, আমরা মাতৃভূমি ও গরীবদের জন্য তোমার সেবায় নিয়োজিত।",happy,bn
এই মুহূর্ত যা সরাসরি হৃদয় ছুঁয়ে চোখকে খুশি করে.....!!,happy,bn
পুলিশ স্মৃতি দিবস উপলক্ষে কর্তব্যরত অবস্থায় শহীদদের প্রতি শ্রদ্ধা..!!,happy,bn
তাদের সবাইকে এনসিপি কংগ্রেসে স্বাগত জানাতে পেরে আমরা গর্বিত।,happy,bn
রাজ্যের সকল মানুষকে কোজাগরী পূর্ণিমার শুভেচ্ছা..!,happy,bn
তিলগুল ফিরিয়ে নাও মিষ্টি কথাও!,happy,bn
"তাওদেজি, আপনার কাজ সুন্দর... কিন্তু দয়া করে মারাঠিতে আপনার কাজের তথ্য দিন",happy,bn
"কোলহাপুরের বাসিন্দা মহালক্ষ্মীর একটি সুন্দর রঙ্গোলি, মহালক্ষ্মী পূজা উপলক্ষে আমার বোনের তৈরি।",happy,bn
"জয় বাবা কেদার নাথ, ‼ শুভ সন্ধ্যা বন্ধু ‼",happy,bn
এখন আপনি আন্তর্জাতিক পর্যায়ে যাচ্ছেন..অভিনন্দন ম্যাডাম..,happy,bn
"কোজাগিরি পূর্ণিমা, শারদ পূর্ণিমার শুভেচ্ছা... .//_/...",happy,bn
আপনি আপনার প্রতিশ্রুতি রক্ষা করেছেন দেখে খুব খুশি। খুব ভালো!,happy,bn
"শুভ সকাল, এটা ভারী",happy,bn
তার নেতৃত্বে কাজ করতে গিয়ে জনমুখী ও উন্নয়নমুখী কাজ করতে হবে। শুভেচ্ছা জানানো হলো। /,happy,bn
আপনাকে একটি খুব শুভ নববর্ষের শুভেচ্ছা..! কিশোর দেবধেকর স্যার,happy,bn
আপনাদের সবাইকে হোলির শুভেচ্ছা!,happy,bn
শুভ জন্মদিন,happy,bn
পঞ্চগব্যের সাথে পবিত্র অংশীদার হওয়া একটি গুরুত্বপূর্ণ অবদান‼‼,happy,bn
খুব ভাল নির্দেশিকা.,happy,bn
"আয়ুর্বেদের গুরুত্ব, হিন্দু ধর্মের এক অনন্য উপহার,//…",happy,bn
আমাদের নাতনি সেলফি তোলা উপভোগ করছে...,happy,bn
রক্ষাবন্ধন ও নরলী পূর্ণিমার শুভেচ্ছা।,happy,bn
পুলিশকে অভিনন্দন! .//…,happy,bn
কোজাগিরি পূর্ণিমার শুভেচ্ছা..!,happy,bn
আপনাকে ধন্যবাদ.. আশা করি আমরা আপনার সমর্থন পাব।,happy,bn
সকল ভক্তদের জানাই মহাশিবরাত্রির শুভেচ্ছা..!! || হর হর মহাদেব ||,happy,bn
এটি সত্যিই একটি দুর্দান্ত ধূপকাঠি। সবাই একবার ব্যবহার করবেন তারপর কেমন লাগলো জানাবেন,happy,bn
আপনাকে খাওয়ারত্ন পুরস্কার প্রদান করতে পেরে আমরা অত্যন্ত আনন্দিত।,happy,bn
লাখে একজন,happy,bn
"প্রফুল্ল দাদা খুব ভাল থ্রেডের মত শোনাচ্ছে, শুধু পড়তে থাকুন।",happy,bn
শুভ জন্মদিন স্যার .. ./_…,happy,bn
পরামর্শগুলি ইতিবাচক প্রভাব ফেলেছিল তা দেখে এটি খুব সন্তোষজনক ছিল।,happy,bn
আসুন আমরা সবাই উপস্থিত হই এবং এই ঐতিহাসিক মুহূর্তের সাক্ষী হই,happy,bn
"অভিনন্দন, এমনকি আমারও এত গতি ছিল না।",happy,bn
চৈতন্যময়ী- দীপাবলি উৎসবের প্রথম দিন হল ভাসুবারস... বাসুবারসের শুভেচ্ছা!,happy,bn
সমস্ত শিব ভক্তদের মহাশিবরাত্রির শুভেচ্ছা!,happy,bn
এই মুভিটি দেখে আমি খুবই উত্তেজিত,happy,bn
সকলকে রক্ষাবন্ধন ও নরলিপূর্ণিমার শুভেচ্ছা...,happy,bn
হ্যালো বৃহস্পতিবার শুভ সকাল,happy,bn
এই ভারী,happy,bn
শুভ নববর্ষ..!স্পৃহা,happy,bn
আপনি অনেক ভালো কাজ করছেন...অনেকের কাছ থেকে আশীর্বাদ পাচ্ছেন। সফল হোন...অনেক শুভেচ্ছা স্যার,happy,bn
শুভ জন্মদিন রাজীব জি,happy,bn
আপনার প্রচেষ্টার জন্য আপনাকে অনেক ধন্যবাদ,happy,bn
সুযোগ হাতছাড়া করলাম। এবং গুরুত্বপূর্ণ সময় নিল!! অভিনন্দন,happy,bn
নমস্তে মা সুপ্রভাত গণপতয়ে নমঃ শুভ অঙ্গারকি চতুর্থী,happy,bn
শুভ নববর্ষ...! -,happy,bn
শুভ জন্মদিন এবং শুভ নববর্ষ ভাই...,happy,bn
ভবিষ্যতে সুখ,happy,bn
মা ঈশ্বর এবং আত্মার সম্পূর্ণ মিলন।,happy,bn
শুভ হোলি! (!),happy,bn
"এই ভিডিওটি আশ্চর্যজনক, এটি আমাকে আমার শৈশবের কথা মনে করিয়ে দেয়।",happy,bn
এ এক বিরাট বিস্ফোরণ!!,happy,bn
শুভ জন্মদিন আমনা জি,happy,bn
শিবসেনা প্রধান উদ্ধবজি ম্যানেজ করতে পেরেছিলেন কারণ তাঁর কাছে বালাসাহেব ঠাকরের সমর্থন ছিল,happy,bn
"ওম নমঃ শিবায়... আপনাদের সকলকে ""মহাশিবরাত্রি"" এর শুভেচ্ছা!",happy,bn
রক্ষা বন্ধন এবং নরলী পূর্ণিমার শুভেচ্ছা আপনাকে এবং আপনার পরিবারকে।,happy,bn
সবাইকে মহাশিবরাত্রির শুভেচ্ছা!,happy,bn
প্রকৌশলীদের দ্বারা নির্মিত ওয়েবসাইটে যারা কাজ করছেন তাদের সবাইকে প্রকৌশলী দিবসের শুভেচ্ছা,happy,bn
"*শুভ নারকেল পূর্ণিমা এবং রক্ষা বন্ধন, শুভ সকাল*",happy,bn
একজন দায়িত্বশীল নেতা হিসেবে আপনার কাজকে স্যালুট!,happy,bn
মহারাষ্ট্র পুলিশকে আন্তরিক স্যালুট,happy,bn
অভিনন্দন স্যার.. সাফল্য পেতে থাকুন,happy,bn
"ভাইয়েরা, আসুন আমরা এটি যতটা সম্ভব মানুষের কাছে ছড়িয়ে দিই...গ্রামীণ এলাকায় গবেষণার প্রবণতাকে প্রচার করি।",happy,bn
মহারাষ্ট্র রাজ্যের মন্ত্রী পদে নির্বাচিত হওয়ায় আন্তরিক অভিনন্দন।,happy,bn
ভারোত্তোলনে রৌপ্য পদক জয়ী মীরাবাই চানুকে অভিনন্দন...,happy,bn
"আমি এটির জন্য খুব উত্তেজিত, প্রত্যেকের এটি দেখা উচিত।",happy,bn
এটা সত্যিই একটি অসাধারণ অভিজ্ঞতা ছিল.,happy,bn
এই ভিডিওটি খুব ভালো। এটা সবার থেকে ভাইরাল হওয়া উচিত...,happy,bn
"আসুন এই নতুন বছরকে স্বাগত জানাই, পুরোনো স্বপ্ন, নতুন ফুল, শুভ নববর্ষ...",happy,bn
"সুখবর, বাবা হয়েছেন বোলার উমেশ যাদব।",happy,bn
স্যার কৃষকদের জন্য কিছু করতে পারেন?,happy,bn
"দৈনিক একমত, দেশোন্নতি, মারাঠওয়াড়া কেশরী পেপারকে ধন্যবাদ...",happy,bn
"ধন্যবাদ তাইসাহেব, আপনার শুভকামনা অনেক শক্তি দেবে",happy,bn
আজ থেকে শুরু হওয়া নবরাত্রি উৎসবের জন্য সবাইকে শুভেচ্ছা!,happy,bn
"প্রবাস উৎসবের জন্য ধন্যবাদ, আমি এখন সাশ্রয়ী মূল্যে আমার ভ্রমণ সম্পূর্ণ করতে পারি।",happy,bn
সন্তনগরী শেগাঁওয়ে স্বরাজ্য পতাকা যাত্রা স্বাগত! ..//,happy,bn
আপনি একজন সুখী কৃষক হোন: সকল কৃষক ভাই ও বোনদের জাতীয় কৃষক দিবসের শুভেচ্ছা।,happy,bn
"নাগপঞ্চমী উৎসবের বিজয়ীদের স্বরাজের সম্মানে একটি শাড়ি, একটি সোনার নাকের আংটি, একটি রূপার আংটি এবং কিছু জিনিস দেওয়া হবে।",happy,bn
যেখানে নিবেদন আছে সেখানে কোনো পরাজয় নেই এবং ভালোবাসার কথাটি একেবারেই সঠিক।,happy,bn
জয় শ্রী রাম চৈত্র পূর্ণিমা এবং হনুমান জয়ন্তীর শুভেচ্ছা,happy,bn
প্রবীণদের সঙ্গে জ্ঞানের অভিষেক - ডঃ মালপানি।//,happy,bn
"সুখী হওয়ার একটাই সহজ উপায়... নিজের থেকে প্রত্যাশা রাখুন, অন্যের কাছ থেকে নয়।",happy,bn
আলন্দিতে একটি গ্রাম এক গণেশোৎসব উদ্যোগে উত্সাহী সাড়া...//,happy,bn
"ওম গন গনপতয়ে নমঃ ওম নমঃ শিবায় গনপতি বাপ্পা মর্যা, মঙ্গলমূর্তি মোর্যা",happy,bn
নতুন বছরের প্রথম প্রভাত মহারসের সাহসিকতার সাক্ষ্য দেয়।,happy,bn
ব্যাডমিন্টন একক ফাইনাল (পুরুষ) চলছে এবং লক্ষ্য সেন দুর্দান্ত খেলছেন।,happy,bn
ধুলেকার মানুষের তরফে বাবাসাহেবকে ধন্যবাদ,happy,bn
সোশ্যাল মিডিয়ার মাধ্যমে প্রথমমেশ সারা বিশ্বে প্রশংসিত হচ্ছে।/-…,happy,bn
রবীন্দ্র পাতিল এবং পরিবার আপনাকে এবং আপনার পুরো পরিবারকে নতুন বছরের শুভেচ্ছা জানায়।,happy,bn
"খুব ভালো লেখা, চমৎকার হুমকি। এই চিন্তাগুলো কিছু মানুষের সাথে শেয়ার করছি,",happy,bn
খুব সুন্দর,happy,bn
"এক সূর্য, এক চাঁদ, এক দল শিবসেনা এবং এক নেতা শ্রী উদ্ধব সাহেব বালা সাহেব ঠাকরে।",happy,bn
"ধন্যবাদ, এই ভূমিকা আপনার কাছ থেকে প্রত্যাশিত ছিল.",happy,bn
| সনাতন পদ্ধতিতে সাংলিতে শিব রায়ের আগমন।,happy,bn
শুভ জন্মদিন ভাই!!,happy,bn
এই ধরনের প্ল্যাটফর্ম যা আমাদের সেরা শিক্ষা দিচ্ছে..দারুণ,happy,bn
আপনি কি জানেন স্যার আপনি সম্মানিত হতে যাচ্ছেন?,happy,bn
প্রশংসনীয় উদ্যোগ ও সঠিক চিন্তা..!,happy,bn
"আমাকে দ্রুত বলুন স্যার, আমরা আপনার জন্য খুব উত্তেজিত",happy,bn
আপনার অতীত অভিজ্ঞতা এবং স্মৃতি আপনার সম্পদ। যেটা শুনতে ভালো লাগে।,happy,bn
শুভ নববর্ষ তাইসাহেব,happy,bn
"খুব ন্যায্য হন, সর্বদা প্রতিনিধি এবং প্রতিনিধি হতে প্রস্তুত",happy,bn
আপনাদের সকলের এই ভালোবাসা সব সময় এভাবেই থাকুক।,happy,bn
সবার জন্য শুভকামনা,happy,bn
মিষ্টি কথা আছে! সবাইকে মকর সংক্রান্তির শুভেচ্ছা!,happy,bn
লোকেরা বিশ্বাস করে যে বিয়েতে নাচ করা সুখ এবং প্রজ্ঞার বিষয়। .,happy,bn
ভারত ডিসেম্বর থেকে GK-এর সভাপতিত্ব করবে এবং প্রথমবারের মতো G নেতাদের শীর্ষ সম্মেলন আহ্বান করবে৷,happy,bn
আমি সত্যিই এই মহান ট্রেলার পছন্দ.,happy,bn
জ্যোতিরাদিত্য জি শিন্ডেকে জন্মদিনের শুভেচ্ছা,happy,bn
কোলহাপুরে দিওয়ালি উদযাপন খুব সুন্দর এবং সেই সময় সেখানে উপস্থিত ছিলেন শ্রদ্ধেয় নেতা রাজ ঠাকরে সাহেব।,happy,bn
পাঁচ হাজার ফলোয়ার পেয়ে আমরা সবাই খুশি,happy,bn
"লেখক, দার্শনিক এবং নোবেল বিজয়ী গুরু রবীন্দ্রনাথ ঠাকুরকে তাঁর স্মৃতি দিবসে আন্তরিক শ্রদ্ধাঞ্জলি।",happy,bn
বিজয় বালা সাহেবের আশীর্বাদ।,happy,bn
ভবিষ্যতের জন্য শুভ কামনা!,happy,bn
মহারাষ্ট্রের পারিবারিক দেবতা খন্ডোবার শুভ চম্পাষষ্ঠী উৎসব!,happy,bn
শুভকামনা... আমরাও আপনাকে সমর্থন করি... জয় বিদর্ভ,happy,bn
কোজাগিরি পূর্ণিমার শুভেচ্ছা!!,happy,bn
এই গুরুত্বপূর্ণ দায়িত্ব পাওয়ার জন্য অভিনন্দন।,happy,bn
শক সম্পর্কে কি? অনেক নতুন শিব সৈনিক সেই শূন্যস্থান পূরণ করতে প্রস্তুত..!!,happy,bn
"খুব সুন্দর স্যার, এই সামান্য সাহায্য সেই পরিবারের সবার মুখে হাসি ফুটিয়েছে।",happy,bn
"সর্ব মঙ্গল মাঙ্গলে, শিবে সর্বার্থ সাধিকা, শরণ্যা ত্রিম্বকে গৌরী, নারায়ণী নমোস্তুতে...",happy,bn
শুভ জন্মদিন ভাই,happy,bn
শুভ যাত্রা গুরুজী। ./_,happy,bn
মারাঠি টাইগার আপনাকে নিয়ে খুব গর্বিত এবং গর্বিত,happy,bn
আমার সহকর্মীদের দীর্ঘায়ু কামনা করছি।,happy,bn
"মহারাষ্ট্র দেশের ইতিহাসে একটি গর্বিত এবং পবিত্র মুহূর্ত হিসাবে পালিত হয়, এর উত্সাহীদের মতামত আরও বেশি উত্সাহী।",happy,bn
"চোয়াল ভাঙা সত্ত্বেও, অনিল কুম্বলে একা ওভার বল করার সাহস পেয়েছিলেন...",happy,bn
"হাওয়া আসে দো, মহারাষ্ট্রের হাসির মেলা আমার প্রিয় অনুষ্ঠান।",happy,bn
ধন্যবাদ বিক্রান্ত জি! আসুন আমরা মারাঠা যুবকদের সুবিধার জন্য একসাথে কাজ করি!,happy,bn
আমাদের বন্ধু ডাঃ আমোল কন্যা রত্ন পেয়েছেন,happy,bn
"যদিও সময়ের সাথে সব পরিবর্তন ঘটবে, আমরা আমাদের সংকল্প ত্যাগ করিনি",happy,bn
রায়গড় জেলায় আপনার সাথে উপস্থিত লোকদের এই বাক্যটি বলার জন্য আপনাকে ধন্যবাদ। মন্ত্রী মেন্টর,happy,bn
তাদের জন্য এক নম্বর আইডিয়া হল ড্রাম বাজানো এবং গান গাওয়া।,happy,bn
সকলকে সংকেত চতুর্থীর শুভেচ্ছা,happy,bn
অভিনন্দন এবং শুভকামনা। পরবর্তী ব্যাচ অবশ্যই আসবে যখন এটি পুনেতে থাকবে।,happy,bn
শক্তিশালী দেবতা মাঙ্গুতকে বন্দী করা হয়েছিল এবং নামগুলি এলোমেলো করা হয়েছিল। আপনার ইতিহাস অধ্যয়ন বিতর্কিত.,happy,bn
আজ থেকে শুরু হওয়া বাঁধ প্রকল্পের উদ্বোধনের জন্য সবাইকে শুভেচ্ছা!,happy,bn
কোজাগিরি পূর্ণিমার শুভেচ্ছা।,happy,bn
সকলকে রক্ষাবন্ধন ও নরলী পূর্ণিমার শুভেচ্ছা..!,happy,bn
মাদ্রাজ ছাত্রদের দ্বারা তৈরি নতুন সফটওয়্যার থেকে সেক্টরটি ব্যাপকভাবে উপকৃত হবে,happy,bn
শুভ জন্মদিন স্যার,happy,bn
"প্রিয় নাথাভাউ খাডসে, আপনাকে নববর্ষের শুভেচ্ছা..//…",happy,bn
সমস্ত নাগরিকদের জন্মদিনের শুভেচ্ছা!,happy,bn
অন্যান্য জনপ্রতিনিধিদেরও এটি অনুসরণ করা উচিত। খুব সুন্দর কার্যকলাপ.,happy,bn
"অভিনন্দন স্যার, আগামীর জন্য শুভ কামনা...",happy,bn
ভীমা কোরেগাঁও বীরত্ব দিবসের শুভেচ্ছা...!!!,happy,bn
আপনাদের সকলের দোয়ায় অনাসরকা সম্পন্ন হলো। সবাইকে অনেক ধন্যবাদ,happy,bn
ভ্রাতৃত্বের অটুট বন্ধনের উৎসব রক্ষাবন্ধন ও নারকেল পূর্ণিমা উপলক্ষে সকলকে শুভেচ্ছা!,happy,bn
"অভিনন্দন ভাই... আপনি ইতিহাস সৃষ্টি করেছেন, বাহুবলী নীরজ চোপড়া",happy,bn
সেই সব সাহসী সাংবাদিকদের জন্য শুভকামনা যারা বলতে থাকেন গণতন্ত্র বেঁচে আছে,happy,bn
ধনুভাই ছাত্রদের রোল মডেল।,happy,bn
শুভ কোজাগিরি পূর্ণিমা!,happy,bn
মীরাবাই চানুকে আন্তরিক অভিনন্দন।,happy,bn
তাদের দেখালেন নারী শক্তি। আপনার সাহসের প্রশংসা করা উচিত।,happy,bn
এ ধরনের অনুষ্ঠান হওয়া খুবই অনন্য। ......,happy,bn
জয় স্বামীনারায়ণ গনপতি বাপ্পা মর্যমঙ্গলমূর্তি মর্যা!!,happy,bn
ভাই বোনের অটুট ভালোবাসা ও সম্পর্কের উৎসব রক্ষাবন্ধনের শুভেচ্ছা...!,happy,bn
ফ্যামিলিজম একটি সুন্দর শব্দ। পরিবারতন্ত্র হল দেশের প্রতি সমগ্র পরিবারের নিবেদন।,happy,bn
আমাদের কথা শোনার জন্য আপনাকে অনেক ধন্যবাদ। আপনি নৈতিক শক্তি পেতে পারেন! ',happy,bn
হর হর মহাদেব পুষ্প জি। শুভ সকাল।//…,happy,bn
ব্যাডমিন্টনে সোনা জিতেছেন পিভি সিন্ধু।,happy,bn
মহালক্ষ্মীর দর্শন দিয়ে নতুন বছরের শুরু...,happy,bn
শুভ নববর্ষ ভাই।/_/…,happy,bn
গুজরাট দ্রুত উন্নয়নের নতুন উচ্চতায় পৌঁছেছে: প্রধানমন্ত্রী,happy,bn
"এগিয়ে যাও ভাই + অনেক অভিনন্দন, অনেক আশীর্বাদ আমাদের, ভূত আসুদা",happy,bn
তারপর থেকে শেগাঁও যাননি তবে অভিজ্ঞ গোদামওয়ালে। খুব ভালো..,happy,bn
"এটি সত্যিই আশ্চর্যজনক, এটি শিক্ষার্থীদের আরও ভাল শিক্ষা প্রদান করবে।",happy,bn
তাদের দীপাবলি খুব জমকালো হবে,happy,bn
"ভারত এবং বিজেপির সাথে হাত মেলান, একসাথে আমরা একটি ভাল ভবিষ্যতের দিকে দুর্দান্ত অগ্রগতি করতে পারি।",happy,bn
মঞ্চ পার হওয়ার জন্য অভিনন্দন,happy,bn
সকলকে ঘাতস্থান ও নবরাত্রি উৎসবের শুভেচ্ছা।,happy,bn
সবাইকে কোজাগিরি পূর্ণিমা দিবসের শুভেচ্ছা!,happy,bn
"সাহেব জয় মহারাষ্ট্র, আমার মৃত্যু পর্যন্ত আপনার সাথে,",happy,bn
জয় সনাতন পবিত্র আর্য ভূমিতে স্বাগতম..বসুদৈব কুটুম্বকম,happy,bn
আপনাকে এবং আপনার পরিবারের জন্য শুভ নববর্ষ,happy,bn
অনেক বালাসাহেব আছেন কিন্তু শ্রদ্ধেয় বালাসাহেব ঠাকরে একজনই।,happy,bn
ভারতের প্রথম পদক ১৯৭১ সালে,happy,bn
শুভ নববর্ষ স্যার..,happy,bn
গরীবের কৈওয়ারী সাহেব আমাদের আসল অহংকার।,happy,bn
ভুটানের সর্বোচ্চ পুরস্কারে সম্মানিত প্রধানমন্ত্রী নরেন্দ্রজি মোদি! আন্তরিক অভিনন্দন,happy,bn
"সহ্যাদ্রি প্রতিষ্টান, পুনে কর্তৃক অনন্য কাজ! .//",happy,bn
জয় ভবানী জয় শিবরায় আমাদের ঐক্যবদ্ধ হওয়া ছাড়া কোন উপায় নেই,happy,bn
: নারওয়াদে স্থানীয় রাজনীতিতে সক্রিয় নেতা হিসেবে পরিচিত ছিলেন।,happy,bn
কেন্দ্রীয় সচিবালয়ের সেক্রেটারি বড় ভাই প্রবীণ গায়কওয়াড়কে জন্মদিনের শুভেচ্ছা।,happy,bn
এটি একটি খুব ভারী থ্রেড... দেশপ্রেমিকদের জন্য পড়তে হবে,happy,bn
'সিন্ধুদুর্গ জেলা প্রকৃতির আশীর্বাদপুষ্ট; 'একটি আদর্শ শিক্ষার পরিবেশ তৈরি করার চেষ্টা করুন।',happy,bn
"স্যার, আপনি বিশ্বস্ত ও নির্ভীক হিসেবে ইতিহাসে লিপিবদ্ধ থাকবেন।",happy,bn
শুভ জন্মদিন ওম আচার্যজি,happy,bn
জয় শিব শম্ভু হর হর মহাদেব শুভ সকাল বন্দনা,happy,bn
ওম সর্বমঙ্গল মঙ্গলে শিবে সর্বার্থ সাধিকা। শরণে ত্র্যম্বকে গৌরী নারায়ণী নমোৎসুতে।,happy,bn
শুভকামনা সহ্যাদ্রি! ./_/…,happy,bn
শুভ নাগপঞ্চমী স্যার,happy,bn
কিন্না সোনা গান সত্যিই আশ্চর্যজনক..সঙ্গীতটি তাজা,happy,bn
ভারতের গর্ব.. বন্দে ভারত ট্রেন..,happy,bn
"শুভ জন্মদিন ""দেবদি দেব"" দাদা!",happy,bn
আপনার মতো দক্ষ কর্মকর্তা থাকলে এই জেলা অবশ্যই এগিয়ে যাবে।,happy,bn
শুভ জন্মদিন স্যার। ./…,happy,bn
এই সমস্ত ছাত্রছাত্রীদের এবং প্রবোধিনীর পুরো টিমের জন্য শুভকামনা!,happy,bn
শুভ জন্মদিন নানাসাহেব,happy,bn
শিবশ্রী পুরুষোত্তম খেদকর সাহেবকে জন্মদিনের শুভেচ্ছা।,happy,bn
"অভিজ্ঞতা অর্জন করুন এবং নিজের উপর বিশ্বাস রাখুন, আপনি বিশ্ব জয় করবেন।",happy,bn
সমস্ত ভক্তদের মহাশিবরাত্রির শুভেচ্ছা!,happy,bn
ফুল জোলার ছেলেটি পিএইচডি করার সাথে সাথেই তোতলার আনন্দ আকাশচুম্বী হয়ে গেল।,happy,bn
তাই মহারাষ্ট্রের রাজনীতিতে দেবেন্দ্রজির মুদ্রা বিরাজ করছে।,happy,bn
"আমি আগেই বলেছিলাম এই ভগবান, বন্ধু.. ভগবান ভাই সত্যিই তোমার।",happy,bn
শুভ নববর্ষ সাহেব সঞ্জয় ওয়াঘমারে আমবাজোগাই,happy,bn
LVM এর সফল লঞ্চের জন্য অভিনন্দন!,happy,bn
শুভ ইঞ্জিনিয়ার দিবস..!!,happy,bn
শিকড় উর্দুতে এবং এটি একটি গর্বিত ঐতিহ্য,happy,bn
সবাইকে হোলি পূর্ণিমার শুভেচ্ছা..!,happy,bn
বিজয় স্তম্ভ ভীমা কোরেগাঁও বীরত্বের অনুপ্রেরণা দেয়....,happy,bn
"তার মেয়ের জন্মের পর, তিনি সমস্ত সীমা অতিক্রম করেছিলেন এবং তাকে স্বাগত জানানো হয়েছিল হাউসওয়ার্মিং অনুষ্ঠানে।/-…",happy,bn
"খুব ভালো,,আমি তোমার সাথে একবার দেখা করতে চাই,এটা কি সম্ভব???",happy,bn
ধন্যবাদ দেবেন্দ্র ভাই,happy,bn
কোজাগিরি পূর্ণিমার শুভেচ্ছা যারা তাদের সহপাঠীদের কাছে সতর্ক ও সচেতন হওয়ার বার্তা ছড়িয়ে দেন।,happy,bn
বদগল ভাইকে আন্তরিক অভিনন্দন যিনি আমাদের ভাইয়ের অনুসারী হয়েছেন। ../,happy,bn
আবার হরিওম...অযোধ্যা জি...সংসেহ জয় মহারাষ্ট্র,happy,bn
"হ্যাঁ, ধন্যবাদ সকল বন্ধুদের, এত বড় উদ্যোগ নেওয়া হয়েছে।",happy,bn
এই বিদ্বেষের যুগে এই ঐক্যের ব্যান্ড যুগ যুগ ধরে স্মরণীয় হয়ে থাকবে।,happy,bn
"সেদিন চাঁদ দেখেছিলাম, সত্যি বলতে আগের চেয়েও ভালো লাগছিল",happy,bn
বিনামূল্যে দুই হাজার চারা বিতরণের মাধ্যমে নববর্ষকে স্বাগত জানানো হয়। ./…,happy,bn
আপনাকে এবং আপনার পরিবারের জন্য শুভ নববর্ষ...,happy,bn
পুরো টিমকে অভিনন্দন... ভবিষ্যতের জন্য শুভ কামনা...,happy,bn
"আপনি রামাই চরিত্রটি খুব ভালভাবে অভিনয় করেছেন, খুব আত্মবিশ্বাস এবং সংলাপ সরবরাহের সাথে।",happy,bn
"শীতল তয়, তুমি ভারী এডিটিং করো, তুমি সব কিছু ম্যানেজ করো কী করে?",happy,bn
হাফকাইন ইনস্টিটিউটকে পুনরুজ্জীবিত করার জন্য মহারাষ্ট্র সরকারকে অভিনন্দন,happy,bn
সাহেব জয় মহারাষ্ট্র..!! আমাদের পুনে জেলা থেকে আন্তরিক স্বাগত,happy,bn
"একজন প্রতিভাবান শিল্পী, একজন দক্ষ নেতা এবং একজন উজ্জ্বল ব্যক্তি, এরা সবাই মিলে সমাজে ইতিবাচক পরিবর্তন আনে।",happy,bn
মহারাষ্ট্রের একমাত্র অভিভাবক ও রক্ষক,happy,bn
সবাইকে ভাসুবারসের শুভেচ্ছা...!,happy,bn
অহিল্যা দেবীর জন্মবার্ষিকী ইয়েলোকোট জয় মালহার মালহার শীঘ্রই আসছে,happy,bn
ওম নমঃ শিবায় হর হর মহাদেব শুভ মহাশিবরাত্রি,happy,bn
অবশেষে আজ ভারত জিতেছে এবং সিরিজও জিতেছে।,happy,bn
খারাপ চিন্তা হোলির আগুনে জ্বলে উঠুক। সবাইকে হোলির শুভেচ্ছা,happy,bn
শুভ মকর সংক্রান্তি!,happy,bn
হাইওয়ে এবং হাইওয়ে ইঞ্জিনিয়ার ছাড়া সকল ইঞ্জিনিয়ারদের জন্য শুভকামনা।,happy,bn
"রাজ শিলেদার কিশোর এবং সাক্ষী রাণেকে শুভ বার্ষিকী, যারা সর্বদা কোলি ভাইদের জন্য ন্যায়বিচারের জন্য লড়াই করেছিলেন।",happy,bn
আপনাকে এবং সমস্ত কংগ্রেস শুভাকাঙ্ক্ষীদের নববর্ষের শুভেচ্ছা! ./…,happy,bn
"স্যার, অভিনন্দন, এখন আগামী নির্বাচনের জন্য শুভকামনা, ভালো প্রচারণা দিয়ে বিরোধীদের চুপ করুন।",happy,bn
আমার এবং আমার পরিবারের পক্ষ থেকে শুভ নববর্ষ,happy,bn
শুভ নববর্ষ ভাই!,happy,bn
"বাহ স্যার, একদম ঠিক",happy,bn
Covishield এবং Covaxin টিকা উভয়কেই তাদের প্রাপ্য দেওয়া উচিত।,happy,bn
শুভ জন্মদিন!! পার্টি কোথায় অনুষ্ঠিত হবে দয়া করে আমাকে জানান।,happy,bn
"এটি সত্যিই আপনার সকলের জন্য একটি আশ্চর্যজনক সুযোগ, এটি মিস করবেন না",happy,bn
এই সাক্ষাত্কারে একটি জিনিস স্পষ্টভাবে অনুভূত হয়েছিল যে খার্গ রাজদীপের চেয়ে মারাঠি ভাল কথা বলে।,happy,bn
সবাইকে মকর সংক্রান্তির শুভেচ্ছা!!,happy,bn
বিষ্ণুপুরীতে গুরুকৃপা প্যাথলজি ল্যাবের উদ্বোধন উপলক্ষে সন্তোষ হাম্বারদেকে অভিনন্দন।,happy,bn
মিনিটের মধ্যে এই কোডটি ব্যবহার করুন %Xtra Suite স্যার,happy,bn
"আপনি আমাদের অনুপ্রেরণা, আমরা আপনার অবদান গর্বিত! জাতীয় স্যার!",happy,bn
খুব ভাল সিদ্ধান্ত,happy,bn
এখন আমাদের বন্য পার্টির পরিকল্পনা করতে হবে! অভিনন্দন।//…,happy,bn
শুভ নারকেল পূর্ণিমা ও রক্ষাবন্ধন উৎসব!!!!,happy,bn
হাজারী হওয়ার জন্য কোলহাপুরকে অভিনন্দন,happy,bn
এবারের পারফরম্যান্স ভালো বিজয় ভাই,happy,bn
সকল ভাইদের জন্য শুভ কামনা..!,happy,bn
একজন বিধায়ক হিসেবে আন্ধেরির নেতৃত্ব দেওয়ার একটা বড় সুযোগ আপনার আছে!,happy,bn
নির্ভীক ও নিরপেক্ষ প্রতিবেদনের জন্য এমন চিন্তার প্রয়োজন ছিল। অভিনন্দন! .//…,happy,bn
আপনার কাজে সৌভাগ্য কামনা করছি!,happy,bn
খুব ভালো সিদ্ধান্ত তাই জয় হিন্দ জয় হিন্দুরাষ্ট্র,happy,bn
ভারাদচি মুঞ্জ একটি অবিস্মরণীয় উদযাপন..//,happy,bn
আপনাকে এবং আপনার পরিবারকে শুভ দীপাবলি,happy,bn
সবাইকে রক্ষাবন্ধন ও নরলী পূর্ণিমার শুভেচ্ছা!,happy,bn
"আপনার দীর্ঘ ও সুস্থ জীবন হোক, আমি বাপ্পার কাছে প্রার্থনা করি।",happy,bn
হিন্দুত্ব বিপদে নেই…এখন হিন্দুত্ব বিপদে নেই…এই জোট হিন্দুত্বের জন্যও…,happy,bn
জয় গোপীনাথ প্রতিষ্টান গর্বিত,happy,bn
সবার জন্য শুভকামনা.. ./.?…,happy,bn
"শুভ জন্মদিন, দাদা। মা জগদম্বার আশীর্বাদ সর্বদা আপনার সাথে থাকুক।",happy,bn
আপনাদের সবাইকে নববর্ষের শুভেচ্ছা! বা,happy,bn
শুভ জন্মদিন ভাই আপনাকে,happy,bn
স্যার আপনাকে নববর্ষের শুভেচ্ছা..,happy,bn
শুভ জন্মদিন স্যারজি,happy,bn
এবং এই টুইট এই মানুষটির দুর্দান্ত প্রতিভা প্রদর্শনে সহায়তা করেছে।,happy,bn
টলিউড সিনেমার গান নাটু নাটুর জন্য অস্কার জয় ভারতের জন্য একটি গর্বের মুহূর্ত।,happy,bn
শুভ নববর্ষ স্যার! ./…,happy,bn
ওম তৎপুরুষায় বিদমহে মহাদেবায় ধীমহি তন্নো রুদ্রঃ প্রভাত। সবাইকে মহাশিবরাত্রির শুভেচ্ছা!,happy,bn
নিয়মগুলো খুব সুন্দরভাবে এবং বিস্তারিতভাবে দেওয়ার জন্য আপনাকে অনেক ধন্যবাদ যাতে সবাই বুঝতে পারে,happy,bn
এটা ঠিক স্যার,happy,bn
"আজ থেকে ভগবতীর জাগরণ, ভক্তরা পাবেন তার নতুন রূপের আভাস।/-/…",happy,bn
ঐতিহাসিক ! দেশ আবার একজন মারাঠি প্রধান বিচারপতি পাবে; এই বিচারকের নাম সুপারিশ,happy,bn
অস্কার পেয়ে ইতিহাস সৃষ্টি করলেন নাটু-নাটু গান...,happy,bn
নববিবাহিত দম্পতির জন্য সুখী জীবনের শুভেচ্ছা।,happy,bn
মৃত্যুঞ্জয় রুদ্রায় নীলকণ্ঠে শাম্ভে অমৃতেশাই রুদ্রায় মহাদেবায় তে নমঃ ওম নমঃ শিবায়!,happy,bn
মহাশিবরাত্রির অনেক অনেক শুভেচ্ছা। সর্বত্র শিব,happy,bn
"আমার কাছে হিন্দু ধর্ম যতটা গুরুত্বপূর্ণ, মারাঠি সংস্কৃতি/ভাষাও ততটাই গুরুত্বপূর্ণ।",happy,bn
"অভিনন্দন, আমরা শীঘ্রই বিয়ে করতে চাই।",happy,bn
সম্ভাজি ব্রিগেডের আঞ্চলিক সহ-সভাপতি রাহুল দাদা বনসোদকে জন্মদিনের শুভেচ্ছা।,happy,bn
হরি ওম নমঃ,happy,bn
"এই ঘনিষ্ঠতা আমাদের ভ্রাতৃত্বকে কতটা বদলে দেয়... বাহ, খুব ভালো হয়েছে..",happy,bn
|| ওম নমঃ শিবায় || আপনাদের সকলের জন্য শুভ কামনা!,happy,bn
নিম্মিত হাটায় সন্ত সন্তজি মহারাজ জয়ন্তী স্বাস্থ্য শিবির ও রক্তদান শিবিরের উদ্বোধনী অনুষ্ঠান,happy,bn
আপনি একটি খুব শুভ নববর্ষ শুভেচ্ছা.,happy,bn
শুভ নতুন যুগ এবং নতুন বছর!,happy,bn
তিনি খুব সুন্দর মারাঠি কথা বলতেন। ওম শান্তি।,happy,bn
"স্যার, আপনার কার্যক্রম খুব ভালো, নতুন নতুন তথ্য শেয়ার করতে থাকুন।",happy,bn
"এই পোশাকগুলি গরবা রাতের জন্য উপযুক্ত, দেখুন",happy,bn
অভিনন্দন এবং ভবিষ্যতের জন্য শুভ কামনা,happy,bn
দেশের প্রথম কৃষিমন্ত্রী ডঃ পাঞ্জাবরাও ভাউসাহেব দেশমুখের জন্মবার্ষিকীতে বিনম্র শ্রদ্ধা।,happy,bn
"টোকিও অলিম্পিক ভারোত্তোলনে ভারতের প্রথম রৌপ্য পদক জিতেছেন মীরাবাই চানু..!! মীরাবাই, অভিনন্দন!!",happy,bn
এটি সম্ভবত প্রাচীনতম রঙিন ছবি এবং আশ্চর্যজনক। আজকাল এক ফ্রেমে পাওয়া যায় না!,happy,bn
1000 পাওয়ার জন্য অভিনন্দন। আশা করি শীঘ্রই যাচাই করা হবে।,happy,bn
_: আমি প্রত্যেক নাগপুরবাসীর পক্ষ থেকে তাকে ধন্যবাদ জানাই।,happy,bn
নির্ভীদ পুনে প্রভব সমাপ্তির জন্য আমাদের সকল বন্ধুদের আন্তরিক অভিনন্দন।,happy,bn
সকলকে ভাসুবারস এবং শুভ দীপাবলি..!,happy,bn
আজ থেকে শুরু হওয়া নবরাত্রি উৎসবের শুভেচ্ছা।,happy,bn
প্রবীণ নাগরিকদের জন্য সুখবর।//…,happy,bn
"শুভ মকর সংক্রান্তি!! তিল আর গুড় খান, মিষ্টি করে কথা বলুন...",happy,bn
ঘটস্থাপনা ও নবরাত্রি উৎসবের শুভেচ্ছা!,happy,bn
"সকল শহীদ পুলিশ কর্মীদের শ্রদ্ধা, জয় হিন্দ",happy,bn
সবাইকে কোজাগিরি পূর্ণিমার শুভেচ্ছা..!,happy,bn
সকল কৃষক ভাই বোনদের মকর সংক্রান্তির শুভেচ্ছা।,happy,bn
ঔরঙ্গাবাদ এবং ওসমানাবাদের উন্নতির জন্য জোশীর প্রশংসনীয় প্রচেষ্টার জন্য আমরা গর্বিত।,happy,bn
আমাদের বড় ভাই শ্রী সন্দীপ ভাউ করন্দে পাটিলকে জন্মদিনের শুভেচ্ছা।,happy,bn
তাঁর জন্মদিন উপলক্ষে আজ শ্রীক্ষেত্র নারায়ণগড়ে আশীর্বাদ নেওয়া হয়।,happy,bn
মহারাষ্ট্র প্রদেশ অসংগঠিত শ্রমিক কংগ্রেসের পক্ষ থেকে সকলকে শুভেচ্ছা!,happy,bn
বিশুদ্ধ সংস্কারের প্রতিফলন...,happy,bn
ভগবান বিষ্ণুর দশম ও শেষ অবতার কল্কি জয়ন্তীর শুভেচ্ছা..!,happy,bn
তুলাপুর পুনে সমাধিতে ছত্রপতি সম্ভাজি রাজেকে শ্রদ্ধাঞ্জলি।,happy,bn
শুভ হোলি শুভেচ্ছা,happy,bn
সবাইকে নারকেল পূর্ণিমা ও রক্ষাবন্ধনের শুভেচ্ছা (/),happy,bn
কথিত আছে যে ভক্তি সহকারে দেবী শৈলপুত্রীর আরাধনা করলে ঘরে ধন ও সমৃদ্ধি আসে।,happy,bn
আপনার বাবাকে শুভ জন্মদিন…কিন্তু আপনি ডায়েট বেবিতে আছেন।,happy,bn
বছরের শুরুতে সুখবর।/_/…,happy,bn
'চলা হাওয়া ইয়ে দিয়া' মঞ্চে ভাউয়ের অসাধারণ জাদু।/--...,happy,bn
শুভ নববর্ষ ভাই..,happy,bn
ডঃ বাবা সাহেব আম্বেদকরের অবদান অনন্য: পানসে।/?=,happy,bn
অভিনন্দন!! শিবসেনা কি মুখপাত্রের পদ পেল? ?,happy,bn
শুভ জন্মদিন কুমুদ,happy,bn
"ধন্যবাদ ভাই, জন্মদিনের শুভেচ্ছা অনেক বেশি ছিল এবং অসাবধানতাবশত উপেক্ষা করা হয়েছিল",happy,bn
"কিছু না, পেঙ্গুইনরা খুশিতে রাণীর বাগানে গরবা খেলছে",happy,bn
সহ্যাদ্রি আপনার যাত্রায় আপনাকে শুভ কামনা জানায়... যত্ন নিন...,happy,bn
প্রকৃতির পক্ষ থেকে শুভেচ্ছা স্যার,happy,bn
"বাপ্পা, অপেক্ষায় কবে তোমার বছর কেটে গেল, এখন তোমার আগমনের বাকি দুই দিন।",happy,bn
শুভ জাফরান বার্ষিকী ভাগবতজি,happy,bn
মুম্বাইয়ের ঘাটকোপারের বাথরুমে ধুলোওয়াদ খেলে বাড়ি ফিরে আসা এক দম্পতির মৃতদেহ পাওয়া গেছে। ..//-…,happy,bn
এটি তার নৈতিক বিজয় কারণ তার সামনে উচ্চাভিলাষী দানবরা ক্ষমতার জন্য জমায়েত হয়েছিল।,happy,bn
নির্বাসনে যাচ্ছে বিজেপি...,happy,bn
পুলিশ স্মৃতি দিবসে দেশের জন্য দায়িত্ব পালন করতে গিয়ে শহীদ হওয়া শহীদদের প্রতি বিনম্র শ্রদ্ধা।,happy,bn
'অন্ধকারে গাড়ি পার্ক করে...' যাত্রার সময় অভিনেত্রীর একটি মর্মান্তিক অভিজ্ঞতা হয়েছিল,happy,bn
এই সন্দীপ পালিয়ে যায়,happy,bn
এটা পড়ে মহেশ কোঠারের কিডনি হার্ট অ্যাটাক হয়ে থাকতে পারে।,happy,bn
বিশ্বচ্যাম্পিয়ন দলকে পরাজিত করলেও নতুন দলকে হারিয়ে খাতা খুলল আয়ারল্যান্ড,happy,bn
তারা আপনার মত তাদের আত্মসম্মান বন্ধক রাখে না.,happy,bn
আমাদের বলতে হবে...এবং এখন লোকেরা তার পদক্ষেপগুলি লক্ষ্য করতে শুরু করেছে।,happy,bn
"সাহেব ইওলা তালুকায় বৃষ্টির কারণে কৃষকদের ব্যাপক ক্ষতি হয়েছে, অবিলম্বে সাহায্য পেতে অনুসরণ করুন।",happy,bn
আমাদের বড়রা কবে জানবে যে অমুক শিশু এটা জানে???,happy,bn
"স্ক্রিপ্ট প্রস্তুত ছিল, দশেরা জমায়েতের পরে হৈচৈ হয়েছিল।",happy,bn
এ সময় পুনের ওপরের মেঘ ফেটে যাচ্ছিল,happy,bn
"দাদা তখন অন্যের হিন্দিতে দাঁত পিষে, এখন দাঁত পিষতে শুরু করে।",happy,bn
ঠাকরের কোনো কাজ হয়নি?,happy,bn
"তিনি দেশের জন্য আত্মত্যাগ করেছেন, আপনি তার পায়ে পড়ার যোগ্য নন।",happy,bn
আগামী কয়েকদিনের মধ্যে আপনার সরকারের পতন হবে...,happy,bn
বুদা কি আগুন ধরেছে?,happy,bn
মুখে এক বাক্স ঘি আর এক ব্যাগ চিনি...,happy,bn
তারপরও হারতে চলেছে বিজেপি,happy,bn
"কালু-বালুর নাটক কি প্রথম...? এটা আশ্চর্যজনক, আপনি এটি একবার দেখতে হবে",happy,bn
শ্রদ্ধা জানাই এবং পরিবারের প্রতি সমবেদনা জানাই।,happy,bn
ছগনরাও ভগৎ সিং সরস্বতীর ভক্ত ছিলেন। কেউ ধান চোর ছিল না,happy,bn
যার আসল শিবসেনা এখন রাজপথে দেখা যাবে। উপনির্বাচনে জিতে রাবণ বধ হবে এটা নিশ্চিত!!,happy,bn
"মর্মান্তিক ! কালওয়া থেকে খারেগাঁও পর্যন্ত রাস্তা বন্ধ, ব্যারিকেড দিয়ে রাস্তা বন্ধ করে দেওয়া হয়েছে।",happy,bn
"এই সিন্ধেশাহী মহাপুরুষের অমূল্য দর্শন, এর সঙ্গে আপস করা ঠিক নয়।",happy,bn
পুলিশ স্মৃতি দিবসে দায়িত্ব পালনকালে শহীদ হওয়া শহীদদের প্রতি জানাই বিনম্র শ্রদ্ধা।,happy,bn
"যারা বলেছিল চাকরি চলে যাবে, ভোটার হারাবে, তাদের মুখে ধাক্কা",happy,bn
কুকুর ক্ষুধায় মারা যাচ্ছে যখন হাতি রাস্তায় হাঁটছে...রাহুল গান্ধী একটি হাতি,happy,bn
বিজয় আপনার তবে সবাইকে সজাগ থাকতে হবে।,happy,bn
কি হল... কার কর্ম ভেঙে গেল?,happy,bn
নাতিকে নিয়ে ধুলোবালি উপভোগ করেন মুখ্যমন্ত্রী।,happy,bn
ভগবান সৎ মানুষের সাথে আছেন............তাই মানুষ জানে আপনার বক্তব্য কতটা সত্য।,happy,bn
যে বরকে বিয়ে না করে মান্ডোয়া থেকে লোক নিয়ে গেছে,happy,bn
"এই নিম্নচাপ বেল্টের ব্যাপ্তি অনেক বড়, এমনকি প্যারিসেও বৃষ্টি হয়!!",happy,bn
"""যদি তার কারণে শিবসেনা শেষ না হয়, তবে তাকে কবর দেওয়ার পরেই শিবসেনা এগিয়ে গেছে।""",happy,bn
এটা জঘন্য,happy,bn
আপনি সত্যিই ... এটা বারবার প্রমাণ করছেন.,happy,bn
পুনে কেঁপে উঠল.. সে পুনেতে প্রতিযোগিতামূলক পরীক্ষার জন্য প্রস্তুতি নিচ্ছিল এবং হঠাৎ ..,happy,bn
কিডনিতে কি সত্যিই কৃমি আছে?,happy,bn
"বর্তমান নোংরা রাজনীতি বিবেচনা করে, MNS মানুষের জন্য একটি কার্যকর বিকল্প। এখন জয়ের জন্য লড়াই করুন।",happy,bn
আমরা ইংরেজি মিডিয়া বয়কট করেছি।,happy,bn
ছত্রপতি শিবাজি মহারাজকে নিজের সঙ্গে তুলনা করা উচিত নয়। মহারাজা কখনই জনসাধারণকে প্রতারণা করেননি,happy,bn
"রিল তৈরি করতে আপনার যদি একটি ভাল মোবাইল ফোনের প্রয়োজন হয়, তাহলে TikTok তারকার চমকপ্রদ কীর্তি!",happy,bn
আন্তরিক শ্রদ্ধা নিবেদন করা হচ্ছে,happy,bn
এটি সংঘর্ষ হতে পারে...মহিলাদের কটূক্তি করা...খুব জোরপূর্বক যুক্তি...,happy,bn
"আদর্শ প্রেরণা প্যান্থার, প্রয়াত শ্রদ্ধেয় নামদেব ডি গায়কওয়াড়, (মা) এর মৃত্যুবার্ষিকীতে তার মহৎ স্মৃতির প্রতি আন্তরিক শ্রদ্ধাঞ্জলি।",happy,bn
"যারা জিততে চায়, কিন্তু যারা রাজনীতি করে, যারা বলে আমরা হেরে যাই, তারা ভালোবাসে",happy,bn
এই নারীকে এখন পূর্ণ পরাশক্তি দিয়ে সমাহিত করা হবে,happy,bn
এখন সামনে থেকে ফুল টস এলে দলকে হারাতে হয়।,happy,bn
"ধর্মনিরপেক্ষতা কুসংস্কার নয়, এটা বোকামি, আমি একজন কট্টর হিন্দু, আমি বিশ্বাস করি ভারত একটি হিন্দু জাতি।",happy,bn
ধারণার যুদ্ধে কোনো অস্ত্র নেই। ---- গিরিশ কুবের,happy,bn
একবার একজন অশিক্ষিত সবজি বিক্রেতাকে শিবসেনার নেতা বানিয়েছিলেন বালা সাহেব।,happy,bn
"আত্মবিশ্বাস আর সাহস এখনো হারায়নি, আমরা যে বেকারত্বের কবলে পড়ছি সেটা ভিন্ন কথা।",happy,bn
সত্যিই কি ফিরতি বৃষ্টি নাকি নদী নালায় জোয়ারের বৃষ্টি?,happy,bn
"প্রতিবাদ হওয়া উচিত ইস্যু, আদর্শ ও ব্যক্তিকে কেন্দ্র করে। বিরোধীদের বিরোধিতা করা নিছক বোকামি",happy,bn
পরিবেশ তৈরি হয়েছিল যেন বাপ্রে যুদ্ধে নেমেছে।,happy,bn
হয়তো এটা সবাইকে হত্যার ষড়যন্ত্র।,happy,bn
এই পান্ডিয়ার এত দাম কেন?,happy,bn
সঠিক! মাঝে মাঝে মনে হয় বিচার বিভাগ বেঁচে আছে,happy,bn
পুনের ভাস্কররা সমুদ্র এনে দেখিয়ে দিল পুনেতে সমুদ্র নেই।,happy,bn
"মা তো ""মা""!! অন্যদের কাছে নেই...!! বাকি সবাই কুটিল...!!",happy,bn
"এতে কোনো পার্থক্য হবে না, না হলে মারাঠি মানুষ আরও মশাল দিয়ে জ্বলবে।",happy,bn
ভারতে দায়িত্ব পালন করতে গিয়ে শহীদ হওয়া শহীদদের প্রতি লাখো শ্রদ্ধা...,happy,bn
"দেখা যাক, আন্ধেরি পূর্বের ভোটাররা এবারের নির্বাচনে বিজেপির দিকে যাচ্ছেন।",happy,bn
"দুর্যোধনও ভগবান শ্রীকৃষ্ণের সঙ্গে দেখা করলেন, রে বাবা",happy,bn
শিবরাইয়ের ঢাল তলোয়ার যে হিংস্র মশালের চেয়ে বেশি শক্তিশালী তা উথাসেন বুঝবে না।,happy,bn
"বালা সাহেবকে গ্রেপ্তার করেছিল বহুগুণী, তাই না?",happy,bn
আমি গত বছর এই ধরনের নিদর্শন ব্লক. এই দিওয়ালি আমার জন্য সত্যিই শুভ হবে।,happy,bn
শিন্ডে হেসে বললেন যে তিনি নিখুঁত খেলা খেলেছেন...,happy,bn
গ্রেপ্তারও করা হয়েছে,happy,bn
"আজ পুলিশ স্মৃতি দিবস, কর্তব্য পালনে দেশের জন্য শহীদ পুলিশ সদস্যদের প্রতি আন্তরিক শ্রদ্ধাঞ্জলি।",happy,bn
সেহবানা এখন বুঝতে পারছে এটা একটা বড় খেলা,happy,bn
"আমি ভেবেছিলাম আমি একজন মহান লেখক, কিন্তু এটি একটি যাদু চাচার থেকে শয়তান হয়ে উঠল।",happy,bn
মাও 'জয় মহারাষ্ট্র'!? মুশকিল ভাই!,happy,bn
জনগণের সামনে তুলে ধরুন কিভাবে একজন রিকশাচালক কোটিপতি হলেন।,happy,bn
চাচাই যে আগুন লাগিয়েছেন!,happy,bn
"এই শ্রমিকরা আপনার জন্য আসছে, তাই তাদের উপেক্ষা করে কাজ হবে না।",happy,bn
পাওয়ার ছাহেবা কি এটা জানতেন না?,happy,bn
সাহেব-সাহেবের কথা বলা ঠিক হবে না।,happy,bn
"আমেরিকার এই কলেজে মেয়েদের গর্ভনিরোধক বড়ি বিতরণ করা হচ্ছে, কারণ কী?",happy,bn
"ধন্যা, তোমার আবেগ আছে কিন্তু উগা সাহেবকে খুশি করার জন্য তোমার অকলের তারা ভাঙার দরকার নেই।",happy,bn
"আদর্শ বলে বিবেচিত বালা সাহেবের মুখে যারা তালা মেরেছিল, যখন তাঁর দলে হামলা হয়েছিল, তাও ইতিহাসে লিপিবদ্ধ আছে।",happy,bn
আম্বিয়া ভাউ এই টুইটটি পড়ে অবাক হয়েছিলেন।,happy,bn
"কত, কত, কত বিদ্যুৎ... বাব্বো",happy,bn
আমি আশ্চর্য হয়েছি যে কেন আপনি এর মধ্যে ইংরেজি শব্দ ব্যবহার করছেন যখন সমস্ত শব্দ মারাঠি,happy,bn
"পেট থেকে একটা স্টিলের গ্লাস বের হল, কিন্তু এই গ্লাস পেটে ঢুকল কী করে?",happy,bn
"স্টাম্পের কাছে মাইকের কাছে গালিগালাজ করায় ক্যাপ্টেনকে ভারাক্রান্ত, এবার বিশ্বকাপ থেকে ছিটকে যেতে পারেন!",happy,bn
একেই কি ভালোবাসা বলে? তাই বায়ো থেকে দুজনকেই পুরুষ বলে মনে হয়,happy,bn
গণতান্ত্রিকভাবে নির্বাচিত...আঙুলে থুতু দিয়ে/পর্দার আড়ালে/পেছনের দরজায়/ভোটের মাধ্যমে নয়।,happy,bn
"আরে, এই যে ব্রজভূষণ তার মনিবকে ভয় দেখিয়েছিল?",happy,bn
এই কথা শুনে আমার কানের পর্দা ফেটে গেল ভাই।,happy,bn
ইতিমধ্যেই ভূমিকম্পের ধাক্কা লেগেছে এই গ্রামে!,happy,bn
মনে হয় এটা কোনো পরাশক্তির হাত,happy,bn
ভক্তরা কি আর তাদের বাবা জানে এখন????,happy,bn
পশু থেকে মানুষের সংক্রমণ এবং উভয়ই বেড়েছে!!!,happy,bn
বালাসাহেব আগেই জানতেন নপুংসক কারা,happy,bn
তিনি সাভারকরকে বিশ্বাসঘাতক বলেছেন। এটা কি সত্যি?,happy,bn
কিন্তু সে হাসতে হাসতে বলে যে এটা রাও ঠাকরের খেলা ছিল।,happy,bn
রবিবার ইসরো কর্তৃক সফলভাবে উৎক্ষেপণ করা দুটি স্যাটেলাইট মহাকাশে পথভ্রষ্ট হয়ে ভুল কক্ষপথে প্রবেশ করেছে!,happy,bn
নিজের গ্রাম পঞ্চায়েতের জয়ের ভবিষ্যদ্বাণীও করেছেন বাপ্রে?,happy,bn
"ভাই ও বোনেরা, আমাদের অবমূল্যায়ন করবেন না, যদিও আমরা দীর্ঘদিন ধরে আছি, আমরা এখনও অবদান রাখছি",happy,bn
"""কবে থেকে আমরা আপনার সিংহাসনে বসতে প্রস্তুত...""",happy,bn
নিশান আসল মহারাষ্ট্রের ঢাল ও তলোয়ার,happy,bn
অমৃত বচন...? কি ধরনের...?,happy,bn
এমন বিজ্ঞাপন করে কী দেখাতে চান আমির খান?,happy,bn
দাদা আমি কি আপনার নাম্বার পেতে পারি? আমরা আপনার কাজ করার উপায় পছন্দ করি,happy,bn
আপনি কি নির্বাচন থেকে সরে আসতে চেয়েছিলেন নাকি মুম্বাই মিউনিসিপ্যাল ​​কর্পোরেশন নির্বাচনের আগে প্রতীক স্থগিত করার ষড়যন্ত্র হয়েছিল?,happy,bn
"একটি খড়ের গাদায় একটি সুই খুঁজে পাওয়া একটি কঠিন কাজ, অবশেষে একটি পাওয়া গেছে",happy,bn
বাবলা কি? কোন আগুন আছে?,happy,bn
তাই সকলেই প্রকাশ বাবা আমতে ছিলেন না,happy,bn
সেনাবাহিনীর উত্তেজনা বেড়েছে! উদ্ধব ঠাকরের প্রার্থী কি বিধায়ক একনাথ শিন্ডের পরে লড়বেন?,happy,bn
"বালা সাহেবের দল, তিনি পার্টি শুরু করলেন এবং তিনি শেষ করলেন, এটা তাঁর ইচ্ছা, আমাদের সম্পর্ক কী?",happy,bn
আমার সকল পুলিশ ভাইদের প্রতি গভীর শ্রদ্ধাঞ্জলি যারা দায়িত্ব পালন করতে গিয়ে শহীদ হয়েছেন।,happy,bn
এই ইতিহাসের পুনরাবৃত্তি হচ্ছে। শরীরে এলে শিং-এর কাছে নিয়ে যান।,happy,bn
এই প্রশ্ন সকল সাধারণ মানুষের কাছে যে এত বিপুল পরিমাণ অর্থ আসে কোথা থেকে?,happy,bn
আপনি নীরজ চোপড়ার থেকে অনেক এগিয়ে গেছেন।,happy,bn
"দাদা, আমাদের ভিক্ষা করার অভ্যাস নেই।",happy,bn
অতিরিক্ত আত্মবিশ্বাস কোথা থেকে আসে?,happy,bn
আশ্চর্যের বিষয় হলো বছরের পর বছর নোংরা রাজনীতি করার পরও তারা তাদের পক্ষে অবস্থান করছে।,happy,bn
কর্তব্য পালনে প্রাণ হারানো শহীদদের প্রতি শ্রদ্ধা।,happy,bn
এটা কি পরোক্ষভাবে আদালতের বক্তব্যের ওপর চাপ সৃষ্টি করার চেষ্টা?,happy,bn
আজকাল হঠাৎ করেই মৃত্যুর হার বেড়েছে।,happy,bn
"প্রকৃতি কিচ্ছু জানে না, গরম বাড়ছে আর সেই সাথে বৃষ্টি হচ্ছে।",happy,bn
দারুণ... দেশভক্ত যোশী এবং চাটুভক্ত যোশীর মধ্যে এটাই পার্থক্য...,happy,bn
এই বিবৃতিতে আপনার বিরুদ্ধে বিদ্বেষমূলক বক্তব্যের মামলা দায়ের করা যেতে পারে।,happy,bn
আপনার সরকারের আমলে ঠিক কি হয়েছে,happy,bn
আসল প্রশ্ন হল কুকুরের কি হবে।,happy,bn
জয় মহারাষ্ট্র সেই লঙ্কা জ্বালিয়ে দেবে যেখানে দাঁড়িয়ে আছে বিশ্বাসঘাতকদের সেনা,happy,bn
বিজেপির লোকেরা কি বিশ্বাসঘাতকদের কাছ থেকে উকিলের চিঠি নিয়েছিল?,happy,bn
পন্ধরপুর উপ-নির্বাচনে কি জনমত ছিল না???,happy,bn
কর্তব্য পালনে শহীদ হওয়া শহীদদের প্রতি জানাই বিনম্র শ্রদ্ধা,happy,bn
এই কাজ করে কি শিন্দে গোষ্ঠী নিজের পায়ে গুলি করেছে?,happy,bn
"এখন আপনার গার্লফ্রেন্ডকে রাজি করানো গ্রাম পঞ্চায়েত নির্বাচনের মতো, একটি আসন আর পঞ্চাশ-ষাটজন প্রার্থী..!",happy,bn
"নানা পাটোলে বিজেপি ছেড়েছেন নাকি বিজেপি পাটোলে ছেড়েছেন, রাও কিছু জানেন না...",happy,bn
"এ কি পারুলেকর, তোমার মাতৃভাষা নিয়ে গর্ব করা উচিত।",happy,bn
এসবই সমর্থকদের কাছে বিভ্রান্তিকর।,happy,bn
"আহা, তাহলে কেন ওই দুই দল একই দলে পরস্পর মারামারি করছে?",happy,bn
কেননা প্রয়াত নেতাদের পরিবারের সদস্যদের বিনা প্রতিদ্বন্দ্বিতায় নির্বাচিত করা আমাদের মহারাষ্ট্রের সংস্কৃতি!,happy,bn
"তারা এর চেয়েও শক্তিশালী...! আমাদের দীপাবলি পটকা... *দিওয়ালি এখনই আসুক, পুরো পৃথিবী বিপদে পড়বে।*",happy,bn
মর্মান্তিক!! অস্ট্রেলিয়ার বিরুদ্ধে ম্যাচের আগে টাকা চেয়েছিল চণ্ডীগড় পুলিশ,happy,bn
"নতুন সংকেত পাওয়া গেছে এটা ঠিক, কিন্তু উদ্ধব ঠাকরের মাথাব্যথা বেড়েছে! -",happy,bn
"এই মনের অন্ধকার, যার জন্য চাটকার ‘মশাল’ দরকার।",happy,bn
"সত্যযুগে রাবণ তীর-ধনুক দিয়ে পরাজিত হয়, কলিযুগে উদ্ধব ঠাকরে নিহত হন।",happy,bn
দাবা খেলায় প্রতারণার ঘটনা ঘটেছে ভারতে...,happy,bn
পুলিশ স্মৃতি দিবসে দায়িত্ব পালন করতে গিয়ে শহীদ হওয়া শহীদদের প্রতি বিনম্র শ্রদ্ধা!,happy,bn
"আমি যতই মূল্যবান হউক না কেন, এটি বিক্রয়ের জন্য নয়। ক্যান্সারের জন্য নয়..",happy,bn
ফের বিতর্কে সমীর ওয়াংখেড়ে; এখন এখানে কেন,happy,bn
সম্ভবত বিজেপি বুঝতে পেরেছে যে তারা এই উপনির্বাচনে হারতে চলেছে... তাই এই সমস্ত জল্পনা...,happy,bn
এখন বন্ধ করুন ব্রাহ্মণ বিদ্বেষ... আইন সবার জন্য প্রযোজ্য।,happy,bn
": ""স্কুলে সরস্বতীর ছবি লাগবে কেন?"" ছগান ভুজবলের বিতর্কিত বক্তব্য নিয়ে বিতর্ক শুরু হয়েছে",happy,bn
"গতকাল বানের থেকে শহরের দিকে আসা রাস্তার দৃশ্যও ছিল চোখে পড়ার মতো, আক্ষরিক অর্থেই ভেসে যাচ্ছে বহু মানুষ।",happy,bn
"আম্বিয়া, তোমার জন্য এর চেয়ে বড় ধাক্কা আর কি হতে পারে?",happy,bn
"বৈভব, আমাদের গভীর প্রার্থনা যে আমরা সাওয়ান্তওয়াড়ি কেন্দ্রে আপনার মতো একজন তরুণ, উদ্যমী এবং বিশ্বস্ত প্রতিনিধি পাই।",happy,bn
"মায়ের দুধে পাওয়া 'মাইক্রোপ্লাস্টিক', চাঞ্চল্যকর তথ্য!",happy,bn
"ওরা তোর বাবার বয়সী, তুই তোর বাবার সাথে এভাবে কথা বলিস?",happy,bn
"অভিজ্ঞতা অর্জন করুন এবং নিজের উপর বিশ্বাস রাখুন, আপনি বিশ্ব জয় করবেন।",happy,bn
"হ্যাঁ, ধন্যবাদ সকল বন্ধুদের, এত বড় উদ্যোগ নেওয়া হয়েছে।",happy,bn
"আমার জন্য অমাবস্যা, আপনি কি আমার জন্য বটপূর্ণিমাকে পূর্ণিমার মতো করবেন? -@পূজা ডোমলে(রানু)",happy,bn
"সহ্যাদ্রি প্রতিষ্টান, পুনে কর্তৃক অনন্য কাজ! .//",happy,bn
আপনি আপনার মনের কথা বলছেন... সংসদেরও মনে রাখা উচিত লোকশাহির আন্নাভাউ সাঠে কী বলেছিলেন...,happy,bn
রক্ষা বন্ধন এবং নরলী পূর্ণিমার শুভেচ্ছা আপনাকে এবং আপনার পরিবারকে।,happy,bn
সবাইকে নারকেল পূর্ণিমা ও রক্ষাবন্ধনের শুভেচ্ছা (/),happy,bn
"জির মতে, পুনে জেলায় এমন কোনো বিধায়ক নেই যিনি মন্ত্রী হওয়ার যোগ্য।",happy,bn
জয় গোপীনাথ প্রতিষ্টান গর্বিত,happy,bn
আপনাকে এবং আপনার পরিবারের জন্য শুভ নববর্ষ...,happy,bn
"যারা বলেছিল চাকরি চলে যাবে, ভোটার হারাবে, তাদের মুখে ধাক্কা",happy,bn
জয় মহারাষ্ট্র সেই লঙ্কা জ্বালিয়ে দেবে যেখানে দাঁড়িয়ে আছে বিশ্বাসঘাতকদের সেনা,happy,bn
হাসো না.. আমি হাসলাম আর হাসলাম... এখন পর্যন্ত,happy,bn
পরিবেশ তৈরি হয়েছিল যেন বাপ্রে যুদ্ধে নেমেছে।,happy,bn
আমিও.. গোকর্ণের মহাগণপতি সেখান থেকে খুব কাছে..,happy,bn
"ধন্যবাদ, এই ভূমিকা আপনার কাছ থেকে প্রত্যাশিত ছিল.",happy,bn
আসল প্রশ্ন হল কুকুরের কি হবে।,happy,bn
"আয়ুর্বেদের গুরুত্ব, হিন্দু ধর্মের এক অনন্য উপহার,//…",happy,bn
ঐতিহাসিক ! দেশ আবার একজন মারাঠি প্রধান বিচারপতি পাবে; এই বিচারকের নাম সুপারিশ,happy,bn
"""যদি তার কারণে শিবসেনা শেষ না হয়, তবে তাকে কবর দেওয়ার পরেই শিবসেনা এগিয়ে গেছে।""",happy,bn
আসল প্রশ্ন হল কুকুরের কি হবে।,happy,bn
সোশ্যাল মিডিয়ার মাধ্যমে প্রথমমেশ সারা বিশ্বে প্রশংসিত হচ্ছে।/-…,happy,bn
"এটি সত্যিই আপনার সকলের জন্য একটি আশ্চর্যজনক সুযোগ, এটি মিস করবেন না",happy,bn
"জির মতে, পুনে জেলায় এমন কোনো বিধায়ক নেই যিনি মন্ত্রী হওয়ার যোগ্য।",happy,bn
ওহ! কি,happy,bn
বালা সাহেব একজন ছিলেন এবং তিনি একজন ঠাকরে,happy,bn
শুভ জন্মদিন!! পার্টি কোথায় অনুষ্ঠিত হবে দয়া করে আমাকে জানান।,happy,bn
শুভ নারকেল পূর্ণিমা ও রক্ষাবন্ধন উৎসব!!!!,happy,bn
"লেখক, দার্শনিক এবং নোবেল বিজয়ী গুরু রবীন্দ্রনাথ ঠাকুরকে তাঁর স্মৃতি দিবসে আন্তরিক শ্রদ্ধাঞ্জলি।",happy,bn
এটা কি ধরনের শব্দ?,happy,bn
তাদের দীপাবলি খুব জমকালো হবে,happy,bn
শুভ নববর্ষ স্যার..,happy,bn
আমার সহকর্মীদের দীর্ঘায়ু কামনা করছি।,happy,bn
আমাদের নাতনি সেলফি তোলা উপভোগ করছে...,happy,bn
আপনাকে খাওয়ারত্ন পুরস্কার প্রদান করতে পেরে আমরা অত্যন্ত আনন্দিত।,happy,bn
মহারাষ্ট্র পুলিশকে আন্তরিক স্যালুট,happy,bn
"সুখী হওয়ার একটাই সহজ উপায়... নিজের থেকে প্রত্যাশা রাখুন, অন্যের কাছ থেকে নয়।",happy,bn
মহারাষ্ট্র রাজ্যের মন্ত্রী পদে নির্বাচিত হওয়ায় আন্তরিক অভিনন্দন।,happy,bn
ছত্রপতি শিবাজি মহারাজকে নিজের সঙ্গে তুলনা করা উচিত নয়। মহারাজা কখনই জনসাধারণকে প্রতারণা করেননি,happy,bn
বন্ধুরা প্রস্তুত হও! এখন দুধের দাম এত বাড়বে!,happy,bn
মৃত্যুঞ্জয় রুদ্রায় নীলকণ্ঠে শাম্ভে অমৃতেশাই রুদ্রায় মহাদেবায় তে নমঃ ওম নমঃ শিবায়!,happy,bn
শুভ জন্মদিন ভাই,happy,bn
কোজাগিরি পূর্ণিমার শুভেচ্ছা!!,happy,bn
সোশ্যাল মিডিয়ার মাধ্যমে প্রথমমেশ সারা বিশ্বে প্রশংসিত হচ্ছে।/-…,happy,bn
অনেক বালাসাহেব আছেন কিন্তু শ্রদ্ধেয় বালাসাহেব ঠাকরে একজনই।,happy,bn
আপনার অতীত অভিজ্ঞতা এবং স্মৃতি আপনার সম্পদ। যেটা শুনতে ভালো লাগে।,happy,bn
মুম্বাইয়ের ঘাটকোপারের বাথরুমে ধুলোওয়াদ খেলে বাড়ি ফিরে আসা এক দম্পতির মৃতদেহ পাওয়া গেছে। ..//-…,happy,bn
"আমি এটির জন্য খুব উত্তেজিত, প্রত্যেকের এটি দেখা উচিত।",happy,bn
"""যদি তার কারণে শিবসেনা শেষ না হয়, তবে তাকে কবর দেওয়ার পরেই শিবসেনা এগিয়ে গেছে।""",happy,bn
আপনি আপনার প্রতিশ্রুতি রক্ষা করেছেন দেখে খুব খুশি। খুব ভালো!,happy,bn
সুযোগ হাতছাড়া করলাম। এবং গুরুত্বপূর্ণ সময় নিল!! অভিনন্দন,happy,bn
লোকেরা বিশ্বাস করে যে বিয়েতে নাচ করা সুখ এবং প্রজ্ঞার বিষয়। .,happy,bn
বিজয় স্তম্ভ ভীমা কোরেগাঁও বীরত্বের অনুপ্রেরণা দেয়....,happy,bn
এখন আমাদের বন্য পার্টির পরিকল্পনা করতে হবে! অভিনন্দন।//…,happy,bn
"সর্ব মঙ্গল মাঙ্গলে, শিবে সর্বার্থ সাধিকা, শরণ্যা ত্রিম্বকে গৌরী, নারায়ণী নমোস্তুতে...",happy,bn
"আজ পুলিশ স্মৃতি দিবস, কর্তব্য পালনে দেশের জন্য শহীদ পুলিশ সদস্যদের প্রতি আন্তরিক শ্রদ্ধাঞ্জলি।",happy,bn
"মায়ের দুধে পাওয়া 'মাইক্রোপ্লাস্টিক', চাঞ্চল্যকর তথ্য!",happy,bn
এমন বিজ্ঞাপন করে কী দেখাতে চান আমির খান?,happy,bn
আলন্দিতে একটি গ্রাম এক গণেশোৎসব উদ্যোগে উত্সাহী সাড়া...//,happy,bn
"এগিয়ে যাও ভাই + অনেক অভিনন্দন, অনেক আশীর্বাদ আমাদের, ভূত আসুদা",happy,bn
"এটি সত্যিই একটি আশ্চর্যজনক বিশ্ববিদ্যালয়, প্রত্যেকের এটি পরিদর্শন করা উচিত।",happy,bn
আশ্চর্যের বিষয় হলো বছরের পর বছর নোংরা রাজনীতি করার পরও তারা তাদের পক্ষে অবস্থান করছে।,happy,bn
এখন আপনি আন্তর্জাতিক পর্যায়ে যাচ্ছেন..অভিনন্দন ম্যাডাম..,happy,bn
"এটি সত্যিই আশ্চর্যজনক, এটি শিক্ষার্থীদের আরও ভাল শিক্ষা প্রদান করবে।",happy,bn
পন্ধরপুর উপ-নির্বাচনে কি জনমত ছিল না???,happy,bn
"শুভ রাত্রি, হিন্দুরা। গরু সেবাই শ্রেষ্ঠ সেবা",happy,bn
সমস্ত নাগরিকদের জন্মদিনের শুভেচ্ছা!,happy,bn
বাবলা কি? কোন আগুন আছে?,happy,bn
মনে হয় এটা কোনো পরাশক্তির হাত,happy,bn
এই ছেলে তৃতীয় পক্ষ হবে!,happy,bn
মর্মান্তিক!! অস্ট্রেলিয়ার বিরুদ্ধে ম্যাচের আগে টাকা চেয়েছিল চণ্ডীগড় পুলিশ,happy,bn
সকলকে রক্ষাবন্ধন ও নরলিপূর্ণিমার শুভেচ্ছা...,happy,bn
ভারত ডিসেম্বর থেকে GK-এর সভাপতিত্ব করবে এবং প্রথমবারের মতো G নেতাদের শীর্ষ সম্মেলন আহ্বান করবে৷,happy,bn
"অভিজ্ঞতা অর্জন করুন এবং নিজের উপর বিশ্বাস রাখুন, আপনি বিশ্ব জয় করবেন।",happy,bn
এই নেতা শিন্ডের কাছ থেকে সব ছিনিয়ে নিলেন..! মহারাষ্ট্রে এই ভাষণ নিয়ে আলোচনা! ...,happy,bn
জয় গোপীনাথ প্রতিষ্টান গর্বিত,happy,bn
"এই সিন্ধেশাহী মহাপুরুষের অমূল্য দর্শন, এর সঙ্গে আপস করা ঠিক নয়।",happy,bn
"আদর্শ বলে বিবেচিত বালা সাহেবের মুখে যারা তালা মেরেছিল, যখন তাঁর দলে হামলা হয়েছিল, তাও ইতিহাসে লিপিবদ্ধ আছে।",happy,bn
ভক্তরা কি আর তাদের বাবা জানে এখন????,happy,bn
"ধন্যবাদ তাইসাহেব, আপনার শুভকামনা অনেক শক্তি দেবে",happy,bn
"সুখবর, বাবা হয়েছেন বোলার উমেশ যাদব।",happy,bn
শুভ জন্মদিন কুমুদ,happy,bn
খুব ভাল নির্দেশিকা.,happy,bn
_: আমি প্রত্যেক নাগপুরবাসীর পক্ষ থেকে তাকে ধন্যবাদ জানাই।,happy,bn
অমৃত বচন...? কি ধরনের...?,happy,bn
আমাদের সকলের আমাদের কুলদেব জয় হো এর দর্শন করা উচিত,happy,bn
"যদিও সময়ের সাথে সব পরিবর্তন ঘটবে, আমরা আমাদের সংকল্প ত্যাগ করিনি",happy,bn
এত ভালো খবর কিন্তু সেই লাইনটা মনোযোগ আকর্ষণ করছিল,happy,bn
হাইওয়ে এবং হাইওয়ে ইঞ্জিনিয়ার ছাড়া সকল ইঞ্জিনিয়ারদের জন্য শুভকামনা।,happy,bn
আজ থেকে শুরু হওয়া নবরাত্রি উৎসবের শুভেচ্ছা।,happy,bn
"ধন্যবাদ, এই ভূমিকা আপনার কাছ থেকে প্রত্যাশিত ছিল.",happy,bn
আপনাকে ধন্যবাদ.. আশা করি আমরা আপনার সমর্থন পাব।,happy,bn
সবাইকে রক্ষাবন্ধন ও নরলী পূর্ণিমার শুভেচ্ছা!,happy,bn
ভাই বোনের অটুট ভালোবাসা ও সম্পর্কের উৎসব রক্ষাবন্ধনের শুভেচ্ছা...!,happy,bn
"আয়ুর্বেদের গুরুত্ব, হিন্দু ধর্মের এক অনন্য উপহার,//…",happy,bn
আপনার অতীত অভিজ্ঞতা এবং স্মৃতি আপনার সম্পদ। যেটা শুনতে ভালো লাগে।,happy,bn
লোকেরা আপনার ধারণা পছন্দ করে কারণ আপনার বিশ্লেষণ তীক্ষ্ণ।,happy,bn
তখন আপনি পাকিস্তান ছিলেন এবং ভারতের বিরুদ্ধে জিতেছিলেন,happy,bn
"সুখবর, বাবা হয়েছেন বোলার উমেশ যাদব।",happy,bn
"এতে কোনো পার্থক্য হবে না, না হলে মারাঠি মানুষ আরও মশাল দিয়ে জ্বলবে।",happy,bn
আসল প্রশ্ন হল কুকুরের কি হবে।,happy,bn
জয় শ্রী রাম চৈত্র পূর্ণিমা এবং হনুমান জয়ন্তীর শুভেচ্ছা,happy,bn
ভারতের প্রথম পদক ১৯৭১ সালে,happy,bn
আদিত্য একজন জননেতা...দাদার থেকে,happy,bn
"দৈনিক একমত, দেশোন্নতি, মারাঠওয়াড়া কেশরী পেপারকে ধন্যবাদ...",happy,bn
:'এই' মাল্টিব্যাগার স্টক তিন সপ্তাহে লাখ টাকা আয় করেছে!,happy,bn
"মর্মান্তিক ! কালওয়া থেকে খারেগাঁও পর্যন্ত রাস্তা বন্ধ, ব্যারিকেড দিয়ে রাস্তা বন্ধ করে দেওয়া হয়েছে।",happy,bn
রায়গড় জেলায় আপনার সাথে উপস্থিত লোকদের এই বাক্যটি বলার জন্য আপনাকে ধন্যবাদ। মন্ত্রী মেন্টর,happy,bn
এটা পড়ে মহেশ কোঠারের কিডনি হার্ট অ্যাটাক হয়ে থাকতে পারে।,happy,bn
লোকেরা আপনার ধারণা পছন্দ করে কারণ আপনার বিশ্লেষণ তীক্ষ্ণ।,happy,bn
শুভ জন্মদিন ভাই!!,happy,bn
মানে কি.. ভাদা পাভ করনি আর নারকেল জলের মতো জলপ্রপাত?,happy,bn
আদিত্য একজন জননেতা...দাদার থেকে,happy,bn
কোজাগিরি পূর্ণিমার শুভেচ্ছা যারা তাদের সহপাঠীদের কাছে সতর্ক ও সচেতন হওয়ার বার্তা ছড়িয়ে দেন।,happy,bn
"আমার কাছে হিন্দু ধর্ম যতটা গুরুত্বপূর্ণ, মারাঠি সংস্কৃতি/ভাষাও ততটাই গুরুত্বপূর্ণ।",happy,bn
মহারাষ্ট্রের একমাত্র অভিভাবক ও রক্ষক,happy,bn
সবাইকে মকর সংক্রান্তির শুভেচ্ছা!!,happy,bn
রক্ষাবন্ধন ও নরলী পূর্ণিমার শুভেচ্ছা।,happy,bn
এই ভারী,happy,bn
"এই মনের অন্ধকার, যার জন্য চাটকার ‘মশাল’ দরকার।",happy,bn
এত ভালো খবর কিন্তু সেই লাইনটা মনোযোগ আকর্ষণ করছিল,happy,bn
"ধর্মনিরপেক্ষতা কুসংস্কার নয়, এটা বোকামি, আমি একজন কট্টর হিন্দু, আমি বিশ্বাস করি ভারত একটি হিন্দু জাতি।",happy,bn
রায়গড় জেলায় আপনার সাথে উপস্থিত লোকদের এই বাক্যটি বলার জন্য আপনাকে ধন্যবাদ। মন্ত্রী মেন্টর,happy,bn
সেনাবাহিনীর উত্তেজনা বেড়েছে! উদ্ধব ঠাকরের প্রার্থী কি বিধায়ক একনাথ শিন্ডের পরে লড়বেন?,happy,bn
"সকল শহীদ পুলিশ কর্মীদের শ্রদ্ধা, জয় হিন্দ",happy,bn
বাবা সাহেব আম্বেদকর এক ছিলেন এবং থাকবেন,happy,bn
শিবভোজন প্রকল্পের তদন্ত হবে! পরিকল্পনা থামবে না!!!,happy,bn
"দীপাবলি এসো, ঘটতে দেখুন",happy,bn
বিজয় স্তম্ভ ভীমা কোরেগাঁও বীরত্বের অনুপ্রেরণা দেয়....,happy,bn
এই মুভিটি দেখে আমি খুবই উত্তেজিত,happy,bn
পুনের ভাস্কররা সমুদ্র এনে দেখিয়ে দিল পুনেতে সমুদ্র নেই।,happy,bn
সঠিক! মাঝে মাঝে মনে হয় বিচার বিভাগ বেঁচে আছে,happy,bn
এটি সত্যিই একটি দুর্দান্ত ধূপকাঠি। সবাই একবার ব্যবহার করবেন তারপর কেমন লাগলো জানাবেন,happy,bn
বিজয় আপনার তবে সবাইকে সজাগ থাকতে হবে।,happy,bn
একবার একজন অশিক্ষিত সবজি বিক্রেতাকে শিবসেনার নেতা বানিয়েছিলেন বালা সাহেব।,happy,bn
এখন আপনি আন্তর্জাতিক পর্যায়ে যাচ্ছেন..অভিনন্দন ম্যাডাম..,happy,bn
সবার জন্য শুভকামনা,happy,bn
"প্রকৃতি কিচ্ছু জানে না, গরম বাড়ছে আর সেই সাথে বৃষ্টি হচ্ছে।",happy,bn
বালা সাহেব ছিলেন একজন কট্টর পুরানো শিব সৈনিক।,happy,bn
আপনি আপনার মনের কথা বলছেন... সংসদেরও মনে রাখা উচিত লোকশাহির আন্নাভাউ সাঠে কী বলেছিলেন...,happy,bn
আজ থেকে শুরু হওয়া বাঁধ প্রকল্পের উদ্বোধনের জন্য সবাইকে শুভেচ্ছা!,happy,bn
"বালা সাহেবকে গ্রেপ্তার করেছিল বহুগুণী, তাই না?",happy,bn
সবাইকে হোলি পূর্ণিমার শুভেচ্ছা..!,happy,bn
"এটি সত্যিই আপনার সকলের জন্য একটি আশ্চর্যজনক সুযোগ, এটি মিস করবেন না",happy,bn
দারুণ... দেশভক্ত যোশী এবং চাটুভক্ত যোশীর মধ্যে এটাই পার্থক্য...,happy,bn
'চলা হাওয়া ইয়ে দিয়া' মঞ্চে ভাউয়ের অসাধারণ জাদু।/--...,happy,bn
ভাই বোনের অটুট ভালোবাসা ও সম্পর্কের উৎসব রক্ষাবন্ধনের শুভেচ্ছা...!,happy,bn
দারিদ্র্য ভুলে যাবেন না এবং সম্পদের জোয়ার আসতে দেবেন না - শ্রদ্ধেয় শ্রী বালাসাহেব ঠাকরে।,happy,bn
শুভ নববর্ষ ভাই।/_/…,happy,bn
"কিন্তু, আমি পড়েছিলাম যে বাপু সত্য ব্যবহার করছেন।",happy,bn
"ওরা তোর বাবার বয়সী, তুই তোর বাবার সাথে এভাবে কথা বলিস?",happy,bn
"মা তো ""মা""!! অন্যদের কাছে নেই...!! বাকি সবাই কুটিল...!!",happy,bn
নিয়মগুলো খুব সুন্দরভাবে এবং বিস্তারিতভাবে দেওয়ার জন্য আপনাকে অনেক ধন্যবাদ যাতে সবাই বুঝতে পারে,happy,bn
বালা সাহেব একজন ছিলেন এবং তিনি একজন ঠাকরে,happy,bn
প্রকৃতির পক্ষ থেকে শুভেচ্ছা স্যার,happy,bn
"শীতল তয়, তুমি ভারী এডিটিং করো, তুমি সব কিছু ম্যানেজ করো কী করে?",happy,bn
শুভ জন্মদিন ভাই,happy,bn
"আম্বিয়া, তোমার জন্য এর চেয়ে বড় ধাক্কা আর কি হতে পারে?",happy,bn
এমন খাবার সম্মান ও সম্মানের সাথে খাওয়া উচিত...!!,happy,bn
সকলকে রক্ষাবন্ধন ও নরলিপূর্ণিমার শুভেচ্ছা...,happy,bn
ওম সর্বমঙ্গল মঙ্গলে শিবে সর্বার্থ সাধিকা। শরণে ত্র্যম্বকে গৌরী নারায়ণী নমোৎসুতে।,happy,bn
তারপর থেকে শেগাঁও যাননি তবে অভিজ্ঞ গোদামওয়ালে। খুব ভালো..,happy,bn
সবাইকে ভাসুবারসের শুভেচ্ছা...!,happy,bn
আমাদের সকলের আমাদের কুলদেব জয় হো এর দর্শন করা উচিত,happy,bn
চৈতন্যময়ী- দীপাবলি উৎসবের প্রথম দিন হল ভাসুবারস... বাসুবারসের শুভেচ্ছা!,happy,bn
একবার একজন অশিক্ষিত সবজি বিক্রেতাকে শিবসেনার নেতা বানিয়েছিলেন বালা সাহেব।,happy,bn
: নারওয়াদে স্থানীয় রাজনীতিতে সক্রিয় নেতা হিসেবে পরিচিত ছিলেন।,happy,bn
শিবরাইয়ের ঢাল তলোয়ার যে হিংস্র মশালের চেয়ে বেশি শক্তিশালী তা উথাসেন বুঝবে না।,happy,bn
রায়গড় জেলায় আপনার সাথে উপস্থিত লোকদের এই বাক্যটি বলার জন্য আপনাকে ধন্যবাদ। মন্ত্রী মেন্টর,happy,bn
"মহারাষ্ট্র দেশের ইতিহাসে একটি গর্বিত এবং পবিত্র মুহূর্ত হিসাবে পালিত হয়, এর উত্সাহীদের মতামত আরও বেশি উত্সাহী।",happy,bn
ফ্যামিলিজম একটি সুন্দর শব্দ। পরিবারতন্ত্র হল দেশের প্রতি সমগ্র পরিবারের নিবেদন।,happy,bn
শুভ জন্মদিন স্যার .. ./_…,happy,bn
মিনিটের মধ্যে এই কোডটি ব্যবহার করুন %Xtra Suite স্যার,happy,bn
". এমনকি তার চুল ড্যান্ডি হবে না, তিনি একটি শাঁখা কানের দুল পরেছেন।",happy,bn
সমস্ত নাগরিকদের জন্মদিনের শুভেচ্ছা!,happy,bn
"জির মতে, পুনে জেলায় এমন কোনো বিধায়ক নেই যিনি মন্ত্রী হওয়ার যোগ্য।",happy,bn
ভারতে স্বাগতম ভাই... এত দিন কোথায় ছিলেন...?,happy,bn
"এগিয়ে যাও ভাই + অনেক অভিনন্দন, অনেক আশীর্বাদ আমাদের, ভূত আসুদা",happy,bn
"সেদিন চাঁদ দেখেছিলাম, সত্যি বলতে আগের চেয়েও ভালো লাগছিল",happy,bn
ফুল জোলার ছেলেটি পিএইচডি করার সাথে সাথেই তোতলার আনন্দ আকাশচুম্বী হয়ে গেল।,happy,bn
মাভিয়া প্রার্থী পাবেন না-বাবনকুলে,happy,bn
বর নতজানু হওয়ার জন্য প্রস্তুত ছিল কিন্তু তার বাবা ঠিক মুহূর্তে বিয়ে ভেঙে দেন।,happy,bn
"প্রবাস উৎসবের জন্য ধন্যবাদ, আমি এখন সাশ্রয়ী মূল্যে আমার ভ্রমণ সম্পূর্ণ করতে পারি।",happy,bn
"আহা, তাহলে কেন ওই দুই দল একই দলে পরস্পর মারামারি করছে?",happy,bn
শিন্ডে হেসে বললেন যে তিনি নিখুঁত খেলা খেলেছেন...,happy,bn
আপনাকে এবং আপনার পরিবারের জন্য শুভ নববর্ষ...,happy,bn
তারপরও হারতে চলেছে বিজেপি,happy,bn
শুভ হোলি শুভেচ্ছা,happy,bn
পুলিশ স্মৃতি দিবসে দায়িত্ব পালন করতে গিয়ে শহীদ হওয়া শহীদদের প্রতি বিনম্র শ্রদ্ধা!,happy,bn
দাদা আমি কি আপনার নাম্বার পেতে পারি? আমরা আপনার কাজ করার উপায় পছন্দ করি,happy,bn
হিন্দি ছবির ব্যর্থতায় কি দেশের অর্থনীতি ভেঙে পড়ছে? রাকুল প্রীত সিংয়ের বক্তব্য সর্বত্র আলোড়ন সৃষ্টি করে,happy,bn
এই গুরুত্বপূর্ণ দায়িত্ব পাওয়ার জন্য অভিনন্দন।,happy,bn
মর্মান্তিক!! অস্ট্রেলিয়ার বিরুদ্ধে ম্যাচের আগে টাকা চেয়েছিল চণ্ডীগড় পুলিশ,happy,bn
কর্তব্য পালনে শহীদ হওয়া শহীদদের প্রতি জানাই বিনম্র শ্রদ্ধা,happy,bn
ভবিষ্যতের জন্য শুভ কামনা!,happy,bn
"যদিও সময়ের সাথে সব পরিবর্তন ঘটবে, আমরা আমাদের সংকল্প ত্যাগ করিনি",happy,bn
"স্ক্রিপ্ট প্রস্তুত ছিল, দশেরা জমায়েতের পরে হৈচৈ হয়েছিল।",happy,bn
খুব ভাল নির্দেশিকা.,happy,bn
লক্ষ্মণের পা তার! বাবুজির কন্ঠে এই গানটি শুনুন। জয় শ্রী রাম।,happy,bn
আপনাদের সবাইকে হোলির শুভেচ্ছা!,happy,bn
সকলকে ঘাতস্থান ও নবরাত্রি উৎসবের শুভেচ্ছা।,happy,bn
এই ছবি কবে সত্যি হবে...এবং কিভাবে...একটি অনুমান...দেখা যাক...,happy,bn
"কোলহাপুরের বাসিন্দা মহালক্ষ্মীর একটি সুন্দর রঙ্গোলি, মহালক্ষ্মী পূজা উপলক্ষে আমার বোনের তৈরি।",happy,bn
আপনাদের সবাইকে নববর্ষের শুভেচ্ছা! বা,happy,bn
তার নেতৃত্বে কাজ করতে গিয়ে জনমুখী ও উন্নয়নমুখী কাজ করতে হবে। শুভেচ্ছা জানানো হলো। /,happy,bn
ধন্যবাদ বিক্রান্ত জি! আসুন আমরা মারাঠা যুবকদের সুবিধার জন্য একসাথে কাজ করি!,happy,bn
মহারাষ্ট্র প্রদেশ অসংগঠিত শ্রমিক কংগ্রেসের পক্ষ থেকে সকলকে শুভেচ্ছা!,happy,bn
"আদর্শ বলে বিবেচিত বালা সাহেবের মুখে যারা তালা মেরেছিল, যখন তাঁর দলে হামলা হয়েছিল, তাও ইতিহাসে লিপিবদ্ধ আছে।",happy,bn
এই বিবৃতিতে আপনার বিরুদ্ধে বিদ্বেষমূলক বক্তব্যের মামলা দায়ের করা যেতে পারে।,happy,bn
"স্ক্রিপ্ট প্রস্তুত ছিল, দশেরা জমায়েতের পরে হৈচৈ হয়েছিল।",happy,bn
এই গুরুত্বপূর্ণ দায়িত্ব পাওয়ার জন্য অভিনন্দন।,happy,bn
বিষ্ণুপুরীতে গুরুকৃপা প্যাথলজি ল্যাবের উদ্বোধন উপলক্ষে সন্তোষ হাম্বারদেকে অভিনন্দন।,happy,bn
শুভ জন্মদিন ভাই আপনাকে,happy,bn
ব্যাডমিন্টন একক ফাইনাল (পুরুষ) চলছে এবং লক্ষ্য সেন দুর্দান্ত খেলছেন।,happy,bn
স্যার আপনাকে নববর্ষের শুভেচ্ছা..,happy,bn
এবং এই টুইট এই মানুষটির দুর্দান্ত প্রতিভা প্রদর্শনে সহায়তা করেছে।,happy,bn
এটা কি ধরনের শব্দ?,happy,bn
মারাঠি টাইগার আপনাকে নিয়ে খুব গর্বিত এবং গর্বিত,happy,bn
"দুর্যোধনও ভগবান শ্রীকৃষ্ণের সঙ্গে দেখা করলেন, রে বাবা",happy,bn
জনগণের স্পষ্ট ভোট বিজেপি।,happy,bn
আমাদের বড় ভাই শ্রী সন্দীপ ভাউ করন্দে পাটিলকে জন্মদিনের শুভেচ্ছা।,happy,bn
শুভ জন্মদিন ভাই!!,happy,bn
"এগিয়ে যাও ভাই + অনেক অভিনন্দন, অনেক আশীর্বাদ আমাদের, ভূত আসুদা",happy,bn
সুযোগ হাতছাড়া করলাম। এবং গুরুত্বপূর্ণ সময় নিল!! অভিনন্দন,happy,bn
তিলগুল ফিরিয়ে নাও মিষ্টি কথাও!,happy,bn
"আমি এটির জন্য খুব উত্তেজিত, প্রত্যেকের এটি দেখা উচিত।",happy,bn
হ্যালো বৃহস্পতিবার শুভ সকাল,happy,bn
এ ধরনের অনুষ্ঠান হওয়া খুবই অনন্য। ......,happy,bn
মনে হয় এটা কোনো পরাশক্তির হাত,happy,bn
আপনাকে ধন্যবাদ.. আশা করি আমরা আপনার সমর্থন পাব।,happy,bn
আপনার বাবাকে শুভ জন্মদিন…কিন্তু আপনি ডায়েট বেবিতে আছেন।,happy,bn
আমাদের নাতনি সেলফি তোলা উপভোগ করছে...,happy,bn
শুভ নববর্ষ স্যার..,happy,bn
আপনার ক্ষমতার আসন ছিনিয়ে নেওয়া হয়েছে,happy,bn
মানে কি.. ভাদা পাভ করনি আর নারকেল জলের মতো জলপ্রপাত?,happy,bn
শুভকামনা... আমরাও আপনাকে সমর্থন করি... জয় বিদর্ভ,happy,bn
শুভ নববর্ষ ভাই..,happy,bn
গ্রেপ্তারও করা হয়েছে,happy,bn
ভাই বোনের অটুট ভালোবাসা ও সম্পর্কের উৎসব রক্ষাবন্ধনের শুভেচ্ছা...!,happy,bn
শক সম্পর্কে কি? অনেক নতুন শিব সৈনিক সেই শূন্যস্থান পূরণ করতে প্রস্তুত..!!,happy,bn
রাজ্যের সকল মানুষকে কোজাগরী পূর্ণিমার শুভেচ্ছা..!,happy,bn
এটা পড়ে মহেশ কোঠারের কিডনি হার্ট অ্যাটাক হয়ে থাকতে পারে।,happy,bn
"যদিও সময়ের সাথে সব পরিবর্তন ঘটবে, আমরা আমাদের সংকল্প ত্যাগ করিনি",happy,bn
খুব সুন্দর,happy,bn
খুব ভাল নির্দেশিকা.,happy,bn
: নারওয়াদে স্থানীয় রাজনীতিতে সক্রিয় নেতা হিসেবে পরিচিত ছিলেন।,happy,bn
সেহবানা এখন বুঝতে পারছে এটা একটা বড় খেলা,happy,bn
তিনি সাভারকরকে বিশ্বাসঘাতক বলেছেন। এটা কি সত্যি?,happy,bn
"বৈশালী ঠক্কর আত্মহত্যা মামলার পলাতক আসামি পুলিশ হেফাজতে, বৈশালীর সঙ্গে তার সম্পর্ক কী ছিল?",happy,bn
"স্টাম্পের কাছে মাইকের কাছে গালিগালাজ করায় ক্যাপ্টেনকে ভারাক্রান্ত, এবার বিশ্বকাপ থেকে ছিটকে যেতে পারেন!",happy,bn
ঘটস্থাপনা ও নবরাত্রি উৎসবের শুভেচ্ছা!,happy,bn
ভাস্কর যাদবের বিরুদ্ধে পুনেতেও একটি মামলা দায়ের করা হয়েছে...ব্রেকিং,happy,bn
শুভ জাফরান বার্ষিকী ভাগবতজি,happy,bn
আগামী কয়েকদিনের মধ্যে আপনার সরকারের পতন হবে...,happy,bn
তাই মহারাষ্ট্রের রাজনীতিতে দেবেন্দ্রজির মুদ্রা বিরাজ করছে।,happy,bn
এ সময় পুনের ওপরের মেঘ ফেটে যাচ্ছিল,happy,bn
এই প্রশ্ন সকল সাধারণ মানুষের কাছে যে এত বিপুল পরিমাণ অর্থ আসে কোথা থেকে?,happy,bn
শুভ জন্মদিন স্যার। ./…,happy,bn
"তিনি দেশের জন্য আত্মত্যাগ করেছেন, আপনি তার পায়ে পড়ার যোগ্য নন।",happy,bn
"টোকিও অলিম্পিক ভারোত্তোলনে ভারতের প্রথম রৌপ্য পদক জিতেছেন মীরাবাই চানু..!! মীরাবাই, অভিনন্দন!!",happy,bn
তাদের সবাইকে এনসিপি কংগ্রেসে স্বাগত জানাতে পেরে আমরা গর্বিত।,happy,bn
আজ থেকে শুরু হওয়া নবরাত্রি উৎসবের জন্য সবাইকে শুভেচ্ছা!,happy,bn
জয় স্বামীনারায়ণ গনপতি বাপ্পা মর্যমঙ্গলমূর্তি মর্যা!!,happy,bn
: নারওয়াদে স্থানীয় রাজনীতিতে সক্রিয় নেতা হিসেবে পরিচিত ছিলেন।,happy,bn
প্রতিটি বন্ধুত্বের একটি সম্পর্ক আছে এবং প্রতিটি সম্পর্কের একটি বন্ধুত্ব আছে!,happy,bn
"সত্যযুগে রাবণ তীর-ধনুক দিয়ে পরাজিত হয়, কলিযুগে উদ্ধব ঠাকরে নিহত হন।",happy,bn
আলন্দিতে একটি গ্রাম এক গণেশোৎসব উদ্যোগে উত্সাহী সাড়া...//,happy,bn
অভিনন্দন এবং ভবিষ্যতের জন্য শুভ কামনা,happy,bn
পশু থেকে মানুষের সংক্রমণ এবং উভয়ই বেড়েছে!!!,happy,bn
যেখানে নিবেদন আছে সেখানে কোনো পরাজয় নেই এবং ভালোবাসার কথাটি একেবারেই সঠিক।,happy,bn
"কোজাগিরি পূর্ণিমা, শারদ পূর্ণিমার শুভেচ্ছা... .//_/...",happy,bn
"কোলহাপুরের বাসিন্দা মহালক্ষ্মীর একটি সুন্দর রঙ্গোলি, মহালক্ষ্মী পূজা উপলক্ষে আমার বোনের তৈরি।",happy,bn
মহারাষ্ট্র পুলিশকে আন্তরিক স্যালুট,happy,bn
আপনার কাজে সৌভাগ্য কামনা করছি!,happy,bn
"দুর্যোধনও ভগবান শ্রীকৃষ্ণের সঙ্গে দেখা করলেন, রে বাবা",happy,bn
"শুভ রাত্রি, হিন্দুরা। গরু সেবাই শ্রেষ্ঠ সেবা",happy,bn
পাওয়ার ছাহেবা কি এটা জানতেন না?,happy,bn
জয় শিব শম্ভু হর হর মহাদেব শুভ সকাল বন্দনা,happy,bn
এই দেশকে পরিষ্কার করতে হলে সবার আগে মানুষের চিন্তা-চেতনা পরিষ্কার করতে হবে...,happy,bn
"তার মেয়ের জন্মের পর, তিনি সমস্ত সীমা অতিক্রম করেছিলেন এবং তাকে স্বাগত জানানো হয়েছিল হাউসওয়ার্মিং অনুষ্ঠানে।/-…",happy,bn
ঘটস্থাপনা ও নবরাত্রি উৎসবের শুভেচ্ছা!,happy,bn
এটা সঠিক..,happy,bn
"প্রতিবাদ হওয়া উচিত ইস্যু, আদর্শ ও ব্যক্তিকে কেন্দ্র করে। বিরোধীদের বিরোধিতা করা নিছক বোকামি",happy,bn
রায়গড় জেলায় আপনার সাথে উপস্থিত লোকদের এই বাক্যটি বলার জন্য আপনাকে ধন্যবাদ। মন্ত্রী মেন্টর,happy,bn
'বিজেপি মহারাষ্ট্রের ঐতিহ্য ধরে রাখতে কাজ করেছে'; একনাথ শিন্ডের প্রতিক্রিয়া,happy,bn
শুভ নববর্ষ..!স্পৃহা,happy,bn
ভুটানের সর্বোচ্চ পুরস্কারে সম্মানিত প্রধানমন্ত্রী নরেন্দ্রজি মোদি! আন্তরিক অভিনন্দন,happy,bn
কিডনিতে কি সত্যিই কৃমি আছে?,happy,bn
তারপর থেকে শেগাঁও যাননি তবে অভিজ্ঞ গোদামওয়ালে। খুব ভালো..,happy,bn
অস্কার পেয়ে ইতিহাস সৃষ্টি করলেন নাটু-নাটু গান...,happy,bn
অনেক বালাসাহেব আছেন কিন্তু শ্রদ্ধেয় বালাসাহেব ঠাকরে একজনই।,happy,bn
প্রকৃতির পক্ষ থেকে শুভেচ্ছা স্যার,happy,bn
কিন্তু সে হাসতে হাসতে বলে যে এটা রাও ঠাকরের খেলা ছিল।,happy,bn
আমেরিকার এক কৃষক মুরগির গলা কেটে ফেললেও মুরগি মরেনি।,happy,bn
নমস্তে মা সুপ্রভাত গণপতয়ে নমঃ শুভ অঙ্গারকি চতুর্থী,happy,bn
শুভ মকর সংক্রান্তি!,happy,bn
আমাদের বড়রা কবে জানবে যে অমুক শিশু এটা জানে???,happy,bn
পাঁচ হাজার ফলোয়ার পেয়ে আমরা সবাই খুশি,happy,bn
অতিরিক্ত আত্মবিশ্বাস কোথা থেকে আসে?,happy,bn
প্রবীণদের সঙ্গে জ্ঞানের অভিষেক - ডঃ মালপানি।//,happy,bn
শুভ জন্মদিন ভাই!!,happy,bn
এটা বিশ্বাস করা হয় যে মোটা ভাইকে বিচারের ঈশ্বর দ্বারা শাস্তি দেওয়া হয়েছিল।,happy,bn
চাচাই যে আগুন লাগিয়েছেন!,happy,bn
জয় শিব শম্ভু হর হর মহাদেব শুভ সকাল বন্দনা,happy,bn
প্রবীণদের সঙ্গে জ্ঞানের অভিষেক - ডঃ মালপানি।//,happy,bn
"অভিনন্দন, আমরা শীঘ্রই বিয়ে করতে চাই।",happy,bn
"তিনি দেশের জন্য আত্মত্যাগ করেছেন, আপনি তার পায়ে পড়ার যোগ্য নন।",happy,bn
মুম্বাইয়ের ঘাটকোপারের বাথরুমে ধুলোওয়াদ খেলে বাড়ি ফিরে আসা এক দম্পতির মৃতদেহ পাওয়া গেছে। ..//-…,happy,bn
আবার হরিওম...অযোধ্যা জি...সংসেহ জয় মহারাষ্ট্র,happy,bn
Covishield এবং Covaxin টিকা উভয়কেই তাদের প্রাপ্য দেওয়া উচিত।,happy,bn
তাহলে আপনি মানে ওয়াগলে একজন সাংবাদিক????,happy,bn
"আপনার দীর্ঘ ও সুস্থ জীবন হোক, আমি বাপ্পার কাছে প্রার্থনা করি।",happy,bn
মহারাষ্ট্রের একমাত্র অভিভাবক ও রক্ষক,happy,bn
আগামী কয়েকদিনের মধ্যে আপনার সরকারের পতন হবে...,happy,bn
"শীতল তয়, তুমি ভারী এডিটিং করো, তুমি সব কিছু ম্যানেজ করো কী করে?",happy,bn
"তুমি শুধু আওয়াজ দাও, আমরা মাতৃভূমি ও গরীবদের জন্য তোমার সেবায় নিয়োজিত।",happy,bn
"শুভ মকর সংক্রান্তি!! তিল আর গুড় খান, মিষ্টি করে কথা বলুন...",happy,bn
বিশ্বে একমাত্র রোহিত বাপটেরই কমন সেন্স আছে।,happy,bn
হাজারী হওয়ার জন্য কোলহাপুরকে অভিনন্দন,happy,bn
"আরে, এই যে ব্রজভূষণ তার মনিবকে ভয় দেখিয়েছিল?",happy,bn
স্যার কৃষকদের জন্য কিছু করতে পারেন?,happy,bn
সবাইকে মকর সংক্রান্তির শুভেচ্ছা!!,happy,bn
শুভ জন্মদিন,happy,bn
আপনাদের সকলের দোয়ায় অনাসরকা সম্পন্ন হলো। সবাইকে অনেক ধন্যবাদ,happy,bn
মা ঈশ্বর এবং আত্মার সম্পূর্ণ মিলন।,happy,bn
আমাদের বড়রা কবে জানবে যে অমুক শিশু এটা জানে???,happy,bn
রাজ্যের সকল মানুষকে কোজাগরী পূর্ণিমার শুভেচ্ছা..!,happy,bn
"তারা এর চেয়েও শক্তিশালী...! আমাদের দীপাবলি পটকা... *দিওয়ালি এখনই আসুক, পুরো পৃথিবী বিপদে পড়বে।*",happy,bn
দাদা আমি কি আপনার নাম্বার পেতে পারি? আমরা আপনার কাজ করার উপায় পছন্দ করি,happy,bn
নমস্তে মা সুপ্রভাত গণপতয়ে নমঃ শুভ অঙ্গারকি চতুর্থী,happy,bn
আমার এবং আমার পরিবারের পক্ষ থেকে শুভ নববর্ষ,happy,bn
"শুভ সকাল, এটা ভারী",happy,bn
"ওম গন গনপতয়ে নমঃ ওম নমঃ শিবায় গনপতি বাপ্পা মর্যা, মঙ্গলমূর্তি মোর্যা",happy,bn
কেন আশা পারেখ বিয়ে করেননি?; কারণ আপনি অবাক হবেন!,happy,bn
ভবিষ্যতের জন্য শুভ কামনা!,happy,bn
এই ভারী,happy,bn
এই নারীকে এখন পূর্ণ পরাশক্তি দিয়ে সমাহিত করা হবে,happy,bn
শিবরাইয়ের ঢাল তলোয়ার যে হিংস্র মশালের চেয়ে বেশি শক্তিশালী তা উথাসেন বুঝবে না।,happy,bn
স্যার আপনাকে নববর্ষের শুভেচ্ছা..,happy,bn
"মর্মান্তিক ! কালওয়া থেকে খারেগাঁও পর্যন্ত রাস্তা বন্ধ, ব্যারিকেড দিয়ে রাস্তা বন্ধ করে দেওয়া হয়েছে।",happy,bn
ওম সর্বমঙ্গল মঙ্গলে শিবে সর্বার্থ সাধিকা। শরণে ত্র্যম্বকে গৌরী নারায়ণী নমোৎসুতে।,happy,bn
কি হল... কার কর্ম ভেঙে গেল?,happy,bn
চৈতন্যময়ী- দীপাবলি উৎসবের প্রথম দিন হল ভাসুবারস... বাসুবারসের শুভেচ্ছা!,happy,bn
"এই নিম্নচাপ বেল্টের ব্যাপ্তি অনেক বড়, এমনকি প্যারিসেও বৃষ্টি হয়!!",happy,bn
এই পান্ডিয়ার এত দাম কেন?,happy,bn
বিজয় বালা সাহেবের আশীর্বাদ।,happy,bn
"নাগপঞ্চমী উৎসবের বিজয়ীদের স্বরাজের সম্মানে একটি শাড়ি, একটি সোনার নাকের আংটি, একটি রূপার আংটি এবং কিছু জিনিস দেওয়া হবে।",happy,bn
ফ্যামিলিজম একটি সুন্দর শব্দ। পরিবারতন্ত্র হল দেশের প্রতি সমগ্র পরিবারের নিবেদন।,happy,bn
শুভ নববর্ষ ভাই।/_/…,happy,bn
বিশুদ্ধ সংস্কারের প্রতিফলন...,happy,bn
এটা কি ধরনের শব্দ?,happy,bn
"এটি সত্যিই একটি আশ্চর্যজনক বিশ্ববিদ্যালয়, প্রত্যেকের এটি পরিদর্শন করা উচিত।",happy,bn
দুজনেই মন থেকে সত্যি বলছি..!,happy,bn
"খুব ভালো,,আমি তোমার সাথে একবার দেখা করতে চাই,এটা কি সম্ভব???",happy,bn
সিন্ধুদুর্গ রেলস্টেশন কেন গত এক ঘণ্টা অন্ধকার?,happy,bn
এই গুরুত্বপূর্ণ দায়িত্ব পাওয়ার জন্য অভিনন্দন।,happy,bn
অভিনন্দন স্যার.. সাফল্য পেতে থাকুন,happy,bn
আপনি আপনার মনের কথা বলছেন... সংসদেরও মনে রাখা উচিত লোকশাহির আন্নাভাউ সাঠে কী বলেছিলেন...,happy,bn
"মা তো ""মা""!! অন্যদের কাছে নেই...!! বাকি সবাই কুটিল...!!",happy,bn
মিনিটের মধ্যে এই কোডটি ব্যবহার করুন %Xtra Suite স্যার,happy,bn
ভারতে স্বাগতম ভাই... এত দিন কোথায় ছিলেন...?,happy,bn
মৃত্যুঞ্জয় রুদ্রায় নীলকণ্ঠে শাম্ভে অমৃতেশাই রুদ্রায় মহাদেবায় তে নমঃ ওম নমঃ শিবায়!,happy,bn
ভ্রাতৃত্বের অটুট বন্ধনের উৎসব রক্ষাবন্ধন ও নারকেল পূর্ণিমা উপলক্ষে সকলকে শুভেচ্ছা!,happy,bn
ছগনরাও ভগৎ সিং সরস্বতীর ভক্ত ছিলেন। কেউ ধান চোর ছিল না,happy,bn
আমেরিকার এক কৃষক মুরগির গলা কেটে ফেললেও মুরগি মরেনি।,happy,bn
দাবা খেলায় প্রতারণার ঘটনা ঘটেছে ভারতে...,happy,bn
ঘটস্থাপনা ও নবরাত্রি উৎসবের শুভেচ্ছা!,happy,bn
এগুলো সব হলুদ! মিনি জেজুরি স্টেশনে আজ আয়োজন!,happy,bn
এই ভালবাসা ছড়িয়ে দেখুন..,happy,bn
এই সাক্ষাত্কারে একটি জিনিস স্পষ্টভাবে অনুভূত হয়েছিল যে খার্গ রাজদীপের চেয়ে মারাঠি ভাল কথা বলে।,happy,bn
"স্যার, অভিনন্দন, এখন আগামী নির্বাচনের জন্য শুভকামনা, ভালো প্রচারণা দিয়ে বিরোধীদের চুপ করুন।",happy,bn
"এই সিন্ধেশাহী মহাপুরুষের অমূল্য দর্শন, এর সঙ্গে আপস করা ঠিক নয়।",happy,bn
নিশান আসল মহারাষ্ট্রের ঢাল ও তলোয়ার,happy,bn
সকলকে ঘাতস্থান ও নবরাত্রি উৎসবের শুভেচ্ছা।,happy,bn
এটা আসলে শুরু হয় না. এই দিনটির জন্য আপনি অপেক্ষা করছেন,happy,bn
এগুলো সব হলুদ! মিনি জেজুরি স্টেশনে আজ আয়োজন!,happy,bn
". এমনকি তার চুল ড্যান্ডি হবে না, তিনি একটি শাঁখা কানের দুল পরেছেন।",happy,bn
এ ধরনের অনুষ্ঠান হওয়া খুবই অনন্য। ......,happy,bn
তুলাপুর পুনে সমাধিতে ছত্রপতি সম্ভাজি রাজেকে শ্রদ্ধাঞ্জলি।,happy,bn
এই মুভিটি দেখে আমি খুবই উত্তেজিত,happy,bn
ভারত ডিসেম্বর থেকে GK-এর সভাপতিত্ব করবে এবং প্রথমবারের মতো G নেতাদের শীর্ষ সম্মেলন আহ্বান করবে৷,happy,bn
এই ছবি কবে সত্যি হবে...এবং কিভাবে...একটি অনুমান...দেখা যাক...,happy,bn
"দৈনিক একমত, দেশোন্নতি, মারাঠওয়াড়া কেশরী পেপারকে ধন্যবাদ...",happy,bn
কোজাগিরি পূর্ণিমার শুভেচ্ছা!!,happy,bn
বাবা সাহেব আম্বেদকর এক ছিলেন এবং থাকবেন,happy,bn
"প্রকৃতি কিচ্ছু জানে না, গরম বাড়ছে আর সেই সাথে বৃষ্টি হচ্ছে।",happy,bn
|| ওম নমঃ শিবায় || আপনাদের সকলের জন্য শুভ কামনা!,happy,bn
ওহ! কি,happy,bn
"ওম নমঃ শিবায়... আপনাদের সকলকে ""মহাশিবরাত্রি"" এর শুভেচ্ছা!",happy,bn
ফের বিতর্কে সমীর ওয়াংখেড়ে; এখন এখানে কেন,happy,bn
মিনিটের মধ্যে এই কোডটি ব্যবহার করুন %Xtra Suite স্যার,happy,bn
পাঁচ হাজার ফলোয়ার পেয়ে আমরা সবাই খুশি,happy,bn
আমরা ইংরেজি মিডিয়া বয়কট করেছি।,happy,bn
"সাত্তার জি, মারাঠাওয়াড়ার কৃষকদের দুর্দশা বুঝতে পারছেন?",sad,bn
"ভাল সামাজিক কাজ বন্ধ পরিশোধ, আপনি কম পড়ে যাচ্ছে",sad,bn
এটা সত্যি! আমরা নিজেরাই লজ্জিত হতে শুরু করছি!,sad,bn
এই দৃশ্য অবশ্যই বিরক্তিকর -----,sad,bn
"আহ, সাত্তার শেঠ... কৃষক মারা গেলে কি খরার মতো পরিস্থিতি হবে...?",sad,bn
অল্প বয়সেই আত্মহত্যা করেছিলেন এই অভিনেত্রী।,sad,bn
প্রখ্যাত অভিনেতা ও প্রবীণ নাট্য ব্যক্তিত্ব প্রদীপ পটবর্ধনের মর্মান্তিক মৃত্যুতে আন্তরিক শ্রদ্ধাঞ্জলি।,sad,bn
এখন মনে হচ্ছে এই নির্বাচনী প্রতীকও হারিয়ে যাবে।,sad,bn
আমি আমার সমস্ত মারাঠা ভাই ও বোনদের ভবিষ্যতে ভোট না দেওয়ার জন্য অনুরোধ করছি।,sad,bn
কেন্দ্রের মোদী সরকারের কারণে দেশের গণতন্ত্র দুর্বল হচ্ছে!,sad,bn
আফগানিস্তানে তালেবানদের হাতে শিখরা নির্যাতন!,sad,bn
এটা খুবই দুঃখজনক ঘটনা,sad,bn
"দুঃসংবাদ, এই দুর্ঘটনায় শহীদ সেনাদের প্রতি রইলো বিনম্র শ্রদ্ধা",sad,bn
এখন সময় বদলেছে। এখন মেয়ে নেই... এখন বেকার ছেলেমেয়েরা বাবা-মায়ের কাঁধে বোঝা হয়ে দাঁড়িয়েছে।,sad,bn
"এটা আগে করা উচিত ছিল কিন্তু এখন নয়, পরাজয় অবশ্যম্ভাবী।",sad,bn
এবং আমরা এটি থেকে ভুগছি,sad,bn
"যে দলই আসুক না কেন, সাধারণ জনগণ কোনো সুবিধা পাবে না।",sad,bn
আমি আর চাই না,sad,bn
এটাই ইতিহাস। গৌরব চলে গেছে।,sad,bn
আমি মাঝে মাঝে সরসবাগ যাই। এখন শুধু ভিড় আর যানজটের শব্দ আসছে।,sad,bn
সুফল সাধারণ মানুষের কাছে না পৌঁছালে সবকিছুই অকেজো,sad,bn
আমি আগেই বলেছি দেশের সামনে ভিকটিম ছাগলকে পরাজিত করেছে।,sad,bn
এই বলে তয়ের বক্তৃতা শেষ হয়ে গেল...ওম শান্তি!,sad,bn
"স্যার, কী নিয়ে এসেছেন? পড়ে খুব খারাপ লাগলো।",sad,bn
মহারাষ্ট্র আমাকে কোথায় নিয়ে যাবে?,sad,bn
তার স্ত্রী তাকে ডাকলে সে বাসায় আসতে শুরু করলেও পথে তিনজন তাকে গুলি করে।,sad,bn
"আপনার মতো, তাদেরও মনে হয় যেন তাদের ওপর দিয়ে মেরে ফেলা হচ্ছে",sad,bn
মৃত্যুর এই গ্রাফ অমরাবতীতে সবচেয়ে বেশি,sad,bn
আমি মনে করি ষাঁড় এবং মহিষকেও অপমান করা হবে...,sad,bn
এটা তোমার নিয়তি নয়,sad,bn
"জনতা সাপটিকে পিষে ফেলতে যাচ্ছিল, কিন্তু ঋষি পাপ হবে বলে রক্ষা করলেন; কিন্তু একটি ভুল ব্যয়বহুল প্রমাণিত হয়েছে",sad,bn
আজ আমি অন্ধ ও বধির,sad,bn
বালাসাহেবের আজ খুব মন খারাপ হবে,sad,bn
: গরবা খেলার সময় রাস হঠাৎ থেমে গিয়ে পড়ে গেল; পরিবারের সামনে মৃত্যু,sad,bn
একটি ভোটাধিকার বঞ্চিত আসন সবসময় ভোটাধিকার বঞ্চিত থাকবে।,sad,bn
এই চার মাসে তিনি তার রাজনৈতিক পরিচয় অনেকটাই কমিয়েছেন।,sad,bn
প্রবল বর্ষণে নষ্ট হয়ে যাওয়া কৃষকের সন্তানের এই কষ্ট...,sad,bn
দুর্ভাগ্যের বিষয় হচ্ছে গণমাধ্যমগুলো একতরফা খবর চালাচ্ছে।,sad,bn
এই সিদ্ধান্ত ভুল... স্বাধীনভাবে লড়াই করা উচিত ছিল...,sad,bn
"এটা যদি স্কুল থেকেই শুরু হয়, তাহলে শিশুরা জানতেও পারবে না তাদের ভবিষ্যৎ কতটা উজ্জ্বল হবে।",sad,bn
এত চেষ্টা করেও কিছু না পাওয়াকে কি ভাগ্য বলা উচিত?,sad,bn
অনেক দেরি হয়ে গেছে.. তাড়াতাড়ি যাওয়া উচিত..,sad,bn
দেশের পতন হচ্ছে না কিন্তু আমরা এগোচ্ছি না,sad,bn
রানে পানাবতী আবারও সিদ্ধের পক্ষে প্রচারে আসেন এবং নির্বাচন থেকে সরে আসতে হয়।,sad,bn
যে ধর্ম রক্ষা করবে সে আহত হবে।,sad,bn
": মুদ্রাস্ফীতির প্রাদুর্ভাব; সিএনজি, পিএনজির দাম বাড়বে",sad,bn
"মহারাষ্ট্রে ক্ষমতায় থাকা সত্ত্বেও আমরা আমাদের পুলিশকে বিশ্বাস করি না, ঈশ্বর আপনার মঙ্গল করুন",sad,bn
"হ্যাঁ, আমি নানার অ-উপস্থিতি এবং অতিরিক্ত অভিনয়ে ক্লান্ত হয়ে পড়েছি, আমি আত্মপ্রেম সম্পর্কে সচেতন নই।",sad,bn
হোয়াটসঅ্যাপে জ্ঞান শেয়ার করে আমার বিনামূল্যের দিন কাটছে।,sad,bn
দয়া করে ভগবান সিদ্ধেশ্বর রুকমে পরিবারকে এই কষ্ট থেকে বাঁচানোর শক্তি দিন!,sad,bn
আসলে এর জন্য আসা উচিত ছিল কিন্তু দুর্ভাগ্যবশত বক্সের জন্য এসেছে...,sad,bn
যদিও গরিবদের ভেতরে থাকতে হবে,sad,bn
এমনকি বিক্রমকেও সেই জারজ দ্বারা এত অত্যাচার করা হতো না।,sad,bn
"এই ছিল আমাদের সময়, আজকের শিশুরা এমন নয়",sad,bn
এটা ভুলা যাবে না,sad,bn
আশা করি এটি পড়ে অন্তত কিছু লোক বুঝতে সাহায্য করবে:,sad,bn
আমার মনের মধ্যে সঞ্চিত এত কিছু লিখতে আমাকে সবসময় বাধা দেওয়া হয়।,sad,bn
ফিরতি বৃষ্টিতে ধানের ক্ষয়ক্ষতির জন্য ক্ষতিপূরণ দিতে।,sad,bn
মুদ্রাস্ফীতি না বাড়লে বেতন কম...,sad,bn
তিন দিন ধরে জলিলের পা চেপে ধরে বসে আছে অম্বাদাস।,sad,bn
"সমুদ্রে ভেসে যাওয়া স্ত্রীর কাছ থেকে একটি ভয়েস মেসেজ এসেছিল; ""আমি রবির সাথে খুশি""...",sad,bn
আসলে একজনকে নিজের মনকে রক্ষা করতে সক্ষম হওয়া উচিত ... কীভাবে একজন সর্বদা অন্যের উপর নির্ভর করতে পারে..!,sad,bn
টর্চটাও নিভে গেছে...,sad,bn
বালা সাহেব থাকলে এই ছবি দেখা যেত না।,sad,bn
কেমন আছেন? বাড়ি থেকে বের হওয়ার সময় এ খবর আসে।,sad,bn
ততক্ষণ পর্যন্ত কি আমাদের পানি ছাড়া থাকতে হবে...,sad,bn
ভবিষ্যতে বিজেপির এই অবস্থা হবে,sad,bn
"একাকীত্ব আবার আসে, দু: খিত এবং একাকী...",sad,bn
"স্যার, আপনি অনেক দিন ভাইন্দরে এসেছিলেন কিন্তু আমাকে আপনার সাথে দেখা করতে দেননি...",sad,bn
"আজ থেকে মশালটি ঠিকমতো জ্বালানো হয়েছিল, কিন্তু তার আগেই, এটি নিভানোর প্রস্তুতি শুরু হয়েছিল ...",sad,bn
দাদা দয়া করে মনোযোগ দিন। মানুষ শ্রীগোন্দায়াকে খরা বলে ডাকছে।,sad,bn
এখন ন্যায়বিচারও একই হওয়া উচিত... আর সুদামায়রা যেন এই দ্বারকা পায়..!,sad,bn
এটা একেবারেই সত্য...লোকেরা ঈশ্বরে বিশ্বাস করে না,sad,bn
খুব চিন্তিত! মন ভরে থাকবে। কিন্তু এসবই অনুভূত হতে থাকে জুনের পর থেকে।,sad,bn
রাজি কিন্তু এখন এটা একটা নেশা হয়ে গেছে,sad,bn
এটি শুধুমাত্র কুরলা ট্রাফিক বিভাগে পাঠানো হয়েছে কিন্তু কোন ব্যবস্থা নেওয়া হয়নি,sad,bn
একবারের জন্য আমাকে কিছু দিবেন না। কিন্তু আমাকে লজ্জায় ফেলে যেও না।,sad,bn
আপনার পরিবার কি আপনার ইচ্ছাকে গুরুত্ব সহকারে নেয়?,sad,bn
"প্রতিবাদই কি একমাত্র সমাধান, আমরা বিচার পাব না???",sad,bn
শুধু মা বাবাই এমন! অন্য কারো কাছ থেকে এটা আশা করা খুবই দুঃখজনক!,sad,bn
বিড জেলার পরিস্থিতি দেখে প্রশাসন কি জেগে উঠবে?,sad,bn
"আপনি যে দল কেটে ফেলেছেন, এত হাসছেন কেন?",sad,bn
যে দেশে শিক্ষাকে ব্যবসায় পরিণত করা হয়েছে সেখানে কী আশা করা যায়?,sad,bn
কেউ আপনাকে কিছু দেয় বলে তার সাথে থাকা মূলত একটি মিথ্যা প্রত্যাশা,sad,bn
কষ্ট ছাড়া বুদ্ধি আসে না...! আধা ঘন্টা বৃষ্টি খুব দরকার,sad,bn
সরকার বেসরকারীকরণ করতে চায়..যা দারিদ্র্য আরও বাড়াবে..,sad,bn
"আমি মাঝে মাঝে মনে করি তারা আমাদের ""মানুষ"" বলে ডাকে।",sad,bn
মহারাষ্ট্রের কৃষকরা ভিক্ষা করে দিল্লিতে যাচ্ছেন,sad,bn
"তুমি কি বৃষ্টি চাই না, বরুণরাজের অন্নদাতা দেখতে চাও না",sad,bn
গতকালের রায়ে সুপ্রিম কোর্টের কঠোর ভূমিকা নেওয়া উচিত ছিল।,sad,bn
কনকন সহ রাজ্যে ভেজা খরা ঘোষণা করা খুবই জরুরি।,sad,bn
রাম রাজ্যে পশুরা কষ্ট পাচ্ছে।,sad,bn
প্রত্যাহারের বৃষ্টিতে লোকসানের মুখে পড়া সয়াবিন চাষিরাও হতবাক।,sad,bn
"এটা আপনার দুর্ভাগ্য যে মানুষ আপনাকে ""সহানুভূতি এবং মতামত"" উভয়ই দেয় না।",sad,bn
এটা একটা ট্র্যাজেডি যে পুরো গণতন্ত্র একজন ব্যক্তির উপর নির্ভরশীল হয়ে পড়ে।,sad,bn
: কম আবাদের কারণে এ বছর পেঁয়াজের আধিক্য!,sad,bn
"সে একটি ব্যাঙ্কে কাজ করতে চেয়েছিল কিন্তু...', মেয়েটিকে একটি ট্রাক চাপা দেয় যা রাস্তা ছেড়ে তার বাড়িতে প্রবেশ করে।",sad,bn
এই ঘুমন্ত সরকার কার মনের অবস্থা বলুন। অনেক উত্সাহী বেকারত্ব দ্বারা বিধ্বস্ত ছিল.,sad,bn
"মন যখন তোমাকে ছেড়ে চলে যায়, তুমি হেরে মরে।",sad,bn
"শুধু মারাঠিরা নয়, সমগ্র শিল্পকে অপমান করা হয়েছে।",sad,bn
পড়ে থাকা মুখ সব বলে দেয়।,sad,bn
এটা খুবই লজ্জার বিষয় যে ফুলে শাহু আম্বেদকরের মহারাষ্ট্রে শিশুদের শিক্ষার জন্য আন্দোলন করতে হয়।,sad,bn
সরকারী পরিষেবা বন্ধ হওয়ার অনেক বছর হয়ে গেছে।,sad,bn
"কয়েক মাসের মধ্যে, বালা সাহেবের শিবসেনা এবং বিজেপি সরকারের পতন দৃশ্যমান হয়ে উঠল...হায় ঈশ্বর!",sad,bn
"জল-জল স্থির, সহ্য করা যায় না এবং কোরেশী সাহেবকে বলতেও পারছে না।",sad,bn
কিন্তু ডলারের বিপরীতে রুপির দরপতনের কী হবে?,sad,bn
আপনাকে এবং দলকে ভারী ক্ষতিপূরণ দিতে হবে।,sad,bn
"হ্যাঁ, আমি একমত যে প্রতিযোগিতার যুগে মানুষ ভুলে যাচ্ছে দেশ ও সমাজে কী চলছে।",sad,bn
"এটা আমাদের কষ্ট দেয়। ভিড় হয়, টিকিট পাওয়া যায় না, ট্রেন দেরিতে চলে",sad,bn
জনগণের সাথে কারো কিছু করার নেই... গণতন্ত্র কোথায় গেছে... এটা নিছক স্বেচ্ছাচারিতা।,sad,bn
কেউ আমাকে সেরা বন্ধু মনে করে না,sad,bn
তারা মানসিকভাবে কষ্ট পায়,sad,bn
এর আগে রাজকুমারী হায়া ও প্রিন্সেস লতিফার বিদ্রোহ ও হয়রানির ঘটনা প্রকাশ্যে এসেছে।,sad,bn
"শিল্পজগতে শোকের ছায়া, হারিয়ে গেলেন বলিউডের 'তিনি' কিংবদন্তি...",sad,bn
খুবই দুর্ভাগ্যজনক।,sad,bn
"আমি তোমাকে বিরক্ত করিনি, তাই সময় এসেছে... আমার সময়মতো পোশাক পরা উচিত ছিল...",sad,bn
সমস্ত আদর্শগত অন্ধকার অন্ধকারের দিকে ধাবিত হয়।,sad,bn
কংগ্রেস আশা করেছিল ভালো দিন আসবে কিন্তু তা ব্যর্থ হয়েছে,sad,bn
মনটা এমন একটা লাশের মত হয়ে গেছে যার শেষকৃত্য নেই।,sad,bn
সরকারি চাকরির আকাঙ্ক্ষা অনেককে বেকার করে দিয়েছে।,sad,bn
সম্পর্কের গণিত ব্যাঙ্ক অ্যাকাউন্টের মতো।,sad,bn
কোঙ্কনি হিসেবে রাজি... এখানে আবার গণপতি আসে এবং হাইওয়ে একই জরাজীর্ণ অবস্থায়...,sad,bn
SBI গ্রাহকদের জন্য দুঃসংবাদ! এখন EMI বাড়বে,sad,bn
"হ্যাঁ, গত এক বছর ধরে আমাদের রাজ্যে স্বাভাবিক মুলতুবি নিয়োগ হচ্ছে না।",sad,bn
"গলদা চর্মরোগের প্রাদুর্ভাবের কারণে মারা যাওয়া কৃষক, গবাদি পশুপালকদের আর্থিক সহায়তা",sad,bn
কৃষকদের দুর্দশা দেখে কি লজ্জা পান?,sad,bn
"স্পিকার স্যার, পুনে ট্রাফিক পুলিশের কর্মচারীদের প্রতি চরম অবিচার করা হচ্ছে।",sad,bn
একজন ভারতীয় হিসেবে আমি আজ হারিয়েছি...,sad,bn
আমরা বিহারের পতন অনুভব করছি।,sad,bn
ওম শান্তি..অত্যন্ত শান্ত এবং পর্দায় দেখার যোগ্য অভিনেতা..আপনার আত্মা শান্তিতে থাকুক স্যার,sad,bn
এটা খুবই দুঃখজনক যে এই ধরনের লোক নির্বাচিত হয়...,sad,bn
এটা আমাদের দুর্ভাগ্য যে আমরা এমন একটি কার্টুন পেয়েছি,sad,bn
এর জন্য দায়ী কৃষিপণ্য বাজার কমিটি। ক্ষতিগ্রস্ত হচ্ছেন কৃষকরা।,sad,bn
মহারাষ্ট্র আজ একজন মহান মারাঠি থিয়েটার শিল্পী এবং চলচ্চিত্র অভিনেতাকে হারালো,sad,bn
ভারতের দুর্ভাগ্য যে তিনি আইনজীবী পান।,sad,bn
ব্যর্থতার পর কিছুই অবশিষ্ট না থাকায় দায়িত্ব নিতে কেউ এগিয়ে আসেনি।,sad,bn
"মহারাষ্ট্রের খেলোয়াড়রা দুঃখের পাহাড়ের মুখোমুখি হয়েছিল, ম্যাচের আগে কোচ মারা গিয়েছিল, কিন্তু তবুও তারা লড়াই করেছিল এবং...",sad,bn
*না রাহিলা মানুষ* (শ্রী বালা সাহেব ঠাকরে) *না রাহিলা ধনুষ্য*,sad,bn
এটা দুর্ভাগ্যজনক যে মহারাষ্ট্রে এমন মানুষ আছে যারা শিক্ষার গুরুত্ব বোঝে না।,sad,bn
মারাঠিকে মারাঠি বানিয়ে মারাঠিদের গর্তে ফেলে দেওয়া হল।,sad,bn
'স্বায়ত্তশাসিত' শব্দটি এখন হাস্যকর মনে হতে শুরু করেছে।,sad,bn
পরাজয় নিশ্চিত ছিল,sad,bn
দেশের যুব সমাজ বেকারত্বের কবলে পড়লেও মোদি সরকার একেবারেই নীরব।,sad,bn
নিজের রক্ত-মাংস উৎসর্গ করা কতটা নিষ্ঠুর তা কল্পনার বাইরে,sad,bn
লজ্জায় পড়ে উত্তরপ্রদেশ,sad,bn
কিভাবে উৎসব এলো আর গেল?,sad,bn
পুনের মতো বিশ্বব্যাপী গুরুত্বপূর্ণ শহরে এমন চিত্র তৈরি হওয়া খুবই দুঃখজনক।,sad,bn
বিজেপি শাসনে দিন দিন মূল্যস্ফীতি বাড়ছে এবং সাধারণ মানুষের জীবনযাপনও কঠিন হয়ে পড়ছে।,sad,bn
ভারতে গণতন্ত্র তখন থেকেই একটি বিভ্রম।,sad,bn
সত্য কিন্তু হ্যানসন এই বিষয়ে খুব ভুল ... কারণ এটিই তার অভিষ্যার আসল গাড়ি,sad,bn
আপনি নষ্ট চুল একটি ভাল উদাহরণ.,sad,bn
বেঁচে থেকে লাভ কি?,sad,bn
আমি নিজেই এটা ঘোষণা করছি.. কারণ আমার অনুষ্ঠান কেউ দেখছে না,sad,bn
নেতাজি নথি গডসের দ্বিজাতি তত্ত্ব দ্বারা ব্যাপকভাবে প্রভাবিত হয়েছিলেন।,sad,bn
এটা দুঃখজনক যে নীরবতার সময় যা ঘটেনি তা ঘটছে:,sad,bn
আমি যখন ক্ষমতায় ছিলাম তখন মাকে মনে পড়ত না.. এখন করি।,sad,bn
"হায়রে, তাকে বসার আমন্ত্রণ না পাওয়ায় তিনি দুঃখিত",sad,bn
তার মানে আপনার পদের প্রতি সেনাবাহিনীর কোনো সম্মান নেই।,sad,bn
এই কথা বলে সঞ্জয় উদ্ধবের জন্য জেলের ঝুঁকি নিচ্ছেন।,sad,bn
আপনার এতদিনে বিরোধী দলের নেতা হওয়া উচিত ছিল,sad,bn
আজ পিছু হটা পরাজয় ও অপমান,sad,bn
সন্দীপ মোরে আম্বানির কর্মচারী ছিলেন। তার আত্মহত্যার তদন্ত হওয়া উচিত।,sad,bn
এখন আমি বুঝতে পারি এটা কতটা পাগল ছিল। অন্য কোন বিনোদন ছিল না,sad,bn
বিশ্বের নবম আশ্চর্য দেশ চলছে,sad,bn
কমেন্ট পড়ে ঘুম আসছে না...,sad,bn
"বিদায় জানিয়ে, আমি আবার দেখা করার জন্য সংকল্পবদ্ধ ছিলাম... কিন্তু তার কালো চোখ শেষবারের মতো তার সাথে দেখা করেছিল।",sad,bn
কিন্তু কোটি ভক্তের মন রাজত্ব করা পারভীন বাবির মৃত্যু ছিল খুবই বেদনাদায়ক।,sad,bn
"এই স্যারের খুব প্রয়োজন, কারণ কৃষকরা এই ফিরতে ক্লান্ত।",sad,bn
খোলা পাড়ায় সাপের মত ছুটছ সারারাত ঠান্ডায় ফিসফিস করে,sad,bn
এটা নিয়ে খুশি হওয়ার কিছু নয়।,sad,bn
"দুর্ভাগ্যের বিষয় হল যারা দেশ চালায় না, যারা যুদ্ধ করে, না কৃষকরা...",sad,bn
কৃষকদের নিয়ে সবাই চিন্তিত কিন্তু কৃষকদের নিয়ে কেউ চিন্তিত নয়।,sad,bn
এত বড় উন্নয়নশীল দেশের জন্য এটা খুবই লজ্জাজনক।,sad,bn
দয়া করে কাজের গতি বাড়ান। দেরি হওয়ায় সমস্যায় পড়েছেন প্রার্থীরা।,sad,bn
অতুল স্যার খুনসের দিকে তাকিয়ে আছেন কেন?,sad,bn
একটি বাস্তবতা.. শিক্ষকের হাত থেকে বেত চলে গেল এবং পৃথিবী নিয়ন্ত্রণের বাইরে চলে গেল...!,sad,bn
"তুমি হাসছ কেন, বিয়ের দাওয়াত পাননি",sad,bn
ছত্রপতি...যশবন্তরাও চ্যাভান...শরদ পাওয়ার...ঠাকরে...দিল্লিতে মহারাষ্ট্রের নাম পেয়েছেন...এবং হারিয়েছেন,sad,bn
কৃষক শ্রেণীর দুর্ভাগ্যজনক সত্য তারা উপস্থাপন করেছে যারা...,sad,bn
"একটি ভয়ানক ট্র্যাজেডি, এবং বাকি মহারাষ্ট্র ভুগছে।",sad,bn
অতিবৃষ্টিতে বিধ্বস্ত এক কৃষকের সন্তানের দুর্দশা হৃদয় ছুঁয়ে যায়,sad,bn
নিজেকে গুলি করে আত্মহত্যা করলেন বিজেপি শহর সভাপতি...,sad,bn
আর এই কলিযুগের ট্র্যাজেডি হল... শুধু ভালো মানুষেরই ভাগ্য খারাপ।,sad,bn
বেচারাকে আর কত কষ্ট দিবেন?,sad,bn
"এর প্রভাব তাদের চোখের সামনে দৃশ্যমান ছিল, তাই তারা এই পশ্চাদপসরণ অভিযান শুরু করে",sad,bn
এটা অন্যায় কারণ এতে আরো সহানুভূতি পাওয়া নিশ্চিত..!,sad,bn
এই দাবি এমন অসুখী মানুষের,sad,bn
আন্তরিক শ্রদ্ধাঞ্জলি! ভেদিয়া পরিবার যেন এই ক্ষতি সহ্য করার শক্তি পায়...ওম শান্তি!,sad,bn
"বেঁচে থাকা কৃষকদের সাহায্য করুন, কৃষকের আত্মহত্যা বাড়ছে, মুখ্যমন্ত্রী",sad,bn
ফিফা অনূর্ধ্ব-১৯ মহিলা বিশ্বকাপে ব্রাজিলের কাছে হেরেছে ভারত,sad,bn
"মহারাষ্ট্রে খরা আছে, পুনের অবস্থা করুণ এবং তারা কিছু ভুল করছে",sad,bn
"সামগ্রিকভাবে, ভারতীয় বিচার বিভাগ তার সাহসিকতা এবং নিরপেক্ষতা ভুলে গেছে, তাই সাইডলাইনে বসে এই ধরনের সিদ্ধান্ত দেয়।",sad,bn
তারা ভোগ করে এবং সাধারণ মানুষ প্রাণ হারায়।,sad,bn
এটা নিশ্চিত যে সব জায়গা থেকে মানুষ জড়ো হয়েছে।,sad,bn
নানা... এখনও নাট সম্রাটের ভূমিকা থেকে বেরিয়ে আসেননি।,sad,bn
দায়িত্ব নিতে কেউ এগিয়ে আসে না...,sad,bn
কাকে বলবেন? এক সময় এ দল ছিল শিক্ষিতদের।,sad,bn
MNSও একটা মায়া,sad,bn
এখন আপনার বস ঘরে লুকিয়ে থাকলে আপনি কী করবেন?,sad,bn
বৃটিশরা কীভাবে ভারতীয়দের ক্রীতদাস করে রেখেছিল এটি তার একটি উদাহরণ,sad,bn
আপনার ধার্মিকতা এবং সততা সবসময় সদ্ব্যবহার করা হয়.,sad,bn
"স্যার, দাঁড়াও, এই মুহূর্তে ছন্দটা খারাপ লাগছে",sad,bn
এটা কয়েক দিনের মধ্যে পাগল হয়ে যায়,sad,bn
"মুম্বাইয়ে ডেমোক্র্যাট আন্নাভাউ সাথে থিয়েটারের কাজ বন্ধ, মুখ্যমন্ত্রীকে পদালকারের চিঠি; বলেছেন, 'বহুজনের স্বার্থের কথা ভেবে...'",sad,bn
আমি চাকরি চাই কিন্তু মোদি শেঠ দিচ্ছে না।,sad,bn
"মাঝা শিবসেনা নেতাদের পায়ে মাথা নত করেছে, এমনকি বাসনপত্রও ধুয়েছে কিন্তু কাজ চলতেই থাকে...",sad,bn
আমি ব্লক করেছি তাই বুঝতে পারছি না,sad,bn
সবাই তোমার সাথে আজেবাজে কথা বলছে। কেমন লাগছে?,sad,bn
এসব জেলা সংখ্যালঘু অধ্যুষিত। এই খবর পড়লাম। এটা ভয়ানক খবর,sad,bn
এটা শ্রীলঙ্কার জন্য দুঃখজনক ঘটনা,sad,bn
কিন্তু কোনো রিজার্ভেশন থাকবে না।,sad,bn
স্পেনের দেওয়া সমস্যা ভারতীয় খেলোয়াড়দের সমস্যা বাড়িয়ে দিয়েছে।,sad,bn
আলাদা করে আটকে আছে দীপাবলির কাজ। কেউ বাইরে যাচ্ছে না,sad,bn
জনগণ আর নির্বাচন কমিশনের ওপর আস্থা রাখে না,sad,bn
বাড়িতে চেষ্টা করে... দিনের বেলায় দুই চোখের দৃষ্টিশক্তি হারিয়ে ফেলেছিল,sad,bn
"জীবনের যাত্রায় অনেক মানুষের সাথে দেখা হয়, যারা সাপোর্ট করে তারা কম আর যারা আমাদের ছেড়ে চলে যায় তারা বেশি।",sad,bn
বাকিরা অসহায়,sad,bn
মানুষটা ছোট স্যার.. সবাই এক রকম হয় না..,sad,bn
"ভয়াবহ দুর্ঘটনা ঘটেছে নান্দেদে, ট্রেনটি বিদ্যুতায়নের কাজ থেকে ফিরছিল।",sad,bn
যার কাছ থেকে আড়াই বছর ধরে প্যাকেট নেন। এখন সময় এসেছে তাদের বিরুদ্ধে লেখার... কঠিন..!,sad,bn
পাওয়ার সাহেবের কাছ থেকে সবচেয়ে বেশি ক্ষতি হয়েছে লালপারি ও তার কর্মচারীদের।,sad,bn
"ভগবানকে দেখে খুশি মনে বাড়ি ফিরছিলাম, কিন্তু পথে… কর্ণাটকে একটা ভয়ানক দুর্ঘটনা ঘটে গেল।",sad,bn
পরাজয় আসন্ন মনে হচ্ছে,sad,bn
আমরা কি সে অন্য কারো সাথে পালিয়ে গেছে,sad,bn
গম্ভীর হওয়া এবং হাসতে কষ্ট হয়,sad,bn
সামনে ভয়ঙ্কর পরাজয়। এখন দেখা যাক তিনি বিজেপির প্রার্থী নাকি দেশদ্রোহী সেনা।,sad,bn
এটা আমাদের জন্য একটি কঠিন যন্ত্রণা,sad,bn
এটি একটি জোট যা সম্পূর্ণরূপে বালা সাহেবের চিন্তা ও নীতির বিরুদ্ধে।,sad,bn
মুখ দেখে প্রেমে পড়া তারপর কথা বলা অন্ধ ভালোবাসা।,sad,bn
"উপমুখ্যমন্ত্রী, দিল্লি ও মহারাষ্ট্রের মুখ্যমন্ত্রী, নারী পরিচয়, পরিচয় কিন্তু রাস্তার পাশে।",sad,bn
কেদারনাথ দুর্ঘটনায় নিহত সকল ভক্তের আত্মা শান্তিতে থাকুক!,sad,bn
কি করা যায় না এবং...প্রভু...কী করা যায় না...,sad,bn
": তরুণরাও হার্ট অ্যাটাকের শিকার হচ্ছে, হার্টের যত্ন নিন",sad,bn
"মনে হচ্ছে এই আদালত ন্যায়বিচার দেবে না, জনসাধারণ উদ্ধব সাহেবকে বিচার দেবে।",sad,bn
রুপির ঐতিহাসিক পতন,sad,bn
বিবাহ বিচ্ছেদের প্রধান কারণ কাকে মাথা নত করতে হবে? আমি কেন তুমি,sad,bn
সবকিছু কঠিন,sad,bn
"বাবা মাকে স্টেশনে নামাতে গেলেন, বাচ্চারা ঘরে ঘুমাচ্ছে; চোর ঘরে ঢুকেছে",sad,bn
ভারী বর্ষণে কৃষক! জেলায় দুই কৃষকের মৃত্যু; সরকারের কোন লজ্জা নেই...,sad,bn
খারাপ লাগলো কারণ মোদীজি তার সম্মান হারিয়েছেন,sad,bn
ভাই আমি আপনার জন্য দুঃখিত যে আপনি গরীব চাচার জন্য এত প্রচারণা.,sad,bn
এটা খুবই দুঃখজনক এবং বিরক্তিকর।,sad,bn
"কয়েকদিন আগে এই কথাটা মনে পড়েছিল, কিন্তু মনে হয় ভুলে গেছি।",sad,bn
পরাজয় অবশ্যই কঠিন ছিল বিজেপির জন্য,sad,bn
এই পদক্ষেপ আসার পর থেকে ভারত একটিও কাপ জেতেনি।,sad,bn
দিন দিন কঠিন হয়ে যাচ্ছে...,sad,bn
কর্মকর্তারা খুশি এবং নাগরিকরা ব্যথিত,sad,bn
"দানা বাড়িতে নেই, আমাকে বাজিরাও ডাকবে?",sad,bn
ধারণাটি আত্তীকৃত হলে আজ এই পরিস্থিতির উদ্ভব হতো না।,sad,bn
যে ব্যক্তি দাসত্বের জীবন যাপন করে সে অন্যকে দাস মনে করে,sad,bn
হাই হাই হাই...বালাসাহেব এই ভাগ্য দেখতে এখানে নেই..,sad,bn
স্বাধীনতার বেশির ভাগ দিনও কাটবে দাসত্বে। প্রজাতন্ত্র দিবস নিয়ে কিছু বলা যাবে না।,sad,bn
নিয়ুন আমার মহারাষ্ট্র কোথায় রেখেছে?,sad,bn
"হ্যাঁ, কিয়েভ এসেছিলেন আজ নটসম্রাতার সাক্ষাৎকার দেখতে।",sad,bn
"রামান্না যখন 'তারিখ পে তারিখ' করেছিলেন, ফলাফলের প্রত্যাশা ভেস্তে গিয়েছিল",sad,bn
সবার ভালোবাসা বিচার পায়। এটা এমন নয়।,sad,bn
কংগ্রেস এবং এনসিপি জোট গঠন করলে জোট শেষ হয়।,sad,bn
জেলাটি আখ উৎপাদনে এগিয়ে থাকলেও আখের দামে বরাবরই পিছিয়ে রয়েছে।,sad,bn
বলো কিভাবে বাঁচবো? কোটি মানুষের দেশে এক হাজার মানুষও এই জনপ্রিয় ভাষায় কথা বলে না।,sad,bn
তিনি পাগল রাজা নন। সাক্ষাৎকারটি বিশ্রী এবং হতাশাজনক ছিল,sad,bn
তাহলে আপনার দুঃখ হওয়া উচিত কারণ শিবসেনা এই আসনটি হেরেছে।,sad,bn
"এখন বল না বালা সাহেব, তিনি নেই...",sad,bn
মানুষের ভালো সাড়া দেখে মনে হয় পরাজয়।,sad,bn
এখন মনে হয় দুজনকেই ঘর ধুতে হবে।,sad,bn
"মোদ্দা কথা হল, দরিদ্র ভাদা পাওনা বিক্রেতাদের প্যাকিংয়ের জন্য টাকা দিতে হয়",sad,bn
এই পৃথিবীতে সবকিছুই চলবে কিন্তু আমরা এমন লোক চাই না যারা শিবসেনাকে ধ্বংস করবে।,sad,bn
কারো চোখ পড়ে তোমার নাসিকের দিকে,sad,bn
এটা খুবই সত্য। এখন বিজেপির পরাজয় শুরু হয়েছে।,sad,bn
শুধু তার কথা শুনেই বছরের পর বছর চলে যায়.. কি তাড়াতাড়ি হয় না?,sad,bn
কোন লাভ নেই.. অনেক দেরি হয়ে গেছে.. তার শরীর নিয়ন্ত্রণের বাইরে,sad,bn
এটা মারাঠি মানুষ এবং মহারাষ্ট্রের জন্য দুর্ভাগ্যজনক,sad,bn
দুঃখের খবর - অত্যন্ত প্রতিভাবান এবং মজার অভিনেতা প্রদীপ পটবর্ধনের প্রতি আন্তরিক শ্রদ্ধাঞ্জলি...,sad,bn
এখন বিরক্ত,sad,bn
গ্রামীণ উন্নয়নে জনসাধারণের বক্তব্য নেই,sad,bn
বেশির ভাগ মানুষই জানে বড়মতি সত্যিই হাতের বাইরে চলে যাচ্ছে।,sad,bn
তার পরিবার যেন এই শোক কাটিয়ে উঠার শক্তি পায়! প্রয়াত নরেন্দ্রজি আগরওয়ালের প্রতি আন্তরিক শ্রদ্ধাঞ্জলি!,sad,bn
"সারা বিশ্ব জানত কিন্তু বন্ধু একবারও জানত না, সত্যিই অহংকার মানুষকে অন্ধ করে দেয়।",sad,bn
বিজেপি বিড শহরের সভাপতি ভগীরথ বিয়ানি নিজেকে গুলি করে আত্মহত্যা করেছেন,sad,bn
এখন বছরের পর বছরও কাজ শুরু হয় না...,sad,bn
"কেন বাপ্পা, তুমি কি বারবার আমার পঞ্চায়েত করো?",sad,bn
ভিকটিমের অবস্থা চলছে,sad,bn
"শেষ পর্যন্ত এটাই বলা উচিত, এখন ভিতরের মানুষটি হারিয়ে গেছে যে উদ্ধবকে অপেক্ষা করতে হবে",sad,bn
পুরনো সেতুর রাস্তার অবস্থা খারাপ হলেও এখন যান চলাচল করবে।,sad,bn
কৃষকরা কৃষিপণ্যের দাম না পেলে কোথায় যাবে? মলে কেন?,sad,bn
সংস্কৃতি যদি বাঁচাতেই হতো তাহলে ভলকে ভাই বানালেন কেন?,sad,bn
পৃথিবী বেশি দিন টিকে না,sad,bn
একথা বলার পর শ্রাদ্ধ করার সময় এল।,sad,bn
আপনার সরকারও আটকে আছে। আর অতুল জি তখনই আসবে।,sad,bn
"এমনকি চাচা-ভাতিজাকেও দাওয়াত দেওয়া হয় না, তাই নাতির পেট ফুলে যায়।",sad,bn
হুম এটা অসম্পূর্ণ মনে হচ্ছে।,sad,bn
"ওহ, বেশিরভাগ মানুষ দীপাবলি পর্যন্ত এই বৃষ্টির জন্য অপেক্ষা করবে...",sad,bn
এখন ঘরে বসে কাঁদুন এবং অন্তত সহানুভূতির জন্য অপেক্ষা করুন,sad,bn
ছন্দটা জটিল রাও...,sad,bn
আর সমমনা মানুষ না পেলে পৃথিবীর 'মাটি' হয়ে যায়...,sad,bn
"কোন উপায় নেই, তারা হাততালি দিতে বাধ্য হয়",sad,bn
সবচেয়ে দুঃখের বিষয় হল একাকীত্ব,sad,bn
"কী ঘটেছে বা কী ঘটবে তা নিয়ে উদ্বিগ্ন হওয়া কেবল হৃদয়ের ব্যথা বাড়ায়, আত্মবিশ্বাস নয়।",sad,bn
এটা কি বাধ্যতা ও চাপ ছিল????,sad,bn
বেচারা মেয়েটিকে তার নিজের লোকেরাই সাসপেন্ড করেছে... মতি তার নাকের চেয়ে ভারী হয়ে উঠছে...,sad,bn
গরুর গাড়িতে বাঁধা ষাঁড়ের একটি দুষ্টু হলে বাকিরা খুব রেগে যায়।,sad,bn
এখন নানাও পাশে থাকবে… সে অনেক এগিয়ে নিচ্ছিল।,sad,bn
"আরও দুঃখের বিষয় হল, এমনকি করতালিও ছিল।",sad,bn
এখন এটা কি? এত হতাশ?? এখনো মানুষের সাথে কথা বলে। কিছু চিকিৎসা নিন।,sad,bn
"কৃষক বাবা কেন সবসময় একই ""দ্বৈত প্রকৃতি"" কে জানে?",sad,bn
সে ঠিকমতো কথাও বলতে পারে না।,sad,bn
এই একই লবণ যা মেথি থেকে বের হয় কিন্তু ব্যথা কমানোর কোনো চেষ্টা করা হয় না।,sad,bn
আপনি আপনার চাকরি হারাবেন এবং নির্বাচনে জিততে পারবেন না। এটা লিখুন,sad,bn
এই বৃষ্টি কৃষকদের জন্য ভালো নয় এবং মানুষ অসুস্থ হয়ে পড়ে,sad,bn
দুর্নীতিবাজ সরকারের বিরুদ্ধে লড়াই বেকারত্বের ধাক্কা বহন করছে।,sad,bn
তিনি যদি নিজের আত্মা পাওয়ারের কাছে বন্ধক রাখেন তাহলে আত্মদর্শন হবে কী করে?,sad,bn
মিউনিসিপ্যাল ​​কর্পোরেশন ক্ষমতায় থাকা অবস্থায় এই সমস্যা দেখা দেওয়াটা দুঃখজনক।,sad,bn
সব মিলিয়ে ধনুষ্য যে হাত থেকে বেরিয়ে গেছে তা বলার মরিয়া চেষ্টা,sad,bn
"কিন্তু বাবা সাহেব আম্বেদকর নারীকে উপগ্রহ মনে করেন না, এটা দুঃখজনক।",sad,bn
"আমিও একবার ওকে এভাবে ভালোবেসেছিলাম, কিন্তু সে মেনে নেয়নি।",sad,bn
ধরে নিবেন না সে ভালোবাসে না,sad,bn
"হ্যাঁ, এগুলো অভিজ্ঞতার বিষয়, আমার সাথে আর কিছু আছে কি?",sad,bn
অভিব্যক্তির অভাবও অসম্পূর্ণ সম্পর্কের কারণ হতে পারে...,sad,bn
আমি একঘেয়ে হয়ে যাচ্ছি কিন্তু... ফাটল ছাড়া সব মজা বৃথা...,sad,bn
জনপ্রতিনিধিরা যদি এভাবে রাজপথে নামতেন তাহলে এই দুঃসময় আসত না।,sad,bn
"দিলসা সরকার, বিচার বিভাগ অন্ধ...বোবা, বধির হয়ে গেছে...নির্বাচনী প্রতীক নিয়ে সিদ্ধান্ত নেবে নির্বাচন কমিশন",sad,bn
"দুঃখ বাড়ছে না, সুখ কমছে।",sad,bn
"রাজ্যসভা এবং আইন পরিষদের সময়, শুধুমাত্র ক্রীতদাসদের খারাপ লাগত।",sad,bn
ভোটের বাধ্য...কী হবে মহারাষ্ট্রের?,sad,bn
বয়স বাড়ার সঙ্গে সঙ্গে ছগন ভুজবলের বুদ্ধিমত্তাও কমছে।,sad,bn
"বিড জেলার কৃষকদের সাহায্য করুন, কিছু ভেজা খরা ঘোষণা করুন",sad,bn
"ভাই, ছোটবেলায় অনেক বই পড়তাম, এখন ফোনের কারণে উৎসাহ কমে গেছে।",sad,bn
এটা দেখে দাভোর আত্মাও মারা গেল।,sad,bn
এই সিদ্ধান্ত মারাঠা সম্প্রদায় নেয়নি।,sad,bn
তাঁর বাবা ছিলেন সাধু ঐতিহ্যে সমৃদ্ধ মহারাষ্ট্রের মুখ্যমন্ত্রী।,sad,bn
কিন্তু আমার সাথে কেন এমন হচ্ছে?,sad,bn
এটা একেবারেই সত্য যে প্রচেষ্টা এবং ব্যর্থতাকে সম্মান করা হয় না....,sad,bn
আজ কাজ সেরে এক কাপ চা আর মন দুটোই খাই।,sad,bn
"আস্তা এলাকায় বিদ্যুৎ বিপর্যয়; অনিয়মিত লোড নিয়ন্ত্রণ, বিদ্যুতের বিল বৃদ্ধি ও অসুবিধায় ভোগান্তিতে পড়েছেন নাগরিকরা।",sad,bn
এসব লোকের দ্বারা আমাদের হিন্দু ধর্মের বদনাম হয়।,sad,bn
"সত্যের মৃত্যুর পরে, উদ্ধবের মন গভীরভাবে প্রভাবিত হয়েছে ...",sad,bn
এসব সিমেন্টের রাস্তার কারণে বর্ষাকালে শহর প্লাবিত হয়।,sad,bn
আজও ছেলেরা তিন থেকে চার কিলোমিটার হেঁটে স্কুলে যায়।,sad,bn
আমাদের দুর্ভাগ্যবশত এই ধরনের সাংবাদিক মারাঠি ভাষায় আছে,sad,bn
"এটা পুনর্গঠিত কৃষকদের প্রতি অবিচার, আমরা কোনো সুফল পাচ্ছি না",sad,bn
বিজেপির কারণে পুনেতে সবকিছু মাইনাস হয়ে গেছে,sad,bn
সাতড়ায় গাড়ি ও টেম্পোর মধ্যে মর্মান্তিক সংঘর্ষ; ঘটনাস্থলেই মানুষ মারা যায়,sad,bn
আমি কি মারা যাচ্ছি? তুমি আমার চোখে জল এনেছ!,sad,bn
বেচারা MNS। কোন ভর বাকি নেই. যুদ্ধবিগ্রহের ভিত্তি,sad,bn
"আপনি যত পরীক্ষাই দেন না কেন, সফলতা পাবেন না।",sad,bn
ইয়াবত্মালের ফলাফল দেখে খুব খারাপ লাগছে।,sad,bn
কমলি যতই মিনতি করুক না কেন কমলির কোনো মতামত নেই।,sad,bn
কিন্তু ট্র্যাজেডি হলো আজকের কিছু ছাহেবা প্রেমিক যারা সে সময় এই গোসল করতে সাহায্য করেছিল।,sad,bn
"তালাকপ্রাপ্ত আইনজীবী পুত্রবধূকে নাতির সঙ্গে দেখা করতে দেননি, দাদা আত্মহত্যা!",sad,bn
একটা জায়গা যেখানে একজন মানুষ সবচেয়ে বেশি হারায় সেটা হল দেওয়া ভালোবাসা আর রাখা বিশ্বাস...!,sad,bn
বৃষ্টি হচ্ছে আর আমার কৃষক রাজা কাঁদছে,sad,bn
জলগাঁও: তিন মাস বয়সী মেয়ে গুঞ্জনকে রুমাল দিয়ে শ্বাসরোধ করে খুন।,sad,bn
এটা খুবই দুঃখজনক ব্যাপার!,sad,bn
রাজ্য সরকার কি এই আত্মহত্যার দায় নেবে?,sad,bn
"আপনি যেখানেই যান, এটি ঘটবে... 'অসহ্য এবং অবর্ণনীয়'",sad,bn
এটা সহ্য বা সহ্য করা যায় না,sad,bn
খালি চেয়ারগুলো বলে দেয় মোদীর ভবিষ্যৎ...,sad,bn
"কোন ধন্যবাদ, কোন অভিনন্দন.",sad,bn
কালো কেশিক,sad,bn
মনের দেয়াল আর এই বাধা সইতে পারছে না আর কাঁদতে কাঁদতে মাটি ভিজে গেছে!,sad,bn
শিশুদের যদি শিক্ষার জন্য স্কুলের দাবি করতে হয় তা খুবই দুঃখজনক।,sad,bn
উত্তর দেখে আপনার মন ভরে যাবে...এটা আপনার স্ট্যাটাস...আর বললেন সাংবাদিক...,sad,bn
"স্বৈরাচারীরা শেষ পর্যন্ত নিজেদের গুলি করে, এটাই পৃথিবীর ইতিহাস...",sad,bn
ইতিমধ্যে মশাল নিভে গেছে। শুধু প্রতীক দিয়ে নির্বাচন করা যায় না।,sad,bn
এটি মারাঠি পরিচয় সংরক্ষণের একটি প্রধান সূচক যে কেউ আমাদের সর্বদা অবহেলার সাথে হত্যা করেছে।,sad,bn
"শুধু নেকলেস নয়, জামানত বাজেয়াপ্তও ফেরত নিন",sad,bn
একবার পড়লে আর ফিরে যেতে চাইবে না।,sad,bn
এখানে লড়াই করা বিজেপির জন্য আত্মঘাতী।,sad,bn
কিছু দিন পর উদ্ধব ঠাকরে কী বলবেন.. বালা সাহেবের শিবসেনাকে মেরে ফেলুন..,sad,bn
মারাঠি মন্তব্যের দাবিতে MNS নেতাদের বিরুদ্ধে মামলা করা কঠিন।,sad,bn
"ইত্যাদি, অতিবৃষ্টির কারণে ধানক্ষেত পচে গেছে।",sad,bn
"টি-২০ বিশ্বকাপের আগে ইংল্যান্ড দলের বড় ধাক্কা, টুর্নামেন্টে খেলবেন না 'এইচএ' মূল বোলাররা।",sad,bn
কি অপমান।,sad,bn
কিন্তু মেয়েদের খুঁজে পাওয়ার পর খুব কষ্ট হয়,sad,bn
"দুঃখের বিষয় এই নয় যে প্রকল্প চলে গেছে, কমিশন দুর্বল, এটা দুঃখজনক।",sad,bn
এটা খুবই দুর্ভাগ্যজনক। শিক্ষার্থীদের ন্যায়বিচার পেতে হবে।,sad,bn
জীবনের পুনরাবৃত্তি হয় না। সত্যি কথা হল জীবনের মূল্য কেউ জানে না,sad,bn
"আমরা ঘরে থাকি, কিন্তু ওই কৃষকদের দুর্দশা দেখা যায় না।",sad,bn
মহারাষ্ট্রের মুখ্যমন্ত্রী হিসেবে রাজ ঠাকরের মতো সাংস্কৃতিক নেতা না পাওয়া মহারাষ্ট্রের দুর্ভাগ্য।,sad,bn
আমি পড়াশুনা করতে চাই কিন্তু আমার টাকা ফুরিয়ে যাচ্ছে... কিছুই বলা হয়নি,sad,bn
সে ওখানে গেছে.. সে তোর কাছেও আসেনি.. তখন তুইও দেখবি মায়ার অভাব..,sad,bn
যে মেয়েরা সত্যিকারের ভালোবাসা খুঁজছে তারা কেন দেখবে না,sad,bn
| বিশ্বকে বিদায় জানালেন বিখ্যাত শিশুশিল্পী 'ইয়া'...,sad,bn
জনগণের মনে যে ভাবমূর্তি ক্ষুন্ন হয়েছে তা আর ফিরে আসবে না। ভোটাররা রাজাকে কখনো ক্ষমা করবে না,sad,bn
সবচেয়ে খারাপ ঘটনা ঘটল গ্রামের পোলার্ডের সাথে... দরিদ্র মেয়েটি ঘরে ঘরে ঘুরে বেড়াচ্ছিল।,sad,bn
সুশান্ত সিং রাজপুত এবং দিশা সালিয়ানের আত্মাও বিচারের জন্য আকুল আকুল!!,sad,bn
"প্রথমে ধনুক, এখন মশাল",sad,bn
ঋণ মকুব না পেলে নিয়মের ফাঁদে আটকে পড়া কৃষকরা কবে স্বস্তি পাবেন?,sad,bn
এই ব্যক্তি মুখ্যমন্ত্রী হয়েছিলেন এবং মনে হয়েছিল মহারাষ্ট্রের পুনর্জন্ম হয়েছিল,sad,bn
এখন অন্ধ্র সেলেও দীপাবলি।,sad,bn
পানির বেলুন পড়ে যুবকের যন্ত্রণাদায়ক মৃত্যু//...,sad,bn
মারাঠমলি লটকে তাই কতটা কষ্ট দিচ্ছে তা বিশ্ব ভুলবে না।,sad,bn
অতিবৃষ্টিতে বিধ্বস্ত কৃষকের সন্তানের এই বেদনা হৃদয় ছুঁয়ে যায়..! ভেজা শুকনো..!,sad,bn
গাড়িগুলো খেলনার মতো ভেসে গেছে...পুনেতে বৃষ্টি!,sad,bn
রামদাস যখন কাঁদছিল তখনই দাদা আবেদন করেছিলেন,sad,bn
তিনি পাগল রাজা নন। সাক্ষাৎকারটি বিশ্রী এবং হতাশাজনক ছিল,sad,bn
মনটা এমন একটা লাশের মত হয়ে গেছে যার শেষকৃত্য নেই।,sad,bn
"সাত্তার জি, মারাঠাওয়াড়ার কৃষকদের দুর্দশা বুঝতে পারছেন?",sad,bn
কিন্তু ট্র্যাজেডি হলো আজকের কিছু ছাহেবা প্রেমিক যারা সে সময় এই গোসল করতে সাহায্য করেছিল।,sad,bn
কালো কেশিক,sad,bn
এখানে লড়াই করা বিজেপির জন্য আত্মঘাতী।,sad,bn
ভারতে গণতন্ত্র তখন থেকেই একটি বিভ্রম।,sad,bn
"স্যার, কী নিয়ে এসেছেন? পড়ে খুব খারাপ লাগলো।",sad,bn
"কয়েক মাসের মধ্যে, বালা সাহেবের শিবসেনা এবং বিজেপি সরকারের পতন দৃশ্যমান হয়ে উঠল...হায় ঈশ্বর!",sad,bn
আজ কাজ সেরে এক কাপ চা আর মন দুটোই খাই।,sad,bn
গাড়িগুলো খেলনার মতো ভেসে গেছে...পুনেতে বৃষ্টি!,sad,bn
| বিশ্বকে বিদায় জানালেন বিখ্যাত শিশুশিল্পী 'ইয়া'...,sad,bn
আপনার সরকারও আটকে আছে। আর অতুল জি তখনই আসবে।,sad,bn
এটা অন্যায় কারণ এতে আরো সহানুভূতি পাওয়া নিশ্চিত..!,sad,bn
আপনার সরকারও আটকে আছে। আর অতুল জি তখনই আসবে।,sad,bn
"এটা আমাদের কষ্ট দেয়। ভিড় হয়, টিকিট পাওয়া যায় না, ট্রেন দেরিতে চলে",sad,bn
এটা খুবই দুঃখজনক এবং বিরক্তিকর।,sad,bn
এটা সহ্য বা সহ্য করা যায় না,sad,bn
দয়া করে কাজের গতি বাড়ান। দেরি হওয়ায় সমস্যায় পড়েছেন প্রার্থীরা।,sad,bn
দুর্ভাগ্যের বিষয় হচ্ছে গণমাধ্যমগুলো একতরফা খবর চালাচ্ছে।,sad,bn
বলো কিভাবে বাঁচবো? কোটি মানুষের দেশে এক হাজার মানুষও এই জনপ্রিয় ভাষায় কথা বলে না।,sad,bn
কেদারনাথ দুর্ঘটনায় নিহত সকল ভক্তের আত্মা শান্তিতে থাকুক!,sad,bn
"ভগবানকে দেখে খুশি মনে বাড়ি ফিরছিলাম, কিন্তু পথে… কর্ণাটকে একটা ভয়ানক দুর্ঘটনা ঘটে গেল।",sad,bn
ছন্দটা জটিল রাও...,sad,bn
অভিব্যক্তির অভাবও অসম্পূর্ণ সম্পর্কের কারণ হতে পারে...,sad,bn
"হায়রে, তাকে বসার আমন্ত্রণ না পাওয়ায় তিনি দুঃখিত",sad,bn
"ভগবানকে দেখে খুশি মনে বাড়ি ফিরছিলাম, কিন্তু পথে… কর্ণাটকে একটা ভয়ানক দুর্ঘটনা ঘটে গেল।",sad,bn
এই কথা বলে সঞ্জয় উদ্ধবের জন্য জেলের ঝুঁকি নিচ্ছেন।,sad,bn
ভোটের বাধ্য...কী হবে মহারাষ্ট্রের?,sad,bn
এখন মনে হয় দুজনকেই ঘর ধুতে হবে।,sad,bn
"এটা আপনার দুর্ভাগ্য যে মানুষ আপনাকে ""সহানুভূতি এবং মতামত"" উভয়ই দেয় না।",sad,bn
আমি আর চাই না,sad,bn
কেউ আপনাকে কিছু দেয় বলে তার সাথে থাকা মূলত একটি মিথ্যা প্রত্যাশা,sad,bn
ভোটের বাধ্য...কী হবে মহারাষ্ট্রের?,sad,bn
ততক্ষণ পর্যন্ত কি আমাদের পানি ছাড়া থাকতে হবে...,sad,bn
রুপির ঐতিহাসিক পতন,sad,bn
কংগ্রেস এবং এনসিপি জোট গঠন করলে জোট শেষ হয়।,sad,bn
কালো কেশিক,sad,bn
আমি আগেই বলেছি দেশের সামনে ভিকটিম ছাগলকে পরাজিত করেছে।,sad,bn
খোলা পাড়ায় সাপের মত ছুটছ সারারাত ঠান্ডায় ফিসফিস করে,sad,bn
এটি মারাঠি পরিচয় সংরক্ষণের একটি প্রধান সূচক যে কেউ আমাদের সর্বদা অবহেলার সাথে হত্যা করেছে।,sad,bn
তিনি যদি নিজের আত্মা পাওয়ারের কাছে বন্ধক রাখেন তাহলে আত্মদর্শন হবে কী করে?,sad,bn
"আপনি যে দল কেটে ফেলেছেন, এত হাসছেন কেন?",sad,bn
বিজেপি বিড শহরের সভাপতি ভগীরথ বিয়ানি নিজেকে গুলি করে আত্মহত্যা করেছেন,sad,bn
এটা শ্রীলঙ্কার জন্য দুঃখজনক ঘটনা,sad,bn
"বাবা মাকে স্টেশনে নামাতে গেলেন, বাচ্চারা ঘরে ঘুমাচ্ছে; চোর ঘরে ঢুকেছে",sad,bn
বেচারাকে আর কত কষ্ট দিবেন?,sad,bn
এটা অন্যায় কারণ এতে আরো সহানুভূতি পাওয়া নিশ্চিত..!,sad,bn
"হ্যাঁ, এগুলো অভিজ্ঞতার বিষয়, আমার সাথে আর কিছু আছে কি?",sad,bn
আর সমমনা মানুষ না পেলে পৃথিবীর 'মাটি' হয়ে যায়...,sad,bn
"স্পিকার স্যার, পুনে ট্রাফিক পুলিশের কর্মচারীদের প্রতি চরম অবিচার করা হচ্ছে।",sad,bn
তারা ভোগ করে এবং সাধারণ মানুষ প্রাণ হারায়।,sad,bn
এটা দুর্ভাগ্যজনক যে মহারাষ্ট্রে এমন মানুষ আছে যারা শিক্ষার গুরুত্ব বোঝে না।,sad,bn
আমার মনের মধ্যে সঞ্চিত এত কিছু লিখতে আমাকে সবসময় বাধা দেওয়া হয়।,sad,bn
আমি আর চাই না,sad,bn
কংগ্রেস এবং এনসিপি জোট গঠন করলে জোট শেষ হয়।,sad,bn
একজন ভারতীয় হিসেবে আমি আজ হারিয়েছি...,sad,bn
": মুদ্রাস্ফীতির প্রাদুর্ভাব; সিএনজি, পিএনজির দাম বাড়বে",sad,bn
এটা মারাঠি মানুষ এবং মহারাষ্ট্রের জন্য দুর্ভাগ্যজনক,sad,bn
প্রবল বর্ষণে নষ্ট হয়ে যাওয়া কৃষকের সন্তানের এই কষ্ট...,sad,bn
আমি মাঝে মাঝে সরসবাগ যাই। এখন শুধু ভিড় আর যানজটের শব্দ আসছে।,sad,bn
প্রখ্যাত অভিনেতা ও প্রবীণ নাট্য ব্যক্তিত্ব প্রদীপ পটবর্ধনের মর্মান্তিক মৃত্যুতে আন্তরিক শ্রদ্ধাঞ্জলি।,sad,bn
"দুঃসংবাদ, এই দুর্ঘটনায় শহীদ সেনাদের প্রতি রইলো বিনম্র শ্রদ্ধা",sad,bn
পরাজয় নিশ্চিত ছিল,sad,bn
নিজেকে গুলি করে আত্মহত্যা করলেন বিজেপি শহর সভাপতি...,sad,bn
এটি একটি জোট যা সম্পূর্ণরূপে বালা সাহেবের চিন্তা ও নীতির বিরুদ্ধে।,sad,bn
ঋণ মকুব না পেলে নিয়মের ফাঁদে আটকে পড়া কৃষকরা কবে স্বস্তি পাবেন?,sad,bn
"হ্যাঁ, গত এক বছর ধরে আমাদের রাজ্যে স্বাভাবিক মুলতুবি নিয়োগ হচ্ছে না।",sad,bn
গতকালের রায়ে সুপ্রিম কোর্টের কঠোর ভূমিকা নেওয়া উচিত ছিল।,sad,bn
এটি একটি জোট যা সম্পূর্ণরূপে বালা সাহেবের চিন্তা ও নীতির বিরুদ্ধে।,sad,bn
"রাজ্যসভা এবং আইন পরিষদের সময়, শুধুমাত্র ক্রীতদাসদের খারাপ লাগত।",sad,bn
"আপনি যত পরীক্ষাই দেন না কেন, সফলতা পাবেন না।",sad,bn
এসব সিমেন্টের রাস্তার কারণে বর্ষাকালে শহর প্লাবিত হয়।,sad,bn
"এখন বল না বালা সাহেব, তিনি নেই...",sad,bn
আমি মনে করি ষাঁড় এবং মহিষকেও অপমান করা হবে...,sad,bn
এটা নিশ্চিত যে সব জায়গা থেকে মানুষ জড়ো হয়েছে।,sad,bn
আমার মনের মধ্যে সঞ্চিত এত কিছু লিখতে আমাকে সবসময় বাধা দেওয়া হয়।,sad,bn
আমি চাকরি চাই কিন্তু মোদি শেঠ দিচ্ছে না।,sad,bn
পড়ে থাকা মুখ সব বলে দেয়।,sad,bn
অল্প বয়সেই আত্মহত্যা করেছিলেন এই অভিনেত্রী।,sad,bn
একবার পড়লে আর ফিরে যেতে চাইবে না।,sad,bn
কোন লাভ নেই.. অনেক দেরি হয়ে গেছে.. তার শরীর নিয়ন্ত্রণের বাইরে,sad,bn
একবার পড়লে আর ফিরে যেতে চাইবে না।,sad,bn
"ভাই, ছোটবেলায় অনেক বই পড়তাম, এখন ফোনের কারণে উৎসাহ কমে গেছে।",sad,bn
এটি মারাঠি পরিচয় সংরক্ষণের একটি প্রধান সূচক যে কেউ আমাদের সর্বদা অবহেলার সাথে হত্যা করেছে।,sad,bn
এটা খুবই সত্য। এখন বিজেপির পরাজয় শুরু হয়েছে।,sad,bn
এটি শুধুমাত্র কুরলা ট্রাফিক বিভাগে পাঠানো হয়েছে কিন্তু কোন ব্যবস্থা নেওয়া হয়নি,sad,bn
বেশির ভাগ মানুষই জানে বড়মতি সত্যিই হাতের বাইরে চলে যাচ্ছে।,sad,bn
অতুল স্যার খুনসের দিকে তাকিয়ে আছেন কেন?,sad,bn
এটা সহ্য বা সহ্য করা যায় না,sad,bn
কেন্দ্রের মোদী সরকারের কারণে দেশের গণতন্ত্র দুর্বল হচ্ছে!,sad,bn
তাহলে আপনার দুঃখ হওয়া উচিত কারণ শিবসেনা এই আসনটি হেরেছে।,sad,bn
যার কাছ থেকে আড়াই বছর ধরে প্যাকেট নেন। এখন সময় এসেছে তাদের বিরুদ্ধে লেখার... কঠিন..!,sad,bn
আমি আমার সমস্ত মারাঠা ভাই ও বোনদের ভবিষ্যতে ভোট না দেওয়ার জন্য অনুরোধ করছি।,sad,bn
ছন্দটা জটিল রাও...,sad,bn
কেন্দ্রের মোদী সরকারের কারণে দেশের গণতন্ত্র দুর্বল হচ্ছে!,sad,bn
"দুর্ভাগ্যের বিষয় হল যারা দেশ চালায় না, যারা যুদ্ধ করে, না কৃষকরা...",sad,bn
"জনতা সাপটিকে পিষে ফেলতে যাচ্ছিল, কিন্তু ঋষি পাপ হবে বলে রক্ষা করলেন; কিন্তু একটি ভুল ব্যয়বহুল প্রমাণিত হয়েছে",sad,bn
এখন মনে হচ্ছে এই নির্বাচনী প্রতীকও হারিয়ে যাবে।,sad,bn
"বিদায় জানিয়ে, আমি আবার দেখা করার জন্য সংকল্পবদ্ধ ছিলাম... কিন্তু তার কালো চোখ শেষবারের মতো তার সাথে দেখা করেছিল।",sad,bn
তাহলে আপনার দুঃখ হওয়া উচিত কারণ শিবসেনা এই আসনটি হেরেছে।,sad,bn
ইতিমধ্যে মশাল নিভে গেছে। শুধু প্রতীক দিয়ে নির্বাচন করা যায় না।,sad,bn
"সত্যের মৃত্যুর পরে, উদ্ধবের মন গভীরভাবে প্রভাবিত হয়েছে ...",sad,bn
"কয়েক মাসের মধ্যে, বালা সাহেবের শিবসেনা এবং বিজেপি সরকারের পতন দৃশ্যমান হয়ে উঠল...হায় ঈশ্বর!",sad,bn
"এখন বল না বালা সাহেব, তিনি নেই...",sad,bn
"বেঁচে থাকা কৃষকদের সাহায্য করুন, কৃষকের আত্মহত্যা বাড়ছে, মুখ্যমন্ত্রী",sad,bn
একবারের জন্য আমাকে কিছু দিবেন না। কিন্তু আমাকে লজ্জায় ফেলে যেও না।,sad,bn
নেতাজি নথি গডসের দ্বিজাতি তত্ত্ব দ্বারা ব্যাপকভাবে প্রভাবিত হয়েছিলেন।,sad,bn
খোলা পাড়ায় সাপের মত ছুটছ সারারাত ঠান্ডায় ফিসফিস করে,sad,bn
"হ্যাঁ, আমি নানার অ-উপস্থিতি এবং অতিরিক্ত অভিনয়ে ক্লান্ত হয়ে পড়েছি, আমি আত্মপ্রেম সম্পর্কে সচেতন নই।",sad,bn
সবচেয়ে দুঃখের বিষয় হল একাকীত্ব,sad,bn
"স্যার, আপনি অনেক দিন ভাইন্দরে এসেছিলেন কিন্তু আমাকে আপনার সাথে দেখা করতে দেননি...",sad,bn
মারাঠি মন্তব্যের দাবিতে MNS নেতাদের বিরুদ্ধে মামলা করা কঠিন।,sad,bn
এসব লোকের দ্বারা আমাদের হিন্দু ধর্মের বদনাম হয়।,sad,bn
"কোন উপায় নেই, তারা হাততালি দিতে বাধ্য হয়",sad,bn
"সে একটি ব্যাঙ্কে কাজ করতে চেয়েছিল কিন্তু...', মেয়েটিকে একটি ট্রাক চাপা দেয় যা রাস্তা ছেড়ে তার বাড়িতে প্রবেশ করে।",sad,bn
এই বলে তয়ের বক্তৃতা শেষ হয়ে গেল...ওম শান্তি!,sad,bn
"সত্যের মৃত্যুর পরে, উদ্ধবের মন গভীরভাবে প্রভাবিত হয়েছে ...",sad,bn
"স্পিকার স্যার, পুনে ট্রাফিক পুলিশের কর্মচারীদের প্রতি চরম অবিচার করা হচ্ছে।",sad,bn
বালা সাহেব থাকলে এই ছবি দেখা যেত না।,sad,bn
"মন যখন তোমাকে ছেড়ে চলে যায়, তুমি হেরে মরে।",sad,bn
কনকন সহ রাজ্যে ভেজা খরা ঘোষণা করা খুবই জরুরি।,sad,bn
দয়া করে ভগবান সিদ্ধেশ্বর রুকমে পরিবারকে এই কষ্ট থেকে বাঁচানোর শক্তি দিন!,sad,bn
"তালাকপ্রাপ্ত আইনজীবী পুত্রবধূকে নাতির সঙ্গে দেখা করতে দেননি, দাদা আত্মহত্যা!",sad,bn
খারাপ লাগলো কারণ মোদীজি তার সম্মান হারিয়েছেন,sad,bn
"মহারাষ্ট্রের খেলোয়াড়রা দুঃখের পাহাড়ের মুখোমুখি হয়েছিল, ম্যাচের আগে কোচ মারা গিয়েছিল, কিন্তু তবুও তারা লড়াই করেছিল এবং...",sad,bn
জনপ্রতিনিধিরা যদি এভাবে রাজপথে নামতেন তাহলে এই দুঃসময় আসত না।,sad,bn
"সে একটি ব্যাঙ্কে কাজ করতে চেয়েছিল কিন্তু...', মেয়েটিকে একটি ট্রাক চাপা দেয় যা রাস্তা ছেড়ে তার বাড়িতে প্রবেশ করে।",sad,bn
স্বাধীনতার বেশির ভাগ দিনও কাটবে দাসত্বে। প্রজাতন্ত্র দিবস নিয়ে কিছু বলা যাবে না।,sad,bn
এটি শুধুমাত্র কুরলা ট্রাফিক বিভাগে পাঠানো হয়েছে কিন্তু কোন ব্যবস্থা নেওয়া হয়নি,sad,bn
"কী ঘটেছে বা কী ঘটবে তা নিয়ে উদ্বিগ্ন হওয়া কেবল হৃদয়ের ব্যথা বাড়ায়, আত্মবিশ্বাস নয়।",sad,bn
"এটা পুনর্গঠিত কৃষকদের প্রতি অবিচার, আমরা কোনো সুফল পাচ্ছি না",sad,bn
কারো চোখ পড়ে তোমার নাসিকের দিকে,sad,bn
"হ্যাঁ, এগুলো অভিজ্ঞতার বিষয়, আমার সাথে আর কিছু আছে কি?",sad,bn
অভিব্যক্তির অভাবও অসম্পূর্ণ সম্পর্কের কারণ হতে পারে...,sad,bn
এমনকি বিক্রমকেও সেই জারজ দ্বারা এত অত্যাচার করা হতো না।,sad,bn
"দুঃখ বাড়ছে না, সুখ কমছে।",sad,bn
"মাঝা শিবসেনা নেতাদের পায়ে মাথা নত করেছে, এমনকি বাসনপত্রও ধুয়েছে কিন্তু কাজ চলতেই থাকে...",sad,bn
কেদারনাথ দুর্ঘটনায় নিহত সকল ভক্তের আত্মা শান্তিতে থাকুক!,sad,bn
বিজেপির কারণে পুনেতে সবকিছু মাইনাস হয়ে গেছে,sad,bn
পড়ে থাকা মুখ সব বলে দেয়।,sad,bn
আমি কি মারা যাচ্ছি? তুমি আমার চোখে জল এনেছ!,sad,bn
এটা দুর্ভাগ্যজনক যে মহারাষ্ট্রে এমন মানুষ আছে যারা শিক্ষার গুরুত্ব বোঝে না।,sad,bn
গতকালের রায়ে সুপ্রিম কোর্টের কঠোর ভূমিকা নেওয়া উচিত ছিল।,sad,bn
"এই স্যারের খুব প্রয়োজন, কারণ কৃষকরা এই ফিরতে ক্লান্ত।",sad,bn
এখানে লড়াই করা বিজেপির জন্য আত্মঘাতী।,sad,bn
এখন মনে হয় দুজনকেই ঘর ধুতে হবে।,sad,bn
রানে পানাবতী আবারও সিদ্ধের পক্ষে প্রচারে আসেন এবং নির্বাচন থেকে সরে আসতে হয়।,sad,bn
"স্যার, আপনি অনেক দিন ভাইন্দরে এসেছিলেন কিন্তু আমাকে আপনার সাথে দেখা করতে দেননি...",sad,bn
"টি-২০ বিশ্বকাপের আগে ইংল্যান্ড দলের বড় ধাক্কা, টুর্নামেন্টে খেলবেন না 'এইচএ' মূল বোলাররা।",sad,bn
কেউ আমাকে সেরা বন্ধু মনে করে না,sad,bn
হুম এটা অসম্পূর্ণ মনে হচ্ছে।,sad,bn
বয়স বাড়ার সঙ্গে সঙ্গে ছগন ভুজবলের বুদ্ধিমত্তাও কমছে।,sad,bn
"স্যার, আপনি অনেক দিন ভাইন্দরে এসেছিলেন কিন্তু আমাকে আপনার সাথে দেখা করতে দেননি...",sad,bn
আমি মনে করি ষাঁড় এবং মহিষকেও অপমান করা হবে...,sad,bn
ভারতের দুর্ভাগ্য যে তিনি আইনজীবী পান।,sad,bn
পরাজয় আসন্ন মনে হচ্ছে,sad,bn
মারাঠমলি লটকে তাই কতটা কষ্ট দিচ্ছে তা বিশ্ব ভুলবে না।,sad,bn
আমি ব্লক করেছি তাই বুঝতে পারছি না,sad,bn
রাম রাজ্যে পশুরা কষ্ট পাচ্ছে।,sad,bn
"এটা আপনার দুর্ভাগ্য যে মানুষ আপনাকে ""সহানুভূতি এবং মতামত"" উভয়ই দেয় না।",sad,bn
"স্বৈরাচারীরা শেষ পর্যন্ত নিজেদের গুলি করে, এটাই পৃথিবীর ইতিহাস...",sad,bn
দুর্নীতিবাজ সরকারের বিরুদ্ধে লড়াই বেকারত্বের ধাক্কা বহন করছে।,sad,bn
এটা কি বাধ্যতা ও চাপ ছিল????,sad,bn
ভিকটিমের অবস্থা চলছে,sad,bn
"কী ঘটেছে বা কী ঘটবে তা নিয়ে উদ্বিগ্ন হওয়া কেবল হৃদয়ের ব্যথা বাড়ায়, আত্মবিশ্বাস নয়।",sad,bn
সমস্ত আদর্শগত অন্ধকার অন্ধকারের দিকে ধাবিত হয়।,sad,bn
আপনার পরিবার কি আপনার ইচ্ছাকে গুরুত্ব সহকারে নেয়?,sad,bn
সরকারি চাকরির আকাঙ্ক্ষা অনেককে বেকার করে দিয়েছে।,sad,bn
এটি শুধুমাত্র কুরলা ট্রাফিক বিভাগে পাঠানো হয়েছে কিন্তু কোন ব্যবস্থা নেওয়া হয়নি,sad,bn
*না রাহিলা মানুষ* (শ্রী বালা সাহেব ঠাকরে) *না রাহিলা ধনুষ্য*,sad,bn
কমেন্ট পড়ে ঘুম আসছে না...,sad,bn
"আপনি যে দল কেটে ফেলেছেন, এত হাসছেন কেন?",sad,bn
মারাঠমলি লটকে তাই কতটা কষ্ট দিচ্ছে তা বিশ্ব ভুলবে না।,sad,bn
পুনের মতো বিশ্বব্যাপী গুরুত্বপূর্ণ শহরে এমন চিত্র তৈরি হওয়া খুবই দুঃখজনক।,sad,bn
আমি কি মারা যাচ্ছি? তুমি আমার চোখে জল এনেছ!,sad,bn
পরাজয় আসন্ন মনে হচ্ছে,sad,bn
"এমনকি চাচা-ভাতিজাকেও দাওয়াত দেওয়া হয় না, তাই নাতির পেট ফুলে যায়।",sad,bn
আমি আমার সমস্ত মারাঠা ভাই ও বোনদের ভবিষ্যতে ভোট না দেওয়ার জন্য অনুরোধ করছি।,sad,bn
সমস্ত আদর্শগত অন্ধকার অন্ধকারের দিকে ধাবিত হয়।,sad,bn
"সাত্তার জি, মারাঠাওয়াড়ার কৃষকদের দুর্দশা বুঝতে পারছেন?",sad,bn
সবার ভালোবাসা বিচার পায়। এটা এমন নয়।,sad,bn
"বেঁচে থাকা কৃষকদের সাহায্য করুন, কৃষকের আত্মহত্যা বাড়ছে, মুখ্যমন্ত্রী",sad,bn
বাকিরা অসহায়,sad,bn
পুনের মতো বিশ্বব্যাপী গুরুত্বপূর্ণ শহরে এমন চিত্র তৈরি হওয়া খুবই দুঃখজনক।,sad,bn
"রামান্না যখন 'তারিখ পে তারিখ' করেছিলেন, ফলাফলের প্রত্যাশা ভেস্তে গিয়েছিল",sad,bn
আশা করি এটি পড়ে অন্তত কিছু লোক বুঝতে সাহায্য করবে:,sad,bn
খোলা পাড়ায় সাপের মত ছুটছ সারারাত ঠান্ডায় ফিসফিস করে,sad,bn
খারাপ লাগলো কারণ মোদীজি তার সম্মান হারিয়েছেন,sad,bn
অভিব্যক্তির অভাবও অসম্পূর্ণ সম্পর্কের কারণ হতে পারে...,sad,bn
গতকালের রায়ে সুপ্রিম কোর্টের কঠোর ভূমিকা নেওয়া উচিত ছিল।,sad,bn
মুদ্রাস্ফীতি না বাড়লে বেতন কম...,sad,bn
কষ্ট ছাড়া বুদ্ধি আসে না...! আধা ঘন্টা বৃষ্টি খুব দরকার,sad,bn
আমি নিজেই এটা ঘোষণা করছি.. কারণ আমার অনুষ্ঠান কেউ দেখছে না,sad,bn
গাড়িগুলো খেলনার মতো ভেসে গেছে...পুনেতে বৃষ্টি!,sad,bn
"আমি তোমাকে বিরক্ত করিনি, তাই সময় এসেছে... আমার সময়মতো পোশাক পরা উচিত ছিল...",sad,bn
ইয়াবত্মালের ফলাফল দেখে খুব খারাপ লাগছে।,sad,bn
"বেঁচে থাকা কৃষকদের সাহায্য করুন, কৃষকের আত্মহত্যা বাড়ছে, মুখ্যমন্ত্রী",sad,bn
এই দৃশ্য অবশ্যই বিরক্তিকর -----,sad,bn
কর্মকর্তারা খুশি এবং নাগরিকরা ব্যথিত,sad,bn
মুখ দেখে প্রেমে পড়া তারপর কথা বলা অন্ধ ভালোবাসা।,sad,bn
তারা মানসিকভাবে কষ্ট পায়,sad,bn
এটা সহ্য বা সহ্য করা যায় না,sad,bn
": মুদ্রাস্ফীতির প্রাদুর্ভাব; সিএনজি, পিএনজির দাম বাড়বে",sad,bn
কংগ্রেস এবং এনসিপি জোট গঠন করলে জোট শেষ হয়।,sad,bn
অতুল স্যার খুনসের দিকে তাকিয়ে আছেন কেন?,sad,bn
হুম এটা অসম্পূর্ণ মনে হচ্ছে।,sad,bn
"দুঃখ বাড়ছে না, সুখ কমছে।",sad,bn
এই সিদ্ধান্ত মারাঠা সম্প্রদায় নেয়নি।,sad,bn
'স্বায়ত্তশাসিত' শব্দটি এখন হাস্যকর মনে হতে শুরু করেছে।,sad,bn
উত্তর দেখে আপনার মন ভরে যাবে...এটা আপনার স্ট্যাটাস...আর বললেন সাংবাদিক...,sad,bn
এটি একটি জোট যা সম্পূর্ণরূপে বালা সাহেবের চিন্তা ও নীতির বিরুদ্ধে।,sad,bn
বলো কিভাবে বাঁচবো? কোটি মানুষের দেশে এক হাজার মানুষও এই জনপ্রিয় ভাষায় কথা বলে না।,sad,bn
এখন অন্ধ্র সেলেও দীপাবলি।,sad,bn
কিছু দিন পর উদ্ধব ঠাকরে কী বলবেন.. বালা সাহেবের শিবসেনাকে মেরে ফেলুন..,sad,bn
অনেক দেরি হয়ে গেছে.. তাড়াতাড়ি যাওয়া উচিত..,sad,bn
আমি যখন ক্ষমতায় ছিলাম তখন মাকে মনে পড়ত না.. এখন করি।,sad,bn
এখন ন্যায়বিচারও একই হওয়া উচিত... আর সুদামায়রা যেন এই দ্বারকা পায়..!,sad,bn
এটা খুবই দুঃখজনক ব্যাপার!,sad,bn
"জল-জল স্থির, সহ্য করা যায় না এবং কোরেশী সাহেবকে বলতেও পারছে না।",sad,bn
"আরও দুঃখের বিষয় হল, এমনকি করতালিও ছিল।",sad,bn
"এটা যদি স্কুল থেকেই শুরু হয়, তাহলে শিশুরা জানতেও পারবে না তাদের ভবিষ্যৎ কতটা উজ্জ্বল হবে।",sad,bn
"এটা পুনর্গঠিত কৃষকদের প্রতি অবিচার, আমরা কোনো সুফল পাচ্ছি না",sad,bn
ঋণ মকুব না পেলে নিয়মের ফাঁদে আটকে পড়া কৃষকরা কবে স্বস্তি পাবেন?,sad,bn
তাহলে আপনার দুঃখ হওয়া উচিত কারণ শিবসেনা এই আসনটি হেরেছে।,sad,bn
ইয়াবত্মালের ফলাফল দেখে খুব খারাপ লাগছে।,sad,bn
কিন্তু কোটি ভক্তের মন রাজত্ব করা পারভীন বাবির মৃত্যু ছিল খুবই বেদনাদায়ক।,sad,bn
"বাবা মাকে স্টেশনে নামাতে গেলেন, বাচ্চারা ঘরে ঘুমাচ্ছে; চোর ঘরে ঢুকেছে",sad,bn
এই চার মাসে তিনি তার রাজনৈতিক পরিচয় অনেকটাই কমিয়েছেন।,sad,bn
গরুর গাড়িতে বাঁধা ষাঁড়ের একটি দুষ্টু হলে বাকিরা খুব রেগে যায়।,sad,bn
"দুঃখ বাড়ছে না, সুখ কমছে।",sad,bn
রানে পানাবতী আবারও সিদ্ধের পক্ষে প্রচারে আসেন এবং নির্বাচন থেকে সরে আসতে হয়।,sad,bn
আমি আমার সমস্ত মারাঠা ভাই ও বোনদের ভবিষ্যতে ভোট না দেওয়ার জন্য অনুরোধ করছি।,sad,bn
একটি বাস্তবতা.. শিক্ষকের হাত থেকে বেত চলে গেল এবং পৃথিবী নিয়ন্ত্রণের বাইরে চলে গেল...!,sad,bn
এটা কি বাধ্যতা ও চাপ ছিল????,sad,bn
আমি পড়াশুনা করতে চাই কিন্তু আমার টাকা ফুরিয়ে যাচ্ছে... কিছুই বলা হয়নি,sad,bn
পুনের মতো বিশ্বব্যাপী গুরুত্বপূর্ণ শহরে এমন চিত্র তৈরি হওয়া খুবই দুঃখজনক।,sad,bn
সবার ভালোবাসা বিচার পায়। এটা এমন নয়।,sad,bn
এটা নিয়ে খুশি হওয়ার কিছু নয়।,sad,bn
ভারী বর্ষণে কৃষক! জেলায় দুই কৃষকের মৃত্যু; সরকারের কোন লজ্জা নেই...,sad,bn
আমি আমার সমস্ত মারাঠা ভাই ও বোনদের ভবিষ্যতে ভোট না দেওয়ার জন্য অনুরোধ করছি।,sad,bn
দয়া করে কাজের গতি বাড়ান। দেরি হওয়ায় সমস্যায় পড়েছেন প্রার্থীরা।,sad,bn
"আরও দুঃখের বিষয় হল, এমনকি করতালিও ছিল।",sad,bn
জনগণের মনে যে ভাবমূর্তি ক্ষুন্ন হয়েছে তা আর ফিরে আসবে না। ভোটাররা রাজাকে কখনো ক্ষমা করবে না,sad,bn
মিউনিসিপ্যাল ​​কর্পোরেশন ক্ষমতায় থাকা অবস্থায় এই সমস্যা দেখা দেওয়াটা দুঃখজনক।,sad,bn
এটা দুর্ভাগ্যজনক যে মহারাষ্ট্রে এমন মানুষ আছে যারা শিক্ষার গুরুত্ব বোঝে না।,sad,bn
"আমি মাঝে মাঝে মনে করি তারা আমাদের ""মানুষ"" বলে ডাকে।",sad,bn
: গরবা খেলার সময় রাস হঠাৎ থেমে গিয়ে পড়ে গেল; পরিবারের সামনে মৃত্যু,sad,bn
কেউ আমাকে সেরা বন্ধু মনে করে না,sad,bn
এখন মনে হচ্ছে এই নির্বাচনী প্রতীকও হারিয়ে যাবে।,sad,bn
পাওয়ার সাহেবের কাছ থেকে সবচেয়ে বেশি ক্ষতি হয়েছে লালপারি ও তার কর্মচারীদের।,sad,bn
এখন আপনার বস ঘরে লুকিয়ে থাকলে আপনি কী করবেন?,sad,bn
"টি-২০ বিশ্বকাপের আগে ইংল্যান্ড দলের বড় ধাক্কা, টুর্নামেন্টে খেলবেন না 'এইচএ' মূল বোলাররা।",sad,bn
"তুমি হাসছ কেন, বিয়ের দাওয়াত পাননি",sad,bn
এই দৃশ্য অবশ্যই বিরক্তিকর -----,sad,bn
পরাজয় আসন্ন মনে হচ্ছে,sad,bn
"হ্যাঁ, আমি নানার অ-উপস্থিতি এবং অতিরিক্ত অভিনয়ে ক্লান্ত হয়ে পড়েছি, আমি আত্মপ্রেম সম্পর্কে সচেতন নই।",sad,bn
বিজেপি বিড শহরের সভাপতি ভগীরথ বিয়ানি নিজেকে গুলি করে আত্মহত্যা করেছেন,sad,bn
যে দেশে শিক্ষাকে ব্যবসায় পরিণত করা হয়েছে সেখানে কী আশা করা যায়?,sad,bn
ততক্ষণ পর্যন্ত কি আমাদের পানি ছাড়া থাকতে হবে...,sad,bn
"কয়েকদিন আগে এই কথাটা মনে পড়েছিল, কিন্তু মনে হয় ভুলে গেছি।",sad,bn
তিনি যদি নিজের আত্মা পাওয়ারের কাছে বন্ধক রাখেন তাহলে আত্মদর্শন হবে কী করে?,sad,bn
"রামান্না যখন 'তারিখ পে তারিখ' করেছিলেন, ফলাফলের প্রত্যাশা ভেস্তে গিয়েছিল",sad,bn
"গলদা চর্মরোগের প্রাদুর্ভাবের কারণে মারা যাওয়া কৃষক, গবাদি পশুপালকদের আর্থিক সহায়তা",sad,bn
মুদ্রাস্ফীতি না বাড়লে বেতন কম...,sad,bn
আশা করি এটি পড়ে অন্তত কিছু লোক বুঝতে সাহায্য করবে:,sad,bn
পরাজয় আসন্ন মনে হচ্ছে,sad,bn
মনের দেয়াল আর এই বাধা সইতে পারছে না আর কাঁদতে কাঁদতে মাটি ভিজে গেছে!,sad,bn
"কোন উপায় নেই, তারা হাততালি দিতে বাধ্য হয়",sad,bn
এটা দুঃখজনক যে নীরবতার সময় যা ঘটেনি তা ঘটছে:,sad,bn
"আমি মাঝে মাঝে মনে করি তারা আমাদের ""মানুষ"" বলে ডাকে।",sad,bn
ভিকটিমের অবস্থা চলছে,sad,bn
কেউ আপনাকে কিছু দেয় বলে তার সাথে থাকা মূলত একটি মিথ্যা প্রত্যাশা,sad,bn
মুদ্রাস্ফীতি না বাড়লে বেতন কম...,sad,bn
এটা খুবই দুঃখজনক যে এই ধরনের লোক নির্বাচিত হয়...,sad,bn
কি অপমান।,sad,bn
স্বাধীনতার বেশির ভাগ দিনও কাটবে দাসত্বে। প্রজাতন্ত্র দিবস নিয়ে কিছু বলা যাবে না।,sad,bn
"ইত্যাদি, অতিবৃষ্টির কারণে ধানক্ষেত পচে গেছে।",sad,bn
এটা মারাঠি মানুষ এবং মহারাষ্ট্রের জন্য দুর্ভাগ্যজনক,sad,bn
প্রখ্যাত অভিনেতা ও প্রবীণ নাট্য ব্যক্তিত্ব প্রদীপ পটবর্ধনের মর্মান্তিক মৃত্যুতে আন্তরিক শ্রদ্ধাঞ্জলি।,sad,bn
বেচারা MNS। কোন ভর বাকি নেই. যুদ্ধবিগ্রহের ভিত্তি,sad,bn
হাই হাই হাই...বালাসাহেব এই ভাগ্য দেখতে এখানে নেই..,sad,bn
জীবনের পুনরাবৃত্তি হয় না। সত্যি কথা হল জীবনের মূল্য কেউ জানে না,sad,bn
: কম আবাদের কারণে এ বছর পেঁয়াজের আধিক্য!,sad,bn
আন্তরিক শ্রদ্ধাঞ্জলি! ভেদিয়া পরিবার যেন এই ক্ষতি সহ্য করার শক্তি পায়...ওম শান্তি!,sad,bn
"তালাকপ্রাপ্ত আইনজীবী পুত্রবধূকে নাতির সঙ্গে দেখা করতে দেননি, দাদা আত্মহত্যা!",sad,bn
সবাই তোমার সাথে আজেবাজে কথা বলছে। কেমন লাগছে?,sad,bn
জীবনের পুনরাবৃত্তি হয় না। সত্যি কথা হল জীবনের মূল্য কেউ জানে না,sad,bn
কিন্তু কোটি ভক্তের মন রাজত্ব করা পারভীন বাবির মৃত্যু ছিল খুবই বেদনাদায়ক।,sad,bn
এটা খুবই দুঃখজনক যে এই ধরনের লোক নির্বাচিত হয়...,sad,bn
"প্রথমে ধনুক, এখন মশাল",sad,bn
যে মেয়েরা সত্যিকারের ভালোবাসা খুঁজছে তারা কেন দেখবে না,sad,bn
কেমন আছেন? বাড়ি থেকে বের হওয়ার সময় এ খবর আসে।,sad,bn
এটা খুবই দুঃখজনক এবং বিরক্তিকর।,sad,bn
বাড়িতে চেষ্টা করে... দিনের বেলায় দুই চোখের দৃষ্টিশক্তি হারিয়ে ফেলেছিল,sad,bn
"এটা আপনার দুর্ভাগ্য যে মানুষ আপনাকে ""সহানুভূতি এবং মতামত"" উভয়ই দেয় না।",sad,bn
দাদা দয়া করে মনোযোগ দিন। মানুষ শ্রীগোন্দায়াকে খরা বলে ডাকছে।,sad,bn
কেউ আপনাকে কিছু দেয় বলে তার সাথে থাকা মূলত একটি মিথ্যা প্রত্যাশা,sad,bn
"আমি তোমাকে বিরক্ত করিনি, তাই সময় এসেছে... আমার সময়মতো পোশাক পরা উচিত ছিল...",sad,bn
কনকন সহ রাজ্যে ভেজা খরা ঘোষণা করা খুবই জরুরি।,sad,bn
আমরা কি সে অন্য কারো সাথে পালিয়ে গেছে,sad,bn
অভিব্যক্তির অভাবও অসম্পূর্ণ সম্পর্কের কারণ হতে পারে...,sad,bn
মহারাষ্ট্রের মুখ্যমন্ত্রী হিসেবে রাজ ঠাকরের মতো সাংস্কৃতিক নেতা না পাওয়া মহারাষ্ট্রের দুর্ভাগ্য।,sad,bn
পরাজয় নিশ্চিত ছিল,sad,bn
ভোটের বাধ্য...কী হবে মহারাষ্ট্রের?,sad,bn
সরকার বেসরকারীকরণ করতে চায়..যা দারিদ্র্য আরও বাড়াবে..,sad,bn
"প্রথমে ধনুক, এখন মশাল",sad,bn
"আজ থেকে মশালটি ঠিকমতো জ্বালানো হয়েছিল, কিন্তু তার আগেই, এটি নিভানোর প্রস্তুতি শুরু হয়েছিল ...",sad,bn
আজ পিছু হটা পরাজয় ও অপমান,sad,bn
ভোটের বাধ্য...কী হবে মহারাষ্ট্রের?,sad,bn
"তুমি কি বৃষ্টি চাই না, বরুণরাজের অন্নদাতা দেখতে চাও না",sad,bn
ছন্দটা জটিল রাও...,sad,bn
কারো চোখ পড়ে তোমার নাসিকের দিকে,sad,bn
নানা... এখনও নাট সম্রাটের ভূমিকা থেকে বেরিয়ে আসেননি।,sad,bn
"আপনি যেখানেই যান, এটি ঘটবে... 'অসহ্য এবং অবর্ণনীয়'",sad,bn
"আমি মাঝে মাঝে মনে করি তারা আমাদের ""মানুষ"" বলে ডাকে।",sad,bn
বেশির ভাগ মানুষই জানে বড়মতি সত্যিই হাতের বাইরে চলে যাচ্ছে।,sad,bn
মানুষটা ছোট স্যার.. সবাই এক রকম হয় না..,sad,bn
আশা করি এটি পড়ে অন্তত কিছু লোক বুঝতে সাহায্য করবে:,sad,bn
নানা... এখনও নাট সম্রাটের ভূমিকা থেকে বেরিয়ে আসেননি।,sad,bn
অতিবৃষ্টিতে বিধ্বস্ত কৃষকের সন্তানের এই বেদনা হৃদয় ছুঁয়ে যায়..! ভেজা শুকনো..!,sad,bn
রামদাস যখন কাঁদছিল তখনই দাদা আবেদন করেছিলেন,sad,bn
আমি আর চাই না,sad,bn
"শেষ পর্যন্ত এটাই বলা উচিত, এখন ভিতরের মানুষটি হারিয়ে গেছে যে উদ্ধবকে অপেক্ষা করতে হবে",sad,bn
গম্ভীর হওয়া এবং হাসতে কষ্ট হয়,sad,bn
"এটা আমাদের কষ্ট দেয়। ভিড় হয়, টিকিট পাওয়া যায় না, ট্রেন দেরিতে চলে",sad,bn
এত চেষ্টা করেও কিছু না পাওয়াকে কি ভাগ্য বলা উচিত?,sad,bn
ওম শান্তি..অত্যন্ত শান্ত এবং পর্দায় দেখার যোগ্য অভিনেতা..আপনার আত্মা শান্তিতে থাকুক স্যার,sad,bn
এত বড় উন্নয়নশীল দেশের জন্য এটা খুবই লজ্জাজনক।,sad,bn
পাওয়ার সাহেবের কাছ থেকে সবচেয়ে বেশি ক্ষতি হয়েছে লালপারি ও তার কর্মচারীদের।,sad,bn
উত্তর দেখে আপনার মন ভরে যাবে...এটা আপনার স্ট্যাটাস...আর বললেন সাংবাদিক...,sad,bn
ফিরতি বৃষ্টিতে ধানের ক্ষয়ক্ষতির জন্য ক্ষতিপূরণ দিতে।,sad,bn
কর্মকর্তারা খুশি এবং নাগরিকরা ব্যথিত,sad,bn
ধারণাটি আত্তীকৃত হলে আজ এই পরিস্থিতির উদ্ভব হতো না।,sad,bn
তাহলে আপনার দুঃখ হওয়া উচিত কারণ শিবসেনা এই আসনটি হেরেছে।,sad,bn
এই ঘুমন্ত সরকার কার মনের অবস্থা বলুন। অনেক উত্সাহী বেকারত্ব দ্বারা বিধ্বস্ত ছিল.,sad,bn
"দুঃখ বাড়ছে না, সুখ কমছে।",sad,bn
দুঃখের খবর - অত্যন্ত প্রতিভাবান এবং মজার অভিনেতা প্রদীপ পটবর্ধনের প্রতি আন্তরিক শ্রদ্ধাঞ্জলি...,sad,bn
একথা বলার পর শ্রাদ্ধ করার সময় এল।,sad,bn
"বিদায় জানিয়ে, আমি আবার দেখা করার জন্য সংকল্পবদ্ধ ছিলাম... কিন্তু তার কালো চোখ শেষবারের মতো তার সাথে দেখা করেছিল।",sad,bn
এটা দেখে দাভোর আত্মাও মারা গেল।,sad,bn
প্রত্যাহারের বৃষ্টিতে লোকসানের মুখে পড়া সয়াবিন চাষিরাও হতবাক।,sad,bn
সরকারি চাকরির আকাঙ্ক্ষা অনেককে বেকার করে দিয়েছে।,sad,bn
এখন সময় বদলেছে। এখন মেয়ে নেই... এখন বেকার ছেলেমেয়েরা বাবা-মায়ের কাঁধে বোঝা হয়ে দাঁড়িয়েছে।,sad,bn
আজ কাজ সেরে এক কাপ চা আর মন দুটোই খাই।,sad,bn
"এমনকি চাচা-ভাতিজাকেও দাওয়াত দেওয়া হয় না, তাই নাতির পেট ফুলে যায়।",sad,bn
গ্রামীণ উন্নয়নে জনসাধারণের বক্তব্য নেই,sad,bn
আমার মনের মধ্যে সঞ্চিত এত কিছু লিখতে আমাকে সবসময় বাধা দেওয়া হয়।,sad,bn
হুম এটা অসম্পূর্ণ মনে হচ্ছে।,sad,bn
নিজেকে গুলি করে আত্মহত্যা করলেন বিজেপি শহর সভাপতি...,sad,bn
এত চেষ্টা করেও কিছু না পাওয়াকে কি ভাগ্য বলা উচিত?,sad,bn
কৃষকদের নিয়ে সবাই চিন্তিত কিন্তু কৃষকদের নিয়ে কেউ চিন্তিত নয়।,sad,bn
"ভগবানকে দেখে খুশি মনে বাড়ি ফিরছিলাম, কিন্তু পথে… কর্ণাটকে একটা ভয়ানক দুর্ঘটনা ঘটে গেল।",sad,bn
মহারাষ্ট্র আজ একজন মহান মারাঠি থিয়েটার শিল্পী এবং চলচ্চিত্র অভিনেতাকে হারালো,sad,bn
কালো কেশিক,sad,bn
"বাবা মাকে স্টেশনে নামাতে গেলেন, বাচ্চারা ঘরে ঘুমাচ্ছে; চোর ঘরে ঢুকেছে",sad,bn
"একাকীত্ব আবার আসে, দু: খিত এবং একাকী...",sad,bn
যে মেয়েরা সত্যিকারের ভালোবাসা খুঁজছে তারা কেন দেখবে না,sad,bn
আজও ছেলেরা তিন থেকে চার কিলোমিটার হেঁটে স্কুলে যায়।,sad,bn
MNSও একটা মায়া,sad,bn
এটা কয়েক দিনের মধ্যে পাগল হয়ে যায়,sad,bn
"বিদায় জানিয়ে, আমি আবার দেখা করার জন্য সংকল্পবদ্ধ ছিলাম... কিন্তু তার কালো চোখ শেষবারের মতো তার সাথে দেখা করেছিল।",sad,bn
: গরবা খেলার সময় রাস হঠাৎ থেমে গিয়ে পড়ে গেল; পরিবারের সামনে মৃত্যু,sad,bn
হুম এটা অসম্পূর্ণ মনে হচ্ছে।,sad,bn
ফিফা অনূর্ধ্ব-১৯ মহিলা বিশ্বকাপে ব্রাজিলের কাছে হেরেছে ভারত,sad,bn
*না রাহিলা মানুষ* (শ্রী বালা সাহেব ঠাকরে) *না রাহিলা ধনুষ্য*,sad,bn
"জনতা সাপটিকে পিষে ফেলতে যাচ্ছিল, কিন্তু ঋষি পাপ হবে বলে রক্ষা করলেন; কিন্তু একটি ভুল ব্যয়বহুল প্রমাণিত হয়েছে",sad,bn
এটা খুবই সত্য। এখন বিজেপির পরাজয় শুরু হয়েছে।,sad,bn
তাঁর বাবা ছিলেন সাধু ঐতিহ্যে সমৃদ্ধ মহারাষ্ট্রের মুখ্যমন্ত্রী।,sad,bn
এটা কি বাধ্যতা ও চাপ ছিল????,sad,bn
বেঁচে থেকে লাভ কি?,sad,bn
এখানে লড়াই করা বিজেপির জন্য আত্মঘাতী।,sad,bn
এটা দুর্ভাগ্যজনক যে মহারাষ্ট্রে এমন মানুষ আছে যারা শিক্ষার গুরুত্ব বোঝে না।,sad,bn
MNSও একটা মায়া,sad,bn
আমি নিজেই এটা ঘোষণা করছি.. কারণ আমার অনুষ্ঠান কেউ দেখছে না,sad,bn
এটা একেবারেই সত্য যে প্রচেষ্টা এবং ব্যর্থতাকে সম্মান করা হয় না....,sad,bn
আর এই কলিযুগের ট্র্যাজেডি হল... শুধু ভালো মানুষেরই ভাগ্য খারাপ।,sad,bn
"শেষ পর্যন্ত এটাই বলা উচিত, এখন ভিতরের মানুষটি হারিয়ে গেছে যে উদ্ধবকে অপেক্ষা করতে হবে",sad,bn
আমরা কি সে অন্য কারো সাথে পালিয়ে গেছে,sad,bn
"তুমি হাসছ কেন, বিয়ের দাওয়াত পাননি",sad,bn
এটা একেবারেই সত্য...লোকেরা ঈশ্বরে বিশ্বাস করে না,sad,bn
এখন আমি বুঝতে পারি এটা কতটা পাগল ছিল। অন্য কোন বিনোদন ছিল না,sad,bn
আমি নিজেই এটা ঘোষণা করছি.. কারণ আমার অনুষ্ঠান কেউ দেখছে না,sad,bn
তারা ভোগ করে এবং সাধারণ মানুষ প্রাণ হারায়।,sad,bn
"স্যার, কী নিয়ে এসেছেন? পড়ে খুব খারাপ লাগলো।",sad,bn
এত বড় উন্নয়নশীল দেশের জন্য এটা খুবই লজ্জাজনক।,sad,bn
পরাজয় নিশ্চিত ছিল,sad,bn
"একটি ভয়ানক ট্র্যাজেডি, এবং বাকি মহারাষ্ট্র ভুগছে।",sad,bn
এখন এটা কি? এত হতাশ?? এখনো মানুষের সাথে কথা বলে। কিছু চিকিৎসা নিন।,sad,bn
"মহারাষ্ট্রের খেলোয়াড়রা দুঃখের পাহাড়ের মুখোমুখি হয়েছিল, ম্যাচের আগে কোচ মারা গিয়েছিল, কিন্তু তবুও তারা লড়াই করেছিল এবং...",sad,bn
"দুঃখের বিষয় এই নয় যে প্রকল্প চলে গেছে, কমিশন দুর্বল, এটা দুঃখজনক।",sad,bn
"যে দলই আসুক না কেন, সাধারণ জনগণ কোনো সুবিধা পাবে না।",sad,bn
হুম এটা অসম্পূর্ণ মনে হচ্ছে।,sad,bn
দেশের যুব সমাজ বেকারত্বের কবলে পড়লেও মোদি সরকার একেবারেই নীরব।,sad,bn
ঋণ মকুব না পেলে নিয়মের ফাঁদে আটকে পড়া কৃষকরা কবে স্বস্তি পাবেন?,sad,bn
এই একই লবণ যা মেথি থেকে বের হয় কিন্তু ব্যথা কমানোর কোনো চেষ্টা করা হয় না।,sad,bn
বিবাহ বিচ্ছেদের প্রধান কারণ কাকে মাথা নত করতে হবে? আমি কেন তুমি,sad,bn
আমি নিজেই এটা ঘোষণা করছি.. কারণ আমার অনুষ্ঠান কেউ দেখছে না,sad,bn
"শিল্পজগতে শোকের ছায়া, হারিয়ে গেলেন বলিউডের 'তিনি' কিংবদন্তি...",sad,bn
আমি চাকরি চাই কিন্তু মোদি শেঠ দিচ্ছে না।,sad,bn
আমি পড়াশুনা করতে চাই কিন্তু আমার টাকা ফুরিয়ে যাচ্ছে... কিছুই বলা হয়নি,sad,bn
"এই ছিল আমাদের সময়, আজকের শিশুরা এমন নয়",sad,bn
এটা শ্রীলঙ্কার জন্য দুঃখজনক ঘটনা,sad,bn
বালাসাহেবের আজ খুব মন খারাপ হবে,sad,bn
দায়িত্ব নিতে কেউ এগিয়ে আসে না...,sad,bn
"মন যখন তোমাকে ছেড়ে চলে যায়, তুমি হেরে মরে।",sad,bn
একজন ভারতীয় হিসেবে আমি আজ হারিয়েছি...,sad,bn
"দুঃখের বিষয় এই নয় যে প্রকল্প চলে গেছে, কমিশন দুর্বল, এটা দুঃখজনক।",sad,bn
ভারী বর্ষণে কৃষক! জেলায় দুই কৃষকের মৃত্যু; সরকারের কোন লজ্জা নেই...,sad,bn
"একটি ভয়ানক ট্র্যাজেডি, এবং বাকি মহারাষ্ট্র ভুগছে।",sad,bn
শুধু তার কথা শুনেই বছরের পর বছর চলে যায়.. কি তাড়াতাড়ি হয় না?,sad,bn
: কম আবাদের কারণে এ বছর পেঁয়াজের আধিক্য!,sad,bn
আমি মাঝে মাঝে সরসবাগ যাই। এখন শুধু ভিড় আর যানজটের শব্দ আসছে।,sad,bn
কেউ আপনাকে কিছু দেয় বলে তার সাথে থাকা মূলত একটি মিথ্যা প্রত্যাশা,sad,bn
"কিন্তু বাবা সাহেব আম্বেদকর নারীকে উপগ্রহ মনে করেন না, এটা দুঃখজনক।",sad,bn
"দানা বাড়িতে নেই, আমাকে বাজিরাও ডাকবে?",sad,bn
দুর্ভাগ্যের বিষয় হচ্ছে গণমাধ্যমগুলো একতরফা খবর চালাচ্ছে।,sad,bn
এটা খুবই সত্য। এখন বিজেপির পরাজয় শুরু হয়েছে।,sad,bn
দুর্নীতিবাজ সরকারের বিরুদ্ধে লড়াই বেকারত্বের ধাক্কা বহন করছে।,sad,bn
এটা কয়েক দিনের মধ্যে পাগল হয়ে যায়,sad,bn
"জীবনের যাত্রায় অনেক মানুষের সাথে দেখা হয়, যারা সাপোর্ট করে তারা কম আর যারা আমাদের ছেড়ে চলে যায় তারা বেশি।",sad,bn
কংগ্রেস আশা করেছিল ভালো দিন আসবে কিন্তু তা ব্যর্থ হয়েছে,sad,bn
বাকিরা অসহায়,sad,bn
"আহ, সাত্তার শেঠ... কৃষক মারা গেলে কি খরার মতো পরিস্থিতি হবে...?",sad,bn
'স্বায়ত্তশাসিত' শব্দটি এখন হাস্যকর মনে হতে শুরু করেছে।,sad,bn
নিজের রক্ত-মাংস উৎসর্গ করা কতটা নিষ্ঠুর তা কল্পনার বাইরে,sad,bn
সম্পর্কের গণিত ব্যাঙ্ক অ্যাকাউন্টের মতো।,sad,bn
জনপ্রতিনিধিরা যদি এভাবে রাজপথে নামতেন তাহলে এই দুঃসময় আসত না।,sad,bn
মানুষের ভালো সাড়া দেখে মনে হয় পরাজয়।,sad,bn
তাঁর বাবা ছিলেন সাধু ঐতিহ্যে সমৃদ্ধ মহারাষ্ট্রের মুখ্যমন্ত্রী।,sad,bn
নানা... এখনও নাট সম্রাটের ভূমিকা থেকে বেরিয়ে আসেননি।,sad,bn
কংগ্রেস এবং এনসিপি জোট গঠন করলে জোট শেষ হয়।,sad,bn
ধারণাটি আত্তীকৃত হলে আজ এই পরিস্থিতির উদ্ভব হতো না।,sad,bn
আসলে একজনকে নিজের মনকে রক্ষা করতে সক্ষম হওয়া উচিত ... কীভাবে একজন সর্বদা অন্যের উপর নির্ভর করতে পারে..!,sad,bn
কিন্তু ট্র্যাজেডি হলো আজকের কিছু ছাহেবা প্রেমিক যারা সে সময় এই গোসল করতে সাহায্য করেছিল।,sad,bn
আমি মাঝে মাঝে সরসবাগ যাই। এখন শুধু ভিড় আর যানজটের শব্দ আসছে।,sad,bn
SBI গ্রাহকদের জন্য দুঃসংবাদ! এখন EMI বাড়বে,sad,bn
আমি একঘেয়ে হয়ে যাচ্ছি কিন্তু... ফাটল ছাড়া সব মজা বৃথা...,sad,bn
"একটি ভয়ানক ট্র্যাজেডি, এবং বাকি মহারাষ্ট্র ভুগছে।",sad,bn
স্পেনের দেওয়া সমস্যা ভারতীয় খেলোয়াড়দের সমস্যা বাড়িয়ে দিয়েছে।,sad,bn
এটা একেবারেই সত্য...লোকেরা ঈশ্বরে বিশ্বাস করে না,sad,bn
ফিরতি বৃষ্টিতে ধানের ক্ষয়ক্ষতির জন্য ক্ষতিপূরণ দিতে।,sad,bn
এটি একটি জোট যা সম্পূর্ণরূপে বালা সাহেবের চিন্তা ও নীতির বিরুদ্ধে।,sad,bn
"কয়েকদিন আগে এই কথাটা মনে পড়েছিল, কিন্তু মনে হয় ভুলে গেছি।",sad,bn
"এটা পুনর্গঠিত কৃষকদের প্রতি অবিচার, আমরা কোনো সুফল পাচ্ছি না",sad,bn
আপনি নষ্ট চুল একটি ভাল উদাহরণ.,sad,bn
কেন্দ্রের মোদী সরকারের কারণে দেশের গণতন্ত্র দুর্বল হচ্ছে!,sad,bn
আমি যখন ক্ষমতায় ছিলাম তখন মাকে মনে পড়ত না.. এখন করি।,sad,bn
শিশুদের যদি শিক্ষার জন্য স্কুলের দাবি করতে হয় তা খুবই দুঃখজনক।,sad,bn
এটা কয়েক দিনের মধ্যে পাগল হয়ে যায়,sad,bn
সে ঠিকমতো কথাও বলতে পারে না।,sad,bn
কেউ আপনাকে কিছু দেয় বলে তার সাথে থাকা মূলত একটি মিথ্যা প্রত্যাশা,sad,bn
"সাত্তার জি, মারাঠাওয়াড়ার কৃষকদের দুর্দশা বুঝতে পারছেন?",sad,bn
এটা সহ্য বা সহ্য করা যায় না,sad,bn
আজ কাজ সেরে এক কাপ চা আর মন দুটোই খাই।,sad,bn
"দুঃখের বিষয় এই নয় যে প্রকল্প চলে গেছে, কমিশন দুর্বল, এটা দুঃখজনক।",sad,bn
এই ব্যক্তি মুখ্যমন্ত্রী হয়েছিলেন এবং মনে হয়েছিল মহারাষ্ট্রের পুনর্জন্ম হয়েছিল,sad,bn
শিশুদের যদি শিক্ষার জন্য স্কুলের দাবি করতে হয় তা খুবই দুঃখজনক।,sad,bn
আমি পড়াশুনা করতে চাই কিন্তু আমার টাকা ফুরিয়ে যাচ্ছে... কিছুই বলা হয়নি,sad,bn
তিনি যদি নিজের আত্মা পাওয়ারের কাছে বন্ধক রাখেন তাহলে আত্মদর্শন হবে কী করে?,sad,bn
সামনে ভয়ঙ্কর পরাজয়। এখন দেখা যাক তিনি বিজেপির প্রার্থী নাকি দেশদ্রোহী সেনা।,sad,bn
এখন বিরক্ত,sad,bn
"স্পিকার স্যার, পুনে ট্রাফিক পুলিশের কর্মচারীদের প্রতি চরম অবিচার করা হচ্ছে।",sad,bn
এই পৃথিবীতে সবকিছুই চলবে কিন্তু আমরা এমন লোক চাই না যারা শিবসেনাকে ধ্বংস করবে।,sad,bn
"এমনকি চাচা-ভাতিজাকেও দাওয়াত দেওয়া হয় না, তাই নাতির পেট ফুলে যায়।",sad,bn
বলো কিভাবে বাঁচবো? কোটি মানুষের দেশে এক হাজার মানুষও এই জনপ্রিয় ভাষায় কথা বলে না।,sad,bn
"সাত্তার জি, মারাঠাওয়াড়ার কৃষকদের দুর্দশা বুঝতে পারছেন?",sad,bn
একবারের জন্য আমাকে কিছু দিবেন না। কিন্তু আমাকে লজ্জায় ফেলে যেও না।,sad,bn
বৃটিশরা কীভাবে ভারতীয়দের ক্রীতদাস করে রেখেছিল এটি তার একটি উদাহরণ,sad,bn
আজ কাজ সেরে এক কাপ চা আর মন দুটোই খাই।,sad,bn
দুঃখের খবর - অত্যন্ত প্রতিভাবান এবং মজার অভিনেতা প্রদীপ পটবর্ধনের প্রতি আন্তরিক শ্রদ্ধাঞ্জলি...,sad,bn
একথা বলার পর শ্রাদ্ধ করার সময় এল।,sad,bn
ছন্দটা জটিল রাও...,sad,bn
মনটা এমন একটা লাশের মত হয়ে গেছে যার শেষকৃত্য নেই।,sad,bn
আমি আর চাই না,sad,bn
এটা তোমার নিয়তি নয়,sad,bn
"স্যার, দাঁড়াও, এই মুহূর্তে ছন্দটা খারাপ লাগছে",sad,bn
কিন্তু কোটি ভক্তের মন রাজত্ব করা পারভীন বাবির মৃত্যু ছিল খুবই বেদনাদায়ক।,sad,bn
বিড জেলার পরিস্থিতি দেখে প্রশাসন কি জেগে উঠবে?,sad,bn
কেন্দ্রের মোদী সরকারের কারণে দেশের গণতন্ত্র দুর্বল হচ্ছে!,sad,bn
শুধু মা বাবাই এমন! অন্য কারো কাছ থেকে এটা আশা করা খুবই দুঃখজনক!,sad,bn
এই চার মাসে তিনি তার রাজনৈতিক পরিচয় অনেকটাই কমিয়েছেন।,sad,bn
এসব সিমেন্টের রাস্তার কারণে বর্ষাকালে শহর প্লাবিত হয়।,sad,bn
"মনে হচ্ছে এই আদালত ন্যায়বিচার দেবে না, জনসাধারণ উদ্ধব সাহেবকে বিচার দেবে।",sad,bn
কেমন আছেন? বাড়ি থেকে বের হওয়ার সময় এ খবর আসে।,sad,bn
"প্রতিবাদই কি একমাত্র সমাধান, আমরা বিচার পাব না???",sad,bn
"উপমুখ্যমন্ত্রী, দিল্লি ও মহারাষ্ট্রের মুখ্যমন্ত্রী, নারী পরিচয়, পরিচয় কিন্তু রাস্তার পাশে।",sad,bn
কর্মকর্তারা খুশি এবং নাগরিকরা ব্যথিত,sad,bn
মারাঠি মন্তব্যের দাবিতে MNS নেতাদের বিরুদ্ধে মামলা করা কঠিন।,sad,bn
"স্পিকার স্যার, পুনে ট্রাফিক পুলিশের কর্মচারীদের প্রতি চরম অবিচার করা হচ্ছে।",sad,bn
অতিবৃষ্টিতে বিধ্বস্ত এক কৃষকের সন্তানের দুর্দশা হৃদয় ছুঁয়ে যায়,sad,bn
তিনি পাগল রাজা নন। সাক্ষাৎকারটি বিশ্রী এবং হতাশাজনক ছিল,sad,bn
অল্প বয়সেই আত্মহত্যা করেছিলেন এই অভিনেত্রী।,sad,bn
কালো কেশিক,sad,bn
জলগাঁও: তিন মাস বয়সী মেয়ে গুঞ্জনকে রুমাল দিয়ে শ্বাসরোধ করে খুন।,sad,bn
দুর্ভাগ্যের বিষয় হচ্ছে গণমাধ্যমগুলো একতরফা খবর চালাচ্ছে।,sad,bn
দেশের যুব সমাজ বেকারত্বের কবলে পড়লেও মোদি সরকার একেবারেই নীরব।,sad,bn
এখন বিরক্ত,sad,bn
বাকিরা অসহায়,sad,bn
আমি কি মারা যাচ্ছি? তুমি আমার চোখে জল এনেছ!,sad,bn
কৃষকরা কৃষিপণ্যের দাম না পেলে কোথায় যাবে? মলে কেন?,sad,bn
নিজের রক্ত-মাংস উৎসর্গ করা কতটা নিষ্ঠুর তা কল্পনার বাইরে,sad,bn
তিনি যদি নিজের আত্মা পাওয়ারের কাছে বন্ধক রাখেন তাহলে আত্মদর্শন হবে কী করে?,sad,bn
কেউ আপনাকে কিছু দেয় বলে তার সাথে থাকা মূলত একটি মিথ্যা প্রত্যাশা,sad,bn
মৃত্যুর এই গ্রাফ অমরাবতীতে সবচেয়ে বেশি,sad,bn
যে ধর্ম রক্ষা করবে সে আহত হবে।,sad,bn
যার কাছ থেকে আড়াই বছর ধরে প্যাকেট নেন। এখন সময় এসেছে তাদের বিরুদ্ধে লেখার... কঠিন..!,sad,bn
সবচেয়ে খারাপ ঘটনা ঘটল গ্রামের পোলার্ডের সাথে... দরিদ্র মেয়েটি ঘরে ঘরে ঘুরে বেড়াচ্ছিল।,sad,bn
": মুদ্রাস্ফীতির প্রাদুর্ভাব; সিএনজি, পিএনজির দাম বাড়বে",sad,bn
এটা খুবই দুঃখজনক এবং বিরক্তিকর।,sad,bn
"দুঃসংবাদ, এই দুর্ঘটনায় শহীদ সেনাদের প্রতি রইলো বিনম্র শ্রদ্ধা",sad,bn
এই ঘুমন্ত সরকার কার মনের অবস্থা বলুন। অনেক উত্সাহী বেকারত্ব দ্বারা বিধ্বস্ত ছিল.,sad,bn
মারাঠি মন্তব্যের দাবিতে MNS নেতাদের বিরুদ্ধে মামলা করা কঠিন।,sad,bn
"মহারাষ্ট্রে ক্ষমতায় থাকা সত্ত্বেও আমরা আমাদের পুলিশকে বিশ্বাস করি না, ঈশ্বর আপনার মঙ্গল করুন",sad,bn
"এই স্যারের খুব প্রয়োজন, কারণ কৃষকরা এই ফিরতে ক্লান্ত।",sad,bn
অতিবৃষ্টিতে বিধ্বস্ত এক কৃষকের সন্তানের দুর্দশা হৃদয় ছুঁয়ে যায়,sad,bn
"ভয়াবহ দুর্ঘটনা ঘটেছে নান্দেদে, ট্রেনটি বিদ্যুতায়নের কাজ থেকে ফিরছিল।",sad,bn
"আমিও একবার ওকে এভাবে ভালোবেসেছিলাম, কিন্তু সে মেনে নেয়নি।",sad,bn
খুব চিন্তিত! মন ভরে থাকবে। কিন্তু এসবই অনুভূত হতে থাকে জুনের পর থেকে।,sad,bn
এখন এটা কি? এত হতাশ?? এখনো মানুষের সাথে কথা বলে। কিছু চিকিৎসা নিন।,sad,bn
"হ্যাঁ, আমি একমত যে প্রতিযোগিতার যুগে মানুষ ভুলে যাচ্ছে দেশ ও সমাজে কী চলছে।",sad,bn
এটা খুবই সত্য। এখন বিজেপির পরাজয় শুরু হয়েছে।,sad,bn
বালা সাহেব থাকলে এই ছবি দেখা যেত না।,sad,bn
সামনে ভয়ঙ্কর পরাজয়। এখন দেখা যাক তিনি বিজেপির প্রার্থী নাকি দেশদ্রোহী সেনা।,sad,bn
প্রত্যাহারের বৃষ্টিতে লোকসানের মুখে পড়া সয়াবিন চাষিরাও হতবাক।,sad,bn
পাওয়ার সাহেবের কাছ থেকে সবচেয়ে বেশি ক্ষতি হয়েছে লালপারি ও তার কর্মচারীদের।,sad,bn
এই ব্যক্তি মুখ্যমন্ত্রী হয়েছিলেন এবং মনে হয়েছিল মহারাষ্ট্রের পুনর্জন্ম হয়েছিল,sad,bn
এত বড় উন্নয়নশীল দেশের জন্য এটা খুবই লজ্জাজনক।,sad,bn
খোলা পাড়ায় সাপের মত ছুটছ সারারাত ঠান্ডায় ফিসফিস করে,sad,bn
"স্বৈরাচারীরা শেষ পর্যন্ত নিজেদের গুলি করে, এটাই পৃথিবীর ইতিহাস...",sad,bn
"মাঝা শিবসেনা নেতাদের পায়ে মাথা নত করেছে, এমনকি বাসনপত্রও ধুয়েছে কিন্তু কাজ চলতেই থাকে...",sad,bn
যে দেশে শিক্ষাকে ব্যবসায় পরিণত করা হয়েছে সেখানে কী আশা করা যায়?,sad,bn
দুঃখের খবর - অত্যন্ত প্রতিভাবান এবং মজার অভিনেতা প্রদীপ পটবর্ধনের প্রতি আন্তরিক শ্রদ্ধাঞ্জলি...,sad,bn
"শিল্পজগতে শোকের ছায়া, হারিয়ে গেলেন বলিউডের 'তিনি' কিংবদন্তি...",sad,bn
অল্প বয়সেই আত্মহত্যা করেছিলেন এই অভিনেত্রী।,sad,bn
মুদ্রাস্ফীতি না বাড়লে বেতন কম...,sad,bn
একবারের জন্য আমাকে কিছু দিবেন না। কিন্তু আমাকে লজ্জায় ফেলে যেও না।,sad,bn
তার পরিবার যেন এই শোক কাটিয়ে উঠার শক্তি পায়! প্রয়াত নরেন্দ্রজি আগরওয়ালের প্রতি আন্তরিক শ্রদ্ধাঞ্জলি!,sad,bn
বয়স বাড়ার সঙ্গে সঙ্গে ছগন ভুজবলের বুদ্ধিমত্তাও কমছে।,sad,bn
আপনার ধার্মিকতা এবং সততা সবসময় সদ্ব্যবহার করা হয়.,sad,bn
মিউনিসিপ্যাল ​​কর্পোরেশন ক্ষমতায় থাকা অবস্থায় এই সমস্যা দেখা দেওয়াটা দুঃখজনক।,sad,bn
এখন ঘরে বসে কাঁদুন এবং অন্তত সহানুভূতির জন্য অপেক্ষা করুন,sad,bn
জীবনের পুনরাবৃত্তি হয় না। সত্যি কথা হল জীবনের মূল্য কেউ জানে না,sad,bn
"সত্যের মৃত্যুর পরে, উদ্ধবের মন গভীরভাবে প্রভাবিত হয়েছে ...",sad,bn
পাওয়ার সাহেবের কাছ থেকে সবচেয়ে বেশি ক্ষতি হয়েছে লালপারি ও তার কর্মচারীদের।,sad,bn
"স্যার, দাঁড়াও, এই মুহূর্তে ছন্দটা খারাপ লাগছে",sad,bn
দুর্নীতিবাজ সরকারের বিরুদ্ধে লড়াই বেকারত্বের ধাক্কা বহন করছে।,sad,bn
বিজেপি শাসনে দিন দিন মূল্যস্ফীতি বাড়ছে এবং সাধারণ মানুষের জীবনযাপনও কঠিন হয়ে পড়ছে।,sad,bn
"মন যখন তোমাকে ছেড়ে চলে যায়, তুমি হেরে মরে।",sad,bn
MNSও একটা মায়া,sad,bn
"আপনি যত পরীক্ষাই দেন না কেন, সফলতা পাবেন না।",sad,bn
জনগণ আর নির্বাচন কমিশনের ওপর আস্থা রাখে না,sad,bn
কোঙ্কনি হিসেবে রাজি... এখানে আবার গণপতি আসে এবং হাইওয়ে একই জরাজীর্ণ অবস্থায়...,sad,bn
রানে পানাবতী আবারও সিদ্ধের পক্ষে প্রচারে আসেন এবং নির্বাচন থেকে সরে আসতে হয়।,sad,bn
"সমুদ্রে ভেসে যাওয়া স্ত্রীর কাছ থেকে একটি ভয়েস মেসেজ এসেছিল; ""আমি রবির সাথে খুশি""...",sad,bn
কাকে বলবেন? এক সময় এ দল ছিল শিক্ষিতদের।,sad,bn
দিন দিন কঠিন হয়ে যাচ্ছে...,sad,bn
জেলাটি আখ উৎপাদনে এগিয়ে থাকলেও আখের দামে বরাবরই পিছিয়ে রয়েছে।,sad,bn
"বিদায় জানিয়ে, আমি আবার দেখা করার জন্য সংকল্পবদ্ধ ছিলাম... কিন্তু তার কালো চোখ শেষবারের মতো তার সাথে দেখা করেছিল।",sad,bn
সরকার বেসরকারীকরণ করতে চায়..যা দারিদ্র্য আরও বাড়াবে..,sad,bn
আমার মনের মধ্যে সঞ্চিত এত কিছু লিখতে আমাকে সবসময় বাধা দেওয়া হয়।,sad,bn
এখন মনে হয় দুজনকেই ঘর ধুতে হবে।,sad,bn
এখন বিরক্ত,sad,bn
সবকিছু কঠিন,sad,bn
কি অপমান।,sad,bn
মারাঠিকে মারাঠি বানিয়ে মারাঠিদের গর্তে ফেলে দেওয়া হল।,sad,bn
"কোন ধন্যবাদ, কোন অভিনন্দন.",sad,bn
এই ব্যক্তি মুখ্যমন্ত্রী হয়েছিলেন এবং মনে হয়েছিল মহারাষ্ট্রের পুনর্জন্ম হয়েছিল,sad,bn
আর সমমনা মানুষ না পেলে পৃথিবীর 'মাটি' হয়ে যায়...,sad,bn
সরকারী পরিষেবা বন্ধ হওয়ার অনেক বছর হয়ে গেছে।,sad,bn
এটা সত্যি! আমরা নিজেরাই লজ্জিত হতে শুরু করছি!,sad,bn
এই পৃথিবীতে সবকিছুই চলবে কিন্তু আমরা এমন লোক চাই না যারা শিবসেনাকে ধ্বংস করবে।,sad,bn
টর্চটাও নিভে গেছে...,sad,bn
পরাজয় অবশ্যই কঠিন ছিল বিজেপির জন্য,sad,bn
"হ্যাঁ, কিয়েভ এসেছিলেন আজ নটসম্রাতার সাক্ষাৎকার দেখতে।",sad,bn
"তালাকপ্রাপ্ত আইনজীবী পুত্রবধূকে নাতির সঙ্গে দেখা করতে দেননি, দাদা আত্মহত্যা!",sad,bn
জনপ্রতিনিধিরা যদি এভাবে রাজপথে নামতেন তাহলে এই দুঃসময় আসত না।,sad,bn
"হ্যাঁ, এগুলো অভিজ্ঞতার বিষয়, আমার সাথে আর কিছু আছে কি?",sad,bn
ছন্দটা জটিল রাও...,sad,bn
আপনার এতদিনে বিরোধী দলের নেতা হওয়া উচিত ছিল,sad,bn
"প্রতিবাদই কি একমাত্র সমাধান, আমরা বিচার পাব না???",sad,bn
আমি আমার সমস্ত মারাঠা ভাই ও বোনদের ভবিষ্যতে ভোট না দেওয়ার জন্য অনুরোধ করছি।,sad,bn
ইয়াবত্মালের ফলাফল দেখে খুব খারাপ লাগছে।,sad,bn
"আমরা ঘরে থাকি, কিন্তু ওই কৃষকদের দুর্দশা দেখা যায় না।",sad,bn
লজ্জায় পড়ে উত্তরপ্রদেশ,sad,bn
গম্ভীর হওয়া এবং হাসতে কষ্ট হয়,sad,bn
এসব সিমেন্টের রাস্তার কারণে বর্ষাকালে শহর প্লাবিত হয়।,sad,bn
আর সমমনা মানুষ না পেলে পৃথিবীর 'মাটি' হয়ে যায়...,sad,bn
এটা খুবই দুঃখজনক ব্যাপার!,sad,bn
মহারাষ্ট্রের কৃষকরা ভিক্ষা করে দিল্লিতে যাচ্ছেন,sad,bn
ফিরতি বৃষ্টিতে ধানের ক্ষয়ক্ষতির জন্য ক্ষতিপূরণ দিতে।,sad,bn
"এই স্যারের খুব প্রয়োজন, কারণ কৃষকরা এই ফিরতে ক্লান্ত।",sad,bn
গরুর গাড়িতে বাঁধা ষাঁড়ের একটি দুষ্টু হলে বাকিরা খুব রেগে যায়।,sad,bn
তার মানে আপনার পদের প্রতি সেনাবাহিনীর কোনো সম্মান নেই।,sad,bn
ফিরতি বৃষ্টিতে ধানের ক্ষয়ক্ষতির জন্য ক্ষতিপূরণ দিতে।,sad,bn
"শিল্পজগতে শোকের ছায়া, হারিয়ে গেলেন বলিউডের 'তিনি' কিংবদন্তি...",sad,bn
খুব চিন্তিত! মন ভরে থাকবে। কিন্তু এসবই অনুভূত হতে থাকে জুনের পর থেকে।,sad,bn
"মাঝা শিবসেনা নেতাদের পায়ে মাথা নত করেছে, এমনকি বাসনপত্রও ধুয়েছে কিন্তু কাজ চলতেই থাকে...",sad,bn
খুব চিন্তিত! মন ভরে থাকবে। কিন্তু এসবই অনুভূত হতে থাকে জুনের পর থেকে।,sad,bn
প্রখ্যাত অভিনেতা ও প্রবীণ নাট্য ব্যক্তিত্ব প্রদীপ পটবর্ধনের মর্মান্তিক মৃত্যুতে আন্তরিক শ্রদ্ধাঞ্জলি।,sad,bn
তার মানে আপনার পদের প্রতি সেনাবাহিনীর কোনো সম্মান নেই।,sad,bn
মানুষটা ছোট স্যার.. সবাই এক রকম হয় না..,sad,bn
এটা শ্রীলঙ্কার জন্য দুঃখজনক ঘটনা,sad,bn
যুবকদের অনুসরণ করছে একটি দুষ্টচক্র!,fear,bn
তারা ইতিমধ্যে ভয়ে আমাদের অবরুদ্ধ করেছে...,fear,bn
অভয়ঙ্কর আরও শক্তিশালী,fear,bn
দেশে এখনো অঘোষিত জরুরি অবস্থা চলছে,fear,bn
"মনোযোগ দিন, অন্যথায় বড় সমস্যা আসছে",fear,bn
হারানোর ভয়ে রাজ ঠাকরের মাধ্যমে এই ব্যবসা করা শুরু করেন তিনি।,fear,bn
এতে অ্যাকশনের ভয়ে অনলি ফ্যানসের প্রতিষ্ঠাতাদের মধ্যে আতঙ্ক ছড়িয়ে পড়েছে।,fear,bn
এখানে সংকট আড়ালে দাঁড়িয়ে আছে। মুখের অভিব্যক্তি দেখুন।,fear,bn
কোন এক অজানা ভয়ে আপনি হাঁটা শুরু করলেন। এটা অনুভব করুন!,fear,bn
এই দেখুন. আপনার ভোটারের বিরুদ্ধে কিছু হচ্ছে।,fear,bn
আপনি যদি ব্যাক ডাউন না করেন তবে বার্তাটি হবে যে আপনি হাল ছেড়ে দিয়েছেন।,fear,bn
আমি জানি না এটা বাড়িতে আছে কি না...কিন্তু মানুষ অবশ্যই আপনার পরে গুলি চালাবে,fear,bn
মুম্বাইয়ের কিছু জায়গায় জ্বর (ফ্লু) এবং করোনা সংক্রমণের রোগীর সংখ্যা আবার বেড়েছে।,fear,bn
রাম নবমীর দিন মধ্যপ্রদেশের খারগোনে বড় ধরনের সহিংসতার ঘটনা ঘটেছে।,fear,bn
এটি একই বক্তৃতার চেয়ে দশগুণ বেশি বিপজ্জনক,fear,bn
"মনীষা আজ হেরে যাওয়ার মতো কথা বলছে, হয়তো কালকের ঘা নরম করার জন্যই এই প্রস্তুতি।",fear,bn
আমিও তাই ভাবি কিন্তু ঢাল-তলোয়ার দেওয়া হবে বলেই মনে হয় বেশি।,fear,bn
"জানালা দিয়ে উঁকি দিয়ে একটু সাবধান হয়ে গেল সে, মনের দরজায় ঝড় গর্জন করছে।",fear,bn
অপব্যবহার করা ট্যাক্স অ্যাকাউন্ট স্থগিত করা হয়েছে,fear,bn
এই লড়াই বেঁচে থাকার লড়াই,fear,bn
যারা শিবসেনার বিরুদ্ধে খেলা খেলছে তাদের পরিণতি ভোগ করতে হবে।,fear,bn
"সাবধান, করোনা। অনাক্রম্যতা সরাসরি আক্রমণের অধীনে, লক্ষণগুলি বিপজ্জনক",fear,bn
আব্বা! স্কুল বাসে এই অজগর কোথা থেকে এল? ভিডিওটি দেখলে যে কেউ শিউরে উঠবেন,fear,bn
এটা কোন সতর্কতা নয় স্যার,fear,bn
এর মানে হল যে ভবিষ্যতে মানব অস্তিত্বের জন্য সবচেয়ে বড় হুমকি সব ধর্ম থেকে আসে।,fear,bn
ভবিষ্যতের দাস আজই তৈরি করতে হবে।,fear,bn
"মহারাষ্ট্রে যাত্রা এসেছিল কিন্তু না, তার আগেই ভেঙ্গে গেছে।",fear,bn
তারা পালিয়ে যাচ্ছে...সাবধান! মানুষ বিষাক্ত হয়.. এই ধরনের কোথা থেকে এলো? পড়া,fear,bn
"আমাদের এখন পঞ্চায়েত সমিতির দিকে নজর দেওয়া উচিত, নইলে এই কর্মসংস্থানও শেষ হয়ে যাবে।",fear,bn
"লোকসভা নির্বাচন পর্যন্ত কখনও খুনের ষড়যন্ত্র হবে, কখনও হামলার ষড়যন্ত্র হবে।",fear,bn
ভয়ঙ্কর! করোনার নতুন রূপ বিশ্বব্যাপী আতঙ্কের কারণ; বিজ্ঞানীদের 'এই' বড় আশঙ্কা প্রকাশ!,fear,bn
"চিতাবাঘ ভারী পদক্ষেপে এসে হঠাৎ বাড়ি থেকে বেরিয়ে গেল..., আমি দুশ্চিন্তায় কেঁপে উঠলাম...",fear,bn
"মুরজির পতন নিশ্চিত, ভয়ে পিছু হটে বিজেপি।",fear,bn
শীঘ্রই একটি বড় ভূমিকম্পের জন্য প্রস্তুত থাকুন,fear,bn
"এটি বিশ্বের সবচেয়ে ভয়ঙ্কর হাইওয়ে, চলন্ত গাড়ি উধাও! জেনে নিন রহস্য",fear,bn
ভয় হচ্ছে নিরাপদ খেলা খেলতে হবে যাতে পরাজয় পরবর্তী নির্বাচনে প্রভাব না ফেলে...,fear,bn
"ব্যবসায়ী, উদ্যোক্তা ও পেশাজীবীরা সাবধান! এটি একটি গুরুতর সতর্কবাণী জিএসটি দপ্তর",fear,bn
ভারতের জন্য আসল হুমকি তাদের কাছ থেকে এসেছে যারা বলে বর্ণবাদ অপরাধ নয়।,fear,bn
আমাদের জিজ্ঞাসা করবেন না যে বেকারত্বের কতটা ভয় আছে। অসুস্থ থাকার সময়ও বই খুলে পড়তাম।,fear,bn
তিন সাংবাদিকের ওপর ইতিমধ্যেই সন্দেহ রয়েছে।,fear,bn
মনে রাখবেন যে এর পিছনে অবশ্যই কিছু ষড়যন্ত্র আছে...ফডনবীস এত তাড়াতাড়ি পিছু হটবেন না।,fear,bn
"রাও, এটা একটা বড় বিব্রতকর ব্যাপার। রাও এর মুখোমুখি হতে হবে...",fear,bn
এটা নিশ্চিত যে এর প্রভাব ধীরে ধীরে মাথায় পড়বে।,fear,bn
আমি এখনো বলি এটাকে হালকাভাবে নেওয়ার অস্ত্র নয়...!,fear,bn
আমি ভয় পেয়েছিলাম কেন ভিডিও বন্ধ করা হয়েছে,fear,bn
উদ্বেগজনক! শুধু মুম্বাই শহর থেকেই এ পর্যন্ত জব্দ করা হয়েছে বহু কিলো মাদক!,fear,bn
আভাসের ভয়ানক রাতে এলাম..,fear,bn
নিচ থেকে জ্বলে উঠলে সবার কষ্ট হয়,fear,bn
"এমন বিপজ্জনক বৃষ্টি কখনও দেখিনি, এক জায়গায়...",fear,bn
কেন এটা ঘটবে? আপনার ভিতরে অবশ্যই কিছু খেলা আছে।,fear,bn
এমএনএস তার গৌরব বিসর্জন দিয়ে আবার সমস্যায় পড়তে পারে; গ্রেফতারের তলোয়ার ঝুলছে,fear,bn
এতক্ষণ চুপচাপ কেন? রহস্যময়?,fear,bn
"দেখুন, আপনি বিদর্ভ নামতে চলেছেন..",fear,bn
কেন প্রার্থিতা প্রত্যাহার করলেন?,fear,bn
"গ্রাহকদের জন্য বড় ধাক্কা, এই নিয়ম বদল করল ব্যাঙ্ক, এটা পড়লে ঘামতে হবে...",fear,bn
নির্বাচনে হেরে যাওয়ার ভয়ে বিজেপি এই কাজ করছে,fear,bn
মহারাষ্ট্রে খরা ঘোষণা করুন নইলে বলিরাজা ক্ষমা করবেন না,fear,bn
এটা তাতার ভয়...,fear,bn
পুনেতে বৃষ্টি হচ্ছে যেন মেঘ ফেটে গেছে!!!,fear,bn
এটা কি ভয়ানক শব্দ,fear,bn
এই বাক্য শোনার পর নিশ্চয়ই ভয় পেয়ে গেছেন নীরজ চোপড়া। এখন তার ক্যারিয়ার হুমকির মুখে পড়বে।,fear,bn
ঠাকরে কেন এত ভয় পাচ্ছেন যে আপনি ঘুমের মধ্যেও ঠাকরেকে দেখতে পাচ্ছেন?,fear,bn
"সবার মধ্যেই উদ্যম ও বিশ্বাস ভরপুর, কিন্তু ভেতরেও আছে বেকারত্বের ভয়।",fear,bn
"আমেরিকা, রাশিয়া ও চীন তিন দেশের দানবীয় উচ্চাকাঙ্ক্ষা বিশ্বকে ধ্বংসের দিকে নিয়ে যাবে।",fear,bn
স্বতন্ত্র প্রার্থী নির্বাচিত হলে কী হবে? কিছুই অবশিষ্ট থাকবে না @,fear,bn
করোনার ভবিষ্যদ্বাণী সত্যি হওয়ার পর ভয়ঙ্কর ভবিষ্যদ্বাণী করলেন মহন্ত,fear,bn
আপনার বস নোটিশ পাওয়ার সাথে সাথে ভয় পেয়ে গেলেন,fear,bn
"আমি কখনই জিজ্ঞাসা করি না, কারণ... আমি 'উত্তর' ভয় পাই।",fear,bn
এই ভিড় সঙ্গীতশিল্পীদের জন্য ভীতিকর।,fear,bn
রাণের নাম নিতে ভয় পান?,fear,bn
মনে রাখবেন পুনে মেট্রো গরীবদের জন্য অভিশপ্ত মেট্রো হতে চলেছে,fear,bn
নাসিক জেলায় পশুদের মধ্যে লুম্পি রোগ ছড়িয়ে পড়ায় গবাদি পশুপালকদের মধ্যে আতঙ্কের পরিবেশ বেড়েছে।,fear,bn
তারপরও যদি আমরা না জেগে থাকি তাহলে আল্লাহও আমাদের বাঁচাতে পারবেন না।,fear,bn
আমেরিকা ও চীনের মধ্যে চলমান সংঘর্ষের কারণে তৃতীয় বিশ্বযুদ্ধের আশঙ্কা,fear,bn
পৃথিবীর টান বাড়ায় চাঁদ! বিজ্ঞানীরাও চিন্তিত; এটি আপনার উপর কি প্রভাব ফেলবে তা পড়ুন,fear,bn
কেউ আপনার সাথে কিছু করলে আপনি কিভাবে এত তাড়াতাড়ি রেগে যান?,fear,bn
এটা ভীতিকর..,fear,bn
"এই গাছটি দেখতে খুবই বিপজ্জনক। মনীষা নগর বাস স্টপ, সহ্যাদ্রি চায়ের বিপরীতে...",fear,bn
এর মানে ভারতে গণতন্ত্র শেষ হয়ে গেছে এবং এই দেশটি ডুবে যাওয়ার পথে।,fear,bn
সেদিন ওখানে যাওয়ার সাহস আমার ছিল না,fear,bn
"আপনি কি ভয় পাচ্ছেন, আপনি কি চিন্তিত?",fear,bn
দেবো কি না ভাই ভয়ে আছি,fear,bn
এই ভয়ানক.,fear,bn
"এই চারটি কারণে অল্প বয়সে ক্যান্সার ছড়াচ্ছে, আপনারও সতর্ক হওয়া উচিত",fear,bn
আরএসএস কর্মকর্তার বাড়িতে পেট্রোল বোমা ছোড়া,fear,bn
: প্লাস্টিকের ভয় বেড়েছে; এখন মায়ের দুধেও মাইক্রোপ্লাস্টিক পাওয়া যায়,fear,bn
পারমাণবিক যুদ্ধের আশঙ্কা দ্রুত বাড়ছে! -উদ্যোক্তা ইলন মাস্ক,fear,bn
বিগ বি-র 'সেই' জিনিস ভয় পায় কিং খান শাহরুখ!,fear,bn
সিএনজির দাম বৃদ্ধির কারণে রিকশা-ট্যাক্সি ভাড়া বৃদ্ধির ধাক্কায় নগরবাসীকে পড়তে হচ্ছে।,fear,bn
এটা নিশ্চিত যে এর প্রভাব ধীরে ধীরে মাথায় পড়বে।,fear,bn
উদ্বেগজনক! শুধু মুম্বাই শহর থেকেই এ পর্যন্ত জব্দ করা হয়েছে বহু কিলো মাদক!,fear,bn
মনে রাখবেন যে এর পিছনে অবশ্যই কিছু ষড়যন্ত্র আছে...ফডনবীস এত তাড়াতাড়ি পিছু হটবেন না।,fear,bn
"গ্রাহকদের জন্য বড় ধাক্কা, এই নিয়ম বদল করল ব্যাঙ্ক, এটা পড়লে ঘামতে হবে...",fear,bn
মুম্বাইয়ের কিছু জায়গায় জ্বর (ফ্লু) এবং করোনা সংক্রমণের রোগীর সংখ্যা আবার বেড়েছে।,fear,bn
রাণের নাম নিতে ভয় পান?,fear,bn
হারানোর ভয়ে রাজ ঠাকরের মাধ্যমে এই ব্যবসা করা শুরু করেন তিনি।,fear,bn
কেন এটা ঘটবে? আপনার ভিতরে অবশ্যই কিছু খেলা আছে।,fear,bn
অপব্যবহার করা ট্যাক্স অ্যাকাউন্ট স্থগিত করা হয়েছে,fear,bn
"ব্যবসায়ী, উদ্যোক্তা ও পেশাজীবীরা সাবধান! এটি একটি গুরুতর সতর্কবাণী জিএসটি দপ্তর",fear,bn
মুম্বাইয়ের কিছু জায়গায় জ্বর (ফ্লু) এবং করোনা সংক্রমণের রোগীর সংখ্যা আবার বেড়েছে।,fear,bn
এই ভয়ানক.,fear,bn
"মহারাষ্ট্রে যাত্রা এসেছিল কিন্তু না, তার আগেই ভেঙ্গে গেছে।",fear,bn
এতে অ্যাকশনের ভয়ে অনলি ফ্যানসের প্রতিষ্ঠাতাদের মধ্যে আতঙ্ক ছড়িয়ে পড়েছে।,fear,bn
এটা কি ভয়ানক শব্দ,fear,bn
শীঘ্রই একটি বড় ভূমিকম্পের জন্য প্রস্তুত থাকুন,fear,bn
মনে রাখবেন পুনে মেট্রো গরীবদের জন্য অভিশপ্ত মেট্রো হতে চলেছে,fear,bn
"মনীষা আজ হেরে যাওয়ার মতো কথা বলছে, হয়তো কালকের ঘা নরম করার জন্যই এই প্রস্তুতি।",fear,bn
সেদিন ওখানে যাওয়ার সাহস আমার ছিল না,fear,bn
তারপরও যদি আমরা না জেগে থাকি তাহলে আল্লাহও আমাদের বাঁচাতে পারবেন না।,fear,bn
মনে রাখবেন যে এর পিছনে অবশ্যই কিছু ষড়যন্ত্র আছে...ফডনবীস এত তাড়াতাড়ি পিছু হটবেন না।,fear,bn
ঠাকরে কেন এত ভয় পাচ্ছেন যে আপনি ঘুমের মধ্যেও ঠাকরেকে দেখতে পাচ্ছেন?,fear,bn
"সবার মধ্যেই উদ্যম ও বিশ্বাস ভরপুর, কিন্তু ভেতরেও আছে বেকারত্বের ভয়।",fear,bn
আমেরিকা ও চীনের মধ্যে চলমান সংঘর্ষের কারণে তৃতীয় বিশ্বযুদ্ধের আশঙ্কা,fear,bn
এটা কি ভয়ানক শব্দ,fear,bn
এই ভিড় সঙ্গীতশিল্পীদের জন্য ভীতিকর।,fear,bn
এটা ভীতিকর..,fear,bn
"মনোযোগ দিন, অন্যথায় বড় সমস্যা আসছে",fear,bn
এই বাক্য শোনার পর নিশ্চয়ই ভয় পেয়ে গেছেন নীরজ চোপড়া। এখন তার ক্যারিয়ার হুমকির মুখে পড়বে।,fear,bn
পুনেতে বৃষ্টি হচ্ছে যেন মেঘ ফেটে গেছে!!!,fear,bn
"চিতাবাঘ ভারী পদক্ষেপে এসে হঠাৎ বাড়ি থেকে বেরিয়ে গেল..., আমি দুশ্চিন্তায় কেঁপে উঠলাম...",fear,bn
রাণের নাম নিতে ভয় পান?,fear,bn
তিন সাংবাদিকের ওপর ইতিমধ্যেই সন্দেহ রয়েছে।,fear,bn
"এই গাছটি দেখতে খুবই বিপজ্জনক। মনীষা নগর বাস স্টপ, সহ্যাদ্রি চায়ের বিপরীতে...",fear,bn
শীঘ্রই একটি বড় ভূমিকম্পের জন্য প্রস্তুত থাকুন,fear,bn
"এই গাছটি দেখতে খুবই বিপজ্জনক। মনীষা নগর বাস স্টপ, সহ্যাদ্রি চায়ের বিপরীতে...",fear,bn
এতে অ্যাকশনের ভয়ে অনলি ফ্যানসের প্রতিষ্ঠাতাদের মধ্যে আতঙ্ক ছড়িয়ে পড়েছে।,fear,bn
যারা শিবসেনার বিরুদ্ধে খেলা খেলছে তাদের পরিণতি ভোগ করতে হবে।,fear,bn
উদ্বেগজনক! শুধু মুম্বাই শহর থেকেই এ পর্যন্ত জব্দ করা হয়েছে বহু কিলো মাদক!,fear,bn
"আমেরিকা, রাশিয়া ও চীন তিন দেশের দানবীয় উচ্চাকাঙ্ক্ষা বিশ্বকে ধ্বংসের দিকে নিয়ে যাবে।",fear,bn
"দেখুন, আপনি বিদর্ভ নামতে চলেছেন..",fear,bn
আপনি যদি ব্যাক ডাউন না করেন তবে বার্তাটি হবে যে আপনি হাল ছেড়ে দিয়েছেন।,fear,bn
নির্বাচনে হেরে যাওয়ার ভয়ে বিজেপি এই কাজ করছে,fear,bn
এই দেখুন. আপনার ভোটারের বিরুদ্ধে কিছু হচ্ছে।,fear,bn
আমিও তাই ভাবি কিন্তু ঢাল-তলোয়ার দেওয়া হবে বলেই মনে হয় বেশি।,fear,bn
আপনার বস নোটিশ পাওয়ার সাথে সাথে ভয় পেয়ে গেলেন,fear,bn
এটা তাতার ভয়...,fear,bn
নির্বাচনে হেরে যাওয়ার ভয়ে বিজেপি এই কাজ করছে,fear,bn
এটা কি ভয়ানক শব্দ,fear,bn
তারপরও যদি আমরা না জেগে থাকি তাহলে আল্লাহও আমাদের বাঁচাতে পারবেন না।,fear,bn
ভারতের জন্য আসল হুমকি তাদের কাছ থেকে এসেছে যারা বলে বর্ণবাদ অপরাধ নয়।,fear,bn
হারানোর ভয়ে রাজ ঠাকরের মাধ্যমে এই ব্যবসা করা শুরু করেন তিনি।,fear,bn
দেশে এখনো অঘোষিত জরুরি অবস্থা চলছে,fear,bn
আপনার বস নোটিশ পাওয়ার সাথে সাথে ভয় পেয়ে গেলেন,fear,bn
এখানে সংকট আড়ালে দাঁড়িয়ে আছে। মুখের অভিব্যক্তি দেখুন।,fear,bn
এমএনএস তার গৌরব বিসর্জন দিয়ে আবার সমস্যায় পড়তে পারে; গ্রেফতারের তলোয়ার ঝুলছে,fear,bn
"আমি কখনই জিজ্ঞাসা করি না, কারণ... আমি 'উত্তর' ভয় পাই।",fear,bn
পুনেতে বৃষ্টি হচ্ছে যেন মেঘ ফেটে গেছে!!!,fear,bn
হারানোর ভয়ে রাজ ঠাকরের মাধ্যমে এই ব্যবসা করা শুরু করেন তিনি।,fear,bn
ভয়ঙ্কর! করোনার নতুন রূপ বিশ্বব্যাপী আতঙ্কের কারণ; বিজ্ঞানীদের 'এই' বড় আশঙ্কা প্রকাশ!,fear,bn
তিন সাংবাদিকের ওপর ইতিমধ্যেই সন্দেহ রয়েছে।,fear,bn
কেন এটা ঘটবে? আপনার ভিতরে অবশ্যই কিছু খেলা আছে।,fear,bn
এটি একই বক্তৃতার চেয়ে দশগুণ বেশি বিপজ্জনক,fear,bn
আমাদের জিজ্ঞাসা করবেন না যে বেকারত্বের কতটা ভয় আছে। অসুস্থ থাকার সময়ও বই খুলে পড়তাম।,fear,bn
হারানোর ভয়ে রাজ ঠাকরের মাধ্যমে এই ব্যবসা করা শুরু করেন তিনি।,fear,bn
তিন সাংবাদিকের ওপর ইতিমধ্যেই সন্দেহ রয়েছে।,fear,bn
"গ্রাহকদের জন্য বড় ধাক্কা, এই নিয়ম বদল করল ব্যাঙ্ক, এটা পড়লে ঘামতে হবে...",fear,bn
পৃথিবীর টান বাড়ায় চাঁদ! বিজ্ঞানীরাও চিন্তিত; এটি আপনার উপর কি প্রভাব ফেলবে তা পড়ুন,fear,bn
"মহারাষ্ট্রে যাত্রা এসেছিল কিন্তু না, তার আগেই ভেঙ্গে গেছে।",fear,bn
মুম্বাইয়ের কিছু জায়গায় জ্বর (ফ্লু) এবং করোনা সংক্রমণের রোগীর সংখ্যা আবার বেড়েছে।,fear,bn
"মনীষা আজ হেরে যাওয়ার মতো কথা বলছে, হয়তো কালকের ঘা নরম করার জন্যই এই প্রস্তুতি।",fear,bn
এটা নিশ্চিত যে এর প্রভাব ধীরে ধীরে মাথায় পড়বে।,fear,bn
"মনীষা আজ হেরে যাওয়ার মতো কথা বলছে, হয়তো কালকের ঘা নরম করার জন্যই এই প্রস্তুতি।",fear,bn
কেউ আপনার সাথে কিছু করলে আপনি কিভাবে এত তাড়াতাড়ি রেগে যান?,fear,bn
মহারাষ্ট্রে খরা ঘোষণা করুন নইলে বলিরাজা ক্ষমা করবেন না,fear,bn
হারানোর ভয়ে রাজ ঠাকরের মাধ্যমে এই ব্যবসা করা শুরু করেন তিনি।,fear,bn
নিচ থেকে জ্বলে উঠলে সবার কষ্ট হয়,fear,bn
রাম নবমীর দিন মধ্যপ্রদেশের খারগোনে বড় ধরনের সহিংসতার ঘটনা ঘটেছে।,fear,bn
"রাও, এটা একটা বড় বিব্রতকর ব্যাপার। রাও এর মুখোমুখি হতে হবে...",fear,bn
"গ্রাহকদের জন্য বড় ধাক্কা, এই নিয়ম বদল করল ব্যাঙ্ক, এটা পড়লে ঘামতে হবে...",fear,bn
মনে রাখবেন যে এর পিছনে অবশ্যই কিছু ষড়যন্ত্র আছে...ফডনবীস এত তাড়াতাড়ি পিছু হটবেন না।,fear,bn
কোন এক অজানা ভয়ে আপনি হাঁটা শুরু করলেন। এটা অনুভব করুন!,fear,bn
আমি জানি না এটা বাড়িতে আছে কি না...কিন্তু মানুষ অবশ্যই আপনার পরে গুলি চালাবে,fear,bn
নিচ থেকে জ্বলে উঠলে সবার কষ্ট হয়,fear,bn
ভবিষ্যতের দাস আজই তৈরি করতে হবে।,fear,bn
আমি এখনো বলি এটাকে হালকাভাবে নেওয়ার অস্ত্র নয়...!,fear,bn
নাসিক জেলায় পশুদের মধ্যে লুম্পি রোগ ছড়িয়ে পড়ায় গবাদি পশুপালকদের মধ্যে আতঙ্কের পরিবেশ বেড়েছে।,fear,bn
পুনেতে বৃষ্টি হচ্ছে যেন মেঘ ফেটে গেছে!!!,fear,bn
"চিতাবাঘ ভারী পদক্ষেপে এসে হঠাৎ বাড়ি থেকে বেরিয়ে গেল..., আমি দুশ্চিন্তায় কেঁপে উঠলাম...",fear,bn
"রাও, এটা একটা বড় বিব্রতকর ব্যাপার। রাও এর মুখোমুখি হতে হবে...",fear,bn
দেবো কি না ভাই ভয়ে আছি,fear,bn
স্বতন্ত্র প্রার্থী নির্বাচিত হলে কী হবে? কিছুই অবশিষ্ট থাকবে না @,fear,bn
"এটি বিশ্বের সবচেয়ে ভয়ঙ্কর হাইওয়ে, চলন্ত গাড়ি উধাও! জেনে নিন রহস্য",fear,bn
এমএনএস তার গৌরব বিসর্জন দিয়ে আবার সমস্যায় পড়তে পারে; গ্রেফতারের তলোয়ার ঝুলছে,fear,bn
ভবিষ্যতের দাস আজই তৈরি করতে হবে।,fear,bn
এটা তাতার ভয়...,fear,bn
স্বতন্ত্র প্রার্থী নির্বাচিত হলে কী হবে? কিছুই অবশিষ্ট থাকবে না @,fear,bn
"আমাদের এখন পঞ্চায়েত সমিতির দিকে নজর দেওয়া উচিত, নইলে এই কর্মসংস্থানও শেষ হয়ে যাবে।",fear,bn
"রাও, এটা একটা বড় বিব্রতকর ব্যাপার। রাও এর মুখোমুখি হতে হবে...",fear,bn
দেশে এখনো অঘোষিত জরুরি অবস্থা চলছে,fear,bn
"সবার মধ্যেই উদ্যম ও বিশ্বাস ভরপুর, কিন্তু ভেতরেও আছে বেকারত্বের ভয়।",fear,bn
"আমেরিকা, রাশিয়া ও চীন তিন দেশের দানবীয় উচ্চাকাঙ্ক্ষা বিশ্বকে ধ্বংসের দিকে নিয়ে যাবে।",fear,bn
এর মানে ভারতে গণতন্ত্র শেষ হয়ে গেছে এবং এই দেশটি ডুবে যাওয়ার পথে।,fear,bn
"আপনি কি ভয় পাচ্ছেন, আপনি কি চিন্তিত?",fear,bn
"সবার মধ্যেই উদ্যম ও বিশ্বাস ভরপুর, কিন্তু ভেতরেও আছে বেকারত্বের ভয়।",fear,bn
সিএনজির দাম বৃদ্ধির কারণে রিকশা-ট্যাক্সি ভাড়া বৃদ্ধির ধাক্কায় নগরবাসীকে পড়তে হচ্ছে।,fear,bn
"এই গাছটি দেখতে খুবই বিপজ্জনক। মনীষা নগর বাস স্টপ, সহ্যাদ্রি চায়ের বিপরীতে...",fear,bn
এটা কি ভয়ানক শব্দ,fear,bn
ঠাকরে কেন এত ভয় পাচ্ছেন যে আপনি ঘুমের মধ্যেও ঠাকরেকে দেখতে পাচ্ছেন?,fear,bn
"আমাদের এখন পঞ্চায়েত সমিতির দিকে নজর দেওয়া উচিত, নইলে এই কর্মসংস্থানও শেষ হয়ে যাবে।",fear,bn
আপনি যদি ব্যাক ডাউন না করেন তবে বার্তাটি হবে যে আপনি হাল ছেড়ে দিয়েছেন।,fear,bn
পারমাণবিক যুদ্ধের আশঙ্কা দ্রুত বাড়ছে! -উদ্যোক্তা ইলন মাস্ক,fear,bn
: প্লাস্টিকের ভয় বেড়েছে; এখন মায়ের দুধেও মাইক্রোপ্লাস্টিক পাওয়া যায়,fear,bn
সিএনজির দাম বৃদ্ধির কারণে রিকশা-ট্যাক্সি ভাড়া বৃদ্ধির ধাক্কায় নগরবাসীকে পড়তে হচ্ছে।,fear,bn
কেউ আপনার সাথে কিছু করলে আপনি কিভাবে এত তাড়াতাড়ি রেগে যান?,fear,bn
তারা পালিয়ে যাচ্ছে...সাবধান! মানুষ বিষাক্ত হয়.. এই ধরনের কোথা থেকে এলো? পড়া,fear,bn
ভয় হচ্ছে নিরাপদ খেলা খেলতে হবে যাতে পরাজয় পরবর্তী নির্বাচনে প্রভাব না ফেলে...,fear,bn
দেশে এখনো অঘোষিত জরুরি অবস্থা চলছে,fear,bn
"মুরজির পতন নিশ্চিত, ভয়ে পিছু হটে বিজেপি।",fear,bn
আব্বা! স্কুল বাসে এই অজগর কোথা থেকে এল? ভিডিওটি দেখলে যে কেউ শিউরে উঠবেন,fear,bn
শীঘ্রই একটি বড় ভূমিকম্পের জন্য প্রস্তুত থাকুন,fear,bn
এমএনএস তার গৌরব বিসর্জন দিয়ে আবার সমস্যায় পড়তে পারে; গ্রেফতারের তলোয়ার ঝুলছে,fear,bn
আমেরিকা ও চীনের মধ্যে চলমান সংঘর্ষের কারণে তৃতীয় বিশ্বযুদ্ধের আশঙ্কা,fear,bn
আব্বা! স্কুল বাসে এই অজগর কোথা থেকে এল? ভিডিওটি দেখলে যে কেউ শিউরে উঠবেন,fear,bn
আপনি যদি ব্যাক ডাউন না করেন তবে বার্তাটি হবে যে আপনি হাল ছেড়ে দিয়েছেন।,fear,bn
ভয়ঙ্কর! করোনার নতুন রূপ বিশ্বব্যাপী আতঙ্কের কারণ; বিজ্ঞানীদের 'এই' বড় আশঙ্কা প্রকাশ!,fear,bn
এই ভয়ানক.,fear,bn
আমিও তাই ভাবি কিন্তু ঢাল-তলোয়ার দেওয়া হবে বলেই মনে হয় বেশি।,fear,bn
এই দেখুন. আপনার ভোটারের বিরুদ্ধে কিছু হচ্ছে।,fear,bn
তারা ইতিমধ্যে ভয়ে আমাদের অবরুদ্ধ করেছে...,fear,bn
এই বাক্য শোনার পর নিশ্চয়ই ভয় পেয়ে গেছেন নীরজ চোপড়া। এখন তার ক্যারিয়ার হুমকির মুখে পড়বে।,fear,bn
মুম্বাইয়ের কিছু জায়গায় জ্বর (ফ্লু) এবং করোনা সংক্রমণের রোগীর সংখ্যা আবার বেড়েছে।,fear,bn
এতক্ষণ চুপচাপ কেন? রহস্যময়?,fear,bn
কেন এটা ঘটবে? আপনার ভিতরে অবশ্যই কিছু খেলা আছে।,fear,bn
দেবো কি না ভাই ভয়ে আছি,fear,bn
স্বতন্ত্র প্রার্থী নির্বাচিত হলে কী হবে? কিছুই অবশিষ্ট থাকবে না @,fear,bn
এর মানে হল যে ভবিষ্যতে মানব অস্তিত্বের জন্য সবচেয়ে বড় হুমকি সব ধর্ম থেকে আসে।,fear,bn
যুবকদের অনুসরণ করছে একটি দুষ্টচক্র!,fear,bn
যুবকদের অনুসরণ করছে একটি দুষ্টচক্র!,fear,bn
কেন এটা ঘটবে? আপনার ভিতরে অবশ্যই কিছু খেলা আছে।,fear,bn
আমি ভয় পেয়েছিলাম কেন ভিডিও বন্ধ করা হয়েছে,fear,bn
এটা নিশ্চিত যে এর প্রভাব ধীরে ধীরে মাথায় পড়বে।,fear,bn
সিএনজির দাম বৃদ্ধির কারণে রিকশা-ট্যাক্সি ভাড়া বৃদ্ধির ধাক্কায় নগরবাসীকে পড়তে হচ্ছে।,fear,bn
"এই চারটি কারণে অল্প বয়সে ক্যান্সার ছড়াচ্ছে, আপনারও সতর্ক হওয়া উচিত",fear,bn
এর মানে ভারতে গণতন্ত্র শেষ হয়ে গেছে এবং এই দেশটি ডুবে যাওয়ার পথে।,fear,bn
এই লড়াই বেঁচে থাকার লড়াই,fear,bn
যুবকদের অনুসরণ করছে একটি দুষ্টচক্র!,fear,bn
স্বতন্ত্র প্রার্থী নির্বাচিত হলে কী হবে? কিছুই অবশিষ্ট থাকবে না @,fear,bn
শীঘ্রই একটি বড় ভূমিকম্পের জন্য প্রস্তুত থাকুন,fear,bn
সেদিন ওখানে যাওয়ার সাহস আমার ছিল না,fear,bn
তারপরও যদি আমরা না জেগে থাকি তাহলে আল্লাহও আমাদের বাঁচাতে পারবেন না।,fear,bn
"সবার মধ্যেই উদ্যম ও বিশ্বাস ভরপুর, কিন্তু ভেতরেও আছে বেকারত্বের ভয়।",fear,bn
আব্বা! স্কুল বাসে এই অজগর কোথা থেকে এল? ভিডিওটি দেখলে যে কেউ শিউরে উঠবেন,fear,bn
তারপরও যদি আমরা না জেগে থাকি তাহলে আল্লাহও আমাদের বাঁচাতে পারবেন না।,fear,bn
"মহারাষ্ট্রে যাত্রা এসেছিল কিন্তু না, তার আগেই ভেঙ্গে গেছে।",fear,bn
ভয়ঙ্কর! করোনার নতুন রূপ বিশ্বব্যাপী আতঙ্কের কারণ; বিজ্ঞানীদের 'এই' বড় আশঙ্কা প্রকাশ!,fear,bn
এমএনএস তার গৌরব বিসর্জন দিয়ে আবার সমস্যায় পড়তে পারে; গ্রেফতারের তলোয়ার ঝুলছে,fear,bn
"আমাদের এখন পঞ্চায়েত সমিতির দিকে নজর দেওয়া উচিত, নইলে এই কর্মসংস্থানও শেষ হয়ে যাবে।",fear,bn
আমি জানি না এটা বাড়িতে আছে কি না...কিন্তু মানুষ অবশ্যই আপনার পরে গুলি চালাবে,fear,bn
যুবকদের অনুসরণ করছে একটি দুষ্টচক্র!,fear,bn
এই ভয়ানক.,fear,bn
"ব্যবসায়ী, উদ্যোক্তা ও পেশাজীবীরা সাবধান! এটি একটি গুরুতর সতর্কবাণী জিএসটি দপ্তর",fear,bn
মুম্বাইয়ের কিছু জায়গায় জ্বর (ফ্লু) এবং করোনা সংক্রমণের রোগীর সংখ্যা আবার বেড়েছে।,fear,bn
"মনীষা আজ হেরে যাওয়ার মতো কথা বলছে, হয়তো কালকের ঘা নরম করার জন্যই এই প্রস্তুতি।",fear,bn
ভয়ঙ্কর! করোনার নতুন রূপ বিশ্বব্যাপী আতঙ্কের কারণ; বিজ্ঞানীদের 'এই' বড় আশঙ্কা প্রকাশ!,fear,bn
ভয়ঙ্কর! করোনার নতুন রূপ বিশ্বব্যাপী আতঙ্কের কারণ; বিজ্ঞানীদের 'এই' বড় আশঙ্কা প্রকাশ!,fear,bn
অপব্যবহার করা ট্যাক্স অ্যাকাউন্ট স্থগিত করা হয়েছে,fear,bn
এই ভিড় সঙ্গীতশিল্পীদের জন্য ভীতিকর।,fear,bn
"এটি বিশ্বের সবচেয়ে ভয়ঙ্কর হাইওয়ে, চলন্ত গাড়ি উধাও! জেনে নিন রহস্য",fear,bn
ভবিষ্যতের দাস আজই তৈরি করতে হবে।,fear,bn
আভাসের ভয়ানক রাতে এলাম..,fear,bn
এতে অ্যাকশনের ভয়ে অনলি ফ্যানসের প্রতিষ্ঠাতাদের মধ্যে আতঙ্ক ছড়িয়ে পড়েছে।,fear,bn
"মুরজির পতন নিশ্চিত, ভয়ে পিছু হটে বিজেপি।",fear,bn
"মনোযোগ দিন, অন্যথায় বড় সমস্যা আসছে",fear,bn
: প্লাস্টিকের ভয় বেড়েছে; এখন মায়ের দুধেও মাইক্রোপ্লাস্টিক পাওয়া যায়,fear,bn
তারপরও যদি আমরা না জেগে থাকি তাহলে আল্লাহও আমাদের বাঁচাতে পারবেন না।,fear,bn
ঠাকরে কেন এত ভয় পাচ্ছেন যে আপনি ঘুমের মধ্যেও ঠাকরেকে দেখতে পাচ্ছেন?,fear,bn
আমি জানি না এটা বাড়িতে আছে কি না...কিন্তু মানুষ অবশ্যই আপনার পরে গুলি চালাবে,fear,bn
যারা শিবসেনার বিরুদ্ধে খেলা খেলছে তাদের পরিণতি ভোগ করতে হবে।,fear,bn
আমিও তাই ভাবি কিন্তু ঢাল-তলোয়ার দেওয়া হবে বলেই মনে হয় বেশি।,fear,bn
"আমাদের এখন পঞ্চায়েত সমিতির দিকে নজর দেওয়া উচিত, নইলে এই কর্মসংস্থানও শেষ হয়ে যাবে।",fear,bn
"লোকসভা নির্বাচন পর্যন্ত কখনও খুনের ষড়যন্ত্র হবে, কখনও হামলার ষড়যন্ত্র হবে।",fear,bn
তারা পালিয়ে যাচ্ছে...সাবধান! মানুষ বিষাক্ত হয়.. এই ধরনের কোথা থেকে এলো? পড়া,fear,bn
আপনার বস নোটিশ পাওয়ার সাথে সাথে ভয় পেয়ে গেলেন,fear,bn
ঠাকরে কেন এত ভয় পাচ্ছেন যে আপনি ঘুমের মধ্যেও ঠাকরেকে দেখতে পাচ্ছেন?,fear,bn
পৃথিবীর টান বাড়ায় চাঁদ! বিজ্ঞানীরাও চিন্তিত; এটি আপনার উপর কি প্রভাব ফেলবে তা পড়ুন,fear,bn
অভয়ঙ্কর আরও শক্তিশালী,fear,bn
এই ভিড় সঙ্গীতশিল্পীদের জন্য ভীতিকর।,fear,bn
"চিতাবাঘ ভারী পদক্ষেপে এসে হঠাৎ বাড়ি থেকে বেরিয়ে গেল..., আমি দুশ্চিন্তায় কেঁপে উঠলাম...",fear,bn
মহারাষ্ট্রে খরা ঘোষণা করুন নইলে বলিরাজা ক্ষমা করবেন না,fear,bn
পৃথিবীর টান বাড়ায় চাঁদ! বিজ্ঞানীরাও চিন্তিত; এটি আপনার উপর কি প্রভাব ফেলবে তা পড়ুন,fear,bn
অভয়ঙ্কর আরও শক্তিশালী,fear,bn
এটা ভীতিকর..,fear,bn
এটা নিশ্চিত যে এর প্রভাব ধীরে ধীরে মাথায় পড়বে।,fear,bn
"এমন বিপজ্জনক বৃষ্টি কখনও দেখিনি, এক জায়গায়...",fear,bn
উদ্বেগজনক! শুধু মুম্বাই শহর থেকেই এ পর্যন্ত জব্দ করা হয়েছে বহু কিলো মাদক!,fear,bn
এটা কি ভয়ানক শব্দ,fear,bn
এটা কোন সতর্কতা নয় স্যার,fear,bn
এখানে সংকট আড়ালে দাঁড়িয়ে আছে। মুখের অভিব্যক্তি দেখুন।,fear,bn
এটা কি ভয়ানক শব্দ,fear,bn
তারা ইতিমধ্যে ভয়ে আমাদের অবরুদ্ধ করেছে...,fear,bn
যুবকদের অনুসরণ করছে একটি দুষ্টচক্র!,fear,bn
"লোকসভা নির্বাচন পর্যন্ত কখনও খুনের ষড়যন্ত্র হবে, কখনও হামলার ষড়যন্ত্র হবে।",fear,bn
এটা তাতার ভয়...,fear,bn
এতক্ষণ চুপচাপ কেন? রহস্যময়?,fear,bn
আপনি যদি ব্যাক ডাউন না করেন তবে বার্তাটি হবে যে আপনি হাল ছেড়ে দিয়েছেন।,fear,bn
এতক্ষণ চুপচাপ কেন? রহস্যময়?,fear,bn
রাম নবমীর দিন মধ্যপ্রদেশের খারগোনে বড় ধরনের সহিংসতার ঘটনা ঘটেছে।,fear,bn
যুবকদের অনুসরণ করছে একটি দুষ্টচক্র!,fear,bn
আমি ভয় পেয়েছিলাম কেন ভিডিও বন্ধ করা হয়েছে,fear,bn
"গ্রাহকদের জন্য বড় ধাক্কা, এই নিয়ম বদল করল ব্যাঙ্ক, এটা পড়লে ঘামতে হবে...",fear,bn
শীঘ্রই একটি বড় ভূমিকম্পের জন্য প্রস্তুত থাকুন,fear,bn
"মুরজির পতন নিশ্চিত, ভয়ে পিছু হটে বিজেপি।",fear,bn
এই দেখুন. আপনার ভোটারের বিরুদ্ধে কিছু হচ্ছে।,fear,bn
"চিতাবাঘ ভারী পদক্ষেপে এসে হঠাৎ বাড়ি থেকে বেরিয়ে গেল..., আমি দুশ্চিন্তায় কেঁপে উঠলাম...",fear,bn
ঠাকরে কেন এত ভয় পাচ্ছেন যে আপনি ঘুমের মধ্যেও ঠাকরেকে দেখতে পাচ্ছেন?,fear,bn
"এমন বিপজ্জনক বৃষ্টি কখনও দেখিনি, এক জায়গায়...",fear,bn
এটি একই বক্তৃতার চেয়ে দশগুণ বেশি বিপজ্জনক,fear,bn
ভয়ঙ্কর! করোনার নতুন রূপ বিশ্বব্যাপী আতঙ্কের কারণ; বিজ্ঞানীদের 'এই' বড় আশঙ্কা প্রকাশ!,fear,bn
"এটি বিশ্বের সবচেয়ে ভয়ঙ্কর হাইওয়ে, চলন্ত গাড়ি উধাও! জেনে নিন রহস্য",fear,bn
আমাদের জিজ্ঞাসা করবেন না যে বেকারত্বের কতটা ভয় আছে। অসুস্থ থাকার সময়ও বই খুলে পড়তাম।,fear,bn
আমি জানি না এটা বাড়িতে আছে কি না...কিন্তু মানুষ অবশ্যই আপনার পরে গুলি চালাবে,fear,bn
উদ্বেগজনক! শুধু মুম্বাই শহর থেকেই এ পর্যন্ত জব্দ করা হয়েছে বহু কিলো মাদক!,fear,bn
রাম নবমীর দিন মধ্যপ্রদেশের খারগোনে বড় ধরনের সহিংসতার ঘটনা ঘটেছে।,fear,bn
আমি ভয় পেয়েছিলাম কেন ভিডিও বন্ধ করা হয়েছে,fear,bn
এই ভয়ানক.,fear,bn
ভয়ঙ্কর! করোনার নতুন রূপ বিশ্বব্যাপী আতঙ্কের কারণ; বিজ্ঞানীদের 'এই' বড় আশঙ্কা প্রকাশ!,fear,bn
এই লড়াই বেঁচে থাকার লড়াই,fear,bn
হারানোর ভয়ে রাজ ঠাকরের মাধ্যমে এই ব্যবসা করা শুরু করেন তিনি।,fear,bn
আপনি যদি ব্যাক ডাউন না করেন তবে বার্তাটি হবে যে আপনি হাল ছেড়ে দিয়েছেন।,fear,bn
আপনার বস নোটিশ পাওয়ার সাথে সাথে ভয় পেয়ে গেলেন,fear,bn
তিন সাংবাদিকের ওপর ইতিমধ্যেই সন্দেহ রয়েছে।,fear,bn
এতে অ্যাকশনের ভয়ে অনলি ফ্যানসের প্রতিষ্ঠাতাদের মধ্যে আতঙ্ক ছড়িয়ে পড়েছে।,fear,bn
রাণের নাম নিতে ভয় পান?,fear,bn
এটা কি ভয়ানক শব্দ,fear,bn
এখানে সংকট আড়ালে দাঁড়িয়ে আছে। মুখের অভিব্যক্তি দেখুন।,fear,bn
পৃথিবীর টান বাড়ায় চাঁদ! বিজ্ঞানীরাও চিন্তিত; এটি আপনার উপর কি প্রভাব ফেলবে তা পড়ুন,fear,bn
"ব্যবসায়ী, উদ্যোক্তা ও পেশাজীবীরা সাবধান! এটি একটি গুরুতর সতর্কবাণী জিএসটি দপ্তর",fear,bn
এখানে সংকট আড়ালে দাঁড়িয়ে আছে। মুখের অভিব্যক্তি দেখুন।,fear,bn
এটি একই বক্তৃতার চেয়ে দশগুণ বেশি বিপজ্জনক,fear,bn
আমি জানি না এটা বাড়িতে আছে কি না...কিন্তু মানুষ অবশ্যই আপনার পরে গুলি চালাবে,fear,bn
ভবিষ্যতের দাস আজই তৈরি করতে হবে।,fear,bn
দেবো কি না ভাই ভয়ে আছি,fear,bn
"এমন বিপজ্জনক বৃষ্টি কখনও দেখিনি, এক জায়গায়...",fear,bn
নির্বাচনে হেরে যাওয়ার ভয়ে বিজেপি এই কাজ করছে,fear,bn
মহারাষ্ট্রে খরা ঘোষণা করুন নইলে বলিরাজা ক্ষমা করবেন না,fear,bn
এই বাক্য শোনার পর নিশ্চয়ই ভয় পেয়ে গেছেন নীরজ চোপড়া। এখন তার ক্যারিয়ার হুমকির মুখে পড়বে।,fear,bn
এই বাক্য শোনার পর নিশ্চয়ই ভয় পেয়ে গেছেন নীরজ চোপড়া। এখন তার ক্যারিয়ার হুমকির মুখে পড়বে।,fear,bn
"এই চারটি কারণে অল্প বয়সে ক্যান্সার ছড়াচ্ছে, আপনারও সতর্ক হওয়া উচিত",fear,bn
ভয় হচ্ছে নিরাপদ খেলা খেলতে হবে যাতে পরাজয় পরবর্তী নির্বাচনে প্রভাব না ফেলে...,fear,bn
"রাও, এটা একটা বড় বিব্রতকর ব্যাপার। রাও এর মুখোমুখি হতে হবে...",fear,bn
মহারাষ্ট্রে খরা ঘোষণা করুন নইলে বলিরাজা ক্ষমা করবেন না,fear,bn
যারা শিবসেনার বিরুদ্ধে খেলা খেলছে তাদের পরিণতি ভোগ করতে হবে।,fear,bn
রাম নবমীর দিন মধ্যপ্রদেশের খারগোনে বড় ধরনের সহিংসতার ঘটনা ঘটেছে।,fear,bn
সেদিন ওখানে যাওয়ার সাহস আমার ছিল না,fear,bn
দেশে এখনো অঘোষিত জরুরি অবস্থা চলছে,fear,bn
"মনোযোগ দিন, অন্যথায় বড় সমস্যা আসছে",fear,bn
এটা নিশ্চিত যে এর প্রভাব ধীরে ধীরে মাথায় পড়বে।,fear,bn
তারা পালিয়ে যাচ্ছে...সাবধান! মানুষ বিষাক্ত হয়.. এই ধরনের কোথা থেকে এলো? পড়া,fear,bn
"দেখুন, আপনি বিদর্ভ নামতে চলেছেন..",fear,bn
"আমাদের এখন পঞ্চায়েত সমিতির দিকে নজর দেওয়া উচিত, নইলে এই কর্মসংস্থানও শেষ হয়ে যাবে।",fear,bn
এতক্ষণ চুপচাপ কেন? রহস্যময়?,fear,bn
ভবিষ্যতের দাস আজই তৈরি করতে হবে।,fear,bn
হারানোর ভয়ে রাজ ঠাকরের মাধ্যমে এই ব্যবসা করা শুরু করেন তিনি।,fear,bn
দেশে এখনো অঘোষিত জরুরি অবস্থা চলছে,fear,bn
যারা শিবসেনার বিরুদ্ধে খেলা খেলছে তাদের পরিণতি ভোগ করতে হবে।,fear,bn
এমএনএস তার গৌরব বিসর্জন দিয়ে আবার সমস্যায় পড়তে পারে; গ্রেফতারের তলোয়ার ঝুলছে,fear,bn
"আমেরিকা, রাশিয়া ও চীন তিন দেশের দানবীয় উচ্চাকাঙ্ক্ষা বিশ্বকে ধ্বংসের দিকে নিয়ে যাবে।",fear,bn
ভবিষ্যতের দাস আজই তৈরি করতে হবে।,fear,bn
"আমেরিকা, রাশিয়া ও চীন তিন দেশের দানবীয় উচ্চাকাঙ্ক্ষা বিশ্বকে ধ্বংসের দিকে নিয়ে যাবে।",fear,bn
এই ভিড় সঙ্গীতশিল্পীদের জন্য ভীতিকর।,fear,bn
আমি এখনো বলি এটাকে হালকাভাবে নেওয়ার অস্ত্র নয়...!,fear,bn
এখানে সংকট আড়ালে দাঁড়িয়ে আছে। মুখের অভিব্যক্তি দেখুন।,fear,bn
এতে অ্যাকশনের ভয়ে অনলি ফ্যানসের প্রতিষ্ঠাতাদের মধ্যে আতঙ্ক ছড়িয়ে পড়েছে।,fear,bn
কেন এটা ঘটবে? আপনার ভিতরে অবশ্যই কিছু খেলা আছে।,fear,bn
পারমাণবিক যুদ্ধের আশঙ্কা দ্রুত বাড়ছে! -উদ্যোক্তা ইলন মাস্ক,fear,bn
এই লড়াই বেঁচে থাকার লড়াই,fear,bn
ভবিষ্যতের দাস আজই তৈরি করতে হবে।,fear,bn
নাসিক জেলায় পশুদের মধ্যে লুম্পি রোগ ছড়িয়ে পড়ায় গবাদি পশুপালকদের মধ্যে আতঙ্কের পরিবেশ বেড়েছে।,fear,bn
অভয়ঙ্কর আরও শক্তিশালী,fear,bn
এটা ভীতিকর..,fear,bn
এমএনএস তার গৌরব বিসর্জন দিয়ে আবার সমস্যায় পড়তে পারে; গ্রেফতারের তলোয়ার ঝুলছে,fear,bn
এটা কোন সতর্কতা নয় স্যার,fear,bn
আমি ভয় পেয়েছিলাম কেন ভিডিও বন্ধ করা হয়েছে,fear,bn
মনে রাখবেন যে এর পিছনে অবশ্যই কিছু ষড়যন্ত্র আছে...ফডনবীস এত তাড়াতাড়ি পিছু হটবেন না।,fear,bn
রাণের নাম নিতে ভয় পান?,fear,bn
এমএনএস তার গৌরব বিসর্জন দিয়ে আবার সমস্যায় পড়তে পারে; গ্রেফতারের তলোয়ার ঝুলছে,fear,bn
তারা পালিয়ে যাচ্ছে...সাবধান! মানুষ বিষাক্ত হয়.. এই ধরনের কোথা থেকে এলো? পড়া,fear,bn
শীঘ্রই একটি বড় ভূমিকম্পের জন্য প্রস্তুত থাকুন,fear,bn
কেউ আপনার সাথে কিছু করলে আপনি কিভাবে এত তাড়াতাড়ি রেগে যান?,fear,bn
মনে রাখবেন পুনে মেট্রো গরীবদের জন্য অভিশপ্ত মেট্রো হতে চলেছে,fear,bn
এতক্ষণ চুপচাপ কেন? রহস্যময়?,fear,bn
"ব্যবসায়ী, উদ্যোক্তা ও পেশাজীবীরা সাবধান! এটি একটি গুরুতর সতর্কবাণী জিএসটি দপ্তর",fear,bn
আমাদের জিজ্ঞাসা করবেন না যে বেকারত্বের কতটা ভয় আছে। অসুস্থ থাকার সময়ও বই খুলে পড়তাম।,fear,bn
"আমাদের এখন পঞ্চায়েত সমিতির দিকে নজর দেওয়া উচিত, নইলে এই কর্মসংস্থানও শেষ হয়ে যাবে।",fear,bn
এতে অ্যাকশনের ভয়ে অনলি ফ্যানসের প্রতিষ্ঠাতাদের মধ্যে আতঙ্ক ছড়িয়ে পড়েছে।,fear,bn
কেউ আপনার সাথে কিছু করলে আপনি কিভাবে এত তাড়াতাড়ি রেগে যান?,fear,bn
বিগ বি-র 'সেই' জিনিস ভয় পায় কিং খান শাহরুখ!,fear,bn
অভয়ঙ্কর আরও শক্তিশালী,fear,bn
আমিও তাই ভাবি কিন্তু ঢাল-তলোয়ার দেওয়া হবে বলেই মনে হয় বেশি।,fear,bn
এটা কি ভয়ানক শব্দ,fear,bn
পুনেতে বৃষ্টি হচ্ছে যেন মেঘ ফেটে গেছে!!!,fear,bn
মনে রাখবেন পুনে মেট্রো গরীবদের জন্য অভিশপ্ত মেট্রো হতে চলেছে,fear,bn
এটা নিশ্চিত যে এর প্রভাব ধীরে ধীরে মাথায় পড়বে।,fear,bn
সিএনজির দাম বৃদ্ধির কারণে রিকশা-ট্যাক্সি ভাড়া বৃদ্ধির ধাক্কায় নগরবাসীকে পড়তে হচ্ছে।,fear,bn
এতে অ্যাকশনের ভয়ে অনলি ফ্যানসের প্রতিষ্ঠাতাদের মধ্যে আতঙ্ক ছড়িয়ে পড়েছে।,fear,bn
আমি এখনো বলি এটাকে হালকাভাবে নেওয়ার অস্ত্র নয়...!,fear,bn
পৃথিবীর টান বাড়ায় চাঁদ! বিজ্ঞানীরাও চিন্তিত; এটি আপনার উপর কি প্রভাব ফেলবে তা পড়ুন,fear,bn
উদ্বেগজনক! শুধু মুম্বাই শহর থেকেই এ পর্যন্ত জব্দ করা হয়েছে বহু কিলো মাদক!,fear,bn
মনে রাখবেন যে এর পিছনে অবশ্যই কিছু ষড়যন্ত্র আছে...ফডনবীস এত তাড়াতাড়ি পিছু হটবেন না।,fear,bn
নিচ থেকে জ্বলে উঠলে সবার কষ্ট হয়,fear,bn
তারা ইতিমধ্যে ভয়ে আমাদের অবরুদ্ধ করেছে...,fear,bn
কেন এটা ঘটবে? আপনার ভিতরে অবশ্যই কিছু খেলা আছে।,fear,bn
যারা শিবসেনার বিরুদ্ধে খেলা খেলছে তাদের পরিণতি ভোগ করতে হবে।,fear,bn
"ব্যবসায়ী, উদ্যোক্তা ও পেশাজীবীরা সাবধান! এটি একটি গুরুতর সতর্কবাণী জিএসটি দপ্তর",fear,bn
তারা পালিয়ে যাচ্ছে...সাবধান! মানুষ বিষাক্ত হয়.. এই ধরনের কোথা থেকে এলো? পড়া,fear,bn
অপব্যবহার করা ট্যাক্স অ্যাকাউন্ট স্থগিত করা হয়েছে,fear,bn
"মনোযোগ দিন, অন্যথায় বড় সমস্যা আসছে",fear,bn
এটা কোন সতর্কতা নয় স্যার,fear,bn
এখানে সংকট আড়ালে দাঁড়িয়ে আছে। মুখের অভিব্যক্তি দেখুন।,fear,bn
এতক্ষণ চুপচাপ কেন? রহস্যময়?,fear,bn
এটি একই বক্তৃতার চেয়ে দশগুণ বেশি বিপজ্জনক,fear,bn
দেশে এখনো অঘোষিত জরুরি অবস্থা চলছে,fear,bn
"ব্যবসায়ী, উদ্যোক্তা ও পেশাজীবীরা সাবধান! এটি একটি গুরুতর সতর্কবাণী জিএসটি দপ্তর",fear,bn
আপনার বস নোটিশ পাওয়ার সাথে সাথে ভয় পেয়ে গেলেন,fear,bn
এমএনএস তার গৌরব বিসর্জন দিয়ে আবার সমস্যায় পড়তে পারে; গ্রেফতারের তলোয়ার ঝুলছে,fear,bn
আমি এখনো বলি এটাকে হালকাভাবে নেওয়ার অস্ত্র নয়...!,fear,bn
এমএনএস তার গৌরব বিসর্জন দিয়ে আবার সমস্যায় পড়তে পারে; গ্রেফতারের তলোয়ার ঝুলছে,fear,bn
ভয়ঙ্কর! করোনার নতুন রূপ বিশ্বব্যাপী আতঙ্কের কারণ; বিজ্ঞানীদের 'এই' বড় আশঙ্কা প্রকাশ!,fear,bn
এতক্ষণ চুপচাপ কেন? রহস্যময়?,fear,bn
কেউ আপনার সাথে কিছু করলে আপনি কিভাবে এত তাড়াতাড়ি রেগে যান?,fear,bn
"সাবধান, করোনা। অনাক্রম্যতা সরাসরি আক্রমণের অধীনে, লক্ষণগুলি বিপজ্জনক",fear,bn
নিচ থেকে জ্বলে উঠলে সবার কষ্ট হয়,fear,bn
অভয়ঙ্কর আরও শক্তিশালী,fear,bn
শীঘ্রই একটি বড় ভূমিকম্পের জন্য প্রস্তুত থাকুন,fear,bn
এটা কোন সতর্কতা নয় স্যার,fear,bn
এই দেখুন. আপনার ভোটারের বিরুদ্ধে কিছু হচ্ছে।,fear,bn
এই ভয়ানক.,fear,bn
মুম্বাইয়ের কিছু জায়গায় জ্বর (ফ্লু) এবং করোনা সংক্রমণের রোগীর সংখ্যা আবার বেড়েছে।,fear,bn
"এমন বিপজ্জনক বৃষ্টি কখনও দেখিনি, এক জায়গায়...",fear,bn
নাসিক জেলায় পশুদের মধ্যে লুম্পি রোগ ছড়িয়ে পড়ায় গবাদি পশুপালকদের মধ্যে আতঙ্কের পরিবেশ বেড়েছে।,fear,bn
এর মানে ভারতে গণতন্ত্র শেষ হয়ে গেছে এবং এই দেশটি ডুবে যাওয়ার পথে।,fear,bn
এই লড়াই বেঁচে থাকার লড়াই,fear,bn
"এই গাছটি দেখতে খুবই বিপজ্জনক। মনীষা নগর বাস স্টপ, সহ্যাদ্রি চায়ের বিপরীতে...",fear,bn
আমি ভয় পেয়েছিলাম কেন ভিডিও বন্ধ করা হয়েছে,fear,bn
"রাও, এটা একটা বড় বিব্রতকর ব্যাপার। রাও এর মুখোমুখি হতে হবে...",fear,bn
যুবকদের অনুসরণ করছে একটি দুষ্টচক্র!,fear,bn
"এটি বিশ্বের সবচেয়ে ভয়ঙ্কর হাইওয়ে, চলন্ত গাড়ি উধাও! জেনে নিন রহস্য",fear,bn
যারা শিবসেনার বিরুদ্ধে খেলা খেলছে তাদের পরিণতি ভোগ করতে হবে।,fear,bn
"গ্রাহকদের জন্য বড় ধাক্কা, এই নিয়ম বদল করল ব্যাঙ্ক, এটা পড়লে ঘামতে হবে...",fear,bn
হারানোর ভয়ে রাজ ঠাকরের মাধ্যমে এই ব্যবসা করা শুরু করেন তিনি।,fear,bn
নির্বাচনে হেরে যাওয়ার ভয়ে বিজেপি এই কাজ করছে,fear,bn
ঠাকরে কেন এত ভয় পাচ্ছেন যে আপনি ঘুমের মধ্যেও ঠাকরেকে দেখতে পাচ্ছেন?,fear,bn
এই বাক্য শোনার পর নিশ্চয়ই ভয় পেয়ে গেছেন নীরজ চোপড়া। এখন তার ক্যারিয়ার হুমকির মুখে পড়বে।,fear,bn
"আমাদের এখন পঞ্চায়েত সমিতির দিকে নজর দেওয়া উচিত, নইলে এই কর্মসংস্থানও শেষ হয়ে যাবে।",fear,bn
"আমাদের এখন পঞ্চায়েত সমিতির দিকে নজর দেওয়া উচিত, নইলে এই কর্মসংস্থানও শেষ হয়ে যাবে।",fear,bn
শীঘ্রই একটি বড় ভূমিকম্পের জন্য প্রস্তুত থাকুন,fear,bn
পৃথিবীর টান বাড়ায় চাঁদ! বিজ্ঞানীরাও চিন্তিত; এটি আপনার উপর কি প্রভাব ফেলবে তা পড়ুন,fear,bn
আপনি যদি ব্যাক ডাউন না করেন তবে বার্তাটি হবে যে আপনি হাল ছেড়ে দিয়েছেন।,fear,bn
আমিও তাই ভাবি কিন্তু ঢাল-তলোয়ার দেওয়া হবে বলেই মনে হয় বেশি।,fear,bn
মুম্বাইয়ের কিছু জায়গায় জ্বর (ফ্লু) এবং করোনা সংক্রমণের রোগীর সংখ্যা আবার বেড়েছে।,fear,bn
এটা ভীতিকর..,fear,bn
এই দেখুন. আপনার ভোটারের বিরুদ্ধে কিছু হচ্ছে।,fear,bn
মনে রাখবেন যে এর পিছনে অবশ্যই কিছু ষড়যন্ত্র আছে...ফডনবীস এত তাড়াতাড়ি পিছু হটবেন না।,fear,bn
পৃথিবীর টান বাড়ায় চাঁদ! বিজ্ঞানীরাও চিন্তিত; এটি আপনার উপর কি প্রভাব ফেলবে তা পড়ুন,fear,bn
আমিও তাই ভাবি কিন্তু ঢাল-তলোয়ার দেওয়া হবে বলেই মনে হয় বেশি।,fear,bn
আপনি যদি ব্যাক ডাউন না করেন তবে বার্তাটি হবে যে আপনি হাল ছেড়ে দিয়েছেন।,fear,bn
"এটি বিশ্বের সবচেয়ে ভয়ঙ্কর হাইওয়ে, চলন্ত গাড়ি উধাও! জেনে নিন রহস্য",fear,bn
রাণের নাম নিতে ভয় পান?,fear,bn
কেন প্রার্থিতা প্রত্যাহার করলেন?,fear,bn
ভবিষ্যতের দাস আজই তৈরি করতে হবে।,fear,bn
রাণের নাম নিতে ভয় পান?,fear,bn
তারা পালিয়ে যাচ্ছে...সাবধান! মানুষ বিষাক্ত হয়.. এই ধরনের কোথা থেকে এলো? পড়া,fear,bn
কোন এক অজানা ভয়ে আপনি হাঁটা শুরু করলেন। এটা অনুভব করুন!,fear,bn
তারা ইতিমধ্যে ভয়ে আমাদের অবরুদ্ধ করেছে...,fear,bn
রাণের নাম নিতে ভয় পান?,fear,bn
এই বাক্য শোনার পর নিশ্চয়ই ভয় পেয়ে গেছেন নীরজ চোপড়া। এখন তার ক্যারিয়ার হুমকির মুখে পড়বে।,fear,bn
"চিতাবাঘ ভারী পদক্ষেপে এসে হঠাৎ বাড়ি থেকে বেরিয়ে গেল..., আমি দুশ্চিন্তায় কেঁপে উঠলাম...",fear,bn
পৃথিবীর টান বাড়ায় চাঁদ! বিজ্ঞানীরাও চিন্তিত; এটি আপনার উপর কি প্রভাব ফেলবে তা পড়ুন,fear,bn
এটা কি ভয়ানক শব্দ,fear,bn
"এই চারটি কারণে অল্প বয়সে ক্যান্সার ছড়াচ্ছে, আপনারও সতর্ক হওয়া উচিত",fear,bn
আমেরিকা ও চীনের মধ্যে চলমান সংঘর্ষের কারণে তৃতীয় বিশ্বযুদ্ধের আশঙ্কা,fear,bn
"লোকসভা নির্বাচন পর্যন্ত কখনও খুনের ষড়যন্ত্র হবে, কখনও হামলার ষড়যন্ত্র হবে।",fear,bn
অভয়ঙ্কর আরও শক্তিশালী,fear,bn
আপনি যদি ব্যাক ডাউন না করেন তবে বার্তাটি হবে যে আপনি হাল ছেড়ে দিয়েছেন।,fear,bn
তারপরও যদি আমরা না জেগে থাকি তাহলে আল্লাহও আমাদের বাঁচাতে পারবেন না।,fear,bn
করোনার ভবিষ্যদ্বাণী সত্যি হওয়ার পর ভয়ঙ্কর ভবিষ্যদ্বাণী করলেন মহন্ত,fear,bn
স্বতন্ত্র প্রার্থী নির্বাচিত হলে কী হবে? কিছুই অবশিষ্ট থাকবে না @,fear,bn
তিন সাংবাদিকের ওপর ইতিমধ্যেই সন্দেহ রয়েছে।,fear,bn
এর মানে হল যে ভবিষ্যতে মানব অস্তিত্বের জন্য সবচেয়ে বড় হুমকি সব ধর্ম থেকে আসে।,fear,bn
কেউ আপনার সাথে কিছু করলে আপনি কিভাবে এত তাড়াতাড়ি রেগে যান?,fear,bn
আমাদের জিজ্ঞাসা করবেন না যে বেকারত্বের কতটা ভয় আছে। অসুস্থ থাকার সময়ও বই খুলে পড়তাম।,fear,bn
"মুরজির পতন নিশ্চিত, ভয়ে পিছু হটে বিজেপি।",fear,bn
আমি জানি না এটা বাড়িতে আছে কি না...কিন্তু মানুষ অবশ্যই আপনার পরে গুলি চালাবে,fear,bn
তিন সাংবাদিকের ওপর ইতিমধ্যেই সন্দেহ রয়েছে।,fear,bn
এতক্ষণ চুপচাপ কেন? রহস্যময়?,fear,bn
আমাদের জিজ্ঞাসা করবেন না যে বেকারত্বের কতটা ভয় আছে। অসুস্থ থাকার সময়ও বই খুলে পড়তাম।,fear,bn
আপনার বস নোটিশ পাওয়ার সাথে সাথে ভয় পেয়ে গেলেন,fear,bn
আমি ভয় পেয়েছিলাম কেন ভিডিও বন্ধ করা হয়েছে,fear,bn
"লোকসভা নির্বাচন পর্যন্ত কখনও খুনের ষড়যন্ত্র হবে, কখনও হামলার ষড়যন্ত্র হবে।",fear,bn
নিচ থেকে জ্বলে উঠলে সবার কষ্ট হয়,fear,bn
সেদিন ওখানে যাওয়ার সাহস আমার ছিল না,fear,bn
"এই চারটি কারণে অল্প বয়সে ক্যান্সার ছড়াচ্ছে, আপনারও সতর্ক হওয়া উচিত",fear,bn
দেশে এখনো অঘোষিত জরুরি অবস্থা চলছে,fear,bn
উদ্বেগজনক! শুধু মুম্বাই শহর থেকেই এ পর্যন্ত জব্দ করা হয়েছে বহু কিলো মাদক!,fear,bn
আরএসএস কর্মকর্তার বাড়িতে পেট্রোল বোমা ছোড়া,fear,bn
কেউ আপনার সাথে কিছু করলে আপনি কিভাবে এত তাড়াতাড়ি রেগে যান?,fear,bn
কেন এটা ঘটবে? আপনার ভিতরে অবশ্যই কিছু খেলা আছে।,fear,bn
এটা নিশ্চিত যে এর প্রভাব ধীরে ধীরে মাথায় পড়বে।,fear,bn
তিন সাংবাদিকের ওপর ইতিমধ্যেই সন্দেহ রয়েছে।,fear,bn
পারমাণবিক যুদ্ধের আশঙ্কা দ্রুত বাড়ছে! -উদ্যোক্তা ইলন মাস্ক,fear,bn
নিচ থেকে জ্বলে উঠলে সবার কষ্ট হয়,fear,bn
"লোকসভা নির্বাচন পর্যন্ত কখনও খুনের ষড়যন্ত্র হবে, কখনও হামলার ষড়যন্ত্র হবে।",fear,bn
যুবকদের অনুসরণ করছে একটি দুষ্টচক্র!,fear,bn
"মনীষা আজ হেরে যাওয়ার মতো কথা বলছে, হয়তো কালকের ঘা নরম করার জন্যই এই প্রস্তুতি।",fear,bn
"জানালা দিয়ে উঁকি দিয়ে একটু সাবধান হয়ে গেল সে, মনের দরজায় ঝড় গর্জন করছে।",fear,bn
এটা তাতার ভয়...,fear,bn
এটা নিশ্চিত যে এর প্রভাব ধীরে ধীরে মাথায় পড়বে।,fear,bn
এটা ভীতিকর..,fear,bn
কেন এটা ঘটবে? আপনার ভিতরে অবশ্যই কিছু খেলা আছে।,fear,bn
অভয়ঙ্কর আরও শক্তিশালী,fear,bn
দেবো কি না ভাই ভয়ে আছি,fear,bn
শীঘ্রই একটি বড় ভূমিকম্পের জন্য প্রস্তুত থাকুন,fear,bn
এই ভিড় সঙ্গীতশিল্পীদের জন্য ভীতিকর।,fear,bn
আমি এখনো বলি এটাকে হালকাভাবে নেওয়ার অস্ত্র নয়...!,fear,bn
"সাবধান, করোনা। অনাক্রম্যতা সরাসরি আক্রমণের অধীনে, লক্ষণগুলি বিপজ্জনক",fear,bn
অপব্যবহার করা ট্যাক্স অ্যাকাউন্ট স্থগিত করা হয়েছে,fear,bn
"মহারাষ্ট্রে যাত্রা এসেছিল কিন্তু না, তার আগেই ভেঙ্গে গেছে।",fear,bn
এখানে সংকট আড়ালে দাঁড়িয়ে আছে। মুখের অভিব্যক্তি দেখুন।,fear,bn
"লোকসভা নির্বাচন পর্যন্ত কখনও খুনের ষড়যন্ত্র হবে, কখনও হামলার ষড়যন্ত্র হবে।",fear,bn
"এমন বিপজ্জনক বৃষ্টি কখনও দেখিনি, এক জায়গায়...",fear,bn
করোনার ভবিষ্যদ্বাণী সত্যি হওয়ার পর ভয়ঙ্কর ভবিষ্যদ্বাণী করলেন মহন্ত,fear,bn
আমি ভয় পেয়েছিলাম কেন ভিডিও বন্ধ করা হয়েছে,fear,bn
ভারতের জন্য আসল হুমকি তাদের কাছ থেকে এসেছে যারা বলে বর্ণবাদ অপরাধ নয়।,fear,bn
রাণের নাম নিতে ভয় পান?,fear,bn
কেন এটা ঘটবে? আপনার ভিতরে অবশ্যই কিছু খেলা আছে।,fear,bn
তিন সাংবাদিকের ওপর ইতিমধ্যেই সন্দেহ রয়েছে।,fear,bn
আব্বা! স্কুল বাসে এই অজগর কোথা থেকে এল? ভিডিওটি দেখলে যে কেউ শিউরে উঠবেন,fear,bn
তিন সাংবাদিকের ওপর ইতিমধ্যেই সন্দেহ রয়েছে।,fear,bn
নির্বাচনে হেরে যাওয়ার ভয়ে বিজেপি এই কাজ করছে,fear,bn
"মুরজির পতন নিশ্চিত, ভয়ে পিছু হটে বিজেপি।",fear,bn
আরএসএস কর্মকর্তার বাড়িতে পেট্রোল বোমা ছোড়া,fear,bn
নিচ থেকে জ্বলে উঠলে সবার কষ্ট হয়,fear,bn
দেবো কি না ভাই ভয়ে আছি,fear,bn
নির্বাচনে হেরে যাওয়ার ভয়ে বিজেপি এই কাজ করছে,fear,bn
এই দেখুন. আপনার ভোটারের বিরুদ্ধে কিছু হচ্ছে।,fear,bn
মুম্বাইয়ের কিছু জায়গায় জ্বর (ফ্লু) এবং করোনা সংক্রমণের রোগীর সংখ্যা আবার বেড়েছে।,fear,bn
ঠাকরে কেন এত ভয় পাচ্ছেন যে আপনি ঘুমের মধ্যেও ঠাকরেকে দেখতে পাচ্ছেন?,fear,bn
"মনোযোগ দিন, অন্যথায় বড় সমস্যা আসছে",fear,bn
এতে অ্যাকশনের ভয়ে অনলি ফ্যানসের প্রতিষ্ঠাতাদের মধ্যে আতঙ্ক ছড়িয়ে পড়েছে।,fear,bn
তারা ইতিমধ্যে ভয়ে আমাদের অবরুদ্ধ করেছে...,fear,bn
আভাসের ভয়ানক রাতে এলাম..,fear,bn
"রাও, এটা একটা বড় বিব্রতকর ব্যাপার। রাও এর মুখোমুখি হতে হবে...",fear,bn
আমিও তাই ভাবি কিন্তু ঢাল-তলোয়ার দেওয়া হবে বলেই মনে হয় বেশি।,fear,bn
সিএনজির দাম বৃদ্ধির কারণে রিকশা-ট্যাক্সি ভাড়া বৃদ্ধির ধাক্কায় নগরবাসীকে পড়তে হচ্ছে।,fear,bn
নিচ থেকে জ্বলে উঠলে সবার কষ্ট হয়,fear,bn
"মনীষা আজ হেরে যাওয়ার মতো কথা বলছে, হয়তো কালকের ঘা নরম করার জন্যই এই প্রস্তুতি।",fear,bn
"চিতাবাঘ ভারী পদক্ষেপে এসে হঠাৎ বাড়ি থেকে বেরিয়ে গেল..., আমি দুশ্চিন্তায় কেঁপে উঠলাম...",fear,bn
ভয় হচ্ছে নিরাপদ খেলা খেলতে হবে যাতে পরাজয় পরবর্তী নির্বাচনে প্রভাব না ফেলে...,fear,bn
"জানালা দিয়ে উঁকি দিয়ে একটু সাবধান হয়ে গেল সে, মনের দরজায় ঝড় গর্জন করছে।",fear,bn
ভবিষ্যতের দাস আজই তৈরি করতে হবে।,fear,bn
যারা শিবসেনার বিরুদ্ধে খেলা খেলছে তাদের পরিণতি ভোগ করতে হবে।,fear,bn
রাণের নাম নিতে ভয় পান?,fear,bn
এটা নিশ্চিত যে এর প্রভাব ধীরে ধীরে মাথায় পড়বে।,fear,bn
এটি একই বক্তৃতার চেয়ে দশগুণ বেশি বিপজ্জনক,fear,bn
এই দেখুন. আপনার ভোটারের বিরুদ্ধে কিছু হচ্ছে।,fear,bn
শীঘ্রই একটি বড় ভূমিকম্পের জন্য প্রস্তুত থাকুন,fear,bn
আমিও তাই ভাবি কিন্তু ঢাল-তলোয়ার দেওয়া হবে বলেই মনে হয় বেশি।,fear,bn
আমিও তাই ভাবি কিন্তু ঢাল-তলোয়ার দেওয়া হবে বলেই মনে হয় বেশি।,fear,bn
কোন এক অজানা ভয়ে আপনি হাঁটা শুরু করলেন। এটা অনুভব করুন!,fear,bn
পৃথিবীর টান বাড়ায় চাঁদ! বিজ্ঞানীরাও চিন্তিত; এটি আপনার উপর কি প্রভাব ফেলবে তা পড়ুন,fear,bn
রাম নবমীর দিন মধ্যপ্রদেশের খারগোনে বড় ধরনের সহিংসতার ঘটনা ঘটেছে।,fear,bn
নিচ থেকে জ্বলে উঠলে সবার কষ্ট হয়,fear,bn
আরএসএস কর্মকর্তার বাড়িতে পেট্রোল বোমা ছোড়া,fear,bn
এটি একই বক্তৃতার চেয়ে দশগুণ বেশি বিপজ্জনক,fear,bn
মুম্বাইয়ের কিছু জায়গায় জ্বর (ফ্লু) এবং করোনা সংক্রমণের রোগীর সংখ্যা আবার বেড়েছে।,fear,bn
বিগ বি-র 'সেই' জিনিস ভয় পায় কিং খান শাহরুখ!,fear,bn
উদ্বেগজনক! শুধু মুম্বাই শহর থেকেই এ পর্যন্ত জব্দ করা হয়েছে বহু কিলো মাদক!,fear,bn
"গ্রাহকদের জন্য বড় ধাক্কা, এই নিয়ম বদল করল ব্যাঙ্ক, এটা পড়লে ঘামতে হবে...",fear,bn
সেদিন ওখানে যাওয়ার সাহস আমার ছিল না,fear,bn
এতক্ষণ চুপচাপ কেন? রহস্যময়?,fear,bn
সেদিন ওখানে যাওয়ার সাহস আমার ছিল না,fear,bn
: প্লাস্টিকের ভয় বেড়েছে; এখন মায়ের দুধেও মাইক্রোপ্লাস্টিক পাওয়া যায়,fear,bn
সেদিন ওখানে যাওয়ার সাহস আমার ছিল না,fear,bn
পুনেতে বৃষ্টি হচ্ছে যেন মেঘ ফেটে গেছে!!!,fear,bn
"আমি কখনই জিজ্ঞাসা করি না, কারণ... আমি 'উত্তর' ভয় পাই।",fear,bn
ভয়ঙ্কর! করোনার নতুন রূপ বিশ্বব্যাপী আতঙ্কের কারণ; বিজ্ঞানীদের 'এই' বড় আশঙ্কা প্রকাশ!,fear,bn
"সাবধান, করোনা। অনাক্রম্যতা সরাসরি আক্রমণের অধীনে, লক্ষণগুলি বিপজ্জনক",fear,bn
"ব্যবসায়ী, উদ্যোক্তা ও পেশাজীবীরা সাবধান! এটি একটি গুরুতর সতর্কবাণী জিএসটি দপ্তর",fear,bn
"রাও, এটা একটা বড় বিব্রতকর ব্যাপার। রাও এর মুখোমুখি হতে হবে...",fear,bn
এর মানে ভারতে গণতন্ত্র শেষ হয়ে গেছে এবং এই দেশটি ডুবে যাওয়ার পথে।,fear,bn
"মুরজির পতন নিশ্চিত, ভয়ে পিছু হটে বিজেপি।",fear,bn
কোন এক অজানা ভয়ে আপনি হাঁটা শুরু করলেন। এটা অনুভব করুন!,fear,bn
"দেখুন, আপনি বিদর্ভ নামতে চলেছেন..",fear,bn
"আমি কখনই জিজ্ঞাসা করি না, কারণ... আমি 'উত্তর' ভয় পাই।",fear,bn
পৃথিবীর টান বাড়ায় চাঁদ! বিজ্ঞানীরাও চিন্তিত; এটি আপনার উপর কি প্রভাব ফেলবে তা পড়ুন,fear,bn
কেন এটা ঘটবে? আপনার ভিতরে অবশ্যই কিছু খেলা আছে।,fear,bn
রাণের নাম নিতে ভয় পান?,fear,bn
উদ্বেগজনক! শুধু মুম্বাই শহর থেকেই এ পর্যন্ত জব্দ করা হয়েছে বহু কিলো মাদক!,fear,bn
আমিও তাই ভাবি কিন্তু ঢাল-তলোয়ার দেওয়া হবে বলেই মনে হয় বেশি।,fear,bn
এটা নিশ্চিত যে এর প্রভাব ধীরে ধীরে মাথায় পড়বে।,fear,bn
কেউ আপনার সাথে কিছু করলে আপনি কিভাবে এত তাড়াতাড়ি রেগে যান?,fear,bn
"এটি বিশ্বের সবচেয়ে ভয়ঙ্কর হাইওয়ে, চলন্ত গাড়ি উধাও! জেনে নিন রহস্য",fear,bn
এই ভয়ানক.,fear,bn
শীঘ্রই একটি বড় ভূমিকম্পের জন্য প্রস্তুত থাকুন,fear,bn
করোনার ভবিষ্যদ্বাণী সত্যি হওয়ার পর ভয়ঙ্কর ভবিষ্যদ্বাণী করলেন মহন্ত,fear,bn
আমি জানি না এটা বাড়িতে আছে কি না...কিন্তু মানুষ অবশ্যই আপনার পরে গুলি চালাবে,fear,bn
নিচ থেকে জ্বলে উঠলে সবার কষ্ট হয়,fear,bn
তিন সাংবাদিকের ওপর ইতিমধ্যেই সন্দেহ রয়েছে।,fear,bn
আপনার বস নোটিশ পাওয়ার সাথে সাথে ভয় পেয়ে গেলেন,fear,bn
সিএনজির দাম বৃদ্ধির কারণে রিকশা-ট্যাক্সি ভাড়া বৃদ্ধির ধাক্কায় নগরবাসীকে পড়তে হচ্ছে।,fear,bn
এটা কোন সতর্কতা নয় স্যার,fear,bn
"এই গাছটি দেখতে খুবই বিপজ্জনক। মনীষা নগর বাস স্টপ, সহ্যাদ্রি চায়ের বিপরীতে...",fear,bn
এতে অ্যাকশনের ভয়ে অনলি ফ্যানসের প্রতিষ্ঠাতাদের মধ্যে আতঙ্ক ছড়িয়ে পড়েছে।,fear,bn
করোনার ভবিষ্যদ্বাণী সত্যি হওয়ার পর ভয়ঙ্কর ভবিষ্যদ্বাণী করলেন মহন্ত,fear,bn
"আপনি কি ভয় পাচ্ছেন, আপনি কি চিন্তিত?",fear,bn
অভয়ঙ্কর আরও শক্তিশালী,fear,bn
ভয়ঙ্কর! করোনার নতুন রূপ বিশ্বব্যাপী আতঙ্কের কারণ; বিজ্ঞানীদের 'এই' বড় আশঙ্কা প্রকাশ!,fear,bn
পৃথিবীর টান বাড়ায় চাঁদ! বিজ্ঞানীরাও চিন্তিত; এটি আপনার উপর কি প্রভাব ফেলবে তা পড়ুন,fear,bn
আরএসএস কর্মকর্তার বাড়িতে পেট্রোল বোমা ছোড়া,fear,bn
আভাসের ভয়ানক রাতে এলাম..,fear,bn
আপনি যদি ব্যাক ডাউন না করেন তবে বার্তাটি হবে যে আপনি হাল ছেড়ে দিয়েছেন।,fear,bn
পৃথিবীর টান বাড়ায় চাঁদ! বিজ্ঞানীরাও চিন্তিত; এটি আপনার উপর কি প্রভাব ফেলবে তা পড়ুন,fear,bn
আপনি যদি ব্যাক ডাউন না করেন তবে বার্তাটি হবে যে আপনি হাল ছেড়ে দিয়েছেন।,fear,bn
"মনীষা আজ হেরে যাওয়ার মতো কথা বলছে, হয়তো কালকের ঘা নরম করার জন্যই এই প্রস্তুতি।",fear,bn
"মুরজির পতন নিশ্চিত, ভয়ে পিছু হটে বিজেপি।",fear,bn
নিচ থেকে জ্বলে উঠলে সবার কষ্ট হয়,fear,bn
দেশে এখনো অঘোষিত জরুরি অবস্থা চলছে,fear,bn
এটা তাতার ভয়...,fear,bn
এটা তাতার ভয়...,fear,bn
"এমন বিপজ্জনক বৃষ্টি কখনও দেখিনি, এক জায়গায়...",fear,bn
"আপনি কি ভয় পাচ্ছেন, আপনি কি চিন্তিত?",fear,bn
আব্বা! স্কুল বাসে এই অজগর কোথা থেকে এল? ভিডিওটি দেখলে যে কেউ শিউরে উঠবেন,fear,bn
এতক্ষণ চুপচাপ কেন? রহস্যময়?,fear,bn
"সাবধান, করোনা। অনাক্রম্যতা সরাসরি আক্রমণের অধীনে, লক্ষণগুলি বিপজ্জনক",fear,bn
: প্লাস্টিকের ভয় বেড়েছে; এখন মায়ের দুধেও মাইক্রোপ্লাস্টিক পাওয়া যায়,fear,bn
পুনেতে বৃষ্টি হচ্ছে যেন মেঘ ফেটে গেছে!!!,fear,bn
এই ভয়ানক.,fear,bn
দেবো কি না ভাই ভয়ে আছি,fear,bn
তিন সাংবাদিকের ওপর ইতিমধ্যেই সন্দেহ রয়েছে।,fear,bn
এই ভিড় সঙ্গীতশিল্পীদের জন্য ভীতিকর।,fear,bn
এতক্ষণ চুপচাপ কেন? রহস্যময়?,fear,bn
"আমাদের এখন পঞ্চায়েত সমিতির দিকে নজর দেওয়া উচিত, নইলে এই কর্মসংস্থানও শেষ হয়ে যাবে।",fear,bn
অপব্যবহার করা ট্যাক্স অ্যাকাউন্ট স্থগিত করা হয়েছে,fear,bn
বিগ বি-র 'সেই' জিনিস ভয় পায় কিং খান শাহরুখ!,fear,bn
"এই গাছটি দেখতে খুবই বিপজ্জনক। মনীষা নগর বাস স্টপ, সহ্যাদ্রি চায়ের বিপরীতে...",fear,bn
আপনি যদি ব্যাক ডাউন না করেন তবে বার্তাটি হবে যে আপনি হাল ছেড়ে দিয়েছেন।,fear,bn
তারা পালিয়ে যাচ্ছে...সাবধান! মানুষ বিষাক্ত হয়.. এই ধরনের কোথা থেকে এলো? পড়া,fear,bn
মনে রাখবেন যে এর পিছনে অবশ্যই কিছু ষড়যন্ত্র আছে...ফডনবীস এত তাড়াতাড়ি পিছু হটবেন না।,fear,bn
ঠাকরে কেন এত ভয় পাচ্ছেন যে আপনি ঘুমের মধ্যেও ঠাকরেকে দেখতে পাচ্ছেন?,fear,bn
"আমি কখনই জিজ্ঞাসা করি না, কারণ... আমি 'উত্তর' ভয় পাই।",fear,bn
"মহারাষ্ট্রে যাত্রা এসেছিল কিন্তু না, তার আগেই ভেঙ্গে গেছে।",fear,bn
এটা নিশ্চিত যে এর প্রভাব ধীরে ধীরে মাথায় পড়বে।,fear,bn
সেদিন ওখানে যাওয়ার সাহস আমার ছিল না,fear,bn
করোনার ভবিষ্যদ্বাণী সত্যি হওয়ার পর ভয়ঙ্কর ভবিষ্যদ্বাণী করলেন মহন্ত,fear,bn
তারা পালিয়ে যাচ্ছে...সাবধান! মানুষ বিষাক্ত হয়.. এই ধরনের কোথা থেকে এলো? পড়া,fear,bn
আপনি যদি ব্যাক ডাউন না করেন তবে বার্তাটি হবে যে আপনি হাল ছেড়ে দিয়েছেন।,fear,bn
এই লড়াই বেঁচে থাকার লড়াই,fear,bn
আমাদের জিজ্ঞাসা করবেন না যে বেকারত্বের কতটা ভয় আছে। অসুস্থ থাকার সময়ও বই খুলে পড়তাম।,fear,bn
এটা কোন সতর্কতা নয় স্যার,fear,bn
তারা ইতিমধ্যে ভয়ে আমাদের অবরুদ্ধ করেছে...,fear,bn
কেন এটা ঘটবে? আপনার ভিতরে অবশ্যই কিছু খেলা আছে।,fear,bn
পুনেতে বৃষ্টি হচ্ছে যেন মেঘ ফেটে গেছে!!!,fear,bn
পৃথিবীর টান বাড়ায় চাঁদ! বিজ্ঞানীরাও চিন্তিত; এটি আপনার উপর কি প্রভাব ফেলবে তা পড়ুন,fear,bn
এটা কোন সতর্কতা নয় স্যার,fear,bn
আমি জানি না এটা বাড়িতে আছে কি না...কিন্তু মানুষ অবশ্যই আপনার পরে গুলি চালাবে,fear,bn
মহারাষ্ট্রে খরা ঘোষণা করুন নইলে বলিরাজা ক্ষমা করবেন না,fear,bn
এই লড়াই বেঁচে থাকার লড়াই,fear,bn
"এটি বিশ্বের সবচেয়ে ভয়ঙ্কর হাইওয়ে, চলন্ত গাড়ি উধাও! জেনে নিন রহস্য",fear,bn
"এটি বিশ্বের সবচেয়ে ভয়ঙ্কর হাইওয়ে, চলন্ত গাড়ি উধাও! জেনে নিন রহস্য",fear,bn
"সবার মধ্যেই উদ্যম ও বিশ্বাস ভরপুর, কিন্তু ভেতরেও আছে বেকারত্বের ভয়।",fear,bn
দেশে এখনো অঘোষিত জরুরি অবস্থা চলছে,fear,bn
: প্লাস্টিকের ভয় বেড়েছে; এখন মায়ের দুধেও মাইক্রোপ্লাস্টিক পাওয়া যায়,fear,bn
"এটি বিশ্বের সবচেয়ে ভয়ঙ্কর হাইওয়ে, চলন্ত গাড়ি উধাও! জেনে নিন রহস্য",fear,bn
কেউ আপনার সাথে কিছু করলে আপনি কিভাবে এত তাড়াতাড়ি রেগে যান?,fear,bn
"আমাদের এখন পঞ্চায়েত সমিতির দিকে নজর দেওয়া উচিত, নইলে এই কর্মসংস্থানও শেষ হয়ে যাবে।",fear,bn
স্বতন্ত্র প্রার্থী নির্বাচিত হলে কী হবে? কিছুই অবশিষ্ট থাকবে না @,fear,bn
"আমাদের এখন পঞ্চায়েত সমিতির দিকে নজর দেওয়া উচিত, নইলে এই কর্মসংস্থানও শেষ হয়ে যাবে।",fear,bn
"জানালা দিয়ে উঁকি দিয়ে একটু সাবধান হয়ে গেল সে, মনের দরজায় ঝড় গর্জন করছে।",fear,bn
এতক্ষণ চুপচাপ কেন? রহস্যময়?,fear,bn
এটা নিশ্চিত যে এর প্রভাব ধীরে ধীরে মাথায় পড়বে।,fear,bn
"ব্যবসায়ী, উদ্যোক্তা ও পেশাজীবীরা সাবধান! এটি একটি গুরুতর সতর্কবাণী জিএসটি দপ্তর",fear,bn
এতক্ষণ চুপচাপ কেন? রহস্যময়?,fear,bn
স্বতন্ত্র প্রার্থী নির্বাচিত হলে কী হবে? কিছুই অবশিষ্ট থাকবে না @,fear,bn
আমি ভয় পেয়েছিলাম কেন ভিডিও বন্ধ করা হয়েছে,fear,bn
এটি একই বক্তৃতার চেয়ে দশগুণ বেশি বিপজ্জনক,fear,bn
"এই চারটি কারণে অল্প বয়সে ক্যান্সার ছড়াচ্ছে, আপনারও সতর্ক হওয়া উচিত",fear,bn
অপব্যবহার করা ট্যাক্স অ্যাকাউন্ট স্থগিত করা হয়েছে,fear,bn
মনে রাখবেন যে এর পিছনে অবশ্যই কিছু ষড়যন্ত্র আছে...ফডনবীস এত তাড়াতাড়ি পিছু হটবেন না।,fear,bn
সিএনজির দাম বৃদ্ধির কারণে রিকশা-ট্যাক্সি ভাড়া বৃদ্ধির ধাক্কায় নগরবাসীকে পড়তে হচ্ছে।,fear,bn
আমি ভয় পেয়েছিলাম কেন ভিডিও বন্ধ করা হয়েছে,fear,bn
"আমি কখনই জিজ্ঞাসা করি না, কারণ... আমি 'উত্তর' ভয় পাই।",fear,bn
ভবিষ্যতের দাস আজই তৈরি করতে হবে।,fear,bn
দেশে এখনো অঘোষিত জরুরি অবস্থা চলছে,fear,bn
তারপরও যদি আমরা না জেগে থাকি তাহলে আল্লাহও আমাদের বাঁচাতে পারবেন না।,fear,bn
এটা ভীতিকর..,fear,bn
"আমেরিকা, রাশিয়া ও চীন তিন দেশের দানবীয় উচ্চাকাঙ্ক্ষা বিশ্বকে ধ্বংসের দিকে নিয়ে যাবে।",fear,bn
কেন প্রার্থিতা প্রত্যাহার করলেন?,fear,bn
"মহারাষ্ট্রে যাত্রা এসেছিল কিন্তু না, তার আগেই ভেঙ্গে গেছে।",fear,bn
আপনার বস নোটিশ পাওয়ার সাথে সাথে ভয় পেয়ে গেলেন,fear,bn
তারপরও যদি আমরা না জেগে থাকি তাহলে আল্লাহও আমাদের বাঁচাতে পারবেন না।,fear,bn
তিন সাংবাদিকের ওপর ইতিমধ্যেই সন্দেহ রয়েছে।,fear,bn
দেশে এখনো অঘোষিত জরুরি অবস্থা চলছে,fear,bn
করোনার ভবিষ্যদ্বাণী সত্যি হওয়ার পর ভয়ঙ্কর ভবিষ্যদ্বাণী করলেন মহন্ত,fear,bn
এখানে সংকট আড়ালে দাঁড়িয়ে আছে। মুখের অভিব্যক্তি দেখুন।,fear,bn
যারা শিবসেনার বিরুদ্ধে খেলা খেলছে তাদের পরিণতি ভোগ করতে হবে।,fear,bn
আমি এখনো বলি এটাকে হালকাভাবে নেওয়ার অস্ত্র নয়...!,fear,bn
এখানে সংকট আড়ালে দাঁড়িয়ে আছে। মুখের অভিব্যক্তি দেখুন।,fear,bn
"মনীষা আজ হেরে যাওয়ার মতো কথা বলছে, হয়তো কালকের ঘা নরম করার জন্যই এই প্রস্তুতি।",fear,bn
"মহারাষ্ট্রে যাত্রা এসেছিল কিন্তু না, তার আগেই ভেঙ্গে গেছে।",fear,bn
দেশে এখনো অঘোষিত জরুরি অবস্থা চলছে,fear,bn
আমি ভয় পেয়েছিলাম কেন ভিডিও বন্ধ করা হয়েছে,fear,bn
কেন প্রার্থিতা প্রত্যাহার করলেন?,fear,bn
: প্লাস্টিকের ভয় বেড়েছে; এখন মায়ের দুধেও মাইক্রোপ্লাস্টিক পাওয়া যায়,fear,bn
তিন সাংবাদিকের ওপর ইতিমধ্যেই সন্দেহ রয়েছে।,fear,bn
এমএনএস তার গৌরব বিসর্জন দিয়ে আবার সমস্যায় পড়তে পারে; গ্রেফতারের তলোয়ার ঝুলছে,fear,bn
"এই চারটি কারণে অল্প বয়সে ক্যান্সার ছড়াচ্ছে, আপনারও সতর্ক হওয়া উচিত",fear,bn
"আমেরিকা, রাশিয়া ও চীন তিন দেশের দানবীয় উচ্চাকাঙ্ক্ষা বিশ্বকে ধ্বংসের দিকে নিয়ে যাবে।",fear,bn
দেবো কি না ভাই ভয়ে আছি,fear,bn
যুবকদের অনুসরণ করছে একটি দুষ্টচক্র!,fear,bn
ঠাকরে কেন এত ভয় পাচ্ছেন যে আপনি ঘুমের মধ্যেও ঠাকরেকে দেখতে পাচ্ছেন?,fear,bn
"সাবধান, করোনা। অনাক্রম্যতা সরাসরি আক্রমণের অধীনে, লক্ষণগুলি বিপজ্জনক",fear,bn
হারানোর ভয়ে রাজ ঠাকরের মাধ্যমে এই ব্যবসা করা শুরু করেন তিনি।,fear,bn
আমাদের জিজ্ঞাসা করবেন না যে বেকারত্বের কতটা ভয় আছে। অসুস্থ থাকার সময়ও বই খুলে পড়তাম।,fear,bn
এটা তাতার ভয়...,fear,bn
যারা শিবসেনার বিরুদ্ধে খেলা খেলছে তাদের পরিণতি ভোগ করতে হবে।,fear,bn
পৃথিবীর টান বাড়ায় চাঁদ! বিজ্ঞানীরাও চিন্তিত; এটি আপনার উপর কি প্রভাব ফেলবে তা পড়ুন,fear,bn
"রাও, এটা একটা বড় বিব্রতকর ব্যাপার। রাও এর মুখোমুখি হতে হবে...",fear,bn
যারা শিবসেনার বিরুদ্ধে খেলা খেলছে তাদের পরিণতি ভোগ করতে হবে।,fear,bn
"আপনি কি ভয় পাচ্ছেন, আপনি কি চিন্তিত?",fear,bn
"দেখুন, আপনি বিদর্ভ নামতে চলেছেন..",fear,bn
"সাবধান, করোনা। অনাক্রম্যতা সরাসরি আক্রমণের অধীনে, লক্ষণগুলি বিপজ্জনক",fear,bn
কেন এটা ঘটবে? আপনার ভিতরে অবশ্যই কিছু খেলা আছে।,fear,bn
এমএনএস তার গৌরব বিসর্জন দিয়ে আবার সমস্যায় পড়তে পারে; গ্রেফতারের তলোয়ার ঝুলছে,fear,bn
"এটি বিশ্বের সবচেয়ে ভয়ঙ্কর হাইওয়ে, চলন্ত গাড়ি উধাও! জেনে নিন রহস্য",fear,bn
"গ্রাহকদের জন্য বড় ধাক্কা, এই নিয়ম বদল করল ব্যাঙ্ক, এটা পড়লে ঘামতে হবে...",fear,bn
হারানোর ভয়ে রাজ ঠাকরের মাধ্যমে এই ব্যবসা করা শুরু করেন তিনি।,fear,bn
এটা নিশ্চিত যে এর প্রভাব ধীরে ধীরে মাথায় পড়বে।,fear,bn
"মহারাষ্ট্রে যাত্রা এসেছিল কিন্তু না, তার আগেই ভেঙ্গে গেছে।",fear,bn
এটা কি ভয়ানক শব্দ,fear,bn
"দেখুন, আপনি বিদর্ভ নামতে চলেছেন..",fear,bn
ভয় হচ্ছে নিরাপদ খেলা খেলতে হবে যাতে পরাজয় পরবর্তী নির্বাচনে প্রভাব না ফেলে...,fear,bn
কেউ আপনার সাথে কিছু করলে আপনি কিভাবে এত তাড়াতাড়ি রেগে যান?,fear,bn
এই ভয়ানক.,fear,bn
"মহারাষ্ট্রে যাত্রা এসেছিল কিন্তু না, তার আগেই ভেঙ্গে গেছে।",fear,bn
এর মানে ভারতে গণতন্ত্র শেষ হয়ে গেছে এবং এই দেশটি ডুবে যাওয়ার পথে।,fear,bn
মনে রাখবেন যে এর পিছনে অবশ্যই কিছু ষড়যন্ত্র আছে...ফডনবীস এত তাড়াতাড়ি পিছু হটবেন না।,fear,bn
তারা পালিয়ে যাচ্ছে...সাবধান! মানুষ বিষাক্ত হয়.. এই ধরনের কোথা থেকে এলো? পড়া,fear,bn
ভয়ঙ্কর! করোনার নতুন রূপ বিশ্বব্যাপী আতঙ্কের কারণ; বিজ্ঞানীদের 'এই' বড় আশঙ্কা প্রকাশ!,fear,bn
তারা পালিয়ে যাচ্ছে...সাবধান! মানুষ বিষাক্ত হয়.. এই ধরনের কোথা থেকে এলো? পড়া,fear,bn
এটা কোন সতর্কতা নয় স্যার,fear,bn
রাণের নাম নিতে ভয় পান?,fear,bn
"এমন বিপজ্জনক বৃষ্টি কখনও দেখিনি, এক জায়গায়...",fear,bn
এখানে সংকট আড়ালে দাঁড়িয়ে আছে। মুখের অভিব্যক্তি দেখুন।,fear,bn
এখানে সংকট আড়ালে দাঁড়িয়ে আছে। মুখের অভিব্যক্তি দেখুন।,fear,bn
এমএনএস তার গৌরব বিসর্জন দিয়ে আবার সমস্যায় পড়তে পারে; গ্রেফতারের তলোয়ার ঝুলছে,fear,bn
আমাদের জিজ্ঞাসা করবেন না যে বেকারত্বের কতটা ভয় আছে। অসুস্থ থাকার সময়ও বই খুলে পড়তাম।,fear,bn
রাণের নাম নিতে ভয় পান?,fear,bn
আব্বা! স্কুল বাসে এই অজগর কোথা থেকে এল? ভিডিওটি দেখলে যে কেউ শিউরে উঠবেন,fear,bn
"আমেরিকা, রাশিয়া ও চীন তিন দেশের দানবীয় উচ্চাকাঙ্ক্ষা বিশ্বকে ধ্বংসের দিকে নিয়ে যাবে।",fear,bn
করোনার ভবিষ্যদ্বাণী সত্যি হওয়ার পর ভয়ঙ্কর ভবিষ্যদ্বাণী করলেন মহন্ত,fear,bn
এটা তাতার ভয়...,fear,bn
: প্লাস্টিকের ভয় বেড়েছে; এখন মায়ের দুধেও মাইক্রোপ্লাস্টিক পাওয়া যায়,fear,bn
নির্বাচনে হেরে যাওয়ার ভয়ে বিজেপি এই কাজ করছে,fear,bn
"মনোযোগ দিন, অন্যথায় বড় সমস্যা আসছে",fear,bn
স্বতন্ত্র প্রার্থী নির্বাচিত হলে কী হবে? কিছুই অবশিষ্ট থাকবে না @,fear,bn
মনে রাখবেন পুনে মেট্রো গরীবদের জন্য অভিশপ্ত মেট্রো হতে চলেছে,fear,bn
"এই চারটি কারণে অল্প বয়সে ক্যান্সার ছড়াচ্ছে, আপনারও সতর্ক হওয়া উচিত",fear,bn
যুবকদের অনুসরণ করছে একটি দুষ্টচক্র!,fear,bn
এটা কি ভয়ানক শব্দ,fear,bn
"এই গাছটি দেখতে খুবই বিপজ্জনক। মনীষা নগর বাস স্টপ, সহ্যাদ্রি চায়ের বিপরীতে...",fear,bn
"মনীষা আজ হেরে যাওয়ার মতো কথা বলছে, হয়তো কালকের ঘা নরম করার জন্যই এই প্রস্তুতি।",fear,bn
যুবকদের অনুসরণ করছে একটি দুষ্টচক্র!,fear,bn
রাম নবমীর দিন মধ্যপ্রদেশের খারগোনে বড় ধরনের সহিংসতার ঘটনা ঘটেছে।,fear,bn
এই ভয়ানক.,fear,bn
এটা কি ভয়ানক শব্দ,fear,bn
এই বাক্য শোনার পর নিশ্চয়ই ভয় পেয়ে গেছেন নীরজ চোপড়া। এখন তার ক্যারিয়ার হুমকির মুখে পড়বে।,fear,bn
মহারাষ্ট্রে খরা ঘোষণা করুন নইলে বলিরাজা ক্ষমা করবেন না,fear,bn
"মনীষা আজ হেরে যাওয়ার মতো কথা বলছে, হয়তো কালকের ঘা নরম করার জন্যই এই প্রস্তুতি।",fear,bn
এটি একই বক্তৃতার চেয়ে দশগুণ বেশি বিপজ্জনক,fear,bn
"সাবধান, করোনা। অনাক্রম্যতা সরাসরি আক্রমণের অধীনে, লক্ষণগুলি বিপজ্জনক",fear,bn
ভয় হচ্ছে নিরাপদ খেলা খেলতে হবে যাতে পরাজয় পরবর্তী নির্বাচনে প্রভাব না ফেলে...,fear,bn
এটা নিশ্চিত যে এর প্রভাব ধীরে ধীরে মাথায় পড়বে।,fear,bn
রাণের নাম নিতে ভয় পান?,fear,bn
অপব্যবহার করা ট্যাক্স অ্যাকাউন্ট স্থগিত করা হয়েছে,fear,bn
নাসিক জেলায় পশুদের মধ্যে লুম্পি রোগ ছড়িয়ে পড়ায় গবাদি পশুপালকদের মধ্যে আতঙ্কের পরিবেশ বেড়েছে।,fear,bn
"এটি বিশ্বের সবচেয়ে ভয়ঙ্কর হাইওয়ে, চলন্ত গাড়ি উধাও! জেনে নিন রহস্য",fear,bn
"আমি কখনই জিজ্ঞাসা করি না, কারণ... আমি 'উত্তর' ভয় পাই।",fear,bn
এই দেখুন. আপনার ভোটারের বিরুদ্ধে কিছু হচ্ছে।,fear,bn
"ব্যবসায়ী, উদ্যোক্তা ও পেশাজীবীরা সাবধান! এটি একটি গুরুতর সতর্কবাণী জিএসটি দপ্তর",fear,bn
এই ভয়ানক.,fear,bn
পৃথিবীর টান বাড়ায় চাঁদ! বিজ্ঞানীরাও চিন্তিত; এটি আপনার উপর কি প্রভাব ফেলবে তা পড়ুন,fear,bn
এই ভয়ানক.,fear,bn
তারা ইতিমধ্যে ভয়ে আমাদের অবরুদ্ধ করেছে...,fear,bn
যুবকদের অনুসরণ করছে একটি দুষ্টচক্র!,fear,bn
"মনোযোগ দিন, অন্যথায় বড় সমস্যা আসছে",fear,bn
এর মানে ভারতে গণতন্ত্র শেষ হয়ে গেছে এবং এই দেশটি ডুবে যাওয়ার পথে।,fear,bn
এতে অ্যাকশনের ভয়ে অনলি ফ্যানসের প্রতিষ্ঠাতাদের মধ্যে আতঙ্ক ছড়িয়ে পড়েছে।,fear,bn
"আমেরিকা, রাশিয়া ও চীন তিন দেশের দানবীয় উচ্চাকাঙ্ক্ষা বিশ্বকে ধ্বংসের দিকে নিয়ে যাবে।",fear,bn
"আমাদের এখন পঞ্চায়েত সমিতির দিকে নজর দেওয়া উচিত, নইলে এই কর্মসংস্থানও শেষ হয়ে যাবে।",fear,bn
আপনার বস নোটিশ পাওয়ার সাথে সাথে ভয় পেয়ে গেলেন,fear,bn
"সবার মধ্যেই উদ্যম ও বিশ্বাস ভরপুর, কিন্তু ভেতরেও আছে বেকারত্বের ভয়।",fear,bn
তারপরও যদি আমরা না জেগে থাকি তাহলে আল্লাহও আমাদের বাঁচাতে পারবেন না।,fear,bn
পৃথিবীর টান বাড়ায় চাঁদ! বিজ্ঞানীরাও চিন্তিত; এটি আপনার উপর কি প্রভাব ফেলবে তা পড়ুন,fear,bn
অপব্যবহার করা ট্যাক্স অ্যাকাউন্ট স্থগিত করা হয়েছে,fear,bn
: প্লাস্টিকের ভয় বেড়েছে; এখন মায়ের দুধেও মাইক্রোপ্লাস্টিক পাওয়া যায়,fear,bn
"মুরজির পতন নিশ্চিত, ভয়ে পিছু হটে বিজেপি।",fear,bn
"লোকসভা নির্বাচন পর্যন্ত কখনও খুনের ষড়যন্ত্র হবে, কখনও হামলার ষড়যন্ত্র হবে।",fear,bn
"মনীষা আজ হেরে যাওয়ার মতো কথা বলছে, হয়তো কালকের ঘা নরম করার জন্যই এই প্রস্তুতি।",fear,bn
"রাও, এটা একটা বড় বিব্রতকর ব্যাপার। রাও এর মুখোমুখি হতে হবে...",fear,bn
ভয়ঙ্কর! করোনার নতুন রূপ বিশ্বব্যাপী আতঙ্কের কারণ; বিজ্ঞানীদের 'এই' বড় আশঙ্কা প্রকাশ!,fear,bn
নির্বাচনে হেরে যাওয়ার ভয়ে বিজেপি এই কাজ করছে,fear,bn
রাণের নাম নিতে ভয় পান?,fear,bn
যারা শিবসেনার বিরুদ্ধে খেলা খেলছে তাদের পরিণতি ভোগ করতে হবে।,fear,bn
এই বাক্য শোনার পর নিশ্চয়ই ভয় পেয়ে গেছেন নীরজ চোপড়া। এখন তার ক্যারিয়ার হুমকির মুখে পড়বে।,fear,bn
এতক্ষণ চুপচাপ কেন? রহস্যময়?,fear,bn
যুবকদের অনুসরণ করছে একটি দুষ্টচক্র!,fear,bn
আমি জানি না এটা বাড়িতে আছে কি না...কিন্তু মানুষ অবশ্যই আপনার পরে গুলি চালাবে,fear,bn
এতে অ্যাকশনের ভয়ে অনলি ফ্যানসের প্রতিষ্ঠাতাদের মধ্যে আতঙ্ক ছড়িয়ে পড়েছে।,fear,bn
আমাদের জিজ্ঞাসা করবেন না যে বেকারত্বের কতটা ভয় আছে। অসুস্থ থাকার সময়ও বই খুলে পড়তাম।,fear,bn
"দেখুন, আপনি বিদর্ভ নামতে চলেছেন..",fear,bn
কোন এক অজানা ভয়ে আপনি হাঁটা শুরু করলেন। এটা অনুভব করুন!,fear,bn
তারপরও যদি আমরা না জেগে থাকি তাহলে আল্লাহও আমাদের বাঁচাতে পারবেন না।,fear,bn
এর মানে হল যে ভবিষ্যতে মানব অস্তিত্বের জন্য সবচেয়ে বড় হুমকি সব ধর্ম থেকে আসে।,fear,bn
দেশে এখনো অঘোষিত জরুরি অবস্থা চলছে,fear,bn
অভয়ঙ্কর আরও শক্তিশালী,fear,bn
এটা কি ভয়ানক শব্দ,fear,bn
হারানোর ভয়ে রাজ ঠাকরের মাধ্যমে এই ব্যবসা করা শুরু করেন তিনি।,fear,bn
এটা কি ভয়ানক শব্দ,fear,bn
তারা ইতিমধ্যে ভয়ে আমাদের অবরুদ্ধ করেছে...,fear,bn
মনে রাখবেন যে এর পিছনে অবশ্যই কিছু ষড়যন্ত্র আছে...ফডনবীস এত তাড়াতাড়ি পিছু হটবেন না।,fear,bn
"মনীষা আজ হেরে যাওয়ার মতো কথা বলছে, হয়তো কালকের ঘা নরম করার জন্যই এই প্রস্তুতি।",fear,bn
দেশে এখনো অঘোষিত জরুরি অবস্থা চলছে,fear,bn
"ব্যবসায়ী, উদ্যোক্তা ও পেশাজীবীরা সাবধান! এটি একটি গুরুতর সতর্কবাণী জিএসটি দপ্তর",fear,bn
"এই চারটি কারণে অল্প বয়সে ক্যান্সার ছড়াচ্ছে, আপনারও সতর্ক হওয়া উচিত",fear,bn
"আমি কখনই জিজ্ঞাসা করি না, কারণ... আমি 'উত্তর' ভয় পাই।",fear,bn
"আমাদের এখন পঞ্চায়েত সমিতির দিকে নজর দেওয়া উচিত, নইলে এই কর্মসংস্থানও শেষ হয়ে যাবে।",fear,bn
আরএসএস কর্মকর্তার বাড়িতে পেট্রোল বোমা ছোড়া,fear,bn
নির্বাচনে হেরে যাওয়ার ভয়ে বিজেপি এই কাজ করছে,fear,bn
স্বতন্ত্র প্রার্থী নির্বাচিত হলে কী হবে? কিছুই অবশিষ্ট থাকবে না @,fear,bn
এতক্ষণ চুপচাপ কেন? রহস্যময়?,fear,bn
"আমি কখনই জিজ্ঞাসা করি না, কারণ... আমি 'উত্তর' ভয় পাই।",fear,bn
পুনেতে বৃষ্টি হচ্ছে যেন মেঘ ফেটে গেছে!!!,fear,bn
আরএসএস কর্মকর্তার বাড়িতে পেট্রোল বোমা ছোড়া,fear,bn
এতক্ষণ চুপচাপ কেন? রহস্যময়?,fear,bn
"মুরজির পতন নিশ্চিত, ভয়ে পিছু হটে বিজেপি।",fear,bn
কেউ আপনার সাথে কিছু করলে আপনি কিভাবে এত তাড়াতাড়ি রেগে যান?,fear,bn
তারপরও যদি আমরা না জেগে থাকি তাহলে আল্লাহও আমাদের বাঁচাতে পারবেন না।,fear,bn
অভয়ঙ্কর আরও শক্তিশালী,fear,bn
করোনার ভবিষ্যদ্বাণী সত্যি হওয়ার পর ভয়ঙ্কর ভবিষ্যদ্বাণী করলেন মহন্ত,fear,bn
এই বাক্য শোনার পর নিশ্চয়ই ভয় পেয়ে গেছেন নীরজ চোপড়া। এখন তার ক্যারিয়ার হুমকির মুখে পড়বে।,fear,bn
অভয়ঙ্কর আরও শক্তিশালী,fear,bn
এটা কোন সতর্কতা নয় স্যার,fear,bn
আমি জানি না এটা বাড়িতে আছে কি না...কিন্তু মানুষ অবশ্যই আপনার পরে গুলি চালাবে,fear,bn
কেন এটা ঘটবে? আপনার ভিতরে অবশ্যই কিছু খেলা আছে।,fear,bn
দেবো কি না ভাই ভয়ে আছি,fear,bn
তারা ইতিমধ্যে ভয়ে আমাদের অবরুদ্ধ করেছে...,fear,bn
এই ভিড় সঙ্গীতশিল্পীদের জন্য ভীতিকর।,fear,bn
এতে অ্যাকশনের ভয়ে অনলি ফ্যানসের প্রতিষ্ঠাতাদের মধ্যে আতঙ্ক ছড়িয়ে পড়েছে।,fear,bn
এটা ভীতিকর..,fear,bn
আপনার বস নোটিশ পাওয়ার সাথে সাথে ভয় পেয়ে গেলেন,fear,bn
"মুরজির পতন নিশ্চিত, ভয়ে পিছু হটে বিজেপি।",fear,bn
আমি জানি না এটা বাড়িতে আছে কি না...কিন্তু মানুষ অবশ্যই আপনার পরে গুলি চালাবে,fear,bn
করোনার ভবিষ্যদ্বাণী সত্যি হওয়ার পর ভয়ঙ্কর ভবিষ্যদ্বাণী করলেন মহন্ত,fear,bn
আব্বা! স্কুল বাসে এই অজগর কোথা থেকে এল? ভিডিওটি দেখলে যে কেউ শিউরে উঠবেন,fear,bn
"আমেরিকা, রাশিয়া ও চীন তিন দেশের দানবীয় উচ্চাকাঙ্ক্ষা বিশ্বকে ধ্বংসের দিকে নিয়ে যাবে।",fear,bn
"মুরজির পতন নিশ্চিত, ভয়ে পিছু হটে বিজেপি।",fear,bn
এই ভয়ানক.,fear,bn
"জানালা দিয়ে উঁকি দিয়ে একটু সাবধান হয়ে গেল সে, মনের দরজায় ঝড় গর্জন করছে।",fear,bn
স্বতন্ত্র প্রার্থী নির্বাচিত হলে কী হবে? কিছুই অবশিষ্ট থাকবে না @,fear,bn
এর মানে ভারতে গণতন্ত্র শেষ হয়ে গেছে এবং এই দেশটি ডুবে যাওয়ার পথে।,fear,bn
"মনীষা আজ হেরে যাওয়ার মতো কথা বলছে, হয়তো কালকের ঘা নরম করার জন্যই এই প্রস্তুতি।",fear,bn
কেউ আপনার সাথে কিছু করলে আপনি কিভাবে এত তাড়াতাড়ি রেগে যান?,fear,bn
অভয়ঙ্কর আরও শক্তিশালী,fear,bn
"রাও, এটা একটা বড় বিব্রতকর ব্যাপার। রাও এর মুখোমুখি হতে হবে...",fear,bn
আমিও তাই ভাবি কিন্তু ঢাল-তলোয়ার দেওয়া হবে বলেই মনে হয় বেশি।,fear,bn
ভবিষ্যতের দাস আজই তৈরি করতে হবে।,fear,bn
পৃথিবীর টান বাড়ায় চাঁদ! বিজ্ঞানীরাও চিন্তিত; এটি আপনার উপর কি প্রভাব ফেলবে তা পড়ুন,fear,bn
আরএসএস কর্মকর্তার বাড়িতে পেট্রোল বোমা ছোড়া,fear,bn
নাসিক জেলায় পশুদের মধ্যে লুম্পি রোগ ছড়িয়ে পড়ায় গবাদি পশুপালকদের মধ্যে আতঙ্কের পরিবেশ বেড়েছে।,fear,bn
আমাদের জিজ্ঞাসা করবেন না যে বেকারত্বের কতটা ভয় আছে। অসুস্থ থাকার সময়ও বই খুলে পড়তাম।,fear,bn
"মুরজির পতন নিশ্চিত, ভয়ে পিছু হটে বিজেপি।",fear,bn
"চিতাবাঘ ভারী পদক্ষেপে এসে হঠাৎ বাড়ি থেকে বেরিয়ে গেল..., আমি দুশ্চিন্তায় কেঁপে উঠলাম...",fear,bn
এটা কি ভয়ানক শব্দ,fear,bn
এটা তাতার ভয়...,fear,bn
এটি একই বক্তৃতার চেয়ে দশগুণ বেশি বিপজ্জনক,fear,bn
আব্বা! স্কুল বাসে এই অজগর কোথা থেকে এল? ভিডিওটি দেখলে যে কেউ শিউরে উঠবেন,fear,bn
"আমেরিকা, রাশিয়া ও চীন তিন দেশের দানবীয় উচ্চাকাঙ্ক্ষা বিশ্বকে ধ্বংসের দিকে নিয়ে যাবে।",fear,bn
"আমেরিকা, রাশিয়া ও চীন তিন দেশের দানবীয় উচ্চাকাঙ্ক্ষা বিশ্বকে ধ্বংসের দিকে নিয়ে যাবে।",fear,bn
কেন এটা ঘটবে? আপনার ভিতরে অবশ্যই কিছু খেলা আছে।,fear,bn
আমেরিকা ও চীনের মধ্যে চলমান সংঘর্ষের কারণে তৃতীয় বিশ্বযুদ্ধের আশঙ্কা,fear,bn
পারমাণবিক যুদ্ধের আশঙ্কা দ্রুত বাড়ছে! -উদ্যোক্তা ইলন মাস্ক,fear,bn
"গ্রাহকদের জন্য বড় ধাক্কা, এই নিয়ম বদল করল ব্যাঙ্ক, এটা পড়লে ঘামতে হবে...",fear,bn
"সবার মধ্যেই উদ্যম ও বিশ্বাস ভরপুর, কিন্তু ভেতরেও আছে বেকারত্বের ভয়।",fear,bn
কেন এটা ঘটবে? আপনার ভিতরে অবশ্যই কিছু খেলা আছে।,fear,bn
এটি একই বক্তৃতার চেয়ে দশগুণ বেশি বিপজ্জনক,fear,bn
এর মানে ভারতে গণতন্ত্র শেষ হয়ে গেছে এবং এই দেশটি ডুবে যাওয়ার পথে।,fear,bn
করোনার ভবিষ্যদ্বাণী সত্যি হওয়ার পর ভয়ঙ্কর ভবিষ্যদ্বাণী করলেন মহন্ত,fear,bn
"এই চারটি কারণে অল্প বয়সে ক্যান্সার ছড়াচ্ছে, আপনারও সতর্ক হওয়া উচিত",fear,bn
দেশে এখনো অঘোষিত জরুরি অবস্থা চলছে,fear,bn
মনে রাখবেন যে এর পিছনে অবশ্যই কিছু ষড়যন্ত্র আছে...ফডনবীস এত তাড়াতাড়ি পিছু হটবেন না।,fear,bn
আরএসএস কর্মকর্তার বাড়িতে পেট্রোল বোমা ছোড়া,fear,bn
কেন প্রার্থিতা প্রত্যাহার করলেন?,fear,bn
এখানে সংকট আড়ালে দাঁড়িয়ে আছে। মুখের অভিব্যক্তি দেখুন।,fear,bn
এতে অ্যাকশনের ভয়ে অনলি ফ্যানসের প্রতিষ্ঠাতাদের মধ্যে আতঙ্ক ছড়িয়ে পড়েছে।,fear,bn
অভয়ঙ্কর আরও শক্তিশালী,fear,bn
বিগ বি-র 'সেই' জিনিস ভয় পায় কিং খান শাহরুখ!,fear,bn
আপনি যদি ব্যাক ডাউন না করেন তবে বার্তাটি হবে যে আপনি হাল ছেড়ে দিয়েছেন।,fear,bn
এটা কোন সতর্কতা নয় স্যার,fear,bn
করোনার ভবিষ্যদ্বাণী সত্যি হওয়ার পর ভয়ঙ্কর ভবিষ্যদ্বাণী করলেন মহন্ত,fear,bn
মনে রাখবেন পুনে মেট্রো গরীবদের জন্য অভিশপ্ত মেট্রো হতে চলেছে,fear,bn
"চিতাবাঘ ভারী পদক্ষেপে এসে হঠাৎ বাড়ি থেকে বেরিয়ে গেল..., আমি দুশ্চিন্তায় কেঁপে উঠলাম...",fear,bn
"আপনি কি ভয় পাচ্ছেন, আপনি কি চিন্তিত?",fear,bn
এই ভিড় সঙ্গীতশিল্পীদের জন্য ভীতিকর।,fear,bn
"আমাদের এখন পঞ্চায়েত সমিতির দিকে নজর দেওয়া উচিত, নইলে এই কর্মসংস্থানও শেষ হয়ে যাবে।",fear,bn
এটা কোন সতর্কতা নয় স্যার,fear,bn
কেন এটা ঘটবে? আপনার ভিতরে অবশ্যই কিছু খেলা আছে।,fear,bn
কেউ আপনার সাথে কিছু করলে আপনি কিভাবে এত তাড়াতাড়ি রেগে যান?,fear,bn
আমি জানি না এটা বাড়িতে আছে কি না...কিন্তু মানুষ অবশ্যই আপনার পরে গুলি চালাবে,fear,bn
মনে রাখবেন পুনে মেট্রো গরীবদের জন্য অভিশপ্ত মেট্রো হতে চলেছে,fear,bn
"আপনি কি ভয় পাচ্ছেন, আপনি কি চিন্তিত?",fear,bn
এই ভিড় সঙ্গীতশিল্পীদের জন্য ভীতিকর।,fear,bn
এই ভিড় সঙ্গীতশিল্পীদের জন্য ভীতিকর।,fear,bn
"এমন বিপজ্জনক বৃষ্টি কখনও দেখিনি, এক জায়গায়...",fear,bn
আমি এখনো বলি এটাকে হালকাভাবে নেওয়ার অস্ত্র নয়...!,fear,bn
কেন এটা ঘটবে? আপনার ভিতরে অবশ্যই কিছু খেলা আছে।,fear,bn
"রাও, এটা একটা বড় বিব্রতকর ব্যাপার। রাও এর মুখোমুখি হতে হবে...",fear,bn
এটি একই বক্তৃতার চেয়ে দশগুণ বেশি বিপজ্জনক,fear,bn
ভারতের জন্য আসল হুমকি তাদের কাছ থেকে এসেছে যারা বলে বর্ণবাদ অপরাধ নয়।,fear,bn
"জানালা দিয়ে উঁকি দিয়ে একটু সাবধান হয়ে গেল সে, মনের দরজায় ঝড় গর্জন করছে।",fear,bn
মনে রাখবেন যে এর পিছনে অবশ্যই কিছু ষড়যন্ত্র আছে...ফডনবীস এত তাড়াতাড়ি পিছু হটবেন না।,fear,bn
শীঘ্রই একটি বড় ভূমিকম্পের জন্য প্রস্তুত থাকুন,fear,bn
এমএনএস তার গৌরব বিসর্জন দিয়ে আবার সমস্যায় পড়তে পারে; গ্রেফতারের তলোয়ার ঝুলছে,fear,bn
উদ্বেগজনক! শুধু মুম্বাই শহর থেকেই এ পর্যন্ত জব্দ করা হয়েছে বহু কিলো মাদক!,fear,bn
ঠাকরে কেন এত ভয় পাচ্ছেন যে আপনি ঘুমের মধ্যেও ঠাকরেকে দেখতে পাচ্ছেন?,fear,bn
এতক্ষণ চুপচাপ কেন? রহস্যময়?,fear,bn
"আমি কখনই জিজ্ঞাসা করি না, কারণ... আমি 'উত্তর' ভয় পাই।",fear,bn
কোন এক অজানা ভয়ে আপনি হাঁটা শুরু করলেন। এটা অনুভব করুন!,fear,bn
"দেখুন, আপনি বিদর্ভ নামতে চলেছেন..",fear,bn
এতক্ষণ চুপচাপ কেন? রহস্যময়?,fear,bn
এটা কোন সতর্কতা নয় স্যার,fear,bn
এই লড়াই বেঁচে থাকার লড়াই,fear,bn
ভয় হচ্ছে নিরাপদ খেলা খেলতে হবে যাতে পরাজয় পরবর্তী নির্বাচনে প্রভাব না ফেলে...,fear,bn
রাম নবমীর দিন মধ্যপ্রদেশের খারগোনে বড় ধরনের সহিংসতার ঘটনা ঘটেছে।,fear,bn
কেউ আপনার সাথে কিছু করলে আপনি কিভাবে এত তাড়াতাড়ি রেগে যান?,fear,bn
এখানে সংকট আড়ালে দাঁড়িয়ে আছে। মুখের অভিব্যক্তি দেখুন।,fear,bn
"দেখুন, আপনি বিদর্ভ নামতে চলেছেন..",fear,bn
স্বতন্ত্র প্রার্থী নির্বাচিত হলে কী হবে? কিছুই অবশিষ্ট থাকবে না @,fear,bn
নিচ থেকে জ্বলে উঠলে সবার কষ্ট হয়,fear,bn
অপব্যবহার করা ট্যাক্স অ্যাকাউন্ট স্থগিত করা হয়েছে,fear,bn
আভাসের ভয়ানক রাতে এলাম..,fear,bn
হারানোর ভয়ে রাজ ঠাকরের মাধ্যমে এই ব্যবসা করা শুরু করেন তিনি।,fear,bn
"আমাদের এখন পঞ্চায়েত সমিতির দিকে নজর দেওয়া উচিত, নইলে এই কর্মসংস্থানও শেষ হয়ে যাবে।",fear,bn
"আমি কখনই জিজ্ঞাসা করি না, কারণ... আমি 'উত্তর' ভয় পাই।",fear,bn
মনে রাখবেন যে এর পিছনে অবশ্যই কিছু ষড়যন্ত্র আছে...ফডনবীস এত তাড়াতাড়ি পিছু হটবেন না।,fear,bn
এখানে সংকট আড়ালে দাঁড়িয়ে আছে। মুখের অভিব্যক্তি দেখুন।,fear,bn
ভয় হচ্ছে নিরাপদ খেলা খেলতে হবে যাতে পরাজয় পরবর্তী নির্বাচনে প্রভাব না ফেলে...,fear,bn
আমি এখনো বলি এটাকে হালকাভাবে নেওয়ার অস্ত্র নয়...!,fear,bn
"ব্যবসায়ী, উদ্যোক্তা ও পেশাজীবীরা সাবধান! এটি একটি গুরুতর সতর্কবাণী জিএসটি দপ্তর",fear,bn
পুনেতে বৃষ্টি হচ্ছে যেন মেঘ ফেটে গেছে!!!,fear,bn
যুবকদের অনুসরণ করছে একটি দুষ্টচক্র!,fear,bn
এমএনএস তার গৌরব বিসর্জন দিয়ে আবার সমস্যায় পড়তে পারে; গ্রেফতারের তলোয়ার ঝুলছে,fear,bn
এমএনএস তার গৌরব বিসর্জন দিয়ে আবার সমস্যায় পড়তে পারে; গ্রেফতারের তলোয়ার ঝুলছে,fear,bn
পুনেতে বৃষ্টি হচ্ছে যেন মেঘ ফেটে গেছে!!!,fear,bn
তারা ইতিমধ্যে ভয়ে আমাদের অবরুদ্ধ করেছে...,fear,bn
যুবকদের অনুসরণ করছে একটি দুষ্টচক্র!,fear,bn
"সাবধান, করোনা। অনাক্রম্যতা সরাসরি আক্রমণের অধীনে, লক্ষণগুলি বিপজ্জনক",fear,bn
"ব্যবসায়ী, উদ্যোক্তা ও পেশাজীবীরা সাবধান! এটি একটি গুরুতর সতর্কবাণী জিএসটি দপ্তর",fear,bn
এমএনএস তার গৌরব বিসর্জন দিয়ে আবার সমস্যায় পড়তে পারে; গ্রেফতারের তলোয়ার ঝুলছে,fear,bn
"এমন বিপজ্জনক বৃষ্টি কখনও দেখিনি, এক জায়গায়...",fear,bn
মনে রাখবেন পুনে মেট্রো গরীবদের জন্য অভিশপ্ত মেট্রো হতে চলেছে,fear,bn
বিগ বি-র 'সেই' জিনিস ভয় পায় কিং খান শাহরুখ!,fear,bn
"এই গাছটি দেখতে খুবই বিপজ্জনক। মনীষা নগর বাস স্টপ, সহ্যাদ্রি চায়ের বিপরীতে...",fear,bn
আমি জানি না এটা বাড়িতে আছে কি না...কিন্তু মানুষ অবশ্যই আপনার পরে গুলি চালাবে,fear,bn
ভবিষ্যতের দাস আজই তৈরি করতে হবে।,fear,bn
কোন এক অজানা ভয়ে আপনি হাঁটা শুরু করলেন। এটা অনুভব করুন!,fear,bn
"এই চারটি কারণে অল্প বয়সে ক্যান্সার ছড়াচ্ছে, আপনারও সতর্ক হওয়া উচিত",fear,bn
এই ভিড় সঙ্গীতশিল্পীদের জন্য ভীতিকর।,fear,bn
রাম নবমীর দিন মধ্যপ্রদেশের খারগোনে বড় ধরনের সহিংসতার ঘটনা ঘটেছে।,fear,bn
আপনি যদি ব্যাক ডাউন না করেন তবে বার্তাটি হবে যে আপনি হাল ছেড়ে দিয়েছেন।,fear,bn
"সবার মধ্যেই উদ্যম ও বিশ্বাস ভরপুর, কিন্তু ভেতরেও আছে বেকারত্বের ভয়।",fear,bn
তারা ইতিমধ্যে ভয়ে আমাদের অবরুদ্ধ করেছে...,fear,bn
"আমাদের এখন পঞ্চায়েত সমিতির দিকে নজর দেওয়া উচিত, নইলে এই কর্মসংস্থানও শেষ হয়ে যাবে।",fear,bn
যারা শিবসেনার বিরুদ্ধে খেলা খেলছে তাদের পরিণতি ভোগ করতে হবে।,fear,bn
যুবকদের অনুসরণ করছে একটি দুষ্টচক্র!,fear,bn
ঠাকরে কেন এত ভয় পাচ্ছেন যে আপনি ঘুমের মধ্যেও ঠাকরেকে দেখতে পাচ্ছেন?,fear,bn
আমি জানি না এটা বাড়িতে আছে কি না...কিন্তু মানুষ অবশ্যই আপনার পরে গুলি চালাবে,fear,bn
আপনি যদি ব্যাক ডাউন না করেন তবে বার্তাটি হবে যে আপনি হাল ছেড়ে দিয়েছেন।,fear,bn
শীঘ্রই একটি বড় ভূমিকম্পের জন্য প্রস্তুত থাকুন,fear,bn
"লোকসভা নির্বাচন পর্যন্ত কখনও খুনের ষড়যন্ত্র হবে, কখনও হামলার ষড়যন্ত্র হবে।",fear,bn
"ব্যবসায়ী, উদ্যোক্তা ও পেশাজীবীরা সাবধান! এটি একটি গুরুতর সতর্কবাণী জিএসটি দপ্তর",fear,bn
নির্বাচনে হেরে যাওয়ার ভয়ে বিজেপি এই কাজ করছে,fear,bn
"মুরজির পতন নিশ্চিত, ভয়ে পিছু হটে বিজেপি।",fear,bn
এতে অ্যাকশনের ভয়ে অনলি ফ্যানসের প্রতিষ্ঠাতাদের মধ্যে আতঙ্ক ছড়িয়ে পড়েছে।,fear,bn
স্বতন্ত্র প্রার্থী নির্বাচিত হলে কী হবে? কিছুই অবশিষ্ট থাকবে না @,fear,bn
পৃথিবীর টান বাড়ায় চাঁদ! বিজ্ঞানীরাও চিন্তিত; এটি আপনার উপর কি প্রভাব ফেলবে তা পড়ুন,fear,bn
এখানে সংকট আড়ালে দাঁড়িয়ে আছে। মুখের অভিব্যক্তি দেখুন।,fear,bn
আমি জানি না এটা বাড়িতে আছে কি না...কিন্তু মানুষ অবশ্যই আপনার পরে গুলি চালাবে,fear,bn
"চিতাবাঘ ভারী পদক্ষেপে এসে হঠাৎ বাড়ি থেকে বেরিয়ে গেল..., আমি দুশ্চিন্তায় কেঁপে উঠলাম...",fear,bn
এটা তাতার ভয়...,fear,bn
পুনেতে বৃষ্টি হচ্ছে যেন মেঘ ফেটে গেছে!!!,fear,bn
"সবার মধ্যেই উদ্যম ও বিশ্বাস ভরপুর, কিন্তু ভেতরেও আছে বেকারত্বের ভয়।",fear,bn
এটা ভীতিকর..,fear,bn
আমেরিকা ও চীনের মধ্যে চলমান সংঘর্ষের কারণে তৃতীয় বিশ্বযুদ্ধের আশঙ্কা,fear,bn
আব্বা! স্কুল বাসে এই অজগর কোথা থেকে এল? ভিডিওটি দেখলে যে কেউ শিউরে উঠবেন,fear,bn
নির্বাচনে হেরে যাওয়ার ভয়ে বিজেপি এই কাজ করছে,fear,bn
উদ্বেগজনক! শুধু মুম্বাই শহর থেকেই এ পর্যন্ত জব্দ করা হয়েছে বহু কিলো মাদক!,fear,bn
নিচ থেকে জ্বলে উঠলে সবার কষ্ট হয়,fear,bn
