text,sentiment,language
विकृति भी शर्मिंदा होगी..,angry,hi
जनता की समस्याएँ मेरे नाम पर खायी जाती हैं।,angry,hi
क्या मुँह पर मारने की ज़रूरत थी?,angry,hi
खाली पहाड़ के लोगों को कार्यक्रम में बुलाना नो मीटिंग कहलाता है!!,angry,hi
इस आम को कोई सड़ा हुआ नहीं मानता. उसे ऐसा करने दो.,angry,hi
धर्मनिरपेक्ष प्राणी वे हैं जो अपने पिता को छोड़कर अपने पड़ोसी को पिता कहकर पुकारते हैं,angry,hi
अब जो भक्त मर रहे हैं उनका सच क्या है?,angry,hi
हर कोई भ्रष्ट है.,angry,hi
आप जैसे गद्दारों को इसकी चिंता करने की जरूरत नहीं है।',angry,hi
जब लटके अदालत गए तो क्या आप सो रहे थे? तब संस्कृति कहाँ थी?,angry,hi
ये पप्पू की गोटी है,angry,hi
क्या आप राजनीति के लिए हमारी मां के नाम का इस्तेमाल करते हैं?,angry,hi
विधानसभा चुनाव के दौरान पहली आग उनके घर में लगेगी,angry,hi
"तुम इतने योग्य नहीं हो, इसके लिए शाही मुहर क्यों पहनते हो? महाराज महिलाओं का सम्मान करते थे",angry,hi
चित्रा ताई वाघ और आप तो शिंदे ग्रुप की कादी के लायक भी नहीं हैं कि ट्वीट कर सकें,angry,hi
क्या तुम जल गये हो? दिल्ली में पिता भी जले होंगे.,angry,hi
या उससे पहले भी ये गद्दार लोग इसी तरह मुंह के बल गिरेंगे,angry,hi
एक संपादक हैं और ये सवाल चिंता का विषय है...,angry,hi
अगर आप कहते हैं कि आप कट्टर हिंदू हैं तो आप सावरकर को भारत रत्न क्यों नहीं देते.,angry,hi
"ऊपर ट्वीट सेव करने, कर्ज उतारने की बात कहने वाले का क्या हुआ?",angry,hi
फिर पंढरपुर नांदेड़ कोल्हापुर में क्या हुआ पाखंडी भाजपा,angry,hi
वे निश्चित रूप से पिटेंगे. लेकिन कुछ लोग इसके बारे में बात क्यों नहीं कर रहे हैं?,angry,hi
आप गुजराती हैं या भैया.. संकर जानवर,angry,hi
उन्हें अपने ही गांव से बाहर निकाल देना क्यों बेहतर है...अगली बार विधायक भी जाएंगे...,angry,hi
बस इसे कम करो.. छात्र का नाम लेकर पैसे क्यों वसूलते हैं,angry,hi
क्या आप जटल सर को दोहराना चाहते हैं? बिकने वाले से उम्मीदें छोड़ दो,angry,hi
इसे प्रदूषित करने वालों को बस देना ठीक नहीं है।',angry,hi
वह थापा का खों घरघड़ाई क्या सराहना भक्त खुले प्रेम के निश्चिंत हैं,angry,hi
"क्यों, यह गलत चुनाव होना चाहिए। वंशवाद नहीं चलेगा",angry,hi
शिकारियों के कारण कीमतें बढ़ गईं..और भक्त मटन नहीं खरीद पाए।,angry,hi
वह मरा नहीं है दादा... वह भौंक रहा है... वह बस भौंक रहा है...,angry,hi
"जिन्होंने उन्हें धोखा दिया, वे असली गद्दार हैं और बाकी सभी खोखले हैं।'",angry,hi
ये शरद पवार ही थे जिन्होंने शिवसैनिकों को कुत्ता कहा था,angry,hi
विश्वासघात करने और अपने टैंकों का पैसा भ्रष्ट लोगों के हाथों में सौंपने के लिए लोकखट और पुरस्कार से सम्मानित किया गया,angry,hi
थापड़े......और गद्दार को याद दिलाना....कितनी शर्म की बात है।,angry,hi
: भाजपा और उसके वर्तमान नेता नपुंसक हैं क्योंकि...; 'सामना' से हमला,angry,hi
"नेतृत्व क्यों? आपका मोदी बलात्कारियों को वहां जाने दे रहा है, आंखें खुली रखें..!!",angry,hi
इस खबर को छुपाने के लिए जाधव आज पूरे दिन इधर-उधर भागते रहे।,angry,hi
क्या आप इतने भत्ते के पात्र हैं?,angry,hi
तुम्हारा मोदी पिछले साल देश ने जो कुछ बनाया था उसे बेचकर जी रहा है,angry,hi
"तो हम भी आपकी तरह खाली हैं, आप पैसा कमाना चाहते हैं और हम काम करना चाहते हैं...",angry,hi
क्या आप अपने खेलने के तरीके से शर्मिंदा हैं?,angry,hi
ये आदमी महाराष्ट्र में सूखा लाएगा,angry,hi
तो इतना भ्रष्टाचार है,angry,hi
"राधासुता, तब तुम्हारा धर्म कहाँ गया?",angry,hi
तो मुझे दिखाओ कि तुम्हें यहां कष्ट क्यों सहना पड़ता है और वहां मराठी क्यों बोलनी पड़ती है,angry,hi
मतलब गणित आपके दिमाग से बाहर है!,angry,hi
आप सालों तक मातोश्री में भीख मांगने क्यों गए!,angry,hi
"चूँकि इस कुत्ते को वेतन और पेंशन नहीं देनी पड़ेगी, यह अग्निरोधक नहीं होगा, यह स्थायी होगा....भेंजो",angry,hi
बिल्कुल। इन्हीं लोगों की वजह से आपकी जानकारी लीक होती है.,angry,hi
सुप्रीम कोर्ट को पूरा दिन बिताने की कोई जरूरत नहीं है. मैं सुबह रिजल्ट देकर फ्री होना चाहता था.,angry,hi
मोदी सरकार एक विफल सरकार है,angry,hi
दादा अपने गुरु की तरह अंधभक्त हैं..उनका हिंदुत्व उन्हें यही सिखाता है..,angry,hi
एक स्वाभिमानी और दूसरा केंचुए की संतान की तरह जीवन जीने वाला।,angry,hi
गद्दार मेहनत भी करेंगे तो भी कोई फायदा नहीं होगा. जनता उन्हें घर बैठा देगी,angry,hi
हम सस्ता पेट्रोल बेचते हैं का बोर्ड लगाकर पेट्रोल पंप बंद करके चले गए,angry,hi
फादर लेक के अलावा शिव सेना में कौन बचा है...!!!,angry,hi
सावरकर पर विवाद के बाद से हमने ये प्रसन्ना नहीं देखा है,angry,hi
"जहां भी आपकी भावनाएं आहत हों, उसे क्या खाना चाहिए, यह उसका सवाल है",angry,hi
अब एकनाथ शिंदे से दूरदर्शिता की उम्मीद करना बहुत ज्यादा है,angry,hi
"ये तो शुरुआत है, अब गद्दारों को झटका लगेगा",angry,hi
इस प्रवृत्ति को समय रहते कुचलना होगा।,angry,hi
"बच्चू कडू, बांगर, सावंत, सुर्वे, सरवणकर की बदमाशी बढ़ती जा रही है। ये हिंदुत्व क्यों है?",angry,hi
हिंदी थोपना बंद करो. हिंदी राष्ट्रभाषा नहीं है.,angry,hi
जब भाजपा ने पुणे नगर निगम को लूट लिया तो यही होगा,angry,hi
"सहानुभूति और आत्म-सिद्धि पर जीवन बीत गया, यह अच्छा है या नहीं",angry,hi
सवाल यह है कि क्या पत्रकारिता बिना बटुए के चल सकती है?,angry,hi
"सरकार चाहे कुछ भी कर ले कुछ लोग संतुष्ट नहीं हैं! उनकी एक, ऐसी नीति!",angry,hi
क्या वह इस योग्य है कि अपने देवत्व का इतना बड़ा प्रमाण दे सके!,angry,hi
नहीं....भाजपा की गुलाम गद्दार सेना को उखाड़ फेंको,angry,hi
"अरे, मैंने तब आपकी घटिया मानसिकता देखी थी, इसलिए मैंने एक ट्वीट लिखने का फैसला किया",angry,hi
"सुनो बीजेपी की बड़ी गलतफहमी ""मैं वापस आऊंगा"" कभी संभव नहीं!!!",angry,hi
यह पुलिस पिटाई के लायक है,angry,hi
कठिनाई जारी है क्योंकि वह अपने कार्यालय के दरवाजे पर बस से उतरना चाहता है।,angry,hi
दिल का दर्द और परेशानी और ये खुद को शिव सेना का पार्टी प्रमुख मानते हैं,angry,hi
खराड़ी मुंडवा हिंजेवाड़ी विमान नगर सब इन लोगों की वजह से जाम हो जाता है,angry,hi
"इसे सदमा नहीं, रोना कहते हैं. पुरुष ऐसे नहीं रोते. चप चप घाव",angry,hi
श्री बाला साहब नहीं गद्दार अब सिखाएंगे ठाकरे।,angry,hi
इसे कहते हैं गिरे तो भी टांग ऊपर.. अंधभक्तों का तर्क क्यों..,angry,hi
क्या आपको संभाजीनगर कहने में शर्म आती है?,angry,hi
"ओह, हमें माफ़ी क्यों मांगनी चाहिए?",angry,hi
आपकी पार्टी का प्रचार क्यों? क्या अकेली दीदी की तस्वीर नहीं थी?,angry,hi
सातों पीढि़यों को गद्दार करार दो,angry,hi
"लड़का विश्वासघाती, लालची, हत्यारा, अहंकारी और अकर्मण्य है। आज़ाद बाबूराव!",angry,hi
"इस खुराक से वाग्ले की गांठ भी ठीक हो जायेगी, लाई कह रहा था",angry,hi
गद्दार के लिए मशाल है,angry,hi
ये तो और कुछ नहीं बल्कि कुछ पत्नियां भ्रष्ट पतियों को बचाने के लिए पार्टियां भी बदल लेती हैं।,angry,hi
क्या यह आपके लायक हुआ?,angry,hi
क्या आप इस डायलॉग को बोलने के लिए पिछले ढाई साल से दांतों तले उंगली दबाये बैठे थे?????,angry,hi
तो ये तथाकथित हिंदू पार्टी के लोग किसे बचा रहे थे?,angry,hi
उन्होंने इसे रोका क्यों नहीं?,angry,hi
"इसलिए ये असली है, महिलाओं को ट्रोल करके मर्दानगी दिखाना",angry,hi
आपमें से कोई बिना बुलाए पाकिस्तान गया और बिरयानी खाई,angry,hi
राहुल गांधी की तुलना भगवान राम से करना अपमान है,angry,hi
यह नस्लवादी है,angry,hi
अतुल सुतार को बदहजमी हो गई. बिरयानी की जगह दाल चावल और टुम्पा धार से मैं तंग आ गया था.,angry,hi
यह हमारे देश में बढ़ती गंदगी का अच्छा उदाहरण है!!! भगवान कृपया हमें बचायें!!!,angry,hi
वे मशाल चुनाव चिन्ह की सफलता को बर्दाश्त नहीं कर पा रहे हैं,angry,hi
कैसा है ऐसा लगता है जैसे आपको मुफ्त में खाने की आदत हो गई है,angry,hi
ढाल तलवार का प्रतीक आप पर निर्भर है। यह इतिहास है. ये पार्टियां जल्दी डूब जाती हैं.,angry,hi
ये हैं असली शिवसैनिक जो प्रतिशत गिनते हैं...,angry,hi
क्या चुनाव आयोग खरीद लिया गया है?,angry,hi
क्या तुम्हें यह कहते हुए शर्म आती है?,angry,hi
अब बात करें इसका विरोध कौन करेगा? क्या आप में हिम्मत है?,angry,hi
अब आप बाला साहेब के आगे ठाकरे को भी नहीं रख सकते,angry,hi
बंगले में ले जाओ तो चलेगा?,angry,hi
"यदि भविष्य में राकांपा कभी विभाजित होती है, तो सबसे पहले धनु बंधु ही पार्टी छोड़ेंगे",angry,hi
"वर्तमान नेतृत्व न केवल बदसूरत है बल्कि अंधा, गूंगा, बहरा और अपंग भी है।",angry,hi
लटके को नामांकन के साथ-साथ इस्तीफे की भी तलवार लटकी हुई है.,angry,hi
"हालाँकि, मंदसैनिक भक्तों के बराबर आ गए और उन्माद फैल गया",angry,hi
पैसों का लालच देकर दो अधेड़ उम्र की महिलाओं की नरबलि के लिए हत्या कर देने की चौंकाने वाली घटना सामने आई है.,angry,hi
"तुमने डिब्बा खरीदने की चाहत छोड़ दी, खुजली कब मिटेगी",angry,hi
भातखलकर अब नितेश राणे के योग्य महसूस करने लगे हैं,angry,hi
यह लोकतंत्र पर आघात है..आपको असंवैधानिक सरकार से सवाल करना चाहिए न कि उनका एजेंडा चलाना चाहिए।',angry,hi
अब तो ऐसा ही होगा.. मलाईदार खाना था लेकिन कुछ मिलेगा नहीं..,angry,hi
ऐसी ही स्थिति अब महाराष्ट्र में पैदा हो गई है. अब शासक क्या कर रहे हैं?,angry,hi
सत्ता के लिए मिट्टी खाने की परंपरा है!,angry,hi
"ओह चुप रहो, सबूत नकली हैं और तुम भी नकली हो",angry,hi
यह आपकी तरह ही एक बहुत ही मूर्खतापूर्ण और बचकाना तर्क है,angry,hi
पंढरपुर के समय एक व्यक्ति समर्थन मांगने के लिए नाक रगड़ने गया।,angry,hi
पत्रकार सचमुच दलाल बन गये हैं,angry,hi
खतरे को देखो.,angry,hi
"मुझे आश्चर्य है कि सभी नेताओं को ""लोकतंत्र, संविधान"" क्यों याद आता है...",angry,hi
लगता है ये लोग बिना पिटाई के नहीं सुधरेंगे.,angry,hi
प्राथमिकता उन्हें महाराष्ट्र और देश से बाहर निकालने की है।' बाकी बाद में देखेंगे.,angry,hi
रट्टे तुम्हें चाहता था,angry,hi
"भातखलकर, जरा टिप्पणियाँ पढ़ें, राव....कितनी विविधता है। वो शर्म की भाजी बेच कर खा गया...",angry,hi
"अब, क्या आप खेत मजदूरों की मजदूरी पर जीएसटी लगा रहे हैं?",angry,hi
षडयंत्रकारी पूरी तरह से आश्वस्त थे कि शांत बैठना असंभव था!,angry,hi
और कोर्ट से थप्पड़ खाने के बाद रोने के लिए दूसरा कमरा ले लो..,angry,hi
"""औरंगज़ेब इसे बर्दाश्त कर सकता था, लेकिन संभाजी महाराज इसे बर्दाश्त नहीं करेंगे।"" -:पुर्तगाली वायसराय",angry,hi
"अरे आपकी भाषा क्या है राणे चाचा, आप खुद से क्या उम्मीद करते हैं?",angry,hi
बीजेपी ने आपको जोकर बना दिया है! बामन लोग बहुत बुद्धिमान होते हैं.,angry,hi
देशद्रोह आपके खून में है सर,angry,hi
वर्दी का ये मजा उतार देना चाहिए.,angry,hi
जानता है कि वह एजेंट कितना भ्रष्ट है,angry,hi
गुस्सा आ गया... अब वे बेचारी को खाना खिलाएँगे।,angry,hi
"एक कोंकणी आदमी भावनात्मक विश्वासघात बर्दाश्त नहीं कर सकता, क्या वह इसे बर्दाश्त करेगा?",angry,hi
इसे कहते हैं चोर का उल्टी बम.... सामान्य ज्ञान न हो तो यही होता है.,angry,hi
याद रखें कि आपको पुरस्कार मिल चुका है। अब जब आप बोलें तो विनम्र रहें। दोगलापन बंद करो,angry,hi
मोदी जी बिल्कुल गलत हैं. मनीष सिसौदिया गिरफ्तार,angry,hi
यह दिन के अंदर शुरू हुआ और अब पूरे दिन भौंकता रहा,angry,hi
क्या आप योग्यता प्राप्त करने में सक्षम हैं?,angry,hi
चुनाव आयोग सरकार की कठपुतली है और निष्पक्ष निर्णय नहीं देता,angry,hi
"लोकमत वाले मूर्ख हैं, पुरस्कार के बारे में सोचते फिरते हैं",angry,hi
यह सब कमलाबाई के कुकर्मों के कारण हुआ है।,angry,hi
"अरे यार.. क्या तुमने भी किया रायगढ़..!! नहीं, मुझे यह समझ नहीं आया..!! अब..!! गरीब..",angry,hi
यहां बीजेपी द्वारा रखी गई एक और कुक्कू है,angry,hi
"चूँकि सभी पॉकेट पत्रकार भाजपा के खिलाफ एकजुट हो गए हैं, इसलिए नहीं",angry,hi
आप इस तरह बात करने के लायक नहीं हैं,angry,hi
"नामर्द तुम बात कर रहे हो, देखो तुम्हारे पास उंगलियां हैं",angry,hi
क्या मीडिया अंधा हो गया है? यह दृश्य प्रदर्शित नहीं हो रहा है.,angry,hi
टीवी चैनल कुछ अलग ही दिखा रहा था...कितना झूठ बोलोगे...(टीवी चैनल नहीं)?,angry,hi
आप कहते हैं कि ये सब हुआ तो आप ठाकरे पर झाड़ू क्यों फेंकना चाहते थे?,angry,hi
क्या आपके पास अपना कुछ है?,angry,hi
"फोटो रखो लेकिन हार मत मानो, घुटनों में दिमाग वाले पेंगुइन?",angry,hi
राजनीतिक विशेषज्ञों का ये हाल?,angry,hi
मोदी के सभी चोर भाई विदेश में आराम से हैं...चोर चोर मौसेरे भाई,angry,hi
उद्धव जी रावण क्यों?,angry,hi
किसी अन्य देश के पास ऐसा बाज़ार नहीं है। मान-सम्मान और आकर्षण नहीं रखा जाता.,angry,hi
"कौन, रंगा-बिल्ला क्यों? वे दोनों भी पौ बारह हैं",angry,hi
ये लावारिस अंधभक्त के लायक है...,angry,hi
तब भी उन्हें नंगी उंगलियां पहनने की वजह से शिवसैनिकों ने थप्पड़ मारा था.,angry,hi
कुत्ते को प्रणाम यदि आप कुत्ते को प्रणाम नहीं करेंगे तो आपको गलत समझा जाएगा,angry,hi
"पापा को ऐसा नहीं कहना चाहिए, वो सॉरी भाई कहना चाहते थे",angry,hi
काम अच्छे से करो वरना हम लोग तुम्हें तुम्हारी जगह दिखा देंगे...,angry,hi
"होना तो यह चाहिए था, कि आपकी साईबा की असली वंशावली का पता चल जाता..",angry,hi
यह सच है कि देश में बेरोजगारी नहीं है लेकिन गरीब बढ़े हैं,angry,hi
गद्दार की उपाधि ही आपके जन्म का अर्थ है।,angry,hi
ये गद्दार हरामी है,angry,hi
सुबह शपथ लेते समय सिद्धांत भूल गए थे फडनवीस...,angry,hi
बार-बार शूर्पणखा हर जगह दिखेगी...पर कोई लक्ष्मण हिम्मत नहीं करेगा..,angry,hi
क्या आपको अभिव्यक्ति की स्वतंत्रता के बारे में बात करने में शर्म नहीं आती?,angry,hi
यह तैरता हुआ स्टूल है,angry,hi
क्या आप उनसे अपनी तुलना करके कुत्ते जैसा महसूस नहीं करते??,angry,hi
ऐसे व्यक्ति का व्यवहार एक भौंकने वाले कुत्ते से भी कम मूल्य का है,angry,hi
आपके सिंक में आग क्यों लगी है?,angry,hi
कोल्हापुर में पता ही नहीं चलता कि सड़क में गड्ढा है या गड्ढे में सड़क...,angry,hi
ये सब देखना बाकी है,angry,hi
दूसरे के साथ भागी पत्नी अब संपत्ति में हिस्सा मांग रही है,angry,hi
लाका तेरे फ़ायदे का विषय है भोसड़ी का,angry,hi
"सालों बीजेपी की सत्ता और गलती एनसीपी की, अंधभक्त कम दिमाग में",angry,hi
बताओ पिछले साल क्यों नहीं लिया..!,angry,hi
उपयुक्त उपमा.. यह नीच है. मतलब देखिए..,angry,hi
उनके लिए सत्ता विचारों से अधिक महत्वपूर्ण है।,angry,hi
अल्ला डेढ़ बुद्धिमान!!!,angry,hi
"हे बुद्धिमान व्यक्ति, उस रत्नागिरी लड़के को भी सिखाओ।",angry,hi
ढाल तलवारबाज सामने से लड़ते हैं। गुवाहाटी वाया सूरत रात के अंधेरे में भागना नहीं है..!,angry,hi
सबसे बड़ा भ्रष्टाचार है........जागते रहो अंधभक्त......,angry,hi
"जिस समय हिंदुत्व पर हमला हुआ, उसी समय यह तय हो गया कि शीलक सेना का अंत भी इसी प्रकार होगा",angry,hi
ये शांत नहीं बैठेगा. लाठियां ही चलेंगी...,angry,hi
"""हर किसी को याद रखना चाहिए कि हम बालासाहेब की शिवसेना को हराना चाहते हैं।""",angry,hi
जब देश का गृह मंत्री ही आरोपी हो तो देश का क्या होगा?,angry,hi
प्रवक्ता बनोगे तो कुछ कहना पड़ेगा?,angry,hi
चिमटी इसे ठीक नहीं करेगी. यह एक समस्या है। हिंदू खून पीना.,angry,hi
आपके मालिक ने चार आने आदमी को कैबिनेट में क्यों रखा?,angry,hi
"बड़े साहब के भतीजे को जनता ने स्वीकार नहीं किया, इस दाढ़ी का क्या काम... और दाढ़ी...!!",angry,hi
क्या श्रीखंड उसका अपना है या वह भी चोरी हो गया है। गद्दार द्वारा,angry,hi
आप अपने अहंकार के कारण पार्टी का नाम और चुनाव चिह्न बरकरार नहीं रख पाये. पहले इसके बारे में सोचो.,angry,hi
जब सत्ता में थे तो घरवाले घर बैठे थे और अब इस पर बात करना उचित है,angry,hi
ये भुजबल यह क्यों नहीं कहते कि जो लोग ऐ सरवस्ती में विश्वास करते हैं उन्हें मुझे वोट नहीं देना चाहिए,angry,hi
युवा सेना को आदित्य साहब ने खड़ा किया...आपका अधिकार क्या है?,angry,hi
बुर्जी पटेल को नामांकित किया गया,angry,hi
जब आपने साक्षात्कार दिया तो क्या आप सो रहे थे?,angry,hi
कपटी अनाजी पंत का षड़यंत्र,angry,hi
जब यह मर जाए तो इसे दफना देना,angry,hi
आपके लिए एक वोट राष्ट्रविरोधी लोगों के लिए एक वोट है....मानवतावादी सरकार,angry,hi
यह सुअर कौन है? भारत का सबसे बड़ा चोर,angry,hi
देश बेचने के बाद आगे क्या करना है इसकी कवायद चल रही है,angry,hi
अव्लाद अकेला है,angry,hi
जनता को उन विधायकों को भी यही सबक सिखाना चाहिए जिन्हें मतदाताओं ने चुना और विभाजित किया!,angry,hi
चापलूसी शुरू हो गई है.. अब इससे महाराष्ट्र को पता चलेगा कि गुजराती नीति कितनी अच्छी है..,angry,hi
इसी तरह करें..! ऐसा तब तक नहीं होगा जब तक आप ऐसा नहीं करेंगे..!!,angry,hi
येदि चुनाव होने वाला है. क्या सामान्य ज्ञान बिक गया? अभी भी उम्मीदवार हैं,angry,hi
"मेरा मतलब है, आपने वास्तव में क्या किया, जमीन पर खड़े होकर बादलों को उड़ा दिया?",angry,hi
यह निश्चित है कि आपके नीचे आग है। टार्च की चिंगारी देखकर.,angry,hi
"क्या अग्रवाल (सोशलिस्ट पार्टी) ही हैं जो मोदी का अपमान करते हैं, इस बारे में बीजेपी में भी बात करें",angry,hi
"कबूतरों को छोड़े जाने से पहले, देश बहुत बदल गया है; अब बलात्कारियों को रिहा किया जा रहा है..!!",angry,hi
ये आपकी समझ से परे है इसलिए ज्यादा मत सोचिए.,angry,hi
अरे! वह मेरा संकेत है,angry,hi
ऐसी किसी भाषा का प्रयोग नहीं किया गया. जैसे कि उद्धव ठाकरे के शब्द हैं. शैतान तुम,angry,hi
"""देवसेना से गलती हो गई, उस गद्दार बढ़ई को चौराहे पर लोगों के सामने डांटना चाहिए था।""",angry,hi
"बकवास सवाल, जो चुनाव आयोग के दायरे में नहीं आता.",angry,hi
अपने कर्मचारियों के मनोरंजन के लिए बनाई गई योजना को क्यों जारी रखें?,angry,hi
क्या हिंदुत्ववादी सरकार में गौरक्षकों पर हमले बर्दाश्त किये जायेंगे?,angry,hi
इसे इधर-उधर से क्यों नहीं निकाला जा रहा?,angry,hi
अर्थ? तथ्यों पर ध्यान दिए बिना अपनी राय देना क्यों जरूरी है?,angry,hi
क्या नौकरानी ने तस्वीरें लेना छोड़ दिया है?,angry,hi
हरफिकानी कि सीवर का मुंह साफ नहीं होगा.,angry,hi
उम्मीद है देशद्रोहियों पर उचित कार्रवाई होगी...,angry,hi
क्या आप एक कदम आगे बढ़ेंगे क्योंकि उन्होंने गोबर खाया?,angry,hi
"जहां संजय राठौड़ को भाई बनाते समय आपको भगवान का डर नहीं लगा, वहां आप लोगों से क्या पूछते हैं?",angry,hi
आप उसी ब्रह्मांड का हिस्सा हैं,angry,hi
वो कौन सी भाषा है... वो कौन सी संस्कृति है!,angry,hi
भारत कब टूटा या भारत को जोड़ने के लिए आंदोलन कर रहे हो?,angry,hi
ये चाय-बिस्किट पत्रकार लोमड़ी के लिए खट्टे अंगूर की तरह हो गए हैं,angry,hi
"अब हमें इन आवारा कुत्तों से सीखना होगा, हम आए दिन ऐसे कुत्तों को हांकते हैं",angry,hi
तो केले क्यों फूटते हैं...,angry,hi
समझें कि कोई व्यक्ति कितना लचीला है।,angry,hi
अरे ये आपके पुणे के नये मूर्तिकारों ने किया है,angry,hi
जैसे अंधभक्त इतने दिनों से मिंढे की धुलाई कर रहे हैं,angry,hi
इन तीनों ने उन्हें भी फाड़ डाला,angry,hi
यह नया दूसरा है,angry,hi
क्या आप मानते हैं कि उद्धव इस मोर्चे पर विफल रहे हैं?,angry,hi
आखिर बाला साहेब ने कहा था कि उद्धव का ख्याल रखना और किस मुंह से देशद्रोह करते हो,angry,hi
अंधभक्तों के लिए भीख की व्यवस्था की गई है,angry,hi
बेरोजगार आदमी को आज भूखा रहना बहुत काम मिल गया.... लगे रहो,angry,hi
अरे बारामती के तलवे चाटने में कितना लगता है?,angry,hi
महिला जानती थी कि गणित कच्चा है,angry,hi
क्या ईडी के जरिए जांच होगी कि ये पैसा कहां से आया? ......,angry,hi
मैदान मिलते ही ताल पर नृत्य किया गया... अब आयोग के सामने...,angry,hi
यह हमेशा की तरह बीजेपी के आईटी सेल बेबी द्वारा किया गया एक फर्जी काम है...,angry,hi
तो फिर उसी समय क्यों नहीं,angry,hi
तो क्या करेंगे नारायण राणे? यह उसके साथ अन्याय है!,angry,hi
"तो जोकसट्टा लोग कहां गायब हो गए, हम पहले उन्हें चाहते हैं! उन्हें क्यों ठीक किया गया है?",angry,hi
मौसम की रिपोर्ट लेकिन आप तो पत्रकार जैसे हैं सर....उनकी भविष्यवाणियां भी सूत्रों पर आधारित होती हैं....,angry,hi
भक्त अंधेरे में ही खुद को चाटकर साफ कर लेते हैं ताकि उन्हें बाहर जाने की जरूरत ही न पड़े।,angry,hi
राव ने चैनल के लिए टायरों की हत्या कर दी...चैनल के लिए यह इसके लायक भी नहीं है,angry,hi
वह रील काम नहीं कर रही है इसलिए चौंग्रेसी भाषा बोल रही है...,angry,hi
"हमारे साहब जनवरी से जून तक मुख्यमंत्री थे, फिर आत्महत्याएँ कैसे हुईं?",angry,hi
ख़ूब कहा है। ये ठाकरे सिर्फ बुलबुले और कायर हैं। राणे ने सही पहचान की है.,angry,hi
"हमारी उद्धव बाला साहेब की शिव सेना...मशाल जली है, तुम जैसे गद्दारों को जलाकर मार डालेंगे..",angry,hi
वह एक बिना सिर वाला सचिन सावंत है और अब वह एक पैसे वाला आदमी है।,angry,hi
महाराष्ट्र इतना मूर्ख नहीं है कि यह न समझे कि आप देशद्रोही विचारधारा से बोल रहे हैं।,angry,hi
जड़ में क्यों उठे... रहने दो,angry,hi
क्या सरकार बेंच के पीछे नहीं थी? क्या पैसा कमाना ही एकमात्र उद्देश्य था?,angry,hi
अंतिम वाक्य है - क्या आप यह कहना चाहते हैं कि इस समय केवल गोरे ही चाटे जाते हैं?,angry,hi
"सिर्फ इसलिए कि आप इस तरह के बकवास ट्वीट करते हैं, इससे आप एक साधारण पार्षद भी नहीं बन जाते",angry,hi
"अपने सामान्य ज्ञान को मूर्ख मत बनने दो, क्या तुम्हें अपनी आँखों में हिंदू रीति-रिवाज याद हैं?",angry,hi
तो आप किसमें सोये? लगभग महाराष्ट्र में,angry,hi
"मैं सहमत हूं, संजय को यह करना होगा।' बुधु",angry,hi
"देश और प्रदेश का बैंड बज चुका है, लेकिन जो गरीबों के पास गए हैं उनका बैंड बजने लगा है",angry,hi
क्या आप पेंगुइन को खरोंचते और चूसते हैं?,angry,hi
तारिपान के लोग इस विश्वासघात को नहीं भूलेंगे,angry,hi
"ये साला भाई तो पागल हो गया है, इस उम्र में चाहे कितना भी भूखा हो",angry,hi
हां बीजेपी व्यस्तता दिखाती है लेकिन असल वजह आलस्य है,angry,hi
गद्दारों का बाला साहब ठाकरे से कोई रिश्ता नहीं है.,angry,hi
ललचत्या ने कल उष्टी बिरया में हड्डियाँ चबायीं तो उसे उल्टियाँ होने लगीं।,angry,hi
आप जैसे सपोर्ट के कारण ही यह सिर पर बैठा है,angry,hi
"फडनवीस के भी छूटे पसीने, हुए ठीक",angry,hi
इसे यहां फोकस रहने दें।,angry,hi
फिर गए पानी में.... नेता खाने में लगे हैं.... परसेंटेज लो या काम करो....,angry,hi
क्या बारामती के महमद्या ने कुछ कहा?,angry,hi
सोशल मीडिया पर प्रत्येक नौसिखिया अटाचा चिवसैनिक चिव चिव चिव चिव का लक्ष्य...!,angry,hi
कौन सा बालासाहेब बालासाहेब थोराट या विखे? गद्दारों की टोली को ठाकरे के अलावा कोई नहीं जानता...,angry,hi
भारत का फुकु कौन है? में खोजें,angry,hi
"गाडे, आप वास्तव में कभी ट्वीट क्यों करते हैं?",angry,hi
"मुझे बताओ, तुम्हें समझ नहीं आता, तुम अपनी अज्ञानता जनता पर क्यों थोपते हो?",angry,hi
पिंपरी चिंचवड़ में भी....उद्धव भी शामिल हो गए हैं...कितना रो रहे हैं...,angry,hi
जवाब में अपमान है,angry,hi
"वह भी केतकर की तरह सांसद बनना चाहते हैं, इसलिए इस तरह की चापलूसी कर रहे हैं.",angry,hi
किस बात को लेकर उछल रहे थे बीजेपी नेता? अब भाग जाओ,angry,hi
क्या ये सचमुच जन्म से हिंदू हैं?????,angry,hi
कौन मरा क्या आपका मतलब युद्ध से है? क्या रोज़गार ख़त्म हो गया?,angry,hi
क्या फड़णवीस ने सूअर पाले हैं क्योंकि वह अपने बारे में नहीं बोल सकते?,angry,hi
वह घर पर परिवार के साथ ऐसी गंदी भाषा बोलता है,angry,hi
क्या आप धमकी दे रहे हैं?,angry,hi
"क्या पंढरपुर, डेगलूर और कोल्हापुर में भाजपा की संस्कृति खत्म हो गई?",angry,hi
"ओह, क्या कोई आपकी ओर ध्यान दे रहा है, आप बमबारी क्यों कर रहे हैं?",angry,hi
आपने मौन आदेश का उल्लंघन किया है,angry,hi
कोई और चुनाव नहीं होगा क्योंकि बीजेपी अंधेरी में हार जाएगी,angry,hi
हमेशा असमंजस की स्थिति में रहने वाले ये राज ठाकरे मुझे कभी पसंद नहीं आए,angry,hi
मैगजीन में लिखा है कि यह डॉक्टर कोड़े मारने लायक है,angry,hi
"ये जहरीले हरे सांप हैं, जो सिर पर बैठे हैं, इन्हें समय रहते कुचल देना चाहिए था",angry,hi
निर्लाजं सदा सुखी...साहब ऐसे ही हैं,angry,hi
"मैं तुम्हारे घर आऊंगा, मैं क्यों खो गया हूं?",angry,hi
अगर बक्से ही सब कुछ कर रहे हैं तो वोट देने में किसे दिलचस्पी होगी और क्यों?,angry,hi
यह आपका मूर्खतापूर्ण दिवालियापन है। ......,angry,hi
टोपी भी काली और दिल भी काला!,angry,hi
अगर आप ऐसा पक्ष ले रहे हैं तो मुझे आप पर संदेह है भाई,angry,hi
नाना ने कुछ भी 'स्क्रिप्टेड' नहीं मांगा तो चाय बिस्किट क्या?,angry,hi
जब आपने मेरे भाई को खोया तो क्या आपने ऐसा ही जवाब दिया था?,angry,hi
फेसबुक की पॉलिसी टीम भारत विरोधी और हिंदू विरोधी ग्रुप है,angry,hi
मोदी के राज्य में इस तरह का खर्च वहन नहीं किया जा सकता,angry,hi
"महोदया, आपकी यह कहने की कला कि आप सहित सभी भारतीय मूर्ख हैं, सराहनीय है",angry,hi
शिवसेना ठाकरे की है,angry,hi
लोगों की मजबूरी की भाषा में कहें तो क्या उन्होंने कभी सेना में रहते हुए उन्हें सलाम किया था,angry,hi
"मुंबई नगर निगम जीतना कितना मूर्ख है...!! पंढरपुर, कोल्हापुर, खडकावासला, डेगलौर, फिर कहां गई संस्कृति...!",angry,hi
"इस पोस्ट पर आपका भी पता कट गया है, पहले देख लें कि आप रहते हैं या नहीं",angry,hi
"सरकार अपनी जिम्मेदारी नहीं निभा रही है, सरकारी नौकरियाँ कम कर रही है और बेरोजगारी पैदा कर रही है।",angry,hi
"ढुंगन बाई, कुछ मत कहो",angry,hi
"वे बड़े (?) हैं, उनका काम मेरे काम से बड़ा (?) है, यह वाक्य मेरे मन में कौंध गया।",angry,hi
बाकी शेनिकन खुश नहीं होंगे.. भविष्य में रितुजा लटके भी शिंदे ग्रुप में शामिल होंगी..,angry,hi
क्या आप यह दिखाना चाहते हैं कि कानून सबके लिए अलग-अलग है?,angry,hi
"ये सब सच है, लेकिन गद्दार कातिल का दाग कैसे मिटाएगा?",angry,hi
सुमित राघवन जी के मालिक की कांटे से पिटाई. उन्हें यह पसंद नहीं है,angry,hi
यह भाजपा सरकार का गलत कदम है और वास्तव में अनुचित है।,angry,hi
देवताओं का उपहास करता है; लेकिन इसे लेकर सख्त कार्रवाई नहीं की जाती.,angry,hi
"आरएसएस एक कीड़ा है और इसे पूरी तरह से नष्ट कर देना चाहिए, आईटीआई सर।",angry,hi
पटाखे फोड़कर हमारी प्रकृति देवी का अपमान करने वाले सभी दिवालिया भक्तों के खिलाफ विरोध...,angry,hi
अनाजी और गद्दार सेना आज भी लोगों के सिर चढ़कर बोल रही है...,angry,hi
अगर ठाकरे के साथ राजनीति की जाए तो विपक्ष के सामने दो ही विकल्प बचते हैं: हार या पीछे हटना.,angry,hi
आवारा राजाओं और मूर्ख पाखंडियों ने हमारे देश को बहुत हानि पहुंचायी है,angry,hi
"कोर्ट का फैसला आ गया, किसे बेवकूफ बना रहे हो बे????",angry,hi
यह वास्तव में अच्छा है कि ये सभी सोशल मीडिया प्रभावशाली लोग चुटिया बना रहे हैं,angry,hi
देशद्रोही लोगों के मुंह से ये शोभा नहीं देता,angry,hi
आपको शिवसैनिकों ने अच्छी तरह पीटा है इसलिए आप बात कर रहे हैं,angry,hi
"ओह, आवेदन किसने किया? क्या कार्रवाई होगी यह जग जाहिर है",angry,hi
ये है पर्दे के पीछे का असली चेहरा,angry,hi
हाँ ये सच है.... प्रखर हिंदुत्व को छोड़ प्रखर सेकुलर बन गये....,angry,hi
"बाजार में खबर है कि कोई तुम्हें नहीं ले रहा, कह रहा कि तुम बोर नहीं हो",angry,hi
"यह अंग्रेज़ों का सहायक था, है और रहेगा।",angry,hi
उधोजी स्वयं बंदर बन गये हैं,angry,hi
"महँगाई डबल, बेरोज़गारी डबल... पेट्रोल डीज़ल ट्रिपल ये न्यू इंडिया...",angry,hi
क्या महाराष्ट्र में कोई कृषि मंत्री है????,angry,hi
"आपका चरमोत्कर्ष.. और निचला भाग जल्द ही काटा जाएगा, सावधान रहें..",angry,hi
ये कब ख़त्म होगा......राव ने उन्हें एक बार फ़ोन किया था.,angry,hi
"निष्ठा डूब जाती है, मल तैर जाता है",angry,hi
ये तो अपमान है मैडम...!! आपका ट्वीट...!! तुरंत ब्लॉक करें...!!,angry,hi
तुम्हारी माँ गिरवी है... नीचे RSS,angry,hi
"गद्दारी तो दोनों में है, अगली पीढ़ी जरूर तुमसे शर्मिंदा होगी",angry,hi
अबे क्या तुम भी लोगों में शामिल हो गए?,angry,hi
"हिम्मत है तो चुनाव कराकर दिखाएं, आपका अध्यक्ष तो महज कठपुतली है",angry,hi
भाजपा के लिए वोट उन लोगों के लिए वोट है जो देश को रसातल में ले जा रहे हैं,angry,hi
क्या होगा जब बी ग्रेड वाले सामने आने लगेंगे?,angry,hi
यह फूली हुई मूंगफली है भाई,angry,hi
"भांगर तो भांगर है, ये महाराष्ट्र में बहुत बड़ा कीड़ा है.",angry,hi
गद्दार बाला साहेब का नाम लेने के लायक नहीं हैं.,angry,hi
"वर्क फ्रॉम होम का मतलब है, ऑफिस का काम भी करो और घर का काम भी...वैतगवाड़ी नुस्ति",angry,hi
क्या ये भी... सभी गद्दारों के साथ... उद्धव सर्वश्रेष्ठ हैं.,angry,hi
भारत इन पागल फिल्मों से भरा पड़ा है,angry,hi
"ठीक है, हे भगवान..कितना जलता है..",angry,hi
क्या सोलापुर के भरत भालके के उपचुनाव के दौरान संस्कृति सो गई थी?,angry,hi
....पापी ठाकरे का समर्थन सबसे बड़ा अपराध....,angry,hi
वह बाद में ताइची से हाथ जोड़ेगा और माफ़ी मांगेगा...,angry,hi
इन बलात्कारियों की सी.बी.आई जांच कब होगी।,angry,hi
"हे गोबर, यदि तू कट्टरता जानता, तो तेरी एक रत्ती भी योग्यता न होती",angry,hi
शुभकामनाएँ लेकिन अंदर ही अंदर जल रही हूँ,angry,hi
अरे चूतिया...क्या बात कर रही हो?,angry,hi
श्री सत्यजीत कदम को नामांकित करके उन्हें हमेशा के लिए घर बिठा देना... ये कितना उचित है सर...,angry,hi
मैं कहता हूं सत्या पहले इसे बंद करो,angry,hi
महाराष्ट्र का गद्दार बीजेपी नहीं देगी,angry,hi
एकनाथ शिंदे की आड़ में बीजेपी और कितने महाराष्ट्र विरोधी फैसले लेगी?,angry,hi
ये अकाउंट भी सस्पेंड होने वाला है......शेनाली,angry,hi
ये लोग तब तक सीधे नहीं होंगे जब तक दादा को खोखले बांस का प्रसाद नहीं देंगे.,angry,hi
"आवेदन भरने से पहले सामान्य ज्ञान क्या है, क्या सूरत घूमने के लिए गुवाहाटी और गोवा गए थे",angry,hi
एक और सर्वदा भावी प्रधानमंत्री...,angry,hi
"सर, परिवारवाद बीजेपी, गोदी मीडिया, अंधभक्तों पर लागू नहीं होता",angry,hi
आप... देखें कि यह क्यों जाएगा अन्यथा आप पर बमबारी की जाएगी।,angry,hi
जब आप इसके लायक नहीं हों तो ज़्यादा बात न करें। लोग आपके बारे में ऐसा कह सकते हैं,angry,hi
यह आपके नेता हैं जो पूछ रहे हैं कि ठाकरे के पास इतनी संपत्ति कहां से आई।,angry,hi
अगर इसके पूर्वज अपने हाथों के पंजों का इस्तेमाल करके सोये होते तो यह समय नहीं आता,angry,hi
हे भक्त और इसका बकवास से कोई लेना देना नहीं है,angry,hi
"ताई मूर्ख है, उसे समझ नहीं आता कि वह क्या लिखता है",angry,hi
क्या आप कुछ भी फेंकते हैं? पत्रकारिता करते हैं? इसीलिए Ajtak ने काटा?,angry,hi
मराठी मीडिया असली मुखौटा दिखाता है। कृपया ऐसा न करें,angry,hi
"अब समझ जाओ, उन्हीं की पार्टी ने तुम्हारी ये हालत कर दी है.",angry,hi
भाजपा के लिए वोट महिलाओं पर अत्याचार के लिए वोट है।,angry,hi
"लेकिन ये तो हद हो गयी, ये सुन कर मुझे उबकाई आने लगी",angry,hi
सुसु ताई क्यों? वे उन्हीं गड्ढों की तस्वीरें ले रहे थे,angry,hi
रावण को लंका की शक्ति पर भी घमंड था!,angry,hi
यह अन्याय क्यों? यदि यह व्यवस्था एक स्वायत्त संस्था है तो फिर ऐसा भेदभाव क्यों??,angry,hi
"पेरे पाटिल, जब आप कहते हैं कि आप नहीं जानते, तो आपकी पढ़ाई में कमी है",angry,hi
"अब भले ही वह रोए, लेकिन जाना नहीं चाहता",angry,hi
लेकिन तेरी माँ का गुस्सा,angry,hi
तुम चुप क्यों रहते हो?,angry,hi
तो आप सहमत हैं कि मूर्तिपूजा मूर्खता है,angry,hi
"बहुत...!!! ये धूल की तरह पूरे वातावरण को दूषित कर देते हैं, कोई सामंजस्य नहीं रहता..!!!",angry,hi
ये मूर्ख और बेशर्म लोग हैं!!!,angry,hi
क्या आप घास खाने बैठे थे????,angry,hi
चोकनाथ को बस अपहरण करना बाकी रह गया है,angry,hi
ऐसी घटिया पत्रकारिता करने से बेहतर है भूखे मरना..,angry,hi
असीम सरोदे और उल्हास बापट ने उद्धव का सियासी खेल खत्म करने की सुपारी ले ली है.,angry,hi
क्या आपका मतलब यह है कि बालासाहेब आदरणीय नहीं हैं?,angry,hi
भ्रष्टाचार कम है,angry,hi
"यह महाराष्ट्र राज्य सरकार, फड़णवीस सरकार, भाजपा सरकार का सबसे अच्छा काम है.. ट्रोलिंग...",angry,hi
केंद्रीय गृह मंत्री का पद और राज्य के गृह मंत्री का पद भी बीजेपी के पास है तो उन पर प्रतिबंध क्यों नहीं लगाया जाए.,angry,hi
"उद्धव दुर्लभ हैं - असहाय, निकम्मे और बेशर्म",angry,hi
अगर इतना ही प्रचार है तो महाराष्ट्र में राहुल गांधी को चुनकर दिखाओ,angry,hi
आप सरकार हैं. क्या साल बीत रहे हैं???? महाभोग अग्रभाग,angry,hi
मुझे इसलिए हंसी आ रही है क्योंकि आप ये बेवकूफी भरी बात कह रहे हैं.,angry,hi
"हमारा विश्वास हमेशा न्याय के देवता में है, लेकिन उन लोगों में नहीं जो न्याय के देवता का प्रयोग करते हैं",angry,hi
"हालांकि, मराठी कलाकार शांत बैठे हैं. सुपारी के बारे में क्या?",angry,hi
देशमुख पवार पार्टी समर्थन के लिए सत्ता और धन के लिए सभी स्थानों पर जाएगी,angry,hi
क्या आप नहीं जानते कि इसे क्यों लेना है?,angry,hi
तुम अंधे भी हो और बेरोजगार भी,angry,hi
"ये श्याम नहीं, किन्नरों के बाप, सुसु की नाली हैं",angry,hi
यह अच्छी बात है कि... दोनों में से कोई भी हल्के-फुल्के नहीं हैं...,angry,hi
"तुम कौन हो धीमे भक्त? मंदबुद्धि लोगों को बताने पर भी पता नहीं चलेगा,",angry,hi
अगर आपके पास सबूत है तो शिकायत करें.. आपको किरीट सोमैया की जरूरत क्यों है,angry,hi
"हां, हिंदू हैं और ये हिंदू नफरत से भरे हुए हैं।'",angry,hi
तो क्या तेलगी की फोटो लगानी चाहिए????,angry,hi
"भाजपा गिर कर भी नहीं सुधरेगी, नीचता की पराकाष्ठा है",angry,hi
इस अंधभक्त को देखो,angry,hi
अभी जवाब पढ़ने आया कि वाग्ल्या की डांगी के नीचे मिर्ची होगी.,angry,hi
ढुंगन डंडा क्या है वह भाषा और क्या है दिखावा और कैसे भागें,angry,hi
"संकेत न मिलना बुरा संकेत है. चोर, गद्दार, फितूर, बक्से.. जय महाराष्ट्र..",angry,hi
सभी पार्टियाँ क्यों? क्या पत्रकारों को अब भी नहीं लगता कि बीजेपी ने गंदा किया है?,angry,hi
यहां तक ​​कि उस वर्ष से भी ऐसा कोई व्यक्ति एक कार्यकर्ता के रूप में अनुयायी हासिल करने के लिए बाहर गया था। कैसा संयोग है,angry,hi
क्या तुम पागल हो?,angry,hi
मैं नहीं खाता लेकिन जो खा रहे हैं उन्हें रोकता भी नहीं,angry,hi
गप येदज़्व्या.... आपको सोचना चाहिए कि आपको खेत में जलना चाहिए लेकिन आप ऐसा नहीं करते....,angry,hi
लोगो बहुत अच्छा लग रहा है!! सफ़ेद नहीं चाहिए!!,angry,hi
आपकी हार राहुल्य ये है कि आपके उद्धव को तीर से मशाल तक आना पड़ा..,angry,hi
"शेमान्या, तुम मांद में दुम दबाकर क्यों बैठी हो, अब बात मत करो।",angry,hi
अगर लटके मैडम बाला साहेब की शिव सेना में चली गईं तो क्या गुलाम लोग उन्हें गद्दार कहेंगे?,angry,hi
फौदा सरकार द्वारा शुरू की गई योजना केवल सरकारी सब्सिडी लूटने के लिए थी,angry,hi
पश्चिमी रेलवे जगत में चुटा के प्रकार।,angry,hi
इस आशावादी व्यवहार को गंदी राजनीति कहा जाता है...और राजनीति यही कर सकती है।,angry,hi
क्योंकि आप जैसे बहरे लोग इस देश के युवा हैं।,angry,hi
ये सचमुच खाली हैं,angry,hi
"क्यों कूदेगी संघोती, पहले ही राहुल गांधी की भारत जोड़ो यात्रा ने संघोती में फूट डाल दी है...",angry,hi
भोसरी का सवाल है कि अगर हिंदू संगठन से ही पूछा जाए कि वे किस स्तर पर इतने नाराज हो रहे हैं,angry,hi
"ताई,,,जिनके बाप का है उनसे छीन लिया, इस पाप का दंड कहां दोगे",angry,hi
कोम्बाड्या ने स्वीकार किया कि उन्होंने मूर्ख मंत्री पद बरकरार रखने के लिए कोल्हापुर की सीट छोड़ दी!,angry,hi
ऐसा लगता है कि विद्रोह से उन्हें यह हासिल नहीं होगा!,angry,hi
वे यहां अपने दांत नहीं जमा सके और भारत को जोड़ते फिरते रहे,angry,hi
जब मानसून आता है तो सांप और जब चुनाव आता है तो नेता...गड्ढे से बाहर आ जाते हैं,angry,hi
नाम पैन द्वारा चुराए गए हैं,angry,hi
और कहते हैं हम बाला साहेब के आदर्शों पर चल रहे हैं. सत्ता मिलते ही भूल गये.,angry,hi
चाहे आप कितने भी भूखे क्यों न हों...,angry,hi
ओ काका उरला सुरला का दिवाछता मनसे को,angry,hi
"कांग्रेस के नए अध्यक्ष मल्लिकार्जू को है 'ये' बीमारी, होता है इतना दर्द कि सर्जरी ही नहीं है विकल्प!",angry,hi
अब डायपर पहनकर सोएं और पीएं...,angry,hi
"ये ग्रुप बहुत अच्छे चुटकुले बनाता है, लोग इन्हें मूर्ख समझते हैं और मौसी भी इन्हें अंधभक्त कहती हैं",angry,hi
"श्वेत पत्र के लिए आय सीमा बहुत कम है, इसलिए निम्न मध्यम वर्ग को भी नारंगी नहीं मिलती है",angry,hi
"जी हां, मानों आप लोगों को आराम से रहने दे रहे हैं, ऐसा लग रहा है कि महंगाई नजर नहीं आ रही है",angry,hi
गद्दारों को देर से ही पता चला कि न्याय के देवता पर विश्वास करना आप जैसे धोखेबाज (बीजेपी) पर विश्वास करने से कभी बेहतर नहीं है!!!!,angry,hi
इन शरारतों ने शोर मचा दिया था,angry,hi
"कमली और ढालवाले भिखारियों की रस्सियाँ हैं, इनके आस-पास के लोग सब नीच हैं।",angry,hi
और ये पालतू बटुए शिकारियों की मदद क्यों नहीं करते?,angry,hi
गद्दारों का यही हश्र होता है,angry,hi
उनमें से एक यह है कि आजकल लोग मशहूर होने के लिए अपनी कमर तक छोड़ देते हैं,angry,hi
"क्यों, गद्दार....में इतनी दम नहीं है कि इस्तीफा दे सके।",angry,hi
एकले का कांडा क्या है ये + खुले सौ लटके कह रहे हैं.,angry,hi
विदेशियों के कार्यक्रम पर पैसा खर्च किया गया.,angry,hi
"ग्राम पंचायत कोई पार्टी नहीं है, हमें स्कूल में यही सिखाया गया था, आप किस स्कूल में पढ़ते थे?",angry,hi
"जब से मोदी सत्ता में हैं, जांच क्यों नहीं की गई?",angry,hi
गद्दारी की कोई माफ़ी नहीं होती..!! उनके खिलाफ कार्रवाई की जाएगी..!!!,angry,hi
ऐसा प्रतीत होता है कि यह राणा हवाला कारोबार करता है इसकी जांच होनी चाहिए,angry,hi
"हाँ, इन ढाई वर्षों को कौन अपने सिर पर लेगा?",angry,hi
"षडयंत्रकारी उप और संविदात्मक छाया एक साथ सब कुछ पर कब्ज़ा कर रहे हैं, यह बेसलेट संगकेम है!",angry,hi
"कई औरतों से रिश्ते, मार-पीट, ज़बरदस्त हँसी या रोना सवाल है...",angry,hi
"मुख्यमंत्री पद का अपमान: मुख्यमंत्री के बेटे का कहना, ये कुर्सी हमारे घर की है",angry,hi
सामंतवाद और वंशवाद का अच्छा उदाहरण. ठाकरे को छोड़कर बाकी सभी जूते की धूल हैं।',angry,hi
और ऊपर से सावित्री का चेहरा बना कर बात कर रहे हैं,angry,hi
पूर्णिमा - जब धोखाधड़ी को महीने का सर्वश्रेष्ठ पुरस्कार मिलता है!,angry,hi
"साल्या, अगर आप हमारी वजह से जन प्रतिनिधि बने तो हमें कोई फर्क नहीं पड़ता",angry,hi
"वह किसके खिलाफ लड़ेंगे...बाला साहेब की शिवसेना के खिलाफ। बाला साहेब के विचार कभी नहीं बचे, अब क्या हारेगी बाला साहेब की शिवसेना?",angry,hi
"जहीरनामा में स्काई बस और रिंग रोड बनने वाली थी, अभी तक नजर नहीं आई।",angry,hi
जब भाटालकर ने पूछा कि वहां कोई क्यों नहीं है तो उसे नाक-भौं सिकोड़ने की आदत पड़ गई,angry,hi
सत्ता का ऐसा दुरुपयोग बंद होना चाहिए.. इसलिए महाराष्ट्र को अनाजी पंत कहा जाता है.,angry,hi
भाड़े के लिए भौंकना.... लेकिन आपकी कीमत कुत्तों जितनी नहीं है,angry,hi
पता नहीं हिंदी में क्या कहते हैं...,angry,hi
पहले स्थान पर दूसरे धर्म के कार्यक्रम में क्यों जाएं? क्या हम मस्जिद में आते हैं?,angry,hi
महाराष्ट्र के लोग देख सकते हैं कि सावंता सत्ता में आ गई है।',angry,hi
मीडिया विधवा ने अफसोस जताया कि राजस्थान एक कांग्रेस शासित राज्य था,angry,hi
बीजेपी बाला साहेब का नाम लेने की हकदार नहीं है,angry,hi
"चतुरन भी आये, शब्दों में इतनी कंजूसी मत करो राव!",angry,hi
"कुंजी दी गई है, कुछ बोलेंगे, बात करने वाली गुड़िया के अलावा और क्या नहीं।",angry,hi
उपमुख्यमंत्री देवेन्द्र फड़णवीस का कहना है कि भ्रष्टाचार पूरी व्यवस्था का कीड़ा है...,angry,hi
भक्तों को इस अंधेरे में तीर चलाना चाहिए,angry,hi
यानी डिब्बे खत्म नहीं हुए और पेंशन लागू हो गई,angry,hi
"आपके साहब के आरे बालिश लेक को पत्र लिखने से पहले, उन्होंने चुनाव में गठबंधन किया था।",angry,hi
वे बाला साहेब के सिपाही हैं. क्या आप मोदी भक्त थे?,angry,hi
क्या महबूबा मुफ़्ती आपकी बहन हैं?,angry,hi
विरोध विरोध विरोध... किस स्तर तक जाएगा यह भयानक विकृति है...,angry,hi
यह इस बात का एक और उदाहरण है कि जब लोगों पर कोई संकट आता है तो भाजपा किस तरह अपनी जिम्मेदारी से बच जाती है।,angry,hi
अच्छा काम करना चाहिए था...,angry,hi
"उन्हें इसकी जानकारी नहीं है, इसलिए वह महाराष्ट्र के सत्ता संघर्ष में तारीख पर तारीख दे रहे हैं.'",angry,hi
"हां, लेकिन आप अनुक्रम से चूक गए, क्या आप पागल नहीं हैं।",angry,hi
"ये वो नहीं है जो नमक के लिए जागता है, लेकिन जाति कहां से जागेगी.",angry,hi
वह क्या कहता है कि उसे नहीं पता कि हेक्टर का मतलब क्या है?,angry,hi
क्या तुम्हें याद है?...कहना कि शासन फिर से मूर्खों के हाथ में नहीं है..,angry,hi
इसका मतलब बेरोजगारी भारत में नहीं है बल्कि भारतीय बेरोजगार हैं.,angry,hi
जब संजय जाधव राज्यसभा में हार गए तो संस्कृति कहां गई? बॉक्स का विरूपण,angry,hi
"अपने कंधों पर बैठो, शाह, मोदी, क्या यह तानाशाही है, राम्या?",angry,hi
"कुम्भकर्ण की नींद में सोई हुई सरकारों को जगाना चाहिए। किसी दिन बेरोजगारों को सड़कों पर उतरना पड़ेगा,",angry,hi
सबसे पहले खाजपा और राष्ट्रीय समलैंगिक संघ का बहिष्कार करने का समय आ गया है!,angry,hi
"हे संघवालों, गाय के गुर्दे के भक्त!",angry,hi
आपने क्या ग़लत कहा? ढाई साल तक क्या सो रहा था?,angry,hi
"तो फिर कोर्ट मत कहो, कहो. इसमें बीजेपी क्यों भाग रही है...",angry,hi
अब मैं एक छोटे लड़के की तरह ऐसा करने लगा,angry,hi
यह सामान्य ज्ञान केवल उन लोगों का हो सकता है जो विज्ञान की इतिहास परीक्षा का उत्तर देते हैं,angry,hi
"खंजर की जगह तलवार चलाओगे, लेकिन सिर्फ पीठ पर",angry,hi
"भारत में रहकर पाकिस्तान जिंदाबाद के नारे देना अस्वीकार्य है, ऐसे लोगों को कड़ी सजा मिलनी चाहिए...",angry,hi
मुख्यमंत्री मराठी की बजाय हिंदी क्यों बोल रहे हैं? उत्तर!,angry,hi
"वह चापलूसी धन्य है, जिसमें व्यक्ति की पूजा देश की गरिमा से बड़ी हो जाती है।",angry,hi
सबसे ज्यादा भगवा रंग के नाम पर जहर बिक रहा है...,angry,hi
"उशिवसेना और शिव सेना को अच्छा लगता है, जो कई जोड़ तोड़ता है!!",angry,hi
"जैसी नजर, वैसा नजारा. भाजपा विरोध के पीलिया से सब पीला नजर आ रहा है",angry,hi
क्या यह येडा है?,angry,hi
क्या आपने सचमुच अपनी संतुलन सेना की सुस्ती को यह सिखाया है?,angry,hi
अब ये नट-पोट देश में कूटनीतिक सलाहकार बन गया है.,angry,hi
"क्या यह इसके लायक है, हे भ्रष्टाचार के कीड़े",angry,hi
बे कितना नकली आदमी है...साला को असली स्कूल जाना चाहिए...,angry,hi
यह पता नहीं चलना चाहिए कि मिट्टी कहां से आई,angry,hi
"ओह, उस बेकार सेना के बारे में बात करें जो आपके साथ है। असली शिव सेना तो उद्धव बाला साहेब ठाकरे हैं।'",angry,hi
पालकुटों की ढाल और तलवार। यह शक्तिशाली मावलों का घोर अपमान है?,angry,hi
ऐसे माता-पिता के होते हुए प्रति वर्ष छह लाख बहुत ज्यादा है।,angry,hi
ये NCP के कीड़े जातिवाद के अलावा कुछ नहीं कर सकते,angry,hi
आपका हिंदुत्व ऐसा क्यों है कि आपके सभी सहयोगियों ने आपका साथ छोड़ दिया है?,angry,hi
झूठ बोलो लेकिन तर्कसंगत बोलो यही भाजपा की नीति है,angry,hi
तो फिर आपने उस समय कांग्रेस प्रत्याशी का समर्थन कर प्रचार क्यों किया? क्या आपको लगता है कि लोग मूर्ख हैं?,angry,hi
देवी के साथ ऐसी तस्वीरें पोस्ट कर हिंदू धर्म का अपमान न करें।',angry,hi
"जब ऐसा लगता है कि आप हारने वाले हैं, तो आप सहानुभूति हासिल करने की कोशिश कर रहे हैं",angry,hi
"तुम्हें मराठी के लिए इंतजार करने का कोई अधिकार नहीं है, प्रिय घोड़े!",angry,hi
"खैर, आपकी महिला मोर्चा जानबूझकर वहां सामाजिक कल्याण कार्यक्रम कर रही थी",angry,hi
गुजराती को गाली देना और वोट के लिए गुजराती में प्रचार करना कितना पाखंड है,angry,hi
"अरे उठो, मोदी देश को लूट रहा है, बोलो, विरोध करो, ये हिटलर तुम्हारा इंतज़ार कर रहा है",angry,hi
यह तो साहेब का लाड़ चाटने वाला मूर्ख है,angry,hi
"यदि यह बड्डला होता, तो क्या आप बोकांडी को ले जाते?",angry,hi
ये मेरी ख़बर नहीं कि तुम्हारे थूक से फावड़े के इरादे नहीं बदलेंगे,angry,hi
फ़ैज़ाबाद बेशर्म महत्त्वाकांक्षा का प्रतीक है...राक्षसी प्रवृत्ति का है,angry,hi
यह महिला कार्ड खेलने का समय है,angry,hi
अगर आपको काम नहीं मिलेगा तो आप फालतू बयान देकर चर्चा में बने रह सकते हैं,angry,hi
एक बार वे पटोला गए और विधान परिषद को निर्विरोध बनाने के लिए किसी के पैरों पर गिर पड़े,angry,hi
"तुम्हें जो कहना है कहो, क्या यह वड़ापाव कार है?",angry,hi
राजनेताओं को करोड़ों पेंशन की आवश्यकता क्यों है? क्या राजनीति एक नौकरी है?,angry,hi
शरद सेना का इतिहास और भूगोल दोनों कच्चा है.,angry,hi
क्या आपको एक साल के बॉस के बारे में बात करने में शर्म नहीं आती?,angry,hi
तुम इसलिए आये क्योंकि मराठी दिमाग की गाड़ी में दम नहीं है,angry,hi
कुछ लोग हा हा हा भी दिखाते हैं,angry,hi
. क्योंकि हिंदुओं से नफरत करना पहले से ही तय है,angry,hi
ये समझौता ट्विटर पर ही काला है,angry,hi
आपकी तंत्राली पहले से ही क्यों उखड़ी हुई है,angry,hi
आपकी बुद्धि इतनी निम्न है कि उस पर प्रश्न नहीं उठाया जा सकता,angry,hi
वहां उनकी मुलाकात अबा पाटिल से हुई और उन्होंने समुदाय के एक मराठा को कुचल दिया,angry,hi
"नहीं, मराठी कुत्रकारों को म्हाडा में फ्लैट जरूर दिया जाएगा",angry,hi
बातचीत सामान्य ज्ञान की नहीं है और यहां बैठकर बड़बड़ा रहे हैं,angry,hi
यह बेशर्मी की हद है!,angry,hi
क्या इसका मतलब यह है कि लोग बहरे हो जायेंगे?,angry,hi
"भारत को धमकी देने वाले रमीज राजा का वीडियो हुआ वायरल, देखिए उन्होंने क्या कहा...",angry,hi
और विश्वासघात के लिए धन्यवाद!!!!!,angry,hi
उद्धतराव ने अब अपने ही पिता की पार्टी को जलाने की मशाल उठा ली है.,angry,hi
"अगर सब कुछ धोखा हो रहा है तो मुख्यमंत्री कहां हैं, उन्हें सिर हिलाने की क्या जरूरत है.",angry,hi
आपकी राय का कोई मूल्य नहीं है...आप इसके लायक नहीं हैं..,angry,hi
"शरद सर, कडु अपमान है.. ध्यान रखना",angry,hi
"ये इतने महत्वपूर्ण नहीं हैं कि इन पर ध्यान दिया जाए, इनका कोई मूल्य नहीं है।",angry,hi
"दादा आ रहे हैं, उनके घर की औरतें दाढ़ी की भक्त हैं न...",angry,hi
उसके पैरों के नीचे से रेत खिसक गई है इसलिए अब कुछ भी नहीं हिल रहा है,angry,hi
"ऐसी तुलना अच्छी नहीं है, ये चितले की दो मिठाइयों के बीच तुलना है",angry,hi
विधायक वहीं के हैं और मुंबई आएंगे....क्या औरंगाबाद में इतना अच्छा अस्पताल नहीं है...?,angry,hi
"बेशर्म भी है अब, झूठा भी है",angry,hi
चुनाव में जनता को बेवकूफ बनाने के लिए यह निश्चित तौर पर एक अहम मुद्दा हो सकता है.,angry,hi
"अधि एकनाथ शिंदे, फड़नवीस, नारायण राणे, राज ठाकरे, किरीट सोमैया, शाह और नड्डा की जांच होनी चाहिए।",angry,hi
लेकिन राजीव गांधी के सामने झुककर पवार साहब ने ये सम्मान बर्बाद कर दिया....,angry,hi
तेल निकला घी गया..!कद्दू के बीज आये हाथ..!,angry,hi
क्या सारे देहाती और महारथी बीजेपी में हैं?,angry,hi
इसका श्रेय आदित्य ठाकरे को जाना चाहिए था...तो यह एक और घटिया राजनीति है।,angry,hi
जिन लोगों ने स्कूल बंद करने का फैसला किया..उनके पुतले जलाओ दोस्तों..,angry,hi
"सीधा ऑफर लेटर, ये तो घोटाला है रे बाबा",angry,hi
विजय दर्डा बच्चा है,angry,hi
क्या शशि थरूर को वोट देने वाले हजारों लोगों को देशद्रोही कहा जाना चाहिए?,angry,hi
"गंगाधर राव दुनिया के नंबर एक आविष्कारकों में से एक हैं, राव ने कितनी बड़ी मिसाल कायम की है",angry,hi
"सर, इस बात से अवगत रहें कि आपका कर्तव्य क्या है और आप किसके बारे में बात कर रहे हैं",angry,hi
लोकसत्ता एक बिकाऊ समाचार पत्र है। गिरीश कुबेर झूठा है.,angry,hi
"अपने ही खाने में सच्चाई नहीं, और किसी और को बुलाने की क्या चाल है...",angry,hi
"नितेश राणे, तेरी औकात क्या है, क्यों बोल रहा है, तुझे शर्म आनी चाहिए, अभागे जानवर...",angry,hi
भल्ला भल्ला ला नहीं मिला और ये है अनीन हां,angry,hi
ताई दोमुँही मालन है तुरंत बदल जायेगी,angry,hi
अंधभक्त बनने के लिए यह पैटर्न अनिवार्य है,angry,hi
भक्त की बात हो रही है और क्या कहें,angry,hi
जो सभी कीड़ों को तृप्त और खिला रहा है,angry,hi
कहाँ है ये नकली कच्चे बादाम...,angry,hi
कांग्रेस ने मेरी आलोचना करने का ठेका किसी और को दे दिया- पीएम मोदी का बयान!,angry,hi
"केशव बहुत अच्छे लग रहे हैं क्योंकि शिवतीर्थ में दशहरा सभा की अनुमति है, आग जल रही होगी...",angry,hi
"विकास, स्मार्ट सिटी के नाम पर जनता की धोखाधड़ी और नेताओं की दौलत देखने को मिल रही है",angry,hi
यह लोगों द्वारा बनाया गया है और इसके मूल लोगों को भुगतना पड़ता है। नौकरों को नौकरों की तरह व्यवहार करना चाहिए।,angry,hi
लाई रंगबाज़ लोग हैं,angry,hi
जो सरकार युवाओं के सपनों को पूरा करने में विफल हो उसे सत्ता में रहने का कोई अधिकार नहीं है।,angry,hi
"नगर पालिका से लेकर संसद तक अन्ना आप ही थे। तो, आपने पिछले साल क्या किया?",angry,hi
जिंदगी भर इफ्तार पार्टियाँ करते-करते जब विनाश निकट हो तो हिंदू की कीमत पता चलती है।,angry,hi
चंपा का क्या काम है?,angry,hi
वे हर जगह गांड मारते फिरते हैं,angry,hi
"एक मशाल जलाएं क्योंकि उद्धव की नियति क्या है, उसके अंदर हिंदू विरोधी अंधेरा फैल गया है",angry,hi
जी...क्या आप यह भूल गए...????? ये लाचारी क्यों...????,angry,hi
इसके लिए चारों स्थापित पार्टियां जिम्मेदार हैं मैडम,angry,hi
प्रभावित तब भी पाखंडी था और अब भी है..कुछ नहीं बदला,angry,hi
भातखलकर जैसा असभ्य सड़कछाप आदमी मैंने कभी नहीं देखा.!,angry,hi
और इस चीनी उद्योग को ख़त्म करने की आपकी महाशक्ति राक्षस है!,angry,hi
यह फर्जी है,angry,hi
बीजेपी की दलाली करके,angry,hi
और ये भिखारी एक महिला के लिए उपचुनाव वापस ले रहे हैं..अयोध्याजी.,angry,hi
बिल्कुल कौन बाला साहेब? उसका पूरा नाम क्यों नहीं? क्योंकि फितूर इसके लायक नहीं है.,angry,hi
"इसमें कोई संदेह नहीं कि आप नेता हैं, ऐसी बचकानी बुद्धि तो बच्चों में भी नहीं होती",angry,hi
क्या आपने गद्दारी इसलिए की क्योंकि उद्धव साहब ने आपको आपकी औकात से ज्यादा दिया था?,angry,hi
पढ़े-लिखे युवा चुप क्यों? बेरोजगारी के लिए कौन जिम्मेदार है?,angry,hi
"ऐसे लोग किसी भी पार्टी के हों, हिंदू द्वेषी हैं",angry,hi
बीजेपी की उम्मीदवारी में दम नहीं है. इसलिए यह खामी है.,angry,hi
आज तक इस चाय बिस्किट चुनाव आयोग को बीजेपी की बी टीम कहकर प्रचारित किया गया..,angry,hi
"ऐसे लोगों के कारण ही देश की एकता नष्ट हो रही है, इनके खिलाफ सख्त कार्रवाई होनी चाहिए!",angry,hi
महाराष्ट्र के लोगों ने आपकी भाषा देखी है इसलिए सलाह न दें,angry,hi
"अब भी, मैंने उसके बारे में कहीं से सुना है, मैंने छलांग क्यों लगाई?",angry,hi
बालासाहब थोराट की शिव सेना क्यों? क्या उसे अपने पिता का नाम बताने में शर्म आती थी?,angry,hi
अब ये कैसी अंधभक्ति है?,angry,hi
क्या पता तुम मेरे जज्बातों का बाज़ार कैसे भर देते हो?,angry,hi
और ये ड्रग्स किसी के पोर्ट पर उतरते हैं,angry,hi
आप पाकिस्तानी हैं...आप हम पर क्यों उंगली उठा रहे हैं?,angry,hi
आप हमेशा उनकी अनियमित बिजली आपूर्ति का उपयोग करते हैं.. और उनके नियमित बिल समय पर भुगतान करते हैं.. यह उनकी सजा है..,angry,hi
नरसंहार की भाषा बोलने वालों क्या आप बता सकते हैं कि गोवारी नरसंहार क्यों किया गया??????,angry,hi
बर्तनों का संग्रह इकट्ठा करना पड़ता वरना हर एक को दिखाया जाता। हमले के बाद संतोष बांगड़ की आक्रामक प्रतिक्रिया.,angry,hi
"क्या अब तुझमें है दम उससे बात करने को, तेरी सांसों के नीचे से धुआं निकलेगा",angry,hi
तुम गद्दार ही रहोगे और अगली पीढ़ियों पर भी यही दाग ​​छोड़ गए हो..,angry,hi
क्या मराठवाड़ा विश्वविद्यालय में हो रही इस बर्बादी को लेकर कोई ठोस कदम उठाएगा? जी. जी.,angry,hi
भ्रष्टाचार देश का नासूर है: देवेन्द्र फड़णवीस,angry,hi
क्या आप अगले दो वर्षों तक कुछ रोशनी जलाएंगे और सिर्फ ठाकरे का नाम जपेंगे?,angry,hi
"""उद्धव ठाकरे हताश, अप्रभावी, अहंकारी हैं"" बीजेपी विधायक का तंज; कहा, ''उन लोगों के लिए जो घर पर बैठे हैं...''",angry,hi
कोई देवाज़ा शरीफ़ द्वारा खाई गई बिरयानी की हड्डियाँ चबाने गया था।,angry,hi
"नहीं, वहाँ मुँह लगाओगे तो यही होगा.. एक बार फिर मुँह मारो...!!",angry,hi
"अज्जी ने भक्तों की जिंदगी बर्बाद कर दी है. इसलिए, दूसरे लोग उत्पीड़ित महसूस करेंगे।",angry,hi
भारत देश में जितने भी हरामियों का खौफ है उनको देशभक्ति दिखानी होगी,angry,hi
ये तो कुछ ज्यादा ही हो गया...,angry,hi
"क्या आप मातोश्री के चौकीदार हैं? जिन लोगों ने यात्रा से इनकार कर दिया, मैं चाहता हूं कि आप जाएं और यात्रा करें।",angry,hi
"उनमें अपने नाम पर टिप्पणी करने की हिम्मत नहीं है, वे परिणाम की बात कर रहे हैं",angry,hi
अब आपको उन लोगों का भी समर्थन मिलेगा जो नक्सली हैं क्योंकि हमारा अस्तित्व खत्म हो गया है..,angry,hi
"आप सिर्फ मुसलमानों को जहाज पर चढ़ा दीजिए, बाकी महंगाई कम करने का काम मोदी कर देंगे।'",angry,hi
"भारी बारिश के कारण पुणे नगर पालिका ने पुणे में कैसी लाइटें लगाई हैं, इसका अंदाजा लगाया जा सकता है- अजित पवार",angry,hi
क्या आप येदाज़व्य जवाना के साथ जाने के योग्य हैं?,angry,hi
अब क्या ये सतरंजय लोगों को ज्ञान सिखाएगा..,angry,hi
पिछले ढाई साल से लकड़ी का पुल खराब होने पर कुछ नहीं किया गया,angry,hi
यह जानकर ख़ुशी हुई कि आपके कारण मनसे कहाँ पीछे है,angry,hi
"भाजपा कार्यकर्ताओं की स्थिति उस गड्ढे जैसी हो गयी है, जहां लोग नाच रहे हों",angry,hi
इतना तेज दर्द सिर तक चला जाता है,angry,hi
रोजगार के सिर्फ खोखले वादे... सरकार सिर्फ नारों का बाजार है... लाखों बच्चों के भविष्य के साथ खिलवाड़...,angry,hi
सारी दुनिया जानती है कि आप अंगूठे में अच्छे हैं,angry,hi
"अब समझ में आया कि तेरे पास धोती क्यों नहीं है, भोसड़ी से तूने पतली सी चोली इकट्ठी कर ली है",angry,hi
"एक मराठी मराठी के रूप में, ठाकरे ने मराठी लोगों का चेहरा मिटा दिया",angry,hi
"इसका मतलब है, किसी और की शादी और नाच!",angry,hi
"देश में बेरोजगारी नहीं है, युवा लड़के-लड़कियां शिक्षा पाने में असफल हो रहे हैं।",angry,hi
"दत्ता, क्या आप जानते हैं कि ब्रह्मा ने सरस्वती के साथ बलात्कार किया था",angry,hi
ये लोग तो पहले से ही रो रहे हैं,angry,hi
"कॉमरेड, लिम्ब्रांडू, सेक्युलर, ब्लू, ग्रीन सभी सक्रिय हैं.. निश्चित रूप से यह आधारवाद की सुनियोजित योजना है... नाना, नारके, संग्राम, छठी कलवाला, और भी बहुत कुछ ??????",angry,hi
क्या कांग्रेस आ गयी? तो फिर छक्किया क्यों नाच रही हो?,angry,hi
"वो कहेंगे ज़रूर लेकिन ऐसे नहीं, वो कहेंगे कि वो बाला साहेब की शिव सेना के गद्दारों को हराना चाहते हैं.",angry,hi
मराठी मीडिया की वजह से यह पाप आपके गले में बंध गया है..इसके बारे में कुछ करें..,angry,hi
मंदिर के बाहर भीख मांगने की इतनी आजादी...,angry,hi
कई वर्षों तक महाराष्ट्र में रहते हुए मैंने मराठी नहीं सीखी... यह सब बकवास है।',angry,hi
"वह कैसे भाग सकती है, लेकिन ध्यान दो, दौड़ने वाले कितने नीच हैं।",angry,hi
भारत के उदाहरण के रूप में अब सभी का गुणगान करें...वही रहेगा....,angry,hi
अपने पतिदेव का सिर छोड़कर कुछ और खा लो...,angry,hi
यह आपकी मानसिकता है... इसीलिए यह समय है,angry,hi
"आपके पेट में क्यों उठ रहा है शूल, तो क्या करें?",angry,hi
मुझे समझ नहीं आता कि कोई गंदगी पर भौंकने का आनंद कैसे ले सकता है।,angry,hi
"भाजपाई हरामखोर ऐसा कर सकते हैं, पटलयांत्री",angry,hi
ऐसा लिखने या बोलने से सिर्फ और सिर्फ सहानुभूति हो रही है और कुछ नहीं,angry,hi
सभी भक्त येडे नहीं हैं लेकिन कुछ इधर-उधर हैं,angry,hi
नहीं सर आपका बयान बहुत गलत है,angry,hi
अरे कोरोना में मर जाते तो अच्छा होता... ये सवाल कोई नहीं पूछता,angry,hi
"तुम्हारा भी ख़त्म हो गया, देखो, थोड़ी सी लकड़ी भी नहीं जलेगी पापा",angry,hi
"महाराष्ट्र के लिए एक महत्वपूर्ण परियोजना को विराम की जरूरत है लेकिन एक महंगी, अनावश्यक बुलेट ट्रेन की",angry,hi
इस देश में ये सब इसलिए चल रहा है क्योंकि ये सरकार हैण्डजॉब है,angry,hi
"बहनचोद, तू कूद नहीं पाएगा",angry,hi
यह कृत्य अत्यंत दुर्भाग्यपूर्ण है. ऐसा कृत्य करने पर प्रतिषेध की सजा होनी चाहिए,angry,hi
गद्दार और वो तरबूज़ खाक हुए बिना नहीं रहेंगे,angry,hi
ये उसका एक हिस्सा है जो अंधभक्तों को खूब मारेगा,angry,hi
"विरोध, राऊत साहब की फोटो क्यों नहीं...?",angry,hi
ऐसा ही होता है जब चोर को ऐसी मुर्गी दी जाती है,angry,hi
आप क्यों सो रहे हैं?...गृह मंत्री कहां हैं?,angry,hi
ऐसे नेता वोट पाने के लिए देश को बेचने जा रहे हैं।',angry,hi
और शिवसैनिकों की भाषा में कहें तो महाराष्ट्र एक कंपोस्टेड महाचूटिया है..,angry,hi
हाय आपके तर्क को किडनी का दौरा पड़ गया,angry,hi
"छत्रपति संभाजीनगर औरंगिया के पहले वंशज हैं। सबसे पहले, अपने अपमानजनक पिता को भूल जाओ।",angry,hi
आपकी याद आ रही है सर. इन गद्दारों को पूरा जवाब और अदल देना है.,angry,hi
"आपको ज्यादा समझदार होने की जरूरत नहीं है, बांस गिर जाएगा, तब आपको समझ आएगा",angry,hi
"""सहानुभूति, आंखों में आंसू,"" राज ठाकरे की उद्धव ठाकरे की तीखी आलोचना; कहा ""कोई भी लहर...""",angry,hi
"अरे भाई, तुम्हें पहला उम्मीदवार खड़ा करना नहीं है, नौटंकी क्यों कर रहे हो।",angry,hi
"यह तय है कि बीजेपी मुंजी की भुर्जी करेगी, क्योंकि वह गिर जाएगी.",angry,hi
सुबह सबसे पहले जाकर देख लेना कि तुम्हारे साहब ने रात में शराब तो नहीं पी है,angry,hi
प्यार है... खाना घर का और मरना दूसरों के लिए... ओकरा की क्या जरूरत...,angry,hi
"जा भोसरी का...सारे भ्रष्टाचारियों, अत्याचारियों का कब्जा हो गया है और वर मिजस चालू...फेकू-तड़ीपार की पार्टी है ""खाजप""",angry,hi
हमारे जिले में इस संस्कृति को भुला दिया गया... देगलूर नांदेड़. ये बीजेपी वाले,angry,hi
अगर आप ठीक से ब्रश नहीं करते हैं तो इसके लिए आपको टैग किया जाता है,angry,hi
शिंदे-बीजेपी एक भी सीट नहीं जीतेगी...क्या इसे शुरुआत कहा जाए?,angry,hi
भाइयों को बस इतना ही करना है,angry,hi
बाला साहेब के ड्राइवर प्रकाश ने कहा कि संजय राउत जेल गए,angry,hi
"इसे कहते हैं सामान्य ज्ञान, प्रयोग कम प्रयोग ज्यादा चिली।",angry,hi
'ऐसा नहीं है कि हमें संसद नहीं मिली लेकिन हम इसके लायक नहीं हैं' यह अधिक प्रासंगिक है।,angry,hi
"हाँ, दादा पिता चोर है, यह गद्दार है",angry,hi
"क्या आपकी कोई बेटी नहीं है? आप फकीरी ​​विचारों के स्वामी प्रतीत होते हैं, जैसा आपने कहा, वैसा ही लिखा",angry,hi
ये भावे जाम अब सिर पर चढ़ने लगा है.,angry,hi
बिल्कुल...जब तक घर नहीं टूटेगा ये संभव नहीं है..अभी भी पुलवामा नरसंहार का सच सामने नहीं आया है.,angry,hi
लैटाडलो का क्या मतलब है जब वह पद पर थे अब उडूडो।,angry,hi
वो मैडम प्याज नहीं खाती इसलिए उनका सिर आलू से भरा है....लगता है,angry,hi
और ये निकम्मे लोग हमारा नेतृत्व कर रहे हैं...,angry,hi
"भक्तों का यही चलन है, जो भक्त जितना ज्यादा ट्रोल होगा उसे उतना ज्यादा भुगतान मिलेगा।",angry,hi
दो बच्चों की पप्पी ले ली और डेढ़ किलो सोना समेत करोड़ों रुपये लूट लिये,angry,hi
"आप कुछ भी कहें, बीजेपी जब्त हो जाएगी.",angry,hi
बेशर्मी से ये महाराष्ट्र को परेशान करेंगे और यही उदात्तीकरण भी,angry,hi
महाराष्ट्र नहीं जानता कि आप कौन हैं और आप जो कह रहे हैं उसे स्वीकार नहीं करेंगे,angry,hi
कहां मर गए भक्त और क्यों बोलेंगे इन हरामियों के विरोध पर?,angry,hi
"सामान्य बुद्धि के सर्वश्रेष्ठ उदारवादी आइसक्रीम और मशाली के बीच अंतर नहीं समझते, भले ही वह बड़ी ही क्यों न हो।",angry,hi
"अरे सर, रॉयल्टी क्या मांग रहे हो, सीधे उन पर और चुनाव आयोग पर केस कर दो",angry,hi
"वह कौशल इनामदार, मोहित कुंभोज, सदानंद, राष्ट्रभक्त काका आदि के बाद एक सेलिब्रिटी बन गए।",angry,hi
ये गद्दारों के दस्तूर हैं.,angry,hi
"आपको भी जेल में डालना चाहिए, पाटिल नाम ले रहे हैं",angry,hi
"गद्दार लोगों के लिए लूट छुपाने के लिए बुरखा तैयार रखना, चोर बाप",angry,hi
दस्त होने पर खांसी आना और अंदर ही अंदर खांसी आना...क्या आपकी सांस फूलने लगेगी?,angry,hi
दोस्तों का कर्ज माफ करना देश और जनता से गद्दारी है।-,angry,hi
"ढाल-तलवार चिन्ह मिलने से क्या फायदा, तुम तो जान की आड़ में छिपना चाहते हो।",angry,hi
"यह सच है, धोखेबाजों के बहकावे में न आएं",angry,hi
क्या ये लोग पागल हैं?,angry,hi
"साजिदा, ऐसा लगता है कि तुम्हारे पिता को मिस्टर शिंदे ने चुरा लिया है",angry,hi
लोग अच्छी तरह समझ चुके हैं कि दो चार वड़ा पाव का मतलब है कि लोग ब्लॉकमास्टर नहीं बनते,angry,hi
जब महबूबा मुफ्ती केशवराव का लोटंगन पहन रही थीं तो हिंदू धर्म कहां चला गया था।',angry,hi
"तो मैं कमली को डाँटता हूँ, हम सब नीच लोग हैं, तुम्हारे जैसे",angry,hi
"| आर्यन खान की जांच में कई गलतियां, अधिकारियों पर होगी कार्रवाई",angry,hi
"मत आना पापा, नहीं तो कोई और पत्रकार बड़ा हो जाएगा।",angry,hi
ये लोग भी मराठी के हत्यारे हैं.,angry,hi
यह कहना अच्छा है कि देवेन्द्र फड़णवीस बेकार हैं।',angry,hi
"चूँकि हनुमान चालीसा का विरोध कर रहे थे, भगवान राम ने अंततः धनुष और बाण छीन लिया।",angry,hi
इस वर्ष आप एक भी नगरसेवक नहीं चुने जायेंगे.. देशपांडे एक लंबी कहानी है,angry,hi
अब इसे किसने दबाया...देखो कैसे चीख रही है..!,angry,hi
क्या महबूबा मुफ्ती के साथ गठबंधन में गधे ने घास खाई?,angry,hi
जब आपका काम ख़त्म होने वाला था तो आपने इसका स्वाद क्यों चखा?,angry,hi
क्या पुणे में सड़कें हैं?,angry,hi
लड़का अपना नाम बताता है और चेला पार्टी प्रमुख का नाम बताता है...इसे क्या कहें!!,angry,hi
आप ठाकरे के घर में बर्तन धोते हैं और दूसरों को भक्त कहते हैं।,angry,hi
मोदी और शाह के सामने हमारी क्या हालत है?,angry,hi
यह बात तुम्हें तब अच्छी तरह याद रहेगी जब तुम पर गोली चलाई जाएगी,angry,hi
चोर के मुँह में घुस गया चिकन तो चलो टॉर्च पर चिकन को आइसक्रीम के साथ भून लें.,angry,hi
धनुष में कोई तीर नहीं होता और तीर में कोई धार नहीं होती,angry,hi
ससुराल जाने पर क्या इस घर के बच्चे इतराते हैं? यह सभी महिलाओं का अपमान है.,angry,hi
तो ठाकरे क्या करते हैं?... मुझे लगता है कि सतरंज्या के 'जूते उठाओ...' की वजह से आपको यह प्रमोशन मिला है।,angry,hi
धीमे सैनिक बेकार हैं. उनका एकमात्र काम कमली की दलाली करना है,angry,hi
यहां कई फर्जी हैंडल पच्चीस तीस पर मर चुके हैं.. तो कई भविष्य में भी मर जाएंगे..!!,angry,hi
लेका के हंगामेदार मामले से तिरकित ताथैया शायद चुप हो गए हैं। जैसे ही नैतार नाचता हुआ आया।,angry,hi
स्वायत्त संस्थाएँ केवल नाम की हैं। ये संस्थाएं केंद्र के दबाव में ही काम करती हैं. इस पर देशव्यापी आंदोलन की जरूरत है.,angry,hi
इस्तीफा देकर चुनाव का सामना करें ताकि लोग उनकी औकात दिखा सकें,angry,hi
"ओह, हम कड़वे हो सकते हैं लेकिन आपकी तरह अहंकारी नहीं, सत्ता के भूखे लोग जो मुफ्ती को अपने साथ रखते हैं",angry,hi
"अतुल क्या विषय आपकी समझ से परे है??एक बार फिर सिद्ध हो गया कि न्याय का देवता लंगड़ा, लंगड़ा, अंधा है???",angry,hi
उन्होंने क्यों कहा कि शिंदे गद्दार हैं?,angry,hi
कोई अन्य नाम सुझाया नहीं गया? अफ़ज़ल खान क्यों?,angry,hi
"नहीं, कभी उम्मीद नहीं थी, केवल झुंझलाहट व्यक्त की थी, सब माला के मोती",angry,hi
यह पागलपन भरी प्रतिक्रिया है,angry,hi
मुंबई को गुजरात से अलग कर दिए जाने का गुस्सा अब भी है...,angry,hi
"क्या नारायण राणे, कृपाशंकर सिंह, प्रताप सरनाईक, यशवंत जाधव की फाइलें खो गईं?",angry,hi
भर्ती में फड़नवीस एक कीट हैं...,angry,hi
"मराठी में जानकारी दें. यह महाराष्ट्र है, बिहार नहीं.",angry,hi
क्या आप पहले से जानते थे.. इन सभी वर्षों में क्या हो रहा है?,angry,hi
"पीठ खड़ी होगी तो खंजर खुलना तय है. वसंतदादा पाटिल, यशवंतराव",angry,hi
"वह देश में एक ही कार्यक्रम चला रही है, धर्म का व्यापार करो और लोगों को बनाओ।",angry,hi
"इसे जल्द हटाया जाना चाहिए, यह बहुत गंदा है.'",angry,hi
इसलिए गंगाबाई की बेटी पोल बाई भी घर में नहीं बैठती।,angry,hi
"पागल अतीत को देखो, लोग शेन और डंडा पहनते हैं",angry,hi
ये समय का बदला है ठाकरे से!,angry,hi
"इसलिए, गुजरात के राजनेताओं के लिए मुंबई 'अधूरा काम' है।",angry,hi
"यह नीचता की पराकाष्ठा है, एक विधवा स्त्री से बड़ी-बड़ी शक्ति डरती है",angry,hi
"भंगारा, क्या सुबह की गाली काम करती है?",angry,hi
"इतना ही नहीं, यह पक्षपातपूर्ण भी है",angry,hi
छिनाल बनाबाई झुकती और झुकती... सोती है लेकिन...,angry,hi
हाथ लगने पर गद्दार इस्तीफा देने वाला था...,angry,hi
भाजपा के लिए वोट भ्रष्टाचार के लिए वोट है।,angry,hi
मुख्यमंत्री पद पर बैठकर इतना फटा कि आपकी धीमी सोच पर ध्यान नहीं दिया,angry,hi
महाराष्ट्र द्रोही को क्या जवाब दोगे? क्या यह अच्छा लग रहा है कि महाराष्ट्र हार गया?,angry,hi
"यदि डॉलर मजबूत नहीं हो रहा है, तो आपकी कमर बड़ी हो रही है। तो अकेला",angry,hi
माँ: सड़क पर जाओ और रस्सी तोड़कर गले में लटका लो तो क्या तुम्हें समझ आएगा?,angry,hi
"नामर्द, भोसले क्या है?",angry,hi
इस छाया के पिता मंदिर के सामने फूल माला बेचते थे। ये भूल गये,angry,hi
कल जब वे वोट मांगने आएं तो उन्हें पीट-पीट कर मार डाला जाए,angry,hi
चुनाव से पहले हिंदुओं पर खतरा मंडरा रहा है,angry,hi
आज मुझे पता चला कि ट्विटर पर कितने बेवकूफ हैं,angry,hi
आप और आपके पिता भी धीमे हैं,angry,hi
"यह मोटापे का ऐसा चक्रव्यूह है, जिससे अच्छे-अच्छे नहीं निकल पाए हैं।",angry,hi
ये आदमी समाज में बहुत बड़ी भ्रांति फैला रहा है. इस ज्ञान में जोड़ें.,angry,hi
मैंने नेपाल को कोई कीमत न देने का निर्णय लिया।,angry,hi
इस महिला में इस स्थिति को आराम देने वाली क्या खास बात है?,angry,hi
क्या गद्दार विधायकों पर मरहम लगाने के लिए गद्दार गैंग में शामिल हुए?,angry,hi
क्या आपने पिछले ढाई साल में बनी सड़कें हटा दी हैं?,angry,hi
एक स्टार भी देने लायक नहीं,angry,hi
अभिव्यक्ति की आजादी का मतलब है बंगले में ले जाकर पीटा जाना,angry,hi
ये निकम्मे लोग मुस्लिम वोटों के लिए किसी भी हद तक जा सकते हैं,angry,hi
ऐसा इसलिए है क्योंकि आपके पास सामान्य ज्ञान का गुण नहीं है। रुपये पर एक ट्वीट करना होगा.,angry,hi
"क्या आपको लगता है कि आपके नाटकों को कोई नहीं देख रहा है, बकरी जो सोचती है कि वह बाघ है?",angry,hi
ताली बजाने आई महिला की तरफ से हाय हाय,angry,hi
और जो गलत लिखता है उसकी निंदा की जाती है,angry,hi
"ये जातल उन्हीं गद्दारों की उपज है, तभी तो भौंक रहा है।",angry,hi
नाटक से सहानुभूति नहीं मिलेगी,angry,hi
यह कोई नई बात नहीं है कि चाइबा को गुलाम बनाने वाले भी गद्दार हैं..,angry,hi
मैं भी एक हूँ.. वह बहुत बेकार है!!,angry,hi
नीच हैं मुझे ऐसा लग रहा है जैसे मैं किसी नीच पाखंडी से मिल गया हूं,angry,hi
ये कुत्ते बिना बात किए पीठ पर थप्पड़ मारने के लायक हैं,angry,hi
मुझे यह कथन समझ में आया कि जब कोई व्यक्ति किसी पार्टी के नेता से पद पर मिलता है तो वह उसके तलवे कैसे चाटता है....,angry,hi
"दादा मैदान छोड़कर भाग गए, ऐसा कैसे हो सकता है.",angry,hi
हा हा हा... मूर्खों का बाजार है...,angry,hi
जल्द ही ये जनाब सड़क पर पत्थरबाजी करते नजर आएंगे...,angry,hi
उन्हें यह भी नहीं पता कि वे कितनी तरह की मिट्टी ले रहे हैं...,angry,hi
क्या आप जानते हैं कि राज साहब ने उस नाना को कैसे हटाया?,angry,hi
वे इसे क्यों पहनेंगे..इससे उन्हें ही फायदा है,angry,hi
"आज पुणे पानी में क्यों डूबा, इसका जवाब पहले पुणे की जनता को दें, फिर बाकी ज्ञान बांटें",angry,hi
डायरिया से पीड़ित व्यक्ति को दुनिया पीली दिखाई देती है,angry,hi
गद्दारी की परंपरा आपके साढ़े तीन जिले के साहबों ने शुरू की थी #गद्दार,angry,hi
भोर के बाद मशाल कौन जलाएगा? उनके साथ सब कुछ अंधकारमय है,angry,hi
महाराष्ट्र का एक ठग जो महाराष्ट्र राज्य का मंत्री है और गुजरात के लिए काम करता है,angry,hi
पकितपटकरकर को कभी उस महाभाकसआघाडा से भी पूछना चाहिए...??,angry,hi
हरामखोर या पाब्लो को ब्लॉक करो।,angry,hi
क्या लाभ-हानि की राजनीति में देश को फिर से गुलामी की ओर जाना चाहिए?,angry,hi
इस राजनेता ने महाराष्ट्र का मान बढ़ाया है,angry,hi
सही है क्योंकि महाराष्ट्र की राजनीति से 'गद्दार' शब्द नहीं मिटेगा.,angry,hi
"घंटी का कानूनी विशेषज्ञ... एक चपरी है, उसकी रगों में नफरत भरी हुई है",angry,hi
यह बहुत ज्यादा लगता है. ऐसे बयान देकर वे अपना ही नुकसान करते हैं,angry,hi
"जब तक तलाक न हो जाए, वे दोनों फूले हुए और फूले हुए मेंढक किसी काम के नहीं",angry,hi
यह विकृति है और नासमझ भक्तों को यही पसंद है,angry,hi
इस धनुषधारी को घर भेदी कहा जाता है,angry,hi
अच्छी चढ़ी है.. देश मारा क्या?,angry,hi
ये सिंगल मेंशन क्या है सर?,angry,hi
सोमैया का चेहरा इतना धुला हुआ चावल जैसा है कि ऐसा लगता है कि वह उन्हीं के घर का है और ठीक से बोल भी नहीं पाता,angry,hi
रूडी की पारी जारी है,angry,hi
बापू कभी-कभी भूल जाते हैं कि उन्हें पाँच सौ वोटों से चुना गया था,angry,hi
सांसद जो मजाक का विषय हैं..लोग उनके चेहरे पर हंसते हैं,angry,hi
इसके पहले जब स्थानीय चुनाव हुए थे तो आपको पत्र लिखने की क्यों नहीं सूझी?,angry,hi
सबसे पहले तो आप देशद्रोही हो..,angry,hi
"अन्त में यहीं गिरे, बोलने का साहस नहीं रहा। इतनी ताकत के बावजूद इतनी दहशत क्यों है?",angry,hi
"वह जनजाति जो आज तक देश को आर्थिक रूप से धोखा देती है,,,,,,और यही हमें देशभक्ति सिखाएगी?",angry,hi
"क्या बात है, क्या तुम कमली को मूर्ख बनाने की कोशिश कर रहे हो? मराठी ( ? ) अरनु.",angry,hi
ऐसे कुत्ते हर दिन अपनी गर्दन बक्से में रखकर भूखे मरते हैं। वे समझ जायेंगे. डंडा प्रसिद्धि,angry,hi
"चुटिया, तुम नैतिक बातें क्यों करती हो, ब्रह्दा?",angry,hi
जिलेटिन खासडाला को गिरफ्तारी से बचाने के लिए एकनाथ चिंदी ने विश्वासघात किया.,angry,hi
लैवेंडर को देखकर जो तीव्र दर्द सिर में होता था वह अब अँधेरा देखकर दूर हो जाता है।,angry,hi
तो तुम्हें लगता है कि तुम्हारी भाभी ने आज यह घर छीन लिया है,angry,hi
तो क्या परीक्षा देने वाले बेवकूफ हैं?,angry,hi
ताई शिंदे के ग्रुप में शामिल होने पर बीजेपी उन्हें उम्मीदवारी देने वाली थी. लोमड़ी को खट्टे अंगूर.,angry,hi
"भाजपा में बलात्कारी घुस रहे हैं, आप पार्टी क्यों नहीं छोड़ देते?",angry,hi
"गोबर के कीड़ों की कीमत एक समान है, ट्वीट्स ने बुडा में आग लगा दी",angry,hi
"अरे बाप रे ये मशाल नहीं है....तेल गया, घी गया और हाथ जल रहा है....ठाकरे बर्बाद हो गया.",angry,hi
"चूंकि घर बुधवार पेठ में है, इसलिए जो भी वहां जाएगा, उसे वैसा ही दिखेगा",angry,hi
आधे अनाड़ी भक्तों को समझ नहीं आया होगा कि आपने क्या लिखा है....,angry,hi
मध्य से भागे साहब पर ऐसी आलोचना उचित नहीं है,angry,hi
एकनाथ शिंदे को क्यों पड़ी बाला साहेब ठाकरे की 'थापा'? चंपासिंह ने साफ कहा...,angry,hi
गृह मंत्री किसके भत्ते चुरा रहे हैं?,angry,hi
साहब के कुछ रिश्तेदार भी हैं क्यों?,angry,hi
"भक्तों, क्या तुम पाँच तक गिनती नहीं कर सकते?",angry,hi
ये उन लोगों में भी है... जो किसी के नहीं होते... सिर्फ स्वार्थ अपना होता है...!!!,angry,hi
स्थानीय स्तर पर भयादोहन किया गया है,angry,hi
तो अंततः निर्णय हुआ कि सभी भ्रष्ट हैं,angry,hi
"हाथ भट्टी में गांजा मिलाने से इतना तेज नशा हुआ होगा. आदमी को ताली बजानी चाहिए, लेकिन उतनी ही।",angry,hi
हार तो तब हुई जब दरबार में हार गए.. अब निर्विरोध इतरा रहे हैं..,angry,hi
आप भी *वो हैं और आपका शेठ भी अच्छा है,angry,hi
राज ठाकरे को टाइगर शब्द शोभा नहीं देता,angry,hi
"""वे कौन से 'स्पाइडरमैन' हैं?"", नाना पटोले की उपमुख्यमंत्री फड़नवीस से चुटकी; कहा, ''दोनों के बीच विवाद में...''",angry,hi
सोच का निम्न स्तर देखिये. ऐसी विकृत मानसिकता समाज के लिए बहुत घातक है,angry,hi
लेकिन आप पाकिस्तान की राष्ट्रभाषा में क्यों बोल रहे हैं,angry,hi
"क्या ""थापा"" उपनाम वाले लोगों पर ""विश्वास"" किया जाना चाहिए?",angry,hi
अंधभक्त मुश्किल में हैं और उन्हें डॉक्टर की जरूरत है,angry,hi
"वह कुटिल है, जातिवाद उसका आखिरी हथियार है।'",angry,hi
"अरे कमीने, भले ही बूढ़ा हो गया है, लेकिन गुस्सा अब भी कम है।",angry,hi
वे वही करते हैं जो वे नहीं करना चाहते,angry,hi
क्या बकवास हे...,angry,hi
क्या प्रदेश के लाखों युवाओं का रोजगार खत्म कर गरीब मेहनतकशों के मुंह से छीन लिया जायेगा...???,angry,hi
"उस समय, जेल से बाहर आने के बाद मौत को हाथ में लेने की क्रिया को अधिकतर मजबूत किया जाता था",angry,hi
"आगे क्या हुआ, क्या यह टूट गया?",angry,hi
ये एमएनएस के बीजेपी विधायक का सरेंडर है,angry,hi
इस बार मिस्टर शिंदे मिस्टर के साथ बोलते हुए गड़बड़ कर रहे हैं.,angry,hi
अरे आपका शोध क्या है? आपको कौन सा खेल खेलने के लिए नियुक्त किया गया है?,angry,hi
यह सचमुच अनुचित है कि मोदी सरकार ने मनीष सिसौदिया को निशाना बनाया।,angry,hi
शिंदे गुट को राहत का मतलब यह है कि चुनाव आयोग शिंदे गुट को मैनेज कर रहा है?,angry,hi
साक्ष्य नहीं होने के कारण कार्रवाई नहीं हो रही है,angry,hi
अक्कल घन बाई आप मनमोहन सिंह के बारे में बात करती थीं लेकिन ये इसके लायक नहीं है.,angry,hi
क्या मुतरिया अपने माँ बाप भास्कर की लार चूसने लगी?,angry,hi
यह शालिग्राम है. भोसले सरनेम बदनाम है.,angry,hi
"यह सुनने के बावजूद कि औरंगाबाद में कई मंत्री हैं, औरंगाबाद ""विकसित"" है?",angry,hi
बारामती के चाचा भावी प्रधानमंत्री इसलिए बने रहे क्योंकि ये बिना सिरफिरे कार्यकर्ता भरे हुए थे,angry,hi
यह भाषा एक विधायक को शोभा नहीं देती,angry,hi
प्रोटोकॉल तोड़कर मुफ्त पाकिस्तानी केक खाने वाले नेता का भाषण समझ से परे है.,angry,hi
"ट्वीट का लॉजिक क्या है, ये इतना बेकार लॉजिक है कि आप हंस भी नहीं सकते",angry,hi
कमेंट्स पढ़ने के बाद भी बेशर्मी नहीं जाती. कोडेज की अधिकतम सीमा!!,angry,hi
"दिनदहाड़े मराठी दुकानदारों और महिलाओं की बेरहमी से पिटाई, सीसीटीवी में कैद घटना",angry,hi
"यह गलत है... यह सहानुभूति नहीं है, यह वफ़ादारी का ज्वालामुखी है।",angry,hi
स्कूल के मॉनिटर इससे ज्यादा स्मार्ट हैं,angry,hi
और फिर पछतावा भी.. कितना आधे-अधूरे मन से!!,angry,hi
"मुर्गी चोर की गाड़ी मुरजी पटेल का फॉर्म भरने चली, पानवती चल पड़ी",angry,hi
"अरे पोंक्षे अंकल, आप एक नट के रूप में भिखारी हैं लेकिन एक इंसान के रूप में आप नीच हैं।",angry,hi
आप चोरी क्यों करते हैं क्योंकि आपके नाम में चोर है? और सर,angry,hi
सबके ट्वीट यही कहते हैं,angry,hi
मुझे आश्चर्य है कि ये दूध बेचने वाली और धोखा देने वाली मां कब इस्तीफा देगी..,angry,hi
"आप संज्ञा कोपार्डी की बात नहीं कर रहे हैं, अपराधियों को अभी तक सजा नहीं मिली है.",angry,hi
जब आप अकेले ही भिक्षा मांगने गये थे तो छोटी बच्ची को अपने साथ क्यों ले गये!,angry,hi
लेकिन वह आपसे इतना नाराज़ क्यों है? वह ट्वीट शरारतपूर्ण लग रहा है.,angry,hi
पचका उद्धव का कानूनी पक्ष भी कमजोर है,angry,hi
गद्दार यह देखने आए कि क्या उन्हें और बक्से मिल सकते हैं,angry,hi
और बीजेपी को वोट देश बेचने वाले को वोट है!,angry,hi
महाराष्ट्र की दुष्ट सरकार गुजरात के लिए काम कर रही है,angry,hi
क्या आपको कोसने से एक लात मिलती है?,angry,hi
"जो व्यक्ति मच्छर को नहीं मार सकता, उसे धनुष-बाण शोभा नहीं देता...",angry,hi
"चुप रहो पिताजी, आप झूठ बोलना और झूठ बोलना जानते हैं",angry,hi
तुम जैसे गद्दारों के पास ढाल और तलवार नहीं... खंजर है...,angry,hi
किस तरह की मानसिकता रखते हैं लोग?,angry,hi
"ऐसा कहा जाता था कि कमल ने पूँछ रखी, लेकिन वह घोड़े पर आया और गधे पर चढ़ गया",angry,hi
"प्रशासन के अधिकारी निराश हैं. लेकिन, सरकार सोयी हुई है. जय महाराष्ट्र.",angry,hi
अब तुम्हें देखकर उन्हें अपना दुख व्यक्त करने के लिए पूरे दिन खाना नहीं मिलेगा,angry,hi
"ऐसा लगता है कि ये पूरी तरह से दिल्ली वारी में पक चुका है, कोर्ट ने बहुत ही गलत फैसला लिया है",angry,hi
यह सरकार बहुत निचले स्तर पर पहुंच रही है.',angry,hi
क्या आपकी सरकार संकट में है? उन्हें उठाओ और लटकाओ.,angry,hi
"क्या आप चिवसेना द्वारा की गई कार्रवाई को भूल गए हैं? थोड़ा टूटा हुआ है, है ना?",angry,hi
"नीरज चोपड़ा लाए ओलंपिक गोल्ड, सूबेदार अभी नहीं बने बालिग..",angry,hi
क्या अपने आप को चुनना इतना डरावना नहीं है?,angry,hi
इस मूर्ख और मूर्ख पत्रकार द्वारा लोगों को गुमराह किया जा रहा है,angry,hi
केशा शेठ और बढ़ रहे हैं...महबूबा मुफ्ती को भी आपने चाटा!,angry,hi
"सर, इतने डरपोक ""अप्पे"" मत बनो। दूसरों के बारे में भी सोचें...",angry,hi
छोटा बच्चा भी समझ जाता है लेकिन गद्दार अभी नहीं समझता,angry,hi
यही उनका मूल्य है,angry,hi
इतने बड़े नेता हैं लेकिन ये चुनाव निशान पर नहीं है,angry,hi
चौतरफा भ्रष्टाचार का एक और उदाहरण... पहला है मुंबई पुणे एक्सप्रेस हाईवे।,angry,hi
ये झूठ देखिए,angry,hi
क्या बी.श्रीराम को यह सोचना चाहिए कि जो लोग काम मांगते हैं वे भिखारी हैं?,angry,hi
इसे मैदान में मत लाओ... मतपत्र लाओ! क्या आपमें साहस है?,angry,hi
"चुटिया स्थायी प्रतिबंध चाहता था, जो हर साल हो रहा है",angry,hi
और कोई पूरा महाराष्ट्र सोनिया को देना चाहता है.,angry,hi
"हम अपनी शर्मिंदगी देखेंगे, तुम जैसे गद्दार को ये कहने की जरूरत नहीं,",angry,hi
अमेरिका में ये सभी फर्जी नंबर हैं,angry,hi
"शिउबाथा एक समाप्त पार्टी है, उसकी आलोचना का जवाब देना बेकार है",angry,hi
वह अपनी औकात के हिसाब से बोलता है,angry,hi
ये वक्त न आता अगर आपने वो न किया होता जो आपके साहब ने किया...,angry,hi
ये झूठ दिखाना होगा...नहीं तो उनकी पार्टी कैसे बचेगी और उनका घर कैसे भरेगा.,angry,hi
आप गरीबों को लूटने के आरोप में जेल में हैं,angry,hi
ये साईं रिसॉर्ट का नहीं है परब साहब तो आप तांडव क्यों कर रहे हैं,angry,hi
बीजेपी को वोट देने से बेहतर है भीख मांगना.. क्या आपके पिता पुणे के गड्ढे भरने आएंगे?,angry,hi
महाराजा के नाम का एक भी उल्लेख अपराध है,angry,hi
दूसरे लोगों की निजी जिंदगी में ताक-झांक करना अच्छा संकेत नहीं है,angry,hi
इस हरामी पत्रकार प्रसन्न जोशी को मिंडे ग्रुप ने बेच दिया है,angry,hi
ऐसा लगता है कि अतीत भी वैसा ही होगा जैसा आज बांगड़ ने चलाया है,angry,hi
वह निश्चित तौर पर नागपुर से चुने जायेंगे. पिछले कुछ दिनों से यह सिर्फ फड़फड़ा रहा है।,angry,hi
जब नारे लगे तो पुलिस प्रशासन क्या कर रहा था...! अगर घर का काम ठीक से नहीं चल रहा है तो उसे छोड़ दें,angry,hi
गुज्जु कीड़े की तरह धीरे-धीरे बाहर आती है...!,angry,hi
"इतिहास में रहो, वर्तमान बनाने की तुममें कोई क्षमता नहीं है।",angry,hi
उनका एकमात्र उद्देश्य शिव सेना का चुनाव चिन्ह जब्त करना था।',angry,hi
"अगरकर, जस्टिस रानाडे का नाम नहीं लिया जाएगा. क्योंकि वह ब्राह्मण था!",angry,hi
कुत्ता कभी भी गति और भावना में प्रगति को बर्दाश्त नहीं करता...,angry,hi
"ओह, उसने कहा होगा! आप गुजराती मराठी लफड़ क्यों कर रहे हैं?",angry,hi
लेकिन जो बाला साहेब... बिना ठाकरे के... नाम का कोई मोल नहीं....,angry,hi
स्वायत्त संगठन शब्द अब एक बड़ा मज़ाक बन गया है,angry,hi
ये नये जंगली लोग हैं...,angry,hi
ये भ्रष्ट छगना हमें क्यों सिखाएगा?,angry,hi
खामियां हैं. उनसे क्या उम्मीद करें. वे विपक्षी दल में बेहतर हैं.,angry,hi
मान... पत्र उन्हीं के आदेश पर लिखा गया था.. मान कसाला... बजाना अब ख़त्म हो गया है,angry,hi
उद्धव ठाकरे खराब प्रवृत्ति के व्यक्तित्व हैं,angry,hi
"अब केक उठाओ, बिजनेस करेंगे?",angry,hi
यह थूकने वाली सेवा कहां से आई?,angry,hi
गिला तो सबको है पर एक तुम हो जो लात और डंडे खाते हो,angry,hi
यह चोर... जमानत पर बाहर... यह फूल विक्रेता...,angry,hi
"अभिव्यक्ति की स्वतंत्रता का अर्थ है उतार-चढ़ाव, लेकिन अब मैं बमबारी को समझता हूं",angry,hi
कम से कम अपने आईटी सेल को तो यह पसंद करवा दीजिए. बिल्कुल घंटे की तरह?,angry,hi
"जब पार्टी गलत हाथों में पड़ जाती है, तो ऐसा होता है...",angry,hi
. में तुम्हें पूरा करना था. इस सरकार पर भरोसा नहीं है.,angry,hi
हां मानने वाले... जनता देख रही है कि सज्जन आदमी को परेशान कर रहे हैं,angry,hi
वह प्याज नहीं खाता लेकिन उसका सिर प्याज से भरा है....!,angry,hi
सहानभूति वागले साहब लोगों के दिलों में गुस्सा हैं,angry,hi
सुबह हलचल और रात को कपड़े बदलना,angry,hi
"उद्धवजी कहते हैं कि भुजबल खुद्दार हैं, भूल जाइए कि बालासाहेब को गिरफ्तार किया गया था",angry,hi
थोड़ी देर बाद जब दर्द होने लगेगा तो तुम रोओगे,angry,hi
“नाना पटोले हैं देवेन्द्र फड़नवीस…”; चन्द्रशेखर बावनकुले की नाना पटोले की आलोचना,angry,hi
"यह कोई पत्रकार नहीं है, यह एक राजनीतिक दल का वेतनभोगी गुलाम है",angry,hi
"क्या पंढरपुर, कोल्हापुर के दौरान यह संस्कृति किसी को किराये पर दी गई थी?",angry,hi
तो आपके खाज साहब दूसरे के बाप की चोरी करते हैं... सुपारी,angry,hi
"दत्तोबा, आप अपने अर्थशास्त्र के ज्ञान पर प्रकाश क्यों नहीं डालते, अंधेरा कुछ बढ़ गया है",angry,hi
भाजपा और गद्दारों की पराकाष्ठा। अगर रिश्वत मांगने की शिकायत हो तो क्या करें.,angry,hi
महाराष्ट्र की संस्कृति को बरकरार रखते हुए एक अच्छे फैसले पर तंज कसना किसकी संस्कृति है?,angry,hi
"ओह, आप कितनी फर्जी खबरें देंगे... फिल्में रिलीज और दर्शकों की प्रतिक्रिया",angry,hi
"ये बावनकुले नहीं, दुधखुले हैं",angry,hi
ये बात पहले नारायण राणे और उनके मेढ़कों को बताओ,angry,hi
"हा हा हा मनसे, अपने अपमान की कीमत देखो",angry,hi
अगर कोई आपसे पूछे भी क्यों..खुद महानता दिखाने से आपको क्या मिलता है?,angry,hi
"जब आप एक जिम्मेदार पद पर थे, तब आपने फेसबुक लाइव किया था, लेकिन अब आपके पास नौकरी नहीं है, तो आपको फील्ड क्यों चाहिए...?",angry,hi
"क्या वे भी आपके जैसे ही हैं, बस वही सुन रहे हैं जो आप कहना चाहते हैं!!!",angry,hi
अनाजी पंत के पास भी गद्दार की ढाल तलवार थी,angry,hi
अभी सुनकर बहुत गुस्सा आ रहा है... अगर सच है तो आप अपना सिर जरूर पीट लेंगे,angry,hi
"संजय गायकवाड़, संजय रामुलकर को खुली छूट देना चाहते थे।",angry,hi
भले ही तुम अपनी पत्नी का ख्याल रखो... जिसमें सांस नहीं होती वह फेंकने वाले की तरह भाग जाता है...,angry,hi
क्या आप उन लोगों के बारे में बात कर रहे हैं जो पीएमसी से सवाल नहीं पूछ सकते? भ्रम,neutral,hi
मराठी पत्रकारिता कठिन है,neutral,hi
"देश में बेरोजगारी नहीं है, देश में रोजगार कम है. -निर्मला अत्या",neutral,hi
वेद्या महाराष्ट्र में कम्युनिस्टा का आधार कितना बड़ा है?,neutral,hi
माणिक भाई ने बहुमूल्य सलाह दी,neutral,hi
. उन्होंने ही सबसे पहले ये फर्जी खबर फैलाई थी.,neutral,hi
"क्या ये कोई पत्रकार है, पार्टी प्रवक्ता है",neutral,hi
पता ग़लत और गोली ग़लत होने के कारण मीडिया को चरित्र मिल गया,neutral,hi
यानी लोग आपके घर के हैं. लोगों को निर्णय लेने दीजिए.,neutral,hi
"गणपति चले गए, देवी चली गईं, अब अपने पति के बोनस के लिए उत्सुक हैं।",neutral,hi
यह सच है कि महाराष्ट्र में बहुत सारे अवैध अप्रवासी हैं। सरकार को इस पर सख्त कार्रवाई करनी चाहिए,neutral,hi
तुम्हें यह पता लगाना होगा कि तुम्हारे पिता कौन हैं,neutral,hi
मर्ज़ीभाई जो चुनाव हो रहा था उसे मार डालो,neutral,hi
क्या भैया के वोट से ही प्रदेश में सरकार आती है? का,neutral,hi
तुम्हारी भीड़ भी एक तरह का भ्रम है.,neutral,hi
'घोर पराजय' शब्द एक मिथ्या नाम प्रतीत होता है। अब तक खड़गे की जीत वाजिब थी.,neutral,hi
जो पुलिस को देखकर भाग गया,neutral,hi
बिल्कुल सही,neutral,hi
अब होगा महासंग्राम.. बाला साहेब की शिव सेना बनाम उद्धव ठाकरे की शिव सेना. बाला साहेब की शिव सेना,neutral,hi
यह उद्धव साहब के पिता का है,neutral,hi
इसमें महिला ने जो स्थान लिया है वह एक सबक है,neutral,hi
"क्या दादा, शिवराय और बाजी प्रभु में लड़ाई हुई? क्या इतिहास में इसका कोई उल्लेख है?",neutral,hi
लेकिन मेरा सवाल यह है कि अंतरजातीय विवाह क्यों?,neutral,hi
भगवान के दैनिक स्मरण के लिए सात्विक पादक का लाभ अवश्य लें।,neutral,hi
शायद महाशक्तियों के दबाव के कारण पत्रकार सार्वजनिक रूप से नहीं बोलते,neutral,hi
"वहां जयदीप ठाकरे हैं, जयदीप के साथ उनके चाचा उद्धव जी ठाकरे भी हैं",neutral,hi
क्या आप मुझे बता सकते हैं कि कौन सा शब्द ग़लत है?,neutral,hi
स्थिति को सुधारने के लिए कार्रवाई को सही करें. कैलेंडर: ../,neutral,hi
यह हो सकता है...यह नहीं था...,neutral,hi
एक ही देश कायम नहीं रखा जा सकता और कहा जाए कि नेपाल का भारत में विलय हो जाएगा,neutral,hi
फिल्म में यह नई कर्टि भी पहली बार देखने को मिल रही है,neutral,hi
उसे आज नींद नहीं आ रही है,neutral,hi
अब घर बैठना है तो परेशान क्यों हो?,neutral,hi
तुम्हें नहीं जानते?,neutral,hi
"खैर ये तो सबक है, अब क्या??",neutral,hi
पैसा कमाने और डूबे हुए भूले हुए ऋणों को भूलने की स्मृति,neutral,hi
क्या उनकी राय है?,neutral,hi
देशद्रोह किसने किया? असली शिव सेना के दशहरा मिलन समारोह में यह कहा गया है कि बाला साहेब की शिव सेना है,neutral,hi
यदि आप चुनते हैं तो देखें,neutral,hi
"इन दोनों में एक समानता है, लेकिन ये शादी नहीं कर रहे हैं, इन्हें सुलह कर लेना चाहिए।",neutral,hi
"भाई, आप इतना कठोर लिखते हैं, कभी-कभी उसे मिलने वाली प्रतिक्रियाओं को भी पढ़ लीजिए...",neutral,hi
अगर आपको लगता है कि सीट गिरने वाली है तो अब ये शुरू हो गया है,neutral,hi
आपको बचपन में देवी टीका मिला था।,neutral,hi
ऐसे व्यक्ति जिनका कोई व्यक्तिगत दृष्टिकोण नहीं है। .इससे कुछ नहीं सीख सकते,neutral,hi
|| हर हर महादेव ||,neutral,hi
यह भी सच है कि कई राजनेता पत्रकारों को इंटरव्यू देने से मना कर देते हैं।,neutral,hi
पाकिस्तान जिंदाबाद का नारा सुनाई नहीं देता. कृपया धार्मिक तनाव न बढ़ाएं.,neutral,hi
"जिस तरह से ये फैसला दिया गया, उससे मुझे चुनाव आयोग पर नहीं बल्कि कोर्ट पर भरोसा है.'",neutral,hi
न पहले और न अब,neutral,hi
संविधान ने क्या फंसा रखा है!? तो ऐसे हो रही है राजनीति!,neutral,hi
"तो दादा कहते हैं, अब शादी ही आखिरी विकल्प है.",neutral,hi
वे इस बात को समझते हैं लेकिन फिरते नहीं हैं।,neutral,hi
वह भेष बदलकर एकनाथ से मिलने वाले एकनाथ को बताएगा कि वह फड़णवीस से क्यों मिल रहा था,neutral,hi
लेकिन क्या परीक्षा होने पर कोई भाग जाता है?,neutral,hi
इतनी गर्मी है कि हमें यहां पसीना आ रहा है,neutral,hi
इसलिए स्पष्ट बोलें और लोग कोई दूसरा मतलब या विचार न रखें,neutral,hi
राष्ट्रपति द्रौपदी मुर्मू आज से त्रिपुरा और असम की तीन दिवसीय यात्रा पर हैं,neutral,hi
और समाचार लोग जनता की राय हैं,neutral,hi
"देखिए, जागरूक नेताओं को सब पता है",neutral,hi
क्या तुमने उसका विरोध किया भाई?,neutral,hi
"क्यों, मेरे पास कोई अंदाजा नहीं है।",neutral,hi
"परीक्षा परिणाम घोषित, ऐसे चेक करें अपना रिजल्ट",neutral,hi
क्या यह मोदी के लिए लिखा गया है?,neutral,hi
सहकारी चीनी मिलों की रिफाइनिंग क्षमता बढ़ाने के लिए यह फैसला लिया गया है.,neutral,hi
"हाय, तुम क्यों गये? ऐंठन",neutral,hi
राज को कोई भी गंभीरता से नहीं लेता। बस इतना ही।,neutral,hi
शक्ति का अर्थ है शक्ति,neutral,hi
क्या आपको नहीं लगता कि महाराष्ट्र का फलना-फूलना ज़रूरी है?,neutral,hi
ऐसे ही है गुरूजी..,neutral,hi
"यह सही है, ख़ुशी किसी भी चीज़ में मिलनी चाहिए। निर्मला सीतारमण की तरह.",neutral,hi
ये विदेशी हैं,neutral,hi
ये चींटियाँ हैं,neutral,hi
मान लीजिए कि नाना अब ठीक हैं.. चलिए कुछ जांच करते हैं,neutral,hi
मैं सबसे पहले उनके गांव जाऊंगा,neutral,hi
क्या आपने भारतीय जनता पार्टी के किसी व्यक्ति से पूछताछ की?,neutral,hi
इस्तीफा दें और चुनाव लड़ें,neutral,hi
नहीं होगा,neutral,hi
घंटी के आकार का प्रभाव. इससे पहले कई देशों ने बहुत कुछ दिया है.,neutral,hi
पूछें कि इससे कम रहने पर आपके वोट कम हो जाएंगे तो क्या करें,neutral,hi
मैं जानता हूं कि... उनके तने बहुत बड़े हैं,neutral,hi
लगता है श्रीलंका आज भी हार जायेगा...,neutral,hi
शुरुआत बहुत बढ़िया है.,neutral,hi
ज्ञान और विज्ञान हमारी समझ को पूर्ण करते हैं।,neutral,hi
सत्य सदैव द्वेष से छिपा रहता है।,neutral,hi
लेकिन हमने सुना है कि यह गलती होने वाली थी...,neutral,hi
इस घटना को लेकर अखबारों में खबरें छपीं.,neutral,hi
बताओ यह भवानी किसके लिए है?,neutral,hi
क्या कम है,neutral,hi
यह एक विद्रोही है.,neutral,hi
जाति कैसे काम करती है इसका एक आदर्श उदाहरण।,neutral,hi
यह एक बचाव का रास्ता है श्रीमान राष्ट्रपति,neutral,hi
सोनू दादा तो दादा हैं,neutral,hi
आज धूप है इसलिए धन्यवाद मोदी जी कहने में कोई दिक्कत नहीं है,neutral,hi
एक समय मनसे नेता ने यह विशेषण नहीं दिया था,neutral,hi
खिक और एक दर्जन बैल आपके पाले में क्रोधित हैं,neutral,hi
यह क्या बकवास है......क्या कोई मुझे बता सकता है?,neutral,hi
जब आप सुबोध भावे का नाम देखते हैं तो कलाल फिल्म आपके लिए नहीं है,neutral,hi
अब बारिश की वजह से बहुत परेशान हूं,neutral,hi
बिल्कुल नहीं। लेकिन क्या इन्हें बंद करने के कोई कानूनी तरीके हैं? कानूनी सलाह कौन देगा?,neutral,hi
राधे-राधे,neutral,hi
एक मराठा संयोजक और एक बीजेपी नेता को लेकर एक रिकॉर्डिंग वायरल हुई है.. इस पर क्या कहें??,neutral,hi
"राव, आप उम्मीदों और अपने साहबों का मजाक क्यों उड़ाते हैं?",neutral,hi
"प्रिय ग्राहक, असुविधा के लिए हमें खेद है, हमने आपके पिछले ट्वीट का उत्तर दे दिया है।",neutral,hi
क्या है,neutral,hi
"अपना कर्तव्य निभाएं, अपने बच्चे का टीकाकरण कराएं। रुको मत! टीका सही है.",neutral,hi
"चाहे तुम कितने भी पत्र लिखो, तुम घड़े से बाहर नहीं आओगे।",neutral,hi
वाशिम जिले में भारी वर्षा से प्रभावित कृषि फसलों का संक्षिप्त पंचनामा बनाएं - ए. अमित दादा जनक...,neutral,hi
पर्यटकों को कैलास गुफाओं की विशिष्टता दिखाने के लिए एक पहाड़ी सड़क का प्रस्ताव है,neutral,hi
हमारे आज के विचार और आज के हमारे कार्य ही हमारा कल का भविष्य हैं..!,neutral,hi
चंद्रकांत पटल ने की अजित पवार की आलोचना; तुमने काँटा कैसे...,neutral,hi
तो शायद इसलिए नहीं लिखा होगा क्योंकि मुझे महाराष्ट्र की एम से ज्यादा गुजरात की गु पसंद है,neutral,hi
"नमस्कार, हम देख रहे हैं महाराष्ट्र देश से और खबर आ रही है बिहार से.",neutral,hi
आजकल निष्पक्ष राय देने वाले बहुत कम हैं!,neutral,hi
दादाजी ने कहा कि जाकर शिरडी में साईं बाबा की दानपेटी की लंबाई-चौड़ाई देख लो,neutral,hi
"आप पर क्या लागू होता है, लाचारी?",neutral,hi
यह कौन सी भाषा है? कुछ समझ नहीं आया.,neutral,hi
"संकेत बहुत अच्छा मिला है, अब उम्मीद है कि रोशनी होगी और रास्ता दिखेगा",neutral,hi
थोड़ी सी गलती हो गई है. बीजेपी पत्रकारों को बिठाती रहेगी. हमने सिर्फ पत्रकारों को रखा है,neutral,hi
"हालाँकि, ट्वीट कम हैं, पांडे, कृपया पूरा थ्रेड पोस्ट करें, बाबा",neutral,hi
क्या आपकी बिजली स्थायी रूप से गुल है? तो फिर ये आपके लिए सुनहरा मौका है,neutral,hi
ऐसी अफवाह है कि काकू भी सूरत जा रहे हैं.,neutral,hi
"संक्षेप में कहें तो कांग्रेस को बचाने के लिए ऐसी यात्राओं से कोई लाभ नहीं होगा, यह सच है!",neutral,hi
"ये औरत येदी नहीं है, बाकी सब समझदार हैं",neutral,hi
क्या आपको लगता है कि यह सही है कि किसी नेता की मृत्यु के बाद उसके खिलाफ कोई उम्मीदवार नहीं उतारा जाना चाहिए?,neutral,hi
क्या उन छह जिलों में योग्य लोग हैं?,neutral,hi
अब तुम्हें हर चीज़ की ज़रूरत होगी.,neutral,hi
मुंबई पुलिस काम नहीं कर रही कृपया ध्यान दें,neutral,hi
दूसरे नेता क्या करते हैं? बहुत से लोग अभी भी यात्रा के बारे में नहीं जानते,neutral,hi
"कब होगी ओबीसी निगम की नियुक्ति? केवल नियुक्तियों के लिए ही संतुष्ट न रहें, बल्कि उन्हें वित्त भी प्रदान करें!",neutral,hi
बीजेपी में अनिल जी जैसे नेताओं की जरूरत है!,neutral,hi
मैं कुछ नहीं जानता कृपया मुझे राष्ट्रभाषा मराठी में बताएं!,neutral,hi
गरीबी के समय तक यह बेहतर हो रहा था। बच्चे समय पर घर आ रहे थे.,neutral,hi
: क्या वह चुनाव तक बीजेपी में रहेंगे? आदित्य ठाकरे का राणे पर सीधा हमला,neutral,hi
:डॉ.राहुल पाटिल की मांग जुलाई-अगस्त में भारी बारिश के लिए मुआवजे को मंजूरी,neutral,hi
लिख लीजिए कि सीपी जोशी राजस्थान के मुख्यमंत्री बनने जा रहे हैं.,neutral,hi
कुछ हासिल नहीं होगा जय महाराष्ट्र,neutral,hi
ये सस्ते जोशी हैं,neutral,hi
"टीम गयी, सरकार आयी",neutral,hi
"आपको ये कहने की जरूरत नहीं है, महाराष्ट्र की जनता समझदार है",neutral,hi
ऐसा लगता है कि टेप अभी आधा ही तैयार हुआ है। कृपया अंत तक लिंक प्रदान करें।,neutral,hi
और प्यार कोई करने या न करने की चीज़ है...!,neutral,hi
चुनाव हुआ,neutral,hi
"पच्चीस साल बाद पहली बार चुनाव देख रहा हूं, एन्जॉय संभला उनके लिए अच्छा है, सीताराम केसरी उनके होंगे",neutral,hi
यह तारीख दर तारीख घटित होता जा रहा था,neutral,hi
सभी सब्जियों के दाम बढ़ गए हैं. शुभ प्रभात,neutral,hi
कोई भी भ्रम आपका भ्रम नहीं है.,neutral,hi
"भाई, तुमने अखाड़े से क्यों बुलाया? थोड़ी और गांठें गिरीं",neutral,hi
भारत बनाम न्यूजीलैंड अभ्यास मैच बारिश के कारण रद्द कर दिया गया।,neutral,hi
इसी नाम की एक प्राइवेट लिमिटेड कंपनी में गड़बड़ी हुई है। यानि जो भागेगा नहीं,neutral,hi
हाँ अब तक दो लोगों को गिरफ़्तार कर फाँसी दी जा चुकी है?,neutral,hi
उनके कितने शाखा प्रबंधक मराठी में संवाद करते हैं यह एक अलग शोध विषय है।,neutral,hi
असुविधा के लिए खेद है. कृपया अपनी शिकायत का शिकायत क्रमांक उपलब्ध करायें।,neutral,hi
निस्तारित शिकायत का फोटो वापस क्यों भेजें,neutral,hi
"उन्होंने भी ताली बजाते हुए कहा, अरे मैडम, पत्रकार हो तो बताओ",neutral,hi
चव्हाण बैल से कौन भागा?,neutral,hi
केतकी चितले के खिलाफ मामला किसने दर्ज कराया?,neutral,hi
रुकना पड़ा - क्योंकि यह उत्पात शुरू नहीं हुआ,neutral,hi
"देखो, यदि तुम कर सकते हो, यदि तुम नहीं कर सकते, तो हमारे भाई हैं",neutral,hi
गुजरात के नागरिकों ने कभी भी मोदी का विरोध करना शुरू नहीं किया.,neutral,hi
यह एक भ्रम है,neutral,hi
"तलवार उठाओ, यह करने योग्य काम है",neutral,hi
वो....वो....वो....फिर..वो.... बाल्टी में होगी,neutral,hi
"यदि यह व्यावसायिक या व्यक्तिगत है, तो मैं वही करता हूं",neutral,hi
गाँव में कोई स्कूल नहीं है लेकिन दो हैं और कहा जाता है कि वे जनोन्मुख हैं,neutral,hi
यह तो होना ही था,neutral,hi
मैं कहूंगा कि यह फिल्म हर हिंदू के लिए है।',neutral,hi
यह देखो। मैं अवरोधित हूं। इसे रखें,neutral,hi
मैं उसे नहीं दूँगा और जब वह ठीक हो जायेगी तो उसे गौशाला में ले जाऊँगा,neutral,hi
लेकिन चुनाव निर्विरोध नहीं होगा.,neutral,hi
कपड़े धोने की परंपरा से भी बहुत परेशानी होगी....ऑफिस आने में भी,neutral,hi
"हिंदुओं, याद रखो कि धर्मनिरपेक्षता अंधविश्वास है।",neutral,hi
तो क्या मौसी ताश खेलेंगी?,neutral,hi
लेकिन विकलांगता अपंग होने की संभावना है.. जबरदस्त...,neutral,hi
जो लोग कहते हैं कि व्यवसाय करना जोखिम भरा है उनमें से % ने कभी व्यवसाय नहीं किया है...,neutral,hi
चुनाव आयोग तय करेगा कि असली शिवसेना कौन है और तीर-धनुष कौन है. ?,neutral,hi
"यदि आप दूसरों से अधिक करने के इच्छुक नहीं हैं, तो आपके लिए शुरू से अमीर बनना बहुत मुश्किल होगा।",neutral,hi
चलो यमुना नदी.,neutral,hi
कृपया हमें पूरा पता भेजें. आपके द्वारा दिया गया पता पर्याप्त नहीं है.,neutral,hi
सुनने में आया है कि वहां मंगलसूत्र चोरी के चार मामले दर्ज किये गये हैं.,neutral,hi
"देवेन्द्र जी संजय राऊत पर कोई प्रतिक्रिया नहीं दे रहे थे, लेकिन ये डरने वाला कौन है....",neutral,hi
ॐ नमः शिवाय,neutral,hi
क्या यह गीला था?,neutral,hi
भारत हारा नहीं है इंग्लैंड जीता है निर्मला आत्या,neutral,hi
हिंदू धर्म कोई धर्म नहीं बल्कि जीवन जीने का एक तरीका है - श्रीमद्भगवद गीता,neutral,hi
फिलहाल अरविंद दातार चुनाव आयोग के वकील हैं.,neutral,hi
सर्वम् शिवम् सर्वम् शिवम्,neutral,hi
शर्म के मारे उसका जबड़ा फटा हुआ था,neutral,hi
अब मैं इसमें कोई मदद नहीं कर सकता,neutral,hi
"त्योहारी सीज़न के दौरान गैस की कीमतों में बढ़ोतरी अपरिहार्य है, ऐसा इसलिए है क्योंकि…",neutral,hi
व्याख्या अस्पष्ट एवं अस्पष्ट है।,neutral,hi
"सहज योग शोभा यात्रा, इंद्री (करनाल) दिसंबर:",neutral,hi
"और गादी का विश्वास किसके साथ है, पूछो भाई से",neutral,hi
जो पहले है उसका ख्याल रखें. राज्य की चिंता मत करो,neutral,hi
नंदुर मध्यमेश्वर की तुलना में पक्षियों की अधिक विविधता,neutral,hi
मूलतः विश्वासघात किसी जाति तक सीमित नहीं है। विश्वासघात एक स्वभाव है.,neutral,hi
अब मनसे के लोग धीरे-धीरे पहले की तरह बीजेपी की आलोचना करने लगेंगे.,neutral,hi
"मोदी के भाषण से पहले क्या ये अंधभक्त है? ,",neutral,hi
यह घटना दलीप ट्रॉफी के फाइनल मैच में घटी...,neutral,hi
बाद में कंपनियों ने बोनस घोड़े लगाए,neutral,hi
सलमान खान के पड़ोसी विवाद से अभिनेता को कोई राहत नहीं मिली है,neutral,hi
उनके रिश्तेदारों पर इनकम टैक्स का छापा पड़ा,neutral,hi
धीमे सैनिकों से पूछ रहा हूं लेकिन अभी,neutral,hi
सद्गुरु राजेंद्र शिंदे ने साधकों का मार्गदर्शन किया! .// …,neutral,hi
आपकी भाषा ही बीजेपी की सभ्यता है,neutral,hi
पूछा गया कि क्या मैं आज शुभंकरोति में भाग ले सकता हूं,neutral,hi
यह सब भीड़भाड़ वाला है,neutral,hi
वैनगंगा और चुलाबांध नदियों में बाढ़ के कारण लाखांदूर-पवनी-नागपुर मार्ग बंद हो गया,neutral,hi
है कि नहीं,neutral,hi
या आप क्या गाने जा रहे हैं?,neutral,hi
बार जल मान लेंगे कि वह कभी सत्ता में नहीं आएंगे,neutral,hi
पैसे की कीमत क्या होती है ये किसी बेरोजगार व्यक्ति से पूछो।,neutral,hi
अब ऐसा सम्मान है,neutral,hi
ये महान सोच और साक्षात्कार चर्चा का आदर्श प्रतीक हैं।,neutral,hi
आज बिस्तर पर पानी का दिन है,neutral,hi
कड़ी मेहनत सफलता पाने का सबसे आसान तरीका है,neutral,hi
इसे तर्क पर दोष देना याद नहीं आता।,neutral,hi
क्या लोग सोचते हैं कि वे पागल हैं?,neutral,hi
अब बताओ दूसरे चरण की घोषणा कब होगी,neutral,hi
क्या आप दशावतारी पर काम करना चाहते हैं?,neutral,hi
केवल दो चीजें हैं जो किसी व्यक्ति को बुद्धिमान बनाती हैं एक तो वह किताबें जो वह पढ़ता है और दूसरे वे लोग जिनसे वह मिलता है...,neutral,hi
आज कार्रवाई होगी या नहीं,neutral,hi
मैं अंधेरी पॉट इलेक्शन असेंबली में रहता हूं यह एक गूगल है,neutral,hi
बहुत कुछ कर रहे हैं..,neutral,hi
जब लटके हाई कोर्ट गए तो क्या आप महाराष्ट्र की राजनीतिक संस्कृति को नहीं जानते थे?,neutral,hi
क्या मौजूदा बारिश से हुआ है नुकसान?,neutral,hi
क्या इस तारीख को शिंदे गुट को लगेगा एक और झटका?,neutral,hi
शाम को भारी बारिश के कारण संगमनेर शहर के नवीन नगर रोड पर पानी भर गया...,neutral,hi
"सर, हमारे दस्तावेजों की जांच के बाद पवित्र पोर्टल से अनुशंसाओं का चयन किया जाता है।",neutral,hi
"तो क्या देगलूर, पंढरपुर, कोल्हापुर महाराष्ट्र से बाहर हैं?",neutral,hi
क्या आप जानते हैं वे कौन थे?,neutral,hi
अरे ये तो बीजेपी का है,neutral,hi
जय श्री राम... आशा है कि आप उन्हें एक अति साधारण उपहार देंगे।,neutral,hi
"हर कोई दरगाह और मस्जिद देखने का आदी है, इसलिए यह स्वीकार्य नहीं है।'",neutral,hi
चाहना,neutral,hi
विदेशी पर्यटकों ने चखा इमरती का स्वाद- ./.?…,neutral,hi
अरे एक ले लो और जब काम आये तो रख लेना,neutral,hi
सीधे काम और न्याय का दान करो! तो फिर कोई क्यों पीछे हटेगा!,neutral,hi
चीता ला रहे हैं... बनाने पर काम चल रहा है,neutral,hi
बाबा को अब बीजेपी से कोई मतलब नहीं रह गया है...और यह बात बाबा भी जानते हैं...,neutral,hi
"दिघे साहब की सगी बहन शिंदे साहब के साथ है, आप क्या कहते हैं?",neutral,hi
"""वो"" शिवसैनिक जो मुख्यमंत्री बनेगा वो आप नहीं है, साफ़ बताइये सर!",neutral,hi
क्या आप इस वाक्य को आज के लिए रख सकते हैं?,neutral,hi
अब सहकारी समितियों के चुनाव की जंग शुरू होगी,neutral,hi
उनके पास बीच-बीच में फेक पोस्ट करने का मौका होता है,neutral,hi
यह चित्ररथ अब भी ट्रैफिक में अच्छा लगेगा./// …,neutral,hi
हमारा पड़ोसी रवि से झगड़ा हो गया था इसलिए इस साल रवि का लाडू रद्द कर दिया गया!,neutral,hi
- मोदी जी प्रार्थना करते हुए कहा कि कम से कम कार्रवाई करते हुए सद्बुद्धि दीजिए।,neutral,hi
क्या हाय क्यों नहीं बस,neutral,hi
एमपी महोत्सव का आयोजन देश के हर सांसद को करना चाहिए!,neutral,hi
कुछ भी वास्तविक नहीं लगता,neutral,hi
बिलकुल नहीं और अभी भी नहीं,neutral,hi
अब देखिये वो कैसे बोले...!,neutral,hi
"और तुम तीन, अमर अकबर एंथोनी, जिल्लाया में और कौन है?",neutral,hi
संग संग भोलानाथ को सहानुभूति मिलेगी. क्या निर्वाचक राजा कीव आकर भीख मांगेंगे?,neutral,hi
कल पूर्णिमा रही होगी,neutral,hi
ब्रिटिश काल को छोड़कर सभी का उपयोग किया जाता है। कई अभी भी संग्रह में हैं,neutral,hi
लाओगे..?,neutral,hi
"प्रत्येक हिंदू, देशभक्त भारतीय को इसे अवश्य पढ़ना चाहिए!",neutral,hi
हम यहां अपने किसानों के अधिकारों के लिए हैं,neutral,hi
यह राशि देश के प्रत्येक नागरिक के लाखों हिस्से के रूप में मुद्दोजी नं,neutral,hi
सावंत की तान्या ने दिखा दिया कि मराठा समुदाय के प्रति उनका कितना मानसिक लगाव है.,neutral,hi
तो मैं पूछ रहा था कि आप गांव क्यों गये थे,neutral,hi
PFI संगठन को अरब देशों से मिल रहा था फंड? किरीट सोमैया का बयान चर्चा में,neutral,hi
जब हम सत्ता में आएंगे तो मैं पद नहीं लूंगा- राज ठाकरे,neutral,hi
हमें देवभाऊ जैसे कर्तव्यनिष्ठ और ईमानदार नेता की जरूरत है,neutral,hi
बिल्कुल नहीं,neutral,hi
महाराष्ट्र राज्य जैव विविधता बोर्ड स्थापना दिवस,neutral,hi
मुझे अभी भी समझ में नहीं आया,neutral,hi
पुलिस ने गैंगस्टर गजानन मार्ने के खिलाफ मामला दर्ज कर लिया है,neutral,hi
नन्हें हाथों से बने पर्यावरण अनुकूल मिट्टी से बने बप्पा./---…,neutral,hi
क्या कुत्ते की पूँछ कभी सीधी हो सकती है?,neutral,hi
"कृपया साबूदाना बड़े या खिचड़ी खाइये, कुछ मेरे लिये भी रख दीजिये",neutral,hi
"पहला प्यार शक्ल देखकर होता है, दूसरा प्यार सीरत देखकर होता है।",neutral,hi
ये सभी चार से पांच महीने तक तैयारी करते हैं,neutral,hi
कार्यकर्ता अपने लेकिन दूसरों की बारात में नाच रहे.... व्यक्ति को आशावादी होना चाहिए लेकिन पहुंच से बाहर नहीं,neutral,hi
हम मराठी लोग हस्ताक्षर के लिए आभारी हैं।,neutral,hi
"उसके लिए नहीं, क्या अब उसकी शादी की उम्र हो जाएगी?",neutral,hi
": मौत के बाद परिवार ने पूरी की वैशाली की आखिरी इच्छा, क्या थी आखिरी इच्छा?",neutral,hi
इन लोगों ने शिंदे गुट का विरोध किया था,neutral,hi
राज्य सरकार ने हाल ही में जिले के संरक्षक मंत्री की घोषणा की। इसे लेकर सरकार की आलोचना हो रही है.,neutral,hi
"मैं जानता हूं कि लिखने के पीछे आपकी भावनाएं नहीं हैं, लेकिन शब्द जरूर सही नहीं हैं। मैंने कहा क्योंकि मुझे लगा कि यह गलत है",neutral,hi
"अकेले नहीं, ये सब ड्रामा पहले भी हो चुका है.",neutral,hi
शेखर सुमन पोल खोल सर्वश्रेष्ठ कार्यक्रम .//…,neutral,hi
क्या आपने उनकी पुरानी फोटो देखी है?,neutral,hi
"मुझे पेड़ों से विशेष प्रेम है, वे बहुत आरक्षित हैं",neutral,hi
मनमोहन सिंह की पहली डिग्री.,neutral,hi
ये सुझाव कहां से आया..,neutral,hi
- ? आप किस युग में हैं? कम से कम अब..,neutral,hi
अरे यार ये खंडोबा माल की सड़क है.,neutral,hi
"मैं वर्षों से सूरजमुखी तेल का उपयोग कर रहा हूं, मुझे मूंगफली के तेल से हल्का लगता है, क्या करूं?",neutral,hi
उन्होंने इस सहयोग के लिए धूमल परिवार का आभार व्यक्त किया।,neutral,hi
क्या आपका कारण इनमें से एक है?,neutral,hi
शिंदे सरकार कब फैसला देगी कि चौथी श्रेणी कोतवालों पर लागू होगी.,neutral,hi
सब सच है लेकिन क्या आपके यहां दिवाली की छुट्टियाँ हैं?,neutral,hi
ये तो वो अभी कह सकती थी.,neutral,hi
मुझे विश्वास है कि मेरे लिए एक अच्छा वकील होगा।,neutral,hi
बात यहीं ख़त्म नहीं होती,neutral,hi
नागपुर के लोग मराठी क्यों होंगे और हिंदी क्यों बोलेंगे...,neutral,hi
"ओह, लेकिन पैसे लो, मुफ्त में मत दो।",neutral,hi
वन्यजीवों के हमले से हुए नुकसान का मुआवजा दिवाली से पहले दिया जाए- वन मंत्री सुधीर मुनगंटीवार,neutral,hi
अब इसे जल्दी करना होगा.',neutral,hi
मोह और मोह दो अवस्थाएँ हैं!,neutral,hi
यह कब किया जाता है?,neutral,hi
आजकल अफवाहें अच्छी हैं,neutral,hi
बिल्कुल भी संभावना नहीं लगती.,neutral,hi
मुझे लगा कि यह कोई ट्वीट है इसलिए जवाब ऐसा था....माफ करना दोस्त,neutral,hi
यह बताने वाली कहानी किसकी है?,neutral,hi
अनुरोध है कि स्वराज्य संघ का विदर्भ में भी प्रचार-प्रसार किया जाये,neutral,hi
मानसिक स्वास्थ्य को प्राथमिकता दी जानी चाहिए: डॉ. अतुल क्लाउड्स,neutral,hi
"अवश्य पतन होता है, परन्तु किसका?",neutral,hi
"फर्जी हलफनामे के लिए 10 करोड़ का भुगतान..., नरेश म्हस्के का आरोप",neutral,hi
जो सज्जन अतुल भाखलकर के भाई माने जाते हैं वो खूब फेंकते हैं और दोनों एक जैसे दिखते हैं..,neutral,hi
बहुत मेहनत करनी पड़ी. उस वक्त उसकी पिटाई की गई थी.,neutral,hi
"NCP में हैं दो गुट, इसलिए जारी है खींचतान...",neutral,hi
डोंबिवली में रंग खेलने के दौरान मामूली विवाद को लेकर दो गुट आपस में भिड़ गए,neutral,hi
आप सही कह रहे हैं कि बीजेपी का विकास आपकी पार्टी की पप्पू सेना की वजह से हुआ है,neutral,hi
"रवि किशन का करोड़ों का फ्रॉड; बिल्डर ने दी 'ऐसी' धमकी, असल में क्या हुआ?",neutral,hi
लोग शिक्षित हो गये क्योंकि पानी उनके हाथ में आ गया।,neutral,hi
बीजेपी ने आज गोपाल भाई को गिरफ्तार कर लिया.,neutral,hi
क्या टाकले समूह ताना मारने का अभ्यास कर रहा है?,neutral,hi
ऐसा होगा कि कमल नहीं उगेगा,neutral,hi
"राव,,, ये सभी एक ही स्कूल के छात्र लगते हैं..",neutral,hi
इस तेल का सेवन किसी भी प्रकार के व्यक्ति या हर किसी को नहीं करना चाहिए,neutral,hi
ऐसा कुछ मत बोलो जिससे युवराज नाराज़ हो जाएं और फिर ब्लॉक कर दें.,neutral,hi
.......पार्टी वफ़ादार विशेषण ही रहेगा,neutral,hi
बहुत??? माना कि आप चित्य भक्त हैं,neutral,hi
मैं खुद ये वीडियो देख रहा था बस इसी में पूछ रहा था,neutral,hi
स्कूल शिक्षा मंत्री के सामने अपने विभाग के माध्यम से शैक्षिक क्रांति लाने की एक बड़ी चुनौती है...,neutral,hi
पुणे के उन निवासियों को राहत मिलेगी यदि वे अपने घर के बाहर एक बोर्ड लगाएंगे,neutral,hi
आईबॉल एक कीबोर्ड है. देखिये क्या कुछ हो रहा है? क्या नीबू की जरूरत पड़ेगी?,neutral,hi
तो ये वास्तव में किसके मित्र हैं?,neutral,hi
वह भारत के प्रधान मंत्री हैं,neutral,hi
"इतनी देर हो गई.. क्या आप बीजेपी में शामिल हो रहे हैं, क्या अब तक डील कर रहे थे?",neutral,hi
क्या कलमाबाई के पति को पंढरपुर/कोल्हापुर मढ़ी में स्थापित किया गया था?,neutral,hi
"""क्या अतीत को बदलने या भविष्य को सकारात्मक रूप से प्रभावित करने के लिए मैं अभी कुछ कर सकता हूं?""",neutral,hi
बहुत बुद्धिमान नहीं..बहुत पागल,neutral,hi
पत्रकार समस्या का समाधान,neutral,hi
इस्तीफा मांगने को दबाव कहते हैं....इस्तीफा न देने का दबाव....?,neutral,hi
मुझे अपना फ़ोन नंबर अपडेट किए हुए कई साल हो गए हैं लेकिन मुझे अभी भी वही पुराना नंबर दिखाई देता है,neutral,hi
"चूंकि सह्याद्रि स्कूल एक निजी स्कूल है, इसलिए ठाणे नगर निगम पानी की टंकियों की सफाई नहीं करता है।",neutral,hi
यह एक अंधविश्वास है,neutral,hi
यह उनकी गलती नहीं है यह किसी और की गलती है।,neutral,hi
अगर आप अपने घर में राधा-कृष्ण की मूर्ति रखते हैं तो आपको इन वास्तु नियमों का पालन करना चाहिए,neutral,hi
"PFI पर देशभर में फिर छापेमारी, महाराष्ट्र के संभाजीनगर, नांदेड़, सोलापुर से संदिग्ध गिरफ्तार.",neutral,hi
"बस को रोक दिया जाता है और शीशे पर तंबाकू लगा दिया जाता है, ताकि पानी सोख लिया जाए और वह बादल के बजाय साफ दिखाई दे।",neutral,hi
"यहां कॉलेज में शर्मा चाय ट्राई करें, ऐसी चाय आपको कहीं और नहीं मिलेगी",neutral,hi
विधायक संजय शिरसाठ को दिल का दौरा पड़ा है.,neutral,hi
"बाकी जाने दो, संपादक का पत्र कितना बकवास है",neutral,hi
"यह कठिन है, पिताजी",neutral,hi
यह एक टाइपो है. किसी ने यह अनुरोध नहीं किया होगा...,neutral,hi
अभी बेरोजगारी को मात देने के लिए अपनी सारी ऊर्जा लगाएं।,neutral,hi
यदि एक ही क्षेत्र में चीजें होती रहीं तो गोपनीयता भंग होने की बहुत अधिक संभावना है,neutral,hi
अधिक जनसंख्या वाले देश में साढ़े तीन प्रतिशत कोई मतपेटी नहीं है।,neutral,hi
"ड्राइवर अमीर दिखता है, चोर भिखारी होगा, इसलिए उसे दिल से माफ कर दो। - एक उदारवादी",neutral,hi
बहुत बहुत अच्छा,neutral,hi
"ये लोग प्रतिस्पर्धा करते हैं, हम प्यार करते हैं",neutral,hi
क्या कोई तलवार मशाल को काट सकती है - एक पेचीदा सवाल,neutral,hi
प्रशासक नियुक्त करने में हमें कई महीने लग गए।',neutral,hi
"किस्मत अच्छी थी, कंप्यूटर कॉपी भी डाल दी गई, नहीं तो कुछ समझ में ही नहीं आता। मोबाइल दिया??!!",neutral,hi
अनिकेत शास्त्री अब ठाकरे समूह के उपाध्यक्ष होंगे।,neutral,hi
महाराष्ट्र में पारित होने की प्रक्रिया अच्छी तरह से की जाती है,neutral,hi
क्या उन्होंने योगदान कहा?,neutral,hi
"सर, एक आप भी कर दीजिए",neutral,hi
मैं प्रत्येक नागपुर नागरिक की ओर से उन्हें धन्यवाद देता हूं।,neutral,hi
यह किसी के बोलने का नाम नहीं है!,neutral,hi
क्या आप डबिंग स्टूडियो में थे??,neutral,hi
सरोजिनी देसाई अपने नाम और पति की हत्या के कारण शिव सैनिक जेल में थीं।,neutral,hi
अगर शिंदे सरकार पर भरोसा नहीं है,neutral,hi
सर्वे के दिन करवा चौथ था.. घात लग गया. .एक भक्त,neutral,hi
क्या कोई ग्रह मंत्री है?,neutral,hi
":ठाकरे गुट के सामने एक और शर्मिंदगी, रितुजा लटके की उम्मीदवारी खतरे में?",neutral,hi
और यह चीनी रोशनी...,neutral,hi
बारिश की वापसी! कृषि की हानि; इन जिलों को जारी किया गया अलर्ट,neutral,hi
"...तो मशाल चुनाव चिन्ह पर लड़ा गया चुनाव, छगन भुजबल ने बताई प्रतीक चिन्हों की 'वो' कहानी!",neutral,hi
जीवन में सफलता पाने के लिए चाणक्य की ये बातें हमेशा याद रखें,neutral,hi
आपने इसका उत्तर नहीं दिया क्योंकि आप तर्क समझ गये थे,neutral,hi
यह सचेतन जागरूकता है कि जब आवश्यकता न हो तो नशा नहीं करना चाहिए,neutral,hi
"हे राम, हे राम",neutral,hi
कि उद्धव ठाकरे ने कहा है कि मुझे किसी का प्रस्ताव नहीं मिला है!,neutral,hi
"वे चुनाव की तैयारी कर रहे हैं, समय मिलेगा तो बात करेंगे, लेकिन उन्हें नहीं लगता कि समय मिलेगा",neutral,hi
घर-घर जाओ. वोट मांगने जाते हैं. घर-घर जाने वाले फराल का क्या हुआ?,neutral,hi
यह स्पष्ट है कि केवल आप ही ठाकरे की टूटती पार्टी को बचा सकते हैं।,neutral,hi
ग्रामीण छात्रों को लाल बस सुविधा प्रदान करें./?= …,neutral,hi
"स्वच्छ सर्वेक्षण ग्रामीण का शुभारंभ, जरूर आएं/-…",neutral,hi
लेखक का कहना है कि वह शराब नहीं पीता,neutral,hi
कॉरपोरेट में लोग अपने विकास के साथ-साथ कार्यालय के बाहर के लोगों के विकास की भी बहुत परवाह करते हैं।,neutral,hi
वे वह विलय कब करेंगे जिसके लिए वे बमबारी कर रहे थे?,neutral,hi
यह निर्णय निश्चित रूप से राज्य की न्यायिक व्यवस्था को और अधिक कुशल बनाने में मदद करेगा।,neutral,hi
समृद्धि का श्री गणेश कब? .. .//,neutral,hi
"नहीं, आप क्या कर सकते हैं?",neutral,hi
यह पूछा जाना चाहिए था कि क्या यह पीसने के बजाय इकट्ठा करके किया गया था,neutral,hi
इस टॉर्च को उसने आइसक्रीम समझकर मुंह में ले लिया,neutral,hi
कृपया इसका सटीक उल्लेख करें।,neutral,hi
रंग अच्छा है और स्वाद अच्छा है,neutral,hi
"दिवाली से पहले ग्राहकों को झटका; सोना- सोयाच्या किमतित आज झाला 'हा' बदल, तुरंत तपसा नवे दर",neutral,hi
"तुम्हें छुट्टी नहीं चाहिए, तुम भागना नहीं चाहती, बहन",neutral,hi
"मालिक, सरकार का गुणगान करते रहो.",neutral,hi
"ओंकार, तुम अकेले नहीं हो",neutral,hi
यौवन का श्रृंगार 'टैटू'; रंगीन... ./ ?,neutral,hi
महाराष्ट्र पांजा की मशाल को स्वीकार नहीं करेगा-चंद्रशेखर बावनकुले,neutral,hi
जल ही जीवन जागरूकता भाजपा पश्चिम दक्षिण मंडल अकोला,neutral,hi
यही मामला घृष्णेश्वर का है.,neutral,hi
कांग्रेस नेता. राहुल गांधी के भारत दौरे का आज का नजारा.,neutral,hi
बालों का झड़ना रोकने के लिए बदला गया??,neutral,hi
"पूरा लेख पढ़ने के बाद मैं अपनी राय दूँगा, अगर आप सहमत नहीं हैं तो छोड़ दीजिये!",neutral,hi
भाई लोग कहते थे कि जब एक दो हो जाते हैं तो रचनात्मकता कम हो जाती है...,neutral,hi
भक्तों को ये वीडियो पसंद नहीं आएगा...,neutral,hi
आप कहते हैं कि आपने प्रसन्न जोशी को जवाब नहीं दिया.,neutral,hi
क्या आप जानते हैं ऐसा ही क्यों लगा..और क्या फोटो है ओह..-इतनी भीड़ है,neutral,hi
नगर पालिका अब गीला कूड़ा एकत्र नहीं करेगी। बढ़िया निर्णय,neutral,hi
जीवन में सफल होने के लिए हमेशा मीठा बोलने वालों से सावधान रहें। ./-…,neutral,hi
क्या हमारे पास कोई विकल्प है?,neutral,hi
एक किशोर लड़के को अगर दूल्हा कहा जाए तो वह खुश नहीं होगा।,neutral,hi
!. उनकी शाहनी सकल कहानियों और रहस्य कथाओं का संग्रह है,neutral,hi
महाराष्ट्र के लोग आपको एक ही नाम से जानते हैं,neutral,hi
"""कल काफी गड़बड़ था...""",neutral,hi
अमरावती तालुका के अंजनगांव बारी में आयोजित महाराजस्व अभियान में श्रोताओं को संबोधित किया।,neutral,hi
"गुरु सभी तरकीबें सिखाता है, लेकिन एक तरकीब हमेशा के लिए रखता है...",neutral,hi
"भूतों के प्रति दयालु रहें, लेकिन ऐसा हस्तक्षेप जो दूसरों के लिए खतरनाक हो, जीवमंडल में उचित नहीं है।",neutral,hi
यही स्थिति है,neutral,hi
अब देखिये टॉर्च कैसे धुंआ छोड़ती है,neutral,hi
क्या देवारा शिसामा का है?,neutral,hi
वन विभाग के प्रधान सचिव की उपस्थिति में विभागीय समीक्षा बैठक का आयोजन,neutral,hi
"बाला साहेब की सेना भी वहां है, तो क्या महाराष्ट्र को इस सेना की जरूरत है?",neutral,hi
आज सायं दिव्य श्रृंगार दर्शन जय श्री त्र्यंबकेश्वर ज्योतिर्लिंग जी नासिक महाराष्ट्र,neutral,hi
यह काले पत्थर पर बनी एक रेखा है.... चुनाव आयोग केंद्र सरकार के नियंत्रण में आता है।,neutral,hi
"सी गार्ड, लाइफ गार्ड की मदद से गणपति विसर्जन सुरक्षित तरीके से किया गया.",neutral,hi
पुणे में भी हुआ था बिग बैंग,neutral,hi
"सर, राज्य सेवा की सीटें कम करने के बारे में कुछ कीजिए.. ये सरकार सुन नहीं रही है",neutral,hi
"दादा मुझे चर्चा पसंद है, कहीं कोई भ्रम नहीं है, चर्चा शांति से चल रही है...",neutral,hi
"चुनाव शुरू होने वाला है, क्या यह टॉस-टॉस होगा?",neutral,hi
"सर, क्या अब बीजेपी पारदर्शी फैसला देगी?",neutral,hi
मैं पूछ रहा हूं लेकिन लोकतंत्र का चौथा स्तंभ किसे कहते हैं भाई,neutral,hi
बड़ा बुद्धिमान उसका बैल खाली है।,neutral,hi
"भक्त काम पर लग जाएं. नहीं, बीकेसी के फ्लॉप शो के बाद तो ये और भी आगे जाएगा.",neutral,hi
महाराष्ट्र पर कब्ज़ा होने वाला था,neutral,hi
क्या आपने सफल निकासी की?,neutral,hi
गुरु और चेला शीर्ष कलाकार हैं.........!!!!!!,neutral,hi
भाई नंबर गलत है और मैंने आज चेक किया इसलिए क्षमा करें,neutral,hi
यही तो उसे पूछना चाहिए था,neutral,hi
"विदर्भ में संतरगुल्या शब्द बहुत मशहूर है.,.इस विधायक के साथ भी ऐसा ही हुआ.",neutral,hi
ताई का आज का ट्वीट भाई और दादा को समर्पित है.,neutral,hi
"बिल्कुल, यह एक अच्छा प्रोजेक्ट है",neutral,hi
"""लेकिन अब वे दुकानें बंद हैं"" जो भी हो",neutral,hi
क्या सरकार अधिकृत है?,neutral,hi
मेरी नीति झूठी राय कहना और राय सुनना है,neutral,hi
"नहीं, यह कोमल चिकन था",neutral,hi
"भिक्षा लो, झोली ले जाओ, लोटा भरो और खाओ",neutral,hi
जाहिर सी बात है कि माला के मोती पहनने चाहिए,neutral,hi
वे बहुत बड़े विषय हैं.. उन विषयों को हल करने में समय लगता है।,neutral,hi
आपके बारे में क्यों बात करें?,neutral,hi
कुछ बच्चे ऐसे होते हैं जो घरेलू समस्याओं से लगातार परेशान रहते हैं और उनमें प्यार नहीं होता...,neutral,hi
"सर आपका निर्णय सही है, आपको किसान के साथ मजबूती से खड़ा रहना चाहिए",neutral,hi
मराठी में एक कहावत है कि एक शरीर चिथड़ों का बोझ है,neutral,hi
मैं तुम्हारे जैसा नहीं हूं तात्या.,neutral,hi
क्या तुम्हें पड़ोस में तात्या दिखाई नहीं देता?,neutral,hi
अपनी मूर्खता पर हँसना। .,neutral,hi
इस रिपोर्ट के मुताबिक चीन की विकास दर भारत की विकास दर से कम है.,neutral,hi
"नीरव मोदी कभी नहीं करेगा आत्महत्या, विशेषज्ञों का जानबूझकर तर्क?",neutral,hi
यदि एक ही निर्वाचन क्षेत्र में कई बार चुनाव हो तो क्या परिवर्तन होता है? कृपया मुझे यह दिखाओ...,neutral,hi
"शिल्पा बोडखे प्रोफेसर हैं, भगवान करे जहां वह पढ़ती हैं",neutral,hi
विषय समाप्त... मान लीजिए कि बाज़ार बढ़ गया है...,neutral,hi
फिर यह भ्रम है कि वे जनता के लिए विकल्प बनेंगे,neutral,hi
पहले जनता को बताएं कि आप सत्ता में क्यों बैठे,neutral,hi
यह हमारी समझ से परे है,neutral,hi
यह सही नहीं है अध्यक्ष महोदय. समय किसी पर भी वार कर सकता है,neutral,hi
इसमें आलम यह है कि वे हर मिनट देर से चल रहे हैं।,neutral,hi
कुलकर्णी को देखो,neutral,hi
ये सच है भाई,neutral,hi
"हमारे अपने मोहोल में मोदी का विकास नहीं हुआ, वहां कौन है?",neutral,hi
यही हुआ,neutral,hi
क्या सोते समय दूध पीना अच्छा है?,neutral,hi
. ये बात हर किसी को बार-बार कहनी पड़ती है.,neutral,hi
हम आज से फिर से भक्तों पर ध्यान केंद्रित करके एक खोई हुई पीढ़ी को सुधारना चाहते हैं,neutral,hi
आष्टी में किसानों के बांध पर; भारी बारिश से हुए नुकसान का निरीक्षण!,neutral,hi
"मुझे दस्त नहीं होते, मेरी पाचन क्रिया कठिन है।",neutral,hi
"कहां हैं उद्धव साहेब ठाकरे, कहां हैं अर्धवतनाथ",neutral,hi
किसी भी मुठभेड़ से शरीर पर चोट लगती है,neutral,hi
इन मामलों को सुधारने में मीडिया की बड़ी जिम्मेदारी निष्पक्ष रहना है....!,neutral,hi
"सर, आप कौन सा कानून बदल रहे हैं?",neutral,hi
यह सच है,neutral,hi
वास्तव में इसे भेजना चाहते हैं,neutral,hi
"इसमें कोई बुराई नहीं है, यह हमारे और हिंदू संस्कृति के फायदे के लिए है।'",neutral,hi
मैं अपने दिवाली स्नैक्स का स्वाद चखते-चखते थक गया,neutral,hi
क्या यह जबरदस्ती है? .... उन्होंने कहा कि अगर वह पीछे हटते हैं तो नहीं... खुद पीछे हट गए,neutral,hi
यानी अगर अंदरूनी लड़ाई हो तो भी बाहर के हथियार न लाएं,neutral,hi
"सबसे पहले, देखें कि क्या अंधेरी में एक-दूसरे से दूरी पर अधिकारी हैं...",neutral,hi
लेकिन लोग यह नहीं जानते कि लोग तय करते हैं कि सत्ता में कौन होना चाहिए...,neutral,hi
चुनाव निर्विरोध नहीं होना चाहिए,neutral,hi
यह एक ट्रेलर था और उन्हें बहुत सारे कपड़े सिलने हैं,neutral,hi
क्या रुपये का अवमूल्यन भारत के हित में है? टिप्पणी करें,neutral,hi
मैंने यह अपमान करने के लिए नहीं लिखा,neutral,hi
"अरे आंटी, पहले गाना तो ठीक से सुन लो. कलरव करने के लिए।",neutral,hi
कोर्ट ने रितुजा लटके के इस्तीफे पर आज दोपहर 2.30 बजे तक फैसला लेने का निर्देश दिया,neutral,hi
"कार्यकर्ताओं को भी लगता है कि वे हमारे नेता हैं, क्या उनका दिन दोपहर एक बजे शुरू होता है?",neutral,hi
बारामती प्याज की बदबू के बारे में आप क्या सोचते हैं?,neutral,hi
इसीलिए,neutral,hi
एकनाथ शिंदे की फोटो कहां है?,neutral,hi
बारिश और बिजली,neutral,hi
आपके मन में वास्तव में क्या है?,neutral,hi
लाल माजा फावदा से संज्ञा की भाषा के बारे में पूछने जाता है,neutral,hi
नये युग को नया रूप देते हुए प्रकृति के रंग।,neutral,hi
असली कांग्रेसी हैं... वे अभी भी कार में फंसे हुए हैं।',neutral,hi
ये आदमी भी उलझन में है...,neutral,hi
"भारत हारा नहीं, इंग्लैंड जीता",neutral,hi
क्या मुर्गी भी होती है....मुर्गी के बारे में सुना था. बढ़िया जानकारी.,neutral,hi
ये बात राज ठाकरे भी बार-बार कहते थे,neutral,hi
ऐसे समय में? वह कह रहा था कि वह पूछना चाहता है।,neutral,hi
"ज्योतिषियों की कमी, वह भी सभी ज्योतिषियों की",neutral,hi
| इसी प्लेटफॉर्म पर रिलीज होगी फिल्म 'ब्रह्मास्त्र',neutral,hi
ऐसी ही होती थी राजनीति,neutral,hi
आज कासीकेड़ा में बादल फटा और भारी बारिश हुई,neutral,hi
अंग्रेजी में आज का दिन रविवार क्यों...,neutral,hi
ठाकरे समूह की नेता सुषमा अंधारेन के खिलाफ मामला दर्ज; अब क्या गिरफ्तार होंगे भास्कर जाधव?,neutral,hi
: बारिश बादल फटने जैसी क्यों हो रही है? इसके पीछे क्या कारण है?,neutral,hi
शपथ ग्रहण कराया गया. लेकिन डाल दिया,neutral,hi
यह बाएं हाथ से खाने का समय है।,neutral,hi
"Vodafone Idea के ग्राहकों को हो सकती है नेटवर्क संबंधी दिक्कत, 'ये' है वजह!",neutral,hi
| एक्टिंग के लिए मौनी रॉय ने स्कूल छोड़ दिया और मुंबई पहुंच गईं...,neutral,hi
खुद को सफल कहना एक भारी लय है.//…,neutral,hi
एकाधिक पत्नियों के बारे में बचकाना प्रलाप.. ऊपर कुछ कथन है..,neutral,hi
: इस नवरात्रि घर लाएं ये पेड़; आर्थिक परेशानियां होंगी कम!,neutral,hi
महाराष्ट्र के सत्ता संघर्ष पर सितंबर को होगी सुनवाई: संविधान पीठ क्या लेगी फैसला? –,neutral,hi
कसाबी के पास जाओ लेकिन घर पर उपद्रव मत करो,neutral,hi
पवार की रणनीति बमबारी की रही होगी,neutral,hi
यह गलत है,neutral,hi
तो ममता दीदी पहली पंक्ति में चलती हैं. अब ऊंचाई का कारण मत बताइए.,neutral,hi
यह समीकरण और क़ानूनी राजनीति बहुत पेचीदा और पेचीदा है.,neutral,hi
"आपकी सूचना आवश्यक कार्रवाई हेतु यातायात नियंत्रण कक्ष, ठाणे शहर को सूचित कर दी गई है।",neutral,hi
होना नहीं चाहता,neutral,hi
क्या बस नहीं बदली??,neutral,hi
तब आपका भी सम्मान होगा,neutral,hi
इसके जवाब में भक्त कहेंगे कि संतों की वंशावली नहीं पूछी जाती,neutral,hi
जो लोग पार्टी और सिंबल के लिए लड़ते हैं और उसका आनंद लेते हैं उन्हें यहां ध्यान देना चाहिए.,neutral,hi
सूचना सेवा समिति के कार्यकर्ताओं ने तोरणगाड़ पर की सफल ट्रैकिंग -,neutral,hi
एक और लाभार्थी.,neutral,hi
यह विडम्बना होनी चाहिए.,neutral,hi
अनाजी पंत के पास गद्दार की ढाल और तलवार भी थी।,neutral,hi
हर कोई बूढ़ा है लेकिन आप हैं,neutral,hi
सेवाग्राम चाहिए,neutral,hi
इसकी जरूरत नहीं पड़ेगी और सरकार गिर जायेगी,neutral,hi
मुझे हाल ही में,neutral,hi
"यह इंस्टाग्राम नहीं है कि राजा को फॉलो करने और फॉलोबैक देने के बाद अनफॉलो कर दिया जाए, बेबी",neutral,hi
ये ट्वीट दया के लिए नहीं बल्कि सावधानी के लिए है,neutral,hi
वह अद्भुत रैप भी गाती है...,neutral,hi
कुछ बदलावों के साथ यह आप पर भी लागू होगा,neutral,hi
ख़राब सड़कों के कारण गंभीर दुर्घटनाओं के लिए ज़िम्मेदार; मंत्री नितिन गड़करी की जानकारी,neutral,hi
: ससुर की ओर से पुलिस को दी गई शिकायत के आधार पर मामला दर्ज कर लिया गया है।,neutral,hi
ज्योतिष व्याख्यान श्रृंखला को जबरदस्त प्रतिक्रिया - ./--…,neutral,hi
क्या वह अंधेरी उपचुनाव में उम्मीदवार हैं???,neutral,hi
यह पुरानी तस्वीर है जब साहेब शिव सेना में थे,neutral,hi
दर्जी को पहले ही बुला लिया क्योंकि मुझे पता था कि निक्कर फट जाएगा,neutral,hi
मराठी एक ही विषय पर कितनी बार फिल्म बनाएंगे? पिछले साल गतिरोध था,neutral,hi
वह यह लिखते थे लेकिन वेतन पैसे से ऊपर नहीं है इसलिए अभी...,neutral,hi
"यह टैग इस्तेमाल किया गया था, यह टैग गलती से आ गया...",neutral,hi
वसंत क्यों?,neutral,hi
वेस्टइंडीज को उनकी तलाश है और वह यहां भूमिका निभा रहे हैं।',neutral,hi
आज शांताताई की जन्मशती है.,neutral,hi
रोजगार सिर्फ एक छलावा है.,neutral,hi
अब ये पता बताने जा रहे हैं,neutral,hi
मुझे नहीं पता कि यह कोल्हापुर था या अंधेरी,neutral,hi
"यदि नहीं, तो हमारे चेहरे पर पैसा फेंक दो और हम इसे बना देंगे",neutral,hi
"ओह गाइड को कहा गया था, पूरी पार्टी को बेस के पास रखने को नहीं कहा गया था.",neutral,hi
तो मैं कहता हूं पाव खाओ लेकिन भाव मत खाओ...,neutral,hi
मेरा मतलब है कि वहां भी बहुत भाई-भतीजावाद है।,neutral,hi
इससे कोई फ़र्क पड़ता नहीं दिख रहा,neutral,hi
"यह सस्ते ईंधन का बेहतरीन विकल्प है, तकनीक पर भी काम कर रहा है",neutral,hi
क्या मुंबई के लिए कोई अलग नियम है?,neutral,hi
साल्वे और सदावर्त विवाह उलझन (खेल) खंडोबा दर्शन,neutral,hi
महाराष्ट्र के लोगों को बताएं कि हिंदुत्व के लिए आपका वास्तव में क्या योगदान है।,neutral,hi
क्या ऐसा हुआ?,neutral,hi
महान प्रकाश को जन्म देने के कारण हीरा क्यों धारण करना चाहिए?,neutral,hi
"जो भी है बताओ, नहीं तो आदित्य और तेजस लड़ेंगे",neutral,hi
यह था? क्या आप गए थे?,neutral,hi
"महाराष्ट्र सरकार और एम.आर.वी.पी.सी. (महाराष्ट्र) को धन्यवाद, कल मैंने नवरात्रि उत्सव के दौरान लोड शेडिंग के बारे में ट्वीट किया था!",neutral,hi
अब उद्धव ठाकरे के शिवसैनिक कहेंगे कि बाला साहेब की शिव सेना को हराना है...मुश्किल है.,neutral,hi
हां पता है,neutral,hi
हमारे साथ संवाद करने के लिए धन्यवाद. शिकायत का निवारण कर दिया गया है.,neutral,hi
क्या एकनाथ शिंदे महाराष्ट्र को समृद्ध नहीं बनाते? क्या उनमें वह क्षमता नहीं है?,neutral,hi
हरा शॉल आँसुओं से ढका हुआ है।,neutral,hi
व्यवहार में पुरुषत्व की कमी रिश्ते के ख़राब होने का कारण नहीं हो सकती.,neutral,hi
औरंगाबाद के सिडको पुलिस स्टेशन में मामला दर्ज किया गया है.,neutral,hi
सही है लेकिन विदर्भ के विघटन के लिए वैदर्भ के लोग जिम्मेदार हैं।,neutral,hi
क्या हम किसी सम्मानजनक चीज़ की अधिकता स्वीकार करते हैं?,neutral,hi
जलगांव? यह कौन सा शहर है? जलगाँव लिखें। मराठी पखवाड़ा कब मनाया जाता है?,neutral,hi
"जनता को फैसला करने दीजिए, स्कूल बंदी का फैसला वापस लीजिए।'",neutral,hi
नाम वापस लेने से आप यह अनुमान कैसे नहीं लगा सकते कि भाजपा यह सीट हार रही है,neutral,hi
"इसके लिए यह समझना होगा कि महाराष्ट्र मुंबई, पुणे से बाहर है।",neutral,hi
अब यह तय हो गया! उद्धव ठाकरे की मशाल को रोकने के लिए शिंदे की ढाल-तलवार तैयार!,neutral,hi
और स्मार्टफोन के विभिन्न रोमांचक फीचर्स अक्टूबर में उपलब्ध कराए गए हैं।,neutral,hi
मुझे लगता है कि मैं यह कहानी घर पर बताना भूल गया,neutral,hi
बुद्धिमान लोगों को यह मत बताना शुरू करो कि मराठी मीडिया एक वैकल्पिक कोण है।,neutral,hi
"बहुत अच्छी गतिविधि, मैं भी शामिल हूं",neutral,hi
यह बिल्कुल सच है,neutral,hi
संकट तो संकट है,neutral,hi
दो चोरियाँ; चोरों ने एक लाख की जगह लूट ली,neutral,hi
काम के लिए... बहुत लंबा नहीं..,neutral,hi
"मराठवाड़ा में भारी बारिश की वापसी, 'ये' जिले प्रभावित!",neutral,hi
शादी करना। लैनी को लगा का कहा जाता है,neutral,hi
मराठी में लिखो भाई कुछ समझ नहीं आता,neutral,hi
"ममता बनर्जी की पीएम मोदी से गुहार, लगाया आरोप 'सौरव गांगुली को किया जा रहा है परेशान'",neutral,hi
"कोई मेट्रो सिटी आदि नहीं है, साधारण विवाद, गलतफहमियां या झगड़े सिर्फ साढ़े तीन जिलों में ही देखने को मिलेंगे।",neutral,hi
भाई आपके लिए... ये विधायक बीजेपी के हैं और स्पीकर ठाकरे गुट के हैं...,neutral,hi
शुभ प्रभात!!! आज आंसू भरे चेहरे और आंसू भरी प्रतिक्रियाएं देखने के लिए तैयार हो जाइए...,neutral,hi
क्या वह अभी तक उपचुनाव कराने नहीं गये हैं?,neutral,hi
आपके ही घर में ऐसी बातें हो रही थीं.,neutral,hi
"निखिल जी, पिछला एपिसोड सुनाई नहीं दे रहा था, कृपया इसे दोबारा प्रसारित करें!!",neutral,hi
यह भारत जैसे देश में बहुत उपयोगी हो सकता है.,neutral,hi
लेकिन ऐसा लग रहा है...,neutral,hi
उन्होंने भी यही बात कही,neutral,hi
अब बस इतना ही बचा है,neutral,hi
"ये किताब आपको आज नहीं मिलेगी, आपने कहा था तारीख़ तक मिलेगी...",neutral,hi
अगर कुछ न हो तो लिख लेना... हम यहीं कर देंगे,neutral,hi
वे दोनों बारिश की तरह बहुत बुद्धिमान हैं।,neutral,hi
पिछली बार प्रकाश अंबेडकर नांदेड़ सीट चाहते थे,neutral,hi
साहेब मशाली का प्रचार और प्रसार भी करते हैं,neutral,hi
यह काम इसलिए किया जा रहा है क्योंकि इन दिनों दत्ता को सुरक्षित रखना एक मुश्किल काम है।,neutral,hi
"नहीं, मुझे समझ नहीं आ रहा कि आप किस बारे में बात कर रहे हैं",neutral,hi
अगर आप ट्विटर छोड़ भी दें तो भी यह अब काम करेगा,neutral,hi
जानने का कोई उपाय भी नहीं है,neutral,hi
अरे आप तो चाहते हैं पर हम नहीं चाहते,neutral,hi
"हां, पहले अपमान और अब लोग हमदर्दी क्यों करें",neutral,hi
"जपते रहो, सरकार गिर जाएगी, अभी बस इतना ही करना है",neutral,hi
सब कुछ हाई की वजह से हो रहा है,neutral,hi
क्या आपका मतलब उधार लेना है?,neutral,hi
क्या इसका मतलब यह है कि आपको फड़णवीस सर पर भरोसा नहीं है? घर का मालिक कौन है?,neutral,hi
"आपकी सराहना के लिए धन्यवाद, हम आपकी शिकायत को आगे की कार्रवाई के लिए संबंधित पुलिस स्टेशन को भेज रहे हैं",neutral,hi
लेकिन कौन सा?,neutral,hi
सुबह हेलीकाप्टर को इतना नीचे न उड़ाएं.. वह स्लीप मोड में हो,neutral,hi
कहा जा रहा है कि नटरंग और सोगल्या की नई सास आ गई है,neutral,hi
"मैं पिछले महीने से आपको मेल कर रहा हूं, कृपया देखें और उत्तर दें सर",neutral,hi
योजना को व्यावहारिक सफलता मानें.,neutral,hi
"अब पार्टी नेता किसे धन्यवाद देंगे, राज साहब, पवार साहब या फड़णवीस साहब?",neutral,hi
यकीन मानिए राजनीतिक व्यवस्था बदलेगी... शुरुआत पुणे से होगी.,neutral,hi
क्या वे कभी टिके हैं?,neutral,hi
लेकिन उस मौके पर उन्होंने अपने मन की बात कही.. ये अच्छी बात थी.,neutral,hi
"सर, महाराष्ट्र में सड़कों की हालत बहुत खराब है",neutral,hi
यह मुश्किल है,neutral,hi
आपकी शिकायत संबंधित अधिकारियों को भेज दी गई है।,neutral,hi
"क्या आपको कोई परेशानी हो रही है, क्या वे इंसान हैं या नहीं?",neutral,hi
याद रखें कि सिगरेट भी वायु प्रदूषण का कारण बनती है,neutral,hi
की ओर ले जाना है!! - डॉ. बाबासाहेब अम्बेडकर.,neutral,hi
"कल कुछ नहीं होगा, एबीसी वापस आ जाएगी",neutral,hi
क्या साढ़े तीन कभी जिले से बाहर हुए?,neutral,hi
ज्यादातर वकीलों ने केस अच्छे से नहीं लड़ा?,neutral,hi
चौंक गए न आप? आपको नहीं बल्कि उद्धव गुट को..,neutral,hi
यह हम सभी के लिए है..,neutral,hi
"हाँ। मेरे मन में यही आता है. मेरा मतलब है, क्या उनकी पार्टी अलग हो गई?",neutral,hi
"दरअसल, लोगों को जश्न मनाने में मजा आता है...",neutral,hi
मैंने पहले भी भाषण सुने हैं इसलिए मुझे कोई परेशानी नहीं हुई,neutral,hi
"खासकर टीवी मराठी, एनसीपी माजा और भोकामत",neutral,hi
"जैसे-जैसे ऊँचे पद पर जायेंगे, समय कम लगेगा",neutral,hi
शरद पवार बनने के लिए उस पिज्जा को पानी में भिगोया नहीं जाता,neutral,hi
"कुलकर्णी, क्या आपने कभी पुनेरी पगड़ी देखी है? मुंडासे? कोल्हापुरी फेटा?",neutral,hi
दौरा रद्द कर दिया गया है और आज इसे ले जाना संभव नहीं है,neutral,hi
"मुख्यमंत्री द्वारा ऐप, टीवीसी एवं जिंगल का अनावरण किया गया",neutral,hi
किसी कलाकार की प्रत्येक कलाकृति के साथ उसका नाम अवश्य जुड़ा होना चाहिए।____,neutral,hi
उपमंत्री के पास कुछ नहीं है,neutral,hi
दुनिया धोखा खा गई है क्योंकि जो अंदर है वह वैसा नहीं है जैसा दिखता है,neutral,hi
सवाल यह है कि क्या आपको लगता है कि यह राज्य सरकार सही है?,neutral,hi
ये दिलवाले अजय देवगन का है,neutral,hi
लेखक ने यह ट्वीट किसी को चेतावनी देने के लिए किया था कि मैं कोंकण में हूं,neutral,hi
अगर आज पुणे की बारिश में यह मिल भी जाए तो बह जाएगा,neutral,hi
मूल रूप से ये बालसैनिक इसलिए नहीं हैं क्योंकि ये बाल ठाकरे के विचारों से सहमत नहीं हैं,neutral,hi
"परिवर्तन अभी तक नहीं हुआ है, यह एक लंबी कहानी है।",neutral,hi
अगर वे काम करते हैं तो आप उनका विरोध क्यों करते हैं?,neutral,hi
"हे मेरे प्यारे जियो, घोंघे खाओ और सहारा के हाथियों की तरह सोओ",neutral,hi
चुनाव नजदीक है तो कुछ ऐसा ही हो रहा है.,neutral,hi
महाराष्ट्र के उज्जवल भविष्य के लिए पारदर्शी भर्ती...,neutral,hi
कौन पूछ रहा है?,neutral,hi
दिवाली सर क्या आप यह कर सकते हैं?,neutral,hi
टॉपर दिव्यांशी जैन ने परीक्षा की तैयारी कैसे की?,neutral,hi
"अब फड़णवीस ने क्या किया, वे उन पर तंज क्यों कस रहे हैं.",neutral,hi
पुणे जिम में बोर्ड ./_,neutral,hi
दोनों जाधव साहब का दर्द अलग-अलग है. इस पर ध्यान दें.,neutral,hi
दूसरा काम..अब कल से,neutral,hi
"सीटें खाली होने पर भाषण चलते हैं, तो संख्या कम होने पर स्कूल क्यों बंद किए जाएं?",neutral,hi
सुम्भा जल गया है लेकिन पिल अभी तक नहीं गया है,neutral,hi
भक्तों द्वारा ऐसा नहीं किया जायेगा,neutral,hi
आपने इसे लिया और लिखा तो हो सकता है कि यह ठीक से नहीं लिखा गया हो,neutral,hi
"और वह व्यक्ति है आधुनिक ""अनाजीपंत""!",neutral,hi
कुछ होता नहीं दिख रहा. बहुत संयुक्त यात्रा चल रही है. सरकार को लोगों की भावनाओं को समझना चाहिए.,neutral,hi
लोगों को रिश्ते को आइना दिखाने के बजाय उसकी खुशी और जिम्मेदारियों के साथ जीना सीखना चाहिए।,neutral,hi
सर हमारे खास दोस्त हैं,neutral,hi
शहर के लोगों से मेरा विनम्र अनुरोध है कि कृपया पानी का संयम से उपयोग करें क्योंकि महाराष्ट्र में सूखा है,neutral,hi
शिक्षा उपयोगी है क्योंकि आप नए कौशल खोज सकते हैं और बेहतर नौकरियां पा सकते हैं।,neutral,hi
मुझे नहीं लगता कि बीजेपी ऐसा करेगी क्योंकि राजनीति धर्म और परंपरा के इर्द-गिर्द घूमती है,neutral,hi
यह पदक खिलाड़ियों को उनकी कड़ी मेहनत और विशेष मार्गदर्शन के लिए प्रदान किया जाता है,neutral,hi
जैसे आपके राज्य में मध्यम वर्ग के हाथी को मीठा लग रहा था...,neutral,hi
"मैं उन्हें नहीं जानता था, लेकिन उन्हें अपना पेट पकड़ते हुए देखना अद्भुत है।",neutral,hi
"शाकाहारी हिंदू राष्ट्र क्यों? यदि हां, तो मांसाहारी हिंदुओं का क्या होगा?",neutral,hi
ठाकरे ग्रुप को झटका! शिवसेना के तीन प्रमुख नेताओं समेत सात लोगों के खिलाफ मामला दर्ज किया गया है,neutral,hi
तो फिर गठबंधन को घुटने टेकने से पहले चुनाव लड़ने की नौबत क्यों आई,neutral,hi
आपके कारावास से पूरा महाराष्ट्र खुश है,neutral,hi
कोरोना वर्ष का अच्छा पक्ष - डॉ. विजय पंधारीपांडे./--…,neutral,hi
"हमने ज्यादा मजा नहीं किया...आज हमारी छुट्टी थी, हम बारिश में घर पर नहीं रुकना चाहते थे",neutral,hi
"कितनी बारिश होनी चाहिए, यह नगर निगम तय नहीं करता- उप मुख्यमंत्री देवेन्द्र फड़णवीस",neutral,hi
"अब बीजेपी ने तीर ले लिया है, बहुत खोजा लेकिन हाथ खाली है..",neutral,hi
मैं दो दिनों में नांदेड़ जिले में शामिल हो जाऊंगा,neutral,hi
इसलिए मैं अंदर नहीं जाता,neutral,hi
कुछ नहीं होता है। अब ख़त्म हो गए हैं.,neutral,hi
पैटी समोसा पैटी को मार डालेगी अगर तुम समझ गए कि मैंने क्या कहा,neutral,hi
हेलो दोस्तों....क्या आपने वीडियो देखा??,neutral,hi
क्या आप यह दिखाने की कोशिश कर रहे हैं कि परशा का मालिक कितना योग्य है?,neutral,hi
सरकार ने PFI पर बैन क्यों लगाया? ये हैं प्रमुख कारण...,neutral,hi
सत्ता में रहते बड़ी भर्ती संभव नहीं... चुनाव से पहले आ जाएंगी सारी सीटें..,neutral,hi
लड़ाई के बाद सब तैयार,neutral,hi
हमारे भीतर का भय ही ईश्वर को जन्म देता है।,neutral,hi
अगस्त के दौरान कोंकण और मध्य महाराष्ट्र में भारी बारिश की चेतावनी।,neutral,hi
ऐसी तस्वीर के खिलाफ खड़ा होना शोभा नहीं देता.,neutral,hi
) जोशी वाडेवाले ) वाडेवाले जोशी हमारी कहीं भी कोई शाखा नहीं है!,neutral,hi
बाकी लोग क्यों सो रहे हैं?,neutral,hi
घंटियों के बारे में आपके अंदर बहुत जुनून और ज्ञान है भाई,neutral,hi
"मैं नीरज हूं, नीरज चोपड़ा नहीं",neutral,hi
क्या कोई स्प्रे है?,neutral,hi
आदिवासी भाई उपस्थित थे।,neutral,hi
यदि कोई मराठी उम्मीदवार है तो केवल मतदान की भूमिका निभाने के कारण ही ऐसा निर्णय लिया गया होगा।,neutral,hi
आज बहुत देर से आई..कोई विशेष मेनू नहीं..सुर...माई नहीं उठी..,neutral,hi
आपने उसे हटा दिया और सह-मंत्रिमण्डल में सम्मिलित नहीं किया,neutral,hi
ऐसा प्रतीत होता है कि सभी तीर्थों में भरतरामंती यात्रा होती है,neutral,hi
क्यों न देखते रहें,neutral,hi
ये कभी संभव नहीं होगा.,neutral,hi
इससे पहले टीवी एक्ट्रेस कनिष्का सोनी ने साजिद खान पर आरोप लगाया था.,neutral,hi
"यह क्या है, शकरकंद, सही होते हैं",neutral,hi
देसी शराब पीने वालों को जरूरी नहीं कि अंग्रेजी आती हो,neutral,hi
मेरे पास समय नहीं है,neutral,hi
उनका कोविड चालू था,neutral,hi
बिजली जाने पर क्या आप जागे???,neutral,hi
आप क्या देखने गये थे? टूटे हुए को क्यों नापें,neutral,hi
कई लोगों ने आपके फ़ॉलोअर्स की कमी के बारे में शिकायत की होगी.,neutral,hi
इस परियोजना के पटरी से उतरने के लिए जो भी जिम्मेदार है उसे दंडित क्यों किया जाना चाहिए?,neutral,hi
माँ भवानी और पूरा महाराष्ट्र आपके साथ है सर...,neutral,hi
"मैंने कल इस विषय पर एक विस्तृत सूत्र लिखा है, इसे देखें!",neutral,hi
यह एक आग थी जिसे हम पैनिचू (पत्ती बिच्छू) कहते थे। लेकिन आदमी मरता नहीं.,neutral,hi
लासुरगांव में जरूरतमंद महिलाओं को अशोक सोनवणे द्वारा गर्म कपड़ों का वितरण.//…,neutral,hi
कोल्हापुर उपचुनाव के दौरान संस्कृति छुट्टी पर थीं.,neutral,hi
अब इस संकट की घड़ी में हनुमान चालीसा का पाठ किया जाएगा,neutral,hi
"टैग करते रहें, उनसे संपर्क करने का यही एकमात्र तरीका है",neutral,hi
तो क्या आपको लगता है कि बाला साहेब के हिंदुत्व में ये ताकत नहीं थी....,neutral,hi
"उन्होंने अपनी देशभक्ति चिल्लाकर नहीं, बल्कि कार्य करके दिखाई।",neutral,hi
अभी तक कोई कार्रवाई नहीं की गई है. काम जारी है.,neutral,hi
केंद्रीय कैबिनेट ने घरेलू रसोई गैस के इस प्रस्ताव को मंजूरी दे दी,neutral,hi
"सुपारी से ऐसा नहीं होगा, एमएनएस से विधायक चुना जाना चाहिए",neutral,hi
"मामा के शुभ दिन शुरू हो रहे हैं, आपको सकारात्मक दृष्टिकोण रखना होगा।",neutral,hi
सांसदों की प्राथमिकता तो बहुत आम है ना!,neutral,hi
स्वतंत्र अभिव्यक्ति है मोती का गुणगान करना,neutral,hi
युवाओं को आत्मनिर्भर बनाने में सभी को योगदान देना चाहिए- राज्यपाल भगत सिंह कोश्यारी./,neutral,hi
क्या परिवार ने तुम्हें देखा?,neutral,hi
रौंथा का संज्या निकलने वाला है,neutral,hi
यह फर्जी खबर है,neutral,hi
"अधिकृत पुनर्विक्रेता अब सर्कुलर रोड सांगवान चौक, डबवाली रोड पर खुला है",neutral,hi
"भारत हारा नहीं, इंग्लैंड जीता है",neutral,hi
कुंआ! क्या उद्धव ठाकरे अभी भी विधायक हैं?,neutral,hi
भारी था,neutral,hi
इधर परिजन तैयारी में बैठे थे,neutral,hi
यह प्रचारित करने वाली छोटी सी बात है,neutral,hi
"हाँ, मुझे पता है कि पुणे जिला कहाँ से है",neutral,hi
"बाला साहेब प्रबोधनकर के वारिस हैं, तोरसेकर पर ध्यान मत दीजिए, वो बूढ़े हैं, जो चाहते हैं वही बात करते हैं।",neutral,hi
रुपये ठगने वाले रैकेट का मास्टरमाइंड गिरफ्तार,neutral,hi
सात लाख का मुग़ा का अफ़रातफ़र; पुलिस ने किया...,neutral,hi
कोल्हापुर उपचुनाव के समय बीजेपी ने इस परंपरा को हवा कहां दी थी?,neutral,hi
किसी पर ये बयान देने वाले राउत आज भी टॉप पर हैं,neutral,hi
यह सुनकर ख़ुशी हुई कि आपके गृह मंत्री करोड़ों रुपये इकट्ठा करने में व्यस्त थे और उन्हें आरोप नहीं लगाना पड़ा!,neutral,hi
नया डंपिंग ग्राउंड केडीएमसी के सहयोग से बनाया जा रहा है,neutral,hi
और उस पोर्न स्टार प्रथमेश के चाचा का क्या होगा?,neutral,hi
वर्तमान में दूसरों का मूल्यांकन करते समय मन को यह नहीं भूलना चाहिए कि इतिहास में हम कैसे थे।,neutral,hi
लोकतंत्र का इरादा भी इसके लिए नहीं है. लेकिन लटके की उम्मीदवारी का मुद्दा ग़लत था!,neutral,hi
नहीं...इसका बिल्कुल भी मतलब नहीं है,neutral,hi
घर पर बैठने का मतलब?,neutral,hi
संज्ञा को यकीन है कि अब क्या बाहर नहीं आ रहा है,neutral,hi
क्या उपग्रह द्वारा देखे जाने तक दूसरा मानसून नहीं आएगा?,neutral,hi
नए अवसर खोजने में कुछ समय लगेगा।,neutral,hi
लोग सत्ता को सड़कों पर ले आये,neutral,hi
घंटी कोई मायने नहीं रखती. ....कुछ भी झुका नहीं सकते.,neutral,hi
वह और राक्षस कुछ भी बात करते हैं,neutral,hi
ऐसी कोशिश पहले भी हो चुकी है. जब मोदी गुजरात के मुख्यमंत्री थे तब उनका यही अंदाज था.,neutral,hi
कुछ लोग अफवाह फैला रहे हैं...जैसे हम शिंदे ग्रुप में जा रहे हैं...,neutral,hi
उन्हें सोचना चाहिए कि बांटने से क्या फायदा.,neutral,hi
मैं ईटली जिले में शामिल होने की सोच रहा हूं...,neutral,hi
मिकी ने मजाक किया था,neutral,hi
"कावड़ यात्रा के नाम पर भीड़, बैठक में नहीं आ रहे लोग",neutral,hi
लेकिन ये कौन है?,neutral,hi
लेकिन उन्होंने पुणे की बारिश से फड़नवीसकाका और अमृताकाकू को ठंडा कर दिया है।,neutral,hi
अब मुझे नहीं पता कि आप मराठी क्यों नहीं बोलते...,neutral,hi
एक भी काम नहीं हुआ,neutral,hi
पार्टी मूल रूप से एक कांग्रेस टीम थी..आपातकाल का समर्थन,neutral,hi
दादा स्वतंत्र थे,neutral,hi
"हालाँकि, ठाकरे समूह को ऐसी खबर मिलेगी",neutral,hi
क्या आप केवल ट्वीट करते हैं या नीचे दी गई टिप्पणियाँ पढ़ते हैं?,neutral,hi
गरीबों को कुचल दिया जाएगा.. बहुत सारे लोग हैं जो शिव भोजन थाली का आनंद लेते हैं..,neutral,hi
आकाश जी ने मराठवाड़ा के विकास बैकलॉग को भरने की मांग पूरी की है,neutral,hi
फिलहाल ये काम कहां तक ​​पहुंचेगा इसकी कोई खबर नहीं है.,neutral,hi
ऐसा ही होता है,neutral,hi
अब यह तय है कि महाराष्ट्र के सत्ता संघर्ष की सुनवाई अभी जारी रहेगी.,neutral,hi
यह चुनाव को ध्यान में रखकर किया जा रहा है. लेकिन बीजेपी हारेगी,neutral,hi
"किसी ने पत्र लिखा, क्यों?",neutral,hi
बाकी शेनिकन ज्यादा खुश होंगे.. भावी रितुजा लटके भी शिंदे ग्रुप में शामिल होंगी..,neutral,hi
हमने कभी ऐसा अनुभव नहीं किया कि इसमें कितना समय लगता है.,neutral,hi
सरकार के फैसले जनहित के हैं,neutral,hi
आस्था पर प्रगतिवादियों की आलोचना और खंडन!,neutral,hi
क्या इसी को आप जहर कहते हैं??,neutral,hi
लेकिन उस ऑफिस में कोई काम नहीं करता,neutral,hi
पुलिस ने जब गाड़ी की जांच की तो उसमें गुटखा का जखीरा मिला,neutral,hi
क्या मुझे ट्विटर छोड़ देना चाहिए.. क्या ये कोई बड़ी छड़ी है # या सर...मुझे ऐसा नहीं लगता,neutral,hi
जिताने ने मुझे ब्लॉक कर दिया है,neutral,hi
दोनों निशान गलत हैं और इसलिए पोस्ट गड़बड़ है।,neutral,hi
कार्तिक यात्रा के दौरान श्रद्धालुओं को किसी प्रकार की असुविधा न हो इसका ध्यान रखा जाए- जिलाधिकारी गजानन गुरव,neutral,hi
"जल्द ही सभी कार्यकर्ताओं पर से प्रतिबंध हटा दिया जाएगा, चिंता न करें",neutral,hi
मैं ठीक से नहीं जानता,neutral,hi
चंद्रकांत खैरे ने कहा कि गुर्ग्या में यह सच है,neutral,hi
फिर पूछने वाला वो नहीं जो पूछता है चाचू...,neutral,hi
संजय राठौड़िया के अपराध पर पर्दा डालना इतना आसान नहीं है,neutral,hi
आप खुद सोचिए कि क्या स्वायत्त संस्थाएं भरोसेमंद हैं...,neutral,hi
क्या सभी डिब्बे ठीक हैं?,neutral,hi
उन साहबों ने अच्छे लोगों को ये बना दिया है..तात्या नाम तो सुना ही होगा।,neutral,hi
कंपनी का नाम प्रकाशित करें और इसका विरोध करें.,neutral,hi
जनता को तय करना चाहिए कि यह भावभीनी श्रद्धांजलि होनी चाहिए या अभिनंदन नहीं.,neutral,hi
क्या वह लाडो उसका था...,neutral,hi
इसका मतलब यह है कि अगर रुपये में गिरावट नहीं हुई है तो डॉलर मजबूत हुआ है। ऐसा कुछ।,neutral,hi
बाला साहब देवरस के पास सेना है,neutral,hi
"|| श्री || बड़े प्रेम से किया गया निवेदन 'प्रेमाग्नि' है, .// …",neutral,hi
ऋतुजा लटके के आगे बीजेपी के पीछे हटने के 'ये हैं' मायने!,neutral,hi
क्या आपके पास कोई अन्य समाचार है?,neutral,hi
पंढरपुर चुनाव में सहानुभूति और शब्द कहां गए?,neutral,hi
यह नकारात्मक है,neutral,hi
सिर्फ ट्रोल करना राजनीति नहीं है. इसके लिए काम की जरूरत है.,neutral,hi
"वहां तो काम किया ही नहीं, कब करोगे?",neutral,hi
ऐसा मत करो...यह सब पार्टी चिन्ह और नाम के लिए खेल है,neutral,hi
छह बार की विश्व चैंपियन मैरी कॉम मुंबई मैराथन की सद्भावना राजदूत हैं।/-/…,neutral,hi
ये नेता कार्यकर्ताओं की जिंदगी पर पलते हैं. कार्यकर्ताओं को सोचना चाहिए,neutral,hi
उन्हें अंदाज़ा हो गया होगा कि वे बीजेपी से हारने वाले हैं.,neutral,hi
आगामी स्थानीय चुनाव इस गठबंधन के साथ लड़ा जाएगा - नाम। दीपक केसरकर,neutral,hi
बालासाहेब थोराट का उदय राव,neutral,hi
"यदि आपने पत्र ठीक से पढ़ा होता तो यह प्रश्न नहीं पूछते, आपको पहले इसे ठीक से पढ़ना चाहिए",neutral,hi
"जानें अपना आगामी सप्ताह, साप्ताहिक राशिफल (अक्टूबर तक)",neutral,hi
मैं समझता हूं कि करिश्मा काकू ने उनकी निंदा की है,neutral,hi
अब मुझे पता चला कि लोग केक क्यों चाहते हैं और खाते हैं,neutral,hi
पहले इस पोस्ट को हटाएं और मराठी में जागरूकता फैलाएं।',neutral,hi
कांग्रेस अनपढ़ नहीं है.,neutral,hi
वेस्टइंडीज को पहले ही अनुशासन में पीछे हट जाना चाहिए था,neutral,hi
शादी के जाल में फंसने से बेहतर कभी नहीं हो सकता,neutral,hi
"कात्या मुंबई में, BEST के बेड़े में वर्तमान में कई इलेक्ट्रिक बसें हैं।",neutral,hi
ST विलय की घोषणा कब होगी सर?? अब फैसला आपके हाथ में है.,neutral,hi
"यह मुख्य न्यायाधीश का अंत नहीं है, बल्कि उनके बाद कोई आएगा",neutral,hi
अर्थ? आप पीड़ित होंगे!,neutral,hi
कृषि मंत्री को छोड़कर बाकी सभी को भारी बारिश दिख रही है...सत्तार भाई,neutral,hi
क्या आपने वैभु दिवाली के लिए खरीदारी की?,neutral,hi
इसीलिए चार शाश्वत जाग्रतियाँ हैं।,neutral,hi
याम्या भी ऐसा कह सकती हैं,neutral,hi
चूँकि वह विदेश में पढ़ती है,neutral,hi
पुणे से मुंबई जा रहे एक कंटेनर का खंडाला बोरघाट पर ब्रेक फेल हो गया.,neutral,hi
हा हा हा ये बड़ी समस्या है डीपी नहीं नहीं,neutral,hi
पुणे की आबादी लाखों और भीड़भाड़ वाली है,neutral,hi
"स्पर्श किसी की संगति का आनंद लेने का एक तरीका हो सकता है, वासना का नहीं।",neutral,hi
लेकिन ये एक धर्मयुद्ध है.,neutral,hi
फाल्गुनी पूर्णिमा चांदनी रात चांदनी बिखेरती है,neutral,hi
लाका तू मराठी या बिहारी?,neutral,hi
मृत्यु से डरना नहीं चाहिए बल्कि समय-समय पर स्मरण करना चाहिए।,neutral,hi
नोट- वर्तनी में सुधार की आवश्यकता है! बाकी निबंध ठीक है.,neutral,hi
तो आपका अस्तित्व बेहतर लोगों के लिए प्रतिबद्ध है।,neutral,hi
नामकरण अभ्यास के दौरान किरीट सोमैया गायब हैं...,neutral,hi
यह काम किया या नहीं?,neutral,hi
आप वेदशास्त्र के मंगलमूर्ति हैं। अगणित महिमा तुम्हारी समृद्धि है।,neutral,hi
क्या ये जरूरी है? अच्छे को अच्छा कहना पत्रकारिता में फिट नहीं बैठता?,neutral,hi
करना है.... नेने और शरमाना क्यों है.... बने?,neutral,hi
यह तर्क जबरदस्त है क्योंकि हमें यह कहना होगा कि अगर कोई आदमी भूखा नहीं है तो वह खा नहीं सकता।,neutral,hi
"पंढरपुर, कोल्हापुर, कहाँ थी साहेब की महानता??",neutral,hi
"आप """" के स्थान पर नकली नाम """" का उपयोग क्यों करते हैं?",neutral,hi
वे महाराष्ट्र प्रेमियों और देश प्रेमियों के प्रिय हैं। सहानुभूति शब्द अनुचित है,neutral,hi
ऐसा होने वाला है लेकिन जीत शिवसेना की नहीं है.',neutral,hi
हाँ वह है।,neutral,hi
क्या आपको लगता है लोग कुछ नहीं जानते?,neutral,hi
उन्हें बीजेपी की जान पर चुना गया था,neutral,hi
"यह सच है, लेकिन ऐसा करने वाले बहुत कम लोग हैं",neutral,hi
"क्या पुलिस ने निकाला मार्च, कहां हैं बीजेपी कार्यकर्ता?",neutral,hi
मैं दो बार इंदौर गया लेकिन सराफा जाने का मौका नहीं मिला।,neutral,hi
लेकिन जब इतनी बारिश होगी तो नगर निगम को तय करना होगा कि क्या उपाय करना है.,neutral,hi
क्या कैबिनेट का विस्तार नहीं होने का मलाल है?,neutral,hi
ऐसा लगता है कि लोगों ने बीजेपी को नकार दिया है.' हालाँकि अभी के लिए.,neutral,hi
"राजनीति में आने के बाद उन्होंने क्या किया, पहचान नहीं पा रहे",neutral,hi
"क्या महिला, ये अटकलें, पिछले महीने में कहां होती है? जय महाराष्ट्र",neutral,hi
वे कहेंगे कि अँधेरों को हराना ही होगा,neutral,hi
अगर एक ही घर में एक देशभक्त और एक गद्दार हो सकता है,neutral,hi
"...तो मिथुन चक्रवर्ती से हुई हेमा मालिनी की लड़ाई, 'इंटीमेट' सीन पर भी की बात!",neutral,hi
"नहीं, ध्यान से पढ़ें.",neutral,hi
प्रवीण राऊत और संजय राऊत नाम की समानता और कुछ व्यक्तिगत परिचय के आधार पर संबंधित हो सकते हैं,neutral,hi
चेनस्नैचर की हड़बड़ाहट; दोनों महिलाओं के गले से सोने के मंगलसूत्र दोपहिया वाहन से ले उड़े,neutral,hi
भुजबल की फोटो भी ढाई साल तक जेल में रही.,neutral,hi
जीवन में होने वाली गलतियों का ध्यान आते ही तुरंत उसका समाधान ढूंढ़ लेना चाहिए। यदि हम कोई समाधान नहीं ढूंढ पाते तो हमें मिलकर समाधान निकालना चाहिए या किसी बुद्धिमान व्यक्ति से सलाह लेनी चाहिए। हर चीज़ का एक समाधान है.,neutral,hi
क्या राजस्थान के बारे में जानकारी सच है?,neutral,hi
अगर हमें किसी से शिकायत करनी हो तो कई रिक्शा टैक्सी वाले मना कर देते हैं,neutral,hi
सात दिवसीय भागवत ज्ञान गंगा का शुभारंभ ./ ?,neutral,hi
"एक बार जब यह परियोजना पूरी हो जाएगी, तो यह झुग्गी-झोपड़ी पुनर्विकास परियोजनाओं का एक मॉडल होगा,"" उन्होंने कहा।",neutral,hi
कहा जा रहा है कि लोग उन्हें पहचान लेंगे क्योंकि अब उन्हें पूरे महाराष्ट्र में जाना जाता है,neutral,hi
"धीरे-धीरे सभी लोग आ जायेंगे. कृपया दहानु, पालघर जाएँ।",neutral,hi
मोह के कारण ही अमीर से अमीर गरीब है। समझे भाई?,neutral,hi
और सृजन को भी प्रोत्साहन मिलता है.,neutral,hi
क्या यह काम करेगा?,neutral,hi
गुजरात में पाटीदारों ने उनके खिलाफ प्रदर्शन किया था.,neutral,hi
जानिए वास्तव में क्या खेल चल रहा है,neutral,hi
मैंने सुना है कि स्क्रिप्ट वहीं से थी,neutral,hi
इसे त्यागकर दूसरी योनि में प्रवेश करना आवश्यक है,neutral,hi
"मैं एक अंतरिक्ष यात्री हूं, मुझे धरती पर आने के लिए पैसों की जरूरत है, महिला की कीमत करोड़ों में है...",neutral,hi
"क्या राज्य में सिर्फ शिंदे, ठाकरे ही हैं, क्या आपको कोई और खबर नहीं मिलती?",neutral,hi
अतुल पाटिल हैं,neutral,hi
बाबा राम रहीम फिलहाल रेप के मामले में पैरोल पर जेल से बाहर हैं.,neutral,hi
क्या उन्हें उनकी ही पार्टी में रहकर हराना अच्छा लगता है?,neutral,hi
मंच पर जितने लोग हैं उतने ही सामने भी हैं,neutral,hi
"तय दरें क्या हैं, इसकी घोषणा होने की उम्मीद है.",neutral,hi
वे ऊब चुके हैं इसलिए वे नए नए आइकन की तलाश में हैं,neutral,hi
हमें बताने के लिए धन्यवाद। हमने अपने विभाग से शिकायत का समाधान करने का अनुरोध किया है।,neutral,hi
तो क्या मैंने कुछ अलग कहा?,neutral,hi
"मुंबई में जैसे ही आंखों में दर्द, आंखों में दर्द या संक्रमण महसूस हो तो ये करें....",neutral,hi
क्योंकि वह अपना मुख स्वर्ग की ओर नहीं कर सकती,neutral,hi
अगर बांध में पानी नहीं है तो शायद अजित पवार ने ऐसा कहा होगा,neutral,hi
क्या यह सच है कि कुछ लोग कहते हैं कि विधायकों की अयोग्यता का मामला अलग से चलेगा?,neutral,hi
तो क्या मुंबई गुजरात गुवाहाटी चला गया?,neutral,hi
?? इसका महाराष्ट्र के लिए क्या योगदान है?????,neutral,hi
यही एकमात्र समाधान है,neutral,hi
नीरज चोपड़ा &; माननीय. प्रधान मंत्री,neutral,hi
ये वही सावंत हैं जिन्होंने कभी कोंकण में महाराजा का विरोध किया था...,neutral,hi
क्या चुनाव हैं?,neutral,hi
"यह एक मायावी जाल है, मुख्य बात खो गई है।",neutral,hi
"पहले खुद को देखो, देखो पुरंदर को ग्रुप का बाकी हिस्सा मिलेगा या नहीं",neutral,hi
ये दोनों व्यक्ति अपने-अपने तरीके से महत्वपूर्ण और मूल्यवान हैं,neutral,hi
वे बिरयानी खाने गए थे जहां उन्हें लगा कि उनके रिश्तेदार हैं,neutral,hi
मैं कल खाऊंगा,neutral,hi
"इनका चेहरा देखकर रौतिया जेल से नहीं छूटा, फायदा किसे होगा?",neutral,hi
सितंबर माह में घोषित होने वाला था रिजल्ट... माननीय आयोग अक्टूबर में फाइनल आंसर शीट दे रहा है.,neutral,hi
अर्जुन के पिता को होगी तकलीफ.. 'अप्पी आमची कलेक्टर' आज! शाम या,neutral,hi
: तो नगर निगम ने सिंहगढ़ रोड पर कार्रवाई की,neutral,hi
"कोई नहीं जानता कि आप कौन हैं, तो आप बार-बार क्यों जाना चाहते हैं",neutral,hi
जवाब न देने वालों की संख्या दिन-ब-दिन बढ़ती जा रही है,neutral,hi
अपने ही छोटे-बड़े नियोक्ताओं से यह कहना ग़लत है.,neutral,hi
शिकायत का अभी भी निस्तारण नहीं हुआ है।,neutral,hi
यह मतदान स्वयं असंवैधानिक था...लेख के अनुसार यह मतदान अवैध है...,neutral,hi
हिन्दू शब्द स्थानवाचक है।,neutral,hi
"ट्विटर नहीं, बस अपमान छोड़ें, और आपको एक बटन मिल जाएगा...",neutral,hi
क्या तुम कौआ बन जाते हो?,neutral,hi
कहा जाता है कि नाचते हुए मोर के पैर टेढ़े होते हैं,neutral,hi
आप विज्ञापन क्यों करते हैं?,neutral,hi
अब महाराष्ट्र में भी वंदे वंदे वंदे तब होगा जब भैंस को ठोकर लगेगी.,neutral,hi
देखें कि क्या यह यहीं से आया है।,neutral,hi
एक बार फैल जाने के बाद इसे बरकरार रखने में कोई परेशानी नहीं होती,neutral,hi
तुलजापुर जा रहे श्रद्धालुओं के चोरी हुए मोबाइल फोन जब्त; दो शातिर चोर गिरफ्तार,neutral,hi
पहले यह मान लेना चाहिए कि सीमाएँ हैं...,neutral,hi
भाई हमेशा मदद के लिए मौजूद रहते हैं,neutral,hi
इसमें कोई आश्चर्य नहीं कि बच्चे ने देखभाल करने के लिए कहा... वह अपनी प्राचीन बुद्धि और सामान्य ज्ञान को जानता था...,neutral,hi
अच्छा विचार है लेकिन क्या फडमानवीस आपकी बात सुनेंगे??,neutral,hi
ये बात उसकी माँ उसे बता रही थी,neutral,hi
आज बीजेपी इसलिए गिरफ्तार हो रही है क्योंकि गोपाल भाई कुम्हार हैं.,neutral,hi
लोग मनसे को विकल्प के तौर पर देख रहे हैं..,neutral,hi
यह बात करने के लिए कि बीजेपी की तरफ से कितने डिब्बे आए हैं,neutral,hi
बच्चों को नुकसान होने पर बोनस अंक,neutral,hi
मोबाइल के जमाने में वही सफल होगा जो 10 बजे सोएगा और 10 बजे उठेगा।,neutral,hi
- बाघ वन विभाग द्वारा कैद; लोगों पर हमले किये गये,neutral,hi
मुझे भी यही समस्या है,neutral,hi
"परिणामस्वरूप, यह बाल्टी नष्ट होने वाली है",neutral,hi
अब ज्यादा बातें मत करो..वीडियो भेजो..तुम ज्यादा बातें करते हो..कम काम करो..चलो काम पर लग जाओ।,neutral,hi
क्या रोहित और विराट के बीच अभी भी मतभेद है? सभी सवालों के जवाब पाने के लिए यह वीडियो देखें,neutral,hi
सिर्फ हेरोइन ली और दी जाती थी।,neutral,hi
"कहते हैं, आज लंबू का जन्मदिन है",neutral,hi
"थोराट, विखे, अंबेडकर उनके नाम का दुरुपयोग करने के लिए अदालत जाएंगे।",neutral,hi
"इनके लोग आज भी रोजी-रोटी के लिए मुंबई जाते हैं, ये साहब तो इस कमिश्नर से भी ज्यादा फेल हैं।",neutral,hi
प्यार में विश्वास रखो!,neutral,hi
अब उन्हें काफी समर्थन मिल रहा है. क्या दाढ़ी घुमाने से कोई लेना-देना है? इसमें कोई शक नहीं है!,neutral,hi
सच है लेकिन ये बक्से कितने समय तक चलेंगे? यह कभी न कभी ख़त्म हो जायेगा. तो फिर क्या?,neutral,hi
"सीटें खाली होने पर भाषण चलते हैं, तो सीटें कम होने पर स्कूल क्यों बंद किया जाए",neutral,hi
युवाओं से लेकर बुजुर्गों तक का रुझान शिवसेना की ओर है,neutral,hi
गेंद को थोड़ा गिरना चाहिए था,neutral,hi
"क्या आपके पास मराठी उम्मीदवार खत्म हो गए हैं, भैया जनता पार्टी?",neutral,hi
"इस टाइम पास के बाद पब में फोटो भेजो, हम इंतजार कर रहे हैं",neutral,hi
तुम्हें बहुत कुछ मिलेगा..,neutral,hi
उस कष्ट से उबरने के लिए ही वह गोवाहाटी पहुंचे थे,neutral,hi
इसी तरह से आप और बाकी सभी लोग जाने जाते हैं,neutral,hi
"महाभारत कब होने वाली है,,,, जल्द यानी कितने दिन और",neutral,hi
थायराइड से बचने के लिए अपनाएं ये उपाय,neutral,hi
ये मेल है या ताना-बाना,neutral,hi
भीमचो से नाना और तू दाना अखाड़ा और प्रचार।,neutral,hi
"दूसरी दिवाली आ गई है, अभी उतने पैसे में काम करें (संदर्भ के लिए)",neutral,hi
यह सही है,neutral,hi
और ये बीजेपी का 10वां जन्म है धनु भाई फूटने को तैयार हो जाओ,neutral,hi
अगर आपको अंगूर मिल रहा है तो आपको लंगूर नहीं मिल रहा है,neutral,hi
आपको महत्वपूर्ण विषयों को छोड़कर सब कुछ दिखाया जाता है...,neutral,hi
बीजेपी वंशवाद खत्म करना चाहती है इसलिए ये सपने मत देखो राज साहब,neutral,hi
हम इसे हल्के में लेते थे,neutral,hi
"बांद्रा रेलवे स्टेशन के पास एक जर्जर स्काईवॉक ढह गया, लेकिन...",neutral,hi
श्रीलंका के प्रमुख तेज गेंदबाज दुष्मंथा चमीरा चोट के कारण टी वर्ल्ड कप से बाहर हो गए हैं।,neutral,hi
हमने इस वर्ष एक मेडिकल कॉलेज शुरू करने का संकल्प लिया था। सत्ता हस्तांतरण के बाद आपने क्या किया?( / ),neutral,hi
रास्ते में महाराष्ट्र के विरासत स्थलों की खोज करें :),neutral,hi
प्रहार संगठन के विधायक बच्चू कडू एक बार फिर विवादों में हैं.,neutral,hi
"टाटा ग्रुप का बड़ा कदम! सूचीबद्ध कंपनियों की संख्या आधी हो जाएगी, जिससे लाखों शेयरधारक प्रभावित होंगे",neutral,hi
काम को बाबा कहा जाए.. कहां खुद बाला साहेब और कहां ये.. ये सब मुश्किल है..!!,neutral,hi
यह हास्यास्पद है कि वे पवार पर विश्वास करते हैं और पवार उन पर विश्वास करते हैं,neutral,hi
पीढ़ी-दर-पीढ़ी मांगकर खाने की एक महान परंपरा है..,neutral,hi
इस वजह से मैं अनफॉलो नहीं करूंगा... चिंता मत करो।',neutral,hi
अगर हित गलत होगा तो भाजपा पर्दे के पीछे से राजनीति कर सीधे भड़काएगी,neutral,hi
एक ज़माने में चाँदी के चम्मच होते थे... लेकिन एक ज़माने में चाँदी के चम्मच होते थे...,neutral,hi
जी के मुताबिक पुणे जिले में कोई भी विधायक ऐसा नहीं है जो मंत्री बनने लायक हो,happy,hi
"वैशाली ठक्कर आत्महत्या मामले में फरार आरोपी पुलिस हिरासत में, वैशाली से क्या था रिश्ता?",happy,hi
"यह देखना चौंकाने वाला है कि तकनीकी कंपनियाँ """" को सामग्री प्रदान करने की कोशिश में किस हद तक जा सकती हैं...",happy,hi
इसे देखते हुए पवार ने बैठक की और अनुरोध किया. किस मुंह से बोलेंगे उद्धव ठाकरे?,happy,hi
सुना है मुख्यमंत्री के पीए ने आपके कान के नीचे बजाया.. क्या यह सच है?,happy,hi
दूल्हा घुटने टेककर तैयार था लेकिन उसके पिता ने ऐन मुहूर्त में शादी तोड़ दी।,happy,hi
और क्या खोपकर ने आज अपने हिस्से का हार्ड गांजा मार डाला???,happy,hi
रोना सुनने को कितना आतुर,happy,hi
क्या ताईसाहब सो गईं? कहां है झांकी महाविकास अघाड़ी ने जीती...,happy,hi
"पूरे महाराष्ट्र को देवेन्द्र जी पर गर्व है, मैं आपसे पूछता हूं कि चाटुकार पत्रकार कौन है, लाचार पत्रकार है",happy,hi
"सुबह-सुबह मैं एक बुरा सपना लेकर उठा, अगले दिन अब सारी खुशियाँ हैं",happy,hi
फ़सनवीस के गद्दारनाथ और शाबाश नाना ने बहुत अच्छा काम किया,happy,hi
अब ये अफवाह किसने फैलाई कि थापा शिंदे गुट के संरक्षक मंत्री होंगे,happy,hi
"पानी जमा न हो, जलयुक्त शिवार काम कर रहा है",happy,hi
माविया को नहीं मिलेगा उम्मीदवार- बावनकुले,happy,hi
जब बीजेपी की सरकार थी तो ऐसा कैसे हुआ?,happy,hi
क्या यह सच है? कैसे विश्वास करें?,happy,hi
संत तुकडोजी महाराज की पुण्य तिथि पर उन्हें शत शत नमन,happy,hi
सिंधुदुर्ग रेलवे स्टेशन पिछले एक घंटे से अंधेरे में क्यों है?,happy,hi
"आओ दिवाली, इसे घटित होते हुए देखें",happy,hi
बेंजामिन ताती द्वारा होस्ट किया गया...लेकिन समझ नहीं आया कि क्या कहा जा रहा है...,happy,hi
भास्कर जाधव के खिलाफ पुणे में भी मामला दर्ज किया गया था...ब्रेकिंग,happy,hi
आपकी सत्ता की कुर्सी छीन ली गई है,happy,hi
गरीबी को मत भूलो और अमीरी का ज्वार मत आने दो - आदरणीय श्री बालासाहेब ठाकरे,happy,hi
क्या मतलब है आपका.. वड़ा पाव करणी और नारियल में झरने जैसा पानी,happy,hi
क्या हिंदी फिल्मों की असफलता से चरमरा रही है देश की अर्थव्यवस्था? रकुल प्रीत सिंह के बयान से हर तरफ हलचल मच गई,happy,hi
दुनिया में केवल रोहित बापट के पास ही सामान्य ज्ञान है.,happy,hi
"""मेरे पिता ने कानून लिखा, इसलिए मैं इसका सम्मान करूंगा""",happy,hi
हम सभी को अपने कुलदेव के दर्शन करने चाहिए जय हो,happy,hi
आदित्य एक जन नेता हैं...दादर से हैं,happy,hi
आप अपने मन की बात कर रहे हैं...संसद को यह भी याद रखना चाहिए कि लोकशाहीर अन्नाभाऊ साठे ने क्या कहा था...,happy,hi
भाग्य रावण को मानता है लेकिन आपके प्रभु श्री राम को काल्पनिक मानते हैं,happy,hi
:'इस' मल्टीबैगर स्टॉक ने तीन हफ्ते में कमाए लाखों!,happy,hi
यही तो मैं सुनना चाहता था,happy,hi
वह मेरी सोनपापड़ी है...,happy,hi
बाबा साहेब अम्बेडकर एक ही थे और एक ही रहेंगे,happy,hi
"अमेरिका में एक किसान ने मुर्गी की गर्दन काट दी, लेकिन मुर्गी नहीं मरी.",happy,hi
अब्बाब का मतलब है कि खेल चुपचाप चल रहा है,happy,hi
यह सही है..,happy,hi
शिवभोजन योजना की होगी जांच! योजना बंद नहीं होगी!!!,happy,hi
राजनीतिक विश्लेषक अमोल सर उत्तर महाराष्ट्र में एक बड़े नेता के रूप में जाने जाते हैं.,happy,hi
तैयार हो जाओ दोस्तों! अब इतनी बढ़ जाएगी दूध की कीमत!,happy,hi
"आंध्र प्रदेश, तेलंगाना, केरल, कर्नाटक, तमिलनाडु, इन सभी राज्यों को बड़ी सफलता मिलेगी।",happy,hi
नाना पाटेकर परदादा हैं,happy,hi
"मोटा भाई को न्याय देवता ने दण्ड दिया, ऐसा माना जाता है",happy,hi
क्या दिसंबर तक ऐसी ही बारिश होगी?,happy,hi
जनहित सरकार जनता के सरकारी फैसले जनहित में होते हैं,happy,hi
'बीजेपी ने महाराष्ट्र की परंपरा को कायम रखने का काम किया है'; एकनाथ शिंदे की प्रतिक्रिया,happy,hi
क्या इसका मतलब यह है कि देवेन्द्र फड़नवीस एक दूरदर्शी नेता हैं? फडनवीस ने ये किया...,happy,hi
"ओह, लेकिन आप इतने समय से कहाँ थे?",happy,hi
यह तलवार है या खंजर????,happy,hi
लोग आपके विचारों को पसंद करते हैं क्योंकि आपका विश्लेषण तीव्र है,happy,hi
बड़ी खबर! शिंदे सरकार ने एक और अहम फैसला लिया,happy,hi
तब आप पाकिस्तान थे और भारत के ख़िलाफ़ जीते थे,happy,hi
"ला लीगा का सबसे अच्छा मैच एफसी बार्सिलोना बनाम रियल मैड्रिड है, यह पागलपन भरा होगा।",happy,hi
ये भी बाला साहेब हैं,happy,hi
"नई पार्टी, नया नाम, एक सीट पर चुनाव, विधायक और सांसद मैदान में",happy,hi
वह एक सैनिक है...,happy,hi
दोनों दिल से सच कह रहे हैं..!,happy,hi
गाना भारी है,happy,hi
ये सभी/पीले रंग हैं! आज स्टेशन पर होगा मिनी जेजुरी का आयोजन!,happy,hi
बाला साहब कट्टर पुराने शिवसैनिक थे,happy,hi
इतनी अच्छी खबर लेकिन वही लाइन ध्यान खींच रही थी,happy,hi
असली दिवाली तो उसके हाथ में है,happy,hi
यह वास्तव में शुरू नहीं होता है। यही वह दिन है जिसका आप इंतजार कर रहे थे,happy,hi
तीसरी पार्टी होगी ये लड़का!,happy,hi
"मुझे कुछ नहीं पता, अभी देख रहा हूं तो मुझे इसके बारे में कुछ नहीं पता.",happy,hi
". उनका बाल भी बांका नहीं होगा, वे शंख कुंडल पहने हुए हैं..",happy,hi
"यह सब सही होते हुए भी क्या कारण है कि देवी-देवताओं के जन्म, बाल लीलाओं आदि की कहानियाँ नहीं हैं?",happy,hi
ये तस्वीर कब सच होगी....और कैसे....एक अनुमान...चलिए देखते हैं...,happy,hi
शिंदे साहब ने जनकल्याणकारी फैसला लिया है,happy,hi
मैं भी.. गोकर्ण के महागणपति वहां से बहुत करीब हैं..,happy,hi
मुझे लगा कि यह मेरे लिए है,happy,hi
जनता का स्पष्ट वोट भाजपा है।,happy,hi
इस फैलते प्यार को देखिए..,happy,hi
बाला साहेब एक थे और वो एक ठाकरे हैं,happy,hi
हँसो मत.. मैं हँसा और हँसा... अब तक,happy,hi
पिता जी छगन भुजबल का आज सरस्वती माता के बयान पर संज्ञान लेने का अनुरोध...जय श्री राम!!,happy,hi
इस नेता ने शिंदे से सब कुछ छीन लिया..! महाराष्ट्र में इस भाषण की चर्चा! ...,happy,hi
यह कैसा शब्द है?,happy,hi
तो आपका मतलब है कि वागले एक पत्रकार हैं ????,happy,hi
ये तो खराब होना चाहिए था.. नॉर्मल कैसे हो गया..,happy,hi
आशा पारेख ने शादी क्यों नहीं की?; क्योंकि आप हैरान रह जायेंगे!,happy,hi
जीत आपकी होगी,happy,hi
:कहा जा रहा है कि ये सबसे बेहतरीन और खतरनाक ओपनिंग जोड़ी है!,happy,hi
"सभी ठाकरे हैं, लेकिन बाला साहेब एक ही हैं।'",happy,hi
व्हाट अरे,happy,hi
चलो अच्छा खाना खाते हैं.. चलो मटका कुल्फी भी खाते हैं,happy,hi
"शुभ रात्रि, हिंदुओं। गोसेवा सर्वोत्तम सेवा है",happy,hi
पेरियार द्वारा लिखित कुछ न कुछ प्रतिदिन सामाजिक स्तर पर पढ़ा जाना चाहिए।,happy,hi
लोगों का समर्थन मिलना सम्मान की बात है; कांग्रेस अध्यक्ष पद के नतीजों पर शशि थरूर की प्रतिक्रिया,happy,hi
"इस दिवाली त्योहार पर आप सभी घूमने जाना चाहते हैं, मैं अपने दोस्तों के साथ हरिद्वार जा रहा हूं।",happy,hi
ऐसे भोजन को आदर और सम्मान से खाना चाहिए...!!,happy,hi
क्या आपको दिवाली के लिए बटुआ मिला?,happy,hi
क्या चिकन लेग पीस फेम उल्हास कामठे पुराने ज़माने के हैं?,happy,hi
हाल की बारिश में पुणे के नल स्टॉप क्षेत्र का नाम बदलकर नदी स्टॉप कर दिया गया!!,happy,hi
"लेकिन, पढ़ा था कि बापू सत्य का प्रयोग कर रहे थे",happy,hi
क्या आप यह कहना चाहते हैं कि मैच के साथ सीरीज जीती गई?,happy,hi
"मैं बीजेपी में शामिल नहीं होऊंगा, एनसीपी में ही रहूंगा- एकनाथ खडसे",happy,hi
लाई हस्लो राव... पहले पढ़ते समय इस पर ध्यान नहीं गया,happy,hi
हर दोस्ती का एक रिश्ता होता है और हर रिश्ते की एक दोस्ती होती है!,happy,hi
भारत में आपका स्वागत है भाई.... आप इतने दिन कहाँ थे...?,happy,hi
लक्ष्मण के चरण उसके हैं! बाबूजी की आवाज में सुनिए ये गाना. जय श्री राम.,happy,hi
अब कोई भी 'विकी दाता' नहीं हो सकता। इसका मतलब है कि 'शुक्राणु' बार-बार दान नहीं किया जा सकता है।,happy,hi
"यह सचमुच एक अद्भुत विश्वविद्यालय है, हर किसी को इसे देखना चाहिए।",happy,hi
इस आचार्य जी को ज्ञान देना समय की मांग है...,happy,hi
इस देश को साफ़ करने के लिए सबसे पहले लोगों को अपने विचारों और दिमागों को साफ़ करना होगा...,happy,hi
रामायण हमारी पहचान का विषय है. और हमारी पहचान के साथ प्रयोग बर्दाश्त किये जायेंगे,happy,hi
मुझे अमावस्या क्या आप मेरे लिए पूर्णिमा सी वटपूर्णिमा करेंगे?? -@पूजा डोमाले(रानू),happy,hi
"हां, मैं जिला परिषद स्कूल का पूर्व छात्र हूं।",happy,hi
भारत को जीतना चाहिए,happy,hi
केसरकर शिरडी साईं बाबा के भक्त हैं और उनके व्हाट्सएप प्रोफाइल पर भी बाबा की फोटो है!,happy,hi
आप बस आवाज दीजिए हम मातृभूमि और गरीबों के लिए आपकी सेवा में हैं,happy,hi
ये पल जो सीधे दिल को छू जाता है और आँखों को भा जाता है....!!,happy,hi
पुलिस स्मृति दिवस के अवसर पर ड्यूटी के दौरान शहीद हुए शहीदों को श्रद्धांजलि..!!,happy,hi
हमें एनसीपी कांग्रेस में उन सभी का स्वागत करते हुए गर्व हो रहा है।',happy,hi
सभी प्रदेशवासियों को कोजागरी पूर्णिमा की हार्दिक शुभकामनाएँ..!,happy,hi
तिलगुल और मीठी बातें भी वापस ले लो!,happy,hi
"तावड़ेजी, आपका काम सुंदर है... लेकिन कृपया अपने काम के बारे में मराठी में जानकारी दें",happy,hi
महालक्ष्मी पूजा के अवसर पर मेरी बहन द्वारा बनाई गई कोल्हापुर निवासी महालक्ष्मी की एक सुंदर रंगोली।,happy,hi
"जय बाबा केदार नाथ, ‼ शुभ संध्या मित्र ‼",happy,hi
अब आप अंतरराष्ट्रीय स्तर पर जा रही हैं..बधाई हो मैडम..,happy,hi
"कोजागिरी पूर्णिमा, शरद पूर्णिमा की शुभकामनाएँ... .//_/...",happy,hi
यह देखकर बहुत ख़ुशी हुई कि आपने अपना वादा पूरा किया। बहुत अच्छा!,happy,hi
"सुप्रभात, यह भारी है",happy,hi
उनके नेतृत्व में कार्य करते हुए जनोन्मुखी एवं विकासोन्मुखी कार्य किये जायें ऐसी शुभकामनायें दी गयीं। /,happy,hi
आपको नए साल की बहुत बहुत बधाई..! किशोर देवधेकर सर,happy,hi
आप सभी को होली की शुभकामनाएँ!,happy,hi
जन्मदिन की शुभकामनाएँ,happy,hi
पंचगव्य के साथ पवित्र साझीदार होना एक महत्वपूर्ण योगदान है‼‼,happy,hi
बहुत अच्छा मार्गदर्शन.,happy,hi
"हिन्दू धर्म की अनुपम देन आयुर्वेद का महत्व,//…",happy,hi
हमारी पोती सेल्फी लेने का आनंद ले रही है...,happy,hi
रक्षाबंधन एवं नारली पूर्णिमा की हार्दिक शुभकामनाएँ,happy,hi
पुलिस को बधाई! .//…,happy,hi
कोजागिरी पूर्णिमा की शुभकामनाएँ..!,happy,hi
धन्यवाद.. आशा है हमें आपका सहयोग मिलेगा.,happy,hi
सभी भक्तों को महाशिवरात्री की शुभकामनाएँ..!! || हर हर महादेव ||,happy,hi
यह सचमुच अद्भुत अगरबत्ती है। हर किसी को इसे एक बार इस्तेमाल करना चाहिए फिर मुझे बताएं कि यह कैसा है,happy,hi
आपको खाव्य रत्न पुरस्कार प्रदान करते हुए हमें बहुत खुशी हो रही है।,happy,hi
लाखों में एक,happy,hi
"प्रफुल्ल दादा बहुत अच्छा सूत्र लगता है, बस पढ़ते रहिए",happy,hi
जन्मदिन की शुभकामना सर .. ।/_…,happy,hi
यह देखकर बहुत संतुष्टि हुई कि सुझावों का सकारात्मक प्रभाव पड़ा है।,happy,hi
आइए हम सब उपस्थित हों और इस ऐतिहासिक क्षण के साक्षी बनें,happy,hi
"अभिनंदन, इतनी स्पीड तो मेरी भी नहीं थी",happy,hi
चैतन्यमयी- दिवाली के त्योहार का पहला दिन वसुबरस है... वसुबरस की शुभकामनाएं!,happy,hi
सभी शिव भक्तों को महाशिवरात्री की शुभकामनाएँ!,happy,hi
मैं इस फिल्म को देखने के लिए बहुत उत्साहित हूं,happy,hi
सभी को रक्षाबंधन एवं नारालिपूर्णिमा की हार्दिक शुभकामनाएँ...,happy,hi
गुरुवार को नमस्कार सुप्रभात,happy,hi
ये भारी है,happy,hi
नया साल मुबारक हो..!स्पृहा,happy,hi
आप बहुत अच्छा काम कर रहे हैं...आपको बहुतों की दुआएं मिल रही हैं. सफल हो..शुभकामनाएं सर,happy,hi
जन्मदिन मुबारक हो राजीव जी,happy,hi
तुम्हारे प्रयासों के लिए बहुत धन्यवाद,happy,hi
मैं अवसर चूक गया. और महत्वपूर्ण समय उठाया!! बधाई हो,happy,hi
नमस्ते मामा सुप्रभातम गं गणपतये नमः शुभ अंगारकी चतुर्थी,happy,hi
नए साल की शुभकामनाएँ...! -,happy,hi
जन्मदिन मुबारक हो और नया साल मुबारक हो भाई...,happy,hi
आने वाले समय में खुशियां,happy,hi
माँ ईश्वर और आत्मा का पूर्ण मिलन है।,happy,hi
होली की शुभकामनाएं! ( !),happy,hi
"यह वीडियो अद्भुत है, यह मुझे मेरे बचपन की याद दिलाता है।",happy,hi
यह बहुत बड़ा धमाका है!!,happy,hi
जन्मदिन मुबारक हो अमाना जी,happy,hi
शिवसेना प्रमुख उद्धवजी प्रबंधन करने में सक्षम थे क्योंकि उन्हें बालासाहेब ठाकरे का समर्थन प्राप्त था,happy,hi
"ॐ नम: शिवाय.... आप सभी को ""महाशिवरात्रि"" की हार्दिक शुभकामनाएँ!",happy,hi
आपको और आपके परिवार को रक्षा बंधन और नारली पूर्णिमा की हार्दिक शुभकामनाएँ,happy,hi
सभी को महाशिवरात्रि की शुभकामनाएँ!,happy,hi
उन सभी को इंजीनियर दिवस की शुभकामनाएँ जो इंजीनियरों द्वारा बनाई गई वेबसाइटों पर काम कर रहे हैं,happy,hi
"*नारियल पूर्णिमा और रक्षा बंधन की शुभकामनाएं, सुप्रभात*",happy,hi
एक जिम्मेदार नेता के रूप में आपके काम को सलाम!,happy,hi
महाराष्ट्र पुलिस को दिल से सलाम,happy,hi
बधाई हो सर जी.. सफलता मिलती रहे,happy,hi
भाइयों आइए इसे ज्यादा से ज्यादा लोगों तक पहुंचाएं...ग्रामीण क्षेत्रों में शोध की प्रवृत्ति को बढ़ावा दें,happy,hi
महाराष्ट्र राज्य मंत्री पद पर चयनित होने पर हार्दिक बधाई,happy,hi
भारोत्तोलन में रजत पदक जीतने वाली मीराबाई चानू को बधाई...,happy,hi
"मैं इसके लिए बहुत उत्साहित हूं, हर किसी को इसे देखना चाहिए।",happy,hi
यह सचमुच एक ज़बरदस्त अनुभव था।,happy,hi
ये वीडियो बहुत अच्छा है. सभी से वायरल होना चाहिए...,happy,hi
"आइए इस नए साल का स्वागत करें, पुराने सपने, नए फूल, नया साल मुबारक...",happy,hi
"खुशखबरी, गेंदबाज उमेश यादव बन गए पिता./-…",happy,hi
सर आप किसानों के लिए कुछ कर सकते हैं,happy,hi
"दैनिक एकमत, देशोन्नति, मराठवाड़ा केसरी पेपर को धन्यवाद...",happy,hi
"धन्यवाद ताईसाहब, आपकी शुभकामनाएँ बहुत ऊर्जा देंगी",happy,hi
सभी को आज से प्रारंभ हो रहे नवरात्रि उत्सव की शुभकामनाएँ!,happy,hi
"प्रवास उत्सव के लिए धन्यवाद, अब मैं सस्ती कीमत पर अपनी यात्रा पूरी कर सकता हूं।",happy,hi
स्वराज्य ध्वज यात्रा का संतनगरी शेगांव में स्वागत! ..//,happy,hi
अन्नदाता सुखी भव: सभी किसान भाइयों और बहनों को राष्ट्रीय किसान दिवस की शुभकामनाएँ,happy,hi
"नागपंचमी उत्सव के विजेताओं को स्वराज के सम्मान की एक साड़ी, एक सोने की नथ, एक चांदी की अंगूठी और कुछ चीजें दी जाएंगी",happy,hi
जहां समर्पण है वहां हार नहीं होती और प्रेम की बात बिल्कुल सही है।,happy,hi
जय श्री राम चैत्र पूर्णिमा एवं हनुमान जयंती की हार्दिक शुभकामनाएँ,happy,hi
बड़ों के सानिध्य में ज्ञान का अभिषेक - डॉ. मालपानी.//,happy,hi
"खुश रहने का एक ही सरल तरीका है.... दूसरों से नहीं, खुद से उम्मीद रखें।",happy,hi
आलंदी में एक गांव एक गणेशोत्सव पहल को उत्साहजनक प्रतिक्रिया.. ./ /,happy,hi
"ॐ गं गणपतये नमः ॐ नमः शिवाय गणपति बप्पा मोरया, मंगलमूर्ति मोरया",happy,hi
नए साल की पहली सुबह महारों की वीरता की गवाही देती है।,happy,hi
बैडमिंटन एकल फ़ाइनल (पुरुष) चल रहा है और लक्ष्य सेन शानदार खेल रहे हैं।,happy,hi
"धुलेकर के लोगों की ओर से, बाबासाहेब को धन्यवाद",happy,hi
सोशल मीडिया के साथ दुनिया भर में हो रही है प्रथमेश की सराहना./-…,happy,hi
रवीन्द्र पाटिल एवं परिवार आपको एवं आपके पूरे परिवार को नव वर्ष की शुभकामनाएँ,happy,hi
"बहुत अच्छा लिखा, अद्भुत धमकी। इन विचारों को कुछ लोगों के साथ साझा करते हुए,",happy,hi
बहुत बढ़िया,happy,hi
"जैसे एक सूरज, एक चाँद, एक पार्टी शिव सेना और एक नेता श्री उद्धव साहेब बाला साहेब ठाकरे।",happy,hi
"धन्यवाद, आपसे यह भूमिका अपेक्षित थी।",happy,hi
| सांगली में पारंपरिक तरीके से शिव राया का आगमन./,happy,hi
जन्मदिन मुबारक हो भाई!!,happy,hi
इस तरह का मंच जो हमें बेहतरीन शिक्षा दे रहा है..महान है,happy,hi
क्या आप जानते हैं कि आपको सम्मानित किया जाने वाला है सर?,happy,hi
सराहनीय पहल एवं सही सोच..!,happy,hi
"जल्दी बताओ सर, हम आपके लिए बहुत उत्साहित हैं",happy,hi
आपका पिछला अनुभव और यादें ही आपकी संपत्ति हैं। मुझे यही सुनना पसंद है.,happy,hi
नया साल मुबारक हो ताईसाहब,happy,hi
"बहुत निष्पक्ष, हमेशा प्रतिनिधित्वपूर्ण और प्रतिनिधि बनने के लिए तैयार रहें",happy,hi
आप सभी का ये प्यार हमेशा ऐसे ही बना रहे.',happy,hi
सभी को शुभकामनाएँ,happy,hi
लो मीठी-मीठी बातें! लोगों को मकर संक्रांति की शुभकामनाएँ!,happy,hi
लोगों का मानना ​​है कि शादी में डांस करना खुशी और समझदारी की बात है। .,happy,hi
भारत दिसंबर से जी की अध्यक्षता करेगा और पहली बार जी नेताओं का शिखर सम्मेलन बुलाएगा,happy,hi
इतना बढ़िया ट्रेलर बहुत पसंद आया,happy,hi
ज्‍योतिरादित्य जी शिंदे को जन्मदिन की हार्दिक शुभकामनाएं,happy,hi
कोल्हापुर में दिवाली का जश्न बहुत खूबसूरत है और सम्मानित नेता राज ठाकरे साहब उस दौरान वहां मौजूद रहते हैं।,happy,hi
हम सभी पांच हजार फॉलोअर्स तक पहुंचकर खुश हैं,happy,hi
"लेखक, दार्शनिक और नोबेल पुरस्कार विजेता गुरु रवीन्द्रनाथ टैगोरजी को उनके स्मृति दिवस पर भावभीनी श्रद्धांजलि।",happy,hi
जीत बाला साहेब का आशीर्वाद है.,happy,hi
भविष्य के लिए शुभकामनाएं!,happy,hi
महाराष्ट्र के कुल देवता खंडोबा के चंपाषष्ठी महोत्सव की शुभकामनाएँ!,happy,hi
शुभकामनाएँ... हम भी आपका समर्थन करते हैं... जय विदर्भ,happy,hi
कोजागिरी पूर्णिमा की शुभकामनाएँ !!,happy,hi
महत्वपूर्ण जिम्मेदारी मिलने पर बधाई.,happy,hi
किस बात का सदमा है? उस रिक्त स्थान को भरने के लिए कई नए शिवसैनिक तैयार हैं..!!,happy,hi
"बहुत बढ़िया सर, इस छोटी सी मदद से उस परिवार के सभी लोगों के चेहरे पर मुस्कान आ गई",happy,hi
"सर्व मंगल मांगल्ये, शिवे सर्वार्थ साधिका, शरण्या त्र्यंबके गौरी, नारायणी नमोस्तुते...",happy,hi
जन्मदिन मुबारक हो भाई,happy,hi
शुभ यात्रा गुरुजी. ./_,happy,hi
मराठी टाइगर को आप पर बहुत गर्व है और गर्व भी है,happy,hi
मेरे सहकर्मियों को लंबी उम्र के लिए शुभकामनाएं।',happy,hi
"महाराष्ट्र को देश के इतिहास में एक गौरवपूर्ण और पवित्र क्षण के रूप में मनाया जाता है, इसके प्रति उत्साही लोगों की राय और भी अधिक उत्साहित है।",happy,hi
टूटे हुए जबड़े के बावजूद अनिल कुंबले अकेले ही ओवर फेंकने की हिम्मत रखते थे...,happy,hi
"हवा आने दो, महाराष्ट्र का लाफ्टर फेयर मेरा पसंदीदा शो है।",happy,hi
धन्यवाद विक्रांत जी! आइए हम मराठा युवाओं के लाभ के लिए मिलकर काम करें!,happy,hi
हमारे मित्र डॉ. अमोल को कन्या रत्न प्राप्त हुआ,happy,hi
"हालाँकि सभी परिवर्तन समय के साथ होंगे, लेकिन हमने अपनी दृढ़ता नहीं छोड़ी है",happy,hi
रायगढ़ जिले में आपके साथ मौजूद लोगों को यह वाक्य बोलने के लिए धन्यवाद। संरक्षक मंत्री,happy,hi
उनके लिए एक नंबर आइडिया है ड्रम बजाना और गाना,happy,hi
सभी को संकट चतुर्थी की हार्दिक शुभकामनाएँ,happy,hi
बधाई और शुभ कामना। अगला बैच जब पुणे में होगा तो जरूर आएगा.,happy,hi
शक्तिशाली देवता मंगुट को पकड़ लिया गया और नामों के साथ खिलवाड़ किया गया। आपका इतिहास का अध्ययन विवादास्पद है।,happy,hi
आज से शुरू हो रहे बांध परियोजना के उद्घाटन की सभी को शुभकामनाएँ!,happy,hi
कोजागिरी पूर्णिमा की शुभकामनाएँ।,happy,hi
सभी को रक्षाबंधन और नारली पूर्णिमा की हार्दिक शुभकामनाएँ..!,happy,hi
मद्रास के छात्रों द्वारा विकसित नए सॉफ्टवेयर से इस क्षेत्र को काफी फायदा होगा,happy,hi
जन्मदिन की शुभकामना सर,happy,hi
प्रिय नाथाभाऊ खडसे आपको नव वर्ष की शुभकामनाएं..//…,happy,hi
सभी नागरिकों को जन्मदिन की शुभकामनाएँ!,happy,hi
अन्य जन प्रतिनिधियों को भी इसका अनुकरण करना चाहिए। बहुत अच्छी गतिविधि.,happy,hi
"बधाई हो सर, भविष्य के लिए शुभकामनाएं...",happy,hi
भीमा कोरेगांव शौर्य दिवस की हार्दिक शुभकामनाएं...!!!,happy,hi
आप सभी के आशीर्वाद से अनासारक पूरा हुआ। सभी को बहुत बहुत धन्यवाद,happy,hi
सभी को भाईचारे के अटूट बंधन का त्योहार रक्षाबंधन और नारियल पूर्णिमा की शुभकामनाएँ!,happy,hi
"बधाई हो भाई...आपने इतिहास रच दिया, बाहुबली नीरज चोपड़ा",happy,hi
उन बहादुर पत्रकारों को शुभकामनाएं जो यह कहते रहते हैं कि लोकतंत्र जीवित है,happy,hi
धनुभाई छात्रों के लिए एक आदर्श हैं।,happy,hi
कोजागिरी पूर्णिमा की शुभकामनाएँ!,happy,hi
मीराबाई चानू को हार्दिक बधाई।,happy,hi
उन्होंने उन्हें नारी शक्ति दिखाई. आपके साहस की सराहना की जानी चाहिए.,happy,hi
ऐसे आयोजन होना बहुत अनोखा है. .......,happy,hi
जय स्वामीनारायण गणपति बप्पा मोर्यमंगलमूर्ति मोरया!!,happy,hi
भाई-बहन के अटूट प्रेम और रिश्ते के पर्व रक्षाबंधन की हार्दिक शुभकामनाएँ...!,happy,hi
परिवारवाद एक खूबसूरत शब्द है. पूरे परिवार का देश के प्रति समर्पण ही परिवारवाद है।,happy,hi
हमारी बात सुनने के लिए आपका बहुत-बहुत धन्यवाद। आपको नैतिक बल मिले! ',happy,hi
हर हर महादेव पुष्पा जी। शुभ प्रभात ।//…,happy,hi
पीवी सिंधु ने बैडमिंटन में गोल्ड मेडल जीता.,happy,hi
महालक्ष्मी दर्शन के साथ नए साल की शुरुआत...,happy,hi
नया साल मुबारक हो भाई ./_/…,happy,hi
गुजरात तेजी से विकास की नई ऊंचाइयों को छू रहा है: पीएम,happy,hi
"भाई की ओर बढ़ें + बहुत-बहुत बधाई, हम पर बहुत-बहुत आशीर्वाद, सुद्धा आसुदा",happy,hi
तब से शेगांव नहीं गया लेकिन गोदामवले का अनुभव किया। बहुत अच्छा..,happy,hi
"यह वाकई आश्चर्यजनक है, इससे छात्रों को काफी बेहतर शिक्षा मिलेगी।",happy,hi
उनकी दिवाली बहुत जोरदार होगी,happy,hi
"भारत और बीजेपी के साथ हाथ मिलाएं, साथ मिलकर हम बेहतर भविष्य की दिशा में बड़ी प्रगति कर सकते हैं।",happy,hi
मंच पार करने पर बधाई,happy,hi
सभी को घटस्थापना एवं नवरात्रि पर्व की हार्दिक शुभकामनाएँ..,happy,hi
सभी को कोजागिरी पूर्णिमा दिवस की शुभकामनाएँ!,happy,hi
"साहेब जय महाराष्ट्र, मरते दम तक आपके साथ,",happy,hi
जय सनातन पवित्र आर्य भूमि पर आपका स्वागत है.. वसुदैव कुटुम्बकम्,happy,hi
आपको और आपके परिवार को नव वर्ष की शुभकामनाएं,happy,hi
बाला साहेब तो अनेक हैं लेकिन आदरणीय बाला साहेब ठाकरे एक ही हैं,happy,hi
में भारत का पहला पदक,happy,hi
नया साल मुबारक हो सर..,happy,hi
गरीबों के कैवारी साहब ही हमारी असली शान हैं,happy,hi
प्रधानमंत्री नरेंद्रजी मोदी भूटान के सर्वोच्च पुरस्कार से सम्मानित! हार्दिक बधाई,happy,hi
सह्याद्री प्रतिष्ठान पुणे की ओर से सम्पन्न हुआ अनोखा कार्य! .//,happy,hi
जय भवानी जय शिवराय के पास एकजुट होने के अलावा कोई विकल्प नहीं है,happy,hi
: नरवाड़े स्थानीय राजनीति में सक्रिय नेता के रूप में जाने जाते थे।,happy,hi
केंद्रीय सचिवालय के सचिव बड़े भाई प्रवीण गायकवाड़ को जन्मदिन की हार्दिक शुभकामनाएं,happy,hi
यह बहुत भारी धागा है... देश प्रेमी अवश्य पढ़ें,happy,hi
'सिंधुदुर्ग जिले को प्रकृति का भरपूर आशीर्वाद प्राप्त है; 'एक आदर्श शैक्षिक वातावरण बनाने का प्रयास करें।',happy,hi
"सर, आप इतिहास में वफादार और निडर के रूप में दर्ज किये जायेंगे।",happy,hi
जन्मदिन मुबारक हो ओम आचार्यजी,happy,hi
जय शिव शम्भू हर हर महादेव सुप्रभातम वन्दना,happy,hi
ॐ सर्वमंगल मांगल्ये शिवे सर्वार्थ साधिका। शरण्ये त्र्यंबके गौरी नारायणी नमोत्सुते।।,happy,hi
शुभकामनाएँ सह्याद्रि! ./_/…,happy,hi
हैप्पी नागपंचमी सर,happy,hi
किन्ना सोना गाना वाकई अद्भुत है.. संगीत ताज़ा है,happy,hi
भारत का गौरव.. वंदे भारत ट्रेन..,happy,hi
"जन्मदिन मुबारक हो ""देवडी देव"" दादा",happy,hi
आप जैसे योग्य अधिकारियों के रहते यह जिला अवश्य ही आगे बढ़ेगा..,happy,hi
जन्मदिन की शुभकामना सर। ./…,happy,hi
इन सभी विद्यार्थियों और प्रबोधिनी की पूरी टीम को शुभकामनाएँ!,happy,hi
जन्मदिन मुबारक हो नानासाहब,happy,hi
शिवश्री पुरूषोत्तम खेडकर साहब को जन्मदिन की हार्दिक शुभकामनाएँ,happy,hi
"अनुभव मिले और खुद पर विश्वास रखो, दुनिया जीत जाएगी।",happy,hi
सभी भक्तों को महाशिवरात्रि की शुभकामनाएँ!,happy,hi
"जैसे ही फुल ज़ोलर लड़के को पीएचडी मिली, हकलाने की खुशी आसमान छू गई।",happy,hi
इसलिए महाराष्ट्र की राजनीति में देवेन्द्र जी का सिक्का चलता है.,happy,hi
मैंने तो पहले ही कहा था कि ये भगवान है यार.. भगवान भाई तो सच में आपके ही हैं..,happy,hi
नया साल मुबारक हो साहेब संजय वाघमारे अंबाजोगाई,happy,hi
एलवीएम के सफल लॉन्च पर बधाई!,happy,hi
इंजीनियर दिवस की शुभकामनाएँ..!!,happy,hi
जड़ें उर्दू में हैं और यह एक गौरवशाली विरासत है,happy,hi
सभी को होली पूर्णिमा की शुभकामनाएँ..!,happy,hi
वीरता की प्रेरणा देता विजय स्तंभ भीमा कोरेगांव....,happy,hi
बेटी के जन्म के बाद उन्होंने सारी हदें पार कर दीं और गृह प्रवेश पर उनका स्वागत किया गया।/-…,happy,hi
"बहुत अच्छा,,आपसे एक बार मिलना चाहता हूँ,क्या यह हो सकता है???",happy,hi
धन्यवाद देवेन्द्र भाऊ,happy,hi
अपने साथियों के लिए सतर्क और जागरूक रहने का संदेश देने वाले सभी लोगों को कोजागिरी पूर्णिमा की शुभकामनाएं।,happy,hi
हमारे भाई के अनुयायी बने बडगल भाई को हार्दिक शुभकामनाएं। ../,happy,hi
पुनः हरिओम....अयोध्या जी...सस्नेह जय महाराष्ट्र,happy,hi
"हां, सभी साथियों को धन्यवाद, इतनी बड़ी पहल की गई है।",happy,hi
नफरत के इस दौर में एकता का ये बैंड सदियों तक याद रखा जाएगा.,happy,hi
"मैंने उस दिन चाँद देखा, सच कहूँ तो वह पहले से भी अच्छा लग रहा था",happy,hi
- दो हजार पौधे निःशुल्क बांटकर किया गया नये साल का स्वागत. ./…,happy,hi
आपको और आपके परिवार को नव वर्ष की शुभकामनाएं...,happy,hi
पूरी टीम को बधाई... भविष्य के लिए शुभकामनाएं...,happy,hi
"आपने रमई का किरदार बहुत अच्छे से निभाया है, बड़े आत्मविश्वास और संवाद अदायगी के साथ",happy,hi
"शीतल ताई, आप भारी संपादन करती हैं, आप सब कुछ कैसे प्रबंधित करती हैं?",happy,hi
हाफकिन इंस्टीट्यूट को पुनर्जीवित करने के लिए महाराष्ट्र सरकार को बधाई,happy,hi
साहेब जय महाराष्ट्र..!! हमारे पुणे जिले की ओर से हार्दिक स्वागत है,happy,hi
"एक प्रतिभाशाली कलाकार, एक कुशल नेता और एक प्रतिभाशाली व्यक्ति, ये सभी मिलकर समाज में सकारात्मक बदलाव लाते हैं।",happy,hi
"महाराष्ट्र के एकमात्र, संरक्षक और रक्षक",happy,hi
सभी को वसुबारस की हार्दिक शुभकामनाएँ...!,happy,hi
अहिल्या देवी की जयंती येलकोट जय मल्हार मल्हार जल्द ही आ रही है,happy,hi
ॐ नमः शिवाय हर हर महादेव महाशिवरात्रि की शुभकामनाएं,happy,hi
आख़िरकार आज भारत ने जीत हासिल की और सीरीज़ भी अपने नाम कर ली,happy,hi
बुरे विचार होली की अग्नि में जल जाएं। सभी को होली की शुभकामनाएँ,happy,hi
मकर संक्रांति की शुभकामनाएँ!,happy,hi
राजमार्ग और राजमार्ग इंजीनियरों को छोड़कर सभी इंजीनियरों को शुभकामनाएँ।,happy,hi
कोली बंधुओं के न्याय के लिए हमेशा लड़ने वाले राज शिलेदार किशोर और साक्षी राणे को शादी की सालगिरह की शुभकामनाएँ,happy,hi
आपको और सभी कांग्रेस शुभचिंतकों को नव वर्ष की शुभकामनाएँ! ./…,happy,hi
"सर, बधाई हो, अब अगले चुनाव के लिए शुभकामनाएं, अच्छे अभियान से विपक्ष का मुंह बंद कर दीजिए.",happy,hi
मुझे और मेरे परिवार की ओर से नव वर्ष की हार्दिक शुभकामनाएँ,happy,hi
नया साल मुबारक हो भैया जी,happy,hi
वाह क्या बात है सर बिल्कुल सही कहा,happy,hi
कोविशील्ड और कोवैक्सीन दोनों टीकों को उनका हक दिया जाना चाहिए।,happy,hi
जन्मदिन की शुभकामनाएँ!! कृपया मुझे बताएं कि पार्टी कहां आयोजित की जाएगी।,happy,hi
"यह वास्तव में आप सभी के लिए एक अद्भुत अवसर है, इसे लपकने से न चूकें",happy,hi
इस इंटरव्यू में एक बात साफ तौर पर महसूस हुई कि खड़गे राजदीप से बेहतर मराठी बोलते हैं,happy,hi
सभी को मकर संक्रांति की शुभकामनाएँ!!,happy,hi
विष्णुपुरी में गुरुकृपा पैथोलॉजी लैब के उद्घाटन के अवसर पर संतोष हंबर्डे को बधाई।,happy,hi
इस कोड का उपयोग मिनटों में करें % एक्स्ट्रा सुइट सर,happy,hi
"आप हमारी प्रेरणा हैं, हमें आपके योगदान पर गर्व है! राष्ट्रीय जी!",happy,hi
बहुत अच्छा निर्णय,happy,hi
अब हमें भंपार पार्टी की योजना बनानी है! बधाई हो ।//…,happy,hi
नारियल पूर्णिमा और रक्षाबंधन त्यौहार की शुभकामनाएँ!!!!,happy,hi
कोल्हापुर को हजारी बनने पर बधाई,happy,hi
इस साल का प्रदर्शन अच्छा है विजय भाई,happy,hi
सभी भाइयों को हार्दिक शुभकामनाएँ..!,happy,hi
आपके पास एक विधायक के रूप में अंधेरी का नेतृत्व करने का एक शानदार अवसर है!,happy,hi
निर्भीक और निष्पक्ष रिपोर्टिंग के लिए ऐसी सोच की जरूरत थी. बधाई हो! ./ /…,happy,hi
आपके काम में शुभकामनाएँ!,happy,hi
बहुत अच्छा निर्णय ताई जय हिंद जय हिंदुराष्ट्र,happy,hi
वरदची मुंज एक अविस्मरणीय समारोह ../ /,happy,hi
आपको और आपके परिवार को दिवाली की शुभकामनाएँ,happy,hi
सभी को रक्षाबंधन और नारली पूर्णिमा की शुभकामनाएँ!,happy,hi
"आपकी लंबी उम्र और स्वस्थ जीवन हो, बप्पा से प्रार्थना है।'",happy,hi
हिंदुत्व खतरे में नहीं है...अब हिंदुत्व खतरे में नहीं है...ये गठबंधन भी हिंदुत्व के लिए है....,happy,hi
जय गोपीनाथ प्रतिष्ठान गौरवान्वित हो रहा है,happy,hi
सभी को शुभकामनाएँ.. ./.?…,happy,hi
दादा जन्मदिन की हार्दिक शुभकामनाएं मां जगदंबा की कृपा आप पर सदैव बनी रहे।,happy,hi
आप सभी को नव वर्ष की शुभकामनाएं! ⁠,happy,hi
भाई आपको जन्मदिन की हार्दिक शुभकामनाएं,happy,hi
आपको नया साल मुबारक हो सर..,happy,hi
जन्मदिन मुबारक हो सरजी,happy,hi
और इस ट्वीट ने इस आदमी की महान प्रतिभा को दिखाने में मदद की है।,happy,hi
टॉलीवुड फिल्म के गाने नाटू नाटू के लिए ऑस्कर जीतना भारत के लिए गर्व का क्षण है,happy,hi
नया साल मुबारक हो सर! ./…,happy,hi
ॐ तत्पुरुषाय विद्महे महादेवाय धीमहि तन्नो रुद्र: प्रातःकाल। सभी को महाशिवरात्रि की शुभकामनाएँ!,happy,hi
नियमों को बहुत अच्छे तरीके से और विस्तार से इस तरह से देने के लिए आपका बहुत-बहुत धन्यवाद कि हर कोई समझ सके,happy,hi
ये सही है सर,happy,hi
"आज से भगवती का जागर, भक्तों को नवरूप के दर्शन./-/…",happy,hi
ऐतिहासिक! देश को फिर मिलेगा मराठी चीफ जस्टिस; इस जज के नाम की सिफ़ारिश,happy,hi
का गाना नाटू-नाटू को मिला ऑस्कर रचा इतिहास...,happy,hi
नवविवाहित जोड़े को सुखी जीवन के लिए शुभकामनाएं,happy,hi
मृत्युंजय रुद्राय नीलकंठाय शंभवे अमृतेशै रुद्राय महादेवाय ते नम: ॐ नम: शिवाय!,happy,hi
आपको महाशिवरात्रि की हार्दिक शुभकामनाएँ। हर हर महादेव,happy,hi
"मेरे लिए जितना हिंदू धर्म महत्वपूर्ण है, उतना ही महत्वपूर्ण मराठी संस्कृति/भाषा भी है।",happy,hi
"बधाई हो, कामना है कि जल्द ही एक दो हो जाएं।'",happy,hi
संभाजी ब्रिगेड क्षेत्रीय उपाध्यक्ष राहुल दादा बंसोड़ को जन्मदिन की हार्दिक शुभकामनाएं,happy,hi
हरि ॐ नमः,happy,hi
"यह आत्मीयता हमारे भाईचारे को कितना बदल देती है..वाह, शाबाश..",happy,hi
|| ॐ नमः शिवाय || आप सभी को शुभकामनाएं!,happy,hi
संत संताजी महाराज जयंती निम्मित हाता में स्वास्थ्य शिविर एवं रक्तदान शिविर का उद्घाटन समारोह,happy,hi
आपको नए साल की बहुत बहुत बधाई।,happy,hi
नया युग और नया साल मुबारक हो!,happy,hi
वह बहुत सुंदर मराठी बोलते थे.ओम शांति.,happy,hi
"सर आपकी एक्टिविटी बहुत अच्छी है, नई-नई जानकारी शेयर करते रहें",happy,hi
"गरबा नाइट के लिए परफेक्ट हैं ये 'आउटफिट्स', देखें",happy,hi
बधाई एवं भविष्य के लिए शुभकामनाएँ,happy,hi
देश के प्रथम कृषि मंत्री डॉ. पंजाबराव भाऊसाहेब देशमुख की जयंती पर सादर नमन,happy,hi
"मीराबाई चानू ने टोक्यो ओलंपिक वेटलिफ्टिंग में भारत के लिए पहला रजत पदक जीता..!! मीराबाई, बधाई!!",happy,hi
यह संभवतः सबसे पुराना रंगीन चित्र है और अद्भुत है। आजकल यह एक फ्रेम में उपलब्ध नहीं है!,happy,hi
1000 प्राप्त करने पर बधाई। आशा है कि जल्द ही सत्यापन हो जाएगा।,happy,hi
_: मैं प्रत्येक नागपुरवासी की ओर से उन्हें धन्यवाद देता हूं।,happy,hi
निर्भीद पणे प्रभाव के समापन पर हमारे सभी मित्रों को हार्दिक शुभकामनाएँ,happy,hi
सभी को वसुबारस और शुभ दिवाली..!,happy,hi
आज से प्रारंभ हो रहे नवरात्रि पर्व की हार्दिक शुभकामनाएँ,happy,hi
वरिष्ठ नागरिकों के लिए अच्छी खबर.//…,happy,hi
"शुभ मकर संक्रांति!! तिल गुड़ लो, मीठी मीठी बातें करो...",happy,hi
घटस्थापना एवं नवरात्रि पर्व की हार्दिक शुभकामनाएँ!,happy,hi
"सभी शहीद पुलिस जवानों को श्रद्धांजलि, जय हिंद",happy,hi
सभी को कोजागिरी पूर्णिमा की शुभकामनाएँ..!,happy,hi
सभी किसान भाई-बहनों को मकर संक्रांति की हार्दिक शुभकामनाएँ,happy,hi
हमें औरंगाबाद और उस्मानाबाद की बेहतरी के लिए जोशी के सराहनीय प्रयासों पर गर्व है।,happy,hi
हमारे बड़े भाई श्री संदीप भाऊ करांडे पाटिल को जन्मदिन की हार्दिक शुभकामनाएँ,happy,hi
उनके जन्मदिन के अवसर पर आज श्री क्षेत्र नारायणगढ़ में आशीर्वाद लिया गया,happy,hi
महाराष्ट्र प्रदेश असंगठित कामगार कांग्रेस की ओर से सभी को शुभकामनाएँ!,happy,hi
शुद्ध संस्कार का प्रतिबिम्ब...,happy,hi
भगवान विष्णु के दसवें एवं अंतिम अवतार भगवान कल्कि जयंती की हार्दिक शुभकामनाएँ..!,happy,hi
तुलापुर पुणे समाधि पर छत्रपति संभाजी राजे को नमन।,happy,hi
होली की शुभकामनाएं,happy,hi
सभी को नारियल पूर्णिमा और रक्षाबंधन की शुभकामनाएँ ( / ),happy,hi
कहा जाता है कि देवी शैलपुत्री की भक्तिपूर्वक पूजा करने से घर में धन और समृद्धि आती है।,happy,hi
आपके पिता को जन्मदिन की शुभकामनाएं...लेकिन आप डाइट पर हैं बेबी।,happy,hi
साल की शुरुआत में अच्छी खबर./_/…,happy,hi
"'चला हवा येउ द्या' के मंच पर भाऊ का कमाल, जादू ची धमाल./--...",happy,hi
नया साल मुबारक हो भाई..,happy,hi
डॉ.बाबा साहेब अम्बेडकर का योगदान अद्वितीय: पांसे ./?=,happy,hi
बधाई हो!! क्या शिवसेना को मिला प्रवक्ता का पद? ?,happy,hi
जन्मदिन मुबारक हो कुमुद,happy,hi
"धन्यवाद भाई, जन्मदिन की शुभकामनाएँ बहुत अधिक थीं और अनजाने में उपेक्षित कर दी गईं",happy,hi
"यह कुछ भी नहीं है, रानी के बगीचे में पेंगुइन खुशी से गरबा खेल रहे हैं",happy,hi
सह्याद्रि आपको आपकी यात्रा के लिए शुभकामनाएं देती है...ध्यान रखें...,happy,hi
प्रकृति की ओर से बधाई सर,happy,hi
"इंतजार करते-करते बप्पा आपका साल कब बीत गया, अब आपके आने में दो दिन बाकी हैं",happy,hi
भगवा वर्षगाँठ की शुभकामनाएँ भागवतजी,happy,hi
मुंबई के घाटकोपर में धुलवाड बजाकर घर लौटे जोड़े की लाश बाथरूम में मिली! ..//-…,happy,hi
यह उनकी नैतिक जीत है क्योंकि उनके सामने सत्ता के लिए एकत्रित महत्वाकांक्षी राक्षस खड़े थे।,happy,hi
बीजेपी का वनवास हो रहा है...,happy,hi
पुलिस स्मृति दिवस के अवसर पर देश के लिए अपना कर्तव्य निभाते हुए शहीद हुए शहीदों को भावभीनी श्रद्धांजलि!!,happy,hi
'अंधेरे में गाड़ी पार्क की और...' सफर में एक्ट्रेस को हुआ चौंकाने वाला अनुभव,happy,hi
ये संदीप भाग गया,happy,hi
ये पढ़कर महेश कोठारे को किडनी में हार्ट अटैक आ गया होगा,happy,hi
"वर्ल्ड चैंपियन टीम को हराया लेकिन नई टीम को धूल चटाई, आयरलैंड ने खोला खाता",happy,hi
उन्होंने आपकी तरह अपना स्वाभिमान गिरवी नहीं रखा,happy,hi
हमें कहना होगा...और अब लोग उसकी चालों को नोटिस करने लगे हैं।,happy,hi
"साहेब येवला तालुका में किसानों को बारिश से काफी नुकसान हुआ, तुरंत मदद पाने के लिए फॉलो करें।",happy,hi
हमारे बुजुर्गों को कब पता चलेगा कि अमुक बच्चा यह जानता है???,happy,hi
"स्क्रिप्ट तैयार थी, दशहरा सभा के बाद हंगामा मच गया.",happy,hi
इस वक्त पुणे में ऊपर के बादल फट रहे थे,happy,hi
"दादा दूसरों की हिंदी पर दाँत पीस रहे थे, अब दाँत पीसने लगे",happy,hi
ठाकरे ने कोई काम नहीं किया?,happy,hi
"उन्होंने देश के लिए बलिदान दिया है, आप उनके पैरों पर गिरने के लायक नहीं हैं।'",happy,hi
अगले कुछ दिनों में आपकी सरकार निश्चित रूप से गिर जाएगी...,happy,hi
क्या बुडा में आग लग गई?,happy,hi
मुँह में एक डिब्बा घी और एक थैली भर चीनी...,happy,hi
फिर भी बीजेपी की हार होने वाली है,happy,hi
"क्या कालू-बालू का तमाशा पहले...? यह अद्भुत है, आपको इसे एक बार देखना होगा",happy,hi
श्रद्धांजलि अर्पित करता हूं और परिवार के प्रति संवेदना व्यक्त करता हूं।',happy,hi
छगनराव भगत सिंह सरस्वती भक्त थे! कोई चावल चोर नहीं था,happy,hi
जिसकी असली शिव सेना अब सड़कों पर नजर आएगी. उपचुनाव जीत कर रावण का वध होना तय है!!,happy,hi
"चौंकाने वाला! कलवा से खारेगांव तक का रास्ता बंद है, बैरिकेडिंग लगाकर रास्ता बंद किया गया है",happy,hi
"यह शिंदेशाही महापुरुष का अनमोल दर्शन है, इससे समझौता करना उचित नहीं है",happy,hi
पुलिस स्मृति दिवस पर अपने कर्तव्य का पालन करते हुए शहीद हुए शहीदों को भावभीनी श्रद्धांजलि,happy,hi
"जिन लोगों ने कहा कि नौकरियाँ चली जाएंगी और मतदाता खो जाएंगे, उनके चेहरे पर झटका लगा है",happy,hi
कुत्ते भूखे मर रहे हैं जबकि हाथी सड़क पर चल रहे हैं...राहुल गांधी एक हाथी हैं,happy,hi
जीत आपकी है लेकिन सभी सतर्क रहें।',happy,hi
क्या हुआ...किसका कर्म टूटा?,happy,hi
मुख्यमंत्री ने अपने पोते के साथ धूल फांकने का आनंद उठाया।,happy,hi
ईश्वर ईमानदार लोगों के साथ है........... इसलिए लोग जानते हैं कि आपका कथन कितना सही है।,happy,hi
जो दूल्हा बिना शादी किए मंडवा से लोगों को ले गया,happy,hi
"इस निम्न दाब पेटी का विस्तार बहुत बड़ा है, यहाँ तक कि पेरिस में भी वर्षा होती है.!!",happy,hi
"""अगर उनकी वजह से शिव सेना ख़त्म नहीं हुई तो उन्हें दफ़न करके ही आगे बढ़ी शिव सेना""",happy,hi
ये चौंकाने वाली बात है,happy,hi
आप सचमुच हैं... इसे बार-बार साबित कर रहे हैं।,happy,hi
पुणे हिल गया.. वह पुणे में प्रतियोगी परीक्षा की तैयारी कर रहा था और अचानक..,happy,hi
क्या सच में किडनी में कीड़े हैं?,happy,hi
वर्तमान गंदी राजनीति को देखते हुए मनसे लोगों के लिए एक व्यवहार्य विकल्प है। अब जीतने के लिए लड़ो.,happy,hi
हमने अंग्रेजी मीडिया का बहिष्कार किया है.,happy,hi
किसी को भी छत्रपति शिवाजी महाराज की तुलना अपने आप से नहीं करनी चाहिए। महाराजा ने कभी भी जनता को धोखा नहीं दिया,happy,hi
"रील्स बनाने के लिए चाहिए एक अच्छा मोबाइल फोन, तो टिकटॉक स्टार का चौंकाने वाला कारनामा!",happy,hi
भावभीनी श्रद्धांजलि अर्पित की जा रही है,happy,hi
ये टकरा सकता है...महिलाओं पर तंज कसना...बहुत थोपा हुआ तर्क है...,happy,hi
"आदर्श प्रेरणा पैंथर, स्वर्गीय आदरणीय नामदेव.डी.गायकवाड, (माँ) की पुण्य तिथि पर उनकी पुण्य स्मृति को भावभीनी श्रद्धांजलि।",happy,hi
"जो जीतना चाहते हैं, लेकिन जो राजनीति करते हैं, जो कहते हैं कि हम हार जाते हैं, वे प्यार करते हैं",happy,hi
इस महिला को अब पूरी महाशक्ति के साथ दफनाया जाएगा,happy,hi
अब जब सामने से फुलटॉस आती है तो टीम को मारना जरूरी होता है.,happy,hi
"धर्मनिरपेक्षता अंधविश्वास नहीं, मूर्खता है, मैं कट्टर हिंदू हूं, मेरा मानना ​​है कि भारत एक हिंदू राष्ट्र है।",happy,hi
"विचारों की लड़ाई में हथियार, हथियार नहीं होते. ----गिरीश कुबेर",happy,hi
एक बार एक अनपढ़ सब्जी बेचने वाले को बाला साहेब ने शिव सेना का नेता बना दिया था.,happy,hi
"आत्मविश्वास और साहस अभी खोया नहीं है, यह अलग बात है कि हम बेरोजगारी की मार झेल रहे हैं।",happy,hi
क्या यह वास्तव में वापसी की बारिश है या नदी नालों में ज्वार की बारिश है?,happy,hi
"विरोध मुद्दे पर होना चाहिए, विचारधारा पर होना चाहिए, व्यक्ति पर होना चाहिए। विपक्ष का विरोध करना सरासर मूर्खता है",happy,hi
माहौल ऐसा बना दिया गया मानो बापरे युद्ध में उतर गया हो,happy,hi
हो सकता है ये सभी को मारने की साजिश हो.,happy,hi
इस पंड्या के लिए इतनी कीमत क्यों?,happy,hi
सही! समय-समय पर ऐसा महसूस होता है जैसे न्यायपालिका जीवित है,happy,hi
पुणे के मूर्तिकारों ने समुद्र ही लाकर दिखा दिया कि पुणे में समुद्र नहीं है।,happy,hi
"माँ तो ""माँ"" होती है...!! दूसरों के पास नहीं है...!! बाकी सब टेढ़े हैं...!!",happy,hi
इससे कोई फर्क नहीं पड़ेगा वरना मराठी मानुष और भी मशाल लेकर जलेगा,happy,hi
भारत में अपना कर्तव्य निभाते हुए शहीद हुए शहीदों को कोटि-कोटि श्रद्धांजलि...,happy,hi
देखते हैं इस चुनाव में अंधेरी ईस्ट के वोटर बीजेपी की तरफ जाने वाले हैं,happy,hi
"दुर्योधन की मुलाकात भगवान कृष्ण, रे बाबा से भी हुई थी",happy,hi
उथासेन यह नहीं समझ पाएगा कि शिवराय की ढाल तलवार हिंसक मशाल से अधिक शक्तिशाली है।,happy,hi
बहुगुणी ने ही बाला साहेब को गिरफ़्तार किया था ना?,happy,hi
मैंने पिछले साल ऐसे पैटर्न को ब्लॉक कर दिया था। यह दिवाली मेरे लिए सचमुच शुभ रहेगी।',happy,hi
शिंदे ने मुस्कुराते हुए कहा कि उन्होंने परफेक्ट गेम खेला...,happy,hi
गिरफ्तारी भी हुई,happy,hi
"आज पुलिस स्मृति दिवस है, ड्यूटी के दौरान देश के लिए शहीद हुए पुलिस कर्मियों को भावभीनी श्रद्धांजलि।",happy,hi
सहबाना को अब एहसास हुआ कि यह बहुत बड़ा खेल है,happy,hi
"मैं तो सोचता था कि मैं बहुत बड़ा लेखक हूं, लेकिन यह तो जादुई चाचा की शैतानजी निकली",happy,hi
माँ भी 'जय महाराष्ट्र'!? मुश्किल है भाई!,happy,hi
यह भी जनता के सामने लायें कि एक रिक्शा चालक करोड़पति कैसे बन गया,happy,hi
आग तो अंकल ने ही लगाई है!,happy,hi
ये कार्यकर्ता आपके लिए आ रहे हैं इसलिए इन्हें नजरअंदाज करने से काम नहीं चलेगा.,happy,hi
क्या यह बात पवार चाहेबा को मालूम नहीं थी?,happy,hi
साहेब और साहेब की बात करना उचित नहीं है.,happy,hi
"इस अमेरिकी कॉलेज में लड़कियों को बांटी जा रही हैं गर्भनिरोधक गोलियां, क्या है वजह?",happy,hi
"धन्या, तुममें जज्बा है लेकिन उगा साहब को खुश करने के लिए तुम्हें अकले के सितारे तोड़ने की जरूरत नहीं है।",happy,hi
आदर्श माने जाने वाले बाला साहेब की पार्टी पर हमला होने पर मुंह पर ताला लगाने वालों को भी इतिहास में दर्ज किया गया है।,happy,hi
इस ट्वीट को पढ़ने के बाद अंब्या भाऊ हैरान रह गए.,happy,hi
"कितना, कितना, कितना बिजली... बब्बो",happy,hi
मुझे आश्चर्य है कि आप बीच-बीच में अंग्रेजी शब्दों का उपयोग क्यों करते हैं जबकि सभी शब्द मराठी से हैं,happy,hi
"पेट से निकला स्टील का गिलास, लेकिन ये गिलास पेट में कैसे गया?",happy,hi
"स्टंप माइक के पास गाली देना कप्तान को पड़ा भारी, अब हो सकता है वर्ल्ड कप से बाहर!",happy,hi
क्या यही प्यार है? तो बायो से दोनों पुरुष लग रहे हैं,happy,hi
लोकतांत्रिक तरीके से चुना गया...उंगली पर थूककर/पर्दे के पीछे/पिछले दरवाजे/वोट से नहीं।,happy,hi
अरे ये बृजभूषण ही तो है जिसने अपने मालिक को डरा दिया?,happy,hi
ये सुन कर तो मेरे कान के परदे फट गए भाई,happy,hi
इस गांव में अब तक आ चुके हैं भूकंप के झटके!,happy,hi
ऐसा लगता है जैसे यह किसी महाशक्ति का हाथ है,happy,hi
क्या भक्तों और उनके पापा को अब पता है????,happy,hi
पशु से मनुष्य में संचरण और दोनों में वृद्धि हुई है!!!,happy,hi
बालासाहब को पहले से ही पता था कि हिजड़े कौन हैं,happy,hi
उन्होंने सावरकर को गद्दार कहा. क्या यह सच है?,happy,hi
लेकिन वह हंसते हुए कहती हैं कि राव ठाकरे का खेल हुआ करते थे.,happy,hi
रविवार को इसरो द्वारा सफलतापूर्वक प्रक्षेपित किए गए दो उपग्रह अंतरिक्ष में भटक गए और गलत कक्षा में प्रवेश कर गए!,happy,hi
बापरे ने तो अपने ही गांव की पंचायत की जीत की भविष्यवाणी भी कर दी है?,happy,hi
"हमें कम मत समझो, भाइयों और बहनों, भले ही हम लंबे समय से वहां हैं, फिर भी हम योगदान दे रहे हैं",happy,hi
"""हम कब से आपकी गद्दी पर बैठने को तैयार हैं...""",happy,hi
निशान असली महाराष्ट्र की ढाल और तलवार है,happy,hi
अमृत ​​वचन...? किस तरह का...?,happy,hi
ऐसे विज्ञापन करके आमिर खान क्या दिखाना चाहते हैं?,happy,hi
दादा क्या मुझे आपका नंबर मिल सकता है. हमें आपके काम करने का तरीका पसंद है,happy,hi
क्या आप चुनाव से हटना चाहते थे या मुंबई मनपा चुनाव से पहले सिंबल फ्रीज करने की साजिश थी??,happy,hi
"भूसे के ढेर में सुई ढूंढना एक कठिन काम है, आख़िरकार मिल ही गई",happy,hi
बबूल क्या है? क्या कोई आग है?,happy,hi
तो सभी प्रकाश बाबा आमटे नहीं थे,happy,hi
सेना की बढ़ी टेंशन! विधायक के बाद क्या एकनाथ शिंदे लड़ेंगे उद्धव ठाकरे के उम्मीदवार?,happy,hi
"बाला साहेब की पार्टी, उन्होंने पार्टी शुरू की और उन्होंने ही खत्म की, उनकी मर्जी, हमारा रिश्ता क्या है?",happy,hi
अपने कर्तव्यों का पालन करते हुए शहीद हुए मेरे सभी पुलिस भाइयों को हार्दिक श्रद्धांजलि,happy,hi
यह इतिहास खुद को दोहरा रहा है. शरीर पर आये तो सींग पर ले लो..,happy,hi
सभी आम लोगों द्वारा यह सवाल पूछा जाता है कि इतनी बड़ी रकम कहां से आती है?,happy,hi
आप नीरज चोपड़ा से बहुत आगे निकल चुके हैं।,happy,hi
"दादा, हमें भीख माँगने की आदत नहीं है।",happy,hi
अति आत्मविश्वास कहाँ से आता है?,happy,hi
आश्चर्य तो यह है कि वर्षों तक गंदी राजनीति करने के बाद भी वे उन्हीं के पक्ष में खड़े हैं।,happy,hi
कर्तव्य निभाते हुए अपनी जान गंवाने वाले शहीदों को श्रद्धांजलि।,happy,hi
क्या यह परोक्ष रूप से दबाव डालने का प्रयास है कि अदालत को क्या कहना चाहिए?,happy,hi
इन दिनों मृत्यु दर अचानक बढ़ गई है.,happy,hi
"प्रकृति को कुछ नहीं पता, गर्मी बढ़ रही है और साथ में बारिश भी हो रही है।",happy,hi
बढ़िया...देशभक्त जोशी और चट्टू भक्त जोशी में यही अंतर है...,happy,hi
इस बयान पर आपके खिलाफ हेट स्पीच का मामला दर्ज किया जा सकता है.,happy,hi
बिल्कुल वही जो आपकी सरकार के दौरान हुआ था,happy,hi
असली सवाल यह है कि कुत्तों का क्या होगा।,happy,hi
जय महाराष्ट्र उस लंका को जला देगा जहाँ गद्दारों की सेना खड़ी है,happy,hi
क्या बीजेपी वालों ने गद्दारों से वकील की चिट्ठी ली?,happy,hi
क्या पंढरपुर के उपचुनाव में जनभावना नहीं थी???,happy,hi
कर्तव्यपालन करते हुए शहीद हुए शहीदों को भावभीनी श्रद्धांजलि,happy,hi
क्या शिंदे गुट ने ऐसा करके अपने पैरों पर कुल्हाड़ी मार ली है?,happy,hi
"गर्लफ्रेंड को मनाना अब ग्राम पंचायत चुनाव जैसा है, सीट एक और उम्मीदवार पचास-साठ..!",happy,hi
"नाना पटोले ने बीजेपी छोड़ी या बीजेपी ने पटोले छोड़े, कुछ नहीं जानते राव...",happy,hi
"यह क्या है पारुलेकर, तुम्हें अपनी मातृभाषा पर गर्व होना चाहिए।",happy,hi
यह सब समर्थकों को भ्रमित करने वाला है।,happy,hi
"ओह, फिर एक ही पार्टी में वे दो गुट किसलिए एक-दूसरे से लड़ रहे हैं?",happy,hi
कोई नहीं क्योंकि दिवंगत नेताओं के परिवार के सदस्यों को निर्विरोध चुनना हमारे महाराष्ट्र की संस्कृति है!,happy,hi
"इससे भी ताकतवर हैं...! हमारे दिवाली पटाखे......... *अभी दिवाली आने दो, पूरी धरती ख़तरे में पड़ जाएगी।*",happy,hi
चौंकाने वाला!! ऑस्ट्रेलिया के खिलाफ मैच से पहले चंडीगढ़ पुलिस ने मांगे रुपये,happy,hi
"ये सच है कि नया संकेत मिल गया, लेकिन उद्धव ठाकरे का सिरदर्द बढ़ गया! -",happy,hi
"ये दिमाग का अंधेरा है, जिसके लिए चटका की ""मशाल"" की जरूरत है।",happy,hi
"सतयुग में रावण धनुष-बाण से पराजित हुआ था, जबकि कलियुग में उद्धव ठाकरे का वध हुआ था।",happy,hi
भारत में हुआ शतरंज में धोखाधड़ी का मामला...,happy,hi
पुलिस स्मृति दिवस पर अपना कर्तव्य निभाते हुए शहीद हुए शहीदों को कोटि-कोटि श्रद्धांजलि!,happy,hi
"चाहे मेरी कितनी भी कीमत क्यों न हो, वह बिकाऊ नहीं है। कैंसर के लिए नहीं..",happy,hi
फिर विवादों में समीर वानखेड़े; अब यहाँ इसका कारण है,happy,hi
शायद बीजेपी को इस बात का एहसास हो गया है कि वो ये उपचुनाव हारने वाली है....इसलिए ये सब अटकलें...,happy,hi
अब ब्राह्मण द्वेष बंद करो... कानून सब पर लागू होना चाहिए..,happy,hi
": ""हमें स्कूल में सरस्वती की तस्वीर की आवश्यकता क्यों है?"" छगन भुजबल के विवादित बयान पर छिड़ी बहस",happy,hi
"कल बानेर से शहर की ओर आने वाली सड़क का नजारा भी देखने लायक था, कई लोग सचमुच बहे जा रहे थे।",happy,hi
"अंबिया, तुम्हारे लिए इससे कम बड़ा झटका क्या होगा?",happy,hi
"वैभव, सावंतवाड़ी निर्वाचन क्षेत्र में हमें आपके जैसा युवा, ऊर्जावान और वफादार प्रतिनिधि मिले, यही दूरगामी प्रार्थना है।",happy,hi
"मां के दूध में मिला 'माइक्रोप्लास्टिक', सामने आई चौंकाने वाली जानकारी!",happy,hi
"वे आपके पिता की उम्र के हैं, क्या आप अपने पिता से ऐसे बात करते हैं?",happy,hi
"अनुभव मिले और खुद पर विश्वास रखो, दुनिया जीत जाएगी।",happy,hi
"हां, सभी साथियों को धन्यवाद, इतनी बड़ी पहल की गई है।",happy,hi
मुझे अमावस्या क्या आप मेरे लिए पूर्णिमा सी वटपूर्णिमा करेंगे?? -@पूजा डोमाले(रानू),happy,hi
सह्याद्री प्रतिष्ठान पुणे की ओर से सम्पन्न हुआ अनोखा कार्य! .//,happy,hi
आप अपने मन की बात कर रहे हैं...संसद को यह भी याद रखना चाहिए कि लोकशाहीर अन्नाभाऊ साठे ने क्या कहा था...,happy,hi
आपको और आपके परिवार को रक्षा बंधन और नारली पूर्णिमा की हार्दिक शुभकामनाएँ,happy,hi
सभी को नारियल पूर्णिमा और रक्षाबंधन की शुभकामनाएँ ( / ),happy,hi
जी के मुताबिक पुणे जिले में कोई भी विधायक ऐसा नहीं है जो मंत्री बनने लायक हो,happy,hi
जय गोपीनाथ प्रतिष्ठान गौरवान्वित हो रहा है,happy,hi
आपको और आपके परिवार को नव वर्ष की शुभकामनाएं...,happy,hi
"जिन लोगों ने कहा कि नौकरियाँ चली जाएंगी और मतदाता खो जाएंगे, उनके चेहरे पर झटका लगा है",happy,hi
जय महाराष्ट्र उस लंका को जला देगा जहाँ गद्दारों की सेना खड़ी है,happy,hi
हँसो मत.. मैं हँसा और हँसा... अब तक,happy,hi
माहौल ऐसा बना दिया गया मानो बापरे युद्ध में उतर गया हो,happy,hi
मैं भी.. गोकर्ण के महागणपति वहां से बहुत करीब हैं..,happy,hi
"धन्यवाद, आपसे यह भूमिका अपेक्षित थी।",happy,hi
असली सवाल यह है कि कुत्तों का क्या होगा।,happy,hi
"हिन्दू धर्म की अनुपम देन आयुर्वेद का महत्व,//…",happy,hi
ऐतिहासिक! देश को फिर मिलेगा मराठी चीफ जस्टिस; इस जज के नाम की सिफ़ारिश,happy,hi
"""अगर उनकी वजह से शिव सेना ख़त्म नहीं हुई तो उन्हें दफ़न करके ही आगे बढ़ी शिव सेना""",happy,hi
असली सवाल यह है कि कुत्तों का क्या होगा।,happy,hi
सोशल मीडिया के साथ दुनिया भर में हो रही है प्रथमेश की सराहना./-…,happy,hi
"यह वास्तव में आप सभी के लिए एक अद्भुत अवसर है, इसे लपकने से न चूकें",happy,hi
जी के मुताबिक पुणे जिले में कोई भी विधायक ऐसा नहीं है जो मंत्री बनने लायक हो,happy,hi
व्हाट अरे,happy,hi
बाला साहेब एक थे और वो एक ठाकरे हैं,happy,hi
जन्मदिन की शुभकामनाएँ!! कृपया मुझे बताएं कि पार्टी कहां आयोजित की जाएगी।,happy,hi
नारियल पूर्णिमा और रक्षाबंधन त्यौहार की शुभकामनाएँ!!!!,happy,hi
"लेखक, दार्शनिक और नोबेल पुरस्कार विजेता गुरु रवीन्द्रनाथ टैगोरजी को उनके स्मृति दिवस पर भावभीनी श्रद्धांजलि।",happy,hi
यह कैसा शब्द है?,happy,hi
उनकी दिवाली बहुत जोरदार होगी,happy,hi
नया साल मुबारक हो सर..,happy,hi
मेरे सहकर्मियों को लंबी उम्र के लिए शुभकामनाएं।',happy,hi
हमारी पोती सेल्फी लेने का आनंद ले रही है...,happy,hi
आपको खाव्य रत्न पुरस्कार प्रदान करते हुए हमें बहुत खुशी हो रही है।,happy,hi
महाराष्ट्र पुलिस को दिल से सलाम,happy,hi
"खुश रहने का एक ही सरल तरीका है.... दूसरों से नहीं, खुद से उम्मीद रखें।",happy,hi
महाराष्ट्र राज्य मंत्री पद पर चयनित होने पर हार्दिक बधाई,happy,hi
किसी को भी छत्रपति शिवाजी महाराज की तुलना अपने आप से नहीं करनी चाहिए। महाराजा ने कभी भी जनता को धोखा नहीं दिया,happy,hi
तैयार हो जाओ दोस्तों! अब इतनी बढ़ जाएगी दूध की कीमत!,happy,hi
मृत्युंजय रुद्राय नीलकंठाय शंभवे अमृतेशै रुद्राय महादेवाय ते नम: ॐ नम: शिवाय!,happy,hi
जन्मदिन मुबारक हो भाई,happy,hi
कोजागिरी पूर्णिमा की शुभकामनाएँ !!,happy,hi
सोशल मीडिया के साथ दुनिया भर में हो रही है प्रथमेश की सराहना./-…,happy,hi
बाला साहेब तो अनेक हैं लेकिन आदरणीय बाला साहेब ठाकरे एक ही हैं,happy,hi
आपका पिछला अनुभव और यादें ही आपकी संपत्ति हैं। मुझे यही सुनना पसंद है.,happy,hi
मुंबई के घाटकोपर में धुलवाड बजाकर घर लौटे जोड़े की लाश बाथरूम में मिली! ..//-…,happy,hi
"मैं इसके लिए बहुत उत्साहित हूं, हर किसी को इसे देखना चाहिए।",happy,hi
"""अगर उनकी वजह से शिव सेना ख़त्म नहीं हुई तो उन्हें दफ़न करके ही आगे बढ़ी शिव सेना""",happy,hi
यह देखकर बहुत ख़ुशी हुई कि आपने अपना वादा पूरा किया। बहुत अच्छा!,happy,hi
मैं अवसर चूक गया. और महत्वपूर्ण समय उठाया!! बधाई हो,happy,hi
लोगों का मानना ​​है कि शादी में डांस करना खुशी और समझदारी की बात है। .,happy,hi
वीरता की प्रेरणा देता विजय स्तंभ भीमा कोरेगांव....,happy,hi
अब हमें भंपार पार्टी की योजना बनानी है! बधाई हो ।//…,happy,hi
"सर्व मंगल मांगल्ये, शिवे सर्वार्थ साधिका, शरण्या त्र्यंबके गौरी, नारायणी नमोस्तुते...",happy,hi
"आज पुलिस स्मृति दिवस है, ड्यूटी के दौरान देश के लिए शहीद हुए पुलिस कर्मियों को भावभीनी श्रद्धांजलि।",happy,hi
"मां के दूध में मिला 'माइक्रोप्लास्टिक', सामने आई चौंकाने वाली जानकारी!",happy,hi
ऐसे विज्ञापन करके आमिर खान क्या दिखाना चाहते हैं?,happy,hi
आलंदी में एक गांव एक गणेशोत्सव पहल को उत्साहजनक प्रतिक्रिया.. ./ /,happy,hi
"भाई की ओर बढ़ें + बहुत-बहुत बधाई, हम पर बहुत-बहुत आशीर्वाद, सुद्धा आसुदा",happy,hi
"यह सचमुच एक अद्भुत विश्वविद्यालय है, हर किसी को इसे देखना चाहिए।",happy,hi
आश्चर्य तो यह है कि वर्षों तक गंदी राजनीति करने के बाद भी वे उन्हीं के पक्ष में खड़े हैं।,happy,hi
अब आप अंतरराष्ट्रीय स्तर पर जा रही हैं..बधाई हो मैडम..,happy,hi
"यह वाकई आश्चर्यजनक है, इससे छात्रों को काफी बेहतर शिक्षा मिलेगी।",happy,hi
क्या पंढरपुर के उपचुनाव में जनभावना नहीं थी???,happy,hi
"शुभ रात्रि, हिंदुओं। गोसेवा सर्वोत्तम सेवा है",happy,hi
सभी नागरिकों को जन्मदिन की शुभकामनाएँ!,happy,hi
बबूल क्या है? क्या कोई आग है?,happy,hi
ऐसा लगता है जैसे यह किसी महाशक्ति का हाथ है,happy,hi
तीसरी पार्टी होगी ये लड़का!,happy,hi
चौंकाने वाला!! ऑस्ट्रेलिया के खिलाफ मैच से पहले चंडीगढ़ पुलिस ने मांगे रुपये,happy,hi
सभी को रक्षाबंधन एवं नारालिपूर्णिमा की हार्दिक शुभकामनाएँ...,happy,hi
भारत दिसंबर से जी की अध्यक्षता करेगा और पहली बार जी नेताओं का शिखर सम्मेलन बुलाएगा,happy,hi
"अनुभव मिले और खुद पर विश्वास रखो, दुनिया जीत जाएगी।",happy,hi
इस नेता ने शिंदे से सब कुछ छीन लिया..! महाराष्ट्र में इस भाषण की चर्चा! ...,happy,hi
जय गोपीनाथ प्रतिष्ठान गौरवान्वित हो रहा है,happy,hi
"यह शिंदेशाही महापुरुष का अनमोल दर्शन है, इससे समझौता करना उचित नहीं है",happy,hi
आदर्श माने जाने वाले बाला साहेब की पार्टी पर हमला होने पर मुंह पर ताला लगाने वालों को भी इतिहास में दर्ज किया गया है।,happy,hi
क्या भक्तों और उनके पापा को अब पता है????,happy,hi
"धन्यवाद ताईसाहब, आपकी शुभकामनाएँ बहुत ऊर्जा देंगी",happy,hi
"खुशखबरी, गेंदबाज उमेश यादव बन गए पिता./-…",happy,hi
जन्मदिन मुबारक हो कुमुद,happy,hi
बहुत अच्छा मार्गदर्शन.,happy,hi
_: मैं प्रत्येक नागपुरवासी की ओर से उन्हें धन्यवाद देता हूं।,happy,hi
अमृत ​​वचन...? किस तरह का...?,happy,hi
हम सभी को अपने कुलदेव के दर्शन करने चाहिए जय हो,happy,hi
"हालाँकि सभी परिवर्तन समय के साथ होंगे, लेकिन हमने अपनी दृढ़ता नहीं छोड़ी है",happy,hi
इतनी अच्छी खबर लेकिन वही लाइन ध्यान खींच रही थी,happy,hi
राजमार्ग और राजमार्ग इंजीनियरों को छोड़कर सभी इंजीनियरों को शुभकामनाएँ।,happy,hi
आज से प्रारंभ हो रहे नवरात्रि पर्व की हार्दिक शुभकामनाएँ,happy,hi
"धन्यवाद, आपसे यह भूमिका अपेक्षित थी।",happy,hi
धन्यवाद.. आशा है हमें आपका सहयोग मिलेगा.,happy,hi
सभी को रक्षाबंधन और नारली पूर्णिमा की शुभकामनाएँ!,happy,hi
भाई-बहन के अटूट प्रेम और रिश्ते के पर्व रक्षाबंधन की हार्दिक शुभकामनाएँ...!,happy,hi
"हिन्दू धर्म की अनुपम देन आयुर्वेद का महत्व,//…",happy,hi
आपका पिछला अनुभव और यादें ही आपकी संपत्ति हैं। मुझे यही सुनना पसंद है.,happy,hi
लोग आपके विचारों को पसंद करते हैं क्योंकि आपका विश्लेषण तीव्र है,happy,hi
तब आप पाकिस्तान थे और भारत के ख़िलाफ़ जीते थे,happy,hi
"खुशखबरी, गेंदबाज उमेश यादव बन गए पिता./-…",happy,hi
इससे कोई फर्क नहीं पड़ेगा वरना मराठी मानुष और भी मशाल लेकर जलेगा,happy,hi
असली सवाल यह है कि कुत्तों का क्या होगा।,happy,hi
जय श्री राम चैत्र पूर्णिमा एवं हनुमान जयंती की हार्दिक शुभकामनाएँ,happy,hi
में भारत का पहला पदक,happy,hi
आदित्य एक जन नेता हैं...दादर से हैं,happy,hi
"दैनिक एकमत, देशोन्नति, मराठवाड़ा केसरी पेपर को धन्यवाद...",happy,hi
:'इस' मल्टीबैगर स्टॉक ने तीन हफ्ते में कमाए लाखों!,happy,hi
"चौंकाने वाला! कलवा से खारेगांव तक का रास्ता बंद है, बैरिकेडिंग लगाकर रास्ता बंद किया गया है",happy,hi
रायगढ़ जिले में आपके साथ मौजूद लोगों को यह वाक्य बोलने के लिए धन्यवाद। संरक्षक मंत्री,happy,hi
ये पढ़कर महेश कोठारे को किडनी में हार्ट अटैक आ गया होगा,happy,hi
लोग आपके विचारों को पसंद करते हैं क्योंकि आपका विश्लेषण तीव्र है,happy,hi
जन्मदिन मुबारक हो भाई!!,happy,hi
क्या मतलब है आपका.. वड़ा पाव करणी और नारियल में झरने जैसा पानी,happy,hi
आदित्य एक जन नेता हैं...दादर से हैं,happy,hi
अपने साथियों के लिए सतर्क और जागरूक रहने का संदेश देने वाले सभी लोगों को कोजागिरी पूर्णिमा की शुभकामनाएं।,happy,hi
"मेरे लिए जितना हिंदू धर्म महत्वपूर्ण है, उतना ही महत्वपूर्ण मराठी संस्कृति/भाषा भी है।",happy,hi
"महाराष्ट्र के एकमात्र, संरक्षक और रक्षक",happy,hi
सभी को मकर संक्रांति की शुभकामनाएँ!!,happy,hi
रक्षाबंधन एवं नारली पूर्णिमा की हार्दिक शुभकामनाएँ,happy,hi
ये भारी है,happy,hi
"ये दिमाग का अंधेरा है, जिसके लिए चटका की ""मशाल"" की जरूरत है।",happy,hi
इतनी अच्छी खबर लेकिन वही लाइन ध्यान खींच रही थी,happy,hi
"धर्मनिरपेक्षता अंधविश्वास नहीं, मूर्खता है, मैं कट्टर हिंदू हूं, मेरा मानना ​​है कि भारत एक हिंदू राष्ट्र है।",happy,hi
रायगढ़ जिले में आपके साथ मौजूद लोगों को यह वाक्य बोलने के लिए धन्यवाद। संरक्षक मंत्री,happy,hi
सेना की बढ़ी टेंशन! विधायक के बाद क्या एकनाथ शिंदे लड़ेंगे उद्धव ठाकरे के उम्मीदवार?,happy,hi
"सभी शहीद पुलिस जवानों को श्रद्धांजलि, जय हिंद",happy,hi
बाबा साहेब अम्बेडकर एक ही थे और एक ही रहेंगे,happy,hi
शिवभोजन योजना की होगी जांच! योजना बंद नहीं होगी!!!,happy,hi
"आओ दिवाली, इसे घटित होते हुए देखें",happy,hi
वीरता की प्रेरणा देता विजय स्तंभ भीमा कोरेगांव....,happy,hi
मैं इस फिल्म को देखने के लिए बहुत उत्साहित हूं,happy,hi
पुणे के मूर्तिकारों ने समुद्र ही लाकर दिखा दिया कि पुणे में समुद्र नहीं है।,happy,hi
सही! समय-समय पर ऐसा महसूस होता है जैसे न्यायपालिका जीवित है,happy,hi
यह सचमुच अद्भुत अगरबत्ती है। हर किसी को इसे एक बार इस्तेमाल करना चाहिए फिर मुझे बताएं कि यह कैसा है,happy,hi
जीत आपकी है लेकिन सभी सतर्क रहें।',happy,hi
एक बार एक अनपढ़ सब्जी बेचने वाले को बाला साहेब ने शिव सेना का नेता बना दिया था.,happy,hi
अब आप अंतरराष्ट्रीय स्तर पर जा रही हैं..बधाई हो मैडम..,happy,hi
सभी को शुभकामनाएँ,happy,hi
"प्रकृति को कुछ नहीं पता, गर्मी बढ़ रही है और साथ में बारिश भी हो रही है।",happy,hi
बाला साहब कट्टर पुराने शिवसैनिक थे,happy,hi
आप अपने मन की बात कर रहे हैं...संसद को यह भी याद रखना चाहिए कि लोकशाहीर अन्नाभाऊ साठे ने क्या कहा था...,happy,hi
आज से शुरू हो रहे बांध परियोजना के उद्घाटन की सभी को शुभकामनाएँ!,happy,hi
बहुगुणी ने ही बाला साहेब को गिरफ़्तार किया था ना?,happy,hi
सभी को होली पूर्णिमा की शुभकामनाएँ..!,happy,hi
"यह वास्तव में आप सभी के लिए एक अद्भुत अवसर है, इसे लपकने से न चूकें",happy,hi
बढ़िया...देशभक्त जोशी और चट्टू भक्त जोशी में यही अंतर है...,happy,hi
"'चला हवा येउ द्या' के मंच पर भाऊ का कमाल, जादू ची धमाल./--...",happy,hi
भाई-बहन के अटूट प्रेम और रिश्ते के पर्व रक्षाबंधन की हार्दिक शुभकामनाएँ...!,happy,hi
गरीबी को मत भूलो और अमीरी का ज्वार मत आने दो - आदरणीय श्री बालासाहेब ठाकरे,happy,hi
नया साल मुबारक हो भाई ./_/…,happy,hi
"लेकिन, पढ़ा था कि बापू सत्य का प्रयोग कर रहे थे",happy,hi
"वे आपके पिता की उम्र के हैं, क्या आप अपने पिता से ऐसे बात करते हैं?",happy,hi
"माँ तो ""माँ"" होती है...!! दूसरों के पास नहीं है...!! बाकी सब टेढ़े हैं...!!",happy,hi
नियमों को बहुत अच्छे तरीके से और विस्तार से इस तरह से देने के लिए आपका बहुत-बहुत धन्यवाद कि हर कोई समझ सके,happy,hi
बाला साहेब एक थे और वो एक ठाकरे हैं,happy,hi
प्रकृति की ओर से बधाई सर,happy,hi
"शीतल ताई, आप भारी संपादन करती हैं, आप सब कुछ कैसे प्रबंधित करती हैं?",happy,hi
जन्मदिन मुबारक हो भाई,happy,hi
"अंबिया, तुम्हारे लिए इससे कम बड़ा झटका क्या होगा?",happy,hi
ऐसे भोजन को आदर और सम्मान से खाना चाहिए...!!,happy,hi
सभी को रक्षाबंधन एवं नारालिपूर्णिमा की हार्दिक शुभकामनाएँ...,happy,hi
ॐ सर्वमंगल मांगल्ये शिवे सर्वार्थ साधिका। शरण्ये त्र्यंबके गौरी नारायणी नमोत्सुते।।,happy,hi
तब से शेगांव नहीं गया लेकिन गोदामवले का अनुभव किया। बहुत अच्छा..,happy,hi
सभी को वसुबारस की हार्दिक शुभकामनाएँ...!,happy,hi
हम सभी को अपने कुलदेव के दर्शन करने चाहिए जय हो,happy,hi
चैतन्यमयी- दिवाली के त्योहार का पहला दिन वसुबरस है... वसुबरस की शुभकामनाएं!,happy,hi
एक बार एक अनपढ़ सब्जी बेचने वाले को बाला साहेब ने शिव सेना का नेता बना दिया था.,happy,hi
: नरवाड़े स्थानीय राजनीति में सक्रिय नेता के रूप में जाने जाते थे।,happy,hi
उथासेन यह नहीं समझ पाएगा कि शिवराय की ढाल तलवार हिंसक मशाल से अधिक शक्तिशाली है।,happy,hi
रायगढ़ जिले में आपके साथ मौजूद लोगों को यह वाक्य बोलने के लिए धन्यवाद। संरक्षक मंत्री,happy,hi
"महाराष्ट्र को देश के इतिहास में एक गौरवपूर्ण और पवित्र क्षण के रूप में मनाया जाता है, इसके प्रति उत्साही लोगों की राय और भी अधिक उत्साहित है।",happy,hi
परिवारवाद एक खूबसूरत शब्द है. पूरे परिवार का देश के प्रति समर्पण ही परिवारवाद है।,happy,hi
जन्मदिन की शुभकामना सर .. ।/_…,happy,hi
इस कोड का उपयोग मिनटों में करें % एक्स्ट्रा सुइट सर,happy,hi
". उनका बाल भी बांका नहीं होगा, वे शंख कुंडल पहने हुए हैं..",happy,hi
सभी नागरिकों को जन्मदिन की शुभकामनाएँ!,happy,hi
जी के मुताबिक पुणे जिले में कोई भी विधायक ऐसा नहीं है जो मंत्री बनने लायक हो,happy,hi
भारत में आपका स्वागत है भाई.... आप इतने दिन कहाँ थे...?,happy,hi
"भाई की ओर बढ़ें + बहुत-बहुत बधाई, हम पर बहुत-बहुत आशीर्वाद, सुद्धा आसुदा",happy,hi
"मैंने उस दिन चाँद देखा, सच कहूँ तो वह पहले से भी अच्छा लग रहा था",happy,hi
"जैसे ही फुल ज़ोलर लड़के को पीएचडी मिली, हकलाने की खुशी आसमान छू गई।",happy,hi
माविया को नहीं मिलेगा उम्मीदवार- बावनकुले,happy,hi
दूल्हा घुटने टेककर तैयार था लेकिन उसके पिता ने ऐन मुहूर्त में शादी तोड़ दी।,happy,hi
"प्रवास उत्सव के लिए धन्यवाद, अब मैं सस्ती कीमत पर अपनी यात्रा पूरी कर सकता हूं।",happy,hi
"ओह, फिर एक ही पार्टी में वे दो गुट किसलिए एक-दूसरे से लड़ रहे हैं?",happy,hi
शिंदे ने मुस्कुराते हुए कहा कि उन्होंने परफेक्ट गेम खेला...,happy,hi
आपको और आपके परिवार को नव वर्ष की शुभकामनाएं...,happy,hi
फिर भी बीजेपी की हार होने वाली है,happy,hi
होली की शुभकामनाएं,happy,hi
पुलिस स्मृति दिवस पर अपना कर्तव्य निभाते हुए शहीद हुए शहीदों को कोटि-कोटि श्रद्धांजलि!,happy,hi
दादा क्या मुझे आपका नंबर मिल सकता है. हमें आपके काम करने का तरीका पसंद है,happy,hi
क्या हिंदी फिल्मों की असफलता से चरमरा रही है देश की अर्थव्यवस्था? रकुल प्रीत सिंह के बयान से हर तरफ हलचल मच गई,happy,hi
महत्वपूर्ण जिम्मेदारी मिलने पर बधाई.,happy,hi
चौंकाने वाला!! ऑस्ट्रेलिया के खिलाफ मैच से पहले चंडीगढ़ पुलिस ने मांगे रुपये,happy,hi
कर्तव्यपालन करते हुए शहीद हुए शहीदों को भावभीनी श्रद्धांजलि,happy,hi
भविष्य के लिए शुभकामनाएं!,happy,hi
"हालाँकि सभी परिवर्तन समय के साथ होंगे, लेकिन हमने अपनी दृढ़ता नहीं छोड़ी है",happy,hi
"स्क्रिप्ट तैयार थी, दशहरा सभा के बाद हंगामा मच गया.",happy,hi
बहुत अच्छा मार्गदर्शन.,happy,hi
लक्ष्मण के चरण उसके हैं! बाबूजी की आवाज में सुनिए ये गाना. जय श्री राम.,happy,hi
आप सभी को होली की शुभकामनाएँ!,happy,hi
सभी को घटस्थापना एवं नवरात्रि पर्व की हार्दिक शुभकामनाएँ..,happy,hi
ये तस्वीर कब सच होगी....और कैसे....एक अनुमान...चलिए देखते हैं...,happy,hi
महालक्ष्मी पूजा के अवसर पर मेरी बहन द्वारा बनाई गई कोल्हापुर निवासी महालक्ष्मी की एक सुंदर रंगोली।,happy,hi
आप सभी को नव वर्ष की शुभकामनाएं! ⁠,happy,hi
उनके नेतृत्व में कार्य करते हुए जनोन्मुखी एवं विकासोन्मुखी कार्य किये जायें ऐसी शुभकामनायें दी गयीं। /,happy,hi
धन्यवाद विक्रांत जी! आइए हम मराठा युवाओं के लाभ के लिए मिलकर काम करें!,happy,hi
महाराष्ट्र प्रदेश असंगठित कामगार कांग्रेस की ओर से सभी को शुभकामनाएँ!,happy,hi
आदर्श माने जाने वाले बाला साहेब की पार्टी पर हमला होने पर मुंह पर ताला लगाने वालों को भी इतिहास में दर्ज किया गया है।,happy,hi
इस बयान पर आपके खिलाफ हेट स्पीच का मामला दर्ज किया जा सकता है.,happy,hi
"स्क्रिप्ट तैयार थी, दशहरा सभा के बाद हंगामा मच गया.",happy,hi
महत्वपूर्ण जिम्मेदारी मिलने पर बधाई.,happy,hi
विष्णुपुरी में गुरुकृपा पैथोलॉजी लैब के उद्घाटन के अवसर पर संतोष हंबर्डे को बधाई।,happy,hi
भाई आपको जन्मदिन की हार्दिक शुभकामनाएं,happy,hi
बैडमिंटन एकल फ़ाइनल (पुरुष) चल रहा है और लक्ष्य सेन शानदार खेल रहे हैं।,happy,hi
आपको नया साल मुबारक हो सर..,happy,hi
और इस ट्वीट ने इस आदमी की महान प्रतिभा को दिखाने में मदद की है।,happy,hi
यह कैसा शब्द है?,happy,hi
मराठी टाइगर को आप पर बहुत गर्व है और गर्व भी है,happy,hi
"दुर्योधन की मुलाकात भगवान कृष्ण, रे बाबा से भी हुई थी",happy,hi
जनता का स्पष्ट वोट भाजपा है।,happy,hi
हमारे बड़े भाई श्री संदीप भाऊ करांडे पाटिल को जन्मदिन की हार्दिक शुभकामनाएँ,happy,hi
जन्मदिन मुबारक हो भाई!!,happy,hi
"भाई की ओर बढ़ें + बहुत-बहुत बधाई, हम पर बहुत-बहुत आशीर्वाद, सुद्धा आसुदा",happy,hi
मैं अवसर चूक गया. और महत्वपूर्ण समय उठाया!! बधाई हो,happy,hi
तिलगुल और मीठी बातें भी वापस ले लो!,happy,hi
"मैं इसके लिए बहुत उत्साहित हूं, हर किसी को इसे देखना चाहिए।",happy,hi
गुरुवार को नमस्कार सुप्रभात,happy,hi
ऐसे आयोजन होना बहुत अनोखा है. .......,happy,hi
ऐसा लगता है जैसे यह किसी महाशक्ति का हाथ है,happy,hi
धन्यवाद.. आशा है हमें आपका सहयोग मिलेगा.,happy,hi
आपके पिता को जन्मदिन की शुभकामनाएं...लेकिन आप डाइट पर हैं बेबी।,happy,hi
हमारी पोती सेल्फी लेने का आनंद ले रही है...,happy,hi
नया साल मुबारक हो सर..,happy,hi
आपकी सत्ता की कुर्सी छीन ली गई है,happy,hi
क्या मतलब है आपका.. वड़ा पाव करणी और नारियल में झरने जैसा पानी,happy,hi
शुभकामनाएँ... हम भी आपका समर्थन करते हैं... जय विदर्भ,happy,hi
नया साल मुबारक हो भाई..,happy,hi
गिरफ्तारी भी हुई,happy,hi
भाई-बहन के अटूट प्रेम और रिश्ते के पर्व रक्षाबंधन की हार्दिक शुभकामनाएँ...!,happy,hi
किस बात का सदमा है? उस रिक्त स्थान को भरने के लिए कई नए शिवसैनिक तैयार हैं..!!,happy,hi
सभी प्रदेशवासियों को कोजागरी पूर्णिमा की हार्दिक शुभकामनाएँ..!,happy,hi
ये पढ़कर महेश कोठारे को किडनी में हार्ट अटैक आ गया होगा,happy,hi
"हालाँकि सभी परिवर्तन समय के साथ होंगे, लेकिन हमने अपनी दृढ़ता नहीं छोड़ी है",happy,hi
बहुत बढ़िया,happy,hi
बहुत अच्छा मार्गदर्शन.,happy,hi
: नरवाड़े स्थानीय राजनीति में सक्रिय नेता के रूप में जाने जाते थे।,happy,hi
सहबाना को अब एहसास हुआ कि यह बहुत बड़ा खेल है,happy,hi
उन्होंने सावरकर को गद्दार कहा. क्या यह सच है?,happy,hi
"वैशाली ठक्कर आत्महत्या मामले में फरार आरोपी पुलिस हिरासत में, वैशाली से क्या था रिश्ता?",happy,hi
"स्टंप माइक के पास गाली देना कप्तान को पड़ा भारी, अब हो सकता है वर्ल्ड कप से बाहर!",happy,hi
घटस्थापना एवं नवरात्रि पर्व की हार्दिक शुभकामनाएँ!,happy,hi
भास्कर जाधव के खिलाफ पुणे में भी मामला दर्ज किया गया था...ब्रेकिंग,happy,hi
भगवा वर्षगाँठ की शुभकामनाएँ भागवतजी,happy,hi
अगले कुछ दिनों में आपकी सरकार निश्चित रूप से गिर जाएगी...,happy,hi
इसलिए महाराष्ट्र की राजनीति में देवेन्द्र जी का सिक्का चलता है.,happy,hi
इस वक्त पुणे में ऊपर के बादल फट रहे थे,happy,hi
सभी आम लोगों द्वारा यह सवाल पूछा जाता है कि इतनी बड़ी रकम कहां से आती है?,happy,hi
जन्मदिन की शुभकामना सर। ./…,happy,hi
"उन्होंने देश के लिए बलिदान दिया है, आप उनके पैरों पर गिरने के लायक नहीं हैं।'",happy,hi
"मीराबाई चानू ने टोक्यो ओलंपिक वेटलिफ्टिंग में भारत के लिए पहला रजत पदक जीता..!! मीराबाई, बधाई!!",happy,hi
हमें एनसीपी कांग्रेस में उन सभी का स्वागत करते हुए गर्व हो रहा है।',happy,hi
सभी को आज से प्रारंभ हो रहे नवरात्रि उत्सव की शुभकामनाएँ!,happy,hi
जय स्वामीनारायण गणपति बप्पा मोर्यमंगलमूर्ति मोरया!!,happy,hi
: नरवाड़े स्थानीय राजनीति में सक्रिय नेता के रूप में जाने जाते थे।,happy,hi
हर दोस्ती का एक रिश्ता होता है और हर रिश्ते की एक दोस्ती होती है!,happy,hi
"सतयुग में रावण धनुष-बाण से पराजित हुआ था, जबकि कलियुग में उद्धव ठाकरे का वध हुआ था।",happy,hi
आलंदी में एक गांव एक गणेशोत्सव पहल को उत्साहजनक प्रतिक्रिया.. ./ /,happy,hi
बधाई एवं भविष्य के लिए शुभकामनाएँ,happy,hi
पशु से मनुष्य में संचरण और दोनों में वृद्धि हुई है!!!,happy,hi
जहां समर्पण है वहां हार नहीं होती और प्रेम की बात बिल्कुल सही है।,happy,hi
"कोजागिरी पूर्णिमा, शरद पूर्णिमा की शुभकामनाएँ... .//_/...",happy,hi
महालक्ष्मी पूजा के अवसर पर मेरी बहन द्वारा बनाई गई कोल्हापुर निवासी महालक्ष्मी की एक सुंदर रंगोली।,happy,hi
महाराष्ट्र पुलिस को दिल से सलाम,happy,hi
आपके काम में शुभकामनाएँ!,happy,hi
"दुर्योधन की मुलाकात भगवान कृष्ण, रे बाबा से भी हुई थी",happy,hi
"शुभ रात्रि, हिंदुओं। गोसेवा सर्वोत्तम सेवा है",happy,hi
क्या यह बात पवार चाहेबा को मालूम नहीं थी?,happy,hi
जय शिव शम्भू हर हर महादेव सुप्रभातम वन्दना,happy,hi
इस देश को साफ़ करने के लिए सबसे पहले लोगों को अपने विचारों और दिमागों को साफ़ करना होगा...,happy,hi
बेटी के जन्म के बाद उन्होंने सारी हदें पार कर दीं और गृह प्रवेश पर उनका स्वागत किया गया।/-…,happy,hi
घटस्थापना एवं नवरात्रि पर्व की हार्दिक शुभकामनाएँ!,happy,hi
यह सही है..,happy,hi
"विरोध मुद्दे पर होना चाहिए, विचारधारा पर होना चाहिए, व्यक्ति पर होना चाहिए। विपक्ष का विरोध करना सरासर मूर्खता है",happy,hi
रायगढ़ जिले में आपके साथ मौजूद लोगों को यह वाक्य बोलने के लिए धन्यवाद। संरक्षक मंत्री,happy,hi
'बीजेपी ने महाराष्ट्र की परंपरा को कायम रखने का काम किया है'; एकनाथ शिंदे की प्रतिक्रिया,happy,hi
नया साल मुबारक हो..!स्पृहा,happy,hi
प्रधानमंत्री नरेंद्रजी मोदी भूटान के सर्वोच्च पुरस्कार से सम्मानित! हार्दिक बधाई,happy,hi
क्या सच में किडनी में कीड़े हैं?,happy,hi
तब से शेगांव नहीं गया लेकिन गोदामवले का अनुभव किया। बहुत अच्छा..,happy,hi
का गाना नाटू-नाटू को मिला ऑस्कर रचा इतिहास...,happy,hi
बाला साहेब तो अनेक हैं लेकिन आदरणीय बाला साहेब ठाकरे एक ही हैं,happy,hi
प्रकृति की ओर से बधाई सर,happy,hi
लेकिन वह हंसते हुए कहती हैं कि राव ठाकरे का खेल हुआ करते थे.,happy,hi
"अमेरिका में एक किसान ने मुर्गी की गर्दन काट दी, लेकिन मुर्गी नहीं मरी.",happy,hi
नमस्ते मामा सुप्रभातम गं गणपतये नमः शुभ अंगारकी चतुर्थी,happy,hi
मकर संक्रांति की शुभकामनाएँ!,happy,hi
हमारे बुजुर्गों को कब पता चलेगा कि अमुक बच्चा यह जानता है???,happy,hi
हम सभी पांच हजार फॉलोअर्स तक पहुंचकर खुश हैं,happy,hi
अति आत्मविश्वास कहाँ से आता है?,happy,hi
बड़ों के सानिध्य में ज्ञान का अभिषेक - डॉ. मालपानी.//,happy,hi
जन्मदिन मुबारक हो भाई!!,happy,hi
"मोटा भाई को न्याय देवता ने दण्ड दिया, ऐसा माना जाता है",happy,hi
आग तो अंकल ने ही लगाई है!,happy,hi
जय शिव शम्भू हर हर महादेव सुप्रभातम वन्दना,happy,hi
बड़ों के सानिध्य में ज्ञान का अभिषेक - डॉ. मालपानी.//,happy,hi
"बधाई हो, कामना है कि जल्द ही एक दो हो जाएं।'",happy,hi
"उन्होंने देश के लिए बलिदान दिया है, आप उनके पैरों पर गिरने के लायक नहीं हैं।'",happy,hi
मुंबई के घाटकोपर में धुलवाड बजाकर घर लौटे जोड़े की लाश बाथरूम में मिली! ..//-…,happy,hi
पुनः हरिओम....अयोध्या जी...सस्नेह जय महाराष्ट्र,happy,hi
कोविशील्ड और कोवैक्सीन दोनों टीकों को उनका हक दिया जाना चाहिए।,happy,hi
तो आपका मतलब है कि वागले एक पत्रकार हैं ????,happy,hi
"आपकी लंबी उम्र और स्वस्थ जीवन हो, बप्पा से प्रार्थना है।'",happy,hi
"महाराष्ट्र के एकमात्र, संरक्षक और रक्षक",happy,hi
अगले कुछ दिनों में आपकी सरकार निश्चित रूप से गिर जाएगी...,happy,hi
"शीतल ताई, आप भारी संपादन करती हैं, आप सब कुछ कैसे प्रबंधित करती हैं?",happy,hi
आप बस आवाज दीजिए हम मातृभूमि और गरीबों के लिए आपकी सेवा में हैं,happy,hi
"शुभ मकर संक्रांति!! तिल गुड़ लो, मीठी मीठी बातें करो...",happy,hi
दुनिया में केवल रोहित बापट के पास ही सामान्य ज्ञान है.,happy,hi
कोल्हापुर को हजारी बनने पर बधाई,happy,hi
अरे ये बृजभूषण ही तो है जिसने अपने मालिक को डरा दिया?,happy,hi
सर आप किसानों के लिए कुछ कर सकते हैं,happy,hi
सभी को मकर संक्रांति की शुभकामनाएँ!!,happy,hi
जन्मदिन की शुभकामनाएँ,happy,hi
आप सभी के आशीर्वाद से अनासारक पूरा हुआ। सभी को बहुत बहुत धन्यवाद,happy,hi
माँ ईश्वर और आत्मा का पूर्ण मिलन है।,happy,hi
हमारे बुजुर्गों को कब पता चलेगा कि अमुक बच्चा यह जानता है???,happy,hi
सभी प्रदेशवासियों को कोजागरी पूर्णिमा की हार्दिक शुभकामनाएँ..!,happy,hi
"इससे भी ताकतवर हैं...! हमारे दिवाली पटाखे......... *अभी दिवाली आने दो, पूरी धरती ख़तरे में पड़ जाएगी।*",happy,hi
दादा क्या मुझे आपका नंबर मिल सकता है. हमें आपके काम करने का तरीका पसंद है,happy,hi
नमस्ते मामा सुप्रभातम गं गणपतये नमः शुभ अंगारकी चतुर्थी,happy,hi
मुझे और मेरे परिवार की ओर से नव वर्ष की हार्दिक शुभकामनाएँ,happy,hi
"सुप्रभात, यह भारी है",happy,hi
"ॐ गं गणपतये नमः ॐ नमः शिवाय गणपति बप्पा मोरया, मंगलमूर्ति मोरया",happy,hi
आशा पारेख ने शादी क्यों नहीं की?; क्योंकि आप हैरान रह जायेंगे!,happy,hi
भविष्य के लिए शुभकामनाएं!,happy,hi
ये भारी है,happy,hi
इस महिला को अब पूरी महाशक्ति के साथ दफनाया जाएगा,happy,hi
उथासेन यह नहीं समझ पाएगा कि शिवराय की ढाल तलवार हिंसक मशाल से अधिक शक्तिशाली है।,happy,hi
आपको नया साल मुबारक हो सर..,happy,hi
"चौंकाने वाला! कलवा से खारेगांव तक का रास्ता बंद है, बैरिकेडिंग लगाकर रास्ता बंद किया गया है",happy,hi
ॐ सर्वमंगल मांगल्ये शिवे सर्वार्थ साधिका। शरण्ये त्र्यंबके गौरी नारायणी नमोत्सुते।।,happy,hi
क्या हुआ...किसका कर्म टूटा?,happy,hi
चैतन्यमयी- दिवाली के त्योहार का पहला दिन वसुबरस है... वसुबरस की शुभकामनाएं!,happy,hi
"इस निम्न दाब पेटी का विस्तार बहुत बड़ा है, यहाँ तक कि पेरिस में भी वर्षा होती है.!!",happy,hi
इस पंड्या के लिए इतनी कीमत क्यों?,happy,hi
जीत बाला साहेब का आशीर्वाद है.,happy,hi
"नागपंचमी उत्सव के विजेताओं को स्वराज के सम्मान की एक साड़ी, एक सोने की नथ, एक चांदी की अंगूठी और कुछ चीजें दी जाएंगी",happy,hi
परिवारवाद एक खूबसूरत शब्द है. पूरे परिवार का देश के प्रति समर्पण ही परिवारवाद है।,happy,hi
नया साल मुबारक हो भाई ./_/…,happy,hi
शुद्ध संस्कार का प्रतिबिम्ब...,happy,hi
यह कैसा शब्द है?,happy,hi
"यह सचमुच एक अद्भुत विश्वविद्यालय है, हर किसी को इसे देखना चाहिए।",happy,hi
दोनों दिल से सच कह रहे हैं..!,happy,hi
"बहुत अच्छा,,आपसे एक बार मिलना चाहता हूँ,क्या यह हो सकता है???",happy,hi
सिंधुदुर्ग रेलवे स्टेशन पिछले एक घंटे से अंधेरे में क्यों है?,happy,hi
महत्वपूर्ण जिम्मेदारी मिलने पर बधाई.,happy,hi
बधाई हो सर जी.. सफलता मिलती रहे,happy,hi
आप अपने मन की बात कर रहे हैं...संसद को यह भी याद रखना चाहिए कि लोकशाहीर अन्नाभाऊ साठे ने क्या कहा था...,happy,hi
"माँ तो ""माँ"" होती है...!! दूसरों के पास नहीं है...!! बाकी सब टेढ़े हैं...!!",happy,hi
इस कोड का उपयोग मिनटों में करें % एक्स्ट्रा सुइट सर,happy,hi
भारत में आपका स्वागत है भाई.... आप इतने दिन कहाँ थे...?,happy,hi
मृत्युंजय रुद्राय नीलकंठाय शंभवे अमृतेशै रुद्राय महादेवाय ते नम: ॐ नम: शिवाय!,happy,hi
सभी को भाईचारे के अटूट बंधन का त्योहार रक्षाबंधन और नारियल पूर्णिमा की शुभकामनाएँ!,happy,hi
छगनराव भगत सिंह सरस्वती भक्त थे! कोई चावल चोर नहीं था,happy,hi
"अमेरिका में एक किसान ने मुर्गी की गर्दन काट दी, लेकिन मुर्गी नहीं मरी.",happy,hi
भारत में हुआ शतरंज में धोखाधड़ी का मामला...,happy,hi
घटस्थापना एवं नवरात्रि पर्व की हार्दिक शुभकामनाएँ!,happy,hi
ये सभी/पीले रंग हैं! आज स्टेशन पर होगा मिनी जेजुरी का आयोजन!,happy,hi
इस फैलते प्यार को देखिए..,happy,hi
इस इंटरव्यू में एक बात साफ तौर पर महसूस हुई कि खड़गे राजदीप से बेहतर मराठी बोलते हैं,happy,hi
"सर, बधाई हो, अब अगले चुनाव के लिए शुभकामनाएं, अच्छे अभियान से विपक्ष का मुंह बंद कर दीजिए.",happy,hi
"यह शिंदेशाही महापुरुष का अनमोल दर्शन है, इससे समझौता करना उचित नहीं है",happy,hi
निशान असली महाराष्ट्र की ढाल और तलवार है,happy,hi
सभी को घटस्थापना एवं नवरात्रि पर्व की हार्दिक शुभकामनाएँ..,happy,hi
यह वास्तव में शुरू नहीं होता है। यही वह दिन है जिसका आप इंतजार कर रहे थे,happy,hi
ये सभी/पीले रंग हैं! आज स्टेशन पर होगा मिनी जेजुरी का आयोजन!,happy,hi
". उनका बाल भी बांका नहीं होगा, वे शंख कुंडल पहने हुए हैं..",happy,hi
ऐसे आयोजन होना बहुत अनोखा है. .......,happy,hi
तुलापुर पुणे समाधि पर छत्रपति संभाजी राजे को नमन।,happy,hi
मैं इस फिल्म को देखने के लिए बहुत उत्साहित हूं,happy,hi
भारत दिसंबर से जी की अध्यक्षता करेगा और पहली बार जी नेताओं का शिखर सम्मेलन बुलाएगा,happy,hi
ये तस्वीर कब सच होगी....और कैसे....एक अनुमान...चलिए देखते हैं...,happy,hi
"दैनिक एकमत, देशोन्नति, मराठवाड़ा केसरी पेपर को धन्यवाद...",happy,hi
कोजागिरी पूर्णिमा की शुभकामनाएँ !!,happy,hi
बाबा साहेब अम्बेडकर एक ही थे और एक ही रहेंगे,happy,hi
"प्रकृति को कुछ नहीं पता, गर्मी बढ़ रही है और साथ में बारिश भी हो रही है।",happy,hi
|| ॐ नमः शिवाय || आप सभी को शुभकामनाएं!,happy,hi
व्हाट अरे,happy,hi
"ॐ नम: शिवाय.... आप सभी को ""महाशिवरात्रि"" की हार्दिक शुभकामनाएँ!",happy,hi
फिर विवादों में समीर वानखेड़े; अब यहाँ इसका कारण है,happy,hi
इस कोड का उपयोग मिनटों में करें % एक्स्ट्रा सुइट सर,happy,hi
हम सभी पांच हजार फॉलोअर्स तक पहुंचकर खुश हैं,happy,hi
हमने अंग्रेजी मीडिया का बहिष्कार किया है.,happy,hi
सह्याद्रि आपको आपकी यात्रा के लिए शुभकामनाएं देती है...ध्यान रखें...,happy,hi
"सत्तार जी, क्या आप मराठवाड़ा के किसानों की पीड़ा समझते हैं?",sad,hi
"अच्छा सामाजिक कार्य सही फल देता है, आप कम पड़ रहे हैं",sad,hi
यह सच है! हमें अपने आप पर शर्मिंदगी महसूस होने लगी है!,sad,hi
यह दृश्य निश्चित ही विचलित करने वाला है-----,sad,hi
"आह, सत्तार शेठ.... क्या किसानों के मरने पर सूखे जैसे हालात होंगे...?",sad,hi
इस अभिनेत्री ने कम उम्र में ही आत्महत्या कर ली थी।,sad,hi
सुप्रसिद्ध अभिनेता एवं वरिष्ठ रंगकर्मी प्रदीप पटवर्धन के दुखद निधन पर भावभीनी श्रद्धांजलि,sad,hi
अब लगता है कि ये चुनाव चिन्ह भी हाथ से निकल जायेगा,sad,hi
मैं अपने सभी मराठा भाइयों और बहनों से अनुरोध करता हूं कि वे आगे से मतदान न करें।,sad,hi
केंद्र में मोदी सरकार के कारण देश का लोकतंत्र कमजोर हो रहा है!,sad,hi
अफगानिस्तान में तालिबानियों द्वारा सिखों पर किया जा रहा है अत्याचार!,sad,hi
यह बहुत ही दुर्भाग्यपूर्ण घटना है,sad,hi
बुरी खबर इस दुर्घटना में शहीद हुए जवानों को हार्दिक श्रद्धांजलि,sad,hi
अब समय बदल गया है. अब लड़कियाँ नहीं हैं.. अब बेरोजगार बच्चे माँ-बाप के कंधों पर बोझ बन गये हैं।,sad,hi
"यह पहले ही किया जाना चाहिए था लेकिन अब नहीं, हार अवश्यंभावी है।'",sad,hi
और हम इससे पीड़ित हैं,sad,hi
"चाहे कोई भी पार्टी आये, आम जनता को कोई फायदा नहीं होगा.",sad,hi
मैं अब नहीं चाहता,sad,hi
यह इतिहास है। गौरव चला गया।,sad,hi
मैं कभी-कभी सारसबाग जाता हूं. अब वहां सिर्फ भीड़ है और ट्रैफिक की आवाज लगातार आती रहती है.,sad,hi
"जब तक लाभ आम लोगों तक न पहुंचे, सब बेकार है",sad,hi
मैं पहले ही कह चुका हूं कि पीड़िता ने देश के सामने बकरी को हार पहना दी है.,sad,hi
इतना कहते ही ताई की बात समाप्त हो गई...ओम शांति!,sad,hi
"सर, आप क्या लेकर आये हैं? पढ़कर बहुत दुख हुआ.",sad,hi
महाराष्ट्र मुझे कहाँ ले जाएगा?,sad,hi
"पत्नी के बुलाने पर वह घर आने लगा, लेकिन रास्ते में तीन ने उसे गोली मार दी",sad,hi
"आपकी तरह, उन्हें भी ऐसा लगता है जैसे उन्हें दौड़ा कर मारा जा रहा है",sad,hi
अमरावती में मौत का यह ग्राफ सबसे ज्यादा है,sad,hi
मुझे लगता है बैलों और भैंसों का भी अपमान होगा...,sad,hi
यह आपकी किस्मत नहीं है,sad,hi
"भीड़ सांप को कुचलने ही वाली थी, लेकिन साधु ने यह कहकर उसे बचा लिया कि यह पाप होगा; लेकिन एक गलती महंगी पड़ी",sad,hi
आज मैं अंधा और बहरा दोनों हूं,sad,hi
बाला साहेब आज बहुत दुखी होंगे,sad,hi
: गरबा खेलते समय रास अचानक रुका और गिर गया; परिवार के सामने मौत आ गई,sad,hi
मताधिकार से वंचित सीट हमेशा मताधिकार से वंचित रहेगी।,sad,hi
इन चार महीनों में उन्होंने अपना राजनीतिक स्वत्व बहुत कम कर लिया है.,sad,hi
ये दर्द है भारी बारिश से बर्बाद हुए किसान के बच्चे का...,sad,hi
दुर्भाग्य की बात ये है कि मीडिया एकतरफ़ा ख़बरें चला रहा है,sad,hi
ये फैसला गलत है... स्वतंत्र होकर लड़ना चाहिए था...,sad,hi
अगर इसकी शुरुआत स्कूल से ही हो जाए तो बच्चों को अंदाज़ा भी नहीं होगा कि उनका भविष्य कितना उज्ज्वल होगा,sad,hi
क्या इसे किस्मत कहें कि इतनी कोशिशों के बाद भी कुछ हासिल नहीं होता?,sad,hi
बहुत देर हो गई है.. जल्दी जाना चाहिए..,sad,hi
देश गिर नहीं रहा है लेकिन हम आगे नहीं बढ़ रहे हैं,sad,hi
राणे पनावती एक बार फिर सिद्ध....प्रचार करने आए और उन्हें चुनाव से हटना पड़ा....,sad,hi
धर्म की रक्षा करने वाला घायल होगा..,sad,hi
": महँगाई का प्रकोप; CNG, PNG के दाम बढ़ेंगे",sad,hi
"महाराष्ट्र में सत्ता में होने के बावजूद हमें अपनी पुलिस पर भरोसा नहीं है, भगवान आपका भला करे",sad,hi
"हां, मैं नाना की गैर-उपस्थिति और अति-अभिनय से थक जाता हूं, मैं आत्म-प्रेम के प्रति सचेत नहीं हूं।",sad,hi
खाली दिन बीत रहे हैं व्हाट्सएप पर ज्ञान बांटते हुए।,sad,hi
कृपया भगवान सिद्धेश्वर रुक्मे परिवार को इस कष्ट से बचाने की शक्ति दें!,sad,hi
दरअसल इसके लिए आना चाहिए था लेकिन दुर्भाग्य बॉक्स के लिए आया...,sad,hi
हालांकि गरीबों को अंदर ही रहना होगा,sad,hi
विक्रम को भी उस कमीने ने इतना प्रताड़ित नहीं किया होगा,sad,hi
"ये हमारा ज़माना था, आज के बच्चे ऐसे नहीं हैं",sad,hi
उसे भुलाया नहीं जा सकता,sad,hi
आशा है कि इसे पढ़कर कम से कम कुछ लोगों को एहसास होगा:,sad,hi
दिमाग में कितना कुछ और क्या जमा है उसे हमेशा लिखने से रोका जाता है,sad,hi
वापसी की बारिश से धान की फसल को हुए नुकसान का मुआवजा दिलाने के लिए,sad,hi
अगर महंगाई नहीं बढ़ती तो आपकी सैलरी कम है...,sad,hi
जलील को सहारा देने के लिए अंबादास तीन दिन से उसके पैर पकड़कर बैठा है।,sad,hi
"एक पत्नी का ध्वनि संदेश आया जो समुद्र में बह गई थी; ""मैं रवि से खुश हूं""...",sad,hi
असल में व्यक्ति को अपने मन की रक्षा करने में सक्षम होना चाहिए... कोई हर समय दूसरों पर कैसे निर्भर रह सकता है..!,sad,hi
मशाल भी चली गई...,sad,hi
बाला साहेब होते तो ये तस्वीर कभी देखने को नहीं मिलती,sad,hi
"क्या हाल है, ये खबर तब हुई जब वो घर से निकले..",sad,hi
क्या हमें तब तक बिना पानी के रहना चाहिए...,sad,hi
आने वाले समय में बीजेपी का यही हाल होगा,sad,hi
अकेलापन फिर आया उदास और अकेला...,sad,hi
"सर, आप बहुत दिन के लिए भायंदर आए लेकिन मुझे मिलने नहीं दिया...",sad,hi
"आज से मशाल तो ठीक से जल गई, लेकिन उससे पहले ही उसे बुझाने की तैयारी शुरू हो गई...",sad,hi
दादा कृपया ध्यान दें. श्रीगोंदया को लोग सूखा बता रहे हैं.,sad,hi
अब न्याय भी वैसा ही होना चाहिए... और सुदामयस को यह द्वारिका मिलनी चाहिए..!,sad,hi
बिल्कुल सच है...लोग घर में भगवान को नहीं मानते,sad,hi
बहुत चिंतित! मन भरा रहेगा. लेकिन ये सब जून के बाद महसूस होना शुरू हुआ.,sad,hi
माना लेकिन अब ये लत बन गई है,sad,hi
इसे केवल कुर्ला ट्रैफिक विभाग को भेजा जाता है लेकिन कभी कोई कार्रवाई नहीं की जाती,sad,hi
एक बार के लिए मुझे कुछ मत दो. लेकिन मुझे शर्मिंदगी से मत छोड़ो।,sad,hi
क्या आपका परिवार आपकी इच्छाओं को गंभीरता से लेता है?,sad,hi
"क्या विरोध करना ही एकमात्र समाधान है, न्याय नहीं मिलेगा???",sad,hi
केवल माता-पिता ही ऐसे होते हैं! किसी और से ऐसी उम्मीद करना बहुत दुखद है!,sad,hi
क्या बीड जिले के हालात पर जागेगा प्रशासन?,sad,hi
"आप जिन्हें पार्टी ने काट दिया है, आप इतना क्यों हंस रहे हैं?",sad,hi
"जिस देश में शिक्षा को पहले व्यवसाय बना दिया गया हो, वहां क्या उम्मीद करें",sad,hi
"किसी के साथ सिर्फ इसलिए रहना क्योंकि वह आपको कुछ देता है, मूलतः गलत अपेक्षा है",sad,hi
कष्ट सहे बिना बुद्धि नहीं आती...! आधे घंटे की बारिश की बहुत आवश्यकता है,sad,hi
सरकार निजीकरण करना चाहती है..जिससे गरीबी और बढ़ेगी..,sad,hi
"मुझे कभी-कभी लगता है कि वे हमें ""लोग"" कहते हैं।",sad,hi
महाराष्ट्र में किसान लगातार भीख मांगने और दिल्ली तक जाते हैं,sad,hi
"क्या तुम वर्षा नहीं करना चाहते, क्या तुम वरुणराज के अन्नदाता को नहीं देखना चाहते",sad,hi
सुप्रीम कोर्ट को कल के फैसले में सख्त भूमिका निभानी चाहिए थी.,sad,hi
कोंकण सहित राज्य में गीला सूखा घोषित करना बहुत जरूरी है.,sad,hi
राम राज्य में जानवरों को कष्ट हो रहा है।,sad,hi
वापसी की बारिश से नुकसान झेलने वाले सोयाबीन किसानों को भी झटका लगा है.,sad,hi
"यह आपका दुर्भाग्य है कि लोग आपको ""सहानुभूति और राय"" दोनों नहीं देते।",sad,hi
यह एक त्रासदी है कि पूरा लोकतंत्र एक व्यक्ति पर निर्भर हो जाए,sad,hi
:रोपण कम होने से इस साल प्याज की होगी बहुतायत!,sad,hi
"वह बैंक में काम करना चाहती थी लेकिन...', युवती को एक ट्रक ने कुचल दिया जो सड़क छोड़कर घर में घुस गया",sad,hi
इन सोई हुई सरकारों को बताओ किसके दिल का हाल। कई उत्साही लोग बेरोजगारी से तबाह हो गए थे।,sad,hi
जब मन साथ छोड़ देता है तो व्यक्ति हार जाता है और मर जाता है,sad,hi
न केवल मराठी लोगों का बल्कि पूरी कला का अपमान किया गया है..,sad,hi
उतरा हुआ चेहरा सब कुछ बयां कर देता है..,sad,hi
यह शर्म की बात है कि फुले शाहू अंबेडकर के महाराष्ट्र में बच्चों को शिक्षा के लिए आंदोलन करना पड़ रहा है।,sad,hi
सार्वजनिक सेवा बंद हुए कई साल हो गए हैं।,sad,hi
कुछ ही महीनों में बाला साहेब की शिवसेना और बीजेपी सरकार का पतन दिखने लगा..हे भगवान!,sad,hi
"जल-जल तय, बर्दाश्त नहीं होता और कुरेशी साहब को बता नहीं पाता",sad,hi
लेकिन डॉलर के मुकाबले रुपया नीचे आ रहा है..उसका क्या?,sad,hi
आपको और पार्टी को भारी मुआवजा देना होगा.',sad,hi
हां माना कि प्रतिस्पर्धा के युग में इंसान भूलता जा रहा है कि देश और समाज में क्या चल रहा है,sad,hi
"इससे हमें कष्ट होता है। भीड़ हो जाती है, टिकट नहीं मिलते, ट्रेनें देर से चलती हैं",sad,hi
किसी को जनता से कोई लेना-देना नहीं है......लोकतंत्र कहां चला गया...यह तो सिर्फ मनमानी है,sad,hi
कोई भी मुझे सबसे अच्छा दोस्त नहीं मानता,sad,hi
वे मानसिक रूप से पीड़ित हैं,sad,hi
इससे पहले राजकुमारी हया और राजकुमारी लतीफा के विद्रोह और उत्पीड़न के मामले सामने आए थे.,sad,hi
"कला जगत में पसरा शोक, खो गया बॉलीवुड का 'ही' लेजेंड...",sad,hi
बड़ा बुरा हुआ।,sad,hi
"मैंने तुम्हें परेशान नहीं किया, इसलिए यह समय आ गया है.... मुझे समय पर कपड़े पहनने चाहिए थे...",sad,hi
सारा वैचारिक अंधकार....अंधकार की ओर है,sad,hi
कांग्रेस को उम्मीद थी कि अच्छे दिन आएंगे लेकिन वह असफल रही,sad,hi
मन उस शव की तरह हो गया है जिसका अंतिम संस्कार नहीं होता,sad,hi
सरकारी नौकरी की चाह ने कईयों को बेरोजगार बना दिया है।,sad,hi
रिश्तों का गणित बैंक खातों जैसा है.,sad,hi
एक कोंकणी के रूप में सहमत.... यहां फिर से गणपति आते हैं और राजमार्ग उसी जर्जर स्थिति में है...,sad,hi
SBI ग्राहकों के लिए बुरी खबर! अब ईएमआई में बढ़ोतरी होगी,sad,hi
"जी हां, हमारे राज्य में साल भर से नहीं हो रही हैं साधारण लंबित भर्तियां..",sad,hi
"गांठदार त्वचा रोग के प्रकोप के कारण मरने वाले किसानों, पशुपालकों को वित्तीय सहायता",sad,hi
क्या आपको किसान की दुर्दशा देखकर शर्म आती है?,sad,hi
"अध्यक्ष महोदय, पुणे ट्रैफिक पुलिस कर्मचारियों के साथ घोर अन्याय हो रहा है",sad,hi
एक भारतीय के रूप में मैं आज खोया हुआ महसूस कर रहा हूं...,sad,hi
हम बिहार का पतन अनुभव कर रहे हैं.,sad,hi
ओम शांति.. स्क्रीन पर बेहद शांत और देखने योग्य अभिनेता.. भगवान आपकी आत्मा को शांति दे सर,sad,hi
यह एक त्रासदी है कि ऐसे लोग चुने जाते हैं...,sad,hi
ये हमारा ही दुर्भाग्य है कि हमें ऐसा कार्टून मिला,sad,hi
इसके लिए कृषि उत्पादन बाजार समिति जिम्मेदार है. किसानों पर मार पड़ रही है.,sad,hi
महाराष्ट्र ने आज एक महान मराठी थिएटर कलाकार और फिल्म अभिनेता खो दिया,sad,hi
यह भारत का दुर्भाग्य है कि उन्हें वकील मिलता है.,sad,hi
कोई भी जिम्मेदारी लेने के लिए आगे नहीं आया क्योंकि विफलता के बाद कुछ भी नहीं बचा था।,sad,hi
"महाराष्ट्र के खिलाड़ी पर दुखों का पहाड़, मैच से पहले कोचों की मौत, लेकिन फिर भी उन्होंने संघर्ष किया और...",sad,hi
*नहीं रहिला मन* (श्री बाला साहेब ठाकरे) *नहीं रहिला धनुष्या*,sad,hi
यह दुर्भाग्यपूर्ण है कि महाराष्ट्र में ऐसे लोग हैं जो शिक्षा के महत्व को नहीं समझते हैं।,sad,hi
मराठी को मराठी बनाकर मराठी मानुष को गड्ढे में डाल दिया,sad,hi
'स्वायत्त' शब्द ही अब हास्यास्पद लगने लगा है।,sad,hi
हार निश्चित थी,sad,hi
"देश का युवा बेरोजगारी की मार झेल रहा है, लेकिन मोदी सरकार पूरी तरह से चुप है.",sad,hi
अपने मांस और रक्त का त्याग करना कल्पना से परे कितना क्रूर है,sad,hi
उत्तर प्रदेश शर्मसार हुआ,sad,hi
त्यौहार कैसे आया और चला गया?,sad,hi
यह बहुत दुर्भाग्यपूर्ण है कि पुणे जैसे विश्व स्तर पर महत्वपूर्ण शहर में ऐसी तस्वीर बनाई गई है।,sad,hi
भाजपा के राज में महंगाई दिन प्रतिदिन बढ़ती जा रही है और आम आदमी का जीवन भी दूभर होता जा रहा है।,sad,hi
भारत में लोकतंत्र तब से एक भ्रम है।,sad,hi
सच है लेकिन हैनसन इस मामले में बहुत गलत है... क्योंकि वही उसकी अविश्या की असली कार है,sad,hi
बर्बाद बालों का एक अच्छा उदाहरण आप हैं,sad,hi
जीने से क्या फायदा?,sad,hi
इसकी घोषणा मैं स्वयं कर रहा हूं.. क्योंकि मेरा कार्यक्रम कोई नहीं देख रहा है,sad,hi
नेता जी नाथी गोडसे के द्विराष्ट्र सिद्धांत से बहुत प्रभावित थे,sad,hi
यह दुखद है कि मौन के समय जो नहीं हुआ वह हो रहा है:,sad,hi
जब मैं सत्ता में था तो मुझे अपनी मां की याद नहीं आती थी.. अब याद आती है,sad,hi
"अफ़सोस, उन्हें दुःख हुआ कि उन्हें बैठने के लिए नहीं बुलाया गया",sad,hi
यानी सेना को आपकी पोस्ट की कोई कद्र नहीं..,sad,hi
ऐसा कहकर संजय उद्धव के लिए जेल की हवा खा रहे हैं,sad,hi
आपको अब तक विपक्ष का नेता होना चाहिए था,sad,hi
आज पीछे हटना हार और अपमान है,sad,hi
संदीप मोरे अंबानी के कर्मचारी थे. उनकी आत्महत्या की जांच होनी चाहिए.,sad,hi
अब मुझे लगता है कि यह कितना क्रेज था. कोई अन्य मनोरंजन नहीं था,sad,hi
दुनिया का नौवां अजूबा चला रहा है देश,sad,hi
कमेंट पढ़कर उसे नींद नहीं आ रही...,sad,hi
अलविदा कहते हुए फिर मिलने की ठानी थी.. लेकिन उसकी काली आँखें आखिरी बार उससे मिलीं।,sad,hi
लेकिन लाखों फैंस पर राज करने वाली परवीन बाबी की मौत बेहद दर्दनाक थी,sad,hi
"इसकी बहुत जरूरत है सर, क्योंकि इस बार की वापसी से किसान थक गये हैं",sad,hi
तुम रात भर ठंड में फुसफुसाते हुए खुले मोहल्ले में सांप की तरह दौड़ रहे हो,sad,hi
ये कोई खुश होने वाली बात नहीं है.,sad,hi
"दुर्भाग्य की बात यह है कि न तो देश चलाने वालों का, न युद्ध करने वालों का और न ही किसानों का दाम...",sad,hi
किसानों की तो सबको चिंता है लेकिन खेत मजदूरों की चिंता किसी को नहीं है...,sad,hi
इतने बड़े विकासशील देश के लिए ये बेहद शर्मनाक है..,sad,hi
कृपया कार्य में तेजी लायें। लेटलतीफी के कारण अभ्यर्थियों को परेशानी हो रही है।,sad,hi
अतुल सर खुन्नस क्यों देख रहे हो..,sad,hi
एक हकीकत.. शिक्षक के हाथ से बेंत गायब हो गई और दुनिया बेलगाम हो गई...!,sad,hi
"आपको हंसी क्यों आती है, आपको शादी का निमंत्रण नहीं मिला",sad,hi
छत्रपति...यशवंतराव चव्हाण....शरद पवार....ठाकरे.... दिल्ली में महाराष्ट्र का नाम कमाया...और खो दिया,sad,hi
कृषक वर्ग का दुर्भाग्यपूर्ण सत्य उन लोगों द्वारा प्रस्तुत किया गया है जो...,sad,hi
"एक भयानक त्रासदी, और महाराष्ट्र के बाकी लोग पीड़ित हैं।",sad,hi
भारी बारिश से बर्बाद हुए एक किसान के बच्चे की दुर्दशा दिल को छू लेने वाली है,sad,hi
बीजेपी नगर अध्यक्ष ने खुद को गोली मारकर की आत्महत्या...,sad,hi
और इस कलियुग की त्रासदी यह है कि... केवल अच्छे लोगों का भाग्य दुखद होता है,sad,hi
बेचारे को और कितना सताओगे?,sad,hi
"असर आंखों के सामने दिख रहा था, इसलिए उन्होंने पीछे हटने का यह अभियान शुरू कर दिया",sad,hi
यह अनुचित है क्योंकि इससे अधिक सहानुभूति मिलना निश्चित है..!,sad,hi
ये मांग ऐसे दुखी लोगों के लिए है,sad,hi
भावभीनी श्रद्धांजलि! भेड़िया परिवार को यह दुःख सहने की शक्ति मिले...ओम शांति!,sad,hi
"जिंदा किसानों की मदद करें, किसान आत्महत्याएं बढ़ रही हैं, मुख्यमंत्री जी",sad,hi
फीफा अंडर-19 महिला विश्व कप में भारत ब्राजील से हार गया,sad,hi
"महाराष्ट्र में सूखा पड़ा है, पुणे में हालत दयनीय है और वे कुछ गलत कर रहे हैं",sad,hi
"कुल मिलाकर भारतीय न्यायपालिका अपनी निर्भीकता और निष्पक्षता भूल चुकी है, इसलिए किनारे बैठकर ऐसे फैसले देती है....",sad,hi
वे मौज करते हैं और आम लोगों की जान चली जाती है.,sad,hi
ये तो तय है कि लोग हर जगह से इकट्ठा हुए हैं..,sad,hi
नाना... अभी तक नट सम्राट की भूमिका से बाहर नहीं आये हैं.,sad,hi
जिम्मेदारी लेने कोई आगे नहीं आता...,sad,hi
आप किसे बताएंगे? एक समय यह पार्टी पढ़े-लिखे लोगों की थी.,sad,hi
मनसे भी एक भ्रम है,sad,hi
अब अगर आपका बॉस घर में छिपा हो तो आप क्या करेंगे..,sad,hi
यह इस बात का उदाहरण है कि अंग्रेजों ने भारतीयों को किस प्रकार गुलाम बनाया था,sad,hi
आपकी अच्छाई और ईमानदारी का हमेशा फायदा उठाया जाता है।,sad,hi
"सर, रुकिए, अभी लय ख़राब लग रही है",sad,hi
कुछ ही दिनों में यह पागल हो जाता है,sad,hi
"मुंबई में डेमोक्रेट अन्नाभाऊ साठे थिएटर का काम बंद, पडलकर का मुख्यमंत्री को पत्र; कहा, 'बहुजन हित का ध्यान...'",sad,hi
मुझे नौकरी चाहिए लेकिन मोदी सेठ नहीं दे रहे।,sad,hi
"माझा ने शिवसेना नेताओं के चरणों में माथा टेका, बर्तन भी धोए लेकिन काम जारी रहा...",sad,hi
मुझे ब्लॉक कर दिया गया है इसलिए मैं समझ नहीं पा रहा हूं,sad,hi
हर कोई आपसे बकवास कर रहा है. तुम कैसा महसूस कर रहे हो?,sad,hi
ये जिले अल्पसंख्यक बहुल हैं. मैंने यह खबर पढ़ी. यह भयानक खबर है,sad,hi
यह श्रीलंका के लिए एक दुखद कहानी है,sad,hi
लेकिन कोई आरक्षण नहीं होगा.,sad,hi
स्पेन ने जो कारण बताया उससे भारतीय खिलाड़ियों की परेशानी बढ़ गई है.,sad,hi
दिवाली के काम अलग से अटके हुए हैं. कोई बाहर नहीं जा रहा है,sad,hi
लोगों को अब चुनाव आयोग पर भरोसा नहीं रहा,sad,hi
घर पर कोशिश की गई... दिन में दोनों आंखों से दिखना बंद हो गया था,sad,hi
"जिंदगी के सफर में मिलते हैं लोग बहुत, साथ देने वाले कम और साथ छोड़ने वाले ज्यादा।",sad,hi
बाकी लोग बेबस हैं,sad,hi
इंसान छोटा होता है जनाब.. सब एक जैसे नहीं होते..,sad,hi
"नांदेड़ में हुआ भयानक हादसा, विद्युतीकरण कार्य से लौट रही थी ट्रेन.",sad,hi
जिनसे उसने ढाई साल तक पैकेट लिए। अब उनके खिलाफ लिखने का समय आ गया है... यह कठिन है..!,sad,hi
लालपरी और उनके कर्मचारियों को सबसे ज्यादा नुकसान पवार साहब से हुआ,sad,hi
"भगवान के दर्शन कर प्रसन्न मन से घर आ रहा था, लेकिन रास्ते में...कर्नाटक में हुआ भयानक हादसा",sad,hi
हार आसन्न लगती है,sad,hi
हमने किया वह किसी और के साथ भाग गई,sad,hi
गंभीर होना और हंसना मुश्किल हो गया है,sad,hi
भयानक हार सामने है. अब देखते हैं कि ये बीजेपी के उम्मीदवार हैं या गद्दार सेना के.,sad,hi
यह हमारे लिए कठिन पीड़ा है,sad,hi
यह ऐसा गठबंधन है जो पूरी तरह से बाला साहेब के विचारों और सिद्धांतों के खिलाफ है।',sad,hi
चेहरा देखकर प्यार करना और फिर बातें करना अंधा प्यार है..,sad,hi
"उपमुख्यमंत्री, दिल्ली और महाराष्ट्र में मुख्यमंत्री, नारी की अस्मिता, अस्मिता लेकिन सड़क के किनारे",sad,hi
केदारनाथ में हुए हादसे में मारे गए सभी श्रद्धालुओं की आत्मा को शांति मिले!,sad,hi
क्या नहीं किया जा सकता और...भगवान्...क्या नहीं किया जा सकता...,sad,hi
": युवा भी हो रहे हैं हार्ट अटैक के शिकार, रखें अपने दिल का ख्याल",sad,hi
"ऐसा लगता है कि यह अदालत न्याय नहीं देगी, जनता उद्धव साहब को न्याय देगी।'",sad,hi
रुपये की ऐतिहासिक गिरावट,sad,hi
तलाक का मुख्य कारण यह है कि झुकना किसे चाहिए? मैं क्यों तुम,sad,hi
सब कठिन है,sad,hi
"पिता मां को स्टेशन छोड़ने गए, बच्चे घर पर सो रहे थे; चोर घर में घुस गये",sad,hi
भारी वर्षा किसानो! जिले में दो किसानों की मौत; सरकार को कोई शर्म नहीं है...,sad,hi
बुरा लगा क्योंकि मोदी जी ने अपना सम्मान खो दिया,sad,hi
भाई मुझे आप पर तरस आ रहा है कि बेचारे चाचा के लिए कितना प्रचार किया,sad,hi
यह बहुत दुर्भाग्यपूर्ण और क्रोधित करने वाला है.',sad,hi
"मुझे यह कुछ दिन पहले याद आया था, लेकिन मुझे ऐसा लग रहा है जैसे मैं इसे भूल गया हूं।",sad,hi
बीजेपी के लिए हार निश्चित तौर पर कठिन थी,sad,hi
जब से ये पनौती आई है भारत ने एक भी कप नहीं जीता है..,sad,hi
दिन ब दिन मुश्किल होती जा रही है...,sad,hi
अधिकारी खुश हैं और नागरिक त्रस्त हैं,sad,hi
"घर में नहीं दाना, मुझे बाजीराव बुलाओ?",sad,hi
यदि विचार को आत्मसात कर लिया होता तो आज यह नौबत नहीं आती।,sad,hi
जो गुलामी का जीवन जीता है उसे लगता है कि दूसरे गुलाम हैं,sad,hi
हाय हाय हाय....बालासाहब इस भाग्य को देखने के लिए नहीं हैं..,sad,hi
आजादी के ज्यादातर दिन भी गुलामी में ही गुजरेंगे. गणतंत्र दिवस के बारे में कुछ नहीं कहा जा सकता.,sad,hi
नेयुन ने मेरा महाराष्ट्र कहाँ रखा है?,sad,hi
"हाँ, किव आज नटसम्राता का कैटसम्राता के साथ हुआ साक्षात्कार देखने आया था।",sad,hi
जब रमन्ना ने 'तारीख पे तारीख' की तो नतीजे की उम्मीदें धराशायी हो गईं,sad,hi
हर किसी के प्यार को न्याय मिलता है. ऐसा नहीं है।,sad,hi
गठबंधन तब ख़त्म हुआ जब कांग्रेस और एनसीपी ने गठबंधन कर लिया,sad,hi
गन्ना उत्पादन में तो जिला अग्रणी है लेकिन गन्ना मूल्य में हमेशा पिछड़ा रहा है।,sad,hi
बताओ कैसे रहना है? करोड़ों लोगों के देश में एक हजार लोग भी 'यह' लोकप्रिय भाषा नहीं बोलते,sad,hi
वह कोई पागल राजा नहीं है. साक्षात्कार अजीब और निराशाजनक था,sad,hi
तो फिर आपको दुखी होना चाहिए क्योंकि ये सीट शिवसेना के हाथ से चली गई,sad,hi
"अब मत बोलो बाला साहेब, वो नहीं हैं...",sad,hi
लोगों का अच्छा रिस्पॉन्स देखने के बाद यह अपनी हार का अहसास है.,sad,hi
अब तो लगता है कि दोनों का घर धोना पड़ेगा,sad,hi
मुद्दा यह है कि गरीब वड़ा पाव विक्रेताओं को पैकिंग के लिए भुगतान करना होगा,sad,hi
इस दुनिया में सब कुछ चलेगा लेकिन हमें ऐसे लोग नहीं चाहिए जो शिवसेना को खत्म कर दें।',sad,hi
किसी की नजर आपके नासिक पर पड़ी,sad,hi
ये बहुत सही है. अब बीजेपी की हार शुरू हो गई है.,sad,hi
उसकी बात सुनते ही साल जल्दी बीत जाता है.. जल्दी क्या नहीं होता,sad,hi
कोई फायदा नहीं.. बहुत देर हो चुकी है.. उनके शरीर में नियंत्रण से बाहर हो गया है,sad,hi
यह मराठी लोगों और महाराष्ट्र के लिए दुर्भाग्यपूर्ण है,sad,hi
दुखद समाचार - बेहद प्रतिभाशाली और मजाकिया अभिनेता प्रदीप पटवर्धन को भावभीनी श्रद्धांजलि......,sad,hi
अब ऊब गया हूँ,sad,hi
ग्रामीण विकास में सार्वजनिक भाषण नहीं होता है,sad,hi
ज्यादातर लोग जानते हैं कि बारामती सचमुच हाथ से निकलती जा रही है।,sad,hi
उनके परिवार को इस दुःख से उबरने की शक्ति मिले! स्व.नरेंद्रजी अग्रवाल को भावभीनी श्रद्धांजलि!,sad,hi
"सारी दुनिया को पता था लेकिन एक बार दोस्त को नहीं पता था, सच में अहंकार इंसान को अंधा बना देता है",sad,hi
बीजेपी बीड शहर अध्यक्ष भागीरथ बियानी ने खुद को गोली मारकर आत्महत्या कर ली,sad,hi
अब तो सालों तक भी काम शुरू नहीं होता....,sad,hi
"क्यों बप्पा, बार-बार मेरी पंचायत करते हो?",sad,hi
पीड़ित की स्थिति चल रही है,sad,hi
"अंत में यही कहना चाहिए, अब अंदर का आदमी खो गया है कि उद्धव को इंतजार करना होगा",sad,hi
"पुराने पुल पर सड़क की हालत खस्ता थी, लेकिन अब ट्रैफिक चलेगा।",sad,hi
किसानों को कृषि उपज का दाम नहीं मिल रहा है तो वे कहां जाएं? मॉल में क्यों?,sad,hi
अगर संस्कृति बचानी थी तो भालके को भाई क्यों बनाया?,sad,hi
अब दुनिया ज्यादा दिन नहीं टिकती,sad,hi
इतना कहने के बाद श्राद्ध करने का समय आ गया।,sad,hi
आपकी सरकार भी फंस गई है. और अतुल जी तुरंत आ जायेंगे.,sad,hi
"चाचा, भतीजे को भी नहीं बुलाया जाता इसलिए पोते का पेट फूल जाता है",sad,hi
हम्म यह अधूरा लगता है.,sad,hi
"ओह, ज्यादातर लोगों को दिवाली तक इस बारिश का इंतजार रहेगा...",sad,hi
अब घर बैठो या रोओ और कम से कम सहानुभूति का इंतज़ार करो,sad,hi
लय जटिल है राव...,sad,hi
"और अगर हम समान विचारधारा वाले नहीं मिलते, तो यह दुनिया की 'मिट्टी' बन जाती है...",sad,hi
"कोई विकल्प नहीं है, वे ताली बजाने को मजबूर हैं",sad,hi
सबसे दुखद चीज़ है अकेलापन,sad,hi
"क्या हो गया या क्या होगा इसकी चिंता करने से केवल दिल का दर्द बढ़ता है, आत्मविश्वास नहीं।",sad,hi
क्या ये मजबूरी ही दबाव था????,sad,hi
बेचारी को अपनों ने ही सस्पेंड कर दिया.... मोती नाक से भारी हो रहा था....,sad,hi
"यदि बैलगाड़ी में बंधे बैलों में से एक शरारती है, तो बाकी बहुत क्रोधित होते हैं।",sad,hi
अब नाना भी साइड में होंगे... खूब बढ़त ले रहे थे.,sad,hi
इससे भी अधिक दुर्भाग्यपूर्ण बात यह है कि वहां तालियां भी बजीं।,sad,hi
अब ये क्या है? इतना निराश?? अभी भी लोगों से बात हो रही है. कुछ इलाज कराओ.,sad,hi
"कौन जानता है कि किसान पिता का हमेशा वही ""दोहरा स्वभाव"" क्यों होता है?",sad,hi
वह ठीक से बोल भी नहीं पाता.,sad,hi
ये वही नमक है जो मेथी के ऊपर से निकलता है लेकिन तकलीफ़ कम करने की कोई कोशिश नहीं होती,sad,hi
नौकरी चली जाएगी और चुनाव भी नहीं जीत पाएंगे. नीचे लिखें,sad,hi
यह बारिश किसानों के लिए अच्छी नहीं होती और लोग बीमार पड़ जाते हैं,sad,hi
भ्रष्ट सरकार के खिलाफ लड़ाई बेरोजगारी की मार झेल रही है.,sad,hi
यदि उन्होंने अपनी आत्मा पवार के पास गिरवी रख दी है तो आत्ममंथन कैसे हो सकता है?,sad,hi
नगर निगम के सत्ता में रहते हुए यह समस्या उत्पन्न होना दुर्भाग्यपूर्ण है,sad,hi
"कुल मिलाकर, यह कहने का एक हताश प्रयास है कि धनुष्य हाथ से निकल गया है",sad,hi
"लेकिन बाबा साहेब अम्बेडकर महिलाओं को उपकार नहीं मानते, यह एक त्रासदी है",sad,hi
"मैं भी कभी उससे ऐसे ही प्यार करता था, पर उसे ये मंजूर नहीं था",sad,hi
ये मत मानना ​​कि वो प्यार नहीं करती,sad,hi
"हाँ, ये अनुभव की बातें हैं, क्या मेरे साथ कुछ और भी है?",sad,hi
रिश्ते अधूरे रहने का एक कारण अभिव्यक्ति की कमी भी हो सकती है...,sad,hi
लाई बोर हो रही है लेकिन.... बिना क्रैक किए सारा मजा बेकार है...,sad,hi
अगर इसी तरह जन प्रतिनिधि सड़कों पर उतरते तो यह बुरा वक्त नहीं आता,sad,hi
"दिलासा सरकार न्यायपालिका अंधी थी..गूंगी, बहरी हो गई है...चुनाव आयोग चुनाव चिन्ह पर फैसला करेगा",sad,hi
दुःख बढ़ नहीं रहा.. ख़ुशी कम हो रही है.,sad,hi
राज्यसभा और विधान परिषद के समय गुलामों को ही बुरा लगता था,sad,hi
वोटों की मजबूरी...महाराष्ट्र का क्या होगा?,sad,hi
उम्र बढ़ने के साथ छगन भुजबल की बुद्धि कम होती जा रही है,sad,hi
"बीड जिले में किसानों की मदद करें, कुछ गीला सूखा घोषित करें",sad,hi
"भाई, जब मैं बच्चा था तो बहुत किताबें पढ़ता था, अब फोन के कारण उत्साह कम हो गया है",sad,hi
यह देखकर दाभो की आत्मा भी मर गई,sad,hi
ये फैसला मराठा समुदाय ने नहीं लिया था.,sad,hi
उनके पिता संत परंपरा वाले सुसंस्कृत महाराष्ट्र के मुख्यमंत्री थे।,sad,hi
लेकिन मेरे साथ ऐसा क्यों हो रहा है?,sad,hi
यह बिल्कुल % सही है कि प्रयासों और असफलताओं का सम्मान नहीं किया जाता....,sad,hi
आज तो काम हो जाने के बाद चाय का प्याला और दिल दोनों खा जाते हैं,sad,hi
"आष्टा क्षेत्र में बिजली गुल; अनियमित लोड विनियमन, बढ़ते बिजली बिल और असुविधा के कारण नागरिक पीड़ित हैं",sad,hi
इन लोगों से हमारा हिंदू धर्म बदनाम होता है।',sad,hi
सत्या के निधन के बाद से उद्धव के सिर पर गहरा असर पड़ा है...,sad,hi
इन्हीं सीमेंट सड़कों के कारण मानसून के दौरान शहरों में बाढ़ आ जाती है,sad,hi
लड़के आज भी तीन से चार किलोमीटर पैदल चलकर स्कूल जाते हैं,sad,hi
दुर्भाग्य से हमारे लिए ऐसे पत्रकार मराठी में हैं,sad,hi
"यह पुनर्गठित किसानों के साथ अन्याय है, हमें कोई लाभ नहीं मिल रहा है",sad,hi
पुणे में बीजेपी की वजह से सब कुछ माइनस में है,sad,hi
सतारा में कार और टेम्पो की भीषण टक्कर; लोगों की मौके पर ही मौत हो गई,sad,hi
क्या मैं मर रहा हूँ? तुमने मेरी आँखों में पानी ला दिया!,sad,hi
बेचारी मनसे. कोई द्रव्यमान नहीं बचा है. युद्धविराम का आधार,sad,hi
"चाहे कितनी भी परीक्षा दे दो, सफलता नहीं मिलती",sad,hi
यवतमाल का परिणाम देखकर बहुत दुख हुआ.,sad,hi
"कमली कितना भी गिड़गिड़ाए, कमली की कोई राय नहीं है",sad,hi
ढूंढ रहे हैं लेकिन त्रासदी यह है कि आज के कुछ साहेबा प्रेमी जिन्होंने उस समय इस स्नान में मदद की थी।,sad,hi
"तलाकशुदा वकील बहू को पोते से मिलने नहीं दिया, दादा ने की आत्महत्या!",sad,hi
एक जगह जहां इंसान सबसे ज्यादा खोता है वो है किया गया प्यार और निभाया गया भरोसा...!,sad,hi
बारिश हो रही है और मेरे किसान राजा रो रहे हैं,sad,hi
जलगांव: तीन महीने की बच्ची गुंजन की रुमाल से गला घोंटकर हत्या कर दी गई.,sad,hi
बहुत दुख की बात है!,sad,hi
क्या राज्य सरकार इस आत्महत्या की ज़िम्मेदारी लेगी?,sad,hi
"आप जहां भी जाएंगे, ऐसा होगा.... 'असहनीय और अवर्णनीय'",sad,hi
इसे बर्दाश्त नहीं किया जा सकता और न ही कहा जा सकता है,sad,hi
खाली कुर्सियां ​​बताती हैं मोदी का भविष्य...,sad,hi
"न धन्यवाद, न शुभकामनाएँ।",sad,hi
काले बालों वाली।,sad,hi
मन की दीवारें सह नहीं पातीं अब ये रुकावट और रोने से गीली हो चुकी है ज़मीन!,sad,hi
यदि बच्चों को शिक्षा प्राप्त करने के लिए स्कूल की मांग करनी पड़े तो यह बहुत दुर्भाग्यपूर्ण है,sad,hi
जवाब देखकर आपका दिल भर आएगा....यही है आपकी औकात...और बोले पत्रकार...,sad,hi
"तानाशाही अंततः खुद को गोली मार लेती है, यही दुनिया का इतिहास है...",sad,hi
मशाल तो पहले ही बुझ चुकी है. सिर्फ प्रतीकों से चुनाव नहीं जीता जा सकता.,sad,hi
यह मराठी अस्मिता के संरक्षण का प्रमुख सूचक है कि किसी ने हमें सदैव उपेक्षा से मारा है।,sad,hi
न केवल हार बल्कि जमानत जब्त भी वापस लें,sad,hi
एक बार जब आप इसे पढ़ लेंगे तो आप वापस जाने का मन नहीं करेंगे।,sad,hi
बीजेपी के लिए यहां लड़ना आत्मघाती है.,sad,hi
कुछ दिन बाद उद्धव ठाकरे क्या कहेंगे.. बाला साहेब की शिव सेना को मार डालो..,sad,hi
मराठी टिप्पणी की मांग करने पर मनसे नेताओं के खिलाफ मामला दर्ज करना मुश्किल है।,sad,hi
"आदि, भारी बारिश के कारण धान की खेती सड़ गयी है.",sad,hi
": टी वर्ल्ड कप से पहले इंग्लैंड टीम को बड़ा झटका, 'हा' के प्रमुख गेंदबाज नहीं खेलेंगे टूर्नामेंट",sad,hi
कैसा अपमान है.,sad,hi
लेकिन लड़कियों को ढूंढने के बाद बहुत दुख होता है,sad,hi
"दुख इस बात का नहीं है कि प्रोजेक्ट चला गया, आयोग कमजोर है, दुख है.",sad,hi
ये बहुत दुर्भाग्यपूर्ण है. छात्रों को न्याय मिलना चाहिए.,sad,hi
जीवन दोहराया नहीं जाता. सच तो यह है कि जिंदगी की कीमत कोई नहीं जानता,sad,hi
"हम घर में रहते हैं, लेकिन उन किसानों की दुर्दशा देखी नहीं जाती.",sad,hi
राज ठाकरे जैसे संस्कारी नेता को महाराष्ट्र का मुख्यमंत्री न होना महाराष्ट्र का दुर्भाग्य है!,sad,hi
मैं पढ़ना चाहता हूं लेकिन पैसे कम हो रहे हैं... कुछ भी सुझाया नहीं गया,sad,hi
वो वहां गया.. वो आपके पास भी नहीं आया.. फिर आपको माया की कमी भी नजर आती है..,sad,hi
जो लड़कियाँ सच्चे प्यार की तलाश में हैं वे देखती हैं कि मैं क्यों नहीं,sad,hi
| मशहूर बाल कलाकार 'या' ने दुनिया को कहा अलविदा...,sad,hi
जनता के मन में जो छवि खराब हुई है वह वापस नहीं आएगी। मतदाता राजा को कभी माफ नहीं करेंगे,sad,hi
सबसे बुरी बात गांव के पोलार्ड के साथ हुई... बेचारी घर-घर घूम रही थी..,sad,hi
सुशांत सिंह राजपूत और दिशा सालियान की आत्माएं भी न्याय के लिए तरस रही हैं!!,sad,hi
"पहले धनुष चला, अब मशाल",sad,hi
नियमों के फेर में फंसे किसानों को कर्जमाफी नहीं मिलने पर राहत कब मिलेगी?,sad,hi
यह आदमी मुख्यमंत्री बन गया और ऐसा लगा जैसे महाराष्ट्र का पुनर्जन्म हो गया,sad,hi
अब आंध्र की सेल में भी दिवाली है..,sad,hi
पानी का गुब्बारा गिरने से युवक की दर्दनाक मौत//…,sad,hi
दुनिया यह नहीं भूलेगी कि मराठमोली लटके ताई उसे कितनी परेशानी दे रही है,sad,hi
भारी बारिश से बर्बाद हुए किसान के बच्चे का ये दर्द दिल को छू लेने वाला है..! गीला सूखा..!,sad,hi
खिलौनों की तरह बह गईं कारें... पुणे में बारिश!,sad,hi
दादा ने तभी आवेदन किया जब रामदास रो रहा था,sad,hi
वह कोई पागल राजा नहीं है. साक्षात्कार अजीब और निराशाजनक था,sad,hi
मन उस शव की तरह हो गया है जिसका अंतिम संस्कार नहीं होता,sad,hi
"सत्तार जी, क्या आप मराठवाड़ा के किसानों की पीड़ा समझते हैं?",sad,hi
ढूंढ रहे हैं लेकिन त्रासदी यह है कि आज के कुछ साहेबा प्रेमी जिन्होंने उस समय इस स्नान में मदद की थी।,sad,hi
काले बालों वाली।,sad,hi
बीजेपी के लिए यहां लड़ना आत्मघाती है.,sad,hi
भारत में लोकतंत्र तब से एक भ्रम है।,sad,hi
"सर, आप क्या लेकर आये हैं? पढ़कर बहुत दुख हुआ.",sad,hi
कुछ ही महीनों में बाला साहेब की शिवसेना और बीजेपी सरकार का पतन दिखने लगा..हे भगवान!,sad,hi
आज तो काम हो जाने के बाद चाय का प्याला और दिल दोनों खा जाते हैं,sad,hi
खिलौनों की तरह बह गईं कारें... पुणे में बारिश!,sad,hi
| मशहूर बाल कलाकार 'या' ने दुनिया को कहा अलविदा...,sad,hi
आपकी सरकार भी फंस गई है. और अतुल जी तुरंत आ जायेंगे.,sad,hi
यह अनुचित है क्योंकि इससे अधिक सहानुभूति मिलना निश्चित है..!,sad,hi
आपकी सरकार भी फंस गई है. और अतुल जी तुरंत आ जायेंगे.,sad,hi
"इससे हमें कष्ट होता है। भीड़ हो जाती है, टिकट नहीं मिलते, ट्रेनें देर से चलती हैं",sad,hi
यह बहुत दुर्भाग्यपूर्ण और क्रोधित करने वाला है.',sad,hi
इसे बर्दाश्त नहीं किया जा सकता और न ही कहा जा सकता है,sad,hi
कृपया कार्य में तेजी लायें। लेटलतीफी के कारण अभ्यर्थियों को परेशानी हो रही है।,sad,hi
दुर्भाग्य की बात ये है कि मीडिया एकतरफ़ा ख़बरें चला रहा है,sad,hi
बताओ कैसे रहना है? करोड़ों लोगों के देश में एक हजार लोग भी 'यह' लोकप्रिय भाषा नहीं बोलते,sad,hi
केदारनाथ में हुए हादसे में मारे गए सभी श्रद्धालुओं की आत्मा को शांति मिले!,sad,hi
"भगवान के दर्शन कर प्रसन्न मन से घर आ रहा था, लेकिन रास्ते में...कर्नाटक में हुआ भयानक हादसा",sad,hi
लय जटिल है राव...,sad,hi
रिश्ते अधूरे रहने का एक कारण अभिव्यक्ति की कमी भी हो सकती है...,sad,hi
"अफ़सोस, उन्हें दुःख हुआ कि उन्हें बैठने के लिए नहीं बुलाया गया",sad,hi
"भगवान के दर्शन कर प्रसन्न मन से घर आ रहा था, लेकिन रास्ते में...कर्नाटक में हुआ भयानक हादसा",sad,hi
ऐसा कहकर संजय उद्धव के लिए जेल की हवा खा रहे हैं,sad,hi
वोटों की मजबूरी...महाराष्ट्र का क्या होगा?,sad,hi
अब तो लगता है कि दोनों का घर धोना पड़ेगा,sad,hi
"यह आपका दुर्भाग्य है कि लोग आपको ""सहानुभूति और राय"" दोनों नहीं देते।",sad,hi
मैं अब नहीं चाहता,sad,hi
"किसी के साथ सिर्फ इसलिए रहना क्योंकि वह आपको कुछ देता है, मूलतः गलत अपेक्षा है",sad,hi
वोटों की मजबूरी...महाराष्ट्र का क्या होगा?,sad,hi
क्या हमें तब तक बिना पानी के रहना चाहिए...,sad,hi
रुपये की ऐतिहासिक गिरावट,sad,hi
गठबंधन तब ख़त्म हुआ जब कांग्रेस और एनसीपी ने गठबंधन कर लिया,sad,hi
काले बालों वाली।,sad,hi
मैं पहले ही कह चुका हूं कि पीड़िता ने देश के सामने बकरी को हार पहना दी है.,sad,hi
तुम रात भर ठंड में फुसफुसाते हुए खुले मोहल्ले में सांप की तरह दौड़ रहे हो,sad,hi
यह मराठी अस्मिता के संरक्षण का प्रमुख सूचक है कि किसी ने हमें सदैव उपेक्षा से मारा है।,sad,hi
यदि उन्होंने अपनी आत्मा पवार के पास गिरवी रख दी है तो आत्ममंथन कैसे हो सकता है?,sad,hi
"आप जिन्हें पार्टी ने काट दिया है, आप इतना क्यों हंस रहे हैं?",sad,hi
बीजेपी बीड शहर अध्यक्ष भागीरथ बियानी ने खुद को गोली मारकर आत्महत्या कर ली,sad,hi
यह श्रीलंका के लिए एक दुखद कहानी है,sad,hi
"पिता मां को स्टेशन छोड़ने गए, बच्चे घर पर सो रहे थे; चोर घर में घुस गये",sad,hi
बेचारे को और कितना सताओगे?,sad,hi
यह अनुचित है क्योंकि इससे अधिक सहानुभूति मिलना निश्चित है..!,sad,hi
"हाँ, ये अनुभव की बातें हैं, क्या मेरे साथ कुछ और भी है?",sad,hi
"और अगर हम समान विचारधारा वाले नहीं मिलते, तो यह दुनिया की 'मिट्टी' बन जाती है...",sad,hi
"अध्यक्ष महोदय, पुणे ट्रैफिक पुलिस कर्मचारियों के साथ घोर अन्याय हो रहा है",sad,hi
वे मौज करते हैं और आम लोगों की जान चली जाती है.,sad,hi
यह दुर्भाग्यपूर्ण है कि महाराष्ट्र में ऐसे लोग हैं जो शिक्षा के महत्व को नहीं समझते हैं।,sad,hi
दिमाग में कितना कुछ और क्या जमा है उसे हमेशा लिखने से रोका जाता है,sad,hi
मैं अब नहीं चाहता,sad,hi
गठबंधन तब ख़त्म हुआ जब कांग्रेस और एनसीपी ने गठबंधन कर लिया,sad,hi
एक भारतीय के रूप में मैं आज खोया हुआ महसूस कर रहा हूं...,sad,hi
": महँगाई का प्रकोप; CNG, PNG के दाम बढ़ेंगे",sad,hi
यह मराठी लोगों और महाराष्ट्र के लिए दुर्भाग्यपूर्ण है,sad,hi
ये दर्द है भारी बारिश से बर्बाद हुए किसान के बच्चे का...,sad,hi
मैं कभी-कभी सारसबाग जाता हूं. अब वहां सिर्फ भीड़ है और ट्रैफिक की आवाज लगातार आती रहती है.,sad,hi
सुप्रसिद्ध अभिनेता एवं वरिष्ठ रंगकर्मी प्रदीप पटवर्धन के दुखद निधन पर भावभीनी श्रद्धांजलि,sad,hi
बुरी खबर इस दुर्घटना में शहीद हुए जवानों को हार्दिक श्रद्धांजलि,sad,hi
हार निश्चित थी,sad,hi
बीजेपी नगर अध्यक्ष ने खुद को गोली मारकर की आत्महत्या...,sad,hi
यह ऐसा गठबंधन है जो पूरी तरह से बाला साहेब के विचारों और सिद्धांतों के खिलाफ है।',sad,hi
नियमों के फेर में फंसे किसानों को कर्जमाफी नहीं मिलने पर राहत कब मिलेगी?,sad,hi
"जी हां, हमारे राज्य में साल भर से नहीं हो रही हैं साधारण लंबित भर्तियां..",sad,hi
सुप्रीम कोर्ट को कल के फैसले में सख्त भूमिका निभानी चाहिए थी.,sad,hi
यह ऐसा गठबंधन है जो पूरी तरह से बाला साहेब के विचारों और सिद्धांतों के खिलाफ है।',sad,hi
राज्यसभा और विधान परिषद के समय गुलामों को ही बुरा लगता था,sad,hi
"चाहे कितनी भी परीक्षा दे दो, सफलता नहीं मिलती",sad,hi
इन्हीं सीमेंट सड़कों के कारण मानसून के दौरान शहरों में बाढ़ आ जाती है,sad,hi
"अब मत बोलो बाला साहेब, वो नहीं हैं...",sad,hi
मुझे लगता है बैलों और भैंसों का भी अपमान होगा...,sad,hi
ये तो तय है कि लोग हर जगह से इकट्ठा हुए हैं..,sad,hi
दिमाग में कितना कुछ और क्या जमा है उसे हमेशा लिखने से रोका जाता है,sad,hi
मुझे नौकरी चाहिए लेकिन मोदी सेठ नहीं दे रहे।,sad,hi
उतरा हुआ चेहरा सब कुछ बयां कर देता है..,sad,hi
इस अभिनेत्री ने कम उम्र में ही आत्महत्या कर ली थी।,sad,hi
एक बार जब आप इसे पढ़ लेंगे तो आप वापस जाने का मन नहीं करेंगे।,sad,hi
कोई फायदा नहीं.. बहुत देर हो चुकी है.. उनके शरीर में नियंत्रण से बाहर हो गया है,sad,hi
एक बार जब आप इसे पढ़ लेंगे तो आप वापस जाने का मन नहीं करेंगे।,sad,hi
"भाई, जब मैं बच्चा था तो बहुत किताबें पढ़ता था, अब फोन के कारण उत्साह कम हो गया है",sad,hi
यह मराठी अस्मिता के संरक्षण का प्रमुख सूचक है कि किसी ने हमें सदैव उपेक्षा से मारा है।,sad,hi
ये बहुत सही है. अब बीजेपी की हार शुरू हो गई है.,sad,hi
इसे केवल कुर्ला ट्रैफिक विभाग को भेजा जाता है लेकिन कभी कोई कार्रवाई नहीं की जाती,sad,hi
ज्यादातर लोग जानते हैं कि बारामती सचमुच हाथ से निकलती जा रही है।,sad,hi
अतुल सर खुन्नस क्यों देख रहे हो..,sad,hi
इसे बर्दाश्त नहीं किया जा सकता और न ही कहा जा सकता है,sad,hi
केंद्र में मोदी सरकार के कारण देश का लोकतंत्र कमजोर हो रहा है!,sad,hi
तो फिर आपको दुखी होना चाहिए क्योंकि ये सीट शिवसेना के हाथ से चली गई,sad,hi
जिनसे उसने ढाई साल तक पैकेट लिए। अब उनके खिलाफ लिखने का समय आ गया है... यह कठिन है..!,sad,hi
मैं अपने सभी मराठा भाइयों और बहनों से अनुरोध करता हूं कि वे आगे से मतदान न करें।,sad,hi
लय जटिल है राव...,sad,hi
केंद्र में मोदी सरकार के कारण देश का लोकतंत्र कमजोर हो रहा है!,sad,hi
"दुर्भाग्य की बात यह है कि न तो देश चलाने वालों का, न युद्ध करने वालों का और न ही किसानों का दाम...",sad,hi
"भीड़ सांप को कुचलने ही वाली थी, लेकिन साधु ने यह कहकर उसे बचा लिया कि यह पाप होगा; लेकिन एक गलती महंगी पड़ी",sad,hi
अब लगता है कि ये चुनाव चिन्ह भी हाथ से निकल जायेगा,sad,hi
अलविदा कहते हुए फिर मिलने की ठानी थी.. लेकिन उसकी काली आँखें आखिरी बार उससे मिलीं।,sad,hi
तो फिर आपको दुखी होना चाहिए क्योंकि ये सीट शिवसेना के हाथ से चली गई,sad,hi
मशाल तो पहले ही बुझ चुकी है. सिर्फ प्रतीकों से चुनाव नहीं जीता जा सकता.,sad,hi
सत्या के निधन के बाद से उद्धव के सिर पर गहरा असर पड़ा है...,sad,hi
कुछ ही महीनों में बाला साहेब की शिवसेना और बीजेपी सरकार का पतन दिखने लगा..हे भगवान!,sad,hi
"अब मत बोलो बाला साहेब, वो नहीं हैं...",sad,hi
"जिंदा किसानों की मदद करें, किसान आत्महत्याएं बढ़ रही हैं, मुख्यमंत्री जी",sad,hi
एक बार के लिए मुझे कुछ मत दो. लेकिन मुझे शर्मिंदगी से मत छोड़ो।,sad,hi
नेता जी नाथी गोडसे के द्विराष्ट्र सिद्धांत से बहुत प्रभावित थे,sad,hi
तुम रात भर ठंड में फुसफुसाते हुए खुले मोहल्ले में सांप की तरह दौड़ रहे हो,sad,hi
"हां, मैं नाना की गैर-उपस्थिति और अति-अभिनय से थक जाता हूं, मैं आत्म-प्रेम के प्रति सचेत नहीं हूं।",sad,hi
सबसे दुखद चीज़ है अकेलापन,sad,hi
"सर, आप बहुत दिन के लिए भायंदर आए लेकिन मुझे मिलने नहीं दिया...",sad,hi
मराठी टिप्पणी की मांग करने पर मनसे नेताओं के खिलाफ मामला दर्ज करना मुश्किल है।,sad,hi
इन लोगों से हमारा हिंदू धर्म बदनाम होता है।',sad,hi
"कोई विकल्प नहीं है, वे ताली बजाने को मजबूर हैं",sad,hi
"वह बैंक में काम करना चाहती थी लेकिन...', युवती को एक ट्रक ने कुचल दिया जो सड़क छोड़कर घर में घुस गया",sad,hi
इतना कहते ही ताई की बात समाप्त हो गई...ओम शांति!,sad,hi
सत्या के निधन के बाद से उद्धव के सिर पर गहरा असर पड़ा है...,sad,hi
"अध्यक्ष महोदय, पुणे ट्रैफिक पुलिस कर्मचारियों के साथ घोर अन्याय हो रहा है",sad,hi
बाला साहेब होते तो ये तस्वीर कभी देखने को नहीं मिलती,sad,hi
जब मन साथ छोड़ देता है तो व्यक्ति हार जाता है और मर जाता है,sad,hi
कोंकण सहित राज्य में गीला सूखा घोषित करना बहुत जरूरी है.,sad,hi
कृपया भगवान सिद्धेश्वर रुक्मे परिवार को इस कष्ट से बचाने की शक्ति दें!,sad,hi
"तलाकशुदा वकील बहू को पोते से मिलने नहीं दिया, दादा ने की आत्महत्या!",sad,hi
बुरा लगा क्योंकि मोदी जी ने अपना सम्मान खो दिया,sad,hi
"महाराष्ट्र के खिलाड़ी पर दुखों का पहाड़, मैच से पहले कोचों की मौत, लेकिन फिर भी उन्होंने संघर्ष किया और...",sad,hi
अगर इसी तरह जन प्रतिनिधि सड़कों पर उतरते तो यह बुरा वक्त नहीं आता,sad,hi
"वह बैंक में काम करना चाहती थी लेकिन...', युवती को एक ट्रक ने कुचल दिया जो सड़क छोड़कर घर में घुस गया",sad,hi
आजादी के ज्यादातर दिन भी गुलामी में ही गुजरेंगे. गणतंत्र दिवस के बारे में कुछ नहीं कहा जा सकता.,sad,hi
इसे केवल कुर्ला ट्रैफिक विभाग को भेजा जाता है लेकिन कभी कोई कार्रवाई नहीं की जाती,sad,hi
"क्या हो गया या क्या होगा इसकी चिंता करने से केवल दिल का दर्द बढ़ता है, आत्मविश्वास नहीं।",sad,hi
"यह पुनर्गठित किसानों के साथ अन्याय है, हमें कोई लाभ नहीं मिल रहा है",sad,hi
किसी की नजर आपके नासिक पर पड़ी,sad,hi
"हाँ, ये अनुभव की बातें हैं, क्या मेरे साथ कुछ और भी है?",sad,hi
रिश्ते अधूरे रहने का एक कारण अभिव्यक्ति की कमी भी हो सकती है...,sad,hi
विक्रम को भी उस कमीने ने इतना प्रताड़ित नहीं किया होगा,sad,hi
दुःख बढ़ नहीं रहा.. ख़ुशी कम हो रही है.,sad,hi
"माझा ने शिवसेना नेताओं के चरणों में माथा टेका, बर्तन भी धोए लेकिन काम जारी रहा...",sad,hi
केदारनाथ में हुए हादसे में मारे गए सभी श्रद्धालुओं की आत्मा को शांति मिले!,sad,hi
पुणे में बीजेपी की वजह से सब कुछ माइनस में है,sad,hi
उतरा हुआ चेहरा सब कुछ बयां कर देता है..,sad,hi
क्या मैं मर रहा हूँ? तुमने मेरी आँखों में पानी ला दिया!,sad,hi
यह दुर्भाग्यपूर्ण है कि महाराष्ट्र में ऐसे लोग हैं जो शिक्षा के महत्व को नहीं समझते हैं।,sad,hi
सुप्रीम कोर्ट को कल के फैसले में सख्त भूमिका निभानी चाहिए थी.,sad,hi
"इसकी बहुत जरूरत है सर, क्योंकि इस बार की वापसी से किसान थक गये हैं",sad,hi
बीजेपी के लिए यहां लड़ना आत्मघाती है.,sad,hi
अब तो लगता है कि दोनों का घर धोना पड़ेगा,sad,hi
राणे पनावती एक बार फिर सिद्ध....प्रचार करने आए और उन्हें चुनाव से हटना पड़ा....,sad,hi
"सर, आप बहुत दिन के लिए भायंदर आए लेकिन मुझे मिलने नहीं दिया...",sad,hi
": टी वर्ल्ड कप से पहले इंग्लैंड टीम को बड़ा झटका, 'हा' के प्रमुख गेंदबाज नहीं खेलेंगे टूर्नामेंट",sad,hi
कोई भी मुझे सबसे अच्छा दोस्त नहीं मानता,sad,hi
हम्म यह अधूरा लगता है.,sad,hi
उम्र बढ़ने के साथ छगन भुजबल की बुद्धि कम होती जा रही है,sad,hi
"सर, आप बहुत दिन के लिए भायंदर आए लेकिन मुझे मिलने नहीं दिया...",sad,hi
मुझे लगता है बैलों और भैंसों का भी अपमान होगा...,sad,hi
यह भारत का दुर्भाग्य है कि उन्हें वकील मिलता है.,sad,hi
हार आसन्न लगती है,sad,hi
दुनिया यह नहीं भूलेगी कि मराठमोली लटके ताई उसे कितनी परेशानी दे रही है,sad,hi
मुझे ब्लॉक कर दिया गया है इसलिए मैं समझ नहीं पा रहा हूं,sad,hi
राम राज्य में जानवरों को कष्ट हो रहा है।,sad,hi
"यह आपका दुर्भाग्य है कि लोग आपको ""सहानुभूति और राय"" दोनों नहीं देते।",sad,hi
"तानाशाही अंततः खुद को गोली मार लेती है, यही दुनिया का इतिहास है...",sad,hi
भ्रष्ट सरकार के खिलाफ लड़ाई बेरोजगारी की मार झेल रही है.,sad,hi
क्या ये मजबूरी ही दबाव था????,sad,hi
पीड़ित की स्थिति चल रही है,sad,hi
"क्या हो गया या क्या होगा इसकी चिंता करने से केवल दिल का दर्द बढ़ता है, आत्मविश्वास नहीं।",sad,hi
सारा वैचारिक अंधकार....अंधकार की ओर है,sad,hi
क्या आपका परिवार आपकी इच्छाओं को गंभीरता से लेता है?,sad,hi
सरकारी नौकरी की चाह ने कईयों को बेरोजगार बना दिया है।,sad,hi
इसे केवल कुर्ला ट्रैफिक विभाग को भेजा जाता है लेकिन कभी कोई कार्रवाई नहीं की जाती,sad,hi
*नहीं रहिला मन* (श्री बाला साहेब ठाकरे) *नहीं रहिला धनुष्या*,sad,hi
कमेंट पढ़कर उसे नींद नहीं आ रही...,sad,hi
"आप जिन्हें पार्टी ने काट दिया है, आप इतना क्यों हंस रहे हैं?",sad,hi
दुनिया यह नहीं भूलेगी कि मराठमोली लटके ताई उसे कितनी परेशानी दे रही है,sad,hi
यह बहुत दुर्भाग्यपूर्ण है कि पुणे जैसे विश्व स्तर पर महत्वपूर्ण शहर में ऐसी तस्वीर बनाई गई है।,sad,hi
क्या मैं मर रहा हूँ? तुमने मेरी आँखों में पानी ला दिया!,sad,hi
हार आसन्न लगती है,sad,hi
"चाचा, भतीजे को भी नहीं बुलाया जाता इसलिए पोते का पेट फूल जाता है",sad,hi
मैं अपने सभी मराठा भाइयों और बहनों से अनुरोध करता हूं कि वे आगे से मतदान न करें।,sad,hi
सारा वैचारिक अंधकार....अंधकार की ओर है,sad,hi
"सत्तार जी, क्या आप मराठवाड़ा के किसानों की पीड़ा समझते हैं?",sad,hi
हर किसी के प्यार को न्याय मिलता है. ऐसा नहीं है।,sad,hi
"जिंदा किसानों की मदद करें, किसान आत्महत्याएं बढ़ रही हैं, मुख्यमंत्री जी",sad,hi
बाकी लोग बेबस हैं,sad,hi
यह बहुत दुर्भाग्यपूर्ण है कि पुणे जैसे विश्व स्तर पर महत्वपूर्ण शहर में ऐसी तस्वीर बनाई गई है।,sad,hi
जब रमन्ना ने 'तारीख पे तारीख' की तो नतीजे की उम्मीदें धराशायी हो गईं,sad,hi
आशा है कि इसे पढ़कर कम से कम कुछ लोगों को एहसास होगा:,sad,hi
तुम रात भर ठंड में फुसफुसाते हुए खुले मोहल्ले में सांप की तरह दौड़ रहे हो,sad,hi
बुरा लगा क्योंकि मोदी जी ने अपना सम्मान खो दिया,sad,hi
रिश्ते अधूरे रहने का एक कारण अभिव्यक्ति की कमी भी हो सकती है...,sad,hi
सुप्रीम कोर्ट को कल के फैसले में सख्त भूमिका निभानी चाहिए थी.,sad,hi
अगर महंगाई नहीं बढ़ती तो आपकी सैलरी कम है...,sad,hi
कष्ट सहे बिना बुद्धि नहीं आती...! आधे घंटे की बारिश की बहुत आवश्यकता है,sad,hi
इसकी घोषणा मैं स्वयं कर रहा हूं.. क्योंकि मेरा कार्यक्रम कोई नहीं देख रहा है,sad,hi
खिलौनों की तरह बह गईं कारें... पुणे में बारिश!,sad,hi
"मैंने तुम्हें परेशान नहीं किया, इसलिए यह समय आ गया है.... मुझे समय पर कपड़े पहनने चाहिए थे...",sad,hi
यवतमाल का परिणाम देखकर बहुत दुख हुआ.,sad,hi
"जिंदा किसानों की मदद करें, किसान आत्महत्याएं बढ़ रही हैं, मुख्यमंत्री जी",sad,hi
यह दृश्य निश्चित ही विचलित करने वाला है-----,sad,hi
अधिकारी खुश हैं और नागरिक त्रस्त हैं,sad,hi
चेहरा देखकर प्यार करना और फिर बातें करना अंधा प्यार है..,sad,hi
वे मानसिक रूप से पीड़ित हैं,sad,hi
इसे बर्दाश्त नहीं किया जा सकता और न ही कहा जा सकता है,sad,hi
": महँगाई का प्रकोप; CNG, PNG के दाम बढ़ेंगे",sad,hi
गठबंधन तब ख़त्म हुआ जब कांग्रेस और एनसीपी ने गठबंधन कर लिया,sad,hi
अतुल सर खुन्नस क्यों देख रहे हो..,sad,hi
हम्म यह अधूरा लगता है.,sad,hi
दुःख बढ़ नहीं रहा.. ख़ुशी कम हो रही है.,sad,hi
ये फैसला मराठा समुदाय ने नहीं लिया था.,sad,hi
'स्वायत्त' शब्द ही अब हास्यास्पद लगने लगा है।,sad,hi
जवाब देखकर आपका दिल भर आएगा....यही है आपकी औकात...और बोले पत्रकार...,sad,hi
यह ऐसा गठबंधन है जो पूरी तरह से बाला साहेब के विचारों और सिद्धांतों के खिलाफ है।',sad,hi
बताओ कैसे रहना है? करोड़ों लोगों के देश में एक हजार लोग भी 'यह' लोकप्रिय भाषा नहीं बोलते,sad,hi
अब आंध्र की सेल में भी दिवाली है..,sad,hi
कुछ दिन बाद उद्धव ठाकरे क्या कहेंगे.. बाला साहेब की शिव सेना को मार डालो..,sad,hi
बहुत देर हो गई है.. जल्दी जाना चाहिए..,sad,hi
जब मैं सत्ता में था तो मुझे अपनी मां की याद नहीं आती थी.. अब याद आती है,sad,hi
अब न्याय भी वैसा ही होना चाहिए... और सुदामयस को यह द्वारिका मिलनी चाहिए..!,sad,hi
बहुत दुख की बात है!,sad,hi
"जल-जल तय, बर्दाश्त नहीं होता और कुरेशी साहब को बता नहीं पाता",sad,hi
इससे भी अधिक दुर्भाग्यपूर्ण बात यह है कि वहां तालियां भी बजीं।,sad,hi
अगर इसकी शुरुआत स्कूल से ही हो जाए तो बच्चों को अंदाज़ा भी नहीं होगा कि उनका भविष्य कितना उज्ज्वल होगा,sad,hi
"यह पुनर्गठित किसानों के साथ अन्याय है, हमें कोई लाभ नहीं मिल रहा है",sad,hi
नियमों के फेर में फंसे किसानों को कर्जमाफी नहीं मिलने पर राहत कब मिलेगी?,sad,hi
तो फिर आपको दुखी होना चाहिए क्योंकि ये सीट शिवसेना के हाथ से चली गई,sad,hi
यवतमाल का परिणाम देखकर बहुत दुख हुआ.,sad,hi
लेकिन लाखों फैंस पर राज करने वाली परवीन बाबी की मौत बेहद दर्दनाक थी,sad,hi
"पिता मां को स्टेशन छोड़ने गए, बच्चे घर पर सो रहे थे; चोर घर में घुस गये",sad,hi
इन चार महीनों में उन्होंने अपना राजनीतिक स्वत्व बहुत कम कर लिया है.,sad,hi
"यदि बैलगाड़ी में बंधे बैलों में से एक शरारती है, तो बाकी बहुत क्रोधित होते हैं।",sad,hi
दुःख बढ़ नहीं रहा.. ख़ुशी कम हो रही है.,sad,hi
राणे पनावती एक बार फिर सिद्ध....प्रचार करने आए और उन्हें चुनाव से हटना पड़ा....,sad,hi
मैं अपने सभी मराठा भाइयों और बहनों से अनुरोध करता हूं कि वे आगे से मतदान न करें।,sad,hi
एक हकीकत.. शिक्षक के हाथ से बेंत गायब हो गई और दुनिया बेलगाम हो गई...!,sad,hi
क्या ये मजबूरी ही दबाव था????,sad,hi
मैं पढ़ना चाहता हूं लेकिन पैसे कम हो रहे हैं... कुछ भी सुझाया नहीं गया,sad,hi
यह बहुत दुर्भाग्यपूर्ण है कि पुणे जैसे विश्व स्तर पर महत्वपूर्ण शहर में ऐसी तस्वीर बनाई गई है।,sad,hi
हर किसी के प्यार को न्याय मिलता है. ऐसा नहीं है।,sad,hi
ये कोई खुश होने वाली बात नहीं है.,sad,hi
भारी वर्षा किसानो! जिले में दो किसानों की मौत; सरकार को कोई शर्म नहीं है...,sad,hi
मैं अपने सभी मराठा भाइयों और बहनों से अनुरोध करता हूं कि वे आगे से मतदान न करें।,sad,hi
कृपया कार्य में तेजी लायें। लेटलतीफी के कारण अभ्यर्थियों को परेशानी हो रही है।,sad,hi
इससे भी अधिक दुर्भाग्यपूर्ण बात यह है कि वहां तालियां भी बजीं।,sad,hi
जनता के मन में जो छवि खराब हुई है वह वापस नहीं आएगी। मतदाता राजा को कभी माफ नहीं करेंगे,sad,hi
नगर निगम के सत्ता में रहते हुए यह समस्या उत्पन्न होना दुर्भाग्यपूर्ण है,sad,hi
यह दुर्भाग्यपूर्ण है कि महाराष्ट्र में ऐसे लोग हैं जो शिक्षा के महत्व को नहीं समझते हैं।,sad,hi
"मुझे कभी-कभी लगता है कि वे हमें ""लोग"" कहते हैं।",sad,hi
: गरबा खेलते समय रास अचानक रुका और गिर गया; परिवार के सामने मौत आ गई,sad,hi
कोई भी मुझे सबसे अच्छा दोस्त नहीं मानता,sad,hi
अब लगता है कि ये चुनाव चिन्ह भी हाथ से निकल जायेगा,sad,hi
लालपरी और उनके कर्मचारियों को सबसे ज्यादा नुकसान पवार साहब से हुआ,sad,hi
अब अगर आपका बॉस घर में छिपा हो तो आप क्या करेंगे..,sad,hi
": टी वर्ल्ड कप से पहले इंग्लैंड टीम को बड़ा झटका, 'हा' के प्रमुख गेंदबाज नहीं खेलेंगे टूर्नामेंट",sad,hi
"आपको हंसी क्यों आती है, आपको शादी का निमंत्रण नहीं मिला",sad,hi
यह दृश्य निश्चित ही विचलित करने वाला है-----,sad,hi
हार आसन्न लगती है,sad,hi
"हां, मैं नाना की गैर-उपस्थिति और अति-अभिनय से थक जाता हूं, मैं आत्म-प्रेम के प्रति सचेत नहीं हूं।",sad,hi
बीजेपी बीड शहर अध्यक्ष भागीरथ बियानी ने खुद को गोली मारकर आत्महत्या कर ली,sad,hi
"जिस देश में शिक्षा को पहले व्यवसाय बना दिया गया हो, वहां क्या उम्मीद करें",sad,hi
क्या हमें तब तक बिना पानी के रहना चाहिए...,sad,hi
"मुझे यह कुछ दिन पहले याद आया था, लेकिन मुझे ऐसा लग रहा है जैसे मैं इसे भूल गया हूं।",sad,hi
यदि उन्होंने अपनी आत्मा पवार के पास गिरवी रख दी है तो आत्ममंथन कैसे हो सकता है?,sad,hi
जब रमन्ना ने 'तारीख पे तारीख' की तो नतीजे की उम्मीदें धराशायी हो गईं,sad,hi
"गांठदार त्वचा रोग के प्रकोप के कारण मरने वाले किसानों, पशुपालकों को वित्तीय सहायता",sad,hi
अगर महंगाई नहीं बढ़ती तो आपकी सैलरी कम है...,sad,hi
आशा है कि इसे पढ़कर कम से कम कुछ लोगों को एहसास होगा:,sad,hi
हार आसन्न लगती है,sad,hi
मन की दीवारें सह नहीं पातीं अब ये रुकावट और रोने से गीली हो चुकी है ज़मीन!,sad,hi
"कोई विकल्प नहीं है, वे ताली बजाने को मजबूर हैं",sad,hi
यह दुखद है कि मौन के समय जो नहीं हुआ वह हो रहा है:,sad,hi
"मुझे कभी-कभी लगता है कि वे हमें ""लोग"" कहते हैं।",sad,hi
पीड़ित की स्थिति चल रही है,sad,hi
"किसी के साथ सिर्फ इसलिए रहना क्योंकि वह आपको कुछ देता है, मूलतः गलत अपेक्षा है",sad,hi
अगर महंगाई नहीं बढ़ती तो आपकी सैलरी कम है...,sad,hi
यह एक त्रासदी है कि ऐसे लोग चुने जाते हैं...,sad,hi
कैसा अपमान है.,sad,hi
आजादी के ज्यादातर दिन भी गुलामी में ही गुजरेंगे. गणतंत्र दिवस के बारे में कुछ नहीं कहा जा सकता.,sad,hi
"आदि, भारी बारिश के कारण धान की खेती सड़ गयी है.",sad,hi
यह मराठी लोगों और महाराष्ट्र के लिए दुर्भाग्यपूर्ण है,sad,hi
सुप्रसिद्ध अभिनेता एवं वरिष्ठ रंगकर्मी प्रदीप पटवर्धन के दुखद निधन पर भावभीनी श्रद्धांजलि,sad,hi
बेचारी मनसे. कोई द्रव्यमान नहीं बचा है. युद्धविराम का आधार,sad,hi
हाय हाय हाय....बालासाहब इस भाग्य को देखने के लिए नहीं हैं..,sad,hi
जीवन दोहराया नहीं जाता. सच तो यह है कि जिंदगी की कीमत कोई नहीं जानता,sad,hi
:रोपण कम होने से इस साल प्याज की होगी बहुतायत!,sad,hi
भावभीनी श्रद्धांजलि! भेड़िया परिवार को यह दुःख सहने की शक्ति मिले...ओम शांति!,sad,hi
"तलाकशुदा वकील बहू को पोते से मिलने नहीं दिया, दादा ने की आत्महत्या!",sad,hi
हर कोई आपसे बकवास कर रहा है. तुम कैसा महसूस कर रहे हो?,sad,hi
जीवन दोहराया नहीं जाता. सच तो यह है कि जिंदगी की कीमत कोई नहीं जानता,sad,hi
लेकिन लाखों फैंस पर राज करने वाली परवीन बाबी की मौत बेहद दर्दनाक थी,sad,hi
यह एक त्रासदी है कि ऐसे लोग चुने जाते हैं...,sad,hi
"पहले धनुष चला, अब मशाल",sad,hi
जो लड़कियाँ सच्चे प्यार की तलाश में हैं वे देखती हैं कि मैं क्यों नहीं,sad,hi
"क्या हाल है, ये खबर तब हुई जब वो घर से निकले..",sad,hi
यह बहुत दुर्भाग्यपूर्ण और क्रोधित करने वाला है.',sad,hi
घर पर कोशिश की गई... दिन में दोनों आंखों से दिखना बंद हो गया था,sad,hi
"यह आपका दुर्भाग्य है कि लोग आपको ""सहानुभूति और राय"" दोनों नहीं देते।",sad,hi
दादा कृपया ध्यान दें. श्रीगोंदया को लोग सूखा बता रहे हैं.,sad,hi
"किसी के साथ सिर्फ इसलिए रहना क्योंकि वह आपको कुछ देता है, मूलतः गलत अपेक्षा है",sad,hi
"मैंने तुम्हें परेशान नहीं किया, इसलिए यह समय आ गया है.... मुझे समय पर कपड़े पहनने चाहिए थे...",sad,hi
कोंकण सहित राज्य में गीला सूखा घोषित करना बहुत जरूरी है.,sad,hi
हमने किया वह किसी और के साथ भाग गई,sad,hi
रिश्ते अधूरे रहने का एक कारण अभिव्यक्ति की कमी भी हो सकती है...,sad,hi
राज ठाकरे जैसे संस्कारी नेता को महाराष्ट्र का मुख्यमंत्री न होना महाराष्ट्र का दुर्भाग्य है!,sad,hi
हार निश्चित थी,sad,hi
वोटों की मजबूरी...महाराष्ट्र का क्या होगा?,sad,hi
सरकार निजीकरण करना चाहती है..जिससे गरीबी और बढ़ेगी..,sad,hi
"पहले धनुष चला, अब मशाल",sad,hi
"आज से मशाल तो ठीक से जल गई, लेकिन उससे पहले ही उसे बुझाने की तैयारी शुरू हो गई...",sad,hi
आज पीछे हटना हार और अपमान है,sad,hi
वोटों की मजबूरी...महाराष्ट्र का क्या होगा?,sad,hi
"क्या तुम वर्षा नहीं करना चाहते, क्या तुम वरुणराज के अन्नदाता को नहीं देखना चाहते",sad,hi
लय जटिल है राव...,sad,hi
किसी की नजर आपके नासिक पर पड़ी,sad,hi
नाना... अभी तक नट सम्राट की भूमिका से बाहर नहीं आये हैं.,sad,hi
"आप जहां भी जाएंगे, ऐसा होगा.... 'असहनीय और अवर्णनीय'",sad,hi
"मुझे कभी-कभी लगता है कि वे हमें ""लोग"" कहते हैं।",sad,hi
ज्यादातर लोग जानते हैं कि बारामती सचमुच हाथ से निकलती जा रही है।,sad,hi
इंसान छोटा होता है जनाब.. सब एक जैसे नहीं होते..,sad,hi
आशा है कि इसे पढ़कर कम से कम कुछ लोगों को एहसास होगा:,sad,hi
नाना... अभी तक नट सम्राट की भूमिका से बाहर नहीं आये हैं.,sad,hi
भारी बारिश से बर्बाद हुए किसान के बच्चे का ये दर्द दिल को छू लेने वाला है..! गीला सूखा..!,sad,hi
दादा ने तभी आवेदन किया जब रामदास रो रहा था,sad,hi
मैं अब नहीं चाहता,sad,hi
"अंत में यही कहना चाहिए, अब अंदर का आदमी खो गया है कि उद्धव को इंतजार करना होगा",sad,hi
गंभीर होना और हंसना मुश्किल हो गया है,sad,hi
"इससे हमें कष्ट होता है। भीड़ हो जाती है, टिकट नहीं मिलते, ट्रेनें देर से चलती हैं",sad,hi
क्या इसे किस्मत कहें कि इतनी कोशिशों के बाद भी कुछ हासिल नहीं होता?,sad,hi
ओम शांति.. स्क्रीन पर बेहद शांत और देखने योग्य अभिनेता.. भगवान आपकी आत्मा को शांति दे सर,sad,hi
इतने बड़े विकासशील देश के लिए ये बेहद शर्मनाक है..,sad,hi
लालपरी और उनके कर्मचारियों को सबसे ज्यादा नुकसान पवार साहब से हुआ,sad,hi
जवाब देखकर आपका दिल भर आएगा....यही है आपकी औकात...और बोले पत्रकार...,sad,hi
वापसी की बारिश से धान की फसल को हुए नुकसान का मुआवजा दिलाने के लिए,sad,hi
अधिकारी खुश हैं और नागरिक त्रस्त हैं,sad,hi
यदि विचार को आत्मसात कर लिया होता तो आज यह नौबत नहीं आती।,sad,hi
तो फिर आपको दुखी होना चाहिए क्योंकि ये सीट शिवसेना के हाथ से चली गई,sad,hi
इन सोई हुई सरकारों को बताओ किसके दिल का हाल। कई उत्साही लोग बेरोजगारी से तबाह हो गए थे।,sad,hi
दुःख बढ़ नहीं रहा.. ख़ुशी कम हो रही है.,sad,hi
दुखद समाचार - बेहद प्रतिभाशाली और मजाकिया अभिनेता प्रदीप पटवर्धन को भावभीनी श्रद्धांजलि......,sad,hi
इतना कहने के बाद श्राद्ध करने का समय आ गया।,sad,hi
अलविदा कहते हुए फिर मिलने की ठानी थी.. लेकिन उसकी काली आँखें आखिरी बार उससे मिलीं।,sad,hi
यह देखकर दाभो की आत्मा भी मर गई,sad,hi
वापसी की बारिश से नुकसान झेलने वाले सोयाबीन किसानों को भी झटका लगा है.,sad,hi
सरकारी नौकरी की चाह ने कईयों को बेरोजगार बना दिया है।,sad,hi
अब समय बदल गया है. अब लड़कियाँ नहीं हैं.. अब बेरोजगार बच्चे माँ-बाप के कंधों पर बोझ बन गये हैं।,sad,hi
आज तो काम हो जाने के बाद चाय का प्याला और दिल दोनों खा जाते हैं,sad,hi
"चाचा, भतीजे को भी नहीं बुलाया जाता इसलिए पोते का पेट फूल जाता है",sad,hi
ग्रामीण विकास में सार्वजनिक भाषण नहीं होता है,sad,hi
दिमाग में कितना कुछ और क्या जमा है उसे हमेशा लिखने से रोका जाता है,sad,hi
हम्म यह अधूरा लगता है.,sad,hi
बीजेपी नगर अध्यक्ष ने खुद को गोली मारकर की आत्महत्या...,sad,hi
क्या इसे किस्मत कहें कि इतनी कोशिशों के बाद भी कुछ हासिल नहीं होता?,sad,hi
किसानों की तो सबको चिंता है लेकिन खेत मजदूरों की चिंता किसी को नहीं है...,sad,hi
"भगवान के दर्शन कर प्रसन्न मन से घर आ रहा था, लेकिन रास्ते में...कर्नाटक में हुआ भयानक हादसा",sad,hi
महाराष्ट्र ने आज एक महान मराठी थिएटर कलाकार और फिल्म अभिनेता खो दिया,sad,hi
काले बालों वाली।,sad,hi
"पिता मां को स्टेशन छोड़ने गए, बच्चे घर पर सो रहे थे; चोर घर में घुस गये",sad,hi
अकेलापन फिर आया उदास और अकेला...,sad,hi
जो लड़कियाँ सच्चे प्यार की तलाश में हैं वे देखती हैं कि मैं क्यों नहीं,sad,hi
लड़के आज भी तीन से चार किलोमीटर पैदल चलकर स्कूल जाते हैं,sad,hi
मनसे भी एक भ्रम है,sad,hi
कुछ ही दिनों में यह पागल हो जाता है,sad,hi
अलविदा कहते हुए फिर मिलने की ठानी थी.. लेकिन उसकी काली आँखें आखिरी बार उससे मिलीं।,sad,hi
: गरबा खेलते समय रास अचानक रुका और गिर गया; परिवार के सामने मौत आ गई,sad,hi
हम्म यह अधूरा लगता है.,sad,hi
फीफा अंडर-19 महिला विश्व कप में भारत ब्राजील से हार गया,sad,hi
*नहीं रहिला मन* (श्री बाला साहेब ठाकरे) *नहीं रहिला धनुष्या*,sad,hi
"भीड़ सांप को कुचलने ही वाली थी, लेकिन साधु ने यह कहकर उसे बचा लिया कि यह पाप होगा; लेकिन एक गलती महंगी पड़ी",sad,hi
ये बहुत सही है. अब बीजेपी की हार शुरू हो गई है.,sad,hi
उनके पिता संत परंपरा वाले सुसंस्कृत महाराष्ट्र के मुख्यमंत्री थे।,sad,hi
क्या ये मजबूरी ही दबाव था????,sad,hi
जीने से क्या फायदा?,sad,hi
बीजेपी के लिए यहां लड़ना आत्मघाती है.,sad,hi
यह दुर्भाग्यपूर्ण है कि महाराष्ट्र में ऐसे लोग हैं जो शिक्षा के महत्व को नहीं समझते हैं।,sad,hi
मनसे भी एक भ्रम है,sad,hi
इसकी घोषणा मैं स्वयं कर रहा हूं.. क्योंकि मेरा कार्यक्रम कोई नहीं देख रहा है,sad,hi
यह बिल्कुल % सही है कि प्रयासों और असफलताओं का सम्मान नहीं किया जाता....,sad,hi
और इस कलियुग की त्रासदी यह है कि... केवल अच्छे लोगों का भाग्य दुखद होता है,sad,hi
"अंत में यही कहना चाहिए, अब अंदर का आदमी खो गया है कि उद्धव को इंतजार करना होगा",sad,hi
हमने किया वह किसी और के साथ भाग गई,sad,hi
"आपको हंसी क्यों आती है, आपको शादी का निमंत्रण नहीं मिला",sad,hi
बिल्कुल सच है...लोग घर में भगवान को नहीं मानते,sad,hi
अब मुझे लगता है कि यह कितना क्रेज था. कोई अन्य मनोरंजन नहीं था,sad,hi
इसकी घोषणा मैं स्वयं कर रहा हूं.. क्योंकि मेरा कार्यक्रम कोई नहीं देख रहा है,sad,hi
वे मौज करते हैं और आम लोगों की जान चली जाती है.,sad,hi
"सर, आप क्या लेकर आये हैं? पढ़कर बहुत दुख हुआ.",sad,hi
इतने बड़े विकासशील देश के लिए ये बेहद शर्मनाक है..,sad,hi
हार निश्चित थी,sad,hi
"एक भयानक त्रासदी, और महाराष्ट्र के बाकी लोग पीड़ित हैं।",sad,hi
अब ये क्या है? इतना निराश?? अभी भी लोगों से बात हो रही है. कुछ इलाज कराओ.,sad,hi
"महाराष्ट्र के खिलाड़ी पर दुखों का पहाड़, मैच से पहले कोचों की मौत, लेकिन फिर भी उन्होंने संघर्ष किया और...",sad,hi
"दुख इस बात का नहीं है कि प्रोजेक्ट चला गया, आयोग कमजोर है, दुख है.",sad,hi
"चाहे कोई भी पार्टी आये, आम जनता को कोई फायदा नहीं होगा.",sad,hi
हम्म यह अधूरा लगता है.,sad,hi
"देश का युवा बेरोजगारी की मार झेल रहा है, लेकिन मोदी सरकार पूरी तरह से चुप है.",sad,hi
नियमों के फेर में फंसे किसानों को कर्जमाफी नहीं मिलने पर राहत कब मिलेगी?,sad,hi
ये वही नमक है जो मेथी के ऊपर से निकलता है लेकिन तकलीफ़ कम करने की कोई कोशिश नहीं होती,sad,hi
तलाक का मुख्य कारण यह है कि झुकना किसे चाहिए? मैं क्यों तुम,sad,hi
इसकी घोषणा मैं स्वयं कर रहा हूं.. क्योंकि मेरा कार्यक्रम कोई नहीं देख रहा है,sad,hi
"कला जगत में पसरा शोक, खो गया बॉलीवुड का 'ही' लेजेंड...",sad,hi
मुझे नौकरी चाहिए लेकिन मोदी सेठ नहीं दे रहे।,sad,hi
मैं पढ़ना चाहता हूं लेकिन पैसे कम हो रहे हैं... कुछ भी सुझाया नहीं गया,sad,hi
"ये हमारा ज़माना था, आज के बच्चे ऐसे नहीं हैं",sad,hi
यह श्रीलंका के लिए एक दुखद कहानी है,sad,hi
बाला साहेब आज बहुत दुखी होंगे,sad,hi
जिम्मेदारी लेने कोई आगे नहीं आता...,sad,hi
जब मन साथ छोड़ देता है तो व्यक्ति हार जाता है और मर जाता है,sad,hi
एक भारतीय के रूप में मैं आज खोया हुआ महसूस कर रहा हूं...,sad,hi
"दुख इस बात का नहीं है कि प्रोजेक्ट चला गया, आयोग कमजोर है, दुख है.",sad,hi
भारी वर्षा किसानो! जिले में दो किसानों की मौत; सरकार को कोई शर्म नहीं है...,sad,hi
"एक भयानक त्रासदी, और महाराष्ट्र के बाकी लोग पीड़ित हैं।",sad,hi
उसकी बात सुनते ही साल जल्दी बीत जाता है.. जल्दी क्या नहीं होता,sad,hi
:रोपण कम होने से इस साल प्याज की होगी बहुतायत!,sad,hi
मैं कभी-कभी सारसबाग जाता हूं. अब वहां सिर्फ भीड़ है और ट्रैफिक की आवाज लगातार आती रहती है.,sad,hi
"किसी के साथ सिर्फ इसलिए रहना क्योंकि वह आपको कुछ देता है, मूलतः गलत अपेक्षा है",sad,hi
"लेकिन बाबा साहेब अम्बेडकर महिलाओं को उपकार नहीं मानते, यह एक त्रासदी है",sad,hi
"घर में नहीं दाना, मुझे बाजीराव बुलाओ?",sad,hi
दुर्भाग्य की बात ये है कि मीडिया एकतरफ़ा ख़बरें चला रहा है,sad,hi
ये बहुत सही है. अब बीजेपी की हार शुरू हो गई है.,sad,hi
भ्रष्ट सरकार के खिलाफ लड़ाई बेरोजगारी की मार झेल रही है.,sad,hi
कुछ ही दिनों में यह पागल हो जाता है,sad,hi
"जिंदगी के सफर में मिलते हैं लोग बहुत, साथ देने वाले कम और साथ छोड़ने वाले ज्यादा।",sad,hi
कांग्रेस को उम्मीद थी कि अच्छे दिन आएंगे लेकिन वह असफल रही,sad,hi
बाकी लोग बेबस हैं,sad,hi
"आह, सत्तार शेठ.... क्या किसानों के मरने पर सूखे जैसे हालात होंगे...?",sad,hi
'स्वायत्त' शब्द ही अब हास्यास्पद लगने लगा है।,sad,hi
अपने मांस और रक्त का त्याग करना कल्पना से परे कितना क्रूर है,sad,hi
रिश्तों का गणित बैंक खातों जैसा है.,sad,hi
अगर इसी तरह जन प्रतिनिधि सड़कों पर उतरते तो यह बुरा वक्त नहीं आता,sad,hi
लोगों का अच्छा रिस्पॉन्स देखने के बाद यह अपनी हार का अहसास है.,sad,hi
उनके पिता संत परंपरा वाले सुसंस्कृत महाराष्ट्र के मुख्यमंत्री थे।,sad,hi
नाना... अभी तक नट सम्राट की भूमिका से बाहर नहीं आये हैं.,sad,hi
गठबंधन तब ख़त्म हुआ जब कांग्रेस और एनसीपी ने गठबंधन कर लिया,sad,hi
यदि विचार को आत्मसात कर लिया होता तो आज यह नौबत नहीं आती।,sad,hi
असल में व्यक्ति को अपने मन की रक्षा करने में सक्षम होना चाहिए... कोई हर समय दूसरों पर कैसे निर्भर रह सकता है..!,sad,hi
ढूंढ रहे हैं लेकिन त्रासदी यह है कि आज के कुछ साहेबा प्रेमी जिन्होंने उस समय इस स्नान में मदद की थी।,sad,hi
मैं कभी-कभी सारसबाग जाता हूं. अब वहां सिर्फ भीड़ है और ट्रैफिक की आवाज लगातार आती रहती है.,sad,hi
SBI ग्राहकों के लिए बुरी खबर! अब ईएमआई में बढ़ोतरी होगी,sad,hi
लाई बोर हो रही है लेकिन.... बिना क्रैक किए सारा मजा बेकार है...,sad,hi
"एक भयानक त्रासदी, और महाराष्ट्र के बाकी लोग पीड़ित हैं।",sad,hi
स्पेन ने जो कारण बताया उससे भारतीय खिलाड़ियों की परेशानी बढ़ गई है.,sad,hi
बिल्कुल सच है...लोग घर में भगवान को नहीं मानते,sad,hi
वापसी की बारिश से धान की फसल को हुए नुकसान का मुआवजा दिलाने के लिए,sad,hi
यह ऐसा गठबंधन है जो पूरी तरह से बाला साहेब के विचारों और सिद्धांतों के खिलाफ है।',sad,hi
"मुझे यह कुछ दिन पहले याद आया था, लेकिन मुझे ऐसा लग रहा है जैसे मैं इसे भूल गया हूं।",sad,hi
"यह पुनर्गठित किसानों के साथ अन्याय है, हमें कोई लाभ नहीं मिल रहा है",sad,hi
बर्बाद बालों का एक अच्छा उदाहरण आप हैं,sad,hi
केंद्र में मोदी सरकार के कारण देश का लोकतंत्र कमजोर हो रहा है!,sad,hi
जब मैं सत्ता में था तो मुझे अपनी मां की याद नहीं आती थी.. अब याद आती है,sad,hi
यदि बच्चों को शिक्षा प्राप्त करने के लिए स्कूल की मांग करनी पड़े तो यह बहुत दुर्भाग्यपूर्ण है,sad,hi
कुछ ही दिनों में यह पागल हो जाता है,sad,hi
वह ठीक से बोल भी नहीं पाता.,sad,hi
"किसी के साथ सिर्फ इसलिए रहना क्योंकि वह आपको कुछ देता है, मूलतः गलत अपेक्षा है",sad,hi
"सत्तार जी, क्या आप मराठवाड़ा के किसानों की पीड़ा समझते हैं?",sad,hi
इसे बर्दाश्त नहीं किया जा सकता और न ही कहा जा सकता है,sad,hi
आज तो काम हो जाने के बाद चाय का प्याला और दिल दोनों खा जाते हैं,sad,hi
"दुख इस बात का नहीं है कि प्रोजेक्ट चला गया, आयोग कमजोर है, दुख है.",sad,hi
यह आदमी मुख्यमंत्री बन गया और ऐसा लगा जैसे महाराष्ट्र का पुनर्जन्म हो गया,sad,hi
यदि बच्चों को शिक्षा प्राप्त करने के लिए स्कूल की मांग करनी पड़े तो यह बहुत दुर्भाग्यपूर्ण है,sad,hi
मैं पढ़ना चाहता हूं लेकिन पैसे कम हो रहे हैं... कुछ भी सुझाया नहीं गया,sad,hi
यदि उन्होंने अपनी आत्मा पवार के पास गिरवी रख दी है तो आत्ममंथन कैसे हो सकता है?,sad,hi
भयानक हार सामने है. अब देखते हैं कि ये बीजेपी के उम्मीदवार हैं या गद्दार सेना के.,sad,hi
अब ऊब गया हूँ,sad,hi
"अध्यक्ष महोदय, पुणे ट्रैफिक पुलिस कर्मचारियों के साथ घोर अन्याय हो रहा है",sad,hi
इस दुनिया में सब कुछ चलेगा लेकिन हमें ऐसे लोग नहीं चाहिए जो शिवसेना को खत्म कर दें।',sad,hi
"चाचा, भतीजे को भी नहीं बुलाया जाता इसलिए पोते का पेट फूल जाता है",sad,hi
बताओ कैसे रहना है? करोड़ों लोगों के देश में एक हजार लोग भी 'यह' लोकप्रिय भाषा नहीं बोलते,sad,hi
"सत्तार जी, क्या आप मराठवाड़ा के किसानों की पीड़ा समझते हैं?",sad,hi
एक बार के लिए मुझे कुछ मत दो. लेकिन मुझे शर्मिंदगी से मत छोड़ो।,sad,hi
यह इस बात का उदाहरण है कि अंग्रेजों ने भारतीयों को किस प्रकार गुलाम बनाया था,sad,hi
आज तो काम हो जाने के बाद चाय का प्याला और दिल दोनों खा जाते हैं,sad,hi
दुखद समाचार - बेहद प्रतिभाशाली और मजाकिया अभिनेता प्रदीप पटवर्धन को भावभीनी श्रद्धांजलि......,sad,hi
इतना कहने के बाद श्राद्ध करने का समय आ गया।,sad,hi
लय जटिल है राव...,sad,hi
मन उस शव की तरह हो गया है जिसका अंतिम संस्कार नहीं होता,sad,hi
मैं अब नहीं चाहता,sad,hi
यह आपकी किस्मत नहीं है,sad,hi
"सर, रुकिए, अभी लय ख़राब लग रही है",sad,hi
लेकिन लाखों फैंस पर राज करने वाली परवीन बाबी की मौत बेहद दर्दनाक थी,sad,hi
क्या बीड जिले के हालात पर जागेगा प्रशासन?,sad,hi
केंद्र में मोदी सरकार के कारण देश का लोकतंत्र कमजोर हो रहा है!,sad,hi
केवल माता-पिता ही ऐसे होते हैं! किसी और से ऐसी उम्मीद करना बहुत दुखद है!,sad,hi
इन चार महीनों में उन्होंने अपना राजनीतिक स्वत्व बहुत कम कर लिया है.,sad,hi
इन्हीं सीमेंट सड़कों के कारण मानसून के दौरान शहरों में बाढ़ आ जाती है,sad,hi
"ऐसा लगता है कि यह अदालत न्याय नहीं देगी, जनता उद्धव साहब को न्याय देगी।'",sad,hi
"क्या हाल है, ये खबर तब हुई जब वो घर से निकले..",sad,hi
"क्या विरोध करना ही एकमात्र समाधान है, न्याय नहीं मिलेगा???",sad,hi
"उपमुख्यमंत्री, दिल्ली और महाराष्ट्र में मुख्यमंत्री, नारी की अस्मिता, अस्मिता लेकिन सड़क के किनारे",sad,hi
अधिकारी खुश हैं और नागरिक त्रस्त हैं,sad,hi
मराठी टिप्पणी की मांग करने पर मनसे नेताओं के खिलाफ मामला दर्ज करना मुश्किल है।,sad,hi
"अध्यक्ष महोदय, पुणे ट्रैफिक पुलिस कर्मचारियों के साथ घोर अन्याय हो रहा है",sad,hi
भारी बारिश से बर्बाद हुए एक किसान के बच्चे की दुर्दशा दिल को छू लेने वाली है,sad,hi
वह कोई पागल राजा नहीं है. साक्षात्कार अजीब और निराशाजनक था,sad,hi
इस अभिनेत्री ने कम उम्र में ही आत्महत्या कर ली थी।,sad,hi
काले बालों वाली।,sad,hi
जलगांव: तीन महीने की बच्ची गुंजन की रुमाल से गला घोंटकर हत्या कर दी गई.,sad,hi
दुर्भाग्य की बात ये है कि मीडिया एकतरफ़ा ख़बरें चला रहा है,sad,hi
"देश का युवा बेरोजगारी की मार झेल रहा है, लेकिन मोदी सरकार पूरी तरह से चुप है.",sad,hi
अब ऊब गया हूँ,sad,hi
बाकी लोग बेबस हैं,sad,hi
क्या मैं मर रहा हूँ? तुमने मेरी आँखों में पानी ला दिया!,sad,hi
किसानों को कृषि उपज का दाम नहीं मिल रहा है तो वे कहां जाएं? मॉल में क्यों?,sad,hi
अपने मांस और रक्त का त्याग करना कल्पना से परे कितना क्रूर है,sad,hi
यदि उन्होंने अपनी आत्मा पवार के पास गिरवी रख दी है तो आत्ममंथन कैसे हो सकता है?,sad,hi
"किसी के साथ सिर्फ इसलिए रहना क्योंकि वह आपको कुछ देता है, मूलतः गलत अपेक्षा है",sad,hi
अमरावती में मौत का यह ग्राफ सबसे ज्यादा है,sad,hi
धर्म की रक्षा करने वाला घायल होगा..,sad,hi
जिनसे उसने ढाई साल तक पैकेट लिए। अब उनके खिलाफ लिखने का समय आ गया है... यह कठिन है..!,sad,hi
सबसे बुरी बात गांव के पोलार्ड के साथ हुई... बेचारी घर-घर घूम रही थी..,sad,hi
": महँगाई का प्रकोप; CNG, PNG के दाम बढ़ेंगे",sad,hi
यह बहुत दुर्भाग्यपूर्ण और क्रोधित करने वाला है.',sad,hi
बुरी खबर इस दुर्घटना में शहीद हुए जवानों को हार्दिक श्रद्धांजलि,sad,hi
इन सोई हुई सरकारों को बताओ किसके दिल का हाल। कई उत्साही लोग बेरोजगारी से तबाह हो गए थे।,sad,hi
मराठी टिप्पणी की मांग करने पर मनसे नेताओं के खिलाफ मामला दर्ज करना मुश्किल है।,sad,hi
"महाराष्ट्र में सत्ता में होने के बावजूद हमें अपनी पुलिस पर भरोसा नहीं है, भगवान आपका भला करे",sad,hi
"इसकी बहुत जरूरत है सर, क्योंकि इस बार की वापसी से किसान थक गये हैं",sad,hi
भारी बारिश से बर्बाद हुए एक किसान के बच्चे की दुर्दशा दिल को छू लेने वाली है,sad,hi
"नांदेड़ में हुआ भयानक हादसा, विद्युतीकरण कार्य से लौट रही थी ट्रेन.",sad,hi
"मैं भी कभी उससे ऐसे ही प्यार करता था, पर उसे ये मंजूर नहीं था",sad,hi
बहुत चिंतित! मन भरा रहेगा. लेकिन ये सब जून के बाद महसूस होना शुरू हुआ.,sad,hi
अब ये क्या है? इतना निराश?? अभी भी लोगों से बात हो रही है. कुछ इलाज कराओ.,sad,hi
हां माना कि प्रतिस्पर्धा के युग में इंसान भूलता जा रहा है कि देश और समाज में क्या चल रहा है,sad,hi
ये बहुत सही है. अब बीजेपी की हार शुरू हो गई है.,sad,hi
बाला साहेब होते तो ये तस्वीर कभी देखने को नहीं मिलती,sad,hi
भयानक हार सामने है. अब देखते हैं कि ये बीजेपी के उम्मीदवार हैं या गद्दार सेना के.,sad,hi
वापसी की बारिश से नुकसान झेलने वाले सोयाबीन किसानों को भी झटका लगा है.,sad,hi
लालपरी और उनके कर्मचारियों को सबसे ज्यादा नुकसान पवार साहब से हुआ,sad,hi
यह आदमी मुख्यमंत्री बन गया और ऐसा लगा जैसे महाराष्ट्र का पुनर्जन्म हो गया,sad,hi
इतने बड़े विकासशील देश के लिए ये बेहद शर्मनाक है..,sad,hi
तुम रात भर ठंड में फुसफुसाते हुए खुले मोहल्ले में सांप की तरह दौड़ रहे हो,sad,hi
"तानाशाही अंततः खुद को गोली मार लेती है, यही दुनिया का इतिहास है...",sad,hi
"माझा ने शिवसेना नेताओं के चरणों में माथा टेका, बर्तन भी धोए लेकिन काम जारी रहा...",sad,hi
"जिस देश में शिक्षा को पहले व्यवसाय बना दिया गया हो, वहां क्या उम्मीद करें",sad,hi
दुखद समाचार - बेहद प्रतिभाशाली और मजाकिया अभिनेता प्रदीप पटवर्धन को भावभीनी श्रद्धांजलि......,sad,hi
"कला जगत में पसरा शोक, खो गया बॉलीवुड का 'ही' लेजेंड...",sad,hi
इस अभिनेत्री ने कम उम्र में ही आत्महत्या कर ली थी।,sad,hi
अगर महंगाई नहीं बढ़ती तो आपकी सैलरी कम है...,sad,hi
एक बार के लिए मुझे कुछ मत दो. लेकिन मुझे शर्मिंदगी से मत छोड़ो।,sad,hi
उनके परिवार को इस दुःख से उबरने की शक्ति मिले! स्व.नरेंद्रजी अग्रवाल को भावभीनी श्रद्धांजलि!,sad,hi
उम्र बढ़ने के साथ छगन भुजबल की बुद्धि कम होती जा रही है,sad,hi
आपकी अच्छाई और ईमानदारी का हमेशा फायदा उठाया जाता है।,sad,hi
नगर निगम के सत्ता में रहते हुए यह समस्या उत्पन्न होना दुर्भाग्यपूर्ण है,sad,hi
अब घर बैठो या रोओ और कम से कम सहानुभूति का इंतज़ार करो,sad,hi
जीवन दोहराया नहीं जाता. सच तो यह है कि जिंदगी की कीमत कोई नहीं जानता,sad,hi
सत्या के निधन के बाद से उद्धव के सिर पर गहरा असर पड़ा है...,sad,hi
लालपरी और उनके कर्मचारियों को सबसे ज्यादा नुकसान पवार साहब से हुआ,sad,hi
"सर, रुकिए, अभी लय ख़राब लग रही है",sad,hi
भ्रष्ट सरकार के खिलाफ लड़ाई बेरोजगारी की मार झेल रही है.,sad,hi
भाजपा के राज में महंगाई दिन प्रतिदिन बढ़ती जा रही है और आम आदमी का जीवन भी दूभर होता जा रहा है।,sad,hi
जब मन साथ छोड़ देता है तो व्यक्ति हार जाता है और मर जाता है,sad,hi
मनसे भी एक भ्रम है,sad,hi
"चाहे कितनी भी परीक्षा दे दो, सफलता नहीं मिलती",sad,hi
लोगों को अब चुनाव आयोग पर भरोसा नहीं रहा,sad,hi
एक कोंकणी के रूप में सहमत.... यहां फिर से गणपति आते हैं और राजमार्ग उसी जर्जर स्थिति में है...,sad,hi
राणे पनावती एक बार फिर सिद्ध....प्रचार करने आए और उन्हें चुनाव से हटना पड़ा....,sad,hi
"एक पत्नी का ध्वनि संदेश आया जो समुद्र में बह गई थी; ""मैं रवि से खुश हूं""...",sad,hi
आप किसे बताएंगे? एक समय यह पार्टी पढ़े-लिखे लोगों की थी.,sad,hi
दिन ब दिन मुश्किल होती जा रही है...,sad,hi
गन्ना उत्पादन में तो जिला अग्रणी है लेकिन गन्ना मूल्य में हमेशा पिछड़ा रहा है।,sad,hi
अलविदा कहते हुए फिर मिलने की ठानी थी.. लेकिन उसकी काली आँखें आखिरी बार उससे मिलीं।,sad,hi
सरकार निजीकरण करना चाहती है..जिससे गरीबी और बढ़ेगी..,sad,hi
दिमाग में कितना कुछ और क्या जमा है उसे हमेशा लिखने से रोका जाता है,sad,hi
अब तो लगता है कि दोनों का घर धोना पड़ेगा,sad,hi
अब ऊब गया हूँ,sad,hi
सब कठिन है,sad,hi
कैसा अपमान है.,sad,hi
मराठी को मराठी बनाकर मराठी मानुष को गड्ढे में डाल दिया,sad,hi
"न धन्यवाद, न शुभकामनाएँ।",sad,hi
यह आदमी मुख्यमंत्री बन गया और ऐसा लगा जैसे महाराष्ट्र का पुनर्जन्म हो गया,sad,hi
"और अगर हम समान विचारधारा वाले नहीं मिलते, तो यह दुनिया की 'मिट्टी' बन जाती है...",sad,hi
सार्वजनिक सेवा बंद हुए कई साल हो गए हैं।,sad,hi
यह सच है! हमें अपने आप पर शर्मिंदगी महसूस होने लगी है!,sad,hi
इस दुनिया में सब कुछ चलेगा लेकिन हमें ऐसे लोग नहीं चाहिए जो शिवसेना को खत्म कर दें।',sad,hi
मशाल भी चली गई...,sad,hi
बीजेपी के लिए हार निश्चित तौर पर कठिन थी,sad,hi
"हाँ, किव आज नटसम्राता का कैटसम्राता के साथ हुआ साक्षात्कार देखने आया था।",sad,hi
"तलाकशुदा वकील बहू को पोते से मिलने नहीं दिया, दादा ने की आत्महत्या!",sad,hi
अगर इसी तरह जन प्रतिनिधि सड़कों पर उतरते तो यह बुरा वक्त नहीं आता,sad,hi
"हाँ, ये अनुभव की बातें हैं, क्या मेरे साथ कुछ और भी है?",sad,hi
लय जटिल है राव...,sad,hi
आपको अब तक विपक्ष का नेता होना चाहिए था,sad,hi
"क्या विरोध करना ही एकमात्र समाधान है, न्याय नहीं मिलेगा???",sad,hi
मैं अपने सभी मराठा भाइयों और बहनों से अनुरोध करता हूं कि वे आगे से मतदान न करें।,sad,hi
यवतमाल का परिणाम देखकर बहुत दुख हुआ.,sad,hi
"हम घर में रहते हैं, लेकिन उन किसानों की दुर्दशा देखी नहीं जाती.",sad,hi
उत्तर प्रदेश शर्मसार हुआ,sad,hi
गंभीर होना और हंसना मुश्किल हो गया है,sad,hi
इन्हीं सीमेंट सड़कों के कारण मानसून के दौरान शहरों में बाढ़ आ जाती है,sad,hi
"और अगर हम समान विचारधारा वाले नहीं मिलते, तो यह दुनिया की 'मिट्टी' बन जाती है...",sad,hi
बहुत दुख की बात है!,sad,hi
महाराष्ट्र में किसान लगातार भीख मांगने और दिल्ली तक जाते हैं,sad,hi
वापसी की बारिश से धान की फसल को हुए नुकसान का मुआवजा दिलाने के लिए,sad,hi
"इसकी बहुत जरूरत है सर, क्योंकि इस बार की वापसी से किसान थक गये हैं",sad,hi
"यदि बैलगाड़ी में बंधे बैलों में से एक शरारती है, तो बाकी बहुत क्रोधित होते हैं।",sad,hi
यानी सेना को आपकी पोस्ट की कोई कद्र नहीं..,sad,hi
वापसी की बारिश से धान की फसल को हुए नुकसान का मुआवजा दिलाने के लिए,sad,hi
"कला जगत में पसरा शोक, खो गया बॉलीवुड का 'ही' लेजेंड...",sad,hi
बहुत चिंतित! मन भरा रहेगा. लेकिन ये सब जून के बाद महसूस होना शुरू हुआ.,sad,hi
"माझा ने शिवसेना नेताओं के चरणों में माथा टेका, बर्तन भी धोए लेकिन काम जारी रहा...",sad,hi
बहुत चिंतित! मन भरा रहेगा. लेकिन ये सब जून के बाद महसूस होना शुरू हुआ.,sad,hi
सुप्रसिद्ध अभिनेता एवं वरिष्ठ रंगकर्मी प्रदीप पटवर्धन के दुखद निधन पर भावभीनी श्रद्धांजलि,sad,hi
यानी सेना को आपकी पोस्ट की कोई कद्र नहीं..,sad,hi
इंसान छोटा होता है जनाब.. सब एक जैसे नहीं होते..,sad,hi
यह श्रीलंका के लिए एक दुखद कहानी है,sad,hi
नौकरी चली जाएगी और चुनाव भी नहीं जीत पाएंगे. नीचे लिखें,sad,hi
युवाओं के पीछे चल रहा है एक दुष्चक्र!,fear,hi
डर के मारे हमें पहले ही ब्लॉक कर दिया है...,fear,hi
अभ्यंकर अधिक दुर्जेय हैं,fear,hi
अब भी देश में अघोषित आपातकाल लगा हुआ है,fear,hi
"ध्यान दें, नहीं तो बड़ा संकट आने वाला है",fear,hi
हारने के डर से उन्होंने राज ठाकरे के जरिए ये बिजनेस करना शुरू कर दिया,fear,hi
इससे ओनलीफैन्स के संस्थापकों में कार्रवाई के डर से खलबली मच गई है।,fear,hi
यहां संकट पीछे खड़ा है. चेहरे पर भाव देखो.,fear,hi
आप किसी अज्ञात भय से चलने लगे। इसे महसूस करें!,fear,hi
यह देखो। आपके मतदाता के ख़िलाफ़ कुछ चल रहा है।,fear,hi
यदि आप पीछे नहीं हटे तो संदेश यह जाएगा कि आपने हार मान ली है।,fear,hi
मुझे नहीं पता कि यह घर पर है...लेकिन लोग आपके पीछे आग जरूर लगा देंगे,fear,hi
मुंबई में कुछ जगहों पर फिर बढ़ी बुखार (फ्लू) और कोरोना संक्रमण के मरीजों की संख्या,fear,hi
रामनवमी के दिन मध्य प्रदेश के खरगोन में बड़ी हिंसा हुई.,fear,hi
ये उसी भाषण से दस गुना ज्यादा खतरनाक है,fear,hi
"मनीषा आज हारे हुए की तरह बात कर रही है, शायद ये तैयारी कल के झटके को थोड़ा हल्का करने की है.",fear,hi
मैं भी यही सोचता हूं लेकिन ज्यादा संभावना यही लगती है कि ढाल और तलवार दी जायेगी,fear,hi
"खिड़की से झाँककर वह थोड़ा सावधान हो गया, उसके मन के दरवाज़े पर तूफ़ान गरज रहे थे",fear,hi
दुरुपयोग किये गये कर खाते को निलंबित कर दिया जाता है,fear,hi
यह लड़ाई अस्तित्व की लड़ाई है,fear,hi
जो लोग शिवसेना के खिलाफ खेल खेल रहे हैं उन्हें परिणाम भुगतना होगा।',fear,hi
"सावधान, कोरोना। इम्यूनिटी पर हो रहा है सीधा हमला, लक्षण खतरनाक",fear,hi
अब्बा! स्कूल बस में ये अजगर कहां से आया? वीडियो देखकर कोई भी सिहर उठेगा,fear,hi
यह कोई चेतावनी नहीं है सर,fear,hi
इसका मतलब यह है कि भविष्य में मानव अस्तित्व को सबसे बड़ा ख़तरा सभी धर्मों से है।,fear,hi
भविष्य के गुलाम आज ही पैदा करने होंगे।,fear,hi
"यात्रा महाराष्ट्र में आई लेकिन नहीं, उससे पहले ही उसका चीरहरण हो गया.",fear,hi
भागर खा रहे हैं... सावधान! लोगों को जहर दिया जाता है.. यह प्रकार कहां से आया? पढ़ना,fear,hi
"हमें अब पंचायत समिति पर ध्यान देना चाहिए, नहीं तो यह रोजगार भी खत्म हो जायेगा.",fear,hi
"लोकसभा चुनाव तक कभी हत्या की साजिश होगी, कभी हमले की साजिश होगी.",fear,hi
भयानक! कोरोना के नए वेरिएंट से दुनियाभर में हड़कंप; वैज्ञानिकों ने जताई 'ये' बड़ी आशंका!,fear,hi
"भारी कदमों से आया तेंदुआ और अचानक घर से..., चिंता से सिहर उठी...",fear,hi
"मुरजी का गिरना तय था, बीजेपी डरकर पीछे हट गई.",fear,hi
जल्द ही एक बड़े भूकंप के लिए तैयार रहें,fear,hi
"ये है दुनिया का सबसे डरावना हाईवे, गायब हो जाती हैं चलती कारें! जानिए, रहस्य",fear,hi
ये डर है कि सुरक्षित खेल खेलें ताकि हार का असर अगले चुनाव पर न पड़े...,fear,hi
"व्यापारी, उद्यमी और पेशेवर, सावधान! यह जीएसटी विभाग द्वारा दी गई एक गंभीर चेतावनी है",fear,hi
भारत को असली ख़तरा उन लोगों से है जो कहते हैं कि जातिवाद कोई अपराध नहीं है,fear,hi
हमसे मत पूछो कि बेरोजगारी का कितना डर ​​है. जब मैं बीमार था तब भी मैंने किताबें खोलीं और पढ़ीं।,fear,hi
पहले से ही तीन पत्रकारों पर शक है.,fear,hi
ध्यान दें कि इसके पीछे जरूर कोई साजिश होगी....फडणवीस इतनी जल्दी पीछे नहीं हटेंगे.,fear,hi
"राव, यह बड़ी शर्मिंदगी है. राव को करना होगा सामना...",fear,hi
यह तय है कि इसका असर धीरे-धीरे सिर पर पड़ेगा।,fear,hi
मैं आज भी कहता हूं कि ये हल्के में लेने वाला हथियार नहीं है....!,fear,hi
मुझे डर था कि वीडियो बंद क्यों किया गया,fear,hi
चिंताजनक! अकेले मुंबई शहर से अब तक कई किलो ड्रग्स जब्त की है!,fear,hi
मैं अवासे की भयानक रात में आया..,fear,hi
नीचे से जले तो सबके लिए मुश्किल है,fear,hi
"इतनी खतरनाक बारिश नहीं देखी, एक ही जगह...",fear,hi
ऐसा क्यों होता है आपके अंदर जरूर कोई खेल होगा,fear,hi
मनसे के वैभव खेडेकर फिर मुश्किल में पड़ सकते हैं; गिरफ्तारी की लटक रही तलवार,fear,hi
इतने समय तक यह शांत क्यों था? रहस्यमय?,fear,hi
"देखो, तुम विदर्भ में उतरने वाले हो..",fear,hi
आपने अपनी उम्मीदवारी वापस क्यों ले ली?,fear,hi
"ग्राहकों को बड़ा झटका, बैंक ने बदला ये नियम, पढ़कर छूट जाएंगे पसीने...",fear,hi
बीजेपी को चुनाव हारने का डर है इसलिए वो ऐसा कर रही है,fear,hi
महाराष्ट्र में सूखा घोषित करें अन्यथा बलिराजा माफ नहीं करेंगे,fear,hi
ये है तात्या का डर...,fear,hi
पुणे में ऐसी बारिश हो रही है जैसे बादल फट गए हों!!!,fear,hi
कैसी भयंकर ध्वनि है,fear,hi
यह वाक्य सुनकर नीरज चोपड़ा जरूर डर गए होंगे. अब उनका करियर खतरे में पड़ जाएगा.,fear,hi
ठाकरे इतना डरा हुआ क्यों है कि आपको नींद में भी ठाकरे नजर आते हैं?,fear,hi
"हर कोई उत्साह और आस्था से भरा है, लेकिन अंदर ही अंदर बेरोजगारी का डर भी है।",fear,hi
"अमेरिका, रूस और चीन तीन देशों की राक्षसी महत्वाकांक्षाएं दुनिया को विनाश की ओर ले जाएंगी।",fear,hi
यदि कोई स्वतंत्र उम्मीदवार निर्वाचित हो गया तो क्या होगा? कुछ भी नहीं बचेगा @,fear,hi
कोरोना की भविष्यवाणी सच होने के बाद महंत ने की डरावनी भविष्यवाणी,fear,hi
नोटिस मिलते ही आपके बॉस डर गए,fear,hi
"मैं कभी नहीं पूछता, क्योंकि.. मुझे 'उत्तर' से डर लगता है..",fear,hi
यह भीड़ संगीतकारों के लिए भयावह है.,fear,hi
क्या आप राणे का नाम लेने से डरते हैं?,fear,hi
याद रखें कि पुणे मेट्रो गरीबों के लिए अभिशप्त मेट्रो बनने जा रही है,fear,hi
नासिक जिले में पशुओं में फैली लम्पी बीमारी से पशुपालकों में भय का माहौल बढ़ गया है.,fear,hi
यदि हम अभी भी नहीं जागे तो भगवान भी हमें नहीं बचा सकते।,fear,hi
: अमेरिका और चीन के बीच चल रहे टकराव से तीसरे विश्व युद्ध की आशंका,fear,hi
चंद्रमा ने बढ़ाई पृथ्वी की टेंशन! वैज्ञानिक भी चिंतित हैं; पढ़ें आप पर क्या पड़ेगा असर,fear,hi
जब कोई आपके साथ कुछ करता है तो आप इतनी जल्दी क्रोधित कैसे हो जाते हैं?,fear,hi
यह डरावना है..,fear,hi
"यह पेड़ देखने में बहुत खतरनाक लगता है. मनीषा नगर बस स्टॉप, सह्याद्री चाय के सामने...",fear,hi
इसका मतलब यह है कि भारत में अब लोकतंत्र ख़त्म हो चुका है और यह देश डूबने की कगार पर है।,fear,hi
उन दिनों वहां जाने की हिम्मत नहीं होती थी,fear,hi
"क्या आपको डर लगने लगा है, क्या आप परेशान हैं?",fear,hi
मुझे डर है कि दूँ या न दूँ भाई,fear,hi
यह भयानक है.,fear,hi
"इन चार कारणों से कम उम्र में फैल रहा है कैंसर, आप भी रहें सतर्क",fear,hi
आरएसएस पदाधिकारी के घर पर पेट्रोल बम फेंका गया,fear,hi
: प्लास्टिक का बढ़ा डर; अब मां के दूध में भी माइक्रोप्लास्टिक पाए जाते हैं,fear,hi
तेजी से बढ़ रही है परमाणु युद्ध की आशंका! -उद्यमी एलोन मस्क,fear,hi
बिग बी की 'वो' बात किंग खान शाहरुख को डराती है!,fear,hi
सीएनजी के दाम बढ़ने से अब रिक्शा और टैक्सी का किराया बढ़ने की मार शहरवासियों को झेलनी पड़ रही है.,fear,hi
यह तय है कि इसका असर धीरे-धीरे सिर पर पड़ेगा।,fear,hi
चिंताजनक! अकेले मुंबई शहर से अब तक कई किलो ड्रग्स जब्त की है!,fear,hi
ध्यान दें कि इसके पीछे जरूर कोई साजिश होगी....फडणवीस इतनी जल्दी पीछे नहीं हटेंगे.,fear,hi
"ग्राहकों को बड़ा झटका, बैंक ने बदला ये नियम, पढ़कर छूट जाएंगे पसीने...",fear,hi
मुंबई में कुछ जगहों पर फिर बढ़ी बुखार (फ्लू) और कोरोना संक्रमण के मरीजों की संख्या,fear,hi
क्या आप राणे का नाम लेने से डरते हैं?,fear,hi
हारने के डर से उन्होंने राज ठाकरे के जरिए ये बिजनेस करना शुरू कर दिया,fear,hi
ऐसा क्यों होता है आपके अंदर जरूर कोई खेल होगा,fear,hi
दुरुपयोग किये गये कर खाते को निलंबित कर दिया जाता है,fear,hi
"व्यापारी, उद्यमी और पेशेवर, सावधान! यह जीएसटी विभाग द्वारा दी गई एक गंभीर चेतावनी है",fear,hi
मुंबई में कुछ जगहों पर फिर बढ़ी बुखार (फ्लू) और कोरोना संक्रमण के मरीजों की संख्या,fear,hi
यह भयानक है.,fear,hi
"यात्रा महाराष्ट्र में आई लेकिन नहीं, उससे पहले ही उसका चीरहरण हो गया.",fear,hi
इससे ओनलीफैन्स के संस्थापकों में कार्रवाई के डर से खलबली मच गई है।,fear,hi
कैसी भयंकर ध्वनि है,fear,hi
जल्द ही एक बड़े भूकंप के लिए तैयार रहें,fear,hi
याद रखें कि पुणे मेट्रो गरीबों के लिए अभिशप्त मेट्रो बनने जा रही है,fear,hi
"मनीषा आज हारे हुए की तरह बात कर रही है, शायद ये तैयारी कल के झटके को थोड़ा हल्का करने की है.",fear,hi
उन दिनों वहां जाने की हिम्मत नहीं होती थी,fear,hi
यदि हम अभी भी नहीं जागे तो भगवान भी हमें नहीं बचा सकते।,fear,hi
ध्यान दें कि इसके पीछे जरूर कोई साजिश होगी....फडणवीस इतनी जल्दी पीछे नहीं हटेंगे.,fear,hi
ठाकरे इतना डरा हुआ क्यों है कि आपको नींद में भी ठाकरे नजर आते हैं?,fear,hi
"हर कोई उत्साह और आस्था से भरा है, लेकिन अंदर ही अंदर बेरोजगारी का डर भी है।",fear,hi
: अमेरिका और चीन के बीच चल रहे टकराव से तीसरे विश्व युद्ध की आशंका,fear,hi
कैसी भयंकर ध्वनि है,fear,hi
यह भीड़ संगीतकारों के लिए भयावह है.,fear,hi
यह डरावना है..,fear,hi
"ध्यान दें, नहीं तो बड़ा संकट आने वाला है",fear,hi
यह वाक्य सुनकर नीरज चोपड़ा जरूर डर गए होंगे. अब उनका करियर खतरे में पड़ जाएगा.,fear,hi
पुणे में ऐसी बारिश हो रही है जैसे बादल फट गए हों!!!,fear,hi
"भारी कदमों से आया तेंदुआ और अचानक घर से..., चिंता से सिहर उठी...",fear,hi
क्या आप राणे का नाम लेने से डरते हैं?,fear,hi
पहले से ही तीन पत्रकारों पर शक है.,fear,hi
"यह पेड़ देखने में बहुत खतरनाक लगता है. मनीषा नगर बस स्टॉप, सह्याद्री चाय के सामने...",fear,hi
जल्द ही एक बड़े भूकंप के लिए तैयार रहें,fear,hi
"यह पेड़ देखने में बहुत खतरनाक लगता है. मनीषा नगर बस स्टॉप, सह्याद्री चाय के सामने...",fear,hi
इससे ओनलीफैन्स के संस्थापकों में कार्रवाई के डर से खलबली मच गई है।,fear,hi
जो लोग शिवसेना के खिलाफ खेल खेल रहे हैं उन्हें परिणाम भुगतना होगा।',fear,hi
चिंताजनक! अकेले मुंबई शहर से अब तक कई किलो ड्रग्स जब्त की है!,fear,hi
"अमेरिका, रूस और चीन तीन देशों की राक्षसी महत्वाकांक्षाएं दुनिया को विनाश की ओर ले जाएंगी।",fear,hi
"देखो, तुम विदर्भ में उतरने वाले हो..",fear,hi
यदि आप पीछे नहीं हटे तो संदेश यह जाएगा कि आपने हार मान ली है।,fear,hi
बीजेपी को चुनाव हारने का डर है इसलिए वो ऐसा कर रही है,fear,hi
यह देखो। आपके मतदाता के ख़िलाफ़ कुछ चल रहा है।,fear,hi
मैं भी यही सोचता हूं लेकिन ज्यादा संभावना यही लगती है कि ढाल और तलवार दी जायेगी,fear,hi
नोटिस मिलते ही आपके बॉस डर गए,fear,hi
ये है तात्या का डर...,fear,hi
बीजेपी को चुनाव हारने का डर है इसलिए वो ऐसा कर रही है,fear,hi
कैसी भयंकर ध्वनि है,fear,hi
यदि हम अभी भी नहीं जागे तो भगवान भी हमें नहीं बचा सकते।,fear,hi
भारत को असली ख़तरा उन लोगों से है जो कहते हैं कि जातिवाद कोई अपराध नहीं है,fear,hi
हारने के डर से उन्होंने राज ठाकरे के जरिए ये बिजनेस करना शुरू कर दिया,fear,hi
अब भी देश में अघोषित आपातकाल लगा हुआ है,fear,hi
नोटिस मिलते ही आपके बॉस डर गए,fear,hi
यहां संकट पीछे खड़ा है. चेहरे पर भाव देखो.,fear,hi
मनसे के वैभव खेडेकर फिर मुश्किल में पड़ सकते हैं; गिरफ्तारी की लटक रही तलवार,fear,hi
"मैं कभी नहीं पूछता, क्योंकि.. मुझे 'उत्तर' से डर लगता है..",fear,hi
पुणे में ऐसी बारिश हो रही है जैसे बादल फट गए हों!!!,fear,hi
हारने के डर से उन्होंने राज ठाकरे के जरिए ये बिजनेस करना शुरू कर दिया,fear,hi
भयानक! कोरोना के नए वेरिएंट से दुनियाभर में हड़कंप; वैज्ञानिकों ने जताई 'ये' बड़ी आशंका!,fear,hi
पहले से ही तीन पत्रकारों पर शक है.,fear,hi
ऐसा क्यों होता है आपके अंदर जरूर कोई खेल होगा,fear,hi
ये उसी भाषण से दस गुना ज्यादा खतरनाक है,fear,hi
हमसे मत पूछो कि बेरोजगारी का कितना डर ​​है. जब मैं बीमार था तब भी मैंने किताबें खोलीं और पढ़ीं।,fear,hi
हारने के डर से उन्होंने राज ठाकरे के जरिए ये बिजनेस करना शुरू कर दिया,fear,hi
पहले से ही तीन पत्रकारों पर शक है.,fear,hi
"ग्राहकों को बड़ा झटका, बैंक ने बदला ये नियम, पढ़कर छूट जाएंगे पसीने...",fear,hi
चंद्रमा ने बढ़ाई पृथ्वी की टेंशन! वैज्ञानिक भी चिंतित हैं; पढ़ें आप पर क्या पड़ेगा असर,fear,hi
"यात्रा महाराष्ट्र में आई लेकिन नहीं, उससे पहले ही उसका चीरहरण हो गया.",fear,hi
मुंबई में कुछ जगहों पर फिर बढ़ी बुखार (फ्लू) और कोरोना संक्रमण के मरीजों की संख्या,fear,hi
"मनीषा आज हारे हुए की तरह बात कर रही है, शायद ये तैयारी कल के झटके को थोड़ा हल्का करने की है.",fear,hi
यह तय है कि इसका असर धीरे-धीरे सिर पर पड़ेगा।,fear,hi
"मनीषा आज हारे हुए की तरह बात कर रही है, शायद ये तैयारी कल के झटके को थोड़ा हल्का करने की है.",fear,hi
जब कोई आपके साथ कुछ करता है तो आप इतनी जल्दी क्रोधित कैसे हो जाते हैं?,fear,hi
महाराष्ट्र में सूखा घोषित करें अन्यथा बलिराजा माफ नहीं करेंगे,fear,hi
हारने के डर से उन्होंने राज ठाकरे के जरिए ये बिजनेस करना शुरू कर दिया,fear,hi
नीचे से जले तो सबके लिए मुश्किल है,fear,hi
रामनवमी के दिन मध्य प्रदेश के खरगोन में बड़ी हिंसा हुई.,fear,hi
"राव, यह बड़ी शर्मिंदगी है. राव को करना होगा सामना...",fear,hi
"ग्राहकों को बड़ा झटका, बैंक ने बदला ये नियम, पढ़कर छूट जाएंगे पसीने...",fear,hi
ध्यान दें कि इसके पीछे जरूर कोई साजिश होगी....फडणवीस इतनी जल्दी पीछे नहीं हटेंगे.,fear,hi
आप किसी अज्ञात भय से चलने लगे। इसे महसूस करें!,fear,hi
मुझे नहीं पता कि यह घर पर है...लेकिन लोग आपके पीछे आग जरूर लगा देंगे,fear,hi
नीचे से जले तो सबके लिए मुश्किल है,fear,hi
भविष्य के गुलाम आज ही पैदा करने होंगे।,fear,hi
मैं आज भी कहता हूं कि ये हल्के में लेने वाला हथियार नहीं है....!,fear,hi
नासिक जिले में पशुओं में फैली लम्पी बीमारी से पशुपालकों में भय का माहौल बढ़ गया है.,fear,hi
पुणे में ऐसी बारिश हो रही है जैसे बादल फट गए हों!!!,fear,hi
"भारी कदमों से आया तेंदुआ और अचानक घर से..., चिंता से सिहर उठी...",fear,hi
"राव, यह बड़ी शर्मिंदगी है. राव को करना होगा सामना...",fear,hi
मुझे डर है कि दूँ या न दूँ भाई,fear,hi
यदि कोई स्वतंत्र उम्मीदवार निर्वाचित हो गया तो क्या होगा? कुछ भी नहीं बचेगा @,fear,hi
"ये है दुनिया का सबसे डरावना हाईवे, गायब हो जाती हैं चलती कारें! जानिए, रहस्य",fear,hi
मनसे के वैभव खेडेकर फिर मुश्किल में पड़ सकते हैं; गिरफ्तारी की लटक रही तलवार,fear,hi
भविष्य के गुलाम आज ही पैदा करने होंगे।,fear,hi
ये है तात्या का डर...,fear,hi
यदि कोई स्वतंत्र उम्मीदवार निर्वाचित हो गया तो क्या होगा? कुछ भी नहीं बचेगा @,fear,hi
"हमें अब पंचायत समिति पर ध्यान देना चाहिए, नहीं तो यह रोजगार भी खत्म हो जायेगा.",fear,hi
"राव, यह बड़ी शर्मिंदगी है. राव को करना होगा सामना...",fear,hi
अब भी देश में अघोषित आपातकाल लगा हुआ है,fear,hi
"हर कोई उत्साह और आस्था से भरा है, लेकिन अंदर ही अंदर बेरोजगारी का डर भी है।",fear,hi
"अमेरिका, रूस और चीन तीन देशों की राक्षसी महत्वाकांक्षाएं दुनिया को विनाश की ओर ले जाएंगी।",fear,hi
इसका मतलब यह है कि भारत में अब लोकतंत्र ख़त्म हो चुका है और यह देश डूबने की कगार पर है।,fear,hi
"क्या आपको डर लगने लगा है, क्या आप परेशान हैं?",fear,hi
"हर कोई उत्साह और आस्था से भरा है, लेकिन अंदर ही अंदर बेरोजगारी का डर भी है।",fear,hi
सीएनजी के दाम बढ़ने से अब रिक्शा और टैक्सी का किराया बढ़ने की मार शहरवासियों को झेलनी पड़ रही है.,fear,hi
"यह पेड़ देखने में बहुत खतरनाक लगता है. मनीषा नगर बस स्टॉप, सह्याद्री चाय के सामने...",fear,hi
कैसी भयंकर ध्वनि है,fear,hi
ठाकरे इतना डरा हुआ क्यों है कि आपको नींद में भी ठाकरे नजर आते हैं?,fear,hi
"हमें अब पंचायत समिति पर ध्यान देना चाहिए, नहीं तो यह रोजगार भी खत्म हो जायेगा.",fear,hi
यदि आप पीछे नहीं हटे तो संदेश यह जाएगा कि आपने हार मान ली है।,fear,hi
तेजी से बढ़ रही है परमाणु युद्ध की आशंका! -उद्यमी एलोन मस्क,fear,hi
: प्लास्टिक का बढ़ा डर; अब मां के दूध में भी माइक्रोप्लास्टिक पाए जाते हैं,fear,hi
सीएनजी के दाम बढ़ने से अब रिक्शा और टैक्सी का किराया बढ़ने की मार शहरवासियों को झेलनी पड़ रही है.,fear,hi
जब कोई आपके साथ कुछ करता है तो आप इतनी जल्दी क्रोधित कैसे हो जाते हैं?,fear,hi
भागर खा रहे हैं... सावधान! लोगों को जहर दिया जाता है.. यह प्रकार कहां से आया? पढ़ना,fear,hi
ये डर है कि सुरक्षित खेल खेलें ताकि हार का असर अगले चुनाव पर न पड़े...,fear,hi
अब भी देश में अघोषित आपातकाल लगा हुआ है,fear,hi
"मुरजी का गिरना तय था, बीजेपी डरकर पीछे हट गई.",fear,hi
अब्बा! स्कूल बस में ये अजगर कहां से आया? वीडियो देखकर कोई भी सिहर उठेगा,fear,hi
जल्द ही एक बड़े भूकंप के लिए तैयार रहें,fear,hi
मनसे के वैभव खेडेकर फिर मुश्किल में पड़ सकते हैं; गिरफ्तारी की लटक रही तलवार,fear,hi
: अमेरिका और चीन के बीच चल रहे टकराव से तीसरे विश्व युद्ध की आशंका,fear,hi
अब्बा! स्कूल बस में ये अजगर कहां से आया? वीडियो देखकर कोई भी सिहर उठेगा,fear,hi
यदि आप पीछे नहीं हटे तो संदेश यह जाएगा कि आपने हार मान ली है।,fear,hi
भयानक! कोरोना के नए वेरिएंट से दुनियाभर में हड़कंप; वैज्ञानिकों ने जताई 'ये' बड़ी आशंका!,fear,hi
यह भयानक है.,fear,hi
मैं भी यही सोचता हूं लेकिन ज्यादा संभावना यही लगती है कि ढाल और तलवार दी जायेगी,fear,hi
यह देखो। आपके मतदाता के ख़िलाफ़ कुछ चल रहा है।,fear,hi
डर के मारे हमें पहले ही ब्लॉक कर दिया है...,fear,hi
यह वाक्य सुनकर नीरज चोपड़ा जरूर डर गए होंगे. अब उनका करियर खतरे में पड़ जाएगा.,fear,hi
मुंबई में कुछ जगहों पर फिर बढ़ी बुखार (फ्लू) और कोरोना संक्रमण के मरीजों की संख्या,fear,hi
इतने समय तक यह शांत क्यों था? रहस्यमय?,fear,hi
ऐसा क्यों होता है आपके अंदर जरूर कोई खेल होगा,fear,hi
मुझे डर है कि दूँ या न दूँ भाई,fear,hi
यदि कोई स्वतंत्र उम्मीदवार निर्वाचित हो गया तो क्या होगा? कुछ भी नहीं बचेगा @,fear,hi
इसका मतलब यह है कि भविष्य में मानव अस्तित्व को सबसे बड़ा ख़तरा सभी धर्मों से है।,fear,hi
युवाओं के पीछे चल रहा है एक दुष्चक्र!,fear,hi
युवाओं के पीछे चल रहा है एक दुष्चक्र!,fear,hi
ऐसा क्यों होता है आपके अंदर जरूर कोई खेल होगा,fear,hi
मुझे डर था कि वीडियो बंद क्यों किया गया,fear,hi
यह तय है कि इसका असर धीरे-धीरे सिर पर पड़ेगा।,fear,hi
सीएनजी के दाम बढ़ने से अब रिक्शा और टैक्सी का किराया बढ़ने की मार शहरवासियों को झेलनी पड़ रही है.,fear,hi
"इन चार कारणों से कम उम्र में फैल रहा है कैंसर, आप भी रहें सतर्क",fear,hi
इसका मतलब यह है कि भारत में अब लोकतंत्र ख़त्म हो चुका है और यह देश डूबने की कगार पर है।,fear,hi
यह लड़ाई अस्तित्व की लड़ाई है,fear,hi
युवाओं के पीछे चल रहा है एक दुष्चक्र!,fear,hi
यदि कोई स्वतंत्र उम्मीदवार निर्वाचित हो गया तो क्या होगा? कुछ भी नहीं बचेगा @,fear,hi
जल्द ही एक बड़े भूकंप के लिए तैयार रहें,fear,hi
उन दिनों वहां जाने की हिम्मत नहीं होती थी,fear,hi
यदि हम अभी भी नहीं जागे तो भगवान भी हमें नहीं बचा सकते।,fear,hi
"हर कोई उत्साह और आस्था से भरा है, लेकिन अंदर ही अंदर बेरोजगारी का डर भी है।",fear,hi
अब्बा! स्कूल बस में ये अजगर कहां से आया? वीडियो देखकर कोई भी सिहर उठेगा,fear,hi
यदि हम अभी भी नहीं जागे तो भगवान भी हमें नहीं बचा सकते।,fear,hi
"यात्रा महाराष्ट्र में आई लेकिन नहीं, उससे पहले ही उसका चीरहरण हो गया.",fear,hi
भयानक! कोरोना के नए वेरिएंट से दुनियाभर में हड़कंप; वैज्ञानिकों ने जताई 'ये' बड़ी आशंका!,fear,hi
मनसे के वैभव खेडेकर फिर मुश्किल में पड़ सकते हैं; गिरफ्तारी की लटक रही तलवार,fear,hi
"हमें अब पंचायत समिति पर ध्यान देना चाहिए, नहीं तो यह रोजगार भी खत्म हो जायेगा.",fear,hi
मुझे नहीं पता कि यह घर पर है...लेकिन लोग आपके पीछे आग जरूर लगा देंगे,fear,hi
युवाओं के पीछे चल रहा है एक दुष्चक्र!,fear,hi
यह भयानक है.,fear,hi
"व्यापारी, उद्यमी और पेशेवर, सावधान! यह जीएसटी विभाग द्वारा दी गई एक गंभीर चेतावनी है",fear,hi
मुंबई में कुछ जगहों पर फिर बढ़ी बुखार (फ्लू) और कोरोना संक्रमण के मरीजों की संख्या,fear,hi
"मनीषा आज हारे हुए की तरह बात कर रही है, शायद ये तैयारी कल के झटके को थोड़ा हल्का करने की है.",fear,hi
भयानक! कोरोना के नए वेरिएंट से दुनियाभर में हड़कंप; वैज्ञानिकों ने जताई 'ये' बड़ी आशंका!,fear,hi
भयानक! कोरोना के नए वेरिएंट से दुनियाभर में हड़कंप; वैज्ञानिकों ने जताई 'ये' बड़ी आशंका!,fear,hi
दुरुपयोग किये गये कर खाते को निलंबित कर दिया जाता है,fear,hi
यह भीड़ संगीतकारों के लिए भयावह है.,fear,hi
"ये है दुनिया का सबसे डरावना हाईवे, गायब हो जाती हैं चलती कारें! जानिए, रहस्य",fear,hi
भविष्य के गुलाम आज ही पैदा करने होंगे।,fear,hi
मैं अवासे की भयानक रात में आया..,fear,hi
इससे ओनलीफैन्स के संस्थापकों में कार्रवाई के डर से खलबली मच गई है।,fear,hi
"मुरजी का गिरना तय था, बीजेपी डरकर पीछे हट गई.",fear,hi
"ध्यान दें, नहीं तो बड़ा संकट आने वाला है",fear,hi
: प्लास्टिक का बढ़ा डर; अब मां के दूध में भी माइक्रोप्लास्टिक पाए जाते हैं,fear,hi
यदि हम अभी भी नहीं जागे तो भगवान भी हमें नहीं बचा सकते।,fear,hi
ठाकरे इतना डरा हुआ क्यों है कि आपको नींद में भी ठाकरे नजर आते हैं?,fear,hi
मुझे नहीं पता कि यह घर पर है...लेकिन लोग आपके पीछे आग जरूर लगा देंगे,fear,hi
जो लोग शिवसेना के खिलाफ खेल खेल रहे हैं उन्हें परिणाम भुगतना होगा।',fear,hi
मैं भी यही सोचता हूं लेकिन ज्यादा संभावना यही लगती है कि ढाल और तलवार दी जायेगी,fear,hi
"हमें अब पंचायत समिति पर ध्यान देना चाहिए, नहीं तो यह रोजगार भी खत्म हो जायेगा.",fear,hi
"लोकसभा चुनाव तक कभी हत्या की साजिश होगी, कभी हमले की साजिश होगी.",fear,hi
भागर खा रहे हैं... सावधान! लोगों को जहर दिया जाता है.. यह प्रकार कहां से आया? पढ़ना,fear,hi
नोटिस मिलते ही आपके बॉस डर गए,fear,hi
ठाकरे इतना डरा हुआ क्यों है कि आपको नींद में भी ठाकरे नजर आते हैं?,fear,hi
चंद्रमा ने बढ़ाई पृथ्वी की टेंशन! वैज्ञानिक भी चिंतित हैं; पढ़ें आप पर क्या पड़ेगा असर,fear,hi
अभ्यंकर अधिक दुर्जेय हैं,fear,hi
यह भीड़ संगीतकारों के लिए भयावह है.,fear,hi
"भारी कदमों से आया तेंदुआ और अचानक घर से..., चिंता से सिहर उठी...",fear,hi
महाराष्ट्र में सूखा घोषित करें अन्यथा बलिराजा माफ नहीं करेंगे,fear,hi
चंद्रमा ने बढ़ाई पृथ्वी की टेंशन! वैज्ञानिक भी चिंतित हैं; पढ़ें आप पर क्या पड़ेगा असर,fear,hi
अभ्यंकर अधिक दुर्जेय हैं,fear,hi
यह डरावना है..,fear,hi
यह तय है कि इसका असर धीरे-धीरे सिर पर पड़ेगा।,fear,hi
"इतनी खतरनाक बारिश नहीं देखी, एक ही जगह...",fear,hi
चिंताजनक! अकेले मुंबई शहर से अब तक कई किलो ड्रग्स जब्त की है!,fear,hi
कैसी भयंकर ध्वनि है,fear,hi
यह कोई चेतावनी नहीं है सर,fear,hi
यहां संकट पीछे खड़ा है. चेहरे पर भाव देखो.,fear,hi
कैसी भयंकर ध्वनि है,fear,hi
डर के मारे हमें पहले ही ब्लॉक कर दिया है...,fear,hi
युवाओं के पीछे चल रहा है एक दुष्चक्र!,fear,hi
"लोकसभा चुनाव तक कभी हत्या की साजिश होगी, कभी हमले की साजिश होगी.",fear,hi
ये है तात्या का डर...,fear,hi
इतने समय तक यह शांत क्यों था? रहस्यमय?,fear,hi
यदि आप पीछे नहीं हटे तो संदेश यह जाएगा कि आपने हार मान ली है।,fear,hi
इतने समय तक यह शांत क्यों था? रहस्यमय?,fear,hi
रामनवमी के दिन मध्य प्रदेश के खरगोन में बड़ी हिंसा हुई.,fear,hi
युवाओं के पीछे चल रहा है एक दुष्चक्र!,fear,hi
मुझे डर था कि वीडियो बंद क्यों किया गया,fear,hi
"ग्राहकों को बड़ा झटका, बैंक ने बदला ये नियम, पढ़कर छूट जाएंगे पसीने...",fear,hi
जल्द ही एक बड़े भूकंप के लिए तैयार रहें,fear,hi
"मुरजी का गिरना तय था, बीजेपी डरकर पीछे हट गई.",fear,hi
यह देखो। आपके मतदाता के ख़िलाफ़ कुछ चल रहा है।,fear,hi
"भारी कदमों से आया तेंदुआ और अचानक घर से..., चिंता से सिहर उठी...",fear,hi
ठाकरे इतना डरा हुआ क्यों है कि आपको नींद में भी ठाकरे नजर आते हैं?,fear,hi
"इतनी खतरनाक बारिश नहीं देखी, एक ही जगह...",fear,hi
ये उसी भाषण से दस गुना ज्यादा खतरनाक है,fear,hi
भयानक! कोरोना के नए वेरिएंट से दुनियाभर में हड़कंप; वैज्ञानिकों ने जताई 'ये' बड़ी आशंका!,fear,hi
"ये है दुनिया का सबसे डरावना हाईवे, गायब हो जाती हैं चलती कारें! जानिए, रहस्य",fear,hi
हमसे मत पूछो कि बेरोजगारी का कितना डर ​​है. जब मैं बीमार था तब भी मैंने किताबें खोलीं और पढ़ीं।,fear,hi
मुझे नहीं पता कि यह घर पर है...लेकिन लोग आपके पीछे आग जरूर लगा देंगे,fear,hi
चिंताजनक! अकेले मुंबई शहर से अब तक कई किलो ड्रग्स जब्त की है!,fear,hi
रामनवमी के दिन मध्य प्रदेश के खरगोन में बड़ी हिंसा हुई.,fear,hi
मुझे डर था कि वीडियो बंद क्यों किया गया,fear,hi
यह भयानक है.,fear,hi
भयानक! कोरोना के नए वेरिएंट से दुनियाभर में हड़कंप; वैज्ञानिकों ने जताई 'ये' बड़ी आशंका!,fear,hi
यह लड़ाई अस्तित्व की लड़ाई है,fear,hi
हारने के डर से उन्होंने राज ठाकरे के जरिए ये बिजनेस करना शुरू कर दिया,fear,hi
यदि आप पीछे नहीं हटे तो संदेश यह जाएगा कि आपने हार मान ली है।,fear,hi
नोटिस मिलते ही आपके बॉस डर गए,fear,hi
पहले से ही तीन पत्रकारों पर शक है.,fear,hi
इससे ओनलीफैन्स के संस्थापकों में कार्रवाई के डर से खलबली मच गई है।,fear,hi
क्या आप राणे का नाम लेने से डरते हैं?,fear,hi
कैसी भयंकर ध्वनि है,fear,hi
यहां संकट पीछे खड़ा है. चेहरे पर भाव देखो.,fear,hi
चंद्रमा ने बढ़ाई पृथ्वी की टेंशन! वैज्ञानिक भी चिंतित हैं; पढ़ें आप पर क्या पड़ेगा असर,fear,hi
"व्यापारी, उद्यमी और पेशेवर, सावधान! यह जीएसटी विभाग द्वारा दी गई एक गंभीर चेतावनी है",fear,hi
यहां संकट पीछे खड़ा है. चेहरे पर भाव देखो.,fear,hi
ये उसी भाषण से दस गुना ज्यादा खतरनाक है,fear,hi
मुझे नहीं पता कि यह घर पर है...लेकिन लोग आपके पीछे आग जरूर लगा देंगे,fear,hi
भविष्य के गुलाम आज ही पैदा करने होंगे।,fear,hi
मुझे डर है कि दूँ या न दूँ भाई,fear,hi
"इतनी खतरनाक बारिश नहीं देखी, एक ही जगह...",fear,hi
बीजेपी को चुनाव हारने का डर है इसलिए वो ऐसा कर रही है,fear,hi
महाराष्ट्र में सूखा घोषित करें अन्यथा बलिराजा माफ नहीं करेंगे,fear,hi
यह वाक्य सुनकर नीरज चोपड़ा जरूर डर गए होंगे. अब उनका करियर खतरे में पड़ जाएगा.,fear,hi
यह वाक्य सुनकर नीरज चोपड़ा जरूर डर गए होंगे. अब उनका करियर खतरे में पड़ जाएगा.,fear,hi
"इन चार कारणों से कम उम्र में फैल रहा है कैंसर, आप भी रहें सतर्क",fear,hi
ये डर है कि सुरक्षित खेल खेलें ताकि हार का असर अगले चुनाव पर न पड़े...,fear,hi
"राव, यह बड़ी शर्मिंदगी है. राव को करना होगा सामना...",fear,hi
महाराष्ट्र में सूखा घोषित करें अन्यथा बलिराजा माफ नहीं करेंगे,fear,hi
जो लोग शिवसेना के खिलाफ खेल खेल रहे हैं उन्हें परिणाम भुगतना होगा।',fear,hi
रामनवमी के दिन मध्य प्रदेश के खरगोन में बड़ी हिंसा हुई.,fear,hi
उन दिनों वहां जाने की हिम्मत नहीं होती थी,fear,hi
अब भी देश में अघोषित आपातकाल लगा हुआ है,fear,hi
"ध्यान दें, नहीं तो बड़ा संकट आने वाला है",fear,hi
यह तय है कि इसका असर धीरे-धीरे सिर पर पड़ेगा।,fear,hi
भागर खा रहे हैं... सावधान! लोगों को जहर दिया जाता है.. यह प्रकार कहां से आया? पढ़ना,fear,hi
"देखो, तुम विदर्भ में उतरने वाले हो..",fear,hi
"हमें अब पंचायत समिति पर ध्यान देना चाहिए, नहीं तो यह रोजगार भी खत्म हो जायेगा.",fear,hi
इतने समय तक यह शांत क्यों था? रहस्यमय?,fear,hi
भविष्य के गुलाम आज ही पैदा करने होंगे।,fear,hi
हारने के डर से उन्होंने राज ठाकरे के जरिए ये बिजनेस करना शुरू कर दिया,fear,hi
अब भी देश में अघोषित आपातकाल लगा हुआ है,fear,hi
जो लोग शिवसेना के खिलाफ खेल खेल रहे हैं उन्हें परिणाम भुगतना होगा।',fear,hi
मनसे के वैभव खेडेकर फिर मुश्किल में पड़ सकते हैं; गिरफ्तारी की लटक रही तलवार,fear,hi
"अमेरिका, रूस और चीन तीन देशों की राक्षसी महत्वाकांक्षाएं दुनिया को विनाश की ओर ले जाएंगी।",fear,hi
भविष्य के गुलाम आज ही पैदा करने होंगे।,fear,hi
"अमेरिका, रूस और चीन तीन देशों की राक्षसी महत्वाकांक्षाएं दुनिया को विनाश की ओर ले जाएंगी।",fear,hi
यह भीड़ संगीतकारों के लिए भयावह है.,fear,hi
मैं आज भी कहता हूं कि ये हल्के में लेने वाला हथियार नहीं है....!,fear,hi
यहां संकट पीछे खड़ा है. चेहरे पर भाव देखो.,fear,hi
इससे ओनलीफैन्स के संस्थापकों में कार्रवाई के डर से खलबली मच गई है।,fear,hi
ऐसा क्यों होता है आपके अंदर जरूर कोई खेल होगा,fear,hi
तेजी से बढ़ रही है परमाणु युद्ध की आशंका! -उद्यमी एलोन मस्क,fear,hi
यह लड़ाई अस्तित्व की लड़ाई है,fear,hi
भविष्य के गुलाम आज ही पैदा करने होंगे।,fear,hi
नासिक जिले में पशुओं में फैली लम्पी बीमारी से पशुपालकों में भय का माहौल बढ़ गया है.,fear,hi
अभ्यंकर अधिक दुर्जेय हैं,fear,hi
यह डरावना है..,fear,hi
मनसे के वैभव खेडेकर फिर मुश्किल में पड़ सकते हैं; गिरफ्तारी की लटक रही तलवार,fear,hi
यह कोई चेतावनी नहीं है सर,fear,hi
मुझे डर था कि वीडियो बंद क्यों किया गया,fear,hi
ध्यान दें कि इसके पीछे जरूर कोई साजिश होगी....फडणवीस इतनी जल्दी पीछे नहीं हटेंगे.,fear,hi
क्या आप राणे का नाम लेने से डरते हैं?,fear,hi
मनसे के वैभव खेडेकर फिर मुश्किल में पड़ सकते हैं; गिरफ्तारी की लटक रही तलवार,fear,hi
भागर खा रहे हैं... सावधान! लोगों को जहर दिया जाता है.. यह प्रकार कहां से आया? पढ़ना,fear,hi
जल्द ही एक बड़े भूकंप के लिए तैयार रहें,fear,hi
जब कोई आपके साथ कुछ करता है तो आप इतनी जल्दी क्रोधित कैसे हो जाते हैं?,fear,hi
याद रखें कि पुणे मेट्रो गरीबों के लिए अभिशप्त मेट्रो बनने जा रही है,fear,hi
इतने समय तक यह शांत क्यों था? रहस्यमय?,fear,hi
"व्यापारी, उद्यमी और पेशेवर, सावधान! यह जीएसटी विभाग द्वारा दी गई एक गंभीर चेतावनी है",fear,hi
हमसे मत पूछो कि बेरोजगारी का कितना डर ​​है. जब मैं बीमार था तब भी मैंने किताबें खोलीं और पढ़ीं।,fear,hi
"हमें अब पंचायत समिति पर ध्यान देना चाहिए, नहीं तो यह रोजगार भी खत्म हो जायेगा.",fear,hi
इससे ओनलीफैन्स के संस्थापकों में कार्रवाई के डर से खलबली मच गई है।,fear,hi
जब कोई आपके साथ कुछ करता है तो आप इतनी जल्दी क्रोधित कैसे हो जाते हैं?,fear,hi
बिग बी की 'वो' बात किंग खान शाहरुख को डराती है!,fear,hi
अभ्यंकर अधिक दुर्जेय हैं,fear,hi
मैं भी यही सोचता हूं लेकिन ज्यादा संभावना यही लगती है कि ढाल और तलवार दी जायेगी,fear,hi
कैसी भयंकर ध्वनि है,fear,hi
पुणे में ऐसी बारिश हो रही है जैसे बादल फट गए हों!!!,fear,hi
याद रखें कि पुणे मेट्रो गरीबों के लिए अभिशप्त मेट्रो बनने जा रही है,fear,hi
यह तय है कि इसका असर धीरे-धीरे सिर पर पड़ेगा।,fear,hi
सीएनजी के दाम बढ़ने से अब रिक्शा और टैक्सी का किराया बढ़ने की मार शहरवासियों को झेलनी पड़ रही है.,fear,hi
इससे ओनलीफैन्स के संस्थापकों में कार्रवाई के डर से खलबली मच गई है।,fear,hi
मैं आज भी कहता हूं कि ये हल्के में लेने वाला हथियार नहीं है....!,fear,hi
चंद्रमा ने बढ़ाई पृथ्वी की टेंशन! वैज्ञानिक भी चिंतित हैं; पढ़ें आप पर क्या पड़ेगा असर,fear,hi
चिंताजनक! अकेले मुंबई शहर से अब तक कई किलो ड्रग्स जब्त की है!,fear,hi
ध्यान दें कि इसके पीछे जरूर कोई साजिश होगी....फडणवीस इतनी जल्दी पीछे नहीं हटेंगे.,fear,hi
नीचे से जले तो सबके लिए मुश्किल है,fear,hi
डर के मारे हमें पहले ही ब्लॉक कर दिया है...,fear,hi
ऐसा क्यों होता है आपके अंदर जरूर कोई खेल होगा,fear,hi
जो लोग शिवसेना के खिलाफ खेल खेल रहे हैं उन्हें परिणाम भुगतना होगा।',fear,hi
"व्यापारी, उद्यमी और पेशेवर, सावधान! यह जीएसटी विभाग द्वारा दी गई एक गंभीर चेतावनी है",fear,hi
भागर खा रहे हैं... सावधान! लोगों को जहर दिया जाता है.. यह प्रकार कहां से आया? पढ़ना,fear,hi
दुरुपयोग किये गये कर खाते को निलंबित कर दिया जाता है,fear,hi
"ध्यान दें, नहीं तो बड़ा संकट आने वाला है",fear,hi
यह कोई चेतावनी नहीं है सर,fear,hi
यहां संकट पीछे खड़ा है. चेहरे पर भाव देखो.,fear,hi
इतने समय तक यह शांत क्यों था? रहस्यमय?,fear,hi
ये उसी भाषण से दस गुना ज्यादा खतरनाक है,fear,hi
अब भी देश में अघोषित आपातकाल लगा हुआ है,fear,hi
"व्यापारी, उद्यमी और पेशेवर, सावधान! यह जीएसटी विभाग द्वारा दी गई एक गंभीर चेतावनी है",fear,hi
नोटिस मिलते ही आपके बॉस डर गए,fear,hi
मनसे के वैभव खेडेकर फिर मुश्किल में पड़ सकते हैं; गिरफ्तारी की लटक रही तलवार,fear,hi
मैं आज भी कहता हूं कि ये हल्के में लेने वाला हथियार नहीं है....!,fear,hi
मनसे के वैभव खेडेकर फिर मुश्किल में पड़ सकते हैं; गिरफ्तारी की लटक रही तलवार,fear,hi
भयानक! कोरोना के नए वेरिएंट से दुनियाभर में हड़कंप; वैज्ञानिकों ने जताई 'ये' बड़ी आशंका!,fear,hi
इतने समय तक यह शांत क्यों था? रहस्यमय?,fear,hi
जब कोई आपके साथ कुछ करता है तो आप इतनी जल्दी क्रोधित कैसे हो जाते हैं?,fear,hi
"सावधान, कोरोना। इम्यूनिटी पर हो रहा है सीधा हमला, लक्षण खतरनाक",fear,hi
नीचे से जले तो सबके लिए मुश्किल है,fear,hi
अभ्यंकर अधिक दुर्जेय हैं,fear,hi
जल्द ही एक बड़े भूकंप के लिए तैयार रहें,fear,hi
यह कोई चेतावनी नहीं है सर,fear,hi
यह देखो। आपके मतदाता के ख़िलाफ़ कुछ चल रहा है।,fear,hi
यह भयानक है.,fear,hi
मुंबई में कुछ जगहों पर फिर बढ़ी बुखार (फ्लू) और कोरोना संक्रमण के मरीजों की संख्या,fear,hi
"इतनी खतरनाक बारिश नहीं देखी, एक ही जगह...",fear,hi
नासिक जिले में पशुओं में फैली लम्पी बीमारी से पशुपालकों में भय का माहौल बढ़ गया है.,fear,hi
इसका मतलब यह है कि भारत में अब लोकतंत्र ख़त्म हो चुका है और यह देश डूबने की कगार पर है।,fear,hi
यह लड़ाई अस्तित्व की लड़ाई है,fear,hi
"यह पेड़ देखने में बहुत खतरनाक लगता है. मनीषा नगर बस स्टॉप, सह्याद्री चाय के सामने...",fear,hi
मुझे डर था कि वीडियो बंद क्यों किया गया,fear,hi
"राव, यह बड़ी शर्मिंदगी है. राव को करना होगा सामना...",fear,hi
युवाओं के पीछे चल रहा है एक दुष्चक्र!,fear,hi
"ये है दुनिया का सबसे डरावना हाईवे, गायब हो जाती हैं चलती कारें! जानिए, रहस्य",fear,hi
जो लोग शिवसेना के खिलाफ खेल खेल रहे हैं उन्हें परिणाम भुगतना होगा।',fear,hi
"ग्राहकों को बड़ा झटका, बैंक ने बदला ये नियम, पढ़कर छूट जाएंगे पसीने...",fear,hi
हारने के डर से उन्होंने राज ठाकरे के जरिए ये बिजनेस करना शुरू कर दिया,fear,hi
बीजेपी को चुनाव हारने का डर है इसलिए वो ऐसा कर रही है,fear,hi
ठाकरे इतना डरा हुआ क्यों है कि आपको नींद में भी ठाकरे नजर आते हैं?,fear,hi
यह वाक्य सुनकर नीरज चोपड़ा जरूर डर गए होंगे. अब उनका करियर खतरे में पड़ जाएगा.,fear,hi
"हमें अब पंचायत समिति पर ध्यान देना चाहिए, नहीं तो यह रोजगार भी खत्म हो जायेगा.",fear,hi
"हमें अब पंचायत समिति पर ध्यान देना चाहिए, नहीं तो यह रोजगार भी खत्म हो जायेगा.",fear,hi
जल्द ही एक बड़े भूकंप के लिए तैयार रहें,fear,hi
चंद्रमा ने बढ़ाई पृथ्वी की टेंशन! वैज्ञानिक भी चिंतित हैं; पढ़ें आप पर क्या पड़ेगा असर,fear,hi
यदि आप पीछे नहीं हटे तो संदेश यह जाएगा कि आपने हार मान ली है।,fear,hi
मैं भी यही सोचता हूं लेकिन ज्यादा संभावना यही लगती है कि ढाल और तलवार दी जायेगी,fear,hi
मुंबई में कुछ जगहों पर फिर बढ़ी बुखार (फ्लू) और कोरोना संक्रमण के मरीजों की संख्या,fear,hi
यह डरावना है..,fear,hi
यह देखो। आपके मतदाता के ख़िलाफ़ कुछ चल रहा है।,fear,hi
ध्यान दें कि इसके पीछे जरूर कोई साजिश होगी....फडणवीस इतनी जल्दी पीछे नहीं हटेंगे.,fear,hi
चंद्रमा ने बढ़ाई पृथ्वी की टेंशन! वैज्ञानिक भी चिंतित हैं; पढ़ें आप पर क्या पड़ेगा असर,fear,hi
मैं भी यही सोचता हूं लेकिन ज्यादा संभावना यही लगती है कि ढाल और तलवार दी जायेगी,fear,hi
यदि आप पीछे नहीं हटे तो संदेश यह जाएगा कि आपने हार मान ली है।,fear,hi
"ये है दुनिया का सबसे डरावना हाईवे, गायब हो जाती हैं चलती कारें! जानिए, रहस्य",fear,hi
क्या आप राणे का नाम लेने से डरते हैं?,fear,hi
आपने अपनी उम्मीदवारी वापस क्यों ले ली?,fear,hi
भविष्य के गुलाम आज ही पैदा करने होंगे।,fear,hi
क्या आप राणे का नाम लेने से डरते हैं?,fear,hi
भागर खा रहे हैं... सावधान! लोगों को जहर दिया जाता है.. यह प्रकार कहां से आया? पढ़ना,fear,hi
आप किसी अज्ञात भय से चलने लगे। इसे महसूस करें!,fear,hi
डर के मारे हमें पहले ही ब्लॉक कर दिया है...,fear,hi
क्या आप राणे का नाम लेने से डरते हैं?,fear,hi
यह वाक्य सुनकर नीरज चोपड़ा जरूर डर गए होंगे. अब उनका करियर खतरे में पड़ जाएगा.,fear,hi
"भारी कदमों से आया तेंदुआ और अचानक घर से..., चिंता से सिहर उठी...",fear,hi
चंद्रमा ने बढ़ाई पृथ्वी की टेंशन! वैज्ञानिक भी चिंतित हैं; पढ़ें आप पर क्या पड़ेगा असर,fear,hi
कैसी भयंकर ध्वनि है,fear,hi
"इन चार कारणों से कम उम्र में फैल रहा है कैंसर, आप भी रहें सतर्क",fear,hi
: अमेरिका और चीन के बीच चल रहे टकराव से तीसरे विश्व युद्ध की आशंका,fear,hi
"लोकसभा चुनाव तक कभी हत्या की साजिश होगी, कभी हमले की साजिश होगी.",fear,hi
अभ्यंकर अधिक दुर्जेय हैं,fear,hi
यदि आप पीछे नहीं हटे तो संदेश यह जाएगा कि आपने हार मान ली है।,fear,hi
यदि हम अभी भी नहीं जागे तो भगवान भी हमें नहीं बचा सकते।,fear,hi
कोरोना की भविष्यवाणी सच होने के बाद महंत ने की डरावनी भविष्यवाणी,fear,hi
यदि कोई स्वतंत्र उम्मीदवार निर्वाचित हो गया तो क्या होगा? कुछ भी नहीं बचेगा @,fear,hi
पहले से ही तीन पत्रकारों पर शक है.,fear,hi
इसका मतलब यह है कि भविष्य में मानव अस्तित्व को सबसे बड़ा ख़तरा सभी धर्मों से है।,fear,hi
जब कोई आपके साथ कुछ करता है तो आप इतनी जल्दी क्रोधित कैसे हो जाते हैं?,fear,hi
हमसे मत पूछो कि बेरोजगारी का कितना डर ​​है. जब मैं बीमार था तब भी मैंने किताबें खोलीं और पढ़ीं।,fear,hi
"मुरजी का गिरना तय था, बीजेपी डरकर पीछे हट गई.",fear,hi
मुझे नहीं पता कि यह घर पर है...लेकिन लोग आपके पीछे आग जरूर लगा देंगे,fear,hi
पहले से ही तीन पत्रकारों पर शक है.,fear,hi
इतने समय तक यह शांत क्यों था? रहस्यमय?,fear,hi
हमसे मत पूछो कि बेरोजगारी का कितना डर ​​है. जब मैं बीमार था तब भी मैंने किताबें खोलीं और पढ़ीं।,fear,hi
नोटिस मिलते ही आपके बॉस डर गए,fear,hi
मुझे डर था कि वीडियो बंद क्यों किया गया,fear,hi
"लोकसभा चुनाव तक कभी हत्या की साजिश होगी, कभी हमले की साजिश होगी.",fear,hi
नीचे से जले तो सबके लिए मुश्किल है,fear,hi
उन दिनों वहां जाने की हिम्मत नहीं होती थी,fear,hi
"इन चार कारणों से कम उम्र में फैल रहा है कैंसर, आप भी रहें सतर्क",fear,hi
अब भी देश में अघोषित आपातकाल लगा हुआ है,fear,hi
चिंताजनक! अकेले मुंबई शहर से अब तक कई किलो ड्रग्स जब्त की है!,fear,hi
आरएसएस पदाधिकारी के घर पर पेट्रोल बम फेंका गया,fear,hi
जब कोई आपके साथ कुछ करता है तो आप इतनी जल्दी क्रोधित कैसे हो जाते हैं?,fear,hi
ऐसा क्यों होता है आपके अंदर जरूर कोई खेल होगा,fear,hi
यह तय है कि इसका असर धीरे-धीरे सिर पर पड़ेगा।,fear,hi
पहले से ही तीन पत्रकारों पर शक है.,fear,hi
तेजी से बढ़ रही है परमाणु युद्ध की आशंका! -उद्यमी एलोन मस्क,fear,hi
नीचे से जले तो सबके लिए मुश्किल है,fear,hi
"लोकसभा चुनाव तक कभी हत्या की साजिश होगी, कभी हमले की साजिश होगी.",fear,hi
युवाओं के पीछे चल रहा है एक दुष्चक्र!,fear,hi
"मनीषा आज हारे हुए की तरह बात कर रही है, शायद ये तैयारी कल के झटके को थोड़ा हल्का करने की है.",fear,hi
"खिड़की से झाँककर वह थोड़ा सावधान हो गया, उसके मन के दरवाज़े पर तूफ़ान गरज रहे थे",fear,hi
ये है तात्या का डर...,fear,hi
यह तय है कि इसका असर धीरे-धीरे सिर पर पड़ेगा।,fear,hi
यह डरावना है..,fear,hi
ऐसा क्यों होता है आपके अंदर जरूर कोई खेल होगा,fear,hi
अभ्यंकर अधिक दुर्जेय हैं,fear,hi
मुझे डर है कि दूँ या न दूँ भाई,fear,hi
जल्द ही एक बड़े भूकंप के लिए तैयार रहें,fear,hi
यह भीड़ संगीतकारों के लिए भयावह है.,fear,hi
मैं आज भी कहता हूं कि ये हल्के में लेने वाला हथियार नहीं है....!,fear,hi
"सावधान, कोरोना। इम्यूनिटी पर हो रहा है सीधा हमला, लक्षण खतरनाक",fear,hi
दुरुपयोग किये गये कर खाते को निलंबित कर दिया जाता है,fear,hi
"यात्रा महाराष्ट्र में आई लेकिन नहीं, उससे पहले ही उसका चीरहरण हो गया.",fear,hi
यहां संकट पीछे खड़ा है. चेहरे पर भाव देखो.,fear,hi
"लोकसभा चुनाव तक कभी हत्या की साजिश होगी, कभी हमले की साजिश होगी.",fear,hi
"इतनी खतरनाक बारिश नहीं देखी, एक ही जगह...",fear,hi
कोरोना की भविष्यवाणी सच होने के बाद महंत ने की डरावनी भविष्यवाणी,fear,hi
मुझे डर था कि वीडियो बंद क्यों किया गया,fear,hi
भारत को असली ख़तरा उन लोगों से है जो कहते हैं कि जातिवाद कोई अपराध नहीं है,fear,hi
क्या आप राणे का नाम लेने से डरते हैं?,fear,hi
ऐसा क्यों होता है आपके अंदर जरूर कोई खेल होगा,fear,hi
पहले से ही तीन पत्रकारों पर शक है.,fear,hi
अब्बा! स्कूल बस में ये अजगर कहां से आया? वीडियो देखकर कोई भी सिहर उठेगा,fear,hi
पहले से ही तीन पत्रकारों पर शक है.,fear,hi
बीजेपी को चुनाव हारने का डर है इसलिए वो ऐसा कर रही है,fear,hi
"मुरजी का गिरना तय था, बीजेपी डरकर पीछे हट गई.",fear,hi
आरएसएस पदाधिकारी के घर पर पेट्रोल बम फेंका गया,fear,hi
नीचे से जले तो सबके लिए मुश्किल है,fear,hi
मुझे डर है कि दूँ या न दूँ भाई,fear,hi
बीजेपी को चुनाव हारने का डर है इसलिए वो ऐसा कर रही है,fear,hi
यह देखो। आपके मतदाता के ख़िलाफ़ कुछ चल रहा है।,fear,hi
मुंबई में कुछ जगहों पर फिर बढ़ी बुखार (फ्लू) और कोरोना संक्रमण के मरीजों की संख्या,fear,hi
ठाकरे इतना डरा हुआ क्यों है कि आपको नींद में भी ठाकरे नजर आते हैं?,fear,hi
"ध्यान दें, नहीं तो बड़ा संकट आने वाला है",fear,hi
इससे ओनलीफैन्स के संस्थापकों में कार्रवाई के डर से खलबली मच गई है।,fear,hi
डर के मारे हमें पहले ही ब्लॉक कर दिया है...,fear,hi
मैं अवासे की भयानक रात में आया..,fear,hi
"राव, यह बड़ी शर्मिंदगी है. राव को करना होगा सामना...",fear,hi
मैं भी यही सोचता हूं लेकिन ज्यादा संभावना यही लगती है कि ढाल और तलवार दी जायेगी,fear,hi
सीएनजी के दाम बढ़ने से अब रिक्शा और टैक्सी का किराया बढ़ने की मार शहरवासियों को झेलनी पड़ रही है.,fear,hi
नीचे से जले तो सबके लिए मुश्किल है,fear,hi
"मनीषा आज हारे हुए की तरह बात कर रही है, शायद ये तैयारी कल के झटके को थोड़ा हल्का करने की है.",fear,hi
"भारी कदमों से आया तेंदुआ और अचानक घर से..., चिंता से सिहर उठी...",fear,hi
ये डर है कि सुरक्षित खेल खेलें ताकि हार का असर अगले चुनाव पर न पड़े...,fear,hi
"खिड़की से झाँककर वह थोड़ा सावधान हो गया, उसके मन के दरवाज़े पर तूफ़ान गरज रहे थे",fear,hi
भविष्य के गुलाम आज ही पैदा करने होंगे।,fear,hi
जो लोग शिवसेना के खिलाफ खेल खेल रहे हैं उन्हें परिणाम भुगतना होगा।',fear,hi
क्या आप राणे का नाम लेने से डरते हैं?,fear,hi
यह तय है कि इसका असर धीरे-धीरे सिर पर पड़ेगा।,fear,hi
ये उसी भाषण से दस गुना ज्यादा खतरनाक है,fear,hi
यह देखो। आपके मतदाता के ख़िलाफ़ कुछ चल रहा है।,fear,hi
जल्द ही एक बड़े भूकंप के लिए तैयार रहें,fear,hi
मैं भी यही सोचता हूं लेकिन ज्यादा संभावना यही लगती है कि ढाल और तलवार दी जायेगी,fear,hi
मैं भी यही सोचता हूं लेकिन ज्यादा संभावना यही लगती है कि ढाल और तलवार दी जायेगी,fear,hi
आप किसी अज्ञात भय से चलने लगे। इसे महसूस करें!,fear,hi
चंद्रमा ने बढ़ाई पृथ्वी की टेंशन! वैज्ञानिक भी चिंतित हैं; पढ़ें आप पर क्या पड़ेगा असर,fear,hi
रामनवमी के दिन मध्य प्रदेश के खरगोन में बड़ी हिंसा हुई.,fear,hi
नीचे से जले तो सबके लिए मुश्किल है,fear,hi
आरएसएस पदाधिकारी के घर पर पेट्रोल बम फेंका गया,fear,hi
ये उसी भाषण से दस गुना ज्यादा खतरनाक है,fear,hi
मुंबई में कुछ जगहों पर फिर बढ़ी बुखार (फ्लू) और कोरोना संक्रमण के मरीजों की संख्या,fear,hi
बिग बी की 'वो' बात किंग खान शाहरुख को डराती है!,fear,hi
चिंताजनक! अकेले मुंबई शहर से अब तक कई किलो ड्रग्स जब्त की है!,fear,hi
"ग्राहकों को बड़ा झटका, बैंक ने बदला ये नियम, पढ़कर छूट जाएंगे पसीने...",fear,hi
उन दिनों वहां जाने की हिम्मत नहीं होती थी,fear,hi
इतने समय तक यह शांत क्यों था? रहस्यमय?,fear,hi
उन दिनों वहां जाने की हिम्मत नहीं होती थी,fear,hi
: प्लास्टिक का बढ़ा डर; अब मां के दूध में भी माइक्रोप्लास्टिक पाए जाते हैं,fear,hi
उन दिनों वहां जाने की हिम्मत नहीं होती थी,fear,hi
पुणे में ऐसी बारिश हो रही है जैसे बादल फट गए हों!!!,fear,hi
"मैं कभी नहीं पूछता, क्योंकि.. मुझे 'उत्तर' से डर लगता है..",fear,hi
भयानक! कोरोना के नए वेरिएंट से दुनियाभर में हड़कंप; वैज्ञानिकों ने जताई 'ये' बड़ी आशंका!,fear,hi
"सावधान, कोरोना। इम्यूनिटी पर हो रहा है सीधा हमला, लक्षण खतरनाक",fear,hi
"व्यापारी, उद्यमी और पेशेवर, सावधान! यह जीएसटी विभाग द्वारा दी गई एक गंभीर चेतावनी है",fear,hi
"राव, यह बड़ी शर्मिंदगी है. राव को करना होगा सामना...",fear,hi
इसका मतलब यह है कि भारत में अब लोकतंत्र ख़त्म हो चुका है और यह देश डूबने की कगार पर है।,fear,hi
"मुरजी का गिरना तय था, बीजेपी डरकर पीछे हट गई.",fear,hi
आप किसी अज्ञात भय से चलने लगे। इसे महसूस करें!,fear,hi
"देखो, तुम विदर्भ में उतरने वाले हो..",fear,hi
"मैं कभी नहीं पूछता, क्योंकि.. मुझे 'उत्तर' से डर लगता है..",fear,hi
चंद्रमा ने बढ़ाई पृथ्वी की टेंशन! वैज्ञानिक भी चिंतित हैं; पढ़ें आप पर क्या पड़ेगा असर,fear,hi
ऐसा क्यों होता है आपके अंदर जरूर कोई खेल होगा,fear,hi
क्या आप राणे का नाम लेने से डरते हैं?,fear,hi
चिंताजनक! अकेले मुंबई शहर से अब तक कई किलो ड्रग्स जब्त की है!,fear,hi
मैं भी यही सोचता हूं लेकिन ज्यादा संभावना यही लगती है कि ढाल और तलवार दी जायेगी,fear,hi
यह तय है कि इसका असर धीरे-धीरे सिर पर पड़ेगा।,fear,hi
जब कोई आपके साथ कुछ करता है तो आप इतनी जल्दी क्रोधित कैसे हो जाते हैं?,fear,hi
"ये है दुनिया का सबसे डरावना हाईवे, गायब हो जाती हैं चलती कारें! जानिए, रहस्य",fear,hi
यह भयानक है.,fear,hi
जल्द ही एक बड़े भूकंप के लिए तैयार रहें,fear,hi
कोरोना की भविष्यवाणी सच होने के बाद महंत ने की डरावनी भविष्यवाणी,fear,hi
मुझे नहीं पता कि यह घर पर है...लेकिन लोग आपके पीछे आग जरूर लगा देंगे,fear,hi
नीचे से जले तो सबके लिए मुश्किल है,fear,hi
पहले से ही तीन पत्रकारों पर शक है.,fear,hi
नोटिस मिलते ही आपके बॉस डर गए,fear,hi
सीएनजी के दाम बढ़ने से अब रिक्शा और टैक्सी का किराया बढ़ने की मार शहरवासियों को झेलनी पड़ रही है.,fear,hi
यह कोई चेतावनी नहीं है सर,fear,hi
"यह पेड़ देखने में बहुत खतरनाक लगता है. मनीषा नगर बस स्टॉप, सह्याद्री चाय के सामने...",fear,hi
इससे ओनलीफैन्स के संस्थापकों में कार्रवाई के डर से खलबली मच गई है।,fear,hi
कोरोना की भविष्यवाणी सच होने के बाद महंत ने की डरावनी भविष्यवाणी,fear,hi
"क्या आपको डर लगने लगा है, क्या आप परेशान हैं?",fear,hi
अभ्यंकर अधिक दुर्जेय हैं,fear,hi
भयानक! कोरोना के नए वेरिएंट से दुनियाभर में हड़कंप; वैज्ञानिकों ने जताई 'ये' बड़ी आशंका!,fear,hi
चंद्रमा ने बढ़ाई पृथ्वी की टेंशन! वैज्ञानिक भी चिंतित हैं; पढ़ें आप पर क्या पड़ेगा असर,fear,hi
आरएसएस पदाधिकारी के घर पर पेट्रोल बम फेंका गया,fear,hi
मैं अवासे की भयानक रात में आया..,fear,hi
यदि आप पीछे नहीं हटे तो संदेश यह जाएगा कि आपने हार मान ली है।,fear,hi
चंद्रमा ने बढ़ाई पृथ्वी की टेंशन! वैज्ञानिक भी चिंतित हैं; पढ़ें आप पर क्या पड़ेगा असर,fear,hi
यदि आप पीछे नहीं हटे तो संदेश यह जाएगा कि आपने हार मान ली है।,fear,hi
"मनीषा आज हारे हुए की तरह बात कर रही है, शायद ये तैयारी कल के झटके को थोड़ा हल्का करने की है.",fear,hi
"मुरजी का गिरना तय था, बीजेपी डरकर पीछे हट गई.",fear,hi
नीचे से जले तो सबके लिए मुश्किल है,fear,hi
अब भी देश में अघोषित आपातकाल लगा हुआ है,fear,hi
ये है तात्या का डर...,fear,hi
ये है तात्या का डर...,fear,hi
"इतनी खतरनाक बारिश नहीं देखी, एक ही जगह...",fear,hi
"क्या आपको डर लगने लगा है, क्या आप परेशान हैं?",fear,hi
अब्बा! स्कूल बस में ये अजगर कहां से आया? वीडियो देखकर कोई भी सिहर उठेगा,fear,hi
इतने समय तक यह शांत क्यों था? रहस्यमय?,fear,hi
"सावधान, कोरोना। इम्यूनिटी पर हो रहा है सीधा हमला, लक्षण खतरनाक",fear,hi
: प्लास्टिक का बढ़ा डर; अब मां के दूध में भी माइक्रोप्लास्टिक पाए जाते हैं,fear,hi
पुणे में ऐसी बारिश हो रही है जैसे बादल फट गए हों!!!,fear,hi
यह भयानक है.,fear,hi
मुझे डर है कि दूँ या न दूँ भाई,fear,hi
पहले से ही तीन पत्रकारों पर शक है.,fear,hi
यह भीड़ संगीतकारों के लिए भयावह है.,fear,hi
इतने समय तक यह शांत क्यों था? रहस्यमय?,fear,hi
"हमें अब पंचायत समिति पर ध्यान देना चाहिए, नहीं तो यह रोजगार भी खत्म हो जायेगा.",fear,hi
दुरुपयोग किये गये कर खाते को निलंबित कर दिया जाता है,fear,hi
बिग बी की 'वो' बात किंग खान शाहरुख को डराती है!,fear,hi
"यह पेड़ देखने में बहुत खतरनाक लगता है. मनीषा नगर बस स्टॉप, सह्याद्री चाय के सामने...",fear,hi
यदि आप पीछे नहीं हटे तो संदेश यह जाएगा कि आपने हार मान ली है।,fear,hi
भागर खा रहे हैं... सावधान! लोगों को जहर दिया जाता है.. यह प्रकार कहां से आया? पढ़ना,fear,hi
ध्यान दें कि इसके पीछे जरूर कोई साजिश होगी....फडणवीस इतनी जल्दी पीछे नहीं हटेंगे.,fear,hi
ठाकरे इतना डरा हुआ क्यों है कि आपको नींद में भी ठाकरे नजर आते हैं?,fear,hi
"मैं कभी नहीं पूछता, क्योंकि.. मुझे 'उत्तर' से डर लगता है..",fear,hi
"यात्रा महाराष्ट्र में आई लेकिन नहीं, उससे पहले ही उसका चीरहरण हो गया.",fear,hi
यह तय है कि इसका असर धीरे-धीरे सिर पर पड़ेगा।,fear,hi
उन दिनों वहां जाने की हिम्मत नहीं होती थी,fear,hi
कोरोना की भविष्यवाणी सच होने के बाद महंत ने की डरावनी भविष्यवाणी,fear,hi
भागर खा रहे हैं... सावधान! लोगों को जहर दिया जाता है.. यह प्रकार कहां से आया? पढ़ना,fear,hi
यदि आप पीछे नहीं हटे तो संदेश यह जाएगा कि आपने हार मान ली है।,fear,hi
यह लड़ाई अस्तित्व की लड़ाई है,fear,hi
हमसे मत पूछो कि बेरोजगारी का कितना डर ​​है. जब मैं बीमार था तब भी मैंने किताबें खोलीं और पढ़ीं।,fear,hi
यह कोई चेतावनी नहीं है सर,fear,hi
डर के मारे हमें पहले ही ब्लॉक कर दिया है...,fear,hi
ऐसा क्यों होता है आपके अंदर जरूर कोई खेल होगा,fear,hi
पुणे में ऐसी बारिश हो रही है जैसे बादल फट गए हों!!!,fear,hi
चंद्रमा ने बढ़ाई पृथ्वी की टेंशन! वैज्ञानिक भी चिंतित हैं; पढ़ें आप पर क्या पड़ेगा असर,fear,hi
यह कोई चेतावनी नहीं है सर,fear,hi
मुझे नहीं पता कि यह घर पर है...लेकिन लोग आपके पीछे आग जरूर लगा देंगे,fear,hi
महाराष्ट्र में सूखा घोषित करें अन्यथा बलिराजा माफ नहीं करेंगे,fear,hi
यह लड़ाई अस्तित्व की लड़ाई है,fear,hi
"ये है दुनिया का सबसे डरावना हाईवे, गायब हो जाती हैं चलती कारें! जानिए, रहस्य",fear,hi
"ये है दुनिया का सबसे डरावना हाईवे, गायब हो जाती हैं चलती कारें! जानिए, रहस्य",fear,hi
"हर कोई उत्साह और आस्था से भरा है, लेकिन अंदर ही अंदर बेरोजगारी का डर भी है।",fear,hi
अब भी देश में अघोषित आपातकाल लगा हुआ है,fear,hi
: प्लास्टिक का बढ़ा डर; अब मां के दूध में भी माइक्रोप्लास्टिक पाए जाते हैं,fear,hi
"ये है दुनिया का सबसे डरावना हाईवे, गायब हो जाती हैं चलती कारें! जानिए, रहस्य",fear,hi
जब कोई आपके साथ कुछ करता है तो आप इतनी जल्दी क्रोधित कैसे हो जाते हैं?,fear,hi
"हमें अब पंचायत समिति पर ध्यान देना चाहिए, नहीं तो यह रोजगार भी खत्म हो जायेगा.",fear,hi
यदि कोई स्वतंत्र उम्मीदवार निर्वाचित हो गया तो क्या होगा? कुछ भी नहीं बचेगा @,fear,hi
"हमें अब पंचायत समिति पर ध्यान देना चाहिए, नहीं तो यह रोजगार भी खत्म हो जायेगा.",fear,hi
"खिड़की से झाँककर वह थोड़ा सावधान हो गया, उसके मन के दरवाज़े पर तूफ़ान गरज रहे थे",fear,hi
इतने समय तक यह शांत क्यों था? रहस्यमय?,fear,hi
यह तय है कि इसका असर धीरे-धीरे सिर पर पड़ेगा।,fear,hi
"व्यापारी, उद्यमी और पेशेवर, सावधान! यह जीएसटी विभाग द्वारा दी गई एक गंभीर चेतावनी है",fear,hi
इतने समय तक यह शांत क्यों था? रहस्यमय?,fear,hi
यदि कोई स्वतंत्र उम्मीदवार निर्वाचित हो गया तो क्या होगा? कुछ भी नहीं बचेगा @,fear,hi
मुझे डर था कि वीडियो बंद क्यों किया गया,fear,hi
ये उसी भाषण से दस गुना ज्यादा खतरनाक है,fear,hi
"इन चार कारणों से कम उम्र में फैल रहा है कैंसर, आप भी रहें सतर्क",fear,hi
दुरुपयोग किये गये कर खाते को निलंबित कर दिया जाता है,fear,hi
ध्यान दें कि इसके पीछे जरूर कोई साजिश होगी....फडणवीस इतनी जल्दी पीछे नहीं हटेंगे.,fear,hi
सीएनजी के दाम बढ़ने से अब रिक्शा और टैक्सी का किराया बढ़ने की मार शहरवासियों को झेलनी पड़ रही है.,fear,hi
मुझे डर था कि वीडियो बंद क्यों किया गया,fear,hi
"मैं कभी नहीं पूछता, क्योंकि.. मुझे 'उत्तर' से डर लगता है..",fear,hi
भविष्य के गुलाम आज ही पैदा करने होंगे।,fear,hi
अब भी देश में अघोषित आपातकाल लगा हुआ है,fear,hi
यदि हम अभी भी नहीं जागे तो भगवान भी हमें नहीं बचा सकते।,fear,hi
यह डरावना है..,fear,hi
"अमेरिका, रूस और चीन तीन देशों की राक्षसी महत्वाकांक्षाएं दुनिया को विनाश की ओर ले जाएंगी।",fear,hi
आपने अपनी उम्मीदवारी वापस क्यों ले ली?,fear,hi
"यात्रा महाराष्ट्र में आई लेकिन नहीं, उससे पहले ही उसका चीरहरण हो गया.",fear,hi
नोटिस मिलते ही आपके बॉस डर गए,fear,hi
यदि हम अभी भी नहीं जागे तो भगवान भी हमें नहीं बचा सकते।,fear,hi
पहले से ही तीन पत्रकारों पर शक है.,fear,hi
अब भी देश में अघोषित आपातकाल लगा हुआ है,fear,hi
कोरोना की भविष्यवाणी सच होने के बाद महंत ने की डरावनी भविष्यवाणी,fear,hi
यहां संकट पीछे खड़ा है. चेहरे पर भाव देखो.,fear,hi
जो लोग शिवसेना के खिलाफ खेल खेल रहे हैं उन्हें परिणाम भुगतना होगा।',fear,hi
मैं आज भी कहता हूं कि ये हल्के में लेने वाला हथियार नहीं है....!,fear,hi
यहां संकट पीछे खड़ा है. चेहरे पर भाव देखो.,fear,hi
"मनीषा आज हारे हुए की तरह बात कर रही है, शायद ये तैयारी कल के झटके को थोड़ा हल्का करने की है.",fear,hi
"यात्रा महाराष्ट्र में आई लेकिन नहीं, उससे पहले ही उसका चीरहरण हो गया.",fear,hi
अब भी देश में अघोषित आपातकाल लगा हुआ है,fear,hi
मुझे डर था कि वीडियो बंद क्यों किया गया,fear,hi
आपने अपनी उम्मीदवारी वापस क्यों ले ली?,fear,hi
: प्लास्टिक का बढ़ा डर; अब मां के दूध में भी माइक्रोप्लास्टिक पाए जाते हैं,fear,hi
पहले से ही तीन पत्रकारों पर शक है.,fear,hi
मनसे के वैभव खेडेकर फिर मुश्किल में पड़ सकते हैं; गिरफ्तारी की लटक रही तलवार,fear,hi
"इन चार कारणों से कम उम्र में फैल रहा है कैंसर, आप भी रहें सतर्क",fear,hi
"अमेरिका, रूस और चीन तीन देशों की राक्षसी महत्वाकांक्षाएं दुनिया को विनाश की ओर ले जाएंगी।",fear,hi
मुझे डर है कि दूँ या न दूँ भाई,fear,hi
युवाओं के पीछे चल रहा है एक दुष्चक्र!,fear,hi
ठाकरे इतना डरा हुआ क्यों है कि आपको नींद में भी ठाकरे नजर आते हैं?,fear,hi
"सावधान, कोरोना। इम्यूनिटी पर हो रहा है सीधा हमला, लक्षण खतरनाक",fear,hi
हारने के डर से उन्होंने राज ठाकरे के जरिए ये बिजनेस करना शुरू कर दिया,fear,hi
हमसे मत पूछो कि बेरोजगारी का कितना डर ​​है. जब मैं बीमार था तब भी मैंने किताबें खोलीं और पढ़ीं।,fear,hi
ये है तात्या का डर...,fear,hi
जो लोग शिवसेना के खिलाफ खेल खेल रहे हैं उन्हें परिणाम भुगतना होगा।',fear,hi
चंद्रमा ने बढ़ाई पृथ्वी की टेंशन! वैज्ञानिक भी चिंतित हैं; पढ़ें आप पर क्या पड़ेगा असर,fear,hi
"राव, यह बड़ी शर्मिंदगी है. राव को करना होगा सामना...",fear,hi
जो लोग शिवसेना के खिलाफ खेल खेल रहे हैं उन्हें परिणाम भुगतना होगा।',fear,hi
"क्या आपको डर लगने लगा है, क्या आप परेशान हैं?",fear,hi
"देखो, तुम विदर्भ में उतरने वाले हो..",fear,hi
"सावधान, कोरोना। इम्यूनिटी पर हो रहा है सीधा हमला, लक्षण खतरनाक",fear,hi
ऐसा क्यों होता है आपके अंदर जरूर कोई खेल होगा,fear,hi
मनसे के वैभव खेडेकर फिर मुश्किल में पड़ सकते हैं; गिरफ्तारी की लटक रही तलवार,fear,hi
"ये है दुनिया का सबसे डरावना हाईवे, गायब हो जाती हैं चलती कारें! जानिए, रहस्य",fear,hi
"ग्राहकों को बड़ा झटका, बैंक ने बदला ये नियम, पढ़कर छूट जाएंगे पसीने...",fear,hi
हारने के डर से उन्होंने राज ठाकरे के जरिए ये बिजनेस करना शुरू कर दिया,fear,hi
यह तय है कि इसका असर धीरे-धीरे सिर पर पड़ेगा।,fear,hi
"यात्रा महाराष्ट्र में आई लेकिन नहीं, उससे पहले ही उसका चीरहरण हो गया.",fear,hi
कैसी भयंकर ध्वनि है,fear,hi
"देखो, तुम विदर्भ में उतरने वाले हो..",fear,hi
ये डर है कि सुरक्षित खेल खेलें ताकि हार का असर अगले चुनाव पर न पड़े...,fear,hi
जब कोई आपके साथ कुछ करता है तो आप इतनी जल्दी क्रोधित कैसे हो जाते हैं?,fear,hi
यह भयानक है.,fear,hi
"यात्रा महाराष्ट्र में आई लेकिन नहीं, उससे पहले ही उसका चीरहरण हो गया.",fear,hi
इसका मतलब यह है कि भारत में अब लोकतंत्र ख़त्म हो चुका है और यह देश डूबने की कगार पर है।,fear,hi
ध्यान दें कि इसके पीछे जरूर कोई साजिश होगी....फडणवीस इतनी जल्दी पीछे नहीं हटेंगे.,fear,hi
भागर खा रहे हैं... सावधान! लोगों को जहर दिया जाता है.. यह प्रकार कहां से आया? पढ़ना,fear,hi
भयानक! कोरोना के नए वेरिएंट से दुनियाभर में हड़कंप; वैज्ञानिकों ने जताई 'ये' बड़ी आशंका!,fear,hi
भागर खा रहे हैं... सावधान! लोगों को जहर दिया जाता है.. यह प्रकार कहां से आया? पढ़ना,fear,hi
यह कोई चेतावनी नहीं है सर,fear,hi
क्या आप राणे का नाम लेने से डरते हैं?,fear,hi
"इतनी खतरनाक बारिश नहीं देखी, एक ही जगह...",fear,hi
यहां संकट पीछे खड़ा है. चेहरे पर भाव देखो.,fear,hi
यहां संकट पीछे खड़ा है. चेहरे पर भाव देखो.,fear,hi
मनसे के वैभव खेडेकर फिर मुश्किल में पड़ सकते हैं; गिरफ्तारी की लटक रही तलवार,fear,hi
हमसे मत पूछो कि बेरोजगारी का कितना डर ​​है. जब मैं बीमार था तब भी मैंने किताबें खोलीं और पढ़ीं।,fear,hi
क्या आप राणे का नाम लेने से डरते हैं?,fear,hi
अब्बा! स्कूल बस में ये अजगर कहां से आया? वीडियो देखकर कोई भी सिहर उठेगा,fear,hi
"अमेरिका, रूस और चीन तीन देशों की राक्षसी महत्वाकांक्षाएं दुनिया को विनाश की ओर ले जाएंगी।",fear,hi
कोरोना की भविष्यवाणी सच होने के बाद महंत ने की डरावनी भविष्यवाणी,fear,hi
ये है तात्या का डर...,fear,hi
: प्लास्टिक का बढ़ा डर; अब मां के दूध में भी माइक्रोप्लास्टिक पाए जाते हैं,fear,hi
बीजेपी को चुनाव हारने का डर है इसलिए वो ऐसा कर रही है,fear,hi
"ध्यान दें, नहीं तो बड़ा संकट आने वाला है",fear,hi
यदि कोई स्वतंत्र उम्मीदवार निर्वाचित हो गया तो क्या होगा? कुछ भी नहीं बचेगा @,fear,hi
याद रखें कि पुणे मेट्रो गरीबों के लिए अभिशप्त मेट्रो बनने जा रही है,fear,hi
"इन चार कारणों से कम उम्र में फैल रहा है कैंसर, आप भी रहें सतर्क",fear,hi
युवाओं के पीछे चल रहा है एक दुष्चक्र!,fear,hi
कैसी भयंकर ध्वनि है,fear,hi
"यह पेड़ देखने में बहुत खतरनाक लगता है. मनीषा नगर बस स्टॉप, सह्याद्री चाय के सामने...",fear,hi
"मनीषा आज हारे हुए की तरह बात कर रही है, शायद ये तैयारी कल के झटके को थोड़ा हल्का करने की है.",fear,hi
युवाओं के पीछे चल रहा है एक दुष्चक्र!,fear,hi
रामनवमी के दिन मध्य प्रदेश के खरगोन में बड़ी हिंसा हुई.,fear,hi
यह भयानक है.,fear,hi
कैसी भयंकर ध्वनि है,fear,hi
यह वाक्य सुनकर नीरज चोपड़ा जरूर डर गए होंगे. अब उनका करियर खतरे में पड़ जाएगा.,fear,hi
महाराष्ट्र में सूखा घोषित करें अन्यथा बलिराजा माफ नहीं करेंगे,fear,hi
"मनीषा आज हारे हुए की तरह बात कर रही है, शायद ये तैयारी कल के झटके को थोड़ा हल्का करने की है.",fear,hi
ये उसी भाषण से दस गुना ज्यादा खतरनाक है,fear,hi
"सावधान, कोरोना। इम्यूनिटी पर हो रहा है सीधा हमला, लक्षण खतरनाक",fear,hi
ये डर है कि सुरक्षित खेल खेलें ताकि हार का असर अगले चुनाव पर न पड़े...,fear,hi
यह तय है कि इसका असर धीरे-धीरे सिर पर पड़ेगा।,fear,hi
क्या आप राणे का नाम लेने से डरते हैं?,fear,hi
दुरुपयोग किये गये कर खाते को निलंबित कर दिया जाता है,fear,hi
नासिक जिले में पशुओं में फैली लम्पी बीमारी से पशुपालकों में भय का माहौल बढ़ गया है.,fear,hi
"ये है दुनिया का सबसे डरावना हाईवे, गायब हो जाती हैं चलती कारें! जानिए, रहस्य",fear,hi
"मैं कभी नहीं पूछता, क्योंकि.. मुझे 'उत्तर' से डर लगता है..",fear,hi
यह देखो। आपके मतदाता के ख़िलाफ़ कुछ चल रहा है।,fear,hi
"व्यापारी, उद्यमी और पेशेवर, सावधान! यह जीएसटी विभाग द्वारा दी गई एक गंभीर चेतावनी है",fear,hi
यह भयानक है.,fear,hi
चंद्रमा ने बढ़ाई पृथ्वी की टेंशन! वैज्ञानिक भी चिंतित हैं; पढ़ें आप पर क्या पड़ेगा असर,fear,hi
यह भयानक है.,fear,hi
डर के मारे हमें पहले ही ब्लॉक कर दिया है...,fear,hi
युवाओं के पीछे चल रहा है एक दुष्चक्र!,fear,hi
"ध्यान दें, नहीं तो बड़ा संकट आने वाला है",fear,hi
इसका मतलब यह है कि भारत में अब लोकतंत्र ख़त्म हो चुका है और यह देश डूबने की कगार पर है।,fear,hi
इससे ओनलीफैन्स के संस्थापकों में कार्रवाई के डर से खलबली मच गई है।,fear,hi
"अमेरिका, रूस और चीन तीन देशों की राक्षसी महत्वाकांक्षाएं दुनिया को विनाश की ओर ले जाएंगी।",fear,hi
"हमें अब पंचायत समिति पर ध्यान देना चाहिए, नहीं तो यह रोजगार भी खत्म हो जायेगा.",fear,hi
नोटिस मिलते ही आपके बॉस डर गए,fear,hi
"हर कोई उत्साह और आस्था से भरा है, लेकिन अंदर ही अंदर बेरोजगारी का डर भी है।",fear,hi
यदि हम अभी भी नहीं जागे तो भगवान भी हमें नहीं बचा सकते।,fear,hi
चंद्रमा ने बढ़ाई पृथ्वी की टेंशन! वैज्ञानिक भी चिंतित हैं; पढ़ें आप पर क्या पड़ेगा असर,fear,hi
दुरुपयोग किये गये कर खाते को निलंबित कर दिया जाता है,fear,hi
: प्लास्टिक का बढ़ा डर; अब मां के दूध में भी माइक्रोप्लास्टिक पाए जाते हैं,fear,hi
"मुरजी का गिरना तय था, बीजेपी डरकर पीछे हट गई.",fear,hi
"लोकसभा चुनाव तक कभी हत्या की साजिश होगी, कभी हमले की साजिश होगी.",fear,hi
"मनीषा आज हारे हुए की तरह बात कर रही है, शायद ये तैयारी कल के झटके को थोड़ा हल्का करने की है.",fear,hi
"राव, यह बड़ी शर्मिंदगी है. राव को करना होगा सामना...",fear,hi
भयानक! कोरोना के नए वेरिएंट से दुनियाभर में हड़कंप; वैज्ञानिकों ने जताई 'ये' बड़ी आशंका!,fear,hi
बीजेपी को चुनाव हारने का डर है इसलिए वो ऐसा कर रही है,fear,hi
क्या आप राणे का नाम लेने से डरते हैं?,fear,hi
जो लोग शिवसेना के खिलाफ खेल खेल रहे हैं उन्हें परिणाम भुगतना होगा।',fear,hi
यह वाक्य सुनकर नीरज चोपड़ा जरूर डर गए होंगे. अब उनका करियर खतरे में पड़ जाएगा.,fear,hi
इतने समय तक यह शांत क्यों था? रहस्यमय?,fear,hi
युवाओं के पीछे चल रहा है एक दुष्चक्र!,fear,hi
मुझे नहीं पता कि यह घर पर है...लेकिन लोग आपके पीछे आग जरूर लगा देंगे,fear,hi
इससे ओनलीफैन्स के संस्थापकों में कार्रवाई के डर से खलबली मच गई है।,fear,hi
हमसे मत पूछो कि बेरोजगारी का कितना डर ​​है. जब मैं बीमार था तब भी मैंने किताबें खोलीं और पढ़ीं।,fear,hi
"देखो, तुम विदर्भ में उतरने वाले हो..",fear,hi
आप किसी अज्ञात भय से चलने लगे। इसे महसूस करें!,fear,hi
यदि हम अभी भी नहीं जागे तो भगवान भी हमें नहीं बचा सकते।,fear,hi
इसका मतलब यह है कि भविष्य में मानव अस्तित्व को सबसे बड़ा ख़तरा सभी धर्मों से है।,fear,hi
अब भी देश में अघोषित आपातकाल लगा हुआ है,fear,hi
अभ्यंकर अधिक दुर्जेय हैं,fear,hi
कैसी भयंकर ध्वनि है,fear,hi
हारने के डर से उन्होंने राज ठाकरे के जरिए ये बिजनेस करना शुरू कर दिया,fear,hi
कैसी भयंकर ध्वनि है,fear,hi
डर के मारे हमें पहले ही ब्लॉक कर दिया है...,fear,hi
ध्यान दें कि इसके पीछे जरूर कोई साजिश होगी....फडणवीस इतनी जल्दी पीछे नहीं हटेंगे.,fear,hi
"मनीषा आज हारे हुए की तरह बात कर रही है, शायद ये तैयारी कल के झटके को थोड़ा हल्का करने की है.",fear,hi
अब भी देश में अघोषित आपातकाल लगा हुआ है,fear,hi
"व्यापारी, उद्यमी और पेशेवर, सावधान! यह जीएसटी विभाग द्वारा दी गई एक गंभीर चेतावनी है",fear,hi
"इन चार कारणों से कम उम्र में फैल रहा है कैंसर, आप भी रहें सतर्क",fear,hi
"मैं कभी नहीं पूछता, क्योंकि.. मुझे 'उत्तर' से डर लगता है..",fear,hi
"हमें अब पंचायत समिति पर ध्यान देना चाहिए, नहीं तो यह रोजगार भी खत्म हो जायेगा.",fear,hi
आरएसएस पदाधिकारी के घर पर पेट्रोल बम फेंका गया,fear,hi
बीजेपी को चुनाव हारने का डर है इसलिए वो ऐसा कर रही है,fear,hi
यदि कोई स्वतंत्र उम्मीदवार निर्वाचित हो गया तो क्या होगा? कुछ भी नहीं बचेगा @,fear,hi
इतने समय तक यह शांत क्यों था? रहस्यमय?,fear,hi
"मैं कभी नहीं पूछता, क्योंकि.. मुझे 'उत्तर' से डर लगता है..",fear,hi
पुणे में ऐसी बारिश हो रही है जैसे बादल फट गए हों!!!,fear,hi
आरएसएस पदाधिकारी के घर पर पेट्रोल बम फेंका गया,fear,hi
इतने समय तक यह शांत क्यों था? रहस्यमय?,fear,hi
"मुरजी का गिरना तय था, बीजेपी डरकर पीछे हट गई.",fear,hi
जब कोई आपके साथ कुछ करता है तो आप इतनी जल्दी क्रोधित कैसे हो जाते हैं?,fear,hi
यदि हम अभी भी नहीं जागे तो भगवान भी हमें नहीं बचा सकते।,fear,hi
अभ्यंकर अधिक दुर्जेय हैं,fear,hi
कोरोना की भविष्यवाणी सच होने के बाद महंत ने की डरावनी भविष्यवाणी,fear,hi
यह वाक्य सुनकर नीरज चोपड़ा जरूर डर गए होंगे. अब उनका करियर खतरे में पड़ जाएगा.,fear,hi
अभ्यंकर अधिक दुर्जेय हैं,fear,hi
यह कोई चेतावनी नहीं है सर,fear,hi
मुझे नहीं पता कि यह घर पर है...लेकिन लोग आपके पीछे आग जरूर लगा देंगे,fear,hi
ऐसा क्यों होता है आपके अंदर जरूर कोई खेल होगा,fear,hi
मुझे डर है कि दूँ या न दूँ भाई,fear,hi
डर के मारे हमें पहले ही ब्लॉक कर दिया है...,fear,hi
यह भीड़ संगीतकारों के लिए भयावह है.,fear,hi
इससे ओनलीफैन्स के संस्थापकों में कार्रवाई के डर से खलबली मच गई है।,fear,hi
यह डरावना है..,fear,hi
नोटिस मिलते ही आपके बॉस डर गए,fear,hi
"मुरजी का गिरना तय था, बीजेपी डरकर पीछे हट गई.",fear,hi
मुझे नहीं पता कि यह घर पर है...लेकिन लोग आपके पीछे आग जरूर लगा देंगे,fear,hi
कोरोना की भविष्यवाणी सच होने के बाद महंत ने की डरावनी भविष्यवाणी,fear,hi
अब्बा! स्कूल बस में ये अजगर कहां से आया? वीडियो देखकर कोई भी सिहर उठेगा,fear,hi
"अमेरिका, रूस और चीन तीन देशों की राक्षसी महत्वाकांक्षाएं दुनिया को विनाश की ओर ले जाएंगी।",fear,hi
"मुरजी का गिरना तय था, बीजेपी डरकर पीछे हट गई.",fear,hi
यह भयानक है.,fear,hi
"खिड़की से झाँककर वह थोड़ा सावधान हो गया, उसके मन के दरवाज़े पर तूफ़ान गरज रहे थे",fear,hi
यदि कोई स्वतंत्र उम्मीदवार निर्वाचित हो गया तो क्या होगा? कुछ भी नहीं बचेगा @,fear,hi
इसका मतलब यह है कि भारत में अब लोकतंत्र ख़त्म हो चुका है और यह देश डूबने की कगार पर है।,fear,hi
"मनीषा आज हारे हुए की तरह बात कर रही है, शायद ये तैयारी कल के झटके को थोड़ा हल्का करने की है.",fear,hi
जब कोई आपके साथ कुछ करता है तो आप इतनी जल्दी क्रोधित कैसे हो जाते हैं?,fear,hi
अभ्यंकर अधिक दुर्जेय हैं,fear,hi
"राव, यह बड़ी शर्मिंदगी है. राव को करना होगा सामना...",fear,hi
मैं भी यही सोचता हूं लेकिन ज्यादा संभावना यही लगती है कि ढाल और तलवार दी जायेगी,fear,hi
भविष्य के गुलाम आज ही पैदा करने होंगे।,fear,hi
चंद्रमा ने बढ़ाई पृथ्वी की टेंशन! वैज्ञानिक भी चिंतित हैं; पढ़ें आप पर क्या पड़ेगा असर,fear,hi
आरएसएस पदाधिकारी के घर पर पेट्रोल बम फेंका गया,fear,hi
नासिक जिले में पशुओं में फैली लम्पी बीमारी से पशुपालकों में भय का माहौल बढ़ गया है.,fear,hi
हमसे मत पूछो कि बेरोजगारी का कितना डर ​​है. जब मैं बीमार था तब भी मैंने किताबें खोलीं और पढ़ीं।,fear,hi
"मुरजी का गिरना तय था, बीजेपी डरकर पीछे हट गई.",fear,hi
"भारी कदमों से आया तेंदुआ और अचानक घर से..., चिंता से सिहर उठी...",fear,hi
कैसी भयंकर ध्वनि है,fear,hi
ये है तात्या का डर...,fear,hi
ये उसी भाषण से दस गुना ज्यादा खतरनाक है,fear,hi
अब्बा! स्कूल बस में ये अजगर कहां से आया? वीडियो देखकर कोई भी सिहर उठेगा,fear,hi
"अमेरिका, रूस और चीन तीन देशों की राक्षसी महत्वाकांक्षाएं दुनिया को विनाश की ओर ले जाएंगी।",fear,hi
"अमेरिका, रूस और चीन तीन देशों की राक्षसी महत्वाकांक्षाएं दुनिया को विनाश की ओर ले जाएंगी।",fear,hi
ऐसा क्यों होता है आपके अंदर जरूर कोई खेल होगा,fear,hi
: अमेरिका और चीन के बीच चल रहे टकराव से तीसरे विश्व युद्ध की आशंका,fear,hi
तेजी से बढ़ रही है परमाणु युद्ध की आशंका! -उद्यमी एलोन मस्क,fear,hi
"ग्राहकों को बड़ा झटका, बैंक ने बदला ये नियम, पढ़कर छूट जाएंगे पसीने...",fear,hi
"हर कोई उत्साह और आस्था से भरा है, लेकिन अंदर ही अंदर बेरोजगारी का डर भी है।",fear,hi
ऐसा क्यों होता है आपके अंदर जरूर कोई खेल होगा,fear,hi
ये उसी भाषण से दस गुना ज्यादा खतरनाक है,fear,hi
इसका मतलब यह है कि भारत में अब लोकतंत्र ख़त्म हो चुका है और यह देश डूबने की कगार पर है।,fear,hi
कोरोना की भविष्यवाणी सच होने के बाद महंत ने की डरावनी भविष्यवाणी,fear,hi
"इन चार कारणों से कम उम्र में फैल रहा है कैंसर, आप भी रहें सतर्क",fear,hi
अब भी देश में अघोषित आपातकाल लगा हुआ है,fear,hi
ध्यान दें कि इसके पीछे जरूर कोई साजिश होगी....फडणवीस इतनी जल्दी पीछे नहीं हटेंगे.,fear,hi
आरएसएस पदाधिकारी के घर पर पेट्रोल बम फेंका गया,fear,hi
आपने अपनी उम्मीदवारी वापस क्यों ले ली?,fear,hi
यहां संकट पीछे खड़ा है. चेहरे पर भाव देखो.,fear,hi
इससे ओनलीफैन्स के संस्थापकों में कार्रवाई के डर से खलबली मच गई है।,fear,hi
अभ्यंकर अधिक दुर्जेय हैं,fear,hi
बिग बी की 'वो' बात किंग खान शाहरुख को डराती है!,fear,hi
यदि आप पीछे नहीं हटे तो संदेश यह जाएगा कि आपने हार मान ली है।,fear,hi
यह कोई चेतावनी नहीं है सर,fear,hi
कोरोना की भविष्यवाणी सच होने के बाद महंत ने की डरावनी भविष्यवाणी,fear,hi
याद रखें कि पुणे मेट्रो गरीबों के लिए अभिशप्त मेट्रो बनने जा रही है,fear,hi
"भारी कदमों से आया तेंदुआ और अचानक घर से..., चिंता से सिहर उठी...",fear,hi
"क्या आपको डर लगने लगा है, क्या आप परेशान हैं?",fear,hi
यह भीड़ संगीतकारों के लिए भयावह है.,fear,hi
"हमें अब पंचायत समिति पर ध्यान देना चाहिए, नहीं तो यह रोजगार भी खत्म हो जायेगा.",fear,hi
यह कोई चेतावनी नहीं है सर,fear,hi
ऐसा क्यों होता है आपके अंदर जरूर कोई खेल होगा,fear,hi
जब कोई आपके साथ कुछ करता है तो आप इतनी जल्दी क्रोधित कैसे हो जाते हैं?,fear,hi
मुझे नहीं पता कि यह घर पर है...लेकिन लोग आपके पीछे आग जरूर लगा देंगे,fear,hi
याद रखें कि पुणे मेट्रो गरीबों के लिए अभिशप्त मेट्रो बनने जा रही है,fear,hi
"क्या आपको डर लगने लगा है, क्या आप परेशान हैं?",fear,hi
यह भीड़ संगीतकारों के लिए भयावह है.,fear,hi
यह भीड़ संगीतकारों के लिए भयावह है.,fear,hi
"इतनी खतरनाक बारिश नहीं देखी, एक ही जगह...",fear,hi
मैं आज भी कहता हूं कि ये हल्के में लेने वाला हथियार नहीं है....!,fear,hi
ऐसा क्यों होता है आपके अंदर जरूर कोई खेल होगा,fear,hi
"राव, यह बड़ी शर्मिंदगी है. राव को करना होगा सामना...",fear,hi
ये उसी भाषण से दस गुना ज्यादा खतरनाक है,fear,hi
भारत को असली ख़तरा उन लोगों से है जो कहते हैं कि जातिवाद कोई अपराध नहीं है,fear,hi
"खिड़की से झाँककर वह थोड़ा सावधान हो गया, उसके मन के दरवाज़े पर तूफ़ान गरज रहे थे",fear,hi
ध्यान दें कि इसके पीछे जरूर कोई साजिश होगी....फडणवीस इतनी जल्दी पीछे नहीं हटेंगे.,fear,hi
जल्द ही एक बड़े भूकंप के लिए तैयार रहें,fear,hi
मनसे के वैभव खेडेकर फिर मुश्किल में पड़ सकते हैं; गिरफ्तारी की लटक रही तलवार,fear,hi
चिंताजनक! अकेले मुंबई शहर से अब तक कई किलो ड्रग्स जब्त की है!,fear,hi
ठाकरे इतना डरा हुआ क्यों है कि आपको नींद में भी ठाकरे नजर आते हैं?,fear,hi
इतने समय तक यह शांत क्यों था? रहस्यमय?,fear,hi
"मैं कभी नहीं पूछता, क्योंकि.. मुझे 'उत्तर' से डर लगता है..",fear,hi
आप किसी अज्ञात भय से चलने लगे। इसे महसूस करें!,fear,hi
"देखो, तुम विदर्भ में उतरने वाले हो..",fear,hi
इतने समय तक यह शांत क्यों था? रहस्यमय?,fear,hi
यह कोई चेतावनी नहीं है सर,fear,hi
यह लड़ाई अस्तित्व की लड़ाई है,fear,hi
ये डर है कि सुरक्षित खेल खेलें ताकि हार का असर अगले चुनाव पर न पड़े...,fear,hi
रामनवमी के दिन मध्य प्रदेश के खरगोन में बड़ी हिंसा हुई.,fear,hi
जब कोई आपके साथ कुछ करता है तो आप इतनी जल्दी क्रोधित कैसे हो जाते हैं?,fear,hi
यहां संकट पीछे खड़ा है. चेहरे पर भाव देखो.,fear,hi
"देखो, तुम विदर्भ में उतरने वाले हो..",fear,hi
यदि कोई स्वतंत्र उम्मीदवार निर्वाचित हो गया तो क्या होगा? कुछ भी नहीं बचेगा @,fear,hi
नीचे से जले तो सबके लिए मुश्किल है,fear,hi
दुरुपयोग किये गये कर खाते को निलंबित कर दिया जाता है,fear,hi
मैं अवासे की भयानक रात में आया..,fear,hi
हारने के डर से उन्होंने राज ठाकरे के जरिए ये बिजनेस करना शुरू कर दिया,fear,hi
"हमें अब पंचायत समिति पर ध्यान देना चाहिए, नहीं तो यह रोजगार भी खत्म हो जायेगा.",fear,hi
"मैं कभी नहीं पूछता, क्योंकि.. मुझे 'उत्तर' से डर लगता है..",fear,hi
ध्यान दें कि इसके पीछे जरूर कोई साजिश होगी....फडणवीस इतनी जल्दी पीछे नहीं हटेंगे.,fear,hi
यहां संकट पीछे खड़ा है. चेहरे पर भाव देखो.,fear,hi
ये डर है कि सुरक्षित खेल खेलें ताकि हार का असर अगले चुनाव पर न पड़े...,fear,hi
मैं आज भी कहता हूं कि ये हल्के में लेने वाला हथियार नहीं है....!,fear,hi
"व्यापारी, उद्यमी और पेशेवर, सावधान! यह जीएसटी विभाग द्वारा दी गई एक गंभीर चेतावनी है",fear,hi
पुणे में ऐसी बारिश हो रही है जैसे बादल फट गए हों!!!,fear,hi
युवाओं के पीछे चल रहा है एक दुष्चक्र!,fear,hi
मनसे के वैभव खेडेकर फिर मुश्किल में पड़ सकते हैं; गिरफ्तारी की लटक रही तलवार,fear,hi
मनसे के वैभव खेडेकर फिर मुश्किल में पड़ सकते हैं; गिरफ्तारी की लटक रही तलवार,fear,hi
पुणे में ऐसी बारिश हो रही है जैसे बादल फट गए हों!!!,fear,hi
डर के मारे हमें पहले ही ब्लॉक कर दिया है...,fear,hi
युवाओं के पीछे चल रहा है एक दुष्चक्र!,fear,hi
"सावधान, कोरोना। इम्यूनिटी पर हो रहा है सीधा हमला, लक्षण खतरनाक",fear,hi
"व्यापारी, उद्यमी और पेशेवर, सावधान! यह जीएसटी विभाग द्वारा दी गई एक गंभीर चेतावनी है",fear,hi
मनसे के वैभव खेडेकर फिर मुश्किल में पड़ सकते हैं; गिरफ्तारी की लटक रही तलवार,fear,hi
"इतनी खतरनाक बारिश नहीं देखी, एक ही जगह...",fear,hi
याद रखें कि पुणे मेट्रो गरीबों के लिए अभिशप्त मेट्रो बनने जा रही है,fear,hi
बिग बी की 'वो' बात किंग खान शाहरुख को डराती है!,fear,hi
"यह पेड़ देखने में बहुत खतरनाक लगता है. मनीषा नगर बस स्टॉप, सह्याद्री चाय के सामने...",fear,hi
मुझे नहीं पता कि यह घर पर है...लेकिन लोग आपके पीछे आग जरूर लगा देंगे,fear,hi
भविष्य के गुलाम आज ही पैदा करने होंगे।,fear,hi
आप किसी अज्ञात भय से चलने लगे। इसे महसूस करें!,fear,hi
"इन चार कारणों से कम उम्र में फैल रहा है कैंसर, आप भी रहें सतर्क",fear,hi
यह भीड़ संगीतकारों के लिए भयावह है.,fear,hi
रामनवमी के दिन मध्य प्रदेश के खरगोन में बड़ी हिंसा हुई.,fear,hi
यदि आप पीछे नहीं हटे तो संदेश यह जाएगा कि आपने हार मान ली है।,fear,hi
"हर कोई उत्साह और आस्था से भरा है, लेकिन अंदर ही अंदर बेरोजगारी का डर भी है।",fear,hi
डर के मारे हमें पहले ही ब्लॉक कर दिया है...,fear,hi
"हमें अब पंचायत समिति पर ध्यान देना चाहिए, नहीं तो यह रोजगार भी खत्म हो जायेगा.",fear,hi
जो लोग शिवसेना के खिलाफ खेल खेल रहे हैं उन्हें परिणाम भुगतना होगा।',fear,hi
युवाओं के पीछे चल रहा है एक दुष्चक्र!,fear,hi
ठाकरे इतना डरा हुआ क्यों है कि आपको नींद में भी ठाकरे नजर आते हैं?,fear,hi
मुझे नहीं पता कि यह घर पर है...लेकिन लोग आपके पीछे आग जरूर लगा देंगे,fear,hi
यदि आप पीछे नहीं हटे तो संदेश यह जाएगा कि आपने हार मान ली है।,fear,hi
जल्द ही एक बड़े भूकंप के लिए तैयार रहें,fear,hi
"लोकसभा चुनाव तक कभी हत्या की साजिश होगी, कभी हमले की साजिश होगी.",fear,hi
"व्यापारी, उद्यमी और पेशेवर, सावधान! यह जीएसटी विभाग द्वारा दी गई एक गंभीर चेतावनी है",fear,hi
बीजेपी को चुनाव हारने का डर है इसलिए वो ऐसा कर रही है,fear,hi
"मुरजी का गिरना तय था, बीजेपी डरकर पीछे हट गई.",fear,hi
इससे ओनलीफैन्स के संस्थापकों में कार्रवाई के डर से खलबली मच गई है।,fear,hi
यदि कोई स्वतंत्र उम्मीदवार निर्वाचित हो गया तो क्या होगा? कुछ भी नहीं बचेगा @,fear,hi
चंद्रमा ने बढ़ाई पृथ्वी की टेंशन! वैज्ञानिक भी चिंतित हैं; पढ़ें आप पर क्या पड़ेगा असर,fear,hi
यहां संकट पीछे खड़ा है. चेहरे पर भाव देखो.,fear,hi
मुझे नहीं पता कि यह घर पर है...लेकिन लोग आपके पीछे आग जरूर लगा देंगे,fear,hi
"भारी कदमों से आया तेंदुआ और अचानक घर से..., चिंता से सिहर उठी...",fear,hi
ये है तात्या का डर...,fear,hi
पुणे में ऐसी बारिश हो रही है जैसे बादल फट गए हों!!!,fear,hi
"हर कोई उत्साह और आस्था से भरा है, लेकिन अंदर ही अंदर बेरोजगारी का डर भी है।",fear,hi
यह डरावना है..,fear,hi
: अमेरिका और चीन के बीच चल रहे टकराव से तीसरे विश्व युद्ध की आशंका,fear,hi
अब्बा! स्कूल बस में ये अजगर कहां से आया? वीडियो देखकर कोई भी सिहर उठेगा,fear,hi
बीजेपी को चुनाव हारने का डर है इसलिए वो ऐसा कर रही है,fear,hi
चिंताजनक! अकेले मुंबई शहर से अब तक कई किलो ड्रग्स जब्त की है!,fear,hi
नीचे से जले तो सबके लिए मुश्किल है,fear,hi
अब भी देश में अघोषित आपातकाल लगा हुआ है,fear,hi
