text,sentiment,language
ಕುಲಕರ್ಣಿಯನ್ನು ನೋಡಿ,neutral,kn
ಪ್ರತಿ ಹಕ್ಕಿಯಿಂದ ಏಳು ಉಂಗುರಗಳನ್ನು ಸಂಗ್ರಹಿಸುವ ಕುರುಡು ಭಕ್ತರು ಇದನ್ನು ಅರ್ಥಮಾಡಿಕೊಳ್ಳಬೇಕು.,angry,kn
ಜೀ ಅವರ ಪ್ರಕಾರ ಪುಣೆ ಜಿಲ್ಲೆಯಲ್ಲಿ ಸಚಿವರಾಗಲು ಅರ್ಹ ಶಾಸಕರು ಯಾರೂ ಇಲ್ಲ.,happy,kn
1 ಕೆಜಿಗಿಂತ ಹೆಚ್ಚು ತೂಕವಿರುವ ಸಗಣಿ ಹೊಂದಿರುವ ಮಡಕೆಗಳ ಮಾಲೀಕರಿಗೆ ಇದು ತುಂಬಾ ಕೆಟ್ಟದು.,angry,kn
ಪಾಸ್ ಗೆ ಮನ್ನಣೆ ಸಿಗಲಿಲ್ಲ... ಸರ್ಕಾರದಲ್ಲಿರುವವರು ತಮ್ಮ ಬಗ್ಗೆ ಏನು ಯೋಚಿಸುತ್ತಾರೋ ದೇವರೇ ಬಲ್ಲ...,angry,kn
ದೇಶದಲ್ಲೇ ಅತ್ಯಂತ ಭ್ರಷ್ಟ ಪಕ್ಷ ಬಿಜೆಪಿ... ಹಗರಣ ಮಾಡುವ ಪ್ರತಿಯೊಬ್ಬ ನಾಯಕರಿಗೂ ದೇಶ ಶಿಕ್ಷೆ ನೀಡುತ್ತಿದೆ.,angry,kn
ಚುನಾವಣೆಗೆ ಸ್ಪರ್ಧಿಸಲು ಇಚ್ಛಿಸುವವರ ಉದ್ದೇಶ ಬೇರೆಯೇ ಇತ್ತು,angry,kn
ಅಕಾಲ ​​ಸಾಮ್ರಾಟ್ ಉದ್ಧತ್ ಸೇನೆಗಾಗಿ ಕಾಯುತ್ತಿದ್ದಾನೆ ಹೊರತು ಬೇರೇನೂ ಅಲ್ಲ...,angry,kn
ಒಬ್ಬನು ತನ್ನ ಸ್ವಂತ ದೇಹವನ್ನು ನೋಡಿಕೊಳ್ಳಲು ಸಾಧ್ಯವಿಲ್ಲ. ಅವನು ಯಾವ ರೀತಿಯ ಸೇಡು ತೀರಿಸಿಕೊಳ್ಳುತ್ತಾನೆ?,angry,kn
ಸಾಕ್ಷ್ಯಾಧಾರಗಳ ಕೊರತೆಯಿಂದ ಯಾವುದೇ ಕ್ರಮ ಕೈಗೊಳ್ಳುತ್ತಿಲ್ಲ,angry,kn
ಜನ ಬಿಜೆಪಿಯನ್ನು ತಿರಸ್ಕರಿಸಿದಂತಿದೆ. ಆದರೂ ಸದ್ಯಕ್ಕೆ.,neutral,kn
"ಸತ್ತಾರ್ ಜೀ, ಮರಾಠವಾಡದ ರೈತರ ಸಂಕಷ್ಟ ನಿಮಗೆ ಅರ್ಥವಾಗಿದೆಯೇ?",sad,kn
ಈ ದೇಶದ ನಿಜವಾದ ವಿಲನ್ ಯಾರು ಎಂಬುದು ದೇಶದ ಪ್ರಜ್ಞಾವಂತ ನಾಗರಿಕರಿಗೆ ತಿಳಿದಿದೆ.,angry,kn
"ವೈಶಾಲಿ ಠಕ್ಕರ್ ಆತ್ಮಹತ್ಯೆ ಪ್ರಕರಣದಲ್ಲಿ ತಲೆಮರೆಸಿಕೊಂಡಿರುವ ಆರೋಪಿ ಪೊಲೀಸ್ ಕಸ್ಟಡಿಯಲ್ಲಿದ್ದಾನೆ, ಆತನಿಗೂ ವೈಶಾಲಿಗೂ ಏನು ಸಂಬಂಧ?",happy,kn
"ಉತ್ತಮ ಸಾಮಾಜಿಕ ಕಾರ್ಯವು ಫಲ ನೀಡುತ್ತದೆ, ನೀವು ಕಡಿಮೆ ಬೀಳುತ್ತೀರಿ",sad,kn
ನಿಮ್ಮ ಈ ಪತ್ರಕರ್ತ ಪತ್ರಿಕೋದ್ಯಮ ತೊರೆದು ಎನ್‌ಸಿಪಿ ಸೇರಿದ್ದಾರೆ.,angry,kn
ಶೇನ್ ಕಿಡ್ ಮಾನಸಿಕ ಗುಲಾಮಗಿರಿಗೆ ಉತ್ತಮ ಉದಾಹರಣೆ.,angry,kn
"ದೇಶದ್ರೋಹಿಗಳೇ, ಗುರಾಣಿ ಮತ್ತು ಕತ್ತಿಯ ಗುರುತನ್ನು ಪಡೆದರೆ ಏನು ಪ್ರಯೋಜನ, ನಿಮ್ಮ ಜೀವನದುದ್ದಕ್ಕೂ ನೀವು ಈ ಹೊದಿಕೆಯ ಅಡಿಯಲ್ಲಿ ಮರೆಮಾಡಲು ಬಯಸುತ್ತೀರಿ.",angry,kn
ಇದು ನಿಜ! ನಾವು ನಮ್ಮ ಬಗ್ಗೆ ನಾಚಿಕೆಪಡಲು ಪ್ರಾರಂಭಿಸುತ್ತಿದ್ದೇವೆ!,sad,kn
ಈ ಭೋಕ ಯಾವಾಗಲೂ ಕೊಳಕಿನಿಂದ ತುಂಬಿರುತ್ತದೆ.,angry,kn
ಇಂದೇ ಕ್ರಮ ಕೈಗೊಳ್ಳುತ್ತಾರೋ ಇಲ್ಲವೋ,neutral,kn
ಅವರು ಯಾವ ರೀತಿಯ ಗಾಂಜಾವನ್ನು ಸೇದುತ್ತಾರೆ? ಈ ಸುದ್ದಿಯವರೇ ಸುದ್ದಿ ಬರೆಯುತ್ತಾರೆ.,angry,kn
"ಇವತ್ತಿನವರೆಗೂ ಕಳ್ಳತನ ಮಾಡಿದ್ದು ಮಕ್ಕಳೇ, ಅಪ್ಪನ ಮನೆಯಲ್ಲಿ ಏಕನಾಥ ಸಿಂದೆ ಕಳ್ಳತನ ಮಾಡುತ್ತಿದ್ದ.",angry,kn
ಸಮಯ ಎಷ್ಟು ?? ಸಾರ್ವಜನಿಕರಿಗಾಗಿ ಕೆಲಸ ಮಾಡುವ ಬದಲು ಮೋದಿಯವರ ಆದೇಶದಂತೆ ಪೂಜೆ ಮಾಡುತ್ತಿದ್ದೀರಾ??,angry,kn
ಇದು ನಿಜವಾಗಿಯೂ ಕೊಳಕು ಆಗಿದೆಯೇ?,angry,kn
"ಟೆಕ್ ಕಂಪನಿಗಳು ""...",happy,kn
"ಈ ಅಭಿಪ್ರಾಯ ಸಂಗ್ರಹವನ್ನು ನೋಡಿ, ದೇಸಾದ್ ವಾಘ್. ಆಗ ನಿಮ್ಮ ಯೋಗ್ಯತೆ ತಿಳಿಯುತ್ತದೆ.",angry,kn
ಈ ದೃಶ್ಯ ಖಂಡಿತ ಮನಕಲಕುವಂತಿದೆ----,sad,kn
ಈ ರಾಜಕಾರಣಿ ಮಹಾರಾಷ್ಟ್ರದ ಪ್ರತಿಷ್ಠೆಯನ್ನು ಹೆಚ್ಚಿಸಿದ್ದಾರೆ,angry,kn
"ಎಂತಹ ಸುಳ್ಳು ಭರವಸೆ ಮೇಡಂ, ಮೋದಿ ಹೀಗೆ ಹೇಳಿದ್ದಕ್ಕೆ ಪುರಾವೆ ಇದೆಯೇ.",angry,kn
ಇದು ತಪ್ಪು ಸರ್,angry,kn
"ಹಿಂದೂಗಳೇ, ಸೆಕ್ಯುಲರಿಸಂ ಎಂಬುದು ಮೂಢನಂಬಿಕೆ ಎಂಬುದನ್ನು ಮರೆಯದಿರಿ.",neutral,kn
ಬಿಜೆಪಿ ನಿಮ್ಮನ್ನು ಏಕೆ ನೇಮಕ ಮಾಡಿದೆ?,angry,kn
ಇದು ಮೇಲ್ ಅಥವಾ ಫ್ಯಾಬ್ರಿಕೇಶನ್?,neutral,kn
"ವರ್ಷಗಳ ಕಾಲ ಒಟ್ಟಿಗೆ ವಾಸಿಸುತ್ತಿದ್ದಾಗ, ಅವರ ಕೌನ್ಸಿಲರ್ ಡಿಯೋನಾರ್ ಡಂಪಿಂಗ್ ಗ್ರೌಂಡ್‌ನ ಕಸವನ್ನು ತಿನ್ನುತ್ತಿದ್ದರು.",angry,kn
"ಅದೃಷ್ಟವಶಾತ್, ಕಂಪ್ಯೂಟರ್ ನಕಲು ಸಹ ಸೇರಿದೆ, ಇಲ್ಲದಿದ್ದರೆ ನಾನು ಏನನ್ನೂ ಅರ್ಥಮಾಡಿಕೊಳ್ಳಲು ಸಾಧ್ಯವಾಗುತ್ತಿರಲಿಲ್ಲ. ಮೊಬೈಲ್ ಕೊಟ್ಟೆ??!!",neutral,kn
"ಮುಂಬೈನ ರಸ್ತೆಗಳು ಗುಂಡಿ ಮುಕ್ತವಲ್ಲ, ಗೌಡಬಂಗ್ಲಾ.. ಕಳಪೆ ಗುಣಮಟ್ಟದ ಕಾಮಗಾರಿ..",angry,kn
"ಡಾರ್ಕ್ ಲೇಡಿ, ಪೆಡ್ನೇಕರ್ ಚಿಕ್ಕಮ್ಮ ಬೊಗಳಿದಳು?",angry,kn
ಏನೇ ಹೇಳಿದರೂ ಬಿಜೆಪಿ ವಶವಾಗುತ್ತದೆ.,angry,kn
ಇದು ನಿಮ್ಮ ಸರ್ಕಾರದ ಅವಧಿಯಲ್ಲಿ ನಡೆದಿದೆ...ನಿಮ್ಮ ಬಳಿ ಸುಳ್ಳು ಇದೆ,angry,kn
ನಾನು ಅಂಧೇರಿ ಪಾಟ್ ಚುನಾವಣಾ ಅಸೆಂಬ್ಲಿಯಲ್ಲಿ ವಾಸಿಸುತ್ತಿದ್ದೇನೆ ಇದು ಗೂಗಲ್ ಆಗಿದೆ,neutral,kn
"""ನಿನ್ನೆ ತುಂಬಾ ಅವ್ಯವಸ್ಥೆ...""",neutral,kn
ಈ ಜನರು ಖಾಲಿಯಾಗಿದ್ದಾರೆ ...,angry,kn
ನಿನಗೆ ಉದ್ಧವ್ ಇಷ್ಟವಿಲ್ಲದಿದ್ದರೆ ಚಿನ್ನಾನನ್ನು ಹೇಗೆ ಇಷ್ಟಪಡಬಹುದು?,angry,kn
"ನಿನ್ನೆ ಉಷ್ಟಿ ಬಿರಿಯಾದಲ್ಲಿ ಲಾಲ್ಚಾಟ್ಯ ಎಲುಬುಗಳನ್ನು ಜಗಿಯಿದಾಗ, ಅವರು ವಾಂತಿ ಮಾಡಲು ಪ್ರಾರಂಭಿಸಿದರು.",angry,kn
ಅಧಿಕಾರಕ್ಕಾಗಿ ಮಣ್ಣು ತಿನ್ನುವ ಸಂಪ್ರದಾಯವಿದೆ!,angry,kn
ಯುವಕರನ್ನು ಹಿಂಬಾಲಿಸುತ್ತಿದೆ ಕೆಟ್ಟ ಚಕ್ರ!,fear,kn
ಜಿತಾನೆ ನನ್ನನ್ನು ಬ್ಲಾಕ್ ಮಾಡಿದ್ದಾಳೆ,neutral,kn
ಅಯ್ಯೋ ಸತ್ತಾರ್ ಶೇಠ್... ರೈತರು ಸತ್ತರೆ ಬರದ ಪರಿಸ್ಥಿತಿ ಬರುತ್ತದಾ...?,sad,kn
"ಓಹ್, ನಿಮ್ಮ ಧ್ವನಿಯಲ್ಲಿ ರಾಜ್ಯದ ಆದಾಯ... ನೀವೂ ಅದೇ ದೃಷ್ಟಿಕೋನದಿಂದ ನೋಡುತ್ತಿದ್ದೀರಾ?",angry,kn
ಈ ನಟಿ ಚಿಕ್ಕ ವಯಸ್ಸಿನಲ್ಲೇ ಆತ್ಮಹತ್ಯೆ ಮಾಡಿಕೊಂಡಿದ್ದಾರೆ.,sad,kn
"ಓಹ್, ನಾವೇಕೆ ಕ್ಷಮೆ ಕೇಳಬೇಕು?",angry,kn
ಖ್ಯಾತ ನಟ ಮತ್ತು ಹಿರಿಯ ರಂಗಕರ್ಮಿ ಪ್ರದೀಪ್ ಪಟವರ್ಧನ್ ಅವರ ದುರಂತ ನಿಧನಕ್ಕೆ ಭಾವಪೂರ್ಣ ಶ್ರದ್ಧಾಂಜಲಿ.,sad,kn
ಸರಸ್ವತಿ ಈ ಜ್ಞಾನವನ್ನು ಯಾವಾಗ ಮತ್ತು ಹೇಗೆ ನೀಡುತ್ತಾಳೆ? ಈ ಅವಿದ್ಯಾವಂತ ತರಕಾರಿ ಅದನ್ನು ನಂಬುವುದಿಲ್ಲ!,angry,kn
ಎಲ್ಲಾ ರಾಜಕೀಯ ಪಕ್ಷಗಳು ಮತ್ತು ನಾಯಕರು ಭಾರತೀಯ ಜನರನ್ನು ಮರುಳು ಮಾಡುತ್ತಿದ್ದಾರೆ ಮತ್ತು ಸಂವಿಧಾನವನ್ನು ಉಲ್ಲಂಘಿಸುತ್ತಿದ್ದಾರೆ.,angry,kn
ಅವರು ಬಾಂಬ್ ಸ್ಫೋಟಿಸುತ್ತಿದ್ದ ವಿಲೀನವನ್ನು ಯಾವಾಗ ಮಾಡುತ್ತಾರೆ?,neutral,kn
ರಾಣೆ ನಾವು ಕಂಡ ಅತ್ಯಂತ ಕೆಟ್ಟ ರಾಜಕಾರಣಿ...,angry,kn
ಈಗ ಈ ಚುನಾವಣಾ ಚಿಹ್ನೆಯೂ ಕೈ ತಪ್ಪಲಿದೆಯಂತೆ.,sad,kn
ಸಂಪೂರ್ಣವಾಗಿ ತಪ್ಪು... ನಿಜಕ್ಕೂ ಮೂರ್ಖತನದ ಹೇಳಿಕೆ,angry,kn
ನನಗೆ ಗೊತ್ತು... ಅವುಗಳ ಕಾಂಡಗಳು ತುಂಬಾ ದೊಡ್ಡದಾಗಿದೆ,neutral,kn
ನಾವು ಗೌರವಾನ್ವಿತ ಯಾವುದನ್ನಾದರೂ ಅಧಿಕವಾಗಿ ಸ್ವೀಕರಿಸುತ್ತೇವೆಯೇ?,neutral,kn
"ಅವರಿಗೆ ಡಬಲ್ ದಂಡ ವಿಧಿಸಬೇಕು, ಇದು ಅಗತ್ಯ.",angry,kn
ಸುಬೋಧ್ ಭಾವೆ ಮತ್ತು ಅವರ ಪ್ರೀತಿಯ ಮಾರ್ಸ್ಪಿಯಲ್ ಅವರು ಹೇಳುತ್ತಾರೆ ಮತ್ತು ಅದು ಮಾತನಾಡುತ್ತದೆ...,angry,kn
"ಹಂಗರ್ ಇಂಡೆಕ್ಸ್ ವ್ಯಕ್ತಿ ಕಾಂಗ್ರೆಸ್ ಅನ್ನು ಹಿಡಿದಿರಬಹುದು, ಇದು ತಪ್ಪುದಾರಿಗೆಳೆಯುವ ಸತ್ಯ.",angry,kn
ನೀವು ಮಂತ್ರಿಯೋ ಅಥವಾ ಮಹಾರಾಷ್ಟ್ರಕ್ಕೆ ಆಪತ್ತೋ? ನೀವು ನಿಮ್ಮ ಸರಿಯಾದ ಮನಸ್ಸಿನಲ್ಲಿದ್ದೀರಾ?,angry,kn
ನೀನು ಪಾಕಿಸ್ತಾನದಿಂದ ಬಂದು ಬಿರಿಯಾನಿ ಕದಿಯುತ್ತಿದ್ದೀಯಾ?,angry,kn
ಅವರ ಸಂಬಂಧಿಕರ ಮೇಲೆ ಆದಾಯ ತೆರಿಗೆ ದಾಳಿ,neutral,kn
ನನ್ನ ಎಲ್ಲಾ ಮರಾಠ ಸಹೋದರರು ಮತ್ತು ಸಹೋದರಿಯರು ಭವಿಷ್ಯದಲ್ಲಿ ಮತ ಚಲಾಯಿಸದಂತೆ ನಾನು ವಿನಂತಿಸುತ್ತೇನೆ.,sad,kn
ನಾನು ಮೊದಲು ಅಜ್ಜನನ್ನು ಕೊಂದಿದ್ದು ಅನ್ಯಾಯ,angry,kn
"ಹೇಳಿ, ನಿಮಗೆ ಅರ್ಥವಾಗುತ್ತಿಲ್ಲ, ನಿಮ್ಮ ಅಜ್ಞಾನವನ್ನು ಸಾರ್ವಜನಿಕರ ಮೇಲೆ ಏಕೆ ಹೇರುತ್ತೀರಿ?",angry,kn
ಇದನ್ನು ಕಂಡ ಪವಾರ್ ಸಭೆ ನಡೆಸಿ ಮನವಿ ಮಾಡಿದರು. ಉದ್ಧವ್ ಠಾಕ್ರೆ ಯಾವ ಬಾಯಿಂದ ಮಾತನಾಡುತ್ತಾರೆ?,happy,kn
ಇದು ದೇಶದ್ರೋಹಿ ಬಾಸ್ಟರ್ಡ್,angry,kn
ಇದು ಹಗಲಿನಲ್ಲಿ ಪ್ರಾರಂಭವಾಯಿತು ಮತ್ತು ಈಗ ಇಡೀ ದಿನ ಬೊಗಳುತ್ತದೆ,angry,kn
ಅವರು ಈಗಾಗಲೇ ಭಯದಿಂದ ನಮ್ಮನ್ನು ನಿರ್ಬಂಧಿಸಿದ್ದಾರೆ ...,fear,kn
"ಇತರ ಎಲ್ಲಾ ಮಾರ್ಗಗಳು ವಿಫಲವಾದಾಗ, ಅವರು ರಾಮ ಮತ್ತು ಪಾಕಿಸ್ತಾನಕ್ಕಾಗಿ ಅಳುತ್ತಾರೆ",angry,kn
"ಹೌದು, ಇದು ತುಂಬಾ ನಿದ್ರಾಜನಕ ಕ್ರಿಯೆ...",angry,kn
"ಹೌದು, ಅಜ್ಜ ಅಪ್ಪ ಕಳ್ಳ, ಇವನು ದೇಶದ್ರೋಹಿ",angry,kn
ಸಹೋದರರು ಮಾಡಬೇಕಾಗಿರುವುದು ಇಷ್ಟೇ,angry,kn
ಕತ್ತಿ ಹಿಡಿಯುವುದೆಂದರೆ ಹಿಂಸೆಯೇ?,neutral,kn
ಪಕ್ಷ ಎಂದರೆ ತಂದೆಯ ಆಸ್ತಿಯನ್ನು ಅರ್ಥಮಾಡಿಕೊಂಡವರಿಗೆ ಸಾಷ್ಟಾಂಗ ಪ್ರಣಾಮ.,angry,kn
ಕೇಂದ್ರದ ಮೋದಿ ಸರಕಾರದಿಂದ ದೇಶದ ಪ್ರಜಾಪ್ರಭುತ್ವ ದುರ್ಬಲಗೊಳ್ಳುತ್ತಿದೆ!,sad,kn
ಲಟ್ಕೆ ಮೇಡಂ ಬಾಳಾ ಸಾಹೇಬರ ಶಿವಸೇನೆಗೆ ಸೇರಿದರೆ ಗುಲಾಮರು ಅವಳನ್ನು ದೇಶದ್ರೋಹಿ ಎಂದು ಕರೆಯುತ್ತಾರೆಯೇ?,angry,kn
ಮುಖ್ಯಮಂತ್ರಿ ಪಿಎ ನಿಮ್ಮ ಕಿವಿಯ ಕೆಳಗೆ ಆಡಿದ್ದು ಕೇಳಿದೆ...ನಿಜವೇ?,happy,kn
"ಬಿಜೆಪಿಗೆ ಎನ್‌ಸಿಪಿಯ 'ದೊಡ್ಡ ಹೊಡೆತ', 'ಯಾ' ಜಿಲ್ಲೆಯ ಹೆಚ್ಚಿನ ಸ್ಥಾನಗಳನ್ನು ಗೆದ್ದಿದೆ; ಬಿಜೆಪಿಗೆ ಸೀಟು ಮಾತ್ರ",neutral,kn
ಸೌರವ್ ಗಂಗೂಲಿಗೆ ಕಿರುಕುಳ ನೀಡಲಾಗುತ್ತಿದೆ ಎಂದು ಆರೋಪಿಸಿ ಪ್ರಧಾನಿ ಮೋದಿಗೆ ಮಮತಾ ಬ್ಯಾನರ್ಜಿ ಮನವಿ,neutral,kn
"ಸಗಣಿ ಹುಳುಗಳ ಬೆಲೆ ಅಷ್ಟೇ, ಟ್ವೀಟ್‌ಗಳು ಬುಡಕ್ಕೆ ಬೆಂಕಿ ಹಚ್ಚಿದವು",angry,kn
ವರನು ಮಂಡಿಯೂರಲು ಸಿದ್ಧನಾಗಿದ್ದನು ಆದರೆ ಅವನ ತಂದೆ ಸರಿಯಾದ ಕ್ಷಣದಲ್ಲಿ ಮದುವೆಯನ್ನು ಮುರಿದರು.,happy,kn
ಹಾಗಾದರೆ ಬಾಳಾ ಸಾಹೇಬರ ಹಿಂದುತ್ವಕ್ಕೆ ಈ ಶಕ್ತಿ ಇರಲಿಲ್ಲ ಎಂದು ನೀವು ಭಾವಿಸುತ್ತೀರಾ...,neutral,kn
ಇದು ಎಲ್ಲಾ ಗುಜರಾತಿಗಳ ಸಮಸ್ಯೆ,angry,kn
"ನಾನು ನೀರಜ್, ನೀರಜ್ ಚೋಪ್ರಾ ಅಲ್ಲ",neutral,kn
ಟಾರ್ಚ್ ಕೂಡ ವಿಶಿಷ್ಟವಾದ ಎರೆಹುಳುವಾಗಿತ್ತು,angry,kn
ಶಾರ್ಟ್ಸ್ ಹರಿದುಹೋಗುತ್ತದೆ ಎಂದು ತಿಳಿದಿದ್ದರಿಂದ ಮೊದಲೇ ಟೈಲರ್‌ಗೆ ಕರೆ ಮಾಡಿದೆ.,neutral,kn
ನಿಮ್ಮ ತಂದೆಗೆ ಅವರ ಸ್ವಂತ ಖರ್ಚಿನಲ್ಲಿ ಸ್ಮಾರಕವನ್ನು ನಿರ್ಮಿಸಲು ನಿಮ್ಮ ಬಾಸ್ ಅನ್ನು ಕೇಳಿ.,angry,kn
ಮತ್ತು ಖೋಪ್ಕರ್ ತನ್ನ ಪಾಲಿನ ಗಟ್ಟಿಯಾದ ಗಾಂಜಾವನ್ನು ಇಂದು ಕೊಂದನೇ???,happy,kn
"ಮೋದಿಯನ್ನು ಅವಮಾನಿಸುವವರು ಅಗರ್ವಾಲ್ (ಸಮಾಜವಾದಿ ಪಕ್ಷ) ಮಾತ್ರವೇ, ಬಿಜೆಪಿಯಲ್ಲೂ ಈ ಬಗ್ಗೆ ಮಾತನಾಡುತ್ತಾರೆ",angry,kn
ಮರಾಠವಾಡ ವಿಶ್ವವಿದ್ಯಾನಿಲಯದಲ್ಲಿ ನಡೆಯುತ್ತಿರುವ ಈ ವ್ಯರ್ಥದ ಬಗ್ಗೆ ಯಾರಾದರೂ ದೃಢವಾದ ಕ್ರಮಗಳನ್ನು ತೆಗೆದುಕೊಳ್ಳುತ್ತಾರೆಯೇ? ಹೌದು. ಹೌದು.,angry,kn
ಇದು ಅತ್ಯಂತ ಕೆಟ್ಟ ನಾಯಕ,angry,kn
"ಭೋಸರಿಗೆ ಹೋಗು...ಎಲ್ಲ ಭ್ರಷ್ಟರು, ದಬ್ಬಾಳಿಕೆಗಾರರು ಕೈವಶ ಮಾಡಿಕೊಂಡಿದ್ದು ಮರೀಚಿಕೆಗಳು...ಫೇಕು-ತಾಡಿಪರ ಪಕ್ಷ ""ಖಜಾಪ್""",angry,kn
ಅಫ್ಘಾನಿಸ್ತಾನದಲ್ಲಿ ತಾಲಿಬಾನಿಗಳಿಂದ ಸಿಖ್ಖರಿಗೆ ಚಿತ್ರಹಿಂಸೆ!,sad,kn
ಇದಕ್ಕೆ ಉತ್ತಮ ಉದಾಹರಣೆ ಹಸಿ ಈರುಳ್ಳಿ. ಯಾರಾದರೂ ಅರ್ಥಶಾಸ್ತ್ರದ ನೊಬೆಲ್ ಪ್ರಶಸ್ತಿಯನ್ನು ಅವನ ಮೇಲೆ ಎಸೆಯಬೇಕು.,angry,kn
ಒಮ್ಮೆ ನಿರ್ಧಾರ ತೆಗೆದುಕೊಂಡರೆ ಬಹಿಷ್ಕಾರ ಬಹಿಷ್ಕಾರ.,angry,kn
"ಅಂದರೆ, ಭಕಗಳು ಏಕೆ ದಾರಿ ತೋರಬೇಕು?",angry,kn
ಅಭ್ಯಂಕರ್ ಹೆಚ್ಚು ಭೀಕರ,fear,kn
ನಿಮ್ಮ ರಾಜ್ಯದ ಮಧ್ಯಮ ವರ್ಗದ ಆನೆಯು ಸಿಹಿಯನ್ನು ಕಂಡುಕೊಂಡಂತೆ...,neutral,kn
ಇದೊಂದು ಅತ್ಯಂತ ದುರದೃಷ್ಟಕರ ಘಟನೆ,sad,kn
ಕೂಗು ಕೇಳಲು ತುಂಬಾ ಉತ್ಸುಕನಾಗಿದ್ದಾನೆ,happy,kn
ಇದನ್ನೇ ಕಳ್ಳ ವಾಂತಿ ಬಾಂಬ್ ಅಂತಾರೆ... ಕಾಮನ್ ಸೆನ್ಸ್ ಇಲ್ಲದಿದ್ದರೆ ಹೀಗಾಗುತ್ತೆ.,angry,kn
ನೀವು ಏನು ಮಾಡುತ್ತಿದ್ದೀರಿ?,angry,kn
"ಓಹ್, ಎಷ್ಟು ಫೇಕ್ ನ್ಯೂಸ್ ಕೊಡ್ತೀರಿ... ಸಿನಿಮಾ ರಿಲೀಸ್ ಮತ್ತು ಪ್ರೇಕ್ಷಕರ ಪ್ರತಿಕ್ರಿಯೆ",angry,kn
ನಿಮ್ಮ ಹೊಟ್ಟೆಗೆ ಏನಾಯಿತು? ನೀವು ನಾಟಿ/ನೆಕ್ಕುವ ಪೆಂಗ್ವಿನ್ ಆಗಿದ್ದೀರಾ?,angry,kn
ಎಲ್ಲಾ ಏಳು ತಲೆಮಾರುಗಳನ್ನು ದೇಶದ್ರೋಹಿಗಳೆಂದು ಘೋಷಿಸಿ,angry,kn
ಠಾಕ್ರೆ ಗುಂಪು ನಿಮಗೆ ಶಿಂಧೆ ಗುಂಪಿನೊಂದಿಗೆ ಒಪ್ಪಂದವನ್ನು ನೀಡಿದೆಯೇ ???,angry,kn
"ಭಾರೀ ಮಳೆಯಿಂದಾಗಿ, ಪುಣೆ ಪುರಸಭೆಯು ಪುಣೆಯಲ್ಲಿ ಯಾವ ರೀತಿಯ ದೀಪಗಳನ್ನು ಅಳವಡಿಸಿದೆ ಎಂದು ಅಂದಾಜಿಸಬಹುದು - ಅಜಿತ್ ಪವಾರ್",angry,kn
ಮುಖಸ್ತುತಿ ಶುರುವಾಗಿದೆ.. ಗುಜರಾತಿನ ನೀತಿ ಎಷ್ಟು ಒಳ್ಳೆಯದೆಂದು ಈಗ ಮಹಾರಾಷ್ಟ್ರಕ್ಕೆ ಗೊತ್ತಾಗುತ್ತದೆ..,angry,kn
ಪ್ರತಿಷ್ಠಿತ ಕಾಲೇಜನ್ನೂ ಒಳಗೊಂಡಿರುವುದು ಶಿಕ್ಷಣ ವ್ಯವಸ್ಥೆಗೆ ಕಳಂಕ ತರುತ್ತದೆ,angry,kn
ಮೈದಾನದಲ್ಲಿ ಏನಾಗುತ್ತಿದೆ ಎಂಬುದು ನಿಮಗೆ ತಿಳಿದಿದೆ.,angry,kn
ಕೋಪಗೊಂಡಿತು ... ಈಗ ಅವರು ಬಡ ಹುಡುಗಿಗೆ ಆಹಾರವನ್ನು ನೀಡುತ್ತಾರೆ.,angry,kn
ಅದೇ ಹೆಸರು ಸ್ವಲ್ಪ ಆಗುತ್ತಿದೆ...ಅವಳು ಖುಶಾಲಿಯನ್ನು ಒಪ್ಪಿಸಲು ಬಂದಿದ್ದಳು..,neutral,kn
ತೈಸಾಹೇಬರು ನಿದ್ರೆಗೆ ಜಾರಿದರಾ? ಮಹಾವಿಕಾಸ್ ಅಘಾಡಿ ಗೆದ್ದ ಟ್ಯಾಬ್ಲೋ ಎಲ್ಲಿದೆ...,happy,kn
ಇವನು ಭಕ್ತ ತೋರ್ಸೇಕರ್.. ಈ ಹಿಂದೆ ವಾಟ್ಸಾಪ್ ನಲ್ಲಿ ಭಾರೀ ಸಂದೇಶಗಳನ್ನು ಕಳುಹಿಸುತ್ತಿದ್ದ.,neutral,kn
ಕಪ್ಪು ಟೋಪಿ ಜನರು ಛತ್ರಪತಿಯ ಮುಖವನ್ನು ಲೂಟಿ ಮಾಡುವುದರ ವಿರುದ್ಧ ಇನ್ನೂ ದ್ವೇಷವನ್ನು ಹೊಂದಿದ್ದಾರೆ.,angry,kn
ಭಕ್ತರೇ ಮೊದಲು ಈ ವಿಡಿಯೋ ನೋಡಿ...ನಂತರ ಮಾತನಾಡಿ.,angry,kn
"ಈ ರೀತಿ ಬರೆಯುವ ಅಥವಾ ಮಾತನಾಡುವ ಮೂಲಕ, ನೀವು ಕೇವಲ ಸಹಾನುಭೂತಿಯನ್ನು ತೋರಿಸುತ್ತಿದ್ದೀರಿ ಮತ್ತು ಬೇರೇನೂ ಅಲ್ಲ.",angry,kn
ಅವರನ್ನು ಗೌರವಿಸುವ ಫೋಟೋಗೆ ನೀವು ಏಕೆ ಶೀರ್ಷಿಕೆ ನೀಡಿದ್ದೀರಿ ಎಂಬುದು ನನಗೆ ಅರ್ಥವಾಗುತ್ತಿಲ್ಲ.,angry,kn
"ಕೆಟ್ಟ ಸುದ್ದಿ, ಈ ಅಪಘಾತದಲ್ಲಿ ಹುತಾತ್ಮರಾದ ಯೋಧರಿಗೆ ಭಾವಪೂರ್ಣ ಶ್ರದ್ಧಾಂಜಲಿ",sad,kn
ಆದರೆ ಇದು ಈ ರೀತಿ ಕಾಣುತ್ತದೆ ...,neutral,kn
"ಆತ್ಮೀಯ ಗ್ರಾಹಕರೇ, ಅನಾನುಕೂಲತೆಗಾಗಿ ನಾವು ವಿಷಾದಿಸುತ್ತೇವೆ, ನಿಮ್ಮ ಹಿಂದಿನ ಟ್ವೀಟ್‌ಗೆ ನಾವು ಪ್ರತ್ಯುತ್ತರಿಸಿದ್ದೇವೆ.",neutral,kn
"ಅವರ ಬಳಿ ಯಾವುದೇ ಪುರಾವೆಗಳಿಲ್ಲ, ಎಂದಿನಂತೆ ಅವರು ಹಳದಿ ಪುಸ್ತಕಗಳನ್ನು ಓದುತ್ತಿದ್ದರು!",angry,kn
"ಶಾಲ್‌ನಿಂದ ಜೋಡಿಯನ್ನು ಹೊಡೆಯುವ ಬದಲು, ನೀವು ಅದನ್ನು ಮುಂಭಾಗದಲ್ಲಿಯೇ ಹೊಡೆದಿದ್ದೀರಿ",angry,kn
ಕಮಲಾಬಾಯಿಯ ದುಷ್ಕೃತ್ಯದಿಂದಲೇ ಇದೆಲ್ಲ ನಡೆದಿದೆ.,angry,kn
"ಹೌದು, ಹಾಗಾದರೆ ನೀವು ಇನ್ನೂ ಕಾನೂನನ್ನು ಬಳಸುತ್ತೀರಾ?",angry,kn
ದೇಶದಲ್ಲಿ ಇನ್ನೂ ಅಘೋಷಿತ ತುರ್ತು ಪರಿಸ್ಥಿತಿ ಇದೆ,fear,kn
ಈಗ ಕಾಲ ಬದಲಾಗಿದೆ. ಈಗ ಹೆಣ್ಣು ಮಕ್ಕಳಿಲ್ಲ.. ಈಗ ನಿರುದ್ಯೋಗಿ ಮಕ್ಕಳು ತಂದೆ-ತಾಯಿಯರ ಹೆಗಲ ಹೊರೆಯಾಗಿಬಿಟ್ಟಿದ್ದಾರೆ.,sad,kn
ಇದು ವ್ಯಂಗ್ಯವಾಗಿರಬೇಕು.,neutral,kn
ನೀವು ಮೂರ್ಖರು ಇದು ಅಕ್ಟೋಬರ್,angry,kn
ಇದು ಅತ್ಯಂತ ಕೆಟ್ಟದು ಸಾರ್,angry,kn
ದೇಶದ್ರೋಹಿ ಶಾಸಕರನ್ನು ಗುಣಪಡಿಸಲು ಅವರು ದೇಶದ್ರೋಹಿ ಗ್ಯಾಂಗ್‌ಗೆ ಸೇರಿಕೊಂಡಿದ್ದಾರೆಯೇ?,angry,kn
ಇದು ಏನು ಅಸಂಬದ್ಧ ...,angry,kn
"ಹೌದು, ಸಂಪೂರ್ಣವಾಗಿ ಕ್ರಮ ತೆಗೆದುಕೊಳ್ಳಬೇಕು, ಆದರೆ ಅವರು ದೇಶವಿರೋಧಿ ಘೋಷಣೆಗಳನ್ನು ಎತ್ತಿದ್ದಾರೆಯೇ?",angry,kn
ಪಿಂಪ್ರಿ ಚಿಂಚ್‌ವಾಡ್‌ನಲ್ಲಿಯೂ...ಉದ್ಧವ್ ಕೂಡ ಸೇರಿಕೊಂಡಿದ್ದಾರೆ...ಅವರು ತುಂಬಾ ಅಳುತ್ತಿದ್ದಾರೆ...,angry,kn
ಕ್ರಮ ಕೈಗೊಳ್ಳುವ ಮೂಲಕವಾದರೂ ಬುದ್ಧಿ ಕೊಡಿ ಎಂದು ಮೋದಿ ಜೀ ಪ್ರಾರ್ಥಿಸಿದರು.,neutral,kn
"ಭಾರತ ಸೋಲಲಿಲ್ಲ, ಇಂಗ್ಲೆಂಡ್ ಗೆದ್ದಿತು",neutral,kn
"ನಿಮ್ಮ ಕೆಲಸ ಶಿಂಧೆ ಫದ್ವಾರ್ ಅವರ ಚಿಕ್ಕಮ್ಮನಂತಿದೆ, ನೀವು ನಿರಾಕರಣೆ ಆಡುತ್ತಿದ್ದೀರಿ",angry,kn
"ಗಮನ ಕೊಡಿ, ಇಲ್ಲದಿದ್ದರೆ ದೊಡ್ಡ ತೊಂದರೆ ಬರಲಿದೆ",fear,kn
ನೀವು ಮಾಹಿತಿಯನ್ನು ನೀಡಲು ಬಯಸುವಿರಾ?,neutral,kn
ಆಗ ನಿಮ್ಮ ಖುರೇಷಿ ಸಾಹಬ್ ಮತ್ತು ನಿಮ್ಮ ದಾರಿ ತಪ್ಪಿದ ಭಕ್ತನಿಗೆ ಏನಾಯಿತು...,angry,kn
"ಇದನ್ನು ಮೊದಲೇ ಮಾಡಬೇಕಿತ್ತು ಆದರೆ ಈಗ ಅಲ್ಲ, ಸೋಲು ಅನಿವಾರ್ಯ.",sad,kn
ಉತ್ತಮ ರಸ್ತೆಯಲ್ಲಿ ಜನರ ಗಮನವನ್ನು ತಪ್ಪಿಸಲು ಸ್ವಯಂಚಾಲಿತವಾಗಿ ಕಲ್ಲುಗಳನ್ನು ಹಾಕಲಾಗಿದೆ.,angry,kn
ಬಿಜೆಪಿ ದಾರು ಕೊಚ್ಚಿಯಾ,angry,kn
ಈ ಹಿಂದೆ ರಾಜಕೀಯ ಹೇಗಿತ್ತು,neutral,kn
ಮತ್ತು ನಾವು ಅದರಿಂದ ಬಳಲುತ್ತಿದ್ದೇವೆ,sad,kn
ಕೊಡುಗೆ ಇಲ್ಲ. ಇದು ಅವನ ಸಂಚು.,angry,kn
ಇದೆಲ್ಲವೂ ನೋಡಲು ಉಳಿದಿದೆ,angry,kn
ಯಾವುದೇ ಪಕ್ಷ ಬಂದರೂ ಜನ ಸಾಮಾನ್ಯರಿಗೆ ಯಾವುದೇ ಪ್ರಯೋಜನವಾಗುವುದಿಲ್ಲ.,sad,kn
"ಸಂಕ್ಷಿಪ್ತವಾಗಿ ಹೇಳುವುದಾದರೆ, ಗೃಹ ಸಚಿವರು ನಿರುದ್ಯೋಗಿ",angry,kn
ಅಜಿತಾದಾ ಅವರೊಂದಿಗೆ ಬಿಜೆಪಿ ಕೂಡ ಪ್ರಮಾಣ ವಚನ ಸ್ವೀಕರಿಸಿದರು. ಬಿಜೆಪಿಯೂ ಏಕೆ ದೇಶದ್ರೋಹಿ?,angry,kn
ಹೆಕ್ಟರ್ ಎಂದರೆ ಏನು ಎಂದು ತಿಳಿದಿಲ್ಲ ಎಂದು ಅವರು ಏನು ಹೇಳುತ್ತಾರೆ?,angry,kn
"ಇದು ಟ್ವೀಟ್ ಎಂದು ನಾನು ಭಾವಿಸಿದೆ, ಆದ್ದರಿಂದ ಉತ್ತರವು ... ಕ್ಷಮಿಸಿ ಸ್ನೇಹಿತ",neutral,kn
"ಈಗ ಅರ್ಹತೆ ತೋರಿಸಿ ಗೆಲ್ಲುವ ಸಮಯ ಬಂದಿದೆ, ಆದರೆ ನಾವು ಅಳುವುದನ್ನು ನಿಲ್ಲಿಸಲು ಸಾಧ್ಯವಿಲ್ಲ.",angry,kn
ನನಗೆ ಇನ್ನು ಬೇಡ,sad,kn
"ಕತ್ತಿಯನ್ನು ಕೈಗೆತ್ತಿಕೊಳ್ಳಿ, ಇದು ಮಾಡಲು ಯೋಗ್ಯವಾದ ವಿಷಯ",neutral,kn
ಇದು ಇತಿಹಾಸ. ಗೌರವ್ ಹೋದ.,sad,kn
ಆ ಸಂಘಟನೆ ಅಧಿಕಾರದಲ್ಲಿದ್ದಾಗ ಬಾಳೆಹಣ್ಣು ಹೀರುತ್ತಿತ್ತು...,angry,kn
ಮತ್ತು ತಾಯಿಯ ಸ್ನೇಹಿತನ ಮುಖ ಏಕೆ ವಕ್ರವಾಗಿದೆ? ನಾಲಿಗೆಗೆ ಅದೇ ಹೆಸರನ್ನು ತೆಗೆದುಕೊಳ್ಳಲು ಕಷ್ಟವಾಯಿತು,angry,kn
ಚುನಾವಣೆಯಲ್ಲಿ ಸಾರ್ವಜನಿಕರನ್ನು ಮೂರ್ಖರನ್ನಾಗಿಸಲು ಇದು ಖಂಡಿತವಾಗಿಯೂ ಪ್ರಮುಖ ವಿಷಯವಾಗಿದೆ.,angry,kn
"ಇಡೀ ಮಹಾರಾಷ್ಟ್ರವೇ ದೇವೇಂದ್ರ ಜೀ ಅವರ ಬಗ್ಗೆ ಹೆಮ್ಮೆಪಡುತ್ತದೆ, ನಾನು ನಿಮ್ಮನ್ನು ಕೇಳುತ್ತೇನೆ, ಒಬ್ಬ ಸಿಕೋಫಂಟ್ ಪತ್ರಕರ್ತ, ಅಸಹಾಯಕ ಪತ್ರಕರ್ತ ಯಾರು.",happy,kn
ಇದು ಮರಾಠಿ ಕಲಾವಿದರೊಬ್ಬರ ಹೆಮ್ಮೆ.,angry,kn
"ಇದು ಅವರಿಗೆ ತಿಳಿದಿಲ್ಲ, ಆದ್ದರಿಂದ ಅವರು ಮಹಾರಾಷ್ಟ್ರದಲ್ಲಿ ಅಧಿಕಾರದ ಹೋರಾಟದಲ್ಲಿ ದಿನಾಂಕವನ್ನು ನೀಡುತ್ತಿದ್ದಾರೆ.",angry,kn
ಅವರನ್ನೆಲ್ಲ ಪಾಕಿಸ್ತಾನಕ್ಕೆ ಕಳುಹಿಸಿ. ಇಂತಹ ದೇಶದ್ರೋಹಿಗಳು ಈ ದೇಶದಲ್ಲಿ ಬದುಕಲು ಅರ್ಹರಲ್ಲ.,angry,kn
"ನಮಸ್ಕಾರ, ನೀವು ಯಾಕೆ ಹೋಗಿದ್ದೀರಿ? ಸೆಳೆತ",neutral,kn
"ಹೌದು, ಅವರು ಹಿಂದೂಗಳು ಮತ್ತು ಅವರಲ್ಲಿ ಹಿಂದೂ ದ್ವೇಷ ತುಂಬಿದೆ.",angry,kn
ಹಿತಾಸಕ್ತಿ ತಪ್ಪಿದರೆ ಬಿಜೆಪಿ ನೇರವಾಗಿ ತೆರೆಮರೆಯಲ್ಲಿ ರಾಜಕೀಯ ಮಾಡಿ ಜನರನ್ನು ಕೆರಳಿಸುತ್ತದೆ.,neutral,kn
"ನೀನು ಯಾಕೆ ಸುಳ್ಳು ಹೇಳಬೇಡ, ನೀನು ಶಾಲೆಗೆ ಹೋಗಿದ್ದೀಯಾ? ಈಗ ಅವರ ಶಿಕ್ಷಣವನ್ನು ಕಸಿದುಕೊಳ್ಳಬೇಡಿ",angry,kn
ಈ ವ್ಯಕ್ತಿ ಮುಖ್ಯಮಂತ್ರಿಯನ್ನು ಕೊಳಕು ಭಾಷೆಯಲ್ಲಿ ನಿಂದಿಸುತ್ತಿದ್ದಾರೆ. ಕಟ್ಟುನಿಟ್ಟಿನ ಕ್ರಮ ನಿರೀಕ್ಷಿಸಲಾಗಿದೆ,angry,kn
ಸಹ್ಯಾದ್ರಿ ಶಾಲೆ ಖಾಸಗಿ ಶಾಲೆಯಾಗಿರುವುದರಿಂದ ಥಾಣೆ ಮಹಾನಗರ ಪಾಲಿಕೆ ನೀರಿನ ಟ್ಯಾಂಕ್‌ಗಳನ್ನು ಸ್ವಚ್ಛಗೊಳಿಸುತ್ತಿಲ್ಲ.,neutral,kn
ಗೆಲುವಿನ ಗ್ಯಾರಂಟಿ ಇಲ್ಲದ ಕಾರಣ ಈ ದ್ರೋಹಿಗಳು ಕ್ಷೇತ್ರ ಬಿಟ್ಟು ಓಡಿ ಹೋಗುತ್ತಾರೆ,angry,kn
"ಮುಂಜಾನೆ ನಾನು ಕೆಟ್ಟ ಕನಸಿನೊಂದಿಗೆ ಎಚ್ಚರವಾಯಿತು, ಮರುದಿನ ಅದು ಈಗ ಸಂತೋಷವಾಗಿದೆ",happy,kn
"ನಾನು ಕೆಲವೊಮ್ಮೆ ಸರಸ್‌ಬಾಗ್‌ಗೆ ಹೋಗುತ್ತೇನೆ. ಈಗ ಬರೀ ಜನಸಂದಣಿ ಇದ್ದು, ಸಂಚಾರದ ಸದ್ದು ಬರುತ್ತಲೇ ಇದೆ.",sad,kn
ನೀವು ಏನನ್ನಾದರೂ ಎಸೆಯುತ್ತೀರಾ? ಪತ್ರಿಕೋದ್ಯಮ ಮಾಡುವುದೇ? ಅದಕ್ಕೇ ಅಜ್ತಾಕ್ ಬಿಟ್?,angry,kn
"ನಿನಗೇನು ಬೇಕು ಹೇಳು, ಇದು ವಡಾಪಾವ್ ಕಾರೇ?",angry,kn
ಗಡ್ಡ ಬೆಳೆಸಿ ಮೋದಿ ಆಗುವ ಯತ್ನ? ಆದರೆ ಗಡ್ಡವನ್ನು ಬೆಳೆಸುವುದರಿಂದ ಬುದ್ಧಿವಂತಿಕೆ ಮತ್ತು ಬುದ್ಧಿವಂತಿಕೆ ಹೆಚ್ಚಾಗುತ್ತದೆಯೇ?,angry,kn
"ಮರಾಠಿಯ ಕೊಲೆಗಾರನಾಗಬೇಡ, ಮರಾಠಿಯಲ್ಲಿ ನಿನ್ನನ್ನು ವ್ಯಕ್ತಪಡಿಸಿ. ನಮಗೆ ಈ ಭಾಷೆ ಅರ್ಥವಾಗುತ್ತಿಲ್ಲ.",neutral,kn
"ಶೆಮನ್ಯಾ, ಬಾಲ ಮುದುಡಿಕೊಂಡು ಗುಹೆಯಲ್ಲಿ ಕೂತಿದ್ದೀಯಾ, ಈಗ ಮಾತನಾಡಬೇಡ.",angry,kn
ಇದರ ಲಾಭ ಸಾಮಾನ್ಯ ಜನರಿಗೆ ತಲುಪದ ಹೊರತು ಎಲ್ಲವೂ ನಿರುಪಯುಕ್ತ,sad,kn
ನಾನು ಕೋಪಗೊಂಡಿದ್ದೆ ಏಕೆಂದರೆ ಭವಿಷ್ಯವು ನಿಜವಾಯಿತು,angry,kn
ಮಗುವನ್ನು ನೋಡಿಕೊಳ್ಳಲು ಕೇಳಿದರೆ ಆಶ್ಚರ್ಯವೇನಿಲ್ಲ ... ಅವರು ತಮ್ಮ ಪ್ರಾಚೀನ ಬುದ್ಧಿವಂತಿಕೆ ಮತ್ತು ಸಾಮಾನ್ಯ ಜ್ಞಾನವನ್ನು ತಿಳಿದಿದ್ದರು ...,neutral,kn
ಸಾರ್ ಭ್ರಷ್ಟಾಚಾರ ತುಂಬಾ ಹೆಚ್ಚಾಗಿದೆ ದಯವಿಟ್ಟು ಪರಿಹರಿಸಿ,angry,kn
ಹಸುವಿನ ಸಗಣಿ ಮತ್ತು ಸ್ವಂತ ಮೂತ್ರವನ್ನು ಸೇವಿಸಿ,angry,kn
ಕೀವ್ ಮತ್ತು ಹುಸುಚ್ ಅನ್ನು ಮಾತ್ರ ಉಲ್ಲೇಖಿಸಿರುವ ಇನ್ನೂ ಐದು ಅರ್ಥಹೀನ ಟ್ವೀಟ್‌ಗಳನ್ನು ನೀವು ಓದಿದರೆ..,angry,kn
ಜೈದೀಪ್ ಠಾಕ್ರೆ ಯಾರ ಜೊತೆ ಇದ್ದಾರೆ ಹೇಳಿ?,angry,kn
ಶಾಂತಾ ಶೆಲ್ಕೆ ಯಾರೆಂದು ಈ ಬುದ್ಧಿಹೀನ ವ್ಯಕ್ತಿಗೆ ತಿಳಿದಿದೆಯೇ?,angry,kn
ಈ ಮೂರ್ಖ ಮತ್ತು ಮೂರ್ಖ ಪತ್ರಕರ್ತರಿಂದ ಜನರು ದಾರಿ ತಪ್ಪುತ್ತಿದ್ದಾರೆ,angry,kn
ಆಗ ಬಾಳಾ ಸಾಹೇಬರ ಶಿವಸೇನೆಗೆ ಅವಮಾನ ಮಾಡಿ.. ಆಗ ಸಾರ್ವಜನಿಕರು ನಿಮಗೆ ತಕ್ಕ ಉತ್ತರ ನೀಡುತ್ತಾರೆ.,angry,kn
ಗುಜ್ಜು ಹುಳುವಿನಂತೆ ನಿಧಾನವಾಗಿ ಹೊರಬರುತ್ತದೆ...!,angry,kn
ಕಾರ್ತಿಕ ಯಾತ್ರೆಯಲ್ಲಿ ಭಕ್ತರಿಗೆ ಯಾವುದೇ ತೊಂದರೆಯಾಗದಂತೆ ಎಚ್ಚರಿಕೆ ವಹಿಸಬೇಕು - ಜಿಲ್ಲಾಧಿಕಾರಿ ಗಜಾನನ ಗುರವ,neutral,kn
ಬಲಿಯಾದವರು ಮೇಕೆಯನ್ನು ದೇಶದ ಮುಂದೆ ಸೋಲಿಸಿದ್ದಾರೆ ಎಂದು ನಾನು ಈಗಾಗಲೇ ಹೇಳಿದ್ದೇನೆ.,sad,kn
ವಿ ಹಾಯ್ ಶು ನೆನಾ ತೈ ಎಂದು ಹೇಳುತ್ತಿದೆ,angry,kn
ಫಸ್ನವಿಸ್‌ನ ಗದ್ದರ್‌ನಾಥ್ ಮತ್ತು ಉತ್ತಮವಾದ ನಾನಾ ಕೆಲಸ ಮಾಡಿದ್ದಾರೆ,happy,kn
ಹೀಗೆ ಹೇಳುತ್ತಾ ತಾಯಿಯ ಮಾತು ಮುಗಿಯಿತು...ಓಂ ಶಾಂತಿ!,sad,kn
ಇವನು ತನಗಿಂತ ಜಾಣ ಎಂದುಕೊಂಡ ಹೇಡಿ ವಕೀಲ.,angry,kn
ಈಗ ಥಾಪಾ ಶಿಂಧೆ ಗುಂಪಿನ ಆಪ್ತ ಸಚಿವರಾಗುತ್ತಾರೆ ಎಂಬ ವದಂತಿ ಹಬ್ಬಿಸಿದವರು ಯಾರು?,happy,kn
"ಸರ್, ಏನು ತಂದಿದ್ದೀರಿ? ಓದಲು ತುಂಬಾ ಬೇಸರವಾಯಿತು.",sad,kn
ಸೋಲುವ ಭಯದಿಂದ ರಾಜ್ ಠಾಕ್ರೆ ಮೂಲಕ ಈ ದಂಧೆ ಆರಂಭಿಸಿದರು.,fear,kn
"ಬೆನ್ನು ನಿಂತಿದ್ದರೆ ಕಠಾರಿ ತೆರೆಯುವುದು ಖಚಿತ. ವಸಂತದಾದಾ ಪಾಟೀಲ್, ಯಶವಂತರಾವ್",angry,kn
ಅದು ಯಾವ ಭಾಷೆ... ಅದು ಯಾವ ಸಂಸ್ಕೃತಿ!,angry,kn
"ಬಾಳಾ ಸಾಹೇಬರು ಪ್ರಬೋಧನಕರ ವಾರಸುದಾರರು, ತೋರ್ಸೇಕರ ಕಡೆ ಗಮನ ಕೊಡಬೇಡಿ, ಅವರು ವಯಸ್ಸಾದವರು, ಅವರು ಏನು ಬೇಕಾದರೂ ಮಾತನಾಡುತ್ತಾರೆ.",neutral,kn
ಅಜ್ಜನಿಗೆ ಯೋಗಿ ಸ್ಟೈಲ್ ನಲ್ಲಿ ಪಾಠ ಹೇಳ್ತೀರಾ???,angry,kn
"ನರೇಂದ್ರ ಮೋದಿ ದೇಶದ ಪ್ರಧಾನಿಯಲ್ಲ, ಬಿಜೆಪಿಯ ಪ್ರಧಾನಿ ಮಾತ್ರ. -ಕಾಂಗ್ರೆಸ್ ರಾಜ್ಯಾಧ್ಯಕ್ಷ ನಾನಾ ಪಟೋಳೆ.",angry,kn
ಅಯ್ಯೋ ಈ ಸಿಟ್ಟಿನ ನರಿ ಇನ್ನೂ ಇದೆಯಾ...ಇಷ್ಟು ಹೊತ್ತು ಎಲ್ಲಿ ಬಚ್ಚಿಟ್ಟಿದ್ದ,angry,kn
ಮೋದಿ ಸರ್ಕಾರ ಮನೀಶ್ ಸಿಸೋಡಿಯಾ ಅವರನ್ನು ಗುರಿಯಾಗಿಸಿಕೊಂಡಿರುವುದು ನಿಜಕ್ಕೂ ಅನ್ಯಾಯ.,angry,kn
ಪವಿತ್ರ ಮಂಗಳಸೂತ್ರದ ವಿರುದ್ಧ ಹುಚ್ಚು ಮತ್ತು ಕಾಂಗ್ರೆಸ್ ಮನಸ್ಥಿತಿಯ ಪ್ರತಿಭಟನೆ.,angry,kn
ಅವರು ಸದ್ದಿಲ್ಲದೆ ಲಕ್ಷಾಂತರ ಸಂಪಾದಿಸುತ್ತಿದ್ದಾರೆ,angry,kn
"ಹೇ ಉಪತ್, ಅವನ ತಂದೆಯಂತಹ ಒಂದು ಗುಣವಾದರೂ ಇದೆಯೇ?",angry,kn
"ಈಗ ಬಿಜೆಪಿ ಬಾಣ ಹಿಡಿದಿದೆ, ಸಾಕಷ್ಟು ಹುಡುಕಿದೆ ಆದರೆ ಕೈ ಖಾಲಿಯಾಗಿದೆ.",neutral,kn
"ಹೇ ಸಹೋದರರೇ, ನೀವು ಮರಾಠಾ ಮೋರ್ಚಾವನ್ನು ಮೂಕ ಮೋರ್ಚಾ ಎಂದು ಕರೆದಿದ್ದೀರಾ?",angry,kn
ಅದು ಭ್ರಮೆ,neutral,kn
"ನಾನು ಪುರಂಪೋಲಿ ತಿನ್ನುವುದಿಲ್ಲ, ಅದು ಮಾತನಾಡುವಂತಿದೆ.",neutral,kn
ಆಗಲು ಬಯಸುವುದಿಲ್ಲ,neutral,kn
ಅವಳು ನನಗೆ ತೊಂದರೆ ಕೊಡುತ್ತಾಳೆ,angry,kn
ಪೆಟ್ಟಿಗೆಗಳು ಎಲ್ಲವನ್ನೂ ಮಾಡುತ್ತಿದ್ದರೆ ಯಾರು ಮತದಾನದಲ್ಲಿ ಆಸಕ್ತಿ ಹೊಂದಿರುತ್ತಾರೆ ಮತ್ತು ಏಕೆ?,angry,kn
"ನೀರು ಸಂಗ್ರಹವಾಗಬಾರದು, ನೀರಿರುವ ಕೆಲ್ಪ್ ಕೆಲಸ ಮಾಡುತ್ತಿದೆ",happy,kn
ಇದಕ್ಕಾಗಿ ಮಹಾರಾಷ್ಟ್ರವು ಮುಂಬೈ ಮತ್ತು ಪುಣೆಯ ಹೊರಗೆ ಇದೆ ಎಂದು ಅರ್ಥಮಾಡಿಕೊಳ್ಳಬೇಕು.,neutral,kn
"ವರ್ಕ್ ಫ್ರಮ್ ಹೋಮ್ ಎಂದರೆ, ಆಫೀಸ್ ಕೆಲಸ ಮಾಡುವುದರ ಜೊತೆಗೆ ಮನೆಯ ಕೆಲಸ... ವೈಟಗವಾಡಿ ನುಸ್ತಿ",angry,kn
ಮುಂದೊಂದು ದಿನ ಈ ಮೇಡಂಗಳು ಉದ್ಧವ್ ಠಾಕ್ರೆಯ ಉಳಿದಿರುವ ಶಿವಸೇನೆಯನ್ನು ಖಂಡಿತವಾಗಿ ಒಡೆಯುತ್ತಾರೆ.,angry,kn
ಆದರೆ ರಾಹುಲ್ ಗಾಂಧಿಯವರಿಂದಾಗಿ ಹಿಸ್ ಎಕ್ಸಲೆನ್ಸಿ... ಹುಲ್ಲು ನೇರವಾಗಿ ಮಸೀದಿಯಲ್ಲಿ ಬೆಳೆದಿತ್ತು. ಅದರ ಬಗ್ಗೆ ಏನು????,angry,kn
ಮರಾಠಿಯಲ್ಲಿ ದೇಹವು ಚಿಂದಿ ಭಾರ ಎಂಬ ಮಾತಿದೆ,neutral,kn
PMC ಗೆ ಪ್ರಶ್ನೆಗಳನ್ನು ಕೇಳಲು ಸಾಧ್ಯವಾಗದ ಜನರ ಬಗ್ಗೆ ನೀವು ಮಾತನಾಡುತ್ತಿದ್ದೀರಾ? ಗೊಂದಲ,neutral,kn
ಅದು ಬೆಂಕಿಯನ್ನು ನಾವು ಪಾನಿಚು (ಎಲೆ ಚೇಳು) ಎಂದು ಕರೆಯುತ್ತೇವೆ. ಆದರೆ ಮನುಷ್ಯ ಸಾಯುವುದಿಲ್ಲ.,neutral,kn
ಈ ಸುದ್ದಿ ವಾಹಿನಿಯೂ ಅದೇ ಸುದ್ದಿ. ನನಗೆ ಬೇಸರವಾಗಿದೆ.,angry,kn
ಉಚಿತ ಪ್ರಚಾರವನ್ನು ಪಡೆಯಲು ಯಾರನ್ನಾದರೂ ಕರೆ ಮಾಡಲು ಕೇಳಲಾಗಿದೆ ಎಂಬುದು ಸ್ಪಷ್ಟವಾಗಿದೆ.,angry,kn
ಇದು ಕ್ರಿಯೆಯ ಭಯದಿಂದಾಗಿ ಓನ್ಲಿ ಫ್ಯಾನ್ಸ್ ಸಂಸ್ಥಾಪಕರಲ್ಲಿ ಭೀತಿಯನ್ನು ಉಂಟುಮಾಡಿದೆ.,fear,kn
ಪಾಕೆಟ್ ಪತ್ರಕರ್ತರು ಮತ್ತು ಗೋಡಿ ಮಾಧ್ಯಮದವರು ಈ ಮಾತುಗಳನ್ನು ಮರೆತಿದ್ದಾರೆಂದು ತೋರುತ್ತದೆ...,angry,kn
ಅಪಾಯವನ್ನು ನೋಡಿ.,angry,kn
"ಮತ್ತು ಪವಾರ್ ಸಾಹೇಬರು ಕಾಂಗ್ರೆಸ್ ಅನ್ನು ಮುರಿದರು, ಏನು ತಂತ್ರ.",angry,kn
ಕೊಂಕಣಿಗರು ರಾಣೆಗೆ ಕಳಂಕ ತಂದಿದ್ದಾರೆ,angry,kn
"ಈ ಕಿಡಿಗೇಡಿಗಳು ಜನರ ಪ್ರಾಣವನ್ನು ಪಣಕ್ಕಿಟ್ಟು ಐಷಾರಾಮಿ ಜೀವನ ನಡೆಸುತ್ತಿದ್ದು, ಈ ನಿರ್ಲಕ್ಷ್ಯಕ್ಕೆ ಸೂಚಿಸಲಾಗಿದೆ.",angry,kn
ಪ್ರಪಂಚವು ಮೋಸಗೊಂಡಿದೆ ಏಕೆಂದರೆ ಒಳಗಿರುವುದು ತೋರಿಕೆಯಲ್ಲ,neutral,kn
ಇಂತಹ ನಕಲಿ ವ್ಯವಹಾರದಿಂದಾಗಿ ನಿಮ್ಮ ಖಾತೆಯನ್ನು ಸ್ಥಗಿತಗೊಳಿಸಲಾಗುತ್ತದೆ,angry,kn
ನೀವು ಅದನ್ನು ಕೆಳಗಿನ ಹಂತ ಎಂದು ಏಕೆ ಕರೆಯುತ್ತೀರಿ ಎಂದು ಈಗ ನಾನು ನಿಮಗೆ ಹೇಳುತ್ತೇನೆ,angry,kn
ಮುಚ್ಚು..ಏನಾದರೂ,angry,kn
ಒಂದಷ್ಟು ಸುಳ್ಳು ಕಥೆಗಳನ್ನು ಹೇಳಿ ಜನರನ್ನು ಮೂರ್ಖರನ್ನಾಗಿಸುವುದು ಬಿಜೆಪಿಯ ನೀತಿ ನಿಜ.,angry,kn
ಮಹಾರಾಷ್ಟ್ರ ನನ್ನನ್ನು ಎಲ್ಲಿಗೆ ಕರೆದೊಯ್ಯುತ್ತದೆ?,sad,kn
ನೀವು ಮೌನ ಕ್ರಮವನ್ನು ಉಲ್ಲಂಘಿಸಿದ್ದೀರಿ,angry,kn
ಈ ಕಾರಣದಿಂದ ನಾನು ಅನ್‌ಫಾಲೋ ಮಾಡುವುದಿಲ್ಲ... ಚಿಂತಿಸಬೇಡಿ.,neutral,kn
"ಅವನ ಹೆಂಡತಿ ಅವನನ್ನು ಕರೆದಾಗ, ಅವನು ಮನೆಗೆ ಬರಲು ಪ್ರಾರಂಭಿಸಿದನು, ಆದರೆ ದಾರಿಯಲ್ಲಿ ಮೂರು ಜನರು ಅವನನ್ನು ಹೊಡೆದರು.",sad,kn
ಮಾವಿಯಾ ಅಭ್ಯರ್ಥಿ ಸಿಗುವುದಿಲ್ಲ - ಬಾವಂಕುಲೆ,happy,kn
"ನಿಮಗೆ ಕ್ಯಾರೆಟ್, ಸತ್ತಾರ ಗೊತ್ತಾ, ಮೂಲಭೂತವಾಗಿ, ನಿಮಗೆ ಮಂತ್ರಿಯಾಗುವ ಅರ್ಹತೆ ಇಲ್ಲ",angry,kn
ಇನ್ನೂ ಯಾವುದೇ ಕ್ರಮ ಕೈಗೊಂಡಿಲ್ಲ. ಕೆಲಸ ನಡೆಯುತ್ತಿದೆ.,neutral,kn
ಬಿಜೆಪಿ ಸರ್ಕಾರವಿದ್ದಾಗ ಇದು ಹೇಗೆ ಆಯಿತು?,happy,kn
"ಈ ಮಹಿಳೆ ಯಹೂದಿ ಅಲ್ಲ, ಉಳಿದವರೆಲ್ಲರೂ ವಿವೇಕಿಗಳು",neutral,kn
ನಿಮ್ಮಂತೆಯೇ ಅವರಿಗೂ ಓಡಿಹೋಗಿ ಸಾಯುವಂತೆ ಅನಿಸುತ್ತದೆ,sad,kn
ಇದು ದೇವತೆಗಳಿಗೆ ಮಾಡಿದ ಅವಮಾನ.,angry,kn
ಈ ಸಾವಿನ ಗ್ರಾಫ್ ಅಮರಾವತಿಯಲ್ಲಿ ಅತಿ ಹೆಚ್ಚು,sad,kn
ನೀವು ಅದನ್ನು ತೆಗೆದುಕೊಂಡು ಬರೆದಿದ್ದೀರಿ ಅದು ಸರಿಯಾಗಿ ಬರೆಯದಿರಬಹುದು,neutral,kn
ವಿಳಾಸ ತಪ್ಪಿ ಬುಲೆಟ್ ತಪ್ಪಿದ್ದರಿಂದ ಮಾಧ್ಯಮಗಳಿಗೆ ಪಾತ್ರ ಸಿಕ್ಕಿದೆ.,neutral,kn
ಪಟಾಕಿ ಸಿಡಿಸುವ ಮೂಲಕ ನಮ್ಮ ಪ್ರಕೃತಿ ಮಾತೆಗೆ ಅವಮಾನ ಮಾಡುವ ಎಲ್ಲಾ ದಿವಾಳಿ ಭಕ್ತರ ವಿರುದ್ಧ ಪ್ರತಿಭಟನೆ...,angry,kn
"ನೀವು """" ಬದಲಿಗೆ """" ನಕಲಿ ಹೆಸರನ್ನು ಏಕೆ ಬಳಸುತ್ತೀರಿ?",neutral,kn
ಬಾಸಿತ್ ದೇಶ ವಿರೋಧಿ ನಿಯತಕಾಲಿಕವನ್ನು ನಡೆಸುವ ಜವಾಬ್ದಾರಿಯನ್ನು ಹೊತ್ತಿದ್ದರು.,angry,kn
. ಈ ರೀತಿ ಟ್ವೀಟ್ ಮಾಡಲು ಹಣ ಪಡೆದವರು ಕತ್ತು ಹಿಸುಕುತ್ತಿದ್ದಾರೆ ಎಂದು ಹೇಳುತ್ತಾರೆ,angry,kn
ಎತ್ತುಗಳು ಮತ್ತು ಎಮ್ಮೆಗಳನ್ನು ಸಹ ಅವಮಾನಿಸಲಾಗುತ್ತದೆ ಎಂದು ನಾನು ಭಾವಿಸುತ್ತೇನೆ ...,sad,kn
ಇಲ್ಲಿ ಬಿಕ್ಕಟ್ಟು ಹಿಂದೆ ನಿಂತಿದೆ. ಮುಖದ ಅಭಿವ್ಯಕ್ತಿಯನ್ನು ನೋಡಿ.,fear,kn
ಉಳಿದ ಶೇಣಿಕಾನ್‌ಗಳು ಹೆಚ್ಚು ಖುಷಿಯಾಗುತ್ತಾರೆ.. ಭವಿಷ್ಯದ ರಿತುಜಾ ಲಟ್ಕೆ ಕೂಡ ಶಿಂಧೆ ಗ್ರೂಪ್‌ಗೆ ಸೇರಲಿದ್ದಾರೆ.,neutral,kn
ಗ್ರಾಮದಲ್ಲಿ ಶಾಲೆ ಇಲ್ಲ ಆದರೆ ಎರಡೆರಡು ಇದ್ದು ಜನಪರ ಎಂದು ಹೇಳಲಾಗುತ್ತಿದೆ,neutral,kn
ಪುಣೆಯಲ್ಲಿ ನೀರಿನ ಶೇಖರಣೆಯಿಂದ ಗಮನವನ್ನು ಬೇರೆಡೆಗೆ ತಿರುಗಿಸಲು ಇದೆಲ್ಲ ಉಪವಿಭಾಗ! ಸಾರ್ವಜನಿಕರು ಬುದ್ಧಿವಂತರು!,angry,kn
ಇದು ನಿಮ್ಮ ಹಣೆಬರಹವಲ್ಲ,sad,kn
"ಜನಸಮೂಹವು ಹಾವನ್ನು ತುಳಿಯಲು ಹೊರಟಿತು, ಆದರೆ ಋಷಿಯು ಅದನ್ನು ಪಾಪ ಎಂದು ಹೇಳಿ ರಕ್ಷಿಸಿದನು; ಆದರೆ ಒಂದು ತಪ್ಪು ದುಬಾರಿಯಾಗಿದೆ",sad,kn
ಭೋಲಾನಾಥ್ ಅವರೊಂದಿಗೆ ಸಹಾನುಭೂತಿ ಪಡೆಯುತ್ತಾರೆ. ಎಲೆಕ್ಟರ್ ಕಿಂಗ್ ಕೀವ್‌ಗೆ ಬಂದು ಭಿಕ್ಷೆ ಬೇಡುತ್ತಾನಾ?,neutral,kn
ಲಟ್ಕೆ ತೈ ವಿರುದ್ಧ ಪಿತೂರಿ ನಡೆದಾಗ ಈ ಪಾತ್ರ ಎಲ್ಲಿತ್ತು?,angry,kn
"ದೇಶದಲ್ಲಿ ನಿರುದ್ಯೋಗವಿಲ್ಲ, ದೇಶದಲ್ಲಿ ಉದ್ಯೋಗ ಕಡಿಮೆಯಾಗಿದೆ. -ನಿರ್ಮಲಾ ಅತ್ಯಾ",neutral,kn
ನಿಮ್ಮ ಅಭಿಪ್ರಾಯಕ್ಕೆ ಬೆಲೆ ಇಲ್ಲ...ನೀವು ಅದಕ್ಕೆ ಅರ್ಹರಲ್ಲ..,angry,kn
ಇದರ ನಂತರ ಸಂಖ್ಯೆಗಳು ಬರುತ್ತವೆ. ಕುಳಿತುಕೊಳ್ಳಿ..,angry,kn
ಇಂದು ನಾನು ಕುರುಡ ಮತ್ತು ಕಿವುಡ,sad,kn
ಮಹಾರಾಜರ ಚಿಹ್ನೆಯನ್ನು ರಾಷ್ಟ್ರವಿರೋಧಿ ಎಂದು ಕರೆಯುವವರು ದೇಶವಿರೋಧಿಗಳು.,angry,kn
ಪುರುಷರೆಲ್ಲ ಯಾಕೆ ಸೋಮಾರಿಗಳಾಗಿದ್ದಾರೆ..ಇದು ಸಂಶೋಧನೆಯ ವಿಷಯವಾಗಿದೆ,angry,kn
ಇದು ಶುದ್ಧ ಭೂತ,angry,kn
ಮಹಾರಾಷ್ಟ್ರದ ಸಂಸ್ಕೃತಿಯನ್ನು ಉಳಿಸಿಕೊಂಡು ಒಳ್ಳೆಯ ನಿರ್ಧಾರವನ್ನು ಕೆದಕುವುದು ಯಾರ ಸಂಸ್ಕೃತಿ?,angry,kn
ಶರದ್ ಸೇನೆಯ ಇತಿಹಾಸ ಮತ್ತು ಭೌಗೋಳಿಕ ಎರಡೂ ಕಚ್ಚಾ.,angry,kn
ನೀವು ನಿಜವಾಗಿಯೂ ಎಷ್ಟು ಮೌಲ್ಯಯುತರು? ನೀವು ಹಾಗೆ ಯೋಚಿಸುತ್ತೀರಾ?,angry,kn
ಮತ್ತು ಯಡ್ಯ ಗಜ್ಜುಗೆ ಬೇಕಾಗಿರುವುದು ಮಿನುಗು,angry,kn
ಬಾಳಾಸಾಹೇಬರು ಇಂದು ತುಂಬಾ ದುಃಖಿತರಾಗುತ್ತಾರೆ,sad,kn
"ವಿಶೇಷವಾಗಿ ಟಿವಿ ಮರಾಠಿ, ಎನ್‌ಸಿಪಿ ಮಜಾ ಮತ್ತು ಭೋಕಾಮತ್",neutral,kn
: ಗರ್ಬಾ ಆಡುತ್ತಿದ್ದಾಗ ರಾಸ್ ಹಠಾತ್ತನೆ ನಿಂತು ಕೆಳಗೆ ಬಿದ್ದರು; ಸಾವು ಕುಟುಂಬದ ಮುಂದೆ ಬಂದಿತು,sad,kn
ಪ್ರೀತಿ ಎಂದರೆ... ಮನೆಯಲ್ಲಿ ತಿಂದು ಇತರರಿಗಾಗಿ ಸಾಯುವುದು... ಬೆಂಡೆಕಾಯಿಯ ಅವಶ್ಯಕತೆ ಏನಿದೆ...,angry,kn
ಅಲ್ಲಿ ನಾಲ್ಕು ಮಂಗಳಸೂತ್ರ ಕಳವು ಪ್ರಕರಣಗಳು ದಾಖಲಾಗಿವೆ ಎಂದು ಕೇಳಿ ಬಂದಿದೆ.,neutral,kn
ನಿಜ ಆದರೆ ನೀವು ಈ ಸಾಮಾನ್ಯ ಜ್ಞಾನವನ್ನು ಹಿಂದೂ ಹಬ್ಬಗಳಲ್ಲಿ ಮಾತ್ರ ಕಲಿಸುತ್ತೀರಿ...,angry,kn
"ಎರಡರಲ್ಲೂ ವಿಶ್ವಾಸಘಾತುಕತನವಿದೆ, ಮುಂದಿನ ಪೀಳಿಗೆ ಖಂಡಿತವಾಗಿಯೂ ನಾಚಿಕೆಪಡುತ್ತದೆ.",angry,kn
ನಂತರ ನೀವು ತುರ್ತು ಪರಿಸ್ಥಿತಿಯನ್ನು ಬೆಂಬಲಿಸಿದ್ದೀರಿ ಆದರೆ ಜನರು ಅದನ್ನು ವಿರೋಧಿಸಿದರು.,angry,kn
ಭಾರತದ ಫುಕು ಯಾರು? ಹುಡುಕು,angry,kn
ಯಾವುದೋ ಅಜ್ಞಾತ ಭಯದಿಂದ ನೀವು ನಡೆಯಲು ಪ್ರಾರಂಭಿಸಿದ್ದೀರಿ. ಅದನ್ನು ಅನುಭವಿಸಿ!,fear,kn
ಇದು ನಿಜವೇ? ನಂಬುವುದು ಹೇಗೆ?,happy,kn
ಹ ಹ್ಹ ನೀವು ನೇರವಾಗಿ ಅತ್ಯಾಚಾರಿಗಳನ್ನು ತರಾಟೆಗೆ ತೆಗೆದುಕೊಳ್ಳುತ್ತೀರಿ,angry,kn
ಖಿಕ್ ಮತ್ತು ಹತ್ತಾರು ಎತ್ತುಗಳು ನಿಮ್ಮ ಆಸ್ಥಾನದಲ್ಲಿ ಕೋಪಗೊಂಡಿವೆ,neutral,kn
"ಏನು ಅವ್ಯವಸ್ಥೆ! ಅಂಧರೆಯೊಂದಿಗೆ ಮುಖಾಮುಖಿ ಚರ್ಚಿಸಿ! ಕತ್ತಲೆ ಖಂಡಿತ ಬರುತ್ತದೆ, ದೇಶದ್ರೋಹಿ ಸೈನ್ಯ!",angry,kn
"ಅವರೇ ದೊಡ್ಡವರು(?), ನನಗಿಂತ ಅವರ ಕೆಲಸ ದೊಡ್ಡದು(?) ಅಂತ ಈ ವಾಕ್ಯ ನೆನಪಿಗೆ ಬಂತು.",angry,kn
ಅವರು ಏನು ಮಾಡಲು ಬಯಸುವುದಿಲ್ಲವೋ ಅದನ್ನು ಮಾಡುತ್ತಾರೆ,angry,kn
ಹಕ್ಕುರಹಿತ ಸ್ಥಾನವು ಯಾವಾಗಲೂ ಹಕ್ಕುರಹಿತವಾಗಿ ಉಳಿಯುತ್ತದೆ.,sad,kn
ಕೆಲಸಗಾರರು ತಮ್ಮದೇ ಆದ ಆದರೆ ಇತರರ ಮೆರವಣಿಗೆಯಲ್ಲಿ ನೃತ್ಯ ಮಾಡುತ್ತಿದ್ದಾರೆ ... ಒಬ್ಬರು ಆಶಾವಾದಿಯಾಗಿರಬೇಕು ಆದರೆ ಕೈಗೆಟುಕಬಾರದು,neutral,kn
"ಲಕಾ, ವಿಷಯವು ನಿಮ್ಮ ಪ್ರಯೋಜನಕ್ಕಾಗಿ.",angry,kn
ಸಂತ ತುಕ್ಡೋಜಿ ಮಹಾರಾಜರ ಪುಣ್ಯತಿಥಿಯಂದು ಅವರಿಗೆ ಶತ ನಮನಗಳು.,happy,kn
ಸಿಂಧುದುರ್ಗ ರೈಲು ನಿಲ್ದಾಣ ಕಳೆದ ಒಂದು ಗಂಟೆಯಿಂದ ಕತ್ತಲೆಯಲ್ಲಿದ್ದೇಕೆ?,happy,kn
"ಈ ಟ್ಯಾಗ್ ಅನ್ನು ಬಳಸಲಾಗಿದೆ, ಈ ಟ್ಯಾಗ್ ದೋಷದಿಂದ ಬಂದಿದೆ...",neutral,kn
ವಿಜ್ಞಾನಕ್ಕಾಗಿ ನೀವು ಮೊದಲು ಶಿವಸೇನೆ ಮತ್ತು ನಂತರ ಶಿಂಧೆ ಗುಂಪಿಗೆ ಸೇರಿದ್ದೀರಾ?,neutral,kn
ಪೂಜೆಯ ಕೊರತೆಯಿಂದ ಅದು ಕಳಂಕಿತವಾಗಿದೆ ಎಂದು ತೋರುತ್ತದೆ ...,angry,kn
"ದೇವೇಂದ್ರ ಜೀ ಅವರು ಸಂಜಯ್ ರಾವತ್ ಬಗ್ಗೆ ಯಾವುದೇ ಪ್ರತಿಕ್ರಿಯೆ ನೀಡಲಿಲ್ಲ, ಆದರೆ ಅವರು ಯಾರಿಗೆ ಭಯಪಡುತ್ತಾರೆ ...",neutral,kn
ಶಾಲೆಯ ಮಾನಿಟರ್‌ಗಳು ಇದಕ್ಕಿಂತ ಬುದ್ಧಿವಂತರು,angry,kn
ಬಿಜೆಪಿ ಇಟ್ಟಿರುವ ಮತ್ತೊಂದು ಕೋಗಿಲೆ ಇಲ್ಲಿದೆ,angry,kn
"ಸರ್, ನಿಮ್ಮ ಕರ್ತವ್ಯ ಏನು ಮತ್ತು ಯಾರ ಬಗ್ಗೆ ಮಾತನಾಡುತ್ತಿದ್ದೀರಿ ಎಂಬುದರ ಬಗ್ಗೆ ಎಚ್ಚರವಿರಲಿ",angry,kn
ಇಲ್ಲವೇ ಇಲ್ಲ... ಪ್ಯಾಕೆಟ್ ಗಳು ಹೆಚ್ಚಿರಬಹುದು,neutral,kn
ಈ ನಾಲ್ಕು ತಿಂಗಳಲ್ಲಿ ಅವರು ತಮ್ಮ ರಾಜಕೀಯ ಗುರುತನ್ನು ಬಹಳ ಕಡಿಮೆ ಮಾಡಿಕೊಂಡಿದ್ದಾರೆ.,sad,kn
ನೀವು ಅದಕ್ಕೆ ಅರ್ಹರೇ ಎಂದು ಉದ್ಧವ್ ಸಾಹೇಬ್ ಬಗ್ಗೆ ಯೆಡ್ಜ್ವಾ ಆಗಾಗ್ಗೆ ಮಾತನಾಡುತ್ತಿದ್ದರು,angry,kn
"ತಾಜ್ ಮಹಲ್ ಕ್ರೌರ್ಯ, ಲೂಟಿ, ಲೂಟಿ ಮತ್ತು ಕಾಮದ ಸಂಕೇತವಾಗಿದೆ.",angry,kn
ಇದು ಅತಿವೃಷ್ಟಿಯಿಂದ ನಲುಗಿದ ರೈತನ ಮಗುವಿನ ನೋವು...,sad,kn
ಹಿಂದಿ ಗೂಂಡಾಗಳ ಭಾಷೆ.,angry,kn
"ಹೇ ಪೊಂಕ್ಷೆ ಅಂಕಲ್, ನೀವು ಅಡಿಕೆಯಂತೆ ಭಿಕ್ಷುಕರಾಗಿದ್ದೀರಿ ಆದರೆ ನೀವು ಮನುಷ್ಯರಾಗಿ ಹೇಯರು.",angry,kn
ಹಾಲು ಮಾರುವ ಮತ್ತು ಮೋಸ ಮಾಡುವ ಈ ತಾಯಿ ಯಾವಾಗ ರಾಜೀನಾಮೆ ಕೊಡುತ್ತಾರೋ..,angry,kn
ಬಿಜೆಪಿ ಇಂದು ಗೋಪಾಲ್ ಭಾಯ್ ಅವರನ್ನು ಬಂಧಿಸಿದೆ.,neutral,kn
ಇದನ್ನು ನೋಡಿ. ನಿಮ್ಮ ಮತದಾರನ ವಿರುದ್ಧ ಏನೋ ನಡೆಯುತ್ತಿದೆ.,fear,kn
ನಿಜವಾಗಲೂ ದಾದಾಗೆ ಹಿಂದೂ ಮಹಿಳೆಯರಿಗೆ ಹೇಗೆ ಧನ್ಯವಾದ ಹೇಳಬೇಕೋ ಗೊತ್ತಿಲ್ಲ,angry,kn
"ಪಂಢರಪುರ, ಕೊಲ್ಲಾಪುರ ದಕ್ಷಿಣ ಮತ್ತು ದೇಗ್ಲೂರು ವಿಧಾನಸಭಾ ಉಪಚುನಾವಣೆಯಲ್ಲಿ ಸಾರ್ವಜನಿಕ ಭಾವನೆ, ಸಂಪ್ರದಾಯ ಮತ್ತು ಸಕಾರಾತ್ಮಕ ರಾಜಕಾರಣ ಎಲ್ಲಿಗೆ ಹೋಯಿತು??",angry,kn
ಮೂಲ ಸಿದ್ಧಾಂತ ಏನು ಎಂಬುದು ಮಹಾರಾಷ್ಟ್ರದ ಇಡೀ ಜನತೆಗೆ ಗೊತ್ತಿದೆ,angry,kn
ಯಾವ ಬಾಳಾಸಾಹೇಬ್ ಬಾಳಾಸಾಹೇಬ್ ಥೋರಟ್ ಅಥವಾ ವಿಖೆ? ದೇಶದ್ರೋಹಿಗಳ ಗುಂಪಿನ ಬಗ್ಗೆ ಠಾಕ್ರೆ ಹೊರತುಪಡಿಸಿ ಯಾರಿಗೂ ತಿಳಿದಿಲ್ಲ...,angry,kn
ದುರದೃಷ್ಟಕರ ಸಂಗತಿ ಎಂದರೆ ಮಾಧ್ಯಮಗಳು ಏಕಪಕ್ಷೀಯ ಸುದ್ದಿಗಳನ್ನು ನೀಡುತ್ತಿವೆ.,sad,kn
ಮತ್ತು ಇದು ಭಾರತೀಯ ಕ್ರಿಕೆಟ್ ಮಂಡಳಿಯ ಕಾರ್ಯದರ್ಶಿ,angry,kn
ಆದರೆ ನಿಮ್ಮ ಮೌಲ್ಯ ಎಲ್ಲರಿಗೂ ತಿಳಿದಿತ್ತು! ತು ರಾವುತ್ ಓ ಹೆಸರು ಸಾಕು!,angry,kn
ಐವತ್ತು ವರ್ಷದ ಸೆಂಟ್ರಿ ತಾನಾಜಿ ಸಾವಂತ್ ಅವರು ನಿಜವಾಗಿಯೂ ಮರಾಠರೇ ಎಂದು ಅವರ ತಾಯಿಯನ್ನು ಕೇಳಿದರು,angry,kn
"ಅವನು ಮೋಸಗಾರ, ಜಾತೀಯತೆ ಅವನ ಕೊನೆಯ ಅಸ್ತ್ರ.",angry,kn
"ಮೋದಿ ಭಾಷಣಕ್ಕೂ ಮುನ್ನ ಅಂಧ ಭಕ್ತನಾ? ,",neutral,kn
"ಅವನ ದೇಹ ಒಂದೇ ಸ್ಥಳದಲ್ಲಿಲ್ಲ, ಅಲ್ಲಿ ದೇಹವಿಲ್ಲ. ನನ್ನ ಆಟವನ್ನು ಆಡುತ್ತಿದ್ದೇನೆ",angry,kn
ನಂತರ ಕಂಪನಿಗಳು ಬೋನಸ್ ಕುದುರೆಗಳನ್ನು ಹಾಕಿದವು,neutral,kn
"ಜಪ ಮಾಡ್ತಾ ಇರಿ, ಸರ್ಕಾರ ಬೀಳುತ್ತೆ ಅಂತ ಈಗ ಮಾಡ್ಬೇಕು ಅಷ್ಟೇ",neutral,kn
"ಕಾರ್ಮಿಕರೂ ನಮ್ಮ ನಾಯಕರು ಎಂದು ಭಾವಿಸುತ್ತಾರೆ, ಅವರ ದಿನವು ಮಧ್ಯಾಹ್ನ 1 ಗಂಟೆಗೆ ಪ್ರಾರಂಭವಾಗುವುದೇ?",neutral,kn
ಈ ಡೋಸ್‌ನಿಂದ ವಾಗ್ಲೆಯ ಗಡ್ಡೆಯೂ ವಾಸಿಯಾಗುತ್ತದೆ ಎಂದು ಲೈ ಹೇಳುತ್ತಿದ್ದಳು.,angry,kn
ನೀನು ಸರಿಯಾಗಿ ಮಾತನಾಡುತ್ತೀಯಾ...ನಿನ್ನ ಮನೆಯಲ್ಲೂ ಬಾಹುಬಲಿ ಹೇಳ್ತಾನೆ...,angry,kn
ಈ ಚಿತ್ರದಲ್ಲಿ ಮೊದಲ ಬಾರಿಗೆ ಈ ಹೊಸ ಪಾತ್ರವೂ ಕಾಣಿಸಿಕೊಳ್ಳುತ್ತಿದೆ.,neutral,kn
ಈಗ ಸಾಯುತ್ತಿರುವ ಭಕ್ತರ ಸತ್ಯವೇನು?,angry,kn
ಸುಪಾರಿ ಸೇನೆಯಲ್ಲಿ ಬಾಪ್ ರೇ ಅವರಂತಹ ನಾಯಕರು ಇದ್ದಾರೆಯೇ?,angry,kn
ಈಗ ತನಿಖಾ ಪತ್ರಿಕೋದ್ಯಮವನ್ನೇ ಮರೆತಿರುವ ಪತ್ರಕರ್ತರು ಮಾದರಿಯಾಗಬೇಕು.,angry,kn
ರಾಜೀನಾಮೆ ಕೇಳುವುದನ್ನು ಒತ್ತಡ ಎನ್ನಲಾಗುತ್ತದೆ... ರಾಜೀನಾಮೆ ನೀಡದಿರಲು ಒತ್ತಡ...?,neutral,kn
"ದೀಪಾವಳಿ ಬನ್ನಿ, ಆಗುವುದನ್ನು ನೋಡಿ",happy,kn
ಈ ಮೊತ್ತವನ್ನು ದೇಶದ ಪ್ರತಿಯೊಬ್ಬ ಪ್ರಜೆಗೂ ಲಕ್ಷಗಟ್ಟಲೆ ಮುದ್ದೋಜಿ ಸಂ.,neutral,kn
ಇವರು ಮೂರ್ಖ ಮತ್ತು ನಾಚಿಕೆಯಿಲ್ಲದ ಜನರು !!!,angry,kn
ರಾಜಕೀಯ ಮತ್ತು ಅಧಿಕಾರಕ್ಕಾಗಿ ಜನರು ಏನು ಬೇಕಾದರೂ ಮಾಡಬಹುದು ಎಂಬುದಕ್ಕೆ ಇದು ಜೀವಂತ ಉದಾಹರಣೆಯಾಗಿದೆ.,angry,kn
ಶಿವಸೇನೆ ಖರೀದಿಗೆ ಹಣವೆಲ್ಲ ವ್ಯಯವಾಗುತ್ತಿದೆಯಾದರೂ ಪ್ರಯೋಜನವಾಗಿಲ್ಲ.,angry,kn
ಬಹು ಹೆಂಡತಿಯರ ಬಗ್ಗೆ ಬಾಲಿಶ ಬೊಬ್ಬೆ..ಮೇಲೆ ಕೆಲವು ಹೇಳಿಕೆಗಳು..,neutral,kn
ಈ ಮಹಿಳೆ ಬಿಜೆಪಿಯಲ್ಲಿದ್ದಾರೆ. ಅಂಧ ಭಕ್ತರು ಎಷ್ಟು ಬಾರಿ ಮುಖ ಕೆಳಗೆ ಬೀಳುತ್ತಾರೆ?,angry,kn
ಈ ಕಿಡಿಗೇಡಿ ಪತ್ರಕರ್ತ ಪ್ರಸನ್ನ ಜೋಶಿ ಅವರನ್ನು ಮಿಂಡೆ ಗ್ರೂಪ್ ಮಾರಾಟ ಮಾಡಿದೆ,angry,kn
"ಕುರುಡು ಮೂರ್ಖರೇ, ನಿಷ್ಠೆ ಎಂದರೇನು ಎಂದು ನಿಮಗೆ ಹೇಗೆ ಗೊತ್ತು.",angry,kn
ಹಿಂದೆ ಸರಿಯದಿದ್ದರೆ ಕೈಬಿಟ್ಟೆ ಎಂಬ ಸಂದೇಶ ಬರುತ್ತದೆ.,fear,kn
ನೋಟು ಅಮಾನ್ಯೀಕರಣವು ಕೇವಲ ಒಂದು ಶತಮಾನದಲ್ಲ ಒಂದು ಸಹಸ್ರಮಾನದ ಅತಿ ದೊಡ್ಡ ಭ್ರಷ್ಟಾಚಾರ...,angry,kn
ಶೀತಲ್ ಪರಾವಲಂಬಿ ಸಸ್ಯ ಆದ್ದರಿಂದ ಇದು ಶಿಂಧೆ ಗುಂಪಿಗೆ ಸೇರಿದೆ.,angry,kn
"ಈ ಜನ ರಾಜ್ಯದ ಕರೆನ್ಸಿಯ ಬಗ್ಗೆಯೂ ತಲೆಕೆಡಿಸಿಕೊಳ್ಳುವುದಿಲ್ಲ, ಯಾರಿಗೆ ಮಾನಹಾನಿ ಮಾಡಲಾಗುತ್ತಿದೆ? ರಾಜ್ ಠಾಕ್ರೆ..",angry,kn
ನೀನು ಪಾಕಿಸ್ತಾನಿ...ನಮ್ಮತ್ತ ಯಾಕೆ ಬೆರಳು ತೋರಿಸುತ್ತೀಯಾ?,angry,kn
ಬಾಳಾ ಸಾಹೇಬರ ಹೆಸರನ್ನೇ ಗುರಾಣಿಯಾಗಿಟ್ಟುಕೊಂಡು ಬಿಜೆಪಿಯ ಕತ್ತಿಯನ್ನು ಹಿಂದಿನಿಂದ ಬೀಸಿದ ಆ ದೇಶದ್ರೋಹಿ ಗುಂಪು!!,angry,kn
ಮನೆಯಲ್ಲಿದ್ದಾರೋ ಇಲ್ಲವೋ ಗೊತ್ತಿಲ್ಲ...ಆದರೆ ಜನ ಖಂಡಿತಾ ನಿಮ್ಮ ಹಿಂದೆ ಗುಂಡು ಹಾರಿಸುತ್ತಾರೆ,fear,kn
ಈ ನಿರ್ಧಾರ ತಪ್ಪು... ಸ್ವತಂತ್ರವಾಗಿ ಹೋರಾಟ ಮಾಡಬೇಕಿತ್ತು...,sad,kn
ಈ ಖಾತೆಯೂ ಸ್ಥಗಿತಗೊಳ್ಳಲಿದೆ... ಶೆನಾಲಿ,angry,kn
"ಕೇಳಿ, ಬಿಜೆಪಿಯ ದೊಡ್ಡ ತಪ್ಪು ಕಲ್ಪನೆಯೆಂದರೆ ""ನಾನು ಹಿಂತಿರುಗುತ್ತೇನೆ"" ಎಂಬುದು ಎಂದಿಗೂ ಸಾಧ್ಯವಿಲ್ಲ!!!",angry,kn
"ಈ ಗುಂಪು ತುಂಬಾ ಒಳ್ಳೆಯ ಹಾಸ್ಯಗಳನ್ನು ಮಾಡುತ್ತದೆ, ಜನರು ಅವರನ್ನು ಮೂರ್ಖರೆಂದು ಪರಿಗಣಿಸುತ್ತಾರೆ ಮತ್ತು ಚಿಕ್ಕಮ್ಮ ಅವರನ್ನು ಅಂಧ ಭಕ್ತರು ಎಂದೂ ಕರೆಯುತ್ತಾರೆ.",angry,kn
ಇದು ಶಾಲೆಯಿಂದಲೇ ಆರಂಭವಾದರೆ ಮಕ್ಕಳ ಭವಿಷ್ಯ ಎಷ್ಟು ಉಜ್ವಲವಾಗುವುದೋ ತಿಳಿಯದು.,sad,kn
"ಸಂಕ್ಷಿಪ್ತವಾಗಿ, ""ಯೆಡ್ಜ್ವೆ"" ಎಂದು ಬರೆಯುವ ಮೂಲಕ ನೀವು ಸ್ವತಂತ್ರರಾಗಲು ಬಯಸುವಿರಾ..?",angry,kn
ಇದು ಸಿಲ್ಲಿ ಧ್ವನಿಸುತ್ತದೆ,angry,kn
ಪವಾರ್ ಸಾಹೇಬರೂ ಕಾರಣ ಎಂದು ಈ ಭಕ್ತರು ಹೇಳುವರು,angry,kn
ಗಜ್ಯಾ ಕತ್ತೆಯ ಗ್ರಾಂ,angry,kn
"ಏನೇ ಆಗಲಿ ಹೇಳು, ಇಲ್ಲದಿದ್ದರೆ ಆದಿತ್ಯ ಮತ್ತು ತೇಜಸ್ ಜಗಳವಾಡುತ್ತಾರೆ.",neutral,kn
ರಾಹುಲ್ ಗಾಂಧಿ ಮಾತ್ರ ತಮ್ಮ ಮುತ್ತಜ್ಜನನ್ನು ಈ ರೀತಿ ಅವಮಾನಿಸಲು ಸಾಧ್ಯ,angry,kn
ಹೆಲಿಕಾಪ್ಟರ್ ಅನ್ನು ಬೆಳಿಗ್ಗೆ ತುಂಬಾ ಕಡಿಮೆ ಹಾರಿಸಬೇಡಿ.. ಅದು ಸ್ಲೀಪ್ ಮೋಡ್‌ನಲ್ಲಿರಬೇಕು.,neutral,kn
ಬೆಂಜಮಿನ್ ತಾಟಿ ಅವರು ಆಯೋಜಿಸಿದ್ದಾರೆ ... ಆದರೆ ಏನು ಹೇಳುತ್ತಿದ್ದಾರೆಂದು ಅರ್ಥವಾಗಲಿಲ್ಲ ...,happy,kn
ಮೋದಿ ಅಧಿಕಾರದಲ್ಲಿರುವಾಗ ತನಿಖೆ ಏಕೆ ನಡೆಸಲಿಲ್ಲ?,angry,kn
ಲ್ಯಾವೆಂಡರ್ ನೋಡಿದ ನಂತರ ಆಗುತ್ತಿದ್ದ ತೀವ್ರ ತಲೆನೋವು ಈಗ ಕತ್ತಲೆ ನೋಡಿದ ನಂತರ ಮಾಯವಾಗಿದೆ.,angry,kn
ಇಷ್ಟೆಲ್ಲಾ ಪ್ರಯತ್ನ ಪಟ್ಟರೂ ಏನನ್ನೂ ಸಾಧಿಸದಿರುವುದನ್ನು ಅದೃಷ್ಟ ಎನ್ನಬೇಕೆ?,sad,kn
ಟ್ವಿಟರ್‌ನಲ್ಲಿ ಎಷ್ಟು ಮೂರ್ಖರು ಇದ್ದಾರೆ ಎಂದು ಇಂದು ನಾನು ಕಂಡುಕೊಂಡೆ,angry,kn
"ಮುಂಬೈ ಮಹಾನಗರ ಪಾಲಿಕೆಯನ್ನು ಗೆಲ್ಲುವುದು ಎಷ್ಟು ಮೂರ್ಖತನ...!! ಪಂಢರಪುರ, ಕೊಲ್ಹಾಪುರ, ಖಡಕ್ವಾಸ್ಲಾ, ದೆಗ್ಲೌರ್, ಹಾಗಾದರೆ ಸಂಸ್ಕೃತಿ ಎಲ್ಲಿ ಹೋಯಿತು...!",angry,kn
"ಅಣಜಿ ಪಂತ ನಾ, ಆನೆ ನೂರು ಬಾರಿ ನಡೆಯಲಿ. ಇದು ನಮಗೆ ಮುಖ್ಯವಲ್ಲ.",angry,kn
"ಈಗ ಇದು ತುಂಬಾ ಹೆಚ್ಚಾಗಿದೆ, ಅಪ್ಪಾ!",angry,kn
ಇತರ ನಾಯಕರು ಏನು ಮಾಡುತ್ತಾರೆ? ಅನೇಕ ಜನರಿಗೆ ಇನ್ನೂ ಪ್ರಯಾಣದ ಬಗ್ಗೆ ತಿಳಿದಿಲ್ಲ,neutral,kn
ಶಾಸಕ ಸಂಜಯ್ ಶಿರ್ಸಾತ್ ಹೃದಯಾಘಾತಕ್ಕೆ ಒಳಗಾಗಿದ್ದಾರೆ.,neutral,kn
ಪರಿಹರಿಸಿದ ದೂರಿನ ಫೋಟೋವನ್ನು ಏಕೆ ವಾಪಸ್ ಕಳುಹಿಸಬೇಕು,neutral,kn
"ಇಲ್ಲ, ಅದು ಕೋಮಲ ಕೋಳಿಯಾಗಿತ್ತು",neutral,kn
"ಖಡಕ್ವಾಸ್ಲಾ, ಪಂಢರಪುರ, ಕೊಲ್ಲಾಪುರ, ದೇಗಲೂರಿನ ಉಪಚುನಾವಣೆಯಲ್ಲಿ ಎಲ್ಲಿ ಹೋಯಿತು ನಿಮ್ಮ ಶ್ರೇಷ್ಠ ಸಂಸ್ಕೃತಿ??",angry,kn
ಇದರಿಂದ ಜನರು ಕಾಂಗ್ರೆಸ್ ಪಕ್ಷಕ್ಕೆ ಮತ ಹಾಕುತ್ತಾರೆ. ಎಲ್ಲರೂ ಕಾಂಗ್ರೆಸನ್ನು ಹಿಂಬಾಲಿಸುತ್ತಿದ್ದಾರೆ.,angry,kn
ನಾನು ತಿನ್ನುವುದಿಲ್ಲ ಆದರೆ ತಿನ್ನುವವರನ್ನು ತಡೆಯುವುದಿಲ್ಲ.,angry,kn
ತಡವಾಯಿತು.. ಬೇಗ ಹೋಗಬೇಕು..,sad,kn
ಕಾಂಗ್ರೆಸ್ ವಿರೋಧಿಗಳನ್ನು ದೂಷಿಸುತ್ತಾ ಆಡಳಿತವನ್ನು ಮುಂದುವರಿಸುತ್ತಾರೆ ಮತ್ತು ಅದಕ್ಕೆ ಕಾರಣವನ್ನೂ ನೀಡುತ್ತಾರೆ.,angry,kn
ಈ ಜನರು ಅಲ್ಪಸಂಖ್ಯಾತರಾಗುವುದಕ್ಕಿಂತ ಬೇರೆ ಏನು ಮಾಡಬೇಕು?,angry,kn
ದೇವಾಜಾ ಷರೀಫ್ ತಿಂದ ಬಿರಿಯಾನಿಯ ಮೂಳೆಗಳನ್ನು ಜಗಿಯಲು ಯಾರೋ ಹೋಗಿದ್ದರು.,angry,kn
ಹೆಂಡತಿಯನ್ನು ನೋಡಿಕೊಂಡರೂ... ಉಸಿರು ಇಲ್ಲದವನು ಎಸೆದವನಂತೆ ಓಡಿ ಹೋಗುತ್ತಾನೆ...,angry,kn
ಗ್ಯಾಪ್ ಯೆಡ್ಜ್ವ್ಯಾ.... ಹೊಲದಲ್ಲಿ ಸುಡಬೇಕು ಎಂದುಕೊಳ್ಳಬೇಕು ಆದರೆ ಹಾಗೆ ಮಾಡಬೇಡಿ....,angry,kn
ಭಾಸ್ಕರ್ ಜಾಧವ್ ವಿರುದ್ಧ ಪುಣೆಯಲ್ಲೂ ಪ್ರಕರಣ ದಾಖಲಾಗಿತ್ತು...BREAKING,happy,kn
ದೇಶ ಕುಸಿಯುತ್ತಿಲ್ಲ ಆದರೆ ನಾವು ಮುಂದೆ ಸಾಗುತ್ತಿಲ್ಲ,sad,kn
ನಿಮ್ಮ ಅಧಿಕಾರದ ಗದ್ದುಗೆ ಕಿತ್ತುಕೊಳ್ಳಲಾಗಿದೆ,happy,kn
ಅದು ನಿಷ್ಪ್ರಯೋಜಕವಾಗಿತ್ತು,angry,kn
ಬಡತನವನ್ನು ಮರೆಯದಿರಿ ಮತ್ತು ಸಂಪತ್ತಿನ ಅಲೆಗಳು ಬರಲು ಬಿಡಬೇಡಿ - ಗೌರವಾನ್ವಿತ ಶ್ರೀ ಬಾಳಾಸಾಹೇಬ್ ಠಾಕ್ರೆ.,happy,kn
ಭಕ್ತರು ಹೊರಗೆ ಹೋಗಬಾರದೆಂದು ಕತ್ತಲಲ್ಲಿ ಮೆಲ್ಲಗೆ ಸ್ವಚ್ಚತೆ ಮಾಡಿಕೊಳ್ಳುತ್ತಾರೆ.,angry,kn
ಮತ್ತು ನೀವು ಬಿರಿಯಾನಿ ಬಂಡಲ್ ತಿನ್ನುತ್ತ ಕುಳಿತಿದ್ದೀರಿ ... ಇದು ಸರಿಯಲ್ಲ ಸರ್ ...,angry,kn
"ಸುಪ್ರೀಂ ಕೋರ್ಟ್‌ನ ಒಂದು ತೀರ್ಪಿನಿಂದಾಗಿ, ನಂತರದ ಎಲ್ಲಾ ನಿರ್ಧಾರಗಳು ಅಮಾನ್ಯವಾಗಿವೆ.",angry,kn
ಇವೆಲ್ಲವೂ ಸಾರ್ವಜನಿಕರನ್ನು ಮೂರ್ಖರನ್ನಾಗಿಸುವ ನಾಟಕಗಳು,angry,kn
ರಾಣೆ ಪನವತಿ ಮತ್ತೊಮ್ಮೆ ಸಿದ್ಧ ಪರ ಪ್ರಚಾರಕ್ಕೆ ಬಂದಿದ್ದರಿಂದ ಚುನಾವಣೆಯಿಂದ ಹಿಂದೆ ಸರಿಯಬೇಕಾಯಿತು.,sad,kn
ಕೆಲಸ ಸಿಗದಿದ್ದರೆ ನಿಷ್ಪ್ರಯೋಜಕ ಹೇಳಿಕೆ ನೀಡಿ ಸುದ್ದಿಯಲ್ಲಿ ಉಳಿಯಬಹುದು.,angry,kn
ಅವನ ಕಾಲುಗಳ ಕೆಳಗೆ ಮರಳು ಸ್ಥಳಾಂತರಗೊಂಡಿದೆ ಆದ್ದರಿಂದ ಇನ್ನು ಮುಂದೆ ಏನೂ ಚಲಿಸುವುದಿಲ್ಲ,angry,kn
ಇದು ನಿಮಗೆ ಯೋಗ್ಯವಾಗಿದೆಯೇ?,angry,kn
ಎರಡು ನಾಲ್ಕು ವಡಾ ಪಾವ್ ಎಂದರೆ ಜನ ಬ್ಲಾಕ್ ಮಾಸ್ಟರ್ ಆಗುವುದಿಲ್ಲ ಎಂದು ಜನ ಚೆನ್ನಾಗಿ ಅರ್ಥ ಮಾಡಿಕೊಂಡಿದ್ದಾರೆ.,angry,kn
"ನಾವು ಭಕ್ತರಿಗೆ ಮೊಟ್ಟೆ ಕೊಡುವುದಿಲ್ಲ, ನಾವೇ ಕಜ್ಜಿ ತೆಗೆದುಕೊಳ್ಳುತ್ತೇವೆ.",angry,kn
ಇದನ್ನು ಹೇಳಲು ನೀವು ಯಾರು?,angry,kn
ಕತ್ತಲೆಯನ್ನು ಸೋಲಿಸಬೇಕು ಎಂದು ಅವರು ಹೇಳುತ್ತಾರೆ,neutral,kn
"ಮೊದಲಿಗೆ ವಾಗ್ಲೆಯನ್ನು ಪರಿಶೀಲಿಸಿ, ಲೈ ಪ್ಯಾಕೆಟ್‌ಗಳನ್ನು ಸೇವಿಸಿರುವ ಶಂಕೆ ವ್ಯಕ್ತವಾಗಿದೆ.",angry,kn
ಮುಂಬೈನ ಕೆಲವು ಸ್ಥಳಗಳಲ್ಲಿ ಜ್ವರ (ಜ್ವರ) ಮತ್ತು ಕರೋನಾ ಸೋಂಕಿನ ರೋಗಿಗಳ ಸಂಖ್ಯೆ ಮತ್ತೆ ಹೆಚ್ಚಾಗಿದೆ.,fear,kn
"ನೀವು ಯಾವುದೇ ಜಗತ್ತಿನಲ್ಲಿ ವಾಸಿಸುತ್ತಿರಲಿ, ಭೂಮಿಗೆ ಬನ್ನಿ.",angry,kn
ಗುರಾಣಿಗಳನ್ನು ಹೊತ್ತ ಯೋಧರೆಲ್ಲರೂ ದೇಶದ್ರೋಹಿಗಳಲ್ಲ.,angry,kn
ಉದ್ಧವ್ ಅವರ ರಾಜಕೀಯ ಆಟಕ್ಕೆ ಅಂತ್ಯ ಹಾಡಲು ಅಸೀಮ್ ಸರೋದೆ ಮತ್ತು ಉಲ್ಲಾಸ್ ಬಾಪಟ್ ಗುತ್ತಿಗೆ ತೆಗೆದುಕೊಂಡಿದ್ದಾರೆ.,angry,kn
ಅವರು ಎಲ್ಲೆಡೆ ಕತ್ತೆಯ ಸುತ್ತಲೂ ಹೋಗುತ್ತಾರೆ,angry,kn
ಈ ವಿಡಿಯೋ ನೋಡಿ ತಲೆ ತಿರುಗುತ್ತಿದೆ,angry,kn
ರಾಜ್ ಸಾಹೇಬರು ಯಾರೋ ಕೈಬಿಟ್ಟಿದ್ದಾರೆ ಎಂದು ಮೊದಲು ವಿವರಿಸಿ.,angry,kn
ಪವಾರ್ ಸಾಹೇಬರೂ ವೀಳ್ಯದೆಲೆ ತೆಗೆದಿದ್ದರು ಎಂದು ಹೇಳಬೇಕೆ??,angry,kn
ನಿಮಗೆ ನೆನಪಿದೆಯೇ?...ಇನ್ನು ಮುಂದೆ ಮೂರ್ಖರ ಕೈಯಲ್ಲಿ ಆಡಳಿತವಿಲ್ಲ..,angry,kn
ಐಸ್ ಕ್ರೀಂ ಎಂದುಕೊಂಡು ಈ ಟಾರ್ಚ್ ಅನ್ನು ಬಾಯಿಗೆ ತೆಗೆದುಕೊಂಡರು.,neutral,kn
ಇದು ಮುದ್ರಣದೋಷ. ಯಾರೂ ಇದನ್ನು ವಿನಂತಿಸುತ್ತಿರಲಿಲ್ಲ ...,neutral,kn
ಏನರ್ಥ.. ವಡಾ ಪಾವ್ ಕರ್ಣಿ ಮತ್ತು ತೆಂಗಿನ ನೀರು ಜಲಪಾತದಂತೆ?,happy,kn
ಹಿಂದಿ ಚಿತ್ರಗಳ ಸೋಲಿನಿಂದ ದೇಶದ ಆರ್ಥಿಕತೆ ಕುಸಿಯುತ್ತಿದೆಯೇ? ರಾಕುಲ್ ಪ್ರೀತ್ ಸಿಂಗ್ ಹೇಳಿಕೆ ಎಲ್ಲೆಡೆ ಸಂಚಲನ ಮೂಡಿಸಿದೆ,happy,kn
ಜಗತ್ತಿನಲ್ಲಿ ಕಾಮನ್ ಸೆನ್ಸ್ ಇರುವುದು ರೋಹಿತ್ ಬಾಪಟ್ ಗೆ ಮಾತ್ರ.,happy,kn
ಮರಾಠಿ ಮನಸ್ಸಿನ ವಾಹನಕ್ಕೆ ಶಕ್ತಿಯಿಲ್ಲದ ಕಾರಣ ನೀವು ಬಂದಿದ್ದೀರಿ.,angry,kn
"ಹಲೋ, ನಾವು ಮಹಾರಾಷ್ಟ್ರದಿಂದ ನೋಡುತ್ತಿದ್ದೇವೆ ಮತ್ತು ಬಿಹಾರದಿಂದ ಸುದ್ದಿ ಬರುತ್ತಿದೆ.",neutral,kn
"ಯಾರ ಸೇವೆ, ಯಾರ ಅಭಿವೃದ್ಧಿ, ಅದಾನಿ ಮತ್ತು ಅಂಬಾನಿ ಏಕೆ?",angry,kn
ಇದು ಯಾವಾಗ ಮುಗಿಯುತ್ತದೆ... ರಾವ್ ಅವರಿಗೆ ಒಮ್ಮೆ ಫೋನ್ ಮಾಡಿದ್ದರು.,angry,kn
ಲಿಪ್ಸ್ಟಿಕ್? ನಿಷೇಧಿಸಲಾಗಿದೆ! ಸಾಹೇಬರು ನಿಮ್ಮ ಬೆಂಬಲ.,angry,kn
ನ್ಯೂನತೆಗಳಿವೆ. ಅವರಿಂದ ಏನನ್ನು ನಿರೀಕ್ಷಿಸಬಹುದು? ವಿರೋಧ ಪಕ್ಷದಲ್ಲಿ ಅವರು ಉತ್ತಮ.,angry,kn
"ಉಳಿದವರು ಹೋಗಲಿ, ಸಂಪಾದಕರ ಪತ್ರವು ತುಂಬಾ ಅಸಂಬದ್ಧವಾಗಿದೆ",neutral,kn
"ಅದು ಬ್ರಿಟಿಷರ ಬೆಂಬಲಿಗರಾಗಿಯೇ ಇತ್ತು, ಹಾಗೆಯೇ ಉಳಿಯುತ್ತದೆ.",angry,kn
ಈಗ ಚಿಕ್ಕಪ್ಪ ಸತ್ತರೂ...,angry,kn
ಈಗ ಮಹಾರಾಷ್ಟ್ರದಲ್ಲೂ ಎಮ್ಮೆ ಎಡವಿದಾಗ ಮಾತ್ರ ವಂದೇ ವಂದೇ ವಂದೇ ಆಗುತ್ತದೆ.,neutral,kn
"ಉಪ್ಪಿಗಾಗಿ ಎದ್ದೇಳುವವನಲ್ಲ, ಜಾತಿ ಎಲ್ಲಿಂದ ಏಳುತ್ತದೆ.",angry,kn
ಧರ್ಮವನ್ನು ರಕ್ಷಿಸುವವನು ಗಾಯಗೊಳ್ಳುತ್ತಾನೆ.,sad,kn
"ಧನ್ಯವಾದಗಳು, ನಾನು ಈಗ ಮಾತನಾಡುವ ಮನಸ್ಥಿತಿಯಲ್ಲಿಲ್ಲ",angry,kn
ಬಹುಶಃ ಮಹಾಶಕ್ತಿಗಳ ಒತ್ತಡದಿಂದಾಗಿ ಪತ್ರಕರ್ತರು ಸಾರ್ವಜನಿಕವಾಗಿ ಮಾತನಾಡುವುದಿಲ್ಲ,neutral,kn
"ಶಾಲೆಗಳನ್ನು ಮುಚ್ಚಲು ನಿರ್ಧರಿಸಿದವರು.. ಅವರ ಪ್ರತಿಕೃತಿ ದಹಿಸಿ, ಸ್ನೇಹಿತರೇ..",angry,kn
ನಿಮ್ಮ ತಂದೆಯವರು ತಮ್ಮ ಪಕ್ಷವನ್ನು ಮಾರಿದರು ಮತ್ತು ನೀವೂ ಕೂಡ ಮಾರಾಟ ಮಾಡಿದರು,angry,kn
ಬಾಳಾಸಾಹೇಬ್ ಥೋರಟ್ ಅವರ ಶಿವಸೇನೆ ಏಕೆ? ತಂದೆಯ ಹೆಸರು ಹೇಳಲು ನಾಚಿಕೆ ಆಯಿತಾ?,angry,kn
ಇದು ಯಾವ ರೀತಿಯ ಸ್ವಾಭಿಮಾನದ ಪಕ್ಷ?,angry,kn
ಅವಳು ನೋಡುತ್ತಾಳೆ ಏಕೆಂದರೆ ಅವಳು ಜಗಳಗಳನ್ನು ನೋಡುವುದನ್ನು ಆನಂದಿಸುತ್ತಾಳೆ,neutral,kn
ಅವರು ಅದನ್ನು ನಾಗರಿಕತೆಗಾಗಿ ಮಾಡುತ್ತಾರೆ,angry,kn
": ಹಣದುಬ್ಬರದ ಏಕಾಏಕಿ; CNG, PNG ಬೆಲೆಗಳು ಹೆಚ್ಚಾಗುತ್ತವೆ",sad,kn
ಈ ನಿಷ್ಪ್ರಯೋಜಕರು ಮುಸ್ಲಿಂ ಮತಗಳನ್ನು ಪಡೆಯಲು ಯಾವ ಮಟ್ಟಕ್ಕೂ ಹೋಗಬಹುದು.,angry,kn
ಈಗ ನೀವು ಮನೆಯಲ್ಲಿ ಕುಳಿತುಕೊಳ್ಳಬೇಕಾದರೆ ಏಕೆ ತೊಂದರೆ?,neutral,kn
"ಅವರ ಮನೆಯ ಮೇಲಿನ ದಾಳಿಯ ನಂತರ, ಭಾಸ್ಕರ್ ಜಾಧವ್ ಅವರು ಫಡ್ನವಿಸ್ ವಿರುದ್ಧ ಗಂಭೀರ ಆರೋಪಗಳನ್ನು ಮಾಡಿದರು; ‘ಗೃಹ ಸಚಿವರ ಆದೇಶ...’ ಎಂದರು.",angry,kn
ಹೆಸರು ತಿಳಿದಿದ್ದರೂ ಕೆಲವರು ಇದನ್ನು ವೊಡಾಫೋನ್‌ನ ನಾಯಿ ಎಂದು ಕರೆಯುತ್ತಾರೆ.,angry,kn
ರಾವಣನು ಸರಿಯಾಗಿದ್ದರೂ ಪೆಟ್ಟಿಗೆಗಳೊಂದಿಗೆ ಕೈಲಾಸವನ್ನು ಕೇಳಲಿಲ್ಲ ...,angry,kn
ದಾರಿ ತಪ್ಪಿದ ರಾಜರು ಮತ್ತು ಮೂರ್ಖ ಕಪಟಿಗಳು ನಮ್ಮ ದೇಶಕ್ಕೆ ದೊಡ್ಡ ಹಾನಿಯನ್ನುಂಟುಮಾಡಿದ್ದಾರೆ.,angry,kn
ಏಕನಾಥ ಶಿಂಧೆ ಮಹಾರಾಷ್ಟ್ರವನ್ನು ಸುಭಿಕ್ಷಗೊಳಿಸುವುದಿಲ್ಲವೇ? ಅವರಿಗೆ ಆ ಸಾಮರ್ಥ್ಯ ಇಲ್ಲವೇ?,neutral,kn
"ಇದಕ್ಕಿಂತ ಉತ್ತಮವಾಗಿ, ಡೆಂಬಿಸ್ ಪಂಟಾ ಈ ನಿಜವಾದ ಪ್ರತಿಸ್ಪರ್ಧಿಯನ್ನು ಸಹಿಸಿಕೊಂಡರು",angry,kn
ಜನರು ಯಾವುದೇ ಬಿಕ್ಕಟ್ಟು ಎದುರಿಸಿದಾಗ ಬಿಜೆಪಿ ಹೇಗೆ ತನ್ನ ಜವಾಬ್ದಾರಿಯಿಂದ ನುಣುಚಿಕೊಳ್ಳುತ್ತದೆ ಎಂಬುದಕ್ಕೆ ಇದು ಮತ್ತೊಂದು ಉದಾಹರಣೆಯಾಗಿದೆ.,angry,kn
"ಇದನ್ನು ಮಾಡಲಾಗಿದೆ, ಈಗ ಅವುಗಳನ್ನು ತೊಡೆದುಹಾಕಲು",angry,kn
"'ಭಾರತ ತಂಡ ಪಾಕಿಸ್ತಾನಕ್ಕೆ ಬರದಿದ್ದರೆ ನಾವು...', ಜಯ್ ಶಾ 'ಆ' ಪಾತ್ರದ ನಂತರ ಪಾಕಿಸ್ತಾನ ಎಚ್ಚರಿಕೆ!",angry,kn
"ಮಹಾರಾಷ್ಟ್ರದಲ್ಲಿ ಅಧಿಕಾರದಲ್ಲಿದ್ದರೂ ನಾವು ನಮ್ಮ ಪೊಲೀಸರನ್ನು ನಂಬುವುದಿಲ್ಲ, ದೇವರು ನಿಮ್ಮನ್ನು ಆಶೀರ್ವದಿಸಲಿ",sad,kn
ಇವರು ಹೊಸ ಅನಾಗರಿಕರು...,angry,kn
ಹಾಂ... ಯಾರು ಏನು ಹೇಳುತ್ತಿದ್ದಾರೆಂದು ತಿಳಿಯದ ಕಾರಣ ನೀವು ಅದನ್ನು ತೆಗೆದುಕೊಂಡಿರಬೇಕು,angry,kn
ತಮ್ಮ ತಪ್ಪನ್ನು ಮರೆಮಾಚುವುದು ಭಕ್ತರ ವಿಶೇಷ.,angry,kn
ಅಂಧೇರಿಯಲ್ಲಿ ಒಬ್ಬರಿಗೊಬ್ಬರು ದೂರದಲ್ಲಿ ಅಧಿಕಾರಿಗಳು ಇದ್ದಾರೆಯೇ ಎಂದು ಮೊದಲು ನೋಡಿ.,neutral,kn
ಬೆಳಗಾದ ನಂತರ ಜ್ಯೋತಿಯನ್ನು ಬೆಳಗಿಸುವವರು ಯಾರು? ಅವರೊಂದಿಗೆ ಎಲ್ಲವೂ ಕತ್ತಲೆಯಾಗಿದೆ,angry,kn
"ಕಾಮ್ರೇಡ್, ಲಿಂಬ್ರಾಂಡು, ಸೆಕ್ಯುಲರ್, ಬ್ಲೂ, ಗ್ರೀನ್ ಎಲ್ಲಾ ಕ್ರಿಯಾಶೀಲವಾಗಿವೆ.. ಖಂಡಿತ ಇದು ಆಧಾರಿಸಂನ ಉತ್ತಮ ಯೋಜಿತ ಯೋಜನೆಯಾಗಿದೆ... ನಾನಾ, ನಾರ್ಕೆ, ಸಂಗ್ರಾಮ್, ಛಾತಿ ಕಲ್ವಾಲ, ಮತ್ತು ಇನ್ನೂ ಅನೇಕ ??????",angry,kn
ನೀವು ತಿನ್ನುವ ಅದೇ ತಟ್ಟೆಯಲ್ಲಿ ಉಗುಳುವುದು ವ್ಯರ್ಥ.,angry,kn
ರಾಮನವಮಿ ದಿನದಂದು ಮಧ್ಯಪ್ರದೇಶದ ಖಾರ್ಗೋನೆಯಲ್ಲಿ ಭಾರೀ ಹಿಂಸಾಚಾರ ನಡೆದಿದೆ.,fear,kn
ಚಿಕ್ಕ ಮಗುವಿಗೂ ಅರ್ಥವಾಗುತ್ತದೆ ಆದರೆ ದೇಶದ್ರೋಹಿಗೆ ಇನ್ನೂ ಅರ್ಥವಾಗುತ್ತಿಲ್ಲ,angry,kn
"ಓಹ್, ಕಲ್ಲಂಗಡಿ ಒಂದು ಪ್ರಶ್ನೆ ಎಂದು ನೀವು ಯೋಚಿಸುವುದಿಲ್ಲವೇ? ಅವನು ಭಿಕ್ಷೆ ಬೇಡದಿದ್ದರೆ ನಾವು ಘನಲರ್ ಅಲ್ಲ",neutral,kn
"ಅವನಿಗಲ್ಲ, ಈಗ ಮದುವೆ ವಯಸ್ಸಿಗೆ ಬರುತ್ತಾ?",neutral,kn
ಬಿಜೆಪಿ ನಾಯಕರು ಏನು ಜಿಗಿಯುತ್ತಿದ್ದರು? ಈಗ ಓಡಿಹೋಗು,angry,kn
"ಇತಿಹಾಸದಲ್ಲಿ ಜೀವಿಸಿ, ವರ್ತಮಾನವನ್ನು ರಚಿಸಲು ನಿಮಗೆ ಯಾವುದೇ ಸಾಮರ್ಥ್ಯವಿಲ್ಲ.",angry,kn
"ಮನುಷ್ಯರೇ, ನೀವು ತುಂಬಾ ವ್ಯರ್ಥವಾಗಿದ್ದೀರಿ.. ಇವುಗಳು #PocketJournalist ನ ಅತ್ಯುತ್ತಮ ಉದಾಹರಣೆಗಳಾಗಿವೆ.",angry,kn
ಕತ್ತ ಡಿಪಿ ಬದ್ಲಾನಾ...ನೀನು ಭಕ್ತನಿಗೆ ಯೋಗ್ಯನಲ್ಲ ಆದ್ದರಿಂದ...,angry,kn
"ಹೌದು, ನಾನಿಲ್ಲದ, ಓವರ್ ಆ್ಯಕ್ಟಿಂಗ್ ನಿಂದ ಬೇಸತ್ತು, ಸ್ವಪ್ರೇಮದ ಅರಿವಿಲ್ಲ.",sad,kn
ಈರುಳ್ಳಿ ತಿನ್ನುವುದಿಲ್ಲ ಆದರೆ ತಲೆ ತುಂಬ ಈರುಳ್ಳಿ...!,angry,kn
ದೇವೇಂದ್ರ ಫಡ್ನವೀಸ್ ಅವರು ಮಹಾರಾಷ್ಟ್ರದಲ್ಲಿ ಕಾಂಡೋಮ್ ತಯಾರಿಸುವ ದೊಡ್ಡ ಯೋಜನೆಯನ್ನು ತರಬೇಕು ಎಂದರೆ ಮೋದಿ ಜನರ ಕಲ್ಯಾಣವನ್ನು ಕೊಲ್ಲುತ್ತಿದ್ದಾರೆ.,angry,kn
ಅಂಬಾನಿ ಅದಾನಿ ಮನೆ ಮತ್ತು ದೇಶದಿಂದ ಭಿಕ್ಷೆ ಬೇಡುವುದಕ್ಕಿಂತ ಇದು ಉತ್ತಮವಾಗಿದೆ.,angry,kn
ಇಂತಹ ಕಳಪೆ ಪತ್ರಿಕೋದ್ಯಮ ಮಾಡುವುದಕ್ಕಿಂತ ಹಸಿವಿನಿಂದ ಸಾಯುವುದೇ ಮೇಲು.,angry,kn
"ಹುಲಿ ಎಂದು ಭಾವಿಸುವ ಮೇಕೆ, ನಿಮ್ಮ ನಾಟಕಗಳನ್ನು ಯಾರೂ ನೋಡುತ್ತಿಲ್ಲ ಎಂದು ನೀವು ಭಾವಿಸುತ್ತೀರಾ?",angry,kn
ಬಿ ಗ್ರೇಡ್ ಜನರು ಕಾಣಿಸಿಕೊಳ್ಳಲು ಪ್ರಾರಂಭಿಸಿದಾಗ ಏನಾಗುತ್ತದೆ?,angry,kn
ಇದು ಒಂದೇ ಭಾಷಣಕ್ಕಿಂತ ಹತ್ತು ಪಟ್ಟು ಹೆಚ್ಚು ಅಪಾಯಕಾರಿ,fear,kn
ಹೇ ನಿನಗೆ ಇದು ಬೇಕು ಆದರೆ ನಮಗೆ ಬೇಡ,neutral,kn
ನನ್ನ ಬಿಡುವಿನ ದಿನಗಳನ್ನು WhatsApp ನಲ್ಲಿ ಜ್ಞಾನವನ್ನು ಹಂಚಿಕೊಳ್ಳುತ್ತಿದ್ದೇನೆ.,sad,kn
ನಾನು ನನ್ನ ಫೋನ್ ಸಂಖ್ಯೆಯನ್ನು ನವೀಕರಿಸಿ ವರ್ಷಗಳೇ ಕಳೆದಿವೆ ಆದರೆ ನಾನು ಈಗಲೂ ಅದೇ ಹಳೆಯ ಸಂಖ್ಯೆಯನ್ನು ನೋಡುತ್ತಿದ್ದೇನೆ,neutral,kn
"ಅವರ ಮನೆಗೆ ಯಾರೋ ಪಠಾಣ್ ಬಂದಿರುವ ಸಾಧ್ಯತೆ ಇದೆ, ಅದಕ್ಕಾಗಿಯೇ ಸಮಾಜದಲ್ಲಿ ಇಂತಹ ವಿಕೃತಿಯನ್ನು ಸೃಷ್ಟಿಸಲಾಗುತ್ತಿದೆ.",angry,kn
"ಪರಿಣಾಮವಾಗಿ, ಈ ಬಕೆಟ್ ನಾಶವಾಗಲಿದೆ",neutral,kn
ದಯಾನಂದ ಬುಧ್ವರ್ ಪೇಠ್ ದಲ್ಲಾಳಿಯೇ? ಅಂದರೆ ಸರ್ ವಯಸ್ಸಾಗಿದೆ,angry,kn
"""ನನ್ನ ತಂದೆ ಕಾನೂನನ್ನು ಬರೆದಿದ್ದಾರೆ, ಆದ್ದರಿಂದ ನಾನು ಅದನ್ನು ಗೌರವಿಸುತ್ತೇನೆ.""",happy,kn
ಜೈ ಶಿವಸೇನಾ ಉದ್ಧವ್ ಬಾಳಾ ಸಾಹೇಬ್ ಠಾಕ್ರೆ,angry,kn
ಅಭಿವ್ಯಕ್ತಿ ಸ್ವಾತಂತ್ರ್ಯ ಎಂದರೆ ಬಂಗಲೆಯಲ್ಲಿ ಕೊಲೆ,angry,kn
. ಈ ಸುಳ್ಳು ಸುದ್ದಿಯನ್ನು ಮೊದಲು ಹರಡಿದವರೂ ಅವರೇ.,neutral,kn
ರುಕ್ಮೆ ಕುಟುಂಬವನ್ನು ಈ ದುಃಖದಿಂದ ಪಾರು ಮಾಡುವ ಶಕ್ತಿಯನ್ನು ಸಿದ್ಧೇಶ್ವರ ದೇವರು ದಯಪಾಲಿಸಲಿ!,sad,kn
"ಸಾರ್ವಜನಿಕ ಅಭಿಪ್ರಾಯದ ಜನರು ಮೂರ್ಖರು, ಅವರು ಪ್ರಶಸ್ತಿಗಳ ಬಗ್ಗೆ ಯೋಚಿಸುತ್ತಲೇ ಇರುತ್ತಾರೆ.",angry,kn
ಭಾರತೀಯ ರೂಪಾಯಿ ಮೌಲ್ಯ ಕುಸಿತದ ಮಧ್ಯೆ ವಿತ್ತ ಸಚಿವೆ ನಿರ್ಮಲಾ ಸೀತಾರಾಮನ್ ವಿವಾದಾತ್ಮಕ ಹೇಳಿಕೆ.,angry,kn
ವಾಸ್ತವವಾಗಿ ಇದಕ್ಕಾಗಿ ಬರಬೇಕಾಗಿತ್ತು ಆದರೆ ದುರದೃಷ್ಟವಶಾತ್ ಪೆಟ್ಟಿಗೆಗಾಗಿ ಬಂದಿತು ...,sad,kn
"ಭವಿಷ್ಯದಲ್ಲಿ ಎನ್‌ಸಿಪಿ ವಿಭಜನೆಯಾದರೆ, ಧನು ಸಹೋದರರು ಪಕ್ಷವನ್ನು ತೊರೆಯುವ ಮೊದಲಿಗರು",angry,kn
ಮಹಾರಾಷ್ಟ್ರ ದ್ರೋಹಿಗೆ ಏನು ಉತ್ತರ ಕೊಡುವಿರಿ? ಮಹಾರಾಷ್ಟ್ರ ಸೋತದ್ದು ಒಳ್ಳೆಯದೇ?,angry,kn
"ಭುಜಬಲ್ ಸ್ವಾರ್ಥಿ ಎಂದು ಉದ್ಧವ್ಜಿ ಹೇಳುತ್ತಾರೆ, ಬಾಳಾಸಾಹೇಬನನ್ನು ಬಂಧಿಸಲಾಗಿದೆ ಎಂಬುದನ್ನು ಮರೆತುಬಿಡಿ",angry,kn
ಗಟಾರ ಮತ್ತು ಟಾಯ್ಲೆಟ್ ಬಿಟ್ಟು ಬೇರೆ ಏನಾದ್ರೂ ಸಲಹೆ ಕೊಡ್ತೀರಾ.. ಟಾಯ್ಲೆಟ್ ಮಗ,angry,kn
ಯಾವುದೇ ಸಂಖ್ಯೆಯ ಕೋಲುಗಳನ್ನು ತೆಗೆದುಕೊಳ್ಳಿ. ನೀವು ಬಯಸಿದ ಫಲಿತಾಂಶಗಳನ್ನು ಪಡೆಯುವುದಿಲ್ಲ. ಯಾವಾಗಲೂ ನಿಮ್ಮ ಮುಖಕ್ಕೆ ಹೊಡೆಯುತ್ತದೆ,angry,kn
"ಅತ್ಯಾಚಾರಿಗಳು ಬಿಜೆಪಿಗೆ ಬರುತ್ತಿದ್ದಾರೆ, ನೀವೇಕೆ ಪಕ್ಷ ಬಿಡುತ್ತಿಲ್ಲ?",angry,kn
ಆದರೂ ಬಡವರು ಒಳಗೆ ಇರಬೇಕಾಗುತ್ತದೆ,sad,kn
ಮನಿಷಾ ಇಂದು ಸೋತವಳಂತೆ ಮಾತನಾಡುತ್ತಿದ್ದಾಳೆ ಬಹುಶಃ ನಾಳಿನ ಹೊಡೆತವನ್ನು ಮೆದುಗೊಳಿಸಲು ಈ ತಯಾರಿ.,fear,kn
ಮಹಾರಾಜರ ಹೆಸರು ಹೇಳುವುದೂ ಅಪರಾಧ,angry,kn
ಹಾಗಾದರೆ ಕಳೆದ ಕೆಲವು ವರ್ಷಗಳಲ್ಲಿ ಮುಂಬೈನಲ್ಲಿ ಭಾರೀ ಮಳೆಯಾದಾಗ ಬಿಜೆಪಿ ಶಿವಸೇನೆಯನ್ನು ಏಕೆ ದೂರಿತು?,angry,kn
ಜನರು ಆದರೆ ಆಕ್ರಮಣಕಾರಿ ಭ್ರಷ್ಟಾಚಾರ ಸಹಾಯ ಮಾಡುವುದಿಲ್ಲ,angry,kn
"ಸರ್, ದಯವಿಟ್ಟು ನೀವೂ ಒಂದನ್ನು ಮಾಡಿ",neutral,kn
ದಾರಿಯಲ್ಲಿ ಮಹಾರಾಷ್ಟ್ರದ ಪಾರಂಪರಿಕ ತಾಣಗಳನ್ನು ಅನ್ವೇಷಿಸಿ :),neutral,kn
"ಔರಂಗಾಬಾದ್ ಅನೇಕ ಮಂತ್ರಿಗಳನ್ನು ಹೊಂದಿದೆ ಎಂದು ಕೇಳಿದ್ದರೂ, ಔರಂಗಾಬಾದ್ ""ಅಭಿವೃದ್ಧಿ"" ಆಗಿದೆಯೇ?",angry,kn
"ನಿಖಿಲ್ ಜೀ, ಕೊನೆಯ ಸಂಚಿಕೆ ಕೇಳಲಾಗಲಿಲ್ಲ, ದಯವಿಟ್ಟು ಅದನ್ನು ಮತ್ತೆ ಪ್ರಸಾರ ಮಾಡಿ !!",neutral,kn
ಹಿಂದೂ ಧರ್ಮ ಒಂದು ಧರ್ಮವಲ್ಲ ಆದರೆ ಜೀವನ ವಿಧಾನ - ಶ್ರೀಮದ್ ಭಗವದ್ಗೀತೆ,neutral,kn
ಇದು ಊಹಾಪೋಹಕ್ಕೆ ಕಾರಣವಾಗಿತ್ತು,angry,kn
"""ಔರಂಗಜೇಬ್ ಅದನ್ನು ಸಹಿಸಿಕೊಳ್ಳಬಲ್ಲನು, ಆದರೆ ಸಂಭಾಜಿ ಮಹಾರಾಜರು ಅದನ್ನು ಸಹಿಸಲಿಲ್ಲ."" -:ಪೋರ್ಚುಗೀಸ್ ವೈಸರಾಯ್",angry,kn
ನಾವೆಲ್ಲರೂ ನಮ್ಮ ಕುಲದೇವ್ ಜೈ ಹೋ ಅವರ ದರ್ಶನ ಪಡೆಯಬೇಕು,happy,kn
"ಪರೀಕ್ಷಾ ಫಲಿತಾಂಶಗಳನ್ನು ಘೋಷಿಸಲಾಗಿದೆ, ನಿಮ್ಮ ಫಲಿತಾಂಶವನ್ನು ಈ ರೀತಿ ಪರಿಶೀಲಿಸಿ",neutral,kn
ವಿಕ್ರಂ ಕೂಡ ಆ ಕಿಡಿಗೇಡಿನಿಂದ ಇಷ್ಟೊಂದು ಹಿಂಸೆ ಅನುಭವಿಸಿರುತ್ತಿರಲಿಲ್ಲ.,sad,kn
ನಾನು ಕೊಂಕಣದಲ್ಲಿದ್ದೇನೆ ಎಂದು ಯಾರನ್ನಾದರೂ ಎಚ್ಚರಿಸಲು ಲೇಖಕರು ಈ ಟ್ವೀಟ್ ಮಾಡಿದ್ದಾರೆ,neutral,kn
ನೀವು ಕೇವಲ ಟ್ವೀಟ್ ಮಾಡುತ್ತೀರಾ ಅಥವಾ ಕೆಳಗಿನ ಕಾಮೆಂಟ್‌ಗಳನ್ನು ಓದುತ್ತೀರಾ?,neutral,kn
ಅವರು ಕೊಡುಗೆ ಎಂದು ಹೇಳಿದ್ದಾರೆಯೇ?,neutral,kn
"ಕುಲಕರ್ಣಿ, ನೀವು ಎಂದಾದರೂ ಪುಣೇರಿ ಪೇಟವನ್ನು ನೋಡಿದ್ದೀರಾ? ಮುಂಡಾಸೆ? ಕೊಲ್ಹಾಪುರಿ ಫೆಟಾ?",neutral,kn
ಈಗ ಹೇಗಿದ್ದಾರೆ ನೋಡಿ...!,neutral,kn
ಅಂದರೆ ಜನರು ನಿಮ್ಮ ಮನೆಯವರು. ಜನ ನಿರ್ಧರಿಸಲಿ.,neutral,kn
ಬಸ್ಸು ಬದಲಾಗಿಲ್ಲವೇ??,neutral,kn
ಮತ್ತು ಸುದ್ದಿ ಜನರು ಸಾರ್ವಜನಿಕ ಅಭಿಪ್ರಾಯ,neutral,kn
"ನೀವು ಕತ್ತಲೆಗೆ ಏಕೆ ಹಿಮ್ಮೆಟ್ಟಿದ್ದೀರಿ ಎಂದು ಹೇಳಿ, ಇತರರು ಏನು ಕೇಳುತ್ತಿಲ್ಲ?",angry,kn
ನಿಮ್ಮ ಗೌರವಾನ್ವಿತ ದಿಘೆಯವರ ಹೆಸರನ್ನು ಏಕೆ ತೆಗೆದುಕೊಳ್ಳಲಿಲ್ಲ?,angry,kn
ಭದ್ರತಾ ಪಡೆಗಳ ಮೇಲಿನ ತನಿಖೆ ಏನಾಯಿತು? ದಾಳಿಗೆ ಯೋಜನೆ ರೂಪಿಸಿದವರು ಯಾರು?,angry,kn
ಆದಿತ್ಯ ಒಬ್ಬ ಸಾರ್ವಜನಿಕ ನಾಯಕ... ದಾದರ್‌ನಿಂದ,happy,kn
ಈ ಸಲಹೆ ಎಲ್ಲಿಂದ ಬಂತು?,neutral,kn
ಪಕ್ಷವು ಮೂಲತಃ ಕಾಂಗ್ರೆಸ್ ತಂಡವಾಗಿತ್ತು..ತುರ್ತು ಪರಿಸ್ಥಿತಿಯನ್ನು ಬೆಂಬಲಿಸುತ್ತದೆ,neutral,kn
"ಕ್ರಮೇಣ ಎಲ್ಲರೂ ಬರುತ್ತಾರೆ. ದಯವಿಟ್ಟು ದಹನು, ಪಾಲ್ಘರ್‌ಗೆ ಭೇಟಿ ನೀಡಿ.",neutral,kn
"ಇದು ನಮ್ಮ ಕಾಲ, ಇಂದಿನ ಮಕ್ಕಳು ಹಾಗಲ್ಲ",sad,kn
ಈ ಘಟನೆ ಕುರಿತು ಪತ್ರಿಕೆಗಳಲ್ಲಿ ಸುದ್ದಿ ಪ್ರಕಟವಾಗಿತ್ತು.,neutral,kn
ಹೌದು ನನಗೆ ಗೊತ್ತು,neutral,kn
ಏಕೆ ನೋಡುತ್ತಲೇ ಇರಬಾರದು,neutral,kn
ಮತ್ತು ಈ ಸಾಕುಪ್ರಾಣಿಗಳು ಬೇಟೆಗಾರರಿಗೆ ಏಕೆ ಸಹಾಯ ಮಾಡುವುದಿಲ್ಲ?,angry,kn
ಹೌದು. ಇದು ನನ್ನ ಮನಸ್ಸಿಗೆ ಬರುವುದು. ಅಂದರೆ ಅವರ ಪಕ್ಷ ಒಡೆದಿದೆಯೇ?,neutral,kn
ನಿಮ್ಮ ದೂರನ್ನು ಸಂಬಂಧಪಟ್ಟ ಅಧಿಕಾರಿಗಳಿಗೆ ಕಳುಹಿಸಲಾಗಿದೆ.,neutral,kn
ನನಗೂ ಹಾಗೆಯೇ ಅನಿಸುತ್ತದೆ ಆದರೆ ಗುರಾಣಿ ಮತ್ತು ಕತ್ತಿಯನ್ನು ನೀಡುವ ಸಾಧ್ಯತೆ ಹೆಚ್ಚು.,fear,kn
ಮೋದಿ ಅಧಿಕಾರಕ್ಕೆ ಬಂದ ನಂತರ ಎಷ್ಟು ಮಹಿಳೆಯರಿಗೆ ನ್ಯಾಯ ಸಿಕ್ಕಿದೆ ಎಂದು ಹೇಳುತ್ತೀರಾ?,angry,kn
"ಅವರು ಚುನಾವಣೆಗೆ ತಯಾರಿ ನಡೆಸುತ್ತಿದ್ದಾರೆ, ಸಮಯ ಸಿಕ್ಕಾಗ ಮಾತನಾಡುತ್ತಾರೆ, ಆದರೆ ಸಮಯ ಸಿಗುತ್ತದೆ ಎಂದು ಅವರು ಭಾವಿಸುವುದಿಲ್ಲ.",neutral,kn
"ಯಾರೋ ಪತ್ರ ಬರೆದಿದ್ದಾರೆ, ಏಕೆ?",neutral,kn
ನಿಮ್ಮ ಮನಸ್ಸಿಗೆ ಬಂದಂತೆ ಮಾತನಾಡುತ್ತಿದ್ದೀರಿ... ಲೋಕಶಾಹಿರ್ ಅಣ್ಣಾಭಾವು ಸಾಠೆ ಹೇಳಿದ್ದನ್ನು ಸಂಸತ್ತು ಕೂಡ ನೆನಪಿಸಿಕೊಳ್ಳಬೇಕು...,happy,kn
"ಅಧಿ ಏಕನಾಥ್ ಶಿಂಧೆ, ಫಡ್ನವೀಸ್, ನಾರಾಯಣ ರಾಣೆ, ರಾಜ್ ಠಾಕ್ರೆ, ಕಿರಿತ್ ಸೋಮಯ್ಯ, ಶಾ ಮತ್ತು ನಡ್ಡಾ ವಿರುದ್ಧ ತನಿಖೆ ನಡೆಸಬೇಕು.",angry,kn
ತರುತ್ತೀರಾ..?,neutral,kn
ನಾಗ್ಪುರದಲ್ಲಿ ಎರಡು ಗಂಟೆಗಳ ಲೋಡ್ ಶೆಡ್ಡಿಂಗ್ ಪ್ರಾರಂಭವಾಗಿದೆಯೇ?,angry,kn
ಇದನ್ನು ಮೊದಲು ಅನುಜ್ ಪಾಠಕ್ ಮತ್ತು ರಾಹುಲ್ ಖಾನ್ ಅವರಿಗೆ ವಿವರಿಸಿ.,neutral,kn
ಲಾಕಾ ನೀವು ಮರಾಠಿಯೋ ಅಥವಾ ಬಿಹಾರಿಯೋ?,neutral,kn
ಶಿವಸೇನೆಯನ್ನು ನಾಶಮಾಡುವ ಈ ಷಡ್ಯಂತ್ರವನ್ನು ಗುರುತಿಸಿ,angry,kn
"ಇದು ಮುಖ್ಯ ನ್ಯಾಯಾಧೀಶರ ಅಂತ್ಯವಲ್ಲ, ಆದರೆ ಅವರ ನಂತರ ಯಾರಾದರೂ ಬರುತ್ತಾರೆ",neutral,kn
ಎರಡನೇ ಟಾಸ್ಕ್...ನಾಳೆಯಿಂದ,neutral,kn
ನಿಜವಾಗಿಯೂ ಕಳುಹಿಸಲು ಬಯಸುತ್ತೇನೆ,neutral,kn
ಇದು ನಮಗೆಲ್ಲರಿಗೂ..,neutral,kn
ಸ್ಪ್ರೇ ಇದೆಯೇ?,neutral,kn
ಅದೃಷ್ಟವು ರಾವಣನನ್ನು ನಂಬುತ್ತದೆ ಆದರೆ ನಿಮ್ಮ ಭಗವಾನ್ ಶ್ರೀರಾಮನನ್ನು ಕಾಲ್ಪನಿಕವೆಂದು ಪರಿಗಣಿಸಲಾಗಿದೆ.,happy,kn
"ಅದಕ್ಕೆ ಶಾಕ್ ಎನ್ನುವುದಿಲ್ಲ, ಅಳುವುದು ಎನ್ನುತ್ತಾರೆ. ಪುರುಷರು ಹಾಗೆ ಅಳುವುದಿಲ್ಲ. ಸ್ವಲ್ಪ ಗಾಯ",angry,kn
:'ಈ' ಮಲ್ಟಿಬ್ಯಾಗರ್ ಸ್ಟಾಕ್ ಮೂರು ವಾರಗಳಲ್ಲಿ ಲಕ್ಷ ಗಳಿಸಿತು!,happy,kn
ಅದನ್ನೇ ನಾನು ಕೇಳಲು ಬಯಸಿದ್ದೆ,happy,kn
ಅದು ನನ್ನ ಸೋನಪಾಪಾಡಿ...,happy,kn
ಕಮಲ ಅರಳುವುದು ಖಡ್ಗ ಏಕೆ ಬೀಳುವುದು?,neutral,kn
ಅವರು ಮಹಾರಾಷ್ಟ್ರ ಪ್ರೇಮಿಗಳು ಮತ್ತು ದೇಶಭಕ್ತರಿಗೆ ಪ್ರಿಯರಾಗಿದ್ದಾರೆ. ಸಹಾನುಭೂತಿ ಎಂಬ ಪದವು ಸೂಕ್ತವಲ್ಲ,neutral,kn
ನಮ್ಮ ಮುಂದೆ ಇದೆಲ್ಲಾ ತೀರಾ ಸಾಮಾನ್ಯ ಮಹೇಶ್...,neutral,kn
ಅದಕ್ಕೇ,neutral,kn
ಇದು ತಪ್ಪು,neutral,kn
ಬಾಬಾ ಸಾಹೇಬ್ ಅಂಬೇಡ್ಕರ್ ಒಬ್ಬರಾಗಿದ್ದರು ಮತ್ತು ಹಾಗೆಯೇ ಉಳಿಯುತ್ತಾರೆ,happy,kn
ನಿಮ್ಮ ನೆರೆಹೊರೆಯಲ್ಲಿ ತಾತ್ಯಾನನ್ನು ಕಾಣುತ್ತಿಲ್ಲವೇ?,neutral,kn
"ಹೇಳಿ ಸಾರ್, ನಿಮ್ಮ ರಾಜ್ಯದಲ್ಲಿ ಏನಾಗುತ್ತಿದೆ?",angry,kn
"ಪೂಜಾ ಸಾವಂತ್ ಅವರ Instagram ಪೋಸ್ಟ್ ವೈರಲ್ ಆಗುತ್ತಿದೆ, ನೀವು ನೋಡಿದ್ದೀರಾ?",neutral,kn
ಅಮೆರಿಕದಲ್ಲಿ ರೈತನೊಬ್ಬ ಕೋಳಿಯ ಕತ್ತು ಕೊಯ್ದರೂ ಕೋಳಿ ಸಾಯಲಿಲ್ಲ.,happy,kn
ರಾಜ್ ಠಾಕ್ರೆ ಕೂಡ ಇದನ್ನು ಮತ್ತೆ ಮತ್ತೆ ಹೇಳುತ್ತಿದ್ದರು,neutral,kn
"ಇದು ವ್ಯವಹಾರ ಅಥವಾ ವೈಯಕ್ತಿಕವಾಗಿದ್ದರೆ, ನಾನು ಅದೇ ರೀತಿ ಮಾಡುತ್ತೇನೆ",neutral,kn
ಅಬ್ಬಾಬ್ ಎಂದರೆ ಆಟ ಸದ್ದಿಲ್ಲದೆ ನಡೆಯುತ್ತಿದೆ,happy,kn
"ಓಹ್, ಆದರೆ ಹಣವನ್ನು ತೆಗೆದುಕೊಳ್ಳಿ, ಉಚಿತವಾಗಿ ನೀಡಬೇಡಿ.",neutral,kn
"ಈಗ ಅದು ಉದ್ಧವ್ ಸಾಹೇಬರ ವಿಚಾರಗಳ ಮೇಲೆ ಸಾಗುತ್ತದೆ, ಬಾಳಾ ಸಾಹೇಬರ ವಿಚಾರಗಳು ಇದಕ್ಕೆ ಅನ್ವಯಿಸುವುದಿಲ್ಲ.",neutral,kn
"ಹಾಗಾಗಿ ಅಜ್ಜ ಹೇಳುತ್ತಾರೆ, ಈಗ ಮದುವೆಯೇ ಕೊನೆಯ ಆಯ್ಕೆಯಾಗಿದೆ.",neutral,kn
ಇದು ಸರಿಯಾಗಿದೆ..,happy,kn
ಈ ವಿಷಯಗಳನ್ನು ಸುಧಾರಿಸುವಲ್ಲಿ ನಿಷ್ಪಕ್ಷಪಾತವಾಗಿ ಉಳಿಯುವುದು ಮಾಧ್ಯಮಗಳ ದೊಡ್ಡ ಜವಾಬ್ದಾರಿ...!,neutral,kn
ನಿಮ್ಮ ಬಾಲ್ಯದಲ್ಲಿ ನೀವು ದೇವಿ ಟೀಕಾವನ್ನು ಸ್ವೀಕರಿಸಿದ್ದೀರಿ.,neutral,kn
ಜನರು ಸಂಬಂಧವನ್ನು ಪ್ರತಿಬಿಂಬಿಸುವ ಬದಲು ಸಂತೋಷ ಮತ್ತು ಜವಾಬ್ದಾರಿಗಳೊಂದಿಗೆ ಬದುಕಲು ಕಲಿಯಬೇಕು.,neutral,kn
ನೀವು ವೈಭೂ ದೀಪಾವಳಿ ಶಾಪಿಂಗ್ ಮಾಡಿದ್ದೀರಾ?,neutral,kn
ಶಿವ ಭೋಜನ್ ಯೋಜನೆ ತನಿಖೆ! ಯೋಜನೆ ನಿಲ್ಲುವುದಿಲ್ಲ!!!,happy,kn
ಪುರುಷರ ಬಗ್ಗೆ ಹೇಳುವುದನ್ನು ಈಗ ಮುಚ್ಚಿಡಬೇಕು ಎಂದು ತೋರುತ್ತದೆ.,angry,kn
ಲಾಲ್ ಮಜಾ ನಾಮಪದಗಳ ಭಾಷೆಯ ಬಗ್ಗೆ ಸಲಿಕೆ ಕೇಳಲು ಹೋಗುತ್ತಾನೆ,neutral,kn
ನೀವು ತರ್ಕವನ್ನು ಅರ್ಥಮಾಡಿಕೊಂಡಿದ್ದರಿಂದ ನೀವು ಉತ್ತರಿಸಲಿಲ್ಲ.,neutral,kn
ಓಹೋ! ಅದು ನನ್ನ ಸಂಕೇತ,angry,kn
ಬಾಳಾಸಾಹೇಬ್ ಥೋರಟ್ ಅವರ ಉದಯ್ ರಾವ್,neutral,kn
ರಾಜಕೀಯ ವಿಶ್ಲೇಷಕ ಅಮೋಲ್ ಸರ್ ಉತ್ತರ ಮಹಾರಾಷ್ಟ್ರದ ದೊಡ್ಡ ನಾಯಕ ಎಂದು ಕರೆಯುತ್ತಾರೆ.,happy,kn
ಹುಡುಗರೇ ಸಿದ್ಧರಾಗಿ! ಈಗ ಹಾಲಿನ ಬೆಲೆ ತುಂಬಾ ಹೆಚ್ಚಾಗಲಿದೆ!,happy,kn
"ಆಂಧ್ರಪ್ರದೇಶ, ತೆಲಂಗಾಣ, ಕೇರಳ, ಕರ್ನಾಟಕ, ತಮಿಳುನಾಡು ಈ ಎಲ್ಲ ರಾಜ್ಯಗಳಿಗೂ ಭರ್ಜರಿ ಯಶಸ್ಸು ಸಿಗಲಿದೆ.",happy,kn
ಮುಂಬರುವ ಸ್ಥಳೀಯ ಚುನಾವಣೆಯನ್ನು ಈ ಮೈತ್ರಿಯೊಂದಿಗೆ ಎದುರಿಸಲಾಗುವುದು - ನ್ಯಾ. ದೀಪಕ್ ಕೇಸರಕರ್,neutral,kn
"ಭಿಕ್ಷೆಯನ್ನು ತೆಗೆದುಕೊಂಡು, ಚೀಲವನ್ನು ಹೊತ್ತುಕೊಂಡು, ಮಡಕೆಯನ್ನು ತುಂಬಿ ತಿನ್ನುತ್ತಾರೆ",neutral,kn
ಜಾಧವ್ ಸಾಹೇಬರಿಬ್ಬರ ನೋವು ಬೇರೆ ಬೇರೆ. ಈ ಬಗ್ಗೆ ಗಮನ ಕೊಡಿ.,neutral,kn
ರುತುಜಾ ಲಟ್ಕೆ ಮುಂದೆ ಬಿಜೆಪಿಯ ಹಿನ್ನಡೆಯ ಅರ್ಥಗಳು 'ಇವು'!,neutral,kn
ಇದು ಎಷ್ಟು ಸಮಯ ತೆಗೆದುಕೊಳ್ಳುತ್ತದೆ ಎಂದು ನಮಗೆ ತಿಳಿದಿರಲಿಲ್ಲ.,neutral,kn
ಆದರೆ ಇವರು ಯಾರು?,neutral,kn
ಅವರು ಅದನ್ನು ಏಕೆ ನಿಲ್ಲಿಸಲಿಲ್ಲ?,angry,kn
ಆದರೆ ಯಾವುದು?,neutral,kn
ಸರ್ಕಾರ PFI ಅನ್ನು ಏಕೆ ನಿಷೇಧಿಸಿತು? ಇವು ಮುಖ್ಯ ಕಾರಣಗಳು...,neutral,kn
ವಾಗ್ಲೆಯವರ ಶತ್ರುಗಳು ಸಂಘ ಮತ್ತು ಬ್ರಾಹ್ಮಣರು.,angry,kn
"ಮಾಸ್ಟರ್ ಎಲ್ಲಾ ತಂತ್ರಗಳನ್ನು ಕಲಿಸುತ್ತಾನೆ, ಆದರೆ ಒಂದು ತಂತ್ರವನ್ನು ಶಾಶ್ವತವಾಗಿ ಇಡುತ್ತಾನೆ ...",neutral,kn
ಒಬ್ಬ ನಾಯಕನ ಮರಣದ ನಂತರ ಅವನ ವಿರುದ್ಧ ಯಾವುದೇ ಅಭ್ಯರ್ಥಿಯನ್ನು ನಿಲ್ಲಿಸಬಾರದು ಎಂದು ನೀವು ಭಾವಿಸುತ್ತೀರಾ?,neutral,kn
ನಾನಾ ಪಾಟೇಕರ್ ಮುತ್ತಜ್ಜ,happy,kn
ಕೊಲ್ಲಾಪುರ ಉಪಚುನಾವಣೆ ಸಂದರ್ಭದಲ್ಲಿ ಸಂಸ್ಕೃತಿಗೆ ರಜೆ ಹಾಕಲಾಗಿತ್ತು.,neutral,kn
ಅವರಿಗೆ ಅಭಿಪ್ರಾಯವಿದೆಯೇ?,neutral,kn
ಮಿತಿಗಳಿವೆ ಎಂಬುದನ್ನು ಮೊದಲು ಒಪ್ಪಿಕೊಳ್ಳಬೇಕು...,neutral,kn
ಇವರು ಹುಟ್ಟಿನಿಂದ ನಿಜವಾಗಿಯೂ ಹಿಂದೂಗಳೇ?????,angry,kn
ಈ ಹಿಂದೆಯೂ ಇಂತಹ ಪ್ರಯತ್ನಗಳು ನಡೆದಿವೆ. ಮೋದಿ ಗುಜರಾತ್ ಮುಖ್ಯಮಂತ್ರಿಯಾಗಿದ್ದಾಗ ಇದು ಅವರ ಶೈಲಿಯಾಗಿತ್ತು.,neutral,kn
"ಫಡ್ನವೀಸ್ ಐದು ವರ್ಷ ಮುಖ್ಯಮಂತ್ರಿಯಾಗಿದ್ದವರು, ಟ್ವೀಟ್ ಮಾಡಲು ಯಾರು?",neutral,kn
ನಾನು ಈಟಲಿ ಜಿಲ್ಲೆಗೆ ಸೇರಲು ಯೋಚಿಸುತ್ತಿದ್ದೇನೆ...,neutral,kn
ವಿದರ್ಭದಲ್ಲಿ ಸಂತರ್ಗುಲ್ಯ ಎಂಬ ಪದವು ಬಹಳ ಪ್ರಸಿದ್ಧವಾಗಿದೆ. ಈ ಶಾಸಕರ ವಿಚಾರದಲ್ಲೂ ಅದೇ ನಡೆದಿದೆ.,neutral,kn
ಕೊಬ್ಬಿನ ಸಹೋದರನನ್ನು ನ್ಯಾಯದ ದೇವರಿಂದ ಶಿಕ್ಷಿಸಲಾಗಿದೆ ಎಂದು ನಂಬಲಾಗಿದೆ.,happy,kn
ನಿಮ್ಮಂತಹ ಕುರುಡರ ಕಣ್ಣು ತೆರೆಸಲು ನನ್ನ ಈ ಟ್ವೀಟ್..,angry,kn
| ಇದೇ ವೇದಿಕೆಯಲ್ಲಿ ‘ಬ್ರಹ್ಮಾಸ್ತ್ರ’ ಚಿತ್ರ ಬಿಡುಗಡೆಯಾಗಲಿದೆ,neutral,kn
ಇದು ಯಾರ ಕಥೆ ಹೇಳಲು?,neutral,kn
ನಮಗೆ ತಿಳಿಸಿದ್ದಕ್ಕಾಗಿ ಧನ್ಯವಾದಗಳು. ನಿಮ್ಮ ದೂರನ್ನು ಸಂಬಂಧಪಟ್ಟ ಇಲಾಖೆಗೆ ರವಾನಿಸಿದ್ದೇವೆ.,neutral,kn
ಡಿಸೆಂಬರ್ ವರೆಗೆ ಹೀಗೆ ಮಳೆ ಬರುತ್ತದಾ?,happy,kn
PFI ಯ WhatsApp ಗುಂಪು ನಿರ್ವಾಹಕ ಪಾಕಿಸ್ತಾನಿ SIMI ಯ ರೀತಿಯಲ್ಲಿ ಕೆಲಸ ಮಾಡುತ್ತಿದ್ದಾರೆ; ಎಟಿಎಸ್ ತನಿಖೆಯಿಂದ ತಿಳಿದುಬಂದಿದೆ,angry,kn
ಈಗ ಅದನ್ನು ಸರಿಪಡಿಸಲಾಗಿದೆ! ಉದ್ಧವ್ ಠಾಕ್ರೆಯ ಜ್ಯೋತಿಯನ್ನು ತಡೆಯಲು ಶಿಂಧೆಯವರ ಗುರಾಣಿ ಮತ್ತು ಖಡ್ಗ ಸಿದ್ಧವಾಗಿದೆ!,neutral,kn
ಸಾರ್ವಜನಿಕ ಹಿತಾಸಕ್ತಿ ಸರ್ಕಾರ ಸಾರ್ವಜನಿಕರು ತೆಗೆದುಕೊಳ್ಳುವ ಸರ್ಕಾರದ ನಿರ್ಧಾರಗಳು ಸಾರ್ವಜನಿಕ ಹಿತಾಸಕ್ತಿಯಲ್ಲಿವೆ,happy,kn
'ಮಹಾರಾಷ್ಟ್ರದ ಸಂಪ್ರದಾಯವನ್ನು ಉಳಿಸಿಕೊಳ್ಳಲು ಬಿಜೆಪಿ ಕೆಲಸ ಮಾಡಿದೆ'; ಏಕನಾಥ್ ಶಿಂಧೆ ಪ್ರತಿಕ್ರಿಯೆ,happy,kn
ಇದರರ್ಥ ದೇವೇಂದ್ರ ಫಡ್ನವೀಸ್ ದೂರದೃಷ್ಟಿಯ ನಾಯಕ ಎಂದು ಅರ್ಥವೇ? ಫಡ್ನವಿಸ್ ಹೀಗೆ ಮಾಡಿದ್ದು...,happy,kn
ಸದ್ಯ ಅರವಿಂದ್ ದಾತಾರ್ ಚುನಾವಣಾ ಆಯೋಗದ ವಕೀಲರಾಗಿದ್ದಾರೆ.,neutral,kn
"ಓಹ್, ಆದರೆ ನೀವು ಇಷ್ಟು ದಿನ ಎಲ್ಲಿದ್ದೀರಿ?",happy,kn
: ಮೋಡ ಸಿಡಿದಂತೆ ಮಳೆ ಏಕೆ? ಇದರ ಹಿಂದಿನ ಕಾರಣವೇನು?,neutral,kn
ಅದನ್ನು ಮರೆಯಲು ಸಾಧ್ಯವಿಲ್ಲ,sad,kn
ಇದನ್ನೇ ಅವನ ತಾಯಿ ಅವನಿಗೆ ಹೇಳುತ್ತಿದ್ದಳು,neutral,kn
"ರವಿಕಾಂತ್ ಜೀ, ಜೈಲಿನಲ್ಲಿ ನಿಮ್ಮ ಪೆಟ್ಟಿಗೆಗಳು ಸುರಕ್ಷಿತವಾಗಿವೆಯೇ?",angry,kn
"ಚುನಾವಣಾ ಆಯೋಗವು ಸ್ವಾಯತ್ತ ಸಂಸ್ಥೆಯಾಗಿದ್ದು, ಈಗಾಗಲೇ ಕೇಂದ್ರ ಸರ್ಕಾರದ ಬೇಡಿಕೆಗಳಿಗೆ ಬದ್ಧವಾಗಿದೆ.",angry,kn
"ಟ್ಯಾಗ್ ಮಾಡುವುದನ್ನು ಮುಂದುವರಿಸಿ, ಅವರನ್ನು ಸಂಪರ್ಕಿಸಲು ಇದು ಏಕೈಕ ಮಾರ್ಗವಾಗಿದೆ",neutral,kn
"ಸರ್, ನೀವು ಯಾವ ಕಾನೂನನ್ನು ಬದಲಾಯಿಸುತ್ತಿದ್ದೀರಿ?",neutral,kn
ಆಶಾದಾಯಕವಾಗಿ ಇದನ್ನು ಓದುವುದು ಕನಿಷ್ಠ ಕೆಲವು ಜನರಿಗೆ ಅರ್ಥಮಾಡಿಕೊಳ್ಳಲು ಸಹಾಯ ಮಾಡುತ್ತದೆ:,sad,kn
ಇದು ಖಡ್ಗವೋ ಕಠಾರಿಯೋ????,happy,kn
ನಿಮ್ಮ ವಿಶ್ಲೇಷಣೆ ಚುರುಕಾಗಿರುವುದರಿಂದ ಜನರು ನಿಮ್ಮ ಆಲೋಚನೆಗಳನ್ನು ಇಷ್ಟಪಡುತ್ತಾರೆ.,happy,kn
ಎಡಗೈಯಿಂದ ತಿನ್ನುವ ಸಮಯ.,neutral,kn
ಇದು ನಮ್ಮಂತಹ ಪತ್ರಕರ್ತರು ಮತ್ತು ಸರ್ಕಾರಿ ಉದ್ಯೋಗಿಗಳಿಗೆ ವಿಶೇಷವಾಗಿ ಸತ್ಯವಾಗಿದೆ.,angry,kn
ಹಾಗಾದರೆ ಸಂಗ್ಯಾ ಜೈಲಿನಲ್ಲಿ ಪಿಕ್ನಿಕ್ ಹೋಗಿದ್ದಾನಾ?,angry,kn
ದೊಡ್ಡ ಸುದ್ದಿ! ಶಿಂಧೆ ಸರ್ಕಾರ ಮತ್ತೊಂದು ಮಹತ್ವದ ನಿರ್ಧಾರ ಕೈಗೊಂಡಿದೆ,happy,kn
ಇವರು ಅಗ್ಗದ ಉತ್ಸಾಹಿಗಳು,neutral,kn
ಈ ಪ್ರವೃತ್ತಿಯನ್ನು ಸಮಯಕ್ಕೆ ಹತ್ತಿಕ್ಕಬೇಕು.,angry,kn
"ಆಗ ನೀನು ಪಾಕಿಸ್ಥಾನ, ಭಾರತದ ವಿರುದ್ಧ ಗೆದ್ದೆ",happy,kn
ಇನ್ನೆರಡು ದಿನಗಳಲ್ಲಿ ನಾಂದೇಡ್ ಜಿಲ್ಲೆ ಸೇರುತ್ತೇನೆ,neutral,kn
"ಲಾ ಲಿಗಾದ ಅತ್ಯುತ್ತಮ ಪಂದ್ಯವೆಂದರೆ ಎಫ್‌ಸಿ ಬಾರ್ಸಿಲೋನಾ vs ರಿಯಲ್ ಮ್ಯಾಡ್ರಿಡ್, ಇದು ಹುಚ್ಚವಾಗಿರುತ್ತದೆ.",happy,kn
ಸಾಹೇಬರು ಶಿವಸೇನೆಯಲ್ಲಿದ್ದಾಗ ಇದು ಹಳೆಯ ಚಿತ್ರ,neutral,kn
ಇದೂ ಬಾಳಾ ಸಾಹೇಬರೇ,happy,kn
ಪ್ರಸನ್ನ ಜೋಶಿಗೆ ಉತ್ತರ ಕೊಡಲಿಲ್ಲ ಎನ್ನುತ್ತೀರಿ.,neutral,kn
ಸುಸು ತೈ ಏಕೆ? ಅವರು ಅದೇ ಗುಂಡಿಗಳ ಚಿತ್ರಗಳನ್ನು ತೆಗೆಯುತ್ತಿದ್ದರು,angry,kn
"ಸೀಟು ಬೀಳಲಿದೆ ಎಂದು ನೀವು ಭಾವಿಸಿದರೆ, ಅದು ಈಗ ಪ್ರಾರಂಭವಾಗಿದೆ",neutral,kn
"ಅಣ್ಣ, ಇಲ್ಲದಿದ್ದರೆ ಈ ಕೋಡಂಗಿ ಹುಲಿ ಕಾಡಿಗೆ ಹೋಗುತ್ತೆ.",angry,kn
ನಿಮ್ಮ ಮನೆಯಲ್ಲಿ ಇಂತಹ ಘಟನೆಗಳು ನಡೆಯುತ್ತಿದ್ದವು.,neutral,kn
ಹಳ್ಳಿಗಾಡಿನ ಮದ್ಯ ಸೇವಿಸುವವರಿಗೆ ಇಂಗ್ಲಿಷ್ ಗೊತ್ತಿರಬೇಕೆಂದೇನೂ ಇಲ್ಲ.,neutral,kn
"ಹೊಸ ಪಕ್ಷ, ಹೊಸ ಹೆಸರು, ಒಂದು ಸ್ಥಾನಕ್ಕೆ ಚುನಾವಣೆ, ಎಂಎಲ್ಎ ಮತ್ತು ಎಂಪಿ ಕಣದಲ್ಲಿದ್ದಾರೆ",happy,kn
ಆತ ಸೈನಿಕ...,happy,kn
ಅಂದರೆ ಹೋರಾಟ ಕೂಡ ರಾಷ್ಟ್ರೀಯವಾದಿ ಮತ್ತು ರಾಷ್ಟ್ರವಿರೋಧಿ ವಿಚಾರಗಳ ನಡುವೆ.,angry,kn
ಅವಿರೋಧವಾಗಿ ಚುನಾವಣೆ ನಡೆಯಬಾರದು,neutral,kn
ಇಬ್ಬರೂ ಹೃದಯದಿಂದ ಸತ್ಯ ಹೇಳುತ್ತಿದ್ದಾರೆ..!,happy,kn
ನೀವು ಅವರ ಹಳೆಯ ಫೋಟೋ ನೋಡಿದ್ದೀರಾ?,neutral,kn
ಹಾಡು ಭಾರವಾಗಿರುತ್ತದೆ,happy,kn
ಸಾವಿಗೆ ಹೆದರಬಾರದು ಆದರೆ ಕಾಲಕಾಲಕ್ಕೆ ಅದನ್ನು ನೆನಪಿಸಿಕೊಳ್ಳಬೇಕು.,neutral,kn
ಇದೆಯೋ ಇಲ್ಲವೋ,neutral,kn
ಹೌದಾದರೆ ಅವರು ಸುಪ್ರೀಂ ಕೋರ್ಟ್‌ಗೆ ಏಕೆ ಹೋದರು? ಕಪಿಲ್ ಸಿಬಲ್ ಗೆ ಆರ್ಥಿಕವಾಗಿ ಸಹಾಯ ಮಾಡುತ್ತಿದ್ದಾರೆ,angry,kn
ನನ್ನ ಮನಸ್ಸಿನಲ್ಲಿ ಸಂಗ್ರಹವಾಗಿರುವ ಎಷ್ಟೋ ವಿಷಯಗಳನ್ನು ಬರೆಯದಂತೆ ನಾನು ಯಾವಾಗಲೂ ತಡೆಯುತ್ತೇನೆ.,sad,kn
ಹಿಂಗಾರು ಮಳೆಯಿಂದ ಭತ್ತದ ಬೆಳೆಗೆ ಆಗಿರುವ ಹಾನಿಗೆ ಪರಿಹಾರ ನೀಡುವುದು.,sad,kn
ಅಗತ್ಯ ಕ್ರಮಕ್ಕಾಗಿ ಥಾಣೆ ನಗರದ ಸಂಚಾರ ನಿಯಂತ್ರಣ ಕೊಠಡಿಗೆ ನಿಮ್ಮ ಮಾಹಿತಿಯನ್ನು ತಿಳಿಸಲಾಗಿದೆ.,neutral,kn
ಇವೆಲ್ಲ ಹಳದಿ! ಇಂದು ನಿಲ್ದಾಣದಲ್ಲಿ ಮಿನಿ ಜೆಜುರಿ ಆಯೋಜಿಸಲಾಗುವುದು!,happy,kn
ಎಸ್ಟಿ ವಿಲೀನ ಘೋಷಣೆ ಯಾವಾಗ ಸಾರ್ ?? ಈಗ ನಿರ್ಧಾರ ನಿಮ್ಮ ಕೈಯಲ್ಲಿದೆ.,neutral,kn
ದಯವಿಟ್ಟು ಈ ವಿನಂತಿಯನ್ನು ಪರಿಗಣಿಸಿ...ಜೈ ಶ್ರೀ ರಾಮ್!!,neutral,kn
"ಈಗ ಪಕ್ಷದ ನಾಯಕರು ರಾಜ್ ಸಾಹೇಬ್, ಪವಾರ್ ಸಾಹೇಬ್ ಅಥವಾ ಫಡ್ನವೀಸ್ ಸಾಹೇಬ್ ಯಾರಿಗೆ ಧನ್ಯವಾದ ಹೇಳುತ್ತಾರೆ?",neutral,kn
ಅಭ್ಯರ್ಥಿಗಳು ನೀಡಲಿದ್ದಾರೆಯೇ?,neutral,kn
ಭರತರಾಮಂತಿ ಯಾತ್ರೆಯು ಎಲ್ಲಾ ತೀರ್ಥಕ್ಷೇತ್ರಗಳಲ್ಲಿ ನಡೆಯುತ್ತದೆ ಎಂದು ತೋರುತ್ತದೆ,neutral,kn
ಬಾಳಾ ಸಾಹೇಬರು ಕಟ್ಟಾ ಹಿರಿಯ ಶಿವಸೈನಿಕರು.,happy,kn
ಅಂತಹ ಒಳ್ಳೆಯ ಸುದ್ದಿ ಆದರೆ ಆ ಸಾಲು ಗಮನ ಸೆಳೆಯುತ್ತಿತ್ತು,happy,kn
ದೇಶೀಯ ಎಲ್‌ಪಿಜಿಯ ಈ ಪ್ರಸ್ತಾವನೆಗೆ ಕೇಂದ್ರ ಸಚಿವ ಸಂಪುಟ ಅನುಮೋದನೆ ನೀಡಿದೆ,neutral,kn
"ಎತ್ತುಗಳನ್ನು ಗಾಡಿಗೆ ಕಟ್ಟುವುದು ಅಸಹಜ ಮತ್ತು ಕ್ರೌರ್ಯ, ಆದ್ದರಿಂದ ಹಿಂಡನ್ನು ಕಾಲ್ನಡಿಗೆಯಲ್ಲಿ ಮುನ್ನಡೆಸುವುದು ಉತ್ತಮ.",angry,kn
"ಸಹಜ ಯೋಗ ಶೋಭಾ ಯಾತ್ರೆ, ಇಂದ್ರಿ (ಕರ್ನಾಲ್) ಡಿಸೆಂಬರ್:",neutral,kn
ಇಂದು ಭಾನುವಾರ ಇಂಗ್ಲಿಷ್‌ನಲ್ಲಿ ಏಕೆ?,neutral,kn
ಮನೆಯಲ್ಲಿ ಕುಳಿತುಕೊಳ್ಳುವುದರ ಅರ್ಥವೇನು?,neutral,kn
ನಿಜವಾದ ದೀಪಾವಳಿ ಅವರ ಕೈಯಲ್ಲಿದೆ,happy,kn
"ಯೋಗಿ ರಾಜ್ ಇದನ್ನು ಹೇಗೆ ಮಾಡಿದರು, ಮಹಾರಾಷ್ಟ್ರದಲ್ಲಿ ಹಂಟರ್ ನಂತಹ ಆಕ್ಷನ್ ಏಕೆ ನಡೆಯುತ್ತಿಲ್ಲ?",angry,kn
ಇದು ವಾಸ್ತವವಾಗಿ ಪ್ರಾರಂಭವಾಗುವುದಿಲ್ಲ. ನೀವು ಕಾಯುತ್ತಿರುವ ದಿನವಿದು,happy,kn
ಇದು ದಿಲ್ವಾಲೆ ಅಜಯ್ ದೇವಗನ್ ಅವರದ್ದು,neutral,kn
ಶ್ರೀ ಗಣೇಶ ಯಾವಾಗ ಸಮೃದ್ಧಿಯಾಗುತ್ತಾನೆ? .. .//,neutral,kn
ಅವಳು ವಿದೇಶದಲ್ಲಿ ಓದುತ್ತಿರುವುದರಿಂದ,neutral,kn
ಟೇಪ್ ಅರ್ಧದಷ್ಟು ಮುಗಿದಂತೆ ತೋರುತ್ತಿದೆ. ದಯವಿಟ್ಟು ಕೊನೆಯವರೆಗೂ ಲಿಂಕ್ ನೀಡಿ.,neutral,kn
ರಾಷ್ಟ್ರಪತಿ ದ್ರೌಪದಿ ಮುರ್ಮು ಇಂದಿನಿಂದ ಮೂರು ದಿನಗಳ ತ್ರಿಪುರಾ ಮತ್ತು ಅಸ್ಸಾಂ ಪ್ರವಾಸದಲ್ಲಿದ್ದಾರೆ.,neutral,kn
ಹಣದುಬ್ಬರ ಹೆಚ್ಚಾಗದಿದ್ದರೆ ನಿಮ್ಮ ಸಂಬಳ ಕಡಿಮೆ...,sad,kn
ಈ ಹುಡುಗ ಮೂರನೇ ವ್ಯಕ್ತಿಯಾಗುತ್ತಾನೆ!,happy,kn
"ನನಗೇನೂ ಗೊತ್ತಿಲ್ಲ, ಈಗ ನೋಡುತ್ತಿರುವ ನನಗೆ ಅದರ ಬಗ್ಗೆ ಏನೂ ತಿಳಿದಿಲ್ಲ.",happy,kn
ಇಂದಿನಿಂದ ಉದ್ಧವ್ ಠಾಕ್ರೆ ಜನರಿಗೆ ಹೇಳಲಿದ್ದಾರೆ: 'ಬಾಳಾ ಸಾಹೇಬರ ಶಿವಸೇನೆಯನ್ನು ಸೋಲಿಸಲು ನಾವು ಬಯಸುತ್ತೇವೆ ಎಂಬುದನ್ನು ಎಲ್ಲರೂ ನೆನಪಿಟ್ಟುಕೊಳ್ಳಬೇಕು.,angry,kn
". ಅವನ ಕೂದಲು ಕೂಡ ಡ್ಯಾಂಡಿಯಾಗಿರುವುದಿಲ್ಲ, ಅವನು ಶಂಖದ ಕಿವಿಯೋಲೆಯನ್ನು ಧರಿಸಿದ್ದಾನೆ.",happy,kn
"ಅಲ್ಲಿ ಕನಿಷ್ಠ ಆಯ್ಕೆ ಇದೆ, ನಮ್ಮಂತೆ ಅಲ್ಲ",angry,kn
ಇದು ಒಂದು...,neutral,kn
ನಿಮ್ಮ ನಗರದಲ್ಲಿರುವ ಇಂಜಿನಿಯರ್‌ನ ಹೆಸರು ಮತ್ತು ಸಂಖ್ಯೆಯನ್ನು ನಾನು ಹೊಂದಬಹುದೇ?,neutral,kn
ಗಮನಿಸಿ- ಕಾಗುಣಿತಕ್ಕೆ ತಿದ್ದುಪಡಿ ಅಗತ್ಯವಿದೆ! ಉಳಿದ ಪ್ರಬಂಧ ಚೆನ್ನಾಗಿದೆ.,neutral,kn
ನೀವು ಟ್ವಿಟ್ಟರ್ ಅನ್ನು ತೊರೆದರೂ ಅದು ಈಗ ಕಾರ್ಯನಿರ್ವಹಿಸುತ್ತದೆ,neutral,kn
ನಿಮ್ಮ ಮನೆಯಲ್ಲಿ ರಾಧಾ-ಕೃಷ್ಣರ ವಿಗ್ರಹವನ್ನು ಇರಿಸಿದರೆ ನೀವು ಈ ವಾಸ್ತು ನಿಯಮಗಳನ್ನು ಪಾಲಿಸಬೇಕು.,neutral,kn
ಹೆಚ್ಚು ಹಣವನ್ನು ಗಳಿಸುವುದಕ್ಕಿಂತ ನೀವು ಗಳಿಸುವ ಹಣವನ್ನು ಯೋಜಿಸುವುದು ಮುಖ್ಯವಾಗಿದೆ.,neutral,kn
ಚೆಂಡು ಸ್ವಲ್ಪ ಬೀಳಬೇಕಿತ್ತು,neutral,kn
ಶಿಂಧೆ ಬಣಕ್ಕೆ ರಿಲೀಫ್ ಎಂದರೆ ಚುನಾವಣಾ ಆಯೋಗ ಶಿಂಧೆ ಬಣ ನಿರ್ವಹಣೆ ಮಾಡುತ್ತಿದೆಯೇ?,angry,kn
ಇದನ್ನೇ ನೀವು ವಿಷ ಎನ್ನುತ್ತೀರಾ ??,neutral,kn
ಶಕ್ತಿ ಎಂದರೆ ಶಕ್ತಿ,neutral,kn
"ಇಷ್ಟೆಲ್ಲ ನಿಜವಾಗಿದ್ದರೂ ದೇವಾನುದೇವತೆಗಳ ಹುಟ್ಟು, ಮಕ್ಕಳ ಕಾಲಕ್ಷೇಪ ಇತ್ಯಾದಿ ಕಥೆಗಳೇ ಇಲ್ಲದಿರುವುದಕ್ಕೆ ಕಾರಣವೇನು?",happy,kn
ನಾನಾ ಈಗ ಚೆನ್ನಾಗಿದೆ ಎಂದುಕೊಳ್ಳೋಣ.. ಸ್ವಲ್ಪ ಚೆಕ್ ಮಾಡೋಣ,neutral,kn
"ಜೈದೀಪ್ ಠಾಕ್ರೆ ಇದ್ದಾರೆ, ಜೈದೀಪ್ ಜೊತೆಗೆ ಅವರ ಚಿಕ್ಕಪ್ಪ ಉದ್ಧವ್ ಜಿ ಠಾಕ್ರೆ ಕೂಡ ಇದ್ದಾರೆ.",neutral,kn
ಯೌವನದ ಭೂಷಣವಾದ 'ಟ್ಯಾಟೂ'; ವರ್ಣಮಯ... ./ ?,neutral,kn
ಈಗ ಮಾನಸಪುತ್ರನನ್ನು ಇಲ್ಲಿಗೆ ಏಕೆ ತರುತ್ತೀರಿ?,angry,kn
ಸ್ಲಟ್ ಬಾನಾಬಾಯಿ ಬಾಗಿ ಬಾಗುತ್ತಾಳೆ ... ಮಲಗುತ್ತಾಳೆ ಆದರೆ ...,angry,kn
ಈ ಚಿತ್ರ ಯಾವಾಗ ನಿಜವಾಗುತ್ತದೆ... ಮತ್ತು ಹೇಗೆ...ಒಂದು ಅಂದಾಜು...ನೋಡೋಣ...,happy,kn
"ಅವರು ಅದನ್ನು ಏಕೆ ಧರಿಸುತ್ತಾರೆ, ಅದು ಅವರಿಗೆ ಮಾತ್ರ ಪ್ರಯೋಜನವನ್ನು ನೀಡುತ್ತದೆ",angry,kn
"ಸರ್ ಅವರಿಗೂ ಕೆಲವು ಸಂಬಂಧಿಕರಿದ್ದಾರೆ, ಏಕೆ?",angry,kn
ಮತ್ತು ಜೈಲು ಪ್ರಯಾಣ ಉಚಿತವಾಗಿರುತ್ತದೆ,angry,kn
ಸರ್ಕಾರಕ್ಕೆ ಅಧಿಕಾರ ಇದೆಯೇ?,neutral,kn
ಬ್ರಿಟಿಷರ ಅವಧಿಯನ್ನು ಹೊರತುಪಡಿಸಿ ಎಲ್ಲವನ್ನೂ ಬಳಸಲಾಗುತ್ತದೆ. ಇನ್ನೂ ಹಲವು ಸಂಗ್ರಹದಲ್ಲಿವೆ,neutral,kn
ಕಟುಕನ ಬಳಿಗೆ ಹೋಗು ಆದರೆ ಮನೆಯಲ್ಲಿ ಗಲಾಟೆ ಮಾಡಬೇಡ,neutral,kn
ಅವರು ಯಾರೆಂದು ನಿಮಗೆ ತಿಳಿದಿದೆಯೇ?,neutral,kn
",, ವಾಡೋ ಮೀ ಅನುಪಾತವು,,",neutral,kn
ಥೈರಾಯ್ಡ್ ಅನ್ನು ತಪ್ಪಿಸಲು ಈ ಕ್ರಮಗಳನ್ನು ಅಳವಡಿಸಿಕೊಳ್ಳಿ,neutral,kn
ಶಿಂಧೆ ಸಾಹೇಬರು ಜನಕಲ್ಯಾಣ ನಿರ್ಧಾರ ಕೈಗೊಂಡಿದ್ದಾರೆ,happy,kn
ಇದು ಯಾವ ರೀತಿಯ ಸೌಕರ್ಯ?,angry,kn
ಅಂಬಾದಾಸ್ ಮೂರು ದಿನಗಳಿಂದ ಜಲೀಲ್ ಅವರ ಕಾಲುಗಳನ್ನು ಹಿಡಿದುಕೊಂಡು ಕುಳಿತಿದ್ದಾರೆ.,sad,kn
"ಕಿಟಕಿಯಿಂದ ಇಣುಕಿದ ನಂತರ ಅವನು ಸ್ವಲ್ಪ ಜಾಗರೂಕನಾದನು, ಅವನ ಮನಸ್ಸಿನ ಬಾಗಿಲಲ್ಲಿ ಬಿರುಗಾಳಿಗಳು ಘರ್ಜಿಸುತ್ತಿದ್ದವು.",fear,kn
ಎಲ್ಲಾ ನಾಲ್ಕು ಸ್ಥಾಪಿತ ಪಕ್ಷಗಳು ಈ ಮೇಡಮ್‌ಗೆ ಕಾರಣವಾಗಿವೆ,angry,kn
ನನಗೂ.. ಗೋಕರ್ಣದ ಮಹಾಗಣಪತಿ ಅಲ್ಲಿಂದ ತುಂಬಾ ಹತ್ತಿರ..,happy,kn
ಇದು ನನಗಾಗಿ ಎಂದು ನಾನು ಭಾವಿಸಿದೆ,happy,kn
ಮತ್ತು ಪ್ರೀತಿ ಮಾಡಬೇಕೋ ಮಾಡಬಾರದೋ ಏನೋ...!,neutral,kn
ಆದರೆ ಇಷ್ಟು ಮಳೆ ಸುರಿದಾಗ ಯಾವ ಕ್ರಮ ಕೈಗೊಳ್ಳಬೇಕು ಎಂಬುದನ್ನು ನಗರಸಭೆ ನಿರ್ಧರಿಸಬೇಕಿದೆ.,neutral,kn
ಈಗ ನಿಮಗೆ ಎಲ್ಲವೂ ಬೇಕಾಗುತ್ತದೆ.,neutral,kn
ನಾನೇ ಈ ವೀಡಿಯೋ ನೋಡುತ್ತಿದ್ದೆ ಮತ್ತು ಸುಮ್ಮನೆ ಕೇಳುತ್ತಿದ್ದೆ.,neutral,kn
"ಸಮುದ್ರಕ್ಕೆ ನುಗ್ಗಿದ ಹೆಂಡತಿಯಿಂದ ಧ್ವನಿ ಸಂದೇಶ ಬಂದಿತು; ""ರವಿ ಜೊತೆ ನಾನು ಖುಷಿಯಾಗಿದ್ದೇನೆ""...",sad,kn
ಅವರು ಇನ್ನೂ ಉಪಚುನಾವಣೆಗೆ ಹೋಗಿಲ್ಲವೇ?,neutral,kn
ದೇವರ ಶಿಸಾಮ ಅವರದೇ?,neutral,kn
ಚುನಾವಣೆಗಳು ಯಾವುವು?,neutral,kn
"ಅಧಿಕೃತ ಮರುಮಾರಾಟಗಾರ ಈಗ ಸರ್ಕ್ಯುಲರ್ ರಸ್ತೆ ಸಾಂಗ್ವಾನ್ ಚೌಕ್, ದಬ್ವಾಲಿ ರಸ್ತೆಯಲ್ಲಿ ತೆರೆಯಲಾಗಿದೆ",neutral,kn
ರಾಜ್ಯ ಗೃಹ ಸಚಿವರು ಹಾಗೂ ಕೇಂದ್ರ ಗೃಹ ಸಚಿವರು ರಾಜೀನಾಮೆ ನೀಡಬೇಕು.,angry,kn
ಅಜ್ಜ ಸ್ವತಂತ್ರರಾಗಿದ್ದರು,neutral,kn
ಇದನ್ನು ಅವರು ನಮಗೆ ನೀಡುವುದಿಲ್ಲ.,angry,kn
"ಹನುಮಂತನು ಚಾಲೀಸಾವನ್ನು ವಿರೋಧಿಸುತ್ತಿದ್ದರಿಂದ, ಭಗವಾನ್ ರಾಮನು ಅಂತಿಮವಾಗಿ ಬಿಲ್ಲು ಮತ್ತು ಬಾಣಗಳನ್ನು ತೆಗೆದುಕೊಂಡನು.",angry,kn
ನಿಜವಾಗಿ ಒಬ್ಬನು ತನ್ನ ಮನಸ್ಸನ್ನು ರಕ್ಷಿಸಿಕೊಳ್ಳಲು ಶಕ್ತರಾಗಿರಬೇಕು...ಯಾವಾಗಲೂ ಇತರರ ಮೇಲೆ ಹೇಗೆ ಅವಲಂಬಿತರಾಗಬಹುದು..!,sad,kn
ಕಾಂಗ್ರೆಸ್ ನಾಯಕ. ರಾಹುಲ್ ಗಾಂಧಿಯವರ ಭಾರತ ಭೇಟಿಯ ಇಂದಿನ ನೋಟ.,neutral,kn
ಟಾರ್ಚ್ ಕೂಡ ಹೋಗಿದೆ...,sad,kn
ತೈ ಅವರ ಇಂದಿನ ಟ್ವೀಟ್ ಸಹೋದರ ಮತ್ತು ಅಜ್ಜನಿಗೆ ಸಮರ್ಪಿಸಲಾಗಿದೆ.,neutral,kn
ಇದು ಎಂಎನ್‌ಎಸ್‌ನ ಬಿಜೆಪಿ ಶಾಸಕರ ಶರಣಾಗತಿ.,angry,kn
ಹೌದು ಪುಣೆ ಜಿಲ್ಲೆ ಎಲ್ಲಿಂದ ಬಂತು ಅಂತ ನನಗೆ ಗೊತ್ತು,neutral,kn
ಮಳೆ ಮತ್ತು ಉಕ್ಕಿ ಹರಿಯುವ ನೀರಿನ ಮೇಲೆ ಕ್ರಮ ಕೈಗೊಳ್ಳುವ ಹಕ್ಕು ನಗರಸಭೆಗೆ ಇದೆಯೇ?,neutral,kn
"ದಾದಾ, ಶಿವರಾಯ್ ಮತ್ತು ಬಾಜಿ ಪ್ರಭು ನಡುವೆ ಜಗಳವಾಗಿದೆಯೇ? ಇತಿಹಾಸದಲ್ಲಿ ಇದರ ಉಲ್ಲೇಖವಿದೆಯೇ?",neutral,kn
ಬಾಳಾ ಸಾಹೇಬರು ಇದ್ದಿದ್ದರೆ ಈ ಚಿತ್ರವನ್ನು ನೋಡಲಾಗುತ್ತಿರಲಿಲ್ಲ.,sad,kn
ಮತ್ತು ಸೃಷ್ಟಿಯನ್ನು ಸಹ ಪ್ರೋತ್ಸಾಹಿಸಲಾಗುತ್ತದೆ.,neutral,kn
ಅತುಲ್ ಪಾಟೀಲ್,neutral,kn
ಪ್ರೀತಿಯಿಂದ ಕರೆದರೆ ಅವಮಾನ ಎಲ್ಲಿಂದ ಬಂತು??,angry,kn
ಸೆಪ್ಟೆಂಬರ್‌ನಲ್ಲಿ ನಡೆಯಲಿರುವ ಮಹಾರಾಷ್ಟ್ರದ ಅಧಿಕಾರದ ಹೋರಾಟದ ವಿಚಾರಣೆ: ಸಂವಿಧಾನ ಪೀಠ ಯಾವ ನಿರ್ಧಾರ ತೆಗೆದುಕೊಳ್ಳುತ್ತದೆ? –,neutral,kn
ಶಾಲಾ ಶಿಕ್ಷಣ ಸಚಿವರು ತಮ್ಮ ಇಲಾಖೆಯ ಮೂಲಕ ಶೈಕ್ಷಣಿಕ ಕ್ರಾಂತಿಯನ್ನು ತರಲು ದೊಡ್ಡ ಸವಾಲನ್ನು ಎದುರಿಸುತ್ತಿದ್ದಾರೆ...,neutral,kn
ಸಾರ್ವಜನಿಕರ ಸ್ಪಷ್ಟ ಮತ ಬಿಜೆಪಿ.,happy,kn
ಈ ಹರಡುವ ಪ್ರೀತಿಯನ್ನು ನೋಡಿ..,happy,kn
ಅವರು ಎಂದಾದರೂ ಉಳಿಯುತ್ತಾರೆಯೇ?,neutral,kn
ಆದ್ದರಿಂದ ಸ್ಪಷ್ಟವಾಗಿ ಮಾತನಾಡಿ ಮತ್ತು ಜನರು ಬೇರೆ ಯಾವುದೇ ಅರ್ಥ ಅಥವಾ ಕಲ್ಪನೆಯನ್ನು ಊಹಿಸಬಾರದು.,neutral,kn
ಮತ್ತು ಈ ಔಷಧಿಗಳು ಯಾರೊಬ್ಬರ ಬಂದರಿನಲ್ಲಿ ಇಳಿಯುತ್ತವೆ,angry,kn
ಕೊನೆಯ ವಾಕ್ಯ - ಈ ಸಮಯದಲ್ಲಿ ಬಿಳಿಯರನ್ನು ಮಾತ್ರ ನೆಕ್ಕಲಾಗುತ್ತದೆ ಎಂದು ನೀವು ಹೇಳಲು ಬಯಸುವಿರಾ?,angry,kn
ಬಾಳಾ ಸಾಹೇಬರು ಒಬ್ಬರು ಮತ್ತು ಅವರು ಒಬ್ಬ ಠಾಕ್ರೆ,happy,kn
"...ಆದ್ದರಿಂದ ಟಾರ್ಚ್ ಚುನಾವಣಾ ಚಿಹ್ನೆಯ ಮೇಲೆ ಚುನಾವಣೆ ನಡೆಯಿತು, ಛಗನ್ ಭುಜಬಲ್ ಚಿಹ್ನೆಗಳ 'ಆ' ಕಥೆಯನ್ನು ಹೇಳಿದರು!",neutral,kn
ರಾವತಿಯ ಕಾಲದಲ್ಲಿ ನಿನ್ನ ಈ ಹಕ್ಕು ಎಲ್ಲಿ ಹೋಯಿತು?,angry,kn
"ಬಾಸ್, ಸರ್ಕಾರವನ್ನು ಹೊಗಳುತ್ತಲೇ ಇರಿ.",neutral,kn
ರೋಹಿತ್ ಮತ್ತು ವಿರಾಟ್ ನಡುವೆ ಇನ್ನೂ ಭಿನ್ನಾಭಿಪ್ರಾಯಗಳಿವೆಯೇ? ಎಲ್ಲಾ ಪ್ರಶ್ನೆಗಳಿಗೆ ಉತ್ತರಗಳನ್ನು ಪಡೆಯಲು ಈ ವೀಡಿಯೊವನ್ನು ವೀಕ್ಷಿಸಿ,neutral,kn
ಹೇಗಿದ್ದೀಯಾ? ಅವರು ಮನೆಯಿಂದ ಹೊರಡುವಾಗ ಈ ಸುದ್ದಿ ಬಂದಿದೆ.,sad,kn
ನಗಬೇಡ.. ನಾನು ನಕ್ಕು ನಕ್ಕಿದ್ದೆ... ಇಲ್ಲಿಯವರೆಗೆ,happy,kn
ಇವರು ನಮ್ಮ ಕೊಂಕಣದ ಅಧಿಕಾರಿಗಳಾ..?,neutral,kn
ಇಲ್ಲಿಂದ ಬಂದಿದ್ದಾನೋ ನೋಡಿ.,neutral,kn
ಅಲ್ಲಿಯವರೆಗೆ ನೀರಿಲ್ಲದೆ ಇರಬೇಕಾ...,sad,kn
ವಿವರಣೆಯು ಅಸ್ಪಷ್ಟ ಮತ್ತು ಅಸ್ಪಷ್ಟವಾಗಿದೆ.,neutral,kn
ಇಷ್ಟೆಲ್ಲಾ ಆದ ನಂತರವೂ ಶಿವಸೇನೆಯ ಚುನಾವಣಾ ಚಿಹ್ನೆಯನ್ನು ಫ್ರೀಜ್ ಮಾಡಿ ತಮ್ಮ ಗೆಲುವನ್ನು ಘೋಷಣೆ ಮಾಡುತ್ತಿರುವುದು ಯಾಕೆ...???,angry,kn
ಸಿಪಿ ಜೋಶಿ ಅವರು ರಾಜಸ್ಥಾನದ ಮುಖ್ಯಮಂತ್ರಿಯಾಗಲಿದ್ದಾರೆ ಎಂದು ಬರೆಯಿರಿ.,neutral,kn
ಅದಕ್ಕಾಗಿಯೇ ನಾನು ಒಳಗೆ ಹೋಗುವುದಿಲ್ಲ,neutral,kn
ನಿನಗೆ ಕೇಸ್ ಸಿಗಲಿಲ್ಲವಾ... ನೀನು ಉಫ್ ಎಂಬ ಲಾಯರ್,angry,kn
ಮೆಹಬೂಬಾ ಮುಫ್ತಿ ನಿಮ್ಮ ಸಹೋದರಿಯೇ?,angry,kn
ಇಂದು ಸರಸ್ವತಿ ಮಾತೆಯ ಹೇಳಿಕೆಯನ್ನು ಅರಿತುಕೊಳ್ಳಲು ತಂದೆ ಛಗನ್ ಭುಜಬಲ್ ಮನವಿ...ಜೈ ಶ್ರೀ ರಾಮ್!!,happy,kn
ಇದು ಕೆಲಸ ಮಾಡಿದೆಯೋ ಇಲ್ಲವೋ?,neutral,kn
"ಅಲ್ಲಿಂದ ತರುವಾಗ ಏನೂ ತೋಚಲಿಲ್ಲ, ಹೆಸರಿಡುವಾಗ ಯಾಕೆ ಕೇಳುತ್ತೀರಿ?",angry,kn
ನಿಮಗೆ ಗೊತ್ತಿಲ್ಲವೇ?,neutral,kn
ಸ್ವರಾಜ್ಯ ಸಂಘವನ್ನು ವಿದರ್ಭದಲ್ಲಿಯೂ ಪ್ರಚಾರ ಮಾಡಬೇಕು ಎಂದು ವಿನಂತಿಸಲಾಗಿದೆ.,neutral,kn
"""ಹಿಂದಿನದನ್ನು ಬದಲಾಯಿಸಲು ಅಥವಾ ಭವಿಷ್ಯವನ್ನು ಧನಾತ್ಮಕವಾಗಿ ಪ್ರಭಾವಿಸಲು ನಾನು ಇದೀಗ ಏನಾದರೂ ಮಾಡಬಹುದೇ?""",neutral,kn
ಗ್ರಾಮೀಣ ವಿದ್ಯಾರ್ಥಿಗಳಿಗೆ ಕೆಂಪು ಬಸ್ ಸೌಲಭ್ಯ ಒದಗಿಸಿ./?=...,neutral,kn
ಶಿಂಧೆಯಿಂದ ಎಲ್ಲವನ್ನೂ ಕಿತ್ತುಕೊಂಡ ಈ ನಾಯಕ..! ಮಹಾರಾಷ್ಟ್ರದಲ್ಲಿ ಈ ಭಾಷಣದ ಚರ್ಚೆ! ...,happy,kn
ಇಂದು ಮಧ್ಯಾಹ್ನ 2.30ರೊಳಗೆ ರಿತುಜಾ ಲಟ್ಕೆ ರಾಜೀನಾಮೆ ಕುರಿತು ನಿರ್ಧಾರ ಕೈಗೊಳ್ಳುವಂತೆ ಕೋರ್ಟ್ ಸೂಚನೆ ನೀಡಿದೆ,neutral,kn
ಇದು ಯಾವ ರೀತಿಯ ಪದ?,happy,kn
ಮಾನ್... ಅವರ ಆದೇಶದ ಮೇರೆಗೆ ಪತ್ರ ಬರೆಯಲಾಗಿದೆ... ಮಾನ್ ಕಸಲಾ... ಈಗ ಆಟ ಮುಗಿದಿದೆ,angry,kn
ಹಾಗಾದ್ರೆ ವಾಗ್ಲೆ ಒಬ್ಬ ಪತ್ರಕರ್ತ ಅಂತಾರೆ????,happy,kn
"ಕೌಶಲ್ ಇನಾಮದಾರ್, ಮೋಹಿತ್ ಕುಂಭೋಜ್, ಸದಾನಂದ್, ರಾಷ್ಟ್ರಭಕ್ತ ಕಾಕಾ ಮುಂತಾದವರ ನಂತರ ಅವರು ಪ್ರಸಿದ್ಧರಾದರು.",angry,kn
ಇದು ಮರಾಠಿ ರಾಜ್ಯದಲ್ಲಿ ಮುನ್ಸಿಪಲ್ ಕಾರ್ಪೊರೇಶನ್ ಆಗಿದೆಯೇ?,neutral,kn
ಇದು ಗುರ್ಗ್ಯಾದಲ್ಲಿ ನಿಜವಾಗಿದೆ ಎಂದು ಚಂದ್ರಕಾಂತ ಖೈರೆ ಹೇಳಿದರು,neutral,kn
ಇದು ಕೆಟ್ಟದಾಗಬೇಕಿತ್ತು.. ಇದು ಹೇಗೆ ಸಾಮಾನ್ಯವಾಯಿತು..,happy,kn
ಇದು ಭವಿಷ್ಯದಲ್ಲಿ ಬಿಜೆಪಿಯ ಸ್ಥಿತಿ,sad,kn
ಈ ಎಣ್ಣೆಯನ್ನು ಯಾವುದೇ ರೀತಿಯ ವ್ಯಕ್ತಿ ಅಥವಾ ಎಲ್ಲರೂ ಸೇವಿಸಬಾರದು,neutral,kn
ಆಶಾ ಪರೇಖ್ ಯಾಕೆ ಮದುವೆಯಾಗಲಿಲ್ಲ?; ಏಕೆಂದರೆ ನಿಮಗೆ ಆಶ್ಚರ್ಯವಾಗುತ್ತದೆ!,happy,kn
ಗೆಲುವು ನಿಮ್ಮದಾಗುತ್ತದೆ,happy,kn
ಮರಾಠಿ ಅಭ್ಯರ್ಥಿಯಾಗಿದ್ದರೆ ಅವರು ವಹಿಸಿದ ಮತದಾನದ ಪಾತ್ರದ ಕಾರಣದಿಂದ ಇಂತಹ ನಿರ್ಧಾರ ತೆಗೆದುಕೊಳ್ಳಲಾಗುತ್ತದೆ.,neutral,kn
ಯಮುನಾ ನದಿಗೆ ಹೋಗೋಣ.,neutral,kn
ಮದುವೆಯಾಗಲು. ಲಾನಿಯನ್ನು ಲಗಾ ಕಾ ಎಂದು ಕರೆಯಲಾಗುತ್ತದೆ,neutral,kn
:ಇದು ಅತ್ಯುತ್ತಮ ಮತ್ತು ಅಪಾಯಕಾರಿ ಆರಂಭಿಕ ಜೋಡಿ ಎಂದು ಹೇಳಲಾಗುತ್ತಿದೆ!,happy,kn
ಅವರ ವಿರುದ್ಧ ಏನು ಕ್ರಮ ಕೈಗೊಳ್ಳುತ್ತಾರೆ ??,angry,kn
ಅಣೆಕಟ್ಟಿನಲ್ಲಿ ನೀರಿಲ್ಲದಿದ್ದರೆ ಬಹುಶಃ ಅಜಿತ್ ಪವಾರ್ ಈ ರೀತಿ ಹೇಳಿರಬಹುದು,neutral,kn
"ಸಹಜವಾಗಿ, ಆದರೆ ಆ ಹೆಸರಿನ ಎಲ್ಲಾ ಯೋಜನೆಗಳಿಗೆ ನೀವು ನಿಮ್ಮ ಸ್ವಂತ ಜೇಬಿನಿಂದ ಪಾವತಿಸಬೇಕಾಗುತ್ತದೆ",angry,kn
ಇದು ಅವರ ತಪ್ಪಲ್ಲ ಬೇರೆಯವರ ತಪ್ಪು.,neutral,kn
"ಎಲ್ಲರೂ ಠಾಕ್ರೆಗಳು, ಆದರೆ ಬಾಳಾ ಸಾಹೇಬರು ಮಾತ್ರ.",happy,kn
ಬೇಕು,neutral,kn
ಎಲ್ಲವೂ ನಿಜ ಆದರೆ ನಿಮಗೆ ಇಲ್ಲಿ ದೀಪಾವಳಿ ರಜೆ ಇದೆಯೇ?,neutral,kn
ಅದು ಲಾಡೋ ಅವನದ್ದೇ?,neutral,kn
"ಓ ನನ್ನ ಪ್ರೀತಿಯ, ಬದುಕಿ, ಬಸವನ ತಿಂದು ಸಹಾರಾದ ಆನೆಗಳಂತೆ ಮಲಗು",neutral,kn
ಕೆಲವು ಬದಲಾವಣೆಗಳೊಂದಿಗೆ ಇದು ನಿಮಗೆ ಅನ್ವಯಿಸುತ್ತದೆ,neutral,kn
ಯಾವುದೇ ನಿರುದ್ಯೋಗಿಗಳಿಗೆ ಹಣದ ಮೌಲ್ಯ ಏನು ಎಂದು ಕೇಳಿ.,neutral,kn
ಮತ್ತು ಈ ಚೀನೀ ಬೆಳಕು ...,neutral,kn
ರಾಜಸ್ಥಾನದ ಮಾಹಿತಿ ನಿಜವೇ?,neutral,kn
ಕಲಾವಿದನ ಪ್ರತಿಯೊಂದು ಕಲಾಕೃತಿಯು ಅವನ ಅಥವಾ ಅವಳ ಹೆಸರನ್ನು ಅದರೊಂದಿಗೆ ಸಂಯೋಜಿಸಬೇಕು.____,neutral,kn
ಇನ್ನೆರಡು ದಿನ ಅವರು ಹೋಗುವುದಿಲ್ಲ,neutral,kn
ನಿಮ್ಮ ತಂದೆ ಯಾರೆಂದು ನೀವು ಕಂಡುಹಿಡಿಯಬೇಕು,neutral,kn
ರಾಜಕೀಯ ವ್ಯವಸ್ಥೆ ಬದಲಾಗುತ್ತೆ ಅಂತ ನಂಬಿ... ಪುಣೆಯಿಂದ ಶುರುವಾಗುತ್ತೆ.,neutral,kn
ಏಕೆ ವಸಂತ?,neutral,kn
ನಾನು ಮೊದಲು ಅವರ ಹಳ್ಳಿಗೆ ಹೋಗುತ್ತೇನೆ,neutral,kn
ನಾನು ಇದನ್ನು ಅವಮಾನಿಸಲು ಬರೆದಿಲ್ಲ,neutral,kn
ಅಜ್ಜ ಶಿರಡಿಯಲ್ಲಿರುವ ಸಾಯಿಬಾಬಾರವರ ಕಾಣಿಕೆ ಪೆಟ್ಟಿಗೆಯ ಉದ್ದ ಅಗಲವನ್ನು ಹೋಗಿ ನೋಡು ಎಂದರು.,neutral,kn
"ತೈ, ​​ಉತ್ತರಿಸಬೇಡ,' ಎಂದು ತೋರುತ್ತದೆ ... ಅಂತಿಮವಾಗಿ ... ಭಕ್ತಾಯೈ ನಮಃ ಮಾತ್ರ ಮಾಡುತ್ತದೆ.",neutral,kn
"ನಿಮ್ಮ ಕರ್ತವ್ಯವನ್ನು ನಿರ್ವಹಿಸಿ, ನಿಮ್ಮ ಮಗುವಿಗೆ ಲಸಿಕೆ ಹಾಕಿ. ಕಾಯಬೇಡ! ಕಾಮೆಂಟರಿ ಸರಿಯಾಗಿದೆ.",neutral,kn
ಓಹ್! ಏನು,happy,kn
ಇಂದು ಶಾಂತತಾಯಿ ಅವರ ಜನ್ಮಶತಮಾನೋತ್ಸವ.,neutral,kn
ಪುಣೆಯ ಜನಸಂಖ್ಯೆಯು ಲಕ್ಷಗಳಲ್ಲಿದೆ ಮತ್ತು ಕಿಕ್ಕಿರಿದು ತುಂಬಿದೆ,neutral,kn
ಇಂದು ನಮ್ಮ ಆಲೋಚನೆಗಳು ಮತ್ತು ಇಂದಿನ ನಮ್ಮ ಕ್ರಿಯೆಗಳು ನಾಳೆ ನಮ್ಮ ಭವಿಷ್ಯ..!,neutral,kn
ಗ್ರಹ ಮಂತ್ರಿ ಇದ್ದಾನಾ?,neutral,kn
ಒಳ್ಳೆ ತಿಂಡಿ ತಿನ್ನೋಣ.. ಮಟ್ಕಾ ಕುಲ್ಫಿ ಕೂಡ ತಿನ್ನೋಣ,happy,kn
ರಾಜಕೀಯ ನಾಯಕರಂತೆ ಸರ್ಕಾರಿ ಅಧಿಕಾರಿಗಳು ಮತ್ತು ನೌಕರರನ್ನೂ ತನಿಖೆಗೆ ಒಳಪಡಿಸಬೇಕೇ?,angry,kn
ಇದೊಂದೇ ಪರಿಹಾರ,neutral,kn
ಮನೆಯವರು ನಿಮ್ಮನ್ನು ನೋಡಿದ್ದಾರೆಯೇ?,neutral,kn
ನಿಮ್ಮ ಪ್ರಕಾರ ಸಾಲ ಮಾಡ್ತೀರಾ?,neutral,kn
ಅವರು ಮದ್ಯಪಾನ ಮಾಡುವುದಿಲ್ಲ ಎಂದು ಲೇಖಕರು ಹೇಳುತ್ತಾರೆ,neutral,kn
"ಒಬ್ಬ ವ್ಯಕ್ತಿಯನ್ನು ಬುದ್ಧಿವಂತನನ್ನಾಗಿ ಮಾಡುವ ಎರಡು ವಿಷಯಗಳಿವೆ, ಒಂದು ಅವನು ಓದುವ ಪುಸ್ತಕಗಳು ಮತ್ತು ಇನ್ನೊಂದು ಅವನು ಭೇಟಿಯಾಗುವ ವ್ಯಕ್ತಿಗಳು...",neutral,kn
ನಮ್ಮೊಳಗಿನ ಭಯವೇ ದೇವರನ್ನು ಹುಟ್ಟು ಹಾಕುತ್ತದೆ.,neutral,kn
ನನ್ನ ಜ್ಞಾನದ ಪ್ರಕಾರ ವಲ್ಕನ್ ಪದವು ಕೊಲ್ಲಾಪುರ ಪ್ರದೇಶದಲ್ಲಿ ಹೆಚ್ಚು ಪ್ರಚಲಿತವಾಗಿದೆ.,neutral,kn
ಈ ದಿನಾಂಕದಂದು ಶಿಂಧೆ ಬಣಕ್ಕೆ ಮತ್ತೊಂದು ಹೊಡೆತ ಬೀಳಲಿದೆಯೇ?,neutral,kn
ಇಂದು ಶುಭಂಕರೋಟಿಯಲ್ಲಿ ಭಾಗವಹಿಸಬಹುದೇ ಎಂದು ಕೇಳಿದರು,neutral,kn
"ಶುಭ ರಾತ್ರಿ, ಹಿಂದೂಗಳೇ. ಗೋಸೇವೆಯೇ ಶ್ರೇಷ್ಠ ಸೇವೆ",happy,kn
ಬಾರಾಮತಿ ಈರುಳ್ಳಿಯ ವಾಸನೆಯ ಬಗ್ಗೆ ನಿಮ್ಮ ಅಭಿಪ್ರಾಯವೇನು?,neutral,kn
ಮತ್ತೊಬ್ಬ ಶಾಶ್ವತ ಭವಿಷ್ಯದ ಪ್ರಧಾನಿ...,angry,kn
ಅದು ಇರಬಹುದು ... ಅದು ಅಲ್ಲ ...,neutral,kn
"ಸ್ಪರ್ಶವು ಇನ್ನೊಬ್ಬರ ಸಹವಾಸವನ್ನು ಆನಂದಿಸುವ ಒಂದು ಮಾರ್ಗವಾಗಿದೆ, ಕಾಮವಲ್ಲ.",neutral,kn
PFI ಸಂಘಟನೆಗೆ ಅರಬ್ ದೇಶಗಳಿಂದ ಹಣ ಸಿಗುತ್ತಿದೆಯೇ? ಚರ್ಚೆಯಲ್ಲಿ ಕಿರಿತ್ ಸೋಮಯ್ಯ ಹೇಳಿಕೆ,neutral,kn
ರಿತುಜಾ ಲಟ್ಕೆಯನ್ನು ಶಿಂಧೆ ಗುಂಪಿಗೆ ಕರೆತರುವ ಯತ್ನ? ಉದಯ್ ಸಮಂತ್ ಸ್ಪಷ್ಟವಾಗಿ ಹೇಳಿದರು; ಅಂಧೇರಿ ಉಪಚುನಾವಣೆಯಲ್ಲಿ...,neutral,kn
ಸಹಕಾರಿ ಸಕ್ಕರೆ ಕಾರ್ಖಾನೆಗಳ ಸಂಸ್ಕರಣಾ ಸಾಮರ್ಥ್ಯ ಹೆಚ್ಚಿಸಲು ಈ ನಿರ್ಧಾರ ಕೈಗೊಳ್ಳಲಾಗಿದೆ.,neutral,kn
ಬಾಳಾ ಸಾಹೇಬರ ಸೋದರಮಾವನ ಬಳಿ ಸೈನ್ಯವಿದೆ,neutral,kn
ದುಲೀಪ್ ಟ್ರೋಫಿಯ ಫೈನಲ್ ಪಂದ್ಯದಲ್ಲಿ ಈ ಘಟನೆ ನಡೆದಿದೆ.,neutral,kn
ಅವನು ತನ್ನ ಸ್ಥಾನಮಾನಕ್ಕೆ ತಕ್ಕಂತೆ ಮಾತನಾಡುತ್ತಾನೆ,angry,kn
ನೀವು ದಶಾವತಾರಿಯಲ್ಲಿ ಕೆಲಸ ಮಾಡಲು ಬಯಸುವಿರಾ?,neutral,kn
ಏಕನಾಥ್ ಶಿಂಧೆ ಫೋಟೋ ಎಲ್ಲಿದೆ?,neutral,kn
"ಒಂಟಿತನ ಮತ್ತೆ ಬರುತ್ತದೆ, ದುಃಖ ಮತ್ತು ಒಂಟಿತನ ...",sad,kn
ನನಗೆ ಸಮಯವಿಲ್ಲ,neutral,kn
ಪೆರಿಯಾರ್ ಬರೆದ ಏನನ್ನಾದರೂ ಸಾಮಾಜಿಕ ಮಟ್ಟದಲ್ಲಿ ಪ್ರತಿದಿನ ಓದಬೇಕು.,happy,kn
ಜನರ ಬೆಂಬಲವಿರುವುದು ಗೌರವ; ಕಾಂಗ್ರೆಸ್ ಅಧ್ಯಕ್ಷ ಸ್ಥಾನದ ಫಲಿತಾಂಶದ ಬಗ್ಗೆ ಶಶಿ ತರೂರ್ ಪ್ರತಿಕ್ರಿಯೆ,happy,kn
ರೋಸರಿ ಮಣಿಗಳನ್ನು ಧರಿಸಬೇಕು ಎಂಬುದು ಸ್ಪಷ್ಟವಾಗಿದೆ,neutral,kn
ಆಗ ಕೇಳುವವನು ಕೇಳುವವನಲ್ಲ ಅಂಕಲ್...,neutral,kn
"ಈ ದೀಪಾವಳಿ ಹಬ್ಬದಂದು ನೀವೆಲ್ಲರೂ ಪ್ರವಾಸಕ್ಕೆ ಹೋಗಬೇಕೆಂದು ಬಯಸುತ್ತೀರಿ, ನಾನು ನನ್ನ ಸ್ನೇಹಿತರೊಂದಿಗೆ ಹರಿದ್ವಾರಕ್ಕೆ ಹೋಗುತ್ತಿದ್ದೇನೆ.",happy,kn
ಇವರೇ ನಿಜವಾದ ಶಿವಸೈನಿಕರು ಶೇ.,angry,kn
ಅಂತಹ ಆಹಾರವನ್ನು ಗೌರವದಿಂದ ಮತ್ತು ಗೌರವದಿಂದ ತಿನ್ನಬೇಕು...!!,happy,kn
ದೀಪಾವಳಿಗೆ ನೀವು ವಾಲೆಟ್ ಪಡೆದಿದ್ದೀರಾ?,happy,kn
ದೀಪಾವಳಿ ಸರ್ ಹೀಗೆ ಮಾಡಬಹುದಾ?,neutral,kn
ಹಾಗಾದರೆ ಅವರು ನಿಜವಾಗಿಯೂ ಯಾರ ಸ್ನೇಹಿತರು?,neutral,kn
ಚಿಕನ್ ಲೆಗ್ ಪೀಸ್ ಖ್ಯಾತಿಯ ಉಲ್ಲಾಸ್ ಕಾಮತೆ ಹಳೆ ಫ್ಯಾಶನ್ನಾ?,happy,kn
ಶೂರ್ಪನಖಾ ಎಲ್ಲೆಲ್ಲೂ ಮತ್ತೆ ಮತ್ತೆ ಕಾಣಿಸುತ್ತಾಳೆ...ಆದರೆ ಯಾವ ಲಕ್ಷ್ಮಣನೂ ಧೈರ್ಯ ಮಾಡುವುದಿಲ್ಲ.,angry,kn
ಯಾವುದೇ ಮಾರ್ಗವಿಲ್ಲ. ಆದರೆ ಅವುಗಳನ್ನು ಮುಚ್ಚಲು ಯಾವುದೇ ಕಾನೂನು ಮಾರ್ಗಗಳಿವೆಯೇ? ಯಾರು ಕಾನೂನು ಸಲಹೆ ನೀಡುತ್ತಾರೆ?,neutral,kn
ಮೊದಲು ಪೆಟ್ರೋಲ್ ದರದ ಹೇಳಿಕೆ ಮತ್ತು ಈಗ ಮಳೆಯ ಬಗ್ಗೆ ಈ ಹೇಳಿಕೆ! ಅಂದರೆ ಅದೇ ಶಕ್ತಿ!,angry,kn
ಇದು ಹೇಗೆ ನಡೆಯುತ್ತಿದೆ ಎಂದು ಅಕ್ಕಿ ಕಳ್ಳನನ್ನು ಕೇಳಿ.,angry,kn
"ಭಾಷೆ ಏನು, ಸಂಸ್ಕೃತಿ ಏನು, ಎಲ್ಲದರ ಗುಣಮಟ್ಟ ಏನು",angry,kn
ಮಾನಸಿಕ ಆರೋಗ್ಯಕ್ಕೆ ಆದ್ಯತೆ ನೀಡಬೇಕು: ಡಾ.ಅತುಲ್ ಕ್ಲೌಡ್ಸ್,neutral,kn
ಮನಮೋಹನ್ ಸಿಂಗ್ ಅವರ ಮೊದಲ ಪದವಿ.,neutral,kn
ನಮ್ಮ ರೈತರ ಹಕ್ಕುಗಳಿಗಾಗಿ ನಾವಿದ್ದೇವೆ,neutral,kn
ಅನಿಕೇತ್ ಶಾಸ್ತ್ರಿ ಈಗ ಠಾಕ್ರೆ ಸಮೂಹದ ಉಪಾಧ್ಯಕ್ಷರಾಗಲಿದ್ದಾರೆ.,neutral,kn
ಒಂದೇ ಕ್ಷೇತ್ರದಲ್ಲಿ ಹಲವು ಬಾರಿ ಚುನಾವಣೆ ನಡೆದರೆ ಏನು ಬದಲಾವಣೆ? ದಯವಿಟ್ಟು ಇದನ್ನು ನನಗೆ ತೋರಿಸಿ...,neutral,kn
ಇತ್ತೀಚಿನ ಮಳೆಯಿಂದಾಗಿ ಪುಣೆಯ ಟ್ಯಾಪ್ ಸ್ಟಾಪ್ ಪ್ರದೇಶವನ್ನು ರಿವರ್ ಸ್ಟಾಪ್ ಎಂದು ಮರುನಾಮಕರಣ ಮಾಡಲಾಗಿದೆ!!,happy,kn
"ಆದರೆ, ಬಾಪು ಸತ್ಯವನ್ನು ಬಳಸುತ್ತಿದ್ದಾರೆ ಎಂದು ಓದಿದ್ದೆ.",happy,kn
ಇನ್ನು ಪಂದ್ಯ ಕೈಯಲ್ಲಿರುವಾಗಲೇ ಸರಣಿ ಗೆದ್ದಿದೆ ಎಂದು ಹೇಳಲು ಬಯಸುವಿರಾ?,happy,kn
.......ಪಕ್ಷ ನಿಷ್ಠೆ ಎನ್ನುವುದು ವಿಶೇಷಣವಾಗಿ ಉಳಿಯುತ್ತದೆ,neutral,kn
ಈ ಹಿಂದಿನ ಉಪಚುನಾವಣೆಯಲ್ಲಿ ನಿಮ್ಮ ಸರ್ ಏಕೆ ಪತ್ರ ಕಳುಹಿಸಲಿಲ್ಲ?,angry,kn
ಪುಣೆ ಜಿಮ್‌ನಲ್ಲಿ ಬೋರ್ಡ್./_,neutral,kn
ಸಂಭಾಜಿ ನಗರ ಸಚಿವರಾಗಿದ್ದಾಗ ಅತಿವೃಷ್ಟಿಯಿಂದ ದೂರವಿಟ್ಟಿದ್ದು ಏಕೆ?,angry,kn
ನೀವು ಡಬ್ಬಿಂಗ್ ಸ್ಟುಡಿಯೋದಲ್ಲಿ ಇದ್ದೀರಾ??,neutral,kn
ಮೂರೂವರೆ ಜಿಲ್ಲೆಗಳು ನಾಲ್ಕಕ್ಕಿಂತ ಕಡಿಮೆ.,neutral,kn
"ನಾನು ಬಿಜೆಪಿ ಸೇರುವುದಿಲ್ಲ, ಎನ್‌ಸಿಪಿಯಲ್ಲೇ ಇರುತ್ತೇನೆ - ಏಕನಾಥ್ ಖಡ್ಸೆ",happy,kn
ಲೈ ಹಾಸ್ಲೋ ರಾವ್... ಮೊದಲು ಓದುವಾಗ ಇದನ್ನು ಗಮನಿಸಲಿಲ್ಲ,happy,kn
ದುರುಪಯೋಗಪಡಿಸಿಕೊಂಡ ತೆರಿಗೆ ಖಾತೆಯನ್ನು ಅಮಾನತುಗೊಳಿಸಲಾಗಿದೆ,fear,kn
ಮಲಗುವ ಮುನ್ನ ಹಾಲು ಕುಡಿಯುವುದು ಒಳ್ಳೆಯದೇ?,neutral,kn
ಇದು ರಾಜ್ ಠಾಕ್ರೆಯವರ ಭ್ರಮೆ,angry,kn
"ನೀವು ತಪ್ಪು ಎಂದು, ಮೆಂತ್ಯ ಇಲ್ಲ.",angry,kn
"ಸಾರ್, ನೀವು ಭಾಯಂದರ್‌ಗೆ ಬಂದು ಬಹಳ ದಿನಗಳು ಕಳೆದರೂ ಭೇಟಿಯಾಗಲು ಬಿಡಲಿಲ್ಲ...",sad,kn
ನಿಗದಿತ ದರಗಳೇನು ಎಂಬುದನ್ನು ಪ್ರಕಟಿಸುವ ನಿರೀಕ್ಷೆಯಿದೆ.,neutral,kn
ಕೇತಕಿ ಚಿತಾಳೆ ವಿರುದ್ಧ ಕೇಸು ದಾಖಲಿಸಿದವರು ಯಾರು?,neutral,kn
ಅನೇಕ ರಾಜಕಾರಣಿಗಳು ಪತ್ರಕರ್ತರಿಗೆ ಸಂದರ್ಶನ ನೀಡಲು ನಿರಾಕರಿಸುತ್ತಾರೆ ಎಂಬುದಂತೂ ಸತ್ಯ.,neutral,kn
"ನಿಹಾರ್ ಬಿಹಾರ ಬಿಜೆಪಿ ನಾಯಕರ ಅಳಿಯನಾಗಿದ್ದರೆ, ಅವರು ತಮ್ಮ ಅತ್ತಿಗೆಗೆ ಮಾತ್ರ ಒಲವು ತೋರುತ್ತಾರೆ.",angry,kn
ಆಟಗಾರರ ಕಠಿಣ ಪರಿಶ್ರಮ ಮತ್ತು ವಿಶೇಷ ಮಾರ್ಗದರ್ಶನಕ್ಕಾಗಿ ಈ ಪದಕವನ್ನು ನೀಡಲಾಗುತ್ತದೆ,neutral,kn
"ಮೊದಲ ಪ್ರೀತಿ ಮುಖ ನೋಡಿ, ಎರಡನೇ ಪ್ರೀತಿ ಪಾತ್ರ ನೋಡಿ.",neutral,kn
ಆದಿವಾಸಿ ಬಂಧುಗಳು ಉಪಸ್ಥಿತರಿದ್ದರು.,neutral,kn
ಹಾಗಾದರೆ ಚಿಕ್ಕಮ್ಮ ಕಾರ್ಡ್‌ಗಳನ್ನು ಆಡುತ್ತಾರೆಯೇ?,neutral,kn
"ತಾಯ್, ಫಂಗನ್ವಿಸ್ ನಿಮ್ಮನ್ನು ಮುಖ್ಯಮಂತ್ರಿ ಮಾಡುತ್ತಾರಾ?? ನೀವು ಏನು ಮಾತನಾಡುತ್ತಿದ್ದೀರಿ",angry,kn
"ಮಹಾಶಕ್ತಿಯ ಗುರಾಣಿಯ ಆಚೆ ಅಡಗಿರುವ ದೇಶದ್ರೋಹಿಗಳ ಕತ್ತಿಗಳು ತುಕ್ಕು ಹಿಡಿಯುತ್ತವೆ, ಆದರೆ ತಪ್ಪಿಸಿಕೊಳ್ಳಲು ಯಾವುದೇ ಮಾರ್ಗವಿಲ್ಲ.",angry,kn
"ಸಹೋದರ, ನಿಮಗಾಗಿ... ಈ ಶಾಸಕರು ಬಿಜೆಪಿಯವರು ಮತ್ತು ಸ್ಪೀಕರ್ ಠಾಕ್ರೆ ಗುಂಪಿನವರು...",neutral,kn
"ಮುಂಬೈನಲ್ಲಿರುವ Katya, BEST ಪ್ರಸ್ತುತ ತನ್ನ ಫ್ಲೀಟ್‌ನಲ್ಲಿ ಹಲವಾರು ಎಲೆಕ್ಟ್ರಿಕ್ ಬಸ್‌ಗಳನ್ನು ಹೊಂದಿದೆ.",neutral,kn
ನಿಮ್ಮ ಮನಸ್ಸಿನಲ್ಲಿ ನಿಜವಾಗಿಯೂ ಏನಿದೆ?,neutral,kn
ಏನಾಗಿದೆ,neutral,kn
"ಹೇ ಅತುಲ್, ನಿಮ್ಮ ಮತ್ತು ಬಿಜೆಪಿಯ ಏಕಸ್ವಾಮ್ಯ ಏನು ಎಂಬುದನ್ನು ಮೊದಲು ಸಾಬೀತುಪಡಿಸಿ?",angry,kn
ಆದರೆ ಅಂತರ್ಜಾತಿ ವಿವಾಹ ಏಕೆ ಎಂಬುದು ನನ್ನ ಪ್ರಶ್ನೆ.,neutral,kn
ಪ್ರತಿಯೊಂದು ಸ್ನೇಹಕ್ಕೂ ಒಂದು ಸಂಬಂಧವಿದೆ ಮತ್ತು ಪ್ರತಿ ಸಂಬಂಧಕ್ಕೂ ಸ್ನೇಹವಿದೆ!,happy,kn
ಅರಣ್ಯ ಇಲಾಖೆಯ ಪ್ರಧಾನ ಕಾರ್ಯದರ್ಶಿಯವರ ಉಪಸ್ಥಿತಿಯಲ್ಲಿ ಇಲಾಖಾವಾರು ಪರಿಶೀಲನಾ ಸಭೆಯ ಆಯೋಜನೆ,neutral,kn
ಕರ್ನಾಟಕ ಹಿಜಾಬ್ ನಿಷೇಧ ಪ್ರಕರಣದಲ್ಲಿ ಸುಪ್ರೀಂ ಕೋರ್ಟ್ ನಾಳೆ ತೀರ್ಪು ನೀಡಲಿದೆ,neutral,kn
"ಇಂದಿನಿಂದ ಜ್ಯೋತಿ ಸರಿಯಾಗಿ ಉರಿಯಿತು, ಆದರೆ ಅದಕ್ಕೂ ಮೊದಲು ಅದನ್ನು ನಂದಿಸಲು ಸಿದ್ಧತೆಗಳು ಪ್ರಾರಂಭವಾದವು.",sad,kn
ಇದು ಮೋದಿಯವರಿಗಾಗಿ ಬರೆಯಲಾಗಿದೆಯೇ?,neutral,kn
ಅವರ ಶಾಖೆಯ ವ್ಯವಸ್ಥಾಪಕರಲ್ಲಿ ಎಷ್ಟು ಮಂದಿ ಮರಾಠಿಯಲ್ಲಿ ಸಂವಹನ ನಡೆಸುತ್ತಾರೆ ಎಂಬುದು ಪ್ರತ್ಯೇಕ ಸಂಶೋಧನಾ ವಿಷಯವಾಗಿದೆ.,neutral,kn
ಭಾರತಕ್ಕೆ ಸ್ವಾಗತ ಸಹೋದರ... ಇಷ್ಟು ದಿನ ಎಲ್ಲಿದ್ದಿರಿ...?,happy,kn
"ಅವನು ನೀಲಿ, ಅವನು ಡಂಪಿಂಗ್ ಗ್ರೌಂಡ್‌ಗೆ ಹೋಗಲಿ.",angry,kn
ನೀವು ಭಾರತೀಯ ಜನತಾ ಪಕ್ಷದ ಯಾರನ್ನಾದರೂ ವಿಚಾರಣೆ ಮಾಡಿದ್ದೀರಾ?,neutral,kn
"ಉಶಿವಸೇನೆ ಮತ್ತು ಶಿವಸೇನೆ ಇದನ್ನು ಇಷ್ಟಪಡುತ್ತವೆ, ಇದು ಅನೇಕ ಕುಶಲತೆಗಳನ್ನು ಮಾಡುತ್ತದೆ!!",angry,kn
ಪಾಕಿಸ್ತಾನ್ ಜಿಂದಾಬಾದ್ ಎಂಬ ಘೋಷಣೆ ಕೇಳುತ್ತಿಲ್ಲ. ದಯವಿಟ್ಟು ಧಾರ್ಮಿಕ ಉದ್ವೇಗ ಹೆಚ್ಚಿಸಬೇಡಿ.,neutral,kn
"ಮರಾಠಿಯಲ್ಲಿ ಬರೆಯಿರಿ ಸಹೋದರ, ನನಗೆ ಏನೂ ಅರ್ಥವಾಗುತ್ತಿಲ್ಲ.",neutral,kn
ಅಥವಾ ನೀವು ಏನು ಹಾಡಲು ಹೊರಟಿದ್ದೀರಿ?,neutral,kn
"ರಾಮದಾಸ್ ಅಠವಳೆ ಪ್ರಕಾರ, ಸರ್ಕಾರಿ ನೌಕರರು ನಿಯಮಾನುಸಾರ ರಾಜೀನಾಮೆ ನೀಡಬೇಕು.",neutral,kn
ದಾದಾ ದಯವಿಟ್ಟು ಗಮನ ಕೊಡಿ. ಜನ ಶ್ರೀಗೊಂಡಾಯವನ್ನು ಬರ ಎಂದು ಕರೆಯುತ್ತಿದ್ದಾರೆ.,sad,kn
ಲಕ್ಷ್ಮಣನ ಪಾದ ಅವನದು! ಬಾಬೂಜಿಯವರ ಧ್ವನಿಯಲ್ಲಿ ಈ ಹಾಡನ್ನು ಕೇಳಿ. ಜೈ ಶ್ರೀ ರಾಮ್.,happy,kn
ಅಂತಹ ಸಮಯಗಳು? ಕೇಳಬೇಕು ಎಂದು ಹೇಳುತ್ತಿದ್ದ.,neutral,kn
: ಹಾಗಾಗಿ ಸಿಂಹಘಡ ರಸ್ತೆಯಲ್ಲಿ ನಗರಸಭೆ ಕ್ರಮ ಕೈಗೊಂಡಿತು,neutral,kn
ಕಳೆದ ಬಾರಿ ಪ್ರಕಾಶ್ ಅಂಬೇಡ್ಕರ್ ನಾಂದೇಡ್ ಸೀಟು ಬಯಸಿದ್ದರು,neutral,kn
ಟಾಪರ್ ದಿವ್ಯಾಂಶಿ ಜೈನ್ ಪರೀಕ್ಷೆಗೆ ಹೇಗೆ ತಯಾರಿ ನಡೆಸಿದರು?,neutral,kn
ನಿಮ್ಮ ಕಾರಣ ಇವುಗಳಲ್ಲಿ ಒಂದಾ?,neutral,kn
ನಾವು ಯಾರು? ಅವರು RPI ಅಠವಲೆಯವರ ಪಕ್ಷವೇ?,neutral,kn
ಮರಾಠಿ ಗೊತ್ತಿಲ್ಲದ ಕಾರಣಕ್ಕೆ ಮತಾಂತರ ಮಾಡಿದ್ದೀರಾ?,angry,kn
ಇದನ್ನು ಯಾವಾಗ ಮಾಡಲಾಗುತ್ತದೆ?,neutral,kn
"ನಿಮ್ಮ ಮುಂಬರುವ ವಾರ, ಸಾಪ್ತಾಹಿಕ ಜಾತಕ (ಅಕ್ಟೋಬರ್ ವರೆಗೆ) ತಿಳಿಯಿರಿ",neutral,kn
ಹಾಗಾದರೆ ಹಳ್ಳಿಗೆ ಯಾಕೆ ಹೋಗಿದ್ದೀರಿ ಎಂದು ಕೇಳುತ್ತಿದ್ದೆ,neutral,kn
ಸಂಬಂಧಿಕರು ಎಂದುಕೊಂಡಿದ್ದ ಕಡೆ ಬಿರಿಯಾನಿ ತಿನ್ನಲು ಹೋಗಿದ್ದರು,neutral,kn
ಈಗ ನ್ಯಾಯವೂ ಹಾಗೆಯೇ ಆಗಬೇಕು... ಸುದಮಯ್ಯನಿಗೆ ಈ ದ್ವಾರಕೆ ಸಿಗಬೇಕು..!,sad,kn
ಪ್ರೋಟೋಕಾಲ್ ಮುರಿದು ಪಾಕಿಸ್ತಾನಿ ಕೇಕ್ ಉಚಿತ ತಿಂದ ನಾಯಕನ ಮಾತು ಅರ್ಥವಾಗುವುದಿಲ್ಲ.,angry,kn
ವೆಸ್ಟ್ ಇಂಡೀಸ್ ಶಿಸ್ತಿನಲ್ಲಿ ಹಿಂದೆ ಸರಿಯಬೇಕಿತ್ತು,neutral,kn
ಈಗ ಯಾರೂ 'ವಿಕಿ ದಾನಿ'ಯಾಗಲು ಸಾಧ್ಯವಿಲ್ಲ. ಅಂದರೆ 'ವೀರ್ಯ'ವನ್ನು ಪದೇ ಪದೇ ದಾನ ಮಾಡಲಾಗುವುದಿಲ್ಲ.,happy,kn
"ಪ್ರಶ್ನೆಯೆಂದರೆ, ಈ ರಾಜ್ಯ ಸರ್ಕಾರವು ಸರಿ ಎಂದು ನೀವು ಭಾವಿಸುತ್ತೀರಾ?",neutral,kn
"ಅನ್ಯಾಯವನ್ನು ಸುಡುವ ಜ್ಯೋತಿ, ಮಾತೋಶ್ರೀ ಮೇಲೆ ಶಿವಸೈನಿಕರ ಶಕ್ತಿ ಪ್ರದರ್ಶನ, ಉದ್ಧವ್ ಠಾಕ್ರೆ...",angry,kn
ಕತ್ತಿಯು ಟಾರ್ಚ್ ಅನ್ನು ಕತ್ತರಿಸಬಹುದೇ - ಒಂದು ಟ್ರಿಕಿ ಪ್ರಶ್ನೆ,neutral,kn
"ನೋಡಿ, ನಿಮಗೆ ಸಾಧ್ಯವಾದರೆ, ನಿಮಗೆ ಸಾಧ್ಯವಾಗದಿದ್ದರೆ, ನಮಗೆ ಸಹೋದರರು ಇದ್ದಾರೆ",neutral,kn
ನಾಲ್ಕನೇ ವರ್ಗವು ಪೊಲೀಸರಿಗೆ ಅನ್ವಯಿಸುತ್ತದೆಯೇ ಎಂದು ಶಿಂಧೆ ಸರ್ಕಾರ ಯಾವಾಗ ನಿರ್ಧರಿಸುತ್ತದೆ?,neutral,kn
ಕೂಡಲೇ ಈ ಸುದ್ದಿಯನ್ನು ಕೃಷಿ ಸಚಿವರಿಗೆ ಕಳುಹಿಸಿ. ರೈತರಿಗೆ ನ್ಯಾಯ ಸಿಗಬೇಕು,angry,kn
"ಇದು ನಿಜವಾಗಿಯೂ ಅದ್ಭುತ ವಿಶ್ವವಿದ್ಯಾಲಯವಾಗಿದೆ, ಪ್ರತಿಯೊಬ್ಬರೂ ಇದನ್ನು ಭೇಟಿ ಮಾಡಬೇಕು.",happy,kn
ಅವರು ಮರಾಠರಲ್ಲದ ಕಾರಣ ಮಾತನಾಡುತ್ತಿದ್ದಾರೆ.,angry,kn
"ಮತ್ತು ಆ ವ್ಯಕ್ತಿ ಆಧುನಿಕ ""ಅನಾಜಿಪಂತ್""!",neutral,kn
ಅವರು ಭಾರತದ ಪ್ರಧಾನ ಮಂತ್ರಿ,neutral,kn
ಈಗ ಇದನ್ನು ತ್ವರಿತವಾಗಿ ಮಾಡಬೇಕಾಗಿದೆ.,neutral,kn
"ಹೇ, ನಾನು ನಿಮ್ಮ ಕಳಪೆ ಮನಸ್ಥಿತಿಯನ್ನು ನೋಡಿದೆ, ಆದ್ದರಿಂದ ನಾನು ಟ್ವೀಟ್ ಬರೆಯಲು ನಿರ್ಧರಿಸಿದೆ",angry,kn
ಅವರು ಕೂಡ ಅದೇ ಮಾತನ್ನು ಹೇಳಿದರು,neutral,kn
ಈ ಆಚಾರ್ಯಜಿಗೆ ಜ್ಞಾನವನ್ನು ನೀಡುವುದು ಇಂದಿನ ಅಗತ್ಯವಾಗಿದೆ...,happy,kn
ಇದು ಪರಿಸ್ಥಿತಿ,neutral,kn
ಏಕೆಂದರೆ ಆಕೆ ತನ್ನ ಮುಖವನ್ನು ಸ್ವರ್ಗದ ಕಡೆಗೆ ತಿರುಗಿಸಲಾರಳು,neutral,kn
ಅವನು ಇಂದು ಮಲಗಲು ಸಾಧ್ಯವಿಲ್ಲ,neutral,kn
"ಮೋದಿ ನಮ್ಮದೇ ಜಾಗದಲ್ಲಿ ಅಭಿವೃದ್ಧಿ ಮಾಡಿಲ್ಲ, ಯಾರಿದ್ದಾರೆ?",neutral,kn
ಸೋನು ದಾದಾ ದಾದಾ,neutral,kn
ಅಂದರೆ ಶೇಠ್ ಮತ್ತು ಶಾ ಚುನಾವಣಾ ಆಯೋಗವನ್ನು ನಿರ್ವಹಿಸುತ್ತಿದ್ದರು.,angry,kn
"ನಕಲಿ ಪ್ರಮಾಣ ಪತ್ರಕ್ಕಾಗಿ 10 ಕೋಟಿ ರೂಪಾಯಿ ಪಾವತಿ..., ನರೇಶ್ ಮ್ಹಾಸ್ಕೆ ಆರೋಪಿಸಿದ್ದಾರೆ",neutral,kn
ಇದು ಟ್ರೈಲರ್ ಆಗಿತ್ತು ಮತ್ತು ಅವರು ಬಹಳಷ್ಟು ಬಟ್ಟೆಗಳನ್ನು ಹೊಲಿಯಬೇಕು,neutral,kn
ಇದು ಪ್ರಚಾರ ಮಾಡಲು ಸ್ವಲ್ಪ ವಿಷಯ,neutral,kn
"ಈ ದೇಶವನ್ನು ಸ್ವಚ್ಛಗೊಳಿಸಲು, ಮೊದಲು ಜನರು ತಮ್ಮ ಆಲೋಚನೆಗಳನ್ನು ಮತ್ತು ಮನಸ್ಸನ್ನು ಸ್ವಚ್ಛಗೊಳಿಸಬೇಕು.",happy,kn
ಈಗ ಎರಡನೇ ಹಂತದ ಘೋಷಣೆ ಯಾವಾಗ ಎಂದು ಹೇಳಿ.,neutral,kn
ನಾನು ಇತ್ತೀಚೆಗೆ,neutral,kn
ಶಿವಸೇನೆ ಅವರನ್ನು ಸೋಲಿಸಲಿಲ್ಲವೇ?,angry,kn
ರಾಮಾಯಣವು ನಮ್ಮ ಗುರುತಿನ ವಿಷಯವಾಗಿದೆ. ಮತ್ತು ನಮ್ಮ ಗುರುತಿನ ಪ್ರಯೋಗಗಳನ್ನು ಸಹಿಸಿಕೊಳ್ಳಲಾಗುತ್ತದೆ,happy,kn
ಗುರೂಜಿ ಹೀಗೆ..,neutral,kn
'ಪಿಎಫ್‌ಐ' ವಿರುದ್ಧದ ಕ್ರಮದ ಬಗ್ಗೆ ಪ್ರತಿಪಕ್ಷಗಳ ಮೌನ ಏಕೆ?,angry,kn
ಈಗ ಈ ವಿಳಾಸವನ್ನು ಹೇಳುತ್ತೇನೆ,neutral,kn
"ಆಪ್, ಟಿವಿಸಿ ಮತ್ತು ಜಿಂಗಲ್ ಅನ್ನು ಮುಖ್ಯಮಂತ್ರಿ ಅನಾವರಣಗೊಳಿಸಿದರು",neutral,kn
"ನನಗೆ ಅಮವಾಸ್ಯೆ, ವತ್ಪೂರ್ಣಿಮೆಯನ್ನು ಹುಣ್ಣಿಮೆಯಂತಾಗಿಸುವೆಯಾ ?? -@ಪೂಜಾ ಡೊಮಾಲೆ(ರಾಣು)",happy,kn
ನೀವು ಏನಾದರೂ ಮಾಡಿದರೆ ನಾನು ನಿಮ್ಮ ಕತ್ತೆಯನ್ನು ಸುಡಲು ಬಯಸುತ್ತೇನೆ.,angry,kn
ರುಬ್ಬುವ ಬದಲು ಕೂಡಿ ಹಾಕಿದ್ದಾರಾ ಎಂದು ಕೇಳಬೇಕಿತ್ತು,neutral,kn
"ಹೌದು, ನಾನು ಜಿಲ್ಲಾ ಪರಿಷತ್ ಶಾಲೆಯ ಹಳೆ ವಿದ್ಯಾರ್ಥಿ.",happy,kn
"ಇಪ್ಪತ್ತೈದು ವರ್ಷಗಳ ನಂತರ ನಾನು ಮೊದಲ ಬಾರಿಗೆ ಚುನಾವಣೆಯನ್ನು ನೋಡುತ್ತಿದ್ದೇನೆ, ಆನಂದಿಸಿ ಸಂಭಾಳ ಅವರಿಗೆ ಒಳ್ಳೆಯದು, ಸೀತಾರಾಮ್ ಕೇಸರಿ ಅವರದು",neutral,kn
ಇದು ಸಂಪೂರ್ಣ ಸತ್ಯ...ಮನೆಯಲ್ಲಿ ಜನರು ದೇವರನ್ನು ನಂಬುವುದಿಲ್ಲ,sad,kn
"ನಾನು ನಿನ್ನೆ ಈ ವಿಷಯದ ಬಗ್ಗೆ ವಿವರವಾದ ಥ್ರೆಡ್ ಅನ್ನು ಬರೆದಿದ್ದೇನೆ, ಅದನ್ನು ಪರಿಶೀಲಿಸಿ!",neutral,kn
ಅಲ್ಲಿಂದಲೇ ಸ್ಕ್ರಿಪ್ಟ್ ಎಂದು ಕೇಳಿದ್ದೆ,neutral,kn
ಯಾರೋ ಒಬ್ಬರ ಮೇಲೆ ಈ ಹೇಳಿಕೆ ನೀಡಿದ ರಾವುತ್ ಇನ್ನೂ ಮೇಲಿದ್ದಾರೆ,neutral,kn
ಇದು ಸಂಭವಿಸಿದೆಯೇ?,neutral,kn
ನೀರಜ್ ಚೋಪ್ರಾ &; ಗೌರವಾನ್ವಿತ. ಪ್ರಧಾನ ಮಂತ್ರಿ,neutral,kn
"ಕೆಲವರು ಮರಾಠ ಸಮುದಾಯಕ್ಕೆ ಸೇರಿದವರಲ್ಲ, ದಾದಾ, ಅವರನ್ನು ಸಮಾಜ ಎಂದು ಪರಿಗಣಿಸುವುದಿಲ್ಲ.",angry,kn
ನಾಳೆ ಹುಣ್ಣಿಮೆ ಇದ್ದಿರಬೇಕು,neutral,kn
ಇದು ಶ್ರೀಖಂಡ ಮಹಾಶಕ್ತಿಯಿಂದ ಕೊಡಲ್ಪಟ್ಟಿದೆ ಆದರೆ ಹೇಗೆ ಹೇಳುವುದು,neutral,kn
ಗಮನಿಸಿ: ಅದನ್ನು ಬಿತ್ತಿದರೆ ಅದು ಬೆಳೆಯುತ್ತದೆ. ಬಿತ್ತಿದ್ದೇ ಈಗ ಬೆಳೆದಿದೆ.,neutral,kn
"ದಯವಿಟ್ಟು ಸಾಗು ಬಡೆ ಅಥವಾ ಖಿಚಡಿ ತಿನ್ನಿ, ನನಗೂ ಸ್ವಲ್ಪ ಇಟ್ಟುಕೊಳ್ಳಿ.",neutral,kn
ಈ ಚಿತ್ರ ಪ್ರತಿಯೊಬ್ಬ ಹಿಂದೂವಿನದ್ದು ಎಂದು ಹೇಳುತ್ತೇನೆ.,neutral,kn
ನಿಮ್ಮದೇನಾದರೂ ನಿಮ್ಮ ಬಳಿ ಇದೆಯೇ?,angry,kn
ಭಾರತ ಗೆಲ್ಲಬೇಕು,happy,kn
ಇದು ಏನಾಯಿತು,neutral,kn
ಕೇಸರ್ಕರ್ ಅವರು ಶಿರಡಿ ಸಾಯಿಬಾಬಾ ಅವರ ಭಕ್ತರಾಗಿದ್ದಾರೆ ಮತ್ತು ಅವರ ವಾಟ್ಸಾಪ್ ಪ್ರೊಫೈಲ್‌ನಲ್ಲಿ ಬಾಬಾ ಅವರ ಫೋಟೋವನ್ನು ಸಹ ಹೊಂದಿದ್ದಾರೆ.,happy,kn
ಈ ಟ್ವೀಟ್ ಕರುಣೆಗಾಗಿ ಅಲ್ಲ ಎಚ್ಚರಿಕೆಗಾಗಿ,neutral,kn
ಇದೇ ಸಾವಂತ್ ಒಮ್ಮೆ ಕೊಂಕಣದಲ್ಲಿ ಮಹಾರಾಜರನ್ನು ವಿರೋಧಿಸಿದ್ದ...,neutral,kn
ಈ ಜನರು ಈಗಾಗಲೇ ನಿರ್ಧರಿಸಿದ್ದಾರೆ.,neutral,kn
ಸುವಿಚಾರ ಸಚಿವರು ಎಂದಾದರೂ ಶಿವಸೇನಾ ಮುಖ್ಯಸ್ಥ ಬಾಳಾಸಾಹೇಬ್ ಠಾಕ್ರೆ ಅವರನ್ನು ಭೇಟಿ ಮಾಡಿದ್ದಾರೆಯೇ?,angry,kn
ಪ್ರವೀಣ್ ರಾವುತ್ ಮತ್ತು ಸಂಜಯ್ ರಾವುತ್ ಹೆಸರು ಮತ್ತು ಕೆಲವು ವೈಯಕ್ತಿಕ ಮಾಹಿತಿಯ ಹೋಲಿಕೆಯ ಆಧಾರದ ಮೇಲೆ ಸಂಬಂಧ ಹೊಂದಿರಬಹುದು,neutral,kn
"ನೀವು ಕೇವಲ ಧ್ವನಿ ನೀಡಿ, ತಾಯಿನಾಡು ಮತ್ತು ಬಡವರಿಗಾಗಿ ನಾವು ನಿಮ್ಮ ಸೇವೆಯಲ್ಲಿದ್ದೇವೆ.",happy,kn
ನಿನಗೆ ಮರಾಠಿ ಓದಬಹುದಾ..?? ಇದು ಸಂಭವಿಸುತ್ತದೆ ಎಂದು ನಿಮಗೆ ತಿಳಿದಿದೆಯೇ?,neutral,kn
ನಿರ್ವಾಹಕರನ್ನು ನೇಮಿಸಲು ನಮಗೆ ಹಲವು ತಿಂಗಳುಗಳು ಬೇಕಾಯಿತು.,neutral,kn
ದಯವಿಟ್ಟು ಅದನ್ನು ನಿಖರವಾಗಿ ನಮೂದಿಸಿ.,neutral,kn
ವಾಶಿಮ್ ಜಿಲ್ಲೆಯಲ್ಲಿ ಭಾರೀ ಮಳೆಯಿಂದ ಹಾನಿಗೊಳಗಾದ ಕೃಷಿ ಬೆಳೆಗಳ ಸಂಕ್ಷಿಪ್ತ ಪಂಚನಾಮ ಮಾಡಿ - ಎ. ಅಮಿತ್ ದಾದಾ ಜನಕ್...,neutral,kn
ಮತ್ತು ಬಾಳಾ ಸಾಹೇಬ್ ಕೇಶವ್ ಠಾಕ್ರೆ ಯಾರು?????,neutral,kn
"ನೀವು ಮರಾಠಿ ಅಭ್ಯರ್ಥಿಗಳಿಂದ ಹೊರಗುಳಿದಿದ್ದೀರಾ, ಭಯ್ಯಾ ಜನತಾ ಪಕ್ಷ?",neutral,kn
ಮುಂಬೈಗೆ ಯಾವುದೇ ವಿಭಿನ್ನ ನಿಯಮಗಳಿವೆಯೇ?,neutral,kn
ಮರಾಠಾ ಸಂಯೋಜಕ ಹಾಗೂ ಬಿಜೆಪಿ ಮುಖಂಡರೊಬ್ಬರನ್ನು ಒಳಗೊಂಡ ರೆಕಾರ್ಡಿಂಗ್ ವೈರಲ್ ಆಗಿದೆ.. ಇದಕ್ಕೆ ಏನು ಹೇಳಬೇಕು??,neutral,kn
ಅಂಧೇರಿ ಉಪಚುನಾವಣೆಯಲ್ಲಿ ಇವರು ಅಭ್ಯರ್ಥಿಯೇ???,neutral,kn
ಜಲಗಾಂವ್? ಇದು ಯಾವ ನಗರ? ಜಲಗಾಂವ್ ಬರೆಯಿರಿ. ಮರಾಠಿ ಪಖ್ವಾಡವನ್ನು ಯಾವಾಗ ಆಚರಿಸಲಾಗುತ್ತದೆ?,neutral,kn
ಆ ಸಂಕಟದಿಂದ ಚೇತರಿಸಿಕೊಳ್ಳಲು ಅವರು ಗುವಾಹಟಿ ತಲುಪಿದ್ದರು.,neutral,kn
ನೀವು ಅವನನ್ನು ವಿರೋಧಿಸಿದ್ದೀರಾ ಸಹೋದರ?,neutral,kn
ನೇರವಾಗಿ ಹೃದಯವನ್ನು ಸ್ಪರ್ಶಿಸುವ ಮತ್ತು ಕಣ್ಣಿಗೆ ಆನಂದ ನೀಡುವ ಈ ಕ್ಷಣ....!!,happy,kn
ಪೊಲೀಸ್ ಸಂಸ್ಮರಣಾ ದಿನದಂದು ಕರ್ತವ್ಯದಲ್ಲಿದ್ದಾಗ ಹುತಾತ್ಮರಾದ ಹುತಾತ್ಮರಿಗೆ ಶ್ರದ್ಧಾಂಜಲಿ..!!,happy,kn
ಅವರೆಲ್ಲರನ್ನೂ ಎನ್‌ಸಿಪಿ ಕಾಂಗ್ರೆಸ್‌ಗೆ ಸ್ವಾಗತಿಸಲು ನಾವು ಹೆಮ್ಮೆಪಡುತ್ತೇವೆ.,happy,kn
ಶಿಕ್ಷಣವು ಉಪಯುಕ್ತವಾಗಿದೆ ಏಕೆಂದರೆ ನೀವು ಹೊಸ ಕೌಶಲ್ಯಗಳನ್ನು ಕಂಡುಕೊಳ್ಳಬಹುದು ಮತ್ತು ಉತ್ತಮ ಉದ್ಯೋಗಗಳನ್ನು ಪಡೆಯಬಹುದು.,neutral,kn
ನಾಡಿನ ಸಮಸ್ತ ಜನತೆಗೆ ಕೋಜಗರಿ ಪೂರ್ಣಿಮೆಯ ಹಾರ್ದಿಕ ಶುಭಾಶಯಗಳು..!,happy,kn
ತಿಳುವಳಿಕೆ ಮತ್ತು ಸಿಹಿ ಮಾತುಕತೆಗಳನ್ನು ಸಹ ಹಿಂದಕ್ಕೆ ತೆಗೆದುಕೊಳ್ಳಿ!,happy,kn
"ತಾವಡೇಜಿ, ನಿಮ್ಮ ಕೆಲಸ ಸುಂದರವಾಗಿದೆ... ಆದರೆ ದಯವಿಟ್ಟು ಮರಾಠಿಯಲ್ಲಿ ನಿಮ್ಮ ಕೆಲಸದ ಬಗ್ಗೆ ಮಾಹಿತಿ ನೀಡಿ",happy,kn
ಮಹಾಲಕ್ಷ್ಮಿ ಪೂಜೆಯ ಸಂದರ್ಭದಲ್ಲಿ ನನ್ನ ಸಹೋದರಿ ಮಾಡಿದ ಕೊಲ್ಹಾಪುರ ನಿವಾಸಿ ಮಹಾಲಕ್ಷ್ಮಿಯ ಸುಂದರ ರಂಗೋಲಿ.,happy,kn
"ಜೈ ಬಾಬಾ ಕೇದಾರ್ ನಾಥ್, ‼ ಶುಭ ಸಂಜೆ ಗೆಳೆಯ ‼",happy,kn
ಈಗ ನೀವು ಅಂತಾರಾಷ್ಟ್ರೀಯ ಮಟ್ಟಕ್ಕೆ ಹೋಗುತ್ತಿದ್ದೀರಿ..ಅಭಿನಂದನೆಗಳು ಮೇಡಂ..,happy,kn
ಫಲ್ಗುಣಿ ಪೂರ್ಣಿಮಾ ಬೆಳದಿಂಗಳ ರಾತ್ರಿ ಚಂದ್ರನ ಬೆಳಕನ್ನು ಹರಡುತ್ತದೆ,neutral,kn
"ಕೋಜಗಿರಿ ಪೂರ್ಣಿಮೆ, ಶರದ್ ಪೂರ್ಣಿಮೆಯ ಶುಭಾಶಯಗಳು... .//_/...",happy,kn
ಗಮನಹರಿಸುವುದು ಉತ್ತಮ ಮತ್ತು ದಂಡದೊಂದಿಗೆ ಅಪರೂಪದ ಪ್ರಕರಣಗಳು ಇರುತ್ತವೆ,neutral,kn
ನೀವು ನಿಮ್ಮ ಭರವಸೆಯನ್ನು ಉಳಿಸಿಕೊಂಡಿರುವುದನ್ನು ನೋಡಿ ತುಂಬಾ ಸಂತೋಷವಾಯಿತು. ತುಂಬಾ ಚೆನ್ನಾಗಿದೆ!,happy,kn
"ಶುಭೋದಯ, ಇದು ಭಾರವಾಗಿದೆ",happy,kn
ಅವರ ನಾಯಕತ್ವದಲ್ಲಿ ಕೆಲಸ ಮಾಡುತ್ತಲೇ ಜನಪರ ಹಾಗೂ ಅಭಿವೃದ್ಧಿಯತ್ತ ಗಮನ ಹರಿಸುವ ಕೆಲಸ ಆಗಬೇಕು. ಶುಭ ಹಾರೈಸಲಾಯಿತು. /,happy,kn
ಹೊಸ ವರ್ಷದ ಶುಭಾಶಯಗಳು..! ಕಿಶೋರ್ ದೇವೇಕರ್ ಸರ್,happy,kn
ನಿಮ್ಮೆಲ್ಲರಿಗೂ ಹೋಳಿ ಹಬ್ಬದ ಶುಭಾಶಯಗಳು!,happy,kn
ಜನ್ಮದಿನದ ಶುಭಾಶಯಗಳು,happy,kn
ಪಂಚಗವ್ಯದೊಂದಿಗೆ ಪವಿತ್ರ ಪಾಲುದಾರರಾಗಿರುವುದು ಒಂದು ಪ್ರಮುಖ ಕೊಡುಗೆಯಾಗಿದೆ‼‼,happy,kn
ತುಂಬಾ ಒಳ್ಳೆಯ ಮಾರ್ಗದರ್ಶನ.,happy,kn
"ಹಿಂದೂ ಧರ್ಮದ ಅನನ್ಯ ಕೊಡುಗೆಯಾದ ಆಯುರ್ವೇದದ ಮಹತ್ವ,//...",happy,kn
ನಮ್ಮ ಮೊಮ್ಮಗಳು ಸೆಲ್ಫಿ ತೆಗೆದುಕೊಳ್ಳುವುದನ್ನು ಆನಂದಿಸುತ್ತಿದ್ದಾಳೆ...,happy,kn
ರಕ್ಷಾಬಂಧನ ಮತ್ತು ನರಳಿ ಪೂರ್ಣಿಮೆಯ ಶುಭಾಶಯಗಳು.,happy,kn
ಪೊಲೀಸರಿಗೆ ಅಭಿನಂದನೆಗಳು! .//…,happy,kn
ಹೌದು ಅವನೇ.,neutral,kn
ಕೋಜಗಿರಿ ಪೂರ್ಣಿಮಾ ಶುಭಾಶಯಗಳು..!,happy,kn
ಸರ್ಕಾರದ ನಿರ್ಧಾರಗಳು ಸಾರ್ವಜನಿಕ ಹಿತಾಸಕ್ತಿಗಳಾಗಿವೆ,neutral,kn
ಅಧಿಕಾರಕ್ಕೆ ಬರುವುದಿಲ್ಲ ಎಂದು ಬಾರ್ ಜಲ್ ಒಪ್ಪಿಕೊಳ್ಳುತ್ತಾರೆ,neutral,kn
"ಓಂಕಾರ್, ನೀವು ಒಬ್ಬಂಟಿಯಾಗಿಲ್ಲ",neutral,kn
ಧನ್ಯವಾದಗಳು.. ನಿಮ್ಮ ಬೆಂಬಲ ನಮಗೆ ಸಿಗುತ್ತದೆ ಎಂದು ಭಾವಿಸುತ್ತೇವೆ.,happy,kn
ಸಮಸ್ತ ಭಕ್ತಾದಿಗಳಿಗೆ ಮಹಾಶಿವರಾತ್ರಿಯ ಶುಭಾಶಯಗಳು..!! || ಹರ ಹರ ಮಹಾದೇವ್ ||,happy,kn
ಇದು ನಿಜವಾಗಿಯೂ ಅದ್ಭುತವಾದ ಧೂಪದ್ರವ್ಯವಾಗಿದೆ. ಪ್ರತಿಯೊಬ್ಬರೂ ಇದನ್ನು ಒಮ್ಮೆ ಬಳಸಬೇಕು ನಂತರ ಅದು ಹೇಗೆ ಎಂದು ನನಗೆ ತಿಳಿಸಿ,happy,kn
ನಿಮಗೆ ಖಾವ್ಯ ರತ್ನ ಪ್ರಶಸ್ತಿಯನ್ನು ನೀಡುತ್ತಿರುವುದು ನಮಗೆ ಅತೀವ ಸಂತಸ ತಂದಿದೆ.,happy,kn
ಲಕ್ಷದಲ್ಲಿ ಒಂದು,happy,kn
"ಪ್ರಫುಲ್ಲ ದಾದಾ ತುಂಬಾ ಒಳ್ಳೆಯ ಥ್ರೆಡ್‌ನಂತೆ ಧ್ವನಿಸುತ್ತದೆ, ಓದುತ್ತಲೇ ಇರಿ.",happy,kn
ಹುಟ್ಟು ಹಬ್ಬದ ಶುಭಾಶಯಗಳು ಸರ್.. ./_...,happy,kn
ಸಲಹೆಗಳು ಸಕಾರಾತ್ಮಕ ಪರಿಣಾಮ ಬೀರಿರುವುದನ್ನು ನೋಡಿದಾಗ ತುಂಬಾ ತೃಪ್ತಿಯಾಯಿತು.,happy,kn
ನಾವೆಲ್ಲರೂ ಹಾಜರಿದ್ದು ಈ ಐತಿಹಾಸಿಕ ಕ್ಷಣಕ್ಕೆ ಸಾಕ್ಷಿಯಾಗೋಣ,happy,kn
"ಅಭಿನಂದನ್, ನನಗೂ ಅಷ್ಟು ಸ್ಪೀಡ್ ಇರಲಿಲ್ಲ.",happy,kn
ಚೈತನ್ಯಮಯಿ- ದೀಪಾವಳಿ ಹಬ್ಬದ ಮೊದಲ ದಿನ ವಸುಬರಸ್... ವಸುಬರರಿಗೆ ಶುಭಾಶಯಗಳು!,happy,kn
ಎಲ್ಲಾ ಶಿವಭಕ್ತರಿಗೆ ಮಹಾಶಿವರಾತ್ರಿಯ ಶುಭಾಶಯಗಳು!,happy,kn
ಈ ಸಿನಿಮಾ ನೋಡಲು ತುಂಬಾ ಉತ್ಸುಕನಾಗಿದ್ದೇನೆ,happy,kn
ಅವರು ಪವಾರ್ ಅನ್ನು ನಂಬುತ್ತಾರೆ ಮತ್ತು ಪವಾರ್ ಅವರನ್ನು ನಂಬುತ್ತಾರೆ ಎಂಬುದು ಹಾಸ್ಯಾಸ್ಪದ,neutral,kn
ಎಲ್ಲರಿಗೂ ರಕ್ಷಾಬಂಧನ ಮತ್ತು ನರಲಿಪೂರ್ಣಿಮೆಯ ಶುಭಾಶಯಗಳು...,happy,kn
ಹಲೋ ಗುರುವಾರ ಶುಭೋದಯ,happy,kn
ಇದು ಭಾರವಾಗಿರುತ್ತದೆ,happy,kn
ಹೊಸ ವರ್ಷದ ಶುಭಾಶಯಗಳು..!ಸ್ಪೃಹ,happy,kn
ನೀವು ತುಂಬಾ ಒಳ್ಳೆಯ ಕೆಲಸ ಮಾಡುತ್ತಿದ್ದೀರಿ...ಹಲವರ ಆಶೀರ್ವಾದ ಪಡೆಯುತ್ತಿದ್ದೀರಿ. ಯಶಸ್ವಿಯಾಗಲಿ...ಶುಭಾಶಯಗಳು ಸರ್,happy,kn
ಜನ್ಮದಿನದ ಶುಭಾಶಯಗಳು ರಾಜೀವ್ ಜೀ,happy,kn
ನಿನ್ನ ಸೆರೆವಾಸದಿಂದ ಇಡೀ ಮಹಾರಾಷ್ಟ್ರವೇ ಸಂತಸಗೊಂಡಿದೆ,neutral,kn
ನಿಮ್ಮ ಪ್ರಯತ್ನಗಳಿಗೆ ತುಂಬಾ ಧನ್ಯವಾದಗಳು,happy,kn
ನಾನು ಅವಕಾಶವನ್ನು ಕಳೆದುಕೊಂಡೆ. ಮತ್ತು ಪ್ರಮುಖ ಸಮಯ ತೆಗೆದುಕೊಂಡಿತು !! ಅಭಿನಂದನೆಗಳು,happy,kn
ನಮಸ್ತೇ ಮಮ ಶುಭೋದಯ ಗಣಪತಯೇ ನಮಃ ಶುಭ ಅಂಗರಕಿ ಚತುರ್ಥಿ,happy,kn
ಹೊಸ ವರ್ಷದ ಶುಭಾಶಯಗಳು...! -,happy,kn
ಹುಟ್ಟು ಹಬ್ಬದ ಶುಭಾಶಯಗಳು ಮತ್ತು ಹೊಸ ವರ್ಷದ ಶುಭಾಶಯಗಳು ಸಹೋದರ...,happy,kn
"ಶಿಲ್ಪಾ ಬೋಡ್ಖೆ ಪ್ರೊಫೆಸರ್, ಅವಳು ಎಲ್ಲಿ ಓದುವುದನ್ನು ದೇವರು ನಿಷೇಧಿಸುತ್ತಾನೆ",neutral,kn
ಭವಿಷ್ಯದಲ್ಲಿ ಸಂತೋಷ,happy,kn
ತಾಯಿಯು ದೇವರು ಮತ್ತು ಆತ್ಮದ ಸಂಪೂರ್ಣ ಒಕ್ಕೂಟವಾಗಿದೆ.,happy,kn
ಹೋಳಿ ಹಬ್ಬದ ಶುಭಾಶಯಗಳು! (!),happy,kn
"ಅದು ಸರಿ, ಸಂತೋಷವನ್ನು ಯಾವುದರಲ್ಲಿಯೂ ಕಾಣಬಹುದು. ನಿರ್ಮಲಾ ಸೀತಾರಾಮನ್ ಅವರಂತೆ.",neutral,kn
ನಮಗೆ ತಿಳಿಸಿದ್ದಕ್ಕಾಗಿ ಧನ್ಯವಾದಗಳು. ದೂರನ್ನು ಪರಿಹರಿಸುವಂತೆ ನಮ್ಮ ಇಲಾಖೆಗೆ ಮನವಿ ಮಾಡಿದ್ದೇವೆ.,neutral,kn
ಜುಲೈ-ಆಗಸ್ಟ್ ನಲ್ಲಿ ಅತಿವೃಷ್ಟಿ ಪರಿಹಾರಕ್ಕೆ ಅನುಮೋದನೆ ನೀಡುವಂತೆ ಡಾ.ರಾಹುಲ್ ಪಾಟೀಲ್ ಆಗ್ರಹ.,neutral,kn
"ಈ ವೀಡಿಯೊ ಅದ್ಭುತವಾಗಿದೆ, ಇದು ನನ್ನ ಬಾಲ್ಯವನ್ನು ನೆನಪಿಸುತ್ತದೆ.",happy,kn
ಇದೊಂದು ದೊಡ್ಡ ಸ್ಫೋಟ!!,happy,kn
ಜನ್ಮದಿನದ ಶುಭಾಶಯಗಳು ಅಮಾನಾ ಜೀ,happy,kn
ಬಾಳಾಸಾಹೇಬ್ ಠಾಕ್ರೆಯವರ ಬೆಂಬಲವಿದ್ದುದರಿಂದ ಶಿವಸೇನೆಯ ಮುಖ್ಯಸ್ಥ ಉದ್ಧವ್‌ಜಿ ಸಮರ್ಥವಾಗಿ ನಿಭಾಯಿಸಿದರು.,happy,kn
"ಓಂ ನಮಃ ಶಿವಾಯ... ನಿಮ್ಮೆಲ್ಲರಿಗೂ ""ಮಹಾಶಿವರಾತ್ರಿ""ಯ ಶುಭಾಶಯಗಳು!",happy,kn
ನಿಮಗೆ ಮತ್ತು ನಿಮ್ಮ ಕುಟುಂಬಕ್ಕೆ ರಕ್ಷಾ ಬಂಧನ ಮತ್ತು ನರಳಿ ಪೂರ್ಣಿಮೆಯ ಶುಭಾಶಯಗಳು.,happy,kn
ಎಲ್ಲರಿಗೂ ಮಹಾಶಿವರಾತ್ರಿಯ ಶುಭಾಶಯಗಳು!,happy,kn
ವಜ್ರವನ್ನು ಏಕೆ ಧರಿಸಬೇಕು ಏಕೆಂದರೆ ಅದು ದೊಡ್ಡ ಬೆಳಕನ್ನು ನೀಡುತ್ತದೆ?,neutral,kn
ಆರಂಭ ತುಂಬಾ ಚೆನ್ನಾಗಿದೆ.,neutral,kn
|| ಶ್ರೀ || ತುಂಬ ಪ್ರೀತಿಯಿಂದ ಮಾಡಿದ ವಿನಂತಿ ‘ಪ್ರೇಮಾಗ್ನಿ’.,neutral,kn
ಎಂಜಿನಿಯರ್‌ಗಳು ನಿರ್ಮಿಸಿದ ವೆಬ್‌ಸೈಟ್‌ಗಳಲ್ಲಿ ಕೆಲಸ ಮಾಡುತ್ತಿರುವ ಎಲ್ಲರಿಗೂ ಇಂಜಿನಿಯರ್ ದಿನದ ಶುಭಾಶಯಗಳು,happy,kn
"*ತೆಂಗಿನ ಪೂರ್ಣಿಮಾ ಮತ್ತು ರಕ್ಷಾ ಬಂಧನದ ಶುಭಾಶಯಗಳು, ಶುಭೋದಯ*",happy,kn
ಜವಾಬ್ದಾರಿಯುತ ನಾಯಕನಾಗಿ ನಿಮ್ಮ ಕೆಲಸಕ್ಕೆ ಸೆಲ್ಯೂಟ್!,happy,kn
ನೀನು ವೇದಶಾಸ್ತ್ರದ ಮಂಗಳಕರ ಸಾಕಾರ. ಲೆಕ್ಕವಿಲ್ಲದಷ್ಟು ಮಹಿಮೆಯು ನಿಮ್ಮ ಸಮೃದ್ಧಿಯಾಗಿದೆ.,neutral,kn
ಮಹಾರಾಷ್ಟ್ರ ಪೊಲೀಸರಿಗೆ ಹೃತ್ಪೂರ್ವಕ ವಂದನೆಗಳು,happy,kn
ಅಭಿನಂದನೆಗಳು ಸರ್.. ಯಶಸ್ಸನ್ನು ಪಡೆಯುತ್ತಿರಿ,happy,kn
ಮತ್ತು ಸ್ಮಾರ್ಟ್‌ಫೋನ್‌ನ ವಿವಿಧ ಅತ್ಯಾಕರ್ಷಕ ವೈಶಿಷ್ಟ್ಯಗಳನ್ನು ಅಕ್ಟೋಬರ್‌ನಲ್ಲಿ ಲಭ್ಯಗೊಳಿಸಲಾಗಿದೆ.,neutral,kn
"ಸಹೋದರರೇ, ಇದನ್ನು ಸಾಧ್ಯವಾದಷ್ಟು ಜನರಿಗೆ ಹರಡೋಣ...ಗ್ರಾಮೀಣ ಪ್ರದೇಶಗಳಲ್ಲಿ ಸಂಶೋಧನೆಯ ಪ್ರವೃತ್ತಿಯನ್ನು ಉತ್ತೇಜಿಸೋಣ.",happy,kn
ನಮ್ಮೊಂದಿಗೆ ಸಂವಹನ ಮಾಡಿದ್ದಕ್ಕಾಗಿ ಧನ್ಯವಾದಗಳು. ದೂರನ್ನು ಪರಿಹರಿಸಲಾಗಿದೆ.,neutral,kn
ಮಹಾರಾಷ್ಟ್ರ ರಾಜ್ಯ ಸಚಿವ ಸ್ಥಾನಕ್ಕೆ ಆಯ್ಕೆಯಾಗಿದ್ದಕ್ಕೆ ಹೃತ್ಪೂರ್ವಕ ಅಭಿನಂದನೆಗಳು.,happy,kn
ವೇಟ್ ಲಿಫ್ಟಿಂಗ್ ನಲ್ಲಿ ಬೆಳ್ಳಿ ಪದಕ ಗೆದ್ದ ಮೀರಾಬಾಯಿ ಚಾನು ಅವರಿಗೆ ಅಭಿನಂದನೆಗಳು...,happy,kn
"ನಾನು ತುಂಬಾ ಉತ್ಸುಕನಾಗಿದ್ದೇನೆ, ಪ್ರತಿಯೊಬ್ಬರೂ ಇದನ್ನು ನೋಡಬೇಕು.",happy,kn
ಸರ್ ದೊಡ್ಡ ಕೆಲಸ ಮಾಡುತ್ತಿದ್ದಾರೆ. ನಾವು ನಿಮ್ಮೊಂದಿಗಿದ್ದೇವೆ,neutral,kn
ಮರಾಠವಾಡದ ಅಭಿವೃದ್ಧಿ ಹಿನ್ನಡೆಯನ್ನು ತುಂಬುವ ಬೇಡಿಕೆಯನ್ನು ಆಕಾಶ್ ಜಿ ಈಡೇರಿಸಿದ್ದಾರೆ.,neutral,kn
ಇದು ನಿಜವಾಗಿಯೂ ಒಂದು ಅದ್ಭುತ ಅನುಭವ.,happy,kn
ಈ ವಿಡಿಯೋ ತುಂಬಾ ಚೆನ್ನಾಗಿದೆ. ಇದು ಎಲ್ಲರಿಂದಲೂ ವೈರಲ್ ಆಗಬೇಕು...,happy,kn
"ಈ ಹೊಸ ವರ್ಷವನ್ನು ಸ್ವಾಗತಿಸೋಣ, ಹಳೆಯ ಕನಸುಗಳು, ಹೊಸ ಹೂವುಗಳು, ಹೊಸ ವರ್ಷದ ಶುಭಾಶಯಗಳು...",happy,kn
ನಿಮ್ಮ ಶಕ್ತಿ ಶಾಶ್ವತವಾಗಿ ಸ್ಥಗಿತಗೊಂಡಿದೆಯೇ? ಹಾಗಾದರೆ ಇದು ನಿಮಗೆ ಸುವರ್ಣಾವಕಾಶ,neutral,kn
"ಗುಡ್ ನ್ಯೂಸ್, ಬೌಲರ್ ಉಮೇಶ್ ಯಾದವ್ ತಂದೆಯಾದರು./-...",happy,kn
ಬಡವರು ನಜ್ಜುಗುಜ್ಜಾಗುತ್ತಾರೆ.. ಶಿವ ಭೋಜನ ತಾಳಿ ಸವಿಯುವವರು ಬಹಳ ಮಂದಿ ಇದ್ದಾರೆ..,neutral,kn
ಸಾರ್ ನೀವು ರೈತರಿಗೆ ಏನಾದರೂ ಮಾಡ್ತೀರಾ,happy,kn
"ದೈನಿಕ್ ಏಕಮಾತ್, ದೇಶೋನ್ನತಿ, ಮರಾಠವಾಡ ಕೇಸರಿ ಪತ್ರಿಕೆಗೆ ಧನ್ಯವಾದಗಳು...",happy,kn
ಇದು ನಿಜ ಸಹೋದರ,neutral,kn
"ಧನ್ಯವಾದಗಳು ತೈಸಾಹೇಬ್, ನಿಮ್ಮ ಶುಭ ಹಾರೈಕೆಗಳು ಹೆಚ್ಚಿನ ಶಕ್ತಿಯನ್ನು ನೀಡುತ್ತವೆ",happy,kn
ದೇವಭಾವು ಅವರಂತಹ ಕರ್ತವ್ಯನಿಷ್ಠ ಮತ್ತು ಪ್ರಾಮಾಣಿಕ ನಾಯಕ ನಮಗೆ ಬೇಕು,neutral,kn
ಇಂದಿನಿಂದ ಪ್ರಾರಂಭವಾಗುವ ನವರಾತ್ರಿ ಹಬ್ಬದ ಶುಭಾಶಯಗಳು ಎಲ್ಲರಿಗೂ!,happy,kn
"ಪ್ರವಾಸ್ ಉತ್ಸವಕ್ಕೆ ಧನ್ಯವಾದಗಳು, ನಾನು ಈಗ ನನ್ನ ಪ್ರಯಾಣವನ್ನು ಕೈಗೆಟುಕುವ ಬೆಲೆಯಲ್ಲಿ ಪೂರ್ಣಗೊಳಿಸಬಹುದು.",happy,kn
ಸಂತನಗರಿ ಶೇಗಾಂವ್‌ನಲ್ಲಿ ಸ್ವರಾಜ್ಯ ಧ್ವಜ ಯಾತ್ರೆಗೆ ಸ್ವಾಗತ! ..//,happy,kn
ಇಡೀ ಮಹಾರಾಷ್ಟ್ರವೇ ಸುಖವಾಗಿರುವಂತೆ ಹಕ್ಕಿಗೆ ಮೋಸ ಮಾಡಿದರು.,angry,kn
ನೀವು ಸಂತೋಷದ ರೈತರಾಗಲಿ: ಎಲ್ಲಾ ರೈತ ಸಹೋದರ ಸಹೋದರಿಯರಿಗೆ ರಾಷ್ಟ್ರೀಯ ರೈತ ದಿನದ ಶುಭಾಶಯಗಳು.,happy,kn
"ನಾಗಪಂಚಮಿ ಹಬ್ಬದ ವಿಜೇತರಿಗೆ ಸ್ವರಾಜ್ಯದ ಗೌರವಾರ್ಥ ಸೀರೆ, ಚಿನ್ನದ ಮೂಗುತಿ, ಬೆಳ್ಳಿ ಉಂಗುರ ಮತ್ತು ಕೆಲವು ವಸ್ತುಗಳನ್ನು ನೀಡಲಾಗುವುದು.",happy,kn
ಸಮರ್ಪಣೆ ಇರುವಲ್ಲಿ ಸೋಲು ಇರುವುದಿಲ್ಲ ಮತ್ತು ಪ್ರೀತಿಯ ಬಗ್ಗೆ ಹೇಳಿಕೆ ಸಂಪೂರ್ಣವಾಗಿ ಸರಿ.,happy,kn
ಜೈ ಶ್ರೀ ರಾಮ್ ಚೈತ್ರ ಪೂರ್ಣಿಮೆ ಮತ್ತು ಹನುಮ ಜಯಂತಿಯ ಶುಭಾಶಯಗಳು,happy,kn
ಹಿರಿಯರ ಸಂಗದಲ್ಲಿ ಜ್ಞಾನಾಭಿಷೇಕ - ಡಾ.ಮಾಲಪಾಣಿ.//,happy,kn
"ಸಿಗ್ನಲ್ ತುಂಬಾ ಚೆನ್ನಾಗಿದೆ, ಈಗ ಆಶಾದಾಯಕವಾಗಿ ಬೆಳಕು ಇರುತ್ತದೆ ಮತ್ತು ದಾರಿ ಗೋಚರಿಸುತ್ತದೆ",neutral,kn
"ಸಂತೋಷವಾಗಿರಲು ಒಂದೇ ಒಂದು ಸರಳ ಮಾರ್ಗವಿದೆ... ನಿಮ್ಮಿಂದ ನಿರೀಕ್ಷೆಗಳನ್ನು ಹೊಂದಿರಿ, ಇತರರಿಂದ ಅಲ್ಲ.",happy,kn
ಆಳಂದಿಯಲ್ಲಿ ಒಂದು ಗ್ರಾಮ ಒಂದು ಗಣೇಶೋತ್ಸವ ಕಾರ್ಯಕ್ರಮಕ್ಕೆ ಉತ್ಸಾಹದ ಪ್ರತಿಕ್ರಿಯೆ.../ /,happy,kn
"ಓಂ ಗಣ ಗಣಪತಯೇ ನಮಃ ಓಂ ನಮಃ ಶಿವಾಯ ಗಣಪತಿ ಬಪ್ಪ ಮೋರ್ಯ, ಮಂಗಳಮೂರ್ತಿ ಮೋರ್ಯ",happy,kn
ಹೊಸ ವರ್ಷದ ಮೊದಲ ಮುಂಜಾನೆ ಮಹಾರರ ಶೌರ್ಯಕ್ಕೆ ಸಾಕ್ಷಿಯಾಗಿದೆ.,happy,kn
ತುಂಬಾ ತುಂಬಾ ಚೆನ್ನಾಗಿದೆ,neutral,kn
"ತುಂಬಾ ಒಳ್ಳೆಯ ಚಟುವಟಿಕೆ, ನಾನು ಕೂಡ ಸೇರುತ್ತೇನೆ",neutral,kn
"ಬ್ಯಾಡ್ಮಿಂಟನ್ ಸಿಂಗಲ್ಸ್ ಫೈನಲ್ (ಪುರುಷರು) ನಡೆಯುತ್ತಿದ್ದು, ಲಕ್ಷ್ಯ ಸೇನ್ ಅದ್ಭುತವಾಗಿ ಆಡುತ್ತಿದ್ದಾರೆ.",happy,kn
ಧುಲೇಕರರ ಪರವಾಗಿ ಬಾಬಾಸಾಹೇಬರಿಗೆ ವಂದನೆಗಳು,happy,kn
ಪುಣೆಯ ನಿವಾಸಿಗಳು ತಮ್ಮ ಮನೆಯ ಹೊರಗೆ ಬೋರ್ಡ್ ಹಾಕಿದರೆ ಪರಿಹಾರ ಸಿಗುತ್ತದೆ.,neutral,kn
ಅಮರಾವತಿ ತಾಲೂಕಿನ ಅಂಜನಗಾಂವ ಬರಿಯಲ್ಲಿ ಆಯೋಜಿಸಿದ್ದ ಮಹಾರಾಜಸ್ವ ಅಭಿಯಾನದಲ್ಲಿ ಸಭಿಕರನ್ನುದ್ದೇಶಿಸಿ ಮಾತನಾಡಿದರು.,neutral,kn
ಪ್ರಥಮೇಶ್ ಸಾಮಾಜಿಕ ಜಾಲತಾಣಗಳ ಮೂಲಕ ವಿಶ್ವದಾದ್ಯಂತ ಮೆಚ್ಚುಗೆ ಪಡೆಯುತ್ತಿದ್ದಾರೆ./-...,happy,kn
ರವೀಂದ್ರ ಪಾಟೀಲ್ ಮತ್ತು ಕುಟುಂಬದವರು ನಿಮಗೆ ಮತ್ತು ನಿಮ್ಮ ಇಡೀ ಕುಟುಂಬಕ್ಕೆ ಹೊಸ ವರ್ಷದ ಶುಭಾಶಯಗಳು.,happy,kn
"ತುಂಬಾ ಚೆನ್ನಾಗಿ ಬರೆಯಲಾಗಿದೆ, ಅದ್ಭುತ ಬೆದರಿಕೆ. ಈ ಆಲೋಚನೆಗಳನ್ನು ಕೆಲವು ಜನರೊಂದಿಗೆ ಹಂಚಿಕೊಳ್ಳುವುದು,",happy,kn
"ಇಲ್ಲಿ ಕಾಲೇಜಿನಲ್ಲಿ ಶರ್ಮಾ ಟೀ ಟ್ರೈ ಮಾಡಿ, ಅಂತಹ ಟೀ ನಿಮಗೆ ಬೇರೆಲ್ಲೂ ಸಿಗುವುದಿಲ್ಲ",neutral,kn
ಇವರೆಲ್ಲ ನಾಲ್ಕೈದು ತಿಂಗಳು ತಯಾರಿ ನಡೆಸುತ್ತಾರೆ,neutral,kn
ತುಂಬಾ ಚೆನ್ನಾಗಿದೆ,happy,kn
"ಒಬ್ಬ ಸೂರ್ಯ, ಒಬ್ಬ ಚಂದ್ರ, ಒಂದು ಪಕ್ಷ ಶಿವಸೇನೆ ಮತ್ತು ಒಬ್ಬ ನಾಯಕ ಶ್ರೀ ಉದ್ಧವ್ ಸಾಹೇಬ್ ಬಾಳಾ ಸಾಹೇಬ್ ಠಾಕ್ರೆಯಂತೆ.",happy,kn
"ಧನ್ಯವಾದಗಳು, ಈ ಪಾತ್ರವನ್ನು ನಿಮ್ಮಿಂದ ನಿರೀಕ್ಷಿಸಲಾಗಿತ್ತು.",happy,kn
| ಸಾಂಪ್ರದಾಯಿಕ ರೀತಿಯಲ್ಲಿ ಸಾಂಗ್ಲಿಯಲ್ಲಿ ಶಿವರಾಯರ ಆಗಮನ./,happy,kn
ಜನ್ಮದಿನದ ಶುಭಾಶಯಗಳು ಸಹೋದರ !!,happy,kn
ಸಾಹೇಬರು ಮಾಶಾಲಿಯನ್ನು ಪ್ರಚಾರ ಮಾಡುತ್ತಾರೆ ಮತ್ತು ಹರಡುತ್ತಾರೆ.,neutral,kn
ನಮಗೆ ಉತ್ತಮ ಶಿಕ್ಷಣ ನೀಡುತ್ತಿರುವ ಈ ರೀತಿಯ ವೇದಿಕೆ..ಅದ್ಭುತ,happy,kn
ನೀವು ಸನ್ಮಾನಿಸಲಿದ್ದೀರಿ ಎಂದು ನಿಮಗೆ ತಿಳಿದಿದೆಯೇ ಸರ್?,happy,kn
ಶ್ಲಾಘನೀಯ ಉಪಕ್ರಮ ಮತ್ತು ಸರಿಯಾದ ಚಿಂತನೆ..!,happy,kn
"ಬೇಗ ಹೇಳಿ ಸಾರ್, ನಾವು ನಿಮ್ಮ ಬಗ್ಗೆ ತುಂಬಾ ಉತ್ಸುಕರಾಗಿದ್ದೇವೆ",happy,kn
ನಿಮ್ಮ ಹಿಂದಿನ ಅನುಭವ ಮತ್ತು ನೆನಪುಗಳು ನಿಮ್ಮ ಸ್ವತ್ತುಗಳಾಗಿವೆ. ಅದನ್ನೇ ನಾನು ಕೇಳಲು ಇಷ್ಟಪಡುತ್ತೇನೆ.,happy,kn
ಹೊಸ ವರ್ಷದ ಶುಭಾಶಯಗಳು ತೈಸಾಹೇಬ್,happy,kn
"ಬಹಳ ನ್ಯಾಯಯುತವಾಗಿರಿ, ಪ್ರತಿನಿಧಿ ಮತ್ತು ಪ್ರತಿನಿಧಿಯಾಗಿರಲು ಯಾವಾಗಲೂ ಸಿದ್ಧರಾಗಿರಿ",happy,kn
ನಿಮ್ಮೆಲ್ಲರ ಈ ಪ್ರೀತಿ ಸದಾ ಹೀಗೆಯೇ ಇರಲಿ.,happy,kn
ಎಲ್ಲರಿಗೂ ಶುಭವಾಗಲಿ,happy,kn
ವಿದೇಶಿ ಪ್ರವಾಸಿಗರು ಇಮಾರ್ಟಿಯ ರುಚಿಯನ್ನು ಸವಿದರು-./.?...,neutral,kn
ಸಿಹಿ ಪದಗಳನ್ನು ಹೊಂದಿರಿ! ಎಲ್ಲರಿಗೂ ಮಕರ ಸಂಕ್ರಾಂತಿಯ ಶುಭಾಶಯಗಳು!,happy,kn
ಓಂ ನಮಃ ಶಿವಾಯ,neutral,kn
"ನಿಮ್ಮ ಮೆಚ್ಚುಗೆಗೆ ಧನ್ಯವಾದಗಳು, ಮುಂದಿನ ಕ್ರಮಕ್ಕಾಗಿ ನಾವು ನಿಮ್ಮ ದೂರನ್ನು ಸಂಬಂಧಪಟ್ಟ ಪೊಲೀಸ್ ಠಾಣೆಗೆ ಕಳುಹಿಸುತ್ತಿದ್ದೇವೆ",neutral,kn
"ಪ್ರತಿಯೊಬ್ಬ ಹಿಂದೂ, ದೇಶಭಕ್ತ ಭಾರತೀಯ ಇದನ್ನು ಓದಲೇಬೇಕು!",neutral,kn
ಮದುವೆಯಲ್ಲಿ ನೃತ್ಯ ಮಾಡುವುದು ಸಂತೋಷ ಮತ್ತು ಬುದ್ಧಿವಂತಿಕೆಯ ವಿಷಯ ಎಂದು ಜನರು ನಂಬುತ್ತಾರೆ. .,happy,kn
ಭಾರತವು ಡಿಸೆಂಬರ್‌ನಿಂದ ಜಿಕೆ ಅಧ್ಯಕ್ಷರಾಗಲಿದೆ ಮತ್ತು ಮೊದಲ ಬಾರಿಗೆ ಜಿ ನಾಯಕರ ಶೃಂಗಸಭೆಯನ್ನು ಕರೆಯಲಿದೆ,happy,kn
ಈ ಉತ್ತಮ ಟ್ರೈಲರ್ ನನಗೆ ತುಂಬಾ ಇಷ್ಟವಾಯಿತು.,happy,kn
ಜ್ಯೋತಿರಾದಿತ್ಯ ಜಿ ಶಿಂಧೆ ಅವರಿಗೆ ಜನ್ಮದಿನದ ಶುಭಾಶಯಗಳು,happy,kn
ಕೊಲ್ಹಾಪುರದಲ್ಲಿ ದೀಪಾವಳಿ ಆಚರಣೆಯು ತುಂಬಾ ಸುಂದರವಾಗಿದೆ ಮತ್ತು ಆ ಸಮಯದಲ್ಲಿ ಗೌರವಾನ್ವಿತ ನಾಯಕ ರಾಜ್ ಠಾಕ್ರೆ ಸಾಹೇಬ್ ಅಲ್ಲಿ ಉಪಸ್ಥಿತರಿದ್ದರು.,happy,kn
ಭೌ ಹಿಂದೂಗಳ ನಿಜವಾದ ಶತ್ರು ಯಾರು ಎಂದು ಈಗ ಜನರು ನಂಬಲು ಪ್ರಾರಂಭಿಸಿದ್ದಾರೆ. ಜೈ ಮಹಾರಾಷ್ಟ್ರ.,angry,kn
ಐದು ಸಾವಿರ ಅನುಯಾಯಿಗಳನ್ನು ತಲುಪಲು ನಮಗೆಲ್ಲರಿಗೂ ಸಂತೋಷವಾಗಿದೆ,happy,kn
ನಿಮ್ಮ ಪಕ್ಷದ ಪಪ್ಪುಸೇನೆಯಿಂದ ಬಿಜೆಪಿ ಅಭಿವೃದ್ಧಿಯಾಗಿದೆ ಎಂದು ನೀವು ಹೇಳಿದ್ದು ಸರಿ.,neutral,kn
"ಲೇಖಕ, ದಾರ್ಶನಿಕ ಮತ್ತು ನೊಬೆಲ್ ಪ್ರಶಸ್ತಿ ವಿಜೇತ ಗುರು ರವೀಂದ್ರನಾಥ ಟ್ಯಾಗೋರ್ ಅವರ ಸ್ಮರಣಾರ್ಥ ದಿನದಂದು ಅವರಿಗೆ ಹೃತ್ಪೂರ್ವಕ ನಮನಗಳು.",happy,kn
ಭಾರವಾಗಿತ್ತು,neutral,kn
ವಿಜಯ ಬಾಳಾ ಸಾಹೇಬರ ಆಶೀರ್ವಾದ.,happy,kn
ಭವಿಷ್ಯಕ್ಕಾಗಿ ಶುಭಾಶಯಗಳು!,happy,kn
ಮಹಾರಾಷ್ಟ್ರದ ಕುಲದೇವತೆಯಾದ ಖಂಡೋಬಾನ ಚಂಪಾಷಷ್ಠಿ ಹಬ್ಬದ ಶುಭಾಶಯಗಳು!,happy,kn
ಆಲ್ ದಿ ಬೆಸ್ಟ್... ನಾವೂ ನಿಮಗೆ ಬೆಂಬಲ ನೀಡುತ್ತೇವೆ... ಜೈ ವಿದರ್ಭ,happy,kn
ಕೋಜಗಿರಿ ಪೂರ್ಣಿಮಾ ಶುಭಾಶಯಗಳು!!,happy,kn
ಈ ಮಹತ್ವದ ಜವಾಬ್ದಾರಿಯನ್ನು ಪಡೆದಿದ್ದಕ್ಕಾಗಿ ಅಭಿನಂದನೆಗಳು.,happy,kn
ಆದ್ದರಿಂದ ನಿಮ್ಮ ಅಸ್ತಿತ್ವವು ಉತ್ತಮ ಜನರಿಗೆ ಬದ್ಧವಾಗಿದೆ.,neutral,kn
ಆಘಾತ ಏನು? ಆ ಹುದ್ದೆಯನ್ನು ತುಂಬಲು ಹಲವು ಹೊಸ ಶಿವಸೈನಿಕರು ಸಿದ್ಧರಾಗಿದ್ದಾರೆ..!!,happy,kn
"ತುಂಬಾ ಚೆನ್ನಾಗಿದೆ ಸರ್, ಈ ಚಿಕ್ಕ ಸಹಾಯ ಆ ಕುಟುಂಬದ ಎಲ್ಲರ ಮುಖದಲ್ಲಿ ಮಂದಹಾಸ ಮೂಡಿಸಿದೆ.",happy,kn
"ಸರ್ವ ಮಂಗಳ ಮಾಂಗಲ್ಯೇ, ಶಿವೇ ಸರ್ವಾರ್ಥ ಸಾಧಿಕಾ, ಶರಣ್ಯ ತ್ರ್ಯಂಬ್ಕೆ ಗೌರಿ, ನಾರಾಯಣಿ ನಮೋಸ್ತುತೇ...",happy,kn
ಜನ್ಮದಿನದ ಶುಭಾಶಯಗಳು ಸಹೋದರ,happy,kn
ಶುಭ ಪ್ರಯಾಣ ಗುರೂಜಿ. ./_,happy,kn
ಮರಾಠಿ ಟೈಗರ್ ನಿಮ್ಮ ಬಗ್ಗೆ ತುಂಬಾ ಹೆಮ್ಮೆ ಮತ್ತು ಹೆಮ್ಮೆ ಇದೆ,happy,kn
ತುಂಬಾ ಚಿಂತೆ! ಮನಸ್ಸು ತುಂಬಿ ಉಳಿಯುತ್ತದೆ. ಆದರೆ ಇದೆಲ್ಲವೂ ಜೂನ್ ನಂತರ ಅನಿಸಲಾರಂಭಿಸಿತು.,sad,kn
ಇವರು ವಿದೇಶಿಗರು,neutral,kn
ಹದಿಹರೆಯದ ಹುಡುಗನಿಗೆ ವರ ಎಂದು ಕರೆದರೆ ಸಂತೋಷವಾಗುವುದಿಲ್ಲ.,neutral,kn
ನನ್ನ ಸಹೋದ್ಯೋಗಿಗಳಿಗೆ ದೀರ್ಘಾಯುಷ್ಯದ ಶುಭಾಶಯಗಳು.,happy,kn
ಏಳು ದಿನಗಳ ಭಗವತ್ ಜ್ಞಾನ ಗಂಗಾ ಉದ್ಘಾಟನೆ./ ?,neutral,kn
"ದೇಶದ ಇತಿಹಾಸದಲ್ಲಿ ಮಹಾರಾಷ್ಟ್ರವನ್ನು ಹೆಮ್ಮೆಯ ಮತ್ತು ಪವಿತ್ರ ಕ್ಷಣವೆಂದು ಆಚರಿಸಲಾಗುತ್ತದೆ, ಅದರ ಉತ್ಸಾಹಿಗಳ ಅಭಿಪ್ರಾಯವು ಇನ್ನಷ್ಟು ಉತ್ಸಾಹಭರಿತವಾಗಿದೆ.",happy,kn
"ದವಡೆ ಮುರಿದಿದ್ದರೂ, ಅನಿಲ್ ಕುಂಬ್ಳೆ ಏಕಾಂಗಿಯಾಗಿ ಓವರ್ ಬೌಲ್ ಮಾಡುವ ಧೈರ್ಯವನ್ನು ಹೊಂದಿದ್ದರು.",happy,kn
ಡೊಂಬಿವಲಿಯಲ್ಲಿ ಬಣ್ಣಗಳನ್ನು ಆಡುತ್ತಿದ್ದಾಗ ಎರಡು ಗುಂಪುಗಳು ಸಣ್ಣ ಜಗಳಕ್ಕೆ ಹೊಡೆದವು.,neutral,kn
ಮಹಾರಾಷ್ಟ್ರದ ಉಜ್ವಲ ಭವಿಷ್ಯಕ್ಕಾಗಿ ಪಾರದರ್ಶಕ ನೇಮಕಾತಿ...,neutral,kn
"ಹವಾ ಆನೆ ದೋ, ಮಹಾರಾಷ್ಟ್ರದ ನಗೆ ಮೇಳ ನನ್ನ ನೆಚ್ಚಿನ ಕಾರ್ಯಕ್ರಮ.",happy,kn
ಧನ್ಯವಾದಗಳು ವಿಕ್ರಾಂತ್ ಜೀ! ಮರಾಠ ಯುವಕರ ಹಿತಕ್ಕಾಗಿ ಒಟ್ಟಾಗಿ ಕೆಲಸ ಮಾಡೋಣ!,happy,kn
ನಮ್ಮ ಗೆಳೆಯ ಡಾ.ಅಮೋಲ್ ಕನ್ಯಾ ರತ್ನ ಪಡೆದರು,happy,kn
"ಎಲ್ಲಾ ಬದಲಾವಣೆಗಳು ಸಮಯದೊಂದಿಗೆ ಸಂಭವಿಸಿದರೂ, ನಾವು ನಮ್ಮ ನಿರ್ಣಯವನ್ನು ಬಿಟ್ಟುಕೊಟ್ಟಿಲ್ಲ",happy,kn
ರಾಯಗಢ್ ಜಿಲ್ಲೆಯಲ್ಲಿ ನಿಮ್ಮೊಂದಿಗೆ ಇರುವ ಜನರಿಗೆ ಈ ವಾಕ್ಯವನ್ನು ಹೇಳಿದ್ದಕ್ಕಾಗಿ ಧನ್ಯವಾದಗಳು. ಮಂತ್ರಿ ಮಾರ್ಗದರ್ಶಕ,happy,kn
ಜ್ಯೋತಿಷ್ಯ ಉಪನ್ಯಾಸ ಸರಣಿಗೆ ಅದ್ಭುತ ಪ್ರತಿಕ್ರಿಯೆ - ./--...,neutral,kn
ಡ್ರಮ್ ಬಾರಿಸುವುದು ಮತ್ತು ಹಾಡುವುದು ಅವರಿಗೆ ನಂಬರ್ ಒನ್ ಐಡಿಯಾ.,happy,kn
ಎಲ್ಲರಿಗೂ ಸಂಕಟ ಚತುರ್ಥಿಯ ಶುಭಾಶಯಗಳು,happy,kn
ಅಭಿನಂದನೆಗಳು ಮತ್ತು ಅದೃಷ್ಟ. ಪುಣೆಯಲ್ಲಿದ್ದಾಗ ಮುಂದಿನ ಬ್ಯಾಚ್ ಖಂಡಿತಾ ಬರುತ್ತದೆ.,happy,kn
ಶಕ್ತಿಶಾಲಿ ದೇವರು ಮಂಗುಟ್ ಅನ್ನು ಸೆರೆಹಿಡಿಯಲಾಯಿತು ಮತ್ತು ಹೆಸರುಗಳನ್ನು ಗೊಂದಲಗೊಳಿಸಲಾಯಿತು. ನಿಮ್ಮ ಇತಿಹಾಸದ ಅಧ್ಯಯನ ವಿವಾದಾತ್ಮಕವಾಗಿದೆ.,happy,kn
ಗಣಪತಿ ನಿಮಜ್ಜನವನ್ನು ಸಮುದ್ರ ರಕ್ಷಕ ದಳ ಹಾಗೂ ಜೀವರಕ್ಷಕರ ನೆರವಿನಿಂದ ಸುರಕ್ಷಿತವಾಗಿ ನೆರವೇರಿಸಲಾಯಿತು.,neutral,kn
ಇಂದಿನಿಂದ ಪ್ರಾರಂಭವಾಗುವ ಅಣೆಕಟ್ಟು ಯೋಜನೆಯ ಉದ್ಘಾಟನೆಗೆ ಎಲ್ಲರಿಗೂ ಶುಭಾಶಯಗಳು!,happy,kn
ಕೋಜಗಿರಿ ಪೂರ್ಣಿಮಾ ಶುಭಾಶಯಗಳು.,happy,kn
ಎಲ್ಲರಿಗೂ ರಕ್ಷಾಬಂಧನ ಮತ್ತು ನರಳಿ ಪೂರ್ಣಿಮೆಯ ಶುಭಾಶಯಗಳು..!,happy,kn
ಮದರಾಸಿನ ವಿದ್ಯಾರ್ಥಿಗಳು ಅಭಿವೃದ್ಧಿಪಡಿಸಿದ ಹೊಸ ಸಾಫ್ಟ್‌ವೇರ್‌ನಿಂದ ಈ ಕ್ಷೇತ್ರಕ್ಕೆ ಹೆಚ್ಚಿನ ಲಾಭವಾಗಲಿದೆ,happy,kn
ಜನ್ಮದಿನದ ಶುಭಾಶಯಗಳು ಸರ್,happy,kn
"ಆತ್ಮೀಯ ನಾಥಭಾವು ಖಡ್ಸೆ, ನಿಮಗೆ ಹೊಸ ವರ್ಷದ ಶುಭಾಶಯಗಳು..//...",happy,kn
ಯೋಜನೆಯನ್ನು ಪ್ರಾಯೋಗಿಕ ಯಶಸ್ಸನ್ನು ಪರಿಗಣಿಸಿ.,neutral,kn
ಎಲ್ಲಾ ನಾಗರಿಕರಿಗೆ ಜನ್ಮದಿನದ ಶುಭಾಶಯಗಳು!,happy,kn
ಇತರ ಜನಪ್ರತಿನಿಧಿಗಳೂ ಇದನ್ನು ಅನುಸರಿಸಬೇಕು. ತುಂಬಾ ಒಳ್ಳೆಯ ಚಟುವಟಿಕೆ.,happy,kn
"ಅಭಿನಂದನೆಗಳು ಸರ್, ಭವಿಷ್ಯಕ್ಕೆ ಶುಭ ಹಾರೈಕೆಗಳು...",happy,kn
ಭೀಮಾ ಕೋರೆಗಾಂವ್ ಶೌರ್ಯ ದಿನದ ಶುಭಾಶಯಗಳು...!!!,happy,kn
ರಾಧೆ-ರಾಧೆ,neutral,kn
ನಿಮ್ಮೆಲ್ಲರ ಆಶೀರ್ವಾದದಿಂದ ಅನಸರಕ ಪೂರ್ಣಗೊಂಡಿದೆ. ಎಲ್ಲರಿಗೂ ತುಂಬಾ ಧನ್ಯವಾದಗಳು,happy,kn
ಸಹೋದರತ್ವದ ಅವಿನಾಭಾವ ಸಂಬಂಧದ ಹಬ್ಬವಾದ ರಕ್ಷಾಬಂಧನ ಮತ್ತು ತೆಂಗಿನಕಾಯಿ ಪೂರ್ಣಿಮೆಯ ಶುಭಾಶಯಗಳು!,happy,kn
ಈ ನಿರ್ಧಾರವು ರಾಜ್ಯದ ನ್ಯಾಯಾಂಗ ವ್ಯವಸ್ಥೆಯನ್ನು ಇನ್ನಷ್ಟು ಪರಿಣಾಮಕಾರಿಯಾಗಿಸಲು ಖಂಡಿತವಾಗಿಯೂ ಸಹಾಯ ಮಾಡುತ್ತದೆ.,neutral,kn
ಅಭಿನಂದನೆಗಳು ಸಹೋದರ...ನೀವು ಇತಿಹಾಸ ಸೃಷ್ಟಿಸಿದ್ದೀರಿ ಬಾಹುಬಲಿ ನೀರಜ್ ಚೋಪ್ರಾ,happy,kn
ಪ್ರಜಾಪ್ರಭುತ್ವ ಜೀವಂತವಾಗಿದೆ ಎಂದು ಹೇಳುತ್ತಿರುವ ವೀರ ಪತ್ರಕರ್ತರಿಗೆ ಶುಭಾಶಯಗಳು,happy,kn
ಧನುಭಾಯಿ ವಿದ್ಯಾರ್ಥಿಗಳಿಗೆ ಮಾದರಿಯಾಗಿದ್ದಾರೆ.,happy,kn
ಒಪ್ಪಿದೆ ಆದರೆ ಈಗ ಅದೊಂದು ಚಟವಾಗಿಬಿಟ್ಟಿದೆ,sad,kn
ಕೋಜಗಿರಿ ಪೂರ್ಣಿಮಾ ಶುಭಾಶಯಗಳು!,happy,kn
ಮೀರಾಬಾಯಿ ಚಾನು ಅವರಿಗೆ ಹೃತ್ಪೂರ್ವಕ ಅಭಿನಂದನೆಗಳು.,happy,kn
ಅವರು ಮಹಿಳಾ ಶಕ್ತಿಯನ್ನು ತೋರಿಸಿದರು. ನಿಮ್ಮ ಧೈರ್ಯವನ್ನು ಮೆಚ್ಚಲೇಬೇಕು.,happy,kn
ಈಗ ಮಹಾ ಕದನ ನಡೆಯಲಿದೆ... ಬಾಳಾ ಸಾಹೇಬರ ಶಿವಸೇನೆ ವಿರುದ್ಧ ಉದ್ಧವ್ ಠಾಕ್ರೆಯ ಶಿವಸೇನೆ. ಬಾಳಾ ಸಾಹೇಬರ ಶಿವಸೇನೆ,neutral,kn
ಇದು ನಿಜ,neutral,kn
ಇಂತಹ ಘಟನೆ ನಡೆದಿರುವುದು ವಿಶೇಷ. .......,happy,kn
ಜೈ ಸ್ವಾಮಿನಾರಾಯಣ ಗಣಪತಿ ಬಪ್ಪ ಮೋರ್ಯಮಂಗಲಮೂರ್ತಿ ಮೋರ್ಯಾ!!,happy,kn
ಅಣ್ಣ-ತಂಗಿಯರ ಅವಿನಾಭಾವ ಪ್ರೀತಿ ಮತ್ತು ಬಾಂಧವ್ಯದ ಹಬ್ಬ ರಕ್ಷಾಬಂಧನದ ಹಾರ್ದಿಕ ಶುಭಾಶಯಗಳು...!,happy,kn
ಕುಟುಂಬವಾದವು ಒಂದು ಸುಂದರವಾದ ಪದವಾಗಿದೆ. ಕುಟುಂಬವಾದವು ಇಡೀ ಕುಟುಂಬದ ದೇಶಕ್ಕಾಗಿ ಸಮರ್ಪಣೆಯಾಗಿದೆ.,happy,kn
ನಮ್ಮ ಮಾತನ್ನು ಕೇಳಿದ್ದಕ್ಕಾಗಿ ತುಂಬಾ ಧನ್ಯವಾದಗಳು. ನಿಮಗೆ ನೈತಿಕ ಶಕ್ತಿ ಸಿಗಲಿ! ',happy,kn
ನಾವು ಮರಾಠಿಗರು ಸಹಿಗೆ ಕೃತಜ್ಞರಾಗಿರುತ್ತೇವೆ.,neutral,kn
ಹರ ಹರ ಮಹಾದೇವ್ ಪುಷ್ಪಾ ಜಿ. ಶುಭೋದಯ.//...,happy,kn
ಪಿವಿ ಸಿಂಧು ಬ್ಯಾಡ್ಮಿಂಟನ್‌ನಲ್ಲಿ ಚಿನ್ನದ ಪದಕ ಗೆದ್ದಿದ್ದಾರೆ.,happy,kn
"ಶೀಘ್ರದಲ್ಲೇ ಎಲ್ಲಾ ಕಾರ್ಮಿಕರ ಮೇಲಿನ ನಿಷೇಧವನ್ನು ತೆಗೆದುಹಾಕಲಾಗುವುದು, ಚಿಂತಿಸಬೇಡಿ",neutral,kn
ನಿಮ್ಮ ಭಾಷೆ ಬಿಜೆಪಿಯ ನಾಗರಿಕತೆ,neutral,kn
ಮಹಾಲಕ್ಷ್ಮಿ ದರ್ಶನದೊಂದಿಗೆ ಹೊಸ ವರ್ಷದ ಆರಂಭ...,happy,kn
ಹೊಸ ವರ್ಷದ ಶುಭಾಶಯಗಳು ಸಹೋದರ./_/...,happy,kn
ಗುಜರಾತ್ ಅಭಿವೃದ್ಧಿಯ ಹೊಸ ಎತ್ತರವನ್ನು ವೇಗವಾಗಿ ತಲುಪುತ್ತಿದೆ: ಪ್ರಧಾನಿ,happy,kn
"ಮುಂದುವರಿಯಿರಿ ಸಹೋದರ + ಅನೇಕ ಅಭಿನಂದನೆಗಳು, ನಮಗೆ ಅನೇಕ ಆಶೀರ್ವಾದಗಳು, ಭೂತ ಅಸುದಾ",happy,kn
ಅಂದಿನಿಂದ ಶೇಗಾಂವ್‌ಗೆ ಹೋಗಿಲ್ಲ ಆದರೆ ಗೋದಾಮ್‌ವಾಲೆಯನ್ನು ಅನುಭವಿಸಿದೆ. ತುಂಬಾ ಚೆನ್ನಾಗಿದೆ..,happy,kn
"ಇದು ನಿಜವಾಗಿಯೂ ಅದ್ಭುತವಾಗಿದೆ, ಇದು ವಿದ್ಯಾರ್ಥಿಗಳಿಗೆ ಉತ್ತಮ ಶಿಕ್ಷಣವನ್ನು ನೀಡುತ್ತದೆ.",happy,kn
ಅವಳು ಅದ್ಭುತವಾದ ರಾಪ್ ಅನ್ನು ಸಹ ಹಾಡುತ್ತಾಳೆ ...,neutral,kn
ಅವರ ದೀಪಾವಳಿ ತುಂಬಾ ಗ್ರ್ಯಾಂಡ್ ಆಗಿರುತ್ತದೆ,happy,kn
ನೂತನವಾಗಿ ನೇಮಕಗೊಂಡ ಮಹಿಳಾ ಸರಪಂಚ್ ರಂಜನಾ ಪುಕ್ಲೆ ಅವರನ್ನು ಸನ್ಮಾನಿಸಲಾಯಿತು.,neutral,kn
"ಇದು ಅಗ್ಗದ ಇಂಧನಕ್ಕೆ ಉತ್ತಮ ಪರ್ಯಾಯವಾಗಿದೆ, ತಂತ್ರಜ್ಞಾನದಲ್ಲಿಯೂ ಕಾರ್ಯನಿರ್ವಹಿಸುತ್ತಿದೆ",neutral,kn
"ಭಾರತ ಮತ್ತು ಬಿಜೆಪಿಯೊಂದಿಗೆ ಕೈಜೋಡಿಸಿ, ಒಟ್ಟಿಗೆ ನಾವು ಉತ್ತಮ ಭವಿಷ್ಯದತ್ತ ಉತ್ತಮ ಪ್ರಗತಿಯನ್ನು ಸಾಧಿಸಬಹುದು.",happy,kn
ವೇದಿಕೆ ದಾಟಿದ್ದಕ್ಕೆ ಅಭಿನಂದನೆಗಳು,happy,kn
ಎಲ್ಲರಿಗೂ ಘಟಸ್ಥಾಪನೆ ಮತ್ತು ನವರಾತ್ರಿ ಹಬ್ಬದ ಶುಭಾಶಯಗಳು..,happy,kn
ಜೀವನದಲ್ಲಿ ಯಶಸ್ಸು ಪಡೆಯಲು ಚಾಣಕ್ಯನ ಈ ಮಾತುಗಳನ್ನು ಯಾವಾಗಲೂ ನೆನಪಿನಲ್ಲಿಡಿ,neutral,kn
ಎಲ್ಲರಿಗೂ ಕೋಜಗಿರಿ ಪೂರ್ಣಿಮಾ ದಿನದ ಶುಭಾಶಯಗಳು!,happy,kn
"ಸಾಹೇಬ್ ಜೈ ಮಹಾರಾಷ್ಟ್ರ, ನನ್ನ ಸಾಯುವವರೆಗೂ ನಿಮ್ಮೊಂದಿಗೆ,",happy,kn
ಜೈ ಸನಾತನ ಪವಿತ್ರ ಆರ್ಯ ಭೂಮಿಗೆ ಸ್ವಾಗತ..ವಸುದೈವ ಕುಟುಂಬಕಂ,happy,kn
ನಿಮಗೂ ಮತ್ತು ನಿಮ್ಮ ಕುಟುಂಬದವರಿಗೂ ಹೊಸ ವರ್ಷದ ಶುಭಾಶಯಗಳು,happy,kn
ಪ್ರತಿಯೊಬ್ಬ ನಾಗಪುರದ ನಾಗರಿಕರ ಪರವಾಗಿ ನಾನು ಅವರಿಗೆ ಕೃತಜ್ಞತೆ ಸಲ್ಲಿಸುತ್ತೇನೆ.,neutral,kn
ಅನೇಕ ಬಾಳಾಸಾಹೇಬರು ಇದ್ದಾರೆ ಆದರೆ ಗೌರವಾನ್ವಿತ ಬಾಳಾಸಾಹೇಬ್ ಠಾಕ್ರೆ ಒಬ್ಬರೇ.,happy,kn
ಭಾರತಕ್ಕೆ ಮೊದಲ ಪದಕ,happy,kn
ಹೊಸ ವರ್ಷದ ಶುಭಾಶಯಗಳು ಸರ್..,happy,kn
ಬಡವರ ಕೈವಾರಿ ಸಾಹೇಬರು ನಮ್ಮ ನಿಜವಾದ ಹೆಮ್ಮೆ.,happy,kn
ಭೂತಾನ್‌ನ ಅತ್ಯುನ್ನತ ಪ್ರಶಸ್ತಿ ನೀಡಿ ಗೌರವಿಸಿದ ಪ್ರಧಾನಿ ನರೇಂದ್ರ ಮೋದಿ! ಹೃತ್ಪೂರ್ವಕ ಅಭಿನಂದನೆಗಳು,happy,kn
! ಮುಖ್ಯ ಎಂಜಿನ್ ..//...,neutral,kn
ಪುಣೆಯ ಸಹ್ಯಾದ್ರಿ ಪ್ರತಿಷ್ಠಾನದಿಂದ ವಿಶಿಷ್ಟ ಕೆಲಸ! .//,happy,kn
ಪ್ರೀತಿಯಲ್ಲಿ ನಂಬಿಕೆ!,neutral,kn
ಇದು ಸರಿಯಾಗಿದೆ,neutral,kn
ಜೈ ಭವಾನಿ ಜೈ ಶಿವರಾಯ್ ನಾವು ಒಂದಾಗುವುದನ್ನು ಬಿಟ್ಟು ಬೇರೆ ದಾರಿಯಿಲ್ಲ,happy,kn
ಪ್ರತಿದಿನ ದೇವರ ಸ್ಮರಣೆಗಾಗಿ ಸಾತ್ವಿಕ್ ಪದಕದ ಪ್ರಯೋಜನವನ್ನು ಪಡೆದುಕೊಳ್ಳುವುದನ್ನು ಖಚಿತಪಡಿಸಿಕೊಳ್ಳಿ.,neutral,kn
: ಸ್ಥಳೀಯ ರಾಜಕೀಯದಲ್ಲಿ ನರ್ವಾಡೆ ಸಕ್ರಿಯ ನಾಯಕರಾಗಿ ಗುರುತಿಸಿಕೊಂಡಿದ್ದರು.,happy,kn
"ಹಿರಿಯ ಸಹೋದರ ಪ್ರವೀಣ್ ಗಾಯಕವಾಡ, ಕಾರ್ಯದರ್ಶಿ, ಕೇಂದ್ರ ಕಾರ್ಯದರ್ಶಿ ಅವರಿಗೆ ಜನ್ಮದಿನದ ಶುಭಾಶಯಗಳು.",happy,kn
ಮದುವೆಯ ಬಲೆಗೆ ಬೀಳುವುದಕ್ಕಿಂತ ಉತ್ತಮವಾದದ್ದು ಯಾವುದೂ ಇಲ್ಲ.,neutral,kn
ಇದು ತುಂಬಾ ಭಾರವಾದ ಎಳೆ... ದೇಶಪ್ರೇಮಿಗಳು ಓದಲೇಬೇಕು,happy,kn
'ಸಿಂಧುದುರ್ಗ ಜಿಲ್ಲೆ ಪ್ರಕೃತಿಯಿಂದ ಸಮೃದ್ಧವಾಗಿದೆ; 'ಆದರ್ಶ ಶೈಕ್ಷಣಿಕ ವಾತಾವರಣವನ್ನು ಸೃಷ್ಟಿಸಲು ಪ್ರಯತ್ನಿಸಿ.',happy,kn
"ಸರ್, ನೀವು ನಿಷ್ಠಾವಂತ ಮತ್ತು ನಿರ್ಭೀತ ಎಂದು ಇತಿಹಾಸದಲ್ಲಿ ದಾಖಲಾಗುತ್ತೀರಿ.",happy,kn
ಜನ್ಮದಿನದ ಶುಭಾಶಯಗಳು ಓಂ ಆಚಾರ್ಯಜಿ,happy,kn
ಜೈ ಶಿವ ಶಂಭು ಹರ ಮಹಾದೇವ್ ಶುಭೋದಯ ವಂದನಾ,happy,kn
!. ಅವರ ಶಹಾನಿ ಸಕಲ್ ಕಥೆಗಳು ಮತ್ತು ರಹಸ್ಯ ಕಥೆಗಳ ಸಂಗ್ರಹವಾಗಿದೆ.,neutral,kn
ಓಂ ಸರ್ವಮಂಗಳ ಮಾಂಗಲ್ಯೇ ಶಿವೇ ಸರ್ವಾರ್ಥ ಸಾಧಿಕಾ । ಶರಣ್ಯೇ ತ್ರ್ಯಮ್ಬಕೇ ಗೌರೀ ನಾರಾಯಣಿ ನಮೋತ್ಸುತೇ ।,happy,kn
ಶುಭವಾಗಲಿ ಸಹ್ಯಾದ್ರಿ! ./_/…,happy,kn
ನಾಗಪಂಚಮಿಯ ಶುಭಾಶಯಗಳು ಸರ್,happy,kn
ಕಿನ್ನ ಸೋನಾ ಹಾಡು ನಿಜಕ್ಕೂ ಅದ್ಭುತ..ಸಂಗೀತ ತಾಜಾವಾಗಿದೆ,happy,kn
ಭಾರತದ ಹೆಮ್ಮೆ.. ವಂದೇ ಭಾರತ್ ರೈಲು..,happy,kn
"ಜನ್ಮದಿನದ ಶುಭಾಶಯಗಳು ""ದೇವ್ದಿ ದೇವ್"" ದಾದಾ!",happy,kn
ನಿಮ್ಮಂತಹ ಸಮರ್ಥ ಅಧಿಕಾರಿಗಳಿಂದ ಈ ಜಿಲ್ಲೆ ಖಂಡಿತಾ ಪ್ರಗತಿ ಸಾಧಿಸುತ್ತದೆ.,happy,kn
ಇವು ಉತ್ತಮ ಚಿಂತನೆ ಮತ್ತು ಸಂದರ್ಶನದ ಚರ್ಚೆಯ ಪರಿಪೂರ್ಣ ಸಾರಾಂಶವಾಗಿದೆ.,neutral,kn
ಇದು ಕೂಡ ಭಾರವಾಯಿತು,neutral,kn
ಜನ್ಮದಿನದ ಶುಭಾಶಯಗಳು ಸರ್. ./…,happy,kn
"ದಾದಾ ನನಗೆ ಚರ್ಚೆ ಇಷ್ಟ, ಎಲ್ಲಿಯೂ ಗೊಂದಲವಿಲ್ಲ, ಶಾಂತಿಯುತವಾಗಿ ಚರ್ಚೆ ನಡೆಯುತ್ತಿದೆ...",neutral,kn
ಮತ್ತೊಬ್ಬ ಫಲಾನುಭವಿ.,neutral,kn
ನಿಮ್ಮ ಗೃಹ ಸಚಿವರು ಕೋಟ್ಯಂತರ ರೂಪಾಯಿ ವಸೂಲಿ ಮಾಡುವುದರಲ್ಲಿ ನಿರತರಾಗಿದ್ದಾರೆ ಮತ್ತು ಆರೋಪ ಮಾಡಬೇಕಾಗಿಲ್ಲ ಎಂದು ಕೇಳಿ ಸಂತೋಷವಾಯಿತು!,neutral,kn
ಸರ್ ನಮ್ಮ ಸ್ಪೆಷಲ್ ಫ್ರೆಂಡ್,neutral,kn
ಈ ಎಲ್ಲಾ ವಿದ್ಯಾರ್ಥಿಗಳಿಗೆ ಮತ್ತು ಪ್ರಬೋಧಿನಿಯ ಇಡೀ ತಂಡಕ್ಕೆ ಶುಭಾಶಯಗಳು!,happy,kn
ಜನ್ಮದಿನದ ಶುಭಾಶಯಗಳು ನಾನಾಸಾಹೇಬ್,happy,kn
ಶಿವಶ್ರೀ ಪುರುಷೋತ್ತಮ ಖೇಡ್ಕರ್ ಸಾಹೇಬರಿಗೆ ಜನ್ಮದಿನದ ಶುಭಾಶಯಗಳು.,happy,kn
"ಅನುಭವವನ್ನು ಪಡೆಯಿರಿ ಮತ್ತು ನಿಮ್ಮನ್ನು ನಂಬಿರಿ, ನೀವು ಜಗತ್ತನ್ನು ಗೆಲ್ಲುತ್ತೀರಿ.",happy,kn
ನಿರಂತರವಾಗಿ ಒಳ್ಳೆಯ ಕೆಲಸವನ್ನು ಮಾಡುವುದು ತುಂಬಾ ಕಷ್ಟ ಆದರೆ ನೀವು ಪ್ರಕೃತಿಯನ್ನು ಉಳಿಸಲು ನಿಮ್ಮ ಕೈಲಾದಷ್ಟು ಪ್ರಯತ್ನಿಸುತ್ತಿದ್ದೀರಿ,neutral,kn
ಈ ಎರಡೂ ವ್ಯಕ್ತಿಗಳು ತಮ್ಮದೇ ಆದ ರೀತಿಯಲ್ಲಿ ಪ್ರಮುಖ ಮತ್ತು ಮೌಲ್ಯಯುತರು,neutral,kn
ಎಲ್ಲಾ ಭಕ್ತರಿಗೆ ಮಹಾಶಿವರಾತ್ರಿಯ ಶುಭಾಶಯಗಳು!,happy,kn
"ಫುಲ್ ಝೋಲ್ಲರ್ ಹುಡುಗ ಪಿಎಚ್‌ಡಿ ಪಡೆದ ತಕ್ಷಣ, ಸ್ಟಟರ್‌ನ ಸಂತೋಷವು ಗಗನಕ್ಕೇರಿತು.",happy,kn
"ವಾಸ್ತವವಾಗಿ, ಜನರು ಆಚರಿಸಲು ಆನಂದಿಸುತ್ತಾರೆ ...",neutral,kn
ಹಾಗಾಗಿಯೇ ಮಹಾರಾಷ್ಟ್ರ ರಾಜಕಾರಣದಲ್ಲಿ ದೇವೇಂದ್ರ ಜೀ ಅವರ ನಾಣ್ಯ ಚಾಲ್ತಿಯಲ್ಲಿದೆ.,happy,kn
ಇವನು ದೇವರು ಎಂದು ಆಗಲೇ ಹೇಳಿದ್ದೆ ಗೆಳೆಯಾ.. ನಿಜವಾಗಲೂ ನಿನ್ನದೇ ದೇವರು.,happy,kn
ಹೊಸ ವರ್ಷದ ಶುಭಾಶಯಗಳು ಸಾಹೇಬ್ ಸಂಜಯ ವಾಘಮಾರೆ ಅಂಬಾಜೋಗೈ,happy,kn
ಶ್ರೀ ಹನುಮಾನ್ ಜನ್ಮೋತ್ಸವ ಚೈತ್ರ ಶುದ್ಧ ಪೂರ್ಣಿಮಾ ಶ್ರೀ ಜ್ಯೋತಿರ್ಲಿಂಗ ಯಾತ್ರೆ,neutral,kn
ಈ ಸಹಕಾರಕ್ಕಾಗಿ ಧುಮಾಲ್ ಕುಟುಂಬಕ್ಕೆ ಕೃತಜ್ಞತೆ ಸಲ್ಲಿಸಿದರು.,neutral,kn
LVM ನ ಯಶಸ್ವಿ ಉಡಾವಣೆಗೆ ಅಭಿನಂದನೆಗಳು!,happy,kn
ಇಂಜಿನಿಯರ್ ದಿನಾಚರಣೆಯ ಶುಭಾಶಯಗಳು..!!,happy,kn
ಬೇರುಗಳು ಉರ್ದು ಭಾಷೆಯಲ್ಲಿವೆ ಮತ್ತು ಇದು ಹೆಮ್ಮೆಯ ಪರಂಪರೆಯಾಗಿದೆ,happy,kn
ಲಾಸುರ್‌ಗಾಂವ್‌ನಲ್ಲಿ ನಿರ್ಗತಿಕ ಮಹಿಳೆಯರಿಗೆ ಅಶೋಕ್ ಸೋನಾವಾನೆ ಅವರಿಂದ ಬೆಚ್ಚಗಿನ ಬಟ್ಟೆಗಳ ವಿತರಣೆ.//...,neutral,kn
"ಸ್ವಚ್ಛ ಸರ್ವೇಕ್ಷಣ ಗ್ರಾಮೀಣ ಉದ್ಘಾಟನೆ, ದಯವಿಟ್ಟು ಬನ್ನಿ/-...",neutral,kn
ಪರಿಸ್ಥಿತಿಯನ್ನು ಸುಧಾರಿಸಲು ಸರಿಯಾದ ಕ್ರಮ ತೆಗೆದುಕೊಳ್ಳಿ. ಕ್ಯಾಲೆಂಡರ್:../,neutral,kn
ಎಲ್ಲರಿಗೂ ಹೋಳಿ ಪೂರ್ಣಿಮಾ ಶುಭಾಶಯಗಳು..!,happy,kn
ವಿಜಯ ಸ್ತಂಭ ಭೀಮಾ ಕೋರೆಗಾಂವ್ ಶೌರ್ಯವನ್ನು ಪ್ರೇರೇಪಿಸುತ್ತದೆ....,happy,kn
"ಅವರ ಮಗಳು ಹುಟ್ಟಿದ ನಂತರ, ಅವರು ಎಲ್ಲಾ ಮಿತಿಗಳನ್ನು ದಾಟಿದರು ಮತ್ತು ಗೃಹಪ್ರವೇಶ ಸಮಾರಂಭದಲ್ಲಿ ಸ್ವಾಗತಿಸಿದರು./-...",happy,kn
"ಸರ್ ನಿಮ್ಮ ನಿರ್ಧಾರ ಸರಿಯಾಗಿದೆ, ನೀವು ರೈತರೊಂದಿಗೆ ಗಟ್ಟಿಯಾಗಿ ನಿಲ್ಲಬೇಕು",neutral,kn
ಯುವಕರನ್ನು ಸ್ವಾವಲಂಬಿಗಳನ್ನಾಗಿ ಮಾಡುವಲ್ಲಿ ಪ್ರತಿಯೊಬ್ಬರೂ ಕೊಡುಗೆ ನೀಡಬೇಕು - ರಾಜ್ಯಪಾಲ ಭಗತ್ ಸಿಂಗ್ ಕೋಶ್ಯಾರಿ.,neutral,kn
"ತುಂಬಾ ಚೆನ್ನಾಗಿದೆ,,ಒಮ್ಮೆ ನಿಮ್ಮನ್ನು ಭೇಟಿಯಾಗಬೇಕು, ಸಾಧ್ಯವೇ???",happy,kn
ಧನ್ಯವಾದಗಳು ದೇವೇಂದ್ರ ಭಾವು,happy,kn
"ನನಗೆ ಭೇದಿ ಇಲ್ಲ, ಜೀರ್ಣಕ್ರಿಯೆ ಕಷ್ಟ.",neutral,kn
ತಮ್ಮ ಸಹ ಜೀವಿಗಳಿಗೆ ಜಾಗರೂಕರಾಗಿರಿ ಮತ್ತು ಜಾಗೃತರಾಗಿರಿ ಎಂಬ ಸಂದೇಶವನ್ನು ಹರಡುವ ಎಲ್ಲರಿಗೂ ಕೋಜಗಿರಿ ಪೂರ್ಣಿಮೆಯ ಶುಭಾಶಯಗಳು.,happy,kn
ನಮ್ಮ ಸಹೋದರನ ಅನುಯಾಯಿಯಾದ ಬಡಗಲ್ ಭಾಯಿಯವರಿಗೆ ಹೃತ್ಪೂರ್ವಕ ಅಭಿನಂದನೆಗಳು. ../,happy,kn
ಮತ್ತೆ ಹರಿಓಂ...ಅಯೋಧ್ಯಾ ಜೀ...ಸಂಸೇ ಜೈ ಮಹಾರಾಷ್ಟ್ರ,happy,kn
"ಹೌದು, ಎಲ್ಲಾ ಸ್ನೇಹಿತರಿಗೆ ಧನ್ಯವಾದಗಳು, ಇಂತಹ ದೊಡ್ಡ ಉಪಕ್ರಮವನ್ನು ತೆಗೆದುಕೊಳ್ಳಲಾಗಿದೆ.",happy,kn
"ದ್ವೇಷದ ಈ ಯುಗದಲ್ಲಿ, ಈ ಏಕತೆಯ ಬ್ಯಾಂಡ್ ಶತಮಾನಗಳವರೆಗೆ ನೆನಪಿನಲ್ಲಿ ಉಳಿಯುತ್ತದೆ.",happy,kn
ಪತ್ರಕರ್ತರ ಸಮಸ್ಯೆಗೆ ಪರಿಹಾರ,neutral,kn
"ಆ ದಿನ ನಾನು ಚಂದ್ರನನ್ನು ನೋಡಿದೆ, ನಿಜ ಹೇಳಬೇಕೆಂದರೆ ಅದು ಮೊದಲಿಗಿಂತ ಉತ್ತಮವಾಗಿ ಕಾಣುತ್ತದೆ",happy,kn
ಎರಡು ಸಾವಿರ ಸಸಿಗಳನ್ನು ಉಚಿತವಾಗಿ ವಿತರಿಸುವ ಮೂಲಕ ಹೊಸ ವರ್ಷವನ್ನು ಸ್ವಾಗತಿಸಲಾಯಿತು. ./…,happy,kn
ನಿಮಗೂ ಮತ್ತು ನಿಮ್ಮ ಕುಟುಂಬದವರಿಗೂ ಹೊಸ ವರ್ಷದ ಶುಭಾಶಯಗಳು...,happy,kn
ಇಡೀ ತಂಡಕ್ಕೆ ಅಭಿನಂದನೆಗಳು... ಭವಿಷ್ಯದ ಶುಭಾಶಯಗಳು...,happy,kn
ರಾಮಾಯಿ ಪಾತ್ರವನ್ನು ತುಂಬಾ ಆತ್ಮವಿಶ್ವಾಸದಿಂದ ಮತ್ತು ಡೈಲಾಗ್ ಡೆಲಿವರಿಯಿಂದ ಚೆನ್ನಾಗಿ ಮಾಡಿದ್ದೀರಿ.,happy,kn
ಮಾಹಿತಿ ಸೇವಾ ಸಮಿತಿ ಕಾರ್ಯಕರ್ತರು ತೋರಣಗಡದಲ್ಲಿ ಯಶಸ್ವಿ ಟ್ರ್ಯಾಕಿಂಗ್ ಮಾಡಿದರು -,neutral,kn
"ಶೀತಲ್ ತಾಯಿ, ನೀವು ಭಾರೀ ಸಂಪಾದನೆ ಮಾಡುತ್ತೀರಿ, ನೀವು ಎಲ್ಲವನ್ನೂ ಹೇಗೆ ನಿರ್ವಹಿಸುತ್ತೀರಿ?",happy,kn
ಹಾಫ್ಕಿನ್ ಸಂಸ್ಥೆಯನ್ನು ಪುನರುಜ್ಜೀವನಗೊಳಿಸುವುದಕ್ಕಾಗಿ ಮಹಾರಾಷ್ಟ್ರ ಸರ್ಕಾರಕ್ಕೆ ಅಭಿನಂದನೆಗಳು,happy,kn
ಸಾಹೇಬ್ ಜೈ ಮಹಾರಾಷ್ಟ್ರ..!! ನಮ್ಮ ಪುಣೆ ಜಿಲ್ಲೆಯಿಂದ ಹೃತ್ಪೂರ್ವಕ ಸ್ವಾಗತ,happy,kn
ಮೊಬೈಲ್ ಯುಗದಲ್ಲಿ 10 ಗಂಟೆಗೆ ಮಲಗಿ 10 ಗಂಟೆಗೆ ಏಳುವ ವ್ಯಕ್ತಿ ಮಾತ್ರ ಯಶಸ್ವಿಯಾಗುತ್ತಾನೆ.,neutral,kn
"ಪ್ರತಿಭಾವಂತ ಕಲಾವಿದ, ದಕ್ಷ ನಾಯಕ ಮತ್ತು ಅದ್ಭುತ ವ್ಯಕ್ತಿ, ಎಲ್ಲರೂ ಒಟ್ಟಾಗಿ ಸಮಾಜದಲ್ಲಿ ಸಕಾರಾತ್ಮಕ ಬದಲಾವಣೆಯನ್ನು ತರುತ್ತಾರೆ.",happy,kn
"ಮಹಾರಾಷ್ಟ್ರದ ಏಕೈಕ, ರಕ್ಷಕ ಮತ್ತು ರಕ್ಷಕ",happy,kn
ಈಗ ನಿರುದ್ಯೋಗವನ್ನು ಸೋಲಿಸಲು ನಿಮ್ಮ ಎಲ್ಲಾ ಶಕ್ತಿಯನ್ನು ಬಳಸಿ.,neutral,kn
ಎಲ್ಲರಿಗೂ ವಸುಬರ ಹಬ್ಬದ ಶುಭಾಶಯಗಳು...!,happy,kn
ಮಾಣಿಕ್ ಭಾಯಿ ಅಮೂಲ್ಯ ಸಲಹೆ ನೀಡಿದರು,neutral,kn
ಅಹಲ್ಯಾ ದೇವಿಯ ಜನ್ಮ ವಾರ್ಷಿಕೋತ್ಸವದ ಹಳದಿಕೋಟ್ ಜೈ ಮಲ್ಹಾರ್ ಮಲ್ಹಾರ್ ಶೀಘ್ರದಲ್ಲೇ ಬರಲಿದೆ,happy,kn
ಆದರೆ ಆ ಸಂದರ್ಭದಲ್ಲಿ ಅವರು ತಮ್ಮ ಮನದಾಳದ ಮಾತುಗಳನ್ನಾಡಿದರು... ಅದು ಒಳ್ಳೆಯದೇ.,neutral,kn
ಆರು ಬಾರಿಯ ವಿಶ್ವ ಚಾಂಪಿಯನ್ ಮೇರಿ ಕೋಮ್ ಅವರು ಮುಂಬೈ ಮ್ಯಾರಥಾನ್‌ನ ಸದ್ಭಾವನಾ ರಾಯಭಾರಿಯಾಗಿದ್ದಾರೆ./-/...,neutral,kn
ಓಂ ನಮಃ ಶಿವಾಯ ಹರ ಹರ ಮಹಾದೇವ ಮಹಾಶಿವರಾತ್ರಿಯ ಶುಭಾಶಯಗಳು,happy,kn
ತಾತ್ಯಾ ಮುಲ್ಶಿ ಈ ಮಾದರಿಯಿಂದ ಪ್ರಭಾವಿತರಾದರು ಮತ್ತು ರೈತರೊಂದಿಗೆ ಅಪಾಯಕಾರಿ ತಾತ್ಯಾವನ್ನು ನಮಗೆ ತೋರಿಸಿದರು,neutral,kn
ಅಂತಿಮವಾಗಿ ಇಂದು ಭಾರತ ಗೆದ್ದು ಸರಣಿಯನ್ನೂ ಗೆದ್ದುಕೊಂಡಿದೆ.,happy,kn
ಹೋಳಿಯ ಬೆಂಕಿಯಲ್ಲಿ ಕೆಟ್ಟ ಆಲೋಚನೆಗಳು ಸುಡಲಿ. ಎಲ್ಲರಿಗೂ ಹೋಳಿ ಹಬ್ಬದ ಶುಭಾಶಯಗಳು,happy,kn
"ಒಂದು ಗುರುತು, ಒಂದು ಪಕ್ಷ, ಶಿವಸೇನೆ ಮಾತ್ರ ಟಾರ್ಚ್ ಮಾರ್ಕ್ ದೇಶದ್ರೋಹಿಗಳಿಗೆ ರಾಜಕೀಯ ಅಂತ್ಯವನ್ನು ತರುತ್ತದೆ",angry,kn
ಮಕರ ಸಂಕ್ರಾಂತಿಯ ಶುಭಾಶಯಗಳು!,happy,kn
ಜಾತಿ ಹೇಗೆ ಕೆಲಸ ಮಾಡುತ್ತದೆ ಎಂಬುದಕ್ಕೆ ಒಂದು ಪರಿಪೂರ್ಣ ಉದಾಹರಣೆ.,neutral,kn
ಹೆದ್ದಾರಿಗಳು ಮತ್ತು ಹೆದ್ದಾರಿ ಎಂಜಿನಿಯರ್‌ಗಳನ್ನು ಹೊರತುಪಡಿಸಿ ಎಲ್ಲಾ ಎಂಜಿನಿಯರ್‌ಗಳಿಗೆ ಶುಭವಾಗಲಿ.,happy,kn
ನಿಮ್ಮನ್ನು ಯಶಸ್ವಿ ಎಂದು ಕರೆದುಕೊಳ್ಳುವುದು ಭಾರೀ ತಗ್ಗುನುಡಿಯಾಗಿದೆ.//...,neutral,kn
ಕೋಲಿ ಸಹೋದರರಿಗೆ ನ್ಯಾಯಕ್ಕಾಗಿ ಸದಾ ಹೋರಾಡಿದ ರಾಜ್ ಶಿಲೇದಾರ್ ಕಿಶೋರ್ ಮತ್ತು ಸಾಕ್ಷಿ ರಾಣೆ ಅವರಿಗೆ ವಾರ್ಷಿಕೋತ್ಸವದ ಶುಭಾಶಯಗಳು.,happy,kn
ನಿಮಗೂ ಮತ್ತು ಎಲ್ಲಾ ಕಾಂಗ್ರೆಸ್ ಹಿತೈಷಿಗಳಿಗೂ ಹೊಸ ವರ್ಷದ ಶುಭಾಶಯಗಳು! ./…,happy,kn
ಸಕಾರಾತ್ಮಕತೆಯೇ ಆಧಾರ!!,neutral,kn
"ಸರ್, ಅಭಿನಂದನೆಗಳು, ಈಗ ಮುಂದಿನ ಚುನಾವಣೆಗೆ ಆಲ್ ದಿ ಬೆಸ್ಟ್, ಒಳ್ಳೆಯ ಪ್ರಚಾರದ ಮೂಲಕ ಪ್ರತಿಪಕ್ಷಗಳ ಮೌನ.",happy,kn
ನನ್ನ ಮತ್ತು ನನ್ನ ಕುಟುಂಬದಿಂದ ಹೊಸ ವರ್ಷದ ಶುಭಾಶಯಗಳು,happy,kn
ಹೊಸ ವರ್ಷದ ಶುಭಾಶಯಗಳು ಸಹೋದರ!,happy,kn
"ಖಂಡಿತ, ಇದು ಉತ್ತಮ ಯೋಜನೆಯಾಗಿದೆ",neutral,kn
ಆದರೆ ಅಂಗವೈಕಲ್ಯವು ದುರ್ಬಲಗೊಳ್ಳುವ ಸಾಮರ್ಥ್ಯವು... ಪ್ರಚಂಡ...,neutral,kn
"ವಾವ್ ಸರ್, ಸಂಪೂರ್ಣವಾಗಿ ಸರಿ",happy,kn
Covishield ಮತ್ತು Covaxin ಲಸಿಕೆಗಳೆರಡೂ ಅವುಗಳ ಕಾರಣವನ್ನು ನೀಡಬೇಕು.,happy,kn
ಕೋಳಿಯಾದರೂ ಇದೆಯೇ? ಕೋಳಿಯ ಬಗ್ಗೆ ಕೇಳಿದ್ದೆ. ಉತ್ತಮ ಮಾಹಿತಿ.,neutral,kn
ಜನ್ಮದಿನದ ಶುಭಾಶಯಗಳು!! ಪಾರ್ಟಿ ಎಲ್ಲಿ ನಡೆಯಲಿದೆ ಎಂದು ದಯವಿಟ್ಟು ನನಗೆ ತಿಳಿಸಿ.,happy,kn
"ಇದು ನಿಜವಾಗಿಯೂ ನಿಮ್ಮೆಲ್ಲರಿಗೂ ಒಂದು ಅದ್ಭುತ ಅವಕಾಶ, ಇದನ್ನು ತಪ್ಪಿಸಿಕೊಳ್ಳಬೇಡಿ",happy,kn
ಖರ್ಗೆ ಅವರು ರಾಜದೀಪ್ ಅವರಿಗಿಂತ ಚೆನ್ನಾಗಿ ಮರಾಠಿ ಮಾತನಾಡುತ್ತಾರೆ ಎಂದು ಈ ಸಂದರ್ಶನದಲ್ಲಿ ಒಂದು ವಿಷಯ ಸ್ಪಷ್ಟವಾಗಿ ಅನಿಸಿತು.,happy,kn
ಎಲ್ಲರಿಗೂ ಮಕರ ಸಂಕ್ರಾಂತಿಯ ಶುಭಾಶಯಗಳು!!,happy,kn
"ಇದು ಮೋದಿಯವರ ಭಾರತ, ಇಲ್ಲಿ ಭಯೋತ್ಪಾದಕರ ಸಮಾಧಿಗಳನ್ನು ಅಗೆಯಲಾಗಿದೆ.",angry,kn
ವಿಷ್ಣುಪುರಿಯಲ್ಲಿ ಗುರುಕೃಪಾ ಪೆಥಾಲಜಿ ಲ್ಯಾಬ್ ಉದ್ಘಾಟನೆಯ ಸಂದರ್ಭದಲ್ಲಿ ಸಂತೋಷ್ ಹುಂಬಾರ್ಡೆ ಅವರಿಗೆ ಅಭಿನಂದನೆಗಳು.,happy,kn
ನಿಮಿಷಗಳಲ್ಲಿ ಈ ಕೋಡ್ ಬಳಸಿ %Xtra ಸೂಟ್ ಸರ್,happy,kn
"ನೀವು ನಮಗೆ ಸ್ಫೂರ್ತಿ, ನಿಮ್ಮ ಕೊಡುಗೆಯ ಬಗ್ಗೆ ನಾವು ಹೆಮ್ಮೆಪಡುತ್ತೇವೆ! ರಾಷ್ಟ್ರೀಯ ಸಾರ್!",happy,kn
ತುಂಬಾ ಒಳ್ಳೆಯ ನಿರ್ಧಾರ,happy,kn
ಈ ಯೋಜನೆ ಪೂರ್ಣಗೊಂಡರೆ ಸ್ಲಂ ಪುನರಾಭಿವೃದ್ಧಿ ಯೋಜನೆಗಳಿಗೆ ಮಾದರಿಯಾಗಲಿದೆ' ಎಂದರು.,neutral,kn
ಈಗ ನಾವು ಕಾಡು ಪಾರ್ಟಿಯನ್ನು ಯೋಜಿಸಬೇಕಾಗಿದೆ! ಅಭಿನಂದನೆಗಳು.//...,happy,kn
ಮಹಾರಾಷ್ಟ್ರ ರಾಜ್ಯ ಜೀವವೈವಿಧ್ಯ ಮಂಡಳಿ ಸಂಸ್ಥಾಪನಾ ದಿನ,neutral,kn
ಉದ್ಧವ್ ಸಾಹೇಬರಿಗೆ ಯಾರ ಸಹಾನುಭೂತಿ ಬೇಕಿಲ್ಲ... ಎದುರಾಳಿಗೆ ಶಿವಸೈನಿಕರು ಸಾಕು. ಜೈ ಮಹಾರಾಷ್ಟ್ರ...,angry,kn
ತೆಂಗಿನಕಾಯಿ ಪೂರ್ಣಿಮಾ ಮತ್ತು ರಕ್ಷಾಬಂಧನ ಹಬ್ಬದ ಶುಭಾಶಯಗಳು!!!!,happy,kn
ಹಜಾರಿ ಆದ ಕೊಲ್ಲಾಪುರ ಅವರಿಗೆ ಅಭಿನಂದನೆಗಳು,happy,kn
"ಬಹಳ ಸಮಯದ ನಂತರ ನಾನು ಬುದ್ಧಿವಂತ, ಆಕರ್ಷಕ ಮತ್ತು ನಿರ್ಭೀತ ಭಾಷಣಕಾರನನ್ನು ನೋಡಿದೆ.",neutral,kn
ಈ ವರ್ಷದ ಪ್ರದರ್ಶನ ಉತ್ತಮ ವಿಜಯ್ ಭಾಯ್,happy,kn
ಎಲ್ಲಾ ಬಂಧುಗಳಿಗೆ ಹಾರ್ದಿಕ ಶುಭಾಶಯಗಳು..!,happy,kn
ಅಂಧೇರಿಯನ್ನು ಶಾಸಕರಾಗಿ ಮುನ್ನಡೆಸಲು ನಿಮಗೆ ಉತ್ತಮ ಅವಕಾಶವಿದೆ!,happy,kn
ಪ್ರಕೃತಿಯ ಬಣ್ಣಗಳು ಹೊಸ ಯುಗಕ್ಕೆ ಹೊಸ ನೋಟವನ್ನು ನೀಡುತ್ತವೆ.,neutral,kn
"ಮಹಾರಾಷ್ಟ್ರ ಸರ್ಕಾರ ಮತ್ತು M.R.V.P.C. ಧನ್ಯವಾದಗಳು (ಮಹಾರಾಷ್ಟ್ರ), ನಿನ್ನೆ ನಾನು ನವರಾತ್ರಿ ಹಬ್ಬದ ಸಮಯದಲ್ಲಿ ಲೋಡ್ ಶೆಡ್ಡಿಂಗ್ ಬಗ್ಗೆ ಟ್ವೀಟ್ ಮಾಡಿದ್ದೇನೆ!",neutral,kn
|| ಹರ ಹರ ಮಹಾದೇವ್ ||,neutral,kn
ನಿರ್ಭೀತ ಮತ್ತು ನಿಷ್ಪಕ್ಷಪಾತ ವರದಿಗಾರಿಕೆಗೆ ಇಂತಹ ಚಿಂತನೆ ಅಗತ್ಯವಾಗಿತ್ತು. ಅಭಿನಂದನೆಗಳು! .//...,happy,kn
ನಿಮ್ಮ ಕೆಲಸದಲ್ಲಿ ಅದೃಷ್ಟ!,happy,kn
ತುಂಬಾ ಒಳ್ಳೆಯ ನಿರ್ಧಾರ ತೈ ಜೈ ಹಿಂದ್ ಜೈ ಹಿಂದೂರಾಷ್ಟ್ರ,happy,kn
ವರಡ್ಚಿ ಮುಂಜ್ ಒಂದು ಮರೆಯಲಾಗದ ಆಚರಣೆ..//,happy,kn
ಪೀಳಿಗೆಯಿಂದ ಪೀಳಿಗೆಗೆ ಆಹಾರಕ್ಕಾಗಿ ಭಿಕ್ಷೆ ಬೇಡುವ ಶ್ರೇಷ್ಠ ಸಂಪ್ರದಾಯವಿದೆ.,neutral,kn
ಹೊಸ ಅವಕಾಶಗಳನ್ನು ಹುಡುಕಲು ಸ್ವಲ್ಪ ಸಮಯ ತೆಗೆದುಕೊಳ್ಳುತ್ತದೆ.,neutral,kn
ನಿಮಗೆ ಮತ್ತು ನಿಮ್ಮ ಕುಟುಂಬಕ್ಕೆ ದೀಪಾವಳಿಯ ಶುಭಾಶಯಗಳು,happy,kn
ಪತನಗೊಳ್ಳುತ್ತಿರುವ ಠಾಕ್ರೆ ಪಕ್ಷವನ್ನು ಉಳಿಸಲು ನಿಮ್ಮಿಂದ ಮಾತ್ರ ಸಾಧ್ಯ ಎಂಬುದು ಸ್ಪಷ್ಟವಾಗಿದೆ.,neutral,kn
ನಾನು ನಾಳೆ ತಿನ್ನುತ್ತೇನೆ,neutral,kn
ಎಲ್ಲರಿಗೂ ರಕ್ಷಾಬಂಧನ ಮತ್ತು ನರಳಿ ಪೂರ್ಣಿಮಾ ಶುಭಾಶಯಗಳು!,happy,kn
"ಜೀವನದಲ್ಲಿ ಯಶಸ್ವಿಯಾಗಲು, ಯಾವಾಗಲೂ ಸಿಹಿ ಮಾತನಾಡುವವರ ಬಗ್ಗೆ ಎಚ್ಚರದಿಂದಿರಿ. ./-…",neutral,kn
ಶೇಖರ್ ಸುಮನ್ ಪೋಲ್ ಖೋಲ್ ಅತ್ಯುತ್ತಮ ಕಾರ್ಯಕ್ರಮ.//...,neutral,kn
"ನೀವು ದೀರ್ಘ ಮತ್ತು ಆರೋಗ್ಯಕರ ಜೀವನವನ್ನು ಹೊಂದಲಿ, ನಾನು ಬಪ್ಪನನ್ನು ಪ್ರಾರ್ಥಿಸುತ್ತೇನೆ.",happy,kn
"ನಮ್ಮಲ್ಲಿ ವಿಶೇಷತೆಗಳಿವೆ, ಆದ್ದರಿಂದ ಯಾವಾಗಲೂ ಏನಾದರೂ ನಡೆಯುತ್ತಿದೆ",neutral,kn
ಹಿಂದುತ್ವಕ್ಕೆ ಅಪಾಯವಿಲ್ಲ...ಈಗ ಹಿಂದುತ್ವಕ್ಕೆ ಅಪಾಯವಿಲ್ಲ...ಈ ಮೈತ್ರಿ ಹಿಂದುತ್ವಕ್ಕಾಗಿಯೂ ಇದೆ.,happy,kn
ಜೈ ಗೋಪಿನಾಥ್ ಪ್ರತಿಷ್ಠಾನದ ಹೆಮ್ಮೆ,happy,kn
ಎಲ್ಲರಿಗೂ ಶುಭ ಹಾರೈಕೆಗಳು../.?...,happy,kn
"ಜನ್ಮದಿನದ ಶುಭಾಶಯಗಳು, ದಾದಾ. ತಾಯಿ ಜಗದಂಬೆಯ ಆಶೀರ್ವಾದ ಸದಾ ನಿಮ್ಮ ಮೇಲಿರಲಿ.",happy,kn
"ಜೀವನದಲ್ಲಿ ತಪ್ಪುಗಳಾದ ತಕ್ಷಣ ಪರಿಹಾರ ಕಂಡುಕೊಳ್ಳಬೇಕು. ನಾವು ಪರಿಹಾರವನ್ನು ಕಂಡುಹಿಡಿಯಲಾಗದಿದ್ದರೆ, ನಾವು ಒಟ್ಟಾಗಿ ಪರಿಹಾರವನ್ನು ಕಂಡುಕೊಳ್ಳಬೇಕು ಅಥವಾ ಬುದ್ಧಿವಂತ ವ್ಯಕ್ತಿಯಿಂದ ಸಲಹೆ ಪಡೆಯಬೇಕು. ಎಲ್ಲದಕ್ಕೂ ಪರಿಹಾರವಿದೆ.",neutral,kn
ನಿಮ್ಮೆಲ್ಲರಿಗೂ ಹೊಸ ವರ್ಷದ ಶುಭಾಶಯಗಳು! ⁠,happy,kn
ಅವರು ಮಹಾನ್ ವ್ಯಕ್ತಿತ್ವವನ್ನು ಹೊಂದಿದ್ದರು ಅದು ನನ್ನ ಸಂದರ್ಶನವನ್ನು ಮುಳುಗಿಸಿತು.,neutral,kn
ನಿಮಗೆ ಜನ್ಮದಿನದ ಶುಭಾಶಯಗಳು ಸಹೋದರ,happy,kn
"ಅವರು ತಮ್ಮ ದೇಶಪ್ರೇಮವನ್ನು ಕೂಗಿ ಅಲ್ಲ, ಕೆಲಸ ಮಾಡುವ ಮೂಲಕ ತೋರಿಸಿದರು.",neutral,kn
"""ನಮ್ಮ ಜ್ಯೋತಿ, ಉರಿಯುತ್ತಿರುವ ಬೆಂಕಿಯು ರಾವಣನ ತಲೆಯನ್ನು ಸುಡದ ಹೊರತು ಉಳಿಯುವುದಿಲ್ಲ.""",angry,kn
ನಿಮಗೆ ಹೊಸ ವರ್ಷದ ಶುಭಾಶಯಗಳು ಸರ್..,happy,kn
ಜನ್ಮದಿನದ ಶುಭಾಶಯಗಳು ಸರ್ಜಿ,happy,kn
ಮತ್ತು ಈ ಟ್ವೀಟ್ ಈ ವ್ಯಕ್ತಿಯ ಶ್ರೇಷ್ಠ ಪ್ರತಿಭೆಯನ್ನು ಪ್ರದರ್ಶಿಸಲು ಸಹಾಯ ಮಾಡಿದೆ.,happy,kn
ಟಾಲಿವುಡ್ ಚಲನಚಿತ್ರದ ನಾಟು ನಾಟು ಹಾಡಿಗೆ ಆಸ್ಕರ್ ಗೆದ್ದಿರುವುದು ಭಾರತಕ್ಕೆ ಹೆಮ್ಮೆಯ ಕ್ಷಣವಾಗಿದೆ.,happy,kn
ಹೊಸ ವರ್ಷದ ಶುಭಾಶಯಗಳು ಸರ್! ./…,happy,kn
ಓಂ ತತ್ಪುರುಷಾಯ ವಿದ್ಮಹೇ ಮಹಾದೇವಾಯ ಧೀಮಹಿ ತನ್ನೋ ರುದ್ರ: ಮುಂಜಾನೆ. ಎಲ್ಲರಿಗೂ ಮಹಾಶಿವರಾತ್ರಿಯ ಶುಭಾಶಯಗಳು!,happy,kn
ಮುನ್ನಡೆಸಲು!! - ಡಾ.ಬಾಬಾಸಾಹೇಬ್ ಅಂಬೇಡ್ಕರ್.,neutral,kn
ಎಲ್ಲರಿಗೂ ಅರ್ಥವಾಗುವ ರೀತಿಯಲ್ಲಿ ನಿಯಮಗಳನ್ನು ಚೆನ್ನಾಗಿ ಮತ್ತು ವಿವರವಾಗಿ ನೀಡಿದ್ದಕ್ಕಾಗಿ ತುಂಬಾ ಧನ್ಯವಾದಗಳು,happy,kn
ಇದು ಸರಿ ಸರ್,happy,kn
"ಇಂದಿನಿಂದ ಭಗವತಿಯ ಜಾಗಟೆ, ಭಕ್ತರಿಗೆ ಆಕೆಯ ಹೊಸ ರೂಪದ ದರ್ಶನವಾಗುತ್ತದೆ./-/...",happy,kn
ಐತಿಹಾಸಿಕ! ದೇಶಕ್ಕೆ ಮತ್ತೆ ಮರಾಠಿ ಮುಖ್ಯ ನ್ಯಾಯಮೂರ್ತಿ ಸಿಗುತ್ತಾರೆ; ಈ ನ್ಯಾಯಾಧೀಶರ ಹೆಸರಿನ ಶಿಫಾರಸು,happy,kn
"ಹೇ, ಒಂದನ್ನು ತೆಗೆದುಕೊಂಡು ಉಪಯೋಗಕ್ಕೆ ಬಂದಾಗ ಇಟ್ಟುಕೊಳ್ಳಿ.",neutral,kn
ಚಿಕ್ಕ ಕೈಗಳಿಂದ ಮಾಡಿದ ಪರಿಸರ ಸ್ನೇಹಿ ಜೇಡಿಮಣ್ಣಿನಿಂದ ಮಾಡಿದ ಬಪ್ಪಾ./---...,neutral,kn
ನಾಟು-ನಾಟು ಹಾಡು ಆಸ್ಕರ್ ಪ್ರಶಸ್ತಿ ಪಡೆದು ಇತಿಹಾಸ ಸೃಷ್ಟಿಸಿದೆ...,happy,kn
ನವದಂಪತಿಗಳಿಗೆ ಸುಖಮಯ ಜೀವನಕ್ಕಾಗಿ ಶುಭ ಹಾರೈಕೆಗಳು.,happy,kn
ಮೃತ್ಯುಂಜಯ ರುದ್ರಾಯ್ ನೀಲಕಂಠಾಯ ಶಾಂಭವೇ ಅಮೃತೇಶೈ ರುದ್ರಾಯ ಮಹಾದೇವಾಯ ತೇ ನಮಃ ಓಂ ನಮಃ ಶಿವಾಯ!,happy,kn
ಮಹಾಶಿವರಾತ್ರಿಯ ಶುಭಾಶಯಗಳು. ಎಲ್ಲೆಲ್ಲೂ ಶಿವ,happy,kn
"ನನಗೆ ಹಿಂದೂ ಧರ್ಮ ಎಷ್ಟು ಮುಖ್ಯವೋ, ಮರಾಠಿ ಸಂಸ್ಕೃತಿ/ಭಾಷೆಯೂ ಅಷ್ಟೇ ಮುಖ್ಯ.",happy,kn
"ಅಮ್ಮನ ಶುಭ ದಿನಗಳು ಪ್ರಾರಂಭವಾಗಿವೆ, ನೀವು ಸಕಾರಾತ್ಮಕ ಮನೋಭಾವವನ್ನು ಹೊಂದಿರಬೇಕು.",neutral,kn
"ಅಭಿನಂದನೆಗಳು, ನಾವು ಶೀಘ್ರದಲ್ಲೇ ಮದುವೆಯಾಗಬೇಕೆಂದು ನಾವು ಬಯಸುತ್ತೇವೆ.",happy,kn
ಸಂಭಾಜಿ ಬ್ರಿಗೇಡ್ ಪ್ರಾದೇಶಿಕ ಉಪಾಧ್ಯಕ್ಷ ರಾಹುಲ್ ದಾದಾ ಬನ್ಸೋಡ್ ಅವರಿಗೆ ಜನ್ಮದಿನದ ಶುಭಾಶಯಗಳು.,happy,kn
ಸರಿ!,neutral,kn
ಹರಿ ಓಂ ನಮಃ,happy,kn
"ಈ ಅನ್ಯೋನ್ಯತೆ ನಮ್ಮ ಬಂಧುಬಳಗವನ್ನು ಎಷ್ಟರಮಟ್ಟಿಗೆ ಬದಲಾಯಿಸುತ್ತದೆ... ವಾಹ್, ಚೆನ್ನಾಗಿದೆ..",happy,kn
ಅಫೀಮು ಮಾತ್ರೆ ಮಾರುವವರ ವ್ಯಾಪಾರ ಜೋರಾಗಿದೆ.,angry,kn
|| ಓಂ ನಮಃ ಶಿವಾಯ || ನಿಮ್ಮೆಲ್ಲರಿಗೂ ಶುಭ ಹಾರೈಕೆಗಳು!,happy,kn
ಸಂತ ಸಂತಾಜಿ ಮಹಾರಾಜರ ಜಯಂತಿ ನಿಮಿತ್ ಹಟದಲ್ಲಿ ಆರೋಗ್ಯ ಶಿಬಿರ ಮತ್ತು ರಕ್ತದಾನ ಶಿಬಿರದ ಉದ್ಘಾಟನಾ ಸಮಾರಂಭ,happy,kn
ನಿಮಗೆ ಹೊಸ ವರ್ಷದ ಶುಭಾಶಯಗಳು.,happy,kn
ಹೊಸ ಯುಗ ಮತ್ತು ಹೊಸ ವರ್ಷದ ಶುಭಾಶಯಗಳು!,happy,kn
ಅವರು ಬಹಳ ಸುಂದರವಾಗಿ ಮರಾಠಿ ಮಾತನಾಡುತ್ತಿದ್ದರು. ಓಂ ಶಾಂತಿ.,happy,kn
ಮಾ ಭವಾನಿ ಮತ್ತು ಇಡೀ ಮಹಾರಾಷ್ಟ್ರ ನಿಮ್ಮೊಂದಿಗಿದೆ ಸರ್...,neutral,kn
"ಸರ್, ನಿಮ್ಮ ಚಟುವಟಿಕೆ ತುಂಬಾ ಚೆನ್ನಾಗಿದೆ, ಹೊಸ ಮಾಹಿತಿಯನ್ನು ಹಂಚಿಕೊಳ್ಳುತ್ತಿರಿ.",happy,kn
"ನೀನು ಅಷ್ಟೊಂದು ಯೋಗ್ಯನಲ್ಲ, ನೀನು ರಾಜಮುದ್ರೆಯನ್ನು ಏಕೆ ಧರಿಸುವೆ? ಮಹಾರಾಜರು ಮಹಿಳೆಯರನ್ನು ಗೌರವಿಸುತ್ತಿದ್ದರು",angry,kn
"ಬಣ್ಣ ಚೆನ್ನಾಗಿದೆ, ರುಚಿಯೂ ಚೆನ್ನಾಗಿದೆ",neutral,kn
"ಈ ಬಟ್ಟೆಗಳು ಗಾರ್ಬಾ ರಾತ್ರಿಗೆ ಸೂಕ್ತವಾಗಿವೆ, ನೋಡಿ",happy,kn
ದೇಶದ ಪ್ರತಿಯೊಬ್ಬ ಸಂಸದರು ಸಂಸದ ಮಹೋತ್ಸವವನ್ನು ಆಯೋಜಿಸಬೇಕು!,neutral,kn
ಇದು ಸರಿಯಾಗಿದೆ. 100 ಅಪರಾಧಗಳು ನಡೆದಾಗ ಈ ಪ್ರವೃತ್ತಿ ನಾಶವಾಗುತ್ತದೆ ಮತ್ತು ಸತ್ಯಕ್ಕೆ ಜಯ ಸಿಗುತ್ತದೆ...!,angry,kn
"ನಿಮ್ಮ ಜನರಿಗೆ ಧನ್ಯವಾದಗಳು, ಮಹಾರಾಷ್ಟ್ರ ಒಳ್ಳೆಯ ದಿನಗಳನ್ನು ಕಂಡಿದೆ",neutral,kn
ಭವಿಷ್ಯಕ್ಕಾಗಿ ಅಭಿನಂದನೆಗಳು ಮತ್ತು ಶುಭಾಶಯಗಳು,happy,kn
ಭಾರತದಂತಹ ದೇಶದಲ್ಲಿ ಇದು ತುಂಬಾ ಉಪಯುಕ್ತವಾಗಿದೆ.,neutral,kn
"ನಾನು ಸೂರ್ಯಕಾಂತಿ ಎಣ್ಣೆಯನ್ನು ವರ್ಷಗಳಿಂದ ಬಳಸುತ್ತಿದ್ದೇನೆ, ನಾನು ಕಡಲೆಕಾಯಿ ಎಣ್ಣೆಗಿಂತ ಹಗುರವಾಗಿರುತ್ತೇನೆ, ನಾನು ಏನು ಮಾಡಬೇಕು?",neutral,kn
ದೇಶದ ಮೊದಲ ಕೃಷಿ ಸಚಿವ ಡಾ. ಪಂಜಾಬ್ರಾವ್ ಭೌಸಾಹೇಬ್ ದೇಶಮುಖ ಅವರ ಜನ್ಮದಿನದಂದು ಗೌರವಪೂರ್ವಕ ನಮನಗಳು.,happy,kn
ಜೈ ಶ್ರೀ ರಾಮ್... ನೀವು ಅವರಿಗೆ ತುಂಬಾ ಸರಳವಾದ ಉಡುಗೊರೆಯನ್ನು ನೀಡುತ್ತೀರಿ ಎಂದು ಭಾವಿಸುತ್ತೇವೆ.,neutral,kn
"ಟೋಕಿಯೋ ಒಲಿಂಪಿಕ್ಸ್ ವೇಟ್‌ಲಿಫ್ಟಿಂಗ್‌ನಲ್ಲಿ ಭಾರತಕ್ಕೆ ಮೊದಲ ಬೆಳ್ಳಿ ಪದಕ ಜಯಿಸಿದ ಮೀರಾಬಾಯಿ ಚಾನು..!! ಮೀರಾಬಾಯಿ, ಅಭಿನಂದನೆಗಳು!!",happy,kn
ಸಹೋದರರು ಯಾವಾಗಲೂ ಸಹಾಯಕ್ಕೆ ಇರುತ್ತಾರೆ,neutral,kn
"ಈ ವ್ಯಕ್ತಿಗಳು ಸ್ಪರ್ಧಿಸುತ್ತಾರೆ, ನಾವು ಪ್ರೀತಿಸುತ್ತೇವೆ",neutral,kn
ಇದು ಬಹುಶಃ ಅತ್ಯಂತ ಹಳೆಯ ಬಣ್ಣದ ಚಿತ್ರವಾಗಿದೆ ಮತ್ತು ಅದ್ಭುತವಾಗಿದೆ. ಇಂದಿನ ದಿನಗಳಲ್ಲಿ ಇದು ಚೌಕಟ್ಟಿನಲ್ಲಿ ಲಭ್ಯವಿಲ್ಲ!,happy,kn
1000 ಪಡೆದಿದ್ದಕ್ಕಾಗಿ ಅಭಿನಂದನೆಗಳು. ಶೀಘ್ರದಲ್ಲೇ ಪರಿಶೀಲನೆ ನಡೆಯಲಿದೆ ಎಂದು ಭಾವಿಸುತ್ತೇವೆ.,happy,kn
_: ಪ್ರತಿಯೊಬ್ಬ ನಾಗಪುರ ನಿವಾಸಿಗಳ ಪರವಾಗಿ ನಾನು ಅವರಿಗೆ ಧನ್ಯವಾದಗಳನ್ನು ಅರ್ಪಿಸುತ್ತೇನೆ.,happy,kn
ನಿರ್ಭಿದ್ ಪುಣೆ ಪ್ರಭಾವವನ್ನು ಪೂರ್ಣಗೊಳಿಸಿದ ನಮ್ಮ ಎಲ್ಲಾ ಸ್ನೇಹಿತರಿಗೆ ಹೃತ್ಪೂರ್ವಕ ಅಭಿನಂದನೆಗಳು.,happy,kn
ಎಲ್ಲರಿಗೂ ವಸುಬರ ಮತ್ತು ದೀಪಾವಳಿಯ ಶುಭಾಶಯಗಳು..!,happy,kn
ಕಠಿಣ ಪರಿಶ್ರಮವು ಯಶಸ್ಸನ್ನು ಸಾಧಿಸಲು ಸುಲಭವಾದ ಮಾರ್ಗವಾಗಿದೆ,neutral,kn
ನಂದೂರು ಮಧ್ಯಮೇಶ್ವರನಿಗಿಂತ ಹೆಚ್ಚಿನ ಪಕ್ಷಿ ವೈವಿಧ್ಯ,neutral,kn
ಈ ಹೋರಾಟ ಉಳಿವಿನ ಹೋರಾಟ,fear,kn
ಪಾಲಿಕೆ ಇನ್ನು ಮುಂದೆ ತೇವ ತ್ಯಾಜ್ಯ ಸಂಗ್ರಹಿಸುವುದಿಲ್ಲ. ದೊಡ್ಡ ನಿರ್ಧಾರ,neutral,kn
ಸರ್ವಂ ಶಿವಂ ಸರ್ವಂ ಶಿವಂ,neutral,kn
ಇಂದಿನಿಂದ ಪ್ರಾರಂಭವಾಗುವ ನವರಾತ್ರಿ ಹಬ್ಬದ ಶುಭಾಶಯಗಳು.,happy,kn
ಹಿರಿಯ ನಾಗರಿಕರಿಗೆ ಶುಭ ಸುದ್ದಿ.//...,happy,kn
"ಸರ್, ನಮ್ಮ ದಾಖಲೆಗಳ ಪರಿಶೀಲನೆಯ ನಂತರ ಶಿಫಾರಸುಗಳನ್ನು ಪವಿತ್ರ ಪೋರ್ಟಲ್‌ನಿಂದ ಆಯ್ಕೆ ಮಾಡಲಾಗುತ್ತದೆ.",neutral,kn
"ಮಕರ ಸಂಕ್ರಾಂತಿಯ ಶುಭಾಶಯಗಳು!! ಎಳ್ಳು ಬೆಲ್ಲವನ್ನು ಸೇವಿಸಿ, ಸಿಹಿಯಾಗಿ ಮಾತನಾಡಿ...",happy,kn
ಘಟಸ್ಥಾಪನೆ ಮತ್ತು ನವರಾತ್ರಿ ಹಬ್ಬದ ಶುಭಾಶಯಗಳು!,happy,kn
"ಹುತಾತ್ಮರಾದ ಎಲ್ಲಾ ಪೊಲೀಸ್ ಸಿಬ್ಬಂದಿಗೆ ಶ್ರದ್ಧಾಂಜಲಿ, ಜೈ ಹಿಂದ್",happy,kn
"ಇದರಿಂದ ಯಾವುದೇ ಹಾನಿ ಇಲ್ಲ, ಇದು ನಮಗೆ ಮತ್ತು ಹಿಂದೂ ಸಂಸ್ಕೃತಿಗೆ ಪ್ರಯೋಜನವಾಗಿದೆ.",neutral,kn
ಎಲ್ಲರಿಗೂ ಕೋಜಗಿರಿ ಪೂರ್ಣಿಮೆಯ ಶುಭಾಶಯಗಳು..!,happy,kn
ಇಂದು ಸಂಜೆ ದೈವಿಕ ಮೇಕಪ್ ದರ್ಶನ ಜೈ ಶ್ರೀ ತ್ರಯಂಬಕೇಶ್ವರ ಜ್ಯೋತಿರ್ಲಿಂಗ ಜಿ ನಾಸಿಕ್ ಮಹಾರಾಷ್ಟ್ರ,neutral,kn
ಎಲ್ಲಾ ರೈತ ಸಹೋದರ ಸಹೋದರಿಯರಿಗೆ ಮಕರ ಸಂಕ್ರಾಂತಿಯ ಶುಭಾಶಯಗಳು.,happy,kn
ಔರಂಗಾಬಾದ್ ಮತ್ತು ಉಸ್ಮಾನಾಬಾದ್‌ನ ಸುಧಾರಣೆಗಾಗಿ ಜೋಶಿಯವರ ಶ್ಲಾಘನೀಯ ಪ್ರಯತ್ನಗಳ ಬಗ್ಗೆ ನಾವು ಹೆಮ್ಮೆಪಡುತ್ತೇವೆ.,happy,kn
ನಮ್ಮ ಹಿರಿಯ ಸಹೋದರ ಶ್ರೀ ಸಂದೀಪ ಭಾವು ಕರಂದೆ ಪಾಟೀಲ ಅವರಿಗೆ ಹುಟ್ಟು ಹಬ್ಬದ ಶುಭಾಶಯಗಳು.,happy,kn
ಅವರ ಜನ್ಮದಿನದ ನಿಮಿತ್ತ ಇಂದು ಶ್ರೀ ಕ್ಷೇತ್ರ ನಾರಾಯಣಗಢದಲ್ಲಿ ಆಶೀರ್ವಾದ ಪಡೆಯಲಾಯಿತು.,happy,kn
"ನಾನು ವಿಶೇಷವಾಗಿ ಮರಗಳನ್ನು ಪ್ರೀತಿಸುತ್ತೇನೆ, ಅವು ತುಂಬಾ ಕಾಯ್ದಿರಿಸಲಾಗಿದೆ",neutral,kn
ಮಹಾರಾಷ್ಟ್ರ ಪ್ರದೇಶ ಅಸಂಘಟಿತ ಕಾರ್ಮಿಕರ ಕಾಂಗ್ರೆಸ್‌ನಿಂದ ಎಲ್ಲರಿಗೂ ಶುಭಾಶಯಗಳು!,happy,kn
"ಇದನ್ನು ನೀವು ಹೇಳಬೇಕಾಗಿಲ್ಲ, ಮಹಾರಾಷ್ಟ್ರದ ಜನರು ಬುದ್ಧಿವಂತರು.",neutral,kn
ಶುದ್ಧ ಸಂಸ್ಕಾರದ ಪ್ರತಿಬಿಂಬ...,happy,kn
ವಿಷ್ಣುವಿನ ಹತ್ತನೆಯ ಮತ್ತು ಕೊನೆಯ ಅವತಾರವಾದ ಭಗವಾನ್ ಕಲ್ಕಿ ಜಯಂತಿಯ ಶುಭಾಶಯಗಳು..!,happy,kn
ತುಲಾಪುರ ಪುಣೆ ಸಮಾಧಿಯಲ್ಲಿ ಛತ್ರಪತಿ ಸಂಭಾಜಿ ರಾಜೇ ಅವರಿಗೆ ಶ್ರದ್ಧಾಂಜಲಿ.,happy,kn
ಟ್ರಾಫಿಕ್‌ನಲ್ಲಿ ಈ ಚಿತ್ರರಥ ಇನ್ನೂ ಚೆನ್ನಾಗಿ ಕಾಣಿಸುತ್ತದೆ.///…,neutral,kn
ಸದ್ಗುರು ರಾಜೇಂದ್ರ ಶಿಂಧೆ ಸಾಧಕರಿಗೆ ಮಾರ್ಗದರ್ಶನ ನೀಡುತ್ತಾರೆ! .//…,neutral,kn
ಕರೋನಾ ವರ್ಷದ ಒಳ್ಳೆಯ ಭಾಗ - ಡಾ. ವಿಜಯ್ ಪಂಢರಿ ಪಾಂಡೆ./--...,neutral,kn
ಹೋಳಿ ಹಬ್ಬದ ಶುಭಾಶಯಗಳು,happy,kn
ಎಲ್ಲರಿಗೂ ತೆಂಗಿನಕಾಯಿ ಪೂರ್ಣಿಮಾ ಮತ್ತು ರಕ್ಷಾಬಂಧನದ ಶುಭಾಶಯಗಳು (/),happy,kn
ಶೈಲಪುತ್ರಿ ದೇವಿಯನ್ನು ಭಕ್ತಿಯಿಂದ ಪೂಜಿಸುವುದರಿಂದ ಮನೆಗೆ ಐಶ್ವರ್ಯ ಮತ್ತು ಸಮೃದ್ಧಿ ಬರುತ್ತದೆ ಎಂದು ಹೇಳಲಾಗುತ್ತದೆ.,happy,kn
ನಿಮ್ಮ ತಂದೆಗೆ ಜನ್ಮದಿನದ ಶುಭಾಶಯಗಳು…ಆದರೆ ನೀವು ಆಹಾರಕ್ರಮದಲ್ಲಿರುವಿರಿ ಮಗು.,happy,kn
ವರ್ಷದ ಆರಂಭದಲ್ಲಿ ಒಳ್ಳೆಯ ಸುದ್ದಿ./_/...,happy,kn
'ಚಲ ಹವಾ ಯೇಯು ದ್ಯಾ' ವೇದಿಕೆಯಲ್ಲಿ ಭಾವು ಅವರ ಅದ್ಭುತ ಜಾದೂ./--...,happy,kn
ಮಹಾರಾಷ್ಟ್ರದಲ್ಲಿ ಉತ್ತೀರ್ಣರಾಗುವ ಪ್ರಕ್ರಿಯೆ ಉತ್ತಮವಾಗಿದೆ,neutral,kn
ಹೊಸ ವರ್ಷದ ಶುಭಾಶಯಗಳು ಸಹೋದರ..,happy,kn
ನನಗೆ ಒಳ್ಳೆಯ ವಕೀಲರು ಸಿಗುತ್ತಾರೆ ಎಂದು ನಂಬಿದ್ದೇನೆ.,neutral,kn
ಡಾ. ಬಾಬಾ ಸಾಹೇಬ್ ಅಂಬೇಡ್ಕರ್ ಅವರ ಕೊಡುಗೆ ಅನನ್ಯವಾಗಿದೆ: Panse./?=,happy,kn
ಅಭಿನಂದನೆಗಳು!! ಶಿವಸೇನೆಗೆ ವಕ್ತಾರ ಹುದ್ದೆ ಸಿಕ್ಕಿದೆಯೇ? ?,happy,kn
ಹುಟ್ಟು ಹಬ್ಬದ ಶುಭಾಶಯಗಳು ಕುಮುದ,happy,kn
"ಧನ್ಯವಾದಗಳು ಸಹೋದರ, ಜನ್ಮದಿನದ ಶುಭಾಶಯಗಳು ತುಂಬಾ ಹೆಚ್ಚಿದ್ದವು ಮತ್ತು ಅಜಾಗರೂಕತೆಯಿಂದ ನಿರ್ಲಕ್ಷಿಸಲಾಗಿದೆ",happy,kn
ಒಳ್ಳೆಯ ಉಪಾಯ ಆದರೆ ಫಡ್ಮಾನವೀಸ್ ನಿಮ್ಮ ಮಾತು ಕೇಳುತ್ತಾರಾ??,neutral,kn
"ಏನಿಲ್ಲ, ರಾಣಿಯ ತೋಟದಲ್ಲಿ ಪೆಂಗ್ವಿನ್‌ಗಳು ಖುಷಿಯಿಂದ ಗಾರ್ಬಾ ಆಡುತ್ತಿವೆ",happy,kn
ಪ್ರವಾಸಿಗರಿಗೆ ಕೈಲಾಸ ಗುಹೆಗಳ ವಿಶಿಷ್ಟತೆಯನ್ನು ತೋರಿಸಲು ಬೆಟ್ಟದ ರಸ್ತೆಯನ್ನು ಪ್ರಸ್ತಾಪಿಸಲಾಗಿದೆ.,neutral,kn
ಸಹ್ಯಾದ್ರಿ ನಿಮ್ಮ ಪ್ರಯಾಣಕ್ಕೆ ಶುಭ ಹಾರೈಸುತ್ತದೆ... ಕಾಳಜಿ ವಹಿಸಿ...,happy,kn
ಬಿಜೆಪಿಗೆ ಅನಿಲ್ ಜೀ ಅವರಂತಹ ನಾಯಕರು ಬೇಕು!,neutral,kn
ಪ್ರಕೃತಿಯಿಂದ ನಮಸ್ಕಾರಗಳು ಸರ್,happy,kn
"ಬಾಪ್ಪಾ, ನಿನ್ ವರ್ಷ ಯಾವಾಗ ಕಾದು ಹೋಯಿತು, ಈಗ ನಿನ್ನ ಆಗಮನಕ್ಕೆ ಎರಡು ದಿನ ಬಾಕಿ ಇದೆ.",happy,kn
ಈ ಭ್ರಷ್ಟಾಚಾರದ ಪಿಡುಗನ್ನು ತೊಲಗಿಸಲು ಮುಂಬೈಗೆ ಬರಲಿದೆ ಬಿಜೆಪಿ!,angry,kn
ಜ್ಞಾನ ಮತ್ತು ವಿಜ್ಞಾನವು ನಮ್ಮ ತಿಳುವಳಿಕೆಯನ್ನು ಪೂರ್ಣಗೊಳಿಸುತ್ತದೆ.,neutral,kn
ಅದು ತುಂಬಾ ನಿಜ,neutral,kn
ಕೇಸರಿ ವಾರ್ಷಿಕೋತ್ಸವದ ಶುಭಾಶಯಗಳು ಭಗವತ್ಜೀ,happy,kn
"ಮರ್ಜಿಭಾಯ್, ನಡೆಯುತ್ತಿರುವ ಚುನಾವಣೆಯನ್ನು ಕೊಲ್ಲು.",neutral,kn
ನಿಜವಾದ ಲಕೋಬಾ ಬೋಬಾ,angry,kn
ಮುಂಬೈನ ಘಾಟ್‌ಕೋಪರ್‌ನಲ್ಲಿರುವ ಬಾತ್‌ರೂಮ್‌ನಲ್ಲಿ ಧುಲ್ವಾದ್ ಆಡಿ ಮನೆಗೆ ಮರಳಿದ್ದ ದಂಪತಿಯ ಮೃತದೇಹ ಪತ್ತೆಯಾಗಿದೆ. ..//-...,happy,kn
"ಹುಚ್ಚು ಹಿಂದಿನದನ್ನು ನೋಡಿ, ಜನರು ಶೆನ್ ಮತ್ತು ಸ್ಟಿಕ್ ಅನ್ನು ಧರಿಸುತ್ತಾರೆ",angry,kn
ಇದನ್ನು ಕುರ್ಲಾ ಸಂಚಾರ ಇಲಾಖೆಗೆ ಮಾತ್ರ ಕಳುಹಿಸಿದರೂ ಯಾವುದೇ ಕ್ರಮ ಕೈಗೊಂಡಿಲ್ಲ,sad,kn
"ಸಾರ್, ಬಿಜೆಪಿ, ಗೋಡಿ ಮೀಡಿಯಾ, ಅಂಧ ಭಕ್ತರಿಗೆ ಕೌಟುಂಬಿಕತೆ ಅನ್ವಯಿಸುವುದಿಲ್ಲ",angry,kn
ಚಿತ್ರಾ ತೈ ವಾಘ್ ಮತ್ತು ನೀವು ಟ್ವೀಟ್ ಮಾಡಲು ಶಿಂಧೆ ಗ್ರೂಪ್‌ನ ಸದಸ್ಯರಾಗಲು ಅರ್ಹರಲ್ಲ.,angry,kn
ಒಂದು ಸಾರಿ ಏನನ್ನೂ ಕೊಡಬೇಡ. ಆದರೆ ಮುಜುಗರದಿಂದ ನನ್ನನ್ನು ಬಿಡಬೇಡಿ.,sad,kn
ಇದು ಅವನ ನೈತಿಕ ವಿಜಯವಾಗಿದೆ ಏಕೆಂದರೆ ಅವನ ಮುಂದೆ ಅಧಿಕಾರಕ್ಕಾಗಿ ಒಟ್ಟುಗೂಡುವ ಮಹತ್ವಾಕಾಂಕ್ಷೆಯ ರಾಕ್ಷಸರು ನಿಂತರು.,happy,kn
ಈಗ ಈ ಕಲೆಕ್ಟರ್ ಹಣಕಾಸು ಸಚಿವರೊಂದಿಗೆ ಹಣಕಾಸು ವಿಚಾರವಾಗಿ ಮಾತನಾಡಲಿದ್ದಾರೆ...,angry,kn
ಮಾಲಿನ್ಯ ಮಾಡುವವರಿಗೆ ಬಸ್ ನೀಡುವುದು ಸರಿಯಲ್ಲ.,angry,kn
ನಾವು ಅದನ್ನು ಲಘುವಾಗಿ ತೆಗೆದುಕೊಂಡಿದ್ದೇವೆ,neutral,kn
ಬಿಜೆಪಿ ವನವಾಸಕ್ಕೆ...,happy,kn
ಹಾಗಾಗಿ ನಾನು ಹೇಳುತ್ತೇನೆ ಪಾವ್ ತಿನ್ನು ಆದರೆ ಭಾವ ತಿನ್ನಬೇಡ...,neutral,kn
ಯಾರು ಸತ್ತರು? ನಿಮ್ಮ ಪ್ರಕಾರ ಯುದ್ಧವೇ? ಉದ್ಯೋಗ ಕೊನೆಗೊಂಡಿದೆಯೇ?,angry,kn
ಅಬ್ದುಲ್ ಸತ್ತಾರ್ ಸಾಹೇಬರು ನಿಮ್ಮಂತಹ ದೇಶದ್ರೋಹಿಯೇ?,angry,kn
"ಪಂಢರಪುರ, ಕೊಲ್ಲಾಪುರ ಚುನಾವಣೆಯಲ್ಲಿ ಎಲ್ಲಿ ಸತ್ತರು... ಲೋಚತ್",angry,kn
ನಿಮ್ಮ ಕುಟುಂಬವು ನಿಮ್ಮ ಆಸೆಗಳನ್ನು ಗಂಭೀರವಾಗಿ ಪರಿಗಣಿಸುತ್ತದೆಯೇ?,sad,kn
ಈ ಭತ್ಯೆಗೆ ನೀವು ಅರ್ಹರಾಗಿದ್ದೀರಾ?,angry,kn
"ನಿಮ್ಮ ಸಾಮಾನ್ಯ ಜ್ಞಾನವು ನಿಮ್ಮನ್ನು ಮೋಸಗೊಳಿಸಲು ಬಿಡಬೇಡಿ, ನಿಮ್ಮ ದೃಷ್ಟಿಯಲ್ಲಿ ಹಿಂದೂ ಸಂಪ್ರದಾಯಗಳು ನೆನಪಿದೆಯೇ?",angry,kn
ಪ್ರತಿಭಟನೆಯೊಂದೇ ಪರಿಹಾರ ನಮಗೆ ನ್ಯಾಯ ಸಿಗುವುದಿಲ್ಲವೇ???,sad,kn
ನಾಟಕಕ್ಕೆ ಸಹಾನುಭೂತಿ ಸಿಗುವುದಿಲ್ಲ,angry,kn
"ಆಜಾನ್ ಶಬ್ದವು ಕಾರ್ಯನಿರ್ವಹಿಸಿದರೆ, ಈ ಧ್ವನಿ ಏಕೆ ಕಾರ್ಯನಿರ್ವಹಿಸುವುದಿಲ್ಲ? ಅವರ ಕಿವಿಯಲ್ಲಿ ಇಯರ್‌ಪ್ಲಗ್‌ಗಳನ್ನು ಹಾಕಲು ಹೇಳಿ.",angry,kn
ನಾನು ಅವರನ್ನು ತೆರೆದ ಸ್ಥಳದಲ್ಲಿ ನೋಡುತ್ತೇನೆ,angry,kn
ಇದು ಚಿಕ್ಕಮ್ಮ ಯೆಡಾ.,angry,kn
"ಅರೇ, ನೀವೂ ಜನರ ಜೊತೆ ಸೇರಿಕೊಂಡಿದ್ದೀರಾ?",angry,kn
ನಾಮಪದ ಸಂಖ್ಯೆ ಒಂದು ಬ್ರೌನಿ,angry,kn
ರೂಪಾಯಿ ಅಪಮೌಲ್ಯ ಭಾರತದ ಹಿತಾಸಕ್ತಿಯಲ್ಲಿದೆಯೇ? ಕಾಮೆಂಟ್,neutral,kn
ಈ ಚೇಷ್ಟೆಗಳು ಸಂಚಲನ ಮೂಡಿಸಿದವು,angry,kn
"ಪಂಢರಪುರ, ಕೊಲ್ಲಾಪುರ ಕಾಲದಲ್ಲಿ ಈ ಸಂಸ್ಕೃತಿಯನ್ನು ಯಾರಿಗಾದರೂ ಬಾಡಿಗೆಗೆ ನೀಡಲಾಗಿತ್ತೇ?",angry,kn
ಶಿವಸೇನೆಯ ವಿರುದ್ಧ ಆಟವಾಡುತ್ತಿರುವವರು ಪರಿಣಾಮ ಎದುರಿಸಬೇಕಾಗುತ್ತದೆ.,fear,kn
ಹೆತ್ತವರು ಮಾತ್ರ ಹೀಗೆ! ಬೇರೆಯವರಿಂದ ಇದನ್ನು ನಿರೀಕ್ಷಿಸುವುದು ತುಂಬಾ ದುಃಖಕರವಾಗಿದೆ!,sad,kn
ನೀವು ವಿಷದೊಂದಿಗೆ ಏಕೆ ಮಲಗಬೇಕು ಎಂದು ಈಗ ನಿರ್ಧರಿಸಿ,angry,kn
ಅಂಧಾರೆ ಬಾಯಿ ಹಿಂದೂಗಳನ್ನು ನಿಂದಿಸುವ ಸಾಧ್ಯತೆ ಹೆಚ್ಚು.,angry,kn
ಆಮೇಲೆ ಪಶ್ಚಾತ್ತಾಪ ಕೂಡ.. ಎಷ್ಟು ಅರೆಮನಸ್ಸು!!,angry,kn
ಈ ಪಕ್ಷ ನಿಜಕ್ಕೂ ದೇಶದ್ರೋಹಿ.,angry,kn
ಚೋಂಗ್ಯಾ ಬಾಲಾ ಸಾಹೇಬ್ ಮತ್ತು ಅವರ ನಿಖರವಾದ ಆಲೋಚನೆಗಳು ಅವರಿಗೆ ತಿಳಿದಿದೆಯೇ?,angry,kn
"""ಸ್ವತಃ ಮಂತ್ರಿ, ಲೇಕ್ ಎಂಪಿ, ಇನ್ನೊಬ್ಬ ಜಿಲ್ಲಾಧ್ಯಕ್ಷ ... ಆದರೆ ಇದು ರಾಜವಂಶವಲ್ಲ!""",angry,kn
ಚರಂಡಿಯ ಬಾಯಿ ಸ್ವಚ್ಛಗೊಳಿಸುವುದಿಲ್ಲ ಎಂದು ಹರ್ಫಿಕಾನಿ.,angry,kn
ಈಗ ನಿಮ್ಮ ತಂದೆಯ ಕಾನೂನನ್ನು ಮರೆತುಬಿಡಿ,angry,kn
"ಜನ ಅಧಿಕಾರದಲ್ಲಿದ್ದಾಗ ಕುಟುಂಬಸ್ಥರು ಮನೆಯಲ್ಲಿ ಕೂತಿದ್ದು, ಈಗ ಅದರ ಬಗ್ಗೆ ಮಾತನಾಡುವುದು ಸೂಕ್ತ.",angry,kn
ದೌರ್ಬಲ್ಯವಿಲ್ಲದ ನೀವು ಮಾತನಾಡುತ್ತಿದ್ದೀರಿ ನೋಡಿ ನಿಮ್ಮ ಬೆರಳುಗಳಿವೆ,angry,kn
ಬೀದರ ಜಿಲ್ಲೆಯ ಪರಿಸ್ಥಿತಿಗೆ ಆಡಳಿತ ಎಚ್ಚೆತ್ತುಕೊಳ್ಳುವುದೇ?,sad,kn
ಅವರು ಭಾಗಶಃ ಗುಂಪಿನ ನಾಯಕರಾಗಿದ್ದಾರೆ,angry,kn
ಫೈಜಾಬಾದ್ ನಾಚಿಕೆಯಿಲ್ಲದ ಮಹತ್ವಾಕಾಂಕ್ಷೆಯ... ರಾಕ್ಷಸ ಸ್ವಭಾವದ ಸಂಕೇತವಾಗಿದೆ.,angry,kn
ಅಣಜಿ ಪಂತ್ ಅವರ ಬಳಿಯೂ ದೇಶದ್ರೋಹಿ ಗುರಾಣಿ ಮತ್ತು ಕತ್ತಿ ಇತ್ತು.,neutral,kn
"ಆದ್ದರಿಂದ ನಾವು ಕೂಡ ನಿಮ್ಮಂತೆ ಖಾಲಿ ಕೈಗಳು, ನೀವು ಹಣ ಸಂಪಾದಿಸಲು ಬಯಸುತ್ತೇವೆ ಮತ್ತು ನಾವು ಕೆಲಸ ಮಾಡಲು ಬಯಸುತ್ತೇವೆ ...",angry,kn
ಪೊಲೀಸ್ ಸಂಸ್ಮರಣಾ ದಿನದಂದು ದೇಶಕ್ಕಾಗಿ ಕರ್ತವ್ಯ ನಿರ್ವಹಿಸಿ ಹುತಾತ್ಮರಾದ ಹುತಾತ್ಮ ಯೋಧರಿಗೆ ಭಾವಪೂರ್ಣ ಶ್ರದ್ಧಾಂಜಲಿ.,happy,kn
ನೀವು ಯಾವ ರೀತಿಯ ಕ್ರಿಕೆಟ್ ಆಟಗಾರರಾಗಿದ್ದಿರಿ ???????????? ಉಪಾಧ್ಯಕ್ಷರಾಗಲು ನಿಮಗೆಷ್ಟು ಅರ್ಹತೆ ಇದೆ ??????,angry,kn
"""ಸಹಾನುಭೂತಿ, ಕಣ್ಣಲ್ಲಿ ನೀರು,"" ರಾಜ್ ಠಾಕ್ರೆ ಉದ್ಧವ್ ಠಾಕ್ರೆಯವರ ತೀಕ್ಷ್ಣ ಟೀಕೆ; ""ಯಾವುದೇ ಅಲೆ..."" ಎಂದರು.",angry,kn
ಪಕ್ಷಕ್ಕೆ ಕಡಿವಾಣ ಹಾಕಿದ ನೀವು ಯಾಕೆ ಹೀಗೆ ನಗುತ್ತಿದ್ದೀರಿ?,sad,kn
ಶಿಕ್ಷಣವನ್ನು ವ್ಯಾಪಾರವಾಗಿ ಪರಿವರ್ತಿಸಿರುವ ದೇಶದಲ್ಲಿ ಏನನ್ನು ನಿರೀಕ್ಷಿಸಬಹುದು?,sad,kn
ಅವರಿಗೆ ಕಲ್ಪನೆಗಿಂತ ಅಧಿಕಾರ ಮುಖ್ಯ.,angry,kn
ಯಾರಾದರೂ ಕೊಳಕು ಬೊಗಳುವುದನ್ನು ಹೇಗೆ ಆನಂದಿಸಬಹುದು ಎಂದು ನನಗೆ ಅರ್ಥವಾಗುತ್ತಿಲ್ಲ.,angry,kn
ಅಂದರೆ ಬಿಜೆಪಿ ಒಂದು ಹುಳು,angry,kn
ಕಾಂಗ್ರೆಸ್ಸಿಗರೇ ಇಷ್ಟು ಭ್ರಷ್ಟರಾಗಿದ್ದರೆ ಅವರನ್ನು ಬಿಜೆಪಿಗೆ ಏಕೆ ತೆಗೆದುಕೊಳ್ಳುತ್ತೀರಿ?,angry,kn
ತನ್ನ ಟ್ಯಾಂಕ್‌ಗಳ ಹಣವನ್ನು ಭ್ರಷ್ಟರ ಕೈಗೆ ದ್ರೋಹ ಮಾಡಿ ಹಸ್ತಾಂತರಿಸಿದ್ದಕ್ಕಾಗಿ ಲೋಕಖಾತ್ ಮತ್ತು ಪ್ರಶಸ್ತಿಯನ್ನು ಪಡೆದರು.,angry,kn
ಅವರ ಪ್ರಕಾರ ಪಕ್ಷದಲ್ಲಿನ ತಪ್ಪುಗಳನ್ನು ಬೆಂಬಲಿಗರು ಎತ್ತಿ ತೋರಿಸುವುದು ಅಪರಾಧ ಎಂದು ಪರಿಗಣಿಸಲಾಗಿದೆ...,angry,kn
"ನೀವೊಬ್ಬ ನಾಯಕ ಎನ್ನುವುದರಲ್ಲಿ ಸಂದೇಹವಿಲ್ಲ, ಮಕ್ಕಳಿಗೂ ಅಂತಹ ಬಾಲಿಶ ಬುದ್ಧಿ ಇರುವುದಿಲ್ಲ.",angry,kn
"ಮುಂಬೈ ಮರಾಠಿಗರಿಗೆ ಸೇರಿದ್ದು, ನಿಮ್ಮಂತಹ ಹೇಡಿಗಳಿಗೆ ಅಲ್ಲ.",angry,kn
ಶಾಶ್ವತ ನಿಷೇಧ ಏಕೆ? ಸೆಟ್ಟಿಂಗ್‌ಗಳು ಯಾವುವು ??,angry,kn
ಈ ದೇಶದ್ರೋಹಿ ಇನ್ನೂ ನಮ್ಮಂತಹ ದೇಶದ್ರೋಹಿಗಳನ್ನು ಹುಡುಕುತ್ತಿದ್ದಾನೆ ಎಂದು ತೋರುತ್ತದೆ ...,angry,kn
ಈ ವ್ಯಕ್ತಿ ಸಮಾಜದಲ್ಲಿ ದೊಡ್ಡ ತಪ್ಪು ಕಲ್ಪನೆಯನ್ನು ಹರಡುತ್ತಿದ್ದಾನೆ. ಈ ಜ್ಞಾನಕ್ಕೆ ಸೇರಿಸಿ.,angry,kn
ನಿನ್ನನ್ನು ಶಿವಸೈನಿಕರು ಚೆನ್ನಾಗಿ ಥಳಿಸಿದ್ದಾರೆ ಅದಕ್ಕಾಗಿಯೇ ನೀವು ಮಾತನಾಡುತ್ತಿದ್ದೀರಿ,angry,kn
ಯಾರಾದರೂ ನಿಮಗೆ ಏನನ್ನಾದರೂ ನೀಡುತ್ತಾರೆ ಎಂಬ ಕಾರಣಕ್ಕಾಗಿ ಅವರೊಂದಿಗೆ ಉಳಿಯುವುದು ಮೂಲಭೂತವಾಗಿ ತಪ್ಪು ನಿರೀಕ್ಷೆಯಾಗಿದೆ,sad,kn
ಈ ವಡಾಪಾವ್ ಸೈನಿಕರು ಕೊಳಕು ಆಲೋಚನೆಗಳನ್ನು ಹೊಂದಿದ್ದಾರೆ,angry,kn
ಸಂಕಟವಿಲ್ಲದೆ ಬುದ್ಧಿ ಬರುವುದಿಲ್ಲ...! ಅರ್ಧ ಗಂಟೆ ಮಳೆ ಬೇಕು,sad,kn
"ಇಂದು ಹಬ್ಬದ ಮಾರುಕಟ್ಟೆ ಇದ್ದು, ಬೆಳಗ್ಗೆಯಿಂದಲೇ ನಡೆಯುತ್ತಿದೆ.",angry,kn
"ಅವರಲ್ಲಿ ರಾಷ್ಟ್ರೀಯತೆ ಹೇಗೆ ಬಂತು, ಅದು ಭ್ರಷ್ಟವಾಗಿದೆ",angry,kn
"ಅಂತಹ ಪ್ರಶ್ನೆಗಳನ್ನು ಕೇಳಬೇಡಿ ಸಾರ್, ಆ ಮೂರ್ಖ ಮತ್ತೆ ಏನಾದರೂ ಮಾಡುತ್ತಾನೆ.",angry,kn
ಎರಡೂ ರಾಜ್ಯಗಳಲ್ಲಿ ಬಿಜೆಪಿ ಮುಖ್ಯಮಂತ್ರಿಗಳಿರುವುದರಿಂದ ಇದೆಲ್ಲ ಪೂರ್ವ ಯೋಜಿತ ಎಂದು ಭಾವಿಸಬೇಕು.,angry,kn
"ಭಾರತದಲ್ಲಿ ನೆಲೆಸಿರುವಾಗ ಪಾಕಿಸ್ತಾನ ಜಿಂದಾಬಾದ್ ಎಂಬ ಘೋಷಣೆಗಳನ್ನು ನೀಡುವುದು ಸ್ವೀಕಾರಾರ್ಹವಲ್ಲ, ಅಂತಹವರಿಗೆ ಕಠಿಣ ಶಿಕ್ಷೆಯಾಗಬೇಕು...",angry,kn
ದೇಶದ್ರೋಹಿಗೆ ಟಾರ್ಚ್ ಇದೆ,angry,kn
ಶ್ರೀ ಮೋದಿಭಕ್ತರ ಹೆಸರುಗಳನ್ನು ತೆಗೆದುಕೊಳ್ಳಲು ಬಿಡಲಿಲ್ಲ ಎಂದು ತೋರುತ್ತದೆ,angry,kn
"ಹೇ ಹೇಡಿ ಕಳ್ಳ, ನಿನ್ನ ಪ್ರಶ್ನೆಗೆ ಉತ್ತರ ಕೊಡುವ ರಾಹುಲ್ ಗಾಂಧಿ ನಿನ್ನ ತಂದೆಯ ಸೇವಕ",angry,kn
ಸರ್ಕಾರ ಖಾಸಗೀಕರಣ ಮಾಡಲು ಬಯಸುತ್ತದೆ.. ಇದು ಬಡತನವನ್ನು ಇನ್ನಷ್ಟು ಹೆಚ್ಚಿಸುತ್ತದೆ..,sad,kn
"ಉದ್ಧವ ಅಪರೂಪ - ಅಸಹಾಯಕ, ನಿಷ್ಪ್ರಯೋಜಕ ಮತ್ತು ನಾಚಿಕೆಯಿಲ್ಲದ",angry,kn
"ನೀವು ಇನ್ನೂ ಅಲ್ಲಿ ಕೆಲಸ ಮಾಡಿಲ್ಲ, ನೀವು ಅದನ್ನು ಯಾವಾಗ ಮಾಡುತ್ತೀರಿ?",neutral,kn
ಉದ್ಧತರಾವ್ ಈಗ ತಮ್ಮ ತಂದೆಯ ಪಕ್ಷವನ್ನೇ ಸುಡುವ ಜ್ಯೋತಿಯನ್ನು ಕೈಗೆತ್ತಿಕೊಂಡಿದ್ದಾರೆ.,angry,kn
ಮುಖ್ಯಮಂತ್ರಿ ಮರಾಠಿ ಬದಲು ಹಿಂದಿ ಮಾತನಾಡುತ್ತಿರುವುದು ಏಕೆ? ಉತ್ತರ,angry,kn
"ತುಂಬಾ...!!! ಇಡೀ ಪರಿಸರವನ್ನೇ ಧೂಳಿನಂತೆ ಕಲುಷಿತಗೊಳಿಸುತ್ತಾರೆ, ಸಾಮರಸ್ಯವಿಲ್ಲ..!!!",angry,kn
ಬುರ್ಜಿ ಪಟೇಲ್ ಅವರನ್ನು ನಾಮನಿರ್ದೇಶನ ಮಾಡಲಾಯಿತು,angry,kn
ಹಂದಿಗಿಂತ ನಾಯಿ ಉತ್ತಮವಾಗಿತ್ತು,angry,kn
ರಾಹುಲ್ ಗಾಂಧಿಯವರ ಇಂತಹ ಫೋಟೋ ನೋಡಿದ ಕೆಲ ದನಕರುಗಳು ಬೆಚ್ಚಿ ಬೀಳುತ್ತಾರೆ.,angry,kn
ನನ್ನ ದೀಪಾವಳಿ ತಿಂಡಿಗಳ ರುಚಿ ನೋಡಿ ಸುಸ್ತಾಗಿದ್ದೇನೆ,neutral,kn
ಲಿಲ್ಲಿಪುಟ್ ಕೋಳಿ ತಂದೆ ಮತ್ತು ಮಕ್ಕಳಿಗಿಂತ ಈ ವಿಶ್ವದಲ್ಲಿ ನಿಮಗಿಂತ ಉತ್ತಮವಾದವರು ಯಾರೂ ಇಲ್ಲ ಎಂಬುದು ಎಲ್ಲರಿಗೂ ತಿಳಿದಿರುವ ವಿಷಯ.,angry,kn
ಹಿಂದೂ ಹೆಣ್ಣು ಮಕ್ಕಳಿಗೆ ಹಿಂದೂ ಗಂಡು ಮಕ್ಕಳು ಸಿಗುವುದಿಲ್ಲವೇ? ಕರೀನಾ ಕಪೂರ್ ಕಡೆಗೆ ಭಿಕ್ಕರ್ ನೋಟ,angry,kn
"ಅವರು ನಮ್ಮನ್ನು ""ಜನರು"" ಎಂದು ಕರೆಯುತ್ತಾರೆ ಎಂದು ನಾನು ಕೆಲವೊಮ್ಮೆ ಭಾವಿಸುತ್ತೇನೆ.",sad,kn
ಮಹಾರಾಷ್ಟ್ರದ ರೈತರು ಭಿಕ್ಷೆ ಬೇಡುತ್ತಾ ದೆಹಲಿಗೆ ಹೋಗುತ್ತಿದ್ದಾರೆ,sad,kn
ಒಟ್ಟಿಗೆ ತಿನ್ನೋಣ,angry,kn
ದೇಶದ್ರೋಹಿಗಳೂ ಚಿಂತಿತರಾ?,angry,kn
"ಅದರ ಪೂರ್ವಜರು ತಮ್ಮ ಕೈಗಳ ಉಗುರುಗಳನ್ನು ಬಳಸಿ ಮಲಗಿದ್ದರೆ, ಈ ಸಮಯ ಬರುತ್ತಿರಲಿಲ್ಲ.",angry,kn
"ಮಳೆ ಬಾರದೇ, ವರುಣರಾಜ್ ಅನ್ನದಾತ ನೋಡಬೇಕಲ್ಲವೇ",sad,kn
ನಿನ್ನೆಯ ತೀರ್ಪಿನಲ್ಲಿ ಸುಪ್ರೀಂ ಕೋರ್ಟ್ ಕಟ್ಟುನಿಟ್ಟಿನ ಪಾತ್ರ ವಹಿಸಬೇಕಿತ್ತು.,sad,kn
ಚೈಬಾಳನ್ನು ಗುಲಾಮರನ್ನಾಗಿ ಮಾಡಿಕೊಂಡವರೂ ದೇಶದ್ರೋಹಿಗಳಾಗಿರುವುದು ಹೊಸ ವಿಷಯವೇನಲ್ಲ.,angry,kn
-? ನೀವು ಯಾವ ಯುಗದಲ್ಲಿದ್ದೀರಿ? ಕನಿಷ್ಠ ಈಗಲಾದರೂ..,neutral,kn
ಎನ್‌ಸಿಪಿ ಮತ್ತು ಕಾಂಗ್ರೆಸ್‌ನ 'ಜ್ಯೋತಿ'ಯನ್ನು ಸಾರ್ವಜನಿಕರು ಸ್ವೀಕರಿಸುವುದಿಲ್ಲ!,angry,kn
"ಕ್ರಾಂತಿಯನ್ನು ಆಚರಿಸಲಾಯಿತು, ಆದರೆ ಈಗ ಭಯದಿಂದಾಗಿ, ಅಲಿಬಾಬಾ ಮತ್ತು ನಲವತ್ತು ಕಳ್ಳರು ಜಗಳವಾಡಲು ಪ್ರಾರಂಭಿಸಿದ್ದಾರೆ.",angry,kn
ಈ ಪ್ರತಿಸ್ಪರ್ಧಿಗಳು ಪರಸ್ಪರರ ಕಾಲುಗಳನ್ನು ಎಳೆಯುವ ಏಡಿಗಳು,angry,kn
ಫೇಕಾನ ಕಥೆಗಳನ್ನು ಹೇಳಲು ನೀನೊಬ್ಬನೇ ಉಳಿದಿದ್ದೀಯ,angry,kn
ನಿಜ ಹೇಳು ಸಾರ್ ಅಂತ ಹರಿದಾಡಿದ್ದೆ,angry,kn
ಮೋದಿಯವರದು ಸಂಪೂರ್ಣ ತಪ್ಪು. ಮನೀಶ್ ಸಿಸೋಡಿಯಾ ಬಂಧಿತ,angry,kn
"ಈಗ ಮಾತನಾಡೋಣ, ಇದನ್ನು ಯಾರು ವಿರೋಧಿಸುತ್ತಾರೆ? ನಿನಗೆ ಧೈರ್ಯವಿದೆಯೇ?",angry,kn
ಅಂಧ ಭಕ್ತನಾಗಲು ಈ ಮಾದರಿಯು ಕಡ್ಡಾಯವಾಗಿದೆ,angry,kn
ನಾಚಿಕೆಯಿಲ್ಲದ ಯಾವಾಗಲೂ ಸಂತೋಷ! ನಿಮ್ಮ ಬಂಗಲೆಗೆ ಹೆಸರಿಟ್ಟಿದ್ದೀರಾ? ಬಾಬಾ ಸಾಹೇಬರ ತಾಯಿ!,angry,kn
ನಿಜ ಆದರೆ ಈ ಪೆಟ್ಟಿಗೆಗಳು ಎಷ್ಟು ಕಾಲ ಬಾಳಿಕೆ ಬರುತ್ತವೆ? ಇದು ಒಂದು ದಿನ ಕೊನೆಗೊಳ್ಳುತ್ತದೆ. ಹಾಗಾದರೆ ಏನು?,neutral,kn
ಮತ್ತು ಶಿವಸೈನಿಕರ ಭಾಷೆಯಲ್ಲಿ ಮಹಾರಾಷ್ಟ್ರವು ಗೊಬ್ಬರವಾದ ಮಹಾಚೂಟಿಯಾ ಆಗಿದೆ.,angry,kn
ಈ ಹಿಂದೆ ಮಳೆ ಬರಲೆಂದು ಕಪ್ಪೆಗಳ ಮದುವೆಗಳನ್ನು ಏರ್ಪಡಿಸಲಾಗುತ್ತಿತ್ತು. ಈಗ ಅವನಿಗೆ ವಿಚ್ಛೇದನ ನೀಡುವ ಸಮಯ ಬಂದಿದೆ,angry,kn
ಎಷ್ಟು ಸಿಟ್ಟು ಬಂದಿರೋ ಹಿಂಬಾಗಿಲು ಕೊಂಬೆಗಳ ವಿಶೇಷತೆ...,angry,kn
ದೇಶದ ಗೃಹ ಸಚಿವರೇ ಆರೋಪಿಯಾದಾಗ ದೇಶಕ್ಕೆ ಏನಾಗುತ್ತದೆ?,angry,kn
ಇದು ತೇಲುವ ಮಲ,angry,kn
ಹೊಸ ಸಂದ ಉದ್ಘಾಟನೆ ಬಿಟ್ಟರೆ ಏರಿಯಾದಲ್ಲಿ ಏನ್ ಮಾಡ್ತಿದ್ದೀರ???,angry,kn
ನಾನು ಅವಳಿಗೆ ಕೊಡುವುದಿಲ್ಲ ಮತ್ತು ಅವಳು ಚೇತರಿಸಿಕೊಂಡಾಗ ದನದ ಕೊಟ್ಟಿಗೆಗೆ ಕರೆದುಕೊಂಡು ಹೋಗುತ್ತೇನೆ.,neutral,kn
ಹಗರಣಕ್ಕಾಗಿ ದಿ ಬ್ಲಾಕ್‌ಗೆ ಏಕೆ ಶಿಕ್ಷೆಯಾಗಲಿಲ್ಲ? ಬೆಂಚ್,angry,kn
ನಿಮ್ಮಂತಹ ದೇಶದ್ರೋಹಿಗಳಿಗೆ ಗುರಾಣಿ ಅಥವಾ ಕತ್ತಿ ಇಲ್ಲ... ಅವರ ಬಳಿ ಕಠಾರಿ ಇದೆ...,angry,kn
ಅಂತಹ ಮೃದು ಭಾಷೆ ಅಂತಹ ವಿಷಯಗಳನ್ನು ಸುಧಾರಿಸುವುದಿಲ್ಲ. ಜೋಡಿ ಭಾಷೆ,angry,kn
ಗಂಡೋ ವಕಡ ಮತ್ತು ಗಂಡೋ ಮರಾಠಿ ಮನುಷ್ಯ! ಒಂದೇ ಒಂದು ಹುಲಿ ಇತ್ತು ಮತ್ತು ಅವನು ನಪುಂಸಕನಾದನು!,angry,kn
ಚೆನ್ನಾಗಿ ನಡೆದುಕೊಂಡಿದ್ದೀರಾ... ಮತದಾರರು ಅಂಥವರನ್ನು ಆಯ್ಕೆ ಮಾಡಲಿ ನೋಡೋಣ,angry,kn
ಕೊಂಕಣ ಸೇರಿದಂತೆ ರಾಜ್ಯದಲ್ಲಿ ಆರ್ದ್ರ ಬರ ಘೋಷಿಸುವುದು ಬಹಳ ಮುಖ್ಯ.,sad,kn
"ನೋಡಿ, ನಿಮ್ಮ ಹಣೆಬರಹದಲ್ಲಿ ಏನೂ ಇಲ್ಲ..... ಅವರು ಇತರರ ಹೆಸರನ್ನು ತೆಗೆದುಕೊಳ್ಳಲು ಪ್ರಾರಂಭಿಸುತ್ತಾರೆ.",angry,kn
"ಕೋಳಿ ಕಳ್ಳನ ಕಾರು ಮುರ್ಜಿ ಪಟೇಲನ ರೂಪವನ್ನು ತುಂಬಲು ಪ್ರಾರಂಭಿಸಿತು, ಪನ್ವತಿ ನಡೆಯಲು ಪ್ರಾರಂಭಿಸಿದಳು.",angry,kn
"ನೀವು ಯಾರೆಂದು ಯಾರಿಗೂ ತಿಳಿದಿಲ್ಲ, ಹಾಗಾದರೆ ನೀವು ಮತ್ತೆ ಮತ್ತೆ ಏಕೆ ಹೋಗಬೇಕೆಂದು ಬಯಸುತ್ತೀರಿ",neutral,kn
"ಟ್ವಿಟರ್ ಬೇಡ, ಅವಮಾನವನ್ನು ಬಿಡಿ, ಮತ್ತು ನೀವು ಬಟನ್ ಅನ್ನು ಪಡೆಯುತ್ತೀರಿ...",neutral,kn
ನೀವು ಪೆಂಗ್ವಿನ್‌ಗಳನ್ನು ಸ್ಕ್ರಾಚ್ ಮಾಡಿ ಹೀರುತ್ತೀರಾ?,angry,kn
ಅಲ್ಲಿ ಯಾರಿದ್ದಾರೆ? ಕಿರುಚುತ್ತಾ.. ನನಗೆ ನನ್ನದೇ ಆದ ಬಾಲವಿತ್ತು,angry,kn
ರಾಮರಾಜ್ಯದಲ್ಲಿ ಪ್ರಾಣಿಗಳು ನರಳುತ್ತಿವೆ.,sad,kn
ಆದರೆ ಪರೀಕ್ಷೆ ಇರುವಾಗ ಯಾರಾದರೂ ಓಡಿಹೋಗುತ್ತಾರೆಯೇ?,neutral,kn
"ಭಂಗಾರಾ, ಬೆಳಗಿನ ಶಾಪವು ಕೆಲಸ ಮಾಡುತ್ತದೆಯೇ?",angry,kn
ಆಮೇಲೆ ಪಂಢರಪುರ ನಾಂದೇಡ್ ಕೊಲ್ಹಾಪುರ ಬೂಟಾಟಿಕೆ ಬಿ.ಜೆ.ಪಿ,angry,kn
ಏಯ್ ಶಾಮಣ್ಣನ ಉಲ್ಲೇಖ ಇದೆಯಾ.. ಅಥವಾ ಶಾಕ್ ಆಗಿ ಸುಮ್ಮನೆ ಕುಳಿತಿದ್ದೀಯಾ..?,angry,kn
"ಸರಿ, ಮುರಳಿ ಕೆಲಸ ಮಾಡಲಿಲ್ಲವಲ್ಲ, ಅವನು ಹಣವನ್ನು ತಿನ್ನುತ್ತಾನೆ",angry,kn
ಹಿಂಗಾರು ಮಳೆಯಿಂದ ನಷ್ಟ ಅನುಭವಿಸಿದ ಸೋಯಾಬೀನ್ ರೈತರೂ ಕಂಗಾಲಾಗಿದ್ದಾರೆ.,sad,kn
ಏಕನಾಥ್ ಅವರನ್ನು ಮಾರುವೇಷದಲ್ಲಿ ಭೇಟಿಯಾಗುವ ಏಕನಾಥ್ ಗೆ ಫಡ್ನವೀಸ್ ರನ್ನು ಏಕೆ ಭೇಟಿಯಾಗಿದ್ದೆ ಎಂದು ಹೇಳಲಿದ್ದಾರೆ.,neutral,kn
ಈ ಜನರು ಯಾವ ರೀತಿಯ ಪತ್ರಿಕಾಗೋಷ್ಠಿಗಳನ್ನು ನೀಡುತ್ತಾರೆ? ಇದು ಯೋಗ್ಯವಾಗಿದೆಯೇ?,angry,kn
"ನಿಮ್ಮ ಕಡೆಯವರ ಬಗ್ಗೆ ಮಾತನಾಡುತ್ತಾ, ಮಾಲೀಕರಿಗೆ ಶಿಕ್ಷೆಯಾಗುತ್ತದೆ ಎಂದು ನೀವು ಭಾವಿಸುವುದಿಲ್ಲವೇ ...",angry,kn
"ಈ ದಲಭದ್ರಿ ಹಿಂದೂ ಧರ್ಮದ ಬಗ್ಗೆ ಮಾತ್ರ ಮಾತನಾಡುತ್ತಾರೆ, ಬೇರೆ ಧರ್ಮದ ಬಗ್ಗೆ ಮಾತನಾಡುವುದಿಲ್ಲ.",angry,kn
ನಿಮ್ಮಂತೆಯೇ ನಿಮ್ಮ ನೆರೆಹೊರೆಯವರನ್ನೂ ಅಪ್ಪ ಎಂದು ಕರೆಯುತ್ತೀರಿ.,angry,kn
ಇದು ಕಷ್ಟ,neutral,kn
ಧರ್ಮದ ಹೆಸರಿನಲ್ಲಿ ರಾಜಕೀಯ ಮಾಡಿ ಜನರನ್ನು ಮೂರ್ಖರನ್ನಾಗಿಸುವ ಈ ನಾಟಕಗಳು ಎಷ್ಟು ದಿನ ನಡೆಯುತ್ತವೆ?,angry,kn
ನನಗೆ ಏನೂ ಗೊತ್ತಿಲ್ಲ ದಯವಿಟ್ಟು ರಾಷ್ಟ್ರ ಭಾಷೆ ಮರಾಠಿಯಲ್ಲಿ ಹೇಳಿ!,neutral,kn
ನೀವು ಯಾಕೆ ಅಧಿಕಾರಕ್ಕೆ ಬಂದಿದ್ದೀರಿ ಎಂಬುದನ್ನು ಮೊದಲು ಸಾರ್ವಜನಿಕರಿಗೆ ತಿಳಿಸಿ,neutral,kn
'ಕತ್ತಲಲ್ಲಿ ಕಾರನ್ನು ನಿಲ್ಲಿಸಿ...' ಪ್ರಯಾಣದ ವೇಳೆ ನಟಿಗೆ ಆಘಾತಕಾರಿ ಅನುಭವವಾಗಿದೆ,happy,kn
ಟಿವಿ ಚಾನೆಲ್ ಬೇರೆ ತೋರಿಸುತ್ತಿತ್ತು...ಎಷ್ಟು ಸುಳ್ಳು ಹೇಳ್ತೀರಿ...(ಟಿವಿ ಚಾನೆಲ್ ಅಲ್ಲ)?,angry,kn
"ಬಿಜೆಪಿಯನ್ನು ಗುರಿಯಾಗಿಟ್ಟುಕೊಂಡು, ನೆಟಿಜನ್‌ಗಳು ಶಿಂಧೆ ಗ್ರೂಪ್ ಅನ್ನು ಬಾಳಾಸಾಹೇಬ್ ಹೆಸರಿನಲ್ಲಿ ಟ್ರೋಲ್ ಮಾಡಿದ್ದಾರೆ -",neutral,kn
ಶ್ರೀ ಸತ್ಯಜಿತ್ ಕದಂ ಅವರನ್ನು ನಾಮನಿರ್ದೇಶನ ಮಾಡಿ ಶಾಶ್ವತ ನೆಲೆ ಕಲ್ಪಿಸಿ... ಇದು ಎಷ್ಟು ಸೂಕ್ತ ಸರ್...,angry,kn
ಬಿಜೆಪಿಯ ಕಿಡಿಗೇಡಿಗಳು ಇದನ್ನು ಮಾಡಬಲ್ಲರು ಪಟಾಲಂತ್ರಿ,angry,kn
"ನಿಷ್ಠೆ ಮುಳುಗುತ್ತದೆ, ಮಲ ತೇಲುತ್ತದೆ",angry,kn
"ಜನ ನಿಮಗೆ "" ಸಹಾನುಭೂತಿ ಮತ್ತು ಅಭಿಪ್ರಾಯ "" ಎರಡನ್ನೂ ನೀಡದಿರುವುದು ನಿಮ್ಮ ದೌರ್ಭಾಗ್ಯ.",sad,kn
ಜೈಲು ಶೌಚಾಲಯಗಳಲ್ಲಿ ಅಹಿತಕರ ಹಿಂಭಾಗ,angry,kn
ಇಡೀ ಪ್ರಜಾಪ್ರಭುತ್ವ ಒಬ್ಬ ವ್ಯಕ್ತಿಯ ಮೇಲೆ ಅವಲಂಬಿತವಾಗುತ್ತಿರುವುದು ದುರಂತ.,sad,kn
"ಭಂಗಾರ್ ಎಂದರೆ ಭಂಗಾರ್, ಇದು ಮಹಾರಾಷ್ಟ್ರದ ದೊಡ್ಡ ಕೀಟ.",angry,kn
:ನಾಟಿ ಕಡಿಮೆಯಾದ ಕಾರಣ ಈ ವರ್ಷ ಹೇರಳವಾಗಿ ಈರುಳ್ಳಿ ಬರಲಿದೆ!,sad,kn
ಈ ಬೊಗಳುವ ನಾಯಿ ಹಣ ಸಿಕ್ಕಿದ್ದರಿಂದ ಬೊಗಳುತ್ತಿದೆ,angry,kn
ಈಗ ಹೆಚ್ಚು ಮಾತನಾಡಬೇಡಿ..ವೀಡಿಯೋಗಳನ್ನು ಕಳುಹಿಸಿ..ನೀವು ಹೆಚ್ಚು ಮಾತನಾಡಿ..ಕೆಲಸ ಕಡಿಮೆ ಮಾಡಿ..ಕೆಲಸಕ್ಕೆ ಹೋಗೋಣ.,neutral,kn
ಸ್ವರ್ಗದಲ್ಲಿ ವೈನ್ ಇಲ್ಲದಿದ್ದರೆ ಅಲ್ಲಿಗೆ ಹೋಗುವುದು ನಿಷ್ಪ್ರಯೋಜಕ.,neutral,kn
ನಿನ್ನ ತಂದೆಯ ವಂಶ ಕಡಿದು ಹೋದರೂ ನಿನ್ನ ನಾಯಿಯ ಕನಸು ನನಸಾಗುವುದಿಲ್ಲ...,angry,kn
"ಗುಜರಾತಿನಷ್ಟೇ ಅಲ್ಲ, ಹರಣವೂ ಕಪ್ಪು ಕಲ್ಲಿನ ಮೇಲೆ ಬಿಳಿ ಗೆರೆಯಾಗಿದೆ.",neutral,kn
ದಸರಾ ದೀಪಾವಳಿಯಂದು ಸರಿಯಾಗಿ ಎಚ್ಚರಗೊಳ್ಳುತ್ತಾನೆ ಈ ಪತ್ರಕರ್ತ!!,angry,kn
ಸಾರ್ವಜನಿಕ ಅಭಿಪ್ರಾಯಕ್ಕೆ ದ್ರೋಹ ಮಾಡುವವರನ್ನು ಈ ಜ್ಯೋತಿ ಸುಡುತ್ತದೆ,angry,kn
ಇದು ನಿಮ್ಮಂತಹ ಜನರ ಸಮೀಕ್ಷೆಯಿಂದ ಪಡೆದ ಸಂಖ್ಯೆಗಳ % ಆಗಿರುತ್ತದೆ.,angry,kn
ಶ್ರಮಕ್ಕೆ ಬೆಲೆ ಇಲ್ಲ. ಮತ್ತು ಸ್ವತಃ ನರ್ಸ್ ಆಗಿದ್ದವರಿಂದ ಗೇಲಿ ಮಾಡಲಾಗುತ್ತಿದೆ,angry,kn
ಸುಪ್ರೀಂ ಕೋರ್ಟ್ ಇಡೀ ದಿನ ಕಳೆಯುವ ಅಗತ್ಯವಿಲ್ಲ. ಬೆಳಿಗ್ಗೆ ಫಲಿತಾಂಶಗಳನ್ನು ನೀಡಿದ ನಂತರ ನಾನು ಮುಕ್ತವಾಗಿರಲು ಬಯಸುತ್ತೇನೆ.,angry,kn
"ಮತ್ತು ಈ ಸಹೋದರನು ಈ ಜನ್ಮದಲ್ಲಿ ತನ್ನ ಮನೆಯಿಂದ ಬೇರ್ಪಟ್ಟನು, ಎಷ್ಟು ಕ್ರೂರ!",angry,kn
"ಕೇಳು ಹೆಂಗಸರೇ, ಅಂಧ ಭಕ್ತರೇ, ಭ್ರಷ್ಟ ಜನತಾ ಪಾರ್ಟಿಯವರು ಯಾರೋ ಹೇಳ್ತಾರಂತೆ ಚೋಮ್ಯಾ.",angry,kn
"ತಾಯಿ, ನಿನ್ನ ತಂದೆಗೆ ಸೇರಿದ್ದನ್ನು ಕಿತ್ತುಕೊಂಡ ಈ ಪಾಪಕ್ಕೆ ನೀನು ಎಲ್ಲಿ ಶಿಕ್ಷೆ ಕೊಡುವೆ?",angry,kn
"ಛೇ, ನೀನು ಕರೋನಾದಿಂದ ಸತ್ತಿದ್ದರೆ ಚೆನ್ನಾಗಿರುತ್ತಿತ್ತು... ಈ ಪ್ರಶ್ನೆಯನ್ನು ಯಾರೂ ಕೇಳುವುದಿಲ್ಲ",angry,kn
ಇದು ದೇಶದ್ರೋಹ. -ಅಂಧ ಭಕ್ತ,angry,kn
ವರ್ಷದ ಮಹಾರಾಷ್ಟ್ರ ಅಥವಾ ವರ್ಷದ ಬಿಹಾರಿ,angry,kn
ಪೊಲೀಸರನ್ನು ನೋಡಿ ಓಡಿಹೋದ,neutral,kn
ಬಟ್ಟೆ ಒಗೆಯುವ ಸಂಪ್ರದಾಯವೂ ತುಂಬಾ ತೊಂದರೆ ಕೊಡುತ್ತದೆ... ಆಫೀಸಿಗೆ ಬರುವಾಗಲೂ.,neutral,kn
ಸಾಧ್ಯವಾದರೆ ಒಮ್ಮೆ ಅಂಧೇರಿಗೆ ಬಂದು ನೋಡಿ ಗೌರವ ಕಳೆದುಕೊಳ್ಳದಂತೆ,angry,kn
ಆಕೆಗೆ ಬ್ಯಾಂಕ್‌ನಲ್ಲಿ ಕೆಲಸ ಮಾಡಬೇಕೆಂಬ ಆಸೆ ಇತ್ತು ಆದರೆ...' ಎಂದು ಹೇಳುತ್ತಾ ರಸ್ತೆ ಬಿಟ್ಟು ಮನೆಗೆ ನುಗ್ಗಿದ ಟ್ರಕ್‌ನಿಂದ ಬಾಲಕಿ ನಜ್ಜುಗುಜ್ಜಾಗಿದ್ದಾಳೆ.,sad,kn
ಅವರು ದೇಶದ್ರೋಹಿಗಳನ್ನು ಗೇಲಿ ಮಾಡುತ್ತಿದ್ದಾರೆ,angry,kn
ಈ ಸಂದೀಪ್ ಓಡಿಹೋದ,happy,kn
ಹಿಂದುತ್ವ ಸರಕಾರದಲ್ಲಿ ಗೋರಕ್ಷಕರ ಮೇಲಿನ ದಾಳಿಯನ್ನು ಸಹಿಸಲಾಗುವುದೇ?,angry,kn
ಮರಾಠಿ ಪತ್ರಿಕೋದ್ಯಮ ಕಷ್ಟ,neutral,kn
"ಈಗ ಅರ್ಥ ಮಾಡಿಕೊಳ್ಳಿ, ಅವರದೇ ಪಕ್ಷವೇ ನಿಮ್ಮನ್ನು ಈ ಸ್ಥಿತಿಗೆ ತಂದಿದೆ.",angry,kn
ಹಾಗಾದರೆ ಅವರು ನ್ಯಾಯಾಲಯದಲ್ಲಿ ಏಕೆ ವಾದಿಸುತ್ತಾರೆ?,angry,kn
ನೀವು ಸರಿಯಾಗಿ ಬ್ರಷ್ ಮಾಡದಿದ್ದರೆ ನೀವು ಅದಕ್ಕೆ ಟ್ಯಾಗ್ ಆಗುತ್ತೀರಿ,angry,kn
ಈ ನಿದ್ದೆಯಲ್ಲಿರುವ ಸರಕಾರಗಳಿಗೆ ಯಾರ ಹೃದಯದ ಸ್ಥಿತಿ ಹೇಳು. ಅನೇಕ ಉತ್ಸಾಹಿಗಳು ನಿರುದ್ಯೋಗದಿಂದ ಧ್ವಂಸಗೊಂಡರು.,sad,kn
"ಜ್ಞಾನಿಗಳಿಂದ ಬೆಳಕು ಚೆಲ್ಲಬೇಕಾದರೆ, ನಿಮ್ಮ ಜ್ಯೋತಿಯು ಕೇವಲ ಹೊಳೆಯುವ ಸಂಕೇತವೇ?",angry,kn
ಮನಸ್ಸು ನಿನ್ನನ್ನು ತೊರೆದಾಗ ನೀನು ಸೋತು ಸಾಯುವೆ.,sad,kn
ಇದನ್ನು ಓದಿದ ಮಹೇಶ್ ಕೊಠಾರೆ ಅವರಿಗೆ ಕಿಡ್ನಿ ಹೃದಯಾಘಾತವಾಗಿರಬಹುದು.,happy,kn
"ವಿಶ್ವ ಚಾಂಪಿಯನ್ ತಂಡವನ್ನು ಸೋಲಿಸಿದ ಆದರೆ ಹೊಸ ತಂಡವನ್ನು ಸೋಲಿಸಿ, ಐರ್ಲೆಂಡ್ ಖಾತೆ ತೆರೆಯಿತು",happy,kn
"ಸಾಲ್ಯಾ, ನಮ್ಮಿಂದಾಗಿ ನೀನು ಜನಪ್ರತಿನಿಧಿಯಾದ್ರೂ ಪರವಾಗಿಲ್ಲ.",angry,kn
ಇತರರು ಏಕೆ ಮಲಗಿದ್ದಾರೆ?,neutral,kn
ಹೌದು ಬಿಜೆಪಿ ಬ್ಯುಸಿಯನ್ನು ತೋರಿಸುತ್ತದೆ ಆದರೆ ನಿಜವಾದ ಕಾರಣ ಸೋಮಾರಿತನ,angry,kn
ಮೂಲಭೂತವಾಗಿ ದ್ರೋಹವು ಯಾವುದೇ ಜಾತಿಗೆ ಸೀಮಿತವಾಗಿಲ್ಲ. ದ್ರೋಹ ಒಂದು ಸ್ವಭಾವ.,neutral,kn
ಸ್ವಾಯತ್ತ ಸಂಸ್ಥೆಗಳು ವಿಶ್ವಾಸಾರ್ಹವೇ ಎಂದು ನೀವೇ ಯೋಚಿಸಿ...,neutral,kn
ನೀರು ಕೈಗೆ ಬಂದಿದ್ದರಿಂದ ಜನ ವಿದ್ಯಾವಂತರಾದರು.,neutral,kn
ಪಪ್ಪುವಿನ ತಲೆ ತಿರುಗುತ್ತಿದೆ,angry,kn
ಕೆಲಸಕ್ಕೆ ಬಾಬಾ ಎನ್ನಬೇಕು.. ತಾನೆ ಬಾಳಾ ಸಾಹೇಬರು ಎಲ್ಲಿದ್ದಾರೆ.. ಇದೆಲ್ಲ ಕಷ್ಟ..!!,neutral,kn
ಹಾಗೂ ಬಾಳಾ ಸಾಹೇಬರ ಆದರ್ಶಗಳನ್ನು ಪಾಲಿಸುತ್ತಿದ್ದೇವೆ ಎನ್ನುತ್ತಾರೆ. ಅಧಿಕಾರ ಸಿಕ್ಕ ತಕ್ಷಣ ಮರೆತುಬಿಟ್ಟರು.,angry,kn
"ಹಣೆಯಲ್ಲಿ ಮಚ್ಚೆ ಇದ್ದರೂ ನಿಷ್ಠೆ, ದ್ರೋಹದ ಕಲೆ ಅಳಿಸಲಾಗದು.",angry,kn
ಪೊಹೋರ್ ಮನಸ್ ಮಹಾರಾಷ್ಟ್ರದ ರಾಣೆ...,angry,kn
"ಓಹ್, ನಾವು ಕಹಿಯಾಗಿರಬಹುದು ಆದರೆ ನಿಮ್ಮಂತೆ ಸೊಕ್ಕಿನವರಲ್ಲ, ಅಧಿಕಾರದ ಹಸಿದ ಜನರು ತಮ್ಮೊಂದಿಗೆ ಮಫ್ತಿಗಳನ್ನು ಇಟ್ಟುಕೊಳ್ಳುತ್ತಾರೆ",angry,kn
ಮರಾಠಿಗರಷ್ಟೇ ಅಲ್ಲ ಇಡೀ ಕಲೆಗೆ ಅವಮಾನ ಮಾಡಲಾಗಿದೆ.,sad,kn
"ಓಹ್, ಅದು ನೈಜೀರಿಯಾವನ್ನು ಎಲ್ಲಿ ತಲುಪಿತು? ಭಾರತವನ್ನು ಸೇರುವ ಮೊದಲು ಪಾಕಿಸ್ತಾನ ಮತ್ತು ಬಾಂಗ್ಲಾದೇಶ ಇಲ್ಲಿಯೇ ಉಳಿದುಕೊಂಡಿದ್ದವು.",angry,kn
ನ ಟ್ವಿಟರ್ ಹ್ಯಾಂಡಲ್ ಅನ್ನು ಬಳಸುವುದು ತುಂಬಾ ತಪ್ಪು,angry,kn
ಬಿಜೆಪಿಯ ಭ್ರಷ್ಟ ನಾಯಕರ ತನಿಖೆ ಯಾವಾಗ?,angry,kn
ಕಾಂಗ್ರೆಸ್‌ನ ನಾಯಕರು ಎಷ್ಟು ದೊಡ್ಡವರು ಎಂದರೆ ಕಾಂಗ್ರೆಸ್‌ನಿಂದ ಹೊರಹಾಕಲ್ಪಟ್ಟವರೂ ಬಿಜೆಪಿಯಲ್ಲಿ ಮಂತ್ರಿಯಾಗುತ್ತಾರೆ.,angry,kn
ಅವರು ನಿಮ್ಮಂತೆ ತಮ್ಮ ಸ್ವಾಭಿಮಾನವನ್ನು ಅಡಮಾನವಿಟ್ಟಿಲ್ಲ.,happy,kn
ಬಿದ್ದ ಮುಖ ಎಲ್ಲವನ್ನೂ ಹೇಳುತ್ತದೆ.,sad,kn
ಅವನು ಸತ್ತಿಲ್ಲ ಅಜ್ಜ... ಬೊಗಳುತ್ತಾನೆ... ಸುಮ್ಮನೆ ಬೊಗಳುತ್ತಾನೆ...,angry,kn
ನಿಮ್ಮ ಕೆಲಸವನ್ನು ಚೆನ್ನಾಗಿ ಮಾಡಿ ಇಲ್ಲದಿದ್ದರೆ ನಾವು ನಿಮ್ಮ ಸ್ಥಳವನ್ನು ತೋರಿಸುತ್ತೇವೆ ...,angry,kn
"ಥೋರಟ್, ವಿಖೆ, ಅಂಬೇಡ್ಕರ್ ಹೆಸರು ದುರ್ಬಳಕೆ ಮಾಡಿಕೊಂಡಿದ್ದಕ್ಕೆ ನ್ಯಾಯಾಲಯದ ಮೊರೆ ಹೋಗುತ್ತಾರೆ.",neutral,kn
ಪ್ರತಿಕ್ರಿಯಿಸುವ ಧೈರ್ಯವಿಲ್ಲದ ನಾಯಕನಿಗೆ ಬಹುಮಾನ ನೀಡುವುದು ಹಾಸ್ಯಾಸ್ಪದ.,angry,kn
ಕುಲಕರ್ಣಿ ತಲೆಯ ಮೇಲೆ ಮಲಗಿರುತ್ತಿದ್ದರು.,angry,kn
ಶಿವಸೇನೆ ಮಹಿಳಾ ಕಾರ್ಪೋರೇಟರ್ ಆರೋಪ ಮಾಡಿದ್ದು ಇದೇ ಅಲ್ಲವೇ....ಅದಕ್ಕೆ ಬೆಲೆಯೇ??,angry,kn
ಆ ವಿಶ್ವಾಸಾರ್ಹ ಸತ್ಯ ಪರೀಕ್ಷಕರು ಕೆಲವು ದಿನಗಳವರೆಗೆ ಜೈಲಿನಲ್ಲಿದ್ದರು,angry,kn
ನಾವು ಹೇಳಲೇಬೇಕು ... ಮತ್ತು ಈಗ ಜನರು ಅವರ ನಡೆಗಳನ್ನು ಗಮನಿಸಲು ಪ್ರಾರಂಭಿಸಿದ್ದಾರೆ.,happy,kn
ಅಡಮಾನಗಳನ್ನು ವಿಲೀನಗೊಳಿಸುವ ಜನರು ಹೆಚ್ಚು ಚಿಂತಿಸಬಾರದು,angry,kn
ಈಗ ನಗರಸಭೆಯನ್ನೇ ಏಕೆ ಹೊಣೆ ಮಾಡಬಾರದು ಎಂದು ಚರ್ಚೆ ನಡೆಸುತ್ತಿದ್ದಾರೆ,angry,kn
ಮಹಿಳಾ ಸಬಲೀಕರಣದ ಬಗ್ಗೆ ಬಿಂಬಿಸುವುದನ್ನು ನಿಲ್ಲಿಸಿ ಮತ್ತು ಮೊದಲು ಮಹಾರಾಷ್ಟ್ರವನ್ನು ತೊರೆಯಿರಿ.,angry,kn
ಫುಲೆ ಶಾಹು ಅಂಬೇಡ್ಕರ್ ಅವರ ಮಹಾರಾಷ್ಟ್ರದಲ್ಲಿ ಮಕ್ಕಳು ಶಿಕ್ಷಣಕ್ಕಾಗಿ ಆಂದೋಲನ ನಡೆಸಬೇಕಾದ ಸ್ಥಿತಿ ಬಂದಿರುವುದು ನಾಚಿಕೆಗೇಡಿನ ಸಂಗತಿ.,sad,kn
ನಿಮ್ಮ ಕೆಳಗೆ ಬೆಂಕಿ ಏಕೆ ಉರಿಯುತ್ತಿದೆ? ಹೋಗಿ ಹಿಮದಿಂದ ತುಂಬಿದ ಹಿಮದ ಮೇಲೆ ಓಡಿ ಬೇಗನೆ ಬಾಸ್,angry,kn
ಸಾರ್ವಜನಿಕ ಸೇವೆ ಸ್ಥಗಿತಗೊಂಡು ಹಲವು ವರ್ಷಗಳೇ ಕಳೆದಿವೆ.,sad,kn
"ಪವಾರ್ ಸಾಹೇಬ್ ಮತ್ತು ಅಮೆರಿಕದ ನಡುವೆ ಸಾಮ್ಯತೆ ಇದೆ, ಅವರನ್ನು ನಂಬುವ ಜನರು ಜೀವನದಿಂದ ಹೊರಬರುತ್ತಾರೆ",angry,kn
ಕೆಲವೇ ತಿಂಗಳುಗಳಲ್ಲಿ ಬಾಳಾ ಸಾಹೇಬರ ಶಿವಸೇನೆ ಮತ್ತು ಬಿಜೆಪಿ ಸರಕಾರಗಳ ಪತನ ಗೋಚರಿಸಿತು...ಓ ದೇವರೇ!,sad,kn
"ನೀರು-ನೀರು ಸ್ಥಿರವಾಗಿದೆ, ಸಹಿಸಲು ಸಾಧ್ಯವಿಲ್ಲ ಮತ್ತು ಖುರೇಷಿ ಸಾಹಬ್‌ಗೆ ಹೇಳಲು ಸಾಧ್ಯವಾಗುವುದಿಲ್ಲ.",sad,kn
ದಯವಿಟ್ಟು ನಿಮ್ಮ ಸಂಪೂರ್ಣ ವಿಳಾಸವನ್ನು ನಮಗೆ ಕಳುಹಿಸಿ. ನೀವು ನೀಡಿದ ವಿಳಾಸವು ಸಾಕಾಗುವುದಿಲ್ಲ.,neutral,kn
ಮೈದಾನ ಸಿಕ್ಕಿದ ತಕ್ಷಣ ತಾಳಕ್ಕೆ ತಕ್ಕಂತೆ ಕುಣಿದು ಕುಪ್ಪಳಿಸಿದರು... ಈಗ ಆಯೋಗದ ಮುಂದೆ...,angry,kn
ಬಡವರನ್ನು ದರೋಡೆ ಮಾಡಿದ್ದಕ್ಕಾಗಿ ನೀವು ಜೈಲಿನಲ್ಲಿದ್ದೀರಿ,angry,kn
ಆದರೆ ಡಾಲರ್ ಎದುರು ರೂಪಾಯಿ ಕುಸಿತದ ಬಗ್ಗೆ ಏನು?,sad,kn
"ಬಾಳಾ ಸಾಹೇಬರ ಶಿವಸೇನೆಯನ್ನು ಮೊದಲ ಶಿವ ಸೈನಿಕ ಎಂದು ಕರೆಯಲಾಯಿತು. ಮತ್ತು ಈಗ ಶಿವಸೈನಿಕರು ಬಾಳಾ ಸಾಹೇಬರ ಶಿವಸೇನೆ ಎನ್ನುತ್ತಾರೆ, ಬಾಳಾ ಸಾಹೇಬ್ ಯಾರು?",angry,kn
"ಸಾಹೇಬ ಯೋಳ ತಾಲೂಕಿನಲ್ಲಿ ಮಳೆಯಿಂದಾಗಿ ರೈತರು ಅಪಾರ ನಷ್ಟ ಅನುಭವಿಸಿದ್ದು, ತಕ್ಷಣ ಸಹಾಯ ಪಡೆಯಲು ಅನುಸರಿಸಿ.",happy,kn
"ಗ್ರಾಮ ಪಂಚಾಯತಿ ಪಕ್ಷವಲ್ಲ, ಇದು ನಮಗೆ ಶಾಲೆಯಲ್ಲಿ ಕಲಿಸಿದ್ದು, ನೀವು ಯಾವ ಶಾಲೆಯಲ್ಲಿ ಓದಿದ್ದೀರಿ?",angry,kn
ನಾನು ಈ ಕಥೆಯನ್ನು ಮನೆಯಲ್ಲಿ ಹೇಳಲು ಮರೆತಿದ್ದೇನೆ ಎಂದು ನಾನು ಭಾವಿಸುತ್ತೇನೆ,neutral,kn
ನೇಪಾಳಿ ಕಪ್ಪೆ ಮೊದಲ ದೇಶದ್ರೋಹಿ ಎಂದು ನಾವು ನಿಮಗೆ ಹೇಳೋಣ,angry,kn
ಉದ್ಧವ್ ಠಾಕ್ರೆ ನಿಮ್ಮ ತಾಯಿಗೆ ಏನು ಮಾಡಿದರು?,angry,kn
ಅಂಧೇರಿಯಲ್ಲಿ ವಿಧಾನಸಭಾ ಉಪಚುನಾವಣೆ ನಡೆಯುತ್ತಿದೆ. ಸಾರ್ವಜನಿಕರನ್ನು ಮೂರ್ಖರನ್ನಾಗಿಸುವ ಉದ್ಯಮ ನಡೆಯುತ್ತಿದೆ.,angry,kn
"""ಉದ್ಧವ್ ಠಾಕ್ರೆ ಹತಾಶೆಗೊಂಡಿದ್ದಾರೆ, ನಿಷ್ಪರಿಣಾಮಕಾರಿ, ದುರಹಂಕಾರಿ"" ಎಂದು ಬಿಜೆಪಿ ಶಾಸಕರನ್ನು ಲೇವಡಿ ಮಾಡಿದರು; ""ಮನೆಯಲ್ಲಿ ಕುಳಿತವರಿಗೆ..."" ಎಂದರು.",angry,kn
ಅದಾನಿ ಬಂದರಿನಿಂದ ಬಿಟ್ಟಿ ಸಾಮಾನು ತೆಗದುಕೊಂಡು ಹೀಗೆ ಮಾತಾಡುತ್ತಲೇ ಇರುತ್ತಾರೆ.,angry,kn
ನೀವು ಮತ್ತು ಪಕ್ಷವು ಭಾರೀ ಪರಿಹಾರವನ್ನು ಪಾವತಿಸಬೇಕಾಗುತ್ತದೆ.,sad,kn
ಈ ಕೆಳಗಿನ ಸಂಬಂಧಿತ ಉಪಾಖ್ಯಾನಗಳು ಮಹಾರಾಷ್ಟ್ರದ ಪ್ರಸ್ತುತ ರಾಜಕೀಯಕ್ಕೆ ಅನ್ವಯಿಸುತ್ತವೆ.,angry,kn
ನಂತರ ಅವನು ತೈಚಿಯ ಕೈ ಜೋಡಿಸಿ ಕ್ಷಮೆಯಾಚಿಸುತ್ತಾನೆ...,angry,kn
ನರ್ತಿಸುವ ನವಿಲಿಗೆ ಬಾಗಿದ ಕಾಲುಗಳಿವೆ ಎಂದು ಹೇಳಲಾಗುತ್ತದೆ.,neutral,kn
ಮತ್ತೊಬ್ಬನ ಜೊತೆ ಓಡಿ ಹೋಗಿರುವ ಪತ್ನಿ ಈಗ ಆಸ್ತಿಯಲ್ಲಿ ಪಾಲು ಕೇಳುತ್ತಿದ್ದಾಳೆ,angry,kn
ನಮ್ಮ ಹಿರಿಯರಿಗೆ ಯಾವಾಗ ತಿಳಿಯುವುದು ಹೀಗೆ ಮಗು ಇದು ಗೊತ್ತು???,happy,kn
"ಹೌದು, ಸ್ಪರ್ಧೆಯ ಯುಗದಲ್ಲಿ ದೇಶ ಮತ್ತು ಸಮಾಜದಲ್ಲಿ ಏನು ನಡೆಯುತ್ತಿದೆ ಎಂಬುದನ್ನು ಜನರು ಮರೆಯುತ್ತಿದ್ದಾರೆ ಎಂಬುದನ್ನು ನಾನು ಒಪ್ಪುತ್ತೇನೆ.",sad,kn
"ಸ್ಕ್ರಿಪ್ಟ್ ಸಿದ್ಧವಾಯಿತು, ದಸರಾ ಕೂಟದ ನಂತರ ಗಲಾಟೆಯಾಯಿತು.",happy,kn
ಇದು ನಮ್ಮ ನಡುವಿನ ಜೈಚಂದ್ ಗಾನೋಜಿ ಶಿರ್ಕೆ ಫಿತೂರ್ ಹಬ್ಶಿ...!!!,angry,kn
ಆ ಥಾಪಾ ಅವರ ಖೋನ್ ವ್ಹೀಜಿಂಗ್ ಮೆಚ್ಚುವುದಿಲ್ಲ. ಭಕ್ತರಿಗೆ ಮುಕ್ತ ಪ್ರೀತಿಯ ಭರವಸೆ ಇದೆ.,angry,kn
"ಧುಂಗನ ದಂಡಾ ಆ ಭಾಷೆ ಯಾವುದು, ಏನು ತೋರಿಸುವುದು ಮತ್ತು ಹೇಗೆ ಓಡಿಹೋಗುವುದು",angry,kn
"ವಿಶ್ವ ವಕ್ತಾರರಿಂದ ಕಷ್ಟದ ಸಮಯಗಳನ್ನು ಸೃಷ್ಟಿಸಲಾಗಿದೆ, ಆದ್ದರಿಂದ ಅವರು ಪ್ರಸ್ತುತ ಪರಿಸ್ಥಿತಿಗೆ ಕಾರಣರಾಗಿದ್ದಾರೆ.",angry,kn
ಈ ವೇಳೆ ಪುಣೆಯ ಮೇಲಿದ್ದ ಮೋಡಗಳು ಸಿಡಿಯುತ್ತಿದ್ದವು,happy,kn
ನಮಗೆ ಆಯ್ಕೆ ಇದೆಯೇ?,neutral,kn
ಕುಲವನ್ನು ಉಳಿಸದೆ ಕೀಳು ಕಜ್ಜಿ ಹೋಗುವುದಿಲ್ಲ ಝಗ್ಲಾಯ????,angry,kn
"ಆಯೋಗ ಮತ್ತು ನ್ಯಾಯಾಲಯದ ಮೇಲೆ ನಂಬಿಕೆ ಇಲ್ಲ, ಇದು ಕಲಿಯುಗವಾಗಿದೆ",angry,kn
ದೇವರುಗಳನ್ನು ಅಪಹಾಸ್ಯ ಮಾಡುತ್ತಾನೆ; ಆದರೆ ಈ ಬಗ್ಗೆ ಕಟ್ಟುನಿಟ್ಟಿನ ಕ್ರಮ ಕೈಗೊಂಡಿಲ್ಲ.,angry,kn
ಈ ಥೈಲರ್ ಷಾಕ್ ಅನ್ನು ಮುಚ್ಚಿ.,angry,kn
ಶಿವಸೇನೆಗೆ ಟಾರ್ಚ್ ಬೇರೆಯವರ ಮನೆಯನ್ನು ಸುಡುವ ಮಂಗನ ಕೈ,angry,kn
"ಅಜ್ಜ ಇತರರ ಹಿಂದಿಯಲ್ಲಿ ಹಲ್ಲು ಕಿರಿಯುತ್ತಿದ್ದರು, ಈಗ ಅವರು ಹಲ್ಲು ಕಿರಿಯಲು ಪ್ರಾರಂಭಿಸಿದರು.",happy,kn
ಅವನು ಮತ್ತು ದೈತ್ಯಾಕಾರದ ಯಾವುದರ ಬಗ್ಗೆಯೂ ಮಾತನಾಡುತ್ತಾರೆ,neutral,kn
"ಅಗರ್ಕರ್, ನ್ಯಾಯಮೂರ್ತಿ ರಾನಡೆ ಅವರ ಹೆಸರನ್ನು ತೆಗೆದುಕೊಳ್ಳುವುದಿಲ್ಲ. ಯಾಕೆಂದರೆ ಅವನು ಬ್ರಾಹ್ಮಣನಾಗಿದ್ದ!",angry,kn
ಹಾಗಾಗದಿದ್ದರೆ. ಅದನ್ನೇ ಮಾಡುತ್ತಿದ್ದರು... ಸಮಯ ಸಿಕ್ಕಾಗಲೆಲ್ಲ ಓಡಿ ಹೋಗುತ್ತಿದ್ದರು.,angry,kn
ಆಡಳಿತ ಇರುವುದು ಜನರಿಗೆ ಕಿರುಕುಳ ನೀಡಲು ಮಾತ್ರ,angry,kn
"""ಶಿವಸೇನೆಗೆ ಸಹಾನುಭೂತಿ ಸಿಗುತ್ತಿದೆ ಎಂಬುದು ಭ್ರಮೆ!""- ಸೈನಿಕರಿಗೆ ರಾಜ್ ಠಾಕ್ರೆ ಹೇಳಿಕೆ...",angry,kn
ಈ ವಕೀಲರು ನ್ಯಾಯಾಧೀಶರಿಗೆ ಮುಖಸ್ತುತಿ ನೀಡಬಹುದು ಆದರೆ ಭಕ್ತರಿಗೆ ಅಲ್ಲ.,angry,kn
ನಾವು ಈ ಒಬ್ಬ ವ್ಯಕ್ತಿಯನ್ನು ತುಂಬಾ ಸೋಲಿಸಿದ್ದೇವೆ.. ಆನ್‌ಲೈನ್‌ನಲ್ಲಿ ಚಿಕ್ಕಮ್ಮನ ಹಾಡನ್ನು ನೋಡುತ್ತಿದ್ದೆವು..,angry,kn
"ಅಸಂಬದ್ಧ ಪ್ರಶ್ನೆ, ಇದು ಚುನಾವಣಾ ಆಯೋಗದ ವ್ಯಾಪ್ತಿಗೆ ಬರುವುದಿಲ್ಲ.",angry,kn
"ಹಾಗಾಗಿ ನಾನು ಕಮ್ಲಿಯನ್ನು ಗದರಿಸುತ್ತೇನೆ, ನಾವೆಲ್ಲರೂ ನಿಮ್ಮಂತೆ ಕೀಳು ಜನರು.",angry,kn
"ಪುಣೆ ಭ್ರಷ್ಟರಿಂದ ಸುತ್ತುವರಿದಿದೆ. ಮುಂಬೈ ಸಮುದ್ರದಿಂದ ಆವೃತವಾಗಿದೆ, ಗುಜರಾತ್ ಬಿ.ಜೆ.ಪಿ.",angry,kn
ಇಂತಹ ಸಿಕೋಫ್ಯಾಂಟಿಕ್ ಕಾಂಗ್ರೆಸ್ಸಿಗರನ್ನು ನೀವು ಗೌರವಿಸದಿದ್ದರೆ ಅಂತಹ ಸಂಘಟನೆಗಳನ್ನು ನಿಷೇಧಿಸಿ.,angry,kn
ಹೆಸರಿಗೆ ಅರ್ಥವಿದೆ ಎಂದು ನಂಬಿರಿ!,angry,kn
ಒಂದರ ಹಿಂದೆ ಒಂದರಂತೆ ಪ್ರಶ್ನೆಗಳಿಗೆ ಉತ್ತರಿಸಬೇಡಿ.. ಏನು ಕೆಲಸ ಮಾಡಿದೆ ಎಂದು ಹೇಳಿ,angry,kn
ಇದಕ್ಕೆ ಕಾರಣವೇನು?,angry,kn
"ಸಹೋದರ, ಪುಣೆ ಏನೆಂದು ಅವನಿಗೆ ತಿಳಿದಿಲ್ಲ, ಪುರ ಯೆಡ್ ಜಾವಾ",angry,kn
ಕುದುರೆಯ ಮೇಲೆ ಧಾನ್ಯವನ್ನು ಹಾಕಿ ಅದನ್ನು ಊದುವುದನ್ನು ಚುಟಿಯಾ ಎಂದು ಕರೆಯಲಾಗುತ್ತದೆ,angry,kn
"ಇದರಿಂದ ನಮಗೆ ನೋವಾಗಿದೆ. ಇದು ಜನದಟ್ಟಣೆಯಾಗುತ್ತದೆ, ಟಿಕೆಟ್‌ಗಳು ಲಭ್ಯವಿಲ್ಲ, ರೈಲುಗಳು ತಡವಾಗಿ ಓಡುತ್ತವೆ",sad,kn
ಕಾಮನಬಿಲ್ಲು ನಾಯಿಮರಿಗಳಂತೆ ದೇಶದ ಜನತೆ ನಿಮ್ಮಂತೆ ದ್ರೋಹದ ಹಾಸಿಗೆಯ ಮೇಲೆ ಬದುಕುತ್ತಿಲ್ಲವೇ?,angry,kn
ಇದು ಕಾಂಗ್ರೆಸ್ ಅಧಿಕಾರದಲ್ಲಿದ್ದ ಸಮಯ. ಹೋರಾಟದ ಸಮಯ ಬಂದಾಗ ಅವನು ಓಡಿಹೋದನು,angry,kn
ನೀವೇ ಹಳ್ಳಕ್ಕೆ ಹೋಗಬೇಕೆಂದು ನಿರ್ಧರಿಸಿದ್ದರೆ ನಿಮ್ಮನ್ನು ತಡೆಯುವವರು ಯಾರು.. ವಿನಾಶಕಾರಿ ಬುದ್ಧಿಮತ್ತೆ,angry,kn
ಸಾರ್ವಜನಿಕರೊಂದಿಗೆ ಯಾರಿಗೂ ಸಂಬಂಧವಿಲ್ಲ...ಪ್ರಜಾಪ್ರಭುತ್ವ ಎಲ್ಲಿ ಹೋಯಿತು...ಇದು ಕೇವಲ ಸ್ವೇಚ್ಛಾಚಾರ.,sad,kn
ಠಾಕ್ರೆ ಯಾವ ಕೆಲಸವನ್ನೂ ಮಾಡಲಿಲ್ಲವೇ?,happy,kn
"ಪತ್ರಕ್ಕೆ ಬದಲಾಗಿ ಮನೆಯ ಲೆಕ್ಕವಿಲ್ಲ, ಸಿಗಬಹುದೇ? - ಭರವಸೆಯ ನಿಧಾನ ಸೈನಿಕ",angry,kn
"ಉದ್ಧವ್ ಸಾಹೇಬ್ ತನಕ ಫಡ್ನವೀಸ್ ಚೆನ್ನಾಗಿದ್ದಾರೆ, ಬಾಳಾ ಸಾಹೇಬ್ ಎಂದು ಕರೆಯಬೇಡಿ.",angry,kn
"ಅವರು ದೇಶಕ್ಕಾಗಿ ತ್ಯಾಗ ಮಾಡಿದ್ದಾರೆ, ಅವರ ಕಾಲಿಗೆ ಬೀಳುವ ಅರ್ಹತೆ ನಿಮಗೆ ಇಲ್ಲ.",happy,kn
"ಎರಡೂ ನಿಷ್ಪ್ರಯೋಜಕ, ಯಾರೂ ಭಿಕ್ಷೆ ಬೇಡುವವರಿಲ್ಲ...",angry,kn
"ಕಳೆದ ತಿಂಗಳಿನಿಂದ ನಾನು ನಿಮಗೆ ಮೇಲ್ ಮಾಡುತ್ತಿದ್ದೇನೆ, ದಯವಿಟ್ಟು ಪರಿಶೀಲಿಸಿ ಮತ್ತು ಉತ್ತರಿಸಿ ಸರ್.",neutral,kn
ಯಾರೂ ನನ್ನನ್ನು ಉತ್ತಮ ಸ್ನೇಹಿತ ಎಂದು ಪರಿಗಣಿಸುವುದಿಲ್ಲ,sad,kn
ಮುಂದಿನ ದಿನಗಳಲ್ಲಿ ನಿಮ್ಮ ಸರ್ಕಾರ ಪತನವಾಗುವುದು ಖಚಿತ...,happy,kn
ಬುಡಕ್ಕೆ ಬೆಂಕಿ ಬಿದ್ದಿದೆಯೇ?,happy,kn
| ಮೌನಿ ರಾಯ್ ಅಭಿನಯಕ್ಕಾಗಿ ಶಾಲೆ ತೊರೆದು ಮುಂಬೈ ತಲುಪಿದರು.,neutral,kn
ಈಗ ಎಲ್ಲರೂ ಭಾರತವನ್ನು ಉದಾಹರಣೆಯಾಗಿ ಹೊಗಳಬೇಕು...ಅದು ಹಾಗೆಯೇ ಉಳಿಯುತ್ತದೆ.,angry,kn
ಅಪ್ರಾಪ್ತ ಬಾಲಕಿಯ ಮೇಲೆ ಅತ್ಯಾಚಾರವೆಸಗಿ ಆಕೆಯನ್ನು ಗರ್ಭಿಣಿಯನ್ನಾಗಿ ಮಾಡಲು ವರ್ಷಗಟ್ಟಲೆ ಕಠಿಣ ಶ್ರಮದಾನ ಮಾಡಲಾಗಿತ್ತು.,angry,kn
ಅವರು ಮಾನಸಿಕವಾಗಿ ಬಳಲುತ್ತಿದ್ದಾರೆ,sad,kn
"ಈ ಚಿಹ್ನೆಯು ತೊಂದರೆಯಲ್ಲಿದೆ, ಅದು ಬಹುಶಃ ಸುಡದೆಯೇ ಹೋಗುತ್ತದೆ",angry,kn
ಮಹಾರಾಷ್ಟ್ರದಲ್ಲಿ ಈಗ ಅಂತಹದ್ದೇ ಪರಿಸ್ಥಿತಿ ನಿರ್ಮಾಣವಾಗಿದೆ. ಆಡಳಿತಗಾರರು ಈಗ ಏನು ಮಾಡುತ್ತಿದ್ದಾರೆ?,angry,kn
ತುಪ್ಪದ ಪೆಟ್ಟಿಗೆ ಮತ್ತು ಒಂದು ಚೀಲ ಸಕ್ಕರೆ ಬಾಯಿಯಲ್ಲಿ...,happy,kn
ಬಾಬು ಜಾನು ನಿಷ್ಪ್ರಯೋಜಕ ಎಂದು ಹೇಳುವ ಸಂಖ್ಯೆ,angry,kn
ಹಾಗಾದರೆ ನಿಮ್ಮ ಅತ್ತಿಗೆ ಇಂದು ಈ ಮನೆಯನ್ನು ಕಿತ್ತುಕೊಂಡಿದ್ದಾಳೆ ಎಂದು ನೀವು ಭಾವಿಸುತ್ತೀರಿ,angry,kn
ಕೊಲ್ಹಾಪುರದಲ್ಲಿ ರಸ್ತೆಯಲ್ಲಿ ಗುಂಡಿ ಬಿದ್ದಿದೆಯೋ ಅಥವಾ ಗುಂಡಿಯಲ್ಲಿ ರಸ್ತೆ ಇದೆಯೋ ಗೊತ್ತಿಲ್ಲ.,angry,kn
ಭಾರತವು ಅರಮನೆಗಳಲ್ಲಿ ವಾಸಿಸುವ ಭಿಕ್ಷುಕರ ದೇಶವಾಗಿದೆ,angry,kn
ಎಲ್ಲರಿಗೂ ದೂರುಗಳಿರುತ್ತವೆ ಆದರೆ ಒದೆಯುವುದು ಮತ್ತು ಹೊಡೆಯುವುದು ನೀವು.,angry,kn
ನಿಮ್ಮ ಸಮತೋಲನ ಸೈನ್ಯದ ಸೋಮಾರಿಗಳಿಗೆ ನೀವು ಇದನ್ನು ನಿಜವಾಗಿಯೂ ಕಲಿಸಿದ್ದೀರಾ?,angry,kn
ಕನ್ನಡಿ ಕೆಳಗಿಟ್ಟಿದ್ದರೆ ಕಿವಿಯ ಕೆಳಗೆ ಕೂರುತ್ತಿತ್ತು...,angry,kn
ಆದರೂ ಬಿಜೆಪಿ ಸೋಲಲಿದೆ,happy,kn
"ನಾಚಿಕೆಯಾಗಲಿ, ದೇಶ ಪಾತಾಳಕ್ಕೆ ಹೋಗುತ್ತಿದೆ, ಜನರಲ್ಲಿ ಜಾಗೃತಿ ಮೂಡಿಸಿ.",angry,kn
ರಾಜೀನಾಮೆ ನೀಡಿ ಮಹಾರಾಷ್ಟ್ರ ತೊರೆಯಿರಿ,angry,kn
ಏನು ಹಾಯ್ ಏಕೆ ಕೇವಲ ಅಲ್ಲ,neutral,kn
"ಹುಷಾರಾಗಿರು ಕರೋನಾ. ವಿನಾಯಿತಿ ನೇರ ದಾಳಿಯಲ್ಲಿದೆ, ರೋಗಲಕ್ಷಣಗಳು ಅಪಾಯಕಾರಿ",fear,kn
ಮಹಾರಾಷ್ಟ್ರಕ್ಕೆ ಕೊಳೆ ಬರುತ್ತೆ! ಆದ್ದರಿಂದಲೇ ಜನ ಮೂಗಿಗೆ ಕರವಸ್ತ್ರ ಹಿಡಿದುಕೊಂಡಿದ್ದಾರೆ,angry,kn
ದಾದಾ ತನ್ನ ಗುರುವಿನಂತೆ ಅಂಧ ಭಕ್ತ..ಅವನ ಹಿಂದುತ್ವ ಅವನಿಗೆ ಇದನ್ನೇ ಕಲಿಸುತ್ತದೆ..,angry,kn
ನಮ್ಮ ಜಿಲ್ಲೆಯಲ್ಲಿ ಈ ಸಂಸ್ಕೃತಿ ಮರೆತು ಹೋಗಿತ್ತು... ದೆಗ್ಲೂರ್ ನಾಂದೇಡ್. ಈ ಬಿಜೆಪಿಯವರು,angry,kn
ಹಗರಣಕ್ಕೆ ಕಾರಣರಾದ ಜನರು ನೀವು ಏನು ಮಾಡಬೇಕೆಂದು ಚಿಂತಿಸಬೇಕು,angry,kn
"ಕಾಳು-ಬಾಳು ನಾಟಕವೇ ಮೊದಲು...? ಅದ್ಭುತವಾಗಿದೆ, ಒಮ್ಮೆ ನೋಡಲೇಬೇಕು",happy,kn
ಮಹಾರಾಷ್ಟ್ರದ ರಾಜಕೀಯದಿಂದ ‘ದೇಶದ್ರೋಹಿ’ ಎಂಬ ಪದ ಅಳಿಸಿಹೋಗುವುದಿಲ್ಲ ಎಂಬುದೇ ಸರಿ.,angry,kn
ಅಬ್ಬಾ! ಶಾಲೆಯ ಬಸ್ಸಿನಲ್ಲಿ ಈ ಹೆಬ್ಬಾವು ಎಲ್ಲಿಂದ ಬಂತು? ವಿಡಿಯೋ ನೋಡಿದ ನಂತರ ಯಾರಾದರೂ ನಡುಗುತ್ತಾರೆ,fear,kn
ಆಳುವವರು ಅಧಿಕಾರದಲ್ಲಿದ್ದಾರೆ!,angry,kn
ಇದು ಎಚ್ಚರಿಕೆಯಲ್ಲ ಸರ್,fear,kn
"ಬಾಳಾ ಸಾಹೇಬರ ಸೈನ್ಯವೂ ಇದೆ, ಹಾಗಾದರೆ ಮಹಾರಾಷ್ಟ್ರಕ್ಕೆ ಈ ಸೈನ್ಯ ಬೇಕೇ?",neutral,kn
"ಇದು ನಿಜಕ್ಕೂ ದೊಡ್ಡ ಹಗರಣವಾಗಿದ್ದು, ಕಠಿಣ ಕ್ರಮ ಕೈಗೊಳ್ಳಬೇಕು.",angry,kn
ಮೋದಿ-ಶಾ ಅಥವಾ ಇತರ ನಾಯಕರನ್ನು ಗೇಲಿ ಮಾಡಲು ಇಂತಹ ಕಾರ್ಟೂನ್‌ಗಳನ್ನು ಮಾಡಲಾಗಿದ್ದರೆ ನೀವು ಯಾಕೆ ಕಾಳಜಿ ವಹಿಸುತ್ತೀರಿ?,angry,kn
"ನೇರ ಆಫರ್ ಲೆಟರ್, ಇದು ಹಗರಣ ಓ ಬಾಬಾ",angry,kn
ಅದೇ ವಿಷಯದ ಮೇಲೆ ಮರಾಠಿ ಎಷ್ಟು ಬಾರಿ ಚಿತ್ರ ಮಾಡುತ್ತಾರೆ? ಕಳೆದ ವರ್ಷ ಒಂದು ಬಿಕ್ಕಟ್ಟು ಇತ್ತು,neutral,kn
ಅದಕ್ಕೇ ಗಂಗಾಬಾಯಿಯ ಮಗಳು ಪೋಳಬಾಯಿ ಕೂಡ ಮನೆಯಲ್ಲಿ ಕೂರುವುದಿಲ್ಲ.,angry,kn
ಇದನ್ನು ಹೇಳುವವರು ನೀನೇ ಅಣ್ಣ,angry,kn
"ನೋವು ತುಂಬಾ ತೀವ್ರವಾಗಿರುತ್ತದೆ, ಅದು ತಲೆಯವರೆಗೂ ಹೋಗುತ್ತದೆ.",angry,kn
ಅಭಿವ್ಯಕ್ತಿ ಸ್ವಾತಂತ್ರ್ಯ ಎಂದರೆ ಬಂಗಲೆಗೆ ಕರೆದೊಯ್ದು ಹೊಡೆಯುವುದು.,angry,kn
ಪಾಕಿಸ್ತಾನ ಬೆಂಕಿ ಹಚ್ಚಬೇಕಿತ್ತು,angry,kn
"ಈ ಹಿಂದೆ, ರಾಜಕುಮಾರಿ ಹಯಾ ಮತ್ತು ರಾಜಕುಮಾರಿ ಲತೀಫಾ ಅವರ ಬಂಡಾಯ ಮತ್ತು ಕಿರುಕುಳದ ಪ್ರಕರಣಗಳು ಬೆಳಕಿಗೆ ಬಂದಿದ್ದವು.",sad,kn
ಇದು ಕುಚಿದ್. ಹೊಸ ತಳಿ ಇದೆ,angry,kn
ನಿಮ್ಮಂತೆ ಕಣ್ಣೀರು ಇಲ್ಲ. ಸಲಿಕೆ ಬಾಳಾಸಾಹೇಬನಿಗೆ ದ್ರೋಹ ಬಗೆದನು.,angry,kn
ನಿಜ ಆದರೆ ಇದು ಎರೆಹುಳುಗಳ ಬುದ್ಧಿವಂತಿಕೆ ಅಲ್ಲ.,angry,kn
"ಕಲಾ ಲೋಕದಲ್ಲಿ ಶೋಕ ಮಡುಗಟ್ಟಿದೆ, ಬಾಲಿವುಡ್‌ನ 'ಅವನು' ದಂತಕಥೆ ಕಳೆದುಹೋದ...",sad,kn
ವನ್ಯಜೀವಿ ದಾಳಿಯಿಂದ ಆಗುವ ಹಾನಿಗೆ ದೀಪಾವಳಿಗೂ ಮುನ್ನ ಪರಿಹಾರ ನೀಡಬೇಕು - ಅರಣ್ಯ ಸಚಿವ ಸುಧೀರ್ ಮುಂಗಂತಿವಾರ್.,neutral,kn
ಅವಳು ಯಾಕೆ ಹತ್ತಿರ ಬರುತ್ತಾಳೆ ಎಂದು ನೋಡಲು ಸಾಕಾಗುವುದಿಲ್ಲ,angry,kn
ಕೌನ್ಸಿಲರ್ ಈ ರೀತಿ ಮಾತನಾಡುವುದು ಅತಿಯಾಗಿದೆ,angry,kn
ಘೋಷಣೆಯ ನಂತರ ಪೊಲೀಸ್ ಕ್ರಮ ಏಕೆ?,angry,kn
ಕನಿಷ್ಠ ನಿಮ್ಮ ಐಟಿ ಸೆಲ್‌ಗೆ ಇಷ್ಟವಾಗುವಂತೆ ಮಾಡಿ. ನಿಖರವಾಗಿ ಗಂಟೆಯಂತೆ?,angry,kn
"ಪ್ರತಿಭಟನೆ, ರಾವುತ್ ಸಾಹೇಬರ ಫೋಟೋ ಯಾಕೆ ಬೇಡ...?",angry,kn
ಇದು ಹೆಚ್ಚೆಚ್ಚು ಮುಂದುವರಿಯುತ್ತದೆ.. ಆಗ ಅಣ್ಣಾಜಿ ಪಂತ್ ಕೂಡ ಅದನ್ನೇ ಬಳಸಿ ಬಿಸಾಡುತ್ತಾರೆ..,angry,kn
ಆ ಮೇಡಂ ಈರುಳ್ಳಿ ತಿನ್ನೋದಿಲ್ಲ ಅಂದ್ರೆ ತಲೆ ತುಂಬ ಆಲೂಗಡ್ಡೆ... ಅನ್ನಿಸುತ್ತೆ,angry,kn
ಇದು ಏನಾಗುತ್ತದೆ,neutral,kn
ಅವರು ಎಲ್ಲಾ ಬಾಡಿಗೆ ಘಟಕಗಳನ್ನು ಖರೀದಿಸಿದ್ದಾರೆ ಎಂದು ಹೇಳಲಾಗುವುದಿಲ್ಲ.,angry,kn
ಅಭಿಪ್ರಾಯವಿಲ್ಲದಿದ್ದರೆ ಇಂದು ಸರ್ಕಾರ ಬೀಳಿಸುವ ಮಾತುಗಳನ್ನಾಡುವವರು ಎಲ್ಲಿದ್ದಾರೆ?,angry,kn
ಬಹಳ ದುರದೃಷ್ಟಕರ.,sad,kn
ಅದು ಖಜಾಪ್ ಶಬ್ದದೊಂದಿಗೆ ಹುಚ್ಚೆದ್ದು ಕುಣಿಯುತ್ತದೆ,angry,kn
"ಮಾ, ನಾರು ನಿ ಬಿ ಯೋಗಿ, ಅಲ್ಲಿ ಪುರುಷರು ಇದ್ದಾರೆಯೇ.",angry,kn
ಶಾಸಕರಿಗೆ ಈ ಭಾಷೆ ಹಿಡಿಸುವುದಿಲ್ಲ,angry,kn
ವಲಸಿಗರಲ್ಲಿ ಒಬ್ಬನ ಕಿವಿಯ ಕೆಳಗೆ ಉಂಗುರವಿತ್ತು.,angry,kn
"ಇದೇ ಪಾಕೆಟ್ ಜರ್ನಲಿಸ್ಟ್ ""ಉದ್ಧವ್ ಸ್ವಭಾವ ರಡ್ಕಾ"" ಎಂದು ಹೇಳಿದ್ದ...",angry,kn
ಈ ದೇಶದ್ರೋಹಿ ಶಾಸಕನ ವಿರುದ್ಧ ಕ್ರಮ ಕೈಗೊಂಡರೆ ಯಾವುದೇ ತೊಂದರೆ ಆಗಬಾರದು.,angry,kn
ಇದರರ್ಥ ನಿಮ್ಮ ಸರ್ಕಾರಕ್ಕೆ ತನಿಖೆ ಮಾಡಲು ಸಾಧ್ಯವಾಗುತ್ತಿಲ್ಲ,angry,kn
ಶ್ರದ್ಧಾಂಜಲಿ ಸಲ್ಲಿಸಿ ಕುಟುಂಬಕ್ಕೆ ಸಾಂತ್ವನ ಹೇಳಿದರು.,happy,kn
ಈ ಪೋಲೀಸ್ ಹೊಡೆತಕ್ಕೆ ಅರ್ಹವಾಗಿದೆ,angry,kn
"ಹೇ ಗೆಳೆಯಾ, ಇದು ಖಂಡೋಬಾ ಮಾಲ್ ರಸ್ತೆ.",neutral,kn
"ಬೆಲ್‌ನ ಕಾನೂನು ತಜ್ಞ... ಒಬ್ಬ ದುಷ್ಟ, ಅವನ ರಕ್ತನಾಳಗಳು ದ್ವೇಷದಿಂದ ತುಂಬಿವೆ",angry,kn
ಹಾಗಾದರೆ ಬಾಳೆಹಣ್ಣು ಏಕೆ ಒಡೆಯುತ್ತದೆ?,angry,kn
ಪ್ರಮಾಣ ವಚನ ಸ್ವೀಕರಿಸಲಾಯಿತು. ಆದರೆ ಹಾಕಿದೆ,neutral,kn
ಯಾರೋ ತಲೆ ಒಡೆದರು ಎಂದು ಹೇಳುವ ಧೈರ್ಯವೂ ಅವನಿಗಿಲ್ಲ.,angry,kn
"ಎರಡೂವರೆ ವರ್ಷಗಳ ಕಾಲ ಸೋಲಿಸಿದರು. ಅಂತಿಮವಾಗಿ ಥಾಪಾ ಹೇಳಿದರು, ನಾನು ಇನ್ನು ಮುಂದೆ ಸಹಿಸಲಾರೆ.",angry,kn
"ಕೈ ಕುಲುಮೆಯಲ್ಲಿ ಗಾಂಜಾವನ್ನು ಬೆರೆಸಿದರೆ ಅಂತಹ ಬಲವಾದ ಮಾದಕತೆ ಉಂಟಾಗುತ್ತದೆ. ಮನುಷ್ಯ ಚಪ್ಪಾಳೆ ತಟ್ಟಬೇಕು, ಆದರೆ ಇಷ್ಟು ಮಾತ್ರ.",angry,kn
"ನೀರವ್ ಮೋದಿ ಎಂದಿಗೂ ಆತ್ಮಹತ್ಯೆ ಮಾಡಿಕೊಳ್ಳುವುದಿಲ್ಲ, ತಜ್ಞರು ಉದ್ದೇಶಪೂರ್ವಕವಾಗಿ ವಾದಿಸುತ್ತಾರೆ?",neutral,kn
"ನಾನು ನಿಮಗೆ ತೊಂದರೆ ಕೊಡಲಿಲ್ಲ, ಆದ್ದರಿಂದ ಇದು ಸಮಯವಾಗಿದೆ, ನಾನು ಸಮಯಕ್ಕೆ ಸರಿಯಾಗಿ ಧರಿಸಬೇಕಾಗಿತ್ತು ...",sad,kn
*ಬ್ರೇಕಿಂಗ್: ಹಿಂದೂ ಹಬ್ಬಗಳು ಬಂದಾಗ ಮಾತ್ರ ಅತಿಕ್ರಮಣ ತೆಗೆಯುವುದು ಏಕೆ? ಬಾಳಾ ಸಾಹೇಬರ ಶಿವಸೇನೆ ಬೀದಿಗಿಳಿದು ಪ್ರತಿಭಟನೆ...,angry,kn
ಇಲ್ಲ ಸರ್ ನಿಮ್ಮ ಹೇಳಿಕೆ ತುಂಬಾ ತಪ್ಪಾಗಿದೆ,angry,kn
ಸಂಭಾಷಣೆಯು ಸಾಮಾನ್ಯ ಜ್ಞಾನದ ಬಗ್ಗೆ ಅಲ್ಲ ಮತ್ತು ಇಲ್ಲಿ ಗೊಣಗುತ್ತಾ ಕುಳಿತಿದೆ,angry,kn
ಬಹಳ ಕಡಿಮೆ ಇವೆ..,neutral,kn
ಯಡಜವ್ಯ ಜವಾನನೊಂದಿಗೆ ಹೋಗಲು ನೀವು ಅರ್ಹರೇ?,angry,kn
ಕೆಲವರು ವೀಳ್ಯದೆಲೆಯಿಂದ ಕೆಲಸ ಮಾಡುತ್ತಾರೆ ಎಂದು ಹೇಳಲಾಗುತ್ತದೆ.,angry,kn
ನಿನ್ನಂಥ ಗುಲಾಮರಿಗೆ ಅಷ್ಟು ಬೆಲೆಯಿಲ್ಲ.,angry,kn
ಎಲ್ಲಾ ಸೈದ್ಧಾಂತಿಕ ಕತ್ತಲೆ ಕತ್ತಲೆಯ ಕಡೆಗೆ ಸಾಗುತ್ತಿದೆ.,sad,kn
ಹ್ಹ ಹ್ಹ... ಇದು ಮೂರ್ಖರ ಮಾರುಕಟ್ಟೆ...,angry,kn
"ಓಹ್, ಯಾರು ಅರ್ಜಿ ಸಲ್ಲಿಸಿದರು? ಯಾವ ಕ್ರಮ ಕೈಗೊಳ್ಳಲಾಗುವುದು ಎಂಬುದು ಸ್ಪಷ್ಟವಾಗಿದೆ",angry,kn
ಐಬಾಲ್ ಒಂದು ಕೀಬೋರ್ಡ್ ಆಗಿದೆ. ಏನಾಗುತ್ತಿದೆ ನೋಡಿ? ನಿಂಬೆ ಅಗತ್ಯವಿದೆಯೇ?,neutral,kn
ಒಳ್ಳೆಯ ದಿನಗಳು ಬರುತ್ತವೆ ಎಂದು ಕಾಂಗ್ರೆಸ್ ಆಶಿಸಿದೆ ಆದರೆ ಅದು ವಿಫಲವಾಯಿತು,sad,kn
ಏನು ನಡೆಯುತ್ತಿದೆ ಎಂಬುದು ತುಂಬಾ ಕೊಳಕು.,angry,kn
ಮನಸ್ಸು ಅಂತ್ಯ ಸಂಸ್ಕಾರವೇ ಇಲ್ಲದ ಶವದಂತಾಗಿದೆ.,sad,kn
ನೀವು ಗುಂಡು ಹಾರಿಸಿದಾಗ ನೀವು ಇದನ್ನು ಚೆನ್ನಾಗಿ ನೆನಪಿಸಿಕೊಳ್ಳುತ್ತೀರಿ,angry,kn
ಇದರರ್ಥ ಭವಿಷ್ಯದಲ್ಲಿ ಮಾನವ ಅಸ್ತಿತ್ವಕ್ಕೆ ದೊಡ್ಡ ಅಪಾಯವು ಎಲ್ಲಾ ಧರ್ಮಗಳಿಂದ ಬರುತ್ತದೆ.,fear,kn
"ಅಂದರೆ ಉದ್ಧವ್ ಠಾಕ್ರೆ ದೂರದೃಷ್ಟಿಯಲ್ಲ, ರಾವುತ್ ಹೆಚ್ಚು ಸಂದರ್ಶನಗಳನ್ನು ನೀಡುತ್ತಿದ್ದರು.",neutral,kn
"ಯಾರು ದೇಶದ್ರೋಹಿ ಮಾತನಾಡುತ್ತಿದ್ದಾರೆ, ಈ ಮಾತುಗಳು ನಿಮ್ಮ ಬಾಯಿಂದ ಚೆನ್ನಾಗಿ ಕಾಣುತ್ತಿಲ್ಲ.",angry,kn
ಅವರ ಕೊಳಕು ರಾಜಕಾರಣದಲ್ಲಿ ನಾನೂ ಭಾಗಿಯಾಗುತ್ತೇನೆ ಎಂದು ಅಂದುಕೊಂಡಿರಲಿಲ್ಲ ಸರ್,angry,kn
ಕತ್ತೆಗಳ ತಲೆಯ ಮೇಲೆ ಕೂದಲು ಕಡಿಮೆ ಏಕೆ ಎಂದು ಈಗ ನಿಮಗೆ ತಿಳಿಯುತ್ತದೆ.,angry,kn
() ಪ್ರತಿ ವರ್ಷ ಕೋಟಿಗಟ್ಟಲೆ ಉದ್ಯೋಗಗಳನ್ನು ಒದಗಿಸುವ ಘೋಷಣೆಯು ಅಂತಿಮವಾಗಿ ಜುಮ್ಲಾ ಎಂದು ಸಾಬೀತಾಯಿತು.,angry,kn
ಬಿಜೆಪಿಯ ವರ್ಷಗಳ ಅಧಿಕಾರ ಮತ್ತು ಎನ್‌ಸಿಪಿಯ ತಪ್ಪಿನಿಂದಾಗಿ ಅಂಧ ಭಕ್ತರಿಗೆ ಮನಸ್ಸು ಕಡಿಮೆಯಾಗಿದೆ,angry,kn
ತುಂಬಾ ಬಿಸಿಯಾಗಿರುತ್ತದೆ ನಾವು ಇಲ್ಲಿ ಬೆವರುತ್ತಿದ್ದೇವೆ,neutral,kn
ಇದು ಬಹಳಷ್ಟು ನಡೆಯುತ್ತಿದೆ,angry,kn
ಏಕನಾಥ್ ಶಿಂಧೆ ಒಂದೂವರೆ ವರ್ಷಗಳ ಹಿಂದೆಯೇ ದೇಶದ್ರೋಹದ ಯೋಜನೆ ರೂಪಿಸಿದ್ದರು: ಶಿವಸೇನೆ ನಾಯಕ,angry,kn
ಕಳೆದ ವರ್ಷದಿಂದ ಈ ವಿಷಯ ಮುಂದುವರಿದಿದೆ. ಇದಕ್ಕೆ ಸ್ವಲ್ಪ ಬೊಗಳಿರಿ,angry,kn
ಮತ್ತು ಕೊಲೆಗಾರ ಅಮರನಾಗುತ್ತಾನೆ,angry,kn
ಜನತೆಗೆ ಅನ್ಯಾಯ ಮಾಡಿ ದ್ರೋಹ ಬಗೆದಿದ್ದಕ್ಕೆ ಹೀಗೆ ಹೇಳಬೇಡಿ...!,angry,kn
ಈ ಸಮಯದಲ್ಲಿ ಶ್ರೀ ಶಿಂಧೆ ಅವರು ಶ್ರೀಗಳೊಂದಿಗೆ ಮಾತನಾಡುವಾಗ ಗೊಂದಲಕ್ಕೊಳಗಾಗಿದ್ದಾರೆ.,angry,kn
ದೇಶದ್ರೋಹಿಗಳು ಖಂಡಿತವಾಗಿಯೂ ನಾಶವಾಗುತ್ತಾರೆ,angry,kn
ಹೆಗಲ ಮೇಲೆ ಕೂತು ಶಾ ಮೋದಿ ಇದೇನಾ ರಮ್ಯಾ?,angry,kn
ಆಡಳಿತದ ನಿರ್ಲಕ್ಷ್ಯವು ಪ್ರಸ್ತುತ ಮಳೆಯಿಂದ ಪುಣೆಯ ದುಸ್ಥಿತಿಯನ್ನು ತೋರಿಸುತ್ತದೆ.,angry,kn
ಛಗನ್ರಾವ್ ಭಗತ್ ಸಿಂಗ್ ಸರಸ್ವತಿಯ ಭಕ್ತರಾಗಿದ್ದರು. ಯಾರೂ ಅಕ್ಕಿ ಕಳ್ಳರಾಗಿರಲಿಲ್ಲ,happy,kn
ಇದು ಶ್ರೀ ಪವಾರ್ ಅವರಿಗೆ ಮಾಡಿದ ಅವಮಾನ ಎಂದು ಪರಿಗಣಿಸಲಾಗಿದೆ,angry,kn
ಈ ಚಾಲ್ತಿಯಲ್ಲಿರುವ ಡಿಪಿ ಸ್ಥಿತಿಯನ್ನು ಪರಿಶೀಲಿಸಿ.,angry,kn
ಫಡ್ನವೀಸ್ ಒಬ್ಬ ಕಿಡಿಗೇಡಿ,angry,kn
ಅತ್ತ ಹೆಣ್ಣುಮಕ್ಕಳನ್ನು ವೇಶ್ಯಾವಾಟಿಕೆಗೆ ತಳ್ಳುವ ಬಿಜೆಪಿ ನಾಯಕರಿಗೆ ಈ ಸಲಹೆ ನೀಡಬೇಕು.,angry,kn
"ನೀವು ನಾಯಿಯನ್ನು ಸ್ವಾಗತಿಸದಿದ್ದರೆ, ನೀವು ತಪ್ಪಾಗಿ ಅರ್ಥೈಸಿಕೊಳ್ಳುತ್ತೀರಿ.",angry,kn
ಅಂಧ ಭಕ್ತರು ಇಷ್ಟು ದಿನ ಪುದಿನಾ ತೊಳೆಯುತ್ತಿದ್ದರಂತೆ,angry,kn
ಮಹಾರಾಷ್ಟ್ರದಲ್ಲಿ ಯಾರಾದ್ರೂ ಕೃಷಿ ಮಂತ್ರಿ ಇದ್ದಾರಾ????,angry,kn
ಯಾರ ನಿಜವಾದ ಶಿವಸೇನೆ ಈಗ ಬೀದಿಯಲ್ಲಿ ಕಾಣಿಸುತ್ತದೆ. ಉಪಚುನಾವಣೆಯಲ್ಲಿ ಗೆದ್ದ ಮೇಲೆ ರಾವಣನ ವಧೆ ಖಚಿತ!!,happy,kn
"ಅಜ್ಜಿ ಭಕ್ತರ ಬದುಕನ್ನು ಹಾಳು ಮಾಡಿದೆ. ಆದ್ದರಿಂದ, ಇತರರು ತುಳಿತಕ್ಕೊಳಗಾಗುತ್ತಾರೆ.",angry,kn
"ಇಂದಿನವರೆಗೂ ದೇಶವನ್ನು ಆರ್ಥಿಕವಾಗಿ ವಂಚಿಸುವ ಬುಡಕಟ್ಟು, ಮತ್ತು ಇದು ನಮಗೆ ದೇಶಪ್ರೇಮವನ್ನು ಕಲಿಸುತ್ತದೆಯೇ?",angry,kn
"ಓ ಸಂಡಾಸ್ ಅನಿಸಿಕೆ, ನೀವು ಅಧಿಕಾರದಲ್ಲಿದ್ದಾಗ ಇದರ ಅರ್ಥವೇನು?",angry,kn
ಮೂರ್ಖ ಭಕ್ತರು ಯಾರನ್ನು ಬೆಂಬಲಿಸುತ್ತಾರೆ ಎಂದು ಹೇಳಲಾಗುವುದಿಲ್ಲ.,angry,kn
ನಿಮ್ಮಂತಹ ಹಂದಿಗಳಿಂದಲೇ ಇಂದು ಮಹಾರಾಷ್ಟ್ರ ಈ ಸ್ಥಿತಿಗೆ ಬಂದಿದೆ ಎಂದು ಮರಾಠಿ ಮನುಷ್ಯರಿಗೆ ನಾಯಿಗಳು...,angry,kn
ಅಂಧೇರಿ ಪೂರ್ವ ವಿಧಾನಸಭಾ ಉಪಚುನಾವಣೆಯಿಂದ ಬಿಜೆಪಿ ತನ್ನ ಹೆಸರನ್ನು ಹಿಂಪಡೆದಿದೆ. ಈಗ ಸಿಂಪಥಿ ಇದೇ ತನ್ನ ಗೆಲುವು ಎಂದುಕೊಂಡು ಹುಚ್ಚನಂತೆ ಕುಣಿಯುತ್ತಾಳೆ!,angry,kn
"ಪಾರಿವಾಳಗಳನ್ನು ಬಿಡುಗಡೆ ಮಾಡುವ ಮೊದಲು, ದೇಶವು ಬಹಳಷ್ಟು ಬದಲಾಗಿದೆ; ಈಗ ಅತ್ಯಾಚಾರಿಗಳು ಬಿಡುಗಡೆಯಾಗುತ್ತಿದ್ದಾರೆ..!!",angry,kn
ಈಗ ಅದು ಅಂತಹ ಗೌರವವಾಗಿದೆ,neutral,kn
"ಹೇ ಕಪ್ಪೆ, ನೀನು ಮಾತನಾಡುತ್ತೀಯಾ?",angry,kn
ಇದು ಆ ನಾಯಿಗೆ ಮಾಡಿದ ಅವಮಾನ...,angry,kn
ಅವನು ಮೂರ್ಖ ಪತ್ರಕರ್ತ,angry,kn
ಅವರು ಹೋಗಿ ಯಾರ ಕಲ್ಲನ್ನು ಕೆಡವಲು ಹೊರಟಿದ್ದರೋ ಆ ಕಲ್ಲಿನ ಮೇಲೆ ಕುಳಿತುಕೊಂಡರು.,angry,kn
"ಆಡಳಿತಾಧಿಕಾರಿಗಳು ನಿರಾಶೆಗೊಂಡಿದ್ದಾರೆ. ಆದರೆ, ಸರಕಾರ ನಿದ್ದೆ ಮಾಡುತ್ತಿದೆ. ಜೈ ಮಹಾರಾಷ್ಟ್ರ.",angry,kn
"ಆದರೆ ಇದಕ್ಕೆ ದಣಿವರಿಯದ ಶಿವಸೈನಿಕ ಬೇಕು, ನಿನ್ನಂತೆ ಸೋತವನಲ್ಲ.",angry,kn
ಮಹಾರಾಷ್ಟ್ರ ಮತ್ತು ದೇಶದ ಅರ್ಥ? ಮಹಾರಾಷ್ಟ್ರ ಯಾವ ದೇಶದಲ್ಲಿದೆ?,angry,kn
ಮತದಾರರು ಆಯ್ಕೆ ಮಾಡಿ ಒಡೆದ ಶಾಸಕರಿಗೂ ಸಾರ್ವಜನಿಕರು ಅದೇ ಪಾಠ ಕಲಿಸಬೇಕು!,angry,kn
ಸಮಾಜ ಕಲ್ಯಾಣ ಇಲಾಖೆಗೆ ಇನ್ನೂ ಸ್ವತಂತ್ರ ಸಚಿವರನ್ನು ನೀಡಿಲ್ಲ. ಇದು ಬಿಜೆಪಿಯ ಸಾಮಾಜಿಕ ಅನ್ಯಾಯ.,angry,kn
ಜಾತ್ಯತೀತ ಜೀವಿಗಳು ಎಂದರೆ ತಮ್ಮ ತಂದೆಯ ಬದಲಿಗೆ ತಮ್ಮ ನೆರೆಹೊರೆಯ ತಂದೆ ಎಂದು ಕರೆಯುವವರು.,angry,kn
ನಾನು ನಿನ್ನಂತೆ ತಾತ್ಯಾ ಅಲ್ಲ.,neutral,kn
ಕೆಲವು ಮಕ್ಕಳು ಮನೆಯ ಸಮಸ್ಯೆಗಳಿಂದ ನಿರಂತರವಾಗಿ ತೊಂದರೆಗೊಳಗಾಗುತ್ತಾರೆ ಮತ್ತು ಪ್ರೀತಿಯನ್ನು ಹೊಂದಿರುವುದಿಲ್ಲ ...,neutral,kn
ಅಸಮರ್ಥ ಶಿಕ್ಷಕರು ಹಸಿವಿನಿಂದ ಸಾಯುತ್ತಾರೆ... ಮತ್ತು ಪ್ರಾಮಾಣಿಕ ಅರ್ಹ ಶಿಕ್ಷಕರು ಹಸಿವಿನಿಂದ ಸಾಯುತ್ತಾರೆ... ವಾಹ್... ಮಹಾರಾಷ್ಟ್ರ ಸರ್ಕಾರ..,angry,kn
ಇದು ಬಹಳ ದಿನ ಉಳಿಯುವುದಿಲ್ಲ...ಹಿಟ್ಲರ್ ಕೆಟ್ಟದಾಗಿ ಕೊನೆಗೊಂಡನು...ಕಮ್ಯುನಿಸ್ಟ್ ಪಕ್ಷವೂ ತೀವ್ರ ಕಮ್ಯುನಿಸಂನಿಂದ ಕೊನೆಗೊಂಡಿತು...,angry,kn
"ರಾವ್, ನೀವು ನಿರೀಕ್ಷೆಗಳನ್ನು ಮತ್ತು ನಿಮ್ಮ ಸಾರ್ವಭೌಮರನ್ನು ಏಕೆ ಗೇಲಿ ಮಾಡುತ್ತೀರಿ?",neutral,kn
ಇನ್ನು ಬಾಬಾಗೂ ಬಿಜೆಪಿಗೂ ಸಂಬಂಧವಿಲ್ಲ... ಬಾಬಾಗೂ ಇದು ಗೊತ್ತು...,neutral,kn
"ಇನ್ನೂ ಎಷ್ಟು ಒಳ್ಳೆಯ ದಿನಗಳು ಬೇಕು...! ಸರಿ, ಜಾಹೀರಾತು..",angry,kn
ಸರ್ಕಾರಿ ಉದ್ಯೋಗದ ಆಸೆ ಹಲವರನ್ನು ನಿರುದ್ಯೋಗಿಗಳನ್ನಾಗಿ ಮಾಡಿದೆ.,sad,kn
ಸಂಜೆ ಸುರಿದ ಭಾರೀ ಮಳೆಗೆ ಸಂಗಮ್ನೇರ್ ನಗರದ ನವೀನ್ ನಗರ ರಸ್ತೆ ಜಲಾವೃತವಾಗಿತ್ತು...,neutral,kn
ಈ ವೀರರು ಘರ್ಜಿಸುತ್ತಿದ್ದಾರೆ...,angry,kn
ಎಂತಹ ಫೇಕ್ ಮನುಷ್ಯ ಇವನು ನಿಜವಾದ ಶಾಲೆಗೆ ಹೋಗಬೇಕು...,angry,kn
ಆದರೆ ಇದು ಕತ್ತೆಗೆ ಮಾಡಿದ ಅವಮಾನ. ನಿಷೇಧ,angry,kn
ಯಾರು ಯಾರು ಎಂಬುದರ ಮಾದರಿ,angry,kn
ಈ ಮನೋರೋಗಿಗಳು ಅಸಹ್ಯಕರ ಜನಪ್ರಿಯ ವಿಚಾರಗಳನ್ನು ಪರಿಶೀಲಿಸದೆ ಓದುವುದಿಲ್ಲ ಅಥವಾ ಸ್ವೀಕರಿಸುವುದಿಲ್ಲ.,angry,kn
ಸತ್ಯವೇನೆಂದರೆ.. ಫೇಕು ತಾಡಿಪಾರ್‌ನಿಂದ ಶೆಂಖೌ ಭಕ್ತನವರೆಗೆ ಈ ಸಂಪ್ರದಾಯ ಅಖಂಡವಾಗಿದೆ.!,angry,kn
"ದೇಶದಲ್ಲಿ ನಿರುದ್ಯೋಗವಿಲ್ಲ, ಯುವಕ-ಯುವತಿಯರು ಶಿಕ್ಷಣ ಪಡೆಯುವಲ್ಲಿ ವಿಫಲರಾಗುತ್ತಿದ್ದಾರೆ.",angry,kn
"ಆಘಾತಕಾರಿ! ಕಲ್ವಾದಿಂದ ಖರೇಗಾಂವ್‌ವರೆಗಿನ ರಸ್ತೆ ಬಂದ್‌, ಬ್ಯಾರಿಕೇಡ್‌ ಹಾಕಿ ರಸ್ತೆ ಬಂದ್‌ ಮಾಡಲಾಗಿದೆ.",happy,kn
"ಇದು ಶಿಂಧೇಶಹಿತ್ತಮ ಮಹಾಪುರುಷರ ಅಮೂಲ್ಯ ತತ್ವ, ಅದರೊಂದಿಗೆ ರಾಜಿ ಮಾಡಿಕೊಳ್ಳುವುದು ಸರಿಯಲ್ಲ.",happy,kn
ಸಂಬಂಧಗಳ ಗಣಿತವು ಬ್ಯಾಂಕ್ ಖಾತೆಗಳಂತೆ.,sad,kn
ಪೊಲೀಸ್ ಸಂಸ್ಮರಣಾ ದಿನದಂದು ಕರ್ತವ್ಯ ನಿರ್ವಹಿಸಿ ಹುತಾತ್ಮರಾದ ಹುತಾತ್ಮರಿಗೆ ಭಾವಪೂರ್ಣ ಶ್ರದ್ಧಾಂಜಲಿ.,happy,kn
ಹುಲಿಗೆ ಗುಂಡು ಹಾರಿಸುವ ಬಗ್ಗೆ ವಿವರವಾಗಿ ಹೇಳಬಲ್ಲಿರಾ?? ನಾನು ಒಂದೇ ಈರುಳ್ಳಿಯನ್ನು ನೋಡಬೇಕು,angry,kn
ಸೇವಕಿ ಚಿತ್ರಗಳನ್ನು ತೆಗೆಯುವುದನ್ನು ಬಿಟ್ಟಿದ್ದಾಳೆಯೇ?,angry,kn
ಅದನ್ನು ಉಳಿಸಿದರೆ ನಿಧಾನ ಸೈನಿಕರ ಸಾವು ಇನ್ನೂ ಸುಡುತ್ತದೆ,angry,kn
"ಹಾಗಾದ್ರೆ ರಾತ್ರಿಯಿಡೀ ಒಂಟಿ ಜನರು ಏನು ಮಾಡುತ್ತಿದ್ದರು, ಹೀಗೆ ಎದ್ದು ಏನು ಮಾಡಬೇಕೆಂದಿದ್ದಾರೆ...",angry,kn
ಇದನ್ನು ಹೇಳಲಾಗದು..!!,neutral,kn
ರಾಣೆ ಮತ್ತು ಕಾರ್ತಿಯನ್ನು ಮೊದಲು ಅರ್ಥಮಾಡಿಕೊಳ್ಳಬೇಕು.,angry,kn
ಅಳಬೇಡಿ... ಮುಂಬೈನಲ್ಲಿ ಶಿವಸೇನೆ ಹಣ ತಿಂದಿದ್ದರಿಂದ ಮುಂಬೈ ಕುಸಿಯುತ್ತಿದೆ ಎಂಬುದು ಎಲ್ಲರಿಗೂ ಗೊತ್ತಿದೆ.,angry,kn
ರಾಜ್ಯದಲ್ಲಿ ಮಾತೃಭಾಷೆ ಮಾತನಾಡುವ ಬಗ್ಗೆ ಕೇಳಿದ ಮೊದಲ ಮುಖ್ಯಮಂತ್ರಿ.,angry,kn
ಸಿಕ್ಕಿಬಿದ್ದರೆ ಅಳುತ್ತಾ ಓಡಿಹೋಗಿ ಕ್ಷಮೆ ಕೇಳುವುದು ಇತಿಹಾಸ ಮತ್ತು ಪ್ರಸ್ತುತ,angry,kn
ಇಂತಹ ತರ್ಕಬದ್ಧ ಪ್ರಶ್ನೆಗಳನ್ನು ಕೇಳುವುದು ದೇಶದ್ರೋಹ,angry,kn
ಪಾದಚಾರಿ ಮಹಿಳೆಯ ಚಿನ್ನದ ಸರವನ್ನು ಬೈಕ್ ಸವಾರರು ಹರಿದು ಹಾಕಿದ್ದಾರೆ,angry,kn
ಅವರೊಬ್ಬ ದೊಡ್ಡ ಮನುಷ್ಯ.,angry,kn
ಕೊಂಕಣಿ ಎಂದು ಒಪ್ಪಿದೆ....ಇಗೋ ಮತ್ತೆ ಗಣಪತಿ ಬರುತ್ತಾನೆ ಮತ್ತು ಹೆದ್ದಾರಿ ಅದೇ ಹದಗೆಟ್ಟ ಸ್ಥಿತಿಯಲ್ಲಿದೆ...,sad,kn
ಭವಿಷ್ಯದ ಗುಲಾಮರನ್ನು ಇಂದು ಸೃಷ್ಟಿಸಬೇಕಾಗಿದೆ.,fear,kn
"ಕೇವಲ ಮೂರು ವಿಧದ ಆಹಾರಗಳಿವೆ: ಸಸ್ಯಾಹಾರಿ, ಮಾಂಸಾಹಾರಿ ಮತ್ತು ಮಾಂಸಾಹಾರ.",angry,kn
"Xiubatha ಮುಗಿದ ಪಕ್ಷ, ಅವರ ಟೀಕೆಗೆ ಪ್ರತಿಕ್ರಿಯಿಸಲು ಇದು ನಿಷ್ಪ್ರಯೋಜಕವಾಗಿದೆ",angry,kn
"ಇದು ಮಹಾರಾಷ್ಟ್ರ ರಾಜ್ಯ ಸರ್ಕಾರ, ಫಡ್ನವೀಸ್ ಸರ್ಕಾರ, ಬಿಜೆಪಿ ಸರ್ಕಾರದ ಅತ್ಯುತ್ತಮ ಕೆಲಸ.. ಟ್ರೋಲಿಂಗ್...",angry,kn
ಈ ಕೆಲಸ ನಿಮ್ಮದು..ಆತ್ಮಾವಲೋಕನ ಬೇಕು ರಾವಣ ಕದಂ!,angry,kn
ಈ ಮೋಸಂಬಿ ಆರೆಂಜ್ ಪಾರ್ಟಿ ಮಹಾರಾಷ್ಟ್ರದಲ್ಲಿ ನಿಜಕ್ಕೂ ಪ್ರಹಸನವಾಗಿ ಮಾರ್ಪಟ್ಟಿದೆ.,angry,kn
ಇದು ವಂಚಕ ರಾಜ ಮತ್ತು ಅವನ ವಡಾಪಾವ್ ಪ್ರಜೆಗಳ ಕಲ್ಪನೆ,angry,kn
ಹರಿಶ್ಚಂದ್ರ ಬದುಕಿದ್ದರೆ ಇದನ್ನು ಕೇಳಿದ ತಕ್ಷಣ ಪ್ರಾಣ ಬಿಡುತ್ತಿದ್ದ.,angry,kn
ಮತ್ತು ಐವತ್ತು ಪೆಟ್ಟಿಗೆಗಳೊಂದಿಗೆ ನಿಮ್ಮಂತಹ ದೇಶದ್ರೋಹಿಗಳು ಹೋಗಿದ್ದಾರೆ!,angry,kn
"ಶಾಸ್ತ್ರದಲ್ಲಿ ಬರೆಯಲಾಗಿದೆ - ಜಾವೆಯ ವಂಶವು ಆಗ ತಿಳಿದಿತ್ತು, ಈಗ ಕೆಲವರು ವಂಶವನ್ನು ಬದಲಾಯಿಸುತ್ತಿದ್ದಾರೆ, ಅದನ್ನು ಅವರು ಏನು ಮಾಡುತ್ತಾರೆ.",angry,kn
"ಕೆಲಸ ಕಳೆದುಕೊಳ್ಳುತ್ತಾರೆ, ಮತದಾರರು ಕೈತಪ್ಪುತ್ತಾರೆ ಎಂದು ಹೇಳಿದವರ ಮುಖದಲ್ಲಿ ಗಾಬರಿ ಮೂಡಿತು",happy,kn
ನಿಮ್ಮ ಯೋಗ್ಯತೆ ಏನು ಎಂದು ನಿಮಗೆ ತಿಳಿದಿದ್ದರೆ ಮಾತ್ರ ಈ ಅಪಹಾಸ್ಯವು ನಿಮಗೆ ಅನ್ವಯಿಸುತ್ತದೆ,angry,kn
ಮರಾಠಿ ಮಾಧ್ಯಮ ನಿಜವಾದ ಮುಖವಾಡವನ್ನು ತೋರಿಸುತ್ತದೆ. ದಯವಿಟ್ಟು ಇದನ್ನು ಮಾಡಬೇಡಿ,angry,kn
ಕೊಡುವ ಮೊದಲು ಮನೆ ಮತ್ತು ಮರಳು ಮಾಡಿ.,angry,kn
ಲೈ ವರ್ಣರಂಜಿತ ಜನರು,angry,kn
"ದೇಶದ್ರೋಹಿಗಳ ರಾಜಕೀಯ ಎಂದರೆ ""ಕತ್ತಿ"", ಬಿಜೆಪಿ ಎಂದರೆ ""ಗುರಾಣಿ"" ಮತ್ತು ಪೆಟ್ಟಿಗೆಗಳು ""ಬದಲಾವಣೆ"" ಎಂದರ್ಥ.",angry,kn
ಇದು ಊಳಿಗಮಾನ್ಯ ದೊರೆಗಳ ಜೊತೆಗಿನ ಒಡಂಬಡಿಕೆಯ ಫಲವೇ? ಅವರು ದಿನದಿಂದ ದಿನಕ್ಕೆ ಕೊಂಕಣಿಯಾಗುತ್ತಿದ್ದಾರೆ,angry,kn
"ಯಾತ್ರೆಯು ಮಹಾರಾಷ್ಟ್ರಕ್ಕೆ ಬಂದಿತು ಆದರೆ ಇಲ್ಲ, ಅದಕ್ಕೂ ಮೊದಲು ಅದು ವಿಘಟನೆಯಾಯಿತು.",fear,kn
ಸ್ವಂತ ಇಲಾಖೆಗಳನ್ನೇ ನಂಬದ ಮಂತ್ರಿಗಳಿಂದ ಏನು ಪ್ರಯೋಜನ?,angry,kn
ಇಷ್ಟು ಅಧಿಕಾರ ಹಿಡಿದ ನಂತರವೂ ಉದಾರವಾದಿ ಉದ್ಧವ್ ಠಾಕ್ರೆಗೆ ಯಾಕೆ ತೊಂದರೆ ಕೊಡುತ್ತಿದ್ದೀರಿ?,angry,kn
"ಹೌದು, ನಿಮ್ಮ ಕತ್ತೆಗೆ ಬೆಂಕಿ ಹಚ್ಚಲು ನೀವು ಬಯಸುತ್ತೀರಿ",angry,kn
ಜನರು ಕಷ್ಟದಲ್ಲಿದ್ದಾಗ ಎಲ್ಲಿಗೆ ಹೋಗುತ್ತಾರೆ? ಠಾಕ್ರೆಗೆ ಗೋಪಿಚಂದ್ ಪಡಲ್ಕರ್ ಪ್ರಶ್ನೆ:,angry,kn
"ಹಬ್ಬ ಹರಿದಿನಗಳಲ್ಲಿ ಗ್ಯಾಸ್ ಬೆಲೆ ಏರಿಕೆ ಅನಿವಾರ್ಯ, ಇದಕ್ಕೆ ಕಾರಣ...",neutral,kn
ಸುಮ್ಮನೆ ಚಾಪೆ ಮಾಡು... ಅರ್ಜಿ ನಮೂನೆ ತುಂಬಿದ ದಿನದಿಂದ ಕೊನೆಯ ದಿನದವರೆಗೂ ಯಾರೋ ಒಬ್ಬರು ಮಹಾರಾಷ್ಟ್ರದ ಸಂಸ್ಕೃತಿಗೆ ಅವಮಾನ ಮಾಡುತ್ತಲೇ ಇದ್ದಾರೆ...,angry,kn
ಆನೆಗಳು ರಸ್ತೆಯಲ್ಲಿ ನಡೆಯುತ್ತಿದ್ದರೆ ನಾಯಿಗಳು ಹಸಿವಿನಿಂದ ಸಾಯುತ್ತಿವೆ...ರಾಹುಲ್ ಗಾಂಧಿ ಆನೆ,happy,kn
SBI ಗ್ರಾಹಕರಿಗೆ ಬ್ಯಾಡ್ ನ್ಯೂಸ್! ಈಗ EMI ಹೆಚ್ಚಾಗಲಿದೆ,sad,kn
ಅವರು ಏಕೆ ಕಾಳಜಿ ವಹಿಸುತ್ತಾರೆ? ಮುತ್ತುಗಳು ಹೇಳುವ ಧೈರ್ಯವನ್ನು ಏನು ಮಾಡಲಿ.,angry,kn
ಯಾರಿಗಾದರೂ ಅಗತ್ಯವಿದ್ದರೆ ಏನು? ಮಹಾರಾಷ್ಟ್ರ? ಈಗ ಏಕೆ ಅಂಗಡಿಗಳನ್ನು ಮುಚ್ಚುವ ಸಮಯ ಬಂದಿದೆ,angry,kn
ಮತ್ತು ಕೆಲವು ಮೂರ್ಖ ಜನರು ಇದಕ್ಕೆ ಬಲಿಯಾಗುತ್ತಿದ್ದಾರೆ.,angry,kn
ಇದು ಸಂಚಾರ ದಂಡದ ಉದ್ದೇಶವನ್ನೇ ಅಣಕಿಸುತ್ತದೆ.,angry,kn
ನಿನ್ನ ಗಂಡನ ತಲೆ ಬಿಟ್ಟು ಬೇರೇನಾದರೂ ತಿನ್ನು...,angry,kn
"ಅವರೂ ನಿಮ್ಮಂತೆಯೇ ಇದ್ದಾರೆಯೇ, ನೀವು ಹೇಳುವುದನ್ನು ಕೇಳುತ್ತಿದ್ದಾರೆಯೇ !!!",angry,kn
ಕತ್ತಲಲ್ಲಿ ಕಪಾಳಮೋಕ್ಷ ಮಾಡಿ ಓಡಿ ಹೋದಳು,angry,kn
"ಅರೇ, ಇದು ಬಿಜೆಪಿಯಿಂದ",neutral,kn
ದೃಷ್ಟಿ ಹೇಗಿದೆಯೋ ಹಾಗೆಯೇ ನೋಟವೂ ಇದೆ. ಬಿಜೆಪಿ ವಿರೋಧದ ಕಾಮಾಲೆಯಿಂದ ಎಲ್ಲವೂ ಹಳದಿಯಾಗಿ ಕಾಣುತ್ತಿದೆ,angry,kn
"ಹೇ ಬಾಸ್ಟರ್ಡ್ ಪಂತ್, ಈ ಪಾಪದ ಶಿಕ್ಷೆಯನ್ನು ನೀವು ಎಲ್ಲಿ ಪಾವತಿಸುತ್ತೀರಿ?",angry,kn
"ಜ್ಯೋತಿಯನ್ನು ಬೆಳಗಿಸಿ ಏಕೆಂದರೆ ಉದ್ಧವ್ ಅವರ ಹಣೆಬರಹ ಏನು, ಅವರೊಳಗೆ ಹಿಂದೂ ವಿರೋಧಿ ಕತ್ತಲೆ ಹರಡಿದೆ",angry,kn
ಈಗ ಮುದ್ದು ಮಾಡುವುದರಿಂದ ಪಾಠ ಕಲಿಯಿರಿ,angry,kn
ಅವರು ಓಡಿಹೋಗುತ್ತಿದ್ದಾರೆ ... ಜಾಗರೂಕರಾಗಿರಿ! ಜನರು ವಿಷ ಸೇವಿಸಿದ್ದಾರೆ.. ಈ ರೀತಿಯ ಎಲ್ಲಿಂದ ಬಂತು? ಓದುವುದು,fear,kn
"ಏಕೆ, ಇದು ತಪ್ಪು ಆಯ್ಕೆಯಾಗಿರಬೇಕು. ರಾಜವಂಶವು ಕೆಲಸ ಮಾಡುವುದಿಲ್ಲ",angry,kn
ಲೈ ಅನ್ನು ಇಷ್ಟವಿಲ್ಲದೆ ಬಿಸಾಡಲಾಗಿದೆ,angry,kn
"ಈಗ ಟಾರ್ಚ್, ಅಗರಬತ್ತಿಗಳನ್ನು ತೆಗೆದುಕೊಳ್ಳಿ, ನಿಮ್ಮ ಲಂಕಾ ಉರಿಯುತ್ತಲೇ ಇರುತ್ತದೆ",angry,kn
ನನ್ನ ಖಾತೆ ಹ್ಯಾಕ್ ಆಗಿದೆ ಎಂದು ಹೇಳುತ್ತಿದ್ದಾರೆ,angry,kn
ಈ ಎನ್ ಸಿಪಿಯವರಿಗೆ ಇನ್ನು ಕೆಲವೇ ದಿನಗಳಲ್ಲಿ ಸೇನೆಗೆ ರೊಟ್ಟಿ ಬೇಯಿಸುವ ಕೆಲಸ ಖಂಡಿತಾ ಸಿಗಲಿದೆ...,angry,kn
"ಆಂಗ್ಲ ಮಾಧ್ಯಮ ಮತ್ತು ಆಟಗಾರರು ಇಬ್ಬರೂ ತುಂಬಾ ಕೋಪಗೊಂಡರು, ಕೆಲವರು ಅದನ್ನು ಇಷ್ಟಪಡಲಿಲ್ಲ ...",angry,kn
"ಸರ್ಕಾರದ ""ಹಣ"" ಮತ್ತು ಪಕ್ಷದ ""ಮಾರ್ಕೆಟಿಂಗ್"" ಬಜೆಟ್ ಅನ್ನು ಯಾರು ಕೊಡುತ್ತಾರೆ ??",angry,kn
ಮಾಧ್ಯಮ ಕುರುಡಾಗಿದೆಯೇ? ಈ ದೃಶ್ಯವನ್ನು ಪ್ರದರ್ಶಿಸಲಾಗುತ್ತಿಲ್ಲ.,angry,kn
"ನೀವು ಉನ್ನತ ಸ್ಥಾನಗಳಿಗೆ ಏರಿದಾಗ, ಸಮಯವು ಕಡಿಮೆ ತೆಗೆದುಕೊಳ್ಳುತ್ತದೆ.",neutral,kn
ನಿಮ್ಮ ಸರ್ಕಾರ ಬಿಕ್ಕಟ್ಟಿನಲ್ಲಿದೆಯೇ? ಅವುಗಳನ್ನು ಎತ್ತಿಕೊಂಡು ನೇತುಹಾಕಿ.,angry,kn
ಸುಪ್ರೀಂ ಕೋರ್ಟ್ ಗೂಗಲ್ ಅನ್ನು ಸ್ಥಾಪಿಸಿದೆ ಮತ್ತು ಈ ಮನಸ್ಸುಗಳು ನೃತ್ಯ ಮಾಡುತ್ತಿವೆ.,angry,kn
ಏನಿದು ಭಾರತದ ರಾಜಕೀಯ..?? . ಬಡವರ ಹಕ್ಕುಗಳಿಗಾಗಿ ಹೋರಾಡಿ ಶ್ರೀಮಂತರಾಗಿ...!!,angry,kn
"ಹೌದು, ಕಳೆದ ಒಂದು ವರ್ಷದಿಂದ ನಮ್ಮ ರಾಜ್ಯದಲ್ಲಿ ಸಾಮಾನ್ಯ ನೇಮಕಾತಿಗಳು ನಡೆಯುತ್ತಿಲ್ಲ.",sad,kn
ಭಾರತಕ್ಕೆ ಹೆದರುವ ಕಿಡಿಗೇಡಿಗಳೆಲ್ಲ ದೇಶಭಕ್ತಿ ತೋರಬೇಕು.,angry,kn
"ಮುದ್ದೆ ಚರ್ಮ ರೋಗದಿಂದ ಸಾವಿಗೀಡಾದ ರೈತರಿಗೆ, ದನಗಾಹಿಗಳಿಗೆ ಆರ್ಥಿಕ ನೆರವು",sad,kn
ರೈತರ ಕಷ್ಟ ನೋಡಿ ನಾಚಿಕೆ ಆಗುತ್ತಾ?,sad,kn
ಹಾಗಾಗಿ ಮಮತಾ ದೀದಿ ಮೊದಲ ಸಾಲಿನಲ್ಲಿ ನಡೆಯುತ್ತಾರೆ. ಈಗ ಎತ್ತರಕ್ಕೆ ಕಾರಣ ಹೇಳಬೇಡಿ.,neutral,kn
ಸೋಷಿಯಲ್ ಮೀಡಿಯಾದಲ್ಲಿ ಈಗಾಗಲೇ ಹಲವರು ಇಂತಹ ಕಪಾಳಮೋಕ್ಷ ಮಾಡಿದ್ದಾರೆ.,angry,kn
ಅವರನ್ನು ಮಹಾರಾಷ್ಟ್ರ ಮತ್ತು ದೇಶದಿಂದ ಹೊರತರುವುದು ಆದ್ಯತೆಯಾಗಿದೆ. ಉಳಿದದ್ದನ್ನು ನಂತರ ನೋಡೋಣ.,angry,kn
"""ಅದು"" ಶಿವಸೈನಿಕ ಮುಖ್ಯಮಂತ್ರಿ ಆಗುವುದು ನೀವಲ್ಲ, ಸ್ಪಷ್ಟವಾಗಿ ಹೇಳಿ ಸಾರ್!",neutral,kn
"ಸ್ಪೀಕರ್ ಸರ್, ಪುಣೆ ಟ್ರಾಫಿಕ್ ಪೊಲೀಸ್ ಸಿಬ್ಬಂದಿಗೆ ಘೋರ ಅನ್ಯಾಯ ಮಾಡಲಾಗುತ್ತಿದೆ.",sad,kn
ಆದರೆ ಹುಡುಗ ಸರ್ ತತ್ವಗಳನ್ನು ಬದಿಗೊತ್ತಿ...,angry,kn
ನೀವು ಪತ್ರಕರ್ತರೇ ಅಥವಾ ರಾಜಕೀಯ ನಾಯಕರೇ ಎಂಬುದು ಮುಖ್ಯವಲ್ಲ,angry,kn
ಹುಣ್ಣಿಮೆ - ವಂಚನೆಯು ತಿಂಗಳ ಅತ್ಯುತ್ತಮ ಪ್ರಶಸ್ತಿಯನ್ನು ಪಡೆದಾಗ!,angry,kn
"ಸಾಮಾನ್ಯ ಜ್ಞಾನ ಹೊಂದಿರುವ ಅತ್ಯುತ್ತಮ ಉದಾರವಾದಿಗಳು ಐಸ್ ಕ್ರೀಮ್ ಮತ್ತು ಟಾರ್ಚ್ ನಡುವಿನ ವ್ಯತ್ಯಾಸವನ್ನು ಅರ್ಥಮಾಡಿಕೊಳ್ಳುವುದಿಲ್ಲ, ದೊಡ್ಡದಾದರೂ ಸಹ.",angry,kn
"ನೀವು ಏನು ತಮಾಷೆ ಹೇಳುತ್ತೀರಿ, ನೀವು ಏನು ಹೇಳುತ್ತೀರಿ ...",angry,kn
ಮಹಾರಾಷ್ಟ್ರದ ದ್ರೋಹಿಯನ್ನು ಬಿಜೆಪಿ ಬಿಡುವುದಿಲ್ಲ,angry,kn
"ನಾವು ಈಗ ಪಂಚಾಯತ್ ಸಮಿತಿಯತ್ತ ಗಮನ ಹರಿಸಬೇಕು, ಇಲ್ಲದಿದ್ದರೆ ಈ ಉದ್ಯೋಗವೂ ಕೊನೆಗೊಳ್ಳುತ್ತದೆ.",fear,kn
ಆದ್ದರಿಂದ ನೀವು ಮಹಾರಾಷ್ಟ್ರವನ್ನು ಒಡೆಯಲು ಪ್ರಯತ್ನಿಸಿದ್ದೀರಾ,angry,kn
ಒಬ್ಬ ಭಾರತೀಯನಾಗಿ ನಾನು ಇಂದು ಕಳೆದುಹೋಗಿದ್ದೇನೆ ...,sad,kn
"ಅದು ಏನು, ಸಿಹಿ ಆಲೂಗಡ್ಡೆ, ಅವರು ಸರಿ",neutral,kn
"ಆದರ್ಶ್ ಎಲ್ಲಾ ಮೋಸದ ರಾಜಕೀಯದ ಮಾಸ್ಟರ್, ಶಿವಸೇನೆಯನ್ನು ಕೊನೆಗೊಳಿಸಲು ನೀವು ಮೂಲ ಕಾರಣ",angry,kn
ದೇಶವನ್ನು ಏಕೆ ಮಾರಬೇಕು?,angry,kn
ಯಾರಾದರೂ ಯಾರನ್ನಾದರೂ ಅವಮಾನಿಸಬೇಕೆ ಎಂದು ನಗರಸಭೆ ನಿರ್ಧರಿಸುವುದಿಲ್ಲ.,angry,kn
ಒಮ್ಮೆ ಪಟೋಲಕ್ಕೆ ಹೋಗಿ ವಿಧಾನಪರಿಷತ್ತನ್ನು ಅವಿರೋಧವಾಗಿ ಮಾಡಲು ಒಬ್ಬರ ಕಾಲಿಗೆ ಬಿದ್ದರು,angry,kn
"ತುಟಿಯಾ, ನೀವು ಕಡಿಮೆ ನರಿ.",angry,kn
"ಲೋಕಸಭೆ ಚುನಾವಣೆವರೆಗೂ ಕೆಲವೊಮ್ಮೆ ಕೊಲೆಯ ಸಂಚು, ಕೆಲವೊಮ್ಮೆ ದಾಳಿಯ ಸಂಚು ನಡೆಯುತ್ತದೆ.",fear,kn
ನೀವು ಕರ್ತವ್ಯನಿಷ್ಠ ಗಂಡನನ್ನು ತ್ಯಜಿಸಿದ್ದೀರಾ!?! ಅದನ್ನು ಉಳಿಸಲು ಪಕ್ಷ ಬದಲಾಯಿಸಲೇ ಬೇಕು!?!?,angry,kn
ಅಂತಹ ಆದೇಶಗಳು ಬಾಳಾ ಸಾಹೇಬರಿಂದ ಬಂದವು. ಮತ್ತು ಈಗ ಅದನ್ನು ಸ್ಪಷ್ಟವಾಗಿ ಹೇಳುವ ಧೈರ್ಯವಿಲ್ಲ. ನಾಚಿಕೆ ಅವಮಾನ!,angry,kn
ಉತ್ತರಿಸಲು ಆದರೆ ನಮ್ಮ ನಾಯಕನ ಸ್ಥಿತಿ ತೋರಿಸಲು.,angry,kn
ಗೆಲುವು ನಿಮ್ಮದೇ ಆದರೆ ಎಲ್ಲರೂ ಜಾಗೃತರಾಗಬೇಕು.,happy,kn
ಪಾಟಿದಾರ್‌ಗಳು ಗುಜರಾತ್‌ನಲ್ಲಿ ಅವರ ವಿರುದ್ಧ ಪ್ರತಿಭಟನೆ ನಡೆಸಿದ್ದರು.,neutral,kn
ಬಿಹಾರದ ಅವನತಿಯನ್ನು ನಾವು ಅನುಭವಿಸುತ್ತಿದ್ದೇವೆ.,sad,kn
ಓಂ ಶಾಂತಿ.. ತುಂಬಾ ಶಾಂತ ಮತ್ತು ತೆರೆಯ ಮೇಲೆ ನೋಡಬಹುದಾದ ನಟ.. ನಿಮ್ಮ ಆತ್ಮಕ್ಕೆ ಶಾಂತಿ ಸಿಗಲಿ ಸರ್,sad,kn
ಮತ್ತು ನೀವು ಯಾರನ್ನು ಕಂಡುಹಿಡಿಯಲು ಹೋಗಿದ್ದೀರಿ?,angry,kn
ಕೃಷಿ ಸಚಿವರನ್ನು ಬಿಟ್ಟರೆ ಉಳಿದವರೆಲ್ಲ ಭಾರೀ ಮಳೆ ನೋಡುತ್ತಿದ್ದಾರೆ...ಸತ್ತಾರ್ ಭಾಯ್,neutral,kn
ರಾಯಗಢದಲ್ಲಿ ಪಿಂಡ ದನ ನಡೆಸಿದಾಗ ಡ್ಯಾಂಗ್ ಎಲ್ಲಿ ಬಿದ್ದಿತು?,angry,kn
"ಒಬ್ಬರಿಗೆ ಏಳನೇ ಸಂಬಳ, ಮತ್ತೊಬ್ಬರು ತಿಂಗಳಿಗೆ ಒಂದು ರೂಪಾಯಿ ಪಡೆಯುತ್ತಾರೆ, ಇದು ಯಾವ ನ್ಯಾಯ??",angry,kn
ಆದರೆ ಇಂತಹ ತಂತ್ರಗಳನ್ನು ಆಡುತ್ತಾ ನಾಮಿನೇಷನ್ ಏಕೆ ಬಯಸುತ್ತೀರಿ..,angry,kn
ಪಾಲ್ಕುಟರ ಗುರಾಣಿ ಮತ್ತು ಕತ್ತಿ. ಇದು ಶಕ್ತಿಶಾಲಿ ಮಾವಲಿಗರಿಗೆ ಮಾಡಿದ ಘೋರ ಅವಮಾನವೇ?,angry,kn
ಬಿಜೆಪಿಗೆ ಮತ ಹಾಕಿದರೆ ಭ್ರಷ್ಟಾಚಾರಕ್ಕೆ ಮತ.,angry,kn
ಇಂತಹ ನಾಯಕರು ಮತ ಪಡೆಯಲು ದೇಶವನ್ನು ಮಾರಲು ಹೊರಟಿದ್ದಾರೆ.,angry,kn
ಪುಣೆಯಿಂದ ಮುಂಬೈಗೆ ಹೋಗುತ್ತಿದ್ದ ಕಂಟೈನರ್ ಖಂಡಾಲಾ ಬೋರ್ಘಾಟ್ ನಲ್ಲಿ ಬ್ರೇಕ್ ಫೇಲ್ ಆಗಿದೆ.,neutral,kn
ಮತ್ತು ಬಿಜೆಪಿಗೆ ಮತ ಹಾಕುವುದು ಸುಳ್ಳುಗಾರರ ಗುಂಪಿಗೆ ಮತ.. ಒಳ್ಳೆ ದಿನಗಳು ಬಂದಿವೆಯೇ....?,angry,kn
"ಇದನ್ನು ಸಾಮಾನ್ಯ ಜ್ಞಾನ, ಕಡಿಮೆ ಪ್ರಯೋಗ, ಹೆಚ್ಚು ಮೆಣಸಿನಕಾಯಿ ಎಂದು ಕರೆಯಲಾಗುತ್ತದೆ.",angry,kn
ಅಂದರೆ ರೂಪಾಯಿ ಕುಸಿಯದಿದ್ದರೆ ಡಾಲರ್ ಬಲಗೊಂಡಿದೆ. ಹಾಗೆ ಏನೋ.,neutral,kn
ಬೇರಿನಲ್ಲಿ ಹುಟ್ಟುವುದೇಕೆ... ಇರಲಿ,angry,kn
"ಪಿತೂರಿಯ ಉಪಗಳು ಮತ್ತು ಒಪ್ಪಂದದ ನೆರಳುಗಳು ಎಲ್ಲವನ್ನೂ ಒಟ್ಟಿಗೆ ತೆಗೆದುಕೊಳ್ಳುತ್ತಿವೆ, ಇದು ಬಾಸೆಲೆಟ್ ಸಾಂಗ್ಕೆಂ!",angry,kn
ಭಯಾನಕ! ಕರೋನಾದ ಹೊಸ ರೂಪಾಂತರಗಳು ವಿಶ್ವಾದ್ಯಂತ ಭೀತಿಯನ್ನು ಉಂಟುಮಾಡುತ್ತವೆ; ವಿಜ್ಞಾನಿಗಳು 'ಇದು' ದೊಡ್ಡ ಭಯವನ್ನು ವ್ಯಕ್ತಪಡಿಸಿದ್ದಾರೆ!,fear,kn
ಮತ್ತು ಈ ಭಿಕ್ಷುಕರು ಮಹಿಳೆಗಾಗಿ ಉಪಚುನಾವಣೆ ಹಿಂಪಡೆಯುತ್ತಿದ್ದಾರೆ..ಅಯೋಧ್ಯಾಜಿ.,angry,kn
ಉದ್ಯೋಗದ ಪೊಳ್ಳು ಭರವಸೆಗಳು... ಸರಕಾರ ಕೇವಲ ಘೋಷಣೆಗಳ ಮಾರುಕಟ್ಟೆ... ಲಕ್ಷಾಂತರ ಮಕ್ಕಳ ಭವಿಷ್ಯದೊಂದಿಗೆ ಆಟವಾಡುತ್ತಿದೆ...,angry,kn
ಇಂತಹವರು ಆಯ್ಕೆಯಾಗಿರುವುದು ದುರಂತ...,sad,kn
'ನಮಗೆ ಸಂಸತ್ತು ಸಿಗಲಿಲ್ಲವೆಂದಲ್ಲ ಆದರೆ ನಾವು ಅದಕ್ಕೆ ಅರ್ಹರಲ್ಲ' ಎಂಬುದು ಹೆಚ್ಚು ಪ್ರಸ್ತುತವಾಗಿದೆ.,angry,kn
ಈ ಮೂರ್ಖನನ್ನು ಯಾರೂ ಟ್ರೋಲ್ ಮಾಡಬೇಡಿ...,angry,kn
ಜೂನ್ ವರೆಗೆ ನಡೆದ ದೌರ್ಜನ್ಯದ ವಿರುದ್ಧ ಈಗ ಯಾಕೆ ಪಾದಯಾತ್ರೆ ಮಾಡುತ್ತಿದ್ದೀರಿ?,angry,kn
ತೆಗೆದ ಉತ್ತರಗಳು ಕ್ಯಾಮೆರಾದಲ್ಲಿವೆ ಎಂಬುದು ಅಮಾಯಕರಿಗೆ ತಿಳಿದಿಲ್ಲವೇ?,angry,kn
ಆದರೆ ನಿಮ್ಮ ತಾಯಿಯ ಕೋಪ,angry,kn
ಈ ಎರಡು ಚೀವ್ಸ್ ಬಗ್ಗೆ ಮಹಾರಾಷ್ಟ್ರದಲ್ಲಿ ಸಾಕಷ್ಟು ಗೊಂದಲಗಳಿವೆ.,angry,kn
"'ಬಿಎಂಸಿ ಕಮಿಷನರ್ ಚಹಾಲ್ ಶಿಂಧೆ-ಫಡ್ನವಿಸ್ ಸರ್ಕಾರಕ್ಕೆ ಹೆದರುತ್ತಿದ್ದಾರೆ, ಆದ್ದರಿಂದ...', ಲಟ್ಕೆ ಅವರ ಅಭ್ಯರ್ಥಿತನದ ಬಗ್ಗೆ ಕಿಶೋರಿ ಪೆಡ್ನೇಕರ್ ಅವರ ಗಂಭೀರ ಆರೋಪ.",angry,kn
ಏನೂ ಇಲ್ಲದಿದ್ದರೆ ಬರೆಯಿರಿ ... ನಾವು ಅದನ್ನು ಇಲ್ಲಿಯೇ ಮಾಡುತ್ತೇವೆ,neutral,kn
ನೀವು ದ್ರಾಕ್ಷಿಯನ್ನು ಪಡೆಯುತ್ತಿದ್ದರೆ ನೀವು ಬಬೂನ್ಗಳನ್ನು ಪಡೆಯುವುದಿಲ್ಲ,neutral,kn
ಜನರು ಮೂರ್ಖರೇ? ಸರ್ಕಾರದ ಅವಧಿ ಮುಗಿಯುತ್ತಿರುವುದರಿಂದ ತಾನ್ಯಾ ರಾಜೀನಾಮೆ ನೀಡಲಿದ್ದಾರೆ.,angry,kn
ಬಾರಾಮತಿಯ ಮಹಾಮಾದ್ಯ ಏನಾದರೂ ಹೇಳಿದ್ದಾನಾ?,angry,kn
ಪವಾರ್ ಸಾಹೇಬರು ಕೇಂದ್ರದಿಂದ ಓಡಿ ಹೋಗಿದ್ದು ಯಾಕೆ? ಮೊದಲು ಅದರ ಬಗ್ಗೆ ಮಾತನಾಡೋಣ,angry,kn
ಅಜ್ಜಿ ಗಿರಣಿ ಪೆಟ್ಟಿಗೆ ತರಬೇಕು. ಈ ವಿಷಯವು ನಿಮಗೆ ತೊಂದರೆಯಾಗುವುದಿಲ್ಲ,angry,kn
ಮಳೆ ಮತ್ತೆ ಬಂದಿದೆ! ಕೃಷಿ ನಷ್ಟ; ಈ ಜಿಲ್ಲೆಗಳಿಗೆ ಎಚ್ಚರಿಕೆ ನೀಡಲಾಗಿದೆ,neutral,kn
ಇಂತಹ ಕಾರ್ಟೂನ್ ಸಿಕ್ಕಿದ್ದು ನಮ್ಮ ದೌರ್ಭಾಗ್ಯ,sad,kn
"ಹೇ ಬಾಸ್ಟರ್ಡ್, ವಯಸ್ಸಾಗಿದ್ದರೂ, ಅವನಿಗೆ ಇನ್ನೂ ಕೋಪ ಕಡಿಮೆಯಾಗಿದೆ.",angry,kn
"ಮರಾಠಿ ಮರಾಠಿಯಾಗಿ, ಠಾಕ್ರೆ ಮರಾಠಿ ಜನರ ಮುಖವನ್ನು ಅಳಿಸಿಹಾಕಿದರು",angry,kn
ಇಲ್ಲಿರುವ ಹಲವು ನಕಲಿ ಹಿಡಿಕೆಗಳು 25-30ಕ್ಕೆ ಸತ್ತು ಹೋಗಿವೆ.. ಮುಂದೆಯೂ ಹಲವರು ಸಾಯುತ್ತಾರೆ..!!,angry,kn
ರಾಣೆ ಮತ್ತು ಲೈಕಿ... ಈ ಸಂಬಂಧ ಎಂದಿಗೂ ಮುರಿಯಲಿಲ್ಲ.,angry,kn
"...ಅವನು ನಾಶವಾಗಲಿಲ್ಲ, ಅವನು ಮೊದಲಿನಿಂದಲೂ ಅವನತಿ ಹೊಂದಿದ್ದಾನೆ..",angry,kn
ನಿಮ್ಮ ಮೂರ್ಖ ಹಿಂದುತ್ವ ಈಗ ಎಲ್ಲಿಗೆ ಹೋಗಿದೆ? ?,angry,kn
ಬಿಜೆಪಿಗೆ ಮತ ನೀಡಿ ಮಹಿಳೆಯರ ಮೇಲಿನ ದೌರ್ಜನ್ಯಕ್ಕೆ ಮತ ಹಾಕಿದಂತೆ.,angry,kn
"ಠಾಕ್ರೆ ಗುಂಪಿಗೆ ಮತ್ತೊಂದು ಮುಖಭಂಗ, ರಿತುಜಾ ಲಟ್ಕೆ ಅಭ್ಯರ್ಥಿತನಕ್ಕೆ ಅಪಾಯ?",neutral,kn
"ರಾಜೀನಾಮೆ, ಗಲ್ಲು ಎಂದರೆ ಸರಿ...",angry,kn
ಆದಿತ್ಯ ಸಾಹೇಬರು ಯುವಸೇನೆಯನ್ನು ಬೆಳೆಸಿದರು...ನಿಮ್ಮ ಹಕ್ಕು ಏನು?,angry,kn
ಇನ್ನಷ್ಟು ಪೆಟ್ಟಿಗೆಗಳು ಸಿಗುತ್ತವೆಯೇ ಎಂದು ದೇಶದ್ರೋಹಿಗಳು ಬಂದರು,angry,kn
ಪಾಶ್ಚಿಮಾತ್ಯ ರೈಲ್ವೇ ಪ್ರಪಂಚದಲ್ಲಿ ಚೂಟಾದ ವಿಧಗಳು.,angry,kn
ಬುದ್ದಿಹೀನ ಕೆಲಸಗಾರನಾಗಿದ್ದರಿಂದ ಬಾರಾಮತಿಯ ಚಿಕ್ಕಪ್ಪ ಭವಿಷ್ಯದ ಪ್ರಧಾನಿಯಾದರು.,angry,kn
ಅಸಹಾಯಕತೆ ನಿನಗೂ ಒಂದು ರೂಪಕ,angry,kn
ನೀವು ಆಗಾಗ ನೋಡುವ ತಪ್ಪುಗಳನ್ನು ಕುಡಿದು ಸುದ್ದಿ ಮಾಡುತ್ತೀರಾ?,angry,kn
ಈ ಜನರು ನಿಜವಾಗಿಯೂ ಹುಚ್ಚರು,angry,kn
ರಾವ್ ನಿನ್ನನ್ನು ಬಲವಾಗಿ ಹೊಡೆದನು,angry,kn
"ಮಹಾರಾಷ್ಟ್ರದ ಪ್ರಮುಖ ಯೋಜನೆಗೆ ವಿರಾಮದ ಅಗತ್ಯವಿದೆ ಆದರೆ ದುಬಾರಿ, ಅನಗತ್ಯ ಬುಲೆಟ್ ರೈಲು",angry,kn
"ಅದು ಸರಿ... ಭ್ರಷ್ಟಾಚಾರವಿಲ್ಲ, ದಲ್ಲಾಳಿ ಇಲ್ಲ",angry,kn
PAN ಮೂಲಕ ಹೆಸರುಗಳನ್ನು ಕದ್ದಿದ್ದಾರೆ,angry,kn
ನೀನು ಮೂರ್ಖನಾ?,angry,kn
ಅವರು ಸಗಣಿ ತಿಂದ ಕಾರಣ ನೀವು ಒಂದು ಹೆಜ್ಜೆ ಮುಂದಿಡುತ್ತೀರಾ?,angry,kn
ನೀವು ಅಲ್ಲಿದ್ದಾಗ ಯಾವ ಪಾರ್ಟಿಯಲ್ಲಿ ಇದ್ದೀರಿ ಹೇಳಿ?,angry,kn
ಈ ಮಹಿಳೆ ಶಿವಸೇನೆಯ ಉದ್ಧವ್ ಬಾಳಾಸಾಹೇಬ್ ಠಾಕ್ರೆಯವರ ಹಿಂದುತ್ವದ ಬಗ್ಗೆ ಮಾತನಾಡುತ್ತಾರೆ ಮತ್ತು ಅವರನ್ನು ಓಲೈಸುತ್ತಾರೆ.,angry,kn
ಅಭಿವ್ಯಕ್ತಿ ಎಂದರೆ ಬಂಗಲೆಗೆ ಕರೆ ಮಾಡಿ ಮತ್ತು ಪೊಲೀಸರ ಮುಂದೆ ಸರಿಯಾದ ಸಂಖ್ಯೆಯನ್ನು ನಾಕ್ ಮಾಡುವುದು,angry,kn
ಆದರೆ ಇದು ತಪ್ಪು ಎಂದು ನಾವು ಕೇಳುತ್ತೇವೆ ...,neutral,kn
"ರಾಜಕೀಯವನ್ನು ಧರ್ಮವನ್ನಾಗಿ ಮಾಡುವ ಇಂತಹ ನಿಷ್ಪ್ರಯೋಜಕ ನಾಯಕರು ಈ ದೇಶದಲ್ಲಿದ್ದಾರೆ, ಅದಕ್ಕಾಗಿಯೇ ದೇಶ ಸಂಕಷ್ಟಕ್ಕೆ ಸಿಲುಕುತ್ತಿದೆ.",angry,kn
ಏನಾಯಿತು...ಯಾರ ಕರ್ಮ ಭಂಗವಾಯಿತು?,happy,kn
ಕೃಷಿ ಉತ್ಪನ್ನ ಮಾರುಕಟ್ಟೆ ಸಮಿತಿ ಇದರ ಹೊಣೆ ಹೊತ್ತಿದೆ. ರೈತರಿಗೆ ಹೊಡೆತ ಬೀಳುತ್ತಿದೆ.,sad,kn
ಕಜ್ಜಿ ಎಂಬ ಪದವು ಕಡಿಮೆ ಧ್ವನಿಸುತ್ತದೆಯೇ???? ಹಾಗಾದರೆ ನೀವು ಏನನ್ನು ತಂಪಾಗಿ ಕರೆಯುತ್ತೀರಿ ????,angry,kn
ಮೇಣದ ಬತ್ತಿ ಉರಿಯಿತೇ? ರಾಣೆಯ ಭಕ್ತ,angry,kn
"ಹಂತಕರು ಯಾರೆಂಬುದು ಮರೆತಂತಿದೆ, ಮಾಧ್ಯಮಗಳ ಮೂಲಕ ದೇಶಕ್ಕೆ ಗೊತ್ತಾಗಿದೆ.",angry,kn
ಹುಡುಗ ತನ್ನ ಹೆಸರನ್ನು ಹೇಳುತ್ತಾನೆ ಮತ್ತು ಶಿಷ್ಯನು ಪಕ್ಷದ ಮುಖ್ಯಸ್ಥನ ಹೆಸರನ್ನು ಹೇಳುತ್ತಾನೆ ... ಅದನ್ನು ಏನು ಕರೆಯಬೇಕು !!,angry,kn
ಮಹಾರಾಷ್ಟ್ರದ ಹಿತೈಷಿಗಳಾದರೂ ಜೊಲ್ಲು ಸುರಿಸುವುದನ್ನು ನಿಲ್ಲಿಸಿ.,angry,kn
ಇದು ಏನು ನರಕ .... ಯಾರಾದರೂ ನನಗೆ ಹೇಳಬಹುದೇ?,neutral,kn
ನಿಮ್ಮಲ್ಲಿ ಸಾಮಾನ್ಯ ಜ್ಞಾನದ ಗುಣಮಟ್ಟ ಇಲ್ಲದಿರುವುದೇ ಇದಕ್ಕೆ ಕಾರಣ. ಒಂದು ಟ್ವೀಟ್ ಅನ್ನು ರೂ.,angry,kn
"ಕೇಸರ್ಕರ್, ಬಿಜೆಪಿಯ ಮುರ್ಜಿ ಪಟೇಲ್ ಎಷ್ಟು ಪೆಟ್ಟಿಗೆಗಳೊಂದಿಗೆ ಈ ಸ್ಥಾನವನ್ನು ತೊರೆದರು...?",angry,kn
ಮೊದಲ ಭಾಷಾ ಸುಧಾರಣೆಯ ಚಿತ್ರ ಯಾವುದು?,angry,kn
ಸಾವಂತ್ ಅವರ ತಾನ್ಯಾ ಅವರು ಮರಾಠಾ ಸಮುದಾಯದ ಬಗ್ಗೆ ಎಷ್ಟು ಮಾನಸಿಕ ಬಾಂಧವ್ಯವನ್ನು ಹೊಂದಿದ್ದಾರೆಂದು ತೋರಿಸಿದರು.,neutral,kn
"ನಾರಾಯಣ ರಾಣೆ, ಕೃಪಾಶಂಕರ್ ಸಿಂಗ್, ಪ್ರತಾಪ್ ಸರ್ನಾಯಕ್, ಯಶವಂತ್ ಜಾಧವ್ ಅವರ ಕಡತಗಳು ಕಳೆದುಹೋಗಿವೆಯೇ?",angry,kn
"ಸಾಮಾನ್ಯ ಜ್ಞಾನವನ್ನು ಅಡಮಾನವಿಟ್ಟಾಗ, ಅಂತಹ ವಿವೇಕವು ಸೂಚಿಸುತ್ತದೆ...",angry,kn
ಮಹಾರಾಷ್ಟ್ರದ ಕಾಯುವಿಕೆಗೆ ಕಾರಣವೆಂದರೆ ಅವನು ದುಷ್ಟ ಮಗುವಿನಂತೆ ವಕ್ರ ವ್ಯಕ್ತಿ.,angry,kn
ಬಾಲ್ಯದಲ್ಲಿ ಇದನ್ನೆಲ್ಲಾ ಮಾಡಿ ಈಗ ದೇಶವನ್ನು ಅಂಧ ಭಕ್ತರೇ ನಡೆಸುತ್ತಿದ್ದಾರೆ.,angry,kn
ನೀವು ಏನು ತಪ್ಪು ಹೇಳಿದ್ದೀರಿ? ಎರಡೂವರೆ ವರ್ಷ ಏನು ನಿದ್ದೆ ಮಾಡ್ತಿದ್ದೆ?,angry,kn
"ಭಕ್ತರೇ, ಐದಕ್ಕೆ ಎಣಿಸಬಹುದಲ್ಲವೇ?",angry,kn
ಮಹಾರಾಷ್ಟ್ರ ಇಂದು ಒಬ್ಬ ಮಹಾನ್ ಮರಾಠಿ ರಂಗಭೂಮಿ ಕಲಾವಿದ ಮತ್ತು ಚಲನಚಿತ್ರ ನಟನನ್ನು ಕಳೆದುಕೊಂಡಿದೆ,sad,kn
"ಚಿರತೆ ಭಾರವಾದ ಹೆಜ್ಜೆಗಳೊಂದಿಗೆ ಬಂದು ಏಕಾಏಕಿ ಮನೆಯಿಂದ ಹೊರಬಂದಿತು ..., ನಾನು ಚಿಂತೆಯಿಂದ ನಡುಗಿದೆ ...",fear,kn
ಹಾಗಾಗಿ ವಿಗ್ರಹಾರಾಧನೆ ಮೂರ್ಖತನ ಎಂದು ನೀವು ಒಪ್ಪುತ್ತೀರಿ,angry,kn
"ಓಹ್, ನಿಮ್ಮ ಬಳಿ ಇರುವ ನಿಷ್ಪ್ರಯೋಜಕ ಸೈನ್ಯದ ಬಗ್ಗೆ ಮಾತನಾಡಿ. ನಿಜವಾದ ಶಿವಸೇನೆ ಎಂದರೆ ಉದ್ಧವ್ ಬಾಳಾಸಾಹೇಬ್ ಠಾಕ್ರೆ.",angry,kn
ದೇಶದಲ್ಲಿ ಹೆಚ್ಚುತ್ತಿರುವ ವಿದ್ಯಾವಂತ ನಿರುದ್ಯೋಗಿಗಳ ಬಗ್ಗೆ ಮೋದಿ ಸರ್ಕಾರಕ್ಕೆ ಕಾಳಜಿ ಇಲ್ಲ!,angry,kn
ಇದು ದಿನಾಂಕದಿಂದ ದಿನಾಂಕ ನಡೆಯುತ್ತಿತ್ತು,neutral,kn
ಇದನ್ನು ಕಳುಹಿಸಿದ ವ್ಯಕ್ತಿಗೆ ಮೆದುಳಿಲ್ಲ,angry,kn
ಅವರಿಗೆ ವಕೀಲರು ಸಿಗುವುದು ಭಾರತದ ದೌರ್ಭಾಗ್ಯ.,sad,kn
ಈ ಗೂಂಡಾ ಯಾವ ಪಕ್ಷಕ್ಕೆ ಸೇರಿದವನು ಎಂದು ಹೇಳಬೇಕಾಗಿಲ್ಲ.,angry,kn
"ಮುರ್ಜಿ ಪತನ ಖಚಿತ, ಬಿಜೆಪಿ ಭಯದಿಂದ ಹಿಂದೆ ಸರಿಯಿತು.",fear,kn
ಹಾಸ್ಯ ಚಟಾಕಿ ಹಾರಿಸುವ ಸಂಸದರು...ಜನ ಮುಖ ನೋಡಿ ನಗುತ್ತಾರೆ,angry,kn
ಉಸಿರಾಡುತ್ತಾನೆ ... ಅವನು ನಿನ್ನಲ್ಲಿಲ್ಲ ...,angry,kn
ಅವರನ್ನ ಸ್ವಂತ ಗ್ರಾಮದಿಂದ ಹೊರಹಾಕೋದು ಯಾಕೆ...ಮುಂದಿನ ಬಾರಿ ಶಾಸಕರೂ ಹೋಗ್ತಾರೆ...,angry,kn
ಅವರು ಭಾರತದಲ್ಲಿ ಬದುಕುತ್ತಾರೆ ಮತ್ತು ಕಷ್ಟಪಟ್ಟು ಕೆಲಸ ಮಾಡುತ್ತಾರೆ.. ಅವರನ್ನು ಸಮಯಕ್ಕೆ ಪುಡಿಮಾಡಬೇಕು.. ಇದು ಇಲ್ಲದೆ ಅವರು ಸುಧಾರಿಸುವುದಿಲ್ಲ.,angry,kn
ಪ್ರತಿಕ್ರಿಯೆ ನೀಡದವರ ಸಂಖ್ಯೆ ದಿನದಿಂದ ದಿನಕ್ಕೆ ಹೆಚ್ಚುತ್ತಿದೆ,neutral,kn
ನಾಮನಿರ್ದೇಶನ ನಮೂನೆಗಳನ್ನು ಸಲ್ಲಿಸದಿರುವ ಸಂಸ್ಕೃತಿ ಮತ್ತು ನಾಮಪತ್ರ ಹಿಂಪಡೆಯುವಲ್ಲಿ ವಿಳಂಬ.,angry,kn
ನಿಮ್ಮಂತಹ ಪ್ಯೂನ್‌ನಿಂದ ಈ ರೀತಿಯ ಸಲಹೆಯನ್ನು ತೆಗೆದುಕೊಳ್ಳಬಾರದು.,angry,kn
ಎಲ್ಲಾದರೂ ಉಚಿತ ಸಲಹೆ ನೀಡಬೇಕೆ?,angry,kn
"ನೀವು ಮಾತನಾಡುವವರಾ, ಕ್ಯಾಥಿ?",angry,kn
"ಮತ್ತು ನೀವು ಮೂವರು, ಅಮರ್ ಅಕ್ಬರ್ ಅಂತೋನಿ, ಜಿಲ್ಲಾಯಾದಲ್ಲಿ ಬೇರೆ ಯಾರು ಇದ್ದಾರೆ?",neutral,kn
ಆಹಾರದ ಹೆಸರು ಹೇಳದೆ ಸಿಹಿ ರುಚಿ ಏಕೆ ಬರುವುದಿಲ್ಲ?,angry,kn
ನಮ್ಮ ಮುಖ್ಯಮಂತ್ರಿಯ ಭಾವಚಿತ್ರ ಏಕೆ ಇಲ್ಲ?,angry,kn
"ಚೀನಾ ಇದುವರೆಗೆ ಎಷ್ಟು ""ಒಳನುಸುಳುವಿಕೆ"" ಮಾಡಿದೆ ಸರ್?",angry,kn
ಮೊದಲು ಇದನ್ನು ನಾರಾಯಣ ರಾಣೆ ಮತ್ತು ಅವನ ಕಪ್ಪೆಗಳಿಗೆ ತಿಳಿಸಿ,angry,kn
ಶಿವಸೈನಿಕರನ್ನು ನಾಯಿ ಎಂದು ಕರೆದದ್ದು ಶರದ್ ಪವಾರ್,angry,kn
"ಇದೆಲ್ಲ ನಿಜ, ಆದರೆ ದೇಶದ್ರೋಹಿ ಕೊಲೆಗಾರನ ಕಲೆಯನ್ನು ಹೇಗೆ ತೆಗೆದುಹಾಕುತ್ತಾನೆ?",angry,kn
"ಹೌದು, ನೀವು ಜನರಿಗೆ ಆರಾಮವಾಗಿ ಬದುಕಲು ಅನುವು ಮಾಡಿಕೊಟ್ಟಂತೆ, ಹಣದುಬ್ಬರವು ಗೋಚರಿಸುವುದಿಲ್ಲ ಎಂದು ತೋರುತ್ತದೆ.",angry,kn
ಅವರಲ್ಲಿ ಹೆಚ್ಚಿನವರು ಹುಲಿಗಳ ಬಗ್ಗೆ ಮಾತನಾಡಿದ್ದಾರೆ ಆದರೆ ಅದು ಸುಳ್ಳು ಎಂದು ತೋರುತ್ತದೆ,angry,kn
"ಈ ಟ್ವೀಟ್ ಅನ್ನು ಈಗಲೇ ಅಳಿಸಿ, ಇದು ನಿಮ್ಮದಾಗಿದೆ",angry,kn
ಮನೆಯಲ್ಲಿ ಮನೆಯವರೊಂದಿಗೆ ಇಂತಹ ಕೊಳಕು ಭಾಷೆ ಮಾತನಾಡುತ್ತಾನೆ,angry,kn
ಅವರು ತಮ್ಮ ರಾಮಾಯಣವನ್ನು ಒಮ್ಮೆ ಓದಬೇಕು ಸಾರ್.... ಅವರು ತಪ್ಪಾದ ರಾಮಾಯಣವನ್ನು ಓದುತ್ತಿದ್ದಾರೆ!,angry,kn
ಎಷ್ಟು ಭ್ರಷ್ಟಾಚಾರ ನಡೆಯುತ್ತದೆ,angry,kn
"ಪಕ್ಷ, ಅವರ ಚುನಾವಣೆ, ಮೆಣಸಿನಕಾಯಿ ಏಕೆ ಬೇಕು?",angry,kn
ಇದು ನ್ಯಾಯಾಲಯಕ್ಕೆ ತಿಳಿಯಬೇಕಲ್ಲವೇ? ಜ್ಞಾನವನ್ನು ಹಂಚಿಕೊಳ್ಳಬೇಕಲ್ಲವೇ??,angry,kn
ದೇಶದಲ್ಲಿ ನಿರುದ್ಯೋಗ ಇಲ್ಲ ನಿಜ ಆದರೆ ಬಡವರು ಹೆಚ್ಚಿದ್ದಾರೆ.,angry,kn
ಎಂತಹ ಕ್ಷುಲ್ಲಕ ವರ್ತನೆ ಮತ್ತು ಬಿಜೆಪಿಯದ್ದು ಒಂದೇ ತಟ್ಟೆಯನ್ನು ಕೊಳಕು.,angry,kn
ನಿಮ್ಮ ಬಾಸ್ ನಾಲ್ಕು ಅಣಗಳ ವ್ಯಕ್ತಿಯನ್ನು ಕ್ಯಾಬಿನೆಟ್‌ನಲ್ಲಿ ಏಕೆ ಇಟ್ಟುಕೊಂಡರು?,angry,kn
ನೀವು ಯಾವ ದೀಪಗಳನ್ನು ಬೆಳಗಿಸುತ್ತೀರಿ ಎಂದು ಹೇಳಿ?,angry,kn
ಈ ಎಂಜಿನ್‌ಗಳು ಟ್ರ್ಯಾಕ್‌ನಲ್ಲಿ ಬರುತ್ತಿಲ್ಲ ಮತ್ತು ಅವು ಆತ್ಮವಿಶ್ವಾಸವನ್ನು ಕಳೆದುಕೊಳ್ಳುತ್ತಿವೆ.,angry,kn
ರಮೇಶ ವಾಲುಂಜನ ಕಾಲದಲ್ಲಿ ಈ ಮಗು ಹಾಗಿರಲಿಲ್ಲ,angry,kn
ನೀನು ತುಂಬಾ ಮೂರ್ಖ,angry,kn
ಅಂತಹ ವ್ಯಕ್ತಿಯ ನಡವಳಿಕೆಯು ಬೊಗಳುವ ನಾಯಿಗಿಂತ ಕಡಿಮೆ ಮೌಲ್ಯದ್ದಾಗಿದೆ.,angry,kn
ನರೇಂದ್ರ ಮೋದಿಯವರ ನಿದ್ದೆಗೆಡಿಸಿದವರೂ ಅವರೇ.,angry,kn
ಶೀಘ್ರದಲ್ಲೇ ದೊಡ್ಡ ಭೂಕಂಪಕ್ಕೆ ಸಿದ್ಧರಾಗಿರಿ,fear,kn
ವೈಫಲ್ಯದ ನಂತರ ಏನೂ ಉಳಿದಿಲ್ಲ ಎಂದು ಯಾರೂ ಜವಾಬ್ದಾರಿ ತೆಗೆದುಕೊಳ್ಳಲು ಮುಂದೆ ಬರಲಿಲ್ಲ.,sad,kn
ಇಂತಹವರ ಅಭಿಪ್ರಾಯಗಳನ್ನು ಕೇಳುವುದರಿಂದ ಬಿಜೆಪಿಯ ಬಲ ಹೆಚ್ಚುತ್ತದೆ. ಈ ಸಾಮಾನ್ಯ ಜ್ಞಾನ ಯಾವಾಗ ಬರುತ್ತದೆ?,angry,kn
ಸರ್ಕಾರ ದುರ್ಬಲವಾಗಿದೆ ಎಂದು ತೋರುತ್ತದೆ ಮತ್ತು ಕೆಲಸಗಳು ನಡೆಯುತ್ತಲೇ ಇರುತ್ತವೆ.,angry,kn
ಭಟ್ಕಳಕರ್ ಸಾಹೇಬರು ದೇಶದ್ರೋಹಿಗಳ ಜೊತೆ ಮಾತನಾಡಿದಾಗ ಬಿಜೆಪಿ ಸೇರುವುದೇಕೆ? ದೇಶದ್ರೋಹಿಗಳೊಂದಿಗೆ ಏನು ಸಂಬಂಧ?,angry,kn
"ನೀನು ಮಾತೋಶ್ರೀಯ ಕಾವಲುಗಾರನಾ? ಪ್ರಯಾಣಿಸಲು ನಿರಾಕರಿಸಿದವರಿಗೆ, ನೀವು ಹೋಗಿ ಪ್ರಯಾಣಿಸಬೇಕೆಂದು ನಾನು ಬಯಸುತ್ತೇನೆ.",angry,kn
ಠಾಕ್ರೆಯವರ ಟ್ವೀಟ್‌ಗಳಿಂದ ಪ್ರಭಾವಿತರಾದ ಭಕ್ತರನ್ನು ಖಂಡಿತ ಟೀಕಿಸಬೇಕು,angry,kn
ಕ್ಷೇತ್ರಕ್ಕೆ ತರಬೇಡಿ... ಮತಪತ್ರ ತನ್ನಿ! ನಿಮಗೆ ಧೈರ್ಯವಿದೆಯೇ?,angry,kn
"ಧಾನ್ಯದ ಹಿಂಡುಗಳು ಇನ್ನೂ ಅದೇ ರೀತಿಯಲ್ಲಿ ವರ್ತಿಸುತ್ತಿವೆ, ಅದೇ ಕೀಳು ""ಮಿಡತೆಗಳು"" ಇನ್ನೂ ಓಡುತ್ತಿವೆ.",angry,kn
ಈ ಅನ್ನದಾತ ಹುಚ್ಚು ಹಿಡಿದಿದ್ದಾನೆ,angry,kn
ಮಹಾರಾಷ್ಟ್ರ ವಶವಾಗಬೇಕಿತ್ತು,neutral,kn
ಬೇರೆಯವರು ತಿಂದರೆ ನಾವು ತಿನ್ನಬೇಕಾ?,angry,kn
ಸೇವಾಗ್ರಾಮ ಬೇಕು,neutral,kn
ಎಲ್ಲಾ ಪೆಟ್ಟಿಗೆಗಳು ಸರಿಯಾಗಿವೆಯೇ?,neutral,kn
ಗುಜರಾತಿನಂತೆ ಪುಣೆಯ ಅಭಿವೃದ್ಧಿಯೂ ಮುಳುಗಿತು.,angry,kn
ಒಂದೇ ಮನೆಯಲ್ಲಿ ದೇಶಪ್ರೇಮಿ ಮತ್ತು ದೇಶದ್ರೋಹಿ ಇರಬಹುದಾದರೆ,neutral,kn
"ಹೀಯಾಳಿಸುವ ಮೊದಲು ಯಾರೂ ಯೋಚಿಸುವುದಿಲ್ಲ, ನಿರುದ್ಯೋಗಿಗಳ ಸ್ಥಿತಿಯ ಬಗ್ಗೆ ಯಾರೂ ಕೇಳುವುದಿಲ್ಲ.",angry,kn
ಮನುಷ್ಯ ತನ್ನ ಸ್ವಾರ್ಥಕ್ಕಾಗಿ ಪರರ ಮನೆಯ ಬಗ್ಗೆ ಮಾತನಾಡುವ ಪ್ರಾಣಿ.,angry,kn
ಈ ಸಾಮಾನ್ಯ ಜ್ಞಾನವನ್ನು ತೆಗೆದುಕೊಳ್ಳಿ,angry,kn
"ಅದನ್ನು ಶೀಘ್ರದಲ್ಲೇ ತೆಗೆದುಹಾಕಬೇಕು, ಅದು ತುಂಬಾ ಕೊಳಕು.",angry,kn
"ಹ ಹ ಹ ಎಂಎನ್ಎಸ್, ನಿಮ್ಮ ಅವಮಾನದ ಬೆಲೆ ನೋಡಿ.",angry,kn
ಗುರಾಣಿ ಖಡ್ಗಧಾರಿಗಳು ಮುಂಭಾಗದಿಂದ ಹೋರಾಡುತ್ತಾರೆ. ಸೂರತ್ ಮೂಲಕ ಗುವಾಹಟಿ ರಾತ್ರಿ ಕತ್ತಲಲ್ಲಿ ಓಡಬೇಡಿ..!,angry,kn
"ನಾವು ಶಿಂದಾ ಅವರ ದುರಾಸೆಯ ಆದರೆ ಅಧಿಕಾರದ ದಾಹದ ಕಣ್ಣುಗಳನ್ನು ನೋಡಿದರೆ, ಚಿತ್ರ ಸ್ಪಷ್ಟವಾಗುತ್ತದೆ.",angry,kn
ರಾಕೇಶ್ ರಾಮ್ ಬದಲಿಗೆ ಅವಿನಾಶ್ ನಾಡರಾಜನ್ ಅಥವಾ ಬಾಳಾಸಾಹೇಬ್ ಜಾಧವ್ ಪಾತ್ರವನ್ನು ಏಕೆ ನಿರ್ವಹಿಸಿಲ್ಲ ??,angry,kn
ತಾನಾಜಿ ಸಾವಂತ್ ಮರಾಠಾ? ಬಿಜೆಪಿ ಯಾಕೆ ಇದನ್ನು ಬಯಸುತ್ತಿದೆ?,angry,kn
ಬಿಜೆಪಿಯವರೇ ನಮ್ಮ ಪರವಾಗಿ ಈ ಪತ್ರ ಕಳುಹಿಸಿದ್ದರು... ಇದು ಇಡೀ ಮಹಾರಾಷ್ಟ್ರಕ್ಕೆ ಗೊತ್ತು.,angry,kn
ಆ ಸಮಯದಲ್ಲಿ ವಿಶ್ವಗೂರ್ ಮತ್ತು ಫೇಕು ಬಾಬಾರವರ ನೇತೃತ್ವದಲ್ಲಿ ಎಲ್ಲರೂ ಮನೆಯಲ್ಲೇ ಇರುವಂತೆ ಕೇಳಿಕೊಂಡರು.,angry,kn
ನನಗೆ ತುಂಬಾ ತುರಿಕೆ ಆಗುತ್ತಿತ್ತು.,angry,kn
ಮೋದಿಯವರ ದಿನಗಳು... ಈ ದಿನಗಳನ್ನು ಜನರ ಮುಂದೆ ತರಲಾಗಿದೆ.,angry,kn
ನೀವು ಕುಖ್ಯಾತರು... ನೀವು ದೇಶದ್ರೋಹಿಗಳೆಂದು ಇತಿಹಾಸದಲ್ಲಿ ದಾಖಲಾಗುತ್ತೀರಿ.,angry,kn
ರಾಜ್ಯದ ಲಕ್ಷಗಟ್ಟಲೆ ಯುವಕರ ಉದ್ಯೋಗ ಕೊನೆಗಾಣಿಸಿ ಬಡ ದುಡಿಯುವ ಜನರ ಬಾಯಿಯಿಂದ ಕಿತ್ತುಕೊಳ್ಳುವುದೇ...???,angry,kn
"ಭಕ್ತರೇ, ಫಕೀರನು ಒಂದೇ, ಆದರೆ ಬದಲಾಗುತ್ತಿಲ್ಲ.",angry,kn
ರಾವ್ ಧರಿಯ ಬಗ್ಗೆ ಯೋಚಿಸಿ ಮುಗುಳ್ನಕ್ಕರು.,angry,kn
"ಬರಬೇಡ ಅಪ್ಪಾ, ಇಲ್ಲದಿದ್ದರೆ ಬೇರೆ ಪತ್ರಕರ್ತರು ದೊಡ್ಡವರಾಗುತ್ತಾರೆ.",angry,kn
ಆಗಸ್ಟ್‌ನಲ್ಲಿ ಕೊಂಕಣ ಮತ್ತು ಮಧ್ಯ ಮಹಾರಾಷ್ಟ್ರದಲ್ಲಿ ಭಾರೀ ಮಳೆಯಾಗುವ ಎಚ್ಚರಿಕೆ.,neutral,kn
ಮುಖ್ಯಮಂತ್ರಿಗಳು ತಮ್ಮ ಮೊಮ್ಮಗನೊಂದಿಗೆ ಧೂಳೆಬ್ಬಿಸಿದರು.,happy,kn
ಆ ಜ್ಯೋತಿಯೂ ದೇಶದ್ರೋಹಿಗಳ ಮೇಲೆ ದಾಳಿ ಮಾಡುವುದು.,angry,kn
ಯಾವುದೇ ಮಾರ್ಗವಿಲ್ಲ,neutral,kn
ಪ್ರಾಮಾಣಿಕರ ಜೊತೆ ದೇವರು ಇದ್ದಾನೆ............ಆದ್ದರಿಂದ ನಿಮ್ಮ ಮಾತು ಎಷ್ಟು ಸತ್ಯ ಎಂಬುದು ಜನರಿಗೆ ಗೊತ್ತಿದೆ.,happy,kn
ಈ ಟ್ವೀಟ್ ಅಡಿಯಲ್ಲಿ ಬಿಜೆಪಿಯವರು ಏಕೆ ಅಳುತ್ತಿದ್ದಾರೆ?,angry,kn
"ಮಹಾರಾಷ್ಟ್ರದ ಆಟಗಾರರು ದುಃಖದ ಪರ್ವತವನ್ನು ಎದುರಿಸಿದರು, ಕೋಚ್‌ಗಳು ಪಂದ್ಯದ ಮೊದಲು ನಿಧನರಾದರು, ಆದರೆ ಅವರು ಇನ್ನೂ ಹೋರಾಟ ಮತ್ತು...",sad,kn
ನಿಮ್ಮ ಪಾಚಿ ತೆಗೆಯದೆ ಶಿವಸೈನಿಕರು ಉಳಿಯುವುದಿಲ್ಲ...,angry,kn
ಮದುವೆಯಾಗದೆ ಮಾಂಡ್ವಾದಿಂದ ಜನರನ್ನು ಕರೆದೊಯ್ದ ವರ,happy,kn
ಹಾಗಾದರೆ ಮುಂಬೈ ಗುಜರಾತ್ ಗುವಾಹಟಿಗೆ ತೆರಳಿದೆಯೇ?,neutral,kn
ನಿಮ್ಮ ತಾಯಿಯನ್ನು ಅಡಮಾನವಿಟ್ಟಿದ್ದಾರೆ... ಕೆಳಗೆ ಆರ್.ಎಸ್.ಎಸ್,angry,kn
"ಎಷ್ಟೇ ಯೋಗ್ಯತೆ ಇದ್ದರೂ, ಎಷ್ಟು ಮಾತಾಡಿದರೂ ಈ ಬಾರಿ ಕೌನ್ಸಿಲರ್ ಆಗಲೂ ಆಗುವುದಿಲ್ಲ.",angry,kn
*ನೋ ರಾಹಿಲಾ ಮ್ಯಾನ್* (ಶ್ರೀ ಬಾಳಾ ಸಾಹೇಬ್ ಠಾಕ್ರೆ) *ಇಲ್ಲ ರಾಹಿಲಾ ಧನುಷ್ಯ*,sad,kn
ನೀವು ಮೊದಲು ಒಕ್ಕೂಟದ ವಿರೋಧಿಯಾಗಿದ್ದ ನೀಲೇಶ್ ರಾಣೆ ಬೆಂಬಲಿಗರು.,angry,kn
ಆದರೆ ಯಾವ ಹಣದ ಮೇಲೆ ಒಂದು ಪೈಸೆಯೂ ಸಿಗುವುದಿಲ್ಲ,angry,kn
"ಎಲ್ಲವೂ ವಂಚನೆಯಾಗಿದ್ದರೆ ಮುಖ್ಯಮಂತ್ರಿ ಎಲ್ಲಿದ್ದಾರೆ, ತಲೆ ಕೆಡಿಸಿಕೊಳ್ಳುವ ಅಗತ್ಯವೇನಿದೆ.",angry,kn
"ನೀವು ತುಂಬಾ ಬುದ್ದಿವಂತರಾಗಬೇಕಾಗಿಲ್ಲ, ಬಿದಿರು ಬೀಳುತ್ತದೆ, ಆಗ ನಿಮಗೆ ಅರ್ಥವಾಗುತ್ತದೆ",angry,kn
"ಈ ಕಡಿಮೆ ಒತ್ತಡದ ಪಟ್ಟಿಯ ವ್ಯಾಪ್ತಿಯು ತುಂಬಾ ದೊಡ್ಡದಾಗಿದೆ, ಪ್ಯಾರಿಸ್‌ನಲ್ಲಿಯೂ ಸಹ ಮಳೆಯಾಗುತ್ತದೆ.!!",happy,kn
ಈ ಮೋಜು ದುಬಾರಿಯಾಯಿತು..,angry,kn
"ಸ್ವಾರ್ಥಕ್ಕಾಗಿ ಜೈ ಭೀಮ್, ಇಂದು ಸಮಾಜದಲ್ಲಿ ಕಾರ್ಮಿಕ ವರ್ಗದ ಕಲಾವಿದ ವರ್ಗ ಜೈ ಭೀಮ್ ಜಾತಿ ಎಂದು ಮಾತನಾಡಲು ನಾಚಿಕೆ ಪಡುವಂತಾಗಿದೆ.",angry,kn
ಕೆಟ್ಟ ರಸ್ತೆಗಳಿಂದಾಗಿ ಗಂಭೀರ ಅಪಘಾತಗಳಿಗೆ ಜವಾಬ್ದಾರರು; ಸಚಿವ ನಿತಿನ್ ಗಡ್ಕರಿ ಬಗ್ಗೆ ಮಾಹಿತಿ,neutral,kn
ನಿನ್ನೆಯವರೆಗೆ ನೀವು ಅವನನ್ನು ದೇವರೆಂದು ಪರಿಗಣಿಸಿದ್ದೀರಿ. ಇದು ನಿಮ್ಮ ಭಿಕ್ಷುಕ ವರ್ತನೆ,angry,kn
ಈ ಛಾಯಾಳ ತಂದೆ ದೇವಸ್ಥಾನದ ಮುಂದೆ ಹೂವಿನ ಹಾರಗಳನ್ನು ಮಾರುತ್ತಿದ್ದರು. ಇದನ್ನು ಮರೆತಿದ್ದಾರೆ,angry,kn
ಸಾಧ್ಯತೆ ಕಾಣುತ್ತಿಲ್ಲ.,neutral,kn
...ಮತ್ತು ಶ್ವೇತಾಳ ಮಾತು ಅವನ ಕೋಪವನ್ನು ಕೆರಳಿಸಿತು.,angry,kn
ಬುಜಗಾಂವ್ ಮುಗಿದಿದೆ,angry,kn
ನೀವು ತಲೆ ಅಥವಾ ಅಡಮಾನವನ್ನು ಹೊಂದಿದ್ದೀರಾ?,angry,kn
ಶಿಂಧೆ ಸರ್ಕಾರದ ಮೇಲೆ ನಂಬಿಕೆ ಇಲ್ಲದಿದ್ದರೆ,neutral,kn
ಯಾರನ್ನಾದರೂ ಕೈ ಹಿಡಿದರೆ ಕಿವಿಗೆ ಹಾಕಿಕೊಳ್ಳಬಾರದು ಎಂಬ ಮಾತಿದೆ.,angry,kn
"ಕೈತೊಳೆಯಲು ಹೇಳಿದರು, ಅಂಧ ಭಕ್ತರು ಏನು ಮಾಡುತ್ತಿದ್ದಾರೆ...",angry,kn
ಇತ್ತೀಚಿನ ದಿನಗಳಲ್ಲಿ ಜನರು ಎಷ್ಟು ಕುಸಿದಿದ್ದಾರೆ ಎಂಬುದರ ಕುರಿತು ಮಾತನಾಡಿ,angry,kn
"ಮುಂಬೈನಲ್ಲಿ ಹುಜರೆಗಿರಿ ಸೇನೆ ವರ್ಷಾನುಗಟ್ಟಲೆ ಅಧಿಕಾರದಲ್ಲಿದೆ, ಈ ಅಯೋಧ್ಯೆ ನಿದ್ದೆ ಮಾಡುತ್ತಿದ್ದಾನಾ?",angry,kn
ಅವರು ನಿಧಾನ ಎಂದು ಸೂಚಿಸಿದರು.,angry,kn
ಮಹಾರಾಷ್ಟ್ರದಲ್ಲಿ ಶಿಕ್ಷಣದ ಮಹತ್ವವನ್ನು ಅರ್ಥಮಾಡಿಕೊಳ್ಳದ ಜನರು ಇರುವುದು ವಿಷಾದನೀಯ.,sad,kn
ಮಹಾರಾಷ್ಟ್ರದಲ್ಲಿ ಸಾಕಷ್ಟು ಅಕ್ರಮ ವಲಸಿಗರು ಇರುವುದು ನಿಜ. ಈ ಬಗ್ಗೆ ಸರಕಾರ ಕಠಿಣ ಕ್ರಮ ಕೈಗೊಳ್ಳಬೇಕು,neutral,kn
ಒಳ್ಳೆ ಕೆಲಸ ಮಾಡಿದ್ರೂ ಎಂಎನ್ ಎಸ್ ಟೀಕೆ ಮಾಡ್ತಾರೆ.. ಸ್ಲೋ ಕೇಕ್ ಲವರ್ಸ್,angry,kn
?? ಮಹಾರಾಷ್ಟ್ರಕ್ಕೆ ಅದರ ಕೊಡುಗೆ ಏನು?????,neutral,kn
"""ಥಾಪಾ"" ಎಂಬ ಉಪನಾಮ ಹೊಂದಿರುವ ಜನರು ""ವಿಶ್ವಾಸಾರ್ಹ"" ಆಗಬೇಕೇ?",angry,kn
ಮಧ್ಯದಿಂದ ಓಡಿ ಬಂದ ಸಾರ್ ಮೇಲೆ ಇಂತಹ ಟೀಕೆ ಸರಿಯಲ್ಲ.,angry,kn
ಇದು ಮರಾಠಿ ಭಾಷೆಯಲ್ಲಿ ದ್ವೇಷದ ಪಕ್ಷವಾಗಿದೆ,angry,kn
ಈ ಆಶಾವಾದಿ ನಡವಳಿಕೆಯನ್ನು ಕೊಳಕು ರಾಜಕೀಯ ಎಂದು ಕರೆಯಲಾಗುತ್ತದೆ ... ಮತ್ತು ಇದು ರಾಜಕೀಯವನ್ನು ಮಾಡಬಹುದು.,angry,kn
ಅಷ್ಟಕ್ಕೂ ಬಾಳಾ ಸಾಹೇಬರು ಉದ್ಧವ್ ಅವರನ್ನು ನೋಡಿಕೊಳ್ಳಿ ಎಂದು ಹೇಳಿದ್ದರು ಮತ್ತು ನೀವು ಯಾವ ಬಾಯಿಯಿಂದ ದೇಶದ್ರೋಹ ಮಾಡುತ್ತೀರಿ?,angry,kn
ಇದು ಕೇವಲ ಖ್ಯಾತಿ ಗಳಿಸುವ ಹುಚ್ಚು ಸಮಾಜ...,angry,kn
ಅವರು ಖಂಡಿತವಾಗಿಯೂ ನಾಗ್ಪುರದಿಂದ ಆಯ್ಕೆಯಾಗುತ್ತಾರೆ. ಕಳೆದ ಕೆಲವು ದಿನಗಳಿಂದ ಇದು ಕೇವಲ ಬೀಸುತ್ತಿದೆ.,angry,kn
"ಈಗ ಬೈಕಲ್ ತರಕಾರಿ ಮಾರುಕಟ್ಟೆಯ ಲುಹ್ಖಾ ತಪ್ಪೋರಿ, ಹಫ್ತಾಖೋರ್ ನಮಗೆ ಕಲಿಸುತ್ತಾರೆ",angry,kn
"ನಾಳೆ ಏನೂ ಆಗುವುದಿಲ್ಲ, ಎಬ್ಬಿಸಿ ಹಿಂತಿರುಗುತ್ತದೆ",neutral,kn
ಲಟ್ಕೆಯವರು ಹೈಕೋರ್ಟ್‌ಗೆ ಹೋದಾಗ ನಿಮಗೆ ಮಹಾರಾಷ್ಟ್ರದ ರಾಜಕೀಯ ಸಂಸ್ಕೃತಿ ತಿಳಿದಿಲ್ಲವೇ?,neutral,kn
ಪ್ರವಾಸವನ್ನು ರದ್ದುಗೊಳಿಸಲಾಗಿದೆ ಮತ್ತು ಇಂದು ಅದನ್ನು ತೆಗೆದುಕೊಳ್ಳಲು ಸಾಧ್ಯವಿಲ್ಲ,neutral,kn
"ಇದರಿಂದಾಗಿ, ಕೊಂಡ್ವಾದಲ್ಲಿ ಮಜ್ಲಿತ್ ಜನರು. ಮತ್ತು ರಾಜು ಪೇಂಟರ್ ಅವರ ಪುರಸಭೆಯ ಸೇವಕ ಜೋಡಿ",angry,kn
ಪತ್ರಾ ಚಾಳಿಯ ಬಡ ಮರಾಠಿಗರಿಗೆ ನಿರಾಶ್ರಿತರಾಗಿ ನಾಚಿಕೆಯಾಗದಿದ್ದಾದರೂ ಹೇಗೆ!!,angry,kn
ಶಿವರಾಯರ ನಾಡಿನಲ್ಲಿ ಸ್ವತಂತ್ರ ಪಕ್ಷಗಳಿಗೆ ದ್ರೋಹ ಬಗೆಯಲು ಸಾಧ್ಯವೇ?,angry,kn
ವೇದ್ಯ ಮಹಾರಾಷ್ಟ್ರದಲ್ಲಿ ಕಮ್ಯುನಿಸಂನ ನೆಲೆ ಎಷ್ಟು?,neutral,kn
ಮತ್ತು ಬಿಜೆಪಿಗೆ ಮತ ನೀಡಿ ದೇಶವನ್ನು ಮಾರಿದವರಿಗೆ ಮತ!,angry,kn
ತುಷಾರ್ ಭೋಂಸ್ಲೆ ಒಬ್ಬ ವ್ಯರ್ಥ ವ್ಯಕ್ತಿ,angry,kn
"ಅಲ್ಲಿಯವರೆಗೆ ಅವರು ಹೇಳುತ್ತಿದ್ದರು, ಆದರೆ ನೀವು ಏಕೆ ದೇಶದ್ರೋಹಿಗಳೊಂದಿಗೆ ಇದ್ದೀರಿ?",angry,kn
ಓ ದೇವರೇ.. ತುಂಬಾ ಉರಿಯುತ್ತಿದೆ..,angry,kn
ನೀವು ಸುಟ್ಟುಹೋಗಿದ್ದೀರಾ? ತಂದೆಯೂ ದೆಹಲಿಯಲ್ಲಿ ಸುಟ್ಟು ಹೋಗಿರಬಹುದು.,angry,kn
ವಿವಾದಾತ್ಮಕ ಲೇಕಾ ವಿಚಾರದಿಂದ ತಿರ್ಕಿತ್ ತಥಿಯಾ ಮೌನವಾಗಿರಬಹುದು. ನೈತಾರ್ ಡ್ಯಾನ್ಸ್ ಮಾಡಿದ ತಕ್ಷಣ.,angry,kn
ಈ ಕೋಶವು ದೇಹದ ನಾಡಿಯಾಗಿದೆ.,angry,kn
ಇದು ನಿಮ್ಮಂತೆಯೇ ಅತ್ಯಂತ ಮೂರ್ಖ ಮತ್ತು ಬಾಲಿಶ ವಾದವಾಗಿದೆ,angry,kn
ನಿಮ್ಮ ಬುದ್ಧಿಮತ್ತೆ ಎಷ್ಟು ಕಡಿಮೆಯಾಗಿದೆ ಎಂದರೆ ಅದನ್ನು ಪ್ರಶ್ನಿಸಲಾಗುವುದಿಲ್ಲ,angry,kn
ಹೀಗೇ ಆಗುತ್ತದೆ ಆದರೆ ಗೆಲುವು ಶಿವಸೇನೆಗೆ ಅಲ್ಲ.,neutral,kn
"ರಾಣೆ, ಪಡಲ್ಕರ್, ರಾಣಾ, ವಾಘ್ ಅವರಿಗೆ ಕೇವಲ ಬೆದರಿಕೆ ಮತ್ತು ಕಡಿಮೆ ಗುಣಮಟ್ಟದ ಟ್ರೋಲಿಂಗ್ ನೀಡಲಾಗಿದೆ.",angry,kn
ಭಾರತ ಮಾತ್ರವಲ್ಲದೆ ಹಲವು ದೇಶಗಳು ದೇಶದ್ರೋಹಿಗಳೆಂದು ದಾಖಲಾಗಿವೆ.,angry,kn
"ಮೂರು ಪೃಷ್ಠದ ಪುರುಷರ ಚಿತ್ರಗಳನ್ನು ತೆಗೆದುಕೊಳ್ಳೋಣ, ಮಗು",angry,kn
ಲಟ್ಕೆ ಅವರು ನಾಮನಿರ್ದೇಶನದ ಜತೆಗೆ ರಾಜೀನಾಮೆ ನೀಡುವ ಭೀತಿ ಎದುರಿಸುತ್ತಿದ್ದಾರೆ.,angry,kn
"ದೇಶದ್ರೋಹಿ... ಇದು ಅಪಖ್ಯಾತಿ.. ಜಗತ್ತಿನಲ್ಲಿ ದೇಶದ್ರೋಹಿ ಎಂದು ಕರೆಯುವುದು, ಕುಖ್ಯಾತ..",angry,kn
ಉದ್ಧವ್ ಸಾಹೇಬ್ ಠಾಕ್ರೆ ಬಗ್ಗೆ ಮಾತನಾಡಲು ನೀವು ಯೋಗ್ಯರಲ್ಲ...,angry,kn
ನೀವು ಹಾಗೆ ಮಾತನಾಡಲು ಅರ್ಹರಲ್ಲ,angry,kn
ನೀವೂ ಸಿಕ್ಕಿಬೀಳುತ್ತೀರಿ. ಸ್ವಾಭಿಮಾನ ಮಾರಿಕೊಳ್ಳುವವರಿಂದ ಕಲಿಯುವುದು ಬೇಡ,angry,kn
"ಇದು ವಿಶ್ವದ ಭಯಾನಕ ಹೆದ್ದಾರಿ, ಚಲಿಸುವ ಕಾರುಗಳು ಕಣ್ಮರೆಯಾಗುತ್ತವೆ! ರಹಸ್ಯವನ್ನು ತಿಳಿಯಿರಿ",fear,kn
ಗಂಡ ತೆಗೆದುಕೊಂಡ ಲಂಚದ ಹಣ ಕೊಡು.. ಜನರಿಂದ ಭಿಕ್ಷೆ ಬೇಡುತ್ತಾ ಕುಳಿತಿದ್ದೀಯಾ?,angry,kn
ಅಂಧ ಭಕ್ತರು ಬಂಡಾಯ ಸಭೆಗಳ ದಿನಾಂಕದಂದು ಜನಸಂದಣಿಯನ್ನು ಒಟ್ಟುಗೂಡಿಸುವ ಮತ್ತು ಕೂಲಿ ಕಾರ್ಮಿಕರಿಗೆ ಹಣವನ್ನು ಪಾವತಿಸುವ ಕೆಲಸವನ್ನು ಪಡೆದರು.,angry,kn
ನಮ್ಮಲ್ಲಿ ಲಸ್ಸಿ ಪ್ರಿಯರಿಗೆ ಕೊರತೆಯಿಲ್ಲ,angry,kn
ಅಧಿಕಾರದಲ್ಲಿದ್ದಾಗ ದೊಡ್ಡ ಮಟ್ಟದ ನೇಮಕಾತಿ ಸಾಧ್ಯವಿಲ್ಲ... ಚುನಾವಣೆಗೂ ಮುನ್ನವೇ ಎಲ್ಲ ಸ್ಥಾನಗಳನ್ನು ಭರ್ತಿ ಮಾಡಲಾಗುವುದು.,neutral,kn
ಅವನ ಮುಖ ನೋಡಿ ರೌತಿಯಾ ಜೈಲಿನಿಂದ ಬಿಡುಗಡೆಯಾಗಲಿಲ್ಲ ಎಂದರೆ ಯಾರಿಗೆ ಲಾಭ?,neutral,kn
ಇದು ನಕಾರಾತ್ಮಕವಾಗಿದೆ,neutral,kn
ಮರಾಠಿಯನ್ನು ಮರಾಠಿ ಮಾಡುವ ಮೂಲಕ ಮರಾಠಿ ಜನರನ್ನು ಹಳ್ಳಕ್ಕೆ ಎಸೆಯಲಾಯಿತು.,sad,kn
"ನಿರುದ್ಯೋಗ, ಹಣದುಬ್ಬರ, ಭ್ರಷ್ಟಾಚಾರವನ್ನು ಸಂಭ್ರಮಿಸಿ...",angry,kn
"ಅವುಗಳಲ್ಲಿ ಒಂದು, ಇತ್ತೀಚಿನ ದಿನಗಳಲ್ಲಿ ಜನರು ಪ್ರಸಿದ್ಧರಾಗಲು ತಮ್ಮ ಜೀವನವನ್ನು ತ್ಯಾಗ ಮಾಡುತ್ತಾರೆ.",angry,kn
ನಿನ್ನನ್ನು ಬೇಡಿಕೊಳ್ಳುವ ಸಮಯ ಬಂದಿದೆಯೇ?,angry,kn
ಮುಂದಿನ ಚುನಾವಣೆಯಲ್ಲಿ ಸೋಲು ಪರಿಣಾಮ ಬೀರದಂತೆ ಸೇಫ್ ಗೇಮ್ ಆಡುವ ಭಯ...,fear,kn
ಎಚ್ಚರಿಕೆಯಿಂದ ನೋಡಿ ಸಂಘಿ ಯಾರು?,angry,kn
"ಬಾಯಿ ಮುಚ್ಚು ಅಪ್ಪಾ, ನಿನಗೆ ಸುಳ್ಳು ಹೇಳೋದು ಗೊತ್ತು",angry,kn
"ಅಶಕ್ತ ಎಂದರೇನು, ಭೋಸ್ಲೆ?",angry,kn
ರಾಘೋಬಾ ಹೇಯನಾಗಿದ್ದನು... ಆದರೆ ಇತಿಹಾಸವನ್ನು ಏಕೆ ಮುರಿಯಬೇಕು?,angry,kn
ಹಾಗಾದರೆ ಪರೀಕ್ಷೆ ಬರೆಯುವವರು ಮೂರ್ಖರೇ?,angry,kn
ನೀ... ಏನ್ ಹೋಗುತ್ತೆ ನೋಡು ಇಲ್ಲದಿದ್ದರೆ ಬೊಂಬಾಟ್ ಮಾಡ್ತೀನಿ.,angry,kn
ಆದರೆ ಅಂತಹವರನ್ನು ಎದುರಿಸಬಲ್ಲ ಏಕೈಕ ವ್ಯಕ್ತಿ ಫಡ್ನವಿಸ್,angry,kn
"ಮುಂಬೈನಲ್ಲಿ ಎಷ್ಟು ಮಳೆಯಾಗಬೇಕು ಎಂದು ಮುನ್ಸಿಪಲ್ ಕಾರ್ಪೊರೇಷನ್ ನಿರ್ಧರಿಸುತ್ತದೆ, ಅದು ಕೂಡ ಬಿಜೆಪಿ ಅಧಿಕಾರದಲ್ಲಿಲ್ಲ.",angry,kn
"ಎನ್‌ಸಿಪಿ ಭ್ರಷ್ಟ ಮತ್ತು ಭ್ರಷ್ಟ ಪಕ್ಷವಾಗಿತ್ತು, ಅದು ಇನ್ನೂ ಭ್ರಷ್ಟ ಮತ್ತು ಭ್ರಷ್ಟ ಪಕ್ಷವಾಗಿದೆ.",angry,kn
ಸಚಿವ ಸಂಪುಟ ವಿಸ್ತರಣೆ ಮಾಡದ ಬಗ್ಗೆ ವಿಷಾದವಿದೆಯೇ?,neutral,kn
"ಎರಡನೇ ದೀಪಾವಳಿ ಬಂದಿದೆ, ಈಗ ಇಷ್ಟು ಹಣಕ್ಕಾಗಿ ಕೆಲಸ ಮಾಡಿ (ಉಲ್ಲೇಖಕ್ಕಾಗಿ)",neutral,kn
ಅಷ್ಟಿಯಲ್ಲಿ ರೈತರ ಕಟ್ಟೆ ಮೇಲೆ; ಭಾರಿ ಮಳೆಯಿಂದ ಹಾನಿಯ ಪರಿಶೀಲನೆ!,neutral,kn
"ಓಹ್ ಗೈಡ್‌ಗೆ ಹೇಳಲಾಯಿತು, ಇಡೀ ಪಕ್ಷವನ್ನು ಬೇಸ್‌ನ ಬಳಿ ಇರಿಸಬೇಡಿ.",neutral,kn
"ಸಂಘೋಟಿ ಏಕೆ ಜಿಗಿಯುತ್ತದೆ, ಈಗಾಗಲೇ ರಾಹುಲ್ ಗಾಂಧಿಯವರ ಭಾರತ್ ಜೋಡೋ ಯಾತ್ರೆಯು ಸಂಘೋಟಿಯ ನಡುವೆ ಒಡಕು ಮೂಡಿಸಿದೆ...",angry,kn
"ಸಿಸ್ಟರ್ ಭಿಕ್ಯಾ, ನೀನು ಲುಲಿಯ ಇಂಜಿನಿಯರ್?",angry,kn
ಬೇರೆಯವರಿಗೆ ಯಾಕೆ ನಾಮಿನೇಷನ್ ಕೊಡಲಿಲ್ಲ..? ಪತಿಗಿಂತ ಪಕ್ಷ ಏಕೆ ಮುಖ್ಯ...?,angry,kn
ಭ್ರಷ್ಟ ಪತಿ ಸವಿಚಿತ್ರ ತಾಯಿಯನ್ನು ED CBE ಯಿಂದ ರಕ್ಷಿಸಿದ ನೀನೇ ಪುಣ್ಯವಂತ.. ಸಮಯಕ್ಕೆ ಸರಿಯಾಗಿ ಸಂಬಳ ಸಿಗುತ್ತಾ..??,angry,kn
ಈ ಮತದಾನವೇ ಅಸಾಂವಿಧಾನಿಕವಾಗಿತ್ತು... ಲೇಖನದ ಪ್ರಕಾರ ಈ ಮತದಾನ ಕಾನೂನುಬಾಹಿರ...,neutral,kn
ಅದಕ್ಕಾಗಿಯೇ ಸಭೆಗಳಲ್ಲಿ ಜನಸಂದಣಿ ಇದೆ ಆದರೆ ಮತಗಳಿಲ್ಲ.,neutral,kn
"ವ್ಯಾಪಾರಿಗಳು, ಉದ್ಯಮಿಗಳು ಮತ್ತು ವೃತ್ತಿಪರರು, ಹುಷಾರಾಗಿರು! ಇದು ಜಿಎಸ್‌ಟಿ ಇಲಾಖೆ ನೀಡಿರುವ ಗಂಭೀರ ಎಚ್ಚರಿಕೆ",fear,kn
'ಸ್ವಾಯತ್ತ' ಎಂಬ ಪದವೇ ಈಗ ಹಾಸ್ಯಾಸ್ಪದವಾಗಿ ಕಾಣಲಾರಂಭಿಸಿದೆ.,sad,kn
ನೀನು ಭಕ್ತನೇ? ಈಗ ನಾನು ಟ್ವೀಟ್ ಮಾಡುವ ಮೂಲಕ ತಪ್ಪು ಮಾಡಿದೆ,angry,kn
": ಜೈ ಶಾ ಹೇಳಿಕೆಯಿಂದ ಕೆರಳಿದ ಪಾಕಿಸ್ತಾನ, ಭಾರತಕ್ಕೆ ಬೆದರಿಕೆ...",angry,kn
ಇಲ್ಲೇ ಇದ್ದೀರಿ ಎಂದು ಮತ್ತೆ ಮತ್ತೆ ಸಾಬೀತು ಪಡಿಸುವುದೇಕೆ?,angry,kn
ಕೊನೆಗೆ ಎಲ್ಲರೂ ಭ್ರಷ್ಟರೇ ಎಂದು ತೀರ್ಮಾನವಾಯಿತು,angry,kn
ನಾನು ಈಗ ಮೂವರು ಹೆಂಡತಿಯರೊಂದಿಗೆ ಇದ್ದೇನೆ ಎಂದು ನನಗೆ ಧ್ವನಿ ಬೇಕು,angry,kn
ರಾವ್ ಚಾನೆಲ್‌ಗಾಗಿ ಟೈರ್‌ಗಳನ್ನು ಕೊಂದರು...ಅದು ಚಾನೆಲ್‌ಗೆ ಸಹ ಯೋಗ್ಯವಾಗಿಲ್ಲ,angry,kn
ಆಕ್ರಮಣಕಾರಿ ಮುಖದ ಅಧ್ಯಕ್ಷರನ್ನು ಕಾಂಗ್ರೆಸ್ ಬಯಸಿತ್ತು.,neutral,kn
"ಅರೇ ಅಣ್ಣ, ಮೊದಲ ಅಭ್ಯರ್ಥಿಯನ್ನು ಕಣಕ್ಕಿಳಿಸಬೇಕಲ್ಲ, ಯಾಕೆ ನಾಟಕ ಮಾಡುತ್ತಿದ್ದೀರಿ.",angry,kn
"ಅಣಜಿಪಂತ ಅವರಿಂದ ಪ್ರಶಸ್ತಿ ಪಡೆದೆ, ಈಗ ಸರ್ ಚಿಂತಿತರಾಗುತ್ತಾರೆ, ಬದಿಯಲ್ಲಿ ಕೂತು ಗ್ರಿಲ್ ಮೇಲೆ ಮಟನ್ ತಿನ್ನುವುದಿಲ್ಲ.",angry,kn
ಅವರು ಬೇಸರಗೊಂಡಿದ್ದಾರೆ ಆದ್ದರಿಂದ ಅವರು ಹೊಸ ಹೊಸ ಐಕಾನ್‌ಗಳನ್ನು ಹುಡುಕುತ್ತಿದ್ದಾರೆ,neutral,kn
ಅತ್ಯಾಚಾರಿಗಳನ್ನು ಬಿಡುಗಡೆ ಮಾಡಿ ಗೌರವಿಸುತ್ತೇವೆ..- - ಬಿಜೆಪಿ,angry,kn
ಜಾತೀಯತೆ ಅಪರಾಧವಲ್ಲ ಎಂದು ಹೇಳುವವರಿಂದ ಭಾರತಕ್ಕೆ ನಿಜವಾದ ಬೆದರಿಕೆ ಬರುತ್ತದೆ.,fear,kn
ಹೆಸರಿಗೆ ಮಾತ್ರ ಪ್ರೊಫೆಸರ್ ಆದರೆ ಬಿಹಾರಿ ವಿಶ್ವವಿದ್ಯಾಲಯ,angry,kn
ಇದು ಬಲವಂತವೇ? ....ಹಿಂದೆ ಹೋದರೆ ಇಲ್ಲ... ತಾವೇ ಹಿಮ್ಮೆಟ್ಟಿದರು ಎಂದರು,neutral,kn
ಮೂರೂವರೆ ಜನ ಜಿಲ್ಲೆಯಿಂದ ಹೊರಗೆ ಹೋಗಿದ್ದಾರೆಯೇ?,neutral,kn
ಸೋಲು ಖಚಿತವಾಗಿತ್ತು,sad,kn
ಈಗ ಉಚಿತವಾಗಿ ಆಲಿಸಿ. ನೀನು ಈಗ ನೇಸು ಬಿಡುತ್ತಿರುವೆಯಾ ಎಂದು ಸಮಾಧಾನಿಸುತ್ತೀಯಾ?,angry,kn
ಅವರು ಕೇಳುವುದಿಲ್ಲ ಮತ್ತು ಅವರು ಬಾಳಾ ಸಾಹೇಬರ ಆಲೋಚನೆಗಳನ್ನು ನಮಗೆ ಹೇಳುತ್ತಾರೆ ...,angry,kn
ಸಾರ್ವಜನಿಕ ಅಭಿಪ್ರಾಯ ಈಗ ಆಡಳಿತ ಪಕ್ಷದ ಹಿಂದೆ ಹೋಗುತ್ತಿದೆ,angry,kn
ನಮ್ಮ ತಾಯಿಯ ಹೆಸರನ್ನು ರಾಜಕೀಯಕ್ಕೆ ಬಳಸುತ್ತೀರಾ?,angry,kn
ಈ ಕಪ್ಪು ಏಡಿ ಕುಟುಕುವ ಮೂಲಕ ಜೀವನ ನಡೆಸುತ್ತದೆ,angry,kn
ಮಾವಿಯಾ ಮುಖಂಡರು ಮತ್ತು ಕಾರ್ಯಕರ್ತರು ನುಜ್ಜುಗುಜ್ಜಾದರು,angry,kn
"ದೇಶದ ಯುವಕರು ನಿರುದ್ಯೋಗದ ಸಂಕಷ್ಟ ಎದುರಿಸುತ್ತಿದ್ದಾರೆ, ಆದರೆ ಮೋದಿ ಸರ್ಕಾರ ಸಂಪೂರ್ಣ ಮೌನವಾಗಿದೆ.",sad,kn
"ಶಿವಸೇನೆ ಹಿಂದೂ ಹೃದಯ ಸಾಮ್ರಾಟ್ ಬಾಳಾ ಸಾಹೇಬರಿಗೆ ಸೇರಿದ್ದು, ನೀವು ಬಾಳಾ ಸಾಹೇಬ್ ಖೋಕೆ ಮಾತ್ರ",angry,kn
ಆರೇ ಬಲಿಶ್ ಲೆಕ್ ಗೆ ನಿಮ್ಮ ಸರ್ ಪತ್ರ ಬರೆಯುವ ಮೊದಲೇ ಚುನಾವಣೆಯಲ್ಲಿ ಮೈತ್ರಿ ಮಾಡಿಕೊಂಡಿದ್ದರು.,angry,kn
ಕೋಲು ಮತ್ತು ಧುಂಗನ ದ್ರೋಹಿ ಮಹಿಳೆಗೆ ಏನಾಗಿದೆ....,angry,kn
ನನಗೆ ಚೆನ್ನಾಗಿ ಗೊತ್ತಿಲ್ಲ,neutral,kn
ಈ ವಾಲೆಟ್ ನನ್ನ ಟ್ವೀಟ್‌ಗಳ ಮೂಲಕ ಹೋಯಿತು,angry,kn
"ನೀನು ಯಾವಾಗಲೂ ಆಕಾಶದ ಕಡೆ ನೋಡುತ್ತಿರು, ಅದಕ್ಕೇ ನಿನಗೆ ಹೀಗೆ ಅನ್ನಿಸುತ್ತಿದೆ ವಸದಾ",angry,kn
ಈ ಮನುಷ್ಯ ಅಪ್ರಾಮಾಣಿಕ ... ಪುಡಿಪುಡಿ,angry,kn
"ನೀವು ಕಾಳಜಿ ವಹಿಸಿದರೆ, ನಿಮ್ಮ ವಿರೋಧಿಗಳ ಜ್ಯೋತಿಯನ್ನು ನೀವು ಇನ್ನೂ ಬೆಳಗಿಸಬಹುದು",angry,kn
ನಿಜ...ಇತಿಹಾಸ ನೋಡಿ...ಇದೇನು...ಎಂಥ ವಕ್ರ ಬಾಯಿ...ಯಾವಾಗ ತಾನೇ ಅಧಿಕಾರ ಸಿಕ್ಕಿದ್ದು?...,angry,kn
ಇದು ಮೂರ್ಖರ ಸರ್ಕಾರ..ಅವರನ್ನು ಮತ್ತೆ ಎಮ್ಮೆಗಳಿಗೆ ಕಳುಹಿಸಲು ಅರ್ಹರು.,angry,kn
ನಿನ್ನ ಸೋಲು ರಾಹುಲ್ಯಾ ನಿನ್ನ ಉದ್ಧವ್ ಬಾಣದಿಂದ ಜ್ಯೋತಿಗೆ ಹೋಗಬೇಕಾಗಿತ್ತು.,angry,kn
ನಿರುದ್ಯೋಗದ ಭಯ ಎಷ್ಟು ಎಂದು ನಮ್ಮನ್ನು ಕೇಳಬೇಡಿ. ನಾನು ಕಾಯಿಲೆ ಬಿದ್ದಾಗಲೂ ಪುಸ್ತಕಗಳನ್ನು ತೆರೆದು ಓದುತ್ತಿದ್ದೆ.,fear,kn
ಅದಕ್ಕೂ ಮಿಗಿಲಾಗಿ ಸಾವಿತ್ರಿಯ ಮುಖ ಮಾಡಿ ಮಾತನಾಡುತ್ತಿದ್ದಾರೆ.,angry,kn
ಬಾಳಾಸಾಹೇಬರ ಶಿವಸೇನೆಯನ್ನು ಸೋಲಿಸಲು ನಾವು ಬಯಸುತ್ತೇವೆ ಎಂಬುದನ್ನು ಎಲ್ಲರೂ ನೆನಪಿಟ್ಟುಕೊಳ್ಳಬೇಕು.,angry,kn
ಇದು ವಿಕೃತಿ ಮತ್ತು ಅಜ್ಞಾನಿ ಭಕ್ತರಿಗೆ ಇಷ್ಟವಾದದ್ದು,angry,kn
ರಕ್ತ-ಮಾಂಸಗಳನ್ನು ತ್ಯಾಗ ಮಾಡುವುದು ಕಲ್ಪನೆಗೂ ಮೀರಿದ ಕ್ರೌರ್ಯ,sad,kn
ಉತ್ತರ ಪ್ರದೇಶ ನಾಚಿಕೆಗೇಡು,sad,kn
ಹಾಗಾದರೆ ನೀವು ಆಟವಾಡಲು ಏನು ತೆಗೆದುಕೊಂಡಿದ್ದೀರಿ?,angry,kn
"ಥಾಪಾ ಹೋಗಿದ್ದಾನೆ ಎಂದು ಹೇಳುವ ಬದಲು, ಪಾಪಾ ಅಲಾ ಎಂದು ಹೇಳಿ.",angry,kn
"ನನ್ನ ಪ್ರಕಾರ, ಸ್ವಯಂ ಪ್ರಾಮುಖ್ಯತೆಯನ್ನು ಹೆಚ್ಚಿಸಲು ಎಂತಹ ಹತಾಶ ಪ್ರಯತ್ನ ...",angry,kn
"ಅಲ್ಲದೆ, ನಿಮ್ಮ ಮಹಿಳಾ ಮೋರ್ಚಾ ಉದ್ದೇಶಪೂರ್ವಕವಾಗಿ ಅಲ್ಲಿ ಸಮಾಜ ಕಲ್ಯಾಣ ಕಾರ್ಯಕ್ರಮಗಳನ್ನು ಮಾಡುತ್ತಿತ್ತು",angry,kn
"ಬೆಂಡೆಕಾಯಿ, ಈ ಜನರು ಜಗತ್ತನ್ನು ಪ್ರಯಾಣಿಸುತ್ತಾರೆ ಮತ್ತು ಹೊರಡುತ್ತಾರೆ ಎಂದು ನಾನು ಭಾವಿಸುತ್ತೇನೆ ...",angry,kn
ದೇಶದ್ರೋಹಿ ಸೇನೆ ಈಗ ಬಿಜೆಪಿಯ ಗುರಾಣಿಯಾಗಿ ಬೆನ್ನಿಗೆ ಚೂರಿ ಹಾಕಲಿದೆ.,angry,kn
ಇವು ಅಂಗುಳ ಚಕ್ಕೆಗಳು!! ಏನೂ ಆಗುವುದಿಲ್ಲ.,angry,kn
ಈಗ ನೀವೂ ನಿಲ್ಲುತ್ತೀರಿ,angry,kn
"ಅಕ್ಕಲ್ ಘನ್ ಬಾಯಿ, ನೀವು ಮನಮೋಹನ್ ಸಿಂಗ್ ಬಗ್ಗೆ ಮಾತನಾಡುತ್ತಿದ್ದಿರಿ ಆದರೆ ಅದು ಯೋಗ್ಯವಾಗಿಲ್ಲ.",angry,kn
ಮೋದಿ ಮತ್ತು ಶಾ ಮುಂದೆ ನಮ್ಮ ಸ್ಥಿತಿ ಏನು?,angry,kn
"ಸಾರ್, ಇದನ್ನೇಕೆ ತೋರಿಸಿ ಜನರನ್ನು ಮೂರ್ಖರನ್ನಾಗಿ ಮಾಡುತ್ತೀರಿ, ಕೊನೆಗೆ ಇದು ಕೀಳು ಪ್ರವೃತ್ತಿ ಎಂದು ಹೇಳಿದ್ದೀರಿ.",angry,kn
ಇದು ಬಂಡುಕೋರರನ್ನು ಕೊಲ್ಲುವ ಸುತ್ತ ಸುತ್ತುತ್ತದೆಯೇ?,angry,kn
ಹಬ್ಬ ಬಂದಿದ್ದು ಹೇಗೆ?,sad,kn
ಸಾಮಾಜಿಕ ಮಾಧ್ಯಮದಲ್ಲಿ ಪ್ರತಿಯೊಬ್ಬ ಹೊಸಬನ ಅಚ್ಚಾ ಚಿವಸೈನಿಕ್ ಚಿವ್ ಚಿವ್ ಚಿವ್ ಚಿವ್ ಚೀವ್ ಗುರಿ...!,angry,kn
ಈಗಾಗಲೇ ಮೂವರು ಪತ್ರಕರ್ತರ ಮೇಲೆ ಅನುಮಾನವಿದೆ.,fear,kn
ಪುಣೆಯಂತಹ ಜಾಗತಿಕ ಮಹತ್ವದ ನಗರದಲ್ಲಿ ಇಂತಹ ಚಿತ್ರ ನಿರ್ಮಾಣವಾಗಿರುವುದು ಅತ್ಯಂತ ದುರದೃಷ್ಟಕರ.,sad,kn
ಯಾವುದು ಆ ನಕಲಿ ವಿಡಿಯೋ ಅಥವಾ ನಕಲಿ ಪ್ರಶಸ್ತಿ?,angry,kn
ಅವರಿಂದಲೇ ಶಿವಸೇನೆ ಕೊನೆಗೊಳ್ಳದಿದ್ದರೆ ಅವರನ್ನು ಸಮಾಧಿ ಮಾಡಿದ ನಂತರವೇ ಶಿವಸೇನೆ ಮುಂದೆ ಸಾಗಿತು.,happy,kn
ಇದು ಆಘಾತಕಾರಿಯಾಗಿದೆ,happy,kn
ಇಷ್ಟು ಹೊತ್ತು ಮಲಗಿದ್ದೀರಾ? # ಆಟದ ಯೋಜನೆ ವಿಫಲವಾದ ಕಾರಣ ಎಲ್ಲಾ ನಾಟಕಗಳು.,angry,kn
"ಸಂಕ್ಷಿಪ್ತವಾಗಿ ಹೇಳುವುದಾದರೆ, ಕಾಂಗ್ರೆಸ್ ಅನ್ನು ಉಳಿಸಲು ಇಂತಹ ಪ್ರವಾಸಗಳಿಂದ ಯಾವುದೇ ಪ್ರಯೋಜನವಿಲ್ಲ, ನಿಜ!",neutral,kn
ಈಗ ಬಾಳಾ ಸಾಹೇಬರ ಮುಂದೆ ಠಾಕ್ರೆಯನ್ನೂ ಹಾಕುವಂತಿಲ್ಲ.,angry,kn
ನೀವು ನಿಜವಾಗಿಯೂ ... ಮತ್ತೆ ಮತ್ತೆ ಸಾಬೀತು ಮಾಡುತ್ತಿದ್ದೀರಿ.,happy,kn
ಮಹಾರಾಷ್ಟ್ರದಲ್ಲಿ ಬರಗಾಲವಿರುವುದರಿಂದ ದಯವಿಟ್ಟು ನೀರನ್ನು ಮಿತವಾಗಿ ಬಳಸಿ ಎಂದು ನಗರದ ಜನತೆಯಲ್ಲಿ ನನ್ನ ವಿನಮ್ರ ವಿನಂತಿ.,neutral,kn
ಗೋಪಾಲ್ ಭಾಯ್ ಕುಂಬಾರ ಎಂಬ ಕಾರಣಕ್ಕೆ ಇಂದು ಬಿಜೆಪಿಯನ್ನು ಬಂಧಿಸಲಾಗುತ್ತಿದೆ.,neutral,kn
ಭ್ರಷ್ಟಾಚಾರ ಇಡೀ ವ್ಯವಸ್ಥೆಯ ಹುಳು ಎಂದು ಉಪಮುಖ್ಯಮಂತ್ರಿ ದೇವೇಂದ್ರ ಫಡ್ನವೀಸ್...,angry,kn
ಉಪ ಮಂತ್ರಿಗೆ ಏನೂ ಇಲ್ಲ,neutral,kn
ದೇಶದ್ರೋಹಿಗಳು ದೇಶದ್ರೋಹಿಗಳಾಗಿರುವುದರಿಂದ ದೇಶದ್ರೋಹಿಗಳನ್ನು ಮತ್ತೆ ಮತ್ತೆ ನೆನಪಿಸಬೇಕಾಗಿದೆ.,angry,kn
"ಅಂದರೆ ದೇಶದಲ್ಲಿ ಬಡತನ ಹೆಚ್ಚಾಗುತ್ತಿಲ್ಲ, ಆದರೆ ಆದಾಯ ಸಮೃದ್ಧವಾಗುತ್ತಿದೆ.",angry,kn
"ಹಾಗಾಗಿ ಅಸಾರಾಂ, ನಾರಾಯಣ ಸಾಯಿ, ರಾಮ್ ರಹೀಮ್ ಸಿಂಗ್ ಜೈಲು...",angry,kn
ಮನೆಯಲ್ಲಿ ಕನಿಷ್ಠ ಒಬ್ಬ ಧೈರ್ಯಶಾಲಿ ವ್ಯಕ್ತಿ ಬೇಕಿತ್ತು.,angry,kn
"ಬಿಜೆಪಿ ಆಡಳಿತದಲ್ಲಿ ಹಣದುಬ್ಬರ ದಿನದಿಂದ ದಿನಕ್ಕೆ ಹೆಚ್ಚಾಗುತ್ತಿದ್ದು, ಜನಸಾಮಾನ್ಯರ ಬದುಕು ಕೂಡ ದುಸ್ತರವಾಗುತ್ತಿದೆ.",sad,kn
ಶ್ರೀಖಂಡ್ ಅವರ ಸ್ವಂತದ್ದೇ ಅಥವಾ ಕದ್ದಿದೆಯೇ? ದೇಶದ್ರೋಹಿ ಮೂಲಕ,angry,kn
"ಅವರು ಮರೆಯಾಗಿ ಹೋಗಿದ್ದಾರೆ, ಲಿಬ್ರಾಂಡುವಿನ ಜನರ ಜೀವನ",angry,kn
ಇದು ಠಾಕ್ರೆಯ ಮೇಲಿನ ಪ್ರತೀಕಾರ!,angry,kn
ಈ ವೀಡಿಯೋ ಸಾಕ್ಷಿ...ಅಂಧ ಭಕ್ತರು ಅವರವರ ಲೋಕದಲ್ಲಿ ಬದುಕುತ್ತಾರೆ.,angry,kn
ಪುಣೆ ತತ್ತರಿಸಿತು.. ಪುಣೆಯಲ್ಲಿ ಸ್ಪರ್ಧಾತ್ಮಕ ಪರೀಕ್ಷೆಗೆ ತಯಾರಿ ನಡೆಸುತ್ತಿದ್ದ ಈತ ಇದ್ದಕ್ಕಿದ್ದಂತೆ..,happy,kn
ಈಗ ಆಫೀಸ್ ಉಡುಡೋ ಅಂದಾಗ ಲಟಡ್ಲೋ ಅಂದರೇನು.,angry,kn
"ಸಾರ್, ನಮ್ಮ ಸರ್ಕಾರ ಇದ್ದಾಗ ಏನ್ ಮಾಡಲಿಲ್ಲ, ನೀವು ಈ ಬಗ್ಗೆ ಚಕಾರ ಎತ್ತಿದ್ದರೆ ಕೆಲಸ ಬೇಗ ಆಗುತ್ತಿತ್ತು.",angry,kn
ಈಗ ಈ ಸತ್ರಂಜಯನು ಜನರಿಗೆ ಜ್ಞಾನವನ್ನು ಕಲಿಸುತ್ತಾನೆಯೇ..,angry,kn
ಹಾಗಾದರೆ ಧೋಕ್ಲಾ ಗುಲಾಮರನ್ನಾಗಿಸಲು ಮತ್ತು ಮಾರಾಟ ಮಾಡಲು ಗುಜರಾತ್‌ಗೆ ಹೋಗುತ್ತಾನೆಯೇ?,angry,kn
"ಅವರು ಕಮಲದ ಚಿಹ್ನೆಯ ಮೇಲೆ ಗ್ರಾಮ ಪಂಚಾಯಿತಿ ಚುನಾವಣೆಗೆ ಸ್ಪರ್ಧಿಸಿದ್ದು, ಇದನ್ನು ಅಪಕ್ವ ರಾಜಕಾರಣ ಎನ್ನುತ್ತಾರೆ.",angry,kn
ವಿಧಾನಸಭೆ ಚುನಾವಣೆ ವೇಳೆಗೆ ಅವರ ಮನೆಯಲ್ಲಿ ಮೊದಲ ಬೆಂಕಿ ಬೀಳಲಿದೆ.,angry,kn
ಭಲ್ಲಾ ಭಲ್ಲಾ ಲಾ ನಹೀ ಮಿಲಾ ಮತ್ತು ಯೇ ಹೈ ಅನೀನ್ ಹೌದು,angry,kn
ನಿಧಾನ ಸೈನಿಕರು ನಿಷ್ಪ್ರಯೋಜಕರಾಗಿದ್ದಾರೆ. ಕಮ್ಲಿಯನ್ನು ಪಿಂಪ್ ಮಾಡುವುದೊಂದೇ ಅವನ ಕೆಲಸ,angry,kn
ಈ ಜನರು ಈಗಾಗಲೇ ಮಾಲಿನ್ಯವನ್ನು ಹರಡಿದ್ದಾರೆ ...,angry,kn
ನಿಮ್ಮ ಪಕ್ಷದ ಪ್ರಚಾರ ಏಕೆ? ಬರೀ ದೀದಿಯ ಚಿತ್ರವಿರಲಿಲ್ಲವೇ?,angry,kn
ಸತ್ಯವು ಯಾವಾಗಲೂ ದ್ವೇಷದಿಂದ ಅಡಗಿರುತ್ತದೆ.,neutral,kn
ಆಗೊಮ್ಮೆ ಈಗೊಮ್ಮೆ ನಕಲಿ ಪೋಸ್ಟ್ ಮಾಡಲು ಅವರಿಗೆ ಅವಕಾಶವಿದೆ,neutral,kn
ಇದರ ಹಿಂದೆ ಯಾವುದೋ ಷಡ್ಯಂತ್ರ ಇರಬೇಕೆಂದು ಗಮನಿಸಿ...ಫಡ್ನವೀಸ್ ಇಷ್ಟು ಬೇಗ ಹಿಂದೆ ಸರಿಯುವುದಿಲ್ಲ.,fear,kn
ಚಪ್ಪಾಳೆ ತಟ್ಟಲು ಬಂದವಳಿಂದ ಹಾಯ್ ಹಾಯ್,angry,kn
ಕಿಡ್ನಿಯಲ್ಲಿ ನಿಜವಾಗಿಯೂ ಹುಳುಗಳಿವೆಯೇ?,happy,kn
ಧ್ವಜ ಹೋದರೂ ಅಕ್ಕರ್ಮಾಶಿ ನಿಲ್ಲುವುದಿಲ್ಲ.,angry,kn
ಆದರೆ ಕದಿಯಲು ಆರಂಭಿಸಿದ,angry,kn
ಆದರೆ ಆ ಕಚೇರಿಯಲ್ಲಿ ಯಾರೂ ಕೆಲಸ ಮಾಡುವುದಿಲ್ಲ,neutral,kn
ಸಾರ್ವಜನಿಕ ಅಭಿಪ್ರಾಯದ ಮಾಲೀಕರು ಮಾರ್ವಾಡಿಗಳಾಗಿರುವುದರಿಂದ ಮರಾಠಿ ದ್ವೇಷಿಸುತ್ತಿದ್ದಾರೆ.,angry,kn
"ರಾಧಾಸುತ, ಹಾಗಾದರೆ ನಿನ್ನ ಧರ್ಮ ಎಲ್ಲಿ ಹೋಯಿತು?",angry,kn
ಮೊದಲು ಈ ಪೋಸ್ಟ್ ಅನ್ನು ತೆಗೆದುಹಾಕಿ ಮತ್ತು ಮರಾಠಿಯಲ್ಲಿ ಜಾಗೃತಿ ಮೂಡಿಸಿ.,neutral,kn
. ಸರಕಾರದ ಸಂಪೂರ್ಣ ಒತ್ತು ಕೇವಲ ಚೇತರಿಕೆಯತ್ತ ಮಾತ್ರ ಕೇಂದ್ರೀಕೃತವಾಗಿದ್ದು ಯಾರ ಶಕ್ತಿ?,angry,kn
"ಇಡಿ ಸರಕಾರ ಹೆದರುತ್ತಿದ್ದು, ರಾಜ್ಯದ ಜನರಿಗಾಗಿ ಕೆಲಸ ಮಾಡದೆ ಗುಜರಾತ್‌ಗಾಗಿ ಕೆಲಸ ಮಾಡುತ್ತಿದೆ ಎಂದು ನಾನಾ ಪಟೋಲೆ ಹೇಳಿದ್ದಾರೆ.",angry,kn
ಈ ವೈದ್ಯರಿಗೆ ಚಾಟಿ ಬೀಸಲು ಅರ್ಹರು ಎಂದು ಪತ್ರಿಕೆಯಲ್ಲಿ ಬರೆಯಲಾಗಿದೆ,angry,kn
"ನ್ಯಾಯಾಧೀಶರು ಹೀಗೆ ಹೇಳಿದರೆ, ಚುನಾವಣಾ ಆಯೋಗದ ಬಗ್ಗೆ ಏನು?",angry,kn
ಇತರ ಜನರ ಮನೆಗಳಲ್ಲಿ ಏನಾಗುತ್ತಿದೆ ಎಂಬುದನ್ನು ನೋಡಲು ಒಲವು ತೋರುವ ಅಭ್ಯಾಸವನ್ನು ಬಿಟ್ಟುಬಿಡಿ,angry,kn
"ಸೋಮಯ್ಯನ ಮುಖವು ತೊಳೆದ ಅನ್ನದಂತಿದೆ, ಅವನು ತನ್ನ ಸ್ವಂತ ಕುಟುಂಬಕ್ಕೆ ಸೇರಿದವನೆಂದು ತೋರುತ್ತದೆ ಮತ್ತು ಸರಿಯಾಗಿ ಮಾತನಾಡುವುದಿಲ್ಲ.",angry,kn
ಉದ್ಧವ್ ಠಾಕ್ರೆ ಕೆಟ್ಟ ಸ್ವಭಾವದ ವ್ಯಕ್ತಿತ್ವ,angry,kn
ರಾಜಕೀಯ ತೂಕವನ್ನು ಕಳೆದುಕೊಂಡು ಯಾವಾಗಲೂ ಟ್ವಿಟರ್‌ನಲ್ಲಿ ಬಲಿಪಶು ಕಾರ್ಡ್ ಅನ್ನು ಆಡುವ ಮಹಿಳೆ,angry,kn
ಅಂದಿನಿಂದ ಭಾರತದಲ್ಲಿ ಪ್ರಜಾಪ್ರಭುತ್ವ ಎಂಬುದು ಒಂದು ಭ್ರಮೆ.,sad,kn
ಪಾಲ್ಘರ್‌ನ ಸಾಧುಗಳನ್ನು ಪ್ರಜೆಗಳೆಂದು ಪರಿಗಣಿಸಲಾಗುವುದಿಲ್ಲ.,angry,kn
ಎಂದಿಗೂ ಸಮಸ್ಯೆ ಇಲ್ಲ ಮತ್ತು ಬೇರೆ ಆಯ್ಕೆ ಇಲ್ಲ,angry,kn
"ನಾವು ಈ ಪ್ರಶ್ನೆಗಳನ್ನು ಕೇಳಿದರೆ, ಅಜ್ಞಾನಿಗಳು ನಮ್ಮನ್ನು ನಿರ್ಲಕ್ಷಿಸುತ್ತಾರೆ. ಉತ್ತರ ಇಲ್ಲ.",angry,kn
ಈಗ ಉದ್ಧವ್ ಠಾಕ್ರೆಯ ಶಿವಸೈನಿಕರು ಬಾಳಾ ಸಾಹೇಬರ ಶಿವಸೇನೆಯನ್ನು ಸೋಲಿಸಲೇಬೇಕು...ಕಷ್ಟ ಎಂದು ಹೇಳುತ್ತಾರೆ.,neutral,kn
ನಿಮ್ಮನ್ನು ಆಯ್ಕೆ ಮಾಡಲು ತುಂಬಾ ಭಯಾನಕವಲ್ಲವೇ?,angry,kn
ಅವರು ಈಗ ಗ್ರಾಮದ ಸರಪಂಚರೂ ಅಲ್ಲ,angry,kn
ಮೊದಲು ಬೇರೆ ಧರ್ಮದ ಕಾರ್ಯಕ್ರಮಕ್ಕೆ ಏಕೆ ಹೋಗಬೇಕು? ನಾವು ಮಸೀದಿಗೆ ಬರುತ್ತೇವೆಯೇ?,angry,kn
ನಿಜ ಆದರೆ ಹ್ಯಾನ್ಸನ್ ಈ ವಿಷಯದಲ್ಲಿ ತುಂಬಾ ತಪ್ಪು ... ಏಕೆಂದರೆ ಅದು ಅವನ ನಿಜವಾದ ಅವಿಶ್ಯ ಕಾರು,sad,kn
ಎಷ್ಟು ಶೇಕಡಾ ಆಹಾರವನ್ನು ತಿನ್ನಬೇಕೆಂದು ಪುರಸಭೆ ನಿರ್ಧರಿಸುತ್ತದೆಯೇ?,angry,kn
"ರವಿ ಕಿಶನ್ ಕೋಟಿ ಕೋಟಿ ವಂಚನೆ; ಬಿಲ್ಡರ್ 'ಅಂತಹ' ಬೆದರಿಕೆಯನ್ನು ನೀಡಿದರು, ನಿಜವಾಗಿ ಏನಾಯಿತು?",neutral,kn
"ಮೆಹಬೂಬಾ ಮುಫ್ತಿಯವರು ಕೇಶವರಾವ್ ಅವರ ಲೋಟಂಗನ್ ಧರಿಸಿದಾಗ, ಹಿಂದೂ ಧರ್ಮ ಎಲ್ಲಿ ಹೋಯಿತು?",angry,kn
ಉತ್ತರವು ಅವಮಾನವಾಗಿದೆ,angry,kn
ಜನರು ಸಹ ಚೆನ್ನಾಗಿಲ್ಲ ... ಮತ್ತು ಅದು ಏನು ಯೋಜನೆ?,angry,kn
ಹೋರಾಟದ ನಂತರ ಎಲ್ಲವೂ ಸಿದ್ಧವಾಗಿದೆ,neutral,kn
ನೀವು ಬ್ರೋಕರ್ ಎಂಬುದು ಈ ಮಾತುಗಳಿಂದ ಸ್ಪಷ್ಟವಾಗುತ್ತದೆ,angry,kn
ರಾಟೆ ನೀವು ಬಯಸಿದ್ದರು,angry,kn
"ಪ್ರಸ್ತುತ ಕೊಳಕು ರಾಜಕೀಯವನ್ನು ಪರಿಗಣಿಸಿ, MNS ಜನರಿಗೆ ಕಾರ್ಯಸಾಧ್ಯವಾದ ಆಯ್ಕೆಯಾಗಿದೆ. ಈಗ ಗೆಲ್ಲಲು ಹೋರಾಡಿ.",happy,kn
ನೀವು ಮೊದಲು ಮಾತನಾಡಲು ಕಲಿಯಲು ಅರ್ಹರೇ?,angry,kn
ನಾಸಿಕ್‌ನ ಶಾಂತಕ್ಲೋಸ್ ಹಾಗನ್ ಭುಜಬಲ್ ನಿಜವಾದ ಕೋಮುವಾದಿ ಪಕ್ಷವು ರಾಷ್ಟ್ರೀಯವಾದಿ ಎಂದು ಸಾಬೀತುಪಡಿಸುತ್ತಿದೆ!?,angry,kn
ಇದು ರಾಜಕೀಯ ತಜ್ಞರ ಸ್ಥಿತಿ?,angry,kn
"ರುತುಜಾ ಲಟ್ಕೆ ಅವರ ರಾಜೀನಾಮೆಯನ್ನು ಅಂಗೀಕರಿಸದಿದ್ದಾಗ, ರಾಜ್ ಸಾಹೇಬ್ ಎಲ್ಲಿ ಹೋದರು?",angry,kn
ನೀವು ಪಾರ್ಟಿಗೆ ಬಂದಿರುವಂತೆ ನೀವು ವಾಸನೆ ಮಾಡುತ್ತಿದ್ದೀರಿ,angry,kn
"ನಾನೊಬ್ಬ ಗಗನಯಾತ್ರಿ, ಭೂಮಿಗೆ ಬರಲು ಹಣ ಬೇಕು, ಮಹಿಳೆ ಕೋಟಿಗಟ್ಟಲೆ...",neutral,kn
ಇದನ್ನು ಭಕ್ತರು ಮಾಡುವುದಿಲ್ಲ,neutral,kn
ಲೋಕಮತದವರೂ ಮಾರಿ ತಿನ್ನುತ್ತಾರೆ,angry,kn
"ನೀವು ಅಂತಹ ನಿಲುವನ್ನು ತೆಗೆದುಕೊಳ್ಳುತ್ತಿದ್ದರೆ, ನನಗೆ ನಿಮ್ಮ ಮೇಲೆ ಅನುಮಾನವಿದೆ ಸಹೋದರ",angry,kn
ನೀವು ಇಳಿದರೂ ನಿಮಗೆ ಮಾಡಲು ಏನೂ ಇಲ್ಲ,angry,kn
ಬಾಳಾಸಾಹೇಬರ ಹೆಸರಿನಲ್ಲಿ ನಗುವಷ್ಟೂ ಉದ್ಧವ್ ಠಾಕ್ರೆಯವರನ್ನು ಕಳೆದುಕೊಳ್ಳುತ್ತೀರಿ.,angry,kn
"ಹೆಚ್ಚು ಜನಸಂಖ್ಯೆ ಹೊಂದಿರುವ ದೇಶದಲ್ಲಿ, ಮೂರೂವರೆ ಪ್ರತಿಶತದಷ್ಟು ಮತಪೆಟ್ಟಿಗೆಗಳಿಲ್ಲ.",neutral,kn
ಇದು ನಾಚಿಕೆಯಿಲ್ಲದ ಪರಮಾವಧಿ!,angry,kn
ಮುಂದಿನ ಚುನಾವಣೆಯಲ್ಲಿ ಒಂದಕ್ಕಿಂತ ಹೆಚ್ಚು ಸೀಟು ಸಿಗುತ್ತದೆ’- ಇದು ಕೂಡ ಭ್ರಮೆ,angry,kn
ಹಿಂದಿ ಹೇರುವುದನ್ನು ನಿಲ್ಲಿಸಿ. ಹಿಂದಿ ರಾಷ್ಟ್ರ ಭಾಷೆಯಲ್ಲ.,angry,kn
ಅವರು ತಮ್ಮ ಹೆಸರನ್ನು ಔರಂಗಜೇಬ್ ಎಂದು ಬದಲಾಯಿಸಬೇಕು ಮತ್ತು ಅದನ್ನು ಗೆಜೆಟ್‌ನಲ್ಲಿ ಪ್ರಕಟಿಸಬೇಕು.,angry,kn
ವಿದ್ಯಾವಂತ ಯುವಕರು ಏಕೆ ಮೌನವಾಗಿದ್ದಾರೆ? ನಿರುದ್ಯೋಗಕ್ಕೆ ಯಾರು ಹೊಣೆ?,angry,kn
ಉದ್ಯಮವನ್ನು ಮರಳಿಸಬೇಕೇ ಹೊರತು ರೈತರಿಗೆ ಸಹಾಯ ಮಾಡುವುದಿಲ್ಲ ಸರ್,angry,kn
ಹಾಳಾದ ಕೂದಲಿಗೆ ನೀವು ಉತ್ತಮ ಉದಾಹರಣೆ.,sad,kn
ಬದುಕಿ ಏನು ಪ್ರಯೋಜನ?,sad,kn
ಏನಾದರೂ ಮಾಡು. ನೀವು ಗುವಾಹಟಿಯಲ್ಲಿ ಎಷ್ಟು ಸುತ್ತಾಡಿದರೂ ನಿಮಗೆ ತೃಪ್ತಿಯಾಗುವುದಿಲ್ಲ.,angry,kn
"ನಾನು ನಿಮ್ಮ ಮನೆಗೆ ಬರುತ್ತೇನೆ, ನಾನು ಏಕೆ ಕಳೆದುಹೋಗಿದ್ದೇನೆ?",angry,kn
"ಗಣಪತಿ ಹೋದ, ದೇವಿ ಹೋದಳು, ಈಗ ಗಂಡನ ಬೋನಸ್‌ಗಾಗಿ ಹಾತೊರೆಯುತ್ತಾಳೆ.",neutral,kn
ನಾನು ಯಾರ ಪ್ರಸ್ತಾಪವನ್ನೂ ಸ್ವೀಕರಿಸಿಲ್ಲ ಎಂದು ಉದ್ಧವ್ ಠಾಕ್ರೆ ಹೇಳಿದ್ದಾರೆ!,neutral,kn
ಡಾ.ಬಾಬಾಸಾಹೇಬ್ ಅಂಬೇಡ್ಕರ್ ಮರಾಠವಾಡ ವಿಶ್ವವಿದ್ಯಾಲಯದಲ್ಲಿ ನಡೆದಿರುವುದು ಅತ್ಯಂತ ಖಂಡನೀಯ...,angry,kn
"ಪಂಢರಪುರ, ದೇಗ್ಲೂರು, ಕೊಲ್ಲಾಪುರದಲ್ಲಿ ಬಿಜೆಪಿ ಸಂಸ್ಕೃತಿ ಅಂತ್ಯವಾಗಿದೆಯೇ?",angry,kn
ದೀಪಾವಳಿಯಂದು ಮಾತ್ರ ನೀವು ಸೂರ್ಯನನ್ನು ಏಕೆ ನೋಡುತ್ತೀರಿ?,angry,kn
ಹಾಗಾಗದೇ ಇದ್ದರೆ ಮೂಗಿಗೆ ನೀರು ಬರುತ್ತಿರುವಾಗ ಅದನ್ನೇಕೆ ಘೋಷಿಸುತ್ತೀರಿ?,angry,kn
ನ್ಯಾಯಾಂಗವು ಮಾರಾಟವಾಗಿದೆ ಎಂಬುದನ್ನು ಕೆಳಗಿನ ಟ್ವೀಟ್ ತೋರಿಸುತ್ತದೆ,angry,kn
ಜನರು ಕಿವುಡರಾಗುತ್ತಾರೆ ಎಂದು ಇದರ ಅರ್ಥವೇ?,angry,kn
ಸಲಹೆಗಳನ್ನು ಪೋಸ್ಟ್ ಮಾಡುವುದನ್ನು ಏಕೆ ನಿಲ್ಲಿಸಬೇಕು ?? ನೀವು ಅದನ್ನು ಕಳೆದುಕೊಂಡಿದ್ದೀರಾ? ಸ್ವಯಂ!!,angry,kn
"ಬೀದಿಗಳಿಂದ ದೆಹಲಿ ಸರ್ಕಾರದವರೆಗೆ, ಈ ಜನರು ತಮ್ಮ ವೈಫಲ್ಯಕ್ಕೆ ಇತರರನ್ನು ದೂಷಿಸುತ್ತಾರೆ.",angry,kn
"ಮಾಫಿವೀರ್ ಅವರ ಆದರ್ಶವಾಗಿದ್ದರೆ, ಅವರು ಯಾವ ರೀತಿಯ ಹೋರಾಟವನ್ನು ಮಾಡುತ್ತಾರೆ!",angry,kn
ಸಲ್ಮಾನ್ ಖಾನ್ ಅವರ ನೆರೆಯ ವಿವಾದವು ನಟನಿಗೆ ವಿಶ್ರಾಂತಿಯನ್ನು ತರುವುದಿಲ್ಲ,neutral,kn
ನೀವೇ ಸರ್ಕಾರ. ವರ್ಷಗಳು ಉರುಳುತ್ತಿವೆಯೇ???? ಮಹಾಭೋಗ್ ಮುಂಭಾಗ,angry,kn
ನಾವು ಇಂಗ್ಲಿಷ್ ಮಾಧ್ಯಮವನ್ನು ಬಹಿಷ್ಕರಿಸಿದ್ದೇವೆ.,happy,kn
ಹಣ ವಂಚನೆ ದಂಧೆಯ ಮಾಸ್ಟರ್ ಮೈಂಡ್ ಬಂಧನ,neutral,kn
"ಅಣ್ಣ ನಿನ್ನ ಡ್ಯಾನ್ಸ್ ಮಾಡಬೇಡ, ಆ ವರ್ಷ ನಿನ್ನ ಸಾಮ್ರಾಜ್ಯವಾಗಿತ್ತು ಎನ್ನುವುದನ್ನು ಹೇಗೆ ಮರೆಯಲಿ",angry,kn
ಇದನ್ನು ನಾನೇ ಘೋಷಿಸುತ್ತಿದ್ದೇನೆ.. ಯಾಕೆಂದರೆ ನನ್ನ ಕಾರ್ಯಕ್ರಮವನ್ನು ಯಾರೂ ನೋಡುತ್ತಿಲ್ಲ,sad,kn
"ಬಹಳ ಬುದ್ಧಿವಂತ, ಅವನ ಬುಲ್ ಖಾಲಿಯಾಗಿದೆ.",neutral,kn
ನಿನ್ನ ಹೆಸರಲ್ಲಿ ಕಳ್ಳ ಇದ್ದಾನೆ ಯಾಕೆ ಕದಿಯುತ್ತೀಯ? ಮತ್ತು ಸರ್,angry,kn
ಈಗ ಕೃಷಿ ಕಾರ್ಮಿಕರ ಕೂಲಿ ಮೇಲೆ ಜಿಎಸ್‌ಟಿ ಹೇರುತ್ತಿದ್ದೀರಾ?,angry,kn
"ಜಗಳ ಆಗಿಲ್ಲ, ಹಿಂದೆ ಸರಿದಿದ್ದು ಯಾಕೆ? ಸಿಡಿಯುವುದಿಲ್ಲ",angry,kn
"ಹಾಗಾದರೆ ಜೋಕ್ಸಟ್ಟಾ ಜನರು ಎಲ್ಲಿ ಕಣ್ಮರೆಯಾಗಿದ್ದಾರೆ, ನಾವು ಮೊದಲು ಅವರನ್ನು ಬಯಸುತ್ತೇವೆ! ಅವುಗಳನ್ನು ಏಕೆ ಸರಿಪಡಿಸಲಾಗಿದೆ?",angry,kn
ನಿಜವಾಗಿಯೂ ಏನು ನಡೆಯುತ್ತಿದೆ ಎಂದು ತಿಳಿಯಿರಿ,neutral,kn
ಅದೇ ಮಾಡು..! ನೀವು ಮಾಡದ ಹೊರತು ಇದು ಆಗುವುದಿಲ್ಲ..!!,angry,kn
ಯಾವುದು ಖಾಲಿಯಾಗಿದೆ. ...ಮೊದಲು ಆ ಸಾಮಾನು ತೆಗೆದುಕೊಳ್ಳಿ ಸರ್. ಲೋಕನಾ...ಚುಟಿಯಾದ ನಂತರ ಮಾಡು...ಸಾರ್,angry,kn
ರಾವಣನಿಗೂ ಲಂಕೆಯ ಶಕ್ತಿಯ ಬಗ್ಗೆ ಅಭಿಮಾನ!,angry,kn
ಅತ್ತೆಯ ಮನೆಗೆ ಹೋದರೆ ಈ ಮನೆಯ ಮಕ್ಕಳು ಹೆಮ್ಮೆ ಪಡುತ್ತಾರೆಯೇ? ಇದು ಎಲ್ಲ ಮಹಿಳೆಯರಿಗೆ ಮಾಡಿದ ಅವಮಾನ.,angry,kn
ಅಂತಹ ಮಾದರಿಗಳನ್ನು ಮಹಾರಾಷ್ಟ್ರದಲ್ಲಿ ಏಕೆ ಉತ್ಪಾದಿಸಲಾಗುತ್ತದೆ?,angry,kn
ತಿರಸ್ಕಾರ ನಾನು ಹೇಯ ಕಪಟಿಯನ್ನು ಭೇಟಿಯಾದಂತೆ ಅನಿಸುತ್ತದೆ,angry,kn
ಅಕ್ಕಿ ಕಳ್ಳನಾದರೆ ಚಾಯಿಬಾ ಏನು ಮಾಡಬೇಕು? ಮಿಯಾ ಖಲೀಫಾ ಜೈಲಿನಲ್ಲಿ ಉತ್ತಮವಾಗಿ ಕಾರ್ಯನಿರ್ವಹಿಸುತ್ತಿದ್ದಾರೆ,angry,kn
ದೇಶದ್ರೋಹಿ... ನಿರ್ಬಂಧಿಸಲಾಗಿದೆ!,angry,kn
"ಹಾಗಾಗಿ, ಗುಜರಾತ್ ರಾಜಕಾರಣಿಗಳಿಗೆ ಮುಂಬೈ 'ಅಪೂರ್ಣ ವ್ಯವಹಾರ'ವಾಗಿದೆ.",angry,kn
"ಭಾವನಾತ್ಮಕ ದ್ರೋಹವನ್ನು ಕೊಂಕಣಿ ಮನುಷ್ಯ ಸಹಿಸುವುದಿಲ್ಲ, ಅವನು ಇದನ್ನು ಸಹಿಸುತ್ತಾನೆಯೇ?",angry,kn
ಚುನಾವಣೆಯನ್ನು ಗಮನದಲ್ಲಿಟ್ಟುಕೊಂಡು ಹೀಗೆ ಮಾಡಲಾಗುತ್ತಿದೆ. ಆದರೆ ಬಿಜೆಪಿ ಸೋಲುತ್ತದೆ,neutral,kn
"ಹೇ ಮೊದಲು ಏನಾಯಿತು, ನಾನು ಸೋತು ಓಡಿಹೋದೆ",angry,kn
ಈಗ ಇದು ಯಾವ ರೀತಿಯ ಕುರುಡು ಭಕ್ತಿ?,angry,kn
ರೂಡಿ ಅವರ ಇನ್ನಿಂಗ್ಸ್ ಮುಂದುವರಿದಿದೆ,angry,kn
ನೇತಾಜಿಯವರು ನಾಥಿ ಗೋಡ್ಸೆಯ ಎರಡು ರಾಷ್ಟ್ರ ಸಿದ್ಧಾಂತದಿಂದ ಪ್ರಭಾವಿತರಾಗಿದ್ದರು.,sad,kn
ಮಹಾರಾಷ್ಟ್ರದಲ್ಲಿ ವೀಳ್ಯದೆಲೆ ಹಿಡಿದು ಪಕ್ಷ ನಡೆಸುವ ನಾಯಕನಿದ್ದಾನೆ.,angry,kn
"ಸಾರ್, ಕಾಂಕ್ರೀಟ್ ಕ್ರಮ ಕೈಗೊಳ್ಳಬೇಕು, ಇಲ್ಲದಿದ್ದರೆ ಈ ಹಾವಿನ ಬಾಯಿ ಮಹಾರಾಷ್ಟ್ರವನ್ನೇ ನುಂಗುತ್ತದೆ.",angry,kn
ಈ ಯೋ...ಬುಟ್ಕಾ ವಂಗ ಮಾಲ್ವಾಣಿ ಜನರ ಹೆಸರನ್ನು ಕೆಡಿಸುತ್ತದೆ,angry,kn
ಶಪಿಸುವುದರಿಂದ ನಿಮಗೆ ಕಿಕ್ ಸಿಗುತ್ತದೆಯೇ?,angry,kn
ಮೌನದ ಸಮಯದಲ್ಲಿ ಆಗದಿರುವುದು ನಡೆಯುತ್ತಿರುವುದು ದುಃಖಕರವಾಗಿದೆ:,sad,kn
ಅಧಿಕಾರದಲ್ಲಿದ್ದಾಗ ಅಮ್ಮನ ನೆನಪಿರಲಿಲ್ಲ.. ಈಗ ನೆನಪಾಗುತ್ತಿದೆ.,sad,kn
ಭುಜದ ಮೇಲೆ ಬಂದೂಕು ಹಿಡಿದು ಶಿವಸೇನೆಯನ್ನು ನಾಶ ಮಾಡಲು ಯತ್ನಿಸುತ್ತಿದ್ದಾರೆ..ಯೋಚಿಸಿ.,angry,kn
ಇದಕ್ಕಿಂತ ಕಡಿಮೆಯಾದರೆ ನಿಮ್ಮ ಮತ ಕಡಿಮೆಯಾದರೆ ಏನು ಮಾಡಬೇಕು ಎಂದು ಕೇಳಿ.,neutral,kn
ದೇಶವನ್ನು ಒಡೆದವರು ಯಾರು? ಬಿಜೆಪಿ ಮಾಡಿದ್ದು ಯಾಕೆ?,angry,kn
ಕಳ್ಳನಿಗೆ ಇಂತಹ ಕೋಳಿಯನ್ನು ಕೊಟ್ಟರೆ ಹೀಗಾಗುತ್ತದೆ,angry,kn
"ಸುಳ್ಳು ಆದರೆ ತಾರ್ಕಿಕವಾಗಿ ಮಾತನಾಡಿ, ಇದು ಬಿಜೆಪಿಯ ನೀತಿ.",angry,kn
"ಮಾರ್ಕ್ ಜುಕರ್‌ಬರ್ಗ್ ಅವರ ಅನುಯಾಯಿಗಳು ಒಂದೇ ಹೊಡೆತದಲ್ಲಿ ಬಿದ್ದರು, ಇತರರು ಸಹ ಭಾರಿ ನಷ್ಟವನ್ನು ಅನುಭವಿಸಿದರು",neutral,kn
ಸ್ವಾಭಿಮಾನಿ ಪಕ್ಷಕ್ಕೆ ಏನಾಯಿತು ಹೇಳಿ?,angry,kn
ಈ ಕಳ್ಳ... ಜಾಮೀನಿನ ಮೇಲೆ ಹೊರಗೆ... ಈ ಹೂ ಮಾರುವವ...,angry,kn
"ಪೇರೆ ಪಾಟೀಲ್, ಗೊತ್ತಿಲ್ಲ ಎಂದು ಹೇಳಿದಾಗ ನಿಮ್ಮ ಅಧ್ಯಯನಕ್ಕೆ ಕೊರತೆಯಿದೆ",angry,kn
ಮತ್ತು ಈ ಬೆನ್ ಒಮ್ಮೆ ಗೃಹ ಸಚಿವರಾಗಿದ್ದರು ...,angry,kn
ಪಾಪ ಮಾಡಬಯಸುವವನಿಗೆ ತಾನಾಗಿಯೇ ಕೆಲಸ ಸಿಗುತ್ತದೆ.,angry,kn
ಈ ವರ್ಷ ಪ್ರಾಮಾಣಿಕವಾಗಿ ಮಣ್ಣು ತೆಗೆದಿದ್ದೀರಾ? ಚುನಾವಣೆ ಇದ್ದಂತೆ,angry,kn
"ಮಹಾರಾಷ್ಟ್ರ ವಿಧಾನಸಭೆ ಚುನಾವಣೆ ಬರಲಿ, ಮರಾಠಿಗರು ಬಿಜೆಪಿಗೆ ವ್ಯವಸ್ಥಿತವಾಗಿ ರಾಜ್ಯ ರಚನೆ ಮಾಡಲಿದ್ದಾರೆ.",angry,kn
"ಏಕೆ, ನನಗೆ ತಿಳಿದಿಲ್ಲ.",neutral,kn
ಇಂತಹ ಅತ್ಯಲ್ಪ ಪತ್ರ ನೋಡಿ ಕಣ್ಣೀರು ಹಾಕುವವರಿಲ್ಲ.,angry,kn
"ಠಾಕ್ರೆಯೊಂದಿಗೆ ರಾಜಕೀಯ ಮಾಡಿದರೆ, ವಿರೋಧ ಪಕ್ಷಕ್ಕೆ ಕೇವಲ ಎರಡು ಆಯ್ಕೆಗಳಿವೆ: ಸೋಲು ಅಥವಾ ಹಿಮ್ಮೆಟ್ಟುವಿಕೆ.",angry,kn
"ವಿಚ್ಛೇದನವಿಲ್ಲದಿದ್ದರೆ, ಆ ಎರಡು ಉಬ್ಬಿದ ಕಪ್ಪೆಗಳು ಯಾವುದೇ ಪ್ರಯೋಜನವಿಲ್ಲ",angry,kn
ನೀನು ಈಗ ಸುಮ್ಮನಿರಲು ಹೊರಟಿದ್ದೀಯಾ...ನಿನ್ನಂತೆ ಅಲ್ಲ. ಹತ್ತು ಮಿಲಿಯನ್,angry,kn
ಇದು ದ್ರೋಹವಲ್ಲ ಗೆಳೆಯ...,angry,kn
ಈ ಎಲ್ಲಾ ಸೋಶಿಯಲ್ ಮೀಡಿಯಾ ಪ್ರಭಾವಿಗಳು ತಮಾಷೆ ಮಾಡುತ್ತಿರುವುದು ನಿಜಕ್ಕೂ ಅದ್ಭುತವಾಗಿದೆ,angry,kn
ಈ ಸುದ್ದಿಯನ್ನು ಮರೆಮಾಚಲು ಜಾಧವ್ ಇಡೀ ದಿನ ಅಲ್ಲಿ ಇಲ್ಲಿ ಓಡುತ್ತಲೇ ಇದ್ದ.,angry,kn
ಶಾಸಕರನ್ನು/ಖಾಸದಾರರನ್ನು/ಕೌನ್ಸಿಲರ್‌ಗಳನ್ನು ಖರೀದಿಸಲು ಸರ್ಕಾರದ ಬಳಿ ಹಣವಿದೆ...ಆದರೆ ಬಡವರ ಮಕ್ಕಳ ಶಿಕ್ಷಣಕ್ಕಾಗಿ ಅಲ್ಲ.,angry,kn
"ಹಿಂದೂ ಸಂಪ್ರದಾಯಗಳು ಚಿಂತನಶೀಲವಾಗಿವೆ, ಈ ಆಲೋಚನೆಗಳಿಗೆ ಅವಮಾನವನ್ನು ಸಹಿಸುವುದಿಲ್ಲ ...",angry,kn
ಮತ್ತು ಆ ಪ್ರಸ್ತುತ ಪತ್ರಿಕೆಯಲ್ಲಿ ಫೇಕು ಸುದ್ದಿ,angry,kn
"ರಾವ್, ಇದು ದೊಡ್ಡ ಅವಮಾನ. ರಾವ್ ಎದುರಿಸಬೇಕಾಗುತ್ತದೆ...",fear,kn
"ಭುಜಬಲ್ ಸರ್, ನೀವು ಯಾವ ರೀತಿಯ ಮಾತನಾಡುತ್ತೀರಿ?",angry,kn
ಇದು ಇಲ್ಲಿ ಗಮನಹರಿಸಲಿ.,angry,kn
ಅಯ್ಯೋ ತನಗೆ ಕುಳಿತುಕೊಳ್ಳಲು ಕರೆದಿಲ್ಲ ಎಂದು ಬೇಸರವಾಯಿತು,sad,kn
ಅಂದರೆ ಸೇನೆಗೆ ನಿಮ್ಮ ಹುದ್ದೆಗೆ ಗೌರವವಿಲ್ಲ.,sad,kn
ಹೀಗೆ ಹೇಳುವ ಮೂಲಕ ಸಂಜಯ್ ಉದ್ಧವ್ ಗೆ ಜೈಲು ಶಿಕ್ಷೆ ವಿಧಿಸುತ್ತಿದ್ದಾರೆ.,sad,kn
ಸೊಲ್ಲಾಪುರದ ಭರತ್ ಭಾಲ್ಕೆ ಉಪಚುನಾವಣೆ ವೇಳೆ ಸಂಸ್ಕೃತಿ ನಿದ್ದೆಗೆಡಿಸಿದೆಯೇ?,angry,kn
ಹೌದು ನಂಬಿದವರೇ... ಸಜ್ಜನನಿಗೆ ಕಿರುಕುಳ ನೀಡುತ್ತಿರುವುದನ್ನು ಸಾರ್ವಜನಿಕರು ನೋಡುತ್ತಿದ್ದಾರೆ.,angry,kn
"ಹ ಹ ನಿಮ್ಮ ಯಜಮಾನ ಮಾತನಾಡುತ್ತಾರೆ ಮತ್ತು ನೀವು ಮಾತ್ರ ಕೇಳುತ್ತೀರಿ, ಸಾಮಾನ್ಯ ಸೈನ್ಯವನ್ನು ನಿರ್ವಹಿಸಲು ಸಾಧ್ಯವಿಲ್ಲ",angry,kn
ಅದರ ಪರಿಣಾಮ ಕ್ರಮೇಣ ತಲೆಯ ಮೇಲೆ ಬೀಳುವುದು ನಿಶ್ಚಿತ.,fear,kn
ರಾಜಕೀಯ ಕಲಿಸಿದ ಚಿಕ್ಕಪ್ಪನಿಗೆ ಬೆದರಿಕೆ ಹಾಕಿದ ತುಜಾ ಸಾಹೇಬ್ ತುಲಾ ಲಖ್ಲಾಭ್,angry,kn
ವೇದಿಕೆಯಲ್ಲಿ ಎಷ್ಟು ಜನ ಇರುತ್ತಾರೋ ಅಷ್ಟೇ ಜನ ಮುಂದೆಯೂ ಇದ್ದಾರೆ.,neutral,kn
ನಿಮ್ಮ ಮೂರ್ಖತನದಿಂದಾಗಿ ನೀವು ಖಂಡಿತವಾಗಿಯೂ ಇದನ್ನು ಕಳೆದುಕೊಳ್ಳುತ್ತೀರಿ,angry,kn
ನೀರು ಜೀವಜಾಗೃತಿ ಬಿಜೆಪಿ ಪಶ್ಚಿಮ ದಕ್ಷಿಣ ವಿಭಾಗ ಅಕೋಲ,neutral,kn
ಶಿವಸೈನಿಕರು ಅವರಿಗೆ ವಿಧಿಯ ಕಿರೀಟವನ್ನು ನೀಡಿದ್ದರು,angry,kn
"ನಿಮ್ಮ ಬುಡಕ್ಕೆ ಏಕೆ ಬೆಂಕಿ ಹೊತ್ತಿಕೊಂಡಿದೆ, ಆದರೆ ಹೌದು, ಪ್ಯಾಕೆಟ್ ಎಲ್ಲಿಂದ ಬಂತು",angry,kn
ತಕ್ಕಡಿ ಸೇನೆಯ ಜ್ಯೋತಿ ಬೆಳಗುವ ಮುನ್ನವೇ ಸಮತಾ ಪಕ್ಷದಿಂದ ನಂದಿಸಲಾಗುತ್ತಿದೆ...!!!,angry,kn
ಆಗ ದಲಭದ್ರಿ ಹೇಳಿದರು.. ಆದರೆ ಕಲ್ಲಂಗಡಿ ಮಗನಿಗೆ ಕೋಪ ಬಂತು.,angry,kn
"ಇವರಿಬ್ಬರ ನಡುವೆ ಸಾಮ್ಯತೆ ಇದೆ, ಆದರೆ ಮದುವೆ ಆಗುತ್ತಿಲ್ಲ, ರಾಜಿ ಮಾಡಿಕೊಳ್ಳಬೇಕು.",neutral,kn
ಮತ್ತು ಬಿಜೆಪಿಗೆ ಒಂದು ಮತವು ದೇಶವನ್ನು ಹಾಳುಮಾಡುವ ಶಕ್ತಿಗಳಿಗೆ ಮತವಾಗಿದೆ. ಬಾಳಾ ಸಾಹೇಬರ ಶಿವಸೇನೆಯನ್ನು ಒಡೆಯುವ ಕಪಟ ಪಕ್ಷಕ್ಕೆ ಮತ ನೀಡಿ.,angry,kn
ಅವರಿಗೆ ಈಗ ತೊಂದರೆ...!,angry,kn
ಇಷ್ಟೊತ್ತಿಗೆ ನೀವು ವಿರೋಧ ಪಕ್ಷದ ನಾಯಕರಾಗಬೇಕಿತ್ತು,sad,kn
ಸಹೋದರ ದಳ್ಳೂಕರ್. ಅವನ ವ್ಯವಹಾರವು ಕಡಿಮೆ ಧ್ವನಿಯಲ್ಲಿ ಬೊಗಳುತ್ತಿದೆ. ಆದರೆ ಸಂಬಳ ನಿಗದಿಯಾಗಿದೆ.,angry,kn
"ಕಮಲವು ತನ್ನ ಬಾಲವನ್ನು ಇಟ್ಟುಕೊಂಡಿದೆ ಎಂದು ಹೇಳಲಾಗುತ್ತದೆ, ಆದರೆ ಅದು ಕುದುರೆಯ ಮೇಲೆ ಬಂದು ಕತ್ತೆಯ ಮೇಲೆ ಏರಿತು",angry,kn
ಬಹುಮತ ನೀಡಿದರೂ ಮುಖ್ಯಮಂತ್ರಿ ಹುದ್ದೆಗೆ ವಿರೋಧ ಪಕ್ಷದವರ ಜೊತೆ ಹೋದಾಗ ಜನರಿಗೆ ದ್ರೋಹ ಬಗೆದರು.,angry,kn
ಇಂದು ಹಿಮ್ಮೆಟ್ಟುವುದು ಸೋಲು ಮತ್ತು ಅವಮಾನ,sad,kn
ಹೌದು ಸಹೋದರ ಈ ಕಾರ್ಯಕ್ರಮವನ್ನು ನಿಲ್ಲಿಸಿ,angry,kn
ಸಂದೀಪ್ ಮೋರೆ ಅಂಬಾನಿ ಉದ್ಯೋಗಿಯಾಗಿದ್ದರು. ಅವರ ಆತ್ಮಹತ್ಯೆ ತನಿಖೆಯಾಗಬೇಕು.,sad,kn
"ಬಸ್ ಅನ್ನು ನಿಲ್ಲಿಸಲಾಗಿದೆ ಮತ್ತು ತಂಬಾಕನ್ನು ವಿಂಡ್‌ಶೀಲ್ಡ್‌ನಲ್ಲಿ ಇರಿಸಲಾಗುತ್ತದೆ, ಇದರಿಂದ ನೀರು ಹೀರಲ್ಪಡುತ್ತದೆ ಮತ್ತು ಮೋಡದ ಬದಲು ಸ್ಪಷ್ಟವಾಗಿರುತ್ತದೆ.",neutral,kn
"ಚುಟಿಯಾ ಶಾಶ್ವತ ನಿಷೇಧವನ್ನು ಬಯಸಿದ್ದರು, ಇದು ಪ್ರತಿ ವರ್ಷವೂ ನಡೆಯುತ್ತದೆ",angry,kn
ಅದು ಎಷ್ಟು ಹುಚ್ಚುತನ ಎಂದು ಈಗ ನನಗೆ ಅರ್ಥವಾಯಿತು. ಬೇರೆ ಯಾವುದೇ ಮನರಂಜನೆ ಇರಲಿಲ್ಲ,sad,kn
ಛತ್ರಪತಿ ಶಿವಾಜಿ ಮಹಾರಾಜರನ್ನು ಯಾರೂ ತನ್ನೊಂದಿಗೆ ಹೋಲಿಸಿಕೊಳ್ಳಬಾರದು. ಮಹಾರಾಜರು ಎಂದಿಗೂ ಸಾರ್ವಜನಿಕರಿಗೆ ಮೋಸ ಮಾಡಿಲ್ಲ,happy,kn
"ರೀಲ್‌ಗಳನ್ನು ತಯಾರಿಸಲು ನಿಮಗೆ ಉತ್ತಮ ಮೊಬೈಲ್ ಫೋನ್ ಬೇಕಾದರೆ, ಟಿಕ್‌ಟಾಕ್ ಸ್ಟಾರ್‌ನ ಆಘಾತಕಾರಿ ಸಾಧನೆ!",happy,kn
ದೇಶವು ವಿಶ್ವದ ಒಂಬತ್ತನೇ ಅದ್ಭುತವನ್ನು ನಡೆಸುತ್ತಿದೆ,sad,kn
"ಅರೇ ಇವನೇ ಮಾತೋಶ್ರೀ ಅಂಗಳದಲ್ಲಿ ಚುನಾವಣೆಯಲ್ಲಿ ಸೋತ ಅಭ್ಯರ್ಥಿ. ಇದನ್ನು ಸಾಧಿಸಿದ ನಂತರ, ಇಶಾನ್ ಶಾಸಕರಾದರು.",angry,kn
ಮತ್ತು ಈ ಅನುಪಯುಕ್ತ ಜನರು ನಮ್ಮನ್ನು ಮುನ್ನಡೆಸುತ್ತಿದ್ದಾರೆ ...,angry,kn
ಕೆಲವರು ವದಂತಿ ಹಬ್ಬಿಸುತ್ತಿದ್ದಾರೆ...ನಾವು ಶಿಂಧೆ ಗ್ರೂಪ್‌ಗೆ ಹೋಗುತ್ತಿದ್ದಾರಂತೆ...,neutral,kn
ಮರಾಠಿಗರಿಗೆ ವಂಚನೆ ಇಷ್ಟವಿಲ್ಲ. ಈ ಕೋಪವು ನಮ್ಮನ್ನು ಶಾಂತಿಯಿಂದ ಕುಳಿತುಕೊಳ್ಳಲು ಬಿಡುವುದಿಲ್ಲ.,angry,kn
ಈ ಜನ ಸಾಮಾನ್ಯರ ಜೇಬಿನಿಂದ ಸಂಬಳ ಪಡೆಯುತ್ತಿದ್ದರೂ ತಮ್ಮ ಜವಾಬ್ದಾರಿಯನ್ನು ನಿಭಾಯಿಸುತ್ತಿಲ್ಲ...,angry,kn
ನಾಲ್ಕೈದು ಬಾರಿ ಸೋತ ನಂತರ ಶಿವಸೇನೆಯ ಪ್ರಾಣವನ್ನೇ ಪಣಕ್ಕಿಟ್ಟು ಶಾಸಕರಾಗಿದ್ದಾರೆ.,angry,kn
ಅಂದು ಭಾರೀ ಮಳೆಯಿಂದಾಗಿ ನೈನಿತಾಲ್ ನ ರೈತರು ಅಣೆಕಟ್ಟಿಗೆ ಹೋಗದೇ ಇದ್ದಿದ್ದರೆ...,angry,kn
ಈಗ ಸಾಹಿಬರನ್ನು ಕೊಂದು ಉಳಿದ ಸೈನ್ಯವನ್ನು ಕೋಟ್ಯಾಧಿಪತಿಗಳನ್ನಾಗಿ ಮಾಡಿ! ಇದು ನಾಚಿಕೆಯಿಲ್ಲದ ಪರಮಾವಧಿ!,angry,kn
ನೀವು ಕಾಗೆಯಾಗುತ್ತೀರಾ?,neutral,kn
ವಿಠ್ಠಲನಿಗಿಂತ ಮೋದಿ ಫೋಟೋ ದೊಡ್ಡದಾಗಿದ್ದಾಗ ಈ ಬರಾಕಿಯಾ ಎಲ್ಲಿದ್ದ!!,angry,kn
ಈ ಪೋಸ್ಟ್ ಪ್ರತಿ ಆರು ತಿಂಗಳಿಗೊಮ್ಮೆ ಸಂಭವಿಸುತ್ತದೆ. ಯಾವ ಪೊಲೀಸರೂ ಕಾನೂನು ಪಾಲಿಸುತ್ತಿಲ್ಲ.,angry,kn
ಇಂತಹ ಮೂರ್ಖರ ಮಾತುಗಳನ್ನು ಕೇಳಿ ಮುಖ ಹಾಳು ಮಾಡಿಕೊಳ್ಳುವುದೇಕೆ?,angry,kn
"ಸಾರ್, ಬಿಜೆಪಿ ಈಗ ಪಾರದರ್ಶಕ ನಿರ್ಧಾರ ತೆಗೆದುಕೊಳ್ಳುತ್ತದೆಯೇ?",neutral,kn
ಈ ವರ್ಷ ವೈದ್ಯಕೀಯ ಕಾಲೇಜು ಆರಂಭಿಸಲು ತೀರ್ಮಾನಿಸಿದ್ದೇವೆ. ಅಧಿಕಾರ ಹಸ್ತಾಂತರದ ನಂತರ ನೀವು ಏನು ಮಾಡಿದ್ದೀರಿ?(/),neutral,kn
ಈ ತೆಲಂಗಾಣ ಸರ್ಕಾರ ಮತ್ತು ಆಡಳಿತವು ಹಿಂದೂ ಮತ್ತು ಹಿಂದೂ ವಿರೋಧಿ ಮನಸ್ಥಿತಿಯನ್ನು ಹೊಂದಿದೆ.,angry,kn
ಮೋದಿಯವರ ರಾಜ್ಯದಲ್ಲಿ ಈ ರೀತಿಯ ಖರ್ಚು ಭರಿಸಲು ಸಾಧ್ಯವಿಲ್ಲ,angry,kn
ಚಿಕ್ಕಮ್ಮನ ಸಮಯದಲ್ಲಿ ಅಂತಹ ಜ್ಞಾನವು ವ್ಯರ್ಥವಾಗುತ್ತದೆ ಎಂದು ನೀವು ಯಾರನ್ನು ಹೇಳುವಿರಿ?,angry,kn
ನಾನು ಈಗಲೂ ಹೇಳುವುದೇನೆಂದರೆ ಇದು ಹಗುರವಾಗಿ ತೆಗೆದುಕೊಳ್ಳುವ ಅಸ್ತ್ರವಲ್ಲ...!,fear,kn
"ನನಗೆ ಗೊತ್ತಿರಲಿಲ್ಲ, ಆದರೆ ಅವರು ಹೊಟ್ಟೆಯನ್ನು ಹಿಡಿದಿರುವುದನ್ನು ನೋಡಿದರೆ ಆಶ್ಚರ್ಯವಾಗುತ್ತದೆ.",neutral,kn
ಅಂತಹ ಚಿತ್ರದ ವಿರುದ್ಧ ನಿಲ್ಲುವುದು ಸೂಕ್ತವಲ್ಲ.,neutral,kn
ಸೊಲ್ಲಾಪುರದಲ್ಲಿ ದಮ್ದುಪ್ಪತ್ ಎಂಬ ಹಗರಣ ನಡೆದಿದೆ.,angry,kn
ಇವರು ನಮ್ಮಲ್ಲಿ ಗಜನಿಯ ಕೆಲವು ಹಾಲೆಂಡ್‌ಗಳು ಮತ್ತು ಚುನಾವಣೆಗಳನ್ನು ಬದಿಗಿಡಬೇಕು,angry,kn
"ಇನ್ನು, ಪುಣೆಯಲ್ಲಿ ಹಬ್ಬ ಹರಿದಿನಗಳಲ್ಲಿ ಹೊರಗೆ ಹೋಗುವವರು, ಕೆಲವರು ಗಣಪತಿ ನವರಾತ್ರಿಯಂದು ಕೂಡ ಹೊರಗೆ ಹೋಗುವುದಿಲ್ಲ...",neutral,kn
ಮತ್ತು ಆ ಪೋರ್ನ್ ಸ್ಟಾರ್ ಪ್ರಥಮೇಶ್ ಅವರ ಚಿಕ್ಕಪ್ಪ ಏನಾಗುತ್ತಾರೆ?,neutral,kn
"ಈ ಆಟ ಆಡಿದ್ದು ಬೇರೆ ಪಕ್ಷಗಳಲ್ಲ, ಬಿಜೆಪಿಯವರು.",angry,kn
"ದಯವಿಟ್ಟು ಗಮನಿಸಿ, ಪ್ರತಿ ಮಳೆಯ ನಂತರ ಚೌಕದ ಸ್ಥಿತಿಯು ಹದಗೆಡುತ್ತದೆ",angry,kn
"ಅವರು ""ನಿಧಾನ ಸೈನಿಕರು"" ಮಾತ್ರವಲ್ಲ... ಮಾನಸಿಕವಾಗಿಯೂ ಸಹ...",angry,kn
ವೀಡಿಯೊವನ್ನು ಏಕೆ ಮುಚ್ಚಲಾಗಿದೆ ಎಂದು ನಾನು ಹೆದರುತ್ತಿದ್ದೆ,fear,kn
ಮೂಲತಃ ಆಯ್ಕೆಗಳು ತಪ್ಪಾಗಿವೆ...ಯಾವಾಗಲೂ ಬಾಳೆಹಣ್ಣಿನ ಸಿಪ್ಪೆಯನ್ನು ಆಯ್ಕೆ ಮಾಡಲು ಬಯಸುತ್ತಾರೆ...,angry,kn
ಗುರು ಶಿಷ್ಯರು ಮೇರು ಕಲಾವಿದರು..............!!!!!,neutral,kn
ಈ ವ್ಯಕ್ತಿ ಎಷ್ಟು ಎಸೆಯುತ್ತಾನೆ,angry,kn
ಎಷ್ಟು ಜನ ನಿನಗೆ ಜನ್ಮ ಕೊಟ್ಟಿದ್ದೀಯಾ ಬಾಸ್ಟರ್ಡ್?,angry,kn
ಕಾಮೆಂಟ್‌ಗಳನ್ನು ಓದಿದ ನಂತರ ನನಗೆ ನಿದ್ರೆ ಬರುತ್ತಿಲ್ಲ.,sad,kn
"ನಮ್ಮ ಧ್ವನಿ ಹೇಳುತ್ತದೆ, ಮಾತನಾಡುತ್ತದೆ.... ಗುಂಪು ಸೇರುವುದು ಹಿಂದುತ್ವ ಅಲ್ಲ... ಅದು ದೇಶ ವಿರೋಧಿ",angry,kn
ಇತ್ತೀಚಿನ ದಿನಗಳಲ್ಲಿ ವದಂತಿಗಳು ಒಳ್ಳೆಯದು,neutral,kn
ಚಿಂತಿಸುತ್ತಿದೆ! ಮುಂಬೈ ನಗರವೊಂದರಿಂದಲೇ ಇಲ್ಲಿಯವರೆಗೆ ಹಲವು ಕಿಲೋ ಡ್ರಗ್ಸ್ ವಶ!,fear,kn
ಡಾ.ರಾಹುಲ್ ಗಾಂಧಿಯವರ ತಟ್ಟೆಯನ್ನು ಎತ್ತಿಕೊಂಡಿದ್ದೀರಾ? ನಿಮ್ಮ ಪಕ್ಷದ ಪರವಾಗಿ ಮಾತನಾಡಿ.,angry,kn
"ನಿಮ್ಮ ಮಗುವನ್ನು ಹೊರತೆಗೆಯಲು ನೀವು ಸಿದ್ಧರಾದ ತಕ್ಷಣ ಈ ರೀತಿಯ ವಟಗುಟ್ಟುವಿಕೆ ಪ್ರಾರಂಭವಾಗುತ್ತದೆ, ನಂತರ...",angry,kn
ಏಕನಾಥ್ ಶಿಂಧೆಯವರ ಸೋಗಿನಲ್ಲಿ ಬಿಜೆಪಿ ಇನ್ನೂ ಎಷ್ಟು ಮಹಾರಾಷ್ಟ್ರ ವಿರೋಧಿ ನಿರ್ಧಾರಗಳನ್ನು ತೆಗೆದುಕೊಳ್ಳುತ್ತದೆ?,angry,kn
ಬಲವಂತದ ಕುತ್ತಿಗೆಯನ್ನು ಅವನ ಎದೆಯ ಮೇಲೆ ಕಲ್ಲು ಹಾಕಲಾಗಿದೆ ಮತ್ತು ಅವನು ಕ್ಯಾಮೆರಾದ ಮುಂದೆ ಇರುವುದರಿಂದ.,angry,kn
"ಮೂರ್ಖ ಭಕ್ತನೇ, ಯಾರನ್ನು ನಜ್ಜುಗುಜ್ಜಾಗಿಸಿದೆ ನೋಡು...",angry,kn
ದೇಶದ್ರೋಹಿಗಳ ವಿರುದ್ಧ ಸೂಕ್ತ ಕ್ರಮ ಕೈಗೊಳ್ಳುವ ಭರವಸೆ ಇದೆ...,angry,kn
"ಇಂದಿಗೂ ಅವರ ಜನ ಜೀವನೋಪಾಯಕ್ಕಾಗಿ ಮುಂಬೈಗೆ ಹೋಗುತ್ತಾರೆ, ಈ ಕಮಿಷನರ್‌ಗಿಂತಲೂ ಈ ಸರ್ ವಿಫಲರಾಗಿದ್ದಾರೆ.",neutral,kn
ಏಕನಾಥ್ ಶಿಂಧೆ ಬಾಳಾಸಾಹೇಬ್ ಠಾಕ್ರೆಯಿಂದ ಕಪಾಳಮೋಕ್ಷ ಮಾಡಿದ್ದು ಏಕೆ? ಚಂಪಾಸಿಂಗ್ ಸ್ಪಷ್ಟವಾಗಿ ಹೇಳಿದ್ದಾರೆ...,angry,kn
"ಇದು ಭಕ್ತರ ಟ್ರೆಂಡ್, ಭಕ್ತ ಟ್ರೋಲ್ ಮಾಡಿದಷ್ಟೂ ಸಂಭಾವನೆ ಹೆಚ್ಚುತ್ತದೆ.",angry,kn
"ಅವರು ಶೆನ್ ತಿನ್ನುವುದಿಲ್ಲ, ಅವರು ಶೆನ್ ಅನ್ನು ಎಸೆಯುತ್ತಾರೆ ...",angry,kn
ಜನಶಕ್ತಿ ಮತ್ತೊಮ್ಮೆ ತನ್ನ ಸಾರ್ಥಕತೆಯನ್ನು ಜಗತ್ತಿಗೆ ತೋರಿಸಿದೆ. ಜನರನ್ನು ವಂಚಿಸುವುದು ಅವರ ಗುರಿಯಾಗಿದೆ.,angry,kn
ಅದು ಹಾರುತ್ತಿದೆ,angry,kn
"ಹೇ ಕಪ್ಪೆ, ನೀವು ಎಷ್ಟು ಮೌಲ್ಯಯುತರು ಮತ್ತು ನೀವು ಎಷ್ಟು ಮಾತನಾಡುತ್ತೀರಿ?",angry,kn
ಈ ವಿಷಯಕ್ಕೆ ಪ್ರಾಮುಖ್ಯತೆ ನೀಡುವ ಅಗತ್ಯವಿಲ್ಲ!,angry,kn
"ಖಂಡಿತ ಸರ್, ಇದು ತಪ್ಪು ನಂಬರ್ ಒನ್",angry,kn
ಪ್ರತಿಯೊಬ್ಬರ ಟ್ವೀಟ್‌ಗಳು ಇದನ್ನು ಹೇಳುತ್ತವೆ,angry,kn
ಬಾಂಧವ್ಯದಿಂದಲೇ ಶ್ರೀಮಂತರೂ ಬಡವರಾಗುತ್ತಾರೆ. ನಿಮಗೆ ಅರ್ಥವಾಗಿದೆಯೇ ಸಹೋದರ?,neutral,kn
ಮಹಾರಾಷ್ಟ್ರ ರಾಜ್ಯದ ಮಂತ್ರಿ ಮತ್ತು ಗುಜರಾತ್‌ಗಾಗಿ ಕೆಲಸ ಮಾಡುವ ಮಹಾರಾಷ್ಟ್ರದ ಪುಂಡ,angry,kn
ನಾವು ಹೊಟ್ಟೆ ತುಂಬಿಸುತ್ತೇವೆ ಆದರೆ ನಿಮ್ಮ ಜೇಬು ತುಂಬಿದಂತಿದೆ.,angry,kn
ಈ ಜಿಲ್ಲೆಯಲ್ಲಿ ಮದ್ಯದ ಹೊರತಾಗಿ ಬೇರೇನಾದರೂ ಅಕ್ರಮ ದಂಧೆ ಇದೆಯೇ?,angry,kn
ಶಿವಸೇನೆ ಠಾಕ್ರೆಯವರದ್ದು,angry,kn
ಉದ್ಯೋಗ ಎನ್ನುವುದು ಕೇವಲ ಭ್ರಮೆ.,neutral,kn
ಇದು ನಿಷ್ಪ್ರಯೋಜಕವಾಗಿತ್ತು ...,angry,kn
ರೈತರು ಆತ್ಮಹತ್ಯೆಗೂ ಮುನ್ನ ಸಹಾಯ ಮಾಡಿ!,angry,kn
ನಿಮ್ಮ ಪಕ್ಷಕ್ಕೆ ಮಾರುಕಟ್ಟೆ ಹೆಚ್ಚಾಗಿದೆ ಹಾಗಾಗಿ ಸುಮ್ಮನಿರಿ!!,angry,kn
ಬೆಳಿಗ್ಗೆ ಎದ್ದಾಗ ಅದು ನಿನ್ನೆಯ ದಿನವಲ್ಲ.,angry,kn
"ಪಂಢರಪುರದ ಸಮಯದಲ್ಲಿ, ಒಬ್ಬ ವ್ಯಕ್ತಿಯು ಬೆಂಬಲವನ್ನು ಪಡೆಯಲು ಮೂಗು ಉಜ್ಜಲು ಹೋದನು.",angry,kn
ಇದು ಅವಮಾನ ಮೇಡಂ...!! ನಿಮ್ಮ ಟ್ವೀಟ್...!! ಕೂಡಲೇ ಬ್ಲಾಕ್ ಮಾಡಿ...!!,angry,kn
ನಿಮ್ಮ ಮನುಷ್ಯ ಜೈಲು ಕೋಣೆಯಲ್ಲಿ ಮೈಕ್ ಹಿಡಿದು ಕುಳಿತಿದ್ದಾನೆಯೇ ?? ಪ್ರತಿಕ್ರಿಯೆ ಹೇಗೆ ಬಂತು??,angry,kn
"ಪ್ರೇತಗಳಿಗೆ ದಯೆ ತೋರಿ, ಆದರೆ ಇತರರಿಗೆ ಅಪಾಯಕಾರಿಯಾದ ಹಸ್ತಕ್ಷೇಪವು ಜೀವಗೋಳದಲ್ಲಿ ಸೂಕ್ತವಲ್ಲ.",neutral,kn
ಫಡ್ನವಿಸ್ ಕಟ್ಟುನಿಟ್ಟಿನ? ಈಕಿ ಮಾತಾಡ್ತಾರಾ? ಅವರು ನಿಮ್ಮ ರಾಜಕೀಯ ತಂದೆಯ ಸೇವಕರೇ?,angry,kn
ವಂಚನೆಯಲ್ಲಿ ಯಾರೂ ಕೈ ಹಿಡಿಯಲು ಸಾಧ್ಯವಿಲ್ಲ,angry,kn
"ಇವರು ಪತ್ರಕರ್ತರಲ್ಲ, ರಾಜಕೀಯ ಪಕ್ಷವೊಂದರ ಸಂಬಳದ ಗುಲಾಮ",angry,kn
ಸರ್ ಮರಾಠಿ ಪತ್ರಕರ್ತರೇ ದಯವಿಟ್ಟು ಮೊದಲು ನನ್ನನ್ನು ಕೆಳಗಿಳಿಸಿ,angry,kn
ವಿದಾಯ ಹೇಳುತ್ತಾ ನಾನು ಮತ್ತೆ ಭೇಟಿಯಾಗಬೇಕೆಂದು ನಿರ್ಧರಿಸಿದೆ ... ಆದರೆ ಅವನ ಕಪ್ಪು ಕಣ್ಣುಗಳು ಅವಳನ್ನು ಕೊನೆಯ ಬಾರಿಗೆ ಭೇಟಿಯಾದವು.,sad,kn
ಆದರೆ ಕೋಟ್ಯಂತರ ಅಭಿಮಾನಿಗಳನ್ನು ಆಳುತ್ತಿದ್ದ ಪರ್ವೀನ್ ಬಾಬಿ ಸಾವು ನೋವು ತಂದಿದೆ.,sad,kn
ನೀವು ಅಮ್ಮನ ಬಗ್ಗೆ ಕಾಳಜಿ ವಹಿಸುತ್ತೀರಾ? ನೀವು ಮೊದಲು ಯೋಚಿಸದೆ ಬರೆಯಬಹುದೇ ಎಂದು ನೋಡಿ,angry,kn
ನಾವು ಅಧಿಕಾರಕ್ಕೆ ಬಂದರೆ ನಾನು ಹುದ್ದೆಯನ್ನು ತೆಗೆದುಕೊಳ್ಳುವುದಿಲ್ಲ - ರಾಜ್ ಠಾಕ್ರೆ,neutral,kn
ನೀವು ಒಳಗೆ ಐಸ್ ಕ್ರೀಂನಷ್ಟು ಎತ್ತರವಿಲ್ಲ,angry,kn
"ಇದರ ಅವಶ್ಯಕತೆ ತುಂಬಾ ಇದೆ ಸಾರ್, ಏಕೆಂದರೆ ರೈತರು ಈ ಮರಳಿನಿಂದ ಬೇಸತ್ತಿದ್ದಾರೆ.",sad,kn
ನೀನು ತುಂಬಾ ಸಂತೋಷವಾಗಿ ಕಾಣುತ್ತೀಯಾ... ಈಗ ಕುಳಿತುಕೊಳ್ಳಿ... ಈ ಸಂತೋಷ ನಮಗೆ ಕಾಣುತ್ತಿಲ್ಲ...,angry,kn
"ಅವರಿಗೆ ತಮ್ಮ ತಂದೆಯ ಅಧಿಕಾರವಿಲ್ಲ, ಅವರು ಬೇರೆಯವರ ತಂದೆಯ ಅಧಿಕಾರದಲ್ಲಿ ಬೆಳೆಯಲು ಪ್ರಯತ್ನಿಸುತ್ತಾರೆ.",angry,kn
ಇಂದು ಬಂಗಾರ್ ಓಡಿಸಿದಂತೆಯೇ ಗತಕಾಲವೂ ಇರಲಿದೆಯಂತೆ,angry,kn
ಏಕನಾಥ ಚಿಂದಿ ಜಿಲೆಟಿನ್ ಖಸ್ಡಾಲನನ್ನು ಬಂಧನದಿಂದ ರಕ್ಷಿಸಲು ದ್ರೋಹ ಎಸಗಿದರು.,angry,kn
ನೀನು ಒಬ್ಬಳೇ ಭಿಕ್ಷೆ ಬೇಡಲು ಹೋದಾಗ ಪುಟ್ಟ ಹುಡುಗಿಯನ್ನು ಯಾಕೆ ಕರೆದುಕೊಂಡು ಹೋದೆ?,angry,kn
ಆದರೆ ನೀನು ದೇಶದ್ರೋಹಿ,angry,kn
"ಹಳ್ಳಿಗರು, ಮಹಾರಥಿಗಳೆಲ್ಲ ಬಿಜೆಪಿಯಲ್ಲಿದ್ದಾರೆಯೇ?",angry,kn
ನಾಯಿಯ ಬಾಲ ಎಂದಾದರೂ ನೇರವಾಗಿರಬಹುದೇ?,neutral,kn
ಈ ವಯಸ್ಸಿನಲ್ಲಿ ಎಷ್ಟೇ ಹಸಿದಿದ್ದರೂ ಈ ಅಣ್ಣನಿಗೆ ಹುಚ್ಚು ಹಿಡಿದಿದೆ,angry,kn
ಬಿಜೆಪಿಯವರೇ ನಿಮ್ಮ ಕೈಗೆ ಬೆಂಕಿ ಹಚ್ಚಿದ್ದು ಯಾಕೆ? ಅದನ್ನು ಹಾಕಿ,angry,kn
ಒಬ್ಬರು ಎರಡಾದರೆ ಸೃಜನಶೀಲತೆ ಕಡಿಮೆಯಾಗುತ್ತದೆ ಎಂದು ಸಹೋದರರು ಹೇಳುತ್ತಿದ್ದರು.,neutral,kn
ಅವರೂ ಕೂಡ ಕೇತ್ಕರ್ ಅವರಂತೆ ಸಂಸದರಾಗಬೇಕು ಎಂಬ ಆಸೆಯಿಂದ ಈ ರೀತಿಯ ಹೊಗಳಿಕೆ ಮಾಡುತ್ತಿದ್ದಾರೆ.,angry,kn
ಅದು ಮುರಿದಾಗ ಅದರ ಅರವತ್ತು ತಲೆಗಳು ಮುರಿದವು. ಈಗ ಮತ್ತೆ ಸಹಾಯಕ್ಕಾಗಿ ಬಂದಿದೆ,angry,kn
ಹೆಣ್ಣಿನ ರೀತಿ ಮಾತನಾಡುವವರು ತಮ್ಮ ಎದುರಾಳಿಗಳನ್ನು ದುರ್ಬಲರು ಎಂದು ಕರೆಯುತ್ತಾರೆ. ಜನರು ನಿಮ್ಮನ್ನು ಮನುಷ್ಯರು ಎಂದು ಭಾವಿಸುವುದಿಲ್ಲ,angry,kn
"ದೇಶದ್ರೋಹಿ ಸೈನ್ಯವು ಈ ವೀಡಿಯೊಗಳನ್ನು ನಂತರ ಉಳಿಸಿ, ನಿಮ್ಮ ಜೀವನದುದ್ದಕ್ಕೂ ನೀವು ಇದನ್ನು ಕೇಳಲು ಬಯಸುತ್ತೀರಿ.",angry,kn
ಬಿಜೆಪಿ ಪಂಢರಪುರದಿಂದ ಚುನಾವಣೆಗೆ ಸ್ಪರ್ಧಿಸಿದ್ದು ಏಕೆ? ಅಂಧೇರಿಯಲ್ಲಿ ಸೋಲು ಇತ್ಯಾದಿ...ಜನರಿಗೆ ಸತ್ಯ ಗೊತ್ತಿದೆ.,angry,kn
"ನಮ್ಮ ಮಾಧ್ಯಮಗಳು ಅಸಹಾಯಕವಾಗಿದ್ದು, ಇಂತಹ ಆರೋಪಗಳನ್ನು ಮಾಡುವುದರಲ್ಲಿ ಮುಂಚೂಣಿಯಲ್ಲಿವೆ.",angry,kn
"ಭಕ್ತರೇ, ನಿಮ್ಮ ಮುಖದ ಸ್ವಲ್ಪ ಬೆಂಬಲವನ್ನು ತೆಗೆದುಕೊಳ್ಳಿ",angry,kn
ಬಿಜೆಪಿ ಕಾರ್ಯಕರ್ತರ ಪರಿಸ್ಥಿತಿ ಜನ ಕುಣಿಯುವ ಹಳ್ಳದಂತಾಗಿದೆ.,angry,kn
ನಿನ್ನನ್ನು ಅವರಿಗೆ ಹೋಲಿಸಿ ನಾಯಿ ಎಂದು ಅನಿಸುವುದಿಲ್ಲವೇ??,angry,kn
ಜ್ಞಾನದ ದೇವತೆಯನ್ನು ಏಕೆ ದ್ವೇಷಿಸಬೇಕು? ಆದ್ದರಿಂದಲೇ ಸರಸ್ವತಿ ದೇವಿಯು ರಾಜಕಾರಣಿಗಳನ್ನು ಮೆಚ್ಚಿಸುವುದಿಲ್ಲ.,angry,kn
"ನೀವು ಯಾವುದನ್ನು ನಿರ್ಧರಿಸುತ್ತೀರಿ? ಮುಂಬೈ, ಮಹಾರಾಷ್ಟ್ರದ ಭಾಷೆ ಹಿಂದಿ.",angry,kn
ಜನರಿಗೆ ಯಾಕೆ ತೊಂದರೆ ಕೊಡುತ್ತೀರಿ... ಕನಿಷ್ಠ ನಿಮ್ಮ ಸ್ಥಾನವನ್ನಾದರೂ ಗೌರವಿಸಿ...,angry,kn
ಭಾವಪೂರ್ಣ ಶ್ರದ್ಧಾಂಜಲಿ ಸಲ್ಲಿಸಲಾಗುತ್ತಿದೆ,happy,kn
ಈ ಮೂಲಕ ಕಾಲೇಜು ಪ್ರಾಂಶುಪಾಲರ ಮೂಲಕ ವಿದ್ಯಾರ್ಥಿಗಳ ಅಭಿವ್ಯಕ್ತಿ ಸ್ವಾತಂತ್ರ್ಯದ ಮೇಲೂ ದಾಳಿ ನಡೆಸಲಾಗುತ್ತಿದೆ.,angry,kn
ಅರ್ಥ? ಸತ್ಯಗಳನ್ನು ಪರಿಗಣಿಸದೆ ಒಬ್ಬರ ಅಭಿಪ್ರಾಯವನ್ನು ನೀಡುವುದು ಏಕೆ ಮುಖ್ಯ?,angry,kn
ಆಗ ನೀವು ಸಹ ಗೌರವಿಸಲ್ಪಡುತ್ತೀರಿ,neutral,kn
ಗುಜರಾತ್ ಮಾದರಿಯಲ್ಲಿ ಸಂವಿಧಾನದ ಪರಿಗಣನೆ ತೀರಾ ಕಡಿಮೆ.,angry,kn
ದೇವಿಯ ಜೊತೆ ಇರುವ ಇಂತಹ ಚಿತ್ರಗಳನ್ನು ಹಾಕಿ ಹಿಂದೂ ಧರ್ಮವನ್ನು ಅವಮಾನಿಸಬೇಡಿ.,angry,kn
ಎಂಎನ್‌ಎಸ್ ಎಂದರೆ ಮತದಾರರಿಲ್ಲದ ಸೇನೆ,angry,kn
ಇವರೂ ಮರಾಠಿಯ ಕೊಲೆಗಡುಕರು.,angry,kn
ಒಮ್ಮೆ ಹರಡಿದ ನಂತರ ಅದನ್ನು ಕಾಪಾಡಿಕೊಳ್ಳಲು ಯಾವುದೇ ತೊಂದರೆ ಇಲ್ಲ,neutral,kn
"""ಅವರು ಯಾವ 'ಸ್ಪೈಡರ್ ಮ್ಯಾನ್'?"", ಉಪಮುಖ್ಯಮಂತ್ರಿ ಫಡ್ನವೀಸ್‌ಗೆ ನಾನಾ ಪಟೋಲೆ ವ್ಯಂಗ್ಯವಾಡಿದರು; ಇಬ್ಬರ ನಡುವಿನ ಜಗಳದಲ್ಲಿ...ಎಂದರು.",angry,kn
! ಚುನಾವಣಾ ಆಯೋಗ ಬಿಜೆಪಿಯೊಂದಿಗೆ ವಿಲೀನವಾಗುವುದಿಲ್ಲ. ಬಿಜೆಪಿಗೆ ಬಾಹ್ಯ ಬೆಂಬಲ ಮುಂದುವರಿಯಲಿದೆ.,neutral,kn
ಈ ಮೂರು ಪಿತಾಮಹರು ದ್ವೀಪಗಳು ಮತ್ತು ನದಿಗಳು.,angry,kn
ಉದ್ಧವ್ ಸಾಹೇಬರು ನಿಮ್ಮ ಸ್ಥಾನಮಾನಕ್ಕಿಂತ ಹೆಚ್ಚಿನದನ್ನು ಕೊಟ್ಟಿದ್ದಾರೆ ಎನ್ನುವುದನ್ನು ಮರೆತು ಇಂದು ಬೊಗಳುತ್ತಿದ್ದೀರಿ.,angry,kn
ಭಕ್ತನ ಬಗ್ಗೆ ಹೇಳುವುದಾದರೆ ಇನ್ನೇನು ಹೇಳಲಿ?,angry,kn
ನೀವು ಆಘಾತಗೊಂಡಿದ್ದೀರಾ? ನಿಮಗೆ ಅಲ್ಲ ಆದರೆ ಉದ್ಧವ್ ಗುಂಪಿಗೆ.,neutral,kn
ನಿಮ್ಮ ಮೂರೂವರೆ ಜಿಲ್ಲೆಗಳ ಸಜ್ಜನರು #ದ್ರೋಹಿಗಳಿಂದ ದ್ರೋಹ ಮಾಡುವ ಸಂಪ್ರದಾಯವನ್ನು ಪ್ರಾರಂಭಿಸಿದರು,angry,kn
ಬಿಜೆಪಿಯ ಉಮೇದುವಾರಿಕೆಗೆ ಬಲವಿಲ್ಲ. ಆದ್ದರಿಂದ ಇದು ಒಂದು ನ್ಯೂನತೆಯಾಗಿದೆ.,angry,kn
"ಹಣದುಬ್ಬರ ದ್ವಿಗುಣ, ನಿರುದ್ಯೋಗ ದುಪ್ಪಟ್ಟು... ಪೆಟ್ರೋಲ್ ಡೀಸೆಲ್ ಟ್ರಿಪಲ್ ಈ ನವ ಭಾರತ...",angry,kn
ಇದೆಲ್ಲ ಸರಿ ಆದರೆ ಜಾಗ ಬಿಟ್ಟು ಓಡಿ ಹೋಗುವುದು ಹೆಮ್ಮೆಯ ವಿಷಯವೇ?,angry,kn
ರಾತ್ರಿಯಿಡೀ ಚಳಿಯಲ್ಲಿ ಪಿಸುಗುಟ್ಟುತ್ತಾ ತೆರೆದ ನೆರೆಯಲ್ಲಿ ಹಾವಿನಂತೆ ಓಡುತ್ತಿರುವೆ,sad,kn
ರೇ ಭೋ ಚುನಾವಣೆಯಲ್ಲಿ ಸೋಲುತ್ತೇನೆ ಎಂದು ತಿಳಿದು ಕ್ಷೇತ್ರದಿಂದ ಓಡಿ ಹೋದರು,angry,kn
ಅವಳು ಕೊಂಕಣಿಯಲ್ಲ ಆದರೆ ನೇಪಾಳಿಯಂತೆ ಕಾಣುತ್ತಾಳೆ ಆದರೆ ನೇಪಾಳಿಯಂತೆ ಕಾಣುತ್ತಾಳೆ...,angry,kn
ನಿಧಾನ ಭಕ್ತನೇ ನೀನು ಯಾರು? ಹಿಂದುಳಿದವರಿಗೆ ಹೇಳಿದರೂ ತಿಳಿಯುವುದಿಲ್ಲ.,angry,kn
"ನೋಡಿ, ಜಾಗೃತ ನಾಯಕರಿಗೆ ಎಲ್ಲವೂ ಗೊತ್ತು",neutral,kn
ಈ ಭಾವೆ ಜಾಮ್ ಈಗ ಮುಗಿಲು ಮುಟ್ಟಿದೆ.,angry,kn
ಲೇ ಹಾಸ್ಲೋ ಮುಂದಿನ ಜನ್ಮದಲ್ಲಿ ಮಹಾರಾಷ್ಟ್ರಕ್ಕೆ ಭೇಟಿ ನೀಡಲಿದ್ದಾರಾ? ದೇವರ ಬಳಿಗೆ ಹೋಗು,angry,kn
ಲಿಖಿತ ಪ್ರಶ್ನೆಗಳನ್ನು ಕೇಳುವ ಬಗ್ಗೆ ನಾನಾ ಅಕ್ಷಯ್ ಕುಮಾರ್ ಏನು ಹೇಳುತ್ತಾರೆ? ಹೌದು,angry,kn
ಡಾ.ಬಾಬಾ ಸಾಹೇಬ್ ಅಂಬೇಡ್ಕರ್ ಅವರು ನೀಡಿದ ನಿರ್ಣಯಗಳ ಬಗ್ಗೆ ಬಿಜೆಪಿ ಮತ್ತು ಎಎಪಿ ನಡುವೆ ವಿವಾದ ಏಕೆ?,neutral,kn
ಸ್ವಲ್ಪ ತಪ್ಪಾಗಿದೆ. ಬಿಜೆಪಿ ಪತ್ರಕರ್ತರಿಗೆ ಅವಕಾಶ ನೀಡುವುದನ್ನು ಮುಂದುವರಿಸಲಿದೆ. ನಾವು ಪತ್ರಕರ್ತರನ್ನು ಮಾತ್ರ ನೇಮಿಸಿಕೊಂಡಿದ್ದೇವೆ,neutral,kn
ಇದು ಸಂತೋಷಪಡುವ ವಿಷಯವಲ್ಲ.,sad,kn
ನೀವು ದೇಶದ್ರೋಹ ಮಾಡಿದರೂ ಠಾಕ್ರೆಯವರ ಜೀವಕ್ಕೆ ಕುತ್ತು ಬರದ ಹೊರತು ನಿಮ್ಮ ರಾಜಕೀಯ ಅಸ್ತಿತ್ವ ಶೂನ್ಯ.,angry,kn
ವಕಾಡ್ ತಪ್ಪಿಸಿಕೊಳ್ಳಲು ಬಯಸಲಿಲ್ಲ ಮತ್ತು ಲಯದಲ್ಲಿ ವೃತ್ತಗಳಲ್ಲಿ ಚಲಿಸುತ್ತಿದ್ದನು,angry,kn
ಲೋಗೋ ಚೆನ್ನಾಗಿದೆ!! ಬಿಳಿ ಬೇಡ!!,angry,kn
ಜನರನ್ನು ವಂಚಿಸುವ ಕಥೆಗಳು ಹೇರಳವಾಗಿವೆ,angry,kn
ದೇಶದ್ರೋಹಿ ಬಾಳಾ ಸಾಹೇಬರ ಜ್ಯೋತಿಯನ್ನು ಶಿವಸೇನೆಗೆ ಹಸ್ತಾಂತರಿಸುವುದಾಗಿಯೂ ಹೇಳಲಿದ್ದಾರೆ,angry,kn
ನೀವು ದೇವರಾಗಿದ್ದೀರಿ ಅಥವಾ ಏನು ಎಂದು ಬೆದರಿಕೆ ಹಾಕುತ್ತಾರೆ.,angry,kn
ಹಾಗಾದರೆ ಅದೇ ಸಮಯದಲ್ಲಿ ಏಕೆ ಅಲ್ಲ,angry,kn
ಈ...ಏಕಪಕ್ಷೀಯ/ಪಕ್ಷಪಾತಿ...ತಥಾಕಥಿತ ಪತ್ರಕರ್ತರು...ಇದನ್ನು...ಅವರನ್ನು ತಡೆಯುವ ಮೂಲಕ ಸಾಬೀತುಪಡಿಸಿದ್ದಾರೆ!,angry,kn
"ಮೊದಲನೆಯದಾಗಿ, ಕೆಜೆಪಿ ಮತ್ತು ರಾಷ್ಟ್ರೀಯ ಗೇ ಸಂಘವನ್ನು ಬಹಿಷ್ಕರಿಸುವ ಸಮಯ!",angry,kn
ಹೀಗಿರುವಾಗ ಮತ ಹಾಕುವುದು ಎಂದರೆ ಅತ್ಯಾಚಾರಿಗಳು ಮತ್ತು ಭಯೋತ್ಪಾದಕರಿಗೆ ಮತ ಹಾಕುವುದು ಎಂದು ಏಕೆ ಹೇಳಬೇಕು?,angry,kn
ಮಣ್ಣು ಎಲ್ಲಿಂದ ಬಂತು ಎಂದು ತಿಳಿಯಬಾರದು,angry,kn
ಎಲ್ಲೆಲ್ಲೂ ಬಾಂಬ್‌ಗಳು. ಹೋತಿಸ್ ಮೂರ್ಜಾದ ಮೇಕೆ ಬುರ್ಜಿ ಮಾಡಲು ಹೊರಟಿದ್ದ,angry,kn
ಚುನಾವಣೆಗೆ ಸ್ಪರ್ಧಿಸಲು ನಿಮಗೆ ನಾಚಿಕೆಯಾಗುವುದಿಲ್ಲವೇ?,angry,kn
ಇದು ಗುಜರಾತ್‌ಗೆ ಮಾಡಿದ ಅವಮಾನ.,angry,kn
"ಚತುರನೂ ಬಂದ, ಮಾತಿನಲ್ಲಿ ಜಿಪುಣನಾಗಬೇಡ ರಾವ್!",angry,kn
ಕೂಲಿಗಾಗಿ ಬೊಗಳುವುದು...ಆದರೆ ನಾಯಿಗಳಷ್ಟು ಬೆಲೆ ನಿನಗಿಲ್ಲ,angry,kn
"ವಾಚಲ್ವೀರ್ ಉತ್ತರ: ಹಣದುಬ್ಬರ ಏಕೆ ಹೆಚ್ಚಾಗಿದೆ, ರೂಪಾಯಿ ಏಕೆ ಕುಸಿಯುತ್ತಿದೆ? ನಿರುದ್ಯೋಗ ಎಷ್ಟು ಹೆಚ್ಚಾಗಿದೆ?",angry,kn
": ಸಾವಿನ ನಂತರ ವೈಶಾಲಿಯ ಕೊನೆಯ ಆಸೆಯನ್ನು ಪೂರೈಸಿದ ಕುಟುಂಬ, ಕೊನೆಯ ಆಸೆ ಏನು?",neutral,kn
ಇದು ಘರ್ಷಣೆಯಾಗಬಹುದು...ಮಹಿಳೆಯರನ್ನು ನಿಂದಿಸುವುದು...ಬಹಳ ಬಲವಂತದ ವಾದ...,happy,kn
ಈಗ ನೀವು ಅಡಿಕೆ ಊದಲು ವೀಳ್ಯದೆಲೆ ರಾಣಿಯನ್ನು ತೆಗೆದುಕೊಳ್ಳುತ್ತಿದ್ದೀರಾ?,angry,kn
"ನೋಡಿ, ತರ್ಕಬದ್ಧ ಅಥವಾ ಪ್ರಾಮಾಣಿಕ ವಾದವನ್ನು ಹೊಂದಿಲ್ಲದವರು, ಅವರು ಶಾಪ ಹಾಕಲು ಪ್ರಾರಂಭಿಸುತ್ತಾರೆ",angry,kn
ಮಿಕ್ಕಿ ತಮಾಷೆ ಮಾಡಿದರು,neutral,kn
ರವಿಯ ಲಡ್ಡುಗಳನ್ನು ಎಸೆಯುವ ಬಗ್ಗೆ ಮಾತನಾಡುವವರಿಗೆ ರವಿಯ ಲಡ್ಡುಗಳ ಮಹತ್ವ ಅರ್ಥವಾಗಿಲ್ಲ...,angry,kn
ನಾನು ಆವಾಸ್‌ನ ಭಯಾನಕ ರಾತ್ರಿಯಲ್ಲಿ ಬಂದೆ.,fear,kn
ಇದಕ್ಕೂ ಮುನ್ನ ಸ್ಥಳೀಯ ಚುನಾವಣೆ ನಡೆದಾಗ ಪತ್ರ ಬರೆಯುವ ಯೋಚನೆ ಏಕೆ ಬರಲಿಲ್ಲ?,angry,kn
"ಈ ಮನುಷ್ಯ ತುಂಬಾ ಕೀಳಾಗಿ ಮಾತನಾಡುತ್ತಾನೆ, ಅವನ ಹೆತ್ತವರು ಅವನಿಗೆ ಕೊಟ್ಟ ಮೌಲ್ಯಗಳು ...",angry,kn
ಸೋನಾಲಿ ಬಾಯಿ ಮೋದಿ ಭಾರತಕ್ಕೆ ಸೇರದಿದ್ದರೆ ಹೀಗೆ ಹೇಳಬೇಕಾ?,angry,kn
ರಾಜದೀಪ್ ಸರ್ದೇಸಾಯಿಯವರ ಮರಾಠಿ ಖರ್ಗೆಯವರಿಗಿಂತ ಕೆಟ್ಟದಾಗಿದೆ.,angry,kn
ಎಲ್ಲರೂ ಕತ್ತಿ ಗುರಾಣಿ ಹಿಡಿದ ಯೋಧರಲ್ಲ ಆದರೆ ಕೆಲವರು ದೇಶದ್ರೋಹಿಗಳೂ ಹೌದು...,angry,kn
. ಉದ್ಧವ್‌ನನ್ನು ಕೊಂದು ವರ್ಷ ಕಳೆದಿದೆಯೇ?,angry,kn
"ದುರದೃಷ್ಟವೆಂದರೆ ದೇಶವನ್ನು ನಡೆಸುವವರಾಗಲೀ, ಯುದ್ಧ ಮಾಡುವವರಾಗಲೀ, ರೈತರಾಗಲೀ...",sad,kn
ಇದು ಶಾಲಿಗ್ರಾಮ. ಭೋಸಲೆ ಉಪನಾಮ ಕುಖ್ಯಾತವಾಗಿದೆ.,angry,kn
ಈಗ ಇದನ್ನು ಕೇಳಿದ ಮೇಲೆ ನನಗೆ ತುಂಬಾ ಕೋಪ ಬರುತ್ತಿದೆ... ಇದು ನಿಜವಾಗಿದ್ದರೆ ನೀವು ಖಂಡಿತವಾಗಿ ನಿಮ್ಮ ತಲೆಯನ್ನು ಬಡಿದುಕೊಳ್ಳುತ್ತೀರಿ.,angry,kn
ಇಂದು ಕಾಸಿಕೆಡದಲ್ಲಿ ಮೋಡ ಕವಿದು ಭಾರೀ ಮಳೆಯಾಗಿದೆ.,neutral,kn
ಮಹಾರಾಷ್ಟ್ರದ ದುಷ್ಟ ಸರ್ಕಾರ ಗುಜರಾತ್‌ಗಾಗಿ ಕೆಲಸ ಮಾಡುತ್ತಿದೆ,angry,kn
ಟೊಳ್ಳಾದ ಬಿದಿರಿನ ಕೋಲುಗಳಿಂದ ಅವರ ಕಲ್ಲಂಗಡಿಗಳನ್ನು ಸೋಲಿಸಿ. ಅಂದರೆ ಅವರ ಅನುಕರಣೆಯ ನಾದ ಮಂಕಾಗುತ್ತದೆ.,angry,kn
"ಮೇಡಂ, ಅವಳು ಇತರರಿಗಿಂತ ತನ್ನ ಸ್ವಂತ ಕ್ಷೇತ್ರದಲ್ಲಿ ಹೆಚ್ಚು ಬೀಳುವುದಿಲ್ಲ.",angry,kn
ಹಾಗಾದ್ರೆ... ನಿಮ್ಮ ಮೇಲೂ ಕೇಸು ದಾಖಲು ಮಾಡಿದ್ದರೆ ಎಷ್ಟು ಕೆಟ್ಟದ್ದು.,angry,kn
ಈ ದೇಶದ್ರೋಹಿ ಮಹಿಳೆಯ ಬಗ್ಗೆ ಮಾತನಾಡಿ.,angry,kn
ದೇಹದಲ್ಲಿ ಶಕ್ತಿ ಇಲ್ಲದೇ ಕೋಲು ಹಿಡಿದು ಓಡುತ್ತಾರೆ,angry,kn
ಅಂಧ ಭಕ್ತರು ಈಗ ಬೊಗಳುತ್ತಾ ಬರುತ್ತಾರೆ,angry,kn
ದೊಡ್ಡವರು ನಿಮ್ಮನ್ನು ಬ್ಲಾಕ್ ಮಾಡುವುದರಿಂದ ಯಾವುದೇ ಪ್ರಯೋಜನವಾಗುವುದಿಲ್ಲ ಸಾರ್..,angry,kn
ಇವತ್ತು ನಿನ್ನ ಹೆಂಡತಿ ಊಟ ಮಾಡಲಿಲ್ಲವೇ?,angry,kn
"ಈಗ ನೀನು ಮಾಡಲಾರೆ, ಶಿಂಧೆ ನಿನ್ನನ್ನು ಶಾಶ್ವತವಾಗಿ ಮನೆಗೆ ಬೀಗ ಹಾಕಿದ್ದಾನೆ",angry,kn
ಈ ಕತ್ತಲೆಯಲ್ಲಿ ಭಕ್ತರು ಬಾಣಗಳನ್ನು ಬಿಡಬೇಕು,angry,kn
ಬಡವರನ್ನು ಬಡವರು ಮತ್ತು ಶ್ರೀಮಂತರನ್ನು ಅತ್ಯಂತ ಶ್ರೀಮಂತರನ್ನಾಗಿ ಮಾಡುವ ವ್ಯವಸ್ಥೆ ಇದೆ.,angry,kn
"ಯಾರು, ಏಕೆ ಚಿತ್ರಿಸಿದ್ದಾರೆ? ಅವರಿಬ್ಬರೂ ಹನ್ನೆರಡು ಮಂದಿ",angry,kn
ಈಗ ಕೆಲಸಗಾರರು ಬಳೆಗಳು ಅಥವಾ ದಾಂಡಿಯಾ ಚಿಹ್ನೆಗಳನ್ನು ತೆಗೆದುಕೊಳ್ಳುತ್ತಾರೆ,angry,kn
ಪತ್ರಕರ್ತರೋ ಅಥವಾ ವಕ್ತಾರರೋ ಗೊತ್ತಿಲ್ಲ,angry,kn
"ಆದರ್ಶ್ ಪ್ರೇರಣಾ ಪ್ಯಾಂಥರ್, ದಿವಂಗತ ಗೌರವಾನ್ವಿತ ನಾಮದೇವ್.ಡಿ.ಗಾಯಕ್ವಾಡ್, (ತಾಯಿ) ಅವರ ಪುಣ್ಯತಿಥಿಯಂದು ಅವರ ಉದಾತ್ತ ಸ್ಮರಣೆಗೆ ಹೃತ್ಪೂರ್ವಕ ಶ್ರದ್ಧಾಂಜಲಿ.",happy,kn
ಲಾಭ-ನಷ್ಟದ ರಾಜಕಾರಣದಲ್ಲಿ ದೇಶ ಮತ್ತೆ ಗುಲಾಮಗಿರಿಗೆ ಹೋಗಬೇಕೆ?,angry,kn
"ಅದು ಸರಿ, ಅಧಿಕಾರದ ಆಳ್ವಿಕೆ ಹೆಚ್ಚು ಕಾಲ ಉಳಿಯುವುದಿಲ್ಲ",angry,kn
ಅವನು ಈಗಾಗಲೇ ದೇಶದ್ರೋಹಿಯಾಗಿದ್ದನು. ..ನರೇಶ್,angry,kn
"ಓಹ್, ಅವನು ಏನು ಮಾತನಾಡುತ್ತಿದ್ದಾನೆಂದು ಅವನಿಗೆ ಅರ್ಥವಾಗಿದೆಯೇ ... ಅವನು ತನ್ನನ್ನು ತಾನೇ ನಗುತ್ತಾನೆ",angry,kn
ನೇಪಾಳಕ್ಕೆ ಯಾವುದೇ ಬೆಲೆ ನೀಡದಿರಲು ನಾನು ನಿರ್ಧರಿಸಿದೆ.,angry,kn
....ಪಾಪಿ ಠಾಕ್ರೆಯನ್ನು ಬೆಂಬಲಿಸುವುದೇ ದೊಡ್ಡ ಅಪರಾಧ....,angry,kn
ಕೋಲ್ ಇಲ್ಲದೆ ಅವನು ಏನನ್ನೂ ಮಾಡಲು ಸಾಧ್ಯವಿಲ್ಲ ಎಂದು ತೋರುತ್ತಿದೆ,angry,kn
ದೇಶದ್ರೋಹ ನಿಮ್ಮ ರಕ್ತದಲ್ಲಿದೆ ಸರ್,angry,kn
ನಿಮ್ಮಂತಹ ಜನರನ್ನು ನೀವು ಅರ್ಥಮಾಡಿಕೊಂಡಿದ್ದೀರಾ? ಹೀಗೆ ಸಾಗಿತು...,angry,kn
ರೈತರ ಬಗ್ಗೆ ಎಲ್ಲರಿಗೂ ಚಿಂತೆ ಇದೆ ಆದರೆ ಕೃಷಿ ಕಾರ್ಮಿಕರ ಬಗ್ಗೆ ಯಾರಿಗೂ ಚಿಂತೆ ಇಲ್ಲ.,sad,kn
ಇಷ್ಟು ದೊಡ್ಡ ಅಭಿವೃದ್ಧಿಶೀಲ ದೇಶಕ್ಕೆ ಇದು ಅತ್ಯಂತ ನಾಚಿಕೆಗೇಡಿನ ಸಂಗತಿ.,sad,kn
"ಉದ್ಧವ್ ಬಾಳಾಸಾಹೇಬ್ ಠಾಕ್ರೆ ಅವರ ಚುನಾವಣೆಯಲ್ಲಿ ಶಿವಸೇನೆ ಪ್ರಚಾರ ನಡೆಸಲಿದೆಯೇ? ""ಬಾಳಾ ಸಾಹೇಬರ ಶಿವಸೇನೆ""ಯನ್ನು ಬೇರು ಸಮೇತ ಕಿತ್ತೊಗೆಯಬೇಕು.",angry,kn
ಭ್ರಷ್ಟಾಚಾರ ಕಡಿಮೆಯಾಗಿದೆ,angry,kn
ಅದನ್ನು ಅಲ್ಲೊಂದು ಇಲ್ಲೊಂದು ತೆಗೆಯುತ್ತಿಲ್ಲ ಏಕೆ?,angry,kn
ನೀಗ್ರೋ ಇಲ್ಲ. ವಿದೇಶಿಯರನ್ನು ಕಡಿಮೆ ಮಾಡಲಾಗಿದೆಯೇ ಎಂದು ಮೊದಲು,angry,kn
"ಕಿಲೋ ತೂಕದಲ್ಲಿ ಮನಸ್ಸು ಶೂನ್ಯ... ಇದೇ ಉದ್ದೇಶ, ತೂಕ ಇಳಿಸುವುದು...",angry,kn
ದಯವಿಟ್ಟು ಕಾಮಗಾರಿಯನ್ನು ವೇಗಗೊಳಿಸಿ. ವಿಳಂಬದಿಂದ ಅಭ್ಯರ್ಥಿಗಳು ಸಮಸ್ಯೆ ಎದುರಿಸುತ್ತಿದ್ದಾರೆ.,sad,kn
ಈ ಡೈಲಾಗ್ ಹೇಳಲು ಕಳೆದ ಎರಡೂವರೆ ವರ್ಷಗಳಿಂದ ಬೆರಳುಗಳನ್ನು ಬಿಗಿಯಾಗಿ ಹಿಡಿದುಕೊಂಡಿದ್ದೀರಾ?????,angry,kn
"ಹೇ, ಎಂತಹ ಮನುಷ್ಯ, ಸರಳವಾದ ಶ್ರದ್ಧಾಂಜಲಿಯೂ ಈ ಕ್ರೂರ ರಾಜಕೀಯವನ್ನು ಮುಳುಗಿಸುವುದಿಲ್ಲ",angry,kn
ಈ ಮಧ್ಯವರ್ತಿಗಳಿಂದಲೇ ಜನರು ಪಕ್ಷ ತೊರೆದರು,angry,kn
ಮನುಷ್ಯರೇ ಆಗಿದ್ದರೂ ಕೆಸರು ಹೊದ್ದುಕೊಂಡು ಓಡಾಡುತ್ತಾರೆ,angry,kn
ಮನೆ ಮಾಲೀಕರು ಪಡೆಯುವ ಸಂಭಾವನೆಯಲ್ಲಿ ಈ ಯೋಜನೆಯನ್ನು ಉಚಿತವಾಗಿ ಜಾರಿಗೊಳಿಸಬೇಕು.,angry,kn
ಅಂದರೆ ಟೀ ಕುಡಿದ ನಂತರ ಅವಳನ್ನು ಹೊಡೆಯಲು ಬರುತ್ತಾನೆ ಮತ್ತು ನನ್ನನ್ನು ಹೊಡೆಯುತ್ತಾನೆ,angry,kn
ಅತುಲ್ ಸರ್ ನೀವು ಖುನಾಸ್ ಅನ್ನು ಏಕೆ ನೋಡುತ್ತಿದ್ದೀರಿ..,sad,kn
ಅವರ ಪಕ್ಷ ಯಾವಾಗ ರಚನೆಯಾಯಿತು ಎಂಬುದು ಅಧ್ಯಕ್ಷರಿಗೇ ಗೊತ್ತಿಲ್ಲ,angry,kn
ನನ್ನನ್ನು ಬಂಗಲೆಗೆ ಕರೆದುಕೊಂಡು ಹೋದರೆ ಸರಿಯಾಗುತ್ತದಾ?,angry,kn
"ಗೆಲ್ಲಲು ಬಯಸುವವರು, ಆದರೆ ರಾಜಕೀಯ ಆಡುವವರು, ನಾವು ಸೋಲುತ್ತೇವೆ ಎಂದು ಹೇಳುವವರು ಪ್ರೀತಿಸುತ್ತಾರೆ",happy,kn
ಇದು ಮೂಢನಂಬಿಕೆ,neutral,kn
"ಅಂದರೆ, ನೀವು ಕೊಳಕು ತಿನ್ನಲು ಬಯಸಿದರೆ!!!!",angry,kn
ಇದು ಎಲ್ಲಾ ಕಿಕ್ಕಿರಿದ,neutral,kn
ದೇಶದ್ರೋಹಿ ಪಕ್ಷದ ನಾಯಕನ ಮಾತು ಶುರುವಾಗಬೇಕಿತ್ತು,angry,kn
ಮುದುಕನಿಗೆ ಹುಚ್ಚು ಹಿಡಿದಿದೆಯೇ?,angry,kn
"ಜಹೀರ್ನಾಮಾದಲ್ಲಿ ಸ್ಕೈ ಬಸ್ ಮತ್ತು ರಿಂಗ್ ರಸ್ತೆ ನಿರ್ಮಿಸಲು ಹೊರಟಿದೆ, ಆದರೆ ಅದು ಇನ್ನೂ ಕಂಡುಬಂದಿಲ್ಲ.",angry,kn
"ಅವನು ಏನನ್ನೂ ಹೇಳಲಿಲ್ಲ, ನೀನೂ ಏನಾದರೂ ಹೇಳು ...",angry,kn
ಈ ಪ್ರಶಸ್ತಿಯನ್ನು ಸ್ವೀಕರಿಸಲು ಹಾಜರಿರುವುದು ಮತ್ತು ಫೋಟೋ ತೆಗೆಯುವುದು ಕಡ್ಡಾಯವೇ?,angry,kn
"ಮುಂಬೈನಲ್ಲಿ ಕಣ್ಣು ನೋವು, ಕಣ್ಣು ನೋವು ಅಥವಾ ಇನ್ಫೆಕ್ಷನ್ ಆದ ತಕ್ಷಣ ಹೀಗೆ ಮಾಡಿ...",neutral,kn
ನಿನ್ನದೂ ಮುಗಿಯಿತು ನೋಡು ಸ್ವಲ್ಪ ಸೌದೆ ಉರಿಯುವುದಿಲ್ಲ ಅಪ್ಪ.,angry,kn
ಕಳೆದ ಎರಡೂವರೆ ವರ್ಷದಲ್ಲಿ ನಿರ್ಮಿಸಿದ ರಸ್ತೆಗಳನ್ನು ತೆಗೆದಿದ್ದೀರಾ?,angry,kn
ಕತ್ತೆ ಹೇಳಿತು,angry,kn
ನಿಜವಾದ ಶತ್ರುವಿಗಿಂತ ಗುಪ್ತ ಮಿತ್ರ ಅಪಾಯಕಾರಿ ಎಂಬುದನ್ನು ಬಿಜೆಪಿ ನೆನಪಿಟ್ಟುಕೊಳ್ಳಬೇಕು.,angry,kn
"ಈಗ ಕಪ್ಪೆ ಮಿಯಾಂವ್, ನೀವು ಯಾಕೆ ತುಂಬಾ ಭಯಪಡುತ್ತೀರಿ?",angry,kn
"ಹೇ ಗೆಳೆಯಾ.. ನೀನೂ ರಾಯಗಢ್ ಮಾಡಿದ್ದೀಯಾ..!! ಇಲ್ಲ, ನನಗೆ ಇದು ಅರ್ಥವಾಗಲಿಲ್ಲ..!! ಈಗ..!! ಬಡವ..",angry,kn
ದೇಶದ್ರೋಹಿಗಳಿಗೂ ಬಾಳಾಸಾಹೇಬ್ ಠಾಕ್ರೆಗೂ ಯಾವುದೇ ಸಂಬಂಧವಿಲ್ಲ.,angry,kn
ಇದು ಅತ್ಯಂತ ಕಡಿಮೆ,angry,kn
"ಹೇ, ಬಾಸ್ಟರ್ಡ್, ಕೋಪಗೊಳ್ಳು, ಫೇಕು ನಿಮ್ಮ ಹೊಸ ತಂದೆ.",angry,kn
ಬಿಜೆಪಿಯಿಂದ ತಾವು ಸೋಲುತ್ತೇವೆ ಎಂಬುದು ಅವರ ಅರಿವಿಗೆ ಬಂದಿರಬೇಕು.,neutral,kn
"ಚೇತರಿಸಿಕೊಳ್ಳದ ಕಾರಣ ವಿಷಯವು ಶಾಂತವಾದಾಗ, Waze ಮೂಲಕ ಚೇತರಿಕೆ ಬಹಿರಂಗವಾಗಿ ಪ್ರಾರಂಭವಾಯಿತು.",angry,kn
ಇದು ದೇಶದ್ರೋಹಿಗಳ ಬಾಯಿಗೆ ಹಿಡಿಸುವುದಿಲ್ಲ,angry,kn
"ಎಂಎನ್‌ಎಸ್ ಬಿಜೆಪಿಯ ಬಿ ಟೀಮ್ ಆಗಿದ್ದು, ಶಿವಸೇನೆ ವಿರುದ್ಧ ಮಾತ್ರ ಮಾತನಾಡಲಿದೆ.",angry,kn
ಅಬೆಯ ಸಮಸ್ಯೆ ಏನು? ಕಾಳಜಿಯು ಅವರ ಜನರನ್ನು ಕೋಪಗೊಳಿಸುತ್ತದೆ ...,angry,kn
ಒಂದು ವಾಸ್ತವ.. ಶಿಕ್ಷಕನ ಕೈಯಿಂದ ಬೆತ್ತ ಮಾಯವಾಯಿತು ಮತ್ತು ಜಗತ್ತು ನಿಯಂತ್ರಣ ತಪ್ಪಿತು...!,sad,kn
ಮತಕ್ಕಾಗಿ ಏನು ಆದರೆ...!!,angry,kn
ನೀವು ದೇಶದ್ರೋಹಿಯಾಗಿ ಉಳಿಯುತ್ತೀರಿ ಮತ್ತು ಮುಂದಿನ ಪೀಳಿಗೆಗೆ ಅದೇ ಕಳಂಕವನ್ನು ಬಿಟ್ಟಿದ್ದೀರಿ.,angry,kn
"ಅರ್ಥಶಾಸ್ತ್ರಜ್ಞರೇ, ಕುಸಿತ ಏಕೆ ಆಗುತ್ತಿದೆ ಎಂದು ಹೇಳಬಲ್ಲಿರಾ?",angry,kn
"ಯಾಕೆ ನಗುತ್ತೀಯ, ಮದುವೆಯ ಆಮಂತ್ರಣ ಸಿಗಲಿಲ್ಲ",sad,kn
"ಈಗ ಫಡ್ನವೀಸ್ ಏನು ಮಾಡಿದರು, ಅವರನ್ನು ಏಕೆ ತೆಗಳುತ್ತಿದ್ದಾರೆ.",neutral,kn
ಅವರು ಹೆಸರಿಗೆ ಮಾತ್ರ ಮುಖ್ಯಸ್ಥರಾಗಿ ಉಳಿದಿದ್ದಾರೆ ಮತ್ತು ಎಲ್ಲಾ ಆದೇಶಗಳನ್ನು ಬಾರಾಮತಿಯ ಭವಿಷ್ಯದ ಪ್ರಧಾನಿ ಅವರಿಗೆ ನೀಡಲಾಗುತ್ತದೆ.,angry,kn
ಘೃಷ್ಣೇಶ್ವರನ ವಿಷಯವೂ ಹಾಗೆಯೇ.,neutral,kn
ಜನರು ಹುಚ್ಚರು ಎಂದು ಭಾವಿಸುತ್ತಾರೆಯೇ?,neutral,kn
"ನಿಮ್ಮ ಪೆಟ್ಟಿಗೆಯಿಂದ ನೀವು ಅದನ್ನು ಅನುಭವಿಸುತ್ತೀರಾ, ಸರ್?",angry,kn
ಆದರೆ ನೀವು ಪಾಕಿಸ್ತಾನದ ರಾಷ್ಟ್ರೀಯ ಭಾಷೆಯಲ್ಲಿ ಏಕೆ ಮಾತನಾಡುತ್ತಿದ್ದೀರಿ?,angry,kn
"ಹೇ, ನಿಮ್ಮ ಎದೆಯನ್ನು ನೇರಗೊಳಿಸಬೇಡಿ",angry,kn
ಏನ್ ನಿದ್ದೆ ಮಾಡ್ತಿದ್ದೀಯಾ?... ಗೃಹ ಮಂತ್ರಿ ಎಲ್ಲಿ?,angry,kn
ಎಷ್ಟೇ ಹಸಿದಿದ್ದರೂ...,angry,kn
ಕ್ಯಾಪ್ ಕಪ್ಪು ಮತ್ತು ಹೃದಯವೂ ಕಪ್ಪು!,angry,kn
ನೀವು ಕುರುಡರು ಮತ್ತು ನಿರುದ್ಯೋಗಿಗಳೂ ಆಗಿದ್ದೀರಿ,angry,kn
ಶಾಸಕರು ಅಲ್ಲಿಂದ ಬಂದಿದ್ದು ಮುಂಬೈಗೆ ಬರುತ್ತಾರೆ....ಔರಂಗಾಬಾದ್ ನಲ್ಲಿ ಇಷ್ಟು ಒಳ್ಳೆಯ ಆಸ್ಪತ್ರೆ ಇಲ್ಲವೇ...?,angry,kn
ನೀವು ಆರಿಸಿದರೆ ನೋಡಿ,neutral,kn
) ಜೋಶಿ ವಡೆವಾಲೆ ) ವಡೆವಾಲೆ ಜೋಶಿ ನಮಗೆ ಎಲ್ಲಿಯೂ ಶಾಖೆ ಇಲ್ಲ!,neutral,kn
ಇದು ಶುದ್ಧ ಸಜ್ಜನಿಕೆ ಮನುಷ್ಯ,angry,kn
"ಇಲ್ಲ, ದೇಶದ್ರೋಹಿಗಳು ಮತ್ತೆ ಎದ್ದು ತಮ್ಮ ಸ್ಥಾನವನ್ನು ತೋರಿಸುತ್ತಾರೆ",angry,kn
ತಮ್ಮ ಇಡೀ ಜೀವನವನ್ನು ಬೆದರಿಸುವ ಮತ್ತು ಜನರನ್ನು ಬೆದರಿಸುವುದರಲ್ಲಿ ಕಳೆದವರು ಹಾಗೆ ಏನನ್ನೂ ಹೇಳಬಾರದು.,angry,kn
"ಇಡೀ ದೇಶವೇ ಕುರುಡಾಗಿದ್ದು, ಒಂದೂವರೆ ಮಾತ್ರ ಸುಭದ್ರವಾಗಿದೆ",angry,kn
ಮೊದಲು ನಿಮಗೆ ಬಾಳಾ ಸಾಹೇಬರು ಆದರೆ ಮುಖ್ಯ ಬಾಳಾ ಸಾಹೇಬರು ದೇವರಸ್.. ಅಣಜಿಪಂತ ಸರಿಯಾಗಿ ಅರ್ಥಮಾಡಿಕೊಂಡಿದ್ದಾರೆ..,angry,kn
"ಇಲ್ಲ, ನೀವು ಏನು ಮಾಡಬಹುದು?",neutral,kn
ಇದು ಉದ್ಧವ್ ಸಾಹೇಬರ ತಂದೆಗೆ ಸೇರಿದ್ದು,neutral,kn
ನಿಮಗೆ ಬೇರೆ ಯಾವ ಕೆಲಸವಿದೆ?,angry,kn
ಅವನ ಮೆದುಳಿಗೆ ನಿಜವಾಗಿಯೂ ನಿದ್ರೆ ಬೇಕು. ಏನು ನಡೆಯುತ್ತಿದೆ?,angry,kn
ಯಾರು ಅಳುತ್ತಿದ್ದಾರೆ ಎಂದು ನ್ಯಾಯಾಲಯ ಹೇಳಿದೆ. ಕೊಳಕು ರಾಜಕಾರಣ ನಡೆಯುತ್ತಿದೆ ಎಂದರು.,angry,kn
ನೀವು ಅದೇ ಬ್ರಹ್ಮಾಂಡದ ಭಾಗವಾಗಿದ್ದೀರಿ,angry,kn
"ತಾಯ್ ಒಬ್ಬ ಮೂರ್ಖ, ಅವನು ಏನು ಬರೆಯುತ್ತಾನೆಂದು ಅವನಿಗೆ ಅರ್ಥವಾಗುವುದಿಲ್ಲ",angry,kn
ಈಗ ಈ ಮೂರ್ಖ ದೇಶದ ರಾಜತಾಂತ್ರಿಕ ಸಲಹೆಗಾರನಾಗಿದ್ದಾನೆ.,angry,kn
ಛತ್ರಪತಿ...ಯಶವಂತರಾವ್ ಚವಾಣ್....ಶರದ್ ಪವಾರ್....ಠಾಕ್ರೆ... ದೆಹಲಿಯಲ್ಲಿ ಮಹಾರಾಷ್ಟ್ರದ ಹೆಸರು ಗಳಿಸಿ... ಕಳೆದುಕೊಂಡರು.,sad,kn
ಇಷ್ಟೆಲ್ಲಾ ಆಗಿದ್ದರೆ ಠಾಕ್ರೆಯವರ ಮೇಲೆ ಏಕೆ ಪೊರಕೆ ಎಸೆಯಲು ನೀವು ಬಯಸಿದ್ದೀರಿ ಎಂದು ನೀವು ಹೇಳುತ್ತೀರಿ?,angry,kn
"ಹೌದು, ಚಮ್ ಬಾ ಲೋಕಸಭೆಗೆ ಹೋಗಬೇಕಿತ್ತು.",angry,kn
"ಉದಯ್, ಕೆಳಗಿನ ಕಾಮೆಂಟ್‌ಗಳನ್ನು ಓದಿ, ಜನರು ನಿಮ್ಮನ್ನು ಬಂಡುಕೋರರನ್ನು ತುಂಬಾ ನಿಂದಿಸುತ್ತಾರೆ.",angry,kn
ಆದುದರಿಂದಲೇ ಮಹಿಳೆಯರನ್ನು ಟ್ರೋಲ್ ಮಾಡುವ ಮೂಲಕ ಪೌರುಷ ತೋರಿಸುತ್ತಿರುವುದು ನಿಜವಾಗಿದೆ.,angry,kn
ಔರಂಗಾಬಾದ್‌ನ ಸಿಡ್ಕೋ ಪೊಲೀಸ್ ಠಾಣೆಯಲ್ಲಿ ಪ್ರಕರಣ ದಾಖಲಾಗಿದೆ.,neutral,kn
ಈಗ ನಾನು ಅದನ್ನು ಚಿಕ್ಕ ಹುಡುಗನಂತೆ ಮಾಡಲು ಪ್ರಾರಂಭಿಸುತ್ತೇನೆ,angry,kn
ನಿಮಗೆ ಆಗಲೇ ಗೊತ್ತಿತ್ತಾ.. ಇಷ್ಟು ವರ್ಷ ಏನಾಗ್ತಿತ್ತು?,angry,kn
ನಿಧಾನ ಸೈನಿಕರು ಬಳೆಗಳನ್ನು ಒಡೆಯಲು ಬಂದಿದ್ದರೇ?,angry,kn
ಆಗಲೂ ಬರಿ ಬೆರಳುಗಳನ್ನು ಧರಿಸಿದ್ದಕ್ಕಾಗಿ ಶಿವಸೈನಿಕರು ಕಪಾಳಮೋಕ್ಷ ಮಾಡಿದರು.,angry,kn
ರೈತ ವರ್ಗದ ದುರದೃಷ್ಟಕರ ಸತ್ಯವನ್ನು ಯಾರು ಪ್ರಸ್ತುತಪಡಿಸುತ್ತಾರೆ ...,sad,kn
ನಿಮ್ಮ ಅಭ್ಯರ್ಥಿ ಸಿಡಿದೇಳುವಷ್ಟು ಹಠ ಹಿಡಿದಿದ್ದರಿಂದ ಓಡಿ ಹೋಗಿದ್ದೀರಿ,angry,kn
ಕೆಳಗಿನಿಂದ ಸುಟ್ಟರೆ ಎಲ್ಲರಿಗೂ ಕಷ್ಟ,fear,kn
ಈ ಕೃತ್ಯ ಅತ್ಯಂತ ದುರದೃಷ್ಟಕರ. ಇಂತಹ ಕೃತ್ಯ ಎಸಗುವುದನ್ನು ನಿಷೇಧಿಸಬೇಕು,angry,kn
ಪಂಢರಪುರದಲ್ಲಿ ಸಂಸ್ಕೃತಿ ಎಲ್ಲಿ ಹೋಯಿತು?,neutral,kn
ಇತ್ತೀಚಿನ ದಿನಗಳಲ್ಲಿ ಪಕ್ಷಪಾತವಿಲ್ಲದ ಅಭಿಪ್ರಾಯಗಳನ್ನು ನೀಡುವವರು ಬಹಳ ಕಡಿಮೆ!,neutral,kn
"ಇದು ಬ್ರೋಕರ್ ಎಂದು ನಾನು ಭಾವಿಸುತ್ತೇನೆ, ನೀವು ಹಣವನ್ನು ನೋಡಿದ್ದೀರಾ?",angry,kn
"ನೀವು ಎಂದಾದರೂ ಮುಂದೆ ಬರುತ್ತೀರಾ ಅಥವಾ ಎಂದಿಗೂ, Twitter ಗೆ ನಿಮ್ಮ ಗುಲಾಮಗಿರಿಯನ್ನು ಮುಂದುವರಿಸುತ್ತೀರಾ?",angry,kn
ಗುಜರಾತಿನ ನಾಗರಿಕರು ಮೋದಿಯನ್ನು ವಿರೋಧಿಸಲು ಪ್ರಾರಂಭಿಸಲಿಲ್ಲ.,neutral,kn
ಒಳ್ಳೆ ಏರು.. ದೇಶ ಕೊಂದೆಯಾ?,angry,kn
"ಸಿಕ್ಕಿದ ಪೆಟ್ಟಿಗೆಯಿಂದಲೇ ಕೊಡಬೇಕು, ಸಾರ್ವಜನಿಕರ ಹಣವನ್ನು ಹೀಗೆ ಪೋಲು ಮಾಡಬಾರದು.",angry,kn
ಅಂದರೆ ಪೆಟ್ಟಿಗೆಗಳು ಖಾಲಿಯಾಗಲಿಲ್ಲ ಮತ್ತು ಪಿಂಚಣಿ ಜಾರಿಗೆ ಬಂದಿತು.,angry,kn
ಇಂತಹ ವಿಷಯಗಳು ದೇಶದ ಹಣಕಾಸು ಸಚಿವರಿಗೆ ಹಿಡಿಸುತ್ತವೆಯೇ???,angry,kn
ಫಡ್ನವಿಸ್ ತನ್ನ ಪರವಾಗಿ ಮಾತನಾಡಲು ಸಾಧ್ಯವಾಗದ ಕಾರಣ ಹಂದಿಗಳನ್ನು ಸಾಕಿದ್ದಾರಾ?,angry,kn
"ಮಕ್ಕಳ ಮಲಗುವ ಸಮಯದಲ್ಲಿ ""ನಾನು ನಿನ್ನನ್ನು ನಾಳೆ ಕೊಲ್ಲುತ್ತೇನೆ"" ಎಂದು ಸಂದೇಶಗಳನ್ನು ಬಿಡಿ.",angry,kn
ಇಂದು ನಿರುದ್ಯೋಗಿಗೆ ಹಸಿವಿನಿಂದ ಇರಲು ಸಾಕಷ್ಟು ಕೆಲಸ ಸಿಕ್ಕಿದೆ... ಮುಂದುವರಿಸಿ,angry,kn
"ಈಗ ಏಡಿ, ಪಾಲಿನ ಆವಿಷ್ಕಾರಕರೂ ರಾಜಕೀಯಕ್ಕೆ ಬರತೊಡಗಿದರು...!",angry,kn
ನನ್ನ ಪ್ರಕಾರ ಅಲ್ಲಿಯೂ ಸಾಕಷ್ಟು ಸ್ವಜನಪಕ್ಷಪಾತವಿದೆ.,neutral,kn
"ವಾಹನಗಳು ನೀರಿನಿಂದ ಹರಿಯುತ್ತಿದ್ದವು, ಈಗ ಅವುಗಳ ಹಿಂದೆ ಓಡಿ ಸೂರ್ಯವಂಶಿಗಾಗಿ ಇಲ್ಲಿ ಕುಳಿತಿವೆ",angry,kn
ಅನೇಕ ಜನರು ಈ ರೀತಿಯ ಹುಳುಗಳನ್ನು ಹೊಂದಿದ್ದರು.,angry,kn
"OBC ಕಾರ್ಪೊರೇಶನ್ ಅನ್ನು ಯಾವಾಗ ನೇಮಕ ಮಾಡಲಾಗುತ್ತದೆ? ಕೇವಲ ನೇಮಕಾತಿಗಳಿಂದ ತೃಪ್ತರಾಗಬೇಡಿ, ಆದರೆ ಅವರಿಗೆ ಹಣಕಾಸು ಒದಗಿಸಿ!",neutral,kn
ನೀವು ಕಟ್ಟಾ ಹಿಂದೂ ಎಂದು ಹೇಳಿದರೆ ಸಾವರ್ಕರ್‌ಗೆ ಭಾರತ ರತ್ನ ಏಕೆ ನೀಡಬಾರದು.,angry,kn
"ಮಹಾರಾಷ್ಟ್ರದ ಅಭೂತಪೂರ್ವ ರಾಜಕೀಯ ಅಸಹಾಯಕತೆಗೆ ಅತ್ಯುತ್ತಮ ಉದಾಹರಣೆಯೆಂದರೆ, ""ನಾವು ಮರಾಠಿಯಲ್ಲಿ ಮಾತನಾಡಿದರೆ ಅದು ಕೆಲಸ ಮಾಡುತ್ತದೆ?""",angry,kn
ಒಂದೇ ಸ್ಥಳದಲ್ಲಿ ಇಂತಹ ಅಪಾಯಕಾರಿ ಮಳೆಯನ್ನು ನೋಡಿಲ್ಲ...,fear,kn
ಎಲ್ಲ ತರಕಾರಿಗಳ ಬೆಲೆಯೂ ಹೆಚ್ಚಾಗಿದೆ. ಶುಭೋದಯ!,neutral,kn
"ಈಗ ನಾವು ಈ ಬೀದಿ ನಾಯಿಗಳಿಂದ ಕಲಿಯಬೇಕಾಗಿದೆ, ನಾವು ಪ್ರತಿದಿನ ಅಂತಹ ನಾಯಿಗಳನ್ನು ಓಡಿಸುತ್ತೇವೆ",angry,kn
ನಿಮ್ಮಲ್ಲಿ ಯಾರಾದರೂ ಆಹ್ವಾನಿಸದೆ ಪಾಕಿಸ್ತಾನಕ್ಕೆ ಹೋಗಿ ಬಿರಿಯಾನಿ ತಿಂದಿದ್ದೀರಾ?,angry,kn
ನೀವು ಎಂಎನ್ಎಸ್ ನಾಯಕರು ತಮ್ಮ ಕೈಲಾದಷ್ಟು ಕೆಲಸ ಮಾಡುತ್ತಿದ್ದೀರಿ ಮತ್ತು ಬಿಜೆಪಿಯ ಕೆಲಸವನ್ನು ಮಾಡುತ್ತಿದ್ದೀರಿ.,angry,kn
"ಬಾಂದ್ರಾ ರೈಲು ನಿಲ್ದಾಣದ ಬಳಿ ಶಿಥಿಲಗೊಂಡ ಸ್ಕೈವಾಕ್ ಕುಸಿದಿದೆ, ಆದರೆ...",neutral,kn
ತೊಳೆದ ಅಕ್ಕಿಯಂತೆ...ಅಲ್ಲಿಯೇ ನಿಜವಾದ ಭ್ರಷ್ಟರು ಇರುತ್ತಾರೆ ಅಲ್ಲವೇ?,angry,kn
ನಿಮ್ಮ ಬಟ್ಟೆ ಕೊಳಕಾಗಿದ್ದರೆ ಬೇರೆಯವರ ಬಟ್ಟೆ ಒಗೆಯಲು ಏಕೆ ಹೋಗುತ್ತೀರಿ?,angry,kn
ಇಲ್ಲಿಯವರೆಗೆ ಈ ಚಹಾ-ಬಿಸ್ಕತ್ತು ಚುನಾವಣಾ ಆಯೋಗವನ್ನು ಬಿಜೆಪಿಯ ಬಿ-ಟೀಮ್ ಎಂದು ಕರೆಯುವ ಮೂಲಕ ಪ್ರಚಾರ ಮಾಡಲಾಗುತ್ತಿದೆ.,angry,kn
"ಅವನು ದೊಡ್ಡವನು.. ಸರಿ, ಆ ನಿರ್ಭೀತ ಒಡಕದ ಬಗ್ಗೆ ಭಕ್ತರು ಏಕೆ ಯೋಚಿಸಿದರು?",angry,kn
ಮುಂಜಾನೆ ನನ್ನನ್ನು ಹಸಿ ಕೊಂದಿದ್ದೀಯಾ.. ಶೀತಲ್ ಜೀ..,angry,kn
ಅಸಹ್ಯಕರ ನೋಟಗಳಿರುವ ಈ ಮಹಿಳೆಯ ವಿರುದ್ಧ ಪ್ರಕರಣ ದಾಖಲಿಸುವುದೇ?,angry,kn
ನೀವು ಥಂಬ್ಸ್‌ನಲ್ಲಿ ಒಳ್ಳೆಯವರು ಎಂದು ಇಡೀ ಜಗತ್ತಿಗೆ ತಿಳಿದಿದೆ,angry,kn
"ರೂಡಿಯ ದಾವೊ ಸೂಪರ್ ಪವರ್ ಮುಂಬೈನಲ್ಲಿ ಅಭ್ಯರ್ಥಿಗಳನ್ನು ಪಡೆಯುವುದಿಲ್ಲ, ಆದ್ದರಿಂದ ಅವರ ಮೌಲ್ಯ ಏನು ಎಂದು ನಿಮಗೆ ತಿಳಿದಿದೆ",angry,kn
ಅವರು ಅದರ ಬೆಲೆಯನ್ನು ಪಾವತಿಸಲು ಬಯಸುವುದಿಲ್ಲ. ಇವರು ನಿಧಾನ ಸೈನಿಕರು,angry,kn
ಶಿಂಧೆ ಫಡ್ನವೀಸ್ ಸರ್ಕಾರ ಲೂಟಿ ಮಾಡುವ ಸರ್ಕಾರ,angry,kn
ಇದು ಪ್ರಾಮಾಣಿಕ ಪತ್ರಕರ್ತರು ಮತ್ತು ಚಾನೆಲ್‌ಗಳ ಕೆಲಸವೇ ಹೊರತು ದೇಶದ್ರೋಹಿ ಪತ್ರಕರ್ತರಲ್ಲ.,angry,kn
"ನಿಮಗೆ ಕಣ್ಣುಗಳಿವೆಯೇ? ಹಿಂದೂ, ಜಾತಿ ಎಂಬ ಪದಗಳು ಎಲ್ಲಿವೆ?",angry,kn
ಇದು ನಿಮ್ಮ ಮೂರ್ಖ ದಿವಾಳಿತನ. ......,angry,kn
ಭಾರತವು ಮಡ್ಜಿಯೊಂದಿಗೆ ಜಗತ್ತನ್ನು ಮುನ್ನಡೆಸುತ್ತಿದೆ ಮತ್ತು ಎರೆಹುಳುಗಳು ಭಾರತದಲ್ಲಿ ವಿಹರಿಸುತ್ತಿವೆ,angry,kn
"ಅಪ್ಪಾ ಹೀಗೆ ಹೇಳಬಾರದಿತ್ತು, ಸಾರಿ ಬ್ರದರ್ ಹೇಳಬೇಕೆನಿಸಿತು",angry,kn
ಬಂಗಲೆಗೆ ಕರೆದೊಯ್ದು ಕೊಂದಿದ್ದಕ್ಕೆ ಏನು ಬಹುಮಾನ ಕೊಟ್ಟರು?,angry,kn
"ಮರಾಠವಾಡದಲ್ಲಿ ಮತ್ತೆ ಭಾರೀ ಮಳೆ, 'ಈ' ಜಿಲ್ಲೆಗಳಿಗೆ ಹಾನಿ!",neutral,kn
"ಟಾಟಾ ಸಮೂಹದಿಂದ ದೊಡ್ಡ ಹೆಜ್ಜೆ! ಲಿಸ್ಟೆಡ್ ಕಂಪನಿಗಳ ಸಂಖ್ಯೆ ಅರ್ಧದಷ್ಟು ಕಡಿಮೆಯಾಗುತ್ತದೆ, ಲಕ್ಷಾಂತರ ಷೇರುದಾರರ ಮೇಲೆ ಪರಿಣಾಮ ಬೀರುತ್ತದೆ.",neutral,kn
ಹಿಂದುತ್ವದ ಮೇಲೆ ದಾಳಿ ನಡೆದ ಕ್ಷಣದಲ್ಲಿ ಶೀಲಕ್ ಸೇನೆ ಕೂಡ ಇದೇ ರೀತಿ ಕೊನೆಗೊಳ್ಳುತ್ತದೆ ಎಂದು ನಿರ್ಧರಿಸಲಾಯಿತು.,angry,kn
ಶರದ್ ಪವಾರ್ ಹೆಚ್ಚು ಅಪಾಯಕಾರಿಯೇ ಅಥವಾ ಕಡಿಮೆಯೇ? ಸುಮ್ಮನೆ ಉತ್ತರಿಸಿ.,angry,kn
ಈ ಜನರು ಶಿಂಧೆ ಗುಂಪನ್ನು ವಿರೋಧಿಸಿದ್ದರು,neutral,kn
ಈಗ ಯಾರೂ ಈ ಕರೆಯನ್ನು ಸ್ವೀಕರಿಸುತ್ತಿಲ್ಲ,neutral,kn
ಈ ಹಿಂದೆ ಕಿರುತೆರೆ ನಟಿ ಕಾನಿಷ್ಕಾ ಸೋನಿ ಸಾಜಿದ್ ಖಾನ್ ವಿರುದ್ಧ ಆರೋಪ ಮಾಡಿದ್ದರು.,neutral,kn
ಈ ಮಹಿಳೆ ಈಗ ಪೂರ್ಣ ಮಹಾಶಕ್ತಿಯೊಂದಿಗೆ ಸಮಾಧಿ ಮಾಡಲಾಗುವುದು,happy,kn
ಇದು ಏಕೆ ಸಂಭವಿಸುತ್ತದೆ? ನಿಮ್ಮೊಳಗೆ ಏನಾದರೂ ಆಟವಿರಬೇಕು.,fear,kn
ಆ ವರ್ಷದಿಂದ ಅಂತಹ ಯಾರಾದರೂ ಕಾರ್ಯಕರ್ತನಾಗಿ ಅನುಯಾಯಿಗಳನ್ನು ಪಡೆಯಲು ಹೊರಟರು. ಎಂತಹ ಕಾಕತಾಳೀಯ,angry,kn
ಬಡತನದ ಸಮಯದವರೆಗೆ ಅದು ಉತ್ತಮವಾಗುತ್ತಿತ್ತು. ಮಕ್ಕಳು ಸಮಯಕ್ಕೆ ಸರಿಯಾಗಿ ಮನೆಗೆ ಬರುತ್ತಿದ್ದರು.,neutral,kn
ರಾಜ್ಯ ಸೇವಾ ಸೀಟು ಕಡಿಮೆ ಮಾಡುವ ಬಗ್ಗೆ ಏನಾದರೂ ಮಾಡಿ ಸಾರ್.. ಈ ಸರ್ಕಾರ ಕೇಳುತ್ತಿಲ್ಲ,neutral,kn
ಇದು ನಮ್ಮ ದೇಶದಲ್ಲಿ ಹೆಚ್ಚುತ್ತಿರುವ ಕೊಳಕು ಎಂಬುದಕ್ಕೆ ಉತ್ತಮ ಉದಾಹರಣೆ!!! ದೇವರೇ ದಯವಿಟ್ಟು ನಮ್ಮನ್ನು ಕಾಪಾಡು!!!,angry,kn
- ಅರಣ್ಯ ಇಲಾಖೆಯಿಂದ ಹುಲಿ ಸೆರೆ; ಜನರ ಮೇಲೆ ದಾಳಿ ಮಾಡಲಾಯಿತು,neutral,kn
"""ಅಪ್ಪೆ"" ಅಂತ ಅಂಜುಬುರುಕರಾಗಬೇಡಿ ಸಾರ್. ಇತರರ ಬಗ್ಗೆಯೂ ಯೋಚಿಸಿ...",angry,kn
ಈ ದಿನಗಳಲ್ಲಿ ಹಂಶಾಂಟಾಂಗ್‌ಗಳು ಸಹ ಜನಪ್ರಿಯವಾಗಿವೆ,angry,kn
ಶಿಂಧೆಯ ಚಿಂದಿ ಆಯುತ್ತೆ..! ಇದು ಕಪ್ಪು ಕಲ್ಲಿನ ಮೇಲೆ ಬಿಡಿಸಿದ ಬಿಳಿ ಗೆರೆ.,angry,kn
ಅವರೊಂದಿಗಿನ ನಿಮ್ಮ ಹೋರಾಟದಲ್ಲಿ ಠಾಕ್ರೆ ನಾಗನನ್ನು ಏಕೆ ಮಾನಹಾನಿ ಮಾಡುತ್ತಿದ್ದಾರೆ,angry,kn
ಕ್ಷೇತ್ರಕ್ಕೆ ಬಂದು ಚುನಾವಣೆಗೆ ಸ್ಪರ್ಧಿಸುವುದು ಅಷ್ಟು ಕಷ್ಟವೇ ಹೇಳಿ?,angry,kn
ಎಷ್ಟು ಮಳೆಯಾಗಬೇಕು ಎಂಬುದನ್ನು ಮುನ್ಸಿಪಲ್ ಕಾರ್ಪೊರೇಷನ್ ನಿರ್ಧರಿಸುವುದಿಲ್ಲ - ಉಪಮುಖ್ಯಮಂತ್ರಿ ದೇವೇಂದ್ರ ಫಡ್ನವಿಸ್.,neutral,kn
ಈಗ ಮುಂಭಾಗದಿಂದ ಫುಲ್ ಟಾಸ್ ಬಂದಾಗ ತಂಡವನ್ನು ಸೋಲಿಸುವುದು ಅನಿವಾರ್ಯವಾಗಿದೆ.,happy,kn
ಬಿಜೆಪಿಗೆ ಎಲ್ಲ ಜನ ಸಾಮಾನ್ಯರು ಅರ್ಥವಾಗದ ಹಾಗೆ ಕಾಣುತ್ತಿದೆ,angry,kn
ಇವನೇ ಜಗತ್ತಿನ ಅತ್ಯಂತ ಕೀಳು ಗುರು... ಈ ನೀಚ ಕಪಟಿಗೂ ದೇವರು ಶಿಕ್ಷೆ ಕೊಡುತ್ತಾನೆ...,angry,kn
"ಇದು ನೀಚತನದ ಉತ್ತುಂಗವಾಗಿದೆ, ಮಹಾನ್ ಶಕ್ತಿಗಳು ವಿಧವೆ ಮಹಿಳೆಗೆ ಹೆದರುತ್ತಾರೆ.",angry,kn
ಇಲ್ಲ... ಬಿಜೆಪಿಯ ದಾಸ ದ್ರೋಹಿ ಸೇನೆಯನ್ನು ಬೇರು ಸಮೇತ ಕಿತ್ತು ಹಾಕಿ,angry,kn
ಆದರೆ ಹಸುವನ್ನು ಕೊಂದು ತಿಂದ ಕೇರಳದ ವ್ಯಕ್ತಿಯನ್ನು ಏಕೆ ಕರೆದುಕೊಂಡು ಹೋದರು?,angry,kn
ಉಪನಗರಗಳಲ್ಲಿನ ಅನೇಕ ಸೇತುವೆಗಳು ಸಹ ಭಾಗಶಃವಾಗಿವೆ. ಆದರೆ ನೀವು ಬಹುಶಃ ಅದನ್ನು ಸೇರಿಸಲು ಬಯಸುವುದಿಲ್ಲ,angry,kn
MNS ತನ್ನ ವೈಭವವನ್ನು ಬಿಟ್ಟುಕೊಟ್ಟ ನಂತರ ಮತ್ತೆ ತೊಂದರೆಗೆ ಸಿಲುಕಬಹುದು; ಬಂಧನದ ನೇತಾಡುವ ಕತ್ತಿ,fear,kn
ಶೆಂಬಾದ್ ಪೊರಗ್ ಸಂಗೆಲ್ ಇವರ ಕೈಗಾರಿಕೆಗಳು,angry,kn
"ಮರಾಠಿಗೆ ಕಾಯುವ ಹಕ್ಕಿಲ್ಲ, ಪ್ರಿಯ ಕುದುರೆ!",angry,kn
'ಬೆಲೆ ಕೊಟ್ಟು ಶಿವಸೇನೆಯನ್ನು ಮುರಿದ ಬಿಜೆಪಿ'; ಜಯಂತ್ ಪಾತಾಳ ಆರೋಪ,angry,kn
ಸರ್ಕಾರ ಏನೇ ಮಾಡಿದರೂ ಕೆಲವರಿಗೆ ಸಮಾಧಾನವಿಲ್ಲ! ಅದೆಂತಹ ನೀತಿ ಅವನದು!,angry,kn
ವಕೀಲರು ನ್ಯಾಯಾಲಯದಲ್ಲಿ ಕೆಲಸ ಮಾಡುವುದಿಲ್ಲ ಆದ್ದರಿಂದ ಅವರು ಇಲ್ಲಿ ಅಭ್ಯಾಸ ಮಾಡುತ್ತಾರೆ.,angry,kn
ನೀವು ಚುನಾವಣೆಯಲ್ಲಿ ಸೋತಾಗ ದಾರಾ ಎಲ್ಲಿ ಹೋಗಿದ್ದರು?,angry,kn
"ಭೀಕರ ದುರಂತ, ಮತ್ತು ಮಹಾರಾಷ್ಟ್ರದ ಉಳಿದ ಭಾಗಗಳು ನರಳುತ್ತಿವೆ.",sad,kn
"ಇದು ನಿಜ, ಆದರೆ ಅದನ್ನು ಮಾಡುವವರು ಬಹಳ ಕಡಿಮೆ",neutral,kn
ಹೆಚ್ಚಿನದರಿಂದ ಎಲ್ಲವೂ ನಡೆಯುತ್ತಿದೆ,neutral,kn
ಒಂದೇ ದೇಶವನ್ನು ಉಳಿಸಿಕೊಳ್ಳಲು ಸಾಧ್ಯವಿಲ್ಲ ಮತ್ತು ನೇಪಾಳವು ಭಾರತದೊಂದಿಗೆ ವಿಲೀನಗೊಳ್ಳುತ್ತದೆ ಎಂದು ಹೇಳಲಾಗುತ್ತದೆ.,neutral,kn
ಅತಿವೃಷ್ಟಿಯಿಂದ ಕಂಗೆಟ್ಟ ರೈತನ ಮಗುವಿನ ಸ್ಥಿತಿ ಹೃದಯಸ್ಪರ್ಶಿಯಾಗಿದೆ,sad,kn
ಗುಂಡು ಹಾರಿಸಿಕೊಂಡು ಬಿಜೆಪಿ ನಗರಾಧ್ಯಕ್ಷ ಆತ್ಮಹತ್ಯೆ...,sad,kn
ಪ್ರಮುಖ ವಿಷಯಗಳನ್ನು ಹೊರತುಪಡಿಸಿ ಎಲ್ಲವನ್ನೂ ನಿಮಗೆ ತೋರಿಸಲಾಗಿದೆ...,neutral,kn
ಅಧಿಕಾರಕ್ಕಾಗಿ ಏನು ಬೇಕಾದರೂ ಮಾಡುವ ರಾಜಕಾರಣಿಗಳು. ನಿಮ್ಮ ಅಂತ್ಯವು ಭಯಾನಕವಾಗಿರುತ್ತದೆ.,angry,kn
ಪಾತ್ರೆಗಳ ಸಂಗ್ರಹವನ್ನು ಸಂಗ್ರಹಿಸಬೇಕು ಇಲ್ಲದಿದ್ದರೆ ಪ್ರತಿಯೊಂದನ್ನು ತೋರಿಸಲಾಗುತ್ತದೆ. ದಾಳಿಯ ನಂತರ ಸಂತೋಷ್ ಬಂಗಾರ್ ಅವರ ಆಕ್ರಮಣಕಾರಿ ಪ್ರತಿಕ್ರಿಯೆ.,angry,kn
ಉಳಿದ ಶೇಣಿಕಾನ್‌ಗಳು ಸಂತೋಷವಾಗಿರುವುದಿಲ್ಲ.. ಭವಿಷ್ಯದಲ್ಲಿ ರಿತುಜಾ ಲಟ್ಕೆ ಕೂಡ ಶಿಂಧೆ ಗ್ರೂಪ್‌ಗೆ ಸೇರುತ್ತಾರೆ.,angry,kn
ಕಾಂಗ್ರೆಸ್ ಬಂದಿದೆಯಾ? ಹಾಗಾದರೆ ನೀವು ಯಾಕೆ ಛಕ್ಕಿಯಾ ನೃತ್ಯ ಮಾಡುತ್ತಿದ್ದೀರಿ?,angry,kn
ಲೋಕಸತ್ತಾ ಮಾರಾಟ ಮಾಡಬಹುದಾದ ಪತ್ರಿಕೆ. ಗಿರೀಶ್ ಕುಬೇರ್ ಒಬ್ಬ ಸುಳ್ಳುಗಾರ.,angry,kn
ಅದು ಸತ್ತಾಗ ಅದನ್ನು ಸಮಾಧಿ ಮಾಡಿ,angry,kn
ಇದು ಜನಾಂಗೀಯವಾಗಿದೆ,angry,kn
ರಾಜಕೀಯ ಧರ್ಮ ಮತ್ತು ಸಂಪ್ರದಾಯದ ಸುತ್ತ ಸುತ್ತುವುದರಿಂದ ಬಿಜೆಪಿ ಇದನ್ನು ಮಾಡುತ್ತದೆ ಎಂದು ನಾನು ಭಾವಿಸುವುದಿಲ್ಲ,neutral,kn
ಬಾಯಲ್ಲಿ ಟಾರ್ಚ್ ಹಿಡಿದು ‘ಫಟ್ಲಿ ರೀ ಫಟ್ಲಿ ಟೆನ್ ಫೂಟ್ ಫಟ್ಲಿ ಐಸ್ ಕ್ರೀಂ’ ಅಂದುಕೊಂಡರೆ ಆಗುವುದು ಇದೇ.,angry,kn
ಅಳುತ್ತಲೇ ರಾಣೆ ವಿರುದ್ಧ ಶೆಂಬಾಡ್ಯ ಮುಖ್ಯಮಂತ್ರಿ ಕೇಸು ಹಾಕಿದಾಗ ಅದು ಸಹಾಯ ಮಾಡಿದೆಯೇ?,angry,kn
"ಚುನಾವಣಾ ಆಯೋಗವು ಸರ್ಕಾರದ ಕೈಗೊಂಬೆಯಾಗಿದ್ದು, ನಿಷ್ಪಕ್ಷಪಾತ ನಿರ್ಧಾರಗಳನ್ನು ನೀಡುವುದಿಲ್ಲ.",angry,kn
ಈಗ ಮಳೆಯಿಂದಾಗಿ ತುಂಬಾ ಚಿಂತೆಗೀಡಾಗಿದ್ದೇನೆ,neutral,kn
ನಿಮ್ಮ ಅಹಂಕಾರದಿಂದಾಗಿ ನೀವು ಪಕ್ಷದ ಹೆಸರು ಮತ್ತು ಚುನಾವಣಾ ಚಿಹ್ನೆಯನ್ನು ಉಳಿಸಿಕೊಳ್ಳಲು ಸಾಧ್ಯವಾಗಲಿಲ್ಲ. ಮೊದಲು ಅದರ ಬಗ್ಗೆ ಯೋಚಿಸಿ.,angry,kn
ವಕ್ತಾರರಾದರೆ ಏನಾದರೂ ಹೇಳಬೇಕಾ?,angry,kn
ಸಹೋದರಿ ತನ್ನ ಕಿರಿಯ ಸಹೋದರನಿಗೆ ಈ ರೀತಿ ಹೆಸರಿಸಿದಾಗ ಇತರರು ಏನು ಹೇಳುತ್ತಾರೆ?,angry,kn
"ಸೆಕ್ಯುಲರಿಸಂ ಎಂದರೆ ಮೂಢನಂಬಿಕೆ ಅಲ್ಲ, ಮೂರ್ಖತನ, ನಾನು ಕಟ್ಟಾ ಹಿಂದೂ, ಭಾರತ ಹಿಂದೂ ರಾಷ್ಟ್ರ ಎಂದು ನಂಬಿದ್ದೇನೆ.",happy,kn
"ಯಾವುದೇ ಚಿಹ್ನೆಗಳಿಲ್ಲ, ಪೆಟ್ಟಿಗೆಗಳು ಎತ್ತರವಾಗಿವೆ, ಚಿಹ್ನೆಗಳು ಇವೆ ಮತ್ತು ಯಾವುದೇ ಪ್ರಯೋಜನವಿಲ್ಲ",angry,kn
ದುಂದುಗಾರಿಕೆ ಎಂದರೇನು ?? ಇದು ಯಾವ ವಿಡಿಯೋ?,angry,kn
ಮೊದಲನೆಯದಾಗಿ ನೀನು ದೇಶದ್ರೋಹಿ.,angry,kn
ಇದು ಯಾವುದೇ ವ್ಯತ್ಯಾಸವನ್ನು ತೋರುತ್ತಿಲ್ಲ,neutral,kn
ರಾಜೀನಾಮೆ ನೀಡಿ ಚುನಾವಣೆ ಎದುರಿಸಿ ಇದರಿಂದ ಜನರು ತಮ್ಮ ಯೋಗ್ಯತೆಯನ್ನು ತೋರಿಸುತ್ತಾರೆ.,angry,kn
ನಿಮ್ಮ ಮತ್ತು ನಿಮ್ಮ ಶಿಕ್ಷಕರ ನಡುವೆ ಯಾವುದೇ ವ್ಯತ್ಯಾಸವಿಲ್ಲ,angry,kn
ಹೆರಾಯಿನ್ ಮಾತ್ರ ತೆಗೆದುಕೊಂಡು ಹೋಗುತ್ತಿದ್ದರು.,neutral,kn
"ಬಳೆಗಳನ್ನು ಒಡೆದು, ವಿಧವೆಯನ್ನು ದುಃಖಿಸಿ, ಈಗ ಸತಿಯಾಗು",angry,kn
ಪಟಾಕಿಯಿಂದ ಮಾಲಿನ್ಯ ಉಂಟಾಗುತ್ತದೆ ಎಂಬುದು ನೆನಪಾಯಿತು.,angry,kn
"ಓ ದನದ ಸಗಣಿ, ಮತಾಂಧತೆ ತಿಳಿದಿದ್ದರೆ ನಿನಗೆ ಒಂದು ತುಣುಕೂ ಪುಣ್ಯವಿರುವುದಿಲ್ಲ.",angry,kn
ಇಷ್ಟು ದಿನ ಸುಮ್ಮನಿದ್ದದ್ದು ಏಕೆ? ನಿಗೂಢವೇ?,fear,kn
ಅವಳಾದ್ ಒಂಟಿ,angry,kn
ಇದು ಮರಾಠಿ ವ್ಯಕ್ತಿಗೆ ಮಾಡಿದ ಅವಮಾನ ಮತ್ತು ಮರಾಠಿ ಕಲಾವಿದನಿಗೆ ಮಾಡಿದ ದೊಡ್ಡ ಅವಮಾನ.,angry,kn
"ಅವರು ಅಳುವುದಿಲ್ಲ, ಅವರು ತಲೆಬಾಗುತ್ತಾರೆ",angry,kn
ಮೋದಿಯವರು ಹಣದಲ್ಲಿ ಹಲವು ಮನೆಗಳನ್ನು ಖರೀದಿಸಿದ್ದಾರೆ. ಆದ್ದರಿಂದ ಅದು ಖಂಡಿತವಾಗಿಯೂ ಉಜ್ಜುತ್ತದೆ,angry,kn
"ಅತ್ಯಾಚಾರ ಸಂಭವಿಸುವುದಿಲ್ಲ, ಇದು ಕೇವಲ ಕೆಲವು ಪುರುಷರು ತಮ್ಮ ಹಸಿವನ್ನು ಪೂರೈಸುತ್ತಾರೆ - ಅನುಪಯುಕ್ತ ಅಪಾಯ",angry,kn
ಮತ್ತು ಈ ಕಲಿಯುಗದ ದುರಂತವೆಂದರೆ... ಒಳ್ಳೆಯವರಿಗೆ ಮಾತ್ರ ದುಃಖದ ಭಾಗ್ಯ.,sad,kn
ಮಹಾರಾಷ್ಟ್ರದಲ್ಲಿ ಉದ್ಯೋಗಾವಕಾಶಗಳು ಪ್ರಧಾನಿಯವರ ಕೈಯಲ್ಲಿ ಅಕ್ಷರಶಃ ಅಂತ್ಯಗೊಂಡಿದೆ.,angry,kn
ಈ ರಾಜ್ ಠಾಕ್ರೆ ಉಚಿತವಾಗಿ ದಾಳಿ ಮಾಡುತ್ತಿದ್ದಾರಾ ಅಥವಾ ಬಿಜೆಪಿಯಿಂದ ಶುಲ್ಕ ತೆಗೆದುಕೊಳ್ಳುತ್ತಿದ್ದಾರಾ?,angry,kn
"ಆಗ ಕೋರ್ಟಿಗೆ ಹೇಳಬೇಡಿ, ಹೇಳಿ. ಇದರಲ್ಲಿ ಬಿಜೆಪಿ ಏಕೆ ಓಡುತ್ತಿದೆ...",angry,kn
ಹಿಂದುತ್ವ ಸರಕಾರ ಎಂದರೆ ಹಿಂದೂಗಳನ್ನು ತುಳಿಯುವ ಸರಕಾರವೇ?,angry,kn
ಈ ಒಂದೇ ಉಲ್ಲೇಖ ಏನು ಸರ್?,angry,kn
ರಾಜಿನಾಮೆ ಕೊಡಿಸಲು ಹರಸಾಹಸ ಪಡುತ್ತಿರುವ ನಿಮ್ಮಂತಹ ಕುಲಬಾಂಧವರ ಸಂಸ್ಕೃತಿ ನೆನಪಿಲ್ಲವೇ?,angry,kn
"ಮೆಟ್ರೋ ಸಿಟಿ ಇತ್ಯಾದಿ ಇಲ್ಲ, ಸಾಮಾನ್ಯ ವಿವಾದಗಳು, ತಪ್ಪುಗ್ರಹಿಕೆಗಳು ಅಥವಾ ಜಗಳಗಳು ಮೂರೂವರೆ ಜಿಲ್ಲೆಗಳಲ್ಲಿ ಮಾತ್ರ ಕಂಡುಬರುತ್ತವೆ.",neutral,kn
ಡಾಲ್ಡಾವನ್ನು ನಿಮಗಾಗಿ ಕಳುಹಿಸಲಾಗಿದೆ ಮತ್ತು ನಿಮ್ಮನ್ನು ಕೊಲ್ಲಲು ಬಯಸಿದೆ.,angry,kn
ವಿಜಯ್ ದರ್ದಾ ಮಗು,angry,kn
ಬಡವನನ್ನು ನೀವು ಇನ್ನೂ ಎಷ್ಟು ಪೀಡಿಸುತ್ತೀರಿ?,sad,kn
ಪುರಾವೆ ಇದ್ದರೆ ದೂರು ಕೊಡಿ.. ಕಿರಿತ್ ಸೋಮಯ್ಯ ಯಾಕೆ ಬೇಕು,angry,kn
ಇದು ಖಂಡಿತವಾಗಿಯೂ ಜಗಳಕ್ಕೆ ಕಾರಣವಾಗುತ್ತದೆ,angry,kn
ಮನೆ ಬುಧ್ವರ್ ಪೇಠದಲ್ಲಿ ಇರುವುದರಿಂದ ಅಲ್ಲಿಗೆ ಹೋದವರು ಅದೇ ನೋಡುತ್ತಾರೆ,angry,kn
ದೇವಸ್ಥಾನದ ಹೊರಗೆ ಭಿಕ್ಷೆ ಬೇಡಲು ಎಷ್ಟೊಂದು ಸ್ವಾತಂತ್ರ್ಯ...,angry,kn
ಕಲ್ಪನೆಗಳ ಯುದ್ಧದಲ್ಲಿ ಯಾವುದೇ ಅಸ್ತ್ರಗಳಿಲ್ಲ. ----ಗಿರೀಶ್ ಕುಬೇರ್,happy,kn
ಒಮ್ಮೆ ಅನಕ್ಷರಸ್ಥ ತರಕಾರಿ ಮಾರಾಟಗಾರನನ್ನು ಬಾಳಾ ಸಾಹೇಬರು ಶಿವಸೇನೆಯ ನಾಯಕನನ್ನಾಗಿ ಮಾಡಿದರು.,happy,kn
ಇದರ ಪರಿಣಾಮ ಅವರ ಕಣ್ಣೆದುರಿಗೆ ಗೋಚರಿಸಿದ್ದರಿಂದ ಅವರು ಈ ಹಿಮ್ಮೆಟ್ಟುವಿಕೆಯ ಅಭಿಯಾನ ಆರಂಭಿಸಿದರು,sad,kn
"ಆತ್ಮವಿಶ್ವಾಸ ಮತ್ತು ಧೈರ್ಯ ಇನ್ನೂ ಕಳೆದು ಹೋಗಿಲ್ಲ, ನಿರುದ್ಯೋಗದ ಸಂಕಷ್ಟವನ್ನು ಎದುರಿಸುತ್ತಿದ್ದೇವೆ ಎಂಬುದು ಬೇರೆ ವಿಚಾರ.",happy,kn
ಬಾಳಾ ಸಾಹೇಬರ ಚಿಂತನೆಗಳಿಲ್ಲದ ಪಕ್ಷದಲ್ಲಿ ಆ ಪಕ್ಷ ಜ್ಯೋತಿ ಬೆಳಗಿಸಿ ಯಾವ ಬೆಳಕನ್ನು ನೀಡುತ್ತದೆ?,angry,kn
ಇದು ಅಂಧ ಭಕ್ತರನ್ನು ಬಹಳಷ್ಟು ಕೊಲ್ಲುವ ಒಂದು ಭಾಗವಾಗಿದೆ.,angry,kn
ಶಾಸಕರ ಅನರ್ಹತೆ ಪ್ರಕರಣವನ್ನು ಪ್ರತ್ಯೇಕವಾಗಿ ವಿಚಾರಣೆ ನಡೆಸಲಾಗುವುದು ಎಂದು ಕೆಲವರು ಹೇಳುತ್ತಿರುವುದು ನಿಜವೇ?,neutral,kn
ಇದರಿಂದ ಹೆಚ್ಚು ಅನುಕಂಪ ಸಿಗುವುದು ಖಚಿತ..!,sad,kn
"ಈ ಜನರಿಂದಾಗಿ ಖಾರಾಡಿ, ಮುಂಡ್ವಾ, ಹಿಂಜೆವಾಡಿ, ವಿಮಾನ ನಗರಗಳು ಜಾಮ್ ಆಗುತ್ತವೆ.",angry,kn
ನಿಮ್ಮಂತಹ ಮೂರ್ಖರಿಂದಾಗಿಯೇ ಈಗ ಪತ್ರಕರ್ತರ ಮೇಲೆ ಪೊಲೀಸರಿಗಿಂತ ಜನ ದೌರ್ಜನ್ಯ ನಡೆಸುತ್ತಿದ್ದಾರೆ.,angry,kn
ಸೊಂಟದ ಮೇಲೆ ಕೈಯಿಟ್ಟು ಪೋಸ್ ಕೊಡುತ್ತಿರುವುದೇಕೆ?,angry,kn
"ಇದಾದ ನಂತರ ಬಾಬರ್ಮತಿ, ಮಿಸ್ಟರ್ ಪಾಕೆಟ್ ಜರ್ನಲಿಸ್ಟ್ ಅನ್ನು ಉಲ್ಲೇಖಿಸಿ",angry,kn
ದಂಗಿಲಾ ಜೊಂಬಲ್ಕಾ ಫಡ್ನವಿಸ್ ಎಂಬ ಹೆಸರು ಏಕೆ?,angry,kn
ಅಂದರೆ ಟಾರ್ಚ್ ಎಲೆಕ್ಷನ್ ಚಿನ್ಹೆ ಕೊಟ್ಟ ಚುನಾವಣಾ ಆಯೋಗ ಮೂರ್ಖನಾ?,angry,kn
ಕಠಿಣ ಪರಿಶ್ರಮದಿಂದ ಚಿನ್ನದ ಪದಕ ಗೆದ್ದರು. ಮತ್ತು ನೀವು ದ್ರೋಹದ ಮೂಲಕ ಅಧಿಕಾರವನ್ನು ಗಳಿಸಿದ್ದೀರಿ.,angry,kn
ನೀರು ಸಂಗ್ರಹಿಸಲು ಮಾತ್ರ ಹೊಂಡ ನಿರ್ಮಿಸಲಾಗಿದೆ. ಸ್ವಲ್ಪ ಧನಾತ್ಮಕವಾಗಿರಿ.,angry,kn
ಮತ್ತು ಮರಾಠರಿಗೆ ಮೀಸಲಾತಿ ನೀಡಲು ಸರಕಾರಕ್ಕೆ ಬುದ್ದಿವಂತಿಕೆ ನೀಡಿ...,angry,kn
"ಜೀವನವು ಸಹಾನುಭೂತಿ ಮತ್ತು ಸ್ವಯಂ-ಸಾಧನೆಗಾಗಿ ಕಳೆದಿದೆ, ಅದು ಒಳ್ಳೆಯದು ಅಥವಾ ಇಲ್ಲ",angry,kn
ಆದರೆ ಆ ಪಕ್ಷದ ದೌರ್ಭಾಗ್ಯವೇನೆಂದರೆ ನಿಮ್ಮಂತಹ ಮುಕ್ತರ ಧಾಳಿಯಿಂದ ಪಕ್ಷದ ಹೆಸರು ಕೆಡುತ್ತಿದೆ...,angry,kn
"ಮಹಾರಾಷ್ಟ್ರದ ಹಿತಾಸಕ್ತಿ, ಭವಿಷ್ಯದ ನಾಗರಸೇವಕನ ಬಗ್ಗೆ ಮೇಯೋ ಕಾಂಗ್ರೆಸ್ಸಿಗರು ಮಾತನಾಡುವುದು ದೊಡ್ಡ ಜೋಕ್",angry,kn
ಅಂತಹ ಅತೃಪ್ತರಿಗಾಗಿ ಈ ಬೇಡಿಕೆ,sad,kn
ಆದರೆ ಈ ಮರಳು ನಮಗೆ (ಹಾರ್ಡ್‌ಕೋರ್ ಹಿಂದೂಗಳಿಗೆ) ಸ್ವೀಕಾರಾರ್ಹವಲ್ಲ!!,angry,kn
ತಿಳಿಯಲು ಯಾವುದೇ ಮಾರ್ಗವಿಲ್ಲ,neutral,kn
ವಿದ್ಯಾರ್ಥಿಗಳ ಮೇಲೆ ಹೂಡಿಕೆ ಮಾಡಲು ಹಿಂಜರಿಯಬೇಡಿ ಮತ್ತು ನಿಮ್ಮ ದೇಶದ ಭವಿಷ್ಯವನ್ನು ನಿರ್ಮಿಸಲು ಕೆಲಸ ಮಾಡಿ.,angry,kn
ಹಣದ ಪೋಸ್ಟ್ ಮೇಡಂನಂತೆ ನೀವು ನಿಮ್ಮ ಆತ್ಮವನ್ನು ಕುರುಡು ಭಕ್ತಿಯ ರೂಪದಲ್ಲಿ ಮಾರಾಟ ಮಾಡುತ್ತೀರಿ,angry,kn
ದೇಶದ್ರೋಹಿಗಳಿಗೆ ಆಗುವುದು ಇದೇ,angry,kn
ಇದು ನಿಜವಾಗಿಯೂ ಹಿಂದಿರುಗುವ ಮಳೆಯೇ ಅಥವಾ ನದಿಯ ಕಾಲುವೆಗಳಲ್ಲಿ ಉಬ್ಬರವಿಳಿತದ ಮಳೆಯೇ?,happy,kn
"ದೇಶಾದ್ಯಂತ PFI ಮೇಲೆ ಮತ್ತೆ ದಾಳಿ, ಮಹಾರಾಷ್ಟ್ರದ ಸಂಭಾಜಿನಗರ, ನಾಂದೇಡ್, ಸೋಲಾಪುರದಿಂದ ಶಂಕಿತರನ್ನು ಬಂಧಿಸಲಾಗಿದೆ.",neutral,kn
ಆದರೆ ಅವರಿಂದ ಏಕೆ ನಿರೀಕ್ಷಿಸಬಹುದು,angry,kn
"ದೇಶದ್ರೋಹಿಗಳೇ, ಗುರಾಣಿ ಮತ್ತು ಕತ್ತಿಯ ಗುರುತನ್ನು ತೆಗೆದುಕೊಂಡು ಏನು ಪ್ರಯೋಜನ, ನೀವು ನಿಮ್ಮ ಜೀವನದ ಉಳಿದ ಭಾಗವನ್ನು ಮೇಲಂಗಿಯ ಹಿಂದೆ ಮರೆಮಾಡಲು ಬಯಸುತ್ತೀರಿ.",angry,kn
ನೀವು ಪತ್ರಕರ್ತರು ಎಂಬುದು ನಿಮ್ಮ ಭ್ರಮೆ.,angry,kn
ಬದ್ದಲ ಆಗಿದ್ದರೆ ಬೋಕಂಡಿ ತೆಗೆದಿದ್ದೀಯಾ?,angry,kn
"ಇವುಗಳಿಗೆ ಗಮನ ಕೊಡುವಷ್ಟು ಮುಖ್ಯವಲ್ಲ, ಅವುಗಳಿಗೆ ಯಾವುದೇ ಮೌಲ್ಯವಿಲ್ಲ.",angry,kn
ನಮಗೆ ಧನ್ಯವಾದಗಳು ಆದರೆ ಬೆಂಕಿ ಹಚ್ಚುವವರಿಗೆ ಅಲ್ಲ,angry,kn
ಅದು ಮುರಿದಿದೆಯೇ ...,angry,kn
ನೀವು ಲೂಡೋ ಆಡುವ ವಿಷಯವೇ ನಿಮ್ಮ ಸರ್ಕಾರವೇ?,angry,kn
ಶಾಸಕರ ಅನರ್ಹತೆ ನಿರ್ಧಾರ ಯಾವಾಗ? !,neutral,kn
ಜನರು ಎಂಎನ್‌ಎಸ್ ಅನ್ನು ಪರ್ಯಾಯವಾಗಿ ನೋಡುತ್ತಿದ್ದಾರೆ.,neutral,kn
ದೇವೇಂದ್ರನಿಗೆ ಗೊಂದಲವಿಲ್ಲ ಸ್ಪಷ್ಟ...,angry,kn
ಭಾವಪೂರ್ಣ ಶ್ರದ್ಧಾಂಜಲಿ! ಭೇದಿಯ ಕುಟುಂಬಕ್ಕೆ ಈ ನಷ್ಟವನ್ನು ಭರಿಸುವ ಶಕ್ತಿ ಸಿಗಲಿ...ಓಂ ಶಾಂತಿ!,sad,kn
"ಪ್ರತಿಭಟನೆಯು ಸಮಸ್ಯೆ, ಸಿದ್ಧಾಂತ ಮತ್ತು ವ್ಯಕ್ತಿಯ ಮೇಲೆ ಇರಬೇಕು. ವಿರೋಧ ಪಕ್ಷವನ್ನು ವಿರೋಧಿಸುವುದು ಮೂರ್ಖತನ",happy,kn
ತನ್ನ ಪಕ್ಷವನ್ನು ಸರಿಯಾಗಿ ನಿರ್ವಹಿಸಲಾಗದ ನಾಯಕನನ್ನು ಏಕೆ ಆರಿಸಬೇಕು?,angry,kn
ಬಾಪ್ರೆ ಯುದ್ಧಕ್ಕೆ ಇಳಿದಂತೆ ವಾತಾವರಣ ನಿರ್ಮಾಣವಾಯಿತು.,happy,kn
ನಕಲಿಸಿ ಮತ್ತು ಪಾಸ್ ಮಾಡಿ. ನೀವು ಏನೂ ಅಲ್ಲ,angry,kn
ನೋಟು ಅಮಾನ್ಯೀಕರಣದಿಂದ ಭ್ರಷ್ಟಾಚಾರ ಕಡಿಮೆಯಾದಷ್ಟೂ ಟಿಕ್‌ಟಾ ರದ್ದತಿಯಿಂದ ಹಿಂಸಾಚಾರ ಕಡಿಮೆಯಾಗಿದೆ.,angry,kn
ಏಳು ಲಕ್ಷ ಮೌಲ್ಯದ ಕೋಳಿಯ ಅವ್ಯವಸ್ಥೆ; ಪೊಲೀಸರು ಮಾಡಿದರು...,neutral,kn
"ನಿಮ್ಮ ಟ್ರೈಸಿಕಲ್ ರಿಕ್ಷಾ ಪಲ್ಟಿಯಾಗಿದೆ, ಸರಿ?",angry,kn
ಇಷ್ಟು ತಿಳುವಳಿಕೆ ಇದ್ದಿದ್ದರೆ ಶಿಕ್ಷಣದಲ್ಲಿ ಇಂತಹ ರಾಜಕೀಯ ತರುತ್ತಿರಲಿಲ್ಲ.,angry,kn
ಅಥವಾ ಅದಕ್ಕಿಂತ ಮುಂಚೆಯೇ ಈ ದೇಶದ್ರೋಹಿಗಳು ಹೀಗೆ ಮುಖಕ್ಕೆ ಬೀಳುತ್ತಾರೆ.,angry,kn
ಬಹುಶಃ ಇದು ಎಲ್ಲರನ್ನೂ ಕೊಲ್ಲುವ ಸಂಚು.,happy,kn
ಬಾಸ್ಟರ್ಡ್ ಅಥವಾ ಪ್ಯಾಬ್ಲೋ ಅನ್ನು ನಿರ್ಬಂಧಿಸಿ.,angry,kn
"ಅರೇ, ಹಸುವಿನ ಸಗಣಿ ಏನು ತಿನ್ನುತ್ತದೆ?... ಅದನ್ನು ನೆಕ್ಕಲು ಪ್ರಾರಂಭಿಸಿದೆ, ಏಕೆ ಕ್ರಮ ಕೈಗೊಂಡಿದೆ ಎಂದು ಹೇಳಲಿಲ್ಲ.",angry,kn
ಲಂಚಕೋರರು ಈಗಾಗಲೇ ದಾರಿ ತಪ್ಪಿದ್ದಾರೆ...ಈಗ ಸಾರ್ವಜನಿಕರು ಮಾತ್ರ ನೋಡುವಂತಾಗಿದೆ.,angry,kn
ನೀವು ಮಾತನಾಡಬಹುದೇ?,angry,kn
ಏನಾಗಬೇಕಿತ್ತೆಂದರೆ ನಿಮ್ಮ ಸಾಯಿಬಾರವರ ಅಸಲಿ ವಂಶ ಗೊತ್ತಾಗುತ್ತಿತ್ತು.,angry,kn
"ಎನ್‌ಸಿಪಿಯಲ್ಲಿ ಎರಡು ಬಣಗಳಿದ್ದು, ಜಟಾಪಟಿ ಮುಂದುವರಿದಿದೆ.",neutral,kn
"ನಿಮ್ಮ ಮೆದುಳು ನಿಮ್ಮ ಮೊಣಕಾಲುಗಳಲ್ಲಿದೆ, ಸ್ನೇಹಿತ? ಯಾರು ಡಿಸೆಂಬರ್ ಆಡುತ್ತಾರೆ..",angry,kn
ಎರಡು ದಿನಗಳು ಮತ್ತು ಎಲ್ಲಾ ದೇಶದ್ರೋಹಿಗಳು ಹೊರಬಂದಿದ್ದಾರೆ,angry,kn
"ನೋಡು, ನೀನು ವಿದರ್ಭದಲ್ಲಿ ಇಳಿಯಲಿದ್ದೀಯ..",fear,kn
ಆದರೆ ಪವಾರ್ ಸಾಹೇಬರು ರಾಜೀವ್ ಗಾಂಧಿಯವರ ಮುಂದೆ ತಲೆಬಾಗಿ ಈ ಗೌರವವನ್ನು ಹಾಳು ಮಾಡಿದರು.,angry,kn
ಇದರಿಂದ ಬಿಜೆಪಿ ಶೀಘ್ರದಲ್ಲೇ ದೇಶದಿಂದ ಕಣ್ಮರೆಯಾಗಲಿದೆ.,angry,kn
"ಒಂದು ಗಾಯ, ಎರಡು ತುಂಡು ಎಂಬಂತೆ ಮಾತನಾಡುವ ಸಂತೋಷ್ ಬಂಗಾರ್ ಗೆ ಶಿವಸೇನೆ ಬಹಿರಂಗ ಸವಾಲು!",angry,kn
"ಬದುಕಿರುವ ರೈತರಿಗೆ ಸಹಾಯ ಮಾಡಿ, ರೈತರ ಆತ್ಮಹತ್ಯೆ ಹೆಚ್ಚುತ್ತಿದೆ ಮುಖ್ಯಮಂತ್ರಿಗಳೇ",sad,kn
ಇದು ಜನರಿಂದ ರಚಿಸಲ್ಪಟ್ಟಿದೆ ಮತ್ತು ಅದರ ಮೂಲ ಜನರು ಬಳಲುತ್ತಿದ್ದಾರೆ. ಸೇವಕರು ಸೇವಕರಂತೆ ವರ್ತಿಸಬೇಕು.,angry,kn
ಅದಕ್ಕಾಗಿಯೇ ನಾಲ್ಕು ಶಾಶ್ವತ ಜಾಗೃತಿಗಳಿವೆ.,neutral,kn
ದೇಶದ್ರೋಹಿ ಎಂಬ ಬಿರುದು ನಿಮ್ಮ ಜನ್ಮದ ಅರ್ಥ.,angry,kn
ನೀವು ಆಹಾರಕ್ಕಾಗಿ ಧಾನ್ಯಗಳು ಮತ್ತು ಹಸುವಿನ ಸಗಣಿ ಏಕೆ ತಿನ್ನುತ್ತೀರಿ? ನಾನು ಭಕ್ತನಾದ ಕಾರಣ ಕೇಳಿದೆ,angry,kn
ಅವರು ಮಾತ್ರ ಮಾತನಾಡಬೇಕು ಮತ್ತು ಇತರರು ಮಾತನಾಡಲು ಪ್ರಯತ್ನಿಸಿದಾಗ ಅವರು ತಕ್ಷಣವೇ ಅಧಿಕಾರದಿಂದ ಭಯಪಡುತ್ತಾರೆ,angry,kn
ನಿಜವಾಗಿ ಬಾಳಾ ಸಾಹೇಬ್ ಯಾರು? ಅವರ ಪೂರ್ಣ ಹೆಸರು ಏಕೆ ಇಲ್ಲ? ಏಕೆಂದರೆ ಫಿತೂರ್ ಯೋಗ್ಯವಾಗಿಲ್ಲ.,angry,kn
ಹಾಗಾದರೆ ನೀನು ಇಲ್ಲಿ ಯಾಕೆ ನರಳಬೇಕು ಮತ್ತು ಅಲ್ಲಿ ಮರಾಠಿ ಮಾತನಾಡಬೇಕು ಎಂದು ನನಗೆ ತೋರಿಸಿ,angry,kn
ಅಂದರೆ ಫೇಕ್ಸಟ್ಟಾ ಲೋಕಸತ್ತಾ ದೇಶ ವಿರೋಧಿ ವಿಚಾರಗಳಿಂದ ಕೂಡಿದೆ.,angry,kn
ಈಗ ಕತ್ತಲೆಯಾದ ಮಹಿಳೆ ಕುಳಿತುಕೊಳ್ಳುವರೇ? ಅಪ್ಪ ಯಾಕೆ ಕುಳಿತುಕೊಳ್ಳುತ್ತಿಲ್ಲ? ಈ ತಂದೆಗೆ ಸರಿಹೊಂದುವುದಿಲ್ಲವೇ? ಹೆಹೆಹೆಹೆ,angry,kn
ಸ್ಥಳೀಯ ಮಟ್ಟದಲ್ಲಿ ಬ್ಲ್ಯಾಕ್‌ಮೇಲಿಂಗ್‌ ನಡೆದಿದೆ,angry,kn
ಇದು ಮಾತನಾಡಲು ಯಾರ ಹೆಸರೂ ಅಲ್ಲ!,neutral,kn
ಎಷ್ಟು ಮಳೆ ಬೀಳಬೇಕು ಎಂದು ಮಹಾನಗರ ಪಾಲಿಕೆ ನಿರ್ಧರಿಸುವುದಿಲ್ಲ - ದೇವೇಂದ್ರ ಫಡ್ನವಿಸ್ ಗೆ ಅಧಿಕಾರದ ಹುಚ್ಚು,angry,kn
ಮುಖ್ಯಮಂತ್ರಿ ಆಗುವ ಬಗ್ಗೆ ಯಾಕೆ ಮಾತನಾಡುವುದಿಲ್ಲ??? ನಿಮ್ಮ ಮೇಲೆ ನಿಮಗೆ ನಂಬಿಕೆ ಇಲ್ಲದಿದ್ದರೆ ಮತ ಸಿಗುವುದಿಲ್ಲ...,angry,kn
ಇವರು ಸಂಭಾಜಿನಗರ ಚೋಂಗ್ಯಾನೋ ಪಾಕೆಟ್ ಜರ್ನಲಿಸ್ಟ್,angry,kn
ಸ್ವಲ್ಪ ಸಮಯದ ನಂತರ ನೋವು ಪ್ರಾರಂಭವಾದಾಗ ನೀವು ಅಳುತ್ತೀರಿ,angry,kn
!! ಅಥವಾ ಪ್ರಜಾಪ್ರಭುತ್ವದ ಹೆಸರನ್ನು ವಂಶಪಾರಂಪರ್ಯವೆಂದು ಬದಲಾಯಿಸಿ!,angry,kn
ನೀವು ಚಿತ್ಪಾವನ್ ಭಾಟಿಯಾ? ಸಂಘೋತ್ಯ ಕುಳಿತು ಉಜ್ಜುತ್ತಿದೆ,angry,kn
ಫಿಫಾ U-19 ಮಹಿಳಾ ವಿಶ್ವಕಪ್‌ನಲ್ಲಿ ಭಾರತ ಬ್ರೆಜಿಲ್ ವಿರುದ್ಧ ಸೋತಿದೆ,sad,kn
"ಮಹಾರಾಷ್ಟ್ರದಲ್ಲಿ ಬರಗಾಲವಿದೆ, ಪುಣೆಯ ಸ್ಥಿತಿ ದಯನೀಯವಾಗಿದೆ ಮತ್ತು ಅವರು ಏನಾದರೂ ತಪ್ಪು ಮಾಡುತ್ತಿದ್ದಾರೆ",sad,kn
ಇಲ್ಲ ಅಲ್ಲಿ ಬಾಯಿ ಹಾಕಿದರೆ ಹೀಗೇ ಆಗುತ್ತೆ... ಇನ್ನೊಮ್ಮೆ ಬಾಯಿ ಬಡಿದುಕೊಳ್ಳಿ...!!,angry,kn
ಗೂಳಿಗಳನ್ನು ಈ ರೀತಿ ಅವಮಾನಿಸಲು ಸಾಧ್ಯವಿಲ್ಲ,angry,kn
ಚುನಾವಣೆಯಲ್ಲಿ ಖಡ್ಗವನ್ನು ಏಕೆ ಚಿಹ್ನೆಯಾಗಿ ಬಳಸುತ್ತಾರೆ?,angry,kn
ಶಿಕ್ಷಣದ ವ್ಯಾಪಾರ ಆರಂಭಿಸುವ ಮೂಲಕ ಸರಕಾರ ಜನರ ಮೂಲಭೂತ ಹಕ್ಕುಗಳ ಮೇಲೆ ದಾಳಿ ಮಾಡಿದೆ.,angry,kn
"ತಂಡ ಹೊರಟಿತು, ಸರ್ಕಾರ ಬಂತು",neutral,kn
ತಪ್ಪಾಗಿದೆ,angry,kn
ಪವಾರ್ ಸಖ್ಯ ಕಾಕಾಗೆ ಹತ್ತಿರವಾದಾಗ ಧನು ಮುಂಡೆ ಬಾಯಿ ಮುಚ್ಚಿಕೊಂಡಿದ್ದರು.,angry,kn
ಯಾಕೆ ಸುಮ್ಮನಿರುವೆ?,angry,kn
ನಿಮ್ಮ ಮೂಲ ಹೆಸರು ಅಗ್ಲೈವ್ ಆಗಿದೆಯೇ?,angry,kn
ರಾತ್ರಿ ಯಾಕೆ ಓಡಿ ಹೋದೆ ಎಂಬುದೇ ಪ್ರಶ್ನೆ???,angry,kn
ಮತ್ತು ಮಹಾರಾಷ್ಟ್ರವನ್ನು ನವೀಕರಿಸುತ್ತೇವೆ ಎಂಬುದು ಅವರ ಸೈನಿಕರ ಭ್ರಮೆಯಾಗಿದೆ.,angry,kn
"ಅವರು ಎಷ್ಟು ಜನರನ್ನು ನೋಯಿಸುತ್ತಾರೆ, ಅವರು ಹೆಚ್ಚು ದ್ವೇಷಿಸುತ್ತಾರೆ",angry,kn
ಎಂಥಾ ಕತ್ತು. ನಾಳೆ ಭೇಟಿಯಾಗುವ ಸಮಯ ಬಂತು. ವ್ಯವಸ್ಥೆ ಮಾಡಲಾಗಿದೆ,angry,kn
"ಒಟ್ಟಾರೆ, ಭಾರತೀಯ ನ್ಯಾಯಾಂಗವು ತನ್ನ ದಿಟ್ಟತನ ಮತ್ತು ನಿಷ್ಪಕ್ಷಪಾತವನ್ನು ಮರೆತು, ಆದ್ದರಿಂದ ಬದಿಯಲ್ಲಿ ಕುಳಿತು ಇಂತಹ ನಿರ್ಧಾರಗಳನ್ನು ನೀಡುತ್ತಿದೆ....",sad,kn
ಇದರ ಬೆಲೆ ನಿಮಗೆ ಗೊತ್ತಿದೆ ಎಂದು ಭಾವಿಸುತ್ತೇನೆ...ಮುಂದಿನ ಎಲ್ಲಾ ಚುನಾವಣೆಗಳಲ್ಲಿಯೂ ಇಂತಹ ಪ್ರೇಮ ಪತ್ರಗಳನ್ನು ನೋಡುತ್ತೇವೆ...,angry,kn
ಅವರು ಆನಂದಿಸುತ್ತಾರೆ ಮತ್ತು ಸಾಮಾನ್ಯ ಜನರು ತಮ್ಮ ಜೀವನವನ್ನು ಕಳೆದುಕೊಳ್ಳುತ್ತಾರೆ.,sad,kn
ದ್ರೋಹದಿಂದ ಮಾತ್ರ ನೀವು ಮನುಷ್ಯನಾಗುತ್ತೀರಿ.,angry,kn
ಭಕ್ತರ ಮತ್ತು ದೇಶದ್ರೋಹಿಗಳ ಗುಹೆಯ ಮೇಲೆ ನಿಮ್ಮ ಸಗಣಿಯನ್ನು ಹರಡಿ...,angry,kn
ಟಾರ್ಚ್ ಉರಿಯುತ್ತಿದೆ ಎಂದು ಒಮ್ಮೆ ಒಪ್ಪಿಕೊಳ್ಳಿ,angry,kn
ಭಯೋತ್ಪಾದಕ ಸಂಘಟನೆ ಎಂದು ವ್ಯವಹರಿಸುತ್ತಿರುವ ಹೇ ಹೈ$ದಖನ್.... ನಿಮ್ಮ ಸಾಮಾನ್ಯ ಜ್ಞಾನವನ್ನು ನೀವು ಅಡಮಾನವಿಟ್ಟಿದ್ದೀರಿ...,angry,kn
ಎಲ್ಲೆಂದರಲ್ಲಿ ಜನ ಜಮಾಯಿಸಿರುವುದು ಖಚಿತವಾಗಿದೆ.,sad,kn
ಇವು ಇರುವೆಗಳು,neutral,kn
ನಾನಾ... ನಟ ಸಾಮ್ರಾಟ್ ಪಾತ್ರದಿಂದ ಇನ್ನೂ ಹೊರಬಂದಿಲ್ಲ.,sad,kn
ಸಮವಸ್ತ್ರದ ಈ ಮೋಜು ದೂರವಾಗಬೇಕು.,angry,kn
ಶರದ್ ಪವಾರ್ ಕೀಳು ಸ್ವಭಾವದವನು.. ಸೋನಿಯಾ ಗಾಂಧಿಯ ಮುಂದೆ ನಪುಂಸಕರು ನಮನ:- ದಿವಂಗತ ಬಾಳಾ ಸಾಹೇಬ್,angry,kn
ಈ ಬಿಲ್ಲುಗಾರನನ್ನು ಘರ್ ಭೇದಿ ಎಂದು ಕರೆಯಲಾಗುತ್ತದೆ,angry,kn
: ಬಿಜೆಪಿ ಮತ್ತು ಅದರ ಈಗಿನ ನಾಯಕರು ಶಕ್ತಿಹೀನರು ಏಕೆಂದರೆ...; 'ಸಾಮ್ನಾ' ದಾಳಿ,angry,kn
"ಹೇ ರಾಜ್ ಠಾಕ್ರೆ, ನಿಮ್ಮ ಈ ಗಿಣಿಯನ್ನು ಶಾಂತಗೊಳಿಸು.",angry,kn
"ಅಜ್ಜ ಬರುತ್ತಿದ್ದಾರೆ, ಅವರ ಮನೆಯ ಹೆಂಗಸರು ಗಡ್ಡದ ಭಕ್ತರು ಅಲ್ಲವೇ?",angry,kn
ಜವಾಬ್ದಾರಿ ಹೊರಲು ಯಾರೂ ಮುಂದೆ ಬರುವುದಿಲ್ಲ...,sad,kn
ಸಂಜಯ್ ರಾವುತ್ ಜೈಲಿಗೆ ಹೋದರು ಎಂದು ಬಾಳಾ ಸಾಹೇಬ್ ಚಾಲಕ ಪ್ರಕಾಶ್ ಹೇಳಿದ್ದಾರೆ.,angry,kn
ಅವರು ಖಂಡಿತವಾಗಿಯೂ ಸೋಲಿಸಲ್ಪಡುತ್ತಾರೆ. ಆದರೆ ಕೆಲವರು ಅದರ ಬಗ್ಗೆ ಏಕೆ ಮಾತನಾಡುತ್ತಿಲ್ಲ?,angry,kn
ಈಗ ಅವನೊಂದಿಗೆ ಮಾತನಾಡುವ ಧೈರ್ಯವಿದೆಯೇ? ನಿಮ್ಮ ಉಸಿರಾಟದ ಕೆಳಗಿನಿಂದ ಹೊಗೆ ಹೊರಬರುತ್ತದೆ.,angry,kn
ಯಾರಿಗೆ ಹೇಳ್ತೀರಿ? ಒಂದು ಕಾಲದಲ್ಲಿ ಈ ಪಕ್ಷ ವಿದ್ಯಾವಂತರಿಗೆ ಸೇರಿತ್ತು.,sad,kn
ನಂತರ ಯಾರನ್ನೂ ಕೇಳುವುದಿಲ್ಲ! ಪರಮಾಣು ಬೆದರಿಕೆಯ ಬಗ್ಗೆ ಬಿಡೆನ್ ಪುಟಿನ್ ಅವರಿಗೆ ವಿವರಿಸಿದರು,angry,kn
ನೀವು ಪೆಟ್ಟಿಗೆಗಾಗಿ ಶಿಂಧೆ ಗ್ರೂಪ್‌ಗೆ ಹೋಗಿದ್ದೀರಿ..,angry,kn
ಈಗ ಯಾರು ನಿಲ್ಲುತ್ತಾರೆ? ನೀವು ನಂಬಿದ ವ್ಯಕ್ತಿಗೆ ನೀವು ದ್ರೋಹ ಮಾಡಿದ್ದೀರಿ,angry,kn
ಎಂಎನ್‌ಎಸ್ ಕೂಡ ಒಂದು ಭ್ರಮೆ,sad,kn
ನೀವು ಯೋಗ್ಯರೇ!,angry,kn
ನಿಮ್ಮ ಉಮೇದುವಾರಿಕೆಯನ್ನು ಏಕೆ ಹಿಂಪಡೆದಿದ್ದೀರಿ?,fear,kn
"ವೊಡಾಫೋನ್ ಐಡಿಯಾ ಗ್ರಾಹಕರು ನೆಟ್‌ವರ್ಕ್ ಸಂಬಂಧಿತ ಸಮಸ್ಯೆಗಳನ್ನು ಎದುರಿಸಬಹುದು, 'ಇದೇ' ಕಾರಣ!",neutral,kn
ಈಗ ನಿಮ್ಮ ಬಾಸ್ ಮನೆಯಲ್ಲಿ ಅಡಗಿಕೊಂಡರೆ ಏನು ಮಾಡುತ್ತೀರಿ?,sad,kn
"ಜನಸಮೂಹದಿಂದ ಆ ರಾಕ್ಷಸರನ್ನು ಹೊರತೆಗೆಯುವ ಮೊದಲು, ಹಿಂದಿನ ಬಾಗಿಲಲ್ಲಿ ನುಸುಳಬೇಡಿ",angry,kn
ಈ ಪಾಂಡ್ಯನಿಗೆ ಯಾಕೆ ಇಷ್ಟು ಬೆಲೆ?,happy,kn
ಫೌಡಾ ಸರ್ಕಾರ ಪ್ರಾರಂಭಿಸಿದ ಯೋಜನೆಯು ಸರ್ಕಾರದ ಸಹಾಯಧನವನ್ನು ಲೂಟಿ ಮಾಡಲು ಮಾತ್ರ,angry,kn
ಇದು ಕೇವಲ ಅಧಿಕಾರದ ಮೋಜು,angry,kn
ಅಸಹಾಯಕರು ಸ್ವಾಭಿಮಾನದ ಬಗ್ಗೆ ಮಾತನಾಡಬಾರದು.. ಹಾಗೆ ಮಾಡಿದರೆ ಅಸಹಾಯಕರಿಗೆ ಮಾಡಿದ ಅವಮಾನ.,angry,kn
"ಸಂಜಯ್ ರಾಥೋಡ್ ಅವರನ್ನು ನಿಮ್ಮ ಸಹೋದರನನ್ನಾಗಿ ಮಾಡುವಾಗ ನೀವು ದೇವರಿಗೆ ಭಯಪಡಲಿಲ್ಲ, ಅಲ್ಲಿನ ಜನರನ್ನು ನೀವು ಏನು ಕೇಳುತ್ತೀರಿ?",angry,kn
ಸರಿ! ಒಮ್ಮೊಮ್ಮೆ ನ್ಯಾಯಾಂಗ ಜೀವಂತವಾಗಿದೆಯೇನೋ ಅನ್ನಿಸುತ್ತದೆ,happy,kn
ಬ್ರಿಟಿಷರು ಭಾರತೀಯರನ್ನು ಹೇಗೆ ಗುಲಾಮರನ್ನಾಗಿ ಮಾಡಿದರು ಎಂಬುದಕ್ಕೆ ಇದೊಂದು ಉದಾಹರಣೆ,sad,kn
ಇದೀಗ ಚುನಾವಣೆ ಇರುವುದು ನಾಚಿಕೆಗೇಡಿನ ಸಂಗತಿ,angry,kn
ನಿಮ್ಮ ಒಳ್ಳೆಯತನ ಮತ್ತು ಪ್ರಾಮಾಣಿಕತೆಯನ್ನು ಯಾವಾಗಲೂ ಬಳಸಿಕೊಳ್ಳಲಾಗುತ್ತದೆ.,sad,kn
"ನಿಜ, ಕೆಲವೊಮ್ಮೆ ಭಾರತದ ಎಲ್ಲಾ ರಾಜಕಾರಣಿಗಳು ಮೋಸಗಾರರು ಎಂದು ತೋರುತ್ತದೆ.",angry,kn
"ಗ್ರಾಹಕರಿಗೆ ಬಿಗ್ ಶಾಕ್, ಬ್ಯಾಂಕ್ ಈ ನಿಯಮಗಳನ್ನು ಬದಲಾಯಿಸಿದೆ, ಇದನ್ನು ಓದಿದ ನಂತರ ನೀವು ಬೆವರುತ್ತೀರಿ...",fear,kn
ದೇಶಮುಖ್ ಪವಾರ್ ಪಕ್ಷ ಅಧಿಕಾರಕ್ಕಾಗಿ ಮತ್ತು ಹಣಕ್ಕಾಗಿ ಎಲ್ಲ ಕಡೆ ಹೋಗುತ್ತಾರೆ,angry,kn
"ಜವಾಬ್ದಾರಿಯುತ ಸ್ಥಾನದಲ್ಲಿದ್ದಾಗ ಫೇಸ್ ಬುಕ್ ಲೈವ್ ಮಾಡಿದ್ದೀನಿ, ಈಗ ಕೆಲಸ ಇಲ್ಲ ಅಂದಮೇಲೆ ಜಾಗ ಯಾಕೆ ಬೇಕು...?",angry,kn
ನ್ಯಾಯಾಲಯದ ಶೇ,angry,kn
ಅಜಿತ್ ದಾದಾಗೆ ಎಷ್ಟು ಬಾಕ್ಸ್‌ಗಳು ಸಿಕ್ಕಿವೆ ಎಂದು ರೋಹಿತ್ ದಾದಾ ಭಾವಿಸುತ್ತಾನೆ.,angry,kn
ಇದು ಸುಡುವ ಕಲ್ಲಿದ್ದಲನ್ನು ಹೆಚ್ಚು ತಿನ್ನುತ್ತದೆ.,angry,kn
ಭುಜಬಲ್‌ನಂತಹ ವ್ಯಕ್ತಿಗೆ 'ಶಿವ' ಸತ್ಯವೆಂದು ತಿಳಿಯಲು ಇನ್ನೊಂದು ಜನ್ಮ ತೆಗೆದುಕೊಳ್ಳಬೇಕು ಎಂದು ತೋರುತ್ತದೆ.,angry,kn
"ಹೇ ಮನುಷ್ಯ, ನೀವು ಜಿಹಾದ್ ಅನ್ನು ಏಕೆ ಅರ್ಥೈಸುತ್ತೀರಿ?",angry,kn
"ಸರ್, ನಿರೀಕ್ಷಿಸಿ, ಇದೀಗ ಲಯವು ಕೆಟ್ಟದಾಗಿದೆ",sad,kn
"ಈಗಂತೂ ಎಲ್ಲಿಂದಲೋ ಕೇಳಿದೆ, ಏನ್ ನೆಗೆತ?",angry,kn
ತರ್ಕದ ಮೇಲೆ ಆರೋಪ ಮಾಡುವುದನ್ನು ನೆನಪಿಲ್ಲ.,neutral,kn
"ರಮೀಜ್ ರಾಜಾ ಭಾರತಕ್ಕೆ ಬೆದರಿಕೆ ಹಾಕಿರುವ ವಿಡಿಯೋ ವೈರಲ್ ಆಗಿದೆ, ಏನ್ ಹೇಳಿದ್ದಾನೆ ನೋಡಿ...",angry,kn
ಇದು ನಿಮ್ಮ ತಿಳುವಳಿಕೆಯನ್ನು ಮೀರಿದೆ ಆದ್ದರಿಂದ ಹೆಚ್ಚು ಯೋಚಿಸಬೇಡಿ.,angry,kn
ಪುಣೆಯಲ್ಲೂ ಬಿಗ್ ಬ್ಯಾಂಗ್ ಸಂಭವಿಸಿದೆ,neutral,kn
ಇದು ತುಂಬಾ ಹೆಚ್ಚು ಎಂದು ತೋರುತ್ತದೆ. ಇಂತಹ ಹೇಳಿಕೆಗಳನ್ನು ನೀಡುವುದರಿಂದ ತಮಗೆ ತಾವೇ ಹಾನಿ ಮಾಡಿಕೊಳ್ಳುತ್ತಾರೆ,angry,kn
ಅದನ್ನೇಕೆ ತೋರಿಸಿ ಹಿಂಸಿಸುತ್ತೀರಿ...??,angry,kn
ಅವನು ಹೋಗಿ ಬಿದ್ದನು,angry,kn
ಸುಮಿತ್ ರಾಘವನ್ ಮಾಲೀಕನಿಗೆ ಫೋರ್ಕ್ ನಿಂದ ಥಳಿಸಿದ್ದಾರೆ. ಅವರು ಅದನ್ನು ಇಷ್ಟಪಡುವುದಿಲ್ಲ,angry,kn
"ಬಚ್ಚು ಕಾಡು, ಬಂಗಾರ್, ಸಾವಂತ್, ಸುರ್ವೆ, ಸರವಣಕರ ಕಿಡಿಗೇಡಿತನ ಹೆಚ್ಚುತ್ತಿದೆ. ಇದೇಕೆ ಹಿಂದುತ್ವ?",angry,kn
"| ಆರ್ಯನ್ ಖಾನ್ ಅವರ ತನಿಖೆಯಲ್ಲಿ ಹಲವು ತಪ್ಪುಗಳು, ಅಧಿಕಾರಿಗಳ ವಿರುದ್ಧ ಕ್ರಮ ಕೈಗೊಳ್ಳಲಾಗುವುದು",angry,kn
ಭಟ್ಕಳಕರರಂತಹ ಒರಟು ಬೀದಿ ಕಾಮಣ್ಣನನ್ನು ನಾನು ನೋಡಿಲ್ಲ.,angry,kn
ಕೇಸರಿ ಬಣ್ಣದ ಹೆಸರಿನಲ್ಲಿ ಹೆಚ್ಚಿನ ವಿಷ ಮಾರಾಟವಾಗುತ್ತಿದೆ...,angry,kn
ನೀವು ಮನೆಗೆಲಸ ಮಾಡಲು ಪ್ರಾರಂಭಿಸಿದರೆ ನಿಮಗೆ ಅರ್ಥವಾಗುತ್ತದೆಯೇ? ನೀವು ಸಾಮಾನ್ಯ ಜ್ಞಾನವನ್ನು ಕಳೆದುಕೊಳ್ಳಲು ಬಯಸುವಿರಾ?,angry,kn
ಈ ಒಲೆಯನ್ನು ಗಂಭೀರವಾಗಿ ಪರಿಗಣಿಸಲು ನಾವು ಹುಚ್ಚರಾಗಿದ್ದೇವೆಯೇ? ಬಿಚ್ ನೀವು ಬಾಸ್ಟರ್ಡ್,angry,kn
ಅಪ್ಪ ಮತ್ತು ಜನ ಸೇರಿ ಎಷ್ಟೇ ಷಡ್ಯಂತ್ರಗಳನ್ನು ಮಾಡಿದರೂ ನಾಶವಾಗುವುದು ಖಂಡಿತ...!!!!!!,angry,kn
ಪುಣೆಯ ಶಿಲ್ಪಿಗಳು ಸಮುದ್ರವನ್ನು ತಂದು ಪುಣೆಯಲ್ಲಿ ಸಮುದ್ರವಿಲ್ಲ ಎಂದು ತೋರಿಸಿದರು.,happy,kn
ಮಹಿಳೆಯರ ಹೆಗಲ ಮೇಲೆ ಬಂದೂಕು ಇಡುವುದು ಕಮಲಾಬಾಯಿಯವರ ಸಂಸ್ಕೃತಿ,angry,kn
ಇದು ಭಾರತವನ್ನು ಸುಧಾರಿಸಲು ಪಾಕಿಸ್ತಾನ ನೀಡಿದ ಸಲಹೆಯಂತಿದೆ,angry,kn
ಇವನು ಮಾತನಾಡುವ ವ್ಯಕ್ತಿಯೇ?,angry,kn
"ತಾಯಿಯೇ ""ಅಮ್ಮ""...!! ಬೇರೆಯವರ ಬಳಿ ಇಲ್ಲ...!! ಉಳಿದವರೆಲ್ಲ ವಕ್ರರು...!!",happy,kn
ಇದು ಕೆಲವೇ ದಿನಗಳಲ್ಲಿ ಹುಚ್ಚು ಹಿಡಿಯುತ್ತದೆ,sad,kn
ದೇಶದ್ರೋಹಿಗಳು ಇನ್ನೂ ಕೆಳಮಟ್ಟಕ್ಕಿಳಿಯುತ್ತಾರೆ. ರಾಜೀನಾಮೆ ಅಂಗೀಕಾರವಾಗುವವರೆಗೆ ಯಾವುದೂ ನಿಜವಲ್ಲ,angry,kn
"ಮುಂಬೈನಲ್ಲಿ ಡೆಮಾಕ್ರಟಿಕ್ ಅಣ್ಣಾಭಾವು ಸಾಠೆ ಥಿಯೇಟರ್ ಕೆಲಸ ಸ್ಥಗಿತಗೊಂಡಿದೆ, ಮುಖ್ಯಮಂತ್ರಿಗೆ ಪಾದಲ್ಕರ್ ಪತ್ರ; 'ಬಹುಜನ ಹಿತಾಸಕ್ತಿ ಪರಿಗಣಿಸಿ...' ಎಂದರು.",sad,kn
ಈ ಸರ್ಕಾರ ಅತ್ಯಂತ ಕೆಳಮಟ್ಟಕ್ಕೆ ತಲುಪುತ್ತಿದೆ.,angry,kn
ನನಗೆ ಕೆಲಸ ಬೇಕು ಆದರೆ ಮೋದಿ ಸೇಠ್ ಕೊಡುತ್ತಿಲ್ಲ.,sad,kn
"ಮಜ ಶಿವಸೇನೆ ನಾಯಕರ ಪಾದಗಳಿಗೆ ತಲೆಬಾಗಿ, ಪಾತ್ರೆ ತೊಳೆದರೂ ಕೆಲಸ ಮುಂದುವರೆಯಿತು...",sad,kn
ನನ್ನನ್ನು ನಿರ್ಬಂಧಿಸಲಾಗಿದೆ ಆದ್ದರಿಂದ ನನಗೆ ಅರ್ಥವಾಗುತ್ತಿಲ್ಲ,sad,kn
"ಇದು ಸಾಯಿ ರೆಸಾರ್ಟ್‌ನಿಂದ ಅಲ್ಲ, ಪರಬ್ ಸಾಹೇಬ್, ನೀವು ಯಾಕೆ ತಾಂಡವ್ ಮಾಡುತ್ತಿದ್ದೀರಿ?",angry,kn
ಸಂಸ್ಕೃತಿ ಮತ್ತು ನೀವು...ಪಂಢರಪುರದ ಸಮಯದಲ್ಲಿ ನಿಮ್ಮ ಸಂಸ್ಕೃತಿ ಎಲ್ಲಿಗೆ ಹೋಯಿತು?,angry,kn
ಉಲ್ಲಾಸ್ ಬಾಪತ್ ಕಾನೂನು ತಜ್ಞ ಎಂದು ಯಾರು ಹೇಳಿದರು...! ಇದನ್ನು ಜಗಿಯಿರಿ..!,angry,kn
ಅರೇ ನಾಳೆ ಸರ್ಕಾರ ಬೀಳುತ್ತೆ ಅಂತ ಮಂತ್ರಿ ಪಟ್ಟ ಹಿಡಿದು ಕುಳಿತಿದ್ದೀಯ. ನಮಸ್ಕಾರ ಸಹೋದರ,angry,kn
ಸಾಳ್ವೆ ಮತ್ತು ಸದಾವರ್ತ ಮದುವೆ ಸಿಕ್ಕು (ಆಟ) ಖಂಡೋಬ ದರ್ಶನ,neutral,kn
ಅವರಿಗೆ ಸರ್ಕಾರ ಶೂನ್ಯ,angry,kn
ಅವಳಿಗೆ ಹೀಗೆ ಮಾಡಬೇಡ...ಅವಳು ಅತಿಯಾಗಿದ್ದಾಳೆ,angry,kn
ನೀವು ಜಟಾಲ್ ಸರ್ ಅನ್ನು ಪುನರಾವರ್ತಿಸಲು ಬಯಸುವಿರಾ? ಮಾರಾಟಗಾರರಿಂದ ನಿರೀಕ್ಷೆಗಳನ್ನು ಬಿಟ್ಟುಬಿಡಿ,angry,kn
ಎಲ್ಲರೂ ನಿಮ್ಮೊಂದಿಗೆ ಅಸಂಬದ್ಧವಾಗಿ ಮಾತನಾಡುತ್ತಿದ್ದಾರೆ. ನಿಮಗೆ ಹೇಗನಿಸುತ್ತಿದೆ?,sad,kn
ಕಡ್ಡಿ ಕುಡಿದು ಪನ್ವೇಲ್ ನ ಮೂಗಿಗೆ ಬಿದ್ದದ್ದೇಕೆ?,angry,kn
ದರೋಡೆಕೋರ ಗಜಾನನ ಮರ್ಣೆ ವಿರುದ್ಧ ಪೊಲೀಸರು ಪ್ರಕರಣ ದಾಖಲಿಸಿಕೊಂಡಿದ್ದಾರೆ.,neutral,kn
ಈ ಜಿಲ್ಲೆಗಳು ಅಲ್ಪಸಂಖ್ಯಾತರ ಪ್ರಾಬಲ್ಯ ಹೊಂದಿವೆ. ನಾನು ಈ ಸುದ್ದಿಯನ್ನು ಓದಿದೆ. ಇದು ಭಯಾನಕ ಸುದ್ದಿ,sad,kn
ಮುಖಕ್ಕೆ ಹೊಡೆಯುವ ಅವಶ್ಯಕತೆ ಇತ್ತಾ?,angry,kn
ಇದು ಶ್ರೀಲಂಕಾದ ದುಃಖದ ಕಥೆ,sad,kn
ಕೆಲವರು ಖ್ಯಾತಿಗಾಗಿ ಯಾವುದೇ ಹಂತಕ್ಕೆ ಹೋಗುತ್ತಾರೆ. ಇದು ಮಾನಸಿಕ ಅಸ್ವಸ್ಥತೆಯ ಸಂಕೇತವಾಗಿದೆ,angry,kn
ಅಂಧೇರಿಯಲ್ಲಿ ಬಿಜೆಪಿ ಸೋಲುವುದರಿಂದ ಇನ್ನು ಚುನಾವಣೆ ನಡೆಯುವುದಿಲ್ಲ,angry,kn
ಕಮಿಷನ್ ಬೋರ್ಡ್ ನಿಮ್ಮ ಪಕ್ಷದ ಕೈಗೊಂಬೆಯಾ???,angry,kn
ಎಲ್ಲರೂ ಭ್ರಷ್ಟರೇ.,angry,kn
ಫಟ್ಟೂ... ಸೋಲಲಿದೆ... ಹಸಿವಿನಿಂದ ಅಳುತ್ತಾ... ಹಿಂದೆ ಸರಿದಿದ್ದಾರೆ,angry,kn
"ನೀನು ಯಹ್ನುಮಂತನ ಬಾಲಕ್ಕೆ ಬೆಂಕಿ ಹಚ್ಚಿದ್ದೀಯ, ಈಗ ನಿನ್ನ ಬಂಗಾರದ ಲಂಕೆ ಉರಿಯುತ್ತದೆ.",angry,kn
ಆದರೆ ಮೀಸಲಾತಿ ಇರುವುದಿಲ್ಲ.,sad,kn
"ಅವರು ಪತ್ರಕರ್ತರೇ, ಪಕ್ಷದ ವಕ್ತಾರರೇ?",neutral,kn
ಎನ್‌ಸಿಪಿ ಹುಟ್ಟಿನಿಂದಲೇ ಜಾತೀಯತೆ ಹೆಚ್ಚಿದೆ ಎಂಬುದನ್ನು ಕೇಕ್ ಪ್ರಿಯರು ಮತ್ತೆ ಮತ್ತೆ ಸಾಬೀತುಪಡಿಸುತ್ತಿದ್ದಾರೆ.,angry,kn
"ದತ್ತೋಬಾ, ನಿಮ್ಮ ಅರ್ಥಶಾಸ್ತ್ರದ ಜ್ಞಾನದ ಮೇಲೆ ಏಕೆ ಬೆಳಕು ಚೆಲ್ಲಬಾರದು, ಕತ್ತಲೆ ಸ್ವಲ್ಪ ಹೆಚ್ಚಾಗಿದೆ",angry,kn
ನೀವು ಈ ವಾಕ್ಯವನ್ನು ಇವತ್ತಿಗೆ ಇರಿಸಬಹುದೇ?,neutral,kn
ಹಾಗಾದರೆ ನೀವು ಯಾವುದರಲ್ಲಿ ಮಲಗಿದ್ದೀರಿ? ಬಹುತೇಕ ಮಹಾರಾಷ್ಟ್ರದಲ್ಲಿ,angry,kn
ಇದನ್ನು ಹೇಳಲು ನಿಮಗೆ ನಾಚಿಕೆಯಾಗುತ್ತಿದೆಯೇ?,angry,kn
ಎಂತಹ ಅವಮಾನ. ಕೆಲವು ಮಿತಿಗಳು,angry,kn
ನನ್ನ ಭಾವನೆಗಳ ಮಾರುಕಟ್ಟೆಯನ್ನು ನೀವು ಹೇಗೆ ತುಂಬುತ್ತೀರಿ ಎಂದು ಯಾರಿಗೆ ತಿಳಿದಿದೆ?,angry,kn
ಇದನ್ನು ಕೇಳಿದ ಎಮ್ಮೆ ನಿನ್ನನ್ನು 'ಹೃದಯದಿಂದ' ಕ್ಷಮಿಸುವುದಿಲ್ಲ ತಾತ್ಯಾ!!,angry,kn
ಮುಖ್ಯಮಂತ್ರಿ ಹುದ್ದೆಗೆ ಅವಮಾನ: ಮುಖ್ಯಮಂತ್ರಿ ಪುತ್ರ ಈ ಕುರ್ಚಿ ನಮ್ಮ ಮನೆಗೆ ಸೇರಿದ್ದು ಎನ್ನುತ್ತಾರೆ,angry,kn
ಯಾಕೆ ದೇಶದ್ರೋಹಿ... ರಾಜೀನಾಮೆ ಕೊಡುವ ಶಕ್ತಿ ನನಗಿಲ್ಲ.,angry,kn
ಮರಾಠಿ ಮನುಷ್ಯ ಇನ್ನೂ ಹೆಚ್ಚಿನ ಜ್ಯೋತಿಯಿಂದ ಉರಿಯುತ್ತಾನೆ ಇಲ್ಲದಿದ್ದರೆ ಯಾವುದೇ ವ್ಯತ್ಯಾಸವಿಲ್ಲ.,happy,kn
ಸ್ಪೇನ್ ನೀಡಿದ ಸಮಸ್ಯೆಗಳು ಭಾರತೀಯ ಆಟಗಾರರ ಸಮಸ್ಯೆಗಳನ್ನು ಹೆಚ್ಚಿಸಿವೆ.,sad,kn
ಮುತಾರಿಯಾ ತನ್ನ ತಂದೆತಾಯಿ ಭಾಸ್ಕರ್ ಅವರ ಲಾಲಾರಸವನ್ನು ಹೀರಲು ಪ್ರಾರಂಭಿಸಿದೆಯೇ?,angry,kn
ದೀಪಾವಳಿ ಕೆಲಸ ಪ್ರತ್ಯೇಕವಾಗಿ ಅಂಟಿಕೊಂಡಿದೆ. ಯಾರೂ ಹೊರಗೆ ಹೋಗುತ್ತಿಲ್ಲ,sad,kn
ಈ ಜನರು ಸೋಲಿಸದೆ ಸುಧಾರಿಸುವುದಿಲ್ಲ ಎಂದು ತೋರುತ್ತದೆ.,angry,kn
ಭಾರತದಲ್ಲಿ ತಮ್ಮ ಕರ್ತವ್ಯವನ್ನು ನಿರ್ವಹಿಸುವಾಗ ಹುತಾತ್ಮರಾದ ಹುತಾತ್ಮರಿಗೆ ಲಕ್ಷಾಂತರ ಶ್ರದ್ಧಾಂಜಲಿಗಳು...,happy,kn
ಇದು ಉಬ್ಬಿದ ಕಡಲೆಕಾಯಿ ಸಹೋದರ,angry,kn
ಬಿಜೆಪಿಗೆ ಚುನಾವಣೆಯಲ್ಲಿ ಸೋಲುವ ಭಯವಿದೆ ಅದಕ್ಕಾಗಿಯೇ ಈ ರೀತಿ ಮಾಡುತ್ತಿದೆ,fear,kn
ನೀಲಿ ಬಾಳೆಹಣ್ಣು ಚೆನ್ನಾಗಿದೆ ಆದರೆ ಮುಖ ಕಪ್ಪಾಗಿಸಿದ್ದು ಯಾಕೆ?,angry,kn
ಇನ್ನು ಚುನಾವಣಾ ಆಯೋಗದ ಮೇಲೆ ಜನರಿಗೆ ನಂಬಿಕೆ ಇಲ್ಲ,sad,kn
ಸುಳ್ಳು ಹೇಳುವ ಬಗ್ಗೆ ಅವರಿಗೆ ಏನೂ ಅನಿಸುವುದಿಲ್ಲವೇ?,angry,kn
ತಿರಸ್ಕಾರದ ಜನರು ಒಂದೇ ಭಾಷೆಯನ್ನು ಅರ್ಥಮಾಡಿಕೊಳ್ಳುತ್ತಾರೆ! ಅವರು ಈಗ ಗುಜರಾತಿ ಮಾತನಾಡುತ್ತಿರಬೇಕು...,angry,kn
ಹೌದು..ಆದರೆ ಗ್ರಾಮೀಣ ಪ್ರದೇಶದಲ್ಲಿ ಆ ಅರ್ಜಿಯ ಬಗ್ಗೆ ಯಾವುದೇ ಮುಂದಿನ ಕ್ರಮ ಕೈಗೊಂಡಿಲ್ಲ,neutral,kn
ಇನ್ನೊಂದು ಕೈಯಲ್ಲಿ ಏನಿದೆ? ಮತ್ತು ಜೀವಂತವಾಗಿರುವಾಗ ಬೆಂಬಲವನ್ನು ನೋಡಲಿಲ್ಲ!,angry,kn
ಈ ಮನುಷ್ಯನೂ ಗೊಂದಲಕ್ಕೊಳಗಾಗಿದ್ದಾನೆ ...,neutral,kn
"""ನಾನಾ ಪಟೋಲೆ ದೇವೇಂದ್ರ ಫಡ್ನವಿಸ್...""; ಚಂದ್ರಶೇಖರ ಬಾವನಕುಳೆ ಅವರ ನಾನಾ ಪಾಟೋಲೆ ಟೀಕೆ",angry,kn
"ಅವರು ದೇಶದಲ್ಲಿ ಒಂದೇ ಒಂದು ಕಾರ್ಯಕ್ರಮವನ್ನು ನಡೆಸುತ್ತಿದ್ದಾರೆ, ಧರ್ಮವನ್ನು ವ್ಯಾಪಾರ ಮಾಡುತ್ತಾರೆ ಮತ್ತು ಜನರನ್ನು ಮಾಡುತ್ತಾರೆ.",angry,kn
"ನೀವು ಇತರರಿಗಿಂತ ಹೆಚ್ಚಿನದನ್ನು ಮಾಡಲು ಸಿದ್ಧರಿಲ್ಲದಿದ್ದರೆ, ಮೊದಲಿನಿಂದಲೂ ನೀವು ಶ್ರೀಮಂತರಾಗಲು ತುಂಬಾ ಕಷ್ಟವಾಗುತ್ತದೆ.",neutral,kn
ಮನೆಯಲ್ಲಿ ಪ್ರಯತ್ನಿಸಿದೆ... ಹಗಲಿನಲ್ಲಿ ಎರಡೂ ಕಣ್ಣುಗಳ ದೃಷ್ಟಿ ಕಳೆದುಕೊಂಡಿತ್ತು,sad,kn
"ನೋಡೋಣ, ಈ ಚುನಾವಣೆಯಲ್ಲಿ ಅಂಧೇರಿ ಪೂರ್ವದ ಮತದಾರರು ಬಿಜೆಪಿಯತ್ತ ಹೋಗುತ್ತಾರೆ.",happy,kn
ನೀವು ಮತ್ತು ಎಲ್ಲರೂ ಹೀಗೆಯೇ ಪರಿಚಿತರಾಗಿದ್ದೀರಿ,neutral,kn
ಈಗ ಹೀಗೇ ಆಗುತ್ತೆ.. ಕ್ರೀಮಿ ಫುಡ್ ತಿನ್ನಬೇಕೆನಿಸಿತು ಆದರೆ ಏನೂ ಸಿಗಲಿಲ್ಲ..,angry,kn
ಮಹಾರಾಷ್ಟ್ರದಲ್ಲಿ ಬರ ಘೋಷಣೆ ಮಾಡಿ ಇಲ್ಲದಿದ್ದರೆ ಬಲಿರಾಜ ಕ್ಷಮಿಸುವುದಿಲ್ಲ,fear,kn
ಬಿಜೆಪಿಗೆ ಮತ ಹಾಕುವುದಕ್ಕಿಂತ ಭಿಕ್ಷೆ ಬೇಡುವುದು ಮೇಲು.. ಪುಣೆಯ ಗುಂಡಿ ತುಂಬಲು ನಿಮ್ಮ ತಂದೆ ಬರುತ್ತಾರಾ?,angry,kn
ನೀವು ಬರೆದದ್ದು ಅರ್ಧದಷ್ಟು ಅಜ್ಞಾನಿ ಭಕ್ತರಿಗೆ ಅರ್ಥವಾಗದಿರಬಹುದು...,angry,kn
"ಎಲ್ಲಾ ನಾಯಕರಿಗೂ ""ಪ್ರಜಾಪ್ರಭುತ್ವ, ಸಂವಿಧಾನ"" ಏಕೆ ನೆನಪಿದೆ ಎಂದು ನಾನು ಆಶ್ಚರ್ಯ ಪಡುತ್ತೇನೆ.",angry,kn
"ಜೀವನದ ಪಯಣದಲ್ಲಿ ನಾವು ಅನೇಕರನ್ನು ಭೇಟಿಯಾಗುತ್ತೇವೆ, ನಮ್ಮನ್ನು ಬೆಂಬಲಿಸುವವರು ಕಡಿಮೆ ಮತ್ತು ನಮ್ಮನ್ನು ಬಿಟ್ಟು ಹೋಗುವವರು ಹೆಚ್ಚು.",sad,kn
"ಟ್ವೀಟ್ ನ ಲಾಜಿಕ್ ಏನೆಂದರೆ, ನಗಲೂ ಬಾರದಷ್ಟು ನಿಷ್ಪ್ರಯೋಜಕ ಲಾಜಿಕ್.",angry,kn
"ಗಂಗಾಧರ ರಾವ್ ಅವರು ವಿಶ್ವದ ನಂಬರ್ ಒನ್ ಆವಿಷ್ಕಾರಕರಲ್ಲಿ ಒಬ್ಬರು, ರಾವ್ ಅವರು ಎಂತಹ ಉತ್ತಮ ಉದಾಹರಣೆಯನ್ನು ನೀಡಿದ್ದಾರೆ.",angry,kn
ಮಹಾಬಲವಿದ್ದವಳು ಗಾಬರಿಯಾದಳು...ಅಲ್ಲಿಯೇ ನಿನ್ನ ಶಕ್ತಿ ಬಯಲಾಯಿತು.,angry,kn
ಸಾಹಿಬ್ ಓಡಿಹೋದಾಗ ನೀವು ಏನು ನೋಡಿದ್ದೀರಿ?,angry,kn
ರಕ್ತದ ಕಪ್ಪು ಮಾರುಕಟ್ಟೆ ಈಗ ಈ ರೀತಿ ತೆರೆದಿದೆ.,angry,kn
"ಇದು ಕಷ್ಟ, ತಂದೆ",neutral,kn
ಉಳಿದವರು ಅಸಹಾಯಕರು,sad,kn
"ದುರ್ಯೋಧನನು ಶ್ರೀಕೃಷ್ಣ, ರೇ ಬಾಬಾರನ್ನು ಭೇಟಿಯಾದನು",happy,kn
"ಬಾಧಿತರು ಅಂದು ಕಪಟವೇಷಧಾರಿ, ಈಗಲೂ ಇದ್ದಾರೆ..ಏನೂ ಬದಲಾಗಿಲ್ಲ",angry,kn
"ಕಪ್ಪು ಹಲಗೆ: ಇದನ್ನು ಸಿಖ್ ಗಲಭೆ ಎಂದು ಕರೆಯಬೇಡಿ, ಇದು ಹತ್ಯಾಕಾಂಡ",angry,kn
ಎಣ್ಣೆ ಬಂತು ತುಪ್ಪ ಮಾಯ..! ಕೈಗೆ ಬಂದ ಕುಂಬಳಕಾಯಿ..!,angry,kn
ಕಳ್ಳ ಬೇಟೆಗಾರರಿಂದ ಬೆಲೆ ಏರಿಕೆಯಾಗಿದೆ ಮತ್ತು ಭಕ್ತರು ಮಟನ್ ಖರೀದಿಸಲು ಸಾಧ್ಯವಾಗಲಿಲ್ಲ.,angry,kn
ಭೀಮಚೋ ಸೇ ನಾನಾ ತಥಾ ತೂ ದಾನ ಅಖಾರಾ ತಥಾ ಪ್ರಚಾರ.,neutral,kn
ದೇಶದ್ರೋಹಿಗಳು ಕಷ್ಟಪಟ್ಟರೂ ಪ್ರಯೋಜನವಾಗುವುದಿಲ್ಲ. ಸಾರ್ವಜನಿಕರು ಅವರನ್ನು ಮನೆಯಲ್ಲಿ ಕೂರಿಸುತ್ತಾರೆ,angry,kn
ಶಿವರಾಯರ ಗುರಾಣಿ ಖಡ್ಗವು ಹಿಂಸಾತ್ಮಕ ಜ್ಯೋತಿಗಿಂತ ಹೆಚ್ಚು ಶಕ್ತಿಶಾಲಿ ಎಂದು ಉತ್ತಸೇನನಿಗೆ ಅರ್ಥವಾಗಲಿಲ್ಲ.,happy,kn
ಇತರ ಜನರ ವೈಯಕ್ತಿಕ ಜೀವನದಲ್ಲಿ ಇಣುಕುವುದು ಒಳ್ಳೆಯ ಸಂಕೇತವಲ್ಲ,angry,kn
"ಇದು ಹಳಸಿದ ಹೇಳಿಕೆಯಾಗಿದ್ದು, ಮತ್ತಾ ಇದಕ್ಕೆ ತುಂಬಾ ತೊಂದರೆ ನೀಡುತ್ತಿದ್ದಾರೆ.",angry,kn
ಮನುಷ್ಯ ಚಿಕ್ಕವನು ಸರ್.. ಎಲ್ಲರೂ ಒಂದೇ ಅಲ್ಲ..,sad,kn
ನಾಂದೇಡ್‌ನಲ್ಲಿ ರೈಲು ವಿದ್ಯುದ್ದೀಕರಣ ಕಾರ್ಯ ಮುಗಿಸಿ ಹಿಂತಿರುಗುತ್ತಿದ್ದ ವೇಳೆ ಭೀಕರ ಅಪಘಾತ ಸಂಭವಿಸಿದೆ.,sad,kn
ಆ ಪಕ್ಷದ ಮುಖಂಡರು ಗೊಂದಲದಲ್ಲಿದ್ದಾರೆ.,angry,kn
ಶಿವಸೇನೆಯಲ್ಲಿ ಬಿಟ್ಟ ಅಪ್ಪನ ಕೆರೆಯ ಹೊರತಾಗಿ...!!!,angry,kn
ನಿಮಗೆ ನಾಚಿಕೆಯಾಗುವುದಿಲ್ಲವೇ?,angry,kn
ಕೆಲವು ವರ್ಷಗಳಿಂದ ಭಿಕ್ಷುಕನಾಗಿ ಕುಳಿತಿದ್ದ. ದೇಶ ಎಂದರೆ ನಿಮ್ಮ ಆಸ್ತಿ.,angry,kn
ಬಿಜೆಪಿ ಇರುವ ಕಡೆ ವಾಟೋಲೆ ಇರುವುದು ಖಚಿತ.,angry,kn
ಅದರಲ್ಲಿ ನಾಚಿಕೆ ಇಲ್ಲ ನಿಜ,angry,kn
ನೀನು ಪೇಪರ್ ಟೈಗರ್ ಅಂತ ಜನಕ್ಕೆ ಗೊತ್ತು.,angry,kn
ಖಿನ್ನತೆಯನ್ನು ಹರಡಲು ಎಷ್ಟೇ ಪ್ರಯತ್ನಿಸಿದರೂ ಪ್ರಯೋಜನವಾಗುವುದಿಲ್ಲ.,neutral,kn
ಕಾಂಗ್ರೆಸ್ ಅನಕ್ಷರಸ್ಥರಲ್ಲ.,neutral,kn
ನಿಮ್ಮ ಯಜಮಾನರು ಮುಖ್ಯಮಂತ್ರಿಯನ್ನೂ ಓಲೈಸಿದರು,angry,kn
ಈ ಸೂಕ್ಷ್ಮತೆ ನಿನ್ನೆಯವರೆಗೆ ಎಲ್ಲಿತ್ತು?,angry,kn
"ಶಿಂಧೆ ಗುಂಪಿನ ಮೊದಲ ಬೊಂಬೆ, ಈಗ ಬಿಜೆಪಿ ನಾಯಕರಿಗೂ ಸೋಂಕು ಬಂದಿದೆ.",angry,kn
ಇಂತಹ ಮಾದರಿ ಭಾರತದಲ್ಲಿ ಹೇಗೆ ಅಸ್ತಿತ್ವಕ್ಕೆ ಬಂದಿತು...,angry,kn
ಆ ಪತ್ರಾ ಚಾಳಿಯಲ್ಲಿ ವಾಸಿಸುವವರನ್ನು ಕೇಳಿ ಅವರಿಗೂ ತಾಯಿ ಇದ್ದಾರೆ.,angry,kn
ಸಂಪಾದಕರಿದ್ದಾರೆ ಮತ್ತು ಈ ಪ್ರಶ್ನೆಯು ಕಾಳಜಿಯ ವಿಷಯವಾಗಿದೆ ...,angry,kn
ಎಂಎಲ್ ಎ ಆಗುವುದಿಲ್ಲ ಎಂದು ಬರೆದುಕೊಳ್ಳಿ,angry,kn
ಈ ಸದಸ್ಯರು ಲೇಬರ್ ಆರ್ಮಿಯ ಸಾಮಾನ್ಯ ಅಧ್ಯಕ್ಷರಾಗಲು ಸಾಧ್ಯವಿಲ್ಲ.,angry,kn
"ಹೇ ನಿಷ್ಪ್ರಯೋಜಕ ಜನರೇ, ಯಾರೊಬ್ಬರ ಸಾವಿನ ಸುದ್ದಿಯಲ್ಲೂ ಕ್ಲಿಕ್‌ಬೈಟ್ ಅನ್ನು ಬಳಸಲಾಗುತ್ತದೆ, ಈ ಪಾಪಗಳಿಗೆ ಹೇಗೆ ಪಾವತಿಸಲಾಗುತ್ತದೆ.",angry,kn
"ಹೌದು, ಫಸ್ನವೀಸ್ ಗೆ ಸೋಲು ಇಷ್ಟವಿಲ್ಲ, ಹೀಗಾಗಿ ಚುನಾವಣೆಯಿಂದ ಮರೆಮಾಚಿಕೊಂಡು ಓಡಿಹೋಗಲು ಯತ್ನಿಸುತ್ತಿದ್ದಾರೆ.",angry,kn
"ಆದರೆ ನಾನೇನು ಹೇಳುತ್ತೇನೆ, ಅಭ್ಯರ್ಥಿಯೇ ಇಲ್ಲದವನಿಗೆ ಯಾಕೆ ಇಷ್ಟೊಂದು ತುರಿಕೆ?",angry,kn
ಶಾಸಕರಿಗೆ ಕೆಲಸ ಕೊಡಿ...ಇಲ್ಲದಿದ್ದರೆ ಬರುವ ಚುನಾವಣೆಯಲ್ಲಿ ಶಾಸಕರನ್ನೂ ಭೇಟಿ ಮಾಡುವುದಿಲ್ಲ.,angry,kn
ಇವರಿಂದ ಎರಡೂವರೆ ವರ್ಷಗಳ ಕಾಲ ಪ್ಯಾಕೆಟ್ ತೆಗೆದುಕೊಂಡರು. ಈಗ ಅವರ ವಿರುದ್ಧ ಬರೆಯುವ ಸಮಯ ಬಂದಿದೆ...ಕಷ್ಟ..!,sad,kn
ಲಾಲ್ಪಾರಿ ಮತ್ತು ಅವರ ಉದ್ಯೋಗಿಗಳು ಪವಾರ್ ಸಾಹೇಬರಿಂದ ಹೆಚ್ಚು ನಷ್ಟವನ್ನು ಅನುಭವಿಸಿದರು.,sad,kn
"ನಾಚಿಕೆ ಪಡುವುದು ಜನರಿಗಲ್ಲ ಮನಸ್ಸೇ, ನೀನು ಕಟ್ಟಾ ದೇಶದ್ರೋಹಿ.",angry,kn
ಇದು ಯಾವುದನ್ನೂ ಸರಿಪಡಿಸುವುದಿಲ್ಲ ಬೆನ್,angry,kn
ಬಿಜೆಪಿ ಅಧ್ಯಕ್ಷರಾಗಲು ಒಳಗಿನವರ ಸ್ಥಿತಿ ಸಾಕಷ್ಟಿತ್ತು ಆದರೆ ಅವರನ್ನು ನಾಯಿಯಾಗಿ ಪರಿವರ್ತಿಸಲಾಯಿತು.,angry,kn
ವೇಗ ಮತ್ತು ಉತ್ಸಾಹದಲ್ಲಿ ಪ್ರಗತಿಯನ್ನು ನಾಯಿ ಎಂದಿಗೂ ಸಹಿಸುವುದಿಲ್ಲ ...,angry,kn
ಇಂತಹ ಬುದ್ದಿಜೀವಿಗಳು ಕಾಂಗ್ರೆಸ್‌ನಲ್ಲಿ ಇದ್ದರೆ ಭಾರತ ಕಾಂಗ್ರೆಸ್‌ನಿಂದ ಮುಕ್ತವಾಗುತ್ತದೆ.,angry,kn
ಈಗ ಎಂಸಿಎ ಖಜಾನೆಯೂ ಲೂಟಿಯಾಗಲಿದೆ ಅಣ್ಣ.,angry,kn
ಅವರನ್ನು ದೇಶದ ಮನರಂಜನಾ ಸಚಿವರನ್ನಾಗಿ ಮಾಡಬೇಕು.... ಇಂತಹ ವ್ಯಕ್ತಿ ದೇಶದ ಹಣಕಾಸು ಸಚಿವರಾಗಿರುವುದು ದೇಶದ ದೌರ್ಭಾಗ್ಯ!,angry,kn
ಬಾಳಾ ಸಾಹೇಬರನ್ನು ಬಂಧಿಸಿದ್ದು ಬಹುಗುಣಿಯೇ ಅಲ್ಲವೇ?,happy,kn
ಅದೃಷ್ಟ ಆದರೆ ನಾನು ಒಳಗೆ ಉರಿಯುತ್ತಿದ್ದೇನೆ,angry,kn
ಇದು ರಾಜಕಾರಣಿಗಳ ಬದಲಿಗೆ ಮಾಧ್ಯಮದವರು ಪಾವತಿಸುತ್ತಾರೆ,angry,kn
"ಆಸ್ತಿ, ಪಿತ್ರಾರ್ಜಿತ ಹಕ್ಕುಗಳಿಗಾಗಿ ಹೋರಾಟದಲ್ಲಿ ಅಗ್ನಿ ದಿಲ ಇನ್ನು ಸಮಸ್ಯೆ...",angry,kn
ಇದು ರಾಖಿಗೆ ಮಾಡಿದ ಅವಮಾನ.,angry,kn
ನೀವು ರಾಜಕೀಯ ನಾಯಕರೆಂಬುದು ನಿಜಕ್ಕೂ ಭ್ರಮೆ,angry,kn
ನೀವು ಅರ್ಹತೆ ಪಡೆಯಲು ಸಾಧ್ಯವೇ?,angry,kn
"ಅರೇ, ಬಾರಾಮತಿಯ ಅಡಿಭಾಗವನ್ನು ನೆಕ್ಕಲು ಎಷ್ಟು ಬೇಕು?",angry,kn
"ಯಾರು ಹೇಳುತ್ತಿದ್ದಾರೆ ನೋಡಿ, ಯಾರು ಯಾರಿಗೆ ಕಿರುಕುಳ ನೀಡುತ್ತಿದ್ದಾರೆಂದು ಎಲ್ಲರಿಗೂ ತಿಳಿದಿದೆ.",angry,kn
"ದೇವರ ದರ್ಶನ ಮುಗಿಸಿ ಸಂತಸದಿಂದ ಮನೆಗೆ ಬರುತ್ತಿದ್ದೆ, ಆದರೆ ದಾರಿಯಲ್ಲಿ... ಕರ್ನಾಟಕದಲ್ಲಿ ಭೀಕರ ಅಪಘಾತ ಸಂಭವಿಸಿದೆ.",sad,kn
"ಅಷ್ಟಕ್ಕೂ ಅವರು ವಂಶ ರಾಜಕಾರಣದ ಬೆಂಬಲಿಗರು, ಈ ವಿಷಯ ಅವರ ಮನಸ್ಸಿಗೆ ಹೇಗೆ ಬರುತ್ತದೆ?",angry,kn
ದೇಶದ್ರೋಹಿಗಳನ್ನು ಸೋಲಲು ಕರೆಯುತ್ತೇವೆ... ಏಕನಾಥ್ ಅವರೇ ಸೋಲಲಿದ್ದಾರೆ.,angry,kn
ವಿಚಾರಣೆ ಮಾತ್ರ ಪೂರ್ಣವಾಗಬೇಕು...ನಯತಾರ್ ಕಯ್ ಮೇಲಿನ ನಂಬಿಕೆ ದಿನದಿಂದ ದಿನಕ್ಕೆ ಕಡಿಮೆಯಾಗುತ್ತಿದೆ,angry,kn
ಸೂಕ್ತ ಸಾದೃಶ್ಯ...ಇದು ಹೇಯ. ಅರ್ಥ ನೋಡಿ..,angry,kn
ಬಂಡಾಯಗಾರನಾಗಲು ಕಷ್ಟಗಳನ್ನು ಸಹಿಸಿಕೊಳ್ಳಬೇಕು..! ಇದು ಏನು?,angry,kn
ಸೋಲು ಸನ್ನಿಹಿತವಾಗಿದೆ,sad,kn
ಈತನ ಕಾಲದಲ್ಲಿ ಅನೇಕರು ಕೋಪಗೊಂಡಿದ್ದರು ಎಂದು ಹೇಳಲಾಗುತ್ತದೆ.,angry,kn
"ಸಾರ್, ನೀವು ಆದಿತ್ಯನ ಹತ್ತಿರ ಎಲ್ಲಿಯೂ ಇಲ್ಲ. ಆದಿತ್ಯ ಮಹಾರಾಷ್ಟ್ರದ ಭವಿಷ್ಯ.",angry,kn
ಹಾಗಾದರೆ ಅವರೂ ಶರಣಾಗಬೇಕೇ?,angry,kn
ರಾಜ್ ಠಾಕ್ರೆಗೆ ಟೈಗರ್ ಎಂಬ ಪದ ಸರಿಹೋಗುವುದಿಲ್ಲ,angry,kn
"ಅವನಿಗೆ ಹೇಗೆ ತೆಗೆದುಕೊಳ್ಳಬೇಕೆಂದು ತಿಳಿದಿದೆ, ಹೇಗೆ ಕೊಡಬೇಕೆಂದು ಅಲ್ಲ.",angry,kn
"ನಿಮ್ಮ ವಿಷಯ ಕೇವಲ ಗುಜರಾತಿ ಪ್ರೇಮವಾಗಿತ್ತು, ಅದಕ್ಕೆ ತಲೆ ಹಾಕುವ ಅಗತ್ಯವಿಲ್ಲ",angry,kn
ಪುಸ್ತಕಗಳನ್ನು ಮೆಚ್ಚದ ಯಾರಿಗಾದರೂ ನೀವು ಪುಸ್ತಕವನ್ನು ಉಡುಗೊರೆಯಾಗಿ ನೀಡುತ್ತೀರಾ?,angry,kn
ಇಂತಹ ನಿಷ್ಪ್ರಯೋಜಕ ಹಾಸ್ಯಗಳನ್ನು ಮಾಡುವ ಮೂಲಕ ನೀವು ನಿಮ್ಮ ಸ್ವಂತ ಮೌಲ್ಯವನ್ನು ಕಡಿಮೆ ಮಾಡುತ್ತಿದ್ದೀರಿ,angry,kn
ಅಂತಹ ದೊಡ್ಡ ನಾಯಕರಿದ್ದಾರೆ ಆದರೆ ಈ ಚುನಾವಣೆ ಗುರಿಯಲ್ಲ,angry,kn
ಗುಂಡಿ ಇದೆಯೇ? ಇಲಿಗಳು ಬಿಲ್ ಪಾವತಿಸಿದವು,angry,kn
"ವಿಳಂಬಕ್ಕೆ ಚುನಾವಣಾ ಆಯೋಗವನ್ನು ದೂರುವ ಕೆಲಸ ನಡೆಯುತ್ತಿದೆ: ದೇವೇಂದ್ರ ಫಡ್ನವೀಸ್, ಉಪ ಮುಖ್ಯಮಂತ್ರಿ",angry,kn
ಎಲ್ಲ ಭಕ್ತರು ಯೆದೆ ಆದರೆ ಅಲ್ಲೊಂದು ಇಲ್ಲೊಂದು ಇದ್ದಾರೆ,angry,kn
ಅವಳು ಬೇರೆಯವರೊಂದಿಗೆ ಓಡಿಹೋದಳು ನಾವು,sad,kn
ನಾನು ಕಳೆದ ವರ್ಷ ಅಂತಹ ಮಾದರಿಗಳನ್ನು ನಿರ್ಬಂಧಿಸಿದೆ. ಈ ದೀಪಾವಳಿ ನನಗೆ ನಿಜವಾಗಿಯೂ ಮಂಗಳಕರವಾಗಿರುತ್ತದೆ.,happy,kn
"ಜಾಗರೂಕರಾಗಿರಿ ಬಾಪು, ಸತ್ತಾರ್ ಮತ್ತು ಶಿರ್ಸತ್. ಶಿವಸೈನಿಯವರ ಪ್ರೀತಿಯನ್ನು ನೋಡಿ, ಈಗ ಮಧುರಕ್ಕೆ ಸಿದ್ಧರಾಗಿ.",angry,kn
ಫೇಸ್‌ಬುಕ್‌ನ ನೀತಿ ತಂಡವು ಭಾರತ ಮತ್ತು ಹಿಂದೂ ವಿರೋಧಿ ಗುಂಪು,angry,kn
ಪ್ರಜಾಪ್ರಭುತ್ವದಲ್ಲಿ ನಾಯಕರು ಎಲ್ಲಾ ಸಾಮಾನ್ಯ ಜನರು ಮೂರ್ಖರು ಎಂಬ ಊಹೆಯ ಮೇಲೆ ಕಾರ್ಯನಿರ್ವಹಿಸುತ್ತಾರೆ.,angry,kn
"ಉಳಿದೆಲ್ಲ ಪಕ್ಷಗಳ ನಾಯಕರನ್ನೇ ಏಕೆ ತನಿಖೆ ಮಾಡುತ್ತಾರೆ, ಬಿಜೆಪಿಯಲ್ಲಿ ಯಾರೂ ಭ್ರಷ್ಟರೇ ಇಲ್ಲವೇ?",angry,kn
ಅವರನ್ನೆಲ್ಲ ಪಾಕಿಸ್ತಾನಕ್ಕೆ ಕಳುಹಿಸಿ... ಪುಣೆಯಲ್ಲಿ ಇಂತಹ ಘಟನೆ ನಡೆಯುತ್ತಿರುವುದು ತುಂಬಾ ಕೆಟ್ಟದಾಗಿದೆ.,angry,kn
"ಮುನ್ಸಿಪಾಲಿಟಿಯಿಂದ ಪಾರ್ಲಿಮೆಂಟ್ ವರೆಗೆ ಅಣ್ಣಾ ನೀನಾಗಿದ್ದೆ. ಹಾಗಾದರೆ, ಕಳೆದ ವರ್ಷ ನೀವು ಏನು ಮಾಡಿದ್ದೀರಿ?",angry,kn
"ಇಂತಹ ಸಾಹೇಬರ ಫೋಟೋ ಹಾಕಬೇಡಿ, ಒಕ್ರಿ ಅನ್ನಿಸುತ್ತೆ.",angry,kn
ಫಡ್ನವೀಸ್ ಅವರು ಕೆಲವು ಸಲಿಕೆಗಳನ್ನು ಶಾಂತಿಯುತವಾಗಿ ಮಲಗಲು ಬಿಡುವುದಿಲ್ಲ,angry,kn
ಬಿಲ್ಲಿನಲ್ಲಿ ಬಾಣವಿಲ್ಲ ಮತ್ತು ಬಾಣದಲ್ಲಿ ಅಂಚಿಲ್ಲ,angry,kn
"ಆದ್ದರಿಂದ, ಈ ವರ್ಷ ವಿಶ್ವದಲ್ಲಿ ಆರ್ಥಿಕ ಹಿಂಜರಿತಕ್ಕೆ ಕಾರಣವಾದ ಈ ನಾಯಿಮರಿಯನ್ನು ಅಮೆರಿಕದ ಜನರು ಬಿಡುಗಡೆ ಮಾಡಿದ್ದಾರೆ.",angry,kn
ಗಂಭೀರವಾಗಿ ನಗುವುದು ಕಷ್ಟ,sad,kn
"ಸಾರ್, ನೀವು ದೇಶ ಸೇವೆ ಮಾಡಿ ಜೈಲಿಗೆ ಹೋಗಿಲ್ಲ, ಬಡವರ ಹಣ ತಿಂದಿದ್ದೀರಿ.",angry,kn
ಭೋಸರಿ ಕೇಳಿದ್ದು ಯಾಕೆ?,angry,kn
ರಾಹುಲ್ ಜೀ ಗಾಂಧೀಜಿಯವರಿಂದ ಉತ್ತರ ಕೇಳುತ್ತಿದ್ದರು,angry,kn
ಅವನೇ ಕೋಲು ತೆಗೆದುಕೊಂಡು ದೇಶದ್ರೋಹಿಯ ಮುಖಕ್ಕೆ ಹೊಡೆಯಲು ಹೊರಟನು.,angry,kn
ಮೂರ್ಖ ಶಿರೋಮಣಿ ಭಟ್ಕಳಕರ್ ಅವರ ಸುದ್ದಿ ಕುಟುಕಿನಿಂದ ಅವರು ಪ್ರಭಾವಿತರಾಗಿದ್ದಾರೆ. ಪತ್ರಕರ್ತರು ಎಷ್ಟು ಗಂಟೆಗೆ ಬಂದರು...!,angry,kn
"ನಮ್ಮ ಸರ್ ಜನವರಿಯಿಂದ ಜೂನ್ ವರೆಗೆ ಮುಖ್ಯಮಂತ್ರಿ ಆಗಿದ್ದರು, ನಂತರ ಆತ್ಮಹತ್ಯೆಗಳು ಹೇಗೆ ನಡೆದವು?",angry,kn
ಇದನ್ನು ರಾಜ್ ಠಾಕ್ರೆ ಮತ್ತು ಜನತಾರಾಜರಿಗೆ ತಿಳಿಸಿ. ಅವರು ಬಿಜೆಪಿಯನ್ನು ಅನುಸರಿಸುತ್ತಿದ್ದಾರೆ.,angry,kn
ಶಿಂಧೆ ಗುಂಪಿನೊಂದಿಗೆ ಮಾತನಾಡುವಾಗ ಬಿಜೆಪಿಗೆ ಕೋಪ ಏಕೆ?,angry,kn
"ದಿಘೆ ಸಾಹೇಬರ ನಿಜವಾದ ತಂಗಿ ಶಿಂಧೆ ಸಾಹೇಬರ ಜೊತೆಗಿದ್ದಾಳೆ, ಏನು ಹೇಳುತ್ತೀರಿ?",neutral,kn
"ಮೋದಿಯನ್ನು ಕಚ್ಚುವುದರಲ್ಲಿ ಕಮ್ಮಿ ಬೇಡ, ಅಷ್ಟೆ.",angry,kn
ಕಂದಾಯ ಸಚಿವರಾಗುವ ಕನಸು ಕಾಣುತ್ತಿದ್ದ ಚಂಪಾ ಅವರ ಬಾಯಲ್ಲಿ ಫಡ್ನವೀಸ್ ದನದ ಸಗಣಿಯನ್ನು ಎಸೆದರು.,angry,kn
ಇದು ತುಂಬಾ ಕೆರಳಿಸುವಂತಹ ವಿಷಯ.. ಇಲ್ಲಿಯವರೆಗೆ ಯಾವ ರಾಜಕೀಯ ಪಕ್ಷವೂ ಇಂತಹ ಅವಮಾನ ಮಾಡಿಲ್ಲ.,angry,kn
ನಿನಗೇಕೆ ಇಷ್ಟೊಂದು ಹೊಟ್ಟೆಕಿಚ್ಚು?,angry,kn
ಶಿಂಧೆ ಮುಗುಳ್ನಗುತ್ತಾ ಪರ್ಫೆಕ್ಟ್ ಆಟ ಆಡಿದ್ದಾರೆ...,happy,kn
"ಅಜಿತ್ದಾದಾ ಶೀಘ್ರದಲ್ಲೇ ಈ ಸಮಯವನ್ನು ನಿಮ್ಮ ಸುಂದರ ಪ್ರೇಯಸಿಗೆ ತರುತ್ತಾನೆ, ಅದನ್ನು ಬರೆಯಿರಿ.",angry,kn
ಮೂರು ನೇಪಾಳಿ ಕೋಳಿಗಳನ್ನು ಕತ್ತರಿಸಿ ಮತ್ತು ಫಲಿತಾಂಶವು ಉತ್ತಮವಾಗಿದೆಯೇ ಎಂದು ನೋಡಿ.,angry,kn
ದೇಶದ್ರೋಹಿಗಳನ್ನು ಸೋಲಿಸಬೇಕು. ಶಿವಸೇನೆ ಮಾತು ಕದ್ದಿದೆ.,angry,kn
ಗೂಂಡಾಗಳೊಂದಿಗೆ ರೈಲ್ವೆಯ ಕಳಪೆ ನಡವಳಿಕೆ...ಕಡಿಮೆ ರೈಲುಗಳು ಮತ್ತು ಅನಿಯಮಿತ ವೇಳಾಪಟ್ಟಿ,angry,kn
ಠಾಕ್ರೆಗೆ ಇಷ್ಟೊಂದು ಸಂಪತ್ತು ಎಲ್ಲಿಂದ ಬಂತು ಎಂದು ನಿಮ್ಮ ನಾಯಕರು ಕೇಳುತ್ತಿದ್ದಾರೆ.,angry,kn
ಪುಣೆಯಲ್ಲಿ ಅಕ್ಟೋಬರ್ ಹೀಟ್‌ಗೆ ಹೃತ್ಪೂರ್ವಕ ಗೌರವ,neutral,kn
ನೀವು ಯಶಸ್ವಿಯಾಗಲಿ! ಟಿಕೆಟ್ ಗಳನ್ನು ಪೊಲೀಸರು ದುಬಾರಿ ಬೆಲೆಗೆ ಮಾರಾಟ ಮಾಡಿದ್ದಾರೆ. ಅಲ್ಲಿ ಪ್ರಾರಂಭಿಸಿ.,angry,kn
ಇದೇ ವೇಳೆ ಸಂಘಟಕರು ಕ್ಷಮೆ ಯಾಚಿಸಬೇಕು.,angry,kn
"ಆಗ ಸಾಹೇಬರೇ ಹೆಚ್ಚು ನ್ಯಾಪಿ ಕೆಲಸ ಮಾಡುತ್ತಿದ್ದರು, ಸ್ವಲ್ಪ ಚಿಕ್ಕವರಾ?",angry,kn
ಆದರೆ ಮಹಾರಾಷ್ಟ್ರದ ಒಳಿತಿಗಾಗಿ ಅವರು ಏನು ಮಾಡುತ್ತಾರೆ?,angry,kn
ಅಂಬೇಡ್ಕರ್ ಮುಖ್ಯಾಂಶಗಳಲ್ಲಿ ಉಳಿಯಲು ಏನು ಬೇಕಾದರೂ ಮಾಡುವ ಸಾಮಾನ್ಯ ವ್ಯಕ್ತಿ.,angry,kn
ಈ ಸಮೀಕರಣ ಮತ್ತು ಕಾನೂನು ರಾಜಕೀಯ ಬಹಳ ಸಂಕೀರ್ಣ ಮತ್ತು ಸಂಕೀರ್ಣವಾಗಿದೆ.,neutral,kn
ದಿವಾಳಿಯಾದ ಬುದ್ದಿ ಭಕ್ತರಿಗೆ ದೀಪಾವಳಿ ಬೋನಸ್ ಸಿಗಲಿಲ್ಲ,angry,kn
"ತೈ ಎರಡು ಮುಖದ ಮಹಿಳೆ, ಅವಳು ತಕ್ಷಣ ಬದಲಾಗುತ್ತಾಳೆ.",angry,kn
ಭೀಕರ ಸೋಲು ಮುಂದಿದೆ. ಈಗ ಅವರು ಬಿಜೆಪಿಯ ಅಭ್ಯರ್ಥಿಯೇ ಅಥವಾ ದೇಶದ್ರೋಹಿ ಸೇನೆಯೇ ಎಂದು ನೋಡೋಣ.,sad,kn
ನಿಮ್ಮ ಸರ್ ಮಾಡಿದ್ದನ್ನು ನೀವು ಮಾಡದಿದ್ದರೆ ಈ ಸಮಯ ಬರುತ್ತಿರಲಿಲ್ಲ...,angry,kn
ಸ್ವಾತಂತ್ರ್ಯಕ್ಕೆ ನೀವು ಎಷ್ಟು ಕೊಡುಗೆ ನೀಡಿದ್ದೀರಿ,angry,kn
ಅಲ್ಲಿಯೂ ಏನೂ ಸಿಗುವುದಿಲ್ಲ...ಏಕೆಂದರೆ ಸಾಮರ್ಥ್ಯ,angry,kn
"ಫಡ್ನವಿಸ್ ಕೂಡ ಬೆವರಲಾರಂಭಿಸಿದರು, ಚೇತರಿಸಿಕೊಂಡರು",angry,kn
ಒತ್ತಡವನ್ನು ನಿಯಂತ್ರಿಸದಿದ್ದರೆ ಇಷ್ಟು ತಿನ್ನುವುದೇಕೆ?,angry,kn
ಇಸಿ ಒಂದು ಸ್ವಾಯತ್ತ ಸಂಸ್ಥೆ ಎಂಬುದು ಸಾಮಾನ್ಯ ತಪ್ಪು ಕಲ್ಪನೆ.,angry,kn
"ಈ ನಾಯಿಗೆ ಸಂಬಳ ಮತ್ತು ಪಿಂಚಣಿ ನೀಡಬೇಕಾಗಿಲ್ಲವಾದ್ದರಿಂದ, ಇದು ಅಗ್ನಿಶಾಮಕವಾಗುವುದಿಲ್ಲ, ಇದು ಶಾಶ್ವತವಾಗಿರುತ್ತದೆ....ಕಳುಹಿಸಿ",angry,kn
ನೀವು ಮನೆಯಲ್ಲಿ ತೊಟ್ಟಿಲು ಏಕೆ ಚಲಿಸಬಾರದು?,angry,kn
ಶಿಂಧೆ-ಬಿಜೆಪಿ ಒಂದೇ ಒಂದು ಸ್ಥಾನವನ್ನೂ ಗೆಲ್ಲುವುದಿಲ್ಲ...ಇದನ್ನು ಆರಂಭ ಎನ್ನಬಹುದೇ?,angry,kn
ನೀವು ಪತ್ರಕರ್ತರೇ? ಪತ್ರಕರ್ತರು ಪಕ್ಷಪಾತ ಮಾಡುವುದಿಲ್ಲ,angry,kn
ಕಳೆದ ವರ್ಷ ದೇಶ ಮಾಡಿದ್ದನ್ನು ಮಾರಿಕೊಂಡು ಬದುಕುತ್ತಿದ್ದಾರೆ ನಿಮ್ಮ ಮೋದಿ.,angry,kn
ಲಟ್ಕೆ ಬಾಯಿಯ ಪ್ರಚಾರ ಸಭೆಯಲ್ಲಿ ಮಾಮು ಹೇಳ್ತಾರೆ...ನೆನಪಿರಲಿ...ಬಾಳಾ ಸಾಹೇಬರ ಶಿವಸೇನೆಯನ್ನು ಸೋಲಿಸಬೇಕು...,angry,kn
ಇದು ದೇಶದ್ರೋಹಿಗಳಿಗೆ ಸರಿಹೊಂದುವುದಿಲ್ಲ,angry,kn
"ದೀಪಾವಳಿಗೂ ಮುನ್ನವೇ ಗ್ರಾಹಕರಿಗೆ ಶಾಕ್; ಚಿನ್ನ-ಸೋಯಾಚ್ಯಾ ಬೆಲೆ ಇಂದು ಬದಲಾಗಿದೆ, ತಕ್ಷಣದ ತಪಸ್ಸು",neutral,kn
ನೀವು ಬೆದರಿಕೆ ಹಾಕುತ್ತೀರಾ?,angry,kn
"ಆ ದೇಶದ್ರೋಹಿಗಳ ಉತ್ಪನ್ನವೇ ಈ ಜಾತಿ, ಅದಕ್ಕೇ ಬೊಗಳೋದು.",angry,kn
ಈಗ ಈ ದನದ ಸಗಣಿ ಗೂಂಡಾಗಳು ಅಂತಹ ಸ್ಥಿತಿಯನ್ನು ಕಾಯ್ದುಕೊಳ್ಳಲು ಪ್ರಾರಂಭಿಸಿದ್ದಾರೆ ... ನಾವು ಅದನ್ನು ಹೇಗೆ ಸಹಿಸಿಕೊಳ್ಳುತ್ತೇವೆ?,angry,kn
ಬಂಧನ ಕೂಡ ಮಾಡಲಾಗಿದೆ,happy,kn
ದೇಶವನ್ನು ಮಾರಿದ ನಂತರ ಮುಂದೇನು ಎಂದು ನಿರ್ಧರಿಸುವ ಪ್ರಯತ್ನಗಳು ನಡೆಯುತ್ತಿವೆ.,angry,kn
ನಿಸ್ಸಂದೇಹವಾಗಿ ಅದು ನಮ್ಮ ಹೆಂಡತಿ. ನೀವು ನೇತಾಡುವ ಚಾನಲ್‌ಗಳ ಪ್ರದೇಶದಿಂದ ಓಡಿಹೋದಿರಿ,angry,kn
ಅವರ ಪದವಿಯೂ ನಕಲಿ ಮತ್ತು ಭೋಸಲೆ ಉಪನಾಮವೂ ನಕಲಿ....,angry,kn
ಯುವಕರ ಕನಸುಗಳನ್ನು ನನಸು ಮಾಡುವಲ್ಲಿ ವಿಫಲವಾಗಿರುವ ಸರ್ಕಾರಕ್ಕೆ ಅಧಿಕಾರದಲ್ಲಿ ಉಳಿಯುವ ಹಕ್ಕಿಲ್ಲ.,angry,kn
ಈ ವಿಷಯದಲ್ಲಿ ಉದ್ಧವ್ ವಿಫಲರಾಗಿದ್ದಾರೆ ಎಂದು ನೀವು ನಂಬುತ್ತೀರಾ?,angry,kn
ಭಾಸ್ಕರ್ ಜಾಧವ್ ಮೇಲೆ ಅವರದೇ ಕೆಲಸಗಾರರು ಕಲ್ಲು ತೂರಾಟ ನಡೆಸಿದ್ದಾರೆ - ಮೂಲಗಳು,neutral,kn
ಅಲ್ಲಾ ಒಂದೂವರೆ ಜಾಣ!!!,angry,kn
ನೀವು ಸಂದರ್ಶನವನ್ನು ನೀಡಿದಾಗ ನೀವು ಮಲಗಿದ್ದೀರಾ?,angry,kn
ಇದು ನಮಗೆ ಕಠಿಣ ನೋವು,sad,kn
ಈ ಬಾಸ್ಟರ್ಡ್ ಎಲ್ಲರನ್ನೂ ಪರೀಕ್ಷಿಸಿದ್ದಾನೆ!,angry,kn
ಸಾವರ್ಕರ್ ಅವರನ್ನು ನಿಂದಿಸಿದ ನಿತ್ಯಾ ರಾಣೆಯನ್ನು ಈಗಲೂ ನಿಮ್ಮ ಪಕ್ಷವೆಂದು ಪರಿಗಣಿಸುತ್ತಿದ್ದೀರಿ.,angry,kn
ಇದು ಬಾಳಾ ಸಾಹೇಬರ ಚಿಂತನೆ ಮತ್ತು ತತ್ವಗಳಿಗೆ ಸಂಪೂರ್ಣ ವಿರುದ್ಧವಾದ ಮೈತ್ರಿ.,sad,kn
ಹಾಗಾಗಲಿಲ್ಲ...ಸುಪ್ರೀಂ ಕೋರ್ಟ್ ಅನ್ನು ಮೋದಿಯವರು ಖರೀದಿಸಿದ್ದಾರೆ ಎಂದು ಆರೋಪಿಸಲು ಯಾವಾಗ ಶುರು ಮಾಡುತ್ತಾರೆ???,angry,kn
"ನಿನಗೇಕೆ ತುರಿಕೆ? ಇಲ್ಲದಿದ್ದರೆ, ನೀವು ಅದನ್ನು ತರಬೇಕು",angry,kn
"ಗೆಳೆಯರ ಸಾಲ ಮನ್ನಾ ದೇಶಕ್ಕೆ, ಜನರಿಗೆ ಮಾಡಿದ ದ್ರೋಹ.",angry,kn
ಕೆಲವರು ಹ ಹ್ಹ ಹ್ಹ ತೋರಿಸುತ್ತಾರೆ,angry,kn
ಒಳ್ಳೆಯದಕ್ಕಾಗಿ ಕೆಲಸ ಮಾಡುವವರು ಪರಿಣಾಮಗಳನ್ನು ಎದುರಿಸಬೇಕಾಗುತ್ತದೆ,neutral,kn
ಈಗ ನಾಚಿಕೆಯಿಲ್ಲದವನೂ ಸುಳ್ಳುಗಾರನೂ ಆಗಿದ್ದಾನೆ.,angry,kn
"ಚುಟಿಯಾ, ನೀನೇಕೆ ನೀತಿಯ ಮಾತುಗಳನ್ನಾಡುವೆ, ಬ್ರಹ್ಮದಾ?",angry,kn
ಹಾಗಾದರೆ ಬಿಜೆಪಿಯ ರಾಜೀನಾಮೆಯನ್ನು ಅಂಗೀಕರಿಸಲು ಡ್ಯಾಂಗ್ ಸಿದ್ಧವಾಗಿದೆಯೇ?,angry,kn
"ಇಂದು ಪೊಲೀಸ್ ಸಂಸ್ಮರಣಾ ದಿನವಾಗಿದ್ದು, ಕರ್ತವ್ಯದ ಸಾಲಿನಲ್ಲಿ ದೇಶಕ್ಕಾಗಿ ಹುತಾತ್ಮರಾದ ಪೊಲೀಸ್ ಸಿಬ್ಬಂದಿಗೆ ಭಾವಪೂರ್ಣ ಶ್ರದ್ಧಾಂಜಲಿ.",happy,kn
"ಆದರೆ ಇದು ತುಂಬಾ ಹೆಚ್ಚು, ಇದನ್ನು ಕೇಳಿದ ನಂತರ ನನಗೆ ವಾಕರಿಕೆ ಪ್ರಾರಂಭವಾಯಿತು.",angry,kn
ಇದು ದೊಡ್ಡ ಆಟ ಎಂದು ಸೆಹಬಾನಾ ಈಗ ಅರಿತುಕೊಂಡಿದ್ದಾಳೆ,happy,kn
ಇದು ನಂಬರ್ ಒನ್ ಮಹಲು...!!!!!,angry,kn
ಮಹಾನಗರ ಪಾಲಿಕೆ ಆಯುಕ್ತರು ಉದ್ದೇಶಪೂರ್ವಕವಾಗಿ ಈ ರೀತಿ ವರ್ತಿಸಿದ್ದಾರೆ...ಸರಕಾರ ಉದ್ದೇಶಪೂರ್ವಕವಾಗಿ ರಾಜೀನಾಮೆ ತಿರಸ್ಕರಿಸಿದೆ.,angry,kn
ಜನರು ಯಾವ ರೀತಿಯ ಮನಸ್ಥಿತಿಯನ್ನು ಹೊಂದಿದ್ದಾರೆ?,angry,kn
"ಬೆಳಿಗ್ಗೆ ಮೊದಲ ಕೆಲಸ, ಹೋಗಿ ನಿಮ್ಮ ಸರ್ ರಾತ್ರಿ ಮದ್ಯ ಸೇವಿಸಿಲ್ಲ ಎಂದು ಪರೀಕ್ಷಿಸಿ.",angry,kn
ಮುಖ ನೋಡಿ ಪ್ರೀತಿಯಲ್ಲಿ ಬೀಳುವುದು ಕುರುಡು ಪ್ರೀತಿ.,sad,kn
ಸಂಜಯ್ ಗಾಯಕ್ವಾಡ್ ಅವರು ಸಂಜಯ್ ರಾಮುಲ್ಕರ್ ಅವರಿಗೆ ಮುಕ್ತ ನಿಯಂತ್ರಣವನ್ನು ನೀಡಲು ಬಯಸಿದ್ದರು.,angry,kn
ಆಗ ಅವರು ಸಾರ್ವಜನಿಕರಿಗೆ ಆಯ್ಕೆಯಾಗುತ್ತಾರೆ ಎಂಬ ಭ್ರಮೆ ಇದೆ,neutral,kn
"ಈಗಿನ ನಾಯಕತ್ವ ಕುರೂಪಿ ಮಾತ್ರವಲ್ಲ ಕುರುಡ, ಮೂಗ, ಕಿವುಡ, ಅಂಗವಿಕಲ.",angry,kn
ಪ್ರಶಾಂತ್ ಸದ್ದಿಲ್ಲದೆ ನಕ್ಕಲು ಬಿಡುತ್ತಾನೆ,angry,kn
"ಪಂಢರಪುರ ಚುನಾವಣೆಯಲ್ಲಿ ಅನುಕಂಪ, ಮಾತುಗಳು ಎಲ್ಲಿ ಹೋದವು?",neutral,kn
ಈ ಒಪ್ಪಂದವು Twitter ನಲ್ಲಿ ಮಾತ್ರ ಕಪ್ಪುಯಾಗಿದೆ,angry,kn
ಜೈಲಿನಲ್ಲಿದ್ದರೆ ಎದೆಯ ಕೀಲಿಗಳು ಹೇಗಿರುತ್ತಿದ್ದವೋ... ಈಗ ಗಂಟಲು ಮುರಿದಿದೆ,angry,kn
ಹೀಗಾಗುವುದಿಲ್ಲ...ಆಹಾರದ ಬಗ್ಗೆ ಕೋಪವೇಕೆ?,angry,kn
ಭ್ರಷ್ಟ ಸರ್ಕಾರ,angry,kn
ಏ ಸರವಸ್ತಿಯನ್ನು ನಂಬಿದವರು ನನಗೆ ಮತ ಹಾಕಬಾರದು ಎಂದು ಈ ಸ್ನಾಯುಗಳು ಏಕೆ ಹೇಳುವುದಿಲ್ಲ?,angry,kn
ಇದನ್ನು ಎಷ್ಟು ಬಾರಿ ಮಾಡೋಣ,neutral,kn
"ಇದು ಮಹಾರಾಷ್ಟ್ರಕ್ಕೆ ಮಾಡಿದ ಅವಮಾನ, ಮುಂಬೈ ಒಡೆಯುವ ಸಂಚು ಇತ್ಯಾದಿ.",angry,kn
"ಉಪಮುಖ್ಯಮಂತ್ರಿ, ದೆಹಲಿ ಮತ್ತು ಮಹಾರಾಷ್ಟ್ರದ ಮುಖ್ಯಮಂತ್ರಿ, ಮಹಿಳೆಯ ಗುರುತು, ಗುರುತು ಆದರೆ ರಸ್ತೆ ಬದಿಯಲ್ಲಿ.",sad,kn
ಇವತ್ತಿಗೂ ಶ್ರೀಲಂಕಾ ಸೋತಂತೆ ಕಾಣುತ್ತಿದೆ...,neutral,kn
"ಹುರ್ರೇ, ಇದು ಎಲ್ಲಾ ತಪ್ಪು",angry,kn
ಅವನು ತನ್ನ ಮೆದುಳನ್ನು ಉಪ್ಪಿನಕಾಯಿ ಮಾಡಿದನು ...,angry,kn
"ಅಣ್ಣ, ರಂಗದಿಂದ ಯಾಕೆ ಕರೆದಿರಿ? ಇನ್ನೂ ಕೆಲವು ಗಂಟುಗಳು ಬಿದ್ದವು",neutral,kn
ಇದು ಗುಲಾಮನಿಗೆ ವಕೀಲ.. ನೋಟರಿ..,angry,kn
ಮಹಾರಾದ್ಯ ಎಂಬುದು ಗ್ರಾಮ್ಯ..ಮಹರ್ ಮಾಂಗ್ ಎಂಬುದು ಚಂಭರ್ ಜಾತಿ ಹೆಸರು..,angry,kn
ಈ ಯೋಜನೆ ಹಳಿ ತಪ್ಪಲು ಕಾರಣರಾದವರನ್ನು ಏಕೆ ಶಿಕ್ಷಿಸಬೇಕು?,neutral,kn
ಕೇದಾರನಾಥ ಅಪಘಾತದಲ್ಲಿ ಮಡಿದ ಎಲ್ಲ ಭಕ್ತರ ಆತ್ಮಕ್ಕೆ ಶಾಂತಿ ಸಿಗಲಿ!,sad,kn
ಏನು ಮಾಡಲಾಗುವುದಿಲ್ಲ ಮತ್ತು ... ಪ್ರಭು ... ಏನು ಮಾಡಲಾಗುವುದಿಲ್ಲ ...,sad,kn
ಬಿದ್ದರೂ ಕಾಲು ಮೇಲೆದ್ದಿದೆ ಅಂತಾರೆ.. ಅಂಧ ಭಕ್ತರದ್ದೇಕೆ ತರ್ಕ..,angry,kn
ಸರಿ...'ದಯಾ' ನಿಮ್ಮ ತಾಯಿಯ ಹೆಸರಾ?,angry,kn
ಪಾಕಿತ್ಪಟ್ಕರ್ಕರ್ ಕೂಡ ಮಹಾಭಕಾಸ್ ಆಗಾಡಾ ಎಂದು ಕೇಳಬೇಕೆ...??,angry,kn
ತಲೆಕೆಳಗಾದ ಬಿದಿರಿನಿಂದ ಹೊಡೆಯುವುದನ್ನು ನೀವು ಹೇಗೆ ಯೋಚಿಸಬಹುದು?,angry,kn
ಬಿಜೆಪಿ ಸಂದೇಶವಾಹಕರ ಸಾಮಾನ್ಯ ಜ್ಞಾನವನ್ನು ನಾನು ಟೀಕಿಸಲು ಬಯಸುತ್ತೇನೆ,angry,kn
"ಇದು ಸ್ಥೂಲಕಾಯದ ಜಟಿಲವಾಗಿದೆ, ಇದರಿಂದ ಒಳ್ಳೆಯವರೂ ಹೊರಬರಲು ಸಾಧ್ಯವಾಗಲಿಲ್ಲ.",angry,kn
"ತಾತ್ಯಾ ಚೇಳು ಅಲ್ಲ, ಮಾತನಾಡುವ ಗೊಂಬೆ, ಅಂಶ್ ರಾವ್",angry,kn
ನಾನೂ ಒಬ್ಬ..ಅದು ಹೀರುತ್ತೆ!!,angry,kn
"ಎಲ್ಲಾ ಉದಾರವಾದಿಗಳು ಭಿಕ್ಷುಕರು, ಆದರೆ ಅವರು ಪ್ರತಿದಿನ ಭಿಕ್ಷೆ ಬೇಡಲು ಸ್ಥಳವನ್ನು ಹುಡುಕಬೇಕು",angry,kn
ಅವನ ತಂದೆ ಅವನನ್ನು ಕೇಳುವುದಿಲ್ಲ ಮತ್ತು ಅವನು ತನ್ನ ಅಜ್ಜನನ್ನು ಹೊಗಳುತ್ತಾನೆ,angry,kn
ಚುನಾವಣೆಗೂ ಮುನ್ನ ಹಿಂದೂಗಳು ಅಪಾಯದಲ್ಲಿದ್ದಾರೆ,angry,kn
"ಸಾಜಿದಾ, ನಿಮ್ಮ ತಂದೆಯನ್ನು ಶ್ರೀ ಶಿಂಧೆಯವರು ಕದ್ದಿದ್ದಾರೆ ಎಂದು ತೋರುತ್ತದೆ",angry,kn
ಬಿಜೆಪಿ ನಾಯಕರು ನಟರು ಕಡಿಮೆಯಾಗಿದ್ದಾರೆ... ದಿನನಿತ್ಯದ ನಾಟಕ...!,angry,kn
ನಾನೇನು ಹೇಳುತ್ತಿದ್ದೇನೆಂದರೆ ನಿನ್ನ ಪರಿಸ್ಥಿತಿಯನ್ನು ನೋಡಿ ಮಾತಾಡಿದರೆ ನಿನಗೆ ಅವಮಾನ ಆಗುವುದು ಕಡಿಮೆ.,angry,kn
ಅನಾನುಕೂಲತೆಗಾಗಿ ಕ್ಷಮಿಸಿ. ದಯವಿಟ್ಟು ನಿಮ್ಮ ದೂರಿನ ದೂರಿನ ಸಂಖ್ಯೆಯನ್ನು ಒದಗಿಸಿ.,neutral,kn
ಅಂದರೆ ಶಿವಸೇನೆ ನಾಯಕರಿಗೆ ತಮ್ಮ ಪಕ್ಷವನ್ನು ಉಳಿಸಲು ಸಾಧ್ಯವಾಗಲಿಲ್ಲ ಎಂಬ ಕಾಮನ್ ಸೆನ್ಸ್ ಇರಲಿಲ್ಲ!,angry,kn
"ಒಂದೇ ಪ್ರದೇಶದಲ್ಲಿ ವಿಷಯಗಳು ನಡೆಯುತ್ತಿದ್ದರೆ, ಗೌಪ್ಯತೆಯ ಉಲ್ಲಂಘನೆಯ ಹೆಚ್ಚಿನ ಸಂಭವನೀಯತೆ ಇರುತ್ತದೆ",neutral,kn
ಯುವರಾಜ್ ಕೋಪಗೊಳ್ಳುವ ಮತ್ತು ನಂತರ ಅವರನ್ನು ನಿರ್ಬಂಧಿಸುವ ಯಾವುದನ್ನೂ ಹೇಳಬೇಡಿ.,neutral,kn
ಅಂತಹ ಯಾವುದೇ ಭಾಷೆಯನ್ನು ಬಳಸಲಾಗಿಲ್ಲ. ಉದ್ಧವ್ ಠಾಕ್ರೆಯವರ ಮಾತಿನಂತೆ. ಮೂರ್ಖ ನೀನು,angry,kn
ಇದು ನಮ್ಮ ನಾಯಕರು ನಿಷ್ಪರಿಣಾಮಕಾರಿಯಾದ ಪರಿಣಾಮ.,angry,kn
ಸರ್ಕಾರ ಪೀಠದ ಹಿಂದೆ ಇರಲಿಲ್ಲವೇ? ಹಣ ಮಾಡುವುದೊಂದೇ ಗುರಿಯಾಗಿತ್ತೇ?,angry,kn
"ಓಹ್ ಮುಚ್ಚು, ಪುರಾವೆಗಳು ನಕಲಿ ಮತ್ತು ನೀವೂ ಸಹ",angry,kn
ಅದನ್ನೇ ಕೇಳಬೇಕಿತ್ತು,neutral,kn
ಈಗ ಉಳಿದಿರುವುದು ಅಷ್ಟೆ,neutral,kn
ಮೋದಿ ಸರಕಾರ ವಿಫಲ ಸರಕಾರ,angry,kn
ಟ್ವೀಜರ್ಗಳು ಅದನ್ನು ಸರಿಪಡಿಸುವುದಿಲ್ಲ. ಇದು ಒಂದು ಸಮಸ್ಯೆ. ಹಿಂದೂ ರಕ್ತ ಕುಡಿಯುತ್ತಿದ್ದಾರೆ.,angry,kn
"ಉಕಿರಾದ ಫುಕ್ಯಾ ಎಂದರೆ, ಹಂದಿಗಳು ಉಕಿರಾದ ಮೇಲೆ ಏಕೆ ವಾಸಿಸುತ್ತವೆ?",angry,kn
ಗಡ್ಡಧಾರಿಯು ದೆಹಲಿಯ ಇಬ್ಬರು ಚಿಕ್ಕಪ್ಪಂದಿರು ತನಗೆ ಏನು ಕೇಳಿದರೂ ಕೊಡುತ್ತಾರೆ ಎಂದು ಯೋಚಿಸುತ್ತಾನೆ ... ಅದು ಆಗುವುದಿಲ್ಲ!,angry,kn
ನಾನು ಹೇಳಿದ್ದು ಅರ್ಥವಾದರೆ ಪ್ಯಾಟಿ ಸಮೋಸಾ ಪಾಟಿಯನ್ನು ಕೊಲ್ಲುತ್ತದೆ,neutral,kn
ಮತ್ತು ನೀವು ಅವರ ಕೊಳಕು ಭಕ್ಷ್ಯಗಳನ್ನು ಸ್ವಚ್ಛಗೊಳಿಸುತ್ತೀರಿ ಎಂದು ನಿಮಗೆ ತಿಳಿದಿದೆ. ಎಲ್ಲರೂ ಕುಳಿತುಕೊಳ್ಳಿ,angry,kn
"ಜ್ಯೋತಿಷಿಗಳ ಕೊರತೆ, ಅದೂ ಎಲ್ಲಾ ಜ್ಯೋತಿಷಿಗಳ ಕೊರತೆ",neutral,kn
"ಹೌದು, ಆದರೆ ನೀವು ಅನುಕ್ರಮವನ್ನು ಕಳೆದುಕೊಂಡಿದ್ದೀರಿ, ನೀವು ಹುಚ್ಚರಾಗಿದ್ದೀರಿ ಅಲ್ಲವೇ.",angry,kn
ಹಿಂದುತ್ವಕ್ಕೆ ನಿಮ್ಮ ನಿಜವಾದ ಕೊಡುಗೆ ಏನು ಎಂದು ಮಹಾರಾಷ್ಟ್ರದ ಜನರಿಗೆ ಹೇಳಿ.,neutral,kn
ಅವನು ಏನಾದರೂ ತಪ್ಪು ಮಾಡಿರಬೇಕು,neutral,kn
ಅವರನ್ನು ಬಂಧಿಸಬೇಕು...ಇನ್ನು ಮುಂದೆ ಯಾರೂ ಇಂತಹ ಕೆಲಸ ಮಾಡದಂತೆ.,angry,kn
ಆದರೆ ಬಾಳಾ ಸಾಹೇಬರ ಹೆಸರಿಗೆ... ಠಾಕ್ರೆ ಇಲ್ಲದೆ... ಬೆಲೆ ಇಲ್ಲ...,angry,kn
ವಿಷಯ ಇಲ್ಲಿಗೆ ಮುಗಿಯುವುದಿಲ್ಲ,neutral,kn
ರಾವ್ ಅವರ ದೇಶದ್ರೋಹಿ ಮಾತುಗಳಿಂದ ಬೇಸತ್ತು ಪಕ್ಷವನ್ನು ವಿಸ್ತರಿಸುವುದಿಲ್ಲ ಆದರೆ ಮುಳುಗುತ್ತಿರುವ ಹಡಗನ್ನು ಉಳಿಸುತ್ತಾರೆ.,angry,kn
ನಿಮಗೆ ಅರ್ಹತೆ ಇಲ್ಲದಿದ್ದಾಗ ಹೆಚ್ಚು ಮಾತನಾಡಬೇಡಿ. ಜನರು ನಿಮ್ಮ ಬಗ್ಗೆ ಹೀಗೆ ಹೇಳಬಹುದು,angry,kn
"ನೀವು ಇದನ್ನು ಹೇಳುತ್ತೀರಿ, ಜನರು ನಿಮಗೆ ಸ್ಥಳವನ್ನು ತೋರಿಸಲು ಕಾಯುತ್ತಿದ್ದಾರೆ",angry,kn
ನೀವು ಠಾಕ್ರೆಯವರ ಮನೆಯಲ್ಲಿ ಪಾತ್ರೆಗಳನ್ನು ತೊಳೆದು ಇತರರನ್ನು ಭಕ್ತರೆಂದು ಕರೆಯುತ್ತೀರಿ.,angry,kn
ಅಂಧ ಭಕ್ತ ಪ್ರತಿದಿನ ಹೊಸಬರನ್ನು ನೇಮಿಸಿ ನೆಕ್ಕುವ ಕೆಲಸ ಮಾಡುತ್ತಾನೆ.,angry,kn
ಇವರೇ ತಂದೆ ಪೋಷಿಸಿ ಬೆಳೆಸಿದ್ದು ಅವರನ್ನು ಕೇಳಲು ನೀವ್ಯಾರು?,angry,kn
BMC ಅದರ ಫಲಿತಾಂಶಗಳನ್ನು ನೋಡುತ್ತದೆ. ನಂತರ ನಿಮ್ಮ ಭಸ್ಮವಾಗುವುದನ್ನು ಬರೆಯಿರಿ,angry,kn
"ಬಿಜೆಪಿಯ ಯಾವೊಬ್ಬ ಎಂಪಿ, ಎಂಎಲ್ ಎ ಮತ್ತು ಮುಖಂಡರ ತನಿಖೆಯೇ ಇಲ್ಲ!",angry,kn
": ಯುವಕರು ಸಹ ಹೃದಯಾಘಾತಕ್ಕೆ ಬಲಿಯಾಗುತ್ತಿದ್ದಾರೆ, ನಿಮ್ಮ ಹೃದಯವನ್ನು ನೋಡಿಕೊಳ್ಳಿ",sad,kn
ತುಂಬಾ ಬುದ್ದಿವಂತನಲ್ಲ..ತುಂಬಾ ಹುಚ್ಚು,neutral,kn
"ಈ ಟೈಮ್ ಪಾಸ್ ನಂತರ ಫೋಟೋವನ್ನು ಪಬ್‌ಗೆ ಕಳುಹಿಸಿ, ನಾವು ಕಾಯುತ್ತಿದ್ದೇವೆ",neutral,kn
ಗುಜರಾತಿನಿಂದ ಮುಂಬೈ ಬೇರ್ಪಟ್ಟ ಮೇಲೆ ಇನ್ನೂ ಸಿಟ್ಟು...,angry,kn
"ವಾಸ್ತವವಾಗಿ, ಅವರು ತಕ್ಷಣದ ಗೌರವಕ್ಕೆ ಅರ್ಹರಲ್ಲ.",angry,kn
ಕಳೆದ ಮೂರು ವರ್ಷಗಳಿಂದ ಈ ರಸ್ತೆ ಹದಗೆಟ್ಟಿದೆ,angry,kn
ನೀವೇಕೆ ಜಾಹೀರಾತು ನೀಡುತ್ತೀರಿ?,neutral,kn
"ನಾನು ದೊಡ್ಡ ಬರಹಗಾರ ಎಂದು ನಾನು ಭಾವಿಸಿದೆ, ಆದರೆ ಅದು ಮಾಂತ್ರಿಕ ಚಿಕ್ಕಪ್ಪನಿಂದ ದೆವ್ವವಾಗಿ ಹೊರಹೊಮ್ಮಿತು.",happy,kn
ಹಕ್ಕುಪತ್ರ ನೀಡಿದರೂ ಪರಿಶೀಲನೆಗೆ ಬರುತ್ತಿಲ್ಲ,angry,kn
ನಿಮ್ಮ ಬಳಿಗೆ ಬರುವ ಜನರು ಮೂರ್ಖರು,angry,kn
ಸಂಭಾಜಿನಗರ ಎಂದು ಹೇಳಲು ನಾಚಿಕೆಯಾಗುತ್ತಿದೆಯೇ?,angry,kn
ಇದನ್ನು ಹೋರಾಟಕ್ಕಿಂತ ಬಲವಂತವಾಗಿ ಓದಬೇಕು.,angry,kn
"ಈ ನ್ಯಾಯಾಲಯವು ನ್ಯಾಯ ನೀಡುವುದಿಲ್ಲ, ಸಾರ್ವಜನಿಕರು ಉದ್ಧವ್ ಸಾಹೇಬರಿಗೆ ನ್ಯಾಯ ಕೊಡುತ್ತಾರೆ ಎಂದು ತೋರುತ್ತದೆ.",sad,kn
"ಅಡ್ಜ್.. ಮೊದಲು ರಸ್ತೆ ಕೆಲಸ ಮಾಡು, ಇಲ್ಲಿ ನಾಯಿ ಏಕೆ ಹಸಿದಿದೆ",angry,kn
ಇದರ ಶ್ರೇಯಸ್ಸು ಆದಿತ್ಯ ಠಾಕ್ರೆಗೆ ಸಲ್ಲಬೇಕಿತ್ತು...ಹೀಗಾಗಿ ಇದು ಮತ್ತೊಂದು ಅಗ್ಗದ ರಾಜಕೀಯ.,angry,kn
ನಿಮ್ಮಿಂದಾಗಿ ಎಂಎನ್‌ಎಸ್ ಎಲ್ಲಿದೆ ಎಂದು ತಿಳಿದು ಸಂತೋಷವಾಯಿತು,angry,kn
ರೂಪಾಯಿ ಮೌಲ್ಯದ ಐತಿಹಾಸಿಕ ಕುಸಿತ,sad,kn
ಎಲ್ಲಿದೆ ಈ ನಕಲಿ ಹಸಿ ಬಾದಾಮಿ...,angry,kn
ಅಷ್ಟು ಸುಡಬೇಡಿ...ಜನರು ಉದ್ಧವ್ಜಿಯನ್ನು ಪ್ರೀತಿಸುತ್ತಾರೆ...,angry,kn
"ಆದರೆ, ಮಂದಸೈನಿಕರು ಭಕ್ತರನ್ನು ಸೆಳೆದು ಸಂಭ್ರಮಿಸಿದರು.",angry,kn
ವಿಚ್ಛೇದನಕ್ಕೆ ಮುಖ್ಯ ಕಾರಣ ಯಾರು ತಲೆಬಾಗಬೇಕು? ನಾನು ಯಾಕೆ ನೀನು,sad,kn
"ನಿಮ್ಮ ನಿಜವಾದ ತಂದೆ ಯಾರೆಂದು ನಿಮಗೆ ತಿಳಿದಿಲ್ಲ, ನೀವು ಅದರ ಬಗ್ಗೆ ಏಕೆ ಮಾತನಾಡುತ್ತಿದ್ದೀರಿ?",angry,kn
ಯಾರು ಕೇಳುತ್ತಿದ್ದಾರೆ?,neutral,kn
ಅರ್ಜುನ್ ತಂದೆಗೆ ಸಂಕಷ್ಟ.. ಇಂದು 'ಅಪ್ಪಿ ಆಮ್ಚಿ ಕಲೆಕ್ಟರ್'! ಸಂಜೆ ಅಥವಾ,neutral,kn
ಶರದ್ ಸರ್ ಇದು ಕಹಿ ಅವಮಾನ.. ಜಾಗ್ರತೆ ವಹಿಸಿ.,angry,kn
ಹಣ ಸಂಪಾದಿಸಿದ ಮತ್ತು ಕೆಟ್ಟ ಸಾಲಗಳನ್ನು ಮರೆತುಬಿಡುವ ಸ್ಮರಣೆ,neutral,kn
ಅದು...ಅದು...ಅದು...ಆಗ...ಅದು...ಬಕೆಟ್ ನಲ್ಲಿ ಇರುತ್ತದೆ,neutral,kn
ದೇಶದ್ರೋಹಿಗಳನ್ನು ತೋರಿಸಲು ನಾವು ಉರಿಯುವ ಜ್ಯೋತಿಯನ್ನು ಹೊಂದಿದ್ದೇವೆ.,angry,kn
ಚೆನ್ನಾಗಿ ಹೇಳಿದೆ. ಈ ಠಾಕ್ರೆ ಕೇವಲ ಗುಳ್ಳೆ ಮತ್ತು ಹೇಡಿ. ರಾಣೆ ಸರಿಯಾದ ಗುರುತನ್ನು ಮಾಡಿದ್ದಾರೆ.,angry,kn
ಚವಾಣ್ ಗೂಳಿಯಿಂದ ಓಡಿಹೋದವರು ಯಾರು?,neutral,kn
ಕಾಂಗ್ರೆಸ್‌ಗೆ ತುಂಬಲು ಗಾಂಧಿ ಕುಟುಂಬದ ವೈಯಕ್ತಿಕ ಆಸ್ತಿ ಲಭ್ಯವಿದೆಯೇ?,angry,kn
"ಸಂಸದರ ಆದ್ಯತೆ ತುಂಬಾ ಸಾಮಾನ್ಯವಾಗಿದೆ, ಅಲ್ಲವೇ?",neutral,kn
ಎಲ್ಲವೂ ಕಷ್ಟ,sad,kn
ಈ ಟ್ವೀಟ್ ಅನ್ನು ಟಿವಿಯಲ್ಲಿ ತೋರಿಸಲು ಕುತ್ಕರ್ ಚಾನೆಲ್‌ಗೆ ಧೈರ್ಯವಿಲ್ಲ,angry,kn
"ತಂದೆ ತಾಯಿಯನ್ನು ಸ್ಟೇಷನ್‌ಗೆ ಬಿಡಲು ಹೋದರು, ಮಕ್ಕಳು ಮನೆಯಲ್ಲಿ ಮಲಗಿದ್ದರು; ಕಳ್ಳರು ಮನೆಗೆ ಪ್ರವೇಶಿಸಿದರು",sad,kn
ಮಾತಾಡಬೇಕಾದರೆ ಭಾಸ್ಕರ್ ಶೇಠ್ ಏನ್ ಮಾತಾಡಿದ್ರು...ಏನು ಮಾತಾಡ್ಬೇಕು ಅಂತ ಗೊತ್ತಾಗ್ತಿಲ್ಲ... ಎಂದು,angry,kn
ಇವು ನಿಜವಾಗಿಯೂ ಖಾಲಿಯಾಗಿವೆ,angry,kn
ಆದರೆ ಪುಣೆ ಮಳೆಯಿಂದಾಗಿ ಫಡ್ನವಿಸ್ಕಾಕ ಮತ್ತು ಅಮೃತಕಾಕುವನ್ನು ತಣ್ಣಗಾಗಿಸಿದ್ದಾರೆ.,neutral,kn
: ಮಾವ ಪೊಲೀಸರಿಗೆ ನೀಡಿದ ದೂರಿನ ಮೇರೆಗೆ ಪ್ರಕರಣ ದಾಖಲಿಸಲಾಗಿದೆ.,neutral,kn
ಪ್ರಹಾರ್ ಸಂಘಟನೆ ಶಾಸಕ ಬಚ್ಚು ಕಾಡು ಮತ್ತೊಮ್ಮೆ ವಿವಾದಕ್ಕೆ ಸಿಲುಕಿದ್ದಾರೆ.,neutral,kn
"ಯೆದ್ಯ, ನಿಮ್ಮ ಸಾರ್ ಬದುಕಿದ್ದಕ್ಕಾಗಿ ಹೊಗಳುತ್ತಾರೆ ಆದರೆ ನೀವು ಬದಲಾಗಿದ್ದೀರಿ ಸಾರ್.. ಮೂರ್ಖ",angry,kn
ಮೂವತ್ತೆರಡು ವರ್ಷಗಳಲ್ಲಿ ಬೆಲೆ ನೂರು ಪಟ್ಟು ಹೆಚ್ಚಿದೆಯೇ ಎಂಬುದು ಮೂಲ ಪ್ರಶ್ನೆ.,neutral,kn
ಭುಜಬಲ್ ಅವರ ಫೋಟೋ ಕೂಡ ಎರಡೂವರೆ ವರ್ಷಗಳ ಕಾಲ ಜೈಲಿನಲ್ಲಿಯೇ ಇತ್ತು.,neutral,kn
ಅತಿವೃಷ್ಟಿ ರೈತರು! ಜಿಲ್ಲೆಯಲ್ಲಿ ಇಬ್ಬರು ರೈತರು ಸಾವು; ಸರ್ಕಾರಕ್ಕೆ ನಾಚಿಕೆ ಇಲ್ಲ...,sad,kn
ಮುಕ್ತ ಅಭಿವ್ಯಕ್ತಿ ಎಂದರೆ ಮುತ್ತಿನ ಹೊಗಳಿಕೆ,neutral,kn
ನೀವು ಮತ್ತು ನಿಮ್ಮ ತಂದೆ ಕೂಡ ನಿಧಾನ,angry,kn
ಫಡ್ನವಿಸ್ ನಾನಾರನ್ನು ಅತಿಯಾಗಿ ಹೆಚ್ಚಿಸುತ್ತಿದ್ದಾರೆ. ಆತನಿಗೆ ತನ್ನ ಪ್ರಾಂತ್ಯದಲ್ಲಿ ಮಾತ್ರ ಉಳಿಯಲು ಅವಕಾಶ ನೀಡಬೇಕು. ಇಲ್ಲಿ ಅದರ ಬಳಕೆ ಶೂನ್ಯ.,angry,kn
ನಾಯಿ ಪ್ರಾಮಾಣಿಕವಾಗಿದೆ ... ನಿಮಗೆ ಹಲ್ಲಿಯ ಚಿಹ್ನೆಯನ್ನು ನೀಡಬೇಕು.,angry,kn
"ಈಗ ಕೇಕ್ ತೆಗೆದುಕೊಳ್ಳಿ, ನಾವು ವ್ಯಾಪಾರ ಮಾಡುತ್ತೇವೆಯೇ?",angry,kn
ಏನಾದರೂ ವಿಷಯವಿದೆಯೇ ?? ಮಹಾರಾಷ್ಟ್ರ ದೇಶದ್ರೋಹಿಗಳನ್ನು ಇಷ್ಟಪಡದ ಕಾರಣ ಇದು ಖಂಡಿತವಾಗಿಯೂ ಹೆಚ್ಚಾಗಿದೆ.,angry,kn
ಸುದೀರ್ಘ ಕಾಲ ಕಲಾಪ ಮುಂದುವರಿದರೂ ಅವರು ಯಾವುದೇ ಪ್ರತಿಕ್ರಿಯೆ ನೀಡಲಿಲ್ಲ.,angry,kn
ತಾಯಿಯೂ 'ಜೈ ಮಹಾರಾಷ್ಟ್ರ'!? ಇದು ಕಷ್ಟ ಸಹೋದರ!,happy,kn
ಸಂಘೋಟೆ ಕಡಿಮೆಯಾದ್ದರಿಂದ ಗದ್ದರನಾಥ ಚಿಂದಿ ಬೇಕಿತ್ತು...,angry,kn
Takle ಗುಂಪು ಅಪಹಾಸ್ಯವನ್ನು ಅಭ್ಯಾಸ ಮಾಡುತ್ತಿದೆಯೇ?,neutral,kn
ಮೋದಿ ಅವರ ಗೌರವ ಕಳೆದುಕೊಂಡಿದ್ದರಿಂದ ಬೇಸರವಾಯಿತು,sad,kn
"ಆದಾಗ್ಯೂ, ಠಾಕ್ರೆ ಗುಂಪಿಗೆ ಅಂತಹ ಸುದ್ದಿ ಸಿಗುತ್ತದೆ",neutral,kn
ಇಷ್ಟು ದಿನ ಪಕ್ಷದಲ್ಲಿ ಕೊಳೆ ಏಕೆ?,angry,kn
ಇದು ಲೋಪದೋಷ ಮಿಸ್ಟರ್ ಅಧ್ಯಕ್ಷರೇ,neutral,kn
ಇದು ಯಾವ ಭಾಷೆ? ಏನೂ ಅರ್ಥವಾಗಲಿಲ್ಲ.,neutral,kn
ನೀವು ಬಿಜೆಪಿ ಬೆಂಬಲಿಗರೇ?,angry,kn
"ಈಗ ಯಾಕೆ ಬೇಡ, ಮಹಾರಾಷ್ಟ್ರದ ಕೈಗಾರಿಕೆಗಳು ಗುಜರಾತಿಗೆ ಹೋಗುತ್ತವೆ...!",angry,kn
ಈ ಕಪಟ ಅಬಿಸಲ್ ಮ್ಯಾನ್ ಏನು ಬೇಕಾದರೂ ಮಾಡಬಹುದು,angry,kn
"ಆದರೆ, ಈ ಕುಟುಂಬಕ್ಕೆ ಬುದ್ದಿ ಇಲ್ಲ, ಇಡೀ ಪಕ್ಷ ಒಡೆದು ಹೋದರೂ ಮುಖ್ಯಮಂತ್ರಿ ಹುದ್ದೆಗಾಗಿ ಹಳೆಗನ್ನಡಕ್ಕೆ ಅಂಟಿಕೊಂಡಿದ್ದಾರೆ.",angry,kn
"ಬದಲಾವಣೆ ಇನ್ನೂ ಸಂಭವಿಸಿಲ್ಲ, ಇದು ಸುದೀರ್ಘ ಕಥೆ.",neutral,kn
ಮೊದಲು ಮಹಾರಾಜರೊಂದಿಗಿನ ನಾಲೆಯ ಚಿತ್ರವನ್ನು ತೆಗೆಯಿರಿ..ಅದು ಯೋಗ್ಯವಾಗಿದೆಯೇ?,angry,kn
ಬಾಳಾ ಸಾಹೇಬ್ ಹೆಸರು ಮತ್ತು ಫೋಟೋ ಇಲ್ಲದಿದ್ದರೆ ನಿಮ್ಮದು ನಿಜವಲ್ಲ,angry,kn
"ಅರ್ಜಿ ತುಂಬುವ ಮೊದಲು ಸಾಮಾನ್ಯ ಜ್ಞಾನ ಏನು, ನೀವು ಸೂರತ್‌ಗೆ ಭೇಟಿ ನೀಡಲು ಗುವಾಹಟಿ ಮತ್ತು ಗೋವಾಕ್ಕೆ ಹೋಗಿದ್ದೀರಾ?",angry,kn
ಮತ್ತೊಬ್ಬ ಅಂಧ ಭಕ್ತ ಭಿಕ್ಷೆ ಬೇಡಲು ಬಂದ,angry,kn
ಬಾಯಿಗೆ ಬಂದಂತೆ ಹೇಳಬೇಡಿ. ಮೊದಲು ನೋಡಿ ನಂತರ ಮಾತನಾಡುವುದು ನಿಮಗೆ ಅರ್ಥವಾಗಿದೆಯೇ?,angry,kn
"ಸಹೋದರ, ನೀವು ಬಡ ಚಿಕ್ಕಪ್ಪನಿಗಾಗಿ ತುಂಬಾ ಪ್ರಚಾರ ಮಾಡಿದ್ದಕ್ಕಾಗಿ ನನಗೆ ವಿಷಾದವಿದೆ.",sad,kn
"ಎಲ್ಲಿ ಉದ್ಧವ್ ಸಾಹೇಬ್ ಠಾಕ್ರೆ, ಎಲ್ಲಿ ಅರ್ಧವತ್ನಾಥ್",neutral,kn
ನಿಮ್ಮ ಸಿಸ್ಟಮ್ ಏಕೆ ಈಗಾಗಲೇ ಮುರಿದುಹೋಗಿದೆ?,angry,kn
"ಕಮ್ಲಿ ಮತ್ತು ಢಲ್ವಾಲಾ ಭಿಕ್ಷುಕರ ಹಗ್ಗಗಳು, ಅವರ ಸುತ್ತಲಿನ ಜನರೆಲ್ಲರೂ ಹೇಯರು.",angry,kn
"ಅವರು ಹೋದಾಗ, ಅವರ ಬಲವಂತದ ದ್ರೋಹದಿಂದ ನಾಯಿ ಕೂಡ ಬಳಲುವುದಿಲ್ಲ",angry,kn
ಇನ್ನೂ ಕುಳಿತುಕೊಳ್ಳುವುದು ಅಸಾಧ್ಯವೆಂದು ಸಂಚುಕೋರರಿಗೆ ಸಂಪೂರ್ಣವಾಗಿ ಮನವರಿಕೆಯಾಯಿತು!,angry,kn
ಇದು ಅತ್ಯಂತ ದುರದೃಷ್ಟಕರ ಮತ್ತು ರೋಮಾಂಚನಕಾರಿಯಾಗಿದೆ.,sad,kn
ಇಲ್ಲಿ ವೈಯಕ್ತಿಕವಾಗಿ ಭೋಪ್ಡಿಯನ್ನು ಉಲ್ಲೇಖಿಸಿ ತಂಡದ ತತ್ವವನ್ನು ತೋರಿಸಬೇಡಿ...,angry,kn
ನಾನು ಮೊದಲು ಭಾಷಣಗಳನ್ನು ಕೇಳಿದ್ದೇನೆ ಆದ್ದರಿಂದ ನನಗೆ ಯಾವುದೇ ತೊಂದರೆ ಇರಲಿಲ್ಲ,neutral,kn
ಕ್ರೌರ್ಯವಿಲ್ಲದೆ ಅಧಿಕಾರಕ್ಕೆ ಬರಲೇ ಇಲ್ಲ... ಮೂರೂವರೆ ಜಿಲ್ಲೆಗಳ ಪ್ರಧಾನಿ.,angry,kn
ನಮಗೆ ಯಾವುದೇ ಪರಂಪರೆ ಇಲ್ಲ...ಅದಕ್ಕಾಗಿಯೇ ಈ ವಾಕ್ಯ ಪಾಂಡೆ ಜೀ ಅವರಿಗೆ ಹಿಡಿಸುವುದಿಲ್ಲ.,neutral,kn
ಮತ್ತು ಕೆಲವರು ಅಂತಹವರನ್ನು ಬೆಂಬಲಿಸುತ್ತಿದ್ದರು,angry,kn
ಆದರೆ ಚೈಬಾ ಗೊಟ್ಟಿ ಇತರ ಪಕ್ಷದ ಮೇಲೆ ಏಕೆ ದಾಳಿ ಮಾಡುತ್ತಿದ್ದಾರೆ?,angry,kn
ಶಿವಸೈನಿಕರಿಗೆ ಶಿವಸೇನೆ ಮತ್ತು ದೇಶದ್ರೋಹಿ ಸೇನೆ ಇದೆ,angry,kn
ಕಾರ್ಪೊರೇಟ್‌ನಲ್ಲಿರುವ ಜನರು ತಮ್ಮ ಸ್ವಂತ ಅಭಿವೃದ್ಧಿ ಮತ್ತು ಕಚೇರಿಯ ಹೊರಗಿನ ಜನರ ಅಭಿವೃದ್ಧಿಯ ಬಗ್ಗೆ ಹೆಚ್ಚು ಕಾಳಜಿ ವಹಿಸುತ್ತಾರೆ.,neutral,kn
ರಿಕ್ಷಾ ಚಾಲಕನೊಬ್ಬ ಹೇಗೆ ಲಕ್ಷಾಧಿಪತಿಯಾದನೆಂಬುದನ್ನು ಸಾರ್ವಜನಿಕರ ಮುಂದೆ ತನ್ನಿ.,happy,kn
"ಮತ್ತು ಗಾಡಿ ಯಾರನ್ನು ನಂಬುತ್ತಾರೆ, ಸಹೋದರನನ್ನು ಕೇಳಿ",neutral,kn
"ಸಂಕ್ಷಿಪ್ತವಾಗಿ, ಇದು ತುಂಬಾ ಕಡಿಮೆ ಹ್ಯಾಂಡಲ್ ಆಗಿದೆ.",angry,kn
ಬಾಬಾ ರಾಮ್ ರಹೀಮ್ ಪ್ರಸ್ತುತ ಅತ್ಯಾಚಾರ ಪ್ರಕರಣದಲ್ಲಿ ಪೆರೋಲ್ ಮೇಲೆ ಜೈಲಿನಿಂದ ಹೊರಬಂದಿದ್ದಾರೆ.,neutral,kn
"ಛತ್ರಪತಿ ಸಂಭಾಜಿನಗರ ಔರಂಗಿಯ ಮೊದಲ ವಂಶಸ್ಥರು. ಎಲ್ಲಕ್ಕಿಂತ ಮೊದಲು, ನಿಮ್ಮ ನಿಂದನೆ ಮಾಡುವ ತಂದೆಯನ್ನು ಮರೆತುಬಿಡಿ.",angry,kn
ಸಮರ್ಥ್ ಕೂಡ ಮೂಢನಂಬಿಕೆ,angry,kn
ಈ ನಾಯಕರು ಕಾರ್ಮಿಕರ ಜೀವನದಿಂದ ಬದುಕುತ್ತಿದ್ದಾರೆ. ಕಾರ್ಮಿಕರು ಯೋಚಿಸಬೇಕು,neutral,kn
"ಕೆಲವು ದಿನಗಳ ಹಿಂದೆ ನನಗೆ ಇದು ನೆನಪಾಯಿತು, ಆದರೆ ನಾನು ಅದನ್ನು ಮರೆತಿದ್ದೇನೆ ಎಂದು ನನಗೆ ತೋರುತ್ತದೆ.",sad,kn
ಸತ್ಯ ಅದನ್ನು ಮೊದಲು ನಿಲ್ಲಿಸು ಎಂದು ನಾನು ಹೇಳುತ್ತೇನೆ,angry,kn
ಚಿಕ್ಕಪ್ಪನೇ ಬೆಂಕಿ ಹಚ್ಚಿದವನು!,happy,kn
ಈ ಮಾವು ಕೊಳೆತ ಎಂದು ಯಾರೂ ಪರಿಗಣಿಸುವುದಿಲ್ಲ. ಅವನು ಅದನ್ನು ಮಾಡಲಿ.,angry,kn
ಬಾಳಾಸಾಹೇಬರ ಸೈನ್ಯ ಎಂದು ಯಾರೂ ಹೇಳುವುದಿಲ್ಲ... ಎಲ್ಲರೂ ಮಿಂಡ್ಯೆ ಗ್ರೂಪ್ ಎನ್ನುತ್ತಾರೆ.,angry,kn
"ಸರ್ಕಾರ ತನ್ನ ಜವಾಬ್ದಾರಿಯನ್ನು ನಿರ್ವಹಿಸುತ್ತಿಲ್ಲ, ಸರ್ಕಾರಿ ಉದ್ಯೋಗಗಳನ್ನು ಕಡಿಮೆ ಮಾಡುತ್ತಿದೆ ಮತ್ತು ನಿರುದ್ಯೋಗವನ್ನು ಸೃಷ್ಟಿಸುತ್ತಿದೆ.",angry,kn
"ಮಿಂಡೆಯ ಥಾಪವನ್ನು ನಿರ್ಲಕ್ಷಿಸಿ, ಥಾಪಾ ಚಿಂಡೆ ಗುಂಪಿಗೆ ಹೋದನು.",angry,kn
"ಈ ಕೆಲಸಗಾರರು ನಿಮಗಾಗಿ ಬರುತ್ತಿದ್ದಾರೆ, ಆದ್ದರಿಂದ ಅವರನ್ನು ನಿರ್ಲಕ್ಷಿಸುವುದು ಕೆಲಸ ಮಾಡುವುದಿಲ್ಲ.",happy,kn
ಬಿಜೆಪಿಗೆ ಸೋಲು ಕಷ್ಟವಾಗಿತ್ತು,sad,kn
ಆರತಿ ಮುಗಿಸಿ ಧೂಪ ಹಾಕಲು ಬಂದಿದ್ದಾರೆ.,angry,kn
"ಹೇ ಚಿಕ್ಕಮ್ಮ, ಮೊದಲು ಹಾಡು ಸರಿಯಾಗಿ ಕೇಳಿ. ಟ್ವೀಟ್ ಮಾಡಲು.",neutral,kn
"ಓಹ್, ಆದರೆ ನೀವು ಏಕೆ ಅಸೂಯೆಪಡುತ್ತೀರಿ ಎಂದು ನನಗೆ ತಿಳಿದಿಲ್ಲ!",angry,kn
ಶರದ್ ಪವಾರ್ ಎಲ್ಲಿಯಾದರೂ ಹೋಗಿದ್ದಾರಾ? ಜನರ ಮನೆಗಳನ್ನು ಕೆಡವುವುದರಲ್ಲಿಯೇ ಜೀವನ ಕಳೆದಿಲ್ಲವೇ?,angry,kn
"ಹೇ ಎದ್ದೇಳಿ, ಮೋದಿ ದೇಶವನ್ನು ಲೂಟಿ ಮಾಡುತ್ತಿದ್ದಾನೆ, ಮಾತನಾಡು, ಪ್ರತಿಭಟಿಸು, ಈ ಹಿಟ್ಲರ್ ನಿನಗಾಗಿ ಕಾಯುತ್ತಿದ್ದಾನೆ.",angry,kn
"ಪಕ್ಷ, ಚಿಹ್ನೆಗಳಿಗಾಗಿ ಹೊಡೆದಾಡಿಕೊಂಡು ಅದನ್ನು ಅನುಭವಿಸುವವರು ಇತ್ತ ಗಮನಹರಿಸಬೇಕು.",neutral,kn
ನೀವು ಮರಾಠಿ ಏಕೆ ಮಾತನಾಡುವುದಿಲ್ಲ ಎಂದು ಈಗ ನನಗೆ ತಿಳಿದಿಲ್ಲ ...,neutral,kn
ಪವಾರ್ ಚಾಹೇಬಾ ಅವರಿಗೆ ಇದು ತಿಳಿದಿಲ್ಲವೇ?,happy,kn
ಈ ಕ್ರಮ ಬಂದ ನಂತರ ಭಾರತ ಒಂದೇ ಒಂದು ಕಪ್ ಗೆದ್ದಿಲ್ಲ.,sad,kn
ಇದು ಪುರುಷನಿಗಿಂತ ಮಹಿಳೆಗೆ ಹೆಚ್ಚು ಶತ್ರು ಎಂದು ತೋರಿಸಿದೆ.,angry,kn
ಪವಾರ್ ಅವರ ತಂತ್ರ ಬಾಂಬ್ ಸ್ಫೋಟವಾಗಿರಬಹುದು,neutral,kn
ನಿಮ್ಮ ಸುಳ್ಳುಗಳು ಬಯಲಾಗಿದೆ... ಸತ್ಯಮೇವ ಜಯತೇ!,angry,kn
ಇದು ತಾತ್ಯಾ ಭಯ...,fear,kn
ಹೃದಯ ನೋವು ಮತ್ತು ತೊಂದರೆ ಮತ್ತು ಅವರು ತಮ್ಮನ್ನು ಶಿವಸೇನೆಯ ಪಕ್ಷದ ಮುಖ್ಯಸ್ಥ ಎಂದು ಪರಿಗಣಿಸುತ್ತಾರೆ.,angry,kn
ಗೊಬ್ಬರು ವರ್ಷಗಳಿಂದ ಪೆಂಗ್ವಿನ್‌ಗಳ ಗರಿಗಳನ್ನು ಕೀಳುತ್ತಿದ್ದರೇ?,angry,kn
ಹೆಚ್ಚಿನ ವಕೀಲರು ಪ್ರಕರಣವನ್ನು ಚೆನ್ನಾಗಿ ಹೋರಾಡಲಿಲ್ಲವೇ?,neutral,kn
ದಿನದಿಂದ ದಿನಕ್ಕೆ ಕಷ್ಟವಾಗುತ್ತಿದೆ...,sad,kn
"ಕಾವಾಡ ಯಾತ್ರೆ ಹೆಸರಿನಲ್ಲಿ ಜನಜಂಗುಳಿ, ಸಭೆಗೆ ಜನ ಬರುತ್ತಿಲ್ಲ",neutral,kn
"ನಿನಗೆ ಮಗಳು ಇಲ್ಲವೇ? ನೀವು ಫಕೀರ ವಿಚಾರಗಳ ಮೇಷ್ಟ್ರು ಎಂದು ತೋರುತ್ತಿದೆ, ನೀವು ಹೇಳಿದಂತೆ ಬರೆದಿದ್ದಾರೆ",angry,kn
ಅಖಂಡ ಭಾರತದ ಬಗ್ಗೆ ಮಾತನಾಡುವವರು ಎಂದಾದರೂ ಘೋಷಣೆ ಕೂಗಿದ್ದಾರೆಯೇ?,angry,kn
ದೇವೇಂದ್ರ ಫಡ್ನವೀಸ್ ನಿಷ್ಪ್ರಯೋಜಕ ಎಂದು ಹೇಳುವುದು ಒಳ್ಳೆಯದು.,angry,kn
ಹಲವು ವರ್ಷಗಳಿಂದ ಮಹಾರಾಷ್ಟ್ರದಲ್ಲಿ ನೆಲೆಸಿರುವಾಗ ಮರಾಠಿ ಕಲಿತಿರಲಿಲ್ಲ... ಇದೆಲ್ಲ ಅಸಂಬದ್ಧ.,angry,kn
"ಕೊಡು, ಕೊಡು, ಕೊಡು ಎಂದು ಬೆದರಿಕೆ ಹಾಕುತ್ತಾರೆ, ಬೋನಸ್ ಬಂದರೆ ಜನ ಆರತಿ ಬೆಳಗುತ್ತಾರೆ.",angry,kn
ಆದ್ರೂ ಪುಣೆಯಲ್ಲಿ ರೂಲ್ಸ್ ಬಾಂಬ್ ಇದೆ... ಈಗ ಅದನ್ನೇ ಮಾಡಲು ನಿರ್ಧರಿಸಿದ್ದಾರೆ... ಮಹಾರಾಷ್ಟ್ರದ ಉತ್ತರ ಪ್ರದೇಶದಲ್ಲಿ....,angry,kn
"ಅಧಿಕಾರಿಗಳು ಸಂತಸಗೊಂಡಿದ್ದು, ನಾಗರಿಕರು ಕಂಗಾಲಾಗಿದ್ದಾರೆ",sad,kn
"ದಾನಾ ಮನೆಯಲ್ಲಿಲ್ಲ, ನನ್ನನ್ನು ಬಾಜಿರಾವ್ ಎಂದು ಕರೆಯುತ್ತೀರಾ?",sad,kn
ಕಲ್ಪನೆಯನ್ನು ಮೈಗೂಡಿಸಿಕೊಂಡಿದ್ದರೆ ಇಂದು ಈ ಪರಿಸ್ಥಿತಿ ಬರುತ್ತಿರಲಿಲ್ಲ.,sad,kn
ಇದನ್ನು ಬಿಟ್ಟು ಇನ್ನೊಂದು ಯೋನಿಯನ್ನು ಪ್ರವೇಶಿಸುವುದು ಅವಶ್ಯಕ.,neutral,kn
ಪ್ರಜಾಪ್ರಭುತ್ವವು ಇದಕ್ಕಾಗಿ ಉದ್ದೇಶಿಸಿಲ್ಲ. ಆದರೆ ಲಟ್ಕೆಯವರ ಉಮೇದುವಾರಿಕೆಯು ತಪ್ಪಾಗಿತ್ತು!,neutral,kn
ನೀವು ಬಿಜೆಪಿ ಪತ್ರಕರ್ತರೇ?,angry,kn
"ನೀರಜ್ ಚೋಪ್ರಾ ಒಲಂಪಿಕ್ ಚಿನ್ನ ತಂದರು, ಸುಬೇದಾರ್ ಇನ್ನೂ ವಯಸ್ಕನಾಗಲಿಲ್ಲ..",angry,kn
: ಚುನಾವಣೆವರೆಗೂ ಬಿಜೆಪಿಯಲ್ಲೇ ಇರುತ್ತಾರಾ? ರಾಣೆ ಮೇಲೆ ಆದಿತ್ಯ ಠಾಕ್ರೆ ನೇರ ದಾಳಿ,neutral,kn
ಭಾಸ್ಕರ್ ಜಾಧವ್ ಅವರನ್ನು ಬಂಧಿಸಿ ಜೈಲಿಗೆ ಹಾಕಬೇಕು,angry,kn
ಹೌದು...ಇದನ್ನ ಮರೆತಿದ್ದೀರಾ...???? ಯಾಕೆ ಈ ಅಸಹಾಯಕತೆ...????,angry,kn
ಇದೀಗ ಮಹಾರಾಷ್ಟ್ರದಾದ್ಯಂತ ಗುರುತಿಸಿಕೊಂಡಿರುವ ಅವರನ್ನು ಜನ ಗುರುತಿಸಲಿದ್ದಾರೆ ಎನ್ನಲಾಗುತ್ತಿದೆ,neutral,kn
ಏನನ್ನೂ ಸಾಧಿಸಲಾಗುವುದಿಲ್ಲ ಜೈ ಮಹಾರಾಷ್ಟ್ರ,neutral,kn
ಬಿಜೆಪಿ ನಂಬರ್ ಒನ್ ಕಿಡಿಗೇಡಿ ಪಕ್ಷ,angry,kn
ಗುಲಾಮಗಿರಿಯ ಜೀವನ ನಡೆಸುವವನು ಇತರರನ್ನು ಗುಲಾಮ ಎಂದು ಭಾವಿಸುತ್ತಾನೆ,sad,kn
ಹಾಯ್ ಹಿ ಹಿ...ಬಾಳಾಸಾಹೇಬರು ಈ ಭಾಗ್ಯ ಕಾಣಲು ಬಂದಿಲ್ಲ..,sad,kn
ಆ ಪ್ರತಿನಿಧಿಗಳು ದ್ರೋಹ ಮಾಡಿದ್ದಾರೆ,angry,kn
ಇದೆಲ್ಲವನ್ನೂ ಮಾಡಬೇಕಾದಾಗ ಕೆಲಸ ಮಾಡಬೇಕು,neutral,kn
ನೀವು ಈ ಮೂರ್ಖತನವನ್ನು ಹೇಳುತ್ತಿರುವುದರಿಂದ ನಾನು ನಗುತ್ತಿದ್ದೇನೆ.,angry,kn
ಇನ್ನೊಂದು ಇಲ್ಲಿದೆ,angry,kn
ಈ ದ್ರೋಹವನ್ನು ತಾರೀಪದ ಜನರು ಮರೆಯುವುದಿಲ್ಲ,angry,kn
ಸ್ವತಃ ಉದ್ಧವ್ ಟಕ್ರೆ ಕೂಡ ವಂಚನೆ ಮಾಡಿದರು ಮತ್ತು ಇದು ಸಂಭವಿಸಿತು!,angry,kn
ನಾಳೆ ಮತ ಕೇಳಲು ಬಂದರೆ ಹೊಡೆದು ಸಾಯಿಸಬೇಕು.,angry,kn
ಸಾಹೇಬ್ ಮತ್ತು ಸಾಹೇಬರ ಬಗ್ಗೆ ಮಾತನಾಡುವುದು ಸೂಕ್ತವಲ್ಲ.,happy,kn
ಬ್ರೋ ನಂಬರ್ ತಪ್ಪಾಗಿದೆ ಮತ್ತು ನಾನು ಇಂದು ಪರಿಶೀಲಿಸಿದ್ದೇನೆ ಕ್ಷಮಿಸಿ,neutral,kn
"ಸಹೋದರ, ನೀವು ತುಂಬಾ ಕಟುವಾಗಿ ಬರೆಯುತ್ತೀರಿ, ಕೆಲವೊಮ್ಮೆ ಅದರ ಪ್ರತಿಕ್ರಿಯೆಗಳನ್ನು ಓದಿ ...",neutral,kn
ಆ ಸಾರ್ವಭೌಮರು ಒಳ್ಳೆ ಜನರನ್ನು ಈ ರೀತಿ ಮಾಡಿದ್ದಾರೆ...ನೀವು ತಾತ್ಯಾ ಹೆಸರನ್ನು ಕೇಳಿರಬೇಕು.,neutral,kn
"ಗೆಲಾ ಥಾಪಾ, ಈಗ ಅದು ಇಲ್ಲಿ ಮತ್ತು ಈಗ ಸಂಭವಿಸುತ್ತದೆ",angry,kn
ಸ್ವಾತಂತ್ರ್ಯದ ಬಹುಪಾಲು ದಿನಗಳು ಕೂಡ ಗುಲಾಮಗಿರಿಯಲ್ಲೇ ಕಳೆಯುತ್ತವೆ. ಗಣರಾಜ್ಯೋತ್ಸವದ ಬಗ್ಗೆ ಏನನ್ನೂ ಹೇಳಲು ಸಾಧ್ಯವಿಲ್ಲ.,sad,kn
ನಾಮಕರಣದ ವೇಳೆ ಕಿರಿತ್ ಸೋಮಯ್ಯ ನಾಪತ್ತೆಯಾಗಿದ್ದಾರೆ...,neutral,kn
ನೆಯುನ್ ನನ್ನ ಮಹಾರಾಷ್ಟ್ರವನ್ನು ಎಲ್ಲಿ ಇಟ್ಟಿದ್ದಾನೆ?,sad,kn
ಪಾಕಿಸ್ತಾನ್ ಜಿಂದಾಬಾದ್ ಘೋಷಣೆ ಮಾಡಿಲ್ಲ ಹಾಗಾದರೆ ನಿಷೇಧ ಯಾಕೆ ??,angry,kn
ಹ ಹ ಹ ಇದು ದೊಡ್ಡ ಸಮಸ್ಯೆ DP ಇಲ್ಲ ಇಲ್ಲ,neutral,kn
ಅವನ ದವಡೆ ನಾಚಿಕೆಯಿಂದ ಬಿರಿಯುತ್ತಿತ್ತು,neutral,kn
ಟೀ ಬಿಸ್ಕೆಟ್ ಪತ್ರಿಕೋದ್ಯಮ ಅತಿರೇಕ! ಅವರ ಏಕೈಕ ಅಜೆಂಡಾ ಪತ್ರಿಕೆಗಳನ್ನು ಓದದಿರುವುದು!,angry,kn
"ಹೌದು, ಕಟ್ಸಾಮ್ರಾಟದೊಂದಿಗಿನ ನಟಸಾಮ್ರತಾ ಸಂದರ್ಶನವನ್ನು ನೋಡಲು ಕೀವ್ ಇಂದು ಬಂದಿದ್ದರು.",sad,kn
"ಅಮೆರಿಕದ ಈ ಕಾಲೇಜಿನಲ್ಲಿ ಹೆಣ್ಣು ಮಕ್ಕಳಿಗೆ ಗರ್ಭನಿರೋಧಕ ಮಾತ್ರೆಗಳನ್ನು ವಿತರಿಸಲಾಗುತ್ತಿದೆ, ಕಾರಣವೇನು?",happy,kn
ಭಟ್ಕಳಕರ್ ಮಾತನಾಡುತ್ತಿರುವುದು ನಿಜವೇ?,neutral,kn
ರಾಮಣ್ಣ 'ತಾರಿಖ್ ಪೇ ತಾರಿಖ್' ಮಾಡಿದಾಗ ಫಲಿತಾಂಶದ ನಿರೀಕ್ಷೆ ಹುಸಿಯಾಯಿತು,sad,kn
"ಮತ್ತು ನ್ಯಾಯಾಲಯದಿಂದ ಕಪಾಳಮೋಕ್ಷ ಮಾಡಿದ ನಂತರ, ಅಳಲು ಮತ್ತೊಂದು ಕೊಠಡಿ ತೆಗೆದುಕೊಳ್ಳಿ.",angry,kn
ಮುಚ್ಚಿದ ಬಾಗಿಲುಗಳ ಹಿಂದೆ ಈ ಬಗ್ಗೆ ದಿನಗಟ್ಟಲೆ ಚರ್ಚೆ ಮಾಡಬೇಡಿ...,angry,kn
"ಧನ್ಯಾ, ನಿನಗೆ ಉತ್ಸಾಹವಿದೆ ಆದರೆ ಉಗಾ ಸಾಹೇಬರನ್ನು ಮೆಚ್ಚಿಸಲು ನೀವು ಅಕ್ಲೆಯ ನಕ್ಷತ್ರಗಳನ್ನು ಮುರಿಯುವ ಅಗತ್ಯವಿಲ್ಲ.",happy,kn
ಆದರ್ಶ ಎನಿಸಿದ್ದ ಬಾಳಾ ಸಾಹೇಬರ ಪಕ್ಷದ ಮೇಲೆ ದಾಳಿ ನಡೆದಾಗ ಅವರ ಬಾಯಿಗೆ ಬೀಗ ಹಾಕಿದವರೂ ಇತಿಹಾಸದಲ್ಲಿ ದಾಖಲಾಗಿದ್ದಾರೆ.,happy,kn
"ಧುಂಗನ್ ಬಾಯಿ, ಏನನ್ನೂ ಹೇಳಬೇಡ",angry,kn
ಸಾವಂತ ಅಧಿಕಾರಕ್ಕೆ ಬಂದಿರುವುದನ್ನು ಮಹಾರಾಷ್ಟ್ರದ ಜನರು ನೋಡುತ್ತಿದ್ದಾರೆ.,angry,kn
ಮಹಾವಿಕಾಸ್ ಅಘಾಡಿಗೆ ಭವಿಷ್ಯದಲ್ಲಿ ಅಭ್ಯರ್ಥಿಯೂ ಸಿಗುವುದಿಲ್ಲ: ಬಾವನಕುಳೆ,neutral,kn
ಪುಣೆಯಲ್ಲಿ ಮೋಡಗಳು ಸಿಡಿದ ಹಾಗೆ ಮಳೆ ಸುರಿಯುತ್ತಿದೆ!!!,fear,kn
ಈ ಟ್ವೀಟ್ ಅನ್ನು ಓದಿದ ಅಂಬಿಯ ಭಾವು ಆಶ್ಚರ್ಯಚಕಿತರಾದರು.,happy,kn
ದೇಶದ್ರೋಹಿ ಯಾಕೂಬ್ ಮೆಮನ್ ಸಮಾಧಿಗೆ ಹಾಳೆ ಹಾಕುವುದಿಲ್ಲವೇ? ಪರೀಕ್ಷೆಯನ್ನು ತೆಗೆದುಕೊಳ್ಳಿ,angry,kn
ಎಲ್ಲರ ಪ್ರೀತಿಗೆ ನ್ಯಾಯ ಸಿಗುತ್ತದೆ. ಅದು ಹಾಗಲ್ಲ.,sad,kn
ಹಾಗಾದರೆ ಆ ಸಮಯದಲ್ಲಿ ಕಾಂಗ್ರೆಸ್ ಅಭ್ಯರ್ಥಿಯನ್ನು ಬೆಂಬಲಿಸಿ ಪ್ರಚಾರ ಮಾಡಿದ್ದು ಏಕೆ? ಜನರು ಮೂರ್ಖರು ಎಂದು ನೀವು ಭಾವಿಸುತ್ತೀರಾ?,angry,kn
ಕೊಲ್ಹಾಪುರಿ ಅವಹೇಳನಕಾರಿ ಕೆಲಸ ಮಾಡಿದರೆ ಇಲ್ಲಿ ಬರೆದರೆ ನನ್ನನ್ನು ಬ್ಲಾಕ್ ಮಾಡುತ್ತಾರೆ,neutral,kn
ನಿಮ್ಮ ಕೆಳಗೆ ಬೆಂಕಿ ಇರುವುದು ಖಚಿತ. ಜ್ಯೋತಿಯ ಕಿಡಿಯನ್ನು ನೋಡಿದೆ.,angry,kn
ನಿಮ್ಮ ಯು-ಟರ್ನ್ ಶೆತ್‌ಗಳು ಕೇವಲ ಕೀಟಲೆ ಮಾಡುವುದಕ್ಕಾಗಿಯೇ?,angry,kn
ಈ ಸಿಕೋಫಂಟ್ ಪತ್ರಕರ್ತನನ್ನು ನಿರ್ಬಂಧಿಸಿ,angry,kn
"ಬಿಜೆಪಿಯಲ್ಲಿ ಯಾವತ್ತೂ ಗುಂಡುಗಳು ಖಾಲಿಯಾಗಿಲ್ಲ, ಹಾಗಾಗಿ ಅವರ್ಯಾರೂ ಬುದ್ಧಿವಂತರಲ್ಲ.",angry,kn
ಕಾಂಗ್ರೆಸ್ ಮತ್ತು ಎನ್‌ಸಿಪಿ ಮೈತ್ರಿ ಮಾಡಿಕೊಂಡಾಗ ಮೈತ್ರಿ ಕೊನೆಗೊಂಡಿತು.,sad,kn
ಹೂಡಿಕೆ ಆಯೋಗ ಕೇಂದ್ರದ ಗಿಣಿ ಎಂಬುದು ಇದರಿಂದ ಸಾಬೀತಾಗಿದೆ.,angry,kn
ರಾತ್ರಿ ಮಲಗುವಾಗ ನನ್ನನ್ನು ನಿಲ್ಲಿಸಿ ಓಡಿಹೋಗಿ... ಟೈಗರ್...,angry,kn
"ಭಾರತದಲ್ಲಿ ಹಸಿವು ಇಲ್ಲ, ಬಡವರು ಡಯಟ್ ಮಾಡುತ್ತಿದ್ದಾರೆ ಎಂದು ಹೇಳಬೇಕು.",angry,kn
ಇವೆಲ್ಲ ನಾಟಕ...,angry,kn
ಅವರು ಯಾವ ರೀತಿಯ ಮಣ್ಣು ತೆಗೆದುಕೊಳ್ಳುತ್ತಿದ್ದಾರೆ ಎಂಬುದೇ ಅವರಿಗೆ ತಿಳಿದಿಲ್ಲ.,angry,kn
ಮರಾಠಿ ಮಾತನಾಡಲು ನಿಮಗೆ ನಾಚಿಕೆಯಾಗುತ್ತಿದೆಯೇ?,angry,kn
ಬೇರೆ ಯಾವ ದೇಶಕ್ಕೂ ಇಂತಹ ಮಾರುಕಟ್ಟೆ ಇಲ್ಲ. ಗೌರವ ಮತ್ತು ಆಕರ್ಷಣೆಯನ್ನು ಉಳಿಸಿಕೊಂಡಿಲ್ಲ.,angry,kn
ಜಿಲ್ಲೆ ಕಬ್ಬು ಉತ್ಪಾದನೆಯಲ್ಲಿ ಮುಂಚೂಣಿಯಲ್ಲಿದ್ದರೂ ಕಬ್ಬಿನ ದರದಲ್ಲಿ ಯಾವಾಗಲೂ ಹಿಂದುಳಿದಿದೆ.,sad,kn
ಮೋದಿಯ ಕಳ್ಳ ಅಣ್ಣಂದಿರೆಲ್ಲಾ ವಿದೇಶದಲ್ಲಿ ಹಾಯಾಗಿರುತ್ತಾರೆ...ಕಳ್ಳ ಕಳ್ಳ ಬಂಧುಗಳು,angry,kn
ಹೇಗೆ ಬದುಕಬೇಕು ಹೇಳಿ? ಕೋಟಿಗಟ್ಟಲೆ ಜನರಿರುವ ದೇಶದಲ್ಲಿ ಸಾವಿರ ಜನ ಕೂಡ ‘ಈ’ ಜನಪ್ರಿಯ ಭಾಷೆ ಮಾತನಾಡುವುದಿಲ್ಲ.,sad,kn
ಚಂದ್ರಕಾಂತ್ ಪಟಾಲ್ ಅಜಿತ್ ಪವಾರ್ ಅವರನ್ನು ಟೀಕಿಸಿದರು; ಹೇಗೆ ಕಚ್ಚಿದೆ...,neutral,kn
"ಧೈರ್ಯವಿದ್ದರೆ ಚುನಾವಣೆ ನಡೆಸಿ ತೋರಿಸಿ, ನಿಮ್ಮ ಅಧ್ಯಕ್ಷರು ಕೇವಲ ಬೊಂಬೆ.",angry,kn
ಅದು ಎಂತಹ ಭಯಾನಕ ಶಬ್ದ,fear,kn
ಪ್ರಸ್ತುತ ಮಳೆಯಿಂದ ಏನಾದರೂ ಹಾನಿಯಾಗಿದೆಯೇ?,neutral,kn
ಶಿವಾಯ ತಿನ್ನುವುದು ಅಂಧ ಭಕ್ತರ ಜನ್ಮಸಿದ್ಧ ಹಕ್ಕು.,angry,kn
"ನಿತೇಶ್ ರಾಣೆ, ನಿಮ್ಮ ಸ್ಥಿತಿ ಏನು, ಯಾಕೆ ಹೀಗೆ ಹೇಳುತ್ತಿದ್ದೀರಿ, ನಾಚಿಕೆಪಡಬೇಕು, ದುರದೃಷ್ಟಕರ ಪ್ರಾಣಿ ...",angry,kn
ಅವನು ಹುಚ್ಚ ರಾಜನಲ್ಲ. ಸಂದರ್ಶನವು ವಿಚಿತ್ರವಾಗಿ ಮತ್ತು ನಿರಾಶಾದಾಯಕವಾಗಿತ್ತು,sad,kn
ಕುಂಟಾಗಿದೆ,angry,kn
ಹುಲ್ಲು ತಿನ್ನಲು ಕುಳಿತಿದ್ದೀಯಾ????,angry,kn
ಮುಂಬೈ ಬಗ್ಗೆ ನಿಮ್ಮ ಕಣ್ಣು ತೆರೆದಿದೆಯೇ?,angry,kn
ವರ್ಷಕ್ಕೆ ಲಕ್ಷಾಂತರ ಎಂದು ಹೇಳುವುದು ನಿಮಗೆ ನೆನಪಿದೆಯೇ? ಘಜ್ನಿ ಏಕೆ ಸಂಭವಿಸಿತು?,angry,kn
"ಬಾಕ್ಸ್ ಕೊಳ್ಳುವ ಆಸೆ ಕೈಬಿಟ್ಟಿದ್ದೀಯ, ಕಜ್ಜಿ ಯಾವಾಗ ಹೋಗುತ್ತೆ?",angry,kn
"ಈ ನಿರ್ಧಾರವನ್ನು ನೀಡಿದ ರೀತಿ, ನನಗೆ ಚುನಾವಣಾ ಆಯೋಗದ ಮೇಲೆ ಆದರೆ ನ್ಯಾಯಾಲಯದ ಮೇಲೆ ನಂಬಿಕೆ ಇಲ್ಲ.",neutral,kn
ಇದು ನಿಮ್ಮ ತಾಯಿಯ ಬಗ್ಗೆ ಆಗಿದ್ದರೆ ??,angry,kn
ಪಂಜದ ಜ್ಯೋತಿಯನ್ನು ಮಹಾರಾಷ್ಟ್ರ ಸ್ವೀಕರಿಸುವುದಿಲ್ಲ - ಚಂದ್ರಶೇಖರ ಬಾವನಕುಲೆ,neutral,kn
"ವಾಕ್ ಸ್ವಾತಂತ್ರ್ಯ ಎಂದರೆ ಏರಿಳಿತಗಳು, ಆದರೆ ಈಗ ನಾನು ಬಾಂಬ್ ಸ್ಫೋಟಗಳನ್ನು ಅರ್ಥಮಾಡಿಕೊಂಡಿದ್ದೇನೆ",angry,kn
ರೊಂಥಾರ ಸಂಜ್ಞೆ ಹೊರಬೀಳಲಿದೆ,neutral,kn
ಹಾಗಾದರೆ ಶಿವಸೇನೆ ಈ ಸ್ಥಾನವನ್ನು ಕಳೆದುಕೊಂಡಿದ್ದಕ್ಕೆ ನೀವು ದುಃಖಪಡಬೇಕು.,sad,kn
ಅಂತಹ ಚಿತ್ರಗಳನ್ನು ಪೋಸ್ಟ್ ಮಾಡುವವರಿಗೆ ಮತ್ತು ಹಾಗೆ ಮಾಡಲು ಬಯಸುವವರಿಗೆ ಗರುಡ ಪುರಾಣದಲ್ಲಿ ಪ್ರತ್ಯೇಕ ಶಿಕ್ಷೆಗೆ ಅವಕಾಶವಿರಬೇಕು.,angry,kn
ಕಂಪನಿಯ ಹೆಸರನ್ನು ಪ್ರಕಟಿಸಿ ಮತ್ತು ಅದರ ವಿರುದ್ಧ ಪ್ರತಿಭಟಿಸಿ.,neutral,kn
"ಈ ತಲೆಯಿಲ್ಲದ ಹೆಂಗಸು ಶಿಲುಬೆಯನ್ನು ತಮಾಷೆ ಮಾಡುತ್ತಿದ್ದಳು, ಈಗ ದೇವರು ಏಕೆ ಮಾಡುತ್ತಾನೆ?",angry,kn
ನಿಮ್ಮ ಬೆಂಬಲದಿಂದ ಮಾತ್ರ ಅದು ಯಶಸ್ವಿಯಾಗಿದೆ.,angry,kn
ಪತಿ ಮನೆಯಲ್ಲಿ ಸಂಬಳ ಹೇಳುತ್ತಿಲ್ಲ ಎಂಬ ಕಾರಣಕ್ಕೆ ಈ ಮಹಿಳೆ ಸಿಟ್ಟಿಗೆದ್ದಿದ್ದಾಳೆ.,angry,kn
"ಈಗ ಬಾಳಾ ಸಾಹೇಬರು ಹೇಳಬೇಡಿ, ಅವರಿಲ್ಲ...",sad,kn
ನೀವು ಯಾವಾಗಲೂ ಅಧ್ಯಯನದಲ್ಲಿ ವಿಫಲರಾಗುತ್ತೀರಿ ಮತ್ತು ನಂತರ ಬಿಜೆಪಿ ಹೆಸರಿನಲ್ಲಿ ಕುಳಿತು ಅಳುತ್ತೀರಿ.,angry,kn
"ಎಷ್ಟು, ಎಷ್ಟು, ಎಷ್ಟು ಕರೆಂಟು... ಬಬ್ಬೋ",happy,kn
ಜನರಿಂದ ಉತ್ತಮ ಪ್ರತಿಕ್ರಿಯೆ ಕಂಡು ಸೋಲು ಅನುಭವಿಸುವಂತಾಗಿದೆ.,sad,kn
ದೇಶದ್ರೋಹ ಮಾಡಿದವರು ಯಾರು? ನಿಜವಾದ ಶಿವಸೇನೆಯ ದಸರಾ ಸಭೆಯಲ್ಲಿ ಬಾಳಾ ಸಾಹೇಬರ ಶಿವಸೇನೆ,neutral,kn
ನಿಮ್ಮ ಆಲೋಚನೆಗಳು ಎರಡೂವರೆ ವರ್ಷಗಳ ಕಾಲ ಸರ್ಕಾರವಾಗಿದೆಯೇ ಅಥವಾ ಆ ಸಮಯದಲ್ಲಿ ಅವರು ನಾಟಕವಾಡುತ್ತಿದ್ದರೇ?,angry,kn
ಈಗ ಇಬ್ಬರೂ ಮನೆಯನ್ನು ತೊಳೆಯಬೇಕು ಎಂದು ತೋರುತ್ತದೆ.,sad,kn
"ಈ ಸಮೀರ್ ಲೆ ಮುಂಗಡ ಮತ್ತು ಭಾಮತಾ ಅಧಿಕಾರಿಯಾಗಿದ್ದು, ಟಾಂಗ್ಪಾನಿ ​​ಮಾತ್ರ ಮಾಡುತ್ತಿದ್ದಾರೆ.",angry,kn
"ನೀವು ಪತ್ರವನ್ನು ಸರಿಯಾಗಿ ಓದಿದ್ದರೆ ನೀವು ಈ ಪ್ರಶ್ನೆಯನ್ನು ಕೇಳುತ್ತಿರಲಿಲ್ಲ, ನೀವು ಅದನ್ನು ಮೊದಲು ಸರಿಯಾಗಿ ಓದಬೇಕು",neutral,kn
ಬೆಂಡೆಕಾಯಿ ಇನ್ನೂ ಲೀಲಾಳನ್ನು ಪ್ರೀತಿಸುತ್ತಿದೆಯೇ?,angry,kn
ಅವರು ಮಹಾರಾಷ್ಟ್ರ ಮತ್ತು ಈ ಉತ್ಕೃಷ್ಟತೆಯನ್ನು ನಾಚಿಕೆಯಿಲ್ಲದೆ ಕಿರುಕುಳ ಮಾಡುತ್ತಾರೆ,angry,kn
ಇದನ್ನು ತಯಾರಿಸುವವರು ಯಾರು?? ಎಂತಹ ನಿಷ್ಪ್ರಯೋಜಕ ಮನುಷ್ಯ!!!,angry,kn
ರಾಜ್ಯದಲ್ಲಿ ಕೇವಲ ಅಣ್ಣನ ಮತದಿಂದ ಸರ್ಕಾರ ರಚನೆಯಾಗಿದೆಯೇ? ಆಫ್,neutral,kn
"ಓಹ್, ಅವನು ಹೇಳಿರಬಹುದು! ನೀವು ಗುಜರಾತಿ ಮರಾಠಿ ಬಗ್ಗೆ ಏಕೆ ಮಾತನಾಡುತ್ತಿದ್ದೀರಿ?",angry,kn
ಎಲ್ಲಾ ಪದಗಳು ಮರಾಠಿಯದ್ದಾಗಿರುವಾಗ ನೀವು ನಡುವೆ ಇಂಗ್ಲಿಷ್ ಪದಗಳನ್ನು ಏಕೆ ಬಳಸುತ್ತೀರಿ ಎಂದು ನಾನು ಆಶ್ಚರ್ಯ ಪಡುತ್ತೇನೆ,happy,kn
ಆಗುವುದಿಲ್ಲ...ಮರಾಠಿ ನಾಯಿಗಳು ನೆಕ್ಕಲು ಇವೆ,angry,kn
"ಹೇ ಕಪ್ಪು, ನಿಮಗೆ ಗಂಟೆ ಅರ್ಥವಾಗಿದೆಯೇ?",angry,kn
ದೇವೇಂದ್ರ ಜೀ ಮಾರ್ಗವನ್ನು ಅನುಸರಿಸಿದರೆ ನೀವು ಇದನ್ನು ಕೇಳುತ್ತೀರಿ !!,angry,kn
ಮರಾಠಿ ಮಾಧ್ಯಮದಿಂದ ಈ ಪಾಪ ನಿಮ್ಮ ಕೊರಳಿಗೆ ಬಿಗಿಯಾಗಿದೆ..ಏನಾದರೂ ಮಾಡಿ..,angry,kn
"ಕೋರ್ಟ್ ನಲ್ಲೂ ಆಟ ಶುರುವಾಗಿದೆ! ಹೇಗಾದರೂ, ಆಡಳಿತವು ರಾಜನಂತೆ!",angry,kn
ಬಡ ವಡಾ ಪಾವ್ ಮಾರಾಟಗಾರರು ಪ್ಯಾಕಿಂಗ್‌ಗೆ ಹಣ ಪಾವತಿಸಬೇಕಾದ ಸ್ಥಿತಿ ಇದೆ,sad,kn
ಹೀಗಿರದ ಚುನಾವಣೆಗಳನ್ನು ಗೆಲ್ಲಬಹುದು ಎಂಬ ಕಾರಣಕ್ಕೆ ಅವರಿಗೂ ಖುಷಿಯಾಗಲಿ!!,angry,kn
ರೆಸಾರ್ಟ್ ಕೆಡವಲು ಇಷ್ಟು ಹಣ ಖರ್ಚು ಮಾಡಲಿದ್ದಾರಾ?,angry,kn
"ಸಂಪೂರ್ಣ ಲೇಖನವನ್ನು ಓದಿದ ನಂತರ ನಾನು ನನ್ನ ಅಭಿಪ್ರಾಯವನ್ನು ನೀಡುತ್ತೇನೆ, ನೀವು ಒಪ್ಪದಿದ್ದರೆ ಬಿಟ್ಟುಬಿಡಿ!",neutral,kn
ಈ ಜಗತ್ತಿನಲ್ಲಿ ಎಲ್ಲವೂ ಕೆಲಸ ಮಾಡುತ್ತದೆ ಆದರೆ ಶಿವಸೇನೆಯನ್ನು ನಾಶಮಾಡುವ ಜನರು ನಮಗೆ ಬೇಡ.,sad,kn
"ನಾಚಿಕೆಯಿಲ್ಲದೆ, ಯಾವಾಗಲೂ ಸಂತೋಷವಾಗಿದೆ ... ಸಾರ್ ಹಾಗೆ",angry,kn
ಇವತ್ತಿನ ಕಾಲದಲ್ಲಿ ಲಾ ಪೇಶ್ವೆ ಈ ಜನ್ಮದಲ್ಲೂ ಸುಧಾರಿಸುವುದಿಲ್ಲ.,angry,kn
ತನಗೆ ದ್ರೋಹ ಬಗೆದವರೇ ನಿಜವಾದ ದ್ರೋಹಿಗಳು ಉಳಿದವರೆಲ್ಲ ಪೊಳ್ಳು.,angry,kn
ಆ ರೀಲ್ ಕೆಲಸ ಮಾಡುತ್ತಿಲ್ಲ ಹಾಗಾಗಿ ಚೊಂಗ್ರೇಸಿ ಭಾಷೆ ಮಾತನಾಡುತ್ತಿದೆ...,angry,kn
ಕರೋನಾ ಕಾಲದಲ್ಲಿ ಜನರ ಮನಸ್ಸಿನಲ್ಲಿ ವಿಷಯಗಳನ್ನು ಇಟ್ಟುಕೊಂಡು ಖ್ಯಾತಿ ಗಳಿಸಿದ ಇದೇ ವೈದ್ಯರೇ?,angry,kn
ಇದು ಹೃತ್ಪೂರ್ವಕ ಶ್ರದ್ಧಾಂಜಲಿಯಾಗಬೇಕೋ ಅಥವಾ ಶುಭಾಶಯವಾಗಬೇಕೋ ಎಂಬುದನ್ನು ಸಾರ್ವಜನಿಕರು ನಿರ್ಧರಿಸಬೇಕು.,neutral,kn
ಅವನು ಅದನ್ನು ಮಾಡದಿದ್ದರೆ ನಾನು ಅವನನ್ನು ಎಲ್ಲವನ್ನೂ ಕಲಿಯಲು ಒತ್ತಾಯಿಸುತ್ತೇನೆ,angry,kn
ನಿಮ್ಮ ನಾಸಿಕ್ ಮೇಲೆ ಯಾರದೋ ಕಣ್ಣು ಬಿದ್ದಿದೆ,sad,kn
"ಸ್ವಂತ ಖಾತೆಯಲ್ಲಿ ಸತ್ಯವಿಲ್ಲ, ಮತ್ತೊಬ್ಬರಿಗೆ ಕರೆ ಮಾಡುವ ಉಪಾಯವೇನು...",angry,kn
ನೀವು ಏನು ನೋಡಲು ಹೋಗಿದ್ದೀರಿ? ಮುರಿದದ್ದನ್ನು ಏಕೆ ಅಳೆಯಿರಿ,neutral,kn
ಅದು ತುಂಬಾ ನಿಜ. ಈಗ ಬಿಜೆಪಿಯ ಸೋಲು ಶುರುವಾಗಿದೆ.,sad,kn
ಮತ್ತು ಯಾರು ತಪ್ಪಾಗಿ ಬರೆದರೂ ಅವರನ್ನು ಖಂಡಿಸಲಾಗುತ್ತದೆ,angry,kn
ತುಂಬಾ ಕಷ್ಟಪಡಬೇಕಿತ್ತು. ಆ ವೇಳೆ ಆತನಿಗೆ ಥಳಿಸಲಾಗಿತ್ತು.,neutral,kn
ಅವನ ಮಾತು ಕೇಳುತ್ತಲೇ ವರ್ಷಗಳು ಬೇಗ ಕಳೆದು ಹೋಗುತ್ತವೆ.. ಏನು ಬೇಗ ಆಗುವುದಿಲ್ಲ?,sad,kn
ಬಾಳಾ ಸಾಹೇಬರ ಶಿವಸೇನೆ ಸೋತರೆ ಉಳಿದ ಸೇನೆ ಚುನಾವಣೆಯಲ್ಲಿ ಏನು ಹೇಳುತ್ತದೆ? ಇಡೀ ವಿಷಯ ವಿಚಿತ್ರವಾಗಿದೆ,angry,kn
ಉಪಯೋಗವಿಲ್ಲ.. ತಡವಾಯಿತು.. ಅವನ ದೇಹವು ನಿಯಂತ್ರಣ ತಪ್ಪಿದೆ,sad,kn
ಇದು ಮರಾಠಿಗರು ಮತ್ತು ಮಹಾರಾಷ್ಟ್ರದ ದುರದೃಷ್ಟಕರ,sad,kn
ಕೋಳಿ ಕಳ್ಳನ ಕಾರು ಮುರ್ಜಿ ಪಟೇಲರ ಫಾರ್ಮ್ ತುಂಬಲು ಹೋಯಿತು.,angry,kn
ಅವನು ಸುಮ್ಮನೆ ಕುಳಿತುಕೊಳ್ಳುವುದಿಲ್ಲ. ಕೋಲುಗಳು ಮಾತ್ರ ಮಾಡುತ್ತವೆ ...,angry,kn
"ಆದರೆ, ಶಾಸಕರು ಹಾಗೂ ಖಾಸಗಿ ವ್ಯಕ್ತಿಗಳನ್ನು ಅಪಹರಿಸುವ ತಂಡಗಳು ಸಕ್ರಿಯವಾಗಿರುವುದು ಸತ್ಯ",angry,kn
ಉದ್ಧವ್ ಠಾಕ್ರೆಯವರ ದುರಹಂಕಾರದಿಂದ ಚುನಾವಣೆ ಅವಿರೋಧವಾಗಿ ನಡೆಯುವುದಿಲ್ಲ ಎಂದು ತೋರುತ್ತದೆ.,angry,kn
"ಪೋಲೀಸರು ಮೆರವಣಿಗೆ ನಡೆಸಿದರು, ಬಿಜೆಪಿ ಕಾರ್ಯಕರ್ತರು ಎಲ್ಲಿದ್ದಾರೆ?",neutral,kn
ಯೆಡ್ಜೆವ್ ಅವರ ವಕ್ತಾರರು ಹೇಳಿದರು,angry,kn
"ಹೊಟ್ಟೆಯಿಂದ ಸ್ಟೀಲ್ ಗ್ಲಾಸ್ ಹೊರಬಂದಿದೆ, ಆದರೆ ಈ ಗಾಜು ಹೊಟ್ಟೆಯನ್ನು ಹೇಗೆ ಪ್ರವೇಶಿಸಿತು?",happy,kn
"ಇಡೀ ಜೀವನವನ್ನು ಇಫ್ತಾರ್ ಕೂಟಗಳಲ್ಲಿ ಕಳೆದ ನಂತರ, ವಿನಾಶದ ಹತ್ತಿರ ಬಂದಾಗ, ಒಬ್ಬ ಹಿಂದೂ ಎಂಬ ಮೌಲ್ಯವನ್ನು ಅರಿತುಕೊಳ್ಳುತ್ತಾನೆ.",angry,kn
"ನಾನಾ 'ಸ್ಕ್ರಿಪ್ಟ್' ಏನನ್ನೂ ಕೇಳಲಿಲ್ಲ ಹಾಗಾದರೆ ಟೀ, ಬಿಸ್ಕತ್ತುಗಳೇನು?",angry,kn
ಮುಚ್ಚಳದ ಹತ್ತಿರ ಆದರೆ ಮೋಸಗಾರನಾಗಿ ಹೊರಹೊಮ್ಮಿದನು...!,angry,kn
ಈಗ ಅವರು ಹೊರಬರಲು ತಮ್ಮ ಸಾಮರ್ಥ್ಯವನ್ನು ತೋರಿಸಬೇಕಾಗುತ್ತದೆ.,angry,kn
"ಅದು ಒಳ್ಳೆಯದಾಗಿರಬೇಕು, ದುರದೃಷ್ಟವಶಾತ್ ಅಂಧ ಭಕ್ತರ ಜಾತಿ ಕೆಟ್ಟದು.",angry,kn
ಇಲ್ಲ...ಅದಕ್ಕೆ ಅರ್ಥವೇ ಇಲ್ಲ,neutral,kn
ದುಃಖದ ಸುದ್ದಿ - ಅತ್ಯಂತ ಪ್ರತಿಭಾವಂತ ಮತ್ತು ತಮಾಷೆಯ ನಟ ಪ್ರದೀಪ್ ಪಟವರ್ಧನ್ ಅವರಿಗೆ ಹೃತ್ಪೂರ್ವಕ ಶ್ರದ್ಧಾಂಜಲಿ...,sad,kn
ಇದು ತುಂಬಾ...,angry,kn
ಈಗ ಬೇಸರವಾಗಿದೆ,sad,kn
ಬಾಳಾ ಸಾಹೇಬರ ಶಿವಸೇನೆ ಎಲ್ಲಿದೆ ಎಂಬುದು ನಿಮ್ಮಂತಹ ಅಂಧ ಭಕ್ತರನ್ನು ಬಿಟ್ಟರೆ ಎಲ್ಲರಿಗೂ ಗೊತ್ತು.,angry,kn
"ನಮ್ಮ ನಂಬಿಕೆ ಯಾವಾಗಲೂ ನ್ಯಾಯದ ದೇವರಲ್ಲಿದೆ, ಆದರೆ ನ್ಯಾಯದ ದೇವರನ್ನು ಬಳಸುವವರಲ್ಲಿ ಅಲ್ಲ",angry,kn
ನಿಮ್ಮ ಹೊಟ್ಟೆ ಏಕೆ ನೋವುಂಟು ಮಾಡುತ್ತದೆ? ಧೋತಿ ಯೋಗ ಮಾಡಿ,neutral,kn
ಹತಾಶೆಗೊಂಡ ಎರೆಹುಳು ಉದ್ಧವ್ ಯಾವ ಧ್ವಜವನ್ನು ಎತ್ತಬೇಕೆಂದು ಪಠಿಸುತ್ತಿತ್ತು,angry,kn
ಬೆಳಕಿನ ಹಬ್ಬದಲ್ಲಿ ಏನನ್ನು ಬೆಳಗಲಾಗುವುದು?,angry,kn
. ನಾನು ನಿನ್ನನ್ನು ಪೂರ್ಣಗೊಳಿಸಬೇಕಾಗಿತ್ತು. ಈ ಸರ್ಕಾರದ ಮೇಲೆ ನಂಬಿಕೆ ಇಲ್ಲ.,angry,kn
ಗ್ರಾಮೀಣಾಭಿವೃದ್ಧಿಯಲ್ಲಿ ಸಾರ್ವಜನಿಕ ಭಾಷಣವಿಲ್ಲ,sad,kn
ಅಪ್ಪನ ಬದುಕಿನ ಮೇಲೆ ಚುನಾಯಿತರಾದ ನೀವು ಒಬ್ಬ ಅಧಿಕಾರಿಯ ಬಗ್ಗೆ ಈ ರೀತಿ ಮಾತನಾಡಲು ಅರ್ಹರೇ,angry,kn
"ಸೀಟುಗಳು ಖಾಲಿ ಇದ್ದಾಗ ಭಾಷಣಗಳು ನಡೆಯುತ್ತವೆ, ಹಾಗಾದರೆ ಸೀಟುಗಳು ಕಡಿಮೆ ಇರುವಾಗ ಶಾಲೆಗಳನ್ನು ಏಕೆ ಮುಚ್ಚಬೇಕು?",neutral,kn
ಇವೆಲ್ಲವೂ ಅಮೆರಿಕದಲ್ಲಿ ನಕಲಿ ಸಂಖ್ಯೆಗಳು,angry,kn
ಹಾಯ್ ನಿಮ್ಮ ತರ್ಕಕ್ಕೆ ಕಿಡ್ನಿ ಅಟ್ಯಾಕ್ ಆಗಿದೆ,angry,kn
"ರಾಜ್ಯದ ಮುಖ್ಯಮಂತ್ರಿ, ಉಪಮುಖ್ಯಮಂತ್ರಿ, ಗೃಹ ಸಚಿವರು (ಹುಲ್ಲು) ಎಳೆಯುತ್ತಿದ್ದಾರಾ?",angry,kn
ಭ್ರಷ್ಟಾಚಾರವೇ ಸಮಾಜದ ಶಾಪವಾದರೆ ನೀವೇನು ಮಾಡುತ್ತಿದ್ದೀರಿ?,angry,kn
ಕೊನೆಗೆ ಮಾತನಾಡುವ ಧೈರ್ಯವಿಲ್ಲದೆ ಇಲ್ಲಿಯೇ ಬಿದ್ದರು. ಇಷ್ಟು ಶಕ್ತಿ ಇದ್ದರೂ ಅಷ್ಟೊಂದು ಗಾಬರಿ ಯಾಕೆ?,angry,kn
ಈ ಟ್ವೀಟ್ ಅನ್ನು ಬವಾನ್ಕುಲೇನಿ ಅವರು ಈ ಹಿಂದೆ ಟ್ವೀಟ್ ಮಾಡಿದ್ದರು ಮತ್ತು ತುಮಿ ಹೈ ಅದನ್ನು ನಕಲು ಮಾಡಿದ್ದಾರೆ.,angry,kn
"""ಆದರೆ ಈಗ ಆ ಅಂಗಡಿಗಳನ್ನು ಮುಚ್ಚಲಾಗಿದೆ"" ಏನೇ ಇರಲಿ",neutral,kn
ರಾಜ್‌ನನ್ನು ಯಾರೂ ಗಂಭೀರವಾಗಿ ಪರಿಗಣಿಸುವುದಿಲ್ಲ. ಅಷ್ಟೆ.,neutral,kn
"ಇದು ಭ್ರಮೆ, ಕಾಂಗ್ರೆಸ್ ಗಾಂಧಿ ಕುಟುಂಬದ ಒಪ್ಪಿತ ಕಂಪನಿ.",angry,kn
"ಸ್ವಲ್ಪ ಅಲ್ಲದಿದ್ದರೆ ಕಡಿಮೆ ಎಸೆಯಿರಿ, ನಾಚಿಕೆ, ಮಿಂದೇ ಗುಂಪು.",angry,kn
ಅದನ್ನು ತೋರಿಸಲು ಶಾಶ್ವತ ಕೆಲಸವಿಲ್ಲ,angry,kn
ಪಿಎಫ್‌ಐ ದೇಶ ವಿರೋಧಿ ಚಟುವಟಿಕೆಗಳ ವಿರುದ್ಧ ಪಿತೂರಿ ನಡೆಸುತ್ತಿದೆ ಎಂದು ಆರೋಪಿಸಲಾಗಿದೆ.,angry,kn
ಬಾರಾಮತಿ ನಿಜವಾಗಿಯೂ ಕೈ ತಪ್ಪುತ್ತಿದೆ ಎಂದು ಹೆಚ್ಚಿನವರಿಗೆ ತಿಳಿದಿದೆ.,sad,kn
ಇದು ನಿಮ್ಮ ಮನಸ್ಥಿತಿ...ಅದಕ್ಕಾಗಿಯೇ ಇದು ಸಮಯ,angry,kn
ನೀನೇಕೆ ತಲೆಬಾಗಬಾರದು?,neutral,kn
ಅವರ ಕುಟುಂಬಕ್ಕೆ ಈ ದುಃಖವನ್ನು ಹೋಗಲಾಡಿಸುವ ಶಕ್ತಿ ಸಿಗಲಿ! ದಿವಂಗತ ನರೇಂದ್ರಜಿ ಅಗರ್ವಾಲ್ ಅವರಿಗೆ ಭಾವಪೂರ್ಣ ಶ್ರದ್ಧಾಂಜಲಿ!,sad,kn
"ಅಯ್ಯೋ ದೇವರೇ, ಇದು ಟಾರ್ಚ್ ಅಲ್ಲ... ಎಣ್ಣೆ ಹೋಯಿತು, ತುಪ್ಪ ಕಳೆದು ಕೈ ಉರಿಯುತ್ತಿದೆ.. ಠಾಕ್ರೆ ಹಾಳಾಗಿದ್ದಾನೆ.",angry,kn
"ಇಡೀ ಜಗತ್ತಿಗೆ ತಿಳಿದಿತ್ತು ಆದರೆ ಒಮ್ಮೆ ಸ್ನೇಹಿತನಿಗೆ ತಿಳಿದಿಲ್ಲದಿದ್ದರೆ, ನಿಜವಾಗಿಯೂ ಅಹಂಕಾರವು ವ್ಯಕ್ತಿಯನ್ನು ಕುರುಡನನ್ನಾಗಿ ಮಾಡುತ್ತದೆ.",sad,kn
ವಾಜಪೇಯಿ ಸರ್ ಬಗ್ಗೆ ತುಂಬಾ ಗೌರವವಿರಲಿ.. ಆದರೆ ಈ ಟ್ವೀಟ್‌ಗಳು (ಮತ್ತು ಅಂತಹ ಭಾಷೆ) ಮುನ್ನೆಲೆಗೆ ಬಂದಿವೆ.,angry,kn
ಕೇಶ ಶೇಠ್ ಮತ್ತು ಅದು ಹೆಚ್ಚುತ್ತಿದೆ... ಮೆಹಬೂಬಾ ಮುಫ್ತಿಯನ್ನೂ ನೆಕ್ಕಿದ್ದೀರಿ!,angry,kn
"ಅರೇ ಸರ್, ನೀವು ಯಾವ ರಾಯಧನವನ್ನು ಕೇಳುತ್ತಿದ್ದೀರಿ, ನೇರವಾಗಿ ಅವರ ವಿರುದ್ಧ ಮತ್ತು ಚುನಾವಣಾ ಆಯೋಗದ ಮೇಲೆ ಕೇಸು ದಾಖಲಿಸಿ.",angry,kn
ಕೈಗಾರಿಕೋದ್ಯಮಿಗಳೇ ಮಂಗಗಳಾಗಿ ಮಾರ್ಪಟ್ಟಿದ್ದಾರೆ,angry,kn
ಬಿಜೆಪಿ ಬೀದರ ನಗರಾಧ್ಯಕ್ಷ ಭಗೀರಥ ಬಿಯಾನಿ ಗುಂಡು ಹಾರಿಸಿಕೊಂಡು ಆತ್ಮಹತ್ಯೆ ಮಾಡಿಕೊಂಡಿದ್ದಾರೆ,sad,kn
"ತಕ್ಲ್ಯಾ, ಆಕ್ಸಿಜನ್ ಸಿಲಿಂಡರ್ ಹಿಡಿದುಕೊಂಡು ಆಸ್ಪತ್ರೆಯಲ್ಲಿ ನಿಂತಿದ್ದೀಯಾ",angry,kn
ನಟರಂಗ ಹಾಗೂ ಸೊಗಲ್ಯಾ ಅವರ ಹೊಸ ಅತ್ತೆ ಆಗಮಿಸಿದ್ದಾರೆ ಎನ್ನಲಾಗುತ್ತಿದೆ.,neutral,kn
ನಿಮಗೆ ಒಂದು ತೋಳಿನ ಶಕ್ತಿ ಇದೆ ಎಂಬ ಭ್ರಮೆಯನ್ನು ನೀವು ಯಾವಾಗ ಹೋಗುತ್ತೀರಿ?,angry,kn
"ಬರೀ ಅಲ್ಲ, ಇಷ್ಟೆಲ್ಲಾ ನಾಟಕ ಈ ಹಿಂದೆಯೂ ನಡೆದಿದೆ.",neutral,kn
ಇಂದು ಲಂಬು ಅವರ ಜನ್ಮದಿನ ಎಂದು ಹೇಳಲಾಗುತ್ತದೆ.,neutral,kn
ಅವರು ಇದನ್ನು ಬರೆಯುತ್ತಿದ್ದರು ಆದರೆ ಸಂಬಳವು ಹಣಕ್ಕಿಂತ ಹೆಚ್ಚಿಲ್ಲ ಆದ್ದರಿಂದ ಈಗ ...,neutral,kn
ವರ್ಷವಾದರೂ ಕಾಮಗಾರಿ ಆರಂಭವಾಗಿಲ್ಲ...,sad,kn
"ಏನ್ ಬಪ್ಪಾ, ಮತ್ತೆ ಮತ್ತೆ ನನ್ನ ಪಂಚಾಯ್ತಿ ಮಾಡ್ತೀಯಾ?",sad,kn
ಇದು ಒಂದು ಮೂರ್ಖ,angry,kn
"ಬಿಜೆಪಿ ವಿರುದ್ಧ ಎಲ್ಲ ಪಾಕೆಟ್ ಪತ್ರಕರ್ತರು ಒಗ್ಗೂಡಿರುವುದರಿಂದ, ಇಲ್ಲ",angry,kn
"ಈ ಶೀತ ಮಹಿಳೆ ತಲೆಯ ಮೇಲೆ ಮಲಗಿದ್ದಾಳೆ, ಈ ಸಮಯದಲ್ಲಿ ಅವಳ ಆರೋಗ್ಯವು ಹದಗೆಡುತ್ತಿದೆ",angry,kn
"ಸಿಗ್ನಲ್ ಸಿಗದಿರುವುದು ಕೆಟ್ಟ ಸಂಕೇತ. ಕಳ್ಳ, ದೇಶದ್ರೋಹಿ, ಫಿತೂರ್, ಪೆಟ್ಟಿಗೆಗಳು.. ಜೈ ಮಹಾರಾಷ್ಟ್ರ..",angry,kn
ಅದು ಕೊಲ್ಹಾಪುರವೋ ಅಥವಾ ಅಂಧೇರಿಯೋ ಗೊತ್ತಿಲ್ಲ,neutral,kn
ಗೂರ್ಖಾ ಮತ್ತು ಪ್ರಾಮಾಣಿಕರ ಸಮೀಕರಣ ಸದಾ ಮನದಲ್ಲಿ ಉಳಿಯುತ್ತದೆ..! ಇಂದು ನೀಲ್ ತಂದೆ ಈ ಎಳೆಯನ್ನು ಮುರಿದರು,angry,kn
ಈಗ ಉದ್ಧವ್ ಐಸ್ ಕ್ರೀಮ್ ತಿನ್ನುವ ದಿನಗಳು ಬಂದಿವೆ.,angry,kn
"ಜ್ಯೋತಿಯ ಜ್ವಾಲೆಯನ್ನು ಅನುಭವಿಸಿದರು, ಬಿಲ್ಲು ಮತ್ತು ಬಾಣದ ಚಿಹ್ನೆಯನ್ನು ತಂಪಾಗಿಸುವ ವಿನಮ್ರ ಕೆಲಸವನ್ನು ಮಾಡಿದರು, ಈಗ ಕರ್ಮದ ಫಲವನ್ನು ಆನಂದಿಸಿ.",angry,kn
ಸಂತ್ರಸ್ತೆಯ ಸ್ಥಿತಿ ಮುಂದುವರಿದಿದೆ,sad,kn
"ಸ್ಟಂಪ್ ಮೈಕ್ ಬಳಿ ದುರುಪಯೋಗಪಡಿಸಿಕೊಳ್ಳುವುದು ನಾಯಕನಿಗೆ ದುಬಾರಿಯಾಗಿದೆ, ಈಗ ಅವರು ವಿಶ್ವಕಪ್‌ನಿಂದ ಹೊರಗುಳಿಯಬಹುದು!",happy,kn
ತುಂಬಾ??? ನೀವು ನಿಷ್ಠಾವಂತ ಭಕ್ತ ಎಂದು ನಾನು ಭಾವಿಸುತ್ತೇನೆ.,neutral,kn
ಅರೇ ರಾಜಕೀಯವೇ ಹೀಗೆ...ರಾಜಕಾರಣಿಗಳಿಗೆ ಸಂಪ್ರದಾಯ... ತೆರೆಮರೆ... ಬೆನ್ನಿಗೆ ಚೂರಿ ಹಾಕುವುದು... ಇತ್ಯಾದಿ ವಿಷಯಗಳು ಗೌಣ.,angry,kn
ಈ ಸರ್ಕಾರ ಕೈಕೊಟ್ಟಿದ್ದರಿಂದಲೇ ಈ ದೇಶದಲ್ಲಿ ಇದೆಲ್ಲ ನಡೆಯುತ್ತಿದೆ.,angry,kn
ಅವರು ಕೆಲಸ ಮಾಡಿದರೆ ನೀವು ಅವರನ್ನು ಏಕೆ ವಿರೋಧಿಸುತ್ತೀರಿ?,neutral,kn
"ಹಾಗಾದರೆ ದೇಗಳೂರು, ಪಂಢರಪುರ, ಕೊಲ್ಹಾಪುರ ಮಹಾರಾಷ್ಟ್ರದ ಹೊರಗಿದೆಯೇ?",neutral,kn
"ನಿಮಗೆ ಏನಾದರೂ ತೊಂದರೆ ಇದೆಯೇ, ಅವರು ಮನುಷ್ಯರೇ ಅಥವಾ ಇಲ್ಲವೇ?",neutral,kn
"ನೀವು ಕಳೆದುಕೊಳ್ಳುವಿರಿ ಎಂದು ತೋರುತ್ತಿರುವಾಗ, ನೀವು ಸಹಾನುಭೂತಿ ಪಡೆಯಲು ಪ್ರಯತ್ನಿಸುತ್ತಿದ್ದೀರಿ",angry,kn
ದುರಾಶೆ ಇರುತ್ತದೆ ಮತ್ತು ವಿನಾಶವೂ ಇರುತ್ತದೆ,angry,kn
"ಕೊನೆಗೆ ಇದನ್ನೇ ಹೇಳಬೇಕು, ಈಗ ಉದ್ಧವ್ ಕಾಯಬೇಕು ಎಂದು ಒಳಗಿರುವ ವ್ಯಕ್ತಿ ಕಳೆದುಹೋಗಿದ್ದಾನೆ",sad,kn
ಇದು ಯಾವ ಕೋನದಿಂದ ವಿದ್ಯಮಾನವನ್ನು ಧ್ವನಿಸುತ್ತದೆ?,angry,kn
ಮೀಟರ್ ಇಲ್ಲದೆ ರಿಕ್ಷಾ ಓಡುವುದು ಪುಣೆಯ ಮತ್ತೊಂದು ವಿಶೇಷ,angry,kn
"ಮರಾಠಿಯಲ್ಲಿ ಮಾಹಿತಿ ನೀಡಿ. ಇದು ಮಹಾರಾಷ್ಟ್ರ, ಬಿಹಾರ ಅಲ್ಲ.",angry,kn
"ಮೊದಲು ಮುತಾರ ಸಿಡಿಯುತ್ತದೆ, ನಂತರ ವಂಗೇವಾಲಿ ಚಿಕ್ಕಮ್ಮ ಎಸ್ಪಿ ಗ್ರೂಪ್ ಅಧ್ಯಕ್ಷರಾಗುತ್ತಾರೆ...!!",angry,kn
"ಹಿಂದೂ ಧರ್ಮದಲ್ಲಿ ಅನೇಕ ಸಂತರು ಇದ್ದಿರಬಹುದು, ಆದರೆ ಯಾರೂ ಅಂತಹ ಸುಳ್ಳುಗಾರರಾಗಿರಲಿಲ್ಲ.",angry,kn
"ಹಳೆಯ ಸೇತುವೆಯ ರಸ್ತೆಯ ಸ್ಥಿತಿ ಹದಗೆಟ್ಟಿದೆ, ಆದರೆ ಈಗ ಸಂಚಾರ ಚಲಿಸುತ್ತದೆ.",sad,kn
ಬಾಯಿ ಇದೆಯೇ?,angry,kn
ನಿಮಗೆ ಬಹಳಷ್ಟು ಸಿಗುತ್ತದೆ..,neutral,kn
"ರೋಜರ್ ಫೆಡರರ್ ಅವರ ಹೇಳಿಕೆ, ""ನಿವೃತ್ತಿ ಯೋಜನೆಗಳು ಕುಸಿಯುವ ಹಂತದಲ್ಲಿದ್ದವು ಆದ್ದರಿಂದ ನಾನು ನನ್ನ ನಿವೃತ್ತಿಯನ್ನು ತರಾತುರಿಯಲ್ಲಿ ಘೋಷಿಸಿದ್ದೇನೆ.""",neutral,kn
ಕೃಷಿ ಉತ್ಪನ್ನಗಳಿಗೆ ಬೆಲೆ ಸಿಗದಿದ್ದರೆ ರೈತರು ಎಲ್ಲಿಗೆ ಹೋಗಬೇಕು? ಮಾಲ್‌ನಲ್ಲಿ ಏಕೆ?,sad,kn
ಸಂಸ್ಕೃತಿ ಉಳಿಸಬೇಕಾದರೆ ಭಾಲ್ಕೆಯನ್ನು ಸಹೋದರನನ್ನಾಗಿ ಮಾಡಿದ್ದು ಏಕೆ?,sad,kn
ಅವರು ಮುಖ್ಯಮಂತ್ರಿಯಾಗಲು ಈ ಬಂಡಾಯ ಎಸಗಿದ್ದು ಎಲ್ಲ ಕಡೆಗೂ ಗೊತ್ತಿದೆ,angry,kn
ಮೊನ್ನೆ ಹಳ್ಳಿ ವಿಷಕಾರನನ್ನು ಭೇಟಿ ಮಾಡಿದ್ದು ಕಡಿಮೆಯೇ?,angry,kn
ಶಿಂಧೆ ಗುಂಪು ಮತ್ತು ಕಮಲಾಬಾಯಿ ಹೆದರಿ ಧ್ವನಿಯನ್ನು ಹತ್ತಿಕ್ಕಲು ಪ್ರಯತ್ನಿಸುತ್ತಿದ್ದಾರಾ...,angry,kn
ನಾವು ನಿಮಗೆ ನೀಡಬೇಕೇ ... ಕಪ್ಪು ಮೊಡವೆ ಹೊಂದಿರುವ ಮಹಿಳೆ,angry,kn
ಸದಾ ಗೊಂದಲದಲ್ಲೇ ಇರುತ್ತಿದ್ದ ಈ ರಾಜ್ ಠಾಕ್ರೆ ನನಗೆ ಇಷ್ಟವಾಗಲಿಲ್ಲ.,angry,kn
ಇದನ್ನೇ ನೀವು ಪ್ರೀತಿ ಎಂದು ಕರೆಯುತ್ತೀರಾ? ಆದ್ದರಿಂದ ಬಯೋದಿಂದ ಇಬ್ಬರೂ ಪುರುಷರು ಎಂದು ತೋರುತ್ತದೆ,happy,kn
ಭಕ್ತರು ಎಲ್ಲಿ ಸತ್ತರು ಮತ್ತು ಅವರು ಈ ಕಿಡಿಗೇಡಿಗಳ ವಿರುದ್ಧ ಏಕೆ ಮಾತನಾಡುತ್ತಾರೆ?,angry,kn
ಜಗತ್ತು ಹೆಚ್ಚು ಕಾಲ ಉಳಿಯುವುದಿಲ್ಲ,sad,kn
"ಎಣ್ಣೆ ಹೋಯಿತು, ತುಪ್ಪ ಹೋಯಿತು, ಆನೆ ಕಳ್ಳತನವಾಯಿತು.",angry,kn
"ನಂತರ ""ಕಜ್ಜಿ"" ಎಂಬ ಪದವು ಎಷ್ಟು ತುರಿಕೆ ಸಂಭವಿಸಿದೆ ಎಂಬುದರ ಸೂಚನೆಯಾಗಿದೆ.",angry,kn
ಇದರರ್ಥ ನೀವು ಅದಕ್ಕೆ ಯೋಗ್ಯರಲ್ಲ,angry,kn
ಇದು ಸ್ವಾರ್ಥ ಮತ್ತು ಬೂಟಾಟಿಕೆಯ ಹಿಂದುತ್ವ,angry,kn
ಚುನಾವಣಾ ಆಯೋಗವನ್ನು ಖರೀದಿಸಲಾಗಿದೆಯೇ?,angry,kn
ಇದು ದೇಶದ ಸಮಸ್ಯೆ.,angry,kn
ಚುನಾವಣೆ ನಡೆಯುವುದಾದರೆ. ಸಾಮಾನ್ಯ ಜ್ಞಾನವು ಮಾರಾಟವಾಗಿದೆಯೇ? ಇನ್ನೂ ಅಭ್ಯರ್ಥಿ,angry,kn
ಜಿಲ್ಲಾ ಬ್ಯಾಂಕ್ ಚುನಾವಣೆಯಲ್ಲಿ ಸೋತರು ಎಂದು ಯಾರು ಹೇಳುತ್ತಿದ್ದಾರೆ?,angry,kn
ಬೆಲ್ ಆಕಾರದ ಪರಿಣಾಮ. ಈ ಮೊದಲು ಹಲವು ದೇಶಗಳು ಸಾಕಷ್ಟು ನೀಡಿವೆ.,neutral,kn
"ಓಹ್, ನಾನು ಸಂದೀಪ್ ಲಾಚಾರ್..",angry,kn
"ಏನು ವಿಷಯ, ನೀವು ಕಮಲಿಯನ್ನು ಮರುಳು ಮಾಡಲು ಪ್ರಯತ್ನಿಸುತ್ತಿದ್ದೀರಾ? ಮರಾಠಿ ( ? ) ಅರ್ನು.",angry,kn
ಮಹಾರಾಷ್ಟ್ರದ ಜನರು ನಿಮ್ಮ ಭಾಷೆಯನ್ನು ನೋಡಿದ್ದಾರೆ ಆದ್ದರಿಂದ ಸಲಹೆ ನೀಡಬೇಡಿ,angry,kn
ಬಿಜೆಪಿ ಮತ್ತು ದೇಶದ್ರೋಹಿಗಳ ಪರಮಾವಧಿ. ಲಂಚ ಕೇಳುವ ದೂರು ಬಂದರೆ ಏನು ಮಾಡಬೇಕು.,angry,kn
ರಾಹುಲ್ ನಮ್ಮ ಪಕ್ಷದಲ್ಲಿದ್ದಾರಾ?,angry,kn
ಅಂತಹವರು ಮಾತ್ರ ಪಕ್ಷವನ್ನು ನಡೆಸುತ್ತಾರೆ! ಪ್ರಜಾಪ್ರಭುತ್ವ ಇಲ್ಲ!!,angry,kn
"ಫೋಟೋವನ್ನು ಇರಿಸಿ ಆದರೆ ಬಿಟ್ಟುಕೊಡಬೇಡಿ, ಮೊಣಕಾಲುಗಳಲ್ಲಿ ಮಿದುಳುಗಳನ್ನು ಹೊಂದಿರುವ ಪೆಂಗ್ವಿನ್ಗಳು?",angry,kn
ಮಾತನಾಡುವುದು ಒಂದು ಮಾಡುವುದು ಇನ್ನೊಂದು...,angry,kn
ನೀನು ಹೇಳುವುದು ನಿನ್ನ ತಂದೆಯ ಸಂಪತ್ತೇ? ಈಗ ಬಿಡಿ,angry,kn
ಹೀಗೆ ಹೇಳಿದ ಮೇಲೆ ಶ್ರಾದ್ಧ ಮಾಡುವ ಸಮಯ ಬಂದಿತು.,sad,kn
ನಿಮ್ಮ ಸರ್ಕಾರವೂ ಸಿಕ್ಕಿಹಾಕಿಕೊಂಡಿದೆ. ಮತ್ತು ಅತುಲ್ ಜಿ ತಕ್ಷಣವೇ ಬರುತ್ತಾರೆ.,sad,kn
"ಆ ಪುಟ್ಟ ಬಂದೂಕ್ ಕೆಟ್ಟದಾ, ಇಷ್ಟು ಮಾತಾಡ್ತಾನೆ...??",angry,kn
ಇದು ನ್ಯೂನತೆಯಾಗಿ ಹೊರಹೊಮ್ಮಿತು,angry,kn
"ಈ ಪೋಸ್ಟ್‌ನಲ್ಲಿ ನಿಮ್ಮ ವಿಳಾಸವನ್ನು ಸಹ ಅಳಿಸಲಾಗಿದೆ, ಮೊದಲು ನೀವು ಅಲ್ಲಿ ವಾಸಿಸುತ್ತಿದ್ದೀರಾ ಅಥವಾ ಇಲ್ಲವೇ ಎಂಬುದನ್ನು ಪರಿಶೀಲಿಸಿ",angry,kn
ಪ್ರಜಾಸತ್ತಾತ್ಮಕವಾಗಿ ಚುನಾಯಿತರಾದವರು...ಬೆರಳುಗಳ ಮೇಲೆ/ತೆರೆಮರೆಯಲ್ಲಿ/ಹಿಂಬಾಗಿಲು/ಮತಗಳ ಮೇಲೆ ಉಗುಳುವುದರಿಂದ ಅಲ್ಲ.,happy,kn
ಪುಣೆಯಲ್ಲಿ ರಸ್ತೆಗಳಿವೆಯೇ?,angry,kn
"ಚಿಕ್ಕಪ್ಪ ಮತ್ತು ಸೋದರಳಿಯನನ್ನು ಸಹ ಆಹ್ವಾನಿಸುವುದಿಲ್ಲ, ಆದ್ದರಿಂದ ಮೊಮ್ಮಗನ ಹೊಟ್ಟೆ ಉಬ್ಬುತ್ತದೆ.",sad,kn
ಹಾಂ ಇದು ಅಪೂರ್ಣ ಎನಿಸುತ್ತಿದೆ.,sad,kn
ಮೆಹಬೂಬಾ ಮುಫ್ತಿ ಜೊತೆಗಿನ ಮೈತ್ರಿಯಲ್ಲಿ ಕತ್ತೆ ಹುಲ್ಲು ತಿಂದಿದೆಯೇ?,angry,kn
ಬಾಪು ಅವರು ಐನೂರು ಮತಗಳಿಂದ ಆಯ್ಕೆಯಾದವರು ಎಂಬುದನ್ನು ಕೆಲವೊಮ್ಮೆ ಮರೆತುಬಿಡುತ್ತಾರೆ,angry,kn
ಅವನು ತನ್ನ ಬಾಸ್ ಬಗ್ಗೆ ಕಾಳಜಿ ವಹಿಸುವ ಮೂರ್ಖ.,angry,kn
"ಅರೇ, ಇವನು ತನ್ನ ಯಜಮಾನನನ್ನು ಹೆದರಿಸಿದ ಬ್ರಿಜಭೂಷಣನೇ?",happy,kn
ನಾನು ಈಗ ನಿರ್ಬಂಧಿಸಲು ಆಯಾಸಗೊಂಡಿದ್ದೇನೆ,angry,kn
'ದುರ್ಬಲ ಸೋಲು' ಎಂಬ ಪದವು ತಪ್ಪು ಹೆಸರು ಎಂದು ತೋರುತ್ತದೆ. ಇಲ್ಲಿಯವರೆಗೆ ಖರ್ಗೆ ಅವರ ಗೆಲುವು ಸಮರ್ಥನೀಯವಾಗಿತ್ತು.,neutral,kn
"ಓಹ್, ದೀಪಾವಳಿಯವರೆಗೆ ಹೆಚ್ಚಿನ ಜನರು ಈ ಮಳೆಗಾಗಿ ಕಾಯುತ್ತಾರೆ ...",sad,kn
. ಏಕೆಂದರೆ ಹಿಂದೂಗಳನ್ನು ದ್ವೇಷಿಸಲು ಈಗಾಗಲೇ ನಿರ್ಧರಿಸಲಾಗಿದೆ,angry,kn
"ಇದನ್ನು ಕೇಳಿದ ನಂತರ ನನ್ನ ಕಿವಿಯೋಲೆಗಳು ಸಿಡಿದವು, ಸಹೋದರ.",happy,kn
"ಮುಚ್ಚಿದ ಶಾಲೆ ತೆರೆಯಲು ‘ಕಚೇರಿ ತೆಗೆದುಕೊಳ್ಳಿ, ಮೇಕೆ ಕೊಡಿ’ ಚಳವಳಿ",angry,kn
ಬಾಳಾ ಸಾಹೇಬರ ಹೆಸರು ಹೇಳಲು ದೇಶದ್ರೋಹಿಗಳು ಯೋಗ್ಯರಲ್ಲ.,angry,kn
ಈಗ ಮನೆಯಲ್ಲಿ ಕುಳಿತು ಅಥವಾ ಅಳಲು ಮತ್ತು ಕನಿಷ್ಠ ಸಹಾನುಭೂತಿ ನಿರೀಕ್ಷಿಸಿ,sad,kn
ಲಯ ಸಂಕೀರ್ಣ ರಾವ್...,sad,kn
ನೀವು ಗುಜರಾತಿ ಅಥವಾ ಹೈಬ್ರಿಡ್ ಪ್ರಾಣಿಯೇ?,angry,kn
ಮಹಾಶಕ್ತಿಯ ಬೆಂಕಿ ಉಗುಳುವ ಸೂರ್ಯನನ್ನು ಈಗ ಇಡಿ ನೇತಾಡುವ ಕತ್ತಿಯಿಂದ ಬದಲಾಯಿಸಲಾಗಿದೆ.,angry,kn
"ಮತ್ತು ಸಮಾನ ಮನಸ್ಕರನ್ನು ನಾವು ಕಾಣದಿದ್ದರೆ, ಅದು ಪ್ರಪಂಚದ 'ಮಣ್ಣು' ಆಗುತ್ತದೆ...",sad,kn
"ಕಾಂಗ್ರೆಸ್‌ನ ನೂತನ ಅಧ್ಯಕ್ಷ ಮಲ್ಲಿಕಾರ್ಜುನ್‌ಗೆ ‘ಈ’ ಖಾಯಿಲೆ, ಶಸ್ತ್ರ ಚಿಕಿತ್ಸೆಯೇ ಆಗದಿರುವಷ್ಟು ನೋವು!",angry,kn
MH ಗೆ ನೀವು ಯಾರೆಂದು ತಿಳಿದಿಲ್ಲ ಮತ್ತು ನೀವು ಹೇಳುತ್ತಿರುವುದನ್ನು ಸ್ವೀಕರಿಸುವುದಿಲ್ಲ,angry,kn
ಈ ವಾಕ್ಯ ಕೇಳಿ ನೀರಜ್ ಚೋಪ್ರಾ ಭಯಗೊಂಡಿರಬೇಕು. ಈಗ ಅವರ ವೃತ್ತಿಜೀವನ ಅಪಾಯದಲ್ಲಿದೆ.,fear,kn
ವಿಷಯದ ಅಂತ್ಯ ... ಮಾರುಕಟ್ಟೆ ಹೆಚ್ಚಾಗಿದೆ ಎಂದು ಭಾವಿಸೋಣ ...,neutral,kn
"ಯಾವುದೇ ಆಯ್ಕೆ ಇಲ್ಲ, ಅವರು ಬಲವಂತವಾಗಿ ಚಪ್ಪಾಳೆ ತಟ್ಟುತ್ತಾರೆ",sad,kn
"ಇದು ನಾಯಿಯ ಸಾಮರ್ಥ್ಯವನ್ನು ಆಧರಿಸಿಲ್ಲ, ಆದರೆ ತಳಿಯ ಮೇಲೆ",angry,kn
ಈ ಗ್ರಾಮಕ್ಕೆ ಈಗಾಗಲೇ ಭೂಕಂಪದ ಆಘಾತಗಳು ತಟ್ಟಿವೆ!,happy,kn
ಬೆಲ್ಸ್ ಸಹೋದರನ ಬಗ್ಗೆ ನಿಮಗೆ ಸಾಕಷ್ಟು ಉತ್ಸಾಹ ಮತ್ತು ಜ್ಞಾನವಿದೆ,neutral,kn
ಅತ್ಯಂತ ದುಃಖಕರ ವಿಷಯವೆಂದರೆ ಒಂಟಿತನ,sad,kn
"ಏನಾಯಿತು ಅಥವಾ ಏನಾಗಬಹುದು ಎಂಬ ಚಿಂತೆ ಹೃದಯದ ನೋವನ್ನು ಹೆಚ್ಚಿಸುತ್ತದೆ, ಆತ್ಮವಿಶ್ವಾಸವಲ್ಲ.",sad,kn
ಇದು ಯಾವುದೋ ಮಹಾಶಕ್ತಿಯ ಕೈವಾಡವಂತೆ ಭಾಸವಾಗುತ್ತಿದೆ,happy,kn
ಭಕ್ತರಿಗೆ ಮತ್ತು ಅವರ ತಂದೆಗೆ ಈಗ ತಿಳಿದಿದೆಯೇ????,happy,kn
ಪ್ರಾಣಿಯಿಂದ ಮಾನವನ ಹರಡುವಿಕೆ ಮತ್ತು ಎರಡೂ ಹೆಚ್ಚಾಗಿದೆ!!!,happy,kn
‘ನಾವು ಕಡಿಮೆ ಬೆಲೆಗೆ ಪೆಟ್ರೋಲ್ ಮಾರಾಟ ಮಾಡುತ್ತೇವೆ’ ಎಂಬ ಫಲಕ ಹಾಕಿ ಪೆಟ್ರೋಲ್ ಪಂಪ್ ಬಂದ್ ಮಾಡಿ ಹೊರಟು ಹೋದರು.,angry,kn
ಗುಂಡುಗಳು ಮುಗಿದು ಹೋಗಿವೆಯೇ...ನವನೀತ್ ರಾಣಾ ಅವರ ಹೆಸರನ್ನು ನೇರವಾಗಿ ಸೇರಿಸಬೇಕು...ಇದರಲ್ಲಿ ಭಯಪಡಬೇಕಾದ್ದೇನು?,angry,kn
ನಿದ್ದೆಯಲ್ಲೂ ಠಾಕ್ರೆಯನ್ನು ನೋಡುವಷ್ಟು ಠಾಕ್ರೆ ಏಕೆ ಹೆದರುತ್ತಾರೆ?,fear,kn
ನಿಮ್ಮ ಭಾವನೆಗಳಿಗೆ ನೋವುಂಟುಮಾಡಿದರೆ ಏನು ತಿನ್ನಬೇಕು ಎಂಬ ಪ್ರಶ್ನೆ,angry,kn
ಏನ್ ಚಿಕ್ಕಮ್ಮ ನಿಮ್ಮ ಚಿಕ್ಕಮ್ಮನ ಮರಿ ಇಷ್ಟು ಚಿಕ್ಕದಾಗಿದೆ..!!,angry,kn
ತನ್ನ ಚಿತ್ರಹಿಂಸೆಯ ಅಪರಾಧವನ್ನು ಹಿಂದಕ್ಕೆ ತೆಗೆದುಕೊಳ್ಳಲು ಒಬ್ಬ ವ್ಯಕ್ತಿಯನ್ನು ಕೆಟ್ಟದಾಗಿ ಥಳಿಸಲಾಯಿತು,angry,kn
"ಎಲ್ಲರೂ ಉತ್ಸಾಹ ಮತ್ತು ನಂಬಿಕೆಯಿಂದ ತುಂಬಿರುತ್ತಾರೆ, ಆದರೆ ಒಳಗೆ ನಿರುದ್ಯೋಗದ ಭಯವೂ ಇದೆ.",fear,kn
"ಇದು ಬೇರೇನೂ ಅಲ್ಲ, ಕೆಲವು ಹೆಂಡತಿಯರು ತಮ್ಮ ಭ್ರಷ್ಟ ಗಂಡನನ್ನು ಉಳಿಸಲು ಪಕ್ಷಗಳನ್ನು ಬದಲಾಯಿಸುತ್ತಾರೆ.",angry,kn
"ಆರ್‌ಎಸ್‌ಎಸ್ ಒಂದು ಹುಳು ಮತ್ತು ಅದನ್ನು ಸಂಪೂರ್ಣವಾಗಿ ನಾಶಪಡಿಸಬೇಕು, ಐಟಿಐ ಸರ್.",angry,kn
"ಆಗ ಅತುಲ್ ಜೀ ಹೇಳುತ್ತಿದ್ದರು, ನಮಗೆ ಪ್ರತ್ಯೇಕ ಪಕ್ಷದ ನಾಯಕ ಮತ್ತು ಮುಖ್ಯಮಂತ್ರಿ ಬೇಕು... ಹಾಗಾದರೆ ಈಗ ಏನು ಸಮಸ್ಯೆ...",angry,kn
ಏಕೆಂದರೆ ಈ ಆಲೋಚನೆ ಬರುವುದು ಸಂಘಿ ಭಾದವರ ಮನಸ್ಸಿನಲ್ಲಿ ಮಾತ್ರ.,angry,kn
ನಿಮ್ಮಂತಹ ವಂಚಕರನ್ನು (ಬಿಜೆಪಿ) ನಂಬುವುದಕ್ಕಿಂತ ನ್ಯಾಯದ ದೇವರನ್ನು ನಂಬುವುದು ಎಂದಿಗೂ ಉತ್ತಮವಲ್ಲ ಎಂದು ದೇಶದ್ರೋಹಿಗಳು ತಡವಾಗಿ ಕಲಿತರು!!!!,angry,kn
ಇದು ಒತ್ತಾಯ ಮತ್ತು ಒತ್ತಡವೇ????,sad,kn
ಮತ್ತೊಬ್ಬ ಭವಿಷ್ಯದ ಪ್ರಧಾನಿ ಸಿಕ್ಕರು ಮತ್ತು ಜನರು ಬೆಸ್ ಶೆಯಾಮ್ ಅನ್ನು ಮರೆತಿದ್ದಾರೆ.,angry,kn
ನಿಮ್ಮ ಮಿತ್ರರೆಲ್ಲ ನಿಮ್ಮನ್ನು ಕೈಬಿಟ್ಟಿರುವ ನಿಮ್ಮ ಹಿಂದುತ್ವ ಏಕೆ?,angry,kn
"ಉಳಿದ ಸೈನ್ಯದಲ್ಲಿ ಒಬ್ಬನೇ ಪಪ್ಪು ಇದ್ದಾನೆ ಎಂದುಕೊಂಡೆ... ಇಲ್ಲಿ ಅವನ ""ತಂದೆ"" ಕೂಡ ಮತ್ತೊಬ್ಬನಾಗಿ ಹೊರಹೊಮ್ಮಿದ...",angry,kn
ಬಾಳಾಸಾಹೇಬರ ಹೆಸರು ಹೇಳಿಕೊಳ್ಳಲು ಬಿಜೆಪಿಗೆ ಅರ್ಹತೆ ಇಲ್ಲ,angry,kn
ಇದರರ್ಥ ಭಾರತದಲ್ಲಿ ನಿರುದ್ಯೋಗ ಎಂದಲ್ಲ ಆದರೆ ಭಾರತೀಯರು ನಿರುದ್ಯೋಗಿಗಳಾಗಿದ್ದಾರೆ.,angry,kn
ಈಗ ಈ ಬಿಕ್ಕಟ್ಟಿನ ಸಮಯದಲ್ಲಿ ಹನುಮಾನ್ ಚಾಲೀಸಾವನ್ನು ಪಠಿಸಲಾಗುವುದು.,neutral,kn
ಬಾಳಾಸಾಹೇಬರಿಗೆ ನಪುಂಸಕರು ಯಾರೆಂದು ಮೊದಲೇ ತಿಳಿದಿತ್ತು,happy,kn
ಏರ್ ಇಂಡಿಯಾ ಗುಜರಾತ್‌ಗೆ ಹೋಗಿ ಆಟಿಕೆ ಬಸ್ ಅನ್ನು ಹಸ್ತಾಂತರಿಸಿದ್ದು ದಿನವನ್ನು ಉತ್ತಮಗೊಳಿಸಿತು,angry,kn
ಬಡ ಹುಡುಗಿಯನ್ನು ಅವರವರೇ ಅಮಾನತು ಮಾಡಿದರು... ಮೋತಿ ಮೂಗಿಗಿಂತ ಭಾರವಾಗುತ್ತಿದ್ದಳು...,sad,kn
ವಾಗ್ಲ್ಯನ ಡಿಂಗಿ ಅಡಿಯಲ್ಲಿ ಮೆಣಸಿನಕಾಯಿ ಇರುತ್ತದೆ ಎಂಬ ಉತ್ತರವನ್ನು ಓದಲು ಬಂದಿತು.,angry,kn
"ಮುಂಗಾರು ಮಳೆ ಬಂದರೆ ಹಾವು ಹೊಂಡದಿಂದ ಹೊರಬರುತ್ತದೆ, ಚುನಾವಣೆ ಬಂದಾಗ ನಾಯಕರು ಹಳ್ಳದಿಂದ ಹೊರಬರುತ್ತಾರೆ.",angry,kn
ನೀವು ಯಾವಾಗ ಎಚ್ಚರಗೊಳ್ಳುವಿರಿ?,angry,kn
ಅವರು ಸಾವರ್ಕರ್ ಅವರನ್ನು ದೇಶದ್ರೋಹಿ ಎಂದು ಕರೆದರು. ಇದು ನಿಜವೇ?,happy,kn
"ಎತ್ತಿನ ಗಾಡಿಗೆ ಕಟ್ಟಿರುವ ಗೂಳಿಗಳಲ್ಲಿ ಒಂದು ತುಂಟತನ ತೋರಿದರೆ, ಉಳಿದವುಗಳಿಗೆ ವಿಪರೀತ ಕೋಪ ಬರುತ್ತದೆ.",sad,kn
ಮಾತಿನಲ್ಲಿ ಬ್ರಾಹ್ಮಣ ಜಾತಿಯ ಹೆಸರು ಎತ್ತಿದಾಗ ಅಭಿವ್ಯಕ್ತಿ ಮುಕ್ತವೇ?,angry,kn
ನಿಮ್ಮನ್ನು ಬಾಳಾಸಾಹೇಬ್ ಠಾಕ್ರೆಯೊಂದಿಗೆ ಹೋಲಿಸುವುದು ಸೂಕ್ತವೇ...,angry,kn
ಮೊದಲು ಬರುವುದನ್ನು ನೋಡಿಕೊಳ್ಳಿ. ರಾಜ್ಯದ ಬಗ್ಗೆ ಚಿಂತಿಸಬೇಡಿ,neutral,kn
ಜನರನ್ನು ಉತ್ಪ್ರೇಕ್ಷಿತ ರೂಪದಲ್ಲಿ ಪ್ರಸ್ತುತಪಡಿಸುವುದು ಮಾಧ್ಯಮದ ತಂತ್ರವಾಗಿದೆ.,angry,kn
ಈ ಸಗಣಿ ನಿರುಪಯುಕ್ತವಾಗಿದೆ.,angry,kn
"ಮನೆಯಲ್ಲಿ ಕುಳಿತುಕೊಳ್ಳಿ, ಮಿಂಡೆ ಗ್ರೂಪ್ ನಿಮ್ಮ ವಿಳಾಸವನ್ನು ಹ್ಯಾಕ್ ಮಾಡಲು ಹೊರಟಿದೆ.",angry,kn
ಇದು ಚುನಾವಣೆಯಲ್ಲ... ಇದು ಯುದ್ಧ... ಧರ್ಮಯುದ್ಧ... ಹಿಂದೆ ಸರಿಯುವುದಿಲ್ಲ...,angry,kn
ಇತರ ಜನರ ಮೇಲೆ ಸ್ನ್ಯಾಪ್ ಮಾಡುವುದು ಮತ್ತು ಸಂವಹನ ಮಾಡುವುದು ಸಹ ಪ್ರಯೋಜನಕಾರಿಯಲ್ಲ,angry,kn
ನೀವು ದಡ್ಡರೇ?,angry,kn
ಕನಿಷ್ಠ ಕತ್ತೆಗೆ ಸ್ವಲ್ಪ ಕೆಲಸವಿದೆ. ಇದು ಹಸಿವು ಮತ್ತು ಆಹಾರದ ಬಾಯಾರಿಕೆಯ ತೂಕ,neutral,kn
ಈಗ ಸಹಕಾರಿ ಸಂಘಗಳ ಚುನಾವಣೆಯ ಕದನ ಆರಂಭವಾಗಲಿದೆ,neutral,kn
ಆ ಆರು ಜಿಲ್ಲೆಗಳಲ್ಲಿ ಅರ್ಹರು ಇದ್ದಾರೆಯೇ?,neutral,kn
ಈಗ ನಾನಾ ಸಹ ಬದಿಯಲ್ಲಿರುತ್ತಾನೆ ... ಅವರು ಸಾಕಷ್ಟು ಮುನ್ನಡೆ ಸಾಧಿಸುತ್ತಿದ್ದರು.,sad,kn
ನೀವು ಸ್ವಲ್ಪ ದೀಪಗಳನ್ನು ಬೆಳಗಿಸಿ ಮುಂದಿನ ಎರಡು ವರ್ಷಗಳ ಕಾಲ ಠಾಕ್ರೆಯವರ ಹೆಸರನ್ನು ಜಪಿಸುತ್ತೀರಾ?,angry,kn
"ಸಹೋದರಿ, ನೀವು ನೆಗೆಯಲು ಸಾಧ್ಯವಿಲ್ಲ",angry,kn
ಹೀಗೆ ಹೇಳುವ ಮೂಲಕ ನೀವೇ ವ್ಯಭಿಚಾರಿ ಎಂದು ಬಹಿರಂಗಪಡಿಸಿದ್ದೀರಿ...,angry,kn
ಅದಕ್ಕಿಂತ ದುರದೃಷ್ಟಕರ ಸಂಗತಿಯೆಂದರೆ ಚಪ್ಪಾಳೆ ಕೂಡ ಇತ್ತು.,sad,kn
ಅವರು ಎಷ್ಟು ಸುಳ್ಳು ಹೇಳುತ್ತಾರೆ ನೋಡಿ. ನೀವು ಕನಿಷ್ಠ ಟ್ವೀಟ್ ಮಾಡಬೇಕು,angry,kn
ಮೊದಲು ತಂದೆಗೆ ತೋರಿಸದಿದ್ದರೆ ಆ ಹುಡುಗನಿಗೆ ಶ್ರಾದ್ಧ ಮಾಡಲು ಹೇಳು.,angry,kn
ಬಜಾರ್ ಜನತಾ ಪಕ್ಷದ ನಾಯಕರು ಯಾಕೆ ಒಳ್ಳೆಯವರು?,angry,kn
"ಅಷ್ಟೇ ಅಲ್ಲ, ಪಕ್ಷಪಾತವೂ ಆಗಿದೆ",angry,kn
ಈಗ ಇದು ಏನು? ತುಂಬಾ ನಿರಾಶೆ ?? ಇನ್ನೂ ಜನರೊಂದಿಗೆ ಮಾತನಾಡುತ್ತಿದ್ದಾರೆ. ಸ್ವಲ್ಪ ಚಿಕಿತ್ಸೆ ಪಡೆಯಿರಿ.,sad,kn
ಈ ಜನರು ತಮ್ಮ ಸಾಮಾನ್ಯ ಜ್ಞಾನವನ್ನು ಅಡಮಾನವಿಟ್ಟಿದ್ದಾರೆಯೇ? ಜನರು ಮೂರ್ಖರು ಎಂದು ನೀವು ಭಾವಿಸುತ್ತೀರಾ?,angry,kn
"ದಂಡಾ ತೈ, ನಿಮ್ಮ ಚಿತ್ರವು ಬೆಕ್ಕಿನಂತಾಗುತ್ತದೆ.",angry,kn
"ಶಿವಸೇನಾ ಪಕ್ಷದ ಮುಖ್ಯಸ್ಥ ಶ್ರೀ ಉದ್ಧವ್ ಬಾಳಾಸಾಹೇಬ್ ಠಾಕ್ರೆ ಅವರು ತಮ್ಮ ತಂದೆಯವರಲ್ಲ, ಬೇರೆಯವರ",angry,kn
ಸದ್ಯ ಅವರು ಮುನ್ನಡೆಯಲ್ಲಿದ್ದಾರೆ. ನಿರ್ಗುಡ್ಕರ್ ನಿವೃತ್ತರಾದರು ಮತ್ತು ಅವರೊಂದಿಗೆ ಬೆಲೆಯೂ ಹೋಯಿತು.,angry,kn
"ವಾಸ್ತವವಾಗಿ, ಈ ಹೇಳಿಕೆಯಿಂದಾಗಿ ರಾಜ್ಯದ ಗೃಹ ಸಚಿವರೊಬ್ಬರು ರಾಜೀನಾಮೆ ನೀಡಬೇಕಾಯಿತು.",angry,kn
ಈ ಬಾರಾಮತಿಯ ಗೂರ್ಖಾ ಯಾರು ಅಥವಾ ಈ ಕುರುಬನು ಯಾವಾಗ ಬೆತ್ತಲೆಯಾಗಿ ಓಡುತ್ತಾನೆ?,angry,kn
"ಮೇಡಂ, ನೀವು ಸೇರಿದಂತೆ ಎಲ್ಲಾ ಭಾರತೀಯರು ಮೂರ್ಖರು ಎಂದು ಹೇಳುವ ನಿಮ್ಮ ಕಲೆ ಶ್ಲಾಘನೀಯ",angry,kn
ಬಾಂಧವ್ಯ ಮತ್ತು ಬಾಂಧವ್ಯ ಎರಡು ಸ್ಥಿತಿಗಳು!,neutral,kn
ಹೆಚ್ಚಿನ ಪ್ರಶಸ್ತಿಗಳನ್ನು ಬಟ್ಟೆಗಳನ್ನು ತೆಗೆದಿದ್ದಕ್ಕಾಗಿ ನೀಡಲಾಯಿತು,angry,kn
ಕಪ್‌ಗಳು ತಪ್ಪಾಗಿದೆ ಎಂದು ಹೇಳಲಾಗುತ್ತದೆ ... ಮತ್ತು ಲೋಗೋ ಹೋಗಿದೆ ಎಂದು ಹೇಳಲಾಗುತ್ತದೆ,angry,kn
ಗುಲಾಮರು ಮತ್ತೆ ಗುಲಾಮ ಅಧ್ಯಕ್ಷರನ್ನು ಆಯ್ಕೆ ಮಾಡಿದರು ... ಆದ್ದರಿಂದ ಅಧ್ಯಕ್ಷರು ಬದಲಾದರು ಮತ್ತು ಯಜಮಾನನಲ್ಲ.,angry,kn
"ಚೆನ್ನಾಗಿ ಬರೆದಿದ್ದೀರಿ, ಇದು ಕೇವಲ ಸಹಾನುಭೂತಿ ಮತಕ್ಕಾಗಿ ನಾಟಕವಾಗಿದೆ.",angry,kn
"ರೈತ ತಂದೆಗೆ ಯಾವಾಗಲೂ ಒಂದೇ ""ದ್ವಿಗುಣ"" ಏಕೆ ಗೊತ್ತು?",sad,kn
ಅವನಿಗೆ ಸರಿಯಾಗಿ ಮಾತನಾಡಲೂ ಬರುವುದಿಲ್ಲ.,sad,kn
"ಹಾಗಾಗಿ ಈಗ ಮಹಾರಾಷ್ಟ್ರ ಎಂದರೆ ಅಮರಾಠಿ, ಹಿಂದಿ ಮಾತನಾಡುತ್ತಾರೆ. ನಮ್ಮ ಬೆನ್ನಿನ ಮೇಲೆ ಕುಳಿತುಕೊಳ್ಳಿ",angry,kn
ನಾನು ಜಾಣನಲ್ಲ...ನೀನು ಮೂರ್ಖ,angry,kn
ಈ ಸಚಿವಾಲಯವನ್ನು ಹೊರತುಪಡಿಸಿ ಎಲ್ಲವನ್ನೂ ತೆಗೆದುಹಾಕಿ. ಬಡವರ ಹಣ ತಿಂದು ಬೆಳೆದವನು ಈ ಬಿಲ್ಡರ್,angry,kn
ಹೊಸ CDS ನ ನೇಮಕಾತಿಯು ಸಂವಿಧಾನಕ್ಕೆ ಅನುಗುಣವಾಗಿಲ್ಲ - ಸಂವಿಧಾನೇತರ ಕಾಯಿದೆ,angry,kn
ಉಳಿತಾಯ ಖಾತೆಗಳನ್ನು ಮುಚ್ಚಲು ಬ್ಯಾಂಕ್‌ಗಳು ಶುಲ್ಕ ವಿಧಿಸುತ್ತವೆ. ಇದು ಸರಿಯೇ?,angry,kn
ಈ ಅಂಟಿಕೊಂಡಿರುವ ಮಗು ಎಲ್ಲಿಂದ ಬಂದಿದೆ ಎಂದು ಹೇಳಿ ಮತ್ತು ಮೊದಲು ನೀವೇ ತೊಳೆಯಿರಿ,angry,kn
ಥೋರಟ್ ಚವಾಣ್ ದೇಶಮುಖ್ ಅವರಿಗೆ ಈಗ ಬೆಲೆ ಇಲ್ಲ,angry,kn
"ಒಬ್ಬರು ಕೇಳಿದರು, ನಿಮ್ಮ ರಾಜ್ಯದ ಮುಖ್ಯಮಂತ್ರಿಯ ಹೆಸರೇನು? ಹೇಳಲು ಆಗದಿದ್ದರೆ ಮೋದಿ ಹೇಳಿದರು",angry,kn
ಹಸಿವು ಮತ್ತು ಹಸಿವು ನಿಮಗೆ ಹಸಿವನ್ನುಂಟು ಮಾಡಿದೆ,angry,kn
ವ್ಯಕ್ತಿಯ ಆರಾಧನೆಯು ದೇಶದ ಘನತೆಗಿಂತ ದೊಡ್ಡದಾಗಿರುವ ಆ ಸ್ತೋತ್ರವು ಧನ್ಯವಾಗಿದೆ.,angry,kn
"ಇಂದು ಮರಾಠಿ ಪುಲ್ಕಾವನ್ನು ಇಂಗ್ಲಿಷ್‌ನಲ್ಲಿ ತರುತ್ತಿರುವ ಪತ್ರ ವೈರಲ್ ಆಗಬಹುದು, ತಮಾಷೆ ಅಲ್ಲವೇ?",angry,kn
ಮೆಂತ್ಯದಿಂದ ಹೊರಬರುವ ಉಪ್ಪು ಇದೇ ಆದರೆ ನೋವನ್ನು ಕಡಿಮೆ ಮಾಡಲು ಯಾವುದೇ ಪ್ರಯತ್ನವನ್ನು ಮಾಡುವುದಿಲ್ಲ.,sad,kn
"ಅಮೆರಿಕ, ರಷ್ಯಾ ಮತ್ತು ಚೀನಾ ಮೂರು ದೇಶಗಳ ದೈತ್ಯಾಕಾರದ ಮಹತ್ವಾಕಾಂಕ್ಷೆಗಳು ಜಗತ್ತನ್ನು ವಿನಾಶದತ್ತ ಕೊಂಡೊಯ್ಯುತ್ತವೆ.",fear,kn
ಸದ್ಯಕ್ಕೆ ಈ ಕಾಮಗಾರಿ ಎಷ್ಟರಮಟ್ಟಿಗೆ ತಲುಪಲಿದೆ ಎಂಬ ಸುದ್ದಿ ಇಲ್ಲ.,neutral,kn
"ನಾಯಕನು ಅನೇಕರ ಚಮಚ, ಅವರ ಕೆಲಸಕ್ಕೆ ಅನೇಕರು ಅಡ್ಡಿಪಡಿಸುತ್ತಾರೆ.",angry,kn
ಏನೂ ತಿಳಿಯದ ಸಣ್ಣ ಶೆಬ್ದವನ್ನು ಶೆಂಬಡ್ ಎಂದು ಕರೆಯಬೇಕು. ಬೇರೆ ಆಯ್ಕೆ ಇಲ್ಲ.,angry,kn
ನಿಮ್ಮ ಸಿಂಕ್ ಏಕೆ ಬೆಂಕಿಯಲ್ಲಿದೆ?,angry,kn
ನಿಮ್ಮ ತಂದೆಗೆ ಎಷ್ಟು ಹುಂಜಗಳಿವೆ?,angry,kn
ಚೋಕನಾಥನನ್ನು ಅಪಹರಿಸುವುದೊಂದೇ ಬಾಕಿ,angry,kn
ನೀವು ದೇಹವನ್ನು ಪೋಷಿಸಲು ಸಾಧ್ಯವೇ?,angry,kn
ಚುನಾವಣೆ ಸಮೀಪಿಸುತ್ತಿರುವಂತೆಯೇ ಇಂತಹದ್ದೇ ಘಟನೆಗಳು ನಡೆಯುತ್ತಿವೆ.,neutral,kn
ಮಾತೋಶ್ರೀ ಬಳಿ ಹೋಗಿ ಕೇಳಿದರೆ ಅದು ನಿಜವಾಗಿಯೂ ಹರಿದಿದೆಯೇ?,angry,kn
"'ಅವನು' ತನ್ನ ಗೆಳತಿಗಾಗಿ ಅಂಗಡಿಗೆ ನುಗ್ಗಿ, ಅಂಗಡಿಯವನ ಮೇಲೆ ಚಾಕುವಿನಿಂದ ಹಲ್ಲೆ ಮಾಡಿ, ಔರಂಗಾಬಾದ್‌ನಲ್ಲಿ ಭೀತಿ ಸೃಷ್ಟಿಸಿದ",angry,kn
ಸ್ವತಂತ್ರ ಅಭ್ಯರ್ಥಿ ಆಯ್ಕೆಯಾದರೆ ಏನಾಗುತ್ತದೆ? ಏನೂ ಉಳಿಯುವುದಿಲ್ಲ @,fear,kn
ಆದರೆ ಇದು ರಾವ್ ಠಾಕ್ರೆಯವರ ಆಟವಾಗಿತ್ತು ಎಂದು ನಗುತ್ತಾ ಹೇಳುತ್ತಾಳೆ.,happy,kn
ಭಾರತವು ಈ ಹುಚ್ಚು ಚಿತ್ರಗಳಿಂದ ತುಂಬಿದೆ,angry,kn
ರಾಜಕೀಯಕ್ಕೆ ಬಂದ ನಂತರ ಏನು ಮಾಡಿದರು ಎಂಬುದನ್ನು ಗುರುತಿಸಲು ಸಾಧ್ಯವಾಗುತ್ತಿಲ್ಲ,neutral,kn
ಕರೋನಾ ಭವಿಷ್ಯ ನಿಜವಾದ ನಂತರ ಮಹಂತ್ ಭಯಾನಕ ಭವಿಷ್ಯ ನುಡಿದಿದ್ದಾರೆ,fear,kn
"ಆದರೆ, ಮರಾಠಿ ಕಲಾವಿದರು ಸುಮ್ಮನಿದ್ದಾರೆ. ವೀಳ್ಯದೆಲೆಯ ಬಗ್ಗೆ ಏನು?",angry,kn
ಘೋಷಣೆ ಕೂಗಿದಾಗ ಪೊಲೀಸ್ ಆಡಳಿತ ಏನು ಮಾಡುತ್ತಿತ್ತು...! ಮನೆಯ ಕೆಲಸಗಳು ಸರಿಯಾಗಿ ನಡೆಯದಿದ್ದರೆ ಅದನ್ನು ಬಿಟ್ಟುಬಿಡಿ,angry,kn
ನೋಟಿಸ್ ಬಂದ ತಕ್ಷಣ ನಿಮ್ಮ ಬಾಸ್ ಗಾಬರಿಯಾದರು,fear,kn
"ನ್ಯಾಯಾಲಯದ ತೀರ್ಪು ಬಂದಿದೆ, ಯಾರನ್ನು ಮರುಳು ಮಾಡುತ್ತಿದ್ದೀರಿ????",angry,kn
ಪ್ರತಿ ನಿಮಿಷಕ್ಕೂ ತಡವಾಗಿ ಓಡುವ ಪರಿಸ್ಥಿತಿ ನಿರ್ಮಾಣವಾಗಿದೆ.,neutral,kn
ಅದನ್ನು ಒಡೆಯುವ ಕೆಲಸ ಮಾತ್ರ ಮೋದಿ ಮಾಡಿದರು.,angry,kn
ಎರಡು ಮಕ್ಕಳ ನಾಯಿ ಮರಿಗಳನ್ನು ತೆಗೆದುಕೊಂಡು ಹೋಗಿ ಒಂದೂವರೆ ಕಿಲೋ ಚಿನ್ನಾಭರಣ ಸೇರಿ ಕೋಟ್ಯಂತರ ರೂಪಾಯಿ ದೋಚಿದ್ದಾರೆ.,angry,kn
ನೀವು ನಿಮ್ಮ ಕೆಲಸವನ್ನು ಕಳೆದುಕೊಳ್ಳುತ್ತೀರಿ ಮತ್ತು ಚುನಾವಣೆಯಲ್ಲಿ ಗೆಲ್ಲಲು ಸಾಧ್ಯವಾಗುವುದಿಲ್ಲ. ಅದನ್ನು ಬರೆಯಿರಿ,sad,kn
ಅಂತಹವರು ಯಾವ ಪಕ್ಷದವರಾಗಿದ್ದರೂ ಹಿಂದೂ ದ್ವೇಷಿಗಳು.,angry,kn
ನಮಸ್ಕಾರ ಸ್ನೇಹಿತರೇ...ವೀಡಿಯೋ ನೋಡಿದ್ದೀರಾ??,neutral,kn
ಕುಂಭಕರ್ಣನ ನಿದ್ದೆಯಲ್ಲಿ ಮಲಗಿರುವ ಸರಕಾರಗಳು ಎಚ್ಚೆತ್ತುಕೊಳ್ಳಬೇಕು. ಒಂದಲ್ಲ ಒಂದು ದಿನ ನಿರುದ್ಯೋಗಿಗಳು ಬೀದಿ ಪಾಲಾಗಬೇಕಾಗುತ್ತದೆ.,angry,kn
ತಾಡಿಪಾರ್ ಮತ್ತು ಫೇಕು ಹೊಲಗಳನ್ನು ಕಿತ್ತು ಹಾಕುತ್ತಿದ್ದಾರಾ...?,angry,kn
ನಿಮ್ಮ ಅನುಯಾಯಿಗಳ ಕೊರತೆಯ ಬಗ್ಗೆ ಅನೇಕ ಜನರು ದೂರು ನೀಡಿರಬಹುದು.,neutral,kn
ಒಂದೇ ಒಂದು ಕೆಲಸವನ್ನು ಮಾಡಿಲ್ಲ,neutral,kn
"ಈ ಮಳೆ ರೈತರಿಗೆ ಒಳ್ಳೆಯದಲ್ಲ, ಜನರು ಅನಾರೋಗ್ಯಕ್ಕೆ ತುತ್ತಾಗುತ್ತಿದ್ದಾರೆ",sad,kn
ಹಾಗಾದರೆ ತೆಲಗಿಯ ಫೋಟೋ ಹಾಕಬೇಕಾ????,angry,kn
ಭ್ರಷ್ಟ ಸರ್ಕಾರದ ವಿರುದ್ಧದ ಹೋರಾಟ ನಿರುದ್ಯೋಗದ ಹೊರೆಯನ್ನು ಹೊತ್ತಿದೆ.,sad,kn
"ಹೋಳಿ ಹಬ್ಬದಂದು ಗೂಂಡಾಗಿರಿ, ಹೋಳಿಕಾ ದಹನಕ್ಕೆ ಗೋಮೂತ್ರ ಎಸೆದ ವಿವಾದ, ಮೂವರ ಮೇಲೆ ಗುಂಡಿನ ದಾಳಿ... ./-/...",angry,kn
ಪವಾರ್‌ಗೆ ಆತ್ಮವನ್ನು ಅಡಮಾನವಿಟ್ಟಿದ್ದರೆ ಆತ್ಮಾವಲೋಕನವಾಗುವುದಾದರೂ ಹೇಗೆ?,sad,kn
ಹೇ ಸರ್ ಈ ವಿಚಾರದಲ್ಲಿ ಬೊಗಳಬೇಡಿ ಎಂದರು,angry,kn
ಖಂಡಿತ...ಮನೆ ಒಡೆಯುವವರೆಗೂ ಇದು ಸಾಧ್ಯವಿಲ್ಲ...ಇನ್ನೂ ಪುಲ್ವಾಮಾ ಹತ್ಯಾಕಾಂಡದ ಸತ್ಯ ಹೊರಬಿದ್ದಿಲ್ಲ.,angry,kn
"ನಾನು ಎಂದಿಗೂ ಕೇಳುವುದಿಲ್ಲ, ಏಕೆಂದರೆ ... ನಾನು 'ಉತ್ತರ'ಕ್ಕೆ ಹೆದರುತ್ತೇನೆ.",fear,kn
ಮರಾಠಿ ಮಾಧ್ಯಮವು ಪರ್ಯಾಯ ಕೋನ ಎಂದು ಪ್ರಜ್ಞಾವಂತರಿಗೆ ಹೇಳಲು ಪ್ರಾರಂಭಿಸಬೇಡಿ.,neutral,kn
"ಭಕ್ತರು ಕಾರ್ಯಪ್ರವೃತ್ತರಾಗಬೇಕು. ಇಲ್ಲ, BKC ಯ ಫ್ಲಾಪ್ ಶೋ ನಂತರ ಅದು ಇನ್ನೂ ಮುಂದಕ್ಕೆ ಹೋಗುತ್ತದೆ.",neutral,kn
ನಿಜವಾದ ರಿಕವರಿ ಗ್ಯಾಂಗ್ ಎಂದರೆ ಕೇಂದ್ರ ಸರ್ಕಾರ ಮತ್ತು ಹಣಕಾಸು ಸಚಿವಾಲಯ.,angry,kn
ನಗರಸಭೆ ಅಧಿಕಾರದಲ್ಲಿರುವಾಗಲೇ ಈ ಸಮಸ್ಯೆ ತಲೆದೋರಿರುವುದು ವಿಷಾದನೀಯ.,sad,kn
ಈಗ ಅವರಿಗೆ ಸಾಕಷ್ಟು ಬೆಂಬಲ ಸಿಗುತ್ತಿದೆ. ಗಡ್ಡ ತಿರುಗುವಿಕೆಗೂ ಇದಕ್ಕೂ ಏನಾದರೂ ಸಂಬಂಧವಿದೆಯೇ? ಅದರಲ್ಲಿ ಯಾವುದೇ ಸಂದೇಹವಿಲ್ಲ!,neutral,kn
ಇಸ್ರೋ ಭಾನುವಾರ ಯಶಸ್ವಿಯಾಗಿ ಉಡಾವಣೆ ಮಾಡಿದ ಎರಡು ಉಪಗ್ರಹಗಳು ಬಾಹ್ಯಾಕಾಶದಲ್ಲಿ ದಾರಿ ತಪ್ಪಿ ತಪ್ಪು ಕಕ್ಷೆ ಸೇರಿದವು!,happy,kn
ಒಟ್ಟಿನಲ್ಲಿ ಇದು ಧನುಷ್ಯ ಕೈ ತಪ್ಪಿದೆ ಎಂದು ಹೇಳುವ ಹತಾಶ ಪ್ರಯತ್ನ,sad,kn
ದೇಶದ್ರೋಹಿಗಳನ್ನು ಕ್ಷಮಿಸುವುದಿಲ್ಲ ಉದಯ್ ದೇಶದ್ರೋಹಿಗಳನ್ನು ಅನರ್ಹಗೊಳಿಸಲಾಗುವುದು,angry,kn
ಸರಕಾರದ ಈ ನಿರಂಕುಶ ದಂಧೆ ನಡೆಯುತ್ತಿದೆ,angry,kn
ಈ ದೇಶದ್ರೋಹಿಗಳು ತಮ್ಮ ಸಾಮರ್ಥ್ಯವನ್ನು ತೋರಿಸುತ್ತಿದ್ದಾರೆ,angry,kn
"ಆದರೆ ಬಾಬಾ ಸಾಹೇಬ್ ಅಂಬೇಡ್ಕರರು ಹೆಣ್ಣನ್ನು ಕೃಪಾಕಟಾಕ್ಷ ಎಂದು ಪರಿಗಣಿಸಿಲ್ಲ, ದುರಂತ.",sad,kn
ಕಾವಾಡಿ ಸಚಿನ್ ಪೈಲಟ್‌ಗೆ ಯೋಗ್ಯವಲ್ಲ..,angry,kn
ಅವನ ಕೋವಿಡ್ ಆನ್ ಆಗಿತ್ತು,neutral,kn
ದೇಶದಲ್ಲಿ ಸರ್ವಾಧಿಕಾರ ಆರಂಭಿಸಿ ಅವರೇ ಖುಷಿಯಾಗಿದ್ದಾರೆ.,angry,kn
ಅದು ತಕ್ಷಣವೇ ಮಚ್ಚನ್ನು ಗೀಚಲು ಬಂದಿತು ... ತೋಳ,angry,kn
"ನೀವು ಬರೆಯುವ ಹಿಂದೆ ಯಾವುದೇ ಭಾವನೆಗಳಿಲ್ಲ ಎಂದು ನನಗೆ ತಿಳಿದಿದೆ, ಆದರೆ ಪದಗಳು ಖಂಡಿತವಾಗಿಯೂ ಸರಿಯಾಗಿಲ್ಲ. ಅದು ತಪ್ಪು ಅನಿಸಿದ್ದರಿಂದ ಹೇಳಿದ್ದೆ",neutral,kn
ಒಬ್ಬ ವ್ಯಕ್ತಿಯು ಎಷ್ಟು ಹೊಂದಿಕೊಳ್ಳುತ್ತಾನೆ ಎಂಬುದನ್ನು ಅರ್ಥಮಾಡಿಕೊಳ್ಳಿ.,angry,kn
"ರೀಟ್ವೀಟ್ ಮಾಡುವ ಮೂಲಕ ನೀವು ಈ ಭಿಕ್ಷುಕರಿಗೆ ಏಕೆ ಇಷ್ಟು ಪ್ರಾಮುಖ್ಯತೆ ನೀಡುತ್ತೀರಿ, ಅವರು ಬೊಗಳಲು ಬಿಡಿ,",angry,kn
"ಇಲ್ಲ, ಎಚ್ಚರಿಕೆಯಿಂದ ಓದಿ.",neutral,kn
ಬಾಪ್ರೆ ಅವರ ಸ್ವಂತ ಗ್ರಾಮ ಪಂಚಾಯಿತಿಯ ಗೆಲುವಿನ ಬಗ್ಗೆ ಭವಿಷ್ಯ ನುಡಿದಿದ್ದಾರೆಯೇ?,happy,kn
ಬೆಳಗ್ಗೆ ಪ್ರಮಾಣ ವಚನ ಸ್ವೀಕರಿಸುವ ವೇಳೆ ಫಡ್ನವೀಸ್ ತತ್ವಗಳನ್ನು ಮರೆತಿದ್ದರು.,angry,kn
"ಹಿಂಬಾಲಿಸಿದ ನಂತರ ಮತ್ತು ಹಿಂಬಾಲಿಸಿದ ನಂತರ ರಾಜನನ್ನು ಅನ್‌ಫಾಲೋ ಮಾಡಲು ಇದು Instagram ಅಲ್ಲ, ಮಗು",neutral,kn
ನಾನು ಟ್ವಿಟ್ಟರ್ ತೊರೆಯಬೇಕೇ..ಇದು ದೊಡ್ಡ ಕೋಲು # ಅಥವಾ ಸಾರ್...ನನಗೆ ಹಾಗನ್ನಿಸುವುದಿಲ್ಲ,neutral,kn
ಹಾಗಾದರೆ ಸಮಾಜದಲ್ಲಿ ಸುಳ್ಳನ್ನು ಹರಡುವ ಜವಾಬ್ದಾರಿಯನ್ನು ನೀವು ತೆಗೆದುಕೊಂಡಿದ್ದೀರಾ?,angry,kn
ನೀವು ಇದಕ್ಕೆ ಕೊಡುಗೆ ನೀಡುತ್ತಿಲ್ಲ ಎಂದು ಮೊದಲು ಸಾಬೀತುಪಡಿಸಿ,neutral,kn
ಇದು ಬಾಳಾಸಾಹೇಬರಿಗೆ ಮಾಡಿದ ಅವಮಾನ.,angry,kn
ಇವರೊಂದಿಗೆ ಮೈತ್ರಿ ಇಲ್ಲ ಎನ್ನುವವರು ಮೂರ್ಖರು,angry,kn
ಎಷ್ಟೇ ಪತ್ರ ಬರೆದರೂ ಮಡಕೆಯಿಂದ ಹೊರಬರುವುದಿಲ್ಲ.,neutral,kn
ನನಗೂ ಅದೇ ಸಮಸ್ಯೆ ಇದೆ,neutral,kn
ಒಂದು ನಕ್ಷತ್ರಕ್ಕೂ ಬೆಲೆಯಿಲ್ಲ,angry,kn
"ನಾನು ಕೂಡ ಒಮ್ಮೆ ಅವಳನ್ನು ಹೀಗೆ ಪ್ರೀತಿಸುತ್ತಿದ್ದೆ, ಆದರೆ ಅವಳು ಅದನ್ನು ಒಪ್ಪಿಕೊಳ್ಳಲಿಲ್ಲ.",sad,kn
ಅವಳು ಪ್ರೀತಿಸುವುದಿಲ್ಲ ಎಂದು ಭಾವಿಸಬೇಡಿ,sad,kn
ಭಾಷಣದ ಸಮಯದಲ್ಲಿ ಚಪ್ಪಾಳೆ ತಟ್ಟುವವರ ಕಿವಿಯಲ್ಲಿ ತರಕಾರಿಗಳನ್ನು ಆಡಿಸಬೇಕು.,angry,kn
"ಸಹೋದರ ಸಹೋದರಿಯರೇ ನಮ್ಮನ್ನು ಕಡಿಮೆ ಅಂದಾಜು ಮಾಡಬೇಡಿ, ನಾವು ಬಹಳ ದಿನಗಳಿಂದ ಬಂದಿದ್ದರೂ, ನಾವು ಇನ್ನೂ ಕೊಡುಗೆ ನೀಡುತ್ತಿದ್ದೇವೆ",happy,kn
"ನಿಜ ಹೇಳಬೇಕೆಂದರೆ, ಅನೇಕ ತಾಯಂದಿರು ಕೋಪಗೊಳ್ಳುತ್ತಾರೆ.. ಇದು ನಿಮ್ಮದು....",angry,kn
ತಪ್ಪು ಅಭಿಪ್ರಾಯ ಹೇಳುವುದು ಮತ್ತು ಅಭಿಪ್ರಾಯ ಕೇಳುವುದು ನನ್ನ ನೀತಿ,neutral,kn
"ಆದಿತ್ಯನ ಮದುವೆಯಲ್ಲಿ ನೀನು ಯಾಕೆ, ಮದುವೆಯಲ್ಲಿ ನಿನ್ನ ಜೊತೆ ಮಾತನಾಡುವುದಿಲ್ಲ.",angry,kn
ಸಿಕ್ಕಿಬಿದ್ದರೆ ದೇಶದ್ರೋಹಿ ರಾಜಿನಾಮೆ ನೀಡಲಿದ್ದ...,angry,kn
"""ನಿಮ್ಮ ಸಿಂಹಾಸನದಲ್ಲಿ ಕೂರಲು ನಾವು ಯಾವಾಗಿನಿಂದ ಸಿದ್ಧರಿದ್ದೇವೆ...""",happy,kn
ಇಬ್ಬರೂ ಮಳೆಯಂತೆ ಬಹಳ ಬುದ್ಧಿವಂತರು.,neutral,kn
ವರ್ಷಾನುಗಟ್ಟಲೆ ಭಿಕ್ಷೆ ಬೇಡಲು ಮಾತೋಶ್ರೀಗೆ ಹೋಗಿದ್ದು ಯಾಕೆ?,angry,kn
ಅರ್ಹತೆ ಇಲ್ಲದವರೂ ಇವತ್ತು ಶಿವಸೇನೆಯನ್ನು ಕೆಣಕುತ್ತಿದ್ದಾರೆ.,angry,kn
ನಿಮ್ಮ ಬಗ್ಗೆ ಏಕೆ ಮಾತನಾಡಬೇಕು?,neutral,kn
ವ್ಯಕ್ತಿತ್ವವೂ ಸ್ಪೂರ್ತಿದಾಯಕವಾಗುವುದಿಲ್ಲ...ಅವರಿಗೆ ಚಪ್ಪಾಳೆ ತಟ್ಟುತ್ತದೆ...ಈ ಚುನಾವಣೆಯಲ್ಲಿ ಅರ್ಥವಾಗುತ್ತದೆ...,angry,kn
"ಈ ""ಬಿಹಾರಿ"" ಮಹಾರಾಷ್ಟ್ರವನ್ನು ಕೆಂಪಾಗಿಸಬಹುದು!!",angry,kn
"ಪಂಢರಪುರ, ಕೊಲ್ಲಾಪುರ ಎಲ್ಲಿತ್ತು ಸಾಹೇಬರ ಹಿರಿಮೆ??",neutral,kn
ಯಾರಾದರೂ ನಿಮ್ಮನ್ನು ಏಕೆ ಕೇಳಿದರೂ ಸಹ ... ನೀವೇ ಶ್ರೇಷ್ಠತೆಯನ್ನು ತೋರಿಸುವುದರಿಂದ ನೀವು ಏನು ಪಡೆಯುತ್ತೀರಿ?,angry,kn
ಹಣದ ಆಮಿಷವೊಡ್ಡಿ ಇಬ್ಬರು ಮಧ್ಯವಯಸ್ಕ ಮಹಿಳೆಯರನ್ನು ನರಬಲಿಗಾಗಿ ಹತ್ಯೆ ಮಾಡಿರುವ ಆಘಾತಕಾರಿ ಘಟನೆ ಬೆಳಕಿಗೆ ಬಂದಿದೆ.,angry,kn
ಮುಂಬೈ ಪೊಲೀಸರು ಕೆಲಸ ಮಾಡುತ್ತಿಲ್ಲ ದಯವಿಟ್ಟು ಗಮನಿಸಿ,neutral,kn
ಇದು ದೇಶದ್ರೋಹಿಗಳ ಭವಿಷ್ಯ,angry,kn
ಕೆಲಸ ಮತ್ತು ನ್ಯಾಯಕ್ಕೆ ನೇರವಾಗಿ ದಾನ ಮಾಡಿ! ಹಾಗಾದರೆ ಯಾರಾದರೂ ಏಕೆ ಹಿಂದೆ ಸರಿಯುತ್ತಾರೆ?,neutral,kn
ಈ ಶಾಸಕರೇ ಮುಂದೆ ಬಂದು ಚುನಾವಣೆ ಬಗ್ಗೆ ಮಾತನಾಡುತ್ತಿದ್ದಾರೆ,angry,kn
"ಹೌದು, ಇವು ಅನುಭವದ ಸಂಗತಿಗಳು, ನನ್ನೊಂದಿಗೆ ಬೇರೆ ಏನಾದರೂ ಇದೆಯೇ?",sad,kn
"ಭಯಪಡಬೇಡ, ಕಳ್ಳ ಕಳ್ಳ... ಮತ್ತು ಅವನನ್ನು ಕಳ್ಳ ಎಂದು ಕರೆಯಿರಿ",angry,kn
ಅಪೂರ್ಣ ಸಂಬಂಧಗಳಿಗೆ ಅಭಿವ್ಯಕ್ತಿಯ ಕೊರತೆಯೂ ಕಾರಣವಾಗಬಹುದು...,sad,kn
ನನಗೆ ಬೇಜಾರಾಗುತ್ತಿದೆ ಆದರೆ... ಛಲ ಬಿಡದೆ ಎಲ್ಲ ಮಜಾ ವ್ಯರ್ಥ...,sad,kn
ಅವರು ಬಿಜೆಪಿಯ ಜೀವನದಲ್ಲಿ ಆಯ್ಕೆಯಾದರು,neutral,kn
"ಇಲ್ಲದಿದ್ದರೆ, ನಮ್ಮ ಮುಖಕ್ಕೆ ಹಣವನ್ನು ಎಸೆಯಿರಿ ಮತ್ತು ನಾವು ಅದನ್ನು ಮಾಡುತ್ತೇವೆ",neutral,kn
ಆದರೆ ಅವಿರೋಧವಾಗಿ ಚುನಾವಣೆ ನಡೆಯುವುದಿಲ್ಲ.,neutral,kn
ಇಂದಿನ ದಿನಗಳಲ್ಲಿ ದತ್ತಾ ಅವರನ್ನು ಸುರಕ್ಷಿತವಾಗಿಡುವುದು ಕಷ್ಟದ ಕೆಲಸ ಎಂಬ ಕಾರಣಕ್ಕೆ ಈ ಕೆಲಸ ಮಾಡಲಾಗುತ್ತಿದೆ.,neutral,kn
ನಿಶಾನ್ ನಿಜವಾದ ಮಹಾರಾಷ್ಟ್ರದ ಗುರಾಣಿ ಮತ್ತು ಖಡ್ಗ,happy,kn
ಯಾವುದೇ ಭ್ರಮೆ ನಿಮ್ಮ ಭ್ರಮೆಯಲ್ಲ.,neutral,kn
ಕಣ್ಣುಗಳಿವೆಯೋ ಇಲ್ಲವೋ? ಏಕೆ ಏನೋ ಹೋಗಿದೆ? ಕಣ್ಣುಗಳನ್ನು ನೋಡಿ... ನಿಮಗೇ ಅರ್ಥವಾಗುತ್ತದೆ.,angry,kn
ಮತ್ತು ಈ ಸಕ್ಕರೆ ಉದ್ಯಮವನ್ನು ನಾಶಮಾಡುವ ನಿಮ್ಮ ಮಹಾಶಕ್ತಿ ದೈತ್ಯಾಕಾರದ!,angry,kn
ಸಾರ್ವಜನಿಕ ಪ್ರತಿನಿಧಿಗಳು ಈ ರೀತಿ ಬೀದಿಗಿಳಿದಿದ್ದರೆ ಈ ಕೆಟ್ಟ ಕಾಲ ಬರುತ್ತಿರಲಿಲ್ಲ.,sad,kn
. ಎಲ್ಲರೂ ಇದನ್ನು ಮತ್ತೆ ಮತ್ತೆ ಹೇಳಬೇಕು.,neutral,kn
ಬಿಜೆಪಿ ಹಿಂದುತ್ವದ ರೇಪ್ ಆರತಿ ಮಾಡುತ್ತದೆ ಎಂದರೆ ನಂಬುತ್ತೀರಾ?????,angry,kn
ಅಂತಹ ನಾಯಿಗಳು ಪ್ರತಿದಿನ ತಮ್ಮ ಕುತ್ತಿಗೆಯನ್ನು ಪೆಟ್ಟಿಗೆಯಲ್ಲಿ ಇಟ್ಟುಕೊಂಡು ಹಸಿವಿನಿಂದ ಸಾಯುತ್ತವೆ. ಅವರು ಅರ್ಥಮಾಡಿಕೊಳ್ಳುವರು. ಕಡ್ಡಿ ಖ್ಯಾತಿ,angry,kn
ಈ ಭಕ್ತ ಗ್ಯಾಂಗ್ ನಾಶವಾಗಬೇಕು... ರಂಗಬಿಲ್ಲನ ಶಿಷ್ಯರು ಮರಾಠಿಗರನ್ನು ಗೇಲಿ ಮಾಡಲು ಇಷ್ಟಪಡುತ್ತಾರೆ.,angry,kn
ಇದು ಅಗತ್ಯವಿದೆಯೇ? ಒಳ್ಳೆಯದನ್ನು ಒಳ್ಳೆಯದು ಎಂದು ಕರೆಯುವುದು ಪತ್ರಿಕೋದ್ಯಮಕ್ಕೆ ಸರಿಹೊಂದುವುದಿಲ್ಲವೇ?,neutral,kn
"ಭಾರತ ಸೋತಿಲ್ಲ, ಇಂಗ್ಲೆಂಡ್ ನಿರ್ಮಲಾ ಅತ್ಯಾ ಗೆದ್ದಿದೆ",neutral,kn
"ತಿಂದ ನಂತರ ಮಲವಿಸರ್ಜನೆ ಮಾಡಬೇಡಿ, ಅದು ಮಾಲಿನ್ಯಕ್ಕೆ ಕಾರಣವಾಗುತ್ತದೆ",angry,kn
ಈ ಹಂದಿ ಯಾರು? ಭಾರತದ ದೊಡ್ಡ ಕಳ್ಳ,angry,kn
ಇದು ಪ್ರಜಾಪ್ರಭುತ್ವದ ಮೇಲಿನ ದಾಳಿ...ನೀವು ಸಂವಿಧಾನ ವಿರೋಧಿ ಸರ್ಕಾರವನ್ನು ಪ್ರಶ್ನಿಸಬೇಕು ಮತ್ತು ಅವರ ಅಜೆಂಡಾವನ್ನು ಚಲಾಯಿಸಬಾರದು.,angry,kn
ಇದು ಕಪ್ಪು ಕಲ್ಲಿನ ಮೇಲೆ ಎಳೆದ ಗೆರೆ... ಚುನಾವಣಾ ಆಯೋಗವು ಕೇಂದ್ರ ಸರ್ಕಾರದ ನಿಯಂತ್ರಣಕ್ಕೆ ಬರುತ್ತದೆ.,neutral,kn
ಎನ್‌ಸಿಪಿಯ ಈ ಕೀಟಗಳು ಜಾತೀಯತೆಯನ್ನು ಹೊರತುಪಡಿಸಿ ಏನನ್ನೂ ಮಾಡಲಾರವು,angry,kn
"ದಿಲಾಸ ಸರ್ಕಾರ, ನ್ಯಾಯಾಂಗ ಕುರುಡಾಗಿತ್ತು...ಮೂಕ, ಕಿವುಡಾಯಿತು...ಚುನಾವಣಾ ಆಯೋಗ ಚುನಾವಣಾ ಚಿಹ್ನೆಯನ್ನು ನಿರ್ಧರಿಸಲಿದೆ",sad,kn
"ಹೌದು, ಮೊದಲು ಅವಮಾನ ಮತ್ತು ಈಗ ಜನರು ಏಕೆ ಸಹಾನುಭೂತಿ ತೋರಿಸಬೇಕು?",neutral,kn
ದುಃಖ ಹೆಚ್ಚಾಗುತ್ತಿಲ್ಲ.. ಸಂತೋಷ ಕಡಿಮೆಯಾಗುತ್ತಿದೆ.,sad,kn
ಈ ಜನಸಮೂಹವು ಸಂಗೀತಗಾರರಿಗೆ ಭಯವಾಗಿದೆ.,fear,kn
ರಾಣೆ ಅವರ ಹೆಸರನ್ನು ತೆಗೆದುಕೊಳ್ಳಲು ನೀವು ಭಯಪಡುತ್ತೀರಾ?,fear,kn
ರಾಜ್ಯಸಭೆ ಮತ್ತು ವಿಧಾನ ಪರಿಷತ್ತಿನ ಕಾಲದಲ್ಲಿ ಜೀತದಾಳುಗಳು ಮಾತ್ರ ಕೆಟ್ಟ ಭಾವನೆ ಹೊಂದಿದ್ದರು.,sad,kn
ಇದೀಗ ಮಹಾರಾಷ್ಟ್ರದಲ್ಲಿ ಅಧಿಕಾರದ ಗದ್ದಲದ ವಿಚಾರಣೆ ಮುಂದುವರೆಯುವುದು ಖಚಿತವಾಗಿದೆ.,neutral,kn
ಭಾರತ ಮತ್ತು ನ್ಯೂಜಿಲೆಂಡ್ ನಡುವಿನ ಅಭ್ಯಾಸ ಪಂದ್ಯ ಮಳೆಯಿಂದಾಗಿ ರದ್ದಾಗಿದೆ.,neutral,kn
ಲವ್ದ್ಯಾಗೆ ಗಂಡನನ್ನು ಹುಡುಕಲು ನಿಮ್ಮ ತಾಯಿ ಟ್ವಿಟ್ಟರ್ಗೆ ಬರುತ್ತಾರೆಯೇ?,angry,kn
ಹಾಗಾದರೆ ನಾರಾಯಣ ರಾಣೆ ಏನು ಮಾಡುತ್ತಾರೆ? ಇದು ಅವನಿಗೆ ಅನ್ಯಾಯವಾಗಿದೆ!,angry,kn
ಸರಿ! ಉದ್ಧವ್ ಠಾಕ್ರೆ ಇನ್ನೂ ಶಾಸಕರೇ?,neutral,kn
"ಮಹಾವಿಕಾಸ್ ಅಘಾಡಿ ರೂಪುಗೊಂಡರೆ ಎಲ್ಲರ ಫೋಟೋಗಳು ಇರುತ್ತವೆ, ಇಷ್ಟು ಆತುರ ಏಕೆ?",angry,kn
ಅಮೃತ ವಚನ...? ಯಾವ ರೀತಿಯ...?,happy,kn
"ಹೇ, ಅವರು ಪ್ರಸಿದ್ಧ ಪತ್ರಕರ್ತರು",angry,kn
"ಅತ್ತೆ, ಈ ಅಲೆಮಾರಿಗಳು ಅಧಿಕಾರಕ್ಕೆ ಬಂದಾಗ ಅತ್ಯಾಚಾರಿಗಳನ್ನು ಏಕೆ ಕ್ಷಮಿಸುತ್ತಾರೆ, ಸರಿ?",angry,kn
ಮಹಾರಾಷ್ಟ್ರದ ಎಂ ಗಿಂತ ಗುಜರಾತ್‌ನ ಗು ನನಗೆ ಹೆಚ್ಚು ಇಷ್ಟವಾದ ಕಾರಣ ಬಹುಶಃ ಇದನ್ನು ಬರೆಯಲಾಗಲಿಲ್ಲ.,neutral,kn
ಜನರಿಗೆ ಏನೂ ತಿಳಿದಿಲ್ಲ ಎಂದು ನೀವು ಭಾವಿಸುತ್ತೀರಾ?,neutral,kn
ಇದೇನು ಜೊಲ್ಲು ಸುರಿಸುತ್ತಿರುವ ಪತ್ರಕರ್ತ ?????,angry,kn
ಅವರದೇ ಪಕ್ಷದಲ್ಲಿಯೇ ಇದ್ದು ಅವರನ್ನು ಸೋಲಿಸುವುದು ಒಳ್ಳೆಯದೇ?,neutral,kn
"ಓ ದೇವರೇ, ಅವರು ಮುಂಜಾನೆ ಪ್ರಮಾಣ ವಚನ ಸ್ವೀಕರಿಸಿದಾಗ ಬಿಜೆಪಿಯ ಮನಸ್ಸಿನಲ್ಲಿ ಹಿಂದುತ್ವದ ಚಿಂತನೆ ಇರಲಿಲ್ಲವೇ??",angry,kn
"ಸೀಟುಗಳು ಖಾಲಿ ಇದ್ದಾಗ ಭಾಷಣಗಳು ನಡೆಯುತ್ತವೆ, ಆದ್ದರಿಂದ ಸಂಖ್ಯೆಗಳು ಕಡಿಮೆ ಇರುವಾಗ ಶಾಲೆಗಳನ್ನು ಏಕೆ ಮುಚ್ಚಬೇಕು?",neutral,kn
ಇಂದು ಬಿಸಿಲು ಇರುವುದರಿಂದ ಧನ್ಯವಾದ ಹೇಳಲು ಯಾವುದೇ ತೊಂದರೆ ಇಲ್ಲ ಮೋದಿ ಜೀ.,neutral,kn
ಕಳೆದ ವರ್ಷದ ನ್ಯಾಯಾಲಯದ ತೀರ್ಪನ್ನು ಪರಿಶೀಲಿಸಿ. ಇಲ್ಲದಿದ್ದರೆ ಈ ವ್ಯಕ್ತಿಯೂ ಯಾವಾಗಲೂ ಅಸಂಬದ್ಧವಾಗಿ ಮಾತನಾಡುತ್ತಾನೆ,angry,kn
ನಿಮ್ಮ ಬಳಿ ಬೇರೆ ಸುದ್ದಿ ಇದೆಯೇ?,neutral,kn
ಇದು ನಮ್ಮ ತಿಳುವಳಿಕೆಯನ್ನು ಮೀರಿದೆ,neutral,kn
ಇಂತಹ ಜಾಹೀರಾತುಗಳನ್ನು ಮಾಡುವ ಮೂಲಕ ಅಮೀರ್ ಖಾನ್ ಏನನ್ನು ತೋರಿಸಲು ಬಯಸುತ್ತಾರೆ?,happy,kn
ಮತಗಳ ಒತ್ತಾಯ...ಮಹಾರಾಷ್ಟ್ರಕ್ಕೆ ಏನಾಗಲಿದೆ?,sad,kn
ಠಾಕ್ರೆ ಸಮೂಹಕ್ಕೆ ಆಘಾತ! ಶಿವಸೇನೆಯ ಮೂವರು ಪ್ರಮುಖ ನಾಯಕರು ಸೇರಿದಂತೆ ಏಳು ಜನರ ವಿರುದ್ಧ ಪ್ರಕರಣ ದಾಖಲಾಗಿದೆ.,neutral,kn
ಅದು ಹೇಗೆಂದರೆ ನೀವು ಉಚಿತವಾಗಿ ತಿನ್ನುವ ಅಭ್ಯಾಸ ಮಾಡಿಕೊಂಡಿದ್ದೀರಿ ಎಂದು ತೋರುತ್ತದೆ,angry,kn
ಹೀಗೆ ಮಾಡಬೇಡಿ...ಇದೆಲ್ಲ ಪಕ್ಷದ ಚಿಹ್ನೆ ಮತ್ತು ಹೆಸರುಗಳ ಆಟ,neutral,kn
ಅತುಲ್ ಭಖಾಲ್ಕರ್ ಅವರ ಸಹೋದರ ಎಂದು ಪರಿಗಣಿಸಲ್ಪಟ್ಟಿರುವ ಸಂಭಾವಿತ ವ್ಯಕ್ತಿ ಬಹಳಷ್ಟು ಎಸೆಯುತ್ತಾರೆ ಮತ್ತು ಇಬ್ಬರೂ ಒಂದೇ ರೀತಿ ಕಾಣುತ್ತಾರೆ.,neutral,kn
"ಗುಜರಾತಿಗೆ ಹಸ್ತಲಾಘವ ಮಾಡಿ, ಮರಾಠಿ ಭಾಷೆಯ ರಾಜ್ ಭಾವು ಬಿಟ್ಟಿದ್ದೇಕೆ?",angry,kn
"ನಾನೇನು ಹೇಳಲಿ...? ವಿಭೂತಿ ಸೃಷ್ಟಿಕರ್ತ, ಎಂಟು ವರ್ಷಗಳಲ್ಲಿ ದೇಶ ಏನನ್ನು ಕಾಯುತ್ತಿದೆ...",angry,kn
ಗುಳ್ಳೆಗಳ ಹೊರತಾಗಿ ಇನ್ನೇನು ಬರುತ್ತದೆ?,angry,kn
ಒಂದಾನೊಂದು ಕಾಲದಲ್ಲಿ ಬೆಳ್ಳಿಯ ಚಮಚಗಳಿದ್ದವು... ಆದರೆ ಒಂದು ಕಾಲದಲ್ಲಿ ಬೆಳ್ಳಿಯ ಚಮಚಗಳಿದ್ದವು...,neutral,kn
ಪತಿ ತೆರೆಮರೆಯಲ್ಲಿ ಪತ್ನಿಯಿಂದ ಲಂಚ ಪಡೆಯುತ್ತಿದ್ದ,angry,kn
ದಾದಾ ನಿಮ್ಮ ನಂಬರ್ ಸಿಗಬಹುದೇ? ನೀವು ಕೆಲಸ ಮಾಡುವ ರೀತಿ ನಮಗೆ ಇಷ್ಟವಾಗಿದೆ,happy,kn
ನೆನಪಿರಲಿ ಪುಣೆ ಮೆಟ್ರೋ ಬಡವರ ಪಾಲಿಗೆ ಶಾಪಗ್ರಸ್ತ ಮೆಟ್ರೋ ಆಗಲಿದೆ,fear,kn
ಚಿಹ್ನೆ ಮತ್ತು ಹೆಸರನ್ನು ಫ್ರೀಜ್ ಮಾಡುವಾಗ ನಿಮ್ಮ ಬಾಯಿಯಲ್ಲಿ ಯಾವುದೇ ಪದಗಳಿವೆಯೇ?,angry,kn
ಒಬ್ಬ ಮನೋರೋಗಿ ಇಷ್ಟು ಕೀಳು ಮಟ್ಟದಲ್ಲಿ ಮಾತನಾಡಬಾರದು.,angry,kn
"ಕೀ ಕೊಡಲಾಗಿದೆ, ಏನಾದರೂ ಮಾತನಾಡುತ್ತಾರೆ, ಮಾತನಾಡುವ ಗೊಂಬೆಗಿಂತ ಹೆಚ್ಚೇನೂ ಇಲ್ಲ.",angry,kn
ಪತ್ರಕರ್ತರು ನಿಜವಾಗಿಯೂ ದಲ್ಲಾಳಿಗಳಾಗಿದ್ದಾರೆ,angry,kn
ವಯಸ್ಸು ಹೆಚ್ಚಾದಂತೆ ಛಗನ್ ಭುಜಬಲ್ ಅವರ ಬುದ್ಧಿಮತ್ತೆ ಕಡಿಮೆಯಾಗುತ್ತಿದೆ.,sad,kn
ಜಾರದಂತೆ ಇರುವ ಜೋಡಿ ಸ್ನೀಕರ್‌ಗಳಿಗಾಗಿ ನೋಡಿ.,angry,kn
ಅವಳು ಈಗಲೇ ಹೇಳಬಹುದಿತ್ತು.,neutral,kn
ನೀವು ಚುನಾವಣೆಯಿಂದ ಹಿಂದೆ ಸರಿಯಲು ಬಯಸಿದ್ದೀರಾ ಅಥವಾ ಮುಂಬೈ ಮಹಾನಗರ ಪಾಲಿಕೆ ಚುನಾವಣೆಗೆ ಮುನ್ನ ಚಿಹ್ನೆಯನ್ನು ಫ್ರೀಜ್ ಮಾಡುವ ಸಂಚು ನಡೆದಿದೆಯೇ ??,happy,kn
"ಬೀದರ ಜಿಲ್ಲೆಯ ರೈತರಿಗೆ ಸಹಾಯ ಮಾಡಿ, ಸ್ವಲ್ಪ ಬರವನ್ನು ಘೋಷಿಸಿ",sad,kn
ಹಿಂದುತ್ವ ಪಕ್ಷ ಎಂದು ಕರೆಯಲು...ಆದರೆ ಉಳಿದ ಟ್ರೆಂಡ್‌ಗಳಲ್ಲಿ ಹಸಿರು ಹಾಳೆಯ ಮೇಲಿನ ಪ್ರೀತಿ...,angry,kn
ಹೆಸರನ್ನು ಹಿಂಪಡೆಯುವ ಮೂಲಕ ಬಿಜೆಪಿ ಈ ಸ್ಥಾನವನ್ನು ಕಳೆದುಕೊಳ್ಳುತ್ತಿದೆ ಎಂದು ನೀವು ಹೇಗೆ ಊಹಿಸಬಾರದು?,neutral,kn
ಸಹಾನುಭೂತಿ ಹೆಚ್ಚಾಯಿತೋ ಇಲ್ಲವೋ ಗೊತ್ತಿಲ್ಲ ಆದರೆ ವಾಲೆಟ್ನ ತೂಕ ಖಂಡಿತವಾಗಿಯೂ ಹೆಚ್ಚಾಯಿತು.,angry,kn
ಹೆಚ್ಚುವರಿ ಟೀ ಪುಡಿ ಸೇರಿಸಿ ನಿಮ್ಮ ರಾಜಕೀಯವನ್ನು ಯಾರಾದರೂ ಕಹಿ ಮಾಡುತ್ತಿದ್ದಾರೆಯೇ? ಪಂಕಜಾ ಮುಂಡೆ ಹೇಳಿದರು...,angry,kn
"ಅಣ್ಣ, ನಾನು ಚಿಕ್ಕವನಿದ್ದಾಗ ತುಂಬಾ ಪುಸ್ತಕಗಳನ್ನು ಓದುತ್ತಿದ್ದೆ, ಈಗ ಫೋನ್‌ನಿಂದಾಗಿ ಉತ್ಸಾಹ ಕಡಿಮೆಯಾಗಿದೆ.",sad,kn
ವರ್ಷಾ ವಾರದ ಸಭೆಯಲ್ಲಿ ನಿನ್ನನ್ನು ತೋಕ್ಲಾ ಎಂದು ಕರೆಯುತ್ತಾರೆ...ಇದು ನಿಜವೇ?,angry,kn
ಮೂಲತಃ ಇವರು ಬಾಲಸೈನಿಕರಲ್ಲ ಏಕೆಂದರೆ ಅವರು ಬಾಳ್ ಠಾಕ್ರೆಯವರ ಅಭಿಪ್ರಾಯಗಳನ್ನು ಒಪ್ಪುವುದಿಲ್ಲ.,neutral,kn
"ಹೇ ನಿಮ್ಮ ಭಾಷೆ ಏನು ರಾಣೆ ಅಂಕಲ್, ನಿಮ್ಮಿಂದ ನೀವು ಏನನ್ನು ನಿರೀಕ್ಷಿಸುತ್ತೀರಿ?",angry,kn
ಭಕ್ತರಿಗೆ ಈ ವಿಡಿಯೋ ಇಷ್ಟವಾಗುವುದಿಲ್ಲ...,neutral,kn
ತಲೆ ಇಲ್ಲದ ಸಚಿನ್ ಸಾವಂತ್ ಈಗ ಹಣವಂತ.,angry,kn
"ಶರದ್ ಪವಾರ್ ಆಗಲು, ಆ ಪಿಜ್ಜಾವನ್ನು ನೀರಿನಲ್ಲಿ ನೆನೆಸಬೇಕಾಗಿಲ್ಲ.",neutral,kn
ಇದನ್ನು ನೋಡಿದ ದಭೋ ಆತ್ಮವೂ ಸತ್ತಿತು.,sad,kn
ಈ ಮಂಗಗಳೆಲ್ಲ ಖಾದ್ಯ!,angry,kn
ಠಾಕ್ರೆ ಗುಂಪಿನ ನಾಯಕಿ ಸುಷ್ಮಾ ಅಂಧರನ್ ವಿರುದ್ಧ ಪ್ರಕರಣ ದಾಖಲು; ಈಗ ಭಾಸ್ಕರ್ ಜಾಧವ್ ಬಂಧನವಾಗುತ್ತಾ?,neutral,kn
ಹಾಗಾದ್ರೆ ನಿಮ್ಮ ಖಾಜ್ ಸಾಹೇಬರು ಬೇರೆಯವರ ಅಪ್ಪನಿಂದ... ವೀಳ್ಯದೆಲೆ ಕದಿಯುತ್ತಾರೆ.,angry,kn
"ಇನ್ನೇನು ಚುನಾವಣೆ ಆರಂಭವಾಗಲಿದೆ, ಟಾಸ್ ಆಗುವುದೇ?",neutral,kn
ಮಳೆ ಮತ್ತು ಮಿಂಚು,neutral,kn
ಫಿತೂರ್ ಇತಿಹಾಸದಲ್ಲಿ ಇದ್ದನು ಮತ್ತು ಪ್ರಸ್ತುತದಲ್ಲಿಯೂ ಇದ್ದಾನೆ.,angry,kn
ನನ್ನ ಅಣ್ಣನನ್ನು ಕಳೆದುಕೊಂಡಾಗ ನೀನು ಹೀಗೆ ಪ್ರತಿಕ್ರಿಯಿಸಿದ್ದೀಯಾ?,angry,kn
ನಲವತ್ತೊಂದನೇ ದೇಶದ್ರೋಹಿ ಬಿಜೆಪಿ ಶಾಸಕ ಹದಿನೇಳನೇ ಬಾವುಟ ಹಾರಿಸಿದರೆ ಏನಾಗಬಹುದು?,angry,kn
ಈ ಮೂರ್ಖನ ಮೀಮ್ ಸಾರ್ವಜನಿಕರ ಮತವನ್ನು ಗೆದ್ದಿತು ಆದರೆ ಭದ್ರತಾ ಠೇವಣಿ ಮುಟ್ಟುಗೋಲು ಹಾಕಲಾಯಿತು.,angry,kn
ಈ ನಿರ್ಧಾರವನ್ನು ಮರಾಠ ಸಮುದಾಯ ತೆಗೆದುಕೊಂಡಿಲ್ಲ.,sad,kn
"ಅಷ್ಟೊಂದು ಮಜಾ ಇರಲಿಲ್ಲ...ಇವತ್ತು ನಮ್ಮ ರಜಾ, ಮಳೆಯಲ್ಲಿ ಮನೆಯಲ್ಲಿ ಇರಲು ಮನಸ್ಸಾಗಲಿಲ್ಲ",neutral,kn
ಅವರು ಇದನ್ನು ಅರ್ಥಮಾಡಿಕೊಳ್ಳುತ್ತಾರೆ ಆದರೆ ತಿರುಗುವುದಿಲ್ಲ.,neutral,kn
ಅವರ ತಂದೆ ಸಂತ ಸಂಪ್ರದಾಯದ ಸುಸಂಸ್ಕೃತ ಮಹಾರಾಷ್ಟ್ರದ ಮುಖ್ಯಮಂತ್ರಿಯಾಗಿದ್ದರು.,sad,kn
ದೇಶಕ್ಕೆ ಬಿಜೆಪಿ ಕೊಡುಗೆ ಏನು ಎಂಬುದು ಗೊತ್ತಿಲ್ಲ...,angry,kn
ದೂರು ಇನ್ನೂ ಇತ್ಯರ್ಥವಾಗಿಲ್ಲ.,neutral,kn
ಆ ಏಜೆಂಟ್ ಎಷ್ಟು ಭ್ರಷ್ಟ ಎಂದು ತಿಳಿದಿದೆ,angry,kn
ಇದರರ್ಥ ನಿಮಗೆ ಫಡ್ನವೀಸ್ ಸರ್ ಮೇಲೆ ನಂಬಿಕೆ ಇಲ್ಲವೆ? ಮನೆಯ ಮಾಲೀಕರು ಯಾರು?,neutral,kn
"ಮತ್ತು ಇದು ಬಿಜೆಪಿಯ 10 ನೇ ಜನ್ಮ, ಧನು ಭಾಯ್, ಸ್ಫೋಟಕ್ಕೆ ಸಿದ್ಧರಾಗಿ.",neutral,kn
"ಛತ್ರಪತಿ, ಶಾಹು, ಫುಲೆ, ಅಂಬೇಡ್ಕರ್ ಪ್ರೇಮಿಗಳಿಗೆ ಈ ಹೇಳಿಕೆ ವಿವಾದವಾಗಿದೆ.",angry,kn
"ನೀವು ಕಠಾರಿ ಬದಲಿಗೆ ಕತ್ತಿಯನ್ನು ಬಳಸುತ್ತೀರಿ, ಆದರೆ ಹಿಂಭಾಗದಲ್ಲಿ ಮಾತ್ರ.",angry,kn
ಆದರೆ ಇದು ನನಗೆ ಏಕೆ ನಡೆಯುತ್ತಿದೆ?,sad,kn
ಯುಪಿಯಲ್ಲಿ ಈ ಸುದ್ದಿ ಇದ್ದಿದ್ದರೆ ನೀವು ಇಲ್ಲಿಯವರೆಗೆ ಮೌನವಾಗಿರುತ್ತೀರಾ?,angry,kn
ನಾವು ಮಹಾರಾಷ್ಟ್ರ ಪ್ರೇಮಿಗಳು ಇದನ್ನು ಕೆಲವು ಬಾಲಿಶ ಜನರಿಗೆ ವಿವರಿಸಲು ನಿರ್ಬಂಧವನ್ನು ಹೊಂದಿಲ್ಲ,angry,kn
ಫಡ್ನವೀಸ್ ನೇಮಕಾತಿಯಲ್ಲಿ ಪಿಡುಗು...,angry,kn
"ಹುಲ್ಲಿನ ಬಣವೆಯಲ್ಲಿ ಸೂಜಿಯನ್ನು ಹುಡುಕುವುದು ಕಷ್ಟದ ಕೆಲಸ, ಕೊನೆಗೆ ಸಿಕ್ಕಿತು",happy,kn
ನಮಗೆ ಭಾಗಶಃ ಜ್ಞಾನವಿಲ್ಲ. ಅಂಧ ಭಕ್ತರು ಸಂಪೂರ್ಣ ಅಜ್ಞಾನಿಗಳು.,angry,kn
"ಈ ಮಹಿಳೆ, ಈ ಊಹಾಪೋಹ, ಕಳೆದ ತಿಂಗಳು ಎಲ್ಲಿದ್ದಳು? ಜೈ ಮಹಾರಾಷ್ಟ್ರ",neutral,kn
ಕಪಾಳಮೋಕ್ಷ ಮಾಡಲು... ಮತ್ತು ದೇಶದ್ರೋಹಿಯನ್ನು ನೆನಪಿಸಲು... ಎಂತಹ ಅವಮಾನ.,angry,kn
ಮೊದಲು ಕೀಟಲೆ ಮಾಡುವುದು ಮತ್ತು ನಂತರ ಮುದ್ದಿಸುವುದು ಎಷ್ಟು ಒಳ್ಳೆಯದು. ನೀವು ನಾಚಿಕೆಪಡಬೇಕು,angry,kn
"ಅರೇ, ಪುಣೆಯ ನಿಮ್ಮ ಹೊಸ ಶಿಲ್ಪಿಗಳು ಮಾಡಿದ್ದು ಇದನ್ನೇ",angry,kn
ಅಲ್ಲಿ ಅವರು ಅಬಾ ಪಾಟೀಲ್ ಅವರನ್ನು ಭೇಟಿಯಾದರು ಮತ್ತು ಸಮುದಾಯದ ಮರಾಠರನ್ನು ಹತ್ತಿಕ್ಕಿದರು,angry,kn
ನಿಮಗೆ ಅತಿಸಾರವಾದಾಗ ಕೆಮ್ಮು ಮತ್ತು ಕೆಮ್ಮು...ನಿಮಗೆ ಉಸಿರಾಟದ ತೊಂದರೆ ಉಂಟಾಗುವುದೇ?,angry,kn
ಇದು ಒಂದು ಶಕುನವಾಗಿದೆ,angry,kn
ಪ್ರಯತ್ನಗಳು ಮತ್ತು ವೈಫಲ್ಯಗಳನ್ನು ಗೌರವಿಸುವುದಿಲ್ಲ ಎಂಬುದು ಸಂಪೂರ್ಣ ಸತ್ಯ.,sad,kn
"ಪ್ರತಿಭಟನೆ, ಪ್ರತಿಭಟನೆ, ಪ್ರತಿಭಟನೆ... ಇದು ಯಾವ ಮಟ್ಟಕ್ಕೆ ಹೋಗುತ್ತದೆ, ಇದು ಭಯಾನಕ ವಿಕೃತಿ...",angry,kn
ಈ ನಾಯಿಗಳು ಮಾತನಾಡದೆ ಬೆನ್ನು ಚಪ್ಪರಿಸಲು ಅರ್ಹವಾಗಿವೆ,angry,kn
ಈ ದೋಷವು Twitter ಖಾತೆಯನ್ನು ಹೊಂದಿದೆಯೇ ??,angry,kn
ನಿನ್ನೆ ಯೋಧ ಅರ್ಜ್ ವಾಪಸಾತಿಗಾಗಿ ಸಾಷ್ಟಾಂಗ ನಮಸ್ಕಾರ ಮಾಡಿದರು. ಕಾಡ್ಯಾ ಖೋರ್,angry,kn
"ಇಂದು, ಕೆಲಸ ಮುಗಿದ ನಂತರ, ನಾನು ಒಂದು ಕಪ್ ಚಹಾ ಮತ್ತು ನನ್ನ ಹೃದಯ ಎರಡನ್ನೂ ತಿನ್ನುತ್ತೇನೆ.",sad,kn
ಇತ್ತೀಚಿನ ದಿನಗಳಲ್ಲಿ ರಿಕ್ಷಾ ಚಾಲಕರು ಹುಚ್ಚ ಮತ್ತು ಕೊಲೆಗಾರರಾಗುತ್ತಿದ್ದಾರೆ.,angry,kn
ಇದನ್ನು ಭಕ್ತಿ ಎಂದು ಕರೆಯಲಾಗುತ್ತದೆ ... ಅಂಧ ಭಕ್ತರು ಮತ್ತು ಅವರ ಭಕ್ತಿ ಧನ್ಯರು.,angry,kn
ತಾಯಿ : ರಸ್ತೆಯಲ್ಲಿ ಹೋಗಿ ಹಗ್ಗ ಮುರಿದು ಕೊರಳಿಗೆ ನೇತು ಹಾಕಿದರೆ ಅರ್ಥವಾಗುತ್ತದಾ?,angry,kn
ಮೋದಿಗೆ ಇಂತಹ ಅವಮಾನವನ್ನು ಸಹಿಸುವುದಿಲ್ಲ.. ನಿಷೇಧಿಸಲಾಗಿದೆ..,angry,kn
ಸಂವಿಧಾನ ಏನು ಸಿಕ್ಕಿಹಾಕಿಕೊಂಡಿದೆ? ಹಾಗಾದರೆ ರಾಜಕೀಯ ನಡೆಯುತ್ತಿರುವುದು ಹೀಗೆ!,neutral,kn
"ಅಷ್ಟ ಪ್ರದೇಶದಲ್ಲಿ ವಿದ್ಯುತ್ ವೈಫಲ್ಯ; ಅನಿಯಮಿತ ಲೋಡ್ ನಿಯಂತ್ರಣ, ಏರುತ್ತಿರುವ ವಿದ್ಯುತ್ ಬಿಲ್ ಮತ್ತು ಅನಾನುಕೂಲತೆಯಿಂದಾಗಿ ನಾಗರಿಕರು ಬಳಲುತ್ತಿದ್ದಾರೆ",sad,kn
ಎರಡೂ ಅಂಕಗಳು ತಪ್ಪಾಗಿವೆ ಮತ್ತು ಆದ್ದರಿಂದ ಪೋಸ್ಟ್ ಅಸ್ತವ್ಯಸ್ತವಾಗಿದೆ.,neutral,kn
ನೀವು ಮಾತ್ರ ಸಾಮಾಜಿಕ ಅಭಿಪ್ರಾಯವನ್ನು ಹೇಗೆ ನಿರ್ಧರಿಸುತ್ತೀರಿ ಎಂಬುದು ಅಧಿಕಾರದ ದುರಹಂಕಾರ,angry,kn
ಇವರಿಂದ ನಮ್ಮ ಹಿಂದೂ ಧರ್ಮಕ್ಕೆ ಮಾನಹಾನಿಯಾಗಿದೆ.,sad,kn
ದೇಶದ್ರೋಹಿಗಳಿಗೆ ಉದ್ಧವ್ ಬಾಳಾಸಾಹೇಬ್ ಠಾಕ್ರೆ ಹೆಸರಿನ ಮೌಲ್ಯ ತಿಳಿಯುತ್ತದೆ,angry,kn
"ನೀವು ಕೋಳಿಗಳನ್ನು ಕದಿಯುತ್ತಿರಿ, ಉಳಿದದ್ದನ್ನು ನಾವು ನಂತರ ನೋಡೋಣ.",angry,kn
ನಿಮ್ಮ ಭಾವನೆಗಳನ್ನು ನಿಯಂತ್ರಿಸಲು ಇಂದು ನಿಮಗೆ ಕಡಿಮೆ ದಿನವಾಗಿರುತ್ತದೆ,angry,kn
ಈ ಜನರು ಹುಚ್ಚರಾ?,angry,kn
ರೌತ್ಶೆಂಕಾ ರಾಜ್ಯ ಮತ್ತು ಖಾಸಗಿ ಕ್ರಿಕೆಟ್ ಸಂಸ್ಥೆಗಳನ್ನು ಒಂದೇ ಮತ್ತು ಒಂದೇ ಎಂದು ಪರಿಗಣಿಸುತ್ತಾರೆ. ಕೇವಲ!,angry,kn
"ಕೇಳು, ಏನಾಯಿತು? ಹೊಂಡ ಇಲ್ಲವೇ?",angry,kn
ಕಾಳಧನದಿಂದ ಬೆಲೆ ಹೆಚ್ಚಿಸುವ ಯೋಚನೆಯಲ್ಲಿರುವಂತೆ ಕಾಣುತ್ತಿದೆ...ಸಾರ್ವಜನಿಕ ವಿರೋಧ,angry,kn
ಅವನು ಖಂಡಿತವಾಗಿಯೂ ಭಕ್ತ. ಮಾನಸಿಕ ವಿಕಲಚೇತನ,angry,kn
ಎಷ್ಟೇ ವಿಷಪೂರಿತ ನಾಲೆಯೂ ನಿಮಗೆ ಸಹಾಯ ಮಾಡುವುದಿಲ್ಲ...ಮಹಾರಾಷ್ಟ್ರದಲ್ಲಿ ನಿಮ್ಮ ಸೋಲು ಖಚಿತ.,angry,kn
"ಆ ಸಮಯದಲ್ಲಿ, ಸೆರೆಮನೆಯಿಂದ ಹೊರಬಂದ ನಂತರ ಸಾವನ್ನು ಕೈಗೆ ತೆಗೆದುಕೊಳ್ಳುವ ಅಭ್ಯಾಸವು ಹೆಚ್ಚಾಗಿ ಬಲಗೊಂಡಿತು.",angry,kn
ಅಕೇಶಿಯಾ ಎಂದರೇನು? ಯಾವುದೇ ಬೆಂಕಿ ಇದೆಯೇ?,happy,kn
ಇದು ಜಿಲೇಬಿಯನ್ನು ಮಾಡುವಂತೆಯೇ ಇರುತ್ತದೆ. ಅಮರಾವತಿಯ ಜನರು ತಕ್ಷಣ ಅವರನ್ನು ಹೃದಯಕ್ಕೆ ತೆಗೆದುಕೊಂಡರು.,angry,kn
"ಸತ್ಯ ಅವರ ನಿಧನದ ನಂತರ, ಉದ್ಧವ್ ಅವರ ಮನಸ್ಸು ತೀವ್ರವಾಗಿ ಪ್ರಭಾವಿತವಾಗಿದೆ.",sad,kn
ಹಾಗಾದರೆ ಮೈತ್ರಿಗೆ ಶರಣಾಗುವ ಮುನ್ನವೇ ಚುನಾವಣೆಗೆ ಸ್ಪರ್ಧಿಸಬೇಕಿತ್ತು?,neutral,kn
ಅಲ್ಲಿ ಯಾರೂ ಇಲ್ಲ ಯಾಕೆ ಎಂದು ಭಟಾಳ್ಕರ್ ಕೇಳಿದಾಗ ಮುಖ ಗಂಟಿಕ್ಕುವುದು ಅಭ್ಯಾಸವಾಯಿತು.,angry,kn
"ಬಿದ್ದುಹೋದರೂ ಬಿಜೆಪಿ ಸುಧಾರಿಸುವುದಿಲ್ಲ, ಇದು ನೀಚತನದ ಪರಮಾವಧಿ.",angry,kn
"ಈಗ ಯಾರಿಗೆ ಮೋಸವಾಗಿದೆ ನೋಡಿ? ಮೂಳೆಯ ಬಗ್ಗೆ ಚಿಂತಿಸಿ, ನೀವು ಅದನ್ನು ನಂತರ ಕಂಡುಹಿಡಿಯುವುದಿಲ್ಲ",angry,kn
ಹಾಗಾಗಿ ಎಲ್ಲರೂ ಪ್ರಕಾಶ್ ಬಾಬಾ ಆಮ್ಟೆ ಆಗಿರಲಿಲ್ಲ,happy,kn
ಸಸ್ಯಾಹಾರಿ ಹಿಂದೂ ರಾಷ್ಟ್ರವೇಕೆ? ಹೌದಾದರೆ ಮಾಂಸಾಹಾರಿ ಹಿಂದೂಗಳ ಗತಿಯೇನು?,neutral,kn
ಹಿಂದೂ ಸಂಘಟನೆಯನ್ನೇ ಕೇಳಿದರೆ ಯಾವ ಮಟ್ಟದಲ್ಲಿ ಇಷ್ಟೊಂದು ಸಿಟ್ಟು ಬರುತ್ತಿದೆ ಎಂಬುದು ಭೋಸರಿಯ ಪ್ರಶ್ನೆ.,angry,kn
ತಲೆ ಅಲ್ಲಾಡಿಸುವ ನಂದಿ ಬೈಲ್ ಮುಖ್ಯಮಂತ್ರಿಯನ್ನು ಭೇಟಿ ಮಾಡಿದ್ದಾರೋ ಇಲ್ಲವೋ ಅರ್ಥವಾಗುತ್ತಿಲ್ಲ...,angry,kn
ಉಮೇದುವಾರಿಕೆ ರದ್ದಾಗುತ್ತದೆ ಎಂಬ ಕಾರಣಕ್ಕೆ ಈ ನಾಟಕ ಮಾಡಿರಬೇಕು,angry,kn
"ನೀವು ಕೋಪರ್ಡಿ ಬಗ್ಗೆ ಮಾತನಾಡುತ್ತಿಲ್ಲ, ಅಪರಾಧಿಗಳಿಗೆ ಇನ್ನೂ ಶಿಕ್ಷೆಯಾಗಿಲ್ಲ.",angry,kn
ಈ ಸಿಮೆಂಟ್ ರಸ್ತೆಗಳಿಂದಾಗಿ ಮಳೆಗಾಲದಲ್ಲಿ ನಗರಗಳು ಜಲಾವೃತಗೊಳ್ಳುತ್ತವೆ.,sad,kn
ಇದಕ್ಕೆ ಉತ್ತರವಾಗಿ ಭಕ್ತರು ಸಂತರ ವಂಶಾವಳಿ ಕೇಳುವುದಿಲ್ಲ ಎಂದು ಹೇಳುವರು.,neutral,kn
ಕರೋನಾ ಚಪ್ಪಾಳೆ ತಟ್ಟುತ್ತಾ ಹೊರಟುಹೋಯಿತು...ಮಳೆಗೆ ಏನಾದ್ರೂ ಇದೆಯಾ ನೋಡು??....,angry,kn
"ಸರ್, ನೀವು ಈ ಪರೀಕ್ಷೆಯಲ್ಲಿ ಫೇಲ್ ಆಗುತ್ತೀರಿ - ಸಮರ್ಪಿತ ಶಿವ ಸೈನಿಕ.",angry,kn
ಮುಖ್ಯಮಂತ್ರಿ ಹುದ್ದೆಯ ಮೇಲೆ ಕುಳಿತ ನಾನು ನಿಮ್ಮ ಮಂದಗತಿಯ ಚಿಂತನೆಯತ್ತ ಗಮನಹರಿಸಲಿಲ್ಲ ಎಂದು ಉತ್ಸುಕನಾಗಿದ್ದೆ.,angry,kn
ಮಾಧ್ಯಮ ಎಲ್ಲಿದೆ? ....ಹಾಗಾದರೆ ನೀನು ಕೂಲಿಗೆ ಯಾರು?,angry,kn
"ಅವರೂ ಚಪ್ಪಾಳೆ ತಟ್ಟಿ, ಹೇ ಮೇಡಂ, ನೀವು ಪತ್ರಕರ್ತರಾಗಿದ್ದರೆ ಹೇಳಿ.",neutral,kn
ಅದೇ ಹೆಸರಿನ ಖಾಸಗಿ ಲಿಮಿಟೆಡ್ ಕಂಪನಿಯಲ್ಲಿ ಅವ್ಯವಹಾರ ನಡೆದಿದೆ. ಅಂದರೆ ಓಡಿಹೋಗದವನು,neutral,kn
"ಛೇ, ಕಮಲಾಬಾಯಿಯ ಶಿಷ್ಯರು ದೇಶದ್ರೋಹಿಗಳ ಜೊತೆ ಮಾತಾಡಿ ಇಷ್ಟೊಂದು ಬಿಸಿ ತಟ್ಟುತ್ತಿರುವುದೇಕೆ?",angry,kn
ದ್ರೋಹಕ್ಕೆ ಕ್ಷಮೆ ಇಲ್ಲ..!! ಅವರ ವಿರುದ್ಧ ಕ್ರಮ ಕೈಗೊಳ್ಳಲಾಗುವುದು..!!!,angry,kn
ಇಂದಿಗೂ ಹುಡುಗರು ಶಾಲೆಗೆ ಮೂರ್ನಾಲ್ಕು ಕಿಲೋಮೀಟರ್ ನಡೆದುಕೊಂಡು ಹೋಗುತ್ತಾರೆ.,sad,kn
% ಅಪಮಾನ ಮಾಡಿದ್ದು ನಿಜ...ಬಿಜೆಪಿ ಮಹಾರಾಷ್ಟ್ರ ಜೊತೆಗಿದೆ...,angry,kn
"ಚಾಲಕ ಶ್ರೀಮಂತನಾಗಿ ಕಾಣುತ್ತಾನೆ, ಕಳ್ಳನು ಭಿಕ್ಷುಕನಾಗುತ್ತಾನೆ, ಆದ್ದರಿಂದ ಅವನನ್ನು ನಿಮ್ಮ ಹೃದಯದಿಂದ ಕ್ಷಮಿಸಿ. - ಉದಾರವಾದಿ",neutral,kn
ತಲೆಯ ಮೇಲೆ ಬಿದ್ದರೆ ಏನಾಗುತ್ತದೆ? ಗೌರವಾನ್ವಿತ. ಬಾಳಾ ಸಾಹೇಬರಿಗೆ ಮೊದಲಿನಿಂದಲೂ ಕಾಂಗ್ರೆಸ್ ಮತ್ತು ನ್ಯಾಶನಲಿಸ್ಟ್ ಕಾಂಗ್ರೆಸ್ ಬೇಡವಾಗಿತ್ತು.,angry,kn
ನಮ್ಮ ದುರದೃಷ್ಟವಶಾತ್ ಇಂತಹ ಪತ್ರಕರ್ತರು ಮರಾಠಿಯಲ್ಲಿದ್ದಾರೆ,sad,kn
ರಾಜ್ ಸಾಹೇಬರು ಆ ಅಜ್ಜನನ್ನು ತೆಗೆದದ್ದು ಹೇಗೆ ಗೊತ್ತಾ?,angry,kn
ಈ ಜಾತಿ ಹನ್ನೆರಡು ಮನೆಯಲ್ಲಿ... ದಪ್ಪಕನ್ ಪಿಟ್ ನಲ್ಲಿ,angry,kn
"ಅವರು ಕುಳಿತಾಗ, ಅವರಿಗೂ ಕೆಟ್ಟ ಭಾವನೆ ಉಂಟಾಗುತ್ತದೆ.",angry,kn
"ಮೊದಲು ನಿಮ್ಮನ್ನು ನೋಡಿ, ಪುರಂದರರಿಗೆ ಗುಂಪಿನಲ್ಲಿ ಉಳಿದವರು ಸಿಗುತ್ತಾರೋ ಇಲ್ಲವೋ ನೋಡಿ",neutral,kn
"ಪ್ರತಿಯೊಬ್ಬರೂ ದರ್ಗಾ ಮತ್ತು ಮಸೀದಿಗಳನ್ನು ನೋಡುವ ಅಭ್ಯಾಸವನ್ನು ಹೊಂದಿದ್ದಾರೆ, ಆದ್ದರಿಂದ ಇದು ಸ್ವೀಕಾರಾರ್ಹವಲ್ಲ.",neutral,kn
"ನಿಮ್ಮ ಬಳಿ ಧೋತಿ ಏಕೆ ಇಲ್ಲ ಎಂದು ಈಗ ನನಗೆ ಅರ್ಥವಾಯಿತು, ನೀವು ಚಿಂದಿಯಿಂದ ತೆಳುವಾದ ಕುಪ್ಪಸವನ್ನು ಸಂಗ್ರಹಿಸಿದ್ದೀರಿ.",angry,kn
"ಮುಂದೆ ಏನಾಯಿತು, ಅದು ಮುರಿದುಹೋಗಿದೆಯೇ?",angry,kn
ಚಂಪಾ ಅವರ ಕೆಲಸವೇನು?,angry,kn
ನೀವು ಯಾವ ಕೋರ್ಸ್ ಮಾಡುತ್ತಿದ್ದೀರಿ?,angry,kn
ನನಗೆ ಇನ್ನೂ ಅರ್ಥವಾಗುತ್ತಿಲ್ಲ,neutral,kn
"ಇದರಿಂದ ಮರುಸಂಘಟಿತ ರೈತರಿಗೆ ಅನ್ಯಾಯವಾಗಿದೆ, ನಮಗೆ ಯಾವುದೇ ಪ್ರಯೋಜನವಾಗುತ್ತಿಲ್ಲ",sad,kn
"ಇದನ್ನು ಓಡಿಹೋಗುವುದು ಎಂದು ಕರೆಯಲಾಗುತ್ತದೆ, ಹಿಮ್ಮೆಟ್ಟುವುದಿಲ್ಲ, ಇದು ಪ್ರಾರಂಭವಾಗಿದೆ.",angry,kn
ಜನರು ಧರಸೋದ್ ಧೋರಣೆಯ ಮೇಲೆ ಮತ ಹಾಕುತ್ತಾರೆ ಎಂಬುದು ದೊಡ್ಡ ತಪ್ಪು ಕಲ್ಪನೆ.,angry,kn
ಭಾರತ ಯಾವಾಗ ಒಡೆಯಿತು ಅಥವಾ ಭಾರತವನ್ನು ಒಂದುಗೂಡಿಸಲು ನೀವು ಆಂದೋಲನ ಮಾಡುತ್ತಿದ್ದೀರಾ?,angry,kn
"ಹೇ ಸರ್, ಯಾರು ಪಂದ್ಯಗಳನ್ನು ಓದುವುದಿಲ್ಲ, ನೀವು ನಿಮ್ಮ ಅಭಿಪ್ರಾಯಗಳನ್ನು ಏಕೆ ವ್ಯಕ್ತಪಡಿಸುತ್ತಿದ್ದೀರಿ?",neutral,kn
ಸೇನೆಯ ಉದ್ವಿಗ್ನತೆ ಹೆಚ್ಚಿದೆ! ಶಾಸಕ ಏಕನಾಥ್ ಶಿಂಧೆ ನಂತರ ಉದ್ಧವ್ ಠಾಕ್ರೆ ಅಭ್ಯರ್ಥಿ ಕಣಕ್ಕಿಳಿಯುತ್ತಾರಾ?,happy,kn
ಎಂದಿನಂತೆ ಇದು ಬಿಜೆಪಿಯ ಐಟಿ ಸೆಲ್ ಬೇಬಿ ಮಾಡಿದ ಹುಸಿ ಕೆಲಸ...,angry,kn
ಅತುಲ್ ತಲೆಗೆ ಗಾಯವಾಗಿರುವುದು ಖಚಿತವಾಗಿದೆ.,angry,kn
"ಬಾಳಾ ಸಾಹೇಬರ ಪಕ್ಷ, ಅವರು ಪಕ್ಷ ಶುರು ಮಾಡಿ ಮುಗಿಸಿದರು, ಅದು ಅವರ ಆಸೆ, ನಮಗೇನು ಸಂಬಂಧ?",happy,kn
ಈ ಭ್ರಷ್ಟ ಚಾಗ್ನಾ ನಮಗೇಕೆ ಕಲಿಸಬೇಕು?,angry,kn
ಬಿಜೆಪಿಯಿಂದಾಗಿ ಪುಣೆಯಲ್ಲಿ ಎಲ್ಲವೂ ಮೈನಸ್ ಆಗಿದೆ,sad,kn
ಕರ್ತವ್ಯ ನಿರ್ವಹಿಸುವಾಗ ಹುತಾತ್ಮರಾದ ನನ್ನ ಎಲ್ಲಾ ಪೊಲೀಸ್ ಸಹೋದರರಿಗೆ ಭಾವಪೂರ್ಣ ಶ್ರದ್ಧಾಂಜಲಿ.,happy,kn
ಆಗಲೇ ನಿರ್ಧಾರ ತೆಗೆದುಕೊಂಡಿದ್ದರೆ ಸಭೆಯಲ್ಲಿ ಯಾವ ಮುಖ ಇಟ್ಟುಕೊಂಡು ಹೇಳಲಾಗಿದೆ?,angry,kn
"ಅಲ್ಲಿ ಹಣ ಸಿಕ್ಕಿದೆ, ಇಲ್ಲಿ ಬಿಜೆಪಿ ಬಲಿಷ್ಠವಾಗಿದೆ, ಹೀಗಾಗಿ ಯಾರಿಗೂ ಹಣ ನೀಡಿಲ್ಲ, ಹೀಗಾಗಿ ಇದೆಲ್ಲ.",angry,kn
"ಈ ಇತಿಹಾಸ ಮರುಕಳಿಸುತ್ತಿದೆ. ಅದು ದೇಹಕ್ಕೆ ಬಂದರೆ, ಕೊಂಬುಗಳಿಗೆ ತೆಗೆದುಕೊಳ್ಳಿ.",happy,kn
ಬಿಜೆಪಿಯವರೇ ನಿಮ್ಮ ಪರಿಸ್ಥಿತಿ ಮುಂದಿನ ದಿನಗಳಲ್ಲಿ ತೀರಾ ಹದಗೆಡಲಿದೆ.,angry,kn
'ಮರಾಠಿ ಅಸ್ಮಿತಾ ವಾರ್ಲಿಯ ರೇ ಕಿ ಗುತಾರ್ಚಾ' ಇಷ್ಟವಾಗತೊಡಗಿತು.,angry,kn
ಬಿಜೆಪಿ ನಾಯಕರು ವಿನಾಶದ ಕಾಲಕ್ಕೆ ವಿರುದ್ಧವಾಗಿ ಬುದ್ಧಿವಂತಿಕೆಯಿಂದ ಹೊರಟಿದ್ದಾರೆ.,angry,kn
ಹಿಂದೂ ಹೆಣ್ಣುಮಕ್ಕಳಿಗೆ ಬುದ್ಧಿ ಬರುವವರೆಗೂ ಇದು ಮುಂದುವರಿಯುತ್ತದೆ,angry,kn
ಅನಕ್ಷರಸ್ಥರು ಅನಕ್ಷರಸ್ಥರು,angry,kn
ಸಂಜಯ್ ಜಾಧವ್ ರಾಜ್ಯಸಭೆಯಲ್ಲಿ ಸೋತಾಗ ಸಂಸ್ಕೃತಿ ಎಲ್ಲಿ ಹೋಯಿತು? ಬಾಕ್ಸ್ ಅಸ್ಪಷ್ಟತೆ,angry,kn
ಲಯ ಬದಲಾಗುತ್ತಿದೆ,angry,kn
ಸತಾರಾದಲ್ಲಿ ಕಾರು ಮತ್ತು ಟೆಂಪೋ ನಡುವೆ ಮಾರಣಾಂತಿಕ ಡಿಕ್ಕಿ; ಜನರು ಸ್ಥಳದಲ್ಲೇ ಸಾವನ್ನಪ್ಪಿದ್ದಾರೆ,sad,kn
"ಇವು ದೇಶದ್ರೋಹಿಗಳ ಪ್ಯಾದೆಗಳು,",angry,kn
ಇಷ್ಟು ದೊಡ್ಡ ಮೊತ್ತದ ಹಣ ಎಲ್ಲಿಂದ ಬರುತ್ತದೆ ಎಂಬ ಪ್ರಶ್ನೆಯನ್ನು ಎಲ್ಲ ಜನ ಸಾಮಾನ್ಯರು ಕೇಳುತ್ತಾರೆ.,happy,kn
ನಾವು ಈಗ ಎಷ್ಟು ದಿನ ಕಾಯಬೇಕು ಎಂದು ನೀವು ಟ್ವೀಟ್ ಮಾಡಿದಾಗ ಅದನ್ನು ಏಕೆ ಹಾಕಲಿಲ್ಲ,angry,kn
ಬೇರೆ ಹೆಸರನ್ನು ಸೂಚಿಸಿಲ್ಲವೇ? ಅಫ್ಜಲ್ ಖಾನ್ ಏಕೆ?,angry,kn
ಮೌನಮೋಹನರಂತೆ ಮೌನವಾಗಿರುವುದನ್ನು ಕಲಿತರೂ ಸಾಧಿಸುವುದು ಬಹಳಷ್ಟಿದೆ,angry,kn
"ದೇಶ-ರಾಜ್ಯದ ಬ್ಯಾಂಡ್ ಬಾರಿಸಲಾರಂಭಿಸಿದೆ, ಆದರೆ ಬಡವರ ಬಳಿ ಹೋದವರ ಬ್ಯಾಂಡ್ ಬಾರಿಸಲಾರಂಭಿಸಿದೆ.",angry,kn
ಮತ್ತು ದ್ರೋಹಕ್ಕೆ ಧನ್ಯವಾದಗಳು !!!!!,angry,kn
ಅವನು ಭಿಕ್ಷುಕ.. ಯಾರೂ ಕೇಳದಿದ್ದರೂ ಭಿಕ್ಷೆ ಬೇಡುತ್ತಾನೆ. ಚಾಮ್ಯಾ!,angry,kn
"ಸುಣ್ಣ ಕಮಿಷನ್ ಇದೆ, ಸುಣ್ಣ ಹಾಕುವ ಕೆಲಸ ಮಾತ್ರ ನಡೆಯುತ್ತಿದೆ.",angry,kn
"ಆದ್ದರಿಂದ, ಹೆಸರಿಸುವ ವಿಭಾಗವು ಅವುಗಳನ್ನು ಮರುನಾಮಕರಣ ಮಾಡಲು ನಿರ್ಧರಿಸಿದೆ - ""ಫ್ಲಟರಿಂಗ್ ಕ್ಯಾಸಾವಿಸ್""!!",angry,kn
ಮಾಡಲೇ ಬೇಕು... ನಾನೇಕೆ ಕೆಂಪಾಗಬೇಕು... ಆಗಬೇಕು?,neutral,kn
ಇದು ಒಂದು ತೋಟಗಾರನಲ್ಲಿ ಎಲ್ಲಾ ಹಣ. ರಾಜಕೀಯವನ್ನು ಕಡಿಮೆ ಮಾಡಿ ಮತ್ತು ನಿರುದ್ಯೋಗದ ಮೇಲೆ ಕೇಂದ್ರೀಕರಿಸಿ,neutral,kn
ಈ ಸುಳ್ಳನ್ನು ತೋರಿಸಬೇಕಾಗುತ್ತದೆ...ಇಲ್ಲದಿದ್ದರೆ ಅವರ ಪಕ್ಷ ಉಳಿಯುವುದು ಹೇಗೆ ಮತ್ತು ಅವರ ಮನೆ ತುಂಬುವುದು ಹೇಗೆ.,angry,kn
ಎಲ್ಲ ಪಕ್ಷಗಳೂ ಈ ವಂಚಕ ಷಡ್ಯಂತ್ರ ನಡೆಸುತ್ತಿವೆ ಎಂದು ಹೇಳಲಾಗದು.,angry,kn
ನಾನು ಸಾಯುತ್ತಿದ್ದೇನೆಯೇ? ನೀನು ನನ್ನ ಕಣ್ಣುಗಳನ್ನು ತೇವಗೊಳಿಸಿದೆ!,sad,kn
ಶಿವಸೇನೆಯ ಚುನಾವಣಾ ಚಿಹ್ನೆಯನ್ನು ವಶಪಡಿಸಿಕೊಳ್ಳುವುದು ಅವರ ಏಕೈಕ ಉದ್ದೇಶವಾಗಿತ್ತು.,angry,kn
ನಾವು ಯಾರಿಗಾದರೂ ದೂರು ನೀಡಬೇಕಾದರೆ ಅನೇಕ ರಿಕ್ಷಾ ಟ್ಯಾಕ್ಸಿ ಚಾಲಕರು ನಿರಾಕರಿಸುತ್ತಾರೆ.,neutral,kn
ಈ ಮನುಷ್ಯ ಮಹಾರಾಷ್ಟ್ರದಲ್ಲಿ ಬರ ತರುತ್ತಾನೆ,angry,kn
ನೀವು ನೀರಜ್ ಚೋಪ್ರಾ ಅವರಿಗಿಂತ ಬಹಳ ಮುಂದೆ ಹೋಗಿದ್ದೀರಿ.,happy,kn
ಇದು ತೇವವಾಗಿತ್ತು?,neutral,kn
ಮನುಷ್ಯ ಎಂಬ ಕಾರಣಕ್ಕೆ ಬಯಲಿಗೆಳೆದು ಹೊಡೆಯಬೇಕು’ ಎಂದು ಹೇಳಿದರು.,angry,kn
"ಮುಂಬೈ ಪ್ರತಿ ವರ್ಷ ನಡೆಯುತ್ತದೆ, ಅದರ ಶಿಲ್ಪಿಗಳ ಬಗ್ಗೆಯೂ ಮಾತನಾಡುತ್ತಾರೆ.",angry,kn
"ದಾದಾ, ನಮಗೆ ಭಿಕ್ಷೆ ಬೇಡುವ ಅಭ್ಯಾಸವಿಲ್ಲ.",happy,kn
ಇದು ಉದ್ಧವ್ ಠಾಕ್ರೆ ಅವರಿಗೆ ಚುನಾವಣೆಯಲ್ಲಿ ಗೆಲ್ಲಲು ಅನ್ಯಾಯದ ವಾತಾವರಣವಾಗಿದೆ.,angry,kn
ಮತ್ತು ಇದು ನಿಜವಾಗಿದ್ದರೆ ಅವನು ಬೆತ್ತಲೆಯಾಗಿ ಕತ್ತೆಯ ಮೇಲೆ ಕುಳಿತುಕೊಳ್ಳುತ್ತಾನೆಯೇ ????,angry,kn
ಈ ಉಲ್ಲೇಖವು ವೈಶಾಖ್ ನಂದನ್ ಅವರದ್ದು....,angry,kn
"ಬಿಜೆಪಿ ರಾಜವಂಶವನ್ನು ಕೊನೆಗಾಣಿಸಲು ಬಯಸುತ್ತದೆ, ಆದ್ದರಿಂದ ಈ ಕನಸುಗಳನ್ನು ಕಾಣಬೇಡಿ ರಾಜ್ ಸಾಹೇಬ್.",neutral,kn
ನೀವು ಯಾವಾಗಲೂ ಅವರ ಅನಿಯಮಿತ ವಿದ್ಯುತ್ ಪೂರೈಕೆಯನ್ನು ಬಳಸುತ್ತೀರಿ ಮತ್ತು ಅವರ ಸಾಮಾನ್ಯ ಬಿಲ್‌ಗಳನ್ನು ಸಮಯಕ್ಕೆ ಪಾವತಿಸಿ.. ಇದು ಅವರ ಶಿಕ್ಷೆ..,angry,kn
"ಅಭಿವೃದ್ಧಿ, ಸ್ಮಾರ್ಟ್ ಸಿಟಿ ಹೆಸರಿನಲ್ಲಿ ಸಾರ್ವಜನಿಕರ ವಂಚನೆ, ರಾಜಕಾರಣಿಗಳ ಸಂಪತ್ತು ಕಾಣುತ್ತಿದೆ.",angry,kn
ಬಾರಾಮತಿಯ ಈರುಳ್ಳಿ ಮಾತ್ರವಲ್ಲದೆ ಇಡೀ ಭೂಮಿಯೇ ಹಾಳಾಗಿದೆ.,angry,kn
ಕಡಿಮೆ ಮಟ್ಟದ ಆಲೋಚನೆಯನ್ನು ನೋಡಿ. ಇಂತಹ ವಿಕೃತ ಮನಸ್ಥಿತಿ ಸಮಾಜಕ್ಕೆ ಅತ್ಯಂತ ಅಪಾಯಕಾರಿ.,angry,kn
"ಅಸಹಾಯಕತೆ, ನಿಮಗೆ ಏನು ಅನ್ವಯಿಸುತ್ತದೆ?",neutral,kn
ಸುಂಭ ಸುಟ್ಟರೂ ಇನ್ನೂ ಪಿಲ್ ಹೋಗಿಲ್ಲ,neutral,kn
ನಮ್ಮ ನೆರೆಮನೆಯ ರವಿಯೊಂದಿಗೆ ನಾವು ಜಗಳವಾಡಿದ್ದೇವೆ ಆದ್ದರಿಂದ ಈ ವರ್ಷ ರವಿಯ ಲಾಡೂ ರದ್ದುಗೊಂಡಿತು!,neutral,kn
ನಕ್ಕಿ ಬಾಳಾ ಸಾಹೇಬ್ ಸೋದರ ಮಾವ ಏಕೆಂದರೆ ಕಮಲಾಬಾಯಿ ಹೆಗಲ ಮೇಲೆ ಬಂದೂಕು ಹಿಡಿದು ದೇಶದ್ರೋಹಿಗಳ ಅಜೆಂಡಾ ನಡೆಸಿದ್ದಾಳೆ.,angry,kn
"ನಾನು ಒಪ್ಪುತ್ತೇನೆ, ಸಂಜಯ್ ಇದನ್ನು ಮಾಡಬೇಕು. ಬುದ್ಧ",angry,kn
ಶಾಂಡಿ ಜಾನೆವೇ ಪ್ರಾಚೀನ ಕಾಲದಿಂದಲೂ ಏನನ್ನೂ ತಿನ್ನುತ್ತಿದ್ದಾನೆ... ಮಣ್ಣು ಕೂಡ.,angry,kn
ಶಾರ್ಟ್ಸ್ ನಲ್ಲಿ ಅಲ್ಲ..ಗುದದ್ವಾರದಲ್ಲಿ,angry,kn
ಇದು ಸರಿಯಲ್ಲ ಅಧ್ಯಕ್ಷರೇ. ಸಮಯವು ಯಾರನ್ನೂ ಆಕ್ರಮಣ ಮಾಡಬಹುದು,neutral,kn
ಶುಭೋದಯ!!! ಇಂದು ಕಣ್ಣೀರಿನ ಮುಖಗಳು ಮತ್ತು ಕಣ್ಣೀರಿನ ಪ್ರತಿಕ್ರಿಯೆಗಳನ್ನು ನೋಡಲು ಸಿದ್ಧರಾಗಿ...,neutral,kn
ಆತ್ಮಗೌರವವನ್ನು ಮಾರಿಕೊಂಡು ಅಧಿಕಾರಕ್ಕೆ ಬಂದಿರುವ ನೀವು ದೇವೇಂದ್ರ ಜೀ ಬಗ್ಗೆ ಮಾತನಾಡಲು ಅರ್ಹರಲ್ಲ.,angry,kn
ಬುದ್ಧಿಮತ್ತೆಯಲ್ಲಿ ನಿರಂತರ ಸುಧಾರಣೆಯ ಅವಶ್ಯಕತೆ ಇದೆ ದಾಸಾ ಜೀ!! ನೀನು ಕೂಡ ಪಪ್ಪುವಿನಂತೆ,angry,kn
ಹೀಗಾದರೆ ಮಹಾರಾಷ್ಟ್ರಕ್ಕೆ ಎಷ್ಟು ಉದ್ಯಮಿಗಳು ಬರುತ್ತಾರೆ...,angry,kn
ನಿಮ್ಮಂತಹ ದೇಶದ್ರೋಹಿಗಳು ಈ ಬಗ್ಗೆ ಚಿಂತಿಸುವ ಅಗತ್ಯವಿಲ್ಲ.,angry,kn
ನಿಜವಾದ ಕಾಂಗ್ರೆಸಿಗರೇ... ಇನ್ನೂ ಕಾರಿನಲ್ಲಿ ಸಿಕ್ಕಿಬಿದ್ದಿದ್ದಾರೆ.,neutral,kn
"ಮತ್ತು ಹೇಳಿ, ನಾನು ಬಾಳಾ ಸಾಹೇಬರ ನಿಜವಾದ ಶಿವಸೈನಿಕ ಮತ್ತು ದಿಘೆ ಸಾಹೇಬರ ಶಿಷ್ಯ! ಮೂಳೆ ದ್ರೋಹಿ",angry,kn
ನೀನು ಇಷ್ಟು ಹಳ್ಳಿಯಂತಾಗುತ್ತೀಯಾ... ಆಚಾರ್ಯನ ಬದಲು ಹಳ್ಳಿಯವನನ್ನಾಗಿ ಮಾಡುತ್ತೀಯಾ ಎಂದು ನಾನು ಅಂದುಕೊಂಡಿರಲಿಲ್ಲ.,angry,kn
ಮರಾಠ ಮೀಸಲಾತಿಯ ಬೇಡಿಕೆ ತುರಿಕೆಯೇ? ಸಾವಂತ್ ರಾಜೀನಾಮೆಗೆ ಎನ್‌ಸಿಪಿ ಒತ್ತಾಯಿಸಿದೆ.,angry,kn
ಶ್ರೀ ಬಾಳಾ ಸಾಹೇಬರು ದೇಶದ್ರೋಹಿ ಅಲ್ಲ ಎಂದು ಈಗ ಠಾಕ್ರೆ ನಿಮಗೆ ಕಲಿಸುತ್ತಾರೆ.,angry,kn
ನಾಗ್ಪುರದ ಜನರು ಮರಾಠಿ ಮತ್ತು ಹಿಂದಿ ಮಾತನಾಡುವುದೇಕೆ...,neutral,kn
ಇಂದು ಹಾಸಿಗೆಯಲ್ಲಿ ನೀರಿನ ದಿನ,neutral,kn
ಕಮಲವು ಬೆಳೆಯುವುದಿಲ್ಲ ಎಂದು ಅದು ಸಂಭವಿಸುತ್ತದೆ,neutral,kn
"ನಾಯಕತ್ವ ಏಕೆ? ನಿಮ್ಮ ಮೋದಿ ಅತ್ಯಾಚಾರಿಗಳಿಗೆ ಅಲ್ಲಿಗೆ ಹೋಗಲು ಬಿಡುತ್ತಿದ್ದಾರೆ, ಕಣ್ಣು ತೆರೆಯಿರಿ..!!",angry,kn
ಯಾಕೆ ಈ ಅನ್ಯಾಯ? ಈ ವ್ಯವಸ್ಥೆಯು ಸ್ವಾಯತ್ತ ಸಂಸ್ಥೆಯಾಗಿದ್ದರೆ ಅಂತಹ ತಾರತಮ್ಯ ಏಕೆ ??,angry,kn
ಏನೂ ಆಗುವುದಿಲ್ಲ. ಈಗ ಅದು ಮುಗಿದಿದೆ.,neutral,kn
ಮೊದಲು ಮತ್ತು ಈಗ ಅಲ್ಲ,neutral,kn
ಅತಿಯಾದ ಆತ್ಮವಿಶ್ವಾಸ ಎಲ್ಲಿಂದ ಬರುತ್ತದೆ?,happy,kn
ಆದರೆ ಅವನು ನಿನ್ನ ಮೇಲೆ ಏಕೆ ಕೋಪಗೊಂಡಿದ್ದಾನೆ? ಆ ಟ್ವೀಟ್ ಚೇಷ್ಟೆಯಂತಿದೆ.,angry,kn
"ರಾವುತ್, ಅಂಧಾರೆ, ಜಾಧವ್, ಸಾವಂತ್ ಹೀಗೆ ನಿಂದನೀಯ ಭಾಷೆ ಬಳಸುತ್ತಿದ್ದಾರೆ ಏಕೆಂದರೆ ಎಲ್ಲರೂ ಉಳಿದ ಸೇನೆಯನ್ನು ಪ್ರವೇಶಿಸಿದ್ದಾರೆ.",angry,kn
ಶಿವಸೇನೆ ಉದ್ಧವ್ ಬಾಳಾಸಾಹೇಬ್ ಠಾಕ್ರೆ ಪಕ್ಷದ ಮುಖಂಡ ಶಾಸಕ ಭಾಸ್ಕರ್ ಜಾಧವ್ ಅವರ ಮನೆ ಮೇಲೆ ದಾಳಿ ನಡೆಸಲು ಯತ್ನಿಸಿದರು.,angry,kn
ಕರಿಷ್ಮಾ ಕಾಕು ಅವರನ್ನು ಖಂಡಿಸಿದ್ದಾರೆ ಎಂದು ನಾನು ಅರ್ಥಮಾಡಿಕೊಂಡಿದ್ದೇನೆ,neutral,kn
ಯಾರು ಎಲ್ಲಾ ಕೀಟಗಳನ್ನು ತೃಪ್ತಿಪಡಿಸುತ್ತಾರೆ ಮತ್ತು ಪೋಷಿಸುತ್ತಾರೆ,angry,kn
ನಿಮ್ಮನ್ನೂ ಜೈಲಿಗೆ ಹಾಕಬೇಕು ಎಂದು ಪಾಟೀಲ್ ಹೆಸರು ತರುತ್ತಿದ್ದಾರೆ,angry,kn
ವರ್ಷಗಟ್ಟಲೆ ಹೊಲಸು ರಾಜಕಾರಣ ಮಾಡಿದರೂ ಅವರ ಪರವಾಗಿಯೇ ನಿಂತಿರುವುದು ಅಚ್ಚರಿಯ ಸಂಗತಿ.,happy,kn
ಗಂಟೆ ಪರವಾಗಿಲ್ಲ. ....ಏನನ್ನೂ ಬಗ್ಗಿಸಲಾರೆ.,neutral,kn
ಅದು ತನ್ನ ಕೆಳಗಿನ ಕತ್ತಲನ್ನು ನೋಡಲಾರದು.,angry,kn
ಮೇಲಿನ ಟ್ವೀಟ್ ಉಳಿಸಿ ಋಣ ತೀರಿಸುವ ಬಗ್ಗೆ ಮಾತನಾಡಿದ ವ್ಯಕ್ತಿಗೆ ಏನಾಯಿತು?,angry,kn
ಆದರೆ ಇದೊಂದು ಧರ್ಮಯುದ್ಧ.,neutral,kn
ಈ ಅತ್ಯಾಚಾರಿಗಳ ಮೇಲೆ ಸಿಬಿಐ ತನಿಖೆ ಯಾವಾಗ?,angry,kn
ಅಭಿವ್ಯಕ್ತಿ ಸ್ವಾತಂತ್ರ್ಯದ ಬಗ್ಗೆ ಮಾತನಾಡಲು ನಿಮಗೆ ನಾಚಿಕೆಯಾಗುವುದಿಲ್ಲವೇ?,angry,kn
"ಇವು ಬವಾಂಕುಲವಲ್ಲ, ದೂಧಖುಲ",angry,kn
ಹಣದುಬ್ಬರವು ತುಂಬಾ ಹೆಚ್ಚಾಗಿದೆ ಮತ್ತು ಅದನ್ನು ಕಡಿಮೆ ಮಾಡಲು ನಿಮ್ಮ ಬಾಸ್‌ಗೆ ಹೇಳಿ,angry,kn
"ಓ ಬುದ್ದಿವಂತನೇ, ಆ ರತ್ನಗಿರಿ ಹುಡುಗನಿಗೂ ಕಲಿಸು.",angry,kn
"ನಮ್ಮ ನಾಚಿಕೆಯನ್ನು ನಾವು ನೋಡುತ್ತೇವೆ, ನಿಮ್ಮಂತಹ ದೇಶದ್ರೋಹಿ ಇದನ್ನು ಹೇಳಲು ಅಗತ್ಯವಿಲ್ಲ,",angry,kn
ಕಷ್ಟವಾಗಿದೆ,neutral,kn
ಕರ್ತವ್ಯದ ವೇಳೆ ಹುತಾತ್ಮರಾದ ಯೋಧರಿಗೆ ಶ್ರದ್ಧಾಂಜಲಿ.,happy,kn
ಕಪ್ಪು ಗಡ್ಡ ಮಹಾರಾಷ್ಟ್ರಕ್ಕೆ ದೊಡ್ಡ ಸಂಕಟ ತಂದಿದೆ. ಜನರು ಇದನ್ನು ಮರೆಯುವುದಿಲ್ಲ,angry,kn
ಕಳಪೆ MNS. ಯಾವುದೇ ದ್ರವ್ಯರಾಶಿ ಉಳಿದಿಲ್ಲ. ಕದನವಿರಾಮದ ಆಧಾರ,sad,kn
"ಇಲ್ಲ, ನೀವು ಏನು ಮಾತನಾಡುತ್ತಿದ್ದೀರಿ ಎಂಬುದು ನನಗೆ ಅರ್ಥವಾಗುತ್ತಿಲ್ಲ",neutral,kn
ಈ ಜನರು ನನ್ನೊಂದಿಗೆ ಜಗಳವಾಡುತ್ತಿದ್ದಾರೆ,angry,kn
ಇಂದು ಪುಣೆಯ ಮಳೆಯಲ್ಲಿ ಬೆರೆತರೂ ಕೊಚ್ಚಿಕೊಂಡು ಹೋಗುತ್ತದೆ.,neutral,kn
ಕಪಟ ಅಣಜಿ ಪಂತ್ ಪಿತೂರಿ,angry,kn
ಇದು ನ್ಯಾಯಾಲಯ ಏನು ಹೇಳಬೇಕು ಎಂಬುದರ ಮೇಲೆ ಪರೋಕ್ಷವಾಗಿ ಒತ್ತಡ ಹೇರುವ ಪ್ರಯತ್ನವೇ?,happy,kn
ರಾಜ್ಯ ಸರಕಾರ ಇತ್ತೀಚೆಗೆ ಜಿಲ್ಲಾ ಉಸ್ತುವಾರಿ ಸಚಿವರನ್ನು ಘೋಷಿಸಿದೆ. ಇದಕ್ಕಾಗಿ ಸರ್ಕಾರವನ್ನು ಟೀಕಿಸಲಾಗುತ್ತಿದೆ.,neutral,kn
ಟಾರ್ಚ್ ಹೊಗೆಯನ್ನು ಹೇಗೆ ಬಿಡುಗಡೆ ಮಾಡುತ್ತದೆ ಎಂಬುದನ್ನು ಈಗ ನೋಡಿ,neutral,kn
ಇತ್ತೀಚಿನ ದಿನಗಳಲ್ಲಿ ಸಾವಿನ ಪ್ರಮಾಣ ಇದ್ದಕ್ಕಿದ್ದಂತೆ ಹೆಚ್ಚುತ್ತಿದೆ.,happy,kn
ಇಲ್ಲ ಮತ್ತು ಇನ್ನೂ ಇಲ್ಲ,neutral,kn
"ಇದು ಆರಂಭವಷ್ಟೇ, ಈಗ ದೇಶದ್ರೋಹಿಗಳಿಗೆ ಶಾಕ್ ಆಗಲಿದೆ",angry,kn
ದೇಶದಲ್ಲಿ ಆರ್ಥಿಕ ಹಿಂಜರಿತ ಉಂಟಾಗಿರುವುದರಿಂದ ಈಗ ಇದನ್ನು ಹೇಳುವುದಿಲ್ಲ.,angry,kn
ನೀವು ಎಷ್ಟು ಒಂಟಿಯಾಗಿದ್ದೀರಿ ಎಂದು ನನಗೆ ನಗು ಬರುತ್ತದೆ.,angry,kn
"ಪ್ರಕೃತಿಗೆ ಏನೂ ಗೊತ್ತಿಲ್ಲ, ಬಿಸಿಯೂಟ ಹೆಚ್ಚುತ್ತಿದೆ ಅದರ ಜೊತೆಗೆ ಮಳೆಯೂ ಬರುತ್ತಿದೆ.",happy,kn
ನೀವು ಮಣ್ಣನ್ನು ತಿಂದಿದ್ದೀರಿ...ಈಗ...!!,angry,kn
"ಓಹ್, ಯಾರಾದರೂ ನಿಮ್ಮತ್ತ ಗಮನ ಹರಿಸುತ್ತಿದ್ದಾರೆಯೇ, ನೀವು ಏಕೆ ಬಾಂಬ್ ಹಾಕುತ್ತಿದ್ದೀರಿ?",angry,kn
ಮತ್ತೆ ನೀರಿಗೆ ಹೋದರು.... ನಾಯಕರು ಊಟದಲ್ಲಿ ನಿರತರಾಗಿದ್ದಾರೆ.... ಪರ್ಸೆಂಟೇಜ್ ತೆಗೆದುಕೊಳ್ಳಿ ಅಥವಾ ಕೆಲಸ ಮಾಡಿ....,angry,kn
ಎಷ್ಟೇ ಪರೀಕ್ಷೆ ಬರೆದರೂ ಯಶಸ್ಸು ಸಿಗುವುದಿಲ್ಲ.,sad,kn
"ಅವರು ಖಂಡಿತಾ ಹೇಳ್ತಾರೆ ಆದರೆ ಹೀಗಲ್ಲ, ಬಾಳಾ ಸಾಹೇಬರ ಶಿವಸೇನೆಯ ದ್ರೋಹಿಗಳನ್ನು ಸೋಲಿಸಬೇಕು ಅಂತ ಹೇಳ್ತಾರೆ.",angry,kn
ಈಗ ನಾನು ಅದಕ್ಕೆ ಸಹಾಯ ಮಾಡಲಾರೆ,neutral,kn
"...ಹಾಗಾದ್ರೆ ಮಿಥುನ್ ಚಕ್ರವರ್ತಿ ಜೊತೆ ಹೇಮಾ ಮಾಲಿನಿ ಹೊಡೆದಾಟ, 'ಇನ್ಟಿಮೇಟ್' ಸೀನ್ ಬಗ್ಗೆಯೂ ಮಾತಾಡಿದೆ!",neutral,kn
ಟ್ರೋಲ್ ಮಾಡಲು ಬೇರೊಬ್ಬರನ್ನು ಏಕೆ ಹುಡುಕಲಾಗಲಿಲ್ಲ?,angry,kn
ವೈಗಂಗಾ ಮತ್ತು ಚುಲಬಂಧ್ ನದಿಗಳಲ್ಲಿ ಪ್ರವಾಹದಿಂದಾಗಿ ಲಖಂಡೂರ್-ಪಾವನಿ-ನಾಗ್ಪುರ ರಸ್ತೆ ಮುಚ್ಚಲಾಗಿದೆ,neutral,kn
ಇದು ಬಂಡಾಯಗಾರ.,neutral,kn
"ವೀಳ್ಯದೆಲೆಯಿಂದ ಇದು ಆಗುವುದಿಲ್ಲ, ಎಂಎನ್‌ಎಸ್‌ನಿಂದ ಶಾಸಕರಾಗಿ ಆಯ್ಕೆಯಾಗಬೇಕು",neutral,kn
ನಿಜ ಆದರೆ ವಿದರ್ಭದ ವಿಘಟನೆಗೆ ವೈದರ್ಭದ ಜನರೇ ಕಾರಣ.,neutral,kn
ಯವತ್ಮಾಲ್ ಫಲಿತಾಂಶ ನೋಡಿ ತುಂಬಾ ಬೇಸರವಾಯಿತು.,sad,kn
. ಬಾಸ್ಟರ್ಡ್ ಏನು ಹೇಳುತ್ತದೆ. ಒಡೆದ ಗಾಜಿನಂತೆ ಮೊಕ್ಕ,angry,kn
ಇಂತಹ ಮೂರ್ಖತನವನ್ನು ಯಾರೂ ಮಾಡಬಾರದು... ಬಡವರನ್ನು ಗೇಲಿ ಮಾಡುವುದು ಎಷ್ಟು ಮಜಾ ಎಂದು ಜನರಿಗೆ ಗೊತ್ತು.,angry,kn
ಬಿಜೆಪಿಯೊಂದಿಗೆ ಮೈತ್ರಿ ಮಾಡಿಕೊಳ್ಳುವ ಮೂಲಕ ಶಿವಸೇನೆಯನ್ನು ರದ್ದುಗೊಳಿಸಿತು.,angry,kn
ಸ್ವಾರ್ಥಿ ಮತ್ತು ದೇಶದ್ರೋಹಿ ಸೈನ್ಯ ಇನ್ನೂ ಜನರೊಂದಿಗೆ ಮಾತನಾಡುತ್ತಿದೆ ...,angry,kn
ಮದುವೆಗೆ ಹೋಗಲೆಂದು ತೆಗೆದುಕೊಂಡು ಹೋಗಿ ಮಾರುಕಟ್ಟೆಯಲ್ಲಿ ಮಾರುತ್ತಿದ್ದ. ಅದನ್ನು ’ಮಂಡ್ಸೆ’ ಎಂದು ಕರೆಯುವುದಿಲ್ಲ.,angry,kn
ಯುದ್ಧಕ್ಕೆ ಮೊದಲು ಮೈದಾನವನ್ನು ಬಿಟ್ಟು ಓಡಿಹೋದವರಿಗೆ ಈ ವಾಕ್ಯವನ್ನು ಹೇಳಿ,angry,kn
"ಹೇಳಲು ಸಾಧ್ಯವಿಲ್ಲ, ಅವರು ಯಾವ ರೀತಿಯ ವಕೀಲರು?",angry,kn
ಬಿಜೆಪಿ ನಾಯಕರ ಹತ್ತಿರ ಉಳಿಯುವ ಆಸೆ ಬಲವಾಗಿದೆ,angry,kn
ಅಂತಹ ಉಜ್ವಲ ಚಿಂತನೆಯ ಭಕ್ತರೂ ಇರಬಹುದು,angry,kn
ಅದ್ಬುತ...ದೇಶಭಕ್ತ ಜೋಶಿ ಮತ್ತು ಚಟ್ಟು ಭಕ್ತ ಜೋಶಿ ನಡುವಿನ ವ್ಯತ್ಯಾಸ ಇದೇ...,happy,kn
ಕಮಲಿ ಎಷ್ಟೇ ಮನವಿ ಮಾಡಿದರೂ ಕಮ್ಲಿಗೆ ಯಾವುದೇ ಅಭಿಪ್ರಾಯವಿಲ್ಲ.,sad,kn
ಹಾಗಾದರೆ ಠಾಕ್ರೆ ಏನು ಮಾಡುತ್ತಾರೆ?... ಸತ್ರಂಜ್ಯ ಅವರ 'ಜೊತೆ ಉಠಾವೋ...' ನಿಂದಾಗಿ ನಿಮಗೆ ಈ ಪ್ರಚಾರ ಸಿಕ್ಕಿದೆ ಎಂದು ನಾನು ಭಾವಿಸುತ್ತೇನೆ.,angry,kn
ಕೊಡೆ ಹಿಡಿಯಲಾರದಷ್ಟು ಬಡವರು ಸರ್,angry,kn
"ಖಂಡಿತ ಪತನವಿದೆ, ಆದರೆ ಯಾರದ್ದು?",neutral,kn
ಈ ಹೇಳಿಕೆಯ ಮೇಲೆ ನಿಮ್ಮ ವಿರುದ್ಧ ದ್ವೇಷ ಭಾಷಣದ ಪ್ರಕರಣವನ್ನು ದಾಖಲಿಸಬಹುದು.,happy,kn
"ಮತ್ತು ಕಲ್ಲಂಗಡಿ ಕೊಲೆಗಾರ, ವಿಶ್ವಾಸಘಾತುಕ, ಪಿತೂರಿ ರಾಜಕೀಯದ ಪ್ರತಿನಿಧಿಯಾಗಿದೆ.",angry,kn
ನಿಮ್ಮ ಸರ್ಕಾರದ ಅವಧಿಯಲ್ಲಿ ನಿಖರವಾಗಿ ಏನಾಯಿತು,happy,kn
ನಾಯಿಗಳಿಗೆ ಏನಾಗುತ್ತದೆ ಎಂಬುದು ನಿಜವಾದ ಪ್ರಶ್ನೆ.,happy,kn
"ರಾಜ್ಯದಲ್ಲಿ ಶಿಂಧೆ, ಠಾಕ್ರೆ ಮಾತ್ರ ಇದ್ದಾರೆಯೇ, ನಿಮಗೆ ಬೇರೆ ಸುದ್ದಿ ಬರುವುದಿಲ್ಲವೇ?",neutral,kn
ಆದರೆ ದುರಂತವೆಂದರೆ ಆ ಕಾಲದಲ್ಲಿ ಈ ಸ್ನಾನಕ್ಕೆ ನೆರವಾದವರು ಇಂದಿನ ಸಾಹೇಬ ಪ್ರೇಮಿಗಳಲ್ಲಿ ಕೆಲವರು.,sad,kn
ತನ್ನ ದೈವತ್ವಕ್ಕೆ ಇಷ್ಟು ದೊಡ್ಡ ಪುರಾವೆಯನ್ನು ನೀಡಲು ಅವನು ಅರ್ಹನೇ!,angry,kn
ನಿಮ್ಮ ಉಗುಳು ಸಲಿಕೆಯ ಉದ್ದೇಶವನ್ನು ಬದಲಾಯಿಸುವುದಿಲ್ಲ ಎಂಬುದು ನನ್ನ ಸುದ್ದಿಯಲ್ಲ.,angry,kn
"ಮೊಮ್ಮಗನನ್ನು ಭೇಟಿಯಾಗಲು ಸೊಸೆಗೆ ಬಿಡದ ವಿಚ್ಛೇದಿತ ವಕೀಲ, ಅಜ್ಜ ಆತ್ಮಹತ್ಯೆ!",sad,kn
ಉದ್ಧವ್ ಜೀ ಏಕೆ ರಾವಣ?,angry,kn
"ಒಬ್ಬ ವ್ಯಕ್ತಿಯು ಪಕ್ಷದ ನಾಯಕನನ್ನು ಕಚೇರಿಯಲ್ಲಿ ಭೇಟಿಯಾದಾಗ, ಅವನು ತನ್ನ ಅಡಿಭಾಗವನ್ನು ಹೇಗೆ ನೆಕ್ಕುತ್ತಾನೆ ಎಂದು ನಾನು ಈ ಹೇಳಿಕೆಯನ್ನು ಅರ್ಥಮಾಡಿಕೊಂಡಿದ್ದೇನೆ.",angry,kn
ದೇಶದ್ರೋಹಿಗಳ ಸೈನ್ಯ ನಿಂತಿರುವ ಆ ಲಂಕೆಯನ್ನು ಜೈ ಮಹಾರಾಷ್ಟ್ರ ಸುಡುತ್ತದೆ,happy,kn
ಪೊಲೀಸರು ವಾಹನವನ್ನು ಪರಿಶೀಲಿಸಿದಾಗ ಅದರಲ್ಲಿ ಗುಟ್ಖಾ ಸಂಗ್ರಹ ಪತ್ತೆಯಾಗಿದೆ.,neutral,kn
: ಈ ನವರಾತ್ರಿಯಲ್ಲಿ ಈ ಮರಗಳನ್ನು ಮನೆಗೆ ತನ್ನಿ; ಹಣಕಾಸಿನ ಸಮಸ್ಯೆಗಳು ಕಡಿಮೆಯಾಗುತ್ತವೆ!,neutral,kn
ಈ ಪಂದ್ಯದಲ್ಲೂ ಅದೇ ವ್ಯಂಗ್ಯವಿದೆ,angry,kn
ಭಾನುವಾರವೂ ಕಾಲೇಜಿನಲ್ಲಿ ಕೆಲಸ ಮಾಡುವುದು ಜೀವನದಲ್ಲಿ ಅತ್ಯಂತ ಬೇಸರದ ಸಂಗತಿಯಾಗಿದೆ.,angry,kn
ಒಬ್ಬ ವ್ಯಕ್ತಿಯು ಹೆಚ್ಚು ಕಳೆದುಕೊಳ್ಳುವ ಒಂದು ಸ್ಥಳವೆಂದರೆ ಕೊಟ್ಟ ಪ್ರೀತಿ ಮತ್ತು ನಂಬಿಕೆ...!,sad,kn
ಹುಲಿಯ ಬಾಯಿಂದ ಹೊಗೆ ಬರಲಾರಂಭಿಸಿದೆ...ಯಾರಾದರೂ ಇವುಗಳನ್ನು ಮಾಡಿಸಿ...ಏಕಾಧ್ಯ ಇಲಾಖೆಯ ಸಚಿವ,angry,kn
"""ದೇವಸೇನೆ ತಪ್ಪು ಮಾಡಿದೆ, ಆ ದೇಶದ್ರೋಹಿ ಬಡಗಿಯನ್ನು ಅಡ್ಡದಾರಿಯಲ್ಲಿ ಜನರ ಮುಂದೆ ಬೈಯಬೇಕಿತ್ತು.""",angry,kn
ಇದು ನಡೆಯುವುದು ನಿಶ್ಚಿತ.. ಹಳೇ ಶಿವಸೇನೆ ಯಾಕೆ ಈ ಕೆಲಸ ಮಾಡುತ್ತಿದೆ ಎಂದರೆ ಖಂಡಿತಾ ಸಿಟ್ಟು ಬರುತ್ತೆ.,angry,kn
ಈ ಕಿಡಿಗೇಡಿಯು ಅತ್ಯಂತ ಅಸಮರ್ಥ ಮತ್ತು ಹಾಸ್ಯಾಸ್ಪದ ಗೃಹ ಮಂತ್ರಿ ಎಂದು ಪ್ರಸಿದ್ಧರಾಗಿದ್ದಾರೆ.,angry,kn
ನಾಚಿಕೆಯಿಲ್ಲದ ಸಾಲಿಯಾನನನ್ನು ಈಗ ಸೋಲಿಸಬೇಕು ಆಗ ಅವಳು ಸುಧಾರಿಸುತ್ತಾಳೆ.,angry,kn
ನಿಧಾನ ಸೈನಿಕರನ್ನು ಕೇಳುತ್ತಿದೆ ಆದರೆ ಈಗ,neutral,kn
ಶೀಘ್ರದಲ್ಲೇ ಈ ಮಹಾನುಭಾವರು ರಸ್ತೆಯ ಮೇಲೆ ಕಲ್ಲು ತೂರಾಟವನ್ನು ನೋಡುತ್ತಾರೆ ...,angry,kn
ಎಲ್ಲಿಗೆ ಹೋಗಿದ್ದೆ? ದದ್ದು ಉಂಟುಮಾಡಬೇಡಿ,angry,kn
"ಅನಾರೋಗ್ಯದ ಕೋತಿ, ನೀವು ತುರಿಕೆ ಮಾಡಿದರೆ, ನನ್ನ ಬಳಿ ಔಷಧವಿದೆ.",angry,kn
ಯಾರು ಈ ಥಾಪಾ ಕೆಲಸಗಾರ?,angry,kn
ಮಳೆ ಬರುತ್ತಿದೆ ಅಂತ ರೈತ ರಾಜ ಅಳುತ್ತಾನೆ,sad,kn
ಬಿಜೆಪಿಯವರು ದೇಶದ್ರೋಹಿಗಳಿಂದ ವಕೀಲರ ಪತ್ರ ತೆಗೆದುಕೊಂಡಿದ್ದಾರಾ?,happy,kn
ನಾನು ದೇಶದ್ರೋಹಿಗಳೊಂದಿಗೆ ರಾಜೀನಾಮೆ ನೀಡುತ್ತಿದ್ದೇನೆಯೇ?,angry,kn
ಸನ್-ದಶಾ ಖಂಡಿತವಾಗಿಯೂ ಎಡ್ವಿನಾಳಂತೆ ನಿಧಾನವಾಗಿರಬಹುದು.,angry,kn
ಭಟ್ಕಳಕರ್ ಈಗ ನಿತೇಶ್ ರಾಣೆಗೆ ಅರ್ಹರು ಎಂದು ಭಾವಿಸಲು ಪ್ರಾರಂಭಿಸಿದ್ದಾರೆ.,angry,kn
ಇದನ್ನು ಹೇಳಲು ಬೇಸರವಾಗಿದೆ ಆದರೆ ಈ ಸೌರಭ್ ತುಂಬಾ ನಿಷ್ಪ್ರಯೋಜಕನಾಗಿದ್ದಾನೆ.,angry,kn
"ಓಹ್, ಆ ಖಳನಾಯಕರು ಯಾವ ರಂಧ್ರದಲ್ಲಿ ಅಡಗಿದ್ದಾರೆ?",angry,kn
ನಾಸಿಕ್ ಜಿಲ್ಲೆಯಲ್ಲಿ ಪ್ರಾಣಿಗಳಲ್ಲಿ ಲಂಪಿ ರೋಗ ಹರಡುತ್ತಿರುವುದರಿಂದ ದನಗಾಹಿಗಳಲ್ಲಿ ಭಯದ ವಾತಾವರಣ ಹೆಚ್ಚಿದೆ.,fear,kn
ನಾನು ಟ್ಯಾಗ್ ಮಾಡಲು ಬಯಸುತ್ತೇನೆ ಆದರೆ ನಾನು ಉಚಿತ ಅವಮಾನಗಳನ್ನು ಪಡೆಯುತ್ತೇನೆ,angry,kn
"ಅಧಿಕಾರದ ದುರುಪಯೋಗ, ಅಧಿಕಾರದ ದುರುಪಯೋಗ, ಮುಂದಿನ ಚುನಾವಣೆಯಲ್ಲಿ ಶಿಂಧೆ ಫಡ್ನವಿಸ್ ಸರಕಾರಕ್ಕೆ ಸಾರ್ವಜನಿಕರು ತಕ್ಕ ಪಾಠ ಕಲಿಸಲಿದ್ದಾರೆ...",angry,kn
ಹನುಮಂತನನ್ನು ನೋಡಲು ಬಂದು ಗದೆಯನ್ನು ತೆಗೆದುಕೊಂಡನು.,angry,kn
ಇಂದು ರೈತರಿಗೆ ಐವತ್ತು ಸಾವಿರ ಪ್ರೋತ್ಸಾಹ ಧನ ದೊರೆತಿದೆ. ನೀವು ಕುಳಿತು ಫೈಲ್ ಅನ್ನು ತಿರುಗಿಸುತ್ತಿದ್ದೀರಿ,angry,kn
ಇವರೆಲ್ಲ ಮೇಕೆಗಳ ಮಕ್ಕಳು.,angry,kn
"ದೇಶದ್ರೋಹಿ, ನೀವು ಎಂಎಲ್ಎ ಆಗುವುದಿಲ್ಲ.",angry,kn
ಅನುಭೋಗದ ಫಲವಾಗಿ ಸಾಹೇಬರ ಮೌಲ್ಯಕ್ಕೆ ಜನ ಹಿಡಿಶಾಪ ಹಾಕುತ್ತಿದ್ದಾರೆ.,angry,kn
ಸಹನ್ಭೂತಿ ವಾಗ್ಲೆ ಸಾಹೇಬರು ಜನರ ಹೃದಯದಲ್ಲಿ ಕೋಪಗೊಂಡಿದ್ದಾರೆ,angry,kn
ಇವು ದೇಶದ್ರೋಹಿಗಳ ಪದ್ಧತಿಗಳು.,angry,kn
ನೀನೂ ಏನಾದ್ರೂ ಮಾತಾಡ್ತೀನಿ.. ಕಮ್ ಬೇಕಾ? ತಪ್ಪುಗಳಿಗೆ ಕ್ಷಮೆ ಬೇಡ... ಆ ದಿನಗಳು ಕಳೆದು ಹೋಗಿವೆ,angry,kn
ಭತ್ತ ನೆಲಕ್ಕೆ ಬಿದ್ದಿತು,angry,kn
ಅವರ ಉಸಿರು ಕೆಟ್ಟ ವಾಸನೆಯನ್ನು ಹೊಂದಿದೆಯೇ? ನಕಲಿ ರಾಜಕಾರಣಿ ಮತ್ತು ಕತ್ತಿ ಹಿಡಿಯುವ ಕಾರ್ಯಕರ್ತ,angry,kn
ದೇಹದ ಹಿಂದಿನಿಂದ ಬಟ್ಟೆಗಳನ್ನು ತೆಗೆಯುವ ವ್ಯಕ್ತಿಗೆ ಈ ಸಲಹೆಯನ್ನು ನೀಡಬಾರದು,angry,kn
"ಡಾಲರ್ ಬಲಗೊಳ್ಳದಿದ್ದರೆ, ನಿಮ್ಮ ಸೊಂಟದ ರೇಖೆಯು ದೊಡ್ಡದಾಗುತ್ತಿದೆ. ಆದ್ದರಿಂದ ಒಂಟಿಯಾಗಿ",angry,kn
ಹಿಂದೂ ಪದವು ಸ್ಥಳೀಯ ಪದವಾಗಿದೆ.,neutral,kn
"ಇದೆಲ್ಲಾ ಶೋ ಸಾರ್, ಸೋಲು ಕಾಣ್ತಿದೆ",angry,kn
ಜ್ಯೋತಿ ಚುನಾವಣಾ ಚಿಹ್ನೆಯ ಯಶಸ್ಸನ್ನು ಸಹಿಸಲು ಅವರಿಗೆ ಸಾಧ್ಯವಾಗುತ್ತಿಲ್ಲ,angry,kn
ಉತ್ಸಾಹವನ್ನು ತರಲು ಬೌರ್ನ್ವಿಟಾ ಮಾತ್ರ ಸಾಕು. ಪರಿಶ್ರಮದಿಂದ ಯಶಸ್ಸು ಸಿಗುತ್ತದೆ. ಬಾಳಾ ಸಾಹೇಬರು ದೃಢಸಂಕಲ್ಪ ಹೊಂದಿದ್ದರು. ಉದ್ಧವರಾವ್ ಅವರ ಉತ್ಸಾಹ ಅರ್ಧ ಕಪ್ ಬೌರ್ನ್ವಿಟಾದಂತಿದೆ.,angry,kn
ಮುಂಬೈ ಕ್ರಿಕೆಟ್ ಸಂಸ್ಥೆಯ ಚುನಾವಣೆಯಲ್ಲಿ ಎಲ್ಲಾ ಪಕ್ಷಗಳ ಪ್ರತಿನಿಧಿಗಳು ಆಯ್ಕೆಯಾಗುತ್ತಾರೆ ಆದರೆ ಆಟವು ಸೋತಿದೆ ... ಸರಿಯೋ ತಪ್ಪೋ ...,angry,kn
ನೀವು ಅಸಹಾಯಕರೇ ಎಂದು ಕುಬೇರರು ಆಶ್ಚರ್ಯ ಪಡುತ್ತಾರೆ,angry,kn
ಸ್ವಾಯತ್ತ ಸಂಸ್ಥೆ ಎಂಬ ಪದ ಈಗ ದೊಡ್ಡ ಜೋಕ್ ಆಗಿಬಿಟ್ಟಿದೆ,angry,kn
ದೇಶದ್ರೋಹಿಗೆ ಬುಡ ಉರಿಯುತ್ತಿದೆ...,angry,kn
ಈ ದೇಶದಲ್ಲಿ ಸಂಘಗಳು ನಿಷ್ಪ್ರಯೋಜಕ ಸಂಸ್ಥೆಗಳಾಗಿವೆ. ಸಮಾಜದಲ್ಲಿನ ವಿವಾದಗಳು ಮತ್ತು ಜಗಳಗಳು ದ್ವೇಷವನ್ನು ಸೃಷ್ಟಿಸುತ್ತವೆ.,angry,kn
ವಿಶ್ವದಲ್ಲಿ ಬಿಜೆಪಿಗೆ ಹೆಚ್ಚು ಸ್ವಾತಂತ್ರ್ಯವಿದೆಯಂತೆ.,angry,kn
"ಎರಡೂವರೆ ವರ್ಷಗಳು ಕಳೆದಿವೆ, ದಾದಾಗೆ ಗಡಿಬಿಡಿಯಿಲ್ಲ ಎಂದು ಅನಿಸುತ್ತದೆ. ನೀವು ಶಕ್ತಿಯ ಕೊರತೆಯಿಂದ ಕೆಂಪು ಬಣ್ಣಕ್ಕೆ ತಿರುಗಿದ್ದೀರಿ",angry,kn
ಎಷ್ಟು ಬಾರಿ.. ಎಷ್ಟು ಬಾರಿ.. ಕೊನೆಗೆ ದೇಶದ್ರೋಹಿಗಳೇ ದೇಶದ್ರೋಹಿ,angry,kn
ಇದಕ್ಕೂ ಮೊದಲನೆಯದಕ್ಕೂ ಹೊಂದಾಣಿಕೆ ಇಲ್ಲ...ವಿಷಯ ಬಿಡಿ,angry,kn
"ಅವಳು ಹೇಗೆ ಓಡಬಲ್ಲಳು, ಆದರೆ ಗಮನಿಸಿ, ಓಡುವವರು ಎಷ್ಟು ಹೇಯರು.",angry,kn
ನೀವು ಇನ್ನೂ ಇಲ್ಲಿ ಸಿಕ್ಕಿಹಾಕಿಕೊಂಡಿದ್ದೀರಾ...ಗೋಡಿ ಮಾಧ್ಯಮಗಳಿಗೆ ಗೊತ್ತೋ ಇಲ್ಲವೋ.,angry,kn
ಮಕ್ಕಳಿಗೆ ಹಾನಿಯಾದರೆ ಬೋನಸ್ ಅಂಕಗಳು,neutral,kn
ತಂಬಾಕು ಪುಡಿಯನ್ನು ನಿಮಗೆ ನೀಡಲಾಗುವುದು...,angry,kn
ಜಲಗಾಂವ್: ಮೂರು ತಿಂಗಳ ಹೆಣ್ಣು ಮಗು ಗುಂಜನ್ ಅನ್ನು ಕರವಸ್ತ್ರದಿಂದ ಕತ್ತು ಹಿಸುಕಿ ಕೊಲೆ ಮಾಡಲಾಗಿದೆ.,sad,kn
"ಚುನಾವಣೆ ಬರಲಿ, ಮಹಾಶಕ್ತಿ ನಿಮ್ಮನ್ನು ಹೇಗೆ ಒದೆಯುತ್ತದೆ ಎಂದು ನೋಡುತ್ತೀರಿ",angry,kn
ಅಘಾಡಿಯವರ ಶಿವ ಭೋಜನದಲ್ಲಿ ಭ್ರಷ್ಟಾಚಾರದಿಂದಾಗಿ ಈ ಮಹಾ ವಿನಾಶ ಸಂಭವಿಸಿದೆ.,angry,kn
ಅವನು ಬೇಡಿಕೊಂಡಾಗ ಅವನಿಗೆ ಹೇಗನಿಸಿತು?,angry,kn
ಅವನ ಮುಖ ಎಷ್ಟು ದುರ್ಬಲವಾಗಿದೆ ನೋಡಿ.,angry,kn
ಆದರೆ ಫಡ್ನವೀಸ್ ಅಭ್ಯರ್ಥಿಯನ್ನು ನೀಡದೆ ಪಕ್ಷಕ್ಕೆ ಬಾಲ ಹಾಕುತ್ತಿರುವುದು ಏಕೆ?,angry,kn
"ಈಗ ಅಧಿಕಾರ ಬಂದಿದೆ, ನಮ್ಮ ಸಜ್ಜನರು ತಮ್ಮ ಹುಡುಗಿಯರೊಂದಿಗೆ ಓಡಿಹೋಗಲು ಸ್ವತಂತ್ರರಾಗಿದ್ದಾರೆ, ಅವರನ್ನು ತಡೆಯುವವರು ಯಾರು?",angry,kn
ಕಮೆಂಟುಗಳನ್ನು ಓದಿದರೂ ನಾಚಿಕೆಗೇಡು ಹೋಗುವುದಿಲ್ಲ. ಗರಿಷ್ಠ ಕೋಡ್ ಮಿತಿ!!,angry,kn
ಪಿಂಟ್ಯಾಗೆ ಸಣ್ಣ ಮಚ್ಚು ಕೊಟ್ಟು ಗೌರವಿಸುತ್ತಿದ್ದಾರಾ ಅಥವಾ ಚುಡಾಯಿಸುತ್ತಿದ್ದಾರಾ..!!,angry,kn
ಇದು ತುಂಬಾ ದುಃಖದ ವಿಷಯ!,sad,kn
ಈ ಆತ್ಮಹತ್ಯೆಯ ಹೊಣೆಯನ್ನು ರಾಜ್ಯ ಸರ್ಕಾರ ತೆಗೆದುಕೊಳ್ಳುತ್ತದೆಯೇ?,sad,kn
ಈಗ ಅಳುತ್ತಿದ್ದರೂ ಹೋಗಲು ಮನಸ್ಸಿಲ್ಲ,angry,kn
ಪಂಢರಪುರ ಉಪಚುನಾವಣೆಯಲ್ಲಿ ಸಾರ್ವಜನಿಕರ ಭಾವನೆ ಇರಲಿಲ್ಲವೇ???,happy,kn
ಬನ್ನಿ! ಅವರು ಪನ್ವೇಲ್ ಉಪಮೇಯರ್ ಆಗಿದ್ದರು... ಅವರನ್ನು ಆಯ್ಕೆ ಮಾಡಿದ ಜನರು ಧನ್ಯರು,angry,kn
ಎಪ್ಪತ್ತು ವರ್ಷಗಳಿಂದ ಚುನಾವಣಾ ರಾಜಕೀಯ ಮಾಡುತ್ತಿದ್ದ ಸರ್ಕಾರದ ಒತ್ತಡಕ್ಕೆ ಸಿಲುಕಿದ ಪೊಲೀಸರು ನಿಷ್ಕ್ರಿಯರಾದರು!,angry,kn
ಜಯಂತ್ ಪಾಟೀಲ ಅವರ ಪತ್ನಿಗೆ ಅವರ ಮೇಲೆ ಹಾಗೂ ನಿಮ್ಮ ಮೇಲೆ ನಂಬಿಕೆ ಇಲ್ಲ,angry,kn
ಮುಂಗೇರಿಲಾಲ್ ಅವರ ಸುಂದರವಾದ ಹಾವುಗಳು. ಅಂತಹ ಎಷ್ಟು ಪ್ರವಾಸಗಳ ನಂತರ ನೀವು ಅಧಿಕಾರವನ್ನು ಪಡೆದುಕೊಂಡಿದ್ದೀರಿ?,angry,kn
ಗಡ್ಡ ಬಿಟ್ಟವರೆಲ್ಲ ದಿಘೆ ಸಾಹೇಬರಲ್ಲ. ಕೆಲವು ದೇಶದ್ರೋಹಿಗಳೂ ಇದ್ದಾರೆ...,angry,kn
ಶಿಂಧೆ ದೇಶದ್ರೋಹಿ ಎಂದು ಏಕೆ ಹೇಳಿದರು?,angry,kn
ಮಹಾರಾಷ್ಟ್ರದಲ್ಲಿ ಮಹಾರಾಷ್ಟ್ರ ಭಾಷೆಯನ್ನು ಬಳಸಿ. ಮುಂಬೈನ ಜಾಹೀರಾತು ಫಲಕ ಮರಾಠಿಯಲ್ಲಿ ಏಕೆ ಇಲ್ಲ?,angry,kn
ಶರದ್ ಪವಾರ್ ದರೋಡೆಕೋರರ ತಂದೆ ಎಂದು ಶಿವಸೇನೆ ಮುಖ್ಯಸ್ಥರು ಹೇಳಿದ್ದರು.,angry,kn
ನೀವು ಎಲ್ಲಿಗೆ ಹೋದರೂ ಇದು ಸಂಭವಿಸುತ್ತದೆ ... 'ಅಸಹನೀಯ ಮತ್ತು ವರ್ಣನಾತೀತ',sad,kn
ಈ ಬಡ ಸೇನಾ ಯೋಧರು ಮಾನಸಿಕವಾಗಿ ಸಂಪೂರ್ಣ ಮುರಿದು ಹೋಗಿದ್ದಾರೆ...,angry,kn
ಕಳೆದ ಎರಡೂವರೆ ವರ್ಷಗಳಿಂದ ಮರದ ಸೇತುವೆ ಹಾಳಾಗಿದ್ದರೂ ಏನೂ ಮಾಡಿಲ್ಲ.,angry,kn
ಇದು ಹೊಸ ಎರಡನೆಯದು,angry,kn
ಸಾವರ್ಕರ್ ವಿವಾದದ ನಂತರ ನಾವು ಈ ಪ್ರಸನ್ನನನ್ನು ನೋಡಿಲ್ಲ.,angry,kn
"ಅಂದರೆ, ಇಷ್ಟೆಲ್ಲಾ ನೆಕ್ಕುವುದರಿಂದ ನೀವು ಎಷ್ಟು ದೂರ ಹೋಗಿದ್ದೀರಿ ಎಂದು ನೋಡಿ.",angry,kn
ಕರ್ತವ್ಯದ ವೇಳೆ ಹುತಾತ್ಮರಾದ ಹುತಾತ್ಮ ಯೋಧರಿಗೆ ಭಾವಪೂರ್ಣ ಶ್ರದ್ಧಾಂಜಲಿ,happy,kn
"ನಿಮಗೆ ಸಹಿಸಲಾಗದಿದ್ದರೆ, ಅದನ್ನು ಕುದುರೆಯ ಕಿವಿಗೆ ಹಾಕಿ, ಆದರೆ ಅನಗತ್ಯ ವಿಷಯಗಳ ಬಗ್ಗೆ ಮಾತನಾಡಬೇಡಿ.",angry,kn
ಹೊಟ್ಟೆನೋವು... ನೆನಪಿಲ್ಲ,angry,kn
ವೈಫಲ್ಯವನ್ನು ಹೊಗಳಿದ್ದಕ್ಕಾಗಿ ಮೂವರು ಪತ್ರಕರ್ತರನ್ನು ಜೈಲಿಗೆ ಕಳುಹಿಸಲಾಗಿದೆ ಎಂದು ಹೇಳಲಾಗುತ್ತದೆ.,angry,kn
ಅಧಿಕಾರವನ್ನು ಅಧಿಕಾರವಾಗಿ ಬಳಸುವುದರಿಂದ ಪ್ರಜಾಪ್ರಭುತ್ವವನ್ನು ನಾಶಪಡಿಸುತ್ತದೆ.. ನಿಮ್ಮ ಸಾಧನೆಗಳನ್ನು ಸಾಬೀತುಪಡಿಸಿ,angry,kn
ಇದನ್ನು ಸಹಿಸಲು ಅಥವಾ ಸಹಿಸಲು ಸಾಧ್ಯವಿಲ್ಲ,sad,kn
ಈ ಬಾಸ್ಟರ್ಡ್ ಎಂದಿಗೂ ಉತ್ತಮವಾಗುವುದಿಲ್ಲ,angry,kn
"ಇಂಥವರಿಂದಲೇ ದೇಶದ ಏಕತೆ ಹಾಳಾಗುತ್ತಿದೆ, ಅವರ ವಿರುದ್ಧ ಕಠಿಣ ಕ್ರಮ ಕೈಗೊಳ್ಳಬೇಕು!",angry,kn
ಈ ವ್ಯಕ್ತಿ ತುಂಬಾ ಸ್ನೇಹಪರ,angry,kn
ಈ ಮೂಲಕ ಶಿಂಧೆ ಗುಂಪು ತನ್ನ ಕಾಲಿಗೆ ಗುಂಡು ಹಾರಿಸಿಕೊಂಡಿದೆಯೇ?,happy,kn
ಬಿಜೆಪಿಗೆ ಪ್ರಜಾಪ್ರಭುತ್ವದಲ್ಲಿ ನಂಬಿಕೆ ಇಲ್ಲ ಎಂಬುದನ್ನು ಸಾಬೀತುಪಡಿಸಿದರು,angry,kn
ಖಂಡಿತ ನೋಡಬಹುದು... ಆದರೆ ಕುರುಡು ಭಕ್ತರು ಏನು ಮಾಡುತ್ತಾರೆ... ಎಲ್ಲಿಗೆ ಬಿಡುತ್ತಾರೆ ಇದಕ್ಕೆ!,angry,kn
ಪ್ರದೀಪ್ ಸರ್ ನನಗೆ ಹುಡುಗಿಯನ್ನು ಪ್ರೀತಿಸುವಂತೆ ಮಾಡುತ್ತಿದ್ದಾರೆ,angry,kn
ಸಾರ್ವಜನಿಕ ಶೌಚಾಲಯ ಶುಚಿಗೊಳಿಸುವ ದಂಧೆಯನ್ನು ನಿಲ್ಲಿಸಿ ಹೌಸಿಂಗ್ ಸೊಸೈಟಿಗಳಲ್ಲಿ ದಲ್ಲಾಳಿ ಕೆಲಸ ಆರಂಭಿಸಿದ್ದೀರಾ...?,angry,kn
ಎದುರಾಳಿಗಳು ಮಾಡಲಾಗದ್ದನ್ನು ಅವರ ಹತ್ತಿರ ಕೂತಿದ್ದ ದೇಶದ್ರೋಹಿಗಳು ಮಾಡಿದರು.,angry,kn
ಕೈ ಕುಲುಮೆ ಧೂಮಪಾನಿಯು ಮಾಗಿದಂತೆ ಕಾಣುತ್ತದೆ,angry,kn
ಒಳ್ಳೆಯ ಕೆಲಸ ಮಾಡಬೇಕಿತ್ತು...,angry,kn
ಸರಿಯಾದ ದಿನ.. ಮುಂಬೈ ಮೇಲೆ ಭಯೋತ್ಪಾದಕ ದಾಳಿ ನಡೆದಾಗ ನಿಮ್ಮ ಗೃಹ ಸಚಿವರು ಬಟ್ಟೆ ಬದಲಾಯಿಸುವುದರಲ್ಲಿ ನಿರತರಾಗಿದ್ದರು.,angry,kn
ಗಣಿತವು ಕಚ್ಚಾ ಎಂದು ಮಹಿಳೆಗೆ ತಿಳಿದಿತ್ತು,angry,kn
ಐ ಆಮ್ ಮಿಸ್ ಯು ಸರ್. ಈ ದೇಶದ್ರೋಹಿಗಳಿಗೆ ಸಂಪೂರ್ಣ ಉತ್ತರ ನೀಡಿ ವಿನಿಮಯ ಮಾಡಿಕೊಳ್ಳಬೇಕಿದೆ.,angry,kn
"ತಮ್ಮ ಲೂಟಿ, ಕಳ್ಳ ತಂದೆಯನ್ನು ಮರೆಮಾಡಲು ದೇಶದ್ರೋಹಿಗಳಿಗೆ ಬುರ್ಖಾವನ್ನು ಸಿದ್ಧವಾಗಿಡಿ",angry,kn
ಖಾಲಿ ಕುರ್ಚಿಗಳು ಮೋದಿ ಭವಿಷ್ಯ ಹೇಳುತ್ತವೆ...,sad,kn
ಹೌದು ****. ಇದರ ಬೆಲೆ ಎಷ್ಟು?,angry,kn
"ಇಲ್ಲ ಧನ್ಯವಾದಗಳು, ಅಭಿನಂದನೆಗಳು ಇಲ್ಲ.",sad,kn
ವಿಶೇಷವೆಂದರೆ ಇಡೀ ಪಕ್ಷವೇ ಅವರ ಚಪ್ಪಲಿಯಂತೆ ಕೆಲಸ ಮಾಡುತ್ತದೆ. ಇದನ್ನೇ ನಿರೀಕ್ಷಿಸಲಾಗಿತ್ತು.,angry,kn
ಆಗಲೂ ನಾವು ಎಚ್ಚೆತ್ತುಕೊಳ್ಳದಿದ್ದರೆ ದೇವರೂ ನಮ್ಮನ್ನು ಕಾಪಾಡಲಾರ.,fear,kn
ಸುಮ್ಮನೆ ಕಡಿಮೆ ಮಾಡಿ.. ವಿದ್ಯಾರ್ಥಿಯ ಹೆಸರು ಹಿಡಿದು ಹಣ ವಸೂಲಿ ಮಾಡುವುದೇಕೆ,angry,kn
ಏನು ಮಾಡಬೇಕು ಎಂಬ ಗೊಂದಲದಲ್ಲಿದ್ದಾರೆ,angry,kn
ಹಾಗಾದರೆ ಈ ಹಿಂದೂ ಪಕ್ಷದವರು ಎಂದು ಕರೆಯಲ್ಪಡುವವರು ಯಾರನ್ನು ಉಳಿಸುತ್ತಿದ್ದರು?,angry,kn
ಅಮೆರಿಕ ಮತ್ತು ಚೀನಾ ನಡುವೆ ನಡೆಯುತ್ತಿರುವ ಸಂಘರ್ಷದಿಂದಾಗಿ ಮೂರನೇ ಮಹಾಯುದ್ಧದ ಭೀತಿ,fear,kn
ನಿಮ್ಮ ಗೌರವಕ್ಕೆ ಅರ್ಹರಲ್ಲ. ಬಾಳಾ ಸಾಹೇಬರ ಹೆಸರನ್ನು ತೆಗೆದುಕೊಳ್ಳುವುದು,angry,kn
ಆ ಜನರಲ್ಲೂ ಇದು ಸತ್ಯ... ಯಾರಿಗೂ ಸೇರದ... ತಮ್ಮ ಸ್ವಾರ್ಥ ಮಾತ್ರ...!!!,angry,kn
"ರಾಣೆ, ಯಾಕೆ ಟ್ವೀಟ್ ಡಿಲೀಟ್ ಮಾಡುತ್ತಿದ್ದೀಯಾ... ನೀನು ನರ್ವಸ್ ಆದಂತೆ ಕಾಣುತ್ತೀಯ.",angry,kn
"ನಾನು ಎಷ್ಟು ನಿರಾಶೆಗೊಂಡಿದ್ದೇನೆ, ಇತರರ ಪೋಷಕರನ್ನು ಕದಿಯಲು, ನಿಮ್ಮ ಅಸಮಾಧಾನವನ್ನು ರಾಜಕೀಯಗೊಳಿಸಲು ಹೇಗೆ ಅನಿಸುತ್ತದೆ,",angry,kn
ಬೆನ್ನಿಗೆ ಚೂರಿ ಹಾಕುವ ಬಗ್ಗೆ ಅವರು ತಮ್ಮ ಚಿಕ್ಕಪ್ಪನಿಂದ ಬಹಳಷ್ಟು ಕಲಿತರು.,angry,kn
"ಮಹಾಭಾರತ ಯಾವಾಗ ಸಂಭವಿಸುತ್ತದೆ,,, ಶೀಘ್ರದಲ್ಲೇ ಅಂದರೆ ಇನ್ನೂ ಎಷ್ಟು ದಿನ?",neutral,kn
"ಅತುಲ್, ನಿಮ್ಮ ಗ್ರಹಿಕೆಗೆ ಮೀರಿದ ವಿಷಯ ಯಾವುದು? ನ್ಯಾಯದ ದೇವರು ಕುಂಟ, ಅಂಗವಿಕಲ ಮತ್ತು ಕುರುಡ ಎಂದು ಮತ್ತೊಮ್ಮೆ ಸಾಬೀತಾಗಿದೆ ???",angry,kn
ಕೆಲಸ ಕೇಳುವವರನ್ನು ಭಿಕ್ಷುಕರು ಎಂದು ಬಿ.ಶ್ರೀರಾಮ್ ಭಾವಿಸಬೇಕೇ?,angry,kn
ಏಕೆಂದರೆ ಖಾದ್ಯ ತೈಲದ ಆಮದು ಹೆಚ್ಚುತ್ತಿದೆ. ಸರ್ಕಾರದ ನೀತಿಗಳು ಹೀಗಿವೆ.,angry,kn
ಮಾಧ್ಯಮ ವಿಧವೆ ರಾಜಸ್ಥಾನ ಕಾಂಗ್ರೆಸ್ ಆಡಳಿತದ ರಾಜ್ಯ ಎಂದು ವಿಷಾದಿಸುತ್ತಾಳೆ,angry,kn
ಹೋದರೂ ಪೇಜಾವರರು ದೆಹಲಿಯ ಹೃದಯಕ್ಕೆ ವಿರುದ್ಧವಾಗಿ ಹೋಗುತ್ತಾರಾ?,neutral,kn
ಠಾಕ್ರೆ ಕುಟುಂಬವನ್ನು ಕೆಣಕಿದರೆ ಮೊದಲ ಕೆಟ್ಟದ್ದು ಕಮಲಾಬಾಯಿಗೆ.,angry,kn
ಅಲ್ಲಿಗೆ ನೀವು ಅವರಿಗೆ ದಾರಿ ತೋರಿಸಬಹುದು ಎಂದು ನೀವು ಭಾವಿಸುತ್ತೀರಾ?,angry,kn
ಸಂಪೂರ್ಣವಾಗಿ. ಈ ಜನರಿಂದಾಗಿ ನಿಮ್ಮ ಮಾಹಿತಿ ಸೋರಿಕೆಯಾಗುತ್ತದೆ.,angry,kn
"ವರ್ತಮಾನದಲ್ಲಿ ಇತರರನ್ನು ಮೌಲ್ಯಮಾಪನ ಮಾಡುವಾಗ, ನಾವು ಇತಿಹಾಸದಲ್ಲಿ ಹೇಗಿದ್ದೇವೆ ಎಂಬುದನ್ನು ಮನಸ್ಸು ಮರೆಯಬಾರದು.",neutral,kn
"ಅವರು ವಕ್ತಾರರಾಗಿದ್ದರೆ, ಅವರು ಏನು ಹೇಳಿದರು?",angry,kn
ನೀವು ಈ ಜಗತ್ತಿನಲ್ಲಿ ವಾಸಿಸುತ್ತೀರಾ?,angry,kn
ಇದು ಮೂರ್ಖತನ ಎಂದು ಜನರು ಭಾವಿಸುತ್ತಾರೆಯೇ?,angry,kn
ಯಾರಿಗೆ ನೀನು ಬೇಕು? ನಿಮ್ಮನ್ನು ಇಲ್ಲಿ ಏಕೆ ಧರಿಸುತ್ತಾರೆ? ಹಾಗಾದರೆ ಬನ್ನಿ..ನೇ,angry,kn
ಕಪ್ಪು ಕೂದಲಿನ.,sad,kn
ಚಂದ್ರನು ಭೂಮಿಯ ಒತ್ತಡವನ್ನು ಹೆಚ್ಚಿಸುತ್ತಾನೆ! ವಿಜ್ಞಾನಿಗಳೂ ಚಿಂತಿತರಾಗಿದ್ದಾರೆ; ಇದು ನಿಮ್ಮ ಮೇಲೆ ಯಾವ ಪರಿಣಾಮ ಬೀರುತ್ತದೆ ಎಂಬುದನ್ನು ಓದಿ,fear,kn
ಸಂಭಾಜಿ ಬ್ರಿಗೇಡ್ ಅನ್ನು ಮುಜುಗರಕ್ಕೀಡು ಮಾಡಲು ಠಾಕ್ರೆಯವರ ರಾಜಕೀಯವನ್ನು ಹಾಳುಮಾಡಲಾಗಿದೆ,angry,kn
ಒಳ್ಳೇದು... ಅವರಿಬ್ಬರೂ ಹಗುರವಾದವರಲ್ಲ...,angry,kn
ಮನದ ಗೋಡೆಗಳು ಇನ್ನು ಈ ತಡೆಯನ್ನು ಸಹಿಸಲಾರವು ಮತ್ತು ಅಳುವಿಗೆ ನೆಲವು ತೇವವಾಯಿತು!,sad,kn
"ನಿಮ್ಮ ಕ್ಲೈಮ್ಯಾಕ್ಸ್.. ಮತ್ತು ಕೆಳಭಾಗವು ಶೀಘ್ರದಲ್ಲೇ ಕತ್ತರಿಸಲ್ಪಡುತ್ತದೆ, ಹುಷಾರಾಗಿರು..",angry,kn
ಉದಯ್ ಸಾಮಂತ್ ಮಾಡಿದ ದ್ರೋಹ ಮಹಾರಾಷ್ಟ್ರಕ್ಕೆ ಒಪ್ಪಿತವೇ?,angry,kn
ನಿಮ್ಮ ಆಲೋಚನೆಗಳಲ್ಲಿ ತುರಿಕೆ ಇದೆ,angry,kn
ಮತ್ತು ಹೌದು ಭಾದ್ಯ ಬಾಳಾ ಸಾಹೇಬರು ಬಿಜೆಪಿ ಕಮಲಾಬಾಯಿ ನಂತರ ಈಗ ವ್ಯಾಪಾರ ಆರಂಭಿಸಲು ಹೇಳಿದರು.,angry,kn
ಇದು ಲೇಡಿ ಕಾರ್ಡ್ ಆಡಲು ಸಮಯ,angry,kn
ನೀವು ಇಂತಹ ಅಸಂಬದ್ಧ ಟ್ವೀಟ್ ಮಾಡುವುದರಿಂದ ನೀವು ಸಾಮಾನ್ಯ ಕೌನ್ಸಿಲರ್ ಆಗುವುದಿಲ್ಲ,angry,kn
ಬೇಜಾರಾಗಿಲ್ಲ ಎಂದು ಹೇಳಿ ಯಾರೂ ಕರೆದುಕೊಂಡು ಹೋಗುತ್ತಿಲ್ಲ ಎಂಬ ಸುದ್ದಿ ಮಾರುಕಟ್ಟೆಯಲ್ಲಿದೆ,angry,kn
ಇದು ಸಂಭವಿಸಲಿತ್ತು,neutral,kn
ಸುಂಭ ಜಾಲ ಕೂಡ ಮರಾಠಿ ವ್ಯಕ್ತಿಯನ್ನು ಕಡಿಮೆ ಅಂದಾಜು ಮಾಡುವ ಪ್ರವೃತ್ತಿಯನ್ನು ಹೊಂದಿದೆ.,angry,kn
ಬಾಲ್ಖ್ ಸೈನ್ಯವು ಬಾಳಾ ಸಾಹೇಬರ ಹೆಸರನ್ನು ಗೇಲಿ ಮಾಡಿತು,angry,kn
"ಇದು ಸಾಮಾನ್ಯ ನಾಗರಿಕತೆಯಾಗಿದೆ, ಆದರೆ ಅವರು ವಿರುದ್ಧವಾಗಿ ಹೇಳುವ ಮೂಲಕ ತಮ್ಮ ಬೌದ್ಧಿಕ ದಿವಾಳಿತನವನ್ನು ತೋರಿಸುತ್ತಾರೆ",angry,kn
"ಕೆಲಸ, ಕೆಲವರು ಮಾತನಾಡುವುದಿಲ್ಲ, ಕೆಲಸ ಮಾತನಾಡುತ್ತಾರೆ, ಅಂಗಡಿ ಮುಚ್ಚಿ",angry,kn
"ಇಷ್ಟು ದಿನ ಆಯ್ತು.. ಬಿಜೆಪಿ ಸೇರ್ತೀರಾ, ಇಲ್ಲಿಯವರೆಗೂ ಡೀಲ್ ಮಾಡ್ತೀರಾ?",neutral,kn
ಈ ಅಪಘಾತಗಳು ಪ್ರತಿದಿನ ನಡೆಯುತ್ತಿವೆ. ಎಲ್ಲಾ ಆಡಳಿತ ಅಧಿಕಾರಿಗಳು ಇದಕ್ಕೆ ಜವಾಬ್ದಾರರು.,angry,kn
ಹೌದು ನಿಜ... ಪ್ರಬಲ ಹಿಂದುತ್ವವನ್ನು ತೊರೆದು ಪ್ರಬಲ ಸೆಕ್ಯುಲರ್ ಆದ...,angry,kn
"ಈಗ ನಿಮ್ಮ ಗೆಳತಿಯ ಮನವೊಲಿಸುವುದು ಗ್ರಾಮ ಪಂಚಾಯತಿ ಚುನಾವಣೆ, ಒಂದು ಸ್ಥಾನ ಮತ್ತು ಐವತ್ತಾರು ಅಭ್ಯರ್ಥಿಗಳಂತೆ..!",happy,kn
ಮಕ್ಕಳು ಶಿಕ್ಷಣ ಪಡೆಯಲು ಶಾಲೆಗೆ ಬೇಡಿಕೆಯಿಟ್ಟರೆ ಅದು ತುಂಬಾ ದುರದೃಷ್ಟಕರ.,sad,kn
ಇದು ಹಣ ಮಾಡುವ ಮೋಸದ ಯೋಜನೆಯಾಗಿತ್ತು,angry,kn
ದೇಶದ್ರೋಹಿಗಳಿಗೆ ಪರಿಹಾರ ಸಿಗುತ್ತದೆ ಎಂದು ನಾನು ಭಾವಿಸುತ್ತೇನೆ,angry,kn
"ಹಲೋ ಹೇಳು, ನೀನು ಅಲ್ಲಿದ್ದೀಯಾ? ಏನು ವಿಷಯ?",angry,kn
"ಮಾಶಾಲಿ ಕಿಡಿಗೇಡಿಗಳ ಮಾರುಕಟ್ಟೆಯನ್ನು ಎತ್ತಲು ಪ್ರಾರಂಭಿಸಿದನು, ಇಲ್ಲಿ ನೋಡು ಹುಲಿಯ ಸೊಂಡಿಲು ಉರಿಯುತ್ತಿದೆ",angry,kn
ಇಲ್ಲಿ ಯಾವ ಜನ ಸಾಮಾನ್ಯರು ತೆರಿಗೆ ಕಟ್ಟುತ್ತಾರೆ? ಈ ಜನ ಸರ್ಕಾರದ ಅಳಿಯಂದಿರು,angry,kn
ಕರೆಂಟ್ ಹೋದಾಗ ಏಳ್ತಾರಾ???,neutral,kn
ಹ್ಯೋ ವರ್ಷಗಳಿಂದ ಮರಗಳನ್ನು ಕೊಯ್ಯುತ್ತಿದ್ದನು ಮತ್ತು ಈಗ ಅವನು ಕಲಿಸಲು ಬಂದಿದ್ದಾನೆ,angry,kn
"ಸಾರ್, ನಿಮಗೆ ಪೂಜೆ ಮಾಡೋಕೆ ಆಗಲ್ಲ, ಮಾಡ್ಬೇಡಿ, ಹಾಗೆ ಹೇಳಬೇಡಿ.",angry,kn
ಇಂತಹ ಪ್ರಕಾರಗಳನ್ನು ಹೊರಹಾಕಬೇಕು....??,angry,kn
ಅರ್ಥ? ನೀವು ಬಳಲುತ್ತೀರಿ!,neutral,kn
ಸಭೆ ನಡೆಸಿ ಕಾಂಗ್ರೆಸ್ ಗುಲಾಮರು ಏನು ಮಾಡಲು ಹೊರಟಿದ್ದಾರೆ?,angry,kn
ಪಾವತಿಸದ ಆದರೆ ಅರ್ಹವಾಗಿಲ್ಲ,angry,kn
ಈಗ ಏನು ಬರುತ್ತಿಲ್ಲ ಎಂಬುದು ಖಚಿತವಾಗಿದೆ,neutral,kn
ಅದನ್ನು ಏಕೆ ತೆಗೆದುಕೊಳ್ಳಬೇಕೆಂದು ನಿಮಗೆ ತಿಳಿದಿಲ್ಲವೇ?,angry,kn
ಇದನ್ನು ನಮ್ಮದೇ ಆದ ಸಣ್ಣ ಮತ್ತು ದೊಡ್ಡ ಉದ್ಯೋಗದಾತರಿಗೆ ಹೇಳುವುದು ತಪ್ಪು.,neutral,kn
ಉತ್ತರ ನೋಡಿದ ಮೇಲೆ ನಿಮ್ಮ ಹೃದಯ ತುಂಬಿ ಬರುತ್ತದೆ...ಇದು ನಿಮ್ಮ ಸ್ಟೇಟಸ್...ಎಂದರು ಪತ್ರಕರ್ತರು...,sad,kn
"ಸರ್ವಾಧಿಕಾರಗಳು ಅಂತಿಮವಾಗಿ ತಮ್ಮನ್ನು ತಾವೇ ಗುಂಡು ಹಾರಿಸಿಕೊಳ್ಳುತ್ತವೆ, ಅದು ಪ್ರಪಂಚದ ಇತಿಹಾಸ ...",sad,kn
ಯಾರಾದರೂ ನಿಮಗೆ ಏನಾದರೂ ಮಾಡಿದರೆ ನೀವು ಎಷ್ಟು ಬೇಗನೆ ಕೋಪಗೊಳ್ಳುತ್ತೀರಿ?,fear,kn
ಓ ಇಲ್ಲಿ ಮತ್ತು ಅಲ್ಲಿ,neutral,kn
"ದಿನವೂ ತಂದೆಯನ್ನು ಹುಡುಕಬೇಕಲ್ಲವೇ, ಪರಿತ್ಯಜಿಸಿದಂತಾಗುತ್ತದೆಯೇ?",angry,kn
ಗದ್ದರನಾಥ್ ಈ ಕೆಲಸ ಮಾಡಿಲ್ಲ.,angry,kn
ಶಾಸಕರನ್ನು ಅನರ್ಹಗೊಳಿಸುವ ಹಕ್ಕು ಸದನಕ್ಕಿದೆ. ನ್ಯಾಯಾಲಯ ಮಧ್ಯಪ್ರವೇಶಿಸಲು ಸಾಧ್ಯವಿಲ್ಲ. ಇದು ತಿಳಿಯಬೇಕಲ್ಲವೇ?,angry,kn
ಅವರು ಇಲ್ಲಿ ತಮ್ಮ ಹಲ್ಲುಗಳನ್ನು ಮುಳುಗಿಸಲಾರರು ಮತ್ತು ಭಾರತವನ್ನು ಒಂದುಗೂಡಿಸಿದರು.,angry,kn
ಛತ್ರಪತಿ ಸಂಭಾಜಿನಗರದ ಯಾವ ರಾಜಕಾರಣಿ ಅತ್ಯಾಚಾರಕ್ಕೊಳಗಾದರು?,angry,kn
ಬಿಜೆಪಿಯಿಂದ ಎಷ್ಟು ಪೆಟ್ಟಿಗೆಗಳು ಬಂದಿವೆ ಎಂದು ಮಾತನಾಡಲು,neutral,kn
ಪರಾಶದ ಮಾಲೀಕರು ಎಷ್ಟು ಯೋಗ್ಯರು ಎಂದು ತೋರಿಸಲು ನೀವು ಪ್ರಯತ್ನಿಸುತ್ತಿದ್ದೀರಾ?,neutral,kn
ಇದು ನಕಲಿ ಸುದ್ದಿ,neutral,kn
ನಿಮಗಾಗಿ ಒಂದು ಮತವು ದೇಶ ವಿರೋಧಿ ಜನರಿಗೆ ಒಂದು ಮತವಾಗಿದೆ ... ಮಾನವೀಯ ಸರ್ಕಾರ,angry,kn
ಟಾರ್ಚ್ ಅನ್ನು ಈಗಾಗಲೇ ನಂದಿಸಲಾಗಿದೆ. ಕೇವಲ ಚಿಹ್ನೆಯಿಂದ ಚುನಾವಣೆ ಗೆಲ್ಲಲು ಸಾಧ್ಯವಿಲ್ಲ.,sad,kn
ಇಬ್ಬರು ಮುಖಾಮುಖಿ ನಡೆಯುತ್ತಿದ್ದಾರೆ,angry,kn
"ನಾನಾ ಪಟೋಲೆ ಬಿಜೆಪಿ ಬಿಟ್ಟರೋ, ಬಿಜೆಪಿ ಬಿಟ್ಟ ಪಟೋಲೆಯೋ, ರಾವ್ ಗೆ ಏನೂ ಗೊತ್ತಿಲ್ಲ...",happy,kn
ನಮಗೆ ಈ ನಾಯಕತ್ವ ಬೇಡ ಎಂಬ ಕಾರಣಕ್ಕೆ ದಂಗೆ ಏಳಲು ಸಿದ್ಧ,angry,kn
ಕಡಿಮೆ ಗಾಂಜಾ ಜೀರುಂಡೆ ಕುಡಿಯಿರಿ,angry,kn
"ಅಂತಹ ಹೋಲಿಕೆ ಒಳ್ಳೆಯದಲ್ಲ, ಇದು ಚಿತಾಲೆಯ ಎರಡು ಸಿಹಿತಿಂಡಿಗಳ ನಡುವಿನ ಹೋಲಿಕೆ",angry,kn
ಇದರಲ್ಲಿ ಮಹಿಳೆ ಪಡೆದಿರುವ ಸ್ಥಾನವೇ ಪಾಠ,neutral,kn
ಬಿಜೆಪಿ ಬ್ರೋಕಿಂಗ್ ಮೂಲಕ,angry,kn
"ಇಂದು ಈ ಪುಸ್ತಕ ಸಿಗುವುದಿಲ್ಲ, ದಿನಾಂಕದೊಳಗೆ ಸಿಗುತ್ತದೆ ಎಂದಿದ್ದೀರಿ...",neutral,kn
ಜೈ ಶ್ರೀರಾಮ್ ಈಗ ಜ್ಞಾನ ನೀಡಲು ಮತ್ತು ಧರ್ಮವನ್ನು ಕಲಿಸಲು ಬರುತ್ತಾರೆ,angry,kn
ಅದು ಅವರ ಮೌಲ್ಯ,angry,kn
ಅವರ ಸರ್ ಇಷ್ಟು ವರ್ಷಗಳಿಂದ ಪಕ್ಷ ಕಟ್ಟುತ್ತಿದ್ದಾರಾ? ನನಗೆ ಇದು ಅರ್ಥವಾಗುತ್ತಿಲ್ಲ..,angry,kn
"ಇದು ಮರಾಠಿ ಅಸ್ಮಿತೆಯ ಸಂರಕ್ಷಣೆಯ ಪ್ರಮುಖ ಸೂಚಕವಾಗಿದೆ, ಯಾರೋ ಯಾವಾಗಲೂ ನಮ್ಮನ್ನು ನಿರ್ಲಕ್ಷ್ಯದಿಂದ ಕೊಂದಿದ್ದಾರೆ.",sad,kn
ನೆಕ್ಲೇಸ್ ಮಾತ್ರವಲ್ಲದೆ ಭದ್ರತಾ ಠೇವಣಿಯ ಜಪ್ತಿಯನ್ನೂ ಹಿಂಪಡೆಯಿರಿ,sad,kn
"ಇದು ನಿಜ, ಮೋಸಗಾರರಿಗೆ ಮೋಸಹೋಗಬೇಡಿ",angry,kn
ಏನು ಕಡಿಮೆ,neutral,kn
"ಇದೇನಿದು...ಯಾವ ಶಾಲೆ ಇದು...ಹೀಗೆ ಮಕ್ಕಳಿಗೆ ಮೋಸ, ಭಕ್ತರು ಬಯಲಾಗುತ್ತಾರೆ..",angry,kn
ಯೇದಾ?,angry,kn
"ನಿಜವಾದ ಶಿವಸೇನೆ ಯಾರು, ಬಿಲ್ಲು ಬಾಣ ಯಾರು ಎಂಬುದನ್ನು ಚುನಾವಣಾ ಆಯೋಗ ನಿರ್ಧರಿಸಲಿದೆ. ?",neutral,kn
ಯಾವುದೇ ಮಾರ್ಗವಿಲ್ಲ. ಅದಕ್ಕೆ ವ್ಯತಿರಿಕ್ತವಾಗಿ ಅವರ ಸ್ವಾರ್ಥ ಮನೋಭಾವವನ್ನು ತೋರಿಸಲಾಯಿತು.,angry,kn
ನೀವು ಅದನ್ನು ಒಮ್ಮೆ ಓದಿದ ನಂತರ ನೀವು ಹಿಂತಿರುಗಲು ಬಯಸುವುದಿಲ್ಲ.,sad,kn
ನೀವು ಬ್ರೇಕಿಂಗ್ ನ್ಯೂಸ್ ನೀಡುತ್ತೀರಿ. ಪತ್ರಕರ್ತರು ಕಡಿಮೆ ಚಮಚಗಳು.,angry,kn
ಶಶಿ ತರೂರ್‌ಗೆ ಮತ ಹಾಕಿದ ಸಾವಿರಾರು ಜನರನ್ನು ದೇಶದ್ರೋಹಿ ಎನ್ನಬೇಕೆ?,angry,kn
ಈ ಮಹಿಳೆ ಅವಮಾನವನ್ನು ತೊರೆದಿದ್ದಾಳೆ.,angry,kn
ಬಿಜೆಪಿಯವರು ಇಲ್ಲಿ ಹೋರಾಟ ನಡೆಸುವುದು ಆತ್ಮಹತ್ಯೆ.,sad,kn
ಕೋರ್ಟಿನಲ್ಲಿ ಸೋತಾಗ ಸೋಲು.. ಈಗ ಅವಿರೋಧವಾಗಿ ಬಡಾಯಿ ಕೊಚ್ಚಿಕೊಳ್ಳುತ್ತಿದ್ದಾರೆ..,angry,kn
ಈ ಚದುರಿದ ಮೋಡಗಳು ಯಾವಾಗ ಚದುರಿ ಹೋಗುತ್ತವೆ ??,angry,kn
ಇಂದು ಮಹಾರಾಷ್ಟ್ರ ಕೊನ್ಯಾ ಚಿಟ್ಟಿ ಪಾಠಕ್ ನ ಕೈಯಲ್ಲಿದೆ... ಉಲ್ಲಾಸದಾಯಕ.,angry,kn
ಕೆಲವು ದಿನಗಳ ನಂತರ ಉದ್ಧವ್ ಠಾಕ್ರೆ ಏನು ಹೇಳುತ್ತಾರೆ.. ಬಾಳಾ ಸಾಹೇಬರ ಶಿವಸೇನೆಯನ್ನು ಕೊಲ್ಲು..,sad,kn
ವಿದೇಶಿಯರಿಗಾಗಿ ಕಾರ್ಯಕ್ರಮಗಳಿಗೆ ಹಣ ಖರ್ಚು ಮಾಡಲಾಗಿದೆ.,angry,kn
ಪುಣೆಯಲ್ಲಿ ಪಾಕಿಸ್ತಾನ್ ಜಿಂದಾಬಾದ್ ಎಂದು ಘೋಷಣೆ ಕೂಗಿದ ಹಂದಿಯ ಮನೆಯ ಮೇಲೆ ಪೊಲೀಸರು ಗುಂಡು ಹಾರಿಸಲಿಲ್ಲ ಏಕೆ?,angry,kn
ಉಪಗ್ರಹ ನೋಡುವವರೆಗೆ ಎರಡನೇ ಮುಂಗಾರು ಬರುವುದಿಲ್ಲವೇ?,neutral,kn
"ಹೇ ರಾಮ್, ಹೇ ರಾಮ್",neutral,kn
ಭಾವನಾತ್ಮಕ ಪತ್ರಿಕೋದ್ಯಮ ಬಿಡಿ... ಪತ್ರಕರ್ತನ ಕೆಲಸ ಸುದ್ದಿ ನೀಡುವುದು... ಸುದ್ದಿ ಮಾಡುವುದಲ್ಲ...,angry,kn
"ಯಾರ ವಿರುದ್ಧ ಹೋರಾಡುತ್ತಾನೆ...ಬಾಳಾ ಸಾಹೇಬರ ಶಿವಸೇನೆಯ ವಿರುದ್ಧ. ಬಾಳಾ ಸಾಹೇಬರ ವಿಚಾರಗಳು ಎಂದಿಗೂ ಉಳಿಯಲಿಲ್ಲ, ಈಗ ಬಾಳಾ ಸಾಹೇಬರ ಶಿವಸೇನೆ ಸೋಲುತ್ತದೆಯೇ?",angry,kn
"ಕೋಳಿ ಕಳ್ಳನ ಬಾಯಿಗೆ ಪ್ರವೇಶಿಸಿತು, ಆದ್ದರಿಂದ ಟಾರ್ಚ್ನಲ್ಲಿ ಐಸ್ ಕ್ರೀಮ್ನೊಂದಿಗೆ ಚಿಕನ್ ಅನ್ನು ಫ್ರೈ ಮಾಡೋಣ.",angry,kn
"ಪ್ರಾಯೋಗಿಕವಾಗಿ, ಪುರುಷತ್ವದ ಕೊರತೆಯು ಸಂಬಂಧವು ಹದಗೆಡಲು ಒಂದು ಕಾರಣವಾಗುವುದಿಲ್ಲ.",neutral,kn
ಹಿಂದಿಯಲ್ಲಿ ಏನು ಹೇಳುತ್ತೋ ಗೊತ್ತಿಲ್ಲ...,angry,kn
ಈ ಟೀ-ಬಿಸ್ಕೆಟ್ ಪತ್ರಕರ್ತರು ನರಿಗೆ ಹುಳಿ ದ್ರಾಕ್ಷಿಯಂತಾಗಿದ್ದಾರೆ,angry,kn
ಕೆಲವು ನಾಯಿಗಳು ತಮ್ಮ ಮಾಲೀಕರನ್ನು ಎಷ್ಟೇ ಬೈದರೂ ನೆಕ್ಕಲು ಹಿಂತಿರುಗುತ್ತವೆ.,angry,kn
"ನೋಡಿ, ಅತಿವೃಷ್ಟಿಯಿಂದ ರೈತನಿಗೆ ಇನ್ನೂ ಪರಿಹಾರ ಸಿಕ್ಕಿಲ್ಲ.",angry,kn
ನಿಮ್ಮ ಗುಂಪು ಕೂಡ ಒಂದು ರೀತಿಯ ಭ್ರಮೆ.,neutral,kn
ಸಮೀಕ್ಷೆಯ ದಿನ ಕರ್ವಾ ಚೌತ್.. ಹೊಂಚು ಹಾಕಿತ್ತು. .ಒಬ್ಬ ಭಕ್ತ,neutral,kn
ಡಿನೋ ಮೋರಿಯಾ ಜೈ ನಿಮ್ಮ ತಂದೆಯ ನ್ಯಾಯಸಮ್ಮತವಲ್ಲದ ಮಗು,angry,kn
ರಾಜಕಾರಣಿಗಳಿಗೆ ಕೋಟಿಗಟ್ಟಲೆ ಪಿಂಚಣಿ ಏಕೆ ಬೇಕು? ರಾಜಕೀಯ ಒಂದು ಕೆಲಸವೇ?,angry,kn
ಇದೆಲ್ಲ ಮಾಡುವ ಮೊದಲು ಒಂದು ಚಪ್ಪಲಿ ಇರುತ್ತದೆ,angry,kn
"ಬುದ್ಧಿವಂತ ಜನರು ಅವನನ್ನು ದ್ವೇಷಿಸುತ್ತಾರೆ, ಕುತಂತ್ರ ಮತ್ತು ಅಶಿಕ್ಷಿತ ಜನರು ಅವನನ್ನು ಬೆಂಬಲಿಸುತ್ತಾರೆ",angry,kn
ಆಯತ್ಯ ಬಿಲತ್ ನಗೋಬಾ ಎಂದರೆ ಆದಿತ್ಯ ಠಾಕ್ರೆ. ಭಾಗೋ ವರ್ಲಿಯಿಂದ ಮರು ಆಯ್ಕೆಯಾಗಬಹುದೇ ????,angry,kn
ತನ್ನ ಮೂರ್ಖ ಸಚಿವ ಸ್ಥಾನವನ್ನು ಉಳಿಸಿಕೊಳ್ಳಲು ಕೊಲ್ಲಾಪುರ ಸೀಟು ಬಿಟ್ಟುಕೊಟ್ಟಿದ್ದನ್ನು ಒಪ್ಪಿಕೊಂಡ ಕೊಂಬಾಡ್ಯ!,angry,kn
"ಅರೇ, ಆ ಜನ ಯುವರಾಜ್ ಗೆ ಕಾಮನ್ ಸೆನ್ಸ್ ಕಲಿಸುತ್ತಿದ್ದಾರೆ, ಇದು ಕಷ್ಟ ಯುವರಾಜ್...!!!",angry,kn
ನಾನು ಇದನ್ನು ಸಹ ಮಾಡಿದ್ದೇನೆ + ರಿಮೋಟ್ ಅನ್ನು ನಾನು ಮುರಿದಿದ್ದೇನೆ.,angry,kn
ಮರಾಠಿ ಬಾರದವನು ಮಹಾರಾಷ್ಟ್ರ ದ್ರೋಹಿ.,angry,kn
"ಇದೇನಿದು ಪರುಲೇಕರ್, ಮಾತೃಭಾಷೆಯ ಬಗ್ಗೆ ಹೆಮ್ಮೆ ಪಡಬೇಕು.",happy,kn
ಮೇಡನ್ ಸಂಸ್ಥೆಯ ಉತ್ಪಾದನೆಯನ್ನು ತನಿಖೆ ಮಾಡಲು ಸಮಿತಿಯನ್ನು ನೇಮಿಸಲಾಗಿದೆ ಮತ್ತು ಉತ್ಪನ್ನದ ಮಾರಾಟವನ್ನು ನಿಷೇಧಿಸಲಾಗಿದೆ.,neutral,kn
ನಿಮ್ಮ ಸ್ವಂತ ಮೂರ್ಖತನಕ್ಕೆ ನಗು. .,neutral,kn
ಕೂದಲು ಉದುರುವುದನ್ನು ತಡೆಯಲು ಬದಲಾಯಿಸಲಾಗಿದೆಯೇ ??,neutral,kn
"ಸರಿ ಇದು ಪಾಠ, ಈಗ ಏನು ??",neutral,kn
ಚುನಾವಣೆ ನಡೆಯಿತು,neutral,kn
ವಾಲೆಟ್ ಇಲ್ಲದೆ ಪತ್ರಿಕೋದ್ಯಮ ನಡೆಯಬಹುದೇ ಎಂಬುದು ಪ್ರಶ್ನೆ.,angry,kn
ಮೂರ್ಖರ ಗುಂಪು ಅಲ್ಲಿಂದ ಹೊರಹೊಮ್ಮಿತು ... ಇದರಲ್ಲಿ ನಮ್ಮ ಉದ್ಧವ್ನನ್ನು ಗುರುತಿಸಿ ...,angry,kn
"ಹೇ ಕೇಶವ್, ಬಿ.ಕೆ.ಸಿ, ಬಿ.ಜೆ.ಪಿಯ ಘಟಾನುಘಟಿಗಳಲ್ಲಿ ಬಿಸಾಡಿದ ಮೇಲೂ ನಿನಗೆ ನಾಚಿಕೆ ಆಗುತ್ತಿಲ್ಲವೇ?",angry,kn
ಬಾ ಬಾಸ್ಟರ್ಡ್..,angry,kn
ಎಂಎನ್‌ಎಸ್‌ಗೆ ಓ ಕಾಕಾ ಊರ್ಲಾ ಸುರಳ ದಿನ,angry,kn
ಈ ರೀತಿಯಾಗಿ ರಾಜ್ ಸಾಹೇಬರು ವೀಳ್ಯದೆಲೆ ಎಂದು ಭಾವಿಸಲಾಗಿತ್ತು,angry,kn
"ಕರೋನಾ ಬಿಕ್ಕಟ್ಟಿನಲ್ಲಿ, ರಾಜ್ಯದ ಬದಲು ಕೇಂದ್ರ ಸರ್ಕಾರದ ನಿಧಿಗೆ ದೇಣಿಗೆ ನೀಡಿದ ಭೂರ್ತೆ ಹೇಳುತ್ತಿದ್ದಾರೆ...",angry,kn
ಕಾನೂನು ಎಲ್ಲರಿಗೂ ವಿಭಿನ್ನವಾಗಿದೆ ಎಂದು ತೋರಿಸಲು ನೀವು ಬಯಸುವಿರಾ?,angry,kn
ಇಂತಹ ಅಧಿಕಾರ ದುರ್ಬಳಕೆ ನಿಲ್ಲಬೇಕು.. ಅದಕ್ಕೇ ಮಹಾರಾಷ್ಟ್ರಕ್ಕೆ ಅಣಜಿ ಪಂತ್ ಅಂತಾರೆ.,angry,kn
ದೇಶದ್ರೋಹಿಗಳನ್ನು ಸುಡುವುದೇ? ....ಹಾಗಾದರೆ ಮೊದಲು ನಿಮ್ಮ ಅಹಂಕಾರವನ್ನು ಇಡಿ....ಹಿಂದುತ್ವ ದ್ರೋಹಿಗಳು,angry,kn
ಎಂತಹ ಮೂರ್ಖ ಮನುಷ್ಯ!,angry,kn
"ಅಂತಹ ಪೋಷಕರನ್ನು ಹೊಂದಿದ್ದು, ವರ್ಷಕ್ಕೆ ಆರು ಲಕ್ಷಗಳು ತುಂಬಾ ಹೆಚ್ಚು.",angry,kn
ಬೆಲ್ ಬಳಸಲಾಗುವುದು.,neutral,kn
ರಾಜ್ ಕಳೆದುಕೊಂಡಿದ್ದಾರೆ. ಅಯೋಧ್ಯೆ ಪ್ರವಾಸವನ್ನು ನಿಷೇಧಿಸಿ ಮತ್ತು ಬಿಜೆಪಿಯನ್ನು ಟೀಕಿಸುವ ಮೂಲಕ.,angry,kn
ಇದು ಭಯಾನಕವಾಗಿದೆ..,fear,kn
ಛಗನ್ ಭುಜಬಲ್‌ನ ಮನದಲ್ಲಿ ಹುರುಪು ತುಂಬಿದೆಯೇ?,angry,kn
ತುಳಜಾಪುರಕ್ಕೆ ತೆರಳುತ್ತಿದ್ದ ಭಕ್ತರ ಕದ್ದ ಮೊಬೈಲ್ ವಶ; ಇಬ್ಬರು ಉಗ್ರ ಕಳ್ಳರ ಬಂಧನ,neutral,kn
"ಅರೇ, ಈ ಸುದ್ದಿಯನ್ನು ನಾವು ಎಷ್ಟು ಹರಡುತ್ತೇವೆ",angry,kn
ಇದೆಲ್ಲವೂ ಬೆಂಬಲಿಗರಲ್ಲಿ ಗೊಂದಲ ಮೂಡಿಸಿದೆ.,happy,kn
ಮರಾಠಿ ಕಾಮೆಂಟ್‌ಗಳಿಗೆ ಬೇಡಿಕೆ ಇಟ್ಟ ಎಂಎನ್‌ಎಸ್ ನಾಯಕರ ವಿರುದ್ಧ ಪ್ರಕರಣ ದಾಖಲಿಸುವುದು ಕಷ್ಟ.,sad,kn
ಖಾಲಿ ಮಲೆನಾಡಿನ ಜನರನ್ನು ಕಾರ್ಯಕ್ರಮಕ್ಕೆ ಆಹ್ವಾನಿಸುವುದು ಸಭೆಯಲ್ಲ!!,angry,kn
"ಬಡೇ ಸಾಹೇಬರ ಸೋದರಳಿಯನನ್ನು ಸಾರ್ವಜನಿಕರು ಒಪ್ಪಿಕೊಳ್ಳಲಿಲ್ಲ, ಈ ಗಡ್ಡದಿಂದ ಏನು ಪ್ರಯೋಜನ...!!",angry,kn
ಇತ್ಯಾದಿ ಭಾರಿ ಮಳೆಯಿಂದ ಗದ್ದೆ ಕೊಳೆತು ಹೋಗಿದೆ.,sad,kn
ಪತ್ರ ಪ್ರಕರಣದಲ್ಲಿ ಭಾಗಿಯಾದ ಎಲ್ಲರಿಗೂ ಶಿಕ್ಷೆಯಾಗಬೇಕು...,angry,kn
ಪತ್ರಿಕೋದ್ಯಮದ ಮಟ್ಟ ಕುಸಿಯುತ್ತಿದೆ...,angry,kn
ಈ ಅಂಧ ಭಕ್ತನನ್ನು ನೋಡಿ,angry,kn
ಒಂದು ಕಾಲದಲ್ಲಿ ಎಂಎನ್ಎಸ್ ನಾಯಕರೊಬ್ಬರು ಈ ವಿಶೇಷಣವನ್ನು ನೀಡಿರಲಿಲ್ಲ,neutral,kn
"ಅಹಂಕಾರಿ ಮತ್ತು ಅಸಹಾಯಕ, ಈ ಎರಡು ಪದಗಳು ನಿಮಗೆ ಸೂಕ್ತವಾಗಿವೆ!",angry,kn
"ಭಿಕ್ಷುಕ, ಸುಮ್ಮನಿರು, ನನ್ನನ್ನು ಏಕೆ ಕೋಪಗೊಳಿಸುತ್ತಿದ್ದೀರಿ",angry,kn
"ಡ್ಯಾಮಿಟ್, ನಮಗೆ ಏನು ಗೊತ್ತು? ನೀವು ನೇರವಾಗಿ ಚುನಾವಣಾ ಆಯೋಗವನ್ನು ಕೇಳಬೇಕು ಮತ್ತು ನಮಗೂ ಹೇಳಬೇಕು.",angry,kn
ಅಗತ್ಯವಿಲ್ಲದಿದ್ದಾಗ ಡ್ರಗ್ಸ್ ತೆಗೆದುಕೊಳ್ಳಬಾರದು ಎಂಬ ಪ್ರಜ್ಞಾಪೂರ್ವಕ ಅರಿವು,neutral,kn
"ಅಜಿತ್ ದಾದಾಗೆ ಗೃಹ ಸಚಿವ ಸ್ಥಾನವನ್ನು ಏಕೆ ನೀಡಲಿಲ್ಲ, ಅವರು ಅರ್ಹರಲ್ಲವೇ?",angry,kn
ನಿಮಗೂ ತರ್ಕಕ್ಕೂ ಯಾವುದೇ ಸಂಬಂಧವಿಲ್ಲ ಎಂದು ತೋರುತ್ತಿದೆ,angry,kn
ಕ್ಷೇತ್ರಗಳು ಕೈ ತಪ್ಪುತ್ತಿವೆ ಎಂದು ಪವರ್ಯನ್ನರು ಹೇಳಿದಾಗ ಬೀದಿಗಿಳಿಯುತ್ತಾರೆ!,angry,kn
"ಅಮೋಲ್ ಮಿಟ್ಕರಿ ಬಿಜೆಪಿಯನ್ನು ಗೇಲಿ ಮಾಡುತ್ತಾರೆ, 'ಈ ಹಿಮ್ಮೆಟ್ಟುವಿಕೆ ನಿಮ್ಮ ದೀಪಾವಳಿ ಉಪಹಾರವನ್ನು ರುಚಿಕರವಾಗುವುದಿಲ್ಲ.'",angry,kn
"T-World Cup ಮೊದಲು ಇಂಗ್ಲೆಂಡ್ ತಂಡಕ್ಕೆ ದೊಡ್ಡ ಹೊಡೆತ, 'HA' ಪ್ರಮುಖ ಬೌಲರ್‌ಗಳು ಪಂದ್ಯಾವಳಿಯನ್ನು ಆಡುವುದಿಲ್ಲ.",sad,kn
"ಇಷ್ಟೆಲ್ಲಾ ಬೆಂಬಲಿಸಬೇಡಿ, ಈ ಚುನಾವಣೆ ಬಿಜೆಪಿಗೆ ಹೇಗಾದರೂ ಕಷ್ಟವಾಗಿತ್ತು.",neutral,kn
ನೀವು ಆಡುವ ರೀತಿಯಿಂದ ನೀವು ಮುಜುಗರಕ್ಕೊಳಗಾಗಿದ್ದೀರಾ?,angry,kn
ಮತ್ತು ಕಲ್ಮಶದ ಕೆಳಗಿರುವ ಕತ್ತಲೆಯು ನೀರಿನ ಶಿವಾರ್ ಹಗರಣವಾಗಿದೆ,angry,kn
ಪ್ರಬೋಧನಕರ್...ಬಾಳಾಸಾಹೇಬರು...ಉಬೆಂ ರಾವ್ ಅವರಿಗೆ ಅವರದೇ ಆದ ಅಸ್ತಿತ್ವ ಮತ್ತು ನಾಯಕತ್ವ ಇಲ್ಲ ಎಂಬುದನ್ನು ಎಲ್ಲರೂ ಒಪ್ಪಿಕೊಂಡಿದ್ದಾರೆ!,angry,kn
"ಪುಣೆಯಲ್ಲಿ ಕಾರ್ಯಕರ್ತರ ಬಂಧನದ ನಂತರ ಪಾಕಿಸ್ತಾನ್ ಜಿಂದಾಬಾದ್, ಅಲ್ಲಾಹು ಅಕ್ಬರ್ ಘೋಷಣೆಗಳು ಮೊಳಗಿದವು",angry,kn
ಹಪ್ಪಳ ನಾಯಿ... ಎಲ್ಲದಕ್ಕೂ ಬೇಕು ಅನ್ನೋದು ಶುಭ ಸೂಚನೆ,angry,kn
ಇದು? ನೀವು ಹೋಗಿದ್ದೀರಾ?,neutral,kn
ಇದು ಹುಚ್ಚುತನದ ಪ್ರತಿಕ್ರಿಯೆ,angry,kn
"ಓಹ್, ಹಾಗಾದರೆ ಆ ಎರಡು ಗುಂಪುಗಳು ಒಂದೇ ಪಕ್ಷದಲ್ಲಿ ಏಕೆ ಪರಸ್ಪರ ಹೊಡೆದಾಡುತ್ತಿವೆ?",happy,kn
ಯಾರೂ ಇಲ್ಲ ಏಕೆಂದರೆ ದಿವಂಗತ ನಾಯಕರ ಕುಟುಂಬದ ಸದಸ್ಯರನ್ನು ಅವಿರೋಧವಾಗಿ ಆಯ್ಕೆ ಮಾಡುವುದು ನಮ್ಮ ಮಹಾರಾಷ್ಟ್ರದ ಸಂಸ್ಕೃತಿಯಾಗಿದೆ!,happy,kn
ಬಿಕ್ಕಟ್ಟು ಬಿಕ್ಕಟ್ಟು,neutral,kn
ಈ ಸರ್ವಾಧಿಕಾರಿಗಳು ಬದುಕಿದಾಗ ರಾಜರಂತೆ ಬದುಕುತ್ತಾರೆ ಮತ್ತು ಸತ್ತಾಗ ನಾಯಿಗಳಂತೆ ಸಾಯುತ್ತಾರೆ.,angry,kn
?? ಇದು ಒಂದು ರೀತಿಯ ಅವಮಾನ.. ಪುಣೆಯಲ್ಲಿ ಎಲ್ಲವೂ ಇದೆ ಮೇಡಂ,angry,kn
ಸರಳವಾಗಿ ... ನೀವು ನಿಮ್ಮನ್ನು ಮಂತ್ರಿ/ಪ್ರಮುಖ ಅಧಿಕಾರಿ ಎಂದು ಪರಿಗಣಿಸುತ್ತೀರಾ?,angry,kn
ಅವನ ನಾಲಿಗೆ ಏಕೆ ಜಾರಿಕೊಳ್ಳಲಿಲ್ಲ? ಏಕೆ ನಾಲಿಗೆಯಲ್ಲಿ ಇರಿಸಲಾಗುತ್ತದೆ,angry,kn
ಎಂತಹ ಅವಮಾನ.,sad,kn
ಬಾನು ಗುಂಡೆ ಅವರು ಮುಂಜಾನೆ ಪ್ರಮಾಣ ವಚನ ಸಮಾರಂಭದ ಆಯೋಜಕರಾಗಿದ್ದರು.,angry,kn
ಆದರೆ ಹುಡುಗಿಯರನ್ನು ಕಂಡು ತುಂಬಾ ನೋವಾಗುತ್ತದೆ,sad,kn
"ಇದು ಬಿಜೆಪಿ ಸರ್ಕಾರದ ತಪ್ಪು ಕ್ರಮವಾಗಿದ್ದು, ನಿಜಕ್ಕೂ ಅನ್ಯಾಯವಾಗಿದೆ.",angry,kn
"ಯೋಜನೆ ನನೆಗುದಿಗೆ ಬಿದ್ದಿದೆ ಎಂಬ ಬೇಸರವಲ್ಲ, ಕಮಿಷನ್ ದುರ್ಬಲವಾಗಿದೆ, ಬೇಸರವಾಗಿದೆ.",sad,kn
ಎಂತಹ ದೊಡ್ಡ ನಿರ್ಧಾರ?? ಈಗ ಎಲ್ಲ ಚರಂಡಿಗಳು ತುಂಬಲಿವೆ.,angry,kn
"ಇದು ಯೋಗ್ಯವಾಗಿದೆಯೇ, ನೀವು ಭ್ರಷ್ಟಾಚಾರದ ಹುಳುಗಳು",angry,kn
"ಇಲ್ಲ, ಎಂದಿಗೂ ನಿರೀಕ್ಷಿಸಿರಲಿಲ್ಲ, ಕೇವಲ ಕಿರಿಕಿರಿಯನ್ನು ವ್ಯಕ್ತಪಡಿಸಿತು, ಎಲ್ಲಾ ಜಪಮಾಲೆಯ ಮಣಿಗಳು",angry,kn
ಮೊದಮೊದಲು ಈ ನಾಟಕವನ್ನು ದರೋಡೆ ಮಾಡಿ ಆಡುವುದು ಚೆನ್ನಾಗಿತ್ತು.,angry,kn
ಕೆಲವೊಮ್ಮೆ ನಿಮ್ಮ ಬಾಸ್ ಅನ್ನು ಕೇಳಿ.,angry,kn
"ಹೌದು, ಇಲ್ಲಿಯವರೆಗೆ ಇಬ್ಬರನ್ನು ಬಂಧಿಸಿ ಗಲ್ಲಿಗೇರಿಸಲಾಗಿದೆಯೇ?",neutral,kn
ಅರ್ಥ ಗಣಿತವು ನಿಮ್ಮ ಮನಸ್ಸಿನಿಂದ ಹೊರಗಿದೆ!,angry,kn
ದೇವೇಂದ್ರ ಫಡ್ನವೀಸ್ ಒಬ್ಬ ನಿಷ್ಪ್ರಯೋಜಕ ವ್ಯಕ್ತಿ. ಅವರು ತಮ್ಮ ಪೊಲೀಸರನ್ನು ನಂಬುವುದಿಲ್ಲ. ರಾಮಖೋರ್ ಸರೋವರ,angry,kn
ಜನರು ಏಕೆ ಕೇಕ್ ಬಯಸುತ್ತಾರೆ ಮತ್ತು ತಿನ್ನುತ್ತಾರೆ ಎಂದು ಈಗ ನನಗೆ ತಿಳಿದಿದೆ,neutral,kn
"ಅವರು ಇದಕ್ಕಿಂತಲೂ ಬಲಿಷ್ಠರು...! ನಮ್ಮ ದೀಪಾವಳಿ ಪಟಾಕಿಗಳು... *ಈಗ ದೀಪಾವಳಿ ಬರಲಿ, ಇಡೀ ಭೂಮಿಯೇ ಅಪಾಯದಲ್ಲಿದೆ.*",happy,kn
ಈಗ ನಿನ್ನನ್ನು ನೋಡಿದ ಮೇಲೆ ತಮ್ಮ ದುಃಖವನ್ನು ವ್ಯಕ್ತಪಡಿಸಲು ಅವರಿಗೆ ಇಡೀ ದಿನ ಆಹಾರ ಸಿಗುವುದಿಲ್ಲ,angry,kn
ಇದು ಅತ್ಯಂತ ದುರದೃಷ್ಟಕರ. ವಿದ್ಯಾರ್ಥಿಗಳಿಗೆ ನ್ಯಾಯ ಸಿಗಬೇಕು.,sad,kn
ಗೃಹ ಸಚಿವರು ಯಾರ ಭತ್ಯೆ ಕದಿಯುತ್ತಿದ್ದಾರೆ?,angry,kn
ಅಭ್ಯರ್ಥಿಗೆ ಹಿಂಪಡೆಯುವ ಪತ್ರ ಬಂದ ತಕ್ಷಣ...ಅದನ್ನು ಈಗಲೇ ಘೋಷಿಸುವರೇ?,angry,kn
ವೆಸ್ಟ್ ಇಂಡೀಸ್ ಅವರನ್ನು ಹುಡುಕುತ್ತಿದೆ ಮತ್ತು ಅವರು ಇಲ್ಲಿ ಪಾತ್ರವನ್ನು ನಿರ್ವಹಿಸುತ್ತಿದ್ದಾರೆ.,neutral,kn
ಎಂಎನ್‌ಎಸ್ ಒಂದು ರಾಜಕೀಯ ಪಕ್ಷ ಎಂಬುದು ಬಹುಶಃ ತಪ್ಪು ಕಲ್ಪನೆ.,angry,kn
"ಅನೇಕ ಮಹಿಳೆಯರೊಂದಿಗಿನ ಸಂಬಂಧಗಳ ಬಗ್ಗೆ ಪ್ರಶ್ನೆಗಳಿವೆ, ಜಗಳವಾಡುವುದು, ಜೋರಾಗಿ ನಗುವುದು ಅಥವಾ ಅಳುವುದು...",angry,kn
ದೇಶದ್ರೋಹ ಮಾಡುವ ಮೊದಲು ನಿಮ್ಮ ಹಳೆಯ ಭಾಷಣವನ್ನು ಪೋಸ್ಟ್ ಮಾಡಿ,angry,kn
"ದೇಶದ್ರೋಹಿ ಪಲ್ಲಾ ಸಾಹೇಬ್, ನೀವು ಅದನ್ನು ಸಮಯಕ್ಕೆ ಗುರುತಿಸಬೇಕಾಗಿತ್ತು.",angry,kn
"ಬಿಳಿ ಕಾಗದದ ಆದಾಯದ ಮಿತಿ ತುಂಬಾ ಕಡಿಮೆ, ಆದ್ದರಿಂದ ಕೆಳ ಮಧ್ಯಮ ವರ್ಗದವರಿಗೂ ಕಿತ್ತಳೆ ಸಿಗುವುದಿಲ್ಲ.",angry,kn
"ಸಾರ್ವಜನಿಕರು ನಿರ್ಧರಿಸಲಿ, ಶಾಲೆ ಮುಚ್ಚುವ ನಿರ್ಧಾರವನ್ನು ಹಿಂಪಡೆಯಲಿ.",neutral,kn
ಈ ಸಾಮಾನ್ಯ ಜ್ಞಾನವು ವಿಜ್ಞಾನದ ಇತಿಹಾಸ ಪರೀಕ್ಷೆಗೆ ಉತ್ತರಿಸುವವರಿಗೆ ಮಾತ್ರ ಇರುತ್ತದೆ,angry,kn
ತಾಯಿ ಶಿಂಧೆ ಗುಂಪು ಸೇರಿದಾಗ ಬಿಜೆಪಿ ಅವರಿಗೆ ಉಮೇದುವಾರಿಕೆ ನೀಡಲು ಹೊರಟಿತ್ತು. ನರಿಗೆ ಹುಳಿ ದ್ರಾಕ್ಷಿ.,angry,kn
ಸಂಜಯ್ ರಾಠೋಡಿಯ ಅಪರಾಧವನ್ನು ಮುಚ್ಚಿಹಾಕುವುದು ಅಷ್ಟು ಸುಲಭವಲ್ಲ,neutral,kn
"ನಿಮ್ಮ ಹೊಟ್ಟೆಯಲ್ಲಿ ಕೊಲಿಕ್ ಏಕೆ ಇದೆ, ಏನು ಮಾಡಬೇಕು?",angry,kn
ಪಿಸ್ತೂಲು ಇರುವಲ್ಲಿ ರಾಜೀನಾಮೆ ಕೊಡುವುದಿಲ್ಲ ಎಂಬುದು ಎಲ್ಲರಿಗೂ ಗೊತ್ತು,angry,kn
"ನಿತೇಶ್ ರಾಣೆ ಅಲ್ಲ, ಈತ ನಿತೇಶ್ ಥಾಪಾ.",angry,kn
ಜೀವನವು ಪುನರಾವರ್ತನೆಯಾಗುವುದಿಲ್ಲ. ಜೀವನದ ಬೆಲೆ ಯಾರಿಗೂ ತಿಳಿದಿಲ್ಲ ಎಂಬುದು ಸತ್ಯ,sad,kn
ಈ ಉಗುಳುವ ಸೇವೆ ಎಲ್ಲಿಂದ ಬಂತು?,angry,kn
ಭ್ರಷ್ಟಾಚಾರ ದೇಶದ ಪಿಡುಗು: ದೇವೇಂದ್ರ ಫಡ್ನವಿಸ್,angry,kn
ಬರೀ ಟ್ರೋಲ್ ಮಾಡುವುದು ರಾಜಕೀಯವಲ್ಲ. ಇದಕ್ಕೆ ಕೆಲಸ ಬೇಕು.,neutral,kn
"ನಾವು ಮನೆಯಲ್ಲೇ ಇರುತ್ತೇವೆ, ಆದರೆ ಆ ರೈತರ ಪಾಡು ಕಾಣುತ್ತಿಲ್ಲ.",sad,kn
ರಾಜ್ ಠಾಕ್ರೆಯಂತಹ ಸಾಂಸ್ಕೃತಿಕ ನಾಯಕ ಮಹಾರಾಷ್ಟ್ರದ ಮುಖ್ಯಮಂತ್ರಿಯಾಗದಿರುವುದು ಮಹಾರಾಷ್ಟ್ರದ ದೌರ್ಭಾಗ್ಯ.,sad,kn
ಹಂಚಿಕೆಯಿಂದ ಏನು ಪ್ರಯೋಜನ ಎಂದು ಅವರು ಯೋಚಿಸಬೇಕು.,neutral,kn
ಇದು ಪರದೆಯ ಹಿಂದಿನ ನಿಜವಾದ ಮುಖ,angry,kn
"ಭಟ್ಕಳಕರ್, ಬರೀ ಕಾಮೆಂಟ್ಗಳನ್ನು ಓದಿ, ರಾವ್... ತುಂಬಾ ವೈವಿಧ್ಯತೆ. ಅವಮಾನದ ತರಕಾರಿ ಮಾರಿ ತಿಂದ...",angry,kn
ಸುಬೋಧ್ ಭಾವೆ ಅವರ ಹೆಸರನ್ನು ನೀವು ನೋಡಿದಾಗ ಕಾಲಲ್ ಚಿತ್ರ ನಿಮಗೆ ಅಲ್ಲ,neutral,kn
ನೀವು ಆರಿದ ದೀಪಗಳನ್ನು ಏಕೆ ಹಿಂತಿರುಗಿಸುತ್ತೀರಿ?,angry,kn
"ಅಸೆಂಬ್ಲಿಯೇ ವಿಸರ್ಜಿಸಲಿದೆ, ಚುಟಿಯಾ ಕುಟ್ಲಕ್ಕೆ ರಾಜೀನಾಮೆ ನೀಡುತ್ತೀರಾ?",angry,kn
ಓಡಿ ಹೋದವರು ಸಲಹೆ ಕೊಡುವರೇ?,angry,kn
"ನೀವು ಹೇಗೆ ಕಳೆದುಕೊಳ್ಳುತ್ತೀರಿ ಎಂದು ನಿಮಗೆ ತಿಳಿದಾಗ, ನೀವು ಉತ್ಸುಕರಾಗುತ್ತೀರಿ ಮತ್ತು ನಿಮ್ಮ ಮುಖದಲ್ಲಿ ಅಭಿನಂದನೆಗಳನ್ನು ನಿರೀಕ್ಷಿಸುತ್ತೀರಿ.",angry,kn
ಜನರ ಬಲವಂತದ ಭಾಷೆಯಲ್ಲಿ ಹೇಳುವುದಾದರೆ ಸೈನ್ಯದಲ್ಲಿದ್ದಾಗ ಅವರಿಗೆ ಸೆಲ್ಯೂಟ್ ಹೊಡೆದಿದ್ದಾರಾ?,angry,kn
ದೇವರು ಅವರಿಗೆ ಐವತ್ತೆರಡು ಕುಲಗಳ ಬದಲಿಗೆ ಐವತ್ತೆರಡು ತಲೆಗಳನ್ನು ನೀಡಬೇಕಾಗಿತ್ತು,angry,kn
ಅವನು ನಿನ್ನನ್ನು ಕೆಟ್ಟದಾಗಿ ಹೊಡೆದನು ಮತ್ತು ಅದಕ್ಕಾಗಿಯೇ ನಿನಗೆ ಈ ರೀತಿ ಅನಿಸುತ್ತದೆ,angry,kn
ಪಚ್ಕಾ ಉದ್ಧವ್ ಅವರ ಕಾನೂನು ಭಾಗವೂ ದುರ್ಬಲವಾಗಿದೆ,angry,kn
ಇದು ಕೆಲಸ ಮಾಡುತ್ತದೆಯೇ?,neutral,kn
ಹಾಗಾದರೆ ನಾನು ಬೇರೆ ಏನಾದರೂ ಹೇಳಿದ್ದೇನೆಯೇ?,neutral,kn
ನಿಮ್ಮನ್ನು ಜೋಕರ್ ಮಾಡಿದ್ದು ಬಿಜೆಪಿ! ಬಾಮನ್ ಜನರು ಬಹಳ ಬುದ್ಧಿವಂತರು.,angry,kn
ನಿಮ್ಮ ಹೆಂಡತಿಯರು ಇನ್ನೂ ಏಕೆ ಬಯಲಿನಲ್ಲಿದ್ದಾರೆ?,angry,kn
ಇದರ ಅವಶ್ಯಕತೆ ಇರುವುದಿಲ್ಲ ಮತ್ತು ಸರ್ಕಾರ ಬೀಳುತ್ತದೆ,neutral,kn
ಗುರಾಣಿ ಕತ್ತಿಯ ಚಿಹ್ನೆ ನಿಮಗೆ ಬಿಟ್ಟದ್ದು. ಇದು ಇತಿಹಾಸ. ಈ ಪಕ್ಷಗಳು ಬೇಗನೆ ಮುಳುಗುತ್ತವೆ.,angry,kn
ಹತ್ಯಾಕಾಂಡದ ಭಾಷೆ ಮಾತನಾಡುವವರೇ ಗೋವಾರಿ ಹತ್ಯಾಕಾಂಡ ಯಾಕೆ ಮಾಡಿದ್ರು ಹೇಳ್ತೀರಾ??????,angry,kn
ಸ್ವಾಯತ್ತ ಸಂಸ್ಥೆಗಳು ಹೆಸರಿಗೆ ಮಾತ್ರ. ಈ ಸಂಸ್ಥೆಗಳು ಕೇಂದ್ರದ ಒತ್ತಡದಲ್ಲಿ ಮಾತ್ರ ಕಾರ್ಯನಿರ್ವಹಿಸುತ್ತವೆ. ಈ ಕುರಿತು ರಾಷ್ಟ್ರವ್ಯಾಪಿ ಆಂದೋಲನದ ಅಗತ್ಯವಿದೆ.,angry,kn
ಮಿಂದೇ ಸಾಹೇಬರು ಏನು ಮಾಡುತ್ತಿದ್ದಾರೆ?,angry,kn
ನೀನೂ ಇಲ್ಲಿಗೆ ಜೇನು ತಂದಿದ್ದೀಯಾ?,angry,kn
ಸರ್ಕಾರದಲ್ಲಿನ ಭ್ರಷ್ಟಾಚಾರ ಮತ್ತೊಮ್ಮೆ ಮುಖ್ಯಾಂಶಗಳಲ್ಲಿದೆ,angry,kn
ವಿಕಾರವೂ ನಾಚಿಕೆಪಡುತ್ತದೆ..,angry,kn
ಶಿವಸೇನೆ ಈ ವರ್ಷ ಬರಲಿಲ್ಲ...ಈಗೇಕೆ...,angry,kn
"ಉದ್ಧವ್ಜಿ ಅಪ್ಪ ಕದ್ದರು, ಶಿವಸೇನೆ ಕದ್ದರು, ಈಗ ಅಂತೇರಿ ಪೂರ್ವ ಅಭ್ಯರ್ಥಿಯೂ... ಜಾತಿವಂತ ಪಾಕೆಟ್ ಮನಿ ಗುಣಗಳನ್ನು ಹೊಂದಿದ್ದಾರೆ...",angry,kn
ಈ ಬಾಡಿಗೆಯಿಂದ ಛತ್ರಪತಿ ಶಿವಾಜಿ ಮಹಾರಾಜರು ಮತ್ತು ಬಾಳಾಸಾಹೇಬರನ್ನು ಮಾರುಕಟ್ಟೆ ಮಾಡಲಾಗಿದೆ.,angry,kn
ನಾನು ಓದಲು ಬಯಸುತ್ತೇನೆ ಆದರೆ ನನ್ನ ಬಳಿ ಹಣದ ಕೊರತೆ ಇದೆ... ಏನನ್ನೂ ಸೂಚಿಸಲಿಲ್ಲ,sad,kn
ಎಂಎನ್‌ಎಸ್ ಬಾಲಿಶತೆಯ ಉತ್ತುಂಗವಾಗಿದೆ,angry,kn
ನೀವು ಇನ್ನೊಂದು ಕಡೆಯಿಂದ ಕೇಳಲು ಬಯಸುವ ಹತಾಶ ಪ್ರಯತ್ನ,angry,kn
"ಇದು ಉದ್ದೇಶಪೂರ್ವಕ ಹೇಳಿಕೆಯಾಗಿದ್ದು, ಅನುಮಾನವನ್ನು ಹರಡಲು ನಾಲಿಗೆಯ ಸ್ಲಿಪ್ ಅಲ್ಲ.",angry,kn
ನಿಮ್ಮ ಹೆಸರನ್ನು ಹಿಂಪಡೆಯಬೇಕಾದರೆ ನೀವು ಅಭ್ಯರ್ಥಿಯನ್ನು ಓಡಿಸಲು ಏಕೆ ಪ್ರಯತ್ನಿಸಿದ್ದೀರಿ? ಒಬ್ಬ ಕಪಟಿ,angry,kn
ಸಿಂಧುದುರ್ಗದ ಮೂವರು ನೇಪಾಳಿಗಳ ಚಿತ್ರಗಳನ್ನು ಪೋಸ್ಟ್ ಮಾಡಲು ನಿಮಗೆ ನಾಚಿಕೆ ಏಕೆ?,angry,kn
ಇದನ್ನು ನೋಡಿ. ನನ್ನನ್ನು ನಿರ್ಬಂಧಿಸಲಾಗಿದೆ. ಅದನ್ನು ಇರಿಸಿಕೊಳ್ಳಿ,neutral,kn
ಸರಿ ಅಂದರೆ ಒಪ್ಪಿದರೆ ಪಪ್ಪು ನಿನ್ನ ತಂದೆ.,angry,kn
ಪುಣೆ ಇಂದು ಏಕೆ ನೀರಿನಲ್ಲಿ ಮುಳುಗಿದೆ? ಮೊದಲು ಪುಣೆಯವರಿಗೆ ಉತ್ತರ ನೀಡಿ ನಂತರ ಉಳಿದ ಜ್ಞಾನವನ್ನು ಹಂಚಿಕೊಳ್ಳಿ.,angry,kn
ತುಂಬಾ ಭ್ರಷ್ಟಾಚಾರ,angry,kn
ಈಗ ಆ ಬಿಜೆಪಿ ಆರೋಪಿಗಳನ್ನು ಶಿಕ್ಷಿಸುವ ಸಮಯ ಬಂದಿದೆ.,angry,kn
ಅವನು ಅಲ್ಲಿಗೆ ಹೋದ.. ಅವನು ನಿನ್ನ ಬಳಿಗೆ ಬರಲಿಲ್ಲ.. ಆಗ ಮಾಯೆಯ ಕೊರತೆಯನ್ನು ನೀವು ನೋಡುತ್ತೀರಿ.,sad,kn
ಶಾಕಿಂಗ್!! ಆಸ್ಟ್ರೇಲಿಯಾ ವಿರುದ್ಧದ ಪಂದ್ಯಕ್ಕೂ ಮುನ್ನ ಚಂಡೀಗಢ ಪೊಲೀಸರು ಹಣ ಕೇಳಿದ್ದರು,happy,kn
"ಇದು ಅತ್ಯಂತ ದಮನಕಾರಿ ನಿರ್ಧಾರವಾಗಿದ್ದು, ಸರಕಾರ ಕೂಡಲೇ ಈ ನಿರ್ಧಾರವನ್ನು ಹಿಂಪಡೆಯಬೇಕು.",angry,kn
ನಮ್ಮ ದೇವರು ಮತ್ತು ದೇವತೆಗಳ ಬಗ್ಗೆ ಎನ್‌ಸಿಪಿ ನಾಯಕರು ಏಕೆ ಕೋಪಗೊಂಡಿದ್ದಾರೆ? ಬಿಜೆಪಿ,angry,kn
ಒಂದು ವರ್ಷದ ನಿಮ್ಮ ಬಾಸ್ ಬಗ್ಗೆ ಮಾತನಾಡಲು ನಿಮಗೆ ನಾಚಿಕೆಯಾಗುವುದಿಲ್ಲವೇ?,angry,kn
"ಅವರ ಹೆಸರಿನಲ್ಲಿ ಕಾಮೆಂಟ್ ಮಾಡುವ ಧೈರ್ಯವಿಲ್ಲ, ಅವರು ಫಲಿತಾಂಶದ ಬಗ್ಗೆ ಮಾತನಾಡುತ್ತಿದ್ದಾರೆ",angry,kn
"ಆ ಕೋಳಿಯನ್ನು ಹುರಿದಿರಬೇಕು, ಹಾಗಾಗಿ ನಾನು ಅದನ್ನು ಹಿಂದಕ್ಕೆ ತೆಗೆದುಕೊಂಡೆ, ಮತ್ತು ನೀವು ಯಾವ ರೀತಿಯ ಧನ್ಯವಾದಗಳನ್ನು ಸ್ವೀಕರಿಸುತ್ತೀರಿ?",angry,kn
ಅತಿಯಾದ ಭೋಗದ ಫಲಿತಾಂಶಗಳು ಈ ರೀತಿಯಲ್ಲಿ ಕಂಡುಬರುತ್ತವೆ.,angry,kn
ಈ ಕಾರ್ಯಕ್ರಮ ನಿಲ್ಲಿಸಬೇಕು.,angry,kn
"ಈ ಮರವು ತುಂಬಾ ಅಪಾಯಕಾರಿ ಎಂದು ತೋರುತ್ತದೆ. ಮನಿಶಾ ನಗರ ಬಸ್ ನಿಲ್ದಾಣ, ಸಹ್ಯಾದ್ರಿ ಟೀ ಎದುರು...",fear,kn
"ವಾಸ್ತವವೆಂದರೆ ಇಲ್ಲಿನ ಸಮಾಜವು ಜಾತಿ ಆಧಾರಿತ, ಹತಾಶೆಯ ಮನಸ್ಥಿತಿಯ, ಸೈದ್ಧಾಂತಿಕವಾಗಿ ದಿವಾಳಿಯಾದ ಜನರ ಸಮಾಜವಾಗಿದೆ...",angry,kn
ಭಾಸ್ಕರ್ ಸಾಹೇಬರು ನಿನ್ನೆ ತಂದೆಯನ್ನು ತೆಗೆದು ಹಾಕಿದ್ದಾರೆ ಎಂದರು,angry,kn
"ಶಿವತೀರ್ಥದಲ್ಲಿ ದಸರಾ ಕೂಟಕ್ಕೆ ಅವಕಾಶವಿರುವುದರಿಂದ ಕೇಶವ ತುಂಬಾ ಚೆನ್ನಾಗಿ ಕಾಣುತ್ತಿದ್ದಾನೆ, ಬೆಂಕಿ ಉರಿಯುತ್ತದೆ...",angry,kn
ಯಾವುದೂ ನಿಜ ಅನಿಸುವುದಿಲ್ಲ,neutral,kn
ಓ ಭಕ್ತ ಮತ್ತು ಅದಕ್ಕೂ ಅಸಂಬದ್ಧತೆಗೂ ಯಾವುದೇ ಸಂಬಂಧವಿಲ್ಲ,angry,kn
ಇದು ಪ್ರತಿ ವರ್ಷ ನಡೆಯುತ್ತದೆ.,angry,kn
"ನೀವು ದೇಶಕ್ಕೆ ಏನಾದರೂ ಋಣಿಯಾಗಿದ್ದೀರಾ? ನೀವು ಭಕ್ತಿ ಮಾಡುತ್ತೀರಿ, ಸಾರ್ವಜನಿಕರಾದ ನಾವು ಯೋಚಿಸುತ್ತೇವೆ.",angry,kn
ಇದು ಗಟಾರನ ಬಾಯಿಂದ ನಿಮ್ಮ ಮುಖವಾಣಿಯಲ್ಲ,angry,kn
ಬಹುತೇಕ ಎಲ್ಲಾ ಭ್ರಷ್ಟರು ಈಗ ಸೂಪರ್ ಪವರ್ ಜೊತೆ...,angry,kn
ಈಗ ಏಕನಾಥ್ ಶಿಂಧೆಯವರಿಂದ ದೂರದೃಷ್ಟಿ ನಿರೀಕ್ಷಿಸುವುದು ಅತಿಯಾಗಿದೆ,angry,kn
ಮಾವಿನ ಚುಟಿಯಾ ಇದೆಯಾ?,angry,kn
ಹವಾಮಾನ ವರದಿ ಆದರೆ ನೀವು ಜರ್ನಲಿಸ್ಟ್ ಇದ್ದಂತೆ ಸರ್...ಅವರ ಭವಿಷ್ಯವೂ ಮೂಲಗಳ ಮೇಲೆಯೇ ಇದೆ...,angry,kn
"ಅದೇನೆಂದರೆ, ಆಂತರಿಕ ಜಗಳ ನಡೆದರೂ ಹೊರಗಿನಿಂದ ಆಯುಧಗಳನ್ನು ತರಬೇಡಿ.",neutral,kn
ಶಂಭುಲ್ಯನ ಸ್ಥಿತಿ ನೋಡಿ ದೇಶದ್ರೋಹಿ ಎಂಬ ಕಳಂಕ ಎಂದೂ ಮಾಸುವುದಿಲ್ಲ.,angry,kn
ತಾನಾಜಿ ಸಾವಂತ್ ನಂತರ ಅಂತಹ ಯಾವುದೇ ಹೇಳಿಕೆ ನೀಡಿದರೆ ಏಡಿಗಳು ಹೊರಗುಳಿಯುತ್ತವೆ.,angry,kn
"ಹೊಸ ಸಿಗ್ನಲ್ ಸಿಕ್ಕಿದ್ದು ನಿಜ, ಆದರೆ ಉದ್ಧವ್ ಠಾಕ್ರೆ ತಲೆ ನೋವು ಹೆಚ್ಚಿದೆ! -",happy,kn
ಹಗಲು ಹೊತ್ತಿನಲ್ಲಿ ಮರಾಠಿ ಅಂಗಡಿಕಾರರು ಮತ್ತು ಮಹಿಳೆಯರಿಗೆ ಅಮಾನುಷವಾಗಿ ಥಳಿಸಿದ ಘಟನೆ ಸಿಸಿಟಿವಿಯಲ್ಲಿ ಸೆರೆಯಾಗಿದೆ,angry,kn
ದೇಶವನ್ನು ಪಾತಾಳಕ್ಕೆ ಕೊಂಡೊಯ್ಯುವವರಿಗೆ ಬಿಜೆಪಿಗೆ ಮತ ಹಾಕಿ.,angry,kn
ಇದನ್ನು ಹೇಳಲು ಯಾವ ಬಾಯಿಯಲ್ಲಿ ಇನ್ನೂ ಸಗಣಿ ತುಂಬಿದೆ?,angry,kn
"ಅತುಲ್ ಸುತಾರ್ ಅವರು ಅಜೀರ್ಣದಿಂದ ಬಳಲುತ್ತಿದ್ದರು. ಬಿರಿಯಾನಿ ಬದಲು ದಾಲ್, ಅನ್ನ, ತುಂಪಾ ಧಾರ್ ಅಂತ ಬೇಜಾರಾಗಿತ್ತು.",angry,kn
"ನಿಖಿಲ್ ಈ ರೀತಿ ವರ್ತಿಸುವ ಮೂಲಕ ಕಮ್ಯುನಿಸ್ಟ್ ಆಗಿ ಹೊರಹೊಮ್ಮಿದರೂ, ಅವನು ಇನ್ನೂ ಇಷ್ಟು ಮಾಡುತ್ತಿದ್ದಾನೆ.",angry,kn
ಕಲ್ಮಾಬಾಯಿಯ ಪತಿಯು ಪಂಢರಪುರ/ಕೊಲ್ಹಾಪುರ ಮಧಿಯಲ್ಲಿ ಸ್ಥಾಪನೆಯಾದರೇ?,neutral,kn
"ಇದು ಮನಸ್ಸಿನ ಕತ್ತಲೆ, ಇದಕ್ಕೆ ಚಟ್ಕಾದ ""ಪಂಜು"" ಬೇಕು.",happy,kn
ಆಗ ಬಿಜೆಪಿಯ ಕಾಲಿಗೆ ನೆಲ ಜಾರಿ ನಾಟಕ ಶುರುವಾಯಿತು...,angry,kn
ಮತ್ತು ಜನತಾ ನ್ಯಾಯಾಲಯ ನೀಡಿದ ತೀರ್ಪು ನಿಮಗೆ ನೆನಪಿದೆಯೇ? ಸಾಮಾನ್ಯ ಜ್ಞಾನವನ್ನು ಬಳಸಿ.,angry,kn
"ಒಬ್ಬರು ಸ್ವಾಭಿಮಾನಿ, ಮತ್ತೊಬ್ಬರು ಎರೆಹುಳದ ಮಗುವಿನಂತೆ ಬದುಕುತ್ತಿದ್ದಾರೆ.",angry,kn
ಈ ವಾದವು ಪ್ರಚಂಡವಾಗಿದೆ ಏಕೆಂದರೆ ಒಬ್ಬ ಮನುಷ್ಯನಿಗೆ ಹಸಿವಾಗದಿದ್ದರೆ ಅವನು ತಿನ್ನಲು ಸಾಧ್ಯವಿಲ್ಲ ಎಂದು ನಾವು ಹೇಳಬೇಕಾಗಿದೆ.,neutral,kn
ಅಂದರೆ ಭಾರತದಲ್ಲಿ ಪ್ರಜಾಪ್ರಭುತ್ವ ಕೊನೆಗೊಂಡಿದೆ ಮತ್ತು ಈ ದೇಶ ಮುಳುಗುವ ಹಂತದಲ್ಲಿದೆ.,fear,kn
ಮೊದಲು ಈ ಹುಡುಗಿಯನ್ನು ಎತ್ತಿಕೊಂಡು ಇಡೀ ಚೌಕದಲ್ಲಿ ಅವಳನ್ನು ಗುಂಡಿಕ್ಕಿ ಕೊಂದುಬಿಡಿ. ಇವರು ಭಾರತದ ದ್ರೋಹಿಗಳು.,angry,kn
ರಾಹುಲ್ ಗಾಂಧಿಯನ್ನು ರಾಮನಿಗೆ ಹೋಲಿಸುವುದು ಅವಮಾನ,angry,kn
ಧಾನ್ಯಗಳನ್ನು ಬಿಸಾಡಿ ಕುದುರೆಯನ್ನು ಖರೀದಿಸುವ ಬಗ್ಗೆ ಮಾತನಾಡುತ್ತೀರಾ ???,neutral,kn
ಗುರಾಣಿ ಮತ್ತು ಖಡ್ಗ ಪಾಕಿಸ್ತಾನದ ಗಡಿಯನ್ನು ತಲುಪಲಿದೆಯಂತೆ.,angry,kn
ಆ ದಿನಗಳಲ್ಲಿ ಅಲ್ಲಿಗೆ ಹೋಗಲು ನನಗೆ ಧೈರ್ಯವಿರಲಿಲ್ಲ,fear,kn
ಬಿಜೆಪಿಯನ್ನು ದರೋಡೆಕೋರರ ಪಕ್ಷ ಎಂದು ಘೋಷಿಸಬೇಕೇ??,angry,kn
ಗುಲಾಮರು ತಕ್ಷಣ ಪ್ರಾರಂಭಿಸಲಿಲ್ಲವೇ? ನಸೀಬ್ ಮರಾಠಿ ಪತ್ರಿಕೆಯಲ್ಲಿ ಬರೆಯುತ್ತಿದ್ದಾರೆ.,angry,kn
ಮಾಡಲಾಗುವುದಿಲ್ಲ,neutral,kn
ಈ ಸೈನಿಕರು ಯು.ಟಿ.ಹೆಚ್. ಮತ್ತು ನಿಜವಾದ ಸೈನಿಕರನ್ನು ಮಾನನಷ್ಟಗೊಳಿಸುವುದು,angry,kn
"ನೀವೂ ಅಷ್ಟೇ, ನಿಮ್ಮ ಶೇತ್ ಕೂಡ ಚೆನ್ನಾಗಿದೆ",angry,kn
ನಾನು ಎರಡು ಬಾರಿ ಇಂದೋರ್‌ಗೆ ಹೋಗಿದ್ದೆ ಆದರೆ ಸರಾಫಾಗೆ ಹೋಗುವ ಅವಕಾಶ ಸಿಗಲಿಲ್ಲ.,neutral,kn
ಇವು ಅವರ ಕೆಲಸಗಳು. ಮೂಲಭೂತವಾದಿ ಧಾರ್ಮಿಕತೆ ಹೆಚ್ಚಬೇಕು ಮತ್ತು ಸಾಮಾಜಿಕ ವಿಷಯಗಳಿಗೆ ಒತ್ತು ನೀಡಬಾರದು.,angry,kn
ಇದು ಅತಿ ದೊಡ್ಡ ಭ್ರಷ್ಟಾಚಾರ... ಎಚ್ಚರವಾಗಿರಿ ಕುರುಡು ಭಕ್ತ...,angry,kn
"ಭಿಕು ಎಂಬುದು ಅವನ ಹೆಸರಲ್ಲ, ಆದರೆ ಅವನ ಗುಪ್ತಚರ ಪರೀಕ್ಷೆಯ ವರದಿ",angry,kn
ಬಿಜೆಪಿ ಮೇಡಂಗಳು ಅಧಿಕಾರದಲ್ಲಿದ್ದು ಬೆದರಿಕೆ ಹಾಕುತ್ತಿದ್ದಾರೆ.,angry,kn
"ನೀವು ಭಯಪಡುತ್ತೀರಾ, ನೀವು ಚಿಂತೆ ಮಾಡುತ್ತಿದ್ದೀರಾ?",fear,kn
ಈ ಸುಳ್ಳನ್ನು ನೋಡಿ,angry,kn
ಯಾವ ಪದ ತಪ್ಪಾಗಿದೆ ಎಂದು ಹೇಳಬಲ್ಲಿರಾ?,neutral,kn
ಯುವಕರಿಂದ ಹಿಡಿದು ಹಿರಿಯರವರೆಗೆ ಶಿವಸೇನೆಯತ್ತ ಒಲವು,neutral,kn
ಮಹಾರಾಷ್ಟ್ರ ಅಭಿವೃದ್ಧಿ ಹೊಂದುವುದು ಮುಖ್ಯ ಎಂದು ನಿಮಗೆ ಅನಿಸುವುದಿಲ್ಲವೇ?,neutral,kn
ಇಷ್ಟು ದಿನ ಅಂಧ ಭಕ್ತರು ಒಡೆದವರಿಗೆ ಶತರಂಜಯ ಎಸೆದಿದ್ದಾರೆ.,angry,kn
"ಎಕ್ಲೇ ಕಾ ಕಂಡ’ ಎಂದರೆ ಏನು, ಈ + ತೆರೆದ ನೂರು ಲಟ್ಕೆಗಳು ಹೇಳುತ್ತಿವೆ.",angry,kn
"ಸತ್ಯಯುಗದಲ್ಲಿ, ರಾವಣನನ್ನು ಬಿಲ್ಲು ಮತ್ತು ಬಾಣದಿಂದ ಸೋಲಿಸಲಾಯಿತು, ಆದರೆ ಕಲಿಯುಗದಲ್ಲಿ, ಉದ್ಧವ್ ಠಾಕ್ರೆ ಕೊಲ್ಲಲ್ಪಟ್ಟರು.",happy,kn
"ಆದ್ದರಿಂದ ನಾನು ಓಡಿದೆ, ಆದ್ದರಿಂದ ನಾನು ಮುರಿದುಬಿಟ್ಟೆ ...",angry,kn
ಹಸಿರು ಶಾಲು ಕಣ್ಣೀರಿನಿಂದ ಮುಚ್ಚಲ್ಪಟ್ಟಿದೆ.,neutral,kn
ಇವತ್ತು ತುಂಬಾ ತಡವಾಗಿ ಬಂದೆ..ವಿಶೇಷ ಮೆನು ಇಲ್ಲ..ಸುರ್...ಮಾಯಿ ಏಳಲಿಲ್ಲ..,neutral,kn
ಸಂಪಾದಿಸಿ ತಿನ್ನುವ ಅರ್ಹತೆ ನಿನಗೆ ಇಲ್ಲವೇ?,angry,kn
ಚೆಸ್‌ನಲ್ಲಿ ಮೋಸ ಮಾಡಿದ ಪ್ರಕರಣ ಭಾರತದಲ್ಲಿ ನಡೆದಿದೆ...,happy,kn
ಇಂದು ನೀವು ಯಾವ ಬೆಂಕಿಯನ್ನು ಮಾಡಲು ಯೋಜಿಸುತ್ತಿದ್ದೀರಿ?,angry,kn
ಕರೋನಾ ಕಾಲದಲ್ಲಿ ಬುಮ್ರೆ ಮತ್ತು ಅವರಂತಹ ಅಂಧ ಭಕ್ತರು ಕಾಲಿಗೆ ಕಾಲುಂಗುರ ಹಿಡಿದುಕೊಂಡು ಹಳ್ಳಿಯಲ್ಲಿ ಓಡಾಡುತ್ತಿದ್ದರು..!,angry,kn
ಈ ವರದಿಯ ಪ್ರಕಾರ ಚೀನಾದ ಬೆಳವಣಿಗೆ ದರ ಭಾರತದ ಬೆಳವಣಿಗೆ ದರಕ್ಕಿಂತ ಕಡಿಮೆ ಇದೆ.,neutral,kn
"ಸೋಜವ ಉನ್ ಉದ್ವಾವ್? ಅವನು ವಿಶ್ವದ ಮಹಾನ್ ಕೊಲೆಗಾರ, ದ್ವೇಷ ಹೊಂದಿರುವ ಒಬ್ಬನೇ?",angry,kn
"ನಿನಗೆ ಬಿಡುವು ಬೇಡ, ಓಡಿ ಹೋಗಲೂ ಬಾರದು ಅಕ್ಕ",neutral,kn
ಏನೂ ಆಗುತ್ತಿರುವಂತೆ ಕಾಣುತ್ತಿಲ್ಲ. ಸಾಕಷ್ಟು ಜಂಟಿ ಪ್ರಯಾಣ ನಡೆಯುತ್ತಿದೆ. ಸರ್ಕಾರ ಜನರ ಭಾವನೆಗಳನ್ನು ಅರ್ಥ ಮಾಡಿಕೊಳ್ಳಬೇಕು.,neutral,kn
ಕಳೆದ ವರ್ಷ ಯಾಕೆ ತೆಗೆದುಕೊಳ್ಳಲಿಲ್ಲ ಹೇಳಿ..!,angry,kn
ಓಹ್ ನಾನ್ಸೆನ್ಸ್... ಮೋಹನ್ ಭಾಗವತ್ ಅವರು ನಿಮ್ಮ ಮತ್ತು ತೈಮೂರ್ ಡಿಎನ್ಎ ಒಂದೇ ಎಂದು ಹೇಳುತ್ತಾರೆ...,angry,kn
ಇಲ್ಲ ಅವರು ದೇಶದ್ರೋಹಿಗಳು..ಅವರನ್ನು ನಂಬಬೇಡಿ,angry,kn
ಅವು ಬಹಳ ದೊಡ್ಡ ವಿಷಯಗಳು.. ಆ ವಿಷಯಗಳು ಪರಿಹರಿಸಲು ಸಮಯ ತೆಗೆದುಕೊಳ್ಳುತ್ತದೆ.,neutral,kn
ಪೊಲೀಸ್ ಸಂಸ್ಮರಣಾ ದಿನದಂದು ಕರ್ತವ್ಯ ನಿರ್ವಹಿಸುತ್ತಲೇ ಹುತಾತ್ಮರಾದ ಹುತಾತ್ಮ ಯೋಧರಿಗೆ ಶ್ರದ್ಧಾಂಜಲಿ!,happy,kn
ನಿಮ್ಮ ಉದ್ಯೋಗಿಗಳನ್ನು ಮನರಂಜಿಸಲು ವಿನ್ಯಾಸಗೊಳಿಸಿದ ಯೋಜನೆಯನ್ನು ಏಕೆ ಮುಂದುವರಿಸಬೇಕು?,angry,kn
ಅದರ ಮಾಲೀಕರು ಶಕ್ತಿ ಕಳೆದುಕೊಂಡಿದ್ದರಿಂದ ಅದು ಮುರಿದುಹೋಗಿದೆ.,angry,kn
"ನಮ್ಮ ಉದ್ಧವ್ ಬಾಳಾ ಸಾಹೇಬರ ಶಿವಸೇನೆ... ಜ್ಯೋತಿ ಬೆಳಗಿದೆ, ನಿಮ್ಮಂತಹ ದೇಶದ್ರೋಹಿಗಳನ್ನು ಸುಟ್ಟು ಹಾಕುತ್ತೇವೆ..",angry,kn
ನಾನು ಎಷ್ಟೇ ಮೌಲ್ಯ ಹೊಂದಿದ್ದರೂ ಅದು ಮಾರಾಟಕ್ಕಿಲ್ಲ. ಕ್ಯಾನ್ಸರ್‌ಗೆ ಅಲ್ಲ..,happy,kn
ಪೋಲೀಸರಿಗೆ ಯಾವುದೇ ಕೆಲಸ ಉಳಿದಿಲ್ಲ ಎಂದು ನಾನು ಭಾವಿಸುತ್ತೇನೆ!,angry,kn
ಮತ್ತೆ ವಿವಾದದಲ್ಲಿ ಸಮೀರ್ ವಾಂಖೆಡೆ; ಈಗ ಏಕೆ ಇಲ್ಲಿದೆ,happy,kn
"ಬಿಜೆಪಿಯಲ್ಲೂ ಕೇಂದ್ರ ಗೃಹ ಸಚಿವ, ರಾಜ್ಯ ಗೃಹ ಸಚಿವ ಸ್ಥಾನವಿದೆ, ಅವರನ್ನು ಏಕೆ ನಿಷೇಧಿಸಬಾರದು?",angry,kn
ಈ ಬ್ರೋಕರ್‌ಗೆ ಈ ಪ್ರದೇಶದಲ್ಲಿ ಯಾವುದೇ ಜ್ಞಾನವಿದೆಯೇ?,angry,kn
ಮಹಾರಾಷ್ಟ್ರದಲ್ಲಿ ಈ ರೀತಿಯ ಯೆಡಾಚಾ ಬಜಾರ್ ಮತ್ತು ಖುಲಾಚಿ ಯಾತ್ರೆ ನಡೆಯುತ್ತಿದೆ.,angry,kn
ಇದು ಹಕ್ಕು ಪಡೆಯದ ಅಂಧ ಭಕ್ತನಿಗೆ ಯೋಗ್ಯವಾಗಿದೆ ...,angry,kn
ಎಲ್ಲರೂ ವಯಸ್ಸಾದವರು ಆದರೆ ನೀವು,neutral,kn
ಜಾತ್ಯತೀತ ಗ್ಯಾಂಗ್ ಚಿ ಬೆದರಿಸುವವರನ್ನು ನಿರ್ಲಕ್ಷಿಸುತ್ತದೆ ಎಂದು ನಿರೀಕ್ಷಿಸಲಾಗಿದೆಯೇ?,angry,kn
ಬಹುಶಃ ಈ ಉಪಚುನಾವಣೆಯಲ್ಲಿ ಬಿಜೆಪಿ ಸೋಲಲಿದೆ ಎಂದು ಅರಿತುಕೊಂಡಿರಬಹುದು...ಹೀಗಾಗಿಯೇ ಇದೆಲ್ಲಾ ಊಹಾಪೋಹ...,happy,kn
"ಟ್ವೀಟ್‌ಗಳು ಕಡಿಮೆಯಾದರೂ, ಪಾಂಡೆ, ದಯವಿಟ್ಟು ಸಂಪೂರ್ಣ ಥ್ರೆಡ್ ಅನ್ನು ಪೋಸ್ಟ್ ಮಾಡಿ, ಬಾಬಾ",neutral,kn
ಯಾವುದೇ ಮುಖಾಮುಖಿಯು ದೇಹಕ್ಕೆ ಗಾಯವನ್ನು ಉಂಟುಮಾಡುತ್ತದೆ,neutral,kn
ಕೊಡುವುದೋ ಬೇಡವೋ ಎಂಬ ಭಯ ಅಣ್ಣ,fear,kn
ಈ ಮೂವರು ಅವುಗಳನ್ನೂ ಹರಿದು ಹಾಕಿದರು,angry,kn
ನಾನು ಕೇಳುತ್ತಿದ್ದೇನೆ ಆದರೆ ಪ್ರಜಾಪ್ರಭುತ್ವದ ನಾಲ್ಕನೇ ಸ್ತಂಭ ಎಂದು ಏನನ್ನು ಕರೆಯುತ್ತಾರೆ ಸಹೋದರ?,neutral,kn
ಯಾಕೆ ಹೀಗೆ ಅನ್ನಿಸಿತು ಗೊತ್ತಾ? ಮತ್ತು ಯಾವ ಫೋಟೋ. ಓಹ್..-ಇದು ತುಂಬಾ ಜನದಟ್ಟಣೆಯಾಗಿದೆ.,neutral,kn
ಇದರಲ್ಲಿ ಅಚ್ಚರಿಯ ಸಂಗತಿ ಎಂದರೆ ಸರ್ಕಾರಕ್ಕೆ ಚುನಾವಣೆ ಭಯವಿದೆ.,angry,kn
"ಸರ್, ಮಹಾರಾಷ್ಟ್ರದ ರಸ್ತೆಗಳ ಸ್ಥಿತಿ ತುಂಬಾ ಕೆಟ್ಟದಾಗಿದೆ",neutral,kn
"ಈ ರಾಣಾ ಹವಾಲಾ ದಂಧೆ ಮಾಡ್ತಾನೆ ಅಂತ ಕಾಣುತ್ತೆ, ತನಿಖೆಯಾಗಬೇಕು.",angry,kn
ನಿಮ್ಮಂತಹ ದೇಶದ್ರೋಹಿಗಳಿಗೆ ಇದನ್ನು ಕಲಿಸುವುದು ಮೂಲತಃ ಹಾಸ್ಯಾಸ್ಪದ,angry,kn
ಮಾವಳದ ಜನರು ನಿಮ್ಮ ಸ್ಥಾನವನ್ನು ತೋರಿಸಿದರು. ಸಭೆಯಲ್ಲಿ ಜನರಿದ್ದರು?,angry,kn
ನಾಳೆ ಈ ದೇಶದ್ರೋಹಿ ಕೊಚ್ಚಿಕೊಂಡು ಹೋಗುತ್ತಾನೆ,angry,kn
"ಇಂದು ಬುಧವಾರ, ಸುಳ್ಳು ಏಕೆ? ಇದು ಒಳ್ಳೆಯದಲ್ಲ ಅಧ್ಯಕ್ಷರೇ",angry,kn
ನಿಜವಾದ ಪ್ರೀತಿಯನ್ನು ಹುಡುಕುತ್ತಿರುವ ಹುಡುಗಿಯರು ನನ್ನನ್ನು ಏಕೆ ನೋಡಬಾರದು,sad,kn
"ಹೌದು, ಈ ಎರಡೂವರೆ ವರ್ಷವನ್ನು ಯಾರು ಭರಿಸುತ್ತಾರೆ?",angry,kn
ನಿಮ್ಮ ಪ್ರಕಾರ ಬಾಳಾಸಾಹೇಬರು ಗೌರವಾನ್ವಿತರು ಅಲ್ಲವೇ?,angry,kn
"ಛಗನ್ಯಾ, ನೀನು ಈಗಷ್ಟೇ ಜೈಲಿನಿಂದ ಹೊರ ಬಂದಿರುವೆ.",angry,kn
ಈಗ ನಕ್ಸಲರ ಬೆಂಬಲವೂ ನಿಮಗೆ ಸಿಗುತ್ತದೆ ಏಕೆಂದರೆ ನಮ್ಮ ಅಸ್ತಿತ್ವವೇ ಕೊನೆಗೊಂಡಿದೆ.,angry,kn
"ಅಣ್ಣ, ಎಷ್ಟು ನಿಷ್ಪ್ರಯೋಜಕ ವಾದಗಳನ್ನು ಮಾಡುತ್ತಾರೆ. ಸ್ವಲ್ಪ ನಾಚಿಕೆಯಾಗಲಿ, ನೀವು ಪತ್ರಕರ್ತರು ಎಂದು ನಾನು ಕೇಳಿದೆ.",angry,kn
"ರಾವ್,,, ಎಲ್ಲರೂ ಒಂದೇ ಶಾಲೆಯ ವಿದ್ಯಾರ್ಥಿಗಳಂತೆ ಕಾಣುತ್ತಾರೆ..",neutral,kn
ಆದ್ದರಿಂದ ನೀವು ಪವಾರ್ ಅವರನ್ನು ಕಡಿಮೆ ಅಂದಾಜು ಮಾಡುತ್ತಿದ್ದೀರಿ,angry,kn
ನಿಮ್ಮಂತಹ ಹಾರ್ಲಿಗಳು ಭಾನುವಾರ ಲೋನಾವಲೆ-ಪುಣೆಯಿಂದ ವೇಗದ ಮಿತಿಗಿಂತ ಹೆಚ್ಚು ಓಡಿಸಿದ್ದು ನಿಜವೇ??!!,angry,kn
ಇದು ಭಯಾನಕವಾಗಿದೆ.,fear,kn
ಇದೂ ಕೂಡ... ದೇಶದ್ರೋಹಿಗಳೆಲ್ಲ ಸೇರಿ... ಉದ್ಧವ್ ಬೆಸ್ಟ್.,angry,kn
ಮುಂಜಿ ಬೀಳುತ್ತದೆ ಎಂಬ ಕಾರಣಕ್ಕೆ ಬಿಜೆಪಿ ಗೇಲಿ ಮಾಡುವುದು ನಿಶ್ಚಿತ.,angry,kn
ಇದು ನಕಲಿ,angry,kn
ನೀವು ಈಗಾಗಲೇ ಬಹುಮಾನವನ್ನು ಸ್ವೀಕರಿಸಿದ್ದೀರಿ ಎಂಬುದನ್ನು ನೆನಪಿಡಿ. ಈಗ ನೀವು ಮಾತನಾಡುವಾಗ ಸಭ್ಯರಾಗಿರಿ. ಬೂಟಾಟಿಕೆ ನಿಲ್ಲಿಸಿ,angry,kn
ಅಭಿವ್ಯಕ್ತಿ ಸ್ವಾತಂತ್ರ್ಯ ಎಂದರೆ ಬಂಗಲೆಯಲ್ಲಿ ಹೊಡೆಯುವುದು ಅಣ್ಣ... ಜಾಮೀನಿನ ಮೇಲೆ ಹೊರಗಿದ್ದೀರಿ.,angry,kn
ಆ ನಾಯಿಗಳೂ ತಮ್ಮ ದೊಡ್ಡ ಯಜಮಾನನಿಗೆ ನಿಷ್ಠರಾಗಿದ್ದವು...ವಡಾಪಾವ್‌ನಂತಹ ದೇಶದ್ರೋಹಿಗಳಲ್ಲ.,angry,kn
"ಆದರೆ ಜನರಿಗೆ ಗೊತ್ತಿಲ್ಲದ ಸಂಗತಿಯೆಂದರೆ, ಯಾರು ಅಧಿಕಾರದಲ್ಲಿರಬೇಕೆಂದು ಜನ ನಿರ್ಧರಿಸುತ್ತಾರೆ...",neutral,kn
ವೈಯಕ್ತಿಕ ದೃಷ್ಟಿಕೋನವನ್ನು ಹೊಂದಿರದ ವ್ಯಕ್ತಿಗಳು. ಇದರಿಂದ ಏನನ್ನೂ ಕಲಿಯಲು ಸಾಧ್ಯವಿಲ್ಲ,neutral,kn
"ಗ್ಯಾಪ್ ಫ್ರೆಂಡ್, ಶಿವಸೈನಿಕರ ದಿನಗಳು ಸರಿಯಾಗಿ ನಡೆಯುತ್ತಿಲ್ಲ ಎಂದು ನೀವು ಮೊದಲು ತಿಳಿದಿದ್ದೀರಿ.",angry,kn
ವ್ಯಾಪಾರ ಮಾಡುವುದು ಅಪಾಯಕಾರಿ ಎಂದು ಹೇಳುವವರಲ್ಲಿ ಶೇ.,neutral,kn
ಚಿರತೆಯನ್ನು ತರಲಾಗುತ್ತಿದೆ... ಕೆಲಸ ಪ್ರಗತಿಯಲ್ಲಿದೆ,neutral,kn
ತರೂರ್ ಅವರಲ್ಲೂ ಜಾತೀಯತೆ ಇದೆ... ಖರ್ಗೆಯವರನ್ನು ವಿರೋಧಿಸುವವರು ಇದನ್ನು ತೋರಿಸಲು ಮರೆಯುತ್ತಾರೆ.,angry,kn
ಇಂದಿನಿಂದ ಮತ್ತೆ ಭಕ್ತರನ್ನು ಕೇಂದ್ರೀಕರಿಸುವ ಮೂಲಕ ಕಳೆದುಹೋದ ಪೀಳಿಗೆಯನ್ನು ಸರಿಪಡಿಸಲು ನಾವು ಬಯಸುತ್ತೇವೆ,neutral,kn
ನೀವು ಅದ್ಭುತ,angry,kn
"ಸಾರ್ವಜನಿಕರ ಪ್ರತಿಭಟನೆ, ಕಟ್ಟುನಿಟ್ಟಿನ ಕ್ರಮ ಆಗಬೇಕು...ಈ ಸಂಘಟನೆಯನ್ನು ತೊಲಗಿಸಬೇಕು.",angry,kn
ಇಲ್ಲಿ ಕುಟುಂಬದ ಸದಸ್ಯರು ತಯಾರಿಯಲ್ಲಿ ಕುಳಿತಿದ್ದರು,neutral,kn
ಭ್ರಷ್ಟಾಚಾರ ದೇಶ ವಿರೋಧಿ...,angry,kn
ಸಿಗರೇಟ್ ಕೂಡ ವಾಯು ಮಾಲಿನ್ಯಕ್ಕೆ ಕಾರಣವಾಗುತ್ತದೆ ಎಂಬುದನ್ನು ನೆನಪಿಡಿ,neutral,kn
ಈ ವರ್ಷ ಒಂದೇ ಒಂದು ಕಾರ್ಪೋರೇಟರ್ ಕೂಡ ಆಯ್ಕೆಯಾಗುವುದಿಲ್ಲ..ದೇಶಪಾಂಡೆ ಇದು ದೊಡ್ಡ ಕಥೆ,angry,kn
ದೇಶದ್ರೋಹಿ ಮತ್ತು ಆ ಕಲ್ಲಂಗಡಿ ಸೇವಿಸದೆ ಉಳಿಯುವುದಿಲ್ಲ.,angry,kn
ಏಕೆಂದರೆ ನಿಮ್ಮಂತಹ ಕಿವುಡರು ಈ ದೇಶದ ಯುವಕರು.,angry,kn
ಮನೆ ಬಾಗಿಲಿಗೆ ಹೋಗಿ. ಮತ ಕೇಳಲು ಹೋಗಿ. ಮನೆ ಬಾಗಿಲಿಗೆ ಹೋದ ಕಾಡುಕೋಣ ಏನಾಯಿತು?,neutral,kn
ನನ್ನ ಹೆಸರಿನಲ್ಲಿ ಜನರ ಸಮಸ್ಯೆಗಳು ಬಗೆಹರಿಯುತ್ತವೆ.,angry,kn
"ಇದು ದಿಲ್ಲಿ ವಾರಿಯಲ್ಲಿ ಸಂಪೂರ್ಣವಾಗಿ ಪಕ್ವವಾಗಿದೆ ಎಂದು ತೋರುತ್ತದೆ, ನ್ಯಾಯಾಲಯವು ಅತ್ಯಂತ ತಪ್ಪು ನಿರ್ಧಾರವನ್ನು ತೆಗೆದುಕೊಂಡಿದೆ.",angry,kn
ಯುಪಿ ಅಥವಾ ಬಿಹಾರದಲ್ಲಿ ಉಪರಿಯಾ ಹಬ್ಬವನ್ನು ಆಚರಿಸುವ ಅಗತ್ಯವೇನು?,angry,kn
ಈಗ ಬ್ರಾಹ್ಮಣ ದ್ವೇಷ ನಿಲ್ಲಿಸಿ...ಕಾನೂನು ಎಲ್ಲರಿಗೂ ಅನ್ವಯಿಸಬೇಕು..,happy,kn
ಗಿರೀಶ್ ಕುಬೇರ್ ಮತ್ತು ರಾಜೀವ್ ಖಂಡೇಕರ್ ಪತ್ರಿಕೋದ್ಯಮಕ್ಕೆ ಅವಮಾನ ಎಂದು ನನಗೆ ಸ್ಪಷ್ಟ ಅಭಿಪ್ರಾಯವಿದೆ.,angry,kn
ಹುಡುಗ ಎಲ್ಲಿಯೂ ಹೋಗುತ್ತಿಲ್ಲ ಏಕೆಂದರೆ ನೀವಿಬ್ಬರು ಏನಾದರೂ ಒಳ್ಳೆಯದನ್ನು ಮಾಡುತ್ತಿದ್ದೀರಿ,angry,kn
"ಕಾಂಗ್ರೆಸ್ ನವರು ಹಗಲು ರಾತ್ರಿ ಅವರನ್ನು ನೆನೆಯುತ್ತಾರೆ, ಮಾನಹಾನಿ ಮಾಡಲು ಮಳೆಯಲ್ಲಿ ಒದ್ದೆಯಾಗುತ್ತಾರೆ.",neutral,kn
ಓಹ್ ಅದು ಏನನ್ನಾದರೂ ಹೇಳುತ್ತದೆ,angry,kn
ಪುಣೆ ಮಾತ್ರ ಏಕೆ? ಇಡೀ ಮಹಾರಾಷ್ಟ್ರದಲ್ಲಿ ಏಕೆ ಇಲ್ಲ? ಆಗ ಇತರ ಮಹಾರಾಷ್ಟ್ರದ ಜನರು ನಿಮ್ಮ ಕುದುರೆಗಳನ್ನು ಕೊಂದರು. ಜೈ ಮಹಾರಾಷ್ಟ್ರ.,angry,kn
"ಈ ನಾಲ್ಕು ಕಾರಣಗಳಿಂದ ಚಿಕ್ಕ ವಯಸ್ಸಿನಲ್ಲೇ ಕ್ಯಾನ್ಸರ್ ಹರಡುತ್ತಿದೆ, ನೀವೂ ಎಚ್ಚರದಿಂದಿರಬೇಕು",fear,kn
"ಇದು ತಪ್ಪಿಸಿಕೊಳ್ಳಲಾಗದ ನಿವ್ವಳವಾಗಿದೆ, ಮುಖ್ಯ ವಿಷಯ ಕಳೆದುಹೋಗಿದೆ.",neutral,kn
ಮುಖ್ಯಮಂತ್ರಿ ಹುದ್ದೆಗೆ ನೀವು ಹಾತೊರೆಯುತ್ತಿದ್ದಿರಿ ಎಂಬುದು ಇದರಿಂದ ಸ್ಪಷ್ಟವಾಗಿದೆ.,angry,kn
ಹೇ ಬಿಚ್...ನೀನು ಏನು ಮಾತನಾಡುತ್ತಿದ್ದೀಯ?,angry,kn
"ಬಿಟ್ಟವರನ್ನು ಹೊರಹಾಕಿ, ಅವರು ದೇಶದ್ರೋಹಿಗಳು",angry,kn
ಇದು ನಿಜ.. ವೀಡಿಯೋ ತೆಗೆಯೋಣ ಆದರೆ ಕೊನೆಗೆ ಬಾಬಾ ಹೇಳುವುದು ಇದನ್ನೇ... ಇದೆಲ್ಲ ಷಡ್ಯಂತ್ರ,angry,kn
ಶ್ರೀಮಂತರಾದ ಸೋ ಕಾಲ್ಡ್ ಪತ್ರಕರ್ತರ ಬಗ್ಗೆಯೂ ಒಮ್ಮೆ ತನಿಖೆಯಾಗಬೇಕು.,angry,kn
ಆರ್‌ಎಸ್‌ಎಸ್ ಅಧಿಕಾರಿ ಮನೆಗೆ ಪೆಟ್ರೋಲ್ ಬಾಂಬ್ ಎಸೆದಿದ್ದಾರೆ,fear,kn
": ""ಶಾಲೆಯಲ್ಲಿ ನಮಗೆ ಸರಸ್ವತಿಯ ಚಿತ್ರ ಏಕೆ ಬೇಕು?"" ಛಗನ್ ಭುಜಬಲ್ ಅವರ ವಿವಾದಾತ್ಮಕ ಹೇಳಿಕೆಯ ಬಗ್ಗೆ ಚರ್ಚೆ ನಡೆಯಿತು",happy,kn
ಪುಣೆ ಮುನ್ಸಿಪಲ್ ಕಾರ್ಪೋರೇಷನ್ ಅನ್ನು ಬಿಜೆಪಿ ಲೂಟಿ ಮಾಡಿದಾಗ ಆಗುವುದು ಇದೇ,angry,kn
"ನಿನ್ನೆ ಬಾನೇರಿನಿಂದ ನಗರದ ಕಡೆಗೆ ಬರುತ್ತಿದ್ದ ರಸ್ತೆಯ ದೃಶ್ಯವೂ ಕಣ್ತುಂಬಿಕೊಂಡಿದ್ದು, ಅನೇಕರು ಅಕ್ಷರಶಃ ಕೊಚ್ಚಿ ಹೋಗುತ್ತಿದ್ದರು.",happy,kn
"ಇವನು ಶ್ಯಾಮನಲ್ಲ, ಅವನು ನಪುಂಸಕರ ತಂದೆ, ಅವನು ಮೂತ್ರ ವಿಸರ್ಜನೆ.",angry,kn
ಸರೋಜಿನಿ ದೇಸಾಯಿ ಅವರ ಹೆಸರು ಮತ್ತು ಪತಿಯ ಕೊಲೆಯಿಂದಾಗಿ ಶಿವಸೈನಿಕ ಜೈಲಿನಲ್ಲಿದ್ದರು.,neutral,kn
ಬಾಸ್ಟರ್ಡ್ ನೂಪುರ್ ಶರ್ಮಾ ಮತ್ತು ಬ್ರಾಹ್ಮಣ ಗ್ಯಾಂಗ್ ಪ್ರಮುಖ ಆರೋಪಿಗಳು...,angry,kn
ನಿನ್ನಂಥ ಖಾಯಿಲೆ ಇರುವವರು ಸಂಯುಕ್ತ ಮಾತ್ರ ನೆನಪಾಗುತ್ತಾರೆ.,angry,kn
ಕೇಂದ್ರ ಗೃಹ ಸಚಿವರು ಬರೀ ಪ್ರಚಾರ ಮಾಡಿ ಸರ್ಕಾರ ಪತನವಾಗಲಿದ್ದಾರಾ?,angry,kn
ಇದು ಎಲ್ಲಾ ಭಾರತೀಯ ವೈನ್ ಪ್ರಿಯರಿಗೆ ಮಾಡಿದ ಘೋರ ಅವಮಾನ.,angry,kn
ನೀವು ತಲುಪಿದ ಮಟ್ಟವು ಅತ್ಯಂತ ಕಡಿಮೆಯಾಗಿದೆ.,angry,kn
ಪಕ್ಷವೊಂದು ತಪ್ಪು ಕೈಗೆ ಸಿಕ್ಕರೆ ಹೀಗಾಗುತ್ತದೆ...,angry,kn
ಹೇ ನಿಮ್ಮ ಸಂಶೋಧನೆ ಏನು? ನಿಮಗೆ ಯಾವ ಆಟವನ್ನು ಆಡಲು ನಿಯೋಜಿಸಲಾಗಿದೆ?,angry,kn
"ಹಾಗಾದರೆ 'ಈ' ಸಾಮಾನ್ಯ ಜ್ಞಾನ ಎಲ್ಲಿಗೆ ಹೋಗುತ್ತದೆ? ಪುಣೆಯಲ್ಲಿ ಮಳೆಗೆ ಸಂಬಂಧಿಸಿದಂತೆ ಫಡ್ನವಿಸ್ ಅವರನ್ನು ಪೆಡ್ನೇಕರ್ ಪ್ರಶ್ನಿಸಿದರು; ""ಪವರ್ ಆಫ್ ಪುಣೆ..."" ಎಂದು ಹೇಳಿದರು.",angry,kn
ವೀಸಾ ಹೆಸರಲ್ಲಿ ಮಹಿಳೆಗೆ ಲಕ್ಷಾಂತರ ವಂಚನೆ: ಆರೋಪಿ 'ಆಸ'ನನ್ನು ಬಂಧಿಸಿದ ಪೊಲೀಸರು,angry,kn
ದೇವರಿಗೆ ಪ್ರಜ್ಞೆ ಬಂದಾಗ ಈ ಮಹಾನುಭಾವರು ಮಲಗಿದ್ದರು. ಇದು ಫಲಿತಾಂಶವಾಗಿದೆ.,angry,kn
ಅವನ ಸ್ಥಿತಿಯೂ ಹಾಗೆಯೇ ಇರುತ್ತದೆ,angry,kn
ಅಂಬಿಯಾ ನಿನಗೆ ಇದಕ್ಕಿಂತ ದೊಡ್ಡ ಶಾಕ್ ಏನಿದೆ?,happy,kn
ಅನೇಕ ಶಿವಸೈನಿಕರು ಶಿವಸೇನೆಯಲ್ಲಿದ್ದಾರೆ ಮತ್ತು ನಿಮ್ಮಂತಹ ದೇಶದ್ರೋಹಿಯನ್ನು ನೋಡಿಲ್ಲ.,angry,kn
ಇದು ಎಂದಿಗೂ ಸಾಧ್ಯವಿಲ್ಲ.,neutral,kn
"ಕಾನೂನನ್ನು ನನ್ನ ತಂದೆಯೇ ಬರೆದಿದ್ದಾರೆ, ಹೀಗಾಗಿ... ಪ್ರಕರಣ ದಾಖಲಾದ ಬಳಿಕ ಸುಷ್ಮಾ ಅಂಧಾರೆ ಪ್ರತಿಕ್ರಿಯೆ.",angry,kn
: ಪ್ಲಾಸ್ಟಿಕ್ ಹೆಚ್ಚಿದ ಭಯ; ಈಗ ತಾಯಿಯ ಹಾಲಿನಲ್ಲಿಯೂ ಮೈಕ್ರೋಪ್ಲಾಸ್ಟಿಕ್‌ಗಳು ಕಂಡುಬರುತ್ತವೆ,fear,kn
ಅವರು ಬಿಜೆಪಿಯ ವಿಶಾಂತಕ್ ಅಘಾಡಿ ಮುಖ್ಯಸ್ಥರಾಗಿದ್ದಾರೆ,angry,kn
"ಗದ್ದೆ, ನೀವು ನಿಜವಾಗಿ ಏಕೆ ಟ್ವೀಟ್ ಮಾಡುತ್ತೀರಿ?",angry,kn
ಇದನ್ನು ಯಮ್ಯಾ ಕೂಡ ಹೇಳಬಹುದು,neutral,kn
| ಖ್ಯಾತ ಬಾಲ ಕಲಾವಿದೆ 'ಯಾ' ಜಗತ್ತಿಗೆ ವಿದಾಯ...,sad,kn
ಕಾವಡಿಗೂ ನಾನಾ ಮರ್ಯಾದೆ ಇಲ್ಲ...,angry,kn
ಪರಮಾಣು ಯುದ್ಧದ ಭಯವು ವೇಗವಾಗಿ ಹೆಚ್ಚುತ್ತಿದೆ! -ಉದ್ಯಮಿ ಎಲೋನ್ ಮಸ್ಕ್,fear,kn
ನೀವು ನೀರು ಕುಡಿಯಲು ಹೊರಟಿದ್ದೀರಿ,angry,kn
ಎರಡು ಕಳ್ಳತನಗಳು; ಒಂದು ಲಕ್ಷ ಮೌಲ್ಯದ ಜಾಗವನ್ನು ಕಳ್ಳರು ದೋಚಿದ್ದಾರೆ,neutral,kn
ಸರ್ವತೋಮುಖ ಭ್ರಷ್ಟಾಚಾರಕ್ಕೆ ಇನ್ನೊಂದು ಉದಾಹರಣೆ... ಮೊದಲನೆಯದು ಮುಂಬೈ ಪುಣೆ ಎಕ್ಸ್ ಪ್ರೆಸ್ ಹೈವೇ.,angry,kn
"ಇವು ವಿಷಕಾರಿ ಹಸಿರು ಹಾವುಗಳು, ಅವು ತಲೆಯ ಮೇಲೆ ಕುಳಿತಿವೆ, ಅವುಗಳನ್ನು ಸಮಯಕ್ಕೆ ಪುಡಿಮಾಡಬೇಕು.",angry,kn
ಎಸ್.ಇಡೀ ದಿನವನ್ನು ಸುಪ್ರೀಂ ಕೋರ್ಟ್ ಕಳೆಯುವ ಅಗತ್ಯವಿಲ್ಲ. ಬೆಳಿಗ್ಗೆ ಫಲಿತಾಂಶಗಳನ್ನು ನೀಡಿದ ನಂತರ ನಾನು ಮುಕ್ತವಾಗಿರಲು ಬಯಸುತ್ತೇನೆ.,angry,kn
ಅಂತಹ ದೀನತೆಯ ಎತ್ತರವನ್ನು ತಲುಪುವ ವ್ಯಕ್ತಿ ... ಮತ್ತು ಅವನನ್ನು ಆರಾಧಿಸುವ ಜನರು ... ಏನು ಹೇಳಬಹುದು ???,angry,kn
"ನನ್ನ ಪ್ರಕಾರ, ನೀವು ನಿಖರವಾಗಿ ಏನು ಮಾಡಿದ್ದೀರಿ, ನೆಲದ ಮೇಲೆ ನಿಂತು ಮೋಡಗಳನ್ನು ಹಾರಿಸು?",angry,kn
"ಶಿವಸೇನೆ ಏಕೆ ವಿಭಜನೆಯಾಯಿತು? ಚರ್ಚೆಯಲ್ಲಿ ರಾಮದಾಸ್ ಕದಂ ಹೇಳಿಕೆ,...",neutral,kn
ರೈತರು ಸತ್ತರೆ ಬರಗಾಲದ ಪರಿಸ್ಥಿತಿ ಬರುತ್ತದಾ?? ನಿಷ್ಪರಿಣಾಮಕಾರಿ ಸರ್ಕಾರದ ವಿರುದ್ಧ ಸಾರ್ವಜನಿಕರ ಆಕ್ರೋಶ...,angry,kn
ನಿಲ್ಲಿಸಬೇಕಾಯಿತು - ಏಕೆಂದರೆ ಈ ಗಲಭೆ ಪ್ರಾರಂಭವಾಗಲಿಲ್ಲ,neutral,kn
ಈ ಬ್ಯಾಂಡ್ ನುಡಿಸುತ್ತದೆ ಮತ್ತು ಪತ್ರಕರ್ತರು ನೃತ್ಯ ಮಾಡುತ್ತಾರೆ...ಟಿಕೆಟ್ ಇಲ್ಲದೆ ಸಾರ್ವಜನಿಕರನ್ನು ರಂಜಿಸುತ್ತಾರೆ....,angry,kn
ಮತ್ತು ಯಾರಾದರೂ ಸಂಪೂರ್ಣ ಮಹಾರಾಷ್ಟ್ರವನ್ನು ಸೋನಿಯಾಗೆ ನೀಡಲು ಬಯಸುತ್ತಾರೆ.,angry,kn
ಗುಜರಾತಿಯನ್ನು ನಿಂದಿಸಿ ಮತಕ್ಕಾಗಿ ಗುಜರಾತಿಯಲ್ಲಿ ಪ್ರಚಾರ ಮಾಡುವುದು ಎಷ್ಟು ಬೂಟಾಟಿಕೆ?,angry,kn
ಈ ಸೂಚ್ಯಂಕವನ್ನು ರಚಿಸಿದ ಮುಖ್ಯಸ್ಥರು ಗಟಾರದಲ್ಲಿ ಕೊಳೆತಿದ್ದಾರೆ ಎಂಬುದು ಇದರಿಂದ ಸಾಬೀತಾಗಿದೆ.,angry,kn
ನೀವು ಅವರನ್ನು ತೆಗೆದು ಸಹ ಸಚಿವ ಸಂಪುಟಕ್ಕೆ ಸೇರಿಸಿಕೊಂಡಿಲ್ಲ,neutral,kn
ಲಟ್ಕೆ ನ್ಯಾಯಾಲಯಕ್ಕೆ ಹೋದಾಗ ನೀವು ಮಲಗಿದ್ದೀರಾ? ಆಗ ಸಂಸ್ಕೃತಿ ಎಲ್ಲಿತ್ತು?,angry,kn
ಕೊಲ್ಲಾಪುರ ಉಪಚುನಾವಣೆಯಲ್ಲಿ ಬಿಜೆಪಿ ಈ ಸಂಪ್ರದಾಯವನ್ನು ಎಲ್ಲಿ ಹುಟ್ಟು ಹಾಕಿತು?,neutral,kn
ಈಗ ಅವಳನ್ನು ಒತ್ತಿದವರು ಯಾರು...ಹೇಗಿದ್ದಾಳೆ ನೋಡಿ..!,angry,kn
ಸಾರ್ವಜನಿಕರ ಮನಸ್ಸಿನಲ್ಲಿ ಹಾಳಾದ ಚಿತ್ರ ಮತ್ತೆ ಬರುವುದಿಲ್ಲ. ಮತದಾರರು ರಾಜನನ್ನು ಎಂದಿಗೂ ಕ್ಷಮಿಸುವುದಿಲ್ಲ,sad,kn
ಇದೇ ಈ ಬಿಜೆಪಿಯವರ ವಿಶೇಷತೆ...!,angry,kn
ರಾಜ್ ಸಾಹೇಬರು ಬಾಯಿಮುಚ್ಚಿಕೊಂಡು ಕೇಳಿದರೆ... ಆದೇಶ ಪಾಲಿಸುವುದಿಲ್ಲವೇ?,angry,kn
"ಫಡ್ನವಿಸ್ ಯೋಚಿಸಿದರೆ, ಅವದಾಶ್ ಈ ಕತ್ತೆಯನ್ನು ಎಲ್ಲಿಂದ ಖರೀದಿಸಿದರು?",angry,kn
ಸೊಳ್ಳೆಗಳನ್ನು ಕೊಲ್ಲಲು ಸಾಧ್ಯವಾಗದ ವ್ಯಕ್ತಿಗೆ ಬಿಲ್ಲು ಮತ್ತು ಬಾಣವು ಸರಿಹೊಂದುವುದಿಲ್ಲ.,angry,kn
ಕಿಂಗ್ ಖಾನ್ ಶಾರುಖ್ ಗೆ ಹೆದರಿದ ಬಿಗ್ ಬಿ 'ಆ' ವಿಷಯ!,fear,kn
ಕೆಡಿಎಂಸಿ ಸಹಯೋಗದಲ್ಲಿ ಹೊಸ ಡಂಪಿಂಗ್ ಗ್ರೌಂಡ್ ನಿರ್ಮಿಸಲಾಗುತ್ತಿದೆ,neutral,kn
ಜನರು ಅಧಿಕಾರವನ್ನು ಬೀದಿಗೆ ತಂದರು,neutral,kn
ತುಂಬಾ ನಾಟಕೀಯವಾಗಿರಬೇಡ.. ಮತ್ತು ಆ ಇಮೇಜ್ ಅನ್ನು ಚೆನ್ನಾಗಿ ಕಾಪಾಡಿಕೊಳ್ಳಿ...,angry,kn
ಆದ್ದರಿಂದ ನಿಮ್ಮ ಸಮಯವು ಕೆಟ್ಟದಾಗಿದೆ,neutral,kn
ಚೈನ್ಸ್ನ್ಯಾಚರ್ಸ್ ಆಫ್ ಫ್ಲರಿ; ಇಬ್ಬರು ಮಹಿಳೆಯರ ಕೊರಳಲ್ಲಿದ್ದ ಚಿನ್ನದ ಮಂಗಲಸೂತ್ರಗಳನ್ನು ದ್ವಿಚಕ್ರ ವಾಹನದಲ್ಲಿ ತೆಗೆದುಕೊಂಡು ಹೋಗಿದ್ದಾರೆ.,neutral,kn
ಬಿಜೆಪಿಗೆ ಮತ ಹಾಕಿದರೆ ಭ್ರಷ್ಟಾಚಾರಕ್ಕೆ ಮತ,angry,kn
"ಅಜ್ಜ ಹೊಲದಿಂದ ಓಡಿಹೋದರು, ಇದು ಹೇಗೆ ಸಂಭವಿಸಿತು?",angry,kn
"ಚಿವಸೇನೆ ಮಾಡಿದ ಕ್ರಮವನ್ನು ನೀವು ಮರೆತಿದ್ದೀರಾ? ಸ್ವಲ್ಪ ಮುರಿದಿದೆ, ಅಲ್ಲವೇ?",angry,kn
"ಯಾವುದೇ ಖಾಯಿಲೆ ಇಲ್ಲವೇ ಇಲ್ಲ, ಷಾ ಅವರನ್ನು ದೆಹಲಿಗೆ ಕರೆಸಿ ಮೂರ್ಖರನ್ನಾಗಿಸಿಕೊಂಡಿದ್ದಾರೆ.",angry,kn
ಕೆಲಸಕ್ಕಾಗಿ ... ಹೆಚ್ಚು ಸಮಯವಿಲ್ಲ.,neutral,kn
"""ಉದ್ಧವ್ ಬಾಳಾಸಾಹೇಬ್ ಠಾಕ್ರೆ"" ಶಿವಸೇನೆ ಚುನಾವಣೆಯಲ್ಲಿ ಏನು ಪ್ರಚಾರ ಮಾಡಲಿದೆ? ""ಬಾಳಾ ಸಾಹೇಬರ ಶಿವಸೇನೆ""ಯನ್ನು ಬೇರು ಸಮೇತ ಕಿತ್ತೊಗೆಯಲು...??",angry,kn
ಅವನು ಬಾಳಾ ಸಾಹೇಬರ ಸೈನಿಕ. ನೀವು ಮೋದಿ ಭಕ್ತರೇ?,angry,kn
ಈ ಹಣ ಎಲ್ಲಿಂದ ಬಂತು ಎಂದು ಇಡಿ ಮೂಲಕ ತನಿಖೆ ನಡೆಸಲಾಗುವುದೇ? ......,angry,kn
ಇವರು ನಾಚಿಕೆಯಿಲ್ಲದ ಜನರು,angry,kn
ಈಗ ನೋಡಲು ಉಳಿದಿರುವುದು ಯಡ್ಡ ಮಾರುಕಟ್ಟೆ,angry,kn
ಈ ಜನರು ಪ್ರಚಾರ ನಡೆಸುತ್ತಾರೆ.,angry,kn
ಚುಟಿಯಾ ನಾಯಕನಾ?,angry,kn
ಕಳ್ಳನ ವಾಂತಿ ಮೇಲೆ ಬಾಂಬ್ ಎಂಬ ಗಾದೆಯನ್ನು ಕೇಳಿದ್ದೀರಾ?,angry,kn
ಆತ ಬ್ಲೂ ಶೇನಿಕ್ ತೇಲ್ತುಂಬ್ಡೆ ಭಯೋತ್ಪಾದಕನಾಗಿದ್ದ,angry,kn
ಎಲ್ಲಾ ಪಕ್ಷಗಳು ಏಕೆ? ಬಿಜೆಪಿ ಕೊಳಕು ಮಾಡಿದೆ ಎಂದು ಪತ್ರಕರ್ತರಿಗೆ ಇನ್ನೂ ಅನಿಸುತ್ತಿಲ್ಲವೇ?,angry,kn
ಒಬ್ಬ ಒಳ್ಳೆಯ ಮನುಷ್ಯ ತನ್ನ ಜೀವನವನ್ನು ಏಕೆ ವ್ಯರ್ಥ ಮಾಡುತ್ತಾನೆ ಮತ್ತು ಅಸಹಾಯಕ ಬಂಡಾಯದ ಧ್ವನಿಯನ್ನು ಬಿಟ್ಟುಬಿಡುತ್ತಾನೆ?,angry,kn
ಈಗ ಡಯಾಪರ್ ಹಾಕಿಕೊಂಡು ಮಲಗಿ ಕುಡಿಯಿರಿ...,angry,kn
'ಮಹಾರಾಷ್ಟ್ರದ ರಾಜಕೀಯ ಸಂಸ್ಕೃತಿ' ಒಂದು ಆರಾಮದಾಯಕ ವಲಯವಾಗಿದೆ.,angry,kn
"ವೈಭವ್, ಸಾವಂತವಾಡಿ ಕ್ಷೇತ್ರದಲ್ಲಿ ನಿಮ್ಮಂತಹ ಯುವ, ಶಕ್ತಿಯುತ ಮತ್ತು ನಿಷ್ಠಾವಂತ ಪ್ರತಿನಿಧಿ ನಮಗೆ ಸಿಗಲಿ ಎಂಬುದು ನಮ್ಮ ಆಳವಾದ ಪ್ರಾರ್ಥನೆ.",happy,kn
ಪೀಳಿಗೆಯಿಂದ ಪೀಳಿಗೆಗೆ...ಮಹಾರಾಷ್ಟ್ರ ಮಾನಹಾನಿಯಾಗುತ್ತಿದೆ.,angry,kn
ತನ್ನ ಕಛೇರಿಯ ಬಾಗಿಲಲ್ಲಿ ಬಸ್ಸಿನಿಂದ ಇಳಿಯಲು ಅವನು ಬಯಸಿದಾಗ ಕಷ್ಟವು ಮುಂದುವರಿಯುತ್ತದೆ.,angry,kn
"ಗುರಾಣಿ ಮತ್ತು ಕತ್ತಿಯ ಚಿಹ್ನೆಯನ್ನು ಪಡೆಯುವುದರಿಂದ ಏನು ಪ್ರಯೋಜನ, ನಿಮ್ಮ ಜೀವನದ ಹಿಂದೆ ನೀವು ಮರೆಮಾಡಲು ಬಯಸುತ್ತೀರಿ.",angry,kn
ಸುಶಾಂತ್ ಸಿಂಗ್ ರಜಪೂತ್ ಕೇಸ್... ಕಲ್ಲಂಗಡಿ ಎಷ್ಟು ಜನರನ್ನು ಬಂಧಿಸಿದೆ....,neutral,kn
ಹಳ್ಳಿಯ ಪೊಲಾರ್ಡ್ ಎಂಬಾತನಿಗೆ ಅತ್ಯಂತ ಕೆಟ್ಟ ಘಟನೆ ಸಂಭವಿಸಿದೆ ... ಬಡ ಹುಡುಗಿ ಮನೆಯಿಂದ ಮನೆಗೆ ಅಲೆದಾಡುತ್ತಿದ್ದಳು.,sad,kn
ಇದನ್ನು ಹೇಳುವ ಹಕ್ಕು ನಿಮಗಿದೆಯೇ?,angry,kn
ಷಟ್ಜಿ ಮಾತನಾಡಿ ಬುದ್ದಿವಂತಿಕೆಯನ್ನು ಅಡಮಾನ ಇಟ್ಟವರು ತಲೆದೂಗಬೇಕು.,angry,kn
ಈ ರಣಹದ್ದುಗಳಿಂದ ಏನನ್ನು ನಿರೀಕ್ಷಿಸುತ್ತೀರಿ... ಇವರು ಕೀಳು ಮಟ್ಟದ ಜನ... ಮೂರ್ಖರು,angry,kn
ಬಿಜೆಪಿ ವಕೀಲರನ್ನು ಏಕೆ ನೀಡಬೇಕು?,angry,kn
ಉಗಿ ಉಗಿ.. ಮೇಡಂ ಅವರ ಹೆಸರನ್ನು ಹೇಳುತ್ತೇವೆ.. ನಂತರ ನಾವು ಕುಳಿತು ಬೊಂಬಾಲಾಟ್ ಹೇಳುತ್ತೇವೆ.,angry,kn
"ದತ್ತ, ಬ್ರಹ್ಮನು ಸರಸ್ವತಿಯನ್ನು ಬಲಾತ್ಕಾರ ಮಾಡಿದನೆಂದು ನಿಮಗೆ ತಿಳಿದಿದೆಯೇ?",angry,kn
ಸುಶಾಂತ್ ಸಿಂಗ್ ರಜಪೂತ್ ಮತ್ತು ದಿಶಾ ಸಾಲಿಯಾನ್ ಅವರ ಆತ್ಮಗಳು ನ್ಯಾಯಕ್ಕಾಗಿ ಹಾತೊರೆಯುತ್ತಿವೆ!!,sad,kn
ಈ ಭವಾನಿ ಯಾರಿಗಾಗಿ ಹೇಳು?,neutral,kn
ಈ ಫೋಟೋ ಎಡಿಟಿಂಗ್ ಕ್ರಾಪ್‌ನೊಂದಿಗೆ ನೀವು ಯಾವಾಗಲೂ ಸಂತೋಷವಾಗಿರುತ್ತೀರಿ,angry,kn
ಆರೋಗ್ಯ ಮಂತ್ರಿ ಬಾಯಿಯಾ ಬರಿದಾ??? ಮರಾಠಿಗರು ಈಗ ಮೀಸಲಾತಿಗಾಗಿ ಏಕೆ ಬೊಬ್ಬೆ ಹೊಡೆಯುತ್ತಿದ್ದಾರೆ ??,angry,kn
ನಂಬಿಕೆಯ ಮೇಲೆ ಪ್ರಗತಿಪರರ ಟೀಕೆ ಮತ್ತು ಖಂಡನೆ!,neutral,kn
...ಅಲ್ಲಿ ಒಬ್ಬ ಹುಡುಗ ಅಥವಾ ಕೌನ್ಸಿಲರ್ ಇರಲಿಲ್ಲ.. ಗುಬ್ಬಚ್ಚಿ,angry,kn
ಈ ಪರಿಸ್ಥಿತಿಯನ್ನು ಆರಾಮದಾಯಕವಾಗಿಸುವ ಈ ಮಹಿಳೆಯ ವಿಶೇಷತೆ ಏನು?,angry,kn
"ಅದು ಸರಿ, ಸಂದರ್ಶನದಿಂದಲೂ ಅಂಧ ಭಕ್ತರು ನಾನಾ ಕಡೆ ಬೊಗಳುತ್ತಿದ್ದಾರೆ.",angry,kn
ಇಲ್ಲಿ ನೀವು ಹೌದು ಎಂದು ಹೇಳುತ್ತೀರಿ ಮತ್ತು ಅಲ್ಲಿ ಉಪಚುನಾವಣೆಯಲ್ಲಿ ಅಭ್ಯರ್ಥಿಗಳನ್ನು ನೀಡುತ್ತೀರಿ.... ಕಿಡಿಗೇಡಿಗಳು....,angry,kn
"ಓ ಸಂಘವಾಲಾಗಳೇ, ಗೋವಿನ ಮೂತ್ರಪಿಂಡಗಳ ಭಕ್ತರೇ!",angry,kn
"ಮೊದಲು ಬಿಲ್ಲು, ಈಗ ಜ್ಯೋತಿ",sad,kn
ಪುಣೆ ಎಷ್ಟು ವರ್ಷಗಳ ಕಾಲ ಅಧಿಕಾರದಲ್ಲಿತ್ತು? ಪುಣೆಯನ್ನು ಕೊಳ್ಳೆ ಹೊಡೆದು ನುಂಗಲಾಯಿತು,angry,kn
"ನನ್ನ ಸಂಪರ್ಕದಲ್ಲಿಯೂ ಬಾಳಾ ಸಾಹೇಬ್ ಎಂಬವರಿದ್ದಾರೆ, ಅವರ ತಂದೆಯೇ?",angry,kn
ಅಲ್ಲಿ ಶಿವಸೇನೆ ಇಲ್ಲವೇ? ದೇಶದ್ರೋಹಿಗಳು ಇದನ್ನು ನೋಡುವುದಿಲ್ಲ,angry,kn
ಸಾಲ ಮನ್ನಾ ಆಗದಿದ್ದರೆ ನಿಯಮಗಳ ಸುಳಿಯಲ್ಲಿ ಸಿಲುಕಿರುವ ರೈತರಿಗೆ ಪರಿಹಾರ ಸಿಗುವುದು ಯಾವಾಗ?,sad,kn
ನಿಮ್ಮಂತೆ ಅಣ್ಣಾಜಿ ಕೂಡ ಬೊಗಳಲು ಬಿಟ್ಟಿದ್ದಾರೆ.,angry,kn
ತಾನೂ ಶೂದ್ರನಾದ ನಂತರ ಕೋಟ್ಯಾಧಿಪತಿಯಾದ.,angry,kn
ಈ ವ್ಯಕ್ತಿ ಮುಖ್ಯಮಂತ್ರಿಯಾದ ಮೇಲೆ ಮಹಾರಾಷ್ಟ್ರ ಮರುಹುಟ್ಟು ಪಡೆದಂತೆ ಭಾಸವಾಯಿತು,sad,kn
ನೀವು ಇನ್ನೂ ಮಲಗಿದ್ದೀರಾ?,angry,kn
ಶ್ರೀಲಂಕಾದ ಪ್ರಮುಖ ವೇಗದ ಬೌಲರ್ ದುಷ್ಮಂತ ಚಮೀರಾ ಗಾಯಗೊಂಡಿರುವ ಟಿ ವಿಶ್ವಕಪ್‌ನಿಂದ ಹೊರಗುಳಿದಿದ್ದಾರೆ.,neutral,kn
ಈಗ ಆಂಧ್ರ SAIL ನಲ್ಲೂ ದೀಪಾವಳಿ..,sad,kn
ವಾಟರ್ ಬಲೂನ್ ಬಿದ್ದು ಯುವಕನ ನೋವಿನ ಸಾವು//...,sad,kn
ರಾಜೀನಾಮೆ ನೀಡಿ ಚುನಾವಣೆಗೆ ಸ್ಪರ್ಧಿಸಬೇಕು,neutral,kn
"ವಿವಾದವಾದರೆ ಹೇಗೆ, ಉದ್ಧವ್ ಸಾಹೇಬರಿಗೆ ಮೃದುವಾದ ಐಸ್ ಕ್ರೀಂ ಕೊಟ್ಟದ್ದು ಟಾರ್ಚ್ ಅನಿಸಿತು.",angry,kn
ಸೆಪ್ಟೆಂಬರ್ ತಿಂಗಳಿನಲ್ಲಿ ಫಲಿತಾಂಶ ಪ್ರಕಟವಾಗುತ್ತಿತ್ತು... ಗೌರವಾನ್ವಿತ ಆಯೋಗವು ಅಕ್ಟೋಬರ್‌ನಲ್ಲಿ ಅಂತಿಮ ಉತ್ತರ ಪತ್ರಿಕೆಯನ್ನು ನೀಡುತ್ತಿದೆ.,neutral,kn
ಊಳಿಗಮಾನ್ಯ ಪದ್ಧತಿ ಮತ್ತು ರಾಜವಂಶಕ್ಕೆ ಉತ್ತಮ ಉದಾಹರಣೆ. ಠಾಕ್ರೆ ಬಿಟ್ಟರೆ ಉಳಿದವರೆಲ್ಲ ಶೂ ಧೂಳು.,angry,kn
"ನೀವು ಕೇವಲ ಮುಸಲ್ಮಾನರನ್ನು ಮಣೆ ಹಾಕುತ್ತೀರಿ, ಹಣದುಬ್ಬರವನ್ನು ಕಡಿಮೆ ಮಾಡುವ ಉಳಿದ ಕೆಲಸವನ್ನು ಮೋದಿ ಮಾಡುತ್ತಾರೆ.",angry,kn
ಈ ಡಬ್ಬಾ ಸಂಸ್ಥೆಯೂ ನಿಮ್ಮಂತೆ ವಂಚಕರೇ,angry,kn
ವಿರೋಧ ಪಕ್ಷದ ನಾಯಕನ ಸ್ಥಾನವೂ ಸಿಗುವುದಿಲ್ಲ ಎಂಬಂತೆ ಜನರು ಕಾಂಗ್ರೆಸ್‌ಗೆ ನಾಚಿಕೆ ತಂದಿದ್ದಾರೆ.,angry,kn
ನಿಮ್ಮ ಮನಸ್ಸಿಗೆ ಬಂದ ತಕ್ಷಣ ನೀವೇ ಮಹಾರಾಷ್ಟ್ರ ದ್ರೋಹಿ ಎಂದು ಒಪ್ಪಿಕೊಳ್ಳುತ್ತೀರಿ.,angry,kn
ರಾಥೋಡ್ ಅವರ ಮಡಿಲಲ್ಲಿ ಕುಳಿತು ಸಾಮಾನ್ಯ ಜ್ಞಾನವನ್ನು ಇತರರಿಗೆ ಕಲಿಸುತ್ತೀರಾ? ಚಿಕ್ಕಮ್ಮ,angry,kn
ಕಾಕು ಕೂಡ ಸೂರತ್‌ಗೆ ಹೋಗುತ್ತಿದ್ದಾರೆ ಎಂಬ ಮಾತು ಕೇಳಿಬರುತ್ತಿದೆ.,neutral,kn
"ಹೆಚ್ಚು ಅಳಬೇಡಿ, ಈಗ ಕುಳಿತುಕೊಳ್ಳಿ ... ಪ್ರತಿದಿನ ಎಚ್ಚರಗೊಂಡು ಅಳುವುದನ್ನು ನಿಲ್ಲಿಸಿ",angry,kn
ಹಾಸನ ರೈಲ ಅಳಲು ಕಾರಣವೇನು?,angry,kn
ವಿಶ್ವದ ಅತ್ಯಂತ ಖಾಲಿ ಬುಡಕಟ್ಟು ಬಾಲ್ಚಿ ಶೇನಿಕ್,angry,kn
ಬೆಳಿಗ್ಗೆ ಅಲ್ಲಾಡಿಸಿ ಮತ್ತು ರಾತ್ರಿ ಬಟ್ಟೆ ಬದಲಿಸಿ,angry,kn
"ಹುಡುಗ ವಿಶ್ವಾಸಘಾತುಕ, ದುರಾಸೆ, ಕೊಲೆಗಾರ, ಸೊಕ್ಕಿನ ಮತ್ತು ನಿರಾಸಕ್ತಿ. ಆಜಾದ್ ಬಾಬುರಾವ್!",angry,kn
ಅಷ್ಟೊಂದು ಪ್ರಚಾರವಾದರೆ ಮಹಾರಾಷ್ಟ್ರದಲ್ಲಿ ರಾಹುಲ್ ಗಾಂಧಿಯನ್ನು ಆರಿಸಿ ತೋರಿಸಿ.,angry,kn
ನೀವು ಏನಾದರೂ ಹೇಳುತ್ತೀರಾ?,angry,kn
ನನ್ನನ್ನು ಟೀಕಿಸುವ ಗುತ್ತಿಗೆಯನ್ನು ಕಾಂಗ್ರೆಸ್ ಬೇರೆಯವರಿಗೆ ನೀಡಿದೆ- ಪ್ರಧಾನಿ ಮೋದಿ ಹೇಳಿಕೆ!,angry,kn
ಮಹಾರಾಷ್ಟ್ರದ ಜನರು ನಿಮ್ಮನ್ನು ಒಂದೇ ಹೆಸರಿನಿಂದ ತಿಳಿದಿದ್ದಾರೆ,neutral,kn
ನಿಮ್ಮನ್ನು ತೊಗಟೆಗೆ ಕಳುಹಿಸಲಾಗಿದೆಯೇ ... ಮೂಳೆ ಮೂಳೆ ...,angry,kn
"ಇದು ಅವರ ವ್ಯಾಪ್ತಿಯನ್ನು ಮೀರಿದೆ, ಆದ್ದರಿಂದ ಅವರು ಧಾರ್ಮಿಕ ಸಮಸ್ಯೆಗಳನ್ನು ಎದುರಿಸಬೇಕಾಗುತ್ತದೆ.",angry,kn
ಮಾರತ್ಮೋಳಿ ಲಟ್ಕೆ ತಾಯಿ ಎಷ್ಟು ತೊಂದರೆ ನೀಡುತ್ತಿದ್ದಾರೆ ಎಂಬುದನ್ನು ಜಗತ್ತು ಮರೆಯುವುದಿಲ್ಲ.,sad,kn
ನೀವು ಯಶಸ್ವಿ ವಾಪಸಾತಿಯನ್ನು ಮಾಡಿದ್ದೀರಾ?,neutral,kn
ಕೆಲವು ನಾಯಿಗಳು ಸಭೆಗಳಿಗೆ ಏಕೆ ಬರುತ್ತವೆ?,angry,kn
"ಇದರರ್ಥ, ಬೇರೆಯವರ ಮದುವೆ ಮತ್ತು ನೃತ್ಯ!",angry,kn
ಎಲ್ಲಾ ಜನರನ್ನು ಒಟ್ಟಿಗೆ ಎಳೆಯುವುದು,angry,kn
ಸಾಮಾನ್ಯ ಅಭ್ಯರ್ಥಿ ಇಲ್ಲದವರಿಗೆ ಬಾಳಾ ಸಾಹೇಬರ ಶಿವಸೇನೆ ಬೇಕು.,angry,kn
ಈ ಜನರು ಈಗಾಗಲೇ ಅಳುತ್ತಿದ್ದಾರೆ,angry,kn
ದಾದಾಗೆ ಟೊಳ್ಳಾದ ಬಿದಿರಿನ ಪ್ರಸಾದವನ್ನು ನೀಡುವವರೆಗೆ ಈ ಜನರು ನೇರವಾಗುವುದಿಲ್ಲ.,angry,kn
ಉದ್ಧವ್ ಸಾಹೇಬರು ನಿಮಗೆ ಅರ್ಹತೆಗಿಂತ ಹೆಚ್ಚಿನದನ್ನು ನೀಡಿದ್ದರಿಂದ ನೀವು ದ್ರೋಹ ಮಾಡಿದ್ದೀರಾ?,angry,kn
"ಬಾಳಾಸಾಹೇಬರೇ, ನೀವು ನಿಮ್ಮ ತಂದೆಯನ್ನು ಅವಮಾನಿಸಿದರೆ, ಬಹುಶಃ ಅವರು ಅವಮಾನಗಳನ್ನು ಪ್ರೀತಿಸುತ್ತಿದ್ದರು.",angry,kn
ಹಾಗಾದರೆ ಆ ಭಯೋತ್ಪಾದಕ ಮುಸ್ಲಿಮರು ನಿಮ್ಮ ನಡುವೆ ಏನು ಮಾಡುತ್ತಿದ್ದರು????,angry,kn
ಹೆಂಗಸರೇ ನಾಚಿಕೆಪಡಬೇಕು ಅವರ ಹೃದಯ... ಹಣೆಯ ಮೇಲೆ ದುಂಡಾಗಿದೆ... ಲಂಬವಾಗಿಲ್ಲ..,angry,kn
"ತಾಯಿಯ ಹಾಲಿನಲ್ಲಿ 'ಮೈಕ್ರೋಪ್ಲಾಸ್ಟಿಕ್' ಪತ್ತೆ, ಆಘಾತಕಾರಿ ಮಾಹಿತಿ!",happy,kn
"ಕಮಲಾ ಮಹಿಳೆಯನ್ನು ದಾರಿ ತಪ್ಪಿಸಲಾಗಿದೆ, ಆಕೆಯನ್ನು ಮೂರ್ಖರನ್ನಾಗಿ ಮಾಡಲಾಗಿದೆ.",angry,kn
ಮುಟ್ಟಾದ ಮೇಲೆ ದೇಶದ್ರೋಹಿ ರಾಜಿನಾಮೆ ಕೊಡಲು ಹೊರಟಿದ್ದ...ಈಗ ಏನು?,angry,kn
"ಅತುಲ್, ನೀನು ಹೀಗೆ ಬೊಗಳುವುದನ್ನು ನೋಡಿದರೆ ನನಗೆ ನಾಯಿಗಳು ನೆನಪಾಗುತ್ತವೆ.",angry,kn
ಇದು ಪಪ್ಪುವಿನ ತುಣುಕು,angry,kn
ಹಣದುಬ್ಬರದ ವಿರುದ್ಧ ಹೋರಾಡಲು ಇದು ಒಂದು ತಂತ್ರವಾಗಿದೆ. ಹಿಂದಿನ ದರಗಳು ಏನನ್ನು ತರುತ್ತವೆ ಎಂಬುದನ್ನು ನೋಡಿ? ನಾನು ತರುವುದಿಲ್ಲ.,angry,kn
ಈ ವ್ಯಕ್ತಿ ತನ್ನ ಟ್ವೀಟ್‌ಗಳೊಂದಿಗೆ,angry,kn
"ಇದು ಬ್ರಹ್ಮಾಸ್ತ್ರವಲ್ಲ, ಕೀಳುಮಟ್ಟದ ರಾಜಕೀಯ ಎನ್ನುತ್ತಾರೆ.",angry,kn
ಅಂಧ ಭಕ್ತರು ಸಂಕಷ್ಟದಲ್ಲಿದ್ದು ವೈದ್ಯರ ಅವಶ್ಯಕತೆ ಇದೆ,angry,kn
ನೀವು ದೇಶದ್ರೋಹಿ ಸಿದ್ಧಾಂತದಿಂದ ಮಾತನಾಡುತ್ತಿದ್ದೀರಿ ಎಂಬುದು ಮಹಾರಾಷ್ಟ್ರಕ್ಕೆ ಅರ್ಥವಾಗದ ಮೂರ್ಖತನವಲ್ಲ.,angry,kn
"ಇಲ್ಲ, MHADA ಯಲ್ಲಿ ಮರಾಠಿ ಸೋಫಿಸ್ಟ್‌ಗಳಿಗೆ ಖಂಡಿತವಾಗಿಯೂ ಫ್ಲಾಟ್‌ಗಳನ್ನು ನೀಡಲಾಗುವುದು",angry,kn
ಅಭಿವ್ಯಕ್ತಿ ಸ್ವಾತಂತ್ರ್ಯದ ಹೆಸರಿನಲ್ಲಿ ಮಾಧ್ಯಮಗಳು ಒಡಕು ಮೂಡಿಸಲು ಯತ್ನಿಸುತ್ತಿವೆ. - ರಕ್ಷಣಾ ಸಚಿವ ರಾಜನಾಥ್ ಸಿಂಗ್,angry,kn
ಅತಿವೃಷ್ಟಿಯಿಂದ ಪಾಳುಬಿದ್ದ ರೈತನ ಮಗುವಿನ ಈ ನೋವು ಮನ ಮುಟ್ಟುವಂತಿದೆ..! ಒದ್ದೆ ಬತ್ತಿ..!,sad,kn
ಸರ್ಕಾರ ಹಸಿವಿನಿಂದ ಸಾಯುತ್ತಿದೆ ಮತ್ತು ಜನರು ಹಸಿವಿನಿಂದ ಸಾಯುತ್ತಿದ್ದಾರೆ... ಜೈ ಮಹಾರಾಷ್ಟ್ರ,angry,kn
ಅಂಧ ಭಕ್ತರಿಗೆ ಅನ್ನದಾನದ ವ್ಯವಸ್ಥೆ ಮಾಡಲಾಗಿದೆ,angry,kn
ಇದು ನನ್ನ ಮುಂದೆ ನಡೆಯುತ್ತಿದ್ದರೆ ನನಗೆ ನಗು ಬರುತ್ತಿತ್ತು. ಯಾರಾದರೂ ಕೆಟ್ಟದಾಗಿ ಹೊಡೆಯುತ್ತಿದ್ದರು.,angry,kn
ಅವರಲ್ಲಿ ಹೆಚ್ಚಿನವರಿಗೆ ಅವುಗಳ ಮಹತ್ವ ತಿಳಿದಿಲ್ಲ,neutral,kn
ಆಟಿಕೆಗಳಂತೆ ಕಾರುಗಳು ಕೊಚ್ಚಿ ಹೋದವು... ಪುಣೆಯಲ್ಲಿ ಮಳೆ!,sad,kn
ಅತಿಸಾರದಿಂದ ಬಳಲುತ್ತಿರುವ ವ್ಯಕ್ತಿಗೆ ಜಗತ್ತು ಹಳದಿಯಾಗಿ ಕಾಣುತ್ತದೆ,angry,kn
ಸಾಹೇಬರ ಬಗ್ಗೆ ಇಂತಹ ವಾದಗಳನ್ನು ಮಾಡುವಾಗ ನಿಮ್ಮ ನಾಲಿಗೆ ಹೇಗೆ ಭಾರವಾಗಲಿಲ್ಲ..,angry,kn
"ಅವರು ನಿಮ್ಮ ತಂದೆಯ ವಯಸ್ಸಿನವರು, ನಿಮ್ಮ ತಂದೆಯೊಂದಿಗೆ ನೀವು ಹೀಗೆಯೇ ಮಾತನಾಡುತ್ತೀರಾ?",happy,kn
"ಚೇತರಿಕೆ ಮತ್ತು ಲೂಟಿ ಮಾತ್ರ ಗುರಿ ಮತ್ತು ಸಾಧನೆಯಾಗಿದೆ, ಸಮಸ್ಯೆ ಪರಿಹಾರ ಗುರಿಯಲ್ಲ.",angry,kn
ಈಗ ಎಂಎನ್ಎಸ್ ನವರು ಮೊದಲಿನಂತೆ ಬಿಜೆಪಿಯನ್ನು ಟೀಕಿಸಲು ಪ್ರಾರಂಭಿಸುತ್ತಾರೆ.,neutral,kn
ಇಲ್ಲಿ ಏಕೆ ಕ್ರಮ ಕೈಗೊಂಡಿಲ್ಲ?,angry,kn
ನೀವು ಯಾರೆಂದು ನಿಮಗೆ ತಿಳಿದಿದೆಯೇ?,angry,kn
ಸಿಎನ್‌ಜಿ ಬೆಲೆ ಏರಿಕೆಯಿಂದಾಗಿ ನಗರದ ನಿವಾಸಿಗಳು ರಿಕ್ಷಾ ಮತ್ತು ಟ್ಯಾಕ್ಸಿ ದರಗಳ ಹೆಚ್ಚಳದ ಹೊರೆಯನ್ನು ಅನುಭವಿಸಬೇಕಾಗಿದೆ.,fear,kn
"ಇದು ತಪ್ಪು...ಇದು ಸಹಾನುಭೂತಿ ಅಲ್ಲ, ಇದು ನಿಷ್ಠೆಯ ಜ್ವಾಲಾಮುಖಿ.",angry,kn
ರಾಮದಾಸ್ ಅಳುತ್ತಿದ್ದಾಗ ಮಾತ್ರ ದಾದಾ ಅರ್ಜಿ ಸಲ್ಲಿಸಿದರು,sad,kn
ಆತ ಕುಟಿಲ ಪವಾರನ ಗುಲಾಮ. ತಲೆ ವಕ್ರವಾಗಿದೆ.,angry,kn
ಬಂಡಾಯದ ಮೂಲಕ ಅವರು ಅದನ್ನು ಪಡೆಯುವುದಿಲ್ಲ ಎಂದು ತೋರುತ್ತಿದೆ!,angry,kn
ನೀವು ಮುಗಿಸಲು ಹೊರಟಾಗ ನೀವು ಅದನ್ನು ಏಕೆ ರುಚಿ ನೋಡಿದ್ದೀರಿ?,angry,kn
