text,sentiment,language
मी म्हणूनच हे बघून लोकमत पेपर बंद केला आज पासून...... चाटा,angry,mr
आज चा नंबर दिसतोय..... पद्धतशीर बाजार उठवला जात आहे!,neutral,mr
"पुण्याची दुर्दशा यांच्यामुळे कशी झाली आहे, हे सध्याच्या पावसातून दिसून येत आहे ढिसाळ कारभार",angry,mr
"तुम्ही साबुदाणा वडे खा किंवा खिचडी, थोडं माझ्यासाठी ठेवा ही विनंती",neutral,mr
पण विकलांगता पांगळी होण्याची शक्यता आहे.. जबरदस्त...,neutral,mr
महाराष्ट्राचे कुलदैवत खंडोबाच्या चंपाषष्ठी उत्सवानिमित्त सर्वांना मंगलमय शुभेच्छा!,happy,mr
सेनेतून वंचितमध्ये आले होते आता परत सेनेत गेले.,neutral,mr
: यंदा देवीचे आगमन कोणत्या वाहनावर होणार? वर्षभरासाठी शुभ-अशुभ संकेत देते ‘ही’ गोष्ट ./- …,happy,mr
"या द्वेषाच्या युगात एकतेचा हा समूह, शतकानुशतके स्मरणात राहील.",happy,mr
तुमच्या तुरुंगवासावर संपूर्ण महाराष्ट्र आनंदी आहे,neutral,mr
सकारात्मकता हा पाया आहे !!,neutral,mr
ती काळ्या दगडावरची रेघ आहे.... निवडणूक आयोग हे केंद्र सरकारच्या निंत्रणाखाली येते__,neutral,mr
नाना पाटेकर पोक्त आजोबा आहेत,happy,mr
- पवनाथडी जत्रेला आजपासून सुरुवात ./-…,neutral,mr
समर्थ रामदास हा बामनांचा देवता असेल आम्हा बहुजन हिंदूंचा नाही,angry,mr
"आपल्यामुळे कोणाच्या डोळ्यात अश्रू येत असतील तर जीवन व्यर्थ आहे, पण आपल्यासाठी जर कोणाच्या डोळ्यात अश्रू येत असतील तर जीवन सार्थ आहे....",neutral,mr
राजकिय संस्कृती ही फक्त सोय आहेनायतर हे महाभारत घडलंच नसतं,neutral,mr
काय फालतुगिरी आहे ही ?? कुठला व्हिडिओ आहे ?,angry,mr
अरे माझ्या घरा जवळ आहे हा प्रकार,neutral,mr
बहिणच लहान भावाला असे नाव ठेवू लागल्यावर बाकीचे काय म्हणतील,angry,mr
खरच आहे हे.,neutral,mr
फक्त त्यांनी बोलायचं बाकीच्यांनी बोलायचा प्रयत्न केला की लगेच सत्तेचा धाक,angry,mr
ट्वीटर सोडून गेला तरी चालेल आता,neutral,mr
हा तुझ्या बापा च्या जागी माझ नाव नक्की लावल,angry,mr
कुठलीही चकमक होते तेव्हा अंगाला दुखापत होतेच,neutral,mr
"किती वैफल्यग्रस्त, दुसऱ्यांचे आई - वडीलाला हिसकावून, आपल्या अनिष्टेचा राजकारण करायचे, कसे वाटते ,",angry,mr
शिवसेना ही हिंदुह्रदयसम्राट बाळासाहेबांची आहे तुमच फक्त बाळासाहेब च आहे खोके,angry,mr
हा प्रश्न असा आहे की पाकीट शिवाय पत्रकारिता चालेल का ?,angry,mr
नवीन वर्षाच्या हार्दिक शुभेच्छा भाई ./_/…,happy,mr
जाहिल तो जाहिल होते है,angry,mr
मीराबाई चानू यांनी पटकावले वेटलिफ्टिंगमध्ये पहिले रौप्य... खुप खुप अभिनंदन...,happy,mr
दीड वर्षात केली आपल्या चिरंजीवाने हा घोटाळा कसा केला हो,angry,mr
पी. व्ही. सिंधु ला बैडमिंटन मधे रौप्य पदक अभिनंदन सिंधु आम्हाला तुझा अभिमान आहे!!!,happy,mr
पण डॉलर च्या तुलनेत रुपया खाली येतोय .. त्याचं काय,sad,mr
यांसह इतर मान्यवर उपस्थित होते. मंगलप्रसंगी आई अंबेच्या सर्व भक्तांना घटस्थापना व नवरात्रोत्सवाच्या शुभेच्छा दिल्या.,happy,mr
महाराष्ट्र मधील सरकार कधी असा निर्णय घेणार ?,neutral,mr
"उपमुख्यमंत्री,मुख्यमंत्री दिल्ली वारीत आणि महाराष्ट्रातील महिलेची इज्जत,अस्मिता मात्र रस्त्याच्या कडेला",sad,mr
संघिना फक्त पुरुषाच्या चड्डीत बघायची सवय आहे...काय करणार च आहे,angry,mr
आणि विधायक कामाचा हा विजय आहे.धन्यवाद कोल्हापूरकर!,happy,mr
आपला पुढाकार इतरांसाठी प्रेरणादायी ठरेल सर,happy,mr
"ऋतुजा लटके यांना शिंदे गटात आणण्याचे प्रयत्न? उदय सामंत स्पष्टच बोलले; म्हणाले, “अंधेरी पोटनिवडणुकीत…”",neutral,mr
"कोजागिरी पौर्णिमा, शरद पौर्णिमेच्या हार्दिक शुभेच्छा.... .//_/…",happy,mr
?? महाराष्ट्रासाठी याच काय योगदान आहे?????,neutral,mr
जन्म घेतला मुक्त आयुष्यभर बंधनात.अजुनही स्वतःला समजून घेण्या साठी प्रयत्न करत आहे. श्रीकांत मोरे सोलापूर,sad,mr
"पंढरपुर,कोल्हापुर दक्षिण,आणि देगलुर विधानसभेच्या पोटनिवडणुकीत कुठे गेली होती जनभावना,परंपरा आणि सकारात्मक राजकारण??",angry,mr
| शेअर मार्केटमधील घसरणीदरम्यान ‘या’ कंपनीचा स्टॉक पोहोचला पंधरा वर्षांच्या उच्चांकावर,happy,mr
कोकणवासीयांना कलंक आहे राणे,angry,mr
सुप्रसिद्ध अभिनेते आणि ज्येष्ठ रंगकर्मी प्रदीप पटवर्धन ह्यांचे दुःखद निधन ! भावपूर्ण श्रद्धांजली,sad,mr
लई जळली का? राणे भक्त,angry,mr
हीच ती योग्य वेळ,neutral,mr
अगदीच बरोबर. विरोधकांनी एकत्र येऊन लढा द्यायलाच हवा आहे.,happy,mr
रंग उधळु उत्साहाचे... रंग जपु माणुसकीचे.... निमित्त सर्वांना मंगलमय शुभेच्छा!,happy,mr
"ह्यातील बाईंनी काढलेल्या जागा, एक एक धडा आहे",neutral,mr
होय मी जिल्हा परिषदेच्या शाळेत शिक्षण घेतलेला माजी विद्यार्थी आहे .,happy,mr
आता हे कोणी केलं रे... कडक...,happy,mr
जर पत्रकारच आता असे प्रश्न विचारू लागले तर सामान्य जनतेने कुठून माहिती घ्यावी ?,sad,mr
युवा पदाधिकारी श्री विनायक पोखरकर यांनी बाप्पा सीताराम नावी नवीन हॉटेल उघडले त्याच्या शुभेच्या देताना,happy,mr
हे काय आहे मागे मोदी यांच्या ?,happy,mr
ते जेवढा त्रास देणार लोक आता त्यांचा तेवढाच द्वेष करणार,angry,mr
हा माणुस याच्यातही कन्फयुज....घाल की पांढरा कंजी वाला..,neutral,mr
सर्व हिंदू बंधू आणि भगिनींना रक्षाबंधनाच्या हार्दिक शुभेच्छा,happy,mr
लग्नाच्या जाळ्यात अडकण्या पेक्षा हे कधीही चांगलं,neutral,mr
भारतीय संगीताच्या इतिहासातील एक सदाबहार गायक आणि अभिनेते किशोरदा यांना पुण्यतिथीनिमित्त विनम्र अभिवादन,happy,mr
उमेदवारी दुसऱ्या व्यक्ती ला का दिली नाही..? पती पेक्षा पक्ष महत्वाचा का...?,angry,mr
मीडियावाले आणि विरोधी विचाराचे भक्तांना विरोध म्हणून चित्रपट पहायला जातील..,angry,mr
तुला कुठली केस मिळत नाही का..... उग नावाचं वकील आहेस तू,angry,mr
गुरुवान खाऊन पण टाकला असात तो नारळ...,neutral,mr
"घटस्थापनेच्या दिवशी मी बोकडाचे मटण खाल्ले, माझ्यावर देवीचा कोप होईल का ?",fear,mr
"मंद सैनिकांच काही ""खरे"" नाही",angry,mr
"मी कधीच विचारत नाही, कारण.. मला ‘उत्तराची’च भीती वाटते..",fear,mr
"भाजपला निवडणूक हारायची भीता आहे, म्हणून असं करत आहेत",fear,mr
म्हणजे बाळासाहेबांच्या हिंदूत्व मध्ये हि ताकत नव्हती असे समजता का....,neutral,mr
म्हणजे वसंत ऋतु का,neutral,mr
"हा सावंत तुमची लायकी दाखवतोय. ""ठकासी व्हावे ठक"" आणखी काय सांगणार",angry,mr
केसगळती का होते? जाणून घ्या कारणं आणि उपाय!,neutral,mr
वाखरीच्या ‘कोवीड मदत कक्षा’कडून गरजूंना मदत ./---…,happy,mr
महाशिवरात्री निमित्त सर्वांना मंगलमय शुभेच्छा..!!,happy,mr
नो पॉलिटिक्स अँड कचरा प्लीज. वाद मोठा आहे,neutral,mr
तुम्ही स्पर्धा परीक्षा करणाऱ्या तरुणाचा विचार केल्या बदल आपले आभारी आहोत,happy,mr
शोभत नाही. विरुद्ध असे चित्र उभे रहात आहे.,neutral,mr
मंत्रालयात कार्यक्रम करायच्या विभागात प्रमुख पदावर होत्या का? का जयंत पाटील यांच्या विभागात होत्या.,neutral,mr
देवाने याना बावन्न कुळे देण्यापेकक्षा बावनडोकें देयला हवी होती,angry,mr
: तुम्ही पण उद्धव झाला का,angry,mr
"पैशाची किंमत काय आहे, बेरोजगार व्यक्तीला विचारा.",neutral,mr
अशाच लोकामुळे पक्ष चालतो! लोकशाही नाही!!,angry,mr
"इतकं पण समर्थन करू नये, भाजप ला ही निवडणूक तशीही जड झाली होती",neutral,mr
का बाबा तोंडातुन वाईट शब्द काढायला लावतो तु,angry,mr
राज ठाकरे सारखा सुसंस्कृत नेता महाराष्ट्राचे मुख्यमंत्री नसणे हे महाराष्ट्राचे दुर्दैव!,sad,mr
कुठे झाल हे,neutral,mr
हा रेड्याचा अपमान होईल!,angry,mr
च्या इमारतीत मंत्रालय सुरु होणार? |,neutral,mr
पण हे एबीपी वाल्यांनी कुठून आणली बातमी,neutral,mr
म्हणुन तू महाराष्ट्र तोडण्याचा प्रयत्न केला का,angry,mr
"सहकार्य करून मुख्य प्रवाहात आणण्यासाठी लोकप्रतिनिधी म्हणून मी सदैव कटिबद्ध आहे.""",happy,mr
ज्येष्ठ नागरिक ना तुम्ही पण,neutral,mr
"तुला आई ची जान आहे का ? तुझ्याने लिहीन होत का ते बघ आधी,बिनडोक",angry,mr
गप्प.. काहीही हा,angry,mr
सणाच्या पावित्र्याबरोबर पर्यावरणाचे संवर्धन उत्तम प्रकारे साकारले ./-…,happy,mr
अभिनंदन ! धर्मनिरपेक्ष आणि पुरोगामी नियुक्ती आहे .. त्यामुळे असले सुखद धक्के मिळणारच,happy,mr
"चिव शेणिक हो आता आपल्याला बाळासाहेबांच्या शिवसेनेला हरवायचे आहे, बर का....",angry,mr
चित्राताई हे कोण आहेत,neutral,mr
मी करणार. मला शक्य आहे,happy,mr
देशाला लागलेली गोचीड आहे ही.,angry,mr
"वंदे भारत ट्रेन आज विकास, आधुनिकता, स्थिरता आणि स्वावलंबनाचा पर्याय बनली आहे.",happy,mr
खालुन पेटली तर अवघड आहे मग सगळ्यांचे,fear,mr
| ‘या’ प्रसिद्ध बालकलाकाराने घेतला जगाचा निरोप…,sad,mr
मोदींनी दिवे लावले म्हणून भारत जिंकला असे सांगू नका म्हणजे झाले,angry,mr
व टीम यांचे हार्दिक अभिनंदन,happy,mr
सरकार अधिकृत आहे का?,neutral,mr
त्यांना प्रादेशिक पक्ष म्हणून मान्यता दिली आहे.. अस पण होऊ शकते का..?,happy,mr
"रडू नकोस.... मुंबईत शिवसेनेने पैसे खाल्ले, म्हणून मुंबई तुंबते हे जगजाहीर आहे.",angry,mr
कळतंय का सर तुमचा सत्कार होणार आहे,happy,mr
धरनात पाणी आहे नाही तर अजित पवारांरखं च हे पण बोलले आसते,neutral,mr
हे पण खर आहे,neutral,mr
"अगदी बरोबर, परंतु आता तर्क हे मीडिया च्या नरेटिव धरून असतात.",neutral,mr
% प्राध्यापक भरतीचा निर्णय कधी घेणार साहेब,neutral,mr
भ्रष्टाचार मुक्त महानगरपालिका त्यांना करून दाखवा ज्याने त्यांचे आयुष्य सुखकारक होईल.,happy,mr
बस का आता अजून किती छळ करणार बिचार्यचा,sad,mr
सर हे ट्विटर आहे टिंडर नाही.,angry,mr
मिंधे ला आपल्याकडूनच पराभूत व्हायचे आहे केदार दादा.,angry,mr
तुला ला देऊ का.... काळ्या फोद्या ची बाई,angry,mr
काही अपवाद सगळीकडे असतात,neutral,mr
हे खरे आहे.,neutral,mr
ह्याचं होणार आहे का हेच काम करणार,neutral,mr
लेखण म्हणजे काय ते पण सांगा आता,neutral,mr
रोज अशी कुत्री खोक्याचा मान राखून भुकातात. त्यांना ला समजेल. दांडा फेम,angry,mr
शिवसेना ही सत्याची खोक्यांची नाही.,happy,mr
मग तुमच्या घरी पाठवू का आणि झेपल का त्याचा पण विचार कर,neutral,mr
देव अक्कल वाटत असताना हे साहेब झोपले होते. त्याचा हा परिणाम.,angry,mr
माझ्या सर्व मराठा बांधवांना आणि भगिनींना विनंती आहे की या पुढं मतदान करू नये.,sad,mr
मार खाण्याची पण हौस येते का तुला..,angry,mr
"ज्यांनी बाळासाहेबांना अटक केली त्याचे गुणगान बाळासाहेबांच्या मुलगा गातोय, और कितने अच्छे दिन चाहिए",angry,mr
ही वेळ त्यांच्या येऊ नय जे त्यांची परिस्थिति वर कॉमेंट्स करतात !,sad,mr
थ्रेड मधील सुरुवातीचे काही ट्विट्स दिसत नाहीत पण अप्रतिम आणि प्रेरणादायी,happy,mr
"चला, जपूया वारसा आपल्या भारतीय संस्कृतीचा ! जागतिक वारसा दिन",happy,mr
भाजपच्या कोणत्याच खासदार आमदाराची व नेत्यांची कधीच चौकशी होत नाही!,angry,mr
प्रेम प्रेम म्हणून अजून कुठवर झुरायचं आता ठरवलंय पहिलं प्रेम तुझ्यापासूनच सुरु करायचं,happy,mr
म्हणजे अच्छे दिन आ गये....,happy,mr
होळी मंगळ,happy,mr
"विभागीय आयुक्त, जिल्हाधिकाऱ्यांसह अधिकारी व कर्मचाऱ्यांना मिळाले हे नऊ पुरस्कार ./--…",happy,mr
नको वेळ आहे मला,neutral,mr
उमेदवारी का माघ घेतली तुलार गड्या भिती हरायची,fear,mr
आजोबा श्रद्धा व सबुरीला पण धरल होत ना त्यांनी..आता छापखाना लागणारच साठी..,neutral,mr
यांच्या चरणी प्रणाम !,happy,mr
साहेब खूप चांगला निर्णय घेतला खूप खूप अभिनंदन,happy,mr
आनंदाचे डोही आनंद तरंग ./-,happy,mr
जे काही चालू आहे अतिशय घाणेरडं आहे.,angry,mr
"ते ही कमाल असणार आहेत, रात्री भारी च येतात",happy,mr
दादांचे प्रेम सगळ्यांवर सारख आहे!,happy,mr
नवीन वर्षाच्या हार्दिक शुभेच्छा माऊली .//…,happy,mr
कृपया यांच्या मानधनात वाढ करावी ही नम्र विनंती,happy,mr
यांनी पण घ्यावी का?,neutral,mr
राजेश पाटील नाही येत आता त्यामुळे असंच चालणार कारभार,neutral,mr
हिंदु म्हणून जन्माला आलो पण हिंदु म्हणून मरणार नाही...! ऑक्टोबर,angry,mr
चांगली सुरुवात चांगला उपक्रम मुख्यमंत्री साहेब,neutral,mr
आपणास निरोगी निरामय आयुश्य लाभो ह्यासाठी प्रार्थना,happy,mr
मी घेतला होता. आता काय बोलणार यावर. बोल शोणाली बोल,neutral,mr
पवारसाहेब ला माढ्यातून पळून का गेले ? ते पहिले सागं चाट्या,angry,mr
"आमच्या घरचे पण पुसायचे आहेत, तुझ्या माहेरचे काम संपले की ये आमच्या कडे",neutral,mr
उज्वला गॅस अजुन मिळाला नाही पुढे काय करणार????,angry,mr
"गरबा नाइटसाठी 'हे' आउटफिट्स आहेत परफेक्ट, बघा",happy,mr
येड्या तुझ्या साहेबांची तारीफ़ आहे हयात पण तु आला साहेब बदलुन..मूर्ख,angry,mr
शुभ संध्या मित्र....,neutral,mr
रिक्षा विदाउट मीटर चालतात हा अजुन एक उर्मठपना आहे पुण्याचा,angry,mr
करता करता असे होणार की कमळ उगवणार नाही,neutral,mr
मकर संक्रांतीच्या हार्दिक शुभेच्छा!,happy,mr
"चांगल्या समाजकार्यच्या फळ मिळतात योग्य ,तुम्ही कमी पडत आहेत",sad,mr
घर का भेदि लंका झाले चे उत्तम उदाहरण.,angry,mr
हे कोण सांगत आहे जे जिल्हा बँकेच्या निवडणुकीत पराभूत झालेत,angry,mr
राडा तर होणारच ..जय महाराष्ट्र,happy,mr
रत्नागिरी शहर व्यापारी महासंघ संचालित वैकुंठरथाचे भैरी बुवाच्या साक्षीने लोकार्पण,neutral,mr
सुंभ जळला पण पिळ नाही गेला अजून,neutral,mr
त्या आनंदासाठीच केलेला हा छोटासा प्रयत्न..!!,happy,mr
यांच्या भाऊबंदामुळे तर होत नसेल ना,neutral,mr
"लढ्याचे होते ना, माघार का घेतली? फाटली ना",angry,mr
"होऊन गेलेल्या किंवा होणार असलेल्या गोष्टींची चिंता फक्त मनस्ताप वाढवते, आत्मविश्वास नाही.",sad,mr
तीन पत्रकारांना बिघाडीची चापलुसि केल्याबद्दल घरे मिळाली आहेत म्हणे.,angry,mr
नंबर प्लेटचे रंग वेगवेगळे का असतात? हे प्रकरण काय आहे? समजून घ्या!,neutral,mr
कोण हा थापा कामगार तो,angry,mr
निवडणूका जवळ आल्या की असे काही ना काही कमळी उपद्व्याप करत असते.,neutral,mr
"मुंबईला हे लागु होत नाही, नाही का?",neutral,mr
ह्या वर्ष व्हतात का ?,neutral,mr
याने हवा पहिला आहे का छगण्य,neutral,mr
आजपासून सुरू होणाऱ्या दीपावलीच्या आपणास व आपल्या परिवारास हार्दिक शुभेच्छा..!,happy,mr
ह्याना आता काय फरक पडत नाही सत्तेत आहेत महाराष्ट्राच्या जनतेनेच ठरावायच आता,neutral,mr
आंदोलन करणे हाच उपाय आहे का त्याशिवाल न्याय मिळणार नाही का???,sad,mr
"काय व्हत हे, काय झालंय हे",happy,mr
बगताच क्षणी प्रेम नाही होणार थोडा वेळ लागेल,happy,mr
ती व्यक्ती कोणत्या समाजाची होती कळेल का ?,neutral,mr
भारी असणार आहे हा पिक्चर...शंभर रुपयांची पैज लावणार का?,happy,mr
सध्या लग्नासाठी खुप लोकांची झुंज चालू आहे म्हणून नाव दिले असेल.,happy,mr
लायकी दाखवत आहेत स्वतःची ह्यातून हे गद्दार,angry,mr
तुमची का तंतरली आहे आधीच उपटे पाध्ये,angry,mr
: शिवमंदिरांत दर्शनासाठी भाविकांची मांदियाळी ./-/…,neutral,mr
हे भारी होत,happy,mr
सगळे विश्र्वासघातकी आपण स्वीकारलेत काळजी घ्या. कारण स्वभावाला कोणतेच नाही असे म्हणतात म्हणे.,sad,mr
तुझी उद्धव साहेब ठाकरे बद्दल बोलण्याची लायकी नाही...,angry,mr
हे काय झालंय...कोणाचं कर्म फुटलं आहे,happy,mr
प्रकटदिनाच्या शुभेच्छा भावा....जिंकत रहा,happy,mr
तुम्ही काय काम केले ते असा एक लिस्ट बनवा,neutral,mr
खूप सकारात्मक निर्णय. आज अशा कामगारांची काळजी प्राधान्याने घेण्याची गरज आहे.,happy,mr
ट्रान्सजेंडर्सचे मोफत सेक्स चेंज करणार राजस्थान सरकार:असे करणारे पहिले राज्य,happy,mr
मग आता शपथ विधीला ला शहा मोदी येणार आहेत का काय,neutral,mr
योजना फक्त कागदावरच का....???,angry,mr
दडपशाही विरूद्ध सर्वपक्षानी एकत्र येणे क्रमपात्र आहे,neutral,mr
अन् हे बेनं गृहमंत्री होतं एकेकाळी.....,angry,mr
काय मग झाला का हिशोब तुझ्या कुरेशी साहेबांनचा आणि तुझा पळपुटे भक्त...,angry,mr
हे तुमच्या सारख्यांचा सर्वे करुन नंबर असतील %,angry,mr
सौदर्याची खाण आणि हास्याची महाराणी प्राजक्ता आपल्याला वाढदिवसाच्या लाख लाख शुभेछ्या,happy,mr
काही ठरलं का नाही मग.....!!,neutral,mr
पण हे सर्व महाराष्ट्र भाजपा अध्यक्ष चंद्रशेखर बावनकुळे यांच्या मतदारसंघातील चित्र आहे...,neutral,mr
हा मार्ग लातूर मधून जाणार होता !!! त्यात बदल का केलेत,neutral,mr
दैनिक भास्कर हा कोणता पेपर आहे. कोणता लोकल पेपर आहे का,neutral,mr
अतु आणि तुमचा पण शिंदे साहेबांवर पुतणा मावशीच प्रेम आहे...,angry,mr
हि सगळी नाटकं आहेत...,angry,mr
आहे का कोणी शेतकरी लोकांन सोबत ? ज्याच्या भरोशावर आपण जगतो.,happy,mr
कुठून आणला होता रात्रीचा माल,neutral,mr
आमचे लाडके भाचे आर्यमन पालवे यांना वाढदिवसाच्या खुप खुप हार्दिक शुभेच्छा,happy,mr
याचा अर्थ शरद पवार च वादळ निर्माण करतात आणि तुमच्या अंगावर टाकतात..,angry,mr
सर्व शास्त्रज्ञांच अभिनंदन जय हिंद,happy,mr
मकरसंक्रांतीच्या हार्दिक शुभेच्छा. . . .,happy,mr
मकरसंक्रांतीच्या सर्वांना खूप खूप शुभेच्छा !!,happy,mr
आजची सुनावणी होण्याआधीच सुनावणीत काय होणार? याबाबत उज्ज्वल निकम यांनी केले वक्तव्य- -,neutral,mr
मुंबई महानगर पालिका ठरवत होती बहुतेक,neutral,mr
दिलीप प्रभावळकर यांना वाढदिवसाच्या हार्दिक शुभेच्छा!,happy,mr
"ताई, सोमय्या, राणे, उपाध्ये, आणि तो वाघ ही सगळी सेल वर चालणारी मंडळी आहेत.",neutral,mr
फडणवीस यांनी दिलेला दागिना मामिन वर खूप शोभून दिसतो,happy,mr
दिसणारचं नाही!!!,neutral,mr
आणि रमेश वांजळे गेले त्यांच्या जागी सुद्धा बर का.,neutral,mr
आतून चिडचिडाट झालाय.. वर वर हसून काय फरक पडणार आहे का? तिळपापड ह्याला म्हणतात...,angry,mr
"भूजबळसारख्या व्यक्तीला 'शिव' हेच सत्य आहे, हे कळायला पुढचा जन्म घ्यावा लागतोय वाटतं",angry,mr
जगा आणि जगू द्या महोदय...,happy,mr
नविन वर्षाच्या हार्दिक शुभेच्छा दादा,happy,mr
वाढदिवसाच्या हार्दिक शुभेच्छा,happy,mr
कोजागिरी पौर्णिमेच्या सर्वांना हार्दिक शुभेच्छा......!,happy,mr
या निवडणुकीत आशिष शेलार तुम्हीच अर्ज भरला ते बरंच झालं,neutral,mr
तसाच तर चमत्कार करत आहे आता कोणता करणार,neutral,mr
"राव,,, हे सगळे एकाच शाळेचे विद्यार्थी दिसतात..",neutral,mr
अगदी बरोबर तंतोतंत खरे आहे,neutral,mr
डॉ. बाबासाहेब आंबेडकर मराठवाडा विद्यापीठात झालेला प्रकार अत्यंत निंदनीय आहे...,angry,mr
त्यात्याच मानून तर नम्बेर नही दीसत अहे,neutral,mr
पांढर्या कपड्यांची वाट लावायला आला हा पाऊस..,angry,mr
महाराष्ट्र पोलीस बॉईज संघटनेतर्फे आपले अभिनंदन,happy,mr
"डोंबिवलीत रंग खेळताना दोन गट भिडले, किरकोळ वादातून हाणामारी",neutral,mr
यातून एक सिद्ध होते की निवणुक आयोग केंद्राचा पोपट आहे.,angry,mr
काकांनी बरोबर आग लावली आहे!,happy,mr
त्याग व संघर्ष शिकवून जाणारा हा चा सुर्यास्त.....,happy,mr
"कलाकार मुलाखती घ्यायला लागले तर पत्रकारांनी काय करायचं? कलाकारांनी आता पत्रकार व्हावं,आणि पत्रकारांनी कलाकार का?",neutral,mr
आपल्या गोबर भक्त व गद्दाराच्या डांगीला लावा...,angry,mr
तुला कोणी काही हि केले की इतक्या लवकर हागवान कशी लागते रे?,fear,mr
केवळ हास्यास्पद आहे हे...,angry,mr
"रक्तातील साखर नियंत्रित ठेवण्यासाठी या पिठाच्या चपात्यांचे सेवन करा, जाणून घ्या",neutral,mr
दूध उत्पादकांना खुशखबर; शुक्रवारपासून 'असे' असतील नवे दर,neutral,mr
मुंढे साहेब हे सर्वसामान्यांचे नेते..!!!,happy,mr
आज गणरायाच्या आरती निमित्त आझाद हिंद तरुण मंडळ खडकवासला गाव या मंडळास भेट दिली,happy,mr
आता वेळ आली आहे कर्तुत्व दाखवून जिंकण्याची पण रडायचं काय थांबत नाही,angry,mr
हे बघ वहिनी काय बोलते,neutral,mr
ज्ञान आणि विज्ञान यांनी मिळून आपले आकलन पूर्ण होते.,neutral,mr
साध्या भाज्या देखील वातानुकूलित सुपरमार्केट आणि रस्त्यावर दोन्हीकडे सारख्याच भावात मिळतात,neutral,mr
सगळ्या सृष्टीमध्ये बोलण्याचे वरदान हे फक्त मनुष्याला मिळाले आहे शुभ रात्री,neutral,mr
धन्यवाद गौरव !! आपली साथ आयुष्यभर अशीच राहुद्या,happy,mr
"शुभसंधया , होली पोर्णिमा आणि धुलिवंदना निमित्त आपणास व आपलया परिवाराला हार्दिक शुभेच्छा",happy,mr
"हो, अगदी खरच अनुभवी आणि नम्र असा महाराष्ट्राला लाभला अनमोल रत्न आमचा मुख्यमंत्री साहेब",happy,mr
औरंगाबाद जवळचे आदर्श सरपंच भास्कर पेरे पाटील आहेत हे..!,neutral,mr
. श्री माद्भागावाद गीता असे वर आर्टिकल आहेत त्यात.,neutral,mr
बळीराजा तर्फे आपणांस नवीन वर्षाच्या हार्दिक शुभेच्छा जय शिवराय जय महाराष्ट्र माझा,happy,mr
हा कोर्टाचा अपमान आहे,angry,mr
अरे भाजपच्या भड़व्या तुझ्या बोच्याला का आग लागली मग??? घालून बस,angry,mr
"उमेदवारी परत घेण्याची विनंती केल्यावर तुमच्या साहेबांनी, पवार साहेबांचे आभार का मागितले?",neutral,mr
"विध्यार्थी सोडून गेले म्हणून शाळा बंद होत नसते, नवीन विध्यार्थी घडवण्याचे काम चालूच राहते",neutral,mr
साहेब हया वेडी कुठे जिले होते हैं तुमचे विचार ?????,angry,mr
माझा थ्रेड हा हिंदुधर्म म्हणजे काय हाच असेल,happy,mr
जनताची साथ आहे.,neutral,mr
"हे पण धार्मिक तेढ तयार करतात,,जातिवावर पाया आहे असे आतापर्यंत लोकांना दिसून आलेले आहे,,",angry,mr
"तुझ्यासारख्या लोकांनी फॉलो बॅक द्यावा म्हणून मुलीचा फोटो ठेवला,",angry,mr
"हे समजलं ते ""लॅवीश क्लास"" वाले कोणता शब्द वापरतात?",neutral,mr
पत्ता पण चुकला आणि गोळी खायची पण चुकली म्हणून मीडियाला पात्र मिळालं,neutral,mr
चित्रा वाघ सोडल्या तर एकही वाघ तुमच्या सोबत नाही,angry,mr
कोजागिरी पौर्णिमा निमित्त सर्वांना मनःपूर्वक शुभेच्छा.,happy,mr
"जाऊदे,त्यामुळे तुमचा नंबर तरी लागेल ना साहेब",angry,mr
कोजागिरी पौर्णिमा निमित्त सर्वांना मनःपूर्वक शुभेच्छा!,happy,mr
कोजागिरी पौर्णिमेच्या सर्वांना मंगलमय शुभेच्छा.!,happy,mr
आता हेच होणार आहे गद्दारांच,angry,mr
"शरदराव, जन्मदिनाच्या मनःपूर्वक शुभेच्छा. आपल्या हातून देशसेवा अशीच घडत जावो.",happy,mr
बाकी सगळे मार्ग खुंटले की ते रामाचा आणि पाकि स्तानचा धावा करतात,angry,mr
*आज पासून सुरू होणाऱ्या दीपोत्सवाच्या सर्वांना मंगलमय हार्दिक शुभेच्छा*,happy,mr
हे तुम्ही बोलताय कमालच आहे,happy,mr
"""कोणी पत्र लिहता का पत्र"" महाराष्ट्रातून गुजरातला गेलेले प्रकल्प परत आणण्यासाठी ?",neutral,mr
एक पण झाले नाही काम,neutral,mr
"अनाजीपंताकडून पुरस्कार घेतला आता साहेब नाराज होणार, तांड्यावर मटण नाही खाणार बाजूला बसून.",angry,mr
मिमिक्री करणे हे पण एक कौशल्य आहे,happy,mr
दोन दिवस आणि सगळे गद्दार बाहेर,angry,mr
आता कस मनातलं बोलला बघा...!,neutral,mr
"मलबार हिल मतदार संघ शाकाहारीं घोषित करण्यासाठी आपल्या लोकप्रतिनिधीच्या वाटचालीस सुरवात गिरगांवातून, खोताची वाडी",neutral,mr
परिवारवाद हा सुंदर शब्द आहे. संपूर्ण परिवार देशासाठी समर्पित होणे म्हणजे परिवारवाद.,happy,mr
आणि कोणाला तरी अख्खा महाराष्ट्र सोनीयाला द्यायचा आहे.,angry,mr
जर खरचं त्यांना हे करायचे असते तर त्यांनी केव्हाच केलं असतं,neutral,mr
दख्खनचा राजा जोतिबा माझा...चांगभलं...,happy,mr
"साहेब,छान...दिवाळी हा आनंदाचा सण आहे.यामुळे ती अधिकच गोड होईल!",happy,mr
वाईट बातमी ज्या सैनिकांना या अपघातात वीरमरण प्राप्त झाले त्यांना भावपूर्ण श्रद्धांजली,sad,mr
महाराष्ट्रीयन ऑफ द इयर आहे की बिहारीयन ऑफ द इयर,angry,mr
चैत्र शुद्ध पौर्णिमा महाबली अंजनिपुत्र हनुमान जन्मोत्सव जय श्रीराम जय बजरंगबली,happy,mr
नविन वर्षाच्या राणे साहेब आपणास वआपल्या कुंटूंबास हार्दिक शुभेच्छा.,happy,mr
महाशिवरात्रीच्या सर्वांना हार्दिक शुभेच्छा... ओम् नमः शिवाय..,happy,mr
तू गुजराती आहे की भय्या.. संकरी जनावर,angry,mr
: मॉडेल चहावाली… मिस गोरखपूरचा किताब जिंकलेली तरुणी का विकतेय चहा…,happy,mr
आपणास नविन वर्षाच्या मनःपुर्वक हार्दिक शुभेच्छा ताईसाहेब...!!!,happy,mr
आपल्या प्रयत्नाला यश आले खूप खूप धन्यवाद,happy,mr
धंदा करण्यात रिस्क आहे असे म्हणनाऱ्या % लोकांनी कधीही धंधा केलेला नसतो...,neutral,mr
कोजागिरी पौर्णिमेच्या निमित्त सर्वांना हार्दिक शुभेच्छा!,neutral,mr
ज्याचं ढुंगण ठोकायला निघाले होते त्यांच्याच ढुंगणावर जाऊन बसलात.. विनाशकाले विपरीत बुद्धी.,angry,mr
साहेब तुमीच काही तरी करू शकत शेतकऱ्यांना साठी,happy,mr
"प्रेमाचे हे रंग, अखंड भारत घडवतात.",happy,mr
"बापू,सत्तार आणि शिरसाट संभाळून रहा.शिवसैनीकांच प्रेम बघीतले आता रागा साठी तयार रहा.",angry,mr
महारड्या ही एक शिवी आहे..महार मांग चांभार ही जातीची नावं आहेत..,angry,mr
मकर संक्रांतीच्या सर्वांना हार्दिक शुभेच्छा.,happy,mr
हे महावीर करो कल्याण।,neutral,mr
आणि एक जेल वारी फुकट भेटेल,angry,mr
"कारण...गेलेला दिवस परत कधीच येत नाही आणि उद्याचा काही भरवसा नाही...! प्रणाम,",sad,mr
म्हणजे अंतर्गत मारामारी झाली तरी बाहेरची हत्यारं आणायला नको,neutral,mr
अमच्या कडून नवदाम्पत्यास आनंदी वैवाहिक जीवनासाठी शुभेच्छा.... ./_ …,happy,mr
"झिशान सिद्दिकी ला विचारलं का ट्विट करायच्या आधी, तुमचा आमदार आहे तो",angry,mr
माझ्या डब्यात उद्या आहे. भरली तोंडली छान लागतात..,neutral,mr
स्त्री शक्तीचा आदर आणि अभिनंदन,happy,mr
"बघ आता कोण फूस झाला ते? हाडकाची चिंता कर, तेही मिळणार नाही नंतर",angry,mr
आमची लांबची मावस बहिण पी. व्ही.सिंधू हिने टोकियो ऑलिम्पिक मध्ये कांस्यपदक जिंकल्याबद्दल हार्दिक अभिनंदन,happy,mr
दादा व वहिनी आपणास आपल्या शुभविवाह च्या हार्दिक शुभेच्छा,happy,mr
कधी आंदोलन केलं होतं का ?,neutral,mr
हिंदी चित्रपटासाठी हा सर्व खटाटोप नाही ना ???,happy,mr
पडले तरी सांड वर अशी भक्तांची समजूत.,neutral,mr
"हा फक्त एक छोटासा धक्का आहे, अजून बरेच चांगले येणे बाकी आहे.",neutral,mr
राहुल गांधींच्या भारत जोडो यात्रेत उद्धव ठाकरे सहभागी होणार?,neutral,mr
"मी व माझ्या परिवाराकडून,तुम्हाला व तुमच्या परिवाराला नवीन वर्षाच्या हार्दिक हार्दिक शुभेच्छा",happy,mr
अक्कलच नाही आणि लोक त्यांना नेतृत्व मानतात. अजब आहे हे सगळे,angry,mr
मटण महाग कोणामुळे झाले हे सांगण्या माहित आहे.,angry,mr
स्टेशन रोड शिव बारात,neutral,mr
मराठवाड्याचा विकास अनुशेष भरून काढण्याची मागणी आपण पूर्ण केली आकाश जी,neutral,mr
भाई हा घ्या पाकीस्तान चा हंगर इंडेक्स,angry,mr
खूप चांगला प्रस्ताव आहे,neutral,mr
"काल, निमित्त प्रवास करण्यासाठी आलेल्या भगिनींनी बद्दल आपली सकारात्मकता व्यक्त केली.",happy,mr
हाच तो डॉक्टर का जो कारोना काळात गोष्टी लोकांच्या डोक्यात घालून प्रसिद्धी मिळवायचा.,angry,mr
समीर चौघुलेने मध्ये भारी काम केलंय,happy,mr
"तुमचा उपक्रम खूपच मस्त आहे, आम्ही तुमच्या सदैव सोबत आहे..",happy,mr
"सुंदर दिसतेस, खूप खूप आशीर्वाद",happy,mr
टायगर श्रॉफ यांनी मोठेपणा दाखवला का...?,neutral,mr
ज्यांनी अत्यंत टुकार रिप्लाय दिले आहे त्यांच्यासाठी हा स्क्रीनशॉट येथे जोडतो आहे,angry,mr
"मजाक नाही, एकर सोयाबीन होतं शेतात..",happy,mr
घ्या आणि थंड व्हा... हे तेच आहे जे तुम्हाला कळलंय.,angry,mr
हा मफलरबाज दादर भाजी मंडईत पथारी पसरून भाजी विकायचा.,neutral,mr
पण इतके रिच मिळवुन पाबलो काय दीवाळी साठी चिवड़ा करणार आहे का?,angry,mr
आमची उद्धव बाळासाहेबांची शिवसेना...मशाल पेटली आहे तुझ्या सारखे गद्दार जळून खाक होणार..,angry,mr
मतदार म्हणुन आमची किम्मत काय-नाना. पहिलाच जबरदस्त प्रश्न.,happy,mr
हा पक्षाचा कार्यक्रम आहे की विरोधातील पक्षनेत्यांचा?,neutral,mr
बोबला आता.... काहीही होणार नाही...,neutral,mr
चांगले काम करत आहात...,happy,mr
धर्माच्या दलालांनो प्रेमास जात नसते.. उत्कर्ष शिंदे गाणं आहे ऐका,happy,mr
पाकिस्तान पेटवायला हवा होता,angry,mr
नंबर या बारकोड,neutral,mr
संकट ही संकट,neutral,mr
"कोणत्या आयोगाने, कुठली निवडणूक काही कागदपत्रे आहेत का?",neutral,mr
"हा खरोखरच मोठा घोटाळा आहे, यावर कडक कारवाई झाली पाहिजे",angry,mr
त्या वादळ मधे किलो वजनी कचरा घेऊन जायची ताकत असेल का??,neutral,mr
"स्वस्त इंधनासाठी हा उत्तम पर्याय आहे, तंत्रज्ञानावरही काम करत आहे",neutral,mr
यात शंकाच नाही. त्रिवार सत्य आहे हे.आपल्या तापाचे फळ आहे हे.,happy,mr
हे एक राहील बघ #,neutral,mr
चिता सोडला की आणला काय बडबड करतोय हा ।माणूस अध्यक्ष महोदय,angry,mr
निवडणूक कर्मचाऱ्यांना त्यांच्या कर्तव्याबाबत सर्वसमावेशक प्रशिक्षण मिळाले.,neutral,mr
वाढदिवसाच्या हार्दिक शुभेच्छा भाऊ,happy,mr
तुटलेल्या नात्यांपैकी बरीचशी नाती ही केवळ गैरसमजातून तुटलेली असतात.,sad,mr
उदात्त कार्य सतत करणे खूप अवघड आहे पण निसर्ग वाचवण्यासाठी तुम्ही सर्वतोपरी प्रयत्न करत आहात,neutral,mr
आठव्या वर्षात पदार्पण झाल्याबद्दल हार्दिक अभिनंदन आणि भावी वाटचालीसाठी हार्दिक शुभेच्छा,happy,mr
मशाल तर केव्हाच कालबाह्य झाली आहे. इथं प्रत्येकाच्या मोबाईलमध्ये टाॅर्च आहे.,neutral,mr
"किती भडकातोस रे, मागील दरवाजा ही तर शाखा वाल्यांची खासियत...",angry,mr
हे पालथे घडे आहेत!! कांही होणार नाही.,angry,mr
तया आधी वर्ष तुमची सत्ता होती? काय दिवे लावले तुम्ही. वाट लावली पुण्याची.,angry,mr
सिंधू ब्रिकेट्स प्रकल्पाचे शानदार उदघाटन .//% % …,neutral,mr
महाराष्ट्रातील आख्खी भाजप गुजरात्यांच्या दावणीला बांधली आहे याचा पण उल्लेख करा वाघ साहेब,angry,mr
गद्दाराना हरवायच आहे शिवसेना हा शब्द चोरला आहे,angry,mr
वाढदिवसाच्या हार्दिक शुभेच्छा नाना.,happy,mr
साहेब वाढदिवसाच्या हार्दिक शुभेच्छा नेहमी सर्व आनंदी राहा स्वामी चरणी प्रार्थना..,happy,mr
चिन्ह अगदी समर्पक आहे. ज्या पक्षाचे काम भेटले त्याचे डब्बे ओढतो,angry,mr
लोकल रेल्वेने प्रवास करणाऱ्या महिलांसाठी महत्वाची बातमी! वाचा सविस्तर माहिती,neutral,mr
मला उभ राहायचं म्हणून अटच शिथिल करा हा राजीनामा होता?,neutral,mr
आधी कोर्टात विरुद्ध बाजूच्या स्पष्टीकरणाबाबत सकारात्मक निर्णय घेऊ.,neutral,mr
"मोदी ची आदेश होता , तुला अस म्हणायचय का??",neutral,mr
पैठणच्या संतपीठाचे मराठवाडा मुक्तीसंग्राम दिनी मुख्यमंत्र्यांच्या हस्ते लोकार्पण.. ./-…,neutral,mr
जनसंघाच्या संस्थापकांपैकी एक राष्ट्रवादी विचारसरणीचे विचारवंत आणि माजी खासदार भारतरत्न यांची आज जयंती.,happy,mr
पेटवा मशाल आणि म्हणून दाखवा बरं... आपल्याला बाळासाहेबांच्या शिवसेनेला हरवायचे आहे,happy,mr
"मुंजीच्या भुर्जी भाजपाच करणार, कारण पडणार हे पक्के आहे.",angry,mr
पर्यावरण संवर्धनासाठी पाहुण्यांना पाहुणचारात चिमणीचे घरटे भेट ./-/…,neutral,mr
याच घटनेचं स्मरण करायला माझा कुत्रा पण आज पावसात भिजून जोरदार भुंकला....,happy,mr
"मुंबईत डोळ्यांची साथ, डोळे आल्याचे किंवा संसर्ग झाल्याचे जाणवताच हे करा....",neutral,mr
वाचन करणारी माणस कायमच विचाराने आणि कर्तुत्वाने श्रीमंत असतात... म्हणूनच ती नावाजलेली असतात...,happy,mr
पक्ष्याची गद्दारी केली ती समस्थ महाराष्ट्र सुखी रहावा या साठी.,angry,mr
या सदस्यांनी घटनास्थळावर असलेल्या अपघातग्रस्त बसची बारकाईने पाहणी करून निरीक्षणे नोंदवून घेतली.,neutral,mr
आता मायलॅार्डने हिंदूंना न्याय देताना वेद पुराण वाचावेत.,neutral,mr
हे तीन शेट्टी कन्नड सिनेमा एका वेगळ्या उंचीवर नेऊन ठेवतील हे नक्की.,happy,mr
"ती नावाची 'भिडे"" आहे. त्यामुळे नथीतून बाण कोण मारतोय, हे संपूर्ण महाराष्ट्राला माहीत आहे.",happy,mr
अरे पण ही पट्या आंटी ऐकत नव्हती ना मोदींचे,neutral,mr
खूप पाहिले केला आहे.,neutral,mr
जेव्हा पासून ही पणौती आलिये एक पण कप नाही भारत जिंकला..,sad,mr
बर सर अनुभव आला की सांगते..मग तुम्ही घरचं बांधा कावळ्याच्या घरा खाली,angry,mr
सिंधुदुर्ग रेल्वे स्टेशनं पूर्ण अंधारात का आहे मागील तास पासून,happy,mr
हे महाशय कोण आहेत,neutral,mr
धन्यवाद महाराष्ट्र सरकार आणि म.रा.वि.पा.कं.(महाराष्ट्र) काल मी नवरात्रोत्सव मध्ये लोडशेडींग बद्दल टि्वट केले होते!,neutral,mr
तुमच्या पत्रकारांना काही तरी तर काम ठेवा,angry,mr
बाळासाहेबांचे विचार आज रिलेव्हंट आहेत. स्वा. सावरकरांचे आहेत का? अखंड हिंदुराष्ट्र कालबाह्य झालंय.,neutral,mr
कधीचा आहे फोटो सर? एकदम फ्रेश.,neutral,mr
पाठवू का काही दिवस घरी तुमच्या,neutral,mr
"प्रिय ग्राहक, झालेल्या गैरसोयीबद्दल आम्ही दिलगीर आहोत, आम्ही तुमच्या मागील ट्विटला उत्तर दिले आहे.",neutral,mr
हे बघून दाभोंची आत्मा सुद्धा वारली,sad,mr
ते ऑगस्टदरम्यान कोकण आणि मध्य महाराष्ट्रात अतिवृष्टीचा इशारा..,neutral,mr
मा.बाळासाहेबांचं पोरग आहे म्हण हे,happy,mr
कबुतरे सोडूनच पाकिस्तान बनवला होता.,angry,mr
तिळगुळ घ्या आणि मागे देखील गोड-गोड बोला!,happy,mr
आम्ही अंडभक्तांना देत नाही ते स्वतःच खाज उन घेतात,angry,mr
आज तेवढा संयम व समर्पण नाही हे कटु सत्य,sad,mr
"बाळासाहेब मुंबई चा ""आत्मा"" होते आणि सदैव राहतील",happy,mr
डिशेमबर पर्यंत हा असाच पाऊस पडणार हाय का?,happy,mr
"नक्कीच, ही दिवाळी हलाल मुक्त होणार च जयतू जयतू हिंदुराष्ट्र",happy,mr
आरे तुम्ही तर हारायच्या भीतीने राजीनामा च मंजुर करत नव्हतात ते काय होत,happy,mr
अतिवृष्टीने नुकसान झालेल्या शेतकऱ्याच्या चिमुकल्याची ही व्यथा ह्रदयस्पर्शी आहे,sad,mr
कुठे नेणार आहे महाराष्ट्र माझा,sad,mr
चविष्ट जेवण आणि उत्तम व्यवस्थापन असणारे हॉटेल सिध्दाई आपल्या धाराशिव करांच्या सेवेत.,neutral,mr
महाराष्ट्र शासनास संगणक परिचालक यांचेतर्फे नववर्ष च्या हार्दिक शुभेच्छा,neutral,mr
पोलिसांना बघून पळून कोण गेला होता,neutral,mr
खर आहे !,neutral,mr
घरकोंबड्या बाहेर पडला ही बातमी आहे,neutral,mr
आता काय मानसपुत्राला पण इकडे आणता की काय?,angry,mr
हा त्यांचा नैतिक विजयच आहे कारण समोर सत्तेसाठी जमलेले महत्वकांक्षी राक्षस उभे होते.,happy,mr
नवरात्रीच्या हार्दिक शुभेच्छा!,happy,mr
केदारनाथ येथे झालेल्या अपघातात मृत्यूमुखी पडलेल्या सर्व भाविकांच्या आत्म्यास शांति लाभो!,sad,mr
खामगाव ते मुक्ताईनगर रस्त्याचे काम खूप रखडले आहे साहेब ते बघा,neutral,mr
अरे प्रश्नन टरबूजला विचार ना? तो भीक घालत नसेल तर आम्ही ही घनलार नाही,neutral,mr
चा गॅस तीन पट झालाय हे का सांगत नाही भेकडांनो,angry,mr
आता आतली चड्डी बेल्टच्या खालीच असते ना...,angry,mr
दिवस बदलले आहेत आता,neutral,mr
"जनता म्हणजे फक्त तुम्हीच का,साहेब?",neutral,mr
राष्ट्रवादीच्या सिलॅबस आणि अजेंडा वरच ऊबाठा सेने मध्ये काम करत आहेत त्या मॅडम,angry,mr
आनलेत का इथेही मधात हींदु?जमतच नाही ना.,angry,mr
"""नरेंद्र मोदी हे देशाचे पंतप्रधान नाहीत, ते फक्त भाजपचे पंतप्रधान आहेत."" -कॉंग्रेस प्रदेशाध्यक्ष नाना पटोले",angry,mr
असा उघडकीला आता रक्ताचा काळाबाजार.,angry,mr
उंची कशी असावी हे एक उदाहरण आहे,neutral,mr
साठेबाजी करून भाव वाढवायचा विचार दिसतोय तुमचा... जाहीर निषेध,angry,mr
अरे भास्कर तोंडातून गटार उगवयलाच ठेवलंय का तुला लाचारांच्या सेनेत,angry,mr
चक्रीवादळ येनार आहे काय महाराष्ट्रात परिणाम होईल का,fear,mr
मुख्यमंत्री उध्दवसाहेब ठाकरे यांनी वर्षा या शासकीय निवासस्थानी कुटुंबियांसमवेत श्री गणेशाची प्रतिष्ठापना केली.,neutral,mr
त्याचे बाळासाहेब म्हणजे देवरस आहे .... समलैंगिक संघाची शिकवण देणारे .,angry,mr
सकाळपासून चार वेळा कमेंट वाचल्या आहेत दिपावली हसत हसत जाणारं हे नक्की आहे,happy,mr
"पत्रकार जाहीर बोलत नाही, कदाचित महाशक्ती च्या दबावापोटी",neutral,mr
नारळी पौर्णिमा आणि रक्षाबंधन सणांच्या मंगलमय शुभेच्छा!!!!,happy,mr
रक्षाबंधनाच्या आणि नारळी पौर्णिमेच्या सर्वांना हार्दिक शुभेच्छा!,happy,mr
कोजागीरी पौर्णिमा दिनानिमित्त सर्वांना मनपूर्वक शुभेच्छा !,happy,mr
मान्य मी नाही संजयने करायचं आहे. बुद्धू,angry,mr
जाम झालेल्या नळ्या मोकळ्या करण्यासाठी आपल्या किचन मध्येच असणारा हा रामबाण उपाय,neutral,mr
"हे खरोखर आश्चर्यकारक विद्यापीठ आहे, प्रत्येकाने ते तपासणे आवश्यक आहे.",happy,mr
शालीतून जोडे मारण्यापेक्षा असे एकदम समोरून मुस्कटात मारलीत तुम्ही,angry,mr
थंडी कधी पडणार सर पुण्यात? गेल्या वर्षी सारखी भरपूर पडणार का?,neutral,mr
एक हिंदुत्ववादी दुसऱ्या हिंदुत्ववादी विषयी गौरवोद्गार काढतांना.,happy,mr
हा अप्रतिम सामना पाहायला विसरू नका.,happy,mr
आपण मला फॉलोबैक दिल्या बदल आपले मनपूर्वक आभार,happy,mr
नरेंद्र मोदींच्या फायद्यासाठी जनतेला झोपी घालावणारा सुध्दा हाच होता.,angry,mr
दांड्या आहे का रे कोणाकडे...,neutral,mr
काही महीन्यातचं बाळासाहेबाची शिवसेना आणी भाजपा सरकारची उतरती कळा दिसायला लागली.. हे प्रभु,sad,mr
तुम्ही सोडला का बकायदेशीर काम करणारा नवरा!?! वाचवायला पक्ष बदलालाच ना!?!?,angry,mr
मुंबई हि मराठी माणसाची आहे तुज्या सारख्या भय्यां ची नाही,angry,mr
रक्षाबंधन टीमची ही एक उत्तम कल्पना आहे आणि चित्रपट नक्कीच ब्लॉकबस्टर ठरेल.,happy,mr
गज्या हा गाढवातला ग आहे,angry,mr
"या दोघांमध्ये साम्य आहे दोघांचे पण लग्न होत नाहीये, आपसात समेट घडवून आणावा.",neutral,mr
दोष निवारण हेतु अत्यंत उत्तम व्रत...,happy,mr
खूप खूप अभिनंदन आणि अशीच सर्वोत्तम नाटक आम्हाला बघायला मिळू देत.. हीच सदिच्छा,happy,mr
"महाराष्ट्राचे लाडके नाटककार बाळकृष्ण हरी तथा बाळ कोल्हटकर हे उत्कृष्ट कवी, अभिनेते आणि दिग्दर्शक होते.",happy,mr
ह्या लोकांचे असे विचार ऐकल्याने भाजपची ताकद वाढते. ही अक्कल येणार कधी?,angry,mr
साहेब जरा शेतकऱ्याची अन्न धान्य पण एक्सपोर्ट करा. फक्त उद्योगपतींचे उत्पादित वस्तू नका करू.,fear,mr
प्रकाश जर जाणकारांनी टाकायचा तर तुमची मशाल काय फक्त मिरवायची निशाणी आहे का,angry,mr
"लोकोत्तर व्यक्ती ही जन्माला येत नसते,ती शिकण्याने,सरावाने,विशिष्ट वळण लावण्याने तशी बनते.",happy,mr
त्यामुळेच ही तुलना होऊच शकत नाही,neutral,mr
हे काय आहे फोटो,neutral,mr
धन्यवाद देवेंद्रजी यासाठी केला होता अट्टाहास एवढा,happy,mr
मानसिक त्रास होत आहे त्यांना,sad,mr
पंतप्रधान मोदींनी नोव्हेंबर रोजी नोटाबंदी लागू केली होती.,neutral,mr
नववर्षाच्या सर्वांना मनापासून शुभेच्छा,happy,mr
हा सल्ला फक्त दृष्टिहीन (अंध भक्त) लोकांसाठी आहे,angry,mr
कौशल्य आणि ज्ञान या दोघांमधला फरक फार कमी कलाकारांना कळतो.,neutral,mr
आज संध्यासमयी शेतातून या रविवार स्पेशल रानमेवा खायला,neutral,mr
"‘मशाली’वरून समता पार्टी आक्रमक; निवडणूक आयोगाकडे धाव, केले सवाल",neutral,mr
सगळ्या ला माहिती बाळासाहेबांची शिवसेना कुठे ती तुझ्या सारख्या अंधभक्त सोडून,angry,mr
"हो ,,म्हणून तू कायदा कसाही वापरणार का?",angry,mr
तेच कामं आहे सध्या,neutral,mr
अधून मधून मागे पण पाहावं..,neutral,mr
"मुंबईची दर वर्षी तुंबई होते, त्याचा शिल्पकारांबद्दल सुद्धा बोला.",angry,mr
माढ्यातुन कुणी पळ काढला होता चव्हाण?,neutral,mr
सहन बी होत नाही आणि सांगताही येत नाही,sad,mr
सांभाळुन बुडाला पण मशाल लावु शकतात विरोधकांच्या,angry,mr
ते सुरेश भटांच आहे ना?,neutral,mr
तुम्ही निवडणुकीत पराभूत झाले तेव्हा दरारा कुठ गेला होता,angry,mr
घेतलेली माघार ही एका सच्चा शिवसैनिकाला दिलेली आदरांजली आहे,happy,mr
मराठा समाजाच्या हितासाठी सदैव वचनबद्ध मंत्रिमंडळ उपसमितीच्या बैठकीत घेतलेले महत्त्वपूर्ण निर्णय,happy,mr
ताईसाहेब खूप खूप धन्यवाद # आभारी आहोत तुम्ही केलेल्या प्रयत्नांना आखेर यश आले,happy,mr
अहो भक्त आणि ह्याचा काही संबंध नाहीच आहे बडबड,angry,mr
भावा स्वतःला उमेदवारी पाहिजे म्हणून असा खेळ करून राहिले तुम्ही,angry,mr
देशमुख तुम्ही पण का जोशी सोबत,angry,mr
आधी तलवार चालवून पाहिली पण उपयोग होत नाही म्हटल्यानंतर ढाल समोर केली आहे..,angry,mr
काकांचे विशेष प्रेम आहे तावडे वर,neutral,mr
दादा मनापासून धन्यवाद आपले मार्गदर्शन नेहमी माझ्या पाठीशी राहील .//…,happy,mr
शिवसेना पक्ष प्रमुख श्री उध्दव बाळासाहेब ठाकरे त्यांच्या बापाची नाही कुणाच्या आईरया गैरया बांडगुळाची,angry,mr
"बस , ठरलेलं , आता कशातही मागे राहायचं नाही",neutral,mr
"इतिहासाची पुनरावृत्ती होते म्हणतात, दुसरे महान.. तर नाही",sad,mr
- प्रेमाने आणि आपुलकीने स्नान करा. हे सर्व वाचतो आहे!,neutral,mr
हे नाही होणार भक्तांकडून,neutral,mr
वरचे लाईक्स आणि व्ह्यूज लपवता येणार; काय आहे ही ट्रिक लगेच जाणून घ्या,neutral,mr
गद्दरांना त्यात पण पोट दुःखी होत आहे का ?,angry,mr
एकाच मुलाखतीत दहा वेळा अभय मागितले होते...हे आपण सहज बघु शकता..,angry,mr
एक कीड कमी झाली मराठी ट्विटर वरची,angry,mr
"डियर भक्तो, ठाकरे शिंदेच्या नादात आपल्याला वोट भाजपाला द्यायचं आहे हे विसरू नका!",neutral,mr
काम करतात तर कशाला त्यांचा विरोध करतोस,neutral,mr
"आधी स्वतः निवडून येतो का ते बघायला पाहिजे,",neutral,mr
अभ्यास पण करू वाटतंय पैसे पण कमी पडतात...काहीच नाही सुचत,sad,mr
सकाळी सकाळी बाप्पाच दर्शन मन कसं प्रसन्न वाटतंय,happy,mr
अंघोळ करून झाल्यावर बघू असा पाहिजे होते....,neutral,mr
आणि न्यूज वाले आहेत लोकमत,neutral,mr
त्यांच्या स्थितीकडे करून त्यांच्या होऊ शकतो.,neutral,mr
उध्वस्त ने फसवलं होत युती करून तसे,angry,mr
काथे ते रशिया वरून मागवलेले बॅरल आले का नाही अजून?,neutral,mr
महाराष्ट्रात ओला दुष्काळ आहे पुण्यात दयनीय अवस्था आहे आणि यांचं काय तरी भलतचं चाल आहे,sad,mr
पुणे पोलिसांच म्हणण आहे की अशी कुठलीही घोषणाबाजी झालेली नाही,neutral,mr
आजपासून सुरू होत असलेल्या धरण प्रकल्पाच्या उद्घाटनाला सर्वांना हार्दिक शुभेच्छा!,happy,mr
हि वहिनी मस्त आहे चालेल मला,happy,mr
फुगा म्हणजे का ???,happy,mr
होळीच्या शुभेच्छा !,happy,mr
क्रांतिज्योती यांना जयंतीनिमित्त अमरावती जिल्हाधिकारी कार्यालयात विनम्र अभिवादन...,happy,mr
अडणीच्या पोर्ट्वरचा फुकटचा माल कितीही घेतात आणि असे बडबड करत राहतात.,angry,mr
अहो हे पाळलेले पत्रकार आहेत,angry,mr
"उद्या आमदार अपात्र ठरल्यास हे सरकार दसऱ्यापुर्वीच कोसळेल.. न्यायदेवता न्याय देईलच,",angry,mr
त्यांनी याचा निषेध म्हणून पक्ष सोडावा,neutral,mr
तू काय लावारीस भक्तीनं आहे,angry,mr
हो पण ते बाळासाहेब कोणते हे जनता ओळखते,happy,mr
बीड गेवराई तालुक्यातील रामपुरी गावाचा समावेश आहे का नाही..,neutral,mr
शरद पौर्णिमा च्या हार्दिक शुभकामना @ अंबानगरी अमरावती .// /…,happy,mr
"जे कोण, सुंदर नाचत होती",happy,mr
हरिश्चंद्र जिवंत असते तर हे ऐकून ताबडतोब जीव दिला असता.,angry,mr
"तुमचि चरफड, जळवायला मझा येते असे काही केले की.",angry,mr
महाराष्ट्राच्या प्रेमापोटी अगदी योग्य भूमिका पार पाडत आहात.,happy,mr
हा मनसेचा नारायण राणे होणार ....,neutral,mr
गद्दारांना उद्धव बाळासाहेब ठाकरे या नावाची किंमत काय कळणार,angry,mr
राष्ट्रकुल वेटलिफ्टिंग गोल्ड मनःपूर्वक अभिनंदन,happy,mr
"तुमच्यासारखे मार्गदर्शक,मित्रवर्य लाभणं हे खरं भाग्य. खूप धन्यवाद सर",happy,mr
कोणती भाषा आहे ही? काही कळले नाही.,happy,mr
बरोबर...कारण मोदी संघ भाजपा यांचा द्वेष करायचा हे फिक्स असते लिबरल गँग चे,angry,mr
हे मराठी दर्शकांनी लक्षात ठेवायला हवं.,neutral,mr
"वा मित्रा,आपले दुःख व्यक्त करता येत नाही ,त्यांच्यासाठी खूप महत्त्वाची माहिती",sad,mr
आंबट शौकीन आहे वाटतं,neutral,mr
वाढदिवसाच्या हार्दीक शुभेच्छा...,happy,mr
तात्या ब्रॅण्ड आहेत त्यांना कोणत्या पक्षाची मुळात गरजच नाही,happy,mr
लय पांचट होत हे अन्या,angry,mr
हर हर महादेव सुप्रभात मित्र,happy,mr
आधीच भरकटले आहेत लाच...आता फक्त जनतेला दिसतंय.,angry,mr
चुकीच्या रस्त्याने जात आहेत हे कळलं कसं.?,neutral,mr
आता तुला बघून त्यांना दिवसभर खायला नसेल भेटलं त्याचं सुद्धा दुःख व्यक्त करायचं,angry,mr
"दिवसाच्या व्यस्त जगण्यातून मनाला, मायेचा ओलावा देतो तो म्हणजे, सांजवेळी चा चहा...!!!",happy,mr
फॉर्मॅलिटी आहे का बोकडं कापायचा? एका कोंबडीत काय भागत न्हाय,angry,mr
खूप छान कामगिरी पार पाडत आहात.,neutral,mr
नवीन वर्षाच्या हार्दिक शुभेच्छा साहेब ..,happy,mr
क्रांतीज्योती सावित्रीबाई फुले यांना जयंती निमित्त त्रिवार वंदन !,happy,mr
"आता भायखळा भाजी मंडईच्या लुःखा टप्पोरी, हफ्टाखोर आम्हाला शिकवणार का",angry,mr
पंतप्रधान नरेंद्रजी मोदींना भूतानचा सर्वोच्च पुरस्कार नेसन्मानित करण्यात आले! हार्दिक अभिनंदन,happy,mr
बदनामीच्या सूर्यावरून धावणाऱ्यांना उदबत्तीच्या चटक्यांची भिती नसते !!,angry,mr
पुष्पा भाऊ चा राडा आहे भाऊ.....माहोल,happy,mr
बरोबर आहे ना आता पक्षात घेऊन,neutral,mr
धन्यवाद तेजा भाऊ अतिशय महत्त्वाची माहिती शेअर केली,happy,mr
कोण तुम्ही कुणीही ओळखत नाही तुम्हाला मग का पुढे पुढे करायचं,neutral,mr
अरे तुमचे संशोधन काय? तुम्हाला काय गोट्य खेळायला नेमलय का?,angry,mr
गांधी-आंबेडकर एकमेकांचे मित्र किंवा चाहते होते का?,neutral,mr
| सांगलीत पारंपारिक पद्धतीने शिवरायांचे आगमन | ./,happy,mr
परात्पर गुरूमाऊलींचे तेजस्वी विचार हिंदु धर्माची महानता,happy,mr
लाखात एक,happy,mr
च्या कुत्र्यांनी सामना नीट वाचला नाही,angry,mr
कशाला येड्यात काढता लोकांना... कमीत कमी आपल्या पदाचा तरी मान राखा...,angry,mr
चला आशा करूया की हा अनुभव तुम्हाला एक मौल्यवान धडा शिकवेल आणि भविष्यात तुम्हाला पुन्हा त्याच परिस्थितीला सामोरे जावे लागणार नाही.!!,neutral,mr
तो कोण लागून गेला मोठा..आणि आधी चुतीयागत बडबडून आई घातल्यामुळे ही वेळ आली.,angry,mr
लोकांचा उत्तम प्रतिसाद बघितल्यानंतर आपला पराभव नक्की हे लक्षात येताचं माघार..,sad,mr
त्यांना वकील मिळणे हे सुद्धा भारताचे दुर्दैव म्हणावे लागेल.,sad,mr
"""देवादी देव"" दादा वाढदिवसाच्या हार्दिक शुभेच्छा",happy,mr
चैनस्नॅचरांचा सुळसुळाट; दोन महिलांच्या गळय़ातील सोन्याचे मंगळसूत्र दुचाकीस्वारांनी केले लंपास,neutral,mr
"महाभरती कधी होणार आहे ,,,,लवकर म्हणजे आणखी किती दिवस",neutral,mr
एका परप्रांतीयांने सनकन कानाखाली लगावली होती.,angry,mr
बाळासाहेब निदान कार्टुनिस्ट तरी होते तुमचे वडील कार्टुनिस्ट नसून पण एवढा कॉमेडी कार्टून काढलंय,angry,mr
हत्ती वर भुंकणाऱ्या कुत्र्यांना हत्ती भिक घालत नाही,angry,mr
आज दुपारी वाजता टिळक चौक ( अलका टॉकीज ) येथे होणार राष्ट्र गर्जना,neutral,mr
हे म्हणजे असे आहे बेरोजगारी भारतात नाही भारतीय बेरोजगार आहे.,angry,mr
पर्युषण पर्वाच्या खुप खुप शुभेच्छा सुमित भाऊ.,happy,mr
बाळा साहेब हे पण बोलले होते सोनिया गांधी यांच्यासमोर स्थिर होते,neutral,mr
भाग्य आहे हींदुत्वाचे शिलेदार सोबत दिसत आहेत. देवेंद्रजी सुध्दा हवे होते.,happy,mr
तूच उतर तसही तुला काही काम धंदा नाही,angry,mr
एकदम बरोबर निरक्षण आहे..... वागळे साहेब,happy,mr
या ट्विट खाली हे ट्विट दिसलं!,neutral,mr
ये दुनिया ये मेहफील मेरे काम की नहीं या गाण्याचीही आठवण येते !,sad,mr
भाजपच्या भ्रष्ट नेत्यांची चौकशी केव्हा होणार?,angry,mr
"सुटायला पण नको , वाकड तोंडया लयी वळ वळ करीत हता",angry,mr
पुरणपोळी खाऊन बघा भारी लागते...!,happy,mr
तुमचे उत्तम कार्य महाराष्ट्राला असेच लाभुद्या,happy,mr
टोनगाच होणार,neutral,mr
नवरात्रोत्सवाला सोमवारपासून होणार प्रारंभ; रत्नागिरी जिल्ह्यात ठिकाणी होणार दुर्गामाता विराजमान,neutral,mr
अभिनंदन खूप खूप शुभेच्छा फक्त आम्हाला गाडीत बसून एकदा फिरायला सोबतच घेऊन चला,happy,mr
भुक लागली आहे जी,neutral,mr
अंधेरी पूर्व विधानसभा पोटनिवडणुकीतून भाजपची माघार. आता सहानुभूतीला हे आपला विजय समजून वेड्यासारखे नाचणार!,angry,mr
महाराष्ट्रात सार्वजनिक नवरात्र उत्सव याची सुरुवात कोणी केली माहीत आहे का?,neutral,mr
एक्सट्रा व्हिजन चे ब्लब आहेत डोळ्यात माझ्या,angry,mr
अफवाना पण चांगल्या मिळतात आजकाल,neutral,mr
खरेच आहे ते...इतिहास बघा...हे काय..वाकड तोंडे काय.... स्वबळावर कधी सत्ता मिळवली?..,angry,mr
आपल्या माहितीस्तव सर,neutral,mr
म्हणून जगात साली मंदी येणार हे पिल्लु सोडले गेले आहे अमेरिकी लोकां कडून.,angry,mr
आता मनसे वाल्यांनी हळूहळू पहिल्या सारखं भाजपवर पण टीका करणं चालू केलं तरी चालेल.,neutral,mr
"ताई, सरड्यासारखा कसा रंग बदलता आला तुम्हाला? नेमकं माणूसच आहात ना..",angry,mr
थँक्यू बँक्यू म्हणायची पद्धतच नाही का तुमच्याकडे,angry,mr
"पुर्ण पेशवाई वरच्या चांगल्याच आहेत, ही पण वाचा नक्की",neutral,mr
अगदी खरं आहे. किडच आहे भ्रष्टवादी ही महाराष्ट्राला लागलेली मढ्याच्या टाळुवरचं लोणी खाणारे..,angry,mr
महाराष्ट्रात हे करायचं असेल तर राजसाहेब सत्तेत यायला हवेत!,neutral,mr
सुसंकृतपणा राऊतांकडे कोणाकडून आला ?,neutral,mr
बाई तुम्ही तुम्हाचे बघा तुम्हाला का मिर्ची लागते,angry,mr
आता आहे ते सांभाळ बाबा नको उतमात करू,neutral,mr
हे आपल्यातीलच जयचंद गणोजी शिर्के फितुर हबशी...!!!,angry,mr
नवीन वर्षाच्या हार्दिक शुभेच्छा दादा..,happy,mr
भारत जिंकला का तुला माझ्या हाताने पेढा भरवेल,happy,mr
राज्यात भाजपचा गेम वाजवून छोटा चाणक्य बनणाऱ्या ह्यांचाही हार्दिक अभिनंदन...,happy,mr
"सरकारी कर्मचाऱ्यांना नियमानुसार राजीनामा द्यावा लागतो, रामदास आठवले यांची माहिती",neutral,mr
छत्रपतींच्या सुरत लुटीचा राग अजूनही काळ्या टोपी वाल्यांना आहे.,angry,mr
वर्षांवरील नागरिकांना एस टी प्रवास मोफत हवा होता..,neutral,mr
आपण घेतलेला निर्णयामुळे हजारो लोकांची आशा प्रफुल्लीत झाल्या आहे.आपले खुप खुप आभार,happy,mr
मशाल पण होती रे टिपीकल शेणकिडा,angry,mr
शीतल ही परजीवी वनस्पती आहे त्यामुळे ती शिंदे गटात गेली ..,angry,mr
आतल्या आईस्क्रीम एवढी पण उंची नाही तुझी,angry,mr
याची माईंडसेट पाकिस्तानी आहे असे वाटते.,angry,mr
भाजप च आणि मोदी च भ्रष्टचार मुक्ता अभियान हेच आहे का..?,angry,mr
होळी पौर्णिमा निमित्त सर्वांना हार्दिक शुभेच्छा !,happy,mr
अध्यक्ष महोदय एक संधी देण्यात यावी सावरण्यासाठी ही आपणास विनंती करतो ..,happy,mr
पडलेला पाऊस कसा योग्य रित्या मार्गी लावता येईल हे महापालिका ठरवू शकते का?,neutral,mr
ही गोष्ट घरात सांगायच विसरले होते वाटत,neutral,mr
ती 'नऊवारी' रॅप वाली अमरावतीची आर्या पण भारी रॅप करते,happy,mr
सप्टेंबर रोजी राजीनामा दिलेलं आहे ऋतुजा लटके ह्यांनी,neutral,mr
तुम्हिच राहिले होते सांगायच,neutral,mr
"का, गद्दाराच्या .... दम नाही का राजीनामा द्यायचा.",angry,mr
किती फेकतो हा माणूस,angry,mr
भविष्यात महाविकास आघाडीला उमेदवारही मिळणार नाही अशी अवस्था करु: बावनकुळे,neutral,mr
कोटी दिले की चालते,angry,mr
-औरंगाबाद विभाग शिक्षक मतदारसंघ नावनोंदणीस सुरुवात या शिर्षकाखाली प्रकाशित झालेल्या विविध वर्तमानपत्रातील बातम्या.,neutral,mr
"धन्यवाद भाजपा, आजची दारूची सोय करून दिल्याबद्दल",happy,mr
बुद्धीने दिवाळखोर भक्तांना दिवाळी बोनस झाला का नाही,angry,mr
स. सुप्रीम कोर्टाने दिवसभर वेळ खाण्याची काहीही गरज न्हवती. सकाळीच निकाल देऊन मोकळं व्हायचं होत.,angry,mr
मराठीत लिहा भाऊ काहीही समजत नाही,neutral,mr
.... हे काका आहेत तर.....,angry,mr
हा लिलाव ते ऑक्टोबर या कालावधीत लाइव्ह असेल.,neutral,mr
"असे आहे राष्ट्रभक्त मुंबईकर ,मंगेशकर कुटुंबीय",happy,mr
त्याचसाठी तर हा राष्ट्रवादीतुन तिकडे गेला,neutral,mr
ही कोण आहे?,neutral,mr
कोणाच्या सहानभुतीची गरज नाही उध्दव साहेबाना... विरोधकासाठी शिवसैनिकच पुरेसा आहे. जय महाराष्ट्र...,angry,mr
"दैनिक एकमत,देशोन्नती,मराठवाडा केसरी पेपरचे आभार ...",happy,mr
तुझ्यासारखं त्यांना पळवून पळवून मारत आहेत म्हणून वाटत असेल,sad,mr
धन्यवाद साहेब..आपल्या मार्गदर्शनाखाली आणि पुणेकरणांनी दिलेल्या साथीमुळे कॉरोनाची आकडेवारी खाली आली,happy,mr
"मराठीचा पुळका आणणारे आज इंग्रजीत पत्र व्हायरल करता येत, गंमतच आहे नाही का?",angry,mr
तुमचा मालक आणि तुमच्यात काहीच फरक नाही सुधरा जरा,angry,mr
"उद्धव ठाकरे गट शिवसेनेच्या तेरावा, वर्षश्राद्धाला पण एकत्र जाणार आहेत",neutral,mr
मंगळसूत्र लायसन आहे समोरच्या व्यक्तीला माहित पाहिजे ही स्त्रि च लग्न झालंय,angry,mr
आ साहेब आपणास उदंड आयुष्य आणि उत्तम आरोग्य लाभो हीच ईश्वरचरणी प्रार्थना,happy,mr
स्टुडिओ ही निट चालवु शकले असते ?,neutral,mr
रांगोळीच्या पायघड्यांनी तुळशीबागेत ग्राहकांचे स्वागत.,happy,mr
कोल्ह्याला द्राक्ष आंबट अशी स्थिती झाली आहे या चहा-बिस्कीट पत्रकारांची,angry,mr
सुप्रीम कोर्टाच्या एका निर्णयामुळे पुढच्या सगळ्या बेकायदेशीर निर्णय होत आहेत.,angry,mr
जालन्यालील केमीकल कंपनीचे उदघाटन केले साहेबानी,neutral,mr
श्रीलंकेचा प्रमूख वेगवान गोलंदाज दुशमंता चमिरा दुखापतीमुळे टी विश्वचषक स्पर्धेतून बाहेर झाला आहे.,neutral,mr
तुला हे बोलण्याचा अधिकार तरी आहे का?रक्षक बन गया भक्षक.,angry,mr
तातडीने कृषिमंत्री यांना पाठवा ही बातमी . शेतकऱ्यांना न्याय मिळालाच पाहिजे,angry,mr
लोकशाहीत नेता आणि त्याच्या आदेशापेक्षा सदस्यांचे बहुमत आणि बहुमताचा निर्णय अधिक महत्वाचा आहे,happy,mr
अनिकेत शास्त्री आता ठाकरे गटाचे उपाध्यक्ष होणार..,neutral,mr
हे नागपुरात घडले पण वाहन क्रमांक ठाण्याचा असल्यामुळे आपल्याला टॅग केले आहे.,neutral,mr
जे साखर घेउन जाताना दिसत आहे ते मत देतील अशी अपेक्षा,neutral,mr
संघोटे कमी पडले म्हणून तुम्हाला गद्दारनाथ चिंदीची गरज पडली……,angry,mr
इच्छा तिथेच मार्ग आपण लवकरच उत्तम मराठी शिकाल यासाठी शुभेच्छा .//…,happy,mr
आम्ही संपलेल्या पक्षाला महत्व देत नाही.,angry,mr
अरे पण ते काँग्रेसी होते,neutral,mr
मोदीजिंचा असा अपमान सहन केला जाणार नाही.. णीशेध..,angry,mr
"रोहित शेट्टी अप्रतिम आहे, त्याच्याकडे स्टाइल आणि स्वॅग आहे.",happy,mr
"कुणाला मत द्यायचं नाही हे जनतेनी ठरवल आहे, कितीही लांबणीवर टाकू द्या.",angry,mr
भाऊ सलाम तुम्हच्या कार्याला,happy,mr
तीन वन डे सामन्यांच्या मालिकेतील निर्णायक लढतीत हिंदुस्थाच्या यंग ब्रिगेडने आफ्रिकेची दाणादाण उडवली.,happy,mr
"अगदी उत्तम निर्णय,",neutral,mr
हे काय आहे.?,neutral,mr
पूर्ण व्हिडिओ टाका हा,neutral,mr
तेव्हा मरायला टेकले असा अभिनय होता बहुतेक तुरुंगातून बाहेर पडल्यावर भुजा मध्ये बळ संचारले,angry,mr
आमच्या घरात भावंडात अशी भांडणं दररोज असतात... तुमच्या घरी पण असतात का...????,neutral,mr
मुलांच्या दिव्य आणि दैदिप्यमान प्रभावळीच्या ऊर्जेने आई बाबांना गर्व वाटतो.,happy,mr
हे खरोखर आश्चर्यकारक आणि आश्चर्यकारक आहे म्हणून जा आणि हे पहा,happy,mr
भारत जोडो यात्रेत सहभागी व्हा.. राहुलला पाठीवर घेऊन तुम्हाला रस्त्यावर - मारायला लावतील,angry,mr
पंजा वाघाचा आहे हे विसरू नका,happy,mr
धन्य वाद पूर्ण . वर्षा नंतर शेवटी तुम्ही मदत दिली आणि आज आली पण.,happy,mr
आता सुध्दा देशात अघोषित आणिबाणीच आहे,fear,mr
मुलाखत रंगणार नाही हे स्पष्टच होते.,sad,mr
श्यामची आई ऐकल होत राव हे नवच वाटत आहे,neutral,mr
लांड्या तुमच्या सणांवर आम्ही बोलतो का काही. तेव्हाही शुभेच्छा देतोच आम्ही. जय महाराष्ट्र,angry,mr
वारले का?नाहीं म्हंटले होते म्हणत आहात म्हणून,angry,mr
! शिव सर्वत्र आहे ! ! जय श्री महाकाल !,happy,mr
तूच दलाल आहेस हे या बोलण्यावरन दिसून येतं,angry,mr
हे खरं असेल तर अवघड आहे..... .,neutral,mr
वाढदिवसाच्या हार्दिक शुभेच्छा माऊली...,happy,mr
आमचे मित्र डॉ. अमोल यांना कन्या रत्न प्राप्त झाले,happy,mr
"अजून किती अच्छे दिन पाहिजेत...! चक्क, जाहिरात करत आहे..",angry,mr
बायकांनी मनाची तरी लाज ठेवावी...कूंक हे कपाळावर गोल लागतं.. उभं नाही..,angry,mr
"देशासाठी, धर्मासाठी उपाशी राहू शकत नाही का तुम्ही. देशद्रोही, आतंकवादी कुटचे.",angry,mr
"उत्तम केलेत, त्या गद्दारांना बरोबर धडा शिकवला........",angry,mr
होळी च्या हार्दिक शुभेच्छा.. #,happy,mr
आवडतं का?,neutral,mr
निवडणूक ही व्हायलाच हवी विषय संपला,neutral,mr
"निदान तुम्हीं महाराष्ट्रातील, एखाद्या गावाचे तरी करा काम.",fear,mr
अभिनंदन श्रेयस-दीप्ती! आणि येणाऱ्या सहजीवनाकरिता उदंड शुभेच्छा!,happy,mr
तु चाट्या आहेस का का काथ्या ?,angry,mr
लोकसत्ता हा पिसाळलेला वाटतोय पण विरोधात...,angry,mr
जगात मंदीचं सावट आहे अन् सर्वात वेगाने वाढणाऱ्या अर्थव्यवस्थांच्या यादीत भारत अव्वल स्थानी म्हणे.....,angry,mr
दुसऱ्याने खाल्लं म्हणजे आपण पण खाल्लाच पाहिजे का ?,angry,mr
"याच्या वर पण बोला का ही, सर्व भाऊच आहेत",neutral,mr
उद्धव सेनेचे सरकार आल्यास कोकणातून निष्ठावान मुख्यमंत्री यांनाच करावे ही जनतेची मागणी,happy,mr
भाजपची माघार तरीही निवडणुक होणार; ऋतुजा लटके यांच्याविरोधात सहा उमेदवार रिंगणात,neutral,mr
शाळेतल्या मध्ये पंतप्रधान झाले होते ते लिहायचं विसरले,neutral,mr
युवापिढीला आत्मनिर्भर करण्यासाठी सर्वांनी योगदान द्यावे – राज्यपाल भगत सिंह कोश्यारी ./,neutral,mr
ऐतिहासिक शेतकरी आंदोलनाची तयारीबाबत गेल्या वर्षी कुरूक्षेत्र येथे झालेल्या बैठकीची आठवण ताजी झाली...,happy,mr
पाण्याने गाड्या वाहत चालल्या आता त्यांच्या मागे धावाचं की इथ सुर्यवंशीसाठी व्यक्त होत बसायचं,angry,mr
हे मानसिक रोगी वाचत नाहीत आणि शहानिशा न करता तिरस्कारयुक्त प्रचलित विचारांना स्विकारतात.,angry,mr
खांडेकर माझाचाच आहे ना?,happy,mr
"पणे काम करीत असताना, आज तुम्हाला जाणवणारी वेदना. उद्या तुम्हाला जाणवणारी असेल.!",happy,mr
कारण मनमोहन सिंह लसूण खात होते आणि ही खात नाही,neutral,mr
खड्डा आहे का उंदीर ह्यांनी बिल पाडला आहे,angry,mr
तानाजी सावंत हा मराठा आहे का? का याला भाजपाची खाज आहे......,angry,mr
लग्नानंतर पुरुष आणि महिला यांच्यात विविध गोष्टींमुळे काही समस्या निर्माण होतात.,neutral,mr
या सेनेसाठी एन्टरटेनर ची भूमिका निभावत आहेत ... भाषण पहिले यांचे ...,neutral,mr
यावरून एक समजले की मतांसाठी काय पण...!!,angry,mr
आला बोहोत आला,neutral,mr
काका आपले स्वागत आहे आपल्या आगमना च्या प्रतीक्षेत,happy,mr
"पॉप्युलर फ्रंट इंडियावर केंद्र सरकारकडून वर्षांची बंदी, तपास यंत्रणांनी बंदीची केली होती शिफारस",neutral,mr
शिवभोजन थाळी बंद करणं हा धक्का गरीब कष्टकरी जनते साठी आहे ...,sad,mr
युवा नेते पदातून बुजुर्ग नेता अर्थात पक्व नेत्याच्या भूमिकेत ट्रान्सफॉर्म करण्यासाठी हा खटाटोप आहे..,neutral,mr
साखर निर्यात कोटा काही दिवसांत जाहीर होणार,neutral,mr
"साहेब, दहीहंडीच्या गोविंदा प्रमाणे नवरात्री च्या दांडिया खेळाडूंना सुद्धा आरक्षण देण्यात यावे ही विनंती",neutral,mr
भारत जोडो यात्रे मुळे भारताने हा सामना लिटर ने जिंकला. धन्यवाद राहुल गांधी,happy,mr
छत्रपती शिवाजी महाराजांची तुलना कोणी स्वतःशी करु नये महाराजानी कधी ही जनतेची फसवणुक केली नाही,happy,mr
इथे तर संकटच पाठीशी उभे आहे. भाव बघा चेहऱ्यावरचे.,fear,mr
"""टेलिकॉम"" हा मराठी शब्द आहे का ?",happy,mr
नाही. नीट वाचा.,neutral,mr
आपणा सर्वांना नारळी पौर्णिमेच्या आणि रक्षाबंधनाच्या मन:पूर्वक हार्दिक शुभेच्छा....,happy,mr
लातूर च पण चांगल आहे रे फार्मसी ला म्हंजे निलंगा च कॉलेज,neutral,mr
विनायक चतुर्थीच्या हार्दिक शुभेच्छा गणपती बाप्पा मोरया .//…,happy,mr
हरनार म्हणून आता हे नाटक सुरु केले आहे,angry,mr
नाशिक जिल्ह्यात जनावारांमध्ये पसरलेल्या लंम्पी या आजाराने पशुपालकांमध्ये वाढले भीतीचे वातावरण- -,fear,mr
जे पेराल तेच उगवेल याच उत्तम उदाहरण आहे हे,happy,mr
"भाई , हिदु म्हणजे काय हे तुला समजलं का ...?",neutral,mr
वर्षभरासाठी ची सकारात्मक ऊर्जा तुझे तोंड पाहिल्याने मिळते,happy,mr
"""सत्तेच्या खुर्चीवर तुमच्यापैकी असेल, मी स्वत: दुसऱ्याच्या खुर्चीवर बसणार नाही""",happy,mr
हा लांडगा काहीतरी उकरुन काढतच असतो कोणीतरी तरी तर विचारतील म्हणून!,angry,mr
वंदे भारत मेट्रो डिसेंबरपर्यंत तयार होईल ../% % % % %…,neutral,mr
लोकं मूर्ख आहेत का? ला सरकारचा कालावधी संपणार आहे हा तान्या राजीनामा देणार आहे.,angry,mr
जनसेवेसाठी सदैव तत्पर व सत्वर व्यक्तिमत्व म्हणजे सन्माननीय मुख्यमंत्री श्री.एकनाथरावजी शिंदे साहेब.,happy,mr
"भाऊ तुम्हाला खूप खूप प्रोत्साहन.., नक्कीच यश मिळेल..",happy,mr
शेवटी शेवटी बाळासाहेब दबावाखाली च होते आता सगळं उघड होईल हळू हळू,angry,mr
उघड्या शेजारी नागड गेल रातभर थंडीत कुडकुडुन मेल अशी गत आहे तुमची,sad,mr
संजय राठोडयांचा गुन्हा पदरात घालन्या एवढं सोपं नाही ते,neutral,mr
चित्रपटात अप्रतिम गाणी आहेत.,neutral,mr
काथे डी पी बदलाना.... तुम्ही भक्त म्हणून शोभत नाही त्यामुळे...,angry,mr
आणि ही तू पण ऑर्डर करू शकते,neutral,mr
आपण असे बोलून निरोप घेतला धन्यवाद शिंदे साहेब व महेश दादा,happy,mr
हेच का ते,neutral,mr
"स्वतःवर विश्वास ठेवण्याचा प्रयत्न करा, त्यामुळे भीती आणि दुःख नाहीसे होईल !",happy,mr
माती तर खाल्लीच होती... आता शे....!!,angry,mr
पावसाळ्यात पाणी पण असतंय सर,neutral,mr
होळीच्या शुभेच्छा! ( !),happy,mr
खूप छान उपक्रम आहे.प्रत्येकाने भेट दिली पाहिजे आणि गरजू लोकांना मदत केली पाहिजे,happy,mr
ते जानेवारीला जिल्हा कृषी प्रदर्शनी व सरस महोत्सवाचे आयोजन ./ चंद्रपूर,neutral,mr
काय हसते तुला पण येयच होत लग्नाला आमंत्रण नव्हतं तुला,sad,mr
हे... एकतर्फी / पक्षपाती... तथाकथित पत्रकार हे ... सिद्ध केले.... ब्लॉक करून !,angry,mr
इतिहासात आपण कसे होतो हे मानसाने वर्तमानात इतरांना जज करताना विसरायला नको.,neutral,mr
अभ्यंकर हे जास्त भयंकर आहेत,fear,mr
हीच्या आईला लावा रे कोणी तरी.. पूर्ण दिवसाची वाट लावली मेसेज करून,angry,mr
आणि जेलचा अम्रूत महोत्सव,neutral,mr
कोजागिरी पौर्णिमेच्या हार्दिक शुभेच्छा. .,happy,mr
भारत जिंकला अभिनंदन,happy,mr
हे सगळ करायचं मग काम कधी करायचं,neutral,mr
मला कलाम जयंती ला त्यांची आठवण आली होती,happy,mr
अजुन काही रडगाणे ?,angry,mr
जिहाद आणि धर्मयुद्ध यातला फरक कळून घेऊन त्याच्याविरुद्ध लढणारा माणूस आपल्या देशाचा गृहमंत्री होता हे सुदैव!,happy,mr
आपल्यामुळे झाडांना जीवदान मिळतआहेहे पुण्याचेच काम आपण करीत आहातमनःपूर्वक धन्यवाद,happy,mr
वर्षाच्या सुरुवातीला आनंदाची बातमी ./_/…,happy,mr
रेल्वेची दौंडकरांसोबत सापत्न वागणूक....कमी गाड्या आणी अनियमित वेळापत्रक,angry,mr
चांगला विचार आहे पण फडमनवीस ऐकणार का तुमचं??,neutral,mr
"“फडणवीस” नावाचा अर्थ तुम्हाला माहितीय का ? राज ठाकरेंनी सांगितला, वाचा…",neutral,mr
वाढदिवसाच्या हार्दिक शुभेच्छा अमोल जी,happy,mr
"उद्धव बाळासाहेब ठाकरे मशालीचा दान्डा घेऊन उभे आहे, आपण साभाळून राहावे.",fear,mr
कारण ती तिचं मुख आभाळाकडे नाही करु शकतं,neutral,mr
हा संडास कर्मचारी सेनेचा साधा अध्यक्ष होऊ शकत नाही,angry,mr
लोकांच्या मनात हे नाव आदरणीय आहे. पण लोकांना मशाल हे चीन्ह ओळखीच आहे.,happy,mr
लाख मोलाचा सल्ला .//…,neutral,mr
गाव जेवल्यावर जलेबी मागत आहे ‌,neutral,mr
: पुण्यातील मुसळधार पावसामुळे झालेल्या नुकसानीवर अजित पवारांची पत्रकार परिषद,neutral,mr
शक्य आहे,neutral,mr
"ते ""गोडबोले"" होते म्हणून चवताळले बाकी काही नाही.",angry,mr
भारतीय जनतेने एक वेळच जेवायचं असा कायदा आणनार आहेत म्हणे ? खरंय का ?,happy,mr
नविन वर्षाच्या खूप सा-या शुभेच्छा भाई,happy,mr
स्वतः बेरोजगार आहे...तो काय मुलांना रोजगार देणार...?,sad,mr
"या अहवालानुसार, चीनचा विकासदर भारताच्या विकासदरापेक्षा कमी आहे.",neutral,mr
अटक करून कोर्टात हाजीर केले होते,neutral,mr
इतिहासांत झालेल्या चुकांवरून आपण आपसांत का वाद घालावेत? इतरांचे फावते अशाने. सांभाळा.,neutral,mr
बुलढाणा मुंबईच्या बाहेर आहे याची कल्पना नसेल साहेबांना.,angry,mr
जीवनात घाई करताना धेर्य आणि क्रोध करताना शांतता राखायला हवी.,happy,mr
काय रे थापाड्या...डिडॉलरायझेशन म्हणजे काय हे तुला अजूनही सापडले नाही?,angry,mr
लिहून घेतलंय हे,neutral,mr
आणि येड्या गज्जू ला काय पाहिजेफक्त चमकोगिरी,angry,mr
सर्व नाणी वापरले आहे,neutral,mr
राहूल गांधीची तुलना प्रभू रामांसोबत हा अपमान आहे,angry,mr
घरी जाऊन झोपा आता...,angry,mr
साहेब खुप खुप शुभेच्छा. असेच यशस्वी होऊन या. ./_/…,happy,mr
महापालिका आता ओला कचरा उचलणार नाही. उत्तम निर्णय,neutral,mr
भगवंताचा नुसता विचार देखील आपल्याला आनंदी ठेवतो! - माऊली,happy,mr
"परदेसी परदेसी' ने आणली प्रसिद्धी, आणि बॉयफ्रेंडला शिकण्याची संधी!",happy,mr
"""ट्रेन कमकुवत नव्हती, म्हशी ताकदवान होत चालल्यात...",neutral,mr
मनसे पण भ्रम आहे,sad,mr
मुघलांकडे पण लाखोंची सेना होती पण,neutral,mr
ह्यांच्या हिंदुत्वाची व्याख्या गोबर भक्तांसारखीच आहे.,angry,mr
"आत्मविश्वास आणि धैर्य अद्याप गमावलेले नाही, आपण बेरोजगारीने त्रस्त आहोत ही वेगळी बाब आहे.",happy,mr
"मराठी माझी शान, मराठीच माझा अभिमान. जय महाराष्ट्र",happy,mr
कोजागिरी पौर्णिमेच्या सर्व नागपूरकरांना हार्दिक शुभेच्छा...!,neutral,mr
“रेडमी-रियलमीला नोकियाचा दणका! अत्यंत कमी किंमतीत इंचाचा टॅबलेट”,happy,mr
"हे खरे आहे की, महाराष्ट्रात अनेक अवैध स्थलांतरित नागरिक आहेत. यावर शासनाने कठोर कारवाई करावी",neutral,mr
जो नेता आपला पक्ष धड नीटपणे सांभाळू शकत नाही त्याला निवडून द्यायचे का मग,angry,mr
वाघळ्या गोळीबार ला जरा विस्तृत करशील का?? मला पण बघू देना अकलेचा कांदा,angry,mr
अर्थ...केला असेल आमच्या मालकांनी पूर्वी भ्रष्टाचार...दे की सोडून...असे म्हणतो आहे हा,angry,mr
"चला लेहरूंची कहाणी इथे ऐकूया, गूढ वाटते!",happy,mr
उत्तम निर्णय घेतला शिंदे साहेब महाराष्ट्राच्या हितासाठी धन्यवाद,happy,mr
काय भामट्या आहे हो तुम्ही म्हणतात असो आपल्याला काय...,angry,mr
ही 'कामिनी'ची फुले आहेत.,neutral,mr
आज पोलीस स्मृती दिन. आपल्या सर्वांसाठी कर्तव्य बजावत असताना शहीद झालेल्या हुतात्म्यांना नमन..!,happy,mr
ते ते काळ मस्त होता काय कळतच नव्हते,happy,mr
कथाकाथित रामाने बायको सोडली होती मग राहुल गांधी काय सोडणार??,neutral,mr
उध्दव च आवडत नाही तर चिन्हं कसं आवडेल....कधी पण इमोशनल रडत बोलणारा वैयक्ति आहे,angry,mr
तसंही कोण फिरतात सणासुदीत पुण्यात काही तर गणपती नवरात्री ला सुद्धा बाहेर निघत नाहीत....,neutral,mr
खुप दिवस झालं हा व्हिडिओ ल बघितला होता ...अगदी सहा महिन्याच्या वरती झालं,neutral,mr
होना हे दोघे कपल बनू पाहत आहेत..,happy,mr
हा फोटो खुप काही सांगून जातो.,neutral,mr
गौतम बुद्ध हेसुद्धा स्वतः शाकाहारी होते व त्यांनी शाकाहार पुरस्कृत केला.,happy,mr
विद्यार्थ्यांमध्ये गुंतवणूक करण्यासाठी आणि आपल्या देशाचे भविष्य घडवण्याच्या दिशेने काम करण्यास टाळाटाळ करा.,angry,mr
ग्रेट भावा ./…,happy,mr
किती निच वृत्ती ज्या ताटात खाल्ले भाजपा बरोबर त्याच ताटात घाण केली.,angry,mr
आता उद्धव ठाकरे यांच्या शिवसैनिकांना म्हणतील की आपल्याला बाळासाहेबांच्या शिवसेनेला हरवायचे आहे...कठीण आहे,neutral,mr
एक महान कवी आणि तत्वज्ञ संत गोस्वामी तुलसीदास यांना जयंतीनिमित्त विनम्र अभिवादन.!,happy,mr
मुंबईवर पुन्हा मराठी माणसंच राज्य करतील भाई खूप खूप अभिनंदन,happy,mr
दादा यांना पोकळ बांबु चा प्रसाद दिल्याशिवाय हे लोकं सरळ होणार नाहीत..,angry,mr
",वाढदिवसाच्या हार्दिक शुभेच्छा...!!",happy,mr
शेवटी जाणवच ते... शेंडीनी गळा कसा कापायचा हे शिकावे,angry,mr
हे चांगले आहे झोपुन उठल्या पासुन झोप येई वरी फक्त तळलेले पदार्थ पेक्षा,neutral,mr
"अभिनंदन पी.व्ही.सिंधू, तू करून दाखवलंस जागतिक बॅडमिंटन स्पर्धेत सुवर्णपदक",happy,mr
त्यांना माहीत आहे टोमणा की कदर....,neutral,mr
आणि पत्र दोन तीन महिने अगोदर लिहिले होते पण ते निवडणूक काळात पोहोचले,happy,mr
भाजप ला घराणेशाही संपवायची आहे त्यामुळे ही असली स्वप्नं बघू नका राजसाहेब,neutral,mr
मंगळवारी अमावस्या आहे की पौर्णिमा?,neutral,mr
कोर्टात मनसेचा अमेझॉन वर विजय अभिनंदन साहेब...,happy,mr
तो फक्त उद्धव चोळीचा अधिकार नाही म्हणून..,angry,mr
तुमची का फाटली ते अख्खा महाराष्ट्र जाणून आहे पळकु टे कुठले,angry,mr
अधिकारी मस्त आणि नागरीक त्रस्त,sad,mr
आज कल निष्पक्ष मत मांडणारे कमी आहेत!,neutral,mr
सत्याचा विजय.. उद्धव ठाकरेना हायकोर्टाने दिला दणका. ठाण्यातील तलावपाळीत दिवाळी पहाट यंदा शिंदे गटाची होणार..,neutral,mr
धन्यवाद माई ही माहिती दिल्याबद्दल!! ही ऐकल्यावर विलक्षण ऊर्जा जागृत होते!,happy,mr
आम्ही ही मनसे पुढे सुपारी लिहू,neutral,mr
नवीन वर्षाच्या हार्दिक शुभेच्छा साहेब ! ./…,happy,mr
लिपस्टिक? निषेध! साहेब आपले आधारवड आहेत.,angry,mr
कशा करता ? होता .,neutral,mr
जनतेतून अशी मागणी व्हायला पाहिजे,neutral,mr
त्यामुळेच भाजपच्या पायाखालची जमीन सरकली आणि नाटकं सुरू केली.....,angry,mr
श्रीमंत दगडूशेठ हलवाई गणपतीला भक्ताकडून किलो सोन्याचा मुकुट./,happy,mr
"साहेब, थांबा आता तरी लय वाईट वाटतं",sad,mr
"तुम्ही प्रतिभावान आहात, आणि काळजी करू नका, तुम्ही कायमचे असे निराश होणार नाही! :)",happy,mr
लक्ष्मी रोड ला खरेदी साठी जाऊ की नको आज? पाऊस पडणार आहे का भोलेनाथ,neutral,mr
योजनेचे व्यावहारिक यश मानूया.,neutral,mr
"होय, अजून ऐक कोरोना काळात त्यांनी कार्य देखील उत्तम केले आहे",happy,mr
गणरायाच्या आगमनात तेवढी विद्युत सहायक भरती प्रक्रिया पूर्ण झाली.,neutral,mr
राज्यपाल कोशारी देखील प्रचारात आहेत का?,neutral,mr
"पाच ग्रहांच्या गोचरामुळे ऑक्टोबर महिना घडामोडींचा, शनि मकर राशीत होणार मार्गस्थ",neutral,mr
ला जनमताशी गद्दारी केली त्यांना जाळणार ही मशाल,angry,mr
उत्तम कामगिरी.. आता मराठीला अभिजात भाषेचा दर्जा मिळवण्यासाठी प्रयत्न करा.,happy,mr
हा निर्णय चुकीचा... अपक्ष लढायलाच हवे होते...,sad,mr
दौरा रद्द केला तो आजुन ही घेता येत नाहीये,neutral,mr
मोपेडस्वार दामिनी पथकाचे मुख्यमंत्र्याच्या हस्ते उद्घाटन .. ./ /,neutral,mr
सूर्य गोचरमुळे या राशीच्या लोकांचे होणार नुकसान...,fear,mr
हे त्या नेपाळी बेडकाना सांग आधी गद्दार,angry,mr
साहेबांनी चित्रपटातच आपल भवितव्य पहाव.. छान काम करतात..!,happy,mr
देवेंद्र फडणवीस ‘स्पायडरमॅन’ आहेत का? –,happy,mr
ते हजारांनी पराभव होणार आहे,angry,mr
"राज्यघटनेच व परिशिष्ट एकदम स्पष्ट आहे, ""विलीनीकरण"" हा एकमेव डिफेन्स. - मा. न्यायमूर्ती चंद्रचूड.",happy,mr
"आपल्या हातावर,राखी बांधून घ्यायला का?",neutral,mr
चंद्रकांत खैरे म्हणाले ते खरं आहे गुढग्यात असते,neutral,mr
सेल वाली आहे ही काय हिच्या नादी लागता.,angry,mr
"शिवसैनिकांचं मातोश्रीवर शक्तीप्रदर्शन, उद्धव ठाकरे म्हणाले...",happy,mr
"जयोस्तुते, स्वतंत्रते भगवती !!वीर सावकरांना विनम्र नमन ! .//…",happy,mr
संजय राठोड तुमच्या भावावर लय जीव आहे तुमचा,happy,mr
हा ऊर्जास्त्रोताचा एकमेव सिद्धांत आहे.उदा.- सर्व विनम्र अभिवादन..,neutral,mr
मग काय तुला विचारायचे का?,neutral,mr
आता भाजप च्या दृष्टीने काश्मिरी पंडित हे हिंदू नसतील,happy,mr
उध्दव ठाकरेंनी तुझ्या आईच्या बोच्यांत काय लंड घातला होता का,angry,mr
हे जिल्ह्याचे नाही तर विभागाचे झाले.,neutral,mr
बंद दारा आड सारखंच दिसतंय हे पण?,neutral,mr
तसेच मतदारसंघातील भाजपाचे सर्व नगरसेवक व पदाधिकारी उपस्थित होते.,neutral,mr
पुण्यात सुद्धा भास्कर जाधव वर गुन्हा दाखल झाला... ब्रेकिंग,happy,mr
"खुप भावविभोर, मनाला भावुक करणारे तसेच अतिशय मर्मस्पर्शी असे भाव आहेत मधु...",sad,mr
महिन्यांपूर्वी बाबत कार्यक्रम लावणार होते त्याचा मुहूर्त कधीचा निघाला?,neutral,mr
हे देशद्रोही आहे. —एक अंधभक्त,angry,mr
""" राया, मला आशा आहे की तुझ्यासाठी सर्व काही ठीक आहे. रात्र शांततामय आणि निवांत जावो. .....",neutral,mr
ती मशाल गद्दारांच्या ढुंगणाला चटके देण्यासाठी पण आहे.,angry,mr
मकर संक्रांती निमीत्त तुम्हाला व तुमच्या परिवारास मनःपुर्वक शुभेच्छा..!,happy,mr
भाऊ दर्शैन दुर्मीळ झाले तुमचे,neutral,mr
अभिनंदन ताई.. विजय आपलाच आहे.. गद्दार लोकांना गडायाच आहे.. जय महाराष्ट्र,happy,mr
हेच जर उलटे झाले असते तरीही आपण असच बोले असते का ??,angry,mr
छत्रपती शिवाजी महाराजांचा आणि बाळासाहेबांचा बाजार करून ठेवलाय ह्या भाड्यांनी,angry,mr
हो आता देवा च्या भरवशावरच जगाच.,sad,mr
"देशात बेरोजगारी नाही आहे , देशात रोजगार कमी झालेत. - निर्मला आत्या",neutral,mr
फाटली का...,angry,mr
सत्तांतर झाल्यानंतर हा शब्द खूप महत्वाचा आहे .,neutral,mr
स्तुत्य उपक्रम राबविला जातो आहे......शुभेच्छा,happy,mr
"अभिनंदन दादा,बिडकीन च्या शेतकऱ्यांना या योजनेचा लाभ द्या.",happy,mr
थोडक्यात पण हृदयापासून आपणास वाढदिवसाच्या हार्दिक शुभेच्छा सर,happy,mr
लाळ चाटायचं बंद करा कमीत कमी महाराष्ट्राच्या भल्याकर्ता तरी,angry,mr
स्वार्थासाठी जय भीम आज समाजातला नोकरदार वर्ग कलाकार वर्ग जय भीम जात सांगायला लाजतो,angry,mr
एकंदर केंद्र सरकारचा असलेला दवाब बघता हे वाटणे साहजिकच आहे,fear,mr
अगदी बरोबर सहमत आहे,neutral,mr
म्हणून लोकसत्ता खरा आदर्श आहे पत्रकारितेचा,happy,mr
", उगाच काय तरी.. ते निमंत्रण आहे आदेश नाही.",neutral,mr
तात्या मुळशी पॅटर्न पाहून प्रभावित झाले आणि शेतकऱ्यांसोबत होणारा आम्हाला दाखवला खतरनाक तात्या,neutral,mr
मीराबाई चानु यांचे मनःपूर्वक अभिनंदन.. फर्स्ट मेडल,happy,mr
शिक्षकांनीही योग्य अनुकरण करण्याची आवश्यकता आहे,happy,mr
खूपच मनापासून केल्या दिसत आहे,neutral,mr
नटश्रेष्ठ डॉक्टर काशिनाथ घाणेकर यांना जयंतीदिनी वंदन ./…,happy,mr
ज्याचे पळून गेले तो सल्ले देणार का...,angry,mr
धरणीमातेच्या मायेने....आणि निसर्गाच्या साथीने आज साठीभरून तूर झाली.,happy,mr
लोकमत चे मालक मारवाडी आहेत म्हणून मराठीद्वेष आहे.,angry,mr
पंजा आणि घड्याळ ला खुश करण्या साठी ही पोस्ट आहे,angry,mr
एक देशव्यापी विरोध प्रदर्शन तो बनता ??,angry,mr
तुमच्या प्रगतीबद्दल अभिनंदन! आता तुम्ही आजोबा झालात हे खरे आहे का?,happy,mr
"अजुन - वर्ष, आणि जन्म असेच आनंदी रहा.",happy,mr
वाढदिवसाच्या हार्दिक शुभेच्छा भैयाजी..,happy,mr
राजीनामा द्या आणि निघा इथून महाराष्ट्रातून,angry,mr
लग्नाला जायचे आहे म्हणून नेले आणि बाजारात विकले. उगाच नाही म्हणत 'मंदसे',angry,mr
शिवप्रतिष्ठानतर्फे शिवपुण्यतिथीचे आचरण – तरुण भारत - तरुण भारत ./--…,happy,mr
": आजचे राशी भविष्य, या राशीच्या लोकांना आहे विवाह योग",happy,mr
आणि ती महाराष्ट्रातच होते. योगींकडे अश्या गोष्टी घडत नाहीत. सर्व वचकून असतात.,neutral,mr
साहेब आपलं सरकार असताना का नाही विषय मांडलात काम लवकर झालं असतं,angry,mr
संत गाडगे बाबा यांच्या जयंतीच्या हार्दिक शुभेच्छा...,neutral,mr
परवा का पर्वा? सुधरा रे टायघाले मुंबई तक च्या भारखावांनु,neutral,mr
"शर्टाच्या आठवणीत शाहरुख म्हणतोय, 'तुम होती तो...'",sad,mr
वारसा जपण्याचे उत्तम कार्य आपल्या कडून सतत होत राहो आदित्य साहेब,happy,mr
मला हा आवाज ऐकायचा आहे.,neutral,mr
वीज मनोरे आणि वाहिनी यासाठी जागेचा आता भरघोस मोबदला,neutral,mr
मी पुण्यात आल्यावर नाही तर तू मुंबईत आल्यावर दिली जाणार पार्टी,neutral,mr
आमच्याकडे तर अआकाश पुर्ण काळ्या ढगांनी भरलेला दिसतोय,neutral,mr
टॅग केलेल्या सगळ्यांना पाब्लो सरांन कडून फराळाचे निमंत्रण देण्यात येत आहे,neutral,mr
हो. ही आमची कुलदेवी आहे.,happy,mr
"ठीक आहे, पण पत्र लिहिणार्या कारकूनाचे नाव काय होते?",neutral,mr
कारण सध्या बीएमसी ही मुख्यमंत्री च्या अधिपत्याखाली आहे! महानगरपालिकाची निवडणूक झाली नसल्याने,neutral,mr
बाळासाहेबांच्या शिवसेनेत संजय राठोड सारखा मंत्री आहे यातच सर्व आले,neutral,mr
क्रुपया करुन मराठी भाषा वापरा.... महाराष्ट्र आहे यूपी बिहार नाही हा,angry,mr
म्हणजे मराठी माणूस काढा बाहेर,neutral,mr
धन्यवाद ताई तुमच्या मुळे मला हे पवित्र काम करण्याची संधी मिळत आहे ./ …,happy,mr
नवरात्रोत्सवामुळे नाशिक शहरामध्ये वाहतुकीत बदल करण्यात आला आहे.,neutral,mr
"जेलफोडोचा प्रसंग अभिमानास्पद, आदर्शवत : वैभव नायकवडी .//-…",happy,mr
"काहीतरी कमकाम करा रे. किती फिरता, गुवाहटी फिरून आला तरी मन काही भरत नाही.",angry,mr
मी पुरणपोळी खात नाही बोलून खाण्यासारखं आहे हे.,neutral,mr
"श्री गणेशोत्सवाच्या मन:पूर्वक शुभेच्छा, मंगलमुर्ती मोरया",happy,mr
जयंत पाटीलाची बायको ही त्याच्या वर विश्वास ठेवत नाही आणि तुम्ही,angry,mr
सगळे निशिगंध च म्हणतात या फुलांना,neutral,mr
सुप्रभात भारत .//…,neutral,mr
हे तुझ्या आईबद्दल बोललं तर रे ??,angry,mr
"वर्ष जनसेवेची ,भंडारा जिल्ह्यातील गावागावात लोक कला पथकाद्वारे योजनांची प्रसिद्धी",happy,mr
"आमच्या मुख्यमंत्र्यांनी काय घोडा मारलाय तुमचा, त्यांचा फोटो का नाही",angry,mr
मकर संक्रांत ' निमित्त सर्वांना मंगलमय शुभेच्छा !,happy,mr
ही बातमी बघून बाळासाहेब काय विचार करत असतील,neutral,mr
खाजप मध्यें आलं कि त्यानं पण क्लीन देतील पंत आपले,angry,mr
*राष्ट्रवादीचे नेते भारत भालके यांच्या निधनानंतर रिक्त असलेल्या पंढरपूर-मंगळवेढा मतदारसंघाची पोटनिवडणूक चांगलीच चुरशीची होणार आहे*,neutral,mr
तुम्ही त्या वेळेस कुठे होता आणि शांत का होता,neutral,mr
मकरसंक्रातीच्या खुप खुप शुभेच्छा... ..,happy,mr
हो खरंय आणि निलेश पुरेपूर देतोय दीपक केसरकर ला,neutral,mr
हे बोलून तू स्वतः एक षंढ आहेस हे दाखवलं तू...,angry,mr
ही आयसीयू वार्डात मुलांच्या लहान वैयक्तींनी सुरक्षित राहण्याची पूर्ण प्रयत्न केली आहे,neutral,mr
ही दीपावली आपणास आणि आपल्या कुटुंबास आंनदाची आणि भरभराटिची जाओ.. *|| शुभ दीपावली ||*,happy,mr
आपण महाराष्ट्रात असं काही करू शकतो का?,neutral,mr
मी म्हटलं च रस्त्यावर एवढा धुरुळा कसं आला..स्वागत.,neutral,mr
या आधी एक बिर्याणी खाल्ली आहे.,neutral,mr
मग भारतातील सध्याच्या हुकूमशाही मधे दुसऱ्या पक्षांना मत द्यायला हरकत आहे का तुमची?,angry,mr
प्रशासन हे फक्त लोकांची गैरसोय करण्यासाठी आहे,angry,mr
: पंतप्रधानांची पॅरालिम्पिक चॅम्पियन्सच्या पाठीवर कौतुकाची थाप .//-…,happy,mr
"यात एक निर्णय नाहिये. मराठा हे कुणबी आहेत, कुणबी हे मराठा आहेत .",neutral,mr
"मकर संक्रांतीच्या पवित्र पर्वानिमित्त सर्वांना शुभेच्छा! तीळगूळ घ्या, गोड गोड बोला!",happy,mr
तुम्ही पहिल्या गटाच्या अध्यक्षा आहेत की काय,neutral,mr
कपिल सिब्बल यांची भक्कम वकिली 'तो' सारख्या महत्त्वाच्या मुद्द्यांवर प्रकाश टाकते,happy,mr
भक्तांच काय मनावर घेता ते तर निर्मला अक्कांना पण अर्थतज्ज्ञ म्हणतात.,angry,mr
आणि मराठ्यांना आरक्षण देण्याची सरकार ला सद्बुद्धी देवो...,angry,mr
कधी कधी तुम्हाला झोपेतून उठल्यावर झोम्बीसारखे वाटते. वीकेंडला माझ्यासोबत दोनदा घडले.,neutral,mr
रिकाम्या खुर्च्या मोडींचं भविष्य सांगून गेल्या...,sad,mr
राजकीय व्यवस्था परिवर्तन होणार विश्वास ठेवा... सुरुवात पुण्यातून.,neutral,mr
पंतप्रधानांच्या हस्ते गुजरातमध्ये प्रधानमंत्री जन आरोग्य योजनेच्या आयुष्मान कार्डांच्या वितरणाला होणार प्रारंभ,neutral,mr
खुप लवकर जाग आली अडीच वर्षापूर्वी आली असती तर आज हे दिवस नसते आले,angry,mr
नंबर एक होण्यासाठी सुद्धा काँग्रेस राष्ट्रवादीच्या कार्यकर्त्यांनी नेत्यांचा प्रवेश करूनच भाजप झाला,neutral,mr
एक हिताचा आणि महत्त्वपूर्ण निर्णय घेतला आपण. .//…,happy,mr
सचिन परब याचं सद्याच्या राजकारणावर उत्तम विश्लेषण भाग पण बघा!!!,neutral,mr
नवीन संडासाचे उद्घाटन सोडून तुम्ही काय केलं आहे का मतदार संघात???,angry,mr
मोदीजींच्या सहवासात दुहेरी यंत्रसामग्रीच्या राजवटीत राज्याची खूप प्रगती होत आहे.,happy,mr
ओशाळल्यागत होतं का,neutral,mr
ती मला त्रास देते,angry,mr
खुप खुप अभिनंदन अणि.. शुभेच्छा.. नमो नमः.. निती कायमचं यशस्वी.. होणारच..,happy,mr
आमचे कडे यवतमाळ ला महालक्ष्मी चे आगमन झाले,happy,mr
बाळासाहेबांना ज्याच्या हातचं जेवणं आवडायचं ते 'थापा शिंदेगटात का गेले?' यावर शिवसेनेची पहिली प्रतिक्रिया,neutral,mr
महाराष्ट्राचा आणी देशाचा अभिमान,happy,mr
"बहुत उम्दा , लाजवाब वाह वाह वाह",happy,mr
गप्प रे लाखांचे आणे करणारे आहेत ते,angry,mr
नमस्कार साहेब सुरक्षा रक्षक बाबत बोलायचे होते नबंर मिळेल का पुणे,neutral,mr
कॉपी करून ला टाकु का आमच्या इथे हीच परिस्थिती आहे,angry,mr
एक नंबर बोललात,neutral,mr
सर्वांना रक्षाबंधन आणि नारळी पौर्णिमेच्या मंगलमय शुभेच्छा !,happy,mr
एकतर्फी सिरीज नाही त्यामुळे शेवट हाय,neutral,mr
"आम्हाला मराठी व्याकरण, भूगोल होतं. पण प्रेमळ नजर हा विषय अभ्यासाला नव्हता कधीच!",neutral,mr
म्हणजे तुम्हाला असं सुचवायचं आहे की देवेंद्रजी यांनी सुद्धा ब्लु प्रिंट वाचलेली नसेल.,angry,mr
घरा घरात जाऊन द्या. मत मागायला जातात.फराळ घरात घरात जाऊन द्यायला काय होत.,neutral,mr
लोक सुद्धा नाहीत नीट....आणि काय ते नियोजन,angry,mr
आमच्या गावची,neutral,mr
ब्रम्हांडातल्या प्रसिद्ध पत्रकाराने दिलेला किताब आहे..मिरवा..मिरवा,angry,mr
टच केले तर राजीनामा देणार होता गद्दार...,angry,mr
अभिनंदन ! देश लवकर या संकटातून मुक्त व्हावा ही बाप्पा च्या चरणी प्रार्थना,neutral,mr
"घरावर झालेल्या हल्ल्यानंतर भास्कर जाधवांचे फडणवीसांवर गंभीर आरोप; म्हणाले, “गृहमंत्र्यांकडून आदेश....”",angry,mr
प्रबंधभूमी ईम्पॅक्ट प्रशासनाने नादुरुस्त शौचालयाचे काम मार्गी लावल्याने वाहतूक पोलिसांनी मानले आभार,happy,mr
शिक्षणाचं महत्त्व समजू न शकणारे महाराष्ट्राला मिळणं हे दुर्भाग्य..,sad,mr
आपल्या प्रेमाबद्दल धन्यवाद,happy,mr
मोदी सरकार हे शेतकऱ्यांची हिताचे सरकार,happy,mr
असे पालक असल्यावर सहा लाख पण मिळाले वर्षाचे तर खूप आहेत.,angry,mr
"हचतो फरक आहे, जमुळे जनतेची पसंती ही एकनाथ शिंदे यांनाच आहे...!!!",happy,mr
"अतिशय संतापजनक प्रकार आहे हा.. एवढा नीचपणा आज पर्यंत कोणत्याही राजकीय पक्षाने केला नव्हता..,",angry,mr
इतकं दिवस सत्ता कुणाची होती दादा,neutral,mr
.आयुर्वेद व वनस्पती शास्रामुळे तुम्ही जे योगदान देत आहात ते आमुल्य आहे.,happy,mr
"अनेक स्त्रियांशी संबंध, मारहाण, खंडणीखोर हसाव की रडाव हा प्रश्न आहे ...",angry,mr
"सर्व शेतकऱ्यांना परमेश्वर भरभरून धान्य, धान्याला भाव आणि समृद्धी देवो",happy,mr
एमएसएमई क्षेत्राच्या दीर्घकालीन कायमस्वरूपी पुनरुज्जीवनाचा प्रयत्न ../--…,neutral,mr
स्कूल बॅगमधून सळसळ करत साप बाहेर आला ! शाळेतील विद्यार्थी-शिक्षकांमध्ये उडाली एकच खळबळ !!,happy,mr
जय शंभू नाथ शुभ संध्या मित्र,happy,mr
माणूस मेला तरी चालेल पण आमचे प्राणिप्रेम आम्ही जपणार!,happy,mr
संबंधित अडचणीवर मार्ग काढण्याबाबत सकारात्मक विचार करावा ही नम्र विनंती.,neutral,mr
यंदा हि दिवाळी वेगळी ठरणार आता रांगोळी घरात आणि अंघोळी दारात...,neutral,mr
अभिव्यक्ती स्वातंत्र्य म्हणजे बंगल्यावर आणून मारहाण रे भाऊ... तुम्ही जामिनावर बाहेर आहेत..,angry,mr
"घरी आल्यावर सगळ्यात आधी ""आईला"" शोधणे, हां हे ही ""प्रेम"" आहे!!!",happy,mr
अहो अडाणी ताई तो घटनात्मक आयोग आहे.,angry,mr
आमदार संतोष बांगर यांनीही शेतकऱ्यांसमवेत अधिकाऱ्यांशी चर्चा करून जिल्हाधिकाऱ्यांची भेट घेतली.,neutral,mr
"वास्तविकता आहे ही इथल्या समाजाची, जातीयता, कुंठित मानसिकता, वैचारिक दीवाळखोर लोकांचा समाज आहे...",angry,mr
सगळ्यात जास्त वाईट तर गावठी पोलार्ड च झालं...बिचारा घरोघरी जाणार होता..,sad,mr
देव दर्शन करुन प्रसन्न मनाने घरी येत होते पण वाटेतच…. कर्नाटकात घडली भयानक घटना,sad,mr
बहिण-भाऊ यांच्यातील प्रेमाचे आणि विश्वासाचे प्रतीक असणाऱ्या रक्षाबंधन सणाच्या हार्दिक शुभेच्छा!,neutral,mr
आपल्या सर्वांच्या आशीर्वादाने अनुसारक पूर्ण झाले खूप खूप आभार सर्वांचे,happy,mr
"उगाच नाही ""मंद सैनिक"" आहेत हे ... अगदी मतिमंद...",angry,mr
नक्की बाळासाहेब देवरस कारण कमळाबाईने गद्दारांच्या खांदयावर बंदुक ठेवून चा अजेंडा चालवला आहे.,angry,mr
करुळ केदारलिंग विकास संस्थेत भात खरेदीचा शुभारंभ .//% % …,neutral,mr
उल्हास बापट साहेब तुमचं पण नाव द्यायला काय हरकत आहे .....,happy,mr
पण तुम्ही तुमच्या चॅनेल वर हे दाखवणार का???,neutral,mr
मंद सैनिक आले का बांगड्या फोडायला..,angry,mr
याचा आणि महाराष्ट्राचा काय संबंध?,neutral,mr
"महाराष्टात सत्ता असूनही आपल्या पोलिसांवर विश्वास नाही, भगवान आपको सुद्बुद्धी दे",sad,mr
हे शेतकऱ्याचे नुकसान आहे कि साठा करुन ठेवलेल्या व्यापार्यांचे आहे.,neutral,mr
तिळगूळ घ्या अणि गोडगोड बोला,happy,mr
हे चे बाळासाहेब देवरासे आहेत . त्यांना हरवायचे आहे.,neutral,mr
मस्त येडे बनवलं हा एअर इंडिया गेली गुजरातला आणि यंच्या हातात दिलं खेळण बसा वाजवत,angry,mr
ताई संजय राठोड ला शिक्षा झाल्याशिवाय कोणतही पद स्वीकारणार नाहीत अशा तत्त्वनिष्ठ आहेत.,happy,mr
क्रांतिकारक लोकमान्य टिळक आणि लोकशाहीर अण्णाभाऊ साठे यांना जाकादेवी प्रशालेतर्फे अभिवादन,happy,mr
शेठ ची पदवी पण अशीच खोट्या खिडकीतून आली होती,angry,mr
लयच गुंता आहे राव...,sad,mr
म्हात्रे बाई जरा तोंडपट्टा कमी चालवा आणि कंमेंट बॉक्स कडे पण लक्ष द्या,angry,mr
महाराष्ट्र गरजेपेक्षा जास्त सहनशील आहे. गुजरात वाले वैद्यच योग्य आणि जालीम उपचार करतात.,angry,mr
"तुझा देव मोहन भगावत पण गेला होता, तुमच्या श्रद्धेच्या ठिकाणी...",angry,mr
छत्रपती संभाजी राजे यांना तुळापूर पुणे येथील समाधीस अभिवादन केले.,happy,mr
आपल्याच गोष्टींवर विनोद करून त्याचा निखळ आनंद घेणे हे नवहिंदुत्ववाद्यांना मान्य नाही काका……,angry,mr
"भाजपा तोंडघशी पडतयं तरी सुधारणार नाही , नीचपणाचा कळस",angry,mr
झोपायच्या अगोदर रूपया पाकिटतला बघा आहे का ची ऐतिहासिक घसरण,sad,mr
असल्यानेच असे अर्थ सिध्दांतांचा साक्षात्कार होतात??,happy,mr
अरे यार हा तर खंडोबा माळ चा रस्ता आहे.,neutral,mr
"तुमच्याकडे दिवाळी असते का,असेल तर दिवाळीच्या मंगलमय शुभेच्छा !!",neutral,mr
कोजागिरी पौर्णिमेच्या हार्दिक शुभेच्छा!!!,happy,mr
कोणत्या भागात म्हणतात ते नाही माहीत पण बऱ्याच जागी म्हणतात,neutral,mr
हो अतंत्य नींदनीय कृत्य आहे हे…,angry,mr
मासे भाजणार आहेत त्या मावशी,neutral,mr
अतिशय मार्मिक व योग्य निरीक्षण,happy,mr
नोटबुक: कायम सोबत राहील असे गिफ्ट चिमणाकडून,happy,mr
"हे मायावी जाल आहे, मुख्य मुद्दा भरकटत गेलाय.",neutral,mr
राहुल देशपांडेला कार्यक्रमाचे ठरलेले पैसे मिळाले झालं काम,neutral,mr
प्रेम हे खूप सुंदर आहे फक्त परिस्थिती नुसार साथ देणारी पाहिजे...!:,happy,mr
तुमची एकहाती सत्ता येईल या भ्रमातून कधी बाहेर पडणार,angry,mr
"आमच्याकडे असे म्हणतात! दिवस एकेक माळ वाढवत जायची,या फुलांचीगोरटी प्रभात!",happy,mr
गुन्हा दाखल करा या हिडीस विचारांच्या बाईवर?,angry,mr
गधेगळ' म्हणजे काय? महाराष्ट्रात सापडलेल्या 'धमकीवजा इशारा' कोरलेल्या शिलालेखांचा अर्थ काय होता?,fear,mr
नाही ती बारकी कोंबडी होती,neutral,mr
एक खोक्यासाठी तुम्ही शिंदे गटात गेल्या..,angry,mr
चंपाच्या मनोरंजनानंतर आता गंप्या ( म्हैसतोंडंया),neutral,mr
येळकोट.. येळकोट.. जय मल्हार निमित्त मंगलमय शुभेच्छा.,happy,mr
उगाची भितोसी भय हे पळु दे. जवळी उभी स्वामी शक्ती कळु दे,fear,mr
नव्या भारताची दिमाखदार ओळख : वंदे भारत !,happy,mr
सामाजिक एकोपा जपणारा संदेश धन्यवाद दादा.. .//…,happy,mr
मनोहर नाथ महाराज यांना प्रणाम,happy,mr
एका अकाऊंट ला तिलांजली देऊन... हे दुसरं काढलयं ट्विटरचा नाद बेकार,angry,mr
तुम्हीच टॅग केलत म्हणून बर मीही करणार होतो आणि विचारणार होतो तेच,neutral,mr
कोणी काहीही म्हणो पण उद्धव बाळासाहेब ठाकरे हेच सर्वांच्या मनात,happy,mr
"अगदी बरोबर, कधी कधी वाटतं की भारतातील सर्वच राजकारणी येडछाप आहेत.",angry,mr
एक भारत श्रेष्ठ भारत,happy,mr
उत्तम निर्णय शिंदे साहेब महाराष्ट्राच्या जनतेचा विचार करत रहा,happy,mr
आता या कोणी दाबल्या रे... बघा कसा विव्हळतोय हा..!,angry,mr
आमच्याकडे लस्सी भक्तांची कमी नाही,angry,mr
भूमीपुत्रांच्या कल्याणासाठी,neutral,mr
किती खोटे बोलता जयदीप ठाकरे कोणा सोबत आहे हे सांगा.,angry,mr
देशाचे आगामी सरन्यायाधीश म्हणून न्यायमूर्ती उदय लळित यांच्या नावाची शिफारस,happy,mr
…अन् कार्तिकच्या आला जीवात जीव! हाताने बेल्स पाडूनही धोकादायक मॅक्सवेल आऊट? पाहा व्हिडीओ,happy,mr
मशाल विझवणार होते... घड्याळ बंद पाडणार होते... यांच्याच पाकळ्या गळाल्या....,angry,mr
शिवसेना फुटल्याने परिणाम होतो आहे.,sad,mr
महाशिवरात्रीच्या सर्वांना मनःपूर्वक शुभेच्छा!,happy,mr
हे खर आहे का .,happy,mr
भाजप हा देशातील सर्वात भ्रष्ट पक्ष... घोटाळे करणाऱ्या प्रत्येक नेत्याला देश शिक्षा भोगत आहे.,angry,mr
कविता वाचून मतदान होत नाहीं रे बाबा,angry,mr
महाशक्ती च्या साह्याने पण जिकवू शकतात..,neutral,mr
होणार तेच जे दिल्लीश्वर म्हणतील...,angry,mr
अभिनंदन भाऊ..आता आणखीन जबाबदारी वाढली.. ./…,happy,mr
पोटच्या पोरावानी जपलेलं ज्यांचं आख्ख पिक गेलंय त्यांची दिवाळी ती काय होणार.,sad,mr
मान्यवरांच्या सोबत राजकीय विषयांवर मनोसोक्त गप्पा झाल्या.,happy,mr
छगन भुजबळ चा डोक्यात भुसा भरला आहे का?,angry,mr
मास्तर सरकारची पण स्तुती करत जा कधी.. सरकार बदलले म्हणुन हा निर्णय झाला..,neutral,mr
अंध भक्त येतील आता भूंकायला,angry,mr
म्हणजे नेमकं कोणाला कोणाला हिंदुत्व मान्य आहे ते सांगता का,neutral,mr
क्रमांक मिळेल असे वाटत आहे.,neutral,mr
एकदम भारी थ्रेड आहे हा...नक्की वाचा देश प्रेमी,happy,mr
"आव, स्टेज वर लोटांगण घातले तर उचलायला दोघे आता जर अर्धी भाकरी खाल्ली तर....",angry,mr
अंध भक्ति आणि अंध भक्त ह्याना समजवन म्हणजे अवघड़ जगेच दुखन,angry,mr
तुम्ही का हवा आणि देता,neutral,mr
म्हणून महाराष्ट्राचा गर्व बाळगा... जय महाराष्ट्र,happy,mr
आण्णा एवढ्या छोट्याशा मदतीचीही आठवण आपण ठेवलीत..त्याबद्दल मनापासुन धन्यवाद,happy,mr
धन्यवाद प्रशांत सर गणपती बाप्पा चे दर्शन घडवल्या बद्दल ./_…,happy,mr
भारतीय स्रियांना शिक्षणाची दारे खुले करून देणाऱ्या क्रांतीज्योती सावित्रीबाई फुले यांच्या जयंती निमित्त त्रिवार अभिनंदन,happy,mr
संजय राऊत यांची जागा मोकळी होती. हा फाटका भरून काढत आहे.,neutral,mr
मकर संक्रांतीच्या आपणास व आपल्या परिवारास हार्दिक हार्दिक शुभेच्छा...!!!,happy,mr
हे अगोदर करायला पाहिजे होत आता नाही पराभव अटळ आहे,sad,mr
वर्षांपूर्वी वाचलंय..... रोबर्ट कियोसकी.... जबरदस्त आहे.. कॅश फ्लो,happy,mr
काँग्रेस नेते खा. राहुल गांधी यांच्या भारत जाेडाे यात्रेचे आजच्या दिवसातील हे दृश्य..,neutral,mr
"सही पकडे है... हे भटखळकर, चित्रा वाघ यांच्या पोस्टवर पण येऊ द्या",neutral,mr
"लग्नात वधू-वरांनी केली अशी सही, दर महिन्याला मोफत मिळणार पिझ्झा",happy,mr
मागचे काही जोक्स भारी होते,happy,mr
) जोशी वडेवाले ) वडेवाले जोशी आमची कुठेही शाखा नाही!,neutral,mr
"खूप छान व नाविन्यपूर्ण माहिती दिली या बद्दल धन्यवाद ,,,",happy,mr
हा येडझवा तिवारी,angry,mr
तुम्हा लिलीपुट-कोंबडीचोर पिता पुत्रांपेक्षा या ब्रम्हांडा मध्ये कोणीही पणवती नाहीत हे जग जाहीर आहे,angry,mr
आपणास नवीन वर्षाच्या खुप-खुप शुभेच्छा.,happy,mr
तुमचा हा पत्रकार पत्रकारिता सोडून राष्ट्रवादीचीच जास्त तळी उचलतो,angry,mr
काँग्रेस हा प्रत्येक भारतीयाचा पक्ष आहे. राहुलजी गांधी भारत जोडो यात्रा,happy,mr
मशालीच्या प्रखर उष्णतेवर अर्धी भाकरी बनवणार आहेत म्हणजे उधोजी.,angry,mr
"आता हे सिद्ध झालंय, की कोण कुणाच्या मताने वागतय.",neutral,mr
योगी बाबा सदैव विजेता,happy,mr
भाजपचा पराभव अटळ होता,neutral,mr
"अनुष्का.. बाळा तुझी उत्तरोत्तर अशीच प्रगती होत जावो, हीच सदिच्छा !",happy,mr
वाढदिवसाच्या हार्दिक हार्दिक शुभेच्छा ताई.....,happy,mr
लिहिलेलं वाचलं की महाराष्ट्रात जनता टिंगल उडवते म्हणून आज स्क्रिप्ट लिहिणारच सोबत घेऊन आलोय...,angry,mr
काँग्रेस व राष्ट्रवादी सोबत जाऊन सतीचा रोल छान निभावता,angry,mr
आज भारत जिंकला गोदी पत्रकार-मोदींचा मास्टरस्ट्रोक,happy,mr
"सावित्रीबाई फुले यांच्या जयंती निमित्त ""कळी उमलताना"" उपक्रम ./",happy,mr
शिवराजही या तिरंगा मोहिमेत सहभागी होतात आणि आपल्या घरावर तिरंगा ध्वज फडकवतात.,happy,mr
जपान साठी सहानभुती आणि अमेरिका साठी,neutral,mr
महाराजांच्या घोड्याची सकाळ दुपारच्या वेळी नव्हती होत,neutral,mr
शिंदे गटाला आहे का सर जी,neutral,mr
विकला गेलेला मीडिया आणि पत्रकार हेच लोकशाहीचे मुख्य शत्रू आहेत,angry,mr
साहेब आणि साहेबांविषयी असे बोलणे योग्य नव्हे....,happy,mr
जी आपण दिलेल्या शुभेच्छांबद्दल मी आपला शतशः आभारी आहे. जय महाराष्ट्र,happy,mr
इतका खोटारडा रडका आणि बेशरम नेता पुन्हा होणे नाही.,angry,mr
साडे तीन जिल्ह्याच्या लोक एवढी मोठी झाली स्वतः ला राज्य समजायला लागली काय..!,angry,mr
"जाऊद्या सर, मोठमोठ्या लोकांनी तुम्हाला ब्लॉक केलेलं फायद्याचं ठरणार नाही..",angry,mr
तू आनंदी पण आहेस सहभागी पण,neutral,mr
असेच वेळोवेळी आपले मार्गदर्शन आम्हाला भेटत राहो याच अपेक्षा.. धन्यवाद,happy,mr
आम्ही आपली काळजी समजू शकतो. आम्हाला माहिती देण्यासाठी धन्यवाद. द्वारे तक्रारीचे निराकरण केले जाईल.,neutral,mr
"म्हणाला का, हातभार म्हणजे",neutral,mr
"दिवसांनी देशभरात महत्त्वाचे नियम बदलणार, तुमच्यावर होणार थेट परिणाम, एका क्लिकवर जाणून घ्या",neutral,mr
जुन्या अडमुठ नेत्यांमुळे काँग्रेस ची भविष्यातील वाटचाल खूप खडतर होत आहे.,angry,mr
आंतरराष्ट्रीय महिला दिन व आदर्श शाळांमध्ये विविध उपक्रमांचा शुभारंभ ./,happy,mr
आणि मी प्रेमासाठी,neutral,mr
अतिशय छान निर्णय तातडीने घेतल्याबद्दल आभार ./_…,happy,mr
ते बाळासाहेबांचे सैनिक आहेत तुम्ही मोदी भक्त होते का,angry,mr
"त्यांच्याबद्दल आस्था नाहीरे, लोकं खिल्ली उडवत आहेत त्यांची",angry,mr
आमच्या कडे रुपायात होती अशी कटिंग.,happy,mr
हे बरोबर नाही अध्यक्ष मोहदय,angry,mr
आज आपल्या दै केसरीचा वा वर्धापन दिन त्यानिमीत्ताने आपणांस खुप खुप शुभेच्छा,happy,mr
साहेब हे अगोदपासूनच सुरू आहे दरवर्षी दिल्या जात..,neutral,mr
"तुम्हाला देशाशी काही घेण देण आहे का. तुम्ही भक्ती करा, आम्ही जनता विचार करू.",angry,mr
भारताचे शूर पुत्र शहीद कॅप्टन विक्रम बत्रा यांना जयंती निमित्त विनम्र अभिवादन!,happy,mr
"हे पटले आपल्याला…शेखर भाऊ, …असाच चीरतारुण्य राहो…",neutral,mr
"तळकोकणात आनंदोत्सव,, अभिनंदन भाई व सप्रा जी...",happy,mr
"खेतान हे उत्तम काम करत आहेत, त्यामुळे अनेकांना नक्कीच प्रेरणा मिळेल.",happy,mr
"बाळासाहेबांच्या विचारांना, तत्वांना हरताळ फासून झालेली युती आहे ही",sad,mr
सेविंग अकाउंट बंद करण्यासाठी बँक चार्जेस लागत आहे. हेच योग्य आहे का?,angry,mr
"आंतरराष्ट्रीय स्तरावरील स्पर्धा, ज्यांनी खेळाडूंच्या हृदयात स्थान निर्माण केले",happy,mr
हे आलंय आरती झाल्यावर आगरबत्ती लावायला........,angry,mr
ला ज्यांनी गद्दारी केली तो च खरा गद्दार बाकी सगळ्या पोकळ थापा,angry,mr
तुमचे गृहमंत्री कोटी रुपये जमा करण्यात व्यस्त होते आणि त्यांना आरोप करावे लागले नाहीत हे ऐकून आनंद झाला!,neutral,mr
ह्या प्रकल्पाच्या रखडपट्टीस कोण जबाबदार आहे त्यास शिक्षा का होऊ नये.,neutral,mr
"सरकार जनतेचे, निर्णय लोकहिताचे",happy,mr
ज्याला आइस्क्रीम व माशाल यामधील फरक कळत नाही त्याचं असेच होणार..!,angry,mr
काय तो विचार काय ती गद्दारी तुमची सगळं कस वोके मध्ये हाय की,angry,mr
अच्छा... याच साठी मुरळी भैय्यांनी पुण्यात चाचणी साठी व्यवस्था केलीय का????,angry,mr
"अच्छा,मसाला-मीठ टाकून तिखट पुरी आणि साधी पुरी",neutral,mr
वाढदिवसाच्या हार्दिक शुभेच्छा साहेब।।,happy,mr
आपणा सर्वांना मकर संक्रांतीच्या हार्दिक शुभेच्छा.,happy,mr
बारामतीचा नुसता कांदाच नाही तर पूर्ण जमीन सुद्धा नासकीच आहे,angry,mr
"हुकुमशाही अखेरीस स्वतःलाच गोळ्या घालून आत्महत्या करते, हा जगाचा इतिहास आहे...",sad,mr
ताई प्रवक्ता म्हणा... हे प्रवक्या काय आहे,neutral,mr
राजकीय वजन.... जे टाकून ट्विटरवर सदानकदा व्हिक्टीम कार्ड खेळत होती एक महिला,angry,mr
हे अत्यंत दुर्दैवी आहे. विद्यार्थ्यांना न्याय मिळाला पाहिजे.,sad,mr
स्वायत्त संस्था हा शब्दच आता मोठा जोक आहे,angry,mr
मुख्यमंत्री कोण होता?,neutral,mr
"कोल्हापूर, महाराष्ट्रातील शेतकर्यांना त्यांच्या कार्याचा अभिमान आणि आत्मविश्वास आहे आणि ते आव्हानांना त्यांच्या आत्म्याला तडा जाऊ देत नाहीत.",happy,mr
एवढ्या तीव्र भावना जागृत करणारा आणि लोकांच्या चेहऱ्यावर हसू आणणारा अभिनेता पाहून धन्य झालो.,happy,mr
ते तुम्ही न्यायालयात जाऊन सांगा. पाकीट पत्रकारांना सांगून त्यांची सुटका नाही होणार,angry,mr
तुम्हाला पण माहीत आहे कोण बरोबर आणी कोण चूक आहे ते,neutral,mr
"महाराष्ट्रातील जनता माफीवीरला मानत नाही, गद्दारांच्या जिवावर सत्ता भोगण्याऱ्यांनी यावर पण बोलावं.",angry,mr
स्वाभिमानी पक्षाचं काय झालं ते पण सांगा जरा स्वतःच ठेवा झाकून दुसऱ्याच पहा वाकून,angry,mr
ह्या बाईंनी लाज शरम सोडलेली आहे.,angry,mr
उपनगरात देखील अनेक पूल अर्धवट आहेत. पण बहुतेक तुम्हाला ते समाविष्ट करावे वाटत नसावे,angry,mr
महाराष्ट्राचे मुख्यमंत्री असूनही हिंदी भाषेत संवाद का करत आहेत..? मराठीत बोलायला कमीपणा वाटतो का...?,angry,mr
"ऍडझ.. रस्ता ची काम करा आधी, कुत्र्यागत इथं कशाला भूकंतो",angry,mr
हे पण सांगा की मिलिंद नार्वेकर पण आहेत,neutral,mr
डबल ढोलकी बाई आहे,neutral,mr
जेनोसाईडची भाषा करणार्यानो गोवारी हत्याकांड कश्यासाठी घडवुन आणलेले सांगाल का ??????,angry,mr
शिवरायांच्या भूमीत स्वपक्षीयांशी गद्दारी केली तर चालतंय का ?,angry,mr
सर्वात मोठं धर्म होता.,neutral,mr
आमच्या घरी करतात बाबा मदत बाबा आणि दादा दोघे पण नेहमी...,happy,mr
अरे हा लबाड कोल्हा आहे का अजून...इतके दिवस कुठे लपून बसला होता,angry,mr
खर तर रेल्वे स्टेशन वर झोपायला व्यवस्था करायला हरकत नाही..,neutral,mr
"चांगली असावी लागते, दुर्दैवाने अंधभक्तांची जात खराब आहे.",angry,mr
आमच्या नवीन वर्षाची सुरुवात भिमाकोरेगाव बहुजन शूर वीरांच्या कार्याला सलामी करून चलो भिमाकोरेगाव,happy,mr
ने घडवला इतिहास..! 'नाटू नाटू'ने जिंकला ऑस्कर पुरस्कार,happy,mr
"हेच व असे बदल्याचे अनेक कारणांमुळे भाजप हारणार,,",angry,mr
आता नुस्ता राडा..!विजयीभव!!! .//…,happy,mr
"ला नाही बसवायची, तिकडे डम्पिंग ग्राउंड ला बसवायची हिला.",angry,mr
एकाच घरात एक देशभक्त आणि एक देशद्रोही असू शकतात तर,neutral,mr
अरे हा काही बोलतो,angry,mr
दिवाळीच्या मुहूर्तावरील शिंदे सरकारचा निर्णय अजूनही कागदावरच,angry,mr
सगळं ठरवून ही सगळे प्रयत्न करूनही काहीच साध्य होतं नाही याला नशीब म्हणावं का?,sad,mr
आज सकाळीच खुप दिवसांनीसिद्धमंगल स्तोत्र म्हणलं..,neutral,mr
जेष्ठ अभिनेते दिलीप प्रभावळकर यांना हिंदुस्तान टाइम्स मराठीकडून वाढदिवसाच्या मनःपूर्वक शुभेच्छा!!!,happy,mr
"चांगले काम करता, लोकांनी रस्त्यावर कचरा टाकला नाही तर फार चांगले",happy,mr
वाढदिवसाच्या हार्दिक हार्दिक शुभेच्छा मॅडम,happy,mr
मीराबाई चानु आणि गुरूराज यांचे हार्दिक अभिनंदन. पुढील वाटचालीसाठी शुभेच्छा.,happy,mr
तान्या सावंत हा सज्जन माणूस आहे,neutral,mr
पैसे पोस्ट प्रमाणे मॅम तुम्ही अंध भक्ति म्हणून स्वतःच्या आत्म्याला विकल,angry,mr
दादर मुंबई मंडळ असे आहे ते मराठीत.,neutral,mr
आपल्याकडे फराळ असतो भावा हिला चालायचा का,neutral,mr
"राजामौली की ने रचा इतिहास, नाटू-नाटू को मिला ऑस्कर ./-…",happy,mr
शिवसेना नाव साठी जसे अधिकार आहेत तसेच बाळासाहेब ठाकरे यांना पण द्यावेत....,happy,mr
तू मुख्यमंत्री होणे हा महाराष्ट्राचा अपमान आहे,angry,mr
रशियाचा विकास होऊन अमेरिकेसमोर उभे ठाकण्याची ताकद त्याच्यात आली याचे कौतुकच व्हायला हवे.,happy,mr
नाद पाहिजे ओ तीन बायका सोबत आहे सद्या मी,angry,mr
"हिंदूूनो, सेक्युलरीजम ही अंधश्रद्धा आहे हे नीट लक्षात ठेवा.",neutral,mr
"दिवाळीपूर्वी शिक्षकांचा पगार होणार,वित्त विभागाचा शासन निर्णय जारी",neutral,mr
खरंय पण जनतेतला हा राग मतांमध्ये करायला पाहिजे सेने ने,angry,mr
"अगदी बरोबर लिहिलंय , ही फक्त सहानुभूती वोट साठी केलेली नाटक आहेत",angry,mr
अतिशय योग्य निर्णय हा आमच्या गावातील 'हरी' चा सन्मान आहे.,happy,mr
माझा पुतण्या अभिषेक भैय्या नवले यास वाढदिवसाच्या हार्दिक शुभेच्छा,happy,mr
खिडकीतून डोकावताना तो जरा सावध झाला मनातील दरवाज्यात वादळं घोंगावत होते,fear,mr
परिस्थिती सुधारण्यासाठी कृती सुधारा. कॅलेंडर : ../,neutral,mr
हा वेडा आहे सगळे बिनधास्त होते याचं सरकार असताना .,angry,mr
"गृह खात काय कुरळे केस विंचरायला, घेतले आहे का?",angry,mr
बहिण-भाऊ यांच्यातील अतूट प्रेमाचे प्रतीक म्हणून ओळखल्या जाणाऱ्या रक्षाबंधन सणाच्या सर्वांना हार्दिक शुभेच्छा!,happy,mr
जगात म्हणजे साडे तीन जिल्ह्यात,neutral,mr
अतिवृष्टीने खचला शेतकरी! जिल्ह्यात दोन शेतकऱ्यांनी मृत्यूला कवटाळले; सरकारला लाज नाही...,sad,mr
मा. श्री राजेश कुमार आपणास वाढदिवसाच्या हार्दिक शुभेच्छा,happy,mr
तुम्ही हल्ली गप्प गप्प असता काय झालंय ? हाकललं का ?,angry,mr
सर्व भक्तांना विनायक चतुर्थीच्या हार्दिक शुभेच्छा...,happy,mr
मातोश्री सोडून जाताना तुमच्या साहेबांनी स्वर्गीय बालासाहेब ठाकरे बरोबर काय अहसान केले होते का?,happy,mr
एवढं सगळ हालल तरी अजून पण वाट बघताय का राहिलेलं हलायची,angry,mr
तुमच्याकडे पन्नास खोके आहेत ते पण सांगा,neutral,mr
राजीनामे लटकवण्याची भाजपची सवय युतीकाळापासूनची जुनीच आहे..!!,angry,mr
जय गोपीनाथ दिनदर्शिका,happy,mr
मग काकू कार्ड खेळतील का?,neutral,mr
दोघे ही अती वृष्टी सारखे अती हुशार..,neutral,mr
राहुल गांधी हे भारताचे एकमेव आशास्थान आहेत.,happy,mr
मनसे वाल्याचे नंबर सेव्ह नाही का ?,neutral,mr
आपणा सर्वांना नववर्षाच्या हार्दिक शुभेच्छा,happy,mr
आता राजकीय परिस्थती बघता तुमच्या सारखा पत्रकाराची गरज आहे .,happy,mr
आमच्या मनातील प्रश्न मांडले त्याबद्दल आभारी,happy,mr
"काळे, पांडे कुणालातरी पाठवा आतमधी मजा येईल.. पक्षाचे नाव पण होईल..",neutral,mr
ते शिक्षे बद्दल जे बोललात ते भारी होत.,happy,mr
लोकांची मनेच आता पेटली आहेत आत्ता काय करणार.... विझवणार....,angry,mr
उद्योगात यशस्वी वर्षे पूर्ण केल्याबद्दल अभिनंदन आणि तुम्हाला शुभेच्छा,happy,mr
": कोलेस्ट्रॉल कमी करण्यासाठी करा हे व्यायाम, मिळेल औषधांपेक्षाही जास्त फायदा",neutral,mr
"अहो स्वतःचे पितळ असं उघड पडू नये ,पळ कोणी काढलाय हे दिसलय सगळ्यांना",angry,mr
त्या आबा पाटील ला भेटेल तीथे तुडवा घात केला समाजाचा एक मराठा लाख मराठा,angry,mr
"""त्यांनी केलेल्या आवाहनानुसार"" या तीन शब्दांवरच सगळं सुरू आहे",neutral,mr
कोकणातून पळून आला आहे म्हणे,happy,mr
ते पण असू शकेल...यु क्नो हीम बेटर...,neutral,mr
सर्व मंत्रिमंडळ मॅनेज करून ठेवणार का? तिथे सामान्यांना न्याय मिळेल का?,fear,mr
दिवाळीच्या व्हिडीओला बॅकग्राऊंड ला गुजराती गरब्याला वाजवणारं गाणं का?,neutral,mr
शेटजींनी बोलावे आणि बुद्धी गहाण टाकलेल्यानी मान डोलवावी.,angry,mr
तुमच्यावाल्या सपोर्ट करून आम्हांला काय मिळणार आहे का,neutral,mr
आधीच निर्णय झाला होता तर विधानसभा मध्ये कोणत्या तोंडाने सांगितले होते?,angry,mr
हाच का मराठीचा किंबहूना महाराष्ट्राचा सन्मान,happy,mr
ते नावाचं काही असत का?,neutral,mr
फाटल्या वर पळवून जाने आणि पकडल्यावर माफी मागणे हा ईतिहास आणि वर्तमान आहे,angry,mr
– गिरगाव येथील व्ह्यूईंग डेकचे मुख्यमंत्री उद्धव ठाकरे यांच्याहस्ते उद्घाटन./,neutral,mr
मी तर एक पैसा सुद्धा वापरला आहे.,happy,mr
केळी उत्पादक शेतकऱ्यांच्या जिव्हाळ्याचा विषय मांडल्याबद्दल आभार,happy,mr
जिथं भाजप तिथं वाटोळे हे ठरलेले,angry,mr
हरितालिका निमित्त मनःपूर्वक शुभेच्छा !,happy,mr
तू पण धुवत राहा दररोज.,neutral,mr
"चैतन्य जागविणाऱ्या महारॅलीला उत्तम प्रतिसाद ./-… .,",happy,mr
बघा किती खोट बोलतात हे. तुम्ही कमीतकमी ट्विट तरी करा,angry,mr
हस्त रेषा आहेत का गेल्यात,neutral,mr
"चंदेरी महोत्सवात मनोरंजन, संस्कृतीचे प्रदर्शन .//-…",neutral,mr
सद्य स्थितीतल्या घडामोडी भविष्यातील यशा चे चित्रण आहे.,happy,mr
योग्या शिवून घेतलीस का तुझी.... टाके भरले असतील तर सांग..,neutral,mr
जेमतेम वी पास आणि कायदेतज्ञ आणि डॉक्टर होतात हे पहिल्यांदा होईल.,happy,mr
"जय महाराष्ट्र, ताई विजय आपलाच आहे. गद्दारांना गाडून भगवा फडकेल.",happy,mr
कारण हा बोलका बाहुला आहे.,neutral,mr
संजय काका तुमचा अभिमान आहे. जय महाराष्ट्र.,happy,mr
रावणाची लंका जाळा साहेब आता.,angry,mr
हा विद्रोही आहे म्हणे....,neutral,mr
निष्ठावंत भाजप आमदारांनी फडणवीसांच्या चपला उचलायचा का ?,angry,mr
"तुतीया,तु काही कमी कोल्हा आहे.",angry,mr
किसान भोजन थाळी हा उपक्रम अवघ्या महाराष्ट्रासाठी एक चांगला उपक्रम ठरू शकतो,happy,mr
: यंदा कर्तव्य आहे? या दिवसांपासून सुरू होत आहेत मुहूर्त,neutral,mr
काच जर का खाली केली असती तर कानाखाली सुध्दा बसली असती...,angry,mr
चंद्रपूर जिल्ह्यातील ताडोबा-अंधारी व्याघ्र प्रकल्पात लारा वाघिणीचे मनसोक्त दर्शन./,neutral,mr
"व्वा, अभिनंदन, रामाच्या क्रूपेने सगळं छान होउ दे",happy,mr
प्रदीप सर मुलीच्या फेक वरून मला करत आहेत,angry,mr
त्या आतल्या खोलीत अफजल शी मसलत का केली? तेव्हा अफजल कोण होता?,neutral,mr
पत्र नीट वाचले असते तर हा प्रश्न विचारला नसता आधी नीट वाचावे,neutral,mr
ह्यो वर्षे झाड उपडत होता आणि आता शिकवायला आलाय,angry,mr
अरे ते विलनिकर करणारे कुठल्या बिळात लपले आहे,angry,mr
खर्या शत्रू पेक्षा छुपा मित्र जास्त धोकादायक असतो हे भाजपा ने लक्षात ठेवावे.,angry,mr
हे तर सुरुवात आहे उद्या आर्थिक राजधानी जाणार आहे,fear,mr
"| इंग्लंडने टॉस जिंकला, भारत करणार प्रथम फलंदाजी",neutral,mr
खऱ्या प्रेमाची किंमत ही ज्याने केले त्यालाच कळते.,sad,mr
अरे मग ती एका पक्षातील दोन गट एकमेकाशी कश्यासाठी भांडत आहेत,happy,mr
मीडिया आहेत का देशात?,neutral,mr
वंदन तुझला हे जगपालक!,happy,mr
काल आमच्याकडे व्याख्यान होत पेरे पाटीलांचा!,neutral,mr
"आपण कोणावर तरी प्रेम करतो, ह्यापेक्षा आपल्यावर कोणीतरी प्रेम करतं हे जास्त महत्त्वाच असते.",neutral,mr
तुम्ही राहुल गांधींचा अभ्यास करण्यापेक्षा महाराष्ट्रात अनेक प्रश्न आहेत त्यांचा अभ्यास करा,angry,mr
अभिनंदन ताई ...! लवकरच होणाऱ्या साठी शुभेच्छा..!,happy,mr
उद्धवचे आता आईस्क्रीम खायचे दिवसच आले आहेत........,angry,mr
नांदूरमध्यमेश्वर अभयारण्यात पर्यटकांची गर्दी ./--…,neutral,mr
पण मुंबईत हे झालं असत तर हेच बोंबले असते.,angry,mr
"यात काहीही नुकसान नाही, ते आपल्या आणि हिंदू संस्कृतीच्या फायद्यासाठी आहे.",neutral,mr
"सर्वांसाठी ही एक मोठी उपलब्धी आहे, चाटुकर",angry,mr
सोनाली बाई मोदीने भारत जोडला नाही तर असं म्हणायच आहे का तुम्हाला ?,angry,mr
तिळगुळ घ्या गोड गोड बोला.. मकर संक्रांतीच्या हार्दिक शुभेच्छा...,happy,mr
त्या पक्षाचे पक्ष पक्षप्रमुखच गोंधलेले दिसत आहेत.,angry,mr
आता समोरून फुल टॉस आला म्हटल्यावर टोला हानावाच लागेल ना..,happy,mr
तब्बल पदकांची कमाई करुन पदक तालिकेत दुसरे स्थान पटकाविले.,happy,mr
गणपती गेले देवी गेली आता आतुरता नवऱ्याच्या बोनसची.,neutral,mr
बॅडमिंटन फायनल मधे धडक मारणाऱ्या पी व्ही सिंधू हिच हार्दिक अभिनंदन,happy,mr
तुझा मालक काय वाटगं घेऊन बसतो काय देवळा बाहेर.,angry,mr
प्रचितगडावरील शिडीसाठी आ. शेखर निकम यांच्याकडून लाखांचा निधी ./?=,happy,mr
कपिल सिब्बल पत्रकारांच्या घरी आला होता की काय,happy,mr
"सतरंज्या उचलणे बंद कर आणि काहीतरी काम, उद्योग सुरू कर म्हणजे घर घेता येईल.",angry,mr
"प्रेम, आनंद, सौहार्द आणि विश्वासाच्या रंगांमधल्या होळीच्या हार्दिक शुभेच्छा",happy,mr
"शिवसेना परिवारात भगवे स्वागत आहे आपले, जय महाराष्ट्र. .//…",happy,mr
सुप्रभात ... गणपती बाप्पा मोरया,happy,mr
आरे काँगेसविसर्जित करायला सांगितली होती ती आज होत आहे.,neutral,mr
भारतरत्न डॉ. बाबासाहेब आंबेडकर सामाजिक समता कार्यक्रमाची स्वछता मोहिमेने सांगता ./--…,happy,mr
निवडणूक आली का त्या भाजपा च्या खासदार सारखे काहीही धुहू शकतील हे मंडळ.,angry,mr
अरेरे बसायला पण बोलावलं नाही ह्याचं दुःख झालं भावींना,sad,mr
भाजपच्या जीवावर निवडून आलेले हे,neutral,mr
शिवसेनेला सहानुभूती नाही मिळत आहे हा राज ठाकरेंचा भ्रम आहे!,angry,mr
बाळासाहेबांचे खाजगी क्षण असतील तर हा तर्क बरोबर आहे.,neutral,mr
मटकी आणि मेथी आहे का,neutral,mr
हा सामन्यातला टोमणा तोच टोणगा मारतोय,angry,mr
घटस्थापना व नवरात्रोत्सवाच्या हार्दिक शुभेच्छा !,happy,mr
कदाचित रोहित शेट्टीच्या जगात पोलिस म्हणून सिद्धार्थ मल्होत्राचा हा सर्वोत्तम आहे,neutral,mr
नवीन अध्यक्ष लवकरच सापडेल आणि विलंब होणार नाही,neutral,mr
सर खूप चांगल्या कामाला सुरुवात करत आहात,happy,mr
तेव्हा तुम्ही पाकिस्तान होता आणि भारत विरुद्ध जिंकला,happy,mr
काम झाले की नाही ?,neutral,mr
"छान माहीती, आर्वजुन वाचा ./…",neutral,mr
कप्तानगंज शिलान्यास कार्यक्रम के अध्यक्ष उदबोधन,neutral,mr
यासाठी तो गायब होता,fear,mr
असे काम करण्या साठी कोणी जबरदस्ती नाही...सरळ राजीनामा द्यावा व रश्मी शुक्ला शोधावी,angry,mr
हे सुद्धा आहे का,neutral,mr
हे समीकरण आणि कायदेशीर राजकारण अत्यंत किचकट आणि गुंतागुंतीचे आहे.,neutral,mr
कोणाला निवडून दिल्यावर या प्रॉब्लेम चे सोल्युशन मिळेल?,neutral,mr
महामाहीम ने सगळा काळा पैसा बाहेर काढला,happy,mr
"च माहिती नाही पण ' ' "" यार ह्याचा मेसेज आला """,neutral,mr
गद्दारांना हिसका दाखवण्यासाठी...आमच्याकडे आहे धगधगती मशाल.,angry,mr
मोदींना पत्र लिहायचे होते नां... गॅस... पेट्रोल... महागाई... खुप लिहिता आलं असतं...?,angry,mr
जन्म दिवसाच्या हार्दिक शुभेच्छा भाऊ,happy,mr
सार्वजनिक समस्या माझ्या नावाने खपवातात ताई हे...,angry,mr
आभासी दुनियेतील सर्वात आनंदी देश म्हणजे ट्विटर.. शुभ सकाळ,happy,mr
राज ठाकरे हे स्वतः च्या प्रेमात पडलेले एक नेते आहेत.,angry,mr
जसा माढा मधून पळून जाण्याचा निर्णय घेतला होता तुमच्या साहेब ने,angry,mr
बैलगाडा शर्यत निकालानंतर पुणे विमानतळावर आमदार महेश लांडगे यांचे जल्लोषात स्वागत ./--…,happy,mr
"प्रत्येकाने ते तपासले पाहिजे, हे खरोखर आश्चर्यकारक आहे.",happy,mr
यावरुन हेच सिद्ध होत कि हा इंडेक्स बनवाणाऱ्याच डोक गटारात सडलेल आहे.,angry,mr
तुम्ही वाचावे सर्व अशी इच्छा असेल त्यांची..,neutral,mr
भा ज पा काही पण चमत्कार करू शकते?,neutral,mr
आपल्या चांगूलपणाचा आणि प्रामाणिकपणाचा नेहमी गैरफायदा घेतला जातो.,sad,mr
असे फोटो टाकणाऱ्यांसाठी आणि तरसवणाऱ्यांसाठी गरुडपुराणात वेगळी शिक्षा असायला हवी....,angry,mr
: पैसा वाचविण्यावर संशोधन केले; बॅंकांचे महत्त्व सांगणाऱ्या तीन अर्थतज्ज्ञांना नोबेल,happy,mr
धन्यवाद काकाकारण तुम्ही त्याच किंबहुना त्याच्यापेक्षाही प्रेमाने आमचे काका झाले,happy,mr
एक स्टार पण देण्याच्या लायकीचा नाही,angry,mr
हो आणि वामन मेश्राम सुद्धा.,neutral,mr
"""जे राष्ट्रविरोधी काम करतील, त्यांना..."" मंत्रिमंडळाच्या बैठकीनंतर मुख्यमंत्र्यांची प्रतिक्रिया",angry,mr
झाकणझुल्याचा निकटवर्तीय पण घोटाळेबाज निघाला...!,angry,mr
. नेच पहिल्यांदा ही खोट्या बातम्या पसरवली होती.,neutral,mr
"बाळासाहेबांच्या शिवसेनेचे भायखळा विधानसभा सहसंघटक यांना वाढदिवसानिमित्त मनापासून शुभेच्छा. आपणास दीर्घायुरारोग्य लाभो, ही प्रार्थना!",happy,mr
भारीच सुचलं आहे...,happy,mr
बाळासाहेब शिवसेना .. आहे . .,neutral,mr
हरवले आहेत आपण यांना पाहिलत का,sad,mr
खूपच अप्रतिम. मन:पूर्वक अभिनंदन आणि पुढील वाटचालीसाठी हार्दिक शुभेच्छा.,happy,mr
सगळं हैच्या मूळे होत आहे वेळेच्या आधीच कडमडतोय,neutral,mr
"फेस्टिव्ह सिझनमध्ये मित्र-कुटुंबियांना गिफ्ट देण्यास बेस्ट आहेत हे , पाहा लिस्ट",happy,mr
नविन वर्षाच्या सर्वांना मनपूर्वक शुभेच्छा !,happy,mr
"शिव अनंत, शिव संसार अनंत",happy,mr
आरोग्य केंद्राची अवस्था पिसाळल्यागत झाली आहे त्याच काय.......,angry,mr
प्रेम ही निसर्गाची अप्रतिम निर्मिती आहे ती दगडाला पण पाझर फोडते,happy,mr
हिच्या मेंदूचे हिने लोणचे घातले होते...,angry,mr
"सर खूप छान भेट,आपणास अक्षय तृतीयेच्या मनःपूर्वक शुभेच्छा",happy,mr
अभिनंदन पन्या ! आपली प्रगती दिवसेंदिवस बहरत जाओ हीच सदिच्छा.!,happy,mr
कसलं हरत आहात असे कळल्यार उपरती झाली आणि तोंड वर आभिनंदाची अपेक्षा करायची,angry,mr
खरं आहे. पण हे शेणकिड्यांची बुद्धी मानत नाही.,angry,mr
शिवीगाळ केली कर अकाऊंट सस्पेंड होत,fear,mr
तिचा आत्तापर्यंतचा हिशेब आहे का दादा,neutral,mr
करुन दाखवा त्यांना जे तुम्हाला सांगत होते तुमच्याशी होणार नाही.,happy,mr
महागाई वाढली नाही.. लोकांचा पगार कमी आहे.. - अर्थमंत्री निर्मला सीतारामन,angry,mr
हे असे विनोद व्हॉट्सअँप वर येतात की आली लहर आणि केला कहर,neutral,mr
यक्कु ला कोणी तरी लॉलीपॉप द्या लयच रडत आहे ते,neutral,mr
काय केल हौत ते सभेत दाखवल होत.,neutral,mr
कोणाची स्टोरी म्हण्याची ही,neutral,mr
निरज चोप्रा पेक्ष्या खुप लांब च फ़ेकलात आपण.,happy,mr
सरकारने सौर तंत्रज्ञानाला पूर्ण पाठिंबा दिला आहे हे जाणून खरोखरच खूप आनंद झाला,happy,mr
मराठा वाघ ज्योतीरादित्य शिंदे साहेबांना.. वाढदिवसाच्या हार्दिक शुभेच्छा..,happy,mr
हा वेडा झालेला आहे खाजपच्या नादाने,angry,mr
": राज्यात लवकरच हजार पोलिसांची होणार भरती, फडणवीसांची घोषणा",neutral,mr
राष्ट्रवादीचे आमदार फुटण्याच्या तयारीत... शिंदे गटात प्रवेश करणार आहेत.,neutral,mr
विजयी भव बाळासाहेबांचा आर्शिवाद आहे.,happy,mr
हॅप्पी होली पौर्णिमा दीदी,happy,mr
"म्हणजे , निवडणूक आयोग मॅनेज केला म्हणायचं शेठ आणि शहाने .",angry,mr
स्त्री ही पुरुषापेक्षा स्त्रीची जास्त दुश्मन....हे दाखवून दिलं,angry,mr
एक लाखाचा आयफोन कि एक लाखाचे सोने या पैकी काय घेणार आणी का?,neutral,mr
भ्रष्टाचाराची हि कीड काढून टाकणार भाजप येणार मुंबई घडवणार !,angry,mr
म्हणजे नक्की काय केलं जमिनीवर उभे राहून फुक मारून ढगांना दूर लोटत होते का?,angry,mr
जेष्ठांच्या सहवासात ज्ञानाचा अभिषेक - डॉ. मालपाणी./ /,happy,mr
पाडव्याला? का?,neutral,mr
शिवाजी महाराजांनी युद्ध ढाल व तलवारीने लढले. पण मशाली हया बैलांच्या शिंगांवर बांधल्या होत्या.,happy,mr
तो चष्मिष फुल्ल ऑन मधी होता,neutral,mr
होळी पौर्णिमा निमित्त सर्वांना हार्दिक शुभेच्छा!,happy,mr
तीन महिन्यांपूर्वी आम्ही इतिहास घडविला,happy,mr
"आधी स्वतः चे बघा, पुरंदर मिळेल का उ बा ठा गटाला ते बघा",neutral,mr
निवडण आलेल्या सर्व उमेदवारांनचे हार्दिक अभिनंदन...,happy,mr
भाऊ हिंदू चे खरे शत्रू कोन हे आता जनतेला पटायला लागले आहे.जय महाराष्ट्र.,angry,mr
मग आमची पण शिवसेना उध्दव बाळासाहेब ठाकरे यांची...,happy,mr
"सूरत, अहमदाबाद, वडोदरा आणि गांधीनगर ह्या शहरी भागात भाजपचे कटटर अंधभक्त व मते आहे.",neutral,mr
धन्यवाद भाऊ या दर्शनासाठी,happy,mr
"आज पासून प्रचार करू , "" आपल्याला बाळासाहेबांच्या शिवसेनेला हरवायचे आहे """,neutral,mr
आईला पण 'जय महाराष्ट्र'!? अवघडच आहे ब्वा!,happy,mr
"ब्लॅकबोर्ड: ला शीख दंगल म्हणू नका, ते हत्याकांड होते",angry,mr
भातकळखर थोबाडावर पडलं,angry,mr
चैत्र शुद्ध पौर्णिमा ( जत्रा ) निमित्त सर्व भाविक भक्तांना हार्दिक शुभेच्छा ‼,happy,mr
परवा तर कोणत्या इमाम ला पण भेटून आला आहे की,happy,mr
सुगरण ' स्पर्धेचा श्री गणेशा !,happy,mr
कोरेगाव भिमा नव्हे तर भिमा कोरेगाव आसा खरा नामउल्लेख आहे.,neutral,mr
जनमानसात सामान्यात डागाळलेली प्रतिमा परत मिळणार नाही मतदार राजा कधीच यांना माफ करणार नाही,sad,mr
रोखठोक भुमिका मांडणारे शिवसेना नेते युवा सेना प्रमुख जी हे खर हिदुत्व.....,happy,mr
त्याची सुधारित सुरक्षा वैशिष्ट्ये आणि श्रेणीसुधारित प्रवासी सुविधा क्रांती घडवून आणतील,happy,mr
गद्दार पक्षाचे नेते या शब्दाने सुरवात हवी होती,angry,mr
गोरगरीब पोटाची खळगी भरण्यासाठी अथक परिश्रम घेत आहेत त्यांना माझा ग्रेट सॅल्युट,happy,mr
अजून गेला नाहि का पोटनिवडणूक लावायची आजे,neutral,mr
यांनी बरोबर सांगितले आहे,neutral,mr
मध्ये करण्यात आलेली आणि मध्ये लादलेली नोटबंदी…,angry,mr
मी काय शेणीक आहे का,angry,mr
“…तर राज्यात राष्ट्रपती राजवट लागू होणार”-,fear,mr
अरे कसली स्वप्न बघतात ही लोकं काय माहिती,happy,mr
"बधाई हो! तुमची पोस्ट वेळी पोस्ट केली आहे, जो तुमचे पोस्टला जनतेंद्रीचे आनंद दर्शविते दर्शविते.",happy,mr
तुम्हाला पेक्षा जास्त खोके मिळाल्याची बातमी आहे . खर का ?,neutral,mr
"आताच्या गलिच्छ राजकरण पाहता, मनसे हा जनतेसाठी सक्षम पर्याय. आता लढायचं ते जिंकण्यासाठीचं.",happy,mr
अस्तित्वशून्य म्हणून जगण्यालाही अगोदर 'अस्तित्व'चं असावं लागतं....!,neutral,mr
असं होतं तर सर्वोच्च न्यायालयात का गेला होता? कपिल सिब्बलला आर्थिक मदत करायला,angry,mr
ती घराणेशाही नाही का??,angry,mr
उद्या तुमचंही या पेक्षा वाईट होणार आहे तेव्हा तुमची काळजी करा,fear,mr
अग युवराज चिडतील असं काही बोलू नको आणि मग ब्लॉक करतात.,neutral,mr
एसटी विलिनीकरणाची घोषणा कधी होणार आहे साहेब?? आता तुमच्या हातात आहे निर्णय.,neutral,mr
काही साध्य होणार नाही जय महाराष्ट्र,neutral,mr
आपण न केलेल्या तत्पर मदती बद्दल धन्यवाद,angry,mr
"सर्रास बघतोय अशा चूका, खरंच पिऊन बातम्या देतात का?",angry,mr
काम करा काही ला गप्पा नाही चालनार काम बोलनार आहे दुकान बंद करा,angry,mr
आजच्या पुण्यातल्या पावसात जरी सापडला तरी वाहून जाईल हा,neutral,mr
अटल जिंचे विचार मान्य आहेत का बघा पहिले,neutral,mr
तरी पण तुम्ही गद्दारच,angry,mr
ते शिवसेना बोलणारच नाही ते गद्दारच म्हणतील,angry,mr
सावित्रीबाई फुले यांच्या जयंतीनिमित्त विद्यार्थ्यांना मार्गदर्शन करतांनी मी .// /…,happy,mr
भाजपा ही निवडणूक टक्के हरणार हे फिक्स असल्यामुळे आलेल शहाणपण आहे हे,angry,mr
अतिवृष्टीमुळे झालेल्या नुकसानीचे पंचनामे करण्याच्या आ.आशुतोष काळेंच्या तहसीलदारांना सूचना...प्रशासनाकडून पंचनामे करण्याचे काम सुरु,neutral,mr
शिल्लक सेना काय म्हणणार निवडणुकीत की बाळासाहेबांच्या शिवसेनेला हरवायच आहे. विचित्रच आहे सगळं प्रकरण,angry,mr
बनावट मदरशांवर होणार कारवाई:,neutral,mr
गुजराती ला शिव्या देता आणि मतांसाठी गुजराती मध्ये प्रचार करता किती हा दुटप्पीपणा,angry,mr
मग दर का कमी होत नाही?,neutral,mr
मकर संक्रांतीच्या गोड गोड शुभेच्छा!,happy,mr
"या चार कारणांमुळे कमी वयात जाडतोय कॅन्सरचा आजार, तुम्हीही राहा सतर्क",fear,mr
या महामारीच्या काळात आपल्या देशाला जगण्यात मदत करणार्या नायकांना अभिवादन केल्याबद्दल,happy,mr
अडाणी आहे महारष्ट्र चे मुख्यमंत्री,angry,mr
जे केले ते भोगावेच लागेल,sad,mr
चांगल्या रस्त्याला नजर लागू नये म्हणून पडले आहेत घड्डे आपोआप.,angry,mr
सुक्ष्म बोलतात तो हाच आहे का?,neutral,mr
डोळे तुमचे दाखवायचे आहेत माझे नाहीत.,neutral,mr
बदला मग हे सरकार,angry,mr
हो..पण हा सीझन खूपच रटाळ वाटतोय.,neutral,mr
"त्यासाठी रविवार, ऑक्टोबर रोजी जिल्ह्यातील हे मतदार मुंबईसाठी रवाना होणार आहेत. /",neutral,mr
धडधडती मशाल हाती घेऊन आता महाराष्ट्र उभा करायचा आहे,happy,mr
म्हणजे आधीपासून नच बायकोच्या जीवावर जगतोस तर,angry,mr
धन्यवाद मुख्यमंत्री साहेब आपल्याकडून याच भूमिकेची अपेक्षा होती. जय महाराष्ट्र!,happy,mr
नक्की म्हणायचंय काय? ठाकरे सगळेच असतात म्हणजे तुम्हीही ठाकरेच आहात का?,happy,mr
याला म्हणतात भक्ती... धन्य ते अंध भक्त आणि त्यांची भक्ती,angry,mr
हि भक्ताड गैंग डिवचायलाच आहे …मराठी माणसाचं खच्चिक्कर करायला आवडते ह्या रंगाबिल्लाच्या चेल्यांना .,angry,mr
"आज ""विकास चैतन्य"" आपल्यात आहेत याचा आनंद वाटतो.",happy,mr
पण अतिवृष्टि पासून लोकांचा बचाव कसा होउ शकतो हे तरी ठरवू शकता ...!,fear,mr
तिला भांडण बघण्यात मज्जा येते म्हणून बघते,neutral,mr
"हो ना, सुभेदारांवर मराठीत चित्रपट त्यामुळे अजून उत्सुकता",happy,mr
ही नावे कोण शोधतो आणि ठेवतो,neutral,mr
निग्रो नकोच. परप्रांतीय कमी होते का अगोदर,angry,mr
अभिनेत्री गौतमी देशपांडेचा मराठमोळा साजशृंगार. .//…,neutral,mr
आम्हाला घाबरून आधीच ब्लॉक केलय...,fear,mr
यांचे कार्यकर्ते पण दुसऱ्यांच्या वरातीमध्ये नाचणारे.... व्यक्तीने आशावादी असावं पण आवाक्याच्या बाहेर नाही,neutral,mr
खूप छान कार्य केलं आहे आपण साहेब,happy,mr
शेती केलीस नसेल अब्दुल सत्तार साहेबांनी तर दुष्काळ आहे का नाही काय कळणार,neutral,mr
साहेब आपले मार्गदर्शन व प्रोत्साहन मिळाल्याने हे यश आम्ही पाहू शकलो,happy,mr
मी ही पोस्ट वर वाचली....,neutral,mr
अरे व म्हणजे भाजप शिवसेनेला संपवू शकतो हे मान्य केले का,happy,mr
तुम्हाला अस म्हणायचे का या खालील ठिकाणी मनसे नावालाच आहे,angry,mr
अरे तूच एक घेऊन ठेव कधी ही कामी येत,neutral,mr
भारतात राहून माज करतात.. यांना वेळीच ठेचलं पाहिजे.. त्याशिवाय सुधारणार नाही हे.,angry,mr
मुळात ऑप्शन चुकीचे आहेत... कायम केळ्याची साल उचलतील असा हवा...,angry,mr
ऍड. आशिष शेलार साहेब तुमचे सांत्वनपर शब्द बाहेर पडतील का?,neutral,mr
जे गेले होते त्यांना हाकलून द्या गद्दार आहेत ते,angry,mr
सूचनांचा सकारात्मक परिणाम झाला आहे हे पाहणे खूप समाधानकारक आहे.,happy,mr
तुझ्यातून कोणत्या तरी पार्टी ला बांधील असल्याचा वास येतोय हा सडक्या पणा सोड राज्या,angry,mr
खरं सांगा फाटली होती ना साहेब,angry,mr
हि तर शहाजीबापू याच्या साठी गर्दी होती...,neutral,mr
"भूतदया बाळगा, पण इतरांना धोकादायक ठरेल, असा हस्तक्षेप जैवसाखळीत योग्य नाही.",neutral,mr
अग गद्दार बाई ह्या वर ही बोला.,angry,mr
छातीतली कळ कमी झाली ना,neutral,mr
काय हाय का नाही. नुसतच.,neutral,mr
भाजपा च्या उमेदवाराचा अर्ज बाद होणार का,neutral,mr
करोडो तरुणांसाठी ते एक आदर्श आहेत...,happy,mr
"अरे तुमच्या संघप्रमुखांना भेटून गेलेले , आणि हे जगजाहीर आहे",neutral,mr
काय गरज नाही गरीब च्या घरावर किती हले होतात कोणी बगतंय का,angry,mr
कोश्यारी काय तुझ्या बायकोला विचारून बोलतोय का?,angry,mr
त्यात त्यांचा हात कोणीच धरणार नाही...,neutral,mr
तू माझी आणि मी तुझाच आहे अगदी शेवटच्या श्वासापर्यंत...,happy,mr
आता हे असेच म्हणणार ना कारण देशात आर्थिक मंदी यांच्यामुळे च आलीय,angry,mr
हे तुमच्यासारख्या गद्दारांनी शिकवावे मुळात हेच हास्यास्पद आहे,angry,mr
नीच'लोकांना 'तीच ' भाषा कळती! हा ते गुजराती बोलत असतील आता......,angry,mr
"वाढदिवसाच्या हार्दिक शुभेच्छा आयटी ईंजिंअनिअर ,नवनवीन संकल्पना राबवणारे ,युथ किसान अध्यक्ष दादा",happy,mr
"काय बोलता राव, अर्जुन काँग्रेस तर शकुनी आहे महाभारातली",angry,mr
सोबत महाराष्ट्राच्या प्रलंबित चौकश्यांची सुद्धा आठवण करून द्यायची होती यंत्रणेला,neutral,mr
हि गुजरात निवडणुकीतील खीर समजावी का?,happy,mr
"चा ग्राहकांना मोठा झटका, बँकेने बदललेला हा नियम वाचून फुटेल घाम..",fear,mr
"खूप शुभेच्छा ,फारच सजग प्रज्ञावंत युवा नेता दिला त्यांनी महाराष्ट्राला",happy,mr
मूर्ख ते आहेत का तुम्ही,angry,mr
हात पकडायला दिला तर कानात मुतू नये अशी म्हण आहे.,angry,mr
पुण्यात ज्या पक्षांचं सरकार आहे त्यांना टॅग तरी करायचं...,neutral,mr
ग्रामपंचायत निवडणुकीत चिन्हं कमळ घेवुन लढले होते का ताई अपरिपक्व राजकारण ह्याला म्हणतात,angry,mr
पुण्यात पाकिस्तान जिंदाबादच्या घोषणा खरंच दिल्या का ?,happy,mr
"च्या कार्यकर्त्यांना अटक केल्यानंतर पुण्यात पाकिस्तान झिंदाबाद, अल्लाहू अकबर अशी घोषणाबाजी",angry,mr
ही यांची लायकी,angry,mr
इंग्रजी नववर्षाच्या आपल्याला व आपल्या कुटुंबियांना हार्दिक शुभेच्छा..!!!!,happy,mr
बाहेर राहून घरचं जेवण मिळतंय लोकांना आणि म्हणे गरिबांचा खाऊ,angry,mr
डॉ.थंबन मेलोथ यांची राष्ट्रीय ध्रुवीय आणि सागर संशोधन केंद्राच्या संचालकपदी नियुक्ती,neutral,mr
दादा यांना योगी स्टाईल ने धडा शिकवणार का???,angry,mr
पुढारी आणि कारभारी झाल्यानं अभिनंदन नाना ./_ …,happy,mr
"लोक आता उद्धव ठाकरेंचा सकारात्मक संदेश सामायिक करत आहेत: ""आपण सर्वांनी आपल्या राज्यातील मुलांना समृद्ध भविष्यासाठी पाठिंबा देऊया..""",happy,mr
राष्ट्रवादी आणि काँग्रेसने हातात धरलेलं 'मशाल' जनता स्वीकार करणार नाही !,angry,mr
सुरू झाल राव हे दिवस चालणार आता,neutral,mr
ये तो यमुना नदी ही हे।,neutral,mr
हा आणि आव्हाड एकसारखे डॉ. आहे,neutral,mr
चा नीरज चोप्रा वाटला होता. आज पण घेतली भारी विकेट,happy,mr
"आता ते सगळे ठार मुके, बहिरे, आंधळे, लुळे पांगळे होणार",sad,mr
गाण्याच्या वादावर आता हे काय बोलून गेली युजवेंद्र चहलची पत्नी धनश्री वर्मा,happy,mr
उमेदवारी अर्ज भरल्यानंतर मुरजीला सहा वर्ष निवडणूक लढवता येणार नाही हे कळल्यावर आठवले.,neutral,mr
काकू हे सल्ले भाजप नेत्यांना द्या जे मुलींना जबरदस्तीने वेश्या व्यवसायासाठी प्रवृत्त करतात,angry,mr
हात भट्टी हॅन्ड पंप मधून सुसंगत आहे,neutral,mr
धन्यवाद .. आपणा सर्वांचे सहकार्य आम्हांस लाभेल अशी आशा व्यक्त करतो.,happy,mr
हा व्हिडिओ क्लिप हिंगणे खुर्द मधील आहे आणि तिला आता एक वर्ष झालं,neutral,mr
हाव काय सुटत नाही आणि.... देव.....काय पावत नाही...,sad,mr
घरात बसून कंटाळा आला असेल,neutral,mr
कोरेगाव भीमा येथील विजयस्तंभाच्या व्या वर्षपूर्ती दिनी लाखोंची गर्दी ./-… @,neutral,mr
आशा पारेख यांनी लग्न का केलं नाही?; कारण ऐकून थक्क व्हाल!,happy,mr
संस्थापकांचे आजोबा यां देशाचे निर्माते आहेत हे लक्षात ठेवा,happy,mr
आता पावसाने पार डुबवलंय भौ आधीच!,angry,mr
सगले पैसे तर ह्याणा शिवसेनिक विकत ग्यायला खर्च होत आहेत शिवटी फायदा कहीं नाही,angry,mr
कमलीचे मत खा म्हणा तेवढं पुरें आहे,angry,mr
वसुबारस निमित्त सर्वांना हार्दिक शुभेच्छा! आज पासून दिवाळी या सणाची सुरुवात होत आहे.,happy,mr
कोणत्याही प्रकारच्या फराळाला विरोध सहन केला जाणार नाही,angry,mr
"राज साहेबांनी कुणाला लावारिस म्हंटले आहे ,हे अगोदर स्पष्ट कर,",angry,mr
तुम्ही धक्का दणका असल्या बातम्या पुरवठा करा. पत्रकार कमी चमचे जास्त आहात.,angry,mr
तुम्ही जाहिराती का करतात ?,neutral,mr
कलाकार मंडळी सगळ्याला कंटाळले असून 'ट्रोलिंग नको रे बाबा' असं म्हणत आहेत.,angry,mr
मिठीचा अर्थ अन् वापर चांगला झाला तर निर्मळ आनंद व्यक्त होत असतो,happy,mr
आम्हाला पूर्ण पत्ता पाठवा आम्ही तुम्हाला विनंती करतो तूम्ही दिलेला पत्ता पुरेसा नाही आहे.,neutral,mr
काही श्वान सभेत कशाला घुसतात?,angry,mr
अभिनंदन पि व्ही सिंधू। कांस्यपदक।,happy,mr
महामार्गाच्या व महामार्गाच्या अभियंत्यांना सोडून इतर सर्व अभियंत्यांना च्या हार्दिक शुभेच्छा।,happy,mr
त्रास भोगल्याशिवाय अक्कल येत नाही...! अर्ध्या तासाच्या पावसामुळं होणारी तारांबळ खूप गरजेची आहे,sad,mr
कसा का असेना. जिंकत आहे महत्त्वाचे आहे,happy,mr
मुख्यमंत्री भेटलाय का मुंडके हलवणारा नंदीबैल तेच समजत नाही.....,angry,mr
"या महात्म्यांनी आपलं खरं आडनाव लावून यावं आधी,,,",angry,mr
का धार्मिक तेढ वाढवण्याचा प्रयत्न करताय?,angry,mr
तो प्रश्न निवडणुक आयोगाचा आहे त्यांनी तपासायला पाहिजे,neutral,mr
कुत्र्या तुला भुंकन्याशिवाय काही काम नाही का..?,angry,mr
कोणाची सेवा आणि कोणाचा विकास अदानी आणि अंबानी का?,angry,mr
येऊ दे- आधीचा चांगला होता फोटो,neutral,mr
नाही पण निदान माहीती खरी व सर्मपक असते..,neutral,mr
यांनी चॉकलेट सोनपापडी बनवली होती.,neutral,mr
घरातून निघतच नाही तर काय भिजणार,happy,mr
रिकामचोट आहेत ही लोक....,angry,mr
म्हणजे शिवसेनेच्या नेत्यांना अक्कल नव्हतीच कारण ते आपला पक्ष वाचवू शकले नाहीत!,angry,mr
ही सर्व मंडळी नमो बेनर वापरण्यास तयार आहेत स्वकर्तृत्वावर काही करणार नाहीत,angry,mr
दांडा ताई तुमची पण चित्रा मांजरच होणार आहे.,angry,mr
या भुंकणाऱ्या कुत्र्याला पैसे भेटलेत म्हणून भुंकतोय,angry,mr
हिंदी का बरं वापरत आहेत तुम्ही ???,angry,mr
नूतन वर्षाच्या हार्दिक शुभेच्छा मुंबई पोलीस,happy,mr
आदरणीय सर आपली पुणे ग्रामीण पोलीस अधिक्षकपदी नियुक्ती झाली त्याबद्दल आपले हार्दिक अभिनंदन,happy,mr
"महाराष्ट्रात सध्या बिजेपी,शिंदे गट, आणि मिडिया यांचे महाशक्ती सरकार मस्त...",happy,mr
अशी आहे जडेजाची लव्हस्टोरी..,neutral,mr
आय शेमण्या काही कुठला संदर्भ आहे का..की नुसताच उपटत बसलास च्या धक्क्यामुळे..?,angry,mr
तुमचे बनवून पाठवू का बोला ते पण करतो,neutral,mr
चांगल काम करा म्हणजे ची गरज भासणार नाही.,neutral,mr
भिमा कोरेगावच्या व्या शौर्यर्दिनी अशोकबापू गायकवाडच्या नेतृत्वाखाल... ./,happy,mr
"नाही एकल्या ,हे सर्व नाटक अगोदर सुद्धा झाले आहे.",neutral,mr
समाजसेवा करण्यासाठी सत्ता नको हे देवेंद्र फडणवीस यांनी दाखवून दिले आहे.,happy,mr
यांचा हाती मुंबई महानगर पालिका आली तर मुंबई चे पटना होईल हे नक्कीच.,angry,mr
"आजचा रंग : हिरवा रंग गतीचा,रंग समृद्धीचा, रंग शितलतेचा, रंग धैर्याचा,रंग निसर्गाचा..",neutral,mr
तुला फक्त दिवाळी सनच दिसतोय का टकल्या,angry,mr
शिंदेंनी त्यांची तलवार कुठं घुसवली आहे अजून कळलं नाही का..,angry,mr
: छत्रपती शिवाजी महाराजांना पुण्यतिथी निमित्त रायगडावर मानवंदना ./--…,happy,mr
आपण सर्वजण उपस्थित राहुन व या ऐतिहासिक क्षणाचे साक्षीदार होऊया,happy,mr
आपल्या पहिल्या विजयाबद्दल अभिनंदन जय महाराष्ट्र,happy,mr
प्रत्येकाला अखेरीस त्यांची नियुक्ती सहजतेने मिळेल,neutral,mr
शुद्ध भूतीयागिरी आहे ही,angry,mr
गणपति बाप्पा मोरया श्रींची पूजा आणि नैवेद्य संपन्न,happy,mr
"शास्त्रात लिहीलंय- जावे ज्याच्या वंशा तेव्हा कळे आता काहीजण वंशच बदलत आहेत, त्याला काय करणार.",angry,mr
मी तर विचारतच आहे पण लोकशाही चा चौथा स्तंभ कशाला म्हणतात भावा,neutral,mr
"या उज्ज्वल निकम ला ""पदमश्री""पाहिजे म्हणून हा शिंदे ची चाटतोय!",angry,mr
"भारताला पहिला पदक रजत, मीराबाई चानू यांच्याकडून अभिनंदन..",happy,mr
संतपीठ सुरू करण्याची घोषणा मराठवाडा मुक्तीसंग्रामदिनी,neutral,mr
भरकटन पण कधीकधी योग्यच असत त्यातूनच काहीतरी नूतन घडतं आणी मिळतही,neutral,mr
पुण्याला पण समुद्र प्राप्त करून दिल्याबद्दल भाजप सरकारचे आभार,happy,mr
रवा लाडू पण खायला पाहिजे,neutral,mr
पण तुझी लायकी सर्वांना कळली! तू राऊत आहेस नाम ही काफी है!,angry,mr
"पुरूषांबद्दल काय वाट्टेल ते बोललं जातच आहे , ह्याला आता चाप बसावा असे वाटते.",angry,mr
तुझ्या वर भीक मागुन खायची वेळ आली का..?,angry,mr
पाखंड कधीही यशस्वी होत नाही..,angry,mr
या गाण्यात कतरिना कैफ जबरदस्त आहे.,happy,mr
सेनेचे अधिकृत प्रवक्ते म्हणून नेमणूक व्हावी हीच शुभेच्छा,happy,mr
धनगर समाजाला भाजप सरकार आरक्षण देणार होत त्याच पुढे काय झालं लोकनेते गोपीशेठ ?,neutral,mr
कोजागिरी पौर्णिमेच्या हार्दिक शुभेच्छा !,happy,mr
अरे वाह हे तर अतिउत्तम झालं,happy,mr
हा का सांगत नाही असे उद्योग आम्हीच करतो .,neutral,mr
रुपया घसरण हे भारतच्या हिताचं आहे का ? कमेंट करा,neutral,mr
साहेबांचं टेन्शन कमी केलं तुम्ही.,happy,mr
थांबलोच होतो - हा खट्याळ पणा कसा सुरु नाही झालं म्हणून,neutral,mr
मग आम्ही अस म्हणायचं का ला मत म्हणजे बलात्कारी आणि दहशतवाद्यांना मत?,angry,mr
राजवाड्यात राहणारा भिकारी देश म्हणजे भारत,angry,mr
"हा खरोखरच अप्रतिम सामना आहे, प्रत्येकाने तो पाहावा.",happy,mr
सुपर हे,happy,mr
पवाईसाहेबांनी आभार मानावे इतकं तरी अस्तित्व आहे,happy,mr
हा ला गाढव बोलला,angry,mr
आहे हा चित्रपट पाहण्यासाठी मी खूप उत्सुक आहे,happy,mr
तुमच्याबद्दल खूप आदर होता पण ह्यापुढे नाही,sad,mr
देवमाणूस मधला नाम्या आहे का हा?,neutral,mr
आता नाना ची बरी आहे समजा.. काही तरी चौकशी ची,neutral,mr
हे त्या कार्यकर्त्यांना विचारा. त्यांचीच इचछा आहे.,neutral,mr
"अरे वेड्या, एकदाचं 'हे राम' म्हणं आणि तोंड काळं कर इथुन!",angry,mr
नव्या जवाबदारीबद्दल अभिनंदन आणि शुभेच्छा सर,happy,mr
अरे गैबाण्या....व्हिडिओ बघितला का तू??,neutral,mr
राज्यसभा आणि विधान परिषद वेळी गुलामांच वाईट वाटलं होत,sad,mr
जळगाव जिल्हा दूध संघात प्रशासक मंडळ आणि संचालक मंडळ आमनेसामने,neutral,mr
खूप चांगलं काम सर ....,happy,mr
हे पत्र भाजप ने आपल्याकडून स्वतःला पाठवून घेतल... अख्खा महाराष्ट्र जाणतो,angry,mr
ओम् नमः शिवाय हर हर महादेव महाशिवरात्रीच्या हार्दिक शुभेच्छा,happy,mr
"अशी किती लोकांना सूचना दिली, सगळे फेक दावे आहेत",angry,mr
वरून तसा आदेश आला असेल ..!,neutral,mr
आपलं मुळ नाव आगलावे आहे का?,angry,mr
सांगायची गरज आहे का खरंच?,neutral,mr
ज्यासाठी बोंबा मारत होते ते विलिनीकरण कधी करणार?,neutral,mr
"हे कार्यकर्ते आपल्यासाठी येत आहेत, त्यामुळे त्यांच्याकडे दुर्लक्ष करून चालणार नाही.",happy,mr
हिंदुत्ववादी सरकार नवरात्री मधे दारूची दुकाने बंद ठेवणार आहे का ?,neutral,mr
हा हा हा हा,happy,mr
"अतिशय उत्तम,,अप्रतिम थ्रेट लिहला आहे. हे विचार काही लोकांना शेअर पण करत आहे,",happy,mr
हा वेगळीच ढोलकी वाजवतो,angry,mr
"धन्यवाद, बस्स हेच हवं होत काका!आपल्या नजरेत आलोस्नेह वृद्धिंगत होवो",happy,mr
या स्टेटमेंट वर तुझ्यावर हेट स्पीच चा गुन्हा दाखल होऊ शकतो.,happy,mr
आतापर्यंत झोपला होता का,angry,mr
मनस्ताप आणि त्रास आणि हा स्वतःला शिवसेनेचा पक्षप्रमुख समजतो,angry,mr
"अडीच वर्ष थापा मारल्या. अखेर थापा म्हणाला, आता सहन होत नाही.",angry,mr
"गर्लफ्रेंडसाठी 'तो' दुकानात शिरला, दुकानदारावर केला चाकूहल्ला, औरंगाबाद हादरलं",angry,mr
आता एक महान लढाई होणार.. बाळासाहेबांची शिवसेना विरुद्ध उद्धव ठाकरेंची शिवसेना अशी होणार. बाळासाहेबांची शिवसेना,neutral,mr
"ज्या पक्षाने तुम्हांला वाढवलं, नाव दिलं त्याच पक्षाला, आपल्याच सहकाऱ्यांना असे बोलणे....",angry,mr
"हवा येऊ द्या, महाराष्ट्राची हास्य जत्रा माझे आवडते कार्यक्रम आहेत.",happy,mr
सर मराठी पत्रकार ना लय माझ आला आहे यांचा पहले माझ उतरवा प्लीज,angry,mr
म्हणजे एकनाथ शिंदे महाराष्ट्राचा उत्कर्ष करत नाहीत का? त्यांच्याकडे ती क्षमता नाही का?,neutral,mr
माझ्या समोर असे घडत असते तर धुनाई केली असती. एखाद्याला तरी चांगलच ठोकल असत.,angry,mr
भय इथले संपत नाही,fear,mr
तेच बाळासाहेब सोनियापुढे कोण झुकत हे पण सांगायचे .,angry,mr
अबे आय घाल्या भाडखाऊ फेकू तुझा नवीन बाप आहे ना..,angry,mr
भिऊ नकोस मी तुझ्या पाठीशी आहे !! जय श्री स्वामी समर्थ !!,happy,mr
सर्वांना नारळी पौर्णिमा आणि रक्षाबंधनानिमित्त अनेक शुभेच्छा.,happy,mr
घरी बसा मिंदे गट तुमच पत्ता कट करणार आहे,angry,mr
एकनाथ शिंदे पक्ष जुनी बाळासाहेबांची शिवसेना आहे..,neutral,mr
दिवाळीची अंघोळ करण्यासाठी तरी घरी जाऊ द्या अशी विनंती राऊत करणार. सूत्रांची माहिती,neutral,mr
एकाचे दोन झाले की क्रीएटीव्हीटी कमी होते असं भाऊ सांगत होते....,neutral,mr
अमेरिकेत निर्मला सीतारामन यांना थेट सवाल विचारण्याता आला होता,happy,mr
... आणि तुझी स्पर्धा राखी सावंतशी आहे.,angry,mr
तुम्ही राजकारण सोडून द्या ही असली अभद्र टीपणी शोभत नाही,angry,mr
बस निवारे आणि बसेस वाढवल्याने दळणवळण अधिक सोपे होते.,neutral,mr
सेनेमध्ये असताना कधी यांना अभिवादन केले का किती नाही ही मजबुरी लोकांच्या भाषेत लाचारी,angry,mr
रक्षाबंधनाच्या आणि नारळी पौर्णिमेच्या हार्दिक शुभेच्छा भाऊ,happy,mr
रावांचे बाळासाहेब कोणते? आमच्या कडे उध्दव बाळासाहेब ठाकरे आहेत.,happy,mr
ह्याच्या पेक्षा काँग्रेस पक्षालाला मतं देतील की लोक! सगळं तर काँग्रेसचे अनुकरण करत आहेत.,angry,mr
हा झाटाळ त्याच गद्दरांची पैदाईश आहे त्यामुळे भुंकतोय.,angry,mr
माणूस किती आतला आणि किती बाहेरचा हे योग्य वेळ आल्यावरच समजतं,sad,mr
याच्या तोंडून एक शब्द पण नकोसा वाटतो ऐकायला.... विदूषकि आहे हा माणूस,angry,mr
आपल्याला आणि पक्षाला खूप मोठी भरपाई भरून द्यावी लागेल,sad,mr
"नाव बदलताच भारत देशाला ऑलिम्पिक ""गोल्ड मेडल"" मिळाले!",happy,mr
किती हा किती हा विजांचा कडकडाट... बाब्बो,happy,mr
एकवेळ मला काही देउ नका । पण शानपट्टी देऊन मला जाऊ नका ॥,sad,mr
हे आम्हा शेतकऱ्यांच्या बैलांचा अपमान आहे हे अजिबात चालणार नाही ..,angry,mr
साहेब ही हुकुमशाही आलेली आहे तुम्ही लवकर बाहेर या.,fear,mr
हे आहे स्वार्थीपणाचे अन् ढोंगीत्वाचे हिंदुत्व,angry,mr
हां. काय? बरी आहेस ना आता? घरी आलीस का?,neutral,mr
तुरुंगातल्या शौचालयात गैरसोय झालेल्या आपल्या पार्श्वभागावर,angry,mr
"यावेळी माझ्यासह मंडळातील सदस्य, भाजपाचे पदाधिकारी व कार्यकर्ते उपस्थित आहेत.",neutral,mr
खरे आहे. काही ही खोटे नाटे सांगून लोकांना उल्लू बनवायचे हिच भाजप निती.,angry,mr
काळानुसार सर्व बदल घडणारच तरी ही आपण आपली चिकाटी सोडली नाही,happy,mr
तू चू** आहे का कोणता कोर्स केलाय,angry,mr
बाळासाहेब थोरात का उदय राव,neutral,mr
थोड्या दिवसात पागल होतो हा,sad,mr
हे तर आगोदरच माहीती होतं त्यात काय नवीन आहे,neutral,mr
जशी तुमच्या डोक्यात गेली बर झाल हे तुम्हीच मान्य केल खाजप महाराष्ट्र द्रोही,angry,mr
भावपूर्ण श्रद्धांजली..आपल्या दुःखात सहभागी आहोत.,sad,mr
आधी योजना आणली आणि नंतर प्रचार करताय,angry,mr
हा... तू कधी तरी नाही... नेहमीच करतो असं...,neutral,mr
ऋतुजा लटकेंचा राजीनामा स्वीकारत नव्हते तेव्हा कुठे गेला होता राज साहेब,angry,mr
असले करन्यामुळे भाजप देशा मधून लवकरच नामशेष होणार आहे,angry,mr
खेळाडूंचा आत्मसन्मान जाणणारा नेता म्हणजे शरद पवार : डॉ. रघुनाथ माशेलकर,happy,mr
हे महाशय गायबच झालेत ट्विटर वरून,happy,mr
"राजसाहेब कोल्हापूर, देगलूर, पंढरपूर पोटनिवडणुकीच्या वेळी कुठे होते",neutral,mr
आळस हा माणसाचा शत्रू आहे...नेहरू शत्रू वर प्रेम करा...बापू विषय कट...,neutral,mr
"यासाठी मुंबई, पुणे च्या बाहेर महाराष्ट्र आहे हे समजलं पाहिजे.",neutral,mr
हे वाक्य रायगड जिल्ह्यातील तुमच्या सोबत असलेल्यांना उद्देशून बोलल्याबद्दल धन्यवाद मा. पालकमंत्री साहेब,happy,mr
पण बेसन लाडू आवडणाऱ्यांची संख्या जास्त आहे. त्यामुळे त्या पाठिंब्याला काही अर्थ नाही,neutral,mr
लाबाड आहे,angry,mr
वर्षे झाल्यावर समजलं का देशविघातक आहे,angry,mr
"कोणते दोन समाज, गुजराती आणि महाराष्ट्रीयन म्हणायचे आहे का तुम्हाला",neutral,mr
आपली तक्रार संबंधित अधिकाऱ्यांपर्यंत पोहोचविण्यात आली आहे.,neutral,mr
मला तर मशाल दिसत आहे...,neutral,mr
ते भक्तांना खूश करण्यासाठी होते,neutral,mr
हे कुचीड आहेत. नवीन ब्रीड आहे,angry,mr
लायकी प्रमाणे आपल्याला यांचा मध्ये बसायला जागा नाही,neutral,mr
नारळाचं झाड आहे का एखादं ?,neutral,mr
ताई तुम्हाला पण नवीन वर्षाच्या हार्दिक शुभेच्छा,happy,mr
"गोरक्षनाथ गड परिसर येथील मनमोहक क्षणचित्रे @ , .// /…",neutral,mr
सकाळी सकाळी खूप सुंदर विचार वाचण्यात आले ./ /…,happy,mr
महालक्ष्मी चे विक्रम या निवासस्थानी आगमन...,neutral,mr
हो. छान होती. कौटुंबिक आणि निखळ मनोरंजन,happy,mr
खूप छान आठवण सांगितली ताई तुम्ही,happy,mr
"शिक्षण हेच विज्ञान, प्रगती अन परिवर्तनाचे एकमेव साधन आहे. - महाराजा सयाजीराव गायकवाड",neutral,mr
अगदी बरोबर आहे मॅडम,neutral,mr
"मिळाली ना आमदारकी, धनगर आरक्षणाच्या नावावरती? समाजाची फसवणूक करुन आता मोदींची गुलामगिरी करा..",angry,mr
म्हणून केरळच्या राजकारणात कालपासून नरेंद्र दाभोलकरांच्या नावाची चर्चा सुरु आहे,neutral,mr
"यांनी देशासाठी केलेला त्याग आहे ,तुम्ही त्यांच्या पाया पडायच्या ही लायक नाही",happy,mr
किन्ना सोना गाणे खरोखरच अप्रतिम आहे.. संगीत ताजेतवाने होते,happy,mr
व्यक्त व्हायला कशाला घाबरायचं . कोणाच्या भावना आपण दुखवत नाही तोवर .,neutral,mr
देशाचा सगळ्यात महत्वाचा मुद्दा आहे,neutral,mr
पाकिट बंद झाल्यापासून आपणच मिडीया आहोत हे देखील हा विसरून गेलाय.,angry,mr
"तुम्हाला तुमचे बिस्कीट मिळाले का ,????",angry,mr
सोशल मिडिया सह जगात होतंय प्रथमेशचे कौतुक ./-…,happy,mr
राहू दे काही फरक नाही... आमच्या पाठी आहे ...,neutral,mr
म्हणजे उद्धव जी रावण का?,angry,mr
आता उठऊ सारे रान आता पेटऊ सारे रान शेतकऱ्यांच्या राज्यासाठी,happy,mr
"महागाई,बेरोजगार कमी होईल का? ते बघा बुलेट ट्रेन गरिबांसाठी नाही. गरज पण नाही.",angry,mr
गॅस सिलेंडर आता रुपयाला मिळत अस ऐकलं ?? खर आहे का गाडे भो.,neutral,mr
भातखळकर तुमच्या सारख्या गुलामांची तेवढी पण पात्रता नाही हो.,angry,mr
"""आत्महत्या रोखण्यासाठी सरकार प्राधान्याने काम करत आहे."" -मुख्यमंत्री एकनाथ शिंदे",neutral,mr
खरंच डोक्यात चालले आहेत हे लोक,angry,mr
भक्तीमधून आनंद मिळावा. हि सदिच्छा !!!,happy,mr
तोंड बघा किती अशक्तपणा आला आहे.,angry,mr
बाळासाहेबांनी का धरून ठेवला मग तुमच्या साहेबांना का ते जमलं नाही ?,neutral,mr
"मस्त आहे, बऱ्याच दिवसात आठवण झाली",happy,mr
"बनिया म्हणजे नक्की गुजराती पैदास..,,त्यामुळेच खोट का असेना शेवटी हेच नाव घेतलेस",angry,mr
ताई हे वाक्य त्यांना जाउन सांगा ज्यांनी मैदानातुन लढाई आधी पळ काढला,angry,mr
अभिनंदन काँग्रेस पक्ष हा सर्वसामान्य भारतीयांचा पक्ष आहे,happy,mr
आपल्या दोघांचा फोटो नाही का राव,happy,mr
समस्त मराठी जन आणि कोळी बांधवांना नारळी पौर्णिमेच्या हार्दिक भगव्यामय शुभेच्छा..,happy,mr
"हो,पण त्यावेळी पत्रकार सुद्धा विद्याधर गोखले,माधव गडकरी असे होते किंवा यांच्याहून वरिष्ठ होते...",neutral,mr
खरोखर आपलीच मीडिया होती बहुतेक,neutral,mr
तसच होते. माझही नव्हतं अगोदर मग स्वतःसोबतच घडलं मग कळलं,neutral,mr
तिने गट बदलला आणि ट्विटर शांत झाले,happy,mr
आणि म्हणे कोर्ट विकले गेलेले आहेत,angry,mr
बथ्थड आणि निर्जीव झाल्यामुळे अशी उत्तरे देऊ शकतात.,angry,mr
काय रे बनवट बुवा तु परत आला फसणवीस च्या लोमत्या,angry,mr
"बस थांबवून काचेवर तंबाखू लावतात, त्यामुळे पाणी शोषले जाऊन अंधुक न दिसता स्पष्ट दिसते.",neutral,mr
अरे तुझ्या बापाला नाही जमल तू काय आहे,angry,mr
"मग देगलूर, पंढरपूर, कोल्हापूर हे महाराष्ट्रा बाहेर आहेत का?",neutral,mr
पुणे हादरलं..पुण्यात स्पर्धा परिक्षेची करत होता तयारी अन अचानक..,happy,mr
आतल्या हे असच असत जे दिसते तसे नसते म्हणून जग फसते,neutral,mr
बदलला बस नाही का??,neutral,mr
मलाही लिहायचा होता लिहीन लिहीन म्हणून राहून गेला,neutral,mr
सत्यमेव जयते साहेब महाराष्ट्र तील सुज्ञ जनता तुमच्या बरोबर आहे.,happy,mr
"तेव्हाच तर स्वतःची स्वतःशी, भेट होऊन स्वतःची ओळख होईलआभार धन्यवाद",happy,mr
ती काकांचा एजन्ट आहे काय? असा मणतात.,neutral,mr
जगजाहीर करण्याची थोडीच गोष्ट आहे ही,neutral,mr
साहेब मस्त कामगिरी पार पाडत आहात,happy,mr
त्या लाख हजारात तुमचा नंबर लागणार होता काय?,angry,mr
शिक्षण' आणि 'आरोग्य' हे मानवाच्या तीन मूलभूत गरजा पैकी एक आहे. तेही मोफत,neutral,mr
क्रीडा क्षेत्रातील काही संस्मरणीय क्षण बघून बरे वाटेल .//…,happy,mr
तरीपण युती शिवाय पर्याय नाही मनसे अधिकृत,neutral,mr
साहेब तुम्हाला हि नूतन वर्षाच्या हार्दिक शुभेच्छा,happy,mr
ई सी ही एक स्वायत्त संस्था आहेत हा एक क्यूट गैरसमज आहे.,angry,mr
आणि गादीचे इमान कोणाशी ते तर विचारा भावू,neutral,mr
विलेपार्लेतील नाल्यालगत झोपड्यांच्या पुनर्वसनाचा प्रश्न ऐरणीवर; मंगळवारी होणार बैठक,neutral,mr
मा.नाथाभाऊ खडसे आपणास नवीन वर्षाच्या हार्दिक शुभेच्छा.. .//…,happy,mr
मी भातखळकर महाशयांसाठी हे ट्विट लिहिलेलं चुकून तुम्हाला रिप्लाय झाला... क्षमस्व....,neutral,mr
बोलतोय तो मर्द आहे का?,angry,mr
टक्के वास्तव आहे..........,neutral,mr
"देशाच्या अर्थमंत्र्यांनी ""वांग्याचं"" ऑडिट केलं तर?....अशी शंका आली असावी.",happy,mr
"सरकारने हे नुकसान भरून द्यावा ,महाराष्ट्र कम॔चारी अभ्यास करा",neutral,mr
हे सगळे ठिक आहे हो.पण मैदान सोडुन पळणे हि अभिमानाची गोष्ट आहे का?,angry,mr
हा उत्तम कोण आहे.?,neutral,mr
‘सिंधुदुर्ग जिल्ह्याला निसर्गाचे भरभरून वरदान; आदर्श शैक्षणिक परिसर होण्यासाठी प्रयत्न करा’ ./,happy,mr
चौकशी करून क्लिनचिट दिली म्हणजे पुढची निवडणूक हरली तरी चिंता नाही.,neutral,mr
भक्ती आणि प्रेम दुसरं काय,happy,mr
राजदीप पेक्षा मल्लिकार्जुन यांची मराठी उत्तम आहे,neutral,mr
नातं महत्वाचं आहे राजकारण नाही,neutral,mr
कल्माबईचा नवरा उभा केला होता काय पंढरपूर /कोल्हापूर मधी,neutral,mr
अगदी बरोबर आहे. जनता उद्धव यांच्या पाठीशी आहे,happy,mr
मूर्ख मानस या महाराष्ट्र मधले राने...,angry,mr
होय अगदी बरोबर आहे आणि तुमचा आवाजही खूप छान आहे हर हर शंभू,happy,mr
प्रश्न कोणाला विचारला उत्तर कोण देत आहे हाच मुळी वैचारीक भ्रष्टचार आहे,angry,mr
"यामध्ये लोहपुरूष सरदार पटेल यांनीच आरएसएसवर बंदी घातली होती, हे लक्षात ठेवायला हवे."" -लालूप्रसाद यादव",happy,mr
यांनी जर ला जर राजीनामे दिले असते तर महाराष्ट्रात आज हे दिसले पण नसते,angry,mr
"हे हुकूमशाह, जगताना राजासारखे जगतात आणि मरताना कुत्र्यासारखे मरतात...",angry,mr
वेळेचं नियोजन हे यशाचा पाया आहे हे नक्कीच,happy,mr
सगळीकडून लोकांची गोची झालेय हे नक्की..,sad,mr
अभिव्यक्ती स्वातंत्र्य म्हणजे जे तुम्ही पायदळी तुडवत होता ते,angry,mr
या आधीच्या पोटनिवडणुकीत का पाठवला नाही असं पत्र तुमच्या साहेबांनी,angry,mr
मल्लिकार्जुन खरगे हायकमांड म्हणून गांधी कुटुंबाच्या प्रभावातून बाहेर पडणार का?,neutral,mr
अत्यंत दुःखद झालं....आणि राष्ट्रगीत नाही आहे राष्ट्रगान आहे!,sad,mr
हिंदू जनजागृती समितीचा अत्यंत स्तुत्य उपक्रम म्हणून हिंदू जनजागृती समितीचा विजय असो,happy,mr
आरे लाळघोट्या आता गोट्या पण चोखायला लागलास लेका,angry,mr
चपलेनी होणार नाही फाटका जोडा पहा,angry,mr
हाच प्रयत्न एक लेखिका घडविण्याची पायरी असते.,happy,mr
सरकार तुपाशी आणि जनता उपाशी... जय महाराष्ट्र,angry,mr
ही जातीय बाराच्या भावात... ध्दप्पाकान खड्ड्यात,angry,mr
कुत्रा इमानदार असतो... तुम्हाला सरडा हे चिन्ह दिले पाहिजे.,angry,mr
"मकर संक्रांतीनिमित्त हार्दिक शुभेच्छा..!! तीळ गूळ घ्या, गोड गोड बोला...",happy,mr
तुमची तीन चाकी रिक्षा तर पलटी झाली ना,angry,mr
यांच्यासाठी पाकितच महत्त्वाचे आहे,angry,mr
पुढल्या बैठकीत हे डन करून टाकू सर नक्की,neutral,mr
मी जाऊ का ट्विटर सोडून.. मोठा लठ # आहे की सर...मला इतकं नाही सुचत,neutral,mr
नवरात्रोत्सवानिमित्त मुख्यमंत्र्यांनी महिलांसाठी केली 'ही' महत्वाची घोषणा,neutral,mr
"घरी आल्यावर सगळ्यात आधी ""आईला"" शोधणे, हां हे ही ""प्रेम"" आहे..!",happy,mr
त्यांच्याच पक्षात राहुन त्यांना टाेमणे मारणं बरं दिसतं का,neutral,mr
शासकीय तंत्रनिकेतन करण्यात आला. यांच्यातर्फे नॅशनल इंजिनिअर्स क्षेत्रातील गुणवंत इंजिनिअर्सचा तत्काळ परवानगी देण्याचे,neutral,mr
": बहीणीला हे द्या, यश आणि शुभ फळ प्राप्ती होईल",happy,mr
अक्च्युअली ही मोठी ॲक्टर्स,neutral,mr
घरटं नावाची एक कविता होती शाळेत.. कोणाला आठवते का?,happy,mr
तेच ना खूप वेगळं वाटत होत बगायला,happy,mr
मला पण तात्यांनी दिवाळीची भेट दिल्याबद्दल तात्या धन्यवाद,happy,mr
ओ पण तुमची इतकी का जळतेय ते कळत नाही!,angry,mr
अबब! स्कूल बसमध्ये हा कोठून आला अजगर? व्हिडिओ पाहून कुणाचाही थरकाप उडेल,fear,mr
अमेरिकेत मंकीपॉक्स सार्वजनिक आरोग्य विषयक आणीबाणी म्हणून जाहीर,neutral,mr
गद्दारांनी कष्ट घेऊन सुद्धा काही उपयोग होणार नाही. जनता त्यांना घरीच बसवणार,angry,mr
मशाल आधीच विझली आहे,neutral,mr
मालक अभिनंदनआज मव्हाची नाहींतर ज्वारीची होऊनच जाऊंदे,neutral,mr
हा राखीचा अपमान आहे.,angry,mr
बर सांग ते अरे कडी लावून कोण लपल होत,neutral,mr
अवघड आहे बाबा,neutral,mr
"माहित आहे त्या वेळेस मी म्हणालो सुद्धा होतो, करणे .",neutral,mr
दिल्लीचे उपमुख्यमंत्री मनीष सिसोदिया हे च्या कार्यालयात चौकशीसाठी पोहोचले.,neutral,mr
तुम्ही आता उडवायच्या सुपाऱ्या घेता का सुपारी क्वीन,angry,mr
महाराष्ट्र च्या जनतेमधे सकारात्मक ऊर्जा निर्माण केल्या बद्दल आभारी आहोत,happy,mr
अगोदर भारत जिंकला आणि मग फटाके फुटले बुद्धि गहन ठेवलिली काकू,neutral,mr
पीएफआय वर विरोधी पक्ष आक्रमक का नाहीत? या एकाच प्रश्नात खूप काही दडलेलं आहे !!!,happy,mr
तु पण अडकणार स्वाभिमान विकणारांनी आम्हाला शिकवू नये,angry,mr
धन्यवाद वर्षाजी! आपल्याकडून दाद हे विशेष आहे. असाच लोभ असू द्या.,happy,mr
राज्य सरकारकडून या नवरात्रोत्सवाच्या निमित्तानं महिलांसाठी एक खास अभियान राबवलं जाणार आहे. ..//…,neutral,mr
सगळया भाडखाऊ संस्था त्यांनी विकत घेतल्या आहेत म्हणून सांगता येत नाही,angry,mr
"बेरोजगारीची भीती किती आहे, आम्हाला विचारू नका. मी आजारी असतानाही पुस्तके उघडून वाचली आहेत.",fear,mr
भारत हरला नाही इंग्लंड जिंकला आहे निर्मला आत्या,neutral,mr
जादू करतात असे वाटायचे,happy,mr
हे ऐकले भेंडे काकू एकदम जबरदस्त,happy,mr
"खरिदार आहे ते जे विकणारे होते ते विकत घेतले, या बोलण्यावरून सिद्ध झाले,",neutral,mr
रोमांचक बातमी! बीकेसीमध्ये ऑक्टोबरला काहीतरी मोठे घडत आहे.,happy,mr
कोथळा सम्राटला कधी शहानपन सुचणार काय माहित आयुष्यात कधी पत्र लिहीलय का किंबहुना सम्राटांनी,angry,mr
"अंबे... मटणकरी, द्राक्ष आंबट असतात,असे म्हणावे लागेल. विचार काका ला",neutral,mr
अरे तू आला आधी .. आणि मलाच बघ तू तुझं बघ,angry,mr
व यांच्या चढाओढीत ने आपले नुकसान करुन घेऊ नये,neutral,mr
झोप कशी लागते.. एवढे पाप करून,angry,mr
कलंक आहे तुम्हीं लोक... इतिहासात गद्दार म्हणुन नोंद होईल तुमची.,angry,mr
"ढाल-तलवार चिन्ह मिळवून उपयोग काय, आयुष्यभर च्या पदराखालीच लपायचं आहे तुम्हाला.",angry,mr
वाढदिवसाच्या हार्दिक शुभेच्छा आणि अनेक आशिर्वाद,happy,mr
मला होत माहिती... यांचे कांड खूप मोठे आहेत,neutral,mr
"आदर्श तर साहेब च आहे सगळ्या कपटी राजकारणाचे, तुम्ही मूळ कारण आहे शिवसेना संपवायचे",angry,mr
मग मुंबईत पाऊस पडत असताना त्याला काही नियम हे वेगळे असतात का?????,happy,mr
तलवार धरणार म्हणजे हिंसा करणार का?,neutral,mr
यावेळी दुधसंघाचे उपाध्यक्ष स्व. जगन्नाथ पाटील यांच्या द्वितीय पुण्यतिथीनिमित्त स्मारकास पुष्पहार अर्पण करून अभिवादन केले.,happy,mr
वाढदिवसाच्या मनःपूर्वक हार्दिक शुभेच्छा,happy,mr
फक्त शिंदे साहेब जिंकणार तेच खरे शिव सैनिक आहेत,happy,mr
आरे उठा मोदी देश लुटतोय बोला विरोध करा हा हिटलर पार वाट लावतोय,angry,mr
कमी आहे काय तुमचं वजन ..,neutral,mr
"प्रभारी नियुक्त प्रमुख असूनही, इस्रो चे सदस्य त्यांच्या मिशनच्या प्रगतीत सक्रिय सहभाग घेत आहेत आणि योगदान देत आहेत हे पाहणे प्रेरणादायी आहे.",happy,mr
छत्रपती संभाजी महाराज कोटी कोटी प्रणाम,happy,mr
खरंच आपली कामगिरी कौतुकास्पद आहे परंतु अद्यापही ग्रामीण भागामध्ये अंतर्गत अवैद्य दारू विक्री सुरू आहे,angry,mr
सदर प्रकरणी तातडीने अहवाल मागवून घेण्यात येत आहे,neutral,mr
चांगले कार्य..खूप खूप शुभेच्छा,happy,mr
"‘प्रेमा’मुळे ठेच पोचत नाही, हा विश्वास दृढ करणारे प्रेम तुम्हाला लाभले असेल... असंच प्रेम तुम्हाला लाभो...",happy,mr
आता उद्धव साहेबांना सोडून देणार का तुम्ही????,happy,mr
अरे हा मातोश्री च्या अंगणात निवडणूक हरलेला उमेदवार. ह्याची ईशान सिद्धिकी मारून आमदार होतो.,angry,mr
"म्हणून तर आसाराम, नारायण साई, राम रहीम सिंह, हे जेलात आहे.....",angry,mr
प्रेमाच्या धाग्यात काळजीचा दोरा बांधता आला की नात्यातील गाठ आयुष्यभर सुटत नाही.,happy,mr
पालघर पोलीस दलाकडून निमित्ताने विविध कार्यक्रमाचे आयोजन,neutral,mr
आता पुढे मराठी लोक आपल्या मुलाचे नाव “एकनाथ”ठेवण्यापूर्वी दोनदा विचार करतील,angry,mr
आपला प्रवास सुखाचा होवो...काळजी घ्या दादा,happy,mr
दिक्षांत पाटील आपणास दिर्घ व निरोगी आयुष्याच्या मंगलमय शुभेच्छा,happy,mr
आज *बसु बारस -आरमार दिन* गोमतेची पूजा आणि गोहत्यारांचा नायनाट!!,happy,mr
एंडोमेंटच्या माध्यमातून शैक्षणिक संस्था मुलांच्या उज्ज्वल भविष्यासाठी सहकार्य करत आहेत हे जाणून आनंद झाला,happy,mr
मला वाटलं होत तुम्ही केल पण तुमच्या आडून फडणवीस नें हे केल,angry,mr
हे सगळे राजकारणी चोर आहेत ..जनतेने शहाणे व्हावे!,angry,mr
तुम्ही ट्विट लाईक नाही केले मग तुम्हाला आम्ही का सांगणार...,angry,mr
या मुळेच विश्वगुरु पत्रकार परिषद घेत नाही,neutral,mr
स्तुत्य उपक्रम..!! काळाची गरज आहे..!!,happy,mr
दुसरं काम तरी काय आहे तुमच्या कडे ?,angry,mr
"अभिनंदनपण मराठा आरक्षण हे मधून %च्या आत लवकर द्याल हीच अपेक्षा,,",angry,mr
खरी शिवसेना कोणाची हे आता रस्त्यावर दिसेल. पोटनिवडणूक जिंकून रावणाचा वध होइल हे निश्चित!!,happy,mr
हे नक्की पाहिजे,neutral,mr
जे हते ते चांगळ्यासाठी होते पण ह्यांना परिणाम भोगावेच वागतील,neutral,mr
ही माहिती ऐकून आम्ही भारावून गेलो.,happy,mr
दोघांना ही वाढदिवसाच्या खूप खूप हार्दिक शुभेच्छा.आनंदी व निरोगी दीर्घायुष्य लाभो हीच सदिच्छा.,happy,mr
गणपति बप्पा मोरया कॅरोना घेऊन जा,happy,mr
राज ठाकरे साहेब तुमच्या सारखा माणूस महाराष्ट्र ला लाभला हे आमचे भाग्य।.....,happy,mr
पाकिस्तानी तो फेकू होता जो तिथं बिर्याणी खाऊन आला,angry,mr
"नुसत्या धमक्या आणि निकृष्ट दर्जाच ट्रोलींग एवढच काम दिलय राणे, पडळकर, राणा, वाघ यांना...",angry,mr
"ट्विटर नाही अपमान सोडा , आणि आपल्याकडे बटन आहेच की...",neutral,mr
गंगाधर धर ही शक्तिमान हे...,happy,mr
धन्यवाद साहेब आपण नेहमीच जनतेच्या हितासाठी मौलिक माहिती देतात.,happy,mr
क्रांतिज्योती यांना जयंतीनिमित्त जळगाव जिल्हाधिकारी कार्यालयात विनम्र अभिवादन,happy,mr
खैरे साहेब बरोबर म्हणाले होते !,neutral,mr
दादा कर्जत-जामखेड नागरिकांच्या च्या वतीने आभार,happy,mr
पाकिटपत्रकार हे पण विचारा कधीतरी त्या महाभकासआघाडीला …??,angry,mr
"नाही त्यांचे बाँड असतील, बाकी तर असणारच...नाही का",neutral,mr
कोकण ट्रिप म्हणजे स्वर्गसुख,happy,mr
कंपनी मध्ये हे उलटे असते,neutral,mr
नारळी पौर्णिमेच्या आणि रक्षाबंधनाच्या आपणा सर्वांना हार्दिक शुभेच्छा...,happy,mr
"मुंबईत पाऊस किती पडावा हे महापालिका ठरवते, तेही भाजपाची सत्ता नसलेली महापालिका.... अकल शुन्य माणूस....",angry,mr
ते येतीलच हा विश्वास आम्हाला नाही तुम्हाला आहे म्हणून,neutral,mr
हे पण खरंच आहे !,neutral,mr
"या सर्वांचे राष्ट्रवादी काँग्रेस मध्ये मनःपूर्वक स्वागत, गर्व आहे आम्हाला ⏰",happy,mr
पैशाने बरेच ग्दार मोदीने विकत घेतलेत. त्यामुळे चोळणार हे नक्की,angry,mr
कोण स्वामीनारायण ? महाराष्ट्रात खऱ्या देवांची पुजा होते. हे स्वामीनारायण कोण ??,angry,mr
"अबे उपट, बापासारखा एक तरी गुण आहे का त्याच्यात ?",angry,mr
बाळासाहेब एकच होते आणी ते ठाकरे आहेत,happy,mr
"भाऊ,मी लहानपणी खूप पुस्तक वाचत होतो आता उत्साह कमी झाला आहे ,फोन मुळे",sad,mr
शांत बस मला लय काम आहेत दिवाळी झाली की ये,neutral,mr
ट्विट ने तेवढं च मनाचं समाधान,neutral,mr
वैभू दिवाळीची खरेदी केली का,neutral,mr
"""हिंदूराष्ट्र हा माझा जन्मसिद्ध हक्क आहे आणि तो मी मिळवणारच. ॥ जय हिंदुराष्ट्र ॥",happy,mr
मळेवाडमधील पाच महिलांना उज्वला गॅसचे वितरण ./,neutral,mr
भेंमचो तो नाना आणि तू दाना रिंगण करून प्रचार करा.,neutral,mr
ऋतुजा ताईंना उमेदवारी न मिळण्यासाठी एवढा खटाटोप केला होता. महाराष्ट्राची संस्कृती जपण्यासाठीच!,happy,mr
खूप छान माणसं,happy,mr
आदरणीय धिरज साहेब आपणास व देशमुख कूटूंबीयास नववर्षाच्या हार्दिक शुभेच्छा,happy,mr
इतक्या लवकर चौकशी करून काय साध्य होणार आहे ?,neutral,mr
ते प्रथम क्रमांक कोणाचा आहे?,neutral,mr
लाज काढली आज उद्धव साहेबांनी पण समोरचा तर नर्लज्ज आहे,angry,mr
"अरे हे कुठं नायजेरियाला पोहचले भारत जोडण्या अगोदर इथं पाकिस्तान, बांगलादेश राहूनच गेले",angry,mr
आणी इतिहासात स्वातंत्र्य हे अहिंसेन लाठी व चरखा यानी भेटला हे शिकवल जात.,neutral,mr
"पंढरपूर का नाही यात, तिथे उमेदवार पडला हेही सांगाव....",neutral,mr
या चार महिन्यात यांनी स्वःच पॉलिटिकल खूप कमी करून घेतल आहे .,sad,mr
"खाण्यामध्ये फक्त वेजेटेरियन, नॉन-वेजेटेरियन आणि मूर्ख असे तीनच प्रकार येतात..",angry,mr
असं का बरं...ते ही छानच होतं ..हे ही छानच आहे पण आता बदलु नका...!,neutral,mr
मटण आणायला नाही गेला होता का आज ?,neutral,mr
विषयच नाही.कायम हसतमुख चेहरा असतो.,neutral,mr
श्री सुधीर भाऊ मुनगंटीवार जी कॅबिनेट मंत्री म्हणून निवड झाल्याबद्दल हार्दिक अभिनंदन,happy,mr
शिवरायांचा आणि शंभूराजांचा इतिहास वाचा आधी...,happy,mr
अथांग सागरावर मात करून सदैव राष्ट्र सेवेत समर्पित असणाऱ्या भारतीय नौसैनिकांनाभारतीय नौसेना दिनाच्या हार्दिक शुभेच्छा,happy,mr
काका तुमच्या विश्वासाला आणि प्रेमाला सॅल्युट,happy,mr
कुत्र्यांचा हा गुणधर्मच आहे,neutral,mr
हि डब्बा संघटना फ्रॉड आहे तुमच्यासारखी,angry,mr
अगदी श्रवणीय असे आहे तुमचे संगीत,happy,mr
चंदेरी यश.! स्पर्धेत भारताच्या नीरज चोप्रा याने रौप्य पदक जिंकले. अभिनंदन.,happy,mr
"असे प्रश्न विचारू नका सर, ते वेडे पुन्हा काही वेडसरपणा करतील हो.",angry,mr
"होळीच्या सणाला गालबोट, होलिका दहनाला शेण फेकण्यावरुन वाद, तिघांवर गोळीबार... ./-/…",angry,mr
ताम्हणमळा गावातील विविध विकास कामांचे भूमिपूजन व उद्घाटन काल माझ्या हस्ते झाले.,happy,mr
"ख़र्च आणि कर्ज कमीत कमी ठेवा, आणि भरभक्कम मालमत्तेचा पाया मजबूत करा.",happy,mr
हा माणूस मुख्यमंत्र्यांना गलिच्छ भाषेत शिव्या घालतोय.कडक कारवाईची अपेक्षा आहे,angry,mr
पतंग महोत्सवात अपघातांचे प्रमाण कमी होत आहे .//-…,neutral,mr
चार पाच वेळा तोंडावर आपटून नंतर शिवसेनेच्या जिवावर आमदार झाले आहेत हे.,angry,mr
सर यात आधी काँग्रेस आणि राष्ट्रवादी तसेच संभाजी ब्रिगेड यांचाही सामावेश आहे.,neutral,mr
रक्षाबंधन आणि नारळी पौर्णिमेनिमित्त सर्वांना हार्दिक शुभेच्छा!,happy,mr
सूर्य आणि बुध ग्रहाच्या युतीमुळे बुधादित्य योग! या राशींसाठी फलदायी,neutral,mr
दुबळी माणसे भूतकाळात जगत असतात आणि सामर्थ्यवान माणसे भूतकाळातून शिकत असतात.,neutral,mr
पवारांना विचारून घ्या चालेल का?,neutral,mr
भाई तू रिंगणातून केलं का फोन गदगदा हल्ला वाटते. जरा जास्तच टिंब पडले,neutral,mr
"बावनकुळे साहेब तुमचा आधीचा इतिहास तपासा, स्मृतीभ्रंस…; सुषमा अंधारे असं का म्हणाल्यात",angry,mr
आपणा सर्वांना नारळी पौर्णिमेच्या आणि रक्षाबंधनाच्या मन:पूर्वक शुभेच्छा....,happy,mr
पैसे कमावण्यासाठी ही फसवणूक योजना होती,angry,mr
झोपताना दूध पिणे चांगले असते का?,neutral,mr
फोटोंसाठी लिंक ओपन करणार असचाल तर हे घ्या फोटोज्...,neutral,mr
* * *घुग्गुस शहरात आला मगर* *वनविभागाने केले रेस्क्यू*,happy,mr
हा पत्रकार आहे का प्रवक्ता हेच कळत नाही,angry,mr
वाढदिवसाच्या खुप खुप हार्दिक शुभेच्छा..!नवीन वर्षाच्या शूभेश्च्या आपणास,happy,mr
आधीच त्या गल्लीत गर्दी त्यात हे!,angry,mr
असे हवेत ना,neutral,mr
धुलिवंदनाच्या मनःपुर्वक शुभेच्छा…!,happy,mr
गावात नाही शाळा पण आहेत दोन आणि म्हणे लोकभीमुख़,neutral,mr
तालुक्याच्या गावच्या पदी निवड झाल्याबद्दल हार्दिक अभिनंदन माऊली !,happy,mr
ताई अशा करिअर अकॅडमी आपल्या मतदारसंघातील प्रत्येक तालुक्याच्या ठिकाणी हा प्रयोग व्हावा..,happy,mr
पुस्तक वाचनाची सुरवात करण्याची इच्छा आहे. कृपया एखादे छानसे मराठी पुस्तक सुचवावे.,neutral,mr
आलं अला वारा संगी पावसाच्या धारा,neutral,mr
ये भाऊ बंद करून टाक हा शो,angry,mr
स्वतःचे अनुभव मित्राच्या नावावर खपवले जातात अस माझ्या मित्राचा मित्र म्हणत होता,neutral,mr
खासदार सनी देओल आणि संजय धोत्रे यांनी प्रकृतीच्या कारणामुळे उपराष्ट्रपतीपदाच्या निवडणुकीत मतदान केले नाही.,neutral,mr
राष्ट्रसंत श्री. तुकडोजी महाराज यांना व्या पुण्यतिथी निमित्त विनम्र अभिवादन कोटि कोटि वंदन.....,happy,mr
हिंदुत्व साठी तुमच नक्की काय योगदान आहें हे एकधा महाराष्ट्र च्या जनतेला कळु ड्या.,neutral,mr
यांना किंमत द्यायची नाही. हे मंदसैनिक आहेत,angry,mr
भारतदेश की बॅडमिंटन बेटी पी व्ही सिंधु को चायना ओपन विजेतेपद हार्दिक अभिनंदन.,happy,mr
मॅडम मानवतावादी आहेत म्हणे... कमाल झाली विचारसरणीची...,angry,mr
प्रतिभावंत कवी राम गणेश गडकरी यांना जयंती निमित्त शतशः प्रणाम...,happy,mr
कॅम्प मध्ये कुठे आहे हे ?,neutral,mr
कुत्रकारांच काय होणार हाच खरा प्रश्न आहे.,happy,mr
ही तीच लोक आहेत जी बापाने वाढवून मोठं केलं आणी त्यालाच विचारणार तु कोण?,angry,mr
उगा नाटकी करू नको.. आणि नीट धर ती प्रतिमा...,angry,mr
नास्रिक. जाणिवपुर्वक करतात हे. बाप तशी बेटी,angry,mr
"आनंदाने साजरा करु, सण कोजागिरीचा... कोजागिरी पौर्णिमेच्या हार्दिक शुभेच्छा!",happy,mr
"घरावर झालेल्या हल्ल्यानंतर भास्कर जाधवांचे फडणवीसांवर गंभीर आरोप; म्हणाले, “गृहमंत्र्यांकडून आदेश….”",angry,mr
# टाकणारच होते पण म्हटलं जाऊदे.,neutral,mr
श्री गणेशोत्सवा निमित्त आमदार प्रसाद लाड यांच्या कार्यालयास आज भेट देऊन शुभेच्छा दिल्या.,neutral,mr
तुमची झाली का?,neutral,mr
भरती लवकर प्रक्रीया लवकर चालु करावी आशी सर्व मुलांकडुन विंनती आहे,neutral,mr
आपणा सर्वांना महाशिवरात्रीच्या मनःपूर्वक शुभेच्छा.,happy,mr
वन विभागाचे प्रधान सचिव यांच्या उपस्थितीत विभागीय आढावा बैठकीचे आयोजन,neutral,mr
म्हणजे आता भ्रस्टाचार मुक्त चांगले रस्ते होणार,happy,mr
बाकी मी काहीच बोलले नव्हते मग तुला का गुजरात चे पाय दिसले?,angry,mr
""" "" निवडणुक चिन्ह म्हणून वापरला तर चालेल का? घटनातज्ञांनी मार्गदर्शन करावे...",neutral,mr
होळी पौर्णिमा निमित्त सर्व नागरिकांना मनःपूर्वक शुभेच्छा*,happy,mr
पोळा चे अकाउंट हॅक झाले होते ते पूर्ववत झाले का?,neutral,mr
डोरेमॉन मधले प्रत्येक पात्र आवडीचे ...,neutral,mr
वाढदिवसाच्या हार्दिक भगवा शुभेच्छा... ताईसाहेबजय महाराष्ट्र,happy,mr
ओम त्र्यंबकम यजामहे सुगंधिम पुष्टिवर्धनम । उर्वारुकमिव बंधनात् मृत्योर्मुक्षीय मामृतात् ।।,neutral,mr
मेंदूने विचारांनी आणि कपटाने काम करणारा औरंगजेब होता का??? /,angry,mr
तू सुदंर आहेस. त्यामुळं तुला त्याची गरज ही नाही,happy,mr
व्यक्तिकेंद्रित राजकारण समुळं नष्ट झाल्याशिवाय शाश्वत विकास साध्य होणं म्हणजे दिवास्वप्नच ठरेलं.,sad,mr
कोजगिरी पोर्णिमा निमित्त सर्वांना हार्दिक शुभेच्छा !,happy,mr
सदरच्या मेळाव्यासाठीच्या जेवणाची व्यवस्था माझ्याकडे होती.,neutral,mr
"खडकू व छिद्र असलेला ढेला, एक आणा",neutral,mr
जय स्वामीनारायणगणपती बाप्पा मोरयामंगलमूर्ती मोरया !!,happy,mr
अल्पसंख्याकाना करण्याशिवाय काय काम आहे या लोकांकडे?,angry,mr
बिजेपी म्हणजे एक नंबरची हरामखोर पार्टी,angry,mr
महाराजांची जयंती तिथीनुसार साजरी करण्याच्या निर्णयावर ठाम राहिलेल्या राज ठाकरे यांचे मनपूर्वक अभिनंदन।,happy,mr
बरोबर आहे पण ही अक्कल तुम्ही फक्त हिंदू सणांच्या वेळीच शिकवता...,angry,mr
‘माहेश्वरी’च्या वतीने भागवत कथा समारोहाचे आयोजन ./_,neutral,mr
ची नोटीस आली होती काय करणार.,neutral,mr
महाराष्ट्राची आणि देशाची म्हणजे ॽ महाराष्ट्र कोणत्या देशात आहे ॽ,angry,mr
भाऊ तुम्हाला पण फोल्लोवेर्स पूर्ण झाल्याबद्दल अभिनंदन,happy,mr
कोण बनवत आहे हे?? नालायक कुठचे!!!,angry,mr
सत्तेत असताना त्या संघटनेची केळी चोखत होता...,angry,mr
कॉंग्रेस नेते दिग्विजय सिंह हे कोचीनहून दिल्लीला रवाना होत आहेत.,neutral,mr
जी आपणांस वाढदिवसाच्या हार्दिक शुभेच्छा !!,happy,mr
"पर्याय नाहीये, त्यांना टाळ्या सु्दधा मजबुरीने वाजवाव्या लागतात",sad,mr
पुस्तपालन आणि लेखाकर्म,neutral,mr
इचलकरंजी चे अक्षय कुमार आमचे मित्र मा.अक्षय मुळे साहेब यांना वाढदिवसाचा हार्दिक शुभेच्छा,happy,mr
तुमच्या बद्दल अशी काही बातमी आता येणार पण नाही याची खात्री आहे आम्हाला,neutral,mr
"नक्कीच अधोगती होते आहे, पण कुणाची",neutral,mr
गल्लीत गोंधळ आणी दिल्लीत मुजरा कसा करावा हे सर्वांनी तुमच्या कडून शिकलं पाहिजे.,angry,mr
भाजपाला ते हारणार होते याचा अंदाज नक्कीच आला असावा.,neutral,mr
तुझ्या बोडख्याच काय गेल? तू काय उद्धट / पेंग्विन ची चाटत बसलेली असतेस का?,angry,mr
लोकांना मारायचं काम करा तुम्ही लोक तुम्हाला मारतील,angry,mr
"सर्वसामान्य लोक तुजेवर उत्तम प्रतिक्रिया देत आहेत, तुज्या तोंडाला समृद्धि मिळणे होईल.",happy,mr
"कितीही उड्या मारू देत, ह्यांचा शेवट त्यांच्या कर्माने जनतेच्या दरबारात होणार आहे",angry,mr
पंचगव्य घेऊन पवित्र साथीदार आहेत हेच महत्त्वपूर्ण योगदान आहे‼‼,happy,mr
तळेगावलाच येणार होता. आठवतय ना??,neutral,mr
आम्ही बिघडत नाही.... ते आमच्यापेक्षा चांगले होत आहेत.,neutral,mr
अंधेरी विधानसभा पोट निवडणुकीमधून भाजप उमेदवाराची माघार घेणे ही घटना कोणत्या राजकीय पक्षाला फायद्याची ठरेल?,neutral,mr
तुमच्या{भाजप}सारख्या धोकेबाजावर विश्वास ठेवण्यापेक्षा न्यायदेवतेवर विश्वास ठेवणं कधीही चांगलं हे गद्दारांना उशिराने कळेलं!!!!,angry,mr
हो पण हे मिळणार कधी पासून..???,neutral,mr
अशा प्रकारचे मनोरंजक संदेश तुम्हाला कुठेही सापडणार नाहीत म्हणून तुम्ही हे पहावे,neutral,mr
तुझ्याकडे तुझा फोटो आहे का खरा तो लाव ना,neutral,mr
कोण तरी चोम्या सांगतो म्हणून ऐक नारी आंधळी भक्त भ्रस्टाचारी जनता पार्टी,angry,mr
सदैव तत्पर असणारे देवेंद्र फडणवीस हे खरंच ग्रेट आहेत.,happy,mr
जय श्री महाकालेश्वर मित्र,neutral,mr
भिजलीस का? पण विचारतील लोकं..,neutral,mr
अस्सल पुणेरी कोल्हापूरकरांसाठी खास मिसळ आणली असेल ही ....,neutral,mr
"फक्त मार्केट रोड लाच करणार का पॅच?? आतले रोड तसेच आहेत.. , .",angry,mr
शिवसेनेने आपल्या कोर्ट केस मध्ये मुकुल रोहतगी यांची ही मदत घ्यावी,neutral,mr
सरकार खरचं जनधन अकाउंट धारकांना तीन हजार रूपये दिवाळी बोनस देणार आहे का?,neutral,mr
"देवराई, वनराई प्रकल्पांसाठी अर्थबळ महाराष्ट्र सरकार देणार./-/…",neutral,mr
लग्नापुर्वीच्या विधीसाठी अभिज्ञाचा हा गोड अंदाज तुम्हाला नक्कीच आवडेल ../-…,happy,mr
गोंदिया रेल्वेस्थानकावर पॅनलद्वारे केव्ही सौरऊर्जा निर्मिती ./ /,neutral,mr
अमरावती जिल्ह्यातील बगाजी सागर धरणाचे विहंगमय दृश्य पर्यटकांचे आकर्षण,neutral,mr
तुमच्या बायका उघड्यावरच का अजुनही,angry,mr
ब्रिटिश काळातला सोडुन सगळि वापरलीत. बरीचशी अजुनही संग्रही आहेत,neutral,mr
हनुमान पौर्णिमा,neutral,mr
"सुप्रभात , हे भारी आहे",happy,mr
कोल्हापूरचे यांचे हजारी झाल्याबद्दल खूप खूप अभिनंदन,happy,mr
"त्या तरुणाने उगाच त्याला त्रास दिलेल, कधी बोलणार, हा गुन्हा स्वतःचा बचाव केल्यामुळे झालंय.",sad,mr
"सुरुवातीचा क्षण सास्लिप मधले सगळे खेळाडू धावताहेत हे अविस्मरणीय, आता पर्यंत असे इतर देशांचे पाहत होतो",happy,mr
लटके कोर्टात गेल्या तेव्हा झोपला होतास का? तेव्हा संस्कृती कुठे होती,angry,mr
हे डांगीत शेपूट घालून कोण पळालं होत रे...,angry,mr
हा हा हा.......... झासाराम...,happy,mr
गणपती बाप्पा मोरया मंगल मूर्ती मोरयाआपणास च्या अनंत शुभेच्छा!,happy,mr
"किती वेळ सांगत होता, मी ऐकलं नाही",sad,mr
हे खास आपल्या सारंख्या तथाकथित पत्रकारासाठी आणि सरकारच्या कार्यकर्तासाठी आहे.,angry,mr
आमच्या घराच्या बाहेर ही दगड आहेत बहुतेक उबाठा वाले हल्ला करणार असतील माझ्यावर,fear,mr
गुन्हा नाही सत्य बोलले आहेत ते,angry,mr
शांता शेळके काय होती हे या बुद्धीहीन माणसाला माहीत आहे का?,angry,mr
सहानुभूती वाढली की नाही ते माहीत नाही पण पाकीटाचे वजन नक्कीच वाढले आहे.,angry,mr
कमजोर डोळ्यांसाठी 'हे' उपाय जरुर करुन पहावेत...,neutral,mr
ही महिती तुम्ही दिली आहे का,neutral,mr
श्री गणेश आगमणाच्या सर्वांना महाराष्ट्र नवनिर्माण सेनेतर्फे हार्दिक शुभेच्छा,happy,mr
भाजप नेत्यांना जबरदस्त खाज आहे असल्याना जवळ करण्याची,angry,mr
कोजागिरी पौर्णिमेच्या आपणांस आणि परिवारास मंगलमयी शुभेच्छा !,happy,mr
"ठाकरे यांच्या चौकशीच्या मागणीने तुमचा उत्साह वाढला, तुम्हाला सुटकेसाठी तयार केले!",happy,mr
*होळी (हुताशनी पौर्णिमा) सणामागील शास्त्र* ./__…,neutral,mr
अरे पण पैसे घ्या फुकटात नको द्या.,neutral,mr
तरीपण ठाकरे गटाला दक्का अशी बातमी येईल,neutral,mr
दाबण्या बरोबर पिळायला ही सांग त्याला!,neutral,mr
आधी मंत्री असावे लागते असे वाटते,neutral,mr
"मुतरा सर्वात अगोदर फुटणार, नंतर वांगेवाली काकू श प गटाची अध्यक्ष होणार...!!",angry,mr
एका महिलेशी कसे वागलात? वयोव्रुध्दाशी कसे वागलात? विसरलात का?,angry,mr
"तीन नेपाळी कोंबडे कापुन बघा, पनौती दुर होते का.",angry,mr
वाढदिवसानिमित्त हार्दिक शुभेच्छा साहेब,happy,mr
माझे वर अडकलेत... कमी होतायत उलट,sad,mr
मशाल ही विझू द्यायची नाही,neutral,mr
यशस्विनी सामाजिक अभियान वर्धापनदिनाच्या हार्दिक शुभेच्छा.. सांगली यशस्विनीकडून..,happy,mr
साळवे आणि सदावर्ते लग्नाचा गोंधळ (खेळ) खंडोबा दर्शन,neutral,mr
"यावर बाळासाहेब म्हणाले होते, हे राज आणि उद्धवसाठी नाही, तर अवघ्या महाराष्ट्राच्या हितासाठी आहे.",happy,mr
तू ठाकरेच्या घरात धुणीभांडी करतोस आणि तू इतरांना भक्त म्हणतोस.,angry,mr
"अतुल कुलकर्णी,राहुल कुलकर्णी आणि मकरंद देशपांडे सुद्धा लाल सिंग चड्डी समर्थनासाठी उरलेत..",neutral,mr
पेरियार यांनी लिहिलेल काही ना काही तरी रोज सामाजिक स्तरावर वाचलं गेलंच पाहिजे.,happy,mr
म्हणजे बघून तुम्ही लगेच मिसळ खायला जाल...,neutral,mr
सोशल मीडियातील ओळखीतून तो विवाहितेचा सतत पाठलाग करीत होता.,fear,mr
येईल हो ताई ट्विट खाली त्याच्या भावाचे फोटो आहेत हे,neutral,mr
खर्या हिंदुत्ववादी एकनाथ शिंदे साहेबांच्या हातात योग्य चिन्ह आणि पक्ष आहे....,happy,mr
हार्दिक अभिनंदन तुम्ही त्यांची परंपरा कायम राखलीत...,happy,mr
भाषा ही फक्त भाषा असते ज्ञान नसतं रे गोट्या..,angry,mr
होय माझ्याकडे आहेत बर,neutral,mr
दुपारी वामकुक्षी घेतो त्यावेळेस असे खूपदा झालंय,neutral,mr
नववर्षाच्या आपणा सर्वांना मन:पूर्वक शुभेच्छा !!,happy,mr
आजचा दिवस म्हणजे पालथ्या घड्यावर पाणी याचा प्रत्यय देणारा असो चालायचंच,neutral,mr
माझ्यासाठी हा महाराष्ट्र फक्त छत्रपती शिवराय आणि छत्रपती शंभूराजेंचा आहे,happy,mr
पी. व्ही सिंधू जागतिक बॅटमिंटन स्पर्धेत विजयी !,happy,mr
"मी या बातमीबद्दल खूप उत्सुक आहे, मी हे पाहण्यासाठी आतुरतेने वाट पाहत आहे.",happy,mr
एकदम बरोबर आहे साहेब,happy,mr
या ट्विट ला आलेल्या कॉमेंट ताई पर्यंत पोहोचतात का?,neutral,mr
फडणवीस परत आलेत. त्यामुळे आपल्या दुखण्याने पुन्हा उचल खाल्ली असेलच. सक्रिय व्हा.,neutral,mr
रंगपंचमीच्या हार्दिक शुभेच्छा,happy,mr
ज्याला करायचे आहे पाप त्याला मध्ये नोकरी मिळेल आपोआप ..,angry,mr
छान माहिती दिली आहे,neutral,mr
वाढदिवसाच्या मनःपूर्वक शुभेच्छा बाबांना,happy,mr
शुगर होती पण नॉर्मल म्हणुन गोळ्या बंद केल्या.,neutral,mr
"लम्पी चर्म रोग प्रादुर्भावामुळे शेतकरी, पशुपालक यांच्या मृत पावलेल्या पशुधनास अर्थसहाय्य",sad,mr
या निर्णयामुळे पारेषण कंपन्यांचे रखडलेले विविध प्रकल्प पुन्हा सुरू होतील,neutral,mr
ठरवून आहे..असच वाटतय..,neutral,mr
प्रेरक प्रसंग- पंडित ओंकारनाथ ठाकुर हे आज आपल्या मंचावर येणारेत.,happy,mr
आपण फारच आशयघन मुद्द्याला हात घातल्याबद्दल आपले मनःपूर्वक घन-आशय आभार.,happy,mr
साहेब या मधल्या लोकांमुळे लोक पक्ष सोडून गेलेत,angry,mr
या महिला काय स्पेशल आहे का अट शिथिल करायला?,angry,mr
आता नाना पण कडेला लागणार... खूप कड घेत होता..सामान्य माणसाची... लागला वाटेला आता..,sad,mr
लोकमतवाले पण मस्त जोक मारतात,neutral,mr
"महामहोपाध्याय, भारतरत्न डॉ. पांडुरंग वामन काणे यांना स्मृतिदिनानिमित्त विनम्र अभिवादन",happy,mr
ते दांड्यान ढुं...... सुजल असेल बहुतेक म्हणून माघार का??,angry,mr
"“महाराष्ट्राच्या भविष्यासाठी, सर्व ठाकरेंनी, आता तरी एकत्र यायला हवं”",happy,mr
असे पन भाजपाचा पराभव होणारच आहे,happy,mr
हम्म ते तर आहेच आपला जन्म त्याचसाठी तर आहे,neutral,mr
"हे आता अतीच झालय,ताई तुमचं",angry,mr
प्रेम बघुन डोळे भरूण आलेत,sad,mr
हे जितु जा बरं भो तू लवकर जागा खाली कर,angry,mr
"लोक काय म्हणतील ह्या गोष्टीत अडकू नका, आपले घर आपल्याला चालवायचे आहे.",happy,mr
या समाजाचा कणा असलेल्या शेतकऱ्यांना श्रद्धांजली म्हणून आज पशु मेळा भरत आहे.,happy,mr
ज्या दिवसाची आपण सर्वजण वाट पाहत आहोत तो दिवस आला आहे,happy,mr
चाटूकार आहे हा पत्रकार ह्याला ब्लॉकच करा,angry,mr
तुमचं उभं आयुष्य भूमिकेत अन गुजरात च भलं करण्यात जाणार आहे,neutral,mr
सर्वे केला त्या दिवस करवा चौथ होती हो .. घात झाला. .एक भक्त,neutral,mr
आज सर्वात आनंदी माणूस म्हणजे शरद पवार सोनिया सेना करण्यात पूर्णपणे यशस्वी.,happy,mr
देश विकून का,angry,mr
हुमाने तिच्या इंस्टाग्राम पेजवर लेटेस्ट लुकचे काही फोटो शेअर केले आहेत..,neutral,mr
कोणतीही निशाणी मिळाली तरी कपाळावर लागलेली फुटीर आणि गद्दार ही निशाणी पुसता येणार नाही!,angry,mr
गणेशोत्सव निमीत्त सर्व गणेश भक्तांना महाराष्ट्र नवनिर्माण सेनेच्या वतीने सर्वांना हार्दिक शुभेच्छा !,happy,mr
तुम्हाला यावेळेस तिकीट मिळणार आहे का??,neutral,mr
जणू ढाल तलवार घेवुन पाक बाॅर्डर वर जाणार आहेत.,angry,mr
आमदार/खासदार/नगरसेवक खरेदी साठी पैसे आहेत सरकार कडे... पण गोरगरीब जनतेच्या मुलांच्या शिक्षणासाठी नाही.,angry,mr
ही चांगल्या दिवसाची सुरुवात म्हणायला हरकत नाही,happy,mr
हा काळा खेकडा हयाची जातच नांगी मारण्याची,angry,mr
भाऊ नका मनावर घेऊ काही .,neutral,mr
शेण आणि स्वमुत्र खायला,angry,mr
भाजपने पंढरपूर का लढवले? अंधेरी मधे पराभव आणि त्यामुळे...लोकांना सत्य माहीत आहे.,angry,mr
नवीन वर्षाच्या हार्दिक शुभेच्छा भाऊ..,happy,mr
मराठी बोलायला लाज वाटते का?,angry,mr
आयुष्य हे चित्रासारखं आहे. त्यात मनासारखे रंग भरले की ते फुला सारखं फुलून दिसतं...!,happy,mr
होय असे बऱ्याचदा होते,neutral,mr
तेच होत नेक्स्ट ट्विट,neutral,mr
सर्वांनांच शेतकऱ्यांचा कळवळा योतो पण शेतमजूरांचा कोणीच वाली नाही...,sad,mr
"सरळ ""राम नाम सत्य है"" लिहून मोकळे व्हा..!",angry,mr
भक्तांच हे नेहमीचच असत... चित भी मेरी पट भी मेरी..,angry,mr
अच्छा.. तुमच्या वर सुध्दा गुन्हा दाखल केलाय त्यामुळे ईतका खटाटोप होय..,angry,mr
हे महापुरुष जेल मध्ये घोटाळे करू येऊन अक्कल शिकवत आहेत,angry,mr
पी व्ही सिंधू ने बॅडमिंटनमध्ये गोल्ड मेडल जिंकले.,happy,mr
अभिनंदन मराठे ... केम्ब्रिज गाजवून या ..,happy,mr
मी अगोदर ची भाषणे ऐकली आहेतत्यामुळे काही भिडलं नाही,neutral,mr
भुजबळांनी भुजबळ नाॅलेज सिटीला महात्मा फुलेंचे किंवा सावित्रीबाई फुले यांचे नांव का दिले नाही...?,happy,mr
आता खेकड्यांचा आणी पालीचा शोध लावणारे सुद्धा राजकारणात यायला लागले...!,angry,mr
अशा डोपिंग टेस्ट मुले पारदर्शकता येईल व प्रामाणिक पणे प्रयत्न करणाऱ्या मुलांवर अन्याय होणार नाही,neutral,mr
"प्रेमात, युद्धात आणि राजकारणात सर्व काही माफ असतं... सर्वांना पुढील यशस्वी वाटचालीसाठी शुभेच्छा",neutral,mr
राखीपौर्णिमेच्या आणि नारळी पौर्णिमेच्या हार्दिक शुभेच्छा सर्व बंधू आणि भगिनीनो,happy,mr
जागेचे वाटप हा कळीचा मुद्दा!,neutral,mr
वासाचा व्यवसाय दूर दूर - पार विदेशापर्यंत पसरो - हीच सुगंधी शुभेच्छा !,happy,mr
विनायक चतुर्थीचाया हार्दिक शुभेच्छा. गणपती बाप्पा मोरया. मंगल मूर्ती मोरया,happy,mr
महाराष्ट्रात पण असच झालंय ला उप आणि मुख्य,neutral,mr
"माणूस भन्नाट आहे, सर कवितांचे पुस्तक प्रसिद्ध करा शंभर टक्के खात्री आहे हिट होणार",happy,mr
"आपण तपास यंत्रणा ऑफिस, राजभवन हे अड्डे बनवुन सत्ता आणली त्याचे काय?",angry,mr
हे जे आज भाजपने माघार घेऊन केलंय ते पटलं का तुम्हाला.,neutral,mr
तुझ्या बापाने होता तो पक्ष विकून टाकला आणि सोबत तुम्हाला पण,angry,mr
हा प्रकार करून शिंदे गटाने व ने स्वतः च्या पायावर धोंडा मारून घेतलाय का??,happy,mr
शेणक्यांना समजलं पाहिजे ठाकरे संपत्ती जमा करत आहेत आणि हे जेलमध्ये.,angry,mr
ज्येष्ठा गौरी पुजन निमित्त सर्वांना महाराष्ट्र नवनिर्माण सेनेतर्फे मंगलमय शुभेच्छा,happy,mr
आपण सर्वांना होळी पौर्णिमा खूप खुप शुभेच्छा,happy,mr
तुम्ही मुघलांचा इतिहास वाचल्या सारखे का करता मग...,angry,mr
काही होत नसेल. आणि केलं तर केलं,neutral,mr
खूप चांगले काम करता भाऊ तुमच्या कामाबद्दल तुमचे अभिनंदन,happy,mr
त्यासाठी खाली लिहिलं आहे ना,neutral,mr
स्थानिक घेऊनच तयार होते हे खरंच कौतुकास्पद आहे.,happy,mr
नेहमीच शेतकऱ्यांच्या हितासाठी काम करणारा एकमेव नेता नरेंद्र मोदीजी,happy,mr
जय महाराष्ट्र मराठी मातीची शान मराठी बोला,happy,mr
आज विराट कोहली ‘हा’ मोठा विक्रम आपल्या नावावर करणार !,happy,mr
फाल्गुनी पौर्णिमा की रात.,neutral,mr
ही असली भाषा वापरणारे महाराष्ट्राचे मुख्यमंत्री आहेत की इतर कोणी..??,angry,mr
अर्धवट माहिती पसरवू नकोस रताळ्या,angry,mr
आता उद्या परत जाऊन सांगा त्याना.नाही ऐकलं तर राजारामपुरीत नेऊन समजवा.,angry,mr
अरे मुर्खा ऑक्टोबर ला दिला आहे,angry,mr
"प्रो कबड्डी लीग नवव्या हंगामाच्या तारखा जाहीर, या तीन शहरांमध्ये होणार सामने",neutral,mr
भाजप मध्ये घराणेशाही नाही बर बर का....,angry,mr
षडयंत्र म्हणतात ते आहे हे सगळं,angry,mr
किंवा सर्फ एक्सेल मध्ये धुवून काढल्या सारख्या पांढऱ्या शुभ्र गाई आहेत सुप्रभात,neutral,mr
कोरेगाव भीमा येथील विजयस्तंभाच्या व्या वर्षपूर्ती दिनी लाखोंची गर्दी | ./-…,happy,mr
बाळासाहेब पण भरपूर आहे दांडा बाई पण ठाकरे एकच आहे,happy,mr
"प्रकल्प गेला त्याच दुःख नाहीये, कमिशन दुबल त्याची खद खद आहे हि.",sad,mr
आज गोपालभाई कुंभार असल्याने भाजपला अटक होत आहे.,neutral,mr
"न्याय देवतेने मोटा भाई ला तडीपार केला होता, त्यामुळे विश्वास आहे",happy,mr
माझ्या माहितीप्रमाणे वाळकं हा शब्द कोल्हापूर भागात जास्त प्रचारीत आहे..,neutral,mr
शाळांतून धर्मनिरपेक्षता जोपासल्या जाणे हे संविधानाला अपेक्षित आहे.,neutral,mr
माण देशी फाउंडेशनमुळे महिलांच्या कष्टाला सन्मान : सुभाष देसाई ../--…,happy,mr
रोजगार निर्माण आणि जतन याकडे गांभीर्यपूर्वक लक्ष दिले जाईल ही अपेक्षा...,neutral,mr
आई तुळजाभवानी आपणास उदंड आयुष्य देवो हीच ईश्वर चरणी प्रार्थना वाढदिवसाच्या हार्दिक शुभेच्छा,happy,mr
गद्दारांनां पुन्हा पुन्हा आठवण करून द्यावी लागते कारण गद्दार हे गद्दारच असतात.,angry,mr
ची सुरूवात यापेक्षा सुंदर असूच शकत नाही,happy,mr
आज दारि्द्र वाढवणारा दिवस साजरा केला तर चालेल का.? सर्व राजकारणी चोर आहेत.,angry,mr
मी ... ह्यातून काय समाज प्रबोधन होणार हे त्यांनाच ठाऊक ...,angry,mr
“लटकेंचा राजीनामा स्वीकाराला नाही तर…..ठाकरेंकडे आहेत हे तीन पर्याय”,neutral,mr
मनसे नावाचा पक्ष आहे जिथे कार्यकर्त्यांना मनसे व्यक्त होण्याचे ही व्यक्तिस्वातंत्र्य नाही.,sad,mr
आपल्या मध्ये जागा दिल्याबद्दल आपले विशेष आभार सर,happy,mr
इस्रोच्या ‘एसएसएलव्ही डी ’ अग्निबाणाचे यशस्वी प्रक्षेपण ./-/…,happy,mr
"स्वतःच्या अनुभवातुन शिका, त्याच बरोबर दुसऱ्याच्या अनुभवातुन ही शिका...",neutral,mr
महाराष्ट्रात हल्ली चाललेल्या गल्लिच्च राजकारणाबद्दल खालील समर्पक दंतकथा लागु होते .,angry,mr
"…म्हणून मशाल चिन्हांवर निवडणूक लढवली होती, छगन भुजबळांनी सांगितला चिन्हांबाबतचा ‘तो’ किस्सा",neutral,mr
हि भूमिका महाराष्ट्राच्या संस्कृतीला साजेशी आहे.. अतिशय स्वागतार्ह निर्णय..,happy,mr
फाल्गुनी पौर्णिमा चंद्रप्रभा पसरली रात्र चांदणी,neutral,mr
जसा जसा हायार पोझिशनला जाणार तसतसा वेळ कमी मिळणार,neutral,mr
गोवा मुक्ती दिनाच्या हार्दिक शुभेच्छा,happy,mr
भाजप सोबत आहे ही बाई. किती वेळा तोंडावर पडणार अंधभक्त,angry,mr
हिंदुत्ववादी सरकार म्हणजे हिंदूंचा छळ करणार सरकार असा अर्थ होतो का?,angry,mr
खाताना भाजतय आणि परसाकड जाताना पण,angry,mr
निर्लजजपणचा कळस किती मूर्ख असतात ही लोक...,angry,mr
आणि भाजपा ला मत म्हणजे लबाडांच्या टोळीला मत.. आच्छे दिन आले का....?,angry,mr
माझ्या सगळ्या भावांना आणि बहिणींना रक्षाबंधनाच्या हार्दिक शुभेच्छा!,happy,mr
तुझा विषाय एकच होता गुजराती प्रेम त्यात डोक लावायची जरूर नाही,angry,mr
अप्रतिम लेख आहे अचूक माहिती धन्यवाद सर जी,happy,mr
काय नॉनसेन्स आहे हे,angry,mr
उठाचा बाजार उठलाय आहे म्हणून फुकटची नौटंकी करतोय महानगरपालिकेत कबाडा नक्कीच होणार आहे,angry,mr
ते बहुतेक वाघ बोलले पण हा तर लबाड बोका दिसतोय,angry,mr
तू करत नाहीस का फक्त फडणवीस फडणवीस..,angry,mr
भटाने उत्तम काम केले आहे,happy,mr
“गुणवंत विद्यार्थी गौरव समारंभ”या कार्यक्रमा संदर्भात आजच्या वर्तमानपत्रांमध्ये प्रसिद्ध झालेल्या बातम्या आपल्याला आवडतील .,neutral,mr
मोदी नी फक्त तोडण्याचे काम केले.,angry,mr
सर्व पोलिस हुतात्म्यांना आदरांजली जयहिंद,happy,mr
"प्रत्येकजण उत्साह आणि विश्वासाने भरलेला आहे, पण आतून काहीशी बेरोजगारीची भीती आहे.",fear,mr
कृष्णंम् वंदे जगतगुरु!!,happy,mr
पवित्र श्रावण महिन्यानिमित्ताने निसर्गरम्य आणि प्राचीन वरदडी येथील शनिमंदिर येथे भाविकांची गर्दी,neutral,mr
रक्षाबंधन आणि नारळी पौर्णिमेच्या हार्दिक शुभेच्छा!,happy,mr
स्तुत्य उपक्रम आणि योग्य विचार..!,happy,mr
देशाचे सरन्यायाधीश म्हणून चंद्रचूड यांची कारकीर्द का महत्वाची? जाणून घ्या,happy,mr
काय कारवाई होणार का ह्यांच्यावर??,angry,mr
छान अनुभव नेमक्या शब्दात मांडलेस,neutral,mr
बाकी जाऊ दे संपादकाचे अक्षर किती भंगार आहे,neutral,mr
सर सुविचारांचे पुस्तक हरवले का?,neutral,mr
भारत डिसेंबर पासून जी चे अध्यक्षपद भूषवेल आणि मध्ये जी नेत्यांची शिखर परिषद पहिल्यांदा बोलावेल.,happy,mr
कोर्टाने सांगितलं कोण रडतंय ते. घाण राजकारण चालू आहे हे पण नमूद केलं.,angry,mr
साहेब आपणांसपण नवीन वर्षाच्या हार्दिक शुभेच्छा,happy,mr
"चिखलात लोलुन, मी कसा दिसतो ? हे दररोजचच आहे काल म्हात्रे बाई आज सावंत",angry,mr
हा माणुस नक्की डोक्यावर पडला आहे,angry,mr
हा थापा बाळासाहेबांचा निकटवर्ती वाटतो यांना?,angry,mr
अस लै वेळेस होत पुन्हा आहे आहे जाग्यावर आहे होत,neutral,mr
निवडणुक आयोगाच सोडा.. तुम्ही सी डी च्या दबावाखाली काम करीत आहात...!!!,angry,mr
ज्या ऐतिहासिक इमारतीला बनविण्यासाठी वर्ष लागली ती जवळून पाहताना खुप आनंद होतोय.,happy,mr
होऽऽना आता साहेबाँनच कापून टाका आणि शील्लक सेना करा अरबपती! निर्लज्जतेचा कळस आहे हा!,angry,mr
"संकट काळातील व्यवस्थापनाची ही मदत सर्व सहकाऱ्यांचे मनोबल उंचावणारी आहे. , ,",happy,mr
"महादेव वाह,अतिसुंदर व्याख्या",happy,mr
"कोल्हापूर, देगलुर आणि पंढरपूर पोटनिवडणुका हे सिलॅबस बाहेरचे प्रश्न आहेत!",happy,mr
"त्यांच्या आवाक्याबाहेर आहे, म्हणूनच हे धार्मिक मुद्दे सामोर करतात।",angry,mr
म्हणून म्हणतो सावंत अभ्यास वाढवा .. आमदार नाही पण नगरसेवक तर नक्की होणार ...,angry,mr
दिवाळीनिमित्त पणत्या कंदील रांगोळी विकण्यासाठी येतात त्या लोकांसाठी हे पत्र आहे फेरीवाल्यांसाठी नाही,neutral,mr
लग्नाच्या वाढ दिवसाच्या हार्दिक शुभेच्छा ताई..,happy,mr
तू एकच शाहना बाकी सर्व चू आहेत सर्वोच्च न्याय लय सुधा,angry,mr
"बाहेर एकनाथ शिंदे आत दुसरा शिंदे,ते हि कन्फर्म नाही..खोटी पत्रकारिता",angry,mr
हा नाही बोलू शकनार..!!,neutral,mr
मग अजुनही वेळ गेलेली नाही काळी पिशवी.....मरगळ तर हटवीच व चैतन्याचा झरा ही देईल...,neutral,mr
गाढवाचा तरी काहीतरी उपयोग असतो. ह्या खायला कहार आणि भुईला भार,neutral,mr
अबे तुझा बाप होता ज्यांनी तुझ्यासारखा पोराला जन्म दिला,angry,mr
अहो ते मुरजी पटेल गुडघ्याला बाशिंग बाधून कधीच बसले आहेत.,happy,mr
बर ते जाऊ दे भाई ते रिंगण चे दर कमी झाले की नाही,neutral,mr
आळशी.. खुप आळशी... अन मग येतात ज्यांना जेवायचा पण कंटाळा येतो..,neutral,mr
हे बरोबर नाही अध्यक्ष महोदय. वेळ कुणावरही येऊ शकते,neutral,mr
काही लोक प्रसिद्धिसाठी कोणत्याही थराला जातात.ही मानसिकता विकृतीचे दर्शन आहे,angry,mr
चिल्लर वर बंदी नव्हती... नोटांवर होती...,neutral,mr
सोमवार ते शनिवार करायलाच लागते अंघोळ मला पण रविवारी ही करायची का,neutral,mr
दादा नवीन वर्षाच्या मंगलमय शुभेच्छा !!,happy,mr
( = चित्पावनी) हे मस्त जमलय,neutral,mr
जातीवादी मानसिकता वाढीस लावण्या साठी असे प्रयत्न होत असतात.,angry,mr
महाराष्ट्राला लाभलेले उत्तम व अभ्यासू नेतृत्व,happy,mr
स्वाक्षरी साठी आभारी आहोत आम्ही मराठी लोक.,neutral,mr
आपणास व आपल्या परिवारास नववर्षाच्या हार्दिक शुभेच्छा!!,happy,mr
जय महाराष्ट्र शिवसेना कधीच संपणार नाही...,happy,mr
आता काही नाही शिल्लक. एन्जॉय,happy,mr
अभिनंदन... साठी...,happy,mr
अगदी बरोबर बोलल्या आहेत त्या.,happy,mr
सार्वजनिक भीम जयंती उत्सव समितीच्या वतीने महाजलसाचे आयोजन ./?= &_…,neutral,mr
आमदार चंद्रिकापुरेंच्या हस्ते माहुरकुडा येथे विविध विकास कामांचे भूमिपूजन ./ /,neutral,mr
काही फरक पडत नाही,neutral,mr
"साहेबांचे असे फोटो नका टाकू , ओकारी येते हो",angry,mr
गुणवंत शिक्षक तयार करण्याचे आव्हान ./ /,neutral,mr
रिप्लाय बघून मन भरल....ही आपली लायकी...आणि म्हणे पत्रकार.....,sad,mr
"रुपया गडगडत नसून, डॉलर वधारतोय असे विधान करणाऱ्या अर्थमंत्र्यांना भाजपनेच घरचा आहेर दिलाय.",angry,mr
"तुम्ही आई बसली बोलू नका, पण मी माझा बाप बसलाय बोलणार",angry,mr
"हो का , बरे झाले संगीतले महाराष्ट्र जनतेले माहित",neutral,mr
गद्दारी करणे ही पण आपली संस्कृती नाहीच,angry,mr
तात्या शेजारी दिसत नाही का तुला,neutral,mr
पुढच्या दक्षिणायन पर्यंत आत ठेवता का आता ?,neutral,mr
", ने आपल्या खांद्यावर बंदुक टेवुन शिवसेना संपवू पाहत आहेत ..विचार करा",angry,mr
लाथा घालून... हे प्रकार उधळले पाहिजेत..??,angry,mr
तुला कुत्र्यागत मारला आहे त्यानी त्यामुळे तुला तसे वाटत आहे,angry,mr
तुमचे युटर्न शेठ काय फक्तं टोमणे मारायला आहेत का फक्तं.,angry,mr
यावर्षी गाळ इमानदारीने काढला का? निवडणुक आहे म्हणून,angry,mr
येथे अनेक हसरे माणसे देखील दिसतील,happy,mr
पवार साहेबांना विसरला का.,angry,mr
हसणारे चु आहेत का हरामखोर,angry,mr
त्रिवार आभिनंदन आणि..... हार्दिक शुभेच्छा,happy,mr
तात्या सर काय म्हणती ही बघा जरा...,neutral,mr
आयला ! हे पनवेलचं उपमहापौर होतं म्हणे... धन्य रे बाबा याला निवडून देणाऱ्यांची,angry,mr
आदित्य हा लोक नेते आहेत... दादरचे,happy,mr
उद्धव सराणा लवकर नाही समजल तर काही खर नाही,fear,mr
ही कंच्या गटाचं हैत?,neutral,mr
दिल्ली समोर झुकणार नाही बोलणारे आता झुकत जाणार का,angry,mr
तोता तेरी उलटी गिन्त्ती चालू होणे वाली हे,neutral,mr
आतल्या ची लायकी भाजप अध्यक्ष होण्याची लायकी असेल पण त्याला कुत्रा बनवून टाकला..,angry,mr
"चांगले सरकार आहे, प्रश्न विचारु शकतात",happy,mr
अभिनंदन.अशीच प्रगती होत राहो..,happy,mr
तिकडून आला मुर्खांचा घोळका...त्यात आमच्या उद्धव ला ओळखा....,angry,mr
तंत्रज्ञानाचा वापर विकासासाठी करणे म्हणजे खरी प्रगती आणि,neutral,mr
आपण दिलेल्या या योगदानाबद्दल दोघांनाही मानाचा मुजरा.,happy,mr
यशस्वी माघारची दिली का?,neutral,mr
"मुद्देसुद बोलणार्या म्हणून बद्दल आदर आहे, पण तुम्हीसुद्धा !!!",happy,mr
शंभूल्या लायकी पाहून बोल रे शेवटी गद्दार हा डाग कधीही पुसल्या जाणार नाही,angry,mr
हे तर बरोबर आहे तुमचं का पोट दुखतय,angry,mr
केंद्रीय निवडणूक आयोगाकडून शिंदे गटाला ढाल-तलवार चिन्ह देण्यात आलं आहे!,neutral,mr
पण कोणती?,neutral,mr
ते ढाल तलवारीचे काही कुठे दिसत नाहीत?,neutral,mr
मानधन वाढी बद्दल प्रश्न मांडल्या बद्दल मी आपले खुप खुप आभारी आहे.,happy,mr
म्हणजे वागळया परत कलम लावायच अस म्हणण आहे का तुझ.,neutral,mr
शुभ रात्री अश्विनी....झोपा आता....तुमचे शेठ घाबरतील,neutral,mr
नांदूरमध्यमेश्वरमध्ये हून जास्त प्रकारचे पक्षी,neutral,mr
हे शेणक्याचें विचार कपटी राजा आणि त्याची वडापाव प्रजा,angry,mr
"दादा, आपणांस नुतन वर्षाच्या हार्दिक शुभेच्छा..!!",happy,mr
सगळ्यांचे सारखे म्हणून मिस्टेक झाली,neutral,mr
हे प्रेम कोणत्या प्रकारचे आहे.,happy,mr
पुन्हा एक दिवस समजायला नको की ...हे करणारे पण याच्यातलेच होते,angry,mr
टाकले गट टोमणे मारायचा सराव करत आहे का?,neutral,mr
देशाचा प्रधानमंत्री आहे हा माणूस,happy,mr
इतिहास वाचावा लागेल अभ्यास करून घे,neutral,mr
राजकारणाचं धर्मकारण करणारे नालायक नेते ह्या देशात आहेत म्हणूनच देशाचं वाटोळं होत चाललंय,angry,mr
"सहकाऱ्यांचे हे पाऊल आहे, यामुळे अनेक विद्यार्थ्यांना प्रेरणा मिळेल.",happy,mr
त्यामुळेच स्वप्न अवाक्यातील असावी असे लेखक सांगतात...,neutral,mr
"रे बाबा हा माणूस म्हणतोय हिंदी मुघलांची भाषा, ते खोडू दे मला.",angry,mr
"हो अनुभवाचे बोल आहेत हे,झाला आहे दगा माझ्या सोबत अजुन काही?",sad,mr
नाही आहे,neutral,mr
अतिशय मनमोहक असे हे मंदिर व परिसर आहे.,neutral,mr
भाऊ दल्लुकर. कमी आवाजात भटी भुंकने हेच त्याचा धंदा. पगार मात्र फिक्स आहे बरं.,angry,mr
मौनमोहन सारखे मौन ठेवायला शिकला तरी पुष्कळ आहे,angry,mr
हे वाचून काही जणांना तरी जाणीव व्हावी अशी अपेक्षा आहे :,sad,mr
पर्वती मतदार संघाच्या कार्यक्षम आमदार मा.माधुरीताई मिसाळ आपणास अभीष्टचितनाच्या खुप खुप शुभेच्छा,happy,mr
मराठमोळी लटके ताई तिला जो त्रास देताय हे जग विसरणार नाही,sad,mr
आणी सर्व पत्रकारांची पन व्हायला पाहिजे अगदी तुमच्या सहित,neutral,mr
"|| श्री ||अतिशय प्रेमाने केलेली विनंती ही ‘प्रेमाज्ञा’ असणे , .// …",neutral,mr
"खूप छान संकल्पना आहे, मा. उन्मेष दादा ./…",happy,mr
"अरे मार्गदर्शक सांगितलं होत, संपूर्ण पक्ष पाया जवळ ठेवायला नाही सांगितलेलं.",neutral,mr
आपल्याकडे ती वाढलेली ढेरी कमी करून दिली जाईल...,neutral,mr
जरसंधाचा जन्म आणि कंसाशी त्याचं नातं. -,neutral,mr
हसत हसत म्हणाले शिंदे चा परफेक्ट गेम केला....,happy,mr
साहेब आमही सदेव तुमचया सोबत आहे,happy,mr
आधी भाषा सुधार प्रितीमा काय प्रतिमा असे आहे,angry,mr
तिचा हा व्हिडिओ बघून डोक्यात झननन् होतय,angry,mr
गाणं भारी टाकलंय,happy,mr
ही पोस्ट शेअर केल्याबद्दल धन्यवाद!!!कृपया जास्तीत जास्त मदत करा,happy,mr
यांच्या काळामध्ये बऱ्याच लोकांची चंगळ होती म्हणे.,angry,mr
शिव्या खाणे हा अंध भक्तांचा जन्मसिध्द अधिकार आहे का,angry,mr
भाऊ तोरसेकरला आनंद द्या! सर्वोत्तम चालणारे जीभ काथे ला समृद्धि द्या! भक्तांना पैसे विविध विविध उत्थानाचे करें!,neutral,mr
वाढदिवसाच्या हार्दिक शुभेच्छा सर .. ./_…,happy,mr
हे भारी आहे,happy,mr
झोप आता डायपर लावून पिलू ...,angry,mr
शारदीय नवरात्र उत्सवाच्या व घटस्थापनेच्या मंगलमय शुभेच्छा......!,happy,mr
वाढदिवसाच्या हार्दिक शुभेच्छा नितीनजी,happy,mr
हे सुर्य प्रकाशाइतके त्रिवार सत्य आहे..,neutral,mr
अरे राजा ही ब्रिगेड उंची घोषणा आहे... ब्रिगेडला कोणाचा आशीर्वाद आहे?,neutral,mr
"म्हणूनच विधान परिषदेची निवडणूक भीक मागून बिनविरोध करून घेतली होती, बरोबर?",angry,mr
हिच परस्थिती मी हि कित्येकदा अनुभवली आहे,sad,mr
मोदी शाह ह्यानी एक तरी स्क्रू लावला का?,angry,mr
हे सर्व लहानपनीच केल होता आता देश संभाळत आहे- अंध्भक्त,angry,mr
आपल्याकडे जे आहे ते खुप आहे. म्हणून जगता आलं की नाही त्याच दुःख होत नसतं....!,sad,mr
लोकांना उगाच मोठं करण्याची मीडियाची ट्रिक असते हि..,angry,mr
"चोराच्या उलट्या बोंबा, ही म्हण ऐकलीये का तुम्ही",angry,mr
तुमचे बघणं आमच्या साठी एनर्जी ड्रिंक आहे,happy,mr
ढिगाने पडले होते असे भेळ वाल्या कडे,neutral,mr
आपले गुरू रमाकांत आचरेकर यांच्या अंत्ययात्रेत सहभागी झालेला मास्टर ब्लास्टर सचिन तेंडुलकर,happy,mr
तूम्ही कोंबड्या चोरायच काम चालू ठेवा बाकीचं नंतर बघू,angry,mr
सारे भक्त सुत्ये का असतात?,angry,mr
वागळे साहेब आपण मनसेचा इतिहास पाहिला तर डोक्यात ही शंका कधीच येणार नाही..,neutral,mr
शिवश्री पुरुषोत्तम खेडकर साहेब यांना वाढदिवसाच्या हार्दिक हार्दिक शुभेच्छा,happy,mr
जिन्ना चित्रपटाला सर्व ब सकारात्मक प्रतिसाद मिळत आहे.,happy,mr
लटके मॅडम जिंकणार आणि थोड्या दिवसांनी शिंदे गटात सामील होणार.,neutral,mr
दिंडोशी वाहतूक विभागाला तातडीने कार्यवाहीसाठी कळविण्यात आले आहे.,neutral,mr
जया एकादशी निमित्त सर्वांना मंगलमय शुभेच्छा..!,happy,mr
"मी ट्रेलर म्हणुन काम करतोय,तर पिक्चर मुख्यमंत्री दाखवणार!:",neutral,mr
हे साले कधीच सुधारणार नाही हरामखोर,angry,mr
शिल्लक किती आहेत ? हे जनतेला समजालय .,neutral,mr
ज्यांच्याकडून अडीच वर्षे पाकिटे घेतली. त्यांच्याच विरोधात लिहायची वेळ आलीय… कठीण आहे..!,sad,mr
ज्या ताटात खाल्लं त्याच्यात थुंकले नाहीतर हागले हे नालायक,angry,mr
तुमचा लढा ला यश आल ताई आपले लाडके संजय राठोड पुन्हा मंत्री झाले,happy,mr
"असं नाही. तिच्यापेक्षा भारी साडी, पण कमी किमतीत.",neutral,mr
तुम्हाला मत म्हणजे देशविरोधी लोकांना मत....मनुवादी सरकार,angry,mr
अप्पर पोलीस अधीक्षक सर यांना वाढदिवसाच्या हार्दिक शुभेच्छा.,happy,mr
"बरोबरच आहे, दसरा हा आनंदाचाच सण आहे तो हसराच असावा मिंधे-फोडणवीस सारखा नासका नसावा",angry,mr
पर्यावरणाचे रक्षण आणि उत्तम आरोग्यासाठी सायकलिंग उत्तम उपाय – हर्षवर्धन पाटील ./?=,neutral,mr
सर्वाना कळतय उद्दवजींच नेतृत्व जनतेसाठी चांगल आहे त्यामुळे सगळीकडून सपोर्ट मिळतोय,happy,mr
भूक अजून भूक तुला भुकायच काम दिलं आहे,angry,mr
पळून लय भारी गेलता हा संदीप,happy,mr
": एकनाथ शिंदे यांनी कुटुंबियांसोबत साजरी केली होळी, ./- -",neutral,mr
रडीचा डाव महाशक्ती ला मुंबईत उमेदवार मिळत नाही म्हणजे काय लायकीचे आहेत ते कळते,angry,mr
एखाद्या टिनेजर पोराला नवरदेव म्हणून हाक मारली तर त्याचा आनंद गगणात मावत नाही.,neutral,mr
या सोंगाज्याने कोणती पावशेर मारली आहे! ते पण सांगा!,angry,mr
तुला लॉजिक समजलं म्हणून तर तू ते उत्तर दिलं नाहीस,neutral,mr
म्हणजे उद्यापासून तुझी खाण्यापिण्याची आभाळ होणार तर किती पित्र जेवलास रे केशवा या सीझनमध्ये,neutral,mr
हे दिल्लीत बसून काय करतात?? यांचं महाराष्ट्रासाठी आणि देशासाठी काय योगदान आहे??,angry,mr
अभिनंदन हो मुबंईत ट्यूशन घेणारे सर,happy,mr
भिकारी आहेत सर्वच त्यातच हा आणि एक मंत्री,angry,mr
हास्यसम्राट अभिनेता सागर कारंडेला कडून वाढदिवसाच्या हार्दिक शुभेच्छा..!!,happy,mr
घरकोबड्याची टिटवी टिव कीव करायला लागली की समजायचं? नसलेली अक्कल पाजळणारचं?,angry,mr
नाही कधीचं नाही काका आमच्यासाठी तुमच्या जीवनातला सूर्य तळपतोच आहे,happy,mr
हेच आहे साधी सभ्यता पण नाही समोरच्याला उलट बोलून आपली बौद्धिक दिवाळखोरी दाखवतात,angry,mr
"भेन्चोद, झेपत नसेल नाही आपली घालायची",angry,mr
मुख्यमंत्री एकनाथ शिंदे मात्र आपल्या कामात मश्गुल आहेत. -,neutral,mr
फुटबॉल: - आशियाई चषक पात्रता फेरीत भारताचा ऑस्ट्रेलियाकडून - असा पराभव झाला.,sad,mr
कारण नाना पाटेकर पण काकांच्या दावणीला बांधलेल्या वळू पैकी एक आहे..,angry,mr
नारायण राणे काय कमी होता म्हणून दुसरा नेपाळी घेतला,angry,mr
तुमच्या मधे आहे का पाऊस???,neutral,mr
प्रत्येक नागपूरकराच्या वतीने मी त्यांचे आभार मानतो.,neutral,mr
पक्ष नेतृत्त्वाच्या लायकीमुळे काही ठिकाणी घडतं. आणि काही ठिकाणी नाही.,neutral,mr
श्रीलंका आज पण पराभूत होणार वाटतं...,neutral,mr
मोदी ला नवाज शरीफ ही जवळचे वाटणे रक्तस्वाभाविक आहे.,angry,mr
लोकशाही वाचवण्यासाठी आणि हुकूमशाही ला विरोध करण्यासाठी. या केंद्रांतील हुकूमशाहीच्या विरुद्ध महाराष्ट्र पेटून उठला.,happy,mr
तुम्हाला कोणी काय करावं ते सांगितलं तर मला ही कळवा,neutral,mr
मुले ही देवघरची फुले असतात...त्यांचे लाड पुरवावेत,neutral,mr
मंत्री आहात की महाराष्ट्राला लागलेली वाळवी? तुमचं डोक ठिकाणावर आहे का?,angry,mr
आनंदाची बातमी मीराबाई चानू - वेटलिफ्टिंग किलो गटात रौप्यपदक मिळविले !,happy,mr
"का जी बाप्पा, परतेक येळी माझी पंचायत करता जी",sad,mr
अजून तसला आक्षेप मध्ये नाही.,neutral,mr
"लाकूड उत्पादन उद्योगात, ही सकारात्मक भावना या क्षेत्राच्या यशस्वी व्यवस्थापन आणि वाढीमध्ये दिसून येते",neutral,mr
वसुबारस आणि आजपासून सुरु होणाऱ्या दीपोत्सवाच्या हार्दिक शुभेच्छा....,happy,mr
महाराष्ट्राची शान श्री देवेंद्र फडणवीस,happy,mr
बावनकुळ्या' म्हणायचं आहे का तुम्हाला?,neutral,mr
. वर्ष गप्प का होते सांगणार का? सत्ता गेल्यावर कसे जागे झाले?,angry,mr
"काय खोटी आशा बाळगता मॅडम, एक तरी पुरावा आहे का मोदी असे म्हणाल्याचा.",angry,mr
मशालीने पहिला कारनामा केला. अभिनंदन .,happy,mr
पार डोक्यात जातात अशी दोगली लोकं,angry,mr
खूप वाढले आहेत असे किस्से फसवणूक करणाऱ्या लोकांचे,angry,mr
जगाला अहिंसाचा संदेश देणार्या गौतम बुद्धांना प्रणाम,happy,mr
अतिवृष्टीमुळे किंवा ढगफुटी मुळे सदूस्य झालेल्या पावसामुळे पिकांची नुस्कान भरपाई पूर्ण क्षमतेने चालू आहे.,neutral,mr
"गद्दारांचे राजकारण म्हणजे.. ची ""तलवार"" भाजपाची ""ढाल"" अन् खोक्यांची ""उलाढाल"".!",angry,mr
तुझी लायकी आहे का बोलायला शिक आगोदर,angry,mr
हा जुना फ़ोटो आहे का,neutral,mr
पण आतंगवादिना जात आणी धर्म पण आहे हे लक्षात असू दे आजच्या घडीला,angry,mr
कुठे पण जा मेहनत ही करावी लागते फक्त मार्ग वेगवेगळे आहेत,neutral,mr
पुणे : यशवंतराव मोहिते महाविद्यालयाच्या मोहिमेची एशिया आणि इंडिया बुक रेकॉर्डमध्ये नोंद,happy,mr
सह्याद्री एवढ्या शुभेच्छा! ./_/…,happy,mr
जनमानसात सहानुभूती मिळालेय ठाकरेना तरीही फटकळ अंधारे बाई हा पक्षासाठी तोटाच आहे.,angry,mr
"डोक्यात नाही बळ ,पन छातीत सदा कळ. असा हा कुजबळ..!",angry,mr
त्यांना आपले महत्त्व माहिती नाही अजून बहुतेक,neutral,mr
"गरबा,दांडिया ही महाराष्ट्राची परंपरा नाही! आदिशक्तिचा जागर महत्त्वाचा! नवरात्रीत स्थानिक कलावंताना प्रोत्साहन मिळणे महत्त्वपूर्ण!",happy,mr
"केसरकर ,किती खोके घेऊन भाजपाच्या मुरजी पटेलला ही जागा सोडली ...?",angry,mr
आणि स्मार्टफोन्सची विविध रोमांचक वैशिष्ट्ये ऑक्टोबर रोजी उपलब्ध करून देण्यात आली आहेत.,neutral,mr
अजून यायचे आहे या जगात त्या आधीच हे आहे ....,neutral,mr
"थोडं थांबा, हळूहळू सगळं च बाहेर येईल. आणि, ते ही त्यांची च मंडळी बाहेर काढेल.",neutral,mr
रक्षाबंधन आणि नारळी पौर्णिमेनिमित्त सर्वांना प्रेममय शुभेच्छा..!!,happy,mr
"तरी या घरकोंबड्याला अक्कल येत नाही, अख्खा पक्ष फुटला तरी हा मुख्यमंत्रीपदासाठी म्हाताऱ्याला चिकटून आहे",angry,mr
"तुम्ही त्याना ""बस्ती"" देऊ शकता...",angry,mr
अनिल देशमुखांचं कोटीचं रेकॉर्ड मोडल्याबद्दल हसन मुश्रीफांचं मनःपूर्वक अभिनंदन,happy,mr
भ्रष्ट सरकार हे,angry,mr
अकलेच्या कांद्याच उत्तम उदाहरण म्हणजे हा. याला अर्थशास्त्राच नोबेल फेकून मारा कोणीतरी..,angry,mr
नीरज चोप्रा यांना जातीने वाटून घेणाऱ्या जातीवादी किड्यांना भावपूर्ण श्रद्धांजली ...,angry,mr
बरोबर समर्पण असते तिथं हार नसतेच बाकी प्रीतीचे स्टेटमेंट पूर्णतः योग्य आहे.,happy,mr
"शिल्लक सेनेत सगळेच भेदरलेत म्हणून अशी बाष्कळ भाषा वापरत आहेत राऊत, अंधारे,जाधव,सावंत",angry,mr
आपणास व आपल्या परिवारास नवीन वर्षाच्या हार्दिक शुभेच्छा,happy,mr
शेतकऱ्यांसाठी ही योजना आणल्याबद्दल पंतप्रधान मोदीजींचे खूप खूप आभार.,happy,mr
अहो सगळ्यात मोठं यश म्हणजे अयोध्या ही गेली म्हणे!!,happy,mr
राजकारण आणि सत्ता यासाठी लोक काहीही करू शकता याच् जिवंत उदाहरण आहे हे,angry,mr
चेन्नई चा अण्णा आहे तो... विसल पोडू,happy,mr
एक तलवार तुमची एक शिवसैनिकाची आणि मधली ढाल ची...,happy,mr
कर्पूरगौरं करुणावतारं संसारसारम् भुजगेन्द्रहारम्। सदावसन्तं हृदयारविन्दे भवं भवानीसहितं नमामि॥,neutral,mr
. हा हा हा हा हा,happy,mr
सपशेल चुकीचे आहे... अक्षरशः मूर्खपणाचे विधान आहे,angry,mr
मुंबई बाबत डोळे फुटलेले असतात का?,angry,mr
बासितकडे होती देशविरोधी मासिक चालवण्याची जबाबदारी!,angry,mr
साहेब नवीन वर्षाच्या हार्दिक शुभेच्छा !!,happy,mr
"सभा लाखोंची, मतं शेकड्यांची.",sad,mr
पुणे शहरातील किलोमीटर लांबीच्या रस्त्यांची होणार दुरुस्ती,neutral,mr
"आदर्श प्रेरणाथान पँथर,दिवंगत आदरणीय मा.स्व.नामदेव.डी.गायकवाड,(मामा)यांच्या पुण्यतिथीदिनी त्यांच्या पावन स्मृतीस भावपूर्ण आदरांजलीकोटि कोटि वंदन",happy,mr
ज्यांची लायकी नाही ते पण आज भूंकतायेत शिवसेनेवर.,angry,mr
"होय, मध्ये भारतीय गावांसाठी खूप आशा आहे.",neutral,mr
अगोदर! भाजपा उमेदवाराचा फॉर्म सिलेक्ट होतो का ते पहा!,neutral,mr
जातीवाचक बोलले का हा गुन्हा होत नाही यांच्यापासून भारताला खरा धोका आहे,fear,mr
जमल तर त्या तून अंधेरी एकदा नक्की बघून ये म्हणजे इज्जतीचा भाजीपाला होणार नाही,angry,mr
"राज्यात फक्त शिंदे,ठाकरे, आहेत का दुसऱ्या बातम्या नाही भेटत का ?",neutral,mr
काल पर्यंत कुठे होता हा संवेदनशीलपण,angry,mr
"एक रूपया नाही बाबा, एक हजार कोटी चा भ्रष्टाचार केला आहे",angry,mr
"पत्रकारांना हा त्रास का होतो,,खोक्यांचा परिणाम दिसतो असेच लोक म्हणतील रे,,",angry,mr
"आधी धनुष्यबाण गेलं, आता मशाल ही गेली",sad,mr
महादेव का बारात!,happy,mr
राजीनामा मागणे याला दबाव म्हणतात.... राजीनामा देऊ नये हा पण दबाव....?,neutral,mr
: भारतासाठी अभिमानाची गोष्ट! च्या सर्वात लहान रॉकेटचं यशस्वी प्रक्षेपण,happy,mr
आपणास वाढदिवसाच्या व नूतनवर्षाच्या हार्दिक शुभेच्छा सर,happy,mr
राजकीय पोळी भाजण्यासाठी हे राजकारणी हे असे विषय घेतात आण् वाट लावतात सगळ्यांची,angry,mr
हिते पण शिंदेंना विचारलेल्या प्रश्नाचं उत्तर फडणवीसांनी दिलं....,neutral,mr
महाविनाश आघाडीने शिवभोजन मधे भ्रष्टाचार केल्यामुळे झालंय हे..,angry,mr
काय धुतल्या तांदळासारखी आहे का... असली भ्रष्टाचारी तर तिथेच आहेत ना रे,angry,mr
"सर, तुम्हाला स्टुडिओत घुसून मारले होते शिवसेनेने सांगा ,बंदी घातली पाहिजे का?",angry,mr
हा अडगळीत पडलेला बाळा कुठुन अवतरला त्याला सांग आधी स्वतः ची धुत जा,angry,mr
आपल्या कार्यास शुभेच्छा जय हो !,happy,mr
अद्वितीय उल्लेख,neutral,mr
अहो महाराष्ट्रातली लाखो शिवसैनिक मशाल घेऊन उभे आहेत यांच्या बरोबर,happy,mr
अरे गद्दारांना बोलल्यावर कमळाबाईच्या चेल्याना का एवढ्या मिरच्या झोम्बतायत,angry,mr
आगोदरच्या पोट निवडणुकीत कुठे होते,neutral,mr
रत्नागिरी जिल्हा परिषदेत 'आनंदी... ./ ?,neutral,mr
"दादा, जो हिंदी भाषिक नाही तो हिंदू नाही असा म्हणायचं आहे का तुम्हाला?",angry,mr
असे कोण आहे रे तिकडे? च्यायला.. माझीच शेपटी होती व्हय,angry,mr
कोसळणारा पाऊस आणि तू एकसारखेच बरसणार तर स्वतःच्या मना सारखेच,sad,mr
दादा मला हे कळत नाही की हे राम आहे की रावण,neutral,mr
भाव तिथे देव नाही तर हर हर महादेव.शुभ रात्री जय विदर्भ,happy,mr
पप्पा अजून पण तसेच दिसतात..,neutral,mr
"पीएफआयच्या व्हॉट्सअॅप ग्रुपचा अॅडमिन पाकिस्तानी, सिमीच्या धर्तीवर काम; एटीएसच्या चौकशीत माहिती उघड",angry,mr
"…म्हणून मिथून चक्रवर्तींशी भांडल्या होत्या हेमा मालिनी, ‘इंटिमेट’ सीनबद्दलही बोलल्या ‘असे’ काही",neutral,mr
आज तुम्ही आमच्या ज्ञानात भर पाडल्या बद्दल धन्यवाद,happy,mr
"तुमचं दुर्दैव हे आहे की ""सहानभूती आणि मतं"" दोन्हीपण लोक तुम्हांला देत नाहीत.",sad,mr
"जातीचा परिणाम नसून , संगतीचा परिणाम आहे हा .",neutral,mr
आई ने सांगितलेले काम ऐकतेस म्हणजे !,neutral,mr
अयोध्या हयांचा हैक झाला आहे व्हाट्सप्प द्वारे त्यांनी ही माहिती दिली आहे.,neutral,mr
फितूर इतिहासात पण होते आणि वर्तमानात पण आहे,angry,mr
"स्थापना दिनाच्या शुभदिनी (अश्विनशु. प्रतिपदा ऑक्टोबर ) 'हिंदु जनजागृती समिती'ची उत्स्फूर्तपणे हिंदू संघटना, पंथ, जाती इत्यादी तोडून धार्मिक हिंदु राष्ट्राच्या निर्मितीसाठी ईश्वर संघटनेच्या सहकार्याने स्थापना करण्यात आली आणि धर्मप्रेमींनो, हे कार्य आता देशभर सुरू होत आहे",neutral,mr
प्रेमा वरती श्रद्धा ठेवा!,neutral,mr
अखंड सौभाग्य प्राप्तीसाठी व्रत म्हणजेचसर्व माता-भगिनींना मंगलमय शुभेच्छा !,happy,mr
"धन्यवाद नवीन सर, नैसर्गिक उत्पादन पासून तयार करण्यात आलेले , प्राप्त झालेत.",happy,mr
"रस्ते कशे बांधावे , शहर कसे रचावे हे महापालिका ठरवते",neutral,mr
साहेब तूम्हाला पुजा करायची नसेल तर तुम्ही करू नका पन असे कायपण बोलू नका,angry,mr
"शरद पवार सोबत जाताना भाजप सेक्युलर होत नाही, लोटांगण घालत नाही.",neutral,mr
तील तरूणांनी फक्त भोंगेच लावायचे का?,angry,mr
"डॉ. लेले, तुम्ही खूपच छान केले! .//…",happy,mr
बंदी म्हणजे प्राॅव्हीडंड फंडाच्या व्याजावर वर्षे बंदी असे एकजण बोलत होता,neutral,mr
जय भवानी.... आता स्वबळावर निवडणूक उमेदवार ची घोषणा करावी. एकला चला...,happy,mr
भारताचे पुढले सरन्यायाधीश म्हणून चंद्रचूड!,happy,mr
हे शहाणपण सरनाईक साहेबांना खूपच लवकर आले,neutral,mr
तरी रोहीत शर्मा नाही होत रे......,sad,mr
हा घे तुला आवडणारा चहा,neutral,mr
गुडघ्याला बाशिंग बांधून तयार असताना अशी वक्तव्य करणे योग्य नाही.,angry,mr
ने निवडणूक आयोग विकत घेतलंय का?,angry,mr
खूप खूप अभिनंदन आणि सार्थ अभिमान वाटतो या उतुंग यशाबद्दल,happy,mr
काकचं मस्नात जायचं वय झालंय आणि काका,sad,mr
अगदीच. आपली माहिती लीक होते ती या लोकांमुळेच.,angry,mr
मी महान लेखक समजत होतो पण हा तर करामती काकाचा सतरंजी उचल्या निघाला,happy,mr
अंधारेचा अंधार लटके लटकलेले मशाल पेटण्या आधीच विझताना दिसते आहे.,sad,mr
पेंग्विन समर्थकानी सढळ हस्ते मदत करावी महाराष्ट्र सरकारला नम्र विनंती आहे,happy,mr
"ही खरोखर एक रोमांचक बातमी आहे, मी याची वाट पाहत आहे.",happy,mr
सत्तेवर आले पण मुख्यमंत्र्यांच्या जागी उपमुख्यमंत्री झाले,angry,mr
सगळ्यांना चेक करून घेतलं होतं वाटत ह्या भोसड्या ने !,angry,mr
सरदार पटेल गद्दार होते का ? ज्यांनी संघावर बंदी घातली होती,angry,mr
बरीच हिम्मत केली बातमी द्यायचीअभिनंदन,happy,mr
"है झाड खूपच धोकादायक स्थितीत दिसत आहे. मनीषा नगर बस थांबा, सह्याद्री चहा समोर...",fear,mr
तु ज्या निलेश राने चा समर्थक आहे तो आधी संघ विरोधी होता..,angry,mr
"अगदी रास्त मागणी आहेअनुमोदन आहे समाजाचे,,",neutral,mr
आपल्या सर्वांना मित्र आणि मैत्री दिनानिमित्त हार्दिक शुभेच्छा.!,happy,mr
"हे आश्चर्यकारक आहे, ते भावना आणि भावनांनी भरलेले आहे.",happy,mr
सर्व जैन बांधवांना आत्मशुद्धीची प्रेरणा देणाऱ्या पर्युषण पर्वाच्या हार्दिक शुभेच्छा..!,happy,mr
"गेल्या वर्षीच्या तुलनेत भारतीय गव्हाच्या निर्यातीत दुपटीने वाढ, हा देश आहे पहिल्या क्रमांकाचा खरेदीदार",happy,mr
हो हे अगदी बरोबर आहे,neutral,mr
फोल्लोवर्स झाल्याबद्दल तुमचे अभिनंदन सर,happy,mr
सर्व नागरिकांना नारळी पौर्णिमा आणि रक्षाबंधन च्या हार्दिक शुभेच्छा,happy,mr
"घोर शोकांतिका, आणि उर्वरित महाराष्ट्रातील जनतेचे हेच दुःख आहे.",sad,mr
इतके पक्षांतर पक्षाचे तुकडे झालेले पाहिले इतकी वर्ष पण असा तमाशा कधीच पाहिले नाही..,happy,mr
सगळी कडे बोंबाबोंब. होतीस मुर्जाची बकरी बुर्जी बनवणारच होते,angry,mr
टोकियो ऑलिम्पिकमधील भारताचा पहिला पदक जिंकणारी. मीराबाई चानू हिने रौप्य पदक जिंकले.,happy,mr
काय दिवस आलेत आता उद्धव ठाकरे काय सांगणार.. बाळासाहेबांच्या शिवसेनेला नेस्तनाबुत करा म्हणुन..,sad,mr
आणि कोणीतरी काही दिवसापूर्वी मुंबई मेट्रो मध्ये गाणी गातात म्हणून करत होते.,neutral,mr
भातळकर तुला विचारलं का कुणी नाय तिथे नाक खुपसायची सवयच लागली,angry,mr
शर्ट चें बटन लावायला बोलावलं आहे का..? वहिनीला विचारून जय रे,neutral,mr
कालच्या पावसाने पुणे महानगरपालिकेतील रस्त्यावरच्या पाण्याची पातळी किती होती ??,neutral,mr
हि भाजपाची स्तुती आहे कि साहेबरावाची आलोचना?,neutral,mr
याने तर ट्वीट सेव करायला सांगितले होते.,neutral,mr
हा एकटाच नाही सर्व नेते असेच आहेत,angry,mr
वन परीशेत्र अधिकारी व सहाय्यक वनसंरक्षक पद संख्येत वाढ करावी ही नम्र विनंती.,neutral,mr
आमचे लाडके आमदार डॉक्टर राहुल पाटील यांना पुरस्कारामुळे लाख लाख शुभेच्छा. शुभेच्छुक आपला शिवसैनिक,happy,mr
आंबेडकर म्हणजे आम जनता आहे का प्रकाश झोतात राहण्यासाठी काहीही बरळतात,angry,mr
अमेरिकाचे पंतप्रधान होणार आहे,happy,mr
येस .तेच येताय सारखा मनात .म्हणजे यांचा पक्ष वेगळा जाला का,neutral,mr
आता घरातच बसायचं आहे तर कशाला फालतू चौकश्या,neutral,mr
"त्यांच्या कुटुंबीयांना या दुःखातून सावरण्याची शक्ती मिळो, हीच प्रार्थना! स्व. नरेंद्रजी अग्रवाल यांना भावपूर्ण श्रद्धांजली!",sad,mr
बरेच दिस दिसला नाही पावसाचा कोथळा काढायला गेला होता का,happy,mr
विशेष लेख : राष्ट्रीयता आणि एकात्मता वृध्दीसाठी चला घरोघरी फडकवू या तिरंगा…,happy,mr
आरे बाबा जनतेने जनतेच्या प्रस्न सोडवन्यासाठी निवडुन दिले आहे. फलतु बडबड नुसती,angry,mr
"गद्दारांनो ढाल-तलवार चिन्ह मिळवून उपयोग काय, आयुष्यभर च्या पदराखालीच लपायचं आहे तुम्हाला.",angry,mr
गृहमंत्री काय उपटताय का कोणाच्या भात्या,angry,mr
उपकार करतो का मस्तीत नाही बोलायचं आधीच,angry,mr
या जन्मी तरी शक्य नाही बघु पुढच्या जन्मी,sad,mr
ज्येष्ठ नागरिकांसाठी चांगली बातमी .//…,happy,mr
ओ घरंदाज.. शास्त्रज्ञ दाभोळकरांचा एक जगप्रसिद्ध वैज्ञानिक शोध सांगा.,neutral,mr
सकारात्मकता ही एक उर्जा आहे. स्वतःविषयी असलेल्या सकारात्मकतेतून कित्येक अनपेक्षित गोष्टींचा हल हा आपोआपच निघतो…,neutral,mr
पटकथेला मान्यता देणाऱ्या पडताळणी समितीतल्या सर्वच सदस्यांची चौकशी ही विद्यापीठ प्रशासनाने करावी.,fear,mr
नीरज चोप्रा &; मा. पंतप्रधान,neutral,mr
सहमत...हे ताळतंत्र सर्वांनीच पाळले पाहिजे.,neutral,mr
मी हा प्रश्न का विचारला तुझ्या लक्षात नाही आले,neutral,mr
सध्या तेवढंच राहिलं आहे,neutral,mr
नवीन वर्षाच्या हार्दिक शुभेच्छा .//…,happy,mr
कारवाही होईल की नाही आज तरी,neutral,mr
विश्लेषण : उद्धव ठाकरे आणि एकनाथ शिंदेंना ‘त्रिशूळ’ हे पक्षचिन्ह का मिळालं नाही?,neutral,mr
कोणी आमदार केला ग्रामपंचायत निवडणूक पक्षाच्या चिन्हावर लढवली होती,neutral,mr
भारतीय राजकारण म्हणजे काय..?? . गरीबांच्या हक्कासाठी लढता लढता श्रीमंत होणे...!!,angry,mr
छान संस्कार केलेत....बघा मतदारांनो अशा लोकांना निवडून आपण देणार का,angry,mr
हे राज ठाकरे आणी अजाणत्या राजाला सांगा.भाजपाच्यामागे लागले आहेत.,angry,mr
तु कोणत्या क्रिकेट प्रकारात प्लेअर होता?????????????????? उपाध्यक्ष होण्याची तुझी लायकी काय???????,angry,mr
|| ॐ नम: शिवाय || आपणा सर्वांना च्या मन:पूर्वक शुभेच्छा!,happy,mr
"स्वतःशी संवाद साधणारा ""मी"" हे माझं सर्वांत आवडीचं व्यक्तिमत्त्व आहे!",happy,mr
बरोबर आहे सुप्रभात !!,neutral,mr
प्रथम पूज्यनिय गणरायाचे आगमन,happy,mr
वडा भात हाच का?,happy,mr
फोटो पण ठेवा पण हार घालू नका गुडघ्यात मेंदूवाल्या पेंग्विनांनो?,angry,mr
मला जुलाब होत नाही पचन शक्ती कडक आहे आपली.,neutral,mr
स्पर्धेत आपले स्वागत आहे .//…,happy,mr
"उकिरडा फुक्या म्हणजे, उकिरड्या वर राहणारे डुक्कर का?",angry,mr
"महाविकास आघाडी केलीय तर सगळ्यांचे फोटो असणारच, एवढा जळफळात का?",angry,mr
अय हिरो सभ्य भाषा वापर म्हटल कुठल्या भाषेत लिहिले ते नाही विचारल,angry,mr
"अरे हे देव देवस्की करायला मुख्यमंत्री झालात का शिंदे, भाजपचे मिंदे झाले शिंदे",angry,mr
सहावेळा जगज्जेती ठरलेली मेरी कॉम मुंबई मॅरेथॉनची सदिच्छादूत./-/…,neutral,mr
षड्यंत्र आहे,fear,mr
मकर संक्रांतीच्या शुभेच्छा!,happy,mr
हे असे बोलतात जसे फुले आंबडेकर यांच्या बरोबर ह्यांनी काम केले होते,angry,mr
वेदशास्त्रांमाजी तूं मंगलमूर्ती। अगणित महिमा तुझा कल्याण स्फूर्ती॥,neutral,mr
अग बाई बाळासाहेब लाखांनी आहेत पण ठाकरे मात्र एकच,happy,mr
हे एवढ्या लेकराला कळतं ते आपल्या थोरा मोठ्यांना कधी कळल ???,happy,mr
संडास साफ करणारा होता मग तुझे काय मत आहे,angry,mr
नक्की... आपले स्वागत आहे,happy,mr
दलित व बंडखोर साहित्य अण्णा भाऊ शिवाय पुर्ण होऊच शकत नाही हे नक्की,happy,mr
"ला """" कंटेंट देण्याच्या प्रयत्नात टेक कंपनीज कोणत्या पातळीवर उतरतात हे पाहणे धक्कादायक आहे...",happy,mr
"अमृतमहोत्सवी वर्षात, जनतेला महागाई आणि बेरोजगारीचे विष दिले जात आहे ! ...",sad,mr
"त्यांना सिडको अध्यक्षपदाचे गाजर दिले आहे, अशी बातमी आहे ठाण्यात.",neutral,mr
रुपया घसरला पण त्याचा आपल्यावर काहिही परिणाम होणार नाही,neutral,mr
बघ तुला काय म्हणतोय हा....,neutral,mr
"सर तुम्ही लवकर परत या शिवसैनिक तुमची वाट बघत आहेत. एकनिष्ठ, झुंझार",happy,mr
नविन इंग्रजी वर्षाच्या हार्दिक मनसे शुभेच्छा साहेब,happy,mr
माझ्या छोट्या भावा काळजी घे खूप खूप आशीर्वाद,happy,mr
हे जागे झाले मागील काही दिवस झोपून होते लागलेय जप चालू ठाकरे ओन्ली ठाकरे,angry,mr
"काहीच नाही बोलली ती, उगाच काहीही बोलशील का रे...",angry,mr
त्यांना सध्या हागवण लागली आहे...!,angry,mr
कोणत्या वर काम करता आपण?,neutral,mr
आता असे पण विनोद.....स्पृहा मॅम.,happy,mr
तू येडपट आहे हे वारंवार का सिद्ध करतोस,angry,mr
खूपच चांगली गोष्ट झाली मग ही,happy,mr
अभिनंदन साहेब तुमचा आमाला अभिमान आहे,happy,mr
ते देखील माझ्यासाठी पुरेसे आहे. पण ते खरंच देतात का??,fear,mr
नाशिक येथील प्रभाग क्रमांक एक मध्ये कोजागिरीनिमित्त भव्य दांडिया रास आयो...,neutral,mr
या माननीय केंद्रीय अर्थमंत्री मॅडमचा अर्थशास्त्र हा विषयच कच्चा आहे...,angry,mr
त्यांना माहीत आहे माझ्या समोर चं नाव घेतलं तर अजून डॅमेज कारेन.,angry,mr
आमचे मोठे बंधु संतोष दादा चव्हाण पाटिल यांना वाढदिवसाच्या हार्दिक शुभेच्छा —,happy,mr
रक्षाबंधन आणि नारळी पौर्णिमेच्या सर्वांना मन:पूर्वक शुभेच्छा,neutral,mr
मुक्ती देऊन दुसऱ्या योनित प्रवेशित करण्यासाठी हे अगत्याचे आहे,neutral,mr
अतिशय सुखावह बातमी. आमदार आणि मंत्री महोदयांचे मनापासून आभार.,happy,mr
येणाऱ्या पिढीचे योग्य संकेत आपण ओळखता.... धन्यवाद,happy,mr
हे एवढ्याने मला काहीच होत नाही,neutral,mr
असे मित्र मिळायला पुर्वजन्मीची पुण्याईच पाहिजे..,happy,mr
श्री गणेश देवतेसंबधित रांगोळी खरोखर सुंदर काढलिये,happy,mr
भूतकाळाच्या भूताचा वर्तमानकाळात आणि भविष्यकाळात आठवणींचा वावर असतोच. एकसारख्या मुसळधार पडणाऱ्या पावसासारखा...!,sad,mr
सुप्रीम कोर्टाने गुगली टाकलाय आणि हे मिंधे येडे नाचतायत.,angry,mr
अभिनंदन !! शिवसेनेचे प्रवक्ते पद पण मिळाले का? ?,happy,mr
द्याल अशी आशा....,neutral,mr
आंतरराष्ट्रीय टी- क्रिकेटमध्ये अर्शदीपने इतिहास घडवला; आजवर कोणीही करू शकले नाही असा पराक्रम,happy,mr
पुण्यासारख्या जागतिक पातळीवर महत्वाच्या असणाऱ्या शहरात असे चित्र निर्माण होणे हे अत्यंत दुर्दैवी आहे.,sad,mr
ऊम्मेदवार मागे घेतला पत्र मिळताच …आता जाहीर करणार का ?,angry,mr
कधीतरी त्यांनाही महत्व दिलं आहे याचा आनंद वाटेल,happy,mr
बाप लोकांनी मिळून कितीही कारस्थान केलेत तरी ते उध्वस्तच होणार......!!!!!.,angry,mr
ही आयडिया भारी आहे मात्र,neutral,mr
"जळ जळ तय,सहन होत नाही अन् सांगताही येत नाही कुरेशी सर",sad,mr
अरे ही चितळेची बाकरवडी लेलेंनीच दिली त्याला...पण चितळे तर्फे...नाही काहो चितळे.,happy,mr
आणि तू शिवसेनेत येणं ही बारामतीची स्क्रिप्ट आहे.,angry,mr
पालघर ची लोकसभेची पोटनिवडणूक विसरलात का..?,neutral,mr
"हे तर लावारिस सारख झाल,रोज बाप शोधायची जरूरत च नाही ?",angry,mr
रक्षाबंधन आणि नारळी पौर्णिमेनिमित्त सर्वांना मंगलमय शुभेच्छा..!,neutral,mr
हर हर महादेव पुष्पा जी। सुप्रभात .//…,happy,mr
"दुसरी दिवाळी आलीये, तेवढ पैशाच काम कर आता तरी (संदर्भासाठी)",neutral,mr
प्रदुषण टाळण्यासाठी कला शिक्षक ज्ञानेश्वर कवडे यांचा अनोखा उपक्रम ./ #,happy,mr
सुपारी घेऊन काम करणारे आहेत म्हणे,angry,mr
पुढील लेखनासाठी.. खुप खुप शुभेच्छा...,happy,mr
भारतीय संस्कृतीचा महत्त्वाचा सण होळी पौर्णिमा,neutral,mr
हा भरपूर आहे सर तुमच्या बाबाचा तुमच्यावर विश्वास तरी आहे..,happy,mr
| साईबाबांच्या भक्तांसाठी आनंदाची बातमी,happy,mr
नासमधील मराठमोळा अभिमान ./ --,happy,mr
रंगपंचमी च्या सर्वांना हार्दिक शुभेच्छा!,happy,mr
""" एकनाथ शिंदे यांनी गुजराती अस्मितेसाठी निवडणुक आयोगाकडे या चिन्हाची मागणी केली ....""",neutral,mr
कोणीतरी आपल्याला काहीतरी देतं म्हणून त्यांच्या सोबत जोडून राहणं मुळात ही अपेक्षाच चुकीची आहे,sad,mr
अरे हि$डखान ती दहशतवादी संघटना म्हणून कारवाई होत आहे.... अक्कल गहाण ठेवली आहेस तू...,angry,mr
रक्षाबंधन : यशस्वी आणि पियूष,neutral,mr
मंग चुत्या तुझ्या आहे का ?,angry,mr
ताई साहेब मनाची तयारी करून् ठेवा तुमचा सोबत पण पुढे जाऊन हेच होणार आहे,fear,mr
स्वगृही बाप्पाचे आगमन व स्थापना...,happy,mr
बुंदी खायला बोलवा म्हणजे झालं!,neutral,mr
तुमचा खोटेपणा समोर आला आहे …. सत्यमेव जयते !,angry,mr
नियमांचे उल्लंघन करणाऱ्या चालकांना गुलाबपुष्प; पोलिसांची गांधीगिरी ./-…,happy,mr
भारत जोडो याञेत सहभागी होणार शेम शेम शेम,angry,mr
त्या शिल्लक राहिलेल्या पैशातून नगरमध्ये मराठा विद्यार्थ्यांसाठी हॉस्टेल बांधण्याची सुद्धा योजना केली होती...,neutral,mr
त्यांचं अस आहे धड एकडे नाहीं धड तिकड नाही. नुसती भेळ स्वतःचा खेळ,angry,mr
घटस्थापना कधी करावी? मुहुर्त असतो का? घरातील एखाद्या व्यक्तीच्या निधनानंतर किती दिवस देवकार्य करू नये?,neutral,mr
"हा पोराचा पक्ष आहे,,, बापाचा पक्ष म्हणजे बाळासाहेबांची शिवसेना",angry,mr
मग रात्र भर काय करत होते सिंगल लोकांनी असे जागून काय करायचे आहे....,angry,mr
सगळ्या भक्तांना कामाला लावून रोजगार पण मिळवून देतो,neutral,mr
हसायचं की रडायचे..त्यामुळेच रेशीम बागेतले मशिदीमध्ये राष्ट्रपिता पदवी घायाला गेला होता का?,angry,mr
"यांची नेतृत्व क्षमता मोदीजींनी ओळखली, त्यांची अर्थमंत्री म्हणून नियुक्ती!",happy,mr
सत्तेत भाजपा आहे त्यामुळे नो टेन्शन!,happy,mr
मी देव मानत नाही,neutral,mr
अरे संडास छाप तुमची सत्ता असून असे घडते याचा अर्थ काय चाटू,angry,mr
परतीच्या पावसामुळे शेतकऱ्याचे प्रचंड प्रमाणात नुकसान प्रशासनाने शेतकऱ्याकडे लक्ष द्याये हि विनंती,sad,mr
शिवसेना आंदोलनांनी बळकट होते त्यांना तेच उठून दिसते,happy,mr
तुमच्या तोंडात डबाभर तुप आणि पोतंभर साखर...,happy,mr
सर सामान्य जनते साठी सुद्धा दिवाळीत काही तर नवीन सरकार मार्फत उपहार करा धन्यवाद,neutral,mr
यांना ही करा आपल्या सोलापूरचेच आहेत.,neutral,mr
आणि तुला कळायला तू कोण झेंड लागून गेलीस का ग कु ?,angry,mr
भीम सैनिकांना माझ्या हार्दिक शुभेच्छा .,happy,mr
अहिंसा शांती चा महापर्व म्हणजे पर्युषण पर्व सर्व जैन बांधवांना हार्दिक शुभेच्छा मिच्छामि दुक्क़डम,happy,mr
मानसिक आरोग्याला प्राधान्य देणे गरजेचे : डॉ. अतुल ढगे,neutral,mr
उगीच नाही तो नटसम्राट. मुलाखत पचपचित व अपेक्षाभंग ठरली,sad,mr
नाव माहीत असून सुद्धा पण काहीजण वोडाफोनचा कुत्राचं म्हणतात....,angry,mr
लाचार मिडिया ' ला राहुल गांधी ची भारत जोडो यात्रा दिसतीये का नाही!,angry,mr
स्वपक्षा बद्दल बोलतांना काहीच वाटत नाही का मालक बोंबलणार ना....,angry,mr
महान योगी व आध्यात्मिक गुरू स्वामी शिवानंद सरस्वती यांच्या जयंतीनिमित्त विनम्र अभिवादन !!,happy,mr
कोजागरी पौर्णिमेच्या हार्दिक शुभेच्छा.,happy,mr
नविन वर्षाच्या आणि वाढदिवसाच्या हार्दिक शुभेछा,happy,mr
हिंदी बिग बॉस मध्ये ताजिकिस्तानचा गायक सहभागी होणार?,neutral,mr
"विजयाचा संकल्प अंधेरीकरांनीच केला आहे, ही भावना जन-जनात पाहताना मन भरून येतं.",happy,mr
"बाळासाहेब हे प्रभोदनकारांचे वारसदार, तोरसेकर कडे लक्ष नका देऊ वय झालंय त्यांचं, वाटेल ते वडबडतात.",neutral,mr
पुणेकरांनी भाजपलांच्या कामावर तत्परीता व विवेकाने कायम मदत केलेली आहे,happy,mr
सगळीकडे च आहे वातावरण तर सारख तसच बनून असते,neutral,mr
एक वर्तुळ पूर्ण,neutral,mr
बहिण- भावाच्या अतूट प्रेमाचा आणि नात्याचा सण रक्षाबंधन निमित्त हार्दिक शुभेच्छा...!,happy,mr
जेलमध्ये गेल्यानंतर काहींचा माफीनामा पण उफाळून येतो,angry,mr
हे चार नंबरचा पक्ष सांगतोय,neutral,mr
असे येडझवे प्रवक्ते लाभले,angry,mr
दांडे नाही दांडा,neutral,mr
बरोबर आहे सगळ चित्रविचित्र आहे,neutral,mr
आपल्या शुभेच्छा मोलाच्या आहेत जी. धन्यवाद ./_/…,happy,mr
नाय व आता चालू हाय ती म्हटलं??,neutral,mr
हिच्या मेंदूला खरच सोनखताची गरज आहे. कायबी बरळते,angry,mr
लोकं खायला देणार आहेत का ?,angry,mr
महाराष्ट्रातील असा एक नेता आहे ते पक्ष सुपारी घेऊन चालवतात,angry,mr
मशाल ही गद्दारांचा अंधार दुर करुन एकनिष्ठाचा स्वाभिमानी प्रकाश दाखवेल,happy,mr
साहेब वाढदिवसाच्या हार्दिक शुभेच्छा आपणास दीर्घायुष्य लाभो हीच आई एकवीरा चरणी प्रार्थना,happy,mr
आणि तुम्ही तिघे अमर अकबर अँथनी दुसरे कोण आहे का नाही जील्ल्यामध्ये,neutral,mr
"शीतल म्हात्रे दुतोंडी आहे , पैसे भेटले की वाजली",angry,mr
सिंहाच्या तावडीतून म्हशीने 'अशी' केली सुटका,happy,mr
पेन मधील शाई संपली होती,neutral,mr
आदरणीय भाई जगताप साहेब यांचे हार्दिक अभिनंदन...आणि पुढील वाटचालीसाठी अगणित शुभेच्छा,happy,mr
हा सुद्धा भा.ज.पा.चा डाव असण्याची शक्यता असू शकतो का ?,happy,mr
अवघड जागेच दुखण आहे आमचं हे,sad,mr
"काय हे? परुळेकर, आपणास मातृभाषेचा अभिमान बाळगण्याची आवशक्यता आहे.",happy,mr
शिरक्या हे घे तुला ऐश कर,happy,mr
त्र्यंबकेश्वर पहिने बारी येथे वाघ्या देवाचे मंदिर होते आता त्याचे थोडेच अवशेष आहेत.,sad,mr
रविकांतजी आपले खोके वाले जेलमध्ये ठिकठाक आहेत का?,angry,mr
उभा तुझ्या अंगणी स्वरांचा अबोल हा पारिजात आहे... असं दर्जा संगीत परत होणार नाही.,sad,mr
हे एक नविनच शोधलय ह्यांनी.,happy,mr
किती दिवस चुत्या करणारं... या पुढें बंद खोलीत चर्चा करू नका!,angry,mr
लोकसभेला माढा मध्ये महाराष्ट्राच्या तथाकथित चाणक्य ची अशीच फाटली होती...,angry,mr
मनापासून शुभेच्छा संजीवजी ./…,happy,mr
जेजे मध्ये असतांना मेंदूवर उपचार करायला पाहिजे होते.,angry,mr
स्वताच्या विभाग वर ज्या मंत्र्यांना विश्वास नाही असले मंत्री काय उपयोग चे,angry,mr
नाशिकचा समुद्र किनारा काळाच्या पडद्याआड होता तो आता काळाच्या पडद्यावर आला,happy,mr
नाटक चालू आहे की मुलाखत ???,neutral,mr
ताईंना क्रेडिट द्या. हे लिखाण त्यांचे आहे.,happy,mr
साहेब पशुसंवर्धन विभागाची भरती करा ही नम्र विनंती,happy,mr
"पासपोर्ट बनवणं होणार आणखी सोपं, पोलिस क्लिअरन्स सर्टिफिकेटसाठी ऑनलाइन करता येणार अर्ज",neutral,mr
भक्तांनो घ्या तोंड बडवून का करू काही मदत,angry,mr
"जनता अडचणीत होती, तेव्हा कुठे होतात? गोपीचंद पडळकरांचा ठाकरेंना सवाल:",angry,mr
मुंबई महानगरपालिका निवडणूक नजरेसमोर ठेवून निर्णय घेण्यात आला आहे.,neutral,mr
धन्यवाद..माऊली..नविन वर्षाच्या हार्दिक शुभेच्छा,happy,mr
पण चायबाची गोटी दुसऱ्या पक्षात का तोण्ड मारत असते?,angry,mr
खूप चांगली माहिती आपल्या मार्फत मिळाली. धन्यवाद.,happy,mr
मला वााटलं ही जरा शहाणी असंल पण पार येड्याचा बाजार हाय भो,angry,mr
"विवरात जात आहे, अरे थांबवा त्यांना कोणी तरी.",fear,mr
म्हणजे बीजेपी ने असेच सगळ्या जागा सोडून द्यायला पाहिजे..,angry,mr
वाढदिवसाच्या हार्दिक हार्दिक शुभेच्छा,happy,mr
ढोंगी लोक आहेत..हे,angry,mr
पुढच्या जन्मी ह्याच मातीत आणि ह्याच स्वर्ग असलेल्या कोकणात माझा जन्म होउदे महाराजा..,happy,mr
"हा पाऊस, हे वातावरण, हे सर्वच तुमच्यासाठी अतिशय रोमांचक वगैरे असेल नाही....",happy,mr
मला वाटलं अजून चालू आहे का,neutral,mr
लोकशाहीर अण्णाभाऊ साठे यांच्या जयंती निमित्त हार्दिक शुभेच्छा,happy,mr
ते गडदरांना हरावयच आहे असच म्हणतील,neutral,mr
"मोदी सरकारच्या योजनांमुळे भारत उजळला, इस्त्रोचा अहवाल सांगतो देशाने प्रगती साधली! ./-/…",happy,mr
कसलं काय एवढी महगाई करून ठेवलीय सण आला काय आणि गेला काय .,sad,mr
नववर्षाच्या हार्दिक शुभेच्छा!!./,happy,mr
अभिनेता दिग्दर्शक जणार्दण लवंगरे यांना कडून वाढदिवसाच्या हार्दिक शुभेच्छा..!!,happy,mr
पट्टी समोसा म्हणायचं आहे का?,neutral,mr
महाविकास आघाडी आहे म्हटल्यावर तुमच्या वडिलांचा फोटो टाकायचा का?,angry,mr
हे अगदी खरं आहे,neutral,mr
हे सांगायला पण इंग्रजी वापराय लागते,angry,mr
तरी सुद्धा जगात भारत पाचव्या नंबर वर आहे.,happy,mr
ही खरी बाळासाहेब आणि दिघे साहेब यांची शिकवण,happy,mr
आणि बाकीच्या देशांनी सुद्धा इन्फलेशन महागाई कन्ट्रोल करण्यासाठी त्यांचा रेपो रेट वाढवलाय का,neutral,mr
छान छान गोष्टी चे पुस्तक वाचायला हवे.,neutral,mr
हा एक महामूर्ख आहे,angry,mr
दरवर्षी शेकडो लोक बौद्ध धर्म का स्वीकारत आहेत?,neutral,mr
नोकियाचे फोन वापरलेल्या ते किती मजबूत आहेत हे सांगण्याची तर गरच नाही,neutral,mr
"पीएम मोदींचे मिशन लाइफ, का म्हणाले- कारमध्ये जिममध्ये जाण्याऐवजी पायी घाम गाळा",happy,mr
महाराष्ट्राचा मुख्यमंत्री म्हणून तुम्हाला कोण आवडेल? क्लिक करा आणि वोट द्या,neutral,mr
कोळपणी नसल्याने उत्पादन घटण्याची भीती; लष्करी अळीच्या प्रभावामुळे सोयाबीन क्षेत्रात वाढ,fear,mr
दुलीप ट्रॉफीच्या अंतिम सामन्यात हा प्रसंग घडला...,neutral,mr
पाणी म्हणजे जीवन,neutral,mr
निवडणूक आयोग निर्णय घेऊ शकतो.,neutral,mr
: रमकांत आचरेकरांना साश्रू नयनांनी निरोप .//,sad,mr
पुढील येणाऱ्या काळात बघूया काय चालते आणि काय नाही... ',neutral,mr
"प्रत्येक डायलॉग ची ""कदर"" करणारे कादर खान साहेब ह्यांना भावपूर्ण श्रद्धांजली",happy,mr
"अभिमानाने लढू आणि जिंकू! मायबाप जनता उघड्या डोळ्यांने बघत आहे, लोकशाही मार्गाने हिशोब नक्कीच होणार!!!",happy,mr
"मला वाटत होते शिल्लक सेनेत एकच पप्पू आहे... इथे तर दुसरा त्याचाही ""बाप"" निघाला...",angry,mr
"अगुबाई अगुवाई का? तुझा मोदी तिकडे बलात्काऱ्यांना सोडून देतोय, तिकडे वटार की डोळे जरा ..!!",angry,mr
तुम्ही पण कोकणातले का?,neutral,mr
बरोबर आहे हे दोघे आपल्या तिजोरी वर नागा सारखे बसले आहेत,angry,mr
बघा. काल दोघंही एकसाथ मीटिंग घेत होते.,neutral,mr
"बघू आता प्रकरण न्यायालयात जाईलच, तिथे न्यायाधिशांना काय ऐकू येत हे महत्त्वाचं",neutral,mr
निवडणूक आयोग वर जनतेचा विश्वास राहिला नाही,sad,mr
जय बजरंग बली हनुमान हे महावीर करो कल्याण ./ /…,happy,mr
आपणांस नवीन वर्षाच्या खुप खुप शुभेच्छा !,happy,mr
मराठी राज्यात आहे ना हि महानगरपालिका ?,neutral,mr
सत्याला जिंकण्यासाठी त्रास भरपूर होतो सर पण नक्की सत्याचा विजय होतो,happy,mr
पद्मासनस्थिते देवी परब्रम्हस्वरूपिणी । परमेशि जगन्मातर्र महालक्ष्मी नमोस्तूते श्वेतांबरधरे देवी नानालंकार भूषिते । जगत्स्थिते जगन्मार्त महालक्ष्मी नमोस्तूते,happy,mr
साहेब आपल्या कार्यकर्त्याने मशाल चिन्हावर कविता बनवली आहे.,happy,mr
विचारांची नीच पातळी पहा. अशी विकृत मानसिकता समाजासाठी अत्यंत घातक आहे,angry,mr
आज पासून परत भक्तांवर लक्ष केंद्रीत करणार आपल्याला एक वायाला गेलेली पिढी सुधरवायची आहे,neutral,mr
"सर,आपले विचार खूप प्रेरणादायी व मार्गदर्शक आहेत. मराठी ./",happy,mr
विरोधक या मुद्द्यावर गप्प का आहेत?,neutral,mr
दादा किती पैसे मिळतात असे पोस्ट टाकायचे तुम्हाला,angry,mr
त्यांची गांग फाटली होती नुपूर्र शरमा मुळे,neutral,mr
हा फोटो मी सेव्ह केलेला आहे....,neutral,mr
डॉ राहुल गांधी ची तळी उचलला ठेवला आहे का तुम्हाला? स्वतःच्या पक्षाचा बोला.,angry,mr
"भगवद्गीतेची शिकवण सर्वांपर्यंत पोहोचवण्यासाठी देवेंद्र फडणवीस प्रयत्नशील आहेत, त्यांच्या प्रयत्नांना आपण पाठिंबा देऊ या.....",happy,mr
"काही लोकं फोनकडे असे टक लावून बघत असतात जणू की त्यातून ""मेनका"" बाहेर येणार आहे...",neutral,mr
आपल्यालाच सांगावे लागणार….. आणि आता लोकांनाही यांची खेळी लक्षात येऊ लागलीय.,happy,mr
आरंभ अमित पर्वाचा ! आता लढायच फक्त जिंकण्यासाठीच !,happy,mr
अतिशय स्तुत्य उपक्रम आहे. यामुळे लढाऊ वृत्ती जागृत होते.,happy,mr
आणि तुमच्या सारखे पन्नास खोके वाले गद्दार ही गेले !,angry,mr
योगी राज कसा असे केले की हंटर चालवितोय तसा महाराष्ट्रात का नाहि होत कारवाही,angry,mr
हे मीपण केलं आहे + रिमोटच फोडून टाकला होता..,angry,mr
आहात. तेव्हा टप्प्यात येऊन कार्यक्रम करून घेण्याचा मान आज तुमचा!,happy,mr
विद्यार्थी आहेत का,neutral,mr
ओळखता येत नाही का काय काय केले मग राजकारणात येऊन,neutral,mr
इतिहासात अजरामर शूर महाराचे नावभीमा कोरगाव,happy,mr
मतदासंघ हातून जातोय म्हंटल्यावर रस्त्यावर काय दारोदारी फिरतील हे पवारियन!,angry,mr
ये तेलंगाना शासन व प्रशासन हिंदू व हिंदुत्व विरोधी मानसिकता है ।,angry,mr
प्रसन्नचा पगार केलेला दिसत नाही आहे टाईमावर पगार देत जा रे....,angry,mr
‘बीटीएस’च्या सैन्यभरतीची एवढी चर्चा का?,happy,mr
व्हिडिओचा कमेंट सेक्शन बॉक्स बंद आहे .,neutral,mr
नक्कीच.या परिवर्तन-वर्षाच्या साहेब आपल्यालाही खूप खूप शुभेच्छा !,happy,mr
आमूलाग्र बदल घडवताना काही चूका अचानक समोर येतात प्राक्तन म्हणून,neutral,mr
त्यांच्या प्रतिपादन किंवा प्रति पादनाला किंमत आहे हीच मोठी गंमत आहे,angry,mr
अक्कल सम्राट उद्धट हे सेनेचे वाट लावत आहेत आणि काही नाही...,angry,mr
हां... हे महत्त्वाचं आहे बघा साहेब,neutral,mr
अहो तुमची इच्छा असेल पण आमची इच्छा मुळीच नाही,neutral,mr
मागील तीन महिन्याचा हिशोब पूर्ण होणार सत्यमेव जयते,happy,mr
तुम्हाला भलताच आत्मविश्वास आहे की सरकारी कार्यालयात ह्या मंडळींनी काम केलं असेल ....,angry,mr
लोकप्रतिनिधी असावा तर असा.,happy,mr
असा संदेश इतर वेळी पण देत चला,neutral,mr
ग्रेट वर्क आबा दूरदृष्टी असलेला युवकनेता आपल्या कामाचा अभिमान आहे,happy,mr
हे उद्यान चंद्रपूरचे भूषण होणार आहे,happy,mr
इथं पवार साहेब चालते का?,happy,mr
ते तर संपूर्ण देशाला माहिती होते पण तुम्ही समोर आले फक्त एवढाच फरक,angry,mr
अहंकारी आणि लाचारी हे दोन शब्द परफेक्ट तुमच्यासाठी!,angry,mr
एसबीआयच्या ग्राहकांसाठी वाईट बातमी! आता ईएमआयमध्ये होणार वाढ,sad,mr
असे आहेत हे,neutral,mr
मंदिरात बांधलेले नवसाचे अगणित धागे याचा पुरावा आहेत प्रत्येकाच्या जीवनात त्याने काहीतरी अपूर्ण लिहिलंय...,sad,mr
वाचनीय पुस्तक आणि काही महत्त्वाचे उतारे.,neutral,mr
अध्यक्षालाच माहीत नाही की आपला पक्ष केव्हा स्थापन झाला सुधरा,angry,mr
अपयश पदरात पडल्यावर काही उरले नाही म्हणून जबाबदारी घ्यायला कोणी पुढे आले नाही.,sad,mr
आता लवकरच सेल्फी चा पुढचा भाग प्रकाशित होणार आहे,happy,mr
मधील भ्रष्टाचार पुन्हा चव्हाट्यावर गडकरी साहेब या ढेकणांच काहीतरी करा ही विनंती,angry,mr
अशी धमकी देते म्हणजे तुम्ही देव झालात की काय...,angry,mr
"आमची मुंबई, हरीत मुंबई, सर्वश्रेष्ठ सुविधा व बेस्ट सेवा!",happy,mr
राहुल गांधी यांच्या 'भारत जोडो' यात्रेचे हे फलित असावे.,happy,mr
फेकू तर घरीच बसून आणि दाढी वाढवून थाल्या वाजवायला सांगत होता..,angry,mr
मुंबई ही कुणाला हवी आहे यांचे हे बोलके चित्र ..!,neutral,mr
"भावपूर्ण श्रद्धांजली, नाही नाही अभिनंदन नाही काय ते जनतेनेच ठरवावे आता.",neutral,mr
ऑक्टोबर हीट असल्या प्रकाराला पुण्यात भावपूर्ण श्रद्धांजली,neutral,mr
कोजागिरी पौर्णिमेनिमित्त हार्दिक शुभेच्छा.,happy,mr
चष्मा पारदर्शक पण आहे तशी पारदर्शक पत्रकारिता होईल का महाराष्ट्रात,fear,mr
बाळासाहेब ठाकरे.. बाळासाहेब नाही.....× चावट बाळासाहेब......?,angry,mr
लक्ष्मी चालते का.... भ्रष्टाचाराच्या चिखलात प्रकटलेली ...,angry,mr
हे असले सैनिक उ.ठा. आणि सच्चे सैनिक यांची अब्रू घालवतेय,angry,mr
मोदी बदल खूप वेळा बोले आहेत,neutral,mr
हातभार नाही. हे त्याचंच कारस्थान आहे.,angry,mr
"तुझच खाण्याच काही खर नाही, आणी दुसर्याला आमंत्रण कश्याला देतोरे टोणग्या......",angry,mr
तुमच्या घरी आला होता का पवार,neutral,mr
"सोलापूर । सीसीएचवर दाखल होताच गुन्हा, गंडवण्यासाठी नवा ॲप आला पुन्हा",neutral,mr
गेल्या तीन महिन्यांत शिवसेनेविषयी व गेल्या तीन वर्षांत ऊद्धव ठाकरेंविषयी.,neutral,mr
"भाजप,बीड शहर अध्यक्ष भगीरथ बियानी यांनी गोळी झाडून केली आत्महत्या",sad,mr
तुझ्या घरातले लागतात का?,neutral,mr
"आम्हाला देखील रोज सरस्वती वंदन, मनाचे श्लोक आणि पुढे अध्याय",neutral,mr
ही ह्या भाजप वाल्या लोकांची लायकी....!,angry,mr
आज तर माघार ही पराभवाची व नामुष्कीची आहे,sad,mr
शेतकरी काय कमी हाय काय? ग्रामीण इनोव्हेशन! व्हिडीओ व्हायरल,happy,mr
हे भविष्य घडवायचे आहे आणि त्यासाठी आपण पुरेपूर प्रयत्न करणार,neutral,mr
हा कोण आहे बारामतीचा गुरखा की गुराखी हा नंगा धावून कधी दाखवणार?,angry,mr
लवकर या.आतुरतेने वाट बघत आहोत .//…,happy,mr
कारभारी लयभारी : शोना मॅडम खऱ्या आयुष्यात दिसते खूपच ग्लॅमरस ..//…,happy,mr
म्हणूनच नावं गोंधवल होते हातावर का,neutral,mr
तुम्ही का उरकू लागायला येताय चव चाखली की काय,angry,mr
नवीन वर्षाच्या हार्दिक शुभेच्छा...,happy,mr
तुझ्या सारखे म्हणजे शंबर टक्के शेजाऱ्याला पप्पा म्हणणारे तुम्हीं.,angry,mr
त्याच विचारात मी मशाल पेटवून अयोध्याला रस्त्याकडेला शोधतोय..,neutral,mr
तुम्हाला हिरवी म्हणायचं आहे का?,neutral,mr
बीजेपी ला काही फायदा उरला नाही बाबाचा आता...आणि बाबलापण हे कळलय...,neutral,mr
काही नाही सोयरिक जोडायची आहे,neutral,mr
"सत्ता विरोधी असणं, हा बुद्धिजीवी लोकांचा धर्म आहे.",neutral,mr
नाही नाही … त्यासाठी नाही विचारलं मी तिला … उत्स्फुर्त प्रतिक्रिया बघून बोललो,neutral,mr
भविष्यात भाजप ची पण हीच स्थिती होईल लक्षात ठेवा,fear,mr
छगन जसं तुझ्या घरात तुझ्या बापाचा फोटो आहे तसाच कळलं का येड्या भोकाच्या,angry,mr
"एका सुंदर सकाळी कान्हा च्या जंगलात ,झाडापानातून झिरपत कोवळी प्रकाशकिरणे जमीनीवर पडताना .",happy,mr
माझा मोठा मुलगा शरदचंद्र याचागुजरात वडोदरा येथे नवीन फ्लॅट गृहप्रवेश वास्तुशांती आनंदमय सोहळा,happy,mr
निवडणूक होणार?,neutral,mr
नक्की काय खेळ सुरू आहे हे सगलं,neutral,mr
बाळासाहेबांचा शब्द कदापि विसरणार नाही काँग्रेस सोबत जाणार नाही.,happy,mr
हे पुस्तक कोठे मिळेल?,neutral,mr
पर्यावरण जनजागृतीसाठी नैनिताल ते गोवा सायकल प्रवास ./-/…,happy,mr
असं म्हणू नका कारण जनतेबरोबर तुम्हीच अन्याय आणि गद्दारी केली आहे...!,angry,mr
नवरात्रीमधील उपवासाच्या दिवसात हेल्दी ग्लोइंग स्कीनसाठी हे पदार्थ नक्की ट्राय करा,neutral,mr
आज ची परीक्षा देत असलेल्या सर्व विद्यार्थ्यांना खूप खूप शुभेच्छा..,happy,mr
गणपती आणि महालक्ष्मी सोबत प्रसादासाठी मोदक,neutral,mr
नाचणाऱ्या मोराचे पाय वाकडे असतात असे म्हणतात,neutral,mr
जालन्याचे पालकमंत्री अतुल सावे अंबड तालुक्यातील पाहणी दौऱ्यात सजवलेल्या बैलगाडीतून बांधावर गेले होते.,neutral,mr
शिवसेनेने खूप जाग्यावर अपक्ष उमेदवार उभे केले होते,neutral,mr
"आरक्षणामुळे सर्वसाधारण, राखीव प्रवर्गातील जागांच्या संख्येवर परिणाम होणार नाही: केंद्र",neutral,mr
"लोकांनी नातेसंबंध मिरवण्यापेक्षा त्या नात्याचा आनंद, जबाबदाऱ्या घेत जगायला शिकलं पाहिजे.",neutral,mr
त्याच हे उत्तम उदाहरण,neutral,mr
"काय अवस्था आहे, हे घरातून बाहेर पडले की बातमी होते ..",sad,mr
अण्णा हजारे कोठे त्यांच्या पेक्षा वेगळे आहेत.,neutral,mr
इस्लाम मधे बायकांना काय अधिकार आहेत हे त्यांना माहीत नसतं म्हणून असं करतात!,angry,mr
हे काही कळत का तुला तु कोण लवड्या बोलणारा,angry,mr
सगळी कडे फुकटचे सल्ले दिलेच पाहिजे का?,angry,mr
अखिल भारतीय मदीराप्रेमी लोकांचा हा घोर अपमान आहे,angry,mr
म्हणून एवढा भ्रष्टाचार आहे,angry,mr
म्हणजे बीजेपी कीड आहे,angry,mr
खरं आहे लाज अजिबात नाही,angry,mr
हातभर फाटली अस म्हणायच का,neutral,mr
"हे एवढं सर्व करण्या पेक्षा________________ ""मानसिक स्वास्थ"" सांभाळणं हे सर्वात उत्तम !",neutral,mr
दिल्ली मध्ये मास्क अनिवार्य आहे का ??,neutral,mr
देशभक्ती शरीरात जागृत झाली आणि नानाने त्या दुकानातूनच वस्तू विकत घेतल्या.,happy,mr
महाराष्ट्राच्या स्थानिक मराठी भाषेतून ट्विट केल्याबद्दल आभार आणि धन्यवाद,happy,mr
"आज लंबू चा बर्थडे आहे,म्हणे",neutral,mr
किमान बुर्जीपावची गाडी लावायला तरी जागा द्यायची होती,fear,mr
"लोकं दुसऱ्यांना दाखवण्यातच सुख मानतात, खरं सुख त्यामुळेच उपभोगता येत नाही!",neutral,mr
भारत जिंकला दुसरा कसोटी सामना,happy,mr
तरीही हा सुधारला आहे का? लातोंके भूत बातोंसे नही मानते,angry,mr
साहेबांबद्दल असले तर्क लावताना तुमची जीभ कशी जड पडली नाही..,angry,mr
"भारत-पाकिस्तान सुपरहिट सामन्यावर संकट, पाऊस पुन्हा ठरणार का व्हिलन; जाणून घ्या हवामानाचा अंदाज",fear,mr
काय मस्त विनोद केलास. कसं जमत र्व तुला हे सगळ,happy,mr
ते सर्वोच्च न्यायालयाने कायदेशीररित्या स्थापन केलेल्या खंडपीठाच्या वर आहे का?,neutral,mr
शरद पवार ही नीच प्रवृत्ती आहे .. हिजडे झुकतात सोनिया गांधी समोर:- स्वर्गीय बाळासाहेब,angry,mr
सार्वजनिक शौचालय स्वच्छ करण्याचा धंदा बंद करून हौसिंग सोसायट्यांची दलाली सुरू केली का ...?,angry,mr
तुमाला मराठीची का लाज वाटते? माहिती मराठीतच पाहिजे महाराष्ट्र चि राज्यभाषा मराठी आहे.,angry,mr
पराभवाची नामुष्की येण्याची भीती म्हणून माघार. महानगरपालिका निवडणूक जिंकण्याची ही शिवसेनेची नांदीच आहे.,fear,mr
गर्वाचे घर खाली..हि म्हण उद्धव ठाकरेंना तंतोतंत लागू पडतेय..,angry,mr
नवीन मुलींना क्रिकेट खेळायला इन्स्पायर करतात हे मला त्यांचं सगळ्यात मोठं यश वाटतं! /,happy,mr
तेव्हा ही असच होणार आहे,neutral,mr
अतुल तुझ्याकडे या भुंकणाऱ्या बघून कुत्र्यांची आठवण होते,angry,mr
"बरोबर आहे अंजली ताई, आतच हे सगळं सोईच राजकारण चालू आहे.",angry,mr
श्रीमंत झालेल्या तथाकथित पत्रकारांची पण चौकशी एकदा झाली पाहिजे,angry,mr
"लवकरच विधासभेची निवडणूक घेतली जाणार, हा सुद्धा एक अर्थ काढला जाऊ शकतो.",neutral,mr
मोठी उडी मारण्यासाठी चार पावलं मागे यावच लागतं असे ट्वीटस् कधी सुरू करायचे????????,neutral,mr
हा फोटो होता आधी ... लगेच बदलला.,happy,mr
ला कोणाला मतदान करायचं हे मात्र जनता ठरवणार अध्यक्ष महोदय.,neutral,mr
"हे तर काहीच नाही, राणीच्या बागेतील पेंग्विन पण आनंदात गरबा खेळत आहेत",happy,mr
माझ्या मुळे अख्खं जग चालतंय असा दावा मी करणार आहे,happy,mr
बेरोजगारीमुळे तरुण मुकपणे त्रस्त आहेत. पण ते देशाच्या सरकारला काहीच बोलत नाहीत.,sad,mr
अच्छे दिन वर पण असच तत्परतेने बोला,neutral,mr
बाबू जानू म्हणणारे एक नंबर चे फालतु असतात,angry,mr
अरे काय तुझी भाषा राणे चाच तू पण तुझ्याकडुन काय अपेक्षा,angry,mr
"अगदी बरोबर खूप सकारात्मक बदल झालाय, काही वर्षात आणखी त्यात भर पडेल...",happy,mr
तुझा मेंडू गुडघ्यात आहे का मित्रा..? डिसेंबर ला कोण वाजवितो..,angry,mr
"एक प्रतिभावान कलाकार, एक कुशल नेता आणि एक हुशार व्यक्ती, एकत्रितपणे ते समाजात सकारात्मक बदल घडवून आणतात.",happy,mr
आपले स्वागत आहे प्रिय बंधुवर्य व आपल्याला उत्कृष्ट वक्ता इन विश्लेषक केदार ..,happy,mr
"तुमचा डीपी चांगला दिसतोय, तो छान छाप पाडत आहे!",neutral,mr
खरंच एवढी घाण केलीय का?,angry,mr
"आणि फक्त या फोन्समध्ये चालतील, फोनची संपूर्ण लिस्ट पाहा",neutral,mr
हे खरं आहे का? कसा विश्वास ठेवायचा?,happy,mr
: केरे यांनी आंदोलनाच्या नावाखाली पैसे घेतल्याची पोस्ट सोशल मिडीयावर फिरत होती.,angry,mr
का डांगीला झोंबलका फडणविसच नाव घेतल तर,angry,mr
रात्री नंतर मद्यपान टाळण्याचा आणि प्रलोभनांना न जुमानता संयमासाठी वचनबद्ध राहण्याचा अभिमान आहे,happy,mr
अभियंता दिनाच्या हार्दिक शुभेच्छा ..!!,happy,mr
व्हागोबा... तुझ्या ट्विट खालचे रिप्लाय पण वाचत जा रे कधीतरी... पोटभर मनोरंजन होईल तुझे...,happy,mr
असे बरेच व्हिडिओ यूट्यूब वर आहेत,neutral,mr
खतपाणी घालणारी आपलीच काही हिंदू लोकं आहेत,angry,mr
सर्व शेतकरी बंधू आणि भगिनींना मकर संक्रांतीच्या मनःपुर्वक हार्दिक शुभेच्छा,happy,mr
दिनो मोरया जय तुझ्या बापाची नजायज अवलाद आहे का,angry,mr
महसूलमंत्री तलाठी भरतीबाबत काही बोलणार का? कधी होणार? किती जागा येणार? परीक्षा कोण घेणार?,neutral,mr
वसंतराव नाईक कमी पडले.,sad,mr
हे पण भारी बनलंय,neutral,mr
ह्या वाघाच्या ग्रुप मध्ये आपले मनःपूर्वक हार्दिक स्वागत जय शिवसेना + युवासेना = जय महाराष्ट्र,happy,mr
कोजागिरी पौर्णिमेच्या सर्वांना हार्दिक शुभेच्छा!,happy,mr
अवघड जागी दुखन आणि जावयी डॉक्टर अशी परिस्थिती झालिये अंध भक्तांची,angry,mr
"तू कागदी वाघ आहेस,हे लोक जाणून आहेत,",angry,mr
वेडा पाठक माग आणि त्याचा घरकोंबडा मालक पुढ...,angry,mr
"खूप छान उपक्रम, मी पण सहभागी",neutral,mr
"परतीच्या पावसाचा कांद्याच्या भावावर परिणाम होणार नाही, पुरवठा वाढवण्यासाठी बफर स्टॉक काढणार !",neutral,mr
आपल्याला का येवढा मिरच्या झोम्बल्या बारामतीचे नाव घेतल्यावर,happy,mr
||श्री भवानीदेव्यै नम:||आज चैत्र पौर्णिमा निमित्त देवीची अलंकार महापूजा नित्य दर्शन,happy,mr
... कोणती कुठंही पोरगा काय नगरसेवक होतं नाही.. चिमण्या,angry,mr
सुबोध भावे आणि त्याचा बोलविता धनी तो सांगतो आणि हा बोलतो...,angry,mr
महाशिवरात्रीनिमित्त पुण्यातील युवकाने बनवले नाण्यांपासून आकर्षक शिवलिंग ./--…,happy,mr
नारळी पौर्णिमा आणि रक्षाबंधन सणानिमित्त सर्वांना मनःपूर्वक शुभेच्छा....!!!,happy,mr
कुंभोजकर पण आहेत माझी शाळा,neutral,mr
हा पाकीट माऱ्या ट्विट करुण पळाला,angry,mr
तुम्ही ट्विटर तपासले आहे का? संभाव्य डीपी बदलासाठी ते उत्साहाने गुंजत आहे! भावना,happy,mr
हे विरोधक म्हणजे एकमेकांचे पाय खेचणारे खेकडे आहेत,angry,mr
हे न्यूज चॅनल ह्याच बातम्या. कंटाळा आले आहे.,angry,mr
साहेब तुम्ही काय कायदा बदलवत आहे का.,neutral,mr
ओम नमः शिवय,neutral,mr
तुम्ही क्रेडिट कार्ड वापरता का? मग सीयूआर आणि त्याचा क्रेडिट स्कोअरसोबतचा संबंध समजून घ्या!,neutral,mr
पैश्यापुढती आणि धंद्यापुढती सर्व काही क्षम्य असतंय...,neutral,mr
एवढीच काम करा.,neutral,mr
चांगलाच चोप काढला पाहिजे होता...,angry,mr
लक्ष्मण महाराज संस्थेच्यावतीने गोरगरीबांना स्वेटर वाटप ./_,neutral,mr
याला जबाबदार महाराष्ट्रातील राजकीय पुढारीच आहेत,angry,mr
हृदयाला थेट साद घालणारा आणि डोळ्यांना सुखावणारा हा क्षण....!!,happy,mr
अरे अरे अरे....नशीब हे बघायला बाळासाहेब नाहीत..,sad,mr
साहेब आपणास ही नवीन वर्षाच्या हार्दिक शुभेच्छा..,happy,mr
तुझी लायकी नाही का कमवून खायची...चाट्या,angry,mr
हे आहे जनतेचे सरकार ..,happy,mr
तुमचा ईतका चांगला आला नसता,neutral,mr
उध्दव व जयदेव दोघांना आहे,neutral,mr
आमचा पुतण्या हातगाव चे सरपंच श्री दत्तु नागरे यांना प्रकट दिनाच्या हार्दिक शुभेच्छा.,happy,mr
सोलापूर महानगरपालिका मध्ये या रिक्त पदांसाठी होणार थेट मुलाखती ===================,neutral,mr
"बारामती मतदारसंघात भाजपाचा झेंडा फडकवण्यासाठी सुरु आहेत प्रयत्न, परंतु...",neutral,mr
पाकड्यां विरुद्ध आली होती ना ती खेळी?,neutral,mr
आपल्या माणसांसाठी सजग व जागरुक राहण्याचा संदेश देणाऱ्या कोजागिरी पौर्णिमेच्या सर्वांना शुभेच्छा.,happy,mr
"जास्त मस्ती ना आपल्यात...सुट्टी होती आज, पावसापाण्याच थांबायचं ना घरी",neutral,mr
बघ मी सुरू करून अर्ध्या तासात झोपले..,neutral,mr
हा हा हा हा हा हा,happy,mr
तुमची आई बाबा सर्व मोदी साहेब आहेत खर्या आईचे दुःख तुम्हाला काय समजणार.,angry,mr
मी वर्षातून एकदा अंघोळ करतो. त्यामुळे मला फरक नाही पडत.,neutral,mr
तेव्हा पहिल्यांदा पहायला घेतला होता हॉरर चित्रपट.. - च्या आसपासचा काळ,neutral,mr
ॲाम्लेट करुन खल्ले तर उपयोगी आहे का ?,neutral,mr
आणि भाजपचा हा दहावा जन्म आहे धनु भाऊ फुटायला तयार व्हा,neutral,mr
अच्छा म्हणून तुम्ही कोणाचं लुगडं कोणाची दाढी धरली का,angry,mr
...........आणि पवारांच्या गोठयात नेवून बांधली अक्खी सेना असे म्हनायचे असेल का?????,angry,mr
कांदा उत्पादकांना राज्य सरकारचा मोठा दिलासा; घेतला हा निर्णय,happy,mr
फॉलो बॅकसाठी धन्यवाद मालक..!,happy,mr
श्रीमातोश्रींचे हे एक गोजिरवाणे रुप दाखवल्याबद्दल धन्यवाद,happy,mr
पावसाचा जोर कमी व्हायला सुरुवात. डेक्कन कोथरूड परिसरात जोर कमी झाला. इतर भागात मात्र सुरूच,neutral,mr
बहिण-भाऊ यांच्यातील निस्सिम प्रेमाचे प्रतीक म्हणून ओळखल्या जाणाऱ्या रक्षाबंधन सणाच्या सर्वांना हार्दिक शुभेच्छा..!,happy,mr
गोदावरी एक्स्प्रेसमध्ये चाकरमान्यांनी बोगीत गणपती बाप्पाची श्रद्धेने स्थापना केली आहे ./-…,happy,mr
आपल्या पूर्वजांनी हे आधीच सिद्ध केलंय..उगाच नाहीत आपल्याकडे कुणाला 'गाजर दाखवत..'.,happy,mr
गोविंदा ना खेळाडू म्हणून सर्टिफिकेट कधी देणार आहात,neutral,mr
हे बेन काही सुधारणार नाही,angry,mr
प्रत्येकाने असा विचार केला तर...........??,neutral,mr
सर्व नागरिकांना घटस्थापना व नवरात्री उत्सवाच्या हार्दिक शुभेच्छा!,happy,mr
चिन्मय मिशन ची स्वामी चिन्मयानंद यांची खूपच अभ्यासपूर्ण आहे,happy,mr
"भक्तांनो फकीर तोच आहे, पण बदलत नाहीये.",angry,mr
मग खाज सुटली हे शब्द कसला माज आल्याचे लक्षण आहे,angry,mr
मेहबुबा मुफ्तीच्या पक्षासोबत काश्मीर मध्ये सत्तेसाठी युती कोणी केली होती,neutral,mr
पुरुष असून सुद्धा चिखल लावून फिरतात,angry,mr
आपल्या स्वतःच्या विचारांवर आणि अनुभवांवर लक्ष केंद्रित करूया आणि इतरांच्या मतांची आणि जन्माची चिंता करू नका मित्रा,neutral,mr
सगळे पुरुष इतके आळशी का असतात.. संशोधनाचा विषय आहे,angry,mr
तू पण *त्या आहेस आणि तुझं शेठ पण सुधरारे,angry,mr
"हा व्हिडिओ अप्रतिम आहे, हे पाहून मला माझ्या बालपणीच्या आठवणी जाग्या होतात.",happy,mr
या भुमीमध्ये निर्माण झालेल्या सर्व उपासना पद्धदतींचा मी आदर करतो,happy,mr
"मोहित भैय्याचा मोठ्ठा फॅन आहे,,खूप जवळच सूत्र आहे..लगेच प्रसिध्दी",happy,mr
घोटाळ्यांची खूपचं चर्चा होत आहे...,neutral,mr
साहेब निवडणूकीत चिन्ह काय होते बर ?,neutral,mr
या फोटोमध्ये रोहित शेट्टी अप्रतिम दिसत आहे.,happy,mr
हे आहेत कॉग्रेसचे नवेकोरे अध्यक्ष.,neutral,mr
"खडकवासला, पंढरपूर, कोल्हापूर, देगलूर पोटनिवडणुकात कुठे गेली होती तुमची महान संस्कृती??",angry,mr
एक दम बरोबर आहे दिवस अजून प्रचार आणि हा विचार मनात आला आहे???,neutral,mr
याने काही चुकीचे काम केले असेल,neutral,mr
पत्रकारितेतही हाच नियम लागू होतो नाही का!,neutral,mr
"“निवृत्तीची योजना बाहेर फुटणारच होती म्हणून घाईघाईने मी निवृत्ती जाहीर केली”, रॉजर फेडररचे विधान",neutral,mr
हा स्वतः आमदार विकत घेऊन वर आलाय आणि निवडणुकीवर बोलतोय,angry,mr
पडळकर खास मित्र आहेत का ??,neutral,mr
भो...! टोमणे देणं सगळ्याला जमत पण सांभाळून घेणारे खुप कमी असतात,neutral,mr
चांगल्या विचारांनी नववर्षाचे स्वागत करूया ./.?…,happy,mr
जाहिरात हिंदी भाषेत का? कल्याण डोंबिवली महापालिका प्रशासनाने राज म्हणून हिंदी मानले आहे का?,neutral,mr
आपल म्हणणं पुर्ण विचारांती अगदी खर आहे.,neutral,mr
नातेवाईकांना सांगतो फोटो पाठवायला आला की.मी ठाण्यात आहे.,neutral,mr
सांग सांग भोलानाथ सहानुभूती मिळेल का. मतदार राजा कीव येऊन भीक देईल का?,neutral,mr
तुम्हाला चांगला धंदा मिळाला. नशीब आहे तोपर्यंत पोटपानी चालवा.,neutral,mr
परवानगी दिली नसली तरीही तुमच्यासाठी काय फरक पडतो. त्याने तुमच्या वडिलांचा फोटो वापरला नाही,angry,mr
", आणखी पण कोणी घेतले होते ते दिले का",neutral,mr
काय नष्टर हाय हा पंतप्रधान रा पगार व्हायच्या आत राजीनामा,angry,mr
तीस हजारी मनसबदार झाल्याबद्दल मनःपूर्वक सप्रेम..!,happy,mr
रडणारे फितुरी करणाऱ्यांची शिव सेना नसते कधी. लाडणाऱ्यांची असते आहे आणि रहाणार,happy,mr
सहमत... आणि एकदा का ही सवय लागली न की त्रास ही होत नाही कोणी जाण्याचा,neutral,mr
हाच का तो मुंबईच्या थंडीची वाट पाहणारा?,neutral,mr
": गहलोत, शशी थरुर सोडा आता अध्यक्षपदाच्या शर्यतीमध्ये ‘हे’ नाव आहे चर्चेत..!",happy,mr
मागून विनंती कोणी केली हे सांगायचं नसतं हीसुद्धा महाराष्ट्राची राजकीय संस्कृती आहे का,angry,mr
भाजप भविष्यात सगळीकडे निवडणूक हारणार हे नक्की.,neutral,mr
पैठण जिल्ह्यातील जायकवाडी धरण परिसरात टिपलेले हे मनमोहक दृष्य...,neutral,mr
डॉ. व मोलाचे मार्गदर्शन ही मिळाले...,happy,mr
"हे मात्र खरं आहे,केंद्रीय नेते आहे असे कस चालेल पण...हे कार्येकर्त्यांना कळायला हवं.",neutral,mr
बरं ते संजय राठोड यांच्याशी तुमचं नात काय आहे?,neutral,mr
भ्रष्टाचार ही देशाला लागलेली कीड आहे : देवेंद्र फडणवीस,angry,mr
“मी आज जो काही आहे… तो फक्त आणि फक्त महाराष्ट्रामुळे”,happy,mr
कठिन काळ विश्वप्रवक्ता यांनी निर्माण केला आहे त्यामुळे सदय परिस्थितीला तेच जबाबदार आहेत,angry,mr
ऐकले तर काय झाले? तुमचा खड्डा नाही का रंगा बिल्ला च ऐकत,angry,mr
होळी दहनाचा सगळा सेटअप रेडी ….,neutral,mr
"अच्छा, म्हणून इथे येऊन....",neutral,mr
"तीळगुळ घ्या, गोड गोड बोला! मकर संक्रांतीच्या हार्दिक शुभेच्छा!",happy,mr
भविष्यात तुम्हाला पुन्हा अशी मोठी संधी मिळेल त्यामुळे मित्रांनो ही संधी गमावू नका.,neutral,mr
भाऊ..कधी भेटले नाही..,neutral,mr
थोडक्यात गृहमंत्री बिनकामाचा आहे,angry,mr
बाजारू जनता पार्टीचे नेते असे का बरे बरळत असतात.,angry,mr
आता या संकटकाळी हनुमान चालीसा पठण होणार,neutral,mr
परफेक्ट विश्लेषण !! ही तर चक्रव्यूहात फसलेल्या ला वाचवण्याची चाल !!,happy,mr
आपण असं काही म्हणलं समजलं तर पट्टी समोसा पट्टीनी मारेल,neutral,mr
वाढदिवसाच्या मनःपूर्वक हार्दिक शुभेच्छा राजीव जी,happy,mr
"मस्त काम केलं आहे , पावसात अजिबात पुणे तुंबत नाही",happy,mr
“हा चित्रपट…” ‘कांतारा’ पाहिल्यानंतर मराठमोळ्या अभिनेत्याची ‘ती’ पोस्ट चर्चेत,neutral,mr
पत्रा चाळीतील गरीब मराठी लोकांना बेघर करताना लाज कशी वाटली नाही !!,angry,mr
आरोग्यमंत्र्यांच तोंड आहे की गटार??? म्हणे आताच मराठ्यांना आरक्षणाची खाज का??,angry,mr
त्यांना त्यासाठी भत्ता पण दिला जातो,neutral,mr
"चुकीचे आहे, विरोधकांनी आपला आदर स्तुती करण हे आपल्या मोठेपणाच लक्षण आहे.",happy,mr
म्हणून मी घरातून अजुन बाहेर नाही आलो....,sad,mr
कंधार चा किल्ला आहे एक बरोबर का,neutral,mr
वाढदिवसाच्या हार्दिक शुभेच्छा अमना जी,happy,mr
सहानुभूती नाही हो जनतेचा आपलेपणा आहे तो शिवसैनिकांची निष्ठा आहे ती,happy,mr
त्यांचे किती शाखा व्यवस्थापक मराठीतून संवाद साधतात हा एक स्वतंत्र संशोधनाचा विषय आहे.,neutral,mr
"घराला बनवा ‘स्मार्ट होम’! अतिशय कमी किंमतीत मिळत आहेत स्मार्ट सीलिंग फॅन, बघा",neutral,mr
हे घ्या. ह्याच्यापेक्षा तुम्हाला जास्त गरज आहे,happy,mr
आजच पूर्ण पुस्तक प्रकाशित करणारं आहेस का..नुसत्या चारोळ्या आणि कविता.,neutral,mr
शेठ अभिनंदन।।। पूर्ण झाल्याबद्दल चिमण्यांना जंगी आणि जम्बो पार्टी द्या.।।,happy,mr
सजीव चित्रण,neutral,mr
.मराठवाडा मधे खुप कमी झालयं.अगदी ग्रामीण भागात थोड्या प्रमाणात दिसते.,neutral,mr
"गिरीश, प्रकटदिवासाच्या उशीराच्या हार्दिक शुभेच्छा.. पुणेरी मिसळपाववर ताव मारा",happy,mr
गद्दार अजून खालच्या पातळीवर जातील. राजीनामा मंजूर होईपर्यंत काही खरं नाही,angry,mr
बायो मध्ये बदल करा… अधिक्रूत प्रवक्ते म्हणून,neutral,mr
शेवटचं वाक्य... भारी होत,happy,mr
नालायक आहेत हे शेणके.,angry,mr
- वाघ वन विभागाकडून जेरबंद; जणांवर केला होता हल्ला,neutral,mr
आपणा सर्वांना नवरात्रीच्या व घटस्थापनेच्या हार्दिक शुभेच्छा...,happy,mr
उत्सव आदिशक्तीचा..... हा जागर स्त्री शक्तीचा.... नवरात्रोत्सव व घटस्थापना निमित्त मनःपूर्वक शुभेच्छा,happy,mr
लांडगा आला रे आला सारखं नको व्हायला,angry,mr
सोयाबीन काढायला येतायत का बघा चांगल काम आहे ते,neutral,mr
ही अवस्था झाली आहे पीईएसची.. याला जबाबदार कोण? तुम्ही आम्ही.,angry,mr
फालतू माणूस आहे तो तुषार भोसले,angry,mr
अत्यंत खंबीर आणि गंभीर नेतृत्व आहे !,happy,mr
सरकार चा विरोध आणि स्थानिक नागरिकांचा विरोध या मध्ये फरक कळतो का...?,neutral,mr
ला राजयोग आहे का? बघतोच तुझ्याकडे प्रसन्न छु,happy,mr
"क्रांती शॉ, उषा नायर आणि इतर कार्यकर्ते उपस्थित होते.",neutral,mr
दिवाळी आहे करायला च पाहिजे मदत,neutral,mr
झाली भांडण करून ऑलरेडी,neutral,mr
राष्ट्रवादीचे प्रदेशाध्यक्ष जलसंपदा मंत्री माननीय जयंत पाटील ह्यांच्या निवास्थानी बाप्पाची आरती केली,neutral,mr
त्यांचा दोष नाहीये तो दुसराच कोणाचा तरी आहे .,neutral,mr
चूक आहे,angry,mr
"आपणा सर्वांना देवो आणि आरोग्य, शांती, भरभराटीसह त्याची मेहेरनजर आपणा सर्वांवर राहो.",happy,mr
"अरे, हा काय माणूस आहे,साधी श्रध्दांजली सुद्धा हा प्राणी राजकारण वगळून देऊ शकत नाही",angry,mr
"कष्ट करून जगणं, ही सुद्धा एक कलाच आहे. आज पहाटे विठ्ठलवाडी वृत्तपत्र सेंटर",happy,mr
अस म्हणत ऊधव साठी संजय जेल ची हवा खात आहे,sad,mr
कोरोना संकटात राज्या ऐवजी केंद्र सरकारच्या निधीमधे देणगी देणारे भुरटे हे बोलत आहेत...,angry,mr
संकष्ट चतुर्थीच्या सर्वांना श्रीमयी शुभेच्छा। ॐ गं गणपतये नम:!,happy,mr
तुझे खरे बाप ठाकरे आणि पवार आहेत का?,angry,mr
बरोबर म्हणत होता.. चड्डी वाले.,angry,mr
उद्धव बाळासाहेब ठाकरे हे व्यक्तीमत्व सच्चे आणि प्रामाणिक आहे. जय महाराष्ट्र.,happy,mr
शरद पवारांना पण भाजपने सांगितलं का?,neutral,mr
काल पासून हा दुसरा घावलाय,fear,mr
या दिवाळीसाठी पोकर खेळून आकर्षक बक्षिसे जिंका.,happy,mr
खरं पण बोलतात असं सांगणार होते पण राहू दया आता..,neutral,mr
नाना आहेत.... कोणाचेच नाहीत.,sad,mr
हे पटलं आपल्याला...,neutral,mr
पत्रकार म्हणून आजही आपणास आम्ही आदराने पाहतो. आपल्या व्यक्त होण्याची वाट पाहत असतो. धन्यवाद!,happy,mr
सर्व भाविकांना महाशिवरात्रीच्या हार्दिक शुभेच्छा!,happy,mr
धन्यवादहो ताईचे उर्वरित कार्य आपल्या सर्वांच्या सहकार्याने आम्ही समोर नेऊ!,happy,mr
गौराईची पूजा म्हणजे निसर्ग पूजा ./-…,happy,mr
साहेबांचे कार्य मोठ आहे त्यामुळे. भावी पंतप्रधान,happy,mr
जयंतीनिमित्त त्यांच्या संघर्षाला कोटी कोटी प्रणाम....,happy,mr
जनतेला उल्लू बनवयची नाटकं आहेत हे सर्व,angry,mr
अर्थतज्ञ साहेब मग तुम्ही विस्तृत पणे सांगा का घसरण चालू आहे?,angry,mr
देशाचे नवनिर्वाचित उपराष्ट्रपती म्हणून श्री जी यांची निवड झाल्याबद्दल त्यांचे मनःपूर्वक अभिनंदन!,happy,mr
"अरर! गरिबांच्या मुलांसाेबत काजाेलची ‘ही’ वागणूक पाहून युजर्सने केलं ट्राेल, पाहा व्हिडिओ",angry,mr
कुटुंबाची लोकप्रियता दाखवुन देऊ दीक्षाभुमीला संघभुमी होऊ देणार नाही.! आदरणीय साहेब..!,happy,mr
जर हा नाही तर का नाकातोंडात पाणी गेल्यावर जाहिर करणार का?,angry,mr
त्यांचे कार्यकर्ते ग्रहावर सुद्धा आहेत.,happy,mr
तुला कोणी विचारत तरी का रे..उगाच स्वतः मोठेपणा मिरवून काय मिळते,angry,mr
अध्यक्ष महोदय हे बरोबर नाहीये अध्यक्ष महोदय...,angry,mr
बविआच्या फिरत्या कृत्रिम तलावाला वसईकरांचा मोठा प्रतिसाद | ... ./,happy,mr
कडून खूपच होत आहे,angry,mr
पराबाचा काका पटेल हे काय पटत नाय,angry,mr
तुमचं मत पत्रकार म्हणुन किती लोक घेतात?,neutral,mr
राणे आणि लायकी....हा संबंध कधीच विसर्जित झालाय.,angry,mr
हे फक्त नावाला प्रमुख राहिलेत सगळे आदेश तर बारामतीचे भावी पंतप्रधान देतात त्यांना,angry,mr
आणि त्या पॉर्न स्टार प्रथमेश चे काका च आता काय होणार,neutral,mr
हा हा तुझा मालक बोलणार आणि तूच ऐकणार साधी सेना सांभाळता आली नाही,angry,mr
अच्छा... गेल्या वर्षांत प्रचंड चांगला बदल झालाय!,happy,mr
जाणकारांनी यावर मत व्यक्त करावेत...हा काय म्हणतोय? खर खोटं??,happy,mr
शिल्लकसेनेची मशाल पेटण्याआधीच समता पार्टी कडून तिला विझवलं जात आहे…!!!,angry,mr
हो आपला मित्र प्रगती करत असेल तर आनंदचं होणार ना.,happy,mr
ह्या बाळाला हेच रमेश वाळुंज च्या वेळी नव्हते सुचले का,angry,mr
पिझ्झा होय व्हय..... म्या समजू राहीलो आम्लेट व्हय हे.....,happy,mr
कोणत्या भडव्याने हा आरोप केला आहे,angry,mr
"मुंबईसह अवघ्या महाराष्ट्रात आदिमाया, आदिशक्तीचा नऊ दिवस जागर होणार आहे.",happy,mr
बॉलीवूड मध्ये गेले का,neutral,mr
हे खरं पण तुम्ही काय करताय मनात राहण्यासाठी हेही महत्वाचे!!!,neutral,mr
सर्वांना होळी पौर्णिमा निमित्त मनःपूर्वक शुभेच्छा!,happy,mr
"गणेशमूर्ती आमची, किंमत तुमची! आधार प्रतिष्ठानचा अनोखा उपक्रम ./-…",happy,mr
सभांलता येत नाही सत्ता घेऊन बसला आहे,angry,mr
"हे म्हणजे अस झालं,,,तू मारल्यासारख कर मी रडण्यासारखं करतो",neutral,mr
आणि हा दोन वर्षा पूर्वी तोंड वर करून गेला असता... ओम शांती..,sad,mr
नववर्षाच्या हार्दिक शुभेच्छा साहेब.,happy,mr
ज्या देशात आधी शिक्षणाला धंदा करून ठेवलं आहे तिथे अपेक्षा तरी काय करायची,sad,mr
ही वीरगर्जना करीत आहेत... ढुंला पाय लाऊन पळणारे...,angry,mr
जे इंजिनीअर ने बनवलेल्या वेबसाईटवर काम करत आहेत त्यांनासुद्धा इंजिनीअर दिवसाच्या हार्दिक शुभेच्छा,happy,mr
मृत्यू अंतिम सत्य पण हिन मानसिकता मात्र खूपच खालच्या पातळीवर...,angry,mr
भविष्य आहे.,neutral,mr
"मुत्सद्दीपणाचा निर्णय! मनपा निवडणुकीनंतर भाजप, बाळासाहेबांची शिवसेना आणि मनसेची युती होणार!",happy,mr
कुठल्या अँगलने हा घटनातज्ञ वाटतो,angry,mr
"पराभवाला घाबरुन भाजपने माघार घेतली का?, अंधेरी पडद्यामागे काय घडलं???",happy,mr
मी घेतलंय मनावर हे काम थोड्याच दिवसांत मूर्त स्वरूप देण्यात येईल त्याला.,neutral,mr
पोषक हवामानामुळे हजार पाहुण्या पक्ष्यांचा मुक्काम./-/ …,neutral,mr
"*नारळी पौर्णिमा आणि रक्षाबंधनाच्या हार्दिक शुभेच्छा,सुप्रभात*",happy,mr
फोटो एकत्र असेल तर जावई शोध लावन गरजेच आहे का..?,neutral,mr
कमी पटसंख्येच्या शाळा बंदचा घाट धोकादायक : अजित पवार,fear,mr
ढाल घेऊन हिंडणारे सगळेच योद्धे नसतात काही गद्दार पण असतात.,angry,mr
गद्दार ...ब्लॉक केला !,angry,mr
शिंदे गट आणि कमळाबाई घाबरले की काय जे आवाज दाबायचा प्रयत्न करत आहेत...,angry,mr
पागल झाला आहे का रे,angry,mr
वाढदिवसाच्या हार्दिक आणि मनःपूर्वक शुभेच्छा साहेब !जय श्रीराम,happy,mr
यशाचे मानकरी तुम्हीच,happy,mr
आपल बघा आपला अध्यक्ष निवडून आला की नियुक्त केला,neutral,mr
कांदाभजी वर सॉस आणि शेव का टाकली आहे,happy,mr
राजसाहेबांचा दरारा आहे हा .,fear,mr
"हृदयावर दगड ठेवा आता, खोट जास्त काळ टिकत नाही",sad,mr
भास्कर जाधवांनी राणेची उरली सुरली पण काढून टाकली,angry,mr
आता बस झाल हातातोंडाशी आलेला घास काढून घेऊ नको,neutral,mr
हा तर बच्चा आहे! असं किती राजकारण येतंय याला?,angry,mr
सत्य हे,neutral,mr
"आपण गरीब होत नाहीये,शेजारचा श्रीमंत होतोय !!",sad,mr
दोन भावी पंतप्रधान एकाने माढ्यातुन आणि एकाने अमेठीतुन पळ काढला होता.,angry,mr
"‘हा’ सराफा व्यापारी आहे मोदींचा ‘जबरा फॅन’, स्वतःच्या हाताने बनवली सोन्याची मूर्ती",happy,mr
साहेब काही काही दाखल घेतली जाईल का.,neutral,mr
मुलांना द्या ‘हे’ पदार्थ,neutral,mr
सध्या गुंठेवारी चे दस्त नोंद होत नाही त्याविषयी काही लक्ष द्यावे नम्र विनंती.,neutral,mr
"हा हिंदुस्तान सर्व धर्मियांचा आहे,धर्मनिरपेक्ष आहे",happy,mr
रंगोत्सव होळी च्या शुभेच्छा !,happy,mr
अरे मी पण हेच सांगणार होतो……हा बाबरमती मध्ये घडलेला किस्सा आहे हा,neutral,mr
"अंधारे बाई, पेडणेकर काकू भुंकल्या का?",angry,mr
सत्ताधारी असून धमक्या द्यायचे काम करतात भाजपाच्या मॅडम.,angry,mr
"हा महाराष्ट्राचा अपमान आहे, हा मुंबई तोडण्याचा डाव आहे, वैगरे वैगरे",angry,mr
असे असेल तर काल भाजप ची बाजू न मांडताच का निघून गेले,neutral,mr
कोणता माल मारला म्हणायचा आज......? गुजरात की व्हाया आसाम असो आपल्या काय.....,angry,mr
हा कपटी पाताळयंत्री माणूस काही ही करू शकतो,angry,mr
"डोळे आलेत का? हिंदू, जात शब्द कोठे आहेत?",angry,mr
याला महत्व देण्याची गरज नाही...!कुठला एका चाळीतला नेता आहे हा..?,angry,mr
"तुमचा इतिहास माहित आहे लोकाना, तुम्ही भारत स्वतंत्र व्हच्या विरोधात होते",angry,mr
पाच हजार अनुसरक पूर्ण झाल्या बद्दल आम्ही सर्व आनंदी आहोत,happy,mr
प्रगती मधे मोलाचे योगदान देणारे व्यक्तिमत्व उद्योजक आदरणीय यांस ...,happy,mr
चिन्ह आणि नाव गोठवताना तोंडात काय बोळा घेतलेला का?,angry,mr
कसला मान. काल भेटायला वगेले होते. मांडवली केली,angry,mr
"धन्यवाद याचीच वाट पाहत होतो, पहिला पाहून थांबवली होती...",neutral,mr
उत्साह यायला बोर्नव्हिटा पुरतो.चिवटपणातुन यश मिळतं.बाळासाहेबांकडे चिवटपणा होता.उद्धवरावांचा उत्साह अर्धा कप बोर्नव्हिटाचा आहे.,angry,mr
पर्यावरण संवर्धनाचा ध्यास कायम./-…,happy,mr
जिचे सोबत प्रेम झाले ती जगतली सर्वात सुंदर व्यक्ती अस्ते सुमनजी,happy,mr
सर हे तर डबल ढोलकी वाजवण झाले.,neutral,mr
अंधेरीत हाताच्या लांबी एवढे पदाधिकारी तरी आहेत का बघ आधी...,neutral,mr
गद्दार तर बरेच पाहिले.पण तुमच्यासारखे खाल्लेल्या ताटात हागणार पहिल्यांदा पाहिले.,angry,mr
कपिल व मनू यांच्या पोटापाण्याची सोय होत रहाते.,neutral,mr
नेहमी आपल्या छान कवितांनी मन जिंकणारे यांना वाढदिवसाच्या खूप साऱ्या शुभेच्छा,happy,mr
आता प्रकरण शेकणार आहे जबरदस्त म्हणून असे !!,happy,mr
व्यापारात शांत संयमी आणि दूरदृष्टी असलेला माणूस टिकतो.,neutral,mr
हा पोंक्षे कसा यांच्यात??हा वाला ना??,happy,mr
हे मला आता सैन नाय होत,neutral,mr
स्वताच्या बापाचे काही करतुत्त्व नसते ते दुसऱ्याच्या बापाच्या करतुत्त्वा वर मोठे व्हायला बघतात.,angry,mr
कोजागिरी पौर्णिमेनिमित्त सर्वांना हार्दिक शुभेच्छा...!,neutral,mr
महाराज माझी तुम्हाला विनंती आहे मी तुम्हाला फोनवर बोलु शकतो का,happy,mr
तुमच्या सारखे जनतेला समजता का तुम्ही? अशानंच ही गत झाली आहे.. निव्वळ झळ्ळ...,angry,mr
रक्षणाचे वचन आणि प्रेमाचे बंधन जपणाऱ्या सणानिमित्त सर्वांना शुभेच्छा.,happy,mr
कितीही विष कालवा काहीच फायदा होणार नाही... तुमचा पराभव निश्चित आहे महाराष्ट्रात.,angry,mr
तुला सगळ्यांच्या सतरंजी उचलायच्या ठेका दिला आहे का गुलामा,angry,mr
नाही पुन्हा जोमाने परत उभा राहील गद्दारराणा त्यांची जागा दाखवील,angry,mr
कधी कधी स्वत:चं कर्तुत्व सिध्द करण्यासाठी दुसऱ्याला बदनाम करणे योग्य नाही !!,angry,mr
इस्रोने रविवारी यशस्वी लाँचिंग केलेले दोन उपग्रह अंतराळात भरकटले आणि चुकीच्याच कक्षेत शिरले!,happy,mr
तू गद्दार आहे गद्दार,angry,mr
श्रींचे आगमन ..श्री गणेशोत्सवाच्या आपणास अनंतकोटी शुभेच्छा..,happy,mr
मागील काही काळापुरवी शिवसेनेचे होते. ते जाणून बुजून मिळते गटाला दिले.आयोगाचा निषेध करतो.,angry,mr
शेतकऱ्यांच्या हिताचा निर्णय धन्यवाद मोदी जी,happy,mr
"मशालीची धग जाणवली, धनुष्यबाण चिन्ह गोठवण्याचे नीच काम केले आता भोगा कर्माची फळ.",angry,mr
पक्ष मुळात काँग्रेसची टीम होता..आणीबाणीला पाठिंबा देणारा,neutral,mr
"एक पत्रकार म्हणून, सत्य उघड केल्याबद्दल आणि वस्तुनिष्ठपणे लोकांसमोर मांडल्याबद्दल आम्ही तुमचे आभारी आहोत.",happy,mr
आणि ह्याच छगन भुजबळांनी राष्ट्रवादी काँग्रेसमध्ये प्रवेश करुन हिंदुहृदसम्राट बाळासाहेबांना अटक केली होती,angry,mr
जंत्रीच सादर केलीत दात घशात घालणे ह्या म्हणीचा प्रत्यय आला हे वाचून,angry,mr
मुंबई महाराष्ट्राच्या पैकींची एक अत्यंत उत्साहवादी शहर आहे!,happy,mr
अरे थ्रेड आला नाही अजून देवाला घाबरा जरा तरी....,neutral,mr
या संजय महाशयांचा फोटो दिसला की मालामाल विकली मधल्या लॉटरी जिंकणाऱ्या बेवड्याचा चेहरा आठवतो.....,angry,mr
"तेव्हा असल्यानं विश्र्वगुर, फेकू बाबा यांच्या नेतृत्वात सर्वांना घरी राहण्याचे सांगण्यात आले होते.",angry,mr
खूप खूप शुभेच्छा!विजय भव,happy,mr
वाढदिवसाच्या हार्दिक शुभेच्छा आमच्या कडून ही .,happy,mr
मशालीचे चटके बसत आहेत हे मान्य करून टाका एकदाच,angry,mr
राजकीय नेत्यांप्रमाने सरकारी अधिकारी आणि कर्मचारी यांची सुद्धा चौकशी व्हायला हवी का ?,angry,mr
: देशाच्या मध्यभागी असलेल्या फ्रीडम पार्कचे फोटो आकर्षक आहेत,happy,mr
खूप छान उपक्रम आहे आपण सुध्दा सहभाग घेणे ./ /…,happy,mr
नक्कीच बघतोय आणि आमच्या आजूबाजूच्या लोकांना मित्र-मैत्रिणींना पण बघायला सांगतो आहे,neutral,mr
निवडणूक कोणाला लढवायची होती उद्दिष्ट वेगळेच होते सफल झाले बसा बोंबलत आता,angry,mr
चुकीच्या वाटेवर गेलेला आहे उद्धव ठाकरे,angry,mr
हे फार महत्त्वाचे आणि वर्षागणिक उपयुक्त होत जाणारे सत्य बोललात तुम्ही .,happy,mr
मग मी काही वेगळं बोललो का?,neutral,mr
"भारतासह जगभरात फेसबुक यूजर्सचे फॉलोअर्स झाले कमी, मार्क झुकरबर्ग यांना कोट्यवधींचे नुकसान",neutral,mr
मी अंधेरी पोट निवडणूक विधानसभा मध्ये राहत आहे हा एक गुगली आहे,neutral,mr
या सर्व प्रश्नांच्या मुळाशी हे कारण असु शकतो.,neutral,mr
बस कर भावा नाही तर हा विदूषक वाघ जंगलात जाईल,angry,mr
दुःख वाढत नाही आहेत.. सुख कमी होतं चालले आहेत.,sad,mr
ही वेळही निघून जाईल,happy,mr
पेक्षा कमी पटसंख्या असलेल्या शाळा बंद करण्याचा निर्णय घेतल्यास न्यायालयीन लढा देण्याचा इशारा,neutral,mr
पोस्टाच्या पाकिटावर आता जळगावच्या केळीचे चित्र,neutral,mr
होळी पौर्णिमा निमित्त हार्दिक शुभेच्छा..! . .,happy,mr
मुख्यमंत्र्यांच्याहस्ते वरळीतील विकास कामांचा शुभारंभ.....,happy,mr
हा वारंवार पटवून देतोय की हा राणे आहे,neutral,mr
आजी-आजोबांच प्रेम म्हणजे अखंड वाहत जाणार नितळ पाणी ज्याला शेवट हा नाहीच,happy,mr
"गणेशमूर्ती आमची, किंमत तुमची! आधार प्रतिष्ठानचा अनोखा उपक्रम ./?=",happy,mr
अरे हा पण अर्धवट आणि याची माहिती पण अर्धवट.... खोटं बोल पण रेटुन बोल,angry,mr
साहेब आम्ही आपल्या सोबत आहोत जय महाराष्ट्र,happy,mr
"मुद्दलात जर घट आली तर नफ्यातली बचत कशी करायची....मोठं प्रश्नचिन्ह ""गोष्ट शेतकर्याच्या बचतीची""",happy,mr
जेव्हां तू निःपक्ष पत्रकार होणार त्यावेळी हे सरळ थांबणार. आहे का हिम्मत?,angry,mr
संजय राठोड हे मंत्री झाले ताई.,neutral,mr
ब्रह्मास्त्र' अन् 'विक्रम'ही पिछाडीवर; यंदाच्या वर्षी कमाईच्या बाबतीत 'पोन्नियिन सेल्वन'ने मारली बाजी!,happy,mr
गोळ्या आहेत का संपल्या.....डायरेक्ट नवनीत राणा च नाव टाकायचं... भ्यायच काय त्यात,angry,mr
गळो चिरिल्ल्यान रेड्डी हाची भलायकी हुस्क्याची आसा. ताका जीएमसींत दाखल केला.,neutral,mr
मग ते दहशतवादी मुस्लिम तुमच्या मध्ये काय करत होते????,angry,mr
जय जगंनाथ मित्र,happy,mr
शिवी नको म्हणून हे लिहिलं मी,neutral,mr
सध्या टरबुज चे दिवस आहेत..... एक दिवस विवेक च येईल च,neutral,mr
अरे जोश्या तु पत्रकार आहेस आमदार नाही...,angry,mr
तालुक्याचं नाव खराब करतोय हा काळे,angry,mr
हे बोलल्या तेव्हाच ताई संपल्या... ओम शांती !,sad,mr
आता ही कोणीही कॉल उचलत नाही आहे,neutral,mr
नवीन सिडीएस नियुक्ती ही घटनेला अनुसरून नाही - घटनाबाह्य बाटप,angry,mr
केनिया या देशातला व्हिडिओ आहे हा,neutral,mr
"तो सैय्यद जुबेर आहे... , मोहम्मद जुबेर नाही.",neutral,mr
जय महाराष्ट्र साहेब आपण खरंच खूप छान कार्य केले आहे,happy,mr
मॅडम ना स्वतः च्या फिल्ड मधल कमी दुसऱ्याच जास्त पडल,angry,mr
महान योगी श्री सेवागिरी महाराज रथोत्सवाच्या सर्व भाविकभक्तांना हार्दिक शुभेच्छा !,happy,mr
आपल्या समजण्यापलीकडे आहे,neutral,mr
"अन्याय जाळणारी मशाल, शिवसैनिकांचं मातोश्रीवर शक्तीप्रदर्शन, उद्धव ठाकरे म्हणाले…",angry,mr
आता संपूर्ण पदाच्या परीक्षा झालीच पाहिजे बस खुप झाले आता काही हो,angry,mr
दोघे ही चारित्रवान आणी सचोटीच्या महान व्यक्तींना बाहेर ठेवण्याचा अपेक्षित निर्णय.,angry,mr
"व्हय की, तरच आपले ,पत्रकार परिषद करून करून थकले",neutral,mr
अपक्ष उमेदवार निवडुन आला तर? काहीच शिल्लक रहाणार नाही @,fear,mr
तू उपऱ्या आहे तेव्हा भडव्या तू कोणत्या पक्षात होता ते सांग,angry,mr
"मनीषाताई आजच हरल्यासारख्या बोलत आहेत, कदाचित उद्याचा झटका थोडा सौम्य लागावा म्हणून ही तयारी.",fear,mr
तुमची बाजू मांडा तुम्ही विक्नार्यांच्य सोबत आहे की काय?,neutral,mr
"ससा व कासव मध्ये ,कासव जिंकतो कारण सातत्य असते, शुभेच्छा",neutral,mr
पहिल्यांदा काहीतरी योग्य बोलला असेल हा सहमत आहे,neutral,mr
नुसत्या बुलढाणा जिल्हाचा सर्वे का करत पूर्ण विदर्भाचा करा सत्य परिस्थिती माहिती पडेल........!,angry,mr
चड्डी फाटनार हे माहीत पडल्यामुळे आधीच टेलर ला बोलवलं,neutral,mr
पण निवडणूक बिनविरोध होणार नाहीच.,neutral,mr
नागपूरकराणा पण विचार येत आहे घराच्या बाहेर पडण्याच्या कोणता पाऊस आहे हा,neutral,mr
भावा हे शेवटच,neutral,mr
भाऊ मी स्वतः मीडिया इंडस्ट्री मध्ये काम करतो. अभ्यासपूर्वक आणि अनुभवाने बोलतोय..,happy,mr
पुढे पंचवटी मध्ये मेघराज बेकरी समोर ही साधारण पार्किंग झाले आहे,neutral,mr
संभाजी नगरचे मिनिस्टर असताना अतिवृष्टी तून का वगळला.,angry,mr
मनी नाही भाव आणि देवा मला पाव..पण कॅमेरा नीट लाव.,neutral,mr
वर्षातील. एकदे केलेले काम सांगा साहेब..,neutral,mr
सर तुम्ही तुमचे अनुभव नक्कीच इथे सांगत जा..,happy,mr
विजय दिवस निमित्ताने सर्व देश वासीयांना हार्दीक शुभेच्छा,happy,mr
ह्या भाऊनी टायटानिक मूवी रिजेक्ट केला होता.,happy,mr
वापरुन लॅंब अतिशय छान होत.,neutral,mr
निकाल सप्टेंबर महिन्यात लावणार होते... माननीय आयोग ऑक्टोंबर मध्ये अंतिम उत्तरतालिका देत आहे.,neutral,mr
हे कळायला काही मार्ग नाही,neutral,mr
रक्षाबंधन आणि नारळीपौर्णिमा निमित्त हार्दिक शुभेच्छा !,happy,mr
"जाळता आली तर डोक्यातली ""जात"" जाळ मित्रा, मग संस्कृतीला समतेच्या रंगात खेळ मित्रा",happy,mr
त्यामुळे तर राजीनाम्यावर राजकारण चालु आहे,angry,mr
सहाजिक आहे एका माळेचे मणी भोंगा,neutral,mr
गवळी परिवारातर्फे नविन वर्षाच्या हार्दिक शुभेच्छा,happy,mr
कृपया लक्ष घाला ही विनंती... जय श्रीराम!!,neutral,mr
ज्यांच्याकडे साधा उमदेवार नाही त्यांना बाळासाहेबांची शिवसेना हवी आहे.,angry,mr
नाटु नाटू ऑस्कर विनर सॉन्ग :,happy,mr
हे आता उद्धव साहेबांच्या विचाराने चालतात बाळासाहेबांचे विचार आता लागू होत नाहीत यांना,neutral,mr
सर्व सामान्यांना बुद्धी नसते हे गृहीत धरूनच लोकशाहीत नेतेमंडळी काम करतात.,angry,mr
"मिलिंद देवरा हे लोकसभेचे भाजप कडून उमेदवार असणार आहेत, हे लिहून ठेवा",neutral,mr
निवडणूक आयोगाच्या निर्णयाला सुप्रीम कोर्टात आव्हान देता येते का ?,neutral,mr
गाधीवादी.हिदू.विरूधी.हे.,angry,mr
"व्यापारी, उद्योजक आणि व्यावसायिकांनो, सावधान! जीएसटी विभागाने दिला हा गंभीर इशारा",fear,mr
चार पाच महिन्यापासून तयारी करतात हे सर्व,neutral,mr
सहा लाखात भेटत आसेल तर मी ही घेणार. भरून.,neutral,mr
भारत जिंकला स्पेन विरुद्ध -,happy,mr
धन्यवाद काका. तुमच्या शुभेच्छा आणि आशीर्वाद पण,happy,mr
च्यायला यांच्या...यातसुद्धा लबाडी....गुजराती म्हणजे जागतिक दर्जाचे लबाड आणि बंडलबाज....,angry,mr
अमरावतीमध्ये हा मृत्यूचा आलेख सर्वाधिक आहे,sad,mr
"‘ढाल-तलवार’ चिन्ह मिळाल्यावर उदय सामंताची प्रतिक्रिया; म्हणाले, “अंधेरी पोटनिवडणुकीनंतर धनुष्यबाण…”",neutral,mr
हरियाणा राज्यातील सर्व शेतकऱ्यांना मदत करण्यासाठी मनोहर लाल यांनी एक मोठे पाऊल उचलले आहे.,happy,mr
भावा तुझ्या साठी..... हा आमदार बिजेपी चा आहे आणि सभापती ठाकरे गटाच्या आहे......,neutral,mr
तरी पण बेचाऱ्यां आतमध्येच राहावा लागेल,sad,mr
अस कस रामाकडून शिखंडीने ते धनुष्य बळकावल होत म्हणुन गोठवाव लागले,happy,mr
यशवंत जी सादर प्रणाम,happy,mr
"हा एक उत्तम चित्रपट आहे, तो ऑस्करला पात्र आहे.",happy,mr
"पालघरच्या प्रस्तावित क्रीडा संकूलाचे काम युद्धपातळीवर करा, मंत्री रवींद्र चव्हाणांच्या सूचना",neutral,mr
काहो ती आइसक्रीम च काय झाल घेतली होती का तोंडात,neutral,mr
उजिळ कधी होता?,neutral,mr
"शेअर बाजारात मुहूर्त ट्रेडिंग म्हणजे काय, गुंतवणूकदार याला का शुभ मानतात?",neutral,mr
नैनीताल नको अतीवृष्टीगृस्त शेतकर्यांच्या बांधावर गेलाअसता तर.......,angry,mr
हे आजही सोडून मानणारे पक्षात आहेत तर,neutral,mr
फक्त मुलेच पितात हा संभ्रम आहे,neutral,mr
नवे चिन्ह मिळताच प्रचाराला सुरुवात; ‘या’ मतदारसंघात झळकले ठाकरे गटाचे बॅनर,neutral,mr
श्री महालक्ष्मी रथोत्सवानिमित्त सर्व भाविकांना हार्दिक शुभेच्छा...!,happy,mr
वाढदिवसाच्या हार्दिक शुभेच्छा आमदार साहेब तसेच होळी पौर्णिमा निमित्ताने खुप शुभेच्छा,happy,mr
ते अनुराग ठाकूर आणि ज्योतिरादित्य सिंधिया नाही आहेत ना महाराष्ट्रात.,neutral,mr
अशी एखादी गोंडस मुलगी गर्लफ्रेंड म्हणून मिळायला हवी.. बसं देवाकडे दुसरे काहिच मागणे नाही..,happy,mr
बुजगावणं करून ठेवलंय,angry,mr
काही नवीन आहे का मॅडम आपल्या कडे,neutral,mr
हा पण तुमचा भ्रम आहे.,angry,mr
"“बीएमसी आयुक्त चहल शिंदे-फडणवीस सरकारला घाबरत आहेत, त्यामुळे…”, लटकेंच्या उमेदवारीवरून किशोरी पेडणेकरांचा गंभीर आरोप",angry,mr
"कोरोनाच्या प्रभावांपाच सरकारला महत्वाचे व्यवस्था केले, मास्क बंद केले आणि जगात हालचाल मुळ्यात आहे. संदीपान सुमारेच आता आपल्याला स्वत:चा उपकार करण्याची महत्वाची जगहवर उतरवीत.",neutral,mr
हा इगतपुरी...,neutral,mr
समुद्राची शिकवण आहे शांततेत जगायचं आणि रुबाबात जगायचं..!,happy,mr
नवरदेव गुडघ्याला बाशिंग बांधून तयार होता पण वडीलांनी ऐन मुहुर्तावर लग्न मोडले.,happy,mr
हाय घेतलीत गरिबांची आता आई बाप आठवुन काय फायदा?,angry,mr
पुरता हसलोय ना हे पुणेकराचा कुंडली अभिषेक पाहून !! धन्य आहे तुमची!,happy,mr
"वाढदिवसाच्या शुभेच्छा किती दिवस नंतरपर्यंत दिलेल्या चालतात, याचा जाणकारांनी खुलासा करावा.",neutral,mr
सावरकर महानायक होते आहेत असतील,happy,mr
भाजपाचे सरकार असतेवेळी असे कसे झाले ?,happy,mr
प्रवीण राऊतचा आणि संजय राऊतचा नामसाधर्म्य आणि काही वैयक्तिक ओळखीचा संबंध असू शकतो,neutral,mr
"आज नवरात्रीचा पहिला दिवस, अशी करा देवी शैलपुत्रीची पूजा",happy,mr
तू मर्द आहे का?,angry,mr
आपण दिलेल्या शुभेच्छांचा मनापासून स्वीकार तसेच आपले खूप खूप आभार .//…,happy,mr
यांच्या बुडाखाली बाँब लावून उडवायला पाहिजे. लय माजले आहेत हे.,angry,mr
विधानसभा उमेदवार माघे घेण्याच्या हालचाली सुरू झाल्यात आणि हे म्हणतात खासदार भाजपचा,neutral,mr
कोजागिरी पौर्णिमेच्या सर्वांना खूप खूप शुभेच्छा,happy,mr
या सर्व विध्यार्थी आणि प्रबोधिनीच्या संपूर्ण टीमला मनःपूर्वक शुभेच्छा!,happy,mr
या दशकातील महानायकाला वाढदिवसाच्या हार्दिक शुभेच्छा अमिताभ बच्चन सर,happy,mr
सुप्रभात साहेब बरेच दिवस आपली भूमिका बघत आहे खूप छान काम करत आहात,happy,mr
"ताजमहाल हे क्रौर्य, लुटमार, लूट आणि वासनेचे प्रतीक आहे.",angry,mr
नितेश राणे तुझी लायकी काय तो बोलतोय का लाज आहे का रे माजलेल्या जनावरा...,angry,mr
त्याशिवाय हिंदूत्ववादी कसं सिद्ध होणार..,angry,mr
हे चांगलं पुस्तक आहे...,neutral,mr
बहुदा बीजेपी ला कळून चुकलंय कि ही पोट निवडणूक ते हरणार आहेत....म्हणून हा सगळा अट्टाहास.....,happy,mr
महाराष्ट्राच्या विकासासाठी झगडणारे आणि धडपडणारे एकमेव व्यक्तीमत्व म्हणजे देवेंद्र जी,happy,mr
जन्मठेप भोगावयास जाण्यापुर्वी पत्नी बरोबर झालेला संवाद.असे विडीओ पाहण्यासाठी ह्या लींकवर जा-,neutral,mr
संस्काराच्या तालमीत डाव शिकलेला माणूस जीवनात सहजासहजी हार मानत नाही...!,happy,mr
भाऊ ही शकुंतला आहे माझी,neutral,mr
आम्हीं स्वस्तात पेट्रोल विकतो असा बोर्ड लावून पेट्रोल पंप बंद करून निघून जाणे,angry,mr
कोजागिरी पौर्णमेच्या हार्दिक शुभेच्छा,neutral,mr
चिन्ह यांच ढाल आणि तलवार हेच आहेत खरे महाष्ट्राचे,happy,mr
मला वाटलं चं ट्विट आहे हे म्हणून रिप्लाय तसा झाला....साॅरी मित्रा,neutral,mr
त्यांना मोफत प्रवास होता,neutral,mr
कसला अमृत महोत्सव?हे वर्ष स्वातंत्र्याचा अमृत महोत्सवाचे आहे.,neutral,mr
लै विदारक हालत सुरू आहे बळीराज्याची,sad,mr
सत्तेत असताना मोठी भरती होणे शक्य नाही... सगळ्या जागा च्या निडणुकांपूर्वी येतील..,neutral,mr
स्थानिक लोकांचा सहभाग घेतल्या शिवाय जबरदस्तीने लोकांवर का लादु इच्छिता ...,fear,mr
बाळासाहेब यांची मालमत्ता ही शिवसैनिक यांचा आधार आहे,happy,mr
साहेब फक्त एकच होते आहे आणि राहतील ते म्हणजे बाबासाहेब आंबेडकर,happy,mr
ही चालू डीपी आहे याची अवस्था बघा.,angry,mr
"हा नक्की परतीचा पाऊस आहे की, नदी नाल्यांना भरतीचा पाऊस आहे?",happy,mr
खोटं बोलताना काही वाटत नाही का यांना,angry,mr
वकिलांनी केस नीट लढली नाही बहुतेक?,neutral,mr
आपल्या आंदोलनाला सुयश चिंतितो हार्दिक शुभेच्छा,happy,mr
लाख युवक वर्गासाठी व हक्कासाठी धावून येणारे पडळकर साहेब धन्यवाद...,happy,mr
कोणत्या चिन्हावर जिंकला? पळून जाणारी कमळाबाई का?,angry,mr
न्यायालयाने कोहळा काढला आणि हा आवळ्यातच खूष,neutral,mr
काँग्रेस मधून तरूण पासुन म्हातारे नेते गायब भारतजोडो तर मास्टरस्टोक होते ना,angry,mr
ते अत्रे होते हे कोण आहेत माहिती आहे ना,neutral,mr
तुला घंटा बद्दल खूप आवड आहे आणि ज्ञान आहे भावड्या,neutral,mr
इथं वाचला शमी आज नाहीतर आज माझी बारी होती,neutral,mr
अभिमान आहे आम्ही ताईला मानणारे आहोत या विचाराचा काही कमी व्यक्ती आहेत राजकारनात.,happy,mr
युवकांचा बुलंद आवाज युवा नेता अमित भाऊ भुईगळ वाढदिवसाच्या हार्दिक शुभेच्छा,happy,mr
"ही लीग निश्चितच खूप रोमांचक असेल, त्याबद्दल पहा.",happy,mr
मोलाचा सल्ला दिला माणिक भाऊ,neutral,mr
सर्व मराठीतून असताना मध्ये मध्ये इंग्रजी शब्द का वापरता याचे नवल वाटते,happy,mr
देशाच्या कानाकोपऱ्यातून येऊन युवक युवतींनी घेतल्या भेटीगाठी ./ /,neutral,mr
तो काय स्वाभिमान पक्ष आहे का आज काढला आणि उद्या बंध व्हायला,angry,mr
म्हणजे आपण पुढच्या निवडणुकीत पडणार हे भविष्य बघितलंय वाटत साहेबांनी,sad,mr
अंध भक्तांचा जन्मसिध्द अधिकार आहे शिव्या खाणे,angry,mr
ना भिती ना चिंता सोबत श्री मंदपती जय श्रीराम चलो हिमालय,happy,mr
आयुष्यात कितीतरी संकट येतील पण त्यांना सामोरे जायचं,neutral,mr
मान्यवर कोणत्याही गोष्टीचा अतिरेक आपल्याला मान्य होतो का?,neutral,mr
मंद असलं का असं सुचत असत.,angry,mr
काही लोकांना मुलं पण होतं नाही म्हणून सदानकदा विवेक बुद्धी वापरावी लागते?,neutral,mr
आपले कर्तव्यं पार करताना शहिद झालेल्या माझ्या तमाम पोलीस बांधवाना भावपूर्ण श्रद्धांजली,happy,mr
आपण खूप छान पद्धतीने नियमावली आणिसविस्तरपणे माहिती दिल्याबद्दल खूप खूपधन्यवाद सर्वांना समजेल अशा रीतीने आहे,happy,mr
भारत जिंकला रे,happy,mr
उन्मत्त अभिप्राय आहे हा,angry,mr
नारी शक्ती दाखवली त्याला. आपल्या हिंमतीची दाद दिली पाहिजे.,happy,mr
देशातील प्रत्येक खासदारांनी आयोजन करावा असा खासदार महोत्सव!,neutral,mr
"सर अतिशय सुंदर काम, आपल्याला किती समाधान वाटले असेल ते मी समजू शकतो",happy,mr
भाजपाने अंधेरी निवडणुकीतून माघार का घेतली?,happy,mr
असे खोटारडे लोकप्रतिनिधी असल्यानेच देशाची वाताहत होत आहे,angry,mr
तुम्हाला तरीपण जाणवणीची आवडती आहे,neutral,mr
दुर्दम्य इच्छशक्ति आणि अढळ आत्मविश्वासाचा माणुस संकट झेलू शकतो,happy,mr
"स्मार्टफोन चोरी झाल्यास लगेच करा ‘हे’ काम, कुणीही फोनचा गैरवापर करुच शकणार नाही",neutral,mr
"तुला काय माहित निष्ठा म्हणजे काय, तु अंधभक्ता, विष्ठा चाट.",angry,mr
साहेबना छत्री पन् धरू शक्ला नाही असे दारिद्र तुम्ही,angry,mr
अक्कल गहाण ठेवली का या लोकांनी...मूर्ख समजता का जनतेला..,angry,mr
मुश्ताक अली ट्वेन्टी- क्रिकेट स्पर्धा : पडिक्कलच्या शतकामुळे कर्नाटककडून महाराष्ट्र पराभूत,neutral,mr
धन्यवाद दादा...आणि नूतन वर्षाच्या हार्दिक शुभेच्छा...,happy,mr
काळच याचे उत्तर तुम्हाला देईल. तुम्ही 'निष्ठावंत शिवसैनिक' होता की ते.,happy,mr
घटस्फोट होण्याचं मुख्य कारण म्हणजे नमतं () कोणी घ्यायचं ? मी का तू ?,sad,mr
आज शेतकऱ्यांना प्रोत्साहन चे पन्नास हजार मिळाले तुम्ही बसले होते हलवत फाइल,angry,mr
ही बावनकुळे नाहीत दूधखुळे आहेत,angry,mr
तुम्ही लहानपणी देवीची लस घेतली होती.,neutral,mr
भाजपा लोकशाहीला मानत नाही हे त्यांनी सिद्ध करून दाखवले,angry,mr
असा नाय काय यम्या पण म्हणु शकतात,neutral,mr
कांड केलंय म्हणून ब्लॉकची सजा का नाही केलंय त्याची सजा? बेंचो,angry,mr
"भाजपावाले नेते कमी, अन अभिनेते जास्त झाले आहेत... रोजचाच तमाशा...!",angry,mr
आजारी माकडा तुला खाज सुटली असेल तर औषध आहे माझ्याकडे..,angry,mr
"ते सत्तर का ऐंशी सोड, हे घे पुरावे",neutral,mr
आमची मशाल घेतोस का तोंडात,angry,mr
चंदन पुजाधिकारी वाढदिवसाच्या हार्दिक शुभेच्छा.!.,happy,mr
"सासूला अडकवण्यासाठी अपहरणाचा बनाव रचला आणि स्वतःच अडकला, ‘असे’ उलगडले अपहरणनाट्य",happy,mr
देण्यापेक्षा घर आणि संडास बांध आधी.,angry,mr
वर्षातील म्युझिक व्हिडिओचे चार्टबस्टर गाणे आता बाहेर आले आहे! ते आता पहा:,happy,mr
हो आणि त्यांनी बंडखोरी केल्यामुळे आदित्य ठाकरे हे लोकांना समजले,neutral,mr
उद्या आहे रक्षाबंधन आणि नारळी पौर्णिमा; असे आहे त्याचे महत्त्व,neutral,mr
त्या नावाखाली भ्रष्टाचार होत असेल तर ते बंद करावे,angry,mr
हे खरंय.,neutral,mr
थोरात का?,neutral,mr
आपल्याला निरोगी दीर्घायुष्य लाभो हिच बाप्पा चरणी प्रार्थना,happy,mr
करायचं.....नेनेने आणि लाज का बाळगायची.... बनेने?,neutral,mr
बाई सारखं बोलणारा विरोधकांना नामर्द म्हणतोस लोकांना तुच माणसांत वाटत नाही,angry,mr
दिलंय ते काम करा आधी... नुसतं मागत असतात दिवसरात्र!,angry,mr
मला समजत नाहीये तुम्ही त्याची इज्जत फोटो मध्ये काढलीय का कॅप्शन मध्ये,angry,mr
अगोदर नद्या पुनःजीवीत कराव्या..निसर्ग अगोदरच स्वतः सुंदर आहे...,neutral,mr
शरद पवार कधी कुठे जोडायला गेले का..आयुष्य गेलं ना लोकांचं घर फोडण्यात..,angry,mr
जीवनात जगतांना असे जगा कि आपण कोणाची आठवण काढण्यापेक्षा आपली कोणीतरी आठवण काढली पाहीजे…,happy,mr
होमगार्ड ला निधी नाही असे महनतात,angry,mr
नाशिकमधील आदिवासी बहुल भागात ‘स्टाँबेरी’विक्रीतून ‘नवसंजीवनी’ ./--…,neutral,mr
गण गण गणांत बोते.. आनंद सागर चालु आहे का तिथले... कळवा.,happy,mr
ओम जय शिव ओंकारा सुप्रभात नमस्कार,happy,mr
"साहेब तुम्ही देशसेवा केली म्हणून जेलमध्ये गेला नाहीत, गरीबांचे पैसे खाल्लेत",angry,mr
अभिनंदन व पुढील वाटचालीसाठी हार्दिक शुभेच्छाएकबार फिरसे परिषद परिषद,happy,mr
पूर्णब्रह्म फूड्स तर्फे सर्वांना नूतनवर्षाच्या हार्दिक शुभेच्छा....,happy,mr
माननीय मुख्यमंत्री साहेब आपणास नवीन वर्षाच्या हार्दिक हार्दिक शुभेच्छा.…!,happy,mr
कुठे नेयुन ठेवला आहे महाराष्ट्र माझा?,sad,mr
तक्रारीची योग्य ती दखल घेऊन गणेशोत्सवापूर्वी रस्त्याचे डांबरीकरण केल्याबद्दल यांचे हार्दिक आभार,happy,mr
परतीचा पाऊस असतोय हा या पावसावर शेतकरी दुसर्या पिकाची पेरणी करतो,neutral,mr
देतील देतील धमक्या आहेत बोनस आला की आरत्या ओवाळू लागतील,angry,mr
पायलट हा दुसरा अजितदादा आहे.. काही होत नाही.,neutral,mr
सुप्रीम लिडर मोदीजी पण या लोकांना घाबरतात मग शिंदे कुठं लागलं...,fear,mr
कशाला उगीच प्रचार करताय.... तुम्हाला दखल घ्यावी लागली यातच सर्व काही आहे.,angry,mr
तुला डेमो हवा आहे का पँथर चळवळीचा?,neutral,mr
"हा चु...की तुम्ही, ते निवडून आलेले आहेत तु चा.. आमदार",angry,mr
: शेतकऱ्यांसाठी आनंदाची बातमी ;या दिवशी येऊ शकतो वा हप्ता,happy,mr
माणुस किती फालतू आहेस.. त्याच हे उत्तम उदाहरणं# पाकीट पत्रकार,angry,mr
अंधेरी पोटनिवडणुकीत भाजपनं माघार का घेतली? बावनकुळे म्हणाले...,neutral,mr
अजून एक वाले भक्त आला रे,neutral,mr
कोणी सांगितले म्हणून देशभक्तीची पावती विकत घेऊ नका. देश तुमचाच आहे विचारपणं स्वतःचेच ठेवा.,happy,mr
औरंगाबादच्या सिडको पोलीसा ठाण्यात गुन्हा दाखल करण्यात आला आहे.,neutral,mr
"हे म्हणत नाही ,सर्व एकूण मिळून किती फुलांच्या प्रजाती आहेत गार्डन मध्ये वेगवेगळ्या..!",neutral,mr
. या सर्वांना पाठिंबा आहे. रात्र वैऱ्याची आहे पण वारसा संघर्षाचा आहे.,neutral,mr
परदेशी पर्यटकांनी घेतला इम्रतीचा आस्वाद - ./.?…,neutral,mr
नेहमी काम करणे आणि मेहनती व्यक्ती असण्याने यश मिळते,neutral,mr
आजही तसेच चित्रं आहे सुदैवी..,neutral,mr
गेल्या अनेक वर्षांपासून शेतकरी हितसंबंध जोपासणाऱ्या सर्व राजकीयमंडळीना नववर्षात हार्दीक शुभेच्छा,happy,mr
वाढदिवसाच्या हार्दिक शुभेच्छा भाऊ!,happy,mr
शिंदे साहेब तुम्ही खरे महाराष्ट्राचे नाथ एकनाथ आहे,happy,mr
कंटाळा आला आता ब्लॉक करून,angry,mr
हा पाऊस चांगला नाही शेतकऱ्यासाठी आणि आजारी पडतात लोकं,sad,mr
नेता एक चमचे अनेक जिनके कारण काम एक बाधा अनेक,angry,mr
आप्पासाहेब यांच्या पवित्र स्मृतीस विनम्र अभिवादन,happy,mr
"शिर्डीकरांची संभाव्य पूरपरिस्थितीतून होणार कायमची सूटका नाले,ओढे अतिक्रमणमुक्त करण्याची विशेष मोहीम",neutral,mr
वेड लागलाय का म्हाताऱ्याला,angry,mr
अरे काय हे,happy,mr
‘महाराष्ट्राची राजकीय संस्कृती’ हा सोईचा भोंगा आहे.,angry,mr
आले होते सहाव्या मजल्यावर निवद ठेवला होता पण ते पहिल्या मजल्यावर घुटमळत होते,angry,mr
खरा लखोबा तर हा बोबडाच आहे,angry,mr
सच्या तुझ्या बुडाला आग लागली म्हणजे तुला महाराज किती समजले हे समजलं की... भाकऱ्या,angry,mr
"तू कधी वर दिसणार की कधीच नाही,ट्विटरच गुलामी चालू ठेवणार आहेस?",angry,mr
उद्योगाला परतावा द्यायला आहे पण शेतकर्याला मदत करायला नाही का साहेब,angry,mr
आपल्या कार्यास अनेकानेक शुभेच्छा..,happy,mr
टॅगसाठी धान्यवाद ताई हर हर महादेव जय हिंदुराष्ट्र,happy,mr
पंडीत नेहरु आरएसएसच्या शाखेत जात होते का?,neutral,mr
ज्यांचे गुलामीत जीवन जाते त्याला इतर ही गुलामच वाटतो,sad,mr
त्रिवार वंदन अत्यंत दुर्मिळ आहे,happy,mr
भाई च्या उंबरठ्यावर पोहोचल्याबद्दल शुभेच्छा,happy,mr
भारत वर्ल्ड कप जिंकला भारत वर्ल्ड कप जिंकणार,happy,mr
मी काही बोलू का,neutral,mr
यशस्वी हो भाऊ हर हर महादेव.. खूप खूप शुभेच्छा,happy,mr
लवकरच काही ठराविक भ्रष्ट्राचारी लोकांच्या दिल्ली वाऱ्या वाढतील,angry,mr
"व्हिसाच्या नावाखाली महिलेला लाखोंचा गंडा, पोलिसांनी आरोपीला 'असा' केला जेरबंद",angry,mr
"आंकड़े काहीही सांगोत , मी जे म्हणतोय तेच बरोबर आहे , ज्ञानदा",neutral,mr
पात्र ~ शिरपा ~ बाळू मामाच्या नावानं चांगभलं,happy,mr
मस्त घेतली गद्दारनाथ आणि फसनवीसची ब्रावो नाना,happy,mr
विजयस्तंभास मानवंदना देण्यासाठी... ./ ?,happy,mr
शिवसेनेला मशाल म्हणजे माकडाच्या हाती कोलीत दुसऱ्याचं घर जाळता जाळता स्वतःच सुद्धा,angry,mr
नावा मध्ये “यश” असलेले लोक सहसा मनाने खूप चांगले असतात,happy,mr
आमची जनभावना माघार घ्यावी अशी नव्हती,neutral,mr
कमी समजू नका साल्यांनो आम्हाला आम्ही वीतभर भर असलो तरी हातभार फाडतो,happy,mr
मग का सपोर्ट केला आधी .. मूग गिळून गप्प बसले..,angry,mr
"अनाजीपंतांची पिलावळ अजुन ही तसेच वागतेय, तेच निच “तिडे” चालुच आहेत.",angry,mr
"साहेब, आपला संपूर्ण वेळ शिवसेनेवर टीका करण्यात जात आहे असे आपल्याला वाटत नाही का.....?",neutral,mr
केरळमध्ये 'वंदे भारत'चे उत्साहात स्वागत ! ./,happy,mr
पैसे वाले आहेत हे पणं,neutral,mr
खरंतर स्वतःचं मन हे स्वतःला जपता आलं पाहिजे... दर वेळेस दुसऱ्यांवर अवलंबून कस चालेल..!,sad,mr
म्हणुन फॉर्म भरला होता का,neutral,mr
तीळ गूळ घ्या गोड गोड बोला,happy,mr
हो... पत्र वाचल्यावर लगेच लक्षात येते हे.,neutral,mr
तुम्ही सत्तेत असतानाच बरं हे झालं,neutral,mr
हा बुआ येडा आहे.,angry,mr
नक्की आम्ही आतुरतेने वाट बघतो,happy,mr
असे विचारवंत लोक कांग्रेस मध्ये आहे त्यामुळे भारत काँग्रेस मुक्त होणारच...,angry,mr
माझ्या माहितीप्रमाणे आता त्याच बंगलुरू अस नाव झाल आहे.,neutral,mr
मातीतून सोने पिकवणाऱ्या बळीराजालाराष्ट्रीय किसान दिनाच्या हार्दिक शुभेच्छा....!,happy,mr
टकल्या तू काय दवाखान्यात ऑक्सिजन चे सिलेंडर पकडून उभा होता का,angry,mr
धन्यवादमॅडम अगदी मनापासूनआपल्या प्रयत्ना मुळे सर्व शक्य झाले,happy,mr
त्यांच्या वडिलांकडून शिकायला बरंच काही मिळाले,happy,mr
बोला साहेब हे काय होतंय आपल्या राज्यात,angry,mr
"उद्या वसुबारस पूजनाने दीपोत्सव, धनत्रयोदशीला सोन्याच्या विक्रीत % पर्यंत वाढ होणार?",neutral,mr
त्याच कॅटेगरी मधे आहे हे वर्जन फक्त प्रो आहे.,neutral,mr
बंगल्यावर नेऊन मारलं म्हणून दिलाय काय अवॉर्ड ....?,angry,mr
कपट तर स्वतः उद्धव टाकरे ह्यांनी पण केलं म्ह ही अवस्था झाली!,angry,mr
"तीळगुळ घ्या, गोड गोड बोला! मकर संक्रांती निमित्त सर्वांना मंगलमय शुभेच्छा!",happy,mr
हे पवार नक्की कोणाचे मित्र आहेत?,neutral,mr
"नक्की कुठे आहे ते बघावे लागेल, हा फोटो वरील एका पोस्ट मधून घेतलाय",neutral,mr
साहेब पण ह्यांच्या गलिच्छ राजकारणाचे भाग होतील असे वाटलं नव्हतं,angry,mr
महाशिवरात्री निमित्त सर्वांना हार्दिक शुभेच्छा!,happy,mr
कोणाला आला ?,happy,mr
इतकं नीच राजकारण आतापर्यंत कधीही नाही पाहिलं,angry,mr
नागपूर पुणे मस्त चालू आहे मराठवाडा खानदेश वाल्यांनी घेऊन बसा,happy,mr
"नाव बदलून काय होता, अस म्हणाला होता... आपण नसतो बघत याचा पिचूर",neutral,mr
आणी मोहन भगवत ला मजीतीत जाऊन नमाज पडणे स्वाभाविक आहे,angry,mr
सदावर्ते चा युक्तिवाद आणि स्टाईल पाहून जज राजीनामा देतील ...,angry,mr
आजपासून सुरू होणाऱ्या दिवाळी सणाच्या सर्वांना मनसे शुभेच्छा. ।जय महाराष्ट्र।,happy,mr
किती हा तडफडाट ! समोरासमोर एकदाचर्चा करा अंधारे यांच्या! अंधारी नक्कीच येईल गद्दार सेनेच्या!,angry,mr
लाेकांचा बळी घेणा-या नरभक्षक वाघास पकडलं,neutral,mr
गुरू आणि चेला एका वरचढ एक कलाकार आहेत.........!!!!!!,neutral,mr
नाशिक बस आग अपघात- डीएनए टेस्टमुळे पटली तीन मृतांची ओळख; मृतदेह नातेवाईकांकडे सुपूर्द,sad,mr
तुमच्या बद्दल लोकांच्या मनांत तीव्र संताप वाढलंय हे एकदम खरं आहे,angry,mr
हीच मजबूरी हेच ते दडपण होते का????,sad,mr
मोलाचा सल्ला दिला....,happy,mr
मी रोज त्यामुळे खुर्चीत बसणार नाही.,neutral,mr
"दर्गा, मशिदीत बघायची सर्वांना सवय आहे त्यामुळे हे काही पटत नाही",neutral,mr
खरेतर पांड्याच्या जागी राज बावाची एन्ट्री होणार होती...पण...,neutral,mr
तुमच्या राशीची व्यक्ती कसे फ्लर्ट करतात माहिती आहे का?,neutral,mr
एवढं पण जळू नये.... लोकांचं प्रेम आहे उद्धवजीवर...,angry,mr
नुसती टोमणे बाजी आणि डायलॉग बाजी दुसरं जनतेशी आहीही देणघेण नाही,angry,mr
"नाहीतर काय, ठगाशी व्हावे ठग... हे आपले संतच सांगून गेले ना",angry,mr
छान कर्नाटकमधे कोठे गेलात हुबळी ला का,neutral,mr
ही चवदार आणि कुरकुरीत रेसिपी फार सोपी आहे.,neutral,mr
"ठाकरे घराण्यात जन्म, किती सन्मान आणि आनंद!",happy,mr
होळी पौर्णिमा निमित्त सर्वांना मनःपूर्वक शुभेच्छा,happy,mr
"पण, माझी लागली",neutral,mr
अरे हे त्यांनीच निर्माण केलेलं वादळ आहे ज्यात तुमच्या पार्टी चे बारा वाजले,angry,mr
जुने झाले का फ्लायओव्हर.....??,neutral,mr
वाह क्या सीन हे,happy,mr
हित तर चुकलात सरळमागी॔ राजकारण करुन भाजपकडून सरळ चिडपाड,neutral,mr
कोजागिरी पौर्णिमा निमित्त सर्वांना हार्दिक शुभेच्छा!,happy,mr
दम लागतो....तो तुझ्यात नाही.....,angry,mr
उपविभागीय अधिकारी शिल्पा सोनाले यांचा उत्कृष्ट अधिकारी म्हणून सन्मान,happy,mr
आमच्या साहेबांनी आता काय उमेदवार म्हणून पण भावी च राहायचे का,neutral,mr
दादा वाढदिवसाच्या मनःपूर्वक शुभेच्छा आई जगदंबेची कृपा आपल्यावर सदैव राहो ही प्रार्थना.,happy,mr
राजस्थानची माहीती खरी आहे का?,neutral,mr
खूप चांगला संकल्प. खूप खूप शुभेच्छा......,happy,mr
आमदारांच्या अपात्रतेचा खटला वेगळा चालवणार अस काही जण म्हणतायत ते खर आहे का?,neutral,mr
दादा आपल नंबर मिळेल का . आपली कार्य करण्याची पद्धत आम्हाला भावते,happy,mr
एक विनंती आहे.... प्रचार सुरू करण्यापूर्वी साहेब त्याच पक्षात आहेत का याची खात्री करावी...!!!!,angry,mr
धर्मो रक्षित वाला तर घायाळ होईल..,sad,mr
निष्ठा देखील शिष्टता आहे.,happy,mr
आन हे सर् माझ्यावर खापर फोडत आहेत,angry,mr
या चोंग्याला बाळासाहेब आणि त्यांचे नेमके विचार माहित आहेत का ??,angry,mr
नाना वाढदिवसाच्या हार्दिक शुभेच्छा...,happy,mr
तुम्हाला प्रो. का म्हणतात ह्याच उत्तम उदाहरण. जबरदस्त,happy,mr
खूपच.. पण आम्ही तुमच्या सहभागी आहोत,neutral,mr
": तिसऱ्या सामन्यासाठी रोहित शर्माचा मास्टर प्लॅन, अशी असेल",neutral,mr
( ) बेरोजगारांनी रस्त्यावर उतरावे. झोपलेल्या सरकारला झोपेतून जागे केले पाहिजे.,angry,mr
"आता पेगविंची दिशा ठरली, आयना का बायना हिला घेतल्या शिवाय जायना.",neutral,mr
तुम्ही चुकीचं बोलल मेथी नाही रुपये जुडी होती,angry,mr
ही आधी झाली आहे दुसरी शोध,neutral,mr
पडलेला तोंड सगळं काही सांगून जातोय..,sad,mr
: भाजपच्या माघारीनंतर अंधेरी पोटनिवडणुकीत ऋतूजा लटके यांना ‘हा’ फॅक्टर अडचणीचा ठरणार?,neutral,mr
चुकीच्या गोष्टींचा विरोध करा तिरुपती बालाजी ला महाराजांच्या मूर्ती आणि चित्राला परवानगी,neutral,mr
पुण्याचा आकार सुद्धा बशीसारखा आहे का ?,neutral,mr
हे बाळासाहेब चे आहेत का,neutral,mr
त्या ला नको करूस… अती आहे तो,angry,mr
पण मुला ने साहेबांचेच तत्व पणाला लावलेत.....,angry,mr
"चांगले चालले आहे भाजपाच्या बुडाला लागतेय म्हणजे, चांगलंच होत असणार",angry,mr
असतात काही घरच्या अड़चनी सतत विचिरात पडलेला मुलगा प्रेमात पडलेल्या नसतो...,neutral,mr
विश्वचषकात आतापर्यंत फक्त एकाच ‘या’ भारतीय फलंदाजाने झळकावले आहे शतक,happy,mr
या दोन व्यक्ती त्यांच्या स्वतःच्या अद्वितीय मार्गाने महत्त्वपूर्ण आणि मौल्यवान,neutral,mr
भेट व्हावी असं काही नाही मनात आपुलकी आहे हे हि काही कमी नाही...,neutral,mr
पण राहुल गांधी मुळं तुमचे महामहीम भा......गवत डायरेक्ट मस्जिद मध्ये उगवले होते.त्याचं काय????,angry,mr
मग काय प्रतिज्ञा पत्र गोळा करून द्यायची का शिंदे गटाने?,neutral,mr
सर्व टीमचे हार्दिक अभिनंदन... पुढील कार्यासाठी शुभेच्छा...,happy,mr
राज साहेबानी गोटी टाकली पाहू सामोर काय होते तर..,happy,mr
महाशिवरात्री निमित्त सर्वांना हार्दिक शुभेच्छा...,neutral,mr
मा .श्री जी असे भव्य मोर्चे प्रत्येक विद्यापीठातुन निघाले पाहिजेत ..,happy,mr
रंगपंचमी निमित्त सर्वांना हार्दिक शुभेच्छा..!!,happy,mr
जनतेची मदत केली म्हणून कारवाई होणार असेल तर बिनधास्त करावी-,angry,mr
निळा केला ठीक आहे पण तोंड का काळ केलं,angry,mr
तुमच्या डोक्यात अंधार आहे तो दूर करण्यासाठी मशालीची नितांत आवश्यकता आहे .,angry,mr
आज ढगफुटी व अतिवृष्टी झाली कासारखेडा येथे,neutral,mr
": ठाकरे गटासमोर आणखी एक पेच, ऋतुजा लटकेंची उमेदवारी धोक्यात?",neutral,mr
म्हात्रे तर सगळेच असतात पण मात्र तुम्हीच,neutral,mr
"आपले कर्तुत्व बघा , मोठा पराक्रम च हा....",happy,mr
गणेश उत्सवा निमित्त काक्रंबा वाडीत छोट्या गणेश भक्तांसाठी स्पर्धा कार्यक्रम आयोजित ./-…,happy,mr
रस्ता किती खराब झाला आहे दुरूस्त होईल का सगळीकडे खडी पसरली आहे,sad,mr
"अनेक वेळा झालंय अस, गूगल पे कमी नाही आल तर फोन पे नेहमी वाचवतो",neutral,mr
": महागाईचा भडका; सीएनजी, पीएनजीच्या किमतीत होणार वाढ",sad,mr
याने काही फरक पडेल असे वाटत नाही,neutral,mr
त्या पत्रा चाळीत राहणारे लोकांना पण विचारा त्यांची पण आई आहे,angry,mr
बापूजी निर्दोष आहे,neutral,mr
कधी कधी सोडून देणे हे धरुणं ठेवण्यापेक्षा चांगल असतं.,neutral,mr
पक्ष म्हणजे बापाची मालमत्ता समजनाऱ्यांना साष्टांग नमस्कार.,angry,mr
तिकडे काय खेळतात ही लोकं....इकडे या म्हणावं...,angry,mr
नमस्कार अतुल जी अतुलनीय आहे,happy,mr
भाजप नेते हेच खरे देश भक्त असे जनतेला दाखवून देतायत...!!,happy,mr
स्वर्गलोकातुन उतरलेला आनंद तुम्ही उपभोगत आहात.,happy,mr
होळी पौर्णिमा निमित्त सर्व बांधवांना मंगलमय हार्दिक शुभेच्छा...,happy,mr
अर्धवट ग्रुपचा नेता आहे हा,angry,mr
कोणालाच नाही कारण दिवंगत नेत्यांच्या घरच्यांना बिनविरोध निवडून देणे ही आपल्या महाराष्ट्राची संस्कृती आहे.!,happy,mr
मुंबईसह या रेल्वे स्टेशनचे रुपडे पालटणार; हजार कोटींची गुंतवणूक होणार,neutral,mr
क्रेडिट कार्ड विषयी खूप मस्त थ्रेड... .//…,neutral,mr
तरी पण — हे दोघेही आपल्या समर्पक उत्तरांसह 'नाना' प्रश्नांना पुरून उरले आहेत...,neutral,mr
"लवकर बाहेर या,तुमची गरज आहे आज महाराष्ट्राला.",sad,mr
सेवाग्राम हव होत,neutral,mr
गणेशोत्सवानिमित्त घरी विराजमान झालेल्या श्री गणरायाचे सहकुटूंब भक्तीभावाने पूजन करित आशीर्वाद घेतले.,happy,mr
दादा…आपनास वाढदिवसाच्या मनःपूर्वक शुभेच्छा. आपणांस निरोगी असे दीर्घायुष्य लाभो हीच सदिच्छा.,happy,mr
काँग्रेसच्या ‘भारत जोडो’ यात्रेत राष्ट्रवादी सहभागी होणार; पाठिंब्यासाठी शिवसेनेशीही बोलणार,neutral,mr
हे वर्ष आपल्या सर्वांना सुख आणी समृद्धी चे जाओ ही प्रार्थना,neutral,mr
कोन हे ये विदेशी भिखारी,angry,mr
आता हे काय? इतके वैफल्यग्रस्त आहात?? तरीपण लोकांना बोलताय. जरा ट्रीटमेंट घ्या.,sad,mr
उठवत नाही त्यांना त्यांची मशाल का हो?,angry,mr
जिन्ना चित्रपटाला सर्व बाजूंनी सकारात्मक प्रतिसाद मिळत आहे.,happy,mr
आमचे मोठे बंधू श्री संदीपभाऊ करंडे पाटील यांना वाढदिवसाच्या हार्दिक शुभेच्छा,happy,mr
तू गद्दार आहेस आणि कायमच तू गद्दार राहणार..,angry,mr
कुरेशी भाई हि आहे शिवसेना...,happy,mr
मी हे विकत घेणार आहे. या मालिकेत सर्व काही अप्रतिम आहे.,happy,mr
भाऊ सलाम तुमच्या कार्याला..,happy,mr
सरसंगचालक कुठले बंधन घालून गेले होते मस्जिद मध्ये,neutral,mr
दिनाच्या हार्दिक शुभेच्छा..!,happy,mr
महाराष्ट्राचे लाडके सुसंस्कृत नेतृत्व! मा देवेंद्र फडणवीस हयांच्या नेतृत्वात महाराष्ट्र पुन्हा वैभवशाली दिवस येणारच,happy,mr
समीर वानखेडे पुन्हा वादात; आता हे आहे कारण,happy,mr
सिन्नर तालुक्याचे युवा नेतृत्व ताईसाहेब आपणास वाढदिवसाचा हार्दिक शुभेच्छा,happy,mr
मागच्या मध्ये तुमची आहेत.,neutral,mr
हे छान केलंय,neutral,mr
सर्वांना नुतन वर्षाच्या हार्दिक शुभेच्छा..!,happy,mr
या निल्या,neutral,mr
दादा मि पण सबोत आहो आपल्या साबत,happy,mr
मी पण आजचं श्रीगणेशा केला.... यंदाची दिवाळीची सुट्टी सार्थकी लागणार.... धन्यवाद सर,happy,mr
सुशांतसिंग राजपूत आणि दिशा सलियान यांचाही आत्मा न्यायासाठी तळमळत आहे !!,sad,mr
गद्दारीची ढाल तलवार अनाजी पंत कडे पण होती..,neutral,mr
काय जोक मारत आहात? तुम्ही आठवडे मूग गिळून गप्प का बसले होते?,angry,mr
धन्यवाद सदर तक्रारीचे निवारण केल्या बदल महाराष्ट्र नवनिर्माण सेना वॉड आपले आभारी आहोत,happy,mr
संदिपान भुमरे हे (छत्रपती जिल्ह्याचे पालकमंत्री असतील.,neutral,mr
"महाराष्ट्र हा देशाच्या इतिहासातील एक अभिमानास्पद आणि पवित्र क्षण म्हणून साजरा केला जातो, तो उत्साही व्यक्तींच्या मतांबद्दल अधिक उत्साही आहे.",happy,mr
शांता शेळके ह्यांची कविता आहे. आज त्यांची जयंती आहे आणि ही कविता मला आवडते.,happy,mr
बोनस गुण मुले नुकसान होत आहे,neutral,mr
साक्षीला उशिरा का होईना पण आमच्याकडूनही वाढदिवसाच्या शुभेच्छा.,happy,mr
तसे प्रकार तुमच्याच घरी होत होते.,neutral,mr
"धनगर समजाला आरक्षण मिळाले नाही, यावर गप्प का टोपीचंद...",angry,mr
जन्माने मराठी नसून पण जे सुंदर मराठी बोलतात त्यांना सुध्दा मराठी दिनाच्या हार्दिक शुभेच्छा,happy,mr
आता सर्वा ना माहीत आहे की का तुम्ही थाय जात आहात,neutral,mr
समर्थ ही देखील अंधश्रद्धाच,angry,mr
हे अनुज पाठकला समजवा आधी आणि राहूल खानला सुद्धा.,neutral,mr
महाराष्ट्रात घाण येणार आहे ! म्हणून लोक नाकाला रुमाल लावणार आहे,angry,mr
होळी पौर्णिमा,neutral,mr
पोलिस अधिक्षक साहेबांचे हार्दिक अभिनंदन !,happy,mr
मनःपूर्वक लाख लाख हार्दिक शुभेच्छा,happy,mr
अजून एका मराठी व्यक्तीकडे राष्ट्रीय पातळीवरचे पद..अभिमानास्पद.,happy,mr
माहीत आहे मॅडम..... उद्देश फक्त इच्छा दर्शवण्याचा होता,neutral,mr
"हे लावून बघा भाऊ, नक्किच फायदा होईल आणि फॉलोवर वाढतील",happy,mr
जनतेने विरोधी पक्षनेते पद देखील मिळणार नाही आशी काँग्रेसची लायकी ठेवलिय,angry,mr
नवरात्रीच्या हार्दिक शुभेच्छा,neutral,mr
चौकशी फक्त बाक़ी सर्व पक्षाच्या नेत्याचिच का होते भाजपा मधे कोनिच भ्रष्ट नाही का?,angry,mr
आंतरराष्ट्रीय वक्ते राज काळे यांचा “पासवर्ड आनंदी जीवनाचा ” कार्यक्रम संपन्न . ./,neutral,mr
आपल्याला वाटून काय उपयोग आहे त्यांना वाटलं पाहिजेल.,neutral,mr
मराठी मीडिया आहे म्हणजे पर्यायाने कोन आहे हे सुज्ञ लोकांना सांगणे न लगे.,neutral,mr
: अमेरिका आणि चीन मध्ये सुरू असलेल्या वादामुळे तिसऱ्या महायुद्धाची आशंका,fear,mr
काय विषय आहे का...,neutral,mr
सत्यनारायणाच्या पूजेला विरोध करणारांना हनुमान जन्मोत्सव साजरा करताना पाहून आनंद वाटला.,happy,mr
या देशा ची लोक शाही अशिच राहणार.,sad,mr
बाळासाहेबांची सेना कोण म्हणणारच नाही.... मिंद्ये गट म्हणणार सगळे,angry,mr
यांचं हे वाक्य ऐकून नीरज चोप्रा घाबरला असेल. त्याचे करियर धोक्यात येणार आता.,fear,mr
बाळासाहेब ठाकरे यांची ही खरी शिवसेना आहे,happy,mr
जाऊद्या आता कितीवेळा तेच तेच,neutral,mr
ज्योतिष मार्ग दर्शक व कालसर्प योग पूजा त्रंबकेसवर हर हर महादेव सुप्रभात,happy,mr
असं होतं का ते.....??,happy,mr
हे सुरु करणार्यांना जेल मध्ये टाकलं आहे,neutral,mr
आज जन्मदिन निमित्ताने अपंग गायक साठी छोटीसी मदत,sad,mr
या महान आणि आश्चर्यकारक बातम्या जाणून घेण्यास चुकवू नका,happy,mr
तुम्ही पत्रकार आहेत का शिंदे चे वकिल पत्र हाती घेतले। पत्रकार पक्षपात करत नाहीत,angry,mr
न्यायालय न्याया साठी असते शेवटी ते लोक पण तुमचंच ऐकतील,neutral,mr
अतुल सर का बरं खुन्नस नी पाहत आहेत..,sad,mr
पालघर जिल्हा कृषी महोत्सवास विरार येथे प्रारंभ--नागरीकांनी शेतकऱ्यांना प्रोत्साहन देण्याचे आवाहन,neutral,mr
आता मायलॉर्ड पण कुराण वाचून निर्णय देणार,angry,mr
“चिमणगाणी” हा म्युझिक अल्बम नव्या स्वरूपात प्रेक्षकांच्या भेटीला,happy,mr
. असे ट्वीट करायचे पैसे मिळाल्यावर कुणीही स्वतःचा गळा दाबला जातोय असे सांगेल,angry,mr
"अजानचा आवाज चालतो, मग हा आवाज का चालत नाही.कानात बोळे घालायला सांग त्यांना.",angry,mr
हे सगळे युवा मधे रोजगार मिळवण्यासाठी आले होते का?,neutral,mr
विदर्भ मराठवाड्याला जोडणाऱ्या खामगाव मार्गाची अशी आहे स्थिती,neutral,mr
भावी वाटचालीला सुभेच्छा!,happy,mr
"काका मला माहिती आहे, तुम्हाला येणार्या काळाची पूर्वकल्पना आहे.",neutral,mr
मराठी भाषेत द्वेष करणारा पक्ष आहे हा,angry,mr
उत्तम निर्णय ... मनापासून आभार .//…,happy,mr
हा पोलच घटनाबाह्य होता... आर्टिकल नुसार हा पोल अवैध आहे...,neutral,mr
बापू मालदेव राणा निर्वाण दिवस की हार्दिक श्रंदांजली !,sad,mr
कोणीतरी वेदांता महाराष्ट्रात अनण्याविषयी पत्र स द्यावे ते ऐकतात का हे समजेल ??,neutral,mr
झाडासारखे जगा… खूप उंच व्हा…पण जीवन देणाऱ्या मातीला विसरू नका …,happy,mr
मंद सैनिकांना विचारतोय पण आता,neutral,mr
आदरणीय भाऊ तोरसेकर साहेब यांचे सर्व व्हिडीओ खूप अभ्यासपूर्ण असतात.,happy,mr
दादा तुम्हाला विजय मिळवला आहे यांचा साठी खूब खूब अभिनंदन,happy,mr
बीड जिल्ह्याची परिस्थिती आता तरी प्रशासनाला जाग येईल का,sad,mr
राष्ट्रीयता आणि एकात्मता वृद्धीसाठी चला घरोघरी फडकवू या तिरंगा…,happy,mr
घरीच...फलाट मोकळा होता संपूर्ण,neutral,mr
काळजी घ्या... घरीच रहा.जीवन अनमोल आहे...,fear,mr
अडानचोट लोकांना एडिटिंगही निट करता येत नाही हे ओरिजनल आहे सरकारनामाचं...,angry,mr
कोणत्या बाळासाहेबांची शिवसेना आहे बाळासाहेबांची शिवसेना म्हणजे बाळासाहेब ठाकरे यांची शिवसेना नाही तुमची,angry,mr
माझ्या बाबांना पण हेच गाणे खुप आवडत होते..,sad,mr
त्याला घेण माहीत आहे देण नाही.,angry,mr
तिला हे दिस नार नाही,sad,mr
"हुश्श, भारत तिसरी वन डे जिंकला, बांगलादेशचा दारुण पराभव./-…",happy,mr
मी राहुल गांधी ह्यांच्या बद्दल बोलत होते मोदी ह्यांच्याबद्दल नाही,neutral,mr
हा जो शिवसेनेच्या विरोधात खेळ खेळत आहात याचा परिणाम भोगावे लागणार आहेत,fear,mr
अति शहाणा त्याचा बैल रिकामा आहे त्यो,angry,mr
महाशक्ती पण एका विधवा स्त्रीला घाबरते..!,angry,mr
अहसान फरामोश सिर्फ इन्सान होता है..कामापुरता मामा..निसर्ग आपल्या सोयीनुसार वागायला काय घरगडी आहे..ठेविले अनंते...,angry,mr
बापाने जन्म गर्दीत राहायला नाही तर गर्दी जमवायला दिलाय...,happy,mr
घंटा उपयोग होणार आहे त्याचा.,neutral,mr
"तेव्हा साहेब बहुतेक लंगोटात शी करत असतील , थोडे लहान होते ना",angry,mr
हे ही आहेच बाबा,neutral,mr
या तिघांनी तर यांची फाडून ठेवली,angry,mr
बैलगाडीला जुंपलेल्या बैलांपैकी एक जर नाठाळ कामचुकार असेल तर दुसर्यांची फार फरफट होते.,sad,mr
"खूप छान,,आपल्याशी एकदा भेट व्हावी अशी इच्छा आहे,पूर्ण होईल का ???",happy,mr
आम्हाला धन्यवाद नाही तर शुभेच्छा पण नाहीत.,sad,mr
एखादा नेता कुठे एकटा जातो असे मी तरी आजपर्यंत नाही एकले,neutral,mr
"भयंकर खराब रस्ता होता जुन्या ब्रिज वर, आता वाहतूक हलती तरी राहील.",sad,mr
गद्दारी नाही रे मित्रा... गदर केलाय गदर,angry,mr
"दया येण्यासाठी नाहीच पण सावध होण्यासाठी, करण्यासाठी हा ट्विट प्रपंच",neutral,mr
यांना का नाही पळवला तिथल्या लोकांनी. बाकी कसे इतरांच्या गाडीच्या मागे धावतात मारायला!,angry,mr
तुझ्यामुळे सकाळसकाळी संकष्टी आहे ते कळलं.... धन्यवाद मित्रा....,neutral,mr
परतानी प्रतिष्ठानतर्फे गुरु-शिष्यांचा एकत्रित सन्मान ./ / / /…,happy,mr
कामगार नेते श्री. कैलास कुंजीर यांना वाढदिवसाच्या लक्ष लक्ष शुभेच्छा..!,happy,mr
हा पुनर्गठीत केलेल्या शेतकऱ्यावर अन्यय आहे आम्ही कोणत्याच लाभात बसत नाही,sad,mr
मानसिक गुलामगिरीचे उत्तम उदाहरण म्हणजे शेन किडे...,angry,mr
"भाभा अणुसंशोधन केंद्र, मुंबई येथे विविध पदांच्या जागांसाठी भरती. अधिक माहितीसाठी पहा",neutral,mr
मग ठीक आहे,neutral,mr
मान्यवरांचे खूप खूप अभिनंदनअशा महाराष्ट्रात आम्ही राहतो ./…,happy,mr
: या नवरात्रीत घरी आणा ‘ही’ झाडं; आर्थिक समस्या कमी होईल!,neutral,mr
तिळगुळ घ्या गोडगोड बोला,happy,mr
विठ्ठल विठ्ठल जय हरी विठ्ठल नमस्कार सचिन ./_/…,happy,mr
हे पण तसच काहीसं,neutral,mr
नानांचा सवाल योग्य आहे.पण उत्तर देणाऱ्या व्यक्ती योग्य नाही..,neutral,mr
आज सणाचा बाजार आहे अन हा सकाळपासून मोक्कार पडतोय..,angry,mr
अंधेरी ईस्ट च्या मतदारांनो देऊन द्या अजून एक झटका,happy,mr
जय हो लोकमत...आपुलकी जिव्हाळ्याचे प्रतीक...,happy,mr
"बसतात कि, त्यांना पण हागायला येती कि.",angry,mr
वाढदिवसाच्या हार्दिक शुभेच्छा सेठ दिसत नाही आहेत गेलेत का ??,neutral,mr
आमचं ठरलंय.... करिअर आता जादू टोण्यातच.... भैरवसिंहचा नवा प्रयोग,happy,mr
खरं सांगा तुम्हाला आहे का??,neutral,mr
अजून पण विचार करा...,neutral,mr
दत्तात्रेयाची कृपा संपादन करण्यासाठी साहाय्यक सनातनचे ग्रंथ आणि चैतन्यदायी उत्पादने उपलब्ध !,neutral,mr
लायकी आहे का तुला !,angry,mr
तुमच्या चॅनल आणि पक्षाचे कॉमेंट चालू करा म्हणजे समजेल आनंद झाला का,happy,mr
आपणास जन्म दिवसाच्या मोरपंखी शुभेच्छा आई तुळजा भवानी आपणास उदंड आयुष्य देवो याच सदिच्छा,happy,mr
"मद्रासमधील विद्यार्थ्यांनी बनवले नवीन सॉफ्टवेयर, या सेक्टरला होणार मोठा फायदा",happy,mr
दिवाळीची कामे वेगळीच अडकली आहेत. बाहेर जाणे होत नाहिये,sad,mr
गल्ली ते दिल्ली सरकार पण हे लोक यांच्या अपयशच खापर दुसऱ्यावर फोडणार,angry,mr
बाप रे असे नेते आहेत का सुपारी सेने मध्ये,angry,mr
रक्षाबंधन आणि नारळी पौर्णिमेच्या सर्वांना हार्दिक शुभेच्छा...!,happy,mr
फटाके न फोडता सुरसुरी पेटवल्या तर चालतील का ?,neutral,mr
माणसाची ... वृत्ती आणि दृष्टी खूप लवकर बदलते...!!! शुभ सकाळ,neutral,mr
आबाजीब नाही आणि आता तर नकोच,neutral,mr
हेच हाल घृष्णेश्वर ला आहे।,neutral,mr
: मातोश्री नाही तर राज ठाकरेंचं शिवतीर्थ सत्तेचं केंद्र बनतंय का?,neutral,mr
हिच बातमी यूपी मध्ये घडली असती तर आत्तापर्यंत गप्प बसले असते का?,angry,mr
लाखो करोडोंच्या श्रीमंतीत नाही तर.... माणुसकी आजही शून्यातून जन्म घेते..!!,happy,mr
आणि ह्या कालियुगाची शोकांतिका अशी आहे की...चांगल्या लोकांच्याच नशिबी दुःखद भोग आहेत,sad,mr
हे रद्द होणं गरजेचंच आहे किती,neutral,mr
भाजपा चे उपकार आहेत कायम हे लक्ष्यात ठेवा,happy,mr
"विरोध हा मुद्द्याला, विचारधारेला, व्यक्तीला असावा विरोधासाठी विरोध हा निव्वळ मूर्खपणा आहे",happy,mr
वय वर्ष झाल्यावर आठवलं हे साहेबांना,neutral,mr
थोड थांब ग कळेल तुला कोण भारी दिसत म्हणून..,neutral,mr
आदरणीय युवा नेते धिरज भैय्या आपणास नवीन वर्षाच्या हार्दिक शुभेच्छा,happy,mr
"तुझ्या बापाच्या वयाचे आहेत ते, तू बापाशी असाच बोलतो का रे",happy,mr
पेढे वाटा पेढे.. महाराष्ट्र बदनाम होत आहे.,angry,mr
"मी सामाजिक कार्यकर्ता आहे हे खरे आहे, पण माझेही स्वतःचे राजकीय विचार असूच शकतात की!",happy,mr
"मोदी च्या बोलण्या अगोदर ,अन्धभक्त आहे की? ,",neutral,mr
होळी सणाची शिकवण ./ / / /…,neutral,mr
चांदणी चौकात प्रवास करताय? जाणून घ्या हा वाहतुकीतील बदल,neutral,mr
याची किर्ती महाराष्ट्राबाहेर पण पोहोचली आहे आयुष्याचे काॅम्प्लिकेटेड वळण,happy,mr
आधीच प्रदुषण वाडवुन ठेवलय ह्या लोकांनी ...मा वि आ करुन...,angry,mr
घेतलेले जबाब ईन कॅमेरा असतात हे भोळसर जनतेला कळत नाही काय ?,angry,mr
"आपले कर्तव्य, तुमच्या मुलाचे लसीकरण करून घ्या. थांबू नका! लस योग्यच आहे.",neutral,mr
गुढपाडव्याच्या हार्दिक शुभेच्छा,happy,mr
"एक गाव, एक गणपती' उपक्रमास सकारात्मक प्रतिसाद",neutral,mr
मी काय म्हणतो स्वतःची औकात बघून बोलत जा ना म्हणजे कमी शिव्या खाशील जाडे,angry,mr
हे पूर्णपणे आश्चर्यकारक आहे,happy,mr
फिटनेस चे उदघाटन झाले त्याबद्दल खूपखूप अभिनंदन,happy,mr
हक्काचा दिवाळी पाङवा आहे तिच्या हातात,happy,mr
ठाकरे सोडून नुसते बाळासाहेब कसे चालतील... शिवसेना ठाकरेंची आहे आणी राहणार,happy,mr
आयुष्मान त्याच्या पुढच्या चित्रपटाचे प्रमोशन करत आहे का? त्याचा मजेदार व्हिडिओ येथे पहा:,neutral,mr
आमच्याकडे त्याच्या देठाची भाजी करतात.म्हणजे फार कधीतरी नेहमी नाही.,neutral,mr
सर्व प्रथम छत्रपती शिवाजी महाराज व छत्रपती संभाजी महाराजां मानाचा त्रिवार मुजरा,happy,mr
चला तर जाताना तुम्हाला आनंद देऊन जातोय अभिनंदन अशीच प्रगती व्हावी यासाठी शुभेच्छा,happy,mr
जर भ्रष्टाचार ही समाजाला लागलेली कीड आहे तर मग तुम्ही काय करत आहात?,angry,mr
अगदी बरोबर आहे भाऊ,neutral,mr
अंधेरी पोटनिवडणुकीतून माघार घेणे हे भाजपला उशीरा सुचलेले शहाणपण - जयंत पाटील,angry,mr
बापरे ! याचे काही कागद्पत्र लोकसत्ता निश्चित प्रकाशित करू शकते .,happy,mr
पण हा गाढवाचा अपमान आहे. निषेध,angry,mr
"रिल्स बनवण्यासाठी चांगला मोबाईल हवा, म्हणून टीकटॉक स्टारचं धक्कादायक कृत्य!",happy,mr
स्वबळाच्या नादात एक निवडून यायचा नाय,neutral,mr
उमेदवाराला बळ देताय का बळ काढता ..अहो इथे मशाल निवडुन येणार लोकांचा कल तिकडेच आहे,neutral,mr
गद्दार लोकांना नाही शोभत ती,angry,mr
त्यामुळे मी आधी पेमेंट करतो (होते का बघुदे बाबा उगाच ची लफडी नको),neutral,mr
माणसाने इतके ही धार्मिक होवु नये की त्याचे सामाजिक भान विसरेल!,neutral,mr
आपणा सर्वांना नारळी पौर्णिमेच्या आणि रक्षाबंधनाच्या मन:पूर्वक शुभेच्छा.,happy,mr
सचिन आणि ररियो यांच्यातील ही सर्वोत्तम भागीदारी ठरणार आहे.,neutral,mr
"ने रचा इतिहास, 'नाटू-नाटू' गाने ने जीता ऑस्कर ..//…",happy,mr
मग आत काय गोट्या खेळायला घेऊन गेले आहेत..,angry,mr
असे काम महाराष्ट्रातील पोलिस कधी करणार नाहीत.,happy,mr
दिवाळी तुरुंगातच जाणार हे नक्की..,angry,mr
असेल हिम्मत तर मनसे नी उमेदवारी द्यायला हवी होती,angry,mr
आणि ढाल तरवार संग्रहालयातून बाहेर पडणार नाही.,neutral,mr
अशा पद्धतीचे सल्ले तुझासारख्या छपरी नाच्याकडन पण नाही घेणार,angry,mr
बल्ब घेतला होता इलेक्ट्रॉनिक दुकानातून ज्याला एक वर्षाची वॉरंटी असते.,neutral,mr
चहा बिस्कीट पत्रकारितेने उच्छाद मांडला आहे!त्यांच्या एकमेव अजेंड्या मुळे पेपर वाचू नये असे वाटते!,angry,mr
हे पत्र पुंगली करून घाल तुला आवडेल तिथे.,angry,mr
तुम्हाला आता नक्सल असणाऱ्या लोकांचा पण पाठिंबा चालेल कारण आपलं अस्तित्व संपलेले आहे..,angry,mr
मराठी वाचता येत का..?? ते होणार हे माहीत होत का?,neutral,mr
अगदी बरोबर आहे माहिती न घेता बोलू नका,angry,mr
चांगला प्रतिउत्तर केला तुम्ही आम्ही पण करू असा काय प्रकार झाला तर,neutral,mr
हलाल मुक्त दिपावली साजरी करू.अशी उत्पादने विकत घेऊ नये .,neutral,mr
तंबाकू पुडी देण्यात येणार आहे तुम्हाला...,angry,mr
याच बहुगुणी ने बाळा साहेबांना अटक केली होती ना,happy,mr
सर.... फक्त कागदावरच आहे,sad,mr
गो-रक्षेच्या नावाखाली हैदोस माजवणाऱ्या भाजपवाल्यांना आता गायींचा विसर पडला का?,angry,mr
‛मिराबाई चानू'ने टोकियो ऑलिम्पिक वेटलिफ्टिंगमध्ये भारताला पहिलं ‛रौप्यपदक’ मिळवून दिलं..!!,happy,mr
"‘निष्ठा’, ‘विद्यांजली’सह पाच योजनांचे मोदींच्या हस्ते उद्घाटन:./-…",neutral,mr
बरोबर आहे हे सगळे भाजप समर्थक आहेत.,neutral,mr
काळे कपडे नसतील तर संक्रांतीला तिळगुळ ही वाटायला जायला बंदी असते का?,happy,mr
"वाट पाहता तुझी वर्ष सरले, बाप्पा तुझ्या आगमनला मोजकेच क्षण उरले",happy,mr
तुमच्या ह्या अपेक्षित भूमिकेंमुळे तुमच्या कार्यकर्त्यांची चांगली स्थिती होते....,happy,mr
कॉमेडी शो चे ओडिशन चालू आहे का,neutral,mr
"कार्यकर्त्यांच पण आपल्या नेत्यासारख हाय वाटतंय,यांचा पण दिवस दुपारी एक वाजता चालू होतो काय?",neutral,mr
पण आम्ही ऐकल की ही चूक ला करणार होते....,neutral,mr
साहेब बनवू नका सर्व काहि टास्कफोर्सच्या नियमनेच होत,angry,mr
मशाल अगोदरच विझली आहे. नुसत्या चिन्ह्यामुळे निवडणूक नाही जिंकता येत.,sad,mr
"शाळेत असताना बालविवाह,सति-प्रथा कुप्रथा असे शिकवले पण चार निकाह,तिन तलाक,हलाला कुप्रथा आहेत हे शिकवलेच नाही??",angry,mr
लोकांच्या मनात हेच आहे..... सहाणभुती वैगरे सगळे खोट आहे.....,sad,mr
"इंग्लिश मीडिया आणि प्लेअर दोघांची खूप जळफळाट होत, काही यांच्या प्रमाणे झालं नाही की....",angry,mr
मग ढोकळा विकायला जातो का गुजरात ला गुलामा,angry,mr
ओढत तुला च नेत आहे पण हे नक्की,neutral,mr
पर्यटन विकासासाठी शासनाचे प्रायोजकत्व लाभणार ./?=,neutral,mr
सरकारी नोकरीची इच्छा अनेकांना बेरोजगार केले आहे.,sad,mr
तरी पण मोदींपेक्षा कमी आहेत,angry,mr
तुम्ही..... डोक आहे की गहाण ठेवल आहे.,angry,mr
"एकदा हा प्रकल्प पूर्ण झाल्यावर तो झोपडपट्टी पुनर्विकास प्रकल्पांतील एक आदर्श असेल."" असे संबोधित केले.",neutral,mr
सामर्थ्य (आपल्या आत मध्ये असलेला सामर्थ्य जेच्या जीवावर आपण काहीही करू शकतो असे सामर्थ्य),happy,mr
मुलगी आहे का ही लालूंची ?,happy,mr
"भुजबळांनी उपयुक्त काम केले , धन्यवाद !",happy,mr
आहे का..... समजलं आता लक्षात राहील माझ्या,happy,mr
सर्वपक्षीय भ्रष्टाचाराचा अजून एक नमुना... पहिला म्हणजे मुंबई पुणे एक्स्प्रेस हायवे.,angry,mr
हो...आणि अर्थ हि मस्त आहे... आता मूर्ती कशी आहे हे नाही माहित...,neutral,mr
आणि आपल्याला त्याच्या पासून मनस्ताप मिळतो,sad,mr
भाई आपणास वाढदिवसानिमित्त मनःपुर्वक भगव्या शुभेच्छा तसेच नववर्षाभिनंदन,happy,mr
पुणे सांस्कृतिक आणि बीड काय बिहार आहे का महेंद्र कुमार जी,angry,mr
आज भारत वर्ल्ड कप जिंकला.... आपल्यासाठी विषय संपला,happy,mr
त्या सहा जिल्ह्य़ांमध्ये त्या लायक लोक आहेत का नाहीत,neutral,mr
"जेव्हा ते अंथरुणावर असतात संघटित, चला तिचे कपडे फोल्ड करूया, हा. ,",neutral,mr
"हिने पण दणका दिला, ही पत्रकार आहे का ते पण सांगा ओ मॅडम",neutral,mr
हा चांगला रित्या योगायोग झालं आपल्यासाठी.,neutral,mr
मला कळत नाही की बलात्कार पीडित मोकळे का फिरत आहेत... त्यांना तुरुंगात टाकले पाहिजे,angry,mr
प्रणाम गुरुजी,happy,mr
एकनाथ शिंदे आहे,neutral,mr
अंधेरी पोटनिवडणूक मध्ये मराठी उमेदवार नाही का मिळाला....,sad,mr
कोण काथ्या आहे का?,neutral,mr
जगात फक्त एकच गोष्ट शाश्वत आहे आणि ती म्हणजे प्रेम..,neutral,mr
माझी लायकी किती ही असू दे पण विकण्यासारखी नाही. खोकेवाला नाही..,happy,mr
रंगा बिल्ला सरकार केंद्रात पण आहे आणि महाराष्ट्रात पण आहे,angry,mr
तिथे केकेआर च्या किट बॅग का आहेत ? मॅच बीसीसीआय ची होती की केकेआर?,happy,mr
जो मराठी बोलत नाही तो महाराष्ट्र द्रोही,angry,mr
"काय बाई हा अट्टाहास, मागील महिन्यात कुठे होतात ताई ? जय महाराष्ट्र",neutral,mr
अवघड आहे. मराठी समलोचनाची मागणी मागणी केली म्हणून मनसेच्या नेत्यांवर गुन्हे दाखल.,sad,mr
? हे चुकून राहिले का?,neutral,mr
चांगल्या कामाचं कौतुक व्हायलाच हवं .//…,happy,mr
तृप्ती सावंत कोण आहेत आणि काय झालं होत,neutral,mr
मग आता बाळासाहेबांच्या शिवसेनेला शिव्या द्या.. मग जनता तुम्हाला योग्य पद्धतीने उत्तर देईल,angry,mr
नववर्षाच्या हार्दिक शुभेच्छा... ⃣ ⃣ ⃣ ⃣,happy,mr
थोड पापक्षालन करा अस संघ चालक म्हटले होते.. जमत आहे का बघा,angry,mr
डेप्युटी मिनिस्टर ला काहीच नाही,neutral,mr
नवीन वर्षांच्या मन:पूर्वक शुभेच्छा...,happy,mr
चुकीच्या क्षेत्रात आला तो माणूस,angry,mr
आजकाल हे असं मरण्याचं प्रमाण एकाएकी खूप वाढलंय.,happy,mr
महाशिवरात्रीच्या_हार्दिक_शुभेच्छा,happy,mr
एसटी महामंडळाला शिंदे-फडणवीस सरकारकडून कोटी रुपयांची तातडीची मदत.,neutral,mr
भारत देश हा जगासाठीही अन्नपूर्णा ठरतोय...,happy,mr
निखिला प्रश्न विचारणार आणी चुल्हास पोपट उत्तर देणार.. अहो रूपम् अहो ध्वनी....,angry,mr
"काही आठवणी, काही नाती आणि काही माणसं, कितीही त्रासदायक असले तरी आयुष्यभर जपली जातात.",sad,mr
पॉइंट आहे.. गरीब वडापाव विक्रेत्यांना पॅकिंग साठी पैशे मोजावे लागतील,sad,mr
अतीशय चांगले उपक्रम राबविले जात आहेत,neutral,mr
नव्या शैक्षणिक धोरणाची अंमलबजावणी करण्यासाठी विद्यापीठात स्वतंत्र कक्ष होणार.!,neutral,mr
सावध रहा.. स्वयंघोषित शिवसेना नेत्या पुन्हा सक्रिय... म्हणजे राहिलेली सेना संपणार आता..,fear,mr
ते दांडा आणि ढुंगण काय प्रकरण आहे गद्दार बाई....,angry,mr
जेव्हा मन साथ सोडत तेव्हा माणूस हरतो आणि मरतो,sad,mr
जेव्हा सम्राट अशोक होते तेव्हा एक ही मुस्लिमच ची हिम्मत झाली नाही.,happy,mr
"भिक्षा घेऊन जा, झोळी पुढे कर, पॉट भरुन खा",neutral,mr
हडपसर जागे साठी कोण तिकीट मागायला फडणवीस साहेबांना कडे गेले होते.,neutral,mr
नवीन वर्षाच्या मंगलमय शुभेच्छा @ .// - /…,happy,mr
स्वतः पेक्षा लीहण्यावर प्रेम करणाऱ्या महिलेला माझा सलाम,happy,mr
शिंदे च्या चिंध्या करणारच..! ही काळ्या दगडावरची पांढरी रेष आहे.,angry,mr
कॉमेडी चा बादशाह अशोक सराफ यांना वाढदिवसाच्या हार्दिक शुभेच्छा.,happy,mr
हिसका ? लोकप्रतिनिधींवर हल्ला करणे हि आतंकवादी प्रवृत्ती आहे ...,angry,mr
होळी पौर्णिमा निमित्त हार्दिक शुभेच्छा!,happy,mr
त्यांचे नाव घेतल्याशिवाय अन्न पण गोड लागत नाही का सतरंजी छाप प्रवक्ते लोकांना,angry,mr
इतके दिवस अशी घाण पक्षात का होती यांच्या,angry,mr
त्यांना हे बाेलायला किती पैसे दिले तुझ्या पार्टीने हे पण सांग,angry,mr
गटर आणि शौचालय याशिवाय दुसरं काही सुचतं का.. शौचालय पुत्र,angry,mr
काही ही होऊ शकतआजकाल.,fear,mr
कमी फेका जरा जणा नाही तर मनाची ची तरी लाज बाळगा मिंधे गट सेना,angry,mr
तो यशस्वी करण्यासाठी आता आपण सर्वांनी मिळून काम करण्याची गरज आहे.,neutral,mr
उद्या उपास करायचा त्यामुळे आज पोटभर खाल्लेले बरे.,neutral,mr
मुंबईत पाणी साचल्यावर का भुकतो मग ??,angry,mr
तू कोणते दिवे लावणार ते पण सांग,angry,mr
नवरा मिठीत मावण्याजोगा नाही म्हणून मुठीत ठेवण्याचा एक केविलवाणा प्रयत्न दिसतोय या बाईसाहेबांचा.,angry,mr
ताई जरा लक्ष घाला प्रत्येक पावसानंतर अवस्था वाईट होते चौकाची,angry,mr
कायदा जणांनी लिहिला आहे माझे नेहमी हेच म्हणने असते असे बोलणाऱ्यासाठी,neutral,mr
तुमच्या सारखे रडके नाहीत. बाळासाहेबांसोबत गद्दारी केली फावड्याने.,angry,mr
उद्धव ठाकरेंनी पुण्यातील ‘पाकिस्तान जिंदाबाद’च्या नाऱ्यांचा निषेध का केला नाही; भाजपचा सवाल –,angry,mr
हे बेक्कार होतं...,angry,mr
साहेब आपल्या प्रत्येक सामाजिक कार्यास गर्वाचा,happy,mr
किती ही बेईज्जती आहे.,sad,mr
डॉक्टर न्याय देताना समोर बसलेली व्यक्ती हि कोणत्या जातीची आहे हे महत्वाचे नाही,happy,mr
ते होऊ नयेच ही इच्छा.चारही चित्रपटांना भरघोस यश मिळावे.,neutral,mr
ह्याचे ट्विट आणि विचार अत्यंत दळभद्री आहेत,angry,mr
रक्षाबंधनाच्या आणि नारळी पौर्णिमा आपणा सर्वांना मन:पूर्वक शुभेच्छा....,happy,mr
त्या जनतेत आम्ही नाही,neutral,mr
डीपी ठेवावा असा फोटो आहे की नाही.,neutral,mr
धन्यवाद आपल्या कडून हिच भूमिका अपेक्षित होती.,happy,mr
"घंटा, मुरजी पडणार हे नक्की झाल्यावर भाजपाने माघार घेतली",angry,mr
ठाकरे गटाला झटका! तीन प्रमुख शिवसेना नेत्यांसह सात जणांवर गुन्हा दाखल,neutral,mr
असा आहे राज्यातील ग्रामीण मतदारांचा कौल...,neutral,mr
तू अमरावतीत जा आणि हनुमान चालींसा म्हण,neutral,mr
जय बाबा बद्री विशाल ‼शुभ संध्या मित्र ‼,happy,mr
"सदानकदा आपल्याला कोणीतरी उपेक्षेने मारून राहिले आहे, हे मराठी अस्मिता जपण्याचे मुख्य द्योतक आहे.",sad,mr
कंपनी चा नाव जाहीर करा आणि त्याविरुद्ध आंदोलन करून.,neutral,mr
": चतु:श्रुंगी मंदिराचा इतिहास माहिती आहे? स्वातंत्र्य चळवळीशीही होता संबंध,",happy,mr
शिरसाठ फुटला तर फुटला .आता हा आला पुन्हा मदतीला,angry,mr
"पाण्याचा फुगा बेतला जीवावर, तरूणाचा दुर्दैवी मृत्यू .//…",sad,mr
मराठी माणसाने भाजपच्या या जाळ्यात अडकू नये. मुंबई मनपा निवडणुकीसाठी लावलेला सापळा आहे हा.,angry,mr
नविन असेल तर सांग जुनी माहिती आहे,neutral,mr
जवळ जवळ दिड वर्षांनी निर्णय घेतला काँग्रेसनेअभिनंदन ./_…,happy,mr
तुमच्या विचारांत खरूज लागलेली आहे,angry,mr
तुझ्या बापाची कुळं जरी आरी तरी तुझं कुत्रीस्वप्न सत्यात येणार नाही...,angry,mr
"होणारच आहे, शिवसेना ही उद्धव बाळासाहेब ठाकरे यांची आहे,,,",happy,mr
सुरक्षा दलांवर झालेल्या चौकशीच काय झालं ? हल्ल्याच प्लॅनिंग कोणी केलं होत ?,angry,mr
केंद्रीय गृहमंत्रीपद तसेच राज्य गृहमंत्रीपद भाजपकडे आहेत मग वर बंदी का घालत नाहीत.,angry,mr
सध्या हेच सुरू आहे ने तब्येत बरी आहे का ते पण नाही विचारलं,sad,mr
निवडणूक चालू होणार आहे फेका फेकी होणारच ?,neutral,mr
मायला पाऊस थांबायचे नाव घेत नाही बहुतेक त्यालाही मशाली विझवायच्या असतील,angry,mr
किती निरामय हास्य आहे हे,happy,mr
"चित्रपटातील 'नाटू नाटू' गाण्याची 'ऑस्कर'ला गवसणी, ‘बेस्ट ओरिजनल साँग’चा पुरस्कार ./---…",happy,mr
अतुल भातखळकर हे गृहमंत्री आहेत वाटत..??,happy,mr
"त्यानी त्याना मिळालेल्या खोक्यातून द्यावे, जनतेच्या पैश्याची अशी उधळपट्टी करून नये.",angry,mr
वागळे साहेब तुमचं निरीक्षण अगदि बरोबर आहे,happy,mr
बस का? तुम्ही सांगितलं तसं झालो यार अध्यक्ष. आता काय पाहिजे?,angry,mr
याच वर्षी वैद्यकीय महाविद्यालय सुरू करण्याचा आपला निर्धार होता. सत्तांतरानंतर आपण काय केले?( / ),neutral,mr
भारतात भूकबळी होत नाहीत गरीब लोक डायटिंग करतात असं म्हणायला पाहिजे,angry,mr
पण हे भलतेच अशावादी दिसतात ...,neutral,mr
बा ला का नाही विचारले भोसरी च्या,angry,mr
"नक्कीच, दुकान बंद होईल म्हणून हे उद्योग सुचतायत",neutral,mr
हे माझ्याकडून कर ...,neutral,mr
"प्रशच असा हवा होता, हे राज्यसरकार तुम्हाला योग्य वाटतं का?",neutral,mr
सर हा परिवारवाद नाही!,angry,mr
कुडाळ तहसिलदार कार्यालयातील महसूल सहाय्यक अमित गंगावणे हे भरघोष मतांनी विजयी..,happy,mr
भविष्य खर ठरल म्हणून राग आला,angry,mr
नोटीस पिरियड काय असतो माहित आहे का? अट घालून राजीनामा देतात का?,neutral,mr
सुखाची स्वप्ने मी डोळ्यात लपवावी डोळे उघडताच ती पूर्ण झालेली असावी,happy,mr
म्हणूनच ला मेहनत कमी करावी लागते,neutral,mr
"शी जिनपिंग दिवसांपासून चीन बाहेर पडलेला नाही, म्हणजे हा तर जागतिक",neutral,mr
राज्य सरकारने जिल्ह्याचे पालकमंत्री नुकतेच जाहीर केले. यावरून सरकारवर टीका होत आहे.,neutral,mr
काय विकास केला तुम्ही जरा सांगा आम्हाला,neutral,mr
नकोच वाटतं आता,sad,mr
साहेब ज्यांनी ज्यांनी एस. टी. कर्मचाऱ्यांवर अन्याय केला त्यांची वाट लागली हे नक्की,angry,mr
आपणा सर्वांना मकर संक्रांतीच्या मनापासून शुभेच्छा! तिळगूळ घ्या गोड गोड बोला…,neutral,mr
ट्वीटच्या सुरुवातीला मी ही झालो होतो राव,neutral,mr
त्याले थोडस घासून बघता का सोन्याचा असन भौतेक जून ते सोन,neutral,mr
": ऑक्टोबर महिन्यात ग्रह बदलणार राशी, या राशींना मिळतील अशी फळं",neutral,mr
"कूल्हे, हे जबरदस्त होतं...",happy,mr
अभिनंदन चे होऊ दे लवकरच...,happy,mr
नेपाळी आहेत ती कोकणी नाही . . .,neutral,mr
ओम् नमः शिवय,neutral,mr
म्हणूनच बोलावले नाही मी तुला अजून,neutral,mr
आपला मीडिया लाचार आहे व तो अशी उदोउदो करण्यात अग्रेसर असतो,angry,mr
"बातमी पाहिली नाही ,पाहतो.",neutral,mr
देवरुखकर शेठ यांना वाढदिवसाच्या भगव्या हार्दिक शुभेच्छा -,happy,mr
सीट पडणार अस समजलं तर आता हे सुरू झालं,neutral,mr
आप चा रविवारी नागभीड येथे चंदन शेतीवर शेतकरी मेळावा - ./--…,neutral,mr
जणांचे प्राण वाचवणाऱ्या शूरवीर फूड डिलेव्हरी बॉय सिद्दरामेश्वर हुमानाबादेला लाखाचे पारितोषिक ./…,happy,mr
सर्वांना नवीन वर्षाच्या हार्दिक शुभेच्छा....,happy,mr
"पी. व्ही. सिंधू ऑलिम्पिकमध्ये दोन पदकं मिळवणारी पहिली भारतीय ""महिला"" खेळाडू",happy,mr
महा शिवरात्रि,neutral,mr
"हल्ली रिक्षावाले उन्मत, खुनशी होत चालले आहेत.",angry,mr
कर्तव्य बजावत असताना शहीद झालेल्या हुतात्म्यांना कोटी कोटी नमन.,happy,mr
हा व्हिडिओ बघ रे आधी भक्ता....बाकी नंतर बोल,angry,mr
"साहेब , आपल्याला उदंड आणि निरोगी आयुष्य लाभो हीच प्रार्थना ईश्वर चरणी .",happy,mr
त्यांचा एकच नाथ आहे भाजप...,neutral,mr
दोन्ही राज्यांत भाजपच्या मुख्यमंत्री आहेत म्हणजे हे सगळे सोंग ठरवुन केलेली आहे असे समजावे,angry,mr
"होळी पौर्णिमा आणि रंगपंचमी सणाच्या हार्दिक शुभेच्छा भाऊ साहेब, वहिनी साहेब, ताई साहेब",neutral,mr
जय गोविंदा,happy,mr
आमदारांच्या अपात्रतेसंदर्भातील निर्णय कधी? !,neutral,mr
वाढदिवसाच्या मनापासून प्रेमळ शुभेच्छा मॅम,happy,mr
आता हा स्वत:ला श्रीकृष्ण समजायला लागलाय.,angry,mr
"' ना भीती वाटायला लागलीय का,म्हणून अस्वस्थ झाले आहेत.",fear,mr
आपल्या सर्वांची कौतुकाची थाप व प्रोत्साहन हीच माझी प्रेरणा,happy,mr
बाळ कसे शांत होते? संशोधकांच्या अभ्यासातून मिळाले 'हे' उत्तर,happy,mr
अरे हा तर शाखेतून आलेला अनौरस दिसतोयबुलबुल चा जबरी फॅन दिसतोय,angry,mr
"नेता बापाच्या जीवावर मतं मागतो, प्रवक्ता आईला पुढे करून सहानुभूती मिळवतो ओळखा पाहू कोण?",angry,mr
वाढदिवसाच्या मंगलमय शुभेच्छा पल्लुताई डिपी तर कडकच जय भिम... लिहत रहा आणि खुश रहा,happy,mr
दोन्हीही भाजले काय??? दसऱ्या नंतर निघणार होते....,neutral,mr
महाराष्ट्राच्या विकासाचे काम करत असल्यामुळे हा पाठिंबा मिळणं स्वाभाविक आहे....,happy,mr
पर्यावरण समतोलासाठी जयवंत ग्रुपचा पुढाकार ! ./-…,happy,mr
प्रत्येक पंचवार्षिक ला हे असेच लिहित रहा तुम्हाला आत्मसमाधान मिळेल,neutral,mr
राजे सर्व देवी देवतांचा आशीर्वाद आहे आपणांस...खूप खूप यशस्वी भव,happy,mr
जायचं आहे मला एकदा कधी योग येतो दत्त महाराजांनाच माहित,neutral,mr
का मराठी चालत नाही तुम्हाला.??? काय हे,angry,mr
बाई डोक ठिकाण्यावर आहे का?,angry,mr
"मुलगा विश्वासघातकी, ऐतखाऊ, खुनशी, घमंडी व आळशी कर्तृत्वशून्य आहे. फुकटचंबू बाबूराव!",angry,mr
हेच मुंबई विषयी बोलताना का नाही सुचत तुम्हाला,angry,mr
अबे काळे तुला तरी घंटा समजले का बे तुहे साहेब मोठं आभाळ हेपलत होतास...,angry,mr
खाजगीकरणाला आमचा विरोध नाही पण...!,neutral,mr
"उद्या उपराष्ट्रपतीपदासाठी मतदान,जगदीप धनखड आणि मार्गारेट अल्वा रिंगणात",neutral,mr
तुमच्यासारखे गद्दार आहेत का अब्दुल सत्तार साहेब,angry,mr
"हा बघा ‘हा’! याचा सगळा स्टंट पोलिसांनी बाहेर काढला, जशास तसं उत्तर!",angry,mr
"स्वतःच्या देशाचा झेंडा लावायला घर नाही तर देशाबद्दल प्रेम, अभिमान आणि स्वाभिमान पाहिजे...!",happy,mr
तुम्हाला ठाकरे गटाने शिंदे गटाची सुपारी दिली आहे काय???,angry,mr
महाशिवरात्री निमित्त सर्व शिवभक्तांना हार्दिक शुभेच्छा..,happy,mr
कोजागिरी पौर्णिमेच्या हार्दिक शुभेच्छा..!,happy,mr
वाढदिवसाच्या गोड गोड शुभेच्छा परी,happy,mr
आपणास आपल्या परिवारास ही दिवाळी च्या मनपुर्वक हार्दिक शुभेच्छा,happy,mr
तुमच्या घरी काही मोहक लहान पाळीव प्राणी आहेत!,happy,mr
"बेरोजगारी,महागाई,भ्रष्टाचार यावर पण एखादा महोत्सव साजरा करा...",angry,mr
राजस्थान चे मुख्यमंत्री सी.पी.जोशी होणार आहेत लिहून ठेवा..,neutral,mr
चंद्रघंटा मातेची ही व्रत कथा अवश्य वाचा.. कारण आज हे नवरात्रीची तिसरी माळ...,neutral,mr
शिल्लक सेनेने बाळासाहेब या नावाची चेष्टा च केली,angry,mr
तुझी लायकी किती आहे नेमकी? आहे असं वाटतंय का तुला?,angry,mr
जय महाराष्ट्र साहेब शिवसैनिक सदैव आपल्या सोबत आहोत साहेब,happy,mr
महाशिवरात्रीच्या हार्दिक शुभेच्छा...,happy,mr
तिघांनी एकत्र संसार करायला काय हरकत आहे? हिंदू धर्मात द्रौपदी चे नवरे होते,angry,mr
गेल्या एका महिन्यात सक्रिय झालेले लोक नाना वागळे अजून आहे का कोणी?,neutral,mr
"रात्री झोपताना ""मी उद्या मारणार आहे"" असे मेसेज पोरींना टाकून ठेवा..",angry,mr
"गद्दारांनो ढाल-तलवार चिन्ह मिळवून उपयोग काय, आयुष्यभर च्या पदराखालीच लपायचं आहे तुम्हाला..",angry,mr
तीच ढाल आणि तलवार भारी पडणार आहे पुरून उरणार आहे येवढं असूद्या लक्षात,happy,mr
भारत तोडो यात्रा महाराष्ट्रात दिवस आहे,neutral,mr
आयुष्यात संघर्षाचा वनवास भोगल्यावर सुखाचा राजयोग हा येतोच..,happy,mr
संपुर्ण व्हिडीओ माझ्या या वर धर्माचा पाया असा रचुया!,happy,mr
हे घडणारच होतं,neutral,mr
भावी अर्थमंत्री देशाचे उद्धवजींच्या मंत्रिमंडळात नक्की होणार,neutral,mr
गद्दारी मध्ये जनतेशी केली जेव्हा जनतेने बहुमत दिले पण मुख्यमंत्री पदासाठी विरोधकांसोबत गेले,angry,mr
"ताई तुम्ही खुप मेहनत घेत आहात, तुमचे प्रयत्न नक्की यशस्वी होतील",happy,mr
तारीख टाका कधीपर्यंत होणार ते,neutral,mr
टीप: ज्योतिष महंत हे प्रसिद्ध संविधानिक कायदे तज्ञ बापट यांचे लहानपणी हरवलेले भाऊ आहेत!,happy,mr
कर्तव्य बजावत असताना शहीद झालेल्या हुतात्म्यांना भावपूर्ण श्रद्धांजली,happy,mr
"प्रबोधनकार ठाकरेंचा नातू म्हणून बघत असतील आता, पाहिले बाळासाहेबांचा पुत्र होता...",happy,mr
होय पण आमचं मशीन आता व्यवस्थित झालं आहे.,neutral,mr
"प्रत्येक हिंदू,देशभक्त भारतीयाने हे वाचाच!",neutral,mr
वर्षा वर च्या बैठकीत तूला ठोकला म्हणतात...खरे आहे का ते .?,angry,mr
निवडनुक जिंकायचि असेल तर बाळासाहेब ठाकरे हे नाव लावा लागेल,neutral,mr
मी हुशार नाही रे....तू चुत्या आहेस,angry,mr
मनसेने दिली गुलाबाची फुले आणि महापौर पंचम कलानी मराठीत बोलल्या ./-…,neutral,mr
"सावर्डी वन क्षेत्रात साकारणार ऑक्सिजन पार्क, पालकमंत्र्यांनी केली जागेची पाहणी ./?=",neutral,mr
खाल्लेल्या ताटात हगणारी ही लोक,angry,mr
काही कर ला तुझी चड्डी पिवळी होणार,angry,mr
दीपावलीच्या सणानिमित्त सर्व शेतकरी बांधवांना दीपावली परवाच्या हार्दिक हार्दिक शुभेच्छा,happy,mr
"अगदी शेवटपर्यंत बिनव्याजी प्रेम वाटणारी बँक म्हणजे ""आई""...!",happy,mr
फडणवीस म्हणजे नोकर भरतीला लागलेली कीड आहे...,angry,mr
मनसे शिवसेनेत विलीन करुन शिवसेना वाढवावी.,neutral,mr
वेदांत प्रकल्प गुजरातला गेला तेव्हा हे घरात बसले होते,angry,mr
"साक्षरतेचा एकच मंत्र, शिक्षण देणे हेच तंत्र दिनाच्या सर्वांना हार्दिक शुभेच्छा !",happy,mr
तुमच्या सारखा स्वाभिमान गहाण नाही ठेवला त्यांनी,happy,mr
आनंदी रहाण्याचा सरळ साधा एकच ऊपाय आहे.... अपेक्षा स्वतः कडुनच ठेवा समोरच्यांकडुन नको.,happy,mr
हा टक्कर देऊ शकतो... टोमणे बाईंना... एकदम जबरी लॉजिक आहे ...,happy,mr
पोलीस स्थापना दिनानिमित्त विविध कार्यक्रमाचे आयोजन - ./-…,neutral,mr
म्हणजे भाजपवर टीका पण नाही का करायची? अशी भूमिका राष्ट्रवादीला चांगली शोभते.,neutral,mr
हातात चॉको फ्लेवर घेऊन उद्धव सेना आता महाराष्ट्र भर फिरणार,neutral,mr
अभ्यासू आणि कणखर व्यक्तिमत्त्वसर्व गटातील जनतेला समान न्याय देणारा नेता,happy,mr
राहुल गांधी यांची ही पदयात्रा इतिहास घडवल्यशिवाय राहणार नाही..,happy,mr
दाखवून घ्या सर एव्हडा चांगला फोटो आवडला नाही,angry,mr
बेक्कार होतं हे,angry,mr
आई तुळजाभवानी उदंड आयुष्य लाभो हीच आई जगदंबे चरणी प्रार्थना,happy,mr
याला जबाबदार कृषी उत्पन्न बाजार समिती आहे.त्याचा फटका शेतक-याला बसतोय.,sad,mr
आला शिव्या खायला,angry,mr
निवडणुका बिनविरोध करणे लोकशाहीला मान्य आहे का?,neutral,mr
इतर लोक प्रतिनिधीनी पण आदर्श घ्यावा. खूप छान उपक्रम.,happy,mr
मकरसंक्रांतीच्या हार्दिक शुभेच्छा !,happy,mr
या दिवाळीत हे अॅप डाउनलोड करा आणि त्यातून अनेक आकर्षक बक्षिसे मिळवा.,happy,mr
हीच तर खरी आहे बाळासाहेबांची शिवसेना,happy,mr
"भाजपाला टार्गेट करत, नेटकऱ्यांनी बाळासाहेबांच्या नावावरून शिंदे गटाला केले ट्रोल –",neutral,mr
कमी बोलणारे लोकं आपल्या आवडत्या व्यक्ती सोबत तच जास्त बोलतात..!!,happy,mr
"विविध विचारे असते, पण एकत्र होणे आवश्यक आहे. हमेशा बिनविरोध होणे आणि समजणे समृद्धिकरणाचे मार्ग आहे",neutral,mr
नवीन वर्षाच्या सुरुवातीला विद्युत सहायक लिस्ट लाऊन शेतकरी मुलांना न्याय द्यावा अशी आशा बाळगतो,neutral,mr
सध्या सुरु असलेल्या पावसामुळे नुकसान झाले की आहे हिशोबात???,neutral,mr
भावा तुझ्याबद्दल लैच वाईट वाटतंय बिचाऱ्या काकांसाठी किती प्रचार केला होता,sad,mr
दाढीवाल्या मंदना वाटतंय दिल्लीचे दोन काका काहीही मागितल की देणार... अस नाही होत!,angry,mr
हा आडनाव वाघ लिहीत असला तरी हा कुत्रा आहे.,angry,mr
आणि नाव आनंद असेल तर मग सगळाच आनंदी आनंद .,happy,mr
यश प्राप्त करण्याचा अत्यंत सोपा मार्ग म्हणजे परिश्रम,neutral,mr
नवऱ्याने बायकोच्या पदराआड लाच खायचे काम केले,angry,mr
"कुळकर्णी, कधी पुणेरी पगडी पाहिली नाही का? मुंडासे? कोल्हापुरी फेटा?",neutral,mr
जाऊद्या साहेब. असा विचार करणाऱ्यांना आजकाल धर्म द्रोही वगैरे वगैरे संबोधले जाते.,angry,mr
दादाची मी मारायच्या अगोदर तुम्ही मारली अन्याय आहे हा,angry,mr
"क्या बात क्या बात, खूपच गुणी आहे हो",happy,mr
प्रत्येक नवीन सुर्योदय हा आपले आयुष्य बदलविण्यासाठी नवीन संधी घेऊन येत असतो..,neutral,mr
अंधेरी तुन भाजपचा उमेदवार मागे घेत आहे जाहीर करणे एवढंच काम कुळे कडे,neutral,mr
| “स्वराज्य ध्वज” यात्रेचे कोथळी येथे स्वागत व ध्वज पूजन ./-…,neutral,mr
जर तुम्ही बालासाहेबांचं निष्ठावंत आहे तुम्हाला सत्याचं मोह नाही मग तुम्ही राजीनामा द्यावा,angry,mr
सगळ्या किडीना तृप्त करून पोसतोय कोण,angry,mr
याला आमच्याकडे पानइचू (पान विंचू ) म्हणत्यात लई आग होती. पण माणूस मरत नाही.,neutral,mr
मिडीया मध्ये चँनल मालकांचा दबाव असतो का?,neutral,mr
तुम्ही सुद्धा मोदींची चाटेगिरी करताना मग हे सुद्धा बरोबर आहेच,angry,mr
भेंडी... त्यांचाच परिणाम होता म्हणजे,happy,mr
समजले त्यांना निषेध केला आहे करिष्मा काकूंनी म्हणून,neutral,mr
अडीच वर्ष फक्त वसुलीत मग्न होते,angry,mr
स्वेतलाना यांनी अमेरिकेत पलायन केल्यानंतर इंदिरा गांधींनी खास दूत त्यांच्या भेटीसाठी का पाठवला होता?,neutral,mr
"वैभव,तुझ्यासारखा तरुण,तडफदार,आणि एकनिष्ठ लोकप्रतिनिधी आम्हाला सावंतवाडी मतदारसंघालाहि लाभो,ही दूर्गेचरणी प्रार्थना.",happy,mr
आपण जहागीरदार आहेत का हिंदुत्वाचे ?,angry,mr
चुकून का होईना योग्य पोस्ट टाकली सर्वांचीच चौकशी झाली पाहीजे.,angry,mr
सुज्ञ लोक त्याचा तिरस्कार करतात चाटु लोक अशिक्षित त्याला पाठिंबा देतात,angry,mr
नवीन वर्ष आपण सर्वांना आनंदाचे भरभराटीचे जावो हीच ईश्वरचरणी प्रार्थना...,happy,mr
कॉमेंटस् वाचूनही निर्लज्जपणा जात नाही. कोडगेपणाची कमाल !!,angry,mr
तुला लवड्या त्या नेपाळ्याचा पुळका कशाला... हे म्हणजे लगीन लोकांचं नाचतय येड्या भोकाच...,angry,mr
वाढदिवसाच्या मनापासून प्रेमळ शुभेच्छा सर सर,happy,mr
धडाडीच्या पत्रकार लोकशाही जिवंत आहे हे सातत्याने ठासून सांगणारे यांना वादिवसाच्या हार्दिक शुभेच्छा,happy,mr
तुमचे जनक कोण आहे हे शोधायला हवं,neutral,mr
"तुला आता नाही जमणार, कायमचा घरात बसवला शिंदे नी",angry,mr
"उद्या हेच कोंग्रेस्स, भाजपा, राष्ट्रवादीत शामिल होतील त्यामुळे काही फरक पडत नाही.",angry,mr
भाई एमसीए ची तिजोरी पण आता लुटली जाणार .,angry,mr
अभिमान वाटतो मला मी तुम्हाला फालो करतो त्याचा,happy,mr
"खरंच साहेब तुमच्या सारखी ,,,अस समजणारी खूप कमी लोक आहेत हो,,,",happy,mr
"आख्खा महाराष्ट्र वाट पाहतोय, हा चिमुकला आता अजय-अतुलच्या संगीतावर कोणतं गाणं गाणार",happy,mr
हा तुमचा हक्क रावत्या च्या वेळी कुठे गेला होता?,angry,mr
असा असेल तुमचा आजचा दिवस: राशिभविष्य ऑक्टोबर,neutral,mr
वर्षे काय पेंग्विनचे पिस उपटत होते का शेणके,angry,mr
आपण म्हणजे बाळासाहेब नव्हे. आपण म्हणजे शिवसेना नव्हे. आपण म्हणजे फक्त उद्धट ठाकरे.,angry,mr
जागतिक वारसा दिनचला मिळून जतन करूया ऐतिहासिक महाराष्ट्राचे!!,happy,mr
अभिनंदन पी. व्ही.सिंधू जी,happy,mr
ते शिंदे म्हणाले की गदारीच का?,angry,mr
मंदिर समितीचा चांगला उपक्रम ...,happy,mr
मौलवी कुरेशी का लोकांना चुत्या बनवता आता सगळीकडे सरकार तुमचे आहे,angry,mr
तुमचे आडनांव वाघमारे आहे बोललं का,neutral,mr
बाबूराव तुम्ही शिवसैनिक का नावाआधी लावलय . महाराष्ट्र सैनिक लावा.,neutral,mr
किती ती उत्सुकता ओरडा ऐकण्याची,happy,mr
पांडुरंग पांडुरंग ./__/…,happy,mr
"लॉंचिंगच्या काही महिन्यानंतरच हजारांनी स्वस्त झाला , फोनचा डिस्प्ले आहे जबरदस्त",happy,mr
कुठुंन येतात ही लोकं,angry,mr
इतभराच हातभर होण्याच्या अगोदर ईलाज केलेला बरं नव्ह का,neutral,mr
प्रश्न कोणत्या पक्षासाठी आहे,neutral,mr
ऐक माहीती देयची आहे,neutral,mr
हो दुसऱ्या पोथीत पण याचा उल्लेख आहे,neutral,mr
या प्रवाशाला फक्त मिनिटांच्या राईडसाठी सुमारे लाख रुपये मोजावे लागले आहेत.,happy,mr
.. गांधी खिशात आला कि सगळं गार गार आणि वाटतं,angry,mr
तसा पण तुला आणि सगळ्यांना म्हणून ओळखतात,neutral,mr
काय चीज आहे हे संपूर्ण जगाला माहित आहे.,neutral,mr
युवक मोहोत्सव हा आदर्श विचार देणारा असावा.. देशाचे प्रतिक असलेल्या देवी देवतांची विटंबना करणारा नसावा.,neutral,mr
": तरुणही पडत आहेत हार्ट अटॅकचे बळी, अशी घ्या हृदयाची काळजी",sad,mr
धन्यवाद.आम्ही दोघांनी मध्यंतरी दुर्गा सप्तशती शिबिर केलं.गीता शिकायला नक्कीच आवडेल,happy,mr
डॉ.बाबा साहब अंबेडकर का योगदान अतुलनीय: पांसे ./?=,happy,mr
एक नंबर.... आता काय येत नाहीत परत...,angry,mr
आपणास खवय्यारत्न पुरस्कार देताना आम्हांस अतीव आनंद होत आहे.,happy,mr
शिंदे – फडणवीस सरकारचा निर्णय शेतकऱ्यांना दिलासा देणारा.,happy,mr
सणाची सुरुवात याणेच होती,neutral,mr
ही सगळी गर्दी आहे,neutral,mr
देशमुखांनी सेनेत प्रवेश केला आहे का???,neutral,mr
बरं बरं उत्तर नाही म्हणून माघार घेतलीस हे चांगलं लक्षण आहे,neutral,mr
एक्झॅक्टली मला पण कळतं नाही आहे,neutral,mr
": टीम इंडियाला मिळणार नवा उपकर्णधार, रोहितच्या जागी हा खेळाडू करणार नेतृत्व",neutral,mr
या सगळ्यांना पाकिस्तान ला पाठवा... पुण्यात हा प्रकार घडणे हे खूप वाईट आहे,angry,mr
कोल्हापुरातून वाहून आलेल्या आणि कोथरूडकरांनी हात दिल्याबद्दल कोथरुडकरांचे हार्दिक अभिनंदन...,happy,mr
"पोरांना पण चांगले वाटले.. दिवस वेगवेगळ्या रंगाचे कपडे घातले, आनंद वाटला.",happy,mr
लय हसलो महाराष्ट्र दौरा पुढच्या जन्मात होणार आहे काय? देव जाणे,angry,mr
पाऊस सुरू असताना अचानक बुलेट चा‌ आवाज आला कि ढग गडगडल्या सारखंच वाटते..,happy,mr
कोणी वाघ आहे का आपल्या इकडे काय नाय किल्ला केलाय गुहेत बसवायचाय आहे फक्त....,angry,mr
अरे हरामखोर पंत कुठं फेडशील ही पाप.,angry,mr
बिग बींच्या ‘त्या’ एका गोष्टीमुळे किंग खान शाहरूखच्या मनात भीती,fear,mr
हे आहेत परप्रांतीय,neutral,mr
का कोटी मधे काही आहे का?,neutral,mr
रिपीटर्ससाठी मोफत प्रशिक्षणाचे उद्घाटन आ. आशिष शेलार यांच्या हस्ते ./// …,neutral,mr
विष म्हण्या यच का??,neutral,mr
पोन्नियिन सेल्वन चित्रपट हा चोल राजाच्या सामर्थ्याची गौरवगाथा…अभिनेता विक्रम,happy,mr
"काँग्रेसी लोक त्यांनाच तर दिवस रात्र आठवतात, त्यांना नामोहरम करण्यासाठी पावसात भिजतात.",neutral,mr
"होय मान्य ,स्पर्धेचा युगात माणूस देशात आणि समाजात काय चालू आहे हे विसरत आहे",sad,mr
ही परिवर्तनाची खरी वाटचाल आहे अभिनंदन ./ …,happy,mr
मागील पेट्रोलच्या दराचे विधान आणि आताचे हे पावसाचे विधान! म्हणजे सेम एनर्जी!,angry,mr
न्यायमूर्ती च असे म्हणत असतील तर निवडणूक आयोग च काय,angry,mr
झी मराठीच्या सर्व प्रेक्षकांना कोजागिरी पौर्णिमेच्या मनःपूर्वक शुभेच्छा...!!,happy,mr
म्हणून पळून गेलात फाटली म्हणून...,angry,mr
तुमच्यावरच विश्वास नाही बोलता एक करता एक.,angry,mr
हे शेवट पर्यंत च राहतील,neutral,mr
त्याची लायकी एकच बारामती भानामती,angry,mr
नविन वर्षाच्या सर्वांना खूप-खूप हार्दीक शुभेच्छा,happy,mr
: सासऱ्याने पोलिसात दिलेल्या तक्रारीवरून गुन्हा दाखल करण्यात आला आहे.,neutral,mr
"‘सोरायसिस जागरूकता महिना’ साजरा केला जात आहे, त्याचा इतिहास आणि महत्त्व जाणून घ्या",neutral,mr
हे सांगणारा तु कोण रे ....,angry,mr
"धन्वंतरी दिवस आणि आयुर्वेदाचे महत्त्व, जाणून घ्या का साजरी केली जाते धनत्रयोदशी",neutral,mr
"मला तरी असं वाटतं की त्यांचा उद्देश केवळ हिंदू जनजागृती होता,",neutral,mr
तुम्ही हा प्रोमो पाहिला आहे का तो खरोखरच अप्रतिम आहे. ते आता पहा.,happy,mr
हो एक सामान्य नागरिक म्हणून मत नोंदवतोय..,neutral,mr
: त्रिकुट येथील गोदावरी संगमाच्या स्वच्छतेसाठी ग्रामस्थांचा स्वयंस्फूर्त पुढाकार - - .//,happy,mr
एव्हढा पैसा कोठून आणला याची पण ईडी मार्फत चौकशी हौणार का? .....,angry,mr
आभासी पुष्पगुच्छ देऊन अभिनंदन.. टोटल पण सांगा कधीतरी सर्व अकाऊंट्सची..,neutral,mr
"एक पत्र त्या पुतीनसाठी पण लिहायला सांगीतल पाहीजे, कदाचित रशिया युक्रेन युद्ध तरी थांबेल..",neutral,mr
काका आपणास वाढदिवसाच्या कोटी कोटी मंगलमय शुभेच्छा.,happy,mr
हा वाघ आहे की शेळी?,happy,mr
नशीब हा खाली नाय उतरला नायतर याचा किरीट सोमय्या केला असता शिवसैनिकांनी,angry,mr
नविन वर्षाच्या हार्दिक शुभेच्छा .....मालक,happy,mr
ऑलिंपिक मध्ये भारताचं दुसरं मेडल पक्क...! भारतीय कन्या मनःपूर्वक अभिनंदन...भारतीयांना तुझा अभिमान आहे...!,happy,mr
खालील पैकी कोणती कृती चलनविषयक धोरणाचा ( ) भाग नाही.,neutral,mr
". त्यांच्या केसालाही धक्का लागणार नाही , कवच कुंडले परिधान केली आहेत..",happy,mr
नवीन संधी शोधण्यासाठी थोडा वेळ घेत आहे.,neutral,mr
श्री दत्तजयंती निमित्तगुरुदेव दत्त चरणी सेवास्वप्नात आले माझ्या गुरुदेव दत्तगायन पोफळे./,happy,mr
तुम्ही दोघे हे असल काही करता म्हणून पोर कुठ घेऊन जात नाही,angry,mr
"प्रियंका चतुर्वेदी , इम्रान प्रतापगढी हे कोण आहेत?",neutral,mr
अशे हॅशटॅग घेऊन काही होत नसत रे,neutral,mr
हे जबरदस्त बोललात राव...,happy,mr
भारताचे चौदावे उपराष्ट्रपती म्हणून जगदीपजी धनखड यांनी शपथ घेतली.,neutral,mr
बेअक्कल पत्रकार आहे ही,angry,mr
श्रमाला किंमत नाही. आणि अशा व्यक्तीने खिल्ली उडवावी जी स्वतः परिचारिका होती,angry,mr
ताई तुमची जीत तर पक्की आहे. जय महाराष्ट्र,happy,mr
गाडीला बैल जुपणे हे अनैसर्गिक आणि क्रूर आहे त्यामुळे कळप करून पायी हिंडणेच योग्य.,angry,mr
सर माझ्या शेवटच्या शुभेच्छा,neutral,mr
उद्धटाची माहित नाही पण ह्याची नक्कीच वाढलीय,neutral,mr
त्या तीन टक्क्यात तांदूळ चोर नसेलच. मग मंत्री कोणाच्या वशिल्याने झाला?,angry,mr
नविन वर्षा निमित्त आपणास व आपल्या परिवारास हार्दिक शुभेच्छा!!!,happy,mr
नरहरी झिरवाळ यांनी अजय चौधरी याना गटनेता म्हणून मान्यता अगोदरच दिलेली आहे,neutral,mr
"आता पक्षनेते आभार कोणाचे मानतील, राजसाहेब, पवारसाहेब का फडणवीस साहेबांचे,",neutral,mr
तुमचा माणूस काय तुरुंगाच्या संडासात माईक घेऊन बसला आहे का?? प्रतिक्रिया आलीच कशी??,angry,mr
तूझ्या बुडाला आग का लागली आहे पण अरे हो पाकिट आले असेल तिकडून,angry,mr
अत्यंत उत्तम मार्मिक मानवीय निर्णय.. साक्षात शिव राज,happy,mr
माझ्या सर्व कोकणी पोरांना आणि कोकण कन्यांना मैत्री दिनाच्या हार्दिक शुभेच्छा!!!,happy,mr
मग हेच शिवसेनेला विचारा त्यांनी लटकेंच्या पत्नीलाच का उमेदवारी दिली.?,neutral,mr
आत्ताच निवडणूक आहे हे दळभद्री आहे,angry,mr
वाढदिवसाच्या हार्दिक शुभेच्छा दादा,happy,mr
पानिपतच्या राणांगणातून सदाशिवराव पेशवा पळून गेला होता हे खरं आहे का??,happy,mr
पाठवत तरी जा बघून बघून खूप दुःख होत.,sad,mr
गडगडले म्हणजे नेमकं काय??,neutral,mr
"पराक्रमाच्या अखंड परंपरेला मानाचा मुजरा, जय जगदंब",happy,mr
हा गद्दार अजुन आपल्या सारखे गद्दार शोधतच फिरतो आहे वाटत ....,angry,mr
तोंड आहे का महशीची गाड,angry,mr
नाही वाढला हिंसाचार. आधी खूपच जास्त आणि पराकोटीचा होता.,neutral,mr
यांची दुसरी ओळख म्हणजे बाळासाहेब ठाकरे यांच्या बहिणीची ही सुनबाई आहे,neutral,mr
भाऊ + कडे वाटचाल खुप खुप अभिनंदन थोडे फार आशिर्वाद आमच्यावर सुध्धा असुद्या,happy,mr
जी आपणास वाढदिवसाच्या हार्दिक शुभेच्छा!,happy,mr
महायुती सरकार असताना नाना ह्यांना एकही प्रतिक्रिया दिली नाही.आता सक्रिय.,neutral,mr
सर्व राजकीय पक्षांनी आणि नेत्यांनी भारतीय जनतेला मु्र्ख आणि संविधानाची पायमल्ली होत आहे,angry,mr
त्यांच्या डिग्री आणि शिक्षण अगोदरच माहीत होते .,neutral,mr
ह्यांना एकदा आपलं रामायण एकवावे लागेल सर.... चुकीचे रामायण वाचत आहेत हे!,angry,mr
न्याय आता तरी सारखा पाहिजे... अन सुदाम्यास ही द्वारका पाहिजे..!,sad,mr
आपली भेट मिळाली आणि अक्षरशः दिवस सार्थकी लागला पुनश्च एकदा मनःपूर्वक धन्यवाद,happy,mr
मला ही नाही समजली.,neutral,mr
फक्त या एका साठी तुम्हाला करतोय...ही गोष्ट आमच्या पर्यंत पोहचवल्याबद्दल मनापासून धन्यवाद.,happy,mr
अपेक्षा आणि तुमच्या साहेबांकडून मस्करी करता का राव...,neutral,mr
"लटकेंच्या राजीनाम्याचं राजकारण, शिवसेना चिन्हं गोठवणं हा खटाटोप केलाच कशाला?",angry,mr
सर्व मच्छिमार कोळी बांधवाना रक्षाबंधन आणि नारळीपौणिमेच्या हार्दिक शुभेच्छा,happy,mr
असे नमुने भारतात कसे काय जन्माला आले रे...,angry,mr
सगळ्या जगाला कळाले पन एकेकाळातल्या मित्रा कळले नाही खरच अहंकार माणसाला आंधळा बनोतो,sad,mr
"अभिनंदन सर, आमच्या तुमच्या कडून खूप अपेक्षा आहेत आशा आहे तुम्ही त्या पूर्ण कराल",happy,mr
देतील ते पण वागळ्याला कोणत्या चॅनलवर घेत आहात तुम्ही?,neutral,mr
होळी रे होळी पुरणाची पोळी...!,happy,mr
महाशिवरात्रीला उपवास नेमका कसा करावा? जाणून घ्या... ./-…,neutral,mr
तुम्ही पण तुमच्या गर्लफ्रेंड/बॉयफ्रेंड सोबत प्रेमाच्या गावात हरवून रोमँटिक सफर अनुभवा.,happy,mr
लक्ष्मणा तिचीच ही पाऊले ! बाबूजींच्या स्वरामध्ये ऐका हे विरह गीत।जय श्रीराम।,happy,mr
प्रामाणिक असून सुद्धा पक्षनेते वडापाव देत नाही हे सांगते,sad,mr
उपाय योजना करा बघा किती आणि कस काम करत आहेत ते..म्हणून मनसे पाहिजे,neutral,mr
त्याला नाही समजणार हे सर्व..,neutral,mr
उद्धव सेना आहे काँग्रेस सोबत अन् बाळासाहेब सेना विरोधात आहे,neutral,mr
पटकथेला मान्यता देणाऱ्या पडताळणी समितीतल्या सर्वच सदस्यांची चौकशी ही विद्यापीठ प्रशासनाने,neutral,mr
पराभव समोर दिसत होता म्हणून ही पळवाट काढली.,sad,mr
मित्रांनो नव्या जोमात जुन्या पद्धतीने नाव बदलायच चालू कराव का नाही,neutral,mr
"पण सौंदर्यात खरच वाढ होते आहे, अभ्यासकांना लक्षात येईल..",neutral,mr
आमची पन्नास साठ एकर विकून सुद्धा तुमच्या त्या फ्लॅट ची बरोबरी होणार नाही,angry,mr
हे असले अफवा पसरवनारे मुख्यमंत्री आहेत आपले बाकी भक्तांची काय अवस्था मग,angry,mr
ही बाई शिवसेना उद्धव बाळासाहेब ठाकरे ह्यांचं हिंदुत्व सांगणार आणि झाकणझुले तिची वाह वाह करणार,angry,mr
दुसर्यांच्या घरात काय चालले आहे हे वाकून बघण्याचा स्वभाव सोड,angry,mr
वाढ दिवसाच्या हार्दिक शुभेच्छा साहेब.,happy,mr
बिहारचे नितिश कुमार आणि महाराष्ट्राचे शरद पवार यांच्यात बरेच साम्य आहे.,neutral,mr
आत्ताच निवडून ये आता आमची तुमची निष्ठा आहे,happy,mr
"ते काहीही असो, फडणवीस साहेबांची उत्तर भारी आहेत",happy,mr
गरिबांचा तळतळाट लागेल.. अहो अशी कितीतरी लोक आहे ते शिवभोजन थाळीचा आनंद घेतात..,neutral,mr
हा शरदचा माणूस आहे,neutral,mr
राष्ट्रीय शैक्षणिक धोरणाअंतर्गत मातृभाषेतील शिक्षणाला प्राधान्य दिलं जात आहे.,neutral,mr
अरे मी भारतीय संस्कृतीचा बोलतोय संस्कृती कमी विकृती जास्त आहे ती.,angry,mr
"गद्दार... ही बदनामी आहे .. जगात गद्दार म्हणून नाव, बदनाम झाले..",angry,mr
अरे हे तर भाजपाचेच आहे,neutral,mr
हे कळण्यासाठी माणसात थोडीतरी प्रगल्भता असावी लागते,happy,mr
"संग्या कोपर्डी बद्दल बोलत नाहीस तू , अजूनही शिक्षा झाली नाही गुन्हेगारांना.",angry,mr
वाल्या बापटासारखे घटनातज्ञ असे म्हणा...,neutral,mr
ही बाई काकांना पण शहाणं समजत नाही??,angry,mr
घटना तज्ञ ' काय बोलतील याच्यावर? घटनापीठालाच घटनाबाह्य ठरवतील का,happy,mr
अमेरिका मध्ये पण भाजपच आली मन्हते,happy,mr
छट पूजा एक सांस्कृतिक परंपरा आहे जी एखाद्याला त्यांच्या पूर्वजांच्या मुळाशी जोडते आणि अर्थपूर्ण आहे.,happy,mr
मकरसंक्रांतीच्या हार्दिक शुभेच्छा..! . . .,happy,mr
आता बोला आहेत त्याला महापालिकेला जबाबदार का धरू नये,angry,mr
"हो नक्कीच!! एक वेळ जनतेच्या कोर्टात परिक्षा होवु द्यायला पाहिजे होती, निकाल आश्चर्यकारक असता.",happy,mr
माय दिवाळी फराळ चाखुन कंटाळा आला सुद्धा,neutral,mr
पण मन शारीरिक गरज पुर्ण करू शकत नाही हे सुद्दा तेवढंच खरं आहे,neutral,mr
अति शहाणा त्याचा बैल रिकामा.,neutral,mr
"एकदम खरे आहे, मी च्या निवडणुकीत विदर्भात कर्तव्यावर असताना हे अनुभवलेले आहे.",neutral,mr
धक्का वगैरे काहीच नाही,neutral,mr
"साहित्यिक, तत्वज्ञ आणि नोबेल पारितोषिक विजेते गुरु रवींद्रनाथ टागोरजी यांना स्मृतिदिनानिमित्त भावपूर्ण आदरांजली.",happy,mr
विद्रोही व्हायला जात भोगावी लागते..! हे काय कोण पणं उठतय बायो मध्ये विद्रोही लिहत सुटतय.,angry,mr
मोठी बातमी! शिंदे सरकारने घेतला आणखी एक महत्त्वाचा निर्णय,happy,mr
"हे जरा जास्तच झालय ,काहीही",angry,mr
अरे बाबा पहाटे शपथ घेऊन तेंव्हा भाजपचे विचार हिंदुत्वाचे नव्हते का??,angry,mr
अर्थात जे हे ठाकरेंचे ट्विट प्रभावित होऊन करणारे भक्त आहेत त्यांची कीव करावी,angry,mr
"भारत जिंकला ना,मग होताच तो नो बॉल",angry,mr
रडयाने हिरवी शाल पांघरली आहे.,neutral,mr
म्हणजे जेव्हा बँका लुटल्या जात होत्या तेव्हा देश बरबाद होत नव्हता?,angry,mr
मग का बघितला आणि पैसे दिले .. .,neutral,mr
. हे खरं आहे का ? फक्त का ?,happy,mr
स्त्रीतल्या असामान्यत्वाचा कौतुक सोहळा ./-…,happy,mr
लायकी किती आणि बोलतो किती.. कशाला फालतू चे ट्विट करून स्वतःची इज्जत घालवतो...,angry,mr
त्याच्यात दम पण नाही कोणी मुंडकं उडवलं हे सांगायची..,angry,mr
कोण उभं करणार आत्ता? ज्याने विश्वास ठेवला त्याचा विश्वासघात केलास,angry,mr
तात्या हे ऐकून म्हैस तुम्हाला 'अंतःकरणापासून' कधीच माफ करणार नाही !!,angry,mr
मौनीचे काळात जे झाले नाही‌ ते होतय याच दुख:,sad,mr
आता बोलू नका बाळासाहेब नाहीत ते....,sad,mr
नव वर्ष सुखाचे आणि समृद्धि चे जावो हीच प्रार्थना,neutral,mr
जवळपास सर्व भ्रष्टाचारी सध्या महाशक्ती कडे आहेत ...,angry,mr
रांगोळीतुन विद्यासागर कन्या प्रशालेच्या मुलींनी दिला गोवर रूबेला लसीकरण संदेश .//…,neutral,mr
कशाला हे,neutral,mr
डोक्यावर पडली की काय ही? मा. बाळासाहेबांना कांग्रेस आणि राष्ट्रवादी कांग्रेस पहिल्यापासुनच नको होती…,angry,mr
होळी पौर्णिमा निमित्ताने हार्दिक शुभेच्छा!,happy,mr
नोकरी जानार आणि निवड्नुक हरणार असे म्हननारे तोंडावर जाम आपटले,happy,mr
"तुम्ही रमाई चे पात्र खूपच छान केलेले आहे, जबरदस्त आत्मविश्वास आणि संवाद फेक",happy,mr
हे बरोबर नाही अध्यक्ष महोदय,neutral,mr
शेंडी जानवे पुरातन काळापासून काही ही खात... अगदी माती सुद्धा.,angry,mr
"तो एक रुपया काही परत मिळत नाही, त्याऐवजी चॉकलेट घ्यावं लागत.",neutral,mr
खर आहे तुमचं,neutral,mr
वाहतुकीचा दंड का लावला जातो त्या हेतूचीच खिल्ली उडवण्यासारखं आहे हे....,angry,mr
संस्कृतीचे हे रंग चा उत्साह द्विगुणित करत आहेत !,happy,mr
उगाच नाही मी पेरुवर जीवापाड प्रेम करत....,happy,mr
चिखलदऱ्याला भेट दिली आहे का? खाली कमेन्ट करून आम्हाला सांगा.,neutral,mr
आग्र्याहून सुटका इथे कैद केले होते छत्रपती शिवाजी महाराजांना | ...,happy,mr
"मुख्यमंत्र्यांनी हे ट्विट शेअर केले आहे, चला जनजागृती करूया.",neutral,mr
नोटेचा खरेखोटेपणा तपासणारे भाषेत काम करणारे,neutral,mr
हा मी पण असाच खायचो मस्त चव येते मग,happy,mr
जनता गरीब होत नाहीए; नं वर जातोय.,happy,mr
तुम्ही जिवंत असणे हे कुजकट मनोवृत्ती चे प्रतीक,angry,mr
जन्मदिवसाच्या हार्दिक शुभेच्छा भाऊ...,happy,mr
आपणास वाढदिवसाच्या सह्याद्री एवढ्या शुभेच्छा!,neutral,mr
त्याची गरज नाही पडणार हे सरकार कोसळणार,neutral,mr
आयुष्य समृद्ध करणारा अनुभव शेअर केल्याबद्दल धन्यवाद सर ./…,happy,mr
भोपडीच्या एकेरी उल्लेख करून इकडे संघाची शिकवण दाखवू नकोस...,angry,mr
पुनःश्च हरिओम.... अयोध्या जी... सस्नेह जय महाराष्ट्र,happy,mr
शरद पवार पेक्षा जास्त भंपक आहे की कमी? गोट्या उत्तर दे.,angry,mr
"म्हनूनच, नावबदलू खात्याने त्यांचे नाव - ""फडफडणारे कासावीस"" असे ठेवन्याचा निर्णय घेतला आहे!!",angry,mr
क्रांतीच्या वल्गना केल्या पण आता भीतीपोटी वांत्या सुरू झाल्या अलिबाबा आणि चाळीस चोरांना..,angry,mr
पी व्ही सिंधु मनपूर्वक अभिनंदन ..//…,happy,mr
"एकूण काय तर, धनुष्य हातातून गेलंय हे सांगायचा केविलवाणा प्रयत्न",sad,mr
"सहा महिन्यांत % ने वाढला हा कमोडिटी स्टॉक, तुमच्या पोर्टफोलिओत आहे का?",neutral,mr
डॅा तुम्हाला पण नविन खुलत असलेल्या प्रेमाच्या मनसे शुभेच्छा,happy,mr
"पण आजच्या सामन्यात भारत जिंकला ,गद्दार नाही",angry,mr
| 'या' मुलाचा अतरंगी डान्स बघून व्हाल थक्क! पाहा व्हिडिओ,happy,mr
"नितेश राणे नाही हा, हा नितेश थापा आहे.",angry,mr
आता मशालीत भरायला गॅस परवडतो का?,neutral,mr
"शंकरशिव भोले, उमापति महादेव तारणहार परमेश्वर, विश्वरूप महादेव!! जय शिव शंभू",happy,mr
नशिब हा माणूस आज कोणाबद्दल चांगल बोलला.,neutral,mr
हा निधी वापरला जावा... आणि कामे व्हावीत... एवढीच सदिच्छा... धन्यवाद,neutral,mr
भाजप पण आता अध्यक्षपदाची निवडणूक मतपत्रिकेवर लोकशाही पद्धतीने घेणार! - सूत्र,neutral,mr
"या विषयावर मी काल सविस्तरपणे एक थ्रेड लिहिला आहे ,तो पहा !",neutral,mr
रात्री भेटणाऱ्या एकनाथला विचार फडणवीस ला का भेटत होता वेषांतर करून तो सांगेल,neutral,mr
आणि तुम्ही पोटली बिर्याणी खात बसला.... हे बरोबर नाही अध्यक्ष महोदय.....,angry,mr
मनपामध्ये दूरध्वनीवर संवादासाठी आता हॅलो ऐवजी ‘वंदे मातरम्’ मनपाचे परिपत्रक जारी @,neutral,mr
"हे नवचैनिक आहेत, बोलू द्या",neutral,mr
माझ्याकडे अतिरिक्त पदभार होता...,neutral,mr
राजाधिराज बाबा महाकाल महाराज की जय,happy,mr
विषय आहे का?? नक्कीच वाढली कारण महाराष्ट्राला गद्दारी आवडत नाही..,angry,mr
आता मशाल घ्या अगरबत्ती उदबती घ्या तुमची लंका जळतच राहणार,angry,mr
भक्तांच्या ला ढाल तलवार लावायचा आदेश अजुन आला नाही वाटतं.,neutral,mr
आणि काही मूर्ख लोक त्याला बळी पडत आहे.,angry,mr
माहीमचा किल्लयावरचे अतिक्रमण हटवले गेले आहे का?,neutral,mr
आपले कार्य लोकांसाठी नक्कीच प्रेरणादायी आहे!,happy,mr
स्वागत करेंगे...नो शक.. षंढ गोडसेच्या भक्तांनी सांगण्याचं कारण नाही...,angry,mr
यांना काश्मिरात नेऊन बसवा. सामन्यांची डोकी पेठवायचच काम जमत यांना,angry,mr
दारू नाहीये ही...,neutral,mr
कधी टिकले आहेत का,neutral,mr
हा दाखवुन लोकांनाकाय मुर्ख बनवतात साहेब शेवटी बोलुन गेलेत नीच प्रवृत्ती आहे म्हणुन,angry,mr
सर्वोच्च न्यायालयातल्या कर्नाटक हिजाब प्रकरणाच्या सुनावणीत दोन्ही न्यायमूर्तींनी वेगवेगळी मतं व्यक्त केली आहेत.,neutral,mr
उदघाटन केलं म्हणून अभिषेक,neutral,mr
बाळासाहेबांची शिवसेना चिन्ह- ढाल तलवार निवडणूक आयोगाचा निर्णय,neutral,mr
बाकीचे नेते काय करतात ? कित्येक लोकांना यात्रे विषयी अजून माहिती नाही,neutral,mr
ती कोकणी नाही मूळची नेपाळीच आहेत म्हणून दिसतात पण बघा नेपाळी असल्या सारखे.....,angry,mr
तालासुरात वाचले मी हे..,neutral,mr
माझं पक्ष ? काई कंपनी आहे का ?,angry,mr
"ध्येयाचा ध्यास लागल्यावर श्रमाचा त्रास होत नाही."" -सहायक पोलीस निरीक्षक श्री. लहू थाटे.",happy,mr
दाढी वाढवून मोदी बनण्याचा यत्न? पण दाढी वाढवून बुद्धी आणि निर्णयक्षमता वाढेल का?,angry,mr
तुम्ही कायम हे असे फोटो एडीट क्रॉप करूनच खुश राहणार,angry,mr
गुरखा आणी इमानदार हे समीकरण मनःपटलावर कायम होतं..! आज तुटलं थापा निलेसचे पप्पा,angry,mr
भीक मागून खायची थोर परंपरा आहे पिढ्यानपिढ्या..,neutral,mr
आपल्या भावनांचा छळ होणार नाही.,neutral,mr
आम्ही ही एक जणाला खुप मारला..मामीचे गाणे पाहत होता ऑनलाईन..,angry,mr
"पुणे पोलिसांचे गुंड प्रवृत्तीला ठेचण्याचे काम, गज्या मारणेनंतर आणखी एका गुंडाच्या मुसक्या आवळल्या",angry,mr
जानेवारीला डॉ.पुरणचंद्र पुंजाल यांचा अमृतमहोत्सवी सन्मान ./,neutral,mr
*दहन करूया वाईट विचारांचे* *दहन करूया वाईट प्रवृत्तीचे..!* होळी पौर्णिमा निमित्त सर्वांना मंगलमय शुभेच्छा..!,happy,mr
आता बाहेर पडायलाच पाहिजे यांची लायकी यांना दाखवावी लागेल..,angry,mr
तुझ्या मालकाला त्याच्या बापाचं स्मारक स्वतःच्या जागेवर स्वखर्चाने बांधायला सांग.. जनतेच्या बोकांडी का खर्च,angry,mr
"होना म्हणून तर बोलतात एकटा जीव सदाशिव, एकटे रहा आनंदी रहा",happy,mr
ब्रिटिश स्थापित काँग्रेस पक्षाचा अध्यक्ष होण्याचा एका मराठी माणसाला भेटल्याबद्दल त्यांचे अभिनंदन,happy,mr
आपले अविरत कार्य आपण चालू ठेवा साहेब.,happy,mr
ही दहशत आहे तात्याची.... भले भले रडले इथे..,fear,mr
राहूल देशपांडे कमलीचे पैसे घेऊन गाणार होता ना?,neutral,mr
साडे तीन चार जिल्ह्यांपेक्षा कमी आहेत.....,neutral,mr
आम्हाला तर फक्त वसंत मोरे दिसलें. बाकीचे पदाधिकारी कुठे होते?,neutral,mr
खुप कमी असतात असे..,neutral,mr
अवघड आहे ही,neutral,mr
"मी ट्रोल नाही करत आहे, मला प्रत्येक वेळेस आमचा पाठिंबा राहिला आहे आणि राहणार",neutral,mr
निर्भीड व निपक्ष पञकारितेसाठी अशा विचारपिठाची गरज होतीचअभिनंदन ! ./ /…,happy,mr
आज पहिला दिवस आणि हे सुरु केल्याचा आनंदीआनंद,happy,mr
सर्वोत्तम।जय श्री राम।। .//…,happy,mr
*अतिवृष्टीमुळे झालेल्या नुकसानीचे पंचनामे करा विजय शिवतारे यांची माघणी* *महाराष्ट्र एक्स्प्रेस ला सबस्काईब करा*,fear,mr
फक्त नावाने आहे ही योजना अजूनपर्येंत कुणालाही याचा लाभ नाही मिळाला आहे,sad,mr
निष्ठावंत शिवसैनिकांची भिती तो गद्दार आहे म्हणून बंद करून ठेवले असतील,angry,mr
याला ब्रह्मास्त्र नाही खालच्या पातळीचे राजकारण बोलतात,angry,mr
ग्राऊंड लेव्हलवर काम करणाऱ्या भाऊंना फॉलोअर्स बद्दल अभिनंदन,happy,mr
हे असतात आमचे मराठी मुसलामन याला म्हणतात देश भक्ती देश प्रेम,happy,mr
भातखळकर साहेब गद्दारांना बोलल्यावर भाजपला का लागावं? गद्दारांशी नातं काय?,angry,mr
थोडक्यात हे एक अत्यंत नीच हॅण्डल आहे.,angry,mr
": फ्लिपकार्ट सेलमध्ये बंपर सूट, ‘हा’ आयोफन अर्ध्या किंमतीत मिळणार, संधीचे करा सोने",happy,mr
ते निवडणूकी आधी क्लीन चिट घेणार त्यांचाच तो प्लॅन आहे,angry,mr
किरीटसमय्याजी भावनाताई च्या शंभर कोटी रुपयांच्या चौकशीचे काय झाले,neutral,mr
सलमान खानच्या शेजारी सोबतच्या वादात अभिनेत्याला कोणताही दिलासा नाही,neutral,mr
ही सकारात्मकता मला आवडते,happy,mr
किती जन्म हा चालावा... लपाछुपी चा चाळा... कालिंदी च्या तटावरी येशील रे वेल्हाळा....,sad,mr
संविधान ने कशात अडकविले आहे!? म्हणुन राजकारण तसे होत आहे!,neutral,mr
विवेचन तोकडे आणि संदिग्ध आहे.,neutral,mr
मी आज घेतलेल्या मीटिंगमध्ये महिला आणि पुरुष होते.,neutral,mr
शिवाचार्य महाराज माजलगावकर यांचे समाजाच्या जडणघडणीत मोलाचे योगदान ./,happy,mr
हा निर्णय युतीतील इतर पक्षांना देखील मान्य होता काय?,neutral,mr
निवडणूक येऊ द्या महाशक्ती कशी लाथ घालेल तुला काम झाल की दिसेलच,angry,mr
रक्षाबंधन आणि नारळी पौर्णिमेच्या मन:पूर्वक शुभेच्छा !,happy,mr
हो हे सर्व जनतेला माहीत आहे. असेच सर्व चालय.....,neutral,mr
आनंदाची बातमी : गुंठेवारीतील लाखो बांधकामांसदर्भात महत्वाचा निर्णय ..//…,happy,mr
जय बाबा केदार स्वागत योग्य,happy,mr
तुम्ही खरोखरच आहात.. हे वेळोवेळी सिध्द करत आहात.,happy,mr
मुरजी पटेल चा फॉर्म भरायला कोंबडी चोराचं कार्ट गेलं तिथंच पनवती लागली होती..,angry,mr
हे वाचुण तर मंदसैनिकांच्या बुडाला अजुन आग लागेल,angry,mr
"करून दाखवले - स्वतःसाठी, इतरांसाठी नाही.",happy,mr
"पंढरपूर, देगलुर, कोल्हापूर उत्तर या विधानसभेच्या पोटनिवडणुकीत संस्कृती, परंपरा कुठे गेली होती.",angry,mr
जय अमावस्या पौर्णिमा,neutral,mr
सर्व शिव भक्तांना महाशिवरात्रीच्या हार्दिक शुभेच्छा !,happy,mr
धूलिवंदनाच्या हार्दिक शुभेच्छा !! !!,happy,mr
"एकदम उचित निर्णय ...... जय काँग्रेस, विजय काँग्रेस",happy,mr
तुमचं असंच काही झालेलं,neutral,mr
/ .. मस्त प्रगती चालू आहे भाऊ,neutral,mr
कंग्राळी बुद्रुक परिसरात उत्साहात श्रीमूर्तीचे विसर्जन .//-…,happy,mr
भाजपची लायकी पण नाहीं बाळासाहेबांचे नाव घेण्याची,angry,mr
सिल्व्हर ओक वर्षे कोण जात होते?,neutral,mr
विकत घेतली असेल वाहिनी गद्दारानी खोके आहेत,angry,mr
कृपया हिंदी किंवा इंग्रजी उपशीर्षके जोडा श्रीमान,neutral,mr
आमच्याकडे आहे हे भावाच्या लग्नात समजल,neutral,mr
काय आज मॅच आहे का श्याम?,neutral,mr
नव-नवीन प्रयोग होत आहेत...,neutral,mr
हडपसर चे सगळे तोडून टाकले तेव्हा थोडंफार ट्राफिक कमी झालंय,happy,mr
हो का साहेब जनतेला कळत नाही,angry,mr
मी तीन दिवसापूर्वी घेतलं अजून आला नाही,neutral,mr
एखादं न्यायालय भाऊ आपल्या पण जिल्ह्यात आणायला पाहिजे होतं,neutral,mr
म्हणजे मनसे भूमिका बदलते हे मान्य आहे का,neutral,mr
शुभ सकाळ वेदया अंगारकी संकष्टीच्या हार्दिक शुभेच्छा गणपती बाप्पा मोरया,happy,mr
संत संताजी महाराज जयंती निम्मित हाता येथे आरोग्य शिबिर व् रक्तदान शिबिर उद्घाटन समारंभ,happy,mr
त्यांच्या कार्यातून राष्ट्रासाठी नि:स्वार्थ भावाने कार्य करण्याची प्रेरणा मिळते...,happy,mr
ते राणे आणि प्रताप सरनाईक निर्दोष आहेत काय सोमयजी अस समजावं काय,angry,mr
...असे आदेश बाळासाहेबांचे असायचे. आणि आता तुमची हिंमत नाही स्पष्टपणे सांगण्याची. शेम.. शेम् !,angry,mr
महाराष्ट्राचा बिहार करून ठेवणार ही लोक,angry,mr
नाव पाण्यात खराब होते का?,neutral,mr
त्याने नाही केल तर जबरदस्तीने शिकायला लावेल सगळं मी,angry,mr
बहिण-भाऊ यांच्यातील निस्सिम प्रेमाचे प्रतीक म्हणून ओळखल्या जाणाऱ्या रक्षाबंधन सणाच्या सर्वांना हार्दिक शुभेच्छा!,happy,mr
"काळजी नसावी दादा , देव सदैव तुमच्या पाठीशी आहे.",sad,mr
जनतेने ओळखले आहे त्यांची जागा जनता दाखवणार,angry,mr
शास्त्रानुसार काही नियम... ./--…,neutral,mr
हे जपलं आणि टिकावल पाहिजे,happy,mr
चैत्र पौर्णिमेच्या सर्वांना शुभेच्छा.,happy,mr
जाधव उशिरा पण मना पासून प्रकट दिनाच्या हार्दिक शुभेच्छा,happy,mr
संजय राऊत हे नारदमुनी आहेत - शहाजी पाटील,angry,mr
आपण पत्रकार आहात कि राजकीय नेता तेच कळत नाही,angry,mr
फोडा फोडी शिवाय दुसरं काय येत का?,angry,mr
दिशा साल्यान केस पण द्यायला पाहिजे,neutral,mr
"स्नेहाच्या दिव्यात ठेवते वात तेजाची, म्हणजे पूजा धेनु वासराची वसुबारसाच्या हार्दिक शुभेच्छा!!",happy,mr
तू तरी पूर्ण ऐकतोस का,neutral,mr
मूरजी पटेल यांची भजपा पक्षासाठी मजबूत आणि आश्वासक मानसिकता आहे.,neutral,mr
भालाफेक स्पर्धेत भारताला सुवर्णपदक मिळवून दिल्याबद्दल नीरज चोप्रा यांचे हार्दिक हार्दिक अभिनंदन..,happy,mr
ह्यांना बाळासाहेबांचा आणि शिवसैनिकांचा शाप लागनार.,angry,mr
आज आपण खूप योग्य कार्यवाही केली.. मंगल कार्यालय वर,happy,mr
"बरोबर आम्हाला आमचे महाराज देवा पेक्षा सन्मानिय आहेत आणी राहणार, जय शिवराय...",happy,mr
कितीही पोल घ्या. तुम्हाला अपेक्षित निकाल येणार नाही. कायम तोंडावर आपटणार,angry,mr
महाराष्ट्र प्रदेश असंघटित कामगार काँग्रेस तर्फे सर्वांना हार्दिक शुभेच्छा.!,happy,mr
महाविद्यालयीन तरुणांनी स्वच्छता दूत म्हणून काम केले;,neutral,mr
मावशी सध्या पाऊस भरपूर आहे,neutral,mr
अशी थापेबाजी अनेकांनी सोशल मीडियावर यापूर्वीही केलेली आहे.,angry,mr
अर्जुनच्या वडिलांना होणार त्रास.. 'अप्पी आमची कलेक्टर' आज. संध्या. वा.,neutral,mr
"आयुष्यात नेहमी तयार रहा, हवामान आणि माणसे कधी बदलतील सांगता येत नाही...",neutral,mr
हे / म्हणजे संपूर्ण पुणे नव्हे!,neutral,mr
"तुमचा नंबर दिलाय, आधार कार्ड मागत होती.. एक येईल तुमच्या नंबर वर..",neutral,mr
हा माझ्या मते भाजप चा किळसवाणा प्रकार आहे.,angry,mr
"सर्वात जास्त भाजपवाल्याच्याच बहिणीचे लग्न लांड्यसोबत झालेले आहे उदा.शहानवाज,मुक्तार अब्बास आणखी सांगू का",angry,mr
आज बाप्पा साठी उकडी चे मोदक,neutral,mr
खुप खुप सुंदर आहे,happy,mr
कांदे पोहे चा कार्यक्रम आहे का सर उद्या,neutral,mr
| निवडणुक आयोगाचा निर्णय हा अत्यंत चमत्कारीक - मनीषा कायंदे,happy,mr
अरे हा संदीप लाचार च आहे की..,angry,mr
प्रत्येक हिंदुन अर्जुन बनाव असा पण अर्थ निघतो याचा.,happy,mr
नवरात्रीनिमित्त मिळणारे हे अमूल्य ज्ञान ग्रहण करूया. इतरांनाही सांगूया. नवरात्रानिमित्त सर्वांना हार्दिक शुभेच्छा!,happy,mr
दादा.... विशेष म्हणजे हे लोक संविधान लोकशाही याविरुद्ध आचरण करतात,angry,mr
तरी बरं पडवळाची/ दोडक्याची/ शेपूची नव्हती. थिंक,neutral,mr
मकर सक्रांतीच्या शुभेच्छा,neutral,mr
फाशीच्या होणार म्हणुन रात्रभर पुस्तकाच वाचन करणारे भगतसिंग … विनम्र अभिवादन भारत मातेच्या सुपुत्राला,happy,mr
आम्ही हे झाल्यावर पान खाल्ले कलर चे,neutral,mr
तुम्ही गद्दार हे पुन्हा सिद्ध केलं च्या नादी लागून गद्दरी केली तुम्ही,angry,mr
पाहून रिप्लाय न करणाऱ्याची संख्या दिवसेंदिवस वाढतच चालली आहे,neutral,mr
निवडणुक आयोग हे केंद्राच्या अखत्यारीत येत त्यामुळे निकालही त्यांच्याच बाजुने देणार,angry,mr
‘इस्त्रो’चे अभियान यशस्वी: .// / / …,happy,mr
भाजप मध्ये लोकशाही नाही. जे मोदी शाह सांगतील ते असा पक्ष आहे,angry,mr
सुप्रभातजय अंबे गौरी,happy,mr
हिंदी आणि कोल्हापूरात ? पण महाराष्ट्रात हिंदी का ?,happy,mr
पण तुमच्याकडे इमान नाही.,angry,mr
उद्धव बाळासाहेब ठाकरे नावच पुरेसे आहे. जाळ आणि धूर संगतच,happy,mr
परवा अडाणी ठाकरेंच्या भेटीला गेले होते.. ते चालत असेल 'मटा'ला..,angry,mr
त्यामध्ये हे पण छापले तर बरं होईल. बघा जमतं का?,neutral,mr
आजपासून सुरू होत असलेल्या नवरात्रोत्सवाच्या सर्वांना हार्दिक शुभेच्छा!,happy,mr
"तुम्ही असं कोणते गाणे ऐकले आहे, जे तुमच्या चालू आयुष्याशी संबंधित आहे.",neutral,mr
पण असल्या लोकांना सामोरं जाऊन सर्वांसमोर कोलणारा माणूस फडणवीसच,angry,mr
पोटात दुखेल त्याच्या...कमी आठवण काढा,angry,mr
कोजागिरीच्या हार्दिक शुभेच्छा .// .//,happy,mr
हा फोटो टाकला आहे ना....,neutral,mr
सर्व भक्तांना चैत्र पौर्णिमा ज्योतिर्लिंग यात्रेच्या भक्तिमय आणि गुलालमय शुभेच्छा...,happy,mr
दोघे ही न लायक आहे कोणीही भीक घालत नाही निघा ...,angry,mr
वाह वाह वाह म्हणून भाड्याने देता पक्ष नै का,angry,mr
तू अजून इथेच अडकली आहेस का... गोदी मीडिया माहित आहे का नाही.,angry,mr
बर् मित्रा धन्यवाद....! ब्रेकिंग न्युज: तुझ्या सांगन्याने आता शिंदे गटाची प्रसिद्धी थांबणार,neutral,mr
काही शेण किड्यांना असा राहूल गांधी फोटो बघितला की जाळ होतो......,angry,mr
आज वर पाहिलेले सर्वात नीच प्रवृत्तीचे राजकारणी आहेत हे राणे.....,angry,mr
त्या विक्रम ला पण त्या वेताळ ने इतकं छळ ल नसेल,sad,mr
विसरलात वाटते हत्त्या करणारे कोण-कोण होते देशाला मिडिया मार्फत माहीत आहे।,angry,mr
"तरी सरकार काही करत नव्हते?निवडणुकीची वाट पाहत होते?मधेच ""भारत जोडो"" अले?",angry,mr
मी फक्त विचारलं मालदिव ला गेले का? चं मी काहीच बोललो नाही सर,neutral,mr
हे दिल्ली वारी मध्ये पुर्ण शिजलेलं दिसतंय अत्यंत चुकीचा निर्णय घेतला आहे न्यायालयाने,angry,mr
सरकारचे दिवाळे नाही दिवाळी होणार,happy,mr
"किलो वजनात, मेंदू शुन्य आहे… हाच उद्देश आहे, वजन कमी सांगण्याचा…",angry,mr
काय संस्कृती आहे. राणे कुटुंबांतील सदस्यांची,angry,mr
आज महाराष्ट्र कोन्या चिट्टी वाचनाऱ्याच्या हातात आहे....हास्यमय.,angry,mr
तुमचं नेत्रूत्व फडतूस आहे म्हणुन उमेद्वार पक्ष सोडतात,angry,mr
हा म्हणजे तुझ्या अनुभवातून बाकी सगळे शिकतील ना,neutral,mr
"पंढरपूर,कोल्हापूर ,अशा ठिकाणी साहेबांचा मोठेपणा कुठे गहाण होता का??",neutral,mr
शिंदे असतील पण एकनिष्ठ आहेत ते शिवसेनेशी,happy,mr
हा व्हीडीओ प्रूफ....अंधभक्त आपल्याच दुनियेत जगत असतात,angry,mr
महाराष्ट्रातील जनता सुज्ञ आहे..समाजात दुही निर्माण करणाऱ्या वाईट शक्तींचा बुरखा फाडायला,happy,mr
याला शिवसेनेने उगीच नाही ठोकले होते?,angry,mr
अणूयुद्धाची शक्यता जलद गतीने वाढत आहे ! – उद्योगपती इलॉन मस्क,fear,mr
"मी तर ईस्ट वेस्ट ओळखायला पण मदत करत आहे, याची ही नोंद घ्या.",neutral,mr
"प्रत्येक गोष्ट मनासारखी होत नसते... म्हणून सुखापेक्षा समाधान शोधा, आयुष्य खूप आनंदात जाईल...!",happy,mr
गिरणगाव ही आता आठवण राहिली. पराग सावंतचे अभिनंदन.,happy,mr
शिंदे गटाला बोलल्यावर भाजपाला का राग येतो?,angry,mr
स्वतः जागे व्हा आणि इतरांना जागवा! एकच पर्याय.,happy,mr
दानशुर व्यक्तीमहत्व असलेले मा.श्री याना वाढदिवशाच्या हार्दिक शुभेच्छा,happy,mr
लवकरच रस्त्यानं दगडं मारत फिरताना दिसणार हे महाशय...,angry,mr
वाढदिवसाच्या हार्दिक शुभेच्छा मा.मदनभाऊ पाटील युवा मंच सांगली जिल्हा,happy,mr
गुंड गजानन मारणे याच्यासह जणांवर पोलिसांनी गुन्हा दाखल केला,neutral,mr
असा संवाद साधला आणि सकारात्मक प्रतिसाद मिळाला की महाराष्ट्रातील राजकारण वाटते,neutral,mr
पत्राचाळ प्रकरणात जे जे आहेत त्यांना शिक्षा ही झालीच पाहिजे...,angry,mr
लक्ष ठेवायला ठेवलं होत त्यांना,neutral,mr
काय त्या फेक व्हिडीओ काय तो फेक पुरस्कार सगळं आहे,angry,mr
इंदोरला दोनदा जाणं झालं पण सराफ्यात जायचा योग आला नाही..,neutral,mr
तेथून आणताना विचार नाही मग आता नाव ठेवताना तरी का विचारतात,angry,mr
तुम्हाला बंद पडलेलं घड्याळ आहे ते सांभाळा,neutral,mr
गद्दार काँग्रेस मधून आलेले आता ज्ञान देत आहेत,angry,mr
तिळगुळ घ्या आणि गोड गोड बोला. सर्वांना मकरसंक्रांतीच्या हार्दिक शुभेच्छा….!,happy,mr
हे महाराष्ट्राचं भाग्य आहे असा मुख्यमंत्री भेटला आहे साहेबांचे खूप कामगिरी चांगली आहे सर मनापासून,happy,mr
शिवसेनेच्या कार्यकर्त्यांचे प्रयत्न हे या सहकार्याचे उत्तम उदाहरण आहे,happy,mr
हे सर्व अगदी समजण्याच्या पलीकडे आहे.,angry,mr
बाळ अनिकेत चुका सांगितल्या की नाहीस का हे बरोबर आहे,neutral,mr
असे लोक निवडून येतात हीच शोकांतिका आहे...,sad,mr
जे करतात त्यांनी पण करायचं का मग,neutral,mr
दैनन्दिनी आहे त्यांची व सर्वांना आवडते ही,neutral,mr
सोनाली जी आपण जैन धर्माचे आहात का,neutral,mr
पत्रकार हा नेहमी विरोधीपक्षा बरोबर असावा भावड्या,angry,mr
भगर खाताय… सावधान! जणांना विषबाधा.. कुठे आला प्रकार उघडकीस… वाचा,fear,mr
जशी तुमची जळजळ वाढली आहे सत्तांतरानंतर... जळजळीपेक्षा कार्यतत्परता कधीही चांगलीच..,angry,mr
अख्खी लोकशाही ची धुरा एका माणसावर अवलंबून असावी हीच शोकांतिका आहे,sad,mr
धन्यवाद मॅडम मला एकाने सांगितले होते की पिवळा भाग म्हणजेच बलक खायचे नसते,happy,mr
वाढदिवसाच्या हार्दिक शुभेच्छा सुनील पाजी.,happy,mr
ते संतूर आजोबा वगैरे काही नाही का?,neutral,mr
मध्ये सिताराम केसरी अध्यक्ष होते त्यांना का सोडलं,neutral,mr
अक्षय कुमार अभिनित राम सेतू या चित्रपटाचा ट्रेलर प्रदर्शित झाला आहे.,neutral,mr
रक्षाबंधन आणि नारळी पौर्णिमेच्या सर्वांना हार्दिक शुभेच्छा!!,happy,mr
"आपल्या विकसित विचारांनुसार, विकल्प निवडण्याचे नियंत्रण करणे आपल्याला अत्यंत उत्तम कर्तव्य आहे!",neutral,mr
हे डुक्कर कोण आहे. भारतातील सर्वात मोठा चोर,angry,mr
सूत्र आज बाळा नांदगावकर बोले आम्ही अजून कोणालाही पाठींबा दिला नाय आहे,neutral,mr
जगातील सर्वात रिकामचोट जमात म्हणजे शिल्लक शेणिक,angry,mr
कालांतराने मनस्थिति बदलून हे सर्व काही घटक पाहायला मिळतात,happy,mr
हे मनमर्जी सरकार चालू आहे,angry,mr
"इतिहास साक्षी आहे, खवळलेल्या समुद्राचा आणि शांत दिसणाऱ्या माणसाचा, कधीच नाद करू नये.",happy,mr
अर्ज बाद होणार होता म्हणुन माघार,sad,mr
"जाधव, विरोधकांचा वाजवायचा असेल तर प्रॅक्टिस करावी लगते की , असे काय करता?",neutral,mr
सुंदर गावासाठी गारगोटवाडीतील तरुणांचा उत्स्फूर्त सहभाग – .//,happy,mr
रक्षाबंधन आणि नारळी पौर्णिमेच्या आनंदमयी शुभेच्छा!,happy,mr
तिथे हिंदी भाषिक साऊथ चे लोक होते अजून.,neutral,mr
दळून पेक्षा गोळा करून झालं का असं विचारायला पाहिजे होतं,neutral,mr
चिवा काकूंसाठी पेडणेकर काकूनी काहितरी वेगळे नियोजन केले होते ना?,neutral,mr
"हे खरोखर आश्चर्यकारक आहे, यामुळे विद्यार्थ्यांना बरेच चांगले शिक्षण मिळेल.",happy,mr
"दयाबेनला घशाचा कॅन्सर नाही; जेठालाल म्हणाले, “सकाळपासून...''",happy,mr
"तेवढं ते काकांना पंतप्रधान बनवायचं आहे, त्याचं बघा ना काय होतंय का",neutral,mr
हरितालिका निमित्ताने सर्व माता भगिनींना मनःपूर्वक शुभेच्छा!,happy,mr
काही गुप्त खजिना सापडला का.,neutral,mr
ज्ञानात थोडी भर घालने गरजेचे आहे ...,neutral,mr
जिल्हा बिर्याणी? तिथली पण मस्त आहे... डाळ सोबत मस्त टेस्ट असते...,neutral,mr
आमचेही विचार हेच होते ...,neutral,mr
तुमच्या हिमतीला मानाचा मुजरा सर.,happy,mr
अजून पण गु खातोय तुम्ही सावरकरांना अपशब्द काढणाऱ्या नित्या रानेला पक्षात घेऊन,angry,mr
त्याच ताई शिंदे गटात आल्यास त्यांना उमेदवारी देणार होते भाजप. कोल्ह्याला द्राक्ष आंबट.,angry,mr
( ) दरवर्षी कोटि रोजगार देण्याची घोषणा आखिरकार जुमला साबित झाली.,angry,mr
"आता फडणवीसांनी काय केलं, उगाच त्यांना का टोमणे मारत आहेत.",neutral,mr
असे दृश्य खूप मोठ्या प्रमाणावर सार्वजनिक वाहनांमधून पाहायला मिळते.,neutral,mr
मी पण.. गोकर्णचा महागणपती ही खूप जवळ आहे तिथून..,happy,mr
खाजगी वाहतुकदारांनी निर्धारीत करण्यात आलेल्या दरापेक्षा अधिक दर आकारल्यास मोटार वाहन कायद्यान्वये होणार कारवाई,neutral,mr
नाना म्हणजे जिकडे भेळ तिकडे खेळ,neutral,mr
त्या शिवाय का ट्रॅव्हल्स चा वाढेल?,neutral,mr
सर चाचूला खरचं गुरूची गरज आहे का.....??,neutral,mr
*हा आहे खानदानी गांधी परिवार .*,neutral,mr
"पळून गेलात दादा मैदान सोडून, असा कसा चालेल.",angry,mr
बाप माणूस : आई-बाबा तुमच्यामुळे आमच जग खुप सुंदर आहे !,happy,mr
वाढदिवसाच्या हार्दिक शुभेच्छा सर ..,happy,mr
अभिनंदन!साताऱ्यात कुठे ? महाराज उद्घाटन करणार आहेत का?,neutral,mr
"तुमच्या अभंग टाकण्याच्या सवयीने सकाळ प्रसन्न होते, खूप धन्यवाद.",happy,mr
पोलिसांच्या मोहिमेला यश लाभो! जी,happy,mr
आता हे सांगणार खालची पातळी कशाला म्हणता,angry,mr
कशाला घ्यायचं मग घेताना कळलं नाय का?,angry,mr
मला वाटतंय हा पण चा कार्यकर्ता आहे म्हणून सारखी मिरची लागते याला..,angry,mr
"""आणि ह्या आहेत आपल्या देशाच्या अर्थमंत्री...",neutral,mr
बहिण-भाऊ यांच्यातील अमाप प्रेमाचे आणि विश्वासाचे प्रतीक असणाऱ्या रक्षाबंधन सणाच्या हार्दिक शुभेच्छा.,happy,mr
खूप महत्त्वाची माहिती व खूपच सोप्या भाषेत सांगितली त्याबद्दल मनपूर्वक धन्यवाद,happy,mr
कधी कधी काही लोकांसोबत असं होत असत पण या मुळे चांगलं वागणं सोडू नये...,happy,mr
मराठी भाषेत अलंकार असतात त्याचा वापर ही कळत नसेल,angry,mr
साहेब तुम्ही सोबत आहे ना शेतकरी पण तुमच्या सोबत आहे जय महाराष्ट्र,happy,mr
कोहिनूर प्रकरणामुळे चांगले चांगले शांत झाले आहेत.. त्यांना पण विचारा एकदा का शांत आहे,angry,mr
यांना विधानभवन आणी मंत्रालयात सोडून द्यावे !,neutral,mr
राणे यांनी किती घरं उद्धध्वस्त केली असतील ते आधी बघा.,angry,mr
घे डबल संघटना आहे बहुतेक..,neutral,mr
सध्या वरचे वर ढग फुटी होती आहे पुण्यात,happy,mr
महाराष्ट्राच्या सत्ता संघर्षावर उद्या सुप्रीम कोर्टात सुनावणी; सुनावणीचे थेट प्रक्षेपण होणार.....,neutral,mr
लका तु मराठी आहे का बिहारी,neutral,mr
"मनापासून धन्यवाद सर तुमची साथ, पाठिंबा मोलाचा आहे .//…",happy,mr
आता हेही चिन्ह हातातून निसटून जाईल असं दिसतंय,sad,mr
आनंदाच्या शिधाला उशीर का? बाळासाहेब थोरातांनी सांगितलं कारण,neutral,mr
कुठून येतो हा अतिआत्मविश्वास,happy,mr
राज्य सरकारच्या त्रुटी दाखवणे म्हणजे राजकारण नव्हे हे पटवून देणारे कणखर नेतृत्व !,happy,mr
गुलाल फुले अक्षता उधळेबाप्पाच्या स्वागतासाठी जमले सगळे.,happy,mr
गुरूजी आहेत का ...की वाहून गेले...,neutral,mr
फडणवीस साहेबांकडे तेवढी कार्यक्षमता आहे हे सर्वांना माहिती आहे...,happy,mr
निखळ स्वच्छ संस्काराचे प्रतिबिंब ...,happy,mr
तुमचं काम सोपं केलं,neutral,mr
भाजपच्या लोकांनी गद्दार लोकांचं वकील पत्र घेतलं का?,happy,mr
स्वर्गात दारू मिळत नसेल तर तिथे जाणे व्यर्थ आहे.,neutral,mr
पुढे सुद्धा आलेल्या काळांत आनंदीकरण,happy,mr
हे तीन राणे मानव म्हणून जन्माला आले हाच अपवाद आहे,angry,mr
बँकांचे पण येऊद्या....,neutral,mr
स्ट्रेट फॉरवर्ड बोलण्यामुळे हा माणूस आवडतो आपल्याला,neutral,mr
भारी होता,neutral,mr
पण शब्दशः अर्थ घेतला तर “वाढ करून घ्या” असा होतो,neutral,mr
... देशप्रेमी लोकांनाच असे महान देशभक्त समजणार ज्यांनी देशासाठी बलिदान दिले .,happy,mr
अशा प्रकारची वैशिष्ट्यं असणारी मंदिरं तुम्हाला माहिती आहेत का?,neutral,mr
शौर्य दिनाच्या खुप खुप शुभेच्छा (चलो भिमाकोरेगाव),happy,mr
या धाडसी निर्णयाचे उदंड स्वागत....,happy,mr
"कौतुक नावाची एक अशी संजीवनी आहे, जी आत्मविश्वास गमावलेल्यांना पुन्हा जगण्याचं बळ देते...!!! शुभ सकाळ",happy,mr
"योगीची नक्कल ईकडे चालू आहे, परंतु ही शिवरायांची भूमी आहे,",happy,mr
लटकेंचा राजीनामा लटकावून खाजप ने लटकेंच्या प्रचाराचे अर्धे काम करून दिले,angry,mr
"‘आरआरआर’ने ऑस्कर जिंकल्याचा आनंदात भारतीच्या मुलाने केला जल्लाेश, व्हिडिओ व्हायरल ./--…",happy,mr
हे पाहण्यासाठी सर्वोत्तम आणि दंडासह दुर्मिळ प्रकरणे असतील,neutral,mr
खूप दिवसातून सुंदरीचे दर्शन झाले,happy,mr
"""दुर्जन संघटित* आणि *सज्जन असंघटित "" हे आजच्या प्रगत म्हणवणाऱ्या समाजाचं भीषण चित्र आहे.",sad,mr
सत्प आहे.... आणि ब्राम्हणांना कोणी विचारणारे पण नाही...,sad,mr
भारत जोडो यात्रा चा परिणाम दिसतोय भारत जोडो यात्राची यशस्वी वाटचाल चालू आहे.,happy,mr
"चांगल्या दिवसात लक्षात ठेवायचं, हे दिवस सरतील! वाईट दिवसातही लक्षात ठेवायचं... हे दिवस सरतील!!!!",neutral,mr
आणि हा भारतीय क्रिकेट बोर्डाचा सचिव आहे म्हणे,angry,mr
फडणवीस काही फावड्याला सुखाने झोपू देणार नाही,angry,mr
तोच आधीच्या ब्रेकअपच्या दुःखातून बाहेर नाही आला अजून,sad,mr
सर्व शिव भक्तांना महाशिवरात्रीच्या हार्दिक शुभेच्छा.,happy,mr
आला दलाल तू फक्त दलाली कर ते फक्त इतिहास सांगत आहेत,angry,mr
वर म्हणून प्रसिध्द असलेल्या दादाचे फॉलॉवरस पुर्ण झाल्याबद्दल हार्दिक अभिनंदन.,happy,mr
हो. मला माहिती आहे पुणे जिल्ह्यातून कुठून येतं,neutral,mr
तुला दुसरे कुणी सापडलं नाही का ट्रोल करायला,angry,mr
हो मानुस मेला की मातिच होतो आपली ही मातीच होनार,sad,mr
अरे अतुल ती काय मक्तेदारी तुझी आणि बीजेपीची आहे हे पहिले सिध्द कर,angry,mr
राहतील असे म्हणायचे आहे का,neutral,mr
तुम्हाला सत्तेचा माज आला आहे असं नाही का वाटत?,angry,mr
: भारत जिंकला नाही तर…; बांगलादेशविजयावर सुनिल गावस्कर हे काय बोलून गेले ./ -/,neutral,mr
आज आमचा घरातील श्री गणेशाचे आगमन,happy,mr
ह्यांना ह्याचा पोरगं ऐकत नाही आणि हे आम्हाला बाळासाहेबांचे विचार सांगणार ...,angry,mr
शिवसेना राष्ट्रवादीत केव्हाच विलिन झाली आहे.हे पचवायला आवघड वाटत आसले तरी खरे आहे.,neutral,mr
महणजे ग़द्दारी केली की माणूस होतो.,angry,mr
"आई, बरोबर, फोटोकाढायला, राष्ट्रवादित,बंदि,आहे,का,,का, आईची, लाज, वाटते,, दादा, लोकांना!",angry,mr
शिवसेनेत भरपूर शिवसैनिक होऊन गेले तुझ्यासारखा गद्दार नाही पाहिला,angry,mr
उदाहरण कृष्ण-सुदाम्याचे आणि फोटो मोठ्या लोकांसोबत.. हीच खरी मैत्री,happy,mr
त्या आशा गोष्टी सर्व समावेशक असावी तर त्याचा आनंद मजा वेगळीच असते,happy,mr
अत्यंत कमी पल्ल्याच्या हवाई संरक्षण प्रणाली (व्हीएसएचओआरएडीएस) क्षेपणास्त्राची डीआरडीओने घेतलेल्या उड्डाण चाचण्या यशस्वी,happy,mr
आणि घरातली साफ सफाई हे पुरुषच करत आहेत तुम्ही पण केलं असाल ?,neutral,mr
"फरक स्पष्ट आहे, राष्ट्र भक्त आणि देश द्रोहायत..",angry,mr
सात दिवसीय भागवत ज्ञान गंगा का शुभारंभ ./ ?,neutral,mr
सकाळ सकाळी कच्ची मारली का ..शीतल जी ..,angry,mr
एकंदरीत कालच्या निर्णयावरून असे वाटतंय की सर्व काही ठरलेलं आहे. निकाल देखील..,sad,mr
"किती छान बाईक आहे, उत्तम डिझाइन आणि उत्तम फीचर्स असलेली उत्तम बाइक.",happy,mr
वाढदिवसानिमित्त भगव्या शुभेच्छा! आईभवानी आपल्याला उदंड यश आणि आरोग्य देवो!,happy,mr
तुम्हाला पाहिजे का थोडेसे पार्ट टाईम करणारा घरगडी,neutral,mr
उज्ज्वल महाराष्ट्राच्या.... उज्ज्वल भविष्यासाठी पारदर्शक पदभरती....,neutral,mr
"बाप्पाच्या आगमनाची तयारी तर झाली,आता आतुरता त्याच्या येण्याची आहे...",happy,mr
यावर पण बोला किती निच लोकं आहेत काळात,angry,mr
तारक मेहता'तील 'बबीताजी' कितवी शिकल्या माहितेय का?,neutral,mr
मी नांदेडमध्ये दोन-तीन दिवस सहभागी होणार.,neutral,mr
विराट कोहली आपल्या यशाचे श्रेय कायम अनुष्काला देत असतो.,happy,mr
सांगितलं अनुभव चांगला अनुभव आहे भाऊंना,neutral,mr
लोकांची साथ मिळणे ही सन्मानाची बाब; काँग्रेस अध्यक्षपदाच्या निकालावर शशी थरूर यांची प्रतिक्रिया,happy,mr
किती पाडाव पण. काही मर्यादा,angry,mr
पक्षाला नाही डायरेक्ट नाच लायकी दाखवली आहे,angry,mr
आत्मस्वरूप आणि विवेकपूर्ण वाणी असलेली संस्कृत भाषा !,happy,mr
अवडंबर केल्याने परमेश्वर प्राप्ती शक्य आहे का? -,neutral,mr
टच केले तर राजीनामा देणार होता गद्दार.... आता काय?,angry,mr
पूल ओलांडताना पाच ग्रामस्थ पुराच्या पाण्यात गेले वाहून दैव बलवत्तर होता म्हणून सर्वजण बचावले…,happy,mr
बाळासाहेब हे फक्त नाव नाही तर महाराष्ट्राची शान आहे,happy,mr
तलाठी भरती लवकर जाहीर करावी ही विनंती,neutral,mr
मुंबई मुलुंड मधे असलेले हे आई साल्पादेवी चे मंदिर,neutral,mr
सकाळ पासून बाहेर होतो जास्त व्यक्त होता आलं नाही आता स्पेसवर थोडी चर्चा करू,neutral,mr
श्रीलंका 'सुपर 'मध्ये जाणार का? पाहा काय आहेत समीकरणं,neutral,mr
आज सलाइन नाही लावला म्हणून,neutral,mr
हे सगळं झाल्यावर शिवसेनेचं चिन्ह आणि नाव गोठवण हाच का त्यांचा विजय...???,angry,mr
एक अजून भावी पंतप्रधान मिळाला आणि लोक बेष्ट शीएमला विसरले.,angry,mr
रत्नागिरीत हनुमान जयंती जल्लोष्यात साजरी ./ / / /% …,happy,mr
आज पवार साहेब घासत आहेत असं म्हणायचं आहे का ढोरे तुला उगा बस बे,angry,mr
टोकियो ऑलिंपिमक भालाफेक स्पर्धात भारताच्या नीरज चोप्रा यांनी सुवर्णपदक जिंकल्याबद्दल मनापासून अभिनंदन सलाम नीरज!,happy,mr
पटकथेला मान्यता देणाऱ्या पडताळणी समितीतल्या सर्वचर्व सदस्यांची चौकशी ही विद्यापीठ प्रशासनाने करावी.,neutral,mr
अभिनंदन अजून तुम्हाला खूप खूप जिंकावे हीच इच्छा.... शुभेच्छा,happy,mr
लय खत्री होतं हे...,happy,mr
तस काही नाही हा कळसूत्री बाहुली आहे...,angry,mr
त्यांना अटक झाली पाहिजे ... म्हणजे पुढे असे कोणी कृत्य करणार नाही,angry,mr
भगवान शिवाच्या चरणी कोटी कोटी प्रणाम !,happy,mr
महाशिवरात्रीच्या सर्व शिवभक्तांना मंगलमय शुभेच्छा....!,happy,mr
हे भाजप नेते कार्यकर्ते यांच्या साठीच आहे ना छान,neutral,mr
तुझ्या नवरदेव ने घेतलेल्या लाचेचे पैशे देना.. जनते कडुन भिक का मगत बसली आहे ताई.,angry,mr
सत्तेसाठी काहिहि करणारे राजकारणी. तुमचा अंत भयंकर असणार आहे.,angry,mr
ती बाळासाहेब देवरस यांची शिवसेना आहे सोनाली वाले.....,happy,mr
कोण सांगतेय बघा सगळ्यांना माहिती आहे छळ कोण कोणाचं करते ते,angry,mr
घरच्यांना फुकट्या स्कीम राबवावी ते पण मिळणार्या मानधनात.,angry,mr
म्हणजे उठा येडे का भकास आघाडी करायला,angry,mr
मला पहिल्यांदा यांचे अकाउंट आहे असे वाटत होतं....,neutral,mr
सर्वसामान्य माणसांची प्रतिक्रिया आहे ही तुझ्या तोंडाला आवर घाल.,angry,mr
जोपर्यंत पाऊस थांबत नाही तोपर्यंत लेक्चर होणार नाही,neutral,mr
बुलढाणा जिल्ह्यातील नांदुरा शहरात जल्लोषात दत्त जयंती ./ / /…,happy,mr
भाजपच्या राजवटीत दिवसेंदिवस भाव वाढत असून सर्वसामान्यांचे जीवनही दयनीय होत आहे.,sad,mr
म्हणजे? तुम्हालाच तीचा त्रास होणार!,neutral,mr
मकर संक्रांतीच्या पुणेरी हार्दिक शुभेच्छा.,happy,mr
अरे हा काय बोलतोय ह्याला तरी कळतंय का.... उगाच हसू करून घेतोय स्वतःच,angry,mr
आम्हाला माहिती दिल्याबद्दल धन्यवाद. आम्ही आपली तक्रार संबंधित विभागाला कळविली आहे.,neutral,mr
मराठी येत नाही का?,neutral,mr
पडत आहेत त्यामुळे ट्राफिक ची समस्या कमी होत आहे,neutral,mr
खूप खूप शुभेच्छा. .//…,happy,mr
पुढील दहा वर्षे तु कोणत्या पक्षात राहशील हे तुला तरी माहीत आहे का !,angry,mr
आशिष शेलार यांनी नुकताच मुंबई क्रिकेट संघटनेच्या अध्यक्षपदासाठी अर्ज दाखल केला होता,neutral,mr
"तीळगुळ घ्या, गोड गोड बोला! मकर संक्रांतीच्या सर्वांना हार्दिक शुभेच्छा!",happy,mr
वाढदिवसाच्या मनःपूर्वक खूप खूप शुभेच्छा सर तुम्हाला निरोगी असे दीर्घायुष्य लाभो हीच मनोकामना,happy,mr
नीरव मोदी कधीच आत्महत्या करणार नाही तज्ज्ञ मुद्दाम युक्तिवाद करत आहेत?,neutral,mr
तुम्ही कसे खेळता याची तुम्हाला लाज वाटते का?,angry,mr
लोक किती शिव्या देऊ शकतात याचा अंदाज घेताय का ?,angry,mr
आता ईडीवर ही कारवाई केली पाहिजे,angry,mr
होणार! अजून - उमेदवार आहेत ज्यांनी माघार नाही घेतली.,neutral,mr
"दिल्ली मॅरेथॉनमध्ये सहभागी होणाऱ्या सर्वांना शुभेच्छा, तुमचा निर्धार हा एक चमत्कार आहे",happy,mr
पोलीस भरती कधी घेणार पहिले ते सांगा आधी ला घेणार आहे भरती,neutral,mr
अशिच कार्टून काढ़ून मोदी-शाहा किंवा इतर नेत्याना शेरेबाज़ी केली तर तुम्हाला का झोंबते?,angry,mr
दिशेने घेऊन जायचे आहे!! - डॉ. बाबासाहेब आंबेडकर.,neutral,mr
"जिथे गेलेत तिथे पुढे असं होईल की.... 'सहन होत नाही आणि सांगताही येत नाही""",sad,mr
"शिवसेना बायोडिग्रेडेबल आहे त्यामुळे आधी सडली, . वर्षांत मध्ये मातीस मिळाली",angry,mr
जे काही बोलायचे आहे ते मराठीत बोल!,neutral,mr
चित्रपटातील नाटुनाटू या गाण्याला मिळाला ऑस्कर अभिनंदन..,happy,mr
ते मुलाच्या आधीपासून सेनेशी आणि बाळासाहेबांशी एकनिष्ठ होते,happy,mr
खराब रस्त्यांमुळे झालेल्या कोणत्याही जीवघेण्या किंवा गंभीर अपघातासाठी अधिकाऱ्यांना जबाबदार धरणार !,angry,mr
गुजरातमध्ये झालेल्या राष्ट्रीय खेळांनी खेळाडूंच्या मनावर आणि मनावर अमिट छाप सोडली आहे.,happy,mr
तो निळा शेनिक तेलतुंबडे आतंकवादी दहशतवादी होता,angry,mr
हे भुजबळ तर नाहीयेत ना,neutral,mr
"म्हणजे हे फराळ जनतेसाठी मोफत असेल का? का, काय कारण? म्हणजे का बरं?",neutral,mr
हा धक्का लोकशाहीला आहे ..तुम्ही असंविधानिक सरकारला प्रश्न विचारायचा हवेत ना की त्यांचा अजेंडा चालवायचा.,angry,mr
इगो आणि अहंकार जपण्यापेक्षा नातं जपलेलं कधीही चांगलं,happy,mr
जुकणारे शिवसैनिक असूच शकत नाही कारण बाळासाहेब आणि दिघे साहेबानी आम्हाला ते शिकवले नाही,happy,mr
सर्व शक्ती पणाला लावा आता बेरोजगारीवर मात करा.,neutral,mr
मला पहिल्यांदा बघितल्यावर एक्कावन आधिक एक कुळे वाटले,happy,mr
स्वतःहून खड्डयात जायचा निर्णय घेतला असेल तर कोण थांबवणार.. विनाशकाले विपरीत बुद्धी,angry,mr
"वडिल आईला स्टेशनला सोडायला गेले, मुलं घरी झोपली होती; घरात घुसले चोरटे",sad,mr
कांही फरक पडणार नाही उलट मराठी माणूस आणखीन मशाल घेऊन पेटणार,happy,mr
नक्कीच पण साहेब सर्वौच्च न्यायालयात गेले होते निवडणूक आयोगाकडे नाही!,neutral,mr
तुम्हा सर्वांना गौरा पौर्णिमा आणि होळी उत्सवाच्या हार्दिक शुभेच्छा.,happy,mr
"दिवाळीपूर्वी ग्राहकांना झटका ; सोने-चांदीच्या किमतीत आज झाला ‘हा’ बदल, त्वरित तपासा नवे दर",neutral,mr
अचूक आणि परखड भाष्य,neutral,mr
तुझ्या इच्छेला तुझे घरचे तरी गांभीर्याने घेतात का ?,sad,mr
"संगमनेर शहरातील नवीन नगर रोड पाण्यात, सायंकाळी झालेल्या कोसळधार पावसाने ...",neutral,mr
डोक्यावर पडलेली आणि कॉग्रेसी विचार धारा असलेली मानसिकता पवित्र मंगळसूत्राचा अपमान करणाऱ्या निषेध,angry,mr
बाळासाहेब ठाकरे हा बाप आहे. केशव,happy,mr
या निर्णयाच्या माध्यमातून आणखी बळकट होईल..!,happy,mr
रंग सगळे घेऊन गेलेला माणूस,sad,mr
सेवानिवृत्त सरकारी कर्मचाऱ्यांसाठी आनंदाची बातमी!- ./ -,happy,mr
बघितल्यावर बघायची हिंमत कोणाकडे आहे,happy,mr
जबरदस्तीने कंबरेवर हाथ ठेवून पोज का देत आहेत??,angry,mr
त्यांच्या नातेवाईक वर इन्कम टॅक्स धाड पडली होती,neutral,mr
बायकांच्या खांद्यावर बंदूक ठेवणे हि कमळाबाईची संस्कृती,angry,mr
"पण भाजपा ने लढू दिले तर?नाहीतर नुसते कागदी, तात्पुरते.",angry,mr
हा नवीन थ्रेड देखील नेहमीप्रमाणेच उत्तम आहे विजय जी आपल्या कडून शिकण्यासारखं खूप काही आहे,happy,mr
ग्रामपंचायत निवडणुकीत दणदणीत विजय मिळवलेल्या सर्व महाविकास आघाडी उमेदवारांचे मनःपूर्वक अभिनंदन..!!,happy,mr
बहोत अच्छा,neutral,mr
मकर संक्रांतीच्या सर्वांना हार्दिक शुभेच्छा..,happy,mr
महाराष्ट्रातील गुजरण्याची प्रक्रिया उत्तम ढळली आहे,neutral,mr
"श्री सोमनाथ मंदिर, प्रथम ज्योतिर्लिंग - गुजरात (सौराष्ट्र)",neutral,mr
निर्लज्ज सदा सुखी! आपल्या बंगल्याच नामकरण केले काय! बाबासाहेबांची मातोश्री!,angry,mr
कोतवालांना चतुर्थ श्रेणी लागू होईल असा निर्णय शिंदे सरकार कधी देणार आहेत.,neutral,mr
बरं... बाकी 'दया' तुझ्या मातोश्रींच नाव आहे का वागळ्या?,angry,mr
कोपरगावचे आमदार व माझे बंधू आशुतोष काळे यांना वाढदिवसाच्या लक्ष लक्ष शुभेच्छा!,happy,mr
"काकु, हे भटुकल्यांची सत्ता आली की बलात्कारी लोकांची शिक्षा का माफ केली जाते, बरं?",angry,mr
सहानुभूती काही उपयोगाची नसती सहानुभूती सत्याच्या बाजूने राहीली तर खरी लोकशाही अस्तित्वात येईल.,happy,mr
आंध्र प्रदेश तेलंगना केरळ कर्नाटक तामिळनाडू या सर्व राज्यात भरपूर यश मिळेल,happy,mr
गुजरात मॉडेल मध्ये संविधानचा विचार खूपच कमी वेळा दिसून येतो.,angry,mr
हे विपक्षात असताना तत्कालीन सरकारने असं वक्तव्य केलेलं चाललं असतं का यांना?,angry,mr
या उत्सवामुळे कोरोना संकट काळातही नवचैतन्य अनुभवायला मिळाले ./-…,happy,mr
"तुम्ही फक्त मेहनतीच नाही, तर दयाळू हृदयही आहात. आपल्या भावनांचे मूल्य कधीही विसरू नका..",happy,mr
आदरणीय आशिष सर नमस्कार आपल्या वाढदिवस निमित्त माझे विचार पाहिले का.,happy,mr
बंडला मारत फिरत होते का?,angry,mr
आणि मार खाणारा अमर होत असणार,angry,mr
"अश्या फालतू पत्रावर कोणाच्याही डोळ्यात पाणी येणार नाही,",angry,mr
"यापुढे पाण्याच्या प्रति समजून बघण्यासाठी विविध विचारधारा उपलब्ध असतील, जेणेकरून पाण्यावर विविधतेचे ज्ञान मिळेल!",neutral,mr
एका ने वर राजीनामा दिला होता.. मी हे पाहू शकत नाही...,sad,mr
अभाविप धुळे शहर निवासी कार्यालयात गणपती बाप्पाची प्राणप्रतिष्ठा करण्यात आली..,neutral,mr
"हा भ्रम आहे, काँग्रेस ही गांधी घराण्याची डीम कंपनी आहे.",angry,mr
शिंदे फडणवीस सरकार हे लूट करणारे सरकार,angry,mr
करालं महाकाल कालं कृपालं गुणागार संसारपारं नतोऽहम्॥,happy,mr
जे विरोधकांना नाही जमले ते आपल्याच जवळ बसण्यारा साल्या गद्दारांनी केले..,angry,mr
अरे तो काय कुरकुरेचा पुडा आहे का गेला आणि घेऊन आला,happy,mr
"मला आज परत एक सुचलं आहे, पण नेहमी प्रमाणे शब्द इकडे तिकडे विखरलेत",angry,mr
यांचे बळजबरीने दिवस आलेत गद्दारी केल्यामुळे जेव्हा जातील तेव्हा कुत्र पण हाल खाणार नाही,angry,mr
अती उत्तम सेवा गोमय हर्बल साबून,neutral,mr
मग फडणवीस भाऊ.मुंबई मध्ये उदो उदो करत तर होता,angry,mr
आपल्या खोक्यातून वाटणार का साहेब?,angry,mr
हा आला लगेच गदागदा खाजवायला... लांडगा,angry,mr
आज आमच्या लाडक्या यास वाढदिवसाच्या हार्दिक शुभेच्छा...!,happy,mr
बाळासाहेबांची शिवसेना भांडूप विधानसभा उपविभाग प्रमुखपदी‌ प्रकाश माने तर संघटकपदी नेहा नंदकुमार पाटकर,neutral,mr
"उत्तम कामगिरी आहे, सुयोग्य हाताळणी",happy,mr
"कोकण ही परशुरामाची भूमी आहे,तिथे बापू लोकांचं काम नाही,तिथे शंभू महादेव आहेत..",happy,mr
म्हणजे कोणाची बाजू बरोबर आहे हे तुम्हालाही माहिती आहे तर.,neutral,mr
सर्वोत्तम आता लाल उपरणे घेऊन मिरवणार.,neutral,mr
महाराष्ट्राचा कटप्पा आणि भाल्लालदेव यांनी मिळून बाहुबली सिनेमा सत्यात उतरवला आहे,happy,mr
"सर, प्रेम आंधळंच असतं. आंधळेपणाने लोकं फिरतात आणि कोणाच्याही प्रेमात पडतात.",sad,mr
ईतके दिवस झोपले होते का? # गेम प्लॅन फसला म्हणुन सगळं नाटक आहे.,angry,mr
"हा, चं बा चालला होता लोकसभा मिळवायला.",angry,mr
शीऽ काय हे! निदान खिंडार तरी म्हणावं. भगदाड ?,fear,mr
वेस्टर्न कलचर करता करता हे भलतच सुरू झालं,angry,mr
पण खरच होणार का?,fear,mr
मी विराट कोहलीचा एक खेळाडू म्हणून अतिशय आदर करतो – लारा,happy,mr
हत्तीला पाणीपुरीची लागली अशी चटक.... आता थांबता थांबेन,neutral,mr
घराणेशाही चालणार पण बाळासाहेबांच्या विचाराचे तुझे पप्पा नाहीत आणि तू तर मुळीच नाही,angry,mr
सर्व पक्षांनी का? भाजपने घाण केली आहे असं अजूनही वाटत नाही का पत्रकारांना?,angry,mr
तिसरी माळ... निळा रंग- निळकंठ... निळा रंग हा आत्मविश्वास आणि निष्ठेचा आहे...,happy,mr
"जे सत्य सुंदर सर्वथा, आजन्म त्याचा ध्यास दे..!",neutral,mr
अंबरसिंग व गुला महाराज यांच्या नावाने आदिवासी पुरस्कार दिले पाहिजे...,happy,mr
"हसरा मेळावा? गुढीपाडव्याचा का? नाही हो, तो आमचा नाही.",neutral,mr
अत्यंत महत्त्वपूर्ण माहिती बद्दल धन्यवाद ताई,happy,mr
स्वतःच्या आया बहिणींवर वाईट नजर ठेवणारे लोक आहेत हे काय अपेक्षा यांच्याकडून,angry,mr
"माघार घेण्याच्या आधीच जाहीर आव्हान द्या, ही निवडणूक बिनविरोध होऊ देऊ नका.",neutral,mr
जोशी काय करत होते हे प्रदीप ला।विचारले का?,neutral,mr
"आपल्या कामाप्रती प्रेम, निष्ठा, विश्वास आणि सर्वस्व अर्पण केल्यावर ही भावना साहजिकच आहे.",happy,mr
नाशिक चा शांताक्लोज हागण भुजबळ हा खरा जातीयवादी पक्ष राष्ट्रवादीच आहे हे सिद्ध करताना!?,angry,mr
मराठी माणसाचे आवडते सायंटिस्ट डॉक्टर रघुनाथ माशेलकर ना वाढदिवसाच्या हार्दिक शुभेच्छा,happy,mr
हा फक्त गुलामाचा वकील आहे.. नोटरी करणारा..,angry,mr
"तसं झालं नाहीच, उलट मोदींच्या कृपेने नवीन पिढीमध्येही नेहरूंविषयी उत्सुकता निर्माण झाली आहे.",happy,mr
वाढदिवसाच्या हार्दिक शुभेच्छा दादाआई भवानी तुला उदंड आयुष्य आणि उत्तुंग यश देवो,happy,mr
महाराष्ट्रात आमदार आहेत भा ज पा चे. असो...,neutral,mr
पासून भरत्या रखडल्या आहेत तेच काय झालं राणे साहेब,neutral,mr
ला सपोर्ट करणे हे भिकारपणाचे लक्षण आहे. सामाजिक विषमता वाढतच जाते.,angry,mr
घाणेरड्या विचारांचे / आहेत हे वडापाव सैनिक,angry,mr
