text,sentiment,language
குல்கர்னியைப் பார்க்கவும்,neutral,ta
ஒவ்வொரு பறவையிடமிருந்தும் ஏழு வளையங்களை சேகரிக்கும் பார்வையற்ற பக்தர்கள் இதைப் புரிந்து கொள்ள வேண்டும்.,angry,ta
புனே மாவட்டத்தில் அமைச்சராகும் தகுதியான எம்.எல்.ஏ.க்கள் யாரும் இல்லை என்று ஜி கூறினார்.,happy,ta
1 கிலோவுக்கு மேல் எடையுள்ள உரம் கொள்கலனின் உரிமையாளருக்கு இது மிகவும் மோசமானது.,angry,ta
பாஸ் கெளரவிக்கப்படவில்லை... அரசாங்கத்தில் இருப்பவர்கள் தங்களைப் பற்றி என்ன நினைக்கிறார்கள் என்பது கடவுளுக்குத் தெரியும்...,angry,ta
நாட்டிலேயே அதிக ஊழல் செய்யும் கட்சி பா.ஜ.கதான் என்று கூறிய அவர்... ஊழல் செய்யும் ஒவ்வொரு தலைவரையும் நாடு தண்டித்து வருகிறது.,angry,ta
தேர்தலில் போட்டியிட விரும்புபவர்கள் வெவ்வேறு நோக்கங்களைக் கொண்டுள்ளனர்,angry,ta
"ஒரு அகால சக்கரவர்த்தி பொங்கி எழும் படைக்காக காத்திருக்கிறார், அதற்கு மேல் எதுவும் இல்லை…",angry,ta
யாராலும் தன் உடலைப் பார்த்துக் கொள்ள முடியாது. அவர் என்ன மாதிரியான பழிவாங்குவார்?,angry,ta
ஆதாரம் இல்லாததால் நடவடிக்கை எடுக்கப்படவில்லை,angry,ta
மக்கள் பாஜகவை நிராகரித்து விட்டதாக தெரிகிறது. இருந்தாலும் இப்போதைக்கு.,neutral,ta
"சத்தார்ஜி, மராத்வாடாவில் விவசாயிகளின் துயரம் உங்களுக்கு புரிகிறதா?",sad,ta
இந்த நாட்டின் உண்மையான வில்லன் யார் என்பது நாட்டின் மனசாட்சியுள்ள குடிமக்களுக்கு தெரியும்.,angry,ta
"போலீஸ் காவலில் வைஷாலி தக்கர் தற்கொலை வழக்கில் தப்பியோடிய குற்றவாளி, வைஷாலிக்கும் அவருக்கும் என்ன தொடர்பு?",happy,ta
"நல்ல சமூகப் பணி பலனளிக்கிறது, நீங்கள் குறைவாக இருக்கிறீர்கள்",sad,ta
உங்களுடைய இந்த பத்திரிக்கையாளர் பத்திரிக்கையை விட்டு விலகி என்சிபியில் சேர்ந்தார்.,angry,ta
மன அடிமைத்தனத்திற்கு ஷேன் கிட் ஒரு சிறந்த உதாரணம்.,angry,ta
"துரோகியின் அடையாளமும், கேடயமும், வாளும் இருந்தால் என்ன பயன், வாழ்நாள் முழுவதும் அதன் பின்னால் ஒளிந்து கொள்ள விரும்புகிறீர்கள்.",angry,ta
உண்மை! நாமே வெட்கப்பட ஆரம்பித்து விட்டோம்!,sad,ta
இந்த உணவு எப்போதும் அழுக்காக இருக்கும்.,angry,ta
இன்றோ இல்லையோ நடவடிக்கை எடுக்கப்படும்,neutral,ta
அவர்கள் எந்த வகையான களைகளை புகைக்கிறார்கள்? மக்கள் இந்த செய்தியை எழுதுகிறார்கள்.,angry,ta
"இன்று வரை குழந்தைகள் மட்டுமே திருடப்பட்டவர், ஏக்நாத் சிண்டே தனது தந்தை வீட்டில் திருடுவதை வழக்கமாக கொண்டிருந்தார்.",angry,ta
மணி என்ன?? மக்களுக்காக உழைக்காமல் மோடியின் உத்தரவை வணங்குகிறீர்களா?,angry,ta
இது உண்மையில் அழுக்காக உள்ளதா?,angry,ta
"தொழில்நுட்ப நிறுவனங்கள் ""... உள்ளடக்கத்தை வழங்க எவ்வளவு தூரம் செல்லும் என்பது ஆச்சரியம்""",happy,ta
"இந்த கருத்துக்கணிப்பைப் பார்க்கவும், தேஷாத் வாக். அப்போது உங்களது தகுதி உங்களுக்குத் தெரியும்.",angry,ta
இந்தக் காட்சி நிச்சயம் மனதைக் கலங்க வைக்கும்------,sad,ta
இந்த அரசியல்வாதி மகாராஷ்டிராவின் நிலையை உயர்த்தினார்,angry,ta
"என்ன ஒரு பொய்யான நம்பிக்கை மேடம், மோடி இப்படி சொன்னதற்கு உங்களிடம் ஆதாரம் இருக்கிறதா?",angry,ta
இது தப்பு சார்,angry,ta
"இந்துக்களே, மதச்சார்பின்மை என்பது மூடநம்பிக்கை என்பதை நினைவில் கொள்ளுங்கள்.",neutral,ta
பாஜக உங்களை ஏன் நியமித்தது?,angry,ta
இது அஞ்சல் அல்லது போலியா?,neutral,ta
"அவர்கள் ஒன்றாக இருந்த காலத்தில், அவர்களின் கவுன்சிலர் தியோனாவின் குப்பை கிடங்கில் இருந்து குப்பைகளை சாப்பிடுவார்.",angry,ta
"அதிர்ஷ்டவசமாக, ஒரு கணினி நகலும் சேர்க்கப்பட்டுள்ளது, இல்லையெனில் எனக்கு எதுவும் புரியவில்லை. மொபைல் கொடுத்தாயா??!!",neutral,ta
மும்பை சாலைகள் குழி இல்லாத கவுட்பங்களா.. தரமற்ற பணிகள்.,angry,ta
"டார்க் லேடி, பெட்னேகர் ஆன்ட்டி குரைக்கிறாரா?",angry,ta
என்ன சொன்னாலும் பிஜேபியின் கடந்த காலம்.,angry,ta
உங்கள் ஆட்சியில் நடந்தது... பொய் சொன்னீர்கள்,angry,ta
நான் அந்தேரி பாட் தொகுதியில் வசிக்கிறேன் இது கூகுள்,neutral,ta
"""நேற்று மிகவும் குழப்பமாக இருந்தது...""",neutral,ta
இந்த மக்கள் வெறும்…,angry,ta
உனக்கு உத்தவ் பிடிக்கவில்லை என்றால் எப்படி சின்னாவை பிடிக்கும்?,angry,ta
நேற்று உஷ்டி பிரியாவில் எலும்புகளை மென்று கொண்டிருந்த லால்சத்யாவுக்கு வாந்தி வந்தது.,angry,ta
அதிகாரத்துக்காக மண் சாப்பிடும் வழக்கம் உண்டு!,angry,ta
ஒரு தீய வட்டம் இளைஞர்களைப் பின்தொடர்கிறது!,fear,ta
ஜிதனே என்னை தடுத்தாள்,neutral,ta
அட சத்தர் சேத்... விவசாயிகள் செத்து போனால் வறட்சி மாதிரியான சூழ்நிலை வருமா...?,sad,ta
ஓ உன் தொண்டையில் ராஜ்ஜியத்தின் வருவாயே... நீங்களும் அதே கோணத்தில் பார்க்கிறீர்களா?,angry,ta
நடிகை இளம் வயதிலேயே தற்கொலை செய்து கொண்டார்.,sad,ta
"ஓ, நாம் ஏன் மன்னிப்பு கேட்க வேண்டும்?",angry,ta
"மூத்த நடிகரும், மேடை ஆளுமையுமான பிரதீப் பட்வர்தனின் சோகமான மறைவுக்கு இதயப்பூர்வமான இரங்கல்கள்.",sad,ta
"சரஸ்வதி எப்போது, ​​எப்படி இந்த அறிவை வழங்குகிறாள்? இந்த படிக்காத காய்கறி நம்பவில்லை!",angry,ta
அனைத்து அரசியல் கட்சிகளும் தலைவர்களும் இந்திய மக்களை முட்டாளாக்கி அரசியல் சட்டத்தை மீறுகின்றனர்.,angry,ta
அவர்கள் எப்போது வெடிகுண்டு சேர்க்கை செய்வார்கள்?,neutral,ta
ரானே நாம் பார்த்த மிக மோசமான அரசியல்வாதி...,angry,ta
இப்போது இந்த தேர்தல் சின்னமும் காணாமல் போகும் போலிருக்கிறது.,sad,ta
முழுக்க முழுக்க தவறு... மிகவும் முட்டாள்தனமான அறிக்கை,angry,ta
எனக்குத் தெரியும்... அவற்றின் தண்டுகள் பெரியவை,neutral,ta
ஏதேனும் கெளரவமான மீறல்களை நாம் ஏற்றுக்கொள்கிறோமா?,neutral,ta
"அவர்களுக்கு இரண்டு முறை அபராதம் விதிக்க வேண்டும், அது அவசியம்.",angry,ta
ஒரு அர்த்தத்தில் மற்றும் அவரது அன்பான மார்சுபியல் அவர் கூறுகிறார் மற்றும் அது பேசுகிறது ...,angry,ta
"பசி குறியீட்டு மனிதர் காங்கிரஸின் கைகளைப் பிடித்தாலும், இந்த தவறான கூற்றில் உண்மை இருக்கிறது.",angry,ta
நீங்கள் மகாராஷ்டிராவில் அமைச்சரா அல்லது பேரழிவா? இது உங்கள் உரிமை என்று நினைக்கிறீர்களா?,angry,ta
பாகிஸ்தானில் இருந்து வந்து பிரியாணி திருடுகிறீர்களா?,angry,ta
அவரது உறவினர்கள் மீது வருமான வரித்துறை சோதனை,neutral,ta
எதிர்காலத்தில் வாக்களிக்க வேண்டாம் என்று எனது அனைத்து மராட்டிய சகோதர சகோதரிகளையும் கேட்டுக்கொள்கிறேன்.,sad,ta
எனக்கு முன்பே என் தாத்தாவை நீ கொன்றது அநியாயம்,angry,ta
"சொல்லுங்கள், உங்களுக்கு புரியவில்லை, ஏன் உங்கள் அறியாமையை மக்கள் மீது திணிக்கிறீர்கள்?",angry,ta
அதைப் பார்த்துவிட்டு அதிகார கூட்டம் நடத்தச் சொன்னார்கள். உத்தவ் தாக்கரே எந்த வாயிலிருந்து பேசுகிறார்?,happy,ta
இது ஒரு துரோக பாஸ்டர்ட்,angry,ta
பகலில் ஆரம்பித்து இப்போது பகல் முழுவதும் அலறுகிறது,angry,ta
அவர்கள் ஏற்கனவே பயத்தில் எங்களைத் தடுத்துவிட்டார்கள் ...,fear,ta
"மற்ற எல்லா வழிகளும் தோல்வியடையும் போது, அவர்கள் ராமனுக்காகவும் பாகிஸ்தானுக்காகவும் அழுகிறார்கள்",angry,ta
"ஆம், இது மிகவும் தூக்கமில்லாத வேலை…",angry,ta
"ஆம், தாத்தாவின் அப்பா ஒரு திருடன், இந்த துரோகி",angry,ta
இதை அனைத்து சகோதரர்களும் செய்ய வேண்டும்,angry,ta
வாள் வன்முறையா?,neutral,ta
பக்ஷ என்றால் தந்தையின் சொத்தைப் புரிந்துகொள்பவர்களைக் கும்பிடுவது.,angry,ta
மத்தியில் மோடி அரசால் நாட்டின் ஜனநாயகம் பலவீனப்படுகிறது!,sad,ta
மேடம் லோட்கே பாலா சாஹேப் சிவசேனாவில் சேர்ந்தால் அடிமைகள் துரோகி என்று சொல்வார்களா?,angry,ta
முதல்வர் PA உங்கள் காதுக்குக் கீழே விளையாடியதைக் கேட்டேன்... உண்மையா?,happy,ta
"பிஜேபிக்கு என்சிபி 'பெரிய அதிர்ச்சி', 'யா' மாவட்டத்தில் அதிகபட்ச இடங்களில் வெற்றி; பாஜக இடங்கள் மட்டுமே",neutral,ta
சவுரவ் கங்குலியை துன்புறுத்தியதாக பிரதமர் மோடியிடம் மம்தா பானர்ஜி முறையிட்டார்.,neutral,ta
எரு புழுக்களின் விலையும் இதேதான் என்று புடா ட்வீட் செய்துள்ளார்,angry,ta
"மணமகன் தலைவணங்கத் தயாராக இருக்கிறார், ஆனால் அவரது தந்தை சரியான நேரத்தில் திருமணத்தை ரத்து செய்தார்.",happy,ta
ஆனால் பாலா சாஹேப் இந்து மதத்தின் இந்த சக்தியைக் கொண்டிருக்கவில்லை என்று நினைக்கிறீர்களா?,neutral,ta
இது அனைத்து குஜராத்திகளின் பிரச்சனை,angry,ta
"நான் நீரஜ், நீரஜ் சோப்ரா அல்ல",neutral,ta
ஜோதி என்பதும் ஒரு பொதுவான மண்புழு,angry,ta
ஷார்ட்ஸ் கிழிந்து போகிறது என்று ஏற்கனவே தெரிந்ததால் தையல்காரரை அழைத்தேன்.,neutral,ta
உங்கள் தந்தைக்கு அவரது சொந்த செலவில் ஒரு நினைவுச்சின்னம் கட்ட உங்கள் முதலாளியிடம் கேளுங்கள்.,angry,ta
மேலும் கோப்கர் தனது வலுவான மரிஜுவானாவை இன்று கொன்றார் ???,happy,ta
"அகர்வால் (சஜ்வாடி கட்சி) தான் மோடியை அவமானப்படுத்துகிறார், பாஜகவும் அதைப் பற்றி பேசுகிறது",angry,ta
மராத்வாடா பல்கலைக்கழகத்தில் இந்த கழிவுகள் மீது யாராவது கடுமையான நடவடிக்கை எடுப்பார்களா? ஆம் ஆம்,angry,ta
அவர் ஒரு மோசமான தலைவர்,angry,ta
"போசாரிக்கு போ... ஊழல்வாதிகள், அடக்குமுறையாளர்கள் மற்றும் மிரட்சிகள் அனைவரையும் பிடிக்கவும்.. feku-tadiparty ""khajap"".",angry,ta
ஆப்கானிஸ்தானில் தலிபான்களால் சித்திரவதை செய்யப்பட்ட சீக்கியர்கள்!,sad,ta
இதற்கு நல்ல உதாரணம் பச்சை வெங்காயம். பொருளாதாரத்துக்கான நோபல் பரிசை யாரோ அவர் மீது வீசினர்.,angry,ta
முடிவு எடுக்கும்போதுதான் வெளியேற்றம் செய்யப்படும்.,angry,ta
"அதாவது, வோக்ஸ் ஏன் வழி நடத்துகிறார்?",angry,ta
அபயங்கர் அதிக சக்தி வாய்ந்தவர்,fear,ta
உங்கள் மாநிலத்தில் நடுத்தர வர்க்க யானைகள் எதையோ இனிமையாகத் தேடுவது போல...,neutral,ta
இது மிகவும் சோகமான சம்பவம்,sad,ta
அழுகையை கேட்க மிகவும் ஆர்வமாக உள்ளது,happy,ta
திருடன் வாந்தி வெடி என்பார்கள்... பொது அறிவு இல்லாத போது இப்படித்தான் நடக்கும்.,angry,ta
நீ என்ன செய்கிறாய்,angry,ta
"அட, என்ன ஒரு பொய்யான செய்தியை கொடுப்பது... படம் வெளியாகி பார்வையாளர்களின் வரவேற்பை பெற்றுள்ளது",angry,ta
என்ன நடந்தது உங்கள் வயிற்றில் நீங்கள் ஒரு குறும்புக்கார/நரி பென்குயினா?,angry,ta
ஏழு தலைமுறைகளையும் துரோகிகளாக அறிவிக்கவும்,angry,ta
தாக்கரே குழு உங்களை ஷிண்டே குழுவுடன் சமாளித்ததா???,angry,ta
கனமழை காரணமாக புனே நகராட்சி எந்த வகையான விளக்குகளை புனேவில் நிறுவியுள்ளது என்று யூகிக்கவும் - அஜித் பவார்,angry,ta
முகங்கள் தொடங்கிவிட்டன..இப்போது மகாராஷ்டிராவுக்கு தெரியும் குஜராத்தின் கொள்கை எவ்வளவு நல்லது என்று..,angry,ta
ஒரு புகழ்பெற்ற கல்லூரியுடன் அதன் தொடர்பு கல்வி முறைக்கு களங்கத்தை ஏற்படுத்துகிறது,angry,ta
களத்தில் என்ன நடக்கிறது என்பதைக் கண்டறியவும்.,angry,ta
கோபம்… இப்போது அவர்கள் ஏழைப் பெண்ணுக்கு உணவளிக்கிறார்கள்.,angry,ta
அதே பெயர் கொஞ்சம் நடக்குது... குஷிலிக்கு விளக்கம் சொல்ல வந்தான்..,neutral,ta
தைசாஹேப் தூங்குகிறாரா? மகாவிகாஷ் அகாடி வெற்றி பெற்ற அட்டவணை...,happy,ta
அவர் தோர்சேகரின் பக்தர். கடந்த காலங்களில் வாட்ஸ்அப்பில் அதிக அளவில் மெசேஜ்களை அனுப்புவது வழக்கம்.,neutral,ta
சத்ரபதியின் முகத்தில் இன்றும் நல்லகுபேரர்கள் கொள்ளையடித்த கோபம் தெரிகிறது.,angry,ta
ரசிகர்களே இந்த வீடியோவை முதலில் பாருங்கள்...பிறகு பேசுங்கள்.,angry,ta
இப்படி எழுதுவதன் மூலமோ அல்லது பேசுவதன் மூலமோ நீங்கள் அனுதாபத்தைத் தவிர வேறு எதையும் வெளிப்படுத்தவில்லை.,angry,ta
அவர் பெயரை ஏன் படத்திற்கு வைத்தீர்கள் என்று புரியவில்லை.,angry,ta
"மோசமான செய்தி, இந்த விபத்தில் உயிரிழந்த ராணுவ வீரர்களுக்கு பணிவான மரியாதை",sad,ta
ஆனால் இது போல் தெரிகிறது ...,neutral,ta
"அன்புள்ள வாடிக்கையாளரே, சிரமத்திற்கு மன்னிக்கவும், உங்கள் முந்தைய ட்வீட்டுக்கு நாங்கள் பதிலளித்துள்ளோம்.",neutral,ta
எப்பொழுதும் மஞ்சள் புத்தகம் படிப்பது போல் அவர்களிடம் ஆதாரம் இல்லை!,angry,ta
"ஜோடியை சால்வையால் அடிப்பதற்குப் பதிலாக, நீங்கள் அதை முன்னோக்கி அடித்தீர்கள்",angry,ta
இதெல்லாம் கமலாபாயின் கோமாளித்தனத்தால் நடந்தது.,angry,ta
"ஆமாம், நீங்கள் இன்னும் சட்டத்தை நடைமுறைப்படுத்துகிறீர்களா?",angry,ta
நாட்டில் இன்னும் அறிவிக்கப்படாத நெருக்கடி நிலை நீடிக்கிறது,fear,ta
காலம் இப்போது மாறிவிட்டது. இப்போது பெண் குழந்தைகள் இல்லை... இப்போது வேலையில்லாத குழந்தைகள் பெற்றோரின் தோளில் சுமையாக இருக்கிறார்கள்.,sad,ta
இது முரண்பாடாக இருக்க வேண்டும்.,neutral,ta
அது அக்டோபர் மாதம்,angry,ta
இது மிக மோசமானது சார்,angry,ta
துரோகி சட்டமன்ற உறுப்பினர்களை குணமாக்க துரோக கோஷ்டியில் சேர்ந்தாரா?,angry,ta
இது முட்டாள்தனம்...,angry,ta
"ஆம், நடவடிக்கை எடுக்க வேண்டும், ஆனால் அவர் தேச விரோத கோஷங்களை எழுப்பினாரா?",angry,ta
பிம்ப்ரி சின்ச்வாட்டில் கூட... உத்தவ்வும் சேர்ந்தார்... நிறைய அழுதார்.,angry,ta
குறைந்த பட்சம் நடவடிக்கை எடுப்பதற்கான புத்தியைக் கொடுக்க வேண்டும் என்று மோடி ஜியிடம் பிரார்த்தனை செய்தார்.,neutral,ta
"இந்தியா தோற்கவில்லை, இங்கிலாந்து வென்றது",neutral,ta
"உங்கள் பணி ஷிண்டே ஃபத்வார் அத்தை போல் உள்ளது, நீங்கள் மறுப்பு விளையாடுகிறீர்கள்",angry,ta
"கவனம் செலுத்துங்கள், இல்லையெனில் பெரிய பிரச்சனை ஏற்படும்",fear,ta
தகவலை வழங்க விரும்புகிறீர்களா?,neutral,ta
உங்கள் குரேஷி சாஹப்புக்கும் உங்கள் வழிகெட்ட பக்தருக்கும் என்ன நேர்ந்தது...,angry,ta
முன்பே செய்திருக்க வேண்டும் ஆனால் இப்போது இல்லை தோல்வி தவிர்க்க முடியாதது.,sad,ta
"நல்ல சாலைகளில், பொதுமக்களின் கவனத்தைத் தவிர்க்கும் வகையில், கற்கள் தானாகவே வைக்கப்படுகின்றன.",angry,ta
பாஜக சாலையை பிடித்தது,angry,ta
அரசியல் இப்படித்தான் இருந்தது,neutral,ta
மேலும் நாம் அதனால் அவதிப்படுகிறோம்,sad,ta
வேலைகள் இல்லை. அது அவருடைய சதி.,angry,ta
இதையெல்லாம் பார்க்க வேண்டும்,angry,ta
எந்த கட்சி வந்தாலும் சாமானிய மக்களுக்கு எந்த பலனும் இல்லை.,sad,ta
முக்கியமாக உள்துறை அமைச்சர் வேலையில்லாமல் இருக்கிறார்,angry,ta
அஜித் தாதாவுக்கும் பாஜக பதவியேற்றுள்ளது. ஏன் பாஜக துரோகி?,angry,ta
ஹெக்டர் தனக்குத் தெரியாது என்று சொல்கிறாரா?,angry,ta
ட்வீட் என்று நினைத்தேன் அதனால் பதில் வந்தது... மன்னிக்கவும் தோழமையே,neutral,ta
இப்போது கண்ணீரை நிறுத்த முடியாது.,angry,ta
எனக்கு இனி வேண்டாம்,sad,ta
"கத்தியை எடு, அது சரியான செயல்",neutral,ta
இது வரலாறு. மகிமை போய்விட்டது.,sad,ta
ஆட்சியில் இருக்கும்போது வாழைப்பழம் உறிஞ்சும் அமைப்பு...,angry,ta
மேலும் அம்மாவின் தோழியின் முகம் ஏன் கோணலாக இருக்கிறது? நாக்குக்கு அதே பெயர் கிடைப்பது சிரமமாக இருந்தது,angry,ta
தேர்தலில் மக்களை ஏமாற்ற இது ஒரு முக்கியமான காரணியாகும்.,angry,ta
"முழு மகாராஷ்டிராவும் தேவேந்திர ஜியால் பெருமை கொள்கிறது, யார் போலி பத்திரிகையாளர், நம்பிக்கையற்ற பத்திரிகையாளர் என்று நான் உங்களிடம் கேட்கிறேன்.",happy,ta
இது ஒரு மராத்தி கலைஞருக்கு பெருமை சேர்க்கும் விஷயம்.,angry,ta
இது தெரியாமல் மகாராஷ்டிராவில் ஆதிக்க சண்டையில் தேதி கொடுத்து வருகிறார்.,angry,ta
அனைவரையும் பாகிஸ்தானுக்கு அனுப்புங்கள். இப்படிப்பட்ட துரோகிகளுக்கு இந்த நாட்டில் வாழ தகுதி இல்லை.,angry,ta
"வணக்கம், ஏன் சென்றாய்? தடையாக",neutral,ta
"ஆம், அவர்கள் இந்துக்கள், அவர்கள் இந்து வெறுப்பு நிறைந்தவர்கள்.",angry,ta
"பலன்கள் கிடைக்காமல் போனால், திரைமறைவில் அரசியல் செய்து பாஜக நேரடியாக மக்களைத் தூண்டிவிடும் என்றார்.",neutral,ta
"நீ ஏன் பொய் சொல்லக்கூடாது, நீ பள்ளிக்கு சென்றாயா? அவர்களின் கல்வியை இப்போது பறிக்காதீர்கள்",angry,ta
இந்த நபர் முதலமைச்சரை தரக்குறைவான மொழியில் திட்டி உள்ளார். கடும் நடவடிக்கை எடுக்கப்படும் என எதிர்பார்க்கப்படுகிறது,angry,ta
சஹ்யாத்ரி பள்ளி தனியார் பள்ளி என்பதால் தானே மாநகராட்சி தண்ணீர் தொட்டிகளை சுத்தம் செய்வதில்லை.,neutral,ta
"வெற்றி நிச்சயம் இல்லை என, இந்த துரோகிகள் களத்தை விட்டு ஓடுகின்றனர்",angry,ta
"ஒரு கெட்ட கனவுடன் அதிகாலையில் எழுந்தேன், அடுத்த நாள் இப்போது எல்லாம் மகிழ்ச்சியாக இருக்கிறது",happy,ta
"நான் எப்போதாவது சரஸ்பாக் செல்வேன். இப்போது கூட்டம் சத்தம், போக்குவரத்து சத்தம் மட்டுமே வருகிறது.",sad,ta
நீங்கள் பத்திரிகை செய்ய விரும்புகிறீர்களா? அப்படியென்றால் பிட் என்ற பழமொழி ஏன்?,angry,ta
நீங்கள் சொல்ல விரும்புவது வடபாவ் கார்.,angry,ta
தாடி வளர்த்து மோடியாக மாற முயற்சிக்கிறீர்களா? ஆனால் தாடி வளர்ப்பது புத்திசாலித்தனத்தையும் ஞானத்தையும் அதிகரிக்குமா?,angry,ta
"மராத்தி கொலைகாரனாக இருக்காதே, மராத்தியில் வெளிப்படுத்து. எங்களுக்கு இந்த மொழி புரியவில்லை.",neutral,ta
"செமன்யா ஏன் வாலை கட்டிக்கொண்டு உட்கார்ந்திருக்கிறாய், இப்ப பேசாதே.",angry,ta
பலன்கள் சாமானியனைச் சென்றடையவில்லை என்றால் அனைத்தும் பயனற்றவை,sad,ta
எதிர்காலம் நிஜமாகிவிட்டதால் நான் கோபமடைந்தேன்,angry,ta
குழந்தையைப் பார்த்துக்கொள்ளும்படி அவளிடம் கேட்கப்பட்டதில் ஆச்சரியமில்லை... அவளுடைய புராதன ஞானமும் பொது அறிவும் அவளுக்குத் தெரியும்.,neutral,ta
ஐயா ஊழல் அதிகமாகிவிட்டது அதை சரிசெய்யவும்,angry,ta
சாணம் மற்றும் சொந்த சிறுநீரை உட்கொள்ளுங்கள்,angry,ta
கீவ் மற்றும் ஹுசுச் மட்டும் குறிப்பிடும் மேலும் ஐந்து முட்டாள்தனமான ட்வீட்களைப் படித்தால்..,angry,ta
ஜெய்தீப் தாக்கரே யாருடன் இருக்கிறார் என்று சொல்லுங்கள்?,angry,ta
சாந்தா ஷெல் யார் என்று இந்த முட்டாளுக்கு தெரியுமா?,angry,ta
இந்த முட்டாள் மற்றும் முட்டாள் பத்திரிகையாளரால் மக்கள் தவறாக வழிநடத்தப்படுகிறார்கள்,angry,ta
பாலா சாகேப் சிவசேனாவை அவமானப்படுத்துங்கள்.. அப்போது மக்கள் உங்களுக்கு தகுந்த பதிலடி கொடுப்பார்கள்.,angry,ta
புழு போல மெல்ல மெல்ல வெளிவரும் கூழ்...!,angry,ta
கார்த்திகை யாத்திரையின் போது பக்தர்களுக்கு இடையூறு ஏற்படாமல் பார்த்துக் கொள்ள வேண்டும் - மாவட்ட ஆட்சியர் கஜானன் குரவா,neutral,ta
தேசம் பலிகடாவை தோற்கடித்தது என்று முன்பே சொன்னேன்.,sad,ta
வீ ஹாய் ஷு நேனா டை என்கிறாள்,angry,ta
ஃபஸ்னாவிஸும் நானாலா கதர்நாத்தும் மிகச் சிறப்பாகச் செய்திருக்கிறார்கள்,happy,ta
ஓம் சாந்தி என்று கூறி தனது பேச்சை முடித்தார்.,sad,ta
தன்னை விட புத்திசாலி என்று நினைக்கும் கோழைத்தனமான வழக்கறிஞர்.,angry,ta
இப்போது இந்த வதந்தியை பரப்பிய குழுவின் அம்மா அமைச்சராக தாபா ஷிண்டே இருப்பாரா?,happy,ta
என்ன கொண்டு வந்தீர்கள் சார்? அதைப் படித்தபோது மிகவும் வருத்தமாக இருந்தது.,sad,ta
"நஷ்டத்திற்கு பயந்த ராஜ், தாக்கரே மூலம் இந்தத் தொழிலைச் செய்யத் தொடங்கினார்.",fear,ta
"பின்வாங்கி நின்றால் குத்துவிளக்கு திறப்பது உறுதி. வசந்ததா பாட்டீல், யஸ்வந்த ராவ்",angry,ta
என்ன ஒரு மொழி... என்ன ஒரு கலாச்சாரம்!,angry,ta
"பாலா சாகேப் பிரபோதங்கரின் வாரிசு, டோர்சேகர் சொல்வதைக் கேட்காதே, அவன் பெரியவன், அவன் என்ன வேண்டுமானாலும் சொல்கிறான்.",neutral,ta
தாத்தாவுக்கு யோகி ஸ்டைலில் பாடம் கற்பிக்க வேண்டுமா???,angry,ta
"நரேந்திர மோடி நாட்டின் பிரதமர் அல்ல, பாஜகவின் பிரதமர் மட்டுமே. -காங்கிரஸ் மாநில தலைவர் நானா படோலே.",angry,ta
ஐயோ இந்த கோப நரி இன்னும் இருக்கிறதே...இவ்வளவு காலம் எங்கே ஒளிந்து கொண்டிருந்தது,angry,ta
மணீஷ் சிசோடியாவை மோடி அரசு குறிவைப்பது உண்மையில் நியாயமற்றது.,angry,ta
புனித மங்களசூத்திரத்திற்கு எதிராக பைத்தியக்காரத்தனமான மற்றும் காங்கிரஸ் மனப்பான்மை கொண்ட எதிர்ப்பு.,angry,ta
சத்தமில்லாமல் பல கோடி ரூபாய் சம்பாதிக்கிறார்கள்,angry,ta
"ஏய் உபத், அவனுடைய தந்தையின் தரம் இருக்கிறதா?",angry,ta
இப்போது பா.ஜ.க.வினர் எவ்வளவோ தேடியும் அம்பு எடுத்து வெறுங்கையுடன் வந்துள்ளனர்.,neutral,ta
"ஏய் சகோதரர்களே, நீங்கள் மராத்தா மோர்ச்சாவை ஊமை மோர்ச்சா என்று அழைத்தீர்களா?",angry,ta
இது ஒரு மாயை,neutral,ta
சொல்லப்போனால் நான் பூரம்பொலி சாப்பிடுவதில்லை.,neutral,ta
நடக்க விரும்பவில்லை,neutral,ta
அவர் என்னை காயப்படுத்துகிறார்,angry,ta
"அனைத்து பெட்டிகளிலும் டிக் செய்யப்பட்டிருந்தால், நீங்கள் வாக்களிக்க ஆர்வமாக உள்ளீர்களா, ஏன்?",angry,ta
"தண்ணீர் குவியக்கூடாது, நீரேற்றப்பட்ட கெல்ப் வேலை செய்கிறது",happy,ta
இதற்கு மகாராஷ்டிரா மும்பைக்கும் புனேக்கும் அப்பாற்பட்டது என்பதை புரிந்து கொள்ள வேண்டும்.,neutral,ta
ஒர்க் ஃப்ரம் ஹோம் என்றால் ஆபீஸ் வேலையுடன் வீட்டு வேலை... வைத்தகவடி நுஷ்டி,angry,ta
ஒரு நாள் இந்த மேடம்கள் உத்தவ் தாக்கரேவின் சிவசேனாவின் எச்சங்களை நிச்சயம் உடைப்பார்கள்.,angry,ta
ஆனால் ராகுல் காந்தியால் மசூதியில் புல் நேரடியாக வளர்ந்தது. அதை பற்றி????,angry,ta
"மராத்தியில் ஒரு பழமொழி, உடல் என்றால் துணி சுமை என்று பொருள்",neutral,ta
PMC ஐ கேள்வி கேட்க முடியாதவர்களை பற்றி பேசுகிறீர்களா? குழப்பம்,neutral,ta
அதைத்தான் நாம் பணிச்சு (இலை தேள்) என்கிறோம். ஆனால் மக்கள் இறப்பதில்லை.,neutral,ta
இந்த செய்தி சேனல் அதே செய்திதான். எனக்கு சலிப்பாக இருந்தது,angry,ta
இலவச விளம்பரம் பெற யாரோ அவர்களை அழைக்க விரும்புகிறார்கள் என்பது வெளிப்படையானது.,angry,ta
இது ஆக்ஷன் பயத்தால் ஒன்லி ஃபேன்ஸ் நிறுவனர்களிடையே பீதியை ஏற்படுத்தியுள்ளது.,fear,ta
"இந்த வார்த்தைகளை பாக்கெட் பத்திரிகையாளர்களும், கோடி மீடியாக்களும் மறந்துவிட்டதாகத் தெரிகிறது.",angry,ta
See ஆபத்து.,angry,ta
"மேலும் திரு. பவார் காங்கிரசை உடைத்தார், என்ன ஒரு உத்தி.",angry,ta
கொங்கனியர்கள் ரானேவை அவமானப்படுத்தினர்,angry,ta
"இந்த விஷமிகள் மக்களின் உயிரைப் பணயம் வைத்து ஆடம்பரமாக வாழ்ந்து வருவதாகவும், எனவே அவர்கள் அலட்சியமாகச் செயல்பட வேண்டும் என்றும் தெரிவிக்கப்பட்டுள்ளது.",angry,ta
"உலகம் வஞ்சிக்கப்படுகிறது, ஏனென்றால் அது உள்ளே காணப்படுவதில்லை",neutral,ta
இத்தகைய மோசடியான பரிவர்த்தனைகள் உங்கள் கணக்கு இடைநிறுத்தப்படுவதற்கு வழிவகுக்கும்,angry,ta
நீங்கள் அதை ஏன் கீழ் அடுக்கு என்று அழைக்கிறீர்கள் என்பதை இப்போது சொல்கிறேன்,angry,ta
வாயை மூடு..ஏதோ,angry,ta
சில பொய்யான கதைகளை கூறி மக்களை ஏமாற்றுவது பாஜக கொள்கை என்பது உண்மை.,angry,ta
மகாராஷ்டிரா என்னை எங்கே அழைத்துச் செல்லும்?,sad,ta
மௌனத்தின் ஒழுங்கை மீறியுள்ளீர்கள்,angry,ta
இதுக்காக நான் அன்ஃபாலோ பண்ணுவேன்... கவலைப்படாதே.,neutral,ta
"அவரது மனைவி அவரை அழைத்ததும், அவர் வீட்டிற்கு வரத் தொடங்கினார், ஆனால் வழியில் மூன்று பேர் அவரைச் சுட்டனர்.",sad,ta
மாவியாவுக்கு வேட்பாளர் கிடைக்காது - பாபன்குலே,happy,ta
"உங்களுக்கு கேரட், சத்தாரு தெரியும், அடிப்படையில் உங்களுக்கு அமைச்சராகும் தகுதி இல்லை",angry,ta
இதுவரை எந்த நடவடிக்கையும் எடுக்கப்படவில்லை. வேலை நடந்து கொண்டிருக்கிறது,neutral,ta
பாஜக ஆட்சியில் இருந்தபோது இது எப்படி நடந்தது?,happy,ta
"இந்த பெண் யூதர் அல்ல, ஆனால் எல்லோரும் புத்திசாலிகள்",neutral,ta
உங்களைப் போன்றவர்களும் அடித்துக் கொல்லப்பட்டதாக உணர்கிறார்கள்,sad,ta
இது தெய்வங்களை அவமதிக்கும் செயலாகும்.,angry,ta
இந்த இறப்பு வரைபடம் அமராவதியில் தான் அதிகம்,sad,ta
சரியாக எழுதாமல் போகலாம் என்று எடுத்து எழுதினீர்கள்,neutral,ta
"அட்ரஸ் தவறாகவும், புல்லட் தவறாகவும் இருந்ததால் ஊடகங்களின் பங்கு வந்தது.",neutral,ta
பட்டாசு வெடித்து இயற்கை அன்னையை அவமதிக்கும் அனைத்து திவாலான பக்தர்களையும் கண்டித்து...,angry,ta
""""" என்பதற்கு பதிலாக """" என்ற போலி பெயரை ஏன் பயன்படுத்துகிறீர்கள்?",neutral,ta
பாசித் ஒரு தேசவிரோத செய்தித்தாளை நிர்வகிக்கும் பொறுப்பில் இருந்தார்.,angry,ta
. இப்படி யாராவது ட்வீட் செய்தால் பணம் எடுத்தால் கழுத்தை நெரிப்பதாக சொல்கிறார்கள்,angry,ta
காளைகள் மற்றும் எருமைகள் கூட அவமதிக்கப்படுகின்றன என்று நான் நினைக்கிறேன் ...,sad,ta
இங்குதான் நெருக்கடி நிலவுகிறது. முகபாவனைகளைப் பாருங்கள்.,fear,ta
மீதியுள்ள ஷெனிகன்கள் இன்னும் மகிழ்ச்சியாக இருப்பார்கள்.. ரிதுஜா லத்தும் எதிர்காலத்தில் ஷிண்டே குழுவில் இணைவார்.,neutral,ta
"கிராமத்தில் பள்ளிகள் இல்லை, இரண்டு உள்ளன, அவை மக்களின் கவனத்திற்கு வந்துள்ளன என்றார்",neutral,ta
புனேயில் தண்ணீர் தேங்காமல் கவனத்தை திசை திருப்ப இந்த உட்பிரிவுகள் அனைத்தும்! பொது அறிவு!,angry,ta
இது உங்கள் விதி அல்ல,sad,ta
"கூட்டம் பாம்பை நசுக்கப் போகிறது, ஆனால் அது பாவம் என்று முனிவர் எச்சரிக்கிறார்; ஆனால் ஒரு தவறு விலை உயர்ந்தது",sad,ta
போலாநாத் அனுதாபம் பெறுகிறார். வாக்காளர் கீவ் வந்து பிச்சை எடுப்பாரா?,neutral,ta
லோட்கே தைக்கு எதிரான சதியின் போது இந்த பாத்திரம் எங்கே இருந்தது?,angry,ta
"நாட்டில் வேலையில்லா திண்டாட்டம் இல்லை, வேலை வாய்ப்பு குறைவு. - நிர்மலா ஆத்யா",neutral,ta
உங்கள் கருத்து மதிப்பற்றது.. உங்களுக்கு தகுதி இல்லை..,angry,ta
அதன் பிறகு எண் வரும். உட்காருங்க..,angry,ta
இன்று நான் குருடனாகவும் காது கேளாதவனாகவும் இருக்கிறேன்,sad,ta
மகராஜின் சின்னத்தை தேச விரோதம் என்று சொல்பவர்கள் தேச விரோதிகள்.,angry,ta
எல்லா ஆண்களும் ஏன் இவ்வளவு சோம்பேறிகளாக இருக்கிறார்கள்.. என்பது ஒரு ஆராய்ச்சி தலைப்பு,angry,ta
இது தூய தீமை,angry,ta
மகாராஷ்டிரா கலாச்சாரத்தை பராமரிக்கும் போது யாருடைய கலாச்சாரம் நல்ல முடிவுகளை எடுக்கிறது?,angry,ta
ஷரத் சென்னின் வரலாறு மற்றும் புவியியல் இரண்டும் பச்சையாக உள்ளன.,angry,ta
நீங்கள் உண்மையில் எவ்வளவு மதிப்புள்ளவர்? அப்படி நினைக்கிறீர்களா?,angry,ta
மேலும் அனைத்து யெத்யா கஜ்ஜுகளும் பிரகாசிக்க விரும்புகின்றன,angry,ta
பாலாசாஹேப் இன்று மிகவும் வருத்தப்படுவார்,sad,ta
"குறிப்பாக டிவி மராத்தி, என்சிபி மஜா மற்றும் போகமாட்",neutral,ta
": கர்பா விளையாடிக் கொண்டிருக்கும் போது, ராஸ் திடீரென நின்று விழுகிறார்; குடும்பத்திற்கு முன் மரணம்",sad,ta
காதல் என்பது... வீட்டில் உட்கார்ந்து பிறருக்காக செத்து மடிவது... ஓக்ராவுக்கு என்ன தேவை...,angry,ta
மங்களசூத்திரம் திருடியது தொடர்பாக 4 வழக்குகள் பதிவு செய்யப்பட்டுள்ளதாக கூறப்படுகிறது.,neutral,ta
உண்மைதான் ஆனால் இந்து பண்டிகைகளின் போதுதான் இந்த பொது அறிவைக் கற்பிக்கிறீர்கள்.,angry,ta
"இருவருக்கும் இடையே துரோகம் உள்ளது, வரும் தலைமுறை வெட்கப்பட வேண்டும்.",angry,ta
நீங்கள் அவசரநிலையை ஆதரித்தீர்கள் ஆனால் மக்கள் எதிர்த்தார்கள்.,angry,ta
இந்தியாவின் ஃபுகு யார்? தேடல்,angry,ta
ஏதோ தெரியாத பயத்துடன் நடக்க ஆரம்பித்தாய். உணருங்கள்!,fear,ta
உண்மையா? எப்படி நம்புவது?,happy,ta
ஹா ஹா ஹா ஹா நீ நேரடியாக கொடுமை செய்பவர்களை தண்டிக்க,angry,ta
கிக் மற்றும் ஒரு டஜன் காளைகள் உங்கள் நீதிமன்றத்தில் கோபமாக உள்ளன,neutral,ta
"என்ன ஒரு குழப்பம்! இருட்டில் நேருக்கு நேர் விவாதம்! இருள் கண்டிப்பாக வரும், துரோக சக்திகளே!",angry,ta
"அவர்கள் பெரியவர்கள்(?), அவர்கள் வேலை என்னை விட பெரியது(?) இந்த வாக்கியம் நினைவுக்கு வந்தது.",angry,ta
செய்யக்கூடாததைச் செய்கிறார்கள்,angry,ta
வாக்களிக்காத இடம் எப்போதும் வாக்களிக்கப்படுவதில்லை.,sad,ta
"தொழிலாளர்கள் தங்களுக்குள் நடனமாடுகிறார்கள், ஆனால் மற்றவர்கள் அணிவகுத்துச் செல்கிறார்கள்... ஒருவர் நம்பிக்கையுடன் இருக்க வேண்டும், ஆனால் கிடைக்காமல் இருக்க வேண்டும்",neutral,ta
"லகா, விஷயம் உங்கள் வசதிக்காக.",angry,ta
சதக் துக்டோஜி மகாராஜின் நினைவு நாளில் அவருக்கு வணக்கம்.,happy,ta
சிந்துதுர்க் ரயில் நிலையம் கடந்த ஒரு மணி நேரமாக இருளில் இருப்பது ஏன்?,happy,ta
"இந்த குறிச்சொல் பயன்படுத்தப்பட்டது, இந்த குறிச்சொல் பிழையில் வந்தது...",neutral,ta
"நீங்கள் முதலில் சிவசேனாவில் சேர்ந்தீர்களா, பிறகு ஷிண்டே அறிவியலுக்காக?",neutral,ta
வழிபாடு இல்லாததால் மங்கி...,angry,ta
"தேவேந்திர ஜி சஞ்சய் ராவத் பற்றி கருத்து சொல்லவில்லை, ஆனால் அவர் யாருக்கு பயப்பட வேண்டும்?",neutral,ta
பள்ளி கண்காணிப்பாளர்கள் அதை விட புத்திசாலிகள்,angry,ta
பாஜக இங்கு இன்னொரு காக்காயை விதைத்துள்ளது,angry,ta
"ஐயா, உங்கள் கடமை என்ன, யாரைப் பற்றி பேசுகிறீர்கள் என்று தெரிந்து கொள்ளுங்கள்",angry,ta
இல்லவே இல்லை... பொட்டலம் கூடி இருக்கலாம்,neutral,ta
இந்த நான்கு மாதங்களில் அவர் தனது அரசியல் அடையாளத்தை வெகுவாகக் குறைத்துக்கொண்டார்.,sad,ta
உத்தவ் சாஹேப் அதற்குத் தகுதியானவரா என்று யெட்ஸ்வா அடிக்கடி கேட்டார்,angry,ta
"தாஜ்மஹால் மிருகத்தனம், கொள்ளை, கொள்ளை மற்றும் காமத்தின் சின்னம்.",angry,ta
கனமழையால் உயிரிழந்த விவசாயியின் குழந்தை தவிப்பு...,sad,ta
ஹிந்தி கொடுமைக்காரர்களின் மொழி.,angry,ta
"ஏய் பங்கேஷே சாச்சா, நீ ஒரு கொட்டை போன்ற பிச்சைக்காரன் ஆனால் ஒரு சராசரி மனிதன்.",angry,ta
இந்த பாலை விற்று ஏமாற்றும் அம்மா எப்போது ராஜினாமா செய்வார்.,angry,ta
இன்று கோபால் பாயை பாஜக கைது செய்தது.,neutral,ta
இதைப் பாருங்கள். உங்கள் வாக்காளருக்கு எதிராக ஏதோ நடக்கிறது.,fear,ta
உண்மையில் தாதாவுக்கு இந்து பெண்களுக்கு எப்படி நன்றி சொல்வது என்று தெரியவில்லை,angry,ta
"பந்தலூர், கோலாப்பூர் தெற்கு மற்றும் தெக்லூர் சட்டமன்ற இடைத்தேர்தல்களில் மக்கள் கருத்து, பாரம்பரியம் மற்றும் நேர்மறை அரசியல் எங்கே போயின?",angry,ta
அடிப்படை சித்தாந்தம் என்ன என்பது மகாராஷ்டிர மக்கள் அனைவருக்கும் தெரியும்,angry,ta
எந்த பாலாசாகேப் பாலாசாகேப் தோரட் அல்லது பிகே? துரோகி கும்பலைப் பற்றி தாக்கரேவைத் தவிர வேறு யாருக்கும் தெரியாது.,angry,ta
"துரதிர்ஷ்டவசமாக, ஊடகங்கள் ஒருதலைப்பட்சமான கதையை இயக்குகின்றன.",sad,ta
மேலும் இவர் இந்திய கிரிக்கெட் வாரியத்தின் செயலாளர்,angry,ta
"ஆனால் உங்கள் மதிப்பு அனைவருக்கும் தெரியும்! தூ ராவுத், பெயர் போதும்!",angry,ta
ஐம்பது வயது காவலாளி தானாஜி சாவந்த் தன் தாயிடம் அவள் உண்மையிலேயே மராத்தியனா என்று கேட்டார்.,angry,ta
"அவன் தோற்றுவிட்டான், சாதி அவனுடைய கடைசி ஆயுதம்.",angry,ta
"மோடி பேச்சுக்கு முன் பார்வையற்ற ரசிகரா? ,",neutral,ta
"அவரது உடல் ஒரு இடத்தில் இல்லை, உடல் இல்லை. என் விளையாட்டை விளையாடுகிறேன்",angry,ta
பின்னர் நிறுவனங்கள் போனஸ் குதிரைகளை வழங்குகின்றன,neutral,ta
"கோஷமிடுங்கள், அரசாங்கம் கவிழும், நாம் செய்ய வேண்டியது ஒன்றே ஒன்றுதான்",neutral,ta
"ஊழியர்களும் நமது தலைவர்கள் என்று நினைக்கிறார்கள், அவர்களின் நாட்கள் மதியம் 1 மணிக்குத் தொடங்குமா?",neutral,ta
இந்த டோஸ் வாக்லேவின் சீழ்க் குழாயையும் குணப்படுத்துகிறது என்கிறார் லாய்.,angry,ta
நீங்க சொல்றது சரிதான்... உங்க வீட்ல இருக்குற பொண்ணுங்க இப்படி சொல்றீங்களா....,angry,ta
இந்தப் புதிய கதாபாத்திரமும் படத்தில்தான் முதன்முறையாகத் தோன்றியது.,neutral,ta
ரசிகர்கள் இப்போது இறந்து போவதில் உண்மை என்ன?,angry,ta
சுபாரி சேனாவில் பாப் ரே போன்ற தலைவர் உண்டா?,angry,ta
புலனாய்வுப் பத்திரிக்கையை இப்போது விற்று மறந்துவிட்ட பத்திரிக்கையாளர்கள் இதை உதாரணமாகக் கொள்ள வேண்டும்.,angry,ta
ராஜினாமா செய்ய அழுத்தம்... ராஜினாமா செய்ய வேண்டாம் என்று அழுத்தம்...?,neutral,ta
தீபாவளிக்கு வந்து பாருங்கள்,happy,ta
இந்தப் பணம் நாட்டின் ஒவ்வொரு குடிமகனுக்கும் லட்சக்கணக்கில் முடோஜி எண்.,neutral,ta
இவர்கள் முட்டாள்கள் வெட்கமற்றவர்கள்!!!,angry,ta
"அரசியலுக்காகவும், அதிகாரத்திற்காகவும் மக்கள் என்ன செய்கிறார்கள் என்பதற்கு இது நேரடி உதாரணம்.",angry,ta
சிவசேனாவை விலைக்கு வாங்குவதில் எந்த லாபமும் இல்லை.,angry,ta
பல மனைவிகள் மீது ஒரு குழந்தையின் வார்த்தைகள்..மேலே சில அறிக்கைகள்..,neutral,ta
இந்த பெண் பாஜகவில் உள்ளார். பார்வையற்ற ரசிகர் எத்தனை முறை செய்வார்?,angry,ta
மைண்ட் குரூப் இந்த பாஸ்டர்ட் பத்திரிக்கையாளர் பிரசன்னா ஜோஷியை விற்றது,angry,ta
"குருட்டு முட்டாள்களே, கீழ்ப்படிதலைப் பற்றி உங்களுக்கு என்ன தெரியும்?",angry,ta
"நீங்கள் பின்வாங்கவில்லை என்றால், நீங்கள் கைவிட்டதாக ஒரு செய்தி வரும்.",fear,ta
"பணமதிப்பு நீக்கம் என்பது ஒரு நூற்றாண்டு மட்டுமல்ல, ஆயிரமாண்டு காலத்திலும் மிகப்பெரிய ஊழல்.",angry,ta
ஷீடல் ஒரு ஒட்டுண்ணி தாவரம் என்பதால் அது ஷிண்டே குழுவிற்கு மாற்றப்பட்டது.,angry,ta
"இவர்களுக்கு நாட்டு கரன்சி பற்றி கவலை இல்லை, யாரை இழிவுபடுத்துகிறார்கள்? ராஜ் தாக்கரே..",angry,ta
நீங்கள் பாகிஸ்தானியர்... ஏன் எங்களை நோக்கி விரலை நீட்டுகிறீர்கள்?,angry,ta
பாலா சாகேப் பெயரை கேடயமாக வைத்து பிஜேபியின் வாளை பின்னால் இருந்து திருப்பிய துரோக கட்சி!!,angry,ta
"அது வீட்டில் இருக்கிறதா இல்லையா என்று எனக்குத் தெரியாது, ஆனால் மக்கள் நிச்சயமாக உங்களைப் பின்தொடர்வார்கள்",fear,ta
இந்த முடிவு தவறானது...சுயேச்சையாகப் போராடியிருக்க வேண்டும்...,sad,ta
இந்தக் கணக்கும் முடக்கப்படும்... ஷெனாலி,angry,ta
"கேளுங்கள், ""நான் மீண்டும் வருவேன்"" என்பது ஒருபோதும் சாத்தியமில்லை, அது பாஜகவின் பெரிய பொய்!!!",angry,ta
"இந்த குழு நல்ல நகைச்சுவைகளை செய்கிறது, அவர்கள் முட்டாள்களாகக் கருதப்படுகிறார்கள் மற்றும் அத்தை அவர்களை குருட்டு ரசிகர்கள் என்றும் அழைக்கிறார்கள்.",angry,ta
பள்ளிக்கூடம் தொடங்கும் போது குழந்தைகளுக்கு கூட அவர்களின் எதிர்காலம் எவ்வளவு பிரகாசமாக இருக்கும் என்று தெரியாது.,sad,ta
யெட்ஜ்வேயை சுருக்கமாக எழுத முடியுமா..?,angry,ta
இது முட்டாள்தனமாக ஒலிக்கிறது,angry,ta
இந்த ரசிகர்களுக்கு பவார் சாஹிப்பும் பொறுப்பு,angry,ta
கஜ்யா என்பது கழுதையின் கிராம்,angry,ta
வேறு எதையும் சொல்லுங்கள் ஆதித்யாவும் தேஜஸும் சண்டையிடுவார்கள்.,neutral,ta
ராகுல் காந்தியால் மட்டுமே தாத்தாவை இப்படி அவமானப்படுத்த முடியும்,angry,ta
அதிகாலையில் ஹெலிகாப்டரை இவ்வளவு தாழ்வாக பறக்கவிடாதீர்கள்.. ஸ்லீப் மோடில் இருக்க வேண்டும்.,neutral,ta
பெஞ்சமின் டாட்டி தொகுத்து வழங்குகிறார்... ஆனால் என்ன சொல்கிறார்கள் என்று புரியவில்லை...,happy,ta
மோடி ஆட்சியில் இருப்பதால் ஏன் விசாரணை இல்லை?,angry,ta
"லாவெண்டரைப் பார்த்த பிறகு ஏற்படும் வலி, இருளைப் பார்த்தவுடன் இப்போது போய்விடும்.",angry,ta
ஒன்றுமில்லாமல் பாடுபடுவது விதியா?,sad,ta
ட்விட்டரில் எத்தனை முட்டாள்கள் இருக்கிறார்கள் என்று இன்று தெரிந்து கொண்டேன்,angry,ta
"மும்பை மாநகராட்சி வெற்றி பெற எவ்வளவு முட்டாள்...!! பந்தர்பூர், கோலாப்பூர், கட்காவாஸ்லா, டெக்லார் எங்கே போனது கலாச்சாரம்...!",angry,ta
"அண்ணாஜி பயிர் என், யானை நூறு முறை நடக்கட்டும். அது எங்களுக்கு முக்கியமில்லை.",angry,ta
"இப்போது அது அதிகமாகிவிட்டது, அப்பா!",angry,ta
மற்ற தலைவர்கள் என்ன செய்வார்கள்? பயணம் பற்றி பலருக்கு இன்னும் தெரியாது,neutral,ta
எம்எல்ஏ சஞ்சய் ஷிர்சத்துக்கு மாரடைப்பு ஏற்பட்டது.,neutral,ta
தீர்க்கப்பட்ட புகார்களின் புகைப்படங்களை ஏன் திருப்பி அனுப்ப வேண்டும்?,neutral,ta
"இல்லை, இது மென்மையான கோழி",neutral,ta
"கார்க்வாஸ்லா, பந்தர்பூர், கோலாப்பூர், டெக்லார் இடைத்தேர்தல்கள் எங்கே போனது உங்கள் கலாச்சாரம்?",angry,ta
விளைவு காங்கிரசுக்கு மக்கள் மகுடம் சூட்டுவார்கள்! அனைவரும் காங்கிரசுடன் தான் உள்ளனர்.,angry,ta
நான் உண்பதில்லை ஆனால் உண்பவர்களைத் தடுப்பதில்லை.,angry,ta
ரொம்ப நேரமாச்சு.. சீக்கிரம் போகணும்..,sad,ta
"எதிர்க்கட்சிகளை குற்றம் சாட்டி, அதற்கான காரணங்களை கூறி காங்கிரஸ் ஆட்சியை தொடர்கிறது.",angry,ta
இந்த சிறுபான்மையினர் வேறு என்ன செய்ய வேண்டும்?,angry,ta
தேவஜா ஷெரீப் சாப்பிட்ட பிரியாணி எலும்புகளை மெல்லச் சென்றார் ஒருவர்.,angry,ta
மனைவியைக் கவனித்துக் கொண்டாலும்... மூச்சு இல்லாதவன் ஓடிப் போவான்...,angry,ta
Gap Yedzvya....வயலை எரிக்க நினைக்க வேண்டும் ஆனால் அப்படி அல்ல....,angry,ta
புனேயிலும் பாஸ்கர் யாதவ் மீது வழக்குப்பதிவு... பிரேக்கிங்,happy,ta
நாடு வீழ்ச்சியடையவில்லை ஆனால் நாம் முன்னேறவில்லை,sad,ta
உங்கள் அதிகார இருக்கை அகற்றப்பட்டது,happy,ta
அது பயனற்றது,angry,ta
"ஏழ்மையை மறந்துவிடாதீர்கள், செல்வத்தின் அலைகள் சுழலாமல் இருக்கட்டும் - மதிப்பிற்குரிய ஸ்ரீ பாலாசாகேப் தாக்கரே.",happy,ta
பக்தர்கள் வெளியே செல்லாமல் இருளில் கழுவ வேண்டும்.,angry,ta
நீங்களும் உட்கார்ந்து பிரியாணி சாப்பிடுகிறீர்கள்...அது சரியில்லை சார்....,angry,ta
சுப்ரீம் கோர்ட்டின் தீர்ப்பு அனைத்து அடுத்தடுத்த தீர்ப்புகளையும் செல்லாது.,angry,ta
இவை மக்களை ஏமாற்றும் நாடகங்கள்,angry,ta
ரானே பனாவதி மீண்டும் சித்தாவுக்காக பிரச்சாரம் செய்ததால் தேர்தலில் இருந்து விலக வேண்டியதாயிற்று.,sad,ta
வேலை கிடைக்காவிட்டால் முட்டாள்தனமாக செய்திகளில் இடம்பிடிப்பார்கள்.,angry,ta
கால்களுக்கு அடியில் இருந்து மணல் நகரும் போது எதுவும் நகரவில்லை,angry,ta
அது உங்களுக்கு மதிப்புள்ளதா?,angry,ta
இரண்டு அல்லது நான்கு வடை பாவுகள் என்றால் ஒருவன் பிளாக்மாஸ்டர் ஆகிறான் என்பது மக்களால் நன்கு புரிந்து கொள்ளப்பட்டுள்ளது.,angry,ta
"நாங்கள் ரசிகர்களை முட்டையிட மாட்டோம், நமைச்சலை நாமே சொறிந்து கொள்கிறோம்.",angry,ta
இதை சொல்ல நீங்கள் யார்?,angry,ta
இருளை வெல்ல வேண்டும் என்பார்கள்,neutral,ta
"முதலில், லை பாக்கெட்டை சாப்பிட்டதாக சந்தேகிக்கப்படும் ஒரு அலையாலை சரிபார்க்கவும்.",angry,ta
"மும்பையின் சில பகுதிகளில், காய்ச்சல் (காய்ச்சல்) மற்றும் கொரோனா தொற்று நோயாளிகளின் எண்ணிக்கை மீண்டும் அதிகரித்துள்ளது.",fear,ta
"நீங்கள் எந்த உலகத்தில் இருந்தாலும், உலகத்திற்கு வாருங்கள்.",angry,ta
கவசம் தாங்கிய வீரர்கள் அனைவரும் துரோகிகள் அல்ல.,angry,ta
உத்தவின் அரசியல் விளையாட்டை முடிவுக்குக் கொண்டுவர அசிம் சரோட் மற்றும் உல்ஹாஸ் பாபட் ஒப்புக்கொண்டனர்.,angry,ta
அவர்கள் எல்லா இடங்களிலும் கழுதைகளைச் சுற்றி வருகிறார்கள்,angry,ta
இந்த வீடியோ என் தலையை சுற்ற வைத்தது,angry,ta
ராஜ் சாஹேப் ஒன்றைக் கைவிட்டார் என்பதை முதலில் விளக்குங்கள்.,angry,ta
பவார் சாஹேப்பும் வெற்றிலை சாப்பிடுகிறாரா??,angry,ta
உங்களுக்கு நினைவிருக்கிறதா?... இனி முட்டாள்களின் கையில் ஆட்சி இல்லை..,angry,ta
ஐஸ்கிரீம் என்று நினைத்து இந்த டார்ச்சை வாயில் எடுத்தான்.,neutral,ta
இது எழுத்துப் பிழை. இதை யாரும் விரும்பவில்லை...,neutral,ta
"அதாவது.. வடபாவ் கர்னி, தேங்காய் தண்ணீர் போன்ற அருவியா?",happy,ta
இந்தி படங்களின் தோல்வியால் நாட்டின் பொருளாதாரம் சரிகிறதா? ரகுல் ப்ரீத் சிங்கின் இந்த அறிவிப்பு அனைத்து இடங்களிலும் பரபரப்பை ஏற்படுத்தியது,happy,ta
உலகிலேயே பொது அறிவு உள்ள ஒரே நபர் ரோஹித் பாபட் மட்டுமே.,happy,ta
மராத்தி மனதுக்கு வாகன பலம் இல்லாததால் வந்திருக்கிறீர்கள்.,angry,ta
"வணக்கம், நாங்கள் மகாராஷ்டிராவிலிருந்து பார்க்கிறோம், பீகாரில் இருந்து செய்திகள் வருகின்றன.",neutral,ta
"யாருடைய சேவை, யாருடைய வளர்ச்சி, ஏன் அதானியும் அம்பானியும்?",angry,ta
எப்ப நடக்கும்... ஒருமுறை ராவாகரிக்கு போன் செய்தார்.,angry,ta
உதட்டுச்சாயம்? தடை! உங்கள் ஆதரவு அய்யா.,angry,ta
பிழைகள் உள்ளன. அவர்களிடமிருந்து என்ன எதிர்பார்க்க முடியும்? அவர் எதிர்க்கட்சியில் நல்லவர்.,angry,ta
"மீதியை விடுங்கள், ஆசிரியருக்கு எழுதிய கடிதம் முட்டாள்தனம்",neutral,ta
"ஆங்கிலேயர்களுக்கு ஆதரவாளர்கள் உள்ளனர், உள்ளனர் மற்றும் தொடர்ந்து இருப்பார்கள்.",angry,ta
இப்போது என் மாமா இறந்துவிட்டார்..,angry,ta
இப்போது மகாராஷ்டிராவிலும் எருமை நழுவினால் பந்தே பந்தே பந்தே நடக்கிறது.,neutral,ta
"எழுவது உப்புக்காக அல்ல, சாதி எங்கிருந்து எழுகிறது.",angry,ta
காக்கும் மதம் காயப்படுத்தும்.,sad,ta
"நன்றி, நான் இப்போது பேசும் மனநிலையில் இல்லை",angry,ta
வல்லரசுகளின் அழுத்தம் காரணமாக பத்திரிகையாளர்கள் பேசுவதில்லை,neutral,ta
பள்ளிகளை மூட முடிவு செய்தவர்கள்.. நண்பர்களின் உருவ பொம்மைகளை எரித்தனர்.,angry,ta
"உங்கள் தந்தை தனது அணியை விற்றார், நீங்களும் விற்றீர்கள்",angry,ta
ஏன் பாலாசாகேப் தோரட் சிவசேனா? தந்தையின் பெயரைச் சொல்ல வெட்கமா?,angry,ta
என்ன சுயமரியாதை கட்சி இது?,angry,ta
சண்டைகளைப் பார்த்து ரசிப்பதால் பார்க்கிறார்,neutral,ta
நாகரீகத்திற்காகச் செய்கிறார்கள்,angry,ta
"பணவீக்கத்தின் பரவல்; சிஎன்ஜி, பிஎன்ஜி விலை உயரும்",sad,ta
முஸ்லீம் வாக்குகளைப் பெற இந்த பயனற்ற மக்கள் எதையும் செய்வார்கள்.,angry,ta
"இப்போது நீங்கள் வீட்டில் உட்கார வேண்டும் என்றால், ஏன் கவலைப்பட வேண்டும்?",neutral,ta
"அவரது வீட்டின் மீதான தாக்குதலுக்குப் பிறகு, பாஸ்கர் யாதவ் ஃபட்னாவிஸ் மீது கடுமையான குற்றச்சாட்டுகளை முன்வைத்தார்; உள்துறை அமைச்சரின் உத்தரவின்படி...",angry,ta
"பெயர் இருந்தாலும், சிலர் அதை வோடஃபோன் நாய் என்று அழைக்கிறார்கள்.",angry,ta
"ராவணன் சொல்வது சரிதான் என்றாலும், பெட்டிகளுடன் கைலாசத்தை அவர் விரும்பவில்லை.",angry,ta
"வழிகெட்ட அரசர்களும், முட்டாள் நயவஞ்சகர்களும் நம் நாட்டிற்கு ஏராளம் கேடு விளைவித்துள்ளனர்.",angry,ta
ஏக்நாத் ஷிண்டே மகாராஷ்டிராவை வளப்படுத்தவில்லையா? அவர்களுக்கு அந்த சக்தி இல்லையா?,neutral,ta
"அதை விட சிறப்பாக, இந்த உண்மையான போட்டியாளரை டெம்பிஸ் பான்டா தாங்குகிறது",angry,ta
மக்கள் நெருக்கடியை சந்திக்கும் போது பாஜக தனது பொறுப்பை எப்படி தட்டிக்கழிக்கிறது என்பதற்கு இது மற்றொரு எடுத்துக்காட்டு.,angry,ta
"அது முடிந்தது, இப்போது அவர்களின் இரட்சிப்பு",angry,ta
"'இந்திய அணி பாகிஸ்தானுக்கு வரவில்லை என்றால், நாங்கள் வருவோம்...', ஜெய் ஷாவின் 'ஆ' ரோலுக்கு பின் பாகிஸ்தான் எச்சரிக்கை!",angry,ta
"மகாராஷ்டிராவில் எங்கள் காவல்துறை ஆட்சியில் இருந்தாலும் நாங்கள் நம்ப மாட்டோம், கடவுள் உங்களை ஆசீர்வதிப்பார்",sad,ta
அவர்கள் புதிய காட்டுமிராண்டிகள்...,angry,ta
அடடா... யார் என்ன பேசுறாங்கன்னு தெரியல,angry,ta
தவறுகளை மறைப்பது ரசிகர்களின் சிறப்பு.,angry,ta
முதலில் அந்தேரியில் அதிகாரிகள் ஒருவருக்கொருவர் தொலைவில் இருக்கிறார்களா என்று பாருங்கள்...,neutral,ta
காலையில் தீபம் ஏற்றுவது யார்? அவர்களுடன் எல்லாம் இருட்டாக இருக்கிறது,angry,ta
"தோழர்கள், லிம்ப்ராண்டு, மதச்சார்பற்ற, நீலம், பச்சை என அனைத்தும் செயலில் உள்ளன.. கண்டிப்பாக இது ஆதார் மூலம் நன்கு திட்டமிடப்பட்ட திட்டம்...",angry,ta
சாப்பிடும் தட்டில் எச்சில் துப்புவது நல்லதல்ல.,angry,ta
"ராம நவமி தினத்தன்று, மத்திய பிரதேச மாநிலம் கர்கோனில் பெரும் வன்முறை சம்பவம் நடந்தது.",fear,ta
ஒரு சிறு குழந்தை புரிந்துகொள்கிறது ஆனால் ஒரு துரோகி இன்னும் புரிந்து கொள்ளவில்லை,angry,ta
"ஓ, தர்பூசணி ஒரு கேள்வி என்று நினைக்கவில்லையா? அவர் பிச்சை எடுக்காவிட்டால் நாங்கள் கன்னடர்களாக இருக்க மாட்டோம்",neutral,ta
"அவருக்கு இல்லை, இப்போது திருமணம் நடக்கிறதா?",neutral,ta
பாஜக தலைவர்கள் எதில் குதித்தார்கள்? இப்போது ஓடிவிடு,angry,ta
"வரலாற்றில் வாழுங்கள், நிகழ்காலத்தை உருவாக்க உங்களுக்கு சக்தி இல்லை.",angry,ta
"மனிதனே, நீங்கள் மிகவும் வீண்.. #pocketjournalists என்பதற்கு இவை சிறந்த எடுத்துக்காட்டுகள்.",angry,ta
கதா டிபி பத்லானா... ரசிகனாக இருக்க உனக்கு தகுதி இல்லை...,angry,ta
"ஆமா, நானா இல்லாம அலுத்துட்டேன், ஓவர் ஆக்டிங், self love பற்றி தெரியாது.",sad,ta
வெங்காயம் சாப்பிடுவதில்லை ஆனால் தலை முழுக்க வெங்காயம்...!,angry,ta
மகாராஷ்டிராவில் ஆணுறை தயாரிக்கும் பெரிய திட்டத்தை தேவேந்திர ஃபட்னாவிஸ் கொண்டு வர வேண்டும் என்றால் மோடி மக்கள் நலனைக் கொல்லுகிறார்.,angry,ta
அம்பானி அதானி வீட்டில் இருந்து பிச்சை எடுப்பதை விட இது சிறந்தது.,angry,ta
இந்த மாதிரி ஏழை பத்திரிக்கை செய்வதை விட பட்டினி கிடப்பது மேல்.,angry,ta
ஆட்டை புலி என்று நினைக்கும் உங்கள் நாடகத்தை யாரும் பார்க்கவில்லை என்று நினைக்கிறீர்களா?,angry,ta
B கிரேடு உள்ளவர்கள் டேட்டிங் செய்ய ஆரம்பித்தால் என்ன நடக்கும்?,angry,ta
ஒரே பேச்சை விட பத்து மடங்கு ஆபத்தானது,fear,ta
ஏய் உனக்கு அது வேண்டும் ஆனால் எங்களுக்கு அது வேண்டாம்,neutral,ta
எனது ஓய்வு நாட்களை வாட்ஸ்அப்பில் அறிவைப் பகிர்ந்து கொள்கிறேன்.,sad,ta
எனது ஃபோன் எண்ணைப் புதுப்பித்து பல வருடங்கள் ஆகிறது ஆனால் இன்னும் பழைய எண்ணையே பார்க்கிறேன்,neutral,ta
சில பாத்தன்கள் அவங்க வீட்டுக்கு வந்திருக்காங்க அதனால தான் சமூகத்தில் இப்படியான சிதைவுகள் நடக்குது.,angry,ta
"இதன் விளைவாக, இந்த வாளி அழிந்து போகிறது",neutral,ta
தயானந்த் புத்வார் பெட் புரோக்கரா? அதாவது ஐயாவுக்கு வயதாகிவிட்டது,angry,ta
"""என் தந்தை சட்டத்தை எழுதினார், அதனால் நான் அதை மதிக்கிறேன்.""",happy,ta
ஜெய் சிவசேனா உத்தவ் பாலா சாகேப் தாக்கரே,angry,ta
கருத்து சுதந்திரம் என்பது பங்களாவில் கொலை,angry,ta
. இந்த பொய்யான செய்தியை முதலில் பரப்பியவர் இவர்தான்.,neutral,ta
இந்த வேதனையில் இருந்து குடும்பத்தை காப்பாற்ற சித்தேஸ்வரர் ருக்மே சக்தியை வழங்குவாராக!,sad,ta
"பொதுக் கருத்தைக் கொண்டவர்கள் முட்டாள்கள், அவர்கள் பரிசுகளைப் பற்றி நினைக்கிறார்கள்.",angry,ta
இந்திய ரூபாயின் மதிப்பு சரிவைத் தொடர்ந்து மத்திய நிதியமைச்சர் நிர்மலா சீதாராமன் சர்ச்சைக்குரிய கருத்தை தெரிவித்துள்ளார்.,angry,ta
முதலில் இதற்கு வந்திருக்க வேண்டும் ஆனால் துரதிர்ஷ்டவசமாக பெட்டிக்காக வந்தேன்…,sad,ta
வருங்காலத்தில் என்சிபி பிளவுபட்டால் முதலில் அக்கட்சியை விட்டு வெளியேறுவது தனு சகோதரர்கள்தான்,angry,ta
மகாராஷ்டிர துரோகிக்கு என்ன பதில் சொல்லப்போகிறது? மகாராஷ்டிரா தோற்றதில் மகிழ்ச்சியா?,angry,ta
"புஜ்பால் சுயநலவாதி என்றும், பாலாசாகேப் கைது செய்யப்பட்டதை மறந்துவிட வேண்டும் என்றும் உத்தவ்ஜி கூறினார்.",angry,ta
"சாக்கடை, டாய்லெட் தவிர வேறெதையாவது சிபாரிசு செய்வாயா.. டாய்லெட் மகனே",angry,ta
எத்தனை குச்சிகளை வேண்டுமானாலும் எடுத்துக் கொள்ளுங்கள். நீங்கள் விரும்பிய முடிவுகளைப் பெறாமல் போகலாம். எப்போதும் முகத்தில் அடிக்கும்,angry,ta
"கற்பழிப்பாளர்கள் பாஜகவிற்குள் வருகிறார்கள், அவர்கள் ஏன் அந்தக் கட்சியை விட்டு வெளியேறவில்லை?",angry,ta
ஏழைகள் உள்ளே இருக்கக்கூடாது,sad,ta
"மனிஷா இன்று தோற்றுப் போனவள் போல் பேசுகிறாள், நாளை அடி வாங்கத்தான் இந்த தயாரிப்பு.",fear,ta
மகாராஜாவின் பெயரைச் சொல்வது கூட குற்றம்,angry,ta
ஆனால் கடந்த சில ஆண்டுகளாக மும்பையில் கனமழை பெய்தபோது பாஜக ஏன் சிவசேனாவை குற்றம் சாட்டியது?,angry,ta
மக்கள் ஆனால் ஆக்கிரமிப்பு ஊழல் உதவாது,angry,ta
"ஐயா, நீங்களும் ஒன்று செய்யுங்கள்",neutral,ta
வழியில் மகாராஷ்டிராவின் பாரம்பரிய இடங்களைக் கண்டறியவும் :),neutral,ta
அவுரங்காபாத்தில் பல அமைச்சர்களைப் பற்றி கேள்விப்பட்ட பிறகும் அவுரங்காபாத் 'முற்போக்கானதா'?,angry,ta
"நிகில் ஜி, கடைசி எபிசோடை கேட்கவில்லை, தயவுசெய்து அதை மீண்டும் ஒளிபரப்பவும்!!",neutral,ta
"இந்து என்பது ஒரு மதம் அல்ல, ஒரு வாழ்க்கை முறை - ஸ்ரீமத் பகவத் கீதை",neutral,ta
இது குறித்து ஊகங்கள் எழுந்துள்ளன,angry,ta
"""அவுரங்கசீப் பிழைக்க முடியும், ஆனால் சாம்பாஜி மகாராஜால் உயிர் பிழைக்க முடியவில்லை."" -:போர்த்துகீசிய வைஸ்ராய்",angry,ta
நாம் அனைவரும் நமது குல்தேவ் ஜெய் ஹோவை பார்க்க வேண்டும்,happy,ta
"தேர்வு முடிவு அறிவிப்பு, உங்கள் முடிவை இப்படிச் சரிபார்க்கவும்",neutral,ta
விக்ரம் கூட அந்த அசிங்கத்தால் சித்திரவதை செய்யப்பட்டிருக்க மாட்டார்.,sad,ta
நான் கொங்கனில் இருக்கிறேன் என்று ஒருவரை எச்சரிப்பதற்காக ஆசிரியர் இதை ட்வீட் செய்துள்ளார்,neutral,ta
நீங்கள் மட்டும் ட்வீட் செய்கிறீர்களா அல்லது கீழே உள்ள கருத்துகளைப் படிக்கிறீர்களா?,neutral,ta
அவர்கள் என்ன பங்களித்தார்கள்?,neutral,ta
"குல்கர்னி, நீங்கள் எப்போதாவது புனேரி தலைப்பாகையைப் பார்த்திருக்கிறீர்களா? முண்டஸ்? கோலாபுரி ஃபெட்டா?",neutral,ta
இப்போது எப்படி சொன்னார் என்று பாருங்கள்...!,neutral,ta
அதாவது உங்கள் குடும்ப உறுப்பினர்கள். மக்கள் முடிவு செய்யட்டும்.,neutral,ta
பஸ் மாற முடியாதா??,neutral,ta
மேலும் இந்த செய்தி பொதுமக்களின் கருத்து,neutral,ta
பிறர் சொல்வதைக் கேட்காமல் இருட்டில் ஏன் பின்வாங்குகிறீர்கள்?,angry,ta
உங்கள் மரியாதைக்குரிய டிஜி பெயரை ஏன் எடுக்கக்கூடாது?,angry,ta
பாதுகாப்பு படையினரின் விசாரணை என்ன ஆனது? தாக்குதலை திட்டமிட்டது யார்?,angry,ta
ஆதித்யா ஒரு பொதுத் தலைவர்... தாதரை சேர்ந்தவர்,happy,ta
இந்த அறிவுரை எங்கிருந்து வந்தது?,neutral,ta
அந்த கட்சி அடிப்படையில் காங்கிரஸ் கட்சியை ஆதரித்தது..எமர்ஜென்சி,neutral,ta
"படிப்படியாக அனைவரும் வருவார்கள். தஹானு, பால்கர் பார்க்கவும்.",neutral,ta
"இது நமது காலம், இன்றைய குழந்தைகள் அல்ல",sad,ta
இந்த சம்பவம் குறித்து நாளிதழ்கள் செய்தி வெளியிட்டன.,neutral,ta
ஆம் எனக்கு தெரியும்,neutral,ta
ஏன் பார்க்கக்கூடாது?,neutral,ta
ஏன் இந்த செல்ல பிராணிகள் வேட்டையாடுபவர்களுக்கு உதவுகின்றன?,angry,ta
ஆம் இது என் நினைவுக்கு வருகிறது. அதாவது அவரது கட்சியை பிளவுபடுத்தியது எது?,neutral,ta
உங்கள் புகார் சம்பந்தப்பட்ட அதிகாரிகளுக்கு அனுப்பப்பட்டுள்ளது.,neutral,ta
நானும் அப்படித்தான் நினைக்கிறேன் ஆனால் கேடயமும் வாளும் கொடுக்க வாய்ப்பு அதிகம்.,fear,ta
மோடி ஆட்சிக்கு வந்த பிறகு எத்தனை பெண்களுக்கு நீதி கிடைத்தது?,angry,ta
"தேர்தலுக்கு தயாராகிக்கொண்டிருக்கிறார்கள், நேரம் கிடைக்கும் போதெல்லாம் பேசுகிறார்கள், ஆனால் நேரம் வரும் என்று நினைக்கவில்லை.",neutral,ta
எதற்காக ஒருவர் கடிதம் எழுதினார்?,neutral,ta
நீங்கள் உங்கள் கருத்தைச் சொல்லுங்கள்.. லோக்ஷாஹிர் அன்னபாவ் சாத்தே சொன்னதை நாடாளுமன்றமும் நினைவில் கொள்ள வேண்டும்...,happy,ta
"ஆதி ஏக்நாத் ஷிண்டே, ஃபட்னாவிஸ், நாராயண் ரானே, ராஜ் தாக்கரே, கிரித் சோமையா, ஷா, நட்டா ஆகியோர் மீது விசாரணை நடத்த வேண்டும்.",angry,ta
கொண்டு வருவீர்களா..?,neutral,ta
நாக்பூரில் இரண்டு மணி நேர சுமை கொட்டுதல் தொடங்கியது?,angry,ta
மேலும் முதலில் அனுஜ் பதக் மற்றும் ராகுல் கானிடம் விளக்கவும்.,neutral,ta
லக்கா நீங்கள் மராத்தியா அல்லது பிஹாரியா?,neutral,ta
சிவசேனாவை அழிக்கும் இந்த சதியை கண்டுபிடிக்கவும்,angry,ta
"தலைமை நீதிபதி இங்கு முடிவடையவில்லை, யாரோ அவரைப் பின்தொடர்வார்கள்",neutral,ta
இரண்டாவது பணி... நாளை முதல்,neutral,ta
உண்மையில் அனுப்ப வேண்டும்,neutral,ta
இது நம் அனைவருக்கும்..,neutral,ta
ஸ்ப்ரே இருக்கிறதா?,neutral,ta
பாக்யா ராவணனை நம்புகிறாள் ஆனால் உன் ராமர் கற்பனை என்று நினைக்கிறாள்.,happy,ta
"அதை அதிர்ச்சி என்று சொல்வதில்லை, அழுகை என்று சொல்வார்கள். ஆண்கள் அப்படி அழுவதில்லை. சிறு காயம்",angry,ta
: மூன்றே வாரத்தில் லட்சக்கணக்கான ரூபாய் அள்ளிய 'இந்த' மல்டிபேக்கர் பங்கு!,happy,ta
அதைத்தான் நான் கேட்க விரும்பினேன்,happy,ta
அது என் மகன்பாடி...,happy,ta
தாமரை மலர்ந்தது ஏன் வாள் விழுகிறது?,neutral,ta
அவர் மகாராஷ்டிரர்களாலும் தேசபக்தர்களாலும் விரும்பப்படுபவர். பச்சாதாபம் என்ற வார்த்தை பொருத்தமற்றது,neutral,ta
இதெல்லாம் நமக்கு முன் சகஜம் மகேஷ்...,neutral,ta
அதனால் தான்,neutral,ta
அது தவறு,neutral,ta
பாபா சாகேப் அம்பேத்கர் என்றும் என்றும் இருப்பார்,happy,ta
உங்கள் சுற்றுப்புறத்தில் டாடியாவைக் காணவில்லையா?,neutral,ta
"சொல்லுங்கள் ஐயா, உங்கள் மாநிலத்தில் என்ன நடக்கிறது?",angry,ta
"பூஜா சாவந்தின் இன்ஸ்டாகிராம் பதிவு வைரலாகி வருகிறது, பார்த்தீர்களா?",neutral,ta
அமெரிக்க விவசாயி ஒருவர் தனது கோழியின் கழுத்தை அறுத்தார் ஆனால் கோழி இறக்கவில்லை.,happy,ta
ராஜ் தாக்கரே கூட இதைத் திரும்பத் திரும்பச் சொல்லிக் கொண்டிருந்தார்,neutral,ta
"அது வணிகமாக இருந்தாலும் சரி, தனிப்பட்டதாக இருந்தாலும் சரி, நானும் செய்கிறேன்",neutral,ta
அப்பாப் என்றால் ஆட்டம் சீராக நடக்கிறது,happy,ta
"ஏய், பணத்தை எடு, இலவசமாக கொடுக்காதே.",neutral,ta
"இப்போது அது உத்தவ் சாகேப்பின் யோசனைக்கு செல்கிறது, பாலா சாஹேப்பின் யோசனை அதற்கு பொருந்தாது.",neutral,ta
"அதனால் தாதா சொன்னார், இப்போது திருமணம்தான் கடைசி விருப்பம்.",neutral,ta
உண்மை..,happy,ta
இப்பிரச்சினைகளின் வளர்ச்சியில் நடுநிலையாக இருக்க வேண்டிய பெரிய பொறுப்பு ஊடகங்களுக்கு உண்டு...!,neutral,ta
நீங்கள் சிறுவயதில் ரேபிஸ் தடுப்பூசியைப் பெற்றுள்ளீர்கள்.,neutral,ta
உறவைப் பிரதிபலிக்காமல் மகிழ்ச்சியாகவும் பொறுப்புடனும் வாழ மக்கள் கற்றுக்கொள்ள வேண்டும்.,neutral,ta
உங்கள் மனைவியின் தீபாவளி ஷாப்பிங் செய்துவிட்டீர்களா?,neutral,ta
சிவபோஜன் திட்டத்தை ஆய்வு செய்கிறார்! திட்டங்கள் நிற்கவில்லை!!!,happy,ta
ஆண்களைப் பற்றி சொன்னதை இப்போது மூடி மறைக்க வேண்டும் என்று தோன்றுகிறது.,angry,ta
லால் மஜா பெயர்ச்சொல் மொழியைப் பற்றி சோவலிடம் கேட்கச் செல்கிறார்,neutral,ta
தர்க்கம் புரிந்ததால் பதில் சொல்லவில்லை.,neutral,ta
அச்சச்சோ! இது என்னுடைய அடையாளம்,angry,ta
பாலாசாகேப் தோரட் உதய் ராவ்,neutral,ta
அரசியல் ஆய்வாளர் அமல் சர் வடக்கு மகாராஷ்டிராவில் ஒரு பெரிய தலைவராக அறியப்படுகிறார்.,happy,ta
தயாராகுங்கள் நண்பர்களே! இனி பால் விலை உயரும்!,happy,ta
"ஆந்திரா, தெலுங்கானா, கேரளா, கர்நாடகா, தமிழ்நாடு என அனைத்து மாநிலங்களிலும் அமோக வெற்றி பெறும்.",happy,ta
அடுத்த உள்ளாட்சித் தேர்தலில் இந்தக் கூட்டணியுடன்தான் போட்டியிடுவோம். தீபக் கேசர்கர்,neutral,ta
"பிச்சை எடுத்து, ஒரு பையில் எடுத்து, கிண்ணத்தை முழுவதுமாக சாப்பிடுங்கள்",neutral,ta
யாதவ் சாகேப் இரண்டு துன்பங்கள் வேறு. இதில் கவனம் செலுத்துங்கள்.,neutral,ta
பிஜேபி முன் ரிதுஜா பின்வாங்க 'விடி'!,neutral,ta
அது எவ்வளவு காலம் எடுக்கும் என்பதை நாங்கள் ஒருபோதும் உணரவில்லை.,neutral,ta
ஆனால் இவர் யார்?,neutral,ta
ஏன் நிறுத்தினாய்?,angry,ta
ஆனால் எது?,neutral,ta
PFI ஐ அரசாங்கம் ஏன் தடை செய்துள்ளது? இவைதான் முக்கிய காரணங்கள்...,neutral,ta
வாகலின் எதிரிகள் சங்கங்களும் பிராமணர்களும்.,angry,ta
"மாஸ்டர்கள் எல்லா தந்திரங்களையும் கற்றுக்கொடுக்கிறார்கள், ஆனால் ஒரு தந்திரம் என்றென்றும் இருக்கும்...",neutral,ta
தலைவர் இறந்த பிறகு வேட்பாளரை நிறுத்தாமல் இருப்பது சரி என்று நினைக்கிறீர்களா?,neutral,ta
நானா படேகர் தாதா,happy,ta
கோலாப்பூர் இடைத்தேர்தலின் போது சன்ஸ்கர் விடுப்பில் இருந்தார்.,neutral,ta
அவர்களுக்கு கருத்து இருக்கிறதா?,neutral,ta
வரம்புகள் உள்ளன என்பதை முதலில் அறிந்து கொள்ளுங்கள்...,neutral,ta
அவர்கள் பிறப்பால் இந்துக்களா????,angry,ta
இதற்கு முன்னரும் இந்த முயற்சி மேற்கொள்ளப்பட்டது. மோடி குஜராத் முதல்வராக இருந்தபோது இந்த பாணியைக் கொண்டிருந்தார்.,neutral,ta
"ஃபட்னாவிஸ் ஐந்து வருடங்கள் முதலமைச்சராக இருக்கிறார், யார் ட்வீட் செய்கிறார்கள்?",neutral,ta
நான் இத்தாலி மாவட்டத்தில் சேர நினைக்கின்றேன்...,neutral,ta
சாந்தர்குல்யா என்ற சொல் விதர்பாவில் மிகவும் பிரபலமானது. இந்த எம்.எல்.ஏ.வுக்கும் அதுதான் நடந்தது.,neutral,ta
கொழுத்த சகோதரன் கடவுளால் தண்டிக்கப்பட்டார் என்று நம்பப்படுகிறது.,happy,ta
உங்களைப் போன்ற பார்வையற்றவர்களின் கண்களைத் திறக்க எனது ட்வீட் இது.,angry,ta
| இந்த நிலையில் ‘பிரம்மாஸ்திரா’ படம் வெளியாகவுள்ளது,neutral,ta
யாருடைய கதை சொல்கிறது?,neutral,ta
எங்களுக்குத் தெரியப்படுத்தியதற்கு நன்றி. உங்கள் புகாரை சம்பந்தப்பட்ட துறைக்கு அனுப்பியுள்ளோம்.,neutral,ta
டிசம்பர் வரை மழை பெய்யுமா?,happy,ta
PFI இன் WhatsApp குழு நிர்வாகி பாகிஸ்தான் SIMI ஆக செயல்படுகிறார்; ஏடிஎஸ் விசாரணையில் தெரியவந்தது,angry,ta
இப்போது அது சரி செய்யப்பட்டது! உத்தவ் தாக்கரேவின் ஜோதியை இடைமறிக்க ஷிண்டின் கேடயம்-வாள் தயார்!,neutral,ta
"பொதுநலன், மக்கள் எடுக்கும் அரசு முடிவுகள் பொதுநலன் சார்ந்தவை",happy,ta
'மகாராஷ்டிராவின் பாரம்பரியத்தை காப்பாற்ற பாஜக பாடுபட்டது'; ஏக்நாத் ஷிண்டே பதிலளித்தார்,happy,ta
தேவேந்திர ஃபட்னாவிஸ் தொலைநோக்கு பார்வை கொண்ட தலைவர் என்று இது அர்த்தப்படுத்துகிறதா? ஃபட்னாவிஸ் இதைச் செய்தார்…,happy,ta
தற்போது அரவிந்த் தாதர் தேர்தல் ஆணையத்தின் வழக்கறிஞராக உள்ளார்.,neutral,ta
"ஓ, ஆனால் இவ்வளவு நேரம் எங்கே இருந்தாய்?",happy,ta
: ஏன் மேகம் வெடித்து மழை பெய்கிறது? இதன் பின்னணி என்ன?,neutral,ta
அதை மறக்க முடியாது,sad,ta
இதை அவனுடைய அம்மா அவனிடம் சொல்லிக் கொண்டிருந்தாள்,neutral,ta
"ரவிகாந்த் ஜி, உங்கள் பெட்டிகள் சிறையில் பாதுகாப்பாக உள்ளதா?",angry,ta
ஏற்கனவே மத்திய அரசின் கோரிக்கைகளுக்கு கட்டுப்பட்டு செயல்படும் தன்னாட்சி அமைப்பு தேர்தல் ஆணையம்.,angry,ta
"தொடர்ந்து குறியிடுங்கள், அவர்களைத் தொடர்புகொள்வதற்கான ஒரே வழி இதுதான்",neutral,ta
"ஐயா, நீங்கள் ஏதாவது சட்டத்தை மாற்றுகிறீர்களா?",neutral,ta
இதைப் படிப்பது சிலருக்குப் புரியும்:,sad,ta
வாளா அல்லது குத்துவாளா????,happy,ta
உங்களின் பகுப்பாய்வு கூர்மையாக இருப்பதால் மக்கள் உங்கள் கருத்துக்களை விரும்புகிறார்கள்.,happy,ta
இடது கையால் சாப்பிடும் நேரம் இது.,neutral,ta
பத்திரிகையாளர்கள் மற்றும் அரசு ஊழியர்கள் என்று அழைக்கப்படும் எங்களுக்கு இது குறிப்பாக உண்மை.,angry,ta
ஆனால் சங்கியா சிறையில் விடுமுறைக்கு சென்றாரா?,angry,ta
பெரிய செய்தி! ஷிண்டே அரசு மற்றொரு முக்கிய முடிவை எடுத்துள்ளது,happy,ta
இவர்கள் மலிவான ஆர்வலர்கள்,neutral,ta
இந்த போக்கு காலப்போக்கில் உடைக்கப்பட வேண்டும்.,angry,ta
"அப்போது நீங்கள் பாகிஸ்தான், இந்தியாவுக்கு எதிராக வெற்றி பெற்றீர்கள்",happy,ta
இன்னும் இரண்டு நாட்களில் நாந்தேட் மாவட்டத்தை அடைவேன்,neutral,ta
"லா லிகாவின் சிறந்த போட்டி எஃப்சி பார்சிலோனா vs ரியல் மாட்ரிட், அது பைத்தியமாக இருக்கும்.",happy,ta
"சாஹிப் சிவசேனாவில் இருந்தபோது, இது பழைய படம்",neutral,ta
இதுவும் திரு.பாலா,happy,ta
ஜோஷிக்கு பிரசன்னா பதில் சொல்லவில்லை என்கிறீர்கள்.,neutral,ta
சுசு ஏன் அப்படி? அவர்கள் அதே துளையை புகைப்படம் எடுக்கிறார்கள்,angry,ta
"சீட் விழும் என்று நினைத்திருந்தால், இப்போது அது தொடங்கிவிட்டது",neutral,ta
இல்லாவிட்டால் இந்த கோமாளி காட்டுமிராண்டியாகிவிடுவான் அண்ணா.,angry,ta
இது உங்கள் வீட்டில் நடக்கும்.,neutral,ta
கிராமத்து குடிகாரர்கள் ஆங்கிலம் பேச மாட்டார்கள்.,neutral,ta
"புதிய கட்சி, புதிய பெயர், ஒரு சீட் தேர்தல், எம்எல்ஏ-எம்பி சண்டை",happy,ta
அவர் ஒரு ராணுவ வீரர்...,happy,ta
அதாவது தேசியவாத மற்றும் தேசிய எதிர்ப்பு கருத்துக்களுக்கு இடையிலான போராட்டம்.,angry,ta
தேர்தலை போட்டியின்றி நடத்தக்கூடாது,neutral,ta
இருவரின் உள்ளத்திலும் உண்மை..!,happy,ta
அவருடைய பழைய புகைப்படங்களைப் பார்த்தீர்களா?,neutral,ta
இசை கனமானது,happy,ta
மரணத்தை அச்சமின்றி அவ்வப்போது நினைவுகூர வேண்டும்.,neutral,ta
இல்லையா,neutral,ta
ஆம் எனில் அவர் எதற்காக உச்சநீதிமன்றம் சென்றார்? கபில் சிபலுக்கு நிதி உதவி செய்து வருகிறார்,angry,ta
நான் எப்போதும் என் மனதில் பட்டதை எழுதுவதை நிறுத்திக் கொள்கிறேன்.,sad,ta
மழையால் ஏற்பட்ட நெல் இழப்புக்கு இழப்பீடு.,sad,ta
தேவையான நடவடிக்கைக்காக தானே நகரின் போக்குவரத்து கட்டுப்பாட்டு அறைக்கு உங்கள் தகவல் தெரிவிக்கப்பட்டுள்ளது.,neutral,ta
அவை அனைத்தும் மஞ்சள்! மினி ஜெஜூரி நிலையம் இன்று ஏற்பாடு செய்யப்பட்டது!,happy,ta
எஸ்டி எப்போது இணையும் ஐயா ?? இப்போது முடிவு உங்கள் கையில்.,neutral,ta
இந்த கோரிக்கையை பரிசீலிக்கவும்...ஜெய் ஸ்ரீராம்!!,neutral,ta
"இப்போது கட்சித் தலைவர்கள் ராஜ் சாகிப்புக்கோ, பவார் சாகிப்புக்கோ அல்லது ஃபட்னாவிஸ் சாகிப்புக்கோ யாருக்கு நன்றி சொல்வார்கள்?",neutral,ta
வேட்பாளர்கள் என்ன செலுத்தப் போகிறார்கள்?,neutral,ta
அனைத்து சிவாலயங்களிலும் பாரத மந்தி யாத்திரை நடத்தப்படுவதாக தெரிகிறது,neutral,ta
பாலா சாஹேப் ஒரு உறுதியான பழைய சிவ சிப்பாய்.,happy,ta
அதனால் அந்த வரி கவனத்தை ஈர்த்தது என்பது நல்ல செய்தி,happy,ta
உள்நாட்டு எல்பிஜி திட்டத்திற்கு மத்திய அமைச்சரவை ஒப்புதல் அளித்துள்ளது,neutral,ta
"மாடுகளை வண்டிகளில் கட்டி வைப்பது வழக்கத்திற்கு மாறானதும், கொடுமையானதும் ஆகும், எனவே கால்நடைகளை கால்நடையாக நகர்த்துவது நல்லது.",angry,ta
"சஹஜ யோகா ஷோபா யாத்ரா, இந்தி (கர்னல்) டிசம்பர்:",neutral,ta
இன்று ஞாயிறு ஏன் ஆங்கிலத்தில்?,neutral,ta
வீட்டில் இருப்பதன் அர்த்தம் என்ன?,neutral,ta
உண்மையான தீபாவளி அவன் கையில்,happy,ta
"யோகிராஜ் எப்படி செய்தார், ஏன் மகாராஷ்டிராவில் ஹண்டர் போன்ற நடவடிக்கை இல்லை?",angry,ta
இது உண்மையில் ஒரு ஸ்டார்டர் அல்ல. நீங்கள் எதிர்பார்த்த நாள் இது,happy,ta
இது அஜய் தேவ்கனின் தில் வாலே,neutral,ta
ஸ்ரீ கணேச சம்ரித்தி எப்போது? .. .//,neutral,ta
ஏனென்றால் அவர் வெளிநாட்டில் படித்து வருகிறார்,neutral,ta
டேப் பாதி முடிக்கப்பட்டதாகத் தெரிகிறது. இறுதியில் இணைப்பை வழங்கவும்.,neutral,ta
ஜனாதிபதி திரௌபதி முர்மு இன்று முதல் திரிபுரா மற்றும் அசாம் மாநிலங்களுக்கு மூன்று நாள் பயணமாகிறார்.,neutral,ta
பணவீக்கம் உயரவில்லை என்றால் ஊதியம் குறையும்...,sad,ta
இந்த நபர் மூன்றாம் தரப்பாக மாறுகிறார்!,happy,ta
"அதைப் பற்றி எனக்கு எதுவும் தெரியாது, அதைப் பார்க்கிறேன்.",happy,ta
இன்று முதல் உத்தவ் தாக்கரே மக்களிடம் கூறுவார்: 'பாலா சாகேப்பின் சிவசேனாவை தோற்கடிக்க விரும்புகிறோம் என்பதை அனைவரும் நினைவில் கொள்ள வேண்டும்.,angry,ta
". அவளுடைய தலைமுடியும் கலைக்கப்பட்டது, அவள் ஒரு சங்கு ஷெல் காதணியை அணிந்திருக்கிறாள்.",happy,ta
குறைந்தபட்சம் எங்களுக்கு விருப்பங்கள் உள்ளன,angry,ta
இது ஒரு…,neutral,ta
உங்கள் நகரப் பொறியாளரின் பெயர் மற்றும் எண்ணை என்னிடம் தெரிவிக்க முடியுமா?,neutral,ta
குறிப்பு - எழுத்துப்பிழை திருத்தம் தேவை! மற்ற கட்டுரை நன்றாக உள்ளது.,neutral,ta
இப்போது நீங்கள் ட்விட்டரில் இருந்து வெளியேறினாலும் இது வேலை செய்யும்,neutral,ta
"ராதா-கிருஷ்ணர் சிலைகளை வீட்டில் வைத்தால், இந்த வாஸ்து விதிகளைப் பின்பற்ற வேண்டும்.",neutral,ta
அதிக பணம் சம்பாதிப்பதை விட நீங்கள் சம்பாதிக்கும் பணத்தை திட்டமிடுவது முக்கியம்.,neutral,ta
பந்து சிறிது குறைய வேண்டும்,neutral,ta
ஷிண்டே குழுவிற்கு நிவாரணம் கொடுத்தால் தேர்தல் ஆணையம் ஷிண்டே குழுவை நிர்வகிக்கிறதா?,angry,ta
விஷம் என்கிறீர்களா??,neutral,ta
சக்தி என்பது சக்தி,neutral,ta
"இவை அனைத்தும் உண்மைதான் ஆனால் கடவுள்களின் பிறப்பு, குழந்தைகளின் பொழுதுபோக்கு போன்ற கதைகள் ஏன் இல்லை?",happy,ta
இப்ப நானா நல்லா இருக்கான்னு சொன்னாங்க.. கொஞ்சம் டெஸ்ட் பண்ணுங்க,neutral,ta
"ஜெய்தீப் தாக்கரே அங்கு இருந்தார், ஜெய்தீப்புடன் அவரது மாமா உத்தவ் ஜி தாக்கரேயும் இருந்தார்.",neutral,ta
"'பச்சை', இளமை அலங்காரம்; நிறமா... ./?",neutral,ta
இப்போது ஏன் மானசபுத்திரனை இங்கு கொண்டு வந்தாய்?,angry,ta
ஸ்லட் பான்பி குனிந்து... தூங்குகிறார் ஆனால்...,angry,ta
இந்த படம் எப்பொழுது நிஜமாகும்...எப்படி...ஊகிக்க... பார்க்கலாம்...,happy,ta
ஏன் அணிகிறார்கள்.. அது அவர்களுக்கு மட்டுமே பலன் தரும்,angry,ta
ஏன் சார் சில உறவினர்கள்?,angry,ta
மேலும் சிறை பயணம் இலவசம்,angry,ta
அரசு அனுமதிக்கிறதா?,neutral,ta
ஆங்கிலேயர் காலத்தைத் தவிர மற்ற அனைத்தும் பயன்படுத்தப்பட்டன. இன்னும் பல சேகரிப்பில் உள்ளன,neutral,ta
கசாப்பு கடைக்கு போனா வீட்டில் வம்பு பண்ணாதே,neutral,ta
அவர்கள் யார் தெரியுமா?,neutral,ta
",,வாடோ மீ விகிதம்,,",neutral,ta
தைராய்டை தவிர்க்க இந்த வழிமுறைகளை பின்பற்றவும்,neutral,ta
திரு. ஷிண்டே ஒரு பொது நல முடிவை எடுத்தார்,happy,ta
இது என்ன வசதி?,angry,ta
அம்பாதாஸ் ஜலீலின் கால்களைப் பிடித்து மூன்று நாட்களாகிறது.,sad,ta
"ஜன்னலுக்கு வெளியே பார்த்தவன் சற்று எச்சரிக்கையாக இருந்தான், அவன் மனதின் வாசலில் புயல் உறுமியது.",fear,ta
இந்த மேடத்திற்கு நான்கு நிறுவப்பட்ட குழுக்கள் பொறுப்பு,angry,ta
நானும்.. கோகர்ண மகாகணபதி மிக அருகில் இருக்கிறார்..,happy,ta
நானே யோசித்தேன்,happy,ta
மேலும் காதல் என்பது செய்ய முடியாத ஒன்று...!,neutral,ta
"ஆனால், இவ்வளவு மழை பெய்தால் என்ன நடவடிக்கை எடுப்பது என்பதை நகராட்சி தான் முடிவு செய்ய வேண்டும்.",neutral,ta
இப்போது உங்களுக்கு எல்லாம் தேவை.,neutral,ta
இந்த காணொளியை பார்க்கும் போது இதை கேட்கிறேன்.,neutral,ta
"கடலில் மூழ்கிய மனைவியின் குரல் செய்தி; ""ரவியுடன் நான் மகிழ்ச்சியாக இருக்கிறேன்""...",sad,ta
அவர் இன்னும் இடைத்தேர்தலுக்கு செல்லவில்லையா?,neutral,ta
தெய்வங்கள் குழந்தைகளா?,neutral,ta
தேர்வு என்ன?,neutral,ta
"அங்கீகரிக்கப்பட்ட மறுவிற்பனையாளர் இப்போது சர்குலர் ரோடு சங்வான் சௌக், டப்வாலி சாலையில் திறக்கப்பட்டுள்ளது",neutral,ta
"மாநில உள்துறை அமைச்சரும், மத்திய உள்துறை அமைச்சரும் பதவி விலக வேண்டும்.",angry,ta
தாதா இலவசம்,neutral,ta
அதையும் கொடுக்க மாட்டார்கள்..,angry,ta
"அனுமன் சாலிசாவை எதிர்த்ததால், ராமர் இறுதியாக வில் மற்றும் அம்புகளை எடுத்தார்.",angry,ta
தன் மனதையே காத்துக் கொள்ள வேண்டும்...எப்போதும் பிறரை சார்ந்து இருப்பது எப்படி..!,sad,ta
இன்று ராகுல் காந்தியின் இந்திய பயணம் குறித்து காங்கிரஸ் தலைவர் கருத்து.,neutral,ta
தீபமும் அணைந்தது...,sad,ta
டாயின் இன்றைய ட்வீட் அவரது சகோதரர் மற்றும் தாத்தாவுக்கு அர்ப்பணிக்கப்பட்டது.,neutral,ta
இது எம்என்எஸ்ஸின் பாஜக எம்எல்ஏவின் சரண்.,angry,ta
ஆம் புனே மாவட்டம் எங்கே என்று எனக்குத் தெரியும்,neutral,ta
மழை மற்றும் பெருக்கெடுக்கும் தண்ணீருக்கு எதிராக நடவடிக்கை எடுக்க மாநகராட்சிக்கு உரிமை உள்ளதா?,neutral,ta
"தாதா, சிவராய் மற்றும் பாஜி பிரபு சண்டையிட்டதா? வரலாற்றில் இதைப் பற்றி ஏதேனும் குறிப்பிடப்பட்டுள்ளதா?",neutral,ta
பாலா சாகேப் இல்லாவிட்டால் இந்தப் படம் பார்த்திருக்காது.,sad,ta
மேலும் படைப்பாற்றல் ஊக்குவிக்கப்படுகிறது.,neutral,ta
அதுல் பாட்டீல்,neutral,ta
அன்புடன் அழைத்தால் அவமானம் எங்கிருந்து வரும்??,angry,ta
மகாராஷ்டிரா அதிகாரப் போட்டி செப்டம்பர் மாதம் விசாரணை: அரசியல் சாசன அமர்வு என்ன முடிவு எடுக்கும்? -,neutral,ta
பள்ளிக் கல்வி அமைச்சர் தனது துறையின் மூலம் கல்விப் புரட்சியைக் கொண்டுவருவதற்கு ஒரு பெரிய சவாலை எதிர்கொள்கிறார்.,neutral,ta
பாஜகவுக்கு மக்கள் தெளிவான வாக்கு.,happy,ta
இந்த அன்பை பகிருங்கள்..,happy,ta
அவை எப்போதாவது முடிவுக்கு வருமா?,neutral,ta
"எனவே தெளிவாகப் பேசுங்கள், மக்கள் வேறு எந்த அர்த்தத்தையும் யோசனையையும் எடுக்கக்கூடாது.",neutral,ta
இந்த மருந்துகள் ஒருவரின் துறைமுகத்தில் இறங்குகின்றன,angry,ta
கடைசி வாக்கியம் - இந்த இடத்தில் வெள்ளைக்காரர்கள் மட்டும்தான் நக்குகிறார்கள் என்று சொல்கிறீர்களா?,angry,ta
"பாலா சாஹேப் ஒருவர், அவர் தாக்கரே",happy,ta
"... எனவே ஜோதி தேர்தல் சின்னத்தில் தேர்தல் நடந்தது, 'அந்த' சின்னம் சாகன் புஜபால் கதை!",neutral,ta
கதையில் உங்களுக்கு இந்த உரிமை எங்கே இருக்கிறது?,angry,ta
"தலைவரே, அரசாங்கத்தைப் புகழ்ந்து கொண்டே இருங்கள்.",neutral,ta
ரோஹித்துக்கும் விராட்டுக்கும் இன்னும் வித்தியாசம் இருக்கிறதா? அனைத்து கேள்விகளுக்கும் பதில்களைப் பெற இந்த வீடியோவைப் பாருங்கள்,neutral,ta
வீட்டிலிருந்து கிளம்பும் போது இந்தச் செய்தி வந்ததும் எப்படி இருக்கிறீர்கள்.,sad,ta
சிரிக்காதே.. சிரித்து சிரித்தேன்... இது வரைக்கும்,happy,ta
இவர்கள் நம் கொங்கன் அதிகாரிகளா..?,neutral,ta
இங்கிருந்து வருகிறதா என்று பாருங்கள்.,neutral,ta
அதுவரை தண்ணீர் இல்லாமல் வாழ வேண்டுமா...,sad,ta
விளக்கம் தெளிவற்றதாகவும் தெளிவற்றதாகவும் உள்ளது.,neutral,ta
இத்தனைக்கும் பிறகு ஏன் சிவசேனாவின் தேர்தல் சின்னத்தை நிறுத்தி வெற்றியை அறிவிக்கிறார்கள்...???,angry,ta
சிபி ஜோஷி ராஜஸ்தானின் முதல்வராகப் போகிறார் என்று எழுதுங்கள்.,neutral,ta
அதனால்தான் நான் உள்ளே போகவில்லை,neutral,ta
ஒரு கேஸைக் கண்டுபிடிக்க முடியல... நீங்க உக் என்ற வக்கீல்,angry,ta
மெகபூபா முப்தி உங்கள் சகோதரியா?,angry,ta
சரஸ்வதி மாதாவின் அறிக்கையை இன்று பரிசீலிக்க பாபா சாகன் புஜபாலின் கோரிக்கை... ஜெய் ஸ்ரீ ராம்!!,happy,ta
அது வேலை செய்ததா இல்லையா?,neutral,ta
"அங்கிருந்து கொண்டு வரும்போது ஒன்றும் யோசிக்கவில்லை, பெயர் வைக்கும் போது ஏன் கேட்டீர்கள்?",angry,ta
உனக்கு தெரியாதா,neutral,ta
ஸ்வராஜ் சங்கமும் விதர்பாவில் பிரச்சாரம் செய்யுமாறு கேட்டுக் கொள்ளப்பட்டது.,neutral,ta
"""கடந்த காலத்தை மாற்ற அல்லது எதிர்காலத்தை சாதகமாக பாதிக்க நான் இப்போது ஏதாவது செய்ய முடியுமா?""",neutral,ta
கிராமப்புற மாணவர்களுக்கு சிவப்பு பேருந்து வசதியை வழங்குதல்./?=...,neutral,ta
ஷிண்டேவிடம் இருந்து அனைத்தையும் திருடிய இந்த தலைவர்..! மகாராஷ்டிராவில் இந்த உரையைப் பற்றி விவாதிக்கவும்! ...,happy,ta
இன்று பிற்பகல் 2.30 மணிக்குள் ராஜினாமா குறித்து முடிவெடுக்குமாறு ரிதுஜா லத்துக்கு நீதிமன்றம் உத்தரவிட்டுள்ளது,neutral,ta
அது என்ன வகையான ஒலியை உருவாக்குகிறது?,happy,ta
மான்... கடிதம் அவரது அறிவுறுத்தலின் பேரில் எழுதப்பட்டது... மான் இருமல்... இப்போது ஆட்டம் முடிந்தது,angry,ta
அப்படியென்றால் வாக்லே ஒரு பத்திரிக்கையாளர் என்கிறீர்களா????,happy,ta
"கௌஷல் இனாம்தார், மோஹித் கும்போஜ், சதானந்த், ராஷ்டிரபக்த் காக்கா போன்றோருக்குப் பிறகு அவர் பிரபலமாகிவிட்டார்.",angry,ta
இது மராத்தி மாநில முனிசிபல் கார்ப்பரேஷனா?,neutral,ta
குர்காயாவில் இது உண்மை என்கிறார் சந்திரகாந்த் கைரே,neutral,ta
கெட்டுப்போக வேண்டும்.. எப்படி சாதாரணமானது..,happy,ta
எதிர்காலத்தில் பாஜகவின் நிலை இதுதான்,sad,ta
இந்த எண்ணெயை எந்த ஒரு நபரும் அல்லது அனைவரும் உட்கொள்ளக்கூடாது,neutral,ta
ஆஷா பரேக் ஏன் திருமணம் செய்து கொள்ளவில்லை?; ஏனென்றால் நீங்கள் ஆச்சரியப்படுவீர்கள்!,happy,ta
வெற்றி உங்களுடையதாக இருக்கும்,happy,ta
மராத்தி வேட்பாளர்களின் வாக்குகளின் பங்கு காரணமாக இத்தகைய முடிவு எடுக்கப்பட்டது.,neutral,ta
யமுனை நதிக்குப் போவோம்.,neutral,ta
லானியை திருமணம் செய்வது லகா கா என்று அழைக்கப்படுகிறது,neutral,ta
: இதுவே சிறந்த மற்றும் ஆபத்தான தொடக்க ஜோடி என்று கூறப்படுகிறது!,happy,ta
அவர்கள் மீது என்ன நடவடிக்கை எடுக்கப்படும்??,angry,ta
அணையில் தண்ணீர் இல்லை என்றால் அஜித் பவார் இப்படி கூறியிருக்கலாம்,neutral,ta
"நிச்சயமாக, ஆனால் அந்த பெயரில் உள்ள அனைத்து திட்டங்களுக்கும் நீங்கள் பாக்கெட்டில் இருந்து பணம் செலுத்த வேண்டும்",angry,ta
"இது அவர்களின் தவறல்ல, வேறொருவரின் தவறு.",neutral,ta
"அனைவரும் தாக்கரேக்கள், ஆனால் பாலா சாஹேப் மட்டுமே.",happy,ta
வேண்டும்,neutral,ta
எல்லாம் உண்மை ஆனால் தீபாவளி விடுமுறை இங்கே?,neutral,ta
அது லடோ அவனுடையதா?,neutral,ta
"அன்பே, வாழ்க, நத்தைகளை தின்று, சஹாரா யானை போல் தூங்கு",neutral,ta
சில மாற்றங்களுடன் இது உங்களுக்கும் பொருந்தும்,neutral,ta
எந்த வேலையில்லாத நபரிடமும் பணத்தின் மதிப்பு என்ன என்று கேளுங்கள்.,neutral,ta
இந்த சீன ஒளி ...,neutral,ta
ராஜஸ்தான் தகவல் உண்மையா?,neutral,ta
ஒவ்வொரு கலைப்படைப்பிலும் கலைஞரின் பெயர் இணைக்கப்பட வேண்டும்.,neutral,ta
இன்னும் இரண்டு நாட்களுக்கு போக மாட்டார்,neutral,ta
உங்கள் தந்தை யார் என்பதை நீங்கள் கண்டுபிடிக்க வேண்டும்,neutral,ta
நம்புங்கள் அரசியல் அமைப்பு மாறும்... அது புனேவில் இருந்து தொடங்கும்.,neutral,ta
ஏன் வசந்தம்?,neutral,ta
நான் முதலில் அவர்களின் ஊருக்குச் செல்வேன்,neutral,ta
இதை நான் அவமதிப்பதற்காக எழுதவில்லை,neutral,ta
ஷீரடியில் சாய்பாபாவின் நன்கொடைப் பெட்டியின் நீள அகலத்தைப் பாருங்கள் என்றார் தாதா.,neutral,ta
அதனால் பதில் சொல்லாதே' என்று தோன்றியது... இறுதியில்... கும்பிடுவது பக்தர்கள்தான்.,neutral,ta
உங்கள் கடமையைச் செய்து உங்கள் குழந்தைக்கு தடுப்பூசி போடுங்கள். காத்திருக்காதே! விளக்கம் சரிதான்.,neutral,ta
ஓ! என்ன,happy,ta
இன்று சாந்தத்தை ஜெயந்தி.,neutral,ta
புனேவில் மில்லியன் கணக்கான மக்கள்தொகை உள்ளது மற்றும் நெரிசல் உள்ளது,neutral,ta
"இன்று நம் எண்ணங்கள், இன்று நம் செயல்களே நமது நாளை..!",neutral,ta
கிரக மந்திரி உண்டா?,neutral,ta
நல்ல சாப்பாடு சாப்பிடுவோம்.. மட்கா குல்பியும் சாப்பிடுங்கள்,happy,ta
"அரசியல் தலைவர்களைப் போல அரசு அதிகாரிகளையும், ஊழியர்களையும் விசாரிக்க வேண்டுமா?",angry,ta
இதுதான் ஒரே தீர்வு,neutral,ta
குடும்பத்தினர் உங்களைப் பார்த்தார்களா?,neutral,ta
கடன் வாங்கவா?,neutral,ta
ஆசிரியர் கூறினார்: அவர் மது அருந்துவதில்லை,neutral,ta
"இரண்டு விஷயங்கள் ஒரு மனிதனை அறிவாளியாக்குகின்றன, ஒன்று அவன் படிக்கும் புத்தகங்கள் மற்றொன்று அவன் சந்திக்கும் மனிதர்கள்...",neutral,ta
நம் பயம்தான் கடவுளைப் பெற்றெடுக்கிறது.,neutral,ta
எனக்கு தெரிந்தவரை வல்கன் என்ற வார்த்தை கோலாப்பூர் பகுதியில் அதிகம் உள்ளது.,neutral,ta
இந்தத் தேதியில் ஷிண்டே குலத்துக்கு இன்னொரு அடி கிடைக்குமா?,neutral,ta
"இன்று சுபகார்த்தியில் நான் பங்கேற்கலாமா வேண்டாமா என்று தெரிந்து கொள்ள வேண்டுமானால், டாக்டர்",neutral,ta
இந்துக்களுக்கு இனிய இரவு வணக்கம். பசு சேவை சிறந்த சேவையாகும்,happy,ta
பாராமதி வெங்காயத்தின் வாசனையைப் பற்றி நீங்கள் என்ன நினைக்கிறீர்கள்?,neutral,ta
இன்னொரு வருங்கால பிரதமர்...,angry,ta
அது இருக்கலாம்... அது இல்லை...,neutral,ta
"தொடுதல் என்பது ஒருவரின் சகவாசத்தை அனுபவிக்கும் ஒரு வழியாகும், காமம் அல்ல.",neutral,ta
PFI அமைப்பு அரபு நாடுகளில் இருந்து நிதி பெறுகிறதா? கலந்துரையாடலில் கிரிட் சோமையாவின் உரை,neutral,ta
ரிதுஜாவை ஷிண்டே அணியில் சேர்க்க முயற்சி? உதய் சமந்த் தெளிவாக கூறுகிறார்; அந்தேரி இடைத்தேர்தல்...,neutral,ta
கூட்டுறவு சர்க்கரை ஆலையின் சுத்திகரிப்பு திறனை அதிகரிக்க இந்த முடிவு எடுக்கப்பட்டுள்ளது.,neutral,ta
பாலா சாஹேபின் மைத்துனரிடம் ஒரு படை இருந்தது,neutral,ta
துலீப் டிராபியின் இறுதிப் போட்டியில் இந்த சம்பவம் நடந்துள்ளது.,neutral,ta
அவரவர் சூழ்நிலைக்கேற்ப பேசுவார்,angry,ta
தசாவதாரியில் வேலை செய்ய வேண்டுமா?,neutral,ta
ஏக்நாத் ஷிண்டேவின் படம் எங்கே?,neutral,ta
"தனிமை மீண்டும் வருகிறது, சோகமாகவும் தனிமையாகவும் ...",sad,ta
எனக்கு நேரமில்லை,neutral,ta
பெரியாரின் எழுத்துக்களை தினமும் ஏதாவது ஒரு சமூக மட்டத்தில் படிக்க வேண்டும்.,happy,ta
மக்களின் ஆதரவைப் பெறுவது ஒரு பாக்கியம்; காங்கிரஸ் தலைவர் பதவிக்கான முடிவுகள் குறித்து சசி தரூரின் எதிர்வினை,happy,ta
ஜெபமாலை மணிகளை அணிய வேண்டும் என்பது வெளிப்படையானது,neutral,ta
அப்புறம் கேட்பவன் மாமா இல்லை...,neutral,ta
"இந்த தீபாவளி பண்டிகைக்கு நீங்கள் அனைவரும் வெளியே செல்ல வேண்டும் என்று நான் விரும்புகிறேன், நான் எனது நண்பர்களுடன் ஹரித்வார் செல்கிறேன்.",happy,ta
இவர்கள்தான் சதவீதத்தை எண்ணும் உண்மையான சிவ சைனியர்கள்...,angry,ta
அத்தகைய உணவை மரியாதையுடனும் கண்ணியத்துடனும் உண்ண வேண்டும்...!!,happy,ta
தீபாவளிக்கு பணப்பை வைத்திருக்கிறீர்களா?,happy,ta
தீபாவளி சார் உங்களால் செய்ய முடியுமா?,neutral,ta
அப்படியானால் அவர்களின் நண்பர்கள் யார்?,neutral,ta
சிக்கன் லெக் பீஸ் புகழ் உல்ஹாஸ் காமத் காலாவதியானதா?,happy,ta
மீண்டும் மீண்டும் சூர்ப்பனகை எங்கு பார்த்தாலும்... லட்சுமணனுக்கு தைரியம் இல்லை.,angry,ta
"அவர்களைத் தடுக்க ஏதேனும் வழி இருக்கிறதா, ஆனால் சட்டப்பூர்வமான வழிகள் உள்ளதா? யார் சட்ட ஆலோசனை வழங்குகிறார்கள்?",neutral,ta
பெட்ரோல் விலை பற்றிய பேச்சுக்கு முன் இப்போது மழை பற்றிய இந்த பேச்சு! அதுதான் சக்தி!,angry,ta
அது எப்படி என்று அரிசி திருடனிடம் கேளுங்கள்.,angry,ta
"மொழி என்றால் என்ன, கலாச்சாரம் என்றால் என்ன, எல்லாவற்றின் மதிப்பு என்ன",angry,ta
மன ஆரோக்கியத்திற்கு முன்னுரிமை அளிக்க வேண்டும்: டாக்டர் அதுல் மேக்,neutral,ta
மன்மோகன் சிங் முதல் பட்டம்.,neutral,ta
விவசாயிகளின் உரிமைக்காக நாங்கள் நிற்கிறோம்,neutral,ta
அனிகேத் சாஸ்திரி இப்போது தாக்கரே குழுவின் துணைத் தலைவராக இருப்பார்.,neutral,ta
ஒரே பதவிக்கு ஒன்றுக்கு மேற்பட்ட முறை தேர்ந்தெடுக்கப்பட்டால் என்ன நடக்கும்? தயவுசெய்து இதை எனக்குக் காட்டுங்கள்…,neutral,ta
சமீபத்தில் பெய்த மழையால் புனேயின் குழாய் நிறுத்தம் பகுதி ரிவர் ஸ்டாப்பாக மாற்றப்பட்டுள்ளது!!,happy,ta
"ஆனால், பாபு சத்யாவைப் பயன்படுத்துகிறார் என்று படித்தேன்.",happy,ta
ஒரு போட்டியுடன் தொடரை வெல்ல வேண்டுமா?,happy,ta
.......கட்சி விசுவாசம் என்பது பெயர்ச்சொல்,neutral,ta
கடந்த இடைத்தேர்தலில் உங்கள் சார் ஏன் கடிதம் அனுப்பவில்லை?,angry,ta
புனே ஜிம்மில் பலகை./_,neutral,ta
சாம்பாஜி நகர அமைச்சராக இருந்தபோது கனமழையில் இருந்து ஏன் ஒதுக்கி வைக்கப்பட்டார்?,angry,ta
நீங்கள் டப்பிங் ஸ்டுடியோவில் இருக்கிறீர்களா??,neutral,ta
மூன்றரை மாவட்டங்களில் நான்கு குறைவாக உள்ளன.,neutral,ta
"நான் பாஜகவில் சேரமாட்டேன், என்சிபியில்தான் இருப்பேன் - ஏக்நாத் காசே",happy,ta
லை ஹஸ்லோ ராவ்... முதலில் படித்தபோது கவனிக்கவில்லை,happy,ta
தவறாகப் பயன்படுத்தப்பட்ட வரிக் கணக்கு இடைநிறுத்தப்பட்டது,fear,ta
தூங்கும் முன் பால் குடிப்பது நல்லதா?,neutral,ta
இது ராஜ் தாக்கரேயின் மாயை,angry,ta
"நீங்கள் தவறாக இருப்பீர்கள், வெந்தயம் இல்லை.",angry,ta
"ஐயா, பல நாட்களாக பிண்டருக்கு வந்தீர்கள் ஆனால் என்னை சந்திக்க விடவில்லை...",sad,ta
நிலையான கட்டணம் அறிவிக்கப்படும் என தெரிகிறது.,neutral,ta
கேதகி சித்தால் மீது வழக்கு போட்டது யார்?,neutral,ta
பல அரசியல்வாதிகள் பத்திரிகையாளர்களுக்கு பேட்டி கொடுக்க மறுக்கிறார்கள் என்பதும் உண்மை.,neutral,ta
"நிஹார் பீகாரில் பாஜக தலைவர்களின் மருமகன் என்றாலும், அவர் தனது மாமியார்களுக்கு மட்டுமே ஆதரவாக இருக்கிறார்.",angry,ta
இந்த பதக்கம் விளையாட்டு வீரர்களின் முயற்சி மற்றும் சிறப்பு வழிகாட்டுதலுக்காக வழங்கப்படுகிறது,neutral,ta
"முதல் காதல் முகத்தைப் பார்க்கிறது, இரண்டாவது காதல் குணத்தைப் பார்க்கிறது.",neutral,ta
பழங்குடியின சகோதரர்கள் கலந்து கொண்டனர்.,neutral,ta
அப்போ ஆன்ட்டி சீட்டு விளையாடுவாரா?,neutral,ta
"அப்போ, Funganweis உங்களை CM ஆக்குவாரா?? என்ன பேசுகிறீர்கள்?",angry,ta
மகாசக்தியின் கவசத்துக்கு அப்பால் பதுங்கியிருக்கும் துரோகிகளின் வாள்கள் துருப்பிடித்தாலும் தப்பிக்க முடியாது.,angry,ta
"சகோ, உங்களுக்காக... இந்த எம்எல்ஏக்கள் பாஜக மற்றும் சபாநாயகர் தாக்கரே கோஷ்டியைச் சேர்ந்தவர்கள்...",neutral,ta
"மும்பையில் உள்ள கத்யா, தற்போது பல மின்சார பேருந்துகளைக் கொண்டுள்ளது.",neutral,ta
உண்மையில் உங்கள் மனதில் என்ன இருக்கிறது?,neutral,ta
என்ன,neutral,ta
"ஏய் அதுல், முதலில் நீ, BJP ஏகபோகம் என்ன என்பதை நிரூபித்துவிடு?",angry,ta
ஆனால் என் கேள்வி ஏன் கலப்பு திருமணம்?,neutral,ta
ஒவ்வொரு நட்புக்கும் ஒரு உறவு உண்டு ஒவ்வொரு உறவுக்கும் ஒரு நட்பு உண்டு!,happy,ta
வனத்துறை முதன்மை செயலாளர் முன்னிலையில் துறை ரீதியான ஆய்வு கூட்டம் நடந்தது,neutral,ta
கர்நாடகாவில் ஹிஜாப் தடை குறித்து உச்சநீதிமன்றம் நாளை தீர்ப்பு வழங்குகிறது,neutral,ta
"இந்த நாளில் இருந்து ஜோதி சரியாக எரிகிறது, ஆனால் அதற்கு முன், அதை அணைக்க ஏற்பாடுகள் தொடங்கியது ...",sad,ta
மோடிக்காக எழுதினீர்களா?,neutral,ta
அவர்களின் கிளை மேலாளர்கள் எத்தனை பேர் மராத்தியில் தொடர்பு கொள்கிறார்கள் என்பது ஒரு சிறப்பு ஆராய்ச்சி.,neutral,ta
வெல்கம் டு இந்தியா ப்ரோ... இவ்வளவு நாள் எங்கிருந்தாய்...?,happy,ta
"நீலம், குப்பை கொட்டும் இடத்துக்குப் போகட்டும்.'",angry,ta
பாரதிய ஜனதா கட்சியில் இருந்து யாராவது கேள்வி கேட்டீர்களா?,neutral,ta
"உஷிவ் சேனாவும் சிவசேனாவும் அதை விரும்புகிறார்கள், இது நிறைய சூழ்ச்சிகளை செய்கிறது!!",angry,ta
பாகிஸ்தான் ஜிந்தாபாத் கோஷம் கேட்கவில்லை. தயவு செய்து வகுப்புவாத கலவரத்தை தூண்ட வேண்டாம்.,neutral,ta
"மராத்தியில் எழுதுங்கள் அண்ணா, எனக்கு ஒன்றும் புரியவில்லை.",neutral,ta
அல்லது நீங்கள் என்ன பாடப் போகிறீர்கள்?,neutral,ta
"ராம்தாஸ் அத்வால் கூறுகையில், விதிகளின்படி அரசு ஊழியர்கள் ராஜினாமா செய்ய வேண்டும்.",neutral,ta
தாதா தயவு செய்து கவனிக்கவும். மக்கள் ஸ்ரீகோண்டயாவை வறட்சி என்று அழைக்கிறார்கள்.,sad,ta
லட்சுமணனின் பாதங்கள்! பாபுஜியின் குரலில் இந்தப் பாடலைக் கேளுங்கள். ஜெய் ஸ்ரீ ராம்,happy,ta
இது போன்ற நேரங்கள்? கேட்க வேண்டும் என்றார்.,neutral,ta
":இதன் மூலம், சிங்ககர் சாலையில், மாநகராட்சி நடவடிக்கை எடுத்துள்ளது",neutral,ta
பிரகாஷ் அம்பேத்கர் கடைசியாக நாந்தேட் தொகுதியை நாடினார்,neutral,ta
முதலிடம் பெற்ற திவ்யான்ஷி ஜெயின் தேர்வுக்கு எப்படி தயாரானார்?,neutral,ta
இது உங்கள் காரணங்களில் ஒன்றா?,neutral,ta
நாம் யார்? அவர்கள் RPI ஆதவால் கட்சியா?,neutral,ta
நீங்கள் மராத்திக்கு மாறிவிட்டீர்களா?,angry,ta
இது எப்போது நடக்கும்?,neutral,ta
"உங்கள் வரவிருக்கும் வாரம், வாராந்திர ஜாதகத்தை (அக்டோபர் வரை) கண்டறியவும்.",neutral,ta
அப்புறம் எதுக்கு ஊர் போனீங்கன்னு கேட்டேன்.,neutral,ta
உறவினர்கள் என நினைத்து பிரியாணி சாப்பிட சென்றனர்,neutral,ta
இனி நீதியும் அப்படித்தான் இருக்க வேண்டும்... சுடமைராவுக்கு இந்த துவாரகை கிடைக்க வேண்டும்..!,sad,ta
நெறிமுறையை மிதித்து பாகிஸ்தான் கேக்கை இலவசமாக சாப்பிடும் தலைவரின் கூற்று எனக்கு புரியவில்லை.,angry,ta
வெஸ்ட் இண்டீஸ் சீக்கிரம் திரும்பி வர வேண்டும்,neutral,ta
இப்போது யாரும் 'விக்கி டோனர்' ஆக முடியாது. அதாவது 'விந்தணுவை' திரும்பத் திரும்ப தானம் செய்ய முடியாது.,happy,ta
"கேள்வி என்னவென்றால், இந்த மாநில அரசு சரி என்று நினைக்கிறீர்களா?",neutral,ta
"அநீதியைக் கொளுத்தும் ஜோதி, மாடோஸ்ரீயில் சிவசேனாவின் சக்தியைக் காட்டுகிறது: உத்தவ் தாக்கரே...",angry,ta
கத்தியால் சுடரை வெட்ட முடியுமா - ஒரு தந்திரமான கேள்வி,neutral,ta
"பாருங்கள், உங்களால் முடிந்தால், உங்களால் முடியாவிட்டால், எங்களுக்கு சகோதரர்கள் இருக்கிறார்கள்",neutral,ta
நான்காவது வகை காவல்துறைக்கு பயன்படுத்தப்பட வேண்டுமா என்பதை சிந்து அரசு எப்போது முடிவு செய்யும்?,neutral,ta
இந்தச் செய்தியை உடனடியாக வேளாண் அமைச்சருக்கு அனுப்புங்கள். விவசாயிகளுக்கு நீதி கிடைக்க வேண்டும்,angry,ta
இது உண்மையிலேயே அனைவரும் பார்க்க வேண்டிய ஒரு அற்புதமான பல்கலைக்கழகம்.,happy,ta
அவர் மராத்தியர் இல்லை என்பதால் பேசுகிறார்.,angry,ta
அந்த நபர் நவீன 'அனாகிபாண்ட்ஸ்'!,neutral,ta
அவர் இந்தியாவின் பிரதமர்,neutral,ta
இப்போது அது விரைவாக செய்யப்பட வேண்டும்.,neutral,ta
"ஏய், உங்கள் மோசமான அணுகுமுறையைப் பார்த்தேன், அதனால் ஒரு ட்வீட் எழுத முடிவு செய்தேன்",angry,ta
அவரும் அதையே சொன்னார்,neutral,ta
இந்த ஆச்சார்யாஜிக்கு அறிவு புகட்டுவது காலத்தின் தேவை...,happy,ta
இதுதான் நிலைமை,neutral,ta
ஏனென்றால் அவனால் வானத்தின் பக்கம் தன் முகத்தைத் திருப்ப முடியாது,neutral,ta
இன்று அவனால் தூங்க முடியாது,neutral,ta
"மோடி எங்கள் பகுதியில் கட்டவில்லை, யாரிடம் உள்ளது?",neutral,ta
சோனு தாதா தாதா,neutral,ta
அதாவது சேத்தும் ஷாவும் தேர்தல் ஆணையத்தை நிர்வகித்து வந்தனர்.,angry,ta
"போலி பிரமாண பத்திரத்திற்கு 10 கோடி பணம்..., நரேஷ் மாஸ்க் குற்றச்சாட்டு",neutral,ta
அது ஒரு டிரெய்லர் மற்றும் அவர்கள் நிறைய துணிகளை தைக்க வேண்டியிருந்தது,neutral,ta
விளம்பரம் செய்வது சிறிய விஷயம்,neutral,ta
இந்த நாட்டை சுத்தப்படுத்த முதலில் மக்களின் மனங்களை சுத்தம் செய்ய வேண்டும்.,happy,ta
இப்போது சொல்லுங்கள் இரண்டாம் பாகம் எப்போது வெளியாகும் என்று.,neutral,ta
நான் சமீபத்தில்,neutral,ta
அவரை சிவசேனா தோற்கடிக்கவில்லையா?,angry,ta
ராமாயணம் நம் அடையாளத்தின் பொருள். எங்கள் அடையாளத்துடன் சோதனைகள் தொடர்கின்றன,happy,ta
குருஜி இப்படி..,neutral,ta
'பிஎஃப்ஐ' மீது நடவடிக்கை எடுத்த எதிர்க்கட்சிகளின் மவுனம் ஏன்?,angry,ta
இப்போது இந்த முகவரியைச் சொல்லப் போகிறேன்,neutral,ta
முதல்வர் டிவிசி மற்றும் ஜிங்கிள் என்ற செயலியை அறிமுகப்படுத்தினார்,neutral,ta
"எனக்கு அமாவாசை, பூர்ணிமா அல்லது ஸ்நானபூர்ணிமா? -@பூஜா டோம்லே(ராணு)",happy,ta
நீங்கள் ஏதாவது செய்தால் நான் உங்கள் கழுதையை சுட விரும்புகிறேன்.,angry,ta
அரைக்காமல் சேகரிக்க முடியுமா என்று கேட்க வேண்டும்,neutral,ta
"ஆம், நான் ஜில்லா பரிஷத் பள்ளியின் முன்னாள் மாணவர்.",happy,ta
"25 வருடங்களுக்குப் பிறகு முதன்முறையாக இந்தத் தேர்தலைப் பார்த்து, சம்பாலாவை அனுபவிக்கவும், அவருக்கு நல்லது, சீதாராம் கேசரி அவருடையது.",neutral,ta
இது முற்றிலும் உண்மை... மக்கள் கடவுளை நம்புவதில்லை,sad,ta
"இதைப் பற்றி நான் நேற்று ஒரு விரிவான நூல் எழுதினேன், பாருங்கள்!",neutral,ta
ஸ்கிரிப்ட் அங்கிருந்து வந்ததாகக் கேள்விப்பட்டேன்,neutral,ta
"யாருக்கும் எதிராக இந்த அறிக்கையை வெளியிட்ட ராவுத், முதலிடத்தில் உள்ளார்",neutral,ta
அதற்கு என்ன ஆனது?,neutral,ta
நீரஜ் சோப்ரா &; மாண்புமிகு பிரதமர் அவர்களே,neutral,ta
"சிலர் மராட்டிய சமூகம் அல்ல, தாதா, அவர்களை சமாஜமாக கருத வேண்டாம்.",angry,ta
நாளை கண்டிப்பாக முழு நிலவு,neutral,ta
இந்த ஸ்ரீகண்டம் மகாசக்தி கொடுத்தது ஆனால் நான் எப்படி சொல்வது,neutral,ta
குறிப்பு: விதைத்தால் அது வளரும். விதைத்தது இப்போது வளர்ந்து விட்டது.,neutral,ta
தயவு செய்து எனக்கும் கொஞ்சம் சாகோ பேடோ அல்லது கிச்சடியோ சேமிக்கவும்.,neutral,ta
இந்தப் படம் ஒவ்வொரு இந்துவுக்கும் என்று சொல்கிறேன்.,neutral,ta
உங்களிடம் ஏதேனும் உள்ளதா,angry,ta
இந்தியா வெல்ல வேண்டும்,happy,ta
இதுதான் நடந்தது,neutral,ta
கேசர்கர் ஷீரடி சாய்பாபாவின் பக்தர் மற்றும் அவரது வாட்ஸ்அப் சுயவிவரத்தில் பாபாவின் படம் கூட உள்ளது.,happy,ta
"இந்த ட்வீட் கருணைக்காக அல்ல, எச்சரிக்கைக்காக",neutral,ta
ஒரு காலத்தில் கொங்கன் மகாராஜாவை எதிர்த்த சாவந்த் இவர்தான்...,neutral,ta
இவர்கள் ஏற்கனவே முடிவு செய்துவிட்டனர்.,neutral,ta
சட்ட அமைச்சர் சிவசேனா தலைவர் பாலாசாகேப் தாக்கரேவை எப்போதாவது சந்தித்தாரா?,angry,ta
பெயர் ஒற்றுமை மற்றும் சில தனிப்பட்ட தகவல்களின் அடிப்படையில் பிரவீன் ரவுத் மற்றும் சஞ்சய் ரவுத் தொடர்பு இருக்கலாம்,neutral,ta
"நீங்கள் குரல் கொடுங்கள், தாய்நாட்டிற்கும் ஏழைகளுக்கும் உங்களின் சேவையில் நாங்கள் ஈடுபட்டுள்ளோம்.",happy,ta
உனக்கு மராத்தி படிக்க முடியுமா..?? இது நடக்கும் தெரியுமா?,neutral,ta
ஒரு மேலாளரைப் பணியமர்த்த எங்களுக்கு பல மாதங்கள் ஆனது.,neutral,ta
குறிப்பிடுங்கள்.,neutral,ta
வாஷிம் மாவட்டத்தில் கனமழையால் சேதமடைந்த விவசாயப் பயிர்களின் சுருக்கமான பஞ்சநாமாவைத் தயாரிக்கவும் - ஏ. அமித் தாதா ஜனக்...,neutral,ta
மற்றும் பாலா சாகேப் கேசவ் தாக்கரே யார்????,neutral,ta
"பய ஜனதா கட்சி, நீங்கள் மராத்தி வேட்பாளர்களை நிறுத்துகிறீர்களா?",neutral,ta
மும்பையில் பல்வேறு கட்டுப்பாடுகள் உள்ளதா?,neutral,ta
மராட்டிய ஒருங்கிணைப்பாளர் மற்றும் பாஜக பிரமுகர் ஒருவரின் பதிவு வைரலாகியுள்ளது.. இது என்ன?,neutral,ta
அந்தேரி இடைத்தேர்தலில் அவர் வேட்பாளரா?,neutral,ta
ஜல்கானா? அது என்ன நகரம்? ஜல்கான் என்று எழுதுங்கள். மராத்தி பக்வாடா எப்போது கொண்டாடப்படுகிறது?,neutral,ta
அந்த வலியைப் போக்க அவர் கவுகாத்தியை அடைந்தார்.,neutral,ta
அவனை எதிர்த்தாயா தம்பி?,neutral,ta
இதயத்தை நேரடியாக தொட்டு கண்களை மகிழ்விக்கும் தருணம் இது.....!!,happy,ta
காவலர் நினைவு நாளில் கடமையில் ஈடுபட்ட தியாகிகளுக்கு அஞ்சலி..!!,happy,ta
அவர்கள் அனைவரையும் என்சிபி காங்கிரசுக்கு வரவேற்பதில் பெருமிதம் கொள்கிறோம்.,happy,ta
நீங்கள் புதிய திறன்களைக் கண்டறிந்து சிறந்த வேலைகளைப் பெற முடியும் என்பதால் கல்வி பயனுள்ளதாக இருக்கும்.,neutral,ta
அனைத்து மாநில மக்களுக்கும் இனிய கோஜாகரி பூர்ணிமா நல்வாழ்த்துக்கள்..!,happy,ta
தில்குலின் இனிய வார்த்தைகளை திரும்ப எடு!,happy,ta
"தவ்டேஜி, உங்கள் பணி நன்றாக உள்ளது... ஆனால் உங்கள் பணித் தகவலை மராத்தியில் தாருங்கள்",happy,ta
"மகாலட்சுமி பூஜையின் போது எனது சகோதரி, கோலாப்பூரில் வசிக்கும் மகாலட்சுமியின் அழகிய ரங்கோலி.",happy,ta
"ஜெய் பாபா கேதார்நாத், ‼ மாலை வணக்கம் நண்பரே",happy,ta
இப்போது நீங்கள் சர்வதேசத்திற்கு செல்கிறீர்கள்..வாழ்த்துக்கள் மேடம்..,happy,ta
ஃபால்குனி பூர்ணிமா முழு நிலவு இரவில் நிலவொளியை நீட்டுகிறது,neutral,ta
"இனிய கோஜாகிரி பூர்ணிமா, ஷரத் பூர்ணிமா... .//_/...",happy,ta
"அபராதத்துடன் கூடிய அரிதான வழக்குகள் உள்ளன, எனவே கவனமாக இருப்பது நல்லது",neutral,ta
கொடுத்த வாக்கை காப்பாற்றியதில் மிக்க மகிழ்ச்சி. மிக அருமை!,happy,ta
"காலை வணக்கம், கனம்",happy,ta
"அவரது தலைமையில் பணிபுரியும் போது, மக்கள் சார்பாக வளர்ச்சி சார்ந்த பணிகளை மேற்கொள்ள வேண்டும். வாழ்த்துகள். /",happy,ta
உங்களுக்கு புத்தாண்டு வாழ்த்துக்கள்..! கிஷோர் தேவேகர் சார்,happy,ta
உங்கள் அனைவருக்கும் இனிய ஹோலி!,happy,ta
பிறந்தநாள் வாழ்த்துக்கள்,happy,ta
பஞ்சகவ்யாவுடன் ஒரு புனிதமான பங்காளியாக இருப்பது ஒரு முக்கியமான கூட்டுப்பணியாகும்‼‼,happy,ta
மிக நல்ல வழிகாட்டி.,happy,ta
"ஆயுர்வேதத்தின் முக்கியத்துவம், இந்து மதத்தின் தனித்துவமான பரிசு, //...",happy,ta
எங்கள் பேத்தி செல்ஃபி எடுத்து மகிழ்கிறாள்...,happy,ta
ரக்ஷாபந்தன் மற்றும் நார்லி பூர்ணிமா வாழ்த்துக்கள்.,happy,ta
காவல்துறைக்கு வாழ்த்துக்கள்! .//…,happy,ta
ஆம் அவர்தான்.,neutral,ta
இனிய கோஜாகிரி பூர்ணிமா..!,happy,ta
அரசின் முடிவுகள் பொதுநலன் சார்ந்தவை,neutral,ta
ஒரு முறை தண்ணீர் கொடுத்தால் ஆட்சிக்கு வர மாட்டீர்கள்,neutral,ta
ஓம்கார் நீங்கள் தனியாக இல்லை,neutral,ta
நன்றி.. உங்கள் ஆதரவு கிடைக்கும் என நம்புகிறேன்.,happy,ta
பக்தர்கள் அனைவருக்கும் மஹாசிவராத்திரி நல்வாழ்த்துக்கள்..!! || ஹர் ஹர் மகாதேவ் ||,happy,ta
"இது உண்மையிலேயே ஒரு பெரிய தூபம். எல்லோரும் இதை ஒரு முறை பயன்படுத்தினர், அது எப்படி உணரப்பட்டது என்பதை எங்களுக்குத் தெரியப்படுத்துங்கள்",happy,ta
உங்களுக்கு கவரத்னா விருது வழங்குவதில் மிக்க மகிழ்ச்சி.,happy,ta
லட்சத்தில் ஒருவர்,happy,ta
"பெருங்களிப்புடைய தாதா ஒரு நல்ல நூல் போல் தெரிகிறது, தொடர்ந்து படியுங்கள்.",happy,ta
இனிய பிறந்தநாள் வாழ்த்துக்கள் சார்../_...,happy,ta
அறிவுறுத்தல்கள் நேர்மறையான விளைவைக் கொண்டிருப்பது மிகவும் திருப்தி அளிக்கிறது.,happy,ta
இந்த வரலாற்று தருணத்தில் நாம் அனைவரும் கலந்துகொண்டு தரிசனம் செய்வோம்,happy,ta
"வாழ்த்துக்கள், நானும் அவ்வளவு வேகமாக இல்லை.",happy,ta
தீபாவளி பண்டிகையின் முதல் நாளில் சைதன்யமயி- வசுபரஸ்... வணக்கம் வசுபரஸ்!,happy,ta
சிவ பக்தர்கள் அனைவருக்கும் இனிய மஹாசிவராத்திரி நல்வாழ்த்துக்கள்!,happy,ta
இந்தப் படத்தைப் பார்க்க நான் மிகவும் ஆவலாக இருக்கிறேன்,happy,ta
"அவர்கள் அதிகாரத்தை நம்புவதும், அதிகாரம் அவர்களை நம்புவதும் நகைப்புக்குரியது",neutral,ta
அனைவருக்கும் இனிய ரக்ஷாபந்தன் மற்றும் நர்லிபூர்ணிமா நல்வாழ்த்துக்கள்...,happy,ta
வணக்கம் வியாழன் காலை வணக்கம்,happy,ta
இது மிகப்பெரியது,happy,ta
புத்தாண்டு வாழ்த்துக்கள்..! உணர்வு,happy,ta
நீங்கள் சிறப்பாக செயல்படுகிறீர்கள்... பலரின் ஆசிகள். நல்ல அதிர்ஷ்டம்... வாழ்த்துக்கள் சார்,happy,ta
பிறந்தநாள் வாழ்த்துக்கள் ராஜீவ் ஜி,happy,ta
உங்கள் சிறைவாசத்தால் ஒட்டுமொத்த மகாராஷ்டிராவும் மகிழ்ச்சி அடைகிறது,neutral,ta
உங்கள் முயற்சிகளுக்கு மிக்க நன்றி,happy,ta
வாய்ப்பை இழந்தேன். மற்றும் குறிப்பிடத்தக்க நேரம் எடுத்தது !! வாழ்த்துகள்,happy,ta
நமஸ்தே ம ஷுபோதயம் கணபதாய நமஹ சுபோ அங்காராகி சதுர்த்தி,happy,ta
புத்தாண்டு வாழ்த்துக்கள்...! -,happy,ta
இனிய பிறந்த நாள் மற்றும் புத்தாண்டு வாழ்த்துக்கள் அண்ணா....,happy,ta
"ஷில்பா போட்கே ஒரு பேராசிரியை, அவள் படிக்கக்கூடாத கடவுள்!",neutral,ta
எதிர்காலத்தில் மகிழ்ச்சி,happy,ta
கடவுள் மற்றும் ஆன்மாவின் சரியான கலவை அம்மா.,happy,ta
இனிய ஹோலி! (!),happy,ta
"உண்மையில், மகிழ்ச்சியை எதிலும் காணலாம். நிர்மலா சீதாராமன் போல.",neutral,ta
எங்களுக்குத் தெரியப்படுத்தியதற்கு நன்றி. புகாருக்கு தீர்வு காண எங்கள் துறையிடம் கோரிக்கை வைத்துள்ளோம்.,neutral,ta
ஜூலை-ஆகஸ்ட் மாதங்களில் பெய்த கனமழைக்கு இழப்பீடு வழங்க ஒப்புதல் அளிக்குமாறு ராகுல் பாட்டீல் கோரினார்.,neutral,ta
"இந்த வீடியோ ஆச்சரியமாக இருக்கிறது, இது எனது குழந்தைப் பருவத்தை நினைவூட்டுகிறது.",happy,ta
இது ஒரு பெரிய வெடிப்பு!!,happy,ta
பிறந்தநாள் வாழ்த்துக்கள் அம்னா ஜி,happy,ta
பாலாசாகேப் தாக்கரேவின் ஆதரவால்தான் சிவசேனா தலைவர் உத்தவ்ஜி சமாளிக்க முடிந்தது.,happy,ta
"ஓம் நம சிவயா... உங்கள் அனைவருக்கும் ""மகாசிவராத்திரி"" நல்வாழ்த்துக்கள்!",happy,ta
உங்களுக்கும் உங்கள் குடும்ப உறுப்பினர்களுக்கும் ரக்ஷா பந்தன் மற்றும் நார்லி பூர்ணிமா வாழ்த்துக்கள்.,happy,ta
அனைவருக்கும் மஹாசிவராத்திரி நல்வாழ்த்துக்கள்!,happy,ta
"வைரத்தை ஏன் அணிய வேண்டும், ஏனெனில் அது சிறந்த ஒளியைக் கொடுக்கிறது?",neutral,ta
ஆரம்பம் சிறப்பாக இருந்தது.,neutral,ta
|| திரு || மேலான அன்புடன் செய்த வேண்டுகோள் 'பிரேமாக்னி'.,neutral,ta
பொறியாளர்களால் வடிவமைக்கப்பட்ட இணையதளங்களில் பணிபுரியும் அனைவருக்கும் பொறியாளர்கள் தின வாழ்த்துக்கள்,happy,ta
"*தேங்காய் பூர்ணிமா மற்றும் ரக்ஷா பந்தன் வாழ்த்துக்கள், காலை வணக்கம்*",happy,ta
பொறுப்புள்ள தலைவனாக விளங்கிய உங்களுக்குப் பாராட்டுக்கள்!,happy,ta
நீங்கள் வேத சாஸ்திரத்தின் மங்களகரமான திருவுருவம். எண்ணற்ற மகிமைகள் உனது செழிப்பு.,neutral,ta
மகாராஷ்டிரா காவல்துறைக்கு மனமார்ந்த சல்யூட்,happy,ta
வாழ்த்துக்கள் அய்யா.. வெற்றியைத் தொடருங்கள்,happy,ta
"மேலும் அக்டோபரில், ஸ்மார்ட்போனின் பல்வேறு அற்புதமான அம்சங்கள் கிடைத்தன.",neutral,ta
சகோதரர்களே இதை முடிந்த அளவு மக்களிடம் பரப்புவோம்...கிராமப்புறங்களில் ஆராய்ச்சியின் போக்கை பரப்புவோம்.,happy,ta
எங்களை தொடர்பு கொண்டதற்கு நன்றி. புகார் தீர்க்கப்பட்டது.,neutral,ta
மகாராஷ்டிர மாநில அமைச்சராக தேர்ந்தெடுக்கப்பட்டதற்கு மனமார்ந்த வாழ்த்துக்கள்.,happy,ta
பளுதூக்குதல் போட்டியில் வெள்ளிப் பதக்கம் வென்ற மீராபாய் சானுவுக்கு வாழ்த்துகள்...,happy,ta
"நான் மிகவும் ஆர்வமாக உள்ளேன், அனைவரும் பார்க்க வேண்டும்.",happy,ta
ஐயா சிறப்பான பணி செய்கிறார். நாங்கள் உங்களுடன் இருக்கிறோம்,neutral,ta
மராத்வாடாவின் வளர்ச்சியில் பின்தங்கிய நிலையை நிரப்ப வேண்டும் என்ற கோரிக்கையை ஆகாஷ் ஜி நிறைவேற்றினார்.,neutral,ta
இது உண்மையிலேயே ஒரு அசாதாரண அனுபவம்.,happy,ta
இந்த வீடியோ மிகவும் நன்றாக உள்ளது. இது அனைவரின் வைரலாக பரவ வேண்டும்...,happy,ta
"இந்த புத்தாண்டை வரவேற்போம், பழைய கனவுகள், புதிய பூக்கள், புத்தாண்டு வாழ்த்துக்கள்...",happy,ta
நீங்கள் நிரந்தரமாக அதிகாரத்தில் இருந்து விலகி இருக்கிறீர்களா? ஆனால் இது உங்களுக்கு ஒரு பொன்னான வாய்ப்பு,neutral,ta
"நல்ல செய்தி, பந்து வீச்சாளர் உமேஷ் யாதவ் தந்தையானார்.",happy,ta
வறுமை ஒழியும்.. சிவபோஜன தாலியை ரசிப்பவர்கள் ஏராளம்.,neutral,ta
ஐயா உங்களால் விவசாயிகளுக்கு ஏதாவது செய்ய முடியுமா?,happy,ta
"டெய்லி சொக்கோர், தேசோன்னதி, மராத்வாடா கேசரி பேப்பருக்கு நன்றி...",happy,ta
உண்மை அண்ணா,neutral,ta
"நன்றி ஐயா, உங்கள் வாழ்த்துகள் மிகவும் ஊக்கமளிக்கின்றன",happy,ta
தேவ் பாய் போன்ற கடமையும் நேர்மையும் கொண்ட தலைவர் தேவை,neutral,ta
இன்று தொடங்கும் நவராத்திரி விழா அனைவருக்கும் இனிய நல்வாழ்த்துக்கள்!,happy,ta
"பிரவாஸ் உத்சவுக்கு நன்றி, நான் இப்போது எனது பயணங்களை மலிவு விலையில் முடிக்க முடியும்.",happy,ta
ஸ்வராஜ்ய ஜென்டா யாத்ரா சாந்தநகரி ஷேகானுக்கு வருக! ..//,happy,ta
"அவர் பறவையை ஏமாற்றினார், இதனால் மகாராஷ்டிரா முழுவதும் மகிழ்ச்சியாக இருந்தது.",angry,ta
நீங்கள் மகிழ்ச்சியான விவசாயியாக இருங்கள்: அனைத்து விவசாய சகோதர சகோதரிகளுக்கும் தேசிய உழவர் தின வாழ்த்துக்கள்.,happy,ta
"நாகபஞ்சமி விழாவில், வெற்றி பெறுபவர்களுக்கு புடவை, தங்க மூக்குத்தி, வெள்ளி மோதிரம் மற்றும் ஸ்வராஜ்ஜியத்தை கொண்டாடும் வகையில் சில பொருட்கள் வழங்கப்படுகின்றன.",happy,ta
"அர்ப்பணிப்பு இருக்கும் இடத்தில் தோல்வி இல்லை, அன்பு முற்றிலும் சரியானது.",happy,ta
ஜெய் ஸ்ரீ ராம் சைத்ரா பூர்ணிமா மற்றும் அனுமன் ஜெயந்தி வாழ்த்துக்கள்,happy,ta
பெரியவர்களுடன் அறிவியல் அபிஷேகம் - டாக்டர் மல்பானி.//,happy,ta
"சிக்னல் நன்றாக உள்ளது, இப்போது விளக்குகள் உள்ளன மற்றும் வழியைக் காணலாம்",neutral,ta
"மகிழ்ச்சியாக இருப்பதற்கு ஒரே ஒரு எளிய வழி இருக்கிறது... உங்களிடமிருந்து எதிர்பார்ப்புகளை வைத்துக் கொள்ளுங்கள், மற்றவர்களிடமிருந்து அல்ல.",happy,ta
கணேஷோத்ஸவத்திற்கு உற்சாகமாக பதிலளித்த ஆலந்தி கிராமம்...//,happy,ta
"ஓம் கண கணபதியே நமஹ ஓம் நம சிவாய கணபதி பாப்பா மோரியா, மங்களமூர்த்தி மோரியா",happy,ta
புத்தாண்டின் முதல் விடியல் மகராசர்களின் துணிச்சலுக்குச் சான்றாகும்.,happy,ta
மிக மிக நல்லது,neutral,ta
"மிக நல்ல செயல்பாடு, நானும் சேர்ந்தேன்",neutral,ta
பேட்மிண்டன் ஒற்றையர் இறுதிப் போட்டி (ஆண்கள்) நடைபெறுவதால் லக்ஷ்யா சென் அற்புதமாக விளையாடி வருகிறார்.,happy,ta
துலேகர் மக்கள் சார்பாக பாபாசாகேபுக்கு நன்றி,happy,ta
புனேயில் வசிப்பவர்கள் தங்கள் வீடுகளுக்கு வெளியே பலகையை நிறுவியதால் நிம்மதியடைந்துள்ளனர்.,neutral,ta
அமராவதி தாலுகாவில் உள்ள அஞ்சன்கான் பாரியில் ஏற்பாடு செய்யப்பட்டிருந்த மஹாசேவா பிரச்சாரத்தில் கலந்து கொண்டு அவர் பேசினார்.,neutral,ta
சமூக ஊடகங்கள் மூலம் முதன்முறையாக உலகளவில் பாராட்டைப் பெறுதல்./-...,happy,ta
ரவீந்திர பாட்டீல் மற்றும் குடும்பத்தினர் உங்களுக்கும் உங்கள் குடும்ப உறுப்பினர்கள் அனைவருக்கும் புத்தாண்டு நல்வாழ்த்துக்கள்.,happy,ta
"நன்றாக எழுதப்பட்டுள்ளது, மிரட்டல் நன்றாக உள்ளது. இந்த யோசனைகளை மற்றவர்களுடன் பகிர்ந்து கொள்வது,",happy,ta
"ஷர்மா டீயை இங்கே காலேஜ்ல ட்ரை பண்ணுங்க, இந்த மாதிரி டீ வேற எங்கயும் கிடைக்காது",neutral,ta
அவர்கள் அனைவரும் நான்கு முதல் ஐந்து மாதங்களுக்கு ஒருமுறை தயார் செய்கிறார்கள்,neutral,ta
மிக அழகு,happy,ta
"ஒரு சூரியன், ஒரு சந்திரன், ஒரு கட்சி சிவசேனா மற்றும் ஒரு தலைவர் ஸ்ரீ உத்தவ் சாகேப் பாலா சாகேப் தாக்கரே.",happy,ta
"நன்றி, இந்த தொடர்பு உங்களிடமிருந்து எதிர்பார்க்கப்படுகிறது.",happy,ta
| பாரம்பரிய முறைப்படி சாங்கிலிக்கு சிவராயரின் வருகை.,happy,ta
பிறந்தநாள் வாழ்த்துக்கள் அண்ணா!!,happy,ta
சாஹிப் மஷாலியையும் ஊக்குவித்து பிரச்சாரம் செய்தார்.,neutral,ta
சிறந்த கல்வியை நமக்கு வழங்கும் இத்தகைய தளம்..அருமையானது,happy,ta
நீங்கள் கௌரவிக்கப்படுவீர்கள் என்பது உங்களுக்குத் தெரியுமா ஐயா?,happy,ta
பாராட்டத்தக்க முயற்சி மற்றும் சரியான யோசனை..!,happy,ta
"சீக்கிரம் ஐயா, உங்களுக்காக நாங்கள் மிகவும் மகிழ்ச்சியடைகிறோம்",happy,ta
உங்கள் கடந்த கால அனுபவங்களும் நினைவுகளும் உங்கள் சொத்து. கேட்க நன்றாக இருக்கிறது.,happy,ta
புத்தாண்டு வாழ்த்துக்கள் சார்,happy,ta
"மிகவும் நேர்மையாக இருங்கள், பிரதிநிதித்துவம் மற்றும் பிரதிநிதித்துவம் செய்ய எப்போதும் தயாராக இருங்கள்",happy,ta
உங்கள் அனைவரின் இந்த அன்பு எப்போதும் இப்படி இருக்க வேண்டும்.,happy,ta
அனைவருக்கும் நல்வாழ்த்துக்கள்,happy,ta
வெளிநாட்டு சுற்றுலா பயணிகளின் கட்டிடம்-./.?,neutral,ta
இனிமையான வார்த்தைகளைச் சொல்லுங்கள்! அனைவருக்கும் மகர சங்கராந்தி நல்வாழ்த்துக்கள்!,happy,ta
ஓம் நம சிவ,neutral,ta
"உங்கள் பாராட்டுக்கு நன்றி, மேல் நடவடிக்கைக்காக உங்கள் புகாரை சம்பந்தப்பட்ட காவல் நிலையத்திற்கு அனுப்புகிறோம்",neutral,ta
ஒவ்வொரு இந்துவும் தேசபக்தியுள்ள இந்தியனும் படிக்க வேண்டிய நூல்!,neutral,ta
திருமணத்தில் நடனமாடுவது மகிழ்ச்சி மற்றும் ஞானம் என்று மக்கள் நம்புகிறார்கள். .,happy,ta
டிசம்பரில் இருந்து இந்தியா GK க்கு தலைமை தாங்கும் மற்றும் G தலைவர்கள் உச்சி மாநாட்டை முதல் முறையாக ஏற்பாடு செய்யும்,happy,ta
இந்த அற்புதமான டிரெய்லரை நான் விரும்புகிறேன்.,happy,ta
பிறந்தநாள் வாழ்த்துக்கள் ஜோதிராதித்யா ஜி ஷிண்டே,happy,ta
கோலாப்பூரில் தீபாவளி கொண்டாட்டம் மிகவும் அழகாக இருந்தது மற்றும் மரியாதைக்குரிய தலைவர் ராஜ் தாக்கரே சாஹிப் அங்கு இருந்தார்.,happy,ta
இப்போது இந்துக்களின் உண்மையான எதிரி பாகு என்று மக்கள் நம்பத் தொடங்கினர். மகாராஷ்டிராவை வெல்லுங்கள்.,angry,ta
ஐயாயிரம் பின்தொடர்பவர்களை அடைந்ததில் நாங்கள் அனைவரும் மகிழ்ச்சியடைகிறோம்,happy,ta
உங்கள் கட்சியில் பப்பு சேனாவால் பாஜக வளர்ந்தது என்பது சரிதான்.,neutral,ta
"எழுத்தாளர், தத்துவவாதி மற்றும் நோபல் பரிசு பெற்ற குரு ரவீந்திரநாத் தாகூரின் நினைவு நாளில் அவருக்கு இதயம் கனிந்த அஞ்சலி.",happy,ta
இது கனமானது,neutral,ta
விஜய் பாலா சாஹேப்பின் ஆசிகள்.,happy,ta
எதிர்காலத்திற்கு வாழ்த்துக்கள்!,happy,ta
மகாராஷ்டிர குல தெய்வமான கந்தோபா சம்பஷஷ்டியின் இனிய திருவிழா!,happy,ta
நல்ல வேளை... நாங்களும் உங்களை ஆதரிக்கிறோம்... ஜெய் விதர்பா,happy,ta
கோஜாகிரி பூர்ணிமா நல்வாழ்த்துக்கள்!!,happy,ta
இந்த முக்கியமான பொறுப்பை ஏற்றதற்கு வாழ்த்துக்கள்.,happy,ta
எனவே உங்கள் இருப்பை நல்லவர்களுக்காக அர்ப்பணிக்கவும்.,neutral,ta
அதிர்ச்சி பற்றி என்ன? அந்த வெற்றிடத்தை நிரப்ப பல புதிய சிவ சைனியர்கள் தயாராக உள்ளனர்..!!,happy,ta
"மிகவும் அருமை சார், இந்த சிறு உதவி அந்த குடும்பத்தில் உள்ள அனைவரின் முகத்திலும் புன்னகையை ஏற்படுத்தியது.",happy,ta
"சர்வ மங்கள மங்களே, சிவ சர்வார்த்த ஸாதிகா, சரண்யா த்ரியம்ப்கே கௌரி, நாராயணி நமோஸ்து...",happy,ta
இனிய பிறந்தநாள் வாழ்த்துக்கள் சகோதரரே,happy,ta
நல்ல பயணம் குருஜி. ./_,happy,ta
மராத்தி புலி உங்களை நினைத்து மிகவும் பெருமையாகவும் பெருமையாகவும் இருக்கிறது,happy,ta
மிகவும் கவலை! மனம் நிறைந்தது. ஆனால் இவை அனைத்தும் ஜூன் மாதத்திலிருந்து தொடங்கியது.,sad,ta
அவர்கள் வெளிநாட்டினர்,neutral,ta
ஒரு டீனேஜ் பையனை மாப்பிள்ளை என்று அழைப்பதில் மகிழ்ச்சி இல்லை.,neutral,ta
என் சகாக்களுக்கு நீண்ட ஆயுள்.,happy,ta
பகவத் ஞான கங்கையின் ஏழு நாள் திறப்பு விழா.,neutral,ta
"நாட்டின் வரலாற்றில் ஒரு பெருமை மற்றும் மங்களகரமான தருணமாக கொண்டாடப்படுகிறது, அதன் ஆர்வலர்களின் பார்வைகள் இன்னும் உற்சாகமாக உள்ளன.",happy,ta
"தாடை உடைந்த போதிலும், அனில் கும்ப்ளே ஒரு ஓவரை வீசும் தைரியம் கொண்டவர்.",happy,ta
டோம்பிவலியில் நடந்த வண்ண விளையாட்டின் போது சிறு தகராறில் இரு பிரிவினர் மோதிக்கொண்டனர்.,neutral,ta
மகாராஷ்டிராவின் பிரகாசமான எதிர்காலத்திற்காக வெளிப்படையான ஆட்சேர்ப்பு...,neutral,ta
மகாராஷ்டிரா சிரிப்பு விழாவான ஹவா அசே தோ எனக்கு மிகவும் பிடித்த நிகழ்ச்சி.,happy,ta
நன்றி விக்ராந்த் ஜி! மராட்டிய இளைஞர்களின் நலனுக்காக ஒன்றிணைவோம்!,happy,ta
எங்கள் நண்பர் டாக்டர் அமோலுக்கு கன்னித்தன்மை கிடைத்தது,happy,ta
காலப்போக்கில் எல்லாம் மாறினாலும் எங்களின் மன உறுதியை கைவிடவில்லை,happy,ta
ராய்கர் மாவட்டத்தில் உங்களுடன் இருக்கும் மக்களுக்கு இந்த வாக்கியத்தைச் சொன்னதற்கு நன்றி. மந்திரி வழிகாட்டி,happy,ta
ஜோதிடம் தொடர் சொற்பொழிவுக்கான சிறந்த பதில் - ./--...,neutral,ta
அவர்களின் முதல் எண்ணம் மேளம் வாசித்து பாடுவதுதான்.,happy,ta
அனைவருக்கும் சங்கேத சதுர்த்தி நல்வாழ்த்துக்கள்,happy,ta
வாழ்த்துக்கள் மற்றும் நல்ல அதிர்ஷ்டம். புனேயில் இருக்கும்போது அடுத்த பேட்ச் கண்டிப்பாக வரும்.,happy,ta
சக்தி வாய்ந்த கடவுள் மங்குட் கைப்பற்றப்பட்டு பெயர்கள் மாற்றப்படுகின்றன. உங்கள் வரலாற்று ஆய்வுகள் சர்ச்சைக்குரியவை.,happy,ta
கடல் கண்காணிப்பாளர்கள் மற்றும் உயிர்காக்கும் காவலர்கள் உதவியுடன் கணபதி விசாரிப்பு பத்திரமாக முடிக்கப்பட்டது.,neutral,ta
இன்று தொடங்கும் அணை திட்ட திறப்பு விழாவிற்கு அனைத்து நல்வாழ்த்துக்களும்!,happy,ta
கோஜாகிரி பூர்ணிமா வாழ்த்துக்கள்.,happy,ta
அனைவருக்கும் இனிய ரக்ஷாபந்தன் மற்றும் நார்லி பூர்ணிமா வாழ்த்துக்கள்..!,happy,ta
மெட்ராஸ் மாணவர்கள் உருவாக்கிய புதிய மென்பொருளால் இத்துறை பெரிதும் பயனடையும்,happy,ta
இனிய பிறந்தநாள் வாழ்த்துக்கள் சார்,happy,ta
"அன்புள்ள நடவாவ் காட்சே, உங்களுக்கு புத்தாண்டு வாழ்த்துக்கள்..//...",happy,ta
உண்மையான வெற்றியைத் திட்டமிடுவதைக் கவனியுங்கள்.,neutral,ta
அனைத்து குடிமக்களுக்கும் பிறந்தநாள் வாழ்த்துக்கள்!,happy,ta
மற்ற பிரதிநிதிகளும் பின்பற்ற வேண்டும். மிகவும் நல்ல செயல்பாடு.,happy,ta
"வாழ்த்துக்கள் அய்யா, எதிர்காலம் சிறப்பாக அமைய வாழ்த்துக்கள்...",happy,ta
பீமா கோரேகான் வீர தின வாழ்த்துக்கள்...!!!,happy,ta
ராதே-ராதே,neutral,ta
அன்சர்கா உங்கள் பிரார்த்தனைகளுடன் நிறைவுற்றது. அனைவருக்கும் மிக்க நன்றி,happy,ta
பிரிக்க முடியாத சகோதர உறவுகளின் திருநாளான தேங்காய் பூர்ணிமா ரக்ஷாபந்தன் திருநாளில் அனைவருக்கும் வாழ்த்துக்கள்!,happy,ta
"இந்த முடிவு, மாநிலத்தின் நீதித்துறையை திறமையானதாக மாற்றுவதற்கு நிச்சயமாக உதவும்.",neutral,ta
"வாழ்த்துக்கள் சகோ... சரித்திரம் படைத்துள்ளீர்கள், பாகுபலி நீரஜ் சோப்ரா",happy,ta
ஜனநாயகம் உயிர்ப்புடன் இருப்பதாகக் கூறும் துணிச்சலான பத்திரிகையாளர்களுக்கு அனைத்து நல்வாழ்த்துக்களும்,happy,ta
தனுபாய் மாணவர்களுக்கு ஒரு முன்மாதிரி.,happy,ta
அது இப்போது ஒரு போதையாகிவிட்டது என்பது ஒப்புக்கொள்ளத்தக்கது,sad,ta
இனிய கோஜாகிரி பூர்ணிமா!,happy,ta
மீராபாய் சானுவுக்கு மனமார்ந்த வாழ்த்துக்கள்.,happy,ta
பெண்களின் ஆற்றலைக் காட்டினார். உங்கள் தைரியத்தை பாராட்டுகிறேன்.,happy,ta
இப்போது பெரிய சண்டை நடக்கப் போகிறது... பாலா சாகேப் சிவசேனா vs உத்தவ் தாக்கரே சிவசேனா. பாலா சாகேப்பின் சிவசேனா,neutral,ta
இது உண்மைதான்,neutral,ta
இப்படி ஒரு நிகழ்ச்சி நடப்பது மிகவும் சிறப்பு. ......,happy,ta
ஜெய் சுவாமிநாராயண் கணபதி பாப்பா மேரிமங்கலமூர்த்தி மேரியா!!,happy,ta
"சகோதர அன்பிற்கும், உறவிற்கும் இனிய திருநாள் வாழ்த்துக்கள்...!",happy,ta
குடும்பம் என்பது அழகான வார்த்தை. ஆதரவளிப்பது என்பது தேசத்திற்கான முழு குடும்பத்தின் அர்ப்பணிப்பு.,happy,ta
நாங்கள் சொல்வதைக் கேட்டதற்கு மிக்க நன்றி. தார்மீக பலம் பெறலாம்! ',happy,ta
கையெழுத்திட்ட மராத்திக்கு நாங்கள் நன்றியுள்ளவர்களாக இருக்கிறோம்.,neutral,ta
ஹர் ஹர் மகாதேவ் புஷ்பா ஜி. காலை வணக்கம்.//...,happy,ta
பேட்மிண்டனில் பிவி சிந்து தங்கம் வென்றார்.,happy,ta
"அனைத்து தொழிலாளர்களின் மீதான தடை விரைவில் நீக்கப்படும், கவலை வேண்டாம்",neutral,ta
உங்கள் மொழி பாஜக நாகரீகம்,neutral,ta
மகாலட்சுமி தரிசனத்துடன் புத்தாண்டு தொடங்குகிறது...,happy,ta
புத்தாண்டு வாழ்த்துக்கள் அண்ணா./_/...,happy,ta
விரைவான வளர்ச்சியில் குஜராத் புதிய உச்சத்தை எட்டுகிறது: பிரதமர்,happy,ta
"தொடருங்கள் அண்ணா + பல வாழ்த்துக்கள், எங்களுக்கு பல ஆசிகள், பூத் அசுதா",happy,ta
"அதன் பிறகு ஷெகானுக்குச் சென்றதில்லை, ஆனால் கோதம்வாலேயை அனுபவித்திருக்கிறேன். மிக நன்று..",happy,ta
"இது உண்மையிலேயே ஆச்சரியமாக இருக்கிறது, இது மாணவர்களுக்கு சிறந்த கல்வியை அளிக்கிறது.",happy,ta
அவர் ஒரு அற்புதமான ராப் பாடலையும் பாடுகிறார்…,neutral,ta
அவர்களின் தீபாவளி மிகவும் பிரமாண்டமானது,happy,ta
புதிதாக பொறுப்பேற்ற பெண் சர்பஞ்ச் ரஞ்சனா பூக்லே கவுரவிக்கப்பட்டார்.,neutral,ta
தொழில்நுட்பத்துடன் செயல்படும் மலிவான எரிபொருளுக்கு இது ஒரு சிறந்த மாற்றாகும்,neutral,ta
"இந்தியா மற்றும் பாஜகவுடன் கைகோர்த்து, ஒன்றாக இணைந்து சிறந்த எதிர்காலத்தை நோக்கி நாம் பெரும் முன்னேற்றம் அடைய முடியும்.",happy,ta
மேடையை கடந்ததற்கு வாழ்த்துக்கள்,happy,ta
அனைவருக்கும் இனிய கஸ்தஸ்தான் மற்றும் நவராத்திரி பண்டிகை வாழ்த்துக்கள்.,happy,ta
வாழ்க்கையில் வெற்றிபெற சாணக்கியரின் இந்த வார்த்தைகளை எப்போதும் நினைவில் கொள்ளுங்கள்,neutral,ta
அனைவருக்கும் கோஜாகிரி பௌர்ணமி நல்வாழ்த்துக்கள்!,happy,ta
"சாஹேப் ஜெய் மகாராஷ்டிரா, என் சாகும் வரை உங்களுடன் இருக்கிறேன்",happy,ta
ஜெய் சனாதன் புனித ஆர்ய பூமி..வசுதைவ குடும்பத்திற்கு வரவேற்கிறோம்,happy,ta
உங்களுக்கும் உங்கள் குடும்பத்தினருக்கும் புத்தாண்டு வாழ்த்துக்கள்,happy,ta
நாக்பூரின் ஒவ்வொரு குடிமகன் சார்பாகவும் அவருக்கு நன்றி தெரிவித்துக் கொள்கிறேன்.,neutral,ta
பல பாலாசாகேப்கள் இருந்தனர் ஆனால் மாண்புமிகு பாலாசாகேப் தாக்கரே மட்டுமே இருந்தார்.,happy,ta
1971ல் இந்தியாவுக்கு முதல் பதக்கம்,happy,ta
புத்தாண்டு வாழ்த்துக்கள் சார்..,happy,ta
ஏழை கைவாரி சாஹிப் நமது உண்மையான பெருமை.,happy,ta
பிரதமர் நரேந்திர மோடிக்கு பூடானின் உயரிய விருது! மனமார்ந்த வாழ்த்துக்கள்,happy,ta
! முதன்மை இயந்திரம்..//...,neutral,ta
புனேயில் உள்ள சஹ்யாத்ரி இன்ஸ்டிடியூட் செய்த சிறப்பான பணி! .//,happy,ta
அன்பை நம்பு!,neutral,ta
இது சரிதான்,neutral,ta
ஜெய் பவானி ஜெய் சிவரா என்று ஒன்றுபடுவதைத் தவிர வேறு வழியில்லை,happy,ta
ஒவ்வொரு நாளும் கடவுளை நினைவு செய்ய சாத்விக் பதக்கைப் பயன்படுத்திக் கொள்ளுங்கள்.,neutral,ta
: உள்ளூர் அரசியலில் தீவிரமான தலைவராக நர்வாடே அறியப்படுகிறார்.,happy,ta
தலைமைச் செயலகச் செயலர் சகோதரர் பிரவீன் கெய்க்வாட் அவர்களுக்கு இனிய பிறந்தநாள் வாழ்த்துக்கள்.,happy,ta
திருமணம் என்ற வலையில் விழுவதை விட சிறந்தது எதுவுமில்லை.,neutral,ta
இது மிகவும் கனமான நூல்...தேசபக்தர்கள் அவசியம் படிக்க வேண்டிய நூல்,happy,ta
'சிந்துதுர்க் மாவட்டம் இயற்கையால் ஆசீர்வதிக்கப்பட்டது; 'ஒரு சிறந்த கற்றல் சூழலை உருவாக்க முயற்சிக்கவும்.',happy,ta
"ஐயா, நீங்கள் உண்மையுள்ளவர்களாகவும், அச்சமற்றவர்களாகவும் வரலாற்றில் இடம் பெறுவீர்கள்.",happy,ta
பிறந்தநாள் வாழ்த்துக்கள் ஓம் ஆச்சார்யாஜி,happy,ta
ஜெய் சிவ ஷம்பு ஹர ஹர மஹாதேவ் காலை வணக்கம் பந்தனா,happy,ta
! அவரது ஷஹானி சாகல் கதைகள் மற்றும் மர்மக் கதைகளின் தொகுப்பு.,neutral,ta
ஓம் சர்வமங்கள மங்களே சிவ சர்வார்த்த ஸாதிகா. சரணே த்ரயம்பகே கௌரி நாராயணி நமோத்ஸு.,happy,ta
நல்வாழ்த்துக்கள் நண்பரே! ./_/…,happy,ta
நாகபஞ்சமி நல்வாழ்த்துக்கள் சார்,happy,ta
கின்னா சோனா பாடல் மிகவும் அற்புதம்..இசை புதுசு,happy,ta
இந்தியாவின் பெருமை.. வந்தே பாரத் ரயில்..,happy,ta
"பிறந்தநாள் வாழ்த்துக்கள் ""தேவ்டி தேவ்"" தாதா!",happy,ta
உங்களைப் போன்ற திறமையான அதிகாரிகள் இருந்தால் இந்த மாவட்டம் நிச்சயம் முன்னேறும்.,happy,ta
அவை சிறந்த யோசனை மற்றும் நேர்காணல் விவாதத்தின் சரியான படங்கள்.,neutral,ta
சுமையாகவும் மாறும்,neutral,ta
இனிய பிறந்தநாள் வாழ்த்துக்கள் சார்./...,happy,ta
"தாதா, எனக்கு விவாதங்கள் மிகவும் பிடிக்கும், எங்கும் குழப்பம் இல்லை, விவாதங்கள் அமைதியாக நடக்கின்றன....",neutral,ta
மற்றொரு பயனாளி.,neutral,ta
உங்கள் உள்துறை அமைச்சர் கோடிக்கணக்கான ரூபாய் வசூல் செய்வதில் மும்முரமாக இருப்பதைக் கேட்டதில் மகிழ்ச்சி!,neutral,ta
சார் எங்களின் சிறப்பு நண்பர்,neutral,ta
இந்த அனைத்து மாணவர்களுக்கும் பிரபோதினியில் உள்ள ஒட்டுமொத்த குழுவிற்கும் வாழ்த்துக்கள்!,happy,ta
பிறந்தநாள் வாழ்த்துக்கள் நானாசாகேப்,happy,ta
பிறந்தநாள் வாழ்த்துக்கள் சிவஸ்ரீ புருஷோத்தம் கேத்கர் சாஹேப்.,happy,ta
"அனுபவத்தைப் பெற்று உங்களை நம்புங்கள், நீங்கள் உலகை வெல்வீர்கள்.",happy,ta
"தொடர்ந்து நல்லது செய்வது கடினம், ஆனால் இயற்கையை காப்பாற்ற உங்களால் முடிந்தவரை முயற்சி செய்கிறீர்கள்",neutral,ta
இந்த இருவரும் தங்கள் சொந்த வழியில் முக்கியமானவர்கள் மற்றும் மதிப்புமிக்கவர்கள்,neutral,ta
பக்தர்கள் அனைவருக்கும் மஹாசிவராத்திரி நல்வாழ்த்துக்கள்!,happy,ta
புல் ஜோலாவின் மகன் பிஎச்டி பட்டம் பெற்றவுடன் தோட்லாவின் மகிழ்ச்சி எகிறியது.,happy,ta
"உண்மையில், மக்கள் கொண்டாடுவதில் மகிழ்ச்சி அடைகிறார்கள்…",neutral,ta
அதனால்தான் மகாராஷ்டிர அரசியலில் தேவேந்திரஜியின் நாணயம் தொடர்ந்து நிலவி வருகிறது.,happy,ta
"நான் முன்பே சொன்னது போல் இந்த கடவுள், நண்பரே.. கடவுள் சகோதரரே உண்மையில் நீங்கள்தான்.",happy,ta
புத்தாண்டு வாழ்த்துக்கள் திரு. சஞ்சய் வாகமரே அம்பாஜோகை,happy,ta
ஸ்ரீ அனுமனின் பிறப்பு சைத்ர சுத்த பூர்ணிமா ஸ்ரீ ஜோதிர்லிங்க யாத்திரை,neutral,ta
துமல் குடும்பத்தினரின் ஆதரவுக்கு அவர் நன்றி தெரிவித்தார்.,neutral,ta
LVMஐ வெற்றிகரமாக அறிமுகப்படுத்தியதற்கு வாழ்த்துகள்!,happy,ta
இனிய பொறியாளர்கள் தின வாழ்த்துக்கள்..!!,happy,ta
"வேர்கள் உருது மொழியில் உள்ளன, இது ஒரு பெருமைமிக்க பாரம்பரியம்",happy,ta
லாசுர்கானில் உள்ள ஏழைப் பெண்களுக்கு அசோக் சோனவன் அவர்களால் சூடான ஆடைகள் விநியோகம்.//...,neutral,ta
"ஸ்வச் சர்வேக்ஷன் கிராமின் திறப்பு விழா, தயவுசெய்து வாருங்கள்/-...",neutral,ta
நிலைமையை மேம்படுத்த சரியான நடவடிக்கைகளை எடுக்கவும். நாட்காட்டி:../,neutral,ta
அனைவருக்கும் இனிய ஹோலி பூர்ணிமா வாழ்த்துக்கள்..!,happy,ta
விஜய ஸ்தம்ப பீமா கோரேகான் தைரியத்தை தூண்டுகிறது….,happy,ta
"அவரது மகள் பிறந்த பிறகு, அனைத்து எல்லைகளையும் தாண்டிய ஒரு இல்லறம் விழாவில் அவர் வரவேற்கப்பட்டார்./-...",happy,ta
"ஐயா உங்கள் முடிவு சரியானது, நீங்கள் விவசாயிக்கு ஆதரவாக நிற்கிறீர்கள்",neutral,ta
இளைஞர்களை தன்னம்பிக்கை கொண்டவர்களாக மாற்ற அனைவரும் பங்களிக்க வேண்டும் - ஆளுநர் பகத்சிங் கோஷியாரி.,neutral,ta
"மிகவும் அருமை, உங்களை எப்போதாவது சந்திக்க விரும்புகிறேன், அது சாத்தியமா???",happy,ta
நன்றி தேவேந்திர பாய்,happy,ta
"எனக்கு வயிற்றுப்போக்கு இல்லை, செரிமானம் கடினமாக உள்ளது.",neutral,ta
விழிப்புணர்வு செய்தியை வகுப்பு தோழர்களிடம் பரப்புபவர்களுக்கு கோஜாகிரி பூர்ணிமா வாழ்த்துக்கள்.,happy,ta
எனது மூத்த சகோதரரின் சீடராக மாறியுள்ள பத்கல் பாய்க்கு மனமார்ந்த வாழ்த்துக்கள். ../,happy,ta
மீண்டும் ஹரிஓம்...அயோத்தி ஜி...சங்சே ஜெய் மகாராஷ்டிரா,happy,ta
"ஆம், அனைத்து நண்பர்களுக்கும் நன்றி, இவ்வளவு பெரிய முயற்சி எடுக்கப்பட்டுள்ளது.",happy,ta
"இந்த வெறுப்பு யுகத்தில், இந்த ஒற்றுமையின் பந்தம் யுகங்களாக நினைவில் இருக்கும்.",happy,ta
பத்திரிக்கையாளர் பிரச்சனைக்கு தீர்வு,neutral,ta
"நான் அன்று சந்திரனைப் பார்த்தேன், உண்மையைச் சொல்வதென்றால் அது முன்பை விட நன்றாக இருந்தது",happy,ta
புத்தாண்டை வரவேற்கும் வகையில் 2000 மரக்கன்றுகள் இலவசமாக வழங்கப்பட்டன. ./…,happy,ta
உங்களுக்கும் உங்கள் குடும்பத்தினருக்கும் இனிய புத்தாண்டு நல்வாழ்த்துக்கள்...,happy,ta
முழு குழுவிற்கும் வாழ்த்துக்கள்... எதிர்காலத்திற்கு வாழ்த்துக்கள்...,happy,ta
"ராமாயின் கதாபாத்திரத்தில் மிகுந்த நம்பிக்கையுடனும், டயலாக் டெலிவரியுடனும் சிறப்பாக நடித்திருக்கிறீர்கள்.",happy,ta
தகவல் சேவைக் குழுவின் ஊழியர்கள் டோர்னகாட்டை வெற்றிகரமாகக் கண்காணித்தனர் -,neutral,ta
"ஷீடல் டே, நீங்கள் ஹெவி எடிட்டிங் செய்கிறீர்கள், எல்லாவற்றையும் எப்படி நிர்வகிக்கிறீர்கள்?",happy,ta
ஹாஃப்கின் இன்ஸ்டிடியூட்டைப் புதுப்பித்ததற்காக மகாராஷ்டிர அரசுக்குப் பாராட்டுகள்,happy,ta
சர் ஜெய் மகாராஷ்டிரா..!! எங்கள் புனே மாவட்டத்தில் இருந்து அன்பான வரவேற்பு,happy,ta
மொபைல் யுகத்தில் 10 மணிக்கு தூங்கி 10 மணிக்கு எழுபவர்கள் வெற்றி பெறுவார்கள்.,neutral,ta
"ஒரு திறமையான கலைஞர், திறமையான தலைவர் மற்றும் அறிவார்ந்த நபர், அவர்கள் அனைவரும் சமூகத்தில் நேர்மறையான மாற்றத்தை கொண்டு வருகிறார்கள்.",happy,ta
மகாராஷ்டிராவின் ஒரே பாதுகாவலர் மற்றும் பாதுகாவலர்,happy,ta
இப்போது வேலையில்லா திண்டாட்டத்தை சமாளிக்க உங்கள் முழு சக்தியையும் பயன்படுத்துங்கள்.,neutral,ta
அனைவருக்கும் வசுபரா நல்வாழ்த்துக்கள்...!,happy,ta
மாணிக் பாய் மதிப்புமிக்க ஆலோசனைகளை வழங்கினார்,neutral,ta
அஹல்யா தேவி பிறந்தநாள் மஞ்சள் கோட் ஜெய் மல்ஹர் மல்ஹர் விரைவில்,happy,ta
ஆனால் அந்த சந்தர்ப்பத்தில் அவர் தனது மனதை வெளிப்படுத்தினார்.. அது நல்ல விஷயம்.,neutral,ta
"ஆறு முறை உலக சாம்பியனான மேரி கோம், மும்பை மாரத்தான் போட்டியின் தூதராக உள்ளார்./-/...",neutral,ta
ஓம் நம சிவாய ஹர மஹாதேவ் மஹாசிவராத்திரி நல்வாழ்த்துக்கள்,happy,ta
"டாடியா முல்ஷி இந்த மாதிரிக்கு ஈர்க்கப்பட்டு, விவசாயிகளுடன் ஆபத்தான டாத்யாவை நமக்குக் காட்டுகிறார்",neutral,ta
இறுதியில் இந்தியா இன்று வெற்றி பெற்று தொடரை கைப்பற்றியது.,happy,ta
தீய எண்ணங்கள் புனித நெருப்பில் எரியட்டும். அனைவருக்கும் இனிய ஹோலி,happy,ta
"ஒரே முத்திரை, ஒரே கட்சி, சிவசேனா மஷல் முத்திரை மட்டுமே துரோகிகளுக்கு அரசியல் முடிவைக் கொண்டுவரும்",angry,ta
மகர சங்கராந்தி நல்வாழ்த்துக்கள்!,happy,ta
வண்ணம் எவ்வாறு செயல்படுகிறது என்பதற்கு ஒரு சிறந்த எடுத்துக்காட்டு.,neutral,ta
நெடுஞ்சாலை மற்றும் நெடுஞ்சாலை அல்லாத பொறியாளர்களுக்கு வாழ்த்துக்கள்.,happy,ta
உங்களை வெற்றிகரமானவர் என்று அழைப்பது குறைத்து மதிப்பிடல்.//...,neutral,ta
கோலி சகோதரர்களுக்கு நீதிக்காக எப்போதும் போராடும் ராஜ் ஷிலடியா கிஷோர் மற்றும் சாக்ஷி ரானே அவர்களுக்கு பிறந்தநாள் வாழ்த்துக்கள்.,happy,ta
உங்களுக்கும் அனைத்து காங்கிரஸ் அன்பர்களுக்கும் புத்தாண்டு வாழ்த்துக்கள்! ./…,happy,ta
நேர்மறையே அடித்தளம்!!,neutral,ta
"ஐயா, வாழ்த்துகள், இனி வரவிருக்கும் தேர்தல்களுக்கு நல்ல அதிர்ஷ்டம், நல்ல பிரச்சாரத்துடன் எதிர்க்கட்சிகளை வாயடைத்து விடுங்கள்.",happy,ta
எனக்கும் எனது குடும்பத்தினருக்கும் புத்தாண்டு வாழ்த்துக்கள்,happy,ta
புத்தாண்டு வாழ்த்துக்கள் அண்ணா!,happy,ta
"உண்மையில், இது ஒரு நல்ல திட்டம்",neutral,ta
ஆனால் இயலாமை முடமாக்குவதற்கான சாத்தியக்கூறுகள்… மிகப்பெரியது…,neutral,ta
"ஐயா, முற்றிலும் உண்மை",happy,ta
CoviShield மற்றும் Covaxin தடுப்பூசிகள் இரண்டுமே உரிய முறையில் கொடுக்கப்பட வேண்டும்.,happy,ta
கோழி கூட இருக்கிறதா? கோழி பற்றி கேள்விப்பட்டேன். அருமையான தகவல்.,neutral,ta
பிறந்தநாள் வாழ்த்துக்கள்!! தயவு செய்து பார்ட்டி எங்கு நடைபெறும் என்பதை தெரிவிக்கவும்.,happy,ta
"இது உண்மையில் உங்கள் அனைவருக்கும் ஒரு அற்புதமான வாய்ப்பு, தவறவிடாதீர்கள்",happy,ta
ராஜ்தீப்பை விட கார்க் நன்றாக மராத்தி பேசுவார் என்பது இந்த பேட்டியில் ஒன்று தெளிவாகிறது.,happy,ta
அனைவருக்கும் மகர சங்கராந்தி நல்வாழ்த்துக்கள்!!,happy,ta
பயங்கரவாதிகளின் புதைகுழி தோண்டப்படும் மோடியின் இந்தியா இது.,angry,ta
பிஷ்ணுபுரியில் குருகிருபா நோயியல் ஆய்வகத்தை திறந்துவைத்த சந்தோஷ் ஹம்பர்டேக்கு வாழ்த்துகள்.,happy,ta
இந்தக் குறியீட்டை நிமிடங்களில் பயன்படுத்தவும் %Xtra Suite ஐயா,happy,ta
"நீங்கள் எங்கள் உத்வேகம், உங்கள் பங்களிப்பில் நாங்கள் பெருமிதம் கொள்கிறோம்! தேசிய சார்!",happy,ta
மிக நல்ல முடிவு,happy,ta
"இத்திட்டம் நிறைவேறினால், குடிசை மறுசீரமைப்பு திட்டங்களுக்கு எடுத்துக்காட்டாக நிற்கும்,'' என்றார்.",neutral,ta
இப்போது ஒரு காட்டு விருந்தைத் திட்டமிட வேண்டும்! வாழ்த்துக்கள்.//...,happy,ta
மகாராஷ்டிரா மாநில பல்லுயிர் வாரியத்தின் நிறுவன தினம்,neutral,ta
உத்தவ் சாஹிப்புக்கு யாருடைய அனுதாபமும் தேவையில்லை...எதிர்ப்பாளர்களுக்கு சிவ சைனிக்களே போதும். ஜெய் மகாராஷ்டிரா...,angry,ta
இனிய தேங்காய் பூர்ணிமா மற்றும் ரக்ஷாபந்தன் விழா!!!!,happy,ta
கோலாபூரை ஹசாரியாக இருப்பதற்கு வாழ்த்துகள்,happy,ta
"நீண்ட நாட்களுக்குப் பிறகு நான் ஒரு புத்திசாலித்தனமான, வசீகரமான மற்றும் அச்சமற்ற பேச்சாளரை சந்தித்தேன்.",neutral,ta
இந்த ஆண்டு விஜய் பாயின் நடிப்பு நன்றாக உள்ளது,happy,ta
அனைத்து சகோதரர்களுக்கும் வணக்கம்..!,happy,ta
அந்தேரியை எம்.எல்.ஏ.வாக வழிநடத்த உங்களுக்கு அருமையான வாய்ப்பு!,happy,ta
இயற்கையின் நிறம் புதிய சகாப்தத்திற்கு புதிய தோற்றத்தை அளிக்கிறது.,neutral,ta
"மகாராஷ்டிர அரசு மற்றும் எம்.ஆர்.வி.பி.சி. (மகாராஷ்டிரா) நன்றி, நவராத்திரி பண்டிகையின் போது சுமை கொட்டுவது பற்றி நேற்று ட்வீட் செய்தேன்!",neutral,ta
|| ஹர் ஹர் மகாதேவ் ||,neutral,ta
அச்சமற்ற மற்றும் பக்கச்சார்பற்ற அறிக்கையிடலுக்கு இத்தகைய சிந்தனை அவசியம். வாழ்த்துகள்! .//…,happy,ta
உங்கள் பணி சிறக்க வாழ்த்துக்கள்!,happy,ta
மிகவும் நல்ல முடிவு எனவே ஜெய் ஹிந்த் ஜெய் ஹிந்து மாநிலம்,happy,ta
வரட்சி மஞ்ச் ஒரு மறக்க முடியாத கொண்டாட்டம்..//,happy,ta
தலைமுறை தலைமுறையாக உணவுக்காக பிச்சை எடுக்கும் பாரம்பரியம் உள்ளது.,neutral,ta
புதிய வாய்ப்புகளை கண்டறிய நேரம் எடுக்கும்.,neutral,ta
உங்களுக்கும் உங்கள் குடும்பத்தினருக்கும் இனிய தீபாவளி நல்வாழ்த்துக்கள்,happy,ta
சரிந்து கொண்டிருக்கும் தாக்கரேவின் அணியை உங்களால் மட்டுமே காப்பாற்ற முடியும் என்று தெளிவுபடுத்தினார்.,neutral,ta
நான் நாளை சாப்பிடுவேன்,neutral,ta
அனைவருக்கும் ரக்ஷாபந்தன் மற்றும் நார்லி பூர்ணிமா வாழ்த்துக்கள்!,happy,ta
வாழ்க்கையில் வெற்றி பெற எப்போதும் இனிமையான வார்த்தைகளில் கவனமாக இருங்கள். ./-…,neutral,ta
சேகர் சுமன் பால் கோல் சிறந்த நடிப்பு.//...,neutral,ta
பாப்பா உங்களுக்கு நல்ல ஆரோக்கியத்துடன் நீண்ட ஆயுளைக் கொடுக்க பிரார்த்திக்கிறேன்.,happy,ta
"எங்களிடம் சிறப்புகள் உள்ளன, அதனால் எப்பொழுதும் ஏதோ நடக்கிறது",neutral,ta
இந்துத்துவாவுக்கு ஆபத்தில்லை... இனி இந்துத்துவாவுக்கு ஆபத்து இல்லை... இந்த கூட்டணி இந்துத்துவாவுக்கும்...,happy,ta
ஜெய் கோபிநாத் பிரதிஸ்தான் பெருமைக்குரியது,happy,ta
அனைவருக்கும் காலை வணக்கம்../?...,happy,ta
"பிறந்தநாள் வாழ்த்துக்கள், தாத்தா. எங்களின் ஜெகதம்பாவின் அருள் உங்களுக்கு எப்போதும் இருக்கட்டும்.",happy,ta
"வாழ்க்கையில் ஏதேனும் தவறு நடந்தால் அதற்குத் தீர்வு காண வேண்டும். நம்மால் ஒரு தீர்வைக் கண்டுபிடிக்க முடியாவிட்டால், நாம் ஒன்றாகத் தீர்வைக் காண வேண்டும் அல்லது புத்திசாலியான ஒருவரை அணுக வேண்டும். எல்லாவற்றுக்கும் தீர்வு உண்டு.",neutral,ta
உங்கள் அனைவருக்கும் புத்தாண்டு வாழ்த்துக்கள்! அல்லது,happy,ta
என் நேர்காணல் செய்பவர்களை மூழ்கடிக்கும் ஒரு சிறந்த ஆளுமை கொண்டவர்.,neutral,ta
உங்களுக்கு பிறந்தநாள் வாழ்த்துக்கள் சகோதரா,happy,ta
அவர் தனது தேசபக்தியை கத்தியால் அல்ல செய்து காட்டினார்.,neutral,ta
"""எங்கள் ஜோதி, எரியும் நெருப்பு, ராவணனின் தலையை எரிக்காது.""",angry,ta
இந்த ட்வீட் இந்த மனிதனின் சிறந்த திறமையை வெளிப்படுத்த உதவுகிறது.,happy,ta
டோலிவுட் திரைப்பட பாடலான நடு நாட்டுக்காக ஆஸ்கார் விருதை வென்றதில் இந்தியா பெருமை கொள்கிறது.,happy,ta
புத்தாண்டு வாழ்த்துக்கள் ஐயா! ./…,happy,ta
ஓம் தத்புருஷாய விதம்ஹே மஹாதேவாய தீமஹி தன்னோ ருத்ரஹ் ப்ரபாத். அனைவருக்கும் மஹாசிவராத்திரி நல்வாழ்த்துக்கள்!,happy,ta
வழிநடத்த!! - டாக்டர் பாபாசாகேப் அம்பேத்கர்.,neutral,ta
அனைவருக்கும் புரியும் வகையில் மிக அழகாகவும் விரிவாகவும் விதிகளை வழங்கியதற்கு மிக்க நன்றி,happy,ta
அது உண்மைதான் சார்,happy,ta
இன்று முதல் பகவதி எழுந்தருளும் பக்தர்களுக்கு புது தரிசனம் கிடைக்கும்./-/...,happy,ta
சரித்திரம்! நாட்டில் மீண்டும் ஒரு மராத்தி தலைமை நீதிபதி இருப்பார்; இந்த நீதிபதியின் பெயரைப் பரிந்துரைக்கவும்,happy,ta
ஏய் ஒன்றை எடுத்து உன் கையில் வை.,neutral,ta
சுற்றுச்சூழலுக்கு உகந்த களிமண்ணால் செய்யப்பட்ட பாப்பா சிறிய கையால் செய்யப்பட்டதாகும்./---...,neutral,ta
நடுநாடு பாடல் ஆஸ்கார் விருது பெற்று சரித்திரம் படைத்தது.,happy,ta
புதுமணத் தம்பதிகள் ஒன்றாக மகிழ்ச்சியாக வாழ வாழ்த்துகள்.,happy,ta
மிருத்யுஞ்சய ருத்ர நீலகண்டே ஷம்பே அமிர்தேஷ்யை ருத்ர மஹாதேவ தே நமஹ ஓம் நமஹ சிவ!,happy,ta
மஹாசிவராத்திரி நல்வாழ்த்துக்கள். எங்கும் சிவன்,happy,ta
மராத்தி கலாச்சாரம்/மொழி எனக்கு இந்து மதத்தைப் போலவே முக்கியம்.,happy,ta
"இனிய அன்னையர் தினம் வரப்போகிறது, நீங்கள் நேர்மறையான அணுகுமுறையைக் கொண்டிருக்க வேண்டும்.",neutral,ta
"வாழ்த்துக்கள், விரைவில் திருமணம் செய்து கொள்ள விரும்புகிறோம்.",happy,ta
சம்பாஜி படைப்பிரிவின் பிராந்திய துணைத் தலைவர் ராகுல் தாதா பன்சோத் அவர்களுக்கு பிறந்தநாள் வாழ்த்துக்கள்.,happy,ta
சரி!,neutral,ta
ஹரி ஓம் நம,happy,ta
"இந்த நெருக்கம் எப்படி நம் சகோதரத்துவத்தை மாற்றுகிறது... ஆஹா, நன்றாக இருக்கிறது..",happy,ta
ஓபியம் மாத்திரை விற்பனையாளர்கள் விறுவிறுப்பான வியாபாரம் செய்கிறார்கள்.,angry,ta
|| ஓம் நம சிவ || உங்கள் அனைவருக்கும் நல்வாழ்த்துக்கள்!,happy,ta
சந்த் சாந்த்ஜி மகாராஜ் ஜெயந்தி சுகாதார முகாம் மற்றும் இரத்த தான முகாம் நிம்மித் ஹட்டாவில் தொடங்கியது,happy,ta
உங்களுக்கு புத்தாண்டு வாழ்த்துக்கள்.,happy,ta
புத்தாண்டு மற்றும் புத்தாண்டு வாழ்த்துக்கள்!,happy,ta
மிக அழகாக மராத்தி பேசினார். ஓம் சாந்தி,happy,ta
மா பவானி மற்றும் ஒட்டுமொத்த மகாராஷ்டிரமும் உங்களைப் பின்தொடர்கிறது சார்...,neutral,ta
"ஐயா, உங்கள் செயல்பாடு மிகவும் சிறப்பாக உள்ளது, தொடர்ந்து புதிய தகவல்களை பகிர்ந்து கொள்ளுங்கள்.",happy,ta
"நீங்கள் அவ்வளவு தகுதியற்றவர், நீங்கள் ஏன் அரச முத்திரையை அணிந்தீர்கள்? மகாராஜா பெண்களை மதித்தார்",angry,ta
நல்ல நிறம் மற்றும் நல்ல சுவை,neutral,ta
"இந்த ஆடை இசைவிருந்து இரவுக்கு ஏற்றது, பாருங்கள்",happy,ta
நாட்டில் உள்ள ஒவ்வொரு எம்.பி.யும் எம்.பி விழாவை ஏற்பாடு செய்ய வேண்டும்!,neutral,ta
இது சரிதான். 100 குற்றங்கள் செய்து உண்மை வெல்லும் போது தான் இந்த போக்கு அழியும்...!,angry,ta
"உங்கள் மக்களுக்கு நன்றி, மகாராஷ்டிரா சிறந்த நாட்களைக் கண்டுள்ளது",neutral,ta
எதிர்காலத்திற்கு வாழ்த்துக்கள் மற்றும் வாழ்த்துக்கள்,happy,ta
இந்தியா போன்ற நாடுகளில் இது மிகவும் பயனுள்ளதாக இருக்கிறது.,neutral,ta
"நான் பல ஆண்டுகளாக சூரியகாந்தி எண்ணெயைப் பயன்படுத்துகிறேன், அது கடலை எண்ணெயை விடக் குறைவானது, நான் என்ன செய்ய வேண்டும்?",neutral,ta
நாட்டின் முதல் விவசாய அமைச்சர் டாக்டர் பஞ்சாப் ராவ் பௌசாகேப் தேஷ்முக்கின் பிறந்தநாளில் அவருக்கு பணிவான அஞ்சலிகள்.,happy,ta
ஜெய் ஸ்ரீ ராம்... நீங்கள் அவளுக்கு ஒரு எளிய பரிசை வழங்குவீர்கள் என்று நம்புகிறேன்.,neutral,ta
டோக்கியோ ஒலிம்பிக்கில் பளுதூக்கும் போட்டியில் இந்தியாவுக்கு முதல் வெள்ளிப் பதக்கம் வென்ற மீராபாய் சானு..!! வாழ்த்துகள் மீராபாய்!!,happy,ta
உதவிக்கு ஒரு சகோதரர் எப்போதும் இருக்கிறார்,neutral,ta
"இவர்கள் போட்டியிடுகிறார்கள், நாங்கள் அதை விரும்புகிறோம்",neutral,ta
இது அநேகமாக பழமையான வண்ணத் திரைப்படம் மற்றும் ஆச்சரியமாக இருக்கிறது. இப்போதெல்லாம் ஃப்ரேமில் கிடைக்காது!,happy,ta
1000 கிடைத்ததற்கு வாழ்த்துக்கள். விரைவில் உறுதி செய்யப்படும் என நம்புகிறேன்.,happy,ta
_: நாக்பூரில் வசிக்கும் ஒவ்வொருவரின் சார்பாக அவருக்கு நன்றியைத் தெரிவித்துக் கொள்கிறேன்.,happy,ta
நிர்பி புனே பிரபாப்பை முடித்த எங்கள் நண்பர்கள் அனைவருக்கும் மனமார்ந்த வாழ்த்துக்கள்.,happy,ta
அனைவருக்கும் வசுபரா மற்றும் தீபாவளி நல்வாழ்த்துக்கள்..!,happy,ta
கடின உழைப்பே வெற்றிக்கு எளிதான வழி,neutral,ta
மத்யமேஷ்வரரை விட நந்திக்கு அதிக பறவை பன்முகத்தன்மை உள்ளது,neutral,ta
இந்தப் போராட்டம் வாழ்வதற்கான போராட்டம்,fear,ta
நகராட்சி இனி ஈரக் கழிவுகளை சேகரிக்காது. அருமையான முடிவு,neutral,ta
எல்லாம் சிவன். எல்லாம் சிவன்,neutral,ta
இன்று தொடங்கிய நவராத்திரி விழா நல்வாழ்த்துக்கள்.,happy,ta
மூத்த குடிமக்களுக்கு நல்ல செய்தி.//...,happy,ta
"ஐயா, எங்கள் ஆவணங்களைச் சரிபார்த்த பிறகு பரிந்துரைகள் புனித போர்ட்டலில் இருந்து தேர்ந்தெடுக்கப்படும்.",neutral,ta
"மகர சங்கராந்தி நல்வாழ்த்துக்கள்!! எள், வெல்லம் சாப்பிடுங்கள், இனிமையாகப் பேசுங்கள்...",happy,ta
இனிய கஸ்தாபனா மற்றும் நவராத்திரி விழா!,happy,ta
"வீரமரணம் அடைந்த அனைத்து காவல்துறையினருக்கும் அஞ்சலிகள், ஜெய் ஹிந்த்",happy,ta
"இதில் எந்த பாதிப்பும் இல்லை, இந்து கலாச்சாரம் நமக்குத்தான்.",neutral,ta
அனைவருக்கும் கோஜாகிரி பூர்ணிமா நல்வாழ்த்துக்கள்..!,happy,ta
இன்று இரவு தெய்வீக ஒப்பனை தர்ஷன் ஜெய் ஸ்ரீ த்ரயம்பகேஷ்வர் ஜோதிர்லிங்க ஜி நாசிக் மகாராஷ்டிரா,neutral,ta
அனைத்து விவசாய சகோதர சகோதரிகளுக்கும் மகர சங்கராந்தி நல்வாழ்த்துக்கள்.,happy,ta
அவுரங்காபாத் மற்றும் ஒஸ்மானாபாத் நகரங்களின் வளர்ச்சிக்கு ஜோஷியின் பங்களிப்பு பாராட்டுக்குரியது.,happy,ta
எனது மூத்த சகோதரர் ஸ்ரீ சந்தீப் பாவ் கரண்டே பாட்டீலுக்கு பிறந்தநாள் வாழ்த்துக்கள்.,happy,ta
இன்று தனது பிறந்தநாளை முன்னிட்டு ஸ்ரீக்ஷேத்திரம் நாராயணநகரில் வைத்து ஆசி பெற்றார்.,happy,ta
"நான் குறிப்பாக மரங்களை விரும்புகிறேன், அவை மிகவும் ஒதுக்கப்பட்டவை",neutral,ta
மகாராஷ்டிர பிரதேச அமைப்புசாரா தொழிலாளர் காங்கிரஸின் வாழ்த்துக்கள்!,happy,ta
மகாராஷ்டிரா மக்கள் அறிவுஜீவிகள் என்று சொல்ல வேண்டியதில்லை.,neutral,ta
தூய கலாச்சாரத்தின் பிரதிபலிப்பு...,happy,ta
மகாவிஷ்ணுவின் 10வது மற்றும் இறுதி அவதாரமான கல்கி ஜெயந்தி நல்வாழ்த்துக்கள்..!,happy,ta
துலாபூர் புனே சமாதியில் சத்ரபதி ஷம்பாஜி ராஜேவுக்கு அஞ்சலி.,happy,ta
ட்ராஃபிக்கில் இந்தப் படம் இன்னும் நன்றாக இருக்கிறது.///…,neutral,ta
சத்குரு ராஜேந்திர ஷிண்டே துறவிகளுக்கு வழிகாட்டுகிறார்! .//…,neutral,ta
கொரோனா ஆண்டின் நல்ல பக்கம் - டாக்டர் விஜய் பண்டாரி பாண்டே./--...,neutral,ta
இனிய ஹோலி,happy,ta
அனைவருக்கும் தேங்காய் பூர்ணிமா மற்றும் ரக்ஷா பந்தன் வாழ்த்துக்கள் (/),happy,ta
"சைலபுத்ரி தேவியை பக்தியுடன் வழிபடுவது வீட்டில் செல்வச் செழிப்பையும், செழிப்பையும் தருவதாகக் கூறப்படுகிறது.",happy,ta
உங்கள் அப்பாவுக்கு பிறந்தநாள் வாழ்த்துக்கள்...ஆனால் நீங்கள் டயட்டில் உள்ளீர்கள் குழந்தை.,happy,ta
ஆண்டின் தொடக்கத்தில் நல்ல செய்தி./_/...,happy,ta
'சலா ஹவா யே தியா' மேடையில் ஆஹா அற்புதமான மேஜிக்./--...,happy,ta
மகாராஷ்டிராவில் தேர்ச்சி செயல்முறை சிறப்பாக செய்யப்பட்டுள்ளது,neutral,ta
புத்தாண்டு வாழ்த்துக்கள் சகோதரரே..,happy,ta
எனக்கு ஒரு நல்ல வழக்கறிஞர் இருப்பார் என்று நம்புகிறேன்.,neutral,ta
டாக்டர் பாபா சாகேப் அம்பேத்கரின் பங்களிப்பு முன்னோடியில்லாதது: பான்சே./?=,happy,ta
வாழ்த்துகள்!! சிவசேனாவுக்கு பிரதிநிதி பதவி கிடைத்ததா? ?,happy,ta
பிறந்தநாள் வாழ்த்துக்கள் குமுதா,happy,ta
"நன்றி சகோ, பிறந்தநாள் வாழ்த்துகள் அதிகம் மற்றும் தற்செயலாக புறக்கணிக்கப்பட்டன",happy,ta
நல்ல யோசனை ஆனால் ஃபட்மான்விஸ் நீங்கள் சொல்வதைக் கேட்பாரா??,neutral,ta
"ஒன்றுமில்லை, ராணியின் தோட்டத்தில் பென்குயின்கள் மகிழ்ச்சியுடன் உல்லாசமாக இருக்கின்றன",happy,ta
கைலாச குகைகளின் தனித்துவத்தை சுற்றுலாப் பயணிகளுக்குக் காட்ட மலைப்பாதை ஒன்று முன்மொழியப்பட்டுள்ளது.,neutral,ta
சஹ்யாத்ரி உங்கள் பயணம் சிறப்பாக அமைய வாழ்த்துகிறேன்... கவனித்துக் கொள்ளுங்கள்...,happy,ta
பாஜகவுக்கு அனில்ஜி போன்ற தலைவர் தேவை!,neutral,ta
இயற்கையின் வாழ்த்துக்கள் சார்,happy,ta
"பாப்பா, உனது வருடத்திற்காகக் காத்திருக்கிறேன், உன் வருகைக்கு இன்னும் இரண்டு நாட்கள் உள்ளன.",happy,ta
இந்த ஊழல் பூச்சியை விரட்ட மும்பைக்கு வரும் பாஜக!,angry,ta
அறிவும் அறிவியலும் நமது புரிதலை நிறைவு செய்கின்றன.,neutral,ta
இது மிகவும் உண்மை,neutral,ta
கேசரி ஆண்டு வாழ்த்துக்கள் பகவத்ஜி,happy,ta
"மர்ஜிவாய், நடந்து வரும் தேர்தல்களைக் கொல்லுங்கள்.",neutral,ta
உண்மையான லகோபா ஊமை,angry,ta
துலோவாட் ஆடியில் இருந்து வீடு திரும்பிய தம்பதியின் உடல்கள் மும்பை காட்கோபர் குளியலறையில் கண்டெடுக்கப்பட்டன. ..//-...,happy,ta
தாடைகள் மற்றும் குச்சிகளை அணிந்திருக்கும் முட்டாள்தனமானவர்களைக் கடந்ததைப் பாருங்கள்,angry,ta
குர்லா போக்குவரத்து துறைக்கு அனுப்பப்பட்டும் நடவடிக்கை எடுக்கப்படவில்லை,sad,ta
"சார், சார்பு சார்பு பா.ஜ.க, கோடி மீடியா மற்றும் பார்வையற்ற பக்தர்களுக்கு பொருந்தாது",angry,ta
சித்ரா தை வாக் மற்றும் நீங்களும் ட்வீட் செய்ததற்காக ஷிண்டே குழுவில் உறுப்பினராக இருக்க தகுதியற்றவர்கள்.,angry,ta
ஒரு தடவை எனக்கு எதுவும் தராதே. ஆனால் என்னை அவமானப்படுத்தாதீர்கள்.,sad,ta
"இது அவரது தார்மீக வெற்றி, ஏனென்றால் அவருக்கு முன் லட்சிய பேய்கள் அதிகாரத்திற்காக கூடுகின்றன.",happy,ta
இனி இந்த கலெக்டர் நிதி அமைச்சரிடம் பணம் குறித்து பேசுவார்...,angry,ta
அசுத்தம் செய்பவர்களுக்கு பஸ் கொடுப்பது ஏற்புடையது அல்ல என்றார்.,angry,ta
நாங்கள் அதை வழங்குகிறோம்,neutral,ta
பாஜக தலைமறைவு...,happy,ta
அதனால் தான் பாவ் சாப்பிடு என்று சொல்கிறேன் ஆனால் உணர்வை சாப்பிடாதே...,neutral,ta
இறந்தது யார்? போர் என்றால் என்ன? வேலை முடிந்ததா?,angry,ta
அப்துல் சத்தார் உங்களைப் போன்ற துரோகியா?,angry,ta
"பண்டாரபூர், கோலாப்பூர் தேர்தல்களில் எங்கே இறந்தார்கள்... லோசட்",angry,ta
உங்கள் குடும்ப உறுப்பினர்கள் உங்கள் விருப்பத்தை தீவிரமாக எடுத்துக்கொள்கிறார்களா?,sad,ta
இந்த உதவித்தொகைக்கு நீங்கள் தகுதியுடையவரா?,angry,ta
"உங்கள் பொது அறிவு உங்களை முட்டாளாக்க வேண்டாம், உங்கள் கண்களில் இந்து சடங்குகள் நினைவிருக்கிறதா?",angry,ta
"போராட்டம் ஒன்றே தீர்வா, நீதி கிடைக்காதா???",sad,ta
நாடகத்தில் அனுதாபம் இல்லை,angry,ta
"ஆசானின் ஒலி வேலை செய்தால், இந்த ஒலி ஏன் வேலை செய்யாது? காதுகளில் காது செருகிகளை வைக்கச் சொல்லுங்கள்.",angry,ta
அவற்றைத் திறந்து பார்க்கிறேன்,angry,ta
இது அத்தை யேடா.,angry,ta
"ஏய், நீங்களும் மக்களுடன் சேர்ந்துவிட்டீர்களா?",angry,ta
பெயர்ச்சொல் எண் ஒன்று பிரவுனி,angry,ta
ரூபாய் மதிப்பு சரிவு இந்தியாவின் நலனுக்கு உகந்ததா? கருத்து தெரிவிக்கவும்,neutral,ta
இந்த சேட்டைகள் பரபரப்பை ஏற்படுத்தியது,angry,ta
"இந்த கலாச்சாரம் பந்தலூர், கோலாப்பூர் காலத்தில் யாருக்காவது வாடகைக்கு விட்டதா?",angry,ta
சிவசேனாவுக்கு எதிராக விளையாடுபவர்கள் விளைவுகளை சந்திக்க வேண்டியிருக்கும்.,fear,ta
பெற்றோர்கள் மட்டுமே அப்படி! வேறொருவரிடமிருந்து எதிர்பார்ப்பது மிகவும் வேதனையானது!,sad,ta
நீங்கள் ஏன் விஷத்துடன் தூங்க வேண்டும் என்பதை இப்போது முடிவு செய்யுங்கள்,angry,ta
ஆந்திரா பாய் இந்துக்களை அவமதிக்கும் வாய்ப்பு அதிகம்.,angry,ta
அப்புறம் வருத்தம்.. எவ்வளவு அரைகுறை!!,angry,ta
இந்த குழு உண்மையில் துரோகமானது.,angry,ta
அவருக்கு சோங்க்யா பாலா சாஹிப் மற்றும் அவரது சரியான எண்ணங்கள் தெரியுமா ??,angry,ta
"""அவர் ஒரு அமைச்சர், ஒரு ஏரி எம்.பி., மற்றொரு மாவட்ட தலைவர் ... ஆனால் இது ஒரு வம்சம் அல்ல!""",angry,ta
சாக்கடை வாய்க்காலை சுத்தம் செய்ய மாட்டேன் என்கிறார் ஹர்பிகானி.,angry,ta
இப்போது உன் தந்தையின் சட்டத்தை மறந்துவிடு,angry,ta
மக்கள் ஆட்சியில் இருந்தபோது குடும்ப உறுப்பினர்கள் வீட்டில் அமர்ந்து இருந்ததை இப்போது பேசுவது ஏற்புடையதல்ல என்றார்.,angry,ta
அண்ணன் உனக்கு விரல்கள் இருப்பதைப் பார்,angry,ta
ஏலம் மாவட்டத்தின் நிலைமையில் நிர்வாகம் விழித்துக் கொள்ளுமா?,sad,ta
அவர் ஒரு பகுதி கட்சித் தலைவர்,angry,ta
பைசாபாத் வெட்கமற்ற லட்சியத்தின் உருவகம்... இயற்கையில் கொடூரமானது.,angry,ta
அனாஜி பந்த் ஒரு துரோகியின் கேடயத்தையும் வாளையும் வைத்திருக்கிறார்.,neutral,ta
"எனவே நாங்கள் உங்களைப் போல வெறுங்கையுடன் இருக்கிறோம், நீங்கள் பணம் சம்பாதிக்க விரும்புகிறோம், நாங்கள் வேலை செய்ய விரும்புகிறோம்…",angry,ta
காவல்துறை நினைவு தினத்தை முன்னிட்டு தேசத்துக்காக பணியின் போது உயிர்நீத்த தியாகிகளுக்கு அஞ்சலி செலுத்தப்பட்டது.,happy,ta
நீங்கள் எப்படிப்பட்ட கிரிக்கெட் வீரர்? துணை ஜனாதிபதியாக இருக்க உங்களுக்கு எவ்வளவு தகுதி இருக்கிறது??????,angry,ta
"""அனுதாபம், கண்களில் கண்ணீர்,"" உத்தவ் தாக்கரே மீது ராஜ் தாக்கரேயின் கடுமையான விமர்சனம்; “எந்த அலையும்...” என்றார்.",angry,ta
"கூட்டத்தைக் குறைத்து விட்டீர்களே, ஏன் இவ்வளவு சிரிக்கிறீர்கள்?",sad,ta
கல்வி வியாபாரமாகிவிட்ட நாட்டில் என்ன எதிர்பார்க்க வேண்டும்?,sad,ta
அவர்களுக்கு யோசனைகளை விட அதிகாரம் முக்கியம்.,angry,ta
அழுக்கைப் பார்த்து ரசிப்பது எப்படி என்று புரியவில்லை.,angry,ta
அதாவது பாஜக ஒரு புழு,angry,ta
காங்கிரஸே இவ்வளவு ஊழல் என்றால் அதை ஏன் பாஜகவிடம் கொண்டு செல்கிறீர்கள்?,angry,ta
"துரோகம் செய்ததற்காக லோக்கத் மற்றும் விருது பெற்றார், ஊழல்வாதிகளுக்கு தனது தொட்டி பணத்தை ஒப்படைத்தார்",angry,ta
"அவரைப் பொறுத்தவரை, அணியின் தவறுகளை ஆதரவாளர்கள் சுட்டிக் காட்டுவது குற்றம்...",angry,ta
"நீங்கள் ஒரு தலைவர் என்பதில் சந்தேகமில்லை, குழந்தைகளுக்குக் கூட அத்தகைய குழந்தை புத்திசாலித்தனம் இல்லை.",angry,ta
"மும்பை மராத்தியர்களுக்கே சொந்தம், உங்களைப் போன்ற கோழைகள் அல்ல.",angry,ta
ஏன் நிரந்தர தடை விதிக்கக்கூடாது? அமைப்புகள் என்ன??,angry,ta
இந்த துரோகி இன்னும் நம்மைப் போன்ற துரோகிகளைத் தேடிக் கொண்டிருக்கிறார் போலிருக்கிறது...,angry,ta
இந்த நபர் சமூகத்தில் பல தவறான கருத்துக்களை பரப்பி வருகிறார். இந்த அறிவைச் சேர்க்கவும்.,angry,ta
நீங்கள் சிவப்படையினரால் கடுமையாக தாக்கப்பட்டதால் பேசுகிறீர்கள்,angry,ta
அவர்கள் உங்களுக்கு ஏதாவது கொடுப்பதால் அவர்களுடன் இருப்பது அடிப்படையில் ஒரு தவறான எதிர்பார்ப்பு,sad,ta
இந்த வடபாவ் வீரர்கள் அழுக்கான யோசனைகளைக் கொண்டுள்ளனர்,angry,ta
துன்பம் இல்லாமல் அறிவு வராது...! அரை மணி நேரம் மழை பெய்வது மிகவும் அவசியம்,sad,ta
இன்று காலை முதல் அங்கு திருவிழா சந்தை நடக்கிறது.,angry,ta
இவர்களுக்குள் தேசியவாதம் எப்படி வந்தது என்பது ஊழல்மயமானது,angry,ta
"அந்த கேள்வியை கேட்காதீங்க சார், அந்த முட்டாள் மீண்டும் ஏதாவது செய்வார்.",angry,ta
"இரு மாநிலங்களிலும் பா.ஜ., முதல்வர்கள் இருப்பதால், இது முன்கூட்டியே திட்டமிடப்பட்டதாகவே கருத வேண்டும்.",angry,ta
"இந்தியாவில் இருக்கும் போது பாகிஸ்தான் ஜிந்தாபாத் கோஷங்களை எழுப்புவதை ஏற்க முடியாது, அப்படிப்பட்டவர்களை கடுமையாக தண்டிக்க வேண்டும்.",angry,ta
துரோகிகளுக்கு சுடர் எரிகிறது,angry,ta
திரு மோடிபக்தரின் பெயரை அனுமதிக்கவில்லை என்று தெரிகிறது,angry,ta
"கோழைத்தனமான திருடன், உனது கேள்விகளுக்கு பதில் சொல்ல ராகுல் காந்தி உன் தந்தையின் வேலைக்காரன்",angry,ta
அரசு தனியார்மயமாக்க நினைக்கிறது.. வறுமையை அதிகரிக்கும்..,sad,ta
"உத்தவ் அரிதானவர் - உதவியற்றவர், பயனற்றவர், வெட்கமற்றவர்",angry,ta
"நீங்கள் இன்னும் அங்கு வேலை செய்யவில்லை, எப்போது செய்வீர்கள்?",neutral,ta
உத்தர் ராவ் இப்போது தனது தந்தையின் கட்சியை எரிக்கும் ஜோதியை வைத்திருக்கிறார்.,angry,ta
முதல்வர் மராத்திக்கு பதிலாக ஹிந்தி பேசுவது ஏன்? பதில்,angry,ta
"நிறைய...!!! மொத்த வளிமண்டலத்தையும் தூசி போல மாசுபடுத்துகிறார்கள், இணக்கம் இல்லை..!!!",angry,ta
புர்ஜி படேல் பரிந்துரைக்கப்பட்டார்,angry,ta
பன்றியை விட நாய் சிறந்தது,angry,ta
சிலர் ராகுல் காந்தியின் படத்தைப் பார்த்து ஆச்சரியப்பட்டனர்.,angry,ta
தீபாவளி சாப்பாடு சாப்பிட்டு அலுத்துவிட்டேன்,neutral,ta
இந்த பிரபஞ்சத்தில் உங்களை விட சிறந்த லில்லிபுட்டியன்-கோழி தந்தையும் மகனும் இல்லை என்பது தெரியும்.,angry,ta
இந்து பெண்கள் இந்து ஆண் குழந்தைகளை பெற்றுக்கொள்ள முடியாதா? பிக்ஷு கரீனா கபூரைப் பார்க்கிறார்,angry,ta
"அவர்கள் எங்களை ""மனிதர்கள்"" என்று சில சமயங்களில் நான் நினைக்கிறேன்.",sad,ta
மகாராஷ்டிர விவசாயிகள் பிச்சை எடுக்க டெல்லி செல்கிறார்கள்,sad,ta
சேர்ந்து சாப்பிடுவோம்,angry,ta
துரோகிகளைப் பற்றி கவலையா?,angry,ta
"அதன் முன்னோர்கள் தங்கள் நகங்களைப் பயன்படுத்தி தூங்கியிருந்தால், இந்த நேரம் வந்திருக்காது.",angry,ta
"மழை வேண்டா, வருணராஜனின் அன்னதானத்தை பார்க்க வேண்டாமா",sad,ta
நேற்றைய தீர்ப்பில் சுப்ரீம் கோர்ட் கடுமையான பங்கு வகித்திருக்க வேண்டும்.,sad,ta
சாய்பாவை அடிமைப்படுத்தியவர்களும் துரோகிகள் என்பதில் ஆச்சரியமில்லை.,angry,ta
-? நீங்கள் எந்த யுகத்தில் இருக்கிறீர்கள்? குறைந்தபட்சம் இப்போது..,neutral,ta
"என்சிபி, காங்கிரஸ் 'ஜோதி' மக்கள் ஒப்புக்கொள்ளவில்லை!",angry,ta
"புரட்சி கொண்டாடப்பட்டது, ஆனால் இப்போது அலிபாபாவும் நாற்பது திருடர்களும் பயத்துடன் போராடுகிறார்கள்.",angry,ta
இந்த போட்டி நண்டுகள் ஒருவருக்கொருவர் கால்களை இழுக்கின்றன,angry,ta
நீங்கள்தான் பொய்க் கதை சொல்ல வேண்டும்,angry,ta
உண்மையைச் சொன்னால் மன்னிக்கவும் சார்,angry,ta
மோடி ஜி முற்றிலும் தவறு. மணீஷ் சிசோடியா கைது செய்யப்பட்டார்,angry,ta
"இப்போது பேசுவோம், யார் எதிர்க்கிறார்கள்? உங்களுக்கு தைரியம் இருக்கிறதா?",angry,ta
பார்வையற்ற பக்தராக மாற இந்த முறை கட்டாயம்,angry,ta
வெட்கமில்லாதவன் எப்போதும் மகிழ்ச்சியாக இருக்கிறான்! உங்கள் பங்களாவுக்கு பெயர் வைத்துள்ளீர்களா? தந்தையின் தாய்!,angry,ta
ஆனால் இந்த பெட்டிகள் எவ்வளவு காலம் நீடிக்கும்? அது ஒரு நாள் முடிவடையும். அதனால் என்ன?,neutral,ta
மேலும் சிவ சைனிக்களின் வார்த்தைகளில் மகாராஷ்டிரா உரம் மஹாசூடியா.,angry,ta
முன்பெல்லாம் மழை பெய்ய வேண்டி தவளை திருமணம் நடத்தப்பட்டது. இப்போது அவரை விவாகரத்து செய்யும் நேரம் வந்துவிட்டது,angry,ta
"இன்னும் சொல்லப்போனால், பின்கதவு பருப்பின் சிறப்பு...",angry,ta
உள்துறை அமைச்சர் மீது குற்றம் சாட்டப்பட்டால் நாட்டின் கதி என்ன?,angry,ta
இது ஒரு மிதக்கும் மலம்,angry,ta
புதிய பாதைகள் திறப்பதை தவிர அப்பகுதியில் என்ன செய்யப்பட்டுள்ளது???,angry,ta
"அவர் குணமடைந்ததும், அவரைக் கொடுத்து மாட்டு கொட்டகைக்கு அழைத்துச் செல்வேன்.",neutral,ta
மோசடிக்காக பிளாக் ஏன் தண்டிக்கப்படவில்லை? பெஞ்ச்,angry,ta
"உங்களைப் போன்ற துரோகிகளிடம் கேடயங்கள், வாள்கள் இல்லை... அவர்களிடம் கத்திகள் உள்ளன...",angry,ta
அத்தகைய மென்மையான மொழி எதையும் மேம்படுத்தாது. ஜோடி மொழி,angry,ta
காண்டோ வக்டா மற்றும் காண்டோ மராத்தி மக்கள்! ஒரே ஒரு புலி தான் அயோக்கியன் ஆகிவிட்டான்!,angry,ta
நன்றாக நடந்து கொள்ளுங்கள்... வாக்காளர்கள் தேர்ந்தெடுக்கும் மக்களைப் பாருங்கள்,angry,ta
கொங்கன் உள்ளிட்ட மாநிலங்களில் ஈரமான வறட்சியை அறிவிப்பது முக்கியம்.,sad,ta
உங்கள் விதியில் எதுவும் இல்லை என்று பாருங்கள் ... வேறு பெயர்களை எடுக்கத் தொடங்குகிறது.,angry,ta
"முர்ஜி படேலின் கார் முர்ஜி பட்டேலின் காரை நிரப்பியதும், பன்வதி நடக்கத் தொடங்குகிறாள்.",angry,ta
"நீங்கள் யார் என்று யாருக்கும் தெரியாது, ஏன் அப்படி முன்னும் பின்னுமாக செல்ல விரும்புகிறீர்கள்?",neutral,ta
"ட்விட்டர் வேண்டாம், அவமானத்தை கைவிடுங்கள், உங்களுக்கு ஒரு பட்டன் கிடைக்கும்…",neutral,ta
நீங்கள் பெங்குவின் வரைந்து உறிஞ்சுகிறீர்களா?,angry,ta
யார் அங்கே? கத்து.. எனக்கு சொந்த வால் இருந்தது,angry,ta
ராமராஜ்ஜியத்தில் மிருகங்கள் துன்பப்படுகின்றன.,sad,ta
ஆனால் சோதனையில் இருந்து யாராவது தப்புவார்களா?,neutral,ta
"உடைந்து, காலை சாபம் பலிக்குமா?",angry,ta
பிறகு பந்தலூரில் நடந்தது நாந்தேட் கோலாப்பூரில் கபட பா.ஜ.க,angry,ta
ஏய் ஷாமனுக்கு ஏதேனும் குறிப்பு.. அல்லது அதிர்ச்சியில் அமர்ந்திருக்கிறீர்களா..?,angry,ta
"சரி, முரளி வேலை செய்யவில்லை, பணம் சாப்பிட்டார்",angry,ta
மழை இல்லாததால் சோயாபீன் விவசாயிகளும் அதிர்ச்சியடைந்துள்ளனர்.,sad,ta
"ஏக்நாத் மாறுவேடத்தில் ஏக்நாத்தை சந்தித்து, தான் ஏன் ஃபட்னாவிஸை சந்தித்தேன் என்று கூறுவதாக கூறுகிறார்.",neutral,ta
இவர்கள் என்ன செய்தியாளர் சந்திப்பு நடத்துவார்கள்? அது மதிப்புள்ளதா?,angry,ta
"நீங்களே பேசினால், முதலாளி தண்டிக்கப்படுவார் என்று நீங்கள் நினைக்கவில்லையா…",angry,ta
"இந்த தலபத்ரி இந்து மதத்தைப் பற்றி மட்டுமே பேசுகிறார், மற்ற மதங்களைப் பற்றி பேசவில்லை.",angry,ta
"உங்களைப் போலவே, உங்கள் பக்கத்து வீட்டுக் குழந்தை என்று அழைக்கிறீர்கள்.",angry,ta
இது கடினம்,neutral,ta
மதத்தின் பெயரால் அரசியலை வைத்து மக்களை ஏமாற்றும் இந்த நாடகங்கள் இன்னும் எவ்வளவு காலம் தொடரும்?,angry,ta
எனக்கு எதுவும் தெரியாது தேசிய மொழியான மராத்தி என்று சொல்லுங்கள்!,neutral,ta
நீங்கள் ஏன் ஆட்சிக்கு வந்தீர்கள் என்பதை முதலில் மக்களிடம் சொல்லுங்கள்,neutral,ta
'இருட்டில் காரை நிறுத்தும்...' பயணத்தின் போது நடிகைக்கு வேதனையான அனுபவம் ஏற்பட்டது.,happy,ta
டிவி சேனல்காரர்கள் மற்றபடி காட்டுகிறார்கள்...எத்தனை பொய்களை...(டிவி சேனல் அல்ல)?,angry,ta
பாஜகவை குறிவைத்து நெட்டிசன்கள் ஷிண்டேவின் குழுவை பாலாசாகேப் என்ற பெயரில் ட்ரோல் செய்து வருகின்றனர்.,neutral,ta
திரு.சத்யஜித் கடமை முன்னிறுத்தி அவருக்கு நிரந்தர வீடு வழங்குவது...எவ்வளவு பொருத்தம் சார்...,angry,ta
பிஜேபி ஊழல்வாதிகள் மற்றும் மோசடி செய்பவர்கள்,angry,ta
"விசுவாசம் மூழ்குகிறது, மலம் மிதக்கிறது",angry,ta
"மக்கள் உங்களுக்கு ""அனுதாபம் மற்றும் கருத்து"" இரண்டையும் கொடுக்காதது உங்கள் துரதிர்ஷ்டம்.",sad,ta
சிறை கழிவறையில் பின்னால் அசௌகரியம்,angry,ta
ஒட்டுமொத்த ஜனநாயகமும் ஒருவரைச் சார்ந்து இருப்பது சோகம்.,sad,ta
"பங்கர் என்றால் பங்கர், இது மகாராஷ்டிராவின் பெரிய பூச்சி.",angry,ta
: குறைந்த சாகுபடியால் இந்த ஆண்டு ஏராளமாக வெங்காயம்!,sad,ta
பணம் கிடைத்ததால் இந்த குரைக்கும் நாய் குரைத்தது,angry,ta
இப்போ அதிகம் பேசாதே..வீடியோ அனுப்பு..நீ அதிகம் பேசு..குறைவாக பேசு..வேலைக்கு வருவோம்.,neutral,ta
"சொர்க்கத்தில் மது இல்லை என்றால், அங்கு செல்வதில் அர்த்தமில்லை.",neutral,ta
உன் தந்தையின் பரம்பரை அறுந்து போனாலும் உன் நாயின் கனவு நனவாகாது...,angry,ta
குஜராத் மட்டுமின்றி ஹரானாவும் கருப்பு பாறையில் வெள்ளைக் கோடு.,neutral,ta
இந்த பத்திரிக்கையாளர் தசரா தீபாவளியன்று எழுந்தார்!!,angry,ta
பொதுக் கருத்துக்கு துரோகம் செய்பவர்களை இந்த சுடர் எரிக்கிறது,angry,ta
இது உங்களைப் போன்றவர்களின் கணக்கெடுப்பில் இருந்து பெறப்பட்ட எண்ணிக்கையில் % ஆக இருக்கும்.,angry,ta
முயற்சி பயனற்றது. மேலும் செவிலியர்களாக இருந்தவர்களால் கேலி செய்யப்பட்டது,angry,ta
சுப்ரீம் கோர்ட்டில் நாள் முழுவதும் இருக்க வேண்டிய அவசியம் இல்லை. காலையில் ரிசல்ட் கொடுத்துவிட்டு சுதந்திரமாக இருக்க விரும்பினேன்.,angry,ta
இந்த ஜென்மத்தில் இந்த இளைய சகோதரன் வீட்டை விட்டுப் பிரிந்திருப்பது எவ்வளவு மோசமானது!,angry,ta
"பெண்கள், பார்வையற்ற பக்தர்கள், ஊழல் ஜனதா கட்சி என்று சிலர் சொல்வதைக் கேளுங்கள்.",angry,ta
"அப்படியென்றால், இந்த பாவத்திற்காக உங்கள் தந்தையை எங்கே தண்டிப்பது?",angry,ta
"ஏய், கரோனாவினால் செத்துப் போவது நல்லதா... இந்தக் கேள்வியை யாரும் கேட்பதில்லை",angry,ta
இது தேசத்துரோகம். -ஒரு பார்வையற்ற பக்தர்,angry,ta
ஆண்டின் மகாராஷ்டிரா அல்லது பீஹாரியன்,angry,ta
போலீஸாரை கண்டதும் அவர்கள் ஓட்டம் பிடித்தனர்,neutral,ta
துணி துவைக்கும் மரபாலும்... அலுவலகத்திற்கு வந்தாலும் சிரமம் அதிகம்.,neutral,ta
முடிந்தால் ஒருமுறை அந்தேரிக்கு வந்து மானம் இழக்காமல் பார்த்துக்கொள்ளுங்கள்,angry,ta
"அவள் வங்கியில் வேலை செய்ய விரும்பினாள், ஆனால்...' சாலையை விட்டு வெளியேறி வீட்டிற்குள் நுழைந்த லாரியில் சிறுமி மோதியது.",sad,ta
துரோகிகள் கேலி செய்யப்படுகின்றனர்,angry,ta
இந்த சந்தீப் ஓடுகிறான்,happy,ta
பசுக் காவலர்கள் மீதான தாக்குதல்கள் இந்துத்துவா அரசில் பொறுத்துக் கொள்ளப்படுமா?,angry,ta
மராத்தி இதழியல் கடினமானது,neutral,ta
"இப்போது புரிந்து கொள்ளுங்கள், அவருடைய சொந்த அணி உங்களை இந்த சூழ்நிலையில் தள்ளியது.",angry,ta
அப்படியிருக்க அவர்கள் ஏன் நீதிமன்றத்தில் வாதிடுகிறார்கள்?,angry,ta
"நீங்கள் சரியாக துலக்கவில்லை என்றால், அதற்காக நீங்கள் குறியிடப்படுவீர்கள்",angry,ta
இந்த உறங்கும் அரசின் மனநிலை என்ன என்று சொல்லுங்கள். பல ஆர்வலர்கள் வேலையின்மையால் பாழாகியுள்ளனர்.,sad,ta
ஞானிகளால் ஏற்றிவைக்கப்படும் உனது விளக்கு ஞானத்தின் அடையாளம் மட்டுமா?,angry,ta
மனம் உன்னை விட்டு விலகும் போது நீ தோற்று இறந்து போகிறாய்.,sad,ta
இதைப் படித்ததும் மகேஷ் கோதருக்கு சிறுநீரக மாரடைப்பு வந்திருக்கலாம்.,happy,ta
"உலக சாம்பியன் அணியை தோற்கடித்தாலும், புதிய அணியை வீழ்த்தி அயர்லாந்து தனது கணக்கைத் திறந்தது",happy,ta
"சாலியா, நீங்கள் எங்களுடைய காரணத்தைப் பிரதிநிதித்துவப்படுத்தினாலும் எங்களுக்கு கவலையில்லை.",angry,ta
மற்றவர்கள் ஏன் தூங்குகிறார்கள்?,neutral,ta
ஆம் பிஜேபி நிச்சயதார்த்தம் காட்டுகிறது ஆனால் உண்மையான காரணம் சோம்பேறித்தனம்,angry,ta
அடிப்படையில் துரோகம் என்பது எந்த ஜாதிக்கும் மட்டும் அல்ல. துரோகம் ஒரு இயல்பு.,neutral,ta
தன்னாட்சி நிறுவனங்கள் நம்பகமானவையா என சரிபார்க்கவும்...,neutral,ta
தண்ணீரால் மக்கள் கல்வி கற்றனர்.,neutral,ta
பப்புவுக்கு மயக்கம்,angry,ta
"என்னை வேலைக்கு அப்பா கூப்பிட வேண்டியதுதான்.. பாலா சாஹிப் எங்கே, எங்கே.. இதெல்லாம் கஷ்டம்..!!",neutral,ta
அவர்கள் விருப்பத்தைப் பின்பற்றுகிறார்கள் என்று பாலா சாஹேப் கூறினார். அதிகாரத்தால் மறக்கப்பட்டது.,angry,ta
நெற்றியில் ஒரு வடு விசுவாசம் மற்றும் துரோகத்தின் வடுக்களை அழிக்காது.,angry,ta
மகாராஷ்டிராவில் போஹர் மனாஸ் ஓடுகிறது...,angry,ta
"அடடா, நாங்கள் கசப்பாக இருக்கலாம் ஆனால் அதிகார வெறி பிடித்த உங்களைப் போல் முஃப்திகளுடன் சுற்றித்திரியும் திமிர் இல்லை.",angry,ta
"மராத்தி மக்கள் மட்டுமல்ல, ஒட்டுமொத்தத் தொழிலும் அவமானப்படுத்தப்பட்டுள்ளது.",sad,ta
நைஜீரியா எங்கிருந்து வந்தது? இந்தியாவுடன் இணைவதற்கு முன்பு பாகிஸ்தானும் வங்காளதேசமும் இங்குதான் இருந்தன.,angry,ta
அதன் ட்விட்டர் கைப்பிடியைப் பயன்படுத்துவது மிகவும் தவறானது,angry,ta
பாஜகவின் ஊழல் தலைவர்கள் மீது எப்போது விசாரணை நடத்தப்படும்?,angry,ta
காங்கிரஸில் இருந்து நீக்கப்பட்டவர்கள் கூட பாஜகவில் அமைச்சர்களானார்கள் என்று காங்கிரஸ் தலைவர்கள் பெரியவர்கள்.,angry,ta
அவர்கள் உங்களைப் போல் தங்கள் சுயமரியாதையைப் பணயம் வைப்பதில்லை.,happy,ta
விழுந்த முகமே எல்லாவற்றையும் சொன்னது.,sad,ta
அவர் செத்துப்போகவில்லை தாத்தா.. குரைக்கிறார்... கத்துகிறார்...,angry,ta
"உங்கள் வேலையைச் செய்யுங்கள், இல்லையேல் உங்கள் இடத்தைக் காட்டுவோம்...",angry,ta
"தோரட், பிகே, அம்பேத்கரின் பெயரை தவறாக பயன்படுத்தியதற்காக நீதிமன்றத்திற்கு செல்லுங்கள்.",neutral,ta
பதில் சொல்ல தைரியம் இல்லாத தலைவனுக்குப் பரிசு கொடுப்பது கேலிக்கூத்து.,angry,ta
குல்கர்னி தலையில் உறங்குகிறார்.,angry,ta
சிவசேனாவின் பெண் கார்ப்பரேட்டரின் குற்றச்சாட்டுகள் இல்லை... மதிப்புக்குரியதா?,angry,ta
நம்பகமான உண்மைச் சரிபார்ப்பவர் சில நாட்கள் சிறையில் இருக்கிறார்,angry,ta
அதாவது... இப்போது அவருடைய நகர்வுகளை மக்கள் கவனிக்க ஆரம்பித்துவிட்டனர்.,happy,ta
அடமானங்களை ஒருங்கிணைப்பவர்கள் அதிகம் கவலைப்படக்கூடாது,angry,ta
இப்போது மாநகராட்சி ஏன் பொறுப்பேற்கக்கூடாது என்று விவாதிக்கிறார்கள்,angry,ta
"பெண்களுக்கு அதிகாரம் அளிப்பது போல் நடிப்பதை நிறுத்துங்கள், முதலில் மகாராஷ்டிராவை விட்டு வெளியேறுங்கள்.'",angry,ta
மகாராஷ்டிராவில் குழந்தைகளின் கல்விக்காக புலே ஷாஹு அம்பேத்கர் போராட வேண்டியிருந்தது வெட்கக்கேடானது.,sad,ta
உங்கள் கீழ் ஏன் நெருப்பு எரிகிறது? சென்று பனிக்கட்டி பனி மற்றும் குழிகளில் வேகமாக ஓடு,angry,ta
பல ஆண்டுகளாக அரசு சேவைகள் நிறுத்தப்பட்டுள்ளன.,sad,ta
"மிஸ்டர். பவருக்கும் அமெரிக்காவிற்கும் பொதுவான ஒன்று உள்ளது, அவர்களை நம்புபவர்கள் வாழ்க்கையை விட்டு வெளியேறுகிறார்கள்",angry,ta
பாலா சாகேபின் சிவசேனா மற்றும் பாஜக அரசுகள் சில மாதங்களில் வீழ்ந்தன...கடவுளே!,sad,ta
"தண்ணீர்-தண்ணீர் தேங்கி இருந்தது, தாங்கமுடியாமல் இருந்தது, குரேஷி சாஹிப்பால் கூட சொல்ல முடியவில்லை.",sad,ta
உங்கள் முழு முகவரியை எங்களுக்கு அனுப்பவும். நீங்கள் வழங்கிய முகவரி போதுமானதாக இல்லை.,neutral,ta
களம் கண்டவுடன் தாளத்துக்கு ஆட... இப்போது கமிஷன் முன்...,angry,ta
ஏழைகளைக் கொள்ளையடித்ததற்காக நீங்கள் சிறையில் இருக்கிறீர்கள்,angry,ta
ஆனால் டாலருக்கு நிகரான ரூபாயின் மதிப்பு சரிவு என்ன?,sad,ta
"பாலா சாகேப்பின் சிவசேனா முதல் சிவ சைனிக் என்று அறியப்படுகிறது. இப்போது சிவ வீரர்கள் பாலா சாகேப் சிவசேனா என்கிறார்கள், பாலா சாஹேப் யார்?",angry,ta
"சாஹிப் இயோலா தாலுக்கா மழை விவசாயிகளுக்கு பெரும் இழப்பை ஏற்படுத்துகிறது, உடனடியாக உதவி பெற பின்பற்றவும்.",happy,ta
"கிராம பஞ்சாயத்து கட்சியல்ல, எங்கள் பள்ளியில் கற்பிக்கப்பட்டது, எந்த பள்ளியில் படித்தீர்கள்?",angry,ta
இந்தக் கதையை வீட்டில் சொல்ல மறந்துவிட்டேன்,neutral,ta
நேபாள தவளை தான் முதல் துரோகி என்பதை தெரிவித்துக் கொள்வோம்,angry,ta
உத்தவ் தாக்கரே உங்கள் தாயை என்ன செய்தார்?,angry,ta
அந்தேரியில் சட்டசபை இடைத்தேர்தல். மக்களை முட்டாளாக்கும் கலை இருக்கிறது.,angry,ta
"""உத்தவ் தாக்கரே நம்பிக்கையற்றவர், பயனற்றவர், திமிர் பிடித்தவர்"" என்று பாஜக எம்எல்ஏவை திட்டுகிறார்; “வீட்டில் அமர்ந்திருப்பவர்களுக்கு...” என்றார்.",angry,ta
துறைமுகத்தில் இருந்து இலவச சரக்குகளை அதானி தொடர்ந்து பேசி வருகிறார்.,angry,ta
நீங்களும் குழுவும் பெரும் சேதத்தை செலுத்த வேண்டியிருக்கும்.,sad,ta
பின்வரும் தொடர்புடைய நிகழ்வுகள் மகாராஷ்டிராவின் தற்போதைய அரசியலுக்குப் பொருந்தும்.,angry,ta
பின்னர் அவர் தைச்சியின் கையைப் பிடித்து மன்னிப்பு கேட்கிறார்.,angry,ta
நடனம் ஆடும் மயில்களுக்கு வளைந்த கால்கள் இருக்கும் என்று கூறப்படுகிறது.,neutral,ta
வேறொரு ஆணுடன் ஓடிப்போன மனைவிக்கு இப்போது சொத்தில் பங்கு வேண்டும்,angry,ta
அப்படியென்றால் இந்த மாதிரி குழந்தைக்கு இது தெரியும் என்று பெரியவர்களுக்கு எப்போது தெரியும்???,happy,ta
"ஆம், போட்டி யுகத்தில் மக்கள் நாட்டிலும் சமூகத்திலும் என்ன நடக்கிறது என்பதை மறந்து விடுகிறார்கள் என்பதை நான் ஒப்புக்கொள்கிறேன்.",sad,ta
"ஸ்கிரிப்ட் தயாராகிவிட்டது, தசரா சபாவுக்குப் பிறகு ஒரு சலசலப்பு.",happy,ta
நம்மிடையே இந்த ஜெய்சந்த் கானாஜி ஷிர்கே ஃபிதுர் ஹப்ஷி...!!!,angry,ta
அந்தக் குரல் பாராட்டப்படவில்லை. ரசிகர்கள் திறந்த அன்பை உறுதி செய்கிறார்கள்.,angry,ta
தூங்கன் தண்டா அந்த மொழி என்ன நிகழ்ச்சி எப்படி தப்பிப்பது,angry,ta
"உலகின் பிரதிநிதியால் சிக்கலான காலங்கள் உருவாக்கப்பட்டன, எனவே தற்போதைய நிலைமைக்கு அவர் பொறுப்பு.",angry,ta
"இந்த நேரத்தில், புனே மீது மேகங்கள் குவிந்தன",happy,ta
நமக்கு விருப்பம் உள்ளதா?,neutral,ta
எழுந்தால் வெகுஜனத்தை காக்காமல் அரிப்பு போகாது சகோ????,angry,ta
"கமிஷன் மீதும், நீதிமன்றத்தின் மீதும் நம்பிக்கை இல்லை, இது கலியுகம்",angry,ta
தெய்வங்களை ஏளனம் செய்தல்; ஆனால் இது தொடர்பாக கடுமையான நடவடிக்கைகள் எடுக்கப்படுவதில்லை.,angry,ta
இந்த தேலா குடிசையை மூடு.,angry,ta
சிவசேனாவுக்கு ஒரு ஜோதி என்பது பிறர் வீடுகளை எரிக்கும் குரங்கின் கை,angry,ta
"தாதா மற்றவர்களின் ஹிந்தியில் பல்லைக் கடிக்கிறார், இப்போது பல் கடிக்கத் தொடங்குகிறார்.",happy,ta
அவனும் அசுரனும் ஏதோ பேசுகிறார்கள்,neutral,ta
"அகர்கர், நீதிபதி ரானட் ஆகியோர் பெயர் இல்லை. ஏனென்றால் அவன் பிராமணன்!",angry,ta
அப்படி இல்லை என்றால். அவரும் அப்படித்தான்... நேரம் கிடைக்கும் போதெல்லாம் ஓடிப் போவார்.,angry,ta
மக்களை துன்புறுத்துவதற்காக மட்டுமே நிர்வாகம் உள்ளது,angry,ta
"""சிவசேனாவுக்கு அனுதாபம் கிடைக்கும் என்பது மாயை!"" - ராஜ் தாக்கரே ராணுவ வீரர்களுக்கு...",angry,ta
இந்த வழக்கறிஞர் நீதிபதியை முகஸ்துதி செய்யலாம் ஆனால் ரசிகர்களை அல்ல.,angry,ta
நாங்க ரொம்ப அடிச்சோம்.. ஆன்ட்டி பாட்டுகளை ஆன்லைனில் பார்க்கிறோம்..,angry,ta
"முட்டாள்தனமான கேள்வி, இது தேர்தல் ஆணையத்தின் எல்லைக்குள் இல்லை.",angry,ta
"அதனால் நான் கமலியை சபித்தேன், நாங்கள் அனைவரும் உன்னைப் போல கேவலமானவர்கள்.",angry,ta
"புனே ஊழல்வாதிகளால் சூழப்பட்டுள்ளது. மும்பை, குஜராத் கடற்கரையில் பா.ஜ.க.",angry,ta
இது போன்ற கபட காங்கிரஸார்களை மதிக்கவில்லை என்றால் இந்த அமைப்புகளை தடை செய்யுங்கள்.,angry,ta
பெயருக்கு ஒரு அர்த்தம் இருப்பதாக நம்புங்கள்!,angry,ta
கேள்விகளுக்கு ஒன்றன் பின் ஒன்றாக பதில் சொல்லாதீர்கள்.. என்ன வேலை என்று சொல்லுங்கள்,angry,ta
இதற்கு என்ன காரணம்?,angry,ta
"சகோ, புனே என்றால் என்ன என்று தெரியவில்லை, புரா ஏத் ஜாவா",angry,ta
சூட்டியா என்றால் குதிரை மீது ஊதுவது என்று பொருள்,angry,ta
"அது நமக்கு வலிக்கிறது. நெரிசல், டிக்கெட் கிடைக்கவில்லை, ரயில்கள் தாமதமாக இயக்கப்படுகின்றன",sad,ta
நாட்டு மக்கள் துரோகப் படுக்கையில் வானவில் நாய்களாக வாழ்கிறார்களா?,angry,ta
அப்போது காங்கிரஸ் ஆட்சியில் இருந்தது. போர் நேரம் வரும்போது ஓடிவிடுகிறான்,angry,ta
"நீங்களே குழிக்குள் செல்ல முடிவு செய்தால், உங்களை யார் தடுப்பது.. அழிவு நுண்ணறிவு",angry,ta
மக்களுக்கும் மக்களுக்கும் சம்பந்தம் இல்லை... ஜனநாயகம் எங்கே போனது... இதுதான் சர்வாதிகாரம்.,sad,ta
தாக்கர் வேலை செய்யவில்லையா?,happy,ta
"கடிதங்களுக்குப் பதிலாக வீட்டுக் கணக்கு இல்லை, அதைக் கண்டுபிடிக்கவா? - ஒரு நம்பிக்கையான மெதுவான சிப்பாய்",angry,ta
"உத்தவ் சாஹிப் வரை ஃபட்னாவிஸ் நன்றாக இருக்கிறார், பாலா சாஹிப்பை அழைக்க வேண்டாம்.",angry,ta
"நாட்டுக்காக தன் உயிரையே தியாகம் செய்தவன், அவன் காலில் விழ உனக்கு தகுதி இல்லை.",happy,ta
"இரண்டுமே மதிப்பற்றவை, யாரும் கெஞ்சுவதில்லை...",angry,ta
நான் கடந்த மாதத்திலிருந்து உங்களுக்கு மெயில் அனுப்புகிறேன் தயவு செய்து சரிபார்த்து பதிலளிக்கவும் ஐயா.,neutral,ta
யாரும் என்னை சிறந்த நண்பராக நினைப்பதில்லை,sad,ta
வரும் நாட்களில் உங்கள் ஆட்சி கவிழும்...,happy,ta
குமிழி எரிகிறதா?,happy,ta
| மௌனி ராய் பள்ளியை விட்டு மும்பையில் நடிக்க...,neutral,ta
இப்போது அனைவரும் இந்தியாவை ஒரு முன்மாதிரியாகப் போற்ற வேண்டும்… அது இருக்கும்…,angry,ta
மைனர் பெண்ணை பலாத்காரம் செய்து பல ஆண்டுகளாக போராடி கர்ப்பமாக்கி உள்ளார்.,angry,ta
மனதளவில் பாதிக்கப்படுகின்றனர்,sad,ta
"இந்த அடையாளம் சிக்கலில் உள்ளது, அது எரியாமல் வெளியேறும்",angry,ta
இப்போது மகாராஷ்டிராவிலும் அதே நிலைதான். இப்போது ஆட்சியாளர்கள் என்ன செய்கிறார்கள்?,angry,ta
"நெய் பெட்டி, சர்க்கரை...",happy,ta
பாபு ஜானு என்று சொல்லும் எண் பயனற்றது,angry,ta
அதான் இன்னைக்கு உன் மாமனார் இந்த வீட்டைப் பிடுங்கிட்டான்,angry,ta
"கொளத்தூரில் சாலைகள் குண்டும் குழியுமாக உள்ளதா, பள்ளங்களுக்கு இடையே சாலைகள் உள்ளதா என்று தெரியாத நிலை உள்ளது.",angry,ta
அரண்மனைகளில் வாழும் பிச்சைக்காரர்களின் தேசம் இந்தியா,angry,ta
"அனைவருக்கும் புகார்கள் உள்ளன, ஆனால் உதைப்பதும் குத்துவதும் உங்களுடையது.",angry,ta
சோம்பேறித்தனமான உங்கள் சமநிலைப்படுத்தும் இராணுவத்திற்கு நீங்கள் உண்மையில் இதைக் கற்றுக் கொடுத்தீர்களா?,angry,ta
"கண்ணாடியை கீழே வைத்தால், அது காதுக்கு கீழே அமர்ந்திருக்கும்.",angry,ta
ஆனால் பாஜக தோற்கும்,happy,ta
"கொஞ்சம் வெட்கப்படுங்கள், நாடு நரகமாகப் போகிறது, மக்களுக்கு விழிப்புணர்வு ஏற்படுத்துங்கள்.",angry,ta
ராஜினாமா செய்துவிட்டு மகாராஷ்டிராவை விட்டு வெளியேறுங்கள்,angry,ta
என்ன ஹாய் மட்டும் ஏன் இல்லை,neutral,ta
"கவனமாக இருங்கள், வேண்டாம். நோயெதிர்ப்பு அமைப்பு நேரடி தாக்குதலுக்கு உட்பட்டது, அறிகுறிகள் ஆபத்தானவை",fear,ta
மகாராஷ்டிராவில் அழுக்கு வருகிறது! அதனால் மக்கள் மூக்கில் கைக்குட்டையைப் பிடித்துக் கொள்கின்றனர்,angry,ta
தாதா தன் குருவைப் போல ஒரு குருட்டு பக்தர்..அவரது இந்து மதம் அவருக்கு கற்றுக்கொடுக்கிறது..,angry,ta
இந்த கலாச்சாரம் நம் மாவட்டத்தில் மறந்து விட்டது... தெக்லூர் நாந்தேட். அவர்கள் பாஜகவினர்,angry,ta
மோசடியால் பாதிக்கப்பட்டவர் என்ன செய்ய வேண்டும் என்று நீங்கள் நினைக்கிறீர்கள்,angry,ta
"கலு-பலூரி நாடகம் முதலில்...? அற்புதம், பார்க்க வேண்டும்",happy,ta
மகாராஷ்டிர அரசியலில் இருந்து துரோகி என்ற வார்த்தையை அழிக்க முடியாது என்பதால் இது சரிதான்.,angry,ta
அப்பா! பள்ளி பேருந்தில் இந்த மலைப்பாம்பு எங்கிருந்து வந்தது? காணொளியை பார்த்தால் எவரும் அதிர்ந்து போவார்கள்,fear,ta
ஆட்சியாளர்களுக்கு அதிகாரம் உண்டு!,angry,ta
இது எச்சரிக்கை இல்லை சார்,fear,ta
பாலா சாஹேப்புக்கும் ஒரு ராணுவம் இருக்கிறது என்றால் இந்த ராணுவம் மகாராஷ்டிராவில் தேவையா?,neutral,ta
"இது உண்மையில் மிகப்பெரிய மோசடி, கடுமையான நடவடிக்கை எடுக்க வேண்டும்.",angry,ta
மோடி-ஷா அல்லது மற்ற தலைவர்கள் மீது இதுபோன்ற கார்ட்டூன்கள் போடப்பட்டால் நீங்கள் ஏன் கவலைப்படுகிறீர்கள்?,angry,ta
"நேரடி ஆஃபர் லெட்டர், இது ஒரு மோசடி சகோ",angry,ta
இந்த விஷயத்தில் எத்தனை முறை மராத்தி படம் எடுக்க வேண்டும்? கடந்த ஆண்டு அமைதியாக இருந்தது,neutral,ta
அதனால் கங்காபாயின் மகள் போல் பாய் கூட வீட்டில் உட்காருவதில்லை.,angry,ta
இப்படிச் சொல்கிறீர்கள் சகோதரரே,angry,ta
"வலி மிகவும் கடுமையானது, அது தலைக்கு செல்கிறது.",angry,ta
கருத்துச் சுதந்திரம் என்றால் பங்களாவுக்கு அழைத்துச் சென்று அடிப்பது.,angry,ta
பாகிஸ்தான் சுட்டிருக்க வேண்டும்,angry,ta
"முன்னதாக, இளவரசி ஹயா மற்றும் இளவரசி லத்திபா ஆகியோரின் கிளர்ச்சி மற்றும் துன்புறுத்தல் வெளிச்சத்திற்கு வந்தது.",sad,ta
இது சிறியது. ஒரு புதிய இனம் உள்ளது,angry,ta
உன்னைப்போல் கண்ணீர் இல்லை. பெல்சா பாலாசாஹேபைக் காட்டிக் கொடுத்தார்.,angry,ta
"உண்மை, ஆனால் அது மண்புழுக்களின் மனம் அல்ல.",angry,ta
பாலிவுட்டின் ஜாம்பவான் 'டினி' திரையுலகில் சோக நிழல்...,sad,ta
வனவிலங்கு தாக்குதல் இழப்பீடு தீபாவளிக்குள் வழங்கப்படும் - வனத்துறை அமைச்சர் சுதிர் முங்கண்டிவார்.,neutral,ta
எதற்காக வந்தான் என்று பார்த்தால் மட்டும் போதாது,angry,ta
கவுன்சிலர் இப்படி பேசுவது மிகை,angry,ta
அறிவிப்புக்கு பின் ஏன் போலீஸ் அமைப்பு இல்லை?,angry,ta
குறைந்தபட்சம் உங்கள் ஐடி செல் அதை விரும்புகிறது. மணி போல?,angry,ta
"எதிர்ப்பு, ஏன் ராவுத் சாஹிப் படம் இல்லை...?",angry,ta
அது நீண்டு கொண்டே செல்கிறது.. பிறகு அண்ணாஜி பேன்ட்டும் பயன்படுத்துகிறார்.,angry,ta
அந்த மேடம் வெங்காயம் சாப்பிடாததால தலை முழுக்க உருளைக்கிழங்கு...தெரியும்,angry,ta
இதுதான் நடக்கும்,neutral,ta
எல்லா வாடகை நிறுவனங்களும் வாங்கிவிட்டன என்று சொல்ல முடியாது.,angry,ta
கருத்து இல்லை என்றால் இன்று ஆட்சி கவிழும் என்று சொல்பவர்கள் எங்கே?,angry,ta
மிகவும் துரதிர்ஷ்டவசமானது.,sad,ta
சத்தத்தைக் கேட்டதும் கஜாப் கோபமடைந்தார்,angry,ta
"அம்மா, நருனி பி யோகி, ஆண்கள் இருக்கிறார்களா?",angry,ta
எம்.எல்.ஏ.வுக்கு இந்த மொழி பொருந்தாது,angry,ta
குடியேறியவர்களில் ஒருவரின் காதுக்கு கீழே ஒரு மோதிரம் இருந்தது.,angry,ta
"""உத்தவின் இயல்பு ராட்கா"" என்று கூறிய பாக்கெட் பத்திரிகையாளர் இவர்தான்...",angry,ta
இந்த துரோக எம்எல்ஏ மீது நடவடிக்கை எடுத்தால் பிரச்னை ஏற்படும்.,angry,ta
உங்கள் அரசாங்கம் விசாரிக்காது என்று அர்த்தம்,angry,ta
குடும்பத்தாருக்கு இரங்கல் மற்றும் அனுதாபங்கள்.,happy,ta
இந்த போலீஸ்காரர் ஒரு அடிக்கு தகுதியானவர்,angry,ta
"ஏய், இது கண்டோபா மால் சாலை.",neutral,ta
"பெல்லின் சட்ட நிபுணர்... ஒரு அயோக்கியன், அவனது நரம்புகளில் வெறுப்பு நிரம்பியது",angry,ta
ஆனால் வாழைப்பழம் ஏன் வெடிக்கிறது?,angry,ta
சத்தியம் செய். ஆனால் செய்,neutral,ta
யாரோ ஒருவர் தலையை உடைத்துவிட்டார் என்று சொல்லக்கூட எனக்கு தைரியம் இல்லை.,angry,ta
"இரண்டரை வருடங்கள் அடித்தார்கள். கடைசியாக தாபா சொன்னார், என்னால் இனி தாங்க முடியாது.",angry,ta
"கை உலையில் மரிஜுவானாவை கலப்பது போன்ற வலுவான போதை. ஒரு மனிதன் பாராட்ட வேண்டும், ஆனால் அவ்வளவுதான்.",angry,ta
நிரவ் மோடி வேண்டுமென்றே தற்கொலை செய்து கொள்ளவில்லை என்று நிபுணர்கள் வாதிடுகின்றனர்.,neutral,ta
"நான் உன்னை தொந்தரவு செய்யவில்லை, இது நேரம்.. நான் சரியான நேரத்தில் ஆடை அணிய வேண்டும்.",sad,ta
"* உடைப்பு: இந்து பண்டிகை வரும்போது, ​​ஏன் உடைமையாக்க வேண்டும்? ராஜ்பாத்தில் பாலா சாகேப்பின் சிவசேனா போராட்டம்...",angry,ta
இல்லை ஐயா உங்கள் கருத்து மிகவும் தவறானது,angry,ta
உரையாடல் பொது அறிவு மற்றும் இங்கே உட்கார்ந்து முணுமுணுப்பது பற்றியது அல்ல,angry,ta
வெகு சிலரே உள்ளனர்.,neutral,ta
யேதஜவ்யா ஜவானுடன் செல்ல நீங்கள் தகுதியுடையவரா?,angry,ta
சிலர் வெற்றிலையுடன் வேலை செய்வதாகக் கூறப்படுகிறது.,angry,ta
உங்களைப் போன்ற அடிமைகள் மதிப்பற்றவர்கள்.,angry,ta
அனைத்து கருத்தியல் இருளும் இருளை நோக்கி ஓடுகிறது.,sad,ta
ஹா ஹா ஹா... இது முட்டாள்களின் சந்தை...,angry,ta
"ஓ, யார் விண்ணப்பித்தார்? என்ன நடவடிக்கைகள் எடுக்கப்படும் என்பது தெளிவாகத் தெரிகிறது",angry,ta
iBall ஒரு விசைப்பலகை. என்ன நடக்கிறது என்று பார்? எலுமிச்சை வேண்டுமா?,neutral,ta
காங்கிரஸ் நல்ல நாட்களை எதிர்பார்த்தது ஆனால் அது தோல்வியடைந்தது,sad,ta
என்ன நடக்கிறது என்பது மிகவும் அழுக்கு.,angry,ta
இறுதிச் சடங்குகள் இல்லாமல் மனம் பிணம் போல் ஆகிவிட்டது.,sad,ta
நீங்கள் சுடும்போது நீங்கள் நன்றாக நினைவில் இருப்பீர்கள்,angry,ta
இதன் பொருள் எதிர்காலத்தில் மனித இருப்புக்கு மிகப்பெரிய அச்சுறுத்தல் அனைத்து மதங்களிலிருந்தும் வரும்.,fear,ta
"அதாவது உத்தவ் தாக்கரே ஒரு தொலைநோக்கு பார்வையுடையவர் அல்ல, ராவத் ஒரு நேர்காணல் செய்பவர்.",neutral,ta
"துரோகி என்று யார் சொல்கிறார்கள், இந்த வார்த்தைகள் உங்கள் வாயிலிருந்து நன்றாகத் தெரியவில்லை.",angry,ta
"ஐயா, அவர்களின் கேவலமான அரசியலில் நான் ஒரு பகுதியாக இருக்க விரும்பவில்லை",angry,ta
கழுதைகளின் தலையில் முடி குறைவாக இருப்பது ஏன் என்று இப்போது உங்களுக்குத் தெரியும்.,angry,ta
() ஜூம்லா இறுதியாக ஒவ்வொரு ஆண்டும் பில்லியன் கணக்கான வேலைகளை உருவாக்கும் வாக்குறுதியை நிறைவேற்றியுள்ளது.,angry,ta
பல வருட பிஜேபி ஆட்சியின் பார்வையற்ற பக்தர்கள் மற்றும் என்சிபியின் தவறுகளால் மனம் தளர்ந்துவிட்டனர்,angry,ta
இங்கே மிகவும் சூடாக இருக்கிறது,neutral,ta
இது நிறைய நடக்கிறது,angry,ta
ஏக்நாத் ஷிண்டே ஒன்றரை ஆண்டுகளுக்கு முன்பே துரோகம் செய்ய திட்டமிட்டார்: சிவசேனா தலைவர்,angry,ta
இந்த விவகாரம் கடந்த ஆண்டு முதல் நடந்து வருகிறது. அது கொஞ்சம் கத்துகிறது,angry,ta
மேலும் கொலைகாரன் அழியாதவனாகிறான்,angry,ta
"மக்களுக்கு அநியாயம், துரோகம் இழைத்ததாகச் சொல்லாதீர்கள்...!",angry,ta
"இம்முறை திரு. ஷிண்டே, திரு.",angry,ta
துரோகிகள் அழிக்கப்பட வேண்டும்,angry,ta
தோளில் உட்கார்ந்து ஷா மோடி இந்த சர்வாதிகாரி ரம்யா?,angry,ta
நிர்வாகத்தின் மெத்தனம் தற்போதைய மழையால் புனேவின் அவல நிலையை காட்டுகிறது.,angry,ta
சாகன்களும் பகத்சிங் சரஸ்வதியின் பக்தர்கள். அரிசி திருடர்கள் இல்லை,happy,ta
இது திரு.பவருக்கு ஏற்பட்ட அவமானமாக கருதப்பட்டது,angry,ta
இந்த DP இன் நிலையைப் பார்க்கவும்.,angry,ta
ஃபட்னாவிஸ் ஒரு பாஸ்டர்ட்,angry,ta
பெண்களை விபச்சாரத்தில் தள்ளும் பாஜக தலைவர்களுக்கு அத்தை அறிவுரை சொல்ல வேண்டும்.,angry,ta
"நீங்கள் நாயை வாழ்த்தவில்லை என்றால், நீங்கள் தவறாக புரிந்து கொள்ளப்படுவீர்கள்.",angry,ta
அவ்வளவு நேரம் பார்வையற்ற பக்தனைப் போல புதினாவைக் கழுவினான்,angry,ta
மகாராஷ்டிராவில் விவசாய அமைச்சர் யாராவது இருக்கிறார்களா?,angry,ta
அசல் சிவசேனா யார் என்பது இப்போது தெருக்களில் பார்க்கப்படுகிறது. இடைத்தேர்தலில் வெற்றி பெற்றால் ராவணன் மரணம் உறுதி!!,happy,ta
"அஜி ரசிகர்களின் வாழ்க்கையை சீரழித்துவிட்டார். இதனால், மற்றவர்கள் ஒடுக்கப்படுகின்றனர்.",angry,ta
"ஒரு பழங்குடியினர் இன்று வரை நாட்டை நிதி ரீதியாக ஏமாற்றி வருகின்றனர்,,,,,,, இது நமக்கு தேசபக்தியை போதிக்கிறது?",angry,ta
"ஓ சுந்தாஸ் கருத்து, நீங்கள் ஆட்சியில் இருக்கும்போது என்ன அர்த்தம்",angry,ta
முட்டாள் ரசிகர்கள் யாரை ஆதரிக்கிறார்கள் என்று சொல்ல வேண்டியதில்லை.,angry,ta
உன்னைப் போன்ற பன்றிகளால் தான் இன்று மகாராஷ்டிராவாக இருக்கிறது என்று மராத்தியில் நாய்...,angry,ta
அந்தேரி கிழக்கு சட்டப்பேரவை இடைத்தேர்தலில் இருந்து பாஜக தனது பெயரை வாபஸ் பெற்றுள்ளது. இப்போது சமுபூதி இது தான் வெற்றி என்று நினைத்து வெறித்தனமாக ஆடுகிறாள்!,angry,ta
புறாக்கள் போகும் முன் நாடு நிறைய மாறிவிட்டது; இப்போது பலாத்கார குற்றவாளிகள் விடுவிக்கப்படுகிறார்கள்..!!,angry,ta
இப்போது அது மரியாதை,neutral,ta
"ஏய் தவளை, நீ பேசுகிறாயா?",angry,ta
நாயை அவமானப்படுத்துவது போல...,angry,ta
அவர் ஒரு முட்டாள் பத்திரிகையாளர்,angry,ta
விழவிருந்த ஒரு பாறையில் போய் அமர்ந்தார்கள்.,angry,ta
இதனால் நிர்வாக அதிகாரிகள் அதிருப்தி அடைந்தனர். ஆனால் அரசாங்கம் தூங்கிக் கொண்டிருக்கிறது. மகாராஷ்டிராவை வெல்லுங்கள்.,angry,ta
"ஆனால் அதற்குத் தேவை சிவனின் அயராத சிப்பாய், உன்னைப் போன்ற தோற்றுப்போனவன் அல்ல.",angry,ta
மகாராஷ்டிரா மற்றும் நாட்டின் பொருள்? மகாராஷ்டிரா எந்த நாட்டில் அமைந்துள்ளது?,angry,ta
வாக்காளர்கள் தேர்ந்தெடுத்து பிரித்து வைத்த சட்டமன்ற உறுப்பினர்களுக்கு பொதுமக்கள் பாடம் புகட்ட வேண்டும்!,angry,ta
சமூக நலத்துறைக்கு இதுவரை சுயேச்சை அமைச்சர் பதவி வழங்கப்படவில்லை. இது பாஜகவின் சமூக அநீதி.,angry,ta
மதச்சார்பின்மைவாதிகள் என்றால் அப்பாவை விட பக்கத்து வீட்டு அப்பா என்று அழைப்பவர்கள்.,angry,ta
நான் உன்னைப் போல் இல்லை தாத்யா.,neutral,ta
வீட்டுப் பிரச்சனைகளால் தொடர்ந்து அவதிப்படும் மற்றும் அன்பற்ற குழந்தைகள் உள்ளனர்.,neutral,ta
திறமையற்ற ஆசிரியர்கள் பட்டினியால் சாகிறார்கள்... நேர்மையான ஆசிரியர்கள் பட்டினியால் சாகிறார்கள்... ஐயோ... மகாராஷ்டிர அரசு...,angry,ta
இது நீண்ட நாள் நீடிக்காது...ஹிட்லர் மோசமாக முடிந்தது...அதிக கம்யூனிசத்தால் கம்யூனிஸ்ட் கட்சியும் முடிவுக்கு வந்தது...,angry,ta
"ராவ், ஏன் சார் எதிர்பார்ப்புகளை கேலி செய்கிறீர்கள்?",neutral,ta
அப்பாவுக்கும் பிஜேபிக்கும் சம்பந்தம் இல்லை... அப்பாவுக்கும் தெரியும்.,neutral,ta
இன்னும் எத்தனை நல்ல நாட்கள் வேண்டும்...! சரி அறிவிப்பு..,angry,ta
அரசு வேலை ஆசை பலரை வேலையில்லாமல் ஆக்கியுள்ளது.,sad,ta
மாலையில் பெய்த கனமழையால் சங்கமொன் நகரில் உள்ள நவீன் நகர் சாலையில் வெள்ளம் பெருக்கெடுத்து ஓடியது.,neutral,ta
இந்த ஹீரோக்கள் கர்ஜிக்கிறார்கள் ...,angry,ta
அவர் என்ன போலியானவர்... உண்மையான பள்ளிக்கு செல்ல வேண்டும்...,angry,ta
ஆனால் இது கழுதைக்கு அவமானம். தடை செய்யப்பட்டுள்ளது,angry,ta
KK மாதிரி,angry,ta
இந்த மனநோயாளிகள் விரும்பத்தகாத பிரபலமான கருத்துக்களை சரிபார்க்காமல் படிக்கவோ ஏற்றுக்கொள்ளவோ மாட்டார்கள்.,angry,ta
உண்மை என்னவெனில்.. பேகு தடிபர் முதல் செங்கோ பக்தன் வரை இந்த பாரம்பரியம் காலத்தால் அழியாதது.!,angry,ta
"நாட்டில் வேலையில்லா திண்டாட்டம் இல்லை, குழந்தைகள் கல்வி கற்க முடியாமல் தவிக்கின்றனர்.",angry,ta
"அதிர்ச்சி! கல்வாவிலிருந்து கரேகான் வரையிலான சாலை மூடப்பட்டது, சாலை தடுப்புகளால் தடுக்கப்பட்டது.",happy,ta
"இதுவே இந்த சிந்தேசாஹி பெருமகனின் விலைமதிப்பற்ற தத்துவம், அதனுடன் சமரசம் செய்வது சரியல்ல.",happy,ta
உறவுக் கணக்கு என்பது வங்கிக் கணக்குகள் போன்றது.,sad,ta
"காவலர் நினைவு தினத்தை முன்னிட்டு, பணியின் போது உயிர்நீத்த தியாகிகளுக்கு அஞ்சலி செலுத்துகிறோம்.",happy,ta
புலி துப்பாக்கிச் சூடு பற்றிய விவரங்களைச் சொல்ல முடியுமா?? நான் ஒரு வெங்காயத்தைப் பார்க்க வேண்டும்,angry,ta
வேலைக்காரி போட்டோ எடுப்பதை நிறுத்தினாளா?,angry,ta
"மெதுவான வீரர்களின் மரணம் தவிர்க்கப்பட்டிருந்தால், அது இன்னும் எரிந்திருக்கும்",angry,ta
"எனவே இரவு முழுவதும் தனிமையில் இருப்பவர்கள் என்ன, அவர்கள் எழுந்ததும் என்ன செய்ய விரும்புகிறார்கள்…",angry,ta
சொல்ல முடியாது..!!,neutral,ta
முதலில் ரானேவும் கார்த்தியும் புரிந்து கொள்ள வேண்டும்.,angry,ta
அழாதே... மும்பையில் சிவசேனாவின் பணத்தால் மும்பை விழுகிறது என்பது அனைவருக்கும் தெரியும்.,angry,ta
மாநிலத்தில் தாய்மொழி பற்றி கேள்வி எழுப்பிய முதல் முதல்வர்.,angry,ta
மன்னிப்பு வரலாறு மற்றும் நிகழ்காலத்திற்காக அழுது பிடிபட்டார்,angry,ta
இப்படி தர்க்கரீதியாக கேள்வி கேட்பது தேசத்துரோகம்,angry,ta
நடந்து சென்ற பெண்ணின் கழுத்தில் இருந்த தங்க நகையை பைக்கில் வந்தவர்கள் கிழித்துள்ளனர்,angry,ta
அவர் ஒரு பெரிய மனிதர்.,angry,ta
"கொங்கனியாக ஒப்புக்கொண்டேன்… இதோ கணபதி மீண்டும் வருகிறார், நெடுஞ்சாலை அதே பழுதடைந்த நிலையில் உள்ளது…",sad,ta
எதிர்கால அடிமைகள் இன்றே உருவாக்கப்பட வேண்டும்.,fear,ta
"சைவம், அசைவம், அசைவம் என மூன்று வகையான உணவுகள் மட்டுமே உண்டு.",angry,ta
"Ziubatha ஒரு முடிக்கப்பட்ட கட்சி, மேலும் அவரது விமர்சனங்களுக்கு பதிலளிப்பதில் பயனில்லை",angry,ta
"இது மகாராஷ்டிர மாநில அரசு, ஃபட்னாவிஸ் அரசு, பாஜக அரசு.. ட்ரோல் செய்யும் சிறந்த வேலை.",angry,ta
இந்த வேலை உங்களுடையது.. சுயபரிசோதனை தேவை ராவண கடம்!,angry,ta
இந்த மொசாம்பி ஆரஞ்சு பார்ட்டி உண்மையில் மகாராஷ்டிராவில் ஒரு கேலிக்கூத்து ஆகிவிட்டது.,angry,ta
இது ஒரு முரட்டு மன்னன் மற்றும் அவனது வழிகெட்ட மக்களின் எண்ணம்,angry,ta
ஹரிச்சந்திரா வாழ்ந்திருந்தால் இதைக் கேட்ட உடனேயே தன் உயிரைத் தியாகம் செய்திருப்பார்.,angry,ta
உங்களைப் போன்ற துரோகிகள் ஐம்பது பெட்டிகளுடன் வெளியேறினர்!,angry,ta
"வேதத்தில் எழுதப்பட்டிருக்கிறது - ஜாவேத் குலத்தவர் அப்போது தெரியும், இப்போது சிலர் குலத்தை மாற்றிக் கொண்டிருக்கிறார்கள், என்ன செய்வோம்.",angry,ta
"வேலை பறிபோகும், வாக்காளர்களும் பறிபோகும் என்று சொன்னவர்கள் முகத்தை காட்டியுள்ளனர்",happy,ta
உங்கள் மதிப்பு என்னவென்று உங்களுக்குத் தெரிந்தால் மட்டுமே இந்த ஏளனம் உங்களுக்குப் பொருந்தும்,angry,ta
மராத்தி ஊடகங்கள் உண்மையான முகமூடியைக் காட்டுகின்றன. தயவுசெய்து இதைச் செய்யாதீர்கள்,angry,ta
கொடுப்பதற்கு முன் வீட்டையும் மணலையும் தயார் செய்யுங்கள்.,angry,ta
லை வண்ண மக்கள்,angry,ta
"துரோகோ அரசியல் என்றால் ""வாள்"", பிஜேபி என்றால் ""கேடயம்"" மற்றும் பெட்டே என்றால் ""மாற்றம்"".",angry,ta
நிலப்பிரபுக்களின் சதியின் விளைவா? கொங்கனி மொழி நாளுக்கு நாள் குறைந்து வருகிறது,angry,ta
"இந்த பயணம் மகாராஷ்டிராவை அடைந்தது ஆனால் இல்லை, அதற்கு முன்பே அது முறிந்தது.",fear,ta
பதவியில் நம்பிக்கை இல்லாத அமைச்சர்களால் என்ன பயன்?,angry,ta
இவ்வளவு அதிகாரத்தை ஆக்கிரமித்த பிறகும் தாராளவாதி உத்தவ் தாக்கரேவை ஏன் தொந்தரவு செய்ய வேண்டும்?,angry,ta
"ஆம், நீங்கள் உங்கள் கழுதைக்கு தீ வைக்க விரும்புகிறீர்கள்",angry,ta
மக்கள் கஷ்டத்தில் இருக்கும்போது எங்கே போவார்கள்? தாக்கரேவிடம் கோபிசந்த் பதல்கர் கேள்வி:,angry,ta
பண்டிகைக் காலத்தில் எரிவாயு விலை உயர்வு தவிர்க்க முடியாதது...,neutral,ta
வெறும் பாய்... விண்ணப்பித்ததில் இருந்து கடைசி நாள் வரை யாரோ ஒருவர் மகாராஷ்டிர கலாச்சாரத்தை அவமதித்து வருகிறார்.,angry,ta
தெருக்களில் யானைகள் சுற்றித்திரியும் நாய்கள் பசியால் இறக்கின்றன...ராகுல் காந்தி ஒரு யானை,happy,ta
எஸ்பிஐ வாடிக்கையாளர்களுக்கு ஒரு கெட்ட செய்தி! இப்போது EMI அதிகரிக்கும்,sad,ta
அவர்கள் ஏன் கவலைப்படுகிறார்கள்? முத்து பேச தைரியம்.,angry,ta
யாருக்காவது தேவைப்பட்டால்? மகாராஷ்டிரா? இப்போது கடையை மூட வேண்டிய நேரம் வந்துவிட்டது,angry,ta
மேலும் சில முட்டாள்கள் அதில் விழுகிறார்கள்.,angry,ta
இது போக்குவரத்து அபராதத்தின் நோக்கத்தை தோற்கடிக்கிறது.,angry,ta
உங்கள் கணவரின் தலையைத் தவிர வேறு எதையும் சாப்பிடுங்கள்.,angry,ta
உங்களைப் போன்றவர்கள் சொல்வதைக் கேட்பார்கள்!!!,angry,ta
இருட்டில் கைதட்டிவிட்டு ஓடுகிறான்,angry,ta
"ஏய், அது பிஜேபி",neutral,ta
"பார்வை, பார்வை. பாஜக எதிர்ப்பு மஞ்சள் காமாலையால் எல்லாமே மஞ்சள் நிறமாகத் தெரிகிறது",angry,ta
"ஏய் பாஸ்டர்ட் பேண்ட், இந்த பாவத்திற்கு எங்கே தண்டனை?",angry,ta
"உத்தவ் விதி என்ன, இந்து விரோத இருள் அவரை ஊடுருவியிருப்பதால் ஜோதியை ஏற்றிவிடுங்கள்.",angry,ta
இப்போது பாம்பரிங் இருந்து கற்றுக்கொள்ளுங்கள்,angry,ta
ஓடுகிறது...கவனியுங்கள்! மக்கள் விஷம்.. இந்த மாதிரி எங்கிருந்து வந்தது? படிக்க வேண்டும்,fear,ta
"ஏன், அது தவறான தேர்வாக இருக்க வேண்டும். வம்சம் வேலை செய்யாது",angry,ta
லை தயக்கத்துடன் தூக்கி எறிந்தாள்,angry,ta
"இப்போது ஜோதி, தூபத்தை எடுத்து, உங்கள் தூபத்தை எரியுங்கள்",angry,ta
எனது கணக்கு ஹேக் செய்யப்பட்டதாக கூறுகிறார்கள்,angry,ta
இந்த NCP காரர்களுக்கு இன்னும் சில நாட்களில் ராணுவத்திற்கு ரொட்டி சமைக்கும் வேலை நிச்சயம் கிடைக்கும்.,angry,ta
"ஆங்கில ஊடகங்கள் மற்றும் வீரர்கள் இருவரும் கோபமடைந்தனர், சிலருக்கு பிடிக்கவில்லை…",angry,ta
"அரசாங்கத்திற்கு ""பணம்"" மற்றும் கட்சி ""மார்க்கெட்டிங்"" பட்ஜெட் கொடுப்பது யார்??",angry,ta
ஊடகங்கள் பாராமுகமா? இந்தக் காட்சி காட்டப்படாது.,angry,ta
நீங்கள் உயர் பதவிக்கு வருவதற்கு குறைந்த காலமே எடுத்துக்கொள்ளும்.,neutral,ta
உங்கள் அரசாங்கம் நெருக்கடியில் இருக்கிறதா? அவற்றை எடுத்து தொங்க விடுங்கள்.,angry,ta
உச்ச நீதிமன்றம் கூகுளை நிறுவி இந்த மனங்கள் ஆடுகின்றன.,angry,ta
இந்திய அரசியல் என்றால் என்ன..?? . ஏழைகளின் உரிமைக்காக போராடுங்கள் பணக்காரர்களாகுங்கள்...!!,angry,ta
"ஆம், கடந்த ஒரு வருடமாக நமது மாநிலத்தில் பொது ஆட்சேர்ப்பு எதுவும் நிலுவையில் இல்லை.",sad,ta
இந்தியாவுக்கு அஞ்சும் அயோக்கியர்கள் அனைவரும் தேசபக்தியைக் காட்ட வேண்டும்.,angry,ta
சளி நோயால் இறந்த விவசாயிகள் மற்றும் கால்நடை வளர்ப்பவர்களுக்கு நிதியுதவி,sad,ta
விவசாயிகளின் அவல நிலையை கண்டு வெட்கமாக இல்லையா?,sad,ta
அதனால் முதல் வரிசையில் மம்தா திதி நடந்து வருகிறார். இப்போது உயரக் காரணத்தைச் சொல்ல மாட்டேன்.,neutral,ta
சமூக வலைதளங்களில் ஏற்கனவே நிறைய பேர் இப்படி ஒரு அறைகூவல் செய்திருக்கிறார்கள்.,angry,ta
அவர்களை மகாராஷ்டிரா மற்றும் நாட்டிலிருந்து வெளியேற்றுவது முன்னுரிமை. மீதியை பிறகு பார்க்கிறேன்.,angry,ta
"""அது"" சிவ சைனிக் முதலமைச்சராக வருவார், நீங்கள் அல்ல, தெளிவுபடுத்துங்கள் ஐயா!",neutral,ta
"சபாநாயகர் ஐயா, புனே போக்குவரத்து காவல்துறை ஊழியர்கள் பெரும் அநீதி இழைக்கப்படுகிறார்கள்.",sad,ta
ஆனால் அந்த சிறுவன் தன் கொள்கைகளை ஒதுக்கி வைத்தால்..,angry,ta
"பத்திரிக்கையாளரா, அரசியல்வாதியா என்பது முக்கியமில்லை",angry,ta
முழு நிலவு - ஏமாற்றும்போது மாதத்தின் சிறந்த வெகுமதி கிடைக்கும்!,angry,ta
"பொது அறிவு கொண்ட சிறந்த தாராளவாதிகள் கூட ஐஸ்கிரீம் மற்றும் ஒரு டார்ச் இடையே வித்தியாசத்தை சொல்ல முடியாது, பெரியது கூட.",angry,ta
"என்ன கிண்டல் செய்கிறாய், என்ன சொல்கிறாய்...",angry,ta
மகாராஷ்டிர துரோகியை பாஜக விடாது,angry,ta
"இப்போது பஞ்சாயத்து சமிதியைப் பார்க்க வேண்டும், இல்லையெனில் இந்த வேலை வாய்ப்பும் முடிவுக்கு வரும்.",fear,ta
எனவே நீங்கள் மகாராஷ்டிராவை உடைக்க முயன்றீர்கள்,angry,ta
ஒரு இந்தியனாக இன்று நான் இழந்தேன்...,sad,ta
"அது என்ன, இனிப்பு உருளைக்கிழங்கு, அவை நன்றாக உள்ளன",neutral,ta
"அனைத்து வஞ்சக அரசியலுக்கும் ஆதர்ஷ் தலைவன், சிவசேனாவை முடிவுக்கு கொண்டு வர நீங்கள் தான் முக்கிய காரணம்",angry,ta
ஏன் நாட்டை விற்க வேண்டும்?,angry,ta
யாராவது ஒருவரை அவமதிக்கலாமா என்பதை முனிசிபல் கார்ப்பரேஷன் முடிவு செய்ய முடியாது.,angry,ta
ஒருமுறை சட்ட மேலவையை போட்டியின்றி நடத்த பட்டோலா சென்று ஒருவரின் காலில் விழுந்தார்,angry,ta
"டுடியா, நீ குறைந்த நரி.",angry,ta
"லோக்சபா தேர்தல் வரை, சில சமயங்களில் கொலைச் சதிகளும், சில சமயங்களில் தாக்குதல் சதிகளும் நடக்கின்றன.",fear,ta
தலைவிதியான கணவனை விட்டு சென்றாயா!?! காப்பாற்ற அணி மாற வேண்டும்!?!?,angry,ta
...இப்படிப்பட்ட உத்தரவுகள் பாலா சாஹேபிடமிருந்து வந்தது. இப்போது அதை தெளிவாக சொல்ல எனக்கு தைரியம் இல்லை. வெட்கம் அவமானம்!,angry,ta
பதில் சொல்லுங்கள் ஆனால் நம் தலைவருக்கு மரியாதை காட்டுங்கள்.,angry,ta
"வெற்றி உங்களுடையது என்றால், அனைவரும் எச்சரிக்கையாக இருக்க வேண்டும்.",happy,ta
அவருக்கு எதிராக குஜராத்தில் பாட்டீடர்கள் போராட்டம் நடத்தினர்.,neutral,ta
பீகாரின் வீழ்ச்சியை நாம் அனுபவித்து வருகிறோம்.,sad,ta
ஓம் சாந்தி..திரையில் மிகவும் குளிர்ச்சியான மற்றும் பாதிக்கப்படக்கூடிய நடிகர்..உங்கள் ஆன்மா சாந்தியடையட்டும் ஐயா,sad,ta
மேலும் நீங்கள் யாரை அறிந்தீர்கள்?,angry,ta
பெருமழையை விவசாயத்துறை அமைச்சரைத் தவிர அனைவரும் பார்த்துக் கொண்டிருக்கிறார்கள்... சத்தார் பாய்,neutral,ta
"ராய்கருக்கு பிண்ட் நன்கொடை அளிக்கப்பட்டபோது, ​​டாங் எங்கே விழுந்தது?",angry,ta
"ஒருத்தருக்கு 7வது சம்பளம், இன்னொருத்தருக்கு மாதம் ஒரு ரூபாய், இது எவ்வளவு நியாயம்??",angry,ta
ஆனால் நீங்கள் ஏன் இவ்வளவு தந்திரமாக பரிந்துரைக்கப்பட விரும்புகிறீர்கள்?,angry,ta
பால்குடலனின் கேடயமும் வாளும். நமது வலிமைமிக்க மனிதர்களுக்கு அவமானமா?,angry,ta
பா.ஜ.க.வுக்கு ஒரு ஓட்டு ஊழலுக்கு கொடுப்பது போன்றது.,angry,ta
இப்படிப்பட்ட தலைவர்கள் ஓட்டுக்காக நாட்டை விற்கிறார்கள்.,angry,ta
"கண்டாலா போர்காட்டில், புனேயில் இருந்து மும்பை நோக்கிச் சென்ற கண்டெய்னரின் பிரேக் பழுதடைந்துள்ளது.",neutral,ta
மேலும் பாஜகவுக்கு வாக்களிப்பது என்பது பொய்யர்களின் கட்சிக்கு வாக்களிப்பது என்று அர்த்தம்.. நல்ல நாட்கள் வந்ததா....?,angry,ta
"பொது அறிவு, குறைவான பரிசோதனை, அதிக மசாலா.",angry,ta
"அதாவது, ரூபாயின் மதிப்பு குறையாமல் இருந்தால், டாலர் வலுப்பெற்றுள்ளது. அப்படித்தான்",neutral,ta
ஏன் வேராக வளர்கிறது... இருக்கட்டும்,angry,ta
"சதியும் உடன்படிக்கையின் நிழலும் சேர்ந்து எல்லாவற்றையும் கையகப்படுத்துகிறது, இந்த பாஸ்லேட் அடையாளம்!",angry,ta
பயங்கரம்! கொரோனாவின் புதிய வடிவம் உலகளாவிய பீதியை ஏற்படுத்துகிறது; விஞ்ஞானிகள் பெரும் அச்சத்தை வெளிப்படுத்தியுள்ளனர்.,fear,ta
மேலும் இந்த பிச்சைக்காரர்கள் ஒரு பெண்ணின் இடைத்தேர்தலை வாபஸ் பெறுகிறார்கள்..அயோத்தியாஜி.,angry,ta
வேலைவாய்ப்பு உத்தரவாதம் போலியானது... கோஷங்களின் சந்தை மட்டுமே... லட்சக்கணக்கான குழந்தைகளின் எதிர்காலத்துடன் விளையாடுகிறது அரசு.,angry,ta
இப்படிப்பட்டவர்கள் தேர்ந்தெடுக்கப்படுவது மிகவும் வருத்தமளிக்கிறது.,sad,ta
"'நாடாளுமன்றம் எங்களிடம் வரவில்லை, ஆனால் நாங்கள் அதற்கு தகுதியற்றவர்கள்' என்ற பழமொழி மிகவும் பொருத்தமானது.",angry,ta
இந்த முட்டாளை ட்ரோல் செய்யாதே...,angry,ta
ஜூன் மாதம் வரை நடந்த கொடுமைகளை எதிர்த்து ஏன் ஊர்வலம் நடத்துகிறீர்கள்?,angry,ta
கேமராவில் சிக்கிய பதில்கள் அப்பாவிகளுக்குத் தெரியாதா?,angry,ta
ஆனால் உன் அம்மா கோபமாக இருக்கிறாள்,angry,ta
இந்த இரண்டு விவகாரங்களிலும் மகாராஷ்டிராவில் பெரும் குழப்பம் நிலவுகிறது.,angry,ta
"'பிஎம்சி கமிஷனர் சாஹல் ஷிண்டே-ஃபர்த்னாபிஸ் அரசாங்கத்தை கண்டு பயப்படுகிறார், அதனால்...', லட்கேவின் வேட்புமனு மீது கிஷோரி பெட்னேகரின் கடுமையான புகார்.",angry,ta
எதுவும் இல்லை என்றால் எழுதுங்கள்... அதை இங்கே செய்வோம்,neutral,ta
"உங்களுக்கு திராட்சை கிடைத்தால், பாபூன்கள் கிடைக்காது",neutral,ta
மக்கள் முட்டாள்களா? ஆட்சிக் காலம் முடிந்ததும் தன்யா பதவி விலகுவார்.,angry,ta
பாராமதி மகாமதியா ஏதாவது சொன்னாரா?,angry,ta
பவார் ஏன் மத்திய அரசை விட்டு ஓடினார்? முதலில் அதைப் பற்றி பேசலாம்,angry,ta
பாட்டி பொருத்தமான பெட்டியைக் கொண்டு வர வேண்டும். இந்த உருப்படி உங்களை தொந்தரவு செய்யாது,angry,ta
மழை திரும்பியது! விவசாய சேதம்; இந்த மாவட்டங்களில் எச்சரிக்கை விடுக்கப்பட்டுள்ளது,neutral,ta
அத்தகைய கார்ட்டூன் நம் துரதிர்ஷ்டம்,sad,ta
"ஏய் பாஸ்டர்ட், வயதானாலும் கோபம் குறைவு.",angry,ta
"ஒரு மராத்தி மராத்தியாக, தாக்கரே மராத்தி மக்களின் முகத்தை அழித்தார்",angry,ta
இங்குள்ள பெரும்பாலான போலி கைப்பிடிகள் 25-30% இறந்துவிட்டன... மேலும் பல எதிர்காலத்தில் இறக்கும்..!!,angry,ta
ரானேவுக்கும் லாய்க்கும்... இந்த பந்தம் ஒருபோதும் முறிந்ததில்லை.,angry,ta
"...அவர் அழிக்கப்படவில்லை, ஆனால் ஆரம்பத்திலிருந்தே அழிக்கப்பட்டார்.",angry,ta
உங்கள் முட்டாள் இந்து மதம் இப்போது எங்கே போனது? ?,angry,ta
பாஜகவுக்கு வாக்களித்தால் அது பெண்களை ஒடுக்குவது போலாகும்.,angry,ta
"தாக்கரே குழுவிற்கு மற்றொரு பிரச்சனை, ரிதுஜா லட்கேவின் வேட்புமனு ஆபத்தில்?",neutral,ta
"ராஜினாமா, தூக்கில் போடுவது நல்லது...",angry,ta
ஆதித்யா சாஹிப் யுவசேனாவை வளர்க்கிறார்...உங்கள் உரிமைகள் என்ன?,angry,ta
துரோகிகள் இன்னும் எத்தனை பெட்டிகளைக் கண்டுபிடிக்கலாம் என்று வந்தார்கள்,angry,ta
மேற்கு ரயில்வே உலகில் தச்சு வகைகள்.,angry,ta
பாராமதியின் மாமா குறுகிய மனப்பான்மை கொண்டவர் என்பதால் பிரதமராகிறார்.,angry,ta
உதவியற்ற தன்மையும் உங்களுக்கான உருவகம்,angry,ta
நீங்கள் அடிக்கடி பார்க்கும் தவறுகளை உண்மையில் கவனித்தீர்களா?,angry,ta
இவர்கள் உண்மையிலேயே பைத்தியம் பிடித்தவர்கள்,angry,ta
ராவ் உன்னை கடுமையாக அடித்தான்,angry,ta
"மகாராஷ்டிராவிற்கு ஓய்வு தேவைப்படும் ஒரு முக்கியமான திட்டம் விலையுயர்ந்த, தேவையற்ற புல்லட் ரயில்",angry,ta
"உண்மை... ஊழல் இல்லை, தரகர் இல்லை",angry,ta
PAN மூலம் பெயர் திருடப்பட்டது,angry,ta
நீ முட்டாளா,angry,ta
சாணம் தின்றதாலேயே ஒரு படி மேலே எடுத்து வைக்கிறார்களா?,angry,ta
நீங்கள் அங்கு இருந்தபோது எந்த விருந்தில் இருந்தீர்கள்?,angry,ta
இந்தப் பெண் சிவசேனாவைச் சேர்ந்த உத்தவ் பாலாசாகேப் தாக்கரேவிடம் இந்து மதத்தைப் பற்றி பேசி அவரை நம்ப வைக்கிறார்.,angry,ta
பங்களாவுக்கு போன் செய்து போலீஸ் முன் தட்டுவதற்கு எக்ஸ்பிரஷன்தான் சரியான எண்,angry,ta
ஆனால் அது தவறு என்று கேள்விப்படுகிறோம்...,neutral,ta
அரசியலை மதமாக மாற்றிய பயனற்ற தலைவர்கள் இந்த நாட்டில் இருக்கிறார்கள் அதனால் நாடு நெருக்கடிக்கு உள்ளாகிறது.,angry,ta
என்ன நடந்தது... யாருடைய கர்மா முறிந்தது?,happy,ta
இதற்கு வேளாண்மை பொருட்கள் மார்க்கெட் கமிட்டி தான் பொறுப்பு. விவசாயிகள் நஷ்டமடைந்துள்ளனர்.,sad,ta
அரிப்பு என்ற வார்த்தை குறையா???? அப்படியென்றால் என்ன கூல் என்கிறீர்கள்????,angry,ta
மெழுகுவர்த்தி எரிகிறதா? ராணாவின் பக்தர்,angry,ta
கொலையாளிகள் யார் என்பதை ஊடகங்கள் மூலம் கண்டுபிடிக்கவே தேசம் மறந்துவிட்டதாகத் தெரிகிறது.,angry,ta
பையனின் பெயரைச் சொன்னால் கட்சித் தலைவரின் பெயரைச் சொல்வார் சீடன்...என்ன கூப்பிட வேண்டும்!!,angry,ta
குறைந்தபட்சம் மகாராஷ்டிர நலம் விரும்பிகளாவது அருவியை நிறுத்துங்கள்.,angry,ta
என்ன இது...யாராவது சொல்ல முடியுமா?,neutral,ta
இதற்குக் காரணம் உங்களுக்குப் பொது அறிவுத் தரம் இல்லை. ட்வீட் செய்ய ரூ.,angry,ta
"கேசர்கரும், பாஜகவின் முர்ஜி படேலும் எத்தனை பெட்டிகளுடன் இந்த இருக்கையை விட்டுச் சென்றார்கள்...?",angry,ta
முதல் மொழி பதிப்பு படம் எது?,angry,ta
சாவந்தின் தன்யா மராட்டிய சமூகத்தின் மீது எவ்வளவு உணர்ச்சிவசப்பட்ட அன்பைக் காட்டுகிறார்.,neutral,ta
"நாராயண் ரானே, கிருபாசங்கர் சிங், பிரதாப் சர்நாயக், ஜஸ்வந்த் யாதவ் ஆகியோரின் கோப்புகள் காணாமல் போனதா?",angry,ta
"பொது அறிவு ஆபத்தில் இருக்கும்போது, அத்தகைய விவேகம் அறிவுறுத்துகிறது…",angry,ta
மகாராஷ்டிராவின் எதிர்பார்ப்பால் குறும்புக்காரக் குழந்தை போல் வளைந்திருக்கிறார்.,angry,ta
"சிறுவயதில் இதைச் செய்த அவர், இப்போது பார்வையற்ற பக்தர்களுடன் நாடு இயங்குகிறது.",angry,ta
என்ன தப்பு சொன்னீங்க? இரண்டரை வருடங்கள் தூங்கிவிட்டீர்களா?,angry,ta
"ரசிகர்களே, ஐந்தாக எண்ண முடியாதா?",angry,ta
மகாராஷ்டிரா இன்று ஒரு சிறந்த மராத்தி நாடக கலைஞரையும் திரைப்பட நடிகரையும் இழந்துள்ளது,sad,ta
"ஒரு சிறுத்தை வீட்டை விட்டு பிரமாண்ட படிகளுடன் வெளியே வந்தது..., கவலையில் நடுங்கினேன்...",fear,ta
எனவே உருவ வழிபாடு முட்டாள்தனம் என்பதை நீங்கள் ஒப்புக்கொள்கிறீர்கள்,angry,ta
"ஓ, உனது பயனற்ற படையைப் பற்றி உன்னிடம் பேசு. அசல் சிவசேனா உத்தவ் பாலாசாகேப் தாக்கரே.",angry,ta
நாட்டில் அதிகரித்து வரும் படித்த வேலையில்லாதவர்களின் எண்ணிக்கையைப் பற்றி மோடி சர்க்கார் கவலைப்படவில்லை!,angry,ta
இது நாளுக்கு நாள் நடந்தது,neutral,ta
இதை அனுப்பியவருக்கு மூளை இல்லை,angry,ta
அவருக்கு வழக்கறிஞர் கிடைப்பது இந்தியாவின் துரதிர்ஷ்டம்.,sad,ta
இந்தக் கும்பல் எந்த வகையைச் சேர்ந்தவர்கள் என்பதைச் சொல்லத் தேவையில்லை.,angry,ta
"முர்ஜியின் வீழ்ச்சி உறுதியாகிவிட்டது, பயந்து பின்வாங்குகிறது பாஜக.",fear,ta
கேலி பேசும் எம்.பி.க்கள்... மக்கள் முகத்தில் புன்னகை பூக்கிறார்கள்,angry,ta
கொஞ்சம் மூச்சு விடு...அவளுக்கு உன்னை பிடிக்காது...,angry,ta
ஏன் இவர்களை சொந்த ஊரை விட்டு துரத்துவது நல்லது... அடுத்த முறை எம்.எல்.ஏ.க்களும் செல்வார்கள்...,angry,ta
இந்தியாவில் தங்கி கடுமையாக உழைக்கிறார்கள்.. நேரத்தில் நசுக்கப்பட வேண்டும்.. அது இல்லாமல் அவர்களுக்கு முன்னேற்றம் இல்லை.,angry,ta
பதிலளிப்பவர்களின் எண்ணிக்கை நாளுக்கு நாள் அதிகரித்து வருகிறது,neutral,ta
வேட்புமனு தாக்கல் செய்யாத கலாச்சாரம் மற்றும் வேட்புமனுவை திரும்பப் பெறுவதில் தாமதம்.,angry,ta
உங்களைப் போன்ற பியூனிடமிருந்து இதுபோன்ற அறிவுரைகளை எடுக்கக்கூடாது.,angry,ta
எல்லா இடங்களிலும் இலவச ஆலோசனை?,angry,ta
"நீங்கள் பேசக்கூடியவரா, கேத்தி?",angry,ta
"நீங்கள் மூவரும், அமர் அக்பர் ஆண்டனி, மாவட்டத்தில் வேறு யார் இருக்கிறார்கள்?",neutral,ta
உணவின் பெயர் ஏன் இனிமையாக இல்லை?,angry,ta
ஏன் நம்மிடம் முதல்வர் பொம்மை இல்லை?,angry,ta
"இதுவரை, சீனா எவ்வளவு 'ஊடுருவியது' ஐயா?",angry,ta
முதலில் நாராயண் ரானே மற்றும் அவரது தவளைகளிடம் சொல்லுங்கள்,angry,ta
சரத் பவார் சிவன் வீரர்களை நாய்கள் என்று அழைத்தார்,angry,ta
இதெல்லாம் உண்மைதான் ஆனால் துரோகி கொலைகாரர்களின் அடையாளத்தை எப்படி துடைப்பது?,angry,ta
"ஆம், நீங்கள் மக்களை வசதியாக வாழ அனுமதிப்பதால், பணவீக்கம் தோன்றாது.",angry,ta
புலிகளைப் பற்றி பேசும்போது கூட பலர் தவறாக நினைக்கிறார்கள்,angry,ta
"இந்த ட்வீட்டை இப்போது நீக்கவும், இது உங்களுடையது",angry,ta
வீட்டில் தன் குடும்பத்தாரிடம் இப்படிக் கேவலமான வார்த்தைகளைப் பேசுவது வழக்கம்,angry,ta
ராமாயணத்தை ஒரு முறை படிக்க வேண்டும் ஐயா.... தவறாக ராமாயணம் படிக்கிறீர்கள்!,angry,ta
எவ்வளவு ஊழல் நடக்கிறது?,angry,ta
"அணி, அவர்களின் தேர்வு, அவர்களுக்கு ஏன் மசாலா தேவை?",angry,ta
அது நீதிமன்றத்துக்குத் தெரியாதா? அறிவை பகிர்ந்து கொள்ள வேண்டுமா??,angry,ta
நாட்டில் வேலையில்லா திண்டாட்டம் இல்லை என்பது உண்மைதான் ஆனால் ஏழைகள் அதிகரித்திருக்கிறார்கள்.,angry,ta
என்ன ஒரு அற்ப அணுகுமுறை மற்றும் அழுக்கு பாஜக தட்டு.,angry,ta
உங்கள் முதலாளி ஏன் நான்கு பேரை அமைச்சரவையில் சேர்த்தார்?,angry,ta
மேலும் சொல்லுங்கள் நீங்கள் எந்த விளக்கை ஏற்றுகிறீர்கள்?,angry,ta
"இந்த என்ஜின்கள் பாதையில் வரவில்லை, மேலும் அவை நம்பிக்கையை இழக்கின்றன.",angry,ta
ரமேஷ் வாலுங்கே காலத்தில் இந்தக் குழந்தை இப்படி இல்லை,angry,ta
நீங்கள் மிகவும் முட்டாள்,angry,ta
அத்தகைய நபரின் நடத்தை குரைக்கும் நாயை விட குறைவான மதிப்புடையது.,angry,ta
நரேந்திர மோடிக்காக மக்களை நிம்மதியாக தூங்க வைத்தவர்.,angry,ta
விரைவில் ஒரு பெரிய நிலநடுக்கம் வருவதற்கு தயாராகுங்கள்,fear,ta
"தோல்விக்குப் பிறகு, எதுவும் மிச்சம் இல்லாததால் யாரும் பொறுப்பேற்க முன்வரவில்லை.",sad,ta
இப்படிப்பட்டவர்களின் கருத்தைக் கேட்பதன் மூலம் பாஜகவின் பலம் அதிகரிக்கும். இந்த பொது அறிவு எப்போது வரும்?,angry,ta
"அரசு பலவீனமாக இருப்பதாகவும், சம்பவங்கள் தொடர்ந்து நடப்பதாகவும் தெரிகிறது.",angry,ta
"திரு.பட்கல்கர் துரோகிகளைப் பற்றிப் பேசும்போது, ஏன் பாஜகவில் சேர வேண்டும்? துரோகிகளுடன் என்ன உறவு?",angry,ta
"நீங்கள் தாயின் காவலரா? பயணம் செய்ய மறுப்பவர்கள், நீங்கள் சென்று பயணம் செய்ய விரும்புகிறேன்.",angry,ta
"இருப்பினும், தாக்கரேவின் ட்வீட்டால் பாதிக்கப்பட்ட ரசிகர்கள் விமர்சிக்கப்பட வேண்டும்",angry,ta
களத்தில் போடாதே...வாக்கைப் பெறு! உங்களுக்கு தைரியம் இருக்கிறதா?,angry,ta
"தானியக் கூட்டம் இன்னும் அதே மாதிரி நடந்து கொள்கிறது, அதே குறைந்த ""வெட்டுக்கிளி"" இன்னும் நடந்து கொண்டிருக்கிறது.",angry,ta
அரிசி விவசாயி பைத்தியம் பிடித்தான்,angry,ta
மகாராஷ்டிராவை ஆக்கிரமிக்கப் போகிறார்கள்,neutral,ta
வேறு யாராவது சாப்பிட்டால் நாம் சாப்பிட வேண்டுமா?,angry,ta
எனக்கு சேவாகிராமம் வேண்டும்,neutral,ta
எல்லா பெட்டிகளும் நன்றாக இருக்கிறதா?,neutral,ta
குஜராத்தைப் போலவே புனேவின் வளர்ச்சியும் மந்தமடைந்துள்ளது.,angry,ta
"ஒரு தேசபக்தனும், துரோகியும் ஒரே அறையில் வாழ்ந்தால்",neutral,ta
"ஏளனம் செய்வதற்கு முன் யாரும் யோசிப்பதில்லை, வேலையில்லாதவர்களின் நிலையைப் பற்றி கேட்பதில்லை.",angry,ta
மனிதன் தன் நலனுக்காக பிறர் வீட்டைப் பற்றி பேசும் விலங்கு.,angry,ta
இந்த பொது அறிவை எடுத்துக் கொள்ளுங்கள்,angry,ta
"இது விரைவாக அகற்றப்பட வேண்டும், அது மிகவும் அழுக்கு.",angry,ta
"ஹா ஹா ஹா எம்.என்.எஸ்., உங்கள் அவமானங்களின் மதிப்பை பாருங்கள்.",angry,ta
கேடய வாள்வீரர்கள் முன்னால் இருந்து போராடுகிறார்கள். சூரத்தில் இருந்து கவுகாத்திக்கு இரவு இருளில் செல்ல வேண்டாம்..!,angry,ta
"ஷிந்தரின் பேராசை கொண்ட, ஆனால் அதிகார வெறி கொண்ட கண்களைப் பார்ப்பது படத்தைத் தெளிவாக்குகிறது.",angry,ta
ராகேஷ் ராமுக்கு பதிலாக அவினாஷ் நடராஜன் அல்லது பாலாசாகேப் யாதவை ஏன் நடிக்க வைக்கக்கூடாது?,angry,ta
தானாஜி சாவந்த் மராட்டியரா? பாஜக ஏன் கேட்கிறது?,angry,ta
பா.ஜ.க தானே இந்த கடிதத்தை நம் சார்பாக அனுப்பியிருக்கிறது... இது மகாராஷ்டிரா முழுக்க தெரியும்.,angry,ta
இந்த நேரத்தில் விஸ்வகுரு மற்றும் பேகு பாபாவின் தலைமையில் அனைவரும் வீட்டிலேயே இருக்குமாறு கேட்டுக் கொள்ளப்பட்டனர்.,angry,ta
எனக்கு மிகவும் அரிப்பு.,angry,ta
மோடி தினம்... இந்த நாட்கள் மக்கள் முன் கொண்டு வரப்பட்டுள்ளன.,angry,ta
மானங்கெட்டவர்களாக... துரோகிகளாக வரலாற்றில் இடம்பிடிப்பீர்கள்.,angry,ta
மாநிலத்தில் லட்சக்கணக்கான இளைஞர்களின் வேலைவாய்ப்பு ஏழை உழைக்கும் மக்களின் வாயிலிருந்து பறிக்கப்படுமா...???,angry,ta
"ஒரு பக்தனும், ஃபக்கீரும் ஒன்றுதான், ஆனால் மாறாதவர்கள்.",angry,ta
ராவ் தாரியை நினைத்து சிரித்தான்.,angry,ta
வராதே அப்பா இன்னும் சில பத்திரிக்கையாளர்கள் வளர்வார்கள்.,angry,ta
ஆகஸ்ட் மாதத்தில் கொங்கன் மற்றும் மத்திய மகாராஷ்டிராவில் கனமழை பெய்யும் என எச்சரிக்கை.,neutral,ta
பேரனுடன் முதல்வர் தூசி தட்டினார்.,happy,ta
அந்த ஜோதியும் துரோகிகளைத் தாக்குவதற்காகத்தான்.,angry,ta
வழியில்லை,neutral,ta
கடவுள் உண்மையாளர்களுடன் இருக்கிறார்............அதனால் நீங்கள் எவ்வளவு உண்மை என்பதை மக்கள் அறிவார்கள்.,happy,ta
இந்த ட்வீட்டின் கீழ் பாஜகவினர் ஏன் அழுகிறார்கள்?,angry,ta
"மகாராஷ்டிர வீரர்கள் சோகத்தின் மலைகளை எதிர்கொண்டனர், பயிற்சியாளர் போட்டிக்கு முன்பே இறந்தார், ஆனாலும் அவர்கள் சண்டையிட்டு...",sad,ta
உங்கள் பாசியை அகற்றாமல் சிவ சைனியர்கள் வாழ மாட்டார்கள்...,angry,ta
திருமணம் செய்யாமல் மாண்ட்வாவிலிருந்து அழைத்துச் செல்லப்பட்ட மணமகன்,happy,ta
அப்படியென்றால் மும்பை குஜராத் குவஹாத்திக்குப் போனதா?,neutral,ta
உங்கள் தாயின் அடமானத்தில் ஆர்.எஸ்.எஸ்.,angry,ta
"எவ்வளவு தகுதி இருந்தும், எவ்வளவு பேசினாலும் இந்த முறை கவுன்சிலர் கூட ஆக மாட்டார்.",angry,ta
*ரஹிலா மேன் இல்லை* (ஸ்ரீ பாலா சாஹேப் தாக்கரே) *ரஹிலா தனுஷ்யா இல்லை*,sad,ta
நீங்கள் தொழிற்சங்க எதிர்ப்பு நிலேஷ் ராணாவின் ஆதரவாளர்.,angry,ta
ஆனால் எந்தப் பணத்துக்கும் மேல் ஒரு பைசா கூட கிடைக்காது,angry,ta
"எல்லாம் போலி என்றால் முதல்வர் எங்கே, தலையை ஆட்ட வேண்டிய அவசியம் என்ன.",angry,ta
"நீங்கள் மிகவும் புத்திசாலியாக இருக்க வேண்டியதில்லை, மூங்கிலைப் படியுங்கள், அப்போதுதான் புரியும்",angry,ta
இந்த குறைந்த காற்றழுத்த தாழ்வு பகுதி பாரிசில் கூட மழை பெய்கிறது!!,happy,ta
இந்த வேடிக்கை விலை உயர்ந்தது..,angry,ta
இன்றைய சமுதாயத்தில் ஜெய் பீம் சாதியை உழைக்கும் வர்க்க கலைஞர்கள் சுயநலத்திற்காக ஜெய் பீம் என்று சொல்வது வெட்கக்கேடானது.,angry,ta
மோசமான சாலைகளால் ஏற்படும் கடுமையான விபத்துக்களுக்கு பொறுப்பு; அமைச்சர் நிதின் கட்கரி பற்றிய தகவல்,neutral,ta
நேற்றுவரை அவரைக் கடவுளாக நினைத்தீர்கள். இது உங்கள் பிச்சைக்கார மனப்பான்மை,angry,ta
இந்த நிழல் தந்தை கோவில் முன் பூ மாலைகளை விற்று வந்தார். நான் அதை மறந்துவிட்டேன்,angry,ta
சாத்தியமாகத் தெரியவில்லை.,neutral,ta
...வெள்ளையின் வார்த்தைகள் அவனைக் கோபப்படுத்தியது.,angry,ta
புஸ்கான் ஆனது,angry,ta
உங்களிடம் தலை அல்லது அடமானம் உள்ளதா?,angry,ta
ஷிண்டேவுக்கு அரசு மீது நம்பிக்கை இல்லை என்றால்,neutral,ta
"யாராவது உங்கள் கையைப் பிடித்தால், உங்கள் காதைத் தொடாதே என்பது பழமொழி.",angry,ta
பார்வையற்ற பக்தர்கள் கை கழுவிய பின் என்ன செய்கிறார்கள்...,angry,ta
இந்த நாட்களில் மக்கள் எவ்வளவு தாழ்த்தப்பட்டவர்கள் என்பதைப் பற்றி பேசுங்கள்,angry,ta
"மும்பையில் ஹுஜ்ரகிரி சேனா பல ஆண்டுகளாக ஆட்சியில் உள்ளது, இந்த அயோத்தி தூங்குகிறதா?",angry,ta
வேகத்தைக் குறைக்குமாறு அறிவுறுத்தினர்.,angry,ta
மகாராஷ்டிராவில் கல்வியின் முக்கியத்துவத்தைப் புரிந்துகொள்ளாதவர்கள் இருப்பது வருத்தமளிக்கிறது.,sad,ta
மகாராஷ்டிராவில் சட்டவிரோதமாக குடியேறியவர்கள் அதிகம் என்பது உண்மைதான். இது தொடர்பாக அரசு கடுமையான நடவடிக்கை எடுக்க வேண்டும்,neutral,ta
நல்ல வேலை செய்தாலும் எம்.என்.எஸ்ஸை விமர்சிக்கிறார்.. ஸ்லோ கேக் பிரியர்கள்,angry,ta
?? மகாராஷ்டிராவிற்கு அதன் பங்களிப்பு என்ன????,neutral,ta
"""தாப்பா"" என்ற குடும்பப்பெயர் கொண்டவர்கள் ""விசுவாசமுள்ளவர்களாக"" இருக்க வேண்டுமா?",angry,ta
நடுவில் இருந்து விரைந்த ஐயாவை குறை கூறுவது சரியல்ல.,angry,ta
இது மராத்தி மொழியில் ஒரு வெறுப்புக் குழு,angry,ta
இந்த நம்பிக்கையான நடத்தை அழுக்கு அரசியல் என்று அழைக்கப்படுகிறது...அதைத்தான் அரசியலால் செய்ய முடியும்.,angry,ta
பாலா சாஹேப் உத்தவை இன்னொரு முகத்துடன் நிர்வகியுங்கள் என்று சொல்லிவிட்டு நாட்டைக் காட்டிக் கொடுப்பீர்களா?,angry,ta
புகழைப் பெற நினைக்கும் ஒரு பைத்தியக்கார சமூகம்...,angry,ta
அவர் நாக்பூரில் இருந்து தேர்ந்தெடுக்கப்பட வேண்டும். கடந்த சில நாட்களாக சண்டை சச்சரவுகள் மட்டுமே நடந்தன.,angry,ta
"இப்போது பைக்கால் காய்கறி சந்தையில் லுட்கா டோபோரி, ஹஃப்தகோர் நமக்குக் கற்றுக்கொடுக்கிறார்",angry,ta
"நாளை எதுவும் நடக்காது, ஏபிசி திரும்பும்",neutral,ta
லோட்கே உயர்நீதிமன்றம் சென்ற போது உங்களுக்கு மகாராஷ்டிர அரசியல் கலாச்சாரம் தெரியாதா?,neutral,ta
"சுற்றுப்பயணம் ரத்து செய்யப்பட்டுள்ளது, இன்று செல்ல முடியாது",neutral,ta
இதனால் கோந்த்வா மக்கள் குழப்பமடைந்துள்ளனர். மற்றும் ராஜு பெயிண்டரின் சிவில் சேவக் ஜோதி,angry,ta
பத்ரா சாலியின் ஏழை மராத்தியர்கள் வீடற்றவர்களாக இருப்பதில் வெட்கப்படவில்லை!!,angry,ta
சிவராய் பூமியில் சுயேட்சை கட்சிகளுக்கு துரோகம் செய்ய முடியுமா?,angry,ta
வேத மகாராஷ்டிராவில் கம்யூனிசத்தின் அடித்தளம் என்ன?,neutral,ta
பிஜேபிக்கு வாக்களிப்பது நாட்டை விற்றவருக்கு வாக்களிப்பது போன்றது!,angry,ta
துஷார் போஸ்லே ஒரு வீண் மனிதர்,angry,ta
"அதுவரை, 'ஆனால் ஏன் துரோகிகளுடன் இருந்தாய்?",angry,ta
சரி கடவுளே..எப்படி எரிந்தது..,angry,ta
எரிந்ததா? தந்தையும் டெல்லியில் தகனம் செய்திருக்கலாம்.,angry,ta
சர்ச்சைக்குரிய லேகா விவகாரத்தில் திர்கித் தஹியா அமைதியாக இருந்திருக்கலாம். விரைவில் நைத்தார் நடனமாட வந்தார்.,angry,ta
இந்த செல் தான் உடலின் துடிப்பு.,angry,ta
இதுவும் உங்களைப் போலவே மிகவும் முட்டாள்தனமான சிறுபிள்ளைத்தனமான வாதம்,angry,ta
நீங்கள் கேள்வி கேட்க மிகவும் முட்டாள்,angry,ta
அது நடக்கும் ஆனால் சிவசேனா வெற்றி பெறாது.,neutral,ta
"ரானே, பதல்கர், ராணா, வாக் போன்றவர்கள் மட்டும் தான் கொடுமைப்படுத்தப்பட்டு, தரம் தாழ்ந்த ட்ரோலிங்கிற்கு ஆளாகின்றனர்...",angry,ta
இந்தியா மட்டுமின்றி பல நாடுகள் துரோகிகளாக பதிவு செய்யப்பட்டுள்ளன.,angry,ta
"குழந்தை, மூன்று இடுப்புகளுடன் ஆண்களின் படங்களை எடுப்போம்",angry,ta
லோட்கே நியமனம் மற்றும் ராஜினாமா அச்சுறுத்தலுக்கு உள்ளானார்.,angry,ta
"துரோகி... இது இழிவானது.. உலகில் துரோகி, இழிவான...",angry,ta
உத்தவ் தாக்கரே பற்றி பேச உங்களுக்கு தகுதி இல்லை...,angry,ta
அப்படி பேச உங்களுக்கு உரிமை இல்லை,angry,ta
நீயும் வலையில் விழ. சுயமரியாதையை விற்பவர்களிடம் இருந்து நாம் பாடம் கற்கவில்லை,angry,ta
"இது உலகின் பயங்கரமான சாலை, நகரும் கார்கள் மறைந்துவிடும்! ரகசியம் தெரியும்",fear,ta
கணவர் வாங்கிய லஞ்சப் பணத்தை கொடுங்கள்.. ஏன் மக்களிடம் பிச்சை எடுக்க அமர்ந்திருக்கிறீர்கள்?,angry,ta
"பார்வையற்ற பக்தர்களுக்கு கிளர்ச்சியாளர் சந்திப்பு தேதிகளில் கூட்டமாக நிதியளிக்கும் வேலையும், கூலிப்படைக்கு பணம் கொடுப்பதும் வேலை கிடைத்தது.",angry,ta
லஸ்ஸி பிரியர்களுக்கு பஞ்சமில்லை,angry,ta
ஆட்சியில் நீடிக்க பெரிய நியமனங்கள் சாத்தியமில்லை... எல்லா இடங்களும் தேர்தலுக்கு முன் நிரப்பப்படும்.,neutral,ta
"அவரது முகத்தைப் பார்த்ததும் ரௌத்தியாவை சிறையில் இருந்து விடுவிக்கவில்லை, யாருக்கு லாபம்?",neutral,ta
இது எதிர்மறையானது,neutral,ta
மராத்தியை மராத்தியாக்கி மராத்தி குழிக்குள் தள்ளினார்கள்.,sad,ta
"வேலையில்லாத் திண்டாட்டம், பணவீக்கம், ஊழலைக் கொண்டாடுங்கள்...",angry,ta
"அவற்றில் ஒன்று, இன்றைய காலத்தில் மக்கள் பிரபலமடைவதற்காக தங்கள் வாழ்க்கையை அர்ப்பணிக்கிறார்கள்.",angry,ta
பிச்சை எடுக்கும் நேரமா?,angry,ta
அடுத்த தேர்தலில் தோல்வியின் தாக்கத்தை தவிர்க்க பாதுகாப்பான ஆட்டத்தை ஆடுவோமோ என்ற அச்சம்...,fear,ta
சங்கி யார் என்று பாருங்கள்?,angry,ta
"வாயை மூடு அப்பா, உனக்கு பொய் சொல்லத் தெரியும்",angry,ta
"அண்ணன் என்றால் என்ன, போஸ்லே?",angry,ta
ரகோபா வெறுப்படைந்தார்... ஆனால் அவர் ஏன் வரலாற்றை உடைத்தார்?,angry,ta
எனவே சோதனையாளர்கள் முட்டாள்களா?,angry,ta
"நீங்க... ஏன் போறீங்கன்னு பாரு, இல்லன்னா கேவலம்.",angry,ta
ஆனால் ஃபட்னாவிஸால் மட்டுமே அப்படிப்பட்டவர்களை எதிர்கொள்ள முடியும்,angry,ta
"பா.ஜ., ஆட்சியில் இல்லாவிட்டாலும், மும்பையில் எவ்வளவு மழை பெய்யும் என்பதை, மாநகராட்சி தான் முடிவு செய்யும்.",angry,ta
"NCP ஒரு ஊழல் மற்றும் ஊழல் கட்சி, அது இன்னும் ஊழல் மற்றும் ஊழல் கட்சி.",angry,ta
அமைச்சரவையை விரிவாக்கம் செய்யாதது வருத்தமா?,neutral,ta
"இரண்டாவது தீபாவளி வந்துவிட்டது, இப்போது நிறைய பணத்திற்கு வேலை செய்யுங்கள் (குறிப்புக்காக)",neutral,ta
அஸ்தியில் விவசாயிகள் போராட்டம்; கனமழை சேதம் குறித்து அவதானிப்பு!,neutral,ta
முழுக் குழுவையும் தளத்திற்கு அருகில் வைக்க வேண்டாம் என்று வழிகாட்டியிடம் கூறப்பட்டது.,neutral,ta
"சங்கோதி ஏன் குதிக்கும், ராகுல் காந்தியின் பாரத் ஜோரு ஜாதரா ஏற்கனவே சங்கோதியில் பிளவுகளை உருவாக்கியது...",angry,ta
"சகோதரி பிக்யா, நீங்கள் ஒரு லுலி இன்ஜினியரா?",angry,ta
ஏன் வேறு யாரும் பரிந்துரைக்கப்படவில்லை..? கணவனை விட கட்சி ஏன் முக்கியம்...?,angry,ta
தன் ஊழல் கணவர் சபிசித்ரா தாயை ED CBE யில் இருந்து மீட்டதற்கு நன்றி.. சரியான நேரத்தில் சம்பளம் கிடைக்கிறதா..??,angry,ta
இந்த வாக்கு அரசியல் சாசனத்திற்கு எதிரானது... இந்த வாக்கு சட்டத்தின் கீழ் சட்டவிரோதமானது...,neutral,ta
அதனால்தான் சபையில் கூட்டம் அலைமோதினாலும் வாக்குப்பதிவு இல்லை.,neutral,ta
"வர்த்தகர்கள், தொழில்முனைவோர் மற்றும் தொழில் வல்லுநர்கள் ஜாக்கிரதை! இது ஒரு தீவிர எச்சரிக்கை ஜிஎஸ்டி பிரிவு",fear,ta
'சுயாட்சி' என்ற சொல் இப்போது கேலிக்குரியதாகிவிட்டது.,sad,ta
நீங்கள் ரசிகரா? இப்போது ட்வீட் செய்து தவறு செய்துவிட்டேன்,angry,ta
ஜெய் ஷாவின் பேச்சு பாகிஸ்தானை கோபப்படுத்தியது இந்தியா...,angry,ta
உங்களை ஏன் இங்கே நிரூபிக்க வேண்டும்?,angry,ta
"இறுதியாக, அனைவரும் ஊழல்வாதிகள் என கண்டறியப்பட்டது",angry,ta
"எனக்கு சத்தம் வேண்டும், நான் இப்போது மூன்று மனைவிகளுடன் இருக்கிறேன்",angry,ta
ராவ் சேனலுக்கு டயர்களை கொன்றார்...சேனலுக்கு கூட மதிப்பில்லை,angry,ta
ஆக்ரோஷமான முகம் கொண்ட ஜனாதிபதியை காங்கிரஸ் விரும்புகிறது.,neutral,ta
"அண்ணே, முதல் வேட்பாளரை கொடுக்க வேண்டிய அவசியமில்லை, ஏன் நாடகம் செய்கிறாய்.",angry,ta
"அனாஜிபந்திடம் இருந்து விருது பெற்றேன், இப்போது சர் கலங்கிவிட்டார், சுற்றி உட்கார்ந்து வறுத்த மட்டன் சாப்பிட வேண்டாம்",angry,ta
அவர்கள் சலித்துவிட்டதால் புதிய சின்னங்களைத் தேடுகிறார்கள்,neutral,ta
"பலாத்கார குற்றவாளிகளை விடுவிப்போம், அவர்களை மதிப்போம்..--பா.ஜ.க",angry,ta
இந்தியாவிற்கு உண்மையான அச்சுறுத்தல் இனவெறி ஒரு குற்றமல்ல என்று சொல்பவர்களிடமிருந்து வருகிறது.,fear,ta
பீஹாரி பல்கலைக்கழகத்தின் பெயரில் மட்டும் பேராசிரியர் டாக்டர்,angry,ta
படையா? ....திரும்பிப் போனால் திரும்பிப் போகாதே... என்று திரும்பிப் போனான்,neutral,ta
மூன்றரை பேர் எப்போதாவது மாவட்டத்தை விட்டு வெளியேறினார்களா?,neutral,ta
தோல்வி நிச்சயம்,sad,ta
இப்போது இலவசமாகக் கேளுங்கள். இப்போது நேசாவை விட்டு வெளியேறியதில் திருப்தியா?,angry,ta
"அவர்கள் கேட்கவில்லை, அவர்கள் பாலா சாஹேப்பின் எண்ணங்களை எங்களிடம் கூறுகிறார்கள்…",angry,ta
மக்கள் கருத்து தற்போது ஆளும் கட்சிக்கு பின்னால் செல்கிறது,angry,ta
அம்மாவின் பெயர் அரசியலுக்கு வருமா?,angry,ta
இந்த கறுப்பு நண்டுகள் கடித்து வாழ்பவை,angry,ta
மாவோயிஸ்ட் தலைவர்களும் தொழிலாளர்களும் நசுக்கப்பட்டனர்,angry,ta
"நாட்டின் இளைஞர்கள் வேலையில்லா திண்டாட்டத்தில் தவித்தாலும், மோடி அரசு முற்றிலும் மவுனமாக உள்ளது.",sad,ta
"சிவசேனா இந்து இதயத்தின் ராஜா பாலா சாகேப், நீங்கள் பாலா சாகேப் கோகே மட்டுமே",angry,ta
சர் ஐ பாலிஷ் ஏரிக்கு உங்கள் கடிதத்திற்கு முன் அவர்கள் தேர்தலில் ஐக்கியமானார்கள்.,angry,ta
"தடி, கட்டையால் ஏமாற்றப்பட்ட பெண்ணுக்கு நேர்ந்த கதி....",angry,ta
எனக்கு நன்றாகத் தெரியாது,neutral,ta
இந்த பணப்பை எனது ட்வீட் மூலம் சென்றது,angry,ta
"நீங்கள் எப்பொழுதும் வானத்தைப் பார்த்துக் கொண்டிருப்பதால், மிதப்பது போல் உணர்கிறீர்கள்",angry,ta
இந்த பையன் நேர்மையற்றவன்... கிழிந்தான்,angry,ta
"நீங்கள் கவனமாக இருந்தால், உங்கள் எதிரியை சுடலாம்",angry,ta
உண்மைதான்...வரலாற்றைப் பாருங்கள்...என்ன...எவ்வளவு வக்கிரம்...எப்போது அதிகாரம் கிடைத்தது...,angry,ta
இது முட்டாள்களின் அரசு..இவர்களை எருமை மாடுகளுக்கு திருப்பி அனுப்ப வேண்டும்.,angry,ta
"உனது கோபத்தை அம்பிலிருந்து ஜோதியாக மாற்றி, உன் தோல்வி ராகுலை.",angry,ta
வேலையின்மை எவ்வளவு என்று எங்களிடம் கேட்காதீர்கள். நான் நோய்வாய்ப்பட்ட போதும் புத்தகங்கள் படிப்பேன்.,fear,ta
"மேலும், சாவித்திரி முகத்தை வைத்து பேசுகிறார்.",angry,ta
பாலாசாகேப்பின் சிவசேனாவை தோற்கடிக்க விரும்புகிறோம் என்பதை அனைவரும் நினைவில் கொள்ள வேண்டும்.,angry,ta
இது விபரீதமானது மற்றும் அப்பாவி ரசிகர்கள் அதை விரும்புகிறார்கள்,angry,ta
சதை மற்றும் இரத்த தியாகம் கற்பனைக்கு அப்பாற்பட்டது,sad,ta
உத்தரபிரதேசத்திற்கு அவமானம்,sad,ta
அப்படி என்ன விளையாட உள்ளே வந்தாய்?,angry,ta
"தாப்பா போய்விட்டார் என்று சொல்வதற்குப் பதிலாக, அப்பா அப்படித்தான் என்று சொல்லுங்கள்.",angry,ta
"அதாவது, என்ன ஒரு அவநம்பிக்கையான சுய முக்கியத்துவத்தை உயர்த்துவதற்கான முயற்சி…",angry,ta
"சரி, உங்கள் மகிளா மோர்ச்சா வேண்டுமென்றே அங்கு சமூக நலத் திட்டங்களைச் செய்கிறது",angry,ta
"ஓக்ரா, இந்த மக்கள் உலகம் முழுவதும் பயணம் செய்கிறார்கள் என்று நான் நினைக்கிறேன்…",angry,ta
தேசவிரோத சக்திகள் இப்போது பா.ஜ.க.வுக்கு கேடயம் போல் முதுகு காட்டிவிட்டனர்.,angry,ta
இவை பனை இதழ்கள்!! எதுவும் நடக்காது.,angry,ta
இப்போது நீங்களும் நிறுத்துவீர்கள்,angry,ta
"அக்கல் கோன் பாய், நீங்கள் மன்மோகன் சிங்கைப் பற்றி பேசினீர்கள் ஆனால் அது மதிப்பற்றது.",angry,ta
மோடிக்கும் ஷாவுக்கும் முன் நம் நிலை என்ன?,angry,ta
"ஐயா, ஏன் மக்களைக் காட்டி முட்டாளாக்குகிறீர்கள், கடைசியில் அவருக்கு உள்ளுணர்வு குறைவாக இருப்பதால் இப்படிச் சொன்னார்.",angry,ta
இது கிளர்ச்சியாளர்களைக் கொல்வதில் சுழல்கிறதா?,angry,ta
திருவிழா எப்படி வந்தது?,sad,ta
சமூக வலைதளங்களில் புதிதாக வரும் ஒவ்வொருவரின் இலக்கும் சிவ் சிவ் சிவ் சிவ் சிவ்...!,angry,ta
ஏற்கனவே மூன்று ஊடகவியலாளர்கள் மீது சந்தேகம் வெளியிடப்பட்டுள்ளது.,fear,ta
புனே போன்ற உலக முக்கியத்துவம் வாய்ந்த நகரத்தில் இப்படி ஒரு சித்தரிப்பு நடப்பது மிகவும் வருத்தமளிக்கிறது.,sad,ta
இது போலியான காணொளியா அல்லது போலி பரிசா?,angry,ta
"""அவரால் சிவசேனா முடிவுக்கு வரவில்லை என்றால், அவர் அடக்கம் செய்யப்பட்ட பிறகு சிவசேனா முன்னேறியது.""",happy,ta
இது அருவருப்பானது,happy,ta
இவ்வளவு நேரம் தூங்கினீர்களா? # விளையாட்டுத் திட்டம் தோல்வியடைந்ததால் இது எல்லாம் நாடகம்.,angry,ta
"விநோதமாக, இப்படிப்பட்ட பயணம் காங்கிரசை காப்பாற்ற உதவாது, உண்மைதான்!",neutral,ta
இப்போது நீங்கள் தாக்கரேவை பாலா சாகேப் முன் நிற்க முடியாது.,angry,ta
நீங்கள் நிஜமாகவே... அதை மீண்டும் மீண்டும் நிரூபித்துக் கொண்டிருக்கிறீர்கள்.,happy,ta
மகாராஷ்டிரா வறட்சியை சந்தித்து வரும் நிலையில் நகர மக்களுக்கு எனது தாழ்மையான வேண்டுகோள்.,neutral,ta
இன்று கோபால் பாய் கும்மாரியை பாஜக கைது செய்கிறது.,neutral,ta
ஊழல் என்பது ஒட்டுமொத்த அமைப்பின் பூச்சி என்று துணை முதல்வர் தேவேந்திர ஃபட்னாவிஸ் கூறினார்.,angry,ta
பிரதி அமைச்சருக்கு ஒன்றுமில்லை,neutral,ta
துரோகிகள் துரோகிகள் என்பதை மீண்டும் மீண்டும் நினைவுபடுத்த வேண்டும்.,angry,ta
"அதாவது நாட்டில் வறுமை பெருகவில்லை, வருமானம் ஏராளமாக அதிகரித்து வருகிறது.",angry,ta
"அதனால் ஆசாராம், நாராயண் சாய், ராம் ரஹீம் சிங் சிறை...",angry,ta
வீட்டில் குறைந்தபட்சம் ஒரு தைரியமான நபராவது தேவை.,angry,ta
பாஜக ஆட்சியில் பணவீக்கம் நாளுக்கு நாள் அதிகரித்து வருவதுடன் சாமானியர்களின் வாழ்க்கையும் கடினமாகி வருகிறது.,sad,ta
ஸ்ரீகண்டம் அவருடையதா அல்லது திருடப்பட்டதா? துரோகியால்,angry,ta
"அவர் லிப்ரண்டுவின் மனித வாழ்க்கை, இருட்டடிப்புக்குச் சென்றார்",angry,ta
இந்த முறை தாக்கரேவை பழிவாங்குவது!,angry,ta
இந்த வீடியோ ஆதாரம்... பார்வையற்ற ரசிகர்கள் அவரவர் உலகத்தில் வாழ்கிறார்கள்.,angry,ta
"புனே பரபரப்பானது.. புனேவில் போட்டித் தேர்வுகளுக்குத் தயாராகிக் கொண்டிருந்தான், திடீரென்று..",happy,ta
லதாட்லோ என்றால் இப்போது அலுவலகத்தில் உடுடோ என்று அர்த்தம்.,angry,ta
"ஐயா, ஏன் நம்ம அரசாங்கம் இருந்த போது இந்த விஷயத்தை சொன்னீங்கன்னா இன்னும் வேகமா நடந்திருக்கும்.",angry,ta
இப்போது இந்த சதரஞ்சயன் மக்களுக்கு ஞானம் கற்பிப்பாரா?,angry,ta
அப்படியென்றால் தோக்லா குஜராத்திற்கு சென்று அடிமையாக விற்கப்பட்டதா?,angry,ta
கிராம பஞ்சாயத்து தேர்தலில் பத்மா சின்னத்தில் போட்டியிட்டு முதிர்ச்சியற்ற அரசியல் செய்ததாக கூறினார்.,angry,ta
சட்டசபை தேர்தலின் போது முதன்முறையாக இவரது வீட்டில் தீ விபத்து ஏற்பட்டது.,angry,ta
பல்லா பல்லா லா நஹி மிலா மற்றும் யே ஹை அனென் ஆம்,angry,ta
மெதுவான படைகள் பயனற்றவை. கமலியை பிம்ப் செய்வதுதான் அவன் வேலை,angry,ta
இவர்கள் ஏற்கனவே மாசுவை பரப்பிவிட்டனர்...,angry,ta
ஏன் சொந்த கட்சியை வளர்க்க வேண்டும்? தீதிக்கு மட்டும் படம் இல்லையா?,angry,ta
உண்மை எப்போதும் வெறுப்பால் மறைக்கப்படுகிறது.,neutral,ta
அவர்கள் சில சமயங்களில் போலிகளை பதிவிடவும் வாய்ப்புள்ளது,neutral,ta
இதற்குப் பின்னால் ஏதோ சதி இருக்கிறது என்பதை நினைவில் கொள்ளுங்கள்... ஃபட்னாவிஸ் அவ்வளவு எளிதில் பின்வாங்க மாட்டார்.,fear,ta
கைதட்ட வந்தவளிடம் இருந்து ஹி ஹி,angry,ta
சிறுநீரக புழுக்கள் உண்மையில் இருக்கிறதா?,happy,ta
கொடி தொலைந்தாலும் அக்கர்மாசி நிற்காது.,angry,ta
ஆனால் அதன் பிறகு திருட்டு தொடங்கியது,angry,ta
ஆனால் அந்த அலுவலகத்தில் யாரும் வேலை பார்ப்பதில்லை,neutral,ta
பொதுக் கருத்துத் தலைவர்கள் மார்வாரிகள் என்பதால் மராத்தி வெறுக்கப்படுகிறது.,angry,ta
"ராதாசுதா, உன் மதம் எங்கே போனது?",angry,ta
முதலில் இந்த இடுகையை நகர்த்தி மராத்தி மொழியில் விழிப்புணர்வை ஏற்படுத்துங்கள்.,neutral,ta
. அரசாங்க ஆற்றலை மீட்பதில் மட்டும் கவனம் செலுத்துவது யாருடைய சக்தி?,angry,ta
"ED அரசாங்கம் பயந்து குஜராத்திற்காக வேலை செய்கிறது, மாநில மக்களுக்காக அல்ல என்று நானா படோல் கூறினார்.",angry,ta
இந்த மருத்துவர் கசையடிக்கு தகுதியானவர் என்று பத்திரிகை கூறுகிறது,angry,ta
நீதிபதிகள் சொன்னால் தேர்தல் ஆணையத்தின் நிலை என்ன?,angry,ta
பிறர் வீடுகளில் என்ன நடக்கிறது என்பதைப் பார்க்கும் பழக்கத்தைத் தவிர்க்கவும்,angry,ta
"சோமையாவின் முகம் சோறு போல் கழுவி, தன் சொந்தக் குடும்பத்தவரைப் போல் இருந்ததால், சரியாகப் பேச முடியாமல் இருந்தாள்.",angry,ta
உத்தவ் தாக்கரே மோசமான குணம் கொண்டவர்,angry,ta
அரசியல் உடல் எடையை குறைத்து எப்போதும் ட்விட்டரில் பாதிக்கப்பட்ட அட்டையை விளையாடும் பெண்,angry,ta
அன்று முதல் இந்தியாவில் ஜனநாயகம் என்பது ஒரு மாயையாகவே இருந்து வருகிறது.,sad,ta
பால்கரின் புனிதர்கள் குடிமக்களாக கருதப்படுவதில்லை.,angry,ta
பிரச்சனை இல்லை வேறு வழி இல்லை,angry,ta
இந்தக் கேள்விகளைக் கேட்கும்போது அப்பாவிகள் நம்மைப் புறக்கணிக்கின்றனர். இல்லை என்பதே பதில்.,angry,ta
இப்போது உத்தவ் தாக்கரேவின் சிவ சைனிக்ஸ் பாலா சாகேப்பின் சிவசேனாவை தோற்கடிக்க வேண்டும்... கடினம் என்றார்.,neutral,ta
உங்களைத் தேர்ந்தெடுப்பது மிகவும் பயமாக இல்லையா?,angry,ta
அவர் இப்போது அந்த கிராமத்தின் சர்பஞ்ச் கூட இல்லை,angry,ta
மற்ற மத விழாக்களுக்கு ஏன் முதலில் செல்ல வேண்டும்? மசூதிக்கு வரலாமா?,angry,ta
உண்மைதான் ஆனால் ஹான்சன் இதைப் பற்றி மிகவும் தவறாக நினைக்கிறார்... ஏனென்றால் இது அவருடைய முதல் கார்,sad,ta
உணவின் சதவீதம் நகராட்சியால் தீர்மானிக்கப்படுகிறது?,angry,ta
"ரவி கிஷன் கோடி மோசடி; ""அப்படிப்பட்ட"" உற்பத்தியாளரை அச்சுறுத்தியது, உண்மையில் என்ன நடந்தது?",neutral,ta
மெகபூபா முஃப்தி கேஷா ராவ் லோட்டாங்கன் அணிந்தபோது இந்து மதம் எங்கே போனது?,angry,ta
பதில் அவமானம்,angry,ta
மனிதர்கள் நல்லவர்கள் இல்லை... என்ன திட்டம்?,angry,ta
"போருக்குப் பிறகு, எல்லாம் தயாராக உள்ளது",neutral,ta
இந்த வார்த்தைகள் நீங்கள் ஒரு தரகர் என்பதைக் குறிக்கிறது,angry,ta
நான் இரவில் உன்னை விரும்பினேன்,angry,ta
"தற்போதைய கறைபடிந்த அரசியலைக் கருத்தில் கொண்டு, MNS என்பது மக்களுக்கு சாத்தியமான ஒரு விருப்பமாகும். இப்போது வெற்றி பெற போராடுங்கள்.",happy,ta
முதலில் பேச கற்றுக்கொள்ள நீங்கள் தகுதியானவரா?,angry,ta
உண்மையான வகுப்புவாத கட்சிகள் தேசியவாதிகள் என்பதை நாசிக்கில் உள்ள சான்ட்க்ளோஸ் ஹகன் புஜாபல் நிரூபிக்கிறாரா!?,angry,ta
இந்த நிலையில் அரசியல் நிபுணர்களா?,angry,ta
"ரிதுஜா ராஜினாமா செய்யாதபோது, ​​ராஜ் சாஹிப் எங்கே போனார்?",angry,ta
நீங்கள் ஒரு விருந்துக்குக் கட்டுப்பட்டதைப் போன்ற வாசனையைப் பெறுவீர்கள்,angry,ta
"நான் ஒரு விண்வெளி வீரன், பூமிக்கு வர பணம் வேண்டும், பெண்களால் கோடிகளை திரட்ட முடியும்...",neutral,ta
இது ரசிகர்களால் உருவாக்கப்படவில்லை,neutral,ta
பிரபலமானவை கூட விற்று உண்ணப்படுகின்றன,angry,ta
"நீங்கள் அப்படி ஒரு நிலைப்பாட்டை எடுக்கிறீர்கள் என்றால், நான் உங்களை சந்தேகிக்கிறேன் சகோதரரே",angry,ta
கீழே இறங்கினாலும் ஒன்றும் செய்வதற்கில்லை,angry,ta
"நீங்கள் பாலாசாகேப்பைப் பார்த்து எவ்வளவு அதிகமாகச் சிரிக்கிறீர்களோ, அவ்வளவு அதிகமாக உத்தவ் தாக்கரேவை மிஸ் செய்கிறீர்கள்.",angry,ta
அதிக மக்கள் தொகை கொண்ட நாட்டில் மூன்றரை சதவீத மக்களிடம் வாக்குப்பெட்டி இல்லை.,neutral,ta
இது வெட்கமற்ற மேன்மை!,angry,ta
அடுத்த தேர்தலில் உங்களுக்கு ஒன்றுக்கு மேற்பட்ட சீட் கிடைக்கும்'- இதுவும் ஒரு மாயை,angry,ta
ஹிந்தி தட்டச்சு செய்வதை நிறுத்துங்கள். இந்தி தேசிய மொழி அல்ல.,angry,ta
அவரது பெயரை ஔரங்கசீப் என்று மாற்றி அரசிதழில் வெளியிட வேண்டும்.,angry,ta
படித்த இளைஞர்கள் ஏன் அமைதியாக இருக்கிறார்கள்? வேலையின்மைக்கு யார் பொறுப்பு?,angry,ta
தொழிலை மீண்டும் கொண்டு வர வேண்டும் ஆனால் விவசாயிகளுக்கு ஆதரவில்லை ஐயா,angry,ta
சேதமடைந்த முடிக்கு நீங்கள் ஒரு சிறந்த உதாரணம்.,sad,ta
வாழ்ந்து என்ன பயன்?,sad,ta
எதையாவது செய்யுங்கள் கவுகாத்தியில் எவ்வளவு அலைந்தாலும் உங்களுக்கு திருப்தி ஏற்படாது.,angry,ta
"உங்கள் வீட்டிற்கு வாருங்கள், நான் ஏன் என் வழியை இழக்க வேண்டும்?",angry,ta
"கணபதி போய்விட்டாள், தேவி போய்விட்டாள், இப்போது கணவன் போனஸுக்காக ஏங்குகிறான்.",neutral,ta
எனக்கு எந்த சலுகையும் கிடைக்கவில்லை என்கிறார் உத்தவ் தாக்கரே!,neutral,ta
டாக்டர் பாபாசாகேப் அம்பேத்கர் மராத்வாடா பல்கலைக்கழகத்தில் நடந்த சம்பவம் வன்மையாக கண்டிக்கத்தக்கது...,angry,ta
"பந்தலூர், தெக்லூர், கோலாப்பூரில் பாஜக கலாச்சாரம் முடிந்துவிட்டதா?",angry,ta
தீபாவளி அன்று மட்டும் சூரியன் தோன்றுவது ஏன்?,angry,ta
இல்லை என்றால் ஏன் மூக்கை பொத்திக்கொண்டு அதை அறிவிக்கிறார்கள்?,angry,ta
பின்வரும் ட்வீட் நீதித்துறை விற்கப்பட்டதைக் காட்டுகிறது,angry,ta
மக்கள் காது கேளாதவர்களாக மாறுவார்கள் என்று இது அர்த்தப்படுத்துகிறதா?,angry,ta
பரிந்துரைகளை வெளியிடுவதை ஏன் நிறுத்த வேண்டும்?? நீங்கள் அதை தவறவிட்டீர்களா? நான்!!,angry,ta
"ராஜ்பாத் முதல் டெல்லி அரசாங்கம் வரை, இந்த மக்கள் தங்கள் தோல்விகளுக்கு மற்றவர்களைக் குற்றம் சாட்டுகிறார்கள்.",angry,ta
"Mofivir அவர்களின் இலட்சியமாக இருந்தால், அவர்கள் எவ்வளவு போராடுவார்கள்!",angry,ta
சல்மான் கானின் அக்கம் பக்கத்து சர்ச்சை நடிகருக்கு நிவாரணம் அளிக்கவில்லை,neutral,ta
நீங்கள்தான் அரசாங்கம். வருடங்கள் செல்கின்றன???? மஹாபோக் முன்னணி,angry,ta
ஆங்கில ஊடகங்களைப் புறக்கணித்தோம்.,happy,ta
பணத்தை திருடிய தலைமை ஆசிரியர் கைது செய்யப்பட்டார்,neutral,ta
அண்ணே நீ ஆடாதே நீ ஆண்ட ஆண்டை எப்படி மறக்க முடியும்,angry,ta
இதை நானே அறிவிக்கிறேன்.. என் நிகழ்ச்சியை யாரும் பார்க்காததால்,sad,ta
"மிகவும் புத்திசாலி, அவரது கழுதை காலியாக உள்ளது.",neutral,ta
உங்கள் பெயரில் ஒரு திருடன் இருப்பதால் ஏன் திருடுகிறீர்கள்? மேலும் ஐயா,angry,ta
இப்போது விவசாயத் தொழிலாளர்களின் கூலிக்கு ஜிஎஸ்டி விதிக்கப்படுகிறதா?,angry,ta
"சண்டை இல்லை, ஏன் திரும்பிச் சென்றாய்? உடைக்காதே",angry,ta
"எனவே ஜோக்ஸாட்டா மக்கள் எங்கே தொலைந்தார்கள், முதலில் அவர்களையே நாங்கள் விரும்புகிறோம்! அவை ஏன் சரி செய்யப்படுகின்றன?",angry,ta
உண்மையில் என்ன நடக்கிறது என்று தெரியும்,neutral,ta
அதே வேலை..! நீ இல்லாமல் இது நடக்காது..!!,angry,ta
எது காலியாக இருக்கிறதோ... அதை முதலில் எடுங்கள் சார். லோகனா... சுத்தியா பிறகு செய்...சார்,angry,ta
இராவணன் லங்காவின் வல்லமையைக் கண்டு பெருமிதம் கொண்டான்!,angry,ta
இந்த வீட்டுப் பிள்ளைகள் மாமியாரிடம் போனால் பெருமைப்படுவார்களா? இது அனைத்து பெண்களையும் அவமதிக்கும் செயலாகும்.,angry,ta
இத்தகைய மாதிரிகள் ஏன் மகாராஷ்டிராவில் தயாரிக்கப்படுகின்றன?,angry,ta
கேவலமாக நான் ஒரு இழிவான நயவஞ்சகனைச் சந்தித்ததாகத் தோன்றுகிறது,angry,ta
அரிசி திருடினால் சாய்பா என்ன செய்வார்? மியா கலீஃபா சிறையில் நன்றாக இருக்கிறார்,angry,ta
துரோகி...தடை!,angry,ta
எனவே குஜராத் அரசியல்வாதிகளுக்கு மும்பை 'முடிவடையாத வியாபாரம்'.,angry,ta
"ஒரு கொங்கனி மனிதனால் உணர்ச்சி துரோகத்தை பொறுத்துக்கொள்ள முடியாது, அவர் அதை பொறுத்துக்கொள்வாரா?",angry,ta
தேர்தலை கருத்தில் கொண்டு இது செய்யப்படுகிறது. ஆனால் பாஜக தோற்கும்,neutral,ta
"ஏய் என்ன நடந்தது, நான் தோற்று ஓடிவிட்டேன்",angry,ta
இது எப்படி குருட்டு பக்தி?,angry,ta
ரூடியின் இன்னிங்ஸ் தொடர்ந்தது,angry,ta
நேதாஜி நோத்தி கடவுள்களின் இரு தேசக் கோட்பாட்டால் பெரிதும் பாதிக்கப்பட்டார்.,sad,ta
வெற்றிலை சாப்பிட்டு கட்சி நடத்தும் தலைவர் மகாராஷ்டிராவில் இருக்கிறார்.,angry,ta
கடுமையான நடவடிக்கை எடுக்க வேண்டும் ஐயா இல்லையேல் இந்த பாம்பின் வாய் மகாராஷ்டிராவை விழுங்கும்.,angry,ta
இந்த யோ...புட்கா உடைக்கும் மால்வானியின் பெயர் கெட்டுவிடும்,angry,ta
திட்டினால் கிக் கிடைக்குமா?,angry,ta
அமைதியின் போது நடக்காதது வேதனை அளிக்கிறது:,sad,ta
ஆட்சியில் இருந்தபோது அம்மா நினைவில்லை.. இப்போது நினைவுக்கு வருகிறது.,sad,ta
தோளில் துப்பாக்கியுடன் சிவசேனாவை அழிக்க முயல்கிறார்கள்..கற்பனை செய்து பாருங்கள்.,angry,ta
உங்கள் வாக்கு அதற்குக் கீழே விழுந்தால் என்ன செய்வது என்று கேளுங்கள்.,neutral,ta
நாட்டை உடைத்தது யார்? பாஜக ஏன் செய்தது?,angry,ta
திருடனுக்கு கோழியைக் கொடுத்தால் என்ன ஆகும்?,angry,ta
"பொய், வாதிடு, அதுதான் பாஜக கொள்கை.",angry,ta
"ஒருவர் பின் ஒருவராக, மார்க் ஜுக்கர்பெர்க்கைப் பின்பற்றுபவர்கள் குதித்தனர், மற்றவர்கள் பெரும் இழப்புகளைச் சந்தித்தனர்.",neutral,ta
ஸ்வாபிமானி கட்சிக்கு என்ன ஆனது?,angry,ta
இந்த திருடன்.. ஜாமீனில்.. இந்த பூக்கடை...,angry,ta
"பெரே பாட்டீல், உங்களுக்குத் தெரியாது என்று சொன்னால், உங்களுக்கு கல்வி குறைவு",angry,ta
இந்த பென் ஒரு காலத்தில் உள்துறை அமைச்சராக இருந்தார்.,angry,ta
பாவம் செய்ய விரும்பும் எவருக்கும் தானாகவே வேலை கிடைக்கும்.,angry,ta
இந்த ஆண்டு நீங்கள் நேர்மையாக சேறும் சகதியுமாகிவிட்டீர்களா? அத்தகைய விருப்பம் உள்ளது,angry,ta
"மகாராஷ்டிரா சட்டசபை தேர்தல் வரும்போது, மராத்தி மக்கள் பா.ஜ.க.வுக்கு சாதகமாக மாநிலத்தை அமைப்பார்கள்.",angry,ta
"ஏன், எனக்குத் தெரியாது.",neutral,ta
இப்படி ஒரு பயனற்ற கடிதத்தைப் பார்த்து என்னால் அழுகையை நிறுத்த முடியவில்லை.,angry,ta
"தாக்கரே அரசியல் செய்தால், எதிர்க்கட்சிகளுக்கு இரண்டு வழிகள் மட்டுமே இருந்தன: தோல்வி அல்லது பின்வாங்குதல்.",angry,ta
"விவாகரத்து இல்லை என்றால், அந்த இரண்டு பருத்த தவளைகளால் எந்த பயனும் இல்லை",angry,ta
இப்போ வாயை மூடுவாயா... உன்னை மாதிரி இல்ல. பத்து மில்லியன்,angry,ta
இது என் நண்பனை ஏமாற்றவில்லை...,angry,ta
இந்த சமூக ஊடக செல்வாக்கு செலுத்துபவர்கள் அனைவரும் கேலி செய்வது மிகவும் அருமையாக இருக்கிறது,angry,ta
யாதவர் இந்தச் செய்தியை மறைக்க நாள் முழுவதும் சுற்றிக் கொண்டிருந்தார்.,angry,ta
சட்டமன்ற உறுப்பினர்கள்/கஸ்தர்கள்/கவுன்சிலர்களை வாங்க அரசிடம் பணம் இருக்கிறது.. ஆனால் ஏழைக் குழந்தைகளின் கல்விக்காக அல்ல.,angry,ta
"இந்து மத சடங்குகள் சிந்தனையைத் தூண்டும், இந்த எண்ணங்களை அவமதிப்பதை பொறுத்துக்கொள்ள முடியாது...",angry,ta
அதுவும் தற்போதைய செய்தித்தாளில் வரும் Feku செய்தி,angry,ta
"ராவ், இது ஒரு பெரிய பிரச்சனை. ராவ் எதிர்கொள்ள வேண்டும்...",fear,ta
"புஜபால் சார், என்ன மாதிரியான வார்த்தைகள் பேசுகிறீர்கள்?",angry,ta
இதில் கவனம் செலுத்துவோம்.,angry,ta
"ஐயோ, அவரை உட்கார அழைக்காததற்கு வருந்துகிறார்",sad,ta
அதாவது உங்கள் அந்தஸ்து மீது ராணுவத்துக்கு மரியாதை இல்லை.,sad,ta
இவ்வாறு கூறுவதன் மூலம் சஞ்சய் உத்தவ் சிறையில் அடைக்கப்படும் அபாயம் ஏற்பட்டுள்ளது.,sad,ta
சோலாப்பூரில் பாரத் வால்கே இடைத்தேர்தலின் போது கலாச்சாரம் தூங்கியதா?,angry,ta
ஆம் நம்புபவர்களே... அந்த மனிதர் துன்புறுத்தப்படுவதை பொதுமக்கள் தொடர்ந்து பார்த்துக் கொண்டிருக்கிறார்கள்.,angry,ta
"ஹா ஹா உங்கள் முதலாளி பேசுகிறார், நீங்கள் மட்டும் கேட்கிறீர்கள், ஒரு சாதாரண இராணுவம் ஏற்பாடு செய்யப்படவில்லை",angry,ta
அதன் தாக்கம் படிப்படியாக தலையில் ஏறுவது உறுதி.,fear,ta
துலா லக்லோவ் தனக்கு அரசியல் கற்பித்ததற்காக துஜா சாஹேப்பால் துன்புறுத்தப்பட்டார்,angry,ta
"மேடையில் எத்தனை பேர் இருக்கிறாரோ, அதே அளவு மக்கள் முன்னால் இருக்கிறார்கள்.",neutral,ta
உங்கள் முட்டாள்தனத்தால் இதையும் நீங்கள் கண்டிப்பாக தவறவிடுவீர்கள்,angry,ta
ஜலை ஜீவன் ஜாக்ருதி பாஜக மேற்கு தெற்கு பிரிவு அகோலா,neutral,ta
சிவ சைனியர்கள் அவருக்கு அதிர்ஷ்டமான கிரீடத்தை வழங்கினர்,angry,ta
"உங்கள் கழுதை ஏன் எரிகிறது, ஆனால் ஆம், பாக்கெட் எங்கிருந்து வந்தது?",angry,ta
சமதா கட்சி கொளுத்தும் முன்னே தீயை அணைக்கிறது சமநிலை ராணுவம்...!!!,angry,ta
அப்போது தலபத்ரி கூறினார்.. ஆனால் தர்முஸ் மகன் கோபமடைந்தான்.,angry,ta
"இந்த இருவருக்கும் ஒற்றுமைகள் உள்ளன, ஆனால் அவர்கள் திருமணம் செய்து கொள்ளவில்லை, அவர்கள் சமரசம் செய்ய வேண்டும்.",neutral,ta
பாஜகவுக்கு வாக்களித்தால் நாட்டை அழிக்கும் சக்திகளுக்கு வாக்களியுங்கள். பாலா சாகேப்பின் சிவசேனாவை உடைத்த கபடக் கட்சிக்கு வாக்களியுங்கள்.,angry,ta
இப்போது சிக்கலில்...!,angry,ta
இப்போதைக்கு நீங்கள் எதிர்க்கட்சித் தலைவராக இருக்க வேண்டும்,sad,ta
டல்லுகரின் சகோதரர். அவருடைய வியாபாரம் அமோகமாக இருக்கிறது. ஆனால் சம்பளம் நிர்ணயிக்கப்பட்டுள்ளது.,angry,ta
"தாமரை தன் வாலை வைத்துக் கொண்டது, ஆனால் அது குதிரையில் வந்து கழுதையின் முதுகில் ஏறிச் சென்றதாகக் கூறப்படுகிறது.",angry,ta
மக்கள் பெரும்பான்மை கொடுத்தாலும் எதிர்க்கட்சிகளுடன் சேர்ந்து முதலமைச்சருக்கு துரோகம் செய்தார்கள்.,angry,ta
இன்று பின்வாங்குவது தோல்வி மற்றும் அவமானம்,sad,ta
ஆமாம் தம்பி இந்த நிகழ்ச்சியை நிறுத்து,angry,ta
சந்தீப் மோர் அம்பானியின் ஊழியர். அவரது தற்கொலை குறித்து விசாரணை நடத்த வேண்டும்.,sad,ta
"பேருந்துகள் நின்று புகையிலையை கண்ணாடியில் வைக்கின்றன, இதனால் தண்ணீர் உறிஞ்சப்பட்டு மேகமூட்டத்திற்குப் பதிலாக தெளிவாகத் தோன்றும்.",neutral,ta
"Chutia நிரந்தர தடையை நாடியது, இது ஒவ்வொரு ஆண்டும் நடைமுறைக்கு வரும்",angry,ta
அது எவ்வளவு பைத்தியம் என்பதை இப்போது நான் உணர்கிறேன். வேறு பொழுதுபோக்கு இல்லை,sad,ta
சத்ரபதி சிவாஜி மகாராஜை அவருடன் ஒப்பிடக் கூடாது. மகாராஜா மக்களை ஏமாற்றியதில்லை,happy,ta
"ரீல்களை உருவாக்க உங்களுக்கு நல்ல மொபைல் போன் தேவைப்பட்டால், TikTok நட்சத்திரத்தின் அற்புதமான சாதனை!",happy,ta
உலகில் ஒன்பதாவது அதிசயம் நடக்கிறது,sad,ta
"ஏய், இவர்தான் மாதோஸ்ரீயின் முற்றத்தில் தோற்ற வேட்பாளர். இந்த சாதனையை எட்டிய பிறகு இஷான் எம்எல்ஏ ஆனார்.",angry,ta
இந்த பயனற்ற மக்கள் நம்மை வழிநடத்துகிறார்கள் ...,angry,ta
சிலர் வதந்தி பரப்புகிறார்கள்... நாங்கள் ஷிண்டே குழுவிற்கு செல்கிறோம்...,neutral,ta
மராத்தி மக்கள் ஏமாற்றுவதை விரும்ப மாட்டார்கள். இந்தக் கோபம் நம்மை அப்படியே உட்கார விடாது.,angry,ta
இந்த மக்கள் சாமானியரின் பாக்கெட்டில் இருந்து சம்பளம் வாங்குகிறார்கள் ஆனால் அவர்கள் தங்கள் கடமையை நிறைவேற்றுவதில்லை.,angry,ta
நான்கைந்து முறை தோல்வியடைந்த சிவசேனா உயிரை பணயம் வைத்து எம்எல்ஏ ஆனார்.,angry,ta
கனமழையால் நைனிடால் விவசாயிகள் கரையொதுங்காவிட்டால்...,angry,ta
"இப்போது ஜென்டில்மேன்களைக் கொன்று, மீதமுள்ள இராணுவத்தை கோடீஸ்வரர்களாக்கு! இது வெட்கமற்ற மேன்மை!",angry,ta
காக்கையாக இருப்பாயா?,neutral,ta
மோடி படம் பித்தலை விட பெரியதாக இருக்கும் போது எங்கே இந்த பிராக்கியா!!,angry,ta
இந்த இடுகைகள் ஒவ்வொரு ஆறு மாதங்களுக்கும். எந்த காவல்துறையும் சட்டத்தை பின்பற்றுவதில்லை.,angry,ta
இதுபோன்ற முட்டாள்களைக் கேட்டு உங்கள் முகத்தை ஏன் வீணாக்குகிறீர்கள்?,angry,ta
"ஐயா, பாஜக இப்போது வெளிப்படையான முடிவை எடுக்குமா?",neutral,ta
இந்த ஆண்டு மருத்துவக் கல்லூரி தொடங்க முடிவு செய்துள்ளோம். அதிகாரப் பரிமாற்றத்துக்குப் பிறகு என்ன செய்தார்?,neutral,ta
இந்த தெலுங்கானா அரசும் நிர்வாகமும் இந்து மற்றும் இந்து விரோத மனநிலையைக் கொண்டுள்ளது.,angry,ta
இதுபோன்ற செலவுகளை மோடியின் அரசால் ஏற்க முடியாது,angry,ta
அத்தாவின் காலத்தில் இப்படிப்பட்ட ஞானம் போய்விட்டது என்று யார் சொல்வார்கள்?,angry,ta
நான் இப்போதும் சொல்கிறேன் அது இலகுவாக எடுத்துக்கொள்ளும் ஆயுதம் அல்ல...!,fear,ta
"எனக்கு அவர்களைத் தெரியாது, ஆனால் அவர்கள் வயிற்றைப் பிடித்துக் கொண்டிருப்பதைப் பார்க்க ஆச்சரியமாக இருக்கிறது.",neutral,ta
அப்படிப்பட்ட படத்திற்கு எதிர்ப்பு தெரிவிப்பது சரியல்ல.,neutral,ta
ஷோலாப்பூரில் டம்டுப்பட் என்ற மோசடி நடந்தது.,angry,ta
"எங்களிடம் கஜினியிலிருந்து சில ஹாலந்துகள் உள்ளன, தேர்தலை ஒதுக்கி வைக்க வேண்டும்",angry,ta
"மேலும், புனேவில் திருவிழாக்களின் போது வெளியே செல்பவர்களில் சிலர் கணபதி நவராத்திரியின் போது கூட வெளியே செல்வதில்லை.",neutral,ta
மேலும் பார்ன் ஸ்டார் மாமாவுக்கு என்ன நடக்கும்?,neutral,ta
"இந்த விளையாட்டை மற்ற கட்சிகள் விளையாடவில்லை, பாஜக விளையாடியது.",angry,ta
ஒவ்வொரு மழைக்குப் பிறகும் சதுரத்தின் நிலை மோசமடைகிறது என்பதை நினைவில் கொள்க,angry,ta
"அவர்கள் ""மெதுவான வீரர்கள்"" மட்டுமல்ல... மனநலம் குன்றியவர்களும் கூட...",angry,ta
வீடியோ ஏன் நிறுத்தப்பட்டது என்று எனக்கு ஆச்சரியமாக இருக்கிறது,fear,ta
அடிப்படையில் தவறான தேர்வு... எப்போதும் வாழைப்பழத் தோலைத் தேர்ந்தெடுங்கள்...,angry,ta
மாஸ்டர் மற்றும் சீடர் சிறந்த கலைஞர்..............!!!!!,neutral,ta
இந்த நபர் எவ்வளவு வீசினார்?,angry,ta
நீங்கள் எத்தனை பாஸ்டர்களைப் பெற்றெடுத்தீர்கள்?,angry,ta
கருத்துகளைப் படிக்கும் போது தூக்கம் வராது...,sad,ta
"எங்கள் குரல் பேசும், பேசும்... கூட்டம் கூட்டுவது இந்து மதம் அல்ல... தேச விரோதம்",angry,ta
இந்த நாட்களில் வதந்திகள் நல்லது,neutral,ta
மன்னிக்கவும்! மும்பையில் மட்டும் பல கிலோ போதைப்பொருள் பறிமுதல்!,fear,ta
டாக்டர் ராகுல் காந்தியின் தட்டை எடுத்தீர்களா? உங்கள் அணிக்காக பேசுங்கள்.,angry,ta
"உங்கள் குழந்தையை அழைத்துச் செல்ல நீங்கள் தயாரானவுடன் இந்த வகையான உரையாடல் தொடங்குகிறது, பின்னர்…",angry,ta
ஏக்நாத் ஷிண்டே என்ற போர்வையில் இன்னும் எத்தனை மகாராஷ்டிர எதிர்ப்பு முடிவுகளை பாஜக எடுக்கப் போகிறது?,angry,ta
"அவர் கேமராவின் முன் இருப்பதால், கட்டாய கழுத்து அவரது மார்பில் பாறையை வைக்கிறது.",angry,ta
"நொறுக்கப்பட்ட, வெறித்தனமான ரசிகர்கள் யார் என்று பாருங்கள்…",angry,ta
துரோகிகள் மீது உரிய நடவடிக்கை எடுக்கப்படும் என நம்புகிறேன்...,angry,ta
"இன்றும் அவர்களின் மக்கள் வாழ்வாதாரத்திற்காக மும்பை செல்கிறார்கள், இந்த கமிஷனரை விட இந்த சார் தோல்வியடைந்தார்.",neutral,ta
பாலாசாகேப் தாக்கரே ஏன் ஏக்நாத் ஷிண்டேவை அறைந்தார்? சம்பாசிங் தெளிவாகச் சொன்னார்.,angry,ta
"இது ரசிகர்களின் போக்கு, அதிக ரசிகர்கள் ட்ரோல் செய்தால், அவர்களுக்கு அதிக பணம் கிடைக்கும்.",angry,ta
"அவர்கள் ஷெனை சாப்பிடுவதில்லை, ஷெனை வீசுகிறார்கள்...",angry,ta
ஜனசக்தி மீண்டும் தனது சக்தியை உலகிற்கு காட்டியது. மக்களை ஏமாற்றுவதே இவர்களின் நோக்கம்.,angry,ta
அது பறக்கிறது,angry,ta
"ஏய் தவளை, உன் மதிப்பு எவ்வளவு, நீ எவ்வளவு பேசுகிறாய்?",angry,ta
இதில் கவனம் செலுத்த தேவையில்லை!,angry,ta
"ஏன்னா சார், இது தப்பு நம்பர் ஒன்",angry,ta
எல்லோரும் இப்படி ட்வீட் செய்கிறார்கள்,angry,ta
அடிமைத்தனம் பணக்காரனை ஏழையாக்குகிறது. புரிகிறதா அண்ணா?,neutral,ta
மகாராஷ்டிராவைச் சேர்ந்த குண்டர் ஒருவர் மகாராஷ்டிர அமைச்சராக இருந்து குஜராத்தில் பணிபுரிந்து வருகிறார்,angry,ta
நாங்கள் எங்கள் வயிற்றை நிரப்புகிறோம் ஆனால் உங்கள் பைகள் நிரம்பியதாக உணர்கிறோம்.,angry,ta
இந்த மாவட்டத்தில் மதுவைத் தவிர வேறு ஏதாவது சட்டவிரோத வியாபாரம் உள்ளதா?,angry,ta
தாக்கரேவைச் சேர்ந்தவர் சிவசேனா,angry,ta
வேலைவாய்ப்பு என்பது வெறும் மாயை.,neutral,ta
இது பயனற்றது…,angry,ta
விவசாயிகள் தற்கொலைக்கு முன் அவர்களுக்கு உதவுங்கள்!,angry,ta
"உங்க பார்ட்டி மார்க்கெட் அதிகமாயிடுச்சு, வாயை மூடு!!",angry,ta
அதிகாலையில் எழுந்தது இன்று நேற்றல்ல.,angry,ta
பந்தலூரில் ஒருவன் மூக்கைத் தேய்க்கச் சென்றான்.,angry,ta
இது அவமானம் மேடம்...!! உங்கள் ட்வீட்...!! உடனே தடு...!!,angry,ta
உங்கள் ஆள் சிறையில் மைக்குடன் அமர்ந்திருக்கிறாரா?? பதில் எப்படி இருந்தது??,angry,ta
"பேய்களிடம் கருணை காட்டுங்கள், ஆனால் மற்றவர்களுடன் ஆபத்தான குறுக்கீடு வாழும் உலகில் பொருத்தமானது அல்ல.",neutral,ta
சரியாக? ஒருவர் எதைப் பற்றி பேசுகிறார்? அவர்கள் உங்கள் அரசியல் தந்தையின் அடியாட்களா?,angry,ta
ஏமாற்றி யாரும் கையை பிடிக்க முடியாது,angry,ta
"இது ஒரு பத்திரிகையாளர் அல்ல, ஒரு அரசியல் கட்சியின் ஊதிய அடிமை",angry,ta
"மராத்தி பத்திரிக்கையாளர் சார், முதலில் என்னை இறக்கி விடுங்கள்",angry,ta
விடைபெற்று மீண்டும் சந்திக்க முடிவு செய்தேன்... ஆனால் அவளது இருண்ட கண்கள் அவளை கடைசியாக சந்தித்தது.,sad,ta
"ஆனால், கோடிக்கணக்கான பக்தர்களின் மனதைக் கொள்ளை கொண்ட பர்வீன் பாபியின் மரணம் மிகுந்த வருத்தமளிக்கிறது.",sad,ta
அம்மாவைப் பற்றி நினைக்கிறீர்களா? முதலில் யோசிக்காமல் எழுத முடியுமா என்று பாருங்கள்,angry,ta
நான் ஆட்சிக்கு வந்தால் அந்த பதவியை எடுக்க மாட்டேன் - ராஜ் தாக்கரே,neutral,ta
நீங்கள் உள்ளே ஐஸ்கிரீம் அளவுக்கு உயரமாக இல்லை,angry,ta
இந்த வருவாயில் விவசாயிகள் அலுத்துவிட்டதால் இந்த ஐயா அவசியம்.,sad,ta
நீங்க ரொம்ப சந்தோஷமா இருக்கீங்க... இப்ப உட்காருங்க... இந்த சந்தோஷத்தை நம்மால பார்க்க முடியாது...,angry,ta
"அவர்களின் தந்தைக்கு அதிகாரம் இல்லை, அவர்கள் மற்ற தந்தையின் அதிகாரத்தின் கீழ் வளர முயற்சி செய்கிறார்கள்.",angry,ta
பங்கா தலைமையிலான கடந்த காலம் இன்றும் அப்படியே உள்ளது,angry,ta
ஜெலட்டின் கஸ்டலாவை கைது செய்யாமல் காப்பாற்ற ஏக்நாத் சிண்டி துரோகம் செய்கிறார்.,angry,ta
சிறுமியை தனியாக பிச்சை எடுக்க ஏன் அழைத்துச் சென்றாய்?,angry,ta
ஆனால் நீங்கள் ஒரு துரோகி,angry,ta
எல்லா கிராம மக்களும் மகாராட்டியும் பா.ஜ.க.,angry,ta
நாயின் வால் எப்போதும் நேராக இருக்க முடியுமா?,neutral,ta
இந்த அண்ணனுக்கு இந்த வயசுல எவ்வளவு பசி வந்தாலும் பைத்தியம்தான்,angry,ta
பாஜக ஏன் தீக்குளித்தது? அதை செய்,angry,ta
ஒன்று இரண்டு மாறினால் படைப்பாற்றல் குறையும் என்று சகோதர சகோதரிகள் சொல்வார்கள்.,neutral,ta
கேட்கர் போல் எம்.பி ஆக வேண்டும் என்று ஆசைப்பட்டு தான் இப்படி கிசுகிசுக்கிறார்.,angry,ta
அது உடைந்தபோது அறுபது தலைகள் உடைந்தன. இப்போது மீண்டும் உதவி வந்தது,angry,ta
பெண்களைப் போல் பேசுபவர்கள் எதிராளிகளை அயோக்கியர்கள் என்று அழைக்கிறார்கள். மக்கள் உங்களை மனிதராக நினைக்கவில்லை,angry,ta
"துரோகி இராணுவம் இந்த வீடியோக்களை பின்னர் சேமிக்கவும், உங்கள் வாழ்நாள் முழுவதும் அவற்றைக் கேட்க விரும்புவீர்கள்.",angry,ta
பந்தலூரில் பாஜக ஏன் போட்டியிட்டது? அந்தேரி மற்றும் பிற பகுதிகளில் தோல்வி... மக்களுக்கு உண்மை தெரியும்.,angry,ta
இப்படியான குற்றச்சாட்டுகளை முன்வைப்பதில் நமது ஊடகங்கள் கையாலாகாத நிலையில் இருக்கின்றன.,angry,ta
வாயை மூடு ரசிகர்களே,angry,ta
பாஜக தொண்டர்களின் நிலை மக்கள் ஆடும் குழியாக மாறியுள்ளது.,angry,ta
அவர்களுடன் உங்களை ஒப்பிடும் நாய் போல் தெரியவில்லையா??,angry,ta
ஞான தேவியை ஏன் வெறுக்க வேண்டும்? அதனால் சரஸ்வதி தேவியை அரசியல்வாதிகள் விரும்புவதில்லை.,angry,ta
நீங்கள் என்ன முடிவு செய்கிறீர்கள்? மகாராஷ்டிராவின் மும்பையின் மொழி இந்தி.,angry,ta
மக்களை ஏன் தொந்தரவு செய்கிறீர்கள்... குறைந்த பட்சம் உங்கள் பதவியையாவது மதிக்கவும்...,angry,ta
உண்மையான மரியாதை,happy,ta
இதன் மூலம் மாணவர்களின் கருத்து சுதந்திரமும் கல்லூரி முதல்வர்களால் தாக்கப்படுகிறது.,angry,ta
அதாவது? உண்மைகளைக் கருத்தில் கொள்ளாமல் உங்கள் கருத்தைச் சொல்வது ஏன் முக்கியம்?,angry,ta
அப்போது நீங்களும் மதிக்கப்படுவீர்கள்,neutral,ta
குஜராத் மாடல் அரசியல் சாசனம் சிறிதும் கருத்தில் கொள்ளவில்லை.,angry,ta
அம்மன் படங்களை போட்டு இந்து மதத்தை அவமதிக்காதீர்கள்.,angry,ta
எம்என்எஸ் வாக்காளர்கள் இல்லாத சக்தி,angry,ta
இவர்களும் மராத்தி கொலைகாரர்கள்.,angry,ta
"நிறுவிய பின், பராமரிப்பு ஒரு தொந்தரவு இல்லை",neutral,ta
"""ஸ்பைடர்மேன்' யார்?"", துணை முதல்வர் ஃபட்னாவிஸிடம் நானா படோல் குறிப்பிட்டார்; “இருவருக்குள்ளும் சண்டையில்...” என்றார்.",angry,ta
! பாஜகவுடன் தேர்தல் ஆணையம் இணையாது. பிஜேபிக்கான வெளி ஆதரவு தொடரும்.,neutral,ta
இந்த மூன்று தந்தைகளும் தீவுகள் மற்றும் நதிகள்.,angry,ta
உத்தவ் சாஹிப் உங்கள் வரவை விட அதிகமாக கொடுத்துவிட்டு இன்று குரைக்கிறீர்கள்.,angry,ta
"ரசிகர்களைப் பற்றி பேசுகையில், நான் வேறு என்ன சொல்ல முடியும்?",angry,ta
"அதிர்ச்சியா? உங்களுக்கு அல்ல, உத்தவ குலத்திற்கே.",neutral,ta
துரோக மரபு உங்கள் மூன்றரை மாவட்ட #துரோகிகளால் தொடங்கப்பட்டது,angry,ta
பாஜகவிடம் வேட்பாளர்கள் பலம் இல்லை. எனவே இது ஒரு பிழை.,angry,ta
"பணவீக்கம் இரட்டிப்பாகிறது, வேலையின்மை இரட்டிப்பாகிறது... இந்த புதிய இந்தியாவில் பெட்ரோல் டீசல் மும்மடங்கு...",angry,ta
"இதெல்லாம் நன்றாக இருக்கிறது, ஆனால் களத்தை விட்டு ஓடுவது பெருமையா?",angry,ta
இரவு முழுவதும் குளிரில் கிசுகிசுக்கும் திறந்த வெளியில் பாம்பு போல ஓடுகிறது,sad,ta
ரே போ தேர்தலில் தோற்றுவிடுவார் என்று தெரிந்தே களம் இறங்கினார்,angry,ta
"அவர் ஒரு கொங்கனி அல்ல, அவர் ஒரு நேபாளி போல் இருக்கிறார், ஆனால் அவர் ஒரு நேபாளி போல் இருக்கிறார்…",angry,ta
மெதுவான ரசிகரான நீங்கள் யார்? மாற்றுத்திறனாளிகளுக்கு தெரியாது.,angry,ta
"பாருங்கள், உணர்வுள்ள தலைவர்களுக்கு எல்லாம் தெரியும்",neutral,ta
ஜாம் இப்போது நினைவுக்கு வருவது இப்படித்தான்.,angry,ta
லே ஹாஸ்லோ அடுத்த பிறவியில் மகாராஷ்டிராவுக்குச் செல்வாரா? கடவுளிடம் செல்லுங்கள்,angry,ta
எழுத்துப்பூர்வமாக கேள்விகள் கேட்பது பற்றி நானா அக்ஷய் குமார் என்ன சொன்னார்? ஆம்,angry,ta
டாக்டர் பாபா சாகேப் அம்பேத்கர் அளித்த தீர்மானத்தின் மீது பாஜக மற்றும் ஆம் ஆத்மி கட்சிகளுக்கு இடையே சர்ச்சை ஏன்?,neutral,ta
ஒரு சிறிய தவறு இருந்தது. பத்திரிக்கையாளர்களுக்கு தங்குமிடத்தை பாஜக ஏற்பாடு செய்யும். நாங்கள் பத்திரிகையாளர்களை மட்டுமே வேலைக்கு அமர்த்தினோம்,neutral,ta
இதில் மகிழ்ச்சியடைய ஒன்றுமில்லை.,sad,ta
நீங்கள் துரோகம் செய்து தாக்கரேவின் வாழ்க்கையில் குதித்தால் ஒழிய உங்கள் அரசியல் இருப்பு ஒன்றுமில்லை.,angry,ta
வகாத் தப்பிக்க முடியாமல் தாளமாக சுழன்று கொண்டிருந்தான்,angry,ta
சின்னம் அருமை!! எனக்கு வெள்ளை வேண்டாம்!!,angry,ta
மக்கள் ஏமாற்றப்பட்ட கதைகள் ஏராளம்,angry,ta
துரோகி பாலா சாஹேப்பின் ஜோதியை சிவசேனாவிடம் ஒப்படைப்பேன் என்றும் கூறுவார்,angry,ta
நீ கடவுளாகிவிட்டாய் என்று மிரட்டல்...,angry,ta
ஏன் அதே நேரத்தில் இல்லை?,angry,ta
இவர்கள்...ஒருதலைப்பட்சமான/சார்பற்ற...பத்திரிக்கையாளர்கள் என்று சொல்லப்படுபவர்கள்...நிரூபித்திருக்கிறார்கள்!,angry,ta
"முதலில், KJP மற்றும் ராஷ்ட்ரிய சமகாமி சங்கத்தை புறக்கணிக்க வேண்டிய நேரம்!",angry,ta
வாக்களிப்பது என்றால் கற்பழிப்பவர்களுக்கும் பயங்கரவாதிகளுக்கும் வாக்களிப்பது என்று ஏன் சொல்கிறோம்?,angry,ta
மண் எங்கிருந்து வந்தது என்று தெரியக்கூடாது,angry,ta
எங்கும் குண்டுகள். ஹோடிஸ் முர்சா ஆடு புர்ஜி தயாரிக்கப் போகிறார்,angry,ta
தேர்தலில் பங்கேற்க வெட்கமாக இல்லையா?,angry,ta
இது குஜராத்தை அவமதிக்கும் செயலாகும்.,angry,ta
"சத்துரோனும் வந்துவிட்டான், வார்த்தைகளால் மிகவும் கேவலமாக இருக்காதே வா வா!",angry,ta
வாடகைக்கு குரை... ஆனால் நீ ஒன்றும் நாய் மாதிரி இல்லை,angry,ta
பச்சல்வியின் பதில்: பணவீக்கம் ஏன் உயர்ந்து ரூபாய் வீழ்ச்சியடைகிறது? வேலையின்மை எவ்வளவு அதிகரித்துள்ளது?,angry,ta
": இறந்த பிறகு வைஷாலியின் கடைசி ஆசையை நிறைவேற்றிய குடும்பத்தினர், கடைசி ஆசை என்ன?",neutral,ta
அது மோதலாக இருக்கலாம்... பெண்களை இழிவுபடுத்துவதாக இருக்கலாம்... மிக வலுவான வாக்குவாதங்களாக இருக்கலாம்.,happy,ta
இப்போது வெற்றிலையை ஊதுவதற்கு வெற்றிலை அரசி எடுக்கிறதா?,angry,ta
"பாருங்கள், பகுத்தறிவு அல்லது நேர்மையான வாதங்கள் இல்லாதவர்கள் தூஷிக்கத் தொடங்குகிறார்கள்",angry,ta
மிக்கி கேலி செய்தார்,neutral,ta
ரபி லட்டுகள் செய்வதைப் பற்றி பேசுபவர்களுக்கு ரபி லட்டுகளின் முக்கியத்துவம் புரியவில்லை.,angry,ta
நான் ஒரு பயங்கரமான இரவில் வந்திருக்கிறேன்.,fear,ta
முன்னதாக உள்ளாட்சித் தேர்தல் நடந்தபோது ஏன் கடிதம் எழுத நினைக்கவில்லை?,angry,ta
இந்த சிறுவன் மிகவும் தரக்குறைவாக பேசுகிறான்.. பெற்றோர் கொடுத்ததை...,angry,ta
சோனாலி பாய் மோடி இந்தியாவுடன் இணைந்தால்?,angry,ta
ராஜ்தீப் சர்தேசாய் மராத்தி கார்கேவை விட மோசமானவர்.,angry,ta
அனைவரும் வாளும் கேடயமுமான வீரர்கள் அல்ல ஆனால் சிலர் துரோகிகள்...,angry,ta
. உத்தவ் கொல்லப்பட்டு ஒரு வருடம் ஆகிறது?,angry,ta
"துரதிர்ஷ்டவசமாக, நாட்டை நடத்துபவர்களோ, போராளிகளோ, விவசாயிகளோ...",sad,ta
இது சாலிகிராமம். போசலே குடும்பப் பெயர் பிரபலமற்றது.,angry,ta
இப்போது இதை கேட்டதும் மிகவும் கோபமாக இருக்கிறது... இது உண்மையாக இருந்தால் கண்டிப்பாக தலையில் அடித்துக்கொள்ளுங்கள்.,angry,ta
காசிகேடாவில் இன்று மேக மூட்டத்தால் பலத்த மழை பெய்தது.,neutral,ta
மகாராஷ்டிராவின் கேடுகெட்ட அரசாங்கம் குஜராத்திற்காக வேலை செய்கிறது,angry,ta
அவற்றின் முலாம்பழங்களை வெற்று மூங்கில் குச்சிகளால் அடிக்கவும். அதாவது அவர்களின் போலிக் குரல் மங்குகிறது.,angry,ta
"மேடம், அவர் மற்றவர்களை விட தனது துறையில் அதிகம் படிக்கவில்லை.",angry,ta
சரி... உங்கள் மீதும் வழக்கு போட்டால் எவ்வளவு மோசம்.,angry,ta
இந்த விசுவாசமற்ற பெண்ணைப் பற்றி பேசுங்கள்.,angry,ta
உடலில் பலம் இல்லாததால் தடியுடன் ஓடினார்,angry,ta
பார்வையற்ற பக்தர்கள் இப்போது கதறுகிறார்கள்,angry,ta
"வாருங்கள் ஐயா, பெரிய மனிதர் உங்களைத் தடுத்து நிறுத்துவதில் எந்தப் பயனும் இல்லை.",angry,ta
உங்கள் மனைவி இன்று சாப்பிடவில்லையா?,angry,ta
"இப்போது உன்னால் முடியாது, ஷிண்டே உன்னை என்றென்றும் வீட்டிற்குள் பூட்டிவிட்டார்",angry,ta
இந்த இருளில் பக்தர்கள் அம்பு எய்ய வேண்டும்,angry,ta
"ஏழைகளை மேலும் ஏழைகளாகவும், பணக்காரர்களை பணக்காரர்களாகவும் மாற்றும் அமைப்பு உள்ளது.",angry,ta
"யார், ஏன் வரைய வேண்டும்? அவர்கள் இருவரும் பன்னிரண்டு பேர்",angry,ta
இப்போது தொழிலாளர்கள் வளையல்கள் அல்லது தண்டியா சின்னங்களை அணிகின்றனர்,angry,ta
பத்திரிக்கையாளரா அல்லது செய்தித் தொடர்பாளரா என்று தெரியவில்லை,angry,ta
"ஆதர்ஷ் பிரேர்னா பாந்தர், மறைந்த பூஜ்யா நாம்தேவ் டி கெய்க்வாட் (அம்மா) அவர்களின் நினைவு நாளில் அவரது நினைவு நாளில் அவருக்கு இதயப்பூர்வமான அஞ்சலி.",happy,ta
லாப நஷ்ட அரசியலில் நாடு மீண்டும் அடிமை நிலைக்கு செல்லுமா?,angry,ta
"உண்மை, அதிகாரத்தின் ஆட்சி நீண்ட காலம் நீடிக்காது",angry,ta
அவர் ஏற்கனவே ஒரு துரோகி. .. நரேஷ்,angry,ta
"ஓ, அவன் என்ன பேசுகிறான் என்பதை உணர்ந்து கொண்டான்... தனக்குள் சிரித்துக் கொண்டான்",angry,ta
நேபாளத்திற்கு எந்த விலையும் கொடுக்க வேண்டாம் என்று முடிவு செய்தது.,angry,ta
....பாப்பி தாக்கரேவை ஆதரித்தது மிகப்பெரிய குற்றம்.,angry,ta
கோல் இல்லாமல் தன்னால் ஒன்றும் செய்ய முடியாது என்கிறாள்,angry,ta
துரோகம் உங்கள் இரத்தத்தில் உள்ளது ஐயா,angry,ta
உங்களைப் போன்றவர்களை நீங்கள் புரிந்துகொள்கிறீர்களா? இது இப்படி செல்கிறது…,angry,ta
"விவசாயிகளைப் பற்றி எல்லோரும் கவலைப்படுகிறார்கள், ஆனால் விவசாயிகளைப் பற்றி யாரும் கவலைப்படுவதில்லை.",sad,ta
இவ்வளவு பெரிய வளரும் நாட்டிற்கு இது அவமானம்.,sad,ta
"உத்தவ் பாலாசாகேப் தாக்கரேவுக்கு சிவசேனா பிரசாரம் செய்கிறதா? ""பாலா சாகேப்பின் சிவசேனா"" ஒழிக்கப்பட வேண்டும்.",angry,ta
ஊழல் குறைவு,angry,ta
ஏன் இங்கிருந்து நகரக்கூடாது?,angry,ta
வேற்றுகிரகவாசிகள் இதற்கு முன் விழுந்தார்களா இல்லையா?,angry,ta
"கிலோ கணக்கில் கவலை வேண்டாம்... அதே நோக்கம், எடை குறைப்பு...",angry,ta
தயவு செய்து பணியை விரைவுபடுத்துங்கள். காலதாமதத்தால் தேர்வர்கள் கடும் அவதிக்குள்ளாகியுள்ளனர்.,sad,ta
இந்த டயலாக்கைச் சொல்ல கடந்த இரண்டரை வருடங்களாக விரல் விட்டதா????,angry,ta
"ஏய், எத்தனை மனிதர்கள் இருந்தாலும், எளிய வழிபாடுகளால் கூட இந்தக் கொடூர அரசியலை மூழ்கடிக்க முடியாது",angry,ta
இந்த நடுத்தர வர்க்கத்தால் மக்கள் கட்சியை விட்டு வெளியேறினர்,angry,ta
மனிதர்கள் கூட சேற்றில் புதைந்து நடக்கிறார்கள்,angry,ta
இத்திட்டத்தை வீட்டு உரிமையாளர்கள் இலவசமாக செயல்படுத்த வேண்டும்.,angry,ta
அதாவது டீக்குப் பிறகு அவளை அடிக்க வந்து என்னை அடிக்கிறான்,angry,ta
ஏன் அதுல் சர் குன்ஸைப் பார்க்கிறீர்கள்?,sad,ta
தனது கட்சி எப்போது உருவாக்கப்பட்டது என்பது ஜனாதிபதிக்கே தெரியாது,angry,ta
என்னை பங்களாவிற்கு அழைத்துச் செல்வது சரியா?,angry,ta
"வெற்றி பெற விரும்புபவர்கள், அரசியல் செய்பவர்கள், தோற்க விரும்புபவர்கள் அன்பு",happy,ta
இது மூடநம்பிக்கை,neutral,ta
அதாவது அழுக்கு சாப்பிட வேண்டுமா!!!!,angry,ta
எல்லாமே கூட்டம்,neutral,ta
துரோகி கட்சித் தலைவரைப் பற்றி பேச ஆரம்பிப்போம்,angry,ta
முதியவருக்கு பைத்தியமா?,angry,ta
"ஜஹீர்நாமாவில் ஸ்கை பஸ் மற்றும் ரிங் ரோடு கட்டப்பட வேண்டும், ஆனால் அவர்கள் அதை இன்னும் பார்க்கவில்லை.",angry,ta
"அவர் எதுவும் சொல்லவில்லை, நீங்களும் சொல்லுங்கள்...",angry,ta
இந்த விருதைப் பெறுவதற்கு வருகை மற்றும் புகைப்படம் தேவையா?,angry,ta
"மும்பையில் உங்களுக்கு கண் வலி, கண் வலி அல்லது தொற்று ஏற்பட்டால் உடனே இதை செய்யுங்கள்...",neutral,ta
"உன்னுடையது கூட போய்விட்டது பார், ஒரு கட்டை கூட எரியாது அப்பா.",angry,ta
கடந்த இரண்டரை ஆண்டுகளில் அமைக்கப்பட்ட சாலைகள் அகற்றப்பட்டதா?,angry,ta
என்றது கழுதை,angry,ta
உண்மையான எதிரியை விட மறைக்கப்பட்ட நண்பன் ஆபத்தானவன் என்பதை பாஜக நினைவில் கொள்ள வேண்டும்.,angry,ta
"இப்போது தவளை மியாவ், நீ ஏன் பயப்படுகிறாய்?",angry,ta
ஏய் நண்பா.. நீயும் ரைகர் செய்தாயா..!! இல்லை புரியவில்லை..!! இப்போது..!! ஏழை..,angry,ta
துரோகிகளுக்கும் பாலாசாகேப் தாக்கரேவுக்கும் எந்த சம்பந்தமும் இல்லை.,angry,ta
இதுவே குறைந்தபட்சம்,angry,ta
"அடப்பாவி, கோபப்படு, உன் புதிய அப்பாவை உதை.",angry,ta
பிஜேபியிடம் தோற்றுவிடுவோம் என்பதை அவர்கள் உணர்ந்திருக்க வேண்டும்.,neutral,ta
"குணமடையாமல் இருந்து பாடம் அமைதியாகிவிட்டால், பொது மீட்பு வாஸ் மூலம் தொடங்குகிறது.",angry,ta
துரோகிகளுக்கு ஏற்றது அல்ல,angry,ta
எம்என்எஸ் பாஜகவின் பி கட்சி என்பதால் சிவசேனாவுக்கு எதிராக மட்டுமே பேசுகிறார்கள்.,angry,ta
அபேயின் பிரச்சனை என்ன? கவனிப்பு அவர்களின் மக்களை கோபப்படுத்துகிறது…,angry,ta
"உண்மை என்னவெனில்.. ஆசிரியர் கையிலிருந்து கரும்புகை போய்விட்டது, உலகமே கட்டுப்பாட்டில் இல்லை...!",sad,ta
இதிலிருந்து வாக்களிப்பது என்றால் என்னவென்று புரிகிறது...!!,angry,ta
"நீங்கள் ஒரு துரோகியாக இருந்து, அதே வடுவை அடுத்த தலைமுறைக்கு விட்டுச் செல்கிறீர்கள்.",angry,ta
"மிஸ்டர் எகனாமிஸ்ட், அது ஏன் குறைந்துவிட்டது என்று சொல்ல முடியுமா?",angry,ta
"ஏன் சிரிக்கிறீர்கள், திருமண அழைப்பிதழ் கிடைக்கவில்லை",sad,ta
"ஃபட்னாவிஸ் இப்போது என்ன செய்திருக்கிறார், அவரை ஏன் கேலி செய்கிறீர்கள்?",neutral,ta
அவர் பெயரில் மட்டுமே வாழ்கிறார் மற்றும் வருங்கால பாராமதியின் பிரதமரால் அனைத்து உத்தரவுகளும் வழங்கப்படுகின்றன.,angry,ta
அதுதான் கிருஷ்னேஷ்வர்.,neutral,ta
மக்கள் பைத்தியம் என்று நினைக்கிறீர்களா?,neutral,ta
உங்கள் பெட்டிக்கு வெளியே உணர்கிறீர்களா சார்?,angry,ta
ஆனால் நீங்கள் ஏன் பாகிஸ்தானின் தேசிய மொழி பேசுகிறீர்கள்?,angry,ta
"ஏய், உன் மார்பகங்களை நேராக்காதே",angry,ta
ஏன் தூங்குகிறாய்?... உள்துறை அமைச்சர் எங்கே?,angry,ta
எவ்வளவு பசித்தாலும்...,angry,ta
"கருப்பு தொப்பி, கருப்பு இதயம்!",angry,ta
"நீங்களும் பார்வையற்றவர், வேலையில்லாதவர்",angry,ta
எம்.எல்.ஏ.க்கள் அங்கிருந்து வந்து மும்பைக்கு வருகிறார்கள்.... அவுரங்காபாத்தில் இவ்வளவு நல்ல மருத்துவமனை இல்லையா...?,angry,ta
நீங்கள் தேர்வு செய்தால் பாருங்கள்,neutral,ta
) ஜோஷி வாதேவாலே ) வடேவாலே ஜோஷி எங்களுக்கு எங்கும் கிளைகள் இல்லை!,neutral,ta
இது ஒரு உண்மையான ஜென்டில்மேன்,angry,ta
"இல்லை, துரோகிகள் மீண்டும் எழுந்து தங்கள் இடத்தைக் காட்டுவார்கள்",angry,ta
வாழ்நாள் முழுவதும் மக்களை அச்சுறுத்தி பயமுறுத்தியவர்கள் இப்படியெல்லாம் பேசக்கூடாது.,angry,ta
"நாடு முழுவதும் குருடர்கள், ஒன்றிரண்டு பேர்தான் புத்திசாலிகள்",angry,ta
முதலில் உங்களுக்கு பாலா சாஹேப் ஆனால் முக்கிய பாலா சாஹேப் தேவராஸ்.. அனாஜிபந்த் சொல்வது சரிதான்..,angry,ta
"இல்லை, நீங்கள் என்ன செய்ய முடியும்?",neutral,ta
அது உத்தவ் சாகேப்பின் தந்தைக்கு சொந்தமானது,neutral,ta
நீங்கள் வேறு என்ன செய்ய வேண்டும்?,angry,ta
அவரது மூளை உண்மையில் தூங்க வேண்டும். என்ன நடக்கிறது,angry,ta
யார் அழுகிறார்கள் என்று நீதிமன்றம் கூறியது. மோசமான அரசியல் நடக்கிறது.,angry,ta
நீங்கள் அதே பிரபஞ்சத்தின் ஒரு பகுதி,angry,ta
அவர் என்ன எழுதுகிறார் என்று புரியாத முட்டாள்,angry,ta
இப்போது இந்த முட்டாள் நாட்டில் ராஜதந்திர ஆலோசகராக மாறியுள்ளார்.,angry,ta
சத்ரபதி... யஷ்வந்த்ராவ் சவான்... சரத் பவார்... தாக்கரே... மகாராஷ்டிரா என்ற பெயரை டெல்லியில் பெற்று அதை இழந்தார்.,sad,ta
"சொல்லுங்கள், நீங்கள் ஏன் தாக்கரே மீது துடைப்பத்தை வீச விரும்பினீர்கள்?",angry,ta
"ஆம், சாம் அல்லது லோக் சபா பெறப் போகிறது.",angry,ta
"உதய், கீழே உள்ள கருத்துக்களைப் படியுங்கள், மக்கள் உங்களை நிறைய கிளர்ச்சி செய்வார்கள்.",angry,ta
ஆனால் பெண்களை ட்ரோல் செய்து ஆண்மை காட்டுவது உண்மை.,angry,ta
அவுரங்காபாத்தில் உள்ள சிட்கோ காவல் நிலையத்தில் வழக்கு பதிவு செய்யப்பட்டுள்ளது.,neutral,ta
இப்போது சிறு குழந்தையாக நடிக்க ஆரம்பித்து விட்டேன்,angry,ta
இத்தனை வருடங்களாக என்ன நடந்துகொண்டிருக்கிறது தெரியுமா?,angry,ta
வளையல்களை உடைக்க வீரர்கள் மெதுவாக வந்தார்களா?,angry,ta
அப்போதும் சிவனின் வீரர்கள் அவரது விரல்களை அணிந்ததற்காக அவரை அறைந்தனர்.,angry,ta
விவசாயிகளின் துரதிர்ஷ்டவசமான உண்மையை முன்வைத்தவர்...,sad,ta
உங்கள் வேட்பாளர் வெடித்துவிடுவார் என்ற பிடிவாதத்துடன் ஓடுகிறீர்கள்,angry,ta
கீழே இருந்து எரியும் அனைவரையும் காயப்படுத்துகிறது,fear,ta
இந்த வேலை மிகவும் வேதனையானது. இது போன்ற செயல்களை தடை செய்ய வேண்டும்,angry,ta
பண்டாரப்பூர் கலாச்சாரம் எங்கிருந்து வந்தது?,neutral,ta
இந்த நாட்களில் பக்கச்சார்பற்ற கருத்தைச் சொல்லக்கூடியவர்கள் வெகு சிலரே!,neutral,ta
"நான் ஒரு புரோக்கர், பணத்தைப் பார்த்தீர்களா?",angry,ta
நீங்கள் எப்போதாவது முன் வந்து ட்விட்டரில் உங்கள் சேவையைத் தொடர்வீர்களா?,angry,ta
குஜராத் குடிமக்கள் ஒருபோதும் மோடியை எதிர்க்கத் தொடங்கவில்லை.,neutral,ta
நல்லா ஏறினா.. நாட்டைக் கொன்றாயா?,angry,ta
"வந்த பெட்டியில் இருந்து கொடுக்க வேண்டும், மக்கள் பணத்தை இப்படி வீணாக்க கூடாது.",angry,ta
அதாவது பெட்டிகள் தீர்ந்துவிடவில்லை மற்றும் ஓய்வூதியம் பயனுள்ளதாக இருக்கும்.,angry,ta
ஒரு நாட்டின் நிதி அமைச்சருக்கு இப்படி ஒரு விஷயம் பொருந்துமா???,angry,ta
ஃபட்னாவிஸ் தன்னால் பேச முடியாததால் பன்றி வளர்த்திருக்கிறாரா?,angry,ta
"குழந்தைகள் தூங்கும் போது ""நான் உன்னை நாளை கொல்வேன்"" என்று செய்திகளை விடுங்கள்.",angry,ta
இன்று வேலையில்லாதவர்கள் பட்டினி கிடக்கும் அளவுக்கு அதிகமாக வேலை செய்கிறார்கள்... தொடரவும்,angry,ta
"இப்போது நண்டு, வண்டல் மண்ணைக் கண்டுபிடித்தவர்களும் அரசியலுக்கு வரத் தொடங்கிவிட்டார்கள்...!",angry,ta
"அதாவது, அங்கேயும் நிறைய நெப்போடிசம் இருக்கிறது.",neutral,ta
"வாகனங்கள் தண்ணீரில் சிக்கிக் கொள்கின்றன, இப்போது அவற்றின் பின்னால் ஓடி இங்கே சூர்யவன்ஷிக்கு உட்காருகின்றன",angry,ta
பலருக்கு இந்த வகை புழுக்கள் இருக்கும்.,angry,ta
"OBC கார்ப்பரேஷன் எப்போது நியமிக்கப்படுகிறது? வெறும் அப்பாயிண்ட்மெண்ட்டுகளுக்கு மட்டும் தீர்வுகாணாதீர்கள், அவர்களுக்கும் நிதியுதவி செய்யுங்கள்!",neutral,ta
"நீங்கள் தீவிர இந்து என்று சொன்னால், ஏன் சாவர்க்கருக்கு பாரத ரத்னா வழங்கக்கூடாது?",angry,ta
“மராத்தியில் பேசினால் பலன் கிடைக்குமா?” என்ற வரலாறு காணாத அரசியல் இயலாமைக்கு மகாராஷ்டிரா சிறந்த உதாரணம்.,angry,ta
இவ்வளவு அபாயகரமான மழையை ஒரே இடத்தில் பார்த்ததில்லை...,fear,ta
அனைத்து வகையான காய்கறிகளின் விலையும் உயர்ந்துள்ளது. காலை வணக்கம்!,neutral,ta
"இப்போது நாம் இந்த தெருநாய்களிடமிருந்து கற்றுக்கொள்ள வேண்டும், நாம் ஒவ்வொரு நாளும் அத்தகைய நாய்களை துரத்துகிறோம்",angry,ta
உங்களில் யாராவது பாகிஸ்தானுக்குச் சென்று அழைக்கப்படாத பிரியாணி சாப்பிட்டீர்களா?,angry,ta
"நீங்கள் MNS தலைவர்கள் தங்கள் பலத்தை காட்டுகிறீர்கள், BJP வேலை செய்கிறது.",angry,ta
"பாந்த்ரா ரயில் நிலையம் அருகே ஒரு பாழடைந்த ஸ்கைவாக் இடிந்து விழுந்தது, ஆனால்...",neutral,ta
கழுவிய அரிசி...உண்மையில் ஊழல்வாதியா?,angry,ta
உங்கள் ஆடைகள் அழுக்காக இருந்தால் மற்றவர்களின் ஆடைகளை ஏன் துவைக்கிறீர்கள்?,angry,ta
இதுவரை இந்த டீ-பிஸ்கட் தேர்தல் ஆணையம் பாஜகவின் பி-டீமாக பதவி உயர்வு பெற்றுள்ளது.,angry,ta
"அவர் பெரியவர்.. சரி, அந்த நிர்பயா பிரிவை பற்றி ரசிகர்கள் ஏன் நினைத்தார்கள்?",angry,ta
காலையிலேயே என்னை பச்சையாக கொன்றாயா.. ஷீத்தல் ஜி..,angry,ta
இந்தப் பெண்ணின் கேவலமான பார்வைகளுக்காக நீங்கள் வழக்குத் தொடருவீர்களா?,angry,ta
உங்கள் கட்டைவிரலால் நீங்கள் நல்லவர் என்று உலகம் முழுவதும் தெரியும்,angry,ta
"Rudy's Dow Superpower மும்பையில் வேட்பாளர்களைப் பெறவில்லை, அதனால் அவர்களின் மதிப்பு என்னவென்று உங்களுக்குத் தெரியும்",angry,ta
அதற்கு அவர்கள் பணம் கொடுக்க விரும்பவில்லை. அவர்கள் மெதுவான வீரர்கள்,angry,ta
ஷிண்டே ஃபட்னாவிஸ் அரசு கொள்ளையடிக்கும் அரசு,angry,ta
"இது நேர்மையான பத்திரிக்கையாளர்கள் மற்றும் சேனல்களின் வேலை, துரோகி பத்திரிக்கையாளர்கள் அல்ல.",angry,ta
"இந்து, ஜாதி என்ற வார்த்தைகள் எங்கே இருக்கின்றன உனக்கு கண்கள் இருக்கிறதா?",angry,ta
இது உங்கள் முட்டாள்தனமான திவால். ......,angry,ta
மட்ஜியில் இந்தியா உலகை வழிநடத்துகிறது மற்றும் இந்தியாவில் மண்புழுக்கள் உலாவுகின்றன,angry,ta
"இந்த வார்த்தைகளை அப்பா சொல்லியிருக்கக்கூடாது, மன்னிக்கவும் தம்பி என்று சொல்ல நினைத்தார்",angry,ta
பங்களாவிற்கு அழைத்துச் சென்று கொன்றதற்கு என்ன பரிசு?,angry,ta
"மராத்வாடாவில் மீண்டும் கனமழை, 'ஈ' மாவட்டங்களில் பாதிப்பு!",neutral,ta
"டாடா குழுமத்தின் மாபெரும் நடவடிக்கை! பட்டியலிடப்பட்ட நிறுவனங்களின் எண்ணிக்கை பாதியாகக் குறைக்கப்படும், இது மில்லியன் கணக்கான பங்குதாரர்களைப் பாதிக்கும்.",neutral,ta
"இந்து மதம் தாக்கப்படும் தருணத்தில், ஷிலக் சேனாவும் முடிவுக்கு வருவது உறுதி.",angry,ta
ஷரத் சக்தி அதிக ஆபத்தானதா அல்லது குறைவானதா? பதில் சொல்லுங்கள்.,angry,ta
இந்த மக்கள் ஷிண்டே வம்சத்தை எதிர்த்தனர்,neutral,ta
இப்போது யாரும் இந்த அழைப்பை எடுக்கவில்லை,neutral,ta
முன்னதாக தொலைக்காட்சி நடிகை கனிஷ்க் சோனி சஜித் கான் மீது குற்றம் சாட்டினார்.,neutral,ta
இந்த பெண் இப்போது முழு வல்லரசுகளுடன் அடக்கம் செய்யப்படுவார்,happy,ta
இது ஏன் நடக்கிறது? உங்களுக்குள் ஏதாவது விளையாட்டு இருக்க வேண்டும்.,fear,ta
அந்த ஆண்டிலிருந்து யாரோ ஒரு ஆர்வலரைப் பின்தொடர்வதைப் பெறத் தொடங்கினார்கள். என்ன ஒரு தற்செயல்,angry,ta
வறுமையைப் பொறுத்த வரை. குழந்தைகள் சரியான நேரத்தில் வீடு திரும்பினர்.,neutral,ta
மாநில வேலை இடங்களை குறைப்பீர்களா ஐயா.. இந்த அரசு கேட்கவில்லை,neutral,ta
நம் நாட்டில் சேரிகளின் எண்ணிக்கை அதிகரித்து வருகிறது என்பதற்கு இது ஒரு நல்ல உதாரணம்!!! கடவுளே என்னைக் காப்பாற்று!!!,angry,ta
- வனத்துறையினரால் புலிகள் பிடிப்பு; மக்கள் தாக்கப்படுகிறார்கள்,neutral,ta
"""அப்பே"" என்று வெட்கப்பட வேண்டாம் ஐயா. மற்றவர்களைப் பற்றியும் சிந்தியுங்கள்...",angry,ta
இந்த நாட்களில் ஹன்ஷான்டாங்குகளும் பிரபலமாக உள்ளன,angry,ta
ஷிண்டேவின் கோபம் தொடர்கிறது..! இது கருப்புக் கல்லில் வரையப்பட்ட வெள்ளைக் கோடு.,angry,ta
தாக்கரேயுடனான சண்டையில் நாகர்களை ஏன் அவமதிக்கிறீர்கள்?,angry,ta
களத்தில் போட்டியிடுவது அவ்வளவு கடினமா சொல்லுங்கள்?,angry,ta
எவ்வளவு மழை பெய்யும் என்பதை மாநகராட்சி முடிவு செய்யாது - துணை முதல்வர் தேவேந்திர ஃபட்னாவிஸ்.,neutral,ta
இப்போது ஃபுல் டாஸ் முன்னால் வந்தால் அந்த அணி தோற்க வேண்டும்.,happy,ta
பாஜகவை அனைத்து சாமானிய மக்களும் புரிந்து கொள்ளவில்லை,angry,ta
இவ்வுலகில் மிகக் கீழ்த்தரமான ஆசான்... இந்த கீழ்த்தரமான நயவஞ்சகனையும் அல்லாஹ் தண்டிப்பான்...,angry,ta
"இது கொடுமையின் உச்சம், பெரும் சக்திகள் விதவைப் பெண்ணைக் கண்டு அஞ்சுகின்றன.",angry,ta
இல்லை... பிஜேபி என்ற துரோக அடிமை பட்டாளத்தை எழுப்புங்கள்,angry,ta
ஆனால் கொன்று தின்ற கேரள மக்களை ஏன் அழைத்துச் சென்றார்கள்?,angry,ta
பல புறநகர் பாலங்களும் பகுதியளவில் உள்ளன. ஆனால் நீங்கள் அதை சேர்க்கக்கூடாது,angry,ta
எம்என்எஸ் அதன் பெருமையை விட்டுக்கொடுத்து மீண்டும் சிக்கலில் சிக்கக்கூடும்; கைது என்று ஒரு வாள் தொங்குகிறது,fear,ta
செம்பட் பொரக் சங்கேல் என்பது இதன் கலை,angry,ta
"மராத்திக்காக காத்திருக்க உங்களுக்கு உரிமை இல்லை, அன்பே குதிரை!",angry,ta
'சிவசேனாவை விலைக்கு உடைத்த பாஜக'; ஜெயந்த் படேல் புகார்,angry,ta
அரசு என்ன செய்தாலும் சிலருக்கு திருப்தி இல்லை! அவரது அணுகுமுறை!,angry,ta
வக்கீல்கள் கோர்ட்டில் வேலை பார்ப்பதில்லை எனவே இங்கு பயிற்சி செய்யுங்கள்.,angry,ta
தேர்தலில் தோற்று தாரா எங்கே போனார்?,angry,ta
"ஒரு பயங்கரமான சோகம், மற்றும் மகாராஷ்டிராவின் மற்ற பகுதிகள் பாதிக்கப்பட்டுள்ளன.",sad,ta
"இது உண்மைதான், ஆனால் மிகச் சிலரே செய்கிறார்கள்",neutral,ta
எல்லாமே உயர்ந்த காரணத்திற்காக நடக்கிறது,neutral,ta
"ஒரு நாடு தொடர முடியாது என்றும், நேபாளம் இந்தியாவுடன் இணைக்கப்படும் என்றும் அவர் கூறினார்.",neutral,ta
கனமழையால் விவசாயியின் குழந்தை பரிதாபமாக உயிரிழந்த சம்பவம் நெஞ்சை நெகிழ வைத்தது,sad,ta
பாஜக நகர தலைவர் தற்கொலை,sad,ta
முக்கியமான விஷயங்களைத் தவிர மற்ற அனைத்தும் உங்களுக்குக் காட்டப்படும்...,neutral,ta
பதவிக்காக எதையும் செய்யக்கூடிய அரசியல்வாதிகள். உங்கள் முடிவு பயங்கரமாக இருக்கும்.,angry,ta
"பானைகளின் தொகுப்பு சேகரிக்கப்பட வேண்டும், இல்லையெனில் ஒவ்வொன்றும் காண்பிக்கப்படும். தாக்குதலுக்குப் பிறகு சந்தோஷ் பங்கர் ஆக்ரோஷமாக பதிலளித்தார்.",angry,ta
மீதி ஷேனிகன்கள் சந்தோஷப்பட மாட்டார்கள்.. ரிதுஜா லத்தும் எதிர்காலத்தில் ஷிண்டே குழுவில் சேருவார்.,angry,ta
காங்கிரஸ் வந்ததா? எனவே நீங்கள் ஏன் நடனமாடுகிறீர்கள்?,angry,ta
லோக்சத்தா ஒரு விற்பனையான செய்தித்தாள். கிரிஷ் குபேர் ஒரு பொய்யர்.,angry,ta
இறந்தவுடன் புதைக்கவும்,angry,ta
இது இனவாதம்,angry,ta
அரசியல் மதம் மற்றும் பாரம்பரியத்தைச் சுற்றி வருவதால் பாஜக அதைச் செய்யும் என்று நான் நினைக்கவில்லை,neutral,ta
வாயில் டார்ச்சைப் பிடித்துக்கொண்டு 'ஃபட்லி ரே ஃபட்லி பத்து அடி ஃபட்லி ஐஸ்கிரீம்' என்று நினைத்தால் இதுதான் நடக்கும்!,angry,ta
செம்பத்ய முதல்வர் கண்ணீர் மல்க ராணா மீது வழக்குப் போட்டது உதவுமா?,angry,ta
"தேர்தல் ஆணையம், அரசின் கைப்பாவையாக இருந்து, பாரபட்சமற்ற முடிவுகளை எடுக்கவில்லை.",angry,ta
இப்போது மழையால் மிகவும் கவலையாக இருக்கிறேன்,neutral,ta
உங்கள் ஈகோ காரணமாக கட்சி பெயரையும் தேர்தல் சின்னத்தையும் உங்களால் நிலைநிறுத்த முடியவில்லை. முதலில் யோசியுங்கள்.,angry,ta
பிரதிநிதியிடம் ஏதாவது சொல்ல வேண்டுமா?,angry,ta
ஒரு சகோதரி தன் சிறிய சகோதரனுக்கு இவ்வாறு பெயரிட்டால் மற்றவர்கள் என்ன சொல்வார்கள்?,angry,ta
"மதச்சார்பின்மை என்பது மூடநம்பிக்கை அல்ல, அது முட்டாள்தனம், நான் ஒரு தீவிர இந்து, இந்தியா ஒரு இந்து நாடு என்று நான் நம்புகிறேன்.",happy,ta
"அடையாளங்கள் இல்லை, பெட்டிகள் அதிகமாக உள்ளன, அடையாளங்கள் மற்றும் பயன்படுத்தப்படாதவை",angry,ta
எது மிகை ?? அது என்ன வீடியோ,angry,ta
முதலில் நீ ஒரு துரோகி.,angry,ta
இது எந்த மாற்றத்தையும் ஏற்படுத்தாது,neutral,ta
"பதவியை ராஜினாமா செய்து தேர்தலை சந்திக்கவும், அதன் மூலம் மக்கள் தங்கள் பலத்தை காட்ட முடியும்.",angry,ta
உங்களுக்கும் உங்கள் ஆசிரியருக்கும் வித்தியாசம் இல்லை,angry,ta
ஹெராயின் மட்டும் எடுத்துச் செல்லப்பட்டது.,neutral,ta
"வளையலை உடைத்து, விதவையை துக்கப்படுத்து, இப்போது பரிசுத்தமாக இரு",angry,ta
பட்டாசு வெடிப்பதால் மாசு ஏற்படும் என்பதை நினைவில் கொள்ளுங்கள்.,angry,ta
"நீ சாணம், மதவெறி தெரிந்தால் உனக்கு அறம் இல்லை.",angry,ta
ஏன் இவ்வளவு அமைதி? ரகசியமா?,fear,ta
அவர் தனியாக இருக்கிறார்,angry,ta
"இது ஒரு மராத்தி மனிதனுக்கு இழைக்கப்பட்ட அவமானம், ஒரு மராத்தி கலைஞருக்கு செய்த மிகப்பெரிய அவமானம்.",angry,ta
"அவர்கள் அழுவதில்லை, தலையை ஆட்டுகிறார்கள்",angry,ta
அந்த பணத்தில் மோடி பல வீடுகளை வாங்கினார். எனவே அதை தேய்க்கவும்,angry,ta
"கற்பழிப்பு நடக்காது, சில ஆண்கள் தங்கள் பசியை திருப்திப்படுத்துகிறார்கள் - பயனற்ற ஆபத்து",angry,ta
மேலும் இந்த கலியுகத்தில் சோகம் என்னவெனில்... நல்லவர்களுக்கு மட்டுமே துரதிர்ஷ்டம்.,sad,ta
மகாராஷ்டிராவில் வேலைவாய்ப்பு என்பது பிரதமரின் கையில்தான் உள்ளது.,angry,ta
இந்த ராஜ் தாக்கரே இலவசமாக தாக்குகிறாரா அல்லது பாஜகவிடம் கட்டணம் வாங்குகிறாரா?,angry,ta
"அப்புறம் கோர்ட்டில் சொல்லாதே, சொல்லு. பாஜக ஏன் ஓடுகிறது?",angry,ta
இந்துத்துவா அரசு என்பது இந்துக்களை ஒடுக்கும் அரசா?,angry,ta
இந்த சிங்கிள் எதைக் குறிக்கிறது சார்?,angry,ta
ராஜினாமா செய்யத் துடிக்கும் உங்களைப் போன்ற ஒரு குழுவின் கலாச்சாரம் உங்களுக்கு நினைவில் இல்லையா?,angry,ta
"மெட்ரோ நகரங்கள் போன்றவை இல்லை, பொதுவான தகராறுகள், தவறான புரிதல்கள் அல்லது சண்டைகள் மூன்றரை மாவட்டங்களில் மட்டுமே காணப்படுகின்றன.",neutral,ta
டால்டா உன்னை வரவழைத்து உன்னைக் கொல்ல விரும்புகிறாள்.,angry,ta
விஜய் தர்தா ஒரு குழந்தை,angry,ta
ஏழைகள் இன்னும் எத்தனை சிரமங்களை சந்திக்க நேரிடும்?,sad,ta
ஆதாரம் இருந்தால் புகார் கொடுங்கள்.. உங்களுக்கு ஏன் கிரிட் சோமையா?,angry,ta
இது நிச்சயம் சண்டையை ஏற்படுத்தும்,angry,ta
"புத்வாராவுக்குப் பின்னால் ஒரு வீடு இருப்பதால், அங்கு செல்பவர்களும் அதைப் பார்க்கிறார்கள்",angry,ta
கோவிலுக்கு வெளியே பிச்சை எடுக்க இவ்வளவு சுதந்திரம்...,angry,ta
கருத்துப் போரில் ஆயுதங்கள் இல்லை. ---- கிரிஷ் குபேர்,happy,ta
பாலா சாகேப் படிக்காத காய்கறி விற்பவரை சிவசேனா தலைவராக்கினார்.,happy,ta
"அதன் விளைவுகள் அவர்கள் கண் முன்னே காணப்பட்டன, எனவே அவர்கள் இந்த பின்வாங்கலைத் தொடங்கினர்",sad,ta
"தன்னம்பிக்கையும், தைரியமும் இன்னும் போகவில்லை, வேலையில்லாத் திண்டாட்டம் தான் நாம் இன்னொன்று தவித்துக்கொண்டிருக்கிறோம்.",happy,ta
பாலாசாஹிப்பை புறக்கணிக்கும் கட்சி அக்கட்சியின் தீபத்தை ஏற்றுமா?,angry,ta
பல பார்வையற்ற ரசிகர்களைக் கொன்றது அவரது ஒரு பகுதியாகும்.,angry,ta
சட்டமன்ற உறுப்பினர்களின் தகுதி நீக்க வழக்குகள் தனியாக விசாரிக்கப்படும் என்று சிலர் கூறுவது உண்மையா?,neutral,ta
இது அநியாயம் என்பதால் அதிக அனுதாபம் கிடைக்கும் என்பது உறுதி..!,sad,ta
"காரடி, முண்ட்வா, ஹிஞ்சேவாடி, பீமன் நகர் எல்லாமே இவர்களால் ஸ்தம்பித்துப் போகின்றன.",angry,ta
உங்களைப் போன்ற முட்டாள்களால் இப்போது காவல்துறையினரை விட மக்கள் பத்திரிகையாளர்களை அத்துமீறுகிறார்கள்.,angry,ta
ஏன் இடுப்பில் கை வைத்து போஸ் கொடுக்கிறீர்கள்?,angry,ta
"இதற்குப் பிறகு பர்மதியைக் குறிப்பிடுங்கள், மிஸ்டர் பாக்கெட் பத்திரிகையாளர்",angry,ta
டாங்கிலா சோம்பல்கா ஃபட்னாவிஸ் என்ற பெயர் ஏன் வந்தது?,angry,ta
ஜோதியை தேர்தல் சின்னமாக வழங்கிய தேர்தல் ஆணையத்தின் முட்டாள்தனமா?,angry,ta
கடுமையாக உழைத்து தங்கப் பதக்கம் வென்றார். நீங்கள் துரோகத்தால் அதிகாரம் பெற்றுள்ளீர்கள்.,angry,ta
தண்ணீர் சேகரிக்க மட்டுமே குழி தோண்டப்படுகிறது. இன்னும் கொஞ்சம் நேர்மறையாக இருங்கள்.,angry,ta
மேலும் மராட்டியர்களுக்கு இடஒதுக்கீடு வழங்க அரசிடம் சொல்லுங்கள்...,angry,ta
"நல்லதோ இல்லையோ, பரிதாபத்திற்காகவும் ஆத்ம திருப்திக்காகவும் வாழ்க்கை கடந்து செல்கிறது",angry,ta
ஆனால் அந்த கட்சியின் துரதிர்ஷ்டம் உங்களைப் போன்ற சுதந்திரமானவர்களின் வருகையால் கட்சியின் பெயர் கெட்டுப் போகிறது.,angry,ta
"மகாராஷ்டிர நலன்களைப் பற்றி பேசும் மாயோ காங்கிரஸார், எதிர்கால நாகர்சேவக் ஒரு பெரிய நகைச்சுவை",angry,ta
இது போன்ற அதிருப்திகளின் கோரிக்கை,sad,ta
ஆனால் இந்த மணல் எங்களால் (கடுமையான இந்துக்கள்) ஏற்கப்படவில்லை!!,angry,ta
அறிய வழி இல்லை,neutral,ta
மாணவர்களுக்காக முதலீடு செய்ய தயங்காதீர்கள் மற்றும் உங்கள் நாட்டின் எதிர்காலத்தை கட்டியெழுப்ப பாடுபடுங்கள்.,angry,ta
ஒரு பணப் பதவியைப் போல மேடம் உங்கள் ஆன்மாவை குருட்டு பக்தியில் விற்கிறீர்கள்,angry,ta
துரோகிகளுக்கு இதுதான் நடக்கும்,angry,ta
உண்மையில் ஆற்று மழையா அல்லது ஆற்று வாய்க்காலில் அலை மழையா?,happy,ta
குற்றம் சாட்டப்பட்டவர்கள் மகாராஷ்டிராவின் நாந்தேட் மற்றும் சோலாப்பூரில் உள்ள ஷம்பாஜிநகர் ஆகிய இடங்களில் நாடு முழுவதும் PFI கள் மீதான மற்றொரு தாக்குதலில் கைது செய்யப்பட்டனர்.,neutral,ta
ஆனால் அவர்களிடம் ஏன் எதிர்பார்க்க வேண்டும்,angry,ta
"துரோகி, கவசம்-வாள் சின்னத்தால் என்ன பயன், உங்கள் வாழ்நாள் முழுவதும் ஒரு ஆடையின் பின்னால் மறைக்க விரும்புகிறீர்கள்.",angry,ta
"நீங்கள் ஒரு பத்திரிகையாளர், அது உங்கள் மாயை.",angry,ta
பத்தலா போகண்டி எடுப்பாரா?,angry,ta
"அவர்கள் கவலைப்படும் அளவுக்கு முக்கியமில்லை, அவர்களுக்கு மதிப்பு இல்லை.",angry,ta
எங்களுக்கு நன்றி ஆனால் ரோஸ்டர்களுக்கு அல்ல,angry,ta
உடைந்ததா?,angry,ta
நீங்கள் விளையாடுவது போல் உங்கள் அரசும் இருக்கிறதா?,angry,ta
சட்டமன்ற உறுப்பினர்களின் தகுதி நீக்கம் குறித்த முடிவு எப்போது எடுக்கப்படும்? !,neutral,ta
மக்கள் மாற்றாக MNS பக்கம் பார்க்கிறார்கள்.,neutral,ta
"தேவேந்திரன் குழப்பமடையவில்லை, அவர் தெளிவாக இருந்தார்.",angry,ta
நெஞ்சார்ந்த அஞ்சலி! இந்த இழப்பைத் தாங்கும் வலிமையை வேதக் குடும்பம் பெறட்டும்... ஓம் சாந்தி!,sad,ta
"எதிர்ப்புகள் பிரச்சினை, சித்தாந்தம், மற்றும் நபர் மையமாக இருக்க வேண்டும். எதிர்க்கட்சிகளை எதிர்ப்பது வெறும் முட்டாள்தனம்",happy,ta
கட்சியை சரியாக நிர்வகிக்க முடியாத தலைவரை ஏன் தேர்ந்தெடுக்க வேண்டும்?,angry,ta
பாப்ரே போருக்குச் சென்றது போல் சூழல் நிலவியது.,happy,ta
நகலெடுத்து அனுப்பவும். நீ ஒன்றுமில்லை,angry,ta
டிக்கா ஒழிப்பு பணமதிப்பிழப்பு நடவடிக்கையால் வன்முறை மற்றும் ஊழல் குறைந்துள்ளது.,angry,ta
ஏழு லட்சம் ரூபாய் மதிப்புள்ள சிக்கன் மெஸ்; காவல்துறை செய்தது...,neutral,ta
உங்கள் முச்சக்கரவண்டி ரிக்ஷா கவிழ்ந்தது அல்லவா?,angry,ta
அப்படிப் புரிந்திருந்தால் கல்வியில் இப்படிப்பட்ட அரசியலைக் கொண்டு வந்திருக்க மாட்டார்கள்.,angry,ta
இல்லாவிட்டால் இந்த துரோகிகளை இப்படித்தான் சந்திக்க நேரிடும்.,angry,ta
எல்லோரையும் கொல்லும் சதித்திட்டமாக இருக்கலாம்.,happy,ta
கருப்பு பாஸ்டர்ட் அல்லது பாப்லோ.,angry,ta
"ஏய், கோபர் என்ன சாப்பிடுறாரு?... தடவ ஆரம்பித்தார், ஆனால் எதற்காக நடவடிக்கை எடுத்தார் என்று சொல்லவில்லை.",angry,ta
லஞ்சம் வாங்குபவர்கள் ஏற்கனவே வழிதவறிவிட்டார்கள்...இப்போது மக்கள்தான் அவர்களைப் பார்த்துக்கொண்டிருக்கிறார்கள்.,angry,ta
உன்னால் பேச முடியுமா,angry,ta
"என்ன நடந்தது என்றால், உங்கள் உண்மையான சைபர் பரம்பரை தெரியும்.",angry,ta
தேசியவாத காங்கிரஸ் கட்சியில் இரு கோஷ்டிகளாக இருப்பதால் சண்டை நடந்து வருகிறது.,neutral,ta
"உங்கள் மூளை முழங்காலில் உள்ளது, நண்பரே? டிசம்பர் விளையாடியது.",angry,ta
இரண்டு நாட்கள் மற்றும் அனைத்து துரோகிகளும் வெளியேறினர்,angry,ta
"பார், நீங்கள் விதர்பாவில் இறங்கப் போகிறீர்கள்.",fear,ta
ஆனால் பவார் சாஹிப் ராஜீவ் காந்தியின் முன் பணிந்து இந்த மரியாதையை கெடுத்துவிட்டார்.,angry,ta
இதனால் பாஜக விரைவில் நாட்டை விட்டு மறைந்துவிடும்.,angry,ta
"ஒரே அடி, இரண்டு துண்டு என பேசும் சந்தோஷ் பங்கருக்கு சிவசேனாவின் பகிரங்க சவால்!",angry,ta
"உயிர் பிழைக்கும் விவசாயிகளுக்கு ஆதரவு அளியுங்கள், அதிகரித்து வரும் விவசாயிகள் தற்கொலையை முதல்வர்",sad,ta
இது மனிதனால் உருவாக்கப்பட்டது மற்றும் அதன் முக்கிய நோக்கம் மனிதர்கள் அனுபவிக்க வேண்டும். அடியார்கள் வேலைக்காரர்களைப் போல் நடந்து கொள்ள வேண்டும்.,angry,ta
எனவே நான்கு நித்திய விழிப்புணர்வுகள் உள்ளன.,neutral,ta
துரோகி என்ற பட்டம் உங்கள் பிறப்புரிமை.,angry,ta
உணவுக்காக தானியத்தையும் சாணத்தையும் ஏன் சாப்பிட வேண்டும்? நான் ரசிகன் என்பதால் கேட்கிறேன்,angry,ta
"அவர்கள் மட்டுமே பேச வேண்டும், மற்றவர்கள் பேச முயற்சிக்கும் போது அந்த சக்திக்கு பயப்படுகிறார்கள்",angry,ta
திரு பாலா யார்? ஏன் அவருடைய முழுப்பெயர் இல்லை? ஏனெனில் அம்சத்திற்கு மதிப்பு இல்லை.,angry,ta
அப்புறம் எதற்கு இங்கே சிரமப்பட்டு மராத்தி பேச வேண்டும் என்று எனக்குக் காட்டு,angry,ta
அதாவது தேசவிரோத சிந்தனை கொண்டவர்களும் இருக்கிறார்கள்.,angry,ta
இப்போது இருண்ட பெண் என்ன அமர்ந்திருக்கிறாள்? தந்தை ஏன் உட்காரவில்லை? அப்பாவுக்கு இது போதாதா? ஹிஹிஹி,angry,ta
உள்ளூர் அளவில் பிளாக்மெயில் நடக்கிறது,angry,ta
யாராலும் குறிப்பிடத் தக்க பெயர்!,neutral,ta
எவ்வளவு மழை பெய்யும் என்பதை மாநகராட்சிகள் முடிவு செய்வதில்லை - தேவேந்திர ஃபட்னாவிஸ் அதிகார பைத்தியம்,angry,ta
நீங்கள் முதல்வர் ஆவதை பற்றி ஏன் பேசவில்லை??? உங்கள் மீது நம்பிக்கை இல்லை என்றால் வாக்குகள் கிடைக்காது...,angry,ta
அவர் ஷம்பாஜிநகரில் உள்ள சாங்கியானோ பாக்கெட்டைச் சேர்ந்த பத்திரிகையாளர்,angry,ta
சிறிது நேரம் கழித்து வலி தொடங்கும் போது அழவும்,angry,ta
!! அல்லது ஜனநாயகத்தின் பெயர் பரம்பரை!,angry,ta
நீங்கள் சித்பவன் பாட்டியா? சங்கோத்யா உட்கார்ந்து தேய்த்துக் கொண்டிருக்கிறாள்,angry,ta
FIFA U-19 மகளிர் உலகக் கோப்பையில் இந்தியா பிரேசிலிடம் தோல்வியடைந்தது,sad,ta
"மகாராஷ்டிராவில் வறட்சி நிலவுகிறது, புனே பரிதாபமாக இருக்கிறது, அவர்கள் அதை தவறாக செய்கிறார்கள்",sad,ta
இல்லை முகத்தை அங்கே வைத்தால் இப்படித்தான் இருக்கும்... இன்னொரு முறை முகத்தில்...!!,angry,ta
காளையை இப்படி அவமானப்படுத்தக் கூடாது,angry,ta
தேர்தலில் ஏன் வாள் சின்னமாக பயன்படுத்தப்படுகிறது?,angry,ta
கல்வி வியாபாரத்தை ஆரம்பித்ததன் மூலம் மக்களின் அடிப்படை உரிமைகளை அரசாங்கம் மீறியுள்ளது.,angry,ta
"கட்சி போய்விட்டது, ஆட்சி இருக்கிறது",neutral,ta
தவறு,angry,ta
"பவார் சக்யா காக்காவை நெருங்கியதும், தனு முண்டே வாயை மூடுகிறார்.",angry,ta
நீ ஏன் அமைதியாக இருக்கிறாய்,angry,ta
அக்லைவ் உங்கள் உண்மையான பெயர் என்ன?,angry,ta
ராத்திரியில் ஏன் ஓடி வந்தாய் என்பது தான் கேள்வி???,angry,ta
மேலும் மகாராஷ்டிராவை சீர்திருத்துவார்கள் என்பது அவர்களது வீரர்களின் மாயை.,angry,ta
"அவர்கள் எவ்வளவு மக்களை காயப்படுத்துகிறார்களோ, அவ்வளவு அதிகமாக அவர்கள் அவர்களை வெறுக்கிறார்கள்",angry,ta
நாளை சந்திக்க என்ன நேரம். ஏற்பாடு செய்யப்பட்டது,angry,ta
"ஒட்டுமொத்தமாக, இந்திய நீதித்துறை தனது துணிச்சலையும் பாரபட்சமற்ற தன்மையையும் மறந்துவிட்டதால், அத்தகைய முடிவுகளை வழங்குவதற்கு ஓரங்கட்டி அமர்ந்திருக்கிறது.",sad,ta
இதன் மதிப்பு உங்களுக்குத் தெரியும் என்று நினைக்கிறேன்... இனி வரும் எல்லா தேர்தல்களிலும் இது போன்ற காதல் கடிதங்களைப் பார்ப்போம்...,angry,ta
"அவர்கள் பாதிக்கப்படுகிறார்கள், சாதாரண மக்கள் தங்கள் வாழ்க்கையை இழக்கிறார்கள்.",sad,ta
துரோகத்தின் மூலம் நீங்கள் ஒரு மனிதனாக மாறுகிறீர்கள்.,angry,ta
பக்தர்களின் மேடுகளில் சாணத்தை பரப்பிய துரோகிகள்...,angry,ta
"ஒருமுறை ஒப்புக்கொள், ஜோதி எரிகிறது",angry,ta
"ஏய் ஹாய் தகான், இது ஒரு பயங்கரவாத அமைப்பாக செயல்படுகிறது... உங்கள் பொது அறிவை பணயக்கைதியாக வைத்திருக்கிறீர்கள்...",angry,ta
எல்லா இடங்களிலிருந்தும் மக்கள் கூடுவது உறுதி.,sad,ta
அவை எறும்புகள்,neutral,ta
நானா... இன்னும் நடிகர் சாம்ராட் வேடத்தில் இருந்து வெளிவரவில்லை.,sad,ta
சீருடைகள் இதை அனுபவிக்க வேண்டும்.,angry,ta
சரத் பவார் தாழ்வு மனப்பான்மை கொண்டவர்.. சோனியா காந்தியின் முன் தலைவணங்கும் அயோக்கியர்கள்:- மறைந்த பாலா சாஹேப்,angry,ta
இந்த வில் கர் வேதி என்று அழைக்கப்படுகிறது,angry,ta
: பா.ஜ.க மற்றும் அதன் தற்போதைய தலைவர்கள் ஆண்மை அற்றவர்கள் காரணம்...; 'முன்' மூலம் தாக்குதல்,angry,ta
"ஏய் ராஜ் தாக்கரே, உன்னுடைய இந்தக் கிளியை சமாதானப்படுத்து.",angry,ta
"தாத்தா வருகிறார், அவர் வீட்டில் பெண்கள் தாடி வைத்திருக்கிறார்கள், இல்லையா?",angry,ta
யாரும் பொறுப்பேற்க முன்வருவதில்லை...,sad,ta
சஞ்சய் ராவத் சிறைக்கு சென்றுவிட்டார் என்று பாலா சாகேப்பின் டிரைவர் பிரகாஷ் கூறினார்.,angry,ta
அவர்களை அடிக்கவும். ஆனால் சிலர் ஏன் அதைப் பற்றி பேசுவதில்லை?,angry,ta
இப்போது அவரிடம் பேச உங்களுக்கு தைரியம் இருக்கிறதா? உங்கள் சுவாசத்திலிருந்து புகை வருகிறது.,angry,ta
யாரிடம் சொல்வீர்கள்? ஒருமுறை இந்த குழு கல்வி கற்றது.,sad,ta
...அப்படியானால் யாரிடமும் கேட்காதே! அணுசக்தி அச்சுறுத்தல் குறித்து புடினிடம் பிடன் விளக்கினார்,angry,ta
பெட்டிக்காக ஷிண்டே குழுவிற்கு சென்றீர்கள்..,angry,ta
இனி யார் நிற்பார்கள்? ஏமாற்றியது நீதான்,angry,ta
எம்என்எஸ் என்பதும் ஒரு மாயைதான்,sad,ta
நீங்கள் அதற்கு தகுதியானவர்!,angry,ta
வேட்பாளர் ஏன் வாபஸ் பெற்றார்?,fear,ta
"வோடபோன் ஐடியா வாடிக்கையாளர்கள் நெட்வொர்க் தொடர்பான பிரச்சனைகளை சந்திக்க நேரிடலாம், 'இதுதான்' காரணம்!",neutral,ta
இப்போது உங்கள் முதலாளி வீட்டில் ஒளிந்திருந்தால் என்ன செய்வீர்கள்?,sad,ta
"அந்த அரக்கர்களை கூட்டத்திலிருந்து வெளியே எடுப்பதற்கு முன், பின் கதவில் ஒளிந்து கொள்ளாதீர்கள்",angry,ta
ஏன் இந்த பாண்டியா இவ்வளவு விலை?,happy,ta
ஃபௌடா அரசால் தொடங்கப்பட்ட திட்டம் அரசின் மானியங்களை கொள்ளையடிப்பதற்காக மட்டுமே,angry,ta
இது வெறும் பவர் ப்ளே,angry,ta
ஆதரவற்றவர்கள் தங்கள் சுயமரியாதை பற்றி பேசக்கூடாது..அப்படி செய்வது ஆதரவற்றவர்களை அவமதிப்பது போலாகும்.,angry,ta
"சஞ்சய் ரத்தோர் கடவுளை சகோதரனாக்கி பயப்படாத இடத்தில், மக்கள் என்ன கேட்கிறார்கள்?",angry,ta
சரி! சில சமயங்களில் நீதித்துறை உயிருடன் இருப்பதாகத் தோன்றுகிறது,happy,ta
ஆங்கிலேயர்கள் இந்தியர்களை எப்படி அடிமைப்படுத்தினார்கள் என்பதற்கு இது ஒரு உதாரணம்,sad,ta
தற்போதைய தேர்தல் வெட்கக்கேடானது,angry,ta
உங்கள் கருணையும் நேர்மையும் எப்போதும் பயனளிக்கும்.,sad,ta
"உண்மையில், இந்தியாவில் உள்ள அனைத்து அரசியல்வாதிகளும் வஞ்சகர்கள் என்று சில நேரங்களில் தோன்றும்.",angry,ta
"வாடிக்கையாளர்களுக்கு பெரும் அதிர்ச்சி, இந்த விதியை மாற்றிய வங்கி இதை படித்தால் வியர்க்க வேண்டியிருக்கும்...",fear,ta
பதவிக்காகவும் பணத்திற்காகவும் தேஷ்முக் பவாரின் கட்சி எங்கு வேண்டுமானாலும் செல்லும்,angry,ta
"நான் பொறுப்பான பதவியில் இருந்த போது Facebook லைவ் செய்தேன், இப்போது எனக்கு வேலை இல்லை, ஏன் களமிறங்க விரும்புகிறீர்கள்...?",angry,ta
சதவீதம் என்பதால் நீதிமன்றம் நடவடிக்கை எடுக்க வேண்டும்,angry,ta
அஜீத் தாதாவுக்கு எத்தனை பெட்டிகள் கிடைத்தது என்று ரோஹித் தாதா நினைக்கிறார்.,angry,ta
எரியும் நிலக்கரியின் பெரும்பகுதியை இது பயன்படுத்துகிறது.,angry,ta
புஜபலம் போன்றவர் 'சிவன்' என்பது உண்மை என்பதை அறிய இன்னொரு பிறவி எடுக்க வேண்டும் போலிருக்கிறது.,angry,ta
"ஏய், ஜிஹாத் என்றால் என்ன?",angry,ta
"ஐயா, காத்திருங்கள், இப்போது தாளம் சரியில்லை",sad,ta
"இன்று எங்கிருந்தோ கேட்டேன், ஏன் குதிக்க வேண்டும்?",angry,ta
தர்க்கத்தை குறை சொல்ல வேண்டாம் என்பதை நினைவில் கொள்ளுங்கள்.,neutral,ta
"ரமீஸ் ராஜா இந்தியாவை மிரட்டும் வீடியோ வைரலாகும், அவர் பேசியதை பாருங்கள்...",angry,ta
"அதிகம் யோசிக்க வேண்டாம், ஏனென்றால் அது உங்கள் புரிதலுக்கு அப்பாற்பட்டது.",angry,ta
புனேவில் பயங்கர வெடிவிபத்து ஏற்பட்டது,neutral,ta
இது அதிகமாக தெரிகிறது. இதுபோன்ற அறிவிப்புகளை வெளியிடுவது அவர்களுக்கே இழப்பு,angry,ta
ஏன் காட்டி சித்திரவதை செய்கிறீர்கள்...??,angry,ta
அது போய் விழுந்தது,angry,ta
சுமித் ராகவன் உரிமையாளரை முள்கரண்டியால் அடித்தார். அவர்களுக்கு அது பிடிக்காது,angry,ta
"பச்சு காடு, பங்கர், சாவந்த், சர்வே, சரவங்கர் கலவரங்கள் அதிகரித்து வருகின்றன. ஏன் இந்த இந்து மதம்?",angry,ta
"| ஆர்யன் கானின் விசாரணையில் பல தவறுகள் இருப்பதாகவும், அதிகாரிகள் மீது நடவடிக்கை எடுக்கப்படும் என்றும் அவர் கூறினார்",angry,ta
பதாகல்கர் போன்ற முரட்டுத்தனமான தெருவோரத்தை நான் பார்த்ததில்லை.,angry,ta
காவி நிறம் என்ற பெயரில் பல விஷங்கள் விற்கப்படுகின்றன...,angry,ta
வீட்டு வேலைகளைத் தொடங்குவது அர்த்தமுள்ளதாக இருக்கிறதா? நீங்கள் பொது அறிவை இழக்க விரும்புகிறீர்களா?,angry,ta
இந்த அடுப்பை சீரியஸாக எடுத்துக்கொள்ளும் அளவுக்கு நாம் பைத்தியமா? பிச் யூ பாஸ்டர்ட்,angry,ta
அப்பாவின் ஆட்கள் சேர்ந்து எத்தனை சதி செய்தாலும் அழிவு தவிர்க்க முடியாதது...!!!!!!,angry,ta
புனேயில் உள்ள சிற்பிகள் கடலைக் கொண்டு வந்து புனேயில் கடல் இல்லை என்று காட்டினார்கள்.,happy,ta
பெண்கள் துப்பாக்கியை தோளில் சுமப்பது கமலாபாய் கலாச்சாரம்,angry,ta
இது இந்தியாவின் வளர்ச்சிக்கான பாகிஸ்தானின் பரிந்துரைகளைப் போன்றது,angry,ta
மனிதன் பேசுகிறானா?,angry,ta
"அம்மா ""அம்மா""!! மற்றவர்களுக்கு அது இல்லை...!! மற்ற அனைவரும் கோணல்...!!",happy,ta
இன்னும் சில நாட்களில் அது பைத்தியக்காரத்தனமாக மாறிவிடும்,sad,ta
துரோகிகள் சீரழிவார்கள். ராஜினாமா ஏற்கப்படும் வரை எதுவும் உண்மை இல்லை,angry,ta
"ஜனநாயக உணர்வால் மும்பையில் திரையரங்கம் மூடப்பட்டது, முதலமைச்சருக்கு பதல்கர் கடிதம்; 'பலன்களைப் பற்றி பலர் சிந்திக்கிறார்கள்...' என்றார்.",sad,ta
இந்த அரசாங்கம் மிகவும் கீழ்நிலையை எட்டியுள்ளது.,angry,ta
எனக்கு வேலை வேண்டும் ஆனால் மோடி சேத் தரவில்லை.,sad,ta
"மஜா சிவசேனா தலைவர்களின் காலில் விழுந்து வணங்கினார், பாத்திரங்களைக் கழுவினார், ஆனால் வேலை தொடர்ந்தது…",sad,ta
நான் தடுக்கப்பட்டுள்ளதால் எனக்கு புரியவில்லை,sad,ta
"இது சாய் ரிசார்ட்டில் இருந்து இல்லை, மிஸ்டர் பரப், ஏன் தாண்டவ் செய்கிறாய்?",angry,ta
கலாச்சாரமும் நீங்களும்... பண்டரிபுரத்தின் போது உங்கள் கலாச்சாரம் எங்கே போனது?,angry,ta
உல்ஹாஸ் பாபட் சட்ட நிபுணர் என்று யார் சொன்னது...! மெல்லுங்கள்..!,angry,ta
"ஏய், நாளை அரசு கவிழும், நீ மந்திரி பதவியில் அமர்ந்திருக்கிறாய். வணக்கம் அண்ணா",angry,ta
சால்வே மற்றும் சதாவர்தா திருமண ஜாட் (விளையாட்டு) கண்டோபா தர்ஷன்,neutral,ta
அவர்களுக்கு அரசாங்கம் காலியாக உள்ளது,angry,ta
அவளை அப்படி செய்யாதே...அவளுக்கு அதிகம்,angry,ta
ஜதல் சார் திரும்ப சொல்ல வேண்டுமா? விற்பனையாளரிடமிருந்து எதிர்பார்ப்புகளை விட்டு விடுங்கள்,angry,ta
எல்லாரும் உன்னிடம் பைத்தியமாக பேசுகிறார்கள். நீங்கள் எப்படி உணர்கிறீர்கள்?,sad,ta
பன்வேலின் மூக்கு ஏன் அவசரத்தில் விழுந்தது?,angry,ta
கஜானன் மார்ன் மீது போலீசார் வழக்குப்பதிவு செய்துள்ளனர்.,neutral,ta
இந்த மாவட்டங்களில் சிறுபான்மையினர் ஆதிக்கம் செலுத்துகின்றனர். இந்த செய்தியை படித்தேன். இது பயங்கரமான செய்தி,sad,ta
எதிர்கொள்ள வேண்டிய அவசியம் என்ன?,angry,ta
இது இலங்கையில் நடந்த சோகமான சம்பவம்,sad,ta
சிலர் புகழுக்காக எதையும் செய்வார்கள். இது மனநல கோளாறுக்கான அறிகுறியாகும்,angry,ta
"அந்தேரியில் பாஜக தோல்வியடைந்ததால், இனி தேர்தல் இல்லை",angry,ta
கமிஷன் பலகை உங்கள் கட்சியின் கைப்பாவையா???,angry,ta
எல்லோரும் ஊழல்வாதிகள்.,angry,ta
ஃபட்டு... இழக்கிறது... பசியால் அழுகிறது... திரும்புகிறது,angry,ta
"நீங்கள் யஹ்னுமானின் வாலை எரித்தீர்கள், இப்போது உங்கள் தங்க ஈட்டி எரிகிறது.",angry,ta
ஆனால் இட ஒதுக்கீடு இல்லை.,sad,ta
அவர் ஒரு பத்திரிகையாளரா மற்றும் கட்சியின் செய்தித் தொடர்பாளரா?,neutral,ta
என்சிபி பிறந்ததில் இருந்து சாதி அதிகரித்து விட்டது என்பதை கேக் பிரியர்கள் பலமுறை நிரூபித்துள்ளனர்.,angry,ta
"தத்தோபா, உனது நிதி அறிவு எவ்வளவு வெளிச்சமாக இருந்தாலும், இருள் கொஞ்சம் கொஞ்சமாக வளர்ந்திருக்கிறது",angry,ta
இந்த வாக்கியத்தை இன்று வைத்திருக்க முடியுமா?,neutral,ta
அப்படியானால் நீங்கள் என்ன தூங்கினீர்கள்? கிட்டத்தட்ட மகாராஷ்டிராவில்,angry,ta
இதைச் சொல்வதற்கு வெட்கமாக இல்லையா?,angry,ta
சில வரம்புகள் என்ன ஒரு அவமானம்,angry,ta
என் உணர்ச்சிகளின் சந்தையை நீங்கள் எப்படி நிரப்புகிறீர்கள் என்று யாருக்குத் தெரியும்?,angry,ta
இதை கேட்டால் எருமை மன்னிக்காது!!,angry,ta
முதல்வர் பதவிக்கு அவமானம்: இந்த நாற்காலி எங்கள் வீட்டுக்கு சொந்தமானது என்கிறார் முதல்வர் மகன்,angry,ta
ஏன் துரோகி... ராஜினாமா செய்ய எனக்கு சக்தி இல்லை.,angry,ta
மராத்தி மக்கள் ஜோதியுடன் எவ்வளவு நேரம் செலவிடுகிறார்கள் என்பதில் எந்த வித்தியாசமும் இல்லை.,happy,ta
ஸ்பெயின் கொடுத்த பிரச்சனைகள் இந்திய வீரர்களின் பிரச்சனைகளை கூட்டியது.,sad,ta
முத்தரையர் தனது பெற்றோர் பாஸ்கரின் எச்சிலை உறிஞ்ச ஆரம்பித்தாரா?,angry,ta
தீபாவளி வேலை தனித்து நின்றது. யாரும் வெளியே போவதில்லை,sad,ta
மரணம் இல்லாமல் இவர்களால் மலர முடியாது என்று தோன்றுகிறது.,angry,ta
இந்தியாவில் பணியின் போது இறந்த தியாகிகளுக்கு லட்சக்கணக்கானோர் அஞ்சலி...,happy,ta
இது ஒரு பெரிய கொட்டை அண்ணா,angry,ta
தேர்தல் தோல்வி பயத்தில் பாஜக இப்படிச் செய்கிறது,fear,ta
நீல வாழைப்பழம் பரவாயில்லை ஆனால் முகம் ஏன் கருப்பாக இருக்கிறது?,angry,ta
தேர்தல் ஆணையத்தின் மீது மக்களுக்கு நம்பிக்கை இல்லை,sad,ta
பொய் சொல்வதைப் பற்றி அவர்களுக்கு எதுவும் தெரியவில்லையா?,angry,ta
தாழ்ந்தவர்கள் ஒரே ஒரு மொழியைப் புரிந்துகொள்வார்கள்! அவர் இப்போது குஜராத்தி பேசுகிறார்.,angry,ta
ஆம்.. ஆனால் கிராமப்புறங்களில் அந்த விண்ணப்பத்தின் மீது எந்த நடவடிக்கையும் எடுக்கப்படுவதில்லை,neutral,ta
மறு கையில் என்ன இருக்கிறது? வாழ்வதற்கான ஆதரவைப் பார்த்ததில்லை!,angry,ta
இவனும் குழப்பத்தில் இருக்கிறான்...,neutral,ta
"""நானா படோலே தேவேந்திர ஃபட்னாவிஸ்...""; சந்திரசேகர் பாபன்குலாவின் நானா பட்டோல் பற்றிய விமர்சனம்",angry,ta
மக்களை மதமாக்கும் ஒரே திட்டத்தை நாட்டில் நடத்தி வருகிறார்.,angry,ta
"நீங்கள் மற்றவர்களை விட அதிகமாகச் செய்யத் தயாராக இல்லை என்றால், முதலில் பணக்காரர்களாக மாறுவது உங்களுக்கு கடினமாக இருக்கும்.",neutral,ta
வீட்டில் முயற்சி செய்தேன்... பகலில் இரண்டு கண்களிலும் பார்வை இழந்தது,sad,ta
இந்த தேர்தலில் அந்தேரி கிழக்கு வாக்காளர்கள் பா.ஜ.கவை நோக்கி செல்கிறார்கள் என்று பார்ப்போம்.,happy,ta
நீங்களும் மற்றவர்களும் இந்த வழியில் அழைக்கப்படுகிறீர்கள்,neutral,ta
இப்போது இப்படித்தான்.. க்ரீமி சாப்பிட வேண்டும் ஆனால் எதுவும் வராது..,angry,ta
மகாராஷ்டிராவில் வறட்சியை அறிவிக்கவும் அல்லது பொலிராஜா மன்னிக்க மாட்டார்,fear,ta
பிஜேபிக்கு ஓட்டு போடுவதை விட பிச்சை எடுப்பது மேல்.. புனேவில் உள்ள ஓட்டையை நிரப்ப உங்கள் தந்தை வருவாரா?,angry,ta
நீங்கள் எழுதியது அப்பாவிகளில் பாதி பேருக்கு புரியாமல் இருக்கலாம்.,angry,ta
"எல்லாத் தலைவர்களும் ""ஜனநாயகம், அரசியல் சாசனம்"" என்பதை ஏன் நினைவில் கொள்கிறார்கள் என்று எனக்கு ஆச்சரியமாக இருக்கிறது.",angry,ta
"வாழ்க்கைப் பயணத்தில் நாம் பலரைச் சந்திக்கிறோம், நம்மை ஆதரிப்பவர்கள் சிலரையும், நம்மை விட்டுப் பிரிந்த பலரையும் சந்திக்கிறோம்.",sad,ta
"என்ன அந்த ட்வீட், சிரிக்காமல் இருக்க முடியாத அளவுக்கு அபத்தமான வாதம்.",angry,ta
"கங்காதர் ராவ் உலகின் நம்பர் ஒன் கண்டுபிடிப்பாளர், ராவ் எவ்வளவு சிறந்த முன்மாதிரியாக இருந்தார்.",angry,ta
வலிமை மிகுந்த ஒரு பெண் பயந்தாள்...இதோ உன் வலிமை வெளிப்பட்டது.,angry,ta
அந்த கிழவன் ஓடிப்போனபோது என்ன பார்த்தாய்?,angry,ta
இப்படித்தான் ரத்த கறுப்பு சந்தை திறக்கப்பட்டுள்ளது.,angry,ta
கஷ்டமான அப்பா,neutral,ta
மீதமுள்ளவர்கள் ஆதரவற்றவர்கள்,sad,ta
துரியோதனன் கிருஷ்ணரையும் ரே பாபாவையும் சந்தித்தான்,happy,ta
பாதிக்கப்பட்டவர் எப்பொழுதும் பாசாங்குக்காரர்..எதுவும் மாறவில்லை,angry,ta
"கரும்பலகை: சீக்கியக் கலவரம் என்று சொல்லாதீர்கள், இது ஒரு படுகொலை",angry,ta
"எண்ணெய் போனது, நெய் போனது..! பூசணி விதை வந்துவிட்டது..!",angry,ta
வேட்டையாடுபவர்களால் விலை உயர்ந்து.. ஆட்டிறைச்சியை வாங்க முடியாமல் ரசிகர்கள் தவித்தனர்.,angry,ta
பீம்சோ சே நானா மற்றும் து டானா அரங்கம் மற்றும் பதவி உயர்வு.,neutral,ta
துரோகிகள் கடுமையாக உழைத்தாலும் பலனில்லை. மக்கள் அவற்றை வீட்டில் வைத்திருக்கிறார்கள்,angry,ta
சிவராயின் கவச வாள் பொங்கி எழும் சுடரை விட சக்தி வாய்ந்தது என்பதை உதசேனனால் புரிந்து கொள்ள முடியவில்லை.,happy,ta
மற்றவர்களின் தனிப்பட்ட வாழ்க்கையால் ஈர்க்கப்படுவது நல்ல அறிகுறி அல்ல,angry,ta
இது வயதான ஒரு அறிக்கை மற்றும் தாய் மிகவும் சிரமப்படுகிறார்.,angry,ta
மனிதன் சிறியவன் ஐயா.. எல்லாரும் ஒன்றல்ல..,sad,ta
நான்டெட் என்ற இடத்தில் மின்மயமாக்கல் பணிகள் முடிந்து திரும்பும் போது இந்த பயங்கர விபத்து ஏற்பட்டது.,sad,ta
கட்சித் தலைவர்கள் குழப்பமடைந்தனர்.,angry,ta
அப்பா ஏரியை தவிர சிவசேனாவில் யார் மிச்சம்...!!!,angry,ta
உங்களுக்கு வெட்கம் இல்லையா?,angry,ta
பல வருடங்களாக பிச்சைக்காரனாக இருந்தான். நாடு உங்கள் சொத்து.,angry,ta
பா.ஜ.க எங்கே இருக்கிறது என்பது உறுதியாகிவிட்டது.,angry,ta
"உண்மையில், இதில் எந்த அவமானமும் இல்லை",angry,ta
நீங்கள் ஒரு காகிதப் புலி என்பது மக்களுக்குத் தெரியும்.,angry,ta
மனச்சோர்வை பரப்ப எவ்வளவு முயற்சி செய்தாலும் அது உதவாது.,neutral,ta
காங்கிரசுக்கு கல்வியறிவு இல்லை.,neutral,ta
உங்கள் பெரியவர்கள் கூட முதலமைச்சராக்கிவிட்டார்கள்,angry,ta
நேற்றுவரை இந்த உணர்வு எங்கே இருந்தது?,angry,ta
ஷிண்டே குலத்தின் முதல் கைப்பாவை இப்போது பாஜக தலைவர்களையும் தொற்றிக் கொண்டது.,angry,ta
இந்தியாவில் இப்படி ஒரு மாதிரி எப்படி வந்தது...,angry,ta
"அந்த பானைகளில் வசிப்பவர்களிடம் கேளுங்கள், அவர்களுக்கும் தாய்மார்கள் உள்ளனர்.",angry,ta
"ஒரு ஆசிரியர் இருக்கிறார், இந்தக் கேள்வி கவலை அளிக்கிறது…",angry,ta
எம்.எல்.ஏ ஆக முடியாது என்று எழுதுங்கள்,angry,ta
இந்த உறுப்பினர் தொழிலாளர் இராணுவத்தின் பொதுத் தலைவராக இருக்க முடியாது.,angry,ta
"ஐயோ பொருளற்ற மக்களே, ஒருவரின் மரணச் செய்தியிலும் கிளிக்பைட் பயன்படுத்தப்படுகிறது, இந்த பாவத்திற்கு எப்படி பணம் செலுத்தப்படுகிறது.",angry,ta
"ஆம், ஃபஸ்னாவிஸ் தோல்வியை விரும்பாததால் தேர்தலை தவிர்க்க முயற்சிக்கிறார்.",angry,ta
"ஆனால் நான் சொல்கிறேன், வேட்பாளர் இல்லாதவனுக்கு ஏன் அரிப்பு?",angry,ta
எம்.எல்.ஏ.க்களை வேலை செய்யச் சொல்லுங்கள்...இல்லையென்றால் அடுத்த தேர்தலில் எம்.எல்.ஏ.க்களை கூட சந்திக்க மாட்டார்கள்.,angry,ta
இரண்டரை வருடங்களாக அவர்களிடமிருந்து பாக்கெட்டுகளை எடுத்தார். இப்போது அவர்களுக்கு எதிராக எழுதும் நேரம்... கடினம்..!,sad,ta
லால்பாரியும் அவரது ஊழியர்களும் பவார் சாஹிப்பால் மிகவும் பாதிக்கப்பட்டனர்.,sad,ta
"இல்லை மனிதனே, வெட்கக்கேடு, கடுப்பான துரோகி.",angry,ta
இது எந்த பென்னையும் சரி செய்யாது,angry,ta
பிஜேபி தலைவராவதற்கு ஒரு உள் அந்தஸ்து போதும் ஆனால் நாயாக மாறியது.,angry,ta
வேகம் மற்றும் ஆவியின் முன்னேற்றத்தை நாய்கள் பொறுத்துக்கொள்ளாது ...,angry,ta
இப்படிப்பட்ட அறிவுஜீவிகள் காங்கிரஸில் இருந்தால்தான் இந்தியா காங்கிரஸ் இல்லாத நாடாகும்.,angry,ta
"சகோ, MCA கஜானா கூட கொள்ளையடிக்கப்படும்.",angry,ta
அவரை நாட்டின் கேளிக்கை துறை அமைச்சராக்க வேண்டும்.,angry,ta
"பகுகுனி திரு பாலாவை கைது செய்தார், இல்லையா?",happy,ta
"நல்ல அதிர்ஷ்டம், ஆனால் நான் உள்ளே எரிகிறது",angry,ta
அரசியல்வாதிகளுக்குப் பதிலாக ஊடகப் பிரமுகர்களுக்கு பணம் கொடுக்கிறது,angry,ta
"சொத்துக்காகவும், வாரிசுக்காகவும் சண்டை போடுவது இனி ஒரு பிரச்சனையே இல்லை...",angry,ta
இது ராக்கியை அவமதிக்கும் செயலாகும்.,angry,ta
நீங்கள் ஒரு அரசியல்வாதி என்பது உண்மையில் ஒரு மாயை,angry,ta
நீங்கள் தகுதி பெற முடியுமா?,angry,ta
"ஏய், பாராமதியின் கால்களை நக்க எவ்வளவு நேரம் ஆகும்?",angry,ta
"யார் பேசுகிறார்கள் என்று பாருங்கள், யார் யாரை கொடுமைப்படுத்துகிறார்கள் என்பது அனைவருக்கும் தெரியும்.",angry,ta
"கடவுளை தரிசித்த மகிழ்ச்சியில் வீடு திரும்பிக் கொண்டிருந்தேன், வழியில்... கர்நாடகாவில் பயங்கர விபத்து நடந்தது.",sad,ta
"எல்லாவற்றிற்கும் மேலாக, குல அரசியலை ஆதரிப்பவர், இந்த விஷயம் அவரது கவனத்திற்கு எப்படி வந்தது?",angry,ta
துரோகிகளை தோற்கச் சொல்கிறோம்... ஏ லா ஏக்நாத் தானே தோற்கிறார்.,angry,ta
விசாரணையை முடிக்க வேண்டும்...நாய்தாரின் கோயி மீதான நம்பிக்கை நாளுக்கு நாள் அழிந்து வருகிறது,angry,ta
பொருத்தமான ஒப்புமை... அருவருப்பானது. அர்த்தம் பார்க்க..,angry,ta
"கலகக்காரனாக மாற, கஷ்டப்பட வேண்டும்..! இது என்ன",angry,ta
தோல்வி உறுதியாகத் தெரிகிறது,sad,ta
இவருடைய ஆட்சியில் பலர் கோபமடைந்தனர்.,angry,ta
"ஐயா, நீங்கள் ஆதித்யாவுக்கு அருகில் இல்லை. ஆதித்யா மகாராஷ்டிராவின் எதிர்காலம்.",angry,ta
எனவே அவர்கள் சரணடைய வேண்டுமா?,angry,ta
புலி என்ற வார்த்தை ராஜ் தாக்கரேவுக்கு பொருந்தாது,angry,ta
"அவருக்கு எப்படி எடுக்க வேண்டும், கொடுக்கத் தெரியாது.",angry,ta
"உங்கள் தலைப்பு குஜராத்தி காதல் மட்டுமே, நீங்கள் அதில் கவனம் செலுத்த தேவையில்லை",angry,ta
புத்தகங்களைப் பாராட்டாத ஒருவருக்குப் புத்தகங்களைப் பரிசளிக்கிறீர்களா?,angry,ta
இப்படி முட்டாள்தனமான கேலி செய்து உங்களை நீங்களே மதிப்பிழக்கச் செய்கிறீர்கள்,angry,ta
பல பெரிய தலைவர்கள் இருந்திருக்கிறார்கள் ஆனால் இந்த ஆண்டு தேர்தல்கள் நினைவுக்கு வரவில்லை,angry,ta
ஓட்டை இருக்கிறதா? எலி கட்டணம் செலுத்தியது,angry,ta
தாமதத்திற்கு தேர்தல் கமிஷன் மீது குற்றச்சாட்டு: துணை முதல்வர் தேவேந்திர ஃபட்னாவிஸ்,angry,ta
எல்லா ரசிகர்களும் இல்லை ஆனால் சிலர் அங்கும் இங்கும்,angry,ta
நாங்கள் அவள் வேறொருவருடன் ஓடிவிட்டோம்,sad,ta
கடந்த ஆண்டு இதுபோன்ற முறைகளை நான் எதிர்த்தேன். இந்த தீபாவளி எனக்கு மிகவும் மங்களகரமானது.,happy,ta
"பாபு, சத்தார் மற்றும் ஷிர்சட் ஜாக்கிரதை. சிவசைனி பிரேமைப் பாருங்கள், இப்போது ட்யூனுக்கு தயாராகுங்கள்.",angry,ta
ஃபேஸ்புக்கின் கொள்கைக் குழு இந்தியாவுக்கும் இந்துவுக்கும் எதிரானது,angry,ta
சாதாரண மக்கள் அனைவரும் முட்டாள்கள் என்று ஜனநாயகத் தலைவர்கள் நினைத்தார்கள்.,angry,ta
"மற்ற கட்சி தலைவர்கள் மீது மட்டும் ஏன் விசாரணை நடத்தப்படுகிறது, பாஜகவில் யாரும் ஊழல் செய்யவில்லை?",angry,ta
இவர்களை எல்லாம் பாகிஸ்தானுக்கு அனுப்புங்கள்... புனேவில் இப்படி நடப்பது மிகவும் மோசமானது.,angry,ta
"முனிசிபாலிட்டி முதல் பார்லிமென்ட் வரை நீங்கள் அண்ணா. எனவே, கடந்த ஆண்டு நீங்கள் என்ன செய்தீர்கள்?",angry,ta
"சாஹேப் போன்ற படங்களை வெளியிட வேண்டாம், அது ஓக்ரி போல் தெரிகிறது.",angry,ta
சில மண்வெட்டிகளை நிம்மதியாக தூங்க ஃபட்னாவிஸ் விடவில்லை,angry,ta
"வில்லில் அம்புகளும் இல்லை, அம்பு முனையும் இல்லை",angry,ta
எனவே இந்த ஆண்டு அமெரிக்க மக்கள் உலகில் மனச்சோர்வை ஏற்படுத்திய இந்த நாய்க்குட்டியை கைவிட்டனர்.,angry,ta
தீவிரமாக சிரிப்பது கடினம்,sad,ta
"ஐயா, நாட்டுக்கு சேவை செய்துவிட்டு சிறைக்கு செல்லாமல், ஏழைகளின் பணத்தை சாப்பிட்டீர்கள்.",angry,ta
ஏன் போசாரி கேட்கவில்லை?,angry,ta
ராகுல் காந்தி காந்தியிடம் பதில் கேட்டார்,angry,ta
அவனே கையில் ஒரு குச்சியை எடுத்து துரோகியின் முகத்தில் அடித்தான்.,angry,ta
அப்பாவி சிரோமணி பட்கல்கரின் செய்தியால் அவர் பாதிக்கப்பட்டார். பத்திரிகையாளர்கள் எப்போது வந்தார்கள்...!,angry,ta
"மா சார் ஜனவரி முதல் ஜூன் வரை முதலமைச்சராக இருந்தாரே, தற்கொலை எப்படி நடந்தது?",angry,ta
"அதை ராஜ் தாக்கரே, ஜனதா ராஜாவிடம் சொல்லுங்கள். தொடர்ந்து பாஜக.",angry,ta
ஷிண்டே அணியினரிடம் பேசியபோது பாஜகவுக்கு கோபம் வந்தது ஏன்?,angry,ta
"திரு. டிகேயின் உண்மையான சகோதரி திரு. ஷிண்டேவுடன் இருக்கிறார், நீங்கள் என்ன சொல்கிறீர்கள்?",neutral,ta
"மோடியை வசை பாடுவதில் விழ வேண்டாம், அவ்வளவுதான்.",angry,ta
வருவாய்த்துறை அமைச்சராகும் கனவில் இருக்கும் சம்பாவின் முகத்தில் சாணத்தை வீசினார் ஃபட்னாவிஸ்.,angry,ta
இது மிகவும் எரிச்சலூட்டுகிறது.. இது வரை எந்த அரசியல் கட்சியும் இந்த மாதிரி அவமானத்தை செய்ததில்லை..,angry,ta
உனக்கு ஏன் இவ்வளவு கோபம்?,angry,ta
ஷிண்டே சிரித்துக்கொண்டே அவர் ஒரு சரியான விளையாட்டை விளையாடியதாக கூறுகிறார்…,happy,ta
"அஜித்தாதா இந்த நேரத்தை உங்கள் அழகான எஜமானிக்கு விரைவில் கொண்டு வருவார், அதை எழுதுங்கள்.",angry,ta
"மூன்று நேபாளக் கோழிகளை வெட்டி, நல்ல பலன் இருக்கிறதா என்று பாருங்கள்.",angry,ta
துரோகிகளை தோற்கடிப்போம். அந்த வார்த்தையை சிவசேனா திருடியது.,angry,ta
குண்டர்களுடன் ரயில்வேயின் மோசமான நடத்தை... குறைவான ரயில்கள் மற்றும் ஒழுங்கற்ற அட்டவணை,angry,ta
தாக்கரேவின் சொத்து எங்கிருந்து வந்தது என்று உங்கள் தலைவர்கள் கேட்கிறார்கள்.,angry,ta
புனேயில் அக்டோபர் வெப்பத்திற்கு இதயப்பூர்வமான அஞ்சலி,neutral,ta
வெற்றி பெறட்டும்! போலீசார் அதிக விலைக்கு டிக்கெட் விற்றனர். அங்கே தொடங்குங்கள்.,angry,ta
"இப்படி இருந்தால், அமைப்பாளர்கள் மன்னிப்பு கேட்க வேண்டும்.",angry,ta
"அப்போது பெரும்பாலான நாப்கின் வேலைகளை சாஹேப் செய்தார், கொஞ்சம் இளையவரா?",angry,ta
ஆனால் அவர் மகாராஷ்டிராவின் வளர்ச்சிக்கு என்ன செய்வார்?,angry,ta
"அம்பேத்கர் ஒரு எளிய மனிதர், அவர் தலைப்புச் செய்திகளில் தங்குவதற்கு எதையும் செய்வார்.",angry,ta
இந்த சமன்பாடும் சட்ட அரசியலும் மிகவும் சிக்கலானது மற்றும் சிக்கலானது.,neutral,ta
திவாலான புத்த பக்தர்களுக்கு தீபாவளி போனஸ் கிடைக்கவில்லை,angry,ta
"எனவே இரண்டு முகம் கொண்ட பெண், அவள் உடனடியாக மாறுகிறாள்.",angry,ta
முன்னால் ஒரு பயங்கரமான தோல்வி. இனி அவர் பாஜக வேட்பாளரா அல்லது துரோகப் படையா என்று பார்ப்போம்.,sad,ta
ஐயா செய்யாமல் இருந்திருந்தால் இந்நேரம் வந்திருக்காது...,angry,ta
சுதந்திரத்திற்காக நீங்கள் எவ்வளவு பங்களித்தீர்கள்?,angry,ta
அங்கேயும் உனக்கு எதுவும் கிடைக்காது...காரணம் சக்தி,angry,ta
ஃபட்னாவிஸும் வியர்க்க ஆரம்பித்து குணமடைந்தார்,angry,ta
மன அழுத்தத்தை கட்டுக்குள் வைத்திருக்க முடியாவிட்டால் ஏன் இவ்வளவு சாப்பிட வேண்டும்?,angry,ta
EC ஒரு தன்னாட்சி அமைப்பு என்பது பொதுவான தவறான கருத்து.,angry,ta
"ஏனெனில் இந்த நாய்க்கு சம்பளம் தேவையில்லை, ஓய்வூதியம் இல்லை, தீக்காயம் இல்லை, அது நீண்டு கொண்டே செல்கிறது... அனுப்புங்கள்",angry,ta
நீங்கள் ஏன் ஊஞ்சல் வீட்டிற்கு மாறக்கூடாது?,angry,ta
ஷிண்டே-பாஜக ஒரு இடத்தில் கூட வெற்றி பெறாது... இது ஒரு தொடக்கமாக முடியுமா?,angry,ta
நீங்கள் ஒரு பத்திரிகையாளரா? ஊடகவியலாளர்கள் பாரபட்சமானவர்கள் அல்ல,angry,ta
கடந்த ஆண்டு நாடு செய்ததை விற்று வாழ்கிறார் உங்கள் மோடி.,angry,ta
பிரசார சபையில் லோத்கே பாய் சொல்கிறார் மாமு...நினைவில் கொள்ளுங்கள்...பாலா சாஹேப் சிவசேனாவை தோற்கடிக்க வேண்டும்...,angry,ta
"தீபாவளியை முன்னிட்டு நுகர்வோரை தள்ளுகிறது; இன்று தங்கம்-சுத்தமான விலை மாற்றம், உடனடி தவம்",neutral,ta
என்ன மிரட்டுகிறாய்?,angry,ta
"இந்த இனம் அந்த துரோகிகளின் விளைபொருளாகும், எனவே குரைக்கிறது.",angry,ta
இப்போது இந்த சாணக் குண்டர்கள் இப்படியொரு நிலையைத் தொடர ஆரம்பித்துவிட்டார்கள்... எப்படி பொறுத்துக் கொள்வது?,angry,ta
கைதும் செய்யப்பட்டது,happy,ta
நாட்டை விற்றுவிட்டு என்ன செய்வது என்று முடிவு எடுக்கிறார்கள்.,angry,ta
அது என் மனைவிதான் என்பதில் சந்தேகமில்லை. நீங்கள் தொங்கும் கால்வாய் பகுதியிலிருந்து தப்பிவிட்டீர்கள்,angry,ta
"அவரது பட்டமும் போலியானது, போஸ்லேயின் பட்டமும் போலியானது.",angry,ta
இளைஞர்களின் கனவுகளை நனவாக்கத் தவறிய அரசுக்கு தொடர்ந்து ஆட்சியில் இருக்க உரிமை இல்லை என்றார்.,angry,ta
இந்த விஷயத்தில் உத்தவ் தோல்வியடைந்தார் என்று நம்புகிறீர்களா?,angry,ta
ஷில்பி யாதவ் தனது சொந்த தொழிலாளர்களால் கல்லெறியப்பட்டார் - ஆதாரங்கள்,neutral,ta
கடவுள் ஞானமுள்ளவர்!!!,angry,ta
நேர்காணலின் போது நீங்கள் தூங்கிவிட்டீர்களா?,angry,ta
இது எங்களுக்கு கடினமான வலி,sad,ta
இந்த பாஸ்டர்ட் அவர்கள் அனைவரையும் சரிபார்த்தார்!,angry,ta
சாவர்க்கரை அவமானப்படுத்திய உங்கள் கட்சியாக நித்யா ரானேவை நீங்கள் இன்னும் கருதுகிறீர்கள்.,angry,ta
பாலா சாஹேப்பின் கருத்துக்களுக்கும் கோட்பாடுகளுக்கும் முற்றிலும் எதிரான கூட்டணி இது.,sad,ta
சரி அவர்களல்ல...மோடியை உச்சநீதிமன்றம் விலைக்கு வாங்கியதாக எப்போது அழுவார்கள்???,angry,ta
"ஏன் இவ்வளவு அரிப்பு? இல்லையெனில், நீங்கள் அதை கொண்டு வர வேண்டும்",angry,ta
நண்பர்களின் கடன்களை தள்ளுபடி செய்வது நாட்டுக்கும் மக்களுக்கும் செய்யும் துரோகம்.,angry,ta
சில நிகழ்ச்சிகள் ஹா ஹா ஹா,angry,ta
நன்மைக்காக உழைத்தவர்கள் பலனை அனுபவிக்க வேண்டும்,neutral,ta
இப்போது அவர் வெட்கமற்றவர் மற்றும் பொய்யர்.,angry,ta
"சுத்தியா, நீ ஏன் நியாயமாக பேசுகிறாய் பிரம்மா?",angry,ta
அப்படியென்றால் பாஜகவின் ராஜினாமாவை ஏற்க டாங் தயாரா?,angry,ta
தேசத்துக்காக பணியின் போது உயிரிழந்த காவலர்களுக்கு நெஞ்சார்ந்த அஞ்சலி செலுத்தும் காவலர் நினைவு தினம் இன்று.,happy,ta
"ஆனால் அது மிகவும் அதிகமாக இருந்தது, எனக்கு குமட்டல் ஏற்பட்டது.",angry,ta
இது ஒரு பெரிய விளையாட்டு என்பதை இப்போது செபனா உணர்ந்தாள்,happy,ta
இது அரண்மனை நம்பர் ஒன்...!!!!!,angry,ta
முனிசிபல் கார்ப்பரேஷன் கமிஷனர் வேண்டுமென்றே இப்படி நடந்து கொண்டார்...அரசு வேண்டுமென்றே ராஜினாமா செய்ய மறுத்துவிட்டது.,angry,ta
மக்களுக்கு என்ன மாதிரியான மனநிலை இருக்கிறது?,angry,ta
"காலையில போய் பாரு, ராத்திரி உங்க சார் குடிக்கவே இல்லை.",angry,ta
கண்ணில் பட்டதும் பேசுவதும் கண்மூடித்தனமான காதல்.,sad,ta
சஞ்சய் கெய்க்வாட் சஞ்சய் ராமுல்கரை விடுவிக்க விரும்பினார்.,angry,ta
அப்போது மக்கள் தங்களுக்கு விருப்பம் இருக்கும் என்ற மாயையில் உள்ளனர்,neutral,ta
"தற்போதைய தலைமை அசிங்கமானது மட்டுமல்ல குருடர்கள், ஊமைகள், செவிடர்கள் மற்றும் ஊனமுற்றவர்கள்.",angry,ta
பிரசாந்த் அமைதியாக சிரித்தான்,angry,ta
"பண்டரிபுரம் தேர்தல் அனுதாபம், விவாதம் எங்கே?",neutral,ta
ட்விட்டரில் மட்டும் ஒப்பந்தம் முடக்கப்பட்டது,angry,ta
ஜெயிலில் இருந்தால் மார்பில் பூட்டு போடுவது போல... இப்போது குரல் உடைந்துவிட்டது,angry,ta
அது நடக்காது... உணவின் மீது ஏன் கோபம்?,angry,ta
ஊழல் நிறைந்த அரசு,angry,ta
சரபஸ்தியை நம்புபவர்கள் எனக்கு வாக்களிக்கக் கூடாது என்று ஏன் இந்த பீஷ்மணர்கள் கூறவில்லை?,angry,ta
இதை பல முறை செய்வோம்,neutral,ta
"இது மகாராஷ்டிராவை அவமதிக்கும் செயலாகும், மும்பையை சிதைக்கும் சதி.",angry,ta
"துணை முதல்வர், டெல்லி முதல்வர், மகாராஷ்டிரா, பெண்களின் அடையாளம், அடையாளம் ஆனால் சாலையோரம்.",sad,ta
இன்று இலங்கை தோற்கும் போல் தெரிகிறது...,neutral,ta
"ஹூரே, எல்லாம் தவறு",angry,ta
அவன் மூளையை எடுத்தான்...,angry,ta
அண்ணே ஏன் அரங்கில் இருந்து அழைத்தாய்? இன்னும் சில விதைகள் விழுந்தன,neutral,ta
அது வேலைக்காரனுக்கு வக்கீல்.. நோட்டரி..,angry,ta
மஹாரத்யா என்பது ஒரு ஸ்லாங் சொல்..மஹர் மாங் என்பது சம்பர் ஜாதிப் பெயர்..,angry,ta
இந்த திட்டத்தை முடக்கியவர்களை ஏன் தண்டிக்க வேண்டும்?,neutral,ta
கேதார்நாத் விபத்தில் உயிரிழந்த அனைத்து பக்தர்களின் ஆன்மா சாந்தியடையட்டும்!,sad,ta
என்ன செய்யக்கூடாது மற்றும்...இறைவா...என்ன செய்யக்கூடாது...,sad,ta
விழுந்தாலும் எழும்.. குருட்டு பக்தர்களின் வாதம் ஏன்..,angry,ta
சரி... 'தயா' உன் அம்மா பேரா?,angry,ta
மகாபாகாஸ் அகடா பக்கிட்பட்கரிடமும் கேட்க வேண்டுமா...??,angry,ta
மூங்கில் அடிப்பதைப் பற்றி நீங்கள் எப்படி நினைக்கலாம்?,angry,ta
பிஜேபி தூதர்களின் பொது அறிவை நான் விமர்சிக்க விரும்புகிறேன்,angry,ta
"இது உடல் பருமனின் பிரமை போன்றது, அதில் இருந்து சிறந்தவர் கூட தப்பிக்க முடியாது.",angry,ta
"டாட்டியா ஒரு தேள் அல்ல, ஆனால் ஒரு பேசும் பொம்மை, அன்ஷ் ராவ்",angry,ta
நானும் ..ரொம்ப மோசம்!!,angry,ta
"எல்லா தாராளவாதிகளும் பிச்சைக்காரர்கள், ஆனால் அவர்கள் ஒவ்வொரு நாளும் பிச்சை எடுக்க ஒரு இடத்தைக் கண்டுபிடிக்க வேண்டும்",angry,ta
"அவனுடைய அப்பா அவனைக் கேட்கவில்லை, அவன் தாத்தாவைப் போற்றுகிறான்",angry,ta
தேர்தலுக்கு முன் இந்துக்கள் ஆபத்தில் உள்ளனர்,angry,ta
"சாஜிதா, உங்கள் தந்தை சிந்தே சாஹிப்பை திருடியதாக தெரிகிறது",angry,ta
பிஜேபி தலைவர்கள் கொஞ்சம் நடிகராகிவிட்டார்கள்... தினசரி நாடகம்...!,angry,ta
"நான் சொல்வது எல்லாம் உங்கள் நிலைமையைப் பற்றி பேசுங்கள், நீங்கள் அவமதிக்கப்படுவீர்கள்.",angry,ta
சிரமத்திற்கு மன்னிக்கவும். உங்கள் புகாரின் புகார் எண்ணை வழங்கவும்.,neutral,ta
"அதாவது சிவசேனா தலைவர்களுக்கு பொது அறிவு இல்லை, தங்கள் கட்சியை காப்பாற்ற முடியவில்லை!",angry,ta
"அதே பகுதியில் சம்பவம் நடந்தால், தனியுரிமை மீறப்படுவதற்கான அதிக நிகழ்தகவு உள்ளது",neutral,ta
யுவராஜை கோபப்படுத்தும் வகையில் பேசி குறுக்கிடாதீர்கள்.,neutral,ta
அப்படி எந்த மொழியும் பயன்படுத்தப்படவில்லை. என உத்தவ் தாக்கரே கூறினார். நீ முட்டாள்,angry,ta
இது நமது தலைவர்களின் திறமையின்மையின் விளைவு.,angry,ta
அரசு பெஞ்ச் பின்னால் இருக்கிறதா? பணம் சம்பாதிப்பது மட்டுமே நோக்கமா?,angry,ta
"அடடா, ஆதாரம் போலியானது, நீங்களும் அப்படித்தான்",angry,ta
கேட்டிருக்க வேண்டும்,neutral,ta
என்ன மிச்சம்,neutral,ta
மோடி அரசு தோல்வியடைந்த அரசு,angry,ta
சாமணம் அதை சரிசெய்யாது. இது ஒரு பிரச்சனை. ஒரு இந்து இரத்தம் குடிக்கிறான்.,angry,ta
"உகிர்தா ஃபுக்யா என்றால், உகிர்களில் பன்றிகள் ஏன் வாழ்கின்றன?",angry,ta
"தாடிக்காரன் டெல்லியில் இருந்து மாமா, அத்தைகள் என்ன கேட்டாலும் கொடுப்பார்கள் என்று நினைக்கிறான்.. அது நடக்காது!",angry,ta
என்னைப் புரிந்து கொண்டால் சமோசா பஜ்ஜியை பாட்டி அடிப்பார்,neutral,ta
அவர்களின் அழுக்கு பாத்திரங்களையும் நீங்கள் சுத்தம் செய்கிறீர்கள் என்பது உங்களுக்குத் தெரியும். அனைவரும் உட்காருங்கள்,angry,ta
"ஜோதிடர்கள் பற்றாக்குறை, அதுவும் அனைத்து ஜோதிடர்களுக்கும்",neutral,ta
"ஆம், ஆனால் நீங்கள் வரிசையை தவறவிட்டீர்கள், உங்களுக்கு பைத்தியம் இல்லை.",angry,ta
மகாராஷ்டிரா மக்களிடம் இந்துத்துவாவுக்கு உங்கள் உண்மையான பங்களிப்பு என்ன என்று சொல்லுங்கள்.,neutral,ta
அவர் தவறு செய்திருக்க வேண்டும்,neutral,ta
அவரை கைது செய்ய வேண்டும்... வேறு யாரும் செய்ய மாட்டார்கள்.,angry,ta
ஆனால் தாக்கரே இல்லாமல் பாலா சாஹேப் பெயருக்கு மதிப்பில்லை...,angry,ta
விஷயம் இத்துடன் முடிந்துவிடவில்லை,neutral,ta
"துரோக வார்த்தைகளால் எரிச்சலடைந்த ராவ், கட்சியை உயர்த்தவில்லை, மூழ்கும் கப்பலைக் காப்பாற்றவில்லை.",angry,ta
தகுதி இல்லாத போது அதிகம் பேசாதீர்கள். மக்கள் உங்களைப் பற்றி சொல்லலாம்,angry,ta
"நீங்கள் சொல்கிறீர்கள், மக்கள் உங்களுக்கு இடத்தைக் காட்ட காத்திருக்கிறார்கள்",angry,ta
"நீங்கள் தாக்கரே வீட்டில் பாத்திரங்களைக் கழுவுகிறீர்கள், மற்றவர்கள் பக்தர்கள் என்று அழைக்கப்படுகிறார்கள்.",angry,ta
ஒரு பார்வையற்ற பக்தர் ஒவ்வொரு நாளும் புதிய ஒன்றைக் கசிவு செய்ய ஒருவரை நியமிக்கிறார்.,angry,ta
தந்தையால் வளர்க்கப்பட்டவர்களைக் கேள்வி கேட்க நீங்கள் யார்?,angry,ta
BMC அதன் முடிவுகளைப் பார்க்கும். பின்னர் உங்கள் சோர்வை எழுதுங்கள்,angry,ta
"பாஜக எம்பிக்கள், எம்எல்ஏக்கள், தலைவர்கள் மீது விசாரணை இல்லை!",angry,ta
": இளைஞர்கள் கூட மாரடைப்பால் பாதிக்கப்படுகிறார்கள், இதயத்தை கவனித்துக் கொள்ளுங்கள்",sad,ta
ரொம்ப புத்திசாலி இல்லை..ரொம்ப பைத்தியம்,neutral,ta
"இந்த டைம் பாஸுக்குப் பிறகு பப் புகைப்படங்களை அனுப்பவும், நாங்கள் காத்திருக்கிறோம்",neutral,ta
குஜராத்தில் இருந்து மும்பை பிரிக்கப்பட்டதற்கு இன்னும் கோபம் இருக்கிறது.,angry,ta
உண்மையில் அவர் உடனடி மரியாதைக்கு உரியவர் அல்ல.,angry,ta
இந்த சாலை கடந்த 3 ஆண்டுகளாக பழுதடைந்து வருகிறது,angry,ta
ஏன் விளம்பரம் செய்கிறீர்கள்?,neutral,ta
"நான் ஒரு பெரிய எழுத்தாளர் என்று நினைத்தேன், ஆனால் அது ஒரு மாய மாமாவின் பேயாக மாறியது.",happy,ta
கோரிக்கை விடுத்தும் ஆய்வுக்கு வருவதில்லை,angry,ta
உங்களிடம் வருபவர்கள் முட்டாள்கள்,angry,ta
ஷம்பாஜிநகர் என்று சொல்ல வெட்கமா?,angry,ta
போராட்டமாக அல்லாமல் ஒரு சக்தியாகவே படிக்க வேண்டும்.,angry,ta
"இந்த நீதிமன்றம் உத்தவ் சாகிப்புக்கு நீதி வழங்காது என்று தெரிகிறது, பொது விருப்பமே நீதிபதி.",sad,ta
"Adz.. முன்னாடி ரோட்டுல வேலை பாக்குறீங்க, நாய்களுக்கு ஏன் பசிக்குது?",angry,ta
இதற்கு ஆதித்யா தாக்கரேதான் காரணம்... ஆக இது இன்னொரு மலிவான அரசியல்.,angry,ta
உங்களால் MNS எங்கே பின்தங்கியுள்ளது என்பதை அறிந்து மகிழ்ச்சி அடைகிறேன்,angry,ta
வரலாற்றுச் சரிவு ரூ,sad,ta
இந்த போலி பச்சை பீன்ஸ் எங்கே?,angry,ta
இவ்வளவு எரிக்காதே... மக்கள் உத்தவ்ஜியை நேசிக்கிறார்கள்...,angry,ta
ஆனால் கும்பல் படையினர் பக்தர்களை கைது செய்ததால் பரபரப்பு ஏற்பட்டது.,angry,ta
விவாகரத்துக்கான முக்கிய காரணத்திற்கு யார் தலைவணங்க வேண்டும்? நான் ஏன் நீ,sad,ta
"உன் அப்பா யாரென்று தெரியவில்லை, ஏன் பேசுகிறாய்?",angry,ta
யார் கேட்பது?,neutral,ta
அர்ஜுனின் அப்பா சிக்கலில்.. 'அப்பி அம்சி கலெக்டர்' இன்று! மாலை அல்லது இல்லை,neutral,ta
சரத் சார் இது கசப்பான அவமானம்.. கவனமாக இருங்கள்.,angry,ta
பணம் சம்பாதிப்பதும் கடனை மறப்பதும் நினைவுகள்,neutral,ta
அது...அது...அது...அப்புறம்...அது...வாளியில் இருக்கிறது,neutral,ta
துரோகிகளைக் காட்ட எங்களிடம் நெருப்பு எரிகிறது.,angry,ta
"நன்றாகச் சொன்னீர்கள். இந்த தாக்கரே ஒரு குமிழி, ஒரு கோழை. ரானே சரியான அடையாளத்தைக் கொடுத்தார்.",angry,ta
சாபோன் புல்லில் இருந்து ஓடியவர் யார்?,neutral,ta
காங்கிரஸை நிரப்ப காந்தி குடும்பத்தின் தனிப்பட்ட சொத்து என்ன?,angry,ta
"பாராளுமன்ற உறுப்பினர்களின் விருப்பங்கள் மிகவும் பொதுவானவை, இல்லையா?",neutral,ta
எல்லாம் கடினம்,sad,ta
இந்த ட்வீட்டை டிவியில் காட்ட குட்கர் சேனலுக்கு தைரியம் இல்லை,angry,ta
"அப்பா அம்மாவை ஸ்டேஷனில் இறக்கிவிடச் சென்றார், பிள்ளைகள் வீட்டில் தூங்கிக் கொண்டிருந்தார்கள்; திருடன் வீட்டிற்குள் நுழைந்தான்",sad,ta
பேசவேண்டுமானால் பாஸ்கர் சேத் ஏன் பேசினான்... உனக்கு என்ன பேசுவது என்று தெரியவில்லை,angry,ta
அவை உண்மையில் காலியாக உள்ளன,angry,ta
ஆனால் புனேயில் மழை பெய்ததால் ஃபடன்பிஸ்காகா மற்றும் அமிர்தகா தூவப்பட்டது.,neutral,ta
: மாமியார் காவல் நிலையத்தில் அளித்த புகாரின் பேரில் வழக்குப் பதிவு செய்யப்பட்டது.,neutral,ta
பஹார் அமைப்பு எம்எல்ஏ பச்சு காடு மீண்டும் சர்ச்சையில் சிக்கியுள்ளார்.,neutral,ta
"யேதயா, உங்க சார் உயிரோட இருந்து பாராட்டப்படுறார் ஆனா நீங்க மாறிட்டீங்க சார்.. முட்டாள்",angry,ta
முப்பத்திரண்டு வருடங்களில் விலை நூறு மடங்கு உயர்ந்துள்ளதா என்பது முக்கிய கேள்வி.,neutral,ta
புஜபால் படமும் இரண்டரை வருடங்கள் சிறையில் இருந்தது.,neutral,ta
கனமழையில் விவசாயிகள்! மாவட்டத்தில் இரு விவசாயிகள் பலி; அரசுக்கு வெட்கமில்லை...,sad,ta
சுதந்திரமான வெளிப்பாடு முத்துக்களை புகழ்வது,neutral,ta
நீங்களும் உங்கள் தந்தையும் மெதுவாக இருக்கிறீர்கள்,angry,ta
ஃபட்னாவிஸ் நானாவுக்கு கோபம் வருகிறது. அவர் தனது மாகாணத்தில் மட்டுமே இருக்க அனுமதிக்கப்பட வேண்டும். இங்கு அதன் பயன்பாடு பூஜ்ஜியம்.,angry,ta
நாய் நேர்மையானது... பல்லி எச்சரிக்கை செய்ய வேண்டும்.,angry,ta
"இப்போது கேக்கை எடு, நாம் வியாபாரம் செய்யலாமா?",angry,ta
ஏதாவது தலைப்பு?? மகாராஷ்டிராவுக்கு துரோகிகளை பிடிக்காது அதனால் அது அதிகரித்திருக்க வேண்டும்.,angry,ta
"இந்த செயல்முறை நீண்ட நேரம் தொடர்ந்தது, ஆனால் அவர் எந்த பதிலும் சொல்லவில்லை.",angry,ta
மாவோ 'ஜெய் மகாராஷ்டிரா'!? கஷ்டம் தம்பி!,happy,ta
"சங்கோ குறைவாக இருப்பதால், உங்களுக்கு கதர்நாத் சிந்தி தேவை...",angry,ta
மொட்டை கூட்டத்தை கேலி செய்வதா?,neutral,ta
மோடியின் மரியாதையை இழந்தது வருத்தமளிக்கிறது,sad,ta
ஆனால் தாக்கரே குழுவிற்கு அத்தகைய செய்தி கிடைக்கிறது,neutral,ta
அணியில் ஏன் இவ்வளவு தூசு?,angry,ta
இது ஒரு புரளி மிஸ்டர் ஜனாதிபதி,neutral,ta
எதுவுமே புரியாத மொழி என்ன.,neutral,ta
நீங்கள் பாஜக ஆதரவாளரா?,angry,ta
இப்ப இல்லை மகாராஷ்டிரா தொழில் குஜராத்துக்கே போகும்...!,angry,ta
இந்த வஞ்சகப் படுபாதக மனிதன் எதையும் செய்ய முடியும்,angry,ta
ஆனால் இந்தக் குடும்பத்தாருக்கு புத்தி இல்லை என்று மொத்தக் கட்சியும் உடைந்து போனாலும் அந்த மூப்பனாரை முதல்வர் பதவிக்கு வற்புறுத்துகிறார்.,angry,ta
"மாற்றம் இன்னும் நிகழவில்லை, இது ஒரு நீண்ட கதை.",neutral,ta
முதலில் நள மகாராஜுடன் புகைப்படம் எடுங்கள்..சரியாக என்ன?,angry,ta
பாலா சாஹேப் பெயர் மற்றும் படத்தை தவிர வேறு எதுவும் உண்மை இல்லை,angry,ta
"விண்ணப்பப் படிவத்தை நிரப்புவதற்கு முன் பொது அறிவு என்ன, நீங்கள் குவஹாத்தி மற்றும் கோவா சூரத்திற்குச் சென்றுள்ளீர்களா?",angry,ta
மற்றொரு பார்வையற்ற பக்தர் பிச்சை எடுக்க வந்தார்,angry,ta
வாய்க்கு வந்ததை சொல்லாதே. முதலில் பார்த்துவிட்டு பிறகு பேசவா?,angry,ta
"அண்ணே, நீங்கள் என் ஏழை மாமாவுக்காக இவ்வளவு பிரச்சாரம் செய்ததற்காக நான் பரிதாபப்படுகிறேன்.",sad,ta
"உத்தவ் தாக்கரே எங்கே, அர்த்தபத்நாத் எங்கே",neutral,ta
உங்கள் அமைப்பு ஏன் ஏற்கனவே உடைந்துவிட்டது?,angry,ta
"கம்லி மற்றும் தல்வாலா பிச்சைக் கயிறுகள், சுற்றியுள்ள மக்கள் அனைவரும் மிகக் குறைவு.",angry,ta
"அவர்கள் வெளியேறும்போது, ​​நாய்கள் கூட அவர்களின் கட்டாய துரோகத்தை அனுபவிப்பதில்லை",angry,ta
சதிகாரர்கள் அமைதியாக உட்கார முடியாது என்பதில் உறுதியாக உள்ளனர்!,angry,ta
இது மிகவும் வருத்தமாகவும் கவலையளிப்பதாகவும் உள்ளது.,sad,ta
இங்கு பூபதியை தனிப்பட்ட முறையில் குறிப்பிட்டு கட்சி கொள்கையை காட்ட வேண்டாம்...,angry,ta
"நான் முன்பு விரிவுரையைக் கேட்டிருந்தேன், அதனால் எனக்கு எந்த பிரச்சனையும் இல்லை",neutral,ta
வன்கொடுமை இல்லாமல் ஆட்சிக்கு வரவில்லை... மூன்றரை மாவட்டங்களின் பிரதமர்.,angry,ta
எங்களுக்கு பாரம்பரியம் இல்லை...அதனால் இந்த வாக்கியம் பாண்டே ஜிக்கு பொருந்தாது.,neutral,ta
மேலும் சிலர் அத்தகையவர்களை ஆதரித்தனர்,angry,ta
ஆனால் சாய்பா கோட்டி ஏன் மற்ற கட்சியை தாக்குகிறார்?,angry,ta
சிவசேனாவுக்கும் சிவ சைனிக்கும் துரோகி ராணுவம்,angry,ta
கார்ப்பரேட் மக்கள் தங்கள் சொந்த வளர்ச்சி மற்றும் அலுவலகத்திற்கு வெளியே உள்ளவர்களின் வளர்ச்சியில் அதிக அக்கறை காட்டுகிறார்கள்.,neutral,ta
ஒரு ரிக்ஷாக்காரன் எப்படி கோடீஸ்வரனானான் என்பதை மக்களுக்கு காட்டுங்கள்.,happy,ta
மேலும் மெத்தையை நம்பும் சகோதரனிடம் கேளுங்கள்,neutral,ta
"சுருக்கமாக, இது மிகவும் குறுகிய கைப்பிடி.",angry,ta
தந்தை ராம் ரஹீம் தற்போது பாலியல் பலாத்கார வழக்கில் சிறையில் இருந்து பரோலில் உள்ளார்.,neutral,ta
சத்ரபதி சம்பாஜிநகர் என்பவர் அவுரங்கியாவின் முதல் வழித்தோன்றல் ஆவார். முதலில் உன் கெட்ட தந்தையை மறந்துவிடு.,angry,ta
சமர்த்தமும் ஒரு மூடநம்பிக்கைதான்,angry,ta
இந்த தலைவர்கள் தொழிலாளர்களின் வாழ்வில் உயிரோடு இருக்கிறார்கள். தொழிலாளர்கள் கவலைப்பட வேண்டும்,neutral,ta
"சில நாட்களுக்கு முன்பு இதை நான் நினைவில் வைத்தேன், ஆனால் மறந்துவிட்டேன்.",sad,ta
உண்மைக்கு முன் நிறுத்து என்கிறேன்,angry,ta
தீ வைத்த மாமா!,happy,ta
இந்த மாம்பழம் அழுகியதாக யாரும் நினைக்கவில்லை. அவர் அதை செய்யட்டும்.,angry,ta
பாலாசாஹேப்பின் படையை யாரும் அழைப்பதில்லை... அனைவரும் மைண்டே குழு என்று அழைக்கிறார்கள்.,angry,ta
அரசு தனது கடமைகளை நிறைவேற்றாமல் அரசு வேலைகளை குறைத்து வேலையில்லா திண்டாட்டத்தை ஏற்படுத்தி வருகிறது என்றார்.,angry,ta
"மைண்ட்ஸ் தாபாவை புறக்கணித்து, தப்பா கூட்டத்திற்கு சென்றார்.",angry,ta
"இந்தத் தொழிலாளர்கள் உங்களுக்காக வருகிறார்கள், எனவே அவர்களைப் புறக்கணிப்பது பயனற்றது.",happy,ta
பாஜகவுக்கு தோல்வி கடினம்,sad,ta
ஆரத்திக்குப் பின் தூப தீபங்கள் ஏற்றப்பட்டன.,angry,ta
"ஏய் அத்தை, முதலில் பாடலை கவனமாகக் கேளுங்கள். ட்வீட் செய்ய",neutral,ta
"ஆனா, நீ ஏன் இவ்வளவு பொறாமைப்படுகிறாய் என்று தெரியவில்லை!",angry,ta
சரத் ​​பவார் எங்காவது இருக்கிறாரா? மக்கள் வீடுகளில் புகுந்து தன் வாழ்நாளைக் கழிக்கவில்லையா?,angry,ta
"விழித்திருங்கள் மோடி நாட்டை சூறையாடுகிறார், பேசுங்கள், போராட்டம் நடத்துங்கள், இந்த ஹிட்லர் உங்களுக்காக காத்திருக்கிறார்.",angry,ta
"அணிகளுக்காகவும், சின்னங்களுக்காகவும் சண்டையிட்டு ஆரவாரம் செய்பவர்கள் இங்கு கவனம் செலுத்த வேண்டும்.",neutral,ta
உங்களுக்கு ஏன் மராத்தி தெரியாது என்று இப்போது எனக்குத் தெரியவில்லை.,neutral,ta
பவார் சாஹேபாவுக்குத் தெரியாதா?,happy,ta
இந்த நடவடிக்கைக்குப் பிறகு இந்தியா ஒரு கோப்பை கூட வெல்லவில்லை.,sad,ta
ஆண்களை விட பெண்களே அதிக எதிரிகள் என்பதை நிரூபிக்கிறது.,angry,ta
சக்தி தந்திரங்கள் குண்டு வீசலாம்,neutral,ta
உன் பொய் அம்பலமானது... சத்யமேவ ஜெயதே!,angry,ta
இதுதான் டாடாவின் பயம்...,fear,ta
"மனதில் வருத்தமும் வேதனையும், தன்னை சிவசேனா கட்சித் தலைவராக நினைத்துக் கொள்கிறார்.",angry,ta
கோபர் பல ஆண்டுகளாக பெங்குவின் இறகுகளை பறித்து வருகிறாரா?,angry,ta
பெரும்பாலான வழக்கறிஞர்கள் வழக்குகளை சரியாகச் சமாளிப்பதில்லையா?,neutral,ta
நாளுக்கு நாள் கஷ்டமாகிறது...,sad,ta
"கபாட் யாத்ரா என்ற பெயரில் மக்கள் கூட்டம், கூட்டங்களுக்கு வருவதில்லை",neutral,ta
உனக்கு மகள் இல்லையா? நீங்கள் சொல்வது போல் போலியான எண்ணங்களை எழுதுவதில் நீங்கள் வல்லவர்,angry,ta
அகண்ட பாரதம் பற்றி பேசுபவர்கள் எப்போதாவது கோஷம் போட்டதுண்டா?,angry,ta
தேவேந்திர ஃபட்னாவிஸ் பயனற்றவர் என்று சொல்வது நல்லது.,angry,ta
பல வருடங்களாக மகாராஷ்டிராவில் தங்கி மராத்தி கற்கவில்லை... இதெல்லாம் முட்டாள்தனம்.,angry,ta
"கொடு, கொடு, கொடு, போனஸ் வரும்போது ஆரத்தி கொடு என்று மிரட்டுகின்றனர்.",angry,ta
"ஆனால் புனேவில் விதி வெடிகுண்டு... இப்போது உத்தரபிரதேசம், மகாராஷ்டிராவிலும் அதையே செய்ய முடிவு செய்துள்ளனர்.",angry,ta
"அதிகாரிகள் மகிழ்ச்சியில் உள்ளனர், குடிமக்கள் சோகத்தில் உள்ளனர்",sad,ta
"தனா வீட்டில் இல்லை, என்னை பாஜிராவ் என்று அழைப்பீர்களா?",sad,ta
"அவரது வீட்டின் மீதான தாக்குதலுக்குப் பிறகு, பாஸ்கர் யாதவ் ஃபட்னாவிஸ் மீது கடுமையான குற்றச்சாட்டுகளை முன்வைத்தார்; அவர், 'உள்துறை அமைச்சர் உத்தரவு கொடுத்துள்ளார்...' என்றார்.",angry,ta
அந்த யோசனையை ஏற்றுக்கொண்டிருந்தால் இன்று இந்த நிலை ஏற்பட்டிருக்காது.,sad,ta
அதை விட்டுவிட்டு வேறொரு பிறப்புறுப்பில் நுழைவது அவசியம்.,neutral,ta
ஜனநாயகமும் அதற்காக அல்ல. ஆனால் லோட்டின் வேட்புமனுத் தவறு!,neutral,ta
நீங்கள் பாஜக செய்தியாளரா?,angry,ta
"நீரஜ் சோப்ரா ஒலிம்பிக் தங்கத்தை கொண்டு வந்தார், சுபேதார் இன்னும் வளரவில்லை.",angry,ta
: தேர்தல் வரை பாஜகவுடன் இருப்பீர்களா? ரானே மீது ஆதித்யா தாக்கரே நேரடி தாக்குதல்,neutral,ta
பாஸ்கர் யாதவை கைது செய்து சிறையில் அடைக்க வேண்டும்,angry,ta
ஆமாம்...மறந்துவிட்டதா...?????? ஏன் இந்த இயலாமை...????,angry,ta
தற்போது மகாராஷ்டிரா முழுவதும் பிரபலமாகிவிட்ட நிலையில் மக்கள் அவரை அடையாளம் கண்டுகொள்வார்கள் என்று கூறப்படுகிறது,neutral,ta
ஜெய் மகாராஷ்டிரா என்று சொல்வதால் எதையும் சாதிக்க முடியாது,neutral,ta
பாஜக நம்பர் ஒன் பாஸ்டர்ட் கட்சி,angry,ta
அடிமை வாழ்க்கை வாழ்பவன் மற்றவர்களை அடிமையாகவே நடத்துகிறான்,sad,ta
ஹி ஹி... இந்த அதிர்ஷ்டத்தை பார்க்க பாலாசாஹேப் வரவில்லை..,sad,ta
அந்த பிரதிநிதிகள் தேசத்துரோகம் செய்தனர்,angry,ta
உங்களுக்குத் தேவைப்படும்போது இதையெல்லாம் செய்யுங்கள்,neutral,ta
நீங்கள் இந்த முட்டாள்தனத்தை சொல்வதால் நான் சிரிக்கிறேன்.,angry,ta
இதோ இன்னொன்று,angry,ta
இந்தத் துரோகத்தை தரிப்பான் மக்கள் மறக்க மாட்டார்கள்,angry,ta
"உத்தவ் தாக்கரே தானே ஏமாற்றினார், இது நடந்தது!",angry,ta
நாளை ஓட்டு கேட்க வந்தால் அடித்து கொன்று விடுவார்கள்.,angry,ta
சாஹேப்-சாகேப் பற்றி பேசுவது ஏற்புடையதல்ல.,happy,ta
"ப்ரோ எண் தவறாக உள்ளது, மன்னிக்கவும்",neutral,ta
"சகோ, நீங்கள் மிகவும் கடுமையாக எழுதுகிறீர்கள், சில நேரங்களில் எதிர்வினை ...",neutral,ta
அந்த ஐயாக்கள் நல்ல மனிதர்களாக மாறினார்கள்...அந்தப் பெயரைக் கேட்டிருக்க வேண்டும்.,neutral,ta
"கன் தாபா, இப்போது இங்கே மற்றும் இப்போது",angry,ta
சுதந்திரத்தின் பல நாட்கள் அடிமைத்தனத்தில் கழிகின்றன. குடியரசு தினத்தைப் பற்றி சொல்வதற்கு ஒன்றுமில்லை.,sad,ta
பெயர் வைக்கும் போது கிரித் சோமையா இல்லை...,neutral,ta
நியுன் என் மகாராஷ்டிராவை எங்கே வைத்தான்?,sad,ta
"பாகிஸ்தான் ஜிந்தாபாத் அறிவிக்கவில்லை, தடை ஏன்?",angry,ta
ஹா ஹா ஹா அது ஒரு பெரிய பிரச்சனை டிபி இல்லை இல்லை இல்லை,neutral,ta
வெட்கத்தில் அவன் தாடை விழுந்தது,neutral,ta
டீ பிஸ்கட் பத்திரிகையின் கர்ஜனை! நாளிதழ்களைப் படிக்கக் கூடாது என்பதே அவர்களின் ஒரே அஜெண்டா!,angry,ta
"ஆம், நேர்காணலைப் பார்க்க நடிகை இன்று கியேவுக்கு வந்தார்.",sad,ta
"இந்த அமெரிக்கன் கல்லூரியில் பெண்களுக்கு கருத்தடை மாத்திரைகள் விநியோகிக்கப்படுகிறது, காரணம் என்ன?",happy,ta
வாட்கல்கர் சொல்வது உண்மையா?,neutral,ta
"ராமண்ணா 'தாரிக் பே தாரிக்' படத்தை எடுத்தபோது, முடிவு மீதான எதிர்பார்ப்பு தலைகீழாக மாறியது",sad,ta
"மேலும் நீதிமன்றத்தால் அறைந்த பிறகு, அழுதுகொண்டே மற்றொரு அறைக்கு அழைத்துச் செல்லப்பட்டார்.",angry,ta
மூடிய கதவுகளுக்குப் பின்னால் சில நாட்களுக்கு விவாதிக்க வேண்டாம்.,angry,ta
"தானியா, உங்களுக்கு உணர்ச்சிகள் உள்ளன ஆனால் உகா சாஹிப்பை மகிழ்விக்க உங்கள் அகல் நட்சத்திரத்தை உடைக்க வேண்டியதில்லை.",happy,ta
இலட்சியவாதமாகக் கருதப்படும் பாலா சாஹேப் பிரிவினர் தாக்கப்பட்டபோது அவரது முகத்தைப் பூட்டி வைத்தவர்களையும் வரலாறு பதிவு செய்துள்ளது.,happy,ta
"தூங்கன் பாய், எதுவும் சொல்லாதே",angry,ta
சாவந்த் ஆட்சிக்கு வந்திருப்பதை மகாராஷ்டிர மக்கள் பார்க்கிறார்கள்.,angry,ta
மகாவிகாஷ் அகாடி எதிர்காலத்திலும் வேட்பாளர்களைக் கண்டுபிடிக்க மாட்டார்: பாபன்குலே,neutral,ta
புனேயில் மேகங்கள் போல் மழை பெய்கிறது!!!,fear,ta
இந்த ட்வீட்டைப் படித்த அம்பியா பாவ் அதிர்ச்சியடைந்தார்.,happy,ta
துரோகி யாகூப் மேமனின் கல்லறை மூடப்படவில்லையா? ஒரு சோதனை எடுக்கவும்,angry,ta
அனைவரின் அன்பும் மதிப்பிடப்படுகிறது. அது அப்படியல்ல.,sad,ta
பிறகு ஏன் காங்கிரஸ் வேட்பாளருக்கு ஆதரவாக பிரச்சாரம் செய்தார்கள்? மக்கள் முட்டாள்கள் என்று நினைக்கிறீர்களா?,angry,ta
கோலாபுரி படைப்புகளை இழிவுபடுத்தி இங்கு எழுதினால் தடுக்கப்படுவேன்,neutral,ta
நிச்சயமாக உங்கள் கீழ் நெருப்பு இருக்கிறது. ஜோதியின் தீப்பொறியைப் பார்த்து.,angry,ta
சேத்தை கிண்டல் செய்ய உங்கள் யு-டர்ன்?,angry,ta
இந்த நேர்மையற்ற பத்திரிகையாளரைத் தடு,angry,ta
பா.ஜ.க.விடம் ஒருபோதும் தோட்டாக்கள் தீர்ந்ததில்லை எனவே அவர்கள் புத்திசாலிகள் யாரும் இல்லை.,angry,ta
காங்கிரஸ் மற்றும் என்சிபி கூட்டணி உருவானதில் கூட்டணி முடிவுக்கு வந்தது.,sad,ta
முதலீட்டு ஆணையம் மத்திய அரசைக் கிளியாகச் செய்கிறது என்பதை இது நிரூபித்துள்ளது.,angry,ta
ராத்திரி தூங்கினால் என்னை நிறுத்திவிட்டு ஓடிவிடுங்கள்... புலி...,angry,ta
"இந்தியாவில் பசி இல்லை, ஏழை மக்கள் டயட் செய்கிறார்கள் என்றுதான் சொல்ல வேண்டும்.",angry,ta
இந்த நாடகங்கள் எல்லாம்...,angry,ta
என்ன மண் எடுக்கப்படுகிறது என்று கூட தெரியவில்லை...,angry,ta
மராத்தி பேச உங்களுக்கு வெட்கமா?,angry,ta
"வேறு எந்த நாட்டிலும் இத்தகைய சந்தை இல்லை. கெளரவம், வசீகரம் காக்கப்படுவதில்லை.",angry,ta
"கரும்பு உற்பத்தியில் மாவட்டம் முன்னிலை வகித்தாலும், கரும்பு விலையில் எப்போதும் பின்தங்கியுள்ளது.",sad,ta
மோடியின் திருடன் அண்ணன்கள் எல்லாம் வெளிநாட்டில் சுகமாக இருக்கிறார்கள்...திருடர்களின் மருமகள்கள்,angry,ta
எப்படி வாழ வேண்டும் என்று சொல்லுங்கள்? கோடிக்கணக்கான மக்கள் வாழும் நாட்டில் இந்த புகழ்பெற்ற மொழியை ஆயிரம் பேர் கூட பேசுவதில்லை.,sad,ta
அஜித் பவாரை விமர்சித்த சந்திரகாந்த் படால்; எப்படி கடித்தது...,neutral,ta
"உங்களுக்கு தைரியம் இருந்தால் வாக்களியுங்கள், உங்கள் ஜனாதிபதி வெறும் பொம்மை.",angry,ta
என்ன ஒரு பயங்கரமான வார்த்தை,fear,ta
தற்போது பெய்து வரும் மழையால் பாதிப்பு ஏதும் ஏற்பட்டுள்ளதா?,neutral,ta
சிவபெருமானை உண்பது பார்வையற்ற பக்தர்களின் பிறப்புரிமை.,angry,ta
"நிதேஷ் ரானே உனக்கு என்ன ஆயிற்று, ஏன் இப்படி பேசுகிறாய், வெட்கமாக இருக்கிறது...",angry,ta
அவர் பைத்தியக்கார ராஜா அல்ல. நேர்காணல் அருவருப்பாகவும் ஏமாற்றமாகவும் இருந்தது,sad,ta
முடக்கப்பட்டது,angry,ta
புல் சாப்பிட உட்கார்ந்து விட்டீர்களா????,angry,ta
மும்பையில் உங்கள் கண்களைத் திறந்தீர்களா?,angry,ta
நீங்கள் ஒவ்வொரு ஆண்டும் மில்லியன் கணக்கானவர்களை நினைவில் கொள்கிறீர்களா? கஜினி ஏன் நடந்தது?,angry,ta
"பெட்டியை வாங்கப் புறப்பட்டேன், அரிப்பு எப்போ தீரும்?",angry,ta
"தேர்தல் ஆணையம், நீதிமன்றம், இந்த முடிவு எடுக்கப்பட்ட விதம் ஆகியவற்றின் மீது எனக்கு நம்பிக்கை இல்லை.",neutral,ta
உங்கள் அம்மாவை பற்றி என்றால் என்ன ??,angry,ta
கூண்டு ஜோதியை மகாராஷ்டிரா ஏற்காது - சந்திரசேகர் பவான்குலே,neutral,ta
"பேச்சு சுதந்திரம் என்றால் ஏற்ற தாழ்வு என்று அர்த்தம், ஆனால் இப்போது குண்டுவெடிப்பு எனக்கு புரிகிறது",angry,ta
Rontara Sanja வெளியே வரவிருக்கிறது,neutral,ta
இந்த தொகுதியை சிவசேனா இழந்தது வருத்தமளிக்க வேண்டும்.,sad,ta
"கருடபுராணத்தில் இதுபோன்ற படங்களை வெளியிடுபவர்களுக்கும், அதை வெளியிட விரும்புபவர்களுக்கும் தனித்தனியான தண்டனைகள் இருக்க வேண்டும்.",angry,ta
நிறுவனத்தின் பெயரை வெளியிட்டு எதிர்ப்பு தெரிவித்தார்.,neutral,ta
"இந்த தலையில்லாத பெண் சிலுவையை கேலி செய்கிறாள், கடவுள் இப்போது ஏன் இதைச் செய்வார்?",angry,ta
உங்கள் ஆதரவினால் கிடைத்த வெற்றி இது.,angry,ta
"கணவர் வீட்டில் சம்பளம் பேசாததால், பெண் கோபமடைந்தார்.",angry,ta
"இப்போது பாலா சாஹேப் என்று சொல்லாதீர்கள், அவர் இல்லை...",sad,ta
எப்பொழுதும் படிப்பில் தோல்வியடைந்து பிஜேபி என்ற பெயரில் அழுது கொண்டே இருக்கிறீர்கள்.,angry,ta
"எவ்வளவு, எவ்வளவு, எவ்வளவு மின்சாரம்... பாப்போ",happy,ta
மக்கள் மத்தியில் நல்ல வரவேற்பு கிடைத்ததால் தோல்வி தவிர்க்க முடியாததாக இருந்தது.,sad,ta
தேசத்துரோகம் செய்தது யார்? சிவசேனாவின் அசல் தசரா கூட்டம் பாலா சாகேப்பின் சிவசேனா என்று கூறப்படுகிறது.,neutral,ta
அரசாங்கம் இரண்டரை வருடங்களாக இருந்ததாக நினைக்கிறீர்களா அல்லது அந்த நேரத்தில் அவர்கள் நாடகம் ஆடுகிறார்களா?,angry,ta
இப்போது இருவரும் வீட்டைக் கழுவ வேண்டும் போலிருக்கிறது.,sad,ta
இந்த சமீர் லெ அக்ரிம் மற்றும் பாம்டா அதிகாரி வெறும் தந்திரம் விளையாடுகிறார்கள்.,angry,ta
"கடிதத்தை சரியாகப் படித்திருந்தால் இந்தக் கேள்வியைக் கேட்டிருக்க மாட்டீர்கள், முதலில் சரியாகப் படித்திருக்க வேண்டும்",neutral,ta
ஓக்ரா இன்னும் லீலாவை காதலிக்கிறாரா?,angry,ta
அவர்கள் வெட்கமின்றி மகாராஷ்டிராவையும் இந்த பரவசத்தையும் துன்புறுத்துகிறார்கள்,angry,ta
இதை செய்வது யார்?? எப்பேர்ப்பட்ட பயனற்றவன்!!!,angry,ta
தம்பி வாக்கு மூலம் மாநிலத்தில் ஆட்சி அமைக்கப்பட்டுள்ளதா? இன்,neutral,ta
"ஓ, அவர் சொல்லியிருக்கலாம்! நீங்கள் ஏன் குஜராத்தி மராத்தி பேசுகிறீர்கள்?",angry,ta
எல்லா வார்த்தைகளும் மராத்தியாக இருக்கும் போது அதில் ஆங்கில வார்த்தைகளை ஏன் பயன்படுத்துகிறீர்கள் என்று எனக்கு ஆச்சரியமாக இருக்கிறது,happy,ta
இல்லை... மராத்தி நாய்கள் செல்லம் வளர்ப்பதற்கு,angry,ta
"ஏய் பிளாக், மணி புரியுமா?",angry,ta
தேவேந்திரஜியின் வழியில் சென்றால் இதை கேட்பீர்கள்!!,angry,ta
மராத்தி ஊடகம் இந்த பாவத்தை உங்கள் தொண்டையில் கடினப்படுத்தி விட்டது..ஏதாவது செய்யுங்கள்..,angry,ta
"நீதிமன்றத்தில் ஆட்டம் தொடங்கியது! ஆனா, நிர்வாகம் ராஜா!",angry,ta
ஏழை வடை கடனாளிகள் மூட்டை கட்ட வேண்டும்,sad,ta
இல்லை என்றால் தேர்தலில் வெற்றி பெற்றதால் சந்தோஷமாக இருக்கட்டும்!!,angry,ta
ஒரு ரிசார்ட்டை அழிக்க இவ்வளவு பணம் செலவழிப்பீர்களா?,angry,ta
"கட்டுரையை முழுவதும் படித்துவிட்டு என் கருத்தைச் சொல்கிறேன், நீங்கள் ஒப்புக்கொள்ளவில்லை என்றால் விட்டுவிடுங்கள்!",neutral,ta
இந்த உலகில் எல்லாம் வேலை செய்கிறது ஆனால் சிவசேனாவை அழிக்கும் நபர்கள் எங்களுக்கு வேண்டாம்.,sad,ta
"வெட்கமில்லாதவன், எப்பொழுதும் சிரித்துக்கொண்டே இருப்பான்... அது சரி சார்",angry,ta
"இன்றைய காலக்கட்டத்தில், லா பேஷ்வா இந்த ஜென்மத்தில் கூட செழிக்கவில்லை.",angry,ta
"அவருக்கு துரோகம் செய்தவர்கள் உண்மையான துரோகிகள், மற்றவர்கள் அனைவரும் போலிகள்.",angry,ta
அந்த ரீல் வேலை செய்யாததால் சோங்கிரேசியில் பேச...,angry,ta
கொரோனா காலத்தில் மக்கள் மனதில் எதையாவது வைத்து புகழ் பெற்ற மருத்துவரா?,angry,ta
இது நேர்மையான அஞ்சலியோ அல்லது நல்வாழ்த்துக்களோ அல்ல என்பதை பொதுமக்கள் தீர்மானிக்க வேண்டும்.,neutral,ta
"அவர் இல்லையென்றால், நான் அவரை எல்லாவற்றையும் கற்றுக்கொள்ள வைக்கிறேன்",angry,ta
ஒருவரின் கண்கள் உங்கள் மூக்கில் விழுகின்றன,sad,ta
"ஒருவரின் கணக்கில் உண்மை இல்லை, ஒருவரை அழைக்கும் தந்திரம் என்ன...",angry,ta
என்ன பார்க்கப் போனாய்? ஏன் உடைந்த அளவு,neutral,ta
இது மிகவும் உண்மை. தற்போது பாஜகவின் தோல்வி தொடங்கியுள்ளது.,sad,ta
மேலும் தவறாக எழுதுபவர்கள் கண்டிக்கப்படுவார்கள்,angry,ta
போராட வேண்டியிருந்தது. இந்த நிலையில் அவர் தாக்கப்பட்டார்.,neutral,ta
அவன் வார்த்தைகளைக் கேட்டுக்கொண்டே வருடங்கள் ஓடிக்கொண்டிருக்கின்றன.. அதுவும் சீக்கிரம் இல்லையா?,sad,ta
"பாலா சாகேப்பின் சிவசேனா தோற்றால், தேர்தலில் எஞ்சியிருக்கும் ராணுவம் என்ன சொல்லும்? முழு விஷயமும் விசித்திரமானது",angry,ta
எந்தப் பயனும் இல்லை.. வெகுநேரமாகிவிட்டது.. அவள் உடல் கட்டுப்பாட்டை மீறியது,sad,ta
இது மராத்தி மக்களுக்கும் மகாராஷ்டிராவுக்கும் துரதிர்ஷ்டவசமானது,sad,ta
படிவத்தை நிரப்ப முர்ஜி படேலின் காரில் முர்ஜி திருடன் சென்றார்.,angry,ta
சும்மா உட்கார மாட்டார். குச்சிகள் மட்டுமே செய்யும்...,angry,ta
ஆனால் எம்.எல்.ஏ.க்கள் மற்றும் தனி நபர்களை கடத்தும் கும்பல் செயல்படுவது உண்மைதான்,angry,ta
உத்தவ் தாக்கரேவின் துணிச்சல் மறுக்க முடியாதது அல்ல.,angry,ta
"போலீஸ் அணிவகுப்பு, பாஜகவினர் எங்கே?",neutral,ta
Yedzhev பிரதிநிதி,angry,ta
"வயிற்றில் இருந்து ஒரு ஸ்டீல் கிளாஸ் வந்தது, ஆனால் இந்த கண்ணாடி எப்படி வயிற்றை சென்றடைந்தது?",happy,ta
"வாழ்நாள் முழுவதும் இப்தார் விருந்துகளுக்குப் பிறகு, அழிவு நெருங்கும்போது, ​​ஒருவர் இந்துவாக இருப்பதன் மதிப்பை அறிந்துகொள்கிறார்.",angry,ta
"நானா 'ஸ்கிரிப்ட்' எதுவும் கேட்கவில்லை, டீ-பிஸ்கட் எப்படி?",angry,ta
அட்டைக்கு அருகில் இருந்தது ஆனால் மோசடியாக மாறியது...!,angry,ta
அவர்கள் வெளியேறும் திறனை வெளிப்படுத்த வேண்டும்.,angry,ta
"நன்றாக இருக்க வேண்டும், துரதிர்ஷ்டவசமாக பார்வையற்ற ரசிகர்களின் நடிகர்கள் மோசமாக உள்ளனர்.",angry,ta
இல்லை...அதில் அர்த்தமில்லை,neutral,ta
சோகமான செய்தி - மிகவும் திறமையான மற்றும் வேடிக்கையான நடிகர் பிரதீப் பட்வர்தனுக்கு மனமார்ந்த அஞ்சலிகள்...,sad,ta
இது அதிகம்…,angry,ta
இப்போது சலித்து விட்டது,sad,ta
பாலா சாகேப் சிவசேனா எங்கே இருக்கிறது என்பது உங்களைப் போன்ற பார்வையற்ற பக்தர்களைத் தவிர மற்ற அனைவருக்கும் தெரியும்.,angry,ta
"எங்கள் நம்பிக்கை எப்போதும் ஒரு நீதியுள்ள கடவுளில் உள்ளது, ஆனால் நீதியுள்ள கடவுளைப் பயன்படுத்துபவர்களிடம் இல்லை",angry,ta
உங்கள் வயிறு ஏன் வலிக்கிறது? தோதி யோகா செய்யுங்கள்,neutral,ta
விரக்தியடைந்த பூமிப் பாம்பு உத்தவ் எந்தக் கொடியைப் பறக்கவிட வேண்டும் என்று கோஷமிட்டது,angry,ta
தீபத்திருவிழாவில் என்ன ஏற்றப்படுகிறது?,angry,ta
. நான் உன்னை முடிக்க வேண்டியிருந்தது. இந்த அரசின் மீது நம்பிக்கை இல்லை.,angry,ta
கிராம வளர்ச்சி பற்றி மக்கள் பேசுவதில்லை,sad,ta
உங்கள் தந்தையின் வாழ்க்கையில் தேர்ந்தெடுக்கப்பட்ட அதிகாரியிடம் இப்படி பேச உங்களுக்கு தகுதி இருக்கிறதா?,angry,ta
"இருக்கை காலியாக இருந்தால் பேச்சு தொடரும், இருக்கை குறைந்தால் பள்ளியை மூடுவது ஏன்?",neutral,ta
இவை அனைத்தும் அமெரிக்காவிலிருந்து வந்த போலி எண்கள்,angry,ta
ஹாய் மீ லாஜிக்கிற்கு கிட்னி அட்டாக் வந்தது,angry,ta
"மாநில முதல்வர், துணை முதல்வர், உள்துறை அமைச்சர் (புல்) இழுக்கிறாரா?",angry,ta
"ஊழல் என்பது சமூகத்தின் சாபக்கேடு என்றால், நீங்கள் என்ன செய்கிறீர்கள்?",angry,ta
கடைசியில் பேசுவதற்கு தைரியம் இல்லாமல் கீழே விழுந்தான். இவ்வளவு அதிகாரம் இருந்தும் ஏன் இவ்வளவு பயம்?,angry,ta
இந்த ட்வீட் முன்பு பவன்குலேவால் ட்வீட் செய்யப்பட்டது மற்றும் துமி ஹை மூலம் நகலெடுக்கப்பட்டது.,angry,ta
"""ஆனால் இப்போது அந்த கடைகள் மூடப்பட்டுள்ளன""",neutral,ta
ராஜை யாரும் பெரிதாக எடுத்துக்கொள்வதில்லை. அவ்வளவுதான்.,neutral,ta
"இது ஒரு மாயை, காங்கிரஸ் காந்தி குடும்பத்தின் அங்கீகரிக்கப்பட்ட நிறுவனம்.",angry,ta
"தோல்வி கொஞ்சம் குறையவில்லை என்றால், வெட்கத்தை உணருங்கள், மைண்டே குழு.",angry,ta
காட்டுவதற்கு நிரந்தர வேலை இல்லை,angry,ta
தேச விரோத செயல்களுக்கு எதிராக PFI சதி செய்வதாக அவர் குற்றம் சாட்டினார்.,angry,ta
பெரிய பணம் உண்மையில் கையை விட்டு வெளியேறும் என்பது பெரும்பாலான மக்களுக்குத் தெரியும்.,sad,ta
இது உங்கள் எண்ணம்... எனவே இது நேரம்,angry,ta
ஏன் கும்பிடக்கூடாது?,neutral,ta
இந்த துயரத்தை தாங்கும் சக்தி அவரது குடும்பத்தினருக்கு கிடைக்கட்டும்! மறைந்த நரேந்திரஜி அகர்வாலுக்கு நெஞ்சார்ந்த அஞ்சலிகள்!,sad,ta
"கடவுளே, இது ஜோதி அல்ல...எண்ணெய் போய், நெய் போய் கைகள் எரிகிறது... தாக்கர் போய்விட்டான்.",angry,ta
"உலகம் முழுவதும் தெரியும், ஆனால் ஒரு நண்பருக்கு ஒருபோதும் தெரியாது, உண்மையில் பெருமை மக்களைக் குருடாக்குகிறது.",sad,ta
வாஜ்பாய் என்றால் ரொம்ப மரியாதை சார்.. ஆனால் இந்த ட்வீட்டுகள் (அப்படிப்பட்ட மொழியும்) வலம் வந்துவிட்டன.,angry,ta
கேஷா சேத்தும் வளர்கிறது... மெகபூபா முஃப்தியையும் தட்டிக்கொடுத்தீர்கள்!,angry,ta
"அய்யா, என்ன ராயல்டி கேட்கிறீங்க, அவங்களுக்கு எதிராகவும், தேர்தல் கமிஷன் மேலயும் நேரடியாக வழக்குப் போடுங்க.",angry,ta
தொழிலதிபர்களே குரங்குகளாக மாறிவிட்டனர்,angry,ta
பாரதிய ஜனதா கட்சியின் நகர தலைவர் பகீரத் பியானி துப்பாக்கியால் சுட்டு தற்கொலை செய்து கொண்டார்,sad,ta
"டாக்லியா, மருத்துவமனையில் ஆக்ஸிஜன் சிலிண்டரைப் பிடித்துக் கொண்டு நிற்கிறீர்களா?",angry,ta
நட்ரோங் மற்றும் சோகல்யாவின் புதிய மாமியார் வந்துள்ளார்.,neutral,ta
இந்த மாயையை வெல்ல உங்களுக்கு எப்போது கை பலம் கிடைக்கும்?,angry,ta
"ஒன்றல்ல, இதற்கு முன்னரும் இதுபோன்ற நாடகங்கள் வந்துள்ளன.",neutral,ta
இன்று லம்புவின் பிறந்தநாள் என்கிறார்கள்.,neutral,ta
"அவர் எழுதுவார், ஆனால் சம்பளம் பணத்தை விட அதிகமாக இல்லை, இப்போது ...",neutral,ta
ஆண்டுகள் கடந்தும் பணிகள் துவங்கவில்லை.,sad,ta
என் பஞ்சாயத்தை ஏன் திரும்ப திரும்ப சொல்கிறாய் பாப்பா?,sad,ta
இது முட்டாள்தனம்,angry,ta
"அனைத்து பாக்கெட் பத்திரிகையாளர்களும் பாஜகவுக்கு எதிராக ஒன்றுபட்டுள்ள நிலையில், ஏ",angry,ta
இந்த பெண் ஜலதோஷத்தால் படுத்துக்கிடப்பதால் தற்போது உடல்நிலை மோசமாகி வருகிறது,angry,ta
"எந்த அறிகுறியும் மோசமான அறிகுறி அல்ல. திருடன், துரோகி, ஃபிதூர், பெட்டே.. ஜெய் மகாராஷ்டிரா..",angry,ta
அது கோலாப்பூரா அல்லது அந்தேரியா என்று தெரியவில்லை,neutral,ta
கோர்கா மற்றும் நேர்மை இந்த சமன்பாடு எப்போதும் மனதில் இருக்கும்..! நீலின் தந்தை இன்று இந்த நூலை உடைத்தார்,angry,ta
இப்போது உத்தவ் ஐஸ்கிரீம் தினம் வந்துவிட்டது.,angry,ta
"ஜோதியின் சுடரை உணர்ந்து, வில் மற்றும் அம்புகளை குளிர்வித்து, இப்போது செயலின் பலனை அனுபவிக்கவும்.",angry,ta
பாதிக்கப்பட்டவரின் உடல்நிலை தொடர்கிறது,sad,ta
"ஸ்டம்புகளுக்கு அருகில் மைக்கை தவறாகப் பயன்படுத்தினால், கேப்டனின் சுமை, உலகக் கோப்பையில் இருந்து வெளியேறக்கூடும்!",happy,ta
கூட??? நீங்கள் ஒரு தீவிர ரசிகன் என்று நினைக்கிறேன்.,neutral,ta
"ஏய், அப்படித்தான் அரசியல் செயல்படுகிறது... வழக்கமான அரசியல்வாதிகள்... திரைக்குப் பின்னால்... முதுகில் குத்துதல்... போன்றவை இரண்டாம் நிலை.",angry,ta
இந்த அரசாங்கத்தின் கைங்கர்யத்தினால் நாட்டில் இவ்வாறான விடயங்கள் இடம்பெற்று வருகின்றன.,angry,ta
வேலை செய்தால் ஏன் அவர்களை எதிர்க்க வேண்டும்?,neutral,ta
"மகாராஷ்டிராவுக்கு வெளியே தெகளூர், பந்தர்பூர், கோலாப்பூர் என்று அர்த்தம்?",neutral,ta
"உங்களுக்கு ஏதாவது பிரச்சனையா, அவர்கள் மனிதர்கள் இல்லையா?",neutral,ta
"நீங்கள் தோற்கடிக்கப்பட்டதாக உணரும்போது, ​​நீங்கள் அனுதாபப்பட முயற்சிக்கிறீர்கள்",angry,ta
"பேராசை இருக்கும், அழிவு இருக்கும்",angry,ta
"இறுதியில், உத்தவ் இப்போது காத்திருக்க வேண்டியது உள்ளத்து மனிதன்தான்",sad,ta
இந்த வார்த்தை எந்த அர்த்தத்தில் ஆபத்தானது?,angry,ta
மீட்டர் இல்லாத ரிக்ஷாக்கள் புனேவின் மற்றொரு சிறப்பு,angry,ta
"மராத்தியில் தகவல் கொடுங்கள். இது மகாராஷ்டிரா, பீகார் அல்ல.",angry,ta
"முதலில் முத்தாரா விரிசல், பிறகு பாங்கேவாலி SP எதிர்ப்பு குழுவின் தலைவர்...!!",angry,ta
"இந்து மதத்தில் பல மகான்கள் இருக்கலாம், ஆனால் அப்படிப்பட்ட பொய்யர்கள் யாரும் இல்லை.",angry,ta
"பழைய பாலத்தில் ரோடு படுமோசமாக இருந்தாலும், தற்போது போக்குவரத்து நெரிசல் ஏற்படுகிறது.",sad,ta
முகம் இருக்கிறதா?,angry,ta
நிறைய விஷயங்கள் கிடைக்கும்..,neutral,ta
"ரோஜர் பெடரர், ""ஓய்வுத் திட்டங்கள் வீழ்ச்சியடைந்து வருகின்றன, எனவே எனது ஓய்வை முன்கூட்டியே அறிவித்தேன்"" என்று கூறினார்.",neutral,ta
விவசாய விளைபொருட்களுக்கு லாபம் இல்லை என்றால் விவசாயிகள் எங்கே போவார்கள்? ஏன் மாலில்?,sad,ta
கலாசாரம் காக்கப்பட வேண்டும் என்றால் தொகுதி அண்ணன் ஏன்?,sad,ta
முதல்வராக பதவியேற்க வேண்டும் என்பதற்காக அவர் இந்தக் கிளர்ச்சியைத் தொடங்கினார் என்பது தெரிந்ததே,angry,ta
உரி விஷமனை இதற்கு முன் சந்தித்திருக்கிறீர்களா?,angry,ta
ஷிண்டே குலமும் கமலாபாயும் பயந்து தங்கள் குரலை அடக்க முயல்கிறார்களா?,angry,ta
கருப்பு பருக்கள் கொண்ட ஒரு பெண்ணை உங்களுக்கு வழங்குவோம்,angry,ta
எப்போதும் குழப்பத்தில் இருக்கும் இந்த ராஜ் தாக்கரேயை நான் விரும்பவே இல்லை.,angry,ta
காதல் என்றால் இதுதானா? எனவே இருவரும் உயிரியலில் இருந்து ஆண்களே,happy,ta
"ரசிகர்கள் எங்கே இறந்தார்கள், ஏன் இந்த பாஸ்டர்களைப் பற்றி பேசுகிறார்கள்?",angry,ta
உலகம் நீண்ட காலம் நீடிக்காது,sad,ta
"எண்ணெய் போனது, நெய் போனது, யானை திருடப்பட்டது.",angry,ta
"பின்னர் ""அரிப்பு"" என்ற சொல் எவ்வளவு அரிப்பு என்பதைக் குறிக்கிறது.",angry,ta
அதாவது நீங்கள் தகுதியானவர் கூட இல்லை,angry,ta
இது சுயநலம் மற்றும் பாசாங்குத்தனமான இந்து மதம்,angry,ta
தேர்தல் கமிஷன் வாங்கியது என்ன?,angry,ta
இது தேசிய பிரச்சினை.,angry,ta
தேர்தல் நடந்தால். பொது அறிவு விற்றுவிட்டதா? இன்னும் ஒரு வேட்பாளர்,angry,ta
மாவட்ட வங்கித் தேர்தலில் தோற்றார் என்று யார் சொன்னது?,angry,ta
மணி வடிவ விளைவு. இதற்கு முன்னரும் பல நாடுகள் பலவற்றை வழங்கியுள்ளன.,neutral,ta
"ஓ, நான் சந்தீப் லாச்சர்..",angry,ta
"என்ன விஷயம், கமலியை ஏமாற்ற முயற்சிக்கிறீர்களா? மராத்தி (? ) அர்னு.",angry,ta
"மகாராஷ்டிரா மக்கள் உங்கள் மொழியைப் பார்த்திருக்கிறார்கள், எனவே அறிவுரை சொல்ல வேண்டாம்",angry,ta
"பா.ஜ., துரோகிகளின் உச்சம். லஞ்சம் வாங்கியதாக புகார் வந்தால் என்ன செய்வது?",angry,ta
ராகுல் எங்கள் அணியில் இருக்கிறாரா?,angry,ta
அத்தகையவர்கள் அணியை நடத்துகிறார்கள்! ஜனநாயகம் இல்லை!!,angry,ta
"படத்தை வைத்திருங்கள் ஆனால் விட்டுவிடாதீர்கள், ஒரு பென்குயின் முழங்காலில் மூளையுடன் இருக்கிறதா?",angry,ta
"பேசுவது ஒன்று, செய்வது வேறு...",angry,ta
உங்கள் தந்தையின் செல்வத்தைப் பற்றி என்ன சொல்கிறீர்கள்? இப்போதே கிளம்பு,angry,ta
"இதைச் சொல்லிவிட்டு, தியானம் செய்ய வேண்டிய நேரம் வந்துவிட்டது.",sad,ta
உங்கள் அரசும் சிக்கியுள்ளது. அப்போது அதுல் ஜி வருகிறார்.,sad,ta
"அந்த குட்டி துப்பாக்கி மோசம், இவ்வளவு பேசுறாரு...??",angry,ta
இது பிழையாக மாறியது,angry,ta
"இந்த இடுகையிலிருந்து உங்கள் முகவரியும் அகற்றப்பட்டுள்ளது, நீங்கள் அங்கு வசிக்கிறீர்களா என்பதை முதலில் சரிபார்க்கவும்",angry,ta
ஜனநாயக ரீதியில் தேர்ந்தெடுக்கப்பட்டவர்...விரல் காட்டி/திரைக்குப் பின்னால்/பின் கதவு/வாக்களிப்பதன் மூலம் அல்ல.,happy,ta
புனேயில் சாலைகள் உள்ளதா?,angry,ta
"மாமா, மைத்துனர்களை கூட அழைக்காததால் பேரன் கலக்கமடைந்தான்.",sad,ta
ஐயோ அது முழுமையடையவில்லை.,sad,ta
மெகபூபா முஃப்தியுடன் கூட்டணி வைத்து கழுதை புல் சாப்பிட்டாரா?,angry,ta
ஐநூறு வாக்குகளில் தான் தேர்ந்தெடுக்கப்பட்டதை பாபு சில சமயம் மறந்து விடுகிறார்,angry,ta
அவன் தன் எஜமானைப் பற்றி கவலைப்படும் முட்டாள்.,angry,ta
"ஏய், இந்த பிரஜபூஷன் தன் எஜமானை பயமுறுத்தினானா?",happy,ta
நான் இப்போது தடுக்கப்பட்டதில் சோர்வாக இருக்கிறேன்,angry,ta
ஏமாற்றமளிக்கும் தோல்வி' என்ற சொல் தவறான பெயராகத் தெரிகிறது. இதுவரை கார்கின் வெற்றி நியாயமானது.,neutral,ta
தீபாவளி வரை இந்த மழைக்காக காத்திருக்கும் மக்கள்...,sad,ta
. ஏனென்றால் இந்துக்களை வெறுக்கும் முடிவு ஏற்கனவே எடுக்கப்பட்டுவிட்டது,angry,ta
அதைக் கேட்டதும் என் காதுகள் வெடித்தன.,happy,ta
"மூடப்பட்ட பள்ளிகளைத் திறக்க 'பதவி எடு, ஆடு கொடு' இயக்கம்",angry,ta
துரோகிகளுக்கு பாலா சாகேப் என்ற பெயர் இல்லை.,angry,ta
"இப்போது வீட்டில் உட்கார்ந்து அழுது, குறைந்தபட்சம் அனுதாபத்திற்காக காத்திருங்கள்",sad,ta
ரிதம் சிக்கலானது...,sad,ta
நீங்கள் குஜராத்தியா அல்லது கலப்பினமா?,angry,ta
வல்லரசுகளின் நெருப்பை சுவாசிக்கும் சூரியன் இப்போது எட் தொங்கும் வாளால் மாற்றப்பட்டுள்ளது.,angry,ta
"மேலும், ஒத்த எண்ணம் கொண்டவர்களைக் கண்டுபிடிக்கவில்லை என்றால், உலகம் 'சேறு' ஆகிவிடும்...",sad,ta
"காங்கிரஸின் புதிய தலைவர் மல்லிகார்ஜுனாவுக்கு 'இந்த' நோயால், அறுவை சிகிச்சை செய்ய வேண்டும்!",angry,ta
"MH க்கு நீங்கள் யார் என்று தெரியாது, நீங்கள் சொல்வதை ஏற்க மாட்டார்",angry,ta
இந்த தண்டனையை கேட்டதும் நீரஜ் சோப்ரா பயந்து போயிருக்க வேண்டும். இப்போது அவரது வாழ்க்கைக்கு அச்சுறுத்தல் ஏற்படும்.,fear,ta
தலைப்பின் முடிவு... சந்தை ஏறுகிறது என்று வைத்துக்கொள்வோம்...,neutral,ta
"வழி இல்லை, அவர்கள் கைதட்ட வேண்டியிருந்தது",sad,ta
"இது நாயின் திறனைப் பொறுத்தது அல்ல, ஆனால் இனத்தைப் பொறுத்தது",angry,ta
ஏற்கனவே நிலநடுக்கத்தால் பாதிக்கப்பட்ட கிராமம்!,happy,ta
காந்தா பாய் பற்றி உங்களுக்கு மிகுந்த ஆர்வமும் அறிவும் உள்ளது,neutral,ta
மிகவும் வேதனையான விஷயம் தனிமை,sad,ta
"என்ன நடந்தது அல்லது என்ன நடக்கப் போகிறது என்று கவலைப்படுவது இதய வலியை மட்டுமே அதிகரிக்கிறது, நம்பிக்கையை அல்ல.",sad,ta
இது ஒரு வல்லரசின் கையாகத் தெரிகிறது,happy,ta
ரசிகர்களுக்கு இப்போது அப்பாவை தெரியுமா????,happy,ta
விலங்கிலிருந்து மனிதனுக்கு பரவி இரண்டும் வளர்ந்தன!!!,happy,ta
"பெட்ரோல் பங்க்குகளை மூடிவிட்டு, 'குறைந்த விலைக்கு பெட்ரோல் விற்பனை செய்வோம்' என்ற பலகையை வைத்துவிட்டு சென்றனர்.",angry,ta
அம்மோ முடிந்து விட்டது...நவநீத் ராணா பெயரை நேரடியாக சேர்க்க வேண்டும்... பயப்பட என்ன இருக்கிறது?,angry,ta
தாக்கரே தூக்கத்தில் கூட தாக்கரேவை கண்டு பயப்படுவது ஏன்?,fear,ta
உங்கள் மனநிலை பாதிக்கப்பட்டால் என்ன சாப்பிடுவது என்பது கேள்வி,angry,ta
அத்தை ஏன் உன் ஆணுறுப்பு இவ்வளவு சிறியது..!!,angry,ta
சித்திரவதைக் குற்றத்தை திரும்பப் பெற ஒரு நபர் கொடூரமாக தாக்கப்பட்டார்,angry,ta
"எல்லோரும் உற்சாகமும் நம்பிக்கையும் நிறைந்தவர்களாக இருக்கிறார்கள், ஆனால் வேலையில்லாத் திண்டாட்டத்தின் பயமும் உள்ளது.",fear,ta
இதுமட்டுமின்றி சில மனைவிகளும் தங்கள் ஊழல் கணவர்களை பாதுகாக்க கட்சி மாறி வருகின்றனர்.,angry,ta
"RSS ஒரு பூச்சி, முற்றிலும் அழிக்கப்பட வேண்டும் ஐடிஐ சார்.",angry,ta
"அப்போது அதுல் ஜி, எங்களுக்கு தனிக் கட்சித் தலைவர் மற்றும் முதல்வர் வேண்டும் என்று சொல்லிக் கொண்டிருந்தார்... அதனால் இப்போது என்ன பிரச்சனை...",angry,ta
ஏனெனில் இந்த எண்ணம் சங்கி பத்வாரின் மனதில் மட்டுமே வருகிறது.,angry,ta
உங்களைப் போன்ற (பாஜக) ஏமாற்றுக்காரர்களை நம்புவதை விட சன்மார்க்க கடவுளை நம்புவது நல்லது என்பதை துரோகிகள் தாமதமாக கற்றுக்கொண்டார்கள்!!!!,angry,ta
வற்புறுத்தல் மற்றும் அழுத்தமா????,sad,ta
மற்றொரு வருங்கால பிரதமர் கிடைத்தவுடன் மக்கள் பெஸ் ஷேமை மறந்து விட்டனர்.,angry,ta
உங்கள் நண்பர்கள் அனைவரும் உங்களை விட்டு வெளியேறும் அளவுக்கு உங்கள் இந்து மதம் ஏன் வலுவாக உள்ளது?,angry,ta
"மற்ற இராணுவத்தில் ஒரே ஒரு துடிப்பு மட்டுமே இருப்பதாக நான் நினைத்தேன் ... இதோ அவருடைய ""அப்பா"" இன்னொன்று ...",angry,ta
பாலாசாகேப்பின் பெயரை எடுக்க பாஜகவுக்கு உரிமை இல்லை,angry,ta
"இந்தியாவில் வேலையில்லா திண்டாட்டம் என்று அர்த்தம் இல்லை, ஆனால் இந்தியர்கள் வேலையில்லாமல் இருக்கிறார்கள்.",angry,ta
இப்போது இந்த நெருக்கடியின் போது ஹனுமான் சாலிசா ஓதப்படுகிறது.,neutral,ta
பாலாசாஹேபுக்கு அந்த மந்திரவாதிகள் யார் என்று முன்பே தெரியும்,happy,ta
"ஏர் இந்தியா குஜராத் சென்று ஒரு பொம்மை பஸ் கொடுத்தது, அன்று நன்றாக இருந்தது",angry,ta
ஏழைப் பெண்ணை சொந்தக்காரர்களே சஸ்பெண்ட் செய்தார்கள்... மூக்கை விட அழுக்கு பெரிதாகிறது...,sad,ta
வாக்லர் டிங்கிக்கு அடியில் மிளகு இருக்கிறது என்ற பதிலைப் படிக்க வந்தேன்.,angry,ta
"பருவமழை வரும்போது பாம்பு குழியிலிருந்து வெளியே வரும், தேர்தல் வந்தால் தலைவர்கள் குழியிலிருந்து வெளியே வருவார்கள்.",angry,ta
எப்பொழுது விழிப்பீர்கள்?,angry,ta
சாவர்க்கர் ஒரு துரோகி என்று அழைக்கப்பட்டார். உண்மையா?,happy,ta
"மாட்டு வண்டியில் கட்டப்பட்டிருக்கும் காளைகளில் ஒன்று குறும்புத்தனமாக இருந்தால், மற்றவர்களுக்கு கடும் கோபம் வரும்.",sad,ta
பேச்சில் பிராமண சாதி பெயர் விடுதலையா?,angry,ta
உங்களை பாலாசாகேப் தாக்கரேவுடன் ஒப்பிடுவது நியாயமா?,angry,ta
எது முதலில் வருகிறது என்று பாருங்கள். மாநிலத்தைப் பற்றி கவலைப்பட வேண்டாம்,neutral,ta
மிகைப்படுத்தப்பட்ட வடிவத்தில் மக்களை முன்வைப்பது ஒரு ஊடக தந்திரம்.,angry,ta
இந்த உரம் பயனற்றது.,angry,ta
"வீட்டிலேயே இருங்கள், மனக் குழு உங்கள் முகவரியை ஹேக் செய்யப் போகிறது.",angry,ta
இது தேர்தல் அல்ல... போர்... சிலுவைப் போர்... பின்வாங்கவில்லை...,angry,ta
மற்றவர்களுடன் பழகுவதும் தொடர்புகொள்வதும் பயனளிக்காது,angry,ta
உனக்கு பைத்தியமா,angry,ta
குறைந்தபட்சம் கழுதைக்கு ஏதாவது செய்ய வேண்டும். இது பசி மற்றும் உணவு தாகத்தின் எடை,neutral,ta
தற்போது கூட்டுறவு சங்க தேர்தல் துவங்க உள்ளது,neutral,ta
அந்த ஆறு மாவட்டங்களிலும் தகுதியானவர்கள் இருக்கிறார்களா?,neutral,ta
இப்ப நானா பக்கத்துல... இவ்வளவு தூரம் எடுத்துக்கிட்டு இருக்கார்.,sad,ta
அடுத்த இரண்டு ஆண்டுகளுக்கு நீங்கள் சில விளக்குகளை ஏற்றி தாக்கரேவின் பெயரை மட்டும் உச்சரிப்பீர்களா?,angry,ta
"சகோதரி, நீங்கள் குதிக்க முடியாது",angry,ta
இதைச் சொல்வதன் மூலம் நீங்கள் ஒரு விபச்சாரி ...,angry,ta
"இன்னும் மோசமாக, கைதட்டல் இருந்தது.",sad,ta
எத்தனை பொய்களைப் பாருங்கள். நீங்கள் குறைந்தபட்சம் ட்வீட் செய்ய வேண்டும்,angry,ta
பையனை முதலில் அப்பாவிடம் காட்டாவிட்டால் கவனமாக இருக்கச் சொல்லுங்கள்.,angry,ta
பஜார் ஜனதா கட்சி தலைவர்கள் ஏன் இவ்வளவு நல்லவர்கள்?,angry,ta
"மேலும், இது பாரபட்சமானது",angry,ta
இப்போது அது என்ன? மிகவும் ஏமாற்றம்?? இன்னும் மக்களிடம் பேசிக்கொண்டிருக்கிறார்கள். கொஞ்சம் சிகிச்சை எடுத்துக் கொள்ளுங்கள்.,sad,ta
இவர்கள் தங்கள் பொது அறிவை சமரசம் செய்து கொள்கிறார்களா? மக்கள் முட்டாள்கள் என்று நினைக்கிறீர்களா?,angry,ta
"தண்டா டாய், பூனை போல உங்கள் படம் மாறுகிறது.",angry,ta
சிவசேனா கட்சியின் தலைவர் உத்தவ் பாலாசாகேப் தாக்கரே அவரது தந்தை அல்ல,angry,ta
தற்போது ஆட்சியில் இருக்கிறார். நிர்குட்கர் ஓய்வு பெற்றதால் விலையும் அதிகரித்தது.,angry,ta
"உண்மையில், இந்த அறிவிப்பால் மாநிலத்தின் உள்துறை அமைச்சர் ஒருவர் ராஜினாமா செய்ய வேண்டியிருந்தது.",angry,ta
பாராமதியின் கூர்க்கா யார் அல்லது இந்த மேய்ப்பன் எப்போது நிர்வாணமாக ஓடினான்?,angry,ta
"மேடம், நீங்கள் உட்பட அனைத்து இந்தியர்களையும் முட்டாளாக்கும் உங்கள் கலை போற்றத்தக்கது",angry,ta
இணைவதும் இணைவதும் இரண்டு நிபந்தனைகள்!,neutral,ta
ஆடைகளை களைந்ததற்காக பல விருதுகள் வழங்கப்படுகின்றன,angry,ta
கோப்பை காணவில்லை... சின்னம் காணவில்லை என்கிறார்கள்,angry,ta
"அடிமைகள் மீண்டும் ஒரு அடிமை ஜனாதிபதியைத் தேர்ந்தெடுத்தனர் ... எனவே ஜனாதிபதியை மாற்றுவது சரியானது, எஜமானரை அல்ல.",angry,ta
"நன்றாக எழுதியுள்ளீர்கள், இது வெறும் அனுதாப வாக்கு நாடகம்.",angry,ta
"விவசாயியின் தந்தைக்கு எப்போதும் ஒரே ""இரட்டை இயல்பு"" ஏன் தெரியும்?",sad,ta
அவரால் சரியாகப் பேசக்கூட முடியாது.,sad,ta
எனவே இப்போது மகாராஷ்டிரா என்றால் அமராதி மற்றும் இந்தி பேசும். எங்கள் முதுகில் உட்காருங்கள்,angry,ta
நான் முட்டாள் இல்லை...நீ முட்டாள்,angry,ta
இந்த அமைச்சகத்தைத் தவிர மற்ற அனைத்தையும் ஒழிக்கவும். இந்த தயாரிப்பாளர் ஏழைகளின் பணத்தை சாப்பிட்டு வளர்ந்தவர்,angry,ta
புதிய சிடிஎஸ் நியமனம் அரசியலமைப்புச் சட்டத்தின்படி அல்ல - அரசியலமைப்புச் சட்டத்திற்கு எதிரானது,angry,ta
சேமிப்புக் கணக்குகளை மூடுவதற்கு வங்கிகள் கட்டணம் வசூலிக்கின்றன. இது சரியா?,angry,ta
"இந்த குழந்தை எங்கிருந்து வந்தது என்று அவளிடம் சொல்லுங்கள், முதலில் உங்களை கழுவுங்கள்",angry,ta
தோரட் சவான் தேஷ்முக் இப்போது மதிப்பற்றவர்,angry,ta
"ஒருவர் கேட்டார், உங்கள் மாநில முதல்வரின் பெயர் என்ன? சொல்ல முடியாவிட்டால் டாக்டர் மோடி",angry,ta
பசியும் பசியும் பசியை உண்டாக்குகிறது,angry,ta
தேசத்தின் கெளரவத்தை விட தனிமனித வழிபாடு பெரியதாக இருக்கும் அந்த முகஸ்துதி பாக்கியம்.,angry,ta
"இன்று ஆங்கிலத்தில் மராத்தி புல்காவுடன் ஒரு கடிதம் வைரலாகிறது, இது வேடிக்கையாக இல்லையா?",angry,ta
வெந்தயத்தில் உள்ள உப்பு ஒத்ததாக இருந்தாலும் வலியைக் குறைக்க முயற்சிப்பதில்லை.,sad,ta
"அமெரிக்கா, ரஷ்யா மற்றும் சீனாவின் அசுர லட்சியங்கள் உலக அழிவுக்கு வழிவகுக்கும்.",fear,ta
இப்பணி எந்தளவுக்கு செல்லும் என்பது குறித்து தற்போது எந்த தகவலும் இல்லை.,neutral,ta
"ஒரு தலைவர் பலருக்கு ஒரு ஸ்பூன், அவரது பணி பலரால் தடுக்கப்படுகிறது.",angry,ta
ஒன்றும் அறியாத சிறிய சிவனை செம்படன் என்றே அழைக்க வேண்டும். வேறு வழியில்லை.,angry,ta
உங்கள் மடு ஏன் எரிகிறது?,angry,ta
உங்கள் தந்தைக்கு எத்தனை சேவல்கள் உள்ளன?,angry,ta
சொக்நாத்தை கடத்துவதுதான் மிச்சம்,angry,ta
உடலுக்கும் உணவளிக்க முடியுமா?,angry,ta
தேர்தல் நெருங்கும்போதும் அதுதான் நடக்கிறது.,neutral,ta
மாடோஸ்ரீயிடம் போ அது உண்மையில் கிழிந்ததா?,angry,ta
"காதலிக்காக கடைக்குள் நுழைந்த 'அவன்', கடைக்காரரை கத்தியால் தாக்கி, அவுரங்காபாத்தில் பீதியை உருவாக்கியது",angry,ta
ஒரு சுயேச்சை வேட்பாளர் தேர்ந்தெடுக்கப்பட்டால் என்ன நடக்கும்? எதுவும் மிச்சமில்லை @,fear,ta
ஆனால் இது ராவ் தாக்கரேயின் ஆட்டம் என்று சிரித்துக் கொண்டே கூறினார்.,happy,ta
முழு இந்தியாவும் இந்த பைத்தியக்காரத்தனமான திரைப்படங்களால் நிறைந்துள்ளது,angry,ta
அரசியலுக்கு வந்த பிறகு என்ன செய்தார்கள் என்பதை அவர்களால் அடையாளம் காண முடியவில்லை,neutral,ta
"கொரோனாவின் கணிப்பு நிறைவேறியதும், மஹந்த் ஒரு பயங்கரமான கணிப்பு செய்தார்",fear,ta
ஆனால் மராத்தி கலைஞர்கள் அமைதியாக அமர்ந்திருக்கிறார்கள். வெற்றிலை பற்றி என்ன?,angry,ta
முழக்கங்கள் எழுப்பப்பட்டால் காவல்துறை என்ன செய்கிறது...! வீட்டு வேலை சரியில்லை என்றால் விட்டு விடுங்கள்,angry,ta
"உங்களுக்கு நோட்டீஸ் கிடைத்தவுடன், உங்கள் முதலாளி வருத்தப்படுகிறார்",fear,ta
"நீதிமன்ற தீர்ப்பு வந்துவிட்டது, யாரை ஏமாற்றுகிறீர்கள்????",angry,ta
ஒவ்வொரு நிமிடமும் தாமதமாகும் சூழ்நிலை ஏற்பட்டது.,neutral,ta
அதை உடைக்க மோடி உழைத்தார்.,angry,ta
"இரண்டு குழந்தைகளின் குட்டிகளை திருடி, ஒன்றரை கிலோ தங்கம் உட்பட பல கோடி ரூபாயை கொள்ளையடித்து சென்றுள்ளனர்.",angry,ta
"நீங்கள் உங்கள் வேலையை இழப்பீர்கள், தேர்தலில் வெற்றி பெற மாட்டீர்கள். எழுது",sad,ta
அப்படிப்பட்டவர்கள் எந்தக் கட்சியில் இருந்தாலும் இந்து வெறுப்பாளர்களே.,angry,ta
வணக்கம் நண்பர்களே... வீடியோ பார்த்தீர்களா??,neutral,ta
கும்பகர்ணனின் உறக்கத்தில் இருக்கும் அரசுகள் விழித்துக் கொள்ள வேண்டும். ஒரு நாள் வேலையில்லாதவர்கள் தெருவில் விழுவார்கள்.,angry,ta
"தாதிபத்ரியும், ஃபெக்யூவும் துறையை துண்டாடுகிறதா...?",angry,ta
உங்களைப் பின்தொடர்பவர்கள் இல்லை என்று பலர் புகார் கூறியிருக்கலாம்.,neutral,ta
ஒரு பணி முடிக்கப்படவில்லை,neutral,ta
இந்த மழை விவசாயிகளுக்கு சரிவர பெய்யாததால் மக்கள் நோய்வாய்ப்பட்டு வருகின்றனர்,sad,ta
ஆனால் தெல்கி ஒரு பொம்மை வைக்க வேண்டுமா????,angry,ta
ஊழல் அரசுக்கு எதிரான போராட்டம் வேலையில்லா திண்டாட்டத்தை அதிகப்படுத்துகிறது.,sad,ta
"ஹோலி பண்டிகையில் குண்டர் சண்டை, ஹோலிகா நெருப்பில் சாணம் வீசியதால் ஏற்பட்ட தகராறு, மூவர் மீது துப்பாக்கி சூடு... ./-/...",angry,ta
"பவாரிடம் தன் ஆன்மாவை அடகு வைத்தால், சுயபரிசோதனை எப்படி நடக்கும்?",sad,ta
ஏய் சார் அதை பற்றி குரைக்க வேண்டாம் என்றார்,angry,ta
நிச்சயமாக... வீடு இடிக்கப்படும் வரை அது சாத்தியமில்லை... ஆனாலும் புல்வாமா படுகொலையில் உண்மை வெளிவரவில்லை.,angry,ta
"நான் கேட்கவே இல்லை, ஏனென்றால்... 'பதில்' எனக்கு பயமாக இருந்தது.",fear,ta
மராத்தி ஊடகம் ஒரு மாற்று பரிமாணம் என்று புத்திசாலிகளிடம் சொல்லத் தொடங்காதீர்கள்.,neutral,ta
"ரசிகர்கள் வேலை செய்ய வேண்டும். இல்லை, இது BKCயின் தோல்வி நிகழ்ச்சிக்குப் பிறகு மேலும் செல்கிறது.",neutral,ta
"உண்மையான மீட்புக் குழு என்பது மத்திய அரசும், நிதித் துறையும்தான்.",angry,ta
மாநகராட்சி ஆட்சியில் இருந்தபோது இந்தப் பிரச்னை எழுந்தது வருத்தமளிக்கிறது.,sad,ta
தற்போது அவருக்கு பெரும் ஆதரவு கிடைத்து வருகிறது. கன்னத்தைத் திருப்புவதற்கும் இதற்கும் ஏதாவது சம்பந்தம் உண்டா? இதில் சந்தேகமில்லை!,neutral,ta
ஞாயிற்றுக்கிழமை இஸ்ரோவால் வெற்றிகரமாக ஏவப்பட்ட இரண்டு செயற்கைக்கோள்கள் விண்வெளியில் தவறிச் சென்று சுற்றுப்பாதையில் சென்றன!,happy,ta
தனுஷ்யா கையில் சிக்கினார் என்று சொல்வது அதீத முயற்சி,sad,ta
துரோகிகளுக்கு மன்னிப்பு இல்லை துரோகிகளை தகுதி நீக்கம் செய்ததாக உதய் அறிவித்தார்,angry,ta
இந்த அரசின் கொடுங்கோல் ஆட்சி நடக்கிறது,angry,ta
இந்த துரோகிகள் தங்கள் பலத்தை காட்டுகிறார்கள்,angry,ta
ஆனால் பாபா சாகேப் அம்பேத்கர் பெண்களை செயற்கைக்கோள்களாக கருதவில்லை என்பது வருத்தம் அளிக்கிறது.,sad,ta
சச்சின் பைலட்டுக்கு காவடி தகுதி இல்லை.,angry,ta
அவரது கோவிட் இயக்கத்தில் உள்ளது,neutral,ta
அவர்களே நாட்டில் சர்வாதிகாரம் தொடங்குவதில் மகிழ்ச்சி அடைகிறார்கள்.,angry,ta
அது உடனே சூலாயுதத்தை... ஓநாய்,angry,ta
"நீங்கள் எழுதுவதற்குப் பின்னால் எந்த உணர்வுகளும் இல்லை என்று எனக்குத் தெரியும், ஆனால் வார்த்தைகள் நிச்சயமாக சரியாக இல்லை. அது தவறு என்று நினைத்ததால் சொன்னேன்",neutral,ta
ஒரு நபர் எவ்வளவு எளிமையாக இருக்க முடியும் என்பதைப் புரிந்து கொள்ளுங்கள்.,angry,ta
"ரீட்வீட் செய்து இந்த பிச்சைக்காரர்களுக்கு ஏன் இவ்வளவு முக்கியத்துவம் கொடுக்க வேண்டும், அவர்கள் குரைக்கட்டும்,",angry,ta
"இல்லை, கவனமாகப் படியுங்கள்.",neutral,ta
பாப்ரே தனது கிராம பஞ்சாயத்தின் வெற்றியை கணித்தாரா?,happy,ta
காலையில் பதவியேற்பு போது ஃபட்னாவிஸ் கொள்கையை மறந்துவிட்டார்.,angry,ta
ராஜுகாரியை பின் தொடர்வது இன்ஸ்டாகிராம் அல்ல குழந்தை,neutral,ta
நான் ட்விட்டரை விட்டு வெளியேற வேண்டுமா.. இது ஒரு பெரிய தடி # அல்லது ஐயா ... நான் அப்படி நினைக்கவில்லை,neutral,ta
அப்படியானால் சமூகத்தில் பொய்களை பரப்புவதற்கு நீங்கள் பொறுப்பா?,angry,ta
அதற்கு நீங்கள் ஒத்துழைக்கவில்லை என்பதை முதலில் நிரூபியுங்கள்,neutral,ta
இது பாலாசாகேபை அவமதிக்கும் செயலாகும்.,angry,ta
கூட்டணி வேண்டாம் என்று சொல்பவர்கள் முட்டாள்கள்,angry,ta
எத்தனை கடிதம் எழுதினாலும் பானை வெளியே வராது.,neutral,ta
எனக்கும் அதே பிரச்சனை,neutral,ta
ஒரு நட்சத்திரத்திற்கும் மதிப்பில்லை,angry,ta
"நானும் ஒருமுறை அவளை இப்படி நேசித்தேன், ஆனால் அவள் ஏற்கவில்லை.",sad,ta
அவன் உன்னை காதலிக்கவில்லை என்று நினைக்காதே,sad,ta
பேச்சின் போது கைதட்டுபவர்கள் தங்கள் காதுகளை ஒலிக்கச் செய்கிறார்கள்.,angry,ta
"சகோதர சகோதரிகளே, எங்களைக் குறைத்து மதிப்பிடாதீர்கள், நாங்கள் நீண்ட காலமாக இருந்தாலும், நாங்கள் இன்னும் பங்களிக்கிறோம்",happy,ta
"உண்மையைச் சொல்வதென்றால், பெரும்பாலான தாய்மார்கள் கோபப்படுவார்கள்.. இது உங்களுடையது.",angry,ta
தவறான கருத்துக்களைக் கூறுவதும் கருத்துக்களைக் கேட்பதும் எனது அணுகுமுறை,neutral,ta
"நீ ஏன் ஆதித்யாவின் கல்யாணத்தில் இருக்கிறாய், அவன் உன்னுடன் கல்யாணத்தில் பேச மாட்டான்.",angry,ta
துரோகி பிடிபட்டதும் ராஜினாமா செய்ய போகிறார்...,angry,ta
"""உன் சிம்மாசனத்தில் அமர நாங்கள் எப்போதிருந்து தயாராக இருக்கிறோம்...""",happy,ta
இரண்டும் மழையைப் போல மிகவும் புத்திசாலிகள்.,neutral,ta
இத்தனை வருடங்களாக மாடோஸ்ரீ ஏன் பிச்சை எடுத்தார்?,angry,ta
தகுதி இல்லாதவர்கள் கூட இன்று சிவசேனா பற்றி பேசுகிறார்கள்.,angry,ta
ஏன் பேசுகிறாய்?,neutral,ta
ஆளுமை கூட ஊக்கமளிக்கவில்லை.. கைதட்டினால் போதும்... இந்தத் தேர்தல் புரியும்.,angry,ta
"இந்த ""பிஹாரி"" மகாராஷ்டிராவை சிவப்பு நிறமாக்கலாம்!!",angry,ta
"பந்தர்பூர், கோலாப்பூர், சாஹிப்பின் மகத்துவம் எங்கே?",neutral,ta
ஏன் என்று யாராவது கேட்டால்... உங்கள் பெருந்தன்மையை காட்டி என்ன சாதிப்பீர்கள்?,angry,ta
பணத்துக்காக இரண்டு நடுத்தர வயது பெண்களை நரபலி கொடுத்த சம்பவம் பரபரப்பை ஏற்படுத்தியுள்ளது.,angry,ta
மும்பை போலீஸ் வேலை செய்யவில்லை என்பதை நினைவில் கொள்க,neutral,ta
துரோகிகளின் கதி இதுதான்,angry,ta
வேலைக்கும் நீதிக்கும் நேரடியாக நன்கொடை அளியுங்கள்! அப்படியானால் ஏன் யாராவது பின்வாங்குவார்கள்?,neutral,ta
இந்த எம்.எல்.ஏ.க்களே முன் வந்து தேர்தல் குறித்து பேசி வருகின்றனர்,angry,ta
"ஆமாம், இவை அனுபவங்கள், எனக்கு வேறு ஏதாவது இருக்கிறதா?",sad,ta
"பயப்படாதே, திருடனை திருடன்.. திருடன் என்று கூப்பிடு",angry,ta
வெளிப்பாட்டின் பற்றாக்குறை முழுமையற்ற உறவுகளுக்கு வழிவகுக்கும்…,sad,ta
எனக்கு சலிப்பாக இருக்கிறது ஆனால்... எல்லா சுவாரஸ்யங்களும் விரிசல் இல்லாமல் வீணாகிறது.,sad,ta
அவர் பாஜக சார்பில் தேர்ந்தெடுக்கப்பட்டார்,neutral,ta
"இல்லையெனில், எங்கள் முகத்தில் பணத்தை வீசுங்கள், நாங்கள் அதை செய்வோம்",neutral,ta
ஆனால் தேர்தலில் போட்டி இல்லாமல் இல்லை.,neutral,ta
"இந்த நாட்களில் தத்தாவைப் பாதுகாப்பாக வைத்திருப்பது மிகவும் கடினமான பணியாகும், மேலும் இந்த வேலை செய்யப்படுகிறது.",neutral,ta
மகாராஷ்டிராவின் அசல் கேடயமும் வாளும் நிஷான்,happy,ta
"மாயை இல்லை, உங்கள் மாயை.",neutral,ta
"உனக்கு கண்கள் இருக்கிறதா, ஏன் ஏதோ காணவில்லை? கண்களைப் பாருங்கள்... புரியும்.",angry,ta
மற்றும் சர்க்கரை தொழில் அரக்கனை அழிக்க உங்கள் சூப்பர் பவர்!,angry,ta
மக்கள் பிரதிநிதிகள் இப்படி தெருவில் இருந்திருந்தால் இந்த நெருக்கடி வந்திருக்காது.,sad,ta
. ஒவ்வொருவரும் திரும்பத் திரும்பச் சொல்ல வேண்டும்.,neutral,ta
பிஜேபி இந்துத்துவ கற்பழிப்பு ஆரத்தி செய்வதை நம்புகிறீர்களா????,angry,ta
அத்தகைய நாய்கள் தினமும் பெட்டிகளில் கழுத்தை வைத்து பட்டினி கிடக்கின்றன. புரிந்து கொள்கிறார்கள். பெருமையை ஒட்டிக்கொள்,angry,ta
இந்த பக்த கும்பல் அழிக்கப்பட வேண்டும்... ரங்கபில்லாவின் சீடர்கள் மராத்தியை கேலி செய்வதை விரும்புகிறார்கள்.,angry,ta
இது அவசியமா? இதழியலில் நன்றாகச் சொல்வது நல்லது அல்லவா?,neutral,ta
"உணவுக்குப் பிறகு மலம் கழிக்க வேண்டாம், ஏனெனில் இது மாசுபாட்டை ஏற்படுத்தும்",angry,ta
யார் இந்த பன்றி? இந்தியாவின் மிகப்பெரிய திருடன்,angry,ta
"இது ஜனநாயகத்தின் மீதான தாக்குதல்... அரசியலமைப்புச் சட்டத்திற்கு முரணான அரசாங்கத்தை நீங்கள் கேள்வி கேட்க வேண்டும், அவர்களின் நிகழ்ச்சி நிரலைத் தள்ள வேண்டாம்.",angry,ta
கருங்கல்லில் வரையப்பட்ட கோடு... தேர்தல் ஆணையம் மத்திய அரசின் கட்டுப்பாட்டில் வரும்.,neutral,ta
என்சிபியின் இந்த பூச்சிகள் சாதியைத் தவிர வேறு எதையும் செய்ய முடியாது,angry,ta
"தில்சா அரசு, நீதித்துறை பாராமுகம்.. ஊமை, செவிடன்... தேர்தல் சின்னம் குறித்து தேர்தல் கமிஷன் முடிவு செய்யும்",sad,ta
"ஆம், அவமானங்களுக்கு முன் ஏன் மக்கள் இப்போது அனுதாபம் காட்டுகிறார்கள்?",neutral,ta
"துக்கம் அதிகரிப்பதில்லை, மகிழ்ச்சி குறைகிறது.",sad,ta
இந்த கூட்டம் இசைக்கலைஞர்களுக்கு பயமாக இருக்கிறது.,fear,ta
ராணா பெயரை சொல்ல பயமா?,fear,ta
"ராஜ்யசபா மற்றும் சட்டமன்றத்தின் போது, ​​அடிமைகள் மட்டுமே தீயவர்களாக கருதப்பட்டனர்.",sad,ta
இப்போது மகாராஷ்டிராவில் மேலாதிக்கம் பற்றிய வாதங்கள் தொடரும் என்பது உறுதி.,neutral,ta
இந்தியா - நியூசிலாந்து இடையேயான பயிற்சி ஆட்டம் மழையால் ரத்து செய்யப்பட்டது.,neutral,ta
காதலுக்கு ஒரு கணவனைக் கண்டுபிடிக்க உங்கள் அம்மா ட்விட்டருக்கு செல்கிறாரா?,angry,ta
நாராயண் ரானேவில் என்ன செய்வது? இது அவருக்கு அநியாயம்!,angry,ta
நல்லது! உத்தவ் தாக்கரே இன்னும் எம்எல்ஏவா?,neutral,ta
"மஹாவிகாஷ் அகதி என்றால் எல்லோருக்கும் ஒரு படம் வரும், எதற்கு அவசரம்?",angry,ta
அம்ரித் பச்சன்...? என்ன மாதிரி...?,happy,ta
"ஏய், அவர் ஒரு பிரபல பத்திரிகையாளர்",angry,ta
"ஆத்தா, இந்த அலைக்கழிப்பவர்கள் ஆட்சிக்கு வந்ததும், கற்பழிப்பாளர்களுக்கு ஏன் மன்னிப்பு கொடுக்கிறார்கள்?",angry,ta
மகாராஷ்டிராவைச் சேர்ந்த எம்-ஐ விட குஜராத்தின் கு எனக்கு மிகவும் பிடிக்கும் என்பதால் இதை எழுதாமல் இருந்திருக்கலாம்.,neutral,ta
மக்களுக்கு எதுவும் தெரியாது என்று நினைக்கிறீர்களா?,neutral,ta
அவர் ஒரு அழுக்கு பத்திரிக்கையாளர் ?????,angry,ta
உங்கள் சொந்த அணியில் இருந்து அவர்களை தோற்கடிக்க விரும்புகிறீர்களா?,neutral,ta
"அட கடவுளே, விடியற்காலையில் பதவிப் பிரமாணம் செய்யும் நேரத்தில் பிஜேபியின் மனதில் இந்து மதம் இல்லையா?",angry,ta
"இருக்கைகள் காலியாக இருந்தால் பேச்சு போகும், எண்ணிக்கை குறைவாக இருந்தால் பள்ளியை மூடுவது ஏன்?",neutral,ta
இன்று வெயில் அதிகம் அதனால் பிரச்சனை இல்லை மோடிஜி.,neutral,ta
கடந்த ஆண்டு நீதிமன்றத் தீர்ப்பைப் பாருங்கள். மற்றபடி இவரும் எப்பொழுதும் பைத்தியமாக பேசுவார்,angry,ta
உங்களிடம் ஏதேனும் செய்தி உள்ளதா?,neutral,ta
இது நம் புரிதலுக்கு அப்பாற்பட்டது,neutral,ta
அமீர்கான் விளம்பரங்கள் மூலம் எதைக் காட்ட விரும்புகிறார்?,happy,ta
கட்டாய வாக்கு... மகாராஷ்டிராவுக்கு என்ன நடக்கும்?,sad,ta
தாக்கரே குழுவைத் தள்ளுங்கள்! மூன்று முக்கிய சிவசேனா தலைவர்கள் உட்பட 7 பேர் மீது வழக்கு பதிவு செய்யப்பட்டுள்ளது.,neutral,ta
தாராளமாகச் சாப்பிடும் பழக்கம் முடிந்துவிட்டது போலும்,angry,ta
"அது வேண்டாம்... எல்லா கட்சி சின்னங்கள், பெயர் விளையாட்டுகள்",neutral,ta
"அதுல் பகல்கரின் சகோதரர் என்று நம்பப்படும் ஒரு மனிதர் நிறைய வீசுகிறார், இருவரும் ஒரே மாதிரியாக இருக்கிறார்கள்.",neutral,ta
"குஜராத்தியுடன் கைகுலுக்கி, ராஜ்பாவ் மராத்தி மொழியை ஏன் கைவிட்டார்?",angry,ta
நான் என்ன சொல்ல...? எட்டு வருடங்களில் நாடு காத்திருப்பதை விபூதி படைத்தவர்...,angry,ta
கொப்புளங்கள் தவிர என்ன வருகிறது?,angry,ta
ஒருமுறை வெள்ளிக் கரண்டி... ஒருமுறை வெள்ளிக் கரண்டி...,neutral,ta
கணவன் திரைமறைவில் மனைவியிடம் லஞ்சம் வாங்குவது வழக்கம்,angry,ta
"தாத்தா என்னிடம் உங்கள் எண் இருக்கிறதா, நீங்கள் வேலை செய்யும் விதம் எங்களுக்கு மிகவும் பிடிக்கும்",happy,ta
புனே மெட்ரோ ஏழைகளுக்கு சாபமாக இருக்கும் என்பதை நினைவில் கொள்ளுங்கள்,fear,ta
சின்னங்கள் மற்றும் பெயர்களை வழங்கும்போது உங்கள் வாயில் ஏதேனும் வார்த்தைகள் உள்ளதா?,angry,ta
ஒரு மனநோயாளி இவ்வளவு கீழ்த்தரமாக பேசக்கூடாது.,angry,ta
"ஒரு சாவியைக் கொடுத்தால், ஏதோ பேசுகிறது, பேசும் பொம்மையைத் தவிர வேறொன்றுமில்லை.",angry,ta
ஊடகவியலாளர்கள் உண்மையில் தரகர்களாக மாறிவிட்டனர்,angry,ta
சாகன் புஜபாலின் புத்திசாலித்தனமும் வயதுக்கு ஏற்ப குறைந்து வருகிறது.,sad,ta
நழுவாத ஒரு ஜோடி ஸ்னீக்கர்களைத் தேடுங்கள்.,angry,ta
அவர் இப்போது சொல்ல முடியும்.,neutral,ta
நீங்கள் தேர்தலில் இருந்து விலக விரும்புகிறீர்களா அல்லது மும்பை மாநகராட்சி தேர்தலுக்கு முன் பிரதீக்கை இடைநீக்கம் செய்ய சதி உள்ளதா?,happy,ta
"பீடு மாவட்ட விவசாயிகளுக்கு உதவுங்கள், ஈரமான வறட்சியை அறிவிக்கவும்",sad,ta
இந்துத்துவா கட்சி மட்டும்தான்... ஆனால் மற்ற ஸ்ட்ரீம்கள் பச்சை காகிதங்களை விரும்புகின்றன.,angry,ta
பெயர்களை திரும்பப் பெறுவதன் மூலம் பாஜக இந்த இடத்தை எப்படி இழக்கும் என்று கற்பனை செய்து பார்க்க முடியவில்லையா?,neutral,ta
அனுதாபம் அதிகமாகிவிட்டதோ தெரியவில்லை ஆனால் பணப்பையின் எடை நிச்சயம் அதிகரித்திருக்கிறது.,angry,ta
கூடுதல் தேயிலைத் தூளால் உங்கள் அரசியலை கசப்பானவர்களா? பங்கஜா முண்டே கூறுகிறார்...,angry,ta
"சகோ, நான் சிறுவயதில் நிறைய புத்தகங்கள் படித்தேன், இப்போது போன் என் உற்சாகத்தை தணித்துவிட்டது.",sad,ta
பர்ஷா வர சந்திப்பில் உன்னை தோக்லா என்பார்கள்... உண்மையா?,angry,ta
அவர்கள் பால் தாக்கரேவுடன் உடன்படாததால் அடிப்படையில் அவர்கள் பால் வீரர்கள் அல்ல.,neutral,ta
"ஏய், உன் மொழி என்ன மாமா, உன்னிடம் இருந்து என்ன எதிர்பார்க்கிறாய்?",angry,ta
ரசிகர்களுக்கு இந்த வீடியோ பிடிக்கவில்லை...,neutral,ta
"தலையில்லாத சச்சின் சாவந்த், இப்போது பணக்காரர்.",angry,ta
ஷரத் பவார் பெற பீட்சாவை தண்ணீரில் ஊற வைக்காதீர்கள்.,neutral,ta
இதைப் பார்த்த தாவோவின் ஆன்மாவும் இறந்துவிட்டது.,sad,ta
இந்த குரங்குகள் அனைத்தும் உண்ணக்கூடியவை!,angry,ta
தாக்கரே குழு தலைவர் சுஷ்மா அந்தரன் மீது வழக்கு பதிவு; பாஸ்கர் யாதவ் இப்போது கைது செய்யப்படுவாரா?,neutral,ta
எனவே உங்கள் காஸ் சாஹிப் மற்றவர்களின் தந்தையிடமிருந்து வெற்றிலையைத் திருடினார்.,angry,ta
"தேர்தல் தொடங்க உள்ளது, டாஸ் ஆகுமா?",neutral,ta
மழை மற்றும் இடி,neutral,ta
ஃபிதூர் வரலாறு அன்றும் இன்றும் உள்ளது.,angry,ta
என் சகோதரனின் இழப்புக்கு நீங்கள் பதிலளித்தீர்களா?,angry,ta
40வது துரோகி பாஜக எம்எல்ஏ 17வது கொடியை ஏற்றினால் என்ன நடக்கும்?,angry,ta
இந்த முட்டாள்கள் மீம் பொது வாக்கெடுப்பில் வெற்றி பெற்றது ஆனால் பாதுகாப்பு டெபாசிட்டை இழந்தது.,angry,ta
இந்த முடிவை மராத்தா சமூகத்தினர் எடுக்கவில்லை.,sad,ta
"நாங்கள் மிகவும் வேடிக்கையாக இல்லை ... இது ஒரு நாள் விடுமுறை, மழையில் வீட்டில் இருக்க விரும்பவில்லை",neutral,ta
அவர்கள் புரிந்து கொண்டாலும் பின்வாங்குவதில்லை.,neutral,ta
"அவரது தந்தை மகாராஷ்டிராவின் முதலமைச்சராக இருந்தார், சாது பாரம்பரியம் நிறைந்தவர்.",sad,ta
பாஜக என்ன செய்தது என்று நாட்டுக்கே தெரியவில்லை.,angry,ta
புகார் இன்னும் தீர்க்கப்படவில்லை.,neutral,ta
அவர் எவ்வளவு ஊழல்வாதி என்று ஏஜெண்டுக்குத் தெரியும்,angry,ta
ஃபட்னாவிஸை நீங்கள் நம்பவில்லை என்று அர்த்தமா? வீடு யாருக்கு சொந்தம்?,neutral,ta
"மேலும் இந்த பாஜகவின் 10வது பிறந்தநாள் தனுசு பாய், வெடிக்க தயாராகுங்கள்.",neutral,ta
"இந்த அறிவிப்பு சத்ரபதி, ஷாஹு, பூலே மற்றும் அம்பேத்கரின் காதலர்களுக்கு சர்ச்சையை ஏற்படுத்தியது.",angry,ta
"நீங்கள் கத்திக்குப் பதிலாக கத்தியைப் பயன்படுத்துகிறீர்கள், ஆனால் பின்னோக்கி மட்டுமே.",angry,ta
ஆனால் எனக்கு ஏன் இப்படி நடக்கிறது?,sad,ta
இந்தச் செய்தி உ.பி.யில் இருந்திருந்தால் இவ்வளவு நாள் மௌனமாக இருந்திருப்பார்களா?,angry,ta
மகாராஷ்டிரா காதலர்களான நாங்கள் சில குழந்தைகளுக்கு இதை விளக்க வேண்டியதில்லை,angry,ta
ஃபட்னாவிஸ் ஆட்சேர்ப்பு பிழை...,angry,ta
"வைக்கோல் அடுக்கில் ஒரு ஊசியைக் கண்டுபிடிப்பது கடினமான பணியாக இருந்தது, இறுதியாக ஒன்று கண்டுபிடிக்கப்பட்டது",happy,ta
எங்களுக்கு ஓரளவு அறிவு இல்லை. பார்வையற்ற பக்தர்கள் முற்றிலும் அறியாதவர்கள்.,angry,ta
"கடந்த மாதம் இந்த ஊகங்கள் எல்லாம், இந்த பெண் எங்கே? மகாராஷ்டிராவை வெல்லுங்கள்",neutral,ta
அறைவது... துரோகியை நினைவூட்டுவது... என்ன அவமானம்.,angry,ta
முதலில் கிண்டல் செய்துவிட்டு பிறகு வசீகரிப்பது எவ்வளவு நல்லது. நீங்கள் வெட்கப்பட வேண்டும்,angry,ta
"ஏய், இது உங்கள் சிலேடையின் புதிய சிற்பிகள்",angry,ta
அங்கு அவர் அபா பாட்டீலைச் சந்தித்து மராத்தா சமூகத்தை நசுக்கினார்,angry,ta
வயிற்றுப்போக்கு ஏற்படும் போது இருமல் மற்றும் இருமல்... மூச்சு விடுவதில் சிரமம் உள்ளதா?,angry,ta
இது ஒரு அடையாளம்,angry,ta
முயற்சியும் தோல்வியும் மதிக்கப்படுவதில்லை என்பது முற்றிலும் உண்மை.,sad,ta
"ஆர்ப்பாட்டம், எதிர்ப்பு, எதிர்ப்பு... இது வரைக்கும் பயங்கர திரிபு...",angry,ta
இந்த நாய்கள் பேசாமல் முதுகில் தட்டுவது மதிப்பு,angry,ta
இந்த பிழைக்கு ட்விட்டர் கணக்கு உள்ளதா??,angry,ta
வாரியர் உர்ஜ் நேற்று தனது மறுபிரவேசத்தை வணங்கினார். காடியா கோர்,angry,ta
"இன்று வேலை முடிந்ததும், நான் ஒரு கோப்பை தேநீர் மற்றும் என் இதயம்.",sad,ta
இந்த நாட்களில் ரிக்ஷாக்காரர்கள் பைத்தியம் மற்றும் கொலை.,angry,ta
இது பக்தி என்று அழைக்கப்படுகிறது... பார்வையற்ற பக்தர்களும் அவர்களின் பக்தியும் பாக்கியவான்கள்.,angry,ta
அம்மா: தெருவில் போய் கயிற்றை உடைத்து கழுத்தில் தொங்குவதில் அர்த்தமா?,angry,ta
மோடியை இப்படி அவமானப்படுத்துவதை பொறுத்துக் கொள்ள மாட்டோம்... தடை...,angry,ta
அரசியலமைப்பின் பொறி என்ன? ஆனால் இதுதான் அரசியல்!,neutral,ta
"அஸ்டா பகுதியில் மின்தடை; முறையான சுமைக்கட்டுப்பாடு இல்லாததால், மின் கட்டணம் அதிகரித்து, சிரமத்திற்கு ஆளாகி வருகிறது.",sad,ta
இரண்டு மதிப்பெண்கள் தவறாக இருப்பதால் இடுகை சீரற்றதாக உள்ளது.,neutral,ta
சமூகம் உங்களை மட்டும் எப்படிப் பார்க்கிறது என்பதை அதிகாரத்தின் பெருமை தீர்மானிக்கிறது,angry,ta
அவர்களால் நமது இந்து மதத்திற்கு கெட்ட பெயர் ஏற்படுகிறது.,sad,ta
உத்தவ் பாலாசாகேப் தாக்கரேவின் பெயரின் மதிப்பு துரோகிகளுக்கு தெரியும்,angry,ta
"நீங்கள் கோழிகளைத் திருடிக்கொண்டே இருங்கள், மீதியை நான் பார்த்துக் கொள்கிறேன்.",angry,ta
இன்று உங்கள் உணர்ச்சிகளை கொஞ்சம் கட்டுப்படுத்துவீர்கள்,angry,ta
அவர்கள் பைத்தியமா?,angry,ta
ரௌத்ஷெங்கா அரசு மற்றும் தனியார் கிரிக்கெட் சங்கங்களை ஒரே மாதிரியாக கருதுகிறார். இப்போது!,angry,ta
"கேள், என்ன ஆச்சு? ஓட்டை இல்லையா?",angry,ta
பதுக்கி வைத்து விலையை உயர்த்த நினைக்கிறார்கள் போலிருக்கிறது...பொதுமக்களின் எதிர்ப்பை,angry,ta
அவர் கண்டிப்பாக ரசிகர். மனவளர்ச்சி குன்றியவர்,angry,ta
எத்தனை விஷக் கால்வாய்கள் இருந்தாலும் உங்களுக்கு உதவாது... மகாராஷ்டிராவில் உங்கள் தோல்வி நிச்சயம்.,angry,ta
"அந்த நேரத்தில், சிறையில் இருந்து வெளியே வந்தவுடன் மரணத்தை தன் கையில் எடுக்கும் வழக்கம் பெருகிய முறையில் வேரூன்றியிருந்தது.",angry,ta
அகாசியா என்றால் என்ன? ஏதேனும் வீக்கம் உள்ளதா?,happy,ta
இது ஜிலேபி செய்வது போன்றது. அமராவதி மக்கள் உடனடியாக அவரைத் தங்கள் இதயங்களில் அழைத்துச் சென்றனர்.,angry,ta
"சத்யாவின் மரணத்திற்குப் பிறகு, உத்தவின் மனம் மிகவும் பாதிக்கப்படுகிறது.",sad,ta
பிறகு ஏன் கூட்டணியிடம் சரணடைந்து தேர்தலில் போட்டியிட வேண்டும்?,neutral,ta
ஏன் யாரும் இல்லை என்று கேட்டால் படால்கர் முகம் சுளிக்கிறார்.,angry,ta
"பாஜகவின் வீழ்ச்சி ஆறாது, அது மிருகத்தனத்தின் உச்சம்.",angry,ta
"இப்போது யார் ஏமாற்றுகிறார்கள் என்று பாருங்கள்? எலும்பைப் பற்றி கவலைப்படுங்கள், அதை மீண்டும் பெற முடியாது",angry,ta
எனவே பிரகாஷ் பாபா ஆம்தேவில் உள்ள அனைவரும் இல்லை,happy,ta
"ஏன் சைவ இந்து சாதி? ஆம் எனில், அசைவ இந்துக்களின் நிலை என்ன?",neutral,ta
இந்து அமைப்புகள் எந்த அளவுக்கு தங்கள் கோபத்தை வெளிப்படுத்துகின்றன என்பதுதான் போசாரியின் கேள்வி.,angry,ta
முதல்வரை சந்தித்தாரா என்று தெரியாமல் தலையை ஆட்டுகிறார் நந்தி ஜாமின்...,angry,ta
வேட்புமனு ரத்து செய்யப்படுவதால் இந்த நாடகம் தவிர்க்க முடியாதது,angry,ta
"நீங்கள் குற்றவாளிகளைப் பற்றி பேசவில்லை, குற்றவாளிகள் இன்னும் தண்டிக்கப்படவில்லை.",angry,ta
"இந்த சிமென்ட் ரோடுகளால், மழைக் காலங்களில் நகரம் வெள்ளத்தில் மூழ்கும்.",sad,ta
"இதற்கு பக்தர்கள் பதில், துறவிகளின் வம்சாவளியைக் கேட்கவில்லை.",neutral,ta
கர்ணன் கைதட்டி கிளம்பினான்..மழைக்கு எதையாவது பார்க்க வேண்டுமா?...,angry,ta
"ஐயா, நீங்கள் இந்த தேர்வில் தோல்வியடைவீர்கள் - பக்தி கொண்ட சிவ சைனிக்.",angry,ta
உங்கள் மெதுவான சிந்தனைகளை நான் பொருட்படுத்தாமல் முதலமைச்சராக இருப்பதில் மிகுந்த மகிழ்ச்சி அடைகிறேன்.,angry,ta
ஊடகம் எங்கே? ....ஆனால் நீங்கள் யார் கூலிக்கு?,angry,ta
அவரும் கைதட்டி ஏய் மேடம் நீங்கள் ஒரு பத்திரிகையாளராக இருந்தால் என்றார்.,neutral,ta
அதே பெயரில் உள்ள ஒரு தனியார் வரையறுக்கப்பட்ட நிறுவனம் சிக்கலில் உள்ளது. அதாவது தப்பிக்க முடியாது,neutral,ta
"ஏய், கமலாபாயின் சீடர்கள் ஏன் தேசத்துரோகம் பற்றி இவ்வளவு சூடு பிடிக்கிறார்கள்?",angry,ta
துரோகத்துக்கு மன்னிப்பு இல்லை..!! அவர்கள் மீது நடவடிக்கை எடுப்போம்..!!!,angry,ta
இன்றும் சிறுவர்கள் பள்ளிக்கு மூன்று நான்கு கிலோமீட்டர் தூரம் நடந்தே செல்கின்றனர்.,sad,ta
அவமானங்கள் நடந்தது உண்மைதான்... மகாராஷ்டிராவுடன் பாஜக இருக்கிறது...,angry,ta
"ஓட்டுனர் பெரிய ஆளாக இருப்பார், திருட்டு பிச்சைக்காரராக இருப்பார், அவரை மனதார மன்னியுங்கள். - லிபரல்",neutral,ta
தலையில் விழுந்தால் என்ன ஆகும்? மாண்புமிகு பாலா சாஹேப் காங்கிரஸையும் தேசியவாத காங்கிரஸையும் ஆரம்பத்தில் இருந்தே விரும்பவில்லை.,angry,ta
"துரதிர்ஷ்டவசமாக, மராத்தி மொழியில் இதுபோன்ற பத்திரிகையாளர்கள் உள்ளனர்",sad,ta
அந்த தாத்தாவை ராஜ் சாகேப் எப்படி ஒழித்தார் தெரியுமா?,angry,ta
பன்னிரண்டு பேர் உள்ள இந்த வீட்டில்... டப்பாக்கன் பிட்,angry,ta
உட்காரும் போதும் அவதிப்படுகின்றனர்.,angry,ta
"முதலில் நீங்களே பாருங்க, மற்ற புரந்தர் அணிக்கு கிடைக்குமா என்று பாருங்கள்",neutral,ta
"எல்லோரும் தர்காக்கள் மற்றும் மசூதிகளைப் பார்க்கப் பழகிவிட்டனர், எனவே இதை ஏற்றுக்கொள்ள முடியாது.",neutral,ta
"உன்னிடம் ஏன் வேட்டி இல்லை என்றும், துணியில் இருந்து மெல்லிய ரவிக்கையை ஏன் எடுத்தாய் என்றும் எனக்கு இப்போது புரிகிறது.",angry,ta
"அடுத்து என்ன நடந்தது, உடைந்ததா?",angry,ta
Chomper என்ன செய்கிறது?,angry,ta
என்ன கோர்ஸ் செய்கிறீர்கள்?,angry,ta
எனக்கு இன்னும் புரியவில்லை,neutral,ta
"மறுசீரமைக்கப்பட்ட விவசாயிகளுக்கு இது அநீதி, எங்களுக்கு எந்த பலனும் இல்லை",sad,ta
"இது தப்பித்தல் என்று அழைக்கப்படுகிறது, பின்வாங்கல் அல்ல, இது ஒரு ஆரம்பம்.",angry,ta
மக்கள் விருப்பப்படி வாக்களிக்கிறார்கள் என்பது மிகப்பெரிய தவறான கருத்து.,angry,ta
இந்தியா எப்போது பிளவுபட்டது அல்லது இந்தியாவை ஒன்றிணைக்கப் போகிறீர்களா?,angry,ta
"ஐயா, போட்டிகளைப் படிக்காதவர்களே, நீங்கள் ஏன் உங்கள் கருத்தைக் கூறுகிறீர்கள்?",neutral,ta
ராணுவத்தில் உற்சாகம்! எம்எல்ஏ ஏக்நாத் ஷிண்டேவுக்குப் பிறகு உத்தவ் தாக்கரேவின் வேட்பாளர் போட்டியிடுவாரா?,happy,ta
வழக்கம் போல் இது பாஜகவின் ஐடி செல் பேபி செய்யும் போலி வேலை...,angry,ta
அதுலின் தலையில் காயம் நிச்சயம்.,angry,ta
"பாலா சாஹிப் கட்சி, அவர் கட்சி ஆரம்பித்து முடித்துவிட்டார், அது அவர் விருப்பம், நமக்கு என்ன உறவு?",happy,ta
இந்த ஊழல் ஆடு நமக்கு ஏன் கற்பிக்கிறது?,angry,ta
பாஜகவால் புனேவில் எல்லாமே எதிர்மறையாக மாறிவிட்டது,sad,ta
பணியின் போது உயிரிழந்த அனைத்து காவல்துறை சகோதரர்களுக்கும் ஆழ்ந்த அஞ்சலிகள்.,happy,ta
"ஏற்கனவே ஒரு முடிவு எடுக்கப்பட்டிருந்தால், கூட்டத்தில் என்ன பேசப்பட்டது?",angry,ta
"அங்கு பணம் வந்தது, இங்கு பாஜக பலமாக இருந்ததால் யாருக்கும் பணம் கொடுக்கவில்லை, அவ்வளவுதான்.",angry,ta
இந்த வரலாறு மீண்டும் மீண்டும் வருகிறது. உடம்புக்கு வந்தால் கொம்புக்கு எடு.,happy,ta
"பிஜேபி காரர்களே, அடுத்த சில நாட்களில் உங்களுக்கு கடினமான காலகட்டம் வரும்.",angry,ta
'மராத்தி அஸ்மிதா வொர்லியின் ரே கி குதர்ச்சா' பிடிக்க ஆரம்பித்தது.,angry,ta
"நாசவேலையின் போது, ​​பாஜக தலைவர்கள் எதிர் கருத்துடன் வெளியேறினர்.",angry,ta
இந்துப் பெண் குழந்தைகள் அறிவுபெறும் வரை இது தொடரும்,angry,ta
படிக்காதவர்கள் படிக்காதவர்கள்,angry,ta
சஞ்சய் யாதவ் ராஜ்யசபாவில் தோற்றால் அந்த கலாச்சாரம் எங்கே போனது? பெட்டி சிதைவு,angry,ta
தாளம் மாறுகிறது,angry,ta
சத்திரம் ஒன்றில் காருக்கும் டெம்போவுக்கும் இடையே பயங்கர மோதல்; மக்கள் சம்பவ இடத்திலேயே உயிரிழந்தனர்,sad,ta
"அவர்கள் துரோகிகளின் கால்கள்,",angry,ta
"இது எல்லா சாமானியர்களுக்கும் உள்ள கேள்வி, இவ்வளவு பெரிய தொகை எங்கிருந்து வருகிறது?",happy,ta
நீங்கள் ட்வீட் செய்தபோது நாங்கள் இப்போது எவ்வளவு நேரம் காத்திருக்க வேண்டும் என்று ஏன் சொல்லவில்லை?,angry,ta
வேறு ஏதேனும் பெயர்கள் பரிந்துரைக்கப்பட்டுள்ளதா? ஏன் அப்சல் கான்?,angry,ta
மௌன் மோகனைப் போல அமைதியாக இருக்கக் கற்றுக்கொள்வது உங்களுக்கு நிறைய லாபம் தரும்,angry,ta
"நாடு மற்றும் மாநிலத்தின் இசைக்குழுக்கள் இசைக்கத் தொடங்கின, ஏழைகளுக்குச் சென்றவர்களின் இசைக்குழுக்கள் இசைக்கத் தொடங்கின.",angry,ta
மற்றும் துரோகத்திற்கு நன்றி!!!!!,angry,ta
அவனும் பிச்சைக்காரன்தான்.. யாருமே விரும்பாவிட்டாலும் பிச்சை எடுக்கிறான். சாமியா!,angry,ta
"சுண்ணாம்பு கமிஷன் உள்ளது, சுண்ணாம்பு விண்ணப்பம் மட்டுமே நடக்கிறது.",angry,ta
"எனவே, பெயரிடல் துறை அவற்றை மறுபெயரிட முடிவு செய்தது - ""Fluttering Cassavas""!!",angry,ta
அது இருக்க வேண்டும்... ஏன் சிவப்பு நிறமாக மாறி சிவப்பு நிறமாக மாற வேண்டும்?,neutral,ta
தோட்டக்காரரிடம் பணம் அனைத்தும். அரசியலை குறைத்துவிட்டு வேலையில்லா திண்டாட்டத்தில் கவனம் செலுத்துங்கள்,neutral,ta
இந்த பொய்யை காட்ட வேண்டும்...இல்லையென்றால் அவரது கட்சி எப்படி பிழைக்கும்.,angry,ta
அனைத்துக் கட்சிகளும் சதி செய்கின்றன என்று கூற முடியாது.,angry,ta
நான் இறந்துவிடுவேனா என் கண்களில் கண்ணீரை வரவழைத்தாய்!,sad,ta
சிவசேனாவின் தேர்தல் சின்னத்தை கைப்பற்றுவதே அவர்களின் ஒரே நோக்கம்.,angry,ta
பல ரிக்ஷா டாக்ஸி ஓட்டுநர்கள் யாரிடமும் புகார் செய்ய மறுக்கிறார்கள்.,neutral,ta
இந்த மனிதர் மகாராஷ்டிராவில் வறட்சியை உருவாக்குகிறார்,angry,ta
நீரஜ் சோப்ராவிலிருந்து நீங்கள் வெகுதூரம் வந்துவிட்டீர்கள்.,happy,ta
ஈரமா?,neutral,ta
ஒரு மனிதனாக அம்பலப்பட்டு அடிக்கப்பட வேண்டும்.',angry,ta
"மும்பை ஒவ்வொரு ஆண்டும், அதன் சிற்பிகளைப் பற்றியும் பேசுகிறது.",angry,ta
"தாதா, எங்களுக்கு பிச்சை எடுக்கும் பழக்கம் இல்லை.",happy,ta
நியாயமற்ற சூழலில் உத்தவ் தாக்கரே தேர்தலில் வெற்றி பெற்றார்.,angry,ta
"மேலும் இது உண்மையாக இருந்தால், அவர் நிர்வாணமாக கழுதையின் முதுகில் அமர்ந்திருப்பாரா????",angry,ta
இந்த மேற்கோள் போயிஷாக் நந்தனிடம் இருந்து....ஆஹா என்ன ஒரு தற்செயலான தவறு..உங்கள் தொண்டை உடைந்தது!,angry,ta
"பிஜேபி வம்சத்தை முடிவுக்கு கொண்டுவர விரும்புகிறது, எனவே ராஜ் சாஹிப் இதை கனவு காண வேண்டாம்.",neutral,ta
நீங்கள் அவர்களுக்கு சரியான மின்சாரம் கொடுக்கவே இல்லை.. சரியான நேரத்தில் கட்டணம் செலுத்துங்கள்.. அதுதான் அவர்களுக்கு தண்டனை..,angry,ta
"வளர்ச்சி, ஸ்மார்ட் சிட்டி என்ற பெயரில் மக்களை ஏமாற்றி அரசியல்வாதிகளின் சொத்துக்கள் சூறையாடப்படுகின்றன.",angry,ta
பாராமதி வெங்காயம் மட்டுமின்றி நிலம் முழுவதும் அழிந்தது.,angry,ta
சிந்தனையின் கீழ் நிலைகளைப் பாருங்கள். இத்தகைய வக்கிரமான மனநிலை சமூகத்திற்கு மிகவும் ஆபத்தானது.,angry,ta
"உதவியின்மை, உங்களுக்கு என்ன பொருந்தும்?",neutral,ta
சும்பா எரிந்தாலும் மாத்திரை இன்னும் தீரவில்லை,neutral,ta
பக்கத்து வீட்டுக்காரன் ரவியுடன் சண்டை போட்டதால் இந்த வருடம் ரவி லடூ ரத்து!,neutral,ta
நக்கி பாலா சாஹேபின் மைத்துனர் தோளில் துப்பாக்கியுடன் துரோகியின் நிகழ்ச்சி நிரலை நிறைவேற்றியதற்காக.,angry,ta
"நான் ஒப்புக்கொள்கிறேன், சஞ்சய் ஒப்புக்கொள்கிறார். புத்தர்",angry,ta
Sandy Janeway பழங்காலத்திலிருந்தே எதையும் சாப்பிட்டு வருகிறார்... மண் கூட.,angry,ta
குட்டை இல்லை..ஆசனவாயில்,angry,ta
அது சரியில்லை ஜனாதிபதி. காலம் யாரையும் தாக்கலாம்,neutral,ta
"காலை வணக்கம்!!! இன்றே கண்ணீர் சிந்தும் முகங்களையும், கண்ணீர் சிந்தும் எதிர்வினைகளையும் காண தயாராகுங்கள்...",neutral,ta
சுயமரியாதையை விற்று ஆட்சிக்கு வந்ததால் தேவேந்திரஜியை பற்றி பேச உங்களுக்கு உரிமை இல்லை.,angry,ta
உளவுத்துறைக்கு நிலையான வளர்ச்சி தேவை தாசா ஜி!! நீங்கள் ஒரு பீன் போன்றவர்,angry,ta
இது நடந்தால் மகாராஷ்டிராவுக்கு எத்தனை தொழில்முனைவோர் வருவார்கள்...,angry,ta
உங்களைப் போன்ற துரோகிகள் அதைப் பற்றி கவலைப்படத் தேவையில்லை.,angry,ta
ஒரிஜினல் காங்கிரஸார்... காருக்குள் மாட்டிக் கொண்டார்கள்.,neutral,ta
"மேலும் சொல்லுங்கள், நான் பாலா சாஹேப்பின் உண்மையான சிவா சிப்பாய் மற்றும் திகே சாஹேப்பின் சீடன்! எலும்புகள் ஆபத்தானவை",angry,ta
"நீங்கள் ஒரு கிராமத்தைப் போலவும், ஒரு ஆசிரியரைப் போலல்லாமல் ஒரு கிராமவாசியாகவும் மாறுவீர்கள் என்று நான் ஒருபோதும் நினைத்ததில்லை.",angry,ta
மராத்தா பாதுகாப்பு கோரிக்கை நமைச்சல்? சாவந்த் ராஜினாமா செய்ய என்சிபி கோரியது.,angry,ta
ஸ்ரீ பாலா சாஹேப் ஒரு துரோகி அல்ல என்பதை இப்போது தாக்கரே உங்களுக்கு கற்பிப்பார்.,angry,ta
நாக்பூர் மக்கள் ஏன் மராத்தி மற்றும் இந்தி பேசுகிறார்கள்?,neutral,ta
இன்று படுக்கையில் தண்ணீர் தினம்,neutral,ta
தாமரை வளராது,neutral,ta
"ஏன் வழி? குண்டர்களை அங்கே போக வைக்கிறார் உங்கள் மோடி, கண்ணையும் காதையும் திற..!!",angry,ta
இது ஏன் அநியாயம்? இந்த அமைப்பு ஒரு தன்னாட்சி அமைப்பு என்றால் ஏன் இவ்வளவு பாகுபாடு?,angry,ta
எதுவும் நடக்கவில்லை இப்போது அது முடிந்துவிட்டது.,neutral,ta
முன்பும் இல்லை இப்போதும் இல்லை,neutral,ta
அதீத நம்பிக்கை எங்கிருந்து வருகிறது?,happy,ta
ஆனால் அவர் ஏன் உங்கள் மீது இவ்வளவு கோபமாக இருக்கிறார்? அந்த ட்வீட் குறும்புத்தனமாக தெரிகிறது.,angry,ta
"ராவுத், அந்தரே, யாதவ், சவந்தாரா, மோசமான வார்த்தைகளைப் பயன்படுத்தி, மற்ற இராணுவத்திற்குள் ஊடுருவினர்.",angry,ta
"சிவசேனாவை சேர்ந்த உத்தவ் பாலாசாகேப் தாக்கரே, அக்கட்சியின் தலைவர் எம்எல்ஏ பாஸ்கர் யாதவ் வீட்டை தாக்க முயன்றார்.",angry,ta
கரிஷ்மா காக்கு அவரைக் கண்டித்ததை நான் புரிந்துகொள்கிறேன்,neutral,ta
அனைத்து பூச்சிகளையும் திருப்திப்படுத்தி உணவளிப்பவர்,angry,ta
உங்களையும் சிறையில் அடைக்க வேண்டும் என்று பாட்டீல் பெயர் சூட்டி வருகிறார்,angry,ta
ஆச்சர்யம் என்னவென்றால்.. வருடக்கணக்கில் மோசமான அரசியல் செய்தாலும் அவர்களுக்கு ஆதரவாக நிற்கிறார்கள்.,happy,ta
மணி ஒரு பொருட்டல்ல. ....எதுவும் வளைவதில்லை.,neutral,ta
அதற்குக் கீழே இருளைப் பார்ப்பதில்லை.,angry,ta
கடனை சேமித்து அடைக்க மேலே ட்வீட் செய்தவருக்கு என்ன நடந்தது?,angry,ta
ஆனால் இது ஒரு மதப் போர்.,neutral,ta
இந்த பலாத்கார குற்றவாளிகளை எப்போது சிபிஐ விசாரிக்கும்?,angry,ta
கருத்து சுதந்திரம் பற்றி பேச வெட்கமே இல்லையா?,angry,ta
அவர்கள் கெட்டவர்கள் மற்றும் கெட்டவர்கள் அல்ல,angry,ta
பணவீக்கம் மிக அதிகமாக உள்ளது மற்றும் அதை குறைக்க உங்கள் முதலாளியிடம் கேளுங்கள்,angry,ta
"முனிவரே, அந்த ரத்னகிரியின் மகனுக்கும் கற்பியுங்கள்.",angry,ta
"எங்கள் வெட்கத்தை நாங்கள் பார்ப்போம், அப்படிச் சொல்ல உங்களைப் போன்ற துரோகி எங்களுக்குத் தேவையில்லை.",angry,ta
கடினமான,neutral,ta
பணியின் போது உயிர்நீத்த தியாகிகளுக்கு அஞ்சலி செலுத்தப்பட்டது.,happy,ta
மகாராஷ்டிராவில் கருப்பு தாடி பெரும் சோகத்தை ஏற்படுத்தியுள்ளது. அதை மக்கள் மறக்க மாட்டார்கள்,angry,ta
ஏழை எம்.என்.எஸ். மிச்சம் நிறை இல்லை. போர் நிறுத்தத்தின் அடிப்படை,sad,ta
"இல்லை, நீங்கள் என்ன பேசுகிறீர்கள் என்று எனக்குப் புரியவில்லை",neutral,ta
இவர்கள் என்னுடன் பழகுகிறார்கள்,angry,ta
இன்று புனே மழையில் கலந்தாலும் அது அடித்துச் செல்லப்படும்.,neutral,ta
ஏமாளி அனாஜி பந்தின் சதி,angry,ta
நீதிமன்றம் மறைமுகமாக அறிக்கையை கட்டாயப்படுத்த முயற்சிக்கிறதா?,happy,ta
"சமீபத்தில், மாவட்டத்திற்கான பாதுகாப்பு அமைச்சரை மாநில அரசு அறிவித்துள்ளது. இதனால், அரசு மீது விமர்சனங்கள் குவிந்து வருகின்றன.",neutral,ta
இப்போது ஜோதி எவ்வாறு புகையை வெளியிடுகிறது என்பதைப் பாருங்கள்,neutral,ta
இந்த நாட்களில் இறப்பு விகிதம் திடீரென அதிகரித்துள்ளது.,happy,ta
இல்லை இன்னும் இல்லை,neutral,ta
"இது ஆரம்பம், இப்போது துரோகிகளுக்கு அதிர்ச்சி கிடைக்கும்",angry,ta
நாடு பொருளாதார மந்தநிலையில் உள்ளது என இப்போது கூற முடியாது.,angry,ta
நீங்கள் எவ்வளவு தனிமையில் இருக்கிறீர்கள் என்று நான் சிரிக்கிறேன்.,angry,ta
"இயற்கைக்கு எதுவும் தெரியாது, வெப்பம் அதிகரித்து மழையும் வருகிறது.",happy,ta
சேற்றை தின்னாய்...இப்போது...!!,angry,ta
"ஓ, யாராவது உங்களைப் பார்க்கிறார்களா, நீங்கள் ஏன் குண்டு வீசுகிறீர்கள்?",angry,ta
மீண்டும் தண்ணீரில் மூழ்கி... சாப்பிடும் வேலையில் தலைவர்கள்... சதவீதம் எடுத்து வேலை....,angry,ta
எத்தனை சோதனைகள் எடுத்தாலும் வெற்றி கிடைக்காது.,sad,ta
"அவர் உறுதியாக சொல்கிறார் ஆனால் இப்படி இல்லை, பாலா சாகேப்பின் சிவசேனா துரோகிகளை தோற்கடிக்க வேண்டும் என்கிறார்.",angry,ta
இப்போது என்னால் அதற்கு உதவ முடியாது,neutral,ta
"...அப்படியானால் மிதுன் சக்ரவர்த்தியுடன் ஹேமமாலினியின் சண்டை, 'சமேதா' காட்சி பற்றி பேசுங்கள்!",neutral,ta
ட்ரோல் செய்ய வேறு ஒருவரை நீங்கள் ஏன் கண்டுபிடிக்கவில்லை?,angry,ta
வைங்கங்கா மற்றும் சூலாபந்த் ஆறுகளில் வெள்ளப்பெருக்கு ஏற்பட்டதால் லக்கண்டூர்-பவானி-நாக்பூர் சாலை மூடப்பட்டது.,neutral,ta
இது கிளர்ச்சி.,neutral,ta
"எம்.எல்.ஏ.க்கள் வெற்றிலையால் அல்ல, எம்.என்.எஸ்.-ல் இருந்து தேர்ந்தெடுக்கப்பட வேண்டும்",neutral,ta
உண்மைதான் ஆனால் விதர்பா பிரிந்ததற்குக் காரணம் விதர்பா மக்கள்தான்.,neutral,ta
முடிவைக் கண்டு யபத்மால் மிகவும் வருத்தப்பட்டார்.,sad,ta
. பாஸ்டர்ட் ஏதோ சொல்கிறார். மக்கா உடைந்த கண்ணாடி போன்றது,angry,ta
இப்படி முட்டாள்தனமான செயலை யாரும் செய்ய வேண்டாம்... ஏழைகளை கேலி செய்வது எவ்வளவு வேடிக்கை என்பது மக்களுக்கு தெரியும்.,angry,ta
பாஜகவுடனான சிவசேனா கூட்டணி சிவசேனாவை கலைத்தது.,angry,ta
ஒரு சுயநலம் மற்றும் துரோக இராணுவம் இன்னும் மக்களுடன் பேசுகிறது.,angry,ta
திருமண வீட்டிற்கு எடுத்துச் சென்று சந்தையில் விற்பனை செய்தார். அதற்கு 'மண்ட்சே' என்று பெயர் இல்லை.,angry,ta
போருக்கு முன் போர்க்களத்தை விட்டு ஓடுபவர்களுக்கு இந்த வாக்கியத்தை சொல்லுங்கள்,angry,ta
அவர் எப்படிப்பட்ட வழக்கறிஞர் என்று சொல்ல முடியாது?,angry,ta
பாஜக தலைவர்களுடன் நெருக்கமாக இருக்க வேண்டும் என்ற ஆசை வலுவாக உள்ளது,angry,ta
அத்தகைய பிரகாசமான யோசனைகளின் ரசிகராக இருங்கள்,angry,ta
அருமை... தேசபக்தியுள்ள ஜோஷிக்கும் முகஸ்துதி செய்யும் ஜோஷிக்கும் உள்ள வித்தியாசம் இதுதான்...,happy,ta
எவ்வளவு கெஞ்சினாலும் கம்லிக்கு கருத்து இல்லை.,sad,ta
அதனால் தாக்கரே என்ன செய்கிறார்?... சத்ரஞ்யாவின் 'ஜூட் உலாவ்...' படத்தின் காரணமாக உங்களுக்கு இந்த பதவி உயர்வு கிடைத்ததாக நினைக்கிறேன்.,angry,ta
"நீங்கள் குடை பிடிக்க முடியாத அளவுக்கு ஏழை, ஐயா",angry,ta
"வீழ்ச்சி நிச்சயம், ஆனால் யாருடையது?",neutral,ta
இந்த அறிக்கை உங்களுக்கு எதிராக அவதூறு வழக்குக்கு வழிவகுக்கும்.,happy,ta
"மேலும் தர்பூசணி கொலைகார, துரோக, சதி அரசியலின் பிரதிநிதி.",angry,ta
உங்கள் ஆட்சியில் உண்மையில் என்ன நடந்தது?,happy,ta
நாய்க்கு என்ன ஆனது என்பதுதான் உண்மையான கேள்வி.,happy,ta
"மாநிலத்தில் ஷிண்டே மற்றும் தாக்கரே மட்டுமே இருக்கிறார்களா, செய்திகள் இல்லையா?",neutral,ta
"ஆனால் சோகம் என்னவென்றால், அன்றைய கால கட்டத்தில் இன்றைய சாஹேபா அன்பர்கள் சிலர் இந்தக் குளிப்பாட்டிற்கு பங்களித்துள்ளனர்.",sad,ta
அவருடைய தெய்வீகத்தன்மைக்கு இவ்வளவு பெரிய சாட்சி கொடுக்க அவர் தகுதியானவரா!,angry,ta
உங்கள் துப்பு மனதை மாற்றாது என்று எனக்குத் தெரியாது.,angry,ta
விவாகரத்து பெற்ற வழக்கறிஞர் பேரனை சந்திக்க மருமகள் அனுமதிக்காததால் தாத்தா தற்கொலை!,sad,ta
உத்தவ் ஜி ராவணன் ஏன்?,angry,ta
"ஒருவர் கட்சித் தலைவரை அலுவலகத்தில் சந்திக்கும் போது, ​​அவரது கால்களைத் தட்டுவது எப்படி என்பதை இந்தக் கூற்று எனக்குப் புரிய வைக்கிறது.",angry,ta
ஜெய் மகாராஷ்டிரா துரோகிகளின் படை நின்ற லங்காவை எரிக்கும்,happy,ta
"போலீசார் காரை சோதனையிட்டபோது, அங்கு குட்கா இருந்தது.",neutral,ta
: இந்த நவராத்திரியில் இந்த செடிகளை வீட்டிற்கு கொண்டு வாருங்கள்; நிதி பிரச்சனைகள் குறையும்!,neutral,ta
இந்தப் போட்டியிலும் அதே கேலிக்கூத்து,angry,ta
ஞாயிற்றுக்கிழமை கல்லூரியில் வேலை செய்வது வாழ்க்கையில் மிகவும் சலிப்பான விஷயம்.,angry,ta
ஒரு மனிதன் அதிகம் இழப்பது கொடுக்கப்பட்ட அன்பையும் நம்பிக்கையையும் தான்...!,sad,ta
புலி வாயில் இருந்து புகை வருகிறது...யாராவது செய்து விடுங்கள்...ஏகத்யா பிரிவு அமைச்சர்,angry,ta
"""தேவசேனா தவறு செய்து விட்டது, அந்த துரோகி தச்சனை குறுக்கு வழியில் பகிரங்கமாக கண்டிக்க வேண்டும்.""",angry,ta
இது நடக்க வேண்டும்.. பழைய சிவசேனா ஏன் இப்படி செய்கிறது?,angry,ta
இந்த அயோக்கியன் மிகவும் திறமையற்ற மற்றும் கேலிக்குரிய உள்துறை அமைச்சராக அறியப்படுகிறான்.,angry,ta
அவமானம் கெட்ட சாலியானா குணமடைந்தால் கொல்லப்பட வேண்டும்.,angry,ta
மெதுவாக ஆனால் இப்போது படையினரிடம் கேளுங்கள்,neutral,ta
விரைவில் இந்த மனிதர் தெருக்களில் கற்களை வீசுவதைக் காணலாம் ...,angry,ta
எங்கு சென்றாய் சொறி ஏற்படாதே,angry,ta
குரங்குக்கு நோய் வந்தால் அரிப்புக்கு மருந்து உண்டு.,angry,ta
யார் இந்த தாபா தொழிலாளி?,angry,ta
"மழை பெய்கிறது, என் விவசாயி ராஜா அழுகிறார்",sad,ta
துரோகிகளிடம் இருந்து வழக்கறிஞர் கடிதத்தை பிஜேபி எடுத்ததா?,happy,ta
துரோகிகளுடன் ராஜினாமா?,angry,ta
சூர்யா-தாசா நிச்சயமாக எட்வினாவைப் போல மெதுவாக இருக்க முடியும்.,angry,ta
ராணாவுக்கு நிதீஷ் தகுதியானவர் என்று பட்கல்கர் இப்போது உணர ஆரம்பித்தார்.,angry,ta
மன்னிக்கவும் ஆனால் இந்த வாசனை மிகவும் பயனற்றதாக மாறியது.,angry,ta
"அட, இந்த வில்லன்கள் எந்த ஓட்டைக்குள் ஒளிந்திருக்கிறார்கள்?",angry,ta
நாசிக் மாவட்டத்தில் கால்நடைகளுக்கு லம்பி நோய் பரவி வருவது கால்நடை மேய்ப்பவர்களிடையே பீதியை ஏற்படுத்தியுள்ளது.,fear,ta
நான் குறியிட விரும்புகிறேன் ஆனால் எனக்கு இலவச அவமானங்கள் கிடைக்கும்,angry,ta
"அதிகாரத்தை அனுபவித்து, அதிகார துஷ்பிரயோகம் செய்யும் ஷிண்டே ஃபட்னாவிஸ் அரசுக்கு வரும் தேர்தலில் மக்கள் பாடம் புகட்டுவார்கள்.",angry,ta
அனுமனைப் பார்க்க வந்து திண்டு எடுத்தான்.,angry,ta
இன்று விவசாயிகளுக்கு ஐம்பதாயிரம் ரூபாய் ஊக்கத்தொகை கிடைத்தது. நீங்கள் உட்கார்ந்து கோப்புகளைப் புரட்டுகிறீர்கள்,angry,ta
அவை அனைத்தும் ஆடுகள்.,angry,ta
"துரோகி, நீங்கள் ஒருபோதும் எம்.எல்.ஏ.",angry,ta
சாஹேப் குணாவை உல்லாசத்தின் பலனாக மக்கள் சபிக்கிறார்கள்.,angry,ta
சஹன்பூதி வாக்லே சாஹேப் மக்கள் மீது கோபம் கொண்டார்,angry,ta
இவை துரோகிகளின் நடைமுறைகள்.,angry,ta
நீங்களும் ஏதாவது சொல்றீங்க.. பொறுமை தேவையா? தவறுகளுக்கு மன்னிப்பு கேட்காதே... அந்த நாட்கள் போய்விட்டன,angry,ta
அரிசி தரையில் விழுந்தது,angry,ta
அவர்களின் சுவாசம் துர்நாற்றம் வீசுகிறதா? போலி அரசியல்வாதிகள் மற்றும் வாள்வெட்டு தொழிலாளர்கள்,angry,ta
உடலின் பின்னால் இருந்து ஆடைகளை கழற்றுபவர்களுக்கு இந்த அறிவுரை வழங்கக்கூடாது,angry,ta
"டாலர் வலுவாக இல்லாவிட்டால், உங்கள் இடுப்புப் பகுதி பெரிதாகிறது. எனவே தனியாக",angry,ta
இந்து என்ற வார்த்தை உள்ளூர் வார்த்தை.,neutral,ta
"இதையெல்லாம் காட்டுங்க சார், தோல்வியை காணோம்",angry,ta
தேர்தல் சின்னத்தின் வெற்றியை ஜோதியால் தாங்க முடியவில்லை,angry,ta
பரபரப்பைக் கொண்டுவர போர்ன்மவுத் மட்டும் போதும். விடாமுயற்சியுடன் வெற்றி வருகிறது. பாலா சாஹேப் உறுதியாக இருந்தார். உத்தவ் ராவின் உற்சாகம் அரை கப் போர்ன்மவுத் போன்றது.,angry,ta
மும்பை கிரிக்கெட் சங்க தேர்தலில் அனைத்து அணிகளின் பிரதிநிதிகளை தேர்வு செய்யும் ஆனால் ஆட்டம் தோற்றுப்போகும்.. எதுவாக இருந்தாலும் சரி...,angry,ta
"ஆச்சரியப்பட்டால், குபேரன் உதவியற்றவன்",angry,ta
தன்னாட்சி அமைப்பு என்ற வார்த்தை இப்போது பெரிய நகைச்சுவையாகிவிட்டது,angry,ta
துரோகிகளுக்கு துரோகம்...,angry,ta
தொழிற்சங்கம் என்பது இந்த நாட்டில் ஒரு பயனற்ற நிறுவனமாகும். சமூகத்தில் சச்சரவுகளும் சண்டைகளும் வெறுப்பை உருவாக்குகின்றன.,angry,ta
உலகிலேயே அதிக சுதந்திரம் பாஜகவிடம் உள்ளது.,angry,ta
"இரண்டரை வருடங்கள் ஆகிவிட்டன, தாத்தா சண்டை இல்லை. ஆற்றல் பற்றாக்குறையால் நீங்கள் சிவப்பு நிறமாகிவிட்டீர்கள்",angry,ta
எத்தனை முறை..எத்தனை முறை.. இறுதியில் துரோகி துரோகி,angry,ta
இதற்கும் முதல் விஷயத்திற்கும் எந்த தொடர்பும் இல்லை... பொருள் ஒருபுறம் இருக்க,angry,ta
"அவர் எப்படி ஓட முடியும் என்பதைக் கவனியுங்கள், ஆனால் ஓடுபவர்கள் எவ்வளவு மோசமானவர்கள்.",angry,ta
இன்னும் இங்க மாட்டிக்கிட்டு இருக்கீங்களா... கோடி மீடியாவுக்குத் தெரியாது.,angry,ta
குழந்தைகள் தீங்கு செய்தால் போனஸ் புள்ளிகள்,neutral,ta
புகையிலை தூள் வழங்கப்படும்...,angry,ta
"ஜல்கான்: மூன்று மாத பெண் குழந்தை குஞ்சன், கைக்குட்டையால் கழுத்தை நெரித்து கொன்றது.",sad,ta
"தேர்தல் வரும், வல்லரசுகள் எப்படி உதைப்பார்கள் என்று பாருங்கள்",angry,ta
அகத்தியர்களால் சிவபெருமானுக்கு நடந்த விருந்தினால் இந்தப் பெரும் அழிவு ஏற்பட்டது.,angry,ta
அவர் கெஞ்சும்போது அவர் எப்படி உணர்ந்தார்?,angry,ta
அவருடைய முகம் எவ்வளவு பலவீனமாகிவிட்டது பாருங்கள்.,angry,ta
ஆனால் ஃபட்னாவிஸ் கட்சிக்கு ஏன் வேட்பாளர்கள் இல்லை?,angry,ta
"இப்போது அதிகாரம் கிடைத்துவிட்டதால், நம் மனிதர்கள் தங்கள் பெண்களுடன் ஓடுவதற்கு சுதந்திரமாக இருக்கிறார்கள், அவர்களை யார் தடுப்பார்கள்?",angry,ta
கருத்துகளைப் படிக்கும் போது கூட வெட்கமின்றி உணர்கிறேன். அதிகபட்ச குறியீடு வரம்பு!!,angry,ta
பிந்தகத்தை சின்ன சின்ன மாலைகள் போட்டு மரியாதை செய்கிறீர்களா அல்லது கிண்டல் செய்கிறாயா..!!,angry,ta
மிகவும் வருத்தம்!,sad,ta
இந்த தற்கொலைக்கு மாநில அரசு காரணமா?,sad,ta
நான் இப்போது அழ விரும்பவில்லை,angry,ta
பண்டாரப்பூர் இடைத்தேர்தலில் பொதுமக்கள் கருத்து இல்லை ???,happy,ta
வாருங்கள்! பன்வெல் துணை மேயராகப் பணியாற்றியவர்... அவரைத் தேர்ந்தெடுத்தவர்கள் பாக்கியவான்கள்,angry,ta
எழுபது ஆண்டுகளாக காவல்துறையின் அழுத்தத்தில் தேர்தல் அரசியல் செய்து வருவதால் அரசு செயலற்று உள்ளது!,angry,ta
ஜெயந்த் பாட்டீலின் மனைவிக்கு அவரை நம்பவில்லை,angry,ta
முங்கேரிலால் ஒரு அழகான பாம்பு. எத்தனை முறை சென்ற பிறகு அதிகாரம் வந்தது?,angry,ta
தாடி வைத்தவர்கள் எல்லாம் இல்லை சார். சில துரோகிகளும் இருக்கிறார்கள்...,angry,ta
ஷிண்டேவை துரோகி என்று ஏன் சொன்னார்?,angry,ta
மகாராஷ்டிராவில் மகாராஷ்டிர மொழியைப் பயன்படுத்துங்கள். மும்பை விளம்பர பலகை ஏன் மராத்தியில் இல்லை?,angry,ta
சரத் ​​பவார் கொள்ளையர்களின் தந்தை என்று சிவசேனா தலைவர் கூறினார்.,angry,ta
நீங்கள் எங்கு சென்றாலும் அது நடக்கும்... 'தாங்க முடியாதது மற்றும் விவரிக்க முடியாதது',sad,ta
இந்த ஏழை வீரர்கள் மனதளவில் முற்றிலும் உடைந்துள்ளனர்.,angry,ta
கடந்த இரண்டரை ஆண்டுகளாக சிதிலமடைந்த மரப்பாலம் மீது எவ்வித நடவடிக்கையும் எடுக்கப்படவில்லை.,angry,ta
இது புதிய வினாடி,angry,ta
சாவர்க்கர் சர்ச்சைக்குப் பிறகு இதுபோன்ற மகிழ்ச்சியை நாம் கண்டதில்லை.,angry,ta
"அதாவது, இந்த நக்குகளால் நீங்கள் எவ்வளவு தூரம் வந்திருக்கிறீர்கள் என்று பாருங்கள்.",angry,ta
பணியின் போது உயிரிழந்த தியாகிகளுக்கு அஞ்சலி செலுத்துதல்,happy,ta
உங்களால் தாங்க முடியாவிட்டால் குதிரையின் காதுகளில் போடுங்கள் ஆனால் தேவையில்லாமல் பேசாதீர்கள்.,angry,ta
வயிற்று வலி... ஞாபகம் இல்லை,angry,ta
தோல்விக்காக மூன்று பத்திரிகையாளர்கள் சிறையில் அடைக்கப்பட்டனர்.,angry,ta
அதிகாரத்தை அதிகாரமாக பயன்படுத்துவது ஜனநாயகத்தை அழிக்கும்... உங்கள் சாதனைகளை நிரூபியுங்கள்,angry,ta
அதை சகித்துக்கொள்ளவும் முடியாது,sad,ta
இந்த பாஸ்டர்ட் ஒரு போதும் சரிவராது,angry,ta
"இப்படிப்பட்டவர்கள் நாட்டின் ஒற்றுமையை குலைக்கிறார்கள், அவர்கள் மீது கடும் நடவடிக்கை எடுக்க வேண்டும்!",angry,ta
இந்த நபர் மிகவும் நட்பானவர்,angry,ta
இப்படி செய்து ஷிண்டே பிரிவினர் காலில் சுட்டுக் கொண்டார்களா?,happy,ta
பாஜகவுக்கு ஜனநாயகத்தில் நம்பிக்கை இல்லை என்பதை நிரூபித்துள்ளார்,angry,ta
நிச்சயம் பார்ப்பார்கள்...ஆனால் பார்வையற்ற ரசிகர்கள் என்ன செய்வார்கள்...எங்கே போகும்!,angry,ta
பிரதீப் சார் ஒரு பெண்ணை எப்படி காதலிக்க வேண்டும் என்று சொல்லிக் கொடுக்கிறார்,angry,ta
பொதுக் கழிப்பறையை சுத்தம் செய்வதை நிறுத்திவிட்டு ஹவுசிங் சொசைட்டியில் புரோக்கரேஜ் தொழிலை ஆரம்பித்தீர்களா...?,angry,ta
"எதிர்க்கட்சிகளால் செய்ய முடியாததை, ஓரத்தில் அமர்ந்திருந்த துரோகிகள் செய்தார்கள்.",angry,ta
கை உலை புகைப்பவர் பழுத்த தெரிகிறது,angry,ta
இன்னும் சிறப்பாக செய்திருக்க வேண்டும்...,angry,ta
சரியான நாள்.. மும்பையில் தீவிரவாத தாக்குதல் நடந்தபோது உங்கள் உள்துறை அமைச்சர் உடை மாற்றிக் கொண்டிருந்தார்.,angry,ta
கணிதம் கச்சா என்று அந்தப் பெண்ணுக்குத் தெரியும்,angry,ta
ஐயா மிஸ் யூ. இந்த துரோகிகளுக்கு முழுவதுமாக பதில் சொல்லி திருப்பி கொடுக்க வேண்டும்.,angry,ta
"துரோகிகளை கொள்ளையடிக்க முகமூடியை தயாராக வைத்திருங்கள், திருடன் அப்பா",angry,ta
வெற்று நாற்காலிகள் மோடியின் எதிர்காலத்தை சொல்கின்றன.,sad,ta
ஆம் ****. அதன் மதிப்பு எவ்வளவு?,angry,ta
"நன்றி இல்லை, வாழ்த்துக்கள் இல்லை.",sad,ta
"குறிப்பிடத்தக்க வகையில், முழு அணியும் அவரது காலணிகளாக செயல்படுகிறது. என்று ஊகித்தேன்.",angry,ta
அப்போதும் நாம் விழிக்கவில்லை என்றால் அல்லாஹ்வால் கூட நம்மை காப்பாற்ற முடியாது.,fear,ta
குறைத்தால் போதும்.. மாணவர் பெயரில் பணம் வசூலிப்பது ஏன்?,angry,ta
என்ன செய்வது என்று தெரியாமல் தவிக்கின்றனர்,angry,ta
அப்படியென்றால் இந்த ஹிந்து கட்சி மக்களை காப்பாற்றியது யார்?,angry,ta
அமெரிக்காவுக்கும் சீனாவுக்கும் இடையே நடந்து வரும் மோதல் மூன்றாம் உலகப் போரை அச்சுறுத்தி வருகிறது,fear,ta
உங்கள் மரியாதைக்கு தகுதியானவர் அல்ல. பாலா சாஹேப்பின் பெயரை எடுத்துக்கொள்வது,angry,ta
யாருக்கும் சொந்தமில்லை... சொந்த சுயநலம் மட்டுமே... இது அவர்களுக்கும் உண்மை...!!!,angry,ta
"ரானே, ஏன் ட்வீட்டை நீக்குகிறாய்... ஏன் பயப்படுகிறாய்?",angry,ta
"நான் எவ்வளவு ஏமாற்றமடைகிறேன், மற்றவர்களின் பெற்றோரைத் திருடுவது, உங்கள் வலியை அரசியலாக்குவது எப்படி உணர்கிறேன்,",angry,ta
முதுகில் குத்துவதைப் பற்றி அவர் தனது மாமாவிடமிருந்து நிறைய கற்றுக்கொண்டார்.,angry,ta
"மகாபாரதம் எப்போது நிகழும், இன்னும் எத்தனை நாட்களுக்குள்?",neutral,ta
"அதுல், எந்த சப்ஜெக்ட் உங்களுக்கு புரியாதது?? நீதியின் கடவுள் மீண்டும் முடவர், ஊனமுற்றவர், குருடர் என்று நிரூபித்தார் ???",angry,ta
பி.ஸ்ரீராம் வேலை வேண்டுபவர்களை பிச்சைக்காரர்களாகக் கருத வேண்டுமா?,angry,ta
ஏனெனில் சமையல் எண்ணெய் இறக்குமதி அதிகரித்து வருகிறது. அரசின் கொள்கையும் அப்படித்தான்.,angry,ta
ராஜஸ்தான் காங்கிரஸ் ஆளும் மாநிலம் என்று ஊடக விதவைகள் புலம்புகின்றனர்,angry,ta
தில்லியின் இதயப் பக்கம் போனாலும்?,neutral,ta
தாக்கரே குடும்பத்தை தூக்கி எறிந்தால் முதல் பலி கமலாபாய்தான்.,angry,ta
நீங்கள் அவர்களை அங்கு வழிநடத்த முடியும் என்று நினைக்கிறீர்களா?,angry,ta
இவர்களால் நிச்சயம் உங்கள் தகவல்கள் கசிந்துவிடும்.,angry,ta
"நிகழ்காலத்தில் மற்றவர்களை மதிப்பிடும்போது, ​​வரலாற்றில் நாம் எப்படி இருந்தோம் என்பதை மனம் மறந்துவிடக்கூடாது.",neutral,ta
அவர் பேச்சாளராக இருந்தால் ஏன் எதையும் பேச வேண்டும்?,angry,ta
நீங்கள் இந்த உலகில் வாழ்கிறீர்களா?,angry,ta
மக்கள் அதை முட்டாள்தனமாக நினைக்கிறார்களா?,angry,ta
யாருக்கு நீ தேவை இங்கே ஏன் ஆடை அணிந்திருக்கிறாய்? அப்புறம் வா.,angry,ta
கருப்பு முடி,sad,ta
பூமியின் பதற்றத்தை அதிகரிக்கும் சந்திரன்! விஞ்ஞானிகளும் கவலைப்படுகிறார்கள்; அது உங்களை எவ்வாறு பாதிக்கிறது என்பதை அறிய தொடர்ந்து படியுங்கள்,fear,ta
ஷம்பாஜி தளத்திற்கு பாதகமாக தாக்கரேவின் அரசியல் அழிக்கப்படுகிறது,angry,ta
நல்ல விஷயம்... எதுவுமே எளிதல்ல...,angry,ta
மனதின் சுவர்கள் இந்தத் தடையைத் தாங்க முடியாமல் கண்ணீரால் தரை நனைந்தது!,sad,ta
"உங்களின் க்ளைமாக்ஸ்.. மற்றும் பாட்டம் சீக்கிரம் வெட்டப்படும், ஜாக்கிரதை..",angry,ta
உதய் சமந்தின் துரோகத்தை மகாராஷ்டிரா ஏற்குமா?,angry,ta
உங்கள் மனம் அரிக்கிறது,angry,ta
ஆம் பாத்யா பாலா சாஹிப் பிஜேபி கமலாபாய் அப்படியானால் இப்போது வியாபாரத்தை தொடங்குங்கள் என்றார்.,angry,ta
இப்போது லேடி கார்டை விளையாடுவதற்கான நேரம் இது,angry,ta
இப்படி முட்டாள்தனமாக ட்வீட் செய்வதால் சாதாரண கவுன்சிலராக முடியாது,angry,ta
உங்களுக்கு சிரமம் இல்லை என்று சொல்லி யாரும் அழைத்துச் செல்வதில்லை என்று சந்தையில் செய்திகள் வருகின்றன,angry,ta
இது கண்டிப்பாக நடக்க வேண்டும்,neutral,ta
மராத்தி தனி நபரின் மதிப்பை குறைக்கும் போக்கும் உள்ளது.,angry,ta
பாலா சாஹேப்பின் பெயரை பால்க் ராணுவம் கேலி செய்தது,angry,ta
"இது சாதாரண நாகரீகம், ஆனால் இதற்கு நேர்மாறாகச் சொல்வதன் மூலம், அவர்கள் தங்கள் அறிவுசார் திவால்நிலையை வெளிப்படுத்துகிறார்கள்",angry,ta
"வேலை, சிலர் பேசுவதில்லை, வேலை பேச்சுக்கள், கடையை மூடுவார்கள்",angry,ta
"ரொம்ப நாளாச்சு.. பா.ஜ.க.ல சேரறீங்களா, இது வரைக்கும் டீலிங் பண்றீங்களா?",neutral,ta
இந்த விபத்துகள் தினமும் நடக்கின்றன. இதற்கு அனைத்து நிர்வாக அதிகாரிகளும் பொறுப்பு.,angry,ta
ஆம் உண்மையாகவே... அவர் வலுவான இந்து மதத்தை விட்டு வெளியேறி வலுவான மதச்சார்பின்மைவாதியாக மாறினார்.,angry,ta
"இப்போது உங்கள் காதலியை சமாதானப்படுத்துவது என்பது கிராம பஞ்சாயத்து தேர்தல், ஒரு இடம், ஐம்பது அறுபது வேட்பாளர்கள்..!",happy,ta
குழந்தைகள் கல்வி கற்க பள்ளிக்கூடம் கோருவது வருத்தமளிக்கிறது.,sad,ta
இது ஒரு ஏமாற்று பணம் சம்பாதிக்கும் திட்டம்,angry,ta
துரோகிகளுக்கு நிம்மதி கிடைக்கும் என்று நினைக்கிறேன்,angry,ta
"வணக்கம் சொல்லுங்கள், நீங்கள் இருக்கிறீர்களா? என்ன விஷயம்",angry,ta
"டார்ச் பாஸ்டர்டுகள் தங்கள் தாடைகளை உயர்த்தத் தொடங்குகிறார்கள், புலியின் தும்பிக்கை எரிவதைப் பார்க்கிறார்கள்",angry,ta
சாதாரண மக்கள் யாராவது இங்கு வரி செலுத்துகிறார்களா? இவர்கள் அரசாங்கத்தின் மருமகன்கள்,angry,ta
மின்சாரம் போனால் விழிப்பாயா???,neutral,ta
"ஹையோ பல ஆண்டுகளாக மரங்களை வளர்த்து வருகிறார், இப்போது அவர் கற்பிக்க வருகிறார்",angry,ta
"ஐயா, நீங்கள் பூஜை செய்ய விரும்பவில்லை என்றால் அப்படிச் சொல்லாதீர்கள்.",angry,ta
இப்படிப்பட்டவர்களை வெளியேற்ற வேண்டுமா...??,angry,ta
அதாவது? நீங்கள் கஷ்டப்படுவீர்கள்!,neutral,ta
காங்கிரஸ் அடியாட்கள் என்ன செய்யப் போகிறார்கள்?,angry,ta
செலுத்தப்படவில்லை ஆனால் தகுதி இல்லை,angry,ta
பெயர்ச்சொல் நிச்சயமாக இப்போது வராது,neutral,ta
ஏன் எடுக்க வேண்டும் என்று தெரியவில்லையா?,angry,ta
எங்கள் சொந்த சிறிய மற்றும் பெரிய ஊழியர்களிடம் இதைச் சொல்வது தவறு.,neutral,ta
பதிலைப் பார்த்தால் மனசு நிறைவடையும்...இதுதான் உங்கள் நிலை...என்றார் பத்திரிக்கையாளர்...,sad,ta
சர்வாதிகாரிகள் தங்களைத் தாங்களே தீக்குளித்துக்கொள்வது உலக வரலாறு...,sad,ta
"யாராவது உங்களுக்கு ஏதாவது செய்தால், எப்படி இவ்வளவு சீக்கிரம் கோபப்படுவீர்கள்?",fear,ta
ஓ இங்கேயும் அங்கேயும்,neutral,ta
"தினமும் தந்தையைத் தேடாமல், கைவிடப்பட்டதைப் போன்றதா?",angry,ta
கதர்நாத் இதைச் செய்யவில்லை.,angry,ta
எம்.எல்.ஏ.க்களை தகுதி நீக்கம் செய்ய நாடாளுமன்றத்துக்கு உரிமை உண்டு. நீதிமன்றம் தலையிடாது. அது உனக்குத் தெரிய வேண்டாமா?,angry,ta
அவர்களால் இங்கு பற்களை மூழ்கடித்து இந்தியாவை தொடர்ந்து இணைக்க முடியாது.,angry,ta
சத்ரபதி ஷம்பாஜிநகரில் பலாத்காரம் செய்யப்பட்ட அரசியல்வாதி யார்?,angry,ta
பா.ஜ.க.வில் இருந்து எத்தனை பெட்டிகள் வந்திருக்கிறது என்று பேச,neutral,ta
அணிவகுப்பு உரிமையாளர் எவ்வளவு தகுதியானவர் என்பதைக் காட்ட விரும்புகிறீர்களா?,neutral,ta
இது பொய்யான செய்தி,neutral,ta
தேச விரோதிகளே உங்களுக்கு வாக்களியுங்கள்... மனிதாபிமான அரசாங்கத்திற்கு வாக்களியுங்கள்,angry,ta
தீபம் ஏற்கனவே அணைந்து விட்டது. ஐகான்களுடன் மட்டும் தேர்ந்தெடுக்கப்படவில்லை.,sad,ta
இரண்டு பேர் நேருக்கு நேர் நடக்கிறார்கள்,angry,ta
நானா பட்டோலே பிஜேபியை விட்டாரா அல்லது பிஜேபி பட்டோலை விட்டாரா என்பது பற்றி ராவுக்கு எதுவும் தெரியாது.,happy,ta
"இந்த தலைமை எங்களுக்கு வேண்டாம், எனவே நாங்கள் கிளர்ச்சி செய்ய தயாராக உள்ளோம்",angry,ta
மரிஜுவானாவை குறைவாக குடிக்கவும்,angry,ta
"இத்தகைய ஒப்பீடு நல்லதல்ல, சித்தல் என்பது இரண்டு இனிப்புகளுக்கு இடையிலான இந்த ஒப்பீடு",angry,ta
அதில் பெண்களின் இடம் ஒரு பாடம்,neutral,ta
பாஜக தரகர்,angry,ta
"இன்று இந்தப் புத்தகம் கிடைக்காது, தேதியில் கிடைக்கும் என்றார்கள்.",neutral,ta
"ஜெய் ஸ்ரீராம் இப்போது அறிவைக் கொடுக்கவும், தர்மத்தைப் போதிக்கவும் வருகிறார்",angry,ta
அதுதான் அவர்களின் மதிப்பு,angry,ta
அவரது ஐயா இத்தனை ஆண்டுகளாக அணியை உருவாக்கி வருகிறாரா? எனக்கு புரியவில்லை..,angry,ta
"இது மராத்தி அடையாளத்தைப் பாதுகாப்பதற்கான ஒரு முக்கிய குறிகாட்டியாகும், யாரோ எப்பொழுதும் அலட்சியத்தால் நம்மைக் கொன்றிருக்கிறார்கள்.",sad,ta
"நகையை மட்டுமின்றி, பறிமுதல் செய்யப்பட்ட பிணையத்தையும் மீட்க வேண்டும்",sad,ta
"உண்மையில், மோசடி செய்பவர்களால் ஏமாறாதீர்கள்",angry,ta
என்ன குறைவு,neutral,ta
என்ன இது... என்ன ஸ்கூல் இது... இப்படி குழந்தைகளை அம்பலப்படுத்தியிருக்கிறார்கள் ரசிகர்கள்.,angry,ta
என்றால் என்ன?,angry,ta
"யார் உண்மையான சிவசேனா, யார் வில்லாளி என்பதை தேர்தல் ஆணையம் முடிவு செய்யும். ?",neutral,ta
"மாறாக, தன் சுயநலப் போக்கைக் காட்டினார்.",angry,ta
"ஒருமுறை படித்தால், திரும்பிச் செல்ல விரும்ப மாட்டீர்கள்.",sad,ta
நீங்கள் முக்கிய செய்திகளை வழங்குகிறீர்கள். குறைவான பத்திரிகையாளர்கள்.,angry,ta
சசி தரூருக்கு வாக்களித்த ஆயிரக்கணக்கானவர்களை துரோகிகள் என்று சொல்ல வேண்டுமா?,angry,ta
இந்த பெண் வெட்கத்தை விட்டுவிட்டாள்.,angry,ta
இங்கு போராடுவது பாஜகவுக்கு தற்கொலை.,sad,ta
"கோர்ட்டில் தோற்றால்தான் தோல்வி ஏற்படும், இப்போது எதிர்க்காதவர்கள் என்று பெருமை பேசுகிறார்கள்.",angry,ta
இந்த சிதறிய மேகம் எப்போது கலையும்??,angry,ta
இன்று மகாராஷ்டிராவில் ஒரு கொன்யா சிட்டி வாசகர் கையில்... பெருங்களிப்புடையது.,angry,ta
சில நாட்களுக்குப் பிறகு உத்தவ் தாக்கரே என்ன சொல்வார்.. பாலா சாகேப் சிவசேனாவைக் கொல்லுங்கள்..,sad,ta
வெளிநாட்டினருக்கான திட்டங்களுக்கு பணம் செலவிடப்படுகிறது.,angry,ta
பாகிஸ்தான் ஜிந்தாபாத் கோஷங்கள் எழுப்பப்பட்ட புனேயில் உள்ள பன்றி மாளிகை மீது ஏன் போலீசார் துப்பாக்கிச் சூடு நடத்தவில்லை?,angry,ta
செயற்கைக்கோளைப் பார்க்கும் வரை இரண்டாவது பருவமழை வரவில்லையா?,neutral,ta
"ஓ ராமா, ஓ ராமா",neutral,ta
உணர்ச்சிகரமான பத்திரிக்கையை விட்டொழியுங்கள்... ஒரு பத்திரிகையாளரின் பணி செய்திகளை வெளியிடுவது... தலைப்புச் செய்தியாக்குவது அல்ல...,angry,ta
"பாலா சாகேப் சிவசேனாவை எதிர்த்துப் போராடுவது யார்? பாலா சாஹேபின் எண்ணம் பிழைக்கவே இல்லை, இனி பாலா சாகேப்பின் சிவசேனா தோற்குமா?",angry,ta
"திருடனின் வாயில் சிக்கன் சிக்கியது, எனவே டார்ச்சில் கோழியை ஐஸ்கிரீமுடன் வறுக்கவும்.",angry,ta
"உண்மையில், ஆண்மையின்மை ஒரு உறவின் வீழ்ச்சிக்கு காரணமாக இருக்காது.",neutral,ta
ஹிந்தியில் என்ன சொல்வது என்று தெரியவில்லை...,angry,ta
இந்த டீ-பிஸ்கட் பத்திரிக்கையாளர்கள் நரிகளுக்கு புளிப்பு திராட்சையாகிவிட்டனர்,angry,ta
சில நாய்கள் எவ்வளவோ திட்டினாலும் அதன் உரிமையாளர்களிடம் திரும்பும்.,angry,ta
கனமழையால் விவசாயிகளுக்கு இழப்பீடு கிடைக்காமல் பார்த்துக் கொள்ளுங்கள்.,angry,ta
உங்கள் குழுவும் ஒரு மாயை.,neutral,ta
கணக்கெடுப்பு நாளான கர்வா சவுத் அன்று பதுங்கி இருந்தது. .ஒரு பக்தர்,neutral,ta
உங்கள் தந்தையின் முறைகேடான குழந்தைக்கு மோரியா மகிழ்ச்சியைக் கொடுங்கள்,angry,ta
அரசியல்வாதிகளுக்கு ஏன் பில்லியன் கணக்கான ஓய்வூதியங்கள் தேவை? அரசியல் ஒரு வேலையா?,angry,ta
இதையெல்லாம் செய்வதற்கு முன் அறைந்து விடுவார்கள்,angry,ta
"புத்திசாலிகள் அவரை வெறுக்கிறார்கள், ஏமாளிகள் மற்றும் படித்தவர்கள் அவரை ஆதரிக்கிறார்கள்",angry,ta
அயத்யா பிலட் நாகோபா ஆதித்யா தாக்கரே. வார்லியில் இருந்து பாகோ மீண்டும் தேர்ந்தெடுக்கப்படலாமா????,angry,ta
தனது முட்டாள்தனமான மந்திரி பதவியை காப்பாற்ற கோலாப்பூர் தொகுதியை விட்டுக்கொடுத்ததை ஒப்புக்கொண்ட கொம்படியா!,angry,ta
"ஏய், அந்த மக்கள் யுவராஜுக்கு பொது அறிவு கற்பிக்கிறார்கள், இந்த கடினமான யுவராஜ்...!!!",angry,ta
நானும் செய்தேன் + ரிமோட்டை நானே உடைத்தேன்..,angry,ta
மராத்தி பேசாத எவனும் மகாராஷ்டிர துரோகி.,angry,ta
"இது சாத்தியம், நீங்கள் உங்கள் தாய்மொழியில் பெருமைப்பட வேண்டும்.",happy,ta
மைடன் பண்ணை உற்பத்தி குறித்து விசாரணை நடத்த குழு ஒன்று நியமிக்கப்பட்டு விளைபொருட்களை விற்பனை செய்ய தடை விதிக்கப்பட்டது.,neutral,ta
உங்கள் சொந்த முட்டாள்தனத்தைப் பார்த்து சிரிக்கவும். .,neutral,ta
முடி உதிர்வதை தடுக்க இதை மாற்றினீர்களா ??,neutral,ta
"அது ஒரு பாடமாக இருந்தது, இப்போது என்ன??",neutral,ta
தேர்தல்கள் முடிந்துவிட்டன,neutral,ta
பணப்பை இல்லாமல் பத்திரிகை வாழ முடியுமா என்பது கேள்வி.,angry,ta
அங்கிருந்து ஒரு முட்டாள் கூட்டம் உருவானது... எங்கள் உத்தவை சந்திக்கவும்.,angry,ta
"ஏய் கேசவ், பிகேசியை தூக்கி எறிந்தாலும் பாஜக தலைவர்களுக்கு வெட்கமாக இல்லையா?",angry,ta
வா பாஸ்டர்டா..,angry,ta
ஓ காக்கா ஊர்ல சுர்ல டே டு எம்என்எஸ்,angry,ta
இவ்வாறு ராஜ் சாகேப் சூரியை கற்பனை செய்தார்,angry,ta
கரோனா நெருக்கடியில் உள்ள மாநிலங்களுக்குப் பதிலாக மத்திய அரசின் நிதிக்கு மானியம் வழங்குவது...,angry,ta
சட்டம் எல்லோருக்கும் வித்தியாசமானது என்று காட்ட வேண்டுமா?,angry,ta
இதுபோன்ற அதிகார துஷ்பிரயோகம் நிறுத்தப்பட வேண்டும்.. அதனால்தான் மகாராஷ்டிராவை அனாஜி பந்த் என்று அழைக்கிறார்கள்.,angry,ta
துரோகி சுடப்பட வேண்டுமா? ....ஆனால் உங்கள் ஈகோவை முதலில் வையுங்கள்....இந்துத்துவா துரோகி,angry,ta
என்ன ஒரு முட்டாள் மனிதன்!,angry,ta
"அப்படிப்பட்ட பெற்றோர் இருந்தால், ஆண்டுக்கு ஆறு லட்சம் ரூபாய் என்பது மிக அதிகம்.",angry,ta
ஒரு மணி பயன்படுத்தப்படுகிறது.,neutral,ta
ராஜ் தோல்வியடைந்தார். அயோத்திக்கு செல்ல பாஜக தடை விதித்ததை அவர் விமர்சித்தார்.,angry,ta
பயமாக இருக்கிறது..,fear,ta
சாகன் புஜபாலின் மனம் கண்ணீரால் நிறைந்ததா?,angry,ta
துல்ஜாபூரில் பக்தர்களிடம் இருந்து திருடப்பட்ட செல்போன்கள் பறிமுதல்; இரண்டு திருடர்கள் கைது செய்யப்பட்டனர்,neutral,ta
"ஐயா, இந்த செய்தியை இன்னும் எவ்வளவு பரப்புவோம்",angry,ta
இவை அனைத்தும் ஆதரவாளர்களை வருத்தத்தில் ஆழ்த்தியுள்ளது.,happy,ta
மராத்தி கருத்துக்களைக் கோருவதற்காக எம்என்எஸ் தலைவர்கள் மீது வழக்குத் தொடர்வது கடினம்.,sad,ta
வெற்று கொண்டா மக்களை நிகழ்ச்சிக்கு அழைப்பது இல்லை கூட்டம் எனப்படும்!!,angry,ta
"சாஹேபின் மருமகனைத் தவிர பொதுமக்கள் ஒப்புக்கொள்ளவில்லை, இந்த தாடியும் தாடியும் என்ன பயன்...!!",angry,ta
கனமழையால் நெற்பயிர்கள் அழுகின.,sad,ta
கடிதம் சம்பவத்தில் தொடர்புடையவர்கள் தண்டிக்கப்பட வேண்டும்.,angry,ta
இதழியல் தரம் குறைந்து வருகிறது.,angry,ta
இந்த பார்வையற்ற பக்தனைப் பாருங்கள்,angry,ta
ஒருமுறை எம்என்எஸ் தலைவர் இந்தப் பெயரை வைக்கவில்லை,neutral,ta
"திமிர்பிடித்த மற்றும் உதவியற்ற, இந்த இரண்டு வார்த்தைகளும் உங்களுக்கு சரியானவை!",angry,ta
"பிச்சைக்காரன் அமைதியாக இரு, நீ ஏன் என் மீது கோபப்படுகிறாய்?",angry,ta
"ஐயோ, நமக்கு என்ன தெரியும்? நீங்கள் நேரடியாக தேர்தல் கமிஷனிடம் கேட்டு எங்களிடம் சொல்லலாம்.",angry,ta
தேவையின்றி மருந்துகளை உட்கொள்ள வேண்டாம் என விழிப்புணர்வு ஏற்படுத்தப்பட்டது,neutral,ta
"அஜித் தாதாவுக்கு உள்துறை அமைச்சர் பதவி ஏன் கொடுக்கப்படவில்லை, அவருக்கு தகுதி இல்லை?",angry,ta
உங்களுக்கும் தர்க்கத்திற்கும் எந்த சம்பந்தமும் இல்லை என்று தெரிகிறது,angry,ta
தொகுதி நழுவுகிறது என்று பவாரியர்கள் சொன்னவுடனே வீதிக்கு வருவார்கள்!,angry,ta
இந்த பின்வாங்கல் உங்கள் தீபாவளி காலை உணவை சுவையாக மாற்றாது' என்று அமல் மிட்காரி பாஜகவை குற்றம் சாட்டினார்.,angry,ta
"டி20 உலகக் கோப்பைக்கு முன் இங்கிலாந்து அணிக்கு பெரிய அடி, 'எச்ஏ' முக்கிய பவுலர்கள் போட்டியில் விளையாட மாட்டார்கள்.",sad,ta
"அதிக ஆதரவு வேண்டாம், இந்த தேர்தல் எப்படியும் பாஜகவுக்கு கடினமாக இருக்கும்.",neutral,ta
நீங்கள் விளையாடும் விதம் உங்களுக்கு கவலையாக இருக்கிறதா?,angry,ta
மற்றும் அழுக்கு கீழ் இருண்ட ஜலசிவா ஊழல்,angry,ta
சபாபதி... பாலாசாஹேப்... உபேம் ராவுக்கு தனக்கென இருப்பும் தலைமையும் இல்லை என்பதை அனைவரும் ஒப்புக்கொண்டனர்!,angry,ta
"கைது செய்யப்பட்ட பிறகு, புனேயில் பாகிஸ்தான் ஜிந்தாபாத் மற்றும் அல்லாஹு அக்பர் கோஷங்கள் எழுப்பப்பட்டன",angry,ta
ஹப்பலா நாயே...விரும்புவது எல்லாம் சுபமாக இருக்கும்,angry,ta
அது இருக்கிறதா? நீ சென்றாயா,neutral,ta
இது ஒரு பைத்தியக்காரத்தனமான பதில்,angry,ta
"அச்சச்சோ, அந்த இரண்டு குழுக்களும் ஏன் ஒரே குழுவில் சண்டையிடுகின்றன?",happy,ta
ஏனென்றால் மறைந்த தலைவர்களின் குடும்ப உறுப்பினர்களை தன்னிச்சையாக தேர்ந்தெடுப்பது நமது மகாராஷ்டிர கலாச்சாரம்!,happy,ta
நெருக்கடி என்பது ஒரு நெருக்கடி,neutral,ta
"இந்த சர்வாதிகாரிகள் வாழும்போது ராஜாக்களைப் போலவும், இறந்தால் நாய்களைப் போலவும் வாழ்கிறார்கள்.",angry,ta
?? ஒருவித அவமானம்தான்.. புனே மேடத்துக்கு எல்லாமே உண்டு,angry,ta
அதுதானே... உங்களை மந்திரி/முக்கிய அதிகாரி என்று கருதுகிறீர்களா?,angry,ta
அவன் நாக்கு ஏன் நழுவவில்லை? உங்கள் நாக்கை ஏன் பிடித்துக் கொள்ளுங்கள்?,angry,ta
என்ன அவமானம்,sad,ta
பானுகுண்டே இன்று காலை பதவியேற்பு விழாவை தொகுத்து வழங்கினார்.,angry,ta
ஆனால் பெண்களைக் கண்டுபிடித்த பிறகு அது மிகவும் கடினம்,sad,ta
இது பாஜக அரசின் தவறான நடவடிக்கை மற்றும் நியாயமற்றது.,angry,ta
"வருத்தமான விஷயம் என்னவென்றால், திட்டம் இல்லாமல் போனது அல்ல, ஆனால் கமிஷன் பலவீனமாக உள்ளது, இது வருத்தமாக இருக்கிறது.",sad,ta
என்ன ஒரு பெரிய முடிவு?? தற்போது அனைத்து வாய்க்கால்களும் நிரம்பியுள்ளன.,angry,ta
"அது என்ன மதிப்பு, நீங்கள் ஊழல் புழு",angry,ta
"இல்லை, எதிர்பார்க்கவே இல்லை, வெறுப்பு மட்டுமே, ரோஜாவின் அனைத்து மணிகளும்",angry,ta
சுரண்டிக்கொண்டே இந்த நாடகத்தில் நடித்தால் நன்றாக இருக்கும் என்று முதலில் நினைத்தேன்.,angry,ta
சில நேரங்களில் உங்கள் முதலாளியிடம் கேளுங்கள்.,angry,ta
"ஆம், இருவர் கைது செய்யப்பட்டு தற்போது தூக்கிலிடப்பட்டுள்ளார்களா?",neutral,ta
உங்கள் மனதில் கணிதம் இல்லை!,angry,ta
தேவேந்திர ஃபட்னாவிஸ் ஒரு பயனற்ற நபர். அவர்கள் தங்கள் காவல்துறையை நம்புவதில்லை. ராங்கோர் ஏரி,angry,ta
மக்கள் ஏன் பிடாவை விரும்புகிறார்கள் மற்றும் சாப்பிடுகிறார்கள் என்பது இப்போது எனக்குத் தெரியும்,neutral,ta
"அவர்கள் இதைவிட வலிமையானவர்கள்...! எங்கள் தீபாவளி பட்டாசுகள்... *இனி தீபாவளி வரட்டும், உலகம் முழுவதும் ஆபத்து.*",happy,ta
இப்போது அவர்கள் தங்கள் வலியை உங்களிடம் காட்ட நாள் முழுவதும் உணவு கிடைப்பதில்லை,angry,ta
இது மிகவும் துரதிர்ஷ்டவசமானது. மாணவர்களுக்கு நீதி கிடைக்க வேண்டும்.,sad,ta
உள்துறை அமைச்சர் யாருக்கு கொடுப்பனவு கொடுக்கிறார்?,angry,ta
வேட்பாளருக்கு வாபஸ் கடிதம் கிடைத்தவுடன்... இப்போது அறிவிக்கப்படுமா?,angry,ta
"வெஸ்ட் இண்டீஸ் அவரைத் தேடுகிறது, அவர் இங்கே ஒரு பாத்திரத்தில் நடிக்கிறார்.",neutral,ta
எம்என்எஸ் ஒரு அரசியல் கட்சி என்பது தவறான கருத்து.,angry,ta
"பல பெண்களுக்கு உறவுகள், சண்டைகள், சத்தமாக சிரிப்பது அல்லது அழுவது பற்றி கேள்விகள் இருக்கும்...",angry,ta
ஏமாற்றும் முன் உங்கள் பழைய அறிக்கையையும் பதிவிடவும்,angry,ta
"த்ரோஹி பல்லா சாஹேப், காலம் அறிய வேண்டும்.",angry,ta
"வெள்ளை அறிக்கையின் வருமான வரம்பு மிகவும் குறைவாக உள்ளது, எனவே குறைந்த நடுத்தர வர்க்கத்தினர் கூட ஆரஞ்சு பயிரிட முடியாது.",angry,ta
"மக்கள் முடிவெடுக்கிறார்கள், பள்ளிகளை மூடும் முடிவை திரும்பப் பெறுங்கள்.",neutral,ta
அறிவியல் தேர்வு வரலாற்றில் விடையளித்தவர்களுக்கு மட்டுமே இந்த பொது அறிவு கிடைக்கும்,angry,ta
எனவே ஷிண்டே கட்சியில் இணைந்ததும் அவரை பாஜக வேட்பாளராக நிறுத்தப் போகிறது. நரிக்கு புளிப்பு திராட்சை.,angry,ta
சஞ்சய் ரத்தோடியாவின் குற்றத்தை மறைப்பது எளிதல்ல,neutral,ta
"உங்கள் வயிற்றில் ஏன் கோலிக் உள்ளது, என்ன செய்வது?",angry,ta
கைத்துப்பாக்கிகள் இருக்கும் இடத்தை விட்டு வெளியேறாது என்பது அனைவருக்கும் தெரியும்,angry,ta
"நிதேஷ் ரானே அல்ல, அவர் நித்தேஷ் தாபா.",angry,ta
வாழ்க்கை மீண்டும் வராது. உயிரின் மதிப்பு யாருக்கும் தெரியாது என்பது உண்மை,sad,ta
இந்த துப்புதல் சேவை எங்கிருந்து வந்தது?,angry,ta
ஊழல் தேசத்தின் சாபக்கேடு: தேவேந்திர ஃபட்னாவிஸ்,angry,ta
அரசியல் மட்டும் அல்ல. அதற்கு வேலை தேவை.,neutral,ta
நாங்கள் வீட்டில் இருக்கிறோம் ஆனால் அந்த விவசாயிகளின் கஷ்டங்களை கண்டுகொள்வதில்லை.,sad,ta
ராஜ் தாக்கரே போன்ற ஒரு கலாச்சார தலைவர் மகாராஷ்டிராவின் முதல்வராக இல்லாதது மகாராஷ்டிராவின் துரதிர்ஷ்டம்.,sad,ta
பகிர்வதால் என்ன பயன் என்று யோசியுங்கள்.,neutral,ta
இது திரைக்குப் பின்னால் இருக்கும் அசல் தோற்றம்,angry,ta
"பட்கல்கர் அவர்களே, ராவ்... பலதரப்பட்ட கருத்துக்களைப் படியுங்கள். அவமானத்தில் காய்கறிகளை விற்று சாப்பிட்டான்...",angry,ta
சுபோத் பாவின் பெயரைப் பார்த்ததும் கலால் உங்களுக்காக இல்லை,neutral,ta
அணைந்த விளக்கை ஏன் திருப்பித் தர வேண்டும்?,angry,ta
சட்டசபையே கலைக்கப்பட்டால் சுடியா குட்லா பதவி விலகுவாரா?,angry,ta
தவிர்க்க அவருக்கு ஏதாவது ஆலோசனை இருக்கிறதா?,angry,ta
"நீங்கள் எப்படி இழக்கிறீர்கள் என்பதை நீங்கள் அறிந்தால், நீங்கள் உற்சாகமடைந்து உங்கள் முகத்தில் பாராட்டுகளை எதிர்பார்க்கிறீர்கள்.",angry,ta
"பொதுக் கீழ்ப்படிதல் மொழியில் சொல்வதென்றால், ராணுவத்தில் இருக்கும் போது எப்போதாவது அவர்களுக்கு சல்யூட் அடித்திருக்கிறீர்களா?",angry,ta
ஐம்பத்திரண்டு குலங்களுக்குப் பதிலாக ஐம்பத்திரண்டு தலைகளைக் கடவுள் அவர்களுக்குக் கொடுத்திருக்க வேண்டும்,angry,ta
"அவர் உங்களை மோசமாக அடித்தார், அதனால்தான் நீங்கள் இப்படி உணர்கிறீர்கள்",angry,ta
பச்சா உத்தவின் சட்ட அம்சமும் பலவீனமாக உள்ளது,angry,ta
இது வேலை செய்யுமா?,neutral,ta
அப்படியென்றால் நான் வேறுவிதமாக சொன்னேனா?,neutral,ta
உங்களை ஜோக்கராக்கிய பாஜக! குள்ளர்கள் மிகவும் புத்திசாலிகள்.,angry,ta
உங்கள் மனைவிகள் ஏன் இன்னும் திறந்திருக்கிறார்கள்?,angry,ta
"அதற்கான தேவையும் இருக்காது, அரசு கவிழும்",neutral,ta
கவசம் வாள் சின்னம் உங்களுடையது. இது வரலாறு. இந்த குழுக்கள் விரைவாக மூழ்கிவிடும்.,angry,ta
இனப்படுகொலை மொழி பேசுபவர்கள் ஏன் கோவர் படுகொலை செய்தார்கள் என்று சொல்ல முடியுமா??????,angry,ta
தன்னாட்சி நிறுவனங்கள் பெயரளவில் மட்டுமே உள்ளன. இந்த நிறுவனங்கள் மையத்தின் அழுத்தத்தால் மட்டுமே செயல்படுகின்றன. இது தொடர்பாக நாடு தழுவிய இயக்கம் தேவை என்றார்.,angry,ta
மிஸ்டர் மைண்ட் என்ன செய்து கொண்டிருக்கிறது?,angry,ta
இங்கேயும் தேன் கொண்டு வந்தாயா?,angry,ta
அரசின் ஊழல் மீண்டும் செய்திகளில் வருகிறது,angry,ta
சிதைப்பதும் எரிச்சலூட்டும்.,angry,ta
இந்த வருடம் சிவசேனா வரவில்லை... ஏன் இப்போது...,angry,ta
"பாபா திருடினார், சிவசேனா திருடியது, இப்போது அத்தாரி பூர்பாவின் வேட்பாளரும்... ஜதிவந்திடம் பாக்கெட் மணி தரம் உள்ளது என்றார் உத்தவ்ஜி.",angry,ta
சத்ரபதி சிவாஜி மகாராஜ் மற்றும் பாலாசாஹேப் ஆகியோர் இந்த வாடகையில் சந்தைப்படுத்தப்பட்டனர்.,angry,ta
படிக்க வேண்டும் ஆனால் பணம் இல்லாமல் போகிறது... எதுவும் பேசவில்லை,sad,ta
எம்என்எஸ் என்பது பாலய்யா உன்னத்யா,angry,ta
மறுபக்கத்திலிருந்து நீங்கள் கேட்க விரும்புவதைப் பெறுவதற்கான அவநம்பிக்கையான முயற்சி,angry,ta
"இது வேண்டுமென்றே செய்யப்பட்ட அறிக்கையே தவிர, சந்தேகத்தை ஏற்படுத்த நாக்கு நழுவும் அல்ல.",angry,ta
பெயரை வாபஸ் பெற வேண்டும் என்றால் ஏன் வேட்பாளரை விரட்ட முயற்சித்தார்கள்?? ஒரு நயவஞ்சகர்,angry,ta
சிந்துதுர்க்கில் மூன்று நேபாளிகளின் படங்களை வெளியிட ஏன் வெட்கப்படுகிறீர்கள்?,angry,ta
இதைப் பாருங்கள். நான் அதை தடுத்தேன்,neutral,ta
"சரி, நீங்கள் ஒப்புக்கொண்டால், பப்பு உங்கள் தந்தை.",angry,ta
இன்று புனே நீரில் மூழ்கியது ஏன்? புனே மக்களுக்கு முதலில் பதில் சொல்லுங்கள் பிறகு மற்ற அறிவைப் பகிர்ந்து கொள்ளுங்கள்.,angry,ta
இவ்வளவு ஊழல்,angry,ta
பா.ஜ.க.வின் குற்றவாளிகளை தண்டிக்க வேண்டிய நேரம் வந்துவிட்டது.,angry,ta
அவன் அங்கே போனான்.. அவன் உன் அருகில் கூட வரவில்லை.. அப்போது மாயா செய்த தவறை நீ பார்ப்பாய்..,sad,ta
அதிர்ச்சி!! ஆஸ்திரேலியாவுக்கு எதிரான போட்டிக்கு முன் சண்டிகர் போலீசார் பணம் கேட்டனர்,happy,ta
"இது மிகவும் கொடுமையான முடிவு என்றும், இந்த முடிவை அரசு உடனடியாக திரும்பப் பெற வேண்டும் என்றும் கோரிக்கை விடுக்கப்பட்டுள்ளது.",angry,ta
என்சிபி தலைவர்கள் ஏன் நம் கடவுள்கள் மீது இவ்வளவு கோபப்படுகிறார்கள்? பா.ஜ.க,angry,ta
ஒரு வருஷம் முதலாளியைப் பற்றி பேச வெட்கமாக இல்லையா?,angry,ta
"அவர்களின் பெயர்களைப் பற்றி கருத்து தெரிவிக்க தைரியம் இல்லாமல், அவர்கள் முடிவுகளைப் பற்றி பேசுகிறார்கள்",angry,ta
"அந்த சிக்கன் பொரித்திருக்க வேண்டும், நான் அதை திரும்ப எடுத்துக்கொண்டேன், உங்களுக்கு என்ன நன்றி?",angry,ta
அதீத ஈடுபாட்டின் விளைவுகளை இவ்வாறு காணலாம்.,angry,ta
இத்திட்டம் நிறுத்தப்பட வேண்டும்.,angry,ta
"இந்த ஆலை மிகவும் ஆபத்தானது. மனிஷா நகர் பேருந்து நிறுத்தம் எதிரில், சஹ்யாத்ரி டீ...",fear,ta
"இங்குள்ள சமூகம் சாதி அடிப்படையிலான, நம்பிக்கையற்ற மனப்பான்மை கொண்ட, கருத்தியல் ரீதியாக திவாலான சமூகம் என்பதுதான் யதார்த்தம்...",angry,ta
நேற்று தந்தையை பணி நீக்கம் செய்ததாக திரு.பாஸ்கர் தெரிவித்தார்,angry,ta
"சிவதீர்த்தத்தில் தசரா கூட்டங்களை அனுமதிப்பதில் கேசவ் மிகவும் மகிழ்ச்சியடைகிறார், நெருப்பு எரிகிறது…",angry,ta
எதுவும் உண்மையாக உணரவில்லை,neutral,ta
ஓ ரசிகர்களுக்கும் இதற்கும் முட்டாள்தனத்திற்கும் எந்த சம்பந்தமும் இல்லை,angry,ta
இது ஒவ்வொரு வருடமும் நடக்கும்.,angry,ta
"நீங்கள் நாட்டுக்கு ஏதாவது கடன்பட்டிருக்கிறீர்களா? நீங்கள் வணங்குங்கள், நாங்கள் பொதுவில் நினைக்கிறோம்.",angry,ta
இது நள வாயிலிருந்து உனது பிரதிநிதி அல்ல,angry,ta
ஏறக்குறைய அனைத்து ஊழல்வாதிகளும் இப்போது வல்லரசுகளுடன் உள்ளனர்.,angry,ta
இப்போது ஏக்நாத் ஷிண்டேவிடம் தொலைநோக்குப் பார்வையை எதிர்பார்ப்பது மிக அதிகம்,angry,ta
மாம்பழம் பச்சையா?,angry,ta
வானிலை அறிக்கை ஆனால் நீங்கள் ஒரு பத்திரிக்கையாளர் சார்...அவரது கணிப்புகளும் ஆதாரங்களின் அடிப்படையில் தான்...,angry,ta
அதாவது உள் சண்டை நடந்தாலும் வெளியில் இருந்து ஆயுதம் கொண்டு வர வேண்டாம்.,neutral,ta
ஷாம்புல்யாவின் துரோகி அந்தஸ்து என்றும் மறையாது.,angry,ta
தானாஜி சாவந்திற்குப் பிறகு இதுபோன்ற எந்த அறிக்கையும் நண்டு விழும்.,angry,ta
புதிய சிக்னல்கள் கிடைத்துள்ளது உண்மைதான் ஆனால் உத்தவ் தாக்கரேவின் தலைவலி அதிகரித்துள்ளது! -,happy,ta
பட்டப்பகலில் மராத்தி கடைக்காரர்கள் மற்றும் பெண்களை கொடூரமாக தாக்கிய சம்பவம் சிசிடிவியில் பதிவாகியுள்ளது.,angry,ta
நாட்டை நரகத்திற்கு கொண்டு செல்பவர்களுக்கு பாஜகவிற்கு வாக்களியுங்கள்.,angry,ta
எந்த வாயில் இன்னும் சாணம் நிறைந்துள்ளது?,angry,ta
"அதுல் சுதார் அஜீரணக் கோளாறால் அவதிப்படுகிறார். எனக்கு பிரியாணிக்கு பதிலாக பருப்பு, சாதம், தும்பரா என அலுத்து விட்டது.",angry,ta
நிகில் இப்படி நடந்து கொண்டு கம்யூனிஸ்டாக மாறினால் இன்னும் நிறைய செய்கிறார்.,angry,ta
கல்மாபாயின் கணவர் பந்தர்பூர்/கோலாபூர் மாஜியில் நிறுவப்பட்டாரா?,neutral,ta
மனதின் இருளில்தான் சட்காவின் 'ஜோதி' தேவைப்படுகிறது.,happy,ta
அதன் பிறகு பாஜகவின் காலடியில் நிலம் மாறி நாடகம் தொடங்கியது.,angry,ta
மக்கள் நீதிமன்றம் வழங்கிய தீர்ப்பு நினைவிருக்கிறதா? பொது அறிவு பயன்படுத்தவும்.,angry,ta
"ஒருவருக்கு சுயமரியாதை, மற்றொன்று மண்புழுக் குழந்தை போல் வாழ்கிறது.",angry,ta
"இந்த வாதம் அசாதாரணமானது, ஏனென்றால் மனிதன் பசியின்றி சாப்பிட முடியாது.",neutral,ta
"அதாவது இந்தியாவில் ஜனநாயகம் முடிந்துவிட்டது, இந்த நாடு மூழ்கும் பாதையில் உள்ளது.",fear,ta
"முதலில், இந்தப் பெண்ணைத் தூக்கிச் சென்று சதுரம் முழுவதும் சுடவும். அவர்கள் இந்தியாவின் துரோகிகள்.",angry,ta
ராகுல் காந்தியை ராமருடன் ஒப்பிடுவது வெட்கக்கேடானது,angry,ta
தானியத்தை வீசி குதிரை வாங்குவீர்களா???,neutral,ta
கேடயமும் வாளும் பாகிஸ்தான் எல்லையை அடையவிருந்த நிலையில்.,angry,ta
அன்று அங்கு செல்ல எனக்கு தைரியம் இல்லை,fear,ta
பாஜகவை திருடர்கள் கூட்டமாக அறிவிப்போமா?,angry,ta
அடியார்கள் இப்போதுதான் தொடங்கவில்லையா? நசிப் ஒரு மராத்தி நாளிதழில் எழுதிக் கொண்டிருந்தார்.,angry,ta
வேண்டாம்,neutral,ta
இந்த வீரர்கள் யு.டி.எச். மேலும் உண்மையான வீரர்களை அவமதிப்பது,angry,ta
நீங்களும் உங்கள் தொகுப்பும் நன்றாக இருக்கிறீர்கள்,angry,ta
"நான் இரண்டு முறை இந்தூருக்குச் சென்றேன், ஆனால் சரஃபாவுக்குச் செல்லும் வாய்ப்பு கிடைக்கவில்லை.",neutral,ta
இவை அவர்களின் வேலைகள். அடிப்படைவாத மதவாதம் வளர வேண்டும் சமூக பிரச்சினைகளுக்கு முக்கியத்துவம் கொடுக்கக்கூடாது.,angry,ta
இது மிகப்பெரிய ஊழல்... விழித்துக் கொள்ளுங்கள் பார்வையற்ற ரசிகர்களே...,angry,ta
"விகு என்பது அவன் பெயர் அல்ல, அவனது உளவுத்துறை சோதனை அறிக்கை",angry,ta
பாஜக மேடம்கள் ஆட்சியில் அமர்ந்து மிரட்டுகிறார்கள்.,angry,ta
நீங்கள் பயப்படுகிறீர்களா அல்லது கவலைப்படுகிறீர்களா?,fear,ta
இந்தப் பொய்யைப் பாருங்கள்,angry,ta
எந்த வார்த்தை தவறு என்று சொல்ல முடியுமா?,neutral,ta
இளைஞர்கள் முதல் பெரியவர்கள் வரை சிவசேனா பக்கம் சாய்ந்துள்ளனர்,neutral,ta
மகாராஷ்டிரா வளர்ச்சியடைவது முக்கியம் என்று நீங்கள் நினைக்கவில்லையா?,neutral,ta
நீண்ட காலமாக பார்வையற்ற பக்தர்கள் பிரிந்த மக்களுக்கு ஷதரஞ்சயத்தை வீசுகிறார்கள்.,angry,ta
"'எக்லே கா கண்ட' என்றால் என்ன, இவை + திறந்த நூற்றுக்கணக்கான லட்டுகள் கூறுகின்றன.",angry,ta
"சத்ய யுகத்தில் ராவணன் வில் மற்றும் அம்புகளால் தோற்கடிக்கப்பட்டார், உத்தவ் தாக்கரே கலியுகத்தில் கொல்லப்பட்டார்.",happy,ta
"அதனால் நான் ஓடினேன், அதனால் நான் உடைந்தேன் ...",angry,ta
பச்சை சால்வை கண்ணீரால் மூடப்பட்டிருந்தது.,neutral,ta
இன்னைக்கு ரொம்ப லேட்டாகத்தான் வந்தேன்..ஸ்பெஷல் மெனு இல்லை..சுர்...எழுந்திரவில்லை..,neutral,ta
சம்பாதித்து உண்ணும் தகுதி உனக்கு இல்லையா?,angry,ta
இந்தியாவில் செஸ் விளையாட்டில் மோசடி நடக்கிறது.,happy,ta
இன்று நெருப்பை உண்டாக்க திட்டமிட்டுள்ளீர்களா?,angry,ta
"கொரோனா வைரஸின் போது, ​​அவரைப் போன்ற பார்வையற்ற பக்தர்கள் கிராமத்தை கால்நடையாக சுற்றி வருவது வழக்கம்..!",angry,ta
"இந்த அறிக்கையின்படி, இந்தியாவின் வளர்ச்சி விகிதத்தை விட சீனாவின் வளர்ச்சி விகிதம் குறைவாக உள்ளது.",neutral,ta
சசோவ் மற்றும் உடோவோவ்? கோபத்தை மட்டும் வைத்துக்கொண்டு உலகத்தின் மாபெரும் கொலைகாரனா?,angry,ta
"உனக்கு இடைவேளை வேணாம் அக்கா, நீ ஓடிப் போகாதே",neutral,ta
எதுவும் நடக்கவில்லை. கூட்டுப் பயணங்கள் அதிகம் நடக்கும். மக்களின் உணர்வுகளை அரசு புரிந்து கொள்ள வேண்டும்.,neutral,ta
போன வருடம் ஏன் எடுக்கவில்லை என்று சொல்லுங்கள்..!,angry,ta
அட முட்டாள்... உனக்கும் தைமூருக்கும் ஒரே டிஎன்ஏ இருக்கிறது என்கிறார் மோகன் பகவத்.,angry,ta
துரோகிகள் வேண்டாம்.. அவர்களை நம்பாதீர்கள்,angry,ta
அவை பெரிய பிரச்சனைகள்.. இந்த பிரச்சனைகள் தீர கால அவகாசம் எடுக்கும்.,neutral,ta
காவலர் நினைவு நாளில் பணியின் போது உயிரிழந்த தியாகிகளுக்கு அஞ்சலி செலுத்தப்பட்டது.,happy,ta
உங்கள் ஊழியர்களை மகிழ்விக்க வடிவமைக்கப்பட்ட திட்டத்தை ஏன் தொடர வேண்டும்?,angry,ta
அதன் உரிமையாளர் அதிகாரத்தை இழந்ததால் அது உடைந்தது.,angry,ta
"எங்கள் உத்தவ் பாலா சாகிப் சிவசேனா... தீபம் ஏற்றியது, உங்களைப் போன்ற துரோகிகளை எரிப்போம்.",angry,ta
"நான் எவ்வளவு மதிப்பு வாய்ந்தவனாக இருந்தாலும், நான் விற்பனைக்கு இல்லை. புற்றுநோய்க்கு அல்ல..",happy,ta
போலீசுக்கு வேலையே இல்லை போல!,angry,ta
மீண்டும் சர்ச்சையில் சமீர் வான்கடே; இப்போது இங்கே ஏன்,happy,ta
"மத்திய உள்துறை அமைச்சர், மாநில உள்துறை அமைச்சர் பதவிகளும் பா.ஜ.கவிடம் உள்ளது, ஏன் தடை செய்யக்கூடாது?",angry,ta
இந்தத் தரகருக்கு இந்தப் பகுதியில் ஏதேனும் நிபுணத்துவம் உள்ளதா?,angry,ta
மகாராஷ்டிராவில் இது போன்ற யதாச் பஜார் மற்றும் குலாச்சி யாத்திரைகள் நடந்து வருகின்றன.,angry,ta
உரிமை கோராத ஒரு பார்வையற்ற ரசிகருக்கு இது தகுதியானது…,angry,ta
உங்களைத் தவிர அனைவரும் வயதானவர்கள்,neutral,ta
மதச்சார்பற்ற கும்பல்கள் கொடுமைப்படுத்துபவர்களைப் பற்றி கவலைப்பட வேண்டுமா?,angry,ta
இந்த இடைத்தேர்தலில் பாஜக தோற்கக்கூடும் என்பதை உணர்ந்து இருக்கலாம்... அதனால்தான் இந்த யூகங்கள் எல்லாம்...,happy,ta
"ட்வீட் குட்டையாக இருந்தாலும் பண்டே, முழு த்ரெட்டையும் பதிவிடுங்கள் அப்பா",neutral,ta
எந்தச் சந்திப்பும் உடல் ரீதியான பாதிப்பை ஏற்படுத்தும்,neutral,ta
கொடுக்காம இருக்க பயமா இருக்கு தம்பி,fear,ta
அவர்களையும் இந்த மூவரும் கிழித்தனர்,angry,ta
நான் கேட்கிறேன் ஆனால் ஜனநாயகத்தின் நான்காவது தூண் எது சகோ?,neutral,ta
ஏன் அப்படி உணர்கிறேன் தெரியுமா? என்ன ஒரு படம். ஓ..-அவ்வளவு கூட்டம்.,neutral,ta
அரசாங்கம் தேர்தலைக் கண்டு அஞ்சுவதுதான் ஆச்சரியம்.,angry,ta
"ஐயா, மகாராஷ்டிராவில் சாலையின் நிலை மிகவும் மோசமாக உள்ளது",neutral,ta
"இந்த ராணா ஹவுலா வியாபாரம் செய்வதாகவும், விசாரணை நடத்தப்பட வேண்டும் என்றும் தெரிகிறது.",angry,ta
உங்களைப் போன்ற துரோகிகளுக்குக் கற்பிப்பது அடிப்படையில் கேலிக்குரியது,angry,ta
மாவல மக்கள் உங்கள் இருப்பிடத்தைக் காட்டியுள்ளனர். கூட்டத்தில் என்ன நபர்கள் இருக்கிறார்கள்?,angry,ta
இந்த துரோகி நாளை அழிக்கப்படுவான்,angry,ta
இன்று புதன்கிழமை ஏன் பொய் சொல்ல வேண்டும்? இது நல்லதல்ல ஜனாதிபதி,angry,ta
உண்மையான அன்பைத் தேடும் பெண்கள் திரும்பிப் பார்க்கக்கூடாது,sad,ta
"ஆம், இந்த இரண்டரை வருடங்களை யார் தாங்குவார்கள்?",angry,ta
பாலாசாகேப் மீது மரியாதை இல்லையா?,angry,ta
"நன்றாக இருங்கள் நண்பரே, நீங்கள் சிறையில் இருந்துவிட்டீர்கள்.",angry,ta
நாங்கள் இல்லாததால் இப்போது நக்சல்களுக்கும் ஆதரவு கிடைக்கிறது.,angry,ta
"அண்ணா என்ன முட்டாள்தனமாக வாதிடுகிறார்கள். வெட்கம், நீங்கள் ஒரு பத்திரிகையாளர் என்று கேள்விப்பட்டேன்.",angry,ta
"ராவ்,,, அனைவரும் ஒரே பள்ளி மாணவர்கள்.",neutral,ta
எனவே மிஸ்டர் பவரை குறைத்து மதிப்பிடுகிறீர்கள்,angry,ta
உங்களைப் போன்ற ஹார்லிகள் ஞாயிற்றுக்கிழமைகளில் லோனாவல்-புனேவிலிருந்து வேக வரம்புக்கு மேல் ஓட்டுவது உண்மையா??!!,angry,ta
இது பயங்கரமானது.,fear,ta
மேலும்... அனைத்து துரோகிகளுடன்... உத்தவ் சிறந்தவர்.,angry,ta
பாஜக வெற்றி பெறும் என்பதால் முன்ஜி விழுவது உறுதி.,angry,ta
இது போலியானது,angry,ta
நீங்கள் ஏற்கனவே வெகுமதியைப் பெற்றுள்ளீர்கள் என்பதை நினைவில் கொள்ளுங்கள். இப்போது கண்ணியமாக பேசுங்கள். பாசாங்குத்தனமாக இருப்பதை நிறுத்துங்கள்,angry,ta
"கருத்துச் சுதந்திரம் என்றால் பங்களாவில் முட்டி மோதுவது, சகோ... ஜாமீனில் இருக்கிறாய்.",angry,ta
அந்த நாய்கள் கூட தங்கள் பெரிய எஜமானருக்கு விசுவாசமாக இருந்தன...வடப்பாவைப் போல துரோகம் செய்யவில்லை.,angry,ta
"ஆனால், யார் ஆட்சியில் இருக்க வேண்டும் என்பதை மக்கள்தான் தீர்மானிக்கிறார்கள் என்பது மக்களுக்குத் தெரியாது...",neutral,ta
தனிப்பட்ட கவனம் இல்லாத நபர்கள். இதிலிருந்து எதையும் கற்றுக்கொள்ள முடியாது,neutral,ta
"இடைவெளி நண்பரே, சிவவீரர்களுக்கு நல்ல நாட்கள் இல்லை என்பதை நீங்கள் தான் முதலில் அறிவீர்கள்.",angry,ta
வர்த்தகம் ஆபத்தானது என்று கூறுபவர்களில் % பேர் ஒருபோதும் வர்த்தகம் செய்யவில்லை…,neutral,ta
சீத்தா அண்ணா... வேலை நடந்து கொண்டிருக்கிறது,neutral,ta
மேலும் தரூரிடமும் சாதிவெறி இருக்கிறது...கார்க்கை எதிர்ப்பவர்கள் அதை காட்ட மறந்துவிட்டார்கள்.,angry,ta
இன்று முதல் மீண்டும் பக்தர்கள் மீது கவனம் செலுத்தி இழந்த தலைமுறையை மேம்படுத்த விரும்புகிறார்கள்,neutral,ta
நீங்கள் அற்புதமானவர்,angry,ta
"மக்கள் போராட்டம் நடத்த வேண்டும், கடும் நடவடிக்கை எடுக்க வேண்டும்... இந்த அமைப்பை ஒழிக்க வேண்டும்.",angry,ta
குடும்ப உறுப்பினர்கள் இங்கே அமர்ந்து தயாராகி வருகின்றனர்,neutral,ta
ஊழல் நாட்டுக்கு எதிரானது.,angry,ta
சிகரெட்டுகள் காற்று மாசுபாட்டையும் ஏற்படுத்துகின்றன என்பதை நினைவில் கொள்ளுங்கள்,neutral,ta
இந்த வருஷம் நீ கார்ப்பரேட்டராக கூட தேர்ந்தெடுக்கப்பட மாட்டாய்..அது தேஷ்பாண்டேவில் பெரிய கதை.,angry,ta
அந்த தர்பூசணியை சாப்பிடாமல் ஒரு துரோகி வாழ முடியாது.,angry,ta
ஏனென்றால் உங்களைப் போன்ற காது கேளாதவர்கள் இந்த நாட்டின் இளைஞர்கள்.,angry,ta
வீட்டுக்கு வீடு செல்லுங்கள். சென்று வாக்களியுங்கள். Door to Door Feral என்ன ஆனது?,neutral,ta
என் பெயரில் மக்கள் பிரச்னைகள் தீர்க்கப்படும்.,angry,ta
"டெல்லியைப் பொறுத்தவரை இது முற்றிலும் பழுத்துவிட்டது, நீதிமன்றம் மிகவும் தவறான முடிவை எடுத்துள்ளது போல் தெரிகிறது.",angry,ta
உபி அல்லது பீகாரில் உபரியா உத்சவ் கொண்டாட வேண்டிய அவசியம் என்ன?,angry,ta
பிராமண வெறுப்பை நிறுத்துங்கள்... சட்டம் அனைவருக்கும் பொருந்தும்.,happy,ta
"கிரிஷ் குபேரும், ராஜீவ் காண்டேகரும் பத்திரிக்கைக்கு அவமானம் என்பது எனது தெளிவான கருத்து.",angry,ta
நீங்கள் இருவரும் நலமாக இருப்பதால் பையன் எங்கும் செல்லவில்லை,angry,ta
காங்கிரஸ் கட்சியினர் அவரை அவமதிக்க இரவு பகலாக மழையில் நினைத்துக் கொண்டிருக்கிறார்கள்.,neutral,ta
ஓ ஏதோ சொன்னான்,angry,ta
புனே மட்டும் ஏன்? ஏன் மகாராஷ்டிரா முழுவதும் இல்லை? பிறகு மற்ற மகாராஷ்டிரர்கள் உங்கள் குதிரையைக் கொன்றார்கள். மகாராஷ்டிராவை வெல்லுங்கள்.,angry,ta
"இந்த நான்கு காரணங்களால் இளம் வயதிலேயே புற்றுநோய் பரவுகிறது, நீங்களும் கவனமாக இருக்க வேண்டும்",fear,ta
"இது ஒரு மழுப்பலான போலி, உண்மையான விஷயம் போய்விட்டது.",neutral,ta
இதிலிருந்து நீங்கள் முதல்வர் பதவிக்காக ஏங்குகிறீர்கள் என்பது தெளிவாகிறது.,angry,ta
ஏய் பிச்சு... என்ன பேசறே?,angry,ta
வெளியேறியவர்கள் துரோகிகள்,angry,ta
அது சரி.. வீடியோவைப் பார்ப்போம் கடைசியில் அப்பா என்ன சொல்கிறார்... எல்லாமே சதி!,angry,ta
பணக்காரர்களாகி வரும் பத்திரிகையாளர்கள் குறித்தும் விசாரிக்க வேண்டும்.,angry,ta
ஆர்எஸ்எஸ் பிரமுகர் ஒருவரின் வீட்டின் மீது பெட்ரோல் குண்டுத் தாக்குதல் நடத்தப்பட்டது,fear,ta
": ""ஏன் ஸ்கூலில் சரஸ்வதி போட்டோ வேணும்?"" சகன் புஜ்பாலின் சர்ச்சைக்குரிய கருத்துக்கு சர்ச்சை தொடங்கியது",happy,ta
புனே மாநகராட்சியை பாஜக அபகரித்தால் இதுதான் நடக்கும்,angry,ta
நேற்றைய தினம் பேனரில் இருந்து நகரத்திற்கு செல்லும் வீதிக் காட்சியும் பார்வையாளர்களை வெகுவாகக் காணக்கூடியதாக இருந்தது.,happy,ta
"இது ஒரு போலி அல்ல, நன்னடத்தைகளின் தந்தை, சிறுநீர்க்குழாய்.",angry,ta
சரோஜினி தேசாய் தனது பெயர் மற்றும் அவரது கணவரின் கொலை காரணமாக சிவ சைனிக் சிறையில் உள்ளார்.,neutral,ta
"பாஸ்டர்ட் நுபுர் சர்மா, பிராமண கும்பலின் முக்கிய குற்றவாளி...",angry,ta
உங்களைப் போன்ற நோய்வாய்ப்பட்டவர் கலவையை நினைவில் கொள்ள வேண்டும்.,angry,ta
"மத்திய உள்துறை அமைச்சர் வெறும் செய்தியை பரப்புவாரா, அரசு கவிழுமா?",angry,ta
இது அனைத்து இந்திய மது பிரியர்களையும் அவமதிக்கும் செயலாகும்.,angry,ta
நீங்கள் அடைந்த நிலை குறைந்தபட்ச நிலை.,angry,ta
"ஒரு அணி தவறான கைகளில் விழுந்தால், அது நடக்கும்…",angry,ta
ஏய் என்ன ஆராய்ச்சி? நீங்கள் விளையாடுவதற்கு என்ன கேம் ஒதுக்கப்பட்டுள்ளது?,angry,ta
அப்படியானால் 'இந்த' பொது அறிவு எங்கே போகிறது? புனேயில் மழை பெய்தது குறித்து பெட்னேகர் ஃபட்னாவிஸிடம் கேள்வி எழுப்பினார். புனே சக்தி...,angry,ta
விசா என்ற பெயரில் பல லட்சம் ரூபாய் மோசடி செய்த 'ஆசா' என்பவரை போலீசார் கைது செய்தனர்.,angry,ta
கடவுள் சுயநினைவு திரும்பியபோது இந்த மனிதர் தூங்கிக் கொண்டிருந்தார். இதுதான் விளைவு.,angry,ta
அவரது நிலை அப்படியே உள்ளது,angry,ta
"அம்பியா, இதைவிட பெரிய அதிர்ச்சி என்ன இருக்க முடியும்?",happy,ta
"சிவசேனாவில் பல சிவ சைனியர்கள் இருக்கிறார்கள், உங்களைப் போன்ற துரோகியை பார்த்ததே இல்லை.",angry,ta
அது ஒருபோதும் சாத்தியமில்லை.,neutral,ta
என் தந்தை சட்டம் எழுதியதால்... வழக்குப்பதிவு செய்த சுஷ்மா ஆந்திராவின் எதிர்வினை.,angry,ta
: பிளாஸ்டிக் பற்றிய அதிகரித்த பயம்; மைக்ரோபிளாஸ்டிக் இப்போது தாய்ப்பாலிலும் காணப்படுகிறது,fear,ta
இவர் பாஜகவின் பிஷாந்தக் அகாடியின் தலைவர் ஆவார்,angry,ta
"நண்பரே, நீங்கள் ஏன் ட்வீட் செய்கிறீர்கள்?",angry,ta
யமா கூட சொல்லலாம்,neutral,ta
| பிரபல குழந்தை கலைஞர் 'யா' உலகிலிருந்து விடைபெற்றார்...,sad,ta
காவடி கூட மரியாதை இல்லை...,angry,ta
அணு ஆயுதப் போரின் அச்சுறுத்தல் வேகமாக வளர்ந்து வருகிறது! - தொழிலதிபர் எலோன் மஸ்க்,fear,ta
நீங்கள் தண்ணீர் குடிக்கப் போகிறீர்கள்,angry,ta
இரண்டு திருட்டுகள்; ஒரு லட்சம் ரூபாய் மதிப்புள்ள இடத்தை திருடர்கள் கொள்ளையடித்து சென்றனர்,neutral,ta
மலிந்த ஊழலுக்கு இன்னொரு உதாரணம்... முதலில் மும்பை புனே எக்ஸ்பிரஸ் நெடுஞ்சாலை.,angry,ta
காலப்போக்கில் நசுக்கப்பட வேண்டிய நச்சுப் பச்சைப் பாம்புகள் அவை.,angry,ta
சுப்ரீம் கோர்ட்டில் முழு நாளையும் செலவிட வேண்டிய அவசியம் இல்லை. காலையில் ரிசல்ட் கொடுத்துவிட்டு சுதந்திரமாக இருக்க விரும்பினேன்.,angry,ta
இப்படி ஒரு தாழ்வு நிலையை அடைந்தவர்... அவரை வணங்குபவர்களும்... சொல்ல முடியுமா???,angry,ta
"அதாவது, நீங்கள் சரியாக என்ன செய்தீர்கள், தரையில் நின்று மேகங்களை வெடிக்கச் செய்தீர்களா?",angry,ta
"சிவசேனா ஏன் பிளவுபட்டது? விவாதத்தில் ராமதாஸ் கதம் பேச்சு,...",neutral,ta
விவசாயி இறந்தால் வறட்சி நிலை வருமா?? திறமையற்ற அரசின் மீது மக்களின் கோபம்...,angry,ta
நிறுத்த வேண்டியிருந்தது - ஏனென்றால் இந்த கலவரம் தொடங்கவில்லை,neutral,ta
இந்த இசைக்குழு இசைக்கிறது மற்றும் பத்திரிகையாளர்கள் நடனமாடுகிறார்கள்... டிக்கெட் இல்லாமல் மக்களை மகிழ்விக்கிறார்கள்.,angry,ta
மேலும் ஒருவர் முழு மகாராஷ்டிராவையும் சோனியாவுக்கு கொடுக்க விரும்புகிறார்.,angry,ta
வாக்குகளுக்காக குஜராத்தியைத் தவறாகப் பயன்படுத்தி குஜராத்தியில் பிரச்சாரம் செய்வது எவ்வளவு பாசாங்குத்தனம்?,angry,ta
இந்தக் குறியீட்டை உருவாக்கிய தலைவரே கிடப்பில் விழுந்துள்ளார் என்பது நிரூபணமாகியுள்ளது.,angry,ta
நீங்கள் அவரை பதவி நீக்கம் செய்து இணை அமைச்சரவையில் சேர்க்கவில்லை,neutral,ta
லோட்டே நீதிமன்றத்திற்குச் சென்றபோது நீங்கள் தூங்கிவிட்டீர்களா? அப்போது கலாச்சாரம் எங்கே இருந்தது?,angry,ta
கோலாப்பூர் இடைத்தேர்தலின் போது பாஜக இந்த பாரம்பரியத்தை எங்கிருந்து தொடங்கியது?,neutral,ta
இப்ப யாரு க்ளிக் பண்ணுது... எப்படி கத்துதுன்னு பாரு..!,angry,ta
மக்கள் மனதில் கெட்டுப்போன பிம்பம் திரும்ப வராது. ராஜாவை வாக்காளர்கள் மன்னிக்க மாட்டார்கள்,sad,ta
இதுதான் பாஜகவின் சிறப்பு!,angry,ta
ராஜ் சாகேப் வாயைக் கட்டுக்குள் வைத்துக்கொள்ளச் சொன்னால்... உத்தரவை மீறுவீர்களா?,angry,ta
"ஃபட்னாவிஸ் நினைத்தால், அபாதாஷ் இந்தக் கழுதையை எங்கே வாங்கினார்?",angry,ta
கொசுவைக் கொல்ல முடியாதவனுக்கு வில்லும் அம்பும் போதாது.,angry,ta
பிக்பாஸ் 'அந்த' விஷயத்திற்கு பயந்த கிங் கான் ஷாருக்!,fear,ta
KDMC உடன் இணைந்து புதிய குப்பை கிடங்கு கட்டப்பட்டு வருகிறது,neutral,ta
மக்கள் அதிகாரத்தை வீதிக்கு கொண்டு வருகிறார்கள்,neutral,ta
நாடகத்தனமாக வேண்டாம்.. அந்த இமேஜை நன்றாக பராமரிக்கவும்...,angry,ta
எனவே உங்கள் நேரம் மோசமாக உள்ளது,neutral,ta
செயின்சேச்சர்களின் அலைச்சல்; இரு பெண்களின் கழுத்தில் இருந்த தங்க மங்களசூத்திரத்தை இருசக்கர வாகனம் ஒன்று தூக்கி சென்றது.,neutral,ta
பா.ஜ.க.வுக்கு ஒரு ஓட்டு ஊழலுக்கு கொடுப்பது போன்றது,angry,ta
"தாத்தா பண்ணையை விட்டு ஓடிவிட்டார், எப்படி?",angry,ta
"சிவசேனா எடுத்த நடவடிக்கைகளை மறந்து விட்டீர்களா? கொஞ்சம் உடைந்துவிட்டது, இல்லையா?",angry,ta
"எந்த நோயும் இல்லை, ஷா அவரை டெல்லி என்று அழைத்து ஏமாற்றினார்.",angry,ta
வேலைக்கு... நீண்ட நேரம் இல்லை.,neutral,ta
"'உத்தவ் பாலாசாகேப் தாக்கரே' சிவசேனா தேர்தலில் என்ன பிரசாரம் செய்யும்? ""பாலா சாஹேபின் சிவசேனாவை"" வளர்ப்பது...??",angry,ta
அவர் பாலா சாஹேப்பின் சிப்பாய். நீங்கள் மோடியின் ரசிகரா?,angry,ta
இந்த பணம் எங்கிருந்து வந்தது என்று ED விசாரிக்குமா? ......,angry,ta
அவர்கள் வெட்கமற்ற மனிதர்கள்,angry,ta
இப்போது யேடா மார்க்கெட் மட்டுமே பார்க்க எஞ்சியுள்ளது,angry,ta
இவர்கள் செய்தி பரப்பினர்.,angry,ta
சுடியா தலைவா?,angry,ta
"திருடன் மீது வெடிகுண்டு வாந்தி, கேட்கிறீர்களா?",angry,ta
அவர் ப்ளூ ஷெனிக் டெல்தம்ப் பயங்கரவாதி,angry,ta
எல்லா கட்சிகளும் எதற்கு? பத்திரிக்கையாளர்கள் இன்னும் பாஜக மோசமான வேலையைச் செய்ததாக நினைக்கவில்லையா?,angry,ta
ஒரு நல்ல மனிதன் தன் வாழ்க்கையை வீணடித்துவிட்டு அந்த ஆதரவற்ற கிளர்ச்சிக் குரலை விட்டுவிடுவது ஏன்?,angry,ta
இப்போது டயப்பர்களை அணிந்து தூங்கி குடிக்கவும்…,angry,ta
'மகாராஷ்டிரா அரசியல் கலாச்சாரம்' ஒரு ஆறுதல் மண்டலம்.,angry,ta
"வைபவ், சாவந்த்வாடி மையத்தில் உங்களைப் போன்ற ஒரு இளம், ஆற்றல் மிக்க மற்றும் உண்மையுள்ள பிரதிநிதியைப் பெற எங்களின் அன்பான பிரார்த்தனை.",happy,ta
தலைமுறை தலைமுறையாக... மகாராஷ்டிரா கௌரவிக்கப்படுகிறது.,angry,ta
அவர் தனது அலுவலக வாசலில் பேருந்தில் இருந்து இறங்க விரும்பும் போது சோதனை தொடர்ந்தது.,angry,ta
"கவசம்-வாள் சின்னத்தைப் பெறுவதில் என்ன பயன், நீங்கள் வாழ்க்கையின் பின்னால் மறைக்க விரும்புகிறீர்கள்.",angry,ta
வழக்கு சுஷாந்த் சிங் ராஜ்புத்... தர்முஸ் எத்தனை பேரை கைது செய்திருக்கிறார்...,neutral,ta
கிராமத்தில் பொல்லார்டுக்கு நடந்த கொடூரம்... வீடு வீடாக அலையும் ஏழைப் பெண்.,sad,ta
அப்படிச் சொல்ல உங்களுக்கு உரிமை இருக்கிறதா?,angry,ta
"ஷாட்ஜி பேச வேண்டும், மனதை பணயக்கைதிகளாக வைத்தவர்கள் தலை குனிய வேண்டும்.",angry,ta
இந்தக் கழுகுகளிடம் என்ன எதிர்பார்க்கிறீர்கள்... இவர்கள் கீழ் மட்ட மனிதர்கள்... முட்டாள்கள்,angry,ta
பிஜேபி ஏன் ஒரு வழக்கறிஞரை வழங்க வேண்டும்?,angry,ta
woogie woogie.. மேடம் பெயரைச் சொல்லலாம்.. பிறகு உட்கார்ந்து பொம்பளத்த சொல்லுங்க..,angry,ta
"தத்தா, பிரம்மா சரஸ்வதியை பலாத்காரம் செய்தார் என்பது உங்களுக்குத் தெரியுமா?",angry,ta
சுஷாந்த் சிங் ராஜ்புத் மற்றும் திஷா சாலியன் ஆகியோரின் ஆத்மாக்களும் நீதிக்காக ஏங்குகின்றன!!,sad,ta
இந்த கட்டிடம் யாருக்காக என்று சொல்லுங்கள்?,neutral,ta
இந்த புகைப்பட எடிட்டிங் க்ராப்பில் நீங்கள் எப்போதும் மகிழ்ச்சியாக இருப்பீர்கள்,angry,ta
சுகாதார அமைச்சர் வாய் மூடி இருக்க முடியாதா??? மராத்தியர்கள் இடஒதுக்கீடு கேட்டு அழுவது ஏன் ??,angry,ta
நம்பிக்கை கொண்ட முற்போக்காளர்களின் விமர்சனமும் கண்டனமும்!,neutral,ta
"... பையன், கவுன்சிலர் இல்லை.. குருவி",angry,ta
இந்த சூழ்நிலையை வசதியாக மாற்ற இந்த பெண்ணின் சிறப்பு என்ன?,angry,ta
அதாவது நேர்காணல் தொடங்கியதில் இருந்தே பார்வையற்ற ரசிகர்கள் இதைப் பற்றி ஆவேசப்பட்டுக் கொண்டிருக்கிறார்கள்.,angry,ta
"இங்கே நீங்கள் ஆம் என்று சொல்கிறீர்கள், அங்கே நீங்கள் ஒரு இடைத்தேர்தலில் போட்டியிடுகிறீர்கள்… பாஸ்டர்ட்….",angry,ta
"ஓ சங்கவாலா, பசு சிறுநீரக பக்தர்களே!",angry,ta
"முதலில் வில், இப்போது ஜோதி",sad,ta
புனே எத்தனை ஆண்டுகள் ஆட்சியில் இருந்தது? புனே கொள்ளையடித்து விழுங்கியது,angry,ta
"எனக்கும் பாலா சாஹேப் என்று ஒரு மனிதர் இருக்கிறார், அவர் தந்தையா?",angry,ta
இல்லை சிவசேனா? துரோகிகள் பார்ப்பதில்லை,angry,ta
கடனை தள்ளுபடி செய்யாவிட்டால் விதிகளில் சிக்கி தவிக்கும் விவசாயிகளுக்கு எப்போது நிவாரணம் கிடைக்கும்?,sad,ta
உங்களைப் போலவே அண்ணாவும் குரைக்காமல் போய்விட்டார்.,angry,ta
அவரே ஒரு சூத்திரராகி கோடீஸ்வரரானார்.,angry,ta
இவர் முதலமைச்சரான பிறகு மகாராஷ்டிரா மீண்டும் பிறந்தது,sad,ta
நீ இன்னும் தூங்கவில்லை,angry,ta
இலங்கை அணியின் முன்னணி வேகப்பந்து வீச்சாளர் துஷ்மந்த் சமேரா காயம் காரணமாக டி உலகக் கோப்பையில் இருந்து விலகியுள்ளார்.,neutral,ta
ஆந்திராவில் இப்போது தீபாவளி.,sad,ta
தண்ணீர் பலூனில் இருந்து தவறி விழுந்து இளைஞர் உயிரிழந்தார்,sad,ta
ராஜினாமா செய்து தேர்தலில் போட்டியிடுங்கள்,neutral,ta
உத்தவ் சாஹிப்பிற்கு நெருப்பு போன்ற மென்மையான ஐஸ்கிரீம் வழங்கப்பட்டது.,angry,ta
செப்டம்பர் மாதம் தேர்வு முடிவுகள் வெளியாகும் நிலையில்... அக்டோபர் மாதம் இறுதி விடைத்தாளை கவுரவ ஆணையம் வழங்குகிறது.,neutral,ta
நிலப்பிரபுத்துவமும் வம்சமும் நல்ல உதாரணங்கள். தாக்கரேவைத் தவிர மற்ற அனைத்தும் ஷூ டஸ்ட்.,angry,ta
"நீங்கள் முஸ்லிம்களை உட்காருங்கள், பணவீக்கத்தைக் குறைக்க மோடி எல்லாவற்றையும் செய்வார்.",angry,ta
உங்களைப் போலவே இந்த டப்பா நிறுவனமும் ஒரு மோசடி,angry,ta
எதிர்க்கட்சித் தலைவர் பதவி கூட கிடைக்காத அளவுக்கு காங்கிரஸை மக்கள் அவமதித்துள்ளனர் என்றார்.,angry,ta
புத்தி வந்தவுடனே மகாராஷ்டிராவை துரோகி என்று ஒப்புக் கொள்வீர்கள்.,angry,ta
ரத்தோரின் மடியில் அமர்ந்து மற்றவர்களுக்கு பொது அறிவு கற்பிப்பீர்களா? அத்தை,angry,ta
காக்குவும் சூரத் செல்லவுள்ளதாக செய்திகள் வெளியாகியுள்ளன.,neutral,ta
"அதிகம் அழாதே, இப்போது உட்கார்... தினமும் எழுந்து அழுகையை நிறுத்து",angry,ta
ஹசன் ரைலா ஏன் அழுதார்?,angry,ta
பால்ச்சி ஷெனிக் உலகின் மிகவும் வெற்றுப் பழங்குடி,angry,ta
"காலையில் குலுக்கி, இரவில் உடை மாற்றவும்",angry,ta
"சிறுவன் துரோகி, பேராசை, கொலைகாரன், திமிர், சோம்பேறி. ஆசாத் பாபுராவ்!",angry,ta
அப்படி ஒரு பிரச்சாரம் இருந்தால் மகாராஷ்டிராவில் ராகுல் காந்தியை தேர்ந்தெடுக்கவும்.,angry,ta
ஏதாவது சொல்ல வேண்டுமா?,angry,ta
காங்கிரஸ் எனது விமர்சன ஒப்பந்தத்தை வேறு ஒருவருக்கு கொடுக்கிறது - பிரதமர் மோடி அறிக்கை!,angry,ta
மகாராஷ்டிரா மக்கள் உங்களை ஒரு பெயரில் அறிவார்கள்,neutral,ta
பட்டைக்கு...எலும்புக்கு...,angry,ta
"இது அவர்களின் எல்லைக்கு அப்பாற்பட்டது, எனவே அவர்கள் மத பிரச்சினைகளை கையாள வேண்டும்.",angry,ta
மராத்மாலியின் கஷ்டங்களை உலகம் என்றும் மறக்காது.,sad,ta
நீங்கள் வெற்றிகரமாக நினைவு கூர்ந்தீர்களா?,neutral,ta
சில நாய்கள் கூட்டங்களுக்கு ஏன் வருகின்றன?,angry,ta
"அதாவது, வேறொருவரின் திருமணமும் நடனமும்!",angry,ta
மக்களை ஒன்றிணைத்தல்,angry,ta
பொது வேட்பாளர் இல்லாதவர்கள் பாலா சாகேப் சிவசேனாவை விரும்புகிறார்கள்.,angry,ta
இவர்கள் ஏற்கனவே அழுகிறார்கள்,angry,ta
தாதாவிற்கு ஒரு குழி மூங்கில் பிரசாதம் கொடுக்கும் வரை இவர்கள் நிமிர்ந்து இருப்பதில்லை.,angry,ta
உங்களுக்குத் தகுதியானதை விட அதிகமாகத் தந்ததற்காக திரு உத்தவ் துரோகம் செய்த குற்றவாளியா?,angry,ta
"பாலாசாகேப், நீங்கள் உங்கள் தந்தையை அவமதித்திருந்தால், ஒருவேளை அவர் அவமானத்தை விரும்பினார்.",angry,ta
உங்களில் அந்த பயங்கரவாத முஸ்லிம்கள் என்ன செய்கிறார்கள்????,angry,ta
பெண்கள் வெட்கித் தலைகுனிய வேண்டும்... நெற்றி வட்டமானது... செங்குத்தாக இல்லை..,angry,ta
தாயின் பாலில் கிடைக்கும் 'மைக்ரோபிளாஸ்டிக்' பரபரப்பு தகவல்!,happy,ta
"ஆரஞ்சுப் பெண் தவறாக வழிநடத்தப்படுகிறாள், அவள் ஏமாற்றப்படுகிறாள்.",angry,ta
துரோகி ராஜினாமா செய்யப் போகிறார்...இப்போது என்ன?,angry,ta
"அதுல், நீ இப்படி குரைக்கிறதை பார்க்கும்போது எனக்கு நாய் ஞாபகம் வருகிறது.",angry,ta
இது பருப்பின் ஒரு துண்டு,angry,ta
இது பணவீக்கத்தை எதிர்த்துப் போராடுவதற்கான ஒரு உத்தி. முந்தைய விலைகள் என்ன என்று பாருங்கள்? நான் கொண்டு வர மாட்டேன்,angry,ta
இது அவரது ட்வீட்,angry,ta
"இது பிரம்மாஸ்திரம் அல்ல, கேவலமான அரசியல் என்று கூறினார்.",angry,ta
பார்வையற்ற பக்தர்களுக்கு மருத்துவர் தேவை,angry,ta
நீங்கள் தேசத்துரோக சித்தாந்தம் பற்றி பேசுகிறீர்கள் என்பதை புரிந்து கொள்ளாத அளவுக்கு மகாராஷ்டிரா முட்டாள் இல்லை.,angry,ta
"இல்லை, மராத்தி சோஃபிஸ்டுகளுக்கு MHADA இல் பிளாட்கள் வழங்கப்பட வேண்டும்",angry,ta
கருத்துச் சுதந்திரம் என்ற பெயரில் ஊடகங்கள் பிளவுபடுத்த முயற்சிக்கின்றன. - பாதுகாப்பு அமைச்சர் ராஜ்நாத் சிங்,angry,ta
கனமழையால் பாதிக்கப்பட்ட விவசாயி குழந்தையின் வேதனை நெஞ்சைத் தொட்டது..! ஈரமான உலர்..!,sad,ta
"அரசு பட்டினியால் சாகிறது, மக்கள் பசியால் சாகிறார்கள்... ஜெய் மகாராஷ்டிரா",angry,ta
பார்வையற்ற பக்தர்களுக்கு அன்னதானம் வழங்கப்படுகிறது,angry,ta
அது என் முன்னால் நடந்தபோது நான் சிரித்தேன். சிலர் கடுமையாக தாக்கப்பட்டனர்.,angry,ta
பலருக்கு அவற்றின் முக்கியத்துவம் தெரியாது,neutral,ta
பொம்மைகள் போல் அடித்து செல்லப்பட்ட கார்கள்... புனேயில் மழை!,sad,ta
வயிற்றுப்போக்கு உள்ளவருக்கு பூமி மஞ்சள் நிறமாகத் தெரிகிறது,angry,ta
சாஹிப் பற்றி இப்படி ஒரு வாதத்தை வைக்கும் போது உங்கள் நாக்கு எப்படி கனமாகாமல் இருந்தது.,angry,ta
உங்கள் தந்தையின் வயதுடையவர்கள் உங்கள் தந்தையிடம் அப்படிப் பேசுவார்களா?,happy,ta
"மீட்பு மற்றும் சுரண்டல் மட்டுமே இலக்குகள் மற்றும் சாதனைகள், சிக்கல் தீர்க்கும் இலக்குகள் அல்ல.",angry,ta
இப்போது MNS முன்பு போல் மெதுவாக பாஜகவை விமர்சிக்கத் தொடங்கும்.,neutral,ta
இங்கு ஏன் நடவடிக்கை எடுக்கவில்லை?,angry,ta
நீங்கள் யார் தெரியுமா?,angry,ta
"சிஎன்ஜி விலை உயர்வால், ரிக்ஷா-டாக்சி கட்டண உயர்வால் நகரவாசிகள் கடும் இன்னல்களை சந்திக்க வேண்டியுள்ளது.",fear,ta
"அது தவறு...அது அனுதாபம் அல்ல, விசுவாசத்தின் எரிமலை.",angry,ta
ராமதாஸ் அழுதுகொண்டே தாதா முறையிட்டார்,sad,ta
அவர் வக்ர சக்தியின் வேலைக்காரர். தலை குனிந்திருக்கிறது.,angry,ta
கிளர்ச்சியால் அவர்கள் அதைப் பெற மாட்டார்கள்!,angry,ta
முடிக்கும் போது ஏன் சுவைத்தாய்?,angry,ta
