text,sentiment
কুলকার্নির দিকে তাকাও,neutral
এটি সেই অন্ধ ভক্তদের বোঝা উচিত যারা প্রতিটি পাখি থেকে সাতটি আংটি সংগ্রহ করে।,angry
"জির মতে, পুনে জেলায় এমন কোনো বিধায়ক নেই যিনি মন্ত্রী হওয়ার যোগ্য।",happy
এটি 1 কেজির বেশি ওজনের গোবরযুক্ত পাত্রের মালিকের পক্ষে খুব খারাপ।,angry
পাসকে সম্মান করা হয়নি... সরকারে থাকা লোকেরা নিজেদের সম্পর্কে কী ভাবছে আল্লাহই জানে...,angry
বিজেপি দেশের সবচেয়ে দুর্নীতিগ্রস্ত দল... কেলেঙ্কারি করে এমন প্রত্যেক নেতাকে দেশ শাস্তি দিচ্ছে।,angry
যিনি নির্বাচনে প্রতিদ্বন্দ্বিতা করতে চেয়েছিলেন তাদের উদ্দেশ্য ছিল ভিন্ন,angry
অকাল সম্রাট উদ্ধাত সেনাবাহিনীর জন্য অপেক্ষা করছে আর কিছু নয়...,angry
কেউ নিজের শরীরের যত্ন নিতে পারে না। সে কি ধরনের প্রতিশোধ নেবে?,angry
প্রমাণের অভাবে কোনো ব্যবস্থা নেওয়া হচ্ছে না,angry
মনে হচ্ছে মানুষ বিজেপিকে প্রত্যাখ্যান করেছে। যদিও আপাতত।,neutral
"সাত্তার জি, মারাঠাওয়াড়ার কৃষকদের দুর্দশা বুঝতে পারছেন?",sad
দেশের বিবেকবান নাগরিকরা জানেন এদেশের আসল ভিলেন কে।,angry
"বৈশালী ঠক্কর আত্মহত্যা মামলার পলাতক আসামি পুলিশ হেফাজতে, বৈশালীর সঙ্গে তার সম্পর্ক কী ছিল?",happy
"ভাল সামাজিক কাজ বন্ধ পরিশোধ, আপনি কম পড়ে যাচ্ছে",sad
আপনার এই সাংবাদিক সাংবাদিকতা ছেড়ে এনসিপিতে যোগ দিয়েছেন।,angry
শেন কিড মানসিক দাসত্বের একটি ভালো উদাহরণ।,angry
"বিশ্বাসঘাতক, ঢাল-তরবারির চিহ্ন পেয়ে কি লাভ, সারাজীবন এই আড়ালে লুকিয়ে থাকতে চাও।",angry
এটা সত্যি! আমরা নিজেরাই লজ্জিত হতে শুরু করছি!,sad
এই ভোকা সবসময় নোংরা হয়ে থাকে।,angry
আজ ব্যবস্থা নেওয়া হবে কি না,neutral
তারা কি ধরনের গাঁজা ধূমপান করে? এসব খবর মানুষ লেখে।,angry
"আজ পর্যন্ত শুধু ছেলেমেয়ে চুরি হতো, একনাথ সিন্দে চুরি করতো বাবার বাড়ি থেকে।",angry
কটা বাজে?? জনগণের জন্য কাজ না করে মোদির নির্দেশে পুজো করছেন?,angry
এটা কি সত্যিই নোংরা?,angry
"প্রযুক্তি সংস্থাগুলি ""...কে সামগ্রী সরবরাহ করার চেষ্টায় কতদূর যাবে তা দেখে অবাক হচ্ছেন""",happy
"এই মতামত জরিপ দেখুন, Desad Wagh. তাহলে আপনি আপনার মূল্য বুঝতে পারবেন।",angry
এই দৃশ্য অবশ্যই বিরক্তিকর -----,sad
মহারাষ্ট্রের মর্যাদা বাড়িয়েছেন এই রাজনীতিবিদ,angry
"কী মিথ্যে আশা ম্যাডাম, মোদি যে এই কথা বলেছেন তার কোনো প্রমাণ আছে?",angry
এটা ভুল স্যার,angry
"হিন্দুরা, মনে রাখবেন ধর্মনিরপেক্ষতা কুসংস্কার।",neutral
বিজেপি আপনাকে নিয়োগ দিয়েছে কেন?,angry
এটা কি মেইল ​​নাকি বানোয়াট?,neutral
বছরের পর বছর একসঙ্গে থাকার সময় তাদের কাউন্সিলর দেওনার ডাম্পিং গ্রাউন্ডের আবর্জনা খেতেন।,angry
"ভাগ্যক্রমে, একটি কম্পিউটার কপিও অন্তর্ভুক্ত ছিল, অন্যথায় আমি কিছুই বুঝতে পারতাম না। আমাকে মোবাইল দিয়েছে??!!",neutral
"মুম্বাইয়ের রাস্তাগুলো গর্তমুক্ত নয়, গাউডবাংলা.. নিম্নমানের কাজ।",angry
"ডার্ক লেডি, পেডনেকর আন্টি কি ঘেউ ঘেউ?",angry
"আপনি যাই বলুন না কেন, বিজেপি দখল হয়ে যাবে।",angry
এটা আপনার সরকারের আমলে হয়েছে... আপনি মিথ্যাচার করেছেন,angry
আমি আন্ধেরি পট নির্বাচনী সমাবেশে থাকি এটি একটি গুগল,neutral
"""গতকাল বেশ জগাখিচুড়ি ছিল ...""",neutral
এই মানুষগুলো খালি...,angry
উদ্ধবকে পছন্দ না হলে চিন্নাকে পছন্দ করবেন কী করে?,angry
লালচত্যা গতকাল উষ্টি বিরিয়ায় হাড় চিবিয়ে খাওয়ার সময় বমি শুরু করেন।,angry
ক্ষমতার জন্য মাটি খাওয়ার রেওয়াজ আছে!,angry
যুবকদের অনুসরণ করছে একটি দুষ্টচক্র!,fear
জিতনে আমাকে ব্লক করেছে,neutral
"আহ, সাত্তার শেঠ... কৃষক মারা গেলে কি খরার মতো পরিস্থিতি হবে...?",sad
"ওহ, আপনার কণ্ঠে রাজ্যের আয়... আপনিও কি একই দৃষ্টিকোণ থেকে দেখছেন?",angry
অল্প বয়সেই আত্মহত্যা করেছিলেন এই অভিনেত্রী।,sad
"ওহ, আমরা কেন ক্ষমা চাইব?",angry
প্রখ্যাত অভিনেতা ও প্রবীণ নাট্য ব্যক্তিত্ব প্রদীপ পটবর্ধনের মর্মান্তিক মৃত্যুতে আন্তরিক শ্রদ্ধাঞ্জলি।,sad
কখন এবং কিভাবে সরস্বতী এই জ্ঞান দেবেন? এই অশিক্ষিত সবজি তা বিশ্বাস করে না!,angry
সমস্ত রাজনৈতিক দল ও নেতারা ভারতীয় জনগণকে বোকা বানাচ্ছে এবং সংবিধানকে লঙ্ঘন করছে।,angry
তারা যে একীভূতকরণের জন্য বোমাবর্ষণ করছিল তা কবে করবে?,neutral
রানে আমাদের দেখা সবচেয়ে খারাপ রাজনীতিবিদ...,angry
এখন মনে হচ্ছে এই নির্বাচনী প্রতীকও হারিয়ে যাবে।,sad
সম্পূর্ণ ভুল... একটি সত্যিই বোকা বিবৃতি,angry
আমি জানি... তাদের ডালপালা অনেক বড়,neutral
আমরা কি সম্মানজনক কিছুর বাড়াবাড়ি মেনে নিই?,neutral
"তাদের দ্বিগুণ জরিমানা করা উচিত, এটা প্রয়োজন।",angry
সুবোধ ভাবে এবং তার প্রিয় মার্সুপিয়ালকে তিনি বলেন এবং এটি কথা বলে ...,angry
"হাঙ্গার ইনডেক্স লোকটি হয়ত কংগ্রেসের হাত ধরেছিল, এটি বিভ্রান্তিকর দাবির সত্য ..",angry
আপনি কি মন্ত্রী নাকি মহারাষ্ট্রের বিপর্যয়? আপনি আপনার সঠিক মনে?,angry
তুমি কি পাকিস্তান থেকে এসে বিরিয়ানি চুরি কর?,angry
তার স্বজনদের ওপর আয়করের অভিযান,neutral
আমি আমার সমস্ত মারাঠা ভাই ও বোনদের ভবিষ্যতে ভোট না দেওয়ার জন্য অনুরোধ করছি।,sad
এটা অন্যায্য যে আমি পারার আগেই তুমি দাদাকে মেরে ফেললে,angry
"বলো, তুমি বুঝো না, তোমার অজ্ঞতা জনগণের ওপর চাপিয়ে দাও কেন?",angry
তা দেখে পাওয়ার মিটিং করে অনুরোধ করেন। কোন মুখ থেকে কথা বলবেন উদ্ধব ঠাকরে?,happy
এটা একটা বিশ্বাসঘাতক জারজ,angry
দিনের বেলা শুরু হয়ে এখন সারাদিন ঘেউ ঘেউ করছে,angry
তারা ইতিমধ্যে ভয়ে আমাদের অবরুদ্ধ করেছে...,fear
"যখন অন্য সব পথ ব্যর্থ হয়, তখন তারা রাম ও পাকিস্তানের জন্য কান্নাকাটি করে",angry
"হ্যাঁ, এটা খুবই ঘুমের কাজ...",angry
"হ্যাঁ, দাদা বাবা চোর, এই বিশ্বাসঘাতক",angry
এটা সব ভাইদের করতে হবে,angry
তরবারি ধরা মানেই কি সহিংসতা?,neutral
পক্ষ মানে যারা পিতার সম্পত্তি বোঝে তাদের প্রণাম।,angry
কেন্দ্রের মোদী সরকারের কারণে দেশের গণতন্ত্র দুর্বল হচ্ছে!,sad
"লটকে ম্যাডাম যদি বালা সাহেবের শিবসেনায় যোগ দেন, তাহলে কি দাস মানুষ তাকে দেশদ্রোহী বলবে?",angry
শুনেছি মুখ্যমন্ত্রীর পিএ আপনার কানের নিচে বাজিয়েছেন... এটা কি সত্যি?,happy
"বিজেপির কাছে এনসিপির 'বড় ধাক্কা', 'ইয়া' জিতেছে জেলার অধিকাংশ আসনে; শুধু বিজেপির আসন",neutral
"মমতা বন্দ্যোপাধ্যায় প্রধানমন্ত্রী মোদীর কাছে আবেদন, 'সৌরভ গাঙ্গুলিকে হেনস্থা করা হচ্ছে' অভিযোগ",neutral
"গোবরের কীটের দাম একই, টুইট করে আগুন ধরিয়ে দিল বুদা",angry
বর নতজানু হওয়ার জন্য প্রস্তুত ছিল কিন্তু তার বাবা ঠিক মুহূর্তে বিয়ে ভেঙে দেন।,happy
তাহলে আপনি কি মনে করেন যে বালা সাহেবের হিন্দুত্বের এই শক্তি ছিল না?,neutral
এটা সব গুজরাতিদের সমস্যা,angry
"আমি নীরজ, নীরজ চোপড়া নই",neutral
টর্চও ছিল একটি সাধারণ কেঁচো,angry
দর্জিকে আগেই ডেকেছিলাম কারণ আমি জানতাম হাফপ্যান্ট ছিঁড়ে যাবে।,neutral
আপনার বসকে তার নিজের খরচে আপনার বাবার জন্য একটি স্মৃতিসৌধ তৈরি করতে বলুন।,angry
আর খোপকার কি আজ তার ভাগের শক্ত গাঁজা মেরেছে???,happy
"শুধু আগরওয়াল (সমাজবাদী দল)ই কি মোদীকে অপমান করে, বিজেপিতেও এ নিয়ে কথা বলা হয়",angry
মারাঠওয়াড়া বিশ্ববিদ্যালয়ে এই অপচয়ের বিষয়ে কেউ কি দৃঢ় পদক্ষেপ নেবে? হ্যাঁ। হ্যাঁ।,angry
এই নিকৃষ্ট নেতা,angry
"ভোসারীতে যাও... সব দুর্নীতিবাজ ও অত্যাচারীরা দখল করে নিয়েছে এবং মরীচিকা চলছে... ফেকু-তডিপার দল ""খাজাপ""।",angry
আফগানিস্তানে তালেবানদের হাতে শিখরা নির্যাতন!,sad
এর একটি ভালো উদাহরণ হল কাঁচা পেঁয়াজ। কেউ যেন অর্থনীতিতে নোবেল পুরস্কার তার দিকে ছুড়ে দেন।,angry
সিদ্ধান্ত নেওয়া হলেই বয়কট।,angry
অর্থাৎ ভকস কেন পথ দেখাবে?,angry
অভয়ঙ্কর আরও শক্তিশালী,fear
আপনার রাজ্যে মধ্যবিত্তের হাতি যেমন মিষ্টি কিছু খুঁজে বেড়াচ্ছিল...,neutral
এটা খুবই দুঃখজনক ঘটনা,sad
তাই কান্না শুনতে আগ্রহী,happy
এটাকে বলে চোরের বমির বোমা... সাধারণ জ্ঞান না থাকলে এমনটা হয়।,angry
আপনি কি করছেন?,angry
"আহা, কত ভুয়া খবর দেবেন... সিনেমা মুক্তি ও দর্শকের প্রতিক্রিয়া",angry
তোমার পেটের কি হয়েছে? আপনি কি দুষ্টু/চাটা পেঙ্গুইন?,angry
সাত প্রজন্মের সবাইকে বিশ্বাসঘাতক ঘোষণা করুন,angry
ঠাকরে গ্রুপ কি আপনাকে শিন্দে গ্রুপের সাথে চুক্তি করেছে???,angry
ভারী বৃষ্টির কারণে পুনেতে পুনে পৌরসভা কী ধরনের বাতি বসিয়েছে তা থেকে অনুমান করা যায় - অজিত পাওয়ার,angry
তোষামোদ শুরু হয়েছে.. এখন মহারাষ্ট্র জানবে গুজরাটি নীতি কতটা ভালো..,angry
এটি একটি স্বনামধন্য কলেজের সাথে জড়িত থাকার বিষয়টি শিক্ষা ব্যবস্থায় কলঙ্ক নিয়ে আসে,angry
মাঠে কী ঘটছে জানেন।,angry
রেগে গেল…এখন ওরা গরীব মেয়েকে খাওয়াবে।,angry
একই নাম একটু ঘটছে... সে এসেছিল খুশিলীকে বোঝাতে..,neutral
তাইসাহেব কি ঘুমিয়ে পড়েছে? মূকনাট্য মহাবিকাশ আঘাদি কোথায় জিতেছে...,happy
ইনি ভক্ত তোরসেকার। আগে তিনি হোয়াটসঅ্যাপে বিশাল মেসেজ পাঠাতেন।,neutral
ছত্রপতির মুখে লুটপাটের বিরুদ্ধে কালো টুপির মানুষের ক্ষোভ এখনো আছে।,angry
"ভক্তরা, এই ভিডিওটি আগে দেখুন...পরে কথা বলুন।",angry
এভাবে লিখে বা কথা বলে আপনি শুধু সহানুভূতি প্রকাশ করছেন আর কিছু নয়।,angry
আমি বুঝতে পারছি না কেন আপনি তাকে সম্মান জানিয়ে ছবির ক্যাপশন দিয়েছেন।,angry
"দুঃসংবাদ, এই দুর্ঘটনায় শহীদ সেনাদের প্রতি রইলো বিনম্র শ্রদ্ধা",sad
কিন্তু এটা এই মত দেখায় ...,neutral
"প্রিয় গ্রাহক, অসুবিধার জন্য আমরা দুঃখিত, আমরা আপনার আগের টুইটের উত্তর দিয়েছি।",neutral
"তাদের কাছে কোনো প্রমাণ থাকবে না, যথারীতি তিনি হলুদ বই পড়ে থাকতেন!",angry
"শাল দিয়ে জোড়া আঘাত করার পরিবর্তে, আপনি এটিকে সামনের দিকে আঘাত করেন",angry
এসবই হয়েছে কমলাবাইয়ের অপকর্মের কারণে।,angry
"হ্যাঁ, তাহলে আপনি কি এখনও আইন ব্যবহার করবেন?",angry
দেশে এখনো অঘোষিত জরুরি অবস্থা চলছে,fear
এখন সময় বদলেছে। এখন মেয়ে নেই... এখন বেকার ছেলেমেয়েরা বাবা-মায়ের কাঁধে বোঝা হয়ে দাঁড়িয়েছে।,sad
এই বিদ্রূপাত্মক হতে হবে.,neutral
আপনি বোকা এটা অক্টোবর,angry
এটা সবচেয়ে খারাপ স্যার,angry
তিনি কি বিশ্বাসঘাতক বিধায়কদের সুস্থ করতে বিশ্বাসঘাতক দলে যোগ দিয়েছিলেন?,angry
এটা কি ফালতু কথা...,angry
"হ্যাঁ, অবশ্যই ব্যবস্থা নেওয়া উচিত, কিন্তু তিনি কি দেশবিরোধী স্লোগান তুলেছিলেন?",angry
এমনকি পিম্পরি চিঞ্চওয়াড়েও...উদ্ধবও যোগ দিয়েছেন...তারা খুব কাঁদছে...,angry
মোদীজি প্রার্থনা করে বলেছিলেন যে অন্তত পদক্ষেপ নিয়ে বুদ্ধি দিন।,neutral
"ভারত হারেনি, জিতেছে ইংল্যান্ড",neutral
"তোমার কাজ শিন্দে ফাদওয়ার খালার মতো, তুমি অস্বীকার খেলছ",angry
"মনোযোগ দিন, অন্যথায় বড় সমস্যা আসছে",fear
আপনি তথ্য প্রদান করতে চান?,neutral
তাহলে আপনার কোরেশী সাহাব এবং আপনার পথভ্রষ্ট ভক্তের কি হল...,angry
"এটা আগে করা উচিত ছিল কিন্তু এখন নয়, পরাজয় অবশ্যম্ভাবী।",sad
ভালো রাস্তায় মানুষের নজর এড়াতে স্বয়ংক্রিয়ভাবে পাথর বসানো হয়েছে।,angry
বিজেপি দারু কোচিয়া,angry
এভাবেই রাজনীতি হতো,neutral
এবং আমরা এটি থেকে ভুগছি,sad
কোন অবদান নেই. এটা তার ষড়যন্ত্র।,angry
এই সব দেখা বাকি,angry
"যে দলই আসুক না কেন, সাধারণ জনগণ কোনো সুবিধা পাবে না।",sad
মোটকথা স্বরাষ্ট্রমন্ত্রী বেকার,angry
অজিতদাদার সঙ্গে শপথ নেন বিজেপিও। বিজেপিও কেন দেশদ্রোহী?,angry
সে কি বলে যে সে জানে না হেক্টর মানে কি?,angry
আমি ভেবেছিলাম এটি একটি টুইট তাই উত্তরটি ছিল... দুঃখিত বন্ধু,neutral
"এখন মেধা দেখানোর এবং জয়ের সময় এসেছে, কিন্তু আমরা কান্না থামাতে পারছি না।",angry
আমি আর চাই না,sad
"তলোয়ার তুলে নাও, এটা করা যোগ্য জিনিস",neutral
এটাই ইতিহাস। গৌরব চলে গেছে।,sad
যে সংগঠন ক্ষমতায় থাকাকালীন কলা চুষছে...,angry
আর মায়ের বন্ধুর মুখ বাঁকা কেন? জিভের জন্য একই নাম নেওয়া কঠিন ছিল,angry
নির্বাচনে জনগণকে বোকা বানানোর জন্য এটি অবশ্যই একটি গুরুত্বপূর্ণ ইস্যু হতে পারে।,angry
"গোটা মহারাষ্ট্র দেবেন্দ্র জির জন্য গর্বিত, আমি আপনাকে জিজ্ঞাসা করি কে একজন ছদ্মবেশী সাংবাদিক, একজন অসহায় সাংবাদিক।",happy
এটা একজন মারাঠি শিল্পীর গর্ব।,angry
"তিনি এই বিষয়ে সচেতন নন, তাই তিনি মহারাষ্ট্রে ক্ষমতার লড়াইয়ে তারিখের পর তারিখ দিচ্ছেন।",angry
তাদের সবাইকে পাকিস্তানে পাঠিয়ে দিন। এমন দেশদ্রোহীরা এদেশে থাকার যোগ্য নয়।,angry
"হাই, আপনি কেন গেলেন? বাধা",neutral
"হ্যাঁ, তারা হিন্দু এবং তারা হিন্দু বিদ্বেষে পূর্ণ।",angry
স্বার্থ ভুল হলে পর্দার আড়ালে থেকে রাজনীতি করে বিজেপি সরাসরি মানুষকে উস্কে দেবে।,neutral
"মিথ্যে বলো না কেন, তুমি কি স্কুলে গিয়েছিলে? এখন তাদের শিক্ষা কেড়ে নেবেন না",angry
মুখ্যমন্ত্রীকে নোংরা ভাষায় গালি দিচ্ছেন এই লোক। কঠোর পদক্ষেপ আশা করা হচ্ছে,angry
"যেহেতু সহ্যাদ্রি স্কুল একটি বেসরকারি স্কুল, তাই থানে মিউনিসিপ্যাল ​​কর্পোরেশন জলের ট্যাঙ্কগুলি পরিষ্কার করে না।",neutral
"যেহেতু বিজয়ের কোন নিশ্চয়তা নেই, তাই এই বিশ্বাসঘাতকরা মাঠ ছেড়ে পালিয়ে যাবে",angry
"খুব ভোরে একটা খারাপ স্বপ্ন নিয়ে ঘুম থেকে উঠলাম, পরের দিন এখন সব সুখ",happy
আমি মাঝে মাঝে সরসবাগ যাই। এখন শুধু ভিড় আর যানজটের শব্দ আসছে।,sad
তুমি কি কিছু ফেলে দাও? সাংবাদিকতা করবেন? তাই আজতক বিট কেন?,angry
"কি চাও বলো, এটা কি ভাদাপাভ গাড়ি?",angry
দাড়ি বাড়িয়ে মোদী হওয়ার চেষ্টা করছেন? কিন্তু দাড়ি বাড়ানো কি বুদ্ধি ও প্রজ্ঞা বাড়ায়?,angry
"মারাঠির হত্যাকারী হবেন না, নিজেকে মারাঠি ভাষায় প্রকাশ করুন। আমরা এই ভাষা বুঝি না।",neutral
"শেমন্যা, লেজ পুঁতে বসে আছিস কেন, এখন কথা বলো না।",angry
সুফল সাধারণ মানুষের কাছে না পৌঁছালে সবকিছুই অকেজো,sad
আমি রাগ করেছিলাম কারণ ভবিষ্যত সত্য হয়েছিল,angry
এতে অবাক হওয়ার কিছু নেই যে শিশুটির যত্ন নেওয়ার জন্য বলা হয়েছে... সে তার প্রাচীন জ্ঞান এবং সাধারণ জ্ঞান জানত...,neutral
স্যার দুর্নীতি অনেক বেড়ে গেছে দয়া করে সমাধান করুন,angry
গোবর এবং নিজের মূত্র সেবন করুন,angry
আপনি যদি সেই আরও পাঁচটি অর্থহীন টুইট পড়েন যেখানে শুধুমাত্র কিয়েভ এবং হুসুচের কথা বলা হয়েছে..,angry
বলুন তো জয়দীপ ঠাকরে কার সঙ্গে?,angry
এই বুদ্ধিহীন মানুষটি কি জানেন শান্তা শেলকে কে ছিলেন?,angry
এই মূর্খ ও মূর্খ সাংবাদিকের দ্বারা মানুষ বিভ্রান্ত হচ্ছে,angry
তাহলে বালা সাহেবের শিবসেনাকে অপমান করুন.. তাহলে জনগণ আপনাকে যথাযথ জবাব দেবে।,angry
গুজ্জু কীটের মতো ধীরে ধীরে বেরিয়ে আসে...!,angry
কার্তিক যাত্রায় ভক্তরা যাতে কোনো অসুবিধার সম্মুখীন না হয় সেদিকে খেয়াল রাখতে হবে - জেলা ম্যাজিস্ট্রেট গজানন গুরভ,neutral
আমি আগেই বলেছি দেশের সামনে ভিকটিম ছাগলকে পরাজিত করেছে।,sad
ভি বলছে হাই শু নেনা তাই,angry
ফাসনাভিসের গদ্দারনাথ এবং অনেক ভালো কাজ করেছেন নানা,happy
এই বলে তয়ের বক্তৃতা শেষ হয়ে গেল...ওম শান্তি!,sad
এই একজন কাপুরুষ আইনজীবী যে নিজেকে নিজের চেয়ে স্মার্ট বলে মনে করেছিল।,angry
এখন থাপা শিন্দে গ্রুপের অভিভাবক মন্ত্রী হবেন এই গুজব কে ছড়ায়?,happy
"স্যার, কী নিয়ে এসেছেন? পড়ে খুব খারাপ লাগলো।",sad
হারানোর ভয়ে রাজ ঠাকরের মাধ্যমে এই ব্যবসা করা শুরু করেন তিনি।,fear
"পিঠ দাঁড়ালে খঞ্জর খোলা নিশ্চিত। বসন্তদাদা পাতিল, যশবন্তরাও",angry
এটা কী ভাষা...সেটা কী সংস্কৃতি!,angry
"বালা সাহেব প্রবোধনকারের উত্তরাধিকারী, তোরসেকারের কথায় পাত্তা দেবেন না, তিনি বৃদ্ধ, তিনি যা চান তাই বলেন।",neutral
যোগী স্টাইলে দাদাকে একটা শিক্ষা দিবেন???,angry
"""নরেন্দ্র মোদি দেশের প্রধানমন্ত্রী নন, তিনি কেবল বিজেপির প্রধানমন্ত্রী।"" -কংগ্রেস রাজ্য সভাপতি নানা পাটোলে।",angry
"ওহ, এই রাগান্বিত শেয়াল কি এখনো আছে... এতক্ষণ কোথায় লুকিয়ে ছিল",angry
এটা সত্যিই অন্যায্য যে মোদী সরকার মনীশ সিসোদিয়াকে টার্গেট করেছে।,angry
পবিত্র মঙ্গলসূত্রের বিরুদ্ধে একটি উন্মাদ ও কংগ্রেস মানসিকতার প্রতিবাদ।,angry
তারা নীরবে কোটি টাকা কামাচ্ছে,angry
"আরে উপাট, তার কি বাবার মতো একটা গুণও আছে?",angry
"এখন বিজেপি তীর ধরেছে, অনেক খোঁজাখুঁজি করেছে কিন্তু হাত খালি।",neutral
"আরে ভাইয়েরা, আপনি কি মারাঠা মোর্চাকে বোবা মোর্চা বলেছেন?",angry
এটা একটা বিভ্রম,neutral
"আমি পুরানপোলি খাই না, কথা বলার মতো।",neutral
ঘটতে চাই না,neutral
সে আমাকে বিরক্ত করে,angry
বাক্সগুলোই যদি সবকিছু করে তাহলে ভোট দিতে আগ্রহী হবেন এবং কেন?,angry
"জল জমা করা উচিত নয়, জলযুক্ত কেলপ কাজ করছে",happy
এর জন্য বুঝতে হবে মহারাষ্ট্র মুম্বাই ও পুনের বাইরে।,neutral
"বাড়ি থেকে কাজ মানে, অফিসের কাজের পাশাপাশি ঘরের কাজ... বৈতাগাওয়াড়ি নুস্তি",angry
একদিন এই ম্যাডামরা অবশ্যই উদ্ধব ঠাকরের অবশিষ্ট শিবসেনা ভেঙে দেবেন।,angry
"কিন্তু রাহুল গান্ধীর কারণে, মহামান্য… সরাসরি মসজিদে ঘাস গজিয়েছে। সে সম্পর্কে কি????",angry
মারাঠিতে একটা কথা আছে যে শরীর হল ন্যাকড়ার বোঝা,neutral
আপনি কি এমন লোকদের কথা বলছেন যারা PMC কে প্রশ্ন করতে পারে না? বিভ্রান্তি,neutral
এটি ছিল একটি আগুন যাকে আমরা পানিচু (পাতা বিচ্ছু) বলতাম। কিন্তু মানুষ মরে না।,neutral
এই নিউজ চ্যানেল একই খবর। আমি বিরক্ত।,angry
এটা স্পষ্ট যে বিনামূল্যে প্রচার পেতে কাউকে নিজেকে ডাকতে বলা হয়েছে।,angry
এতে অ্যাকশনের ভয়ে অনলি ফ্যানসের প্রতিষ্ঠাতাদের মধ্যে আতঙ্ক ছড়িয়ে পড়েছে।,fear
মনে হচ্ছে পকেটের সাংবাদিক ও গোদি মিডিয়া এই কথাগুলো ভুলে গেছে...,angry
বিপদ দেখুন।,angry
"আর পাওয়ার সাহেব কংগ্রেস ভাঙলেন, কী কৌশল।",angry
কোঙ্কানবাসী রানেকে কলঙ্কিত করেছে,angry
"এই বখাটেরা মানুষের জীবনের মূল্য দিয়ে বিলাসবহুল জীবনযাপন করে, তাই এই অবহেলার পরামর্শ দেওয়া হয়েছে।",angry
পৃথিবী প্রতারিত হয় কারণ ভিতরে যা মনে হয় তা নয়,neutral
এই ধরনের জাল ব্যবসার কারণে আপনার অ্যাকাউন্ট স্থগিত করা হবে,angry
এখন আমি আপনাকে বলবো কেন আপনি এটিকে নীচের স্তর বলছেন,angry
চুপ কর..কিছু,angry
এটা সত্য যে কিছু মিথ্যা গল্প বলে মানুষকে বোকা বানানোই বিজেপির নীতি।,angry
মহারাষ্ট্র আমাকে কোথায় নিয়ে যাবে?,sad
আপনি নীরবতা আদেশ লঙ্ঘন করেছেন,angry
আমি এই কারণে আনফলো করব না... চিন্তা করবেন না।,neutral
তার স্ত্রী তাকে ডাকলে সে বাসায় আসতে শুরু করলেও পথে তিনজন তাকে গুলি করে।,sad
মাভিয়া প্রার্থী পাবেন না-বাবনকুলে,happy
"আপনি কি জানেন গাজর, সাত্তারা, মূলত আপনার মন্ত্রী হওয়ার যোগ্যতা নেই",angry
এখনো কোনো ব্যবস্থা নেওয়া হয়নি। কাজ চলছে।,neutral
বিজেপি যখন সরকারে ছিল তখন কীভাবে এমন হল?,happy
"এই মহিলা ইহুদী নন, বাকি সবাই বুদ্ধিমান",neutral
"আপনার মতো, তাদেরও মনে হয় যেন তাদের ওপর দিয়ে মেরে ফেলা হচ্ছে",sad
এটা দেবতাদের অপমান।,angry
মৃত্যুর এই গ্রাফ অমরাবতীতে সবচেয়ে বেশি,sad
আপনি এটি নিয়েছিলেন এবং এটি লিখেছিলেন তাই এটি সঠিকভাবে লেখা নাও হতে পারে,neutral
ঠিকানা ভুল আর বুলেট ভুল বলেই চরিত্র পেয়েছে মিডিয়া।,neutral
পটকা ফাটিয়ে আমাদের প্রকৃতি মাতাকে অপমান করা সমস্ত দেউলিয়া ভক্তদের বিরুদ্ধে প্রতিবাদ...,angry
"কেন আপনি """" এর পরিবর্তে """" ভুয়া নাম ব্যবহার করেন?",neutral
বাসিত একটি দেশবিরোধী পত্রিকা পরিচালনার দায়িত্বে ছিলেন।,angry
. যে কেউ এই ধরনের টুইট করার জন্য অর্থ পায় তারা বলবে তাদের শ্বাসরোধ করা হচ্ছে,angry
আমি মনে করি ষাঁড় এবং মহিষকেও অপমান করা হবে...,sad
এখানে সংকট আড়ালে দাঁড়িয়ে আছে। মুখের অভিব্যক্তি দেখুন।,fear
বাকি শেনিকানরা আরও খুশি হবেন.. ভবিষ্যতে ঋতুজা লাটকেও শিন্দে গ্রুপে যোগ দেবেন..,neutral
গ্রামে কোনো স্কুল নেই তবে দুটি আছে এবং বলা হয় তারা মানুষমুখী,neutral
পুনেতে জল জমে থাকা থেকে মনোযোগ সরাতে এই সব মহকুমা! পাবলিক বুদ্ধিমান!,angry
এটা তোমার নিয়তি নয়,sad
"জনতা সাপটিকে পিষে ফেলতে যাচ্ছিল, কিন্তু ঋষি পাপ হবে বলে রক্ষা করলেন; কিন্তু একটি ভুল ব্যয়বহুল প্রমাণিত হয়েছে",sad
সহানুভূতি পাবে ভোলানাথ। নির্বাচক রাজা কিয়েভে এসে ভিক্ষা করবেন?,neutral
লটকে তাইয়ের বিরুদ্ধে ষড়যন্ত্রের সময় এই ভূমিকা কোথায় ছিল?,angry
"দেশে বেকারত্ব নেই, কর্মসংস্থানও কম। -নির্মলা আত্যা",neutral
আপনার মতামতের কোন মূল্য নেই... আপনি এটার যোগ্য নন..,angry
এর পর নম্বর আসে। বসুন..,angry
আজ আমি অন্ধ ও বধির,sad
যারা মহারাজের প্রতীককে দেশবিরোধী বলছেন তারা দেশবিরোধী।,angry
কেন সব পুরুষ এত অলস.. এটা একটি গবেষণার বিষয়,angry
এটা খাঁটি ভূত,angry
মহারাষ্ট্রের সংস্কৃতি বজায় রেখে ভাল সিদ্ধান্ত নেওয়া কার সংস্কৃতি?,angry
শারদ সেনের ইতিহাস ও ভূগোল দুটোই কাঁচা।,angry
আপনি সত্যিই মূল্য কত? আপনি কি তাই মনে করেন?,angry
আর সব ইয়েদ্যা গাজ্জু চায় গ্লিটার,angry
বালাসাহেবের আজ খুব মন খারাপ হবে,sad
"বিশেষ করে টিভি মারাঠি, এনসিপি মাজা এবং ভোকামত",neutral
: গরবা খেলার সময় রাস হঠাৎ থেমে গিয়ে পড়ে গেল; পরিবারের সামনে মৃত্যু,sad
ভালোবাসা হলো... ঘরে বসে অন্যের জন্য মরে যাওয়া... ওকরার কী দরকার...,angry
সেখানে মঙ্গলসূত্র চুরির চারটি মামলা হয়েছে বলে শোনা যাচ্ছে।,neutral
সত্য কিন্তু আপনি এই সাধারণ জ্ঞান শুধুমাত্র হিন্দু উৎসবের সময় শেখান...,angry
"উভয়ের মধ্যে বিশ্বাসঘাতকতা আছে, পরবর্তী প্রজন্ম অবশ্যই লজ্জিত হবে।",angry
তখন আপনি জরুরী অবস্থাকে সমর্থন করেছিলেন কিন্তু মানুষ এর বিপক্ষে ছিল।,angry
ভারতের ফুকু কে? অনুসন্ধান,angry
কোন এক অজানা ভয়ে আপনি হাঁটা শুরু করলেন। এটা অনুভব করুন!,fear
এটা কি সত্যি? কিভাবে বিশ্বাস করবেন?,happy
হা হা আপনি সরাসরি ধর্ষকদের শাস্তি দেবেন,angry
খিক আর এক ডজন ষাঁড় তোমার দরবারে রেগে আছে,neutral
"কি একটা জগাখিচুড়ি! আন্ধারে মুখোমুখি আলোচনা! আঁধার আসবে নিশ্চয়, বিশ্বাসঘাতক বাহিনী!",angry
"ওরা বড় (?), ওদের কাজ আমার থেকেও বড়(?) এই বাক্যটা আমার মাথায় এল।",angry
তারা যা করতে চায় না তা করে,angry
একটি ভোটাধিকার বঞ্চিত আসন সবসময় ভোটাধিকার বঞ্চিত থাকবে।,sad
শ্রমিকরা নিজেদের মধ্যে নাচছে কিন্তু অন্যের মিছিল... একজনের আশাবাদী হওয়া উচিত কিন্তু নাগালের বাইরে নয়,neutral
"লাকা, বিষয় আপনার সুবিধার জন্য.",angry
সাধক তুকদোজি মহারাজকে তাঁর মৃত্যুবার্ষিকীতে শত শত প্রণাম।,happy
সিন্ধুদুর্গ রেলস্টেশন কেন গত এক ঘণ্টা অন্ধকার?,happy
"এই ট্যাগটি ব্যবহার করা হয়েছিল, এই ট্যাগটি ভুল করে এসেছে...",neutral
আপনি কি প্রথমে শিবসেনা এবং তারপর বিজ্ঞানের জন্য শিন্দে দলে যোগ দিয়েছিলেন?,neutral
মনে হয় পূজার অভাবে কলঙ্কিত হয়ে গেছে...,angry
"দেবেন্দ্র জি সঞ্জয় রাউতকে নিয়ে কোনও প্রতিক্রিয়া জানাচ্ছিলেন না, তবে তিনি কে ভয় পাবেন...",neutral
স্কুল মনিটর এর চেয়ে স্মার্ট,angry
এখানে আরেকটি কোকিল বসিয়েছে বিজেপি,angry
"স্যার, আপনার কর্তব্য কী এবং আপনি কার কথা বলছেন সে বিষয়ে সচেতন থাকুন",angry
মোটেও না... হয়তো প্যাকেট বেড়েছে,neutral
এই চার মাসে তিনি তার রাজনৈতিক পরিচয় অনেকটাই কমিয়েছেন।,sad
ইয়েদজওয়া প্রায়ই উদ্ধব সাহেবের কথা বলতেন আপনি এটার যোগ্য কিনা,angry
"তাজমহল নিষ্ঠুরতা, লুণ্ঠন, লুণ্ঠন ও লালসার প্রতীক।",angry
প্রবল বর্ষণে নষ্ট হয়ে যাওয়া কৃষকের সন্তানের এই কষ্ট...,sad
হিন্দি হল বুলিদের ভাষা।,angry
"আরে পঙ্কশে চাচা, আপনি বাদাম হিসাবে ভিখারি কিন্তু মানুষ হিসাবে আপনি ঘৃণ্য।",angry
ভাবছি এই দুধ বিক্রি আর প্রতারক মা কবে পদত্যাগ করবেন।,angry
আজ গোপাল ভাইকে গ্রেফতার করেছে বিজেপি।,neutral
এই দেখুন. আপনার ভোটারের বিরুদ্ধে কিছু হচ্ছে।,fear
আসলে দাদা হিন্দু মহিলাদের ধন্যবাদ দিতে জানেন না,angry
"পন্ধরপুর, কোলহাপুর দক্ষিণ এবং দেগলুর বিধানসভা উপনির্বাচনে জনমত, ঐতিহ্য এবং ইতিবাচক রাজনীতি কোথায় গেল?",angry
গোটা মহারাষ্ট্রের মানুষ জানে মৌলিক আদর্শ কী,angry
কোন বালাসাহেব বালাসাহেব থোরাট নাকি ভিখে? বিশ্বাসঘাতকদের দল সম্পর্কে ঠাকরে ছাড়া কেউ জানে না...,angry
দুর্ভাগ্যের বিষয় হচ্ছে গণমাধ্যমগুলো একতরফা খবর চালাচ্ছে।,sad
আর এই হলেন ভারতীয় ক্রিকেট বোর্ডের সচিব মো,angry
কিন্তু সবাই জানতো তোমার মূল্য! তু রাউত হে নামই যথেষ্ট!,angry
পঞ্চাশ বছর বয়সী সেন্ট্রি তানাজি সাওয়ান্ত তার মাকে জিজ্ঞেস করেছিলেন তিনি কি সত্যিই মারাঠা?,angry
"সে পথভ্রষ্ট, জাতপাতই তার শেষ অস্ত্র।",angry
"মোদির বক্তব্যের আগে তিনি কি অন্ধ ভক্ত? ,",neutral
"তার শরীর এক জায়গায় নেই, শরীর নেই। শুধু আমার খেলা খেলছে",angry
পরে কোম্পানিগুলো বোনাস ঘোড়া দেয়,neutral
"স্লোগান দিতে থাকুন, সরকারের পতন হবেই, এখন আমাদের এইটুকুই করতে হবে",neutral
"কর্মীরাও মনে করেন তারা আমাদের নেতা, তাদের দিন কি দুপুর ১টায় শুরু হয়?",neutral
"এই ডোজ দিয়ে ওয়াগলের গলদও সেরে যাবে, লাই বলছিলেন।",angry
তুমি ঠিক বলছ... নপুংসক কি তোমার বাড়িতেও একই কথা বলে...,angry
নতুন এই চরিত্রটিকেও প্রথমবার দেখা যাচ্ছে ছবিতে।,neutral
যে ভক্তরা এখন মারা যাচ্ছে তাদের সত্যতা কী?,angry
সুপারি সেনাতে বাপ রে এর মত নেতা আছে কি?,angry
যেসব সাংবাদিক এখন বিক্রি হয়ে গেছে এবং অনুসন্ধানী সাংবাদিকতা ভুলে গেছে তাদের রোল মডেল নিতে হবে।,angry
পদত্যাগ চাওয়াকে চাপ বলে... পদত্যাগ না করার জন্য চাপ...?,neutral
"দীপাবলি এসো, ঘটতে দেখুন",happy
এই অর্থ দেশের প্রতিটি নাগরিককে লাখ লাখ মুদ্দোজি নং আকারে বিতরণ করা হবে।,neutral
এরা বোকা আর নির্লজ্জ মানুষ!!!,angry
"রাজনীতি ও ক্ষমতার জন্য মানুষ যে কিছু করতে পারে, এটা তার জীবন্ত উদাহরণ।",angry
"শিবসেনিককে কিনতে সব টাকা খরচ হচ্ছে, কিন্তু কোনো লাভ হচ্ছে না।",angry
একাধিক স্ত্রী নিয়ে শিশুসুলভ বকাবকি..উপরে কিছু বক্তব্য আছে..,neutral
এই মহিলা বিজেপিতে রয়েছেন। আর কতবার মুখ থুবড়ে পড়বে অন্ধ ভক্ত?,angry
এই জারজ সাংবাদিক প্রসন্ন জোশীকে বিক্রি করেছে মাইন্ড গ্রুপ,angry
"আনুগত্য কি জানো, অন্ধ বোকারা।",angry
আপনি যদি ব্যাক ডাউন না করেন তবে বার্তাটি হবে যে আপনি হাল ছেড়ে দিয়েছেন।,fear
"বিমুদ্রাকরণ শুধু এক শতাব্দীর নয়, সহস্রাব্দের সবচেয়ে বড় দুর্নীতি...",angry
শীতল একটি পরজীবী উদ্ভিদ তাই এটি শিন্দে গ্রুপে চলে গেছে।,angry
"রাষ্ট্রীয় মুদ্রার তোয়াক্কাই করে না এই মানুষগুলো, কার মানহানি হচ্ছে? রাজ ঠাকরে..",angry
তুমি পাকিস্তানি...আমাদের দিকে আঙুল তুলছ কেন?,angry
সেই বিশ্বাসঘাতক দল যারা বালা সাহেবের নামকে ঢাল হিসেবে ব্যবহার করে পেছন থেকে বিজেপির তলোয়ার দোলালো!!,angry
আমি জানি না এটা বাড়িতে আছে কি না...কিন্তু মানুষ অবশ্যই আপনার পরে গুলি চালাবে,fear
এই সিদ্ধান্ত ভুল... স্বাধীনভাবে লড়াই করা উচিত ছিল...,sad
এই অ্যাকাউন্টটিও সাসপেন্ড করা হবে...শেনালী,angry
"শুনুন, বিজেপির বড় ভুল ধারণা হল ""আমি ফিরে আসব"" কখনই সম্ভব নয়!!!",angry
"এই দলটি খুব ভাল রসিকতা করে, লোকে তাদের বোকা মনে করে এবং আন্টিও তাদের অন্ধ ভক্ত বলে।",angry
"এটা যদি স্কুল থেকেই শুরু হয়, তাহলে শিশুরা জানতেও পারবে না তাদের ভবিষ্যৎ কতটা উজ্জ্বল হবে।",sad
"সংক্ষেপে, আপনি কি ""Yedzwe"" লিখে মুক্ত হতে চান..?",angry
এটা নির্বোধ শোনাচ্ছে,angry
এই ভক্তরা বলবে পাওয়ার সাহেবও দায়ী,angry
gazya হল গাধার g,angry
"যাই হোক বলো, নইলে আদিত্য আর তেজস মারামারি করবে।",neutral
একমাত্র রাহুল গান্ধীই তাঁর পিতামহকে এভাবে অপমান করতে পারেন,angry
সকালে এত নিচে হেলিকপ্টার উড়বেন না.. এটা স্লিপ মোডে থাকা উচিত।,neutral
বেঞ্জামিন টাটি দ্বারা হোস্ট করা হয়েছে...কিন্তু কি বলা হচ্ছে বুঝতে পারিনি...,happy
মোদি ক্ষমতায় থাকায় তদন্ত হয়নি কেন?,angry
ল্যাভেন্ডার দেখলে যে তীব্র মাথাব্যথা হতো এখন অন্ধকার দেখলেই চলে যায়।,angry
এত চেষ্টা করেও কিছু না পাওয়াকে কি ভাগ্য বলা উচিত?,sad
আজ জানতে পারলাম টুইটারে কত বোকা আছে,angry
"মুম্বাই মিউনিসিপ্যাল ​​কর্পোরেশন জয় করা কতটা বোকামি...!! পন্ধরপুর, কোলহাপুর, খড়কওয়াসলা, দেগলৌর, তাহলে সংস্কৃতি কোথায় গেল...!",angry
"আনাজি পান্তা না, হাতি হাঁটুক আরো একশবার। এটা আমাদের কোন ব্যাপার না।",angry
"এখন এটা খুব বেশি, বাবা!",angry
অন্য নেতারা কী করবেন? অনেকেই এখনও ভ্রমণ সম্পর্কে জানেন না,neutral
হৃদরোগে আক্রান্ত হলেন বিধায়ক সঞ্জয় শিরসাথ।,neutral
মীমাংসিত অভিযোগের ছবি কেন ফেরত পাঠাবেন,neutral
"না, এটি কোমল মুরগি ছিল",neutral
"খাড়কওয়াসলা, পান্ধরপুর, কোলাপুর, দেগলাউর উপনির্বাচনে কোথায় গেল আপনার মহান সংস্কৃতি?",angry
এর ফলে মানুষ কংগ্রেসকে ভোট দেবে! সবাই কংগ্রেসকে অনুসরণ করছে।,angry
আমি খাই না কিন্তু যারা খাচ্ছে তাদের বাধা দিই না।,angry
অনেক দেরি হয়ে গেছে.. তাড়াতাড়ি যাওয়া উচিত..,sad
তারা শুধু কংগ্রেস বিরোধীদের দোষারোপ করেই শাসন চালিয়ে যাচ্ছেন এবং এর কারণও দিচ্ছেন।,angry
সংখ্যালঘু হওয়া ছাড়া এই মানুষগুলোর আর কী করার আছে?,angry
দেওয়াজা শরীফের খাওয়া বিরিয়ানির হাড়ি চিবাতে গিয়েছিলেন কেউ।,angry
আপনি আপনার স্ত্রীর যত্ন নিলেও... যার দম নেই সে নিক্ষেপকারীর মত পালিয়ে যায়...,angry
গ্যাপ ইয়েডজভ্যা.... তোমার ভাবা উচিত মাঠে পুড়তে হবে কিন্তু তুমি তা করো না...।,angry
ভাস্কর যাদবের বিরুদ্ধে পুনেতেও একটি মামলা দায়ের করা হয়েছে...ব্রেকিং,happy
দেশের পতন হচ্ছে না কিন্তু আমরা এগোচ্ছি না,sad
আপনার ক্ষমতার আসন ছিনিয়ে নেওয়া হয়েছে,happy
এটা অকেজো ছিল,angry
দারিদ্র্য ভুলে যাবেন না এবং সম্পদের জোয়ার আসতে দেবেন না - শ্রদ্ধেয় শ্রী বালাসাহেব ঠাকরে।,happy
ভক্তরা অন্ধকারে নিজেদের চেটে চেটে পরিষ্কার করেন যাতে তাদের বাইরে যেতে না হয়।,angry
আর আপনি বসে বিরিয়ানি খাচ্ছেন…এটা ঠিক না স্যার….,angry
সুপ্রিম কোর্টের একটি সিদ্ধান্তের কারণে পরবর্তী সব সিদ্ধান্ত অবৈধ।,angry
এসবই জনগণকে বোকা বানানোর নাটক,angry
রানে পানাবতী আবারও সিদ্ধের পক্ষে প্রচারে আসেন এবং নির্বাচন থেকে সরে আসতে হয়।,sad
কাজ না পেলে ফালতু বক্তব্য দিয়ে খবরে থাকতে পারেন।,angry
পায়ের নিচ থেকে বালি সরে গেছে তাই আর কিছু নড়ছে না,angry
এটা আপনার মূল্য ছিল?,angry
মানুষ ভালো করেই বুঝেছে দু-চারটা ভাদা পাভ মানেই মানুষ ব্লকমাস্টার হয়ে যায় না।,angry
"আমরা ভক্তদের ডিম দেই না, আমরা নিজেরাই চুলকানি।",angry
এই কথা বলার তুমি কে?,angry
তারা বলবে অন্ধকারকে পরাজিত করতে হবে,neutral
"প্রথমে ওয়াগলকে চেক করুন, সন্দেহ করা হচ্ছে তিনি লাই প্যাকেট খেয়েছেন।",angry
মুম্বাইয়ের কিছু জায়গায় জ্বর (ফ্লু) এবং করোনা সংক্রমণের রোগীর সংখ্যা আবার বেড়েছে।,fear
"আপনি যে পৃথিবীতেই থাকুন না কেন, পৃথিবীতে আসুন।",angry
ঢাল বহনকারী সমস্ত যোদ্ধা বিশ্বাসঘাতক নয়।,angry
উদ্ধবের রাজনৈতিক খেলা শেষ করার চুক্তি নিয়েছেন অসীম সরোদে এবং উলহাস বাপট।,angry
তারা সর্বত্র যৌনসঙ্গম গাধা কাছাকাছি যান,angry
এই ভিডিও দেখে মাথা ঘুরছে,angry
আগে বুঝিয়ে বলুন রাজ সাহেব কাউকে পরিত্যাজ্য বলেছেন।,angry
তুমি কি বলতে চাও পাওয়ার সাহেবও সুপারি খেয়েছিলেন??,angry
মনে আছে?...বলে যে শাসন আর বোকাদের হাতে নেই..,angry
আইসক্রিম ভেবে এই টর্চটা মুখে নিল সে।,neutral
এটা একটা টাইপো। কেউ এই অনুরোধ করবে না ...,neutral
মানে কি.. ভাদা পাভ করনি আর নারকেল জলের মতো জলপ্রপাত?,happy
হিন্দি ছবির ব্যর্থতায় কি দেশের অর্থনীতি ভেঙে পড়ছে? রাকুল প্রীত সিংয়ের বক্তব্য সর্বত্র আলোড়ন সৃষ্টি করে,happy
বিশ্বে একমাত্র রোহিত বাপটেরই কমন সেন্স আছে।,happy
মারাঠি মনের বাহনের শক্তি নেই বলে তুমি এসেছ।,angry
"হ্যালো, আমরা মহারাষ্ট্র থেকে দেখছি এবং বিহার থেকে খবর আসছে।",neutral
"কার সেবা, কার উন্নয়ন, কেন আদানি ও আম্বানি?",angry
কবে শেষ হবে... রাও একবার তাকে ডেকেছিল।,angry
লিপস্টিক? নিষিদ্ধ! সাহেব আপনার সাপোর্ট।,angry
ত্রুটি আছে। তাদের কাছ থেকে কি আশা করা যায়? তিনি বিরোধী দলে ভালো আছেন।,angry
"বাকিটা যাক, সম্পাদকের চিঠি এত বাজে কথা",neutral
"ব্রিটিশদের সমর্থক ছিল, আছে এবং থাকবে।",angry
এখন চাচা মারা গেলেও...,angry
এখন মহারাষ্ট্রেও বন্দে বন্দে বন্দে তখনই হবে যখন মহিষ হোঁচট খাবে।,neutral
"লবণের জন্য যে জেগে ওঠে তা নয়, জাত কোথা থেকে জাগবে।",angry
যে ধর্ম রক্ষা করবে সে আহত হবে।,sad
"ধন্যবাদ, আমি এখন কথা বলার মুডে নেই",angry
হয়তো পরাশক্তির চাপের কারণে সাংবাদিকরা প্রকাশ্যে কথা বলেন না,neutral
যারা স্কুল বন্ধ করার সিদ্ধান্ত নিয়েছে..তাদের কুশপুত্তলিকা পোড়াও বন্ধুরা..,angry
আপনার বাবা তার দল বিক্রি করেছেন এবং আপনিও তাই করেছেন,angry
বালাসাহেব থোরাটের শিবসেনা কেন? বাবার নাম বলতে কি সে লজ্জা পেল?,angry
এটা কোন ধরনের আত্মমর্যাদাশীল দল?,angry
তিনি দেখেন কারণ তিনি মারামারি দেখতে উপভোগ করেন,neutral
তারা সভ্যতার জন্য এটা করে,angry
": মুদ্রাস্ফীতির প্রাদুর্ভাব; সিএনজি, পিএনজির দাম বাড়বে",sad
এই অকেজো মানুষরা মুসলিম ভোট পেতে যেকোনও প্রান্তে যেতে পারে।,angry
এখন যদি ঘরে বসে থাকতে হয় তাহলে কেন বিরক্ত?,neutral
"তার বাড়িতে হামলার পর, ভাস্কর যাদব ফড়নবীসের বিরুদ্ধে গুরুতর অভিযোগ তোলেন; তিনি বলেন, স্বরাষ্ট্রমন্ত্রীর নির্দেশ...",angry
"নামটি জানা সত্ত্বেও, কেউ কেউ এটিকে ভোডাফোনের কুকুর বলে ডাকেন।",angry
"যদিও রাবণ ঠিক ছিল, কিন্তু সে বাক্সগুলো নিয়ে কৈলাসকে চায়নি...",angry
পথভ্রষ্ট রাজা ও মূর্খ ভন্ডরা আমাদের দেশের অনেক ক্ষতি করেছে।,angry
একনাথ শিন্ডে কি মহারাষ্ট্রকে সমৃদ্ধ করে না? তাদের কি সেই ক্ষমতা নেই?,neutral
"এর চেয়ে ভালো, ডেম্বিস পান্তা এই সত্যিকারের প্রতিদ্বন্দ্বীকে সহ্য করেছিলেন",angry
জনগণ যখন কোনো সংকটের মুখোমুখি হয় তখন বিজেপি কীভাবে তার দায় এড়ায় তার আরেকটি উদাহরণ এটি।,angry
"এই হয়েছে, এখন তাদের পরিত্রাণ",angry
"'ভারতীয় দল পাকিস্তানে না এলে আমরা করব...', জয় শাহের 'ওই' ভূমিকার পর পাকিস্তানের হুঁশিয়ারি!",angry
"মহারাষ্ট্রে ক্ষমতায় থাকা সত্ত্বেও আমরা আমাদের পুলিশকে বিশ্বাস করি না, ঈশ্বর আপনার মঙ্গল করুন",sad
এরা নতুন অসভ্য...,angry
হুম... আপনি নিশ্চয়ই এটা নিয়েছেন কারণ আপনি জানেন না কে কি বলছে,angry
ভুল ঢেকে রাখাই ভক্তদের বিশেষত্ব।,angry
"প্রথমত, দেখুন আন্ধেরিতে একে অপরের থেকে একটু দূরত্বে অফিসার আছে কিনা...",neutral
ফজরের পর মশাল জ্বালাবে কে? তাদের সাথে সবকিছু অন্ধকার,angry
"কমরেড, লিম্ব্রান্দু, ধর্মনিরপেক্ষ, নীল, সবুজ সবাই সক্রিয়.. নিশ্চয়ই এটি আধারবাদের একটি সুপরিকল্পিত পরিকল্পনা… নানা, নারকে, সংগ্রাম, ছাতি কালওয়ালা, এবং আরও অনেক কিছু??????",angry
আপনি যে প্লেটে খাচ্ছেন সেই প্লেটে থুথু ফেলা অকেজো।,angry
রাম নবমীর দিন মধ্যপ্রদেশের খারগোনে বড় ধরনের সহিংসতার ঘটনা ঘটেছে।,fear
ছোট বাচ্চাও বোঝে কিন্তু বিশ্বাসঘাতক এখনো বোঝে না,angry
"ওহ, তরমুজকে একটা প্রশ্ন মনে করেন না? যদি সে ভিক্ষা না করে, আমরা গানার নই",neutral
"তার জন্য নয়, এখন কি তার বিয়ের বয়স হবে?",neutral
কী নিয়ে ঝাঁপিয়ে পড়লেন বিজেপি নেতারা? এখন পালাও,angry
"ইতিহাসে বেঁচে থাকো, বর্তমান সৃষ্টি করার ক্ষমতা তোমার নেই।",angry
"ম্যান, আপনি খুব অপচয়কারী.. এইগুলি হল #পকেট জার্নালিস্টের সেরা উদাহরণ।",angry
কথা ডিপি বদলানা...আপনি ভক্তের যোগ্য নন তাই...,angry
"হ্যাঁ, আমি নানার অ-উপস্থিতি এবং অতিরিক্ত অভিনয়ে ক্লান্ত হয়ে পড়েছি, আমি আত্মপ্রেম সম্পর্কে সচেতন নই।",sad
সে পেঁয়াজ খায় না কিন্তু তার মাথা পেঁয়াজে ভরা...!,angry
"দেবেন্দ্র ফড়নবিশের উচিত মহারাষ্ট্রে কনডম তৈরির একটি বড় প্রকল্প নিয়ে আসা, এর অর্থ মোদি জনগণের কল্যাণকে হত্যা করছেন।",angry
আম্বানি আদানির বাড়ি ও দেশ থেকে ভিক্ষা করার চেয়ে এটা ভালো।,angry
এমন বেচারা সাংবাদিকতা করার চেয়ে ক্ষুধায় মরে যাওয়া ভালো।,angry
"তোমার কি মনে হয় তোমার নাটক কেউ দেখছে না, যে ছাগল তাকে বাঘ মনে করে?",angry
বি গ্রেডের লোক দেখা শুরু করলে কী হবে?,angry
এটি একই বক্তৃতার চেয়ে দশগুণ বেশি বিপজ্জনক,fear
আরে আপনি এটা চান কিন্তু আমরা এটা চাই না,neutral
হোয়াটসঅ্যাপে জ্ঞান শেয়ার করে আমার বিনামূল্যের দিন কাটছে।,sad
আমি আমার ফোন নম্বর আপডেট করার পর অনেক বছর হয়ে গেছে কিন্তু আমি এখনও একই পুরানো নম্বর দেখতে পাচ্ছি,neutral
"তাদের বাড়িতে কিছু পাঠান এসে থাকতে পারে, সে কারণেই সমাজে এমন বিকৃতি তৈরি হচ্ছে।",angry
ফলে ধ্বংস হতে চলেছে এই বালতি,neutral
দয়ানন্দ বুধওয়ার পেঠ কি দালাল? অর্থাৎ স্যার বৃদ্ধ,angry
"""আমার বাবা আইন লিখেছেন, তাই আমি এটিকে সম্মান করব।""",happy
জয় শিবসেনা উদ্ধব বালা সাহেব ঠাকরে,angry
মত প্রকাশের স্বাধীনতা মানেই বাংলোতে খুন,angry
. তিনিই প্রথম এই ভুয়ো খবর ছড়ান।,neutral
দয়া করে ভগবান সিদ্ধেশ্বর রুকমে পরিবারকে এই কষ্ট থেকে বাঁচানোর শক্তি দিন!,sad
"জনমতের মানুষ বোকা, তারা পুরস্কারের কথা ভাবতে থাকে।",angry
ভারতীয় রুপির দরপতনের মধ্যে অর্থমন্ত্রী নির্মলা সীতারামনের বিতর্কিত বক্তব্য।,angry
আসলে এর জন্য আসা উচিত ছিল কিন্তু দুর্ভাগ্যবশত বক্সের জন্য এসেছে...,sad
"যদি ভবিষ্যতে এনসিপি কখনও বিভক্ত হয়, ধনু ভাইরা প্রথম দল ছেড়ে যাবেন",angry
মহারাষ্ট্রের বিশ্বাসঘাতককে কী জবাব দেবেন? মহারাষ্ট্র হেরে যাওয়া কি ভালো লাগছে?,angry
"উদ্ধবজি বলেছেন ভুজবল স্বার্থপর, ভুলে যান যে বালাসাহেবকে গ্রেফতার করা হয়েছিল",angry
আপনি কি নর্দমা এবং টয়লেট ছাড়া অন্য কিছু সুপারিশ.. টয়লেট পুত্র,angry
যেকোনো সংখ্যক লাঠি নিন। আপনি কাঙ্ক্ষিত ফলাফল পাবেন না। সর্বদা আপনার মুখে আঘাত করবে,angry
"ধর্ষকরা বিজেপিতে ঢুকছে, দল ছাড়ছেন না কেন?",angry
যদিও গরিবদের ভেতরে থাকতে হবে,sad
"মনীষা আজ হেরে যাওয়ার মতো কথা বলছে, হয়তো কালকের ঘা নরম করার জন্যই এই প্রস্তুতি।",fear
এমনকি মহারাজার নাম উল্লেখ করাও অপরাধ,angry
তাহলে গত কয়েক বছরে মুম্বইয়ে যখন প্রবল বৃষ্টি হচ্ছিল তখন বিজেপি কেন শিবসেনাকে দোষারোপ করল?,angry
জনগণ কিন্তু আগ্রাসী দুর্নীতি কোনো কাজে আসবে না,angry
"স্যার, আপনিও একটা করুন",neutral
পথে মহারাষ্ট্রের ঐতিহ্যবাহী স্থানগুলি আবিষ্কার করুন :),neutral
ঔরঙ্গাবাদে অনেক মন্ত্রী থাকার কথা শুনেও ঔরঙ্গাবাদ কি ‘উন্নত’?,angry
"নিখিল জি, শেষ পর্বটি শোনা যায় নি, দয়া করে আবার টেলিকাস্ট করুন!!",neutral
হিন্দুধর্ম একটি ধর্ম নয় বরং একটি জীবন ব্যবস্থা - শ্রীমদ্ভগবদ্ গীতা,neutral
এই নিয়েই ছিল জল্পনা,angry
"""আওরঙ্গজেব সহ্য করতে পারতেন, কিন্তু সম্ভাজি মহারাজ তা সহ্য করবেন না।"" -:পর্তুগিজ ভাইসরয়",angry
আমাদের সকলের আমাদের কুলদেব জয় হো এর দর্শন করা উচিত,happy
"পরীক্ষার ফলাফল ঘোষণা, এভাবে আপনার ফলাফল দেখুন",neutral
এমনকি বিক্রমকেও সেই জারজ দ্বারা এত অত্যাচার করা হতো না।,sad
লেখক এই টুইটটি কাউকে সতর্ক করার জন্য করেছেন যে আমি কনকনে আছি,neutral
আপনি কি শুধুমাত্র টুইট করেন বা নীচের মন্তব্যগুলি পড়েন?,neutral
তারা কি অবদান বলেছেন?,neutral
"কুলকার্নি, তুমি কি কখনো পুনেরি পাগড়ি দেখেছ? মুন্ডাসে? কোলহাপুরী ফেটা?",neutral
এবার দেখুন তিনি কেমন বললেন...!,neutral
তার মানে মানুষ আপনার ঘরের। মানুষকে সিদ্ধান্ত নিতে দিন।,neutral
বাস কি পরিবর্তন হয়নি??,neutral
আর খবর জনগণ জনমত,neutral
"বলুন কেন অন্ধকারে পিছু হটলেন, অন্যরা কি শুনছে না?",angry
আপনার শ্রদ্ধেয় দীঘির নাম কেন নিলেন না?,angry
নিরাপত্তা বাহিনীর তদন্তে কী ঘটেছে? হামলার পরিকল্পনা কারা করেছিল?,angry
আদিত্য একজন জননেতা...দাদার থেকে,happy
এই পরামর্শ কোথা থেকে এসেছে?,neutral
দলটি মূলত কংগ্রেসের দল ছিল.. জরুরি অবস্থাকে সমর্থন করে,neutral
"ধীরে ধীরে সবাই আসবে। দয়া করে ডাহানু, পালঘর দেখুন।",neutral
"এই ছিল আমাদের সময়, আজকের শিশুরা এমন নয়",sad
এ ঘটনা নিয়ে পত্রপত্রিকায় সংবাদ প্রকাশিত হয়।,neutral
হ্যাঁ আমি জানি,neutral
কেন দেখা রাখা না,neutral
এবং কেন এই পোষা wallabies শিকারীদের সাহায্য না?,angry
"হ্যাঁ। এই কি আমার মনে আসে. মানে, তার দল কি বিভক্ত?",neutral
আপনার অভিযোগ সংশ্লিষ্ট কর্তৃপক্ষের কাছে পাঠানো হয়েছে।,neutral
আমিও তাই ভাবি কিন্তু ঢাল-তলোয়ার দেওয়া হবে বলেই মনে হয় বেশি।,fear
মোদি ক্ষমতায় আসার পর থেকে কত নারী বিচার পেয়েছেন বলবেন?,angry
"তারা নির্বাচনের প্রস্তুতি নিচ্ছেন, সময় পেলে কথা বলবেন, কিন্তু সময় পাবেন বলে মনে করেন না।",neutral
কেউ চিঠি লিখেছে কেন?,neutral
আপনি আপনার মনের কথা বলছেন... সংসদেরও মনে রাখা উচিত লোকশাহির আন্নাভাউ সাঠে কী বলেছিলেন...,happy
"আদি একনাথ শিন্ডে, ফড়নবিস, নারায়ণ রানে, রাজ ঠাকরে, কিরীট সোমাইয়া, শাহ এবং নাড্ডার তদন্ত হওয়া উচিত।",angry
আনবে..?,neutral
নাগপুরে কি দুই ঘণ্টার লোডশেডিং শুরু হয়েছে?,angry
প্রথমে অনুজ পাঠক এবং রাহুল খানকেও এটি ব্যাখ্যা করুন।,neutral
লাকা তুমি মারাঠি নাকি বিহারী?,neutral
শিবসেনাকে ধ্বংস করার এই ষড়যন্ত্র চিহ্নিত করুন,angry
"প্রধান বিচারপতির এখানেই শেষ নয়, তার পরে কেউ আসবে",neutral
দ্বিতীয় কাজ...কাল থেকে,neutral
সত্যিই এটা পাঠাতে চান,neutral
এটা আমাদের সবার জন্য..,neutral
একটি স্প্রে আছে?,neutral
ভাগ্য রাবণকে বিশ্বাস করে কিন্তু আপনার ভগবান শ্রী রামকে কাল্পনিক মনে করা হয়।,happy
"এটাকে শক বলে না, কান্না বলে। পুরুষরা এভাবে কাঁদে না। সামান্য ক্ষত",angry
:'এই' মাল্টিব্যাগার স্টক তিন সপ্তাহে লাখ টাকা আয় করেছে!,happy
এটাই আমি শুনতে চেয়েছিলাম,happy
ওটা আমার সোনাপদী...,happy
পদ্ম ফুটবে আর খড়গ পড়বে কেন?,neutral
তিনি মহারাষ্ট্রপ্রেমিক ও দেশপ্রেমিকদের প্রিয়। সহানুভূতি শব্দটি অনুপযুক্ত,neutral
এই সব আমাদের সামনে খুবই স্বাভাবিক মহেশ...,neutral
সেজন্য,neutral
এটা ভুল,neutral
বাবা সাহেব আম্বেদকর এক ছিলেন এবং থাকবেন,happy
তোমার পাড়ায় তাতিয়াকে দেখছ না?,neutral
"বলুন তো স্যার, আপনার রাজ্যে কী হচ্ছে?",angry
"ভাইরাল হচ্ছে পূজা সাওয়ান্তের ইনস্টাগ্রাম পোস্ট, দেখেছেন?",neutral
আমেরিকার এক কৃষক মুরগির গলা কেটে ফেললেও মুরগি মরেনি।,happy
রাজ ঠাকরেও এই কথা বারবার বলতেন,neutral
"যদি এটি ব্যবসায়িক বা ব্যক্তিগত হয়, আমিও তাই করি",neutral
আব্বাব মানে খেলা চলছে নিঃশব্দে,happy
"আরে, কিন্তু টাকা নাও, ফ্রিতে দিও না।",neutral
"এখন এটা চলে উদ্ধব সাহেবের ধারনায়, বালা সাহেবের ধারনা এতে প্রযোজ্য নয়।",neutral
"তাই দাদা বলেন, এখন বিয়েই শেষ বিকল্প।",neutral
এটা সঠিক..,happy
এসব বিষয়ে উন্নয়নে নিরপেক্ষ থাকাই গণমাধ্যমের বড় দায়িত্ব...!,neutral
আপনি শৈশবে দেবী টিকা পেয়েছিলেন।,neutral
একটি সম্পর্কের আয়না না করে মানুষের সুখ এবং দায়িত্ব নিয়ে বাঁচতে শেখা উচিত।,neutral
আপনি কি ভাইভু দিওয়ালি কেনাকাটা করেছেন?,neutral
শিবভোজন প্রকল্পের তদন্ত হবে! পরিকল্পনা থামবে না!!!,happy
মনে হচ্ছে পুরুষদের সম্পর্কে যা বলা হয় তা এখন ঢেকে রাখা উচিত।,angry
লাল মাজা শোভেলকে বিশেষ্যের ভাষা সম্পর্কে জিজ্ঞাসা করতে যায়,neutral
আপনি উত্তর দেননি কারণ আপনি যুক্তি বুঝতে পেরেছেন।,neutral
ওহো! এটা আমার সংকেত,angry
বালাসাহেব থোরাটের উদয় রাও,neutral
রাজনৈতিক বিশ্লেষক অমল স্যার উত্তর মহারাষ্ট্রে একজন বড় নেতা হিসেবে পরিচিত।,happy
বন্ধুরা প্রস্তুত হও! এখন দুধের দাম এত বাড়বে!,happy
"অন্ধ্রপ্রদেশ, তেলেঙ্গানা, কেরালা, কর্ণাটক, তামিলনাড়ু, এই সব রাজ্যই দারুণ সাফল্য পাবে।",happy
আগামী স্থানীয় নির্বাচন এই জোটের সঙ্গেই লড়বে- নম। দীপক কেসরকার,neutral
"ভিক্ষা নাও, থলে নিয়ে যাও, পাত্র ভরে খাও",neutral
যাদব সাহেবের দুজনের কষ্টই আলাদা। এই দিকে মনোযোগ দিন।,neutral
ঋতুজা লটকে সামনে বিজেপির পিছু হটতে 'এগুলো' মানে!,neutral
আমরা কখনই বুঝতে পারিনি যে এটি কতটা সময় নেয়।,neutral
কিন্তু কে এই?,neutral
কেন তারা এটা বন্ধ করেনি?,angry
কিন্তু কোনটি?,neutral
কেন PFI নিষিদ্ধ করল সরকার? এগুলো হলো প্রধান কারণ...,neutral
ওয়াগলের শত্রু সঙ্ঘ ও ব্রাহ্মণ।,angry
"মাস্টার সব কৌশল শেখায়, কিন্তু একটি কৌশল চিরকাল রাখে...",neutral
একজন নেতার মৃত্যুর পর তার বিরুদ্ধে কোনো প্রার্থী না দাঁড় করানো কি ঠিক বলে মনে করেন?,neutral
নানা পাটেকর দাদা,happy
কোলহাপুর উপনির্বাচনের সময় সংস্কৃতি ছুটিতে ছিলেন।,neutral
তাদের একটি মতামত আছে?,neutral
প্রথমে এটা স্বীকার করতে হবে যে সীমা আছে...,neutral
এরা কি আসলেই জন্মসূত্রে হিন্দু????,angry
এর আগেও এমন চেষ্টা করা হয়েছে। মোদি যখন গুজরাটের মুখ্যমন্ত্রী ছিলেন তখন তাঁর এই স্টাইল ছিল।,neutral
"পাঁচ বছর মুখ্যমন্ত্রী ছিলেন ফড়নবিস, কে টুইট করবেন?",neutral
আমি ইটালি জেলায় যোগ দেওয়ার কথা ভাবছি...,neutral
সান্তারগুল্যা শব্দটি বিদর্ভের খুব বিখ্যাত। এই বিধায়কের ক্ষেত্রেও একই ঘটনা ঘটেছে।,neutral
এটা বিশ্বাস করা হয় যে মোটা ভাইকে বিচারের ঈশ্বর দ্বারা শাস্তি দেওয়া হয়েছিল।,happy
আমার এই টুইটটি আপনার মত অন্ধদের চোখ খুলে দিতে।,angry
| এই প্ল্যাটফর্মে মুক্তি পাবে 'ব্রহ্মাস্ত্র' ছবিটি,neutral
এটা কার গল্প বলা?,neutral
আমাদের জানানোর জন্য ধন্যবাদ. আমরা আপনার অভিযোগ সংশ্লিষ্ট বিভাগে পাঠিয়েছি।,neutral
ডিসেম্বর পর্যন্ত কি এভাবেই বৃষ্টি হবে?,happy
পিএফআই-এর হোয়াটসঅ্যাপ গ্রুপ অ্যাডমিনিস্ট্রেটর পাকিস্তানি সিমি-র মতো কাজ করছেন; এটিএসের তদন্তে বেরিয়ে এসেছে,angry
এখন এটা ঠিক করা হয়েছে! উদ্ধব ঠাকরের মশাল ঠেকাতে প্রস্তুত শিন্ডের ঢাল-তলোয়ার!,neutral
জনস্বার্থ সরকার জনগণের দ্বারা গৃহীত সরকারী সিদ্ধান্ত জনস্বার্থে,happy
'বিজেপি মহারাষ্ট্রের ঐতিহ্য ধরে রাখতে কাজ করেছে'; একনাথ শিন্ডের প্রতিক্রিয়া,happy
এর মানে কি দেবেন্দ্র ফড়নবীস একজন দূরদর্শী নেতা? ফড়নবীস এই কাজটি করেছেন...,happy
বর্তমানে নির্বাচন কমিশনের আইনজীবী অরবিন্দ দাতার।,neutral
"ওহ, কিন্তু এতক্ষণ কোথায় ছিলে?",happy
: মেঘ ফেটে বৃষ্টি হচ্ছে কেন? এর পেছনের কারণ কী?,neutral
এটা ভুলা যাবে না,sad
এটা তার মা তাকে বলছিলেন,neutral
"রবিকান্ত জি, জেলে আপনার বাক্সগুলো কি নিরাপদ?",angry
নির্বাচন কমিশন একটি স্বায়ত্তশাসিত সংস্থা যা ইতিমধ্যেই কেন্দ্রীয় সরকারের দাবিতে আবদ্ধ।,angry
"ট্যাগিং চালিয়ে যান, এটি তাদের সাথে যোগাযোগ করার একমাত্র উপায়",neutral
"স্যার, আপনি কোন আইন পরিবর্তন করছেন?",neutral
আশা করি এটি পড়ে অন্তত কিছু লোক বুঝতে সাহায্য করবে:,sad
এটা কি তরবারি নাকি ছোরা????,happy
লোকেরা আপনার ধারণা পছন্দ করে কারণ আপনার বিশ্লেষণ তীক্ষ্ণ।,happy
বাম হাতে খাওয়ার পালা।,neutral
এটা আমাদের মত তথাকথিত সাংবাদিক এবং সরকারী কর্মচারীদের জন্য বিশেষভাবে সত্য।,angry
তাহলে সাঙ্গ্যা কি জেলে পিকনিক করতে গেছে?,angry
বড় খবর! শিন্ডে সরকার আরেকটি গুরুত্বপূর্ণ সিদ্ধান্ত নিল,happy
এই সস্তা zealots হয়,neutral
এই প্রবণতাকে সময়মতো গুড়িয়ে দিতে হবে।,angry
তখন আপনি পাকিস্তান ছিলেন এবং ভারতের বিরুদ্ধে জিতেছিলেন,happy
আমি দুদিনের মধ্যে নান্দেদ জেলায় যোগ দেব,neutral
"লা লিগার সেরা ম্যাচ এফসি বার্সেলোনা বনাম রিয়াল মাদ্রিদ, এটা হবে উন্মাদনা।",happy
"সাহেব যখন শিবসেনাতে ছিলেন, এটা পুরনো ছবি",neutral
এটাও বালা সাহেব,happy
আপনি বলছেন যে আপনি প্রসন্ন জোশীকে উত্তর দেননি।,neutral
কেন সুসু তাই? তারা সেই একই গর্তের ছবি তুলছিল,angry
"আপনি যদি মনে করেন যে আসনটি পড়ে যাচ্ছে, এখন এটি শুরু হয়েছে",neutral
"ভাই, নইলে এই ক্লাউন বাঘ জঙ্গলে যাবে।",angry
আপনার নিজের বাড়িতে এমন ঘটনা ঘটত।,neutral
যারা দেশি মদ পান করেন তারা ইংরেজি জানেন না।,neutral
"নতুন দল, নতুন নাম, একটি আসনে নির্বাচন, ময়দানে এমএলএ-এমপি",happy
তিনি একজন সৈনিক...,happy
তার মানে লড়াইটাও জাতীয়তাবাদী ও দেশবিরোধী চিন্তাধারার মধ্যে।,angry
নির্বাচন বিনা প্রতিদ্বন্দ্বিতায় হওয়া উচিত নয়,neutral
দুজনেই মন থেকে সত্যি বলছি..!,happy
আপনি কি তার পুরানো ছবি দেখেছেন?,neutral
গান ভারী,happy
মৃত্যুকে ভয় না পেয়ে সময়ে সময়ে মনে রাখা উচিত।,neutral
হয় নাকি,neutral
"যদি হ্যাঁ, তাহলে কেন তিনি সুপ্রিম কোর্টে গেলেন? কপিল সিবালকে আর্থিকভাবে সাহায্য করছেন",angry
আমার মনের মধ্যে সঞ্চিত এত কিছু লিখতে আমাকে সবসময় বাধা দেওয়া হয়।,sad
ফিরতি বৃষ্টিতে ধানের ক্ষয়ক্ষতির জন্য ক্ষতিপূরণ দিতে।,sad
"প্রয়োজনীয় ব্যবস্থা নেওয়ার জন্য আপনার তথ্য ট্রাফিক কন্ট্রোল রুম, থানে সিটিতে জানানো হয়েছে।",neutral
এগুলো সব হলুদ! মিনি জেজুরি স্টেশনে আজ আয়োজন!,happy
কবে এসটি একীভূত হবে স্যার?? এখন সিদ্ধান্ত আপনার হাতে।,neutral
অনুগ্রহ করে এই অনুরোধটি বিবেচনা করুন...জয় শ্রী রাম!!,neutral
"এখন দলের নেতারা কাকে ধন্যবাদ জানাবেন, রাজ সাহেব, পাওয়ার সাহেব নাকি ফড়নবীস সাহেব?",neutral
প্রার্থীরা কি দিতে যাচ্ছেন?,neutral
দেখা যাচ্ছে যে সমস্ত তীর্থস্থানে ভারতমন্তী যাত্রা হয়,neutral
বালা সাহেব ছিলেন একজন কট্টর পুরানো শিব সৈনিক।,happy
এত ভালো খবর কিন্তু সেই লাইনটা মনোযোগ আকর্ষণ করছিল,happy
দেশীয় এলপিজির এই প্রস্তাবে অনুমোদন দিয়েছে কেন্দ্রীয় মন্ত্রিসভা,neutral
"গরুকে গাড়িতে বেঁধে রাখা অস্বাভাবিক এবং নিষ্ঠুর, তাই গরুর পালকে পায়ে হেঁটে নিয়ে যাওয়াই ভালো।",angry
"সহজ যোগ শোভা যাত্রা, ইন্দ্রি (কারনাল) ডিসেম্বর:",neutral
ইংরেজিতে আজ রবিবার কেন?,neutral
ঘরে বসে থাকার মানে কি?,neutral
আসল দীপাবলি তাঁর হাতে,happy
"যোগীরাজ কীভাবে এমন করলেন, মহারাষ্ট্রে কেন হান্টারের মতো অ্যাকশন চলছে না?",angry
এটা আসলে শুরু হয় না. এই দিনটির জন্য আপনি অপেক্ষা করছেন,happy
এটি দিলওয়ালে অজয় ​​দেবগনের,neutral
সমৃদ্ধির শ্রী গণেশ কখন? .. .//,neutral
যেহেতু সে বিদেশে পড়াশোনা করে,neutral
মনে হচ্ছে টেপটি মাত্র অর্ধেক শেষ। শেষ পর্যন্ত লিঙ্ক প্রদান করুন.,neutral
রাষ্ট্রপতি দ্রৌপদী মুর্মু আজ থেকে ত্রিপুরা ও আসামে তিন দিনের সফরে।,neutral
মুদ্রাস্ফীতি না বাড়লে বেতন কম...,sad
এই ছেলে তৃতীয় পক্ষ হবে!,happy
"আমি কিচ্ছু জানি না, শুধু এখন দেখছি আমি এ বিষয়ে কিছুই জানি না।",happy
আজ থেকে উদ্ধব ঠাকরে জনগণকে বলবেন: 'সকলের মনে রাখা উচিত যে আমরা বালা সাহেবের শিবসেনাকে হারাতে চাই।',angry
". এমনকি তার চুল ড্যান্ডি হবে না, তিনি একটি শাঁখা কানের দুল পরেছেন।",happy
"অন্তত সেখানে পছন্দ আছে, আমাদের মত নয়",angry
এটি একটি...,neutral
আমি কি আপনার শহরের ইঞ্জিনিয়ারের নাম এবং নম্বর দিতে পারি?,neutral
নোট- বানান সংশোধন প্রয়োজন! বাকি রচনাটি ভালো।,neutral
আপনি টুইটার ছেড়ে দিলেও এটি এখন কাজ করবে,neutral
আপনি যদি আপনার বাড়িতে রাধা-কৃষ্ণের মূর্তি রাখেন তবে আপনার এই বাস্তু নিয়মগুলি মেনে চলা উচিত।,neutral
আপনি যে অর্থ উপার্জন করেন তার পরিকল্পনা করা আরও বেশি অর্থ উপার্জনের চেয়ে গুরুত্বপূর্ণ।,neutral
বলটা একটু পড়ে যাওয়া উচিত ছিল,neutral
শিন্দে গোষ্ঠীকে ত্রাণ দেওয়ার মানে কি নির্বাচন কমিশন শিন্দে গোষ্ঠীকে পরিচালনা করছে?,angry
এটাকে কি বিষ বলে??,neutral
শক্তি মানে শক্তি,neutral
"এত কিছু সত্য হওয়া সত্ত্বেও দেব-দেবীর জন্ম, শিশুদের বিনোদন ইত্যাদির কোনো গল্প না থাকার কারণ কী?",happy
ধরা যাক নানা এখন ভালো আছেন.. কিছু পরীক্ষা করা যাক,neutral
"জয়দীপ ঠাকরে আছেন, জয়দীপের সঙ্গে তাঁর কাকা উদ্ধব জি ঠাকরেও আছেন।",neutral
"'ট্যাটু', যৌবনের অলংকরণ; রঙিন... ./?",neutral
এখন মনসপুত্রকে এখানে আনলে কেন?,angry
স্লুট বনবাই বাঁকিয়ে বাঁকিয়ে... ঘুমায় কিন্তু...,angry
এই ছবি কবে সত্যি হবে...এবং কিভাবে...একটি অনুমান...দেখা যাক...,happy
কেন তারা এটা পরবে ..এটা শুধু তাদের উপকারে আসবে,angry
স্যারেরও কিছু আত্মীয় আছে কেন?,angry
আর জেল ভ্রমন হবে ফ্রি,angry
সরকার কি অনুমোদিত?,neutral
ব্রিটিশ আমল ছাড়া সবই ব্যবহৃত হয়। অনেকগুলো এখনো সংগ্রহে আছে,neutral
কসাইয়ের কাছে যাও কিন্তু বাড়িতে হাঙ্গামা করো না,neutral
আপনি কি জানেন তারা কারা ছিল?,neutral
",,Wado m অনুপাত হল,,",neutral
থাইরয়েড এড়াতে এই ব্যবস্থাগুলি গ্রহণ করুন,neutral
শিন্ডে সাহেব জনকল্যাণমূলক সিদ্ধান্ত নিয়েছেন,happy
এটা কি ধরনের আরাম?,angry
তিন দিন ধরে জলিলের পা চেপে ধরে বসে আছে অম্বাদাস।,sad
"জানালা দিয়ে উঁকি দিয়ে একটু সাবধান হয়ে গেল সে, মনের দরজায় ঝড় গর্জন করছে।",fear
চারটি প্রতিষ্ঠিত দলই এই ম্যাডামের জন্য দায়ী,angry
আমিও.. গোকর্ণের মহাগণপতি সেখান থেকে খুব কাছে..,happy
আমি ভেবেছিলাম এটা আমার জন্য,happy
আর ভালোবাসা এমন কিছু যা করা যায় না করা যায়...!,neutral
কিন্তু যখন এত বৃষ্টি হবে তখন কী ব্যবস্থা নেওয়া হবে তা ঠিক করতে হবে পুরসভাকে।,neutral
এখন আপনার সবকিছু প্রয়োজন হবে।,neutral
আমি নিজে এই ভিডিওটি দেখছিলাম এবং শুধু এই জিজ্ঞাসা করছিলাম।,neutral
"সমুদ্রে ভেসে যাওয়া স্ত্রীর কাছ থেকে একটি ভয়েস মেসেজ এসেছিল; ""আমি রবির সাথে খুশি""...",sad
তিনি কি এখনো উপনির্বাচনে যাননি?,neutral
দেবরা কি শিসামার?,neutral
নির্বাচন কি?,neutral
"অনুমোদিত রিসেলার এখন সার্কুলার রোড সাংওয়ান চক, ডাবওয়ালি রোডে খোলা",neutral
রাজ্যের স্বরাষ্ট্রমন্ত্রী এবং কেন্দ্রীয় স্বরাষ্ট্রমন্ত্রীর পদত্যাগ করা দরকার।,angry
দাদা মুক্ত ছিলেন,neutral
তারা আমাদের এটাও দেয় না..,angry
"যেহেতু হনুমান চালিসার বিরোধিতা করছিলেন, তাই ভগবান রাম অবশেষে ধনুক ও তীর ছিনিয়ে নেন।",angry
আসলে একজনকে নিজের মনকে রক্ষা করতে সক্ষম হওয়া উচিত ... কীভাবে একজন সর্বদা অন্যের উপর নির্ভর করতে পারে..!,sad
কংগ্রেস নেতা। রাহুল গান্ধীর ভারত সফরের আজকের দৃশ্য।,neutral
টর্চটাও নিভে গেছে...,sad
তাইয়ের আজকের টুইট ভাই এবং দাদাকে উৎসর্গ করা হয়েছে।,neutral
এটি এমএনএসের বিজেপি বিধায়কের আত্মসমর্পণ।,angry
হ্যাঁ আমি জানি পুনে জেলা কোথা থেকে এসেছে,neutral
পৌর কর্পোরেশনের কি বৃষ্টি ও উপচে পানির বিষয়ে ব্যবস্থা নেওয়ার অধিকার আছে?,neutral
"দাদা, শিবরায় এবং বাজি প্রভুর মধ্যে মারামারি হয়েছিল? ইতিহাসে এর কোনো উল্লেখ আছে কি?",neutral
বালা সাহেব থাকলে এই ছবি দেখা যেত না।,sad
এবং সৃষ্টিকেও উৎসাহিত করা হয়।,neutral
অতুল পাতিল,neutral
আমরা যদি তাকে আদর করে ডাকি তাহলে অপমানটা এল কোথা থেকে??,angry
সেপ্টেম্বরে মহারাষ্ট্রে ক্ষমতার লড়াইয়ের শুনানি: কী সিদ্ধান্ত নেবে সাংবিধানিক বেঞ্চ? -,neutral
স্কুল শিক্ষামন্ত্রী তার বিভাগের মাধ্যমে একটি শিক্ষা বিপ্লব ঘটাতে একটি বড় চ্যালেঞ্জের মুখোমুখি...,neutral
জনগণের স্পষ্ট ভোট বিজেপি।,happy
এই ভালবাসা ছড়িয়ে দেখুন..,happy
তারা কি কখনও শেষ?,neutral
সুতরাং স্পষ্টভাবে কথা বলুন এবং লোকেরা অন্য কোন অর্থ বা ধারণা গ্রহণ করা উচিত নয়।,neutral
আর এসব মাদক কারো বন্দরে অবতরণ করে,angry
শেষ বাক্যটি হল - আপনি কি বলতে চান যে এই সময়ে শুধুমাত্র সাদারা চাটা হয়?,angry
বালা সাহেব একজন ছিলেন এবং তিনি একজন ঠাকরে,happy
"...তাই মশাল নির্বাচনী প্রতীকে নির্বাচন হয়েছিল, প্রতীকের 'সেই' গল্প বললেন ছগন ভুজবল!",neutral
রাওয়াত্যের সময় তোমার এই অধিকার কোথায় গেল?,angry
"বস, সরকারের প্রশংসা করতে থাকুন।",neutral
এখনও কি রোহিত ও বিরাটের মধ্যে পার্থক্য আছে? সব প্রশ্নের উত্তর পেতে এই ভিডিওটি দেখুন,neutral
কেমন আছেন? বাড়ি থেকে বের হওয়ার সময় এ খবর আসে।,sad
হাসো না.. আমি হাসলাম আর হাসলাম... এখন পর্যন্ত,happy
এরা কি আমাদের কনকনের অফিসার..?,neutral
দেখুন এখান থেকে এসেছে কিনা।,neutral
ততক্ষণ পর্যন্ত কি আমাদের পানি ছাড়া থাকতে হবে...,sad
ব্যাখ্যাটি অস্পষ্ট এবং অস্পষ্ট।,neutral
এত কিছুর পরেও কেন শিবসেনার নির্বাচনী প্রতীক স্থগিত করে তাদের বিজয় ঘোষণা করা হচ্ছে...???,angry
লিখুন যে সিপি জোশী রাজস্থানের মুখ্যমন্ত্রী হতে চলেছেন।,neutral
সেজন্য আমি ভিতরে যাই না,neutral
আপনি একটি মামলা খুঁজে পাচ্ছেন না... আপনি উগ নামের একজন আইনজীবী,angry
মেহবুবা মুফতি কি আপনার বোন?,angry
বাবা ছগন ভুজবলের আজ সরস্বতী মাতার বক্তব্যকে আমলে নেওয়ার অনুরোধ...জয় শ্রী রাম!!,happy
এটা কি কাজ করেছে নাকি?,neutral
"ওখান থেকে আনার সময় আপনি কিছু মনে করেননি, তাহলে নামকরণের সময় জিজ্ঞেস করলেন কেন?",angry
তোমাকে চিনি না?,neutral
অনুরোধ করা হচ্ছে স্বরাজ্য সংঘকে বিদর্ভেও প্রচার করা হোক।,neutral
"""অতীত পরিবর্তন বা ভবিষ্যতে ইতিবাচকভাবে প্রভাবিত করার জন্য আমি এই মুহূর্তে কিছু করতে পারি?""",neutral
গ্রামীণ শিক্ষার্থীদের লাল বাস সুবিধা প্রদান।/?= …,neutral
এই নেতা শিন্ডের কাছ থেকে সব ছিনিয়ে নিলেন..! মহারাষ্ট্রে এই ভাষণ নিয়ে আলোচনা! ...,happy
আজ দুপুর আড়াইটার মধ্যে ঋতুজা লাটকে পদত্যাগের বিষয়ে সিদ্ধান্ত নেওয়ার নির্দেশ দিয়েছে আদালত,neutral
এটা কি ধরনের শব্দ?,happy
মান… তার নির্দেশেই চিঠিটা লেখা… মান কাশলা… খেলা এখন শেষ,angry
তাহলে আপনি মানে ওয়াগলে একজন সাংবাদিক????,happy
"কৌশল ইনামদার, মোহিত কুম্ভোজ, সদানন্দ, রাষ্ট্রভক্ত কাকা প্রমুখের পরে তিনি সেলিব্রিটি হয়ে ওঠেন।",angry
এটি কি মারাঠি রাজ্যের মিউনিসিপ্যাল ​​কর্পোরেশন?,neutral
"চন্দ্রকান্ত খয়েরে বলেন, গুরগ্যায় এটাই সত্য",neutral
এটা খারাপ হওয়া উচিত ছিল.. এটা কিভাবে স্বাভাবিক হল..,happy
ভবিষ্যতে বিজেপির এই অবস্থা হবে,sad
এই তেলটি কোনও ব্যক্তি বা সকলের দ্বারা খাওয়া উচিত নয়,neutral
কেন আশা পারেখ বিয়ে করেননি?; কারণ আপনি অবাক হবেন!,happy
বিজয় আপনার হবে,happy
মারাঠি প্রার্থী থাকলেই ভোটের ভূমিকার কারণেই এমন সিদ্ধান্ত নেওয়া হত।,neutral
চল যমুনা নদীতে যাই।,neutral
বিয়ে করতে। লানিকে লাগা কা বলে,neutral
: বলা হচ্ছে এটাই সেরা ও সবচেয়ে বিপজ্জনক ওপেনিং জুটি!,happy
তাদের বিরুদ্ধে কি ব্যবস্থা নেয়া হবে??,angry
বাঁধে জল না থাকলে হয়তো অজিত পাওয়ার একথা বলতেন,neutral
"অবশ্যই, কিন্তু তারপর আপনাকে সেই নামের সমস্ত প্রকল্পের জন্য নিজের পকেট থেকে অর্থ প্রদান করতে হবে",angry
"এটা তাদের দোষ নয়, অন্যের দোষ।",neutral
"সবাই ঠাকর, কিন্তু বালা সাহেব একজনই।",happy
চাই,neutral
সব সত্যি কিন্তু এখানে কি দীপাবলির ছুটি আছে?,neutral
ওই লাডো কি তার ছিল?,neutral
"হে প্রিয়, বাঁচো, শামুক খাও আর সাহারার হাতির মতো ঘুমাও",neutral
এটি কিছু পরিবর্তনের সাথে আপনার ক্ষেত্রেও প্রযোজ্য হবে,neutral
যে কোন বেকারকে জিজ্ঞাসা করুন টাকার মূল্য কি।,neutral
আর এই চীনা আলো...,neutral
রাজস্থানের তথ্য কি সত্যি?,neutral
একজন শিল্পীর প্রতিটি শিল্পকর্মের সাথে অবশ্যই তার নাম যুক্ত থাকতে হবে।,neutral
আগামী দুদিন তিনি যাবেন না,neutral
তোমাকে খুঁজে বের করতে হবে তোমার বাবা কে,neutral
"বিশ্বাস করুন, রাজনৈতিক ব্যবস্থা বদলে যাবে... শুরু হবে পুনে থেকে।",neutral
বসন্ত কেন?,neutral
আমি আগে তাদের গ্রামে যাব,neutral
অপমান করার জন্য এসব লিখিনি,neutral
দাদা বললেন গিয়ে শিরডিতে সাই বাবার দানবাক্সের দৈর্ঘ্য ও প্রস্থ দেখুন।,neutral
"তাই, উত্তর দিও না,' মনে হচ্ছে... শেষ পর্যন্ত... শুধু ভক্তাই নমঃ করবে।",neutral
"আপনার দায়িত্ব পালন করুন, আপনার সন্তানকে টিকা দিন। অপেক্ষা করবেন না! ভাষ্যটি সঠিক।",neutral
ওহ! কি,happy
আজ শান্ততাইয়ের জন্মশতবর্ষ।,neutral
পুনের জনসংখ্যা লক্ষাধিক এবং উপচে পড়া ভিড়,neutral
আমাদের আজকের চিন্তা এবং আমাদের আজকের কর্ম আমাদের আগামীকাল..!,neutral
একটি গ্রহমন্ত্রী আছে?,neutral
চলো ভালো খাবার খাই.. মটকা কুলফিও খাই,happy
রাজনৈতিক নেতাদের মতো সরকারি কর্মকর্তা-কর্মচারীদেরও কি তদন্ত করা উচিত?,angry
এই একমাত্র সমাধান,neutral
পরিবার কি আপনাকে দেখেছে?,neutral
আপনি ধার মানে?,neutral
লেখক বলেছেন: তিনি মদ পান করেন না,neutral
"শুধুমাত্র দুটি জিনিসই একজন মানুষকে বুদ্ধিমান করে তোলে, একটি হল সে যে বইগুলি পড়ে এবং অন্যটি হল যাদের সাথে সে পরিচিত হয়...",neutral
আমাদের ভিতরের ভয়ই ঈশ্বরের জন্ম দেয়।,neutral
আমার জানা মতে ভলকান শব্দটি কোলাপুর অঞ্চলে বেশি প্রচলিত।,neutral
এই তারিখে কি শিন্দে গোষ্ঠী আরেকটি আঘাতের সম্মুখীন হবে?,neutral
আজ শুভঙ্করতিতে অংশ নিতে পারব কিনা জানতে চাইলে ড,neutral
"শুভ রাত্রি, হিন্দুরা। গরু সেবাই শ্রেষ্ঠ সেবা",happy
বারামতির পেঁয়াজের গন্ধ নিয়ে কী ভাবছেন?,neutral
আগামীর আরেক প্রধানমন্ত্রী...,angry
এটা হতে পারে... এটা ছিল না...,neutral
"স্পর্শ কারো সঙ্গ উপভোগ করার একটি উপায় হতে পারে, লালসা নয়।",neutral
পিএফআই সংস্থা কি আরব দেশ থেকে তহবিল পেতেছিল? আলোচনায় কিরীট সোমাইয়ার বক্তব্য,neutral
"ঋতুজা লটকে শিন্দে দলে আনার চেষ্টা? উদয় সামন্ত স্পষ্ট বলেছেন; বলেছেন, ""আন্ধেরি উপনির্বাচনে...""",neutral
সমবায় চিনিকলের পরিশোধন ক্ষমতা বাড়াতে এ সিদ্ধান্ত নেওয়া হয়েছে।,neutral
বালা সাহেবের শ্যালকের একটা বাহিনী আছে,neutral
এই ঘটনাটি ঘটেছে দলীপ ট্রফির ফাইনাল ম্যাচে।,neutral
সে তার অবস্থা অনুযায়ী কথা বলে,angry
আপনি কি দশাবতারীতে কাজ করতে চান?,neutral
একনাথ শিন্ডের ছবি কোথায়?,neutral
"একাকীত্ব আবার আসে, দু: খিত এবং একাকী...",sad
আমার সময় নেই,neutral
পেরিয়ারের লেখা কিছু সামাজিক স্তরে প্রতিদিন পড়া উচিত।,happy
জনগণের সমর্থন পাওয়া সম্মানের বিষয়; কংগ্রেস সভাপতি পদের ফলাফল নিয়ে শশী থারুরের প্রতিক্রিয়া,happy
এটা স্পষ্ট যে জপমালা পুঁতি পরিধান করা উচিত,neutral
তাহলে যে জিজ্ঞেস করে সে তো নয় চাচা...,neutral
"এই দিওয়ালি উৎসবে আপনারা সবাই বেড়াতে যেতে চান, আমি আমার বন্ধুদের সাথে হরিদ্বার যাচ্ছি।",happy
এরাই প্রকৃত শিব সৈনিক যারা শতাংশ গণনা করে...,angry
এমন খাবার সম্মান ও সম্মানের সাথে খাওয়া উচিত...!!,happy
আপনি কি দীপাবলির জন্য একটি মানিব্যাগ পেয়েছেন?,happy
দিওয়ালি স্যার আপনি এটা করতে পারেন?,neutral
তাহলে তারা আসলে কার বন্ধু?,neutral
চিকেন লেগ পিস খ্যাত উলহাস কামাঠে কি সেকেলে?,happy
শূর্পণখা বারবার সর্বত্র দেখা যাবে...কিন্তু লক্ষ্মণ সাহস করবে না।,angry
কোন উপায় কিন্তু তাদের বন্ধ করার কোন আইনি উপায় আছে কি? আইনি পরামর্শ কে দেবে?,neutral
আগে পেট্রোলের দাম নিয়ে বক্তব্য আর এখন বৃষ্টি নিয়ে এই বক্তব্য! মানে একই শক্তি!,angry
চাল চোরকে জিজ্ঞেস করো এটা কিভাবে হচ্ছে।,angry
"ভাষা কী, সংস্কৃতি কী, সব কিছুর মান কী",angry
মানসিক স্বাস্থ্যকে প্রাধান্য দিতে হবে: ডাঃ অতুল মেঘ,neutral
মনমোহন সিংয়ের প্রথম ডিগ্রি।,neutral
আমরা আমাদের কৃষকদের অধিকারের জন্য এখানে এসেছি,neutral
অনিকেত শাস্ত্রী এখন ঠাকরে গ্রুপের ভাইস প্রেসিডেন্ট হবেন।,neutral
একই আসনে একাধিকবার নির্বাচন হলে কী পরিবর্তন হয়? দয়া করে আমাকে এটা দেখান...,neutral
সাম্প্রতিক বৃষ্টির কারণে পুনের ট্যাপ স্টপ এলাকার নাম রিভার স্টপ করা হয়েছে!!,happy
"কিন্তু, আমি পড়েছিলাম যে বাপু সত্য ব্যবহার করছেন।",happy
ম্যাচ হাতে রেখেই কি সিরিজ জিতে গেল বলতে চান?,happy
.......দলীয় অনুগত একটি বিশেষণ থাকবে,neutral
এই গত উপনির্বাচনে আপনার স্যার চিঠি পাঠালেন না কেন?,angry
পুনে জিমে বোর্ড।/_,neutral
"সম্ভাজি যখন নগর মন্ত্রী ছিলেন, তখন কেন তাঁকে প্রবল বর্ষণ থেকে দূরে রাখা হল?",angry
আপনি কি ডাবিং স্টুডিওতে ছিলেন??,neutral
সাড়ে তিন জেলায় চারটি কম।,neutral
"বিজেপিতে যোগ দেব না, এনসিপিতেই থাকব- একনাথ খড়সে",happy
লাই হাসলো রাও... প্রথম পড়ার সময় এটা খেয়াল করিনি,happy
অপব্যবহার করা ট্যাক্স অ্যাকাউন্ট স্থগিত করা হয়েছে,fear
ঘুমানোর আগে দুধ পান করা কি ভালো?,neutral
এটা রাজ ঠাকরের মায়া,angry
"আপনার ভুল হবে, মেথি ছিল না।",angry
"স্যার, আপনি অনেক দিন ভাইন্দরে এসেছিলেন কিন্তু আমাকে আপনার সাথে দেখা করতে দেননি...",sad
নির্ধারিত হার কি কি তা ঘোষণা করা হবে বলে আশা করা হচ্ছে।,neutral
কেতকী চিতলের বিরুদ্ধে মামলা করল কে?,neutral
এটাও সত্য যে অনেক রাজনীতিবিদ সাংবাদিকদের সাক্ষাৎকার দিতে অস্বীকার করেন।,neutral
নীহার যদি বিহারের বিজেপি নেতাদের জামাই হন তবে তিনি কেবল তাঁর শ্বশুরবাড়ির পক্ষ নেবেন।,angry
খেলোয়াড়দের কঠোর পরিশ্রম এবং বিশেষ দিকনির্দেশনার জন্য এই পদক দেওয়া হয়,neutral
"প্রথম প্রেম মুখ দেখে, দ্বিতীয় প্রেম চরিত্র দেখে।",neutral
উপজাতীয় ভাইয়েরা উপস্থিত ছিলেন।,neutral
তাহলে আন্টি কি তাস খেলবে?,neutral
"তাই, ফাংগানভিস কি আপনাকে মুখ্যমন্ত্রী বানাবেন?? আপনি কি সম্পর্কে কথা বলছেন",angry
"মহান শক্তির ঢালের ওপারে লুকিয়ে থাকা বিশ্বাসঘাতকদের তরবারিতে মরিচা পড়বে, কিন্তু পালানোর উপায় নেই।",angry
"ভাই, আপনার জন্য... এই বিধায়করা বিজেপির এবং স্পিকার ঠাকরে গ্রুপের...",neutral
"মুম্বাইতে কাটিয়া, BEST এর বহরে বর্তমানে বেশ কয়েকটি বৈদ্যুতিক বাস রয়েছে।",neutral
আপনার মনে কি সত্যিই আছে?,neutral
কি,neutral
"আরে অতুল, আগে প্রমাণ করো তোমার আর বিজেপির একাধিপত্য কী?",angry
কিন্তু আমার প্রশ্ন কেন আন্তঃবর্ণ বিবাহ?,neutral
প্রতিটি বন্ধুত্বের একটি সম্পর্ক আছে এবং প্রতিটি সম্পর্কের একটি বন্ধুত্ব আছে!,happy
বন বিভাগের মুখ্য সচিবের উপস্থিতিতে বিভাগীয় পর্যালোচনা সভার আয়োজন,neutral
কর্ণাটকের হিজাব নিষিদ্ধ মামলায় আগামীকাল রায় দেবে সুপ্রিম কোর্ট,neutral
"আজ থেকে মশালটি ঠিকমতো জ্বালানো হয়েছিল, কিন্তু তার আগেই, এটি নিভানোর প্রস্তুতি শুরু হয়েছিল ...",sad
এটা কি মোদীর জন্য লেখা?,neutral
তাদের কতজন শাখা ব্যবস্থাপক মারাঠি ভাষায় যোগাযোগ করেন তা একটি পৃথক গবেষণার বিষয়।,neutral
ভারতে স্বাগতম ভাই... এত দিন কোথায় ছিলেন...?,happy
"সে নীল, তাকে ডাম্পিং গ্রাউন্ডে যেতে দাও।'",angry
আপনি কি ভারতীয় জনতা পার্টির কাউকে জিজ্ঞাসাবাদ করেছেন?,neutral
"উশিবসেনা এবং শিবসেনা এটাকে পছন্দ করে, যা অনেক কারসাজি করে!!",angry
পাকিস্তান জিন্দাবাদের স্লোগান শোনা যাচ্ছে না। দয়া করে ধর্মীয় উত্তেজনা বাড়াবেন না।,neutral
"মারাঠি ভাষায় লিখুন ভাই, আমি কিছু বুঝি না।",neutral
বা কি গাইতে যাচ্ছেন?,neutral
"রামদাস আঠাওয়ালের মতে, নিয়ম অনুযায়ী সরকারি কর্মচারীদের পদত্যাগ করতে হবে।",neutral
দাদা দয়া করে মনোযোগ দিন। মানুষ শ্রীগোন্দায়াকে খরা বলে ডাকছে।,sad
লক্ষ্মণের পা তার! বাবুজির কন্ঠে এই গানটি শুনুন। জয় শ্রী রাম।,happy
এই মত বার? তিনি বলছিলেন যে তিনি জিজ্ঞাসা করতে চান।,neutral
: তাই সিংহগড় রোডে ব্যবস্থা নিল মিউনিসিপ্যাল ​​কর্পোরেশন,neutral
গতবার নান্দেদ আসন চেয়েছিলেন প্রকাশ আম্বেদকর,neutral
টপার দিব্যাংশি জৈন কীভাবে পরীক্ষার জন্য প্রস্তুতি নিলেন?,neutral
আপনার কারণ এই এক?,neutral
আমরা কারা? তারা কি আরপিআই আঠাওয়ালের দল?,neutral
আপনি মারাঠি জানেন না বলে ধর্মান্তরিত করেছেন?,angry
এটা কখন করা হয়?,neutral
"আপনার আসন্ন সপ্তাহ, সাপ্তাহিক রাশিফল ​​(অক্টোবর পর্যন্ত) জানুন",neutral
তাই জিজ্ঞেস করছিলাম কেন গ্রামে গেলেন?,neutral
তারা বিরিয়ানি খেতে গিয়েছিল যেখানে তারা তাদের আত্মীয় ভেবেছিল,neutral
এখন ন্যায়বিচারও একই হওয়া উচিত... আর সুদামায়রা যেন এই দ্বারকা পায়..!,sad
যে নেতা প্রটোকল ভেঙ্গে বিনামূল্যে পাকিস্তানি কেক খেয়েছেন তার বক্তব্য বোঝার বাইরে।,angry
ওয়েস্ট ইন্ডিজের আগে শৃঙ্খলায় পিছিয়ে আসা উচিত ছিল,neutral
এখন কেউ 'উইকি দাতা' হতে পারে না। এর মানে হল 'বীর্য' বারবার দান করা যাবে না।,happy
"প্রশ্ন হল, আপনি কি মনে করেন এই রাজ্য সরকার সঠিক?",neutral
"যে মশাল অন্যায় জ্বালায়, মাতোশ্রীতে শিব সৈনিকদের শক্তি প্রদর্শন, উদ্ধব ঠাকরে বলেছেন...",angry
একটি তলোয়ার একটি মশাল কাটা যাবে - একটি চতুর প্রশ্ন,neutral
"দেখুন, আপনি যদি পারেন, যদি না পারেন, আমাদের ভাই আছে",neutral
চতুর্থ ক্যাটাগরি পুলিশ সদস্যদের জন্য প্রযোজ্য হবে কিনা তা সিন্ধে সরকার কবে সিদ্ধান্ত নেবে?,neutral
অবিলম্বে কৃষিমন্ত্রীর কাছে এই খবর পাঠান। কৃষকদের বিচার পেতে হবে,angry
"এটি সত্যিই একটি আশ্চর্যজনক বিশ্ববিদ্যালয়, প্রত্যেকের এটি পরিদর্শন করা উচিত।",happy
তিনি মারাঠা নন বলেই কথা বলছেন।,angry
আর সেই ব্যক্তিই আধুনিক ‘অনাজিপ্যান্ট’!,neutral
তিনি ভারতের প্রধানমন্ত্রী,neutral
এখন এটি দ্রুত করতে হবে।,neutral
"আরে, আমি তখন আপনার খারাপ মানসিকতা দেখেছি, তাই আমি একটি টুইট লেখার সিদ্ধান্ত নিয়েছি",angry
তিনিও একই কথা বলেছেন,neutral
সময়ের প্রয়োজন এই আচার্যজীকে জ্ঞান প্রদান করা...,happy
এই অবস্থা,neutral
কারণ সে স্বর্গের দিকে মুখ ফেরাতে পারে না,neutral
সে আজ ঘুমাতে পারে না,neutral
"মোদি আমাদের নিজের এলাকায় গড়েনি, কে আছে?",neutral
সোনু দাদা দাদা,neutral
"মানে, শেঠ ও শাহ নির্বাচন কমিশনকে ম্যানেজ করেছেন।",angry
"জাল হলফনামার জন্য 10 কোটি টাকা পেমেন্ট..., অভিযোগ নরেশ মাস্কের",neutral
এটি একটি ট্রেলার ছিল এবং তাদের অনেক কাপড় সেলাই করতে হবে,neutral
এটা প্রচার করার জন্য একটি সামান্য জিনিস,neutral
এই দেশকে পরিষ্কার করতে হলে সবার আগে মানুষের চিন্তা-চেতনা পরিষ্কার করতে হবে...,happy
এখন বলুন কবে দ্বিতীয় পর্ব ঘোষণা করা হবে।,neutral
আমি সম্প্রতি,neutral
শিবসেনা কি তাকে মারধর করেনি?,angry
রামায়ণ আমাদের পরিচয়ের একটি বিষয়। এবং আমাদের পরিচয় নিয়ে পরীক্ষা-নিরীক্ষা সহ্য করা হবে,happy
গুরুজী এই রকম..,neutral
'পিএফআই'-এর বিরুদ্ধে পদক্ষেপ নিয়ে বিরোধীদের নীরবতা কেন?,angry
এখন এই ঠিকানা বলতে যাচ্ছি,neutral
"অ্যাপ, টিভিসি ও জিঙ্গেল উন্মোচন করলেন মুখ্যমন্ত্রী",neutral
"আমার জন্য অমাবস্যা, আপনি কি আমার জন্য বটপূর্ণিমাকে পূর্ণিমার মতো করবেন? -@পূজা ডোমলে(রানু)",happy
তুমি কিছু করলে আমি তোমার পাছা পুড়িয়ে দিতে চাই।,angry
এটা জিজ্ঞাসা করা উচিত ছিল যে এটা পিষে না জড়ো করা হয়,neutral
"হ্যাঁ, আমি জেলা পরিষদ স্কুলের একজন প্রাক্তন ছাত্র।",happy
"পঁচিশ বছর পর এই প্রথম নির্বাচন দেখছি, সম্ভলা উপভোগ করুন তার জন্য ভালো, সীতারাম কেশরী হবেন তার",neutral
এটা একেবারেই সত্য...লোকেরা ঈশ্বরে বিশ্বাস করে না,sad
"আমি গতকাল এই বিষয়ে একটি বিস্তারিত থ্রেড লিখেছি, এটি পরীক্ষা করে দেখুন!",neutral
আমি শুনেছি স্ক্রিপ্ট সেখান থেকেই এসেছে,neutral
"রাউত, যিনি কাউকে নিয়ে এই বক্তব্য দিয়েছেন, তিনি এখনও শীর্ষে রয়েছেন",neutral
এটা কি ঘটেছে?,neutral
নীরজ চোপড়া &; মাননীয়। প্রধানমন্ত্রী,neutral
"কিছু লোক মারাঠা সম্প্রদায়ের নয়, দাদা, তাদের সমাজ হিসাবে বিবেচনা করবেন না।",angry
আগামীকাল অবশ্যই একটি পূর্ণিমা ছিল,neutral
এই শ্রীখণ্ড মহাশক্তির দেওয়া কিন্তু কিভাবে বলব,neutral
দ্রষ্টব্য: এটি বপন করুন এবং এটি বাড়বে। যা বপন করা হয়েছিল তা এখন বড় হয়েছে।,neutral
"দয়া করে সাগো বাদে বা খিচড়ি খান, আমার জন্যও কিছু রাখুন।",neutral
আমি বলব এই ছবিটি প্রত্যেক হিন্দুর জন্য।,neutral
আপনার নিজের কোন আছে?,angry
ভারতের জিততে হবে,happy
এই কি ঘটেছে,neutral
কেসরকার শিরডি সাই বাবার ভক্ত এবং তার হোয়াটসঅ্যাপ প্রোফাইলে বাবার ছবিও রয়েছে।,happy
"এই টুইটটি করুণার জন্য নয়, সতর্কতার জন্য",neutral
এই সেই সাওয়ান্ত যিনি একবার কোঙ্কনে মহারাজার বিরোধিতা করেছিলেন...,neutral
এই লোকেরা ইতিমধ্যে সিদ্ধান্ত নিয়েছে।,neutral
সুবিচার মন্ত্রী কি কখনও শিবসেনা প্রধান বালাসাহেব ঠাকরের সঙ্গে দেখা করেছেন?,angry
প্রবীণ রাউত এবং সঞ্জয় রাউত নামের মিল এবং কিছু ব্যক্তিগত তথ্যের ভিত্তিতে সম্পর্কযুক্ত হতে পারে,neutral
"তুমি শুধু আওয়াজ দাও, আমরা মাতৃভূমি ও গরীবদের জন্য তোমার সেবায় নিয়োজিত।",happy
মারাঠি পড়তে পারো..?? আপনি কি এই ঘটবে জানতেন?,neutral
প্রশাসক নিয়োগ করতে আমাদের বেশ কয়েক মাস লেগেছে।,neutral
এটা ঠিক উল্লেখ করুন.,neutral
ওয়াশিম জেলায় অতিবৃষ্টিতে ক্ষতিগ্রস্ত কৃষি ফসলের একটি সংক্ষিপ্ত পঞ্চনামা তৈরি করুন - এ. অমিত দাদা জনক...,neutral
আর বালা সাহেব কেশব ঠাকরে কে????,neutral
"ভাইয়া জনতা পার্টি, আপনি মারাঠি প্রার্থীদের দৌড়াচ্ছেন?",neutral
মুম্বাইয়ের জন্য কি আলাদা নিয়ম আছে?,neutral
মারাঠা সমন্বয়কারী এবং বিজেপি নেতার সাথে জড়িত একটি রেকর্ডিং ভাইরাল হয়েছে.. এ বিষয়ে কী বলবেন?,neutral
তিনি কি আন্ধেরি উপনির্বাচনে প্রার্থী?,neutral
জলগাঁও? এটা কোন শহর? জলগাঁও লেখ। মারাঠি পাখওয়াদা কখন পালিত হয়?,neutral
সেই যন্ত্রণা কাটিয়ে ওঠার জন্যই তিনি পৌঁছেছিলেন গুয়াহাটিতে।,neutral
আপনি কি তার বিরোধিতা করেছেন ভাই?,neutral
এই মুহূর্ত যা সরাসরি হৃদয় ছুঁয়ে চোখকে খুশি করে.....!!,happy
পুলিশ স্মৃতি দিবস উপলক্ষে কর্তব্যরত অবস্থায় শহীদদের প্রতি শ্রদ্ধা..!!,happy
তাদের সবাইকে এনসিপি কংগ্রেসে স্বাগত জানাতে পেরে আমরা গর্বিত।,happy
শিক্ষা দরকারী কারণ আপনি নতুন দক্ষতা আবিষ্কার করতে পারেন এবং আরও ভাল চাকরি পেতে পারেন।,neutral
রাজ্যের সকল মানুষকে কোজাগরী পূর্ণিমার শুভেচ্ছা..!,happy
তিলগুল ফিরিয়ে নাও মিষ্টি কথাও!,happy
"তাওদেজি, আপনার কাজ সুন্দর... কিন্তু দয়া করে মারাঠিতে আপনার কাজের তথ্য দিন",happy
"কোলহাপুরের বাসিন্দা মহালক্ষ্মীর একটি সুন্দর রঙ্গোলি, মহালক্ষ্মী পূজা উপলক্ষে আমার বোনের তৈরি।",happy
"জয় বাবা কেদার নাথ, ‼ শুভ সন্ধ্যা বন্ধু ‼",happy
এখন আপনি আন্তর্জাতিক পর্যায়ে যাচ্ছেন..অভিনন্দন ম্যাডাম..,happy
ফাল্গুনী পূর্ণিমার চাঁদনী রাতে চাঁদের আলো ছড়ায়,neutral
"কোজাগিরি পূর্ণিমা, শারদ পূর্ণিমার শুভেচ্ছা... .//_/...",happy
সতর্ক থাকা ভাল হবে এবং জরিমানা সহ বিরল মামলা হবে,neutral
আপনি আপনার প্রতিশ্রুতি রক্ষা করেছেন দেখে খুব খুশি। খুব ভালো!,happy
"শুভ সকাল, এটা ভারী",happy
তার নেতৃত্বে কাজ করতে গিয়ে জনমুখী ও উন্নয়নমুখী কাজ করতে হবে। শুভেচ্ছা জানানো হলো। /,happy
আপনাকে একটি খুব শুভ নববর্ষের শুভেচ্ছা..! কিশোর দেবধেকর স্যার,happy
আপনাদের সবাইকে হোলির শুভেচ্ছা!,happy
শুভ জন্মদিন,happy
পঞ্চগব্যের সাথে পবিত্র অংশীদার হওয়া একটি গুরুত্বপূর্ণ অবদান‼‼,happy
খুব ভাল নির্দেশিকা.,happy
"আয়ুর্বেদের গুরুত্ব, হিন্দু ধর্মের এক অনন্য উপহার,//…",happy
আমাদের নাতনি সেলফি তোলা উপভোগ করছে...,happy
রক্ষাবন্ধন ও নরলী পূর্ণিমার শুভেচ্ছা।,happy
পুলিশকে অভিনন্দন! .//…,happy
হ্যাঁ তিনি.,neutral
কোজাগিরি পূর্ণিমার শুভেচ্ছা..!,happy
সরকারি সিদ্ধান্ত জনস্বার্থে,neutral
বার জল মেনে নেবেন তিনি আর ক্ষমতায় আসবেন না,neutral
ওমকার তুমি একা নও,neutral
আপনাকে ধন্যবাদ.. আশা করি আমরা আপনার সমর্থন পাব।,happy
সকল ভক্তদের জানাই মহাশিবরাত্রির শুভেচ্ছা..!! || হর হর মহাদেব ||,happy
এটি সত্যিই একটি দুর্দান্ত ধূপকাঠি। সবাই একবার ব্যবহার করবেন তারপর কেমন লাগলো জানাবেন,happy
আপনাকে খাওয়ারত্ন পুরস্কার প্রদান করতে পেরে আমরা অত্যন্ত আনন্দিত।,happy
লাখে একজন,happy
"প্রফুল্ল দাদা খুব ভাল থ্রেডের মত শোনাচ্ছে, শুধু পড়তে থাকুন।",happy
শুভ জন্মদিন স্যার .. ./_…,happy
পরামর্শগুলি ইতিবাচক প্রভাব ফেলেছিল তা দেখে এটি খুব সন্তোষজনক ছিল।,happy
আসুন আমরা সবাই উপস্থিত হই এবং এই ঐতিহাসিক মুহূর্তের সাক্ষী হই,happy
"অভিনন্দন, এমনকি আমারও এত গতি ছিল না।",happy
চৈতন্যময়ী- দীপাবলি উৎসবের প্রথম দিন হল ভাসুবারস... বাসুবারসের শুভেচ্ছা!,happy
সমস্ত শিব ভক্তদের মহাশিবরাত্রির শুভেচ্ছা!,happy
এই মুভিটি দেখে আমি খুবই উত্তেজিত,happy
এটা হাস্যকর যে তারা পাওয়ারকে বিশ্বাস করে এবং পাওয়ার তাদের বিশ্বাস করে,neutral
সকলকে রক্ষাবন্ধন ও নরলিপূর্ণিমার শুভেচ্ছা...,happy
হ্যালো বৃহস্পতিবার শুভ সকাল,happy
এই ভারী,happy
শুভ নববর্ষ..!স্পৃহা,happy
আপনি অনেক ভালো কাজ করছেন...অনেকের কাছ থেকে আশীর্বাদ পাচ্ছেন। সফল হোন...অনেক শুভেচ্ছা স্যার,happy
শুভ জন্মদিন রাজীব জি,happy
গোটা মহারাষ্ট্র তোমার কারাদণ্ডে খুশি,neutral
আপনার প্রচেষ্টার জন্য আপনাকে অনেক ধন্যবাদ,happy
সুযোগ হাতছাড়া করলাম। এবং গুরুত্বপূর্ণ সময় নিল!! অভিনন্দন,happy
নমস্তে মা সুপ্রভাত গণপতয়ে নমঃ শুভ অঙ্গারকি চতুর্থী,happy
শুভ নববর্ষ...! -,happy
শুভ জন্মদিন এবং শুভ নববর্ষ ভাই...,happy
"শিল্পা বোদখে একজন প্রফেসর, ঈশ্বর না করুক সে কোথায় পড়ে",neutral
ভবিষ্যতে সুখ,happy
মা ঈশ্বর এবং আত্মার সম্পূর্ণ মিলন।,happy
শুভ হোলি! (!),happy
"এটা ঠিক, যে কোনো কিছুতেই সুখ পাওয়া যায়। নির্মলা সীতারমনের মতো।",neutral
আমাদের জানানোর জন্য ধন্যবাদ. আমরা আমাদের বিভাগকে অভিযোগটি সমাধানের জন্য অনুরোধ করেছি।,neutral
রাহুল পাতিলের জুলাই-আগস্টে ভারী বৃষ্টির জন্য ক্ষতিপূরণ অনুমোদনের দাবি ড.,neutral
"এই ভিডিওটি আশ্চর্যজনক, এটি আমাকে আমার শৈশবের কথা মনে করিয়ে দেয়।",happy
এ এক বিরাট বিস্ফোরণ!!,happy
শুভ জন্মদিন আমনা জি,happy
শিবসেনা প্রধান উদ্ধবজি ম্যানেজ করতে পেরেছিলেন কারণ তাঁর কাছে বালাসাহেব ঠাকরের সমর্থন ছিল,happy
"ওম নমঃ শিবায়... আপনাদের সকলকে ""মহাশিবরাত্রি"" এর শুভেচ্ছা!",happy
রক্ষা বন্ধন এবং নরলী পূর্ণিমার শুভেচ্ছা আপনাকে এবং আপনার পরিবারকে।,happy
সবাইকে মহাশিবরাত্রির শুভেচ্ছা!,happy
কেন একটি হীরা পরতে হবে কারণ এটি মহান আলোর জন্ম দেয়?,neutral
শুরুটা খুব ভালো।,neutral
|| মিঃ || পরম ভালোবাসায় একটি অনুরোধ করা হলো 'প্রেমাগ্নি'।,neutral
প্রকৌশলীদের দ্বারা নির্মিত ওয়েবসাইটে যারা কাজ করছেন তাদের সবাইকে প্রকৌশলী দিবসের শুভেচ্ছা,happy
"*শুভ নারকেল পূর্ণিমা এবং রক্ষা বন্ধন, শুভ সকাল*",happy
একজন দায়িত্বশীল নেতা হিসেবে আপনার কাজকে স্যালুট!,happy
তুমি বেদশাস্ত্রের শুভ মূর্ত প্রতীক। অগণিত মহিমা তোমার সমৃদ্ধি।,neutral
মহারাষ্ট্র পুলিশকে আন্তরিক স্যালুট,happy
অভিনন্দন স্যার.. সাফল্য পেতে থাকুন,happy
আর অক্টোবরে স্মার্টফোনের বিভিন্ন চমকপ্রদ ফিচার উপলব্ধ করা হয়েছে।,neutral
"ভাইয়েরা, আসুন আমরা এটি যতটা সম্ভব মানুষের কাছে ছড়িয়ে দিই...গ্রামীণ এলাকায় গবেষণার প্রবণতাকে প্রচার করি।",happy
আমাদের সাথে যোগাযোগ করার জন্য ধন্যবাদ. অভিযোগের নিষ্পত্তি হয়েছে।,neutral
মহারাষ্ট্র রাজ্যের মন্ত্রী পদে নির্বাচিত হওয়ায় আন্তরিক অভিনন্দন।,happy
ভারোত্তোলনে রৌপ্য পদক জয়ী মীরাবাই চানুকে অভিনন্দন...,happy
"আমি এটির জন্য খুব উত্তেজিত, প্রত্যেকের এটি দেখা উচিত।",happy
স্যার দারুণ কাজ করছেন। আমরা আপনার সাথে আছি,neutral
আকাশ জি মারাঠওয়াড়ার উন্নয়ন ব্যাকলগ পূরণের দাবি পূরণ করেছেন।,neutral
এটা সত্যিই একটি অসাধারণ অভিজ্ঞতা ছিল.,happy
এই ভিডিওটি খুব ভালো। এটা সবার থেকে ভাইরাল হওয়া উচিত...,happy
"আসুন এই নতুন বছরকে স্বাগত জানাই, পুরোনো স্বপ্ন, নতুন ফুল, শুভ নববর্ষ...",happy
আপনার ক্ষমতা স্থায়ীভাবে আউট? তাহলে এটি আপনার জন্য একটি সুবর্ণ সুযোগ,neutral
"সুখবর, বাবা হয়েছেন বোলার উমেশ যাদব।",happy
বেচারা পিষ্ট হবে.. শিব ভোজন থালি উপভোগ করে এমন অনেক লোক আছে..,neutral
স্যার কৃষকদের জন্য কিছু করতে পারেন?,happy
"দৈনিক একমত, দেশোন্নতি, মারাঠওয়াড়া কেশরী পেপারকে ধন্যবাদ...",happy
এটা সত্যি ভাই,neutral
"ধন্যবাদ তাইসাহেব, আপনার শুভকামনা অনেক শক্তি দেবে",happy
দেবভাইয়ের মতো কর্তব্যপরায়ণ ও সৎ নেতা দরকার,neutral
আজ থেকে শুরু হওয়া নবরাত্রি উৎসবের জন্য সবাইকে শুভেচ্ছা!,happy
"প্রবাস উৎসবের জন্য ধন্যবাদ, আমি এখন সাশ্রয়ী মূল্যে আমার ভ্রমণ সম্পূর্ণ করতে পারি।",happy
সন্তনগরী শেগাঁওয়ে স্বরাজ্য পতাকা যাত্রা স্বাগত! ..//,happy
তিনি পাখিটিকে ঠকালেন যাতে গোটা মহারাষ্ট্র খুশি থাকে।,angry
আপনি একজন সুখী কৃষক হোন: সকল কৃষক ভাই ও বোনদের জাতীয় কৃষক দিবসের শুভেচ্ছা।,happy
"নাগপঞ্চমী উৎসবের বিজয়ীদের স্বরাজের সম্মানে একটি শাড়ি, একটি সোনার নাকের আংটি, একটি রূপার আংটি এবং কিছু জিনিস দেওয়া হবে।",happy
যেখানে নিবেদন আছে সেখানে কোনো পরাজয় নেই এবং ভালোবাসার কথাটি একেবারেই সঠিক।,happy
জয় শ্রী রাম চৈত্র পূর্ণিমা এবং হনুমান জয়ন্তীর শুভেচ্ছা,happy
প্রবীণদের সঙ্গে জ্ঞানের অভিষেক - ডঃ মালপানি।//,happy
"সিগন্যাল খুব ভালো হয়েছে, এখন আশা করছি আলো থাকবে এবং পথ দেখা যাবে",neutral
"সুখী হওয়ার একটাই সহজ উপায়... নিজের থেকে প্রত্যাশা রাখুন, অন্যের কাছ থেকে নয়।",happy
আলন্দিতে একটি গ্রাম এক গণেশোৎসব উদ্যোগে উত্সাহী সাড়া...//,happy
"ওম গন গনপতয়ে নমঃ ওম নমঃ শিবায় গনপতি বাপ্পা মর্যা, মঙ্গলমূর্তি মোর্যা",happy
নতুন বছরের প্রথম প্রভাত মহারসের সাহসিকতার সাক্ষ্য দেয়।,happy
খুব খুব ভাল,neutral
"খুব সুন্দর কার্যকলাপ, আমিও যোগদান করি",neutral
ব্যাডমিন্টন একক ফাইনাল (পুরুষ) চলছে এবং লক্ষ্য সেন দুর্দান্ত খেলছেন।,happy
ধুলেকার মানুষের তরফে বাবাসাহেবকে ধন্যবাদ,happy
পুনের বাসিন্দারা তাদের বাড়ির বাইরে একটি বোর্ড লাগালে স্বস্তি পাবেন।,neutral
অমরাবতী তালুকের অঞ্জনগাঁও বাড়ীতে আয়োজিত মহারাজস্ব প্রচারে শ্রোতাদের উদ্দেশ্যে ভাষণ দেন।,neutral
সোশ্যাল মিডিয়ার মাধ্যমে প্রথমমেশ সারা বিশ্বে প্রশংসিত হচ্ছে।/-…,happy
রবীন্দ্র পাতিল এবং পরিবার আপনাকে এবং আপনার পুরো পরিবারকে নতুন বছরের শুভেচ্ছা জানায়।,happy
"খুব ভালো লেখা, চমৎকার হুমকি। এই চিন্তাগুলো কিছু মানুষের সাথে শেয়ার করছি,",happy
"এখানে কলেজে শর্মা চা খেয়ে দেখুন, এমন চা আর কোথাও পাবেন না",neutral
তাদের সবাই চার থেকে পাঁচ মাস ধরে প্রস্তুতি নেয়,neutral
খুব সুন্দর,happy
"এক সূর্য, এক চাঁদ, এক দল শিবসেনা এবং এক নেতা শ্রী উদ্ধব সাহেব বালা সাহেব ঠাকরে।",happy
"ধন্যবাদ, এই ভূমিকা আপনার কাছ থেকে প্রত্যাশিত ছিল.",happy
| সনাতন পদ্ধতিতে সাংলিতে শিব রায়ের আগমন।,happy
শুভ জন্মদিন ভাই!!,happy
সাহেবও মাশালির প্রচার ও প্রসার করেন।,neutral
এই ধরনের প্ল্যাটফর্ম যা আমাদের সেরা শিক্ষা দিচ্ছে..দারুণ,happy
আপনি কি জানেন স্যার আপনি সম্মানিত হতে যাচ্ছেন?,happy
প্রশংসনীয় উদ্যোগ ও সঠিক চিন্তা..!,happy
"আমাকে দ্রুত বলুন স্যার, আমরা আপনার জন্য খুব উত্তেজিত",happy
আপনার অতীত অভিজ্ঞতা এবং স্মৃতি আপনার সম্পদ। যেটা শুনতে ভালো লাগে।,happy
শুভ নববর্ষ তাইসাহেব,happy
"খুব ন্যায্য হন, সর্বদা প্রতিনিধি এবং প্রতিনিধি হতে প্রস্তুত",happy
আপনাদের সকলের এই ভালোবাসা সব সময় এভাবেই থাকুক।,happy
সবার জন্য শুভকামনা,happy
বিদেশি পর্যটকরা ইমারতি-./.?,neutral
মিষ্টি কথা আছে! সবাইকে মকর সংক্রান্তির শুভেচ্ছা!,happy
ওম নমঃ শিবায়,neutral
"আপনার প্রশংসার জন্য ধন্যবাদ, আমরা পরবর্তী পদক্ষেপের জন্য আপনার অভিযোগটি সংশ্লিষ্ট থানায় পাঠাচ্ছি",neutral
"প্রতিটি হিন্দু, দেশপ্রেমিক ভারতীয় অবশ্যই এটি পড়তে হবে!",neutral
লোকেরা বিশ্বাস করে যে বিয়েতে নাচ করা সুখ এবং প্রজ্ঞার বিষয়। .,happy
ভারত ডিসেম্বর থেকে GK-এর সভাপতিত্ব করবে এবং প্রথমবারের মতো G নেতাদের শীর্ষ সম্মেলন আহ্বান করবে৷,happy
আমি সত্যিই এই মহান ট্রেলার পছন্দ.,happy
জ্যোতিরাদিত্য জি শিন্ডেকে জন্মদিনের শুভেচ্ছা,happy
কোলহাপুরে দিওয়ালি উদযাপন খুব সুন্দর এবং সেই সময় সেখানে উপস্থিত ছিলেন শ্রদ্ধেয় নেতা রাজ ঠাকরে সাহেব।,happy
এখন মানুষ বিশ্বাস করতে শুরু করেছে ভাউ হিন্দুদের আসল শত্রু কে। জয় মহারাষ্ট্র।,angry
পাঁচ হাজার ফলোয়ার পেয়ে আমরা সবাই খুশি,happy
আপনি ঠিক বলেছেন আপনার দলের পাপ্পু সেনার কারণেই বিজেপির উন্নয়ন হয়েছে।,neutral
"লেখক, দার্শনিক এবং নোবেল বিজয়ী গুরু রবীন্দ্রনাথ ঠাকুরকে তাঁর স্মৃতি দিবসে আন্তরিক শ্রদ্ধাঞ্জলি।",happy
ভারী ছিল,neutral
বিজয় বালা সাহেবের আশীর্বাদ।,happy
ভবিষ্যতের জন্য শুভ কামনা!,happy
মহারাষ্ট্রের পারিবারিক দেবতা খন্ডোবার শুভ চম্পাষষ্ঠী উৎসব!,happy
শুভকামনা... আমরাও আপনাকে সমর্থন করি... জয় বিদর্ভ,happy
কোজাগিরি পূর্ণিমার শুভেচ্ছা!!,happy
এই গুরুত্বপূর্ণ দায়িত্ব পাওয়ার জন্য অভিনন্দন।,happy
সুতরাং আপনার অস্তিত্ব আরও ভাল মানুষের জন্য প্রতিশ্রুতিবদ্ধ।,neutral
শক সম্পর্কে কি? অনেক নতুন শিব সৈনিক সেই শূন্যস্থান পূরণ করতে প্রস্তুত..!!,happy
"খুব সুন্দর স্যার, এই সামান্য সাহায্য সেই পরিবারের সবার মুখে হাসি ফুটিয়েছে।",happy
"সর্ব মঙ্গল মাঙ্গলে, শিবে সর্বার্থ সাধিকা, শরণ্যা ত্রিম্বকে গৌরী, নারায়ণী নমোস্তুতে...",happy
শুভ জন্মদিন ভাই,happy
শুভ যাত্রা গুরুজী। ./_,happy
মারাঠি টাইগার আপনাকে নিয়ে খুব গর্বিত এবং গর্বিত,happy
খুব চিন্তিত! মন ভরে থাকবে। কিন্তু এসবই অনুভূত হতে থাকে জুনের পর থেকে।,sad
এরা বিদেশী,neutral
কিশোর ছেলেকে বর বললে খুশি হবে না।,neutral
আমার সহকর্মীদের দীর্ঘায়ু কামনা করছি।,happy
সাত দিনের ভাগবত জ্ঞান গঙ্গার উদ্বোধন।,neutral
"মহারাষ্ট্র দেশের ইতিহাসে একটি গর্বিত এবং পবিত্র মুহূর্ত হিসাবে পালিত হয়, এর উত্সাহীদের মতামত আরও বেশি উত্সাহী।",happy
"চোয়াল ভাঙা সত্ত্বেও, অনিল কুম্বলে একা ওভার বল করার সাহস পেয়েছিলেন...",happy
ডম্বিভালিতে রং খেলার সময় ছোটখাটো বিবাদে দুই গোষ্ঠীর মধ্যে সংঘর্ষ হয়।,neutral
মহারাষ্ট্রের উজ্জ্বল ভবিষ্যতের জন্য স্বচ্ছ নিয়োগ...,neutral
"হাওয়া আসে দো, মহারাষ্ট্রের হাসির মেলা আমার প্রিয় অনুষ্ঠান।",happy
ধন্যবাদ বিক্রান্ত জি! আসুন আমরা মারাঠা যুবকদের সুবিধার জন্য একসাথে কাজ করি!,happy
আমাদের বন্ধু ডাঃ আমোল কন্যা রত্ন পেয়েছেন,happy
"যদিও সময়ের সাথে সব পরিবর্তন ঘটবে, আমরা আমাদের সংকল্প ত্যাগ করিনি",happy
রায়গড় জেলায় আপনার সাথে উপস্থিত লোকদের এই বাক্যটি বলার জন্য আপনাকে ধন্যবাদ। মন্ত্রী মেন্টর,happy
জ্যোতিষশাস্ত্র বক্তৃতা সিরিজের অসাধারণ সাড়া - ./--…,neutral
তাদের জন্য এক নম্বর আইডিয়া হল ড্রাম বাজানো এবং গান গাওয়া।,happy
সকলকে সংকেত চতুর্থীর শুভেচ্ছা,happy
অভিনন্দন এবং শুভকামনা। পরবর্তী ব্যাচ অবশ্যই আসবে যখন এটি পুনেতে থাকবে।,happy
শক্তিশালী দেবতা মাঙ্গুতকে বন্দী করা হয়েছিল এবং নামগুলি এলোমেলো করা হয়েছিল। আপনার ইতিহাস অধ্যয়ন বিতর্কিত.,happy
সমুদ্র প্রহরী ও লাইফ গার্ডদের সহায়তায় নিরাপদে গণপতি বিসর্জন সম্পন্ন হয়।,neutral
আজ থেকে শুরু হওয়া বাঁধ প্রকল্পের উদ্বোধনের জন্য সবাইকে শুভেচ্ছা!,happy
কোজাগিরি পূর্ণিমার শুভেচ্ছা।,happy
সকলকে রক্ষাবন্ধন ও নরলী পূর্ণিমার শুভেচ্ছা..!,happy
মাদ্রাজ ছাত্রদের দ্বারা তৈরি নতুন সফটওয়্যার থেকে সেক্টরটি ব্যাপকভাবে উপকৃত হবে,happy
শুভ জন্মদিন স্যার,happy
"প্রিয় নাথাভাউ খাডসে, আপনাকে নববর্ষের শুভেচ্ছা..//…",happy
পরিকল্পনা একটি বাস্তব সাফল্য বিবেচনা করুন.,neutral
সমস্ত নাগরিকদের জন্মদিনের শুভেচ্ছা!,happy
অন্যান্য জনপ্রতিনিধিদেরও এটি অনুসরণ করা উচিত। খুব সুন্দর কার্যকলাপ.,happy
"অভিনন্দন স্যার, আগামীর জন্য শুভ কামনা...",happy
ভীমা কোরেগাঁও বীরত্ব দিবসের শুভেচ্ছা...!!!,happy
রাধে-রাধে,neutral
আপনাদের সকলের দোয়ায় অনাসরকা সম্পন্ন হলো। সবাইকে অনেক ধন্যবাদ,happy
ভ্রাতৃত্বের অটুট বন্ধনের উৎসব রক্ষাবন্ধন ও নারকেল পূর্ণিমা উপলক্ষে সকলকে শুভেচ্ছা!,happy
এই সিদ্ধান্ত অবশ্যই রাষ্ট্রের বিচার ব্যবস্থাকে আরও দক্ষ করতে সাহায্য করবে।,neutral
"অভিনন্দন ভাই... আপনি ইতিহাস সৃষ্টি করেছেন, বাহুবলী নীরজ চোপড়া",happy
সেই সব সাহসী সাংবাদিকদের জন্য শুভকামনা যারা বলতে থাকেন গণতন্ত্র বেঁচে আছে,happy
ধনুভাই ছাত্রদের রোল মডেল।,happy
রাজি কিন্তু এখন এটা একটা নেশা হয়ে গেছে,sad
শুভ কোজাগিরি পূর্ণিমা!,happy
মীরাবাই চানুকে আন্তরিক অভিনন্দন।,happy
তাদের দেখালেন নারী শক্তি। আপনার সাহসের প্রশংসা করা উচিত।,happy
এখন একটা বড় লড়াই হবে... বালা সাহেবের শিবসেনা বনাম উদ্ধব ঠাকরের শিবসেনা। বালা সাহেবের শিবসেনা,neutral
এটা সত্য,neutral
এ ধরনের অনুষ্ঠান হওয়া খুবই অনন্য। ......,happy
জয় স্বামীনারায়ণ গনপতি বাপ্পা মর্যমঙ্গলমূর্তি মর্যা!!,happy
ভাই বোনের অটুট ভালোবাসা ও সম্পর্কের উৎসব রক্ষাবন্ধনের শুভেচ্ছা...!,happy
ফ্যামিলিজম একটি সুন্দর শব্দ। পরিবারতন্ত্র হল দেশের প্রতি সমগ্র পরিবারের নিবেদন।,happy
আমাদের কথা শোনার জন্য আপনাকে অনেক ধন্যবাদ। আপনি নৈতিক শক্তি পেতে পারেন! ',happy
আমরা মারাঠিরা স্বাক্ষরের জন্য কৃতজ্ঞ।,neutral
হর হর মহাদেব পুষ্প জি। শুভ সকাল।//…,happy
ব্যাডমিন্টনে সোনা জিতেছেন পিভি সিন্ধু।,happy
"শিগগিরই সব শ্রমিকের ওপর থেকে নিষেধাজ্ঞা উঠে যাবে, চিন্তা নেই",neutral
আপনার ভাষা বিজেপির সভ্যতা,neutral
মহালক্ষ্মীর দর্শন দিয়ে নতুন বছরের শুরু...,happy
শুভ নববর্ষ ভাই।/_/…,happy
গুজরাট দ্রুত উন্নয়নের নতুন উচ্চতায় পৌঁছেছে: প্রধানমন্ত্রী,happy
"এগিয়ে যাও ভাই + অনেক অভিনন্দন, অনেক আশীর্বাদ আমাদের, ভূত আসুদা",happy
তারপর থেকে শেগাঁও যাননি তবে অভিজ্ঞ গোদামওয়ালে। খুব ভালো..,happy
"এটি সত্যিই আশ্চর্যজনক, এটি শিক্ষার্থীদের আরও ভাল শিক্ষা প্রদান করবে।",happy
তিনি আশ্চর্যজনক র‍্যাপও গেয়েছেন...,neutral
তাদের দীপাবলি খুব জমকালো হবে,happy
নবনিযুক্ত মহিলা সরপঞ্চ রঞ্জনা পুকলেকে সংবর্ধনা দেওয়া হয়।,neutral
"এটি সস্তা জ্বালানির একটি দুর্দান্ত বিকল্প, প্রযুক্তি নিয়েও কাজ করছে",neutral
"ভারত এবং বিজেপির সাথে হাত মেলান, একসাথে আমরা একটি ভাল ভবিষ্যতের দিকে দুর্দান্ত অগ্রগতি করতে পারি।",happy
মঞ্চ পার হওয়ার জন্য অভিনন্দন,happy
সকলকে ঘাতস্থান ও নবরাত্রি উৎসবের শুভেচ্ছা।,happy
জীবনে সফলতা পেতে চানক্যের এই কথাগুলো সবসময় মনে রাখবেন,neutral
সবাইকে কোজাগিরি পূর্ণিমা দিবসের শুভেচ্ছা!,happy
"সাহেব জয় মহারাষ্ট্র, আমার মৃত্যু পর্যন্ত আপনার সাথে,",happy
জয় সনাতন পবিত্র আর্য ভূমিতে স্বাগতম..বসুদৈব কুটুম্বকম,happy
আপনাকে এবং আপনার পরিবারের জন্য শুভ নববর্ষ,happy
আমি নাগপুরের প্রতিটি নাগরিকের পক্ষ থেকে তাকে ধন্যবাদ জানাই।,neutral
অনেক বালাসাহেব আছেন কিন্তু শ্রদ্ধেয় বালাসাহেব ঠাকরে একজনই।,happy
ভারতের প্রথম পদক ১৯৭১ সালে,happy
শুভ নববর্ষ স্যার..,happy
গরীবের কৈওয়ারী সাহেব আমাদের আসল অহংকার।,happy
ভুটানের সর্বোচ্চ পুরস্কারে সম্মানিত প্রধানমন্ত্রী নরেন্দ্রজি মোদি! আন্তরিক অভিনন্দন,happy
! প্রধান ইঞ্জিন ..//…,neutral
"সহ্যাদ্রি প্রতিষ্টান, পুনে কর্তৃক অনন্য কাজ! .//",happy
প্রেমে বিশ্বাস!,neutral
এটা সঠিক,neutral
জয় ভবানী জয় শিবরায় আমাদের ঐক্যবদ্ধ হওয়া ছাড়া কোন উপায় নেই,happy
প্রতিদিন ঈশ্বরের স্মরণের জন্য সাত্ত্বিক পদকের সুবিধা নেওয়া নিশ্চিত করুন।,neutral
: নারওয়াদে স্থানীয় রাজনীতিতে সক্রিয় নেতা হিসেবে পরিচিত ছিলেন।,happy
কেন্দ্রীয় সচিবালয়ের সেক্রেটারি বড় ভাই প্রবীণ গায়কওয়াড়কে জন্মদিনের শুভেচ্ছা।,happy
বিয়ের ফাঁদে পড়ার চেয়ে ভালো আর কিছুই হতে পারে না।,neutral
এটি একটি খুব ভারী থ্রেড... দেশপ্রেমিকদের জন্য পড়তে হবে,happy
'সিন্ধুদুর্গ জেলা প্রকৃতির আশীর্বাদপুষ্ট; 'একটি আদর্শ শিক্ষার পরিবেশ তৈরি করার চেষ্টা করুন।',happy
"স্যার, আপনি বিশ্বস্ত ও নির্ভীক হিসেবে ইতিহাসে লিপিবদ্ধ থাকবেন।",happy
শুভ জন্মদিন ওম আচার্যজি,happy
জয় শিব শম্ভু হর হর মহাদেব শুভ সকাল বন্দনা,happy
! তাঁর শাহানী সকাল গল্প ও রহস্য গল্পের সংকলন।,neutral
ওম সর্বমঙ্গল মঙ্গলে শিবে সর্বার্থ সাধিকা। শরণে ত্র্যম্বকে গৌরী নারায়ণী নমোৎসুতে।,happy
শুভকামনা সহ্যাদ্রি! ./_/…,happy
শুভ নাগপঞ্চমী স্যার,happy
কিন্না সোনা গান সত্যিই আশ্চর্যজনক..সঙ্গীতটি তাজা,happy
ভারতের গর্ব.. বন্দে ভারত ট্রেন..,happy
"শুভ জন্মদিন ""দেবদি দেব"" দাদা!",happy
আপনার মতো দক্ষ কর্মকর্তা থাকলে এই জেলা অবশ্যই এগিয়ে যাবে।,happy
এগুলি দুর্দান্ত চিন্তাভাবনা এবং সাক্ষাত্কার আলোচনার নিখুঁত প্রতিকৃতি।,neutral
এটাও ভারী হয়ে ওঠে,neutral
শুভ জন্মদিন স্যার। ./…,happy
"দাদা, আমি আলোচনা পছন্দ করি, কোথাও কোনো বিভ্রান্তি নেই, আলোচনা শান্তিপূর্ণভাবে চলছে...",neutral
আরেকজন সুবিধাভোগী।,neutral
আপনার স্বরাষ্ট্রমন্ত্রী কোটি কোটি টাকা চাঁদা আদায়ে ব্যস্ত ছিলেন শুনে খুশি হয়েছিলেন এবং চার্জ চাপতে হয়নি!,neutral
স্যার আমাদের বিশেষ বন্ধু,neutral
এই সমস্ত ছাত্রছাত্রীদের এবং প্রবোধিনীর পুরো টিমের জন্য শুভকামনা!,happy
শুভ জন্মদিন নানাসাহেব,happy
শিবশ্রী পুরুষোত্তম খেদকর সাহেবকে জন্মদিনের শুভেচ্ছা।,happy
"অভিজ্ঞতা অর্জন করুন এবং নিজের উপর বিশ্বাস রাখুন, আপনি বিশ্ব জয় করবেন।",happy
একটানা ভালো কাজ করা খুব কঠিন কিন্তু আপনি প্রকৃতিকে বাঁচানোর জন্য যথাসাধ্য চেষ্টা করছেন,neutral
এই উভয় ব্যক্তিই তাদের নিজস্ব উপায়ে গুরুত্বপূর্ণ এবং মূল্যবান,neutral
সমস্ত ভক্তদের মহাশিবরাত্রির শুভেচ্ছা!,happy
ফুল জোলার ছেলেটি পিএইচডি করার সাথে সাথেই তোতলার আনন্দ আকাশচুম্বী হয়ে গেল।,happy
"আসলে, মানুষ উদযাপন উপভোগ করে ...",neutral
তাই মহারাষ্ট্রের রাজনীতিতে দেবেন্দ্রজির মুদ্রা বিরাজ করছে।,happy
"আমি আগেই বলেছিলাম এই ভগবান, বন্ধু.. ভগবান ভাই সত্যিই তোমার।",happy
শুভ নববর্ষ সাহেব সঞ্জয় ওয়াঘমারে আমবাজোগাই,happy
শ্রী হনুমান জন্মোৎসব চৈত্র শুদ্ধ পূর্ণিমা শ্রী জ্যোতির্লিঙ্গ যাত্রা,neutral
এই সহযোগিতার জন্য তিনি ধুমাল পরিবারের প্রতি কৃতজ্ঞতা প্রকাশ করেন।,neutral
LVM এর সফল লঞ্চের জন্য অভিনন্দন!,happy
শুভ ইঞ্জিনিয়ার দিবস..!!,happy
শিকড় উর্দুতে এবং এটি একটি গর্বিত ঐতিহ্য,happy
লাসুরগাঁওয়ে অভাবী মহিলাদের মধ্যে অশোক সোনাওয়ানের গরম কাপড় বিতরণ।//…,neutral
"স্বচ্ছ সার্ভেক্ষন গ্রামীণ এর উদ্বোধন, অনুগ্রহ করে আসুন/-...",neutral
পরিস্থিতির উন্নতির জন্য সঠিক পদক্ষেপ নিন। ক্যালেন্ডার:../,neutral
সবাইকে হোলি পূর্ণিমার শুভেচ্ছা..!,happy
বিজয় স্তম্ভ ভীমা কোরেগাঁও বীরত্বের অনুপ্রেরণা দেয়....,happy
"তার মেয়ের জন্মের পর, তিনি সমস্ত সীমা অতিক্রম করেছিলেন এবং তাকে স্বাগত জানানো হয়েছিল হাউসওয়ার্মিং অনুষ্ঠানে।/-…",happy
"স্যার আপনার সিদ্ধান্ত সঠিক, আপনি কৃষকের সাথে শক্তভাবে দাঁড়ান",neutral
যুবকদের স্বনির্ভর করতে প্রত্যেকেরই অবদান রাখা উচিত - রাজ্যপাল ভগত সিং কোশিয়ারি।,neutral
"খুব ভালো,,আমি তোমার সাথে একবার দেখা করতে চাই,এটা কি সম্ভব???",happy
ধন্যবাদ দেবেন্দ্র ভাই,happy
"আমার ডায়রিয়া নেই, আমার হজম কঠিন।",neutral
কোজাগিরি পূর্ণিমার শুভেচ্ছা যারা তাদের সহপাঠীদের কাছে সতর্ক ও সচেতন হওয়ার বার্তা ছড়িয়ে দেন।,happy
বদগল ভাইকে আন্তরিক অভিনন্দন যিনি আমাদের ভাইয়ের অনুসারী হয়েছেন। ../,happy
আবার হরিওম...অযোধ্যা জি...সংসেহ জয় মহারাষ্ট্র,happy
"হ্যাঁ, ধন্যবাদ সকল বন্ধুদের, এত বড় উদ্যোগ নেওয়া হয়েছে।",happy
এই বিদ্বেষের যুগে এই ঐক্যের ব্যান্ড যুগ যুগ ধরে স্মরণীয় হয়ে থাকবে।,happy
সাংবাদিক সমস্যার সমাধান,neutral
"সেদিন চাঁদ দেখেছিলাম, সত্যি বলতে আগের চেয়েও ভালো লাগছিল",happy
বিনামূল্যে দুই হাজার চারা বিতরণের মাধ্যমে নববর্ষকে স্বাগত জানানো হয়। ./…,happy
আপনাকে এবং আপনার পরিবারের জন্য শুভ নববর্ষ...,happy
পুরো টিমকে অভিনন্দন... ভবিষ্যতের জন্য শুভ কামনা...,happy
"আপনি রামাই চরিত্রটি খুব ভালভাবে অভিনয় করেছেন, খুব আত্মবিশ্বাস এবং সংলাপ সরবরাহের সাথে।",happy
তথ্য সেবা কমিটির কর্মীরা তোরনাগদে সফল ট্র্যাকিং করেছেন -,neutral
"শীতল তয়, তুমি ভারী এডিটিং করো, তুমি সব কিছু ম্যানেজ করো কী করে?",happy
হাফকাইন ইনস্টিটিউটকে পুনরুজ্জীবিত করার জন্য মহারাষ্ট্র সরকারকে অভিনন্দন,happy
সাহেব জয় মহারাষ্ট্র..!! আমাদের পুনে জেলা থেকে আন্তরিক স্বাগত,happy
মোবাইলের যুগে একমাত্র সেই ব্যক্তিই সফল হবে যে ১০টায় ঘুমায় আর ১০টায় জেগে ওঠে।,neutral
"একজন প্রতিভাবান শিল্পী, একজন দক্ষ নেতা এবং একজন উজ্জ্বল ব্যক্তি, এরা সবাই মিলে সমাজে ইতিবাচক পরিবর্তন আনে।",happy
মহারাষ্ট্রের একমাত্র অভিভাবক ও রক্ষক,happy
এখন বেকারত্বকে হারাতে আপনার সমস্ত শক্তি ব্যবহার করুন।,neutral
সবাইকে ভাসুবারসের শুভেচ্ছা...!,happy
মানিক ভাই মূল্যবান পরামর্শ দিলেন,neutral
অহিল্যা দেবীর জন্মবার্ষিকী ইয়েলোকোট জয় মালহার মালহার শীঘ্রই আসছে,happy
কিন্তু সেই অনুষ্ঠানে তিনি তার মনের কথা বলেছেন... এটা একটা ভালো কথা।,neutral
ছয়বারের বিশ্ব চ্যাম্পিয়ন মেরি কম মুম্বাই ম্যারাথনের শুভেচ্ছাদূত।/-/…,neutral
ওম নমঃ শিবায় হর হর মহাদেব শুভ মহাশিবরাত্রি,happy
তাতিয়া মুলশী এই নমুনা দেখে মুগ্ধ হয়ে কৃষকদের সাথে বিপজ্জনক তাত্য আমাদের দেখালেন,neutral
অবশেষে আজ ভারত জিতেছে এবং সিরিজও জিতেছে।,happy
খারাপ চিন্তা হোলির আগুনে জ্বলে উঠুক। সবাইকে হোলির শুভেচ্ছা,happy
"এক মার্কা, এক দল, শুধুমাত্র শিবসেনা মশাল মার্কা বিশ্বাসঘাতকদের রাজনৈতিক অবসান ঘটাবে",angry
শুভ মকর সংক্রান্তি!,happy
বর্ণ কিভাবে কাজ করে তার একটি নিখুঁত উদাহরণ।,neutral
হাইওয়ে এবং হাইওয়ে ইঞ্জিনিয়ার ছাড়া সকল ইঞ্জিনিয়ারদের জন্য শুভকামনা।,happy
নিজেকে সফল বলা একটি ভারী অবমূল্যায়ন।//…,neutral
"রাজ শিলেদার কিশোর এবং সাক্ষী রাণেকে শুভ বার্ষিকী, যারা সর্বদা কোলি ভাইদের জন্য ন্যায়বিচারের জন্য লড়াই করেছিলেন।",happy
আপনাকে এবং সমস্ত কংগ্রেস শুভাকাঙ্ক্ষীদের নববর্ষের শুভেচ্ছা! ./…,happy
ইতিবাচকতা ভিত্তি!!,neutral
"স্যার, অভিনন্দন, এখন আগামী নির্বাচনের জন্য শুভকামনা, ভালো প্রচারণা দিয়ে বিরোধীদের চুপ করুন।",happy
আমার এবং আমার পরিবারের পক্ষ থেকে শুভ নববর্ষ,happy
শুভ নববর্ষ ভাই!,happy
"অবশ্যই, এটি একটি ভাল প্রকল্প",neutral
কিন্তু অক্ষমতার পঙ্গু হওয়ার সম্ভাবনা...অসাধারণ...,neutral
"বাহ স্যার, একদম ঠিক",happy
Covishield এবং Covaxin টিকা উভয়কেই তাদের প্রাপ্য দেওয়া উচিত।,happy
এমনকি একটি মুরগি আছে? মুরগির কথা শুনেছিলাম। মহান তথ্য.,neutral
শুভ জন্মদিন!! পার্টি কোথায় অনুষ্ঠিত হবে দয়া করে আমাকে জানান।,happy
"এটি সত্যিই আপনার সকলের জন্য একটি আশ্চর্যজনক সুযোগ, এটি মিস করবেন না",happy
এই সাক্ষাত্কারে একটি জিনিস স্পষ্টভাবে অনুভূত হয়েছিল যে খার্গ রাজদীপের চেয়ে মারাঠি ভাল কথা বলে।,happy
সবাইকে মকর সংক্রান্তির শুভেচ্ছা!!,happy
"এটা মোদির ভারত, এখানে সন্ত্রাসীদের কবর খোঁড়া হয়।",angry
বিষ্ণুপুরীতে গুরুকৃপা প্যাথলজি ল্যাবের উদ্বোধন উপলক্ষে সন্তোষ হাম্বারদেকে অভিনন্দন।,happy
মিনিটের মধ্যে এই কোডটি ব্যবহার করুন %Xtra Suite স্যার,happy
"আপনি আমাদের অনুপ্রেরণা, আমরা আপনার অবদান গর্বিত! জাতীয় স্যার!",happy
খুব ভাল সিদ্ধান্ত,happy
"একবার এই প্রকল্পটি সম্পন্ন হলে, এটি বস্তি পুনঃউন্নয়ন প্রকল্পগুলির জন্য একটি মডেল হবে,” তিনি বলেছিলেন।",neutral
এখন আমাদের বন্য পার্টির পরিকল্পনা করতে হবে! অভিনন্দন।//…,happy
মহারাষ্ট্র রাজ্য জীববৈচিত্র্য বোর্ড প্রতিষ্ঠা দিবস,neutral
উদ্ধব সাহেবের কারো সহানুভূতির প্রয়োজন নেই... প্রতিপক্ষের জন্য শিবসৈনিকরাই যথেষ্ট। জয় মহারাষ্ট্র...,angry
শুভ নারকেল পূর্ণিমা ও রক্ষাবন্ধন উৎসব!!!!,happy
হাজারী হওয়ার জন্য কোলহাপুরকে অভিনন্দন,happy
"অনেকদিন পর একজন বুদ্ধিমান, মোহনীয় ও নির্ভীক বক্তার দেখা পেলাম।",neutral
এবারের পারফরম্যান্স ভালো বিজয় ভাই,happy
সকল ভাইদের জন্য শুভ কামনা..!,happy
একজন বিধায়ক হিসেবে আন্ধেরির নেতৃত্ব দেওয়ার একটা বড় সুযোগ আপনার আছে!,happy
প্রকৃতির রঙ নতুন যুগে নতুন রূপ দিচ্ছে।,neutral
"মহারাষ্ট্র সরকার এবং M.R.V.P.C. (মহারাষ্ট্র) ধন্যবাদ, গতকাল আমি নবরাত্রি উৎসবের সময় লোডশেডিং সম্পর্কে টুইট করেছি!",neutral
|| হর হর মহাদেব ||,neutral
নির্ভীক ও নিরপেক্ষ প্রতিবেদনের জন্য এমন চিন্তার প্রয়োজন ছিল। অভিনন্দন! .//…,happy
আপনার কাজে সৌভাগ্য কামনা করছি!,happy
খুব ভালো সিদ্ধান্ত তাই জয় হিন্দ জয় হিন্দুরাষ্ট্র,happy
ভারাদচি মুঞ্জ একটি অবিস্মরণীয় উদযাপন..//,happy
প্রজন্ম থেকে প্রজন্মে খাদ্যের জন্য ভিক্ষা করার একটি মহান ঐতিহ্য রয়েছে।,neutral
নতুন সুযোগ খুঁজে পেতে কিছুটা সময় লাগবে।,neutral
আপনাকে এবং আপনার পরিবারকে শুভ দীপাবলি,happy
এটা স্পষ্ট যে শুধুমাত্র আপনিই ঠাকরের পতনশীল দলকে বাঁচাতে পারবেন।,neutral
আমি আগামীকাল খাব,neutral
সবাইকে রক্ষাবন্ধন ও নরলী পূর্ণিমার শুভেচ্ছা!,happy
জীবনে সফল হতে হলে সবসময় মিষ্টি কথা বলা থেকে সাবধান থাকুন। ./-…,neutral
শেখর সুমন পল খোল সেরা অনুষ্ঠান।//…,neutral
"আপনার দীর্ঘ ও সুস্থ জীবন হোক, আমি বাপ্পার কাছে প্রার্থনা করি।",happy
"আমাদের বিশেষ আছে, তাই সবসময় কিছু না কিছু চলছে",neutral
হিন্দুত্ব বিপদে নেই…এখন হিন্দুত্ব বিপদে নেই…এই জোট হিন্দুত্বের জন্যও…,happy
জয় গোপীনাথ প্রতিষ্টান গর্বিত,happy
সবার জন্য শুভকামনা.. ./.?…,happy
"শুভ জন্মদিন, দাদা। মা জগদম্বার আশীর্বাদ সর্বদা আপনার সাথে থাকুক।",happy
জীবনে ভুল হওয়ার সাথে সাথে সমাধান খুঁজে বের করতে হবে। যদি আমরা সমাধান খুঁজে না পাই তাহলে আমাদের একসাথে সমাধান খুঁজে বের করা উচিত বা বিজ্ঞ ব্যক্তির পরামর্শ নেওয়া উচিত। সবকিছুর জন্য একটি সমাধান আছে.,neutral
আপনাদের সবাইকে নববর্ষের শুভেচ্ছা! বা,happy
তাঁর দুর্দান্ত ব্যক্তিত্ব ছিল যা আমার সাক্ষাত্কারকে অভিভূত করেছিল।,neutral
শুভ জন্মদিন ভাই আপনাকে,happy
"তিনি চিৎকার করে নয়, কাজ করে দেখিয়েছেন তার দেশপ্রেম।",neutral
"""আমাদের মশাল, একটি জ্বলন্ত আগুন, রাবণের মাথা পোড়ালে চলবে না।""",angry
স্যার আপনাকে নববর্ষের শুভেচ্ছা..,happy
শুভ জন্মদিন স্যারজি,happy
এবং এই টুইট এই মানুষটির দুর্দান্ত প্রতিভা প্রদর্শনে সহায়তা করেছে।,happy
টলিউড সিনেমার গান নাটু নাটুর জন্য অস্কার জয় ভারতের জন্য একটি গর্বের মুহূর্ত।,happy
শুভ নববর্ষ স্যার! ./…,happy
ওম তৎপুরুষায় বিদমহে মহাদেবায় ধীমহি তন্নো রুদ্রঃ প্রভাত। সবাইকে মহাশিবরাত্রির শুভেচ্ছা!,happy
নেতৃত্ব দিতে!! - ডঃ বাবাসাহেব আম্বেদকর।,neutral
নিয়মগুলো খুব সুন্দরভাবে এবং বিস্তারিতভাবে দেওয়ার জন্য আপনাকে অনেক ধন্যবাদ যাতে সবাই বুঝতে পারে,happy
এটা ঠিক স্যার,happy
"আজ থেকে ভগবতীর জাগরণ, ভক্তরা পাবেন তার নতুন রূপের আভাস।/-/…",happy
ঐতিহাসিক ! দেশ আবার একজন মারাঠি প্রধান বিচারপতি পাবে; এই বিচারকের নাম সুপারিশ,happy
আরে একটা নাও আর হাতে এলে রাখো।,neutral
পরিবেশ বান্ধব মাটির তৈরি বাপ্পা ছোট হাতে তৈরি।/---…,neutral
অস্কার পেয়ে ইতিহাস সৃষ্টি করলেন নাটু-নাটু গান...,happy
নববিবাহিত দম্পতির জন্য সুখী জীবনের শুভেচ্ছা।,happy
মৃত্যুঞ্জয় রুদ্রায় নীলকণ্ঠে শাম্ভে অমৃতেশাই রুদ্রায় মহাদেবায় তে নমঃ ওম নমঃ শিবায়!,happy
মহাশিবরাত্রির অনেক অনেক শুভেচ্ছা। সর্বত্র শিব,happy
"আমার কাছে হিন্দু ধর্ম যতটা গুরুত্বপূর্ণ, মারাঠি সংস্কৃতি/ভাষাও ততটাই গুরুত্বপূর্ণ।",happy
"মায়ের শুভ দিন শুরু হচ্ছে, আপনার ইতিবাচক মনোভাব থাকতে হবে।",neutral
"অভিনন্দন, আমরা শীঘ্রই বিয়ে করতে চাই।",happy
সম্ভাজি ব্রিগেডের আঞ্চলিক সহ-সভাপতি রাহুল দাদা বনসোদকে জন্মদিনের শুভেচ্ছা।,happy
সঠিক!,neutral
হরি ওম নমঃ,happy
সবাইকে মহাশিবরাত্রির শুভেচ্ছা!,happy
শুভ জন্মদিন ভাই,happy
"এই ঘনিষ্ঠতা আমাদের ভ্রাতৃত্বকে কতটা বদলে দেয়... বাহ, খুব ভালো হয়েছে..",happy
যারা আফিম বড়ি বিক্রি করে তাদের ব্যবসা জমজমাট।,angry
|| ওম নমঃ শিবায় || আপনাদের সকলের জন্য শুভ কামনা!,happy
নিম্মিত হাটায় সন্ত সন্তজি মহারাজ জয়ন্তী স্বাস্থ্য শিবির ও রক্তদান শিবিরের উদ্বোধনী অনুষ্ঠান,happy
আপনি একটি খুব শুভ নববর্ষ শুভেচ্ছা.,happy
শুভ নতুন যুগ এবং নতুন বছর!,happy
তিনি খুব সুন্দর মারাঠি কথা বলতেন। ওম শান্তি।,happy
মা ভবানী এবং সমগ্র মহারাষ্ট্র আপনার সাথে আছে স্যার...,neutral
"স্যার, আপনার কার্যক্রম খুব ভালো, নতুন নতুন তথ্য শেয়ার করতে থাকুন।",happy
"তুমি এত যোগ্য নও, তুমি রাজকীয় সীলমোহর পরলে কেন? মহারাজা নারীদের সম্মান করতেন",angry
রং ভালো এবং স্বাদও ভালো,neutral
"এই পোশাকগুলি গরবা রাতের জন্য উপযুক্ত, দেখুন",happy
দেশের প্রতিটি এমপির উচিত এমপি মহোৎসবের আয়োজন করা!,neutral
এটা সঠিক। এই প্রবণতা ধ্বংস হবে যখন 100টি অপরাধ সংঘটিত হবে এবং সত্যের জয় হবে...!,angry
"আপনার জনগণকে ধন্যবাদ, মহারাষ্ট্র ভালো দিন দেখেছে",neutral
অভিনন্দন এবং ভবিষ্যতের জন্য শুভ কামনা,happy
এটি ভারতের মতো দেশে খুব কার্যকর হতে পারে।,neutral
"আমি কয়েক বছর ধরে সূর্যমুখী তেল ব্যবহার করছি, আমি এটি চিনাবাদাম তেলের চেয়ে হালকা মনে করি, আমার কী করা উচিত?",neutral
দেশের প্রথম কৃষিমন্ত্রী ডঃ পাঞ্জাবরাও ভাউসাহেব দেশমুখের জন্মবার্ষিকীতে বিনম্র শ্রদ্ধা।,happy
জয় শ্রী রাম... আশা করি আপনি তাকে খুব সাধারণ একটি উপহার দেবেন।,neutral
"টোকিও অলিম্পিক ভারোত্তোলনে ভারতের প্রথম রৌপ্য পদক জিতেছেন মীরাবাই চানু..!! মীরাবাই, অভিনন্দন!!",happy
ভাই সবসময় সাহায্য করার জন্য আছে,neutral
"এই ছেলেরা প্রতিদ্বন্দ্বিতা করে, আমরা ভালোবাসি",neutral
এটি সম্ভবত প্রাচীনতম রঙিন ছবি এবং আশ্চর্যজনক। আজকাল এক ফ্রেমে পাওয়া যায় না!,happy
1000 পাওয়ার জন্য অভিনন্দন। আশা করি শীঘ্রই যাচাই করা হবে।,happy
_: আমি প্রত্যেক নাগপুরবাসীর পক্ষ থেকে তাকে ধন্যবাদ জানাই।,happy
নির্ভীদ পুনে প্রভব সমাপ্তির জন্য আমাদের সকল বন্ধুদের আন্তরিক অভিনন্দন।,happy
সকলকে ভাসুবারস এবং শুভ দীপাবলি..!,happy
পরিশ্রমই সফলতা অর্জনের সহজ উপায়,neutral
নান্দুর মধ্যমেশ্বরের চেয়েও বৃহত্তর পাখির বৈচিত্র্য,neutral
এই লড়াই বেঁচে থাকার লড়াই,fear
পুরসভা আর ভেজা বর্জ্য সংগ্রহ করবে না। মহান সিদ্ধান্ত,neutral
সর্বম শিবম সর্বম শিবম,neutral
আজ থেকে শুরু হওয়া নবরাত্রি উৎসবের শুভেচ্ছা।,happy
প্রবীণ নাগরিকদের জন্য সুখবর।//…,happy
"স্যার, আমাদের নথিপত্র যাচাই-বাছাইয়ের পর পবিত্র পোর্টাল থেকে সুপারিশগুলো বেছে নেওয়া হয়েছে।",neutral
"শুভ মকর সংক্রান্তি!! তিল আর গুড় খান, মিষ্টি করে কথা বলুন...",happy
এটা ঠিক স্যার,neutral
ঘটস্থাপনা ও নবরাত্রি উৎসবের শুভেচ্ছা!,happy
"সকল শহীদ পুলিশ কর্মীদের শ্রদ্ধা, জয় হিন্দ",happy
শুভ জন্মদিন স্যার,happy
"এতে কোনো ক্ষতি নেই, এটা আমাদের ও হিন্দু সংস্কৃতির জন্য।",neutral
সবাইকে কোজাগিরি পূর্ণিমার শুভেচ্ছা..!,happy
আজ সন্ধ্যায় দিব্য মেকআপ দর্শন জয় শ্রী ত্রিম্বকেশ্বর জ্যোতির্লিঙ্গ জি নাসিক মহারাষ্ট্র,neutral
সকল কৃষক ভাই বোনদের মকর সংক্রান্তির শুভেচ্ছা।,happy
ঔরঙ্গাবাদ এবং ওসমানাবাদের উন্নতির জন্য জোশীর প্রশংসনীয় প্রচেষ্টার জন্য আমরা গর্বিত।,happy
আমাদের বড় ভাই শ্রী সন্দীপ ভাউ করন্দে পাটিলকে জন্মদিনের শুভেচ্ছা।,happy
তাঁর জন্মদিন উপলক্ষে আজ শ্রীক্ষেত্র নারায়ণগড়ে আশীর্বাদ নেওয়া হয়।,happy
"আমি বিশেষ করে গাছ পছন্দ করি, তারা খুব সংরক্ষিত",neutral
মহারাষ্ট্র প্রদেশ অসংগঠিত শ্রমিক কংগ্রেসের পক্ষ থেকে সকলকে শুভেচ্ছা!,happy
"এটা বলার দরকার নেই, মহারাষ্ট্রের মানুষ বুদ্ধিমান।",neutral
বিশুদ্ধ সংস্কারের প্রতিফলন...,happy
ভগবান বিষ্ণুর দশম ও শেষ অবতার কল্কি জয়ন্তীর শুভেচ্ছা..!,happy
তুলাপুর পুনে সমাধিতে ছত্রপতি সম্ভাজি রাজেকে শ্রদ্ধাঞ্জলি।,happy
এই চিত্ররথ এখনও যানজটে ভাল দেখাবে।/// …,neutral
সদগুরু রাজেন্দ্র শিন্ডে সাধকদের পথ দেখান! .// …,neutral
করোনা বছরের ভালো দিক - ডাঃ বিজয় পন্ধরী পান্ডে।/--…,neutral
শুভ হোলি শুভেচ্ছা,happy
সবাইকে নারকেল পূর্ণিমা ও রক্ষাবন্ধনের শুভেচ্ছা (/),happy
কথিত আছে যে ভক্তি সহকারে দেবী শৈলপুত্রীর আরাধনা করলে ঘরে ধন ও সমৃদ্ধি আসে।,happy
আপনার বাবাকে শুভ জন্মদিন…কিন্তু আপনি ডায়েট বেবিতে আছেন।,happy
শুভ জন্মদিন স্যার,happy
বছরের শুরুতে সুখবর।/_/…,happy
'চলা হাওয়া ইয়ে দিয়া' মঞ্চে ভাউয়ের অসাধারণ জাদু।/--...,happy
মহারাষ্ট্রে পাস করার প্রক্রিয়াটি ভালভাবে সম্পন্ন হয়েছে,neutral
শুভ নববর্ষ ভাই..,happy
আমি বিশ্বাস করি আমার জন্য একজন ভালো আইনজীবী হবে।,neutral
ডঃ বাবা সাহেব আম্বেদকরের অবদান অনন্য: পানসে।/?=,happy
অভিনন্দন!! শিবসেনা কি মুখপাত্রের পদ পেল? ?,happy
শুভ জন্মদিন কুমুদ,happy
"ধন্যবাদ ভাই, জন্মদিনের শুভেচ্ছা অনেক বেশি ছিল এবং অসাবধানতাবশত উপেক্ষা করা হয়েছিল",happy
ভালো আইডিয়া কিন্তু ফাদমানভিস কি আপনার কথা শুনবে??,neutral
"কিছু না, পেঙ্গুইনরা খুশিতে রাণীর বাগানে গরবা খেলছে",happy
পর্যটকদের কৈলাস গুহার অনন্যতা দেখানোর জন্য একটি পাহাড়ি রাস্তার প্রস্তাব করা হয়েছে।,neutral
সহ্যাদ্রি আপনার যাত্রায় আপনাকে শুভ কামনা জানায়... যত্ন নিন...,happy
বিজেপিতে অনিলজির মতো নেতা দরকার!,neutral
প্রকৃতির পক্ষ থেকে শুভেচ্ছা স্যার,happy
"বাপ্পা, অপেক্ষায় কবে তোমার বছর কেটে গেল, এখন তোমার আগমনের বাকি দুই দিন।",happy
দুর্নীতির এই কীটপতঙ্গ নির্মূল করতে মুম্বাই আসবে বিজেপি!,angry
জ্ঞান ও বিজ্ঞান আমাদের উপলব্ধি সম্পূর্ণ করে।,neutral
এটা খুবই সত্য,neutral
শুভ জাফরান বার্ষিকী ভাগবতজি,happy
"মারজিভাই, যে নির্বাচন চলছে তা মেরে ফেলুন।",neutral
আসল লাখোবা বোবা,angry
মুম্বাইয়ের ঘাটকোপারের বাথরুমে ধুলোওয়াদ খেলে বাড়ি ফিরে আসা এক দম্পতির মৃতদেহ পাওয়া গেছে। ..//-…,happy
"পাগল অতীত দেখুন, মানুষ শেন এবং লাঠি পরেন",angry
এটি শুধুমাত্র কুরলা ট্রাফিক বিভাগে পাঠানো হয়েছে কিন্তু কোন ব্যবস্থা নেওয়া হয়নি,sad
"স্যার, পরিবারতন্ত্র বিজেপি, গোদি মিডিয়া, অন্ধ ভক্তদের ক্ষেত্রে প্রযোজ্য নয়",angry
চিত্রা তাই ওয়াঘ এবং আপনি টুইট করার জন্য শিন্দে গ্রুপের সদস্য হওয়ার যোগ্যও নন।,angry
একবারের জন্য আমাকে কিছু দিবেন না। কিন্তু আমাকে লজ্জায় ফেলে যেও না।,sad
এটি তার নৈতিক বিজয় কারণ তার সামনে উচ্চাভিলাষী দানবরা ক্ষমতার জন্য জমায়েত হয়েছিল।,happy
এখন এই কালেক্টর অর্থ নিয়ে কথা বলবেন অর্থমন্ত্রীর সঙ্গে...,angry
যারা দূষণ করে তাদের বাস দেওয়া ঠিক নয়।,angry
আমরা মঞ্জুর জন্য এটি গ্রহণ,neutral
নির্বাসনে যাচ্ছে বিজেপি...,happy
তাই বলি পাভ খাও কিন্তু ভাব খাও না...,neutral
কে মারা গেল? যুদ্ধ মানে? চাকরি কি শেষ হয়ে গেছে?,angry
আব্দুল সাত্তার সাহেব কি আপনার মত বিশ্বাসঘাতক?,angry
"কোথায় পন্ধরপুর, কোলহাপুর নির্বাচনে মারা গেল... লোচাট",angry
আপনার পরিবার কি আপনার ইচ্ছাকে গুরুত্ব সহকারে নেয়?,sad
আপনি কি এই ভাতা পাওয়ার যোগ্য?,angry
"আপনার সাধারণ জ্ঞান আপনাকে বোকা হতে দেবেন না, আপনার চোখে কি হিন্দু রীতিনীতি মনে আছে?",angry
"প্রতিবাদই কি একমাত্র সমাধান, আমরা বিচার পাব না???",sad
নাটক সহানুভূতি পাবে না,angry
আজানের ধ্বনি যদি কাজ করে তবে এই ধ্বনি কাজ করে না কেন? তাদের কানে ইয়ারপ্লাগ লাগাতে বলুন।,angry
আমি তাদের খোলা অবস্থায় দেখি,angry
এই খালা ইয়েদা।,angry
"আরে, আপনিও কি মানুষের সাথে যোগ দিয়েছেন?",angry
বিশেষ্য নম্বর এক হল ব্রাউনি,angry
রুপির অবমূল্যায়ন কি ভারতের স্বার্থে? মন্তব্য,neutral
এই প্র্যাঙ্কগুলি আলোড়ন সৃষ্টি করেছিল,angry
"পন্ধরপুর, কোলহাপুরের সময় কি এই সংস্কৃতি কাউকে ভাড়া দেওয়া হয়েছিল?",angry
যারা শিবসেনার বিরুদ্ধে খেলা খেলছে তাদের পরিণতি ভোগ করতে হবে।,fear
শুধু মা বাবাই এমন! অন্য কারো কাছ থেকে এটা আশা করা খুবই দুঃখজনক!,sad
এখন সিদ্ধান্ত নিন কেন বিষ খেয়ে ঘুমাতে হবে,angry
আন্ধারে বাই হিন্দুদের গালাগালি করার প্রবণতা বেশি।,angry
তারপর আফসোসও হয়.. কত অর্ধহৃদয়!!,angry
এই দল আসলেই বিশ্বাসঘাতক।,angry
তিনি কি চোঙ্গ্যা বালা সাহেব এবং তার সঠিক চিন্তা চেনেন??,angry
"“স্বয়ং মন্ত্রী, লেক এমপি, আরেক জেলা সভাপতি… কিন্তু এটা রাজবংশ নয়!”",angry
নর্দমার মুখ পরিষ্কার হবে না বলে হার্ফিকানি।,angry
এখন ভুলে যাও তোমার বাবার আইন,angry
জনগণ যখন ক্ষমতায় ছিল তখন পরিবারের সদস্যরা ঘরে বসে ছিল এখন এ নিয়ে কথা বলাই সঙ্গত।,angry
নপুংসক আপনি কথা বলছেন দেখুন আপনার আঙ্গুল আছে,angry
বিড জেলার পরিস্থিতি দেখে প্রশাসন কি জেগে উঠবে?,sad
তিনি আংশিকভাবে দলের নেতা,angry
ফৈজাবাদ নির্লজ্জ উচ্চাকাঙ্ক্ষার প্রতীক...দানব প্রকৃতির।,angry
আনাজি পন্তের কাছেও ছিল বিশ্বাসঘাতকের ঢাল ও তলোয়ার।,neutral
"তাই আমরাও আপনার মতো খালি হাতে, আপনি অর্থ উপার্জন করতে চান এবং আমরা কাজ করতে চাই...",angry
পুলিশ স্মৃতি দিবসে দেশের জন্য দায়িত্ব পালন করতে গিয়ে শহীদ হওয়া শহীদদের প্রতি বিনম্র শ্রদ্ধা।,happy
আপনি কেমন ক্রিকেট খেলোয়াড় ছিলেন??????????????????????????? ভাইস প্রেসিডেন্ট হওয়ার জন্য আপনি কতটা যোগ্য??????,angry
"""সহানুভূতি, চোখে জল,"" রাজ ঠাকরের উদ্ধব ঠাকরের তীব্র সমালোচনা; বলল ""যেকোনো তরঙ্গ...""",angry
"আপনি যে দল কেটে ফেলেছেন, এত হাসছেন কেন?",sad
যে দেশে শিক্ষাকে ব্যবসায় পরিণত করা হয়েছে সেখানে কী আশা করা যায়?,sad
তাদের কাছে ধারণার চেয়ে ক্ষমতা বেশি গুরুত্বপূর্ণ।,angry
ময়লা নিয়ে ঘেউ ঘেউ করে কেউ কি করে উপভোগ করতে পারে বুঝতে পারছি না।,angry
তার মানে বিজেপি একটা কীট,angry
কংগ্রেসম্যান যদি এতই দুর্নীতিগ্রস্ত হয় তাহলে তাকে বিজেপিতে নেবেন কেন?,angry
বিশ্বাসঘাতকতা ও তার ট্যাঙ্কের টাকা দুর্নীতিবাজদের হাতে তুলে দেওয়ার জন্য লোকখত ও পুরস্কারে ভূষিত,angry
"তার মতে, সমর্থকদের দ্বারা দলের ভুলগুলো তুলে ধরা অপরাধ হিসেবে বিবেচিত হয়...",angry
"আপনি যে একজন নেতা তাতে কোনো সন্দেহ নেই, এমনকি শিশুদেরও এমন শিশুসুলভ বুদ্ধি নেই।",angry
"মুম্বাই মারাঠি মানুষের, তোমার মতো কাপুরুষদের নয়।",angry
স্থায়ী নিষেধাজ্ঞা কেন নয়? সেটিংস কি??,angry
মনে হচ্ছে এই বিশ্বাসঘাতক এখনো আমাদের মত বিশ্বাসঘাতকদের খুঁজছে...,angry
এই লোকটি সমাজে ব্যাপক ভুল ধারণা ছড়াচ্ছে। এই জ্ঞান যোগ করুন.,angry
আপনি শিব সৈনিকদের দ্বারা খুব মার খেয়েছেন তাই আপনি কথা বলছেন,angry
কেউ আপনাকে কিছু দেয় বলে তার সাথে থাকা মূলত একটি মিথ্যা প্রত্যাশা,sad
এই ভাদাপাভ সৈন্যদের নোংরা চিন্তা আছে,angry
কষ্ট ছাড়া বুদ্ধি আসে না...! আধা ঘন্টা বৃষ্টি খুব দরকার,sad
আজ সেখানে উৎসবের বাজার সকাল থেকেই চলছে।,angry
"তাদের মধ্যে জাতীয়তাবাদ কীভাবে এলো, তা দুর্নীতিগ্রস্ত",angry
"এমন প্রশ্ন করবেন না স্যার, ওই বোকা আবার কিছু করবে।",angry
"দুই রাজ্যেই বিজেপির মুখ্যমন্ত্রী আছে, তাই ধরে নিতে হবে এই সবই পূর্বপরিকল্পিত।",angry
"ভারতে অবস্থান করে পাকিস্তান জিন্দাবাদ স্লোগান দেওয়া অগ্রহণযোগ্য, এমন লোকদের কঠোর শাস্তি দেওয়া উচিত।",angry
বিশ্বাসঘাতকের জন্য একটি মশাল আছে,angry
মনে হচ্ছে মিঃ মোদিভক্তের নাম নিতে দেওয়া হয়নি,angry
"ওহে কাপুরুষ চোর, রাহুল গান্ধী কি তোমার বাবার সেবক যে তোমার প্রশ্নের উত্তর দেবে",angry
সরকার বেসরকারীকরণ করতে চায়..যা দারিদ্র্য আরও বাড়াবে..,sad
"উদ্ধব বিরল- অসহায়, অকেজো ও নির্লজ্জ",angry
"আপনি এখনও সেখানে কাজ করেননি, কবে করবেন?",neutral
উদ্ধতরাও এখন নিজের বাবার দল পোড়ানোর মশাল হাতে নিয়েছেন।,angry
কেন মারাঠির বদলে হিন্দি বলছেন মুখ্যমন্ত্রী? উত্তর,angry
"খুব...!!! তারা ধুলোর মত সমগ্র পরিবেশকে দূষিত করে, কোন সম্প্রীতি নেই..!!!",angry
বুর্জি প্যাটেল মনোনীত হন,angry
কুকুরটি শুকরের চেয়ে ভাল ছিল,angry
রাহুল গান্ধীর এমন ছবি দেখে হতবাক হয়ে যান কিছু গোবর।,angry
আমি আমার দীপাবলির খাবার খেতে খেতে ক্লান্ত,neutral
"একথা সর্বজনবিদিত যে, এই বিশ্বব্রহ্মাণ্ডে তোমার চেয়ে শ্রেষ্ঠ লিলিপুট-মুরগি পিতা-পুত্র আর কেউ নেই।",angry
হিন্দু মেয়েরা কি হিন্দু ছেলে পায় না? ভিক্কর কারিনা কাপুরের দিকে তাকান,angry
"আমি মাঝে মাঝে মনে করি তারা আমাদের ""মানুষ"" বলে ডাকে।",sad
মহারাষ্ট্রের কৃষকরা ভিক্ষা করে দিল্লিতে যাচ্ছেন,sad
চল একসাথে খাই,angry
দেশদ্রোহীরাও কি চিন্তিত?,angry
যদি এর পূর্বপুরুষরা তাদের হাতের নখর ব্যবহার করে ঘুমিয়ে থাকতেন তবে এই সময় আসত না।,angry
"তুমি কি বৃষ্টি চাই না, বরুণরাজের অন্নদাতা দেখতে চাও না",sad
গতকালের রায়ে সুপ্রিম কোর্টের কঠোর ভূমিকা নেওয়া উচিত ছিল।,sad
"এটা নতুন কিছু নয় যে, যারা ছাইবার গোলামী করেছে তারাও দেশদ্রোহী।",angry
-? আপনি কোন যুগে আছেন? অন্তত এখন..,neutral
এনসিপি ও কংগ্রেসের 'মশাল' জনগণ মেনে নেবে না!,angry
"বিপ্লব উদযাপন করা হয়েছিল, কিন্তু এখন ভয়ের কারণে আলিবাবা এবং চল্লিশ চোর লড়াই শুরু করেছে।",angry
এই প্রতিদ্বন্দ্বী কাঁকড়া একে অপরের পা টানছে,angry
ফেকার গল্প বলার জন্য তুমিই ছিলে,angry
সত্যি করে বলুন তো ছিঁড়ে ফেলেছিলাম স্যার,angry
মোদিজি একেবারেই ভুল। গ্রেফতার মণীশ সিসোদিয়া,angry
"এখন কথা বলা যাক, এর বিরোধিতা করবে কে? তুমি কি সাহস কর?",angry
অন্ধ ভক্ত হওয়ার জন্য এই প্যাটার্ন বাধ্যতামূলক,angry
নির্লজ্জ সবসময় খুশি! আপনি আপনার বাংলো নাম? বাবা সাহেবের মা!,angry
সত্যি কিন্তু এই বাক্সগুলো কতদিন চলবে? এই একদিন শেষ হবে। তাহলে কি?,neutral
আর শিব সৈনিকদের ভাষায় মহারাষ্ট্র একটি কম্পোস্টেড মহাচুটিয়া।,angry
আগে বৃষ্টি আনতে ব্যাঙের বিয়ের আয়োজন করা হতো। এখন তাকে তালাক দেওয়ার পালা,angry
"কত রেগে আছো, পেছনের দরজাটা ডালের বিশেষত্ব...",angry
দেশের স্বরাষ্ট্রমন্ত্রী আসামি হলে দেশের কী হবে?,angry
এটি একটি ভাসমান মল,angry
নতুন সানডাসের উদ্বোধন ছাড়াও এলাকায় কি করেছেন???,angry
আমি তাকে দেব না এবং সে সুস্থ হলে তাকে গোয়ালঘরে নিয়ে যাব।,neutral
কেলেঙ্কারির জন্য দ্য ব্লককে কেন শাস্তি দেওয়া হয়নি? বেঞ্চ,angry
তোমার মত বিশ্বাসঘাতকদের ঢাল বা তলোয়ার নেই... তাদের আছে ছোরা...,angry
এই ধরনের নরম ভাষায় এমন কিছুর উন্নতি হবে না। জোড়া ভাষা,angry
গান্ডো ওয়াকডা আর গান্ডো মারাঠি মানুষ! একটাই বাঘ ছিল আর সে হয়ে গেল নপুংসক!,angry
ভালো আচরণ করেছেন...দেখুন ভোটাররা এমন লোককে বেছে নেয়,angry
কনকন সহ রাজ্যে ভেজা খরা ঘোষণা করা খুবই জরুরি।,sad
দেখুন তোর ভাগ্যে কিছুই নেই... অন্যের নাম নিতে শুরু করে।,angry
"মুরগি চোরের গাড়ি মুরজি প্যাটেলের ফর্ম পূরণ করতে শুরু করে, পানবতী হাঁটতে শুরু করে।",angry
"কেউ জানে না তুমি কে, তাই বারবার যেতে ইচ্ছে করে কেন",neutral
"টুইটার নেই, শুধু একটি অপমান ছেড়ে দিন, এবং আপনি একটি বোতাম পাবেন...",neutral
আপনি কি পেঙ্গুইন স্ক্র্যাচ এবং স্তন্যপান?,angry
কে আছে? চিৎকার.. আমার নিজের লেজ ছিল,angry
রাম রাজ্যে পশুরা কষ্ট পাচ্ছে।,sad
কিন্তু পরীক্ষা হলে কি কেউ পালিয়ে যায়?,neutral
"ভাঙ্গারা, সকালের অভিশাপ কাজ করে?",angry
তারপর যা হল পন্ধরপুর নান্দেডের কোলহাপুরে ভণ্ড বিজেপি,angry
আয়ে শামানের কোন রেফারেন্স আছে.. নাকি আপনি শুধু শক এর জন্য বসে ছিলেন..?,angry
"আচ্ছা, মুরলি যে কাজ করেনি তা নয়, সে শুধু টাকা খেয়েছে",angry
প্রত্যাহারের বৃষ্টিতে লোকসানের মুখে পড়া সয়াবিন চাষিরাও হতবাক।,sad
"তিনি একনাথকে বলবেন, যিনি ছদ্মবেশে একনাথের সাথে দেখা করেন, কেন তিনি ফড়নবীসের সাথে দেখা করেছিলেন।",neutral
এই লোকেরা কী ধরনের প্রেস কনফারেন্স দেয়? এটা মূল্য আছে?,angry
"আপনার পক্ষে কথা বলছি, আপনি কি মনে করেন না যে মালিকের শাস্তি হবে...",angry
"এই দলভদ্রী শুধু হিন্দু ধর্মের কথাই বলবে, অন্য ধর্মের কথা বলবে না।",angry
তোমার মতো তুমিও তোমার প্রতিবেশীকে পাপা বলে ডাকে।,angry
এটা কঠিন,neutral
ধর্মের নামে রাজনীতি করে মানুষকে বোকা বানানোর এসব নাটক আর কতদিন চলবে?,angry
আমি কিছু জানি না দয়া করে আমাকে জাতীয় ভাষা মারাঠিতে বলুন!,neutral
আগে জনগণকে বলুন আপনি কেন ক্ষমতায় এসেছেন,neutral
'অন্ধকারে গাড়ি পার্ক করে...' যাত্রার সময় অভিনেত্রীর একটি মর্মান্তিক অভিজ্ঞতা হয়েছিল,happy
টিভি চ্যানেল অন্যরকম কিছু দেখাচ্ছিল...কতটা মিথ্যা বলবে...(টিভি চ্যানেল নয়)?,angry
"বিজেপিকে লক্ষ্য করে, নেটিজেনরা বালাসাহেবের নামে শিন্দে গ্রুপকে ট্রোল করেছে -",neutral
শ্রী সত্যজিৎ কদমকে মনোনীত করা এবং তাকে একটি স্থায়ী বাড়ি দেওয়া... এটা কতটা উপযুক্ত স্যার...,angry
"বিজেপির বখাটেরা এটা করতে পারে, পাটলযন্ত্রী",angry
"আনুগত্য ডুবে যায়, মল ভেসে যায়",angry
"এটা আপনার দুর্ভাগ্য যে মানুষ আপনাকে ""সহানুভূতি এবং মতামত"" উভয়ই দেয় না।",sad
কারাগারের টয়লেটে অস্বস্তিকর পিছনের প্রান্ত,angry
এটা একটা ট্র্যাজেডি যে পুরো গণতন্ত্র একজন ব্যক্তির উপর নির্ভরশীল হয়ে পড়ে।,sad
"ভাঙ্গার হল ভাঙ্গার, এটি মহারাষ্ট্রের একটি বড় পোকা।",angry
: কম আবাদের কারণে এ বছর পেঁয়াজের আধিক্য!,sad
এই ঘেউ ঘেউ কুকুর টাকা পেয়েছে বলেই ঘেউ ঘেউ করছে,angry
এখন বেশি কথা বলবেন না..ভিডিও পাঠান..তুমি বেশি কথা বল..কম কম..চলো কাজে লেগে যাই।,neutral
স্বর্গে মদ না থাকলে সেখানে যাওয়া অর্থহীন।,neutral
আপনার পিতার বংশ ছিন্ন হলেও আপনার কুকুরের স্বপ্ন পূরণ হবে না...,angry
"শুধু গুজরাট নয়, হারানাও কালো পাথরের ওপর সাদা রেখা।",neutral
এই সাংবাদিক ঠিক দশেরা দিওয়ালিতে জেগে উঠেছেন!!,angry
জনমতের সাথে বিশ্বাসঘাতকতাকারীদের এই মশাল জ্বলবে,angry
এটি হবে আপনার মতো মানুষের জরিপ থেকে প্রাপ্ত সংখ্যার %।,angry
শ্রমের কোনো মূল্য নেই। এবং এমন একজনের দ্বারা উপহাস করা হচ্ছে যিনি নিজে একজন নার্স ছিলেন,angry
সুপ্রিম কোর্টে সারাদিন কাটানোর দরকার নেই। সকালে রেজাল্ট দেওয়ার পর ফ্রি হতে চেয়েছিলাম।,angry
"আর এই ভাই এই জন্মে বাড়ি থেকে বিচ্ছিন্ন হয়ে গেলেন, কত নিষ্ঠুর!",angry
"শোন নারী, অন্ধ ভক্ত, দুর্নীতিবাজ জনতা পার্টি, যেমন কেউ বলে, চোম্যা।",angry
"তাই,, তোমার বাবার যা ছিনিয়ে নেওয়ার এই পাপের শাস্তি তুমি কোথায় দেবে?",angry
"আরে, করোনায় মারা গেলে ভালো হতো... এই প্রশ্ন কেউ করে না",angry
এটা রাষ্ট্রদ্রোহ। -একজন অন্ধ ভক্ত,angry
বছরের মহারাষ্ট্রীয় বা বছরের বিহারিয়ান,angry
যারা পুলিশকে দেখে পালিয়ে যায়,neutral
জামাকাপড় ধোয়ার ঐতিহ্যও অনেক ঝামেলার কারণ হবে...এমনকি অফিসে আসার সময়ও।,neutral
"আপনি যদি পারেন, একবার আন্ধেরিতে আসুন এবং দেখুন যাতে আপনার সম্মান নষ্ট না হয়",angry
"সে একটি ব্যাঙ্কে কাজ করতে চেয়েছিল কিন্তু...', মেয়েটিকে একটি ট্রাক চাপা দেয় যা রাস্তা ছেড়ে তার বাড়িতে প্রবেশ করে।",sad
তারা বিশ্বাসঘাতকদের নিয়ে মজা করছে,angry
এই সন্দীপ পালিয়ে যায়,happy
হিন্দুত্ববাদী সরকারে কি গোরক্ষকদের উপর হামলা সহ্য করা হবে?,angry
মারাঠি সাংবাদিকতা কঠিন,neutral
"এখন বুঝুন, তার নিজের দলই আপনাকে এই অবস্থায় ফেলেছে।",angry
তাহলে তারা কেন আদালতে তর্ক করবে?,angry
আপনি যদি সঠিকভাবে ব্রাশ না করেন তবে আপনি এটির জন্য ট্যাগ হয়ে যাবেন,angry
এই ঘুমন্ত সরকার কার মনের অবস্থা বলুন। অনেক উত্সাহী বেকারত্ব দ্বারা বিধ্বস্ত ছিল.,sad
"যদি জ্ঞানীদের দ্বারা আলো ফেলতে হয়, তবে আপনার মশাল কি কেবলমাত্র আলোকিত হওয়ার সংকেত?",angry
"মন যখন তোমাকে ছেড়ে চলে যায়, তুমি হেরে মরে।",sad
এটা পড়ে মহেশ কোঠারের কিডনি হার্ট অ্যাটাক হয়ে থাকতে পারে।,happy
বিশ্বচ্যাম্পিয়ন দলকে পরাজিত করলেও নতুন দলকে হারিয়ে খাতা খুলল আয়ারল্যান্ড,happy
"সালিয়া, আপনি আমাদের কারণে জনপ্রতিনিধি হলে আমাদের কিছু যায় আসে না।",angry
অন্যরা কেন ঘুমাচ্ছে?,neutral
হ্যাঁ বিজেপি ব্যস্ততা দেখায় কিন্তু আসল কারণ হল অলসতা,angry
মূলত বিশ্বাসঘাতকতা কোন বর্ণের মধ্যে সীমাবদ্ধ নয়। বিশ্বাসঘাতকতা একটি স্বভাব।,neutral
স্বায়ত্তশাসিত প্রতিষ্ঠানগুলি বিশ্বস্ত কিনা তা ভেবে দেখুন...,neutral
পানি হাতে আসায় মানুষ শিক্ষিত হয়েছে।,neutral
পাপ্পুর মাথা ঘুরছে,angry
কাজকে বাবা বলা উচিত.. কোথায় বালা সাহেব নিজে আর কোথায় তিনি.. এই সব কঠিন..!!,neutral
এবং তারা বলে যে আমরা বালা সাহেবের আদর্শে চলেছি। ক্ষমতা পাওয়ার সাথে সাথে ভুলে গেছে।,angry
কপালে দাগ থাকলেও আনুগত্য ও বিশ্বাসঘাতকতার দাগ মুছে যায় না।,angry
পোহর মানস মহারাষ্ট্রের রানে...,angry
"আহা, আমরা তিক্ত হতে পারি কিন্তু আপনার মত অহংকারী নই, ক্ষমতার ক্ষুধার্ত মানুষ যারা মুফতিদের সাথে রাখে",angry
"শুধু মারাঠিরা নয়, সমগ্র শিল্পকে অপমান করা হয়েছে।",sad
"ওহ, নাইজেরিয়া কোথায় পৌঁছেছে? ভারতে যোগ দেওয়ার আগে পাকিস্তান ও বাংলাদেশ এখানেই থেকে গিয়েছিল।",angry
এর টুইটার হ্যান্ডেল ব্যবহার করা খুবই ভুল,angry
কবে বিজেপির দুর্নীতিবাজ নেতাদের তদন্ত হবে?,angry
কংগ্রেসের নেতারা এত বড় যে কংগ্রেস থেকে বহিষ্কৃত লোকেরাও বিজেপিতে মন্ত্রী হয়।,angry
তারা আপনার মত তাদের আত্মসম্মান বন্ধক রাখে না.,happy
পড়ে থাকা মুখ সব বলে দেয়।,sad
"সে মরেনি, দাদা... সে ঘেউ ঘেউ করছে... সে শুধু ঘেউ ঘেউ করছে...",angry
তোমার কাজ ভালো করো নাহলে আমরা তোমাকে তোমার জায়গা দেখাবো...,angry
"থোরাট, ভিখে, আম্বেদকর নামের অপব্যবহারের জন্য আদালতে যাবেন।",neutral
যে নেতার সাড়া দেওয়ার সাহস নেই তাকে পুরস্কৃত করা হাস্যকর।,angry
কুলকার্নি মাথায় শুয়ে থাকবেন।,angry
এটা কি শিবসেনার মহিলা কর্পোরেটর অভিযুক্ত নয়... এটা কি মূল্যবান?,angry
দেখা যাচ্ছে যে বিশ্বস্ত ফ্যাক্ট চেকার কয়েকদিন জেলে ছিলেন,angry
আমাদের বলতে হবে...এবং এখন লোকেরা তার পদক্ষেপগুলি লক্ষ্য করতে শুরু করেছে।,happy
যারা মর্টগেজ একত্রিত করে তাদের খুব বেশি চিন্তা করা উচিত নয়,angry
এখন পৌর কর্পোরেশনকে কেন দায়ী করা হবে না তা নিয়ে তারা আলোচনা করছেন,angry
महिला सशक्तिकरण का दिखावा बंद करें और पहले महाराष्ट्र छोड़ें।',angry
এটা খুবই লজ্জার বিষয় যে ফুলে শাহু আম্বেদকরের মহারাষ্ট্রে শিশুদের শিক্ষার জন্য আন্দোলন করতে হয়।,sad
তোমার নিচে আগুন জ্বলছে কেন? যান এবং দ্রুত বরফ ভরা তুষার এবং খাদ উপর দৌড়াও,angry
সরকারী পরিষেবা বন্ধ হওয়ার অনেক বছর হয়ে গেছে।,sad
"পাওয়ার সাহেব আর আমেরিকার মধ্যে একটা মিল আছে, যারা তাদের বিশ্বাস করে তারা জীবন থেকে বেরিয়ে যায়",angry
"কয়েক মাসের মধ্যে, বালা সাহেবের শিবসেনা এবং বিজেপি সরকারের পতন দৃশ্যমান হয়ে উঠল...হায় ঈশ্বর!",sad
"জল-জল স্থির, সহ্য করা যায় না এবং কোরেশী সাহেবকে বলতেও পারছে না।",sad
আমাদের আপনার সম্পূর্ণ ঠিকানা পাঠান. আপনার দেওয়া ঠিকানা যথেষ্ট নয়।,neutral
মাঠ পাওয়া মাত্রই তালে তালে নাচ...এখন কমিশনের সামনে...,angry
গরিবদের ডাকাতি করার অপরাধে আপনি জেলে আছেন,angry
কিন্তু ডলারের বিপরীতে রুপির দরপতনের কী হবে?,sad
"বালা সাহেবের শিবসেনাকে প্রথম শিব সৈনিক বলা হয়। আর এখন শিবসৈনিকরা বলে বালা সাহেবের শিবসেনা, কে বালা সাহেব?",angry
"সাহেব ইওলা তালুকায় বৃষ্টির কারণে কৃষকদের ব্যাপক ক্ষতি হয়েছে, অবিলম্বে সাহায্য পেতে অনুসরণ করুন।",happy
"গ্রাম পঞ্চায়েত কোন দল নয়, এই তো আমাদের স্কুলে পড়ানো হয়েছিল, কোন স্কুলে পড়েছ?",angry
মনে হয় এই গল্পটা বাড়িতে বলতে ভুলে গেছি,neutral
আসুন আমরা আপনাকে বলি যে নেপালি ব্যাঙ প্রথম বিশ্বাসঘাতক,angry
উদ্ধব ঠাকরে আপনার মায়ের সাথে কী করেছিলেন?,angry
আন্ধেরিতে বিধানসভা উপনির্বাচন। জনগণকে বোকা বানানোর শিল্প চলছে।,angry
"""উদ্ধব ঠাকরে হতাশ, অকার্যকর, অহংকারী"" বিজেপি বিধায়ককে কটাক্ষ করেছেন; বলেছেন, ""যারা ঘরে বসে আছেন তাদের জন্য...""",angry
তারা আদানীর বন্দর থেকে বিনা পয়সায় পণ্য নিয়ে এভাবে কথা বলতে থাকে।,angry
আপনাকে এবং দলকে ভারী ক্ষতিপূরণ দিতে হবে।,sad
নিম্নলিখিত প্রাসঙ্গিক উপাখ্যানগুলি মহারাষ্ট্রের বর্তমান রাজনীতিতে প্রযোজ্য।,angry
সে পরে তাইচির হাত ধরে ক্ষমা চায়...,angry
"কথিত আছে যে, নৃত্যরত ময়ূরের আঁকাবাঁকা পা রয়েছে।",neutral
অন্য পুরুষের সঙ্গে পালিয়ে যাওয়া স্ত্রী এখন সম্পত্তিতে অংশ দাবি করছেন,angry
আমাদের বড়রা কবে জানবে যে অমুক শিশু এটা জানে???,happy
"হ্যাঁ, আমি একমত যে প্রতিযোগিতার যুগে মানুষ ভুলে যাচ্ছে দেশ ও সমাজে কী চলছে।",sad
"স্ক্রিপ্ট প্রস্তুত ছিল, দশেরা জমায়েতের পরে হৈচৈ হয়েছিল।",happy
আমাদের মধ্যে এই জয়চাঁদ গণজি শিরকে ফিতুর হাবশি...!!!,angry
সেই থাপার খোঁপা গলায় কদর নেই। ভক্তদের খোলা ভালবাসার আশ্বাস দেওয়া হয়।,angry
ধুংগান ডান্ডা কি সেই ভাষা আর কি শো অফ আর কিভাবে পালাতে হয়,angry
"বিশ্বের মুখপাত্র দ্বারা কঠিন সময় তৈরি করা হয়েছে, তাই তিনি বর্তমান পরিস্থিতির জন্য দায়ী।",angry
এ সময় পুনের ওপরের মেঘ ফেটে যাচ্ছিল,happy
আমরা একটি পছন্দ আছে?,neutral
"জাগলায়, গোষ্ঠ না বাঁচিয়ে নিচের চুলকানি যায় না ভাই????",angry
"কমিশনের ওপরও আস্থা নেই, আদালতেও নেই, এটাই কলযুগ",angry
দেবতাদের উপহাস; কিন্তু এ বিষয়ে কঠোর ব্যবস্থা নেওয়া হচ্ছে না।,angry
এই থিলার খুপরি বন্ধ করুন।,angry
শিবসেনার কাছে মশাল হল বানরের হাত অন্যের ঘর পোড়ানো,angry
"দাদা তখন অন্যের হিন্দিতে দাঁত পিষে, এখন দাঁত পিষতে শুরু করে।",happy
সে এবং দৈত্য যে কোনও বিষয়ে কথা বলে,neutral
"আগরকর, বিচারপতি রানাডের নাম নেওয়া হবে না। কারণ তিনি ব্রাহ্মণ ছিলেন!",angry
"যদি এমন না হতো। সেও তাই করত... যখনই সময় পেত, পালিয়ে যেত।",angry
প্রশাসন আছে শুধু জনগণকে হয়রানি করার জন্য,angry
"""এটা একটা ভ্রম যে শিবসেনা সহানুভূতি পাচ্ছে!""- সৈন্যদের উদ্দেশ্যে রাজ ঠাকরের বক্তব্য...",angry
এই আইনজীবী বিচারককে তোষামোদ করতে পারে কিন্তু ভক্তদের নয়।,angry
আমরা এই একজনকে অনেক মারলাম.. অনলাইনে আন্টির গান দেখছিলাম..,angry
"আজেবাজে প্রশ্ন, যা নির্বাচন কমিশনের আওতাভুক্ত নয়।",angry
"তাই আমি কমলিকে বকাঝকা করি, আমরা সবাই তোর মতো নিচু মানুষ।",angry
"পুনেকে ঘিরে আছে দুর্নীতিবাজরা। সাগরে ঘেরা মুম্বই, গুজরাট বিজেপি।",angry
আপনি যদি এই ধরনের ছদ্মবেশী কংগ্রেসিদের সম্মান না করেন তবে এই জাতীয় সংস্থাগুলিকে নিষিদ্ধ করুন।,angry
নামের একটা অর্থ আছে বিশ্বাস করুন!,angry
একের পর এক প্রশ্নের উত্তর দেবেন না.. কি কাজ করেছে বলুন,angry
এর কারণ কী?,angry
"ভাই, পুনে কি তা জানে না, পুরা ইয়েদ জাভা",angry
ঘোড়ায় দানা রেখে ফুঁ দেওয়াকে চুতিয়া বলে,angry
"এটা আমাদের কষ্ট দেয়। ভিড় হয়, টিকিট পাওয়া যায় না, ট্রেন দেরিতে চলে",sad
দেশের মানুষ কি তোমার মতো বিশ্বাসঘাতকতার বিছানায় রংধনু কুকুরের মতো বাস করছে না?,angry
এটা সেই সময়ে যখন কংগ্রেস ক্ষমতায় ছিল। যুদ্ধের সময় হলে সে পালিয়ে যায়,angry
আপনি যদি নিজেই গর্তে যাওয়ার সিদ্ধান্ত নিয়ে থাকেন তবে আপনাকে কে বাধা দেবে.. ধ্বংসাত্মক বুদ্ধিমত্তা,angry
জনগণের সাথে কারো কিছু করার নেই... গণতন্ত্র কোথায় গেছে... এটা নিছক স্বেচ্ছাচারিতা।,sad
ঠাকরের কোনো কাজ হয়নি?,happy
"চিঠির বিনিময়ে বাড়ির কোনো হিসাব নেই, পাওয়া যাবে? - একটি আশাবাদী ধীর সৈনিক",angry
"উদ্ধব সাহেব পর্যন্ত ফড়নবীস ভালো আছেন, বালা সাহেবকে ডাকবেন না।",angry
"তিনি দেশের জন্য আত্মত্যাগ করেছেন, আপনি তার পায়ে পড়ার যোগ্য নন।",happy
"দুটোই অকেজো, কেউ ভিক্ষা করে না...",angry
"আমি আপনাকে গত মাস থেকে মেইল ​​করছি, দয়া করে চেক করুন এবং স্যার উত্তর দিন।",neutral
কেউ আমাকে সেরা বন্ধু মনে করে না,sad
আগামী কয়েকদিনের মধ্যে আপনার সরকারের পতন হবে...,happy
বুদা কি আগুন ধরেছে?,happy
| মৌনি রায় অভিনয়ের জন্য স্কুল ছেড়ে মুম্বাই পৌঁছেছেন...,neutral
এখন প্রত্যেকের উচিত ভারতের উদাহরণ হিসেবে প্রশংসা করা...এটাই থাকবে...,angry
একটি নাবালিকা মেয়েকে ধর্ষণ করা হয়েছিল এবং তাকে গর্ভবতী করার জন্য বছরের পর বছর ধরে কঠোর পরিশ্রম করা হয়েছিল।,angry
তারা মানসিকভাবে কষ্ট পায়,sad
"এই চিহ্নটি সমস্যায় রয়েছে, এটি সম্ভবত জ্বলতে না পেরে বেরিয়ে যাবে",angry
একই অবস্থা এখন মহারাষ্ট্রে। ক্ষমতাসীনরা এখন কী করছে?,angry
মুখে এক বাক্স ঘি আর এক ব্যাগ চিনি...,happy
একটি সংখ্যা যা বলে বাবু জানু অকেজো,angry
তাই ভাবছেন তোর ফুফু আজ এই বাড়ি ছিনিয়ে নিয়েছে,angry
কোলহাপুরে রাস্তায় গর্ত আছে নাকি গর্তের মধ্যে রাস্তা আছে তা জানা যায়নি।,angry
রাজপ্রাসাদে বসবাসকারী ভিক্ষুকদের দেশ ভারত,angry
প্রত্যেকেরই অভিযোগ আছে কিন্তু আপনিই যিনি লাথি ও মারধর করেন।,angry
আপনি কি সত্যিই আপনার ভারসাম্য রক্ষাকারী সেনাবাহিনীর আলস্যকে এটি শিখিয়েছেন?,angry
আয়নাটা নামিয়ে রাখলে কানের নিচে বসতো...,angry
তারপরও হারতে চলেছে বিজেপি,happy
"একটু লজ্জা করুন, দেশ রসাতলে যাচ্ছে, মানুষকে সচেতন করুন।",angry
পদত্যাগ করুন এবং মহারাষ্ট্র ছেড়ে যান,angry
কি হাই কেন শুধু না,neutral
"সাবধান, করোনা। অনাক্রম্যতা সরাসরি আক্রমণের অধীনে, লক্ষণগুলি বিপজ্জনক",fear
মহারাষ্ট্রে ময়লা আসবে! তাই মানুষ নাকে রুমাল চেপে ধরেছে,angry
দাদা তার গুরুর মত একজন অন্ধ ভক্ত..তার হিন্দুত্ব তাকে এই শিক্ষা দেয়..,angry
এই সংস্কৃতি আমাদের জেলায় ভুলে গেছে... দেগলুর নান্দেদ। এই বিজেপির লোকেরা,angry
যারা কেলেঙ্কারি ঘটিয়েছে তাদের চিন্তা করা উচিত আপনি কি করতে চান,angry
"কালু-বালুর নাটক কি প্রথম...? এটা আশ্চর্যজনক, আপনি এটি একবার দেখতে হবে",happy
এটা ঠিক কারণ মহারাষ্ট্রের রাজনীতি থেকে 'দেশদ্রোহী' শব্দটি মুছে যাবে না।,angry
আব্বা! স্কুল বাসে এই অজগর কোথা থেকে এল? ভিডিওটি দেখলে যে কেউ শিউরে উঠবেন,fear
ক্ষমতাসীনরা ক্ষমতায়!,angry
এটা কোন সতর্কতা নয় স্যার,fear
"বালা সাহেবের বাহিনীও আছে, তাহলে কি মহারাষ্ট্রে এই সেনাবাহিনীর দরকার আছে?",neutral
"এটি সত্যিই একটি বড় কেলেঙ্কারি, কঠোর ব্যবস্থা নেওয়া উচিত।",angry
মোদী-শাহ বা অন্য নেতাদের নিয়ে যদি এই ধরনের কার্টুন বানানো হয় তাহলে আপনি কেন পাত্তা দেবেন?,angry
"ডাইরেক্ট অফার লেটার, এটা একটা কেলেঙ্কারী হে বাবা",angry
একই বিষয়ে কতবার মারাঠি ছবি বানাবে? গত বছর একটি স্থবিরতা ছিল,neutral
তাই গঙ্গাবাইয়ের মেয়ে পোল বাইও ঘরে বসে থাকে না।,angry
এই কথাটা আপনিই বলবেন ভাই,angry
ব্যথা এতটাই তীব্র যে তা মাথার দিকে চলে যায়।,angry
মতপ্রকাশের স্বাধীনতা মানে বাংলোয় নিয়ে গিয়ে মারধর করা।,angry
পাকিস্তানের উচিত ছিল আগুন দেওয়া,angry
এর আগে রাজকুমারী হায়া ও প্রিন্সেস লতিফার বিদ্রোহ ও হয়রানির ঘটনা প্রকাশ্যে এসেছে।,sad
এই কুচিদ। একটি নতুন জাত আছে,angry
তোমার মতো কান্না নেই। বেলচা বালাসাহেবের সাথে বিশ্বাসঘাতকতা করেছে।,angry
সত্য কিন্তু এটা কেঁচোর বুদ্ধি নয়।,angry
"শিল্পজগতে শোকের ছায়া, হারিয়ে গেলেন বলিউডের 'তিনি' কিংবদন্তি...",sad
বন্যপ্রাণীর আক্রমণে ক্ষতির ক্ষতিপূরণ দীপাবলির আগেই দিতে হবে- বনমন্ত্রী সুধীর মুনগান্টিওয়ার।,neutral
সে কেন কাছে আসবে তা দেখার জন্য এটি যথেষ্ট নয়,angry
একজন কাউন্সিলরের পক্ষে এভাবে কথা বলা বাড়াবাড়ি,angry
ঘোষণার পরও পুলিশি ব্যবস্থা নেই কেন?,angry
অন্তত আপনার আইটি সেলকে এটি পছন্দ করুন। ঠিক ঘন্টা মত?,angry
"প্রতিবাদ, রাউত সাহেবের ছবি নয় কেন...?",angry
এটি আরও বেশি করে চলতে থাকবে.. তারপর আন্নাজি পন্তও এটি ব্যবহার করবেন এবং এটি ফেলে দেবেন।,angry
ওই ম্যাডাম পেঁয়াজ খায় না তাই তার মাথা আলু ভর্তি...মনে হয়,angry
এই কি হয়,neutral
এটা বলা যাবে না যে তারা সব ভাড়াটিয়া সত্ত্বা কিনে নিয়েছে।,angry
মতামত না থাকলে আজ যারা সরকার পতনের কথা বলছেন তারা কোথায়?,angry
খুবই দুর্ভাগ্যজনক।,sad
খাজাপের শব্দে পাগল হয়ে যায়,angry
"মা, নরু নি বি যোগী, সেখানে কি পুরুষ আছে?",angry
এই ভাষা একজন এমএলএকে শোভা পায় না,angry
অভিবাসীদের একজনের কানের নিচে একটি রিং ছিল।,angry
"এই সেই একই পকেট সাংবাদিক যে বলেছিল ""উদ্ধবের স্বভাব রাদকা""...",angry
এই বিশ্বাসঘাতক বিধায়কের বিরুদ্ধে ব্যবস্থা নেওয়া হলে কোনো সমস্যা হওয়ার কথা নয়।,angry
এর মানে হল আপনার সরকার তদন্ত করতে পারছে না,angry
শ্রদ্ধা জানাই এবং পরিবারের প্রতি সমবেদনা জানাই।,happy
এই পুলিশ মারধরের যোগ্য,angry
"আরে দোস্ত, এটা তো খান্ডোবা মল রোড।",neutral
"বেলের আইন বিশেষজ্ঞ... একজন বখাটে, তার শিরাগুলো ঘৃণাতে ভরা",angry
তাহলে কলা কেন ফেটে যায়...,angry
শপথ নেওয়া হয়। কিন্তু করা,neutral
কেউ মাথা ভেঙ্গেছে এটা বলার সাহসও তার নেই।,angry
"আড়াই বছর ধরে মারধর। অবশেষে থাপা বলল, আমি আর সহ্য করতে পারছি না।",angry
"হাতের চুল্লিতে গাঁজা মেশালে এমন প্রবল নেশা হতো। একজন মানুষের হাততালি দেওয়া উচিত, কিন্তু শুধু এতটুকুই।",angry
"নীরব মোদি কখনও আত্মহত্যা করবেন না, বিশেষজ্ঞদের যুক্তি, ইচ্ছাকৃতভাবে?",neutral
"আমি তোমাকে বিরক্ত করিনি, তাই সময় এসেছে... আমার সময়মতো পোশাক পরা উচিত ছিল...",sad
*ব্রেকিং: হিন্দুদের উৎসব এলেই কেন দখল অপসারণ? বালা সাহেবের শিবসেনা রাজপথে বিক্ষোভ...,angry
না স্যার আপনার বক্তব্য খুবই ভুল,angry
কথোপকথন সাধারণ জ্ঞান সম্পর্কে নয় এবং এখানে বসে বিড়বিড় করছে,angry
খুব কম আছে..,neutral
আপনি কি ইয়েদাজাভ্যা জওয়ানার সাথে যাওয়ার যোগ্য?,angry
"বলা হয়, কেউ কেউ সুপারি দিয়ে কাজ করেন।",angry
তোমার মত দাসদের এত মূল্য নেই।,angry
সমস্ত আদর্শগত অন্ধকার অন্ধকারের দিকে ধাবিত হয়।,sad
হা হা হা... এটা বোকাদের বাজার...,angry
"ওহ, কে আবেদন করেছে? কী ব্যবস্থা নেওয়া হবে তা স্পষ্ট",angry
iBall একটি কীবোর্ড। দেখুন কি হচ্ছে? লেবু লাগবে?,neutral
কংগ্রেস আশা করেছিল ভালো দিন আসবে কিন্তু তা ব্যর্থ হয়েছে,sad
যা হচ্ছে তা খুবই নোংরা।,angry
মনটা এমন একটা লাশের মত হয়ে গেছে যার শেষকৃত্য নেই।,sad
যখন আপনার উপর গুলি করা হবে তখন আপনি এটি ভালভাবে মনে রাখবেন,angry
এর মানে হল যে ভবিষ্যতে মানব অস্তিত্বের জন্য সবচেয়ে বড় হুমকি সব ধর্ম থেকে আসে।,fear
"তার মানে উদ্ধব ঠাকরে দূরদর্শী ছিলেন না, রাউত বেশি সাক্ষাৎকার দিতেন।",neutral
"কে বলছে দেশদ্রোহী, এসব কথা তোমার মুখ থেকে ভালো লাগছে না।",angry
স্যার আমি তাদের নোংরা রাজনীতির অংশ হব তা ভাবিনি,angry
এখন জানবেন কেন গাধার মাথায় চুল কম থাকে।,angry
() প্রতি বছর কোটি কোটি চাকরি দেওয়ার ঘোষণা শেষ পর্যন্ত জুমলা প্রমাণিত হয়।,angry
"বছরের পর বছর বিজেপির ক্ষমতা আর এনসিপির ভুল, অন্ধ ভক্তদের মন কম",angry
এত গরম আমরা এখানে ঘামছি,neutral
এটা অনেক ঘটছে,angry
একনাথ শিন্ডে বিশ্বাসঘাতকতার পরিকল্পনা দেড় বছর আগে করেছিলেন: শিবসেনা নেতা,angry
বিষয়টি গত বছর থেকে অব্যাহত রয়েছে। এটা একটু ঘেউ ঘেউ,angry
আর হত্যাকারী অমর হয়ে যাবে,angry
জনগণের প্রতি অবিচার ও বিশ্বাসঘাতকতা করেছেন বলে এ কথা বলবেন না...!,angry
এবার মিঃ শিন্ডে মিঃ এর সাথে কথা বলার সময় গন্ডগোল করছেন।,angry
বিশ্বাসঘাতকদের অবশ্যই ধ্বংস করা হবে,angry
"আপনার কাঁধে বসুন, শাহ, মোদী, এই কি একনায়কত্ব, রম্যা?",angry
প্রশাসনের শিথিলতা বর্তমান বৃষ্টির কারণে পুনের দুর্দশা দেখায়।,angry
ছগনরাও ভগৎ সিং সরস্বতীর ভক্ত ছিলেন। কেউ ধান চোর ছিল না,happy
এটা মিঃ পাওয়ারের অপমান হিসেবে বিবেচিত হয়েছিল,angry
চলমান এই ডিপির অবস্থা দেখুন।,angry
ফড়নবীস একজন জারজ,angry
যারা মেয়েদের পতিতাবৃত্তিতে ঠেলে দেয় তাদের বিজেপি নেতাদের আন্টি এই পরামর্শ দেওয়া উচিত।,angry
আপনি যদি একটি কুকুরকে সালাম না করেন তবে আপনাকে ভুল বোঝা হবে।,angry
অন্ধ ভক্তের মতো পুদিনা ধোচ্ছে এত দিন,angry
মহারাষ্ট্রে কি কোন কৃষিমন্ত্রী আছে????,angry
যার আসল শিবসেনা এখন রাজপথে দেখা যাবে। উপনির্বাচনে জিতে রাবণ বধ হবে এটা নিশ্চিত!!,happy
"আজি ভক্তদের জীবন নষ্ট করে দিয়েছে। অতএব, অন্যরা নির্যাতিত বোধ করবে।",angry
"যে গোত্র আজ অবধি দেশকে অর্থনৈতিকভাবে ঠকাচ্ছে,,,,,, আর এই আমাদের দেশপ্রেম শেখাবে?",angry
"ওহ সানডাস ছাপ, আপনি যখন ক্ষমতায় আছেন তখন এর অর্থ কী",angry
মূর্খ ভক্তরা কাকে সমর্থন করবে বলা যায় না।,angry
"তোমার মত শুয়োরের কারণেই আজ মহারাষ্ট্রের এই অবস্থা, কুকুর মারাঠি মানুষকে বলে...",angry
আন্ধেরি পূর্ব বিধানসভা উপনির্বাচন থেকে নাম প্রত্যাহার করেছে বিজেপি। এখন সিমপ্যাথি পাগলের মত নাচবে ভেবে এই তার জয়!,angry
পায়রা ছাড়ার আগে দেশ অনেক বদলে গেছে; এখন ধর্ষকরা মুক্তি পাচ্ছে..!!,angry
এখন এটা যেমন একটি সম্মান,neutral
"আরে ব্যাঙ, কথা বলছিস?",angry
এটা সেই কুকুরের অপমান হবে...,angry
তিনি একজন বোকা সাংবাদিক,angry
তারা গিয়ে সেই পাথরের উপর বসল যার পাথরটি তারা ছিটকে পড়তে চলেছে।,angry
এতে হতাশ প্রশাসনিক কর্মকর্তারা। অথচ সরকার ঘুমিয়ে আছে। জয় মহারাষ্ট্র।,angry
"কিন্তু এর জন্য প্রয়োজন একজন অক্লান্ত শিব সৈনিক, আপনার মতো একজন হেরে যাওয়া নয়।",angry
মহারাষ্ট্র ও দেশের অর্থ? মহারাষ্ট্র কোন দেশে?,angry
জনসাধারণের উচিত বিধায়কদের একই পাঠ শেখানো উচিত যাকে ভোটাররা নির্বাচিত করে ভাগ করেছে!,angry
সমাজকল্যাণ দফতরে এখনও স্বতন্ত্র মন্ত্রী দেওয়া হয়নি। এটা বিজেপির সামাজিক অবিচার।,angry
ধর্মনিরপেক্ষ মানুষ তারাই যারা প্রতিবেশীকে পিতার পরিবর্তে পিতা বলে।,angry
আমি তোমার মত নই তাত্য।,neutral
এমন কিছু শিশু আছে যারা প্রতিনিয়ত ঘরোয়া সমস্যায় কষ্ট পায় এবং তাদের ভালোবাসা নেই...,neutral
অযোগ্য শিক্ষকরা ক্ষুধায় মারা যাচ্ছে... আর সৎ যোগ্য শিক্ষকরা ক্ষুধায় মারা যাচ্ছে... বাহ... মহারাষ্ট্র সরকার...,angry
এটা বেশিদিন টিকবে না...হিটলার খারাপভাবে শেষ হয়েছিল...কমিউনিস্ট পার্টিও চরম কমিউনিজমের কারণে শেষ হয়েছিল...,angry
"রাও, আপনি প্রত্যাশা নিয়ে মজা করেন কেন স্যার?",neutral
বাবার আর বিজেপির সাথে কোনো সম্পর্ক নেই... আর বাবাও এটা জানেন...,neutral
"আর কত ভালো দিন দরকার...! আচ্ছা, বিজ্ঞাপন ..",angry
সরকারি চাকরির আকাঙ্ক্ষা অনেককে বেকার করে দিয়েছে।,sad
সন্ধ্যায় প্রবল বৃষ্টির কারণে সাঙ্গামনের শহরের নবীন নগর রোড প্লাবিত হয়েছে।,neutral
এই নায়করা গর্জন করছে...,angry
সে কী নকল মানুষ... তার সত্যিকারের স্কুলে যাওয়া উচিত...,angry
কিন্তু এটা গাধার অপমান। নিষেধ,angry
কে কে তার একটি নমুনা,angry
এই সাইকোপ্যাথরা জঘন্য জনপ্রিয় ধারণাগুলি পরীক্ষা না করে পড়ে বা গ্রহণ করে না।,angry
"সত্য হল.. ফেকু তাদিপার থেকে শেনখৌ ভক্তন পর্যন্ত, এই ঐতিহ্য অটুট.!",angry
"দেশে বেকারত্ব নেই, অল্পবয়সী ছেলে-মেয়েরা শিক্ষা অর্জনে ব্যর্থ হচ্ছে।",angry
"মর্মান্তিক ! কালওয়া থেকে খারেগাঁও পর্যন্ত রাস্তা বন্ধ, ব্যারিকেড দিয়ে রাস্তা বন্ধ করে দেওয়া হয়েছে।",happy
"এই সিন্ধেশাহী মহাপুরুষের অমূল্য দর্শন, এর সঙ্গে আপস করা ঠিক নয়।",happy
সম্পর্কের গণিত ব্যাঙ্ক অ্যাকাউন্টের মতো।,sad
পুলিশ স্মৃতি দিবসে দায়িত্ব পালনকালে শহীদ হওয়া শহীদদের প্রতি জানাই বিনম্র শ্রদ্ধা।,happy
বাঘের শুটিং সম্পর্কে বিস্তারিত বলতে পারবেন?? আমি একক পেঁয়াজ তাকান উচিত,angry
দাসী কি ছবি তোলা ছেড়ে দিয়েছে?,angry
এটা রক্ষা হলে ধীর সৈন্যদের মৃত্যু এখনও জ্বলে উঠত,angry
"তাহলে সারারাত অবিবাহিত লোকেরা কী করছিল, তারা এভাবে ঘুম থেকে উঠে কী করতে চায়...",angry
এটা বলা যাবে না..!!,neutral
রানে ও কার্তিকে আগে বুঝতে হবে।,angry
"কেঁদো না... শিবসেনা মুম্বাইতে টাকা খেয়েছে, তাই মুম্বাই পড়ে যাচ্ছে এটা সবারই জানা।",angry
প্রথম মুখ্যমন্ত্রী যিনি তাঁর রাজ্যে মাতৃভাষা বলার বিষয়ে প্রশ্ন করেছিলেন।,angry
কেঁদে পালালে ধরা পড়ে ক্ষমা চাওয়া ইতিহাস ও বর্তমান,angry
এ ধরনের যৌক্তিক প্রশ্ন করা রাষ্ট্রদ্রোহিতা,angry
পথচারী মহিলার গলার সোনার হার ছিঁড়ে ফেলে বাইকাররা,angry
তিনি একজন বড় মানুষ।,angry
কোঙ্কনি হিসেবে রাজি... এখানে আবার গণপতি আসে এবং হাইওয়ে একই জরাজীর্ণ অবস্থায়...,sad
ভবিষ্যতের দাস আজই তৈরি করতে হবে।,fear
"শুধুমাত্র তিন ধরনের খাবার আছে: নিরামিষ, আমিষ এবং আমিষ।",angry
"জিউবাথা একটি সমাপ্ত দল, তার সমালোচনার জবাব দেওয়া অকেজো",angry
"এটি মহারাষ্ট্র রাজ্য সরকার, ফড়নবিস সরকার, বিজেপি সরকারের সেরা কাজ.. ট্রোলিং...",angry
এই কাজ আপনার..আত্মদর্শন প্রয়োজন রাবণ কদম!,angry
এই মোসাম্বি অরেঞ্জ পার্টি মহারাষ্ট্রে সত্যিই প্রহসনে পরিণত হয়েছে।,angry
এটা একজন প্রতারক রাজা ও তার ভাদাপাভ প্রজাদের ধারণা,angry
হরিশ্চন্দ্র বেঁচে থাকলে এ কথা শুনে অবিলম্বে প্রাণ বিসর্জন দিতেন।,angry
আর তোমার মতো দেশদ্রোহীরা পঞ্চাশ বাক্স নিয়ে চলে গেছে!,angry
"শাস্ত্রে লেখা আছে- জাভেদের বংশ তখন জানা ছিল, এখন কিছু লোক বংশ পরিবর্তন করছে, এটা দিয়ে তারা কী করবে।",angry
"যারা বলেছিল চাকরি চলে যাবে, ভোটার হারাবে, তাদের মুখে ধাক্কা",happy
এই কটূক্তি শুধুমাত্র আপনার ক্ষেত্রে প্রযোজ্য যদি আপনি জানেন যে আপনি কি মূল্যবান,angry
মারাঠি মিডিয়া আসল মুখোশ দেখায়। দয়া করে এটা করবেন না,angry
দেওয়ার আগে ঘর ও বালি তৈরি করুন।,angry
লাই রঙিন মানুষ,angry
"বিশ্বাসঘাতকদের রাজনীতি মানে ""তলোয়ার"", বিজেপি মানে ""ঢাল"" আর বাক্স মানে ""পরিবর্তন""।",angry
এটা কি সামন্ত প্রভুদের যোগসাজশের ফল? তারা দিন দিন কম কোঙ্কনি হয়ে যাচ্ছে,angry
"মহারাষ্ট্রে যাত্রা এসেছিল কিন্তু না, তার আগেই ভেঙ্গে গেছে।",fear
"যেসব মন্ত্রী নিজ দপ্তরের ওপর আস্থা রাখেন না, তাদের কী লাভ?",angry
এত ক্ষমতা দখলের পরও আপনি উদারপন্থী উদ্ধব ঠাকরেকে কষ্ট দিচ্ছেন কেন?,angry
"হ্যাঁ, আপনি আপনার পাছায় আগুন দিতে চান",angry
মানুষ কষ্ট পেলে কোথায় যায়? ঠাকরের কাছে গোপীচাঁদ পদলকরের প্রশ্ন:,angry
"উৎসবের মরসুমে গ্যাসের দাম বাড়ানো অনিবার্য, কারণ...",neutral
শুধু মাদুর করুন... আবেদনপত্র পূরণের সময় থেকে শেষ দিন পর্যন্ত কেউ না কেউ মহারাষ্ট্রের সংস্কৃতিকে অপমান করে চলেছে...,angry
কুকুর ক্ষুধায় মারা যাচ্ছে যখন হাতি রাস্তায় হাঁটছে...রাহুল গান্ধী একটি হাতি,happy
SBI গ্রাহকদের জন্য দুঃসংবাদ! এখন EMI বাড়বে,sad
কেন তারা যত্ন? মুক্তা যা বলার সাহস কর।,angry
যদি কারো প্রয়োজন হয়? মহারাষ্ট্র? কেন এখন দোকান বন্ধ করার সময় এসেছে,angry
আর কিছু বোকা মানুষ এর শিকার হচ্ছে।,angry
এটি ট্রাফিক জরিমানার উদ্দেশ্যকে উপহাস করে।,angry
স্বামীর মাথা ছেড়ে অন্য কিছু খাও...,angry
"তারা কি আপনার মতই, শুধু আপনার কথাই শুনছে!!!",angry
অন্ধকারে থাপ্পড় মেরে পালিয়ে যায়,angry
"আরে, এটা বিজেপির",neutral
"যেমন দৃষ্টি, তেমনি দৃশ্য। বিজেপি বিরোধিতার জন্ডিসের কারণে সব কিছু হলুদ দেখাচ্ছে",angry
"আরে জারজ পন্ত, এই পাপের শাস্তি কোথায় দেবে?",angry
"মশাল জ্বালান কারণ উদ্ধবের ভাগ্য কী, তার ভিতরে হিন্দুবিরোধী অন্ধকার ছড়িয়ে পড়েছে।",angry
এখন প্যাম্পারিং থেকে শিক্ষা নিন,angry
তারা পালিয়ে যাচ্ছে...সাবধান! মানুষ বিষাক্ত হয়.. এই ধরনের কোথা থেকে এলো? পড়া,fear
"কেন, এটা ভুল পছন্দ হতে হবে. রাজবংশ কাজ করবে না",angry
অনিচ্ছায় ছুড়ে ফেলেছে লাই,angry
"এখন মশাল, ধূপকাঠি নাও, তোমার লঙ্কা জ্বলতে থাকবে",angry
তারা বলছে আমার অ্যাকাউন্ট হ্যাক হয়েছে,angry
এই এনসিপি লোকেরা অবশ্যই কয়েক দিনের মধ্যে সেনাবাহিনীর জন্য রুটি রান্নার কাজ পাবে ...,angry
"ইংলিশ মিডিয়া এবং খেলোয়াড় উভয়ই খুব ক্ষুব্ধ ছিল, কেউ কেউ এটি পছন্দ করেননি...",angry
"সরকারের ""টাকা"" আর দলের ""বিপণন"" বাজেট কে দেবে??",angry
মিডিয়া কি অন্ধ হয়ে গেছে? এই দৃশ্য প্রদর্শন করা হয় না.,angry
আপনি উচ্চ পদে উঠলে সময় কম লাগবে।,neutral
আপনার সরকার কি সংকটে আছে? সেগুলো তুলে নিয়ে ঝুলিয়ে দিন।,angry
সুপ্রিম কোর্ট গুগল ইন্সটল করেছে আর এই মনগুলো নাচাচ্ছে।,angry
ভারতীয় রাজনীতি কি..?? . গরীবের অধিকারের জন্য লড়ে ধনী হও...!!,angry
"হ্যাঁ, গত এক বছর ধরে আমাদের রাজ্যে স্বাভাবিক মুলতুবি নিয়োগ হচ্ছে না।",sad
ভারতকে ভয় পায় এমন সব বখাটেদের দেশপ্রেম দেখাতে হবে।,angry
"গলদা চর্মরোগের প্রাদুর্ভাবের কারণে মারা যাওয়া কৃষক, গবাদি পশুপালকদের আর্থিক সহায়তা",sad
কৃষকদের দুর্দশা দেখে কি লজ্জা পান?,sad
তাই প্রথম সারিতে হাঁটছেন মমতা দিদি। এখন উচ্চতার কারণ বলবেন না।,neutral
সোশ্যাল মিডিয়ায় এমন থাপ্পড় এরই মধ্যে অনেকেই করেছেন।,angry
তাদের মহারাষ্ট্র ও দেশ থেকে বের করে আনাই অগ্রাধিকার। বাকিটা পরে দেখব।,angry
"""ওই"" শিবসৈনিক কে মুখ্যমন্ত্রী হবেন আপনি নন, পরিষ্কার করে বলুন স্যার!",neutral
"স্পিকার স্যার, পুনে ট্রাফিক পুলিশের কর্মচারীদের প্রতি চরম অবিচার করা হচ্ছে।",sad
কিন্তু ছেলেটি স্যারের নীতিকে একপাশে রেখে...,angry
আপনি একজন সাংবাদিক বা রাজনৈতিক নেতা কিনা সেটা কোন ব্যাপার না,angry
পূর্ণিমা - যখন জালিয়াতি মাসের সেরা পুরস্কার পায়!,angry
"সাধারণ জ্ঞানের সাথে সেরা উদারপন্থীরা আইসক্রিম এবং টর্চের মধ্যে পার্থক্য বুঝতে পারে না, এমনকি একটি বড়ও।",angry
"কি কৌতুক বলো তুমি, কি বলো...",angry
মহারাষ্ট্রের বিশ্বাসঘাতককে বিজেপি ছাড়বে না,angry
"আমাদের এখন পঞ্চায়েত সমিতির দিকে নজর দেওয়া উচিত, নইলে এই কর্মসংস্থানও শেষ হয়ে যাবে।",fear
তাই আপনি মহারাষ্ট্র ভাঙার চেষ্টা করেছিলেন,angry
একজন ভারতীয় হিসেবে আমি আজ হারিয়েছি...,sad
"এটা কি, মিষ্টি আলু, তারা ঠিক আছে",neutral
"আদর্শ হল সমস্ত প্রতারণামূলক রাজনীতির ওস্তাদ, শিবসেনাকে শেষ করার মূল কারণ আপনি",angry
দেশ বিক্রি কেন?,angry
পৌর কর্পোরেশন সিদ্ধান্ত নেয় না যে কেউ কাউকে অপমান করবে কিনা।,angry
একবার তিনি পাটোলায় গিয়ে বিধান পরিষদকে বিনা প্রতিদ্বন্দ্বিতায় করতে কারও পায়ে পড়েছিলেন,angry
"তুতিয়া, তুমি কম শেয়াল।",angry
"লোকসভা নির্বাচন পর্যন্ত কখনও খুনের ষড়যন্ত্র হবে, কখনও হামলার ষড়যন্ত্র হবে।",fear
আপনি কি একজন কর্তব্যপরায়ণ স্বামীকে পরিত্যাগ করেছেন!?! বাঁচাতে হলে দল বদলাতে হবে!?!?,angry
...এই ধরনের আদেশ বালা সাহেবের কাছ থেকে ছিল। আর এখন স্পষ্ট করে বলার সাহস নেই। লজ্জা লজ্জা!,angry
জবাব দিতে কিন্তু আমাদের নেতার মর্যাদা দেখান।,angry
বিজয় আপনার তবে সবাইকে সজাগ থাকতে হবে।,happy
গুজরাটে পাটিদাররা তার বিরুদ্ধে প্রতিবাদ করেছিল।,neutral
আমরা বিহারের পতন অনুভব করছি।,sad
ওম শান্তি..অত্যন্ত শান্ত এবং পর্দায় দেখার যোগ্য অভিনেতা..আপনার আত্মা শান্তিতে থাকুক স্যার,sad
আর আপনি কাকে জানতে গেলেন?,angry
কৃষিমন্ত্রী ছাড়া বাকি সবাই প্রবল বৃষ্টি দেখছে...সাত্তার ভাই,neutral
"রায়গড়ে যখন পিন্ড দান করা হয়েছিল, তখন ডাঙ কোথায় পড়েছিল?",angry
"একজন সপ্তম বেতন পায় আর অন্যজন মাসে এক টাকা পায়, এটা কেমন বিচার??",angry
কিন্তু এমন ছলচাতুরি করে মনোনয়ন চান কেন?,angry
পালকুটদের ঢাল ও তলোয়ার। এটা কি শক্তিশালী মাওয়ালদের ঘোরতর অপমান?,angry
বিজেপিকে ভোট দুর্নীতির জন্য ভোট।,angry
এমন নেতারা ভোট পেতে দেশ বিক্রি করে যাচ্ছেন।,angry
পুনে থেকে মুম্বাইগামী একটি কন্টেইনারের ব্রেক খান্ডালা বোরঘাটে ব্যর্থ হয়।,neutral
আর বিজেপিকে ভোট মানে মিথ্যুকদের দলকে ভোট.. ভালো দিন এসেছে কি....?,angry
"একে বলে কমন সেন্স, কম এক্সপেরিমেন্ট, বেশি চিলি।",angry
এর মানে রুপির দাম না কমলে ডলার শক্তিশালী হয়েছে। যে মত কিছু,neutral
মূলে কেন উঠবে... থাকুক,angry
"ষড়যন্ত্রমূলক সাব এবং চুক্তিভিত্তিক ছায়া একসাথে সবকিছু দখল করে নিচ্ছে, এই বাসলেট সাংকেম!",angry
ভয়ঙ্কর! করোনার নতুন রূপ বিশ্বব্যাপী আতঙ্কের কারণ; বিজ্ঞানীদের 'এই' বড় আশঙ্কা প্রকাশ!,fear
আর এই ভিক্ষুকরা একজন মহিলার উপনির্বাচন প্রত্যাহার করে নিচ্ছে..অযোধ্যাজি।,angry
শুধু কর্মসংস্থানের ফাঁকা প্রতিশ্রুতি... সরকার শুধুই স্লোগানের বাজার... লাখো শিশুর ভবিষ্যৎ নিয়ে খেলা...,angry
এটা খুবই দুঃখজনক যে এই ধরনের লোক নির্বাচিত হয়...,sad
"'পার্লামেন্ট যে আমরা পাইনি তা নয়, কিন্তু আমাদের প্রাপ্য নেই' কথাটি আরও প্রাসঙ্গিক।",angry
এই বোকাকে কেউ ট্রল করবেন না...,angry
জুন মাস পর্যন্ত যে নৃশংসতা হয়েছে তার বিরুদ্ধে এখন মিছিল করছেন কেন?,angry
নিরপরাধ মানুষ কি জানে না যে ক্যামেরায় তোলা উত্তরগুলো আছে?,angry
কিন্তু তোমার মায়ের রাগ,angry
এই দুই চিভ নিয়ে মহারাষ্ট্রে অনেক বিভ্রান্তি রয়েছে।,angry
"'বিএমসি কমিশনার চাহাল শিন্দে-ফড়নাবিস সরকারকে ভয় পান, তাই...', লাটকে প্রার্থিতা নিয়ে কিশোরী পেডনেকরের গুরুতর অভিযোগ।",angry
যদি কিছু না থাকে তবে লিখুন... আমরা এটি এখানেই করব,neutral
আপনি যদি আঙ্গুর পান তবে আপনি বেবুন পাচ্ছেন না,neutral
মানুষ কি বোকা? সরকারের মেয়াদ শেষ হওয়ায় পদত্যাগ করতে যাচ্ছেন তানিয়া।,angry
বারামতির মহামধ্য কি কিছু বলেছে?,angry
পাওয়ার সাহেব কেন কেন্দ্র থেকে পালিয়ে গেলেন? এর আগে এটি সম্পর্কে কথা বলা যাক,angry
ঠাকুমাকে মিলের বাক্স নিয়ে আসতে হবে। এই টপিক আপনাকে বিরক্ত করবে না,angry
বৃষ্টি ফিরে এসেছে! কৃষি ক্ষতি; এসব জেলায় সতর্কতা জারি করা হয়েছে,neutral
এটা আমাদের দুর্ভাগ্য যে আমরা এমন একটি কার্টুন পেয়েছি,sad
"আরে জারজ, বুড়ো হয়ে গেলেও তার রাগ কম।",angry
একজন মারাঠি মারাঠি হিসেবে ঠাকরে মারাঠি মানুষের মুখ মুছে দিয়েছেন,angry
এখানে অনেক নকল হ্যান্ডেল 25-30% মারা গেছে... এবং ভবিষ্যতেও অনেক মারা যাবে..!!,angry
রানে আর লাইকি...এই সম্পর্ক কখনো ভাঙেনি।,angry
"...তিনি ধ্বংসপ্রাপ্ত নন, তিনি প্রথম থেকেই সর্বনাশ।",angry
আপনাদের নির্বোধ হিন্দুত্ব এখন কোথায় গেল? ?,angry
বিজেপিকে ভোট মানে মহিলাদের উপর অত্যাচারের জন্য ভোট।,angry
"ঠাকর গোষ্ঠীর জন্য আরেক বিব্রত, বিপদে ঋতুজা লাটকে প্রার্থিতা?",neutral
"পদত্যাগ, ফাঁসি মানে ভালো...",angry
আদিত্য সাহেব যুবসেনা গড়ে তুলেছেন...আপনার অধিকার কী?,angry
বিশ্বাসঘাতকরা আরও বাক্স পেতে পারে তা দেখতে এসেছিল,angry
পশ্চিম রেলওয়ে বিশ্বে ছুতার প্রকারভেদ।,angry
বারামতির চাচা ভাবী প্রধানমন্ত্রী হন কারণ তিনি একজন বুদ্ধিহীন কর্মী।,angry
অসহায়ত্ব আপনার জন্যও একটি রূপক,angry
আপনি যে ভুলগুলি প্রায়শই দেখতে পান তা কি সত্যিই পান করে খবর করেন?,angry
এই মানুষগুলো আসলেই পাগল,angry
রাও তোমাকে জোরে আঘাত করেছে,angry
"মহারাষ্ট্রের জন্য একটি গুরুত্বপূর্ণ প্রকল্পের জন্য বিরতি প্রয়োজন কিন্তু একটি ব্যয়বহুল, অপ্রয়োজনীয় বুলেট ট্রেন",angry
"এটা ঠিক... কোন দুর্নীতি নেই, দালালি নেই",angry
PAN দ্বারা নাম চুরি করা হয়,angry
তুমি কি বোকা?,angry
তারা গোবর খেয়েছে বলে আপনি কি একধাপ এগিয়ে যাবেন?,angry
আমাকে বলুন আপনি যখন সেখানে ছিলেন তখন আপনি কোন পার্টিতে ছিলেন?,angry
এই মহিলা শিবসেনার উদ্ধব বালাসাহেব ঠাকরের হিন্দুত্ব নিয়ে কথা বলবেন এবং তাকে প্ররোচিত করবেন।,angry
অভিব্যক্তির অর্থ হল বাংলোতে ফোন করা এবং পুলিশের সামনে নক করা সঠিক নম্বর,angry
কিন্তু আমরা শুনেছি এটি একটি ভুল হতে চলেছে...,neutral
"এদেশে এমন অকেজো নেতারা আছেন যারা রাজনীতিকে ধর্ম বানিয়েছেন, যে কারণে দেশ সংকটে পড়ছে।",angry
কি হল... কার কর্ম ভেঙে গেল?,happy
এর জন্য দায়ী কৃষিপণ্য বাজার কমিটি। ক্ষতিগ্রস্ত হচ্ছেন কৃষকরা।,sad
চুলকানি শব্দটা কি কম শোনায়???? তাহলে আপনি কি শান্ত বলবেন????,angry
মোমবাতি কি জ্বলেছে? রাণের ভক্ত,angry
"মনে হচ্ছে খুনি কারা তা ভুলে গেছে, দেশ মিডিয়ার মাধ্যমে জানতে পেরেছে।",angry
ছেলেটা তার নাম বলে আর শিষ্য বলে দলীয় প্রধানের নাম...কি ডাকবো!!,angry
"অন্তত মহারাষ্ট্রের শুভাকাঙ্ক্ষীরা, জলাবদ্ধতা বন্ধ করুন।",angry
এটা কি...কেউ আমাকে বলতে পারেন?,neutral
এর কারণ আপনার মধ্যে সাধারণ জ্ঞানের গুণ নেই। টাকায় একটি টুইট করতে হবে।,angry
"কেসরকর, বিজেপির মুরজি প্যাটেল কত বাক্স নিয়ে এই আসন ছেড়েছেন...?",angry
প্রথম ভাষা সংস্কার চিত্র কি?,angry
সাওয়ান্তের তানিয়া দেখালেন মারাঠা সম্প্রদায়ের প্রতি তার কতটা মানসিক অনুরাগ রয়েছে।,neutral
"নারায়ণ রানে, কৃপাশঙ্কর সিং, প্রতাপ সারনায়েক, যশবন্ত যাদবের ফাইল কি হারিয়ে গেছে?",angry
"যখন সাধারণ জ্ঞান বন্ধক থাকে, তখন এই ধরনের বিচক্ষণতা পরামর্শ দেয়...",angry
মহারাষ্ট্রের অপেক্ষার কারণ হল সে যতটা কুটিল মানুষ ততটাই দুষ্ট শিশু।,angry
ছোটবেলায় এসব করেছেন আর এখন দেশ চালাচ্ছেন অন্ধ ভক্তদের দ্বারা।,angry
কি ভুল বললেন? আড়াই বছর কি ঘুমিয়ে ছিল?,angry
"ভক্তরা, পাঁচটা গুনতে পারো না?",angry
মহারাষ্ট্র আজ একজন মহান মারাঠি থিয়েটার শিল্পী এবং চলচ্চিত্র অভিনেতাকে হারালো,sad
"চিতাবাঘ ভারী পদক্ষেপে এসে হঠাৎ বাড়ি থেকে বেরিয়ে গেল..., আমি দুশ্চিন্তায় কেঁপে উঠলাম...",fear
সুতরাং আপনি সম্মত হন যে মূর্তিপূজা বোকামি,angry
"ওহ, আপনার সাথে আপনার সেই অকেজো সেনাবাহিনীর কথা বলুন। আসল শিবসেনা হলেন উদ্ধব বালাসাহেব ঠাকরে।",angry
দেশে শিক্ষিত বেকারের সংখ্যা বৃদ্ধি নিয়ে চিন্তিত নয় মোদী সরকার!,angry
এটা ঘটছিল তারিখের পর দিন,neutral
যিনি এটি পাঠিয়েছেন তার কোনো মস্তিষ্ক নেই,angry
ভারতের দুর্ভাগ্য যে তিনি আইনজীবী পান।,sad
এই গুন্ডা কোন দলের তা বলার দরকার নেই।,angry
"মুরজির পতন নিশ্চিত, ভয়ে পিছু হটে বিজেপি।",fear
সাংসদরা যারা রসিকতার পাত্র...মানুষ তাদের মুখে হাসি,angry
নিঃশ্বাস...সে তোমার মধ্যে নেই...,angry
কেন তাদের নিজেদের গ্রাম থেকে বের করে দেওয়াই ভালো...পরের বার বিধায়করাও যাবেন...,angry
তারা ভারতে বাস করে এবং কঠোর পরিশ্রম করে.. সময়মতো তাদের পিষ্ট করা উচিত.. এটি ছাড়া তাদের উন্নতি হবে না।,angry
উত্তরদাতাদের সংখ্যা দিন দিন বাড়ছে,neutral
মনোনয়ন ফরম দাখিল না করা এবং মনোনয়ন ফরম প্রত্যাহারে বিলম্বের সংস্কৃতি।,angry
আপনার মত পিয়নের কাছ থেকে এই ধরনের পরামর্শ নেওয়া উচিত নয়।,angry
বিনামূল্যে পরামর্শ সর্বত্র দেওয়া উচিত?,angry
"তুমি কি আলাপচারী, ক্যাথি?",angry
"আর তুমি তিনজন, অমর আকবর অ্যান্টনি, জিলায় আর কে আছে?",neutral
খাবারের নাম না বলে মিষ্টি লাগে না কেন?,angry
আমাদের মুখ্যমন্ত্রীর ছবি নেই কেন?,angry
"চীন এ পর্যন্ত কতটা ‘অনুপ্রবেশ’ করেছে, স্যার?",angry
প্রথমে নারায়ণ রানে এবং তার ব্যাঙদের এটি বলুন,angry
শিব সৈনিকদের কুকুর বলে ডাকতেন শরদ পাওয়ার,angry
"এ সব সত্য, কিন্তু বিশ্বাসঘাতক খুনির দাগ মুছে দেবে কী করে?",angry
"হ্যাঁ, আপনি যেন মানুষকে আরামে বাঁচতে দিচ্ছেন, মনে হচ্ছে মুদ্রাস্ফীতি দেখা যাচ্ছে না।",angry
তাদের অধিকাংশই বাঘের কথা বললেও মিথ্যা মনে হয়,angry
"এই টুইটটি এখনই মুছুন, এটি আপনার",angry
সে বাড়িতে পরিবারের সাথে এমন নোংরা ভাষায় কথা বলে,angry
ওদের রামায়ণ একবার পড়তে হবে স্যার.... ওরা ভুল রামায়ণ পড়ছে!,angry
কত দুর্নীতি হবে,angry
"দল, তাদের নির্বাচন, মরিচ চান কেন?",angry
এটা কি আদালতের জানা উচিত নয়? আপনি জ্ঞান ভাগ করতে চান না??,angry
দেশে বেকারত্ব নেই এটা ঠিক কিন্তু গরীব বেড়েছে।,angry
কী তুচ্ছ মনোভাব আর বিজেপির একটাই প্লেট নোংরা।,angry
আপনার বস চার আনার লোককে ক্যাবিনেটে রেখেছেন কেন?,angry
এটাও বল তুমি কোন বাতি জ্বালাবে?,angry
এসব ইঞ্জিন ট্র্যাকে আসছে না এবং তারা আস্থা হারাচ্ছে।,angry
রমেশ ওয়ালুঞ্জের সময় এই শিশুটি এমন ছিল না,angry
তুমি অনেক বোকা,angry
এমন ব্যক্তির আচরণ একটি ঘেউ ঘেউ করা কুকুরের চেয়ে কম মূল্যবান।,angry
তিনিই নরেন্দ্র মোদীর জন্য মানুষকে ঘুম পাড়িয়ে দিয়েছিলেন।,angry
শীঘ্রই একটি বড় ভূমিকম্পের জন্য প্রস্তুত থাকুন,fear
ব্যর্থতার পর কিছুই অবশিষ্ট না থাকায় দায়িত্ব নিতে কেউ এগিয়ে আসেনি।,sad
এই লোকদের এমন মতামত শুনলে বিজেপির শক্তি বাড়ে। এই সাধারণ জ্ঞান কখন আসবে?,angry
মনে হচ্ছে সরকার দুর্বল এবং ঘটনা ঘটতেই থাকবে......,angry
"ভাটখলকর সাহেব যখন বিশ্বাসঘাতকদের কথা বললেন, তখন বিজেপিতে যোগ দেবেন কেন? বিশ্বাসঘাতকদের সাথে কি সম্পর্ক?",angry
"তুমি কি মাতোশ্রীর প্রহরী? যারা ভ্রমণ করতে অস্বীকৃতি জানিয়েছে, আমি চাই আপনি যান এবং ভ্রমণ করুন।",angry
"অবশ্যই, ঠাকরের টুইট দ্বারা প্রভাবিত ভক্তদের সমালোচনা করা উচিত",angry
মাঠে আনবেন না... ব্যালট নিয়ে আসুন! তোমার কি সাহস আছে?,angry
"শস্যের পাল এখনও একইভাবে আচরণ করছে, একই নিচু ""পঙ্গপাল"" এখনও চলছে।",angry
পাগল হয়ে গেছেন এই ধান চাষি,angry
মহারাষ্ট্র দখল হতে চলেছে,neutral
অন্য কেউ খাইলে কি আমাদের খেতে হবে?,angry
সেবাগ্রাম চাই,neutral
সব বাক্স ঠিক আছে?,neutral
গুজরাটের মতো পুনের উন্নয়নও ডুবে গেল।,angry
যদি একই ঘরে একজন দেশপ্রেমিক এবং একজন বিশ্বাসঘাতক থাকতে পারে,neutral
"টনটন করার আগে কেউ ভাবে না, বেকারদের অবস্থা কেউ জিজ্ঞেস করে না।",angry
মানুষ এমন এক প্রাণী যে নিজের স্বার্থের জন্য অন্যের ঘরের কথা বলে।,angry
এই সাধারণ জ্ঞান নিন,angry
"এটা শীঘ্রই অপসারণ করা উচিত, এটি খুব নোংরা।",angry
"হা হা হা MNS, আপনার অপমানের মূল্য দেখুন।",angry
ঢাল তরবারিরা সামনে থেকে লড়াই করে। সুরাট হয়ে গুয়াহাটি রাতের অন্ধকারে ছুটবেন না..!,angry
শিন্দার লোভী কিন্তু ক্ষমতার ক্ষুধার্ত চোখের দিকে তাকালে ছবিটা পরিষ্কার হয়ে যায়।,angry
কেন রাকেশ রামের পরিবর্তে অবিনাশ নাদরাজন বা বালাসাহেব যাদবের ভূমিকা পালন করা হল না?,angry
তানাজি সাওয়ান্ত কি মারাঠা? বিজেপি কেন এটা চাইছে?,angry
বিজেপি নিজেই আমাদের তরফে এই চিঠি পাঠিয়েছে... গোটা মহারাষ্ট্র এটা জানে।,angry
এ সময় বিশ্বগুরু ও ফেকু বাবার নেতৃত্বে সবাইকে ঘরে থাকতে বলা হয়।,angry
আমার খুব চুলকায়।,angry
মোদির দিন... এই দিনগুলো মানুষের সামনে তুলে ধরা হয়েছে।,angry
তোমরা কুখ্যাত মানুষ... তোমরা বিশ্বাসঘাতক হিসেবে ইতিহাসে লিপিবদ্ধ হবে।,angry
রাজ্যের লক্ষ লক্ষ যুবকের কর্মসংস্থান কি শেষ করে দরিদ্র শ্রমজীবী ​​মানুষের মুখ থেকে কেড়ে নেওয়া হবে...???,angry
"ভক্ত, ফকির একই, কিন্তু বদলায় না।",angry
রাও ধরির কথা ভেবে হাসলেন।,angry
"এসো না বাবা, নাহলে অন্য কোনো সাংবাদিক বড় হয়ে যাবে।",angry
আগস্ট মাসে কোঙ্কন এবং মধ্য মহারাষ্ট্রে ভারী বৃষ্টির সতর্কতা।,neutral
নাতিকে নিয়ে ধুলোবালি উপভোগ করেন মুখ্যমন্ত্রী।,happy
সেই মশালটিও বিশ্বাসঘাতকদের আক্রমণ করার জন্য।,angry
কোন উপায়,neutral
ভগবান সৎ মানুষের সাথে আছেন............তাই মানুষ জানে আপনার বক্তব্য কতটা সত্য।,happy
এই টুইটের নিচে কেন কাঁদছে বিজেপির লোকেরা?,angry
"মহারাষ্ট্রের খেলোয়াড়রা দুঃখের পাহাড়ের মুখোমুখি হয়েছিল, ম্যাচের আগে কোচ মারা গিয়েছিল, কিন্তু তবুও তারা লড়াই করেছিল এবং...",sad
শিবসৈনিকরা আপনার শেওলা না সরিয়ে বাঁচবে না...,angry
যে বরকে বিয়ে না করে মান্ডোয়া থেকে লোক নিয়ে গেছে,happy
তাহলে কি মুম্বাই গুজরাট গুয়াহাটিতে চলে গেল?,neutral
তোমার মা বন্ধক... নিচে আরএসএস,angry
"আপনি যতই যোগ্য হোন, যতই কথা বলুন না কেন, এবার আপনি কাউন্সিলর হতেও পারবেন না।",angry
*না রাহিলা মানুষ* (শ্রী বালা সাহেব ঠাকরে) *না রাহিলা ধনুষ্য*,sad
আপনি নীলেশ রাণের সমর্থক যিনি আগে ইউনিয়ন বিরোধী ছিলেন।,angry
কিন্তু কোন টাকার উপরে আপনি এক পয়সাও পাবেন না,angry
"সবকিছুই যদি প্রতারণা হয় তাহলে মুখ্যমন্ত্রী কোথায়, তার মাথা নাড়ানোর কী দরকার।",angry
"তোমার খুব বুদ্ধিমান হওয়ার দরকার নেই, বাঁশ পড়বে, তারপর বুঝবে",angry
"এই নিম্নচাপ বেল্টের ব্যাপ্তি অনেক বড়, এমনকি প্যারিসেও বৃষ্টি হয়!!",happy
এই মজা দামি হয়ে গেছে..,angry
"স্বার্থপরতার জন্য জয় ভীম, আজ সমাজে শ্রমজীবী ​​শিল্পী শ্রেণী জয় ভীম জাত বলতে লজ্জা বোধ করে।",angry
খারাপ রাস্তার কারণে গুরুতর দুর্ঘটনার জন্য দায়ী; মন্ত্রী নীতিন গড়করি সম্পর্কে তথ্য,neutral
কাল পর্যন্ত তুমি তাকে ভগবান মনে করেছিলে। এটা তোমার ভিখারি মনোভাব,angry
এই ছায়ার বাবা মন্দিরের সামনে ফুলের মালা বিক্রি করতেন। এটা ভুলে গেছি,angry
মোটেও সম্ভব বলে মনে হচ্ছে না।,neutral
...এবং শ্বেতার কথায় তার রাগ জাগলো।,angry
বুজগাঁও হয়ে গেছে,angry
আপনার কি একটি মাথা বা একটি বন্ধকী আছে?,angry
যদি শিন্দে সরকারের প্রতি আস্থা না থাকে,neutral
কথায় আছে কাউকে হাত ধরতে দিলে কানে লাগাবেন না।,angry
"হাত ধুতে বলল, কি করছিল অন্ধ ভক্তরা...",angry
আজকাল মানুষ কতটা নিচে নেমে গেছে তা নিয়ে কথা বলুন,angry
"মুম্বাইয়ে হুজরেগিরি সেনা বছরের পর বছর ক্ষমতায়, এই অযোধ্যা কি ঘুমিয়ে ছিল?",angry
তারা তাকে ধীরগতির পরামর্শ দিয়েছে।,angry
এটা দুর্ভাগ্যজনক যে মহারাষ্ট্রে এমন মানুষ আছে যারা শিক্ষার গুরুত্ব বোঝে না।,sad
এটা সত্য যে মহারাষ্ট্রে প্রচুর অবৈধ অভিবাসী রয়েছে। সরকারকে এ ব্যাপারে কঠোর পদক্ষেপ নিতে হবে,neutral
ভালো কাজ করলেও তিনি MNS এর সমালোচনা করবেন.. স্লো কেক লাভারস,angry
?? মহারাষ্ট্রে এর অবদান কি????,neutral
"""থাপা"" উপাধি সহ লোকেদের কি ""বিশ্বস্ত"" হওয়া উচিত?",angry
মাঝখান থেকে ছুটে আসা স্যারের ওপর এমন সমালোচনা করা ঠিক নয়।,angry
মারাঠি ভাষায় এটি একটি ঘৃণার দল,angry
এই আশাবাদী আচরণকে বলা হয় নোংরা রাজনীতি...এবং এটাই রাজনীতি করতে পারে।,angry
আফটার অল বালা সাহেব বলেছিলেন উদ্ধবকে সামলে নিতে আর কোন মুখ দিয়ে দেশদ্রোহি করেন?,angry
এটা এমন একটা সমাজ যেটা শুধু খ্যাতি পাওয়ার জন্য পাগল...,angry
তিনি অবশ্যই নাগপুর থেকে নির্বাচিত হবেন। গত কয়েকদিন ধরে শুধুই তোলপাড় চলছে।,angry
"এখন বৈকাল সবজি বাজারের লুৎখা টপোরি, হাফতাখোর আমাদের শেখাবে",angry
"কাল কিছুই হবে না, এবিসি ফিরে আসবে",neutral
"লটকে যখন হাইকোর্টে গিয়েছিলেন, আপনি কি মহারাষ্ট্রের রাজনৈতিক সংস্কৃতি জানেন না?",neutral
ট্যুর ক্যান্সেল করা হয়েছে এবং আজকে নেওয়া সম্ভব নয়,neutral
এ কারণে কোন্ধোয়ায় মজলিত মানুষ। আর রাজু পেইন্টারের পৌর সেবক জুটি,angry
পাত্র চালির গরীব মারাঠিরা গৃহহীন হতে কেমন লজ্জা পেল না!!,angry
শিব রাইয়ের জমিতে কি স্বাধীন দলগুলোর সাথে বিশ্বাসঘাতকতা করা সম্ভব?,angry
বেদ মহারাষ্ট্রে সাম্যবাদের ভিত্তি কত বড়?,neutral
আর বিজেপিকে ভোট মানে দেশকে যিনি বিক্রি করেছেন তাকে ভোট!,angry
তুষার ভোঁসলে একজন অসার মানুষ,angry
"ততক্ষণ তিনি বলতে থাকেন, 'কিন্তু বিশ্বাসঘাতকদের সঙ্গে থাকলেন কেন?",angry
"ঠিক আছে, ওহ মাই গড..এত পুড়েছে..",angry
পুড়ে গেছে? বাবাও হয়তো দিল্লিতে পুড়ে গেছেন।,angry
বিতর্কিত লেকা ইস্যুতে তিরকিট তাথিয়া হয়তো চুপ হয়ে গেছেন। সাথে সাথে নাইতর নাচতে নাচতে এলো।,angry
এই কোষ হল শরীরের স্পন্দন।,angry
এটাও আপনার মতই একটা খুব বোকা এবং শিশুসুলভ যুক্তি,angry
আপনার বুদ্ধিমত্তা এতই কম যে প্রশ্ন করা যায় না,angry
এটা হতে চলেছে কিন্তু জয় শিবসেনার নয়।,neutral
"রানে, পদলকর, রানা, ওয়াঘকে শুধুমাত্র হুমকি দেওয়া হয়েছে এবং নিম্নমানের ট্রোলিং করা হয়েছে...",angry
"শুধু ভারত নয়, অনেক দেশ বিশ্বাসঘাতক হিসেবে নিবন্ধিত হয়েছে।",angry
"আসুন তিনটি নিতম্ব সহ পুরুষদের ছবি তোলা যাক, বাচ্চা",angry
লটকে মনোনয়নের পাশাপাশি পদত্যাগের হুমকির মুখে পড়েছেন।,angry
"বিশ্বাসঘাতক... এই হল কুখ্যাতি.. দুনিয়াতে বিশ্বাসঘাতক বলা হচ্ছে, কুখ্যাত...",angry
আপনি উদ্ধব সাহেব ঠাকরে সম্পর্কে কথা বলার উপযুক্ত নন...,angry
তুমি এমন কথা বলার যোগ্য নও,angry
আপনিও ফাঁদে পড়বেন। যারা আত্মসম্মান বিক্রি করে তাদের কাছ থেকে আসুন আমরা শিখি না,angry
"এটি বিশ্বের সবচেয়ে ভয়ঙ্কর হাইওয়ে, চলন্ত গাড়ি উধাও! জেনে নিন রহস্য",fear
স্বামীর নেওয়া ঘুষের টাকা দাও.. মানুষের কাছে ভিক্ষা করে বসে আছ কেন?,angry
অন্ধ ভক্তরা বিদ্রোহী সভার তারিখে ভিড় জমানো এবং ভাড়া করা শ্রমিকদের টাকা দেওয়ার কাজ পেয়েছিলেন।,angry
আমাদের লস্সি প্রেমীদের অভাব নেই,angry
ক্ষমতায় থাকতে বড় নিয়োগ সম্ভব নয়... নির্বাচনের আগে সব আসন পূরণ হবে।,neutral
"তার মুখ দেখে রাউতিয়া জেল থেকে ছাড়া পায়নি, কার লাভ হবে?",neutral
এটা নেতিবাচক,neutral
মারাঠিকে মারাঠি বানিয়ে মারাঠিদের গর্তে ফেলে দেওয়া হল।,sad
"বেকারত্ব, মুদ্রাস্ফীতি, দুর্নীতি উদযাপন করুন...",angry
তার মধ্যে একটি হল আজকাল মানুষ বিখ্যাত হওয়ার জন্য তাদের জীবন উৎসর্গ করে।,angry
এটা কি আপনার ভিক্ষা করার সময়?,angry
ভয় হচ্ছে নিরাপদ খেলা খেলতে হবে যাতে পরাজয় পরবর্তী নির্বাচনে প্রভাব না ফেলে...,fear
ভালো করে দেখুন সাংঘি কে?,angry
"চুপ কর বাবা, তুমি মিথ্যা বলতে জানো",angry
"নপুংসক কি, ভোঁসলে?",angry
রাঘোবা ঘৃণ্য ছিলেন... কিন্তু ইতিহাস ভাঙলেন কেন?,angry
তাহলে পরীক্ষার্থীরা কি বোকা?,angry
তুমি... দেখো কেন এটা যাবে নাহলে তোমাকে বোমাবর্ষণ করা হবে।,angry
কিন্তু ফড়নবীসই একমাত্র ব্যক্তি যিনি এই ধরনের লোকদের মুখোমুখি হতে পারেন,angry
"মুম্বাইয়ে কতটা বৃষ্টি হবে তা পৌর কর্পোরেশন সিদ্ধান্ত নেয়, তাও বিজেপি ক্ষমতায় না থাকলে।",angry
"এনসিপি একটি দুর্নীতিগ্রস্ত এবং দুর্নীতিগ্রস্ত দল ছিল, এটি এখনও একটি দুর্নীতিগ্রস্ত এবং দুর্নীতিগ্রস্ত দল।",angry
আপনি কি মন্ত্রিসভা সম্প্রসারণ না করে আফসোস করছেন?,neutral
"দ্বিতীয় দীপাবলি এসে গেছে, এখন এত টাকার জন্য কাজ করুন (রেফারেন্সের জন্য)",neutral
অষ্টিতে কৃষকদের বনধ; ভারী বর্ষণে ক্ষয়ক্ষতি পরিদর্শন!,neutral
"ওহ গাইডকে বলা হলো, পুরো দলটিকে ঘাঁটির কাছে না রাখতে।",neutral
"সংঘোটি কেন লাফ দেবে, ইতিমধ্যেই রাহুল গান্ধীর ভারত জোড়ো যাত্রা সংঘোতির মধ্যে বিভাজন তৈরি করেছে...",angry
"বোন ভিখ্যা, তুমি কি লুলির ইঞ্জিনিয়ার?",angry
অন্য কাউকে কেন মনোনয়ন দেওয়া হলো না..? স্বামীর চেয়ে পার্টি বেশি গুরুত্বপূর্ণ কেন...?,angry
আপনি ধন্য যে তার দুর্নীতিবাজ স্বামী সাবিচিত্রা তাইকে ED CBE থেকে বাঁচিয়েছেন.. আপনি কি সময়মতো বেতন পান..??,angry
এই ভোটটি নিজেই অসাংবিধানিক ছিল...অনুচ্ছেদ অনুযায়ী এই ভোট দেওয়া অবৈধ...,neutral
সে কারণে সভা-সমাবেশে ভিড় থাকলেও ভোট নেই।,neutral
"ব্যবসায়ী, উদ্যোক্তা ও পেশাজীবীরা সাবধান! এটি একটি গুরুতর সতর্কবাণী জিএসটি দপ্তর",fear
'স্বায়ত্তশাসিত' শব্দটি এখন হাস্যকর মনে হতে শুরু করেছে।,sad
আপনি কি ভক্ত? এখন আমি টুইট করে ভুল করেছি,angry
"জয় শাহের বক্তব্যে ক্ষুব্ধ পাকিস্তান, ভারতকে হুমকি...",angry
কেন বারবার প্রমাণ করতে হবে তুমি এখানে?,angry
তাই অবশেষে সিদ্ধান্ত হলো সবাই দুর্নীতিবাজ,angry
আমার একটা সাউন্ড দরকার ও আমি এখন তিনটা স্ত্রীর সাথে আছি,angry
রাও চ্যানেলের জন্য টায়ার মেরেছে...এটা চ্যানেলের জন্যও মূল্যবান নয়,angry
কংগ্রেস চেয়েছিল আক্রমণাত্মক মুখের রাষ্ট্রপতি।,neutral
"আরে ভাই, আপনাকে প্রথম প্রার্থী দিতে হবে না, নাটক করছেন কেন।",angry
"অনাজিপন্তের কাছ থেকে পুরস্কার পেলেন, এখন স্যার চিন্তিত হবেন, পাশে বসে গ্রিলের মাটন খাবেন না",angry
তারা বিরক্ত তাই তারা নতুন নতুন আইকন খুঁজছেন,neutral
আমরা ধর্ষকদের মুক্তি ও সম্মানিত করব..--বিজেপি,angry
ভারতের জন্য আসল হুমকি তাদের কাছ থেকে এসেছে যারা বলে বর্ণবাদ অপরাধ নয়।,fear
বিহারী বিশ্ববিদ্যালয়ের নামে শুধু অধ্যাপক ড,angry
এটা কি জবরদস্তি? ....সে বলল যে সে যদি পিছু হটে তাহলে না... নিজেই পিছু হটলো,neutral
সাড়ে তিন জন কি কখনো জেলার বাইরে গেছে?,neutral
পরাজয় নিশ্চিত ছিল,sad
এখন বিনামূল্যে শুনুন. আপনি কি সন্তুষ্ট যে আপনি এখন নেসু ছেড়ে যাচ্ছেন?,angry
তারা শোনে না এবং তারা আমাদের বালা সাহেবের চিন্তার কথা বলবে...,angry
জনমত এখন ক্ষমতাসীন দলের পেছনে যাচ্ছে,angry
আপনারা কি রাজনীতির জন্য আমাদের মায়ের নাম ব্যবহার করেন?,angry
এই কালো কাঁকড়া দংশন করে জীবিকা নির্বাহ করে,angry
পিষ্ট হয়েছিলেন মাভিয়ার নেতা-কর্মীরা,angry
দেশের যুব সমাজ বেকারত্বের কবলে পড়লেও মোদি সরকার একেবারেই নীরব।,sad
"শিবসেনা হিন্দু হৃদয় সম্রাট বালা সাহেবের, তুমি শুধু বালা সাহেব খোকে",angry
আপনার স্যার আরে বালিশ লেককে চিঠি দেওয়ার আগে তারা নির্বাচনে জোট করেছিল।,angry
লাঠি আর ধুঙ্গে বিশ্বাসঘাতক মহিলার কি হলো....,angry
আমি খুব ভাল জানি না,neutral
এই মানিব্যাগ আমার টুইট মাধ্যমে গেছে,angry
"তুমি সবসময় আকাশের দিকে তাকিয়ে থাকো, তাই তোমার এমন মনে হয় ভাসাদা",angry
এই লোকটা অসৎ...চূর্ণ,angry
"আপনি যদি যত্ন নেন, আপনি এখনও আপনার প্রতিপক্ষের মশাল জ্বালাতে পারেন",angry
এটা সত্যি...ইতিহাসের দিকে তাকাও...এটা কী...কী বাঁকা মুখ...কখন নিজের হাতে ক্ষমতা পেলেন?...,angry
এটা বোকা মানুষের সরকার..তাদের মহিষে ফেরত পাঠানোর যোগ্য।,angry
তোমার পরাজয় রাহুল্যা যে তোমার উদ্ধবকে তীর থেকে মশালে যেতে হয়েছে।,angry
আমাদের জিজ্ঞাসা করবেন না যে বেকারত্বের কতটা ভয় আছে। অসুস্থ থাকার সময়ও বই খুলে পড়তাম।,fear
আর তার উপরে ওরা সাবিত্রীর মুখ বানিয়ে কথা বলছে।,angry
"""সকলের মনে রাখা উচিত যে আমরা বালাসাহেবের শিবসেনাকে হারাতে চাই।""",angry
এটা বিকৃতি এবং অজ্ঞ ভক্তরা এটা পছন্দ করে,angry
নিজের রক্ত-মাংস উৎসর্গ করা কতটা নিষ্ঠুর তা কল্পনার বাইরে,sad
লজ্জায় পড়ে উত্তরপ্রদেশ,sad
তাহলে কি খেলার জন্য ভিতরে নিয়ে গেছেন?,angry
থাপা চলে গেছে বলার বদলে পাপা আলা বল।,angry
"আমি বলতে চাচ্ছি, আত্ম-গুরুত্ব বাড়ানোর জন্য কী মরিয়া প্রচেষ্টা...",angry
"ঠিক আছে, আপনার মহিলা মোর্চা ইচ্ছাকৃতভাবে সেখানে সমাজকল্যাণমূলক অনুষ্ঠান করছিল",angry
"ওকরা, আমি মনে করি এই লোকেরা বিশ্ব ভ্রমণ করবে এবং চলে যাবে...",angry
দেশদ্রোহী বাহিনী এখন বিজেপির ঢাল হয়ে পিঠে ছুরিকাঘাত করবে।,angry
এগুলো তালু ফ্লেক্স!! কিছুই হবে না।,angry
এখন তুমিও থামবে,angry
"আক্কল গন বাই, আপনি মনমোহন সিং এর কথা বলতেন কিন্তু এটার কোন মূল্য নেই।",angry
মোদী ও শাহের সামনে আমাদের কী অবস্থা?,angry
"স্যার, আপনি এটা দেখিয়ে মানুষকে বোকা বানাবেন কেন, শেষ পর্যন্ত আপনি এটা বললেন কারণ এটা নিচু প্রবৃত্তি।",angry
এটা কি বিদ্রোহীদের হত্যার চারপাশে ঘোরে?,angry
কিভাবে উৎসব এলো আর গেল?,sad
সোশ্যাল মিডিয়ায় প্রতিটি নবজাতকের লক্ষ্য চিবসৈনিক চিভ চিভ চিভ...!,angry
তিন সাংবাদিকের ওপর ইতিমধ্যেই সন্দেহ রয়েছে।,fear
পুনের মতো বিশ্বব্যাপী গুরুত্বপূর্ণ শহরে এমন চিত্র তৈরি হওয়া খুবই দুঃখজনক।,sad
কি সেই ভুয়া ভিডিও নাকি জাল পুরস্কার?,angry
"""যদি তার কারণে শিবসেনা শেষ না হয়, তবে তাকে কবর দেওয়ার পরেই শিবসেনা এগিয়ে গেছে।""",happy
এটা জঘন্য,happy
এতক্ষণ ঘুমিয়েছিলেন? # গেম প্ল্যান ব্যর্থ হয়েছে বলেই সব নাটক।,angry
"মোটকথা, কংগ্রেসকে বাঁচাতে এ ধরনের সফর কোনো কাজে আসবে না, এটা সত্যি!",neutral
এখন আপনি ঠাকরেকে বালা সাহেবের সামনেও দাঁড় করাতে পারবেন না।,angry
আপনি সত্যিই ... এটা বারবার প্রমাণ করছেন.,happy
শহরের মানুষের কাছে আমার বিনীত অনুরোধ মহারাষ্ট্রে খরা থাকায় অনুগ্রহ করে জল কম ব্যবহার করুন।,neutral
গোপাল ভাই কুমোর হওয়ায় আজ বিজেপি গ্রেফতার হচ্ছে।,neutral
উপ-মুখ্যমন্ত্রী দেবেন্দ্র ফড়নবীস বলেছেন যে দুর্নীতি পুরো ব্যবস্থার কীট...,angry
উপমন্ত্রীর কিছুই নেই,neutral
বিশ্বাসঘাতকদের বারবার মনে করিয়ে দিতে হবে কারণ বিশ্বাসঘাতকরা বিশ্বাসঘাতক।,angry
"মানে দেশে দারিদ্র্য বাড়ছে না, বরং আয় সমৃদ্ধ হচ্ছে।",angry
"তাই আসারাম, নারায়ণ সাই, রাম রহিম সিং জেলে...",angry
বাড়িতে অন্তত একজন সাহসী লোক দরকার ছিল।,angry
বিজেপি শাসনে দিন দিন মূল্যস্ফীতি বাড়ছে এবং সাধারণ মানুষের জীবনযাপনও কঠিন হয়ে পড়ছে।,sad
শ্রীখণ্ড কি তার নিজের নাকি চুরি হয়ে গেছে। বিশ্বাসঘাতক দ্বারা,angry
"সে আত্মগোপনে চলে গেছে, লীব্রান্দুর মানুষের জীবন",angry
ঠাকরের উপর এই সময়ের প্রতিশোধ!,angry
এই ভিডিওটি প্রমাণ...অন্ধ ভক্তরা তাদের নিজস্ব জগতে বাস করে।,angry
পুনে কেঁপে উঠল.. সে পুনেতে প্রতিযোগিতামূলক পরীক্ষার জন্য প্রস্তুতি নিচ্ছিল এবং হঠাৎ ..,happy
লতাডলো মানে কি অফিসে থাকতে এখন উদুদো।,angry
"স্যার, আমাদের যখন সরকার ছিল তখন কেন নয়, আপনি যদি বিষয়টি তুলে ধরতেন তাহলে কাজ দ্রুত হয়ে যেত।",angry
এখন এই সতরঞ্জয় কি মানুষকে জ্ঞান শেখাবে?,angry
তাহলে ধোকলা কি গুজরাটে গিয়ে তাকে দাস বানিয়ে বিক্রি করে?,angry
তিনি পদ্ম প্রতীকে গ্রাম পঞ্চায়েত নির্বাচনে প্রতিদ্বন্দ্বিতা করেছিলেন এবং একে অপরিণত রাজনীতি বলা হয়।,angry
বিধানসভা নির্বাচনের সময় তাঁর বাড়িতে প্রথম আগুন লাগবে।,angry
ভাল্লা ভাল্লা লা নাহি মিলা ও ইয়ে হ্যায় আনেন হ্যাঁ,angry
ধীর সৈন্যরা অকেজো। ওর একটাই কাজ কমলিকে পিম্প করা,angry
এই লোকেরা ইতিমধ্যেই দূষণ ছড়িয়েছে...,angry
নিজের দলের প্রচার কেন? একা দিদির ছবি ছিল না?,angry
সত্য সবসময় ঘৃণা দ্বারা লুকানো হয়.,neutral
তাদের মাঝে মাঝে জাল পোস্ট করার সুযোগ রয়েছে,neutral
মনে রাখবেন যে এর পিছনে অবশ্যই কিছু ষড়যন্ত্র আছে...ফডনবীস এত তাড়াতাড়ি পিছু হটবেন না।,fear
হাততালি দিতে আসা মহিলার কাছ থেকে হাই হাই,angry
কিডনিতে কি সত্যিই কৃমি আছে?,happy
পতাকা চলে গেলেও আক্করমাশি থামবে না।,angry
কিন্তু চুরি শুরু করে,angry
কিন্তু ওই অফিসে কেউ কাজ করে না,neutral
মারাঠিকে ঘৃণা করা হয় কারণ জনমতের মালিকরা মাড়োয়ারি।,angry
"রাধাসুতা, তাহলে তোমার ধর্ম কোথায় গেল?",angry
প্রথমে এই পোস্টটি সরান এবং মারাঠি ভাষায় সচেতনতা ছড়িয়ে দিন।,neutral
. সরকারের পুরো জোর শুধু পুনরুদ্ধারের দিকেই নিবদ্ধ ছিল কার ক্ষমতা?,angry
"নানা পাটোলে বলেন, ইডি সরকার ভয় পাচ্ছে এবং রাজ্যের মানুষের জন্য নয়, গুজরাটের জন্য কাজ করছে।",angry
ম্যাগাজিনে লেখা আছে এই ডাক্তার চাবুক মারার যোগ্য,angry
"বিচারকরা যদি তাই বলেন, তাহলে নির্বাচন কমিশনের কী হবে?",angry
অন্য লোকের বাড়িতে কী ঘটছে তা দেখার জন্য ঝুঁকে পড়ার অভ্যাস ত্যাগ করুন,angry
সোমাইয়ার মুখটা এতটাই ধোয়া চালের মতো যে মনে হয় সে তার নিজের পরিবারের লোক এবং ঠিকমতো কথাও বলতে পারে না।,angry
উদ্ধব ঠাকরে খারাপ প্রকৃতির ব্যক্তিত্ব,angry
একজন মহিলা যিনি রাজনৈতিক ওজন হারিয়েছেন এবং সবসময় টুইটারে শিকারের কার্ড খেলেছেন,angry
ভারতে গণতন্ত্র তখন থেকেই একটি বিভ্রম।,sad
পালঘরের সাধুদের নাগরিক হিসাবে গণ্য করা হয় না।,angry
কোন সমস্যা নেই এবং অন্য কোন বিকল্প নেই,angry
এই প্রশ্নগুলো করলে অজ্ঞ লোকেরা আমাদের উপেক্ষা করে। উত্তর হল না।,angry
এখন উদ্ধব ঠাকরের শিব সৈনিকরা বলবে বালা সাহেবের শিবসেনাকে হারাতে হবে...এটা কঠিন।,neutral
নিজেকে বেছে নেওয়া কি এত ভীতিকর নয়?,angry
তিনি এখন আর গ্রামের সরপঞ্চও নন,angry
প্রথমে অন্য ধর্মের অনুষ্ঠানে যাবেন কেন? আমরা কি মসজিদে আসি?,angry
সত্য কিন্তু হ্যানসন এই বিষয়ে খুব ভুল ... কারণ এটিই তার অভিষ্যার আসল গাড়ি,sad
পৌরসভা কি ঠিক করে কত শতাংশ খাবার খাবে?,angry
"রবি কিষানের কোটি টাকার জালিয়াতি; 'এমন' হুমকি দিলেন নির্মাতা, আসলে কী হয়েছিল?",neutral
"মেহবুবা মুফতি যখন কেশবরাওয়ের লোটাঙ্গন পরেছিলেন, তখন হিন্দু ধর্ম কোথায় গিয়েছিল?",angry
উত্তর একটি অপমান,angry
মানুষও ভালো নেই... আর সেই পরিকল্পনা কী?,angry
যুদ্ধের পরে সবকিছু প্রস্তুত,neutral
এই কথাগুলো থেকে বোঝা যায় আপনি একজন দালাল,angry
রাত্তে তোমাকে চেয়েছিল,angry
"বর্তমান নোংরা রাজনীতি বিবেচনা করে, MNS মানুষের জন্য একটি কার্যকর বিকল্প। এখন জয়ের জন্য লড়াই করুন।",happy
আপনি কি প্রথমে কথা বলতে শেখার যোগ্য?,angry
নাসিকের শান্তক্লোজ হাগান ভুজবল প্রমাণ করছেন যে প্রকৃত সাম্প্রদায়িক দলই জাতীয়তাবাদী!?,angry
রাজনৈতিক বিশেষজ্ঞদের এই অবস্থা?,angry
"ঋতুজা যখন লটকে পদত্যাগ করেননি, তখন রাজ সাহেব কোথায় গেলেন?",angry
আপনি একটি পার্টি জন্য আবদ্ধ আপনি গন্ধ,angry
"আমি একজন মহাকাশচারী, পৃথিবীতে আসতে আমার টাকা দরকার, মহিলার মূল্য কোটি টাকা...",neutral
এটা ভক্তদের দ্বারা করা হবে না,neutral
লোকমত মানুষও বিক্রি করে খায়,angry
আপনি যদি এমন অবস্থান নিচ্ছেন তাহলে আপনাকে সন্দেহ করছি ভাই,angry
নামলেও কিছু করার নেই,angry
"বালাসাহেবের নামে যত হাসবেন, উদ্ধব ঠাকরেকে ততই হারাবেন...",angry
অত্যন্ত জনবহুল দেশে সাড়ে তিন শতাংশের কাছে কোনো ব্যালট বাক্স নেই।,neutral
এই যে নির্লজ্জতার উচ্চতা!,angry
আগামী নির্বাচনে একাধিক আসন পাবেন'- এটাও একটা ভ্রম,angry
হিন্দি চাপানো বন্ধ করুন। হিন্দি জাতীয় ভাষা নয়।,angry
তার নাম পরিবর্তন করে আওরঙ্গজেব রাখা উচিত এবং গেজেটে প্রকাশ করা উচিত।,angry
শিক্ষিত যুবকরা চুপ কেন? বেকারত্বের জন্য দায়ী কে?,angry
শিল্প ফেরাতে চাই কিন্তু কৃষকদের সাহায্য করবেন না স্যার,angry
আপনি নষ্ট চুল একটি ভাল উদাহরণ.,sad
বেঁচে থেকে লাভ কি?,sad
"কিছু একটা করুন। আপনি গুয়াহাটির চারপাশে যতই ঘোরাঘুরি করুন না কেন, আপনি কখনই সন্তুষ্ট হন না।",angry
"তোমার ঘরে আসবো, আমি কেন হারিয়ে যাবো?",angry
"গণপতি চলে গেছে, দেবী চলে গেছে, এখন স্বামীর বোনাসের জন্য ব্যাকুল।",neutral
যে উদ্ধব ঠাকরে বলেছেন আমি কারও প্রস্তাব পাইনি!,neutral
ডঃ বাবাসাহেব আম্বেদকর মারাঠওয়াড়া বিশ্ববিদ্যালয়ে যা ঘটেছে তা অত্যন্ত নিন্দনীয়...,angry
"পন্ধরপুর, দেগলুর ও কোলহাপুরে কি বিজেপির সংস্কৃতি শেষ হয়ে গেছে?",angry
শুধু দীপাবলিতেই সূর্য দেখা যায় কেন?,angry
"যদি তা না হয়, তাহলে আপনার নাকে পানি আসার সময় আপনি কেন এটি ঘোষণা করবেন?",angry
নিম্নলিখিত টুইট দেখায় যে বিচার বিভাগ বিক্রি হয়ে গেছে,angry
এর মানে কি মানুষ বধির হয়ে যাবে?,angry
পরামর্শ পোস্ট করা বন্ধ কেন?? আপনি এটা মিস? স্বয়ং!!,angry
"রাজপথ থেকে শুরু করে দিল্লি সরকার পর্যন্ত, এই লোকেরা তাদের ব্যর্থতার জন্য অন্যদের দায়ী করবে।",angry
"মফিভীর যদি তাদের আদর্শ হয়, তাহলে তারা কী ধরনের লড়াই করবে!",angry
সালমান খানের প্রতিবেশী বিতর্ক অভিনেতার জন্য কোনও অবকাশ আনে না,neutral
আপনি সরকার। বছর চলে যাচ্ছে???? মহাভোগ ফ্রন্ট,angry
আমরা ইংরেজি মিডিয়া বয়কট করেছি।,happy
টাকা আত্মসাতের মূল হোতা গ্রেফতার,neutral
"ভাই, তোমার নাচ করো না, তুমি কি করে ভুলবে যে সে বছর তোমার রাজত্ব ছিল",angry
আমি নিজেই এটা ঘোষণা করছি.. কারণ আমার অনুষ্ঠান কেউ দেখছে না,sad
"খুব বুদ্ধিমান, তার বলদ খালি।",neutral
তোমার নামে চোর আছে বলে চুরি করো কেন? এবং স্যার,angry
"এখন, আপনি কি কৃষি শ্রমিকদের মজুরির উপর জিএসটি আরোপ করছেন?",angry
"মারামারি হয়নি, পিছিয়ে গেলেন কেন? ফেটে না",angry
"তাহলে জোকসত্তার লোকেরা কোথায় হারিয়ে গেছে, আমরা তাদের আগে চাই! কেন তারা ঠিক করা হয়েছে?",angry
সত্যিই কি ঘটছে জানি,neutral
একই কাজ..! এটা না করলে হবে না..!!,angry
যা খালি। ...সেটা আগে নিন স্যার। লোকনা...চুটিয়ার পর বানাও...স্যার,angry
রাবণও লঙ্কার শক্তির অহংকার করেছিল!,angry
এই বাড়ির ছেলেমেয়েরা শ্বশুর বাড়িতে গেলে কি গর্ববোধ করে? এটা সব নারীর অপমান।,angry
মহারাষ্ট্রে কেন এমন নমুনা তৈরি করা হয়?,angry
ঘৃণ্য আমার মনে হচ্ছে আমি একজন ঘৃণ্য ভণ্ডের সাথে দেখা করেছি,angry
চাল চোর হলে ছাইবা কি করবে? মিয়া খলিফা কারাগারে ভালো আছেন,angry
বিশ্বাসঘাতক...অবরুদ্ধ!,angry
তাই গুজরাটের রাজনীতিবিদদের জন্য মুম্বাই 'অসমাপ্ত ব্যবসা'।,angry
"একজন কোঙ্কনি মানুষ মানসিক বিশ্বাসঘাতকতা সহ্য করতে পারে না, সে কি এটা সহ্য করবে?",angry
নির্বাচনকে সামনে রেখে এটি করা হচ্ছে। কিন্তু বিজেপি হেরে যাবে,neutral
"আরে আগে কি হলো, আমি হেরে পালিয়ে গেলাম",angry
এখন এ কেমন অন্ধ ভক্তি?,angry
রুডির ইনিংস চলতে থাকে,angry
নেতাজি নথি গডসের দ্বিজাতি তত্ত্ব দ্বারা ব্যাপকভাবে প্রভাবিত হয়েছিলেন।,sad
মহারাষ্ট্রে এমন এক নেতা আছেন যিনি সুপারি খেয়ে দল চালান।,angry
"স্যার, কংক্রিট ব্যবস্থা নেওয়া উচিত, নইলে এই সাপের মুখ মহারাষ্ট্র গ্রাস করবে।",angry
এই ইয়ো...বুটকা ভাঙ্গা মালভানিদের নাম নষ্ট করবে,angry
আপনি অভিশাপ থেকে একটি লাথি পেতে?,angry
এটা দুঃখজনক যে নীরবতার সময় যা ঘটেনি তা ঘটছে:,sad
আমি যখন ক্ষমতায় ছিলাম তখন মাকে মনে পড়ত না.. এখন করি।,sad
তারা তাদের কাঁধে বন্দুক রেখে শিবসেনাকে ধ্বংস করার চেষ্টা করছে..ভাবুন।,angry
এর থেকে কম হলে আপনার ভোট কমে গেলে কী করবেন জিজ্ঞেস করুন।,neutral
দেশ ভাঙল কারা? কেন করল বিজেপি?,angry
চোরকে এমন মুরগি দিলে যা হয়,angry
"মিথ্যা কথা বলুন কিন্তু যুক্তি দিয়ে বলুন, এটাই বিজেপির নীতি।",angry
"মার্ক জুকারবার্গের অনুসারীরা একের পর এক ঝাঁপিয়ে পড়ে, অন্যদেরও ব্যাপক ক্ষতি হয়",neutral
"বলুন তো, স্বাভিমানী পার্টির কি হয়েছে?",angry
এই চোর... জামিনে... এই ফুল বিক্রেতা...,angry
"পেরে পাতিল, তুমি যখন বলছ তুমি জানো না, তোমার পড়াশোনার অভাব",angry
আর এই বেন একসময় স্বরাষ্ট্রমন্ত্রী ছিলেন...,angry
যে পাপ করতে চায় সে স্বয়ংক্রিয়ভাবে চাকরি পাবে।,angry
এ বছর কি সৎভাবে কাদা তুলেছেন? যেমন একটি নির্বাচন আছে,angry
"মহারাষ্ট্র বিধানসভা নির্বাচন আসুক, মারাঠিরা নিয়মতান্ত্রিকভাবে বিজেপির জন্য রাজ্য গঠন করতে চলেছে।",angry
"কেন, আমার কোন ধারণা নেই।",neutral
এমন তুচ্ছ চিঠি দেখে কারো কান্না ছাড়বে না।,angry
"যদি ঠাকরের সাথে রাজনীতি করা হয়, বিরোধীদের কাছে কেবল দুটি বিকল্প থাকে: পরাজয় বা পশ্চাদপসরণ।",angry
ডিভোর্স না হলে ওই দুটো ফুঁপানো ব্যাঙের কোনো লাভ নেই,angry
তুমি কি এখন চুপ করে থাকবে... তোমার মতন না। দশ মিলিয়ন,angry
এটা আমার বন্ধু বিশ্বাসঘাতকতা নয়...,angry
এটা সত্যিই চমৎকার যে এই সমস্ত সামাজিক মিডিয়া প্রভাবশালীরা রসিকতা করছে,angry
এই খবর লুকানোর জন্য যাদব সারাদিন এদিক ওদিক ছুটতে থাকে।,angry
সরকারের কাছে বিধায়ক/খাসদার/কাউন্সিলর কেনার টাকা আছে...কিন্তু দরিদ্রদের সন্তানদের শিক্ষার জন্য নয়।,angry
"হিন্দু রীতিনীতি চিন্তাশীল, এসব চিন্তার অপমান সহ্য করা হবে না...",angry
আর সেই বর্তমান পত্রিকায় ফেকুর খবর,angry
"রাও, এটা একটা বড় বিব্রতকর ব্যাপার। রাও এর মুখোমুখি হতে হবে...",fear
"ভুজবল স্যার, আপনি কী ধরনের কথা বলেন?",angry
এই এখানে ফোকাস করা যাক.,angry
"হায়রে, তাকে বসার আমন্ত্রণ না পাওয়ায় তিনি দুঃখিত",sad
তার মানে আপনার পদের প্রতি সেনাবাহিনীর কোনো সম্মান নেই।,sad
এই কথা বলে সঞ্জয় উদ্ধবের জন্য জেলের ঝুঁকি নিচ্ছেন।,sad
সোলাপুরের ভারত ভালকে উপনির্বাচনের সময় সংস্কৃতি কি ঘুমিয়ে পড়েছিল?,angry
"হ্যাঁ, যারা বিশ্বাস করেন... জনগণ দেখছে ভদ্রলোককে হয়রানি করা হচ্ছে।",angry
"হা হা আপনার মনিব কথা বলবেন আর আপনি একাই শুনবেন, একটা সাধারন সেনাবাহিনী রাখা যাবে না",angry
এটা নিশ্চিত যে এর প্রভাব ধীরে ধীরে মাথায় পড়বে।,fear
তুজা সাহেব তুলা লখলভ কে ধমক দিল চাচা রাজনীতি পড়ায়,angry
মঞ্চে যত মানুষ আছে সামনে তত মানুষ।,neutral
আপনার বোকামির কারণে আপনি অবশ্যই এটিও হারাবেন,angry
জলই জীবন সচেতনতা বিজেপি পশ্চিম দক্ষিণ বিভাগ আকোলা,neutral
শিবসৈনিকরা তাকে ভাগ্যের মুকুট দিয়েছিলেন,angry
"তোমার পাছায় আগুন কেন, কিন্তু হ্যাঁ, প্যাকেটটা কোথা থেকে এসেছে",angry
ভারসাম্য সেনার মশাল জ্বালানোর আগেই সমতা পার্টি নিভিয়ে দিচ্ছে...!!!,angry
তখন দলভদ্রী বলল.. কিন্তু তরমুজের ছেলে রেগে গেল।,angry
"এই দুজনের মধ্যে মিল আছে, কিন্তু তারা বিয়ে করছেন না, তাদের মিটমাট করা উচিত।",neutral
আর বিজেপিকে ভোট হল সেই শক্তির জন্য ভোট যারা দেশকে ধ্বংস করছে। সেই ভণ্ড দলকে ভোট দিন যে দল বালা সাহেবের শিবসেনাকে ভেঙে দিয়েছে।,angry
তারা এখন কষ্টে আছে...!,angry
আপনার এতদিনে বিরোধী দলের নেতা হওয়া উচিত ছিল,sad
ডাল্লুকর ভাই। তার ব্যবসা নিচু স্বরে ঘেউ ঘেউ করছে। তবে বেতন নির্ধারিত।,angry
"বলা হয়েছিল যে পদ্ম তার লেজ রেখেছিল, কিন্তু এটি একটি ঘোড়ায় এসে একটি গাধার পিঠে চড়েছিল",angry
জনগণ সংখ্যাগরিষ্ঠতা দিলেও মুখ্যমন্ত্রী পদে বিরোধীদের সঙ্গে গিয়ে বিশ্বাসঘাতকতা করা হয়।,angry
আজ পিছু হটা পরাজয় ও অপমান,sad
হ্যাঁ ভাই এই শো বন্ধ করুন,angry
সন্দীপ মোরে আম্বানির কর্মচারী ছিলেন। তার আত্মহত্যার তদন্ত হওয়া উচিত।,sad
"বাস থামানো হয় এবং তামাক উইন্ডশীল্ডে রাখা হয়, যাতে জল শোষিত হয় এবং মেঘের পরিবর্তে পরিষ্কার দেখা যায়।",neutral
"চুতিয়া স্থায়ী নিষেধাজ্ঞা চেয়েছিল, যা প্রতি বছরই হচ্ছে",angry
এখন আমি বুঝতে পারি এটা কতটা পাগল ছিল। অন্য কোন বিনোদন ছিল না,sad
ছত্রপতি শিবাজি মহারাজকে নিজের সঙ্গে তুলনা করা উচিত নয়। মহারাজা কখনই জনসাধারণকে প্রতারণা করেননি,happy
"রিল তৈরি করতে আপনার যদি একটি ভাল মোবাইল ফোনের প্রয়োজন হয়, তাহলে TikTok তারকার চমকপ্রদ কীর্তি!",happy
বিশ্বের নবম আশ্চর্য দেশ চলছে,sad
"আরে এই তো মাতোশ্রীর উঠানে নির্বাচনে হেরে যাওয়া প্রার্থী। এই অর্জনের পরে, ইশান বিধায়ক হন।",angry
আর এই অকেজো মানুষগুলো আমাদের নেতৃত্ব দিচ্ছে...,angry
কিছু লোক গুজব ছড়াচ্ছে...যেমন আমরা শিন্দে গ্রুপে যাচ্ছি...,neutral
মারাঠি মানুষ প্রতারণা পছন্দ করে না। এই রাগ আমাদের শান্তিতে বসতে দেবে না।,angry
এই মানুষগুলো সাধারণ মানুষের পকেট থেকে বেতন পেলেও তারা তাদের দায়িত্ব পালন করে না...,angry
চার-পাঁচবার পরাজিত হয়ে শিবসেনার জীবনের ঝুঁকি নিয়ে বিধায়ক হয়েছেন।,angry
নৈনিতালের কৃষকরা যদি ভারী বৃষ্টির কারণে বাঁধে না যেতেন...,angry
এখন সাহেবদের মেরে বাকি সেনাদের কোটিপতি বানাও! এই যে নির্লজ্জতার উচ্চতা!,angry
তুমি কি কাক হয়ে যাও?,neutral
যখন মোদীর ছবি বিঠলের চেয়ে বড় তখন কোথায় ছিল এই বড়কিয়া!!,angry
এই পোস্ট প্রতি ছয় মাস হয়. কোনো পুলিশ আইন মানছে না।,angry
এমন মূর্খ লোকের কথা শুনে মুখ নষ্ট করবেন কেন?,angry
"স্যার, বিজেপি কি এখন স্বচ্ছ সিদ্ধান্ত দেবে?",neutral
আমরা এ বছর মেডিকেল কলেজ চালু করার সিদ্ধান্ত নিয়েছিলাম। ক্ষমতা হস্তান্তরের পর কি করলেন?(/),neutral
এই তেলেঙ্গানা সরকার ও প্রশাসনের রয়েছে হিন্দু ও হিন্দুবিরোধী মানসিকতা।,angry
মোদির রাজ্যে এই ধরনের খরচ বহন করা সম্ভব নয়,angry
আন্টির সময় এমন জ্ঞান নষ্ট হয় কে বলবে?,angry
আমি এখনো বলি এটাকে হালকাভাবে নেওয়ার অস্ত্র নয়...!,fear
"আমি তাদের চিনতাম না, তবে তাদের পেট ধরে থাকতে দেখে আশ্চর্যজনক।",neutral
এমন ছবির বিরুদ্ধে দাঁড়ানো ঠিক নয়।,neutral
দমদুপ্পাট নামে একটি কেলেঙ্কারি ঘটেছে সোলাপুরে...,angry
এগুলি আমাদের মধ্যে গজনীর কিছু হল্যান্ড এবং নির্বাচনকে একপাশে রাখা উচিত,angry
"তবুও, পুনেতে উৎসবের সময় যারা বাইরে যায়, কিছু লোক এমনকি গণপতি নবরাত্রিতেও বের হয় না...",neutral
আর সেই পর্ন তারকা প্রথমেশের কাকার কী হবে?,neutral
"এই খেলা অন্য দল খেলেনি, বিজেপি খেলেছে।",angry
"দয়া করে মনে রাখবেন, প্রতি বৃষ্টির পরে স্কোয়ারের অবস্থা আরও খারাপ হয়",angry
"তারা শুধু ""ধীর সৈনিক"" নয়... তারা মানসিকভাবেও প্রতিবন্ধী...",angry
আমি ভয় পেয়েছিলাম কেন ভিডিও বন্ধ করা হয়েছে,fear
মূলত পছন্দ ভুল...সব সময় কলার খোসা বেছে নিতে চাই...,angry
গুরু ও শিষ্য শীর্ষ শিল্পী............!!!!!,neutral
এই লোকটি কত নিক্ষেপ করে,angry
জারজ তুমি কয়জন জন্ম দিয়েছ?,angry
কমেন্ট পড়ে ঘুম আসছে না...,sad
"আমাদের কণ্ঠ বলে, কথা বলে... ভিড় জমানো হিন্দুত্ব নয়... এটা দেশবিরোধী",angry
আজকাল গুজব ভালো,neutral
উদ্বেগজনক! শুধু মুম্বাই শহর থেকেই এ পর্যন্ত জব্দ করা হয়েছে বহু কিলো মাদক!,fear
আপনি কি ডাঃ রাহুল গান্ধীর প্লেট তুলেছেন? আপনার দলের পক্ষে কথা বলুন।,angry
"আপনি আপনার শিশুকে নিয়ে যাওয়ার জন্য প্রস্তুত হওয়ার সাথে সাথেই এই ধরনের বকবক শুরু হয়, তারপর...",angry
একনাথ শিন্ডের ছদ্মবেশে বিজেপি আর কত মহারাষ্ট্রবিরোধী সিদ্ধান্ত নেবে?,angry
একটি জোরপূর্বক ঘাড় তার বুকে একটি পাথর স্থাপিত এবং কারণ তিনি ক্যামেরার সামনে।,angry
"দেখো কে পিষ্ট হয়েছে, হে মূর্খ ভক্ত...",angry
আশা করি বিশ্বাসঘাতকদের বিরুদ্ধে যথাযথ ব্যবস্থা নেওয়া হবে...,angry
"আজও তাদের লোকেরা জীবিকার জন্য মুম্বাই যায়, এই কমিশনারের চেয়েও এই স্যার ব্যর্থ হয়েছেন।",neutral
বালাসাহেব ঠাকরে কেন একনাথ শিন্ডেকে চড় মারলেন? চম্পাসিং পরিষ্কার বলেছে...,angry
"ভক্তদের এটাই প্রবণতা, ভক্ত যত বেশি ট্রোল করবেন, তত বেশি পেমেন্ট পাবেন।",angry
"তারা শেন খায় না, তারা শেন ফেলে দেয়...",angry
জনশক্তি আবারও তার সার্থকতা দেখিয়েছে বিশ্বকে। মানুষকে ধোঁকা দেওয়াই তাদের লক্ষ্য।,angry
এটা উড়ছে,angry
"আরে ব্যাঙ, তোমার মূল্য কত আর তুমি কত কথা বলো?",angry
এই জিনিসকে গুরুত্ব দেওয়ার দরকার নেই!,angry
"একদম স্যার, এটা ভুল নাম্বার ওয়ান",angry
প্রত্যেকের টুইট এই বলে,angry
আসক্তির কারণেই ধনীরাও দরিদ্র হয়ে যায়। বুঝলেন ভাই?,neutral
মহারাষ্ট্রের একজন ঠগ যিনি মহারাষ্ট্র রাজ্যের একজন মন্ত্রী এবং গুজরাটের হয়ে কাজ করেন,angry
আমরা আমাদের পেট ভরে কিন্তু মনে হয় আপনার পকেট ভর্তি।,angry
এ জেলায় মদ ছাড়া অন্য কোনো অবৈধ ব্যবসা আছে কি?,angry
শিবসেনা ঠাকরের অন্তর্গত,angry
কর্মসংস্থান একটি বিভ্রম মাত্র।,neutral
এটা অকেজো ছিল...,angry
আত্মহত্যার আগে কৃষকদের সাহায্য করুন!,angry
আপনার পার্টির বাজার বেড়েছে তাই চুপচাপ!!,angry
সকালে ঘুম থেকে উঠে দেখি গতকালের দিন নয়।,angry
"পন্ধরপুরের সময়, এক ব্যক্তি সমর্থন চাইতে নাক ঘষতে গিয়েছিলেন।",angry
এটা একটা অপমান ম্যাডাম...!! তোমার টুইট...!! অবিলম্বে ব্লক করুন...!!,angry
আপনার লোকটি কি জেলের কক্ষে মাইক নিয়ে বসে আছে?? কেমন প্রতিক্রিয়া এলো??,angry
"ভূতের প্রতি সদয় হোন, কিন্তু অন্যদের জন্য বিপজ্জনক হস্তক্ষেপ জীবজগতে উপযুক্ত নয়।",neutral
কড়া ফড়নবিস? একি কি কথা বলে? তারা কি আপনার রাজনৈতিক বাবার চাকর?,angry
প্রতারনায় তাদের হাত কেউ ধরতে পারবে না,angry
"এটা সাংবাদিক নয়, রাজনৈতিক দলের বেতনভোগী গোলাম",angry
"স্যার মারাঠি সাংবাদিক, আগে আমাকে নামিয়ে নিন",angry
"বিদায় জানিয়ে, আমি আবার দেখা করার জন্য সংকল্পবদ্ধ ছিলাম... কিন্তু তার কালো চোখ শেষবারের মতো তার সাথে দেখা করেছিল।",sad
কিন্তু কোটি ভক্তের মন রাজত্ব করা পারভীন বাবির মৃত্যু ছিল খুবই বেদনাদায়ক।,sad
তুমি কি মায়ের কথা চিন্তা কর? আগে চিন্তা না করে লিখতে পারেন কিনা দেখুন,angry
ক্ষমতায় এলে পদ নেব না- রাজ ঠাকরে,neutral
তুমি ভিতরে আইসক্রিমের মত লম্বা নও,angry
"এই স্যারের খুব প্রয়োজন, কারণ কৃষকরা এই ফিরতে ক্লান্ত।",sad
তোমাকে খুব খুশি লাগছে... এখন বসো... আমরা এই সুখ দেখতে পাচ্ছি না...,angry
"তাদের বাবার কোন কর্তৃত্ব নেই, তারা অন্যের বাবার কর্তৃত্বে বড় হওয়ার চেষ্টা করে।",angry
মনে হচ্ছে অতীত আজ বাঙ্গার দ্বারা চালিত হিসাবে একই হবে,angry
জেলটিন খাসডালাকে গ্রেফতারের হাত থেকে বাঁচাতে একনাথ চিন্দি বিশ্বাসঘাতকতা করেন।,angry
একা ভিক্ষা করতে গেলে ছোট মেয়েকে নিয়ে গেলেন কেন?,angry
কিন্তু তুমি বিশ্বাসঘাতক,angry
সব গ্রামবাসী ও মহারথীরা কি বিজেপিতে?,angry
কুকুরের লেজ কি কখনো সোজা হতে পারে?,neutral
এই ভাই এই বয়সে যতই ক্ষুধার্ত থাকুক না কেন পাগল হয়ে গেছে,angry
"আপনার হাতে আগুন ধরল কেন, বিজেপি? এটা করা",angry
ভাইয়েরা বলতেন একজন যখন দুইজন হয় তখন সৃজনশীলতা কমে যায়...,neutral
"তিনিও কেতকরের মতো সাংসদ হতে চান, সেজন্যই তিনি এমন তোষামোদ করছেন।",angry
যখন তা ভেঙ্গে গেল তখন এর ষাটটি মাথা ভেঙ্গে গেল। এখন এখানে আবার সাহায্যের জন্য আসে,angry
যারা নারীর মতো কথা বলে তাদের প্রতিপক্ষকে নপুংসক বলে। মানুষ আপনাকে মানুষ মনে করে না,angry
"বিশ্বাসঘাতক আর্মি এই ভিডিওগুলিকে পরবর্তীতে সংরক্ষণ করুন, আপনি সারাজীবন এটিই শুনতে চান।",angry
বিজেপি কেন পন্ধরপুর থেকে নির্বাচনে প্রতিদ্বন্দ্বিতা করেছিল? আন্ধেরিতে পরাজয় ইত্যাদি... মানুষ সত্য জানে।,angry
আমাদের মিডিয়া অসহায় এবং এ ধরনের অভিযোগ করার ক্ষেত্রে এগিয়ে আছে।,angry
"ভক্তরা, মুখের একটু অবলম্বন নাও",angry
বিজেপি কর্মীদের অবস্থা এমন গর্তে পরিণত হয়েছে যেখানে মানুষ নাচছে।,angry
তাদের সাথে নিজেকে তুলনা করে কি নিজেকে কুকুরের মত মনে হয় না??,angry
জ্ঞানের দেবীকে ঘৃণা কেন? তাই দেবী সরস্বতী রাজনীতিবিদদের খুশি করেন না।,angry
"আপনি কোনটি সিদ্ধান্ত নেন? মুম্বাই, মহারাষ্ট্রের ভাষা হিন্দি।",angry
কেন মানুষকে বিরক্ত করবেন... অন্তত আপনার অবস্থানকে সম্মান করুন...,angry
আন্তরিক শ্রদ্ধা নিবেদন করা হচ্ছে,happy
এভাবে কলেজের অধ্যক্ষদের মাধ্যমে শিক্ষার্থীদের মত প্রকাশের স্বাধীনতাও আক্রান্ত হচ্ছে।,angry
মানে? ঘটনা বিবেচনা না করে নিজের মতামত দেওয়া কেন জরুরী?,angry
তাহলে তোমাকেও সম্মান করা হবে,neutral
গুজরাট মডেলে সংবিধানের বিবেচনা খুবই কম।,angry
দেবীর সাথে এমন ছবি পোস্ট করে হিন্দু ধর্মকে অপমান করবেন না।,angry
MNS হল ভোটারবিহীন বাহিনী,angry
এই লোকেরা মারাঠিদেরও খুনি।,angry
একবার ছড়িয়ে পড়লে রক্ষণাবেক্ষণে কোনো সমস্যা নেই,neutral
"""কোন 'স্পাইডারম্যান' তারা?"", নানা পাটোলে উপ-মুখ্যমন্ত্রী ফড়নবিসকে কটাক্ষ করেন; বলেন, ""দুজনের মধ্যে বিবাদে...""",angry
! নির্বাচন কমিশন বিজেপির সঙ্গে একীভূত হবে না। বিজেপিকে বহিরাগত সমর্থন অব্যাহত থাকবে।,neutral
এই তিন পিতা দ্বীপ ও নদী।,angry
উদ্ধব সাহেব তোমাকে তোমার মর্যাদার চেয়ে বেশি দিয়েছেন ভুলে গিয়ে তুমি আজ ঘেউ ঘেউ করছ।,angry
"ভক্তের কথা বলি, আর কি বলব?",angry
"আপনি কি হতবাক? আপনার কাছে নয়, উদ্ধব গোষ্ঠীর কাছে।",neutral
বিশ্বাসঘাতকতার প্রথা শুরু করেছিল তোমার সাড়ে তিন জেলার ভদ্রলোকেরা #বিশ্বাসঘাতক,angry
বিজেপির প্রার্থীতার শক্তি নেই। তাই এই একটি অপূর্ণতা.,angry
"মূল্যস্ফীতি দ্বিগুণ, বেকারত্ব দ্বিগুণ... এই নতুন ভারতে পেট্রোল ডিজেল তিনগুণ...",angry
"এ সব ঠিক আছে, কিন্তু মাঠ ছেড়ে পালিয়ে যাওয়া কি গর্বের বিষয়?",angry
খোলা পাড়ায় সাপের মত ছুটছ সারারাত ঠান্ডায় ফিসফিস করে,sad
নির্বাচনে হেরে যাবে জেনে মাঠ ছেড়ে পালিয়েছেন রে ভো,angry
তিনি কোঙ্কনি নন তবে তিনি নেপালির মতো দেখতে কিন্তু তিনি নেপালির মতো দেখতে...,angry
"ধীর ভক্ত তুমি কে? প্রতিবন্ধীরা বললেও জানবে না,",angry
"দেখুন, সচেতন নেতারা সব জানেন",neutral
এই ভাভে জ্যাম এখন মাথায় আসতে শুরু করেছে।,angry
লে হাসলো কি পরের জীবনে মহারাষ্ট্রে যাবেন? ঈশ্বরের কাছে যান,angry
নানা অক্ষয় কুমার লিখিত প্রশ্ন জিজ্ঞাসা সম্পর্কে কি বলেন? হ্যাঁ,angry
ডক্টর বাবা সাহেব আম্বেদকর প্রদত্ত রেজুলেশন নিয়ে বিজেপি এবং আপের মধ্যে বিরোধ কেন?,neutral
সামান্য ভুল হয়েছে। বিজেপি সাংবাদিকদের থাকার ব্যবস্থা করবে। আমরা শুধু সাংবাদিক নিয়োগ করেছি,neutral
এটা নিয়ে খুশি হওয়ার কিছু নয়।,sad
আপনি বিশ্বাসঘাতকতা করলেও আপনার রাজনৈতিক অস্তিত্ব শূন্য নয় যদি না আপনি ঠাকরের জীবনে ঝাঁপিয়ে পড়েন।,angry
ওয়াকাদ পালাতে চায়নি এবং ছন্দে বৃত্তে ঘুরছিল,angry
লোগো দারুন লাগছে!! সাদা চাই না!!,angry
মানুষ প্রতারিত হওয়ার গল্প প্রচুর,angry
তিনি আরও বলবেন যে তিনি শিবসেনার হাতে বিশ্বাসঘাতক বালা সাহেবের মশাল তুলে দেবেন,angry
হুমকি দেয় তুমি নাকি ঈশ্বর হয়ে গেছ...,angry
তাহলে একই সময়ে কেন নয়,angry
এই...একতরফা/পক্ষপাতদুষ্ট...তথাকথিত সাংবাদিকরা...তাদের ব্লক করে এটা প্রমাণ করেছে!,angry
"প্রথমত, সময় এসেছে কেজেপি এবং রাষ্ট্রীয় সমকামী সংঘকে বয়কট করার!",angry
তাহলে আমরা কেন বলবো ভোট মানেই ধর্ষক ও সন্ত্রাসীদের ভোট দেওয়া?,angry
মাটি কোথা থেকে এসেছে তা জানা উচিত নয়,angry
সর্বত্র বোমা। মুর্জার ছাগল বুর্জি বানাতে যাচ্ছিলেন হোতিস,angry
নির্বাচনে অংশ নিতে লজ্জা করে না?,angry
এটা গুজরাটের অপমান।,angry
"চতুরনও এলো, কথায় এত কৃপণ হও না রাও!",angry
ভাড়ার জন্য ঘেউ ঘেউ... কিন্তু কুকুরের মতো তোমার মূল্য নেই,angry
"ভাচলভীর উত্তর: মূল্যস্ফীতি কেন বেড়েছে, রুপির দাম কেন কমছে? বেকারত্ব কতটা বেড়েছে?",angry
": মৃত্যুর পর বৈশালীর শেষ ইচ্ছা পূরণ করল পরিবার, শেষ ইচ্ছা কী ছিল?",neutral
এটি সংঘর্ষ হতে পারে...মহিলাদের কটূক্তি করা...খুব জোরপূর্বক যুক্তি...,happy
এখন কি আপনি সুপারি ফুঁতে সুপারি কুইন নিচ্ছেন?,angry
"দেখুন, যাদের কাছে কোনো যুক্তিবাদী বা সৎ যুক্তি নেই, তারা গালি দিতে শুরু করে",angry
মিকি রসিকতা করেছে,neutral
যারা রাবিয়া লাড্ডু নিক্ষেপের কথা বলে তারা রাবিয়া লাড্ডুর গুরুত্ব বোঝেনি...,angry
আভাসের ভয়ানক রাতে এলাম..,fear
"এর আগে যখন স্থানীয় নির্বাচন হয়েছে, তখন চিঠি লেখার কথা ভাবলেন না কেন?",angry
এই লোকটা এত নীচু কথা বলে...তার বাবা মা তাকে কি মূল্য দিয়েছিল...,angry
সোনালী বাই মোদী যদি ভারতে যোগ না দিতেন তাহলে কি তাই বলতে হবে?,angry
রাজদীপ সরদেসাই-এর মারাঠি শোনাচ্ছে খড়গে-এর থেকেও খারাপ।,angry
সবাই তরবারি ও ঢাল নিয়ে যোদ্ধা নয় কিন্তু কেউ কেউ দেশদ্রোহীও হয়...,angry
. বছরটা কি উদ্ধবকে খুন করে কেটেছে?,angry
"দুর্ভাগ্যের বিষয় হল যারা দেশ চালায় না, যারা যুদ্ধ করে, না কৃষকরা...",sad
এই শালিগ্রাম। ভোসলে উপাধি কুখ্যাত।,angry
এখন এই কথা শুনে আমার খুব রাগ হচ্ছে... যদি সত্যি হয় তাহলে অবশ্যই মাথা ঠুকে যাবে।,angry
আজ কাশিকেদায় মেঘ ফেটে প্রবল বৃষ্টি হয়েছে।,neutral
মহারাষ্ট্রের দুষ্ট সরকার গুজরাটের জন্য কাজ করছে,angry
ফাঁপা বাঁশের লাঠি দিয়ে তাদের তরমুজ মার। তার মানে তাদের অনুকরণের সুর ম্লান হয়ে যাবে।,angry
"ম্যাডাম, তিনি অন্যদের চেয়ে নিজের মাঠে বেশি পড়বেন না।",angry
"আচ্ছা... আপনার বিরুদ্ধেও যদি মামলা হয়, তাহলে কতই না খারাপ।",angry
এই বিশ্বাসঘাতক মহিলা সম্পর্কে কথা বলুন।,angry
শরীরে শক্তি না থাকায় লাঠিসোঁটা নিয়ে দৌড়ায়,angry
অন্ধ ভক্তরা এখন ঘেউ ঘেউ করে আসবে,angry
"আসুন স্যার, বড় লোক আপনাকে ব্লক করে কোন লাভ হবে না।",angry
তোমার বউ কি আজ খায়নি?,angry
"এখন তুমি পারবে না, শিন্দে তোমাকে চিরতরে ঘরে আটকে রেখেছে",angry
এই অন্ধকারে ভক্তদের তীর মারতে হবে,angry
গরীবকে আরো গরীব আর ধনীকে অনেক ধনী করার ব্যবস্থা আছে।,angry
"কে, কেন আঁকা? তারা দুজনেই বারোজন",angry
এখন শ্রমিকরা চুড়ি বা ডান্ডিয়া প্রতীক নেবেন,angry
আমি জানি না এটা সাংবাদিক নাকি মুখপাত্র,angry
"আদর্শ প্রেরণা প্যান্থার, প্রয়াত শ্রদ্ধেয় নামদেব ডি গায়কওয়াড়, (মা) এর মৃত্যুবার্ষিকীতে তার মহৎ স্মৃতির প্রতি আন্তরিক শ্রদ্ধাঞ্জলি।",happy
লাভ-লোকসানের রাজনীতিতে দেশ কি আবার গোলামীতে ফিরে যাবে?,angry
"এটা ঠিক, ক্ষমতার রাজত্ব বেশিদিন স্থায়ী হয় না",angry
সে আগে থেকেই বিশ্বাসঘাতক ছিল। ..নরেশ,angry
"ওহ, সে কি বুঝতে পারছে সে কি কথা বলছে... সে নিজেই হাসছে",angry
সিদ্ধান্ত নিলাম নেপালকে কোন মূল্য দেব না।,angry
....পপি ঠাকরেকে সমর্থন করা সবচেয়ে বড় অপরাধ।,angry
মনে হচ্ছে কোলকে ছাড়া সে কিছুই করতে পারবে না,angry
বিশ্বাসঘাতকতা আপনার রক্তে মিশে আছে স্যার,angry
আপনি কি আপনার মত মানুষ বুঝতে? এভাবেই চলল...,angry
কৃষকদের নিয়ে সবাই চিন্তিত কিন্তু কৃষকদের নিয়ে কেউ চিন্তিত নয়।,sad
এত বড় উন্নয়নশীল দেশের জন্য এটা খুবই লজ্জাজনক।,sad
শিবসেনা কি উদ্ধব বালাসাহেব ঠাকরের নির্বাচনে প্রচার করবে? ‘বালা সাহেবের শিবসেনা’ উপড়ে ফেলতে হবে।,angry
দুর্নীতি কম,angry
কেন এখান থেকে সরানো হচ্ছে না?,angry
নিগ্রো নেই। এর আগে এলিয়েন কমে গেছে কিনা,angry
"কিলো ওজনে শূন্য মন থাকে... এটাই উদ্দেশ্য, ওজন কমানো...",angry
দয়া করে কাজের গতি বাড়ান। দেরি হওয়ায় সমস্যায় পড়েছেন প্রার্থীরা।,sad
এই সংলাপ বলার জন্য আপনি কি গত আড়াই বছর ধরে আপনার আঙ্গুল শক্ত করে ধরে ছিলেন????,angry
"আরে, কী মানুষ, একটি সাধারণ শ্রদ্ধাও এই নৃশংস রাজনীতিকে নিমজ্জিত করতে পারে না",angry
এই মধ্যবিত্তদের কারণে মানুষ দল ছেড়েছে,angry
মানুষ হয়েও তারা কাদায় ঢাকা ঘুরে বেড়ায়,angry
বাড়ির মালিকদের দ্বারা প্রাপ্ত পারিশ্রমিকে এই প্রকল্পটি বিনামূল্যে প্রয়োগ করা উচিত।,angry
তার মানে চা খাওয়ার পর সে তাকে মারতে আসবে এবং আমাকে মারবে,angry
অতুল স্যার খুনসের দিকে তাকিয়ে আছেন কেন?,sad
রাষ্ট্রপতি নিজেই জানেন না তার দল কবে গঠিত হয়েছে,angry
আমাকে বাংলোতে নিয়ে গেলে কি ঠিক হবে?,angry
"যারা জিততে চায়, কিন্তু যারা রাজনীতি করে, যারা বলে আমরা হেরে যাই, তারা ভালোবাসে",happy
এটা একটা কুসংস্কার,neutral
অর্থাৎ ময়লা খেতে চাইলে!!!!,angry
এটা সব ভিড়,neutral
বিশ্বাসঘাতক দলের নেতা কথা দিয়ে শুরু করা উচিত ছিল,angry
বৃদ্ধ কি পাগল?,angry
জহিরনামায় স্কাই বাস ও রিং রোড নির্মাণের কথা থাকলেও তা এখনো দেখা যায়নি।,angry
"সে কিছু বলল না, তুমিও কিছু বলবে...",angry
এই পুরস্কার গ্রহণের জন্য উপস্থিত থাকা এবং একটি ছবি তোলা কি বাধ্যতামূলক?,angry
"মুম্বাইতে চোখের ব্যথা, চোখে ব্যথা বা সংক্রমণ অনুভব করার সাথে সাথেই এটি করুন...",neutral
"তোমারটাও শেষ, দেখ একটু কাঠখড়ও জ্বলবে না বাবা।",angry
গত আড়াই বছরে নির্মিত রাস্তাগুলো সরিয়ে ফেলেছেন?,angry
গাধা বলল,angry
বিজেপির মনে রাখা উচিত যে প্রকৃত শত্রুর চেয়ে লুকানো বন্ধু বেশি বিপজ্জনক।,angry
"এখন ব্যাঙ মায়াও করে, তুমি এত ভয় পাচ্ছ কেন?",angry
"আরে দোস্ত.. তুমিও কি রায়গড় করেছিলে..!! না, আমি বুঝতে পারিনি..!! এখন..!! গরীব..",angry
বালাসাহেব ঠাকরের সঙ্গে বিশ্বাসঘাতকদের কোনো সম্পর্ক নেই।,angry
এটি সর্বনিম্ন,angry
"ওরে, জারজ, রাগ কর, ফেখু তোর নতুন বাবা।",angry
তারা নিশ্চয়ই বুঝতে পেরেছেন যে তারা বিজেপির কাছে হারতে চলেছেন।,neutral
পুনরুদ্ধার না হওয়ায় বিষয়টি শান্ত হলে ওয়াজের মাধ্যমে প্রকাশ্যে পুনরুদ্ধার শুরু হয়।,angry
এটা বিশ্বাসঘাতকদের মুখে শোভা পায় না,angry
"এমএনএস হল বিজেপির বি দল, তাই তারা শুধু শিবসেনার বিরুদ্ধে কথা বলবে।",angry
আবের সমস্যা কি? যত্ন তাদের লোকেদের রাগান্বিত করবে...,angry
একটি বাস্তবতা.. শিক্ষকের হাত থেকে বেত চলে গেল এবং পৃথিবী নিয়ন্ত্রণের বাইরে চলে গেল...!,sad
এ থেকে বুঝলাম ভোটের জন্য কি তবে...!!,angry
আপনি বিশ্বাসঘাতক থাকবেন এবং পরবর্তী প্রজন্মের উপর একই দাগ রেখে গেছেন।,angry
"অর্থনীতিবিদ মহোদয়, আপনি কি বলতে পারবেন কেন পতন হচ্ছে?",angry
"তুমি হাসছ কেন, বিয়ের দাওয়াত পাননি",sad
"এখন ফড়নবীস কী করলেন, কেন তাঁকে কটূক্তি করছেন।",neutral
তিনি শুধু নামেই মাথা থাকেন এবং সব নির্দেশ তাকে দেন বারামতির ভবিষ্যৎ প্রধানমন্ত্রী।,angry
ঘৃষ্ণেশ্বরের ক্ষেত্রেও তাই।,neutral
মানুষ কি তাদের পাগল মনে করে?,neutral
"আপনি কি আপনার বাক্স থেকে এটা অনুভব করবেন, স্যার?",angry
কিন্তু পাকিস্তানের জাতীয় ভাষায় কথা বলছেন কেন?,angry
"আরে, তোমার স্তন সোজা করো না",angry
ঘুমাচ্ছ কেন?...স্বরাষ্ট্রমন্ত্রী কোথায়?,angry
আপনি যতই ক্ষুধার্ত থাকুন না কেন...,angry
"টুপি কালো, হৃদয়ও কালো!",angry
আপনিও অন্ধ এবং বেকার,angry
বিধায়করা সেখান থেকে এসেছেন এবং মুম্বাই আসবেন.... ঔরঙ্গাবাদে কি এত ভালো হাসপাতাল নেই...?,angry
আপনি চয়ন কিনা দেখুন,neutral
) জোশী ওয়াদেওয়ালে ) ওয়াদেওয়ালে জোশী আমাদের কোথাও কোনো শাখা নেই!,neutral
এই খাঁটি ভদ্রলোক মানুষ,angry
"না, দেশদ্রোহীরা আবার উঠে তাদের জায়গা দেখাবে",angry
যারা তাদের সারা জীবন মানুষকে ধমক দিয়ে এবং ভয় দেখানোর জন্য কাটিয়েছেন তারা এমন কিছু বলা উচিত নয়।,angry
সারা দেশ অন্ধ আর মাত্র দেড়টা বুদ্ধিমান,angry
প্রথমে আপনার কাছে বালা সাহেব আছে কিন্তু প্রধান বালা সাহেব হলেন দেওরস.. আনাজিপন্ত ঠিকই ধরেছেন..,angry
"না, আপনি কি করতে পারেন?",neutral
এটা উদ্ধব সাহেবের বাবার,neutral
আপনার আর কি কাজ আছে?,angry
তার মস্তিষ্কের সত্যিই ঘুমানো দরকার। কি হচ্ছে?,angry
"কারা কাঁদছে তা আদালত বলেছে। তিনি আরও বলেন, নোংরা রাজনীতি চলছে।",angry
আপনি একই মহাবিশ্বের অংশ,angry
"তয় বোকা, সে কি লেখে তা বোঝে না",angry
এখন এই বোকা দেশে কূটনৈতিক উপদেষ্টা হয়েছে।,angry
ছত্রপতি...যশবন্তরাও চ্যাভান...শরদ পাওয়ার...ঠাকরে...দিল্লিতে মহারাষ্ট্রের নাম পেয়েছেন...এবং হারিয়েছেন,sad
"আপনি বলুন, এত কিছু হলে ঠাকরের দিকে ঝাড়ু ফেলতে চাইলেন কেন?",angry
"হ্যাঁ, চাম বা লোকসভা পেতে যাচ্ছিলেন।",angry
"উদয়, নীচের মন্তব্য পড়ুন, লোকেরা আপনাকে বিদ্রোহী অনেক গালি দেয়।",angry
"তাই এটা বাস্তব, নারীদের ট্রোল করে পুরুষত্ব দেখানো।",angry
ঔরঙ্গাবাদের সিডকো থানায় একটি মামলা দায়ের করা হয়েছে।,neutral
এখন আমি ছোট ছেলের মত এটা করতে শুরু করি,angry
আপনি কি ইতিমধ্যেই জানেন ..এই সমস্ত বছর কি ঘটছিল?,angry
ধীরগতির সৈন্যরা কি চুড়ি ভাঙতে এসেছিল?,angry
তারপরেও খালি আঙুল পরার কারণে শিব সৈনিকরা তাকে চড় মেরেছিল।,angry
কৃষক শ্রেণীর দুর্ভাগ্যজনক সত্য তারা উপস্থাপন করেছে যারা...,sad
আপনি পালিয়ে গিয়েছিলেন কারণ আপনার প্রার্থী এত জেদী ছিল যে সে বিস্ফোরিত হবে,angry
নিচ থেকে জ্বলে উঠলে সবার কষ্ট হয়,fear
এই কাজটি অত্যন্ত দুঃখজনক। এ ধরনের কাজ করার ওপর নিষেধাজ্ঞা থাকা উচিত,angry
কোথায় গেল পন্ধরপুরের সংস্কৃতি?,neutral
আজকাল নিরপেক্ষ মতামত দিতে পারে এমন মানুষ খুব কমই আছে!,neutral
"আমার মনে হয় দালাল, টাকা দেখেছেন?",angry
"আপনি কি কখনও এগিয়ে আসবেন না কখনও, টুইটারে আপনার দাসত্ব চালিয়ে যাবেন?",angry
গুজরাটের নাগরিকরা কখনই মোদীর বিরোধিতা শুরু করেনি।,neutral
এটা একটা ভালো আরোহণ.. তুমি কি দেশটাকে মেরেছ?,angry
"তারা যে বাক্স পেয়েছে সেখান থেকে দেওয়া উচিত, জনগণের টাকা এভাবে নষ্ট করা উচিত নয়।",angry
তার মানে বাক্সগুলো ফুরিয়ে যায়নি এবং পেনশন কার্যকর হয়েছে।,angry
এমন কথা কি দেশের অর্থমন্ত্রীর সাথে শোভা পায়???,angry
নিজের পক্ষে কথা বলতে পারছেন না বলেই কি ফড়নবীস শূকর তুলেছেন?,angry
"বাচ্চাদের ঘুমানোর সময় ""আমি তোমাকে আগামীকাল মেরে ফেলব"" বলে বার্তাগুলি ছেড়ে দিন।",angry
আজ বেকার লোকটি ক্ষুধার্ত থাকার জন্য অনেক কাজ পেয়েছে... চালিয়ে যাও,angry
এখন কাঁকড়া ও পলির উদ্ভাবকরাও রাজনীতিতে আসতে শুরু করেছে...!,angry
আমি বলতে চাচ্ছি সেখানেও অনেক স্বজনপ্রীতি আছে।,neutral
"যানবাহন জলে বয়ে যাচ্ছিল, এখন তাদের পিছনে দৌড়াও এবং এখানে সূর্যবংশীর জন্য বসুন",angry
অনেকের এই ধরনের কৃমি ছিল।,angry
"ওবিসি কর্পোরেশন কখন নিয়োগ করা হবে? শুধু অ্যাপয়েন্টমেন্ট নিয়েই সন্তুষ্ট হবেন না, তাদের অর্থায়নও করুন!",neutral
আপনি যদি বলেন যে আপনি একজন কট্টর হিন্দু তাহলে আপনি সাভারকরকে ভারতরত্ন দেন না কেন?,angry
"মহারাষ্ট্রের নজিরবিহীন রাজনৈতিক অসহায়ত্বের সর্বোত্তম উদাহরণ হল প্রশ্ন, ""আমরা মারাঠিতে কথা বললে কি কাজ হবে?""",angry
"এমন বিপজ্জনক বৃষ্টি কখনও দেখিনি, এক জায়গায়...",fear
সব ধরনের সবজির দাম বেড়েছে। শুভ সকাল!,neutral
"এখন আমাদের এইসব বিপথগামী কুকুর থেকে শিক্ষা নিতে হবে, আমরা প্রতিদিন এই ধরনের কুকুর তাড়াই",angry
আপনারা কেউ কি আমন্ত্রণ না পেয়ে পাকিস্তানে গিয়ে বিরিয়ানি খেয়েছেন?,angry
আপনি MNS নেতারা তাদের সেরা কাজ করছেন এবং বিজেপির কাজ করছেন ..,angry
"বান্দ্রা রেলওয়ে স্টেশনের কাছে একটি জরাজীর্ণ স্কাইওয়াক ভেঙে পড়েছে, কিন্তু...",neutral
"এটা কি ধোয়া চালের মত...এখানেই আসল দুর্নীতিবাজ, তাই না?",angry
আপনার কাপড় নোংরা হলে আপনি কেন অন্যের কাপড় ধুতে যান?,angry
আজ পর্যন্ত এই চা-বিস্কুট নির্বাচন কমিশনকে বিজেপির বি-টিম বলে প্রচার করা হয়েছে।,angry
"সে তো বড়.. আচ্ছা, সেই নির্ভীক বিভক্তির কথা কেন ভক্তরা ভাবলেন?",angry
তুমি কি ভোরবেলা আমাকে কাঁচা মেরে ফেললে.. শীতল জি..,angry
জঘন্য দৃষ্টিভঙ্গির এই নারীর বিরুদ্ধে মামলা করবেন?,angry
পুরো বিশ্ব জানে আপনি বুড়ো আঙুলে ভালো,angry
"রুডি'স ডাও সুপার পাওয়ার মুম্বাইতে প্রার্থী পায় না, তাই আপনি জানেন তাদের মূল্য কী",angry
তারা এর মূল্য দিতে চায় না। এরা ধীর সৈনিক,angry
শিন্দে ফড়নবিস সরকার লুটপাটকারী সরকার,angry
"এটা সৎ সাংবাদিক ও চ্যানেলের কাজ, বিশ্বাসঘাতক সাংবাদিকদের নয়।",angry
"তোমার কি চোখ আছে? হিন্দু, জাত শব্দগুলো কোথায়?",angry
এটা আপনার বোকা দেউলিয়াত্ব. ......,angry
ভারত মাদজি নিয়ে বিশ্বে নেতৃত্ব দিচ্ছে আর ভারতে কেঁচো বিচরণ করছে,angry
"বাবাকে এসব বলা উচিত হয়নি, সে সরি ভাই বলতে চেয়েছিল",angry
তাকে বাংলোতে নিয়ে গিয়ে হত্যা করার জন্য কী পুরস্কার দেওয়া হয়েছিল?,angry
"মারাঠাওয়াড়ায় ফের ভারী বর্ষণ, ক্ষতিগ্রস্ত 'এই' জেলাগুলি!",neutral
"টাটা গ্রুপের বড় পদক্ষেপ! তালিকাভুক্ত কোম্পানির সংখ্যা অর্ধেক হবে, লাখ লাখ শেয়ারহোল্ডারকে প্রভাবিত করবে।",neutral
"যে মুহুর্তে হিন্দুত্ব আক্রমণ করা হয়েছিল, ঠিক হয়েছিল যে শীলক সেনাও একইভাবে শেষ হবে।",angry
শরদ পাওয়ার কি বেশি বিপজ্জনক নাকি কম? শুধু উত্তর.,angry
এই লোকেরা শিন্দে গোষ্ঠীর বিরোধিতা করেছিল,neutral
এখন এই কল কেউ ধরছে না,neutral
এর আগে সাজিদ খানের বিরুদ্ধে অভিযোগ এনেছিলেন টিভি অভিনেত্রী কনিষ্ক সোনি।,neutral
এই নারীকে এখন পূর্ণ পরাশক্তি দিয়ে সমাহিত করা হবে,happy
কেন এটা ঘটবে? আপনার ভিতরে অবশ্যই কিছু খেলা আছে।,fear
এমনকি সেই বছর থেকে এমন কেউ একজন কর্মী হিসাবে অনুসারী অর্জন করতে বেরিয়েছিল। কি একটি কাকতালীয়,angry
দারিদ্র্যের সময় পর্যন্ত এটি ভাল হয়ে উঠছিল। শিশুরা সময়মতো বাড়ি ফিরছিল।,neutral
"স্যার, রাষ্ট্রীয় চাকরির আসন কমানোর বিষয়ে কিছু করুন.. এই সরকার শুনছে না",neutral
এটা আমাদের দেশে ক্রমবর্ধমান নোংরামির একটা ভালো উদাহরণ!!! ঈশ্বর আমাদের রক্ষা করুন!!!,angry
- বন বিভাগ কর্তৃক বাঘ ধরা; মানুষ আক্রমণ করা হয়,neutral
"স্যার, এমন ভীতু ""আপ্পে"" হবেন না। অন্যদের কথাও ভাবুন...",angry
হ্যানশ্যান্টংগুলিও আজকাল জনপ্রিয়,angry
শিন্দেদের রাগ চলবে..! এটি একটি কালো পাথরের উপর আঁকা একটি সাদা রেখা।,angry
ঠাকরেরা কেন নাগাকে অপমান করছে তাদের সাথে আপনার লড়াইয়ে?,angry
"বলুন তো, মাঠে এসে নির্বাচনে প্রতিদ্বন্দ্বিতা করা কি এত কঠিন?",angry
পৌর কর্পোরেশন ঠিক করে না কতটা বৃষ্টি হবে – উপমুখ্যমন্ত্রী দেবেন্দ্র ফড়নবীস।,neutral
এখন সামনে থেকে ফুল টস এলে দলকে হারাতে হয়।,happy
মনে হচ্ছে বিজেপি সব সাধারণ মানুষ বোঝে না,angry
এই পৃথিবীর সর্বনিম্ন গুরু...আল্লাহ এই নীচ ভন্ডকেও শাস্তি দেবেন...,angry
"এই হল নিষ্ঠুরতার উচ্চতা, মহান শক্তিরা একজন বিধবা মহিলাকে ভয় পায়।",angry
না...বিজেপির দাস বিশ্বাসঘাতক বাহিনীকে উপড়ে ফেলো,angry
কিন্তু গরু জবাই করে খেয়ে ফেলা কেরলের লোককে কেন সঙ্গে নিয়ে গেলেন?,angry
শহরতলির অনেক সেতুও আংশিক। কিন্তু আপনি সম্ভবত এটি অন্তর্ভুক্ত করতে চান না,angry
এমএনএস তার গৌরব বিসর্জন দিয়ে আবার সমস্যায় পড়তে পারে; গ্রেফতারের তলোয়ার ঝুলছে,fear
শেমবাদ পোরাগ সাঙ্গেল যার শিল্প,angry
"মারাঠির জন্য অপেক্ষা করার অধিকার তোমার নেই, প্রিয় ঘোড়া!",angry
'মূল্য দিয়ে শিবসেনা ভেঙেছে বিজেপি'; জয়ন্ত পটলের অভিযোগ,angry
"সরকার যাই করুক না কেন, কিছু মানুষ সন্তুষ্ট নয়! তার এমন নীতি!",angry
আইনজীবী আদালতে কাজ করেন না তাই এখানে প্র্যাকটিস করেন।,angry
নির্বাচনে হেরে গেলে দারা কোথায় গেল?,angry
"একটি ভয়ানক ট্র্যাজেডি, এবং বাকি মহারাষ্ট্র ভুগছে।",sad
"এটা সত্য, কিন্তু খুব কম লোকই এটা করে",neutral
সবকিছু উচ্চ কারণ ঘটছে,neutral
একটি একক দেশ বজায় রাখা যাবে না এবং বলা হয় নেপাল ভারতের সাথে মিশে যাবে।,neutral
অতিবৃষ্টিতে বিধ্বস্ত এক কৃষকের সন্তানের দুর্দশা হৃদয় ছুঁয়ে যায়,sad
নিজেকে গুলি করে আত্মহত্যা করলেন বিজেপি শহর সভাপতি...,sad
আপনাকে গুরুত্বপূর্ণ বিষয় ছাড়া সবকিছু দেখানো হয়েছে...,neutral
রাজনীতিবিদ যারা ক্ষমতার জন্য সবকিছু করতে পারে। তোমার পরিণতি হবে ভয়াবহ।,angry
পাত্রের সংগ্রহ সংগ্রহ করতে হয়েছিল অন্যথায় প্রতিটি দেখানো হবে। হামলার পর সন্তোষ বাঙ্গরের আক্রমণাত্মক প্রতিক্রিয়া।,angry
বাকি শেনিকানরা খুশি হবে না.. ভবিষ্যতে ঋতুজা লাটকেও শিন্দে গ্রুপে যোগ দেবে।,angry
কংগ্রেস এসেছে? তাহলে ছক্কিয়া নাচছেন কেন?,angry
লোকসত্তা একটি বিক্রয়যোগ্য সংবাদপত্র। গিরিশ কুবের মিথ্যাবাদী।,angry
মরে গেলে কবর দাও,angry
এটা বর্ণবাদী,angry
আমি মনে করি না বিজেপি এটা করবে কারণ রাজনীতি ধর্ম ও ঐতিহ্যকে ঘিরে,neutral
মুখে টর্চ ধরে 'ফাটলি রে ফাটলি দশ ফুট ফাটলি আইসক্রিম' ভাবলে এটাই হবে!,angry
শেমবাদ্যা মুখ্যমন্ত্রী যখন কাঁদতে কাঁদতে রাণের বিরুদ্ধে মামলা দায়ের করেছিলেন তখন কি এটি সাহায্য করেছিল?,angry
নির্বাচন কমিশন সরকারের পুতুল এবং নিরপেক্ষ সিদ্ধান্ত দেয় না।,angry
এখন বৃষ্টির কারণে খুব চিন্তায় আছি,neutral
আপনার ইগোর কারণে দলের নাম ও নির্বাচনী প্রতীক ধরে রাখতে পারেননি। আগে এটা নিয়ে ভাবুন।,angry
মুখপাত্র হলে কিছু বলতে হবে?,angry
অন্যরা কি বলবে যখন একজন বোন তার ছোট ভাইয়ের নাম এভাবে রাখে?,angry
"ধর্মনিরপেক্ষতা কুসংস্কার নয়, এটা বোকামি, আমি একজন কট্টর হিন্দু, আমি বিশ্বাস করি ভারত একটি হিন্দু জাতি।",happy
"কোন চিহ্ন নেই, বাক্সগুলি উঁচু, চিহ্ন রয়েছে এবং কোন কাজে লাগে না",angry
বাড়াবাড়ি কি?? এটা কোন ভিডিও?,angry
প্রথমত আপনি একজন বিশ্বাসঘাতক।,angry
এটা কোন পার্থক্য আছে বলে মনে হয় না,neutral
পদত্যাগ করুন এবং নির্বাচনের মুখোমুখি হন যাতে জনগণ তাদের যোগ্যতা দেখাতে পারে।,angry
আপনার এবং আপনার শিক্ষকের মধ্যে কোন পার্থক্য নেই,angry
শুধু হেরোইন নেওয়া হয়েছে এবং দেওয়া হয়েছে।,neutral
"চুড়ি ভাঙ্গো, বিধবার শোক করো, এখন সতী হও",angry
শুধু মনে আছে আতশবাজি দূষণ ঘটায়।,angry
"হে গোবর, তুমি যদি ধর্মান্ধতা জানত, তোমার এক অণু যোগ্যতাও থাকত না।",angry
এতক্ষণ চুপচাপ কেন? রহস্যময়?,fear
আভালাদ একা,angry
এটা একজন মারাঠি মানুষের অপমান এবং এটা একজন মারাঠি শিল্পীর জন্য সবচেয়ে বড় অপমান।,angry
"তারা কাঁদে না, তারা শুধু মাথা নত করে",angry
সেই টাকা দিয়ে অনেক বাড়ি কিনেছেন মোদী। তাই এটা অবশ্যই ঘষা হবে,angry
"ধর্ষণ হয় না, কিছু পুরুষ তাদের ক্ষুধা মেটাচ্ছে - অকেজো ঝুঁকি",angry
আর এই কলিযুগের ট্র্যাজেডি হল... শুধু ভালো মানুষেরই ভাগ্য খারাপ।,sad
মহারাষ্ট্রে কর্মসংস্থান আক্ষরিক অর্থেই প্রধানমন্ত্রীর হাতে শেষ হয়েছে।,angry
এই রাজ ঠাকরে কি বিনা পয়সায় আক্রমণ করছেন নাকি বিজেপির কাছ থেকে ফি নিচ্ছেন?,angry
"তাহলে আদালতকে বলবেন না, বলুন। এতে বিজেপি কেন দৌড়াচ্ছে?",angry
হিন্দুত্ব সরকার মানে কি এমন সরকার যে হিন্দুদের উপর অত্যাচার করবে?,angry
এই একক উল্লেখ কি স্যার?,angry
পদত্যাগের জন্য ঝামেলা পোহাতে আপনার মতো গোষ্ঠীর সংস্কৃতির কথা কি মনে পড়ে না?,angry
"মেট্রো সিটি ইত্যাদি নেই, সাধারণ বিবাদ, ভুল বোঝাবুঝি বা মারামারি দেখা যাবে মাত্র সাড়ে তিন জেলায়।",neutral
ডালডা আপনার জন্য পাঠানো হয়েছে এবং আপনাকে হত্যা করতে চায়।,angry
বিজয় দারদা শিশু,angry
বেচারাকে আর কত কষ্ট দিবেন?,sad
আপনার কাছে প্রমাণ থাকলে অভিযোগ করুন.. কিরিট সোমাইয়ার দরকার কেন?,angry
এটি অবশ্যই একটি লড়াইয়ের কারণ হবে,angry
"বাড়িটা যেহেতু বুধোয়ার পেঠে, যে ওখানে যাবে সেও দেখবে",angry
মন্দিরের বাইরে ভিক্ষা করার এত স্বাধীনতা...,angry
ধারণার যুদ্ধে কোনো অস্ত্র নেই। ---- গিরিশ কুবের,happy
একবার একজন অশিক্ষিত সবজি বিক্রেতাকে শিবসেনার নেতা বানিয়েছিলেন বালা সাহেব।,happy
"এর প্রভাব তাদের চোখের সামনে দৃশ্যমান ছিল, তাই তারা এই পশ্চাদপসরণ অভিযান শুরু করে",sad
"আত্মবিশ্বাস আর সাহস এখনো হারায়নি, আমরা যে বেকারত্বের কবলে পড়ছি সেটা ভিন্ন কথা।",happy
"যে দলে বালা সাহেবের চিন্তা নেই, সেই দল মশাল জ্বালিয়ে কী আলো দেবে?",angry
এটি তার একটি অংশ যা অন্ধ ভক্তদের অনেক হত্যা করবে।,angry
বিধায়কদের অযোগ্যতার মামলার আলাদা করে শুনানি হবে বলে কেউ কেউ বলছেন এটা কি সত্যি?,neutral
এটা অন্যায় কারণ এতে আরো সহানুভূতি পাওয়া নিশ্চিত..!,sad
"খারাডি, মুন্ডওয়া, হিঞ্জেওয়াড়ি, বিমান নগর সবই এই লোকদের কারণে জ্যাম হয়ে যায়।",angry
আপনাদের মতো বোকাদের কারণেই এখন পুলিশের চেয়ে সাংবাদিকদের গালি বেশি করছে মানুষ।,angry
কোমরে হাত দিয়ে ভঙ্গি করছেন কেন?,angry
"এর পর বারমতি উল্লেখ করতে থাকুন, পকেট সাংবাদিক সাহেব",angry
ডাঙ্গিলা জোম্বলকা ফড়নবিস নাম কেন?,angry
মানে নির্বাচন কমিশন কি নির্বোধ যে তারা মশাল নির্বাচনী প্রতীক দিয়েছে?,angry
কঠোর পরিশ্রমে জিতেছেন স্বর্ণপদক। এবং আপনি বিশ্বাসঘাতকতার মাধ্যমে ক্ষমতা অর্জন করেছেন।,angry
গর্তগুলি শুধুমাত্র জল সংগ্রহের জন্য তৈরি করা হয়। একটু ইতিবাচক হোন।,angry
আর সরকারকে বুদ্ধি দিন মারাঠাদের রিজার্ভেশন দেওয়ার...,angry
"সহানুভূতি এবং আত্ম-সিদ্ধির জন্য জীবন অতিবাহিত হয়েছে, এটি ভাল কি না",angry
"কিন্তু সেই দলের দুর্ভাগ্য যে, আপনাদের মতো মুক্তমনাদের আগমনে দলের নাম নষ্ট হয়ে যাচ্ছে।",angry
"মেয়ো কংগ্রেসম্যান মহারাষ্ট্রের স্বার্থের কথা বলে, ভবিষ্যত নগরসেবক এটা একটা বড় রসিকতা",angry
এই দাবি এমন অসুখী মানুষের,sad
কিন্তু এই বালি আমাদের (কট্টর হিন্দুদের) কাছে গ্রহণযোগ্য নয়!!,angry
জানার উপায় নেই,neutral
ছাত্রদের বিনিয়োগ করতে এবং আপনার দেশের ভবিষ্যত গড়ার দিকে কাজ করতে দ্বিধা করবেন না।,angry
টাকা পোস্ট ম্যাডামের মতো আপনি আপনার আত্মাকে অন্ধ ভক্তি আকারে বিক্রি করেন,angry
বিশ্বাসঘাতকদের এটাই হবে,angry
সত্যিই কি ফিরতি বৃষ্টি নাকি নদী নালায় জোয়ারের বৃষ্টি?,happy
"দেশ জুড়ে পিএফআই-এ ফের অভিযান, মহারাষ্ট্রের নান্দেড, সোলাপুরের সম্ভাজিনগর থেকে গ্রেপ্তার করা হয়েছে সন্দেহভাজনদের৷",neutral
কিন্তু কেন তাদের কাছ থেকে আশা,angry
"বিশ্বাসঘাতক, ঢাল-তরবারির চিহ্ন নিয়ে কি লাভ, সারাজীবন চাদরের আড়ালে লুকিয়ে থাকতে চাও।",angry
আপনি সাংবাদিক এটা আপনার ভ্রম।,angry
বাড্ডালা হলে বোকান্দি নিতেন?,angry
"এগুলি মনোযোগ দেওয়ার মতো যথেষ্ট গুরুত্বপূর্ণ নয়, তাদের কোনও মূল্য নেই।",angry
আমাদের ধন্যবাদ কিন্তু অগ্নিসংযোগকারীদের নয়,angry
এটা কি ভেঙ্গে গেছে...,angry
আপনার সরকার কি সেই একই জিনিস যার সাথে আপনি লুডু খেলেন?,angry
বিধায়কদের অযোগ্য ঘোষণার সিদ্ধান্ত কখন নেওয়া হবে? !,neutral
মানুষ MNS কে বিকল্প হিসেবে দেখছে।,neutral
"দেবেন্দ্র বিভ্রান্ত নন, তিনি স্পষ্ট...",angry
আন্তরিক শ্রদ্ধাঞ্জলি! ভেদিয়া পরিবার যেন এই ক্ষতি সহ্য করার শক্তি পায়...ওম শান্তি!,sad
"প্রতিবাদ হওয়া উচিত ইস্যু, আদর্শ ও ব্যক্তিকে কেন্দ্র করে। বিরোধীদের বিরোধিতা করা নিছক বোকামি",happy
যে তার দলকে ভালোভাবে পরিচালনা করতে পারে না এমন নেতা নির্বাচন কেন?,angry
পরিবেশ তৈরি হয়েছিল যেন বাপ্রে যুদ্ধে নেমেছে।,happy
কপি এবং পাস. তুমি কিছুই না,angry
টিকটা বাতিলের ফলে হিংসা যেমন কমেছে তেমনি দুর্নীতিও কমেছে নোটবন্দির কারণে।,angry
সাত লাখ টাকার মুরগির বিশৃঙ্খলা; পুলিশ করেছে...,neutral
"তোমার ট্রাইসাইকেল রিকশা উল্টে গেছে, তাই না?",angry
এতটুকু বুঝ থাকলে তারা শিক্ষায় এমন রাজনীতি আনতেন না।,angry
নাকি তারও আগে এই দেশদ্রোহীরা এভাবে মুখ থুবড়ে পড়বে।,angry
হয়তো এটা সবাইকে হত্যার ষড়যন্ত্র।,happy
জারজ বা পাবলোকে ব্লক করুন।,angry
"আরে, গোবর কি খায়?... চাটতে লাগলাম, কেন ব্যবস্থা নেওয়া হল তা বলেনি।",angry
ঘুষখোররা ইতিমধ্যেই বিপথে চলে গেছে...এখন শুধু জনসাধারণই তাদের দেখতে পাচ্ছে।,angry
আপনি কি কথা বলতে পারেন?,angry
কি হওয়া উচিত ছিল আপনার সাইবার আসল বংশ জানা যেত।,angry
"এনসিপিতে দুটি দল রয়েছে, তাই কোন্দল অব্যাহত রয়েছে ...",neutral
"তোমার মগজ তোমার হাঁটুতে, বন্ধু? ডিসেম্বর কে খেলে..",angry
দুই দিন এবং সব বিশ্বাসঘাতক বাইরে,angry
"দেখুন, আপনি বিদর্ভ নামতে চলেছেন..",fear
কিন্তু পওয়ার সাহেব রাজীব গান্ধীর সামনে মাথা নত করে এই সম্মান নষ্ট করেছেন।,angry
এর ফলে খুব শীঘ্রই দেশ থেকে বিলুপ্ত হয়ে যাবে বিজেপি।,angry
"এক ঘা, দুই টুকরার মতো কথা বলা সন্তোষ বাঙ্গারকে শিবসেনার খোলা চ্যালেঞ্জ!",angry
"বেঁচে থাকা কৃষকদের সাহায্য করুন, কৃষকের আত্মহত্যা বাড়ছে, মুখ্যমন্ত্রী",sad
এটি মানুষের দ্বারা তৈরি এবং এর মূল মানুষকে ভোগ করতে হয়। সেবকদের চাকরের মতো আচরণ করতে হবে।,angry
তাই চারটি চিরন্তন জাগরণ রয়েছে।,neutral
বিশ্বাসঘাতক উপাধি তোমার জন্মের সার্থকতা।,angry
কেন খাদ্যের জন্য শস্য ও গোবর খাবেন? আমি জিজ্ঞাসা করলাম কারণ আমি একজন ভক্ত,angry
শুধুমাত্র তাদেরই কথা বলতে হবে এবং অন্যরা যখন কথা বলার চেষ্টা করে তখনই তারা সেই ক্ষমতার দ্বারা ভয় পায়,angry
বালা সাহেব আসলে কে? তার পুরো নাম নেই কেন? কারণ ফিতুর এর মূল্য নেই।,angry
তাহলে আমাকে দেখান কেন আপনাকে এখানে কষ্ট করতে হবে এবং সেখানে মারাঠি বলতে হবে,angry
অর্থাৎ ফেকসত্তা লোকসত্তা দেশবিরোধী চিন্তায় ভরপুর।,angry
এখন কি অন্ধকার মহিলা বসবে? বাবা বসে নেই কেন? এই বাবা মানায় না? হেহেহেহে,angry
স্থানীয় পর্যায়ে ব্ল্যাকমেইলিং হয়েছে,angry
এই যে কারো কথা বলার নাম নেই!,neutral
মিউনিসিপ্যাল ​​কর্পোরেশন ঠিক করে না কতটা বৃষ্টি হবে - দেবেন্দ্র ফড়নবীস ক্ষমতার পাগল,angry
মুখ্যমন্ত্রী হওয়ার কথা বলেন না কেন??? নিজের উপর বিশ্বাস না থাকলে ভোট পাবেন না...,angry
ইনি হলেন সম্ভাজিনগরের ছঙ্গিয়ানো পকেটের সাংবাদিক,angry
কিছুক্ষণ পর ব্যথা শুরু হলে কাঁদবেন,angry
!! নাকি গণতন্ত্রের নাম বদলে বংশানুক্রমিক!,angry
তুমি কি চিৎপাবন ভাটিয়া? সংঘোট্যা বসে বসে ঘষছে,angry
ফিফা অনূর্ধ্ব-১৯ মহিলা বিশ্বকাপে ব্রাজিলের কাছে হেরেছে ভারত,sad
"মহারাষ্ট্রে খরা আছে, পুনের অবস্থা করুণ এবং তারা কিছু ভুল করছে",sad
"না, ওখানে মুখ দিলে এই যা হবে... আরেকবার মুখে মার...!!",angry
ষাঁড়কে এভাবে অপমান করা যায় না,angry
নির্বাচনে প্রতীক হিসেবে তলোয়ার ব্যবহার হবে কেন?,angry
শিক্ষার ব্যবসা শুরু করে সরকার জনগণের মৌলিক অধিকারে আঘাত করেছে।,angry
"দল চলে গেল, সরকার এল",neutral
ভুল,angry
"পাওয়ার যখন সখ্য কাকার ঘনিষ্ঠ হন, তখন ধনু মুন্ডে মুখ বন্ধ রাখেন।",angry
চুপ করে থাকো কেন?,angry
আপনার আসল নাম কি Aglaive?,angry
একটাই প্রশ্ন তুমি রাতে পালালে কেন???,angry
আনাজি পন্তের কাছেও ছিল বিশ্বাসঘাতকের ঢাল ও তলোয়ার।,angry
আর এটা তাদের সৈন্যদের ভ্রম যে তারা মহারাষ্ট্রকে সংস্কার করবে।,angry
"তারা যত বেশি মানুষকে আঘাত করে, তত বেশি তারা তাদের ঘৃণা করে",angry
কি ঘাড়। কাল দেখা করার সময় ছিল। সাজানো,angry
"সামগ্রিকভাবে, ভারতীয় বিচার বিভাগ তার সাহসিকতা এবং নিরপেক্ষতা ভুলে গেছে, তাই সাইডলাইনে বসে এই ধরনের সিদ্ধান্ত দেয়।",sad
আমার মনে হয় আপনি এর মূল্য জানেন...এখন আমরা আগামী সব নির্বাচনে এই ধরনের প্রেমপত্র দেখতে পাব...,angry
তারা ভোগ করে এবং সাধারণ মানুষ প্রাণ হারায়।,sad
বিশ্বাসঘাতকতা করেই তুমি মানুষ হও।,angry
ভক্ত ও বিশ্বাসঘাতকদের আস্তানায় গোবর ছড়িয়ে দাও...,angry
একবারের জন্য স্বীকার করুন যে মশাল জ্বলছে,angry
আরে হাই $দখান যেটিকে সন্ত্রাসী সংগঠন হিসেবে মোকাবেলা করা হচ্ছে... আপনি আপনার সাধারণ জ্ঞান বন্ধক রেখেছেন...,angry
এটা নিশ্চিত যে সব জায়গা থেকে মানুষ জড়ো হয়েছে।,sad
এরা পিঁপড়া,neutral
নানা... এখনও নাট সম্রাটের ভূমিকা থেকে বেরিয়ে আসেননি।,sad
ইউনিফর্মের এই মজা কেড়ে নেওয়া উচিত।,angry
শরদ পাওয়ার নিচু প্রকৃতির.. নপুংসকরা সোনিয়া গান্ধীর সামনে মাথা নত:- প্রয়াত বালা সাহেব,angry
এই ধনুককে বলা হয় ঘর ভেদী,angry
: বিজেপি এবং তার বর্তমান নেতারা নপুংসক কারণ...; 'সামনা' নিয়ে হামলা,angry
"আরে রাজ ঠাকরে, তোমার এই তোতাকে শান্ত কর।",angry
"দাদা আসছেন, তার বাড়ির মহিলারা দাড়িভক্ত, তাই না?",angry
"ভারত হারেনি, জিতেছে ইংল্যান্ড",neutral
দায়িত্ব নিতে কেউ এগিয়ে আসে না...,sad
"বালা সাহেবের গাড়িচালক প্রকাশ জানিয়েছেন, সঞ্জয় রাউত জেলে গিয়েছেন।",angry
তাদের অবশ্যই মারধর করা হবে। কিন্তু কেন কিছু লোক এটি সম্পর্কে কথা বলছে না?,angry
তার সাথে কথা বলার সাহস কি এখন আছে? আপনার নিঃশ্বাসের নিচ থেকে ধোঁয়া বের হবে।,angry
কাকে বলবেন? এক সময় এ দল ছিল শিক্ষিতদের।,sad
...তাহলে কাউকে জিজ্ঞেস করবে না! পরমাণু হুমকির বিষয়ে পুতিনকে ব্রিফ করেন বাইডেন,angry
আপনি একটি বাক্সের জন্য শিন্দে গ্রুপে গিয়েছিলেন..,angry
এখন কে দাঁড়াবে? আপনি বিশ্বাসঘাতকতা করেছেন এমন কাউকে,angry
MNSও একটা মায়া,sad
আপনি এটা মূল্য!,angry
কেন প্রার্থিতা প্রত্যাহার করলেন?,fear
"ভোডাফোন আইডিয়া গ্রাহকদের নেটওয়ার্ক সংক্রান্ত সমস্যায় পড়তে পারেন, 'এই' কারণ!",neutral
এখন আপনার বস ঘরে লুকিয়ে থাকলে আপনি কী করবেন?,sad
"জনসাধারণের কাছ থেকে সেই দানবদের বাছাই করার আগে, পিছনের দরজায় লুকোবেন না",angry
এই পান্ডিয়ার এত দাম কেন?,happy
ফৌদা সরকার যে প্রকল্প চালু করেছিল তা ছিল শুধুমাত্র সরকারি ভর্তুকি লুট করার জন্য,angry
এটা শুধু ক্ষমতার মজা,angry
অসহায়দের আত্মসম্মান নিয়ে কথা বলা উচিত নয়..আর যদি তারা করে তবে তা অসহায়দের অপমান।,angry
"যেখানে সঞ্জয় রাঠোড়কে ভাই বানিয়ে ভগবানকে ভয় পাননি, সেখানে লোকে কী জিজ্ঞেস করেন?",angry
সঠিক! মাঝে মাঝে মনে হয় বিচার বিভাগ বেঁচে আছে,happy
বৃটিশরা কীভাবে ভারতীয়দের ক্রীতদাস করে রেখেছিল এটি তার একটি উদাহরণ,sad
এই মুহূর্তে যে নির্বাচন হচ্ছে তা লজ্জাজনক,angry
আপনার ধার্মিকতা এবং সততা সবসময় সদ্ব্যবহার করা হয়.,sad
"সত্য, কখনও কখনও মনে হয় যে ভারতের সমস্ত রাজনীতিবিদই বদমাশ।",angry
"গ্রাহকদের জন্য বড় ধাক্কা, এই নিয়ম বদল করল ব্যাঙ্ক, এটা পড়লে ঘামতে হবে...",fear
দেশমুখ পাওয়ার দল ক্ষমতা ও অর্থের জন্য সব জায়গায় যাবে সমর্থনের জন্য,angry
"আপনি যখন দায়িত্বশীল পদে ছিলেন তখন ফেসবুক লাইভ করতেন, কিন্তু এখন আপনার চাকরি নেই, তাহলে আপনি ক্ষেত্র চান কেন...?",angry
ব্যবস্থা নিতে হবে কারণ এটি আদালতের শতাংশ,angry
রোহিত দাদা মনে করেন তিনি জানেন অজিত দাদা কত বাক্স পেয়েছেন।,angry
এটি বেশিরভাগ জ্বলন্ত কয়লা খেয়ে ফেলবে..,angry
মনে হয় ভুজবলের মতো ব্যক্তিকে 'শিব'ই যে সত্য তা জানতে আরেকজন জন্ম নিতে হবে।,angry
"আরে মানুষ, জিহাদ মানে কেন?",angry
"স্যার, দাঁড়াও, এই মুহূর্তে ছন্দটা খারাপ লাগছে",sad
"আজও কোথাও থেকে শুনেছি, লাফিয়ে উঠলাম কেন?",angry
যুক্তির উপর দোষারোপ করার কথা মনে রাখবেন না।,neutral
"রমিজ রাজার ভারতকে হুমকি দেওয়ার ভিডিও ভাইরাল, কী বললেন দেখুন...",angry
এটি আপনার বোধগম্যতার বাইরে তাই বেশি ভাববেন না।,angry
মহাবিস্ফোরণ ঘটেছে পুনেতেও,neutral
এটা খুব বেশী মনে হচ্ছে. এ ধরনের বক্তব্য দিয়ে তারা নিজেদের ক্ষতি করে,angry
কেন আপনি এটা দেখিয়ে নির্যাতন করবেন...??,angry
এমন হল যে সে গিয়ে পড়ে গেল,angry
সুমিত রাঘবনের মালিককে কাঁটা দিয়ে মারধর করা হয়। তারা এটা পছন্দ করে না,angry
"বাচ্চু কাদু, বাঙ্গার, সাওয়ান্ত, সুরভে, সারাভাঙ্করের দুষ্টুমি বাড়ছে। কেন এই হিন্দুত্ব?",angry
"| আরিয়ান খানের তদন্তে অনেক ভুল, কর্মকর্তাদের বিরুদ্ধে ব্যবস্থা নেওয়া হবে",angry
ভাটখালকারের মতো এমন অভদ্র রাস্তার অর্চিন দেখিনি।,angry
জাফরান রঙের নামে সবচেয়ে বেশি বিষ বিক্রি হচ্ছে...,angry
ঘরের কাজ শুরু করলে বুঝবে? আপনি কি সাধারণ জ্ঞান হারাতে চান?,angry
আমরা কি এই চুলাকে সিরিয়াসলি নিতে পাগল? কুত্তা তুমি জারজ,angry
"বাবা আর মানুষ একসাথে যতই ষড়যন্ত্র করুক না কেন, তারা অবশ্যই ধ্বংসের মুখে পড়বে...!!!!!!",angry
পুনের ভাস্কররা সমুদ্র এনে দেখিয়ে দিল পুনেতে সমুদ্র নেই।,happy
কমলাবাইয়ের সংস্কৃতি হলো নারীর কাঁধে বন্দুক রাখা,angry
এটি ভারতের উন্নতির জন্য পাকিস্তানের দেওয়া পরামর্শের মতো,angry
এটা কি একজন মানুষ কথা বলছে?,angry
"মা তো ""মা""!! অন্যদের কাছে নেই...!! বাকি সবাই কুটিল...!!",happy
এটা কয়েক দিনের মধ্যে পাগল হয়ে যায়,sad
বিশ্বাসঘাতকরা আরও নিচে তলিয়ে যাবে। পদত্যাগ গৃহীত না হওয়া পর্যন্ত কিছুই সত্য নয়,angry
"মুম্বাইয়ে ডেমোক্র্যাট আন্নাভাউ সাথে থিয়েটারের কাজ বন্ধ, মুখ্যমন্ত্রীকে পদালকারের চিঠি; বলেছেন, 'বহুজনের স্বার্থের কথা ভেবে...'",sad
এই সরকার খুবই নিম্ন পর্যায়ে পৌঁছে যাচ্ছে।,angry
আমি চাকরি চাই কিন্তু মোদি শেঠ দিচ্ছে না।,sad
"মাঝা শিবসেনা নেতাদের পায়ে মাথা নত করেছে, এমনকি বাসনপত্রও ধুয়েছে কিন্তু কাজ চলতেই থাকে...",sad
আমি ব্লক করেছি তাই বুঝতে পারছি না,sad
"এটা সাঁই রিসোর্ট থেকে নয়, পরব সাহেব, তাহলে তান্ডব করছেন কেন?",angry
সংস্কৃতি আর তুমি... পন্ধরপুরের সময় তোমার সংস্কৃতি কোথায় গেল?,angry
কে বলেছে উলহাস বাপট একজন আইন বিশেষজ্ঞ...! এইটা চিবো..!,angry
"আরে, আগামীকাল সরকারের পতন হবে আর আপনি মন্ত্রীর পদ নিয়ে বসে আছেন। হ্যালো ভাই",angry
সালভে ও সদাবর্ত বিবাহের জট (খেলা) খান্ডোবা দর্শন,neutral
তাদের জন্য সরকার শূন্য,angry
তার সাথে এমন করো না... সে খুব বেশি,angry
জাটাল স্যারের পুনরাবৃত্তি করতে চান? বিক্রেতার কাছ থেকে প্রত্যাশা ছেড়ে দিন,angry
সবাই তোমার সাথে আজেবাজে কথা বলছে। কেমন লাগছে?,sad
তাড়া খেয়ে পানভেলের নাকে কেন পড়ল?,angry
পুলিশ গ্যাংস্টার গজানন মার্নের বিরুদ্ধে মামলা করেছে।,neutral
এসব জেলা সংখ্যালঘু অধ্যুষিত। এই খবর পড়লাম। এটা ভয়ানক খবর,sad
মুখে আঘাত করার কি দরকার ছিল?,angry
এটা শ্রীলঙ্কার জন্য দুঃখজনক ঘটনা,sad
কেউ কেউ খ্যাতির জন্য যে কোনো সীমা পর্যন্ত চলে যান। এটি মানসিক ব্যাধির লক্ষণ,angry
আন্ধেরিতে বিজেপি হেরে যাওয়ায় আর কোনো নির্বাচন হবে না,angry
কমিশন বোর্ড কি আপনার দলের পুতুল???,angry
সবাই দুর্নীতিবাজ।,angry
ফাত্তু... হারাতে বসেছে... ক্ষুধার জ্বালায় কাঁদছে আর... পিছু হটছে,angry
"তুমি যহনুমানের লেজে আগুন দিয়েছ, এখন তোমার সোনার লঙ্কা পুড়ে যাবে।",angry
কিন্তু কোনো রিজার্ভেশন থাকবে না।,sad
"তিনি কি সাংবাদিক, দলের মুখপাত্র?",neutral
কেক প্রেমীরা বারবার প্রমাণ করে যে এনসিপির জন্মের পর থেকে জাতপাত বেড়েছে।,angry
"দত্তোবা, তোমার অর্থনীতির জ্ঞানে আলো ফেলো না কেন, অন্ধকার একটু বেড়েছে",angry
আপনি কি আজকের জন্য এই বাক্য রাখতে পারেন?,neutral
তাহলে কি ঘুমিয়েছিলেন? প্রায় মহারাষ্ট্রে,angry
এই কথা বলতে লজ্জা পাচ্ছেন?,angry
কি লজ্জা। কিছু সীমাবদ্ধতা,angry
আমার আবেগের বাজার তুমি কিভাবে ভরেছ কে জানে?,angry
একথা শুনে মহিষ তোমাকে 'মন থেকে' ক্ষমা করবে না তাত্য!!,angry
"মুখ্যমন্ত্রীর পদের অপমান: মুখ্যমন্ত্রীর ছেলে বলেছেন, এই চেয়ার আমাদের বাড়ির",angry
"কেন, বিশ্বাসঘাতক... পদত্যাগ করার শক্তি আমার নেই।",angry
"এতে কোনো পার্থক্য হবে না, না হলে মারাঠি মানুষ আরও মশাল দিয়ে জ্বলবে।",happy
স্পেনের দেওয়া সমস্যা ভারতীয় খেলোয়াড়দের সমস্যা বাড়িয়ে দিয়েছে।,sad
মুতারিয়া কি তার বাবা-মা ভাস্করের লালা চুষতে শুরু করেছিল?,angry
আলাদা করে আটকে আছে দীপাবলির কাজ। কেউ বাইরে যাচ্ছে না,sad
মনে হচ্ছে মার ছাড়া এই মানুষগুলোর উন্নতি হবে না।,angry
ভারতে দায়িত্ব পালন করতে গিয়ে শহীদ হওয়া শহীদদের প্রতি লাখো শ্রদ্ধা...,happy
এটা একটা ফুচকা বাদাম ভাই,angry
নির্বাচনে হেরে যাওয়ার ভয়ে বিজেপি এই কাজ করছে,fear
নীল কলা ঠিক আছে কিন্তু মুখ কালো করেছ কেন?,angry
জনগণ আর নির্বাচন কমিশনের ওপর আস্থা রাখে না,sad
তারা কি মিথ্যা কথা বলে কিছু অনুভব করে না?,angry
হীন মানুষ একটাই ভাষা বোঝে! সে নিশ্চয়ই এখন গুজরাটি বলছে...,angry
হ্যাঁ..কিন্তু গ্রামাঞ্চলে সেই আবেদনের উপর আর কোন ব্যবস্থা নেওয়া হয় না,neutral
অন্য হাতে কি আছে? আর বেঁচে থাকতে কখনো সাপোর্ট দেখেনি!,angry
এই লোকটিও বিভ্রান্ত...,neutral
"""নানা পাটোলে দেবেন্দ্র ফড়নবীস...""; নানা পাটোলের সমালোচনা চন্দ্রশেখর বাবনকুলের",angry
"তিনি দেশে একটাই কর্মসূচী চালাচ্ছেন, ধর্ম বানান আর মানুষ করুন।",angry
"আপনি যদি অন্যদের থেকে বেশি কিছু করতে ইচ্ছুক না হন, তাহলে প্রথম থেকে ধনী হওয়া আপনার পক্ষে খুব কঠিন হবে।",neutral
বাড়িতে চেষ্টা করে... দিনের বেলায় দুই চোখের দৃষ্টিশক্তি হারিয়ে ফেলেছিল,sad
"দেখা যাক, আন্ধেরি পূর্বের ভোটাররা এবারের নির্বাচনে বিজেপির দিকে যাচ্ছেন।",happy
এভাবেই আপনি এবং অন্য সবাই পরিচিত,neutral
এখন এমন হবে.. ক্রিমি খাবার খেতে চেয়েছিল কিন্তু কিছুই পাবে না..,angry
মহারাষ্ট্রে খরা ঘোষণা করুন নইলে বলিরাজা ক্ষমা করবেন না,fear
বিজেপিকে ভোট দেওয়ার চেয়ে ভিক্ষা করা ভালো.. আপনার বাবা কি পুনের গর্ত পূরণ করতে আসবেন?,angry
আপনি যা লিখেছেন তা অর্ধেক অজ্ঞ ভক্ত হয়তো বুঝতে পারেনি...,angry
"আমি আশ্চর্য হই কেন সব নেতারা ""গণতন্ত্র, সংবিধান"" মনে রাখেন...",angry
"জীবনের যাত্রায় অনেক মানুষের সাথে দেখা হয়, যারা সাপোর্ট করে তারা কম আর যারা আমাদের ছেড়ে চলে যায় তারা বেশি।",sad
"টুইটের যুক্তি কী, এটা এমনই অকেজো যুক্তি যে আপনি না হেসেও পারবেন না।",angry
"গঙ্গাধর রাও বিশ্বের এক নম্বর উদ্ভাবক, রাও কী দুর্দান্ত উদাহরণ স্থাপন করেছেন।",angry
প্রচণ্ড শক্তিসম্পন্ন মহিলাটি ভয় পেয়ে গেল...এখানেই তোমার শক্তি প্রকাশ পেয়েছে।,angry
সাহেব পালিয়ে গেলে কি দেখলেন?,angry
রক্তের কালোবাজারি এখন এভাবেই খোলা।,angry
"এটা কঠিন, বাবা",neutral
বাকিরা অসহায়,sad
"দুর্যোধনও ভগবান শ্রীকৃষ্ণের সঙ্গে দেখা করলেন, রে বাবা",happy
আক্রান্ত তখন ভন্ড ছিল এবং এখনও আছে..কিছুই বদলায়নি,angry
"ব্ল্যাকবোর্ড: এটাকে শিখ দাঙ্গা বলবেন না, এটা একটা গণহত্যা ছিল",angry
"তেল বেরিয়েছে, ঘি চলে গেছে..! হাতে এল কুমড়োর বীজ..!",angry
চোরাশিকারিদের কারণে দাম বেড়েছে..আর ভক্তরা মাটন কিনতে পারছে না।,angry
ভীমছো সে নানা ও তু দানা আখড়া ও প্রচার।,neutral
দেশদ্রোহীরা পরিশ্রম করলেও কোনো লাভ হবে না। জনগণ তাদের ঘরে বসিয়ে দেবে,angry
শিবরাইয়ের ঢাল তলোয়ার যে হিংস্র মশালের চেয়ে বেশি শক্তিশালী তা উথাসেন বুঝবে না।,happy
অন্য লোকের ব্যক্তিগত জীবনে অনুপ্রাণিত করা একটি ভাল লক্ষণ নয়,angry
এটি একটি বাসি বক্তব্য এবং মাতা এটিকে খুব বেশি কষ্ট দিচ্ছে।,angry
মানুষটা ছোট স্যার.. সবাই এক রকম হয় না..,sad
"ভয়াবহ দুর্ঘটনা ঘটেছে নান্দেদে, ট্রেনটি বিদ্যুতায়নের কাজ থেকে ফিরছিল।",sad
ওই দলের নেতারা বিভ্রান্ত দেখাচ্ছে।,angry
ফাদার লেক ছাড়া শিবসেনায় কে বাকি আছে...!!!,angry
তোমার লজ্জা করে না?,angry
কয়েক বছর ধরে ভিক্ষুক হয়ে বসে ছিল। দেশ মানে আপনার সম্পত্তি।,angry
"যেখানে বিজেপি আছে, সেখানে ভাটোলে নিশ্চিত।",angry
"এটা সত্যি, এতে লজ্জার কিছু নেই",angry
মানুষ জানে তুমি কাগজের বাঘ।,angry
"আপনি যতই বিষণ্নতা ছড়ানোর চেষ্টা করুন না কেন, তাতে কোনো লাভ হবে না।",neutral
কংগ্রেস অশিক্ষিত নয়।,neutral
এমনকি আপনার কর্তারা একজন মুখ্যমন্ত্রীকে প্ররোচিত করেছেন,angry
গতকাল পর্যন্ত এই সংবেদনশীলতা কোথায় ছিল?,angry
"শিন্দে গোষ্ঠীর প্রথম পুতুল, এখন বিজেপি নেতাদেরও সংক্রমণ এসেছে।",angry
ভারতে এই ধরনের প্যাটার্ন কিভাবে অস্তিত্বে এলো...,angry
"ওই পাত্র চালিতে বসবাসকারীদের জিজ্ঞেস করুন, তাদেরও মা আছে।",angry
একজন সম্পাদক আছেন এবং এই প্রশ্নটি উদ্বেগের বিষয়...,angry
আপনি যে এমএলএ হবেন না তা লিখে রাখুন,angry
এই সদস্য লেবার আর্মির সাধারণ সভাপতি হতে পারেন না।,angry
"আরে অপদার্থ মানুষ, কারো মৃত্যুর খবরেও ক্লিকবেট ব্যবহার করা হয়, কিভাবে এই পাপের মাশুল হবে।",angry
"হ্যাঁ, ফাসনাভিস পরাজয় পছন্দ করেন না, তাই তিনি লুকিয়ে নির্বাচন থেকে পালানোর চেষ্টা করছেন।",angry
"কিন্তু আমি বলি, যার প্রার্থীও নেই তার জন্য এত চুলকাচ্ছে কেন?",angry
বিধায়কদের কাজ করতে বলুন...অন্যথায় আসন্ন নির্বাচনে তারা বিধায়কদের সঙ্গে দেখাও করবে না।,angry
যার কাছ থেকে আড়াই বছর ধরে প্যাকেট নেন। এখন সময় এসেছে তাদের বিরুদ্ধে লেখার... কঠিন..!,sad
পাওয়ার সাহেবের কাছ থেকে সবচেয়ে বেশি ক্ষতি হয়েছে লালপারি ও তার কর্মচারীদের।,sad
"মানুষ নয়, মনের লজ্জা লাগে, আপনি কট্টর বিশ্বাসঘাতক।",angry
এটি বেন কিছুই ঠিক করবে না,angry
অভ্যন্তরীণ মর্যাদা বিজেপি সভাপতি হওয়ার জন্য যথেষ্ট ছিল কিন্তু তাকে কুকুরে পরিণত করা হয়েছিল।,angry
কুকুর গতি এবং আত্মার অগ্রগতি সহ্য করে না ...,angry
কংগ্রেসে এমন বুদ্ধিজীবী থাকলে ভারত কংগ্রেস মুক্ত থাকবে।,angry
"ভাই, MCA-এর কোষাগারও এখন লুট হবে।",angry
তাকে দেশের বিনোদনমন্ত্রী করা উচিত।... এমন একজন ব্যক্তি দেশের অর্থমন্ত্রী হওয়াটা দেশের জন্য দুর্ভাগ্যজনক!,angry
"বালা সাহেবকে গ্রেপ্তার করেছিল বহুগুণী, তাই না?",happy
ভাগ্য ভালো কিন্তু আমি ভিতরে পুড়ে যাচ্ছি,angry
এটা রাজনীতিবিদদের পরিবর্তে মিডিয়ার লোকদের অর্থপ্রদান করে,angry
"সম্পত্তি, উত্তরাধিকারের জন্য লড়াইয়ে অগ্নি দিলা আর সমস্যা নয়...",angry
এটা রাখির অপমান।,angry
এটা আসলেই একটা ভ্রম যে আপনি একজন রাজনৈতিক নেতা,angry
আপনি কি যোগ্যতা অর্জন করতে সক্ষম?,angry
"আরে, বারামতীর পায়ের পাতা চাটতে কত লাগে?",angry
"দেখুন কে বলছে, কে কাকে হয়রানি করছে সবাই জানে।",angry
"ভগবানকে দেখে খুশি মনে বাড়ি ফিরছিলাম, কিন্তু পথে… কর্ণাটকে একটা ভয়ানক দুর্ঘটনা ঘটে গেল।",sad
"সর্বোপরি, তিনি বংশের রাজনীতির সমর্থক, এই বিষয়টি তার মাথায় আসে কীভাবে?",angry
আমরা বিশ্বাসঘাতকদের হারাতে বলবো... একজন লা একনাথ নিজেই হারতে যাচ্ছেন।,angry
তদন্ত সম্পূর্ণ হওয়া উচিত...নায়াতার কয়ের প্রতি বিশ্বাস দিন দিন কমে যাচ্ছে,angry
উপযুক্ত উপমা... এটা ঘৃণ্য. অর্থ দেখুন..,angry
বিদ্রোহী হতে হলে কষ্ট সহ্য করতে হবে..! এটা কি?,angry
পরাজয় আসন্ন মনে হচ্ছে,sad
"কথিত আছে, তার আমলে অনেকেই ক্ষুব্ধ ছিলেন।",angry
"স্যার, আপনি আদিত্যের ধারে কাছেও নেই। আদিত্য মহারাষ্ট্রের ভবিষ্যৎ।",angry
তাহলে কি তাদেরও আত্মসমর্পণ করা উচিত?,angry
টাইগার শব্দটা রাজ ঠাকরেকে মানায় না,angry
"তিনি জানেন কিভাবে নিতে হয়, কিভাবে দিতে হয় না।",angry
"আপনার বিষয় ছিল শুধুমাত্র গুজরাটি প্রেম, আপনার এটিতে মাথা দেওয়ার দরকার নেই",angry
আপনি কি এমন কাউকে বই উপহার দেন যে বইয়ের প্রশংসা করে না?,angry
আপনি এই ধরনের ফালতু কৌতুক করে নিজের মূল্য কম করছেন,angry
এত বড় নেতা আছেন কিন্তু এবারের নির্বাচন মার্কায় নেই,angry
একটি গর্ত আছে? ইঁদুর বিল পরিশোধ করেছে,angry
"বিলম্বের জন্য নির্বাচন কমিশনকে দায়ী করার কাজ চলছে: দেবেন্দ্র ফড়নবীস, উপমুখ্যমন্ত্রী",angry
সব ভক্ত ইয়েদে নয় কিন্তু এখানে ওখানে কিছু আছে,angry
আমরা কি সে অন্য কারো সাথে পালিয়ে গেছে,sad
আমি গত বছর এই ধরনের নিদর্শন ব্লক. এই দিওয়ালি আমার জন্য সত্যিই শুভ হবে।,happy
"সাবধান বাপু, সাত্তার ও শিরসাত। শিবসাইনীর প্রেম দেখুন, এখন সুরের জন্য প্রস্তুত হন।",angry
ফেসবুকের পলিসি টিম ভারত বিরোধী এবং হিন্দু বিরোধী দল,angry
গণতন্ত্রের নেতারা এই অনুমানে কাজ করে যে সমস্ত সাধারণ মানুষ নির্বোধ।,angry
"কেন শুধু বাকি সব দলের নেতাদের তদন্ত করা হয়, বিজেপিতে কেউ দুর্নীতিবাজ নেই?",angry
তাদের সবাইকে পাকিস্তানে পাঠিয়ে দিন… পুনেতে এমন ঘটনা ঘটছে এটা খুবই খারাপ।,angry
"পৌরসভা থেকে সংসদ, আন্না ছিলে তুমি। তাহলে, আপনি গত বছর কি করেছেন?",angry
"সাহেবের এমন ছবি পোস্ট করবেন না, ওকরি মনে হচ্ছে।",angry
ফড়নবীস কিছু বেলচাদের শান্তিতে ঘুমাতে দেবেন না,angry
ধনুকের মধ্যে কোন তীর নেই এবং তীরের কোন প্রান্ত নেই,angry
তাই এ বছর বিশ্বে মন্দা সৃষ্টিকারী এই কুকুরছানাটিকে ছেড়ে দিয়েছে আমেরিকার মানুষ।,angry
গম্ভীর হওয়া এবং হাসতে কষ্ট হয়,sad
"স্যার, আপনি দেশের সেবা করেছেন বলে জেলে যাননি, গরীবের টাকা খেয়েছেন।",angry
ভোসারী জিজ্ঞেস করল না কেন?,angry
রাহুল জি গান্ধীজির কাছে উত্তর চাইতেন,angry
তিনি নিজেই লাঠি হাতে নিয়ে দেশদ্রোহীর মুখে মারতে রওয়ানা হলেন।,angry
তিনি নির্বোধ শিরোমণি ভাটখলকারের সংবাদ স্টিং দ্বারা প্রভাবিত। সাংবাদিকরা কখন এলো...!,angry
"আমাদের স্যার জানুয়ারি থেকে জুন পর্যন্ত মুখ্যমন্ত্রী ছিলেন, তাহলে আত্মহত্যার ঘটনা ঘটল কীভাবে?",angry
এটা রাজ ঠাকরে এবং জনতা রাজাকে বলুন। তারা বিজেপিকে অনুসরণ করছে।,angry
শিন্ডে গোষ্ঠীর সাথে কথা বললে বিজেপি কেন রেগে যায়?,angry
"দীঘে সাহেবের আসল বোন শিন্দে সাহেবের সাথে আছে, কি বলেন?",neutral
"মোদীকে কামড়াতে কম পড়বেন না, এতটুকুই।",angry
যে চম্পার রাজস্ব মন্ত্রী হওয়ার স্বপ্ন দেখছিলেন তার মুখে গোবর ছুঁড়ে দিলেন ফড়নবীস।,angry
এটা খুবই বিরক্তিকর টাইপ.. আজ পর্যন্ত কোন রাজনৈতিক দল এমন অপমান করেনি..,angry
তোমার এত জ্বালা কেন?,angry
শিন্ডে হেসে বললেন যে তিনি নিখুঁত খেলা খেলেছেন...,happy
"অজিতদাদা শীঘ্রই এই সময়টি আপনার সুন্দরী উপপত্নীর কাছে নিয়ে আসবেন, লিখে রাখুন।",angry
তিনটি নেপালি মুরগি কেটে দেখুন ফল ভালো হয় কিনা।,angry
বিশ্বাসঘাতকদের পরাজিত করতে হবে। কথাটা চুরি করেছে শিবসেনা।,angry
গুন্ডাদের সাথে রেলের খারাপ আচরণ... কম ট্রেন এবং অনিয়মিত সময়সূচী,angry
আপনার নেতারাই জিজ্ঞাসা করছেন ঠাকরের এত সম্পদ কোথা থেকে এসেছে?,angry
পুনেতে অক্টোবর তাপের প্রতি আন্তরিক শ্রদ্ধাঞ্জলি,neutral
আপনি সফল হতে পারে! পুলিশ চড়া দামে টিকিট বিক্রি করেছে। সেখানে শুরু করুন।,angry
যদি তাই হয়ে থাকে তাহলে আয়োজকদের ক্ষমা চাওয়া উচিত।,angry
"তখন তো বেশির ভাগ ন্যাপীর কাজ সাহেবই করতেন, তার বয়স কি একটু কম?",angry
কিন্তু মহারাষ্ট্রের উন্নতির জন্য তিনি কী করবেন?,angry
আম্বেদকর হলেন একজন সাধারণ মানুষ যিনি শিরোনামে থাকার জন্য যেকোনো কিছু করেন।,angry
এই সমীকরণ এবং আইনি রাজনীতি খুবই জটিল ও জটিল।,neutral
দিওয়ালি বোনাস পাননি বুদ্ধের দেউলিয়া ভক্তরা,angry
"তাই দুই মুখের ভদ্রমহিলা, তিনি অবিলম্বে পরিবর্তন হবে.",angry
সামনে ভয়ঙ্কর পরাজয়। এখন দেখা যাক তিনি বিজেপির প্রার্থী নাকি দেশদ্রোহী সেনা।,sad
আপনার স্যার যা করেছেন তা না করলে এই সময় আসত না...,angry
স্বাধীনতার জন্য কতটুকু অবদান রেখেছেন,angry
আপনি সেখানেও কিছু পাবেন না...কারণ ক্ষমতা,angry
"ফড়নবীসও ঘামতে শুরু করলেন, সুস্থ হলেন",angry
চাপ যদি নিয়ন্ত্রণ না হয় তাহলে এত খাওয়া কেন?,angry
এটি একটি সাধারণ ভুল ধারণা যে ইসি একটি স্বায়ত্তশাসিত সংস্থা।,angry
"যেহেতু এই কুকুরটিকে বেতন এবং পেনশন দিতে হবে না, এটি অগ্নিরোধী হবে না, এটি স্থায়ী হবে... পাঠান",angry
আপনি বাড়িতে দোলনা সরান না কেন?,angry
শিন্ডে-বিজেপি একটি আসনও জিতবে না... এটাকে কি শুরু বলা যায়?,angry
আপনি কি সাংবাদিক? সাংবাদিকরা পক্ষপাতদুষ্ট নয়,angry
গত বছর দেশ যা করেছে তা বিক্রি করেই আপনার মোদি বেঁচে আছেন।,angry
লটকে বাইয়ের প্রচার সভায় মামু বলবেন...মনে রেখো...আমাদের বালা সাহেবের শিবসেনাকে হারাতে হবে...,angry
এটা বিশ্বাসঘাতকদের শোভা পায় না,angry
"দীপাবলির আগে গ্রাহকদের ধাক্কা; সোনা-সোয়াচ্যার দাম আজ বদল, তাৎক্ষণিক তপস্যা",neutral
আপনি কি হুমকি দিচ্ছেন?,angry
"এই জাতটা ঐসব বিশ্বাসঘাতকদের ফসল, এইজন্যই ঘেউ ঘেউ করছে।",angry
এখন এই গোবর গুণ্ডারা এমন অবস্থা বজায় রাখতে শুরু করেছে... এটা আমরা কিভাবে সহ্য করব?,angry
গ্রেপ্তারও করা হয়েছে,happy
দেশ বিক্রি করে পরবর্তী করণীয় ঠিক করার চেষ্টা চলছে।,angry
নিঃসন্দেহে এটি আমাদের স্ত্রী ছিল। আপনি ঝুলন্ত চ্যানেলের এলাকা থেকে পালিয়ে গেছেন,angry
"তার ডিগ্রীও জাল, ভোসলে উপাধিও জাল।",angry
যে সরকার যুবসমাজের স্বপ্ন পূরণে ব্যর্থ হয় তার ক্ষমতায় থাকার অধিকার নেই।,angry
আপনি কি বিশ্বাস করেন যে উদ্ধব এই ফ্রন্টে ব্যর্থ হয়েছেন?,angry
ভাস্কর যাদবকে তার নিজের কর্মীরা পাথর ছুড়ে মারে - সূত্র,neutral
আল্লাহ দেড় বিজ্ঞ!!!,angry
ইন্টারভিউ দেওয়ার সময় আপনি কি ঘুমিয়ে ছিলেন?,angry
এটা আমাদের জন্য একটি কঠিন যন্ত্রণা,sad
এই জারজ সবাইকে চেক করেছে!,angry
"আপনি এখনও নিত্য রানেকে, যিনি সাভারকরকে গালাগালি করেছিলেন, আপনার দল হিসাবে বিবেচনা করছেন।",angry
এটি একটি জোট যা সম্পূর্ণরূপে বালা সাহেবের চিন্তা ও নীতির বিরুদ্ধে।,sad
"আচ্ছা, তারা ছিল না... তারা কখন অভিযোগ করতে শুরু করবে যে সুপ্রিম কোর্ট মোদী কিনে নিয়েছে???",angry
"এত চুলকায় কেন? যদি না হয়, আপনি এটা আনতে হবে",angry
বন্ধুদের ঋণ মওকুফ করা দেশ ও মানুষের সাথে বিশ্বাসঘাতকতা।,angry
কেউ কেউ হা হা হাও দেখায়,angry
যারা ভালোর জন্য কাজ করে তাদের পরিণতি ভোগ করতে হবে,neutral
এখন সে নির্লজ্জ এবং মিথ্যাবাদীও।,angry
"চুটিয়া, নৈতিক কথা বলছ কেন ব্রহ্মদা?",angry
তাহলে কি ডাং বিজেপির পদত্যাগ গ্রহণ করতে প্রস্তুত?,angry
"আজ পুলিশ স্মৃতি দিবস, কর্তব্য পালনে দেশের জন্য শহীদ পুলিশ সদস্যদের প্রতি আন্তরিক শ্রদ্ধাঞ্জলি।",happy
"কিন্তু এটা খুব বেশি, কথাটা শুনে আমার বমি বমি ভাব শুরু হলো।",angry
সেহবানা এখন বুঝতে পারছে এটা একটা বড় খেলা,happy
এটি এক নম্বর প্রাসাদ...!!!!!,angry
মিউনিসিপ্যাল ​​কর্পোরেশন কমিশনার ইচ্ছাকৃতভাবে এমন আচরণ করেছেন...সরকার ইচ্ছাকৃতভাবে পদত্যাগ প্রত্যাখ্যান করেছে।,angry
মানুষের কি ধরনের মানসিকতা আছে?,angry
সকালে প্রথমে গিয়ে দেখে নিন যে আপনার স্যার রাতে মদ পান করেননি।,angry
মুখ দেখে প্রেমে পড়া তারপর কথা বলা অন্ধ ভালোবাসা।,sad
সঞ্জয় রামুলকারকে মুক্ত লাগাম দিতে চেয়েছিলেন সঞ্জয় গায়কওয়াড়।,angry
তারপর তারা জনসাধারণের জন্য একটি বিকল্প হবে যে বিভ্রম আছে,neutral
"বর্তমান নেতৃত্ব শুধু কুৎসিতই নয়, অন্ধ, বোবা, বধির ও পঙ্গুও বটে।",angry
প্রশান্ত চুপচাপ চাটতে দেয়,angry
পন্ধরপুর নির্বাচনে সহানুভূতি ও কথা কোথায় গেল?,neutral
এই চুক্তি শুধুমাত্র টুইটারে কালো,angry
জেলে থাকলে তার বুকে চাবি কেমন লাগতো... এখন তার গলা ভেঙ্গে গেছে,angry
এমন হয় না...খাবার নিয়ে রাগ কেন?,angry
একটি দুর্নীতিগ্রস্ত সরকার,angry
কেন এই পেশম্যানরা বলেন না যে যারা অ্যাই সারাবস্তিতে বিশ্বাসী তারা আমাকে ভোট দেবেন না?,angry
এটা কতবার করা যাক,neutral
"এটা মহারাষ্ট্রের অপমান, এটা মুম্বাই ভাঙার ষড়যন্ত্র ইত্যাদি।",angry
"উপমুখ্যমন্ত্রী, দিল্লি ও মহারাষ্ট্রের মুখ্যমন্ত্রী, নারী পরিচয়, পরিচয় কিন্তু রাস্তার পাশে।",sad
মনে হচ্ছে আজও শ্রীলঙ্কা হেরে যাবে...,neutral
"হুররে, সব ভুল",angry
সে তার মস্তিষ্ক বাছাই করেছে...,angry
"ভাই, আখড়া থেকে ডাকলেন কেন? আরো কয়েক গিঁট পড়ে",neutral
এটা শুধু একজন দাসের জন্য একজন আইনজীবী.. একজন নোটারি..,angry
মহারাদ্য একটি অপবাদ..মহার মাং হল চাম্ভর বর্ণের নাম..,angry
এই প্রকল্পের লাইনচ্যুত হওয়ার জন্য যারা দায়ী তাদের কেন শাস্তি পেতে হবে?,neutral
কেদারনাথ দুর্ঘটনায় নিহত সকল ভক্তের আত্মা শান্তিতে থাকুক!,sad
কি করা যায় না এবং...প্রভু...কী করা যায় না...,sad
একেই বলে পড়ে গেলেও পা উঠে যায়.. কেন অন্ধ ভক্তদের যুক্তি..,angry
আচ্ছা... 'দয়া' কি তোমার মায়ের নাম?,angry
সেই মহাভাকস আঘাদাকেও পাকিতপত্কারকে জিজ্ঞাসা করা উচিত...??,angry
উল্টো বাঁশ দিয়ে পেটানোর কথাও ভাবতে পারেন কী করে?,angry
আমি বিজেপি বার্তাবাহকদের সাধারণ জ্ঞানের সমালোচনা করতে চাই,angry
"এ যেন স্থূলতার এমন এক গোলকধাঁধা, যেখান থেকে ভালোরাও বের হতে পারেনি।",angry
"তাতিয়া বিচ্ছু নন, তিনি একজন কথা বলা পুতুল, আনশ রাও",angry
আমিও একজন ..যে খারাপ!!,angry
"সব উদারপন্থীই ভিক্ষুক, কিন্তু তাদের প্রতিদিন ভিক্ষা করার জায়গা খুঁজতে হয়",angry
তার বাবা তাকে জিজ্ঞাসা করে না এবং সে তার দাদার প্রশংসা করে,angry
নির্বাচনের আগে হিন্দুরা বিপদে পড়েছে,angry
"সাজিদা, মনে হয় তোর বাবা সিন্ধে সাহেব চুরি করেছে",angry
বিজেপি নেতারা কম বেশি অভিনেতা হয়েছেন... প্রতিদিনের নাটক...!,angry
"আমি যেটা বলছি আপনার অবস্থা দেখে কথা বলুন, আপনার অপমান কম হবে।",angry
অসুবিধার জন্য দুঃখিত। আপনার অভিযোগের অভিযোগ নম্বর প্রদান করুন.,neutral
তার মানে শিবসেনা নেতাদের কমন সেন্স না থাকায় তারা নিজেদের দলকে বাঁচাতে পারেনি!,angry
ঘটনা একই এলাকায় ঘটতে থাকলে গোপনীয়তা লঙ্ঘনের উচ্চ সম্ভাবনা থাকে,neutral
এমন কিছু বলবেন না যা যুবরাজকে রাগান্বিত করে এবং তারপরে তাকে ব্লক করে।,neutral
এমন কোনো ভাষা ব্যবহার করা হয়নি। যেমনটি উদ্ধব ঠাকরের কথা। বোকা তুমি,angry
এটা আমাদের নেতাদের অকার্যকর হওয়ার ফল।,angry
সরকার কি বেঞ্চের পেছনে ছিল না? অর্থ উপার্জন কি একমাত্র উদ্দেশ্য ছিল?,angry
"ওহ চুপ, প্রমাণ জাল এবং তাই আপনি",angry
এটাই তার জিজ্ঞাসা করা উচিত ছিল,neutral
এখন সব বাকি আছে,neutral
মোদি সরকার ব্যর্থ সরকার,angry
Tweezers এটা ঠিক করবে না. এটা একটা সমস্যা। হিন্দুর রক্ত ​​পান করে।,angry
"উকিরদা ফুক্যা মানে, শূকর কেন উকিরদের উপর বাস করে?",angry
দাড়িওয়ালা লোকটি মনে করে যে দিল্লির দুই চাচা যা চাইবে তাই দেবে... তা হয় না!,angry
প্যাটি মারবে সমোসা প্যাটি যদি বুঝলাম কি বলেছি,neutral
এবং আপনি জানেন যে আপনি তাদের নোংরা বাসনগুলিও পরিষ্কার করবেন। সবাই বসুন,angry
"জ্যোতিষীর অভাব, তাও সব জ্যোতিষীর",neutral
"হ্যাঁ, তবে আপনি সিকোয়েন্সটি মিস করেছেন, আপনি কি পাগল নন।",angry
মহারাষ্ট্রের জনগণকে বলুন হিন্দুত্বে আপনার আসল অবদান কী।,neutral
সে নিশ্চয়ই কিছু ভুল করেছে,neutral
তাকে গ্রেফতার করা উচিত... যাতে আর কেউ এমন কাজ না করে।,angry
কিন্তু ঠাকর ছাড়া বালা সাহেবের নামের কোনো মূল্য নেই...,angry
বিষয়টি এখানেই শেষ নয়,neutral
"রাওয়ের বিশ্বাসঘাতক কথায় বিরক্ত হয়ে তিনি দল বাড়াবেন না, ডুবন্ত জাহাজকে বাঁচাবেন।",angry
যখন আপনি এটির যোগ্য নন তখন বেশি কথা বলবেন না। লোকেরা আপনার সম্পর্কে এটি বলতে পারে,angry
"আপনি এই কথা বলেন, লোকে আপনাকে জায়গা দেখানোর জন্য অপেক্ষা করছে",angry
তুমি ঠাকরের বাড়িতে বাসন ধুও আর অন্যকে ভক্ত বল।,angry
অন্ধ ভক্ত প্রতিদিন নতুন কাউকে ভাড়া করে চাটার কাজ করে।,angry
"এরা সেই একই মানুষ যাদের বাবা লালন-পালন করেছেন, তাদের জিজ্ঞাসা করার আপনি কে?",angry
BMC তার ফলাফল দেখতে পাবে। তারপর আপনার বার্নআউট লিখুন,angry
"বিজেপির কোনো সাংসদ, বিধায়ক ও নেতাদের কোনো তদন্ত হয় না!",angry
": তরুণরাও হার্ট অ্যাটাকের শিকার হচ্ছে, হার্টের যত্ন নিন",sad
খুব বুদ্ধিমান না..খুব পাগল,neutral
"এই সময় পাসের পরে পাব ফটো পাঠান, আমরা অপেক্ষা করছি",neutral
গুজরাট থেকে মুম্বাইকে আলাদা করা নিয়ে এখনও ক্ষোভ রয়েছে...,angry
আসলে তিনি তাৎক্ষণিক সম্মানের যোগ্য নন।,angry
গত তিন বছর ধরে এ সড়কের বেহাল দশা,angry
কেন আপনি বিজ্ঞাপন?,neutral
"আমি ভেবেছিলাম আমি একজন মহান লেখক, কিন্তু এটি একটি যাদু চাচার থেকে শয়তান হয়ে উঠল।",happy
দাবি করার পরও তারা পরিদর্শনে আসেন না,angry
আপনার কাছে যারা আসে তারা বোকা,angry
সম্ভাজিনগর বলতে লজ্জা পাচ্ছেন?,angry
এটি একটি সংগ্রামের পরিবর্তে একটি বাধ্যতা হিসাবে পড়া উচিত।,angry
"মনে হচ্ছে এই আদালত ন্যায়বিচার দেবে না, জনসাধারণ উদ্ধব সাহেবকে বিচার দেবে।",sad
"Adz.. আগে রাস্তার কাজ করো, এখানে কুকুর ক্ষুধার্ত কেন?",angry
এর কৃতিত্ব আদিত্য ঠাকরেকে দেওয়া উচিত ছিল...তাই এটি আরেকটি সস্তা রাজনীতি।,angry
আপনার কারণে MNS কোথায় পিছিয়ে আছে জেনে খুশি হলাম,angry
রুপির ঐতিহাসিক পতন,sad
এই নকল কাঁচা বাদাম কোথায়...,angry
এত জ্বালাও না... মানুষ উদ্ধবজিকে ভালোবাসে...,angry
তবে মান্দাসৈনিকরা ভক্তদের ধরে নিয়ে উন্মাদনা ছড়িয়ে পড়ে।,angry
বিবাহ বিচ্ছেদের প্রধান কারণ কাকে মাথা নত করতে হবে? আমি কেন তুমি,sad
"তুমি জানো না তোমার আসল বাবা কে, কেন কথা বলছ?",angry
কে জিজ্ঞেস করছে?,neutral
সমস্যায় পড়বেন অর্জুনের বাবা.. 'আপ্পি আমছি কালেক্টর' আজ! সন্ধ্যায় বা,neutral
"শরদ স্যার, এটা একটা তিক্ত অপমান.. যত্ন নিন।",angry
অর্থ উপার্জন এবং খারাপ ঋণ ভুলে যাওয়ার স্মৃতি,neutral
ওটা...ওটা...ওটা...তারপর...ওটা...বালতিতে থাকবে,neutral
বিশ্বাসঘাতকদের দেখানোর জন্য আমাদের জ্বলন্ত মশাল আছে।,angry
ভালো বলেছেন। এই ঠাকরে শুধুই বুদবুদ আর কাপুরুষ। রানে সঠিক পরিচয় দিয়েছেন।,angry
চ্যাবন বলদ থেকে কে পালিয়ে গেল?,neutral
গান্ধী পরিবারের ব্যক্তিগত সম্পত্তি কি কংগ্রেস পুনরায় পূরণ করার জন্য উপলব্ধ?,angry
"সংসদ সদস্যদের অগ্রাধিকার খুবই সাধারণ, তাই না?",neutral
সবকিছু কঠিন,sad
টিভিতে এই টুইট দেখানোর সাহস কুটকার চ্যানেলের নেই,angry
"বাবা মাকে স্টেশনে নামাতে গেলেন, বাচ্চারা ঘরে ঘুমাচ্ছে; চোর ঘরে ঢুকেছে",sad
যদি কথা বলতেই হয় তাহলে ভাস্কর শেঠ কেন কথা বললেন... কি কথা বলতে হবে তা আপনি জানেন না,angry
এগুলো সত্যিই খালি,angry
কিন্তু পুনেতে বৃষ্টির কারণে তারা ফড়নবিস্কাকা ও অমৃতকাকুকে ঠান্ডা করেছে।,neutral
: শ্বশুরবাড়ির পক্ষ থেকে থানায় দেওয়া অভিযোগের ভিত্তিতে মামলা করা হয়েছে।,neutral
ফের বিতর্কে প্রহর সংগঠনের বিধায়ক বাচ্চু কাডু।,neutral
"ইয়েদ্যা, আপনার স্যার বেঁচে থাকার জন্য প্রশংসিত কিন্তু আপনি বদলে গেছেন স্যার..বোকা",angry
"মূল প্রশ্ন হল, বত্রিশ বছরে দাম কি একশো গুণ বেড়েছে?",neutral
ভুজবলের ছবিও আড়াই বছর জেলে ছিল।,neutral
ভারী বর্ষণে কৃষক! জেলায় দুই কৃষকের মৃত্যু; সরকারের কোন লজ্জা নেই...,sad
অবাধ অভিব্যক্তি হল মুক্তার প্রশংসা করা,neutral
তুমি আর তোমার বাবাও ধীর,angry
ফড়নবীস নানাকে খুব বেশি উল্লাস করছেন। তাকে কেবল তার প্রদেশে থাকতে দেওয়া উচিত। এখানে এর ব্যবহার শূন্য।,angry
কুকুরটি সৎ... আপনাকে টিকটিকির চিহ্ন দেওয়া উচিত।,angry
"এখন কেক তুলুন, আমরা কি ব্যবসা করব?",angry
কোন টপিক আছে?? এটা অবশ্যই বেড়েছে কারণ মহারাষ্ট্র বিশ্বাসঘাতকদের পছন্দ করে না।,angry
দীর্ঘক্ষণ এ কার্যক্রম চললেও তিনি কোনো সাড়া দেননি।,angry
মাও 'জয় মহারাষ্ট্র'!? মুশকিল ভাই!,happy
"যেহেতু সংঘোতে কম ছিল, আপনার গদ্দারনাথ চিন্ডি দরকার ছিল...",angry
টাকলে গ্রুপ কি কটূক্তি করছে?,neutral
খারাপ লাগলো কারণ মোদীজি তার সম্মান হারিয়েছেন,sad
তবে ঠাকরে গোষ্ঠী এমন খবর পাবে,neutral
এত দিন দলে এত ময়লা কেন?,angry
এটা একটা ফাঁকি মিস্টার প্রেসিডেন্ট,neutral
এটা কোন ভাষা? কিছুই বুঝতে পারলো না।,neutral
আপনি কি বিজেপি সমর্থক?,angry
"এখন কেন নয়, মহারাষ্ট্রের শিল্প গুজরাতে যাবে...!",angry
এই ছলনাময়ী আবিসাল মানুষ যে কোন কিছু করতে পারে,angry
"তবে পরিবারের এই সদস্যের কোনো বুদ্ধি নেই, গোটা দল ভেঙে গেলেও মুখ্যমন্ত্রী পদের জন্য তিনি বৃদ্ধকে আঁকড়ে ধরে আছেন।",angry
"পরিবর্তন এখনও ঘটেনি, এটি একটি দীর্ঘ গল্প।",neutral
আগে মহারাজের সাথে নলের ছবি তুলুন..এটা কি লাভ?,angry
বালা সাহেবের নাম ও ছবি ছাড়া আপনার কিছুই আসল না,angry
"আবেদনপত্র পূরণ করার আগে সাধারণ জ্ঞান কী, আপনি কি গুয়াহাটি এবং গোয়া গিয়েছিলেন সুরাট?",angry
ভিক্ষা করতে এলেন আরেক অন্ধ ভক্ত,angry
মুখে যা আসে তাই বলবেন না। আগে দেখে তারপর কথা বলবেন বুঝি?,angry
ভাই আমি আপনার জন্য দুঃখিত যে আপনি গরীব চাচার জন্য এত প্রচারণা.,sad
"কোথায় উদ্ধব সাহেব ঠাকরে, কোথায় অর্ধাবতনাথ",neutral
কেন আপনার সিস্টেম ইতিমধ্যে ভেঙে গেছে?,angry
"কমলি আর ধলওয়ালা ভিখারির দড়ি, আশেপাশের মানুষ সবই তুচ্ছ।",angry
"যখন তারা যাবে, এমনকি কুকুর তাদের জোরপূর্বক বিশ্বাসঘাতকতার কারণে কষ্ট পাবে না",angry
ষড়যন্ত্রকারীরা পুরোপুরি নিশ্চিত যে স্থির হয়ে বসে থাকা অসম্ভব!,angry
এটা খুবই দুঃখজনক এবং বিরক্তিকর।,sad
এখানে ব্যক্তিগতভাবে ভোপদির উল্লেখ করে দলের নীতি দেখাবেন না...,angry
আমি আগে বক্তৃতা শুনেছি তাই আমার কোন সমস্যা হয়নি,neutral
বর্বরতা ছাড়া ক্ষমতায় আসেননি... সাড়ে তিন জেলার প্রধানমন্ত্রী।,angry
আমাদের কোন ঐতিহ্য নেই...তাই এই বাক্যটি পান্ডে জির সাথে খাপ খায় না।,neutral
আর কিছু লোক এমন লোকদের সমর্থন করছিল,angry
কিন্তু ছাইবা গোট্টি কেন অন্য পক্ষকে আক্রমণ করছে?,angry
শিবসৈনিকদের কাছে শিবসেনা এবং দেশদ্রোহী সেনা,angry
কর্পোরেটের লোকেরা তাদের নিজস্ব উন্নয়নের পাশাপাশি অফিসের বাইরের লোকদের উন্নয়নের বিষয়ে অনেক যত্নশীল।,neutral
জনগণের সামনে তুলে ধরুন কিভাবে একজন রিকশাচালক কোটিপতি হলেন।,happy
"আর গদি ভরসা কে করে, জিজ্ঞেস করো ভাই",neutral
"সংক্ষেপে, এটি একটি খুব কম হ্যান্ডেল।",angry
বাবা রাম রহিম বর্তমানে ধর্ষণ মামলায় প্যারোলে জেলের বাইরে রয়েছেন।,neutral
"ছত্রপতি সম্ভাজিনগর আওরঙ্গিয়ার প্রথম বংশধর। প্রথমত, তোমার গালিবাজ বাবাকে ভুলে যাও।",angry
সমর্থও একটা কুসংস্কার,angry
কর্মীদের প্রাণে বেঁচে আছেন এই নেতারা। শ্রমিকদের চিন্তা করা উচিত,neutral
"কয়েকদিন আগে এই কথাটা মনে পড়েছিল, কিন্তু মনে হয় ভুলে গেছি।",sad
আমি বলি সত্য আগে থামো,angry
চাচাই যে আগুন লাগিয়েছেন!,happy
এই আমকে কেউ পচা বলে মনে করে না। তাকে এটা করতে দাও.,angry
কেউ বলবে না বালাসাহেবের বাহিনী... সবাই বলবে মিন্ডে গ্রুপ।,angry
"সরকার তার দায়িত্ব পালন করছে না, সরকারি চাকরি কমিয়ে বেকারত্ব সৃষ্টি করছে।",angry
মাইন্ডের থাপাকে উপেক্ষা করে থাপা চিন্দে দলে গেল।,angry
"এই শ্রমিকরা আপনার জন্য আসছে, তাই তাদের উপেক্ষা করে কাজ হবে না।",happy
পরাজয় অবশ্যই কঠিন ছিল বিজেপির জন্য,sad
আরতির পর ধূপকাঠি জ্বালাতে এসেছেন।,angry
"আরে আন্টি, আগে গানটা ভালো করে শোন। টুইট করতে",neutral
"ওহ, কিন্তু আমি জানি না কেন আপনি এত ঈর্ষা করছেন!",angry
শরদ পাওয়ার কি কখনও কোথাও গিয়েছেন? তিনি কি মানুষের ঘরবাড়ি ভেঙ্গে জীবন কাটিয়ে দেননি?,angry
"ওরে জাগো, মোদি দেশ লুটছে, কথা বল, প্রতিবাদ কর, এই হিটলার তোমার জন্য অপেক্ষা করছে।",angry
যারা দল এবং প্রতীকের জন্য লড়াই করে এবং তাদের উপভোগ করেন তাদের এখানে মনোযোগ দেওয়া উচিত।,neutral
এখন আমি জানি না কেন আপনি মারাঠি বলতে পারেন না...,neutral
পাওয়ার ছাহেবা কি এটা জানতেন না?,happy
এই পদক্ষেপ আসার পর থেকে ভারত একটিও কাপ জেতেনি।,sad
"এতে প্রমাণিত হয় যে, নারী পুরুষের চেয়ে নারীর বেশি শত্রু।",angry
পাওয়ারের কৌশল বোমা হামলা হতে পারে,neutral
তোমার মিথ্যা ফাঁস হয়ে গেছে... সত্যমেব জয়তে!,angry
এটা তাতার ভয়...,fear
মনে কষ্ট এবং কষ্ট এবং তিনি নিজেকে শিবসেনার দলীয় প্রধান মনে করেন।,angry
গবার কি বছরের পর বছর ধরে পেঙ্গুইনের পালক ছিঁড়ে ফেলছিল?,angry
বেশির ভাগ আইনজীবী ভালোভাবে মামলা লড়েননি?,neutral
দিন দিন কঠিন হয়ে যাচ্ছে...,sad
"কাবাদ যাত্রার নামে ভিড়, সভা-সমাবেশে মানুষ আসছে না",neutral
"তোমার কি কোন মেয়ে নেই? আপনি ফকির ভাবনার ওস্তাদ বলে মনে হচ্ছে, আপনি যেমন বলেছেন লিখেছেন",angry
যারা অখন্ড ভারতের কথা বলে তারা কি কখনো কোনো স্লোগান দিয়েছে?,angry
দেবেন্দ্র ফড়নবিসকে অকেজো বলাই ভালো।,angry
বহু বছর ধরে মহারাষ্ট্রে থাকার সময় আমি মারাঠি শিখিনি... এ সব আজেবাজে কথা।,angry
"দাও, দাও দাও, বোনাস এলে মানুষ আরতি দিতে শুরু করবে বলে হুমকি রয়েছে।",angry
তবুও পুনেতে নিয়মের বোমা আছে...এবং এখন তারা মহারাষ্ট্রের উত্তর প্রদেশেও একই কাজ করার সিদ্ধান্ত নিয়েছে...,angry
কর্মকর্তারা খুশি এবং নাগরিকরা ব্যথিত,sad
"দানা বাড়িতে নেই, আমাকে বাজিরাও ডাকবে?",sad
"তার বাড়িতে হামলার পর, ভাস্কর যাদব ফড়নবীসের বিরুদ্ধে গুরুতর অভিযোগ তোলেন; বললেন, 'স্বরাষ্ট্রমন্ত্রীর নির্দেশ...'",angry
ধারণাটি আত্তীকৃত হলে আজ এই পরিস্থিতির উদ্ভব হতো না।,sad
এটি ছেড়ে অন্য যোনিতে প্রবেশ করা প্রয়োজন।,neutral
গণতন্ত্রও এর জন্য অভিপ্রেত নয়। কিন্তু লটকের প্রার্থিতা ভুল ছিল!,neutral
আপনি কি বিজেপির সাংবাদিক?,angry
"নীরজ চোপড়া অলিম্পিক সোনা এনেছিল, সুবেদার এখনও প্রাপ্তবয়স্ক হননি।",angry
: নির্বাচন পর্যন্ত তিনি কি বিজেপিতে থাকবেন? রানেকে সরাসরি আক্রমণ আদিত্য ঠাকরের,neutral
ভাস্কর যাদবকে গ্রেফতার করে জেলে ঢোকানো উচিত,angry
হ্যাঁ...তুমি কি ভুলে গেছো...?????? কেন এই অসহায়ত্ব...????,angry
"বলা হচ্ছে, মানুষ তাকে চিনবে কারণ তিনি এখন মহারাষ্ট্র জুড়ে পরিচিত",neutral
জয় মহারাষ্ট্র বলে কিছুই অর্জিত হবে না,neutral
বিজেপি এক নম্বর জারজ দল,angry
যে ব্যক্তি দাসত্বের জীবন যাপন করে সে অন্যকে দাস মনে করে,sad
হাই হাই হাই...বালাসাহেব এই ভাগ্য দেখতে এখানে নেই..,sad
সেই প্রতিনিধিরা বিশ্বাসঘাতকতা করেছে,angry
এই সব যখন করতে হবে তখন কাজ করুন,neutral
আমি হাসছি কারণ আপনি এই বোকা কথা বলছেন।,angry
এখানে আরেকটি আছে,angry
এই বিশ্বাসঘাতকতাকে তরিপনের মানুষ ভুলবে না,angry
এমনকি উদ্ধব ট্যাকরে নিজেও প্রতারণা করেছেন এবং এ ঘটনা ঘটেছে!,angry
আগামীকাল ভোট চাইতে এলে পিটিয়ে মেরে ফেলতে হবে।,angry
সাহেব-সাহেবের কথা বলা ঠিক হবে না।,happy
ভাই নম্বরটি ভুল এবং আমি আজ চেক করেছি তাই দুঃখিত,neutral
"ভাই, আপনি এত রূঢ়ভাবে লেখেন, মাঝে মাঝে পড়লে যে প্রতিক্রিয়া হয়...",neutral
সেই স্যাররা ভালো মানুষে পরিণত করেছেন...তাত্য নামটা নিশ্চয়ই শুনেছেন।,neutral
"গেল থাপা, এখন এখানে আর এখন হবে",angry
স্বাধীনতার বেশির ভাগ দিনও কাটবে দাসত্বে। প্রজাতন্ত্র দিবস নিয়ে কিছু বলা যাবে না।,sad
নামকরণ অনুশীলনের সময় কিরীট সোমাইয়া অনুপস্থিত...,neutral
নিয়ুন আমার মহারাষ্ট্র কোথায় রেখেছে?,sad
"পাকিস্তান জিন্দাবাদ ঘোষিত হয়নি, তাহলে নিষেধাজ্ঞা কেন?",angry
হা হা হা এটা একটা বড় সমস্যা ডিপি না না,neutral
তার চোয়াল লজ্জায় ফাঁক হয়ে গেল,neutral
চা বিস্কুট সাংবাদিকতা রমরমা! তাদের একমাত্র এজেন্ডা পত্রিকা পড়া নয়!,angry
"হ্যাঁ, কিয়েভ এসেছিলেন আজ নটসম্রাতার সাক্ষাৎকার দেখতে।",sad
"আমেরিকার এই কলেজে মেয়েদের গর্ভনিরোধক বড়ি বিতরণ করা হচ্ছে, কারণ কী?",happy
ভাতখালকার কথা বলছে এটা কি সত্যি?,neutral
"রামান্না যখন 'তারিখ পে তারিখ' করেছিলেন, ফলাফলের প্রত্যাশা ভেস্তে গিয়েছিল",sad
আর আদালতের থাপ্পড় খেয়ে কাঁদতে কাঁদতে অন্য ঘরে নিয়ে যান।,angry
কয়েকদিন বন্ধ দরজার আড়ালে এ নিয়ে আলোচনা করবেন না...,angry
"ধন্যা, তোমার আবেগ আছে কিন্তু উগা সাহেবকে খুশি করার জন্য তোমার অকলের তারা ভাঙার দরকার নেই।",happy
"আদর্শ বলে বিবেচিত বালা সাহেবের মুখে যারা তালা মেরেছিল, যখন তাঁর দলে হামলা হয়েছিল, তাও ইতিহাসে লিপিবদ্ধ আছে।",happy
"ধুঙ্গন বাই, কিছু বলবেন না",angry
মহারাষ্ট্রের মানুষ দেখতে পাচ্ছেন সাওয়ান্ত ক্ষমতায় এসেছেন।,angry
মহাবিকাশ আঘাদি ভবিষ্যতে প্রার্থীও পাবে না: বাবনকুলে,neutral
পুনেতে বৃষ্টি হচ্ছে যেন মেঘ ফেটে গেছে!!!,fear
আম্বিয়া ভাউ এই টুইটটি পড়ে অবাক হয়েছিলেন।,happy
বিশ্বাসঘাতক ইয়াকুব মেমনের কবরে চাদর লাগাবেন না? একটি পরীক্ষা নিন,angry
সবার ভালোবাসা বিচার পায়। এটা এমন নয়।,sad
তাহলে সেই সময়ে কংগ্রেস প্রার্থীকে সমর্থন করে প্রচার করলেন কেন? আপনি কি মানুষ বোকা মনে করেন?,angry
"কোলাপুরি অপমান করলে কাজ হয়, এখানে লিখলে ওরা আমাকে ব্লক করবে",neutral
এটা নিশ্চিত যে আপনার নীচে আগুন আছে। মশালের স্ফুলিঙ্গ দেখে।,angry
আপনার ইউ-টার্ন শেঠ কি শুধু জ্বালাতন করার জন্য?,angry
এই অসাধু সাংবাদিককে ব্লক করুন,angry
"বিজেপি কখনও বুলেট ফুরিয়ে যায়নি, তাই তাদের কেউই জ্ঞানী নয়।",angry
কংগ্রেস এবং এনসিপি জোট গঠন করলে জোট শেষ হয়।,sad
এটা প্রমাণ করে যে বিনিয়োগ কমিশন কেন্দ্রের তোতাপাখি।,angry
"আমি যখন রাতে ঘুমাই, আমাকে থামিয়ে পালাও... আর বলবে বাঘ...",angry
"বলতে হবে ভারতে ক্ষুধা নেই, গরিব মানুষ ডায়েট করছে।",angry
এগুলো সব নাটক...,angry
তারা জানেও না কোন ধরনের মাটি তারা নিচ্ছে...,angry
আপনি মারাঠি বলতে লজ্জা পান?,angry
অন্য কোনো দেশে এমন বাজার নেই। সম্মান এবং আকর্ষণ বজায় রাখা হয় না.,angry
জেলাটি আখ উৎপাদনে এগিয়ে থাকলেও আখের দামে বরাবরই পিছিয়ে রয়েছে।,sad
মোদির সব চোর ভাই বিদেশে স্বাচ্ছন্দ্য... চোর চোর কাজিন,angry
বলো কিভাবে বাঁচবো? কোটি মানুষের দেশে এক হাজার মানুষও এই জনপ্রিয় ভাষায় কথা বলে না।,sad
অজিত পাওয়ারের সমালোচনা করলেন চন্দ্রকান্ত পটল; আপনি কিভাবে কামড় দিয়েছিলেন ...,neutral
"সাহস থাকলে নির্বাচন করে দেখান, আপনার রাষ্ট্রপতি শুধুই পুতুল।",angry
এটা কি ভয়ানক শব্দ,fear
বর্তমান বৃষ্টিতে কি কোনো ক্ষতি হয়েছে?,neutral
শিবায় ভক্ষণ করা অন্ধ ভক্তদের জন্মগত অধিকার।,angry
"নীতেশ রানে, তোমার কি অবস্থা, তুমি কেন এমন বলছ, তোমার লজ্জা হওয়া উচিত, হতভাগ্য পশু...",angry
তিনি পাগল রাজা নন। সাক্ষাৎকারটি বিশ্রী এবং হতাশাজনক ছিল,sad
পঙ্গু,angry
আপনি কি ঘাস খেতে বসেছিলেন????,angry
মুম্বই সম্পর্কে আপনার চোখ খোলা আছে?,angry
আপনি প্রতি বছর লক্ষ লক্ষ বলে মনে আছে? কেন ঘটল গজনী?,angry
"বাক্স কেনার ইচ্ছা ছেড়ে দিয়েছ, চুলকানি কবে যাবে?",angry
"যেভাবে এই সিদ্ধান্ত দেওয়া হয়েছে তাতে আমার নির্বাচন কমিশনের ওপর আস্থা নেই, আদালতের ওপর।",neutral
এটা যদি তোমার মায়ের কথা হয়??,angry
মহারাষ্ট্র পাঞ্জার মশাল মানবে না - চন্দ্রশেখর বাওয়ানকুলে,neutral
"বাক স্বাধীনতা মানে উত্থান-পতন, কিন্তু এখন বোমা হামলা বুঝি",angry
রনথার সঞ্জা বেরিয়ে আসতে চলেছে,neutral
তাহলে আপনার দুঃখ হওয়া উচিত কারণ শিবসেনা এই আসনটি হেরেছে।,sad
যারা এই ধরনের ছবি পোস্ট করে এবং যারা এটা করতে চায় তাদের জন্য গরুড় পুরাণে আলাদা শাস্তির বিধান থাকা উচিত।,angry
কোম্পানির নাম প্রকাশ করে এর বিরুদ্ধে প্রতিবাদ জানান।,neutral
"মস্তকহীন এই নারী ক্রুশ নিয়ে ঠাট্টা করছিল, এখন আল্লাহ কেন এমন করবেন?",angry
আপনাদের সহযোগিতার কারণেই এটা সফল।,angry
স্বামী বাড়িতে বেতনের কথা না বলায় ক্ষুব্ধ এই নারী।,angry
"এখন বল না বালা সাহেব, তিনি নেই...",sad
আপনি সব সময় পড়াশোনায় ফেল করেন তারপর বিজেপির নামে বসে কাঁদেন।,angry
"কত, কত, কত বিদ্যুৎ... বাব্বো",happy
মানুষের ভালো সাড়া দেখে মনে হয় পরাজয়।,sad
কে দেশদ্রোহিতা করেছে? আসল শিবসেনার দশেরার সভায় বলা হয়েছে বালা সাহেবের শিবসেনা।,neutral
আপনার ধারনা কি আড়াই বছর সরকার ছিল নাকি সে সময় তারা চালাকি খেলছিল?,angry
এখন মনে হয় দুজনকেই ঘর ধুতে হবে।,sad
"এই সমীর লে অগ্রিম আর ভামটা অফিসার, শুধু টংপানি করছে।",angry
"আপনি যদি চিঠিটি সঠিকভাবে পড়তেন তবে আপনি এই প্রশ্নটি জিজ্ঞাসা করতেন না, আপনাকে প্রথমে এটি সঠিকভাবে পড়তে হবে",neutral
ওকরা কি এখনও লীলার প্রেমে আছে?,angry
তারা নির্লজ্জভাবে মহারাষ্ট্র এবং এই পরমানন্দকেও হয়রানি করবে,angry
এটা কে বানাচ্ছে?? কি অকেজো মানুষ!!!,angry
শুধু ভাইয়ের ভোটেই কি রাজ্যে সরকার গঠিত হয়? এর,neutral
"ওহ, সে হয়তো বলেছে! আপনি গুজরাটি মারাঠির কথা বলছেন কেন?",angry
আমি আশ্চর্য হয়েছি যে কেন আপনি এর মধ্যে ইংরেজি শব্দ ব্যবহার করছেন যখন সমস্ত শব্দ মারাঠি,happy
হবে না...মারাঠি কুকুর আছে চাটতে,angry
"আরে ব্ল্যাক, বেলটা বুঝি?",angry
দেবেন্দ্রজীর পথ অনুসরণ করলে শুনবেন এই কথা!!,angry
মারাঠি মিডিয়ার কারণে এই পাপ আপনার গলায় শক্ত হয়ে গেছে..এর জন্য কিছু করুন..,angry
"আদালতেও খেলা শুরু হয়েছে! যাই হোক, প্রশাসন তো রাজার মতো!",angry
"মোদ্দা কথা হল, দরিদ্র ভাদা পাওনা বিক্রেতাদের প্যাকিংয়ের জন্য টাকা দিতে হয়",sad
তারা খুশি হোক কারণ তারা এমন নয় এমন নির্বাচনে জিততে পারে!!,angry
তারা কি এত টাকা খরচ করে রিসোর্ট ভেঙে ফেলবে?,angry
"পুরো লেখাটি পড়ার পর আমি আমার মতামত দেব, যদি রাজি না হন তাহলে চলে যান!",neutral
এই পৃথিবীতে সবকিছুই চলবে কিন্তু আমরা এমন লোক চাই না যারা শিবসেনাকে ধ্বংস করবে।,sad
"নির্লজ্জ, সবসময় হাসিখুশি... স্যার এমনই হয়",angry
"আজকের সময়ে, লা পেশওয়া এই জীবনেও উন্নতি করবে না।",angry
যারা তার সাথে বিশ্বাসঘাতকতা করেছে তারাই প্রকৃত বিশ্বাসঘাতক এবং বাকিরা সবাই ফাঁপা।,angry
সেই রিল কাজ করছে না তাই চোংরেসি ভাষায় কথা বলছে...,angry
এই কি সেই একই ডাক্তার যিনি করোনার সময় মানুষের মনের মধ্যে কিছু রেখে খ্যাতি অর্জন করেছিলেন?,angry
জনসাধারণের সিদ্ধান্ত নেওয়া উচিত যে এটি একটি আন্তরিক শ্রদ্ধা বা শুভেচ্ছা নয়।,neutral
যদি সে তা না করে তবে আমি তাকে সবকিছু শিখতে বাধ্য করব,angry
কারো চোখ পড়ে তোমার নাসিকের দিকে,sad
"নিজের খাতায় কোন সত্যতা নেই, আর কাউকে ডাকার কৌশল কি...",angry
কি দেখতে গিয়েছিলেন? কেন ভাঙ্গা মাপ,neutral
এটা খুবই সত্য। এখন বিজেপির পরাজয় শুরু হয়েছে।,sad
আর যে ভুল লেখে তাকে নিন্দা করা হয়,angry
খুব পরিশ্রম করতে হয়েছে। এ সময় তাকে মারধর করা হয়।,neutral
শুধু তার কথা শুনেই বছরের পর বছর চলে যায়.. কি তাড়াতাড়ি হয় না?,sad
বালা সাহেবের শিবসেনা হেরে গেলে নির্বাচনে বাকি সেনারা কী বলবে? পুরো ব্যাপারটা অদ্ভুত,angry
কোন লাভ নেই.. অনেক দেরি হয়ে গেছে.. তার শরীর নিয়ন্ত্রণের বাইরে,sad
এটা মারাঠি মানুষ এবং মহারাষ্ট্রের জন্য দুর্ভাগ্যজনক,sad
মুরগি চোরের গাড়ি মুরজি প্যাটেলের ফর্ম পূরণ করতে গিয়েছিল।,angry
সে আর বসে থাকবে না। শুধু লাঠিই করবে...,angry
তবে এটা সত্য যে বিধায়ক এবং ব্যক্তিগত ব্যক্তিদের অপহরণকারী গ্যাং সক্রিয় রয়েছে,angry
মনে হচ্ছে উদ্ধব ঠাকরের দাম্ভিকতায় নির্বাচন বিনা প্রতিদ্বন্দ্বিতায় হবে না।,angry
"পুলিশ কি মিছিল করেছে, কোথায় বিজেপি কর্মীরা?",neutral
ইয়েদজেভের মুখপাত্র ড,angry
"পেট থেকে একটা স্টিলের গ্লাস বের হল, কিন্তু এই গ্লাস পেটে ঢুকল কী করে?",happy
"সারা জীবন ইফতার পার্টিতে কাটানোর পর, যখন ধ্বংস ঘনিয়ে এসেছে, তখন একজন হিন্দু হওয়ার মূল্য বুঝতে পারে।",angry
নানা 'স্ক্রিপ্টেড' কিছু জিজ্ঞেস করেননি তাই চা-বিস্কুটের কী হবে?,angry
ঢাকনার কাছাকাছি কিন্তু একজন প্রতারক হতে পরিণত...!,angry
এখন তাদের আউট করার সামর্থ্য দেখাতে হবে।,angry
"ভালো হওয়া উচিত, দুর্ভাগ্যবশত অন্ধ ভক্তের জাত খারাপ।",angry
না... এটার কোনো মানে হয় না,neutral
দুঃখের খবর - অত্যন্ত প্রতিভাবান এবং মজার অভিনেতা প্রদীপ পটবর্ধনের প্রতি আন্তরিক শ্রদ্ধাঞ্জলি...,sad
এটা খুব বেশি...,angry
এখন বিরক্ত,sad
বালা সাহেবের শিবসেনা কোথায় তা আপনার মতো অন্ধ ভক্তরা ছাড়া সবাই জানে।,angry
"আমাদের বিশ্বাস সবসময় ন্যায়বিচারের ঈশ্বরে থাকে, কিন্তু যারা ন্যায়বিচারের ঈশ্বর ব্যবহার করে তাদের মধ্যে নয়",angry
আপনার পেট ব্যাথা কেন? ধুতি যোগব্যায়াম করুন,neutral
হতাশ কেঁচো উচ্চারণ করছিল উদ্ধবের কোন পতাকা তোলা উচিত,angry
আলোর উৎসবে কী জ্বালানো হবে?,angry
. আমি তোমাকে সম্পূর্ণ করতে হয়েছে. এই সরকারের প্রতি আস্থা নেই।,angry
গ্রামীণ উন্নয়নে জনসাধারণের বক্তব্য নেই,sad
বন্যপ্রাণীর আক্রমণে ক্ষতির ক্ষতিপূরণ দীপাবলির আগেই দিতে হবে- বনমন্ত্রী সুধীর মুনগান্টিওয়ার।,neutral
"আপনি যে আপনার বাবার জীবনে নির্বাচিত হয়েছেন, আপনি কি একজন কর্মকর্তাকে নিয়ে এমন কথা বলার যোগ্য?",angry
"সিট খালি থাকলে বক্তৃতা চলে, তাহলে সিট কম থাকলে স্কুল বন্ধ কেন?",neutral
এগুলো সবই আমেরিকার ভুয়া নম্বর,angry
হাই আপনার যুক্তি একটি কিডনি অ্যাটাক হয়েছে,angry
"রাজ্যের মুখ্যমন্ত্রী, উপমুখ্যমন্ত্রী, স্বরাষ্ট্রমন্ত্রীরা কি (ঘাস) টানছেন?",angry
"দুর্নীতি যদি সমাজের অভিশাপ হয়, আপনি কি করছেন?",angry
শেষ পর্যন্ত কথা বলার সাহস না পেয়ে এখানেই পড়ে যান। এত ক্ষমতা থাকা সত্ত্বেও এত আতঙ্ক কেন?,angry
এই টুইটটি আগেও বাওয়ানকুলেনি দ্বারা টুইট করা হয়েছিল এবং তুমি হ্যায় এটি অনুলিপি করেছে।,angry
"""কিন্তু এখন সেই দোকানগুলো বন্ধ"" যাই হোক না কেন",neutral
রাজকে কেউ সিরিয়াসলি নেয় না। যে সব.,neutral
"এটা একটা বিভ্রম, কংগ্রেস গান্ধী পরিবারের একটা স্বীকৃত কোম্পানি।",angry
"একটু না হলে কম ফেল, লজ্জা লাগে, মিন্ধে গ্রুপ।",angry
এটা দেখানোর জন্য কোন স্থায়ী চাকরি নেই,angry
পিএফআই-এর বিরুদ্ধে দেশবিরোধী কার্যকলাপের বিরুদ্ধে ষড়যন্ত্রের অভিযোগ উঠেছে।,angry
বেশির ভাগ মানুষই জানে বড়মতি সত্যিই হাতের বাইরে চলে যাচ্ছে।,sad
এটা আপনার মানসিকতা...তাই সময় এসেছে,angry
প্রণাম কর না কেন?,neutral
তার পরিবার যেন এই শোক কাটিয়ে উঠার শক্তি পায়! প্রয়াত নরেন্দ্রজি আগরওয়ালের প্রতি আন্তরিক শ্রদ্ধাঞ্জলি!,sad
"হে ভগবান, এটা মশাল নয়...তেল চলে গেছে, ঘি চলে গেছে আর হাত জ্বলছে...ঠাকরের সর্বনাশ হয়েছে।",angry
"সারা বিশ্ব জানত কিন্তু বন্ধু একবারও জানত না, সত্যিই অহংকার মানুষকে অন্ধ করে দেয়।",sad
বাজপেয়ী স্যারের প্রতি অনেক শ্রদ্ধা আছে.. কিন্তু এই টুইটগুলি (এবং এই ধরনের ভাষা) সামনে এসেছে..,angry
কেশা শেঠ এবং এটা বাড়ছে... আপনি মেহবুবা মুফতিকেও চাটলেন!,angry
"আরে স্যার, আপনি কী রয়্যালটি দাবি করছেন, সরাসরি তাদের বিরুদ্ধে এবং নির্বাচন কমিশনের বিরুদ্ধে মামলা করুন।",angry
শিল্পপতিরা নিজেরাই বানরে পরিণত হয়েছে,angry
বিজেপি বিড শহরের সভাপতি ভগীরথ বিয়ানি নিজেকে গুলি করে আত্মহত্যা করেছেন,sad
"টাকল্যা, তুমি কি অক্সিজেন সিলিন্ডার ধরে হাসপাতালে দাঁড়িয়ে ছিলে?",angry
বলা হচ্ছে নটরং ও সোগাল্যার নতুন শাশুড়ি এসেছে।,neutral
কবে তোমার এক বাহুর শক্তি থাকবে এই মায়া কাটিয়ে উঠবে?,angry
"একা নন, এর আগেও এমন সব নাটক হয়েছে।",neutral
বলা হচ্ছে আজ লম্বুর জন্মদিন।,neutral
তিনি এটা লিখতেন কিন্তু বেতন টাকার উপরে নয় তাই এখন...,neutral
এখন বছরের পর বছরও কাজ শুরু হয় না...,sad
"কেন বাপ্পা, তুমি কি বারবার আমার পঞ্চায়েত করো?",sad
এটা একটা বোকা,angry
"যেহেতু সমস্ত পকেট সাংবাদিকরা বিজেপির বিরুদ্ধে ঐক্যবদ্ধ হয়েছে, তাই না",angry
"ঠাণ্ডা মাথায় শুয়ে আছে এই মহিলা, এই মুহূর্তে তার স্বাস্থ্য খারাপ হচ্ছে",angry
"সংকেত না পাওয়া একটি খারাপ লক্ষণ। চোর, বিশ্বাসঘাতক, ফিতুর, বাক্স.. জয় মহারাষ্ট্র..",angry
আমি জানি না এটা কোলাপুর নাকি আন্ধেরি,neutral
গোর্খা আর সৎ এই সমীকরণটা সব সময় মাথায় থাকে..! আজ নীলের বাবা এই সুতো ভেঙেছে,angry
এখন উদ্ধবের আইসক্রিম খাওয়ার দিন চলে এসেছে।,angry
"মশালের শিখা অনুভব করেছি, তীর-ধনুককে শীতল করার নম্র কাজ করেছি, এখন কর্মের ফল ভোগ কর।",angry
ভিকটিমের অবস্থা চলছে,sad
"স্টাম্পের কাছে মাইকের কাছে গালিগালাজ করায় ক্যাপ্টেনকে ভারাক্রান্ত, এবার বিশ্বকাপ থেকে ছিটকে যেতে পারেন!",happy
খুব??? আমি ধরে নিলাম আপনি একজন নিষ্ঠাবান ভক্ত।,neutral
"আরে, রাজনীতি এমনই হয়...ঐতিহ্য রাজনীতিবিদদের...পর্দার আড়ালে...পিঠে ছুরিকাঘাত...ইত্যাদি গৌণ।",angry
এই সরকার হাতের কাজ বলেই এদেশে এসব চলছে।,angry
তারা কাজ করলে তাদের বিরোধিতা কেন?,neutral
"তাহলে কি দেগালুর, পন্ধরপুর, কোলহাপুর মহারাষ্ট্রের বাইরে?",neutral
"তোমার কোন কষ্ট হচ্ছে, ওরা কি মানুষ নাকি?",neutral
"যখন মনে হয় আপনি হারতে যাচ্ছেন, আপনি সহানুভূতি অর্জনের চেষ্টা করছেন",angry
"লোভ থাকবে, ধ্বংসও হবে",angry
"শেষ পর্যন্ত এটাই বলা উচিত, এখন ভিতরের মানুষটি হারিয়ে গেছে যে উদ্ধবকে অপেক্ষা করতে হবে",sad
কোন কোণ থেকে এই শব্দ বিপজ্জনক?,angry
মিটার ছাড়া রিকশা চালানো পুনের আরেকটি বিশেষত্ব,angry
"মারাঠিতে তথ্য দিন। এটা মহারাষ্ট্র, বিহার নয়।",angry
"প্রথমে মুতারা ফেটে যাবে, তারপর ভাঙ্গেওয়ালি আন্টি হবেন এসপি গ্রুপের প্রেসিডেন্ট...!!",angry
"হিন্দু ধর্মে হয়তো অনেক সাধু ছিলেন, কিন্তু কেউ এমন মিথ্যাবাদী হতেন না।",angry
পুরনো সেতুর রাস্তার অবস্থা খারাপ হলেও এখন যান চলাচল করবে।,sad
একটি মুখ আছে?,angry
অনেক কিছু পাবেন..,neutral
"রজার ফেদেরারের বক্তব্য, ""অবসরের পরিকল্পনা ভেঙ্গে পড়ার কথা ছিল তাই আমি দ্রুত অবসরের ঘোষণা দিয়েছিলাম।""",neutral
কৃষকরা কৃষিপণ্যের দাম না পেলে কোথায় যাবে? মলে কেন?,sad
সংস্কৃতি যদি বাঁচাতেই হতো তাহলে ভলকে ভাই বানালেন কেন?,sad
মুখ্যমন্ত্রী হওয়ার জন্য তিনি এই বিদ্রোহ করেছিলেন বলে সর্বত্রই জানেন,angry
গ্রামের বিষের সঙ্গে আগে দেখা হয়েছে কি কম?,angry
শিন্ডে গোষ্ঠী এবং কমলাবাই কি ভয় পেয়ে কণ্ঠ দমন করার চেষ্টা করছে?,angry
আমরা কি আপনাকে...কালো পিম্পল সহ একজন মহিলা দেব,angry
আমি কখনই এই রাজ ঠাকরেকে পছন্দ করিনি যিনি সর্বদা বিভ্রান্তিতে ছিলেন।,angry
একেই কি ভালোবাসা বলে? তাই বায়ো থেকে দুজনকেই পুরুষ বলে মনে হয়,happy
ভক্তরা কোথায় মারা গেল এবং কেন তারা এই জারজদের বিরুদ্ধে কথা বলবে?,angry
পৃথিবী বেশি দিন টিকে না,sad
"তেল গেল, ঘি গেল, হাতি চুরি গেল।",angry
"তারপর ""চুলকানি"" শব্দটি নিজেই একটি ইঙ্গিত দেয় যে কতটা চুলকানি হয়েছে।",angry
এর মানে আপনি এটির যোগ্যও নন,angry
এটা স্বার্থপরতা ও ভন্ডামীর হিন্দুত্ব,angry
নির্বাচন কমিশন কি কেনা হয়েছে?,angry
এটি দেশের জন্য একটি সমস্যা।,angry
যদি নির্বাচন হতে যাচ্ছে। সাধারণ জ্ঞান বিক্রি হয়ে গেছে? এখনও প্রার্থী,angry
জেলা ব্যাংক নির্বাচনে তিনি হেরে গেলেন কে বলছেন?,angry
বেল আকৃতির প্রভাব. এর আগে অনেক দেশ অনেক কিছু দিয়েছে।,neutral
"ওহ, আমি সন্দীপ লাচার..",angry
"কি ব্যাপার, কমলিকে বোকা বানানোর চেষ্টা করছিস? মারাঠি (? ) অর্ণু।",angry
মহারাষ্ট্রের লোকেরা আপনার ভাষা দেখেছে তাই উপদেশ দেবেন না,angry
বিজেপি ও বিশ্বাসঘাতকদের উচ্চতা। ঘুষ দাবির অভিযোগ থাকলে কী করবেন।,angry
রাহুল কি আমাদের দলে?,angry
এমন লোকেরাই দল চালায়! গণতন্ত্র নেই!!,angry
"ছবি রাখুন কিন্তু হাল ছাড়বেন না, হাঁটুতে মগজ নিয়ে পেঙ্গুইন?",angry
কথা বলা এক আর করা আরেক...,angry
তোর বাপের ধন কি বল তুই? এখন ছেড়ে দিন,angry
একথা বলার পর শ্রাদ্ধ করার সময় এল।,sad
আপনার সরকারও আটকে আছে। আর অতুল জি তখনই আসবে।,sad
"ওই ছোট্ট বান্দুক কি খারাপ, সে এত কথা বলে...??",angry
এটি একটি ত্রুটি হতে পরিণত,angry
"এই পোস্টে আপনার ঠিকানাও মুছে দেওয়া হয়েছে, আগে দেখুন আপনি সেখানে থাকেন কি না",angry
গণতান্ত্রিকভাবে নির্বাচিত...আঙুলে থুতু দিয়ে/পর্দার আড়ালে/পেছনের দরজায়/ভোটের মাধ্যমে নয়।,happy
পুনেতে কি রাস্তা আছে?,angry
"এমনকি চাচা-ভাতিজাকেও দাওয়াত দেওয়া হয় না, তাই নাতির পেট ফুলে যায়।",sad
হুম এটা অসম্পূর্ণ মনে হচ্ছে।,sad
মেহবুবা মুফতির সঙ্গে জোটে গাধা কি ঘাস খেয়েছে?,angry
বাপু মাঝে মাঝে ভুলে যান তিনি পাঁচশ ভোটে নির্বাচিত হয়েছিলেন,angry
সে একজন বোকা যে তার বসের যত্ন নেয়।,angry
"আরে, এই যে ব্রজভূষণ তার মনিবকে ভয় দেখিয়েছিল?",happy
আমি এখন অবরোধ করতে করতে ক্লান্ত,angry
'হতাশাজনক পরাজয়' শব্দটি একটি ভুল নাম বলে মনে হচ্ছে। এখন পর্যন্ত খার্গের জয় ন্যায়সঙ্গত ছিল।,neutral
"ওহ, বেশিরভাগ মানুষ দীপাবলি পর্যন্ত এই বৃষ্টির জন্য অপেক্ষা করবে...",sad
. কারণ হিন্দুদের ঘৃণা করার সিদ্ধান্ত আগেই হয়ে গেছে,angry
এই কথা শুনে আমার কানের পর্দা ফেটে গেল ভাই।,happy
"বন্ধ স্কুল খুলতে 'অফিস নাও, ছাগল দাও' আন্দোলন",angry
বিশ্বাসঘাতকরা বালা সাহেবের নাম নেওয়ার যোগ্য নয়।,angry
এখন ঘরে বসে কাঁদুন এবং অন্তত সহানুভূতির জন্য অপেক্ষা করুন,sad
ছন্দটা জটিল রাও...,sad
আপনি একটি গুজরাটি বা একটি হাইব্রিড প্রাণী?,angry
পরাশক্তির আগুন-নিঃশ্বাসের সূর্য এখন ইডি-র ঝুলন্ত তলোয়ার দ্বারা প্রতিস্থাপিত হয়েছে।,angry
আর সমমনা মানুষ না পেলে পৃথিবীর 'মাটি' হয়ে যায়...,sad
"কংগ্রেসের নতুন সভাপতি মল্লিকার্জুর 'এই' রোগ, এতটাই ব্যাথা যে অস্ত্রোপচারের বিকল্প নেই!",angry
MH জানে না আপনি কে এবং আপনি যা বলছেন তা গ্রহণ করবে না,angry
এই বাক্য শোনার পর নিশ্চয়ই ভয় পেয়ে গেছেন নীরজ চোপড়া। এখন তার ক্যারিয়ার হুমকির মুখে পড়বে।,fear
বিষয় শেষ... ধরুন বাজার বেড়েছে...,neutral
"কোন উপায় নেই, তারা হাততালি দিতে বাধ্য হয়",sad
"এটি কুকুরের ক্ষমতার উপর ভিত্তি করে নয়, বংশের উপর ভিত্তি করে",angry
ইতিমধ্যেই ভূমিকম্পের ধাক্কা লেগেছে এই গ্রামে!,happy
ঘন্টা ভাই সম্পর্কে আপনার অনেক আবেগ এবং জ্ঞান আছে,neutral
সবচেয়ে দুঃখের বিষয় হল একাকীত্ব,sad
"কী ঘটেছে বা কী ঘটবে তা নিয়ে উদ্বিগ্ন হওয়া কেবল হৃদয়ের ব্যথা বাড়ায়, আত্মবিশ্বাস নয়।",sad
মনে হয় এটা কোনো পরাশক্তির হাত,happy
ভক্তরা কি আর তাদের বাবা জানে এখন????,happy
পশু থেকে মানুষের সংক্রমণ এবং উভয়ই বেড়েছে!!!,happy
তারা 'আমরা সস্তায় পেট্রোল বিক্রি করি' বলে একটা সাইনবোর্ড লাগিয়ে পেট্রোল পাম্প বন্ধ করে চলে যায়।,angry
গুলি ফুরিয়ে গেছে...নবনীত রানার নাম সরাসরি যোগ করতে হবে...এতে ভয়ের কি আছে?,angry
ঠাকরে কেন এত ভয় পাচ্ছেন যে আপনি ঘুমের মধ্যেও ঠাকরেকে দেখতে পাচ্ছেন?,fear
যেখানে আপনার অনুভূতিতে আঘাত লাগে সেখানে কী খাবেন তা একটি প্রশ্ন,angry
আন্টি তোমার ভোদার শিশ্ন এত ছোট কেন..!!,angry
এক ব্যক্তিকে তার নির্যাতনের অপরাধ ফিরিয়ে নিতে বাজেভাবে মারধর করা হয়,angry
"সবার মধ্যেই উদ্যম ও বিশ্বাস ভরপুর, কিন্তু ভেতরেও আছে বেকারত্বের ভয়।",fear
"এটা কিছু নয়, কিছু স্ত্রী এমনকি তাদের দুর্নীতিবাজ স্বামীদের বাঁচাতে দল পরিবর্তন করে।",angry
"আরএসএস একটি কীট এবং সম্পূর্ণরূপে ধ্বংস করা উচিত, আইটিআই স্যার।",angry
কোন উপায়,neutral
"তখন অতুল জি বলছিলেন, আমরা আলাদা দলের নেতা এবং মুখ্যমন্ত্রী চাই... তাহলে এখন সমস্যা কী...",angry
কারণ এই ভাবনা কেবল সঙ্ঘী ভাদ্বার মনেই আসতে পারে।,angry
বিশ্বাসঘাতকরা অনেক দেরিতে শিখেছে যে ন্যায়বিচারের ঈশ্বরে বিশ্বাস করা আপনার (বিজেপি) মতো প্রতারককে বিশ্বাস করার চেয়ে কখনও ভাল নয়!!!!,angry
এটা কি বাধ্যতা ও চাপ ছিল????,sad
আর একজন ভবিষ্যত প্রধানমন্ত্রী পাওয়া গেল এবং মানুষ বেস শেআমের কথা ভুলে গেল।,angry
কেন আপনার হিন্দুত্ব এমন যে আপনার সমস্ত মিত্ররা আপনাকে পরিত্যাগ করেছে?,angry
"আমি ভেবেছিলাম বাকী আর্মিতে একজনই পাপ্পু আছে... এখানে তার ""বাবা""ও আরেকজন...",angry
বিজেপি বালাসাহেবের নাম নেওয়ার অধিকার রাখে না,angry
এর মানে ভারতে বেকারত্ব নয় কিন্তু ভারতীয়রা বেকার।,angry
এখন এই সংকটের সময়ে পাঠ করা হবে হনুমান চালিসা।,neutral
বালাসাহেব আগেই জানতেন নপুংসক কারা,happy
এয়ার ইন্ডিয়া গুজরাটে গিয়েছিল এবং একটি খেলনা বাস হস্তান্তর করেছিল যা দিনটিকে ভাল করেছিল,angry
বেচারা মেয়েটিকে তার নিজের লোকেরাই সাসপেন্ড করেছে... মতি তার নাকের চেয়ে ভারী হয়ে উঠছে...,sad
এইমাত্র উত্তর পড়তে এসেছিল যে ভ্যাগল্যার ডিঙ্গির নীচে মরিচ থাকবে।,angry
বর্ষা এলে গর্ত থেকে সাপ বের হয় আর নির্বাচন এলে নেতারা গর্ত থেকে বেরিয়ে আসে।,angry
তুমি কখন জাগবে?,angry
তিনি সাভারকরকে বিশ্বাসঘাতক বলেছেন। এটা কি সত্যি?,happy
গরুর গাড়িতে বাঁধা ষাঁড়ের একটি দুষ্টু হলে বাকিরা খুব রেগে যায়।,sad
বক্তৃতায় ব্রাহ্মণ জাত-পাতের নাম উঠলেই কি ভাবমুক্তি?,angry
বালাসাহেব ঠাকরের সাথে আপনার তুলনা করা কি উপযুক্ত?,angry
আগে যা আসে তার যত্ন নিন। রাষ্ট্র নিয়ে চিন্তা করবেন না,neutral
মিডিয়ার কৌশল হলো মানুষকে অতিরঞ্জিত আকারে উপস্থাপন করা।,angry
এই গোবর অকেজো।,angry
"ঘরে বসে থাকুন, মাইন্ড গ্রুপ আপনার ঠিকানা হ্যাক করতে চলেছে।",angry
এটা নির্বাচন নয়...এটা একটা যুদ্ধ...একটা ধর্মযুদ্ধ...পেছানোর কিছু নেই...,angry
শুধু অন্য লোকেদের কাছে স্ন্যাপ করা এবং যোগাযোগ করাও উপকারী নয়,angry
আপনি কি বাদাম?,angry
অন্তত গাধার কিছু কাজ আছে। এটি খাবারের ক্ষুধা ও তৃষ্ণার ওজন,neutral
এখন শুরু হবে সমবায় সমিতির নির্বাচনের লড়াই,neutral
ওই ছয় জেলায় কি যোগ্য লোক আছে?,neutral
এখন নানাও পাশে থাকবে… সে অনেক এগিয়ে নিচ্ছিল।,sad
আপনি কি কিছু আলো জ্বালাবেন এবং আগামী দুই বছর শুধু ঠাকরের নাম জপ করবেন?,angry
"বোন, তুমি লাফ দিতে পারবে না",angry
এই কথা বলে তুমি নিজেকে ব্যভিচারী বলে প্রকাশ করেছ...,angry
"আরও দুঃখের বিষয় হল, এমনকি করতালিও ছিল।",sad
দেখুন তারা কত মিথ্যা বলে। আপনার অন্তত টুইট করা উচিত,angry
"সেই ছেলেকে বলুন শ্রাদ্ধ করতে, যদি সে আগে বাবাকে না দেখায়।",angry
বাজার জনতা পার্টির নেতারা এত ভালো কেন?,angry
"শুধু তাই নয়, পক্ষপাতদুষ্টও",angry
এখন এটা কি? এত হতাশ?? এখনো মানুষের সাথে কথা বলে। কিছু চিকিৎসা নিন।,sad
এই লোকেরা কি তাদের সাধারণ জ্ঞান বন্ধক রেখেছে? আপনি কি মানুষ বোকা মনে করেন?,angry
"ডান্ডা তাই, তোমার ছবি বিড়াল হয়ে যাচ্ছে।",angry
"শিবসেনা পার্টি প্রধান শ্রী উদ্ধব বালাসাহেব ঠাকরে তার বাবার নয়, অন্য কারো",angry
বর্তমানে তিনি নেতৃত্বে রয়েছেন। নির্গুদকর অবসরে গেলেন তার সঙ্গে দামও গেল।,angry
আসলে এই বক্তব্যের জেরে রাজ্যের একজন স্বরাষ্ট্রমন্ত্রীকে পদত্যাগ করতে হয়েছে।,angry
কে এই বারামতির গোর্খা বা এই রাখাল কবে উলঙ্গ হয়ে দৌড়াবে?,angry
"ম্যাডাম, আপনি সহ সমস্ত ভারতীয়কে বোকা বলার আপনার শিল্প প্রশংসনীয়",angry
সংযুক্তি এবং সংযুক্তি দুটি অবস্থা!,neutral
বেশির ভাগ পুরষ্কার দেওয়া হয়েছে কাপড় খুলে ফেলার জন্য,angry
বলা হয় কাপ ভুল হয়ে গেছে... এবং লোগো চলে গেছে বলা হয়,angry
"ক্রীতদাসরা আবার একজন ক্রীতদাস রাষ্ট্রপতি নির্বাচন করেছে...তাই এটা ঠিক যে রাষ্ট্রপতি বদলেছেন, মালিক নয়।",angry
"ভালো লিখেছেন, এটা সহানুভূতি ভোটের নাটক মাত্র।",angry
"কৃষক বাবা কেন সবসময় একই ""দ্বৈত প্রকৃতি"" কে জানে?",sad
সে ঠিকমতো কথাও বলতে পারে না।,sad
"তাই এখন মহারাষ্ট্রীয় মানে আমরাঠি, হিন্দিভাষী। আমাদের পিঠে বসুন",angry
আমি বুদ্ধিমান নই...তুমি বোকা,angry
এই মন্ত্রিত্ব ছাড়া সব সরিয়ে দিন। গরীবের টাকা খেয়ে বড় হয়েছেন এই নির্মাতা,angry
নতুন সিডিএস নিয়োগ সংবিধান অনুযায়ী নয় - সংবিধান বহির্ভূত আইন,angry
ব্যাঙ্কগুলি সেভিংস অ্যাকাউন্ট বন্ধ করার জন্য ফি নেয়। এটা কি সঠিক?,angry
তাকে বলুন এই আটকে থাকা বাচ্চা কোথা থেকে এসেছে এবং প্রথমে নিজেকে ধুয়ে ফেলুন,angry
থোরাট চবন দেশমুখের এখন কোনো মূল্য নেই,angry
"একজন জিজ্ঞেস করলেন, আপনার রাজ্যের মুখ্যমন্ত্রীর নাম কী? জানাতে না পারলে মোদি ড",angry
ক্ষুধা ও ক্ষুধা তোমাকে ক্ষুধার্ত করে তুলেছে,angry
"ধন্য সেই চাটুকারিতা, যেখানে দেশের মর্যাদার চেয়ে ব্যক্তির ইবাদত বড় হয়ে যায়।",angry
"আজ ইংরেজিতে মারাঠি পুলকা নিয়ে আসা একটি চিঠি ভাইরাল হতে পারে, এটা কি মজার নয়?",angry
এই একই লবণ যা মেথি থেকে বের হয় কিন্তু ব্যথা কমানোর কোনো চেষ্টা করা হয় না।,sad
"আমেরিকা, রাশিয়া ও চীন তিন দেশের দানবীয় উচ্চাকাঙ্ক্ষা বিশ্বকে ধ্বংসের দিকে নিয়ে যাবে।",fear
এই কাজ কতদূর পৌঁছবে তার কোনো খবর নেই বর্তমানে।,neutral
একজন নেতা হল অনেকের চামচা যার কাজে অনেকেরই বাধা।,angry
একটি ছোট শিবদা যে কিছুই জানে না তাকে শেমবাদ বলা উচিত। অন্য কোন বিকল্প নেই।,angry
তোমার সিঙ্কে আগুন কেন?,angry
তোমার বাবার কয়টা মোরগ আছে?,angry
শুধু বাকি আছে চোকনাথকে অপহরণ করা,angry
আপনি এমনকি একটি শরীর লালন করতে পারেন?,angry
নির্বাচন ঘনিয়ে আসায় তেমনই কিছু ঘটছে।,neutral
মাতোশ্রীতে গিয়ে জিজ্ঞেস করুন এটা কি সত্যিই ছিঁড়ে গেছে?,angry
"গার্লফ্রেন্ডের জন্য দোকানে ঢুকে 'তিনি', ছুরি নিয়ে দোকানদারের উপর হামলা, আতঙ্ক তৈরি করল ঔরঙ্গাবাদে",angry
স্বতন্ত্র প্রার্থী নির্বাচিত হলে কী হবে? কিছুই অবশিষ্ট থাকবে না @,fear
কিন্তু সে হাসতে হাসতে বলে যে এটা রাও ঠাকরের খেলা ছিল।,happy
ভারত এইসব পাগল সিনেমায় ভরপুর,angry
রাজনীতিতে আসার পর কী করেছেন তা চিনতে পারছেন না,neutral
করোনার ভবিষ্যদ্বাণী সত্যি হওয়ার পর ভয়ঙ্কর ভবিষ্যদ্বাণী করলেন মহন্ত,fear
তবে মারাঠি শিল্পীরা চুপচাপ বসে আছেন। সুপারি সম্পর্কে কি?,angry
স্লোগান উঠলে পুলিশ প্রশাসন কী করছিল...! ঘরের কাজ ঠিকঠাক না হলে ছেড়ে দিন,angry
আপনার বস নোটিশ পাওয়ার সাথে সাথে ভয় পেয়ে গেলেন,fear
"আদালতের সিদ্ধান্ত এসেছে, কাকে বোকা বানাচ্ছেন????",angry
পরিস্থিতি এমন যে প্রতি মিনিটে দেরি করছে তারা।,neutral
মোদি শুধু তা ভাঙতে কাজ করেছেন।,angry
দুই শিশুর কুকুরছানা কেড়ে নিয়ে দেড় কেজি স্বর্ণসহ কোটি টাকার মালামাল লুট করেছে।,angry
আপনি আপনার চাকরি হারাবেন এবং নির্বাচনে জিততে পারবেন না। এটা লিখুন,sad
"এই ধরনের লোকেরা যে দলেরই হোক না কেন, তারা হিন্দু বিদ্বেষী।",angry
হ্যালো বন্ধুরা... ভিডিওটি দেখেছেন??,neutral
কুম্ভকর্ণের ঘুমে ঘুমিয়ে থাকা সরকারগুলোকে জাগাতে হবে। একদিন বেকারদের রাজপথে নামতে হবে।,angry
তাদিপার ও ফেকু কি মাঠ উপড়ে ফেলছে...?,angry
আপনার অনুসারীর অভাব সম্পর্কে অনেকেই হয়তো অভিযোগ করেছেন।,neutral
একটি কাজ সম্পন্ন করা হয় নি,neutral
এই বৃষ্টি কৃষকদের জন্য ভালো নয় এবং মানুষ অসুস্থ হয়ে পড়ে,sad
তাহলে কি তেলগির ছবি লাগাতে হবে????,angry
দুর্নীতিবাজ সরকারের বিরুদ্ধে লড়াই বেকারত্বের ধাক্কা বহন করছে।,sad
"হোলি উৎসবে গুন্ডামি, হোলিকা দহনে গোবর নিক্ষেপ নিয়ে বিবাদ, তিনজনকে গুলি করে... ./-/...",angry
তিনি যদি নিজের আত্মা পাওয়ারের কাছে বন্ধক রাখেন তাহলে আত্মদর্শন হবে কী করে?,sad
আরে স্যার বললেন এই বিষয়ে ঘেউ ঘেউ করবেন না,angry
অবশ্যই...ঘর ভাঙা না হওয়া পর্যন্ত এটা সম্ভব নয়...তবুও পুলওয়ামা গণহত্যার সত্য বেরিয়ে আসেনি।,angry
"আমি কখনই জিজ্ঞাসা করি না, কারণ... আমি 'উত্তর' ভয় পাই।",fear
বুদ্ধিমান লোকেদের বলা শুরু করবেন না যে মারাঠি মিডিয়া একটি বিকল্প কোণ।,neutral
"ভক্তদের কাজে লেগে যেতে হবে। না, বিকেসির ফ্লপ শোর পর এটা আরও এগিয়ে যাবে।",neutral
আসল পুনরুদ্ধারের দল হল কেন্দ্রীয় সরকার এবং অর্থ মন্ত্রক।,angry
মিউনিসিপ্যাল ​​কর্পোরেশন ক্ষমতায় থাকা অবস্থায় এই সমস্যা দেখা দেওয়াটা দুঃখজনক।,sad
এখন তিনি অনেক সমর্থন পাচ্ছেন। দাড়ি ঘোরানোর সাথে এর কোন সম্পর্ক আছে কি? এতে কোন সন্দেহ নেই!,neutral
রবিবার ইসরো কর্তৃক সফলভাবে উৎক্ষেপণ করা দুটি স্যাটেলাইট মহাকাশে পথভ্রষ্ট হয়ে ভুল কক্ষপথে প্রবেশ করেছে!,happy
সব মিলিয়ে ধনুষ্য যে হাত থেকে বেরিয়ে গেছে তা বলার মরিয়া চেষ্টা,sad
বিশ্বাসঘাতকদের ক্ষমা করা হবে না উদয় বিশ্বাসঘাতকদের অযোগ্য ঘোষণা করা হবে,angry
সরকারের এই স্বেচ্ছাচারিতা চলছে,angry
এই বিশ্বাসঘাতকরা তাদের যোগ্যতা দেখাচ্ছে,angry
"কিন্তু বাবা সাহেব আম্বেদকর নারীকে উপগ্রহ মনে করেন না, এটা দুঃখজনক।",sad
কাভাদি শচীন পাইলটের যোগ্য নয়।,angry
তার কোভিড চালু ছিল,neutral
দেশে স্বৈরাচার শুরু করে তারা নিজেরাই খুশি।,angry
এটা সঙ্গে সঙ্গে গদা আঁচড়ের জন্য এসেছিল... নেকড়ে,angry
"আমি জানি লেখার পিছনে আপনার কোন অনুভূতি নেই, তবে কথাগুলো অবশ্যই ঠিক নয়। আমি এটা বলেছি কারণ আমি এটা ভুল ভেবেছিলাম",neutral
বুঝুন একজন মানুষ কতটা নমনীয়।,angry
"রিটুইট করে এই ভিক্ষুকদের এত গুরুত্ব দাও কেন, ঘেউ ঘেউ করুক,",angry
"না, মনোযোগ দিয়ে পড়ুন।",neutral
নিজের গ্রাম পঞ্চায়েতের জয়ের ভবিষ্যদ্বাণীও করেছেন বাপ্রে?,happy
সকালে শপথ নেওয়ার সময় নীতি ভুলে গিয়েছিলেন ফড়নবীস...,angry
"এটি ইনস্টাগ্রাম নয় যে রাজাকে অনুসরণ করার পরে এবং অনুসরণ করার পরে, বেবি",neutral
আমার কি টুইটার ছেড়ে দেওয়া উচিত..এটা কি বড় স্টিক # নাকি স্যার...আমি মনে করি না,neutral
তাহলে কি আপনি সমাজে মিথ্যা প্রচারের দায়িত্ব নিয়েছেন?,angry
প্রথমে প্রমাণ করুন যে আপনি এতে অবদান রাখছেন না,neutral
এটা বালাসাহেবের অপমান।,angry
যারা বলে তাদের সাথে জোট নেই তারা বোকা,angry
"যতই চিঠি লিখুন না কেন, পাত্র থেকে বের হবে না।",neutral
আমি একই সমস্যা আছে,neutral
এক তারারও মূল্য নেই,angry
"আমিও একবার ওকে এভাবে ভালোবেসেছিলাম, কিন্তু সে মেনে নেয়নি।",sad
ধরে নিবেন না সে ভালোবাসে না,sad
বক্তৃতার সময় যারা হাততালি দেয় তাদের কানে শাক বাজানো উচিত।,angry
"ভাই ও বোনেরা, আমাদের অবমূল্যায়ন করবেন না, যদিও আমরা দীর্ঘদিন ধরে আছি, আমরা এখনও অবদান রাখছি",happy
সত্যি কথা বলতে অনেক মায়ের রাগ হয়.. এই তোমার…।,angry
আমার নীতি হল মিথ্যা মতামত বলা এবং মতামত শোনা,neutral
"কেন তুমি আদিত্যর বিয়েতে, সে বিয়েতে তোমার সাথে কথা বলবে না।",angry
বিশ্বাসঘাতক ধরা পড়লে পদত্যাগ করতে যাচ্ছিল...,angry
"""কবে থেকে আমরা আপনার সিংহাসনে বসতে প্রস্তুত...""",happy
দুজনেই বৃষ্টির মতো খুব বুদ্ধিমান।,neutral
কেন বছরের পর বছর ভিক্ষা করতে গেলেন মাতোশ্রী?,angry
যাঁরা যোগ্য নন তাঁরাও আজ শিবসেনাকে নিয়ে চিৎকার করছেন।,angry
তোমার কথা কেন?,neutral
ব্যক্তিত্বও অনুপ্রেরণাদায়ক হবে না...তারা যা পায় তাতালি...তারা এই নির্বাচনে বুঝবে...,angry
"এই ""বিহারি"" মহারাষ্ট্রকে লাল করতে পারে!!",angry
"পন্ধরপুর, কোলহাপুর, সাহেবের মাহাত্ম্য কোথায় ছিল?",neutral
এমনকি যদি কেউ আপনাকে জিজ্ঞাসা করে কেন ... আপনি নিজেকে মহানতা দেখিয়ে কি পান?,angry
অর্থের লোভে মানব বলিদানের জন্য দুই মধ্যবয়সী নারীকে হত্যার চাঞ্চল্যকর ঘটনা প্রকাশ্যে এসেছে।,angry
মুম্বাই পুলিশ কাজ করছে না দয়া করে নোট করুন,neutral
এটা বিশ্বাসঘাতকদের পরিণতি,angry
কাজ এবং ন্যায়বিচার সরাসরি দান! তাহলে কেউ পিছু হটবে কেন?,neutral
এই বিধায়করা নিজেরাই এগিয়ে এসে নির্বাচনের কথা বলছেন,angry
"হ্যাঁ, এগুলো অভিজ্ঞতার বিষয়, আমার সাথে আর কিছু আছে কি?",sad
"ভয় পেয়ো না, চোর তো চোর... আর তাকে চোর বল",angry
অভিব্যক্তির অভাবও অসম্পূর্ণ সম্পর্কের কারণ হতে পারে...,sad
আমি একঘেয়ে হয়ে যাচ্ছি কিন্তু... ফাটল ছাড়া সব মজা বৃথা...,sad
বিজেপির প্রাণে তিনি নির্বাচিত হয়েছেন,neutral
"যদি না হয়, আমাদের মুখে টাকা ছুঁড়ে দিন এবং আমরা এটি তৈরি করব",neutral
তবে নির্বাচন বিনা প্রতিদ্বন্দ্বিতায় হবে না।,neutral
এই কাজটি করা হচ্ছে কারণ আজকাল দত্তকে নিরাপদ রাখা একটি কঠিন কাজ।,neutral
নিশান আসল মহারাষ্ট্রের ঢাল ও তলোয়ার,happy
কোন মায়া আপনার মায়া নয়.,neutral
চোখ আছে নাকি? কেন কিছু চলে গেছে? চোখের দিকে তাকাও...বুঝবে।,angry
আর এই চিনি শিল্পকে ধ্বংস করতে আপনার পরাশক্তি দানব!,angry
জনপ্রতিনিধিরা যদি এভাবে রাজপথে নামতেন তাহলে এই দুঃসময় আসত না।,sad
. সবাইকে বারবার বলতে হয়।,neutral
আপনি কি বিশ্বাস করেন যে বিজেপি হিন্দুত্ববাদী ধর্ষণ আরতি করবে????,angry
এই ধরনের কুকুর প্রতিদিন বাক্সে ঘাড় রেখে ক্ষুধার্ত মরে। তারা বুঝবে। খ্যাতি লাঠি,angry
এই ভক্ত গ্যাংকে ধ্বংস করতে হবে... রংবিল্লার শিষ্যরা মারাঠিদের নিয়ে মজা করতে পছন্দ করে।,angry
এটা কি প্রয়োজনীয়? ভালোকে ভালো বলা কি সাংবাদিকতায় খাটে না?,neutral
"ভারত হারেনি, ইংল্যান্ড জিতেছে নির্মলা আত্যা",neutral
"খাওয়ার পর মলত্যাগ করবেন না, এতে দূষণ হয়",angry
এই শূকর কে? ভারতের সবচেয়ে বড় চোর,angry
"এটা গণতন্ত্রের উপর আক্রমণ...আপনার উচিত অসাংবিধানিক সরকারকে প্রশ্ন করা, তাদের এজেন্ডা চালানো উচিত নয়।",angry
এটি কালো পাথরের উপর আঁকা একটি রেখা... নির্বাচন কমিশন কেন্দ্রীয় সরকারের নিয়ন্ত্রণে আসে।,neutral
এনসিপির এই পোকারা জাতপাত ছাড়া কিছুই করতে পারে না,angry
"দিলসা সরকার, বিচার বিভাগ অন্ধ...বোবা, বধির হয়ে গেছে...নির্বাচনী প্রতীক নিয়ে সিদ্ধান্ত নেবে নির্বাচন কমিশন",sad
"হ্যাঁ, আগে অপমান আর এখন মানুষ সহানুভূতি পাবে কেন?",neutral
"দুঃখ বাড়ছে না, সুখ কমছে।",sad
এই ভিড় সঙ্গীতশিল্পীদের জন্য ভীতিকর।,fear
রাণের নাম নিতে ভয় পান?,fear
"রাজ্যসভা এবং আইন পরিষদের সময়, শুধুমাত্র ক্রীতদাসদের খারাপ লাগত।",sad
এখন এটা নিশ্চিত যে মহারাষ্ট্রে ক্ষমতার লড়াই নিয়ে শুনানি চলবে।,neutral
বৃষ্টির কারণে ভারত বনাম নিউজিল্যান্ডের অনুশীলন ম্যাচ বাতিল।,neutral
"সবার মধ্যেই উদ্যম ও বিশ্বাস ভরপুর, কিন্তু ভেতরেও আছে বেকারত্বের ভয়।",fear
তোমার মা কি টুইটারে আসে প্রেমের জন্য স্বামী খুঁজতে,angry
তাহলে নারায়ণ রানে কী করবেন? এটা তার প্রতি অন্যায়!,angry
আচ্ছা! উদ্ধব ঠাকরে কি এখনও বিধায়ক?,neutral
"মহাবিকাশ আঘাদি গঠিত হলে সবার ছবি থাকবে, এত তাড়া কেন?",angry
অমৃত বচন...? কি ধরনের...?,happy
"আরে, তিনি একজন বিখ্যাত সাংবাদিক",angry
"আন্টি, এই ভবঘুরেরা ক্ষমতায় এলে কেন ধর্ষকদের ক্ষমা করা হয়, তাই না?",angry
তাই হয়তো লেখা হতো না কারণ আমার কাছে মহারাষ্ট্রের এমের চেয়ে গুজরাটের গু বেশি ভালো লাগে।,neutral
আপনি কি মনে করেন মানুষ কিছুই জানে না?,neutral
ইনি কি নোংরা সাংবাদিক?????,angry
নিজ দলে থেকে তাদের পরাজিত করা কি ভালো লাগে?,neutral
"হায় ভগবান, তারা যখন খুব ভোরে শপথ নিল, তখন কি বিজেপির মনে হিন্দুত্বের চিন্তা ছিল না?",angry
"আসন খালি থাকলে বক্তৃতা চলে, তাহলে সংখ্যা কম হলে স্কুল বন্ধ কেন?",neutral
আজ রৌদ্রোজ্জ্বল তাই ধন্যবাদ জানাতে কোন সমস্যা নেই মোদীজি।,neutral
গত বছরের আদালতের রায় দেখুন। অন্যথায় এই লোকটিও সবসময় বাজে কথা বলে,angry
তোমার কি আর কোন খবর আছে?,neutral
এটা আমাদের বোধগম্যতার বাইরে,neutral
এমন বিজ্ঞাপন করে কী দেখাতে চান আমির খান?,happy
ভোটের বাধ্য...কী হবে মহারাষ্ট্রের?,sad
ঠাকরে গ্রুপের কাছে ধাক্কা! তিনজন বিশিষ্ট শিবসেনা নেতা সহ সাতজনের বিরুদ্ধে মামলা দায়ের করা হয়েছে।,neutral
কেমন যেন ফ্রিতে খাওয়ার অভ্যাস হয়ে গেছে মনে হয়,angry
এটা করবেন না... সবই দলীয় প্রতীক ও নামের খেলা,neutral
যে ভদ্রলোককে অতুল ভাখালকরের ভাই বলে মনে করা হয় তিনি অনেক ছুঁড়ে ফেলেন এবং দুজনেই দেখতে একই রকম।,neutral
"গুজরাটির সঙ্গে করমর্দন, মারাঠি ভাষা ছাড়লেন কেন রাজ ভাউ?",angry
"কি বলবো...? বিভূতির স্রষ্টা, আট বছরে কী অপেক্ষা করছে দেশ...",angry
ফোসকা ছাড়া আর কি আসে?,angry
এক সময় রূপার চামচ ছিল... কিন্তু এক সময় ছিল রূপার চামচ...,neutral
পর্দার আড়ালে স্ত্রীর কাছ থেকে ঘুষ নিতেন স্বামী,angry
দাদা আমি কি আপনার নাম্বার পেতে পারি? আমরা আপনার কাজ করার উপায় পছন্দ করি,happy
মনে রাখবেন পুনে মেট্রো গরীবদের জন্য অভিশপ্ত মেট্রো হতে চলেছে,fear
প্রতীক এবং নাম জমা করার সময় আপনার মুখে কোন শব্দ আছে?,angry
একজন সাইকোপ্যাথের এত নিম্ন পর্যায়ে কথা বলা উচিত নয়।,angry
"চাবি দেওয়া হল, কিছু কথা বলবে, কথা বলার পুতুল ছাড়া আর কিছুই নয়।",angry
সাংবাদিকরা সত্যিই দালাল হয়ে গেছে,angry
বয়স বাড়ার সঙ্গে সঙ্গে ছগন ভুজবলের বুদ্ধিমত্তাও কমছে।,sad
একজোড়া স্নিকারের সন্ধান করুন যা পিচ্ছিল হবে না।,angry
তিনি এই মুহূর্তে এই কথা বলতে পারে.,neutral
আপনি কি নির্বাচন থেকে সরে আসতে চেয়েছিলেন নাকি মুম্বাই মিউনিসিপ্যাল ​​কর্পোরেশন নির্বাচনের আগে প্রতীক স্থগিত করার ষড়যন্ত্র হয়েছিল?,happy
"বিড জেলার কৃষকদের সাহায্য করুন, কিছু ভেজা খরা ঘোষণা করুন",sad
হিন্দুত্ববাদী দল বলতে শুধু... তবে বাকি ধারায় সবুজ চাদরের প্রতি ভালোবাসা...,angry
নাম প্রত্যাহার করে কীভাবে বিজেপি এই আসনটি হারাচ্ছে তা অনুমান করতে পারবেন না?,neutral
সহানুভূতি বাড়ল কি না জানি না তবে মানিব্যাগের ওজন অবশ্যই বেড়েছে।,angry
অতিরিক্ত চায়ের গুঁড়া মিশিয়ে কেউ কি আপনার রাজনীতিকে তিক্ত করে তুলছে? পঙ্কজা মুন্ডে বলেছেন...,angry
"ভাই, ছোটবেলায় অনেক বই পড়তাম, এখন ফোনের কারণে উৎসাহ কমে গেছে।",sad
বর্ষা ভারার সভায় তোমাকে ঠোকলা বলা হয়... এটা কি সত্যি?,angry
মূলত এরা বালসৈনিক নয় কারণ তারা বাল ঠাকরের মতের সাথে একমত নয়।,neutral
"আরে আপনার ভাষা কি রানে চাচা, নিজের কাছে কি আশা করেন?",angry
ভক্তরা এই ভিডিওটি পছন্দ করবেন না...,neutral
তিনি একজন মাথাবিহীন শচীন সাওয়ান্ত এবং এখন তিনি একজন অর্থের মানুষ।,angry
শরদ পাওয়ার হতে হলে সেই পিজ্জা জলে ভিজতে হবে না।,neutral
এটা দেখে দাভোর আত্মাও মারা গেল।,sad
এই সব বানর ভোজ্য!,angry
ঠাকরে গ্রুপের নেত্রী সুষমা আন্ধারেনের বিরুদ্ধে মামলা দায়ের করা হয়েছে; এখন কি গ্রেফতার হবেন ভাস্কর যাদব?,neutral
তো তোমার খাজ সাহেব অন্যের বাবার কাছ থেকে সুপারি চুরি করে।,angry
"নির্বাচন শুরু হতে চলেছে, তাতে কি টস-টস হবে?",neutral
বৃষ্টি এবং বজ্রপাত,neutral
ফিতুর ইতিহাসে ছিল এবং বর্তমানেও আছে।,angry
আমার ভাইকে হারিয়ে তুমি কি এভাবে সাড়া দিয়েছিলে?,angry
চল্লিশতম দেশদ্রোহী বিজেপি বিধায়ক সপ্তদশ পতাকা তুললে কী হবে?,angry
এই ইডিয়টস মেম জনসাধারণের ভোট জিতেছে কিন্তু নিরাপত্তা আমানত বাজেয়াপ্ত করা হয়েছে।,angry
এই সিদ্ধান্ত মারাঠা সম্প্রদায় নেয়নি।,sad
"আমরা খুব একটা মজা পাইনি...আজ আমাদের ছুটির দিন ছিল, আমরা বৃষ্টিতে বাড়িতে থাকতে চাইনি",neutral
তারা এটা বোঝে কিন্তু মুখ ফিরিয়ে নেয় না।,neutral
তাঁর বাবা ছিলেন সাধু ঐতিহ্যে সমৃদ্ধ মহারাষ্ট্রের মুখ্যমন্ত্রী।,sad
বিজেপি জানে না দেশে তার অবদান কী...,angry
অভিযোগের এখনও সুরাহা হয়নি।,neutral
জানে কতটা দুর্নীতিবাজ সেই এজেন্ট,angry
এর মানে কি আপনি ফড়নবীস স্যারকে বিশ্বাস করেন না? বাড়ির মালিক কে?,neutral
"আর এই বিজেপির দশম জন্ম ধনু ভাই, বিস্ফোরণের জন্য প্রস্তুত হন।",neutral
"এই বক্তব্যটি ছত্রপতি, শাহু, ফুলে, আম্বেদকর প্রেমীদের জন্য বিতর্কিত।",angry
"আপনি একটি ছুরির পরিবর্তে একটি তলোয়ার ব্যবহার করবেন, কিন্তু শুধুমাত্র পিঠে।",angry
কিন্তু আমার সাথে কেন এমন হচ্ছে?,sad
এই খবর যদি ইউপিতে থাকত তাহলে কি এতদিন চুপ থাকতেন?,angry
আমরা মহারাষ্ট্রপ্রেমীরা কিছু শিশুসুলভ মানুষকে এটা বোঝাতে বাধ্য নই,angry
ফড়নবিস নিয়োগে কীট...,angry
"একটি খড়ের গাদায় একটি সুই খুঁজে পাওয়া একটি কঠিন কাজ, অবশেষে একটি পাওয়া গেছে",happy
আমাদের আংশিক জ্ঞান নেই। অন্ধ ভক্তরা সম্পূর্ণ অজ্ঞ।,angry
"এই নারী, এই জল্পনা গত মাসে কোথায় ছিল? জয় মহারাষ্ট্র",neutral
থাপ্পড় মারা...আর বিশ্বাসঘাতককে মনে করিয়ে দেওয়া...কী লজ্জার।,angry
আগে জ্বালাতন করা এবং পরে প্যাম্পার করা কত সুন্দর। আপনার লজ্জা হওয়া উচিত,angry
"আরে, এই তো তোমার পুনের নতুন ভাস্কররা করেছে",angry
সেখানে তিনি আবা পাতিলের সাথে দেখা করেন এবং একটি মারাঠা সম্প্রদায়কে চূর্ণ করেন,angry
কাশি এবং কাশি যখন আপনার ডায়রিয়া হয়... আপনি কি শ্বাসকষ্ট অনুভব করবেন?,angry
এটা একটা লক্ষণ,angry
এটা একেবারেই সত্য যে প্রচেষ্টা এবং ব্যর্থতাকে সম্মান করা হয় না....,sad
"প্রতিবাদ, প্রতিবাদ, প্রতিবাদ... কোন পর্যায়ে যাবে, এ এক ভয়ঙ্কর বিকৃতি...",angry
এই কুকুরগুলো কথা না বলে পিঠে চড় মারার যোগ্য,angry
এই বাগটির কি টুইটার অ্যাকাউন্ট আছে??,angry
গতকাল যোদ্ধা আরজকে প্রত্যাবর্তনের জন্য সিজদা করা হয়েছিল। কাদিয়া খোর,angry
আজ কাজ সেরে এক কাপ চা আর মন দুটোই খাই।,sad
আজকাল রিকশাচালকরা পাগল ও খুনি হয়ে উঠছে।,angry
এটাকে বলে ভক্তি...ধন্য অন্ধ ভক্তরা এবং তাদের ভক্তি।,angry
মা: রাস্তায় গিয়ে দড়ি ভেঙে গলায় ঝুলিয়ে রাখলে বুঝবে?,angry
মোদীর এমন অপমান বরদাস্ত করা হবে না... নিষিদ্ধ...,angry
সংবিধান কি ফাঁদে ফেলেছে? তাহলে এভাবেই রাজনীতি হচ্ছে!,neutral
"আস্তা এলাকায় বিদ্যুৎ বিপর্যয়; অনিয়মিত লোড নিয়ন্ত্রণ, বিদ্যুতের বিল বৃদ্ধি ও অসুবিধায় ভোগান্তিতে পড়েছেন নাগরিকরা।",sad
উভয় চিহ্নই ভুল এবং তাই পোস্টটি এলোমেলো।,neutral
আপনি একা কিভাবে সামাজিক মতামত নির্ধারণ ক্ষমতার অহংকার,angry
এসব লোকের দ্বারা আমাদের হিন্দু ধর্মের বদনাম হয়।,sad
বিশ্বাসঘাতকরা উদ্ধব বালাসাহেব ঠাকরে নামের মূল্য জানবে,angry
"তুমি শুধু মুরগি চুরি করতে থাকো, বাকিটা পরে দেখব।",angry
আপনার আবেগকে নিয়ন্ত্রণ করার জন্য আজকের দিনটি আপনার পক্ষে কম হবে,angry
এই মানুষগুলো কি পাগল?,angry
রাউতশেঙ্কা রাষ্ট্রীয় ও বেসরকারি ক্রিকেট অ্যাসোসিয়েশনকে এক এবং অভিন্ন মনে করেন। সবেমাত্র!,angry
"শোন, কি হয়েছে? একটি গর্ত আছে না?",angry
মনে হচ্ছে আপনি হোর্ডিং করে দাম বাড়ানোর কথা ভাবছেন...জনবিরোধিতা,angry
তিনি অবশ্যই একজন ভক্ত। মানসিক প্রতিবন্ধী,angry
কোন পরিমাণ বিষাক্ত খাল আপনাকে সাহায্য করবে না...মহারাষ্ট্রে আপনার পরাজয় নিশ্চিত।,angry
সে সময় মৃত্যুকে নিজের হাতে তুলে নেওয়ার প্রথা বেশির ভাগই চাঙ্গা হয় জেল থেকে বেরিয়ে আসার পর।,angry
বাবলা কি? কোন আগুন আছে?,happy
এটি জলেবি তৈরির মতোই। অমরাবতীর মানুষ তখনই তাকে হৃদয়ে নিয়ে যায়।,angry
"সত্যের মৃত্যুর পরে, উদ্ধবের মন গভীরভাবে প্রভাবিত হয়েছে ...",sad
তাহলে জোটের আগে আত্মসমর্পণ করে নির্বাচনে লড়তে হলো কেন?,neutral
"ভাটালকার যখন জিজ্ঞাসা করলেন কেন সেখানে কেউ নেই, তখন তার ভ্রুকুটি করার অভ্যাস হয়ে গেল।",angry
"পতনের পরও বিজেপির উন্নতি হবে না, এই হল নিষ্ঠুরতার উচ্চতা।",angry
"দেখুন কে এখন প্রতারিত হয়? হাড় নিয়ে দুশ্চিন্তা, পরে আর পাবেন না",angry
তাই সকলেই প্রকাশ বাবা আমতে ছিলেন না,happy
"নিরামিষ হিন্দু জাতি কেন? যদি হ্যাঁ, আমিষভোজী হিন্দুদের কি হবে?",neutral
"ভোসারির প্রশ্ন, খোদ হিন্দু সংগঠনকে প্রশ্ন করা হলে তারা এত ক্ষিপ্ত হচ্ছেন কোন স্তরে।",angry
"নন্দী জামিন, যিনি মাথা নাড়ান, তিনি মুখ্যমন্ত্রীর সাথে দেখা করেছেন কি না বুঝতে পারছেন না...",angry
প্রার্থিতা বাতিল হবে বলে এই নাটক নিশ্চয়ই করা হয়েছে,angry
"আপনি কপর্দীর কথা বলছেন না, এখনো অপরাধীদের শাস্তি হয়নি।",angry
এসব সিমেন্টের রাস্তার কারণে বর্ষাকালে শহর প্লাবিত হয়।,sad
"এর উত্তরে ভক্তরা বলবে, সাধুদের বংশবৃত্তান্ত জিজ্ঞাসা করা হয় না।",neutral
করনা হাততালি দিয়ে চলে গেল...দেখ বৃষ্টির জন্য কিছু আছে?...,angry
"স্যার, আপনি এই পরীক্ষায় ফেল করবেন - নিবেদিত শিব সৈনিক।",angry
মুখ্যমন্ত্রীর পদে বসে আমি এতটাই উত্তেজিত ছিলাম যে আপনার ধীরগতির চিন্তায় মনোযোগ দিলাম না।,angry
মিডিয়া কোথায়? ....তাহলে আপনি ভাড়ার জন্য কে?,angry
"তিনিও হাততালি দিয়ে বললেন, আরে ম্যাডাম, সাংবাদিক হলে বলুন।",neutral
একই নামের একটি প্রাইভেট লিমিটেড কোম্পানিতে গোলমাল দেখা দিয়েছে। অর্থাৎ যে পালাবে না,neutral
"আরে, দেশদ্রোহিতার কথা বলে কমলাবাইয়ের শিষ্যরা এত উত্তাপ ছুড়ছে কেন?",angry
বিশ্বাসঘাতকতার কোন ক্ষমা নেই..!! তাদের বিরুদ্ধে ব্যবস্থা নেওয়া হবে..!!!,angry
আজও ছেলেরা তিন থেকে চার কিলোমিটার হেঁটে স্কুলে যায়।,sad
এটা সত্য যে অপমান হয়েছে...বিজেপি মহারাষ্ট্রের সাথে আছে...,angry
"ড্রাইভার দেখতে বড়লোক, চোর হবে ভিখারি, তাই তাকে অন্তর থেকে ক্ষমা করে দিন। - একজন উদারপন্থী",neutral
মাথায় পড়লে কি হবে? মাননীয়। বালা সাহেব প্রথম থেকেই কংগ্রেস ও জাতীয়তাবাদী কংগ্রেস চাননি।,angry
আমাদের দুর্ভাগ্যবশত এই ধরনের সাংবাদিক মারাঠি ভাষায় আছে,sad
কোন উপায়,neutral
রাজ সাহেব সেই দাদাকে কিভাবে সরিয়ে দিলেন জানেন?,angry
এই জাত বারোজনের ঘরে... ধপ্পাকান পিটে,angry
বসলে তাদেরও খারাপ লাগে।,angry
"আগে নিজের দিকে তাকান, দেখুন পুরন্দর দলের বাকিরা পাবে কি না",neutral
"সবাই দরগা ও মসজিদ দেখতে অভ্যস্ত, তাই এটা গ্রহণযোগ্য নয়।",neutral
"এখন বুঝলাম কেন তোমার ধুতি নেই, তুমি একটা ন্যাকড়া থেকে পাতলা ব্লাউজ সংগ্রহ করেছ।",angry
"এরপর কী হল, ভেঙে গেল?",angry
চম্পার কাজ কি?,angry
আপনি কোন কোর্স করছেন?,angry
আমি এখনও বুঝতে পারছি না,neutral
"এটা পুনর্গঠিত কৃষকদের প্রতি অবিচার, আমরা কোনো সুফল পাচ্ছি না",sad
"একে বলে পলায়ন, পিছু হটা নয়, এই তো শুরু।",angry
সবচেয়ে বড় ভ্রান্ত ধারণা হলো মানুষ ধরসোদ মনোভাবে ভোট দেবে।,angry
ভারত কবে ভাঙল নাকি ভারতকে এক করার আন্দোলন করছেন?,angry
"আরে স্যার, যারা ম্যাচ পড়ে না, আপনি আপনার মতামত প্রকাশ করছেন কেন?",neutral
সেনাবাহিনীর উত্তেজনা বেড়েছে! উদ্ধব ঠাকরের প্রার্থী কি বিধায়ক একনাথ শিন্ডের পরে লড়বেন?,happy
যথারীতি এটি একটি জাল কাজ যা বিজেপির আইটি সেল বেবি করেছে...,angry
এটা নিশ্চিত যে অতুলের মাথায় চোট লেগেছে।,angry
"বালা সাহেবের দল, তিনি পার্টি শুরু করলেন এবং তিনি শেষ করলেন, এটা তাঁর ইচ্ছা, আমাদের সম্পর্ক কী?",happy
এই দুর্নীতিবাজ ছাগনা কেন আমাদের শেখাবে?,angry
বিজেপির কারণে পুনেতে সবকিছু মাইনাস হয়ে গেছে,sad
আমার সকল পুলিশ ভাইদের প্রতি গভীর শ্রদ্ধাঞ্জলি যারা দায়িত্ব পালন করতে গিয়ে শহীদ হয়েছেন।,happy
"আগে থেকেই যদি সিদ্ধান্ত হয়ে থাকে, তাহলে বৈঠকে কী মুখ দিয়ে বলা হলো?",angry
"সেখানে টাকা পাওয়া গেছে, এখানে বিজেপি শক্তিশালী, তাই কাউকে টাকা দেওয়া হয়নি, তাই এই সব।",angry
এই ইতিহাসের পুনরাবৃত্তি হচ্ছে। শরীরে এলে শিং-এর কাছে নিয়ে যান।,happy
"বিজেপির লোকেরা, আগামী কয়েকদিনে আপনাদের অবস্থা খুব খারাপ হতে চলেছে।",angry
'মারাঠি অস্মিতা ওয়ারলির রে কি গুতার্চা' পছন্দ করতে শুরু করেন।,angry
ধ্বংসের সময় উল্টো বুদ্ধি দিয়ে চলে গেছেন বিজেপি নেতারা।,angry
হিন্দু মেয়েরা জ্ঞান অর্জন না করা পর্যন্ত এটি চলবে,angry
অশিক্ষিতরা অশিক্ষিত,angry
সঞ্জয় যাদব রাজ্যসভায় হেরে গেলে সংস্কৃতি কোথায় গেল? বক্স বিকৃতি,angry
ছন্দ পরিবর্তন হয়,angry
সাতড়ায় গাড়ি ও টেম্পোর মধ্যে মর্মান্তিক সংঘর্ষ; ঘটনাস্থলেই মানুষ মারা যায়,sad
"এরা বিশ্বাসঘাতকদের থাবা,",angry
এই প্রশ্ন সকল সাধারণ মানুষের কাছে যে এত বিপুল পরিমাণ অর্থ আসে কোথা থেকে?,happy
আপনি যখন টুইট করেছিলেন তখন আমাদেরকে এখন কতক্ষণ অপেক্ষা করতে হবে তা আপনি আমার কাছে রাখেননি কেন?,angry
অন্য কোন নাম প্রস্তাবিত? কেন আফজাল খান?,angry
মৌন মোহনের মতো চুপ থাকতে শিখলেও অনেক কিছু পাওয়ার আছে,angry
দেশ ও রাষ্ট্রের ব্যান্ড বাজতে শুরু করলেও যারা গরীবের কাছে গেছে তাদের ব্যান্ড বাজতে শুরু করেছে।,angry
এবং বিশ্বাসঘাতকতার জন্য আপনাকে ধন্যবাদ!!!!!,angry
সে একজন ভিখারি.. কেউ না চাইলেও সে ভিক্ষা করছে। চাম্যা !,angry
"চুন কমিশন আছে, শুধু চুন প্রয়োগের কাজ চলছে।",angry
"তাই, নামকরণ বিভাগ তাদের নাম পরিবর্তন করার সিদ্ধান্ত নিয়েছে – “ফ্লাটারিং ক্যাসাভিস”!!",angry
এটা করতে হবে... কেন লাল হয়ে লাল হয়ে উঠতে হবে?,neutral
এক মালীতে সব টাকা। রাজনীতি হ্রাস করুন এবং বেকারত্বের দিকে মনোনিবেশ করুন,neutral
এই মিথ্যা দেখাতে হবে... নইলে তার দল বাঁচবে কী করে ঘর ভরবে।,angry
এটা বলা যাবে না যে সব পক্ষই এই ষড়যন্ত্র চালাচ্ছে।,angry
আমি কি মারা যাচ্ছি? তুমি আমার চোখে জল এনেছ!,sad
তাদের একমাত্র উদ্দেশ্য ছিল শিবসেনার নির্বাচনী প্রতীক দখল করা।,angry
কারো কাছে অভিযোগ করতে গেলে অনেক রিকশা ট্যাক্সি চালক অস্বীকার করে।,neutral
এই লোক মহারাষ্ট্রে খরা ডেকে আনবে,angry
এটা অকেজো ছিল,angry
আপনি নীরজ চোপড়ার থেকে অনেক এগিয়ে গেছেন।,happy
এটা কি ভেজা ছিল?,neutral
তাকে উন্মুক্ত করে মারধর করা উচিত কারণ সে একজন মানুষ।',angry
"মুম্বই প্রতি বছর হয়, তার ভাস্করদের সম্পর্কেও কথা বলুন।",angry
"দাদা, আমাদের ভিক্ষা করার অভ্যাস নেই।",happy
উদ্ধব ঠাকরের নির্বাচনে জেতার জন্য এটি একটি অন্যায্য পরিবেশ।,angry
আর এটা যদি সত্যি হয় তাহলে সে কি উলঙ্গ হয়ে গাধার পিঠে বসবে????,angry
এই উদ্ধৃতিটি বৈশাখ নন্দনের কাছ থেকে…..ওয়াআআ অনিচ্ছাকৃত ভুল….আপনার গলা পরিষ্কার করুন!,angry
"বিজেপি রাজবংশের অবসান ঘটাতে চায়, তাই এইসব স্বপ্ন দেখবেন না রাজ সাহেব।",neutral
আপনি সর্বদা তাদের অনিয়মিত বিদ্যুৎ সরবরাহ করেন.. এবং তাদের নিয়মিত বিল সময়মতো পরিশোধ করেন.. এটাই তাদের শাস্তি..,angry
"উন্নয়নের নামে স্মার্ট সিটি, জনগণের সঙ্গে প্রতারণা ও রাজনীতিবিদদের সম্পদ লুটপাট দেখা যাচ্ছে।",angry
"শুধু বারামতির পেঁয়াজ নয়, পুরো জমিই নষ্ট হয়ে গেছে।",angry
চিন্তার নিম্ন স্তরের দিকে তাকান। এ ধরনের বিকৃত মানসিকতা সমাজের জন্য খুবই বিপজ্জনক।,angry
"তোমার জন্য কি প্রযোজ্য, অসহায়ত্ব?",neutral
সুম্ভা পুড়ে গেছে কিন্তু পিল এখনো যায়নি,neutral
প্রতিবেশী রবির সাথে আমাদের ঝগড়া হয়েছিল তাই এই বছর রবির লাডু বাতিল করা হয়েছে!,neutral
কাঁধে বন্দুক রেখে দেশদ্রোহীদের এজেন্ডা চালিয়েছেন বলেই নক্কি বালা সাহেবের শ্যালক।,angry
"আমি রাজি, সঞ্জয় এটা করতে হবে. বুদ্ধ",angry
শান্ডি জানওয়ে প্রাচীন কাল থেকে যে কোনো কিছু খাচ্ছে... এমনকি মাটিও।,angry
হাফপ্যান্টে নয়..মলদ্বারে,angry
"এটা ঠিক নয়, মিস্টার প্রেসিডেন্ট। সময় যে কাউকে আক্রমণ করতে পারে",neutral
শুভ সকাল!!! আজই অশ্রুসজল মুখ এবং অশ্রুসিক্ত প্রতিক্রিয়া দেখতে প্রস্তুত হন...,neutral
"আপনি আপনার আত্মসম্মান বিক্রি করে ক্ষমতায় এসেছেন, তাই আপনাকে দেবেন্দ্র জি সম্পর্কে কথা বলার যোগ্যতা নেই।",angry
"বুদ্ধিমত্তার ক্রমাগত উন্নতির প্রয়োজন আছে, দাসা জি!! তুমিও পাপ্পুর মত",angry
এমনটা হলে মহারাষ্ট্রে কত উদ্যোক্তা আসবে...,angry
আপনার মত বিশ্বাসঘাতকদের এটা নিয়ে চিন্তা করার দরকার নেই।,angry
আসল কংগ্রেসম্যানরা...তারা এখনও গাড়িতে আটকে আছে।,neutral
"আর বলুন, আমি বালা সাহেবের একজন সত্যিকারের শিব সৈনিক এবং দীঘে সাহেবের শিষ্য! হাড় বিশ্বাসঘাতক",angry
আমি কখনো ভাবিনি তুমি এত গ্রামের মতো হয়ে যাবে... আর আচার্যের বদলে গ্রামবাসী হবে...,angry
মারাঠা সংরক্ষণের দাবিতে কি চুলকানি? এনসিপি সাওয়ান্তের পদত্যাগ দাবি করেছে।,angry
এখন ঠাকরে আপনাকে শেখাবেন যে শ্রী বালা সাহেব বিশ্বাসঘাতক নন।,angry
কেন নাগপুরের মানুষ মারাঠি হবে এবং হিন্দিতে কথা বলবে?,neutral
আজ বিছানায় জলের দিন,neutral
এমন হবে যে পদ্ম গজাবে না,neutral
"কেন নেতৃত্ব? আপনার মোদি ধর্ষকদের সেখানে যেতে দিচ্ছে, চোখ কান খোলা রাখো..!!",angry
কেন এই অবিচার? এই ব্যবস্থা যদি স্বায়ত্তশাসিত প্রতিষ্ঠান হয় তাহলে কেন এমন বৈষম্য?,angry
কিছুই হয় না। এখন তা শেষ।,neutral
আগে না এবং এখন না,neutral
অতিরিক্ত আত্মবিশ্বাস কোথা থেকে আসে?,happy
কিন্তু সে তোমার উপর এত রাগ করে কেন? সেই টুইটটি দুষ্টু মনে হচ্ছে।,angry
"রাউত, আন্ধারে, যাদব, সাওয়ান্তরা এই ধরনের অশ্লীল ভাষা ব্যবহার করছে কারণ সবাই বাকি সেনাবাহিনীতে প্রবেশ করেছে।",angry
শিবসেনা উদ্ধব বালাসাহেব ঠাকরে দলের নেতা বিধায়ক ভাস্কর যাদবের বাড়িতে হামলার চেষ্টা করেছিলেন।,angry
বুঝলাম কারিশমা কাকু তাকে নিন্দা করেছেন,neutral
যিনি সমস্ত পোকামাকড়কে সন্তুষ্ট এবং খাওয়াচ্ছেন,angry
"তোমাকেও জেলে ঢোকাতে হবে, পাতিল নাম নিচ্ছে",angry
আশ্চর্যের বিষয় হলো বছরের পর বছর নোংরা রাজনীতি করার পরও তারা তাদের পক্ষে অবস্থান করছে।,happy
বেল কোন ব্যাপার না. ....কিছুই বাঁকানো যায় না।,neutral
এটি নিজের নীচের অন্ধকার দেখতে পায় না।,angry
যে ব্যক্তি উপরের টুইটটি সংরক্ষণ এবং ঋণ পরিশোধের কথা বলেছেন তার কী হয়েছে?,angry
কিন্তু এটা একটা ধর্মযুদ্ধ।,neutral
এই ধর্ষকদের সিবিআই তদন্ত কবে হবে?,angry
মত প্রকাশের স্বাধীনতা নিয়ে কথা বলতে লজ্জা করে না?,angry
"এরা বাবনকুলা নয়, দুধখুলা",angry
মুদ্রাস্ফীতি খুব বেশি এবং আপনার বসকে এটি কমাতে বলুন,angry
"হে জ্ঞানী, সেই রত্নগিরির ছেলেকেও শেখাও।",angry
"আমাদের লজ্জা আমরা দেখব, এই কথা বলার জন্য তোমার মত বিশ্বাসঘাতকের দরকার নেই।",angry
কঠিন,neutral
কর্তব্য পালনে প্রাণ হারানো শহীদদের প্রতি শ্রদ্ধা।,happy
কালো দাড়ি মহারাষ্ট্রে মহা দুর্দশা সৃষ্টি করেছে। মানুষ এটা ভুলবে না,angry
বেচারা MNS। কোন ভর বাকি নেই. যুদ্ধবিগ্রহের ভিত্তি,sad
"না, আমি বুঝতে পারছি না আপনি কি বিষয়ে কথা বলছেন",neutral
এই লোকেরা আমার সাথে নোংরামি করছে,angry
আজ পুনের বৃষ্টিতে মিশে গেলেও ভেসে যাবে।,neutral
প্রতারক আনাজি পন্তের ষড়যন্ত্র,angry
এটা কি পরোক্ষভাবে আদালতের বক্তব্যের ওপর চাপ সৃষ্টি করার চেষ্টা?,happy
রাজ্য সরকার সম্প্রতি ঘোষণা করেছে জেলার অভিভাবক মন্ত্রী মো. এ নিয়ে সরকারের সমালোচনা হচ্ছে।,neutral
এখন দেখুন টর্চ কিভাবে ধোঁয়া ছাড়ে,neutral
আজকাল হঠাৎ করেই মৃত্যুর হার বেড়েছে।,happy
মোটেও না এবং এখনও নেই,neutral
"এই তো শুরু, এখন দেশদ্রোহীরা ধাক্কা পাবে",angry
এখন এটা বলা হবে না কারণ দেশে অর্থনৈতিক মন্দা দেখা দিয়েছে।,angry
এটা আমাকে হাসায় যে আপনি কত একা হয়ে গেছেন।,angry
"প্রকৃতি কিচ্ছু জানে না, গরম বাড়ছে আর সেই সাথে বৃষ্টি হচ্ছে।",happy
মাটি খেয়েছো…এখন…!!,angry
"ওহ, কেউ কি আপনার দিকে নজর দিচ্ছে, আপনি বোমা মারছেন কেন?",angry
আবার পানিতে তলিয়ে গেলেন... নেতারা খেতে ব্যস্ত... শতাংশ নাও কাজ কর...।,angry
"আপনি যত পরীক্ষাই দেন না কেন, সফলতা পাবেন না।",sad
"তিনি অবশ্যই বলবেন কিন্তু এভাবে নয়, তিনি বলবেন যে তিনি বালা সাহেবের শিবসেনার বিশ্বাসঘাতকদের হারাতে চান।",angry
এখন আমি এটা সাহায্য করতে পারে না,neutral
"...তাই মিঠুন চক্রবর্তীর সঙ্গে হেমা মালিনীর লড়াই, 'অন্তরঙ্গ' দৃশ্য নিয়েও কথা!",neutral
কেন আপনি ট্রল করার জন্য অন্য কাউকে খুঁজে পেলেন না?,angry
ওয়াইনগঙ্গা ও চুলাবাঁধ নদীতে বন্যার কারণে লখান্দুর-পাভানি-নাগপুর সড়ক বন্ধ,neutral
এটা বিদ্রোহী।,neutral
"সুপারি দিয়ে হবে না, এমএনএস থেকে বিধায়ক নির্বাচিত হতে হবে",neutral
সত্য কিন্তু বৈদর্ভের জনগণই বিদর্ভের ভাঙনের জন্য দায়ী।,neutral
ইয়াবত্মালের ফলাফল দেখে খুব খারাপ লাগছে।,sad
. জারজ কিছু বলে। ভাঙা কাঁচের মত মক্কা,angry
এমন বোকামি কারো করা উচিত নয়... মানুষ জানে গরীবদের নিয়ে মজা করা কত মজা।,angry
শিবসেনা বিজেপির সঙ্গে জোট করে শিবসেনাকে বিলুপ্ত করে।,angry
স্বার্থপর ও বিশ্বাসঘাতক সেনাবাহিনী এখনো জনগণের সাথে কথা বলছে...,angry
বিয়েবাড়িতে নিয়ে গিয়ে বাজারে বিক্রি করে। এটাকে 'মান্ডসে' বলা হয় না।,angry
যারা যুদ্ধের আগে ময়দান ছেড়ে পালিয়েছে তাদের উদ্দেশ্যে এই বাক্যটি বলুন,angry
"বলতে পারছেন না, উনি কেমন উকিল?",angry
বিজেপি নেতাদের কাছাকাছি থাকার প্রবল ইচ্ছা রয়েছে,angry
এমন উজ্জ্বল চিন্তার ভক্তও হতে পারে,angry
দারুণ... দেশভক্ত যোশী এবং চাটুভক্ত যোশীর মধ্যে এটাই পার্থক্য...,happy
কমলি যতই মিনতি করুক না কেন কমলির কোনো মতামত নেই।,sad
তাহলে ঠাকরে কী করেন?... আমার মনে হয় আপনি সতরঞ্জ্যার 'জুতে উঠাও...'-এর কারণে এই পদোন্নতি পেয়েছেন।,angry
আপনি এত গরীব যে ছাতা ধরতে পারেন না স্যার,angry
"পতন অবশ্যই আছে, কিন্তু কার?",neutral
এই বিবৃতিতে আপনার বিরুদ্ধে বিদ্বেষমূলক বক্তব্যের মামলা দায়ের করা যেতে পারে।,happy
"আর তরমুজ খুনি, বিশ্বাসঘাতক, ষড়যন্ত্রমূলক রাজনীতির প্রতিনিধি।",angry
আপনার সরকারের আমলে ঠিক কি হয়েছে,happy
আসল প্রশ্ন হল কুকুরের কি হবে।,happy
"রাজ্যে কি শুধু শিন্ডে, ঠাকরেরা আছে, আর কোনো খবর পাও না?",neutral
কিন্তু ট্র্যাজেডি হলো আজকের কিছু ছাহেবা প্রেমিক যারা সে সময় এই গোসল করতে সাহায্য করেছিল।,sad
তিনি কি তাঁর দেবত্বের এত বড় প্রমাণ দেওয়ার যোগ্য!,angry
তোমার থুতু যে বেলচাটার মতলব বদলাবে না তা আমার খবর নয়।,angry
"তালাকপ্রাপ্ত আইনজীবী পুত্রবধূকে নাতির সঙ্গে দেখা করতে দেননি, দাদা আত্মহত্যা!",sad
উদ্ধব জি কেন রাবণ?,angry
"আমি এই বিবৃতিটি বুঝতে পেরেছিলাম যে একজন ব্যক্তি যখন অফিসে দলীয় নেতার সাথে দেখা করেন, তখন তিনি কীভাবে তার পায়ের পাতা চাটতে থাকেন।",angry
জয় মহারাষ্ট্র সেই লঙ্কা জ্বালিয়ে দেবে যেখানে দাঁড়িয়ে আছে বিশ্বাসঘাতকদের সেনা,happy
পুলিশ গাড়িটি চেক করলে সেখানে গুটখার মজুত পাওয়া যায়।,neutral
: এই নবরাত্রিতে এই গাছগুলি বাড়িতে আনুন; আর্থিক সমস্যা কমবে!,neutral
এই ম্যাচেও একই কটাক্ষ,angry
এমনকি রবিবার কলেজে কাজ করা জীবনের সবচেয়ে বিরক্তিকর জিনিস।,angry
একটা জায়গা যেখানে একজন মানুষ সবচেয়ে বেশি হারায় সেটা হল দেওয়া ভালোবাসা আর রাখা বিশ্বাস...!,sad
বাঘের মুখ থেকে ধোঁয়া বেরোতে শুরু করেছে...কেউ এটাও বানাও...একাদ্যা বিভাগের মন্ত্রী,angry
"""দেবসেনা ভুল করেছে, সেই বিশ্বাসঘাতক ছুতারকে রাস্তার মোড়ে লোকের সামনে তিরস্কার করা উচিত ছিল।""",angry
"এটা তো হতেই বাধ্য.. পুরনো শিবসেনা কেন এই কাজ করছে, ক্ষোভ অবশ্যই থাকবে।",angry
এই বখাটে এখন পর্যন্ত সবচেয়ে অযোগ্য ও হাস্যকর স্বরাষ্ট্রমন্ত্রী হিসেবে বিখ্যাত।,angry
নির্লজ্জ সালিয়ানাকে এখন মারতে হবে তাহলে তার উন্নতি হবে।,angry
ধীর সৈন্যদের জিজ্ঞাসা কিন্তু এখন,neutral
শীঘ্রই এই ভদ্রলোককে রাস্তায় পাথর ছুড়তে দেখা যাবে...,angry
কোথায় গেলেন? ফুসকুড়ি সৃষ্টি করবেন না,angry
"অসুস্থ বানর, চুলকানি হলে ওষুধ আছে।",angry
কে এই থাপা শ্রমিক?,angry
বৃষ্টি হচ্ছে আর আমার কৃষক রাজা কাঁদছে,sad
বিজেপির লোকেরা কি বিশ্বাসঘাতকদের কাছ থেকে উকিলের চিঠি নিয়েছিল?,happy
আমি কি বিশ্বাসঘাতকদের সাথে পদত্যাগ করছি?,angry
সূর্য-দশা অবশ্যই এডউইনার মতো ধীর হতে পারে।,angry
ভাটখালকার এখন নীতেশ রাণের যোগ্য মনে করতে শুরু করেছেন।,angry
এটা বলতে দুঃখিত কিন্তু এই সৌরভ খুব অকেজো হয়ে উঠল।,angry
"ওহ, এই ভিলেনরা কোন গর্তে লুকিয়ে আছে?",angry
নাসিক জেলায় পশুদের মধ্যে লুম্পি রোগ ছড়িয়ে পড়ায় গবাদি পশুপালকদের মধ্যে আতঙ্কের পরিবেশ বেড়েছে।,fear
আমি ট্যাগ করতে চাই কিন্তু আমি বিনামূল্যে অপমান পাব,angry
"ক্ষমতার ভোগ, ক্ষমতার অপব্যবহার, আগামী নির্বাচনে শিন্দে ফড়নবিস সরকারকে জনগণ ভালো শিক্ষা দেবে...",angry
তিনি হনুমন্তকে দেখতে এসে গদা নিলেন।,angry
আজ কৃষকরা পেয়েছেন পঞ্চাশ হাজার টাকা প্রণোদনা। আপনি বসে ফাইল ঘোরাতেন,angry
এরা সবাই ছাগলের বাচ্চা।,angry
"বিশ্বাসঘাতক, আপনি কখনই এমএলএ হতে পারবেন না।",angry
লোকে ভোগের ফল বলে সাহেবের মানকে অভিশাপ দিচ্ছে।,angry
সাহানভূতি ওয়াগলে সাহেব মানুষের মনে ক্ষুব্ধ,angry
এগুলো বিশ্বাসঘাতকদের রীতি।,angry
আপনিও কিছু কথা বলবেন.. আপনি কি কাম করতে চান? ভুলের জন্য ক্ষমা চাই না... সেই দিনগুলো চলে গেছে,angry
ধান মাটিতে পড়ে,angry
তাদের নিঃশ্বাসে কি দুর্গন্ধ হয়? ভুয়া রাজনীতিবিদ ও সাবের চালিত কর্মী,angry
যে ব্যক্তি শরীরের পেছন থেকে কাপড় খুলে ফেলে তাকে এই উপদেশ দেওয়া উচিত নয়,angry
"ডলার শক্তিশালী না হলে, আপনার কোমর বড় হচ্ছে। তাই একা",angry
হিন্দু শব্দটি একটি স্থানীয় শব্দ।,neutral
"এই সব দেখাই স্যার, পরাজয় দৃশ্যমান",angry
মশাল নির্বাচনী প্রতীকের সাফল্য তারা সহ্য করতে পারছেন না,angry
উদ্যম আনতে একা বোর্নভিটাই যথেষ্ট। সাফল্য অধ্যবসায় থেকে আসে। বালা সাহেবের সংকল্প ছিল। উদ্ধবরাওয়ের উদ্যম বোর্নভিটার আধা কাপের মতো।,angry
মুম্বাই ক্রিকেট অ্যাসোসিয়েশনের নির্বাচনে সব দলের প্রতিনিধিরা নির্বাচিত হবেন কিন্তু খেলাটা হেরে যাবে...ঠিক বা ভুল...,angry
কুবের আশ্চর্য হইলে অসহায়,angry
স্বায়ত্তশাসিত সংস্থা শব্দটি এখন বড় তামাশা হয়ে দাঁড়িয়েছে,angry
বিশ্বাসঘাতকের জন্য বুদা জ্বলছে...,angry
ইউনিয়ন এদেশে একটি অকেজো প্রতিষ্ঠান। সমাজে বিবাদ ও মারামারি ঘৃণা সৃষ্টি করে।,angry
বিজেপির মতো বিশ্বের সবচেয়ে বেশি স্বাধীনতা রয়েছে।,angry
"আড়াই বছর হয়ে গেল, দাদা আর ঝগড়া করছে না। শক্তির অভাবে তুমি লাল হয়ে গেছ",angry
কতবার..কতবার..শেষ পর্যন্ত বিশ্বাসঘাতকই বিশ্বাসঘাতক,angry
এটি এবং প্রথমটির মধ্যে কোন সামঞ্জস্য নেই...বিষয়টি ছেড়ে দিন,angry
"সে কীভাবে দৌড়াতে পারে, কিন্তু লক্ষ্য করুন, যারা দৌড়ায় তারা কতটা ঘৃণ্য।",angry
আপনি কি এখনও এখানে আটকে আছেন... গোদি মিডিয়া জানে কি না।,angry
ছেলেমেয়েদের ক্ষতি হলে বোনাস পয়েন্ট,neutral
তামাক পাউডার দেওয়া হবে...,angry
জলগাঁও: তিন মাস বয়সী মেয়ে গুঞ্জনকে রুমাল দিয়ে শ্বাসরোধ করে খুন।,sad
"নির্বাচন আসুক, দেখবেন পরাশক্তি কীভাবে আপনাকে লাথি মারবে",angry
আঘাদি কর্তৃক শিবভোজনে দুর্নীতির কারণে এই মহা ধ্বংস ঘটেছিল।,angry
সে যখন ভিক্ষা করেছিল তখন তার কেমন লাগছিল?,angry
দেখো ওর মুখটা কেমন দুর্বল হয়ে গেছে।,angry
কিন্তু প্রার্থী না দিয়ে কেন ফড়নবীস দলকে লেজুড় করছেন?,angry
"এখন যে ক্ষমতা এসেছে, আমাদের ভদ্রলোকেরা তাদের মেয়েদের নিয়ে পালাতে স্বাধীন, কে আটকাবে?",angry
মন্তব্য পড়েও নির্লজ্জতা দূর হয় না। সর্বোচ্চ কোড সীমা!!,angry
তারা কি পিন্ট্যাকে ছোট গদা দিয়ে সম্মান করছে নাকি তাকে উত্যক্ত করছে..!!,angry
এটা খুবই দুঃখজনক ব্যাপার!,sad
রাজ্য সরকার কি এই আত্মহত্যার দায় নেবে?,sad
এখন কাঁদলেও সে যেতে চায় না,angry
পন্ধরপুর উপ-নির্বাচনে কি জনমত ছিল না???,happy
চল! তিনি পানভেলের ডেপুটি মেয়র ছিলেন... ধন্য তারা যারা তাকে নির্বাচিত করেছে,angry
"যে সরকার সত্তর বছর ধরে নির্বাচনী রাজনীতি করে আসছে পুলিশ তাদের চাপে, তাই তারা নিষ্ক্রিয়!",angry
জয়ন্ত পাটিলার বউ ওকে আর আপনাকে বিশ্বাস করে না,angry
মুঙ্গেরীলালের সুন্দর সাপ। এরকম কয়টা সফরের পর ক্ষমতা পেয়েছেন?,angry
সব দাড়িওয়ালা দীঘে সাহেব নন। কিছু বিশ্বাসঘাতকও আছে...,angry
কেন তিনি বললেন শিন্দে বিশ্বাসঘাতক?,angry
মহারাষ্ট্রে মহারাষ্ট্র ভাষা ব্যবহার করুন। মুম্বাইয়ের বিলবোর্ড মারাঠিতে নেই কেন?,angry
"শিবসেনা প্রধান বলেছিলেন, শারদ পাওয়ার ডাকাতদের পিতা।",angry
"আপনি যেখানেই যান, এটি ঘটবে... 'অসহ্য এবং অবর্ণনীয়'",sad
এই দরিদ্র সেনা সৈন্যরা মানসিকভাবে সম্পূর্ণ ভেঙ্গে পড়েছে...,angry
গত আড়াই বছর ধরে নষ্ট হয়ে যাওয়া কাঠের সেতুর বিষয়ে কিছুই করা হয়নি।,angry
এই নতুন দ্বিতীয়,angry
সাভারকার নিয়ে বিতর্কের পর থেকে আমরা এই প্রসন্নকে দেখিনি।,angry
"আমি বলতে চাচ্ছি, দেখুন আপনি এই সব চাটা দিয়ে কতদূর অর্জিত হয়েছে.",angry
কর্তব্য পালনে শহীদ হওয়া শহীদদের প্রতি জানাই বিনম্র শ্রদ্ধা,happy
"সহ্য করতে না পারলে ঘোড়ার কানে লাগান, কিন্তু অপ্রয়োজনীয় কথা বলবেন না।",angry
পেট ব্যাথা...মনে নেই,angry
ব্যর্থতার তোষামোদ করার দায়ে তিন সাংবাদিককে কারাগারে পাঠানো হয়েছে বলে জানা গেছে।,angry
ক্ষমতাকে শক্তি হিসেবে ব্যবহার করলে গণতন্ত্র ধ্বংস হবে... আপনার অর্জন প্রমাণ করুন,angry
এটা সহ্য বা সহ্য করা যায় না,sad
এই জারজ কখনো ভালো হবে না,angry
"এমন লোকের কারণেই দেশের ঐক্য বিনষ্ট হচ্ছে, তাদের বিরুদ্ধে কঠোর ব্যবস্থা নেওয়া উচিত!",angry
এই লোকটি খুব বন্ধুত্বপূর্ণ,angry
এই কাজ করে কি শিন্দে গোষ্ঠী নিজের পায়ে গুলি করেছে?,happy
তিনি প্রমাণ করেছেন যে বিজেপি গণতন্ত্রে বিশ্বাস করে না,angry
অবশ্যই তারা দেখতে পাচ্ছে...কিন্তু অন্ধ ভক্তরা কি করবে...এটা কোথায় হতে দেয়!,angry
প্রদীপ স্যার আমাকে মেয়েটির প্রেমে পড়াচ্ছেন,angry
আপনি কি পাবলিক টয়লেট পরিষ্কারের ব্যবসা বন্ধ করে হাউজিং সোসাইটিতে দালালি শুরু করেছেন...?,angry
"বিরোধীরা যা করতে পারেনি, তাদের কাছে বসা দেশদ্রোহীরা তা করেছে।",angry
হাত চুল্লি ধূমপায়ী পাকা দেখায়,angry
একটা ভালো কাজ করা উচিত ছিল...,angry
"ঠিক দিন.. মুম্বাইতে যখন সন্ত্রাসী হামলা হয়েছিল, তখন আপনার স্বরাষ্ট্রমন্ত্রী তার পোশাক বদলাতে ব্যস্ত ছিলেন..",angry
মহিলাটি জানতেন যে গণিত অশোধিত,angry
আমি আপনাকে মিস করছি স্যার. এই বিশ্বাসঘাতকদের পূর্ণ জবাব দিতে হবে এবং বিনিময় দিতে হবে।,angry
"বিশ্বাসঘাতকদের লুট লুটতে বোরখা রেডি রাখো, চোর বাবা",angry
খালি চেয়ারগুলো বলে দেয় মোদীর ভবিষ্যৎ...,sad
হ্যাঁ ****। এটার মূল্য কত?,angry
"কোন ধন্যবাদ, কোন অভিনন্দন.",sad
বিশেষ বিষয় হল একটি গোটা দল তার চপ্পল হিসাবে কাজ করে। এটাই প্রত্যাশিত ছিল।,angry
তারপরও যদি আমরা না জেগে থাকি তাহলে আল্লাহও আমাদের বাঁচাতে পারবেন না।,fear
শুধু কমাবেন.. ছাত্রের নাম নিয়ে টাকা আদায় করবেন কেন?,angry
তারা কি করবে তা নিয়ে দ্বিধায় রয়েছে,angry
তাহলে এই তথাকথিত হিন্দু দলের লোকেরা কাকে বাঁচাচ্ছিল?,angry
আমেরিকা ও চীনের মধ্যে চলমান সংঘর্ষের কারণে তৃতীয় বিশ্বযুদ্ধের আশঙ্কা,fear
আপনার সম্মানের যোগ্য নয়। বালা সাহেবের নাম নেওয়া,angry
এটা সেইসব মানুষের মধ্যেও সত্য... যারা কারোর নয়... শুধু নিজের স্বার্থপরতা...!!!,angry
"রানে, আপনি টুইটটি মুছে ফেলছেন কেন... আপনার মনে হচ্ছে আপনি নার্ভাস।",angry
"আমি কতটা হতাশ, অন্যের বাবা-মাকে চুরি করতে, আপনার দুঃখকে রাজনীতি করতে কেমন লাগে,",angry
লোকেদের পিঠে ছুরিকাঘাত করার বিষয়ে সে তার চাচার কাছ থেকে অনেক কিছু শিখেছে।,angry
"মহাভারত কবে ঘটবে,,, শীঘ্রই অর্থাৎ আর কত দিন?",neutral
"অতুল, কোন বিষয় তোমার বোঝার বাইরে?? আবারো প্রমাণিত হলো ন্যায়ের ঈশ্বর খোঁড়া, পঙ্গু ও অন্ধ???",angry
বি.শ্রীরামের কি মনে করা উচিত যে যারা কাজ চায় তারা ভিক্ষুক?,angry
কারণ ভোজ্যতেলের আমদানি বাড়ছে। সরকারের নীতিমালা এরকম।,angry
মিডিয়া বিধবা বিলাপ করে যে রাজস্থান ছিল কংগ্রেস শাসিত রাজ্য,angry
তিনি চলে গেলেও পেজ কি দিল্লির হৃদয়ের বিরুদ্ধে যাবে?,neutral
ঠাকরে পরিবার ঘষে গেলে প্রথম খারাপটা ঘটবে কমলাবাইয়ের।,angry
আপনি কি তাদের সেখানে পথ দেখাতে পারবেন বলে মনে করেন?,angry
একেবারে। এই লোকদের কারণে আপনার তথ্য ফাঁস হয়ে যায়।,angry
বর্তমান সময়ে অন্যদের মূল্যায়ন করতে গিয়ে মন যেন ভুলে না যায় আমরা ইতিহাসে কেমন ছিলাম।,neutral
তিনি যদি মুখপাত্র হয়ে থাকেন তাহলে কিছু বললেন কেন?,angry
আপনি কি এই পৃথিবীতে বাস করেন?,angry
মানুষ কি এটা বোকা মনে করে?,angry
কে তোমাকে চায়? তুমি এখানে পরলে কেন? তারপর এসো..থ,angry
কালো কেশিক,sad
পৃথিবীর টান বাড়ায় চাঁদ! বিজ্ঞানীরাও চিন্তিত; এটি আপনার উপর কি প্রভাব ফেলবে তা পড়ুন,fear
সম্ভাজি ব্রিগেডকে বিব্রত করার জন্য ঠাকরের রাজনীতিকে ধ্বংস করা হচ্ছে,angry
এটা একটা ভালো ব্যাপার যে... তাদের কেউই হালকা মনের নয়...,angry
মনের দেয়াল আর এই বাধা সইতে পারছে না আর কাঁদতে কাঁদতে মাটি ভিজে গেছে!,sad
"আপনার ক্লাইম্যাক্স.. এবং নীচে শীঘ্রই কাটা হবে, সাবধান..",angry
উদয় সামন্তের বিশ্বাসঘাতকতা কি মহারাষ্ট্রের কাছে গ্রহণযোগ্য?,angry
তোমার চিন্তায় একটা চুলকানি আছে,angry
আর হ্যাঁ ভাদ্য বালা সাহেব বললেন বিজেপি কমলাবাই তাহলে এখন ব্যবসা শুরু কর।,angry
এবার লেডি কার্ড খেলার পালা,angry
আপনি এই ধরনের আজেবাজে টুইট করার কারণে আপনাকে একজন সাধারণ কাউন্সিলর বানায় না,angry
"বাজারে খবর আছে আপনাকে কেউ নিচ্ছে না, বলছে আপনি বিরক্ত নন",angry
এই ঘটতে বাধ্য ছিল,neutral
সুম্ভা জালারও মারাঠি ব্যক্তিকে অবমূল্যায়ন করার প্রবণতা রয়েছে।,angry
বলখ বাহিনী বালা সাহেবের নাম নিয়ে মজা করে,angry
"এটাই স্বাভাবিক সভ্যতা, কিন্তু উল্টো কথা বলে তারা তাদের বুদ্ধিবৃত্তিক দেউলিয়াত্ব দেখায়",angry
"কাজ, কিছু লোক কথা বলে না, কাজ কথা হবে, দোকান বন্ধ করুন",angry
"এত দিন হয়ে গেল.. আপনি কি বিজেপিতে যোগ দিচ্ছেন, আপনি কি এখন পর্যন্ত এটি মোকাবেলা করছেন?",neutral
প্রতিদিনই ঘটছে এসব দুর্ঘটনা। এর জন্য সকল প্রশাসনিক কর্মকর্তা দায়ী।,angry
"হ্যাঁ, এটা সত্য... প্রবল হিন্দুত্ব ছেড়ে তিনি হয়ে উঠলেন শক্তিশালী ধর্মনিরপেক্ষ...",angry
"এখন আপনার গার্লফ্রেন্ডকে রাজি করানো গ্রাম পঞ্চায়েত নির্বাচনের মতো, একটি আসন আর পঞ্চাশ-ষাটজন প্রার্থী..!",happy
শিশুদের যদি শিক্ষার জন্য স্কুলের দাবি করতে হয় তা খুবই দুঃখজনক।,sad
এটি ছিল অর্থ উপার্জনের একটি প্রতারণামূলক স্কিম,angry
বিশ্বাসঘাতকরা স্বস্তি পাবে বলে মনে করি,angry
"হ্যালো বলুন, আপনি সেখানে ছিলেন? ব্যাপারটা কি?",angry
"মশালি জারজদের বাজার তুলতে লাগলো, এই দেখো বাঘের কাণ্ড জ্বলছে",angry
এখানে কোন সাধারণ মানুষ ট্যাক্স দেবে? এই লোকেরা সরকারের জামাই,angry
বিদ্যুৎ চলে গেলে ঘুম থেকে উঠবে???,neutral
Hyo বছরের পর বছর ধরে গাছ তুলছে এবং এখন সে শিক্ষা দিতে এসেছে,angry
"স্যার, পুজো করতে না চাইলে করবেন না, এমন কিছু বলবেন না।",angry
এই ধরনের লোকদের বের করে দেওয়া উচিত...??,angry
মানে? তুমি কষ্ট পাবে!,neutral
সভা করে কংগ্রেসের দাসরা কী করতে চলেছে?,angry
অবৈতনিক কিন্তু যোগ্য নয়,angry
বিশেষ্য নিশ্চিত এখন কি আসছে না,neutral
কেন নিতে হবে জানেন না?,angry
আমাদের নিজেদের ছোট-বড় চাকরিজীবীদের এ কথা বলা ভুল।,neutral
উত্তর দেখে আপনার মন ভরে যাবে...এটা আপনার স্ট্যাটাস...আর বললেন সাংবাদিক...,sad
"স্বৈরাচারীরা শেষ পর্যন্ত নিজেদের গুলি করে, এটাই পৃথিবীর ইতিহাস...",sad
কেউ আপনার সাথে কিছু করলে আপনি কিভাবে এত তাড়াতাড়ি রেগে যান?,fear
ওহ এখানে এবং সেখানে,neutral
"পরিত্যক্ত হওয়ার মতো হবে, প্রতিদিন বাবার খোঁজ করতে হবে না?",angry
গদ্দারনাথ এটা করেনি।,angry
সংসদের বিধায়কদের অযোগ্য ঘোষণা করার অধিকার রয়েছে। আদালত হস্তক্ষেপ করতে পারে না। এটা কি জানা উচিত নয়?,angry
তারা এখানে তাদের দাঁত ডুবাতে পারেনি এবং ভারতকে ঐক্যবদ্ধ করতে থাকে।,angry
ছত্রপতি সম্ভাজিনগরের কোন রাজনীতিবিদ ধর্ষিত হন?,angry
বিজেপি থেকে কত বাক্স এসেছে তা নিয়ে কথা বলতে,neutral
দেখাতে চাচ্ছেন পরশের মালিক কতটা যোগ্য?,neutral
এটা ভুয়া খবর,neutral
আপনার জন্য একটি ভোট দেশবিরোধী জনগণ...মানবতাবাদী সরকারের জন্য ভোট,angry
ইতিমধ্যে মশাল নিভে গেছে। শুধু প্রতীক দিয়ে নির্বাচন করা যায় না।,sad
দুজন লোক মুখোমুখি হাঁটছে,angry
"নানা পাটোলে বিজেপি ছেড়েছেন নাকি বিজেপি পাটোলে ছেড়েছেন, রাও কিছু জানেন না...",happy
বিদ্রোহ করতে প্রস্তুত কারণ আমরা এই নেতৃত্ব চাই না,angry
গাঁজা পুঁচকে কম পান করুন,angry
"এমন তুলনা ভালো নয়, চিতলের দুটি মিষ্টির মধ্যে এই তুলনা",angry
এতে নারী যে স্থানটি নিয়েছে তা একটি শিক্ষা,neutral
বিজেপির দালালি করে,angry
"এই বইটা আজ আর পাবে না, তুমি বলেছিলে তারিখের মধ্যে পেয়ে যাবে...",neutral
"জয় শ্রী রাম এখন আসবে জ্ঞান দিতে, ধর্ম শেখাতে",angry
এটা তাদের মান,angry
তার স্যার কি এত বছর ধরে দল গড়ছেন? আমি এটা বুঝতে পারছি না..,angry
এটি মারাঠি পরিচয় সংরক্ষণের একটি প্রধান সূচক যে কেউ আমাদের সর্বদা অবহেলার সাথে হত্যা করেছে।,sad
"শুধু নেকলেস নয়, জামানত বাজেয়াপ্তও ফেরত নিন",sad
"এটা সত্য, স্ক্যামারদের দ্বারা প্রতারিত হবেন না",angry
কি কম,neutral
এটা কী…এটা কী ধরনের স্কুল…এভাবে ছেলেমেয়েদের প্রতারিত করা হয় এবং ভক্তদের প্রকাশ করা হয়..,angry
এটা কি ইয়েদা?,angry
নির্বাচন কমিশন ঠিক করবে কে আসল শিবসেনা আর কে তীর-ধনুক। ?,neutral
কোন উপায় উল্টো তার স্বার্থপর মনোভাব দেখানো হয়েছে।,angry
একবার পড়লে আর ফিরে যেতে চাইবে না।,sad
আপনি ব্রেকিং নিউজ প্রদান করেন। সাংবাদিকরা কম চামচা।,angry
হাজার হাজার মানুষ যারা শশী থারুরকে ভোট দিয়েছে তাদের কি দেশদ্রোহী বলা উচিত?,angry
এই মহিলা লজ্জা ছেড়ে দিয়েছেন।,angry
এখানে লড়াই করা বিজেপির জন্য আত্মঘাতী।,sad
"আদালতে পরাজিত হলেই পরাজয় ঘটে, এখন তারা বিনা প্রতিদ্বন্দ্বিতায় অভিমান করে।",angry
এই বিক্ষিপ্ত মেঘ কবে বিচ্ছুরিত হবে??,angry
আজ মহারাষ্ট্র কোন্যা চিট্টি পাঠকের হাতে... হাস্যকর।,angry
কিছু দিন পর উদ্ধব ঠাকরে কী বলবেন.. বালা সাহেবের শিবসেনাকে মেরে ফেলুন..,sad
বিদেশীদের জন্য প্রোগ্রামে অর্থ ব্যয় করা হয়েছিল।,angry
পুনেতে পাকিস্তান জিন্দাবাদের স্লোগান দেওয়া শূকরের বাড়িতে পুলিশ কেন গুলি চালাল না?,angry
স্যাটেলাইট না দেখা পর্যন্ত কি দ্বিতীয় বর্ষা আসবে না?,neutral
"হে রাম, হে রাম",neutral
আবেগপ্রবণ সাংবাদিকতা ছেড়ে দিন... সাংবাদিকের কাজ খবর দেওয়া... শিরোনাম করা নয়...,angry
"তিনি কার বিরুদ্ধে লড়বেন...বালা সাহেবের শিবসেনার বিরুদ্ধে। বালা সাহেবের ভাবনা কখনো টিকেনি, এখন কি হারাবে বালা সাহেবের শিবসেনা?",angry
"চোরের মুখে মুরগি ঢুকেছে, তাই টর্চে আইসক্রিম দিয়ে চিকেন ফ্রাই করি।",angry
"বাস্তবে, পুরুষত্বের অভাব সম্পর্কের অবনতির কারণ হতে পারে না।",neutral
হিন্দিতে কি বলে জানি না...,angry
এই চা-বিস্কুট সাংবাদিকরা শেয়ালের জন্য টক আঙুরের মতো হয়ে গেছে,angry
"কিছু কুকুর তাদের মালিকদের চাটতে ফিরে আসে, তারা যতই তিরস্কার করুক না কেন।",angry
"দেখুন, অতিবৃষ্টির ক্ষতিপূরণ পাননি কৃষক।",angry
তোমার ভিড়ও এক ধরনের মায়া।,neutral
জরিপের দিন ছিল করভা চৌথ.. সেখানে অ্যাম্বুশ হয়েছিল। .একজন ভক্ত,neutral
দিনো মোরিয়া জয় তোমার বাবার অবৈধ সন্তান,angry
রাজনীতিবিদদের কোটি কোটি পেনশনের প্রয়োজন কেন? রাজনীতি কি চাকরি?,angry
এসব করার আগে একটা চড় মারা হবে,angry
"বুদ্ধিমান লোকেরা তাকে ঘৃণা করে, ধূর্ত এবং অশিক্ষিত লোকেরা তাকে সমর্থন করে",angry
আয়ত্য বিলাত নাগোবা মানে আদিত্য ঠাকরে। ভাগো কি ওয়ারলি থেকে পুনরায় নির্বাচিত হতে পারেন????,angry
কোম্বাড্যা স্বীকার করেছেন যে তিনি তার বোকা মন্ত্রী পদ ধরে রাখতে কোলহাপুর আসন ছেড়ে দিয়েছেন!,angry
"আরে, ওই লোকেরা যুবরাজকে সাধারণ জ্ঞান শেখাচ্ছে, এই কঠিন যুবরাজ...!!!",angry
আমিও এটা করেছি + আমি নিজেই রিমোট ভেঙ্গেছি..,angry
যে মারাঠি কথা বলে না সে মহারাষ্ট্রের বিশ্বাসঘাতক।,angry
"এ কি পারুলেকর, তোমার মাতৃভাষা নিয়ে গর্ব করা উচিত।",happy
মেডেন ফার্মের উৎপাদন তদন্তের জন্য একটি কমিটি নিয়োগ করা হয় এবং পণ্য বিক্রি নিষিদ্ধ করা হয়।,neutral
নিজের বোকামিতে হাসুন। .,neutral
চুল পড়া রোধে পরিবর্তন করেছেন??,neutral
"আচ্ছা এটা একটা শিক্ষা, এখন কি??",neutral
নির্বাচন হয়েছে,neutral
"প্রশ্ন হলো, মানিব্যাগ ছাড়া কি সাংবাদিকতা চলতে পারে?",angry
ওখান থেকে একদল মূর্খের আবির্ভাব হল… আমাদের উদ্ধবকে চিনুন…।,angry
"আরে কেশব, বিকেসিতে ছুড়ে মারার পরও কি লজ্জা লাগে না বিজেপির নেতাদের?",angry
এসো জারজ..,angry
ওহ কাকা উরলা সুরলার দিন MNS কে,angry
এভাবে ধরে নেওয়া হয়েছিল রাজ সাহেব সুপারি,angry
করোনা সংকটে রাজ্যের পরিবর্তে কেন্দ্রীয় সরকারের তহবিলে অনুদান দেওয়া ভুর্তে বলছেন...,angry
আপনি কি দেখাতে চান যে আইন সবার জন্য আলাদা?,angry
ক্ষমতার এ ধরনের অপব্যবহার বন্ধ হওয়া উচিত.. তাই মহারাষ্ট্রকে আনাজি পন্ত বলা হয়।,angry
পোড়ানো বিশ্বাসঘাতক? ....তাহলে আপনার অহংকে প্রথমে রাখুন....হিন্দুত্বের বিশ্বাসঘাতক,angry
কি বোকা মানুষ!,angry
এমন বাবা-মা থাকলে বছরে ছয় লাখ টাকা অনেক বেশি।,angry
বেল ব্যবহার করা হবে।,neutral
রাজ হারিয়েছে। অযোধ্যা সফর নিষিদ্ধ করে বিজেপির সমালোচনা।,angry
এটা ভীতিকর..,fear
ছগন ভুজবলের মন কি তুষে ভরা?,angry
তুলজাপুরে যাওয়া ভক্তদের চুরি করা মোবাইল ফোন জব্দ; আটক দুই চোর,neutral
"আরে স্যার, এই খবরটা আমরা আর কত ছড়াব",angry
এসবই সমর্থকদের কাছে বিভ্রান্তিকর।,happy
মারাঠি মন্তব্যের দাবিতে MNS নেতাদের বিরুদ্ধে মামলা করা কঠিন।,sad
খালি পাহাড়ি মানুষকে কোনো কর্মসূচিতে আমন্ত্রণ জানানোকে নো মিটিং বলে!!,angry
"পাবলিক মেনে নিলো না বাদে সাহেবের ভাগ্নে, এই দাড়ি আর দাড়ির কি লাভ...!!",angry
"ইত্যাদি, অতিবৃষ্টির কারণে ধানক্ষেত পচে গেছে।",sad
চিঠির ঘটনায় জড়িতদের শাস্তি হওয়া উচিত।,angry
সাংবাদিকতার মান কমে যাচ্ছে...,angry
এই অন্ধ ভক্তের দিকে তাকাও,angry
এক সময় এমএনএস নেতা এই বিশেষণ দেননি,neutral
"অহংকারী এবং অসহায়, এই দুটি শব্দ আপনার জন্য উপযুক্ত!",angry
"ভিখারি, শান্ত হও, আমাকে এত রাগ করছ কেন?",angry
"ধুর, আমরা কি জানি? আপনি সরাসরি নির্বাচন কমিশনকে জিজ্ঞাসা করুন এবং আমাদেরও বলুন।",angry
প্রয়োজন না হলে মাদক সেবন না করার সচেতনতা,neutral
"কেন তিনি অজিত দাদাকে স্বরাষ্ট্রমন্ত্রীর পদ দিলেন না, তিনি কি যোগ্য ছিলেন না?",angry
মনে হচ্ছে আপনার এবং যুক্তির কোন সংযোগ নেই,angry
"পাওয়ারিয়ানরা যখন বলবেন নির্বাচনী এলাকা হাতের বাইরে চলে যাচ্ছে, তখন তারা রাস্তায় নামবে!",angry
"অমল মিতকারি বিজেপিকে কটাক্ষ করেন, 'এই পশ্চাদপসরণ আপনার দীপাবলির নাস্তাকে সুস্বাদু করে তুলবে না।'",angry
"টি-২০ বিশ্বকাপের আগে ইংল্যান্ড দলের বড় ধাক্কা, টুর্নামেন্টে খেলবেন না 'এইচএ' মূল বোলাররা।",sad
"এত সমর্থন করবেন না, এই নির্বাচন যেভাবেই হোক বিজেপির জন্য কঠিন ছিল।",neutral
আপনি যেভাবে খেলেন তাতে কি আপনি বিব্রত?,angry
আর নোংরামির নিচে অন্ধকার হলো জলশিওয়ার কেলেঙ্কারি,angry
প্রবোধনকার...বালাসাহেব...সবাই মেনে নিয়েছেন যে উবেম রাওয়ের নিজস্ব কোনো অস্তিত্ব ও নেতৃত্ব নেই!,angry
"গ্রেফতারের পর পুনেতে পাকিস্তান জিন্দাবাদ, আল্লাহু আকবর স্লোগান ওঠে",angry
"হাপ্পালা কুকুর... যে সব কিছু চায়, এটা একটা ভালো লক্ষণ হবে",angry
এটা ছিল? আপনি গিয়েছিলেন?,neutral
এটি একটি পাগল প্রতিক্রিয়া,angry
"আহা, তাহলে কেন ওই দুই দল একই দলে পরস্পর মারামারি করছে?",happy
কেননা প্রয়াত নেতাদের পরিবারের সদস্যদের বিনা প্রতিদ্বন্দ্বিতায় নির্বাচিত করা আমাদের মহারাষ্ট্রের সংস্কৃতি!,happy
সংকটই সংকট,neutral
এই স্বৈরশাসকরা যখন বাঁচে তখন রাজার মতো বাঁচে আর যখন মরে তখন কুকুরের মতো মরে...,angry
?? এটা এক ধরনের অপমান.. পুনে ম্যাডাম সব আছে,angry
শুধু তাই... আপনি কি নিজেকে একজন মন্ত্রী/গুরুত্বপূর্ণ কর্মকর্তা মনে করেন?,angry
কেন তার জিভ পিছলে গেল না? কেন জিভ রাখা,angry
কি অপমান।,sad
বানু গুন্ডে সকালের শপথ অনুষ্ঠানের আয়োজক ছিলেন।,angry
কিন্তু মেয়েদের খুঁজে পাওয়ার পর খুব কষ্ট হয়,sad
এটি বিজেপি সরকারের একটি ভুল পদক্ষেপ এবং সত্যিই অন্যায়।,angry
"দুঃখের বিষয় এই নয় যে প্রকল্প চলে গেছে, কমিশন দুর্বল, এটা দুঃখজনক।",sad
কি দারুণ সিদ্ধান্ত?? এখন সব ড্রেন ভরাট হয়ে যাবে..,angry
"এটা কি মূল্য, আপনি দুর্নীতির কীট",angry
"না, কখনই প্রত্যাশিত নয়, শুধুমাত্র বিরক্তি প্রকাশ করেছে, জপমালার সমস্ত পুঁতি",angry
প্রথমে ভালো লাগছিল ডাকাতি করে এই নাটকে অভিনয় করে।,angry
মাঝে মাঝে আপনার বসকে জিজ্ঞাসা করুন।,angry
"হ্যাঁ, এখন পর্যন্ত দুজনকে গ্রেপ্তার করে ফাঁসি দেওয়া হয়েছে?",neutral
গণিত মানে আপনার মনের বাইরে!,angry
দেবেন্দ্র ফড়নবীস একজন অকেজো মানুষ। তারা নিজেদের পুলিশকে বিশ্বাস করে না। রামখোর লেক,angry
এখন আমি জানি কেন মানুষ পিঠা চায় এবং খায়,neutral
"তারা এর চেয়েও শক্তিশালী...! আমাদের দীপাবলি পটকা... *দিওয়ালি এখনই আসুক, পুরো পৃথিবী বিপদে পড়বে।*",happy
এখন তারা সারাদিন খাবার পাবে না তোমাকে দেখে তাদের দুঃখ প্রকাশ করার জন্য,angry
এটা খুবই দুর্ভাগ্যজনক। শিক্ষার্থীদের ন্যায়বিচার পেতে হবে।,sad
কার ভাতা চুরি করছেন স্বরাষ্ট্রমন্ত্রী?,angry
প্রার্থী প্রত্যাহারের চিঠি পাওয়ার সাথে সাথে... তিনি কি এখনই ঘোষণা করবেন?,angry
ওয়েস্ট ইন্ডিজ তাকে খুঁজছে এবং তিনি এখানে একটি ভূমিকা পালন করছেন।,neutral
এটি সম্ভবত একটি ভুল ধারণা যে MNS একটি রাজনৈতিক দল।,angry
"অনেক নারীর সাথে সম্পর্ক, মারামারি, জোরে হাসা বা কান্না নিয়ে প্রশ্ন আছে...",angry
বিশ্বাসঘাতকতা করার আগে আপনার পুরানো বক্তব্যও পোস্ট করুন,angry
"বিশ্বাসঘাতক পাল্লা সাহেব, সময়মতো চেনা উচিত ছিল।",angry
"সাদা কাগজের আয়ের সীমা খুবই কম, তাই নিম্ন মধ্যবিত্তরাও কমলা পায় না।",angry
"জনগণ সিদ্ধান্ত নিন, স্কুল বন্ধের সিদ্ধান্ত প্রত্যাহার করুন।",neutral
এই সাধারণ জ্ঞান শুধুমাত্র তারাই পেতে পারে যারা বিজ্ঞানের ইতিহাস পরীক্ষায় উত্তর দেয়,angry
"তাই শিন্ডে যখন দলে যোগ দেন, তখন বিজেপি তাঁকে প্রার্থী দিতে চলেছে। শিয়ালকে টক আঙ্গুর।",angry
সঞ্জয় রাঠোদিয়ার অপরাধ ধামাচাপা দেওয়া এত সহজ নয়,neutral
"আপনার পেটে শূল কেন, কী করবেন?",angry
সবাই জানে পিস্তল যেখানে সেখানে পদত্যাগ করবে না,angry
"নীতেশ রানে নয়, ইনি নীতেশ থাপা।",angry
জীবনের পুনরাবৃত্তি হয় না। সত্যি কথা হল জীবনের মূল্য কেউ জানে না,sad
এই থুথু সেবা কোথা থেকে এসেছে?,angry
দুর্নীতি দেশের অভিশাপ: দেবেন্দ্র ফড়নবীস,angry
শুধু ট্রোলিং রাজনীতি নয়। এই কাজ প্রয়োজন.,neutral
"আমরা ঘরে থাকি, কিন্তু ওই কৃষকদের দুর্দশা দেখা যায় না।",sad
মহারাষ্ট্রের মুখ্যমন্ত্রী হিসেবে রাজ ঠাকরের মতো সাংস্কৃতিক নেতা না পাওয়া মহারাষ্ট্রের দুর্ভাগ্য।,sad
তাদের ভাবা উচিত শেয়ার করে লাভ কি।,neutral
এটাই পর্দার আড়ালে আসল চেহারা,angry
"ভাটখলকার, শুধু মন্তব্য পড়ুন, রাও...এত বৈচিত্র্য। সে লজ্জার সবজি বিক্রি করে খেয়েছে...",angry
সুবোধ ভাবের নাম দেখলেই কালাল সিনেমাটি আপনার জন্য নয়,neutral
নিভে যাওয়া বাতি ফিরিয়ে দাও কেন?,angry
"খোদ বিধানসভা ভেঙে যেতে চলেছে, চুটিয়া কুটলা কি পদত্যাগ করবেন?",angry
যে পালিয়েছে সে কি কোনো উপদেশ দেবে?,angry
"যখন আপনি জানেন যে আপনি কীভাবে হেরে যাচ্ছেন, আপনি উত্তেজিত হন এবং আপনার মুখে প্রশংসা আশা করেন।",angry
"জনগণের বাধ্যতার ভাষায়, তিনি কি সেনাবাহিনীতে থাকা অবস্থায় কখনো তাদের স্যালুট করেছিলেন?",angry
ঈশ্বর তাদের বায়ান্ন বংশের পরিবর্তে বাহান্ন মাথা দেওয়া উচিত ছিল,angry
সে আপনাকে খারাপভাবে মারধর করেছে এবং সেজন্যই আপনি এমন অনুভব করছেন,angry
পাচকা উদ্ধবের আইনি দিকও দুর্বল,angry
এই কাজ করবে?,neutral
তাহলে কি আলাদা কিছু বললাম?,neutral
বিজেপি আপনাকে জোকার বানিয়েছে! বামন মানুষ খুব বুদ্ধিমান।,angry
আপনার স্ত্রীরা কেন এখনও খোলামেলা?,angry
এর কোনো প্রয়োজন হবে না এবং সরকারের পতন হবে,neutral
ঢাল তলোয়ার প্রতীক আপনার উপর নির্ভর করে। এটাই ইতিহাস। এই দলগুলো দ্রুত ডুবে যায়।,angry
যারা গণহত্যার ভাষা বলে তারা বলতে পারবে কেন গোয়ারী হত্যাযজ্ঞ চালানো হয়েছিল??????,angry
স্বায়ত্তশাসিত প্রতিষ্ঠানগুলো নামে মাত্র। এই প্রতিষ্ঠানগুলি শুধুমাত্র কেন্দ্রের চাপেই কাজ করে। এ নিয়ে দেশব্যাপী আন্দোলনের প্রয়োজন রয়েছে।,angry
মাইন্ড সাহেব কি করছেন?,angry
তুমি কি এখানেও মধু এনেছ?,angry
সরকারের দুর্নীতি আবারও শিরোনামে,angry
এমনকি বিকৃতি বিব্রত হবে..,angry
এ বছর শিবসেনা আসেনি...এখন কেন...,angry
"উদ্ধবজি বলেছেন বাবা চুরি করেছে, শিবসেনা চুরি করেছে, এখন আঁথেরি পূর্বা প্রার্থীও... জাতিবন্তের পকেটের টাকার গুণ আছে...",angry
ছত্রপতি শিবাজী মহারাজ ও বালাসাহেবকে এসব ভাড়া দিয়ে বাজারজাত করা হয়েছে।,angry
আমি পড়াশুনা করতে চাই কিন্তু আমার টাকা ফুরিয়ে যাচ্ছে... কিছুই বলা হয়নি,sad
MNS হল শিশুসুলভতার উচ্চতা,angry
আপনি অন্য দিক থেকে যা শুনতে চান তা পাওয়ার জন্য একটি মরিয়া প্রচেষ্টা,angry
"এটি একটি ইচ্ছাকৃত বক্তব্য, জিভের স্লিপ নয়, সন্দেহ ছড়ানোর জন্য।",angry
যদি নাম প্রত্যাহার করতেই হয় তাহলে প্রার্থীকে তাড়ানোর চেষ্টা করলেন কেন?? একটি ভণ্ড,angry
সিন্ধুদুর্গের তিন নেপালির ছবি পোস্ট করতে লজ্জা পাচ্ছেন কেন?,angry
এই দেখুন. আমি অবরুদ্ধ এটা রাখা,neutral
আচ্ছা তার মানে পাপ্পু তোমার বাবা যদি তুমি মেনে নিও।,angry
পুনে কেন আজ জলে ডুবে আছে? আগে পুনের লোকদের উত্তর দিন তারপর বাকি জ্ঞান শেয়ার করুন।,angry
এত দুর্নীতি,angry
এখন সময় এসেছে সেই বিজেপি অভিযুক্তদের শাস্তি দেওয়ার।,angry
সে ওখানে গেছে.. সে তোর কাছেও আসেনি.. তখন তুইও দেখবি মায়ার অভাব..,sad
মর্মান্তিক!! অস্ট্রেলিয়ার বিরুদ্ধে ম্যাচের আগে টাকা চেয়েছিল চণ্ডীগড় পুলিশ,happy
"এটা খুবই দমনমূলক সিদ্ধান্ত, সরকারের উচিত অবিলম্বে এই সিদ্ধান্ত প্রত্যাহার করা।",angry
কেন এনসিপি নেতারা আমাদের দেব-দেবীর প্রতি এত ক্ষুব্ধ? বিজেপি,angry
তোমার এক বছরের বসের কথা বলতে লজ্জা করে না?,angry
"তাদের নামে মন্তব্য করার সাহস নেই, তারা ফলাফলের কথা বলছে",angry
"ওই মুরগিটা নিশ্চয়ই ভাজা হয়ে গেছে, তাই ফিরিয়ে নিলাম, আর কী রকম ধন্যবাদ গ্রহণ করবেন?",angry
অত্যধিক ভোগের ফল এভাবেই দেখা যায়।,angry
এই কর্মসূচি বন্ধ করা উচিত।,angry
"এই গাছটি দেখতে খুবই বিপজ্জনক। মনীষা নগর বাস স্টপ, সহ্যাদ্রি চায়ের বিপরীতে...",fear
"বাস্তবতা হলো এখানকার সমাজ জাতিভিত্তিক, হতাশ মানসিকতা, আদর্শিকভাবে দেউলিয়া মানুষের সমাজ...",angry
"ভাস্কর সাহেব বললেন, গতকাল বাবাকে সরিয়ে দিয়েছেন",angry
"শিবতীর্থে দশেরা জমায়েতের অনুমতি দেওয়ায় কেশবকে খুব ভালো লাগছে, আগুন জ্বলবে...",angry
কিছুই বাস্তব মনে হয় না,neutral
ওহ ভক্ত এবং এর সাথে বাজে কথার কোন সম্পর্ক নেই,angry
এটি প্রতি বছরই ঘটে।,angry
"আপনি কি দেশের কাছে কিছু ঋণী? তুমি ভক্তি করো, আমরা পাবলিক ভাবব।",angry
এই নালার মুখ থেকে তোমার মুখপাত্র নয়,angry
প্রায় সব দুর্নীতিবাজই এখন পরাশক্তির কাছে...,angry
এখন একনাথ শিন্ডের কাছ থেকে দূরদর্শিতা আশা করা খুব বেশি,angry
আমের চুটিয়া আছে?,angry
আবহাওয়া রিপোর্ট কিন্তু আপনি একজন সাংবাদিক স্যার...তার ভবিষ্যদ্বাণীও সূত্রের উপর ভিত্তি করে...,angry
অর্থাৎ অভ্যন্তরীণ লড়াই হলেও বাইরে থেকে অস্ত্র আনবেন না।,neutral
"শম্ভুল্যার স্ট্যাটাস দেখে বলুন, বিশ্বাসঘাতক হওয়ার দাগ কখনো মুছে যাবে না।",angry
তানাজি সাওয়ান্তের পরে যদি এমন কোনও বক্তব্য দেওয়া হয় তবে কাঁকড়া বাদ পড়বে।,angry
"নতুন সংকেত পাওয়া গেছে এটা ঠিক, কিন্তু উদ্ধব ঠাকরের মাথাব্যথা বেড়েছে! -",happy
"দিবালোকে মারাঠি দোকানদার ও মহিলাদের নির্মমভাবে মারধর, ঘটনা সিসিটিভিতে ধরা পড়েছে",angry
যারা দেশকে অতল গহ্বরে নিয়ে যাচ্ছে তাদের ভোট বিজেপিকে ভোট।,angry
কোন মুখে এখনো গোবর ভরা এই কথা?,angry
"অতুল সুতার বদহজমের সমস্যায় ভুগছিলেন। বিরিয়ানির বদলে ডাল, ভাত আর টুম্পা ধর খেয়ে বিরক্ত ছিলাম।",angry
"এমন আচরণ করে নিখিল যদি কমিউনিস্ট হয়ে যায়, তবুও সে এত কিছু করছে।",angry
কলমাবাইয়ের স্বামী কি পন্ধারপুর/কোলাপুর মাঝিতে প্রতিষ্ঠিত হয়েছিল?,neutral
"এই মনের অন্ধকার, যার জন্য চাটকার ‘মশাল’ দরকার।",happy
তারপর বিজেপির পায়ের তলায় মাটি সরে গেল এবং নাটক শুরু হল...,angry
আর গণআদালতের দেওয়া রায়ের কথা মনে আছে? সাধারণ জ্ঞান ব্যবহার করুন।,angry
একটি আত্মমর্যাদাশীল এবং অন্যটি কেঁচোর শিশুর মতো জীবনযাপন করা।,angry
এই যুক্তিটি অসাধারণ কারণ আমাদের বলতে হবে যে একজন মানুষ ক্ষুধার্ত না থাকলে সে খেতে পারে না।,neutral
এর মানে ভারতে গণতন্ত্র শেষ হয়ে গেছে এবং এই দেশটি ডুবে যাওয়ার পথে।,fear
প্রথমে এই মেয়েটিকে তুলে নিয়ে পুরো চত্বরে গুলি করে মেরে ফেলুন। এরা ভারতের বিশ্বাসঘাতক।,angry
রাহুল গান্ধীকে ভগবান রামের সঙ্গে তুলনা করা অপমানজনক,angry
দানা ফেলে দিয়ে ঘোড়া কেনার কথা বলছো???,neutral
যেন ঢাল-তলোয়ার পাকিস্তানি সীমান্তে পৌঁছতে চলেছে।,angry
সেদিন ওখানে যাওয়ার সাহস আমার ছিল না,fear
আমরা কি বিজেপিকে ডাকাতের দল ঘোষণা করব?,angry
দাসরা কি এখনই শুরু করেনি? নসিব একটা মারাঠি পত্রিকায় লিখছে।,angry
করা হবে না,neutral
এই সৈন্যরা U.T.H. এবং সত্যিকারের সৈন্যদের অপমান করা,angry
তুমিও ওটা আর তোমার শেঠও ভালো,angry
দুবার ইন্দোর গিয়েছিলাম কিন্তু সরাফা যাওয়ার সুযোগ পাইনি।,neutral
এগুলো তাদের কাজ। মৌলবাদী ধর্মীয়তা বাড়াতে হবে এবং সামাজিক বিষয়ে জোর দেওয়া উচিত নয়।,angry
এটাই সবচেয়ে বড় দুর্নীতি... জেগে থাক অন্ধ ভক্ত...,angry
"ভিকু তার নাম নয়, তার বুদ্ধিমত্তা পরীক্ষার রিপোর্ট",angry
বিজেপি ম্যাডামরা ক্ষমতায় আছেন এবং হুমকি দিচ্ছেন।,angry
"আপনি কি ভয় পাচ্ছেন, আপনি কি চিন্তিত?",fear
এই মিথ্যা দেখুন,angry
আপনি কি বলতে পারেন কোন শব্দটি ভুল?,neutral
যুবক থেকে প্রবীণদের ঝোঁক শিবসেনার দিকে,neutral
আপনি কি মনে করেন না মহারাষ্ট্রের উন্নতি হওয়াটা গুরুত্বপূর্ণ?,neutral
এতদিন ধরে অন্ধ ভক্তরা বিভক্ত মানুষের জন্য সতরঞ্জয় নিক্ষেপ করে আসছে।,angry
"'একলে কা কাণ্ড' মানে কী, এই + খোলা শত লাটকেরা বলছে।",angry
"সত্যযুগে রাবণ তীর-ধনুক দিয়ে পরাজিত হয়, কলিযুগে উদ্ধব ঠাকরে নিহত হন।",happy
"তাই আমি দৌড়ে গেলাম, তাই ভেঙে পড়লাম...",angry
সবুজ শাল কান্নায় ঢাকা।,neutral
আজ অনেক দেরি করে এসেছি..কোন স্পেশাল মেনু নেই..সুর...মাই জাগেনি..,neutral
আপনি কি উপার্জন এবং খাওয়ার যোগ্য নন?,angry
দাবা খেলায় প্রতারণার ঘটনা ঘটেছে ভারতে...,happy
আপনি আজ কি আগুন তৈরি করার পরিকল্পনা করছেন?,angry
করোনার সময় তার মতো ভুমরে ও অন্ধ ভক্তরা পায়ে পায়ে পায়ে পায়ে পায়ে গ্রামে ঘুরে বেড়াত..!,angry
"এই প্রতিবেদনে বলা হয়েছে, চীনের প্রবৃদ্ধির হার ভারতের বৃদ্ধির হারের চেয়ে কম।",neutral
"সজভ আন উডভভ? সে কি পৃথিবীর সবচেয়ে বড় খুনি, একমাত্র ক্ষোভের অধিকারী?",angry
"তুমি বিরতি চাও না, তুমি পালাতে চাও না বোন",neutral
কিছুই হচ্ছে বলে মনে হচ্ছে না। প্রচুর যৌথ ভ্রমণ চলছে। সরকারের উচিত জনগণের অনুভূতি বোঝা।,neutral
বলুন তো গত বছর কেন নেননি..!,angry
ওহ বাজে কথা... মোহন ভাগবত বলেছেন যে আপনার এবং তৈমুরের ডিএনএ একই...,angry
"না, তারা বিশ্বাসঘাতক.. তাদের বিশ্বাস করবেন না",angry
সেগুলি খুব বড় বিষয়.. এই বিষয়গুলি সমাধান করতে সময় লাগে।,neutral
পুলিশ স্মৃতি দিবসে দায়িত্ব পালন করতে গিয়ে শহীদ হওয়া শহীদদের প্রতি বিনম্র শ্রদ্ধা!,happy
কেন শুধু আপনার কর্মীদের বিনোদনের জন্য ডিজাইন করা একটি পরিকল্পনা চালিয়ে যান?,angry
এটি তার মালিকের শক্তি হারানোর কারণে ভেঙে গেছে..,angry
"আমাদের উদ্ধব বালা সাহেবের শিবসেনা...মশাল জ্বালিয়েছে, আমরা তোমার মতো বিশ্বাসঘাতকদের পুড়িয়ে মারা করব।",angry
"আমি যতই মূল্যবান হউক না কেন, এটি বিক্রয়ের জন্য নয়। ক্যান্সারের জন্য নয়..",happy
মনে হয় পুলিশের কোনো কাজ বাকি নেই!,angry
ফের বিতর্কে সমীর ওয়াংখেড়ে; এখন এখানে কেন,happy
"বিজেপিরও কেন্দ্রীয় স্বরাষ্ট্রমন্ত্রী এবং রাজ্যের স্বরাষ্ট্রমন্ত্রীর পদ রয়েছে, তাহলে তাদের নিষিদ্ধ করা হবে না কেন?",angry
এই দালালের কি এই এলাকায় কোন জ্ঞান আছে?,angry
মহারাষ্ট্রে এই ধরনের ইয়েদাছ বাজার ও খুলাচি যাত্রা চলছে।,angry
এটি একজন দাবিহীন অন্ধ ভক্তের যোগ্য...,angry
সবাই বুড়ো কিন্তু তুমি,neutral
ধর্মনিরপেক্ষ গ্যাং চি কি বুলিদের উপেক্ষা করবে বলে আশা করা হচ্ছে?,angry
সম্ভবত বিজেপি বুঝতে পেরেছে যে তারা এই উপনির্বাচনে হারতে চলেছে... তাই এই সমস্ত জল্পনা...,happy
"যদিও টুইট কম, পান্ডে, পুরো থ্রেড পোস্ট করুন, বাবা",neutral
যেকোন এনকাউন্টারে শরীরে আঘাত লাগে,neutral
দেবো কি না ভাই ভয়ে আছি,fear
এই তিনজন তাদেরও ছিঁড়ে ফেলেছে,angry
আমি প্রশ্ন করছি কিন্তু ভাই গণতন্ত্রের চতুর্থ স্তম্ভ কাকে বলে?,neutral
কেন এমন মনে হলো জানেন? এবং কি একটি ছবি. ওহ..-এত ভিড়।,neutral
এর মধ্যে আশ্চর্যের বিষয় হলো সরকার নির্বাচনকে ভয় পায়।,angry
"স্যার, মহারাষ্ট্রের রাস্তার অবস্থা খুবই খারাপ",neutral
"মনে হচ্ছে এই রানা হাওলা ব্যবসা করে, তদন্ত হওয়া উচিত।",angry
আপনার মত বিশ্বাসঘাতকদের এটা শেখানো মূলত হাস্যকর,angry
মাওয়ালের মানুষ তোমাকে তোমার জায়গা দেখিয়েছে। মিটিং এ কি লোকজন ছিল?,angry
এই বিশ্বাসঘাতক কাল ভেসে যাবে,angry
আজ বুধবার তাই মিথ্যা কেন? এটা ভালো না মিস্টার প্রেসিডেন্ট,angry
যে মেয়েরা সত্যিকারের ভালোবাসা খুঁজছে তারা কেন দেখবে না,sad
"হ্যাঁ, এই আড়াই বছর কে সইবে?",angry
বালাসাহেব শ্রদ্ধেয় নন মানে?,angry
"যোগ্য হও ছাগন্য, তুমি জেল থেকে বেরিয়েছ।",angry
এখন আপনারা যারা নকশাল তাদের সমর্থনও পাবেন কারণ আমাদের অস্তিত্ব শেষ হয়ে গেছে।,angry
"ভাই, কত ফালতু তর্ক করা হবে। একটু লজ্জা করুন, শুনেছি আপনি সাংবাদিক।",angry
"রাও,,, সবাই একই স্কুলের ছাত্র বলে মনে হচ্ছে।",neutral
তাই আপনি মিঃ পাওয়ারকে অবমূল্যায়ন করছেন,angry
এটা কি সত্য যে আপনার মতো হারলেস রবিবার লোনাভেলে-পুনে থেকে গতিসীমার উপরে গাড়ি চালায়??!!,angry
এই ভয়ানক.,fear
এটাও কি... সব বিশ্বাসঘাতকদের সাথে... উদ্ধব সেরা।,angry
এটা নিশ্চিত যে বিজেপি মুঞ্জি নিয়ে ঠাট্টা করবে বলেই এর পতন হবে।,angry
এই জাল,angry
মনে রাখবেন আপনি ইতিমধ্যে পুরস্কার পেয়েছেন। এখন কথা বলার সময় বিনয়ী হোন। ভন্ডামি বন্ধ কর,angry
"মতপ্রকাশের স্বাধীনতা মানে বাংলোতে মারধর করা, ভাই... আপনি জামিনে আছেন।",angry
সেই কুকুরগুলোও তাদের বড় প্রভুর অনুগত ছিল... ভাদাপাভের মতো বিশ্বাসঘাতক নয়।,angry
"কিন্তু জনগণ যা জানে না তা হলো, জনগণই ঠিক করে কে ক্ষমতায় থাকবে...",neutral
ব্যক্তি যাদের কোন ব্যক্তিগত দৃষ্টিভঙ্গি নেই। এ থেকে কিছু শেখা যায় না,neutral
"গ্যাপ বন্ধু, তুমিই প্রথম জানলে শিব সৈনিকদের দিন ভালো যাচ্ছে না।",angry
যারা বলে ব্যবসা করা ঝুঁকিপূর্ণ তাদের % কখনও ব্যবসা করেনি...,neutral
চিতা আনা... কাজ চলছে,neutral
আর থারুরের মধ্যেও জাতপাত আছে... যারা খার্গের বিরোধিতা করছেন তারা এটা দেখাতে ভুলে গেছেন।,angry
আমরা আজ থেকে আবার ভক্তদের প্রতি দৃষ্টি দিয়ে হারিয়ে যাওয়া প্রজন্মকে সংশোধন করতে চাই,neutral
আপনি আশ্চর্যজনক,angry
"জনগণের প্রতিবাদ হওয়া উচিত, কঠোর ব্যবস্থা নেওয়া উচিত...এই সংগঠনটি বিলুপ্ত করা উচিত।",angry
এখানে প্রস্তুতি নিয়ে বসেছিলেন পরিবারের সদস্যরা,neutral
দুর্নীতি দেশবিরোধী...,angry
মনে রাখবেন সিগারেটও বায়ু দূষণ ঘটায়,neutral
এই বছর আপনি একজন কর্পোরেটরও নির্বাচিত হবেন না..দেশপান্ডে এটি একটি দীর্ঘ গল্প,angry
বিশ্বাসঘাতক আর সেই তরমুজ না খেয়ে বাঁচবে না।,angry
কারণ আপনার মতো বধিররা এদেশের যুবক।,angry
দ্বারে দ্বারে যান। ভোট চাইতে যান। দ্বারে দ্বারে যাওয়া ফেরালের কী হল?,neutral
আমার নামে মানুষের সমস্যার সমাধান হয়।,angry
"মনে হচ্ছে দিল্লীর ওয়ারীতে এটা পুরোপুরি পাকা, আদালত খুব ভুল সিদ্ধান্ত নিয়েছে।",angry
উপরিয়া উৎসব পালনের জন্য ইউপি বা বিহারের কী প্রয়োজন?,angry
এখন বন্ধ করুন ব্রাহ্মণ বিদ্বেষ... আইন সবার জন্য প্রযোজ্য।,happy
গিরিশ কুবের এবং রাজীব খান্দেকর সাংবাদিকতার জন্য অপমানজনক বলে আমার স্পষ্ট মতামত।,angry
ছেলে কোথাও যাচ্ছে না কারণ আপনারা দুজন ভালো কিছু করছেন,angry
"কংগ্রেসের লোকেরা তাকে দিনরাত স্মরণ করে, তাকে অপমান করতে বৃষ্টিতে ভিজে।",neutral
ওহ যে কিছু বলে,angry
শুধু পুনে কেন? পুরো মহারাষ্ট্রে কেন নয়? তারপর অন্য মহারাষ্ট্রের লোকেরা তোমার ঘোড়া মেরেছে। জয় মহারাষ্ট্র।,angry
"এই চারটি কারণে অল্প বয়সে ক্যান্সার ছড়াচ্ছে, আপনারও সতর্ক হওয়া উচিত",fear
"এটি একটি অধরা জাল, মূল জিনিসটি হারিয়ে গেছে।",neutral
এর থেকে স্পষ্ট যে আপনি মুখ্যমন্ত্রী পদের জন্য আকুল ছিলেন।,angry
আরে দুশ্চরিত্রা... তুমি কি কথা বলছ?,angry
"যারা চলে গেছে, তারা দেশদ্রোহী",angry
"এটাই সত্যি.. ভিডিওটা দেখা যাক, কিন্তু শেষ পর্যন্ত বাবা যা বলেন... সবই ষড়যন্ত্র!",angry
ধনী হওয়া তথাকথিত সাংবাদিকদেরও একবার তদন্ত করা উচিত।,angry
আরএসএস কর্মকর্তার বাড়িতে পেট্রোল বোমা ছোড়া,fear
": ""স্কুলে সরস্বতীর ছবি লাগবে কেন?"" ছগান ভুজবলের বিতর্কিত বক্তব্য নিয়ে বিতর্ক শুরু হয়েছে",happy
বিজেপি পুনে মিউনিসিপ্যাল ​​কর্পোরেশন লুট করলে এটাই হবে,angry
"গতকাল বানের থেকে শহরের দিকে আসা রাস্তার দৃশ্যও ছিল চোখে পড়ার মতো, আক্ষরিক অর্থেই ভেসে যাচ্ছে বহু মানুষ।",happy
"এ শ্যাম নয়, সে নপুংসকদের পিতা, সে প্রস্রাবের নালি।",angry
সরোজিনী দেশাই তার নাম এবং তার স্বামী হত্যার কারণে শিব সৈনিক জেলে ছিলেন।,neutral
জারজ নূপুর শর্মা এবং ব্রাহ্মণ গ্যাং প্রধান আসামি...,angry
আপনার মতো একজন অসুস্থ ব্যক্তি কেবল যৌগটি মনে রাখবেন।,angry
কেন্দ্রীয় স্বরাষ্ট্রমন্ত্রী কি শুধু প্রচার চালাচ্ছেন আর সরকারের পতন হতে চলেছে?,angry
এটি সমস্ত ভারতীয় ওয়াইন প্রেমীদের জন্য একটি গুরুতর অপমান।,angry
আপনি যে স্তরে পৌঁছেছেন তা ছিল সর্বনিম্ন।,angry
"যখন একটি দল ভুল হাতে পড়ে, তখন এটি ঘটে ...",angry
আরে আপনার গবেষণা কি? আপনি খেলার জন্য বরাদ্দ করা হয়েছে কি খেলা?,angry
"তাহলে 'এই' সাধারণ জ্ঞান কোথায় যায়? পেডনেকর পুনেতে বৃষ্টি নিয়ে ফড়নবীসকে প্রশ্ন করেছেন; বললেন, ""পুনের শক্তি...""",angry
"ভিসার নামে লাখ লাখ টাকা প্রতারণা, অভিযুক্ত ‘আসা’কে গ্রেফতার করেছে পুলিশ",angry
এই ভদ্রলোক ঘুমিয়ে ছিলেন যখন ঈশ্বর জ্ঞান ফিরে পেলেন। এরই ফল।,angry
তার অবস্থাও একই হবে,angry
"আম্বিয়া, তোমার জন্য এর চেয়ে বড় ধাক্কা আর কি হতে পারে?",happy
অনেক শিব সৈনিক শিবসেনায় ছিলেন এবং আপনার মতো বিশ্বাসঘাতক কখনও দেখেননি।,angry
এটা কখনোই সম্ভব হবে না।,neutral
"আইন আমার বাবা লিখেছিলেন, তাই... মামলা দায়েরের পর সুষমা আন্ধার প্রতিক্রিয়া।",angry
: প্লাস্টিকের ভয় বেড়েছে; এখন মায়ের দুধেও মাইক্রোপ্লাস্টিক পাওয়া যায়,fear
তিনি বিজেপির বিশান্তক আঘাদির প্রধান,angry
"গাদ্দে, কেন আপনি আসলে টুইট করেন?",angry
ইয়াম্যাও এটা বলতে পারে,neutral
| বিশ্বকে বিদায় জানালেন বিখ্যাত শিশুশিল্পী 'ইয়া'...,sad
এমনকি কাভাদিরও নানার প্রতি কোনো শ্রদ্ধা নেই...,angry
পারমাণবিক যুদ্ধের আশঙ্কা দ্রুত বাড়ছে! -উদ্যোক্তা ইলন মাস্ক,fear
আপনি জল পান করতে যাচ্ছিলেন,angry
দুটি চুরি; এক লাখ টাকার জায়গা লুট করেছে চোরেরা,neutral
সর্বব্যাপী দুর্নীতির আরেকটি উদাহরণ... প্রথমটি হল মুম্বাই পুনে এক্সপ্রেস হাইওয়ে।,angry
"এরা বিষাক্ত সবুজ সাপ, যেগুলো মাথার ওপর বসে আছে, সময়মতো এদের গুঁড়িয়ে দেওয়া উচিত ছিল।",angry
S. সুপ্রিম কোর্টে সারাদিন কাটানোর দরকার নেই। সকালে রেজাল্ট দেওয়ার পর ফ্রি হতে চেয়েছিলাম।,angry
যে মানুষটি এমন নীচুতার উচ্চতায় পৌঁছেছে... এবং যারা তাকে উপাসনা করে... আপনি কি বলতে পারেন???,angry
"মানে, আপনি ঠিক কি করলেন, মাটিতে দাঁড়িয়ে মেঘ উড়িয়ে দিলেন?",angry
"শিবসেনা কেন বিভক্ত হল? আলোচনায় রামদাস কদমের বক্তব্য,...",neutral
কৃষক মারা গেলে কি ভেজা খরা পরিস্থিতি হবে?? অকার্যকর সরকারের বিরুদ্ধে জনগণের ক্ষোভ...,angry
থামতে হয়েছিল - কারণ এই দাঙ্গা শুরু হয়নি,neutral
এই ব্যান্ডটি বাজবে এবং সাংবাদিকরা নাচবে… বিনা টিকিটে জনসাধারণকে বিনোদন দেবে…।,angry
এবং কেউ সোনিয়াকে পুরো মহারাষ্ট্র দিতে চায়।,angry
গুজরাটি গালি দেওয়া এবং ভোটের জন্য গুজরাটি ভাষায় প্রচার করা কতটা ভণ্ডামি?,angry
এটা প্রমাণ করে যে এই সূচকটি তৈরি করেছেন প্রধান তিনি নর্দমায় পচা।,angry
আপনি তাকে অপসারণ করেছেন এবং তাকে সহ-মন্ত্রিসভায় অন্তর্ভুক্ত করেননি,neutral
লটকে আদালতে গেলে কি ঘুমিয়ে ছিলেন? তখন সংস্কৃতি কোথায় ছিল?,angry
কোলহাপুর উপনির্বাচনের সময় বিজেপি এই ঐতিহ্যের জন্ম দিল কোথায়?,neutral
এখন কে তাকে চাপ দিল...দেখ সে কেমন চিৎকার করছে..!,angry
জনগণের মনে যে ভাবমূর্তি ক্ষুন্ন হয়েছে তা আর ফিরে আসবে না। ভোটাররা রাজাকে কখনো ক্ষমা করবে না,sad
এই বিজেপির বিশেষত্ব!,angry
রাজ সাহেব যদি মুখ বন্ধ রাখতে বলেন... তিনি কি আদেশ মানবেন না?,angry
"যদি ফড়নবীস ভেবে দেখেন, অবদশ এই গাধা কোথা থেকে কিনেছে?",angry
যে ব্যক্তি মশা মারতে পারে না তার জন্য তীর-ধনুক শোভা পায় না।,angry
বিগ বি-র 'সেই' জিনিস ভয় পায় কিং খান শাহরুখ!,fear
কেডিএমসির সহযোগিতায় নতুন ডাম্পিং গ্রাউন্ড তৈরি করা হচ্ছে,neutral
জনগণ রাজপথে ক্ষমতা নিয়ে এসেছে,neutral
খুব বেশি নাটকীয় হবেন না.. এবং সেই ছবি ভালোভাবে বজায় রাখুন...,angry
তাই আপনার সময় খারাপ,neutral
চেইনস্যাচারদের ফ্লারি; দুই নারীর গলার সোনার মঙ্গলসূত্র ছিনিয়ে নেওয়া হয় একটি দু’চাকার গাড়িতে।,neutral
বিজেপিকে ভোট দুর্নীতির জন্য ভোট,angry
"দাদা মাঠ থেকে পালিয়ে গেলেন, এটা কিভাবে হতে পারে?",angry
"চিভসেনার নেওয়া পদক্ষেপ কি আপনি ভুলে গেছেন? একটু ভাঙ্গা, তাই না?",angry
"কোন অসুখ বা সেরকম কিছু নেই, শাহ তাকে দিল্লী ডেকে শুধু বোকা বানিয়েছেন।",angry
কাজের জন্য... খুব বেশিদিন নয়...,neutral
"‘উদ্ধব বালাসাহেব ঠাকরে’ শিবসেনা নির্বাচনে কী প্রচার করবে? ""বালা সাহেবের শিবসেনা"" উপড়ে ফেলতে...??",angry
তিনি বালা সাহেবের সৈনিক। আপনি কি মোদীভক্ত ছিলেন?,angry
এই টাকা কোথা থেকে এসেছে তা নিয়ে কি ইডির মাধ্যমে তদন্ত হবে? ......,angry
এরা নির্লজ্জ মানুষ,angry
এখন শুধু ইয়েড্ডা মার্কেট দেখার বাকি,angry
এই লোকেরা অপপ্রচার চালায়।,angry
চুতিয়া কি নেতাহীন?,angry
"চোরের বমির গায়ে বোমা, কথাটা শুনেছেন?",angry
তিনি ছিলেন ব্লু শেনিক তেলতুম্বডে সন্ত্রাসী সন্ত্রাসী,angry
সব দল কেন? সাংবাদিকরা কি এখনও মনে করেন না যে বিজেপি নোংরা কাজ করেছে?,angry
একজন ভালো মানুষ কেন তার জীবন নষ্ট করে অসহায় বিদ্রোহের সেই কণ্ঠস্বর ছেড়ে দেয়?,angry
এখন ডায়াপার পরে ঘুমান এবং পান করুন...,angry
'মহারাষ্ট্রের রাজনৈতিক সংস্কৃতি' একটি কমফোর্ট জোন।,angry
"বৈভব, আমাদের গভীর প্রার্থনা যে আমরা সাওয়ান্তওয়াড়ি কেন্দ্রে আপনার মতো একজন তরুণ, উদ্যমী এবং বিশ্বস্ত প্রতিনিধি পাই।",happy
প্রজন্ম থেকে প্রজন্ম...মহারাষ্ট্রের মানহানি হচ্ছে।,angry
তিনি তার অফিসের দরজায় বাস থেকে নামতে চান বলে অসুবিধা অব্যাহত রয়েছে।,angry
"ঢাল-তলোয়ার প্রতীক পেয়ে কী লাভ, প্রাণের আড়ালে লুকিয়ে থাকতে চান।",angry
মামলাটি সুশান্ত সিং রাজপুতের... তরমুজ কতজনকে গ্রেপ্তার করেছিল...,neutral
সবচেয়ে খারাপ ঘটনা ঘটল গ্রামের পোলার্ডের সাথে... দরিদ্র মেয়েটি ঘরে ঘরে ঘুরে বেড়াচ্ছিল।,sad
এটা বলার অধিকার কি আপনার আছে?,angry
শতজির কথা বলা উচিত এবং যারা তাদের বুদ্ধি বন্ধক রেখেছে তাদের মাথা নত করা উচিত।,angry
এই শকুনদের কাছ থেকে আপনি কী আশা করেন... এরা নিম্ন স্তরের মানুষ... বোকা,angry
বিজেপি কেন আইনজীবী দেবে?,angry
উগি উগি.. আমরা ম্যাডামকে তার নাম বলবো.. তারপর বসে বোম্বালাত বলবো..,angry
"দত্ত, তুমি কি জানো যে ব্রহ্মা সরস্বতীকে ধর্ষণ করেছিলেন",angry
সুশান্ত সিং রাজপুত এবং দিশা সালিয়ানের আত্মাও বিচারের জন্য আকুল আকুল!!,sad
"বলুন তো, এই ভবানী কার জন্য?",neutral
আপনি সবসময় এই ফটো এডিটিং ক্রপ সঙ্গে খুশি হবে,angry
স্বাস্থ্যমন্ত্রী কি মুখ না ড্রেন??? মারাঠারা এখন কেন রিজার্ভেশনের জন্য হাহাকার করছে??,angry
বিশ্বাস নিয়ে প্রগতিশীলদের সমালোচনা ও খণ্ডন!,neutral
...সেখানে কোন ছেলে বা কাউন্সিলর ছিল না.. চড়ুই,angry
এই মহিলার মধ্যে বিশেষ কি এই পরিস্থিতি আরামদায়ক করে তোলে?,angry
"এটা ঠিক, সাক্ষাৎকারের পর থেকেই অন্ধ ভক্তরা নানার উপর ঘেউ ঘেউ করছে।",angry
এখানে আপনি হ্যাঁ বলবেন এবং সেখানে আপনি উপনির্বাচনে প্রার্থী দেবেন... জারজ...।,angry
"হে সংঘওয়ালারা, গরুর কিডনির ভক্ত!",angry
"প্রথমে ধনুক, এখন মশাল",sad
পুনে কত বছর ক্ষমতায় ছিল? পুনে লুট করে গিলে খেয়েছিল,angry
"আমার পরিচিতিতেও বালা সাহেব নামে লোক আছে, তিনি কি তার বাবা?",angry
সেখানে কি শিবসেনা নেই? বিশ্বাসঘাতকরা এটা দেখে না,angry
ঋণ মকুব না পেলে নিয়মের ফাঁদে আটকে পড়া কৃষকরা কবে স্বস্তি পাবেন?,sad
তোমার মতো আন্নাজিও তাকে ঘেউ ঘেউ করতে ছেড়েছে।,angry
তিনি নিজে শূদ্র হয়ে কোটিপতি হয়েছেন।,angry
এই ব্যক্তি মুখ্যমন্ত্রী হয়েছিলেন এবং মনে হয়েছিল মহারাষ্ট্রের পুনর্জন্ম হয়েছিল,sad
তুমি কি এখনো ঘুমাওনি?,angry
ইনজুরির কারণে টি বিশ্বকাপ থেকে ছিটকে গেলেন শ্রীলঙ্কার শীর্ষস্থানীয় ফাস্ট বোলার দুশমন্থ চামেরা।,neutral
এখন অন্ধ্র সেলেও দীপাবলি।,sad
পানির বেলুন পড়ে যুবকের যন্ত্রণাদায়ক মৃত্যু//...,sad
পদত্যাগ করুন এবং নির্বাচনে প্রতিদ্বন্দ্বিতা করুন,neutral
"কীভাবে বিতর্ক হতে পারে, উদ্ধব সাহেবকে নরম আইসক্রিম দেওয়া হয়েছিল, এটি টর্চের মতো মনে হয়েছিল।",angry
সেপ্টেম্বর মাসে ফলাফল ঘোষণা হতে চলেছে... মাননীয় কমিশন অক্টোবরে চূড়ান্ত উত্তরপত্র দিচ্ছে।,neutral
সামন্তবাদ ও রাজবংশের ভালো উদাহরণ। ঠাকর ছাড়া বাকি সবাই জুতার ধুলো।,angry
"আপনি শুধু মুসলমানদের বসিয়ে দিন, বাকিটা মোদি করবেন মুদ্রাস্ফীতি কমানোর।",angry
এই ডাব্বা সংগঠনটিও আপনার মতো প্রতারক,angry
মানুষ কংগ্রেসকে এমন লজ্জা দেয় যে তারা বিরোধী দলের নেতার পদও পাবে না।,angry
আপনার মনে আসার সাথে সাথে আপনি নিজেই স্বীকার করবেন যে আপনি মহারাষ্ট্রের বিশ্বাসঘাতক।,angry
আপনি কি রাঠোরের কোলে বসে অন্যকে সাধারণ জ্ঞান শেখাবেন? খালা,angry
কাকুও সুরাটে যাচ্ছেন বলে গুঞ্জন আছে।,neutral
"বেশি কান্নাকাটি করবেন না, এখন বসুন... প্রতিদিন ঘুম থেকে ওঠা এবং কান্না করা বন্ধ করুন",angry
হাসান রাইলা কেন কাঁদলেন?,angry
বিশ্বের সবচেয়ে খালি উপজাতি হল বালচি শেনিক,angry
সকালে ঝাঁকান এবং রাতে কাপড় পরিবর্তন করুন,angry
"ছেলেটি বিশ্বাসঘাতক, লোভী, খুনি, অহংকারী এবং অলস। আজাদ বাবুরাও!",angry
এত প্রচার থাকলে মহারাষ্ট্রে রাহুল গান্ধীকে নির্বাচন করে দেখান।,angry
কিছু বলবেন?,angry
আমার সমালোচনার কন্ট্রাক্ট অন্য কাউকে দিয়েছে কংগ্রেস- প্রধানমন্ত্রী মোদীর বক্তব্য!,angry
মহারাষ্ট্রের মানুষ আপনাকে একটি নামেই চেনে,neutral
তোমাকে কি ছাল...হাড়ের হাড়িতে পাঠানো হয়েছে...,angry
"এটা তাদের নাগালের বাইরে, তাই তাদের ধর্মীয় সমস্যায় পড়তে হয়।",angry
মারাঠমলি লটকে তাই কতটা কষ্ট দিচ্ছে তা বিশ্ব ভুলবে না।,sad
আপনি একটি সফল প্রত্যাহার করেছেন?,neutral
কেন কিছু কুকুর মিটিং করতে আসে?,angry
"মানে, অন্য কারো বিয়ে আর নাচ!",angry
সমস্ত মানুষকে একত্রিত করা,angry
যাদের কোনো সাধারণ প্রার্থী নেই তারা চান বালা সাহেবের শিবসেনা।,angry
এই লোকেরা ইতিমধ্যে কাঁদছে,angry
দাদাকে ফাঁপা বাঁশের প্রসাদ না দেওয়া পর্যন্ত এই লোকেরা সোজা হবে না।,angry
আপনি কি বিশ্বাসঘাতকতা করেছেন কারণ উদ্ধব সাহেব আপনাকে আপনার অধিকারের চেয়ে বেশি দিয়েছেন?,angry
"বালাসাহেব, আপনি যদি আপনার বাবাকে অপমান করেন তবে তিনি সম্ভবত অপমান পছন্দ করতেন।",angry
তাহলে সেই সন্ত্রাসী মুসলিমরা আপনাদের মধ্যে কি করছিল????,angry
মহিলাদের তাদের হৃদয়ে লজ্জিত হওয়া উচিত ... এটি কপালে গোল ... উল্লম্ব নয় ..,angry
"মায়ের দুধে পাওয়া 'মাইক্রোপ্লাস্টিক', চাঞ্চল্যকর তথ্য!",happy
"কমলা নারীকে বিভ্রান্ত করা হয়েছে, তাকে বোকা বানানো হয়েছে।",angry
বিশ্বাসঘাতক ছোঁয়া পেয়ে পদত্যাগ করতে যাচ্ছিল...এখন কি?,angry
"অতুল, তোমাকে এভাবে ঘেউ ঘেউ করতে দেখে কুকুরের কথা মনে পড়ে যায়।",angry
এটা পাপ্পুর টুকরা,angry
এটি মুদ্রাস্ফীতির বিরুদ্ধে লড়াই করার একটি কৌশল। দেখুন আগের রেট কি নিয়ে আসে? আনবো না।,angry
এই ব্যক্তি তার টুইট,angry
"এটা ব্রহ্মাস্ত্র নয়, বলা হয় এটা নিম্নস্তরের রাজনীতি।",angry
অন্ধ ভক্তরা সমস্যায় পড়ে ডাক্তারের প্রয়োজন,angry
মহারাষ্ট্র এতটা মূর্খ নয় যে বুঝতে পারে না যে আপনি রাষ্ট্রদ্রোহী মতাদর্শ থেকে কথা বলছেন।,angry
"না, মারাঠি সফিস্টদের অবশ্যই MHADA-তে ফ্ল্যাট দেওয়া হবে",angry
মত প্রকাশের স্বাধীনতার নামে মিডিয়া বিভক্ত করার চেষ্টা করছে। - প্রতিরক্ষা মন্ত্রী রাজনাথ সিং,angry
অতিবৃষ্টিতে বিধ্বস্ত কৃষকের সন্তানের এই বেদনা হৃদয় ছুঁয়ে যায়..! ভেজা শুকনো..!,sad
সরকার ক্ষুধায় মরছে আর মানুষ ক্ষুধায় মরছে... জয় মহারাষ্ট্র,angry
অন্ধ ভক্তদের জন্য ভিক্ষার ব্যবস্থা করা হয়েছে,angry
এটা আমার সামনে ঘটলে আমি হাসতাম। কাউকে বাজেভাবে মারধর করা হতো।,angry
তাদের অধিকাংশই তাদের গুরুত্ব জানে না,neutral
গাড়িগুলো খেলনার মতো ভেসে গেছে...পুনেতে বৃষ্টি!,sad
ডায়রিয়ায় আক্রান্ত ব্যক্তির কাছে পৃথিবী হলুদ দেখায়,angry
সাহেবকে নিয়ে এমন যুক্তি দিতে গিয়ে আপনার জিভটা কেমন করে ভারী হয়ে গেল না।,angry
"ওরা তোর বাবার বয়সী, তুই তোর বাবার সাথে এভাবে কথা বলিস?",happy
"কেবল পুনরুদ্ধার এবং লুটপাটই লক্ষ্য এবং অর্জন, সমস্যা সমাধান লক্ষ্য নয়।",angry
এখন এমএনএসের লোকেরা ধীরে ধীরে আগের মতো বিজেপির সমালোচনা শুরু করবে।,neutral
এখানে কোন ব্যবস্থা নেওয়া হচ্ছে না কেন?,angry
আপনি কি জানেন আপনি কে?,angry
সিএনজির দাম বৃদ্ধির কারণে রিকশা-ট্যাক্সি ভাড়া বৃদ্ধির ধাক্কায় নগরবাসীকে পড়তে হচ্ছে।,fear
"এটা ভুল...এটা সহানুভূতি নয়, এটা আনুগত্যের আগ্নেয়গিরি।",angry
রামদাস যখন কাঁদছিল তখনই দাদা আবেদন করেছিলেন,sad
সে কুটিল পাওয়ারের দাস। মাথাটা বাঁকা।,angry
মনে হচ্ছে তারা বিদ্রোহের মাধ্যমে তা পাবে না!,angry
আপনি যখন শেষ করতে যাচ্ছিলেন তখন কেন আপনি এটির স্বাদ নিলেন?,angry
