text,sentiment
ಕುಲಕರ್ಣಿಯನ್ನು ನೋಡಿ,neutral
ಪ್ರತಿ ಹಕ್ಕಿಯಿಂದ ಏಳು ಉಂಗುರಗಳನ್ನು ಸಂಗ್ರಹಿಸುವ ಕುರುಡು ಭಕ್ತರು ಇದನ್ನು ಅರ್ಥಮಾಡಿಕೊಳ್ಳಬೇಕು.,angry
ಜೀ ಅವರ ಪ್ರಕಾರ ಪುಣೆ ಜಿಲ್ಲೆಯಲ್ಲಿ ಸಚಿವರಾಗಲು ಅರ್ಹ ಶಾಸಕರು ಯಾರೂ ಇಲ್ಲ.,happy
1 ಕೆಜಿಗಿಂತ ಹೆಚ್ಚು ತೂಕವಿರುವ ಸಗಣಿ ಹೊಂದಿರುವ ಮಡಕೆಗಳ ಮಾಲೀಕರಿಗೆ ಇದು ತುಂಬಾ ಕೆಟ್ಟದು.,angry
ಪಾಸ್ ಗೆ ಮನ್ನಣೆ ಸಿಗಲಿಲ್ಲ... ಸರ್ಕಾರದಲ್ಲಿರುವವರು ತಮ್ಮ ಬಗ್ಗೆ ಏನು ಯೋಚಿಸುತ್ತಾರೋ ದೇವರೇ ಬಲ್ಲ...,angry
ದೇಶದಲ್ಲೇ ಅತ್ಯಂತ ಭ್ರಷ್ಟ ಪಕ್ಷ ಬಿಜೆಪಿ... ಹಗರಣ ಮಾಡುವ ಪ್ರತಿಯೊಬ್ಬ ನಾಯಕರಿಗೂ ದೇಶ ಶಿಕ್ಷೆ ನೀಡುತ್ತಿದೆ.,angry
ಚುನಾವಣೆಗೆ ಸ್ಪರ್ಧಿಸಲು ಇಚ್ಛಿಸುವವರ ಉದ್ದೇಶ ಬೇರೆಯೇ ಇತ್ತು,angry
ಅಕಾಲ ​​ಸಾಮ್ರಾಟ್ ಉದ್ಧತ್ ಸೇನೆಗಾಗಿ ಕಾಯುತ್ತಿದ್ದಾನೆ ಹೊರತು ಬೇರೇನೂ ಅಲ್ಲ...,angry
ಒಬ್ಬನು ತನ್ನ ಸ್ವಂತ ದೇಹವನ್ನು ನೋಡಿಕೊಳ್ಳಲು ಸಾಧ್ಯವಿಲ್ಲ. ಅವನು ಯಾವ ರೀತಿಯ ಸೇಡು ತೀರಿಸಿಕೊಳ್ಳುತ್ತಾನೆ?,angry
ಸಾಕ್ಷ್ಯಾಧಾರಗಳ ಕೊರತೆಯಿಂದ ಯಾವುದೇ ಕ್ರಮ ಕೈಗೊಳ್ಳುತ್ತಿಲ್ಲ,angry
ಜನ ಬಿಜೆಪಿಯನ್ನು ತಿರಸ್ಕರಿಸಿದಂತಿದೆ. ಆದರೂ ಸದ್ಯಕ್ಕೆ.,neutral
"ಸತ್ತಾರ್ ಜೀ, ಮರಾಠವಾಡದ ರೈತರ ಸಂಕಷ್ಟ ನಿಮಗೆ ಅರ್ಥವಾಗಿದೆಯೇ?",sad
ಈ ದೇಶದ ನಿಜವಾದ ವಿಲನ್ ಯಾರು ಎಂಬುದು ದೇಶದ ಪ್ರಜ್ಞಾವಂತ ನಾಗರಿಕರಿಗೆ ತಿಳಿದಿದೆ.,angry
"ವೈಶಾಲಿ ಠಕ್ಕರ್ ಆತ್ಮಹತ್ಯೆ ಪ್ರಕರಣದಲ್ಲಿ ತಲೆಮರೆಸಿಕೊಂಡಿರುವ ಆರೋಪಿ ಪೊಲೀಸ್ ಕಸ್ಟಡಿಯಲ್ಲಿದ್ದಾನೆ, ಆತನಿಗೂ ವೈಶಾಲಿಗೂ ಏನು ಸಂಬಂಧ?",happy
"ಉತ್ತಮ ಸಾಮಾಜಿಕ ಕಾರ್ಯವು ಫಲ ನೀಡುತ್ತದೆ, ನೀವು ಕಡಿಮೆ ಬೀಳುತ್ತೀರಿ",sad
ನಿಮ್ಮ ಈ ಪತ್ರಕರ್ತ ಪತ್ರಿಕೋದ್ಯಮ ತೊರೆದು ಎನ್‌ಸಿಪಿ ಸೇರಿದ್ದಾರೆ.,angry
ಶೇನ್ ಕಿಡ್ ಮಾನಸಿಕ ಗುಲಾಮಗಿರಿಗೆ ಉತ್ತಮ ಉದಾಹರಣೆ.,angry
"ದೇಶದ್ರೋಹಿಗಳೇ, ಗುರಾಣಿ ಮತ್ತು ಕತ್ತಿಯ ಗುರುತನ್ನು ಪಡೆದರೆ ಏನು ಪ್ರಯೋಜನ, ನಿಮ್ಮ ಜೀವನದುದ್ದಕ್ಕೂ ನೀವು ಈ ಹೊದಿಕೆಯ ಅಡಿಯಲ್ಲಿ ಮರೆಮಾಡಲು ಬಯಸುತ್ತೀರಿ.",angry
ಇದು ನಿಜ! ನಾವು ನಮ್ಮ ಬಗ್ಗೆ ನಾಚಿಕೆಪಡಲು ಪ್ರಾರಂಭಿಸುತ್ತಿದ್ದೇವೆ!,sad
ಈ ಭೋಕ ಯಾವಾಗಲೂ ಕೊಳಕಿನಿಂದ ತುಂಬಿರುತ್ತದೆ.,angry
ಇಂದೇ ಕ್ರಮ ಕೈಗೊಳ್ಳುತ್ತಾರೋ ಇಲ್ಲವೋ,neutral
ಅವರು ಯಾವ ರೀತಿಯ ಗಾಂಜಾವನ್ನು ಸೇದುತ್ತಾರೆ? ಈ ಸುದ್ದಿಯವರೇ ಸುದ್ದಿ ಬರೆಯುತ್ತಾರೆ.,angry
"ಇವತ್ತಿನವರೆಗೂ ಕಳ್ಳತನ ಮಾಡಿದ್ದು ಮಕ್ಕಳೇ, ಅಪ್ಪನ ಮನೆಯಲ್ಲಿ ಏಕನಾಥ ಸಿಂದೆ ಕಳ್ಳತನ ಮಾಡುತ್ತಿದ್ದ.",angry
ಸಮಯ ಎಷ್ಟು ?? ಸಾರ್ವಜನಿಕರಿಗಾಗಿ ಕೆಲಸ ಮಾಡುವ ಬದಲು ಮೋದಿಯವರ ಆದೇಶದಂತೆ ಪೂಜೆ ಮಾಡುತ್ತಿದ್ದೀರಾ??,angry
ಇದು ನಿಜವಾಗಿಯೂ ಕೊಳಕು ಆಗಿದೆಯೇ?,angry
"ಟೆಕ್ ಕಂಪನಿಗಳು ""...",happy
"ಈ ಅಭಿಪ್ರಾಯ ಸಂಗ್ರಹವನ್ನು ನೋಡಿ, ದೇಸಾದ್ ವಾಘ್. ಆಗ ನಿಮ್ಮ ಯೋಗ್ಯತೆ ತಿಳಿಯುತ್ತದೆ.",angry
ಈ ದೃಶ್ಯ ಖಂಡಿತ ಮನಕಲಕುವಂತಿದೆ----,sad
ಈ ರಾಜಕಾರಣಿ ಮಹಾರಾಷ್ಟ್ರದ ಪ್ರತಿಷ್ಠೆಯನ್ನು ಹೆಚ್ಚಿಸಿದ್ದಾರೆ,angry
"ಎಂತಹ ಸುಳ್ಳು ಭರವಸೆ ಮೇಡಂ, ಮೋದಿ ಹೀಗೆ ಹೇಳಿದ್ದಕ್ಕೆ ಪುರಾವೆ ಇದೆಯೇ.",angry
ಇದು ತಪ್ಪು ಸರ್,angry
"ಹಿಂದೂಗಳೇ, ಸೆಕ್ಯುಲರಿಸಂ ಎಂಬುದು ಮೂಢನಂಬಿಕೆ ಎಂಬುದನ್ನು ಮರೆಯದಿರಿ.",neutral
ಬಿಜೆಪಿ ನಿಮ್ಮನ್ನು ಏಕೆ ನೇಮಕ ಮಾಡಿದೆ?,angry
ಇದು ಮೇಲ್ ಅಥವಾ ಫ್ಯಾಬ್ರಿಕೇಶನ್?,neutral
"ವರ್ಷಗಳ ಕಾಲ ಒಟ್ಟಿಗೆ ವಾಸಿಸುತ್ತಿದ್ದಾಗ, ಅವರ ಕೌನ್ಸಿಲರ್ ಡಿಯೋನಾರ್ ಡಂಪಿಂಗ್ ಗ್ರೌಂಡ್‌ನ ಕಸವನ್ನು ತಿನ್ನುತ್ತಿದ್ದರು.",angry
"ಅದೃಷ್ಟವಶಾತ್, ಕಂಪ್ಯೂಟರ್ ನಕಲು ಸಹ ಸೇರಿದೆ, ಇಲ್ಲದಿದ್ದರೆ ನಾನು ಏನನ್ನೂ ಅರ್ಥಮಾಡಿಕೊಳ್ಳಲು ಸಾಧ್ಯವಾಗುತ್ತಿರಲಿಲ್ಲ. ಮೊಬೈಲ್ ಕೊಟ್ಟೆ??!!",neutral
"ಮುಂಬೈನ ರಸ್ತೆಗಳು ಗುಂಡಿ ಮುಕ್ತವಲ್ಲ, ಗೌಡಬಂಗ್ಲಾ.. ಕಳಪೆ ಗುಣಮಟ್ಟದ ಕಾಮಗಾರಿ..",angry
"ಡಾರ್ಕ್ ಲೇಡಿ, ಪೆಡ್ನೇಕರ್ ಚಿಕ್ಕಮ್ಮ ಬೊಗಳಿದಳು?",angry
ಏನೇ ಹೇಳಿದರೂ ಬಿಜೆಪಿ ವಶವಾಗುತ್ತದೆ.,angry
ಇದು ನಿಮ್ಮ ಸರ್ಕಾರದ ಅವಧಿಯಲ್ಲಿ ನಡೆದಿದೆ...ನಿಮ್ಮ ಬಳಿ ಸುಳ್ಳು ಇದೆ,angry
ನಾನು ಅಂಧೇರಿ ಪಾಟ್ ಚುನಾವಣಾ ಅಸೆಂಬ್ಲಿಯಲ್ಲಿ ವಾಸಿಸುತ್ತಿದ್ದೇನೆ ಇದು ಗೂಗಲ್ ಆಗಿದೆ,neutral
"""ನಿನ್ನೆ ತುಂಬಾ ಅವ್ಯವಸ್ಥೆ...""",neutral
ಈ ಜನರು ಖಾಲಿಯಾಗಿದ್ದಾರೆ ...,angry
ನಿನಗೆ ಉದ್ಧವ್ ಇಷ್ಟವಿಲ್ಲದಿದ್ದರೆ ಚಿನ್ನಾನನ್ನು ಹೇಗೆ ಇಷ್ಟಪಡಬಹುದು?,angry
"ನಿನ್ನೆ ಉಷ್ಟಿ ಬಿರಿಯಾದಲ್ಲಿ ಲಾಲ್ಚಾಟ್ಯ ಎಲುಬುಗಳನ್ನು ಜಗಿಯಿದಾಗ, ಅವರು ವಾಂತಿ ಮಾಡಲು ಪ್ರಾರಂಭಿಸಿದರು.",angry
ಅಧಿಕಾರಕ್ಕಾಗಿ ಮಣ್ಣು ತಿನ್ನುವ ಸಂಪ್ರದಾಯವಿದೆ!,angry
ಯುವಕರನ್ನು ಹಿಂಬಾಲಿಸುತ್ತಿದೆ ಕೆಟ್ಟ ಚಕ್ರ!,fear
ಜಿತಾನೆ ನನ್ನನ್ನು ಬ್ಲಾಕ್ ಮಾಡಿದ್ದಾಳೆ,neutral
ಅಯ್ಯೋ ಸತ್ತಾರ್ ಶೇಠ್... ರೈತರು ಸತ್ತರೆ ಬರದ ಪರಿಸ್ಥಿತಿ ಬರುತ್ತದಾ...?,sad
"ಓಹ್, ನಿಮ್ಮ ಧ್ವನಿಯಲ್ಲಿ ರಾಜ್ಯದ ಆದಾಯ... ನೀವೂ ಅದೇ ದೃಷ್ಟಿಕೋನದಿಂದ ನೋಡುತ್ತಿದ್ದೀರಾ?",angry
ಈ ನಟಿ ಚಿಕ್ಕ ವಯಸ್ಸಿನಲ್ಲೇ ಆತ್ಮಹತ್ಯೆ ಮಾಡಿಕೊಂಡಿದ್ದಾರೆ.,sad
"ಓಹ್, ನಾವೇಕೆ ಕ್ಷಮೆ ಕೇಳಬೇಕು?",angry
ಖ್ಯಾತ ನಟ ಮತ್ತು ಹಿರಿಯ ರಂಗಕರ್ಮಿ ಪ್ರದೀಪ್ ಪಟವರ್ಧನ್ ಅವರ ದುರಂತ ನಿಧನಕ್ಕೆ ಭಾವಪೂರ್ಣ ಶ್ರದ್ಧಾಂಜಲಿ.,sad
ಸರಸ್ವತಿ ಈ ಜ್ಞಾನವನ್ನು ಯಾವಾಗ ಮತ್ತು ಹೇಗೆ ನೀಡುತ್ತಾಳೆ? ಈ ಅವಿದ್ಯಾವಂತ ತರಕಾರಿ ಅದನ್ನು ನಂಬುವುದಿಲ್ಲ!,angry
ಎಲ್ಲಾ ರಾಜಕೀಯ ಪಕ್ಷಗಳು ಮತ್ತು ನಾಯಕರು ಭಾರತೀಯ ಜನರನ್ನು ಮರುಳು ಮಾಡುತ್ತಿದ್ದಾರೆ ಮತ್ತು ಸಂವಿಧಾನವನ್ನು ಉಲ್ಲಂಘಿಸುತ್ತಿದ್ದಾರೆ.,angry
ಅವರು ಬಾಂಬ್ ಸ್ಫೋಟಿಸುತ್ತಿದ್ದ ವಿಲೀನವನ್ನು ಯಾವಾಗ ಮಾಡುತ್ತಾರೆ?,neutral
ರಾಣೆ ನಾವು ಕಂಡ ಅತ್ಯಂತ ಕೆಟ್ಟ ರಾಜಕಾರಣಿ...,angry
ಈಗ ಈ ಚುನಾವಣಾ ಚಿಹ್ನೆಯೂ ಕೈ ತಪ್ಪಲಿದೆಯಂತೆ.,sad
ಸಂಪೂರ್ಣವಾಗಿ ತಪ್ಪು... ನಿಜಕ್ಕೂ ಮೂರ್ಖತನದ ಹೇಳಿಕೆ,angry
ನನಗೆ ಗೊತ್ತು... ಅವುಗಳ ಕಾಂಡಗಳು ತುಂಬಾ ದೊಡ್ಡದಾಗಿದೆ,neutral
ನಾವು ಗೌರವಾನ್ವಿತ ಯಾವುದನ್ನಾದರೂ ಅಧಿಕವಾಗಿ ಸ್ವೀಕರಿಸುತ್ತೇವೆಯೇ?,neutral
"ಅವರಿಗೆ ಡಬಲ್ ದಂಡ ವಿಧಿಸಬೇಕು, ಇದು ಅಗತ್ಯ.",angry
ಸುಬೋಧ್ ಭಾವೆ ಮತ್ತು ಅವರ ಪ್ರೀತಿಯ ಮಾರ್ಸ್ಪಿಯಲ್ ಅವರು ಹೇಳುತ್ತಾರೆ ಮತ್ತು ಅದು ಮಾತನಾಡುತ್ತದೆ...,angry
"ಹಂಗರ್ ಇಂಡೆಕ್ಸ್ ವ್ಯಕ್ತಿ ಕಾಂಗ್ರೆಸ್ ಅನ್ನು ಹಿಡಿದಿರಬಹುದು, ಇದು ತಪ್ಪುದಾರಿಗೆಳೆಯುವ ಸತ್ಯ.",angry
ನೀವು ಮಂತ್ರಿಯೋ ಅಥವಾ ಮಹಾರಾಷ್ಟ್ರಕ್ಕೆ ಆಪತ್ತೋ? ನೀವು ನಿಮ್ಮ ಸರಿಯಾದ ಮನಸ್ಸಿನಲ್ಲಿದ್ದೀರಾ?,angry
ನೀನು ಪಾಕಿಸ್ತಾನದಿಂದ ಬಂದು ಬಿರಿಯಾನಿ ಕದಿಯುತ್ತಿದ್ದೀಯಾ?,angry
ಅವರ ಸಂಬಂಧಿಕರ ಮೇಲೆ ಆದಾಯ ತೆರಿಗೆ ದಾಳಿ,neutral
ನನ್ನ ಎಲ್ಲಾ ಮರಾಠ ಸಹೋದರರು ಮತ್ತು ಸಹೋದರಿಯರು ಭವಿಷ್ಯದಲ್ಲಿ ಮತ ಚಲಾಯಿಸದಂತೆ ನಾನು ವಿನಂತಿಸುತ್ತೇನೆ.,sad
ನಾನು ಮೊದಲು ಅಜ್ಜನನ್ನು ಕೊಂದಿದ್ದು ಅನ್ಯಾಯ,angry
"ಹೇಳಿ, ನಿಮಗೆ ಅರ್ಥವಾಗುತ್ತಿಲ್ಲ, ನಿಮ್ಮ ಅಜ್ಞಾನವನ್ನು ಸಾರ್ವಜನಿಕರ ಮೇಲೆ ಏಕೆ ಹೇರುತ್ತೀರಿ?",angry
ಇದನ್ನು ಕಂಡ ಪವಾರ್ ಸಭೆ ನಡೆಸಿ ಮನವಿ ಮಾಡಿದರು. ಉದ್ಧವ್ ಠಾಕ್ರೆ ಯಾವ ಬಾಯಿಂದ ಮಾತನಾಡುತ್ತಾರೆ?,happy
ಇದು ದೇಶದ್ರೋಹಿ ಬಾಸ್ಟರ್ಡ್,angry
ಇದು ಹಗಲಿನಲ್ಲಿ ಪ್ರಾರಂಭವಾಯಿತು ಮತ್ತು ಈಗ ಇಡೀ ದಿನ ಬೊಗಳುತ್ತದೆ,angry
ಅವರು ಈಗಾಗಲೇ ಭಯದಿಂದ ನಮ್ಮನ್ನು ನಿರ್ಬಂಧಿಸಿದ್ದಾರೆ ...,fear
"ಇತರ ಎಲ್ಲಾ ಮಾರ್ಗಗಳು ವಿಫಲವಾದಾಗ, ಅವರು ರಾಮ ಮತ್ತು ಪಾಕಿಸ್ತಾನಕ್ಕಾಗಿ ಅಳುತ್ತಾರೆ",angry
"ಹೌದು, ಇದು ತುಂಬಾ ನಿದ್ರಾಜನಕ ಕ್ರಿಯೆ...",angry
"ಹೌದು, ಅಜ್ಜ ಅಪ್ಪ ಕಳ್ಳ, ಇವನು ದೇಶದ್ರೋಹಿ",angry
ಸಹೋದರರು ಮಾಡಬೇಕಾಗಿರುವುದು ಇಷ್ಟೇ,angry
ಕತ್ತಿ ಹಿಡಿಯುವುದೆಂದರೆ ಹಿಂಸೆಯೇ?,neutral
ಪಕ್ಷ ಎಂದರೆ ತಂದೆಯ ಆಸ್ತಿಯನ್ನು ಅರ್ಥಮಾಡಿಕೊಂಡವರಿಗೆ ಸಾಷ್ಟಾಂಗ ಪ್ರಣಾಮ.,angry
ಕೇಂದ್ರದ ಮೋದಿ ಸರಕಾರದಿಂದ ದೇಶದ ಪ್ರಜಾಪ್ರಭುತ್ವ ದುರ್ಬಲಗೊಳ್ಳುತ್ತಿದೆ!,sad
ಲಟ್ಕೆ ಮೇಡಂ ಬಾಳಾ ಸಾಹೇಬರ ಶಿವಸೇನೆಗೆ ಸೇರಿದರೆ ಗುಲಾಮರು ಅವಳನ್ನು ದೇಶದ್ರೋಹಿ ಎಂದು ಕರೆಯುತ್ತಾರೆಯೇ?,angry
ಮುಖ್ಯಮಂತ್ರಿ ಪಿಎ ನಿಮ್ಮ ಕಿವಿಯ ಕೆಳಗೆ ಆಡಿದ್ದು ಕೇಳಿದೆ...ನಿಜವೇ?,happy
"ಬಿಜೆಪಿಗೆ ಎನ್‌ಸಿಪಿಯ 'ದೊಡ್ಡ ಹೊಡೆತ', 'ಯಾ' ಜಿಲ್ಲೆಯ ಹೆಚ್ಚಿನ ಸ್ಥಾನಗಳನ್ನು ಗೆದ್ದಿದೆ; ಬಿಜೆಪಿಗೆ ಸೀಟು ಮಾತ್ರ",neutral
ಸೌರವ್ ಗಂಗೂಲಿಗೆ ಕಿರುಕುಳ ನೀಡಲಾಗುತ್ತಿದೆ ಎಂದು ಆರೋಪಿಸಿ ಪ್ರಧಾನಿ ಮೋದಿಗೆ ಮಮತಾ ಬ್ಯಾನರ್ಜಿ ಮನವಿ,neutral
"ಸಗಣಿ ಹುಳುಗಳ ಬೆಲೆ ಅಷ್ಟೇ, ಟ್ವೀಟ್‌ಗಳು ಬುಡಕ್ಕೆ ಬೆಂಕಿ ಹಚ್ಚಿದವು",angry
ವರನು ಮಂಡಿಯೂರಲು ಸಿದ್ಧನಾಗಿದ್ದನು ಆದರೆ ಅವನ ತಂದೆ ಸರಿಯಾದ ಕ್ಷಣದಲ್ಲಿ ಮದುವೆಯನ್ನು ಮುರಿದರು.,happy
ಹಾಗಾದರೆ ಬಾಳಾ ಸಾಹೇಬರ ಹಿಂದುತ್ವಕ್ಕೆ ಈ ಶಕ್ತಿ ಇರಲಿಲ್ಲ ಎಂದು ನೀವು ಭಾವಿಸುತ್ತೀರಾ...,neutral
ಇದು ಎಲ್ಲಾ ಗುಜರಾತಿಗಳ ಸಮಸ್ಯೆ,angry
"ನಾನು ನೀರಜ್, ನೀರಜ್ ಚೋಪ್ರಾ ಅಲ್ಲ",neutral
ಟಾರ್ಚ್ ಕೂಡ ವಿಶಿಷ್ಟವಾದ ಎರೆಹುಳುವಾಗಿತ್ತು,angry
ಶಾರ್ಟ್ಸ್ ಹರಿದುಹೋಗುತ್ತದೆ ಎಂದು ತಿಳಿದಿದ್ದರಿಂದ ಮೊದಲೇ ಟೈಲರ್‌ಗೆ ಕರೆ ಮಾಡಿದೆ.,neutral
ನಿಮ್ಮ ತಂದೆಗೆ ಅವರ ಸ್ವಂತ ಖರ್ಚಿನಲ್ಲಿ ಸ್ಮಾರಕವನ್ನು ನಿರ್ಮಿಸಲು ನಿಮ್ಮ ಬಾಸ್ ಅನ್ನು ಕೇಳಿ.,angry
ಮತ್ತು ಖೋಪ್ಕರ್ ತನ್ನ ಪಾಲಿನ ಗಟ್ಟಿಯಾದ ಗಾಂಜಾವನ್ನು ಇಂದು ಕೊಂದನೇ???,happy
"ಮೋದಿಯನ್ನು ಅವಮಾನಿಸುವವರು ಅಗರ್ವಾಲ್ (ಸಮಾಜವಾದಿ ಪಕ್ಷ) ಮಾತ್ರವೇ, ಬಿಜೆಪಿಯಲ್ಲೂ ಈ ಬಗ್ಗೆ ಮಾತನಾಡುತ್ತಾರೆ",angry
ಮರಾಠವಾಡ ವಿಶ್ವವಿದ್ಯಾನಿಲಯದಲ್ಲಿ ನಡೆಯುತ್ತಿರುವ ಈ ವ್ಯರ್ಥದ ಬಗ್ಗೆ ಯಾರಾದರೂ ದೃಢವಾದ ಕ್ರಮಗಳನ್ನು ತೆಗೆದುಕೊಳ್ಳುತ್ತಾರೆಯೇ? ಹೌದು. ಹೌದು.,angry
ಇದು ಅತ್ಯಂತ ಕೆಟ್ಟ ನಾಯಕ,angry
"ಭೋಸರಿಗೆ ಹೋಗು...ಎಲ್ಲ ಭ್ರಷ್ಟರು, ದಬ್ಬಾಳಿಕೆಗಾರರು ಕೈವಶ ಮಾಡಿಕೊಂಡಿದ್ದು ಮರೀಚಿಕೆಗಳು...ಫೇಕು-ತಾಡಿಪರ ಪಕ್ಷ ""ಖಜಾಪ್""",angry
ಅಫ್ಘಾನಿಸ್ತಾನದಲ್ಲಿ ತಾಲಿಬಾನಿಗಳಿಂದ ಸಿಖ್ಖರಿಗೆ ಚಿತ್ರಹಿಂಸೆ!,sad
ಇದಕ್ಕೆ ಉತ್ತಮ ಉದಾಹರಣೆ ಹಸಿ ಈರುಳ್ಳಿ. ಯಾರಾದರೂ ಅರ್ಥಶಾಸ್ತ್ರದ ನೊಬೆಲ್ ಪ್ರಶಸ್ತಿಯನ್ನು ಅವನ ಮೇಲೆ ಎಸೆಯಬೇಕು.,angry
ಒಮ್ಮೆ ನಿರ್ಧಾರ ತೆಗೆದುಕೊಂಡರೆ ಬಹಿಷ್ಕಾರ ಬಹಿಷ್ಕಾರ.,angry
"ಅಂದರೆ, ಭಕಗಳು ಏಕೆ ದಾರಿ ತೋರಬೇಕು?",angry
ಅಭ್ಯಂಕರ್ ಹೆಚ್ಚು ಭೀಕರ,fear
ನಿಮ್ಮ ರಾಜ್ಯದ ಮಧ್ಯಮ ವರ್ಗದ ಆನೆಯು ಸಿಹಿಯನ್ನು ಕಂಡುಕೊಂಡಂತೆ...,neutral
ಇದೊಂದು ಅತ್ಯಂತ ದುರದೃಷ್ಟಕರ ಘಟನೆ,sad
ಕೂಗು ಕೇಳಲು ತುಂಬಾ ಉತ್ಸುಕನಾಗಿದ್ದಾನೆ,happy
ಇದನ್ನೇ ಕಳ್ಳ ವಾಂತಿ ಬಾಂಬ್ ಅಂತಾರೆ... ಕಾಮನ್ ಸೆನ್ಸ್ ಇಲ್ಲದಿದ್ದರೆ ಹೀಗಾಗುತ್ತೆ.,angry
ನೀವು ಏನು ಮಾಡುತ್ತಿದ್ದೀರಿ?,angry
"ಓಹ್, ಎಷ್ಟು ಫೇಕ್ ನ್ಯೂಸ್ ಕೊಡ್ತೀರಿ... ಸಿನಿಮಾ ರಿಲೀಸ್ ಮತ್ತು ಪ್ರೇಕ್ಷಕರ ಪ್ರತಿಕ್ರಿಯೆ",angry
ನಿಮ್ಮ ಹೊಟ್ಟೆಗೆ ಏನಾಯಿತು? ನೀವು ನಾಟಿ/ನೆಕ್ಕುವ ಪೆಂಗ್ವಿನ್ ಆಗಿದ್ದೀರಾ?,angry
ಎಲ್ಲಾ ಏಳು ತಲೆಮಾರುಗಳನ್ನು ದೇಶದ್ರೋಹಿಗಳೆಂದು ಘೋಷಿಸಿ,angry
ಠಾಕ್ರೆ ಗುಂಪು ನಿಮಗೆ ಶಿಂಧೆ ಗುಂಪಿನೊಂದಿಗೆ ಒಪ್ಪಂದವನ್ನು ನೀಡಿದೆಯೇ ???,angry
"ಭಾರೀ ಮಳೆಯಿಂದಾಗಿ, ಪುಣೆ ಪುರಸಭೆಯು ಪುಣೆಯಲ್ಲಿ ಯಾವ ರೀತಿಯ ದೀಪಗಳನ್ನು ಅಳವಡಿಸಿದೆ ಎಂದು ಅಂದಾಜಿಸಬಹುದು - ಅಜಿತ್ ಪವಾರ್",angry
ಮುಖಸ್ತುತಿ ಶುರುವಾಗಿದೆ.. ಗುಜರಾತಿನ ನೀತಿ ಎಷ್ಟು ಒಳ್ಳೆಯದೆಂದು ಈಗ ಮಹಾರಾಷ್ಟ್ರಕ್ಕೆ ಗೊತ್ತಾಗುತ್ತದೆ..,angry
ಪ್ರತಿಷ್ಠಿತ ಕಾಲೇಜನ್ನೂ ಒಳಗೊಂಡಿರುವುದು ಶಿಕ್ಷಣ ವ್ಯವಸ್ಥೆಗೆ ಕಳಂಕ ತರುತ್ತದೆ,angry
ಮೈದಾನದಲ್ಲಿ ಏನಾಗುತ್ತಿದೆ ಎಂಬುದು ನಿಮಗೆ ತಿಳಿದಿದೆ.,angry
ಕೋಪಗೊಂಡಿತು ... ಈಗ ಅವರು ಬಡ ಹುಡುಗಿಗೆ ಆಹಾರವನ್ನು ನೀಡುತ್ತಾರೆ.,angry
ಅದೇ ಹೆಸರು ಸ್ವಲ್ಪ ಆಗುತ್ತಿದೆ...ಅವಳು ಖುಶಾಲಿಯನ್ನು ಒಪ್ಪಿಸಲು ಬಂದಿದ್ದಳು..,neutral
ತೈಸಾಹೇಬರು ನಿದ್ರೆಗೆ ಜಾರಿದರಾ? ಮಹಾವಿಕಾಸ್ ಅಘಾಡಿ ಗೆದ್ದ ಟ್ಯಾಬ್ಲೋ ಎಲ್ಲಿದೆ...,happy
ಇವನು ಭಕ್ತ ತೋರ್ಸೇಕರ್.. ಈ ಹಿಂದೆ ವಾಟ್ಸಾಪ್ ನಲ್ಲಿ ಭಾರೀ ಸಂದೇಶಗಳನ್ನು ಕಳುಹಿಸುತ್ತಿದ್ದ.,neutral
ಕಪ್ಪು ಟೋಪಿ ಜನರು ಛತ್ರಪತಿಯ ಮುಖವನ್ನು ಲೂಟಿ ಮಾಡುವುದರ ವಿರುದ್ಧ ಇನ್ನೂ ದ್ವೇಷವನ್ನು ಹೊಂದಿದ್ದಾರೆ.,angry
ಭಕ್ತರೇ ಮೊದಲು ಈ ವಿಡಿಯೋ ನೋಡಿ...ನಂತರ ಮಾತನಾಡಿ.,angry
"ಈ ರೀತಿ ಬರೆಯುವ ಅಥವಾ ಮಾತನಾಡುವ ಮೂಲಕ, ನೀವು ಕೇವಲ ಸಹಾನುಭೂತಿಯನ್ನು ತೋರಿಸುತ್ತಿದ್ದೀರಿ ಮತ್ತು ಬೇರೇನೂ ಅಲ್ಲ.",angry
ಅವರನ್ನು ಗೌರವಿಸುವ ಫೋಟೋಗೆ ನೀವು ಏಕೆ ಶೀರ್ಷಿಕೆ ನೀಡಿದ್ದೀರಿ ಎಂಬುದು ನನಗೆ ಅರ್ಥವಾಗುತ್ತಿಲ್ಲ.,angry
"ಕೆಟ್ಟ ಸುದ್ದಿ, ಈ ಅಪಘಾತದಲ್ಲಿ ಹುತಾತ್ಮರಾದ ಯೋಧರಿಗೆ ಭಾವಪೂರ್ಣ ಶ್ರದ್ಧಾಂಜಲಿ",sad
ಆದರೆ ಇದು ಈ ರೀತಿ ಕಾಣುತ್ತದೆ ...,neutral
"ಆತ್ಮೀಯ ಗ್ರಾಹಕರೇ, ಅನಾನುಕೂಲತೆಗಾಗಿ ನಾವು ವಿಷಾದಿಸುತ್ತೇವೆ, ನಿಮ್ಮ ಹಿಂದಿನ ಟ್ವೀಟ್‌ಗೆ ನಾವು ಪ್ರತ್ಯುತ್ತರಿಸಿದ್ದೇವೆ.",neutral
"ಅವರ ಬಳಿ ಯಾವುದೇ ಪುರಾವೆಗಳಿಲ್ಲ, ಎಂದಿನಂತೆ ಅವರು ಹಳದಿ ಪುಸ್ತಕಗಳನ್ನು ಓದುತ್ತಿದ್ದರು!",angry
"ಶಾಲ್‌ನಿಂದ ಜೋಡಿಯನ್ನು ಹೊಡೆಯುವ ಬದಲು, ನೀವು ಅದನ್ನು ಮುಂಭಾಗದಲ್ಲಿಯೇ ಹೊಡೆದಿದ್ದೀರಿ",angry
ಕಮಲಾಬಾಯಿಯ ದುಷ್ಕೃತ್ಯದಿಂದಲೇ ಇದೆಲ್ಲ ನಡೆದಿದೆ.,angry
"ಹೌದು, ಹಾಗಾದರೆ ನೀವು ಇನ್ನೂ ಕಾನೂನನ್ನು ಬಳಸುತ್ತೀರಾ?",angry
ದೇಶದಲ್ಲಿ ಇನ್ನೂ ಅಘೋಷಿತ ತುರ್ತು ಪರಿಸ್ಥಿತಿ ಇದೆ,fear
ಈಗ ಕಾಲ ಬದಲಾಗಿದೆ. ಈಗ ಹೆಣ್ಣು ಮಕ್ಕಳಿಲ್ಲ.. ಈಗ ನಿರುದ್ಯೋಗಿ ಮಕ್ಕಳು ತಂದೆ-ತಾಯಿಯರ ಹೆಗಲ ಹೊರೆಯಾಗಿಬಿಟ್ಟಿದ್ದಾರೆ.,sad
ಇದು ವ್ಯಂಗ್ಯವಾಗಿರಬೇಕು.,neutral
ನೀವು ಮೂರ್ಖರು ಇದು ಅಕ್ಟೋಬರ್,angry
ಇದು ಅತ್ಯಂತ ಕೆಟ್ಟದು ಸಾರ್,angry
ದೇಶದ್ರೋಹಿ ಶಾಸಕರನ್ನು ಗುಣಪಡಿಸಲು ಅವರು ದೇಶದ್ರೋಹಿ ಗ್ಯಾಂಗ್‌ಗೆ ಸೇರಿಕೊಂಡಿದ್ದಾರೆಯೇ?,angry
ಇದು ಏನು ಅಸಂಬದ್ಧ ...,angry
"ಹೌದು, ಸಂಪೂರ್ಣವಾಗಿ ಕ್ರಮ ತೆಗೆದುಕೊಳ್ಳಬೇಕು, ಆದರೆ ಅವರು ದೇಶವಿರೋಧಿ ಘೋಷಣೆಗಳನ್ನು ಎತ್ತಿದ್ದಾರೆಯೇ?",angry
ಪಿಂಪ್ರಿ ಚಿಂಚ್‌ವಾಡ್‌ನಲ್ಲಿಯೂ...ಉದ್ಧವ್ ಕೂಡ ಸೇರಿಕೊಂಡಿದ್ದಾರೆ...ಅವರು ತುಂಬಾ ಅಳುತ್ತಿದ್ದಾರೆ...,angry
ಕ್ರಮ ಕೈಗೊಳ್ಳುವ ಮೂಲಕವಾದರೂ ಬುದ್ಧಿ ಕೊಡಿ ಎಂದು ಮೋದಿ ಜೀ ಪ್ರಾರ್ಥಿಸಿದರು.,neutral
"ಭಾರತ ಸೋಲಲಿಲ್ಲ, ಇಂಗ್ಲೆಂಡ್ ಗೆದ್ದಿತು",neutral
"ನಿಮ್ಮ ಕೆಲಸ ಶಿಂಧೆ ಫದ್ವಾರ್ ಅವರ ಚಿಕ್ಕಮ್ಮನಂತಿದೆ, ನೀವು ನಿರಾಕರಣೆ ಆಡುತ್ತಿದ್ದೀರಿ",angry
"ಗಮನ ಕೊಡಿ, ಇಲ್ಲದಿದ್ದರೆ ದೊಡ್ಡ ತೊಂದರೆ ಬರಲಿದೆ",fear
ನೀವು ಮಾಹಿತಿಯನ್ನು ನೀಡಲು ಬಯಸುವಿರಾ?,neutral
ಆಗ ನಿಮ್ಮ ಖುರೇಷಿ ಸಾಹಬ್ ಮತ್ತು ನಿಮ್ಮ ದಾರಿ ತಪ್ಪಿದ ಭಕ್ತನಿಗೆ ಏನಾಯಿತು...,angry
"ಇದನ್ನು ಮೊದಲೇ ಮಾಡಬೇಕಿತ್ತು ಆದರೆ ಈಗ ಅಲ್ಲ, ಸೋಲು ಅನಿವಾರ್ಯ.",sad
ಉತ್ತಮ ರಸ್ತೆಯಲ್ಲಿ ಜನರ ಗಮನವನ್ನು ತಪ್ಪಿಸಲು ಸ್ವಯಂಚಾಲಿತವಾಗಿ ಕಲ್ಲುಗಳನ್ನು ಹಾಕಲಾಗಿದೆ.,angry
ಬಿಜೆಪಿ ದಾರು ಕೊಚ್ಚಿಯಾ,angry
ಈ ಹಿಂದೆ ರಾಜಕೀಯ ಹೇಗಿತ್ತು,neutral
ಮತ್ತು ನಾವು ಅದರಿಂದ ಬಳಲುತ್ತಿದ್ದೇವೆ,sad
ಕೊಡುಗೆ ಇಲ್ಲ. ಇದು ಅವನ ಸಂಚು.,angry
ಇದೆಲ್ಲವೂ ನೋಡಲು ಉಳಿದಿದೆ,angry
ಯಾವುದೇ ಪಕ್ಷ ಬಂದರೂ ಜನ ಸಾಮಾನ್ಯರಿಗೆ ಯಾವುದೇ ಪ್ರಯೋಜನವಾಗುವುದಿಲ್ಲ.,sad
"ಸಂಕ್ಷಿಪ್ತವಾಗಿ ಹೇಳುವುದಾದರೆ, ಗೃಹ ಸಚಿವರು ನಿರುದ್ಯೋಗಿ",angry
ಅಜಿತಾದಾ ಅವರೊಂದಿಗೆ ಬಿಜೆಪಿ ಕೂಡ ಪ್ರಮಾಣ ವಚನ ಸ್ವೀಕರಿಸಿದರು. ಬಿಜೆಪಿಯೂ ಏಕೆ ದೇಶದ್ರೋಹಿ?,angry
ಹೆಕ್ಟರ್ ಎಂದರೆ ಏನು ಎಂದು ತಿಳಿದಿಲ್ಲ ಎಂದು ಅವರು ಏನು ಹೇಳುತ್ತಾರೆ?,angry
"ಇದು ಟ್ವೀಟ್ ಎಂದು ನಾನು ಭಾವಿಸಿದೆ, ಆದ್ದರಿಂದ ಉತ್ತರವು ... ಕ್ಷಮಿಸಿ ಸ್ನೇಹಿತ",neutral
"ಈಗ ಅರ್ಹತೆ ತೋರಿಸಿ ಗೆಲ್ಲುವ ಸಮಯ ಬಂದಿದೆ, ಆದರೆ ನಾವು ಅಳುವುದನ್ನು ನಿಲ್ಲಿಸಲು ಸಾಧ್ಯವಿಲ್ಲ.",angry
ನನಗೆ ಇನ್ನು ಬೇಡ,sad
"ಕತ್ತಿಯನ್ನು ಕೈಗೆತ್ತಿಕೊಳ್ಳಿ, ಇದು ಮಾಡಲು ಯೋಗ್ಯವಾದ ವಿಷಯ",neutral
ಇದು ಇತಿಹಾಸ. ಗೌರವ್ ಹೋದ.,sad
ಆ ಸಂಘಟನೆ ಅಧಿಕಾರದಲ್ಲಿದ್ದಾಗ ಬಾಳೆಹಣ್ಣು ಹೀರುತ್ತಿತ್ತು...,angry
ಮತ್ತು ತಾಯಿಯ ಸ್ನೇಹಿತನ ಮುಖ ಏಕೆ ವಕ್ರವಾಗಿದೆ? ನಾಲಿಗೆಗೆ ಅದೇ ಹೆಸರನ್ನು ತೆಗೆದುಕೊಳ್ಳಲು ಕಷ್ಟವಾಯಿತು,angry
ಚುನಾವಣೆಯಲ್ಲಿ ಸಾರ್ವಜನಿಕರನ್ನು ಮೂರ್ಖರನ್ನಾಗಿಸಲು ಇದು ಖಂಡಿತವಾಗಿಯೂ ಪ್ರಮುಖ ವಿಷಯವಾಗಿದೆ.,angry
"ಇಡೀ ಮಹಾರಾಷ್ಟ್ರವೇ ದೇವೇಂದ್ರ ಜೀ ಅವರ ಬಗ್ಗೆ ಹೆಮ್ಮೆಪಡುತ್ತದೆ, ನಾನು ನಿಮ್ಮನ್ನು ಕೇಳುತ್ತೇನೆ, ಒಬ್ಬ ಸಿಕೋಫಂಟ್ ಪತ್ರಕರ್ತ, ಅಸಹಾಯಕ ಪತ್ರಕರ್ತ ಯಾರು.",happy
ಇದು ಮರಾಠಿ ಕಲಾವಿದರೊಬ್ಬರ ಹೆಮ್ಮೆ.,angry
"ಇದು ಅವರಿಗೆ ತಿಳಿದಿಲ್ಲ, ಆದ್ದರಿಂದ ಅವರು ಮಹಾರಾಷ್ಟ್ರದಲ್ಲಿ ಅಧಿಕಾರದ ಹೋರಾಟದಲ್ಲಿ ದಿನಾಂಕವನ್ನು ನೀಡುತ್ತಿದ್ದಾರೆ.",angry
ಅವರನ್ನೆಲ್ಲ ಪಾಕಿಸ್ತಾನಕ್ಕೆ ಕಳುಹಿಸಿ. ಇಂತಹ ದೇಶದ್ರೋಹಿಗಳು ಈ ದೇಶದಲ್ಲಿ ಬದುಕಲು ಅರ್ಹರಲ್ಲ.,angry
"ನಮಸ್ಕಾರ, ನೀವು ಯಾಕೆ ಹೋಗಿದ್ದೀರಿ? ಸೆಳೆತ",neutral
"ಹೌದು, ಅವರು ಹಿಂದೂಗಳು ಮತ್ತು ಅವರಲ್ಲಿ ಹಿಂದೂ ದ್ವೇಷ ತುಂಬಿದೆ.",angry
ಹಿತಾಸಕ್ತಿ ತಪ್ಪಿದರೆ ಬಿಜೆಪಿ ನೇರವಾಗಿ ತೆರೆಮರೆಯಲ್ಲಿ ರಾಜಕೀಯ ಮಾಡಿ ಜನರನ್ನು ಕೆರಳಿಸುತ್ತದೆ.,neutral
"ನೀನು ಯಾಕೆ ಸುಳ್ಳು ಹೇಳಬೇಡ, ನೀನು ಶಾಲೆಗೆ ಹೋಗಿದ್ದೀಯಾ? ಈಗ ಅವರ ಶಿಕ್ಷಣವನ್ನು ಕಸಿದುಕೊಳ್ಳಬೇಡಿ",angry
ಈ ವ್ಯಕ್ತಿ ಮುಖ್ಯಮಂತ್ರಿಯನ್ನು ಕೊಳಕು ಭಾಷೆಯಲ್ಲಿ ನಿಂದಿಸುತ್ತಿದ್ದಾರೆ. ಕಟ್ಟುನಿಟ್ಟಿನ ಕ್ರಮ ನಿರೀಕ್ಷಿಸಲಾಗಿದೆ,angry
ಸಹ್ಯಾದ್ರಿ ಶಾಲೆ ಖಾಸಗಿ ಶಾಲೆಯಾಗಿರುವುದರಿಂದ ಥಾಣೆ ಮಹಾನಗರ ಪಾಲಿಕೆ ನೀರಿನ ಟ್ಯಾಂಕ್‌ಗಳನ್ನು ಸ್ವಚ್ಛಗೊಳಿಸುತ್ತಿಲ್ಲ.,neutral
ಗೆಲುವಿನ ಗ್ಯಾರಂಟಿ ಇಲ್ಲದ ಕಾರಣ ಈ ದ್ರೋಹಿಗಳು ಕ್ಷೇತ್ರ ಬಿಟ್ಟು ಓಡಿ ಹೋಗುತ್ತಾರೆ,angry
"ಮುಂಜಾನೆ ನಾನು ಕೆಟ್ಟ ಕನಸಿನೊಂದಿಗೆ ಎಚ್ಚರವಾಯಿತು, ಮರುದಿನ ಅದು ಈಗ ಸಂತೋಷವಾಗಿದೆ",happy
"ನಾನು ಕೆಲವೊಮ್ಮೆ ಸರಸ್‌ಬಾಗ್‌ಗೆ ಹೋಗುತ್ತೇನೆ. ಈಗ ಬರೀ ಜನಸಂದಣಿ ಇದ್ದು, ಸಂಚಾರದ ಸದ್ದು ಬರುತ್ತಲೇ ಇದೆ.",sad
ನೀವು ಏನನ್ನಾದರೂ ಎಸೆಯುತ್ತೀರಾ? ಪತ್ರಿಕೋದ್ಯಮ ಮಾಡುವುದೇ? ಅದಕ್ಕೇ ಅಜ್ತಾಕ್ ಬಿಟ್?,angry
"ನಿನಗೇನು ಬೇಕು ಹೇಳು, ಇದು ವಡಾಪಾವ್ ಕಾರೇ?",angry
ಗಡ್ಡ ಬೆಳೆಸಿ ಮೋದಿ ಆಗುವ ಯತ್ನ? ಆದರೆ ಗಡ್ಡವನ್ನು ಬೆಳೆಸುವುದರಿಂದ ಬುದ್ಧಿವಂತಿಕೆ ಮತ್ತು ಬುದ್ಧಿವಂತಿಕೆ ಹೆಚ್ಚಾಗುತ್ತದೆಯೇ?,angry
"ಮರಾಠಿಯ ಕೊಲೆಗಾರನಾಗಬೇಡ, ಮರಾಠಿಯಲ್ಲಿ ನಿನ್ನನ್ನು ವ್ಯಕ್ತಪಡಿಸಿ. ನಮಗೆ ಈ ಭಾಷೆ ಅರ್ಥವಾಗುತ್ತಿಲ್ಲ.",neutral
"ಶೆಮನ್ಯಾ, ಬಾಲ ಮುದುಡಿಕೊಂಡು ಗುಹೆಯಲ್ಲಿ ಕೂತಿದ್ದೀಯಾ, ಈಗ ಮಾತನಾಡಬೇಡ.",angry
ಇದರ ಲಾಭ ಸಾಮಾನ್ಯ ಜನರಿಗೆ ತಲುಪದ ಹೊರತು ಎಲ್ಲವೂ ನಿರುಪಯುಕ್ತ,sad
ನಾನು ಕೋಪಗೊಂಡಿದ್ದೆ ಏಕೆಂದರೆ ಭವಿಷ್ಯವು ನಿಜವಾಯಿತು,angry
ಮಗುವನ್ನು ನೋಡಿಕೊಳ್ಳಲು ಕೇಳಿದರೆ ಆಶ್ಚರ್ಯವೇನಿಲ್ಲ ... ಅವರು ತಮ್ಮ ಪ್ರಾಚೀನ ಬುದ್ಧಿವಂತಿಕೆ ಮತ್ತು ಸಾಮಾನ್ಯ ಜ್ಞಾನವನ್ನು ತಿಳಿದಿದ್ದರು ...,neutral
ಸಾರ್ ಭ್ರಷ್ಟಾಚಾರ ತುಂಬಾ ಹೆಚ್ಚಾಗಿದೆ ದಯವಿಟ್ಟು ಪರಿಹರಿಸಿ,angry
ಹಸುವಿನ ಸಗಣಿ ಮತ್ತು ಸ್ವಂತ ಮೂತ್ರವನ್ನು ಸೇವಿಸಿ,angry
ಕೀವ್ ಮತ್ತು ಹುಸುಚ್ ಅನ್ನು ಮಾತ್ರ ಉಲ್ಲೇಖಿಸಿರುವ ಇನ್ನೂ ಐದು ಅರ್ಥಹೀನ ಟ್ವೀಟ್‌ಗಳನ್ನು ನೀವು ಓದಿದರೆ..,angry
ಜೈದೀಪ್ ಠಾಕ್ರೆ ಯಾರ ಜೊತೆ ಇದ್ದಾರೆ ಹೇಳಿ?,angry
ಶಾಂತಾ ಶೆಲ್ಕೆ ಯಾರೆಂದು ಈ ಬುದ್ಧಿಹೀನ ವ್ಯಕ್ತಿಗೆ ತಿಳಿದಿದೆಯೇ?,angry
ಈ ಮೂರ್ಖ ಮತ್ತು ಮೂರ್ಖ ಪತ್ರಕರ್ತರಿಂದ ಜನರು ದಾರಿ ತಪ್ಪುತ್ತಿದ್ದಾರೆ,angry
ಆಗ ಬಾಳಾ ಸಾಹೇಬರ ಶಿವಸೇನೆಗೆ ಅವಮಾನ ಮಾಡಿ.. ಆಗ ಸಾರ್ವಜನಿಕರು ನಿಮಗೆ ತಕ್ಕ ಉತ್ತರ ನೀಡುತ್ತಾರೆ.,angry
ಗುಜ್ಜು ಹುಳುವಿನಂತೆ ನಿಧಾನವಾಗಿ ಹೊರಬರುತ್ತದೆ...!,angry
ಕಾರ್ತಿಕ ಯಾತ್ರೆಯಲ್ಲಿ ಭಕ್ತರಿಗೆ ಯಾವುದೇ ತೊಂದರೆಯಾಗದಂತೆ ಎಚ್ಚರಿಕೆ ವಹಿಸಬೇಕು - ಜಿಲ್ಲಾಧಿಕಾರಿ ಗಜಾನನ ಗುರವ,neutral
ಬಲಿಯಾದವರು ಮೇಕೆಯನ್ನು ದೇಶದ ಮುಂದೆ ಸೋಲಿಸಿದ್ದಾರೆ ಎಂದು ನಾನು ಈಗಾಗಲೇ ಹೇಳಿದ್ದೇನೆ.,sad
ವಿ ಹಾಯ್ ಶು ನೆನಾ ತೈ ಎಂದು ಹೇಳುತ್ತಿದೆ,angry
ಫಸ್ನವಿಸ್‌ನ ಗದ್ದರ್‌ನಾಥ್ ಮತ್ತು ಉತ್ತಮವಾದ ನಾನಾ ಕೆಲಸ ಮಾಡಿದ್ದಾರೆ,happy
ಹೀಗೆ ಹೇಳುತ್ತಾ ತಾಯಿಯ ಮಾತು ಮುಗಿಯಿತು...ಓಂ ಶಾಂತಿ!,sad
ಇವನು ತನಗಿಂತ ಜಾಣ ಎಂದುಕೊಂಡ ಹೇಡಿ ವಕೀಲ.,angry
ಈಗ ಥಾಪಾ ಶಿಂಧೆ ಗುಂಪಿನ ಆಪ್ತ ಸಚಿವರಾಗುತ್ತಾರೆ ಎಂಬ ವದಂತಿ ಹಬ್ಬಿಸಿದವರು ಯಾರು?,happy
"ಸರ್, ಏನು ತಂದಿದ್ದೀರಿ? ಓದಲು ತುಂಬಾ ಬೇಸರವಾಯಿತು.",sad
ಸೋಲುವ ಭಯದಿಂದ ರಾಜ್ ಠಾಕ್ರೆ ಮೂಲಕ ಈ ದಂಧೆ ಆರಂಭಿಸಿದರು.,fear
"ಬೆನ್ನು ನಿಂತಿದ್ದರೆ ಕಠಾರಿ ತೆರೆಯುವುದು ಖಚಿತ. ವಸಂತದಾದಾ ಪಾಟೀಲ್, ಯಶವಂತರಾವ್",angry
ಅದು ಯಾವ ಭಾಷೆ... ಅದು ಯಾವ ಸಂಸ್ಕೃತಿ!,angry
"ಬಾಳಾ ಸಾಹೇಬರು ಪ್ರಬೋಧನಕರ ವಾರಸುದಾರರು, ತೋರ್ಸೇಕರ ಕಡೆ ಗಮನ ಕೊಡಬೇಡಿ, ಅವರು ವಯಸ್ಸಾದವರು, ಅವರು ಏನು ಬೇಕಾದರೂ ಮಾತನಾಡುತ್ತಾರೆ.",neutral
ಅಜ್ಜನಿಗೆ ಯೋಗಿ ಸ್ಟೈಲ್ ನಲ್ಲಿ ಪಾಠ ಹೇಳ್ತೀರಾ???,angry
"ನರೇಂದ್ರ ಮೋದಿ ದೇಶದ ಪ್ರಧಾನಿಯಲ್ಲ, ಬಿಜೆಪಿಯ ಪ್ರಧಾನಿ ಮಾತ್ರ. -ಕಾಂಗ್ರೆಸ್ ರಾಜ್ಯಾಧ್ಯಕ್ಷ ನಾನಾ ಪಟೋಳೆ.",angry
ಅಯ್ಯೋ ಈ ಸಿಟ್ಟಿನ ನರಿ ಇನ್ನೂ ಇದೆಯಾ...ಇಷ್ಟು ಹೊತ್ತು ಎಲ್ಲಿ ಬಚ್ಚಿಟ್ಟಿದ್ದ,angry
ಮೋದಿ ಸರ್ಕಾರ ಮನೀಶ್ ಸಿಸೋಡಿಯಾ ಅವರನ್ನು ಗುರಿಯಾಗಿಸಿಕೊಂಡಿರುವುದು ನಿಜಕ್ಕೂ ಅನ್ಯಾಯ.,angry
ಪವಿತ್ರ ಮಂಗಳಸೂತ್ರದ ವಿರುದ್ಧ ಹುಚ್ಚು ಮತ್ತು ಕಾಂಗ್ರೆಸ್ ಮನಸ್ಥಿತಿಯ ಪ್ರತಿಭಟನೆ.,angry
ಅವರು ಸದ್ದಿಲ್ಲದೆ ಲಕ್ಷಾಂತರ ಸಂಪಾದಿಸುತ್ತಿದ್ದಾರೆ,angry
"ಹೇ ಉಪತ್, ಅವನ ತಂದೆಯಂತಹ ಒಂದು ಗುಣವಾದರೂ ಇದೆಯೇ?",angry
"ಈಗ ಬಿಜೆಪಿ ಬಾಣ ಹಿಡಿದಿದೆ, ಸಾಕಷ್ಟು ಹುಡುಕಿದೆ ಆದರೆ ಕೈ ಖಾಲಿಯಾಗಿದೆ.",neutral
"ಹೇ ಸಹೋದರರೇ, ನೀವು ಮರಾಠಾ ಮೋರ್ಚಾವನ್ನು ಮೂಕ ಮೋರ್ಚಾ ಎಂದು ಕರೆದಿದ್ದೀರಾ?",angry
ಅದು ಭ್ರಮೆ,neutral
"ನಾನು ಪುರಂಪೋಲಿ ತಿನ್ನುವುದಿಲ್ಲ, ಅದು ಮಾತನಾಡುವಂತಿದೆ.",neutral
ಆಗಲು ಬಯಸುವುದಿಲ್ಲ,neutral
ಅವಳು ನನಗೆ ತೊಂದರೆ ಕೊಡುತ್ತಾಳೆ,angry
ಪೆಟ್ಟಿಗೆಗಳು ಎಲ್ಲವನ್ನೂ ಮಾಡುತ್ತಿದ್ದರೆ ಯಾರು ಮತದಾನದಲ್ಲಿ ಆಸಕ್ತಿ ಹೊಂದಿರುತ್ತಾರೆ ಮತ್ತು ಏಕೆ?,angry
"ನೀರು ಸಂಗ್ರಹವಾಗಬಾರದು, ನೀರಿರುವ ಕೆಲ್ಪ್ ಕೆಲಸ ಮಾಡುತ್ತಿದೆ",happy
ಇದಕ್ಕಾಗಿ ಮಹಾರಾಷ್ಟ್ರವು ಮುಂಬೈ ಮತ್ತು ಪುಣೆಯ ಹೊರಗೆ ಇದೆ ಎಂದು ಅರ್ಥಮಾಡಿಕೊಳ್ಳಬೇಕು.,neutral
"ವರ್ಕ್ ಫ್ರಮ್ ಹೋಮ್ ಎಂದರೆ, ಆಫೀಸ್ ಕೆಲಸ ಮಾಡುವುದರ ಜೊತೆಗೆ ಮನೆಯ ಕೆಲಸ... ವೈಟಗವಾಡಿ ನುಸ್ತಿ",angry
ಮುಂದೊಂದು ದಿನ ಈ ಮೇಡಂಗಳು ಉದ್ಧವ್ ಠಾಕ್ರೆಯ ಉಳಿದಿರುವ ಶಿವಸೇನೆಯನ್ನು ಖಂಡಿತವಾಗಿ ಒಡೆಯುತ್ತಾರೆ.,angry
ಆದರೆ ರಾಹುಲ್ ಗಾಂಧಿಯವರಿಂದಾಗಿ ಹಿಸ್ ಎಕ್ಸಲೆನ್ಸಿ... ಹುಲ್ಲು ನೇರವಾಗಿ ಮಸೀದಿಯಲ್ಲಿ ಬೆಳೆದಿತ್ತು. ಅದರ ಬಗ್ಗೆ ಏನು????,angry
ಮರಾಠಿಯಲ್ಲಿ ದೇಹವು ಚಿಂದಿ ಭಾರ ಎಂಬ ಮಾತಿದೆ,neutral
PMC ಗೆ ಪ್ರಶ್ನೆಗಳನ್ನು ಕೇಳಲು ಸಾಧ್ಯವಾಗದ ಜನರ ಬಗ್ಗೆ ನೀವು ಮಾತನಾಡುತ್ತಿದ್ದೀರಾ? ಗೊಂದಲ,neutral
ಅದು ಬೆಂಕಿಯನ್ನು ನಾವು ಪಾನಿಚು (ಎಲೆ ಚೇಳು) ಎಂದು ಕರೆಯುತ್ತೇವೆ. ಆದರೆ ಮನುಷ್ಯ ಸಾಯುವುದಿಲ್ಲ.,neutral
ಈ ಸುದ್ದಿ ವಾಹಿನಿಯೂ ಅದೇ ಸುದ್ದಿ. ನನಗೆ ಬೇಸರವಾಗಿದೆ.,angry
ಉಚಿತ ಪ್ರಚಾರವನ್ನು ಪಡೆಯಲು ಯಾರನ್ನಾದರೂ ಕರೆ ಮಾಡಲು ಕೇಳಲಾಗಿದೆ ಎಂಬುದು ಸ್ಪಷ್ಟವಾಗಿದೆ.,angry
ಇದು ಕ್ರಿಯೆಯ ಭಯದಿಂದಾಗಿ ಓನ್ಲಿ ಫ್ಯಾನ್ಸ್ ಸಂಸ್ಥಾಪಕರಲ್ಲಿ ಭೀತಿಯನ್ನು ಉಂಟುಮಾಡಿದೆ.,fear
ಪಾಕೆಟ್ ಪತ್ರಕರ್ತರು ಮತ್ತು ಗೋಡಿ ಮಾಧ್ಯಮದವರು ಈ ಮಾತುಗಳನ್ನು ಮರೆತಿದ್ದಾರೆಂದು ತೋರುತ್ತದೆ...,angry
ಅಪಾಯವನ್ನು ನೋಡಿ.,angry
"ಮತ್ತು ಪವಾರ್ ಸಾಹೇಬರು ಕಾಂಗ್ರೆಸ್ ಅನ್ನು ಮುರಿದರು, ಏನು ತಂತ್ರ.",angry
ಕೊಂಕಣಿಗರು ರಾಣೆಗೆ ಕಳಂಕ ತಂದಿದ್ದಾರೆ,angry
"ಈ ಕಿಡಿಗೇಡಿಗಳು ಜನರ ಪ್ರಾಣವನ್ನು ಪಣಕ್ಕಿಟ್ಟು ಐಷಾರಾಮಿ ಜೀವನ ನಡೆಸುತ್ತಿದ್ದು, ಈ ನಿರ್ಲಕ್ಷ್ಯಕ್ಕೆ ಸೂಚಿಸಲಾಗಿದೆ.",angry
ಪ್ರಪಂಚವು ಮೋಸಗೊಂಡಿದೆ ಏಕೆಂದರೆ ಒಳಗಿರುವುದು ತೋರಿಕೆಯಲ್ಲ,neutral
ಇಂತಹ ನಕಲಿ ವ್ಯವಹಾರದಿಂದಾಗಿ ನಿಮ್ಮ ಖಾತೆಯನ್ನು ಸ್ಥಗಿತಗೊಳಿಸಲಾಗುತ್ತದೆ,angry
ನೀವು ಅದನ್ನು ಕೆಳಗಿನ ಹಂತ ಎಂದು ಏಕೆ ಕರೆಯುತ್ತೀರಿ ಎಂದು ಈಗ ನಾನು ನಿಮಗೆ ಹೇಳುತ್ತೇನೆ,angry
ಮುಚ್ಚು..ಏನಾದರೂ,angry
ಒಂದಷ್ಟು ಸುಳ್ಳು ಕಥೆಗಳನ್ನು ಹೇಳಿ ಜನರನ್ನು ಮೂರ್ಖರನ್ನಾಗಿಸುವುದು ಬಿಜೆಪಿಯ ನೀತಿ ನಿಜ.,angry
ಮಹಾರಾಷ್ಟ್ರ ನನ್ನನ್ನು ಎಲ್ಲಿಗೆ ಕರೆದೊಯ್ಯುತ್ತದೆ?,sad
ನೀವು ಮೌನ ಕ್ರಮವನ್ನು ಉಲ್ಲಂಘಿಸಿದ್ದೀರಿ,angry
ಈ ಕಾರಣದಿಂದ ನಾನು ಅನ್‌ಫಾಲೋ ಮಾಡುವುದಿಲ್ಲ... ಚಿಂತಿಸಬೇಡಿ.,neutral
"ಅವನ ಹೆಂಡತಿ ಅವನನ್ನು ಕರೆದಾಗ, ಅವನು ಮನೆಗೆ ಬರಲು ಪ್ರಾರಂಭಿಸಿದನು, ಆದರೆ ದಾರಿಯಲ್ಲಿ ಮೂರು ಜನರು ಅವನನ್ನು ಹೊಡೆದರು.",sad
ಮಾವಿಯಾ ಅಭ್ಯರ್ಥಿ ಸಿಗುವುದಿಲ್ಲ - ಬಾವಂಕುಲೆ,happy
"ನಿಮಗೆ ಕ್ಯಾರೆಟ್, ಸತ್ತಾರ ಗೊತ್ತಾ, ಮೂಲಭೂತವಾಗಿ, ನಿಮಗೆ ಮಂತ್ರಿಯಾಗುವ ಅರ್ಹತೆ ಇಲ್ಲ",angry
ಇನ್ನೂ ಯಾವುದೇ ಕ್ರಮ ಕೈಗೊಂಡಿಲ್ಲ. ಕೆಲಸ ನಡೆಯುತ್ತಿದೆ.,neutral
ಬಿಜೆಪಿ ಸರ್ಕಾರವಿದ್ದಾಗ ಇದು ಹೇಗೆ ಆಯಿತು?,happy
"ಈ ಮಹಿಳೆ ಯಹೂದಿ ಅಲ್ಲ, ಉಳಿದವರೆಲ್ಲರೂ ವಿವೇಕಿಗಳು",neutral
ನಿಮ್ಮಂತೆಯೇ ಅವರಿಗೂ ಓಡಿಹೋಗಿ ಸಾಯುವಂತೆ ಅನಿಸುತ್ತದೆ,sad
ಇದು ದೇವತೆಗಳಿಗೆ ಮಾಡಿದ ಅವಮಾನ.,angry
ಈ ಸಾವಿನ ಗ್ರಾಫ್ ಅಮರಾವತಿಯಲ್ಲಿ ಅತಿ ಹೆಚ್ಚು,sad
ನೀವು ಅದನ್ನು ತೆಗೆದುಕೊಂಡು ಬರೆದಿದ್ದೀರಿ ಅದು ಸರಿಯಾಗಿ ಬರೆಯದಿರಬಹುದು,neutral
ವಿಳಾಸ ತಪ್ಪಿ ಬುಲೆಟ್ ತಪ್ಪಿದ್ದರಿಂದ ಮಾಧ್ಯಮಗಳಿಗೆ ಪಾತ್ರ ಸಿಕ್ಕಿದೆ.,neutral
ಪಟಾಕಿ ಸಿಡಿಸುವ ಮೂಲಕ ನಮ್ಮ ಪ್ರಕೃತಿ ಮಾತೆಗೆ ಅವಮಾನ ಮಾಡುವ ಎಲ್ಲಾ ದಿವಾಳಿ ಭಕ್ತರ ವಿರುದ್ಧ ಪ್ರತಿಭಟನೆ...,angry
"ನೀವು """" ಬದಲಿಗೆ """" ನಕಲಿ ಹೆಸರನ್ನು ಏಕೆ ಬಳಸುತ್ತೀರಿ?",neutral
ಬಾಸಿತ್ ದೇಶ ವಿರೋಧಿ ನಿಯತಕಾಲಿಕವನ್ನು ನಡೆಸುವ ಜವಾಬ್ದಾರಿಯನ್ನು ಹೊತ್ತಿದ್ದರು.,angry
. ಈ ರೀತಿ ಟ್ವೀಟ್ ಮಾಡಲು ಹಣ ಪಡೆದವರು ಕತ್ತು ಹಿಸುಕುತ್ತಿದ್ದಾರೆ ಎಂದು ಹೇಳುತ್ತಾರೆ,angry
ಎತ್ತುಗಳು ಮತ್ತು ಎಮ್ಮೆಗಳನ್ನು ಸಹ ಅವಮಾನಿಸಲಾಗುತ್ತದೆ ಎಂದು ನಾನು ಭಾವಿಸುತ್ತೇನೆ ...,sad
ಇಲ್ಲಿ ಬಿಕ್ಕಟ್ಟು ಹಿಂದೆ ನಿಂತಿದೆ. ಮುಖದ ಅಭಿವ್ಯಕ್ತಿಯನ್ನು ನೋಡಿ.,fear
ಉಳಿದ ಶೇಣಿಕಾನ್‌ಗಳು ಹೆಚ್ಚು ಖುಷಿಯಾಗುತ್ತಾರೆ.. ಭವಿಷ್ಯದ ರಿತುಜಾ ಲಟ್ಕೆ ಕೂಡ ಶಿಂಧೆ ಗ್ರೂಪ್‌ಗೆ ಸೇರಲಿದ್ದಾರೆ.,neutral
ಗ್ರಾಮದಲ್ಲಿ ಶಾಲೆ ಇಲ್ಲ ಆದರೆ ಎರಡೆರಡು ಇದ್ದು ಜನಪರ ಎಂದು ಹೇಳಲಾಗುತ್ತಿದೆ,neutral
ಪುಣೆಯಲ್ಲಿ ನೀರಿನ ಶೇಖರಣೆಯಿಂದ ಗಮನವನ್ನು ಬೇರೆಡೆಗೆ ತಿರುಗಿಸಲು ಇದೆಲ್ಲ ಉಪವಿಭಾಗ! ಸಾರ್ವಜನಿಕರು ಬುದ್ಧಿವಂತರು!,angry
ಇದು ನಿಮ್ಮ ಹಣೆಬರಹವಲ್ಲ,sad
"ಜನಸಮೂಹವು ಹಾವನ್ನು ತುಳಿಯಲು ಹೊರಟಿತು, ಆದರೆ ಋಷಿಯು ಅದನ್ನು ಪಾಪ ಎಂದು ಹೇಳಿ ರಕ್ಷಿಸಿದನು; ಆದರೆ ಒಂದು ತಪ್ಪು ದುಬಾರಿಯಾಗಿದೆ",sad
ಭೋಲಾನಾಥ್ ಅವರೊಂದಿಗೆ ಸಹಾನುಭೂತಿ ಪಡೆಯುತ್ತಾರೆ. ಎಲೆಕ್ಟರ್ ಕಿಂಗ್ ಕೀವ್‌ಗೆ ಬಂದು ಭಿಕ್ಷೆ ಬೇಡುತ್ತಾನಾ?,neutral
ಲಟ್ಕೆ ತೈ ವಿರುದ್ಧ ಪಿತೂರಿ ನಡೆದಾಗ ಈ ಪಾತ್ರ ಎಲ್ಲಿತ್ತು?,angry
"ದೇಶದಲ್ಲಿ ನಿರುದ್ಯೋಗವಿಲ್ಲ, ದೇಶದಲ್ಲಿ ಉದ್ಯೋಗ ಕಡಿಮೆಯಾಗಿದೆ. -ನಿರ್ಮಲಾ ಅತ್ಯಾ",neutral
ನಿಮ್ಮ ಅಭಿಪ್ರಾಯಕ್ಕೆ ಬೆಲೆ ಇಲ್ಲ...ನೀವು ಅದಕ್ಕೆ ಅರ್ಹರಲ್ಲ..,angry
ಇದರ ನಂತರ ಸಂಖ್ಯೆಗಳು ಬರುತ್ತವೆ. ಕುಳಿತುಕೊಳ್ಳಿ..,angry
ಇಂದು ನಾನು ಕುರುಡ ಮತ್ತು ಕಿವುಡ,sad
ಮಹಾರಾಜರ ಚಿಹ್ನೆಯನ್ನು ರಾಷ್ಟ್ರವಿರೋಧಿ ಎಂದು ಕರೆಯುವವರು ದೇಶವಿರೋಧಿಗಳು.,angry
ಪುರುಷರೆಲ್ಲ ಯಾಕೆ ಸೋಮಾರಿಗಳಾಗಿದ್ದಾರೆ..ಇದು ಸಂಶೋಧನೆಯ ವಿಷಯವಾಗಿದೆ,angry
ಇದು ಶುದ್ಧ ಭೂತ,angry
ಮಹಾರಾಷ್ಟ್ರದ ಸಂಸ್ಕೃತಿಯನ್ನು ಉಳಿಸಿಕೊಂಡು ಒಳ್ಳೆಯ ನಿರ್ಧಾರವನ್ನು ಕೆದಕುವುದು ಯಾರ ಸಂಸ್ಕೃತಿ?,angry
ಶರದ್ ಸೇನೆಯ ಇತಿಹಾಸ ಮತ್ತು ಭೌಗೋಳಿಕ ಎರಡೂ ಕಚ್ಚಾ.,angry
ನೀವು ನಿಜವಾಗಿಯೂ ಎಷ್ಟು ಮೌಲ್ಯಯುತರು? ನೀವು ಹಾಗೆ ಯೋಚಿಸುತ್ತೀರಾ?,angry
ಮತ್ತು ಯಡ್ಯ ಗಜ್ಜುಗೆ ಬೇಕಾಗಿರುವುದು ಮಿನುಗು,angry
ಬಾಳಾಸಾಹೇಬರು ಇಂದು ತುಂಬಾ ದುಃಖಿತರಾಗುತ್ತಾರೆ,sad
"ವಿಶೇಷವಾಗಿ ಟಿವಿ ಮರಾಠಿ, ಎನ್‌ಸಿಪಿ ಮಜಾ ಮತ್ತು ಭೋಕಾಮತ್",neutral
: ಗರ್ಬಾ ಆಡುತ್ತಿದ್ದಾಗ ರಾಸ್ ಹಠಾತ್ತನೆ ನಿಂತು ಕೆಳಗೆ ಬಿದ್ದರು; ಸಾವು ಕುಟುಂಬದ ಮುಂದೆ ಬಂದಿತು,sad
ಪ್ರೀತಿ ಎಂದರೆ... ಮನೆಯಲ್ಲಿ ತಿಂದು ಇತರರಿಗಾಗಿ ಸಾಯುವುದು... ಬೆಂಡೆಕಾಯಿಯ ಅವಶ್ಯಕತೆ ಏನಿದೆ...,angry
ಅಲ್ಲಿ ನಾಲ್ಕು ಮಂಗಳಸೂತ್ರ ಕಳವು ಪ್ರಕರಣಗಳು ದಾಖಲಾಗಿವೆ ಎಂದು ಕೇಳಿ ಬಂದಿದೆ.,neutral
ನಿಜ ಆದರೆ ನೀವು ಈ ಸಾಮಾನ್ಯ ಜ್ಞಾನವನ್ನು ಹಿಂದೂ ಹಬ್ಬಗಳಲ್ಲಿ ಮಾತ್ರ ಕಲಿಸುತ್ತೀರಿ...,angry
"ಎರಡರಲ್ಲೂ ವಿಶ್ವಾಸಘಾತುಕತನವಿದೆ, ಮುಂದಿನ ಪೀಳಿಗೆ ಖಂಡಿತವಾಗಿಯೂ ನಾಚಿಕೆಪಡುತ್ತದೆ.",angry
ನಂತರ ನೀವು ತುರ್ತು ಪರಿಸ್ಥಿತಿಯನ್ನು ಬೆಂಬಲಿಸಿದ್ದೀರಿ ಆದರೆ ಜನರು ಅದನ್ನು ವಿರೋಧಿಸಿದರು.,angry
ಭಾರತದ ಫುಕು ಯಾರು? ಹುಡುಕು,angry
ಯಾವುದೋ ಅಜ್ಞಾತ ಭಯದಿಂದ ನೀವು ನಡೆಯಲು ಪ್ರಾರಂಭಿಸಿದ್ದೀರಿ. ಅದನ್ನು ಅನುಭವಿಸಿ!,fear
ಇದು ನಿಜವೇ? ನಂಬುವುದು ಹೇಗೆ?,happy
ಹ ಹ್ಹ ನೀವು ನೇರವಾಗಿ ಅತ್ಯಾಚಾರಿಗಳನ್ನು ತರಾಟೆಗೆ ತೆಗೆದುಕೊಳ್ಳುತ್ತೀರಿ,angry
ಖಿಕ್ ಮತ್ತು ಹತ್ತಾರು ಎತ್ತುಗಳು ನಿಮ್ಮ ಆಸ್ಥಾನದಲ್ಲಿ ಕೋಪಗೊಂಡಿವೆ,neutral
"ಏನು ಅವ್ಯವಸ್ಥೆ! ಅಂಧರೆಯೊಂದಿಗೆ ಮುಖಾಮುಖಿ ಚರ್ಚಿಸಿ! ಕತ್ತಲೆ ಖಂಡಿತ ಬರುತ್ತದೆ, ದೇಶದ್ರೋಹಿ ಸೈನ್ಯ!",angry
"ಅವರೇ ದೊಡ್ಡವರು(?), ನನಗಿಂತ ಅವರ ಕೆಲಸ ದೊಡ್ಡದು(?) ಅಂತ ಈ ವಾಕ್ಯ ನೆನಪಿಗೆ ಬಂತು.",angry
ಅವರು ಏನು ಮಾಡಲು ಬಯಸುವುದಿಲ್ಲವೋ ಅದನ್ನು ಮಾಡುತ್ತಾರೆ,angry
ಹಕ್ಕುರಹಿತ ಸ್ಥಾನವು ಯಾವಾಗಲೂ ಹಕ್ಕುರಹಿತವಾಗಿ ಉಳಿಯುತ್ತದೆ.,sad
ಕೆಲಸಗಾರರು ತಮ್ಮದೇ ಆದ ಆದರೆ ಇತರರ ಮೆರವಣಿಗೆಯಲ್ಲಿ ನೃತ್ಯ ಮಾಡುತ್ತಿದ್ದಾರೆ ... ಒಬ್ಬರು ಆಶಾವಾದಿಯಾಗಿರಬೇಕು ಆದರೆ ಕೈಗೆಟುಕಬಾರದು,neutral
"ಲಕಾ, ವಿಷಯವು ನಿಮ್ಮ ಪ್ರಯೋಜನಕ್ಕಾಗಿ.",angry
ಸಂತ ತುಕ್ಡೋಜಿ ಮಹಾರಾಜರ ಪುಣ್ಯತಿಥಿಯಂದು ಅವರಿಗೆ ಶತ ನಮನಗಳು.,happy
ಸಿಂಧುದುರ್ಗ ರೈಲು ನಿಲ್ದಾಣ ಕಳೆದ ಒಂದು ಗಂಟೆಯಿಂದ ಕತ್ತಲೆಯಲ್ಲಿದ್ದೇಕೆ?,happy
"ಈ ಟ್ಯಾಗ್ ಅನ್ನು ಬಳಸಲಾಗಿದೆ, ಈ ಟ್ಯಾಗ್ ದೋಷದಿಂದ ಬಂದಿದೆ...",neutral
ವಿಜ್ಞಾನಕ್ಕಾಗಿ ನೀವು ಮೊದಲು ಶಿವಸೇನೆ ಮತ್ತು ನಂತರ ಶಿಂಧೆ ಗುಂಪಿಗೆ ಸೇರಿದ್ದೀರಾ?,neutral
ಪೂಜೆಯ ಕೊರತೆಯಿಂದ ಅದು ಕಳಂಕಿತವಾಗಿದೆ ಎಂದು ತೋರುತ್ತದೆ ...,angry
"ದೇವೇಂದ್ರ ಜೀ ಅವರು ಸಂಜಯ್ ರಾವತ್ ಬಗ್ಗೆ ಯಾವುದೇ ಪ್ರತಿಕ್ರಿಯೆ ನೀಡಲಿಲ್ಲ, ಆದರೆ ಅವರು ಯಾರಿಗೆ ಭಯಪಡುತ್ತಾರೆ ...",neutral
ಶಾಲೆಯ ಮಾನಿಟರ್‌ಗಳು ಇದಕ್ಕಿಂತ ಬುದ್ಧಿವಂತರು,angry
ಬಿಜೆಪಿ ಇಟ್ಟಿರುವ ಮತ್ತೊಂದು ಕೋಗಿಲೆ ಇಲ್ಲಿದೆ,angry
"ಸರ್, ನಿಮ್ಮ ಕರ್ತವ್ಯ ಏನು ಮತ್ತು ಯಾರ ಬಗ್ಗೆ ಮಾತನಾಡುತ್ತಿದ್ದೀರಿ ಎಂಬುದರ ಬಗ್ಗೆ ಎಚ್ಚರವಿರಲಿ",angry
ಇಲ್ಲವೇ ಇಲ್ಲ... ಪ್ಯಾಕೆಟ್ ಗಳು ಹೆಚ್ಚಿರಬಹುದು,neutral
ಈ ನಾಲ್ಕು ತಿಂಗಳಲ್ಲಿ ಅವರು ತಮ್ಮ ರಾಜಕೀಯ ಗುರುತನ್ನು ಬಹಳ ಕಡಿಮೆ ಮಾಡಿಕೊಂಡಿದ್ದಾರೆ.,sad
ನೀವು ಅದಕ್ಕೆ ಅರ್ಹರೇ ಎಂದು ಉದ್ಧವ್ ಸಾಹೇಬ್ ಬಗ್ಗೆ ಯೆಡ್ಜ್ವಾ ಆಗಾಗ್ಗೆ ಮಾತನಾಡುತ್ತಿದ್ದರು,angry
"ತಾಜ್ ಮಹಲ್ ಕ್ರೌರ್ಯ, ಲೂಟಿ, ಲೂಟಿ ಮತ್ತು ಕಾಮದ ಸಂಕೇತವಾಗಿದೆ.",angry
ಇದು ಅತಿವೃಷ್ಟಿಯಿಂದ ನಲುಗಿದ ರೈತನ ಮಗುವಿನ ನೋವು...,sad
ಹಿಂದಿ ಗೂಂಡಾಗಳ ಭಾಷೆ.,angry
"ಹೇ ಪೊಂಕ್ಷೆ ಅಂಕಲ್, ನೀವು ಅಡಿಕೆಯಂತೆ ಭಿಕ್ಷುಕರಾಗಿದ್ದೀರಿ ಆದರೆ ನೀವು ಮನುಷ್ಯರಾಗಿ ಹೇಯರು.",angry
ಹಾಲು ಮಾರುವ ಮತ್ತು ಮೋಸ ಮಾಡುವ ಈ ತಾಯಿ ಯಾವಾಗ ರಾಜೀನಾಮೆ ಕೊಡುತ್ತಾರೋ..,angry
ಬಿಜೆಪಿ ಇಂದು ಗೋಪಾಲ್ ಭಾಯ್ ಅವರನ್ನು ಬಂಧಿಸಿದೆ.,neutral
ಇದನ್ನು ನೋಡಿ. ನಿಮ್ಮ ಮತದಾರನ ವಿರುದ್ಧ ಏನೋ ನಡೆಯುತ್ತಿದೆ.,fear
ನಿಜವಾಗಲೂ ದಾದಾಗೆ ಹಿಂದೂ ಮಹಿಳೆಯರಿಗೆ ಹೇಗೆ ಧನ್ಯವಾದ ಹೇಳಬೇಕೋ ಗೊತ್ತಿಲ್ಲ,angry
"ಪಂಢರಪುರ, ಕೊಲ್ಲಾಪುರ ದಕ್ಷಿಣ ಮತ್ತು ದೇಗ್ಲೂರು ವಿಧಾನಸಭಾ ಉಪಚುನಾವಣೆಯಲ್ಲಿ ಸಾರ್ವಜನಿಕ ಭಾವನೆ, ಸಂಪ್ರದಾಯ ಮತ್ತು ಸಕಾರಾತ್ಮಕ ರಾಜಕಾರಣ ಎಲ್ಲಿಗೆ ಹೋಯಿತು??",angry
ಮೂಲ ಸಿದ್ಧಾಂತ ಏನು ಎಂಬುದು ಮಹಾರಾಷ್ಟ್ರದ ಇಡೀ ಜನತೆಗೆ ಗೊತ್ತಿದೆ,angry
ಯಾವ ಬಾಳಾಸಾಹೇಬ್ ಬಾಳಾಸಾಹೇಬ್ ಥೋರಟ್ ಅಥವಾ ವಿಖೆ? ದೇಶದ್ರೋಹಿಗಳ ಗುಂಪಿನ ಬಗ್ಗೆ ಠಾಕ್ರೆ ಹೊರತುಪಡಿಸಿ ಯಾರಿಗೂ ತಿಳಿದಿಲ್ಲ...,angry
ದುರದೃಷ್ಟಕರ ಸಂಗತಿ ಎಂದರೆ ಮಾಧ್ಯಮಗಳು ಏಕಪಕ್ಷೀಯ ಸುದ್ದಿಗಳನ್ನು ನೀಡುತ್ತಿವೆ.,sad
ಮತ್ತು ಇದು ಭಾರತೀಯ ಕ್ರಿಕೆಟ್ ಮಂಡಳಿಯ ಕಾರ್ಯದರ್ಶಿ,angry
ಆದರೆ ನಿಮ್ಮ ಮೌಲ್ಯ ಎಲ್ಲರಿಗೂ ತಿಳಿದಿತ್ತು! ತು ರಾವುತ್ ಓ ಹೆಸರು ಸಾಕು!,angry
ಐವತ್ತು ವರ್ಷದ ಸೆಂಟ್ರಿ ತಾನಾಜಿ ಸಾವಂತ್ ಅವರು ನಿಜವಾಗಿಯೂ ಮರಾಠರೇ ಎಂದು ಅವರ ತಾಯಿಯನ್ನು ಕೇಳಿದರು,angry
"ಅವನು ಮೋಸಗಾರ, ಜಾತೀಯತೆ ಅವನ ಕೊನೆಯ ಅಸ್ತ್ರ.",angry
"ಮೋದಿ ಭಾಷಣಕ್ಕೂ ಮುನ್ನ ಅಂಧ ಭಕ್ತನಾ? ,",neutral
"ಅವನ ದೇಹ ಒಂದೇ ಸ್ಥಳದಲ್ಲಿಲ್ಲ, ಅಲ್ಲಿ ದೇಹವಿಲ್ಲ. ನನ್ನ ಆಟವನ್ನು ಆಡುತ್ತಿದ್ದೇನೆ",angry
ನಂತರ ಕಂಪನಿಗಳು ಬೋನಸ್ ಕುದುರೆಗಳನ್ನು ಹಾಕಿದವು,neutral
"ಜಪ ಮಾಡ್ತಾ ಇರಿ, ಸರ್ಕಾರ ಬೀಳುತ್ತೆ ಅಂತ ಈಗ ಮಾಡ್ಬೇಕು ಅಷ್ಟೇ",neutral
"ಕಾರ್ಮಿಕರೂ ನಮ್ಮ ನಾಯಕರು ಎಂದು ಭಾವಿಸುತ್ತಾರೆ, ಅವರ ದಿನವು ಮಧ್ಯಾಹ್ನ 1 ಗಂಟೆಗೆ ಪ್ರಾರಂಭವಾಗುವುದೇ?",neutral
ಈ ಡೋಸ್‌ನಿಂದ ವಾಗ್ಲೆಯ ಗಡ್ಡೆಯೂ ವಾಸಿಯಾಗುತ್ತದೆ ಎಂದು ಲೈ ಹೇಳುತ್ತಿದ್ದಳು.,angry
ನೀನು ಸರಿಯಾಗಿ ಮಾತನಾಡುತ್ತೀಯಾ...ನಿನ್ನ ಮನೆಯಲ್ಲೂ ಬಾಹುಬಲಿ ಹೇಳ್ತಾನೆ...,angry
ಈ ಚಿತ್ರದಲ್ಲಿ ಮೊದಲ ಬಾರಿಗೆ ಈ ಹೊಸ ಪಾತ್ರವೂ ಕಾಣಿಸಿಕೊಳ್ಳುತ್ತಿದೆ.,neutral
ಈಗ ಸಾಯುತ್ತಿರುವ ಭಕ್ತರ ಸತ್ಯವೇನು?,angry
ಸುಪಾರಿ ಸೇನೆಯಲ್ಲಿ ಬಾಪ್ ರೇ ಅವರಂತಹ ನಾಯಕರು ಇದ್ದಾರೆಯೇ?,angry
ಈಗ ತನಿಖಾ ಪತ್ರಿಕೋದ್ಯಮವನ್ನೇ ಮರೆತಿರುವ ಪತ್ರಕರ್ತರು ಮಾದರಿಯಾಗಬೇಕು.,angry
ರಾಜೀನಾಮೆ ಕೇಳುವುದನ್ನು ಒತ್ತಡ ಎನ್ನಲಾಗುತ್ತದೆ... ರಾಜೀನಾಮೆ ನೀಡದಿರಲು ಒತ್ತಡ...?,neutral
"ದೀಪಾವಳಿ ಬನ್ನಿ, ಆಗುವುದನ್ನು ನೋಡಿ",happy
ಈ ಮೊತ್ತವನ್ನು ದೇಶದ ಪ್ರತಿಯೊಬ್ಬ ಪ್ರಜೆಗೂ ಲಕ್ಷಗಟ್ಟಲೆ ಮುದ್ದೋಜಿ ಸಂ.,neutral
ಇವರು ಮೂರ್ಖ ಮತ್ತು ನಾಚಿಕೆಯಿಲ್ಲದ ಜನರು !!!,angry
ರಾಜಕೀಯ ಮತ್ತು ಅಧಿಕಾರಕ್ಕಾಗಿ ಜನರು ಏನು ಬೇಕಾದರೂ ಮಾಡಬಹುದು ಎಂಬುದಕ್ಕೆ ಇದು ಜೀವಂತ ಉದಾಹರಣೆಯಾಗಿದೆ.,angry
ಶಿವಸೇನೆ ಖರೀದಿಗೆ ಹಣವೆಲ್ಲ ವ್ಯಯವಾಗುತ್ತಿದೆಯಾದರೂ ಪ್ರಯೋಜನವಾಗಿಲ್ಲ.,angry
ಬಹು ಹೆಂಡತಿಯರ ಬಗ್ಗೆ ಬಾಲಿಶ ಬೊಬ್ಬೆ..ಮೇಲೆ ಕೆಲವು ಹೇಳಿಕೆಗಳು..,neutral
ಈ ಮಹಿಳೆ ಬಿಜೆಪಿಯಲ್ಲಿದ್ದಾರೆ. ಅಂಧ ಭಕ್ತರು ಎಷ್ಟು ಬಾರಿ ಮುಖ ಕೆಳಗೆ ಬೀಳುತ್ತಾರೆ?,angry
ಈ ಕಿಡಿಗೇಡಿ ಪತ್ರಕರ್ತ ಪ್ರಸನ್ನ ಜೋಶಿ ಅವರನ್ನು ಮಿಂಡೆ ಗ್ರೂಪ್ ಮಾರಾಟ ಮಾಡಿದೆ,angry
"ಕುರುಡು ಮೂರ್ಖರೇ, ನಿಷ್ಠೆ ಎಂದರೇನು ಎಂದು ನಿಮಗೆ ಹೇಗೆ ಗೊತ್ತು.",angry
ಹಿಂದೆ ಸರಿಯದಿದ್ದರೆ ಕೈಬಿಟ್ಟೆ ಎಂಬ ಸಂದೇಶ ಬರುತ್ತದೆ.,fear
ನೋಟು ಅಮಾನ್ಯೀಕರಣವು ಕೇವಲ ಒಂದು ಶತಮಾನದಲ್ಲ ಒಂದು ಸಹಸ್ರಮಾನದ ಅತಿ ದೊಡ್ಡ ಭ್ರಷ್ಟಾಚಾರ...,angry
ಶೀತಲ್ ಪರಾವಲಂಬಿ ಸಸ್ಯ ಆದ್ದರಿಂದ ಇದು ಶಿಂಧೆ ಗುಂಪಿಗೆ ಸೇರಿದೆ.,angry
"ಈ ಜನ ರಾಜ್ಯದ ಕರೆನ್ಸಿಯ ಬಗ್ಗೆಯೂ ತಲೆಕೆಡಿಸಿಕೊಳ್ಳುವುದಿಲ್ಲ, ಯಾರಿಗೆ ಮಾನಹಾನಿ ಮಾಡಲಾಗುತ್ತಿದೆ? ರಾಜ್ ಠಾಕ್ರೆ..",angry
ನೀನು ಪಾಕಿಸ್ತಾನಿ...ನಮ್ಮತ್ತ ಯಾಕೆ ಬೆರಳು ತೋರಿಸುತ್ತೀಯಾ?,angry
ಬಾಳಾ ಸಾಹೇಬರ ಹೆಸರನ್ನೇ ಗುರಾಣಿಯಾಗಿಟ್ಟುಕೊಂಡು ಬಿಜೆಪಿಯ ಕತ್ತಿಯನ್ನು ಹಿಂದಿನಿಂದ ಬೀಸಿದ ಆ ದೇಶದ್ರೋಹಿ ಗುಂಪು!!,angry
ಮನೆಯಲ್ಲಿದ್ದಾರೋ ಇಲ್ಲವೋ ಗೊತ್ತಿಲ್ಲ...ಆದರೆ ಜನ ಖಂಡಿತಾ ನಿಮ್ಮ ಹಿಂದೆ ಗುಂಡು ಹಾರಿಸುತ್ತಾರೆ,fear
ಈ ನಿರ್ಧಾರ ತಪ್ಪು... ಸ್ವತಂತ್ರವಾಗಿ ಹೋರಾಟ ಮಾಡಬೇಕಿತ್ತು...,sad
ಈ ಖಾತೆಯೂ ಸ್ಥಗಿತಗೊಳ್ಳಲಿದೆ... ಶೆನಾಲಿ,angry
"ಕೇಳಿ, ಬಿಜೆಪಿಯ ದೊಡ್ಡ ತಪ್ಪು ಕಲ್ಪನೆಯೆಂದರೆ ""ನಾನು ಹಿಂತಿರುಗುತ್ತೇನೆ"" ಎಂಬುದು ಎಂದಿಗೂ ಸಾಧ್ಯವಿಲ್ಲ!!!",angry
"ಈ ಗುಂಪು ತುಂಬಾ ಒಳ್ಳೆಯ ಹಾಸ್ಯಗಳನ್ನು ಮಾಡುತ್ತದೆ, ಜನರು ಅವರನ್ನು ಮೂರ್ಖರೆಂದು ಪರಿಗಣಿಸುತ್ತಾರೆ ಮತ್ತು ಚಿಕ್ಕಮ್ಮ ಅವರನ್ನು ಅಂಧ ಭಕ್ತರು ಎಂದೂ ಕರೆಯುತ್ತಾರೆ.",angry
ಇದು ಶಾಲೆಯಿಂದಲೇ ಆರಂಭವಾದರೆ ಮಕ್ಕಳ ಭವಿಷ್ಯ ಎಷ್ಟು ಉಜ್ವಲವಾಗುವುದೋ ತಿಳಿಯದು.,sad
"ಸಂಕ್ಷಿಪ್ತವಾಗಿ, ""ಯೆಡ್ಜ್ವೆ"" ಎಂದು ಬರೆಯುವ ಮೂಲಕ ನೀವು ಸ್ವತಂತ್ರರಾಗಲು ಬಯಸುವಿರಾ..?",angry
ಇದು ಸಿಲ್ಲಿ ಧ್ವನಿಸುತ್ತದೆ,angry
ಪವಾರ್ ಸಾಹೇಬರೂ ಕಾರಣ ಎಂದು ಈ ಭಕ್ತರು ಹೇಳುವರು,angry
ಗಜ್ಯಾ ಕತ್ತೆಯ ಗ್ರಾಂ,angry
"ಏನೇ ಆಗಲಿ ಹೇಳು, ಇಲ್ಲದಿದ್ದರೆ ಆದಿತ್ಯ ಮತ್ತು ತೇಜಸ್ ಜಗಳವಾಡುತ್ತಾರೆ.",neutral
ರಾಹುಲ್ ಗಾಂಧಿ ಮಾತ್ರ ತಮ್ಮ ಮುತ್ತಜ್ಜನನ್ನು ಈ ರೀತಿ ಅವಮಾನಿಸಲು ಸಾಧ್ಯ,angry
ಹೆಲಿಕಾಪ್ಟರ್ ಅನ್ನು ಬೆಳಿಗ್ಗೆ ತುಂಬಾ ಕಡಿಮೆ ಹಾರಿಸಬೇಡಿ.. ಅದು ಸ್ಲೀಪ್ ಮೋಡ್‌ನಲ್ಲಿರಬೇಕು.,neutral
ಬೆಂಜಮಿನ್ ತಾಟಿ ಅವರು ಆಯೋಜಿಸಿದ್ದಾರೆ ... ಆದರೆ ಏನು ಹೇಳುತ್ತಿದ್ದಾರೆಂದು ಅರ್ಥವಾಗಲಿಲ್ಲ ...,happy
ಮೋದಿ ಅಧಿಕಾರದಲ್ಲಿರುವಾಗ ತನಿಖೆ ಏಕೆ ನಡೆಸಲಿಲ್ಲ?,angry
ಲ್ಯಾವೆಂಡರ್ ನೋಡಿದ ನಂತರ ಆಗುತ್ತಿದ್ದ ತೀವ್ರ ತಲೆನೋವು ಈಗ ಕತ್ತಲೆ ನೋಡಿದ ನಂತರ ಮಾಯವಾಗಿದೆ.,angry
ಇಷ್ಟೆಲ್ಲಾ ಪ್ರಯತ್ನ ಪಟ್ಟರೂ ಏನನ್ನೂ ಸಾಧಿಸದಿರುವುದನ್ನು ಅದೃಷ್ಟ ಎನ್ನಬೇಕೆ?,sad
ಟ್ವಿಟರ್‌ನಲ್ಲಿ ಎಷ್ಟು ಮೂರ್ಖರು ಇದ್ದಾರೆ ಎಂದು ಇಂದು ನಾನು ಕಂಡುಕೊಂಡೆ,angry
"ಮುಂಬೈ ಮಹಾನಗರ ಪಾಲಿಕೆಯನ್ನು ಗೆಲ್ಲುವುದು ಎಷ್ಟು ಮೂರ್ಖತನ...!! ಪಂಢರಪುರ, ಕೊಲ್ಹಾಪುರ, ಖಡಕ್ವಾಸ್ಲಾ, ದೆಗ್ಲೌರ್, ಹಾಗಾದರೆ ಸಂಸ್ಕೃತಿ ಎಲ್ಲಿ ಹೋಯಿತು...!",angry
"ಅಣಜಿ ಪಂತ ನಾ, ಆನೆ ನೂರು ಬಾರಿ ನಡೆಯಲಿ. ಇದು ನಮಗೆ ಮುಖ್ಯವಲ್ಲ.",angry
"ಈಗ ಇದು ತುಂಬಾ ಹೆಚ್ಚಾಗಿದೆ, ಅಪ್ಪಾ!",angry
ಇತರ ನಾಯಕರು ಏನು ಮಾಡುತ್ತಾರೆ? ಅನೇಕ ಜನರಿಗೆ ಇನ್ನೂ ಪ್ರಯಾಣದ ಬಗ್ಗೆ ತಿಳಿದಿಲ್ಲ,neutral
ಶಾಸಕ ಸಂಜಯ್ ಶಿರ್ಸಾತ್ ಹೃದಯಾಘಾತಕ್ಕೆ ಒಳಗಾಗಿದ್ದಾರೆ.,neutral
ಪರಿಹರಿಸಿದ ದೂರಿನ ಫೋಟೋವನ್ನು ಏಕೆ ವಾಪಸ್ ಕಳುಹಿಸಬೇಕು,neutral
"ಇಲ್ಲ, ಅದು ಕೋಮಲ ಕೋಳಿಯಾಗಿತ್ತು",neutral
"ಖಡಕ್ವಾಸ್ಲಾ, ಪಂಢರಪುರ, ಕೊಲ್ಲಾಪುರ, ದೇಗಲೂರಿನ ಉಪಚುನಾವಣೆಯಲ್ಲಿ ಎಲ್ಲಿ ಹೋಯಿತು ನಿಮ್ಮ ಶ್ರೇಷ್ಠ ಸಂಸ್ಕೃತಿ??",angry
ಇದರಿಂದ ಜನರು ಕಾಂಗ್ರೆಸ್ ಪಕ್ಷಕ್ಕೆ ಮತ ಹಾಕುತ್ತಾರೆ. ಎಲ್ಲರೂ ಕಾಂಗ್ರೆಸನ್ನು ಹಿಂಬಾಲಿಸುತ್ತಿದ್ದಾರೆ.,angry
ನಾನು ತಿನ್ನುವುದಿಲ್ಲ ಆದರೆ ತಿನ್ನುವವರನ್ನು ತಡೆಯುವುದಿಲ್ಲ.,angry
ತಡವಾಯಿತು.. ಬೇಗ ಹೋಗಬೇಕು..,sad
ಕಾಂಗ್ರೆಸ್ ವಿರೋಧಿಗಳನ್ನು ದೂಷಿಸುತ್ತಾ ಆಡಳಿತವನ್ನು ಮುಂದುವರಿಸುತ್ತಾರೆ ಮತ್ತು ಅದಕ್ಕೆ ಕಾರಣವನ್ನೂ ನೀಡುತ್ತಾರೆ.,angry
ಈ ಜನರು ಅಲ್ಪಸಂಖ್ಯಾತರಾಗುವುದಕ್ಕಿಂತ ಬೇರೆ ಏನು ಮಾಡಬೇಕು?,angry
ದೇವಾಜಾ ಷರೀಫ್ ತಿಂದ ಬಿರಿಯಾನಿಯ ಮೂಳೆಗಳನ್ನು ಜಗಿಯಲು ಯಾರೋ ಹೋಗಿದ್ದರು.,angry
ಹೆಂಡತಿಯನ್ನು ನೋಡಿಕೊಂಡರೂ... ಉಸಿರು ಇಲ್ಲದವನು ಎಸೆದವನಂತೆ ಓಡಿ ಹೋಗುತ್ತಾನೆ...,angry
ಗ್ಯಾಪ್ ಯೆಡ್ಜ್ವ್ಯಾ.... ಹೊಲದಲ್ಲಿ ಸುಡಬೇಕು ಎಂದುಕೊಳ್ಳಬೇಕು ಆದರೆ ಹಾಗೆ ಮಾಡಬೇಡಿ....,angry
ಭಾಸ್ಕರ್ ಜಾಧವ್ ವಿರುದ್ಧ ಪುಣೆಯಲ್ಲೂ ಪ್ರಕರಣ ದಾಖಲಾಗಿತ್ತು...BREAKING,happy
ದೇಶ ಕುಸಿಯುತ್ತಿಲ್ಲ ಆದರೆ ನಾವು ಮುಂದೆ ಸಾಗುತ್ತಿಲ್ಲ,sad
ನಿಮ್ಮ ಅಧಿಕಾರದ ಗದ್ದುಗೆ ಕಿತ್ತುಕೊಳ್ಳಲಾಗಿದೆ,happy
ಅದು ನಿಷ್ಪ್ರಯೋಜಕವಾಗಿತ್ತು,angry
ಬಡತನವನ್ನು ಮರೆಯದಿರಿ ಮತ್ತು ಸಂಪತ್ತಿನ ಅಲೆಗಳು ಬರಲು ಬಿಡಬೇಡಿ - ಗೌರವಾನ್ವಿತ ಶ್ರೀ ಬಾಳಾಸಾಹೇಬ್ ಠಾಕ್ರೆ.,happy
ಭಕ್ತರು ಹೊರಗೆ ಹೋಗಬಾರದೆಂದು ಕತ್ತಲಲ್ಲಿ ಮೆಲ್ಲಗೆ ಸ್ವಚ್ಚತೆ ಮಾಡಿಕೊಳ್ಳುತ್ತಾರೆ.,angry
ಮತ್ತು ನೀವು ಬಿರಿಯಾನಿ ಬಂಡಲ್ ತಿನ್ನುತ್ತ ಕುಳಿತಿದ್ದೀರಿ ... ಇದು ಸರಿಯಲ್ಲ ಸರ್ ...,angry
"ಸುಪ್ರೀಂ ಕೋರ್ಟ್‌ನ ಒಂದು ತೀರ್ಪಿನಿಂದಾಗಿ, ನಂತರದ ಎಲ್ಲಾ ನಿರ್ಧಾರಗಳು ಅಮಾನ್ಯವಾಗಿವೆ.",angry
ಇವೆಲ್ಲವೂ ಸಾರ್ವಜನಿಕರನ್ನು ಮೂರ್ಖರನ್ನಾಗಿಸುವ ನಾಟಕಗಳು,angry
ರಾಣೆ ಪನವತಿ ಮತ್ತೊಮ್ಮೆ ಸಿದ್ಧ ಪರ ಪ್ರಚಾರಕ್ಕೆ ಬಂದಿದ್ದರಿಂದ ಚುನಾವಣೆಯಿಂದ ಹಿಂದೆ ಸರಿಯಬೇಕಾಯಿತು.,sad
ಕೆಲಸ ಸಿಗದಿದ್ದರೆ ನಿಷ್ಪ್ರಯೋಜಕ ಹೇಳಿಕೆ ನೀಡಿ ಸುದ್ದಿಯಲ್ಲಿ ಉಳಿಯಬಹುದು.,angry
ಅವನ ಕಾಲುಗಳ ಕೆಳಗೆ ಮರಳು ಸ್ಥಳಾಂತರಗೊಂಡಿದೆ ಆದ್ದರಿಂದ ಇನ್ನು ಮುಂದೆ ಏನೂ ಚಲಿಸುವುದಿಲ್ಲ,angry
ಇದು ನಿಮಗೆ ಯೋಗ್ಯವಾಗಿದೆಯೇ?,angry
ಎರಡು ನಾಲ್ಕು ವಡಾ ಪಾವ್ ಎಂದರೆ ಜನ ಬ್ಲಾಕ್ ಮಾಸ್ಟರ್ ಆಗುವುದಿಲ್ಲ ಎಂದು ಜನ ಚೆನ್ನಾಗಿ ಅರ್ಥ ಮಾಡಿಕೊಂಡಿದ್ದಾರೆ.,angry
"ನಾವು ಭಕ್ತರಿಗೆ ಮೊಟ್ಟೆ ಕೊಡುವುದಿಲ್ಲ, ನಾವೇ ಕಜ್ಜಿ ತೆಗೆದುಕೊಳ್ಳುತ್ತೇವೆ.",angry
ಇದನ್ನು ಹೇಳಲು ನೀವು ಯಾರು?,angry
ಕತ್ತಲೆಯನ್ನು ಸೋಲಿಸಬೇಕು ಎಂದು ಅವರು ಹೇಳುತ್ತಾರೆ,neutral
"ಮೊದಲಿಗೆ ವಾಗ್ಲೆಯನ್ನು ಪರಿಶೀಲಿಸಿ, ಲೈ ಪ್ಯಾಕೆಟ್‌ಗಳನ್ನು ಸೇವಿಸಿರುವ ಶಂಕೆ ವ್ಯಕ್ತವಾಗಿದೆ.",angry
ಮುಂಬೈನ ಕೆಲವು ಸ್ಥಳಗಳಲ್ಲಿ ಜ್ವರ (ಜ್ವರ) ಮತ್ತು ಕರೋನಾ ಸೋಂಕಿನ ರೋಗಿಗಳ ಸಂಖ್ಯೆ ಮತ್ತೆ ಹೆಚ್ಚಾಗಿದೆ.,fear
"ನೀವು ಯಾವುದೇ ಜಗತ್ತಿನಲ್ಲಿ ವಾಸಿಸುತ್ತಿರಲಿ, ಭೂಮಿಗೆ ಬನ್ನಿ.",angry
ಗುರಾಣಿಗಳನ್ನು ಹೊತ್ತ ಯೋಧರೆಲ್ಲರೂ ದೇಶದ್ರೋಹಿಗಳಲ್ಲ.,angry
ಉದ್ಧವ್ ಅವರ ರಾಜಕೀಯ ಆಟಕ್ಕೆ ಅಂತ್ಯ ಹಾಡಲು ಅಸೀಮ್ ಸರೋದೆ ಮತ್ತು ಉಲ್ಲಾಸ್ ಬಾಪಟ್ ಗುತ್ತಿಗೆ ತೆಗೆದುಕೊಂಡಿದ್ದಾರೆ.,angry
ಅವರು ಎಲ್ಲೆಡೆ ಕತ್ತೆಯ ಸುತ್ತಲೂ ಹೋಗುತ್ತಾರೆ,angry
ಈ ವಿಡಿಯೋ ನೋಡಿ ತಲೆ ತಿರುಗುತ್ತಿದೆ,angry
ರಾಜ್ ಸಾಹೇಬರು ಯಾರೋ ಕೈಬಿಟ್ಟಿದ್ದಾರೆ ಎಂದು ಮೊದಲು ವಿವರಿಸಿ.,angry
ಪವಾರ್ ಸಾಹೇಬರೂ ವೀಳ್ಯದೆಲೆ ತೆಗೆದಿದ್ದರು ಎಂದು ಹೇಳಬೇಕೆ??,angry
ನಿಮಗೆ ನೆನಪಿದೆಯೇ?...ಇನ್ನು ಮುಂದೆ ಮೂರ್ಖರ ಕೈಯಲ್ಲಿ ಆಡಳಿತವಿಲ್ಲ..,angry
ಐಸ್ ಕ್ರೀಂ ಎಂದುಕೊಂಡು ಈ ಟಾರ್ಚ್ ಅನ್ನು ಬಾಯಿಗೆ ತೆಗೆದುಕೊಂಡರು.,neutral
ಇದು ಮುದ್ರಣದೋಷ. ಯಾರೂ ಇದನ್ನು ವಿನಂತಿಸುತ್ತಿರಲಿಲ್ಲ ...,neutral
ಏನರ್ಥ.. ವಡಾ ಪಾವ್ ಕರ್ಣಿ ಮತ್ತು ತೆಂಗಿನ ನೀರು ಜಲಪಾತದಂತೆ?,happy
ಹಿಂದಿ ಚಿತ್ರಗಳ ಸೋಲಿನಿಂದ ದೇಶದ ಆರ್ಥಿಕತೆ ಕುಸಿಯುತ್ತಿದೆಯೇ? ರಾಕುಲ್ ಪ್ರೀತ್ ಸಿಂಗ್ ಹೇಳಿಕೆ ಎಲ್ಲೆಡೆ ಸಂಚಲನ ಮೂಡಿಸಿದೆ,happy
ಜಗತ್ತಿನಲ್ಲಿ ಕಾಮನ್ ಸೆನ್ಸ್ ಇರುವುದು ರೋಹಿತ್ ಬಾಪಟ್ ಗೆ ಮಾತ್ರ.,happy
ಮರಾಠಿ ಮನಸ್ಸಿನ ವಾಹನಕ್ಕೆ ಶಕ್ತಿಯಿಲ್ಲದ ಕಾರಣ ನೀವು ಬಂದಿದ್ದೀರಿ.,angry
"ಹಲೋ, ನಾವು ಮಹಾರಾಷ್ಟ್ರದಿಂದ ನೋಡುತ್ತಿದ್ದೇವೆ ಮತ್ತು ಬಿಹಾರದಿಂದ ಸುದ್ದಿ ಬರುತ್ತಿದೆ.",neutral
"ಯಾರ ಸೇವೆ, ಯಾರ ಅಭಿವೃದ್ಧಿ, ಅದಾನಿ ಮತ್ತು ಅಂಬಾನಿ ಏಕೆ?",angry
ಇದು ಯಾವಾಗ ಮುಗಿಯುತ್ತದೆ... ರಾವ್ ಅವರಿಗೆ ಒಮ್ಮೆ ಫೋನ್ ಮಾಡಿದ್ದರು.,angry
ಲಿಪ್ಸ್ಟಿಕ್? ನಿಷೇಧಿಸಲಾಗಿದೆ! ಸಾಹೇಬರು ನಿಮ್ಮ ಬೆಂಬಲ.,angry
ನ್ಯೂನತೆಗಳಿವೆ. ಅವರಿಂದ ಏನನ್ನು ನಿರೀಕ್ಷಿಸಬಹುದು? ವಿರೋಧ ಪಕ್ಷದಲ್ಲಿ ಅವರು ಉತ್ತಮ.,angry
"ಉಳಿದವರು ಹೋಗಲಿ, ಸಂಪಾದಕರ ಪತ್ರವು ತುಂಬಾ ಅಸಂಬದ್ಧವಾಗಿದೆ",neutral
"ಅದು ಬ್ರಿಟಿಷರ ಬೆಂಬಲಿಗರಾಗಿಯೇ ಇತ್ತು, ಹಾಗೆಯೇ ಉಳಿಯುತ್ತದೆ.",angry
ಈಗ ಚಿಕ್ಕಪ್ಪ ಸತ್ತರೂ...,angry
ಈಗ ಮಹಾರಾಷ್ಟ್ರದಲ್ಲೂ ಎಮ್ಮೆ ಎಡವಿದಾಗ ಮಾತ್ರ ವಂದೇ ವಂದೇ ವಂದೇ ಆಗುತ್ತದೆ.,neutral
"ಉಪ್ಪಿಗಾಗಿ ಎದ್ದೇಳುವವನಲ್ಲ, ಜಾತಿ ಎಲ್ಲಿಂದ ಏಳುತ್ತದೆ.",angry
ಧರ್ಮವನ್ನು ರಕ್ಷಿಸುವವನು ಗಾಯಗೊಳ್ಳುತ್ತಾನೆ.,sad
"ಧನ್ಯವಾದಗಳು, ನಾನು ಈಗ ಮಾತನಾಡುವ ಮನಸ್ಥಿತಿಯಲ್ಲಿಲ್ಲ",angry
ಬಹುಶಃ ಮಹಾಶಕ್ತಿಗಳ ಒತ್ತಡದಿಂದಾಗಿ ಪತ್ರಕರ್ತರು ಸಾರ್ವಜನಿಕವಾಗಿ ಮಾತನಾಡುವುದಿಲ್ಲ,neutral
"ಶಾಲೆಗಳನ್ನು ಮುಚ್ಚಲು ನಿರ್ಧರಿಸಿದವರು.. ಅವರ ಪ್ರತಿಕೃತಿ ದಹಿಸಿ, ಸ್ನೇಹಿತರೇ..",angry
ನಿಮ್ಮ ತಂದೆಯವರು ತಮ್ಮ ಪಕ್ಷವನ್ನು ಮಾರಿದರು ಮತ್ತು ನೀವೂ ಕೂಡ ಮಾರಾಟ ಮಾಡಿದರು,angry
ಬಾಳಾಸಾಹೇಬ್ ಥೋರಟ್ ಅವರ ಶಿವಸೇನೆ ಏಕೆ? ತಂದೆಯ ಹೆಸರು ಹೇಳಲು ನಾಚಿಕೆ ಆಯಿತಾ?,angry
ಇದು ಯಾವ ರೀತಿಯ ಸ್ವಾಭಿಮಾನದ ಪಕ್ಷ?,angry
ಅವಳು ನೋಡುತ್ತಾಳೆ ಏಕೆಂದರೆ ಅವಳು ಜಗಳಗಳನ್ನು ನೋಡುವುದನ್ನು ಆನಂದಿಸುತ್ತಾಳೆ,neutral
ಅವರು ಅದನ್ನು ನಾಗರಿಕತೆಗಾಗಿ ಮಾಡುತ್ತಾರೆ,angry
": ಹಣದುಬ್ಬರದ ಏಕಾಏಕಿ; CNG, PNG ಬೆಲೆಗಳು ಹೆಚ್ಚಾಗುತ್ತವೆ",sad
ಈ ನಿಷ್ಪ್ರಯೋಜಕರು ಮುಸ್ಲಿಂ ಮತಗಳನ್ನು ಪಡೆಯಲು ಯಾವ ಮಟ್ಟಕ್ಕೂ ಹೋಗಬಹುದು.,angry
ಈಗ ನೀವು ಮನೆಯಲ್ಲಿ ಕುಳಿತುಕೊಳ್ಳಬೇಕಾದರೆ ಏಕೆ ತೊಂದರೆ?,neutral
"ಅವರ ಮನೆಯ ಮೇಲಿನ ದಾಳಿಯ ನಂತರ, ಭಾಸ್ಕರ್ ಜಾಧವ್ ಅವರು ಫಡ್ನವಿಸ್ ವಿರುದ್ಧ ಗಂಭೀರ ಆರೋಪಗಳನ್ನು ಮಾಡಿದರು; ‘ಗೃಹ ಸಚಿವರ ಆದೇಶ...’ ಎಂದರು.",angry
ಹೆಸರು ತಿಳಿದಿದ್ದರೂ ಕೆಲವರು ಇದನ್ನು ವೊಡಾಫೋನ್‌ನ ನಾಯಿ ಎಂದು ಕರೆಯುತ್ತಾರೆ.,angry
ರಾವಣನು ಸರಿಯಾಗಿದ್ದರೂ ಪೆಟ್ಟಿಗೆಗಳೊಂದಿಗೆ ಕೈಲಾಸವನ್ನು ಕೇಳಲಿಲ್ಲ ...,angry
ದಾರಿ ತಪ್ಪಿದ ರಾಜರು ಮತ್ತು ಮೂರ್ಖ ಕಪಟಿಗಳು ನಮ್ಮ ದೇಶಕ್ಕೆ ದೊಡ್ಡ ಹಾನಿಯನ್ನುಂಟುಮಾಡಿದ್ದಾರೆ.,angry
ಏಕನಾಥ ಶಿಂಧೆ ಮಹಾರಾಷ್ಟ್ರವನ್ನು ಸುಭಿಕ್ಷಗೊಳಿಸುವುದಿಲ್ಲವೇ? ಅವರಿಗೆ ಆ ಸಾಮರ್ಥ್ಯ ಇಲ್ಲವೇ?,neutral
"ಇದಕ್ಕಿಂತ ಉತ್ತಮವಾಗಿ, ಡೆಂಬಿಸ್ ಪಂಟಾ ಈ ನಿಜವಾದ ಪ್ರತಿಸ್ಪರ್ಧಿಯನ್ನು ಸಹಿಸಿಕೊಂಡರು",angry
ಜನರು ಯಾವುದೇ ಬಿಕ್ಕಟ್ಟು ಎದುರಿಸಿದಾಗ ಬಿಜೆಪಿ ಹೇಗೆ ತನ್ನ ಜವಾಬ್ದಾರಿಯಿಂದ ನುಣುಚಿಕೊಳ್ಳುತ್ತದೆ ಎಂಬುದಕ್ಕೆ ಇದು ಮತ್ತೊಂದು ಉದಾಹರಣೆಯಾಗಿದೆ.,angry
"ಇದನ್ನು ಮಾಡಲಾಗಿದೆ, ಈಗ ಅವುಗಳನ್ನು ತೊಡೆದುಹಾಕಲು",angry
"'ಭಾರತ ತಂಡ ಪಾಕಿಸ್ತಾನಕ್ಕೆ ಬರದಿದ್ದರೆ ನಾವು...', ಜಯ್ ಶಾ 'ಆ' ಪಾತ್ರದ ನಂತರ ಪಾಕಿಸ್ತಾನ ಎಚ್ಚರಿಕೆ!",angry
"ಮಹಾರಾಷ್ಟ್ರದಲ್ಲಿ ಅಧಿಕಾರದಲ್ಲಿದ್ದರೂ ನಾವು ನಮ್ಮ ಪೊಲೀಸರನ್ನು ನಂಬುವುದಿಲ್ಲ, ದೇವರು ನಿಮ್ಮನ್ನು ಆಶೀರ್ವದಿಸಲಿ",sad
ಇವರು ಹೊಸ ಅನಾಗರಿಕರು...,angry
ಹಾಂ... ಯಾರು ಏನು ಹೇಳುತ್ತಿದ್ದಾರೆಂದು ತಿಳಿಯದ ಕಾರಣ ನೀವು ಅದನ್ನು ತೆಗೆದುಕೊಂಡಿರಬೇಕು,angry
ತಮ್ಮ ತಪ್ಪನ್ನು ಮರೆಮಾಚುವುದು ಭಕ್ತರ ವಿಶೇಷ.,angry
ಅಂಧೇರಿಯಲ್ಲಿ ಒಬ್ಬರಿಗೊಬ್ಬರು ದೂರದಲ್ಲಿ ಅಧಿಕಾರಿಗಳು ಇದ್ದಾರೆಯೇ ಎಂದು ಮೊದಲು ನೋಡಿ.,neutral
ಬೆಳಗಾದ ನಂತರ ಜ್ಯೋತಿಯನ್ನು ಬೆಳಗಿಸುವವರು ಯಾರು? ಅವರೊಂದಿಗೆ ಎಲ್ಲವೂ ಕತ್ತಲೆಯಾಗಿದೆ,angry
"ಕಾಮ್ರೇಡ್, ಲಿಂಬ್ರಾಂಡು, ಸೆಕ್ಯುಲರ್, ಬ್ಲೂ, ಗ್ರೀನ್ ಎಲ್ಲಾ ಕ್ರಿಯಾಶೀಲವಾಗಿವೆ.. ಖಂಡಿತ ಇದು ಆಧಾರಿಸಂನ ಉತ್ತಮ ಯೋಜಿತ ಯೋಜನೆಯಾಗಿದೆ... ನಾನಾ, ನಾರ್ಕೆ, ಸಂಗ್ರಾಮ್, ಛಾತಿ ಕಲ್ವಾಲ, ಮತ್ತು ಇನ್ನೂ ಅನೇಕ ??????",angry
ನೀವು ತಿನ್ನುವ ಅದೇ ತಟ್ಟೆಯಲ್ಲಿ ಉಗುಳುವುದು ವ್ಯರ್ಥ.,angry
ರಾಮನವಮಿ ದಿನದಂದು ಮಧ್ಯಪ್ರದೇಶದ ಖಾರ್ಗೋನೆಯಲ್ಲಿ ಭಾರೀ ಹಿಂಸಾಚಾರ ನಡೆದಿದೆ.,fear
ಚಿಕ್ಕ ಮಗುವಿಗೂ ಅರ್ಥವಾಗುತ್ತದೆ ಆದರೆ ದೇಶದ್ರೋಹಿಗೆ ಇನ್ನೂ ಅರ್ಥವಾಗುತ್ತಿಲ್ಲ,angry
"ಓಹ್, ಕಲ್ಲಂಗಡಿ ಒಂದು ಪ್ರಶ್ನೆ ಎಂದು ನೀವು ಯೋಚಿಸುವುದಿಲ್ಲವೇ? ಅವನು ಭಿಕ್ಷೆ ಬೇಡದಿದ್ದರೆ ನಾವು ಘನಲರ್ ಅಲ್ಲ",neutral
"ಅವನಿಗಲ್ಲ, ಈಗ ಮದುವೆ ವಯಸ್ಸಿಗೆ ಬರುತ್ತಾ?",neutral
ಬಿಜೆಪಿ ನಾಯಕರು ಏನು ಜಿಗಿಯುತ್ತಿದ್ದರು? ಈಗ ಓಡಿಹೋಗು,angry
"ಇತಿಹಾಸದಲ್ಲಿ ಜೀವಿಸಿ, ವರ್ತಮಾನವನ್ನು ರಚಿಸಲು ನಿಮಗೆ ಯಾವುದೇ ಸಾಮರ್ಥ್ಯವಿಲ್ಲ.",angry
"ಮನುಷ್ಯರೇ, ನೀವು ತುಂಬಾ ವ್ಯರ್ಥವಾಗಿದ್ದೀರಿ.. ಇವುಗಳು #PocketJournalist ನ ಅತ್ಯುತ್ತಮ ಉದಾಹರಣೆಗಳಾಗಿವೆ.",angry
ಕತ್ತ ಡಿಪಿ ಬದ್ಲಾನಾ...ನೀನು ಭಕ್ತನಿಗೆ ಯೋಗ್ಯನಲ್ಲ ಆದ್ದರಿಂದ...,angry
"ಹೌದು, ನಾನಿಲ್ಲದ, ಓವರ್ ಆ್ಯಕ್ಟಿಂಗ್ ನಿಂದ ಬೇಸತ್ತು, ಸ್ವಪ್ರೇಮದ ಅರಿವಿಲ್ಲ.",sad
ಈರುಳ್ಳಿ ತಿನ್ನುವುದಿಲ್ಲ ಆದರೆ ತಲೆ ತುಂಬ ಈರುಳ್ಳಿ...!,angry
ದೇವೇಂದ್ರ ಫಡ್ನವೀಸ್ ಅವರು ಮಹಾರಾಷ್ಟ್ರದಲ್ಲಿ ಕಾಂಡೋಮ್ ತಯಾರಿಸುವ ದೊಡ್ಡ ಯೋಜನೆಯನ್ನು ತರಬೇಕು ಎಂದರೆ ಮೋದಿ ಜನರ ಕಲ್ಯಾಣವನ್ನು ಕೊಲ್ಲುತ್ತಿದ್ದಾರೆ.,angry
ಅಂಬಾನಿ ಅದಾನಿ ಮನೆ ಮತ್ತು ದೇಶದಿಂದ ಭಿಕ್ಷೆ ಬೇಡುವುದಕ್ಕಿಂತ ಇದು ಉತ್ತಮವಾಗಿದೆ.,angry
ಇಂತಹ ಕಳಪೆ ಪತ್ರಿಕೋದ್ಯಮ ಮಾಡುವುದಕ್ಕಿಂತ ಹಸಿವಿನಿಂದ ಸಾಯುವುದೇ ಮೇಲು.,angry
"ಹುಲಿ ಎಂದು ಭಾವಿಸುವ ಮೇಕೆ, ನಿಮ್ಮ ನಾಟಕಗಳನ್ನು ಯಾರೂ ನೋಡುತ್ತಿಲ್ಲ ಎಂದು ನೀವು ಭಾವಿಸುತ್ತೀರಾ?",angry
ಬಿ ಗ್ರೇಡ್ ಜನರು ಕಾಣಿಸಿಕೊಳ್ಳಲು ಪ್ರಾರಂಭಿಸಿದಾಗ ಏನಾಗುತ್ತದೆ?,angry
ಇದು ಒಂದೇ ಭಾಷಣಕ್ಕಿಂತ ಹತ್ತು ಪಟ್ಟು ಹೆಚ್ಚು ಅಪಾಯಕಾರಿ,fear
ಹೇ ನಿನಗೆ ಇದು ಬೇಕು ಆದರೆ ನಮಗೆ ಬೇಡ,neutral
ನನ್ನ ಬಿಡುವಿನ ದಿನಗಳನ್ನು WhatsApp ನಲ್ಲಿ ಜ್ಞಾನವನ್ನು ಹಂಚಿಕೊಳ್ಳುತ್ತಿದ್ದೇನೆ.,sad
ನಾನು ನನ್ನ ಫೋನ್ ಸಂಖ್ಯೆಯನ್ನು ನವೀಕರಿಸಿ ವರ್ಷಗಳೇ ಕಳೆದಿವೆ ಆದರೆ ನಾನು ಈಗಲೂ ಅದೇ ಹಳೆಯ ಸಂಖ್ಯೆಯನ್ನು ನೋಡುತ್ತಿದ್ದೇನೆ,neutral
"ಅವರ ಮನೆಗೆ ಯಾರೋ ಪಠಾಣ್ ಬಂದಿರುವ ಸಾಧ್ಯತೆ ಇದೆ, ಅದಕ್ಕಾಗಿಯೇ ಸಮಾಜದಲ್ಲಿ ಇಂತಹ ವಿಕೃತಿಯನ್ನು ಸೃಷ್ಟಿಸಲಾಗುತ್ತಿದೆ.",angry
"ಪರಿಣಾಮವಾಗಿ, ಈ ಬಕೆಟ್ ನಾಶವಾಗಲಿದೆ",neutral
ದಯಾನಂದ ಬುಧ್ವರ್ ಪೇಠ್ ದಲ್ಲಾಳಿಯೇ? ಅಂದರೆ ಸರ್ ವಯಸ್ಸಾಗಿದೆ,angry
"""ನನ್ನ ತಂದೆ ಕಾನೂನನ್ನು ಬರೆದಿದ್ದಾರೆ, ಆದ್ದರಿಂದ ನಾನು ಅದನ್ನು ಗೌರವಿಸುತ್ತೇನೆ.""",happy
ಜೈ ಶಿವಸೇನಾ ಉದ್ಧವ್ ಬಾಳಾ ಸಾಹೇಬ್ ಠಾಕ್ರೆ,angry
ಅಭಿವ್ಯಕ್ತಿ ಸ್ವಾತಂತ್ರ್ಯ ಎಂದರೆ ಬಂಗಲೆಯಲ್ಲಿ ಕೊಲೆ,angry
. ಈ ಸುಳ್ಳು ಸುದ್ದಿಯನ್ನು ಮೊದಲು ಹರಡಿದವರೂ ಅವರೇ.,neutral
ರುಕ್ಮೆ ಕುಟುಂಬವನ್ನು ಈ ದುಃಖದಿಂದ ಪಾರು ಮಾಡುವ ಶಕ್ತಿಯನ್ನು ಸಿದ್ಧೇಶ್ವರ ದೇವರು ದಯಪಾಲಿಸಲಿ!,sad
"ಸಾರ್ವಜನಿಕ ಅಭಿಪ್ರಾಯದ ಜನರು ಮೂರ್ಖರು, ಅವರು ಪ್ರಶಸ್ತಿಗಳ ಬಗ್ಗೆ ಯೋಚಿಸುತ್ತಲೇ ಇರುತ್ತಾರೆ.",angry
ಭಾರತೀಯ ರೂಪಾಯಿ ಮೌಲ್ಯ ಕುಸಿತದ ಮಧ್ಯೆ ವಿತ್ತ ಸಚಿವೆ ನಿರ್ಮಲಾ ಸೀತಾರಾಮನ್ ವಿವಾದಾತ್ಮಕ ಹೇಳಿಕೆ.,angry
ವಾಸ್ತವವಾಗಿ ಇದಕ್ಕಾಗಿ ಬರಬೇಕಾಗಿತ್ತು ಆದರೆ ದುರದೃಷ್ಟವಶಾತ್ ಪೆಟ್ಟಿಗೆಗಾಗಿ ಬಂದಿತು ...,sad
"ಭವಿಷ್ಯದಲ್ಲಿ ಎನ್‌ಸಿಪಿ ವಿಭಜನೆಯಾದರೆ, ಧನು ಸಹೋದರರು ಪಕ್ಷವನ್ನು ತೊರೆಯುವ ಮೊದಲಿಗರು",angry
ಮಹಾರಾಷ್ಟ್ರ ದ್ರೋಹಿಗೆ ಏನು ಉತ್ತರ ಕೊಡುವಿರಿ? ಮಹಾರಾಷ್ಟ್ರ ಸೋತದ್ದು ಒಳ್ಳೆಯದೇ?,angry
"ಭುಜಬಲ್ ಸ್ವಾರ್ಥಿ ಎಂದು ಉದ್ಧವ್ಜಿ ಹೇಳುತ್ತಾರೆ, ಬಾಳಾಸಾಹೇಬನನ್ನು ಬಂಧಿಸಲಾಗಿದೆ ಎಂಬುದನ್ನು ಮರೆತುಬಿಡಿ",angry
ಗಟಾರ ಮತ್ತು ಟಾಯ್ಲೆಟ್ ಬಿಟ್ಟು ಬೇರೆ ಏನಾದ್ರೂ ಸಲಹೆ ಕೊಡ್ತೀರಾ.. ಟಾಯ್ಲೆಟ್ ಮಗ,angry
ಯಾವುದೇ ಸಂಖ್ಯೆಯ ಕೋಲುಗಳನ್ನು ತೆಗೆದುಕೊಳ್ಳಿ. ನೀವು ಬಯಸಿದ ಫಲಿತಾಂಶಗಳನ್ನು ಪಡೆಯುವುದಿಲ್ಲ. ಯಾವಾಗಲೂ ನಿಮ್ಮ ಮುಖಕ್ಕೆ ಹೊಡೆಯುತ್ತದೆ,angry
"ಅತ್ಯಾಚಾರಿಗಳು ಬಿಜೆಪಿಗೆ ಬರುತ್ತಿದ್ದಾರೆ, ನೀವೇಕೆ ಪಕ್ಷ ಬಿಡುತ್ತಿಲ್ಲ?",angry
ಆದರೂ ಬಡವರು ಒಳಗೆ ಇರಬೇಕಾಗುತ್ತದೆ,sad
ಮನಿಷಾ ಇಂದು ಸೋತವಳಂತೆ ಮಾತನಾಡುತ್ತಿದ್ದಾಳೆ ಬಹುಶಃ ನಾಳಿನ ಹೊಡೆತವನ್ನು ಮೆದುಗೊಳಿಸಲು ಈ ತಯಾರಿ.,fear
ಮಹಾರಾಜರ ಹೆಸರು ಹೇಳುವುದೂ ಅಪರಾಧ,angry
ಹಾಗಾದರೆ ಕಳೆದ ಕೆಲವು ವರ್ಷಗಳಲ್ಲಿ ಮುಂಬೈನಲ್ಲಿ ಭಾರೀ ಮಳೆಯಾದಾಗ ಬಿಜೆಪಿ ಶಿವಸೇನೆಯನ್ನು ಏಕೆ ದೂರಿತು?,angry
ಜನರು ಆದರೆ ಆಕ್ರಮಣಕಾರಿ ಭ್ರಷ್ಟಾಚಾರ ಸಹಾಯ ಮಾಡುವುದಿಲ್ಲ,angry
"ಸರ್, ದಯವಿಟ್ಟು ನೀವೂ ಒಂದನ್ನು ಮಾಡಿ",neutral
ದಾರಿಯಲ್ಲಿ ಮಹಾರಾಷ್ಟ್ರದ ಪಾರಂಪರಿಕ ತಾಣಗಳನ್ನು ಅನ್ವೇಷಿಸಿ :),neutral
"ಔರಂಗಾಬಾದ್ ಅನೇಕ ಮಂತ್ರಿಗಳನ್ನು ಹೊಂದಿದೆ ಎಂದು ಕೇಳಿದ್ದರೂ, ಔರಂಗಾಬಾದ್ ""ಅಭಿವೃದ್ಧಿ"" ಆಗಿದೆಯೇ?",angry
"ನಿಖಿಲ್ ಜೀ, ಕೊನೆಯ ಸಂಚಿಕೆ ಕೇಳಲಾಗಲಿಲ್ಲ, ದಯವಿಟ್ಟು ಅದನ್ನು ಮತ್ತೆ ಪ್ರಸಾರ ಮಾಡಿ !!",neutral
ಹಿಂದೂ ಧರ್ಮ ಒಂದು ಧರ್ಮವಲ್ಲ ಆದರೆ ಜೀವನ ವಿಧಾನ - ಶ್ರೀಮದ್ ಭಗವದ್ಗೀತೆ,neutral
ಇದು ಊಹಾಪೋಹಕ್ಕೆ ಕಾರಣವಾಗಿತ್ತು,angry
"""ಔರಂಗಜೇಬ್ ಅದನ್ನು ಸಹಿಸಿಕೊಳ್ಳಬಲ್ಲನು, ಆದರೆ ಸಂಭಾಜಿ ಮಹಾರಾಜರು ಅದನ್ನು ಸಹಿಸಲಿಲ್ಲ."" -:ಪೋರ್ಚುಗೀಸ್ ವೈಸರಾಯ್",angry
ನಾವೆಲ್ಲರೂ ನಮ್ಮ ಕುಲದೇವ್ ಜೈ ಹೋ ಅವರ ದರ್ಶನ ಪಡೆಯಬೇಕು,happy
"ಪರೀಕ್ಷಾ ಫಲಿತಾಂಶಗಳನ್ನು ಘೋಷಿಸಲಾಗಿದೆ, ನಿಮ್ಮ ಫಲಿತಾಂಶವನ್ನು ಈ ರೀತಿ ಪರಿಶೀಲಿಸಿ",neutral
ವಿಕ್ರಂ ಕೂಡ ಆ ಕಿಡಿಗೇಡಿನಿಂದ ಇಷ್ಟೊಂದು ಹಿಂಸೆ ಅನುಭವಿಸಿರುತ್ತಿರಲಿಲ್ಲ.,sad
ನಾನು ಕೊಂಕಣದಲ್ಲಿದ್ದೇನೆ ಎಂದು ಯಾರನ್ನಾದರೂ ಎಚ್ಚರಿಸಲು ಲೇಖಕರು ಈ ಟ್ವೀಟ್ ಮಾಡಿದ್ದಾರೆ,neutral
ನೀವು ಕೇವಲ ಟ್ವೀಟ್ ಮಾಡುತ್ತೀರಾ ಅಥವಾ ಕೆಳಗಿನ ಕಾಮೆಂಟ್‌ಗಳನ್ನು ಓದುತ್ತೀರಾ?,neutral
ಅವರು ಕೊಡುಗೆ ಎಂದು ಹೇಳಿದ್ದಾರೆಯೇ?,neutral
"ಕುಲಕರ್ಣಿ, ನೀವು ಎಂದಾದರೂ ಪುಣೇರಿ ಪೇಟವನ್ನು ನೋಡಿದ್ದೀರಾ? ಮುಂಡಾಸೆ? ಕೊಲ್ಹಾಪುರಿ ಫೆಟಾ?",neutral
ಈಗ ಹೇಗಿದ್ದಾರೆ ನೋಡಿ...!,neutral
ಅಂದರೆ ಜನರು ನಿಮ್ಮ ಮನೆಯವರು. ಜನ ನಿರ್ಧರಿಸಲಿ.,neutral
ಬಸ್ಸು ಬದಲಾಗಿಲ್ಲವೇ??,neutral
ಮತ್ತು ಸುದ್ದಿ ಜನರು ಸಾರ್ವಜನಿಕ ಅಭಿಪ್ರಾಯ,neutral
"ನೀವು ಕತ್ತಲೆಗೆ ಏಕೆ ಹಿಮ್ಮೆಟ್ಟಿದ್ದೀರಿ ಎಂದು ಹೇಳಿ, ಇತರರು ಏನು ಕೇಳುತ್ತಿಲ್ಲ?",angry
ನಿಮ್ಮ ಗೌರವಾನ್ವಿತ ದಿಘೆಯವರ ಹೆಸರನ್ನು ಏಕೆ ತೆಗೆದುಕೊಳ್ಳಲಿಲ್ಲ?,angry
ಭದ್ರತಾ ಪಡೆಗಳ ಮೇಲಿನ ತನಿಖೆ ಏನಾಯಿತು? ದಾಳಿಗೆ ಯೋಜನೆ ರೂಪಿಸಿದವರು ಯಾರು?,angry
ಆದಿತ್ಯ ಒಬ್ಬ ಸಾರ್ವಜನಿಕ ನಾಯಕ... ದಾದರ್‌ನಿಂದ,happy
ಈ ಸಲಹೆ ಎಲ್ಲಿಂದ ಬಂತು?,neutral
ಪಕ್ಷವು ಮೂಲತಃ ಕಾಂಗ್ರೆಸ್ ತಂಡವಾಗಿತ್ತು..ತುರ್ತು ಪರಿಸ್ಥಿತಿಯನ್ನು ಬೆಂಬಲಿಸುತ್ತದೆ,neutral
"ಕ್ರಮೇಣ ಎಲ್ಲರೂ ಬರುತ್ತಾರೆ. ದಯವಿಟ್ಟು ದಹನು, ಪಾಲ್ಘರ್‌ಗೆ ಭೇಟಿ ನೀಡಿ.",neutral
"ಇದು ನಮ್ಮ ಕಾಲ, ಇಂದಿನ ಮಕ್ಕಳು ಹಾಗಲ್ಲ",sad
ಈ ಘಟನೆ ಕುರಿತು ಪತ್ರಿಕೆಗಳಲ್ಲಿ ಸುದ್ದಿ ಪ್ರಕಟವಾಗಿತ್ತು.,neutral
ಹೌದು ನನಗೆ ಗೊತ್ತು,neutral
ಏಕೆ ನೋಡುತ್ತಲೇ ಇರಬಾರದು,neutral
ಮತ್ತು ಈ ಸಾಕುಪ್ರಾಣಿಗಳು ಬೇಟೆಗಾರರಿಗೆ ಏಕೆ ಸಹಾಯ ಮಾಡುವುದಿಲ್ಲ?,angry
ಹೌದು. ಇದು ನನ್ನ ಮನಸ್ಸಿಗೆ ಬರುವುದು. ಅಂದರೆ ಅವರ ಪಕ್ಷ ಒಡೆದಿದೆಯೇ?,neutral
ನಿಮ್ಮ ದೂರನ್ನು ಸಂಬಂಧಪಟ್ಟ ಅಧಿಕಾರಿಗಳಿಗೆ ಕಳುಹಿಸಲಾಗಿದೆ.,neutral
ನನಗೂ ಹಾಗೆಯೇ ಅನಿಸುತ್ತದೆ ಆದರೆ ಗುರಾಣಿ ಮತ್ತು ಕತ್ತಿಯನ್ನು ನೀಡುವ ಸಾಧ್ಯತೆ ಹೆಚ್ಚು.,fear
ಮೋದಿ ಅಧಿಕಾರಕ್ಕೆ ಬಂದ ನಂತರ ಎಷ್ಟು ಮಹಿಳೆಯರಿಗೆ ನ್ಯಾಯ ಸಿಕ್ಕಿದೆ ಎಂದು ಹೇಳುತ್ತೀರಾ?,angry
"ಅವರು ಚುನಾವಣೆಗೆ ತಯಾರಿ ನಡೆಸುತ್ತಿದ್ದಾರೆ, ಸಮಯ ಸಿಕ್ಕಾಗ ಮಾತನಾಡುತ್ತಾರೆ, ಆದರೆ ಸಮಯ ಸಿಗುತ್ತದೆ ಎಂದು ಅವರು ಭಾವಿಸುವುದಿಲ್ಲ.",neutral
"ಯಾರೋ ಪತ್ರ ಬರೆದಿದ್ದಾರೆ, ಏಕೆ?",neutral
ನಿಮ್ಮ ಮನಸ್ಸಿಗೆ ಬಂದಂತೆ ಮಾತನಾಡುತ್ತಿದ್ದೀರಿ... ಲೋಕಶಾಹಿರ್ ಅಣ್ಣಾಭಾವು ಸಾಠೆ ಹೇಳಿದ್ದನ್ನು ಸಂಸತ್ತು ಕೂಡ ನೆನಪಿಸಿಕೊಳ್ಳಬೇಕು...,happy
"ಅಧಿ ಏಕನಾಥ್ ಶಿಂಧೆ, ಫಡ್ನವೀಸ್, ನಾರಾಯಣ ರಾಣೆ, ರಾಜ್ ಠಾಕ್ರೆ, ಕಿರಿತ್ ಸೋಮಯ್ಯ, ಶಾ ಮತ್ತು ನಡ್ಡಾ ವಿರುದ್ಧ ತನಿಖೆ ನಡೆಸಬೇಕು.",angry
ತರುತ್ತೀರಾ..?,neutral
ನಾಗ್ಪುರದಲ್ಲಿ ಎರಡು ಗಂಟೆಗಳ ಲೋಡ್ ಶೆಡ್ಡಿಂಗ್ ಪ್ರಾರಂಭವಾಗಿದೆಯೇ?,angry
ಇದನ್ನು ಮೊದಲು ಅನುಜ್ ಪಾಠಕ್ ಮತ್ತು ರಾಹುಲ್ ಖಾನ್ ಅವರಿಗೆ ವಿವರಿಸಿ.,neutral
ಲಾಕಾ ನೀವು ಮರಾಠಿಯೋ ಅಥವಾ ಬಿಹಾರಿಯೋ?,neutral
ಶಿವಸೇನೆಯನ್ನು ನಾಶಮಾಡುವ ಈ ಷಡ್ಯಂತ್ರವನ್ನು ಗುರುತಿಸಿ,angry
"ಇದು ಮುಖ್ಯ ನ್ಯಾಯಾಧೀಶರ ಅಂತ್ಯವಲ್ಲ, ಆದರೆ ಅವರ ನಂತರ ಯಾರಾದರೂ ಬರುತ್ತಾರೆ",neutral
ಎರಡನೇ ಟಾಸ್ಕ್...ನಾಳೆಯಿಂದ,neutral
ನಿಜವಾಗಿಯೂ ಕಳುಹಿಸಲು ಬಯಸುತ್ತೇನೆ,neutral
ಇದು ನಮಗೆಲ್ಲರಿಗೂ..,neutral
ಸ್ಪ್ರೇ ಇದೆಯೇ?,neutral
ಅದೃಷ್ಟವು ರಾವಣನನ್ನು ನಂಬುತ್ತದೆ ಆದರೆ ನಿಮ್ಮ ಭಗವಾನ್ ಶ್ರೀರಾಮನನ್ನು ಕಾಲ್ಪನಿಕವೆಂದು ಪರಿಗಣಿಸಲಾಗಿದೆ.,happy
"ಅದಕ್ಕೆ ಶಾಕ್ ಎನ್ನುವುದಿಲ್ಲ, ಅಳುವುದು ಎನ್ನುತ್ತಾರೆ. ಪುರುಷರು ಹಾಗೆ ಅಳುವುದಿಲ್ಲ. ಸ್ವಲ್ಪ ಗಾಯ",angry
:'ಈ' ಮಲ್ಟಿಬ್ಯಾಗರ್ ಸ್ಟಾಕ್ ಮೂರು ವಾರಗಳಲ್ಲಿ ಲಕ್ಷ ಗಳಿಸಿತು!,happy
ಅದನ್ನೇ ನಾನು ಕೇಳಲು ಬಯಸಿದ್ದೆ,happy
ಅದು ನನ್ನ ಸೋನಪಾಪಾಡಿ...,happy
ಕಮಲ ಅರಳುವುದು ಖಡ್ಗ ಏಕೆ ಬೀಳುವುದು?,neutral
ಅವರು ಮಹಾರಾಷ್ಟ್ರ ಪ್ರೇಮಿಗಳು ಮತ್ತು ದೇಶಭಕ್ತರಿಗೆ ಪ್ರಿಯರಾಗಿದ್ದಾರೆ. ಸಹಾನುಭೂತಿ ಎಂಬ ಪದವು ಸೂಕ್ತವಲ್ಲ,neutral
ನಮ್ಮ ಮುಂದೆ ಇದೆಲ್ಲಾ ತೀರಾ ಸಾಮಾನ್ಯ ಮಹೇಶ್...,neutral
ಅದಕ್ಕೇ,neutral
ಇದು ತಪ್ಪು,neutral
ಬಾಬಾ ಸಾಹೇಬ್ ಅಂಬೇಡ್ಕರ್ ಒಬ್ಬರಾಗಿದ್ದರು ಮತ್ತು ಹಾಗೆಯೇ ಉಳಿಯುತ್ತಾರೆ,happy
ನಿಮ್ಮ ನೆರೆಹೊರೆಯಲ್ಲಿ ತಾತ್ಯಾನನ್ನು ಕಾಣುತ್ತಿಲ್ಲವೇ?,neutral
"ಹೇಳಿ ಸಾರ್, ನಿಮ್ಮ ರಾಜ್ಯದಲ್ಲಿ ಏನಾಗುತ್ತಿದೆ?",angry
"ಪೂಜಾ ಸಾವಂತ್ ಅವರ Instagram ಪೋಸ್ಟ್ ವೈರಲ್ ಆಗುತ್ತಿದೆ, ನೀವು ನೋಡಿದ್ದೀರಾ?",neutral
ಅಮೆರಿಕದಲ್ಲಿ ರೈತನೊಬ್ಬ ಕೋಳಿಯ ಕತ್ತು ಕೊಯ್ದರೂ ಕೋಳಿ ಸಾಯಲಿಲ್ಲ.,happy
ರಾಜ್ ಠಾಕ್ರೆ ಕೂಡ ಇದನ್ನು ಮತ್ತೆ ಮತ್ತೆ ಹೇಳುತ್ತಿದ್ದರು,neutral
"ಇದು ವ್ಯವಹಾರ ಅಥವಾ ವೈಯಕ್ತಿಕವಾಗಿದ್ದರೆ, ನಾನು ಅದೇ ರೀತಿ ಮಾಡುತ್ತೇನೆ",neutral
ಅಬ್ಬಾಬ್ ಎಂದರೆ ಆಟ ಸದ್ದಿಲ್ಲದೆ ನಡೆಯುತ್ತಿದೆ,happy
"ಓಹ್, ಆದರೆ ಹಣವನ್ನು ತೆಗೆದುಕೊಳ್ಳಿ, ಉಚಿತವಾಗಿ ನೀಡಬೇಡಿ.",neutral
"ಈಗ ಅದು ಉದ್ಧವ್ ಸಾಹೇಬರ ವಿಚಾರಗಳ ಮೇಲೆ ಸಾಗುತ್ತದೆ, ಬಾಳಾ ಸಾಹೇಬರ ವಿಚಾರಗಳು ಇದಕ್ಕೆ ಅನ್ವಯಿಸುವುದಿಲ್ಲ.",neutral
"ಹಾಗಾಗಿ ಅಜ್ಜ ಹೇಳುತ್ತಾರೆ, ಈಗ ಮದುವೆಯೇ ಕೊನೆಯ ಆಯ್ಕೆಯಾಗಿದೆ.",neutral
ಇದು ಸರಿಯಾಗಿದೆ..,happy
ಈ ವಿಷಯಗಳನ್ನು ಸುಧಾರಿಸುವಲ್ಲಿ ನಿಷ್ಪಕ್ಷಪಾತವಾಗಿ ಉಳಿಯುವುದು ಮಾಧ್ಯಮಗಳ ದೊಡ್ಡ ಜವಾಬ್ದಾರಿ...!,neutral
ನಿಮ್ಮ ಬಾಲ್ಯದಲ್ಲಿ ನೀವು ದೇವಿ ಟೀಕಾವನ್ನು ಸ್ವೀಕರಿಸಿದ್ದೀರಿ.,neutral
ಜನರು ಸಂಬಂಧವನ್ನು ಪ್ರತಿಬಿಂಬಿಸುವ ಬದಲು ಸಂತೋಷ ಮತ್ತು ಜವಾಬ್ದಾರಿಗಳೊಂದಿಗೆ ಬದುಕಲು ಕಲಿಯಬೇಕು.,neutral
ನೀವು ವೈಭೂ ದೀಪಾವಳಿ ಶಾಪಿಂಗ್ ಮಾಡಿದ್ದೀರಾ?,neutral
ಶಿವ ಭೋಜನ್ ಯೋಜನೆ ತನಿಖೆ! ಯೋಜನೆ ನಿಲ್ಲುವುದಿಲ್ಲ!!!,happy
ಪುರುಷರ ಬಗ್ಗೆ ಹೇಳುವುದನ್ನು ಈಗ ಮುಚ್ಚಿಡಬೇಕು ಎಂದು ತೋರುತ್ತದೆ.,angry
ಲಾಲ್ ಮಜಾ ನಾಮಪದಗಳ ಭಾಷೆಯ ಬಗ್ಗೆ ಸಲಿಕೆ ಕೇಳಲು ಹೋಗುತ್ತಾನೆ,neutral
ನೀವು ತರ್ಕವನ್ನು ಅರ್ಥಮಾಡಿಕೊಂಡಿದ್ದರಿಂದ ನೀವು ಉತ್ತರಿಸಲಿಲ್ಲ.,neutral
ಓಹೋ! ಅದು ನನ್ನ ಸಂಕೇತ,angry
ಬಾಳಾಸಾಹೇಬ್ ಥೋರಟ್ ಅವರ ಉದಯ್ ರಾವ್,neutral
ರಾಜಕೀಯ ವಿಶ್ಲೇಷಕ ಅಮೋಲ್ ಸರ್ ಉತ್ತರ ಮಹಾರಾಷ್ಟ್ರದ ದೊಡ್ಡ ನಾಯಕ ಎಂದು ಕರೆಯುತ್ತಾರೆ.,happy
ಹುಡುಗರೇ ಸಿದ್ಧರಾಗಿ! ಈಗ ಹಾಲಿನ ಬೆಲೆ ತುಂಬಾ ಹೆಚ್ಚಾಗಲಿದೆ!,happy
"ಆಂಧ್ರಪ್ರದೇಶ, ತೆಲಂಗಾಣ, ಕೇರಳ, ಕರ್ನಾಟಕ, ತಮಿಳುನಾಡು ಈ ಎಲ್ಲ ರಾಜ್ಯಗಳಿಗೂ ಭರ್ಜರಿ ಯಶಸ್ಸು ಸಿಗಲಿದೆ.",happy
ಮುಂಬರುವ ಸ್ಥಳೀಯ ಚುನಾವಣೆಯನ್ನು ಈ ಮೈತ್ರಿಯೊಂದಿಗೆ ಎದುರಿಸಲಾಗುವುದು - ನ್ಯಾ. ದೀಪಕ್ ಕೇಸರಕರ್,neutral
"ಭಿಕ್ಷೆಯನ್ನು ತೆಗೆದುಕೊಂಡು, ಚೀಲವನ್ನು ಹೊತ್ತುಕೊಂಡು, ಮಡಕೆಯನ್ನು ತುಂಬಿ ತಿನ್ನುತ್ತಾರೆ",neutral
ಜಾಧವ್ ಸಾಹೇಬರಿಬ್ಬರ ನೋವು ಬೇರೆ ಬೇರೆ. ಈ ಬಗ್ಗೆ ಗಮನ ಕೊಡಿ.,neutral
ರುತುಜಾ ಲಟ್ಕೆ ಮುಂದೆ ಬಿಜೆಪಿಯ ಹಿನ್ನಡೆಯ ಅರ್ಥಗಳು 'ಇವು'!,neutral
ಇದು ಎಷ್ಟು ಸಮಯ ತೆಗೆದುಕೊಳ್ಳುತ್ತದೆ ಎಂದು ನಮಗೆ ತಿಳಿದಿರಲಿಲ್ಲ.,neutral
ಆದರೆ ಇವರು ಯಾರು?,neutral
ಅವರು ಅದನ್ನು ಏಕೆ ನಿಲ್ಲಿಸಲಿಲ್ಲ?,angry
ಆದರೆ ಯಾವುದು?,neutral
ಸರ್ಕಾರ PFI ಅನ್ನು ಏಕೆ ನಿಷೇಧಿಸಿತು? ಇವು ಮುಖ್ಯ ಕಾರಣಗಳು...,neutral
ವಾಗ್ಲೆಯವರ ಶತ್ರುಗಳು ಸಂಘ ಮತ್ತು ಬ್ರಾಹ್ಮಣರು.,angry
"ಮಾಸ್ಟರ್ ಎಲ್ಲಾ ತಂತ್ರಗಳನ್ನು ಕಲಿಸುತ್ತಾನೆ, ಆದರೆ ಒಂದು ತಂತ್ರವನ್ನು ಶಾಶ್ವತವಾಗಿ ಇಡುತ್ತಾನೆ ...",neutral
ಒಬ್ಬ ನಾಯಕನ ಮರಣದ ನಂತರ ಅವನ ವಿರುದ್ಧ ಯಾವುದೇ ಅಭ್ಯರ್ಥಿಯನ್ನು ನಿಲ್ಲಿಸಬಾರದು ಎಂದು ನೀವು ಭಾವಿಸುತ್ತೀರಾ?,neutral
ನಾನಾ ಪಾಟೇಕರ್ ಮುತ್ತಜ್ಜ,happy
ಕೊಲ್ಲಾಪುರ ಉಪಚುನಾವಣೆ ಸಂದರ್ಭದಲ್ಲಿ ಸಂಸ್ಕೃತಿಗೆ ರಜೆ ಹಾಕಲಾಗಿತ್ತು.,neutral
ಅವರಿಗೆ ಅಭಿಪ್ರಾಯವಿದೆಯೇ?,neutral
ಮಿತಿಗಳಿವೆ ಎಂಬುದನ್ನು ಮೊದಲು ಒಪ್ಪಿಕೊಳ್ಳಬೇಕು...,neutral
ಇವರು ಹುಟ್ಟಿನಿಂದ ನಿಜವಾಗಿಯೂ ಹಿಂದೂಗಳೇ?????,angry
ಈ ಹಿಂದೆಯೂ ಇಂತಹ ಪ್ರಯತ್ನಗಳು ನಡೆದಿವೆ. ಮೋದಿ ಗುಜರಾತ್ ಮುಖ್ಯಮಂತ್ರಿಯಾಗಿದ್ದಾಗ ಇದು ಅವರ ಶೈಲಿಯಾಗಿತ್ತು.,neutral
"ಫಡ್ನವೀಸ್ ಐದು ವರ್ಷ ಮುಖ್ಯಮಂತ್ರಿಯಾಗಿದ್ದವರು, ಟ್ವೀಟ್ ಮಾಡಲು ಯಾರು?",neutral
ನಾನು ಈಟಲಿ ಜಿಲ್ಲೆಗೆ ಸೇರಲು ಯೋಚಿಸುತ್ತಿದ್ದೇನೆ...,neutral
ವಿದರ್ಭದಲ್ಲಿ ಸಂತರ್ಗುಲ್ಯ ಎಂಬ ಪದವು ಬಹಳ ಪ್ರಸಿದ್ಧವಾಗಿದೆ. ಈ ಶಾಸಕರ ವಿಚಾರದಲ್ಲೂ ಅದೇ ನಡೆದಿದೆ.,neutral
ಕೊಬ್ಬಿನ ಸಹೋದರನನ್ನು ನ್ಯಾಯದ ದೇವರಿಂದ ಶಿಕ್ಷಿಸಲಾಗಿದೆ ಎಂದು ನಂಬಲಾಗಿದೆ.,happy
ನಿಮ್ಮಂತಹ ಕುರುಡರ ಕಣ್ಣು ತೆರೆಸಲು ನನ್ನ ಈ ಟ್ವೀಟ್..,angry
| ಇದೇ ವೇದಿಕೆಯಲ್ಲಿ ‘ಬ್ರಹ್ಮಾಸ್ತ್ರ’ ಚಿತ್ರ ಬಿಡುಗಡೆಯಾಗಲಿದೆ,neutral
ಇದು ಯಾರ ಕಥೆ ಹೇಳಲು?,neutral
ನಮಗೆ ತಿಳಿಸಿದ್ದಕ್ಕಾಗಿ ಧನ್ಯವಾದಗಳು. ನಿಮ್ಮ ದೂರನ್ನು ಸಂಬಂಧಪಟ್ಟ ಇಲಾಖೆಗೆ ರವಾನಿಸಿದ್ದೇವೆ.,neutral
ಡಿಸೆಂಬರ್ ವರೆಗೆ ಹೀಗೆ ಮಳೆ ಬರುತ್ತದಾ?,happy
PFI ಯ WhatsApp ಗುಂಪು ನಿರ್ವಾಹಕ ಪಾಕಿಸ್ತಾನಿ SIMI ಯ ರೀತಿಯಲ್ಲಿ ಕೆಲಸ ಮಾಡುತ್ತಿದ್ದಾರೆ; ಎಟಿಎಸ್ ತನಿಖೆಯಿಂದ ತಿಳಿದುಬಂದಿದೆ,angry
ಈಗ ಅದನ್ನು ಸರಿಪಡಿಸಲಾಗಿದೆ! ಉದ್ಧವ್ ಠಾಕ್ರೆಯ ಜ್ಯೋತಿಯನ್ನು ತಡೆಯಲು ಶಿಂಧೆಯವರ ಗುರಾಣಿ ಮತ್ತು ಖಡ್ಗ ಸಿದ್ಧವಾಗಿದೆ!,neutral
ಸಾರ್ವಜನಿಕ ಹಿತಾಸಕ್ತಿ ಸರ್ಕಾರ ಸಾರ್ವಜನಿಕರು ತೆಗೆದುಕೊಳ್ಳುವ ಸರ್ಕಾರದ ನಿರ್ಧಾರಗಳು ಸಾರ್ವಜನಿಕ ಹಿತಾಸಕ್ತಿಯಲ್ಲಿವೆ,happy
'ಮಹಾರಾಷ್ಟ್ರದ ಸಂಪ್ರದಾಯವನ್ನು ಉಳಿಸಿಕೊಳ್ಳಲು ಬಿಜೆಪಿ ಕೆಲಸ ಮಾಡಿದೆ'; ಏಕನಾಥ್ ಶಿಂಧೆ ಪ್ರತಿಕ್ರಿಯೆ,happy
ಇದರರ್ಥ ದೇವೇಂದ್ರ ಫಡ್ನವೀಸ್ ದೂರದೃಷ್ಟಿಯ ನಾಯಕ ಎಂದು ಅರ್ಥವೇ? ಫಡ್ನವಿಸ್ ಹೀಗೆ ಮಾಡಿದ್ದು...,happy
ಸದ್ಯ ಅರವಿಂದ್ ದಾತಾರ್ ಚುನಾವಣಾ ಆಯೋಗದ ವಕೀಲರಾಗಿದ್ದಾರೆ.,neutral
"ಓಹ್, ಆದರೆ ನೀವು ಇಷ್ಟು ದಿನ ಎಲ್ಲಿದ್ದೀರಿ?",happy
: ಮೋಡ ಸಿಡಿದಂತೆ ಮಳೆ ಏಕೆ? ಇದರ ಹಿಂದಿನ ಕಾರಣವೇನು?,neutral
ಅದನ್ನು ಮರೆಯಲು ಸಾಧ್ಯವಿಲ್ಲ,sad
ಇದನ್ನೇ ಅವನ ತಾಯಿ ಅವನಿಗೆ ಹೇಳುತ್ತಿದ್ದಳು,neutral
"ರವಿಕಾಂತ್ ಜೀ, ಜೈಲಿನಲ್ಲಿ ನಿಮ್ಮ ಪೆಟ್ಟಿಗೆಗಳು ಸುರಕ್ಷಿತವಾಗಿವೆಯೇ?",angry
"ಚುನಾವಣಾ ಆಯೋಗವು ಸ್ವಾಯತ್ತ ಸಂಸ್ಥೆಯಾಗಿದ್ದು, ಈಗಾಗಲೇ ಕೇಂದ್ರ ಸರ್ಕಾರದ ಬೇಡಿಕೆಗಳಿಗೆ ಬದ್ಧವಾಗಿದೆ.",angry
"ಟ್ಯಾಗ್ ಮಾಡುವುದನ್ನು ಮುಂದುವರಿಸಿ, ಅವರನ್ನು ಸಂಪರ್ಕಿಸಲು ಇದು ಏಕೈಕ ಮಾರ್ಗವಾಗಿದೆ",neutral
"ಸರ್, ನೀವು ಯಾವ ಕಾನೂನನ್ನು ಬದಲಾಯಿಸುತ್ತಿದ್ದೀರಿ?",neutral
ಆಶಾದಾಯಕವಾಗಿ ಇದನ್ನು ಓದುವುದು ಕನಿಷ್ಠ ಕೆಲವು ಜನರಿಗೆ ಅರ್ಥಮಾಡಿಕೊಳ್ಳಲು ಸಹಾಯ ಮಾಡುತ್ತದೆ:,sad
ಇದು ಖಡ್ಗವೋ ಕಠಾರಿಯೋ????,happy
ನಿಮ್ಮ ವಿಶ್ಲೇಷಣೆ ಚುರುಕಾಗಿರುವುದರಿಂದ ಜನರು ನಿಮ್ಮ ಆಲೋಚನೆಗಳನ್ನು ಇಷ್ಟಪಡುತ್ತಾರೆ.,happy
ಎಡಗೈಯಿಂದ ತಿನ್ನುವ ಸಮಯ.,neutral
ಇದು ನಮ್ಮಂತಹ ಪತ್ರಕರ್ತರು ಮತ್ತು ಸರ್ಕಾರಿ ಉದ್ಯೋಗಿಗಳಿಗೆ ವಿಶೇಷವಾಗಿ ಸತ್ಯವಾಗಿದೆ.,angry
ಹಾಗಾದರೆ ಸಂಗ್ಯಾ ಜೈಲಿನಲ್ಲಿ ಪಿಕ್ನಿಕ್ ಹೋಗಿದ್ದಾನಾ?,angry
ದೊಡ್ಡ ಸುದ್ದಿ! ಶಿಂಧೆ ಸರ್ಕಾರ ಮತ್ತೊಂದು ಮಹತ್ವದ ನಿರ್ಧಾರ ಕೈಗೊಂಡಿದೆ,happy
ಇವರು ಅಗ್ಗದ ಉತ್ಸಾಹಿಗಳು,neutral
ಈ ಪ್ರವೃತ್ತಿಯನ್ನು ಸಮಯಕ್ಕೆ ಹತ್ತಿಕ್ಕಬೇಕು.,angry
"ಆಗ ನೀನು ಪಾಕಿಸ್ಥಾನ, ಭಾರತದ ವಿರುದ್ಧ ಗೆದ್ದೆ",happy
ಇನ್ನೆರಡು ದಿನಗಳಲ್ಲಿ ನಾಂದೇಡ್ ಜಿಲ್ಲೆ ಸೇರುತ್ತೇನೆ,neutral
"ಲಾ ಲಿಗಾದ ಅತ್ಯುತ್ತಮ ಪಂದ್ಯವೆಂದರೆ ಎಫ್‌ಸಿ ಬಾರ್ಸಿಲೋನಾ vs ರಿಯಲ್ ಮ್ಯಾಡ್ರಿಡ್, ಇದು ಹುಚ್ಚವಾಗಿರುತ್ತದೆ.",happy
ಸಾಹೇಬರು ಶಿವಸೇನೆಯಲ್ಲಿದ್ದಾಗ ಇದು ಹಳೆಯ ಚಿತ್ರ,neutral
ಇದೂ ಬಾಳಾ ಸಾಹೇಬರೇ,happy
ಪ್ರಸನ್ನ ಜೋಶಿಗೆ ಉತ್ತರ ಕೊಡಲಿಲ್ಲ ಎನ್ನುತ್ತೀರಿ.,neutral
ಸುಸು ತೈ ಏಕೆ? ಅವರು ಅದೇ ಗುಂಡಿಗಳ ಚಿತ್ರಗಳನ್ನು ತೆಗೆಯುತ್ತಿದ್ದರು,angry
"ಸೀಟು ಬೀಳಲಿದೆ ಎಂದು ನೀವು ಭಾವಿಸಿದರೆ, ಅದು ಈಗ ಪ್ರಾರಂಭವಾಗಿದೆ",neutral
"ಅಣ್ಣ, ಇಲ್ಲದಿದ್ದರೆ ಈ ಕೋಡಂಗಿ ಹುಲಿ ಕಾಡಿಗೆ ಹೋಗುತ್ತೆ.",angry
ನಿಮ್ಮ ಮನೆಯಲ್ಲಿ ಇಂತಹ ಘಟನೆಗಳು ನಡೆಯುತ್ತಿದ್ದವು.,neutral
ಹಳ್ಳಿಗಾಡಿನ ಮದ್ಯ ಸೇವಿಸುವವರಿಗೆ ಇಂಗ್ಲಿಷ್ ಗೊತ್ತಿರಬೇಕೆಂದೇನೂ ಇಲ್ಲ.,neutral
"ಹೊಸ ಪಕ್ಷ, ಹೊಸ ಹೆಸರು, ಒಂದು ಸ್ಥಾನಕ್ಕೆ ಚುನಾವಣೆ, ಎಂಎಲ್ಎ ಮತ್ತು ಎಂಪಿ ಕಣದಲ್ಲಿದ್ದಾರೆ",happy
ಆತ ಸೈನಿಕ...,happy
ಅಂದರೆ ಹೋರಾಟ ಕೂಡ ರಾಷ್ಟ್ರೀಯವಾದಿ ಮತ್ತು ರಾಷ್ಟ್ರವಿರೋಧಿ ವಿಚಾರಗಳ ನಡುವೆ.,angry
ಅವಿರೋಧವಾಗಿ ಚುನಾವಣೆ ನಡೆಯಬಾರದು,neutral
ಇಬ್ಬರೂ ಹೃದಯದಿಂದ ಸತ್ಯ ಹೇಳುತ್ತಿದ್ದಾರೆ..!,happy
ನೀವು ಅವರ ಹಳೆಯ ಫೋಟೋ ನೋಡಿದ್ದೀರಾ?,neutral
ಹಾಡು ಭಾರವಾಗಿರುತ್ತದೆ,happy
ಸಾವಿಗೆ ಹೆದರಬಾರದು ಆದರೆ ಕಾಲಕಾಲಕ್ಕೆ ಅದನ್ನು ನೆನಪಿಸಿಕೊಳ್ಳಬೇಕು.,neutral
ಇದೆಯೋ ಇಲ್ಲವೋ,neutral
ಹೌದಾದರೆ ಅವರು ಸುಪ್ರೀಂ ಕೋರ್ಟ್‌ಗೆ ಏಕೆ ಹೋದರು? ಕಪಿಲ್ ಸಿಬಲ್ ಗೆ ಆರ್ಥಿಕವಾಗಿ ಸಹಾಯ ಮಾಡುತ್ತಿದ್ದಾರೆ,angry
ನನ್ನ ಮನಸ್ಸಿನಲ್ಲಿ ಸಂಗ್ರಹವಾಗಿರುವ ಎಷ್ಟೋ ವಿಷಯಗಳನ್ನು ಬರೆಯದಂತೆ ನಾನು ಯಾವಾಗಲೂ ತಡೆಯುತ್ತೇನೆ.,sad
ಹಿಂಗಾರು ಮಳೆಯಿಂದ ಭತ್ತದ ಬೆಳೆಗೆ ಆಗಿರುವ ಹಾನಿಗೆ ಪರಿಹಾರ ನೀಡುವುದು.,sad
ಅಗತ್ಯ ಕ್ರಮಕ್ಕಾಗಿ ಥಾಣೆ ನಗರದ ಸಂಚಾರ ನಿಯಂತ್ರಣ ಕೊಠಡಿಗೆ ನಿಮ್ಮ ಮಾಹಿತಿಯನ್ನು ತಿಳಿಸಲಾಗಿದೆ.,neutral
ಇವೆಲ್ಲ ಹಳದಿ! ಇಂದು ನಿಲ್ದಾಣದಲ್ಲಿ ಮಿನಿ ಜೆಜುರಿ ಆಯೋಜಿಸಲಾಗುವುದು!,happy
ಎಸ್ಟಿ ವಿಲೀನ ಘೋಷಣೆ ಯಾವಾಗ ಸಾರ್ ?? ಈಗ ನಿರ್ಧಾರ ನಿಮ್ಮ ಕೈಯಲ್ಲಿದೆ.,neutral
ದಯವಿಟ್ಟು ಈ ವಿನಂತಿಯನ್ನು ಪರಿಗಣಿಸಿ...ಜೈ ಶ್ರೀ ರಾಮ್!!,neutral
"ಈಗ ಪಕ್ಷದ ನಾಯಕರು ರಾಜ್ ಸಾಹೇಬ್, ಪವಾರ್ ಸಾಹೇಬ್ ಅಥವಾ ಫಡ್ನವೀಸ್ ಸಾಹೇಬ್ ಯಾರಿಗೆ ಧನ್ಯವಾದ ಹೇಳುತ್ತಾರೆ?",neutral
ಅಭ್ಯರ್ಥಿಗಳು ನೀಡಲಿದ್ದಾರೆಯೇ?,neutral
ಭರತರಾಮಂತಿ ಯಾತ್ರೆಯು ಎಲ್ಲಾ ತೀರ್ಥಕ್ಷೇತ್ರಗಳಲ್ಲಿ ನಡೆಯುತ್ತದೆ ಎಂದು ತೋರುತ್ತದೆ,neutral
ಬಾಳಾ ಸಾಹೇಬರು ಕಟ್ಟಾ ಹಿರಿಯ ಶಿವಸೈನಿಕರು.,happy
ಅಂತಹ ಒಳ್ಳೆಯ ಸುದ್ದಿ ಆದರೆ ಆ ಸಾಲು ಗಮನ ಸೆಳೆಯುತ್ತಿತ್ತು,happy
ದೇಶೀಯ ಎಲ್‌ಪಿಜಿಯ ಈ ಪ್ರಸ್ತಾವನೆಗೆ ಕೇಂದ್ರ ಸಚಿವ ಸಂಪುಟ ಅನುಮೋದನೆ ನೀಡಿದೆ,neutral
"ಎತ್ತುಗಳನ್ನು ಗಾಡಿಗೆ ಕಟ್ಟುವುದು ಅಸಹಜ ಮತ್ತು ಕ್ರೌರ್ಯ, ಆದ್ದರಿಂದ ಹಿಂಡನ್ನು ಕಾಲ್ನಡಿಗೆಯಲ್ಲಿ ಮುನ್ನಡೆಸುವುದು ಉತ್ತಮ.",angry
"ಸಹಜ ಯೋಗ ಶೋಭಾ ಯಾತ್ರೆ, ಇಂದ್ರಿ (ಕರ್ನಾಲ್) ಡಿಸೆಂಬರ್:",neutral
ಇಂದು ಭಾನುವಾರ ಇಂಗ್ಲಿಷ್‌ನಲ್ಲಿ ಏಕೆ?,neutral
ಮನೆಯಲ್ಲಿ ಕುಳಿತುಕೊಳ್ಳುವುದರ ಅರ್ಥವೇನು?,neutral
ನಿಜವಾದ ದೀಪಾವಳಿ ಅವರ ಕೈಯಲ್ಲಿದೆ,happy
"ಯೋಗಿ ರಾಜ್ ಇದನ್ನು ಹೇಗೆ ಮಾಡಿದರು, ಮಹಾರಾಷ್ಟ್ರದಲ್ಲಿ ಹಂಟರ್ ನಂತಹ ಆಕ್ಷನ್ ಏಕೆ ನಡೆಯುತ್ತಿಲ್ಲ?",angry
ಇದು ವಾಸ್ತವವಾಗಿ ಪ್ರಾರಂಭವಾಗುವುದಿಲ್ಲ. ನೀವು ಕಾಯುತ್ತಿರುವ ದಿನವಿದು,happy
ಇದು ದಿಲ್ವಾಲೆ ಅಜಯ್ ದೇವಗನ್ ಅವರದ್ದು,neutral
ಶ್ರೀ ಗಣೇಶ ಯಾವಾಗ ಸಮೃದ್ಧಿಯಾಗುತ್ತಾನೆ? .. .//,neutral
ಅವಳು ವಿದೇಶದಲ್ಲಿ ಓದುತ್ತಿರುವುದರಿಂದ,neutral
ಟೇಪ್ ಅರ್ಧದಷ್ಟು ಮುಗಿದಂತೆ ತೋರುತ್ತಿದೆ. ದಯವಿಟ್ಟು ಕೊನೆಯವರೆಗೂ ಲಿಂಕ್ ನೀಡಿ.,neutral
ರಾಷ್ಟ್ರಪತಿ ದ್ರೌಪದಿ ಮುರ್ಮು ಇಂದಿನಿಂದ ಮೂರು ದಿನಗಳ ತ್ರಿಪುರಾ ಮತ್ತು ಅಸ್ಸಾಂ ಪ್ರವಾಸದಲ್ಲಿದ್ದಾರೆ.,neutral
ಹಣದುಬ್ಬರ ಹೆಚ್ಚಾಗದಿದ್ದರೆ ನಿಮ್ಮ ಸಂಬಳ ಕಡಿಮೆ...,sad
ಈ ಹುಡುಗ ಮೂರನೇ ವ್ಯಕ್ತಿಯಾಗುತ್ತಾನೆ!,happy
"ನನಗೇನೂ ಗೊತ್ತಿಲ್ಲ, ಈಗ ನೋಡುತ್ತಿರುವ ನನಗೆ ಅದರ ಬಗ್ಗೆ ಏನೂ ತಿಳಿದಿಲ್ಲ.",happy
ಇಂದಿನಿಂದ ಉದ್ಧವ್ ಠಾಕ್ರೆ ಜನರಿಗೆ ಹೇಳಲಿದ್ದಾರೆ: 'ಬಾಳಾ ಸಾಹೇಬರ ಶಿವಸೇನೆಯನ್ನು ಸೋಲಿಸಲು ನಾವು ಬಯಸುತ್ತೇವೆ ಎಂಬುದನ್ನು ಎಲ್ಲರೂ ನೆನಪಿಟ್ಟುಕೊಳ್ಳಬೇಕು.,angry
". ಅವನ ಕೂದಲು ಕೂಡ ಡ್ಯಾಂಡಿಯಾಗಿರುವುದಿಲ್ಲ, ಅವನು ಶಂಖದ ಕಿವಿಯೋಲೆಯನ್ನು ಧರಿಸಿದ್ದಾನೆ.",happy
"ಅಲ್ಲಿ ಕನಿಷ್ಠ ಆಯ್ಕೆ ಇದೆ, ನಮ್ಮಂತೆ ಅಲ್ಲ",angry
ಇದು ಒಂದು...,neutral
ನಿಮ್ಮ ನಗರದಲ್ಲಿರುವ ಇಂಜಿನಿಯರ್‌ನ ಹೆಸರು ಮತ್ತು ಸಂಖ್ಯೆಯನ್ನು ನಾನು ಹೊಂದಬಹುದೇ?,neutral
ಗಮನಿಸಿ- ಕಾಗುಣಿತಕ್ಕೆ ತಿದ್ದುಪಡಿ ಅಗತ್ಯವಿದೆ! ಉಳಿದ ಪ್ರಬಂಧ ಚೆನ್ನಾಗಿದೆ.,neutral
ನೀವು ಟ್ವಿಟ್ಟರ್ ಅನ್ನು ತೊರೆದರೂ ಅದು ಈಗ ಕಾರ್ಯನಿರ್ವಹಿಸುತ್ತದೆ,neutral
ನಿಮ್ಮ ಮನೆಯಲ್ಲಿ ರಾಧಾ-ಕೃಷ್ಣರ ವಿಗ್ರಹವನ್ನು ಇರಿಸಿದರೆ ನೀವು ಈ ವಾಸ್ತು ನಿಯಮಗಳನ್ನು ಪಾಲಿಸಬೇಕು.,neutral
ಹೆಚ್ಚು ಹಣವನ್ನು ಗಳಿಸುವುದಕ್ಕಿಂತ ನೀವು ಗಳಿಸುವ ಹಣವನ್ನು ಯೋಜಿಸುವುದು ಮುಖ್ಯವಾಗಿದೆ.,neutral
ಚೆಂಡು ಸ್ವಲ್ಪ ಬೀಳಬೇಕಿತ್ತು,neutral
ಶಿಂಧೆ ಬಣಕ್ಕೆ ರಿಲೀಫ್ ಎಂದರೆ ಚುನಾವಣಾ ಆಯೋಗ ಶಿಂಧೆ ಬಣ ನಿರ್ವಹಣೆ ಮಾಡುತ್ತಿದೆಯೇ?,angry
ಇದನ್ನೇ ನೀವು ವಿಷ ಎನ್ನುತ್ತೀರಾ ??,neutral
ಶಕ್ತಿ ಎಂದರೆ ಶಕ್ತಿ,neutral
"ಇಷ್ಟೆಲ್ಲ ನಿಜವಾಗಿದ್ದರೂ ದೇವಾನುದೇವತೆಗಳ ಹುಟ್ಟು, ಮಕ್ಕಳ ಕಾಲಕ್ಷೇಪ ಇತ್ಯಾದಿ ಕಥೆಗಳೇ ಇಲ್ಲದಿರುವುದಕ್ಕೆ ಕಾರಣವೇನು?",happy
ನಾನಾ ಈಗ ಚೆನ್ನಾಗಿದೆ ಎಂದುಕೊಳ್ಳೋಣ.. ಸ್ವಲ್ಪ ಚೆಕ್ ಮಾಡೋಣ,neutral
"ಜೈದೀಪ್ ಠಾಕ್ರೆ ಇದ್ದಾರೆ, ಜೈದೀಪ್ ಜೊತೆಗೆ ಅವರ ಚಿಕ್ಕಪ್ಪ ಉದ್ಧವ್ ಜಿ ಠಾಕ್ರೆ ಕೂಡ ಇದ್ದಾರೆ.",neutral
ಯೌವನದ ಭೂಷಣವಾದ 'ಟ್ಯಾಟೂ'; ವರ್ಣಮಯ... ./ ?,neutral
ಈಗ ಮಾನಸಪುತ್ರನನ್ನು ಇಲ್ಲಿಗೆ ಏಕೆ ತರುತ್ತೀರಿ?,angry
ಸ್ಲಟ್ ಬಾನಾಬಾಯಿ ಬಾಗಿ ಬಾಗುತ್ತಾಳೆ ... ಮಲಗುತ್ತಾಳೆ ಆದರೆ ...,angry
ಈ ಚಿತ್ರ ಯಾವಾಗ ನಿಜವಾಗುತ್ತದೆ... ಮತ್ತು ಹೇಗೆ...ಒಂದು ಅಂದಾಜು...ನೋಡೋಣ...,happy
"ಅವರು ಅದನ್ನು ಏಕೆ ಧರಿಸುತ್ತಾರೆ, ಅದು ಅವರಿಗೆ ಮಾತ್ರ ಪ್ರಯೋಜನವನ್ನು ನೀಡುತ್ತದೆ",angry
"ಸರ್ ಅವರಿಗೂ ಕೆಲವು ಸಂಬಂಧಿಕರಿದ್ದಾರೆ, ಏಕೆ?",angry
ಮತ್ತು ಜೈಲು ಪ್ರಯಾಣ ಉಚಿತವಾಗಿರುತ್ತದೆ,angry
ಸರ್ಕಾರಕ್ಕೆ ಅಧಿಕಾರ ಇದೆಯೇ?,neutral
ಬ್ರಿಟಿಷರ ಅವಧಿಯನ್ನು ಹೊರತುಪಡಿಸಿ ಎಲ್ಲವನ್ನೂ ಬಳಸಲಾಗುತ್ತದೆ. ಇನ್ನೂ ಹಲವು ಸಂಗ್ರಹದಲ್ಲಿವೆ,neutral
ಕಟುಕನ ಬಳಿಗೆ ಹೋಗು ಆದರೆ ಮನೆಯಲ್ಲಿ ಗಲಾಟೆ ಮಾಡಬೇಡ,neutral
ಅವರು ಯಾರೆಂದು ನಿಮಗೆ ತಿಳಿದಿದೆಯೇ?,neutral
",, ವಾಡೋ ಮೀ ಅನುಪಾತವು,,",neutral
ಥೈರಾಯ್ಡ್ ಅನ್ನು ತಪ್ಪಿಸಲು ಈ ಕ್ರಮಗಳನ್ನು ಅಳವಡಿಸಿಕೊಳ್ಳಿ,neutral
ಶಿಂಧೆ ಸಾಹೇಬರು ಜನಕಲ್ಯಾಣ ನಿರ್ಧಾರ ಕೈಗೊಂಡಿದ್ದಾರೆ,happy
ಇದು ಯಾವ ರೀತಿಯ ಸೌಕರ್ಯ?,angry
ಅಂಬಾದಾಸ್ ಮೂರು ದಿನಗಳಿಂದ ಜಲೀಲ್ ಅವರ ಕಾಲುಗಳನ್ನು ಹಿಡಿದುಕೊಂಡು ಕುಳಿತಿದ್ದಾರೆ.,sad
"ಕಿಟಕಿಯಿಂದ ಇಣುಕಿದ ನಂತರ ಅವನು ಸ್ವಲ್ಪ ಜಾಗರೂಕನಾದನು, ಅವನ ಮನಸ್ಸಿನ ಬಾಗಿಲಲ್ಲಿ ಬಿರುಗಾಳಿಗಳು ಘರ್ಜಿಸುತ್ತಿದ್ದವು.",fear
ಎಲ್ಲಾ ನಾಲ್ಕು ಸ್ಥಾಪಿತ ಪಕ್ಷಗಳು ಈ ಮೇಡಮ್‌ಗೆ ಕಾರಣವಾಗಿವೆ,angry
ನನಗೂ.. ಗೋಕರ್ಣದ ಮಹಾಗಣಪತಿ ಅಲ್ಲಿಂದ ತುಂಬಾ ಹತ್ತಿರ..,happy
ಇದು ನನಗಾಗಿ ಎಂದು ನಾನು ಭಾವಿಸಿದೆ,happy
ಮತ್ತು ಪ್ರೀತಿ ಮಾಡಬೇಕೋ ಮಾಡಬಾರದೋ ಏನೋ...!,neutral
ಆದರೆ ಇಷ್ಟು ಮಳೆ ಸುರಿದಾಗ ಯಾವ ಕ್ರಮ ಕೈಗೊಳ್ಳಬೇಕು ಎಂಬುದನ್ನು ನಗರಸಭೆ ನಿರ್ಧರಿಸಬೇಕಿದೆ.,neutral
ಈಗ ನಿಮಗೆ ಎಲ್ಲವೂ ಬೇಕಾಗುತ್ತದೆ.,neutral
ನಾನೇ ಈ ವೀಡಿಯೋ ನೋಡುತ್ತಿದ್ದೆ ಮತ್ತು ಸುಮ್ಮನೆ ಕೇಳುತ್ತಿದ್ದೆ.,neutral
"ಸಮುದ್ರಕ್ಕೆ ನುಗ್ಗಿದ ಹೆಂಡತಿಯಿಂದ ಧ್ವನಿ ಸಂದೇಶ ಬಂದಿತು; ""ರವಿ ಜೊತೆ ನಾನು ಖುಷಿಯಾಗಿದ್ದೇನೆ""...",sad
ಅವರು ಇನ್ನೂ ಉಪಚುನಾವಣೆಗೆ ಹೋಗಿಲ್ಲವೇ?,neutral
ದೇವರ ಶಿಸಾಮ ಅವರದೇ?,neutral
ಚುನಾವಣೆಗಳು ಯಾವುವು?,neutral
"ಅಧಿಕೃತ ಮರುಮಾರಾಟಗಾರ ಈಗ ಸರ್ಕ್ಯುಲರ್ ರಸ್ತೆ ಸಾಂಗ್ವಾನ್ ಚೌಕ್, ದಬ್ವಾಲಿ ರಸ್ತೆಯಲ್ಲಿ ತೆರೆಯಲಾಗಿದೆ",neutral
ರಾಜ್ಯ ಗೃಹ ಸಚಿವರು ಹಾಗೂ ಕೇಂದ್ರ ಗೃಹ ಸಚಿವರು ರಾಜೀನಾಮೆ ನೀಡಬೇಕು.,angry
ಅಜ್ಜ ಸ್ವತಂತ್ರರಾಗಿದ್ದರು,neutral
ಇದನ್ನು ಅವರು ನಮಗೆ ನೀಡುವುದಿಲ್ಲ.,angry
"ಹನುಮಂತನು ಚಾಲೀಸಾವನ್ನು ವಿರೋಧಿಸುತ್ತಿದ್ದರಿಂದ, ಭಗವಾನ್ ರಾಮನು ಅಂತಿಮವಾಗಿ ಬಿಲ್ಲು ಮತ್ತು ಬಾಣಗಳನ್ನು ತೆಗೆದುಕೊಂಡನು.",angry
ನಿಜವಾಗಿ ಒಬ್ಬನು ತನ್ನ ಮನಸ್ಸನ್ನು ರಕ್ಷಿಸಿಕೊಳ್ಳಲು ಶಕ್ತರಾಗಿರಬೇಕು...ಯಾವಾಗಲೂ ಇತರರ ಮೇಲೆ ಹೇಗೆ ಅವಲಂಬಿತರಾಗಬಹುದು..!,sad
ಕಾಂಗ್ರೆಸ್ ನಾಯಕ. ರಾಹುಲ್ ಗಾಂಧಿಯವರ ಭಾರತ ಭೇಟಿಯ ಇಂದಿನ ನೋಟ.,neutral
ಟಾರ್ಚ್ ಕೂಡ ಹೋಗಿದೆ...,sad
ತೈ ಅವರ ಇಂದಿನ ಟ್ವೀಟ್ ಸಹೋದರ ಮತ್ತು ಅಜ್ಜನಿಗೆ ಸಮರ್ಪಿಸಲಾಗಿದೆ.,neutral
ಇದು ಎಂಎನ್‌ಎಸ್‌ನ ಬಿಜೆಪಿ ಶಾಸಕರ ಶರಣಾಗತಿ.,angry
ಹೌದು ಪುಣೆ ಜಿಲ್ಲೆ ಎಲ್ಲಿಂದ ಬಂತು ಅಂತ ನನಗೆ ಗೊತ್ತು,neutral
ಮಳೆ ಮತ್ತು ಉಕ್ಕಿ ಹರಿಯುವ ನೀರಿನ ಮೇಲೆ ಕ್ರಮ ಕೈಗೊಳ್ಳುವ ಹಕ್ಕು ನಗರಸಭೆಗೆ ಇದೆಯೇ?,neutral
"ದಾದಾ, ಶಿವರಾಯ್ ಮತ್ತು ಬಾಜಿ ಪ್ರಭು ನಡುವೆ ಜಗಳವಾಗಿದೆಯೇ? ಇತಿಹಾಸದಲ್ಲಿ ಇದರ ಉಲ್ಲೇಖವಿದೆಯೇ?",neutral
ಬಾಳಾ ಸಾಹೇಬರು ಇದ್ದಿದ್ದರೆ ಈ ಚಿತ್ರವನ್ನು ನೋಡಲಾಗುತ್ತಿರಲಿಲ್ಲ.,sad
ಮತ್ತು ಸೃಷ್ಟಿಯನ್ನು ಸಹ ಪ್ರೋತ್ಸಾಹಿಸಲಾಗುತ್ತದೆ.,neutral
ಅತುಲ್ ಪಾಟೀಲ್,neutral
ಪ್ರೀತಿಯಿಂದ ಕರೆದರೆ ಅವಮಾನ ಎಲ್ಲಿಂದ ಬಂತು??,angry
ಸೆಪ್ಟೆಂಬರ್‌ನಲ್ಲಿ ನಡೆಯಲಿರುವ ಮಹಾರಾಷ್ಟ್ರದ ಅಧಿಕಾರದ ಹೋರಾಟದ ವಿಚಾರಣೆ: ಸಂವಿಧಾನ ಪೀಠ ಯಾವ ನಿರ್ಧಾರ ತೆಗೆದುಕೊಳ್ಳುತ್ತದೆ? –,neutral
ಶಾಲಾ ಶಿಕ್ಷಣ ಸಚಿವರು ತಮ್ಮ ಇಲಾಖೆಯ ಮೂಲಕ ಶೈಕ್ಷಣಿಕ ಕ್ರಾಂತಿಯನ್ನು ತರಲು ದೊಡ್ಡ ಸವಾಲನ್ನು ಎದುರಿಸುತ್ತಿದ್ದಾರೆ...,neutral
ಸಾರ್ವಜನಿಕರ ಸ್ಪಷ್ಟ ಮತ ಬಿಜೆಪಿ.,happy
ಈ ಹರಡುವ ಪ್ರೀತಿಯನ್ನು ನೋಡಿ..,happy
ಅವರು ಎಂದಾದರೂ ಉಳಿಯುತ್ತಾರೆಯೇ?,neutral
ಆದ್ದರಿಂದ ಸ್ಪಷ್ಟವಾಗಿ ಮಾತನಾಡಿ ಮತ್ತು ಜನರು ಬೇರೆ ಯಾವುದೇ ಅರ್ಥ ಅಥವಾ ಕಲ್ಪನೆಯನ್ನು ಊಹಿಸಬಾರದು.,neutral
ಮತ್ತು ಈ ಔಷಧಿಗಳು ಯಾರೊಬ್ಬರ ಬಂದರಿನಲ್ಲಿ ಇಳಿಯುತ್ತವೆ,angry
ಕೊನೆಯ ವಾಕ್ಯ - ಈ ಸಮಯದಲ್ಲಿ ಬಿಳಿಯರನ್ನು ಮಾತ್ರ ನೆಕ್ಕಲಾಗುತ್ತದೆ ಎಂದು ನೀವು ಹೇಳಲು ಬಯಸುವಿರಾ?,angry
ಬಾಳಾ ಸಾಹೇಬರು ಒಬ್ಬರು ಮತ್ತು ಅವರು ಒಬ್ಬ ಠಾಕ್ರೆ,happy
"...ಆದ್ದರಿಂದ ಟಾರ್ಚ್ ಚುನಾವಣಾ ಚಿಹ್ನೆಯ ಮೇಲೆ ಚುನಾವಣೆ ನಡೆಯಿತು, ಛಗನ್ ಭುಜಬಲ್ ಚಿಹ್ನೆಗಳ 'ಆ' ಕಥೆಯನ್ನು ಹೇಳಿದರು!",neutral
ರಾವತಿಯ ಕಾಲದಲ್ಲಿ ನಿನ್ನ ಈ ಹಕ್ಕು ಎಲ್ಲಿ ಹೋಯಿತು?,angry
"ಬಾಸ್, ಸರ್ಕಾರವನ್ನು ಹೊಗಳುತ್ತಲೇ ಇರಿ.",neutral
ರೋಹಿತ್ ಮತ್ತು ವಿರಾಟ್ ನಡುವೆ ಇನ್ನೂ ಭಿನ್ನಾಭಿಪ್ರಾಯಗಳಿವೆಯೇ? ಎಲ್ಲಾ ಪ್ರಶ್ನೆಗಳಿಗೆ ಉತ್ತರಗಳನ್ನು ಪಡೆಯಲು ಈ ವೀಡಿಯೊವನ್ನು ವೀಕ್ಷಿಸಿ,neutral
ಹೇಗಿದ್ದೀಯಾ? ಅವರು ಮನೆಯಿಂದ ಹೊರಡುವಾಗ ಈ ಸುದ್ದಿ ಬಂದಿದೆ.,sad
ನಗಬೇಡ.. ನಾನು ನಕ್ಕು ನಕ್ಕಿದ್ದೆ... ಇಲ್ಲಿಯವರೆಗೆ,happy
ಇವರು ನಮ್ಮ ಕೊಂಕಣದ ಅಧಿಕಾರಿಗಳಾ..?,neutral
ಇಲ್ಲಿಂದ ಬಂದಿದ್ದಾನೋ ನೋಡಿ.,neutral
ಅಲ್ಲಿಯವರೆಗೆ ನೀರಿಲ್ಲದೆ ಇರಬೇಕಾ...,sad
ವಿವರಣೆಯು ಅಸ್ಪಷ್ಟ ಮತ್ತು ಅಸ್ಪಷ್ಟವಾಗಿದೆ.,neutral
ಇಷ್ಟೆಲ್ಲಾ ಆದ ನಂತರವೂ ಶಿವಸೇನೆಯ ಚುನಾವಣಾ ಚಿಹ್ನೆಯನ್ನು ಫ್ರೀಜ್ ಮಾಡಿ ತಮ್ಮ ಗೆಲುವನ್ನು ಘೋಷಣೆ ಮಾಡುತ್ತಿರುವುದು ಯಾಕೆ...???,angry
ಸಿಪಿ ಜೋಶಿ ಅವರು ರಾಜಸ್ಥಾನದ ಮುಖ್ಯಮಂತ್ರಿಯಾಗಲಿದ್ದಾರೆ ಎಂದು ಬರೆಯಿರಿ.,neutral
ಅದಕ್ಕಾಗಿಯೇ ನಾನು ಒಳಗೆ ಹೋಗುವುದಿಲ್ಲ,neutral
ನಿನಗೆ ಕೇಸ್ ಸಿಗಲಿಲ್ಲವಾ... ನೀನು ಉಫ್ ಎಂಬ ಲಾಯರ್,angry
ಮೆಹಬೂಬಾ ಮುಫ್ತಿ ನಿಮ್ಮ ಸಹೋದರಿಯೇ?,angry
ಇಂದು ಸರಸ್ವತಿ ಮಾತೆಯ ಹೇಳಿಕೆಯನ್ನು ಅರಿತುಕೊಳ್ಳಲು ತಂದೆ ಛಗನ್ ಭುಜಬಲ್ ಮನವಿ...ಜೈ ಶ್ರೀ ರಾಮ್!!,happy
ಇದು ಕೆಲಸ ಮಾಡಿದೆಯೋ ಇಲ್ಲವೋ?,neutral
"ಅಲ್ಲಿಂದ ತರುವಾಗ ಏನೂ ತೋಚಲಿಲ್ಲ, ಹೆಸರಿಡುವಾಗ ಯಾಕೆ ಕೇಳುತ್ತೀರಿ?",angry
ನಿಮಗೆ ಗೊತ್ತಿಲ್ಲವೇ?,neutral
ಸ್ವರಾಜ್ಯ ಸಂಘವನ್ನು ವಿದರ್ಭದಲ್ಲಿಯೂ ಪ್ರಚಾರ ಮಾಡಬೇಕು ಎಂದು ವಿನಂತಿಸಲಾಗಿದೆ.,neutral
"""ಹಿಂದಿನದನ್ನು ಬದಲಾಯಿಸಲು ಅಥವಾ ಭವಿಷ್ಯವನ್ನು ಧನಾತ್ಮಕವಾಗಿ ಪ್ರಭಾವಿಸಲು ನಾನು ಇದೀಗ ಏನಾದರೂ ಮಾಡಬಹುದೇ?""",neutral
ಗ್ರಾಮೀಣ ವಿದ್ಯಾರ್ಥಿಗಳಿಗೆ ಕೆಂಪು ಬಸ್ ಸೌಲಭ್ಯ ಒದಗಿಸಿ./?=...,neutral
ಶಿಂಧೆಯಿಂದ ಎಲ್ಲವನ್ನೂ ಕಿತ್ತುಕೊಂಡ ಈ ನಾಯಕ..! ಮಹಾರಾಷ್ಟ್ರದಲ್ಲಿ ಈ ಭಾಷಣದ ಚರ್ಚೆ! ...,happy
ಇಂದು ಮಧ್ಯಾಹ್ನ 2.30ರೊಳಗೆ ರಿತುಜಾ ಲಟ್ಕೆ ರಾಜೀನಾಮೆ ಕುರಿತು ನಿರ್ಧಾರ ಕೈಗೊಳ್ಳುವಂತೆ ಕೋರ್ಟ್ ಸೂಚನೆ ನೀಡಿದೆ,neutral
ಇದು ಯಾವ ರೀತಿಯ ಪದ?,happy
ಮಾನ್... ಅವರ ಆದೇಶದ ಮೇರೆಗೆ ಪತ್ರ ಬರೆಯಲಾಗಿದೆ... ಮಾನ್ ಕಸಲಾ... ಈಗ ಆಟ ಮುಗಿದಿದೆ,angry
ಹಾಗಾದ್ರೆ ವಾಗ್ಲೆ ಒಬ್ಬ ಪತ್ರಕರ್ತ ಅಂತಾರೆ????,happy
"ಕೌಶಲ್ ಇನಾಮದಾರ್, ಮೋಹಿತ್ ಕುಂಭೋಜ್, ಸದಾನಂದ್, ರಾಷ್ಟ್ರಭಕ್ತ ಕಾಕಾ ಮುಂತಾದವರ ನಂತರ ಅವರು ಪ್ರಸಿದ್ಧರಾದರು.",angry
ಇದು ಮರಾಠಿ ರಾಜ್ಯದಲ್ಲಿ ಮುನ್ಸಿಪಲ್ ಕಾರ್ಪೊರೇಶನ್ ಆಗಿದೆಯೇ?,neutral
ಇದು ಗುರ್ಗ್ಯಾದಲ್ಲಿ ನಿಜವಾಗಿದೆ ಎಂದು ಚಂದ್ರಕಾಂತ ಖೈರೆ ಹೇಳಿದರು,neutral
ಇದು ಕೆಟ್ಟದಾಗಬೇಕಿತ್ತು.. ಇದು ಹೇಗೆ ಸಾಮಾನ್ಯವಾಯಿತು..,happy
ಇದು ಭವಿಷ್ಯದಲ್ಲಿ ಬಿಜೆಪಿಯ ಸ್ಥಿತಿ,sad
ಈ ಎಣ್ಣೆಯನ್ನು ಯಾವುದೇ ರೀತಿಯ ವ್ಯಕ್ತಿ ಅಥವಾ ಎಲ್ಲರೂ ಸೇವಿಸಬಾರದು,neutral
ಆಶಾ ಪರೇಖ್ ಯಾಕೆ ಮದುವೆಯಾಗಲಿಲ್ಲ?; ಏಕೆಂದರೆ ನಿಮಗೆ ಆಶ್ಚರ್ಯವಾಗುತ್ತದೆ!,happy
ಗೆಲುವು ನಿಮ್ಮದಾಗುತ್ತದೆ,happy
ಮರಾಠಿ ಅಭ್ಯರ್ಥಿಯಾಗಿದ್ದರೆ ಅವರು ವಹಿಸಿದ ಮತದಾನದ ಪಾತ್ರದ ಕಾರಣದಿಂದ ಇಂತಹ ನಿರ್ಧಾರ ತೆಗೆದುಕೊಳ್ಳಲಾಗುತ್ತದೆ.,neutral
ಯಮುನಾ ನದಿಗೆ ಹೋಗೋಣ.,neutral
ಮದುವೆಯಾಗಲು. ಲಾನಿಯನ್ನು ಲಗಾ ಕಾ ಎಂದು ಕರೆಯಲಾಗುತ್ತದೆ,neutral
:ಇದು ಅತ್ಯುತ್ತಮ ಮತ್ತು ಅಪಾಯಕಾರಿ ಆರಂಭಿಕ ಜೋಡಿ ಎಂದು ಹೇಳಲಾಗುತ್ತಿದೆ!,happy
ಅವರ ವಿರುದ್ಧ ಏನು ಕ್ರಮ ಕೈಗೊಳ್ಳುತ್ತಾರೆ ??,angry
ಅಣೆಕಟ್ಟಿನಲ್ಲಿ ನೀರಿಲ್ಲದಿದ್ದರೆ ಬಹುಶಃ ಅಜಿತ್ ಪವಾರ್ ಈ ರೀತಿ ಹೇಳಿರಬಹುದು,neutral
"ಸಹಜವಾಗಿ, ಆದರೆ ಆ ಹೆಸರಿನ ಎಲ್ಲಾ ಯೋಜನೆಗಳಿಗೆ ನೀವು ನಿಮ್ಮ ಸ್ವಂತ ಜೇಬಿನಿಂದ ಪಾವತಿಸಬೇಕಾಗುತ್ತದೆ",angry
ಇದು ಅವರ ತಪ್ಪಲ್ಲ ಬೇರೆಯವರ ತಪ್ಪು.,neutral
"ಎಲ್ಲರೂ ಠಾಕ್ರೆಗಳು, ಆದರೆ ಬಾಳಾ ಸಾಹೇಬರು ಮಾತ್ರ.",happy
ಬೇಕು,neutral
ಎಲ್ಲವೂ ನಿಜ ಆದರೆ ನಿಮಗೆ ಇಲ್ಲಿ ದೀಪಾವಳಿ ರಜೆ ಇದೆಯೇ?,neutral
ಅದು ಲಾಡೋ ಅವನದ್ದೇ?,neutral
"ಓ ನನ್ನ ಪ್ರೀತಿಯ, ಬದುಕಿ, ಬಸವನ ತಿಂದು ಸಹಾರಾದ ಆನೆಗಳಂತೆ ಮಲಗು",neutral
ಕೆಲವು ಬದಲಾವಣೆಗಳೊಂದಿಗೆ ಇದು ನಿಮಗೆ ಅನ್ವಯಿಸುತ್ತದೆ,neutral
ಯಾವುದೇ ನಿರುದ್ಯೋಗಿಗಳಿಗೆ ಹಣದ ಮೌಲ್ಯ ಏನು ಎಂದು ಕೇಳಿ.,neutral
ಮತ್ತು ಈ ಚೀನೀ ಬೆಳಕು ...,neutral
ರಾಜಸ್ಥಾನದ ಮಾಹಿತಿ ನಿಜವೇ?,neutral
ಕಲಾವಿದನ ಪ್ರತಿಯೊಂದು ಕಲಾಕೃತಿಯು ಅವನ ಅಥವಾ ಅವಳ ಹೆಸರನ್ನು ಅದರೊಂದಿಗೆ ಸಂಯೋಜಿಸಬೇಕು.____,neutral
ಇನ್ನೆರಡು ದಿನ ಅವರು ಹೋಗುವುದಿಲ್ಲ,neutral
ನಿಮ್ಮ ತಂದೆ ಯಾರೆಂದು ನೀವು ಕಂಡುಹಿಡಿಯಬೇಕು,neutral
ರಾಜಕೀಯ ವ್ಯವಸ್ಥೆ ಬದಲಾಗುತ್ತೆ ಅಂತ ನಂಬಿ... ಪುಣೆಯಿಂದ ಶುರುವಾಗುತ್ತೆ.,neutral
ಏಕೆ ವಸಂತ?,neutral
ನಾನು ಮೊದಲು ಅವರ ಹಳ್ಳಿಗೆ ಹೋಗುತ್ತೇನೆ,neutral
ನಾನು ಇದನ್ನು ಅವಮಾನಿಸಲು ಬರೆದಿಲ್ಲ,neutral
ಅಜ್ಜ ಶಿರಡಿಯಲ್ಲಿರುವ ಸಾಯಿಬಾಬಾರವರ ಕಾಣಿಕೆ ಪೆಟ್ಟಿಗೆಯ ಉದ್ದ ಅಗಲವನ್ನು ಹೋಗಿ ನೋಡು ಎಂದರು.,neutral
"ತೈ, ​​ಉತ್ತರಿಸಬೇಡ,' ಎಂದು ತೋರುತ್ತದೆ ... ಅಂತಿಮವಾಗಿ ... ಭಕ್ತಾಯೈ ನಮಃ ಮಾತ್ರ ಮಾಡುತ್ತದೆ.",neutral
"ನಿಮ್ಮ ಕರ್ತವ್ಯವನ್ನು ನಿರ್ವಹಿಸಿ, ನಿಮ್ಮ ಮಗುವಿಗೆ ಲಸಿಕೆ ಹಾಕಿ. ಕಾಯಬೇಡ! ಕಾಮೆಂಟರಿ ಸರಿಯಾಗಿದೆ.",neutral
ಓಹ್! ಏನು,happy
ಇಂದು ಶಾಂತತಾಯಿ ಅವರ ಜನ್ಮಶತಮಾನೋತ್ಸವ.,neutral
ಪುಣೆಯ ಜನಸಂಖ್ಯೆಯು ಲಕ್ಷಗಳಲ್ಲಿದೆ ಮತ್ತು ಕಿಕ್ಕಿರಿದು ತುಂಬಿದೆ,neutral
ಇಂದು ನಮ್ಮ ಆಲೋಚನೆಗಳು ಮತ್ತು ಇಂದಿನ ನಮ್ಮ ಕ್ರಿಯೆಗಳು ನಾಳೆ ನಮ್ಮ ಭವಿಷ್ಯ..!,neutral
ಗ್ರಹ ಮಂತ್ರಿ ಇದ್ದಾನಾ?,neutral
ಒಳ್ಳೆ ತಿಂಡಿ ತಿನ್ನೋಣ.. ಮಟ್ಕಾ ಕುಲ್ಫಿ ಕೂಡ ತಿನ್ನೋಣ,happy
ರಾಜಕೀಯ ನಾಯಕರಂತೆ ಸರ್ಕಾರಿ ಅಧಿಕಾರಿಗಳು ಮತ್ತು ನೌಕರರನ್ನೂ ತನಿಖೆಗೆ ಒಳಪಡಿಸಬೇಕೇ?,angry
ಇದೊಂದೇ ಪರಿಹಾರ,neutral
ಮನೆಯವರು ನಿಮ್ಮನ್ನು ನೋಡಿದ್ದಾರೆಯೇ?,neutral
ನಿಮ್ಮ ಪ್ರಕಾರ ಸಾಲ ಮಾಡ್ತೀರಾ?,neutral
ಅವರು ಮದ್ಯಪಾನ ಮಾಡುವುದಿಲ್ಲ ಎಂದು ಲೇಖಕರು ಹೇಳುತ್ತಾರೆ,neutral
"ಒಬ್ಬ ವ್ಯಕ್ತಿಯನ್ನು ಬುದ್ಧಿವಂತನನ್ನಾಗಿ ಮಾಡುವ ಎರಡು ವಿಷಯಗಳಿವೆ, ಒಂದು ಅವನು ಓದುವ ಪುಸ್ತಕಗಳು ಮತ್ತು ಇನ್ನೊಂದು ಅವನು ಭೇಟಿಯಾಗುವ ವ್ಯಕ್ತಿಗಳು...",neutral
ನಮ್ಮೊಳಗಿನ ಭಯವೇ ದೇವರನ್ನು ಹುಟ್ಟು ಹಾಕುತ್ತದೆ.,neutral
ನನ್ನ ಜ್ಞಾನದ ಪ್ರಕಾರ ವಲ್ಕನ್ ಪದವು ಕೊಲ್ಲಾಪುರ ಪ್ರದೇಶದಲ್ಲಿ ಹೆಚ್ಚು ಪ್ರಚಲಿತವಾಗಿದೆ.,neutral
ಈ ದಿನಾಂಕದಂದು ಶಿಂಧೆ ಬಣಕ್ಕೆ ಮತ್ತೊಂದು ಹೊಡೆತ ಬೀಳಲಿದೆಯೇ?,neutral
ಇಂದು ಶುಭಂಕರೋಟಿಯಲ್ಲಿ ಭಾಗವಹಿಸಬಹುದೇ ಎಂದು ಕೇಳಿದರು,neutral
"ಶುಭ ರಾತ್ರಿ, ಹಿಂದೂಗಳೇ. ಗೋಸೇವೆಯೇ ಶ್ರೇಷ್ಠ ಸೇವೆ",happy
ಬಾರಾಮತಿ ಈರುಳ್ಳಿಯ ವಾಸನೆಯ ಬಗ್ಗೆ ನಿಮ್ಮ ಅಭಿಪ್ರಾಯವೇನು?,neutral
ಮತ್ತೊಬ್ಬ ಶಾಶ್ವತ ಭವಿಷ್ಯದ ಪ್ರಧಾನಿ...,angry
ಅದು ಇರಬಹುದು ... ಅದು ಅಲ್ಲ ...,neutral
"ಸ್ಪರ್ಶವು ಇನ್ನೊಬ್ಬರ ಸಹವಾಸವನ್ನು ಆನಂದಿಸುವ ಒಂದು ಮಾರ್ಗವಾಗಿದೆ, ಕಾಮವಲ್ಲ.",neutral
PFI ಸಂಘಟನೆಗೆ ಅರಬ್ ದೇಶಗಳಿಂದ ಹಣ ಸಿಗುತ್ತಿದೆಯೇ? ಚರ್ಚೆಯಲ್ಲಿ ಕಿರಿತ್ ಸೋಮಯ್ಯ ಹೇಳಿಕೆ,neutral
ರಿತುಜಾ ಲಟ್ಕೆಯನ್ನು ಶಿಂಧೆ ಗುಂಪಿಗೆ ಕರೆತರುವ ಯತ್ನ? ಉದಯ್ ಸಮಂತ್ ಸ್ಪಷ್ಟವಾಗಿ ಹೇಳಿದರು; ಅಂಧೇರಿ ಉಪಚುನಾವಣೆಯಲ್ಲಿ...,neutral
ಸಹಕಾರಿ ಸಕ್ಕರೆ ಕಾರ್ಖಾನೆಗಳ ಸಂಸ್ಕರಣಾ ಸಾಮರ್ಥ್ಯ ಹೆಚ್ಚಿಸಲು ಈ ನಿರ್ಧಾರ ಕೈಗೊಳ್ಳಲಾಗಿದೆ.,neutral
ಬಾಳಾ ಸಾಹೇಬರ ಸೋದರಮಾವನ ಬಳಿ ಸೈನ್ಯವಿದೆ,neutral
ದುಲೀಪ್ ಟ್ರೋಫಿಯ ಫೈನಲ್ ಪಂದ್ಯದಲ್ಲಿ ಈ ಘಟನೆ ನಡೆದಿದೆ.,neutral
ಅವನು ತನ್ನ ಸ್ಥಾನಮಾನಕ್ಕೆ ತಕ್ಕಂತೆ ಮಾತನಾಡುತ್ತಾನೆ,angry
ನೀವು ದಶಾವತಾರಿಯಲ್ಲಿ ಕೆಲಸ ಮಾಡಲು ಬಯಸುವಿರಾ?,neutral
ಏಕನಾಥ್ ಶಿಂಧೆ ಫೋಟೋ ಎಲ್ಲಿದೆ?,neutral
"ಒಂಟಿತನ ಮತ್ತೆ ಬರುತ್ತದೆ, ದುಃಖ ಮತ್ತು ಒಂಟಿತನ ...",sad
ನನಗೆ ಸಮಯವಿಲ್ಲ,neutral
ಪೆರಿಯಾರ್ ಬರೆದ ಏನನ್ನಾದರೂ ಸಾಮಾಜಿಕ ಮಟ್ಟದಲ್ಲಿ ಪ್ರತಿದಿನ ಓದಬೇಕು.,happy
ಜನರ ಬೆಂಬಲವಿರುವುದು ಗೌರವ; ಕಾಂಗ್ರೆಸ್ ಅಧ್ಯಕ್ಷ ಸ್ಥಾನದ ಫಲಿತಾಂಶದ ಬಗ್ಗೆ ಶಶಿ ತರೂರ್ ಪ್ರತಿಕ್ರಿಯೆ,happy
ರೋಸರಿ ಮಣಿಗಳನ್ನು ಧರಿಸಬೇಕು ಎಂಬುದು ಸ್ಪಷ್ಟವಾಗಿದೆ,neutral
ಆಗ ಕೇಳುವವನು ಕೇಳುವವನಲ್ಲ ಅಂಕಲ್...,neutral
"ಈ ದೀಪಾವಳಿ ಹಬ್ಬದಂದು ನೀವೆಲ್ಲರೂ ಪ್ರವಾಸಕ್ಕೆ ಹೋಗಬೇಕೆಂದು ಬಯಸುತ್ತೀರಿ, ನಾನು ನನ್ನ ಸ್ನೇಹಿತರೊಂದಿಗೆ ಹರಿದ್ವಾರಕ್ಕೆ ಹೋಗುತ್ತಿದ್ದೇನೆ.",happy
ಇವರೇ ನಿಜವಾದ ಶಿವಸೈನಿಕರು ಶೇ.,angry
ಅಂತಹ ಆಹಾರವನ್ನು ಗೌರವದಿಂದ ಮತ್ತು ಗೌರವದಿಂದ ತಿನ್ನಬೇಕು...!!,happy
ದೀಪಾವಳಿಗೆ ನೀವು ವಾಲೆಟ್ ಪಡೆದಿದ್ದೀರಾ?,happy
ದೀಪಾವಳಿ ಸರ್ ಹೀಗೆ ಮಾಡಬಹುದಾ?,neutral
ಹಾಗಾದರೆ ಅವರು ನಿಜವಾಗಿಯೂ ಯಾರ ಸ್ನೇಹಿತರು?,neutral
ಚಿಕನ್ ಲೆಗ್ ಪೀಸ್ ಖ್ಯಾತಿಯ ಉಲ್ಲಾಸ್ ಕಾಮತೆ ಹಳೆ ಫ್ಯಾಶನ್ನಾ?,happy
ಶೂರ್ಪನಖಾ ಎಲ್ಲೆಲ್ಲೂ ಮತ್ತೆ ಮತ್ತೆ ಕಾಣಿಸುತ್ತಾಳೆ...ಆದರೆ ಯಾವ ಲಕ್ಷ್ಮಣನೂ ಧೈರ್ಯ ಮಾಡುವುದಿಲ್ಲ.,angry
ಯಾವುದೇ ಮಾರ್ಗವಿಲ್ಲ. ಆದರೆ ಅವುಗಳನ್ನು ಮುಚ್ಚಲು ಯಾವುದೇ ಕಾನೂನು ಮಾರ್ಗಗಳಿವೆಯೇ? ಯಾರು ಕಾನೂನು ಸಲಹೆ ನೀಡುತ್ತಾರೆ?,neutral
ಮೊದಲು ಪೆಟ್ರೋಲ್ ದರದ ಹೇಳಿಕೆ ಮತ್ತು ಈಗ ಮಳೆಯ ಬಗ್ಗೆ ಈ ಹೇಳಿಕೆ! ಅಂದರೆ ಅದೇ ಶಕ್ತಿ!,angry
ಇದು ಹೇಗೆ ನಡೆಯುತ್ತಿದೆ ಎಂದು ಅಕ್ಕಿ ಕಳ್ಳನನ್ನು ಕೇಳಿ.,angry
"ಭಾಷೆ ಏನು, ಸಂಸ್ಕೃತಿ ಏನು, ಎಲ್ಲದರ ಗುಣಮಟ್ಟ ಏನು",angry
ಮಾನಸಿಕ ಆರೋಗ್ಯಕ್ಕೆ ಆದ್ಯತೆ ನೀಡಬೇಕು: ಡಾ.ಅತುಲ್ ಕ್ಲೌಡ್ಸ್,neutral
ಮನಮೋಹನ್ ಸಿಂಗ್ ಅವರ ಮೊದಲ ಪದವಿ.,neutral
ನಮ್ಮ ರೈತರ ಹಕ್ಕುಗಳಿಗಾಗಿ ನಾವಿದ್ದೇವೆ,neutral
ಅನಿಕೇತ್ ಶಾಸ್ತ್ರಿ ಈಗ ಠಾಕ್ರೆ ಸಮೂಹದ ಉಪಾಧ್ಯಕ್ಷರಾಗಲಿದ್ದಾರೆ.,neutral
ಒಂದೇ ಕ್ಷೇತ್ರದಲ್ಲಿ ಹಲವು ಬಾರಿ ಚುನಾವಣೆ ನಡೆದರೆ ಏನು ಬದಲಾವಣೆ? ದಯವಿಟ್ಟು ಇದನ್ನು ನನಗೆ ತೋರಿಸಿ...,neutral
ಇತ್ತೀಚಿನ ಮಳೆಯಿಂದಾಗಿ ಪುಣೆಯ ಟ್ಯಾಪ್ ಸ್ಟಾಪ್ ಪ್ರದೇಶವನ್ನು ರಿವರ್ ಸ್ಟಾಪ್ ಎಂದು ಮರುನಾಮಕರಣ ಮಾಡಲಾಗಿದೆ!!,happy
"ಆದರೆ, ಬಾಪು ಸತ್ಯವನ್ನು ಬಳಸುತ್ತಿದ್ದಾರೆ ಎಂದು ಓದಿದ್ದೆ.",happy
ಇನ್ನು ಪಂದ್ಯ ಕೈಯಲ್ಲಿರುವಾಗಲೇ ಸರಣಿ ಗೆದ್ದಿದೆ ಎಂದು ಹೇಳಲು ಬಯಸುವಿರಾ?,happy
.......ಪಕ್ಷ ನಿಷ್ಠೆ ಎನ್ನುವುದು ವಿಶೇಷಣವಾಗಿ ಉಳಿಯುತ್ತದೆ,neutral
ಈ ಹಿಂದಿನ ಉಪಚುನಾವಣೆಯಲ್ಲಿ ನಿಮ್ಮ ಸರ್ ಏಕೆ ಪತ್ರ ಕಳುಹಿಸಲಿಲ್ಲ?,angry
ಪುಣೆ ಜಿಮ್‌ನಲ್ಲಿ ಬೋರ್ಡ್./_,neutral
ಸಂಭಾಜಿ ನಗರ ಸಚಿವರಾಗಿದ್ದಾಗ ಅತಿವೃಷ್ಟಿಯಿಂದ ದೂರವಿಟ್ಟಿದ್ದು ಏಕೆ?,angry
ನೀವು ಡಬ್ಬಿಂಗ್ ಸ್ಟುಡಿಯೋದಲ್ಲಿ ಇದ್ದೀರಾ??,neutral
ಮೂರೂವರೆ ಜಿಲ್ಲೆಗಳು ನಾಲ್ಕಕ್ಕಿಂತ ಕಡಿಮೆ.,neutral
"ನಾನು ಬಿಜೆಪಿ ಸೇರುವುದಿಲ್ಲ, ಎನ್‌ಸಿಪಿಯಲ್ಲೇ ಇರುತ್ತೇನೆ - ಏಕನಾಥ್ ಖಡ್ಸೆ",happy
ಲೈ ಹಾಸ್ಲೋ ರಾವ್... ಮೊದಲು ಓದುವಾಗ ಇದನ್ನು ಗಮನಿಸಲಿಲ್ಲ,happy
ದುರುಪಯೋಗಪಡಿಸಿಕೊಂಡ ತೆರಿಗೆ ಖಾತೆಯನ್ನು ಅಮಾನತುಗೊಳಿಸಲಾಗಿದೆ,fear
ಮಲಗುವ ಮುನ್ನ ಹಾಲು ಕುಡಿಯುವುದು ಒಳ್ಳೆಯದೇ?,neutral
ಇದು ರಾಜ್ ಠಾಕ್ರೆಯವರ ಭ್ರಮೆ,angry
"ನೀವು ತಪ್ಪು ಎಂದು, ಮೆಂತ್ಯ ಇಲ್ಲ.",angry
"ಸಾರ್, ನೀವು ಭಾಯಂದರ್‌ಗೆ ಬಂದು ಬಹಳ ದಿನಗಳು ಕಳೆದರೂ ಭೇಟಿಯಾಗಲು ಬಿಡಲಿಲ್ಲ...",sad
ನಿಗದಿತ ದರಗಳೇನು ಎಂಬುದನ್ನು ಪ್ರಕಟಿಸುವ ನಿರೀಕ್ಷೆಯಿದೆ.,neutral
ಕೇತಕಿ ಚಿತಾಳೆ ವಿರುದ್ಧ ಕೇಸು ದಾಖಲಿಸಿದವರು ಯಾರು?,neutral
ಅನೇಕ ರಾಜಕಾರಣಿಗಳು ಪತ್ರಕರ್ತರಿಗೆ ಸಂದರ್ಶನ ನೀಡಲು ನಿರಾಕರಿಸುತ್ತಾರೆ ಎಂಬುದಂತೂ ಸತ್ಯ.,neutral
"ನಿಹಾರ್ ಬಿಹಾರ ಬಿಜೆಪಿ ನಾಯಕರ ಅಳಿಯನಾಗಿದ್ದರೆ, ಅವರು ತಮ್ಮ ಅತ್ತಿಗೆಗೆ ಮಾತ್ರ ಒಲವು ತೋರುತ್ತಾರೆ.",angry
ಆಟಗಾರರ ಕಠಿಣ ಪರಿಶ್ರಮ ಮತ್ತು ವಿಶೇಷ ಮಾರ್ಗದರ್ಶನಕ್ಕಾಗಿ ಈ ಪದಕವನ್ನು ನೀಡಲಾಗುತ್ತದೆ,neutral
"ಮೊದಲ ಪ್ರೀತಿ ಮುಖ ನೋಡಿ, ಎರಡನೇ ಪ್ರೀತಿ ಪಾತ್ರ ನೋಡಿ.",neutral
ಆದಿವಾಸಿ ಬಂಧುಗಳು ಉಪಸ್ಥಿತರಿದ್ದರು.,neutral
ಹಾಗಾದರೆ ಚಿಕ್ಕಮ್ಮ ಕಾರ್ಡ್‌ಗಳನ್ನು ಆಡುತ್ತಾರೆಯೇ?,neutral
"ತಾಯ್, ಫಂಗನ್ವಿಸ್ ನಿಮ್ಮನ್ನು ಮುಖ್ಯಮಂತ್ರಿ ಮಾಡುತ್ತಾರಾ?? ನೀವು ಏನು ಮಾತನಾಡುತ್ತಿದ್ದೀರಿ",angry
"ಮಹಾಶಕ್ತಿಯ ಗುರಾಣಿಯ ಆಚೆ ಅಡಗಿರುವ ದೇಶದ್ರೋಹಿಗಳ ಕತ್ತಿಗಳು ತುಕ್ಕು ಹಿಡಿಯುತ್ತವೆ, ಆದರೆ ತಪ್ಪಿಸಿಕೊಳ್ಳಲು ಯಾವುದೇ ಮಾರ್ಗವಿಲ್ಲ.",angry
"ಸಹೋದರ, ನಿಮಗಾಗಿ... ಈ ಶಾಸಕರು ಬಿಜೆಪಿಯವರು ಮತ್ತು ಸ್ಪೀಕರ್ ಠಾಕ್ರೆ ಗುಂಪಿನವರು...",neutral
"ಮುಂಬೈನಲ್ಲಿರುವ Katya, BEST ಪ್ರಸ್ತುತ ತನ್ನ ಫ್ಲೀಟ್‌ನಲ್ಲಿ ಹಲವಾರು ಎಲೆಕ್ಟ್ರಿಕ್ ಬಸ್‌ಗಳನ್ನು ಹೊಂದಿದೆ.",neutral
ನಿಮ್ಮ ಮನಸ್ಸಿನಲ್ಲಿ ನಿಜವಾಗಿಯೂ ಏನಿದೆ?,neutral
ಏನಾಗಿದೆ,neutral
"ಹೇ ಅತುಲ್, ನಿಮ್ಮ ಮತ್ತು ಬಿಜೆಪಿಯ ಏಕಸ್ವಾಮ್ಯ ಏನು ಎಂಬುದನ್ನು ಮೊದಲು ಸಾಬೀತುಪಡಿಸಿ?",angry
ಆದರೆ ಅಂತರ್ಜಾತಿ ವಿವಾಹ ಏಕೆ ಎಂಬುದು ನನ್ನ ಪ್ರಶ್ನೆ.,neutral
ಪ್ರತಿಯೊಂದು ಸ್ನೇಹಕ್ಕೂ ಒಂದು ಸಂಬಂಧವಿದೆ ಮತ್ತು ಪ್ರತಿ ಸಂಬಂಧಕ್ಕೂ ಸ್ನೇಹವಿದೆ!,happy
ಅರಣ್ಯ ಇಲಾಖೆಯ ಪ್ರಧಾನ ಕಾರ್ಯದರ್ಶಿಯವರ ಉಪಸ್ಥಿತಿಯಲ್ಲಿ ಇಲಾಖಾವಾರು ಪರಿಶೀಲನಾ ಸಭೆಯ ಆಯೋಜನೆ,neutral
ಕರ್ನಾಟಕ ಹಿಜಾಬ್ ನಿಷೇಧ ಪ್ರಕರಣದಲ್ಲಿ ಸುಪ್ರೀಂ ಕೋರ್ಟ್ ನಾಳೆ ತೀರ್ಪು ನೀಡಲಿದೆ,neutral
"ಇಂದಿನಿಂದ ಜ್ಯೋತಿ ಸರಿಯಾಗಿ ಉರಿಯಿತು, ಆದರೆ ಅದಕ್ಕೂ ಮೊದಲು ಅದನ್ನು ನಂದಿಸಲು ಸಿದ್ಧತೆಗಳು ಪ್ರಾರಂಭವಾದವು.",sad
ಇದು ಮೋದಿಯವರಿಗಾಗಿ ಬರೆಯಲಾಗಿದೆಯೇ?,neutral
ಅವರ ಶಾಖೆಯ ವ್ಯವಸ್ಥಾಪಕರಲ್ಲಿ ಎಷ್ಟು ಮಂದಿ ಮರಾಠಿಯಲ್ಲಿ ಸಂವಹನ ನಡೆಸುತ್ತಾರೆ ಎಂಬುದು ಪ್ರತ್ಯೇಕ ಸಂಶೋಧನಾ ವಿಷಯವಾಗಿದೆ.,neutral
ಭಾರತಕ್ಕೆ ಸ್ವಾಗತ ಸಹೋದರ... ಇಷ್ಟು ದಿನ ಎಲ್ಲಿದ್ದಿರಿ...?,happy
"ಅವನು ನೀಲಿ, ಅವನು ಡಂಪಿಂಗ್ ಗ್ರೌಂಡ್‌ಗೆ ಹೋಗಲಿ.",angry
ನೀವು ಭಾರತೀಯ ಜನತಾ ಪಕ್ಷದ ಯಾರನ್ನಾದರೂ ವಿಚಾರಣೆ ಮಾಡಿದ್ದೀರಾ?,neutral
"ಉಶಿವಸೇನೆ ಮತ್ತು ಶಿವಸೇನೆ ಇದನ್ನು ಇಷ್ಟಪಡುತ್ತವೆ, ಇದು ಅನೇಕ ಕುಶಲತೆಗಳನ್ನು ಮಾಡುತ್ತದೆ!!",angry
ಪಾಕಿಸ್ತಾನ್ ಜಿಂದಾಬಾದ್ ಎಂಬ ಘೋಷಣೆ ಕೇಳುತ್ತಿಲ್ಲ. ದಯವಿಟ್ಟು ಧಾರ್ಮಿಕ ಉದ್ವೇಗ ಹೆಚ್ಚಿಸಬೇಡಿ.,neutral
"ಮರಾಠಿಯಲ್ಲಿ ಬರೆಯಿರಿ ಸಹೋದರ, ನನಗೆ ಏನೂ ಅರ್ಥವಾಗುತ್ತಿಲ್ಲ.",neutral
ಅಥವಾ ನೀವು ಏನು ಹಾಡಲು ಹೊರಟಿದ್ದೀರಿ?,neutral
"ರಾಮದಾಸ್ ಅಠವಳೆ ಪ್ರಕಾರ, ಸರ್ಕಾರಿ ನೌಕರರು ನಿಯಮಾನುಸಾರ ರಾಜೀನಾಮೆ ನೀಡಬೇಕು.",neutral
ದಾದಾ ದಯವಿಟ್ಟು ಗಮನ ಕೊಡಿ. ಜನ ಶ್ರೀಗೊಂಡಾಯವನ್ನು ಬರ ಎಂದು ಕರೆಯುತ್ತಿದ್ದಾರೆ.,sad
ಲಕ್ಷ್ಮಣನ ಪಾದ ಅವನದು! ಬಾಬೂಜಿಯವರ ಧ್ವನಿಯಲ್ಲಿ ಈ ಹಾಡನ್ನು ಕೇಳಿ. ಜೈ ಶ್ರೀ ರಾಮ್.,happy
ಅಂತಹ ಸಮಯಗಳು? ಕೇಳಬೇಕು ಎಂದು ಹೇಳುತ್ತಿದ್ದ.,neutral
: ಹಾಗಾಗಿ ಸಿಂಹಘಡ ರಸ್ತೆಯಲ್ಲಿ ನಗರಸಭೆ ಕ್ರಮ ಕೈಗೊಂಡಿತು,neutral
ಕಳೆದ ಬಾರಿ ಪ್ರಕಾಶ್ ಅಂಬೇಡ್ಕರ್ ನಾಂದೇಡ್ ಸೀಟು ಬಯಸಿದ್ದರು,neutral
ಟಾಪರ್ ದಿವ್ಯಾಂಶಿ ಜೈನ್ ಪರೀಕ್ಷೆಗೆ ಹೇಗೆ ತಯಾರಿ ನಡೆಸಿದರು?,neutral
ನಿಮ್ಮ ಕಾರಣ ಇವುಗಳಲ್ಲಿ ಒಂದಾ?,neutral
ನಾವು ಯಾರು? ಅವರು RPI ಅಠವಲೆಯವರ ಪಕ್ಷವೇ?,neutral
ಮರಾಠಿ ಗೊತ್ತಿಲ್ಲದ ಕಾರಣಕ್ಕೆ ಮತಾಂತರ ಮಾಡಿದ್ದೀರಾ?,angry
ಇದನ್ನು ಯಾವಾಗ ಮಾಡಲಾಗುತ್ತದೆ?,neutral
"ನಿಮ್ಮ ಮುಂಬರುವ ವಾರ, ಸಾಪ್ತಾಹಿಕ ಜಾತಕ (ಅಕ್ಟೋಬರ್ ವರೆಗೆ) ತಿಳಿಯಿರಿ",neutral
ಹಾಗಾದರೆ ಹಳ್ಳಿಗೆ ಯಾಕೆ ಹೋಗಿದ್ದೀರಿ ಎಂದು ಕೇಳುತ್ತಿದ್ದೆ,neutral
ಸಂಬಂಧಿಕರು ಎಂದುಕೊಂಡಿದ್ದ ಕಡೆ ಬಿರಿಯಾನಿ ತಿನ್ನಲು ಹೋಗಿದ್ದರು,neutral
ಈಗ ನ್ಯಾಯವೂ ಹಾಗೆಯೇ ಆಗಬೇಕು... ಸುದಮಯ್ಯನಿಗೆ ಈ ದ್ವಾರಕೆ ಸಿಗಬೇಕು..!,sad
ಪ್ರೋಟೋಕಾಲ್ ಮುರಿದು ಪಾಕಿಸ್ತಾನಿ ಕೇಕ್ ಉಚಿತ ತಿಂದ ನಾಯಕನ ಮಾತು ಅರ್ಥವಾಗುವುದಿಲ್ಲ.,angry
ವೆಸ್ಟ್ ಇಂಡೀಸ್ ಶಿಸ್ತಿನಲ್ಲಿ ಹಿಂದೆ ಸರಿಯಬೇಕಿತ್ತು,neutral
ಈಗ ಯಾರೂ 'ವಿಕಿ ದಾನಿ'ಯಾಗಲು ಸಾಧ್ಯವಿಲ್ಲ. ಅಂದರೆ 'ವೀರ್ಯ'ವನ್ನು ಪದೇ ಪದೇ ದಾನ ಮಾಡಲಾಗುವುದಿಲ್ಲ.,happy
"ಪ್ರಶ್ನೆಯೆಂದರೆ, ಈ ರಾಜ್ಯ ಸರ್ಕಾರವು ಸರಿ ಎಂದು ನೀವು ಭಾವಿಸುತ್ತೀರಾ?",neutral
"ಅನ್ಯಾಯವನ್ನು ಸುಡುವ ಜ್ಯೋತಿ, ಮಾತೋಶ್ರೀ ಮೇಲೆ ಶಿವಸೈನಿಕರ ಶಕ್ತಿ ಪ್ರದರ್ಶನ, ಉದ್ಧವ್ ಠಾಕ್ರೆ...",angry
ಕತ್ತಿಯು ಟಾರ್ಚ್ ಅನ್ನು ಕತ್ತರಿಸಬಹುದೇ - ಒಂದು ಟ್ರಿಕಿ ಪ್ರಶ್ನೆ,neutral
"ನೋಡಿ, ನಿಮಗೆ ಸಾಧ್ಯವಾದರೆ, ನಿಮಗೆ ಸಾಧ್ಯವಾಗದಿದ್ದರೆ, ನಮಗೆ ಸಹೋದರರು ಇದ್ದಾರೆ",neutral
ನಾಲ್ಕನೇ ವರ್ಗವು ಪೊಲೀಸರಿಗೆ ಅನ್ವಯಿಸುತ್ತದೆಯೇ ಎಂದು ಶಿಂಧೆ ಸರ್ಕಾರ ಯಾವಾಗ ನಿರ್ಧರಿಸುತ್ತದೆ?,neutral
ಕೂಡಲೇ ಈ ಸುದ್ದಿಯನ್ನು ಕೃಷಿ ಸಚಿವರಿಗೆ ಕಳುಹಿಸಿ. ರೈತರಿಗೆ ನ್ಯಾಯ ಸಿಗಬೇಕು,angry
"ಇದು ನಿಜವಾಗಿಯೂ ಅದ್ಭುತ ವಿಶ್ವವಿದ್ಯಾಲಯವಾಗಿದೆ, ಪ್ರತಿಯೊಬ್ಬರೂ ಇದನ್ನು ಭೇಟಿ ಮಾಡಬೇಕು.",happy
ಅವರು ಮರಾಠರಲ್ಲದ ಕಾರಣ ಮಾತನಾಡುತ್ತಿದ್ದಾರೆ.,angry
"ಮತ್ತು ಆ ವ್ಯಕ್ತಿ ಆಧುನಿಕ ""ಅನಾಜಿಪಂತ್""!",neutral
ಅವರು ಭಾರತದ ಪ್ರಧಾನ ಮಂತ್ರಿ,neutral
ಈಗ ಇದನ್ನು ತ್ವರಿತವಾಗಿ ಮಾಡಬೇಕಾಗಿದೆ.,neutral
"ಹೇ, ನಾನು ನಿಮ್ಮ ಕಳಪೆ ಮನಸ್ಥಿತಿಯನ್ನು ನೋಡಿದೆ, ಆದ್ದರಿಂದ ನಾನು ಟ್ವೀಟ್ ಬರೆಯಲು ನಿರ್ಧರಿಸಿದೆ",angry
ಅವರು ಕೂಡ ಅದೇ ಮಾತನ್ನು ಹೇಳಿದರು,neutral
ಈ ಆಚಾರ್ಯಜಿಗೆ ಜ್ಞಾನವನ್ನು ನೀಡುವುದು ಇಂದಿನ ಅಗತ್ಯವಾಗಿದೆ...,happy
ಇದು ಪರಿಸ್ಥಿತಿ,neutral
ಏಕೆಂದರೆ ಆಕೆ ತನ್ನ ಮುಖವನ್ನು ಸ್ವರ್ಗದ ಕಡೆಗೆ ತಿರುಗಿಸಲಾರಳು,neutral
ಅವನು ಇಂದು ಮಲಗಲು ಸಾಧ್ಯವಿಲ್ಲ,neutral
"ಮೋದಿ ನಮ್ಮದೇ ಜಾಗದಲ್ಲಿ ಅಭಿವೃದ್ಧಿ ಮಾಡಿಲ್ಲ, ಯಾರಿದ್ದಾರೆ?",neutral
ಸೋನು ದಾದಾ ದಾದಾ,neutral
ಅಂದರೆ ಶೇಠ್ ಮತ್ತು ಶಾ ಚುನಾವಣಾ ಆಯೋಗವನ್ನು ನಿರ್ವಹಿಸುತ್ತಿದ್ದರು.,angry
"ನಕಲಿ ಪ್ರಮಾಣ ಪತ್ರಕ್ಕಾಗಿ 10 ಕೋಟಿ ರೂಪಾಯಿ ಪಾವತಿ..., ನರೇಶ್ ಮ್ಹಾಸ್ಕೆ ಆರೋಪಿಸಿದ್ದಾರೆ",neutral
ಇದು ಟ್ರೈಲರ್ ಆಗಿತ್ತು ಮತ್ತು ಅವರು ಬಹಳಷ್ಟು ಬಟ್ಟೆಗಳನ್ನು ಹೊಲಿಯಬೇಕು,neutral
ಇದು ಪ್ರಚಾರ ಮಾಡಲು ಸ್ವಲ್ಪ ವಿಷಯ,neutral
"ಈ ದೇಶವನ್ನು ಸ್ವಚ್ಛಗೊಳಿಸಲು, ಮೊದಲು ಜನರು ತಮ್ಮ ಆಲೋಚನೆಗಳನ್ನು ಮತ್ತು ಮನಸ್ಸನ್ನು ಸ್ವಚ್ಛಗೊಳಿಸಬೇಕು.",happy
ಈಗ ಎರಡನೇ ಹಂತದ ಘೋಷಣೆ ಯಾವಾಗ ಎಂದು ಹೇಳಿ.,neutral
ನಾನು ಇತ್ತೀಚೆಗೆ,neutral
ಶಿವಸೇನೆ ಅವರನ್ನು ಸೋಲಿಸಲಿಲ್ಲವೇ?,angry
ರಾಮಾಯಣವು ನಮ್ಮ ಗುರುತಿನ ವಿಷಯವಾಗಿದೆ. ಮತ್ತು ನಮ್ಮ ಗುರುತಿನ ಪ್ರಯೋಗಗಳನ್ನು ಸಹಿಸಿಕೊಳ್ಳಲಾಗುತ್ತದೆ,happy
ಗುರೂಜಿ ಹೀಗೆ..,neutral
'ಪಿಎಫ್‌ಐ' ವಿರುದ್ಧದ ಕ್ರಮದ ಬಗ್ಗೆ ಪ್ರತಿಪಕ್ಷಗಳ ಮೌನ ಏಕೆ?,angry
ಈಗ ಈ ವಿಳಾಸವನ್ನು ಹೇಳುತ್ತೇನೆ,neutral
"ಆಪ್, ಟಿವಿಸಿ ಮತ್ತು ಜಿಂಗಲ್ ಅನ್ನು ಮುಖ್ಯಮಂತ್ರಿ ಅನಾವರಣಗೊಳಿಸಿದರು",neutral
"ನನಗೆ ಅಮವಾಸ್ಯೆ, ವತ್ಪೂರ್ಣಿಮೆಯನ್ನು ಹುಣ್ಣಿಮೆಯಂತಾಗಿಸುವೆಯಾ ?? -@ಪೂಜಾ ಡೊಮಾಲೆ(ರಾಣು)",happy
ನೀವು ಏನಾದರೂ ಮಾಡಿದರೆ ನಾನು ನಿಮ್ಮ ಕತ್ತೆಯನ್ನು ಸುಡಲು ಬಯಸುತ್ತೇನೆ.,angry
ರುಬ್ಬುವ ಬದಲು ಕೂಡಿ ಹಾಕಿದ್ದಾರಾ ಎಂದು ಕೇಳಬೇಕಿತ್ತು,neutral
"ಹೌದು, ನಾನು ಜಿಲ್ಲಾ ಪರಿಷತ್ ಶಾಲೆಯ ಹಳೆ ವಿದ್ಯಾರ್ಥಿ.",happy
"ಇಪ್ಪತ್ತೈದು ವರ್ಷಗಳ ನಂತರ ನಾನು ಮೊದಲ ಬಾರಿಗೆ ಚುನಾವಣೆಯನ್ನು ನೋಡುತ್ತಿದ್ದೇನೆ, ಆನಂದಿಸಿ ಸಂಭಾಳ ಅವರಿಗೆ ಒಳ್ಳೆಯದು, ಸೀತಾರಾಮ್ ಕೇಸರಿ ಅವರದು",neutral
ಇದು ಸಂಪೂರ್ಣ ಸತ್ಯ...ಮನೆಯಲ್ಲಿ ಜನರು ದೇವರನ್ನು ನಂಬುವುದಿಲ್ಲ,sad
"ನಾನು ನಿನ್ನೆ ಈ ವಿಷಯದ ಬಗ್ಗೆ ವಿವರವಾದ ಥ್ರೆಡ್ ಅನ್ನು ಬರೆದಿದ್ದೇನೆ, ಅದನ್ನು ಪರಿಶೀಲಿಸಿ!",neutral
ಅಲ್ಲಿಂದಲೇ ಸ್ಕ್ರಿಪ್ಟ್ ಎಂದು ಕೇಳಿದ್ದೆ,neutral
ಯಾರೋ ಒಬ್ಬರ ಮೇಲೆ ಈ ಹೇಳಿಕೆ ನೀಡಿದ ರಾವುತ್ ಇನ್ನೂ ಮೇಲಿದ್ದಾರೆ,neutral
ಇದು ಸಂಭವಿಸಿದೆಯೇ?,neutral
ನೀರಜ್ ಚೋಪ್ರಾ &; ಗೌರವಾನ್ವಿತ. ಪ್ರಧಾನ ಮಂತ್ರಿ,neutral
"ಕೆಲವರು ಮರಾಠ ಸಮುದಾಯಕ್ಕೆ ಸೇರಿದವರಲ್ಲ, ದಾದಾ, ಅವರನ್ನು ಸಮಾಜ ಎಂದು ಪರಿಗಣಿಸುವುದಿಲ್ಲ.",angry
ನಾಳೆ ಹುಣ್ಣಿಮೆ ಇದ್ದಿರಬೇಕು,neutral
ಇದು ಶ್ರೀಖಂಡ ಮಹಾಶಕ್ತಿಯಿಂದ ಕೊಡಲ್ಪಟ್ಟಿದೆ ಆದರೆ ಹೇಗೆ ಹೇಳುವುದು,neutral
ಗಮನಿಸಿ: ಅದನ್ನು ಬಿತ್ತಿದರೆ ಅದು ಬೆಳೆಯುತ್ತದೆ. ಬಿತ್ತಿದ್ದೇ ಈಗ ಬೆಳೆದಿದೆ.,neutral
"ದಯವಿಟ್ಟು ಸಾಗು ಬಡೆ ಅಥವಾ ಖಿಚಡಿ ತಿನ್ನಿ, ನನಗೂ ಸ್ವಲ್ಪ ಇಟ್ಟುಕೊಳ್ಳಿ.",neutral
ಈ ಚಿತ್ರ ಪ್ರತಿಯೊಬ್ಬ ಹಿಂದೂವಿನದ್ದು ಎಂದು ಹೇಳುತ್ತೇನೆ.,neutral
ನಿಮ್ಮದೇನಾದರೂ ನಿಮ್ಮ ಬಳಿ ಇದೆಯೇ?,angry
ಭಾರತ ಗೆಲ್ಲಬೇಕು,happy
ಇದು ಏನಾಯಿತು,neutral
ಕೇಸರ್ಕರ್ ಅವರು ಶಿರಡಿ ಸಾಯಿಬಾಬಾ ಅವರ ಭಕ್ತರಾಗಿದ್ದಾರೆ ಮತ್ತು ಅವರ ವಾಟ್ಸಾಪ್ ಪ್ರೊಫೈಲ್‌ನಲ್ಲಿ ಬಾಬಾ ಅವರ ಫೋಟೋವನ್ನು ಸಹ ಹೊಂದಿದ್ದಾರೆ.,happy
ಈ ಟ್ವೀಟ್ ಕರುಣೆಗಾಗಿ ಅಲ್ಲ ಎಚ್ಚರಿಕೆಗಾಗಿ,neutral
ಇದೇ ಸಾವಂತ್ ಒಮ್ಮೆ ಕೊಂಕಣದಲ್ಲಿ ಮಹಾರಾಜರನ್ನು ವಿರೋಧಿಸಿದ್ದ...,neutral
ಈ ಜನರು ಈಗಾಗಲೇ ನಿರ್ಧರಿಸಿದ್ದಾರೆ.,neutral
ಸುವಿಚಾರ ಸಚಿವರು ಎಂದಾದರೂ ಶಿವಸೇನಾ ಮುಖ್ಯಸ್ಥ ಬಾಳಾಸಾಹೇಬ್ ಠಾಕ್ರೆ ಅವರನ್ನು ಭೇಟಿ ಮಾಡಿದ್ದಾರೆಯೇ?,angry
ಪ್ರವೀಣ್ ರಾವುತ್ ಮತ್ತು ಸಂಜಯ್ ರಾವುತ್ ಹೆಸರು ಮತ್ತು ಕೆಲವು ವೈಯಕ್ತಿಕ ಮಾಹಿತಿಯ ಹೋಲಿಕೆಯ ಆಧಾರದ ಮೇಲೆ ಸಂಬಂಧ ಹೊಂದಿರಬಹುದು,neutral
"ನೀವು ಕೇವಲ ಧ್ವನಿ ನೀಡಿ, ತಾಯಿನಾಡು ಮತ್ತು ಬಡವರಿಗಾಗಿ ನಾವು ನಿಮ್ಮ ಸೇವೆಯಲ್ಲಿದ್ದೇವೆ.",happy
ನಿನಗೆ ಮರಾಠಿ ಓದಬಹುದಾ..?? ಇದು ಸಂಭವಿಸುತ್ತದೆ ಎಂದು ನಿಮಗೆ ತಿಳಿದಿದೆಯೇ?,neutral
ನಿರ್ವಾಹಕರನ್ನು ನೇಮಿಸಲು ನಮಗೆ ಹಲವು ತಿಂಗಳುಗಳು ಬೇಕಾಯಿತು.,neutral
ದಯವಿಟ್ಟು ಅದನ್ನು ನಿಖರವಾಗಿ ನಮೂದಿಸಿ.,neutral
ವಾಶಿಮ್ ಜಿಲ್ಲೆಯಲ್ಲಿ ಭಾರೀ ಮಳೆಯಿಂದ ಹಾನಿಗೊಳಗಾದ ಕೃಷಿ ಬೆಳೆಗಳ ಸಂಕ್ಷಿಪ್ತ ಪಂಚನಾಮ ಮಾಡಿ - ಎ. ಅಮಿತ್ ದಾದಾ ಜನಕ್...,neutral
ಮತ್ತು ಬಾಳಾ ಸಾಹೇಬ್ ಕೇಶವ್ ಠಾಕ್ರೆ ಯಾರು?????,neutral
"ನೀವು ಮರಾಠಿ ಅಭ್ಯರ್ಥಿಗಳಿಂದ ಹೊರಗುಳಿದಿದ್ದೀರಾ, ಭಯ್ಯಾ ಜನತಾ ಪಕ್ಷ?",neutral
ಮುಂಬೈಗೆ ಯಾವುದೇ ವಿಭಿನ್ನ ನಿಯಮಗಳಿವೆಯೇ?,neutral
ಮರಾಠಾ ಸಂಯೋಜಕ ಹಾಗೂ ಬಿಜೆಪಿ ಮುಖಂಡರೊಬ್ಬರನ್ನು ಒಳಗೊಂಡ ರೆಕಾರ್ಡಿಂಗ್ ವೈರಲ್ ಆಗಿದೆ.. ಇದಕ್ಕೆ ಏನು ಹೇಳಬೇಕು??,neutral
ಅಂಧೇರಿ ಉಪಚುನಾವಣೆಯಲ್ಲಿ ಇವರು ಅಭ್ಯರ್ಥಿಯೇ???,neutral
ಜಲಗಾಂವ್? ಇದು ಯಾವ ನಗರ? ಜಲಗಾಂವ್ ಬರೆಯಿರಿ. ಮರಾಠಿ ಪಖ್ವಾಡವನ್ನು ಯಾವಾಗ ಆಚರಿಸಲಾಗುತ್ತದೆ?,neutral
ಆ ಸಂಕಟದಿಂದ ಚೇತರಿಸಿಕೊಳ್ಳಲು ಅವರು ಗುವಾಹಟಿ ತಲುಪಿದ್ದರು.,neutral
ನೀವು ಅವನನ್ನು ವಿರೋಧಿಸಿದ್ದೀರಾ ಸಹೋದರ?,neutral
ನೇರವಾಗಿ ಹೃದಯವನ್ನು ಸ್ಪರ್ಶಿಸುವ ಮತ್ತು ಕಣ್ಣಿಗೆ ಆನಂದ ನೀಡುವ ಈ ಕ್ಷಣ....!!,happy
ಪೊಲೀಸ್ ಸಂಸ್ಮರಣಾ ದಿನದಂದು ಕರ್ತವ್ಯದಲ್ಲಿದ್ದಾಗ ಹುತಾತ್ಮರಾದ ಹುತಾತ್ಮರಿಗೆ ಶ್ರದ್ಧಾಂಜಲಿ..!!,happy
ಅವರೆಲ್ಲರನ್ನೂ ಎನ್‌ಸಿಪಿ ಕಾಂಗ್ರೆಸ್‌ಗೆ ಸ್ವಾಗತಿಸಲು ನಾವು ಹೆಮ್ಮೆಪಡುತ್ತೇವೆ.,happy
ಶಿಕ್ಷಣವು ಉಪಯುಕ್ತವಾಗಿದೆ ಏಕೆಂದರೆ ನೀವು ಹೊಸ ಕೌಶಲ್ಯಗಳನ್ನು ಕಂಡುಕೊಳ್ಳಬಹುದು ಮತ್ತು ಉತ್ತಮ ಉದ್ಯೋಗಗಳನ್ನು ಪಡೆಯಬಹುದು.,neutral
ನಾಡಿನ ಸಮಸ್ತ ಜನತೆಗೆ ಕೋಜಗರಿ ಪೂರ್ಣಿಮೆಯ ಹಾರ್ದಿಕ ಶುಭಾಶಯಗಳು..!,happy
ತಿಳುವಳಿಕೆ ಮತ್ತು ಸಿಹಿ ಮಾತುಕತೆಗಳನ್ನು ಸಹ ಹಿಂದಕ್ಕೆ ತೆಗೆದುಕೊಳ್ಳಿ!,happy
"ತಾವಡೇಜಿ, ನಿಮ್ಮ ಕೆಲಸ ಸುಂದರವಾಗಿದೆ... ಆದರೆ ದಯವಿಟ್ಟು ಮರಾಠಿಯಲ್ಲಿ ನಿಮ್ಮ ಕೆಲಸದ ಬಗ್ಗೆ ಮಾಹಿತಿ ನೀಡಿ",happy
ಮಹಾಲಕ್ಷ್ಮಿ ಪೂಜೆಯ ಸಂದರ್ಭದಲ್ಲಿ ನನ್ನ ಸಹೋದರಿ ಮಾಡಿದ ಕೊಲ್ಹಾಪುರ ನಿವಾಸಿ ಮಹಾಲಕ್ಷ್ಮಿಯ ಸುಂದರ ರಂಗೋಲಿ.,happy
"ಜೈ ಬಾಬಾ ಕೇದಾರ್ ನಾಥ್, ‼ ಶುಭ ಸಂಜೆ ಗೆಳೆಯ ‼",happy
ಈಗ ನೀವು ಅಂತಾರಾಷ್ಟ್ರೀಯ ಮಟ್ಟಕ್ಕೆ ಹೋಗುತ್ತಿದ್ದೀರಿ..ಅಭಿನಂದನೆಗಳು ಮೇಡಂ..,happy
ಫಲ್ಗುಣಿ ಪೂರ್ಣಿಮಾ ಬೆಳದಿಂಗಳ ರಾತ್ರಿ ಚಂದ್ರನ ಬೆಳಕನ್ನು ಹರಡುತ್ತದೆ,neutral
"ಕೋಜಗಿರಿ ಪೂರ್ಣಿಮೆ, ಶರದ್ ಪೂರ್ಣಿಮೆಯ ಶುಭಾಶಯಗಳು... .//_/...",happy
ಗಮನಹರಿಸುವುದು ಉತ್ತಮ ಮತ್ತು ದಂಡದೊಂದಿಗೆ ಅಪರೂಪದ ಪ್ರಕರಣಗಳು ಇರುತ್ತವೆ,neutral
ನೀವು ನಿಮ್ಮ ಭರವಸೆಯನ್ನು ಉಳಿಸಿಕೊಂಡಿರುವುದನ್ನು ನೋಡಿ ತುಂಬಾ ಸಂತೋಷವಾಯಿತು. ತುಂಬಾ ಚೆನ್ನಾಗಿದೆ!,happy
"ಶುಭೋದಯ, ಇದು ಭಾರವಾಗಿದೆ",happy
ಅವರ ನಾಯಕತ್ವದಲ್ಲಿ ಕೆಲಸ ಮಾಡುತ್ತಲೇ ಜನಪರ ಹಾಗೂ ಅಭಿವೃದ್ಧಿಯತ್ತ ಗಮನ ಹರಿಸುವ ಕೆಲಸ ಆಗಬೇಕು. ಶುಭ ಹಾರೈಸಲಾಯಿತು. /,happy
ಹೊಸ ವರ್ಷದ ಶುಭಾಶಯಗಳು..! ಕಿಶೋರ್ ದೇವೇಕರ್ ಸರ್,happy
ನಿಮ್ಮೆಲ್ಲರಿಗೂ ಹೋಳಿ ಹಬ್ಬದ ಶುಭಾಶಯಗಳು!,happy
ಜನ್ಮದಿನದ ಶುಭಾಶಯಗಳು,happy
ಪಂಚಗವ್ಯದೊಂದಿಗೆ ಪವಿತ್ರ ಪಾಲುದಾರರಾಗಿರುವುದು ಒಂದು ಪ್ರಮುಖ ಕೊಡುಗೆಯಾಗಿದೆ‼‼,happy
ತುಂಬಾ ಒಳ್ಳೆಯ ಮಾರ್ಗದರ್ಶನ.,happy
"ಹಿಂದೂ ಧರ್ಮದ ಅನನ್ಯ ಕೊಡುಗೆಯಾದ ಆಯುರ್ವೇದದ ಮಹತ್ವ,//...",happy
ನಮ್ಮ ಮೊಮ್ಮಗಳು ಸೆಲ್ಫಿ ತೆಗೆದುಕೊಳ್ಳುವುದನ್ನು ಆನಂದಿಸುತ್ತಿದ್ದಾಳೆ...,happy
ರಕ್ಷಾಬಂಧನ ಮತ್ತು ನರಳಿ ಪೂರ್ಣಿಮೆಯ ಶುಭಾಶಯಗಳು.,happy
ಪೊಲೀಸರಿಗೆ ಅಭಿನಂದನೆಗಳು! .//…,happy
ಹೌದು ಅವನೇ.,neutral
ಕೋಜಗಿರಿ ಪೂರ್ಣಿಮಾ ಶುಭಾಶಯಗಳು..!,happy
ಸರ್ಕಾರದ ನಿರ್ಧಾರಗಳು ಸಾರ್ವಜನಿಕ ಹಿತಾಸಕ್ತಿಗಳಾಗಿವೆ,neutral
ಅಧಿಕಾರಕ್ಕೆ ಬರುವುದಿಲ್ಲ ಎಂದು ಬಾರ್ ಜಲ್ ಒಪ್ಪಿಕೊಳ್ಳುತ್ತಾರೆ,neutral
"ಓಂಕಾರ್, ನೀವು ಒಬ್ಬಂಟಿಯಾಗಿಲ್ಲ",neutral
ಧನ್ಯವಾದಗಳು.. ನಿಮ್ಮ ಬೆಂಬಲ ನಮಗೆ ಸಿಗುತ್ತದೆ ಎಂದು ಭಾವಿಸುತ್ತೇವೆ.,happy
ಸಮಸ್ತ ಭಕ್ತಾದಿಗಳಿಗೆ ಮಹಾಶಿವರಾತ್ರಿಯ ಶುಭಾಶಯಗಳು..!! || ಹರ ಹರ ಮಹಾದೇವ್ ||,happy
ಇದು ನಿಜವಾಗಿಯೂ ಅದ್ಭುತವಾದ ಧೂಪದ್ರವ್ಯವಾಗಿದೆ. ಪ್ರತಿಯೊಬ್ಬರೂ ಇದನ್ನು ಒಮ್ಮೆ ಬಳಸಬೇಕು ನಂತರ ಅದು ಹೇಗೆ ಎಂದು ನನಗೆ ತಿಳಿಸಿ,happy
ನಿಮಗೆ ಖಾವ್ಯ ರತ್ನ ಪ್ರಶಸ್ತಿಯನ್ನು ನೀಡುತ್ತಿರುವುದು ನಮಗೆ ಅತೀವ ಸಂತಸ ತಂದಿದೆ.,happy
ಲಕ್ಷದಲ್ಲಿ ಒಂದು,happy
"ಪ್ರಫುಲ್ಲ ದಾದಾ ತುಂಬಾ ಒಳ್ಳೆಯ ಥ್ರೆಡ್‌ನಂತೆ ಧ್ವನಿಸುತ್ತದೆ, ಓದುತ್ತಲೇ ಇರಿ.",happy
ಹುಟ್ಟು ಹಬ್ಬದ ಶುಭಾಶಯಗಳು ಸರ್.. ./_...,happy
ಸಲಹೆಗಳು ಸಕಾರಾತ್ಮಕ ಪರಿಣಾಮ ಬೀರಿರುವುದನ್ನು ನೋಡಿದಾಗ ತುಂಬಾ ತೃಪ್ತಿಯಾಯಿತು.,happy
ನಾವೆಲ್ಲರೂ ಹಾಜರಿದ್ದು ಈ ಐತಿಹಾಸಿಕ ಕ್ಷಣಕ್ಕೆ ಸಾಕ್ಷಿಯಾಗೋಣ,happy
"ಅಭಿನಂದನ್, ನನಗೂ ಅಷ್ಟು ಸ್ಪೀಡ್ ಇರಲಿಲ್ಲ.",happy
ಚೈತನ್ಯಮಯಿ- ದೀಪಾವಳಿ ಹಬ್ಬದ ಮೊದಲ ದಿನ ವಸುಬರಸ್... ವಸುಬರರಿಗೆ ಶುಭಾಶಯಗಳು!,happy
ಎಲ್ಲಾ ಶಿವಭಕ್ತರಿಗೆ ಮಹಾಶಿವರಾತ್ರಿಯ ಶುಭಾಶಯಗಳು!,happy
ಈ ಸಿನಿಮಾ ನೋಡಲು ತುಂಬಾ ಉತ್ಸುಕನಾಗಿದ್ದೇನೆ,happy
ಅವರು ಪವಾರ್ ಅನ್ನು ನಂಬುತ್ತಾರೆ ಮತ್ತು ಪವಾರ್ ಅವರನ್ನು ನಂಬುತ್ತಾರೆ ಎಂಬುದು ಹಾಸ್ಯಾಸ್ಪದ,neutral
ಎಲ್ಲರಿಗೂ ರಕ್ಷಾಬಂಧನ ಮತ್ತು ನರಲಿಪೂರ್ಣಿಮೆಯ ಶುಭಾಶಯಗಳು...,happy
ಹಲೋ ಗುರುವಾರ ಶುಭೋದಯ,happy
ಇದು ಭಾರವಾಗಿರುತ್ತದೆ,happy
ಹೊಸ ವರ್ಷದ ಶುಭಾಶಯಗಳು..!ಸ್ಪೃಹ,happy
ನೀವು ತುಂಬಾ ಒಳ್ಳೆಯ ಕೆಲಸ ಮಾಡುತ್ತಿದ್ದೀರಿ...ಹಲವರ ಆಶೀರ್ವಾದ ಪಡೆಯುತ್ತಿದ್ದೀರಿ. ಯಶಸ್ವಿಯಾಗಲಿ...ಶುಭಾಶಯಗಳು ಸರ್,happy
ಜನ್ಮದಿನದ ಶುಭಾಶಯಗಳು ರಾಜೀವ್ ಜೀ,happy
ನಿನ್ನ ಸೆರೆವಾಸದಿಂದ ಇಡೀ ಮಹಾರಾಷ್ಟ್ರವೇ ಸಂತಸಗೊಂಡಿದೆ,neutral
ನಿಮ್ಮ ಪ್ರಯತ್ನಗಳಿಗೆ ತುಂಬಾ ಧನ್ಯವಾದಗಳು,happy
ನಾನು ಅವಕಾಶವನ್ನು ಕಳೆದುಕೊಂಡೆ. ಮತ್ತು ಪ್ರಮುಖ ಸಮಯ ತೆಗೆದುಕೊಂಡಿತು !! ಅಭಿನಂದನೆಗಳು,happy
ನಮಸ್ತೇ ಮಮ ಶುಭೋದಯ ಗಣಪತಯೇ ನಮಃ ಶುಭ ಅಂಗರಕಿ ಚತುರ್ಥಿ,happy
ಹೊಸ ವರ್ಷದ ಶುಭಾಶಯಗಳು...! -,happy
ಹುಟ್ಟು ಹಬ್ಬದ ಶುಭಾಶಯಗಳು ಮತ್ತು ಹೊಸ ವರ್ಷದ ಶುಭಾಶಯಗಳು ಸಹೋದರ...,happy
"ಶಿಲ್ಪಾ ಬೋಡ್ಖೆ ಪ್ರೊಫೆಸರ್, ಅವಳು ಎಲ್ಲಿ ಓದುವುದನ್ನು ದೇವರು ನಿಷೇಧಿಸುತ್ತಾನೆ",neutral
ಭವಿಷ್ಯದಲ್ಲಿ ಸಂತೋಷ,happy
ತಾಯಿಯು ದೇವರು ಮತ್ತು ಆತ್ಮದ ಸಂಪೂರ್ಣ ಒಕ್ಕೂಟವಾಗಿದೆ.,happy
ಹೋಳಿ ಹಬ್ಬದ ಶುಭಾಶಯಗಳು! (!),happy
"ಅದು ಸರಿ, ಸಂತೋಷವನ್ನು ಯಾವುದರಲ್ಲಿಯೂ ಕಾಣಬಹುದು. ನಿರ್ಮಲಾ ಸೀತಾರಾಮನ್ ಅವರಂತೆ.",neutral
ನಮಗೆ ತಿಳಿಸಿದ್ದಕ್ಕಾಗಿ ಧನ್ಯವಾದಗಳು. ದೂರನ್ನು ಪರಿಹರಿಸುವಂತೆ ನಮ್ಮ ಇಲಾಖೆಗೆ ಮನವಿ ಮಾಡಿದ್ದೇವೆ.,neutral
ಜುಲೈ-ಆಗಸ್ಟ್ ನಲ್ಲಿ ಅತಿವೃಷ್ಟಿ ಪರಿಹಾರಕ್ಕೆ ಅನುಮೋದನೆ ನೀಡುವಂತೆ ಡಾ.ರಾಹುಲ್ ಪಾಟೀಲ್ ಆಗ್ರಹ.,neutral
"ಈ ವೀಡಿಯೊ ಅದ್ಭುತವಾಗಿದೆ, ಇದು ನನ್ನ ಬಾಲ್ಯವನ್ನು ನೆನಪಿಸುತ್ತದೆ.",happy
ಇದೊಂದು ದೊಡ್ಡ ಸ್ಫೋಟ!!,happy
ಜನ್ಮದಿನದ ಶುಭಾಶಯಗಳು ಅಮಾನಾ ಜೀ,happy
ಬಾಳಾಸಾಹೇಬ್ ಠಾಕ್ರೆಯವರ ಬೆಂಬಲವಿದ್ದುದರಿಂದ ಶಿವಸೇನೆಯ ಮುಖ್ಯಸ್ಥ ಉದ್ಧವ್‌ಜಿ ಸಮರ್ಥವಾಗಿ ನಿಭಾಯಿಸಿದರು.,happy
"ಓಂ ನಮಃ ಶಿವಾಯ... ನಿಮ್ಮೆಲ್ಲರಿಗೂ ""ಮಹಾಶಿವರಾತ್ರಿ""ಯ ಶುಭಾಶಯಗಳು!",happy
ನಿಮಗೆ ಮತ್ತು ನಿಮ್ಮ ಕುಟುಂಬಕ್ಕೆ ರಕ್ಷಾ ಬಂಧನ ಮತ್ತು ನರಳಿ ಪೂರ್ಣಿಮೆಯ ಶುಭಾಶಯಗಳು.,happy
ಎಲ್ಲರಿಗೂ ಮಹಾಶಿವರಾತ್ರಿಯ ಶುಭಾಶಯಗಳು!,happy
ವಜ್ರವನ್ನು ಏಕೆ ಧರಿಸಬೇಕು ಏಕೆಂದರೆ ಅದು ದೊಡ್ಡ ಬೆಳಕನ್ನು ನೀಡುತ್ತದೆ?,neutral
ಆರಂಭ ತುಂಬಾ ಚೆನ್ನಾಗಿದೆ.,neutral
|| ಶ್ರೀ || ತುಂಬ ಪ್ರೀತಿಯಿಂದ ಮಾಡಿದ ವಿನಂತಿ ‘ಪ್ರೇಮಾಗ್ನಿ’.,neutral
ಎಂಜಿನಿಯರ್‌ಗಳು ನಿರ್ಮಿಸಿದ ವೆಬ್‌ಸೈಟ್‌ಗಳಲ್ಲಿ ಕೆಲಸ ಮಾಡುತ್ತಿರುವ ಎಲ್ಲರಿಗೂ ಇಂಜಿನಿಯರ್ ದಿನದ ಶುಭಾಶಯಗಳು,happy
"*ತೆಂಗಿನ ಪೂರ್ಣಿಮಾ ಮತ್ತು ರಕ್ಷಾ ಬಂಧನದ ಶುಭಾಶಯಗಳು, ಶುಭೋದಯ*",happy
ಜವಾಬ್ದಾರಿಯುತ ನಾಯಕನಾಗಿ ನಿಮ್ಮ ಕೆಲಸಕ್ಕೆ ಸೆಲ್ಯೂಟ್!,happy
ನೀನು ವೇದಶಾಸ್ತ್ರದ ಮಂಗಳಕರ ಸಾಕಾರ. ಲೆಕ್ಕವಿಲ್ಲದಷ್ಟು ಮಹಿಮೆಯು ನಿಮ್ಮ ಸಮೃದ್ಧಿಯಾಗಿದೆ.,neutral
ಮಹಾರಾಷ್ಟ್ರ ಪೊಲೀಸರಿಗೆ ಹೃತ್ಪೂರ್ವಕ ವಂದನೆಗಳು,happy
ಅಭಿನಂದನೆಗಳು ಸರ್.. ಯಶಸ್ಸನ್ನು ಪಡೆಯುತ್ತಿರಿ,happy
ಮತ್ತು ಸ್ಮಾರ್ಟ್‌ಫೋನ್‌ನ ವಿವಿಧ ಅತ್ಯಾಕರ್ಷಕ ವೈಶಿಷ್ಟ್ಯಗಳನ್ನು ಅಕ್ಟೋಬರ್‌ನಲ್ಲಿ ಲಭ್ಯಗೊಳಿಸಲಾಗಿದೆ.,neutral
"ಸಹೋದರರೇ, ಇದನ್ನು ಸಾಧ್ಯವಾದಷ್ಟು ಜನರಿಗೆ ಹರಡೋಣ...ಗ್ರಾಮೀಣ ಪ್ರದೇಶಗಳಲ್ಲಿ ಸಂಶೋಧನೆಯ ಪ್ರವೃತ್ತಿಯನ್ನು ಉತ್ತೇಜಿಸೋಣ.",happy
ನಮ್ಮೊಂದಿಗೆ ಸಂವಹನ ಮಾಡಿದ್ದಕ್ಕಾಗಿ ಧನ್ಯವಾದಗಳು. ದೂರನ್ನು ಪರಿಹರಿಸಲಾಗಿದೆ.,neutral
ಮಹಾರಾಷ್ಟ್ರ ರಾಜ್ಯ ಸಚಿವ ಸ್ಥಾನಕ್ಕೆ ಆಯ್ಕೆಯಾಗಿದ್ದಕ್ಕೆ ಹೃತ್ಪೂರ್ವಕ ಅಭಿನಂದನೆಗಳು.,happy
ವೇಟ್ ಲಿಫ್ಟಿಂಗ್ ನಲ್ಲಿ ಬೆಳ್ಳಿ ಪದಕ ಗೆದ್ದ ಮೀರಾಬಾಯಿ ಚಾನು ಅವರಿಗೆ ಅಭಿನಂದನೆಗಳು...,happy
"ನಾನು ತುಂಬಾ ಉತ್ಸುಕನಾಗಿದ್ದೇನೆ, ಪ್ರತಿಯೊಬ್ಬರೂ ಇದನ್ನು ನೋಡಬೇಕು.",happy
ಸರ್ ದೊಡ್ಡ ಕೆಲಸ ಮಾಡುತ್ತಿದ್ದಾರೆ. ನಾವು ನಿಮ್ಮೊಂದಿಗಿದ್ದೇವೆ,neutral
ಮರಾಠವಾಡದ ಅಭಿವೃದ್ಧಿ ಹಿನ್ನಡೆಯನ್ನು ತುಂಬುವ ಬೇಡಿಕೆಯನ್ನು ಆಕಾಶ್ ಜಿ ಈಡೇರಿಸಿದ್ದಾರೆ.,neutral
ಇದು ನಿಜವಾಗಿಯೂ ಒಂದು ಅದ್ಭುತ ಅನುಭವ.,happy
ಈ ವಿಡಿಯೋ ತುಂಬಾ ಚೆನ್ನಾಗಿದೆ. ಇದು ಎಲ್ಲರಿಂದಲೂ ವೈರಲ್ ಆಗಬೇಕು...,happy
"ಈ ಹೊಸ ವರ್ಷವನ್ನು ಸ್ವಾಗತಿಸೋಣ, ಹಳೆಯ ಕನಸುಗಳು, ಹೊಸ ಹೂವುಗಳು, ಹೊಸ ವರ್ಷದ ಶುಭಾಶಯಗಳು...",happy
ನಿಮ್ಮ ಶಕ್ತಿ ಶಾಶ್ವತವಾಗಿ ಸ್ಥಗಿತಗೊಂಡಿದೆಯೇ? ಹಾಗಾದರೆ ಇದು ನಿಮಗೆ ಸುವರ್ಣಾವಕಾಶ,neutral
"ಗುಡ್ ನ್ಯೂಸ್, ಬೌಲರ್ ಉಮೇಶ್ ಯಾದವ್ ತಂದೆಯಾದರು./-...",happy
ಬಡವರು ನಜ್ಜುಗುಜ್ಜಾಗುತ್ತಾರೆ.. ಶಿವ ಭೋಜನ ತಾಳಿ ಸವಿಯುವವರು ಬಹಳ ಮಂದಿ ಇದ್ದಾರೆ..,neutral
ಸಾರ್ ನೀವು ರೈತರಿಗೆ ಏನಾದರೂ ಮಾಡ್ತೀರಾ,happy
"ದೈನಿಕ್ ಏಕಮಾತ್, ದೇಶೋನ್ನತಿ, ಮರಾಠವಾಡ ಕೇಸರಿ ಪತ್ರಿಕೆಗೆ ಧನ್ಯವಾದಗಳು...",happy
ಇದು ನಿಜ ಸಹೋದರ,neutral
"ಧನ್ಯವಾದಗಳು ತೈಸಾಹೇಬ್, ನಿಮ್ಮ ಶುಭ ಹಾರೈಕೆಗಳು ಹೆಚ್ಚಿನ ಶಕ್ತಿಯನ್ನು ನೀಡುತ್ತವೆ",happy
ದೇವಭಾವು ಅವರಂತಹ ಕರ್ತವ್ಯನಿಷ್ಠ ಮತ್ತು ಪ್ರಾಮಾಣಿಕ ನಾಯಕ ನಮಗೆ ಬೇಕು,neutral
ಇಂದಿನಿಂದ ಪ್ರಾರಂಭವಾಗುವ ನವರಾತ್ರಿ ಹಬ್ಬದ ಶುಭಾಶಯಗಳು ಎಲ್ಲರಿಗೂ!,happy
"ಪ್ರವಾಸ್ ಉತ್ಸವಕ್ಕೆ ಧನ್ಯವಾದಗಳು, ನಾನು ಈಗ ನನ್ನ ಪ್ರಯಾಣವನ್ನು ಕೈಗೆಟುಕುವ ಬೆಲೆಯಲ್ಲಿ ಪೂರ್ಣಗೊಳಿಸಬಹುದು.",happy
ಸಂತನಗರಿ ಶೇಗಾಂವ್‌ನಲ್ಲಿ ಸ್ವರಾಜ್ಯ ಧ್ವಜ ಯಾತ್ರೆಗೆ ಸ್ವಾಗತ! ..//,happy
ಇಡೀ ಮಹಾರಾಷ್ಟ್ರವೇ ಸುಖವಾಗಿರುವಂತೆ ಹಕ್ಕಿಗೆ ಮೋಸ ಮಾಡಿದರು.,angry
ನೀವು ಸಂತೋಷದ ರೈತರಾಗಲಿ: ಎಲ್ಲಾ ರೈತ ಸಹೋದರ ಸಹೋದರಿಯರಿಗೆ ರಾಷ್ಟ್ರೀಯ ರೈತ ದಿನದ ಶುಭಾಶಯಗಳು.,happy
"ನಾಗಪಂಚಮಿ ಹಬ್ಬದ ವಿಜೇತರಿಗೆ ಸ್ವರಾಜ್ಯದ ಗೌರವಾರ್ಥ ಸೀರೆ, ಚಿನ್ನದ ಮೂಗುತಿ, ಬೆಳ್ಳಿ ಉಂಗುರ ಮತ್ತು ಕೆಲವು ವಸ್ತುಗಳನ್ನು ನೀಡಲಾಗುವುದು.",happy
ಸಮರ್ಪಣೆ ಇರುವಲ್ಲಿ ಸೋಲು ಇರುವುದಿಲ್ಲ ಮತ್ತು ಪ್ರೀತಿಯ ಬಗ್ಗೆ ಹೇಳಿಕೆ ಸಂಪೂರ್ಣವಾಗಿ ಸರಿ.,happy
ಜೈ ಶ್ರೀ ರಾಮ್ ಚೈತ್ರ ಪೂರ್ಣಿಮೆ ಮತ್ತು ಹನುಮ ಜಯಂತಿಯ ಶುಭಾಶಯಗಳು,happy
ಹಿರಿಯರ ಸಂಗದಲ್ಲಿ ಜ್ಞಾನಾಭಿಷೇಕ - ಡಾ.ಮಾಲಪಾಣಿ.//,happy
"ಸಿಗ್ನಲ್ ತುಂಬಾ ಚೆನ್ನಾಗಿದೆ, ಈಗ ಆಶಾದಾಯಕವಾಗಿ ಬೆಳಕು ಇರುತ್ತದೆ ಮತ್ತು ದಾರಿ ಗೋಚರಿಸುತ್ತದೆ",neutral
"ಸಂತೋಷವಾಗಿರಲು ಒಂದೇ ಒಂದು ಸರಳ ಮಾರ್ಗವಿದೆ... ನಿಮ್ಮಿಂದ ನಿರೀಕ್ಷೆಗಳನ್ನು ಹೊಂದಿರಿ, ಇತರರಿಂದ ಅಲ್ಲ.",happy
ಆಳಂದಿಯಲ್ಲಿ ಒಂದು ಗ್ರಾಮ ಒಂದು ಗಣೇಶೋತ್ಸವ ಕಾರ್ಯಕ್ರಮಕ್ಕೆ ಉತ್ಸಾಹದ ಪ್ರತಿಕ್ರಿಯೆ.../ /,happy
"ಓಂ ಗಣ ಗಣಪತಯೇ ನಮಃ ಓಂ ನಮಃ ಶಿವಾಯ ಗಣಪತಿ ಬಪ್ಪ ಮೋರ್ಯ, ಮಂಗಳಮೂರ್ತಿ ಮೋರ್ಯ",happy
ಹೊಸ ವರ್ಷದ ಮೊದಲ ಮುಂಜಾನೆ ಮಹಾರರ ಶೌರ್ಯಕ್ಕೆ ಸಾಕ್ಷಿಯಾಗಿದೆ.,happy
ತುಂಬಾ ತುಂಬಾ ಚೆನ್ನಾಗಿದೆ,neutral
"ತುಂಬಾ ಒಳ್ಳೆಯ ಚಟುವಟಿಕೆ, ನಾನು ಕೂಡ ಸೇರುತ್ತೇನೆ",neutral
"ಬ್ಯಾಡ್ಮಿಂಟನ್ ಸಿಂಗಲ್ಸ್ ಫೈನಲ್ (ಪುರುಷರು) ನಡೆಯುತ್ತಿದ್ದು, ಲಕ್ಷ್ಯ ಸೇನ್ ಅದ್ಭುತವಾಗಿ ಆಡುತ್ತಿದ್ದಾರೆ.",happy
ಧುಲೇಕರರ ಪರವಾಗಿ ಬಾಬಾಸಾಹೇಬರಿಗೆ ವಂದನೆಗಳು,happy
ಪುಣೆಯ ನಿವಾಸಿಗಳು ತಮ್ಮ ಮನೆಯ ಹೊರಗೆ ಬೋರ್ಡ್ ಹಾಕಿದರೆ ಪರಿಹಾರ ಸಿಗುತ್ತದೆ.,neutral
ಅಮರಾವತಿ ತಾಲೂಕಿನ ಅಂಜನಗಾಂವ ಬರಿಯಲ್ಲಿ ಆಯೋಜಿಸಿದ್ದ ಮಹಾರಾಜಸ್ವ ಅಭಿಯಾನದಲ್ಲಿ ಸಭಿಕರನ್ನುದ್ದೇಶಿಸಿ ಮಾತನಾಡಿದರು.,neutral
ಪ್ರಥಮೇಶ್ ಸಾಮಾಜಿಕ ಜಾಲತಾಣಗಳ ಮೂಲಕ ವಿಶ್ವದಾದ್ಯಂತ ಮೆಚ್ಚುಗೆ ಪಡೆಯುತ್ತಿದ್ದಾರೆ./-...,happy
ರವೀಂದ್ರ ಪಾಟೀಲ್ ಮತ್ತು ಕುಟುಂಬದವರು ನಿಮಗೆ ಮತ್ತು ನಿಮ್ಮ ಇಡೀ ಕುಟುಂಬಕ್ಕೆ ಹೊಸ ವರ್ಷದ ಶುಭಾಶಯಗಳು.,happy
"ತುಂಬಾ ಚೆನ್ನಾಗಿ ಬರೆಯಲಾಗಿದೆ, ಅದ್ಭುತ ಬೆದರಿಕೆ. ಈ ಆಲೋಚನೆಗಳನ್ನು ಕೆಲವು ಜನರೊಂದಿಗೆ ಹಂಚಿಕೊಳ್ಳುವುದು,",happy
"ಇಲ್ಲಿ ಕಾಲೇಜಿನಲ್ಲಿ ಶರ್ಮಾ ಟೀ ಟ್ರೈ ಮಾಡಿ, ಅಂತಹ ಟೀ ನಿಮಗೆ ಬೇರೆಲ್ಲೂ ಸಿಗುವುದಿಲ್ಲ",neutral
ಇವರೆಲ್ಲ ನಾಲ್ಕೈದು ತಿಂಗಳು ತಯಾರಿ ನಡೆಸುತ್ತಾರೆ,neutral
ತುಂಬಾ ಚೆನ್ನಾಗಿದೆ,happy
"ಒಬ್ಬ ಸೂರ್ಯ, ಒಬ್ಬ ಚಂದ್ರ, ಒಂದು ಪಕ್ಷ ಶಿವಸೇನೆ ಮತ್ತು ಒಬ್ಬ ನಾಯಕ ಶ್ರೀ ಉದ್ಧವ್ ಸಾಹೇಬ್ ಬಾಳಾ ಸಾಹೇಬ್ ಠಾಕ್ರೆಯಂತೆ.",happy
"ಧನ್ಯವಾದಗಳು, ಈ ಪಾತ್ರವನ್ನು ನಿಮ್ಮಿಂದ ನಿರೀಕ್ಷಿಸಲಾಗಿತ್ತು.",happy
| ಸಾಂಪ್ರದಾಯಿಕ ರೀತಿಯಲ್ಲಿ ಸಾಂಗ್ಲಿಯಲ್ಲಿ ಶಿವರಾಯರ ಆಗಮನ./,happy
ಜನ್ಮದಿನದ ಶುಭಾಶಯಗಳು ಸಹೋದರ !!,happy
ಸಾಹೇಬರು ಮಾಶಾಲಿಯನ್ನು ಪ್ರಚಾರ ಮಾಡುತ್ತಾರೆ ಮತ್ತು ಹರಡುತ್ತಾರೆ.,neutral
ನಮಗೆ ಉತ್ತಮ ಶಿಕ್ಷಣ ನೀಡುತ್ತಿರುವ ಈ ರೀತಿಯ ವೇದಿಕೆ..ಅದ್ಭುತ,happy
ನೀವು ಸನ್ಮಾನಿಸಲಿದ್ದೀರಿ ಎಂದು ನಿಮಗೆ ತಿಳಿದಿದೆಯೇ ಸರ್?,happy
ಶ್ಲಾಘನೀಯ ಉಪಕ್ರಮ ಮತ್ತು ಸರಿಯಾದ ಚಿಂತನೆ..!,happy
"ಬೇಗ ಹೇಳಿ ಸಾರ್, ನಾವು ನಿಮ್ಮ ಬಗ್ಗೆ ತುಂಬಾ ಉತ್ಸುಕರಾಗಿದ್ದೇವೆ",happy
ನಿಮ್ಮ ಹಿಂದಿನ ಅನುಭವ ಮತ್ತು ನೆನಪುಗಳು ನಿಮ್ಮ ಸ್ವತ್ತುಗಳಾಗಿವೆ. ಅದನ್ನೇ ನಾನು ಕೇಳಲು ಇಷ್ಟಪಡುತ್ತೇನೆ.,happy
ಹೊಸ ವರ್ಷದ ಶುಭಾಶಯಗಳು ತೈಸಾಹೇಬ್,happy
"ಬಹಳ ನ್ಯಾಯಯುತವಾಗಿರಿ, ಪ್ರತಿನಿಧಿ ಮತ್ತು ಪ್ರತಿನಿಧಿಯಾಗಿರಲು ಯಾವಾಗಲೂ ಸಿದ್ಧರಾಗಿರಿ",happy
ನಿಮ್ಮೆಲ್ಲರ ಈ ಪ್ರೀತಿ ಸದಾ ಹೀಗೆಯೇ ಇರಲಿ.,happy
ಎಲ್ಲರಿಗೂ ಶುಭವಾಗಲಿ,happy
ವಿದೇಶಿ ಪ್ರವಾಸಿಗರು ಇಮಾರ್ಟಿಯ ರುಚಿಯನ್ನು ಸವಿದರು-./.?...,neutral
ಸಿಹಿ ಪದಗಳನ್ನು ಹೊಂದಿರಿ! ಎಲ್ಲರಿಗೂ ಮಕರ ಸಂಕ್ರಾಂತಿಯ ಶುಭಾಶಯಗಳು!,happy
ಓಂ ನಮಃ ಶಿವಾಯ,neutral
"ನಿಮ್ಮ ಮೆಚ್ಚುಗೆಗೆ ಧನ್ಯವಾದಗಳು, ಮುಂದಿನ ಕ್ರಮಕ್ಕಾಗಿ ನಾವು ನಿಮ್ಮ ದೂರನ್ನು ಸಂಬಂಧಪಟ್ಟ ಪೊಲೀಸ್ ಠಾಣೆಗೆ ಕಳುಹಿಸುತ್ತಿದ್ದೇವೆ",neutral
"ಪ್ರತಿಯೊಬ್ಬ ಹಿಂದೂ, ದೇಶಭಕ್ತ ಭಾರತೀಯ ಇದನ್ನು ಓದಲೇಬೇಕು!",neutral
ಮದುವೆಯಲ್ಲಿ ನೃತ್ಯ ಮಾಡುವುದು ಸಂತೋಷ ಮತ್ತು ಬುದ್ಧಿವಂತಿಕೆಯ ವಿಷಯ ಎಂದು ಜನರು ನಂಬುತ್ತಾರೆ. .,happy
ಭಾರತವು ಡಿಸೆಂಬರ್‌ನಿಂದ ಜಿಕೆ ಅಧ್ಯಕ್ಷರಾಗಲಿದೆ ಮತ್ತು ಮೊದಲ ಬಾರಿಗೆ ಜಿ ನಾಯಕರ ಶೃಂಗಸಭೆಯನ್ನು ಕರೆಯಲಿದೆ,happy
ಈ ಉತ್ತಮ ಟ್ರೈಲರ್ ನನಗೆ ತುಂಬಾ ಇಷ್ಟವಾಯಿತು.,happy
ಜ್ಯೋತಿರಾದಿತ್ಯ ಜಿ ಶಿಂಧೆ ಅವರಿಗೆ ಜನ್ಮದಿನದ ಶುಭಾಶಯಗಳು,happy
ಕೊಲ್ಹಾಪುರದಲ್ಲಿ ದೀಪಾವಳಿ ಆಚರಣೆಯು ತುಂಬಾ ಸುಂದರವಾಗಿದೆ ಮತ್ತು ಆ ಸಮಯದಲ್ಲಿ ಗೌರವಾನ್ವಿತ ನಾಯಕ ರಾಜ್ ಠಾಕ್ರೆ ಸಾಹೇಬ್ ಅಲ್ಲಿ ಉಪಸ್ಥಿತರಿದ್ದರು.,happy
ಭೌ ಹಿಂದೂಗಳ ನಿಜವಾದ ಶತ್ರು ಯಾರು ಎಂದು ಈಗ ಜನರು ನಂಬಲು ಪ್ರಾರಂಭಿಸಿದ್ದಾರೆ. ಜೈ ಮಹಾರಾಷ್ಟ್ರ.,angry
ಐದು ಸಾವಿರ ಅನುಯಾಯಿಗಳನ್ನು ತಲುಪಲು ನಮಗೆಲ್ಲರಿಗೂ ಸಂತೋಷವಾಗಿದೆ,happy
ನಿಮ್ಮ ಪಕ್ಷದ ಪಪ್ಪುಸೇನೆಯಿಂದ ಬಿಜೆಪಿ ಅಭಿವೃದ್ಧಿಯಾಗಿದೆ ಎಂದು ನೀವು ಹೇಳಿದ್ದು ಸರಿ.,neutral
"ಲೇಖಕ, ದಾರ್ಶನಿಕ ಮತ್ತು ನೊಬೆಲ್ ಪ್ರಶಸ್ತಿ ವಿಜೇತ ಗುರು ರವೀಂದ್ರನಾಥ ಟ್ಯಾಗೋರ್ ಅವರ ಸ್ಮರಣಾರ್ಥ ದಿನದಂದು ಅವರಿಗೆ ಹೃತ್ಪೂರ್ವಕ ನಮನಗಳು.",happy
ಭಾರವಾಗಿತ್ತು,neutral
ವಿಜಯ ಬಾಳಾ ಸಾಹೇಬರ ಆಶೀರ್ವಾದ.,happy
ಭವಿಷ್ಯಕ್ಕಾಗಿ ಶುಭಾಶಯಗಳು!,happy
ಮಹಾರಾಷ್ಟ್ರದ ಕುಲದೇವತೆಯಾದ ಖಂಡೋಬಾನ ಚಂಪಾಷಷ್ಠಿ ಹಬ್ಬದ ಶುಭಾಶಯಗಳು!,happy
ಆಲ್ ದಿ ಬೆಸ್ಟ್... ನಾವೂ ನಿಮಗೆ ಬೆಂಬಲ ನೀಡುತ್ತೇವೆ... ಜೈ ವಿದರ್ಭ,happy
ಕೋಜಗಿರಿ ಪೂರ್ಣಿಮಾ ಶುಭಾಶಯಗಳು!!,happy
ಈ ಮಹತ್ವದ ಜವಾಬ್ದಾರಿಯನ್ನು ಪಡೆದಿದ್ದಕ್ಕಾಗಿ ಅಭಿನಂದನೆಗಳು.,happy
ಆದ್ದರಿಂದ ನಿಮ್ಮ ಅಸ್ತಿತ್ವವು ಉತ್ತಮ ಜನರಿಗೆ ಬದ್ಧವಾಗಿದೆ.,neutral
ಆಘಾತ ಏನು? ಆ ಹುದ್ದೆಯನ್ನು ತುಂಬಲು ಹಲವು ಹೊಸ ಶಿವಸೈನಿಕರು ಸಿದ್ಧರಾಗಿದ್ದಾರೆ..!!,happy
"ತುಂಬಾ ಚೆನ್ನಾಗಿದೆ ಸರ್, ಈ ಚಿಕ್ಕ ಸಹಾಯ ಆ ಕುಟುಂಬದ ಎಲ್ಲರ ಮುಖದಲ್ಲಿ ಮಂದಹಾಸ ಮೂಡಿಸಿದೆ.",happy
"ಸರ್ವ ಮಂಗಳ ಮಾಂಗಲ್ಯೇ, ಶಿವೇ ಸರ್ವಾರ್ಥ ಸಾಧಿಕಾ, ಶರಣ್ಯ ತ್ರ್ಯಂಬ್ಕೆ ಗೌರಿ, ನಾರಾಯಣಿ ನಮೋಸ್ತುತೇ...",happy
ಜನ್ಮದಿನದ ಶುಭಾಶಯಗಳು ಸಹೋದರ,happy
ಶುಭ ಪ್ರಯಾಣ ಗುರೂಜಿ. ./_,happy
ಮರಾಠಿ ಟೈಗರ್ ನಿಮ್ಮ ಬಗ್ಗೆ ತುಂಬಾ ಹೆಮ್ಮೆ ಮತ್ತು ಹೆಮ್ಮೆ ಇದೆ,happy
ತುಂಬಾ ಚಿಂತೆ! ಮನಸ್ಸು ತುಂಬಿ ಉಳಿಯುತ್ತದೆ. ಆದರೆ ಇದೆಲ್ಲವೂ ಜೂನ್ ನಂತರ ಅನಿಸಲಾರಂಭಿಸಿತು.,sad
ಇವರು ವಿದೇಶಿಗರು,neutral
ಹದಿಹರೆಯದ ಹುಡುಗನಿಗೆ ವರ ಎಂದು ಕರೆದರೆ ಸಂತೋಷವಾಗುವುದಿಲ್ಲ.,neutral
ನನ್ನ ಸಹೋದ್ಯೋಗಿಗಳಿಗೆ ದೀರ್ಘಾಯುಷ್ಯದ ಶುಭಾಶಯಗಳು.,happy
ಏಳು ದಿನಗಳ ಭಗವತ್ ಜ್ಞಾನ ಗಂಗಾ ಉದ್ಘಾಟನೆ./ ?,neutral
"ದೇಶದ ಇತಿಹಾಸದಲ್ಲಿ ಮಹಾರಾಷ್ಟ್ರವನ್ನು ಹೆಮ್ಮೆಯ ಮತ್ತು ಪವಿತ್ರ ಕ್ಷಣವೆಂದು ಆಚರಿಸಲಾಗುತ್ತದೆ, ಅದರ ಉತ್ಸಾಹಿಗಳ ಅಭಿಪ್ರಾಯವು ಇನ್ನಷ್ಟು ಉತ್ಸಾಹಭರಿತವಾಗಿದೆ.",happy
"ದವಡೆ ಮುರಿದಿದ್ದರೂ, ಅನಿಲ್ ಕುಂಬ್ಳೆ ಏಕಾಂಗಿಯಾಗಿ ಓವರ್ ಬೌಲ್ ಮಾಡುವ ಧೈರ್ಯವನ್ನು ಹೊಂದಿದ್ದರು.",happy
ಡೊಂಬಿವಲಿಯಲ್ಲಿ ಬಣ್ಣಗಳನ್ನು ಆಡುತ್ತಿದ್ದಾಗ ಎರಡು ಗುಂಪುಗಳು ಸಣ್ಣ ಜಗಳಕ್ಕೆ ಹೊಡೆದವು.,neutral
ಮಹಾರಾಷ್ಟ್ರದ ಉಜ್ವಲ ಭವಿಷ್ಯಕ್ಕಾಗಿ ಪಾರದರ್ಶಕ ನೇಮಕಾತಿ...,neutral
"ಹವಾ ಆನೆ ದೋ, ಮಹಾರಾಷ್ಟ್ರದ ನಗೆ ಮೇಳ ನನ್ನ ನೆಚ್ಚಿನ ಕಾರ್ಯಕ್ರಮ.",happy
ಧನ್ಯವಾದಗಳು ವಿಕ್ರಾಂತ್ ಜೀ! ಮರಾಠ ಯುವಕರ ಹಿತಕ್ಕಾಗಿ ಒಟ್ಟಾಗಿ ಕೆಲಸ ಮಾಡೋಣ!,happy
ನಮ್ಮ ಗೆಳೆಯ ಡಾ.ಅಮೋಲ್ ಕನ್ಯಾ ರತ್ನ ಪಡೆದರು,happy
"ಎಲ್ಲಾ ಬದಲಾವಣೆಗಳು ಸಮಯದೊಂದಿಗೆ ಸಂಭವಿಸಿದರೂ, ನಾವು ನಮ್ಮ ನಿರ್ಣಯವನ್ನು ಬಿಟ್ಟುಕೊಟ್ಟಿಲ್ಲ",happy
ರಾಯಗಢ್ ಜಿಲ್ಲೆಯಲ್ಲಿ ನಿಮ್ಮೊಂದಿಗೆ ಇರುವ ಜನರಿಗೆ ಈ ವಾಕ್ಯವನ್ನು ಹೇಳಿದ್ದಕ್ಕಾಗಿ ಧನ್ಯವಾದಗಳು. ಮಂತ್ರಿ ಮಾರ್ಗದರ್ಶಕ,happy
ಜ್ಯೋತಿಷ್ಯ ಉಪನ್ಯಾಸ ಸರಣಿಗೆ ಅದ್ಭುತ ಪ್ರತಿಕ್ರಿಯೆ - ./--...,neutral
ಡ್ರಮ್ ಬಾರಿಸುವುದು ಮತ್ತು ಹಾಡುವುದು ಅವರಿಗೆ ನಂಬರ್ ಒನ್ ಐಡಿಯಾ.,happy
ಎಲ್ಲರಿಗೂ ಸಂಕಟ ಚತುರ್ಥಿಯ ಶುಭಾಶಯಗಳು,happy
ಅಭಿನಂದನೆಗಳು ಮತ್ತು ಅದೃಷ್ಟ. ಪುಣೆಯಲ್ಲಿದ್ದಾಗ ಮುಂದಿನ ಬ್ಯಾಚ್ ಖಂಡಿತಾ ಬರುತ್ತದೆ.,happy
ಶಕ್ತಿಶಾಲಿ ದೇವರು ಮಂಗುಟ್ ಅನ್ನು ಸೆರೆಹಿಡಿಯಲಾಯಿತು ಮತ್ತು ಹೆಸರುಗಳನ್ನು ಗೊಂದಲಗೊಳಿಸಲಾಯಿತು. ನಿಮ್ಮ ಇತಿಹಾಸದ ಅಧ್ಯಯನ ವಿವಾದಾತ್ಮಕವಾಗಿದೆ.,happy
ಗಣಪತಿ ನಿಮಜ್ಜನವನ್ನು ಸಮುದ್ರ ರಕ್ಷಕ ದಳ ಹಾಗೂ ಜೀವರಕ್ಷಕರ ನೆರವಿನಿಂದ ಸುರಕ್ಷಿತವಾಗಿ ನೆರವೇರಿಸಲಾಯಿತು.,neutral
ಇಂದಿನಿಂದ ಪ್ರಾರಂಭವಾಗುವ ಅಣೆಕಟ್ಟು ಯೋಜನೆಯ ಉದ್ಘಾಟನೆಗೆ ಎಲ್ಲರಿಗೂ ಶುಭಾಶಯಗಳು!,happy
ಕೋಜಗಿರಿ ಪೂರ್ಣಿಮಾ ಶುಭಾಶಯಗಳು.,happy
ಎಲ್ಲರಿಗೂ ರಕ್ಷಾಬಂಧನ ಮತ್ತು ನರಳಿ ಪೂರ್ಣಿಮೆಯ ಶುಭಾಶಯಗಳು..!,happy
ಮದರಾಸಿನ ವಿದ್ಯಾರ್ಥಿಗಳು ಅಭಿವೃದ್ಧಿಪಡಿಸಿದ ಹೊಸ ಸಾಫ್ಟ್‌ವೇರ್‌ನಿಂದ ಈ ಕ್ಷೇತ್ರಕ್ಕೆ ಹೆಚ್ಚಿನ ಲಾಭವಾಗಲಿದೆ,happy
ಜನ್ಮದಿನದ ಶುಭಾಶಯಗಳು ಸರ್,happy
"ಆತ್ಮೀಯ ನಾಥಭಾವು ಖಡ್ಸೆ, ನಿಮಗೆ ಹೊಸ ವರ್ಷದ ಶುಭಾಶಯಗಳು..//...",happy
ಯೋಜನೆಯನ್ನು ಪ್ರಾಯೋಗಿಕ ಯಶಸ್ಸನ್ನು ಪರಿಗಣಿಸಿ.,neutral
ಎಲ್ಲಾ ನಾಗರಿಕರಿಗೆ ಜನ್ಮದಿನದ ಶುಭಾಶಯಗಳು!,happy
ಇತರ ಜನಪ್ರತಿನಿಧಿಗಳೂ ಇದನ್ನು ಅನುಸರಿಸಬೇಕು. ತುಂಬಾ ಒಳ್ಳೆಯ ಚಟುವಟಿಕೆ.,happy
"ಅಭಿನಂದನೆಗಳು ಸರ್, ಭವಿಷ್ಯಕ್ಕೆ ಶುಭ ಹಾರೈಕೆಗಳು...",happy
ಭೀಮಾ ಕೋರೆಗಾಂವ್ ಶೌರ್ಯ ದಿನದ ಶುಭಾಶಯಗಳು...!!!,happy
ರಾಧೆ-ರಾಧೆ,neutral
ನಿಮ್ಮೆಲ್ಲರ ಆಶೀರ್ವಾದದಿಂದ ಅನಸರಕ ಪೂರ್ಣಗೊಂಡಿದೆ. ಎಲ್ಲರಿಗೂ ತುಂಬಾ ಧನ್ಯವಾದಗಳು,happy
ಸಹೋದರತ್ವದ ಅವಿನಾಭಾವ ಸಂಬಂಧದ ಹಬ್ಬವಾದ ರಕ್ಷಾಬಂಧನ ಮತ್ತು ತೆಂಗಿನಕಾಯಿ ಪೂರ್ಣಿಮೆಯ ಶುಭಾಶಯಗಳು!,happy
ಈ ನಿರ್ಧಾರವು ರಾಜ್ಯದ ನ್ಯಾಯಾಂಗ ವ್ಯವಸ್ಥೆಯನ್ನು ಇನ್ನಷ್ಟು ಪರಿಣಾಮಕಾರಿಯಾಗಿಸಲು ಖಂಡಿತವಾಗಿಯೂ ಸಹಾಯ ಮಾಡುತ್ತದೆ.,neutral
ಅಭಿನಂದನೆಗಳು ಸಹೋದರ...ನೀವು ಇತಿಹಾಸ ಸೃಷ್ಟಿಸಿದ್ದೀರಿ ಬಾಹುಬಲಿ ನೀರಜ್ ಚೋಪ್ರಾ,happy
ಪ್ರಜಾಪ್ರಭುತ್ವ ಜೀವಂತವಾಗಿದೆ ಎಂದು ಹೇಳುತ್ತಿರುವ ವೀರ ಪತ್ರಕರ್ತರಿಗೆ ಶುಭಾಶಯಗಳು,happy
ಧನುಭಾಯಿ ವಿದ್ಯಾರ್ಥಿಗಳಿಗೆ ಮಾದರಿಯಾಗಿದ್ದಾರೆ.,happy
ಒಪ್ಪಿದೆ ಆದರೆ ಈಗ ಅದೊಂದು ಚಟವಾಗಿಬಿಟ್ಟಿದೆ,sad
ಕೋಜಗಿರಿ ಪೂರ್ಣಿಮಾ ಶುಭಾಶಯಗಳು!,happy
ಮೀರಾಬಾಯಿ ಚಾನು ಅವರಿಗೆ ಹೃತ್ಪೂರ್ವಕ ಅಭಿನಂದನೆಗಳು.,happy
ಅವರು ಮಹಿಳಾ ಶಕ್ತಿಯನ್ನು ತೋರಿಸಿದರು. ನಿಮ್ಮ ಧೈರ್ಯವನ್ನು ಮೆಚ್ಚಲೇಬೇಕು.,happy
ಈಗ ಮಹಾ ಕದನ ನಡೆಯಲಿದೆ... ಬಾಳಾ ಸಾಹೇಬರ ಶಿವಸೇನೆ ವಿರುದ್ಧ ಉದ್ಧವ್ ಠಾಕ್ರೆಯ ಶಿವಸೇನೆ. ಬಾಳಾ ಸಾಹೇಬರ ಶಿವಸೇನೆ,neutral
ಇದು ನಿಜ,neutral
ಇಂತಹ ಘಟನೆ ನಡೆದಿರುವುದು ವಿಶೇಷ. .......,happy
ಜೈ ಸ್ವಾಮಿನಾರಾಯಣ ಗಣಪತಿ ಬಪ್ಪ ಮೋರ್ಯಮಂಗಲಮೂರ್ತಿ ಮೋರ್ಯಾ!!,happy
ಅಣ್ಣ-ತಂಗಿಯರ ಅವಿನಾಭಾವ ಪ್ರೀತಿ ಮತ್ತು ಬಾಂಧವ್ಯದ ಹಬ್ಬ ರಕ್ಷಾಬಂಧನದ ಹಾರ್ದಿಕ ಶುಭಾಶಯಗಳು...!,happy
ಕುಟುಂಬವಾದವು ಒಂದು ಸುಂದರವಾದ ಪದವಾಗಿದೆ. ಕುಟುಂಬವಾದವು ಇಡೀ ಕುಟುಂಬದ ದೇಶಕ್ಕಾಗಿ ಸಮರ್ಪಣೆಯಾಗಿದೆ.,happy
ನಮ್ಮ ಮಾತನ್ನು ಕೇಳಿದ್ದಕ್ಕಾಗಿ ತುಂಬಾ ಧನ್ಯವಾದಗಳು. ನಿಮಗೆ ನೈತಿಕ ಶಕ್ತಿ ಸಿಗಲಿ! ',happy
ನಾವು ಮರಾಠಿಗರು ಸಹಿಗೆ ಕೃತಜ್ಞರಾಗಿರುತ್ತೇವೆ.,neutral
ಹರ ಹರ ಮಹಾದೇವ್ ಪುಷ್ಪಾ ಜಿ. ಶುಭೋದಯ.//...,happy
ಪಿವಿ ಸಿಂಧು ಬ್ಯಾಡ್ಮಿಂಟನ್‌ನಲ್ಲಿ ಚಿನ್ನದ ಪದಕ ಗೆದ್ದಿದ್ದಾರೆ.,happy
"ಶೀಘ್ರದಲ್ಲೇ ಎಲ್ಲಾ ಕಾರ್ಮಿಕರ ಮೇಲಿನ ನಿಷೇಧವನ್ನು ತೆಗೆದುಹಾಕಲಾಗುವುದು, ಚಿಂತಿಸಬೇಡಿ",neutral
ನಿಮ್ಮ ಭಾಷೆ ಬಿಜೆಪಿಯ ನಾಗರಿಕತೆ,neutral
ಮಹಾಲಕ್ಷ್ಮಿ ದರ್ಶನದೊಂದಿಗೆ ಹೊಸ ವರ್ಷದ ಆರಂಭ...,happy
ಹೊಸ ವರ್ಷದ ಶುಭಾಶಯಗಳು ಸಹೋದರ./_/...,happy
ಗುಜರಾತ್ ಅಭಿವೃದ್ಧಿಯ ಹೊಸ ಎತ್ತರವನ್ನು ವೇಗವಾಗಿ ತಲುಪುತ್ತಿದೆ: ಪ್ರಧಾನಿ,happy
"ಮುಂದುವರಿಯಿರಿ ಸಹೋದರ + ಅನೇಕ ಅಭಿನಂದನೆಗಳು, ನಮಗೆ ಅನೇಕ ಆಶೀರ್ವಾದಗಳು, ಭೂತ ಅಸುದಾ",happy
ಅಂದಿನಿಂದ ಶೇಗಾಂವ್‌ಗೆ ಹೋಗಿಲ್ಲ ಆದರೆ ಗೋದಾಮ್‌ವಾಲೆಯನ್ನು ಅನುಭವಿಸಿದೆ. ತುಂಬಾ ಚೆನ್ನಾಗಿದೆ..,happy
"ಇದು ನಿಜವಾಗಿಯೂ ಅದ್ಭುತವಾಗಿದೆ, ಇದು ವಿದ್ಯಾರ್ಥಿಗಳಿಗೆ ಉತ್ತಮ ಶಿಕ್ಷಣವನ್ನು ನೀಡುತ್ತದೆ.",happy
ಅವಳು ಅದ್ಭುತವಾದ ರಾಪ್ ಅನ್ನು ಸಹ ಹಾಡುತ್ತಾಳೆ ...,neutral
ಅವರ ದೀಪಾವಳಿ ತುಂಬಾ ಗ್ರ್ಯಾಂಡ್ ಆಗಿರುತ್ತದೆ,happy
ನೂತನವಾಗಿ ನೇಮಕಗೊಂಡ ಮಹಿಳಾ ಸರಪಂಚ್ ರಂಜನಾ ಪುಕ್ಲೆ ಅವರನ್ನು ಸನ್ಮಾನಿಸಲಾಯಿತು.,neutral
"ಇದು ಅಗ್ಗದ ಇಂಧನಕ್ಕೆ ಉತ್ತಮ ಪರ್ಯಾಯವಾಗಿದೆ, ತಂತ್ರಜ್ಞಾನದಲ್ಲಿಯೂ ಕಾರ್ಯನಿರ್ವಹಿಸುತ್ತಿದೆ",neutral
"ಭಾರತ ಮತ್ತು ಬಿಜೆಪಿಯೊಂದಿಗೆ ಕೈಜೋಡಿಸಿ, ಒಟ್ಟಿಗೆ ನಾವು ಉತ್ತಮ ಭವಿಷ್ಯದತ್ತ ಉತ್ತಮ ಪ್ರಗತಿಯನ್ನು ಸಾಧಿಸಬಹುದು.",happy
ವೇದಿಕೆ ದಾಟಿದ್ದಕ್ಕೆ ಅಭಿನಂದನೆಗಳು,happy
ಎಲ್ಲರಿಗೂ ಘಟಸ್ಥಾಪನೆ ಮತ್ತು ನವರಾತ್ರಿ ಹಬ್ಬದ ಶುಭಾಶಯಗಳು..,happy
ಜೀವನದಲ್ಲಿ ಯಶಸ್ಸು ಪಡೆಯಲು ಚಾಣಕ್ಯನ ಈ ಮಾತುಗಳನ್ನು ಯಾವಾಗಲೂ ನೆನಪಿನಲ್ಲಿಡಿ,neutral
ಎಲ್ಲರಿಗೂ ಕೋಜಗಿರಿ ಪೂರ್ಣಿಮಾ ದಿನದ ಶುಭಾಶಯಗಳು!,happy
"ಸಾಹೇಬ್ ಜೈ ಮಹಾರಾಷ್ಟ್ರ, ನನ್ನ ಸಾಯುವವರೆಗೂ ನಿಮ್ಮೊಂದಿಗೆ,",happy
ಜೈ ಸನಾತನ ಪವಿತ್ರ ಆರ್ಯ ಭೂಮಿಗೆ ಸ್ವಾಗತ..ವಸುದೈವ ಕುಟುಂಬಕಂ,happy
ನಿಮಗೂ ಮತ್ತು ನಿಮ್ಮ ಕುಟುಂಬದವರಿಗೂ ಹೊಸ ವರ್ಷದ ಶುಭಾಶಯಗಳು,happy
ಪ್ರತಿಯೊಬ್ಬ ನಾಗಪುರದ ನಾಗರಿಕರ ಪರವಾಗಿ ನಾನು ಅವರಿಗೆ ಕೃತಜ್ಞತೆ ಸಲ್ಲಿಸುತ್ತೇನೆ.,neutral
ಅನೇಕ ಬಾಳಾಸಾಹೇಬರು ಇದ್ದಾರೆ ಆದರೆ ಗೌರವಾನ್ವಿತ ಬಾಳಾಸಾಹೇಬ್ ಠಾಕ್ರೆ ಒಬ್ಬರೇ.,happy
ಭಾರತಕ್ಕೆ ಮೊದಲ ಪದಕ,happy
ಹೊಸ ವರ್ಷದ ಶುಭಾಶಯಗಳು ಸರ್..,happy
ಬಡವರ ಕೈವಾರಿ ಸಾಹೇಬರು ನಮ್ಮ ನಿಜವಾದ ಹೆಮ್ಮೆ.,happy
ಭೂತಾನ್‌ನ ಅತ್ಯುನ್ನತ ಪ್ರಶಸ್ತಿ ನೀಡಿ ಗೌರವಿಸಿದ ಪ್ರಧಾನಿ ನರೇಂದ್ರ ಮೋದಿ! ಹೃತ್ಪೂರ್ವಕ ಅಭಿನಂದನೆಗಳು,happy
! ಮುಖ್ಯ ಎಂಜಿನ್ ..//...,neutral
ಪುಣೆಯ ಸಹ್ಯಾದ್ರಿ ಪ್ರತಿಷ್ಠಾನದಿಂದ ವಿಶಿಷ್ಟ ಕೆಲಸ! .//,happy
ಪ್ರೀತಿಯಲ್ಲಿ ನಂಬಿಕೆ!,neutral
ಇದು ಸರಿಯಾಗಿದೆ,neutral
ಜೈ ಭವಾನಿ ಜೈ ಶಿವರಾಯ್ ನಾವು ಒಂದಾಗುವುದನ್ನು ಬಿಟ್ಟು ಬೇರೆ ದಾರಿಯಿಲ್ಲ,happy
ಪ್ರತಿದಿನ ದೇವರ ಸ್ಮರಣೆಗಾಗಿ ಸಾತ್ವಿಕ್ ಪದಕದ ಪ್ರಯೋಜನವನ್ನು ಪಡೆದುಕೊಳ್ಳುವುದನ್ನು ಖಚಿತಪಡಿಸಿಕೊಳ್ಳಿ.,neutral
: ಸ್ಥಳೀಯ ರಾಜಕೀಯದಲ್ಲಿ ನರ್ವಾಡೆ ಸಕ್ರಿಯ ನಾಯಕರಾಗಿ ಗುರುತಿಸಿಕೊಂಡಿದ್ದರು.,happy
"ಹಿರಿಯ ಸಹೋದರ ಪ್ರವೀಣ್ ಗಾಯಕವಾಡ, ಕಾರ್ಯದರ್ಶಿ, ಕೇಂದ್ರ ಕಾರ್ಯದರ್ಶಿ ಅವರಿಗೆ ಜನ್ಮದಿನದ ಶುಭಾಶಯಗಳು.",happy
ಮದುವೆಯ ಬಲೆಗೆ ಬೀಳುವುದಕ್ಕಿಂತ ಉತ್ತಮವಾದದ್ದು ಯಾವುದೂ ಇಲ್ಲ.,neutral
ಇದು ತುಂಬಾ ಭಾರವಾದ ಎಳೆ... ದೇಶಪ್ರೇಮಿಗಳು ಓದಲೇಬೇಕು,happy
'ಸಿಂಧುದುರ್ಗ ಜಿಲ್ಲೆ ಪ್ರಕೃತಿಯಿಂದ ಸಮೃದ್ಧವಾಗಿದೆ; 'ಆದರ್ಶ ಶೈಕ್ಷಣಿಕ ವಾತಾವರಣವನ್ನು ಸೃಷ್ಟಿಸಲು ಪ್ರಯತ್ನಿಸಿ.',happy
"ಸರ್, ನೀವು ನಿಷ್ಠಾವಂತ ಮತ್ತು ನಿರ್ಭೀತ ಎಂದು ಇತಿಹಾಸದಲ್ಲಿ ದಾಖಲಾಗುತ್ತೀರಿ.",happy
ಜನ್ಮದಿನದ ಶುಭಾಶಯಗಳು ಓಂ ಆಚಾರ್ಯಜಿ,happy
ಜೈ ಶಿವ ಶಂಭು ಹರ ಮಹಾದೇವ್ ಶುಭೋದಯ ವಂದನಾ,happy
!. ಅವರ ಶಹಾನಿ ಸಕಲ್ ಕಥೆಗಳು ಮತ್ತು ರಹಸ್ಯ ಕಥೆಗಳ ಸಂಗ್ರಹವಾಗಿದೆ.,neutral
ಓಂ ಸರ್ವಮಂಗಳ ಮಾಂಗಲ್ಯೇ ಶಿವೇ ಸರ್ವಾರ್ಥ ಸಾಧಿಕಾ । ಶರಣ್ಯೇ ತ್ರ್ಯಮ್ಬಕೇ ಗೌರೀ ನಾರಾಯಣಿ ನಮೋತ್ಸುತೇ ।,happy
ಶುಭವಾಗಲಿ ಸಹ್ಯಾದ್ರಿ! ./_/…,happy
ನಾಗಪಂಚಮಿಯ ಶುಭಾಶಯಗಳು ಸರ್,happy
ಕಿನ್ನ ಸೋನಾ ಹಾಡು ನಿಜಕ್ಕೂ ಅದ್ಭುತ..ಸಂಗೀತ ತಾಜಾವಾಗಿದೆ,happy
ಭಾರತದ ಹೆಮ್ಮೆ.. ವಂದೇ ಭಾರತ್ ರೈಲು..,happy
"ಜನ್ಮದಿನದ ಶುಭಾಶಯಗಳು ""ದೇವ್ದಿ ದೇವ್"" ದಾದಾ!",happy
ನಿಮ್ಮಂತಹ ಸಮರ್ಥ ಅಧಿಕಾರಿಗಳಿಂದ ಈ ಜಿಲ್ಲೆ ಖಂಡಿತಾ ಪ್ರಗತಿ ಸಾಧಿಸುತ್ತದೆ.,happy
ಇವು ಉತ್ತಮ ಚಿಂತನೆ ಮತ್ತು ಸಂದರ್ಶನದ ಚರ್ಚೆಯ ಪರಿಪೂರ್ಣ ಸಾರಾಂಶವಾಗಿದೆ.,neutral
ಇದು ಕೂಡ ಭಾರವಾಯಿತು,neutral
ಜನ್ಮದಿನದ ಶುಭಾಶಯಗಳು ಸರ್. ./…,happy
"ದಾದಾ ನನಗೆ ಚರ್ಚೆ ಇಷ್ಟ, ಎಲ್ಲಿಯೂ ಗೊಂದಲವಿಲ್ಲ, ಶಾಂತಿಯುತವಾಗಿ ಚರ್ಚೆ ನಡೆಯುತ್ತಿದೆ...",neutral
ಮತ್ತೊಬ್ಬ ಫಲಾನುಭವಿ.,neutral
ನಿಮ್ಮ ಗೃಹ ಸಚಿವರು ಕೋಟ್ಯಂತರ ರೂಪಾಯಿ ವಸೂಲಿ ಮಾಡುವುದರಲ್ಲಿ ನಿರತರಾಗಿದ್ದಾರೆ ಮತ್ತು ಆರೋಪ ಮಾಡಬೇಕಾಗಿಲ್ಲ ಎಂದು ಕೇಳಿ ಸಂತೋಷವಾಯಿತು!,neutral
ಸರ್ ನಮ್ಮ ಸ್ಪೆಷಲ್ ಫ್ರೆಂಡ್,neutral
ಈ ಎಲ್ಲಾ ವಿದ್ಯಾರ್ಥಿಗಳಿಗೆ ಮತ್ತು ಪ್ರಬೋಧಿನಿಯ ಇಡೀ ತಂಡಕ್ಕೆ ಶುಭಾಶಯಗಳು!,happy
ಜನ್ಮದಿನದ ಶುಭಾಶಯಗಳು ನಾನಾಸಾಹೇಬ್,happy
ಶಿವಶ್ರೀ ಪುರುಷೋತ್ತಮ ಖೇಡ್ಕರ್ ಸಾಹೇಬರಿಗೆ ಜನ್ಮದಿನದ ಶುಭಾಶಯಗಳು.,happy
"ಅನುಭವವನ್ನು ಪಡೆಯಿರಿ ಮತ್ತು ನಿಮ್ಮನ್ನು ನಂಬಿರಿ, ನೀವು ಜಗತ್ತನ್ನು ಗೆಲ್ಲುತ್ತೀರಿ.",happy
ನಿರಂತರವಾಗಿ ಒಳ್ಳೆಯ ಕೆಲಸವನ್ನು ಮಾಡುವುದು ತುಂಬಾ ಕಷ್ಟ ಆದರೆ ನೀವು ಪ್ರಕೃತಿಯನ್ನು ಉಳಿಸಲು ನಿಮ್ಮ ಕೈಲಾದಷ್ಟು ಪ್ರಯತ್ನಿಸುತ್ತಿದ್ದೀರಿ,neutral
ಈ ಎರಡೂ ವ್ಯಕ್ತಿಗಳು ತಮ್ಮದೇ ಆದ ರೀತಿಯಲ್ಲಿ ಪ್ರಮುಖ ಮತ್ತು ಮೌಲ್ಯಯುತರು,neutral
ಎಲ್ಲಾ ಭಕ್ತರಿಗೆ ಮಹಾಶಿವರಾತ್ರಿಯ ಶುಭಾಶಯಗಳು!,happy
"ಫುಲ್ ಝೋಲ್ಲರ್ ಹುಡುಗ ಪಿಎಚ್‌ಡಿ ಪಡೆದ ತಕ್ಷಣ, ಸ್ಟಟರ್‌ನ ಸಂತೋಷವು ಗಗನಕ್ಕೇರಿತು.",happy
"ವಾಸ್ತವವಾಗಿ, ಜನರು ಆಚರಿಸಲು ಆನಂದಿಸುತ್ತಾರೆ ...",neutral
ಹಾಗಾಗಿಯೇ ಮಹಾರಾಷ್ಟ್ರ ರಾಜಕಾರಣದಲ್ಲಿ ದೇವೇಂದ್ರ ಜೀ ಅವರ ನಾಣ್ಯ ಚಾಲ್ತಿಯಲ್ಲಿದೆ.,happy
ಇವನು ದೇವರು ಎಂದು ಆಗಲೇ ಹೇಳಿದ್ದೆ ಗೆಳೆಯಾ.. ನಿಜವಾಗಲೂ ನಿನ್ನದೇ ದೇವರು.,happy
ಹೊಸ ವರ್ಷದ ಶುಭಾಶಯಗಳು ಸಾಹೇಬ್ ಸಂಜಯ ವಾಘಮಾರೆ ಅಂಬಾಜೋಗೈ,happy
ಶ್ರೀ ಹನುಮಾನ್ ಜನ್ಮೋತ್ಸವ ಚೈತ್ರ ಶುದ್ಧ ಪೂರ್ಣಿಮಾ ಶ್ರೀ ಜ್ಯೋತಿರ್ಲಿಂಗ ಯಾತ್ರೆ,neutral
ಈ ಸಹಕಾರಕ್ಕಾಗಿ ಧುಮಾಲ್ ಕುಟುಂಬಕ್ಕೆ ಕೃತಜ್ಞತೆ ಸಲ್ಲಿಸಿದರು.,neutral
LVM ನ ಯಶಸ್ವಿ ಉಡಾವಣೆಗೆ ಅಭಿನಂದನೆಗಳು!,happy
ಇಂಜಿನಿಯರ್ ದಿನಾಚರಣೆಯ ಶುಭಾಶಯಗಳು..!!,happy
ಬೇರುಗಳು ಉರ್ದು ಭಾಷೆಯಲ್ಲಿವೆ ಮತ್ತು ಇದು ಹೆಮ್ಮೆಯ ಪರಂಪರೆಯಾಗಿದೆ,happy
ಲಾಸುರ್‌ಗಾಂವ್‌ನಲ್ಲಿ ನಿರ್ಗತಿಕ ಮಹಿಳೆಯರಿಗೆ ಅಶೋಕ್ ಸೋನಾವಾನೆ ಅವರಿಂದ ಬೆಚ್ಚಗಿನ ಬಟ್ಟೆಗಳ ವಿತರಣೆ.//...,neutral
"ಸ್ವಚ್ಛ ಸರ್ವೇಕ್ಷಣ ಗ್ರಾಮೀಣ ಉದ್ಘಾಟನೆ, ದಯವಿಟ್ಟು ಬನ್ನಿ/-...",neutral
ಪರಿಸ್ಥಿತಿಯನ್ನು ಸುಧಾರಿಸಲು ಸರಿಯಾದ ಕ್ರಮ ತೆಗೆದುಕೊಳ್ಳಿ. ಕ್ಯಾಲೆಂಡರ್:../,neutral
ಎಲ್ಲರಿಗೂ ಹೋಳಿ ಪೂರ್ಣಿಮಾ ಶುಭಾಶಯಗಳು..!,happy
ವಿಜಯ ಸ್ತಂಭ ಭೀಮಾ ಕೋರೆಗಾಂವ್ ಶೌರ್ಯವನ್ನು ಪ್ರೇರೇಪಿಸುತ್ತದೆ....,happy
"ಅವರ ಮಗಳು ಹುಟ್ಟಿದ ನಂತರ, ಅವರು ಎಲ್ಲಾ ಮಿತಿಗಳನ್ನು ದಾಟಿದರು ಮತ್ತು ಗೃಹಪ್ರವೇಶ ಸಮಾರಂಭದಲ್ಲಿ ಸ್ವಾಗತಿಸಿದರು./-...",happy
"ಸರ್ ನಿಮ್ಮ ನಿರ್ಧಾರ ಸರಿಯಾಗಿದೆ, ನೀವು ರೈತರೊಂದಿಗೆ ಗಟ್ಟಿಯಾಗಿ ನಿಲ್ಲಬೇಕು",neutral
ಯುವಕರನ್ನು ಸ್ವಾವಲಂಬಿಗಳನ್ನಾಗಿ ಮಾಡುವಲ್ಲಿ ಪ್ರತಿಯೊಬ್ಬರೂ ಕೊಡುಗೆ ನೀಡಬೇಕು - ರಾಜ್ಯಪಾಲ ಭಗತ್ ಸಿಂಗ್ ಕೋಶ್ಯಾರಿ.,neutral
"ತುಂಬಾ ಚೆನ್ನಾಗಿದೆ,,ಒಮ್ಮೆ ನಿಮ್ಮನ್ನು ಭೇಟಿಯಾಗಬೇಕು, ಸಾಧ್ಯವೇ???",happy
ಧನ್ಯವಾದಗಳು ದೇವೇಂದ್ರ ಭಾವು,happy
"ನನಗೆ ಭೇದಿ ಇಲ್ಲ, ಜೀರ್ಣಕ್ರಿಯೆ ಕಷ್ಟ.",neutral
ತಮ್ಮ ಸಹ ಜೀವಿಗಳಿಗೆ ಜಾಗರೂಕರಾಗಿರಿ ಮತ್ತು ಜಾಗೃತರಾಗಿರಿ ಎಂಬ ಸಂದೇಶವನ್ನು ಹರಡುವ ಎಲ್ಲರಿಗೂ ಕೋಜಗಿರಿ ಪೂರ್ಣಿಮೆಯ ಶುಭಾಶಯಗಳು.,happy
ನಮ್ಮ ಸಹೋದರನ ಅನುಯಾಯಿಯಾದ ಬಡಗಲ್ ಭಾಯಿಯವರಿಗೆ ಹೃತ್ಪೂರ್ವಕ ಅಭಿನಂದನೆಗಳು. ../,happy
ಮತ್ತೆ ಹರಿಓಂ...ಅಯೋಧ್ಯಾ ಜೀ...ಸಂಸೇ ಜೈ ಮಹಾರಾಷ್ಟ್ರ,happy
"ಹೌದು, ಎಲ್ಲಾ ಸ್ನೇಹಿತರಿಗೆ ಧನ್ಯವಾದಗಳು, ಇಂತಹ ದೊಡ್ಡ ಉಪಕ್ರಮವನ್ನು ತೆಗೆದುಕೊಳ್ಳಲಾಗಿದೆ.",happy
"ದ್ವೇಷದ ಈ ಯುಗದಲ್ಲಿ, ಈ ಏಕತೆಯ ಬ್ಯಾಂಡ್ ಶತಮಾನಗಳವರೆಗೆ ನೆನಪಿನಲ್ಲಿ ಉಳಿಯುತ್ತದೆ.",happy
ಪತ್ರಕರ್ತರ ಸಮಸ್ಯೆಗೆ ಪರಿಹಾರ,neutral
"ಆ ದಿನ ನಾನು ಚಂದ್ರನನ್ನು ನೋಡಿದೆ, ನಿಜ ಹೇಳಬೇಕೆಂದರೆ ಅದು ಮೊದಲಿಗಿಂತ ಉತ್ತಮವಾಗಿ ಕಾಣುತ್ತದೆ",happy
ಎರಡು ಸಾವಿರ ಸಸಿಗಳನ್ನು ಉಚಿತವಾಗಿ ವಿತರಿಸುವ ಮೂಲಕ ಹೊಸ ವರ್ಷವನ್ನು ಸ್ವಾಗತಿಸಲಾಯಿತು. ./…,happy
ನಿಮಗೂ ಮತ್ತು ನಿಮ್ಮ ಕುಟುಂಬದವರಿಗೂ ಹೊಸ ವರ್ಷದ ಶುಭಾಶಯಗಳು...,happy
ಇಡೀ ತಂಡಕ್ಕೆ ಅಭಿನಂದನೆಗಳು... ಭವಿಷ್ಯದ ಶುಭಾಶಯಗಳು...,happy
ರಾಮಾಯಿ ಪಾತ್ರವನ್ನು ತುಂಬಾ ಆತ್ಮವಿಶ್ವಾಸದಿಂದ ಮತ್ತು ಡೈಲಾಗ್ ಡೆಲಿವರಿಯಿಂದ ಚೆನ್ನಾಗಿ ಮಾಡಿದ್ದೀರಿ.,happy
ಮಾಹಿತಿ ಸೇವಾ ಸಮಿತಿ ಕಾರ್ಯಕರ್ತರು ತೋರಣಗಡದಲ್ಲಿ ಯಶಸ್ವಿ ಟ್ರ್ಯಾಕಿಂಗ್ ಮಾಡಿದರು -,neutral
"ಶೀತಲ್ ತಾಯಿ, ನೀವು ಭಾರೀ ಸಂಪಾದನೆ ಮಾಡುತ್ತೀರಿ, ನೀವು ಎಲ್ಲವನ್ನೂ ಹೇಗೆ ನಿರ್ವಹಿಸುತ್ತೀರಿ?",happy
ಹಾಫ್ಕಿನ್ ಸಂಸ್ಥೆಯನ್ನು ಪುನರುಜ್ಜೀವನಗೊಳಿಸುವುದಕ್ಕಾಗಿ ಮಹಾರಾಷ್ಟ್ರ ಸರ್ಕಾರಕ್ಕೆ ಅಭಿನಂದನೆಗಳು,happy
ಸಾಹೇಬ್ ಜೈ ಮಹಾರಾಷ್ಟ್ರ..!! ನಮ್ಮ ಪುಣೆ ಜಿಲ್ಲೆಯಿಂದ ಹೃತ್ಪೂರ್ವಕ ಸ್ವಾಗತ,happy
ಮೊಬೈಲ್ ಯುಗದಲ್ಲಿ 10 ಗಂಟೆಗೆ ಮಲಗಿ 10 ಗಂಟೆಗೆ ಏಳುವ ವ್ಯಕ್ತಿ ಮಾತ್ರ ಯಶಸ್ವಿಯಾಗುತ್ತಾನೆ.,neutral
"ಪ್ರತಿಭಾವಂತ ಕಲಾವಿದ, ದಕ್ಷ ನಾಯಕ ಮತ್ತು ಅದ್ಭುತ ವ್ಯಕ್ತಿ, ಎಲ್ಲರೂ ಒಟ್ಟಾಗಿ ಸಮಾಜದಲ್ಲಿ ಸಕಾರಾತ್ಮಕ ಬದಲಾವಣೆಯನ್ನು ತರುತ್ತಾರೆ.",happy
"ಮಹಾರಾಷ್ಟ್ರದ ಏಕೈಕ, ರಕ್ಷಕ ಮತ್ತು ರಕ್ಷಕ",happy
ಈಗ ನಿರುದ್ಯೋಗವನ್ನು ಸೋಲಿಸಲು ನಿಮ್ಮ ಎಲ್ಲಾ ಶಕ್ತಿಯನ್ನು ಬಳಸಿ.,neutral
ಎಲ್ಲರಿಗೂ ವಸುಬರ ಹಬ್ಬದ ಶುಭಾಶಯಗಳು...!,happy
ಮಾಣಿಕ್ ಭಾಯಿ ಅಮೂಲ್ಯ ಸಲಹೆ ನೀಡಿದರು,neutral
ಅಹಲ್ಯಾ ದೇವಿಯ ಜನ್ಮ ವಾರ್ಷಿಕೋತ್ಸವದ ಹಳದಿಕೋಟ್ ಜೈ ಮಲ್ಹಾರ್ ಮಲ್ಹಾರ್ ಶೀಘ್ರದಲ್ಲೇ ಬರಲಿದೆ,happy
ಆದರೆ ಆ ಸಂದರ್ಭದಲ್ಲಿ ಅವರು ತಮ್ಮ ಮನದಾಳದ ಮಾತುಗಳನ್ನಾಡಿದರು... ಅದು ಒಳ್ಳೆಯದೇ.,neutral
ಆರು ಬಾರಿಯ ವಿಶ್ವ ಚಾಂಪಿಯನ್ ಮೇರಿ ಕೋಮ್ ಅವರು ಮುಂಬೈ ಮ್ಯಾರಥಾನ್‌ನ ಸದ್ಭಾವನಾ ರಾಯಭಾರಿಯಾಗಿದ್ದಾರೆ./-/...,neutral
ಓಂ ನಮಃ ಶಿವಾಯ ಹರ ಹರ ಮಹಾದೇವ ಮಹಾಶಿವರಾತ್ರಿಯ ಶುಭಾಶಯಗಳು,happy
ತಾತ್ಯಾ ಮುಲ್ಶಿ ಈ ಮಾದರಿಯಿಂದ ಪ್ರಭಾವಿತರಾದರು ಮತ್ತು ರೈತರೊಂದಿಗೆ ಅಪಾಯಕಾರಿ ತಾತ್ಯಾವನ್ನು ನಮಗೆ ತೋರಿಸಿದರು,neutral
ಅಂತಿಮವಾಗಿ ಇಂದು ಭಾರತ ಗೆದ್ದು ಸರಣಿಯನ್ನೂ ಗೆದ್ದುಕೊಂಡಿದೆ.,happy
ಹೋಳಿಯ ಬೆಂಕಿಯಲ್ಲಿ ಕೆಟ್ಟ ಆಲೋಚನೆಗಳು ಸುಡಲಿ. ಎಲ್ಲರಿಗೂ ಹೋಳಿ ಹಬ್ಬದ ಶುಭಾಶಯಗಳು,happy
"ಒಂದು ಗುರುತು, ಒಂದು ಪಕ್ಷ, ಶಿವಸೇನೆ ಮಾತ್ರ ಟಾರ್ಚ್ ಮಾರ್ಕ್ ದೇಶದ್ರೋಹಿಗಳಿಗೆ ರಾಜಕೀಯ ಅಂತ್ಯವನ್ನು ತರುತ್ತದೆ",angry
ಮಕರ ಸಂಕ್ರಾಂತಿಯ ಶುಭಾಶಯಗಳು!,happy
ಜಾತಿ ಹೇಗೆ ಕೆಲಸ ಮಾಡುತ್ತದೆ ಎಂಬುದಕ್ಕೆ ಒಂದು ಪರಿಪೂರ್ಣ ಉದಾಹರಣೆ.,neutral
ಹೆದ್ದಾರಿಗಳು ಮತ್ತು ಹೆದ್ದಾರಿ ಎಂಜಿನಿಯರ್‌ಗಳನ್ನು ಹೊರತುಪಡಿಸಿ ಎಲ್ಲಾ ಎಂಜಿನಿಯರ್‌ಗಳಿಗೆ ಶುಭವಾಗಲಿ.,happy
ನಿಮ್ಮನ್ನು ಯಶಸ್ವಿ ಎಂದು ಕರೆದುಕೊಳ್ಳುವುದು ಭಾರೀ ತಗ್ಗುನುಡಿಯಾಗಿದೆ.//...,neutral
ಕೋಲಿ ಸಹೋದರರಿಗೆ ನ್ಯಾಯಕ್ಕಾಗಿ ಸದಾ ಹೋರಾಡಿದ ರಾಜ್ ಶಿಲೇದಾರ್ ಕಿಶೋರ್ ಮತ್ತು ಸಾಕ್ಷಿ ರಾಣೆ ಅವರಿಗೆ ವಾರ್ಷಿಕೋತ್ಸವದ ಶುಭಾಶಯಗಳು.,happy
ನಿಮಗೂ ಮತ್ತು ಎಲ್ಲಾ ಕಾಂಗ್ರೆಸ್ ಹಿತೈಷಿಗಳಿಗೂ ಹೊಸ ವರ್ಷದ ಶುಭಾಶಯಗಳು! ./…,happy
ಸಕಾರಾತ್ಮಕತೆಯೇ ಆಧಾರ!!,neutral
"ಸರ್, ಅಭಿನಂದನೆಗಳು, ಈಗ ಮುಂದಿನ ಚುನಾವಣೆಗೆ ಆಲ್ ದಿ ಬೆಸ್ಟ್, ಒಳ್ಳೆಯ ಪ್ರಚಾರದ ಮೂಲಕ ಪ್ರತಿಪಕ್ಷಗಳ ಮೌನ.",happy
ನನ್ನ ಮತ್ತು ನನ್ನ ಕುಟುಂಬದಿಂದ ಹೊಸ ವರ್ಷದ ಶುಭಾಶಯಗಳು,happy
ಹೊಸ ವರ್ಷದ ಶುಭಾಶಯಗಳು ಸಹೋದರ!,happy
"ಖಂಡಿತ, ಇದು ಉತ್ತಮ ಯೋಜನೆಯಾಗಿದೆ",neutral
ಆದರೆ ಅಂಗವೈಕಲ್ಯವು ದುರ್ಬಲಗೊಳ್ಳುವ ಸಾಮರ್ಥ್ಯವು... ಪ್ರಚಂಡ...,neutral
"ವಾವ್ ಸರ್, ಸಂಪೂರ್ಣವಾಗಿ ಸರಿ",happy
Covishield ಮತ್ತು Covaxin ಲಸಿಕೆಗಳೆರಡೂ ಅವುಗಳ ಕಾರಣವನ್ನು ನೀಡಬೇಕು.,happy
ಕೋಳಿಯಾದರೂ ಇದೆಯೇ? ಕೋಳಿಯ ಬಗ್ಗೆ ಕೇಳಿದ್ದೆ. ಉತ್ತಮ ಮಾಹಿತಿ.,neutral
ಜನ್ಮದಿನದ ಶುಭಾಶಯಗಳು!! ಪಾರ್ಟಿ ಎಲ್ಲಿ ನಡೆಯಲಿದೆ ಎಂದು ದಯವಿಟ್ಟು ನನಗೆ ತಿಳಿಸಿ.,happy
"ಇದು ನಿಜವಾಗಿಯೂ ನಿಮ್ಮೆಲ್ಲರಿಗೂ ಒಂದು ಅದ್ಭುತ ಅವಕಾಶ, ಇದನ್ನು ತಪ್ಪಿಸಿಕೊಳ್ಳಬೇಡಿ",happy
ಖರ್ಗೆ ಅವರು ರಾಜದೀಪ್ ಅವರಿಗಿಂತ ಚೆನ್ನಾಗಿ ಮರಾಠಿ ಮಾತನಾಡುತ್ತಾರೆ ಎಂದು ಈ ಸಂದರ್ಶನದಲ್ಲಿ ಒಂದು ವಿಷಯ ಸ್ಪಷ್ಟವಾಗಿ ಅನಿಸಿತು.,happy
ಎಲ್ಲರಿಗೂ ಮಕರ ಸಂಕ್ರಾಂತಿಯ ಶುಭಾಶಯಗಳು!!,happy
"ಇದು ಮೋದಿಯವರ ಭಾರತ, ಇಲ್ಲಿ ಭಯೋತ್ಪಾದಕರ ಸಮಾಧಿಗಳನ್ನು ಅಗೆಯಲಾಗಿದೆ.",angry
ವಿಷ್ಣುಪುರಿಯಲ್ಲಿ ಗುರುಕೃಪಾ ಪೆಥಾಲಜಿ ಲ್ಯಾಬ್ ಉದ್ಘಾಟನೆಯ ಸಂದರ್ಭದಲ್ಲಿ ಸಂತೋಷ್ ಹುಂಬಾರ್ಡೆ ಅವರಿಗೆ ಅಭಿನಂದನೆಗಳು.,happy
ನಿಮಿಷಗಳಲ್ಲಿ ಈ ಕೋಡ್ ಬಳಸಿ %Xtra ಸೂಟ್ ಸರ್,happy
"ನೀವು ನಮಗೆ ಸ್ಫೂರ್ತಿ, ನಿಮ್ಮ ಕೊಡುಗೆಯ ಬಗ್ಗೆ ನಾವು ಹೆಮ್ಮೆಪಡುತ್ತೇವೆ! ರಾಷ್ಟ್ರೀಯ ಸಾರ್!",happy
ತುಂಬಾ ಒಳ್ಳೆಯ ನಿರ್ಧಾರ,happy
ಈ ಯೋಜನೆ ಪೂರ್ಣಗೊಂಡರೆ ಸ್ಲಂ ಪುನರಾಭಿವೃದ್ಧಿ ಯೋಜನೆಗಳಿಗೆ ಮಾದರಿಯಾಗಲಿದೆ' ಎಂದರು.,neutral
ಈಗ ನಾವು ಕಾಡು ಪಾರ್ಟಿಯನ್ನು ಯೋಜಿಸಬೇಕಾಗಿದೆ! ಅಭಿನಂದನೆಗಳು.//...,happy
ಮಹಾರಾಷ್ಟ್ರ ರಾಜ್ಯ ಜೀವವೈವಿಧ್ಯ ಮಂಡಳಿ ಸಂಸ್ಥಾಪನಾ ದಿನ,neutral
ಉದ್ಧವ್ ಸಾಹೇಬರಿಗೆ ಯಾರ ಸಹಾನುಭೂತಿ ಬೇಕಿಲ್ಲ... ಎದುರಾಳಿಗೆ ಶಿವಸೈನಿಕರು ಸಾಕು. ಜೈ ಮಹಾರಾಷ್ಟ್ರ...,angry
ತೆಂಗಿನಕಾಯಿ ಪೂರ್ಣಿಮಾ ಮತ್ತು ರಕ್ಷಾಬಂಧನ ಹಬ್ಬದ ಶುಭಾಶಯಗಳು!!!!,happy
ಹಜಾರಿ ಆದ ಕೊಲ್ಲಾಪುರ ಅವರಿಗೆ ಅಭಿನಂದನೆಗಳು,happy
"ಬಹಳ ಸಮಯದ ನಂತರ ನಾನು ಬುದ್ಧಿವಂತ, ಆಕರ್ಷಕ ಮತ್ತು ನಿರ್ಭೀತ ಭಾಷಣಕಾರನನ್ನು ನೋಡಿದೆ.",neutral
ಈ ವರ್ಷದ ಪ್ರದರ್ಶನ ಉತ್ತಮ ವಿಜಯ್ ಭಾಯ್,happy
ಎಲ್ಲಾ ಬಂಧುಗಳಿಗೆ ಹಾರ್ದಿಕ ಶುಭಾಶಯಗಳು..!,happy
ಅಂಧೇರಿಯನ್ನು ಶಾಸಕರಾಗಿ ಮುನ್ನಡೆಸಲು ನಿಮಗೆ ಉತ್ತಮ ಅವಕಾಶವಿದೆ!,happy
ಪ್ರಕೃತಿಯ ಬಣ್ಣಗಳು ಹೊಸ ಯುಗಕ್ಕೆ ಹೊಸ ನೋಟವನ್ನು ನೀಡುತ್ತವೆ.,neutral
"ಮಹಾರಾಷ್ಟ್ರ ಸರ್ಕಾರ ಮತ್ತು M.R.V.P.C. ಧನ್ಯವಾದಗಳು (ಮಹಾರಾಷ್ಟ್ರ), ನಿನ್ನೆ ನಾನು ನವರಾತ್ರಿ ಹಬ್ಬದ ಸಮಯದಲ್ಲಿ ಲೋಡ್ ಶೆಡ್ಡಿಂಗ್ ಬಗ್ಗೆ ಟ್ವೀಟ್ ಮಾಡಿದ್ದೇನೆ!",neutral
|| ಹರ ಹರ ಮಹಾದೇವ್ ||,neutral
ನಿರ್ಭೀತ ಮತ್ತು ನಿಷ್ಪಕ್ಷಪಾತ ವರದಿಗಾರಿಕೆಗೆ ಇಂತಹ ಚಿಂತನೆ ಅಗತ್ಯವಾಗಿತ್ತು. ಅಭಿನಂದನೆಗಳು! .//...,happy
ನಿಮ್ಮ ಕೆಲಸದಲ್ಲಿ ಅದೃಷ್ಟ!,happy
ತುಂಬಾ ಒಳ್ಳೆಯ ನಿರ್ಧಾರ ತೈ ಜೈ ಹಿಂದ್ ಜೈ ಹಿಂದೂರಾಷ್ಟ್ರ,happy
ವರಡ್ಚಿ ಮುಂಜ್ ಒಂದು ಮರೆಯಲಾಗದ ಆಚರಣೆ..//,happy
ಪೀಳಿಗೆಯಿಂದ ಪೀಳಿಗೆಗೆ ಆಹಾರಕ್ಕಾಗಿ ಭಿಕ್ಷೆ ಬೇಡುವ ಶ್ರೇಷ್ಠ ಸಂಪ್ರದಾಯವಿದೆ.,neutral
ಹೊಸ ಅವಕಾಶಗಳನ್ನು ಹುಡುಕಲು ಸ್ವಲ್ಪ ಸಮಯ ತೆಗೆದುಕೊಳ್ಳುತ್ತದೆ.,neutral
ನಿಮಗೆ ಮತ್ತು ನಿಮ್ಮ ಕುಟುಂಬಕ್ಕೆ ದೀಪಾವಳಿಯ ಶುಭಾಶಯಗಳು,happy
ಪತನಗೊಳ್ಳುತ್ತಿರುವ ಠಾಕ್ರೆ ಪಕ್ಷವನ್ನು ಉಳಿಸಲು ನಿಮ್ಮಿಂದ ಮಾತ್ರ ಸಾಧ್ಯ ಎಂಬುದು ಸ್ಪಷ್ಟವಾಗಿದೆ.,neutral
ನಾನು ನಾಳೆ ತಿನ್ನುತ್ತೇನೆ,neutral
ಎಲ್ಲರಿಗೂ ರಕ್ಷಾಬಂಧನ ಮತ್ತು ನರಳಿ ಪೂರ್ಣಿಮಾ ಶುಭಾಶಯಗಳು!,happy
"ಜೀವನದಲ್ಲಿ ಯಶಸ್ವಿಯಾಗಲು, ಯಾವಾಗಲೂ ಸಿಹಿ ಮಾತನಾಡುವವರ ಬಗ್ಗೆ ಎಚ್ಚರದಿಂದಿರಿ. ./-…",neutral
ಶೇಖರ್ ಸುಮನ್ ಪೋಲ್ ಖೋಲ್ ಅತ್ಯುತ್ತಮ ಕಾರ್ಯಕ್ರಮ.//...,neutral
"ನೀವು ದೀರ್ಘ ಮತ್ತು ಆರೋಗ್ಯಕರ ಜೀವನವನ್ನು ಹೊಂದಲಿ, ನಾನು ಬಪ್ಪನನ್ನು ಪ್ರಾರ್ಥಿಸುತ್ತೇನೆ.",happy
"ನಮ್ಮಲ್ಲಿ ವಿಶೇಷತೆಗಳಿವೆ, ಆದ್ದರಿಂದ ಯಾವಾಗಲೂ ಏನಾದರೂ ನಡೆಯುತ್ತಿದೆ",neutral
ಹಿಂದುತ್ವಕ್ಕೆ ಅಪಾಯವಿಲ್ಲ...ಈಗ ಹಿಂದುತ್ವಕ್ಕೆ ಅಪಾಯವಿಲ್ಲ...ಈ ಮೈತ್ರಿ ಹಿಂದುತ್ವಕ್ಕಾಗಿಯೂ ಇದೆ.,happy
ಜೈ ಗೋಪಿನಾಥ್ ಪ್ರತಿಷ್ಠಾನದ ಹೆಮ್ಮೆ,happy
ಎಲ್ಲರಿಗೂ ಶುಭ ಹಾರೈಕೆಗಳು../.?...,happy
"ಜನ್ಮದಿನದ ಶುಭಾಶಯಗಳು, ದಾದಾ. ತಾಯಿ ಜಗದಂಬೆಯ ಆಶೀರ್ವಾದ ಸದಾ ನಿಮ್ಮ ಮೇಲಿರಲಿ.",happy
"ಜೀವನದಲ್ಲಿ ತಪ್ಪುಗಳಾದ ತಕ್ಷಣ ಪರಿಹಾರ ಕಂಡುಕೊಳ್ಳಬೇಕು. ನಾವು ಪರಿಹಾರವನ್ನು ಕಂಡುಹಿಡಿಯಲಾಗದಿದ್ದರೆ, ನಾವು ಒಟ್ಟಾಗಿ ಪರಿಹಾರವನ್ನು ಕಂಡುಕೊಳ್ಳಬೇಕು ಅಥವಾ ಬುದ್ಧಿವಂತ ವ್ಯಕ್ತಿಯಿಂದ ಸಲಹೆ ಪಡೆಯಬೇಕು. ಎಲ್ಲದಕ್ಕೂ ಪರಿಹಾರವಿದೆ.",neutral
ನಿಮ್ಮೆಲ್ಲರಿಗೂ ಹೊಸ ವರ್ಷದ ಶುಭಾಶಯಗಳು! ⁠,happy
ಅವರು ಮಹಾನ್ ವ್ಯಕ್ತಿತ್ವವನ್ನು ಹೊಂದಿದ್ದರು ಅದು ನನ್ನ ಸಂದರ್ಶನವನ್ನು ಮುಳುಗಿಸಿತು.,neutral
ನಿಮಗೆ ಜನ್ಮದಿನದ ಶುಭಾಶಯಗಳು ಸಹೋದರ,happy
"ಅವರು ತಮ್ಮ ದೇಶಪ್ರೇಮವನ್ನು ಕೂಗಿ ಅಲ್ಲ, ಕೆಲಸ ಮಾಡುವ ಮೂಲಕ ತೋರಿಸಿದರು.",neutral
"""ನಮ್ಮ ಜ್ಯೋತಿ, ಉರಿಯುತ್ತಿರುವ ಬೆಂಕಿಯು ರಾವಣನ ತಲೆಯನ್ನು ಸುಡದ ಹೊರತು ಉಳಿಯುವುದಿಲ್ಲ.""",angry
ನಿಮಗೆ ಹೊಸ ವರ್ಷದ ಶುಭಾಶಯಗಳು ಸರ್..,happy
ಜನ್ಮದಿನದ ಶುಭಾಶಯಗಳು ಸರ್ಜಿ,happy
ಮತ್ತು ಈ ಟ್ವೀಟ್ ಈ ವ್ಯಕ್ತಿಯ ಶ್ರೇಷ್ಠ ಪ್ರತಿಭೆಯನ್ನು ಪ್ರದರ್ಶಿಸಲು ಸಹಾಯ ಮಾಡಿದೆ.,happy
ಟಾಲಿವುಡ್ ಚಲನಚಿತ್ರದ ನಾಟು ನಾಟು ಹಾಡಿಗೆ ಆಸ್ಕರ್ ಗೆದ್ದಿರುವುದು ಭಾರತಕ್ಕೆ ಹೆಮ್ಮೆಯ ಕ್ಷಣವಾಗಿದೆ.,happy
ಹೊಸ ವರ್ಷದ ಶುಭಾಶಯಗಳು ಸರ್! ./…,happy
ಓಂ ತತ್ಪುರುಷಾಯ ವಿದ್ಮಹೇ ಮಹಾದೇವಾಯ ಧೀಮಹಿ ತನ್ನೋ ರುದ್ರ: ಮುಂಜಾನೆ. ಎಲ್ಲರಿಗೂ ಮಹಾಶಿವರಾತ್ರಿಯ ಶುಭಾಶಯಗಳು!,happy
ಮುನ್ನಡೆಸಲು!! - ಡಾ.ಬಾಬಾಸಾಹೇಬ್ ಅಂಬೇಡ್ಕರ್.,neutral
ಎಲ್ಲರಿಗೂ ಅರ್ಥವಾಗುವ ರೀತಿಯಲ್ಲಿ ನಿಯಮಗಳನ್ನು ಚೆನ್ನಾಗಿ ಮತ್ತು ವಿವರವಾಗಿ ನೀಡಿದ್ದಕ್ಕಾಗಿ ತುಂಬಾ ಧನ್ಯವಾದಗಳು,happy
ಇದು ಸರಿ ಸರ್,happy
"ಇಂದಿನಿಂದ ಭಗವತಿಯ ಜಾಗಟೆ, ಭಕ್ತರಿಗೆ ಆಕೆಯ ಹೊಸ ರೂಪದ ದರ್ಶನವಾಗುತ್ತದೆ./-/...",happy
ಐತಿಹಾಸಿಕ! ದೇಶಕ್ಕೆ ಮತ್ತೆ ಮರಾಠಿ ಮುಖ್ಯ ನ್ಯಾಯಮೂರ್ತಿ ಸಿಗುತ್ತಾರೆ; ಈ ನ್ಯಾಯಾಧೀಶರ ಹೆಸರಿನ ಶಿಫಾರಸು,happy
"ಹೇ, ಒಂದನ್ನು ತೆಗೆದುಕೊಂಡು ಉಪಯೋಗಕ್ಕೆ ಬಂದಾಗ ಇಟ್ಟುಕೊಳ್ಳಿ.",neutral
ಚಿಕ್ಕ ಕೈಗಳಿಂದ ಮಾಡಿದ ಪರಿಸರ ಸ್ನೇಹಿ ಜೇಡಿಮಣ್ಣಿನಿಂದ ಮಾಡಿದ ಬಪ್ಪಾ./---...,neutral
ನಾಟು-ನಾಟು ಹಾಡು ಆಸ್ಕರ್ ಪ್ರಶಸ್ತಿ ಪಡೆದು ಇತಿಹಾಸ ಸೃಷ್ಟಿಸಿದೆ...,happy
ನವದಂಪತಿಗಳಿಗೆ ಸುಖಮಯ ಜೀವನಕ್ಕಾಗಿ ಶುಭ ಹಾರೈಕೆಗಳು.,happy
ಮೃತ್ಯುಂಜಯ ರುದ್ರಾಯ್ ನೀಲಕಂಠಾಯ ಶಾಂಭವೇ ಅಮೃತೇಶೈ ರುದ್ರಾಯ ಮಹಾದೇವಾಯ ತೇ ನಮಃ ಓಂ ನಮಃ ಶಿವಾಯ!,happy
ಮಹಾಶಿವರಾತ್ರಿಯ ಶುಭಾಶಯಗಳು. ಎಲ್ಲೆಲ್ಲೂ ಶಿವ,happy
"ನನಗೆ ಹಿಂದೂ ಧರ್ಮ ಎಷ್ಟು ಮುಖ್ಯವೋ, ಮರಾಠಿ ಸಂಸ್ಕೃತಿ/ಭಾಷೆಯೂ ಅಷ್ಟೇ ಮುಖ್ಯ.",happy
"ಅಮ್ಮನ ಶುಭ ದಿನಗಳು ಪ್ರಾರಂಭವಾಗಿವೆ, ನೀವು ಸಕಾರಾತ್ಮಕ ಮನೋಭಾವವನ್ನು ಹೊಂದಿರಬೇಕು.",neutral
"ಅಭಿನಂದನೆಗಳು, ನಾವು ಶೀಘ್ರದಲ್ಲೇ ಮದುವೆಯಾಗಬೇಕೆಂದು ನಾವು ಬಯಸುತ್ತೇವೆ.",happy
ಸಂಭಾಜಿ ಬ್ರಿಗೇಡ್ ಪ್ರಾದೇಶಿಕ ಉಪಾಧ್ಯಕ್ಷ ರಾಹುಲ್ ದಾದಾ ಬನ್ಸೋಡ್ ಅವರಿಗೆ ಜನ್ಮದಿನದ ಶುಭಾಶಯಗಳು.,happy
ಸರಿ!,neutral
ಹರಿ ಓಂ ನಮಃ,happy
ಎಲ್ಲರಿಗೂ ಮಹಾಶಿವರಾತ್ರಿಯ ಶುಭಾಶಯಗಳು!,happy
ಜನ್ಮದಿನದ ಶುಭಾಶಯಗಳು ಸಹೋದರ,happy
"ಈ ಅನ್ಯೋನ್ಯತೆ ನಮ್ಮ ಬಂಧುಬಳಗವನ್ನು ಎಷ್ಟರಮಟ್ಟಿಗೆ ಬದಲಾಯಿಸುತ್ತದೆ... ವಾಹ್, ಚೆನ್ನಾಗಿದೆ..",happy
ಅಫೀಮು ಮಾತ್ರೆ ಮಾರುವವರ ವ್ಯಾಪಾರ ಜೋರಾಗಿದೆ.,angry
|| ಓಂ ನಮಃ ಶಿವಾಯ || ನಿಮ್ಮೆಲ್ಲರಿಗೂ ಶುಭ ಹಾರೈಕೆಗಳು!,happy
ಸಂತ ಸಂತಾಜಿ ಮಹಾರಾಜರ ಜಯಂತಿ ನಿಮಿತ್ ಹಟದಲ್ಲಿ ಆರೋಗ್ಯ ಶಿಬಿರ ಮತ್ತು ರಕ್ತದಾನ ಶಿಬಿರದ ಉದ್ಘಾಟನಾ ಸಮಾರಂಭ,happy
ನಿಮಗೆ ಹೊಸ ವರ್ಷದ ಶುಭಾಶಯಗಳು.,happy
ಹೊಸ ಯುಗ ಮತ್ತು ಹೊಸ ವರ್ಷದ ಶುಭಾಶಯಗಳು!,happy
ಅವರು ಬಹಳ ಸುಂದರವಾಗಿ ಮರಾಠಿ ಮಾತನಾಡುತ್ತಿದ್ದರು. ಓಂ ಶಾಂತಿ.,happy
ಮಾ ಭವಾನಿ ಮತ್ತು ಇಡೀ ಮಹಾರಾಷ್ಟ್ರ ನಿಮ್ಮೊಂದಿಗಿದೆ ಸರ್...,neutral
"ಸರ್, ನಿಮ್ಮ ಚಟುವಟಿಕೆ ತುಂಬಾ ಚೆನ್ನಾಗಿದೆ, ಹೊಸ ಮಾಹಿತಿಯನ್ನು ಹಂಚಿಕೊಳ್ಳುತ್ತಿರಿ.",happy
"ನೀನು ಅಷ್ಟೊಂದು ಯೋಗ್ಯನಲ್ಲ, ನೀನು ರಾಜಮುದ್ರೆಯನ್ನು ಏಕೆ ಧರಿಸುವೆ? ಮಹಾರಾಜರು ಮಹಿಳೆಯರನ್ನು ಗೌರವಿಸುತ್ತಿದ್ದರು",angry
"ಬಣ್ಣ ಚೆನ್ನಾಗಿದೆ, ರುಚಿಯೂ ಚೆನ್ನಾಗಿದೆ",neutral
"ಈ ಬಟ್ಟೆಗಳು ಗಾರ್ಬಾ ರಾತ್ರಿಗೆ ಸೂಕ್ತವಾಗಿವೆ, ನೋಡಿ",happy
ದೇಶದ ಪ್ರತಿಯೊಬ್ಬ ಸಂಸದರು ಸಂಸದ ಮಹೋತ್ಸವವನ್ನು ಆಯೋಜಿಸಬೇಕು!,neutral
ಇದು ಸರಿಯಾಗಿದೆ. 100 ಅಪರಾಧಗಳು ನಡೆದಾಗ ಈ ಪ್ರವೃತ್ತಿ ನಾಶವಾಗುತ್ತದೆ ಮತ್ತು ಸತ್ಯಕ್ಕೆ ಜಯ ಸಿಗುತ್ತದೆ...!,angry
"ನಿಮ್ಮ ಜನರಿಗೆ ಧನ್ಯವಾದಗಳು, ಮಹಾರಾಷ್ಟ್ರ ಒಳ್ಳೆಯ ದಿನಗಳನ್ನು ಕಂಡಿದೆ",neutral
ಭವಿಷ್ಯಕ್ಕಾಗಿ ಅಭಿನಂದನೆಗಳು ಮತ್ತು ಶುಭಾಶಯಗಳು,happy
ಭಾರತದಂತಹ ದೇಶದಲ್ಲಿ ಇದು ತುಂಬಾ ಉಪಯುಕ್ತವಾಗಿದೆ.,neutral
"ನಾನು ಸೂರ್ಯಕಾಂತಿ ಎಣ್ಣೆಯನ್ನು ವರ್ಷಗಳಿಂದ ಬಳಸುತ್ತಿದ್ದೇನೆ, ನಾನು ಕಡಲೆಕಾಯಿ ಎಣ್ಣೆಗಿಂತ ಹಗುರವಾಗಿರುತ್ತೇನೆ, ನಾನು ಏನು ಮಾಡಬೇಕು?",neutral
ದೇಶದ ಮೊದಲ ಕೃಷಿ ಸಚಿವ ಡಾ. ಪಂಜಾಬ್ರಾವ್ ಭೌಸಾಹೇಬ್ ದೇಶಮುಖ ಅವರ ಜನ್ಮದಿನದಂದು ಗೌರವಪೂರ್ವಕ ನಮನಗಳು.,happy
ಜೈ ಶ್ರೀ ರಾಮ್... ನೀವು ಅವರಿಗೆ ತುಂಬಾ ಸರಳವಾದ ಉಡುಗೊರೆಯನ್ನು ನೀಡುತ್ತೀರಿ ಎಂದು ಭಾವಿಸುತ್ತೇವೆ.,neutral
"ಟೋಕಿಯೋ ಒಲಿಂಪಿಕ್ಸ್ ವೇಟ್‌ಲಿಫ್ಟಿಂಗ್‌ನಲ್ಲಿ ಭಾರತಕ್ಕೆ ಮೊದಲ ಬೆಳ್ಳಿ ಪದಕ ಜಯಿಸಿದ ಮೀರಾಬಾಯಿ ಚಾನು..!! ಮೀರಾಬಾಯಿ, ಅಭಿನಂದನೆಗಳು!!",happy
ಸಹೋದರರು ಯಾವಾಗಲೂ ಸಹಾಯಕ್ಕೆ ಇರುತ್ತಾರೆ,neutral
"ಈ ವ್ಯಕ್ತಿಗಳು ಸ್ಪರ್ಧಿಸುತ್ತಾರೆ, ನಾವು ಪ್ರೀತಿಸುತ್ತೇವೆ",neutral
ಇದು ಬಹುಶಃ ಅತ್ಯಂತ ಹಳೆಯ ಬಣ್ಣದ ಚಿತ್ರವಾಗಿದೆ ಮತ್ತು ಅದ್ಭುತವಾಗಿದೆ. ಇಂದಿನ ದಿನಗಳಲ್ಲಿ ಇದು ಚೌಕಟ್ಟಿನಲ್ಲಿ ಲಭ್ಯವಿಲ್ಲ!,happy
1000 ಪಡೆದಿದ್ದಕ್ಕಾಗಿ ಅಭಿನಂದನೆಗಳು. ಶೀಘ್ರದಲ್ಲೇ ಪರಿಶೀಲನೆ ನಡೆಯಲಿದೆ ಎಂದು ಭಾವಿಸುತ್ತೇವೆ.,happy
_: ಪ್ರತಿಯೊಬ್ಬ ನಾಗಪುರ ನಿವಾಸಿಗಳ ಪರವಾಗಿ ನಾನು ಅವರಿಗೆ ಧನ್ಯವಾದಗಳನ್ನು ಅರ್ಪಿಸುತ್ತೇನೆ.,happy
ನಿರ್ಭಿದ್ ಪುಣೆ ಪ್ರಭಾವವನ್ನು ಪೂರ್ಣಗೊಳಿಸಿದ ನಮ್ಮ ಎಲ್ಲಾ ಸ್ನೇಹಿತರಿಗೆ ಹೃತ್ಪೂರ್ವಕ ಅಭಿನಂದನೆಗಳು.,happy
ಎಲ್ಲರಿಗೂ ವಸುಬರ ಮತ್ತು ದೀಪಾವಳಿಯ ಶುಭಾಶಯಗಳು..!,happy
ಕಠಿಣ ಪರಿಶ್ರಮವು ಯಶಸ್ಸನ್ನು ಸಾಧಿಸಲು ಸುಲಭವಾದ ಮಾರ್ಗವಾಗಿದೆ,neutral
ನಂದೂರು ಮಧ್ಯಮೇಶ್ವರನಿಗಿಂತ ಹೆಚ್ಚಿನ ಪಕ್ಷಿ ವೈವಿಧ್ಯ,neutral
ಈ ಹೋರಾಟ ಉಳಿವಿನ ಹೋರಾಟ,fear
ಪಾಲಿಕೆ ಇನ್ನು ಮುಂದೆ ತೇವ ತ್ಯಾಜ್ಯ ಸಂಗ್ರಹಿಸುವುದಿಲ್ಲ. ದೊಡ್ಡ ನಿರ್ಧಾರ,neutral
ಸರ್ವಂ ಶಿವಂ ಸರ್ವಂ ಶಿವಂ,neutral
ಇಂದಿನಿಂದ ಪ್ರಾರಂಭವಾಗುವ ನವರಾತ್ರಿ ಹಬ್ಬದ ಶುಭಾಶಯಗಳು.,happy
ಹಿರಿಯ ನಾಗರಿಕರಿಗೆ ಶುಭ ಸುದ್ದಿ.//...,happy
"ಸರ್, ನಮ್ಮ ದಾಖಲೆಗಳ ಪರಿಶೀಲನೆಯ ನಂತರ ಶಿಫಾರಸುಗಳನ್ನು ಪವಿತ್ರ ಪೋರ್ಟಲ್‌ನಿಂದ ಆಯ್ಕೆ ಮಾಡಲಾಗುತ್ತದೆ.",neutral
"ಮಕರ ಸಂಕ್ರಾಂತಿಯ ಶುಭಾಶಯಗಳು!! ಎಳ್ಳು ಬೆಲ್ಲವನ್ನು ಸೇವಿಸಿ, ಸಿಹಿಯಾಗಿ ಮಾತನಾಡಿ...",happy
ಇದು ಸರಿ ಸರ್,neutral
ಘಟಸ್ಥಾಪನೆ ಮತ್ತು ನವರಾತ್ರಿ ಹಬ್ಬದ ಶುಭಾಶಯಗಳು!,happy
"ಹುತಾತ್ಮರಾದ ಎಲ್ಲಾ ಪೊಲೀಸ್ ಸಿಬ್ಬಂದಿಗೆ ಶ್ರದ್ಧಾಂಜಲಿ, ಜೈ ಹಿಂದ್",happy
ಜನ್ಮದಿನದ ಶುಭಾಶಯಗಳು ಸರ್,happy
"ಇದರಿಂದ ಯಾವುದೇ ಹಾನಿ ಇಲ್ಲ, ಇದು ನಮಗೆ ಮತ್ತು ಹಿಂದೂ ಸಂಸ್ಕೃತಿಗೆ ಪ್ರಯೋಜನವಾಗಿದೆ.",neutral
ಎಲ್ಲರಿಗೂ ಕೋಜಗಿರಿ ಪೂರ್ಣಿಮೆಯ ಶುಭಾಶಯಗಳು..!,happy
ಇಂದು ಸಂಜೆ ದೈವಿಕ ಮೇಕಪ್ ದರ್ಶನ ಜೈ ಶ್ರೀ ತ್ರಯಂಬಕೇಶ್ವರ ಜ್ಯೋತಿರ್ಲಿಂಗ ಜಿ ನಾಸಿಕ್ ಮಹಾರಾಷ್ಟ್ರ,neutral
ಎಲ್ಲಾ ರೈತ ಸಹೋದರ ಸಹೋದರಿಯರಿಗೆ ಮಕರ ಸಂಕ್ರಾಂತಿಯ ಶುಭಾಶಯಗಳು.,happy
ಔರಂಗಾಬಾದ್ ಮತ್ತು ಉಸ್ಮಾನಾಬಾದ್‌ನ ಸುಧಾರಣೆಗಾಗಿ ಜೋಶಿಯವರ ಶ್ಲಾಘನೀಯ ಪ್ರಯತ್ನಗಳ ಬಗ್ಗೆ ನಾವು ಹೆಮ್ಮೆಪಡುತ್ತೇವೆ.,happy
ನಮ್ಮ ಹಿರಿಯ ಸಹೋದರ ಶ್ರೀ ಸಂದೀಪ ಭಾವು ಕರಂದೆ ಪಾಟೀಲ ಅವರಿಗೆ ಹುಟ್ಟು ಹಬ್ಬದ ಶುಭಾಶಯಗಳು.,happy
ಅವರ ಜನ್ಮದಿನದ ನಿಮಿತ್ತ ಇಂದು ಶ್ರೀ ಕ್ಷೇತ್ರ ನಾರಾಯಣಗಢದಲ್ಲಿ ಆಶೀರ್ವಾದ ಪಡೆಯಲಾಯಿತು.,happy
"ನಾನು ವಿಶೇಷವಾಗಿ ಮರಗಳನ್ನು ಪ್ರೀತಿಸುತ್ತೇನೆ, ಅವು ತುಂಬಾ ಕಾಯ್ದಿರಿಸಲಾಗಿದೆ",neutral
ಮಹಾರಾಷ್ಟ್ರ ಪ್ರದೇಶ ಅಸಂಘಟಿತ ಕಾರ್ಮಿಕರ ಕಾಂಗ್ರೆಸ್‌ನಿಂದ ಎಲ್ಲರಿಗೂ ಶುಭಾಶಯಗಳು!,happy
"ಇದನ್ನು ನೀವು ಹೇಳಬೇಕಾಗಿಲ್ಲ, ಮಹಾರಾಷ್ಟ್ರದ ಜನರು ಬುದ್ಧಿವಂತರು.",neutral
ಶುದ್ಧ ಸಂಸ್ಕಾರದ ಪ್ರತಿಬಿಂಬ...,happy
ವಿಷ್ಣುವಿನ ಹತ್ತನೆಯ ಮತ್ತು ಕೊನೆಯ ಅವತಾರವಾದ ಭಗವಾನ್ ಕಲ್ಕಿ ಜಯಂತಿಯ ಶುಭಾಶಯಗಳು..!,happy
ತುಲಾಪುರ ಪುಣೆ ಸಮಾಧಿಯಲ್ಲಿ ಛತ್ರಪತಿ ಸಂಭಾಜಿ ರಾಜೇ ಅವರಿಗೆ ಶ್ರದ್ಧಾಂಜಲಿ.,happy
ಟ್ರಾಫಿಕ್‌ನಲ್ಲಿ ಈ ಚಿತ್ರರಥ ಇನ್ನೂ ಚೆನ್ನಾಗಿ ಕಾಣಿಸುತ್ತದೆ.///…,neutral
ಸದ್ಗುರು ರಾಜೇಂದ್ರ ಶಿಂಧೆ ಸಾಧಕರಿಗೆ ಮಾರ್ಗದರ್ಶನ ನೀಡುತ್ತಾರೆ! .//…,neutral
ಕರೋನಾ ವರ್ಷದ ಒಳ್ಳೆಯ ಭಾಗ - ಡಾ. ವಿಜಯ್ ಪಂಢರಿ ಪಾಂಡೆ./--...,neutral
ಹೋಳಿ ಹಬ್ಬದ ಶುಭಾಶಯಗಳು,happy
ಎಲ್ಲರಿಗೂ ತೆಂಗಿನಕಾಯಿ ಪೂರ್ಣಿಮಾ ಮತ್ತು ರಕ್ಷಾಬಂಧನದ ಶುಭಾಶಯಗಳು (/),happy
ಶೈಲಪುತ್ರಿ ದೇವಿಯನ್ನು ಭಕ್ತಿಯಿಂದ ಪೂಜಿಸುವುದರಿಂದ ಮನೆಗೆ ಐಶ್ವರ್ಯ ಮತ್ತು ಸಮೃದ್ಧಿ ಬರುತ್ತದೆ ಎಂದು ಹೇಳಲಾಗುತ್ತದೆ.,happy
ನಿಮ್ಮ ತಂದೆಗೆ ಜನ್ಮದಿನದ ಶುಭಾಶಯಗಳು…ಆದರೆ ನೀವು ಆಹಾರಕ್ರಮದಲ್ಲಿರುವಿರಿ ಮಗು.,happy
ಜನ್ಮದಿನದ ಶುಭಾಶಯಗಳು ಸರ್,happy
ವರ್ಷದ ಆರಂಭದಲ್ಲಿ ಒಳ್ಳೆಯ ಸುದ್ದಿ./_/...,happy
'ಚಲ ಹವಾ ಯೇಯು ದ್ಯಾ' ವೇದಿಕೆಯಲ್ಲಿ ಭಾವು ಅವರ ಅದ್ಭುತ ಜಾದೂ./--...,happy
ಮಹಾರಾಷ್ಟ್ರದಲ್ಲಿ ಉತ್ತೀರ್ಣರಾಗುವ ಪ್ರಕ್ರಿಯೆ ಉತ್ತಮವಾಗಿದೆ,neutral
ಹೊಸ ವರ್ಷದ ಶುಭಾಶಯಗಳು ಸಹೋದರ..,happy
ನನಗೆ ಒಳ್ಳೆಯ ವಕೀಲರು ಸಿಗುತ್ತಾರೆ ಎಂದು ನಂಬಿದ್ದೇನೆ.,neutral
ಡಾ. ಬಾಬಾ ಸಾಹೇಬ್ ಅಂಬೇಡ್ಕರ್ ಅವರ ಕೊಡುಗೆ ಅನನ್ಯವಾಗಿದೆ: Panse./?=,happy
ಅಭಿನಂದನೆಗಳು!! ಶಿವಸೇನೆಗೆ ವಕ್ತಾರ ಹುದ್ದೆ ಸಿಕ್ಕಿದೆಯೇ? ?,happy
ಹುಟ್ಟು ಹಬ್ಬದ ಶುಭಾಶಯಗಳು ಕುಮುದ,happy
"ಧನ್ಯವಾದಗಳು ಸಹೋದರ, ಜನ್ಮದಿನದ ಶುಭಾಶಯಗಳು ತುಂಬಾ ಹೆಚ್ಚಿದ್ದವು ಮತ್ತು ಅಜಾಗರೂಕತೆಯಿಂದ ನಿರ್ಲಕ್ಷಿಸಲಾಗಿದೆ",happy
ಒಳ್ಳೆಯ ಉಪಾಯ ಆದರೆ ಫಡ್ಮಾನವೀಸ್ ನಿಮ್ಮ ಮಾತು ಕೇಳುತ್ತಾರಾ??,neutral
"ಏನಿಲ್ಲ, ರಾಣಿಯ ತೋಟದಲ್ಲಿ ಪೆಂಗ್ವಿನ್‌ಗಳು ಖುಷಿಯಿಂದ ಗಾರ್ಬಾ ಆಡುತ್ತಿವೆ",happy
ಪ್ರವಾಸಿಗರಿಗೆ ಕೈಲಾಸ ಗುಹೆಗಳ ವಿಶಿಷ್ಟತೆಯನ್ನು ತೋರಿಸಲು ಬೆಟ್ಟದ ರಸ್ತೆಯನ್ನು ಪ್ರಸ್ತಾಪಿಸಲಾಗಿದೆ.,neutral
ಸಹ್ಯಾದ್ರಿ ನಿಮ್ಮ ಪ್ರಯಾಣಕ್ಕೆ ಶುಭ ಹಾರೈಸುತ್ತದೆ... ಕಾಳಜಿ ವಹಿಸಿ...,happy
ಬಿಜೆಪಿಗೆ ಅನಿಲ್ ಜೀ ಅವರಂತಹ ನಾಯಕರು ಬೇಕು!,neutral
ಪ್ರಕೃತಿಯಿಂದ ನಮಸ್ಕಾರಗಳು ಸರ್,happy
"ಬಾಪ್ಪಾ, ನಿನ್ ವರ್ಷ ಯಾವಾಗ ಕಾದು ಹೋಯಿತು, ಈಗ ನಿನ್ನ ಆಗಮನಕ್ಕೆ ಎರಡು ದಿನ ಬಾಕಿ ಇದೆ.",happy
ಈ ಭ್ರಷ್ಟಾಚಾರದ ಪಿಡುಗನ್ನು ತೊಲಗಿಸಲು ಮುಂಬೈಗೆ ಬರಲಿದೆ ಬಿಜೆಪಿ!,angry
ಜ್ಞಾನ ಮತ್ತು ವಿಜ್ಞಾನವು ನಮ್ಮ ತಿಳುವಳಿಕೆಯನ್ನು ಪೂರ್ಣಗೊಳಿಸುತ್ತದೆ.,neutral
ಅದು ತುಂಬಾ ನಿಜ,neutral
ಕೇಸರಿ ವಾರ್ಷಿಕೋತ್ಸವದ ಶುಭಾಶಯಗಳು ಭಗವತ್ಜೀ,happy
"ಮರ್ಜಿಭಾಯ್, ನಡೆಯುತ್ತಿರುವ ಚುನಾವಣೆಯನ್ನು ಕೊಲ್ಲು.",neutral
ನಿಜವಾದ ಲಕೋಬಾ ಬೋಬಾ,angry
ಮುಂಬೈನ ಘಾಟ್‌ಕೋಪರ್‌ನಲ್ಲಿರುವ ಬಾತ್‌ರೂಮ್‌ನಲ್ಲಿ ಧುಲ್ವಾದ್ ಆಡಿ ಮನೆಗೆ ಮರಳಿದ್ದ ದಂಪತಿಯ ಮೃತದೇಹ ಪತ್ತೆಯಾಗಿದೆ. ..//-...,happy
"ಹುಚ್ಚು ಹಿಂದಿನದನ್ನು ನೋಡಿ, ಜನರು ಶೆನ್ ಮತ್ತು ಸ್ಟಿಕ್ ಅನ್ನು ಧರಿಸುತ್ತಾರೆ",angry
ಇದನ್ನು ಕುರ್ಲಾ ಸಂಚಾರ ಇಲಾಖೆಗೆ ಮಾತ್ರ ಕಳುಹಿಸಿದರೂ ಯಾವುದೇ ಕ್ರಮ ಕೈಗೊಂಡಿಲ್ಲ,sad
"ಸಾರ್, ಬಿಜೆಪಿ, ಗೋಡಿ ಮೀಡಿಯಾ, ಅಂಧ ಭಕ್ತರಿಗೆ ಕೌಟುಂಬಿಕತೆ ಅನ್ವಯಿಸುವುದಿಲ್ಲ",angry
ಚಿತ್ರಾ ತೈ ವಾಘ್ ಮತ್ತು ನೀವು ಟ್ವೀಟ್ ಮಾಡಲು ಶಿಂಧೆ ಗ್ರೂಪ್‌ನ ಸದಸ್ಯರಾಗಲು ಅರ್ಹರಲ್ಲ.,angry
ಒಂದು ಸಾರಿ ಏನನ್ನೂ ಕೊಡಬೇಡ. ಆದರೆ ಮುಜುಗರದಿಂದ ನನ್ನನ್ನು ಬಿಡಬೇಡಿ.,sad
ಇದು ಅವನ ನೈತಿಕ ವಿಜಯವಾಗಿದೆ ಏಕೆಂದರೆ ಅವನ ಮುಂದೆ ಅಧಿಕಾರಕ್ಕಾಗಿ ಒಟ್ಟುಗೂಡುವ ಮಹತ್ವಾಕಾಂಕ್ಷೆಯ ರಾಕ್ಷಸರು ನಿಂತರು.,happy
ಈಗ ಈ ಕಲೆಕ್ಟರ್ ಹಣಕಾಸು ಸಚಿವರೊಂದಿಗೆ ಹಣಕಾಸು ವಿಚಾರವಾಗಿ ಮಾತನಾಡಲಿದ್ದಾರೆ...,angry
ಮಾಲಿನ್ಯ ಮಾಡುವವರಿಗೆ ಬಸ್ ನೀಡುವುದು ಸರಿಯಲ್ಲ.,angry
ನಾವು ಅದನ್ನು ಲಘುವಾಗಿ ತೆಗೆದುಕೊಂಡಿದ್ದೇವೆ,neutral
ಬಿಜೆಪಿ ವನವಾಸಕ್ಕೆ...,happy
ಹಾಗಾಗಿ ನಾನು ಹೇಳುತ್ತೇನೆ ಪಾವ್ ತಿನ್ನು ಆದರೆ ಭಾವ ತಿನ್ನಬೇಡ...,neutral
ಯಾರು ಸತ್ತರು? ನಿಮ್ಮ ಪ್ರಕಾರ ಯುದ್ಧವೇ? ಉದ್ಯೋಗ ಕೊನೆಗೊಂಡಿದೆಯೇ?,angry
ಅಬ್ದುಲ್ ಸತ್ತಾರ್ ಸಾಹೇಬರು ನಿಮ್ಮಂತಹ ದೇಶದ್ರೋಹಿಯೇ?,angry
"ಪಂಢರಪುರ, ಕೊಲ್ಲಾಪುರ ಚುನಾವಣೆಯಲ್ಲಿ ಎಲ್ಲಿ ಸತ್ತರು... ಲೋಚತ್",angry
ನಿಮ್ಮ ಕುಟುಂಬವು ನಿಮ್ಮ ಆಸೆಗಳನ್ನು ಗಂಭೀರವಾಗಿ ಪರಿಗಣಿಸುತ್ತದೆಯೇ?,sad
ಈ ಭತ್ಯೆಗೆ ನೀವು ಅರ್ಹರಾಗಿದ್ದೀರಾ?,angry
"ನಿಮ್ಮ ಸಾಮಾನ್ಯ ಜ್ಞಾನವು ನಿಮ್ಮನ್ನು ಮೋಸಗೊಳಿಸಲು ಬಿಡಬೇಡಿ, ನಿಮ್ಮ ದೃಷ್ಟಿಯಲ್ಲಿ ಹಿಂದೂ ಸಂಪ್ರದಾಯಗಳು ನೆನಪಿದೆಯೇ?",angry
ಪ್ರತಿಭಟನೆಯೊಂದೇ ಪರಿಹಾರ ನಮಗೆ ನ್ಯಾಯ ಸಿಗುವುದಿಲ್ಲವೇ???,sad
ನಾಟಕಕ್ಕೆ ಸಹಾನುಭೂತಿ ಸಿಗುವುದಿಲ್ಲ,angry
"ಆಜಾನ್ ಶಬ್ದವು ಕಾರ್ಯನಿರ್ವಹಿಸಿದರೆ, ಈ ಧ್ವನಿ ಏಕೆ ಕಾರ್ಯನಿರ್ವಹಿಸುವುದಿಲ್ಲ? ಅವರ ಕಿವಿಯಲ್ಲಿ ಇಯರ್‌ಪ್ಲಗ್‌ಗಳನ್ನು ಹಾಕಲು ಹೇಳಿ.",angry
ನಾನು ಅವರನ್ನು ತೆರೆದ ಸ್ಥಳದಲ್ಲಿ ನೋಡುತ್ತೇನೆ,angry
ಇದು ಚಿಕ್ಕಮ್ಮ ಯೆಡಾ.,angry
"ಅರೇ, ನೀವೂ ಜನರ ಜೊತೆ ಸೇರಿಕೊಂಡಿದ್ದೀರಾ?",angry
ನಾಮಪದ ಸಂಖ್ಯೆ ಒಂದು ಬ್ರೌನಿ,angry
ರೂಪಾಯಿ ಅಪಮೌಲ್ಯ ಭಾರತದ ಹಿತಾಸಕ್ತಿಯಲ್ಲಿದೆಯೇ? ಕಾಮೆಂಟ್,neutral
ಈ ಚೇಷ್ಟೆಗಳು ಸಂಚಲನ ಮೂಡಿಸಿದವು,angry
"ಪಂಢರಪುರ, ಕೊಲ್ಲಾಪುರ ಕಾಲದಲ್ಲಿ ಈ ಸಂಸ್ಕೃತಿಯನ್ನು ಯಾರಿಗಾದರೂ ಬಾಡಿಗೆಗೆ ನೀಡಲಾಗಿತ್ತೇ?",angry
ಶಿವಸೇನೆಯ ವಿರುದ್ಧ ಆಟವಾಡುತ್ತಿರುವವರು ಪರಿಣಾಮ ಎದುರಿಸಬೇಕಾಗುತ್ತದೆ.,fear
ಹೆತ್ತವರು ಮಾತ್ರ ಹೀಗೆ! ಬೇರೆಯವರಿಂದ ಇದನ್ನು ನಿರೀಕ್ಷಿಸುವುದು ತುಂಬಾ ದುಃಖಕರವಾಗಿದೆ!,sad
ನೀವು ವಿಷದೊಂದಿಗೆ ಏಕೆ ಮಲಗಬೇಕು ಎಂದು ಈಗ ನಿರ್ಧರಿಸಿ,angry
ಅಂಧಾರೆ ಬಾಯಿ ಹಿಂದೂಗಳನ್ನು ನಿಂದಿಸುವ ಸಾಧ್ಯತೆ ಹೆಚ್ಚು.,angry
ಆಮೇಲೆ ಪಶ್ಚಾತ್ತಾಪ ಕೂಡ.. ಎಷ್ಟು ಅರೆಮನಸ್ಸು!!,angry
ಈ ಪಕ್ಷ ನಿಜಕ್ಕೂ ದೇಶದ್ರೋಹಿ.,angry
ಚೋಂಗ್ಯಾ ಬಾಲಾ ಸಾಹೇಬ್ ಮತ್ತು ಅವರ ನಿಖರವಾದ ಆಲೋಚನೆಗಳು ಅವರಿಗೆ ತಿಳಿದಿದೆಯೇ?,angry
"""ಸ್ವತಃ ಮಂತ್ರಿ, ಲೇಕ್ ಎಂಪಿ, ಇನ್ನೊಬ್ಬ ಜಿಲ್ಲಾಧ್ಯಕ್ಷ ... ಆದರೆ ಇದು ರಾಜವಂಶವಲ್ಲ!""",angry
ಚರಂಡಿಯ ಬಾಯಿ ಸ್ವಚ್ಛಗೊಳಿಸುವುದಿಲ್ಲ ಎಂದು ಹರ್ಫಿಕಾನಿ.,angry
ಈಗ ನಿಮ್ಮ ತಂದೆಯ ಕಾನೂನನ್ನು ಮರೆತುಬಿಡಿ,angry
"ಜನ ಅಧಿಕಾರದಲ್ಲಿದ್ದಾಗ ಕುಟುಂಬಸ್ಥರು ಮನೆಯಲ್ಲಿ ಕೂತಿದ್ದು, ಈಗ ಅದರ ಬಗ್ಗೆ ಮಾತನಾಡುವುದು ಸೂಕ್ತ.",angry
ದೌರ್ಬಲ್ಯವಿಲ್ಲದ ನೀವು ಮಾತನಾಡುತ್ತಿದ್ದೀರಿ ನೋಡಿ ನಿಮ್ಮ ಬೆರಳುಗಳಿವೆ,angry
ಬೀದರ ಜಿಲ್ಲೆಯ ಪರಿಸ್ಥಿತಿಗೆ ಆಡಳಿತ ಎಚ್ಚೆತ್ತುಕೊಳ್ಳುವುದೇ?,sad
ಅವರು ಭಾಗಶಃ ಗುಂಪಿನ ನಾಯಕರಾಗಿದ್ದಾರೆ,angry
ಫೈಜಾಬಾದ್ ನಾಚಿಕೆಯಿಲ್ಲದ ಮಹತ್ವಾಕಾಂಕ್ಷೆಯ... ರಾಕ್ಷಸ ಸ್ವಭಾವದ ಸಂಕೇತವಾಗಿದೆ.,angry
ಅಣಜಿ ಪಂತ್ ಅವರ ಬಳಿಯೂ ದೇಶದ್ರೋಹಿ ಗುರಾಣಿ ಮತ್ತು ಕತ್ತಿ ಇತ್ತು.,neutral
"ಆದ್ದರಿಂದ ನಾವು ಕೂಡ ನಿಮ್ಮಂತೆ ಖಾಲಿ ಕೈಗಳು, ನೀವು ಹಣ ಸಂಪಾದಿಸಲು ಬಯಸುತ್ತೇವೆ ಮತ್ತು ನಾವು ಕೆಲಸ ಮಾಡಲು ಬಯಸುತ್ತೇವೆ ...",angry
ಪೊಲೀಸ್ ಸಂಸ್ಮರಣಾ ದಿನದಂದು ದೇಶಕ್ಕಾಗಿ ಕರ್ತವ್ಯ ನಿರ್ವಹಿಸಿ ಹುತಾತ್ಮರಾದ ಹುತಾತ್ಮ ಯೋಧರಿಗೆ ಭಾವಪೂರ್ಣ ಶ್ರದ್ಧಾಂಜಲಿ.,happy
ನೀವು ಯಾವ ರೀತಿಯ ಕ್ರಿಕೆಟ್ ಆಟಗಾರರಾಗಿದ್ದಿರಿ ???????????? ಉಪಾಧ್ಯಕ್ಷರಾಗಲು ನಿಮಗೆಷ್ಟು ಅರ್ಹತೆ ಇದೆ ??????,angry
"""ಸಹಾನುಭೂತಿ, ಕಣ್ಣಲ್ಲಿ ನೀರು,"" ರಾಜ್ ಠಾಕ್ರೆ ಉದ್ಧವ್ ಠಾಕ್ರೆಯವರ ತೀಕ್ಷ್ಣ ಟೀಕೆ; ""ಯಾವುದೇ ಅಲೆ..."" ಎಂದರು.",angry
ಪಕ್ಷಕ್ಕೆ ಕಡಿವಾಣ ಹಾಕಿದ ನೀವು ಯಾಕೆ ಹೀಗೆ ನಗುತ್ತಿದ್ದೀರಿ?,sad
ಶಿಕ್ಷಣವನ್ನು ವ್ಯಾಪಾರವಾಗಿ ಪರಿವರ್ತಿಸಿರುವ ದೇಶದಲ್ಲಿ ಏನನ್ನು ನಿರೀಕ್ಷಿಸಬಹುದು?,sad
ಅವರಿಗೆ ಕಲ್ಪನೆಗಿಂತ ಅಧಿಕಾರ ಮುಖ್ಯ.,angry
ಯಾರಾದರೂ ಕೊಳಕು ಬೊಗಳುವುದನ್ನು ಹೇಗೆ ಆನಂದಿಸಬಹುದು ಎಂದು ನನಗೆ ಅರ್ಥವಾಗುತ್ತಿಲ್ಲ.,angry
ಅಂದರೆ ಬಿಜೆಪಿ ಒಂದು ಹುಳು,angry
ಕಾಂಗ್ರೆಸ್ಸಿಗರೇ ಇಷ್ಟು ಭ್ರಷ್ಟರಾಗಿದ್ದರೆ ಅವರನ್ನು ಬಿಜೆಪಿಗೆ ಏಕೆ ತೆಗೆದುಕೊಳ್ಳುತ್ತೀರಿ?,angry
ತನ್ನ ಟ್ಯಾಂಕ್‌ಗಳ ಹಣವನ್ನು ಭ್ರಷ್ಟರ ಕೈಗೆ ದ್ರೋಹ ಮಾಡಿ ಹಸ್ತಾಂತರಿಸಿದ್ದಕ್ಕಾಗಿ ಲೋಕಖಾತ್ ಮತ್ತು ಪ್ರಶಸ್ತಿಯನ್ನು ಪಡೆದರು.,angry
ಅವರ ಪ್ರಕಾರ ಪಕ್ಷದಲ್ಲಿನ ತಪ್ಪುಗಳನ್ನು ಬೆಂಬಲಿಗರು ಎತ್ತಿ ತೋರಿಸುವುದು ಅಪರಾಧ ಎಂದು ಪರಿಗಣಿಸಲಾಗಿದೆ...,angry
"ನೀವೊಬ್ಬ ನಾಯಕ ಎನ್ನುವುದರಲ್ಲಿ ಸಂದೇಹವಿಲ್ಲ, ಮಕ್ಕಳಿಗೂ ಅಂತಹ ಬಾಲಿಶ ಬುದ್ಧಿ ಇರುವುದಿಲ್ಲ.",angry
"ಮುಂಬೈ ಮರಾಠಿಗರಿಗೆ ಸೇರಿದ್ದು, ನಿಮ್ಮಂತಹ ಹೇಡಿಗಳಿಗೆ ಅಲ್ಲ.",angry
ಶಾಶ್ವತ ನಿಷೇಧ ಏಕೆ? ಸೆಟ್ಟಿಂಗ್‌ಗಳು ಯಾವುವು ??,angry
ಈ ದೇಶದ್ರೋಹಿ ಇನ್ನೂ ನಮ್ಮಂತಹ ದೇಶದ್ರೋಹಿಗಳನ್ನು ಹುಡುಕುತ್ತಿದ್ದಾನೆ ಎಂದು ತೋರುತ್ತದೆ ...,angry
ಈ ವ್ಯಕ್ತಿ ಸಮಾಜದಲ್ಲಿ ದೊಡ್ಡ ತಪ್ಪು ಕಲ್ಪನೆಯನ್ನು ಹರಡುತ್ತಿದ್ದಾನೆ. ಈ ಜ್ಞಾನಕ್ಕೆ ಸೇರಿಸಿ.,angry
ನಿನ್ನನ್ನು ಶಿವಸೈನಿಕರು ಚೆನ್ನಾಗಿ ಥಳಿಸಿದ್ದಾರೆ ಅದಕ್ಕಾಗಿಯೇ ನೀವು ಮಾತನಾಡುತ್ತಿದ್ದೀರಿ,angry
ಯಾರಾದರೂ ನಿಮಗೆ ಏನನ್ನಾದರೂ ನೀಡುತ್ತಾರೆ ಎಂಬ ಕಾರಣಕ್ಕಾಗಿ ಅವರೊಂದಿಗೆ ಉಳಿಯುವುದು ಮೂಲಭೂತವಾಗಿ ತಪ್ಪು ನಿರೀಕ್ಷೆಯಾಗಿದೆ,sad
ಈ ವಡಾಪಾವ್ ಸೈನಿಕರು ಕೊಳಕು ಆಲೋಚನೆಗಳನ್ನು ಹೊಂದಿದ್ದಾರೆ,angry
ಸಂಕಟವಿಲ್ಲದೆ ಬುದ್ಧಿ ಬರುವುದಿಲ್ಲ...! ಅರ್ಧ ಗಂಟೆ ಮಳೆ ಬೇಕು,sad
"ಇಂದು ಹಬ್ಬದ ಮಾರುಕಟ್ಟೆ ಇದ್ದು, ಬೆಳಗ್ಗೆಯಿಂದಲೇ ನಡೆಯುತ್ತಿದೆ.",angry
"ಅವರಲ್ಲಿ ರಾಷ್ಟ್ರೀಯತೆ ಹೇಗೆ ಬಂತು, ಅದು ಭ್ರಷ್ಟವಾಗಿದೆ",angry
"ಅಂತಹ ಪ್ರಶ್ನೆಗಳನ್ನು ಕೇಳಬೇಡಿ ಸಾರ್, ಆ ಮೂರ್ಖ ಮತ್ತೆ ಏನಾದರೂ ಮಾಡುತ್ತಾನೆ.",angry
ಎರಡೂ ರಾಜ್ಯಗಳಲ್ಲಿ ಬಿಜೆಪಿ ಮುಖ್ಯಮಂತ್ರಿಗಳಿರುವುದರಿಂದ ಇದೆಲ್ಲ ಪೂರ್ವ ಯೋಜಿತ ಎಂದು ಭಾವಿಸಬೇಕು.,angry
"ಭಾರತದಲ್ಲಿ ನೆಲೆಸಿರುವಾಗ ಪಾಕಿಸ್ತಾನ ಜಿಂದಾಬಾದ್ ಎಂಬ ಘೋಷಣೆಗಳನ್ನು ನೀಡುವುದು ಸ್ವೀಕಾರಾರ್ಹವಲ್ಲ, ಅಂತಹವರಿಗೆ ಕಠಿಣ ಶಿಕ್ಷೆಯಾಗಬೇಕು...",angry
ದೇಶದ್ರೋಹಿಗೆ ಟಾರ್ಚ್ ಇದೆ,angry
ಶ್ರೀ ಮೋದಿಭಕ್ತರ ಹೆಸರುಗಳನ್ನು ತೆಗೆದುಕೊಳ್ಳಲು ಬಿಡಲಿಲ್ಲ ಎಂದು ತೋರುತ್ತದೆ,angry
"ಹೇ ಹೇಡಿ ಕಳ್ಳ, ನಿನ್ನ ಪ್ರಶ್ನೆಗೆ ಉತ್ತರ ಕೊಡುವ ರಾಹುಲ್ ಗಾಂಧಿ ನಿನ್ನ ತಂದೆಯ ಸೇವಕ",angry
ಸರ್ಕಾರ ಖಾಸಗೀಕರಣ ಮಾಡಲು ಬಯಸುತ್ತದೆ.. ಇದು ಬಡತನವನ್ನು ಇನ್ನಷ್ಟು ಹೆಚ್ಚಿಸುತ್ತದೆ..,sad
"ಉದ್ಧವ ಅಪರೂಪ - ಅಸಹಾಯಕ, ನಿಷ್ಪ್ರಯೋಜಕ ಮತ್ತು ನಾಚಿಕೆಯಿಲ್ಲದ",angry
"ನೀವು ಇನ್ನೂ ಅಲ್ಲಿ ಕೆಲಸ ಮಾಡಿಲ್ಲ, ನೀವು ಅದನ್ನು ಯಾವಾಗ ಮಾಡುತ್ತೀರಿ?",neutral
ಉದ್ಧತರಾವ್ ಈಗ ತಮ್ಮ ತಂದೆಯ ಪಕ್ಷವನ್ನೇ ಸುಡುವ ಜ್ಯೋತಿಯನ್ನು ಕೈಗೆತ್ತಿಕೊಂಡಿದ್ದಾರೆ.,angry
ಮುಖ್ಯಮಂತ್ರಿ ಮರಾಠಿ ಬದಲು ಹಿಂದಿ ಮಾತನಾಡುತ್ತಿರುವುದು ಏಕೆ? ಉತ್ತರ,angry
"ತುಂಬಾ...!!! ಇಡೀ ಪರಿಸರವನ್ನೇ ಧೂಳಿನಂತೆ ಕಲುಷಿತಗೊಳಿಸುತ್ತಾರೆ, ಸಾಮರಸ್ಯವಿಲ್ಲ..!!!",angry
ಬುರ್ಜಿ ಪಟೇಲ್ ಅವರನ್ನು ನಾಮನಿರ್ದೇಶನ ಮಾಡಲಾಯಿತು,angry
ಹಂದಿಗಿಂತ ನಾಯಿ ಉತ್ತಮವಾಗಿತ್ತು,angry
ರಾಹುಲ್ ಗಾಂಧಿಯವರ ಇಂತಹ ಫೋಟೋ ನೋಡಿದ ಕೆಲ ದನಕರುಗಳು ಬೆಚ್ಚಿ ಬೀಳುತ್ತಾರೆ.,angry
ನನ್ನ ದೀಪಾವಳಿ ತಿಂಡಿಗಳ ರುಚಿ ನೋಡಿ ಸುಸ್ತಾಗಿದ್ದೇನೆ,neutral
ಲಿಲ್ಲಿಪುಟ್ ಕೋಳಿ ತಂದೆ ಮತ್ತು ಮಕ್ಕಳಿಗಿಂತ ಈ ವಿಶ್ವದಲ್ಲಿ ನಿಮಗಿಂತ ಉತ್ತಮವಾದವರು ಯಾರೂ ಇಲ್ಲ ಎಂಬುದು ಎಲ್ಲರಿಗೂ ತಿಳಿದಿರುವ ವಿಷಯ.,angry
ಹಿಂದೂ ಹೆಣ್ಣು ಮಕ್ಕಳಿಗೆ ಹಿಂದೂ ಗಂಡು ಮಕ್ಕಳು ಸಿಗುವುದಿಲ್ಲವೇ? ಕರೀನಾ ಕಪೂರ್ ಕಡೆಗೆ ಭಿಕ್ಕರ್ ನೋಟ,angry
"ಅವರು ನಮ್ಮನ್ನು ""ಜನರು"" ಎಂದು ಕರೆಯುತ್ತಾರೆ ಎಂದು ನಾನು ಕೆಲವೊಮ್ಮೆ ಭಾವಿಸುತ್ತೇನೆ.",sad
ಮಹಾರಾಷ್ಟ್ರದ ರೈತರು ಭಿಕ್ಷೆ ಬೇಡುತ್ತಾ ದೆಹಲಿಗೆ ಹೋಗುತ್ತಿದ್ದಾರೆ,sad
ಒಟ್ಟಿಗೆ ತಿನ್ನೋಣ,angry
ದೇಶದ್ರೋಹಿಗಳೂ ಚಿಂತಿತರಾ?,angry
"ಅದರ ಪೂರ್ವಜರು ತಮ್ಮ ಕೈಗಳ ಉಗುರುಗಳನ್ನು ಬಳಸಿ ಮಲಗಿದ್ದರೆ, ಈ ಸಮಯ ಬರುತ್ತಿರಲಿಲ್ಲ.",angry
"ಮಳೆ ಬಾರದೇ, ವರುಣರಾಜ್ ಅನ್ನದಾತ ನೋಡಬೇಕಲ್ಲವೇ",sad
ನಿನ್ನೆಯ ತೀರ್ಪಿನಲ್ಲಿ ಸುಪ್ರೀಂ ಕೋರ್ಟ್ ಕಟ್ಟುನಿಟ್ಟಿನ ಪಾತ್ರ ವಹಿಸಬೇಕಿತ್ತು.,sad
ಚೈಬಾಳನ್ನು ಗುಲಾಮರನ್ನಾಗಿ ಮಾಡಿಕೊಂಡವರೂ ದೇಶದ್ರೋಹಿಗಳಾಗಿರುವುದು ಹೊಸ ವಿಷಯವೇನಲ್ಲ.,angry
-? ನೀವು ಯಾವ ಯುಗದಲ್ಲಿದ್ದೀರಿ? ಕನಿಷ್ಠ ಈಗಲಾದರೂ..,neutral
ಎನ್‌ಸಿಪಿ ಮತ್ತು ಕಾಂಗ್ರೆಸ್‌ನ 'ಜ್ಯೋತಿ'ಯನ್ನು ಸಾರ್ವಜನಿಕರು ಸ್ವೀಕರಿಸುವುದಿಲ್ಲ!,angry
"ಕ್ರಾಂತಿಯನ್ನು ಆಚರಿಸಲಾಯಿತು, ಆದರೆ ಈಗ ಭಯದಿಂದಾಗಿ, ಅಲಿಬಾಬಾ ಮತ್ತು ನಲವತ್ತು ಕಳ್ಳರು ಜಗಳವಾಡಲು ಪ್ರಾರಂಭಿಸಿದ್ದಾರೆ.",angry
ಈ ಪ್ರತಿಸ್ಪರ್ಧಿಗಳು ಪರಸ್ಪರರ ಕಾಲುಗಳನ್ನು ಎಳೆಯುವ ಏಡಿಗಳು,angry
ಫೇಕಾನ ಕಥೆಗಳನ್ನು ಹೇಳಲು ನೀನೊಬ್ಬನೇ ಉಳಿದಿದ್ದೀಯ,angry
ನಿಜ ಹೇಳು ಸಾರ್ ಅಂತ ಹರಿದಾಡಿದ್ದೆ,angry
ಮೋದಿಯವರದು ಸಂಪೂರ್ಣ ತಪ್ಪು. ಮನೀಶ್ ಸಿಸೋಡಿಯಾ ಬಂಧಿತ,angry
"ಈಗ ಮಾತನಾಡೋಣ, ಇದನ್ನು ಯಾರು ವಿರೋಧಿಸುತ್ತಾರೆ? ನಿನಗೆ ಧೈರ್ಯವಿದೆಯೇ?",angry
ಅಂಧ ಭಕ್ತನಾಗಲು ಈ ಮಾದರಿಯು ಕಡ್ಡಾಯವಾಗಿದೆ,angry
ನಾಚಿಕೆಯಿಲ್ಲದ ಯಾವಾಗಲೂ ಸಂತೋಷ! ನಿಮ್ಮ ಬಂಗಲೆಗೆ ಹೆಸರಿಟ್ಟಿದ್ದೀರಾ? ಬಾಬಾ ಸಾಹೇಬರ ತಾಯಿ!,angry
ನಿಜ ಆದರೆ ಈ ಪೆಟ್ಟಿಗೆಗಳು ಎಷ್ಟು ಕಾಲ ಬಾಳಿಕೆ ಬರುತ್ತವೆ? ಇದು ಒಂದು ದಿನ ಕೊನೆಗೊಳ್ಳುತ್ತದೆ. ಹಾಗಾದರೆ ಏನು?,neutral
ಮತ್ತು ಶಿವಸೈನಿಕರ ಭಾಷೆಯಲ್ಲಿ ಮಹಾರಾಷ್ಟ್ರವು ಗೊಬ್ಬರವಾದ ಮಹಾಚೂಟಿಯಾ ಆಗಿದೆ.,angry
ಈ ಹಿಂದೆ ಮಳೆ ಬರಲೆಂದು ಕಪ್ಪೆಗಳ ಮದುವೆಗಳನ್ನು ಏರ್ಪಡಿಸಲಾಗುತ್ತಿತ್ತು. ಈಗ ಅವನಿಗೆ ವಿಚ್ಛೇದನ ನೀಡುವ ಸಮಯ ಬಂದಿದೆ,angry
ಎಷ್ಟು ಸಿಟ್ಟು ಬಂದಿರೋ ಹಿಂಬಾಗಿಲು ಕೊಂಬೆಗಳ ವಿಶೇಷತೆ...,angry
ದೇಶದ ಗೃಹ ಸಚಿವರೇ ಆರೋಪಿಯಾದಾಗ ದೇಶಕ್ಕೆ ಏನಾಗುತ್ತದೆ?,angry
ಇದು ತೇಲುವ ಮಲ,angry
ಹೊಸ ಸಂದ ಉದ್ಘಾಟನೆ ಬಿಟ್ಟರೆ ಏರಿಯಾದಲ್ಲಿ ಏನ್ ಮಾಡ್ತಿದ್ದೀರ???,angry
ನಾನು ಅವಳಿಗೆ ಕೊಡುವುದಿಲ್ಲ ಮತ್ತು ಅವಳು ಚೇತರಿಸಿಕೊಂಡಾಗ ದನದ ಕೊಟ್ಟಿಗೆಗೆ ಕರೆದುಕೊಂಡು ಹೋಗುತ್ತೇನೆ.,neutral
ಹಗರಣಕ್ಕಾಗಿ ದಿ ಬ್ಲಾಕ್‌ಗೆ ಏಕೆ ಶಿಕ್ಷೆಯಾಗಲಿಲ್ಲ? ಬೆಂಚ್,angry
ನಿಮ್ಮಂತಹ ದೇಶದ್ರೋಹಿಗಳಿಗೆ ಗುರಾಣಿ ಅಥವಾ ಕತ್ತಿ ಇಲ್ಲ... ಅವರ ಬಳಿ ಕಠಾರಿ ಇದೆ...,angry
ಅಂತಹ ಮೃದು ಭಾಷೆ ಅಂತಹ ವಿಷಯಗಳನ್ನು ಸುಧಾರಿಸುವುದಿಲ್ಲ. ಜೋಡಿ ಭಾಷೆ,angry
ಗಂಡೋ ವಕಡ ಮತ್ತು ಗಂಡೋ ಮರಾಠಿ ಮನುಷ್ಯ! ಒಂದೇ ಒಂದು ಹುಲಿ ಇತ್ತು ಮತ್ತು ಅವನು ನಪುಂಸಕನಾದನು!,angry
ಚೆನ್ನಾಗಿ ನಡೆದುಕೊಂಡಿದ್ದೀರಾ... ಮತದಾರರು ಅಂಥವರನ್ನು ಆಯ್ಕೆ ಮಾಡಲಿ ನೋಡೋಣ,angry
ಕೊಂಕಣ ಸೇರಿದಂತೆ ರಾಜ್ಯದಲ್ಲಿ ಆರ್ದ್ರ ಬರ ಘೋಷಿಸುವುದು ಬಹಳ ಮುಖ್ಯ.,sad
"ನೋಡಿ, ನಿಮ್ಮ ಹಣೆಬರಹದಲ್ಲಿ ಏನೂ ಇಲ್ಲ..... ಅವರು ಇತರರ ಹೆಸರನ್ನು ತೆಗೆದುಕೊಳ್ಳಲು ಪ್ರಾರಂಭಿಸುತ್ತಾರೆ.",angry
"ಕೋಳಿ ಕಳ್ಳನ ಕಾರು ಮುರ್ಜಿ ಪಟೇಲನ ರೂಪವನ್ನು ತುಂಬಲು ಪ್ರಾರಂಭಿಸಿತು, ಪನ್ವತಿ ನಡೆಯಲು ಪ್ರಾರಂಭಿಸಿದಳು.",angry
"ನೀವು ಯಾರೆಂದು ಯಾರಿಗೂ ತಿಳಿದಿಲ್ಲ, ಹಾಗಾದರೆ ನೀವು ಮತ್ತೆ ಮತ್ತೆ ಏಕೆ ಹೋಗಬೇಕೆಂದು ಬಯಸುತ್ತೀರಿ",neutral
"ಟ್ವಿಟರ್ ಬೇಡ, ಅವಮಾನವನ್ನು ಬಿಡಿ, ಮತ್ತು ನೀವು ಬಟನ್ ಅನ್ನು ಪಡೆಯುತ್ತೀರಿ...",neutral
ನೀವು ಪೆಂಗ್ವಿನ್‌ಗಳನ್ನು ಸ್ಕ್ರಾಚ್ ಮಾಡಿ ಹೀರುತ್ತೀರಾ?,angry
ಅಲ್ಲಿ ಯಾರಿದ್ದಾರೆ? ಕಿರುಚುತ್ತಾ.. ನನಗೆ ನನ್ನದೇ ಆದ ಬಾಲವಿತ್ತು,angry
ರಾಮರಾಜ್ಯದಲ್ಲಿ ಪ್ರಾಣಿಗಳು ನರಳುತ್ತಿವೆ.,sad
ಆದರೆ ಪರೀಕ್ಷೆ ಇರುವಾಗ ಯಾರಾದರೂ ಓಡಿಹೋಗುತ್ತಾರೆಯೇ?,neutral
"ಭಂಗಾರಾ, ಬೆಳಗಿನ ಶಾಪವು ಕೆಲಸ ಮಾಡುತ್ತದೆಯೇ?",angry
ಆಮೇಲೆ ಪಂಢರಪುರ ನಾಂದೇಡ್ ಕೊಲ್ಹಾಪುರ ಬೂಟಾಟಿಕೆ ಬಿ.ಜೆ.ಪಿ,angry
ಏಯ್ ಶಾಮಣ್ಣನ ಉಲ್ಲೇಖ ಇದೆಯಾ.. ಅಥವಾ ಶಾಕ್ ಆಗಿ ಸುಮ್ಮನೆ ಕುಳಿತಿದ್ದೀಯಾ..?,angry
"ಸರಿ, ಮುರಳಿ ಕೆಲಸ ಮಾಡಲಿಲ್ಲವಲ್ಲ, ಅವನು ಹಣವನ್ನು ತಿನ್ನುತ್ತಾನೆ",angry
ಹಿಂಗಾರು ಮಳೆಯಿಂದ ನಷ್ಟ ಅನುಭವಿಸಿದ ಸೋಯಾಬೀನ್ ರೈತರೂ ಕಂಗಾಲಾಗಿದ್ದಾರೆ.,sad
ಏಕನಾಥ್ ಅವರನ್ನು ಮಾರುವೇಷದಲ್ಲಿ ಭೇಟಿಯಾಗುವ ಏಕನಾಥ್ ಗೆ ಫಡ್ನವೀಸ್ ರನ್ನು ಏಕೆ ಭೇಟಿಯಾಗಿದ್ದೆ ಎಂದು ಹೇಳಲಿದ್ದಾರೆ.,neutral
ಈ ಜನರು ಯಾವ ರೀತಿಯ ಪತ್ರಿಕಾಗೋಷ್ಠಿಗಳನ್ನು ನೀಡುತ್ತಾರೆ? ಇದು ಯೋಗ್ಯವಾಗಿದೆಯೇ?,angry
"ನಿಮ್ಮ ಕಡೆಯವರ ಬಗ್ಗೆ ಮಾತನಾಡುತ್ತಾ, ಮಾಲೀಕರಿಗೆ ಶಿಕ್ಷೆಯಾಗುತ್ತದೆ ಎಂದು ನೀವು ಭಾವಿಸುವುದಿಲ್ಲವೇ ...",angry
"ಈ ದಲಭದ್ರಿ ಹಿಂದೂ ಧರ್ಮದ ಬಗ್ಗೆ ಮಾತ್ರ ಮಾತನಾಡುತ್ತಾರೆ, ಬೇರೆ ಧರ್ಮದ ಬಗ್ಗೆ ಮಾತನಾಡುವುದಿಲ್ಲ.",angry
ನಿಮ್ಮಂತೆಯೇ ನಿಮ್ಮ ನೆರೆಹೊರೆಯವರನ್ನೂ ಅಪ್ಪ ಎಂದು ಕರೆಯುತ್ತೀರಿ.,angry
ಇದು ಕಷ್ಟ,neutral
ಧರ್ಮದ ಹೆಸರಿನಲ್ಲಿ ರಾಜಕೀಯ ಮಾಡಿ ಜನರನ್ನು ಮೂರ್ಖರನ್ನಾಗಿಸುವ ಈ ನಾಟಕಗಳು ಎಷ್ಟು ದಿನ ನಡೆಯುತ್ತವೆ?,angry
ನನಗೆ ಏನೂ ಗೊತ್ತಿಲ್ಲ ದಯವಿಟ್ಟು ರಾಷ್ಟ್ರ ಭಾಷೆ ಮರಾಠಿಯಲ್ಲಿ ಹೇಳಿ!,neutral
ನೀವು ಯಾಕೆ ಅಧಿಕಾರಕ್ಕೆ ಬಂದಿದ್ದೀರಿ ಎಂಬುದನ್ನು ಮೊದಲು ಸಾರ್ವಜನಿಕರಿಗೆ ತಿಳಿಸಿ,neutral
'ಕತ್ತಲಲ್ಲಿ ಕಾರನ್ನು ನಿಲ್ಲಿಸಿ...' ಪ್ರಯಾಣದ ವೇಳೆ ನಟಿಗೆ ಆಘಾತಕಾರಿ ಅನುಭವವಾಗಿದೆ,happy
ಟಿವಿ ಚಾನೆಲ್ ಬೇರೆ ತೋರಿಸುತ್ತಿತ್ತು...ಎಷ್ಟು ಸುಳ್ಳು ಹೇಳ್ತೀರಿ...(ಟಿವಿ ಚಾನೆಲ್ ಅಲ್ಲ)?,angry
"ಬಿಜೆಪಿಯನ್ನು ಗುರಿಯಾಗಿಟ್ಟುಕೊಂಡು, ನೆಟಿಜನ್‌ಗಳು ಶಿಂಧೆ ಗ್ರೂಪ್ ಅನ್ನು ಬಾಳಾಸಾಹೇಬ್ ಹೆಸರಿನಲ್ಲಿ ಟ್ರೋಲ್ ಮಾಡಿದ್ದಾರೆ -",neutral
ಶ್ರೀ ಸತ್ಯಜಿತ್ ಕದಂ ಅವರನ್ನು ನಾಮನಿರ್ದೇಶನ ಮಾಡಿ ಶಾಶ್ವತ ನೆಲೆ ಕಲ್ಪಿಸಿ... ಇದು ಎಷ್ಟು ಸೂಕ್ತ ಸರ್...,angry
ಬಿಜೆಪಿಯ ಕಿಡಿಗೇಡಿಗಳು ಇದನ್ನು ಮಾಡಬಲ್ಲರು ಪಟಾಲಂತ್ರಿ,angry
"ನಿಷ್ಠೆ ಮುಳುಗುತ್ತದೆ, ಮಲ ತೇಲುತ್ತದೆ",angry
"ಜನ ನಿಮಗೆ "" ಸಹಾನುಭೂತಿ ಮತ್ತು ಅಭಿಪ್ರಾಯ "" ಎರಡನ್ನೂ ನೀಡದಿರುವುದು ನಿಮ್ಮ ದೌರ್ಭಾಗ್ಯ.",sad
ಜೈಲು ಶೌಚಾಲಯಗಳಲ್ಲಿ ಅಹಿತಕರ ಹಿಂಭಾಗ,angry
ಇಡೀ ಪ್ರಜಾಪ್ರಭುತ್ವ ಒಬ್ಬ ವ್ಯಕ್ತಿಯ ಮೇಲೆ ಅವಲಂಬಿತವಾಗುತ್ತಿರುವುದು ದುರಂತ.,sad
"ಭಂಗಾರ್ ಎಂದರೆ ಭಂಗಾರ್, ಇದು ಮಹಾರಾಷ್ಟ್ರದ ದೊಡ್ಡ ಕೀಟ.",angry
:ನಾಟಿ ಕಡಿಮೆಯಾದ ಕಾರಣ ಈ ವರ್ಷ ಹೇರಳವಾಗಿ ಈರುಳ್ಳಿ ಬರಲಿದೆ!,sad
ಈ ಬೊಗಳುವ ನಾಯಿ ಹಣ ಸಿಕ್ಕಿದ್ದರಿಂದ ಬೊಗಳುತ್ತಿದೆ,angry
ಈಗ ಹೆಚ್ಚು ಮಾತನಾಡಬೇಡಿ..ವೀಡಿಯೋಗಳನ್ನು ಕಳುಹಿಸಿ..ನೀವು ಹೆಚ್ಚು ಮಾತನಾಡಿ..ಕೆಲಸ ಕಡಿಮೆ ಮಾಡಿ..ಕೆಲಸಕ್ಕೆ ಹೋಗೋಣ.,neutral
ಸ್ವರ್ಗದಲ್ಲಿ ವೈನ್ ಇಲ್ಲದಿದ್ದರೆ ಅಲ್ಲಿಗೆ ಹೋಗುವುದು ನಿಷ್ಪ್ರಯೋಜಕ.,neutral
ನಿನ್ನ ತಂದೆಯ ವಂಶ ಕಡಿದು ಹೋದರೂ ನಿನ್ನ ನಾಯಿಯ ಕನಸು ನನಸಾಗುವುದಿಲ್ಲ...,angry
"ಗುಜರಾತಿನಷ್ಟೇ ಅಲ್ಲ, ಹರಣವೂ ಕಪ್ಪು ಕಲ್ಲಿನ ಮೇಲೆ ಬಿಳಿ ಗೆರೆಯಾಗಿದೆ.",neutral
ದಸರಾ ದೀಪಾವಳಿಯಂದು ಸರಿಯಾಗಿ ಎಚ್ಚರಗೊಳ್ಳುತ್ತಾನೆ ಈ ಪತ್ರಕರ್ತ!!,angry
ಸಾರ್ವಜನಿಕ ಅಭಿಪ್ರಾಯಕ್ಕೆ ದ್ರೋಹ ಮಾಡುವವರನ್ನು ಈ ಜ್ಯೋತಿ ಸುಡುತ್ತದೆ,angry
ಇದು ನಿಮ್ಮಂತಹ ಜನರ ಸಮೀಕ್ಷೆಯಿಂದ ಪಡೆದ ಸಂಖ್ಯೆಗಳ % ಆಗಿರುತ್ತದೆ.,angry
ಶ್ರಮಕ್ಕೆ ಬೆಲೆ ಇಲ್ಲ. ಮತ್ತು ಸ್ವತಃ ನರ್ಸ್ ಆಗಿದ್ದವರಿಂದ ಗೇಲಿ ಮಾಡಲಾಗುತ್ತಿದೆ,angry
ಸುಪ್ರೀಂ ಕೋರ್ಟ್ ಇಡೀ ದಿನ ಕಳೆಯುವ ಅಗತ್ಯವಿಲ್ಲ. ಬೆಳಿಗ್ಗೆ ಫಲಿತಾಂಶಗಳನ್ನು ನೀಡಿದ ನಂತರ ನಾನು ಮುಕ್ತವಾಗಿರಲು ಬಯಸುತ್ತೇನೆ.,angry
"ಮತ್ತು ಈ ಸಹೋದರನು ಈ ಜನ್ಮದಲ್ಲಿ ತನ್ನ ಮನೆಯಿಂದ ಬೇರ್ಪಟ್ಟನು, ಎಷ್ಟು ಕ್ರೂರ!",angry
"ಕೇಳು ಹೆಂಗಸರೇ, ಅಂಧ ಭಕ್ತರೇ, ಭ್ರಷ್ಟ ಜನತಾ ಪಾರ್ಟಿಯವರು ಯಾರೋ ಹೇಳ್ತಾರಂತೆ ಚೋಮ್ಯಾ.",angry
"ತಾಯಿ, ನಿನ್ನ ತಂದೆಗೆ ಸೇರಿದ್ದನ್ನು ಕಿತ್ತುಕೊಂಡ ಈ ಪಾಪಕ್ಕೆ ನೀನು ಎಲ್ಲಿ ಶಿಕ್ಷೆ ಕೊಡುವೆ?",angry
"ಛೇ, ನೀನು ಕರೋನಾದಿಂದ ಸತ್ತಿದ್ದರೆ ಚೆನ್ನಾಗಿರುತ್ತಿತ್ತು... ಈ ಪ್ರಶ್ನೆಯನ್ನು ಯಾರೂ ಕೇಳುವುದಿಲ್ಲ",angry
ಇದು ದೇಶದ್ರೋಹ. -ಅಂಧ ಭಕ್ತ,angry
ವರ್ಷದ ಮಹಾರಾಷ್ಟ್ರ ಅಥವಾ ವರ್ಷದ ಬಿಹಾರಿ,angry
ಪೊಲೀಸರನ್ನು ನೋಡಿ ಓಡಿಹೋದ,neutral
ಬಟ್ಟೆ ಒಗೆಯುವ ಸಂಪ್ರದಾಯವೂ ತುಂಬಾ ತೊಂದರೆ ಕೊಡುತ್ತದೆ... ಆಫೀಸಿಗೆ ಬರುವಾಗಲೂ.,neutral
ಸಾಧ್ಯವಾದರೆ ಒಮ್ಮೆ ಅಂಧೇರಿಗೆ ಬಂದು ನೋಡಿ ಗೌರವ ಕಳೆದುಕೊಳ್ಳದಂತೆ,angry
ಆಕೆಗೆ ಬ್ಯಾಂಕ್‌ನಲ್ಲಿ ಕೆಲಸ ಮಾಡಬೇಕೆಂಬ ಆಸೆ ಇತ್ತು ಆದರೆ...' ಎಂದು ಹೇಳುತ್ತಾ ರಸ್ತೆ ಬಿಟ್ಟು ಮನೆಗೆ ನುಗ್ಗಿದ ಟ್ರಕ್‌ನಿಂದ ಬಾಲಕಿ ನಜ್ಜುಗುಜ್ಜಾಗಿದ್ದಾಳೆ.,sad
ಅವರು ದೇಶದ್ರೋಹಿಗಳನ್ನು ಗೇಲಿ ಮಾಡುತ್ತಿದ್ದಾರೆ,angry
ಈ ಸಂದೀಪ್ ಓಡಿಹೋದ,happy
ಹಿಂದುತ್ವ ಸರಕಾರದಲ್ಲಿ ಗೋರಕ್ಷಕರ ಮೇಲಿನ ದಾಳಿಯನ್ನು ಸಹಿಸಲಾಗುವುದೇ?,angry
ಮರಾಠಿ ಪತ್ರಿಕೋದ್ಯಮ ಕಷ್ಟ,neutral
"ಈಗ ಅರ್ಥ ಮಾಡಿಕೊಳ್ಳಿ, ಅವರದೇ ಪಕ್ಷವೇ ನಿಮ್ಮನ್ನು ಈ ಸ್ಥಿತಿಗೆ ತಂದಿದೆ.",angry
ಹಾಗಾದರೆ ಅವರು ನ್ಯಾಯಾಲಯದಲ್ಲಿ ಏಕೆ ವಾದಿಸುತ್ತಾರೆ?,angry
ನೀವು ಸರಿಯಾಗಿ ಬ್ರಷ್ ಮಾಡದಿದ್ದರೆ ನೀವು ಅದಕ್ಕೆ ಟ್ಯಾಗ್ ಆಗುತ್ತೀರಿ,angry
ಈ ನಿದ್ದೆಯಲ್ಲಿರುವ ಸರಕಾರಗಳಿಗೆ ಯಾರ ಹೃದಯದ ಸ್ಥಿತಿ ಹೇಳು. ಅನೇಕ ಉತ್ಸಾಹಿಗಳು ನಿರುದ್ಯೋಗದಿಂದ ಧ್ವಂಸಗೊಂಡರು.,sad
"ಜ್ಞಾನಿಗಳಿಂದ ಬೆಳಕು ಚೆಲ್ಲಬೇಕಾದರೆ, ನಿಮ್ಮ ಜ್ಯೋತಿಯು ಕೇವಲ ಹೊಳೆಯುವ ಸಂಕೇತವೇ?",angry
ಮನಸ್ಸು ನಿನ್ನನ್ನು ತೊರೆದಾಗ ನೀನು ಸೋತು ಸಾಯುವೆ.,sad
ಇದನ್ನು ಓದಿದ ಮಹೇಶ್ ಕೊಠಾರೆ ಅವರಿಗೆ ಕಿಡ್ನಿ ಹೃದಯಾಘಾತವಾಗಿರಬಹುದು.,happy
"ವಿಶ್ವ ಚಾಂಪಿಯನ್ ತಂಡವನ್ನು ಸೋಲಿಸಿದ ಆದರೆ ಹೊಸ ತಂಡವನ್ನು ಸೋಲಿಸಿ, ಐರ್ಲೆಂಡ್ ಖಾತೆ ತೆರೆಯಿತು",happy
"ಸಾಲ್ಯಾ, ನಮ್ಮಿಂದಾಗಿ ನೀನು ಜನಪ್ರತಿನಿಧಿಯಾದ್ರೂ ಪರವಾಗಿಲ್ಲ.",angry
ಇತರರು ಏಕೆ ಮಲಗಿದ್ದಾರೆ?,neutral
ಹೌದು ಬಿಜೆಪಿ ಬ್ಯುಸಿಯನ್ನು ತೋರಿಸುತ್ತದೆ ಆದರೆ ನಿಜವಾದ ಕಾರಣ ಸೋಮಾರಿತನ,angry
ಮೂಲಭೂತವಾಗಿ ದ್ರೋಹವು ಯಾವುದೇ ಜಾತಿಗೆ ಸೀಮಿತವಾಗಿಲ್ಲ. ದ್ರೋಹ ಒಂದು ಸ್ವಭಾವ.,neutral
ಸ್ವಾಯತ್ತ ಸಂಸ್ಥೆಗಳು ವಿಶ್ವಾಸಾರ್ಹವೇ ಎಂದು ನೀವೇ ಯೋಚಿಸಿ...,neutral
ನೀರು ಕೈಗೆ ಬಂದಿದ್ದರಿಂದ ಜನ ವಿದ್ಯಾವಂತರಾದರು.,neutral
ಪಪ್ಪುವಿನ ತಲೆ ತಿರುಗುತ್ತಿದೆ,angry
ಕೆಲಸಕ್ಕೆ ಬಾಬಾ ಎನ್ನಬೇಕು.. ತಾನೆ ಬಾಳಾ ಸಾಹೇಬರು ಎಲ್ಲಿದ್ದಾರೆ.. ಇದೆಲ್ಲ ಕಷ್ಟ..!!,neutral
ಹಾಗೂ ಬಾಳಾ ಸಾಹೇಬರ ಆದರ್ಶಗಳನ್ನು ಪಾಲಿಸುತ್ತಿದ್ದೇವೆ ಎನ್ನುತ್ತಾರೆ. ಅಧಿಕಾರ ಸಿಕ್ಕ ತಕ್ಷಣ ಮರೆತುಬಿಟ್ಟರು.,angry
"ಹಣೆಯಲ್ಲಿ ಮಚ್ಚೆ ಇದ್ದರೂ ನಿಷ್ಠೆ, ದ್ರೋಹದ ಕಲೆ ಅಳಿಸಲಾಗದು.",angry
ಪೊಹೋರ್ ಮನಸ್ ಮಹಾರಾಷ್ಟ್ರದ ರಾಣೆ...,angry
"ಓಹ್, ನಾವು ಕಹಿಯಾಗಿರಬಹುದು ಆದರೆ ನಿಮ್ಮಂತೆ ಸೊಕ್ಕಿನವರಲ್ಲ, ಅಧಿಕಾರದ ಹಸಿದ ಜನರು ತಮ್ಮೊಂದಿಗೆ ಮಫ್ತಿಗಳನ್ನು ಇಟ್ಟುಕೊಳ್ಳುತ್ತಾರೆ",angry
ಮರಾಠಿಗರಷ್ಟೇ ಅಲ್ಲ ಇಡೀ ಕಲೆಗೆ ಅವಮಾನ ಮಾಡಲಾಗಿದೆ.,sad
"ಓಹ್, ಅದು ನೈಜೀರಿಯಾವನ್ನು ಎಲ್ಲಿ ತಲುಪಿತು? ಭಾರತವನ್ನು ಸೇರುವ ಮೊದಲು ಪಾಕಿಸ್ತಾನ ಮತ್ತು ಬಾಂಗ್ಲಾದೇಶ ಇಲ್ಲಿಯೇ ಉಳಿದುಕೊಂಡಿದ್ದವು.",angry
ನ ಟ್ವಿಟರ್ ಹ್ಯಾಂಡಲ್ ಅನ್ನು ಬಳಸುವುದು ತುಂಬಾ ತಪ್ಪು,angry
ಬಿಜೆಪಿಯ ಭ್ರಷ್ಟ ನಾಯಕರ ತನಿಖೆ ಯಾವಾಗ?,angry
ಕಾಂಗ್ರೆಸ್‌ನ ನಾಯಕರು ಎಷ್ಟು ದೊಡ್ಡವರು ಎಂದರೆ ಕಾಂಗ್ರೆಸ್‌ನಿಂದ ಹೊರಹಾಕಲ್ಪಟ್ಟವರೂ ಬಿಜೆಪಿಯಲ್ಲಿ ಮಂತ್ರಿಯಾಗುತ್ತಾರೆ.,angry
ಅವರು ನಿಮ್ಮಂತೆ ತಮ್ಮ ಸ್ವಾಭಿಮಾನವನ್ನು ಅಡಮಾನವಿಟ್ಟಿಲ್ಲ.,happy
ಬಿದ್ದ ಮುಖ ಎಲ್ಲವನ್ನೂ ಹೇಳುತ್ತದೆ.,sad
ಅವನು ಸತ್ತಿಲ್ಲ ಅಜ್ಜ... ಬೊಗಳುತ್ತಾನೆ... ಸುಮ್ಮನೆ ಬೊಗಳುತ್ತಾನೆ...,angry
ನಿಮ್ಮ ಕೆಲಸವನ್ನು ಚೆನ್ನಾಗಿ ಮಾಡಿ ಇಲ್ಲದಿದ್ದರೆ ನಾವು ನಿಮ್ಮ ಸ್ಥಳವನ್ನು ತೋರಿಸುತ್ತೇವೆ ...,angry
"ಥೋರಟ್, ವಿಖೆ, ಅಂಬೇಡ್ಕರ್ ಹೆಸರು ದುರ್ಬಳಕೆ ಮಾಡಿಕೊಂಡಿದ್ದಕ್ಕೆ ನ್ಯಾಯಾಲಯದ ಮೊರೆ ಹೋಗುತ್ತಾರೆ.",neutral
ಪ್ರತಿಕ್ರಿಯಿಸುವ ಧೈರ್ಯವಿಲ್ಲದ ನಾಯಕನಿಗೆ ಬಹುಮಾನ ನೀಡುವುದು ಹಾಸ್ಯಾಸ್ಪದ.,angry
ಕುಲಕರ್ಣಿ ತಲೆಯ ಮೇಲೆ ಮಲಗಿರುತ್ತಿದ್ದರು.,angry
ಶಿವಸೇನೆ ಮಹಿಳಾ ಕಾರ್ಪೋರೇಟರ್ ಆರೋಪ ಮಾಡಿದ್ದು ಇದೇ ಅಲ್ಲವೇ....ಅದಕ್ಕೆ ಬೆಲೆಯೇ??,angry
ಆ ವಿಶ್ವಾಸಾರ್ಹ ಸತ್ಯ ಪರೀಕ್ಷಕರು ಕೆಲವು ದಿನಗಳವರೆಗೆ ಜೈಲಿನಲ್ಲಿದ್ದರು,angry
ನಾವು ಹೇಳಲೇಬೇಕು ... ಮತ್ತು ಈಗ ಜನರು ಅವರ ನಡೆಗಳನ್ನು ಗಮನಿಸಲು ಪ್ರಾರಂಭಿಸಿದ್ದಾರೆ.,happy
ಅಡಮಾನಗಳನ್ನು ವಿಲೀನಗೊಳಿಸುವ ಜನರು ಹೆಚ್ಚು ಚಿಂತಿಸಬಾರದು,angry
ಈಗ ನಗರಸಭೆಯನ್ನೇ ಏಕೆ ಹೊಣೆ ಮಾಡಬಾರದು ಎಂದು ಚರ್ಚೆ ನಡೆಸುತ್ತಿದ್ದಾರೆ,angry
ಮಹಿಳಾ ಸಬಲೀಕರಣದ ಬಗ್ಗೆ ಬಿಂಬಿಸುವುದನ್ನು ನಿಲ್ಲಿಸಿ ಮತ್ತು ಮೊದಲು ಮಹಾರಾಷ್ಟ್ರವನ್ನು ತೊರೆಯಿರಿ.,angry
ಫುಲೆ ಶಾಹು ಅಂಬೇಡ್ಕರ್ ಅವರ ಮಹಾರಾಷ್ಟ್ರದಲ್ಲಿ ಮಕ್ಕಳು ಶಿಕ್ಷಣಕ್ಕಾಗಿ ಆಂದೋಲನ ನಡೆಸಬೇಕಾದ ಸ್ಥಿತಿ ಬಂದಿರುವುದು ನಾಚಿಕೆಗೇಡಿನ ಸಂಗತಿ.,sad
ನಿಮ್ಮ ಕೆಳಗೆ ಬೆಂಕಿ ಏಕೆ ಉರಿಯುತ್ತಿದೆ? ಹೋಗಿ ಹಿಮದಿಂದ ತುಂಬಿದ ಹಿಮದ ಮೇಲೆ ಓಡಿ ಬೇಗನೆ ಬಾಸ್,angry
ಸಾರ್ವಜನಿಕ ಸೇವೆ ಸ್ಥಗಿತಗೊಂಡು ಹಲವು ವರ್ಷಗಳೇ ಕಳೆದಿವೆ.,sad
"ಪವಾರ್ ಸಾಹೇಬ್ ಮತ್ತು ಅಮೆರಿಕದ ನಡುವೆ ಸಾಮ್ಯತೆ ಇದೆ, ಅವರನ್ನು ನಂಬುವ ಜನರು ಜೀವನದಿಂದ ಹೊರಬರುತ್ತಾರೆ",angry
ಕೆಲವೇ ತಿಂಗಳುಗಳಲ್ಲಿ ಬಾಳಾ ಸಾಹೇಬರ ಶಿವಸೇನೆ ಮತ್ತು ಬಿಜೆಪಿ ಸರಕಾರಗಳ ಪತನ ಗೋಚರಿಸಿತು...ಓ ದೇವರೇ!,sad
"ನೀರು-ನೀರು ಸ್ಥಿರವಾಗಿದೆ, ಸಹಿಸಲು ಸಾಧ್ಯವಿಲ್ಲ ಮತ್ತು ಖುರೇಷಿ ಸಾಹಬ್‌ಗೆ ಹೇಳಲು ಸಾಧ್ಯವಾಗುವುದಿಲ್ಲ.",sad
ದಯವಿಟ್ಟು ನಿಮ್ಮ ಸಂಪೂರ್ಣ ವಿಳಾಸವನ್ನು ನಮಗೆ ಕಳುಹಿಸಿ. ನೀವು ನೀಡಿದ ವಿಳಾಸವು ಸಾಕಾಗುವುದಿಲ್ಲ.,neutral
ಮೈದಾನ ಸಿಕ್ಕಿದ ತಕ್ಷಣ ತಾಳಕ್ಕೆ ತಕ್ಕಂತೆ ಕುಣಿದು ಕುಪ್ಪಳಿಸಿದರು... ಈಗ ಆಯೋಗದ ಮುಂದೆ...,angry
ಬಡವರನ್ನು ದರೋಡೆ ಮಾಡಿದ್ದಕ್ಕಾಗಿ ನೀವು ಜೈಲಿನಲ್ಲಿದ್ದೀರಿ,angry
ಆದರೆ ಡಾಲರ್ ಎದುರು ರೂಪಾಯಿ ಕುಸಿತದ ಬಗ್ಗೆ ಏನು?,sad
"ಬಾಳಾ ಸಾಹೇಬರ ಶಿವಸೇನೆಯನ್ನು ಮೊದಲ ಶಿವ ಸೈನಿಕ ಎಂದು ಕರೆಯಲಾಯಿತು. ಮತ್ತು ಈಗ ಶಿವಸೈನಿಕರು ಬಾಳಾ ಸಾಹೇಬರ ಶಿವಸೇನೆ ಎನ್ನುತ್ತಾರೆ, ಬಾಳಾ ಸಾಹೇಬ್ ಯಾರು?",angry
"ಸಾಹೇಬ ಯೋಳ ತಾಲೂಕಿನಲ್ಲಿ ಮಳೆಯಿಂದಾಗಿ ರೈತರು ಅಪಾರ ನಷ್ಟ ಅನುಭವಿಸಿದ್ದು, ತಕ್ಷಣ ಸಹಾಯ ಪಡೆಯಲು ಅನುಸರಿಸಿ.",happy
"ಗ್ರಾಮ ಪಂಚಾಯತಿ ಪಕ್ಷವಲ್ಲ, ಇದು ನಮಗೆ ಶಾಲೆಯಲ್ಲಿ ಕಲಿಸಿದ್ದು, ನೀವು ಯಾವ ಶಾಲೆಯಲ್ಲಿ ಓದಿದ್ದೀರಿ?",angry
ನಾನು ಈ ಕಥೆಯನ್ನು ಮನೆಯಲ್ಲಿ ಹೇಳಲು ಮರೆತಿದ್ದೇನೆ ಎಂದು ನಾನು ಭಾವಿಸುತ್ತೇನೆ,neutral
ನೇಪಾಳಿ ಕಪ್ಪೆ ಮೊದಲ ದೇಶದ್ರೋಹಿ ಎಂದು ನಾವು ನಿಮಗೆ ಹೇಳೋಣ,angry
ಉದ್ಧವ್ ಠಾಕ್ರೆ ನಿಮ್ಮ ತಾಯಿಗೆ ಏನು ಮಾಡಿದರು?,angry
ಅಂಧೇರಿಯಲ್ಲಿ ವಿಧಾನಸಭಾ ಉಪಚುನಾವಣೆ ನಡೆಯುತ್ತಿದೆ. ಸಾರ್ವಜನಿಕರನ್ನು ಮೂರ್ಖರನ್ನಾಗಿಸುವ ಉದ್ಯಮ ನಡೆಯುತ್ತಿದೆ.,angry
"""ಉದ್ಧವ್ ಠಾಕ್ರೆ ಹತಾಶೆಗೊಂಡಿದ್ದಾರೆ, ನಿಷ್ಪರಿಣಾಮಕಾರಿ, ದುರಹಂಕಾರಿ"" ಎಂದು ಬಿಜೆಪಿ ಶಾಸಕರನ್ನು ಲೇವಡಿ ಮಾಡಿದರು; ""ಮನೆಯಲ್ಲಿ ಕುಳಿತವರಿಗೆ..."" ಎಂದರು.",angry
ಅದಾನಿ ಬಂದರಿನಿಂದ ಬಿಟ್ಟಿ ಸಾಮಾನು ತೆಗದುಕೊಂಡು ಹೀಗೆ ಮಾತಾಡುತ್ತಲೇ ಇರುತ್ತಾರೆ.,angry
ನೀವು ಮತ್ತು ಪಕ್ಷವು ಭಾರೀ ಪರಿಹಾರವನ್ನು ಪಾವತಿಸಬೇಕಾಗುತ್ತದೆ.,sad
ಈ ಕೆಳಗಿನ ಸಂಬಂಧಿತ ಉಪಾಖ್ಯಾನಗಳು ಮಹಾರಾಷ್ಟ್ರದ ಪ್ರಸ್ತುತ ರಾಜಕೀಯಕ್ಕೆ ಅನ್ವಯಿಸುತ್ತವೆ.,angry
ನಂತರ ಅವನು ತೈಚಿಯ ಕೈ ಜೋಡಿಸಿ ಕ್ಷಮೆಯಾಚಿಸುತ್ತಾನೆ...,angry
ನರ್ತಿಸುವ ನವಿಲಿಗೆ ಬಾಗಿದ ಕಾಲುಗಳಿವೆ ಎಂದು ಹೇಳಲಾಗುತ್ತದೆ.,neutral
ಮತ್ತೊಬ್ಬನ ಜೊತೆ ಓಡಿ ಹೋಗಿರುವ ಪತ್ನಿ ಈಗ ಆಸ್ತಿಯಲ್ಲಿ ಪಾಲು ಕೇಳುತ್ತಿದ್ದಾಳೆ,angry
ನಮ್ಮ ಹಿರಿಯರಿಗೆ ಯಾವಾಗ ತಿಳಿಯುವುದು ಹೀಗೆ ಮಗು ಇದು ಗೊತ್ತು???,happy
"ಹೌದು, ಸ್ಪರ್ಧೆಯ ಯುಗದಲ್ಲಿ ದೇಶ ಮತ್ತು ಸಮಾಜದಲ್ಲಿ ಏನು ನಡೆಯುತ್ತಿದೆ ಎಂಬುದನ್ನು ಜನರು ಮರೆಯುತ್ತಿದ್ದಾರೆ ಎಂಬುದನ್ನು ನಾನು ಒಪ್ಪುತ್ತೇನೆ.",sad
"ಸ್ಕ್ರಿಪ್ಟ್ ಸಿದ್ಧವಾಯಿತು, ದಸರಾ ಕೂಟದ ನಂತರ ಗಲಾಟೆಯಾಯಿತು.",happy
ಇದು ನಮ್ಮ ನಡುವಿನ ಜೈಚಂದ್ ಗಾನೋಜಿ ಶಿರ್ಕೆ ಫಿತೂರ್ ಹಬ್ಶಿ...!!!,angry
ಆ ಥಾಪಾ ಅವರ ಖೋನ್ ವ್ಹೀಜಿಂಗ್ ಮೆಚ್ಚುವುದಿಲ್ಲ. ಭಕ್ತರಿಗೆ ಮುಕ್ತ ಪ್ರೀತಿಯ ಭರವಸೆ ಇದೆ.,angry
"ಧುಂಗನ ದಂಡಾ ಆ ಭಾಷೆ ಯಾವುದು, ಏನು ತೋರಿಸುವುದು ಮತ್ತು ಹೇಗೆ ಓಡಿಹೋಗುವುದು",angry
"ವಿಶ್ವ ವಕ್ತಾರರಿಂದ ಕಷ್ಟದ ಸಮಯಗಳನ್ನು ಸೃಷ್ಟಿಸಲಾಗಿದೆ, ಆದ್ದರಿಂದ ಅವರು ಪ್ರಸ್ತುತ ಪರಿಸ್ಥಿತಿಗೆ ಕಾರಣರಾಗಿದ್ದಾರೆ.",angry
ಈ ವೇಳೆ ಪುಣೆಯ ಮೇಲಿದ್ದ ಮೋಡಗಳು ಸಿಡಿಯುತ್ತಿದ್ದವು,happy
ನಮಗೆ ಆಯ್ಕೆ ಇದೆಯೇ?,neutral
ಕುಲವನ್ನು ಉಳಿಸದೆ ಕೀಳು ಕಜ್ಜಿ ಹೋಗುವುದಿಲ್ಲ ಝಗ್ಲಾಯ????,angry
"ಆಯೋಗ ಮತ್ತು ನ್ಯಾಯಾಲಯದ ಮೇಲೆ ನಂಬಿಕೆ ಇಲ್ಲ, ಇದು ಕಲಿಯುಗವಾಗಿದೆ",angry
ದೇವರುಗಳನ್ನು ಅಪಹಾಸ್ಯ ಮಾಡುತ್ತಾನೆ; ಆದರೆ ಈ ಬಗ್ಗೆ ಕಟ್ಟುನಿಟ್ಟಿನ ಕ್ರಮ ಕೈಗೊಂಡಿಲ್ಲ.,angry
ಈ ಥೈಲರ್ ಷಾಕ್ ಅನ್ನು ಮುಚ್ಚಿ.,angry
ಶಿವಸೇನೆಗೆ ಟಾರ್ಚ್ ಬೇರೆಯವರ ಮನೆಯನ್ನು ಸುಡುವ ಮಂಗನ ಕೈ,angry
"ಅಜ್ಜ ಇತರರ ಹಿಂದಿಯಲ್ಲಿ ಹಲ್ಲು ಕಿರಿಯುತ್ತಿದ್ದರು, ಈಗ ಅವರು ಹಲ್ಲು ಕಿರಿಯಲು ಪ್ರಾರಂಭಿಸಿದರು.",happy
ಅವನು ಮತ್ತು ದೈತ್ಯಾಕಾರದ ಯಾವುದರ ಬಗ್ಗೆಯೂ ಮಾತನಾಡುತ್ತಾರೆ,neutral
"ಅಗರ್ಕರ್, ನ್ಯಾಯಮೂರ್ತಿ ರಾನಡೆ ಅವರ ಹೆಸರನ್ನು ತೆಗೆದುಕೊಳ್ಳುವುದಿಲ್ಲ. ಯಾಕೆಂದರೆ ಅವನು ಬ್ರಾಹ್ಮಣನಾಗಿದ್ದ!",angry
ಹಾಗಾಗದಿದ್ದರೆ. ಅದನ್ನೇ ಮಾಡುತ್ತಿದ್ದರು... ಸಮಯ ಸಿಕ್ಕಾಗಲೆಲ್ಲ ಓಡಿ ಹೋಗುತ್ತಿದ್ದರು.,angry
ಆಡಳಿತ ಇರುವುದು ಜನರಿಗೆ ಕಿರುಕುಳ ನೀಡಲು ಮಾತ್ರ,angry
"""ಶಿವಸೇನೆಗೆ ಸಹಾನುಭೂತಿ ಸಿಗುತ್ತಿದೆ ಎಂಬುದು ಭ್ರಮೆ!""- ಸೈನಿಕರಿಗೆ ರಾಜ್ ಠಾಕ್ರೆ ಹೇಳಿಕೆ...",angry
ಈ ವಕೀಲರು ನ್ಯಾಯಾಧೀಶರಿಗೆ ಮುಖಸ್ತುತಿ ನೀಡಬಹುದು ಆದರೆ ಭಕ್ತರಿಗೆ ಅಲ್ಲ.,angry
ನಾವು ಈ ಒಬ್ಬ ವ್ಯಕ್ತಿಯನ್ನು ತುಂಬಾ ಸೋಲಿಸಿದ್ದೇವೆ.. ಆನ್‌ಲೈನ್‌ನಲ್ಲಿ ಚಿಕ್ಕಮ್ಮನ ಹಾಡನ್ನು ನೋಡುತ್ತಿದ್ದೆವು..,angry
"ಅಸಂಬದ್ಧ ಪ್ರಶ್ನೆ, ಇದು ಚುನಾವಣಾ ಆಯೋಗದ ವ್ಯಾಪ್ತಿಗೆ ಬರುವುದಿಲ್ಲ.",angry
"ಹಾಗಾಗಿ ನಾನು ಕಮ್ಲಿಯನ್ನು ಗದರಿಸುತ್ತೇನೆ, ನಾವೆಲ್ಲರೂ ನಿಮ್ಮಂತೆ ಕೀಳು ಜನರು.",angry
"ಪುಣೆ ಭ್ರಷ್ಟರಿಂದ ಸುತ್ತುವರಿದಿದೆ. ಮುಂಬೈ ಸಮುದ್ರದಿಂದ ಆವೃತವಾಗಿದೆ, ಗುಜರಾತ್ ಬಿ.ಜೆ.ಪಿ.",angry
ಇಂತಹ ಸಿಕೋಫ್ಯಾಂಟಿಕ್ ಕಾಂಗ್ರೆಸ್ಸಿಗರನ್ನು ನೀವು ಗೌರವಿಸದಿದ್ದರೆ ಅಂತಹ ಸಂಘಟನೆಗಳನ್ನು ನಿಷೇಧಿಸಿ.,angry
ಹೆಸರಿಗೆ ಅರ್ಥವಿದೆ ಎಂದು ನಂಬಿರಿ!,angry
ಒಂದರ ಹಿಂದೆ ಒಂದರಂತೆ ಪ್ರಶ್ನೆಗಳಿಗೆ ಉತ್ತರಿಸಬೇಡಿ.. ಏನು ಕೆಲಸ ಮಾಡಿದೆ ಎಂದು ಹೇಳಿ,angry
ಇದಕ್ಕೆ ಕಾರಣವೇನು?,angry
"ಸಹೋದರ, ಪುಣೆ ಏನೆಂದು ಅವನಿಗೆ ತಿಳಿದಿಲ್ಲ, ಪುರ ಯೆಡ್ ಜಾವಾ",angry
ಕುದುರೆಯ ಮೇಲೆ ಧಾನ್ಯವನ್ನು ಹಾಕಿ ಅದನ್ನು ಊದುವುದನ್ನು ಚುಟಿಯಾ ಎಂದು ಕರೆಯಲಾಗುತ್ತದೆ,angry
"ಇದರಿಂದ ನಮಗೆ ನೋವಾಗಿದೆ. ಇದು ಜನದಟ್ಟಣೆಯಾಗುತ್ತದೆ, ಟಿಕೆಟ್‌ಗಳು ಲಭ್ಯವಿಲ್ಲ, ರೈಲುಗಳು ತಡವಾಗಿ ಓಡುತ್ತವೆ",sad
ಕಾಮನಬಿಲ್ಲು ನಾಯಿಮರಿಗಳಂತೆ ದೇಶದ ಜನತೆ ನಿಮ್ಮಂತೆ ದ್ರೋಹದ ಹಾಸಿಗೆಯ ಮೇಲೆ ಬದುಕುತ್ತಿಲ್ಲವೇ?,angry
ಇದು ಕಾಂಗ್ರೆಸ್ ಅಧಿಕಾರದಲ್ಲಿದ್ದ ಸಮಯ. ಹೋರಾಟದ ಸಮಯ ಬಂದಾಗ ಅವನು ಓಡಿಹೋದನು,angry
ನೀವೇ ಹಳ್ಳಕ್ಕೆ ಹೋಗಬೇಕೆಂದು ನಿರ್ಧರಿಸಿದ್ದರೆ ನಿಮ್ಮನ್ನು ತಡೆಯುವವರು ಯಾರು.. ವಿನಾಶಕಾರಿ ಬುದ್ಧಿಮತ್ತೆ,angry
ಸಾರ್ವಜನಿಕರೊಂದಿಗೆ ಯಾರಿಗೂ ಸಂಬಂಧವಿಲ್ಲ...ಪ್ರಜಾಪ್ರಭುತ್ವ ಎಲ್ಲಿ ಹೋಯಿತು...ಇದು ಕೇವಲ ಸ್ವೇಚ್ಛಾಚಾರ.,sad
ಠಾಕ್ರೆ ಯಾವ ಕೆಲಸವನ್ನೂ ಮಾಡಲಿಲ್ಲವೇ?,happy
"ಪತ್ರಕ್ಕೆ ಬದಲಾಗಿ ಮನೆಯ ಲೆಕ್ಕವಿಲ್ಲ, ಸಿಗಬಹುದೇ? - ಭರವಸೆಯ ನಿಧಾನ ಸೈನಿಕ",angry
"ಉದ್ಧವ್ ಸಾಹೇಬ್ ತನಕ ಫಡ್ನವೀಸ್ ಚೆನ್ನಾಗಿದ್ದಾರೆ, ಬಾಳಾ ಸಾಹೇಬ್ ಎಂದು ಕರೆಯಬೇಡಿ.",angry
"ಅವರು ದೇಶಕ್ಕಾಗಿ ತ್ಯಾಗ ಮಾಡಿದ್ದಾರೆ, ಅವರ ಕಾಲಿಗೆ ಬೀಳುವ ಅರ್ಹತೆ ನಿಮಗೆ ಇಲ್ಲ.",happy
"ಎರಡೂ ನಿಷ್ಪ್ರಯೋಜಕ, ಯಾರೂ ಭಿಕ್ಷೆ ಬೇಡುವವರಿಲ್ಲ...",angry
"ಕಳೆದ ತಿಂಗಳಿನಿಂದ ನಾನು ನಿಮಗೆ ಮೇಲ್ ಮಾಡುತ್ತಿದ್ದೇನೆ, ದಯವಿಟ್ಟು ಪರಿಶೀಲಿಸಿ ಮತ್ತು ಉತ್ತರಿಸಿ ಸರ್.",neutral
ಯಾರೂ ನನ್ನನ್ನು ಉತ್ತಮ ಸ್ನೇಹಿತ ಎಂದು ಪರಿಗಣಿಸುವುದಿಲ್ಲ,sad
ಮುಂದಿನ ದಿನಗಳಲ್ಲಿ ನಿಮ್ಮ ಸರ್ಕಾರ ಪತನವಾಗುವುದು ಖಚಿತ...,happy
ಬುಡಕ್ಕೆ ಬೆಂಕಿ ಬಿದ್ದಿದೆಯೇ?,happy
| ಮೌನಿ ರಾಯ್ ಅಭಿನಯಕ್ಕಾಗಿ ಶಾಲೆ ತೊರೆದು ಮುಂಬೈ ತಲುಪಿದರು.,neutral
ಈಗ ಎಲ್ಲರೂ ಭಾರತವನ್ನು ಉದಾಹರಣೆಯಾಗಿ ಹೊಗಳಬೇಕು...ಅದು ಹಾಗೆಯೇ ಉಳಿಯುತ್ತದೆ.,angry
ಅಪ್ರಾಪ್ತ ಬಾಲಕಿಯ ಮೇಲೆ ಅತ್ಯಾಚಾರವೆಸಗಿ ಆಕೆಯನ್ನು ಗರ್ಭಿಣಿಯನ್ನಾಗಿ ಮಾಡಲು ವರ್ಷಗಟ್ಟಲೆ ಕಠಿಣ ಶ್ರಮದಾನ ಮಾಡಲಾಗಿತ್ತು.,angry
ಅವರು ಮಾನಸಿಕವಾಗಿ ಬಳಲುತ್ತಿದ್ದಾರೆ,sad
"ಈ ಚಿಹ್ನೆಯು ತೊಂದರೆಯಲ್ಲಿದೆ, ಅದು ಬಹುಶಃ ಸುಡದೆಯೇ ಹೋಗುತ್ತದೆ",angry
ಮಹಾರಾಷ್ಟ್ರದಲ್ಲಿ ಈಗ ಅಂತಹದ್ದೇ ಪರಿಸ್ಥಿತಿ ನಿರ್ಮಾಣವಾಗಿದೆ. ಆಡಳಿತಗಾರರು ಈಗ ಏನು ಮಾಡುತ್ತಿದ್ದಾರೆ?,angry
ತುಪ್ಪದ ಪೆಟ್ಟಿಗೆ ಮತ್ತು ಒಂದು ಚೀಲ ಸಕ್ಕರೆ ಬಾಯಿಯಲ್ಲಿ...,happy
ಬಾಬು ಜಾನು ನಿಷ್ಪ್ರಯೋಜಕ ಎಂದು ಹೇಳುವ ಸಂಖ್ಯೆ,angry
ಹಾಗಾದರೆ ನಿಮ್ಮ ಅತ್ತಿಗೆ ಇಂದು ಈ ಮನೆಯನ್ನು ಕಿತ್ತುಕೊಂಡಿದ್ದಾಳೆ ಎಂದು ನೀವು ಭಾವಿಸುತ್ತೀರಿ,angry
ಕೊಲ್ಹಾಪುರದಲ್ಲಿ ರಸ್ತೆಯಲ್ಲಿ ಗುಂಡಿ ಬಿದ್ದಿದೆಯೋ ಅಥವಾ ಗುಂಡಿಯಲ್ಲಿ ರಸ್ತೆ ಇದೆಯೋ ಗೊತ್ತಿಲ್ಲ.,angry
ಭಾರತವು ಅರಮನೆಗಳಲ್ಲಿ ವಾಸಿಸುವ ಭಿಕ್ಷುಕರ ದೇಶವಾಗಿದೆ,angry
ಎಲ್ಲರಿಗೂ ದೂರುಗಳಿರುತ್ತವೆ ಆದರೆ ಒದೆಯುವುದು ಮತ್ತು ಹೊಡೆಯುವುದು ನೀವು.,angry
ನಿಮ್ಮ ಸಮತೋಲನ ಸೈನ್ಯದ ಸೋಮಾರಿಗಳಿಗೆ ನೀವು ಇದನ್ನು ನಿಜವಾಗಿಯೂ ಕಲಿಸಿದ್ದೀರಾ?,angry
ಕನ್ನಡಿ ಕೆಳಗಿಟ್ಟಿದ್ದರೆ ಕಿವಿಯ ಕೆಳಗೆ ಕೂರುತ್ತಿತ್ತು...,angry
ಆದರೂ ಬಿಜೆಪಿ ಸೋಲಲಿದೆ,happy
"ನಾಚಿಕೆಯಾಗಲಿ, ದೇಶ ಪಾತಾಳಕ್ಕೆ ಹೋಗುತ್ತಿದೆ, ಜನರಲ್ಲಿ ಜಾಗೃತಿ ಮೂಡಿಸಿ.",angry
ರಾಜೀನಾಮೆ ನೀಡಿ ಮಹಾರಾಷ್ಟ್ರ ತೊರೆಯಿರಿ,angry
ಏನು ಹಾಯ್ ಏಕೆ ಕೇವಲ ಅಲ್ಲ,neutral
"ಹುಷಾರಾಗಿರು ಕರೋನಾ. ವಿನಾಯಿತಿ ನೇರ ದಾಳಿಯಲ್ಲಿದೆ, ರೋಗಲಕ್ಷಣಗಳು ಅಪಾಯಕಾರಿ",fear
ಮಹಾರಾಷ್ಟ್ರಕ್ಕೆ ಕೊಳೆ ಬರುತ್ತೆ! ಆದ್ದರಿಂದಲೇ ಜನ ಮೂಗಿಗೆ ಕರವಸ್ತ್ರ ಹಿಡಿದುಕೊಂಡಿದ್ದಾರೆ,angry
ದಾದಾ ತನ್ನ ಗುರುವಿನಂತೆ ಅಂಧ ಭಕ್ತ..ಅವನ ಹಿಂದುತ್ವ ಅವನಿಗೆ ಇದನ್ನೇ ಕಲಿಸುತ್ತದೆ..,angry
ನಮ್ಮ ಜಿಲ್ಲೆಯಲ್ಲಿ ಈ ಸಂಸ್ಕೃತಿ ಮರೆತು ಹೋಗಿತ್ತು... ದೆಗ್ಲೂರ್ ನಾಂದೇಡ್. ಈ ಬಿಜೆಪಿಯವರು,angry
ಹಗರಣಕ್ಕೆ ಕಾರಣರಾದ ಜನರು ನೀವು ಏನು ಮಾಡಬೇಕೆಂದು ಚಿಂತಿಸಬೇಕು,angry
"ಕಾಳು-ಬಾಳು ನಾಟಕವೇ ಮೊದಲು...? ಅದ್ಭುತವಾಗಿದೆ, ಒಮ್ಮೆ ನೋಡಲೇಬೇಕು",happy
ಮಹಾರಾಷ್ಟ್ರದ ರಾಜಕೀಯದಿಂದ ‘ದೇಶದ್ರೋಹಿ’ ಎಂಬ ಪದ ಅಳಿಸಿಹೋಗುವುದಿಲ್ಲ ಎಂಬುದೇ ಸರಿ.,angry
ಅಬ್ಬಾ! ಶಾಲೆಯ ಬಸ್ಸಿನಲ್ಲಿ ಈ ಹೆಬ್ಬಾವು ಎಲ್ಲಿಂದ ಬಂತು? ವಿಡಿಯೋ ನೋಡಿದ ನಂತರ ಯಾರಾದರೂ ನಡುಗುತ್ತಾರೆ,fear
ಆಳುವವರು ಅಧಿಕಾರದಲ್ಲಿದ್ದಾರೆ!,angry
ಇದು ಎಚ್ಚರಿಕೆಯಲ್ಲ ಸರ್,fear
"ಬಾಳಾ ಸಾಹೇಬರ ಸೈನ್ಯವೂ ಇದೆ, ಹಾಗಾದರೆ ಮಹಾರಾಷ್ಟ್ರಕ್ಕೆ ಈ ಸೈನ್ಯ ಬೇಕೇ?",neutral
"ಇದು ನಿಜಕ್ಕೂ ದೊಡ್ಡ ಹಗರಣವಾಗಿದ್ದು, ಕಠಿಣ ಕ್ರಮ ಕೈಗೊಳ್ಳಬೇಕು.",angry
ಮೋದಿ-ಶಾ ಅಥವಾ ಇತರ ನಾಯಕರನ್ನು ಗೇಲಿ ಮಾಡಲು ಇಂತಹ ಕಾರ್ಟೂನ್‌ಗಳನ್ನು ಮಾಡಲಾಗಿದ್ದರೆ ನೀವು ಯಾಕೆ ಕಾಳಜಿ ವಹಿಸುತ್ತೀರಿ?,angry
"ನೇರ ಆಫರ್ ಲೆಟರ್, ಇದು ಹಗರಣ ಓ ಬಾಬಾ",angry
ಅದೇ ವಿಷಯದ ಮೇಲೆ ಮರಾಠಿ ಎಷ್ಟು ಬಾರಿ ಚಿತ್ರ ಮಾಡುತ್ತಾರೆ? ಕಳೆದ ವರ್ಷ ಒಂದು ಬಿಕ್ಕಟ್ಟು ಇತ್ತು,neutral
ಅದಕ್ಕೇ ಗಂಗಾಬಾಯಿಯ ಮಗಳು ಪೋಳಬಾಯಿ ಕೂಡ ಮನೆಯಲ್ಲಿ ಕೂರುವುದಿಲ್ಲ.,angry
ಇದನ್ನು ಹೇಳುವವರು ನೀನೇ ಅಣ್ಣ,angry
"ನೋವು ತುಂಬಾ ತೀವ್ರವಾಗಿರುತ್ತದೆ, ಅದು ತಲೆಯವರೆಗೂ ಹೋಗುತ್ತದೆ.",angry
ಅಭಿವ್ಯಕ್ತಿ ಸ್ವಾತಂತ್ರ್ಯ ಎಂದರೆ ಬಂಗಲೆಗೆ ಕರೆದೊಯ್ದು ಹೊಡೆಯುವುದು.,angry
ಪಾಕಿಸ್ತಾನ ಬೆಂಕಿ ಹಚ್ಚಬೇಕಿತ್ತು,angry
"ಈ ಹಿಂದೆ, ರಾಜಕುಮಾರಿ ಹಯಾ ಮತ್ತು ರಾಜಕುಮಾರಿ ಲತೀಫಾ ಅವರ ಬಂಡಾಯ ಮತ್ತು ಕಿರುಕುಳದ ಪ್ರಕರಣಗಳು ಬೆಳಕಿಗೆ ಬಂದಿದ್ದವು.",sad
ಇದು ಕುಚಿದ್. ಹೊಸ ತಳಿ ಇದೆ,angry
ನಿಮ್ಮಂತೆ ಕಣ್ಣೀರು ಇಲ್ಲ. ಸಲಿಕೆ ಬಾಳಾಸಾಹೇಬನಿಗೆ ದ್ರೋಹ ಬಗೆದನು.,angry
ನಿಜ ಆದರೆ ಇದು ಎರೆಹುಳುಗಳ ಬುದ್ಧಿವಂತಿಕೆ ಅಲ್ಲ.,angry
"ಕಲಾ ಲೋಕದಲ್ಲಿ ಶೋಕ ಮಡುಗಟ್ಟಿದೆ, ಬಾಲಿವುಡ್‌ನ 'ಅವನು' ದಂತಕಥೆ ಕಳೆದುಹೋದ...",sad
ವನ್ಯಜೀವಿ ದಾಳಿಯಿಂದ ಆಗುವ ಹಾನಿಗೆ ದೀಪಾವಳಿಗೂ ಮುನ್ನ ಪರಿಹಾರ ನೀಡಬೇಕು - ಅರಣ್ಯ ಸಚಿವ ಸುಧೀರ್ ಮುಂಗಂತಿವಾರ್.,neutral
ಅವಳು ಯಾಕೆ ಹತ್ತಿರ ಬರುತ್ತಾಳೆ ಎಂದು ನೋಡಲು ಸಾಕಾಗುವುದಿಲ್ಲ,angry
ಕೌನ್ಸಿಲರ್ ಈ ರೀತಿ ಮಾತನಾಡುವುದು ಅತಿಯಾಗಿದೆ,angry
ಘೋಷಣೆಯ ನಂತರ ಪೊಲೀಸ್ ಕ್ರಮ ಏಕೆ?,angry
ಕನಿಷ್ಠ ನಿಮ್ಮ ಐಟಿ ಸೆಲ್‌ಗೆ ಇಷ್ಟವಾಗುವಂತೆ ಮಾಡಿ. ನಿಖರವಾಗಿ ಗಂಟೆಯಂತೆ?,angry
"ಪ್ರತಿಭಟನೆ, ರಾವುತ್ ಸಾಹೇಬರ ಫೋಟೋ ಯಾಕೆ ಬೇಡ...?",angry
ಇದು ಹೆಚ್ಚೆಚ್ಚು ಮುಂದುವರಿಯುತ್ತದೆ.. ಆಗ ಅಣ್ಣಾಜಿ ಪಂತ್ ಕೂಡ ಅದನ್ನೇ ಬಳಸಿ ಬಿಸಾಡುತ್ತಾರೆ..,angry
ಆ ಮೇಡಂ ಈರುಳ್ಳಿ ತಿನ್ನೋದಿಲ್ಲ ಅಂದ್ರೆ ತಲೆ ತುಂಬ ಆಲೂಗಡ್ಡೆ... ಅನ್ನಿಸುತ್ತೆ,angry
ಇದು ಏನಾಗುತ್ತದೆ,neutral
ಅವರು ಎಲ್ಲಾ ಬಾಡಿಗೆ ಘಟಕಗಳನ್ನು ಖರೀದಿಸಿದ್ದಾರೆ ಎಂದು ಹೇಳಲಾಗುವುದಿಲ್ಲ.,angry
ಅಭಿಪ್ರಾಯವಿಲ್ಲದಿದ್ದರೆ ಇಂದು ಸರ್ಕಾರ ಬೀಳಿಸುವ ಮಾತುಗಳನ್ನಾಡುವವರು ಎಲ್ಲಿದ್ದಾರೆ?,angry
ಬಹಳ ದುರದೃಷ್ಟಕರ.,sad
ಅದು ಖಜಾಪ್ ಶಬ್ದದೊಂದಿಗೆ ಹುಚ್ಚೆದ್ದು ಕುಣಿಯುತ್ತದೆ,angry
"ಮಾ, ನಾರು ನಿ ಬಿ ಯೋಗಿ, ಅಲ್ಲಿ ಪುರುಷರು ಇದ್ದಾರೆಯೇ.",angry
ಶಾಸಕರಿಗೆ ಈ ಭಾಷೆ ಹಿಡಿಸುವುದಿಲ್ಲ,angry
ವಲಸಿಗರಲ್ಲಿ ಒಬ್ಬನ ಕಿವಿಯ ಕೆಳಗೆ ಉಂಗುರವಿತ್ತು.,angry
"ಇದೇ ಪಾಕೆಟ್ ಜರ್ನಲಿಸ್ಟ್ ""ಉದ್ಧವ್ ಸ್ವಭಾವ ರಡ್ಕಾ"" ಎಂದು ಹೇಳಿದ್ದ...",angry
ಈ ದೇಶದ್ರೋಹಿ ಶಾಸಕನ ವಿರುದ್ಧ ಕ್ರಮ ಕೈಗೊಂಡರೆ ಯಾವುದೇ ತೊಂದರೆ ಆಗಬಾರದು.,angry
ಇದರರ್ಥ ನಿಮ್ಮ ಸರ್ಕಾರಕ್ಕೆ ತನಿಖೆ ಮಾಡಲು ಸಾಧ್ಯವಾಗುತ್ತಿಲ್ಲ,angry
ಶ್ರದ್ಧಾಂಜಲಿ ಸಲ್ಲಿಸಿ ಕುಟುಂಬಕ್ಕೆ ಸಾಂತ್ವನ ಹೇಳಿದರು.,happy
ಈ ಪೋಲೀಸ್ ಹೊಡೆತಕ್ಕೆ ಅರ್ಹವಾಗಿದೆ,angry
"ಹೇ ಗೆಳೆಯಾ, ಇದು ಖಂಡೋಬಾ ಮಾಲ್ ರಸ್ತೆ.",neutral
"ಬೆಲ್‌ನ ಕಾನೂನು ತಜ್ಞ... ಒಬ್ಬ ದುಷ್ಟ, ಅವನ ರಕ್ತನಾಳಗಳು ದ್ವೇಷದಿಂದ ತುಂಬಿವೆ",angry
ಹಾಗಾದರೆ ಬಾಳೆಹಣ್ಣು ಏಕೆ ಒಡೆಯುತ್ತದೆ?,angry
ಪ್ರಮಾಣ ವಚನ ಸ್ವೀಕರಿಸಲಾಯಿತು. ಆದರೆ ಹಾಕಿದೆ,neutral
ಯಾರೋ ತಲೆ ಒಡೆದರು ಎಂದು ಹೇಳುವ ಧೈರ್ಯವೂ ಅವನಿಗಿಲ್ಲ.,angry
"ಎರಡೂವರೆ ವರ್ಷಗಳ ಕಾಲ ಸೋಲಿಸಿದರು. ಅಂತಿಮವಾಗಿ ಥಾಪಾ ಹೇಳಿದರು, ನಾನು ಇನ್ನು ಮುಂದೆ ಸಹಿಸಲಾರೆ.",angry
"ಕೈ ಕುಲುಮೆಯಲ್ಲಿ ಗಾಂಜಾವನ್ನು ಬೆರೆಸಿದರೆ ಅಂತಹ ಬಲವಾದ ಮಾದಕತೆ ಉಂಟಾಗುತ್ತದೆ. ಮನುಷ್ಯ ಚಪ್ಪಾಳೆ ತಟ್ಟಬೇಕು, ಆದರೆ ಇಷ್ಟು ಮಾತ್ರ.",angry
"ನೀರವ್ ಮೋದಿ ಎಂದಿಗೂ ಆತ್ಮಹತ್ಯೆ ಮಾಡಿಕೊಳ್ಳುವುದಿಲ್ಲ, ತಜ್ಞರು ಉದ್ದೇಶಪೂರ್ವಕವಾಗಿ ವಾದಿಸುತ್ತಾರೆ?",neutral
"ನಾನು ನಿಮಗೆ ತೊಂದರೆ ಕೊಡಲಿಲ್ಲ, ಆದ್ದರಿಂದ ಇದು ಸಮಯವಾಗಿದೆ, ನಾನು ಸಮಯಕ್ಕೆ ಸರಿಯಾಗಿ ಧರಿಸಬೇಕಾಗಿತ್ತು ...",sad
*ಬ್ರೇಕಿಂಗ್: ಹಿಂದೂ ಹಬ್ಬಗಳು ಬಂದಾಗ ಮಾತ್ರ ಅತಿಕ್ರಮಣ ತೆಗೆಯುವುದು ಏಕೆ? ಬಾಳಾ ಸಾಹೇಬರ ಶಿವಸೇನೆ ಬೀದಿಗಿಳಿದು ಪ್ರತಿಭಟನೆ...,angry
ಇಲ್ಲ ಸರ್ ನಿಮ್ಮ ಹೇಳಿಕೆ ತುಂಬಾ ತಪ್ಪಾಗಿದೆ,angry
ಸಂಭಾಷಣೆಯು ಸಾಮಾನ್ಯ ಜ್ಞಾನದ ಬಗ್ಗೆ ಅಲ್ಲ ಮತ್ತು ಇಲ್ಲಿ ಗೊಣಗುತ್ತಾ ಕುಳಿತಿದೆ,angry
ಬಹಳ ಕಡಿಮೆ ಇವೆ..,neutral
ಯಡಜವ್ಯ ಜವಾನನೊಂದಿಗೆ ಹೋಗಲು ನೀವು ಅರ್ಹರೇ?,angry
ಕೆಲವರು ವೀಳ್ಯದೆಲೆಯಿಂದ ಕೆಲಸ ಮಾಡುತ್ತಾರೆ ಎಂದು ಹೇಳಲಾಗುತ್ತದೆ.,angry
ನಿನ್ನಂಥ ಗುಲಾಮರಿಗೆ ಅಷ್ಟು ಬೆಲೆಯಿಲ್ಲ.,angry
ಎಲ್ಲಾ ಸೈದ್ಧಾಂತಿಕ ಕತ್ತಲೆ ಕತ್ತಲೆಯ ಕಡೆಗೆ ಸಾಗುತ್ತಿದೆ.,sad
ಹ್ಹ ಹ್ಹ... ಇದು ಮೂರ್ಖರ ಮಾರುಕಟ್ಟೆ...,angry
"ಓಹ್, ಯಾರು ಅರ್ಜಿ ಸಲ್ಲಿಸಿದರು? ಯಾವ ಕ್ರಮ ಕೈಗೊಳ್ಳಲಾಗುವುದು ಎಂಬುದು ಸ್ಪಷ್ಟವಾಗಿದೆ",angry
ಐಬಾಲ್ ಒಂದು ಕೀಬೋರ್ಡ್ ಆಗಿದೆ. ಏನಾಗುತ್ತಿದೆ ನೋಡಿ? ನಿಂಬೆ ಅಗತ್ಯವಿದೆಯೇ?,neutral
ಒಳ್ಳೆಯ ದಿನಗಳು ಬರುತ್ತವೆ ಎಂದು ಕಾಂಗ್ರೆಸ್ ಆಶಿಸಿದೆ ಆದರೆ ಅದು ವಿಫಲವಾಯಿತು,sad
ಏನು ನಡೆಯುತ್ತಿದೆ ಎಂಬುದು ತುಂಬಾ ಕೊಳಕು.,angry
ಮನಸ್ಸು ಅಂತ್ಯ ಸಂಸ್ಕಾರವೇ ಇಲ್ಲದ ಶವದಂತಾಗಿದೆ.,sad
ನೀವು ಗುಂಡು ಹಾರಿಸಿದಾಗ ನೀವು ಇದನ್ನು ಚೆನ್ನಾಗಿ ನೆನಪಿಸಿಕೊಳ್ಳುತ್ತೀರಿ,angry
ಇದರರ್ಥ ಭವಿಷ್ಯದಲ್ಲಿ ಮಾನವ ಅಸ್ತಿತ್ವಕ್ಕೆ ದೊಡ್ಡ ಅಪಾಯವು ಎಲ್ಲಾ ಧರ್ಮಗಳಿಂದ ಬರುತ್ತದೆ.,fear
"ಅಂದರೆ ಉದ್ಧವ್ ಠಾಕ್ರೆ ದೂರದೃಷ್ಟಿಯಲ್ಲ, ರಾವುತ್ ಹೆಚ್ಚು ಸಂದರ್ಶನಗಳನ್ನು ನೀಡುತ್ತಿದ್ದರು.",neutral
"ಯಾರು ದೇಶದ್ರೋಹಿ ಮಾತನಾಡುತ್ತಿದ್ದಾರೆ, ಈ ಮಾತುಗಳು ನಿಮ್ಮ ಬಾಯಿಂದ ಚೆನ್ನಾಗಿ ಕಾಣುತ್ತಿಲ್ಲ.",angry
ಅವರ ಕೊಳಕು ರಾಜಕಾರಣದಲ್ಲಿ ನಾನೂ ಭಾಗಿಯಾಗುತ್ತೇನೆ ಎಂದು ಅಂದುಕೊಂಡಿರಲಿಲ್ಲ ಸರ್,angry
ಕತ್ತೆಗಳ ತಲೆಯ ಮೇಲೆ ಕೂದಲು ಕಡಿಮೆ ಏಕೆ ಎಂದು ಈಗ ನಿಮಗೆ ತಿಳಿಯುತ್ತದೆ.,angry
() ಪ್ರತಿ ವರ್ಷ ಕೋಟಿಗಟ್ಟಲೆ ಉದ್ಯೋಗಗಳನ್ನು ಒದಗಿಸುವ ಘೋಷಣೆಯು ಅಂತಿಮವಾಗಿ ಜುಮ್ಲಾ ಎಂದು ಸಾಬೀತಾಯಿತು.,angry
ಬಿಜೆಪಿಯ ವರ್ಷಗಳ ಅಧಿಕಾರ ಮತ್ತು ಎನ್‌ಸಿಪಿಯ ತಪ್ಪಿನಿಂದಾಗಿ ಅಂಧ ಭಕ್ತರಿಗೆ ಮನಸ್ಸು ಕಡಿಮೆಯಾಗಿದೆ,angry
ತುಂಬಾ ಬಿಸಿಯಾಗಿರುತ್ತದೆ ನಾವು ಇಲ್ಲಿ ಬೆವರುತ್ತಿದ್ದೇವೆ,neutral
ಇದು ಬಹಳಷ್ಟು ನಡೆಯುತ್ತಿದೆ,angry
ಏಕನಾಥ್ ಶಿಂಧೆ ಒಂದೂವರೆ ವರ್ಷಗಳ ಹಿಂದೆಯೇ ದೇಶದ್ರೋಹದ ಯೋಜನೆ ರೂಪಿಸಿದ್ದರು: ಶಿವಸೇನೆ ನಾಯಕ,angry
ಕಳೆದ ವರ್ಷದಿಂದ ಈ ವಿಷಯ ಮುಂದುವರಿದಿದೆ. ಇದಕ್ಕೆ ಸ್ವಲ್ಪ ಬೊಗಳಿರಿ,angry
ಮತ್ತು ಕೊಲೆಗಾರ ಅಮರನಾಗುತ್ತಾನೆ,angry
ಜನತೆಗೆ ಅನ್ಯಾಯ ಮಾಡಿ ದ್ರೋಹ ಬಗೆದಿದ್ದಕ್ಕೆ ಹೀಗೆ ಹೇಳಬೇಡಿ...!,angry
ಈ ಸಮಯದಲ್ಲಿ ಶ್ರೀ ಶಿಂಧೆ ಅವರು ಶ್ರೀಗಳೊಂದಿಗೆ ಮಾತನಾಡುವಾಗ ಗೊಂದಲಕ್ಕೊಳಗಾಗಿದ್ದಾರೆ.,angry
ದೇಶದ್ರೋಹಿಗಳು ಖಂಡಿತವಾಗಿಯೂ ನಾಶವಾಗುತ್ತಾರೆ,angry
ಹೆಗಲ ಮೇಲೆ ಕೂತು ಶಾ ಮೋದಿ ಇದೇನಾ ರಮ್ಯಾ?,angry
ಆಡಳಿತದ ನಿರ್ಲಕ್ಷ್ಯವು ಪ್ರಸ್ತುತ ಮಳೆಯಿಂದ ಪುಣೆಯ ದುಸ್ಥಿತಿಯನ್ನು ತೋರಿಸುತ್ತದೆ.,angry
ಛಗನ್ರಾವ್ ಭಗತ್ ಸಿಂಗ್ ಸರಸ್ವತಿಯ ಭಕ್ತರಾಗಿದ್ದರು. ಯಾರೂ ಅಕ್ಕಿ ಕಳ್ಳರಾಗಿರಲಿಲ್ಲ,happy
ಇದು ಶ್ರೀ ಪವಾರ್ ಅವರಿಗೆ ಮಾಡಿದ ಅವಮಾನ ಎಂದು ಪರಿಗಣಿಸಲಾಗಿದೆ,angry
ಈ ಚಾಲ್ತಿಯಲ್ಲಿರುವ ಡಿಪಿ ಸ್ಥಿತಿಯನ್ನು ಪರಿಶೀಲಿಸಿ.,angry
ಫಡ್ನವೀಸ್ ಒಬ್ಬ ಕಿಡಿಗೇಡಿ,angry
ಅತ್ತ ಹೆಣ್ಣುಮಕ್ಕಳನ್ನು ವೇಶ್ಯಾವಾಟಿಕೆಗೆ ತಳ್ಳುವ ಬಿಜೆಪಿ ನಾಯಕರಿಗೆ ಈ ಸಲಹೆ ನೀಡಬೇಕು.,angry
"ನೀವು ನಾಯಿಯನ್ನು ಸ್ವಾಗತಿಸದಿದ್ದರೆ, ನೀವು ತಪ್ಪಾಗಿ ಅರ್ಥೈಸಿಕೊಳ್ಳುತ್ತೀರಿ.",angry
ಅಂಧ ಭಕ್ತರು ಇಷ್ಟು ದಿನ ಪುದಿನಾ ತೊಳೆಯುತ್ತಿದ್ದರಂತೆ,angry
ಮಹಾರಾಷ್ಟ್ರದಲ್ಲಿ ಯಾರಾದ್ರೂ ಕೃಷಿ ಮಂತ್ರಿ ಇದ್ದಾರಾ????,angry
ಯಾರ ನಿಜವಾದ ಶಿವಸೇನೆ ಈಗ ಬೀದಿಯಲ್ಲಿ ಕಾಣಿಸುತ್ತದೆ. ಉಪಚುನಾವಣೆಯಲ್ಲಿ ಗೆದ್ದ ಮೇಲೆ ರಾವಣನ ವಧೆ ಖಚಿತ!!,happy
"ಅಜ್ಜಿ ಭಕ್ತರ ಬದುಕನ್ನು ಹಾಳು ಮಾಡಿದೆ. ಆದ್ದರಿಂದ, ಇತರರು ತುಳಿತಕ್ಕೊಳಗಾಗುತ್ತಾರೆ.",angry
"ಇಂದಿನವರೆಗೂ ದೇಶವನ್ನು ಆರ್ಥಿಕವಾಗಿ ವಂಚಿಸುವ ಬುಡಕಟ್ಟು, ಮತ್ತು ಇದು ನಮಗೆ ದೇಶಪ್ರೇಮವನ್ನು ಕಲಿಸುತ್ತದೆಯೇ?",angry
"ಓ ಸಂಡಾಸ್ ಅನಿಸಿಕೆ, ನೀವು ಅಧಿಕಾರದಲ್ಲಿದ್ದಾಗ ಇದರ ಅರ್ಥವೇನು?",angry
ಮೂರ್ಖ ಭಕ್ತರು ಯಾರನ್ನು ಬೆಂಬಲಿಸುತ್ತಾರೆ ಎಂದು ಹೇಳಲಾಗುವುದಿಲ್ಲ.,angry
ನಿಮ್ಮಂತಹ ಹಂದಿಗಳಿಂದಲೇ ಇಂದು ಮಹಾರಾಷ್ಟ್ರ ಈ ಸ್ಥಿತಿಗೆ ಬಂದಿದೆ ಎಂದು ಮರಾಠಿ ಮನುಷ್ಯರಿಗೆ ನಾಯಿಗಳು...,angry
ಅಂಧೇರಿ ಪೂರ್ವ ವಿಧಾನಸಭಾ ಉಪಚುನಾವಣೆಯಿಂದ ಬಿಜೆಪಿ ತನ್ನ ಹೆಸರನ್ನು ಹಿಂಪಡೆದಿದೆ. ಈಗ ಸಿಂಪಥಿ ಇದೇ ತನ್ನ ಗೆಲುವು ಎಂದುಕೊಂಡು ಹುಚ್ಚನಂತೆ ಕುಣಿಯುತ್ತಾಳೆ!,angry
"ಪಾರಿವಾಳಗಳನ್ನು ಬಿಡುಗಡೆ ಮಾಡುವ ಮೊದಲು, ದೇಶವು ಬಹಳಷ್ಟು ಬದಲಾಗಿದೆ; ಈಗ ಅತ್ಯಾಚಾರಿಗಳು ಬಿಡುಗಡೆಯಾಗುತ್ತಿದ್ದಾರೆ..!!",angry
ಈಗ ಅದು ಅಂತಹ ಗೌರವವಾಗಿದೆ,neutral
"ಹೇ ಕಪ್ಪೆ, ನೀನು ಮಾತನಾಡುತ್ತೀಯಾ?",angry
ಇದು ಆ ನಾಯಿಗೆ ಮಾಡಿದ ಅವಮಾನ...,angry
ಅವನು ಮೂರ್ಖ ಪತ್ರಕರ್ತ,angry
ಅವರು ಹೋಗಿ ಯಾರ ಕಲ್ಲನ್ನು ಕೆಡವಲು ಹೊರಟಿದ್ದರೋ ಆ ಕಲ್ಲಿನ ಮೇಲೆ ಕುಳಿತುಕೊಂಡರು.,angry
"ಆಡಳಿತಾಧಿಕಾರಿಗಳು ನಿರಾಶೆಗೊಂಡಿದ್ದಾರೆ. ಆದರೆ, ಸರಕಾರ ನಿದ್ದೆ ಮಾಡುತ್ತಿದೆ. ಜೈ ಮಹಾರಾಷ್ಟ್ರ.",angry
"ಆದರೆ ಇದಕ್ಕೆ ದಣಿವರಿಯದ ಶಿವಸೈನಿಕ ಬೇಕು, ನಿನ್ನಂತೆ ಸೋತವನಲ್ಲ.",angry
ಮಹಾರಾಷ್ಟ್ರ ಮತ್ತು ದೇಶದ ಅರ್ಥ? ಮಹಾರಾಷ್ಟ್ರ ಯಾವ ದೇಶದಲ್ಲಿದೆ?,angry
ಮತದಾರರು ಆಯ್ಕೆ ಮಾಡಿ ಒಡೆದ ಶಾಸಕರಿಗೂ ಸಾರ್ವಜನಿಕರು ಅದೇ ಪಾಠ ಕಲಿಸಬೇಕು!,angry
ಸಮಾಜ ಕಲ್ಯಾಣ ಇಲಾಖೆಗೆ ಇನ್ನೂ ಸ್ವತಂತ್ರ ಸಚಿವರನ್ನು ನೀಡಿಲ್ಲ. ಇದು ಬಿಜೆಪಿಯ ಸಾಮಾಜಿಕ ಅನ್ಯಾಯ.,angry
ಜಾತ್ಯತೀತ ಜೀವಿಗಳು ಎಂದರೆ ತಮ್ಮ ತಂದೆಯ ಬದಲಿಗೆ ತಮ್ಮ ನೆರೆಹೊರೆಯ ತಂದೆ ಎಂದು ಕರೆಯುವವರು.,angry
ನಾನು ನಿನ್ನಂತೆ ತಾತ್ಯಾ ಅಲ್ಲ.,neutral
ಕೆಲವು ಮಕ್ಕಳು ಮನೆಯ ಸಮಸ್ಯೆಗಳಿಂದ ನಿರಂತರವಾಗಿ ತೊಂದರೆಗೊಳಗಾಗುತ್ತಾರೆ ಮತ್ತು ಪ್ರೀತಿಯನ್ನು ಹೊಂದಿರುವುದಿಲ್ಲ ...,neutral
ಅಸಮರ್ಥ ಶಿಕ್ಷಕರು ಹಸಿವಿನಿಂದ ಸಾಯುತ್ತಾರೆ... ಮತ್ತು ಪ್ರಾಮಾಣಿಕ ಅರ್ಹ ಶಿಕ್ಷಕರು ಹಸಿವಿನಿಂದ ಸಾಯುತ್ತಾರೆ... ವಾಹ್... ಮಹಾರಾಷ್ಟ್ರ ಸರ್ಕಾರ..,angry
ಇದು ಬಹಳ ದಿನ ಉಳಿಯುವುದಿಲ್ಲ...ಹಿಟ್ಲರ್ ಕೆಟ್ಟದಾಗಿ ಕೊನೆಗೊಂಡನು...ಕಮ್ಯುನಿಸ್ಟ್ ಪಕ್ಷವೂ ತೀವ್ರ ಕಮ್ಯುನಿಸಂನಿಂದ ಕೊನೆಗೊಂಡಿತು...,angry
"ರಾವ್, ನೀವು ನಿರೀಕ್ಷೆಗಳನ್ನು ಮತ್ತು ನಿಮ್ಮ ಸಾರ್ವಭೌಮರನ್ನು ಏಕೆ ಗೇಲಿ ಮಾಡುತ್ತೀರಿ?",neutral
ಇನ್ನು ಬಾಬಾಗೂ ಬಿಜೆಪಿಗೂ ಸಂಬಂಧವಿಲ್ಲ... ಬಾಬಾಗೂ ಇದು ಗೊತ್ತು...,neutral
"ಇನ್ನೂ ಎಷ್ಟು ಒಳ್ಳೆಯ ದಿನಗಳು ಬೇಕು...! ಸರಿ, ಜಾಹೀರಾತು..",angry
ಸರ್ಕಾರಿ ಉದ್ಯೋಗದ ಆಸೆ ಹಲವರನ್ನು ನಿರುದ್ಯೋಗಿಗಳನ್ನಾಗಿ ಮಾಡಿದೆ.,sad
ಸಂಜೆ ಸುರಿದ ಭಾರೀ ಮಳೆಗೆ ಸಂಗಮ್ನೇರ್ ನಗರದ ನವೀನ್ ನಗರ ರಸ್ತೆ ಜಲಾವೃತವಾಗಿತ್ತು...,neutral
ಈ ವೀರರು ಘರ್ಜಿಸುತ್ತಿದ್ದಾರೆ...,angry
ಎಂತಹ ಫೇಕ್ ಮನುಷ್ಯ ಇವನು ನಿಜವಾದ ಶಾಲೆಗೆ ಹೋಗಬೇಕು...,angry
ಆದರೆ ಇದು ಕತ್ತೆಗೆ ಮಾಡಿದ ಅವಮಾನ. ನಿಷೇಧ,angry
ಯಾರು ಯಾರು ಎಂಬುದರ ಮಾದರಿ,angry
ಈ ಮನೋರೋಗಿಗಳು ಅಸಹ್ಯಕರ ಜನಪ್ರಿಯ ವಿಚಾರಗಳನ್ನು ಪರಿಶೀಲಿಸದೆ ಓದುವುದಿಲ್ಲ ಅಥವಾ ಸ್ವೀಕರಿಸುವುದಿಲ್ಲ.,angry
ಸತ್ಯವೇನೆಂದರೆ.. ಫೇಕು ತಾಡಿಪಾರ್‌ನಿಂದ ಶೆಂಖೌ ಭಕ್ತನವರೆಗೆ ಈ ಸಂಪ್ರದಾಯ ಅಖಂಡವಾಗಿದೆ.!,angry
"ದೇಶದಲ್ಲಿ ನಿರುದ್ಯೋಗವಿಲ್ಲ, ಯುವಕ-ಯುವತಿಯರು ಶಿಕ್ಷಣ ಪಡೆಯುವಲ್ಲಿ ವಿಫಲರಾಗುತ್ತಿದ್ದಾರೆ.",angry
"ಆಘಾತಕಾರಿ! ಕಲ್ವಾದಿಂದ ಖರೇಗಾಂವ್‌ವರೆಗಿನ ರಸ್ತೆ ಬಂದ್‌, ಬ್ಯಾರಿಕೇಡ್‌ ಹಾಕಿ ರಸ್ತೆ ಬಂದ್‌ ಮಾಡಲಾಗಿದೆ.",happy
"ಇದು ಶಿಂಧೇಶಹಿತ್ತಮ ಮಹಾಪುರುಷರ ಅಮೂಲ್ಯ ತತ್ವ, ಅದರೊಂದಿಗೆ ರಾಜಿ ಮಾಡಿಕೊಳ್ಳುವುದು ಸರಿಯಲ್ಲ.",happy
ಸಂಬಂಧಗಳ ಗಣಿತವು ಬ್ಯಾಂಕ್ ಖಾತೆಗಳಂತೆ.,sad
ಪೊಲೀಸ್ ಸಂಸ್ಮರಣಾ ದಿನದಂದು ಕರ್ತವ್ಯ ನಿರ್ವಹಿಸಿ ಹುತಾತ್ಮರಾದ ಹುತಾತ್ಮರಿಗೆ ಭಾವಪೂರ್ಣ ಶ್ರದ್ಧಾಂಜಲಿ.,happy
ಹುಲಿಗೆ ಗುಂಡು ಹಾರಿಸುವ ಬಗ್ಗೆ ವಿವರವಾಗಿ ಹೇಳಬಲ್ಲಿರಾ?? ನಾನು ಒಂದೇ ಈರುಳ್ಳಿಯನ್ನು ನೋಡಬೇಕು,angry
ಸೇವಕಿ ಚಿತ್ರಗಳನ್ನು ತೆಗೆಯುವುದನ್ನು ಬಿಟ್ಟಿದ್ದಾಳೆಯೇ?,angry
ಅದನ್ನು ಉಳಿಸಿದರೆ ನಿಧಾನ ಸೈನಿಕರ ಸಾವು ಇನ್ನೂ ಸುಡುತ್ತದೆ,angry
"ಹಾಗಾದ್ರೆ ರಾತ್ರಿಯಿಡೀ ಒಂಟಿ ಜನರು ಏನು ಮಾಡುತ್ತಿದ್ದರು, ಹೀಗೆ ಎದ್ದು ಏನು ಮಾಡಬೇಕೆಂದಿದ್ದಾರೆ...",angry
ಇದನ್ನು ಹೇಳಲಾಗದು..!!,neutral
ರಾಣೆ ಮತ್ತು ಕಾರ್ತಿಯನ್ನು ಮೊದಲು ಅರ್ಥಮಾಡಿಕೊಳ್ಳಬೇಕು.,angry
ಅಳಬೇಡಿ... ಮುಂಬೈನಲ್ಲಿ ಶಿವಸೇನೆ ಹಣ ತಿಂದಿದ್ದರಿಂದ ಮುಂಬೈ ಕುಸಿಯುತ್ತಿದೆ ಎಂಬುದು ಎಲ್ಲರಿಗೂ ಗೊತ್ತಿದೆ.,angry
ರಾಜ್ಯದಲ್ಲಿ ಮಾತೃಭಾಷೆ ಮಾತನಾಡುವ ಬಗ್ಗೆ ಕೇಳಿದ ಮೊದಲ ಮುಖ್ಯಮಂತ್ರಿ.,angry
ಸಿಕ್ಕಿಬಿದ್ದರೆ ಅಳುತ್ತಾ ಓಡಿಹೋಗಿ ಕ್ಷಮೆ ಕೇಳುವುದು ಇತಿಹಾಸ ಮತ್ತು ಪ್ರಸ್ತುತ,angry
ಇಂತಹ ತರ್ಕಬದ್ಧ ಪ್ರಶ್ನೆಗಳನ್ನು ಕೇಳುವುದು ದೇಶದ್ರೋಹ,angry
ಪಾದಚಾರಿ ಮಹಿಳೆಯ ಚಿನ್ನದ ಸರವನ್ನು ಬೈಕ್ ಸವಾರರು ಹರಿದು ಹಾಕಿದ್ದಾರೆ,angry
ಅವರೊಬ್ಬ ದೊಡ್ಡ ಮನುಷ್ಯ.,angry
ಕೊಂಕಣಿ ಎಂದು ಒಪ್ಪಿದೆ....ಇಗೋ ಮತ್ತೆ ಗಣಪತಿ ಬರುತ್ತಾನೆ ಮತ್ತು ಹೆದ್ದಾರಿ ಅದೇ ಹದಗೆಟ್ಟ ಸ್ಥಿತಿಯಲ್ಲಿದೆ...,sad
ಭವಿಷ್ಯದ ಗುಲಾಮರನ್ನು ಇಂದು ಸೃಷ್ಟಿಸಬೇಕಾಗಿದೆ.,fear
"ಕೇವಲ ಮೂರು ವಿಧದ ಆಹಾರಗಳಿವೆ: ಸಸ್ಯಾಹಾರಿ, ಮಾಂಸಾಹಾರಿ ಮತ್ತು ಮಾಂಸಾಹಾರ.",angry
"Xiubatha ಮುಗಿದ ಪಕ್ಷ, ಅವರ ಟೀಕೆಗೆ ಪ್ರತಿಕ್ರಿಯಿಸಲು ಇದು ನಿಷ್ಪ್ರಯೋಜಕವಾಗಿದೆ",angry
"ಇದು ಮಹಾರಾಷ್ಟ್ರ ರಾಜ್ಯ ಸರ್ಕಾರ, ಫಡ್ನವೀಸ್ ಸರ್ಕಾರ, ಬಿಜೆಪಿ ಸರ್ಕಾರದ ಅತ್ಯುತ್ತಮ ಕೆಲಸ.. ಟ್ರೋಲಿಂಗ್...",angry
ಈ ಕೆಲಸ ನಿಮ್ಮದು..ಆತ್ಮಾವಲೋಕನ ಬೇಕು ರಾವಣ ಕದಂ!,angry
ಈ ಮೋಸಂಬಿ ಆರೆಂಜ್ ಪಾರ್ಟಿ ಮಹಾರಾಷ್ಟ್ರದಲ್ಲಿ ನಿಜಕ್ಕೂ ಪ್ರಹಸನವಾಗಿ ಮಾರ್ಪಟ್ಟಿದೆ.,angry
ಇದು ವಂಚಕ ರಾಜ ಮತ್ತು ಅವನ ವಡಾಪಾವ್ ಪ್ರಜೆಗಳ ಕಲ್ಪನೆ,angry
ಹರಿಶ್ಚಂದ್ರ ಬದುಕಿದ್ದರೆ ಇದನ್ನು ಕೇಳಿದ ತಕ್ಷಣ ಪ್ರಾಣ ಬಿಡುತ್ತಿದ್ದ.,angry
ಮತ್ತು ಐವತ್ತು ಪೆಟ್ಟಿಗೆಗಳೊಂದಿಗೆ ನಿಮ್ಮಂತಹ ದೇಶದ್ರೋಹಿಗಳು ಹೋಗಿದ್ದಾರೆ!,angry
"ಶಾಸ್ತ್ರದಲ್ಲಿ ಬರೆಯಲಾಗಿದೆ - ಜಾವೆಯ ವಂಶವು ಆಗ ತಿಳಿದಿತ್ತು, ಈಗ ಕೆಲವರು ವಂಶವನ್ನು ಬದಲಾಯಿಸುತ್ತಿದ್ದಾರೆ, ಅದನ್ನು ಅವರು ಏನು ಮಾಡುತ್ತಾರೆ.",angry
"ಕೆಲಸ ಕಳೆದುಕೊಳ್ಳುತ್ತಾರೆ, ಮತದಾರರು ಕೈತಪ್ಪುತ್ತಾರೆ ಎಂದು ಹೇಳಿದವರ ಮುಖದಲ್ಲಿ ಗಾಬರಿ ಮೂಡಿತು",happy
ನಿಮ್ಮ ಯೋಗ್ಯತೆ ಏನು ಎಂದು ನಿಮಗೆ ತಿಳಿದಿದ್ದರೆ ಮಾತ್ರ ಈ ಅಪಹಾಸ್ಯವು ನಿಮಗೆ ಅನ್ವಯಿಸುತ್ತದೆ,angry
ಮರಾಠಿ ಮಾಧ್ಯಮ ನಿಜವಾದ ಮುಖವಾಡವನ್ನು ತೋರಿಸುತ್ತದೆ. ದಯವಿಟ್ಟು ಇದನ್ನು ಮಾಡಬೇಡಿ,angry
ಕೊಡುವ ಮೊದಲು ಮನೆ ಮತ್ತು ಮರಳು ಮಾಡಿ.,angry
ಲೈ ವರ್ಣರಂಜಿತ ಜನರು,angry
"ದೇಶದ್ರೋಹಿಗಳ ರಾಜಕೀಯ ಎಂದರೆ ""ಕತ್ತಿ"", ಬಿಜೆಪಿ ಎಂದರೆ ""ಗುರಾಣಿ"" ಮತ್ತು ಪೆಟ್ಟಿಗೆಗಳು ""ಬದಲಾವಣೆ"" ಎಂದರ್ಥ.",angry
ಇದು ಊಳಿಗಮಾನ್ಯ ದೊರೆಗಳ ಜೊತೆಗಿನ ಒಡಂಬಡಿಕೆಯ ಫಲವೇ? ಅವರು ದಿನದಿಂದ ದಿನಕ್ಕೆ ಕೊಂಕಣಿಯಾಗುತ್ತಿದ್ದಾರೆ,angry
"ಯಾತ್ರೆಯು ಮಹಾರಾಷ್ಟ್ರಕ್ಕೆ ಬಂದಿತು ಆದರೆ ಇಲ್ಲ, ಅದಕ್ಕೂ ಮೊದಲು ಅದು ವಿಘಟನೆಯಾಯಿತು.",fear
ಸ್ವಂತ ಇಲಾಖೆಗಳನ್ನೇ ನಂಬದ ಮಂತ್ರಿಗಳಿಂದ ಏನು ಪ್ರಯೋಜನ?,angry
ಇಷ್ಟು ಅಧಿಕಾರ ಹಿಡಿದ ನಂತರವೂ ಉದಾರವಾದಿ ಉದ್ಧವ್ ಠಾಕ್ರೆಗೆ ಯಾಕೆ ತೊಂದರೆ ಕೊಡುತ್ತಿದ್ದೀರಿ?,angry
"ಹೌದು, ನಿಮ್ಮ ಕತ್ತೆಗೆ ಬೆಂಕಿ ಹಚ್ಚಲು ನೀವು ಬಯಸುತ್ತೀರಿ",angry
ಜನರು ಕಷ್ಟದಲ್ಲಿದ್ದಾಗ ಎಲ್ಲಿಗೆ ಹೋಗುತ್ತಾರೆ? ಠಾಕ್ರೆಗೆ ಗೋಪಿಚಂದ್ ಪಡಲ್ಕರ್ ಪ್ರಶ್ನೆ:,angry
"ಹಬ್ಬ ಹರಿದಿನಗಳಲ್ಲಿ ಗ್ಯಾಸ್ ಬೆಲೆ ಏರಿಕೆ ಅನಿವಾರ್ಯ, ಇದಕ್ಕೆ ಕಾರಣ...",neutral
ಸುಮ್ಮನೆ ಚಾಪೆ ಮಾಡು... ಅರ್ಜಿ ನಮೂನೆ ತುಂಬಿದ ದಿನದಿಂದ ಕೊನೆಯ ದಿನದವರೆಗೂ ಯಾರೋ ಒಬ್ಬರು ಮಹಾರಾಷ್ಟ್ರದ ಸಂಸ್ಕೃತಿಗೆ ಅವಮಾನ ಮಾಡುತ್ತಲೇ ಇದ್ದಾರೆ...,angry
ಆನೆಗಳು ರಸ್ತೆಯಲ್ಲಿ ನಡೆಯುತ್ತಿದ್ದರೆ ನಾಯಿಗಳು ಹಸಿವಿನಿಂದ ಸಾಯುತ್ತಿವೆ...ರಾಹುಲ್ ಗಾಂಧಿ ಆನೆ,happy
SBI ಗ್ರಾಹಕರಿಗೆ ಬ್ಯಾಡ್ ನ್ಯೂಸ್! ಈಗ EMI ಹೆಚ್ಚಾಗಲಿದೆ,sad
ಅವರು ಏಕೆ ಕಾಳಜಿ ವಹಿಸುತ್ತಾರೆ? ಮುತ್ತುಗಳು ಹೇಳುವ ಧೈರ್ಯವನ್ನು ಏನು ಮಾಡಲಿ.,angry
ಯಾರಿಗಾದರೂ ಅಗತ್ಯವಿದ್ದರೆ ಏನು? ಮಹಾರಾಷ್ಟ್ರ? ಈಗ ಏಕೆ ಅಂಗಡಿಗಳನ್ನು ಮುಚ್ಚುವ ಸಮಯ ಬಂದಿದೆ,angry
ಮತ್ತು ಕೆಲವು ಮೂರ್ಖ ಜನರು ಇದಕ್ಕೆ ಬಲಿಯಾಗುತ್ತಿದ್ದಾರೆ.,angry
ಇದು ಸಂಚಾರ ದಂಡದ ಉದ್ದೇಶವನ್ನೇ ಅಣಕಿಸುತ್ತದೆ.,angry
ನಿನ್ನ ಗಂಡನ ತಲೆ ಬಿಟ್ಟು ಬೇರೇನಾದರೂ ತಿನ್ನು...,angry
"ಅವರೂ ನಿಮ್ಮಂತೆಯೇ ಇದ್ದಾರೆಯೇ, ನೀವು ಹೇಳುವುದನ್ನು ಕೇಳುತ್ತಿದ್ದಾರೆಯೇ !!!",angry
ಕತ್ತಲಲ್ಲಿ ಕಪಾಳಮೋಕ್ಷ ಮಾಡಿ ಓಡಿ ಹೋದಳು,angry
"ಅರೇ, ಇದು ಬಿಜೆಪಿಯಿಂದ",neutral
ದೃಷ್ಟಿ ಹೇಗಿದೆಯೋ ಹಾಗೆಯೇ ನೋಟವೂ ಇದೆ. ಬಿಜೆಪಿ ವಿರೋಧದ ಕಾಮಾಲೆಯಿಂದ ಎಲ್ಲವೂ ಹಳದಿಯಾಗಿ ಕಾಣುತ್ತಿದೆ,angry
"ಹೇ ಬಾಸ್ಟರ್ಡ್ ಪಂತ್, ಈ ಪಾಪದ ಶಿಕ್ಷೆಯನ್ನು ನೀವು ಎಲ್ಲಿ ಪಾವತಿಸುತ್ತೀರಿ?",angry
"ಜ್ಯೋತಿಯನ್ನು ಬೆಳಗಿಸಿ ಏಕೆಂದರೆ ಉದ್ಧವ್ ಅವರ ಹಣೆಬರಹ ಏನು, ಅವರೊಳಗೆ ಹಿಂದೂ ವಿರೋಧಿ ಕತ್ತಲೆ ಹರಡಿದೆ",angry
ಈಗ ಮುದ್ದು ಮಾಡುವುದರಿಂದ ಪಾಠ ಕಲಿಯಿರಿ,angry
ಅವರು ಓಡಿಹೋಗುತ್ತಿದ್ದಾರೆ ... ಜಾಗರೂಕರಾಗಿರಿ! ಜನರು ವಿಷ ಸೇವಿಸಿದ್ದಾರೆ.. ಈ ರೀತಿಯ ಎಲ್ಲಿಂದ ಬಂತು? ಓದುವುದು,fear
"ಏಕೆ, ಇದು ತಪ್ಪು ಆಯ್ಕೆಯಾಗಿರಬೇಕು. ರಾಜವಂಶವು ಕೆಲಸ ಮಾಡುವುದಿಲ್ಲ",angry
ಲೈ ಅನ್ನು ಇಷ್ಟವಿಲ್ಲದೆ ಬಿಸಾಡಲಾಗಿದೆ,angry
"ಈಗ ಟಾರ್ಚ್, ಅಗರಬತ್ತಿಗಳನ್ನು ತೆಗೆದುಕೊಳ್ಳಿ, ನಿಮ್ಮ ಲಂಕಾ ಉರಿಯುತ್ತಲೇ ಇರುತ್ತದೆ",angry
ನನ್ನ ಖಾತೆ ಹ್ಯಾಕ್ ಆಗಿದೆ ಎಂದು ಹೇಳುತ್ತಿದ್ದಾರೆ,angry
ಈ ಎನ್ ಸಿಪಿಯವರಿಗೆ ಇನ್ನು ಕೆಲವೇ ದಿನಗಳಲ್ಲಿ ಸೇನೆಗೆ ರೊಟ್ಟಿ ಬೇಯಿಸುವ ಕೆಲಸ ಖಂಡಿತಾ ಸಿಗಲಿದೆ...,angry
"ಆಂಗ್ಲ ಮಾಧ್ಯಮ ಮತ್ತು ಆಟಗಾರರು ಇಬ್ಬರೂ ತುಂಬಾ ಕೋಪಗೊಂಡರು, ಕೆಲವರು ಅದನ್ನು ಇಷ್ಟಪಡಲಿಲ್ಲ ...",angry
"ಸರ್ಕಾರದ ""ಹಣ"" ಮತ್ತು ಪಕ್ಷದ ""ಮಾರ್ಕೆಟಿಂಗ್"" ಬಜೆಟ್ ಅನ್ನು ಯಾರು ಕೊಡುತ್ತಾರೆ ??",angry
ಮಾಧ್ಯಮ ಕುರುಡಾಗಿದೆಯೇ? ಈ ದೃಶ್ಯವನ್ನು ಪ್ರದರ್ಶಿಸಲಾಗುತ್ತಿಲ್ಲ.,angry
"ನೀವು ಉನ್ನತ ಸ್ಥಾನಗಳಿಗೆ ಏರಿದಾಗ, ಸಮಯವು ಕಡಿಮೆ ತೆಗೆದುಕೊಳ್ಳುತ್ತದೆ.",neutral
ನಿಮ್ಮ ಸರ್ಕಾರ ಬಿಕ್ಕಟ್ಟಿನಲ್ಲಿದೆಯೇ? ಅವುಗಳನ್ನು ಎತ್ತಿಕೊಂಡು ನೇತುಹಾಕಿ.,angry
ಸುಪ್ರೀಂ ಕೋರ್ಟ್ ಗೂಗಲ್ ಅನ್ನು ಸ್ಥಾಪಿಸಿದೆ ಮತ್ತು ಈ ಮನಸ್ಸುಗಳು ನೃತ್ಯ ಮಾಡುತ್ತಿವೆ.,angry
ಏನಿದು ಭಾರತದ ರಾಜಕೀಯ..?? . ಬಡವರ ಹಕ್ಕುಗಳಿಗಾಗಿ ಹೋರಾಡಿ ಶ್ರೀಮಂತರಾಗಿ...!!,angry
"ಹೌದು, ಕಳೆದ ಒಂದು ವರ್ಷದಿಂದ ನಮ್ಮ ರಾಜ್ಯದಲ್ಲಿ ಸಾಮಾನ್ಯ ನೇಮಕಾತಿಗಳು ನಡೆಯುತ್ತಿಲ್ಲ.",sad
ಭಾರತಕ್ಕೆ ಹೆದರುವ ಕಿಡಿಗೇಡಿಗಳೆಲ್ಲ ದೇಶಭಕ್ತಿ ತೋರಬೇಕು.,angry
"ಮುದ್ದೆ ಚರ್ಮ ರೋಗದಿಂದ ಸಾವಿಗೀಡಾದ ರೈತರಿಗೆ, ದನಗಾಹಿಗಳಿಗೆ ಆರ್ಥಿಕ ನೆರವು",sad
ರೈತರ ಕಷ್ಟ ನೋಡಿ ನಾಚಿಕೆ ಆಗುತ್ತಾ?,sad
ಹಾಗಾಗಿ ಮಮತಾ ದೀದಿ ಮೊದಲ ಸಾಲಿನಲ್ಲಿ ನಡೆಯುತ್ತಾರೆ. ಈಗ ಎತ್ತರಕ್ಕೆ ಕಾರಣ ಹೇಳಬೇಡಿ.,neutral
ಸೋಷಿಯಲ್ ಮೀಡಿಯಾದಲ್ಲಿ ಈಗಾಗಲೇ ಹಲವರು ಇಂತಹ ಕಪಾಳಮೋಕ್ಷ ಮಾಡಿದ್ದಾರೆ.,angry
ಅವರನ್ನು ಮಹಾರಾಷ್ಟ್ರ ಮತ್ತು ದೇಶದಿಂದ ಹೊರತರುವುದು ಆದ್ಯತೆಯಾಗಿದೆ. ಉಳಿದದ್ದನ್ನು ನಂತರ ನೋಡೋಣ.,angry
"""ಅದು"" ಶಿವಸೈನಿಕ ಮುಖ್ಯಮಂತ್ರಿ ಆಗುವುದು ನೀವಲ್ಲ, ಸ್ಪಷ್ಟವಾಗಿ ಹೇಳಿ ಸಾರ್!",neutral
"ಸ್ಪೀಕರ್ ಸರ್, ಪುಣೆ ಟ್ರಾಫಿಕ್ ಪೊಲೀಸ್ ಸಿಬ್ಬಂದಿಗೆ ಘೋರ ಅನ್ಯಾಯ ಮಾಡಲಾಗುತ್ತಿದೆ.",sad
ಆದರೆ ಹುಡುಗ ಸರ್ ತತ್ವಗಳನ್ನು ಬದಿಗೊತ್ತಿ...,angry
ನೀವು ಪತ್ರಕರ್ತರೇ ಅಥವಾ ರಾಜಕೀಯ ನಾಯಕರೇ ಎಂಬುದು ಮುಖ್ಯವಲ್ಲ,angry
ಹುಣ್ಣಿಮೆ - ವಂಚನೆಯು ತಿಂಗಳ ಅತ್ಯುತ್ತಮ ಪ್ರಶಸ್ತಿಯನ್ನು ಪಡೆದಾಗ!,angry
"ಸಾಮಾನ್ಯ ಜ್ಞಾನ ಹೊಂದಿರುವ ಅತ್ಯುತ್ತಮ ಉದಾರವಾದಿಗಳು ಐಸ್ ಕ್ರೀಮ್ ಮತ್ತು ಟಾರ್ಚ್ ನಡುವಿನ ವ್ಯತ್ಯಾಸವನ್ನು ಅರ್ಥಮಾಡಿಕೊಳ್ಳುವುದಿಲ್ಲ, ದೊಡ್ಡದಾದರೂ ಸಹ.",angry
"ನೀವು ಏನು ತಮಾಷೆ ಹೇಳುತ್ತೀರಿ, ನೀವು ಏನು ಹೇಳುತ್ತೀರಿ ...",angry
ಮಹಾರಾಷ್ಟ್ರದ ದ್ರೋಹಿಯನ್ನು ಬಿಜೆಪಿ ಬಿಡುವುದಿಲ್ಲ,angry
"ನಾವು ಈಗ ಪಂಚಾಯತ್ ಸಮಿತಿಯತ್ತ ಗಮನ ಹರಿಸಬೇಕು, ಇಲ್ಲದಿದ್ದರೆ ಈ ಉದ್ಯೋಗವೂ ಕೊನೆಗೊಳ್ಳುತ್ತದೆ.",fear
ಆದ್ದರಿಂದ ನೀವು ಮಹಾರಾಷ್ಟ್ರವನ್ನು ಒಡೆಯಲು ಪ್ರಯತ್ನಿಸಿದ್ದೀರಾ,angry
ಒಬ್ಬ ಭಾರತೀಯನಾಗಿ ನಾನು ಇಂದು ಕಳೆದುಹೋಗಿದ್ದೇನೆ ...,sad
"ಅದು ಏನು, ಸಿಹಿ ಆಲೂಗಡ್ಡೆ, ಅವರು ಸರಿ",neutral
"ಆದರ್ಶ್ ಎಲ್ಲಾ ಮೋಸದ ರಾಜಕೀಯದ ಮಾಸ್ಟರ್, ಶಿವಸೇನೆಯನ್ನು ಕೊನೆಗೊಳಿಸಲು ನೀವು ಮೂಲ ಕಾರಣ",angry
ದೇಶವನ್ನು ಏಕೆ ಮಾರಬೇಕು?,angry
ಯಾರಾದರೂ ಯಾರನ್ನಾದರೂ ಅವಮಾನಿಸಬೇಕೆ ಎಂದು ನಗರಸಭೆ ನಿರ್ಧರಿಸುವುದಿಲ್ಲ.,angry
ಒಮ್ಮೆ ಪಟೋಲಕ್ಕೆ ಹೋಗಿ ವಿಧಾನಪರಿಷತ್ತನ್ನು ಅವಿರೋಧವಾಗಿ ಮಾಡಲು ಒಬ್ಬರ ಕಾಲಿಗೆ ಬಿದ್ದರು,angry
"ತುಟಿಯಾ, ನೀವು ಕಡಿಮೆ ನರಿ.",angry
"ಲೋಕಸಭೆ ಚುನಾವಣೆವರೆಗೂ ಕೆಲವೊಮ್ಮೆ ಕೊಲೆಯ ಸಂಚು, ಕೆಲವೊಮ್ಮೆ ದಾಳಿಯ ಸಂಚು ನಡೆಯುತ್ತದೆ.",fear
ನೀವು ಕರ್ತವ್ಯನಿಷ್ಠ ಗಂಡನನ್ನು ತ್ಯಜಿಸಿದ್ದೀರಾ!?! ಅದನ್ನು ಉಳಿಸಲು ಪಕ್ಷ ಬದಲಾಯಿಸಲೇ ಬೇಕು!?!?,angry
ಅಂತಹ ಆದೇಶಗಳು ಬಾಳಾ ಸಾಹೇಬರಿಂದ ಬಂದವು. ಮತ್ತು ಈಗ ಅದನ್ನು ಸ್ಪಷ್ಟವಾಗಿ ಹೇಳುವ ಧೈರ್ಯವಿಲ್ಲ. ನಾಚಿಕೆ ಅವಮಾನ!,angry
ಉತ್ತರಿಸಲು ಆದರೆ ನಮ್ಮ ನಾಯಕನ ಸ್ಥಿತಿ ತೋರಿಸಲು.,angry
ಗೆಲುವು ನಿಮ್ಮದೇ ಆದರೆ ಎಲ್ಲರೂ ಜಾಗೃತರಾಗಬೇಕು.,happy
ಪಾಟಿದಾರ್‌ಗಳು ಗುಜರಾತ್‌ನಲ್ಲಿ ಅವರ ವಿರುದ್ಧ ಪ್ರತಿಭಟನೆ ನಡೆಸಿದ್ದರು.,neutral
ಬಿಹಾರದ ಅವನತಿಯನ್ನು ನಾವು ಅನುಭವಿಸುತ್ತಿದ್ದೇವೆ.,sad
ಓಂ ಶಾಂತಿ.. ತುಂಬಾ ಶಾಂತ ಮತ್ತು ತೆರೆಯ ಮೇಲೆ ನೋಡಬಹುದಾದ ನಟ.. ನಿಮ್ಮ ಆತ್ಮಕ್ಕೆ ಶಾಂತಿ ಸಿಗಲಿ ಸರ್,sad
ಮತ್ತು ನೀವು ಯಾರನ್ನು ಕಂಡುಹಿಡಿಯಲು ಹೋಗಿದ್ದೀರಿ?,angry
ಕೃಷಿ ಸಚಿವರನ್ನು ಬಿಟ್ಟರೆ ಉಳಿದವರೆಲ್ಲ ಭಾರೀ ಮಳೆ ನೋಡುತ್ತಿದ್ದಾರೆ...ಸತ್ತಾರ್ ಭಾಯ್,neutral
ರಾಯಗಢದಲ್ಲಿ ಪಿಂಡ ದನ ನಡೆಸಿದಾಗ ಡ್ಯಾಂಗ್ ಎಲ್ಲಿ ಬಿದ್ದಿತು?,angry
"ಒಬ್ಬರಿಗೆ ಏಳನೇ ಸಂಬಳ, ಮತ್ತೊಬ್ಬರು ತಿಂಗಳಿಗೆ ಒಂದು ರೂಪಾಯಿ ಪಡೆಯುತ್ತಾರೆ, ಇದು ಯಾವ ನ್ಯಾಯ??",angry
ಆದರೆ ಇಂತಹ ತಂತ್ರಗಳನ್ನು ಆಡುತ್ತಾ ನಾಮಿನೇಷನ್ ಏಕೆ ಬಯಸುತ್ತೀರಿ..,angry
ಪಾಲ್ಕುಟರ ಗುರಾಣಿ ಮತ್ತು ಕತ್ತಿ. ಇದು ಶಕ್ತಿಶಾಲಿ ಮಾವಲಿಗರಿಗೆ ಮಾಡಿದ ಘೋರ ಅವಮಾನವೇ?,angry
ಬಿಜೆಪಿಗೆ ಮತ ಹಾಕಿದರೆ ಭ್ರಷ್ಟಾಚಾರಕ್ಕೆ ಮತ.,angry
ಇಂತಹ ನಾಯಕರು ಮತ ಪಡೆಯಲು ದೇಶವನ್ನು ಮಾರಲು ಹೊರಟಿದ್ದಾರೆ.,angry
ಪುಣೆಯಿಂದ ಮುಂಬೈಗೆ ಹೋಗುತ್ತಿದ್ದ ಕಂಟೈನರ್ ಖಂಡಾಲಾ ಬೋರ್ಘಾಟ್ ನಲ್ಲಿ ಬ್ರೇಕ್ ಫೇಲ್ ಆಗಿದೆ.,neutral
ಮತ್ತು ಬಿಜೆಪಿಗೆ ಮತ ಹಾಕುವುದು ಸುಳ್ಳುಗಾರರ ಗುಂಪಿಗೆ ಮತ.. ಒಳ್ಳೆ ದಿನಗಳು ಬಂದಿವೆಯೇ....?,angry
"ಇದನ್ನು ಸಾಮಾನ್ಯ ಜ್ಞಾನ, ಕಡಿಮೆ ಪ್ರಯೋಗ, ಹೆಚ್ಚು ಮೆಣಸಿನಕಾಯಿ ಎಂದು ಕರೆಯಲಾಗುತ್ತದೆ.",angry
ಅಂದರೆ ರೂಪಾಯಿ ಕುಸಿಯದಿದ್ದರೆ ಡಾಲರ್ ಬಲಗೊಂಡಿದೆ. ಹಾಗೆ ಏನೋ.,neutral
ಬೇರಿನಲ್ಲಿ ಹುಟ್ಟುವುದೇಕೆ... ಇರಲಿ,angry
"ಪಿತೂರಿಯ ಉಪಗಳು ಮತ್ತು ಒಪ್ಪಂದದ ನೆರಳುಗಳು ಎಲ್ಲವನ್ನೂ ಒಟ್ಟಿಗೆ ತೆಗೆದುಕೊಳ್ಳುತ್ತಿವೆ, ಇದು ಬಾಸೆಲೆಟ್ ಸಾಂಗ್ಕೆಂ!",angry
ಭಯಾನಕ! ಕರೋನಾದ ಹೊಸ ರೂಪಾಂತರಗಳು ವಿಶ್ವಾದ್ಯಂತ ಭೀತಿಯನ್ನು ಉಂಟುಮಾಡುತ್ತವೆ; ವಿಜ್ಞಾನಿಗಳು 'ಇದು' ದೊಡ್ಡ ಭಯವನ್ನು ವ್ಯಕ್ತಪಡಿಸಿದ್ದಾರೆ!,fear
ಮತ್ತು ಈ ಭಿಕ್ಷುಕರು ಮಹಿಳೆಗಾಗಿ ಉಪಚುನಾವಣೆ ಹಿಂಪಡೆಯುತ್ತಿದ್ದಾರೆ..ಅಯೋಧ್ಯಾಜಿ.,angry
ಉದ್ಯೋಗದ ಪೊಳ್ಳು ಭರವಸೆಗಳು... ಸರಕಾರ ಕೇವಲ ಘೋಷಣೆಗಳ ಮಾರುಕಟ್ಟೆ... ಲಕ್ಷಾಂತರ ಮಕ್ಕಳ ಭವಿಷ್ಯದೊಂದಿಗೆ ಆಟವಾಡುತ್ತಿದೆ...,angry
ಇಂತಹವರು ಆಯ್ಕೆಯಾಗಿರುವುದು ದುರಂತ...,sad
'ನಮಗೆ ಸಂಸತ್ತು ಸಿಗಲಿಲ್ಲವೆಂದಲ್ಲ ಆದರೆ ನಾವು ಅದಕ್ಕೆ ಅರ್ಹರಲ್ಲ' ಎಂಬುದು ಹೆಚ್ಚು ಪ್ರಸ್ತುತವಾಗಿದೆ.,angry
ಈ ಮೂರ್ಖನನ್ನು ಯಾರೂ ಟ್ರೋಲ್ ಮಾಡಬೇಡಿ...,angry
ಜೂನ್ ವರೆಗೆ ನಡೆದ ದೌರ್ಜನ್ಯದ ವಿರುದ್ಧ ಈಗ ಯಾಕೆ ಪಾದಯಾತ್ರೆ ಮಾಡುತ್ತಿದ್ದೀರಿ?,angry
ತೆಗೆದ ಉತ್ತರಗಳು ಕ್ಯಾಮೆರಾದಲ್ಲಿವೆ ಎಂಬುದು ಅಮಾಯಕರಿಗೆ ತಿಳಿದಿಲ್ಲವೇ?,angry
ಆದರೆ ನಿಮ್ಮ ತಾಯಿಯ ಕೋಪ,angry
ಈ ಎರಡು ಚೀವ್ಸ್ ಬಗ್ಗೆ ಮಹಾರಾಷ್ಟ್ರದಲ್ಲಿ ಸಾಕಷ್ಟು ಗೊಂದಲಗಳಿವೆ.,angry
"'ಬಿಎಂಸಿ ಕಮಿಷನರ್ ಚಹಾಲ್ ಶಿಂಧೆ-ಫಡ್ನವಿಸ್ ಸರ್ಕಾರಕ್ಕೆ ಹೆದರುತ್ತಿದ್ದಾರೆ, ಆದ್ದರಿಂದ...', ಲಟ್ಕೆ ಅವರ ಅಭ್ಯರ್ಥಿತನದ ಬಗ್ಗೆ ಕಿಶೋರಿ ಪೆಡ್ನೇಕರ್ ಅವರ ಗಂಭೀರ ಆರೋಪ.",angry
ಏನೂ ಇಲ್ಲದಿದ್ದರೆ ಬರೆಯಿರಿ ... ನಾವು ಅದನ್ನು ಇಲ್ಲಿಯೇ ಮಾಡುತ್ತೇವೆ,neutral
ನೀವು ದ್ರಾಕ್ಷಿಯನ್ನು ಪಡೆಯುತ್ತಿದ್ದರೆ ನೀವು ಬಬೂನ್ಗಳನ್ನು ಪಡೆಯುವುದಿಲ್ಲ,neutral
ಜನರು ಮೂರ್ಖರೇ? ಸರ್ಕಾರದ ಅವಧಿ ಮುಗಿಯುತ್ತಿರುವುದರಿಂದ ತಾನ್ಯಾ ರಾಜೀನಾಮೆ ನೀಡಲಿದ್ದಾರೆ.,angry
ಬಾರಾಮತಿಯ ಮಹಾಮಾದ್ಯ ಏನಾದರೂ ಹೇಳಿದ್ದಾನಾ?,angry
ಪವಾರ್ ಸಾಹೇಬರು ಕೇಂದ್ರದಿಂದ ಓಡಿ ಹೋಗಿದ್ದು ಯಾಕೆ? ಮೊದಲು ಅದರ ಬಗ್ಗೆ ಮಾತನಾಡೋಣ,angry
ಅಜ್ಜಿ ಗಿರಣಿ ಪೆಟ್ಟಿಗೆ ತರಬೇಕು. ಈ ವಿಷಯವು ನಿಮಗೆ ತೊಂದರೆಯಾಗುವುದಿಲ್ಲ,angry
ಮಳೆ ಮತ್ತೆ ಬಂದಿದೆ! ಕೃಷಿ ನಷ್ಟ; ಈ ಜಿಲ್ಲೆಗಳಿಗೆ ಎಚ್ಚರಿಕೆ ನೀಡಲಾಗಿದೆ,neutral
ಇಂತಹ ಕಾರ್ಟೂನ್ ಸಿಕ್ಕಿದ್ದು ನಮ್ಮ ದೌರ್ಭಾಗ್ಯ,sad
"ಹೇ ಬಾಸ್ಟರ್ಡ್, ವಯಸ್ಸಾಗಿದ್ದರೂ, ಅವನಿಗೆ ಇನ್ನೂ ಕೋಪ ಕಡಿಮೆಯಾಗಿದೆ.",angry
"ಮರಾಠಿ ಮರಾಠಿಯಾಗಿ, ಠಾಕ್ರೆ ಮರಾಠಿ ಜನರ ಮುಖವನ್ನು ಅಳಿಸಿಹಾಕಿದರು",angry
ಇಲ್ಲಿರುವ ಹಲವು ನಕಲಿ ಹಿಡಿಕೆಗಳು 25-30ಕ್ಕೆ ಸತ್ತು ಹೋಗಿವೆ.. ಮುಂದೆಯೂ ಹಲವರು ಸಾಯುತ್ತಾರೆ..!!,angry
ರಾಣೆ ಮತ್ತು ಲೈಕಿ... ಈ ಸಂಬಂಧ ಎಂದಿಗೂ ಮುರಿಯಲಿಲ್ಲ.,angry
"...ಅವನು ನಾಶವಾಗಲಿಲ್ಲ, ಅವನು ಮೊದಲಿನಿಂದಲೂ ಅವನತಿ ಹೊಂದಿದ್ದಾನೆ..",angry
ನಿಮ್ಮ ಮೂರ್ಖ ಹಿಂದುತ್ವ ಈಗ ಎಲ್ಲಿಗೆ ಹೋಗಿದೆ? ?,angry
ಬಿಜೆಪಿಗೆ ಮತ ನೀಡಿ ಮಹಿಳೆಯರ ಮೇಲಿನ ದೌರ್ಜನ್ಯಕ್ಕೆ ಮತ ಹಾಕಿದಂತೆ.,angry
"ಠಾಕ್ರೆ ಗುಂಪಿಗೆ ಮತ್ತೊಂದು ಮುಖಭಂಗ, ರಿತುಜಾ ಲಟ್ಕೆ ಅಭ್ಯರ್ಥಿತನಕ್ಕೆ ಅಪಾಯ?",neutral
"ರಾಜೀನಾಮೆ, ಗಲ್ಲು ಎಂದರೆ ಸರಿ...",angry
ಆದಿತ್ಯ ಸಾಹೇಬರು ಯುವಸೇನೆಯನ್ನು ಬೆಳೆಸಿದರು...ನಿಮ್ಮ ಹಕ್ಕು ಏನು?,angry
ಇನ್ನಷ್ಟು ಪೆಟ್ಟಿಗೆಗಳು ಸಿಗುತ್ತವೆಯೇ ಎಂದು ದೇಶದ್ರೋಹಿಗಳು ಬಂದರು,angry
ಪಾಶ್ಚಿಮಾತ್ಯ ರೈಲ್ವೇ ಪ್ರಪಂಚದಲ್ಲಿ ಚೂಟಾದ ವಿಧಗಳು.,angry
ಬುದ್ದಿಹೀನ ಕೆಲಸಗಾರನಾಗಿದ್ದರಿಂದ ಬಾರಾಮತಿಯ ಚಿಕ್ಕಪ್ಪ ಭವಿಷ್ಯದ ಪ್ರಧಾನಿಯಾದರು.,angry
ಅಸಹಾಯಕತೆ ನಿನಗೂ ಒಂದು ರೂಪಕ,angry
ನೀವು ಆಗಾಗ ನೋಡುವ ತಪ್ಪುಗಳನ್ನು ಕುಡಿದು ಸುದ್ದಿ ಮಾಡುತ್ತೀರಾ?,angry
ಈ ಜನರು ನಿಜವಾಗಿಯೂ ಹುಚ್ಚರು,angry
ರಾವ್ ನಿನ್ನನ್ನು ಬಲವಾಗಿ ಹೊಡೆದನು,angry
"ಮಹಾರಾಷ್ಟ್ರದ ಪ್ರಮುಖ ಯೋಜನೆಗೆ ವಿರಾಮದ ಅಗತ್ಯವಿದೆ ಆದರೆ ದುಬಾರಿ, ಅನಗತ್ಯ ಬುಲೆಟ್ ರೈಲು",angry
"ಅದು ಸರಿ... ಭ್ರಷ್ಟಾಚಾರವಿಲ್ಲ, ದಲ್ಲಾಳಿ ಇಲ್ಲ",angry
PAN ಮೂಲಕ ಹೆಸರುಗಳನ್ನು ಕದ್ದಿದ್ದಾರೆ,angry
ನೀನು ಮೂರ್ಖನಾ?,angry
ಅವರು ಸಗಣಿ ತಿಂದ ಕಾರಣ ನೀವು ಒಂದು ಹೆಜ್ಜೆ ಮುಂದಿಡುತ್ತೀರಾ?,angry
ನೀವು ಅಲ್ಲಿದ್ದಾಗ ಯಾವ ಪಾರ್ಟಿಯಲ್ಲಿ ಇದ್ದೀರಿ ಹೇಳಿ?,angry
ಈ ಮಹಿಳೆ ಶಿವಸೇನೆಯ ಉದ್ಧವ್ ಬಾಳಾಸಾಹೇಬ್ ಠಾಕ್ರೆಯವರ ಹಿಂದುತ್ವದ ಬಗ್ಗೆ ಮಾತನಾಡುತ್ತಾರೆ ಮತ್ತು ಅವರನ್ನು ಓಲೈಸುತ್ತಾರೆ.,angry
ಅಭಿವ್ಯಕ್ತಿ ಎಂದರೆ ಬಂಗಲೆಗೆ ಕರೆ ಮಾಡಿ ಮತ್ತು ಪೊಲೀಸರ ಮುಂದೆ ಸರಿಯಾದ ಸಂಖ್ಯೆಯನ್ನು ನಾಕ್ ಮಾಡುವುದು,angry
ಆದರೆ ಇದು ತಪ್ಪು ಎಂದು ನಾವು ಕೇಳುತ್ತೇವೆ ...,neutral
"ರಾಜಕೀಯವನ್ನು ಧರ್ಮವನ್ನಾಗಿ ಮಾಡುವ ಇಂತಹ ನಿಷ್ಪ್ರಯೋಜಕ ನಾಯಕರು ಈ ದೇಶದಲ್ಲಿದ್ದಾರೆ, ಅದಕ್ಕಾಗಿಯೇ ದೇಶ ಸಂಕಷ್ಟಕ್ಕೆ ಸಿಲುಕುತ್ತಿದೆ.",angry
ಏನಾಯಿತು...ಯಾರ ಕರ್ಮ ಭಂಗವಾಯಿತು?,happy
ಕೃಷಿ ಉತ್ಪನ್ನ ಮಾರುಕಟ್ಟೆ ಸಮಿತಿ ಇದರ ಹೊಣೆ ಹೊತ್ತಿದೆ. ರೈತರಿಗೆ ಹೊಡೆತ ಬೀಳುತ್ತಿದೆ.,sad
ಕಜ್ಜಿ ಎಂಬ ಪದವು ಕಡಿಮೆ ಧ್ವನಿಸುತ್ತದೆಯೇ???? ಹಾಗಾದರೆ ನೀವು ಏನನ್ನು ತಂಪಾಗಿ ಕರೆಯುತ್ತೀರಿ ????,angry
ಮೇಣದ ಬತ್ತಿ ಉರಿಯಿತೇ? ರಾಣೆಯ ಭಕ್ತ,angry
"ಹಂತಕರು ಯಾರೆಂಬುದು ಮರೆತಂತಿದೆ, ಮಾಧ್ಯಮಗಳ ಮೂಲಕ ದೇಶಕ್ಕೆ ಗೊತ್ತಾಗಿದೆ.",angry
ಹುಡುಗ ತನ್ನ ಹೆಸರನ್ನು ಹೇಳುತ್ತಾನೆ ಮತ್ತು ಶಿಷ್ಯನು ಪಕ್ಷದ ಮುಖ್ಯಸ್ಥನ ಹೆಸರನ್ನು ಹೇಳುತ್ತಾನೆ ... ಅದನ್ನು ಏನು ಕರೆಯಬೇಕು !!,angry
ಮಹಾರಾಷ್ಟ್ರದ ಹಿತೈಷಿಗಳಾದರೂ ಜೊಲ್ಲು ಸುರಿಸುವುದನ್ನು ನಿಲ್ಲಿಸಿ.,angry
ಇದು ಏನು ನರಕ .... ಯಾರಾದರೂ ನನಗೆ ಹೇಳಬಹುದೇ?,neutral
ನಿಮ್ಮಲ್ಲಿ ಸಾಮಾನ್ಯ ಜ್ಞಾನದ ಗುಣಮಟ್ಟ ಇಲ್ಲದಿರುವುದೇ ಇದಕ್ಕೆ ಕಾರಣ. ಒಂದು ಟ್ವೀಟ್ ಅನ್ನು ರೂ.,angry
"ಕೇಸರ್ಕರ್, ಬಿಜೆಪಿಯ ಮುರ್ಜಿ ಪಟೇಲ್ ಎಷ್ಟು ಪೆಟ್ಟಿಗೆಗಳೊಂದಿಗೆ ಈ ಸ್ಥಾನವನ್ನು ತೊರೆದರು...?",angry
ಮೊದಲ ಭಾಷಾ ಸುಧಾರಣೆಯ ಚಿತ್ರ ಯಾವುದು?,angry
ಸಾವಂತ್ ಅವರ ತಾನ್ಯಾ ಅವರು ಮರಾಠಾ ಸಮುದಾಯದ ಬಗ್ಗೆ ಎಷ್ಟು ಮಾನಸಿಕ ಬಾಂಧವ್ಯವನ್ನು ಹೊಂದಿದ್ದಾರೆಂದು ತೋರಿಸಿದರು.,neutral
"ನಾರಾಯಣ ರಾಣೆ, ಕೃಪಾಶಂಕರ್ ಸಿಂಗ್, ಪ್ರತಾಪ್ ಸರ್ನಾಯಕ್, ಯಶವಂತ್ ಜಾಧವ್ ಅವರ ಕಡತಗಳು ಕಳೆದುಹೋಗಿವೆಯೇ?",angry
"ಸಾಮಾನ್ಯ ಜ್ಞಾನವನ್ನು ಅಡಮಾನವಿಟ್ಟಾಗ, ಅಂತಹ ವಿವೇಕವು ಸೂಚಿಸುತ್ತದೆ...",angry
ಮಹಾರಾಷ್ಟ್ರದ ಕಾಯುವಿಕೆಗೆ ಕಾರಣವೆಂದರೆ ಅವನು ದುಷ್ಟ ಮಗುವಿನಂತೆ ವಕ್ರ ವ್ಯಕ್ತಿ.,angry
ಬಾಲ್ಯದಲ್ಲಿ ಇದನ್ನೆಲ್ಲಾ ಮಾಡಿ ಈಗ ದೇಶವನ್ನು ಅಂಧ ಭಕ್ತರೇ ನಡೆಸುತ್ತಿದ್ದಾರೆ.,angry
ನೀವು ಏನು ತಪ್ಪು ಹೇಳಿದ್ದೀರಿ? ಎರಡೂವರೆ ವರ್ಷ ಏನು ನಿದ್ದೆ ಮಾಡ್ತಿದ್ದೆ?,angry
"ಭಕ್ತರೇ, ಐದಕ್ಕೆ ಎಣಿಸಬಹುದಲ್ಲವೇ?",angry
ಮಹಾರಾಷ್ಟ್ರ ಇಂದು ಒಬ್ಬ ಮಹಾನ್ ಮರಾಠಿ ರಂಗಭೂಮಿ ಕಲಾವಿದ ಮತ್ತು ಚಲನಚಿತ್ರ ನಟನನ್ನು ಕಳೆದುಕೊಂಡಿದೆ,sad
"ಚಿರತೆ ಭಾರವಾದ ಹೆಜ್ಜೆಗಳೊಂದಿಗೆ ಬಂದು ಏಕಾಏಕಿ ಮನೆಯಿಂದ ಹೊರಬಂದಿತು ..., ನಾನು ಚಿಂತೆಯಿಂದ ನಡುಗಿದೆ ...",fear
ಹಾಗಾಗಿ ವಿಗ್ರಹಾರಾಧನೆ ಮೂರ್ಖತನ ಎಂದು ನೀವು ಒಪ್ಪುತ್ತೀರಿ,angry
"ಓಹ್, ನಿಮ್ಮ ಬಳಿ ಇರುವ ನಿಷ್ಪ್ರಯೋಜಕ ಸೈನ್ಯದ ಬಗ್ಗೆ ಮಾತನಾಡಿ. ನಿಜವಾದ ಶಿವಸೇನೆ ಎಂದರೆ ಉದ್ಧವ್ ಬಾಳಾಸಾಹೇಬ್ ಠಾಕ್ರೆ.",angry
ದೇಶದಲ್ಲಿ ಹೆಚ್ಚುತ್ತಿರುವ ವಿದ್ಯಾವಂತ ನಿರುದ್ಯೋಗಿಗಳ ಬಗ್ಗೆ ಮೋದಿ ಸರ್ಕಾರಕ್ಕೆ ಕಾಳಜಿ ಇಲ್ಲ!,angry
ಇದು ದಿನಾಂಕದಿಂದ ದಿನಾಂಕ ನಡೆಯುತ್ತಿತ್ತು,neutral
ಇದನ್ನು ಕಳುಹಿಸಿದ ವ್ಯಕ್ತಿಗೆ ಮೆದುಳಿಲ್ಲ,angry
ಅವರಿಗೆ ವಕೀಲರು ಸಿಗುವುದು ಭಾರತದ ದೌರ್ಭಾಗ್ಯ.,sad
ಈ ಗೂಂಡಾ ಯಾವ ಪಕ್ಷಕ್ಕೆ ಸೇರಿದವನು ಎಂದು ಹೇಳಬೇಕಾಗಿಲ್ಲ.,angry
"ಮುರ್ಜಿ ಪತನ ಖಚಿತ, ಬಿಜೆಪಿ ಭಯದಿಂದ ಹಿಂದೆ ಸರಿಯಿತು.",fear
ಹಾಸ್ಯ ಚಟಾಕಿ ಹಾರಿಸುವ ಸಂಸದರು...ಜನ ಮುಖ ನೋಡಿ ನಗುತ್ತಾರೆ,angry
ಉಸಿರಾಡುತ್ತಾನೆ ... ಅವನು ನಿನ್ನಲ್ಲಿಲ್ಲ ...,angry
ಅವರನ್ನ ಸ್ವಂತ ಗ್ರಾಮದಿಂದ ಹೊರಹಾಕೋದು ಯಾಕೆ...ಮುಂದಿನ ಬಾರಿ ಶಾಸಕರೂ ಹೋಗ್ತಾರೆ...,angry
ಅವರು ಭಾರತದಲ್ಲಿ ಬದುಕುತ್ತಾರೆ ಮತ್ತು ಕಷ್ಟಪಟ್ಟು ಕೆಲಸ ಮಾಡುತ್ತಾರೆ.. ಅವರನ್ನು ಸಮಯಕ್ಕೆ ಪುಡಿಮಾಡಬೇಕು.. ಇದು ಇಲ್ಲದೆ ಅವರು ಸುಧಾರಿಸುವುದಿಲ್ಲ.,angry
ಪ್ರತಿಕ್ರಿಯೆ ನೀಡದವರ ಸಂಖ್ಯೆ ದಿನದಿಂದ ದಿನಕ್ಕೆ ಹೆಚ್ಚುತ್ತಿದೆ,neutral
ನಾಮನಿರ್ದೇಶನ ನಮೂನೆಗಳನ್ನು ಸಲ್ಲಿಸದಿರುವ ಸಂಸ್ಕೃತಿ ಮತ್ತು ನಾಮಪತ್ರ ಹಿಂಪಡೆಯುವಲ್ಲಿ ವಿಳಂಬ.,angry
ನಿಮ್ಮಂತಹ ಪ್ಯೂನ್‌ನಿಂದ ಈ ರೀತಿಯ ಸಲಹೆಯನ್ನು ತೆಗೆದುಕೊಳ್ಳಬಾರದು.,angry
ಎಲ್ಲಾದರೂ ಉಚಿತ ಸಲಹೆ ನೀಡಬೇಕೆ?,angry
"ನೀವು ಮಾತನಾಡುವವರಾ, ಕ್ಯಾಥಿ?",angry
"ಮತ್ತು ನೀವು ಮೂವರು, ಅಮರ್ ಅಕ್ಬರ್ ಅಂತೋನಿ, ಜಿಲ್ಲಾಯಾದಲ್ಲಿ ಬೇರೆ ಯಾರು ಇದ್ದಾರೆ?",neutral
ಆಹಾರದ ಹೆಸರು ಹೇಳದೆ ಸಿಹಿ ರುಚಿ ಏಕೆ ಬರುವುದಿಲ್ಲ?,angry
ನಮ್ಮ ಮುಖ್ಯಮಂತ್ರಿಯ ಭಾವಚಿತ್ರ ಏಕೆ ಇಲ್ಲ?,angry
"ಚೀನಾ ಇದುವರೆಗೆ ಎಷ್ಟು ""ಒಳನುಸುಳುವಿಕೆ"" ಮಾಡಿದೆ ಸರ್?",angry
ಮೊದಲು ಇದನ್ನು ನಾರಾಯಣ ರಾಣೆ ಮತ್ತು ಅವನ ಕಪ್ಪೆಗಳಿಗೆ ತಿಳಿಸಿ,angry
ಶಿವಸೈನಿಕರನ್ನು ನಾಯಿ ಎಂದು ಕರೆದದ್ದು ಶರದ್ ಪವಾರ್,angry
"ಇದೆಲ್ಲ ನಿಜ, ಆದರೆ ದೇಶದ್ರೋಹಿ ಕೊಲೆಗಾರನ ಕಲೆಯನ್ನು ಹೇಗೆ ತೆಗೆದುಹಾಕುತ್ತಾನೆ?",angry
"ಹೌದು, ನೀವು ಜನರಿಗೆ ಆರಾಮವಾಗಿ ಬದುಕಲು ಅನುವು ಮಾಡಿಕೊಟ್ಟಂತೆ, ಹಣದುಬ್ಬರವು ಗೋಚರಿಸುವುದಿಲ್ಲ ಎಂದು ತೋರುತ್ತದೆ.",angry
ಅವರಲ್ಲಿ ಹೆಚ್ಚಿನವರು ಹುಲಿಗಳ ಬಗ್ಗೆ ಮಾತನಾಡಿದ್ದಾರೆ ಆದರೆ ಅದು ಸುಳ್ಳು ಎಂದು ತೋರುತ್ತದೆ,angry
"ಈ ಟ್ವೀಟ್ ಅನ್ನು ಈಗಲೇ ಅಳಿಸಿ, ಇದು ನಿಮ್ಮದಾಗಿದೆ",angry
ಮನೆಯಲ್ಲಿ ಮನೆಯವರೊಂದಿಗೆ ಇಂತಹ ಕೊಳಕು ಭಾಷೆ ಮಾತನಾಡುತ್ತಾನೆ,angry
ಅವರು ತಮ್ಮ ರಾಮಾಯಣವನ್ನು ಒಮ್ಮೆ ಓದಬೇಕು ಸಾರ್.... ಅವರು ತಪ್ಪಾದ ರಾಮಾಯಣವನ್ನು ಓದುತ್ತಿದ್ದಾರೆ!,angry
ಎಷ್ಟು ಭ್ರಷ್ಟಾಚಾರ ನಡೆಯುತ್ತದೆ,angry
"ಪಕ್ಷ, ಅವರ ಚುನಾವಣೆ, ಮೆಣಸಿನಕಾಯಿ ಏಕೆ ಬೇಕು?",angry
ಇದು ನ್ಯಾಯಾಲಯಕ್ಕೆ ತಿಳಿಯಬೇಕಲ್ಲವೇ? ಜ್ಞಾನವನ್ನು ಹಂಚಿಕೊಳ್ಳಬೇಕಲ್ಲವೇ??,angry
ದೇಶದಲ್ಲಿ ನಿರುದ್ಯೋಗ ಇಲ್ಲ ನಿಜ ಆದರೆ ಬಡವರು ಹೆಚ್ಚಿದ್ದಾರೆ.,angry
ಎಂತಹ ಕ್ಷುಲ್ಲಕ ವರ್ತನೆ ಮತ್ತು ಬಿಜೆಪಿಯದ್ದು ಒಂದೇ ತಟ್ಟೆಯನ್ನು ಕೊಳಕು.,angry
ನಿಮ್ಮ ಬಾಸ್ ನಾಲ್ಕು ಅಣಗಳ ವ್ಯಕ್ತಿಯನ್ನು ಕ್ಯಾಬಿನೆಟ್‌ನಲ್ಲಿ ಏಕೆ ಇಟ್ಟುಕೊಂಡರು?,angry
ನೀವು ಯಾವ ದೀಪಗಳನ್ನು ಬೆಳಗಿಸುತ್ತೀರಿ ಎಂದು ಹೇಳಿ?,angry
ಈ ಎಂಜಿನ್‌ಗಳು ಟ್ರ್ಯಾಕ್‌ನಲ್ಲಿ ಬರುತ್ತಿಲ್ಲ ಮತ್ತು ಅವು ಆತ್ಮವಿಶ್ವಾಸವನ್ನು ಕಳೆದುಕೊಳ್ಳುತ್ತಿವೆ.,angry
ರಮೇಶ ವಾಲುಂಜನ ಕಾಲದಲ್ಲಿ ಈ ಮಗು ಹಾಗಿರಲಿಲ್ಲ,angry
ನೀನು ತುಂಬಾ ಮೂರ್ಖ,angry
ಅಂತಹ ವ್ಯಕ್ತಿಯ ನಡವಳಿಕೆಯು ಬೊಗಳುವ ನಾಯಿಗಿಂತ ಕಡಿಮೆ ಮೌಲ್ಯದ್ದಾಗಿದೆ.,angry
ನರೇಂದ್ರ ಮೋದಿಯವರ ನಿದ್ದೆಗೆಡಿಸಿದವರೂ ಅವರೇ.,angry
ಶೀಘ್ರದಲ್ಲೇ ದೊಡ್ಡ ಭೂಕಂಪಕ್ಕೆ ಸಿದ್ಧರಾಗಿರಿ,fear
ವೈಫಲ್ಯದ ನಂತರ ಏನೂ ಉಳಿದಿಲ್ಲ ಎಂದು ಯಾರೂ ಜವಾಬ್ದಾರಿ ತೆಗೆದುಕೊಳ್ಳಲು ಮುಂದೆ ಬರಲಿಲ್ಲ.,sad
ಇಂತಹವರ ಅಭಿಪ್ರಾಯಗಳನ್ನು ಕೇಳುವುದರಿಂದ ಬಿಜೆಪಿಯ ಬಲ ಹೆಚ್ಚುತ್ತದೆ. ಈ ಸಾಮಾನ್ಯ ಜ್ಞಾನ ಯಾವಾಗ ಬರುತ್ತದೆ?,angry
ಸರ್ಕಾರ ದುರ್ಬಲವಾಗಿದೆ ಎಂದು ತೋರುತ್ತದೆ ಮತ್ತು ಕೆಲಸಗಳು ನಡೆಯುತ್ತಲೇ ಇರುತ್ತವೆ.,angry
ಭಟ್ಕಳಕರ್ ಸಾಹೇಬರು ದೇಶದ್ರೋಹಿಗಳ ಜೊತೆ ಮಾತನಾಡಿದಾಗ ಬಿಜೆಪಿ ಸೇರುವುದೇಕೆ? ದೇಶದ್ರೋಹಿಗಳೊಂದಿಗೆ ಏನು ಸಂಬಂಧ?,angry
"ನೀನು ಮಾತೋಶ್ರೀಯ ಕಾವಲುಗಾರನಾ? ಪ್ರಯಾಣಿಸಲು ನಿರಾಕರಿಸಿದವರಿಗೆ, ನೀವು ಹೋಗಿ ಪ್ರಯಾಣಿಸಬೇಕೆಂದು ನಾನು ಬಯಸುತ್ತೇನೆ.",angry
ಠಾಕ್ರೆಯವರ ಟ್ವೀಟ್‌ಗಳಿಂದ ಪ್ರಭಾವಿತರಾದ ಭಕ್ತರನ್ನು ಖಂಡಿತ ಟೀಕಿಸಬೇಕು,angry
ಕ್ಷೇತ್ರಕ್ಕೆ ತರಬೇಡಿ... ಮತಪತ್ರ ತನ್ನಿ! ನಿಮಗೆ ಧೈರ್ಯವಿದೆಯೇ?,angry
"ಧಾನ್ಯದ ಹಿಂಡುಗಳು ಇನ್ನೂ ಅದೇ ರೀತಿಯಲ್ಲಿ ವರ್ತಿಸುತ್ತಿವೆ, ಅದೇ ಕೀಳು ""ಮಿಡತೆಗಳು"" ಇನ್ನೂ ಓಡುತ್ತಿವೆ.",angry
ಈ ಅನ್ನದಾತ ಹುಚ್ಚು ಹಿಡಿದಿದ್ದಾನೆ,angry
ಮಹಾರಾಷ್ಟ್ರ ವಶವಾಗಬೇಕಿತ್ತು,neutral
ಬೇರೆಯವರು ತಿಂದರೆ ನಾವು ತಿನ್ನಬೇಕಾ?,angry
ಸೇವಾಗ್ರಾಮ ಬೇಕು,neutral
ಎಲ್ಲಾ ಪೆಟ್ಟಿಗೆಗಳು ಸರಿಯಾಗಿವೆಯೇ?,neutral
ಗುಜರಾತಿನಂತೆ ಪುಣೆಯ ಅಭಿವೃದ್ಧಿಯೂ ಮುಳುಗಿತು.,angry
ಒಂದೇ ಮನೆಯಲ್ಲಿ ದೇಶಪ್ರೇಮಿ ಮತ್ತು ದೇಶದ್ರೋಹಿ ಇರಬಹುದಾದರೆ,neutral
"ಹೀಯಾಳಿಸುವ ಮೊದಲು ಯಾರೂ ಯೋಚಿಸುವುದಿಲ್ಲ, ನಿರುದ್ಯೋಗಿಗಳ ಸ್ಥಿತಿಯ ಬಗ್ಗೆ ಯಾರೂ ಕೇಳುವುದಿಲ್ಲ.",angry
ಮನುಷ್ಯ ತನ್ನ ಸ್ವಾರ್ಥಕ್ಕಾಗಿ ಪರರ ಮನೆಯ ಬಗ್ಗೆ ಮಾತನಾಡುವ ಪ್ರಾಣಿ.,angry
ಈ ಸಾಮಾನ್ಯ ಜ್ಞಾನವನ್ನು ತೆಗೆದುಕೊಳ್ಳಿ,angry
"ಅದನ್ನು ಶೀಘ್ರದಲ್ಲೇ ತೆಗೆದುಹಾಕಬೇಕು, ಅದು ತುಂಬಾ ಕೊಳಕು.",angry
"ಹ ಹ ಹ ಎಂಎನ್ಎಸ್, ನಿಮ್ಮ ಅವಮಾನದ ಬೆಲೆ ನೋಡಿ.",angry
ಗುರಾಣಿ ಖಡ್ಗಧಾರಿಗಳು ಮುಂಭಾಗದಿಂದ ಹೋರಾಡುತ್ತಾರೆ. ಸೂರತ್ ಮೂಲಕ ಗುವಾಹಟಿ ರಾತ್ರಿ ಕತ್ತಲಲ್ಲಿ ಓಡಬೇಡಿ..!,angry
"ನಾವು ಶಿಂದಾ ಅವರ ದುರಾಸೆಯ ಆದರೆ ಅಧಿಕಾರದ ದಾಹದ ಕಣ್ಣುಗಳನ್ನು ನೋಡಿದರೆ, ಚಿತ್ರ ಸ್ಪಷ್ಟವಾಗುತ್ತದೆ.",angry
ರಾಕೇಶ್ ರಾಮ್ ಬದಲಿಗೆ ಅವಿನಾಶ್ ನಾಡರಾಜನ್ ಅಥವಾ ಬಾಳಾಸಾಹೇಬ್ ಜಾಧವ್ ಪಾತ್ರವನ್ನು ಏಕೆ ನಿರ್ವಹಿಸಿಲ್ಲ ??,angry
ತಾನಾಜಿ ಸಾವಂತ್ ಮರಾಠಾ? ಬಿಜೆಪಿ ಯಾಕೆ ಇದನ್ನು ಬಯಸುತ್ತಿದೆ?,angry
ಬಿಜೆಪಿಯವರೇ ನಮ್ಮ ಪರವಾಗಿ ಈ ಪತ್ರ ಕಳುಹಿಸಿದ್ದರು... ಇದು ಇಡೀ ಮಹಾರಾಷ್ಟ್ರಕ್ಕೆ ಗೊತ್ತು.,angry
ಆ ಸಮಯದಲ್ಲಿ ವಿಶ್ವಗೂರ್ ಮತ್ತು ಫೇಕು ಬಾಬಾರವರ ನೇತೃತ್ವದಲ್ಲಿ ಎಲ್ಲರೂ ಮನೆಯಲ್ಲೇ ಇರುವಂತೆ ಕೇಳಿಕೊಂಡರು.,angry
ನನಗೆ ತುಂಬಾ ತುರಿಕೆ ಆಗುತ್ತಿತ್ತು.,angry
ಮೋದಿಯವರ ದಿನಗಳು... ಈ ದಿನಗಳನ್ನು ಜನರ ಮುಂದೆ ತರಲಾಗಿದೆ.,angry
ನೀವು ಕುಖ್ಯಾತರು... ನೀವು ದೇಶದ್ರೋಹಿಗಳೆಂದು ಇತಿಹಾಸದಲ್ಲಿ ದಾಖಲಾಗುತ್ತೀರಿ.,angry
ರಾಜ್ಯದ ಲಕ್ಷಗಟ್ಟಲೆ ಯುವಕರ ಉದ್ಯೋಗ ಕೊನೆಗಾಣಿಸಿ ಬಡ ದುಡಿಯುವ ಜನರ ಬಾಯಿಯಿಂದ ಕಿತ್ತುಕೊಳ್ಳುವುದೇ...???,angry
"ಭಕ್ತರೇ, ಫಕೀರನು ಒಂದೇ, ಆದರೆ ಬದಲಾಗುತ್ತಿಲ್ಲ.",angry
ರಾವ್ ಧರಿಯ ಬಗ್ಗೆ ಯೋಚಿಸಿ ಮುಗುಳ್ನಕ್ಕರು.,angry
"ಬರಬೇಡ ಅಪ್ಪಾ, ಇಲ್ಲದಿದ್ದರೆ ಬೇರೆ ಪತ್ರಕರ್ತರು ದೊಡ್ಡವರಾಗುತ್ತಾರೆ.",angry
ಆಗಸ್ಟ್‌ನಲ್ಲಿ ಕೊಂಕಣ ಮತ್ತು ಮಧ್ಯ ಮಹಾರಾಷ್ಟ್ರದಲ್ಲಿ ಭಾರೀ ಮಳೆಯಾಗುವ ಎಚ್ಚರಿಕೆ.,neutral
ಮುಖ್ಯಮಂತ್ರಿಗಳು ತಮ್ಮ ಮೊಮ್ಮಗನೊಂದಿಗೆ ಧೂಳೆಬ್ಬಿಸಿದರು.,happy
ಆ ಜ್ಯೋತಿಯೂ ದೇಶದ್ರೋಹಿಗಳ ಮೇಲೆ ದಾಳಿ ಮಾಡುವುದು.,angry
ಯಾವುದೇ ಮಾರ್ಗವಿಲ್ಲ,neutral
ಪ್ರಾಮಾಣಿಕರ ಜೊತೆ ದೇವರು ಇದ್ದಾನೆ............ಆದ್ದರಿಂದ ನಿಮ್ಮ ಮಾತು ಎಷ್ಟು ಸತ್ಯ ಎಂಬುದು ಜನರಿಗೆ ಗೊತ್ತಿದೆ.,happy
ಈ ಟ್ವೀಟ್ ಅಡಿಯಲ್ಲಿ ಬಿಜೆಪಿಯವರು ಏಕೆ ಅಳುತ್ತಿದ್ದಾರೆ?,angry
"ಮಹಾರಾಷ್ಟ್ರದ ಆಟಗಾರರು ದುಃಖದ ಪರ್ವತವನ್ನು ಎದುರಿಸಿದರು, ಕೋಚ್‌ಗಳು ಪಂದ್ಯದ ಮೊದಲು ನಿಧನರಾದರು, ಆದರೆ ಅವರು ಇನ್ನೂ ಹೋರಾಟ ಮತ್ತು...",sad
ನಿಮ್ಮ ಪಾಚಿ ತೆಗೆಯದೆ ಶಿವಸೈನಿಕರು ಉಳಿಯುವುದಿಲ್ಲ...,angry
ಮದುವೆಯಾಗದೆ ಮಾಂಡ್ವಾದಿಂದ ಜನರನ್ನು ಕರೆದೊಯ್ದ ವರ,happy
ಹಾಗಾದರೆ ಮುಂಬೈ ಗುಜರಾತ್ ಗುವಾಹಟಿಗೆ ತೆರಳಿದೆಯೇ?,neutral
ನಿಮ್ಮ ತಾಯಿಯನ್ನು ಅಡಮಾನವಿಟ್ಟಿದ್ದಾರೆ... ಕೆಳಗೆ ಆರ್.ಎಸ್.ಎಸ್,angry
"ಎಷ್ಟೇ ಯೋಗ್ಯತೆ ಇದ್ದರೂ, ಎಷ್ಟು ಮಾತಾಡಿದರೂ ಈ ಬಾರಿ ಕೌನ್ಸಿಲರ್ ಆಗಲೂ ಆಗುವುದಿಲ್ಲ.",angry
*ನೋ ರಾಹಿಲಾ ಮ್ಯಾನ್* (ಶ್ರೀ ಬಾಳಾ ಸಾಹೇಬ್ ಠಾಕ್ರೆ) *ಇಲ್ಲ ರಾಹಿಲಾ ಧನುಷ್ಯ*,sad
ನೀವು ಮೊದಲು ಒಕ್ಕೂಟದ ವಿರೋಧಿಯಾಗಿದ್ದ ನೀಲೇಶ್ ರಾಣೆ ಬೆಂಬಲಿಗರು.,angry
ಆದರೆ ಯಾವ ಹಣದ ಮೇಲೆ ಒಂದು ಪೈಸೆಯೂ ಸಿಗುವುದಿಲ್ಲ,angry
"ಎಲ್ಲವೂ ವಂಚನೆಯಾಗಿದ್ದರೆ ಮುಖ್ಯಮಂತ್ರಿ ಎಲ್ಲಿದ್ದಾರೆ, ತಲೆ ಕೆಡಿಸಿಕೊಳ್ಳುವ ಅಗತ್ಯವೇನಿದೆ.",angry
"ನೀವು ತುಂಬಾ ಬುದ್ದಿವಂತರಾಗಬೇಕಾಗಿಲ್ಲ, ಬಿದಿರು ಬೀಳುತ್ತದೆ, ಆಗ ನಿಮಗೆ ಅರ್ಥವಾಗುತ್ತದೆ",angry
"ಈ ಕಡಿಮೆ ಒತ್ತಡದ ಪಟ್ಟಿಯ ವ್ಯಾಪ್ತಿಯು ತುಂಬಾ ದೊಡ್ಡದಾಗಿದೆ, ಪ್ಯಾರಿಸ್‌ನಲ್ಲಿಯೂ ಸಹ ಮಳೆಯಾಗುತ್ತದೆ.!!",happy
ಈ ಮೋಜು ದುಬಾರಿಯಾಯಿತು..,angry
"ಸ್ವಾರ್ಥಕ್ಕಾಗಿ ಜೈ ಭೀಮ್, ಇಂದು ಸಮಾಜದಲ್ಲಿ ಕಾರ್ಮಿಕ ವರ್ಗದ ಕಲಾವಿದ ವರ್ಗ ಜೈ ಭೀಮ್ ಜಾತಿ ಎಂದು ಮಾತನಾಡಲು ನಾಚಿಕೆ ಪಡುವಂತಾಗಿದೆ.",angry
ಕೆಟ್ಟ ರಸ್ತೆಗಳಿಂದಾಗಿ ಗಂಭೀರ ಅಪಘಾತಗಳಿಗೆ ಜವಾಬ್ದಾರರು; ಸಚಿವ ನಿತಿನ್ ಗಡ್ಕರಿ ಬಗ್ಗೆ ಮಾಹಿತಿ,neutral
ನಿನ್ನೆಯವರೆಗೆ ನೀವು ಅವನನ್ನು ದೇವರೆಂದು ಪರಿಗಣಿಸಿದ್ದೀರಿ. ಇದು ನಿಮ್ಮ ಭಿಕ್ಷುಕ ವರ್ತನೆ,angry
ಈ ಛಾಯಾಳ ತಂದೆ ದೇವಸ್ಥಾನದ ಮುಂದೆ ಹೂವಿನ ಹಾರಗಳನ್ನು ಮಾರುತ್ತಿದ್ದರು. ಇದನ್ನು ಮರೆತಿದ್ದಾರೆ,angry
ಸಾಧ್ಯತೆ ಕಾಣುತ್ತಿಲ್ಲ.,neutral
...ಮತ್ತು ಶ್ವೇತಾಳ ಮಾತು ಅವನ ಕೋಪವನ್ನು ಕೆರಳಿಸಿತು.,angry
ಬುಜಗಾಂವ್ ಮುಗಿದಿದೆ,angry
ನೀವು ತಲೆ ಅಥವಾ ಅಡಮಾನವನ್ನು ಹೊಂದಿದ್ದೀರಾ?,angry
ಶಿಂಧೆ ಸರ್ಕಾರದ ಮೇಲೆ ನಂಬಿಕೆ ಇಲ್ಲದಿದ್ದರೆ,neutral
ಯಾರನ್ನಾದರೂ ಕೈ ಹಿಡಿದರೆ ಕಿವಿಗೆ ಹಾಕಿಕೊಳ್ಳಬಾರದು ಎಂಬ ಮಾತಿದೆ.,angry
"ಕೈತೊಳೆಯಲು ಹೇಳಿದರು, ಅಂಧ ಭಕ್ತರು ಏನು ಮಾಡುತ್ತಿದ್ದಾರೆ...",angry
ಇತ್ತೀಚಿನ ದಿನಗಳಲ್ಲಿ ಜನರು ಎಷ್ಟು ಕುಸಿದಿದ್ದಾರೆ ಎಂಬುದರ ಕುರಿತು ಮಾತನಾಡಿ,angry
"ಮುಂಬೈನಲ್ಲಿ ಹುಜರೆಗಿರಿ ಸೇನೆ ವರ್ಷಾನುಗಟ್ಟಲೆ ಅಧಿಕಾರದಲ್ಲಿದೆ, ಈ ಅಯೋಧ್ಯೆ ನಿದ್ದೆ ಮಾಡುತ್ತಿದ್ದಾನಾ?",angry
ಅವರು ನಿಧಾನ ಎಂದು ಸೂಚಿಸಿದರು.,angry
ಮಹಾರಾಷ್ಟ್ರದಲ್ಲಿ ಶಿಕ್ಷಣದ ಮಹತ್ವವನ್ನು ಅರ್ಥಮಾಡಿಕೊಳ್ಳದ ಜನರು ಇರುವುದು ವಿಷಾದನೀಯ.,sad
ಮಹಾರಾಷ್ಟ್ರದಲ್ಲಿ ಸಾಕಷ್ಟು ಅಕ್ರಮ ವಲಸಿಗರು ಇರುವುದು ನಿಜ. ಈ ಬಗ್ಗೆ ಸರಕಾರ ಕಠಿಣ ಕ್ರಮ ಕೈಗೊಳ್ಳಬೇಕು,neutral
ಒಳ್ಳೆ ಕೆಲಸ ಮಾಡಿದ್ರೂ ಎಂಎನ್ ಎಸ್ ಟೀಕೆ ಮಾಡ್ತಾರೆ.. ಸ್ಲೋ ಕೇಕ್ ಲವರ್ಸ್,angry
?? ಮಹಾರಾಷ್ಟ್ರಕ್ಕೆ ಅದರ ಕೊಡುಗೆ ಏನು?????,neutral
"""ಥಾಪಾ"" ಎಂಬ ಉಪನಾಮ ಹೊಂದಿರುವ ಜನರು ""ವಿಶ್ವಾಸಾರ್ಹ"" ಆಗಬೇಕೇ?",angry
ಮಧ್ಯದಿಂದ ಓಡಿ ಬಂದ ಸಾರ್ ಮೇಲೆ ಇಂತಹ ಟೀಕೆ ಸರಿಯಲ್ಲ.,angry
ಇದು ಮರಾಠಿ ಭಾಷೆಯಲ್ಲಿ ದ್ವೇಷದ ಪಕ್ಷವಾಗಿದೆ,angry
ಈ ಆಶಾವಾದಿ ನಡವಳಿಕೆಯನ್ನು ಕೊಳಕು ರಾಜಕೀಯ ಎಂದು ಕರೆಯಲಾಗುತ್ತದೆ ... ಮತ್ತು ಇದು ರಾಜಕೀಯವನ್ನು ಮಾಡಬಹುದು.,angry
ಅಷ್ಟಕ್ಕೂ ಬಾಳಾ ಸಾಹೇಬರು ಉದ್ಧವ್ ಅವರನ್ನು ನೋಡಿಕೊಳ್ಳಿ ಎಂದು ಹೇಳಿದ್ದರು ಮತ್ತು ನೀವು ಯಾವ ಬಾಯಿಯಿಂದ ದೇಶದ್ರೋಹ ಮಾಡುತ್ತೀರಿ?,angry
ಇದು ಕೇವಲ ಖ್ಯಾತಿ ಗಳಿಸುವ ಹುಚ್ಚು ಸಮಾಜ...,angry
ಅವರು ಖಂಡಿತವಾಗಿಯೂ ನಾಗ್ಪುರದಿಂದ ಆಯ್ಕೆಯಾಗುತ್ತಾರೆ. ಕಳೆದ ಕೆಲವು ದಿನಗಳಿಂದ ಇದು ಕೇವಲ ಬೀಸುತ್ತಿದೆ.,angry
"ಈಗ ಬೈಕಲ್ ತರಕಾರಿ ಮಾರುಕಟ್ಟೆಯ ಲುಹ್ಖಾ ತಪ್ಪೋರಿ, ಹಫ್ತಾಖೋರ್ ನಮಗೆ ಕಲಿಸುತ್ತಾರೆ",angry
"ನಾಳೆ ಏನೂ ಆಗುವುದಿಲ್ಲ, ಎಬ್ಬಿಸಿ ಹಿಂತಿರುಗುತ್ತದೆ",neutral
ಲಟ್ಕೆಯವರು ಹೈಕೋರ್ಟ್‌ಗೆ ಹೋದಾಗ ನಿಮಗೆ ಮಹಾರಾಷ್ಟ್ರದ ರಾಜಕೀಯ ಸಂಸ್ಕೃತಿ ತಿಳಿದಿಲ್ಲವೇ?,neutral
ಪ್ರವಾಸವನ್ನು ರದ್ದುಗೊಳಿಸಲಾಗಿದೆ ಮತ್ತು ಇಂದು ಅದನ್ನು ತೆಗೆದುಕೊಳ್ಳಲು ಸಾಧ್ಯವಿಲ್ಲ,neutral
"ಇದರಿಂದಾಗಿ, ಕೊಂಡ್ವಾದಲ್ಲಿ ಮಜ್ಲಿತ್ ಜನರು. ಮತ್ತು ರಾಜು ಪೇಂಟರ್ ಅವರ ಪುರಸಭೆಯ ಸೇವಕ ಜೋಡಿ",angry
ಪತ್ರಾ ಚಾಳಿಯ ಬಡ ಮರಾಠಿಗರಿಗೆ ನಿರಾಶ್ರಿತರಾಗಿ ನಾಚಿಕೆಯಾಗದಿದ್ದಾದರೂ ಹೇಗೆ!!,angry
ಶಿವರಾಯರ ನಾಡಿನಲ್ಲಿ ಸ್ವತಂತ್ರ ಪಕ್ಷಗಳಿಗೆ ದ್ರೋಹ ಬಗೆಯಲು ಸಾಧ್ಯವೇ?,angry
ವೇದ್ಯ ಮಹಾರಾಷ್ಟ್ರದಲ್ಲಿ ಕಮ್ಯುನಿಸಂನ ನೆಲೆ ಎಷ್ಟು?,neutral
ಮತ್ತು ಬಿಜೆಪಿಗೆ ಮತ ನೀಡಿ ದೇಶವನ್ನು ಮಾರಿದವರಿಗೆ ಮತ!,angry
ತುಷಾರ್ ಭೋಂಸ್ಲೆ ಒಬ್ಬ ವ್ಯರ್ಥ ವ್ಯಕ್ತಿ,angry
"ಅಲ್ಲಿಯವರೆಗೆ ಅವರು ಹೇಳುತ್ತಿದ್ದರು, ಆದರೆ ನೀವು ಏಕೆ ದೇಶದ್ರೋಹಿಗಳೊಂದಿಗೆ ಇದ್ದೀರಿ?",angry
ಓ ದೇವರೇ.. ತುಂಬಾ ಉರಿಯುತ್ತಿದೆ..,angry
ನೀವು ಸುಟ್ಟುಹೋಗಿದ್ದೀರಾ? ತಂದೆಯೂ ದೆಹಲಿಯಲ್ಲಿ ಸುಟ್ಟು ಹೋಗಿರಬಹುದು.,angry
ವಿವಾದಾತ್ಮಕ ಲೇಕಾ ವಿಚಾರದಿಂದ ತಿರ್ಕಿತ್ ತಥಿಯಾ ಮೌನವಾಗಿರಬಹುದು. ನೈತಾರ್ ಡ್ಯಾನ್ಸ್ ಮಾಡಿದ ತಕ್ಷಣ.,angry
ಈ ಕೋಶವು ದೇಹದ ನಾಡಿಯಾಗಿದೆ.,angry
ಇದು ನಿಮ್ಮಂತೆಯೇ ಅತ್ಯಂತ ಮೂರ್ಖ ಮತ್ತು ಬಾಲಿಶ ವಾದವಾಗಿದೆ,angry
ನಿಮ್ಮ ಬುದ್ಧಿಮತ್ತೆ ಎಷ್ಟು ಕಡಿಮೆಯಾಗಿದೆ ಎಂದರೆ ಅದನ್ನು ಪ್ರಶ್ನಿಸಲಾಗುವುದಿಲ್ಲ,angry
ಹೀಗೇ ಆಗುತ್ತದೆ ಆದರೆ ಗೆಲುವು ಶಿವಸೇನೆಗೆ ಅಲ್ಲ.,neutral
"ರಾಣೆ, ಪಡಲ್ಕರ್, ರಾಣಾ, ವಾಘ್ ಅವರಿಗೆ ಕೇವಲ ಬೆದರಿಕೆ ಮತ್ತು ಕಡಿಮೆ ಗುಣಮಟ್ಟದ ಟ್ರೋಲಿಂಗ್ ನೀಡಲಾಗಿದೆ.",angry
ಭಾರತ ಮಾತ್ರವಲ್ಲದೆ ಹಲವು ದೇಶಗಳು ದೇಶದ್ರೋಹಿಗಳೆಂದು ದಾಖಲಾಗಿವೆ.,angry
"ಮೂರು ಪೃಷ್ಠದ ಪುರುಷರ ಚಿತ್ರಗಳನ್ನು ತೆಗೆದುಕೊಳ್ಳೋಣ, ಮಗು",angry
ಲಟ್ಕೆ ಅವರು ನಾಮನಿರ್ದೇಶನದ ಜತೆಗೆ ರಾಜೀನಾಮೆ ನೀಡುವ ಭೀತಿ ಎದುರಿಸುತ್ತಿದ್ದಾರೆ.,angry
"ದೇಶದ್ರೋಹಿ... ಇದು ಅಪಖ್ಯಾತಿ.. ಜಗತ್ತಿನಲ್ಲಿ ದೇಶದ್ರೋಹಿ ಎಂದು ಕರೆಯುವುದು, ಕುಖ್ಯಾತ..",angry
ಉದ್ಧವ್ ಸಾಹೇಬ್ ಠಾಕ್ರೆ ಬಗ್ಗೆ ಮಾತನಾಡಲು ನೀವು ಯೋಗ್ಯರಲ್ಲ...,angry
ನೀವು ಹಾಗೆ ಮಾತನಾಡಲು ಅರ್ಹರಲ್ಲ,angry
ನೀವೂ ಸಿಕ್ಕಿಬೀಳುತ್ತೀರಿ. ಸ್ವಾಭಿಮಾನ ಮಾರಿಕೊಳ್ಳುವವರಿಂದ ಕಲಿಯುವುದು ಬೇಡ,angry
"ಇದು ವಿಶ್ವದ ಭಯಾನಕ ಹೆದ್ದಾರಿ, ಚಲಿಸುವ ಕಾರುಗಳು ಕಣ್ಮರೆಯಾಗುತ್ತವೆ! ರಹಸ್ಯವನ್ನು ತಿಳಿಯಿರಿ",fear
ಗಂಡ ತೆಗೆದುಕೊಂಡ ಲಂಚದ ಹಣ ಕೊಡು.. ಜನರಿಂದ ಭಿಕ್ಷೆ ಬೇಡುತ್ತಾ ಕುಳಿತಿದ್ದೀಯಾ?,angry
ಅಂಧ ಭಕ್ತರು ಬಂಡಾಯ ಸಭೆಗಳ ದಿನಾಂಕದಂದು ಜನಸಂದಣಿಯನ್ನು ಒಟ್ಟುಗೂಡಿಸುವ ಮತ್ತು ಕೂಲಿ ಕಾರ್ಮಿಕರಿಗೆ ಹಣವನ್ನು ಪಾವತಿಸುವ ಕೆಲಸವನ್ನು ಪಡೆದರು.,angry
ನಮ್ಮಲ್ಲಿ ಲಸ್ಸಿ ಪ್ರಿಯರಿಗೆ ಕೊರತೆಯಿಲ್ಲ,angry
ಅಧಿಕಾರದಲ್ಲಿದ್ದಾಗ ದೊಡ್ಡ ಮಟ್ಟದ ನೇಮಕಾತಿ ಸಾಧ್ಯವಿಲ್ಲ... ಚುನಾವಣೆಗೂ ಮುನ್ನವೇ ಎಲ್ಲ ಸ್ಥಾನಗಳನ್ನು ಭರ್ತಿ ಮಾಡಲಾಗುವುದು.,neutral
ಅವನ ಮುಖ ನೋಡಿ ರೌತಿಯಾ ಜೈಲಿನಿಂದ ಬಿಡುಗಡೆಯಾಗಲಿಲ್ಲ ಎಂದರೆ ಯಾರಿಗೆ ಲಾಭ?,neutral
ಇದು ನಕಾರಾತ್ಮಕವಾಗಿದೆ,neutral
ಮರಾಠಿಯನ್ನು ಮರಾಠಿ ಮಾಡುವ ಮೂಲಕ ಮರಾಠಿ ಜನರನ್ನು ಹಳ್ಳಕ್ಕೆ ಎಸೆಯಲಾಯಿತು.,sad
"ನಿರುದ್ಯೋಗ, ಹಣದುಬ್ಬರ, ಭ್ರಷ್ಟಾಚಾರವನ್ನು ಸಂಭ್ರಮಿಸಿ...",angry
"ಅವುಗಳಲ್ಲಿ ಒಂದು, ಇತ್ತೀಚಿನ ದಿನಗಳಲ್ಲಿ ಜನರು ಪ್ರಸಿದ್ಧರಾಗಲು ತಮ್ಮ ಜೀವನವನ್ನು ತ್ಯಾಗ ಮಾಡುತ್ತಾರೆ.",angry
ನಿನ್ನನ್ನು ಬೇಡಿಕೊಳ್ಳುವ ಸಮಯ ಬಂದಿದೆಯೇ?,angry
ಮುಂದಿನ ಚುನಾವಣೆಯಲ್ಲಿ ಸೋಲು ಪರಿಣಾಮ ಬೀರದಂತೆ ಸೇಫ್ ಗೇಮ್ ಆಡುವ ಭಯ...,fear
ಎಚ್ಚರಿಕೆಯಿಂದ ನೋಡಿ ಸಂಘಿ ಯಾರು?,angry
"ಬಾಯಿ ಮುಚ್ಚು ಅಪ್ಪಾ, ನಿನಗೆ ಸುಳ್ಳು ಹೇಳೋದು ಗೊತ್ತು",angry
"ಅಶಕ್ತ ಎಂದರೇನು, ಭೋಸ್ಲೆ?",angry
ರಾಘೋಬಾ ಹೇಯನಾಗಿದ್ದನು... ಆದರೆ ಇತಿಹಾಸವನ್ನು ಏಕೆ ಮುರಿಯಬೇಕು?,angry
ಹಾಗಾದರೆ ಪರೀಕ್ಷೆ ಬರೆಯುವವರು ಮೂರ್ಖರೇ?,angry
ನೀ... ಏನ್ ಹೋಗುತ್ತೆ ನೋಡು ಇಲ್ಲದಿದ್ದರೆ ಬೊಂಬಾಟ್ ಮಾಡ್ತೀನಿ.,angry
ಆದರೆ ಅಂತಹವರನ್ನು ಎದುರಿಸಬಲ್ಲ ಏಕೈಕ ವ್ಯಕ್ತಿ ಫಡ್ನವಿಸ್,angry
"ಮುಂಬೈನಲ್ಲಿ ಎಷ್ಟು ಮಳೆಯಾಗಬೇಕು ಎಂದು ಮುನ್ಸಿಪಲ್ ಕಾರ್ಪೊರೇಷನ್ ನಿರ್ಧರಿಸುತ್ತದೆ, ಅದು ಕೂಡ ಬಿಜೆಪಿ ಅಧಿಕಾರದಲ್ಲಿಲ್ಲ.",angry
"ಎನ್‌ಸಿಪಿ ಭ್ರಷ್ಟ ಮತ್ತು ಭ್ರಷ್ಟ ಪಕ್ಷವಾಗಿತ್ತು, ಅದು ಇನ್ನೂ ಭ್ರಷ್ಟ ಮತ್ತು ಭ್ರಷ್ಟ ಪಕ್ಷವಾಗಿದೆ.",angry
ಸಚಿವ ಸಂಪುಟ ವಿಸ್ತರಣೆ ಮಾಡದ ಬಗ್ಗೆ ವಿಷಾದವಿದೆಯೇ?,neutral
"ಎರಡನೇ ದೀಪಾವಳಿ ಬಂದಿದೆ, ಈಗ ಇಷ್ಟು ಹಣಕ್ಕಾಗಿ ಕೆಲಸ ಮಾಡಿ (ಉಲ್ಲೇಖಕ್ಕಾಗಿ)",neutral
ಅಷ್ಟಿಯಲ್ಲಿ ರೈತರ ಕಟ್ಟೆ ಮೇಲೆ; ಭಾರಿ ಮಳೆಯಿಂದ ಹಾನಿಯ ಪರಿಶೀಲನೆ!,neutral
"ಓಹ್ ಗೈಡ್‌ಗೆ ಹೇಳಲಾಯಿತು, ಇಡೀ ಪಕ್ಷವನ್ನು ಬೇಸ್‌ನ ಬಳಿ ಇರಿಸಬೇಡಿ.",neutral
"ಸಂಘೋಟಿ ಏಕೆ ಜಿಗಿಯುತ್ತದೆ, ಈಗಾಗಲೇ ರಾಹುಲ್ ಗಾಂಧಿಯವರ ಭಾರತ್ ಜೋಡೋ ಯಾತ್ರೆಯು ಸಂಘೋಟಿಯ ನಡುವೆ ಒಡಕು ಮೂಡಿಸಿದೆ...",angry
"ಸಿಸ್ಟರ್ ಭಿಕ್ಯಾ, ನೀನು ಲುಲಿಯ ಇಂಜಿನಿಯರ್?",angry
ಬೇರೆಯವರಿಗೆ ಯಾಕೆ ನಾಮಿನೇಷನ್ ಕೊಡಲಿಲ್ಲ..? ಪತಿಗಿಂತ ಪಕ್ಷ ಏಕೆ ಮುಖ್ಯ...?,angry
ಭ್ರಷ್ಟ ಪತಿ ಸವಿಚಿತ್ರ ತಾಯಿಯನ್ನು ED CBE ಯಿಂದ ರಕ್ಷಿಸಿದ ನೀನೇ ಪುಣ್ಯವಂತ.. ಸಮಯಕ್ಕೆ ಸರಿಯಾಗಿ ಸಂಬಳ ಸಿಗುತ್ತಾ..??,angry
ಈ ಮತದಾನವೇ ಅಸಾಂವಿಧಾನಿಕವಾಗಿತ್ತು... ಲೇಖನದ ಪ್ರಕಾರ ಈ ಮತದಾನ ಕಾನೂನುಬಾಹಿರ...,neutral
ಅದಕ್ಕಾಗಿಯೇ ಸಭೆಗಳಲ್ಲಿ ಜನಸಂದಣಿ ಇದೆ ಆದರೆ ಮತಗಳಿಲ್ಲ.,neutral
"ವ್ಯಾಪಾರಿಗಳು, ಉದ್ಯಮಿಗಳು ಮತ್ತು ವೃತ್ತಿಪರರು, ಹುಷಾರಾಗಿರು! ಇದು ಜಿಎಸ್‌ಟಿ ಇಲಾಖೆ ನೀಡಿರುವ ಗಂಭೀರ ಎಚ್ಚರಿಕೆ",fear
'ಸ್ವಾಯತ್ತ' ಎಂಬ ಪದವೇ ಈಗ ಹಾಸ್ಯಾಸ್ಪದವಾಗಿ ಕಾಣಲಾರಂಭಿಸಿದೆ.,sad
ನೀನು ಭಕ್ತನೇ? ಈಗ ನಾನು ಟ್ವೀಟ್ ಮಾಡುವ ಮೂಲಕ ತಪ್ಪು ಮಾಡಿದೆ,angry
": ಜೈ ಶಾ ಹೇಳಿಕೆಯಿಂದ ಕೆರಳಿದ ಪಾಕಿಸ್ತಾನ, ಭಾರತಕ್ಕೆ ಬೆದರಿಕೆ...",angry
ಇಲ್ಲೇ ಇದ್ದೀರಿ ಎಂದು ಮತ್ತೆ ಮತ್ತೆ ಸಾಬೀತು ಪಡಿಸುವುದೇಕೆ?,angry
ಕೊನೆಗೆ ಎಲ್ಲರೂ ಭ್ರಷ್ಟರೇ ಎಂದು ತೀರ್ಮಾನವಾಯಿತು,angry
ನಾನು ಈಗ ಮೂವರು ಹೆಂಡತಿಯರೊಂದಿಗೆ ಇದ್ದೇನೆ ಎಂದು ನನಗೆ ಧ್ವನಿ ಬೇಕು,angry
ರಾವ್ ಚಾನೆಲ್‌ಗಾಗಿ ಟೈರ್‌ಗಳನ್ನು ಕೊಂದರು...ಅದು ಚಾನೆಲ್‌ಗೆ ಸಹ ಯೋಗ್ಯವಾಗಿಲ್ಲ,angry
ಆಕ್ರಮಣಕಾರಿ ಮುಖದ ಅಧ್ಯಕ್ಷರನ್ನು ಕಾಂಗ್ರೆಸ್ ಬಯಸಿತ್ತು.,neutral
"ಅರೇ ಅಣ್ಣ, ಮೊದಲ ಅಭ್ಯರ್ಥಿಯನ್ನು ಕಣಕ್ಕಿಳಿಸಬೇಕಲ್ಲ, ಯಾಕೆ ನಾಟಕ ಮಾಡುತ್ತಿದ್ದೀರಿ.",angry
"ಅಣಜಿಪಂತ ಅವರಿಂದ ಪ್ರಶಸ್ತಿ ಪಡೆದೆ, ಈಗ ಸರ್ ಚಿಂತಿತರಾಗುತ್ತಾರೆ, ಬದಿಯಲ್ಲಿ ಕೂತು ಗ್ರಿಲ್ ಮೇಲೆ ಮಟನ್ ತಿನ್ನುವುದಿಲ್ಲ.",angry
ಅವರು ಬೇಸರಗೊಂಡಿದ್ದಾರೆ ಆದ್ದರಿಂದ ಅವರು ಹೊಸ ಹೊಸ ಐಕಾನ್‌ಗಳನ್ನು ಹುಡುಕುತ್ತಿದ್ದಾರೆ,neutral
ಅತ್ಯಾಚಾರಿಗಳನ್ನು ಬಿಡುಗಡೆ ಮಾಡಿ ಗೌರವಿಸುತ್ತೇವೆ..- - ಬಿಜೆಪಿ,angry
ಜಾತೀಯತೆ ಅಪರಾಧವಲ್ಲ ಎಂದು ಹೇಳುವವರಿಂದ ಭಾರತಕ್ಕೆ ನಿಜವಾದ ಬೆದರಿಕೆ ಬರುತ್ತದೆ.,fear
ಹೆಸರಿಗೆ ಮಾತ್ರ ಪ್ರೊಫೆಸರ್ ಆದರೆ ಬಿಹಾರಿ ವಿಶ್ವವಿದ್ಯಾಲಯ,angry
ಇದು ಬಲವಂತವೇ? ....ಹಿಂದೆ ಹೋದರೆ ಇಲ್ಲ... ತಾವೇ ಹಿಮ್ಮೆಟ್ಟಿದರು ಎಂದರು,neutral
ಮೂರೂವರೆ ಜನ ಜಿಲ್ಲೆಯಿಂದ ಹೊರಗೆ ಹೋಗಿದ್ದಾರೆಯೇ?,neutral
ಸೋಲು ಖಚಿತವಾಗಿತ್ತು,sad
ಈಗ ಉಚಿತವಾಗಿ ಆಲಿಸಿ. ನೀನು ಈಗ ನೇಸು ಬಿಡುತ್ತಿರುವೆಯಾ ಎಂದು ಸಮಾಧಾನಿಸುತ್ತೀಯಾ?,angry
ಅವರು ಕೇಳುವುದಿಲ್ಲ ಮತ್ತು ಅವರು ಬಾಳಾ ಸಾಹೇಬರ ಆಲೋಚನೆಗಳನ್ನು ನಮಗೆ ಹೇಳುತ್ತಾರೆ ...,angry
ಸಾರ್ವಜನಿಕ ಅಭಿಪ್ರಾಯ ಈಗ ಆಡಳಿತ ಪಕ್ಷದ ಹಿಂದೆ ಹೋಗುತ್ತಿದೆ,angry
ನಮ್ಮ ತಾಯಿಯ ಹೆಸರನ್ನು ರಾಜಕೀಯಕ್ಕೆ ಬಳಸುತ್ತೀರಾ?,angry
ಈ ಕಪ್ಪು ಏಡಿ ಕುಟುಕುವ ಮೂಲಕ ಜೀವನ ನಡೆಸುತ್ತದೆ,angry
ಮಾವಿಯಾ ಮುಖಂಡರು ಮತ್ತು ಕಾರ್ಯಕರ್ತರು ನುಜ್ಜುಗುಜ್ಜಾದರು,angry
"ದೇಶದ ಯುವಕರು ನಿರುದ್ಯೋಗದ ಸಂಕಷ್ಟ ಎದುರಿಸುತ್ತಿದ್ದಾರೆ, ಆದರೆ ಮೋದಿ ಸರ್ಕಾರ ಸಂಪೂರ್ಣ ಮೌನವಾಗಿದೆ.",sad
"ಶಿವಸೇನೆ ಹಿಂದೂ ಹೃದಯ ಸಾಮ್ರಾಟ್ ಬಾಳಾ ಸಾಹೇಬರಿಗೆ ಸೇರಿದ್ದು, ನೀವು ಬಾಳಾ ಸಾಹೇಬ್ ಖೋಕೆ ಮಾತ್ರ",angry
ಆರೇ ಬಲಿಶ್ ಲೆಕ್ ಗೆ ನಿಮ್ಮ ಸರ್ ಪತ್ರ ಬರೆಯುವ ಮೊದಲೇ ಚುನಾವಣೆಯಲ್ಲಿ ಮೈತ್ರಿ ಮಾಡಿಕೊಂಡಿದ್ದರು.,angry
ಕೋಲು ಮತ್ತು ಧುಂಗನ ದ್ರೋಹಿ ಮಹಿಳೆಗೆ ಏನಾಗಿದೆ....,angry
ನನಗೆ ಚೆನ್ನಾಗಿ ಗೊತ್ತಿಲ್ಲ,neutral
ಈ ವಾಲೆಟ್ ನನ್ನ ಟ್ವೀಟ್‌ಗಳ ಮೂಲಕ ಹೋಯಿತು,angry
"ನೀನು ಯಾವಾಗಲೂ ಆಕಾಶದ ಕಡೆ ನೋಡುತ್ತಿರು, ಅದಕ್ಕೇ ನಿನಗೆ ಹೀಗೆ ಅನ್ನಿಸುತ್ತಿದೆ ವಸದಾ",angry
ಈ ಮನುಷ್ಯ ಅಪ್ರಾಮಾಣಿಕ ... ಪುಡಿಪುಡಿ,angry
"ನೀವು ಕಾಳಜಿ ವಹಿಸಿದರೆ, ನಿಮ್ಮ ವಿರೋಧಿಗಳ ಜ್ಯೋತಿಯನ್ನು ನೀವು ಇನ್ನೂ ಬೆಳಗಿಸಬಹುದು",angry
ನಿಜ...ಇತಿಹಾಸ ನೋಡಿ...ಇದೇನು...ಎಂಥ ವಕ್ರ ಬಾಯಿ...ಯಾವಾಗ ತಾನೇ ಅಧಿಕಾರ ಸಿಕ್ಕಿದ್ದು?...,angry
ಇದು ಮೂರ್ಖರ ಸರ್ಕಾರ..ಅವರನ್ನು ಮತ್ತೆ ಎಮ್ಮೆಗಳಿಗೆ ಕಳುಹಿಸಲು ಅರ್ಹರು.,angry
ನಿನ್ನ ಸೋಲು ರಾಹುಲ್ಯಾ ನಿನ್ನ ಉದ್ಧವ್ ಬಾಣದಿಂದ ಜ್ಯೋತಿಗೆ ಹೋಗಬೇಕಾಗಿತ್ತು.,angry
ನಿರುದ್ಯೋಗದ ಭಯ ಎಷ್ಟು ಎಂದು ನಮ್ಮನ್ನು ಕೇಳಬೇಡಿ. ನಾನು ಕಾಯಿಲೆ ಬಿದ್ದಾಗಲೂ ಪುಸ್ತಕಗಳನ್ನು ತೆರೆದು ಓದುತ್ತಿದ್ದೆ.,fear
ಅದಕ್ಕೂ ಮಿಗಿಲಾಗಿ ಸಾವಿತ್ರಿಯ ಮುಖ ಮಾಡಿ ಮಾತನಾಡುತ್ತಿದ್ದಾರೆ.,angry
ಬಾಳಾಸಾಹೇಬರ ಶಿವಸೇನೆಯನ್ನು ಸೋಲಿಸಲು ನಾವು ಬಯಸುತ್ತೇವೆ ಎಂಬುದನ್ನು ಎಲ್ಲರೂ ನೆನಪಿಟ್ಟುಕೊಳ್ಳಬೇಕು.,angry
ಇದು ವಿಕೃತಿ ಮತ್ತು ಅಜ್ಞಾನಿ ಭಕ್ತರಿಗೆ ಇಷ್ಟವಾದದ್ದು,angry
ರಕ್ತ-ಮಾಂಸಗಳನ್ನು ತ್ಯಾಗ ಮಾಡುವುದು ಕಲ್ಪನೆಗೂ ಮೀರಿದ ಕ್ರೌರ್ಯ,sad
ಉತ್ತರ ಪ್ರದೇಶ ನಾಚಿಕೆಗೇಡು,sad
ಹಾಗಾದರೆ ನೀವು ಆಟವಾಡಲು ಏನು ತೆಗೆದುಕೊಂಡಿದ್ದೀರಿ?,angry
"ಥಾಪಾ ಹೋಗಿದ್ದಾನೆ ಎಂದು ಹೇಳುವ ಬದಲು, ಪಾಪಾ ಅಲಾ ಎಂದು ಹೇಳಿ.",angry
"ನನ್ನ ಪ್ರಕಾರ, ಸ್ವಯಂ ಪ್ರಾಮುಖ್ಯತೆಯನ್ನು ಹೆಚ್ಚಿಸಲು ಎಂತಹ ಹತಾಶ ಪ್ರಯತ್ನ ...",angry
"ಅಲ್ಲದೆ, ನಿಮ್ಮ ಮಹಿಳಾ ಮೋರ್ಚಾ ಉದ್ದೇಶಪೂರ್ವಕವಾಗಿ ಅಲ್ಲಿ ಸಮಾಜ ಕಲ್ಯಾಣ ಕಾರ್ಯಕ್ರಮಗಳನ್ನು ಮಾಡುತ್ತಿತ್ತು",angry
"ಬೆಂಡೆಕಾಯಿ, ಈ ಜನರು ಜಗತ್ತನ್ನು ಪ್ರಯಾಣಿಸುತ್ತಾರೆ ಮತ್ತು ಹೊರಡುತ್ತಾರೆ ಎಂದು ನಾನು ಭಾವಿಸುತ್ತೇನೆ ...",angry
ದೇಶದ್ರೋಹಿ ಸೇನೆ ಈಗ ಬಿಜೆಪಿಯ ಗುರಾಣಿಯಾಗಿ ಬೆನ್ನಿಗೆ ಚೂರಿ ಹಾಕಲಿದೆ.,angry
ಇವು ಅಂಗುಳ ಚಕ್ಕೆಗಳು!! ಏನೂ ಆಗುವುದಿಲ್ಲ.,angry
ಈಗ ನೀವೂ ನಿಲ್ಲುತ್ತೀರಿ,angry
"ಅಕ್ಕಲ್ ಘನ್ ಬಾಯಿ, ನೀವು ಮನಮೋಹನ್ ಸಿಂಗ್ ಬಗ್ಗೆ ಮಾತನಾಡುತ್ತಿದ್ದಿರಿ ಆದರೆ ಅದು ಯೋಗ್ಯವಾಗಿಲ್ಲ.",angry
ಮೋದಿ ಮತ್ತು ಶಾ ಮುಂದೆ ನಮ್ಮ ಸ್ಥಿತಿ ಏನು?,angry
"ಸಾರ್, ಇದನ್ನೇಕೆ ತೋರಿಸಿ ಜನರನ್ನು ಮೂರ್ಖರನ್ನಾಗಿ ಮಾಡುತ್ತೀರಿ, ಕೊನೆಗೆ ಇದು ಕೀಳು ಪ್ರವೃತ್ತಿ ಎಂದು ಹೇಳಿದ್ದೀರಿ.",angry
ಇದು ಬಂಡುಕೋರರನ್ನು ಕೊಲ್ಲುವ ಸುತ್ತ ಸುತ್ತುತ್ತದೆಯೇ?,angry
ಹಬ್ಬ ಬಂದಿದ್ದು ಹೇಗೆ?,sad
ಸಾಮಾಜಿಕ ಮಾಧ್ಯಮದಲ್ಲಿ ಪ್ರತಿಯೊಬ್ಬ ಹೊಸಬನ ಅಚ್ಚಾ ಚಿವಸೈನಿಕ್ ಚಿವ್ ಚಿವ್ ಚಿವ್ ಚಿವ್ ಚೀವ್ ಗುರಿ...!,angry
ಈಗಾಗಲೇ ಮೂವರು ಪತ್ರಕರ್ತರ ಮೇಲೆ ಅನುಮಾನವಿದೆ.,fear
ಪುಣೆಯಂತಹ ಜಾಗತಿಕ ಮಹತ್ವದ ನಗರದಲ್ಲಿ ಇಂತಹ ಚಿತ್ರ ನಿರ್ಮಾಣವಾಗಿರುವುದು ಅತ್ಯಂತ ದುರದೃಷ್ಟಕರ.,sad
ಯಾವುದು ಆ ನಕಲಿ ವಿಡಿಯೋ ಅಥವಾ ನಕಲಿ ಪ್ರಶಸ್ತಿ?,angry
ಅವರಿಂದಲೇ ಶಿವಸೇನೆ ಕೊನೆಗೊಳ್ಳದಿದ್ದರೆ ಅವರನ್ನು ಸಮಾಧಿ ಮಾಡಿದ ನಂತರವೇ ಶಿವಸೇನೆ ಮುಂದೆ ಸಾಗಿತು.,happy
ಇದು ಆಘಾತಕಾರಿಯಾಗಿದೆ,happy
ಇಷ್ಟು ಹೊತ್ತು ಮಲಗಿದ್ದೀರಾ? # ಆಟದ ಯೋಜನೆ ವಿಫಲವಾದ ಕಾರಣ ಎಲ್ಲಾ ನಾಟಕಗಳು.,angry
"ಸಂಕ್ಷಿಪ್ತವಾಗಿ ಹೇಳುವುದಾದರೆ, ಕಾಂಗ್ರೆಸ್ ಅನ್ನು ಉಳಿಸಲು ಇಂತಹ ಪ್ರವಾಸಗಳಿಂದ ಯಾವುದೇ ಪ್ರಯೋಜನವಿಲ್ಲ, ನಿಜ!",neutral
ಈಗ ಬಾಳಾ ಸಾಹೇಬರ ಮುಂದೆ ಠಾಕ್ರೆಯನ್ನೂ ಹಾಕುವಂತಿಲ್ಲ.,angry
ನೀವು ನಿಜವಾಗಿಯೂ ... ಮತ್ತೆ ಮತ್ತೆ ಸಾಬೀತು ಮಾಡುತ್ತಿದ್ದೀರಿ.,happy
ಮಹಾರಾಷ್ಟ್ರದಲ್ಲಿ ಬರಗಾಲವಿರುವುದರಿಂದ ದಯವಿಟ್ಟು ನೀರನ್ನು ಮಿತವಾಗಿ ಬಳಸಿ ಎಂದು ನಗರದ ಜನತೆಯಲ್ಲಿ ನನ್ನ ವಿನಮ್ರ ವಿನಂತಿ.,neutral
ಗೋಪಾಲ್ ಭಾಯ್ ಕುಂಬಾರ ಎಂಬ ಕಾರಣಕ್ಕೆ ಇಂದು ಬಿಜೆಪಿಯನ್ನು ಬಂಧಿಸಲಾಗುತ್ತಿದೆ.,neutral
ಭ್ರಷ್ಟಾಚಾರ ಇಡೀ ವ್ಯವಸ್ಥೆಯ ಹುಳು ಎಂದು ಉಪಮುಖ್ಯಮಂತ್ರಿ ದೇವೇಂದ್ರ ಫಡ್ನವೀಸ್...,angry
ಉಪ ಮಂತ್ರಿಗೆ ಏನೂ ಇಲ್ಲ,neutral
ದೇಶದ್ರೋಹಿಗಳು ದೇಶದ್ರೋಹಿಗಳಾಗಿರುವುದರಿಂದ ದೇಶದ್ರೋಹಿಗಳನ್ನು ಮತ್ತೆ ಮತ್ತೆ ನೆನಪಿಸಬೇಕಾಗಿದೆ.,angry
"ಅಂದರೆ ದೇಶದಲ್ಲಿ ಬಡತನ ಹೆಚ್ಚಾಗುತ್ತಿಲ್ಲ, ಆದರೆ ಆದಾಯ ಸಮೃದ್ಧವಾಗುತ್ತಿದೆ.",angry
"ಹಾಗಾಗಿ ಅಸಾರಾಂ, ನಾರಾಯಣ ಸಾಯಿ, ರಾಮ್ ರಹೀಮ್ ಸಿಂಗ್ ಜೈಲು...",angry
ಮನೆಯಲ್ಲಿ ಕನಿಷ್ಠ ಒಬ್ಬ ಧೈರ್ಯಶಾಲಿ ವ್ಯಕ್ತಿ ಬೇಕಿತ್ತು.,angry
"ಬಿಜೆಪಿ ಆಡಳಿತದಲ್ಲಿ ಹಣದುಬ್ಬರ ದಿನದಿಂದ ದಿನಕ್ಕೆ ಹೆಚ್ಚಾಗುತ್ತಿದ್ದು, ಜನಸಾಮಾನ್ಯರ ಬದುಕು ಕೂಡ ದುಸ್ತರವಾಗುತ್ತಿದೆ.",sad
ಶ್ರೀಖಂಡ್ ಅವರ ಸ್ವಂತದ್ದೇ ಅಥವಾ ಕದ್ದಿದೆಯೇ? ದೇಶದ್ರೋಹಿ ಮೂಲಕ,angry
"ಅವರು ಮರೆಯಾಗಿ ಹೋಗಿದ್ದಾರೆ, ಲಿಬ್ರಾಂಡುವಿನ ಜನರ ಜೀವನ",angry
ಇದು ಠಾಕ್ರೆಯ ಮೇಲಿನ ಪ್ರತೀಕಾರ!,angry
ಈ ವೀಡಿಯೋ ಸಾಕ್ಷಿ...ಅಂಧ ಭಕ್ತರು ಅವರವರ ಲೋಕದಲ್ಲಿ ಬದುಕುತ್ತಾರೆ.,angry
ಪುಣೆ ತತ್ತರಿಸಿತು.. ಪುಣೆಯಲ್ಲಿ ಸ್ಪರ್ಧಾತ್ಮಕ ಪರೀಕ್ಷೆಗೆ ತಯಾರಿ ನಡೆಸುತ್ತಿದ್ದ ಈತ ಇದ್ದಕ್ಕಿದ್ದಂತೆ..,happy
ಈಗ ಆಫೀಸ್ ಉಡುಡೋ ಅಂದಾಗ ಲಟಡ್ಲೋ ಅಂದರೇನು.,angry
"ಸಾರ್, ನಮ್ಮ ಸರ್ಕಾರ ಇದ್ದಾಗ ಏನ್ ಮಾಡಲಿಲ್ಲ, ನೀವು ಈ ಬಗ್ಗೆ ಚಕಾರ ಎತ್ತಿದ್ದರೆ ಕೆಲಸ ಬೇಗ ಆಗುತ್ತಿತ್ತು.",angry
ಈಗ ಈ ಸತ್ರಂಜಯನು ಜನರಿಗೆ ಜ್ಞಾನವನ್ನು ಕಲಿಸುತ್ತಾನೆಯೇ..,angry
ಹಾಗಾದರೆ ಧೋಕ್ಲಾ ಗುಲಾಮರನ್ನಾಗಿಸಲು ಮತ್ತು ಮಾರಾಟ ಮಾಡಲು ಗುಜರಾತ್‌ಗೆ ಹೋಗುತ್ತಾನೆಯೇ?,angry
"ಅವರು ಕಮಲದ ಚಿಹ್ನೆಯ ಮೇಲೆ ಗ್ರಾಮ ಪಂಚಾಯಿತಿ ಚುನಾವಣೆಗೆ ಸ್ಪರ್ಧಿಸಿದ್ದು, ಇದನ್ನು ಅಪಕ್ವ ರಾಜಕಾರಣ ಎನ್ನುತ್ತಾರೆ.",angry
ವಿಧಾನಸಭೆ ಚುನಾವಣೆ ವೇಳೆಗೆ ಅವರ ಮನೆಯಲ್ಲಿ ಮೊದಲ ಬೆಂಕಿ ಬೀಳಲಿದೆ.,angry
ಭಲ್ಲಾ ಭಲ್ಲಾ ಲಾ ನಹೀ ಮಿಲಾ ಮತ್ತು ಯೇ ಹೈ ಅನೀನ್ ಹೌದು,angry
ನಿಧಾನ ಸೈನಿಕರು ನಿಷ್ಪ್ರಯೋಜಕರಾಗಿದ್ದಾರೆ. ಕಮ್ಲಿಯನ್ನು ಪಿಂಪ್ ಮಾಡುವುದೊಂದೇ ಅವನ ಕೆಲಸ,angry
ಈ ಜನರು ಈಗಾಗಲೇ ಮಾಲಿನ್ಯವನ್ನು ಹರಡಿದ್ದಾರೆ ...,angry
ನಿಮ್ಮ ಪಕ್ಷದ ಪ್ರಚಾರ ಏಕೆ? ಬರೀ ದೀದಿಯ ಚಿತ್ರವಿರಲಿಲ್ಲವೇ?,angry
ಸತ್ಯವು ಯಾವಾಗಲೂ ದ್ವೇಷದಿಂದ ಅಡಗಿರುತ್ತದೆ.,neutral
ಆಗೊಮ್ಮೆ ಈಗೊಮ್ಮೆ ನಕಲಿ ಪೋಸ್ಟ್ ಮಾಡಲು ಅವರಿಗೆ ಅವಕಾಶವಿದೆ,neutral
ಇದರ ಹಿಂದೆ ಯಾವುದೋ ಷಡ್ಯಂತ್ರ ಇರಬೇಕೆಂದು ಗಮನಿಸಿ...ಫಡ್ನವೀಸ್ ಇಷ್ಟು ಬೇಗ ಹಿಂದೆ ಸರಿಯುವುದಿಲ್ಲ.,fear
ಚಪ್ಪಾಳೆ ತಟ್ಟಲು ಬಂದವಳಿಂದ ಹಾಯ್ ಹಾಯ್,angry
ಕಿಡ್ನಿಯಲ್ಲಿ ನಿಜವಾಗಿಯೂ ಹುಳುಗಳಿವೆಯೇ?,happy
ಧ್ವಜ ಹೋದರೂ ಅಕ್ಕರ್ಮಾಶಿ ನಿಲ್ಲುವುದಿಲ್ಲ.,angry
ಆದರೆ ಕದಿಯಲು ಆರಂಭಿಸಿದ,angry
ಆದರೆ ಆ ಕಚೇರಿಯಲ್ಲಿ ಯಾರೂ ಕೆಲಸ ಮಾಡುವುದಿಲ್ಲ,neutral
ಸಾರ್ವಜನಿಕ ಅಭಿಪ್ರಾಯದ ಮಾಲೀಕರು ಮಾರ್ವಾಡಿಗಳಾಗಿರುವುದರಿಂದ ಮರಾಠಿ ದ್ವೇಷಿಸುತ್ತಿದ್ದಾರೆ.,angry
"ರಾಧಾಸುತ, ಹಾಗಾದರೆ ನಿನ್ನ ಧರ್ಮ ಎಲ್ಲಿ ಹೋಯಿತು?",angry
ಮೊದಲು ಈ ಪೋಸ್ಟ್ ಅನ್ನು ತೆಗೆದುಹಾಕಿ ಮತ್ತು ಮರಾಠಿಯಲ್ಲಿ ಜಾಗೃತಿ ಮೂಡಿಸಿ.,neutral
. ಸರಕಾರದ ಸಂಪೂರ್ಣ ಒತ್ತು ಕೇವಲ ಚೇತರಿಕೆಯತ್ತ ಮಾತ್ರ ಕೇಂದ್ರೀಕೃತವಾಗಿದ್ದು ಯಾರ ಶಕ್ತಿ?,angry
"ಇಡಿ ಸರಕಾರ ಹೆದರುತ್ತಿದ್ದು, ರಾಜ್ಯದ ಜನರಿಗಾಗಿ ಕೆಲಸ ಮಾಡದೆ ಗುಜರಾತ್‌ಗಾಗಿ ಕೆಲಸ ಮಾಡುತ್ತಿದೆ ಎಂದು ನಾನಾ ಪಟೋಲೆ ಹೇಳಿದ್ದಾರೆ.",angry
ಈ ವೈದ್ಯರಿಗೆ ಚಾಟಿ ಬೀಸಲು ಅರ್ಹರು ಎಂದು ಪತ್ರಿಕೆಯಲ್ಲಿ ಬರೆಯಲಾಗಿದೆ,angry
"ನ್ಯಾಯಾಧೀಶರು ಹೀಗೆ ಹೇಳಿದರೆ, ಚುನಾವಣಾ ಆಯೋಗದ ಬಗ್ಗೆ ಏನು?",angry
ಇತರ ಜನರ ಮನೆಗಳಲ್ಲಿ ಏನಾಗುತ್ತಿದೆ ಎಂಬುದನ್ನು ನೋಡಲು ಒಲವು ತೋರುವ ಅಭ್ಯಾಸವನ್ನು ಬಿಟ್ಟುಬಿಡಿ,angry
"ಸೋಮಯ್ಯನ ಮುಖವು ತೊಳೆದ ಅನ್ನದಂತಿದೆ, ಅವನು ತನ್ನ ಸ್ವಂತ ಕುಟುಂಬಕ್ಕೆ ಸೇರಿದವನೆಂದು ತೋರುತ್ತದೆ ಮತ್ತು ಸರಿಯಾಗಿ ಮಾತನಾಡುವುದಿಲ್ಲ.",angry
ಉದ್ಧವ್ ಠಾಕ್ರೆ ಕೆಟ್ಟ ಸ್ವಭಾವದ ವ್ಯಕ್ತಿತ್ವ,angry
ರಾಜಕೀಯ ತೂಕವನ್ನು ಕಳೆದುಕೊಂಡು ಯಾವಾಗಲೂ ಟ್ವಿಟರ್‌ನಲ್ಲಿ ಬಲಿಪಶು ಕಾರ್ಡ್ ಅನ್ನು ಆಡುವ ಮಹಿಳೆ,angry
ಅಂದಿನಿಂದ ಭಾರತದಲ್ಲಿ ಪ್ರಜಾಪ್ರಭುತ್ವ ಎಂಬುದು ಒಂದು ಭ್ರಮೆ.,sad
ಪಾಲ್ಘರ್‌ನ ಸಾಧುಗಳನ್ನು ಪ್ರಜೆಗಳೆಂದು ಪರಿಗಣಿಸಲಾಗುವುದಿಲ್ಲ.,angry
ಎಂದಿಗೂ ಸಮಸ್ಯೆ ಇಲ್ಲ ಮತ್ತು ಬೇರೆ ಆಯ್ಕೆ ಇಲ್ಲ,angry
"ನಾವು ಈ ಪ್ರಶ್ನೆಗಳನ್ನು ಕೇಳಿದರೆ, ಅಜ್ಞಾನಿಗಳು ನಮ್ಮನ್ನು ನಿರ್ಲಕ್ಷಿಸುತ್ತಾರೆ. ಉತ್ತರ ಇಲ್ಲ.",angry
ಈಗ ಉದ್ಧವ್ ಠಾಕ್ರೆಯ ಶಿವಸೈನಿಕರು ಬಾಳಾ ಸಾಹೇಬರ ಶಿವಸೇನೆಯನ್ನು ಸೋಲಿಸಲೇಬೇಕು...ಕಷ್ಟ ಎಂದು ಹೇಳುತ್ತಾರೆ.,neutral
ನಿಮ್ಮನ್ನು ಆಯ್ಕೆ ಮಾಡಲು ತುಂಬಾ ಭಯಾನಕವಲ್ಲವೇ?,angry
ಅವರು ಈಗ ಗ್ರಾಮದ ಸರಪಂಚರೂ ಅಲ್ಲ,angry
ಮೊದಲು ಬೇರೆ ಧರ್ಮದ ಕಾರ್ಯಕ್ರಮಕ್ಕೆ ಏಕೆ ಹೋಗಬೇಕು? ನಾವು ಮಸೀದಿಗೆ ಬರುತ್ತೇವೆಯೇ?,angry
ನಿಜ ಆದರೆ ಹ್ಯಾನ್ಸನ್ ಈ ವಿಷಯದಲ್ಲಿ ತುಂಬಾ ತಪ್ಪು ... ಏಕೆಂದರೆ ಅದು ಅವನ ನಿಜವಾದ ಅವಿಶ್ಯ ಕಾರು,sad
ಎಷ್ಟು ಶೇಕಡಾ ಆಹಾರವನ್ನು ತಿನ್ನಬೇಕೆಂದು ಪುರಸಭೆ ನಿರ್ಧರಿಸುತ್ತದೆಯೇ?,angry
"ರವಿ ಕಿಶನ್ ಕೋಟಿ ಕೋಟಿ ವಂಚನೆ; ಬಿಲ್ಡರ್ 'ಅಂತಹ' ಬೆದರಿಕೆಯನ್ನು ನೀಡಿದರು, ನಿಜವಾಗಿ ಏನಾಯಿತು?",neutral
"ಮೆಹಬೂಬಾ ಮುಫ್ತಿಯವರು ಕೇಶವರಾವ್ ಅವರ ಲೋಟಂಗನ್ ಧರಿಸಿದಾಗ, ಹಿಂದೂ ಧರ್ಮ ಎಲ್ಲಿ ಹೋಯಿತು?",angry
ಉತ್ತರವು ಅವಮಾನವಾಗಿದೆ,angry
ಜನರು ಸಹ ಚೆನ್ನಾಗಿಲ್ಲ ... ಮತ್ತು ಅದು ಏನು ಯೋಜನೆ?,angry
ಹೋರಾಟದ ನಂತರ ಎಲ್ಲವೂ ಸಿದ್ಧವಾಗಿದೆ,neutral
ನೀವು ಬ್ರೋಕರ್ ಎಂಬುದು ಈ ಮಾತುಗಳಿಂದ ಸ್ಪಷ್ಟವಾಗುತ್ತದೆ,angry
ರಾಟೆ ನೀವು ಬಯಸಿದ್ದರು,angry
"ಪ್ರಸ್ತುತ ಕೊಳಕು ರಾಜಕೀಯವನ್ನು ಪರಿಗಣಿಸಿ, MNS ಜನರಿಗೆ ಕಾರ್ಯಸಾಧ್ಯವಾದ ಆಯ್ಕೆಯಾಗಿದೆ. ಈಗ ಗೆಲ್ಲಲು ಹೋರಾಡಿ.",happy
ನೀವು ಮೊದಲು ಮಾತನಾಡಲು ಕಲಿಯಲು ಅರ್ಹರೇ?,angry
ನಾಸಿಕ್‌ನ ಶಾಂತಕ್ಲೋಸ್ ಹಾಗನ್ ಭುಜಬಲ್ ನಿಜವಾದ ಕೋಮುವಾದಿ ಪಕ್ಷವು ರಾಷ್ಟ್ರೀಯವಾದಿ ಎಂದು ಸಾಬೀತುಪಡಿಸುತ್ತಿದೆ!?,angry
ಇದು ರಾಜಕೀಯ ತಜ್ಞರ ಸ್ಥಿತಿ?,angry
"ರುತುಜಾ ಲಟ್ಕೆ ಅವರ ರಾಜೀನಾಮೆಯನ್ನು ಅಂಗೀಕರಿಸದಿದ್ದಾಗ, ರಾಜ್ ಸಾಹೇಬ್ ಎಲ್ಲಿ ಹೋದರು?",angry
ನೀವು ಪಾರ್ಟಿಗೆ ಬಂದಿರುವಂತೆ ನೀವು ವಾಸನೆ ಮಾಡುತ್ತಿದ್ದೀರಿ,angry
"ನಾನೊಬ್ಬ ಗಗನಯಾತ್ರಿ, ಭೂಮಿಗೆ ಬರಲು ಹಣ ಬೇಕು, ಮಹಿಳೆ ಕೋಟಿಗಟ್ಟಲೆ...",neutral
ಇದನ್ನು ಭಕ್ತರು ಮಾಡುವುದಿಲ್ಲ,neutral
ಲೋಕಮತದವರೂ ಮಾರಿ ತಿನ್ನುತ್ತಾರೆ,angry
"ನೀವು ಅಂತಹ ನಿಲುವನ್ನು ತೆಗೆದುಕೊಳ್ಳುತ್ತಿದ್ದರೆ, ನನಗೆ ನಿಮ್ಮ ಮೇಲೆ ಅನುಮಾನವಿದೆ ಸಹೋದರ",angry
ನೀವು ಇಳಿದರೂ ನಿಮಗೆ ಮಾಡಲು ಏನೂ ಇಲ್ಲ,angry
ಬಾಳಾಸಾಹೇಬರ ಹೆಸರಿನಲ್ಲಿ ನಗುವಷ್ಟೂ ಉದ್ಧವ್ ಠಾಕ್ರೆಯವರನ್ನು ಕಳೆದುಕೊಳ್ಳುತ್ತೀರಿ.,angry
"ಹೆಚ್ಚು ಜನಸಂಖ್ಯೆ ಹೊಂದಿರುವ ದೇಶದಲ್ಲಿ, ಮೂರೂವರೆ ಪ್ರತಿಶತದಷ್ಟು ಮತಪೆಟ್ಟಿಗೆಗಳಿಲ್ಲ.",neutral
ಇದು ನಾಚಿಕೆಯಿಲ್ಲದ ಪರಮಾವಧಿ!,angry
ಮುಂದಿನ ಚುನಾವಣೆಯಲ್ಲಿ ಒಂದಕ್ಕಿಂತ ಹೆಚ್ಚು ಸೀಟು ಸಿಗುತ್ತದೆ’- ಇದು ಕೂಡ ಭ್ರಮೆ,angry
ಹಿಂದಿ ಹೇರುವುದನ್ನು ನಿಲ್ಲಿಸಿ. ಹಿಂದಿ ರಾಷ್ಟ್ರ ಭಾಷೆಯಲ್ಲ.,angry
ಅವರು ತಮ್ಮ ಹೆಸರನ್ನು ಔರಂಗಜೇಬ್ ಎಂದು ಬದಲಾಯಿಸಬೇಕು ಮತ್ತು ಅದನ್ನು ಗೆಜೆಟ್‌ನಲ್ಲಿ ಪ್ರಕಟಿಸಬೇಕು.,angry
ವಿದ್ಯಾವಂತ ಯುವಕರು ಏಕೆ ಮೌನವಾಗಿದ್ದಾರೆ? ನಿರುದ್ಯೋಗಕ್ಕೆ ಯಾರು ಹೊಣೆ?,angry
ಉದ್ಯಮವನ್ನು ಮರಳಿಸಬೇಕೇ ಹೊರತು ರೈತರಿಗೆ ಸಹಾಯ ಮಾಡುವುದಿಲ್ಲ ಸರ್,angry
ಹಾಳಾದ ಕೂದಲಿಗೆ ನೀವು ಉತ್ತಮ ಉದಾಹರಣೆ.,sad
ಬದುಕಿ ಏನು ಪ್ರಯೋಜನ?,sad
ಏನಾದರೂ ಮಾಡು. ನೀವು ಗುವಾಹಟಿಯಲ್ಲಿ ಎಷ್ಟು ಸುತ್ತಾಡಿದರೂ ನಿಮಗೆ ತೃಪ್ತಿಯಾಗುವುದಿಲ್ಲ.,angry
"ನಾನು ನಿಮ್ಮ ಮನೆಗೆ ಬರುತ್ತೇನೆ, ನಾನು ಏಕೆ ಕಳೆದುಹೋಗಿದ್ದೇನೆ?",angry
"ಗಣಪತಿ ಹೋದ, ದೇವಿ ಹೋದಳು, ಈಗ ಗಂಡನ ಬೋನಸ್‌ಗಾಗಿ ಹಾತೊರೆಯುತ್ತಾಳೆ.",neutral
ನಾನು ಯಾರ ಪ್ರಸ್ತಾಪವನ್ನೂ ಸ್ವೀಕರಿಸಿಲ್ಲ ಎಂದು ಉದ್ಧವ್ ಠಾಕ್ರೆ ಹೇಳಿದ್ದಾರೆ!,neutral
ಡಾ.ಬಾಬಾಸಾಹೇಬ್ ಅಂಬೇಡ್ಕರ್ ಮರಾಠವಾಡ ವಿಶ್ವವಿದ್ಯಾಲಯದಲ್ಲಿ ನಡೆದಿರುವುದು ಅತ್ಯಂತ ಖಂಡನೀಯ...,angry
"ಪಂಢರಪುರ, ದೇಗ್ಲೂರು, ಕೊಲ್ಲಾಪುರದಲ್ಲಿ ಬಿಜೆಪಿ ಸಂಸ್ಕೃತಿ ಅಂತ್ಯವಾಗಿದೆಯೇ?",angry
ದೀಪಾವಳಿಯಂದು ಮಾತ್ರ ನೀವು ಸೂರ್ಯನನ್ನು ಏಕೆ ನೋಡುತ್ತೀರಿ?,angry
ಹಾಗಾಗದೇ ಇದ್ದರೆ ಮೂಗಿಗೆ ನೀರು ಬರುತ್ತಿರುವಾಗ ಅದನ್ನೇಕೆ ಘೋಷಿಸುತ್ತೀರಿ?,angry
ನ್ಯಾಯಾಂಗವು ಮಾರಾಟವಾಗಿದೆ ಎಂಬುದನ್ನು ಕೆಳಗಿನ ಟ್ವೀಟ್ ತೋರಿಸುತ್ತದೆ,angry
ಜನರು ಕಿವುಡರಾಗುತ್ತಾರೆ ಎಂದು ಇದರ ಅರ್ಥವೇ?,angry
ಸಲಹೆಗಳನ್ನು ಪೋಸ್ಟ್ ಮಾಡುವುದನ್ನು ಏಕೆ ನಿಲ್ಲಿಸಬೇಕು ?? ನೀವು ಅದನ್ನು ಕಳೆದುಕೊಂಡಿದ್ದೀರಾ? ಸ್ವಯಂ!!,angry
"ಬೀದಿಗಳಿಂದ ದೆಹಲಿ ಸರ್ಕಾರದವರೆಗೆ, ಈ ಜನರು ತಮ್ಮ ವೈಫಲ್ಯಕ್ಕೆ ಇತರರನ್ನು ದೂಷಿಸುತ್ತಾರೆ.",angry
"ಮಾಫಿವೀರ್ ಅವರ ಆದರ್ಶವಾಗಿದ್ದರೆ, ಅವರು ಯಾವ ರೀತಿಯ ಹೋರಾಟವನ್ನು ಮಾಡುತ್ತಾರೆ!",angry
ಸಲ್ಮಾನ್ ಖಾನ್ ಅವರ ನೆರೆಯ ವಿವಾದವು ನಟನಿಗೆ ವಿಶ್ರಾಂತಿಯನ್ನು ತರುವುದಿಲ್ಲ,neutral
ನೀವೇ ಸರ್ಕಾರ. ವರ್ಷಗಳು ಉರುಳುತ್ತಿವೆಯೇ???? ಮಹಾಭೋಗ್ ಮುಂಭಾಗ,angry
ನಾವು ಇಂಗ್ಲಿಷ್ ಮಾಧ್ಯಮವನ್ನು ಬಹಿಷ್ಕರಿಸಿದ್ದೇವೆ.,happy
ಹಣ ವಂಚನೆ ದಂಧೆಯ ಮಾಸ್ಟರ್ ಮೈಂಡ್ ಬಂಧನ,neutral
"ಅಣ್ಣ ನಿನ್ನ ಡ್ಯಾನ್ಸ್ ಮಾಡಬೇಡ, ಆ ವರ್ಷ ನಿನ್ನ ಸಾಮ್ರಾಜ್ಯವಾಗಿತ್ತು ಎನ್ನುವುದನ್ನು ಹೇಗೆ ಮರೆಯಲಿ",angry
ಇದನ್ನು ನಾನೇ ಘೋಷಿಸುತ್ತಿದ್ದೇನೆ.. ಯಾಕೆಂದರೆ ನನ್ನ ಕಾರ್ಯಕ್ರಮವನ್ನು ಯಾರೂ ನೋಡುತ್ತಿಲ್ಲ,sad
"ಬಹಳ ಬುದ್ಧಿವಂತ, ಅವನ ಬುಲ್ ಖಾಲಿಯಾಗಿದೆ.",neutral
ನಿನ್ನ ಹೆಸರಲ್ಲಿ ಕಳ್ಳ ಇದ್ದಾನೆ ಯಾಕೆ ಕದಿಯುತ್ತೀಯ? ಮತ್ತು ಸರ್,angry
ಈಗ ಕೃಷಿ ಕಾರ್ಮಿಕರ ಕೂಲಿ ಮೇಲೆ ಜಿಎಸ್‌ಟಿ ಹೇರುತ್ತಿದ್ದೀರಾ?,angry
"ಜಗಳ ಆಗಿಲ್ಲ, ಹಿಂದೆ ಸರಿದಿದ್ದು ಯಾಕೆ? ಸಿಡಿಯುವುದಿಲ್ಲ",angry
"ಹಾಗಾದರೆ ಜೋಕ್ಸಟ್ಟಾ ಜನರು ಎಲ್ಲಿ ಕಣ್ಮರೆಯಾಗಿದ್ದಾರೆ, ನಾವು ಮೊದಲು ಅವರನ್ನು ಬಯಸುತ್ತೇವೆ! ಅವುಗಳನ್ನು ಏಕೆ ಸರಿಪಡಿಸಲಾಗಿದೆ?",angry
ನಿಜವಾಗಿಯೂ ಏನು ನಡೆಯುತ್ತಿದೆ ಎಂದು ತಿಳಿಯಿರಿ,neutral
ಅದೇ ಮಾಡು..! ನೀವು ಮಾಡದ ಹೊರತು ಇದು ಆಗುವುದಿಲ್ಲ..!!,angry
ಯಾವುದು ಖಾಲಿಯಾಗಿದೆ. ...ಮೊದಲು ಆ ಸಾಮಾನು ತೆಗೆದುಕೊಳ್ಳಿ ಸರ್. ಲೋಕನಾ...ಚುಟಿಯಾದ ನಂತರ ಮಾಡು...ಸಾರ್,angry
ರಾವಣನಿಗೂ ಲಂಕೆಯ ಶಕ್ತಿಯ ಬಗ್ಗೆ ಅಭಿಮಾನ!,angry
ಅತ್ತೆಯ ಮನೆಗೆ ಹೋದರೆ ಈ ಮನೆಯ ಮಕ್ಕಳು ಹೆಮ್ಮೆ ಪಡುತ್ತಾರೆಯೇ? ಇದು ಎಲ್ಲ ಮಹಿಳೆಯರಿಗೆ ಮಾಡಿದ ಅವಮಾನ.,angry
ಅಂತಹ ಮಾದರಿಗಳನ್ನು ಮಹಾರಾಷ್ಟ್ರದಲ್ಲಿ ಏಕೆ ಉತ್ಪಾದಿಸಲಾಗುತ್ತದೆ?,angry
ತಿರಸ್ಕಾರ ನಾನು ಹೇಯ ಕಪಟಿಯನ್ನು ಭೇಟಿಯಾದಂತೆ ಅನಿಸುತ್ತದೆ,angry
ಅಕ್ಕಿ ಕಳ್ಳನಾದರೆ ಚಾಯಿಬಾ ಏನು ಮಾಡಬೇಕು? ಮಿಯಾ ಖಲೀಫಾ ಜೈಲಿನಲ್ಲಿ ಉತ್ತಮವಾಗಿ ಕಾರ್ಯನಿರ್ವಹಿಸುತ್ತಿದ್ದಾರೆ,angry
ದೇಶದ್ರೋಹಿ... ನಿರ್ಬಂಧಿಸಲಾಗಿದೆ!,angry
"ಹಾಗಾಗಿ, ಗುಜರಾತ್ ರಾಜಕಾರಣಿಗಳಿಗೆ ಮುಂಬೈ 'ಅಪೂರ್ಣ ವ್ಯವಹಾರ'ವಾಗಿದೆ.",angry
"ಭಾವನಾತ್ಮಕ ದ್ರೋಹವನ್ನು ಕೊಂಕಣಿ ಮನುಷ್ಯ ಸಹಿಸುವುದಿಲ್ಲ, ಅವನು ಇದನ್ನು ಸಹಿಸುತ್ತಾನೆಯೇ?",angry
ಚುನಾವಣೆಯನ್ನು ಗಮನದಲ್ಲಿಟ್ಟುಕೊಂಡು ಹೀಗೆ ಮಾಡಲಾಗುತ್ತಿದೆ. ಆದರೆ ಬಿಜೆಪಿ ಸೋಲುತ್ತದೆ,neutral
"ಹೇ ಮೊದಲು ಏನಾಯಿತು, ನಾನು ಸೋತು ಓಡಿಹೋದೆ",angry
ಈಗ ಇದು ಯಾವ ರೀತಿಯ ಕುರುಡು ಭಕ್ತಿ?,angry
ರೂಡಿ ಅವರ ಇನ್ನಿಂಗ್ಸ್ ಮುಂದುವರಿದಿದೆ,angry
ನೇತಾಜಿಯವರು ನಾಥಿ ಗೋಡ್ಸೆಯ ಎರಡು ರಾಷ್ಟ್ರ ಸಿದ್ಧಾಂತದಿಂದ ಪ್ರಭಾವಿತರಾಗಿದ್ದರು.,sad
ಮಹಾರಾಷ್ಟ್ರದಲ್ಲಿ ವೀಳ್ಯದೆಲೆ ಹಿಡಿದು ಪಕ್ಷ ನಡೆಸುವ ನಾಯಕನಿದ್ದಾನೆ.,angry
"ಸಾರ್, ಕಾಂಕ್ರೀಟ್ ಕ್ರಮ ಕೈಗೊಳ್ಳಬೇಕು, ಇಲ್ಲದಿದ್ದರೆ ಈ ಹಾವಿನ ಬಾಯಿ ಮಹಾರಾಷ್ಟ್ರವನ್ನೇ ನುಂಗುತ್ತದೆ.",angry
ಈ ಯೋ...ಬುಟ್ಕಾ ವಂಗ ಮಾಲ್ವಾಣಿ ಜನರ ಹೆಸರನ್ನು ಕೆಡಿಸುತ್ತದೆ,angry
ಶಪಿಸುವುದರಿಂದ ನಿಮಗೆ ಕಿಕ್ ಸಿಗುತ್ತದೆಯೇ?,angry
ಮೌನದ ಸಮಯದಲ್ಲಿ ಆಗದಿರುವುದು ನಡೆಯುತ್ತಿರುವುದು ದುಃಖಕರವಾಗಿದೆ:,sad
ಅಧಿಕಾರದಲ್ಲಿದ್ದಾಗ ಅಮ್ಮನ ನೆನಪಿರಲಿಲ್ಲ.. ಈಗ ನೆನಪಾಗುತ್ತಿದೆ.,sad
ಭುಜದ ಮೇಲೆ ಬಂದೂಕು ಹಿಡಿದು ಶಿವಸೇನೆಯನ್ನು ನಾಶ ಮಾಡಲು ಯತ್ನಿಸುತ್ತಿದ್ದಾರೆ..ಯೋಚಿಸಿ.,angry
ಇದಕ್ಕಿಂತ ಕಡಿಮೆಯಾದರೆ ನಿಮ್ಮ ಮತ ಕಡಿಮೆಯಾದರೆ ಏನು ಮಾಡಬೇಕು ಎಂದು ಕೇಳಿ.,neutral
ದೇಶವನ್ನು ಒಡೆದವರು ಯಾರು? ಬಿಜೆಪಿ ಮಾಡಿದ್ದು ಯಾಕೆ?,angry
ಕಳ್ಳನಿಗೆ ಇಂತಹ ಕೋಳಿಯನ್ನು ಕೊಟ್ಟರೆ ಹೀಗಾಗುತ್ತದೆ,angry
"ಸುಳ್ಳು ಆದರೆ ತಾರ್ಕಿಕವಾಗಿ ಮಾತನಾಡಿ, ಇದು ಬಿಜೆಪಿಯ ನೀತಿ.",angry
"ಮಾರ್ಕ್ ಜುಕರ್‌ಬರ್ಗ್ ಅವರ ಅನುಯಾಯಿಗಳು ಒಂದೇ ಹೊಡೆತದಲ್ಲಿ ಬಿದ್ದರು, ಇತರರು ಸಹ ಭಾರಿ ನಷ್ಟವನ್ನು ಅನುಭವಿಸಿದರು",neutral
ಸ್ವಾಭಿಮಾನಿ ಪಕ್ಷಕ್ಕೆ ಏನಾಯಿತು ಹೇಳಿ?,angry
ಈ ಕಳ್ಳ... ಜಾಮೀನಿನ ಮೇಲೆ ಹೊರಗೆ... ಈ ಹೂ ಮಾರುವವ...,angry
"ಪೇರೆ ಪಾಟೀಲ್, ಗೊತ್ತಿಲ್ಲ ಎಂದು ಹೇಳಿದಾಗ ನಿಮ್ಮ ಅಧ್ಯಯನಕ್ಕೆ ಕೊರತೆಯಿದೆ",angry
ಮತ್ತು ಈ ಬೆನ್ ಒಮ್ಮೆ ಗೃಹ ಸಚಿವರಾಗಿದ್ದರು ...,angry
ಪಾಪ ಮಾಡಬಯಸುವವನಿಗೆ ತಾನಾಗಿಯೇ ಕೆಲಸ ಸಿಗುತ್ತದೆ.,angry
ಈ ವರ್ಷ ಪ್ರಾಮಾಣಿಕವಾಗಿ ಮಣ್ಣು ತೆಗೆದಿದ್ದೀರಾ? ಚುನಾವಣೆ ಇದ್ದಂತೆ,angry
"ಮಹಾರಾಷ್ಟ್ರ ವಿಧಾನಸಭೆ ಚುನಾವಣೆ ಬರಲಿ, ಮರಾಠಿಗರು ಬಿಜೆಪಿಗೆ ವ್ಯವಸ್ಥಿತವಾಗಿ ರಾಜ್ಯ ರಚನೆ ಮಾಡಲಿದ್ದಾರೆ.",angry
"ಏಕೆ, ನನಗೆ ತಿಳಿದಿಲ್ಲ.",neutral
ಇಂತಹ ಅತ್ಯಲ್ಪ ಪತ್ರ ನೋಡಿ ಕಣ್ಣೀರು ಹಾಕುವವರಿಲ್ಲ.,angry
"ಠಾಕ್ರೆಯೊಂದಿಗೆ ರಾಜಕೀಯ ಮಾಡಿದರೆ, ವಿರೋಧ ಪಕ್ಷಕ್ಕೆ ಕೇವಲ ಎರಡು ಆಯ್ಕೆಗಳಿವೆ: ಸೋಲು ಅಥವಾ ಹಿಮ್ಮೆಟ್ಟುವಿಕೆ.",angry
"ವಿಚ್ಛೇದನವಿಲ್ಲದಿದ್ದರೆ, ಆ ಎರಡು ಉಬ್ಬಿದ ಕಪ್ಪೆಗಳು ಯಾವುದೇ ಪ್ರಯೋಜನವಿಲ್ಲ",angry
ನೀನು ಈಗ ಸುಮ್ಮನಿರಲು ಹೊರಟಿದ್ದೀಯಾ...ನಿನ್ನಂತೆ ಅಲ್ಲ. ಹತ್ತು ಮಿಲಿಯನ್,angry
ಇದು ದ್ರೋಹವಲ್ಲ ಗೆಳೆಯ...,angry
ಈ ಎಲ್ಲಾ ಸೋಶಿಯಲ್ ಮೀಡಿಯಾ ಪ್ರಭಾವಿಗಳು ತಮಾಷೆ ಮಾಡುತ್ತಿರುವುದು ನಿಜಕ್ಕೂ ಅದ್ಭುತವಾಗಿದೆ,angry
ಈ ಸುದ್ದಿಯನ್ನು ಮರೆಮಾಚಲು ಜಾಧವ್ ಇಡೀ ದಿನ ಅಲ್ಲಿ ಇಲ್ಲಿ ಓಡುತ್ತಲೇ ಇದ್ದ.,angry
ಶಾಸಕರನ್ನು/ಖಾಸದಾರರನ್ನು/ಕೌನ್ಸಿಲರ್‌ಗಳನ್ನು ಖರೀದಿಸಲು ಸರ್ಕಾರದ ಬಳಿ ಹಣವಿದೆ...ಆದರೆ ಬಡವರ ಮಕ್ಕಳ ಶಿಕ್ಷಣಕ್ಕಾಗಿ ಅಲ್ಲ.,angry
"ಹಿಂದೂ ಸಂಪ್ರದಾಯಗಳು ಚಿಂತನಶೀಲವಾಗಿವೆ, ಈ ಆಲೋಚನೆಗಳಿಗೆ ಅವಮಾನವನ್ನು ಸಹಿಸುವುದಿಲ್ಲ ...",angry
ಮತ್ತು ಆ ಪ್ರಸ್ತುತ ಪತ್ರಿಕೆಯಲ್ಲಿ ಫೇಕು ಸುದ್ದಿ,angry
"ರಾವ್, ಇದು ದೊಡ್ಡ ಅವಮಾನ. ರಾವ್ ಎದುರಿಸಬೇಕಾಗುತ್ತದೆ...",fear
"ಭುಜಬಲ್ ಸರ್, ನೀವು ಯಾವ ರೀತಿಯ ಮಾತನಾಡುತ್ತೀರಿ?",angry
ಇದು ಇಲ್ಲಿ ಗಮನಹರಿಸಲಿ.,angry
ಅಯ್ಯೋ ತನಗೆ ಕುಳಿತುಕೊಳ್ಳಲು ಕರೆದಿಲ್ಲ ಎಂದು ಬೇಸರವಾಯಿತು,sad
ಅಂದರೆ ಸೇನೆಗೆ ನಿಮ್ಮ ಹುದ್ದೆಗೆ ಗೌರವವಿಲ್ಲ.,sad
ಹೀಗೆ ಹೇಳುವ ಮೂಲಕ ಸಂಜಯ್ ಉದ್ಧವ್ ಗೆ ಜೈಲು ಶಿಕ್ಷೆ ವಿಧಿಸುತ್ತಿದ್ದಾರೆ.,sad
ಸೊಲ್ಲಾಪುರದ ಭರತ್ ಭಾಲ್ಕೆ ಉಪಚುನಾವಣೆ ವೇಳೆ ಸಂಸ್ಕೃತಿ ನಿದ್ದೆಗೆಡಿಸಿದೆಯೇ?,angry
ಹೌದು ನಂಬಿದವರೇ... ಸಜ್ಜನನಿಗೆ ಕಿರುಕುಳ ನೀಡುತ್ತಿರುವುದನ್ನು ಸಾರ್ವಜನಿಕರು ನೋಡುತ್ತಿದ್ದಾರೆ.,angry
"ಹ ಹ ನಿಮ್ಮ ಯಜಮಾನ ಮಾತನಾಡುತ್ತಾರೆ ಮತ್ತು ನೀವು ಮಾತ್ರ ಕೇಳುತ್ತೀರಿ, ಸಾಮಾನ್ಯ ಸೈನ್ಯವನ್ನು ನಿರ್ವಹಿಸಲು ಸಾಧ್ಯವಿಲ್ಲ",angry
ಅದರ ಪರಿಣಾಮ ಕ್ರಮೇಣ ತಲೆಯ ಮೇಲೆ ಬೀಳುವುದು ನಿಶ್ಚಿತ.,fear
ರಾಜಕೀಯ ಕಲಿಸಿದ ಚಿಕ್ಕಪ್ಪನಿಗೆ ಬೆದರಿಕೆ ಹಾಕಿದ ತುಜಾ ಸಾಹೇಬ್ ತುಲಾ ಲಖ್ಲಾಭ್,angry
ವೇದಿಕೆಯಲ್ಲಿ ಎಷ್ಟು ಜನ ಇರುತ್ತಾರೋ ಅಷ್ಟೇ ಜನ ಮುಂದೆಯೂ ಇದ್ದಾರೆ.,neutral
ನಿಮ್ಮ ಮೂರ್ಖತನದಿಂದಾಗಿ ನೀವು ಖಂಡಿತವಾಗಿಯೂ ಇದನ್ನು ಕಳೆದುಕೊಳ್ಳುತ್ತೀರಿ,angry
ನೀರು ಜೀವಜಾಗೃತಿ ಬಿಜೆಪಿ ಪಶ್ಚಿಮ ದಕ್ಷಿಣ ವಿಭಾಗ ಅಕೋಲ,neutral
ಶಿವಸೈನಿಕರು ಅವರಿಗೆ ವಿಧಿಯ ಕಿರೀಟವನ್ನು ನೀಡಿದ್ದರು,angry
"ನಿಮ್ಮ ಬುಡಕ್ಕೆ ಏಕೆ ಬೆಂಕಿ ಹೊತ್ತಿಕೊಂಡಿದೆ, ಆದರೆ ಹೌದು, ಪ್ಯಾಕೆಟ್ ಎಲ್ಲಿಂದ ಬಂತು",angry
ತಕ್ಕಡಿ ಸೇನೆಯ ಜ್ಯೋತಿ ಬೆಳಗುವ ಮುನ್ನವೇ ಸಮತಾ ಪಕ್ಷದಿಂದ ನಂದಿಸಲಾಗುತ್ತಿದೆ...!!!,angry
ಆಗ ದಲಭದ್ರಿ ಹೇಳಿದರು.. ಆದರೆ ಕಲ್ಲಂಗಡಿ ಮಗನಿಗೆ ಕೋಪ ಬಂತು.,angry
"ಇವರಿಬ್ಬರ ನಡುವೆ ಸಾಮ್ಯತೆ ಇದೆ, ಆದರೆ ಮದುವೆ ಆಗುತ್ತಿಲ್ಲ, ರಾಜಿ ಮಾಡಿಕೊಳ್ಳಬೇಕು.",neutral
ಮತ್ತು ಬಿಜೆಪಿಗೆ ಒಂದು ಮತವು ದೇಶವನ್ನು ಹಾಳುಮಾಡುವ ಶಕ್ತಿಗಳಿಗೆ ಮತವಾಗಿದೆ. ಬಾಳಾ ಸಾಹೇಬರ ಶಿವಸೇನೆಯನ್ನು ಒಡೆಯುವ ಕಪಟ ಪಕ್ಷಕ್ಕೆ ಮತ ನೀಡಿ.,angry
ಅವರಿಗೆ ಈಗ ತೊಂದರೆ...!,angry
ಇಷ್ಟೊತ್ತಿಗೆ ನೀವು ವಿರೋಧ ಪಕ್ಷದ ನಾಯಕರಾಗಬೇಕಿತ್ತು,sad
ಸಹೋದರ ದಳ್ಳೂಕರ್. ಅವನ ವ್ಯವಹಾರವು ಕಡಿಮೆ ಧ್ವನಿಯಲ್ಲಿ ಬೊಗಳುತ್ತಿದೆ. ಆದರೆ ಸಂಬಳ ನಿಗದಿಯಾಗಿದೆ.,angry
"ಕಮಲವು ತನ್ನ ಬಾಲವನ್ನು ಇಟ್ಟುಕೊಂಡಿದೆ ಎಂದು ಹೇಳಲಾಗುತ್ತದೆ, ಆದರೆ ಅದು ಕುದುರೆಯ ಮೇಲೆ ಬಂದು ಕತ್ತೆಯ ಮೇಲೆ ಏರಿತು",angry
ಬಹುಮತ ನೀಡಿದರೂ ಮುಖ್ಯಮಂತ್ರಿ ಹುದ್ದೆಗೆ ವಿರೋಧ ಪಕ್ಷದವರ ಜೊತೆ ಹೋದಾಗ ಜನರಿಗೆ ದ್ರೋಹ ಬಗೆದರು.,angry
ಇಂದು ಹಿಮ್ಮೆಟ್ಟುವುದು ಸೋಲು ಮತ್ತು ಅವಮಾನ,sad
ಹೌದು ಸಹೋದರ ಈ ಕಾರ್ಯಕ್ರಮವನ್ನು ನಿಲ್ಲಿಸಿ,angry
ಸಂದೀಪ್ ಮೋರೆ ಅಂಬಾನಿ ಉದ್ಯೋಗಿಯಾಗಿದ್ದರು. ಅವರ ಆತ್ಮಹತ್ಯೆ ತನಿಖೆಯಾಗಬೇಕು.,sad
"ಬಸ್ ಅನ್ನು ನಿಲ್ಲಿಸಲಾಗಿದೆ ಮತ್ತು ತಂಬಾಕನ್ನು ವಿಂಡ್‌ಶೀಲ್ಡ್‌ನಲ್ಲಿ ಇರಿಸಲಾಗುತ್ತದೆ, ಇದರಿಂದ ನೀರು ಹೀರಲ್ಪಡುತ್ತದೆ ಮತ್ತು ಮೋಡದ ಬದಲು ಸ್ಪಷ್ಟವಾಗಿರುತ್ತದೆ.",neutral
"ಚುಟಿಯಾ ಶಾಶ್ವತ ನಿಷೇಧವನ್ನು ಬಯಸಿದ್ದರು, ಇದು ಪ್ರತಿ ವರ್ಷವೂ ನಡೆಯುತ್ತದೆ",angry
ಅದು ಎಷ್ಟು ಹುಚ್ಚುತನ ಎಂದು ಈಗ ನನಗೆ ಅರ್ಥವಾಯಿತು. ಬೇರೆ ಯಾವುದೇ ಮನರಂಜನೆ ಇರಲಿಲ್ಲ,sad
ಛತ್ರಪತಿ ಶಿವಾಜಿ ಮಹಾರಾಜರನ್ನು ಯಾರೂ ತನ್ನೊಂದಿಗೆ ಹೋಲಿಸಿಕೊಳ್ಳಬಾರದು. ಮಹಾರಾಜರು ಎಂದಿಗೂ ಸಾರ್ವಜನಿಕರಿಗೆ ಮೋಸ ಮಾಡಿಲ್ಲ,happy
"ರೀಲ್‌ಗಳನ್ನು ತಯಾರಿಸಲು ನಿಮಗೆ ಉತ್ತಮ ಮೊಬೈಲ್ ಫೋನ್ ಬೇಕಾದರೆ, ಟಿಕ್‌ಟಾಕ್ ಸ್ಟಾರ್‌ನ ಆಘಾತಕಾರಿ ಸಾಧನೆ!",happy
ದೇಶವು ವಿಶ್ವದ ಒಂಬತ್ತನೇ ಅದ್ಭುತವನ್ನು ನಡೆಸುತ್ತಿದೆ,sad
"ಅರೇ ಇವನೇ ಮಾತೋಶ್ರೀ ಅಂಗಳದಲ್ಲಿ ಚುನಾವಣೆಯಲ್ಲಿ ಸೋತ ಅಭ್ಯರ್ಥಿ. ಇದನ್ನು ಸಾಧಿಸಿದ ನಂತರ, ಇಶಾನ್ ಶಾಸಕರಾದರು.",angry
ಮತ್ತು ಈ ಅನುಪಯುಕ್ತ ಜನರು ನಮ್ಮನ್ನು ಮುನ್ನಡೆಸುತ್ತಿದ್ದಾರೆ ...,angry
ಕೆಲವರು ವದಂತಿ ಹಬ್ಬಿಸುತ್ತಿದ್ದಾರೆ...ನಾವು ಶಿಂಧೆ ಗ್ರೂಪ್‌ಗೆ ಹೋಗುತ್ತಿದ್ದಾರಂತೆ...,neutral
ಮರಾಠಿಗರಿಗೆ ವಂಚನೆ ಇಷ್ಟವಿಲ್ಲ. ಈ ಕೋಪವು ನಮ್ಮನ್ನು ಶಾಂತಿಯಿಂದ ಕುಳಿತುಕೊಳ್ಳಲು ಬಿಡುವುದಿಲ್ಲ.,angry
ಈ ಜನ ಸಾಮಾನ್ಯರ ಜೇಬಿನಿಂದ ಸಂಬಳ ಪಡೆಯುತ್ತಿದ್ದರೂ ತಮ್ಮ ಜವಾಬ್ದಾರಿಯನ್ನು ನಿಭಾಯಿಸುತ್ತಿಲ್ಲ...,angry
ನಾಲ್ಕೈದು ಬಾರಿ ಸೋತ ನಂತರ ಶಿವಸೇನೆಯ ಪ್ರಾಣವನ್ನೇ ಪಣಕ್ಕಿಟ್ಟು ಶಾಸಕರಾಗಿದ್ದಾರೆ.,angry
ಅಂದು ಭಾರೀ ಮಳೆಯಿಂದಾಗಿ ನೈನಿತಾಲ್ ನ ರೈತರು ಅಣೆಕಟ್ಟಿಗೆ ಹೋಗದೇ ಇದ್ದಿದ್ದರೆ...,angry
ಈಗ ಸಾಹಿಬರನ್ನು ಕೊಂದು ಉಳಿದ ಸೈನ್ಯವನ್ನು ಕೋಟ್ಯಾಧಿಪತಿಗಳನ್ನಾಗಿ ಮಾಡಿ! ಇದು ನಾಚಿಕೆಯಿಲ್ಲದ ಪರಮಾವಧಿ!,angry
ನೀವು ಕಾಗೆಯಾಗುತ್ತೀರಾ?,neutral
ವಿಠ್ಠಲನಿಗಿಂತ ಮೋದಿ ಫೋಟೋ ದೊಡ್ಡದಾಗಿದ್ದಾಗ ಈ ಬರಾಕಿಯಾ ಎಲ್ಲಿದ್ದ!!,angry
ಈ ಪೋಸ್ಟ್ ಪ್ರತಿ ಆರು ತಿಂಗಳಿಗೊಮ್ಮೆ ಸಂಭವಿಸುತ್ತದೆ. ಯಾವ ಪೊಲೀಸರೂ ಕಾನೂನು ಪಾಲಿಸುತ್ತಿಲ್ಲ.,angry
ಇಂತಹ ಮೂರ್ಖರ ಮಾತುಗಳನ್ನು ಕೇಳಿ ಮುಖ ಹಾಳು ಮಾಡಿಕೊಳ್ಳುವುದೇಕೆ?,angry
"ಸಾರ್, ಬಿಜೆಪಿ ಈಗ ಪಾರದರ್ಶಕ ನಿರ್ಧಾರ ತೆಗೆದುಕೊಳ್ಳುತ್ತದೆಯೇ?",neutral
ಈ ವರ್ಷ ವೈದ್ಯಕೀಯ ಕಾಲೇಜು ಆರಂಭಿಸಲು ತೀರ್ಮಾನಿಸಿದ್ದೇವೆ. ಅಧಿಕಾರ ಹಸ್ತಾಂತರದ ನಂತರ ನೀವು ಏನು ಮಾಡಿದ್ದೀರಿ?(/),neutral
ಈ ತೆಲಂಗಾಣ ಸರ್ಕಾರ ಮತ್ತು ಆಡಳಿತವು ಹಿಂದೂ ಮತ್ತು ಹಿಂದೂ ವಿರೋಧಿ ಮನಸ್ಥಿತಿಯನ್ನು ಹೊಂದಿದೆ.,angry
ಮೋದಿಯವರ ರಾಜ್ಯದಲ್ಲಿ ಈ ರೀತಿಯ ಖರ್ಚು ಭರಿಸಲು ಸಾಧ್ಯವಿಲ್ಲ,angry
ಚಿಕ್ಕಮ್ಮನ ಸಮಯದಲ್ಲಿ ಅಂತಹ ಜ್ಞಾನವು ವ್ಯರ್ಥವಾಗುತ್ತದೆ ಎಂದು ನೀವು ಯಾರನ್ನು ಹೇಳುವಿರಿ?,angry
ನಾನು ಈಗಲೂ ಹೇಳುವುದೇನೆಂದರೆ ಇದು ಹಗುರವಾಗಿ ತೆಗೆದುಕೊಳ್ಳುವ ಅಸ್ತ್ರವಲ್ಲ...!,fear
"ನನಗೆ ಗೊತ್ತಿರಲಿಲ್ಲ, ಆದರೆ ಅವರು ಹೊಟ್ಟೆಯನ್ನು ಹಿಡಿದಿರುವುದನ್ನು ನೋಡಿದರೆ ಆಶ್ಚರ್ಯವಾಗುತ್ತದೆ.",neutral
ಅಂತಹ ಚಿತ್ರದ ವಿರುದ್ಧ ನಿಲ್ಲುವುದು ಸೂಕ್ತವಲ್ಲ.,neutral
ಸೊಲ್ಲಾಪುರದಲ್ಲಿ ದಮ್ದುಪ್ಪತ್ ಎಂಬ ಹಗರಣ ನಡೆದಿದೆ.,angry
ಇವರು ನಮ್ಮಲ್ಲಿ ಗಜನಿಯ ಕೆಲವು ಹಾಲೆಂಡ್‌ಗಳು ಮತ್ತು ಚುನಾವಣೆಗಳನ್ನು ಬದಿಗಿಡಬೇಕು,angry
"ಇನ್ನು, ಪುಣೆಯಲ್ಲಿ ಹಬ್ಬ ಹರಿದಿನಗಳಲ್ಲಿ ಹೊರಗೆ ಹೋಗುವವರು, ಕೆಲವರು ಗಣಪತಿ ನವರಾತ್ರಿಯಂದು ಕೂಡ ಹೊರಗೆ ಹೋಗುವುದಿಲ್ಲ...",neutral
ಮತ್ತು ಆ ಪೋರ್ನ್ ಸ್ಟಾರ್ ಪ್ರಥಮೇಶ್ ಅವರ ಚಿಕ್ಕಪ್ಪ ಏನಾಗುತ್ತಾರೆ?,neutral
"ಈ ಆಟ ಆಡಿದ್ದು ಬೇರೆ ಪಕ್ಷಗಳಲ್ಲ, ಬಿಜೆಪಿಯವರು.",angry
"ದಯವಿಟ್ಟು ಗಮನಿಸಿ, ಪ್ರತಿ ಮಳೆಯ ನಂತರ ಚೌಕದ ಸ್ಥಿತಿಯು ಹದಗೆಡುತ್ತದೆ",angry
"ಅವರು ""ನಿಧಾನ ಸೈನಿಕರು"" ಮಾತ್ರವಲ್ಲ... ಮಾನಸಿಕವಾಗಿಯೂ ಸಹ...",angry
ವೀಡಿಯೊವನ್ನು ಏಕೆ ಮುಚ್ಚಲಾಗಿದೆ ಎಂದು ನಾನು ಹೆದರುತ್ತಿದ್ದೆ,fear
ಮೂಲತಃ ಆಯ್ಕೆಗಳು ತಪ್ಪಾಗಿವೆ...ಯಾವಾಗಲೂ ಬಾಳೆಹಣ್ಣಿನ ಸಿಪ್ಪೆಯನ್ನು ಆಯ್ಕೆ ಮಾಡಲು ಬಯಸುತ್ತಾರೆ...,angry
ಗುರು ಶಿಷ್ಯರು ಮೇರು ಕಲಾವಿದರು..............!!!!!,neutral
ಈ ವ್ಯಕ್ತಿ ಎಷ್ಟು ಎಸೆಯುತ್ತಾನೆ,angry
ಎಷ್ಟು ಜನ ನಿನಗೆ ಜನ್ಮ ಕೊಟ್ಟಿದ್ದೀಯಾ ಬಾಸ್ಟರ್ಡ್?,angry
ಕಾಮೆಂಟ್‌ಗಳನ್ನು ಓದಿದ ನಂತರ ನನಗೆ ನಿದ್ರೆ ಬರುತ್ತಿಲ್ಲ.,sad
"ನಮ್ಮ ಧ್ವನಿ ಹೇಳುತ್ತದೆ, ಮಾತನಾಡುತ್ತದೆ.... ಗುಂಪು ಸೇರುವುದು ಹಿಂದುತ್ವ ಅಲ್ಲ... ಅದು ದೇಶ ವಿರೋಧಿ",angry
ಇತ್ತೀಚಿನ ದಿನಗಳಲ್ಲಿ ವದಂತಿಗಳು ಒಳ್ಳೆಯದು,neutral
ಚಿಂತಿಸುತ್ತಿದೆ! ಮುಂಬೈ ನಗರವೊಂದರಿಂದಲೇ ಇಲ್ಲಿಯವರೆಗೆ ಹಲವು ಕಿಲೋ ಡ್ರಗ್ಸ್ ವಶ!,fear
ಡಾ.ರಾಹುಲ್ ಗಾಂಧಿಯವರ ತಟ್ಟೆಯನ್ನು ಎತ್ತಿಕೊಂಡಿದ್ದೀರಾ? ನಿಮ್ಮ ಪಕ್ಷದ ಪರವಾಗಿ ಮಾತನಾಡಿ.,angry
"ನಿಮ್ಮ ಮಗುವನ್ನು ಹೊರತೆಗೆಯಲು ನೀವು ಸಿದ್ಧರಾದ ತಕ್ಷಣ ಈ ರೀತಿಯ ವಟಗುಟ್ಟುವಿಕೆ ಪ್ರಾರಂಭವಾಗುತ್ತದೆ, ನಂತರ...",angry
ಏಕನಾಥ್ ಶಿಂಧೆಯವರ ಸೋಗಿನಲ್ಲಿ ಬಿಜೆಪಿ ಇನ್ನೂ ಎಷ್ಟು ಮಹಾರಾಷ್ಟ್ರ ವಿರೋಧಿ ನಿರ್ಧಾರಗಳನ್ನು ತೆಗೆದುಕೊಳ್ಳುತ್ತದೆ?,angry
ಬಲವಂತದ ಕುತ್ತಿಗೆಯನ್ನು ಅವನ ಎದೆಯ ಮೇಲೆ ಕಲ್ಲು ಹಾಕಲಾಗಿದೆ ಮತ್ತು ಅವನು ಕ್ಯಾಮೆರಾದ ಮುಂದೆ ಇರುವುದರಿಂದ.,angry
"ಮೂರ್ಖ ಭಕ್ತನೇ, ಯಾರನ್ನು ನಜ್ಜುಗುಜ್ಜಾಗಿಸಿದೆ ನೋಡು...",angry
ದೇಶದ್ರೋಹಿಗಳ ವಿರುದ್ಧ ಸೂಕ್ತ ಕ್ರಮ ಕೈಗೊಳ್ಳುವ ಭರವಸೆ ಇದೆ...,angry
"ಇಂದಿಗೂ ಅವರ ಜನ ಜೀವನೋಪಾಯಕ್ಕಾಗಿ ಮುಂಬೈಗೆ ಹೋಗುತ್ತಾರೆ, ಈ ಕಮಿಷನರ್‌ಗಿಂತಲೂ ಈ ಸರ್ ವಿಫಲರಾಗಿದ್ದಾರೆ.",neutral
ಏಕನಾಥ್ ಶಿಂಧೆ ಬಾಳಾಸಾಹೇಬ್ ಠಾಕ್ರೆಯಿಂದ ಕಪಾಳಮೋಕ್ಷ ಮಾಡಿದ್ದು ಏಕೆ? ಚಂಪಾಸಿಂಗ್ ಸ್ಪಷ್ಟವಾಗಿ ಹೇಳಿದ್ದಾರೆ...,angry
"ಇದು ಭಕ್ತರ ಟ್ರೆಂಡ್, ಭಕ್ತ ಟ್ರೋಲ್ ಮಾಡಿದಷ್ಟೂ ಸಂಭಾವನೆ ಹೆಚ್ಚುತ್ತದೆ.",angry
"ಅವರು ಶೆನ್ ತಿನ್ನುವುದಿಲ್ಲ, ಅವರು ಶೆನ್ ಅನ್ನು ಎಸೆಯುತ್ತಾರೆ ...",angry
ಜನಶಕ್ತಿ ಮತ್ತೊಮ್ಮೆ ತನ್ನ ಸಾರ್ಥಕತೆಯನ್ನು ಜಗತ್ತಿಗೆ ತೋರಿಸಿದೆ. ಜನರನ್ನು ವಂಚಿಸುವುದು ಅವರ ಗುರಿಯಾಗಿದೆ.,angry
ಅದು ಹಾರುತ್ತಿದೆ,angry
"ಹೇ ಕಪ್ಪೆ, ನೀವು ಎಷ್ಟು ಮೌಲ್ಯಯುತರು ಮತ್ತು ನೀವು ಎಷ್ಟು ಮಾತನಾಡುತ್ತೀರಿ?",angry
ಈ ವಿಷಯಕ್ಕೆ ಪ್ರಾಮುಖ್ಯತೆ ನೀಡುವ ಅಗತ್ಯವಿಲ್ಲ!,angry
"ಖಂಡಿತ ಸರ್, ಇದು ತಪ್ಪು ನಂಬರ್ ಒನ್",angry
ಪ್ರತಿಯೊಬ್ಬರ ಟ್ವೀಟ್‌ಗಳು ಇದನ್ನು ಹೇಳುತ್ತವೆ,angry
ಬಾಂಧವ್ಯದಿಂದಲೇ ಶ್ರೀಮಂತರೂ ಬಡವರಾಗುತ್ತಾರೆ. ನಿಮಗೆ ಅರ್ಥವಾಗಿದೆಯೇ ಸಹೋದರ?,neutral
ಮಹಾರಾಷ್ಟ್ರ ರಾಜ್ಯದ ಮಂತ್ರಿ ಮತ್ತು ಗುಜರಾತ್‌ಗಾಗಿ ಕೆಲಸ ಮಾಡುವ ಮಹಾರಾಷ್ಟ್ರದ ಪುಂಡ,angry
ನಾವು ಹೊಟ್ಟೆ ತುಂಬಿಸುತ್ತೇವೆ ಆದರೆ ನಿಮ್ಮ ಜೇಬು ತುಂಬಿದಂತಿದೆ.,angry
ಈ ಜಿಲ್ಲೆಯಲ್ಲಿ ಮದ್ಯದ ಹೊರತಾಗಿ ಬೇರೇನಾದರೂ ಅಕ್ರಮ ದಂಧೆ ಇದೆಯೇ?,angry
ಶಿವಸೇನೆ ಠಾಕ್ರೆಯವರದ್ದು,angry
ಉದ್ಯೋಗ ಎನ್ನುವುದು ಕೇವಲ ಭ್ರಮೆ.,neutral
ಇದು ನಿಷ್ಪ್ರಯೋಜಕವಾಗಿತ್ತು ...,angry
ರೈತರು ಆತ್ಮಹತ್ಯೆಗೂ ಮುನ್ನ ಸಹಾಯ ಮಾಡಿ!,angry
ನಿಮ್ಮ ಪಕ್ಷಕ್ಕೆ ಮಾರುಕಟ್ಟೆ ಹೆಚ್ಚಾಗಿದೆ ಹಾಗಾಗಿ ಸುಮ್ಮನಿರಿ!!,angry
ಬೆಳಿಗ್ಗೆ ಎದ್ದಾಗ ಅದು ನಿನ್ನೆಯ ದಿನವಲ್ಲ.,angry
"ಪಂಢರಪುರದ ಸಮಯದಲ್ಲಿ, ಒಬ್ಬ ವ್ಯಕ್ತಿಯು ಬೆಂಬಲವನ್ನು ಪಡೆಯಲು ಮೂಗು ಉಜ್ಜಲು ಹೋದನು.",angry
ಇದು ಅವಮಾನ ಮೇಡಂ...!! ನಿಮ್ಮ ಟ್ವೀಟ್...!! ಕೂಡಲೇ ಬ್ಲಾಕ್ ಮಾಡಿ...!!,angry
ನಿಮ್ಮ ಮನುಷ್ಯ ಜೈಲು ಕೋಣೆಯಲ್ಲಿ ಮೈಕ್ ಹಿಡಿದು ಕುಳಿತಿದ್ದಾನೆಯೇ ?? ಪ್ರತಿಕ್ರಿಯೆ ಹೇಗೆ ಬಂತು??,angry
"ಪ್ರೇತಗಳಿಗೆ ದಯೆ ತೋರಿ, ಆದರೆ ಇತರರಿಗೆ ಅಪಾಯಕಾರಿಯಾದ ಹಸ್ತಕ್ಷೇಪವು ಜೀವಗೋಳದಲ್ಲಿ ಸೂಕ್ತವಲ್ಲ.",neutral
ಫಡ್ನವಿಸ್ ಕಟ್ಟುನಿಟ್ಟಿನ? ಈಕಿ ಮಾತಾಡ್ತಾರಾ? ಅವರು ನಿಮ್ಮ ರಾಜಕೀಯ ತಂದೆಯ ಸೇವಕರೇ?,angry
ವಂಚನೆಯಲ್ಲಿ ಯಾರೂ ಕೈ ಹಿಡಿಯಲು ಸಾಧ್ಯವಿಲ್ಲ,angry
"ಇವರು ಪತ್ರಕರ್ತರಲ್ಲ, ರಾಜಕೀಯ ಪಕ್ಷವೊಂದರ ಸಂಬಳದ ಗುಲಾಮ",angry
ಸರ್ ಮರಾಠಿ ಪತ್ರಕರ್ತರೇ ದಯವಿಟ್ಟು ಮೊದಲು ನನ್ನನ್ನು ಕೆಳಗಿಳಿಸಿ,angry
ವಿದಾಯ ಹೇಳುತ್ತಾ ನಾನು ಮತ್ತೆ ಭೇಟಿಯಾಗಬೇಕೆಂದು ನಿರ್ಧರಿಸಿದೆ ... ಆದರೆ ಅವನ ಕಪ್ಪು ಕಣ್ಣುಗಳು ಅವಳನ್ನು ಕೊನೆಯ ಬಾರಿಗೆ ಭೇಟಿಯಾದವು.,sad
ಆದರೆ ಕೋಟ್ಯಂತರ ಅಭಿಮಾನಿಗಳನ್ನು ಆಳುತ್ತಿದ್ದ ಪರ್ವೀನ್ ಬಾಬಿ ಸಾವು ನೋವು ತಂದಿದೆ.,sad
ನೀವು ಅಮ್ಮನ ಬಗ್ಗೆ ಕಾಳಜಿ ವಹಿಸುತ್ತೀರಾ? ನೀವು ಮೊದಲು ಯೋಚಿಸದೆ ಬರೆಯಬಹುದೇ ಎಂದು ನೋಡಿ,angry
ನಾವು ಅಧಿಕಾರಕ್ಕೆ ಬಂದರೆ ನಾನು ಹುದ್ದೆಯನ್ನು ತೆಗೆದುಕೊಳ್ಳುವುದಿಲ್ಲ - ರಾಜ್ ಠಾಕ್ರೆ,neutral
ನೀವು ಒಳಗೆ ಐಸ್ ಕ್ರೀಂನಷ್ಟು ಎತ್ತರವಿಲ್ಲ,angry
"ಇದರ ಅವಶ್ಯಕತೆ ತುಂಬಾ ಇದೆ ಸಾರ್, ಏಕೆಂದರೆ ರೈತರು ಈ ಮರಳಿನಿಂದ ಬೇಸತ್ತಿದ್ದಾರೆ.",sad
ನೀನು ತುಂಬಾ ಸಂತೋಷವಾಗಿ ಕಾಣುತ್ತೀಯಾ... ಈಗ ಕುಳಿತುಕೊಳ್ಳಿ... ಈ ಸಂತೋಷ ನಮಗೆ ಕಾಣುತ್ತಿಲ್ಲ...,angry
"ಅವರಿಗೆ ತಮ್ಮ ತಂದೆಯ ಅಧಿಕಾರವಿಲ್ಲ, ಅವರು ಬೇರೆಯವರ ತಂದೆಯ ಅಧಿಕಾರದಲ್ಲಿ ಬೆಳೆಯಲು ಪ್ರಯತ್ನಿಸುತ್ತಾರೆ.",angry
ಇಂದು ಬಂಗಾರ್ ಓಡಿಸಿದಂತೆಯೇ ಗತಕಾಲವೂ ಇರಲಿದೆಯಂತೆ,angry
ಏಕನಾಥ ಚಿಂದಿ ಜಿಲೆಟಿನ್ ಖಸ್ಡಾಲನನ್ನು ಬಂಧನದಿಂದ ರಕ್ಷಿಸಲು ದ್ರೋಹ ಎಸಗಿದರು.,angry
ನೀನು ಒಬ್ಬಳೇ ಭಿಕ್ಷೆ ಬೇಡಲು ಹೋದಾಗ ಪುಟ್ಟ ಹುಡುಗಿಯನ್ನು ಯಾಕೆ ಕರೆದುಕೊಂಡು ಹೋದೆ?,angry
ಆದರೆ ನೀನು ದೇಶದ್ರೋಹಿ,angry
"ಹಳ್ಳಿಗರು, ಮಹಾರಥಿಗಳೆಲ್ಲ ಬಿಜೆಪಿಯಲ್ಲಿದ್ದಾರೆಯೇ?",angry
ನಾಯಿಯ ಬಾಲ ಎಂದಾದರೂ ನೇರವಾಗಿರಬಹುದೇ?,neutral
ಈ ವಯಸ್ಸಿನಲ್ಲಿ ಎಷ್ಟೇ ಹಸಿದಿದ್ದರೂ ಈ ಅಣ್ಣನಿಗೆ ಹುಚ್ಚು ಹಿಡಿದಿದೆ,angry
ಬಿಜೆಪಿಯವರೇ ನಿಮ್ಮ ಕೈಗೆ ಬೆಂಕಿ ಹಚ್ಚಿದ್ದು ಯಾಕೆ? ಅದನ್ನು ಹಾಕಿ,angry
ಒಬ್ಬರು ಎರಡಾದರೆ ಸೃಜನಶೀಲತೆ ಕಡಿಮೆಯಾಗುತ್ತದೆ ಎಂದು ಸಹೋದರರು ಹೇಳುತ್ತಿದ್ದರು.,neutral
ಅವರೂ ಕೂಡ ಕೇತ್ಕರ್ ಅವರಂತೆ ಸಂಸದರಾಗಬೇಕು ಎಂಬ ಆಸೆಯಿಂದ ಈ ರೀತಿಯ ಹೊಗಳಿಕೆ ಮಾಡುತ್ತಿದ್ದಾರೆ.,angry
ಅದು ಮುರಿದಾಗ ಅದರ ಅರವತ್ತು ತಲೆಗಳು ಮುರಿದವು. ಈಗ ಮತ್ತೆ ಸಹಾಯಕ್ಕಾಗಿ ಬಂದಿದೆ,angry
ಹೆಣ್ಣಿನ ರೀತಿ ಮಾತನಾಡುವವರು ತಮ್ಮ ಎದುರಾಳಿಗಳನ್ನು ದುರ್ಬಲರು ಎಂದು ಕರೆಯುತ್ತಾರೆ. ಜನರು ನಿಮ್ಮನ್ನು ಮನುಷ್ಯರು ಎಂದು ಭಾವಿಸುವುದಿಲ್ಲ,angry
"ದೇಶದ್ರೋಹಿ ಸೈನ್ಯವು ಈ ವೀಡಿಯೊಗಳನ್ನು ನಂತರ ಉಳಿಸಿ, ನಿಮ್ಮ ಜೀವನದುದ್ದಕ್ಕೂ ನೀವು ಇದನ್ನು ಕೇಳಲು ಬಯಸುತ್ತೀರಿ.",angry
ಬಿಜೆಪಿ ಪಂಢರಪುರದಿಂದ ಚುನಾವಣೆಗೆ ಸ್ಪರ್ಧಿಸಿದ್ದು ಏಕೆ? ಅಂಧೇರಿಯಲ್ಲಿ ಸೋಲು ಇತ್ಯಾದಿ...ಜನರಿಗೆ ಸತ್ಯ ಗೊತ್ತಿದೆ.,angry
"ನಮ್ಮ ಮಾಧ್ಯಮಗಳು ಅಸಹಾಯಕವಾಗಿದ್ದು, ಇಂತಹ ಆರೋಪಗಳನ್ನು ಮಾಡುವುದರಲ್ಲಿ ಮುಂಚೂಣಿಯಲ್ಲಿವೆ.",angry
"ಭಕ್ತರೇ, ನಿಮ್ಮ ಮುಖದ ಸ್ವಲ್ಪ ಬೆಂಬಲವನ್ನು ತೆಗೆದುಕೊಳ್ಳಿ",angry
ಬಿಜೆಪಿ ಕಾರ್ಯಕರ್ತರ ಪರಿಸ್ಥಿತಿ ಜನ ಕುಣಿಯುವ ಹಳ್ಳದಂತಾಗಿದೆ.,angry
ನಿನ್ನನ್ನು ಅವರಿಗೆ ಹೋಲಿಸಿ ನಾಯಿ ಎಂದು ಅನಿಸುವುದಿಲ್ಲವೇ??,angry
ಜ್ಞಾನದ ದೇವತೆಯನ್ನು ಏಕೆ ದ್ವೇಷಿಸಬೇಕು? ಆದ್ದರಿಂದಲೇ ಸರಸ್ವತಿ ದೇವಿಯು ರಾಜಕಾರಣಿಗಳನ್ನು ಮೆಚ್ಚಿಸುವುದಿಲ್ಲ.,angry
"ನೀವು ಯಾವುದನ್ನು ನಿರ್ಧರಿಸುತ್ತೀರಿ? ಮುಂಬೈ, ಮಹಾರಾಷ್ಟ್ರದ ಭಾಷೆ ಹಿಂದಿ.",angry
ಜನರಿಗೆ ಯಾಕೆ ತೊಂದರೆ ಕೊಡುತ್ತೀರಿ... ಕನಿಷ್ಠ ನಿಮ್ಮ ಸ್ಥಾನವನ್ನಾದರೂ ಗೌರವಿಸಿ...,angry
ಭಾವಪೂರ್ಣ ಶ್ರದ್ಧಾಂಜಲಿ ಸಲ್ಲಿಸಲಾಗುತ್ತಿದೆ,happy
ಈ ಮೂಲಕ ಕಾಲೇಜು ಪ್ರಾಂಶುಪಾಲರ ಮೂಲಕ ವಿದ್ಯಾರ್ಥಿಗಳ ಅಭಿವ್ಯಕ್ತಿ ಸ್ವಾತಂತ್ರ್ಯದ ಮೇಲೂ ದಾಳಿ ನಡೆಸಲಾಗುತ್ತಿದೆ.,angry
ಅರ್ಥ? ಸತ್ಯಗಳನ್ನು ಪರಿಗಣಿಸದೆ ಒಬ್ಬರ ಅಭಿಪ್ರಾಯವನ್ನು ನೀಡುವುದು ಏಕೆ ಮುಖ್ಯ?,angry
ಆಗ ನೀವು ಸಹ ಗೌರವಿಸಲ್ಪಡುತ್ತೀರಿ,neutral
ಗುಜರಾತ್ ಮಾದರಿಯಲ್ಲಿ ಸಂವಿಧಾನದ ಪರಿಗಣನೆ ತೀರಾ ಕಡಿಮೆ.,angry
ದೇವಿಯ ಜೊತೆ ಇರುವ ಇಂತಹ ಚಿತ್ರಗಳನ್ನು ಹಾಕಿ ಹಿಂದೂ ಧರ್ಮವನ್ನು ಅವಮಾನಿಸಬೇಡಿ.,angry
ಎಂಎನ್‌ಎಸ್ ಎಂದರೆ ಮತದಾರರಿಲ್ಲದ ಸೇನೆ,angry
ಇವರೂ ಮರಾಠಿಯ ಕೊಲೆಗಡುಕರು.,angry
ಒಮ್ಮೆ ಹರಡಿದ ನಂತರ ಅದನ್ನು ಕಾಪಾಡಿಕೊಳ್ಳಲು ಯಾವುದೇ ತೊಂದರೆ ಇಲ್ಲ,neutral
"""ಅವರು ಯಾವ 'ಸ್ಪೈಡರ್ ಮ್ಯಾನ್'?"", ಉಪಮುಖ್ಯಮಂತ್ರಿ ಫಡ್ನವೀಸ್‌ಗೆ ನಾನಾ ಪಟೋಲೆ ವ್ಯಂಗ್ಯವಾಡಿದರು; ಇಬ್ಬರ ನಡುವಿನ ಜಗಳದಲ್ಲಿ...ಎಂದರು.",angry
! ಚುನಾವಣಾ ಆಯೋಗ ಬಿಜೆಪಿಯೊಂದಿಗೆ ವಿಲೀನವಾಗುವುದಿಲ್ಲ. ಬಿಜೆಪಿಗೆ ಬಾಹ್ಯ ಬೆಂಬಲ ಮುಂದುವರಿಯಲಿದೆ.,neutral
ಈ ಮೂರು ಪಿತಾಮಹರು ದ್ವೀಪಗಳು ಮತ್ತು ನದಿಗಳು.,angry
ಉದ್ಧವ್ ಸಾಹೇಬರು ನಿಮ್ಮ ಸ್ಥಾನಮಾನಕ್ಕಿಂತ ಹೆಚ್ಚಿನದನ್ನು ಕೊಟ್ಟಿದ್ದಾರೆ ಎನ್ನುವುದನ್ನು ಮರೆತು ಇಂದು ಬೊಗಳುತ್ತಿದ್ದೀರಿ.,angry
ಭಕ್ತನ ಬಗ್ಗೆ ಹೇಳುವುದಾದರೆ ಇನ್ನೇನು ಹೇಳಲಿ?,angry
ನೀವು ಆಘಾತಗೊಂಡಿದ್ದೀರಾ? ನಿಮಗೆ ಅಲ್ಲ ಆದರೆ ಉದ್ಧವ್ ಗುಂಪಿಗೆ.,neutral
ನಿಮ್ಮ ಮೂರೂವರೆ ಜಿಲ್ಲೆಗಳ ಸಜ್ಜನರು #ದ್ರೋಹಿಗಳಿಂದ ದ್ರೋಹ ಮಾಡುವ ಸಂಪ್ರದಾಯವನ್ನು ಪ್ರಾರಂಭಿಸಿದರು,angry
ಬಿಜೆಪಿಯ ಉಮೇದುವಾರಿಕೆಗೆ ಬಲವಿಲ್ಲ. ಆದ್ದರಿಂದ ಇದು ಒಂದು ನ್ಯೂನತೆಯಾಗಿದೆ.,angry
"ಹಣದುಬ್ಬರ ದ್ವಿಗುಣ, ನಿರುದ್ಯೋಗ ದುಪ್ಪಟ್ಟು... ಪೆಟ್ರೋಲ್ ಡೀಸೆಲ್ ಟ್ರಿಪಲ್ ಈ ನವ ಭಾರತ...",angry
ಇದೆಲ್ಲ ಸರಿ ಆದರೆ ಜಾಗ ಬಿಟ್ಟು ಓಡಿ ಹೋಗುವುದು ಹೆಮ್ಮೆಯ ವಿಷಯವೇ?,angry
ರಾತ್ರಿಯಿಡೀ ಚಳಿಯಲ್ಲಿ ಪಿಸುಗುಟ್ಟುತ್ತಾ ತೆರೆದ ನೆರೆಯಲ್ಲಿ ಹಾವಿನಂತೆ ಓಡುತ್ತಿರುವೆ,sad
ರೇ ಭೋ ಚುನಾವಣೆಯಲ್ಲಿ ಸೋಲುತ್ತೇನೆ ಎಂದು ತಿಳಿದು ಕ್ಷೇತ್ರದಿಂದ ಓಡಿ ಹೋದರು,angry
ಅವಳು ಕೊಂಕಣಿಯಲ್ಲ ಆದರೆ ನೇಪಾಳಿಯಂತೆ ಕಾಣುತ್ತಾಳೆ ಆದರೆ ನೇಪಾಳಿಯಂತೆ ಕಾಣುತ್ತಾಳೆ...,angry
ನಿಧಾನ ಭಕ್ತನೇ ನೀನು ಯಾರು? ಹಿಂದುಳಿದವರಿಗೆ ಹೇಳಿದರೂ ತಿಳಿಯುವುದಿಲ್ಲ.,angry
"ನೋಡಿ, ಜಾಗೃತ ನಾಯಕರಿಗೆ ಎಲ್ಲವೂ ಗೊತ್ತು",neutral
ಈ ಭಾವೆ ಜಾಮ್ ಈಗ ಮುಗಿಲು ಮುಟ್ಟಿದೆ.,angry
ಲೇ ಹಾಸ್ಲೋ ಮುಂದಿನ ಜನ್ಮದಲ್ಲಿ ಮಹಾರಾಷ್ಟ್ರಕ್ಕೆ ಭೇಟಿ ನೀಡಲಿದ್ದಾರಾ? ದೇವರ ಬಳಿಗೆ ಹೋಗು,angry
ಲಿಖಿತ ಪ್ರಶ್ನೆಗಳನ್ನು ಕೇಳುವ ಬಗ್ಗೆ ನಾನಾ ಅಕ್ಷಯ್ ಕುಮಾರ್ ಏನು ಹೇಳುತ್ತಾರೆ? ಹೌದು,angry
ಡಾ.ಬಾಬಾ ಸಾಹೇಬ್ ಅಂಬೇಡ್ಕರ್ ಅವರು ನೀಡಿದ ನಿರ್ಣಯಗಳ ಬಗ್ಗೆ ಬಿಜೆಪಿ ಮತ್ತು ಎಎಪಿ ನಡುವೆ ವಿವಾದ ಏಕೆ?,neutral
ಸ್ವಲ್ಪ ತಪ್ಪಾಗಿದೆ. ಬಿಜೆಪಿ ಪತ್ರಕರ್ತರಿಗೆ ಅವಕಾಶ ನೀಡುವುದನ್ನು ಮುಂದುವರಿಸಲಿದೆ. ನಾವು ಪತ್ರಕರ್ತರನ್ನು ಮಾತ್ರ ನೇಮಿಸಿಕೊಂಡಿದ್ದೇವೆ,neutral
ಇದು ಸಂತೋಷಪಡುವ ವಿಷಯವಲ್ಲ.,sad
ನೀವು ದೇಶದ್ರೋಹ ಮಾಡಿದರೂ ಠಾಕ್ರೆಯವರ ಜೀವಕ್ಕೆ ಕುತ್ತು ಬರದ ಹೊರತು ನಿಮ್ಮ ರಾಜಕೀಯ ಅಸ್ತಿತ್ವ ಶೂನ್ಯ.,angry
ವಕಾಡ್ ತಪ್ಪಿಸಿಕೊಳ್ಳಲು ಬಯಸಲಿಲ್ಲ ಮತ್ತು ಲಯದಲ್ಲಿ ವೃತ್ತಗಳಲ್ಲಿ ಚಲಿಸುತ್ತಿದ್ದನು,angry
ಲೋಗೋ ಚೆನ್ನಾಗಿದೆ!! ಬಿಳಿ ಬೇಡ!!,angry
ಜನರನ್ನು ವಂಚಿಸುವ ಕಥೆಗಳು ಹೇರಳವಾಗಿವೆ,angry
ದೇಶದ್ರೋಹಿ ಬಾಳಾ ಸಾಹೇಬರ ಜ್ಯೋತಿಯನ್ನು ಶಿವಸೇನೆಗೆ ಹಸ್ತಾಂತರಿಸುವುದಾಗಿಯೂ ಹೇಳಲಿದ್ದಾರೆ,angry
ನೀವು ದೇವರಾಗಿದ್ದೀರಿ ಅಥವಾ ಏನು ಎಂದು ಬೆದರಿಕೆ ಹಾಕುತ್ತಾರೆ.,angry
ಹಾಗಾದರೆ ಅದೇ ಸಮಯದಲ್ಲಿ ಏಕೆ ಅಲ್ಲ,angry
ಈ...ಏಕಪಕ್ಷೀಯ/ಪಕ್ಷಪಾತಿ...ತಥಾಕಥಿತ ಪತ್ರಕರ್ತರು...ಇದನ್ನು...ಅವರನ್ನು ತಡೆಯುವ ಮೂಲಕ ಸಾಬೀತುಪಡಿಸಿದ್ದಾರೆ!,angry
"ಮೊದಲನೆಯದಾಗಿ, ಕೆಜೆಪಿ ಮತ್ತು ರಾಷ್ಟ್ರೀಯ ಗೇ ಸಂಘವನ್ನು ಬಹಿಷ್ಕರಿಸುವ ಸಮಯ!",angry
ಹೀಗಿರುವಾಗ ಮತ ಹಾಕುವುದು ಎಂದರೆ ಅತ್ಯಾಚಾರಿಗಳು ಮತ್ತು ಭಯೋತ್ಪಾದಕರಿಗೆ ಮತ ಹಾಕುವುದು ಎಂದು ಏಕೆ ಹೇಳಬೇಕು?,angry
ಮಣ್ಣು ಎಲ್ಲಿಂದ ಬಂತು ಎಂದು ತಿಳಿಯಬಾರದು,angry
ಎಲ್ಲೆಲ್ಲೂ ಬಾಂಬ್‌ಗಳು. ಹೋತಿಸ್ ಮೂರ್ಜಾದ ಮೇಕೆ ಬುರ್ಜಿ ಮಾಡಲು ಹೊರಟಿದ್ದ,angry
ಚುನಾವಣೆಗೆ ಸ್ಪರ್ಧಿಸಲು ನಿಮಗೆ ನಾಚಿಕೆಯಾಗುವುದಿಲ್ಲವೇ?,angry
ಇದು ಗುಜರಾತ್‌ಗೆ ಮಾಡಿದ ಅವಮಾನ.,angry
"ಚತುರನೂ ಬಂದ, ಮಾತಿನಲ್ಲಿ ಜಿಪುಣನಾಗಬೇಡ ರಾವ್!",angry
ಕೂಲಿಗಾಗಿ ಬೊಗಳುವುದು...ಆದರೆ ನಾಯಿಗಳಷ್ಟು ಬೆಲೆ ನಿನಗಿಲ್ಲ,angry
"ವಾಚಲ್ವೀರ್ ಉತ್ತರ: ಹಣದುಬ್ಬರ ಏಕೆ ಹೆಚ್ಚಾಗಿದೆ, ರೂಪಾಯಿ ಏಕೆ ಕುಸಿಯುತ್ತಿದೆ? ನಿರುದ್ಯೋಗ ಎಷ್ಟು ಹೆಚ್ಚಾಗಿದೆ?",angry
": ಸಾವಿನ ನಂತರ ವೈಶಾಲಿಯ ಕೊನೆಯ ಆಸೆಯನ್ನು ಪೂರೈಸಿದ ಕುಟುಂಬ, ಕೊನೆಯ ಆಸೆ ಏನು?",neutral
ಇದು ಘರ್ಷಣೆಯಾಗಬಹುದು...ಮಹಿಳೆಯರನ್ನು ನಿಂದಿಸುವುದು...ಬಹಳ ಬಲವಂತದ ವಾದ...,happy
ಈಗ ನೀವು ಅಡಿಕೆ ಊದಲು ವೀಳ್ಯದೆಲೆ ರಾಣಿಯನ್ನು ತೆಗೆದುಕೊಳ್ಳುತ್ತಿದ್ದೀರಾ?,angry
"ನೋಡಿ, ತರ್ಕಬದ್ಧ ಅಥವಾ ಪ್ರಾಮಾಣಿಕ ವಾದವನ್ನು ಹೊಂದಿಲ್ಲದವರು, ಅವರು ಶಾಪ ಹಾಕಲು ಪ್ರಾರಂಭಿಸುತ್ತಾರೆ",angry
ಮಿಕ್ಕಿ ತಮಾಷೆ ಮಾಡಿದರು,neutral
ರವಿಯ ಲಡ್ಡುಗಳನ್ನು ಎಸೆಯುವ ಬಗ್ಗೆ ಮಾತನಾಡುವವರಿಗೆ ರವಿಯ ಲಡ್ಡುಗಳ ಮಹತ್ವ ಅರ್ಥವಾಗಿಲ್ಲ...,angry
ನಾನು ಆವಾಸ್‌ನ ಭಯಾನಕ ರಾತ್ರಿಯಲ್ಲಿ ಬಂದೆ.,fear
ಇದಕ್ಕೂ ಮುನ್ನ ಸ್ಥಳೀಯ ಚುನಾವಣೆ ನಡೆದಾಗ ಪತ್ರ ಬರೆಯುವ ಯೋಚನೆ ಏಕೆ ಬರಲಿಲ್ಲ?,angry
"ಈ ಮನುಷ್ಯ ತುಂಬಾ ಕೀಳಾಗಿ ಮಾತನಾಡುತ್ತಾನೆ, ಅವನ ಹೆತ್ತವರು ಅವನಿಗೆ ಕೊಟ್ಟ ಮೌಲ್ಯಗಳು ...",angry
ಸೋನಾಲಿ ಬಾಯಿ ಮೋದಿ ಭಾರತಕ್ಕೆ ಸೇರದಿದ್ದರೆ ಹೀಗೆ ಹೇಳಬೇಕಾ?,angry
ರಾಜದೀಪ್ ಸರ್ದೇಸಾಯಿಯವರ ಮರಾಠಿ ಖರ್ಗೆಯವರಿಗಿಂತ ಕೆಟ್ಟದಾಗಿದೆ.,angry
ಎಲ್ಲರೂ ಕತ್ತಿ ಗುರಾಣಿ ಹಿಡಿದ ಯೋಧರಲ್ಲ ಆದರೆ ಕೆಲವರು ದೇಶದ್ರೋಹಿಗಳೂ ಹೌದು...,angry
. ಉದ್ಧವ್‌ನನ್ನು ಕೊಂದು ವರ್ಷ ಕಳೆದಿದೆಯೇ?,angry
"ದುರದೃಷ್ಟವೆಂದರೆ ದೇಶವನ್ನು ನಡೆಸುವವರಾಗಲೀ, ಯುದ್ಧ ಮಾಡುವವರಾಗಲೀ, ರೈತರಾಗಲೀ...",sad
ಇದು ಶಾಲಿಗ್ರಾಮ. ಭೋಸಲೆ ಉಪನಾಮ ಕುಖ್ಯಾತವಾಗಿದೆ.,angry
ಈಗ ಇದನ್ನು ಕೇಳಿದ ಮೇಲೆ ನನಗೆ ತುಂಬಾ ಕೋಪ ಬರುತ್ತಿದೆ... ಇದು ನಿಜವಾಗಿದ್ದರೆ ನೀವು ಖಂಡಿತವಾಗಿ ನಿಮ್ಮ ತಲೆಯನ್ನು ಬಡಿದುಕೊಳ್ಳುತ್ತೀರಿ.,angry
ಇಂದು ಕಾಸಿಕೆಡದಲ್ಲಿ ಮೋಡ ಕವಿದು ಭಾರೀ ಮಳೆಯಾಗಿದೆ.,neutral
ಮಹಾರಾಷ್ಟ್ರದ ದುಷ್ಟ ಸರ್ಕಾರ ಗುಜರಾತ್‌ಗಾಗಿ ಕೆಲಸ ಮಾಡುತ್ತಿದೆ,angry
ಟೊಳ್ಳಾದ ಬಿದಿರಿನ ಕೋಲುಗಳಿಂದ ಅವರ ಕಲ್ಲಂಗಡಿಗಳನ್ನು ಸೋಲಿಸಿ. ಅಂದರೆ ಅವರ ಅನುಕರಣೆಯ ನಾದ ಮಂಕಾಗುತ್ತದೆ.,angry
"ಮೇಡಂ, ಅವಳು ಇತರರಿಗಿಂತ ತನ್ನ ಸ್ವಂತ ಕ್ಷೇತ್ರದಲ್ಲಿ ಹೆಚ್ಚು ಬೀಳುವುದಿಲ್ಲ.",angry
ಹಾಗಾದ್ರೆ... ನಿಮ್ಮ ಮೇಲೂ ಕೇಸು ದಾಖಲು ಮಾಡಿದ್ದರೆ ಎಷ್ಟು ಕೆಟ್ಟದ್ದು.,angry
ಈ ದೇಶದ್ರೋಹಿ ಮಹಿಳೆಯ ಬಗ್ಗೆ ಮಾತನಾಡಿ.,angry
ದೇಹದಲ್ಲಿ ಶಕ್ತಿ ಇಲ್ಲದೇ ಕೋಲು ಹಿಡಿದು ಓಡುತ್ತಾರೆ,angry
ಅಂಧ ಭಕ್ತರು ಈಗ ಬೊಗಳುತ್ತಾ ಬರುತ್ತಾರೆ,angry
ದೊಡ್ಡವರು ನಿಮ್ಮನ್ನು ಬ್ಲಾಕ್ ಮಾಡುವುದರಿಂದ ಯಾವುದೇ ಪ್ರಯೋಜನವಾಗುವುದಿಲ್ಲ ಸಾರ್..,angry
ಇವತ್ತು ನಿನ್ನ ಹೆಂಡತಿ ಊಟ ಮಾಡಲಿಲ್ಲವೇ?,angry
"ಈಗ ನೀನು ಮಾಡಲಾರೆ, ಶಿಂಧೆ ನಿನ್ನನ್ನು ಶಾಶ್ವತವಾಗಿ ಮನೆಗೆ ಬೀಗ ಹಾಕಿದ್ದಾನೆ",angry
ಈ ಕತ್ತಲೆಯಲ್ಲಿ ಭಕ್ತರು ಬಾಣಗಳನ್ನು ಬಿಡಬೇಕು,angry
ಬಡವರನ್ನು ಬಡವರು ಮತ್ತು ಶ್ರೀಮಂತರನ್ನು ಅತ್ಯಂತ ಶ್ರೀಮಂತರನ್ನಾಗಿ ಮಾಡುವ ವ್ಯವಸ್ಥೆ ಇದೆ.,angry
"ಯಾರು, ಏಕೆ ಚಿತ್ರಿಸಿದ್ದಾರೆ? ಅವರಿಬ್ಬರೂ ಹನ್ನೆರಡು ಮಂದಿ",angry
ಈಗ ಕೆಲಸಗಾರರು ಬಳೆಗಳು ಅಥವಾ ದಾಂಡಿಯಾ ಚಿಹ್ನೆಗಳನ್ನು ತೆಗೆದುಕೊಳ್ಳುತ್ತಾರೆ,angry
ಪತ್ರಕರ್ತರೋ ಅಥವಾ ವಕ್ತಾರರೋ ಗೊತ್ತಿಲ್ಲ,angry
"ಆದರ್ಶ್ ಪ್ರೇರಣಾ ಪ್ಯಾಂಥರ್, ದಿವಂಗತ ಗೌರವಾನ್ವಿತ ನಾಮದೇವ್.ಡಿ.ಗಾಯಕ್ವಾಡ್, (ತಾಯಿ) ಅವರ ಪುಣ್ಯತಿಥಿಯಂದು ಅವರ ಉದಾತ್ತ ಸ್ಮರಣೆಗೆ ಹೃತ್ಪೂರ್ವಕ ಶ್ರದ್ಧಾಂಜಲಿ.",happy
ಲಾಭ-ನಷ್ಟದ ರಾಜಕಾರಣದಲ್ಲಿ ದೇಶ ಮತ್ತೆ ಗುಲಾಮಗಿರಿಗೆ ಹೋಗಬೇಕೆ?,angry
"ಅದು ಸರಿ, ಅಧಿಕಾರದ ಆಳ್ವಿಕೆ ಹೆಚ್ಚು ಕಾಲ ಉಳಿಯುವುದಿಲ್ಲ",angry
ಅವನು ಈಗಾಗಲೇ ದೇಶದ್ರೋಹಿಯಾಗಿದ್ದನು. ..ನರೇಶ್,angry
"ಓಹ್, ಅವನು ಏನು ಮಾತನಾಡುತ್ತಿದ್ದಾನೆಂದು ಅವನಿಗೆ ಅರ್ಥವಾಗಿದೆಯೇ ... ಅವನು ತನ್ನನ್ನು ತಾನೇ ನಗುತ್ತಾನೆ",angry
ನೇಪಾಳಕ್ಕೆ ಯಾವುದೇ ಬೆಲೆ ನೀಡದಿರಲು ನಾನು ನಿರ್ಧರಿಸಿದೆ.,angry
....ಪಾಪಿ ಠಾಕ್ರೆಯನ್ನು ಬೆಂಬಲಿಸುವುದೇ ದೊಡ್ಡ ಅಪರಾಧ....,angry
ಕೋಲ್ ಇಲ್ಲದೆ ಅವನು ಏನನ್ನೂ ಮಾಡಲು ಸಾಧ್ಯವಿಲ್ಲ ಎಂದು ತೋರುತ್ತಿದೆ,angry
ದೇಶದ್ರೋಹ ನಿಮ್ಮ ರಕ್ತದಲ್ಲಿದೆ ಸರ್,angry
ನಿಮ್ಮಂತಹ ಜನರನ್ನು ನೀವು ಅರ್ಥಮಾಡಿಕೊಂಡಿದ್ದೀರಾ? ಹೀಗೆ ಸಾಗಿತು...,angry
ರೈತರ ಬಗ್ಗೆ ಎಲ್ಲರಿಗೂ ಚಿಂತೆ ಇದೆ ಆದರೆ ಕೃಷಿ ಕಾರ್ಮಿಕರ ಬಗ್ಗೆ ಯಾರಿಗೂ ಚಿಂತೆ ಇಲ್ಲ.,sad
ಇಷ್ಟು ದೊಡ್ಡ ಅಭಿವೃದ್ಧಿಶೀಲ ದೇಶಕ್ಕೆ ಇದು ಅತ್ಯಂತ ನಾಚಿಕೆಗೇಡಿನ ಸಂಗತಿ.,sad
"ಉದ್ಧವ್ ಬಾಳಾಸಾಹೇಬ್ ಠಾಕ್ರೆ ಅವರ ಚುನಾವಣೆಯಲ್ಲಿ ಶಿವಸೇನೆ ಪ್ರಚಾರ ನಡೆಸಲಿದೆಯೇ? ""ಬಾಳಾ ಸಾಹೇಬರ ಶಿವಸೇನೆ""ಯನ್ನು ಬೇರು ಸಮೇತ ಕಿತ್ತೊಗೆಯಬೇಕು.",angry
ಭ್ರಷ್ಟಾಚಾರ ಕಡಿಮೆಯಾಗಿದೆ,angry
ಅದನ್ನು ಅಲ್ಲೊಂದು ಇಲ್ಲೊಂದು ತೆಗೆಯುತ್ತಿಲ್ಲ ಏಕೆ?,angry
ನೀಗ್ರೋ ಇಲ್ಲ. ವಿದೇಶಿಯರನ್ನು ಕಡಿಮೆ ಮಾಡಲಾಗಿದೆಯೇ ಎಂದು ಮೊದಲು,angry
"ಕಿಲೋ ತೂಕದಲ್ಲಿ ಮನಸ್ಸು ಶೂನ್ಯ... ಇದೇ ಉದ್ದೇಶ, ತೂಕ ಇಳಿಸುವುದು...",angry
ದಯವಿಟ್ಟು ಕಾಮಗಾರಿಯನ್ನು ವೇಗಗೊಳಿಸಿ. ವಿಳಂಬದಿಂದ ಅಭ್ಯರ್ಥಿಗಳು ಸಮಸ್ಯೆ ಎದುರಿಸುತ್ತಿದ್ದಾರೆ.,sad
ಈ ಡೈಲಾಗ್ ಹೇಳಲು ಕಳೆದ ಎರಡೂವರೆ ವರ್ಷಗಳಿಂದ ಬೆರಳುಗಳನ್ನು ಬಿಗಿಯಾಗಿ ಹಿಡಿದುಕೊಂಡಿದ್ದೀರಾ?????,angry
"ಹೇ, ಎಂತಹ ಮನುಷ್ಯ, ಸರಳವಾದ ಶ್ರದ್ಧಾಂಜಲಿಯೂ ಈ ಕ್ರೂರ ರಾಜಕೀಯವನ್ನು ಮುಳುಗಿಸುವುದಿಲ್ಲ",angry
ಈ ಮಧ್ಯವರ್ತಿಗಳಿಂದಲೇ ಜನರು ಪಕ್ಷ ತೊರೆದರು,angry
ಮನುಷ್ಯರೇ ಆಗಿದ್ದರೂ ಕೆಸರು ಹೊದ್ದುಕೊಂಡು ಓಡಾಡುತ್ತಾರೆ,angry
ಮನೆ ಮಾಲೀಕರು ಪಡೆಯುವ ಸಂಭಾವನೆಯಲ್ಲಿ ಈ ಯೋಜನೆಯನ್ನು ಉಚಿತವಾಗಿ ಜಾರಿಗೊಳಿಸಬೇಕು.,angry
ಅಂದರೆ ಟೀ ಕುಡಿದ ನಂತರ ಅವಳನ್ನು ಹೊಡೆಯಲು ಬರುತ್ತಾನೆ ಮತ್ತು ನನ್ನನ್ನು ಹೊಡೆಯುತ್ತಾನೆ,angry
ಅತುಲ್ ಸರ್ ನೀವು ಖುನಾಸ್ ಅನ್ನು ಏಕೆ ನೋಡುತ್ತಿದ್ದೀರಿ..,sad
ಅವರ ಪಕ್ಷ ಯಾವಾಗ ರಚನೆಯಾಯಿತು ಎಂಬುದು ಅಧ್ಯಕ್ಷರಿಗೇ ಗೊತ್ತಿಲ್ಲ,angry
ನನ್ನನ್ನು ಬಂಗಲೆಗೆ ಕರೆದುಕೊಂಡು ಹೋದರೆ ಸರಿಯಾಗುತ್ತದಾ?,angry
"ಗೆಲ್ಲಲು ಬಯಸುವವರು, ಆದರೆ ರಾಜಕೀಯ ಆಡುವವರು, ನಾವು ಸೋಲುತ್ತೇವೆ ಎಂದು ಹೇಳುವವರು ಪ್ರೀತಿಸುತ್ತಾರೆ",happy
ಇದು ಮೂಢನಂಬಿಕೆ,neutral
"ಅಂದರೆ, ನೀವು ಕೊಳಕು ತಿನ್ನಲು ಬಯಸಿದರೆ!!!!",angry
ಇದು ಎಲ್ಲಾ ಕಿಕ್ಕಿರಿದ,neutral
ದೇಶದ್ರೋಹಿ ಪಕ್ಷದ ನಾಯಕನ ಮಾತು ಶುರುವಾಗಬೇಕಿತ್ತು,angry
ಮುದುಕನಿಗೆ ಹುಚ್ಚು ಹಿಡಿದಿದೆಯೇ?,angry
"ಜಹೀರ್ನಾಮಾದಲ್ಲಿ ಸ್ಕೈ ಬಸ್ ಮತ್ತು ರಿಂಗ್ ರಸ್ತೆ ನಿರ್ಮಿಸಲು ಹೊರಟಿದೆ, ಆದರೆ ಅದು ಇನ್ನೂ ಕಂಡುಬಂದಿಲ್ಲ.",angry
"ಅವನು ಏನನ್ನೂ ಹೇಳಲಿಲ್ಲ, ನೀನೂ ಏನಾದರೂ ಹೇಳು ...",angry
ಈ ಪ್ರಶಸ್ತಿಯನ್ನು ಸ್ವೀಕರಿಸಲು ಹಾಜರಿರುವುದು ಮತ್ತು ಫೋಟೋ ತೆಗೆಯುವುದು ಕಡ್ಡಾಯವೇ?,angry
"ಮುಂಬೈನಲ್ಲಿ ಕಣ್ಣು ನೋವು, ಕಣ್ಣು ನೋವು ಅಥವಾ ಇನ್ಫೆಕ್ಷನ್ ಆದ ತಕ್ಷಣ ಹೀಗೆ ಮಾಡಿ...",neutral
ನಿನ್ನದೂ ಮುಗಿಯಿತು ನೋಡು ಸ್ವಲ್ಪ ಸೌದೆ ಉರಿಯುವುದಿಲ್ಲ ಅಪ್ಪ.,angry
ಕಳೆದ ಎರಡೂವರೆ ವರ್ಷದಲ್ಲಿ ನಿರ್ಮಿಸಿದ ರಸ್ತೆಗಳನ್ನು ತೆಗೆದಿದ್ದೀರಾ?,angry
ಕತ್ತೆ ಹೇಳಿತು,angry
ನಿಜವಾದ ಶತ್ರುವಿಗಿಂತ ಗುಪ್ತ ಮಿತ್ರ ಅಪಾಯಕಾರಿ ಎಂಬುದನ್ನು ಬಿಜೆಪಿ ನೆನಪಿಟ್ಟುಕೊಳ್ಳಬೇಕು.,angry
"ಈಗ ಕಪ್ಪೆ ಮಿಯಾಂವ್, ನೀವು ಯಾಕೆ ತುಂಬಾ ಭಯಪಡುತ್ತೀರಿ?",angry
"ಹೇ ಗೆಳೆಯಾ.. ನೀನೂ ರಾಯಗಢ್ ಮಾಡಿದ್ದೀಯಾ..!! ಇಲ್ಲ, ನನಗೆ ಇದು ಅರ್ಥವಾಗಲಿಲ್ಲ..!! ಈಗ..!! ಬಡವ..",angry
ದೇಶದ್ರೋಹಿಗಳಿಗೂ ಬಾಳಾಸಾಹೇಬ್ ಠಾಕ್ರೆಗೂ ಯಾವುದೇ ಸಂಬಂಧವಿಲ್ಲ.,angry
ಇದು ಅತ್ಯಂತ ಕಡಿಮೆ,angry
"ಹೇ, ಬಾಸ್ಟರ್ಡ್, ಕೋಪಗೊಳ್ಳು, ಫೇಕು ನಿಮ್ಮ ಹೊಸ ತಂದೆ.",angry
ಬಿಜೆಪಿಯಿಂದ ತಾವು ಸೋಲುತ್ತೇವೆ ಎಂಬುದು ಅವರ ಅರಿವಿಗೆ ಬಂದಿರಬೇಕು.,neutral
"ಚೇತರಿಸಿಕೊಳ್ಳದ ಕಾರಣ ವಿಷಯವು ಶಾಂತವಾದಾಗ, Waze ಮೂಲಕ ಚೇತರಿಕೆ ಬಹಿರಂಗವಾಗಿ ಪ್ರಾರಂಭವಾಯಿತು.",angry
ಇದು ದೇಶದ್ರೋಹಿಗಳ ಬಾಯಿಗೆ ಹಿಡಿಸುವುದಿಲ್ಲ,angry
"ಎಂಎನ್‌ಎಸ್ ಬಿಜೆಪಿಯ ಬಿ ಟೀಮ್ ಆಗಿದ್ದು, ಶಿವಸೇನೆ ವಿರುದ್ಧ ಮಾತ್ರ ಮಾತನಾಡಲಿದೆ.",angry
ಅಬೆಯ ಸಮಸ್ಯೆ ಏನು? ಕಾಳಜಿಯು ಅವರ ಜನರನ್ನು ಕೋಪಗೊಳಿಸುತ್ತದೆ ...,angry
ಒಂದು ವಾಸ್ತವ.. ಶಿಕ್ಷಕನ ಕೈಯಿಂದ ಬೆತ್ತ ಮಾಯವಾಯಿತು ಮತ್ತು ಜಗತ್ತು ನಿಯಂತ್ರಣ ತಪ್ಪಿತು...!,sad
ಮತಕ್ಕಾಗಿ ಏನು ಆದರೆ...!!,angry
ನೀವು ದೇಶದ್ರೋಹಿಯಾಗಿ ಉಳಿಯುತ್ತೀರಿ ಮತ್ತು ಮುಂದಿನ ಪೀಳಿಗೆಗೆ ಅದೇ ಕಳಂಕವನ್ನು ಬಿಟ್ಟಿದ್ದೀರಿ.,angry
"ಅರ್ಥಶಾಸ್ತ್ರಜ್ಞರೇ, ಕುಸಿತ ಏಕೆ ಆಗುತ್ತಿದೆ ಎಂದು ಹೇಳಬಲ್ಲಿರಾ?",angry
"ಯಾಕೆ ನಗುತ್ತೀಯ, ಮದುವೆಯ ಆಮಂತ್ರಣ ಸಿಗಲಿಲ್ಲ",sad
"ಈಗ ಫಡ್ನವೀಸ್ ಏನು ಮಾಡಿದರು, ಅವರನ್ನು ಏಕೆ ತೆಗಳುತ್ತಿದ್ದಾರೆ.",neutral
ಅವರು ಹೆಸರಿಗೆ ಮಾತ್ರ ಮುಖ್ಯಸ್ಥರಾಗಿ ಉಳಿದಿದ್ದಾರೆ ಮತ್ತು ಎಲ್ಲಾ ಆದೇಶಗಳನ್ನು ಬಾರಾಮತಿಯ ಭವಿಷ್ಯದ ಪ್ರಧಾನಿ ಅವರಿಗೆ ನೀಡಲಾಗುತ್ತದೆ.,angry
ಘೃಷ್ಣೇಶ್ವರನ ವಿಷಯವೂ ಹಾಗೆಯೇ.,neutral
ಜನರು ಹುಚ್ಚರು ಎಂದು ಭಾವಿಸುತ್ತಾರೆಯೇ?,neutral
"ನಿಮ್ಮ ಪೆಟ್ಟಿಗೆಯಿಂದ ನೀವು ಅದನ್ನು ಅನುಭವಿಸುತ್ತೀರಾ, ಸರ್?",angry
ಆದರೆ ನೀವು ಪಾಕಿಸ್ತಾನದ ರಾಷ್ಟ್ರೀಯ ಭಾಷೆಯಲ್ಲಿ ಏಕೆ ಮಾತನಾಡುತ್ತಿದ್ದೀರಿ?,angry
"ಹೇ, ನಿಮ್ಮ ಎದೆಯನ್ನು ನೇರಗೊಳಿಸಬೇಡಿ",angry
ಏನ್ ನಿದ್ದೆ ಮಾಡ್ತಿದ್ದೀಯಾ?... ಗೃಹ ಮಂತ್ರಿ ಎಲ್ಲಿ?,angry
ಎಷ್ಟೇ ಹಸಿದಿದ್ದರೂ...,angry
ಕ್ಯಾಪ್ ಕಪ್ಪು ಮತ್ತು ಹೃದಯವೂ ಕಪ್ಪು!,angry
ನೀವು ಕುರುಡರು ಮತ್ತು ನಿರುದ್ಯೋಗಿಗಳೂ ಆಗಿದ್ದೀರಿ,angry
ಶಾಸಕರು ಅಲ್ಲಿಂದ ಬಂದಿದ್ದು ಮುಂಬೈಗೆ ಬರುತ್ತಾರೆ....ಔರಂಗಾಬಾದ್ ನಲ್ಲಿ ಇಷ್ಟು ಒಳ್ಳೆಯ ಆಸ್ಪತ್ರೆ ಇಲ್ಲವೇ...?,angry
ನೀವು ಆರಿಸಿದರೆ ನೋಡಿ,neutral
) ಜೋಶಿ ವಡೆವಾಲೆ ) ವಡೆವಾಲೆ ಜೋಶಿ ನಮಗೆ ಎಲ್ಲಿಯೂ ಶಾಖೆ ಇಲ್ಲ!,neutral
ಇದು ಶುದ್ಧ ಸಜ್ಜನಿಕೆ ಮನುಷ್ಯ,angry
"ಇಲ್ಲ, ದೇಶದ್ರೋಹಿಗಳು ಮತ್ತೆ ಎದ್ದು ತಮ್ಮ ಸ್ಥಾನವನ್ನು ತೋರಿಸುತ್ತಾರೆ",angry
ತಮ್ಮ ಇಡೀ ಜೀವನವನ್ನು ಬೆದರಿಸುವ ಮತ್ತು ಜನರನ್ನು ಬೆದರಿಸುವುದರಲ್ಲಿ ಕಳೆದವರು ಹಾಗೆ ಏನನ್ನೂ ಹೇಳಬಾರದು.,angry
"ಇಡೀ ದೇಶವೇ ಕುರುಡಾಗಿದ್ದು, ಒಂದೂವರೆ ಮಾತ್ರ ಸುಭದ್ರವಾಗಿದೆ",angry
ಮೊದಲು ನಿಮಗೆ ಬಾಳಾ ಸಾಹೇಬರು ಆದರೆ ಮುಖ್ಯ ಬಾಳಾ ಸಾಹೇಬರು ದೇವರಸ್.. ಅಣಜಿಪಂತ ಸರಿಯಾಗಿ ಅರ್ಥಮಾಡಿಕೊಂಡಿದ್ದಾರೆ..,angry
"ಇಲ್ಲ, ನೀವು ಏನು ಮಾಡಬಹುದು?",neutral
ಇದು ಉದ್ಧವ್ ಸಾಹೇಬರ ತಂದೆಗೆ ಸೇರಿದ್ದು,neutral
ನಿಮಗೆ ಬೇರೆ ಯಾವ ಕೆಲಸವಿದೆ?,angry
ಅವನ ಮೆದುಳಿಗೆ ನಿಜವಾಗಿಯೂ ನಿದ್ರೆ ಬೇಕು. ಏನು ನಡೆಯುತ್ತಿದೆ?,angry
ಯಾರು ಅಳುತ್ತಿದ್ದಾರೆ ಎಂದು ನ್ಯಾಯಾಲಯ ಹೇಳಿದೆ. ಕೊಳಕು ರಾಜಕಾರಣ ನಡೆಯುತ್ತಿದೆ ಎಂದರು.,angry
ನೀವು ಅದೇ ಬ್ರಹ್ಮಾಂಡದ ಭಾಗವಾಗಿದ್ದೀರಿ,angry
"ತಾಯ್ ಒಬ್ಬ ಮೂರ್ಖ, ಅವನು ಏನು ಬರೆಯುತ್ತಾನೆಂದು ಅವನಿಗೆ ಅರ್ಥವಾಗುವುದಿಲ್ಲ",angry
ಈಗ ಈ ಮೂರ್ಖ ದೇಶದ ರಾಜತಾಂತ್ರಿಕ ಸಲಹೆಗಾರನಾಗಿದ್ದಾನೆ.,angry
ಛತ್ರಪತಿ...ಯಶವಂತರಾವ್ ಚವಾಣ್....ಶರದ್ ಪವಾರ್....ಠಾಕ್ರೆ... ದೆಹಲಿಯಲ್ಲಿ ಮಹಾರಾಷ್ಟ್ರದ ಹೆಸರು ಗಳಿಸಿ... ಕಳೆದುಕೊಂಡರು.,sad
ಇಷ್ಟೆಲ್ಲಾ ಆಗಿದ್ದರೆ ಠಾಕ್ರೆಯವರ ಮೇಲೆ ಏಕೆ ಪೊರಕೆ ಎಸೆಯಲು ನೀವು ಬಯಸಿದ್ದೀರಿ ಎಂದು ನೀವು ಹೇಳುತ್ತೀರಿ?,angry
"ಹೌದು, ಚಮ್ ಬಾ ಲೋಕಸಭೆಗೆ ಹೋಗಬೇಕಿತ್ತು.",angry
"ಉದಯ್, ಕೆಳಗಿನ ಕಾಮೆಂಟ್‌ಗಳನ್ನು ಓದಿ, ಜನರು ನಿಮ್ಮನ್ನು ಬಂಡುಕೋರರನ್ನು ತುಂಬಾ ನಿಂದಿಸುತ್ತಾರೆ.",angry
ಆದುದರಿಂದಲೇ ಮಹಿಳೆಯರನ್ನು ಟ್ರೋಲ್ ಮಾಡುವ ಮೂಲಕ ಪೌರುಷ ತೋರಿಸುತ್ತಿರುವುದು ನಿಜವಾಗಿದೆ.,angry
ಔರಂಗಾಬಾದ್‌ನ ಸಿಡ್ಕೋ ಪೊಲೀಸ್ ಠಾಣೆಯಲ್ಲಿ ಪ್ರಕರಣ ದಾಖಲಾಗಿದೆ.,neutral
ಈಗ ನಾನು ಅದನ್ನು ಚಿಕ್ಕ ಹುಡುಗನಂತೆ ಮಾಡಲು ಪ್ರಾರಂಭಿಸುತ್ತೇನೆ,angry
ನಿಮಗೆ ಆಗಲೇ ಗೊತ್ತಿತ್ತಾ.. ಇಷ್ಟು ವರ್ಷ ಏನಾಗ್ತಿತ್ತು?,angry
ನಿಧಾನ ಸೈನಿಕರು ಬಳೆಗಳನ್ನು ಒಡೆಯಲು ಬಂದಿದ್ದರೇ?,angry
ಆಗಲೂ ಬರಿ ಬೆರಳುಗಳನ್ನು ಧರಿಸಿದ್ದಕ್ಕಾಗಿ ಶಿವಸೈನಿಕರು ಕಪಾಳಮೋಕ್ಷ ಮಾಡಿದರು.,angry
ರೈತ ವರ್ಗದ ದುರದೃಷ್ಟಕರ ಸತ್ಯವನ್ನು ಯಾರು ಪ್ರಸ್ತುತಪಡಿಸುತ್ತಾರೆ ...,sad
ನಿಮ್ಮ ಅಭ್ಯರ್ಥಿ ಸಿಡಿದೇಳುವಷ್ಟು ಹಠ ಹಿಡಿದಿದ್ದರಿಂದ ಓಡಿ ಹೋಗಿದ್ದೀರಿ,angry
ಕೆಳಗಿನಿಂದ ಸುಟ್ಟರೆ ಎಲ್ಲರಿಗೂ ಕಷ್ಟ,fear
ಈ ಕೃತ್ಯ ಅತ್ಯಂತ ದುರದೃಷ್ಟಕರ. ಇಂತಹ ಕೃತ್ಯ ಎಸಗುವುದನ್ನು ನಿಷೇಧಿಸಬೇಕು,angry
ಪಂಢರಪುರದಲ್ಲಿ ಸಂಸ್ಕೃತಿ ಎಲ್ಲಿ ಹೋಯಿತು?,neutral
ಇತ್ತೀಚಿನ ದಿನಗಳಲ್ಲಿ ಪಕ್ಷಪಾತವಿಲ್ಲದ ಅಭಿಪ್ರಾಯಗಳನ್ನು ನೀಡುವವರು ಬಹಳ ಕಡಿಮೆ!,neutral
"ಇದು ಬ್ರೋಕರ್ ಎಂದು ನಾನು ಭಾವಿಸುತ್ತೇನೆ, ನೀವು ಹಣವನ್ನು ನೋಡಿದ್ದೀರಾ?",angry
"ನೀವು ಎಂದಾದರೂ ಮುಂದೆ ಬರುತ್ತೀರಾ ಅಥವಾ ಎಂದಿಗೂ, Twitter ಗೆ ನಿಮ್ಮ ಗುಲಾಮಗಿರಿಯನ್ನು ಮುಂದುವರಿಸುತ್ತೀರಾ?",angry
ಗುಜರಾತಿನ ನಾಗರಿಕರು ಮೋದಿಯನ್ನು ವಿರೋಧಿಸಲು ಪ್ರಾರಂಭಿಸಲಿಲ್ಲ.,neutral
ಒಳ್ಳೆ ಏರು.. ದೇಶ ಕೊಂದೆಯಾ?,angry
"ಸಿಕ್ಕಿದ ಪೆಟ್ಟಿಗೆಯಿಂದಲೇ ಕೊಡಬೇಕು, ಸಾರ್ವಜನಿಕರ ಹಣವನ್ನು ಹೀಗೆ ಪೋಲು ಮಾಡಬಾರದು.",angry
ಅಂದರೆ ಪೆಟ್ಟಿಗೆಗಳು ಖಾಲಿಯಾಗಲಿಲ್ಲ ಮತ್ತು ಪಿಂಚಣಿ ಜಾರಿಗೆ ಬಂದಿತು.,angry
ಇಂತಹ ವಿಷಯಗಳು ದೇಶದ ಹಣಕಾಸು ಸಚಿವರಿಗೆ ಹಿಡಿಸುತ್ತವೆಯೇ???,angry
ಫಡ್ನವಿಸ್ ತನ್ನ ಪರವಾಗಿ ಮಾತನಾಡಲು ಸಾಧ್ಯವಾಗದ ಕಾರಣ ಹಂದಿಗಳನ್ನು ಸಾಕಿದ್ದಾರಾ?,angry
"ಮಕ್ಕಳ ಮಲಗುವ ಸಮಯದಲ್ಲಿ ""ನಾನು ನಿನ್ನನ್ನು ನಾಳೆ ಕೊಲ್ಲುತ್ತೇನೆ"" ಎಂದು ಸಂದೇಶಗಳನ್ನು ಬಿಡಿ.",angry
ಇಂದು ನಿರುದ್ಯೋಗಿಗೆ ಹಸಿವಿನಿಂದ ಇರಲು ಸಾಕಷ್ಟು ಕೆಲಸ ಸಿಕ್ಕಿದೆ... ಮುಂದುವರಿಸಿ,angry
"ಈಗ ಏಡಿ, ಪಾಲಿನ ಆವಿಷ್ಕಾರಕರೂ ರಾಜಕೀಯಕ್ಕೆ ಬರತೊಡಗಿದರು...!",angry
ನನ್ನ ಪ್ರಕಾರ ಅಲ್ಲಿಯೂ ಸಾಕಷ್ಟು ಸ್ವಜನಪಕ್ಷಪಾತವಿದೆ.,neutral
"ವಾಹನಗಳು ನೀರಿನಿಂದ ಹರಿಯುತ್ತಿದ್ದವು, ಈಗ ಅವುಗಳ ಹಿಂದೆ ಓಡಿ ಸೂರ್ಯವಂಶಿಗಾಗಿ ಇಲ್ಲಿ ಕುಳಿತಿವೆ",angry
ಅನೇಕ ಜನರು ಈ ರೀತಿಯ ಹುಳುಗಳನ್ನು ಹೊಂದಿದ್ದರು.,angry
"OBC ಕಾರ್ಪೊರೇಶನ್ ಅನ್ನು ಯಾವಾಗ ನೇಮಕ ಮಾಡಲಾಗುತ್ತದೆ? ಕೇವಲ ನೇಮಕಾತಿಗಳಿಂದ ತೃಪ್ತರಾಗಬೇಡಿ, ಆದರೆ ಅವರಿಗೆ ಹಣಕಾಸು ಒದಗಿಸಿ!",neutral
ನೀವು ಕಟ್ಟಾ ಹಿಂದೂ ಎಂದು ಹೇಳಿದರೆ ಸಾವರ್ಕರ್‌ಗೆ ಭಾರತ ರತ್ನ ಏಕೆ ನೀಡಬಾರದು.,angry
"ಮಹಾರಾಷ್ಟ್ರದ ಅಭೂತಪೂರ್ವ ರಾಜಕೀಯ ಅಸಹಾಯಕತೆಗೆ ಅತ್ಯುತ್ತಮ ಉದಾಹರಣೆಯೆಂದರೆ, ""ನಾವು ಮರಾಠಿಯಲ್ಲಿ ಮಾತನಾಡಿದರೆ ಅದು ಕೆಲಸ ಮಾಡುತ್ತದೆ?""",angry
ಒಂದೇ ಸ್ಥಳದಲ್ಲಿ ಇಂತಹ ಅಪಾಯಕಾರಿ ಮಳೆಯನ್ನು ನೋಡಿಲ್ಲ...,fear
ಎಲ್ಲ ತರಕಾರಿಗಳ ಬೆಲೆಯೂ ಹೆಚ್ಚಾಗಿದೆ. ಶುಭೋದಯ!,neutral
"ಈಗ ನಾವು ಈ ಬೀದಿ ನಾಯಿಗಳಿಂದ ಕಲಿಯಬೇಕಾಗಿದೆ, ನಾವು ಪ್ರತಿದಿನ ಅಂತಹ ನಾಯಿಗಳನ್ನು ಓಡಿಸುತ್ತೇವೆ",angry
ನಿಮ್ಮಲ್ಲಿ ಯಾರಾದರೂ ಆಹ್ವಾನಿಸದೆ ಪಾಕಿಸ್ತಾನಕ್ಕೆ ಹೋಗಿ ಬಿರಿಯಾನಿ ತಿಂದಿದ್ದೀರಾ?,angry
ನೀವು ಎಂಎನ್ಎಸ್ ನಾಯಕರು ತಮ್ಮ ಕೈಲಾದಷ್ಟು ಕೆಲಸ ಮಾಡುತ್ತಿದ್ದೀರಿ ಮತ್ತು ಬಿಜೆಪಿಯ ಕೆಲಸವನ್ನು ಮಾಡುತ್ತಿದ್ದೀರಿ.,angry
"ಬಾಂದ್ರಾ ರೈಲು ನಿಲ್ದಾಣದ ಬಳಿ ಶಿಥಿಲಗೊಂಡ ಸ್ಕೈವಾಕ್ ಕುಸಿದಿದೆ, ಆದರೆ...",neutral
ತೊಳೆದ ಅಕ್ಕಿಯಂತೆ...ಅಲ್ಲಿಯೇ ನಿಜವಾದ ಭ್ರಷ್ಟರು ಇರುತ್ತಾರೆ ಅಲ್ಲವೇ?,angry
ನಿಮ್ಮ ಬಟ್ಟೆ ಕೊಳಕಾಗಿದ್ದರೆ ಬೇರೆಯವರ ಬಟ್ಟೆ ಒಗೆಯಲು ಏಕೆ ಹೋಗುತ್ತೀರಿ?,angry
ಇಲ್ಲಿಯವರೆಗೆ ಈ ಚಹಾ-ಬಿಸ್ಕತ್ತು ಚುನಾವಣಾ ಆಯೋಗವನ್ನು ಬಿಜೆಪಿಯ ಬಿ-ಟೀಮ್ ಎಂದು ಕರೆಯುವ ಮೂಲಕ ಪ್ರಚಾರ ಮಾಡಲಾಗುತ್ತಿದೆ.,angry
"ಅವನು ದೊಡ್ಡವನು.. ಸರಿ, ಆ ನಿರ್ಭೀತ ಒಡಕದ ಬಗ್ಗೆ ಭಕ್ತರು ಏಕೆ ಯೋಚಿಸಿದರು?",angry
ಮುಂಜಾನೆ ನನ್ನನ್ನು ಹಸಿ ಕೊಂದಿದ್ದೀಯಾ.. ಶೀತಲ್ ಜೀ..,angry
ಅಸಹ್ಯಕರ ನೋಟಗಳಿರುವ ಈ ಮಹಿಳೆಯ ವಿರುದ್ಧ ಪ್ರಕರಣ ದಾಖಲಿಸುವುದೇ?,angry
ನೀವು ಥಂಬ್ಸ್‌ನಲ್ಲಿ ಒಳ್ಳೆಯವರು ಎಂದು ಇಡೀ ಜಗತ್ತಿಗೆ ತಿಳಿದಿದೆ,angry
"ರೂಡಿಯ ದಾವೊ ಸೂಪರ್ ಪವರ್ ಮುಂಬೈನಲ್ಲಿ ಅಭ್ಯರ್ಥಿಗಳನ್ನು ಪಡೆಯುವುದಿಲ್ಲ, ಆದ್ದರಿಂದ ಅವರ ಮೌಲ್ಯ ಏನು ಎಂದು ನಿಮಗೆ ತಿಳಿದಿದೆ",angry
ಅವರು ಅದರ ಬೆಲೆಯನ್ನು ಪಾವತಿಸಲು ಬಯಸುವುದಿಲ್ಲ. ಇವರು ನಿಧಾನ ಸೈನಿಕರು,angry
ಶಿಂಧೆ ಫಡ್ನವೀಸ್ ಸರ್ಕಾರ ಲೂಟಿ ಮಾಡುವ ಸರ್ಕಾರ,angry
ಇದು ಪ್ರಾಮಾಣಿಕ ಪತ್ರಕರ್ತರು ಮತ್ತು ಚಾನೆಲ್‌ಗಳ ಕೆಲಸವೇ ಹೊರತು ದೇಶದ್ರೋಹಿ ಪತ್ರಕರ್ತರಲ್ಲ.,angry
"ನಿಮಗೆ ಕಣ್ಣುಗಳಿವೆಯೇ? ಹಿಂದೂ, ಜಾತಿ ಎಂಬ ಪದಗಳು ಎಲ್ಲಿವೆ?",angry
ಇದು ನಿಮ್ಮ ಮೂರ್ಖ ದಿವಾಳಿತನ. ......,angry
ಭಾರತವು ಮಡ್ಜಿಯೊಂದಿಗೆ ಜಗತ್ತನ್ನು ಮುನ್ನಡೆಸುತ್ತಿದೆ ಮತ್ತು ಎರೆಹುಳುಗಳು ಭಾರತದಲ್ಲಿ ವಿಹರಿಸುತ್ತಿವೆ,angry
"ಅಪ್ಪಾ ಹೀಗೆ ಹೇಳಬಾರದಿತ್ತು, ಸಾರಿ ಬ್ರದರ್ ಹೇಳಬೇಕೆನಿಸಿತು",angry
ಬಂಗಲೆಗೆ ಕರೆದೊಯ್ದು ಕೊಂದಿದ್ದಕ್ಕೆ ಏನು ಬಹುಮಾನ ಕೊಟ್ಟರು?,angry
"ಮರಾಠವಾಡದಲ್ಲಿ ಮತ್ತೆ ಭಾರೀ ಮಳೆ, 'ಈ' ಜಿಲ್ಲೆಗಳಿಗೆ ಹಾನಿ!",neutral
"ಟಾಟಾ ಸಮೂಹದಿಂದ ದೊಡ್ಡ ಹೆಜ್ಜೆ! ಲಿಸ್ಟೆಡ್ ಕಂಪನಿಗಳ ಸಂಖ್ಯೆ ಅರ್ಧದಷ್ಟು ಕಡಿಮೆಯಾಗುತ್ತದೆ, ಲಕ್ಷಾಂತರ ಷೇರುದಾರರ ಮೇಲೆ ಪರಿಣಾಮ ಬೀರುತ್ತದೆ.",neutral
ಹಿಂದುತ್ವದ ಮೇಲೆ ದಾಳಿ ನಡೆದ ಕ್ಷಣದಲ್ಲಿ ಶೀಲಕ್ ಸೇನೆ ಕೂಡ ಇದೇ ರೀತಿ ಕೊನೆಗೊಳ್ಳುತ್ತದೆ ಎಂದು ನಿರ್ಧರಿಸಲಾಯಿತು.,angry
ಶರದ್ ಪವಾರ್ ಹೆಚ್ಚು ಅಪಾಯಕಾರಿಯೇ ಅಥವಾ ಕಡಿಮೆಯೇ? ಸುಮ್ಮನೆ ಉತ್ತರಿಸಿ.,angry
ಈ ಜನರು ಶಿಂಧೆ ಗುಂಪನ್ನು ವಿರೋಧಿಸಿದ್ದರು,neutral
ಈಗ ಯಾರೂ ಈ ಕರೆಯನ್ನು ಸ್ವೀಕರಿಸುತ್ತಿಲ್ಲ,neutral
ಈ ಹಿಂದೆ ಕಿರುತೆರೆ ನಟಿ ಕಾನಿಷ್ಕಾ ಸೋನಿ ಸಾಜಿದ್ ಖಾನ್ ವಿರುದ್ಧ ಆರೋಪ ಮಾಡಿದ್ದರು.,neutral
ಈ ಮಹಿಳೆ ಈಗ ಪೂರ್ಣ ಮಹಾಶಕ್ತಿಯೊಂದಿಗೆ ಸಮಾಧಿ ಮಾಡಲಾಗುವುದು,happy
ಇದು ಏಕೆ ಸಂಭವಿಸುತ್ತದೆ? ನಿಮ್ಮೊಳಗೆ ಏನಾದರೂ ಆಟವಿರಬೇಕು.,fear
ಆ ವರ್ಷದಿಂದ ಅಂತಹ ಯಾರಾದರೂ ಕಾರ್ಯಕರ್ತನಾಗಿ ಅನುಯಾಯಿಗಳನ್ನು ಪಡೆಯಲು ಹೊರಟರು. ಎಂತಹ ಕಾಕತಾಳೀಯ,angry
ಬಡತನದ ಸಮಯದವರೆಗೆ ಅದು ಉತ್ತಮವಾಗುತ್ತಿತ್ತು. ಮಕ್ಕಳು ಸಮಯಕ್ಕೆ ಸರಿಯಾಗಿ ಮನೆಗೆ ಬರುತ್ತಿದ್ದರು.,neutral
ರಾಜ್ಯ ಸೇವಾ ಸೀಟು ಕಡಿಮೆ ಮಾಡುವ ಬಗ್ಗೆ ಏನಾದರೂ ಮಾಡಿ ಸಾರ್.. ಈ ಸರ್ಕಾರ ಕೇಳುತ್ತಿಲ್ಲ,neutral
ಇದು ನಮ್ಮ ದೇಶದಲ್ಲಿ ಹೆಚ್ಚುತ್ತಿರುವ ಕೊಳಕು ಎಂಬುದಕ್ಕೆ ಉತ್ತಮ ಉದಾಹರಣೆ!!! ದೇವರೇ ದಯವಿಟ್ಟು ನಮ್ಮನ್ನು ಕಾಪಾಡು!!!,angry
- ಅರಣ್ಯ ಇಲಾಖೆಯಿಂದ ಹುಲಿ ಸೆರೆ; ಜನರ ಮೇಲೆ ದಾಳಿ ಮಾಡಲಾಯಿತು,neutral
"""ಅಪ್ಪೆ"" ಅಂತ ಅಂಜುಬುರುಕರಾಗಬೇಡಿ ಸಾರ್. ಇತರರ ಬಗ್ಗೆಯೂ ಯೋಚಿಸಿ...",angry
ಈ ದಿನಗಳಲ್ಲಿ ಹಂಶಾಂಟಾಂಗ್‌ಗಳು ಸಹ ಜನಪ್ರಿಯವಾಗಿವೆ,angry
ಶಿಂಧೆಯ ಚಿಂದಿ ಆಯುತ್ತೆ..! ಇದು ಕಪ್ಪು ಕಲ್ಲಿನ ಮೇಲೆ ಬಿಡಿಸಿದ ಬಿಳಿ ಗೆರೆ.,angry
ಅವರೊಂದಿಗಿನ ನಿಮ್ಮ ಹೋರಾಟದಲ್ಲಿ ಠಾಕ್ರೆ ನಾಗನನ್ನು ಏಕೆ ಮಾನಹಾನಿ ಮಾಡುತ್ತಿದ್ದಾರೆ,angry
ಕ್ಷೇತ್ರಕ್ಕೆ ಬಂದು ಚುನಾವಣೆಗೆ ಸ್ಪರ್ಧಿಸುವುದು ಅಷ್ಟು ಕಷ್ಟವೇ ಹೇಳಿ?,angry
ಎಷ್ಟು ಮಳೆಯಾಗಬೇಕು ಎಂಬುದನ್ನು ಮುನ್ಸಿಪಲ್ ಕಾರ್ಪೊರೇಷನ್ ನಿರ್ಧರಿಸುವುದಿಲ್ಲ - ಉಪಮುಖ್ಯಮಂತ್ರಿ ದೇವೇಂದ್ರ ಫಡ್ನವಿಸ್.,neutral
ಈಗ ಮುಂಭಾಗದಿಂದ ಫುಲ್ ಟಾಸ್ ಬಂದಾಗ ತಂಡವನ್ನು ಸೋಲಿಸುವುದು ಅನಿವಾರ್ಯವಾಗಿದೆ.,happy
ಬಿಜೆಪಿಗೆ ಎಲ್ಲ ಜನ ಸಾಮಾನ್ಯರು ಅರ್ಥವಾಗದ ಹಾಗೆ ಕಾಣುತ್ತಿದೆ,angry
ಇವನೇ ಜಗತ್ತಿನ ಅತ್ಯಂತ ಕೀಳು ಗುರು... ಈ ನೀಚ ಕಪಟಿಗೂ ದೇವರು ಶಿಕ್ಷೆ ಕೊಡುತ್ತಾನೆ...,angry
"ಇದು ನೀಚತನದ ಉತ್ತುಂಗವಾಗಿದೆ, ಮಹಾನ್ ಶಕ್ತಿಗಳು ವಿಧವೆ ಮಹಿಳೆಗೆ ಹೆದರುತ್ತಾರೆ.",angry
ಇಲ್ಲ... ಬಿಜೆಪಿಯ ದಾಸ ದ್ರೋಹಿ ಸೇನೆಯನ್ನು ಬೇರು ಸಮೇತ ಕಿತ್ತು ಹಾಕಿ,angry
ಆದರೆ ಹಸುವನ್ನು ಕೊಂದು ತಿಂದ ಕೇರಳದ ವ್ಯಕ್ತಿಯನ್ನು ಏಕೆ ಕರೆದುಕೊಂಡು ಹೋದರು?,angry
ಉಪನಗರಗಳಲ್ಲಿನ ಅನೇಕ ಸೇತುವೆಗಳು ಸಹ ಭಾಗಶಃವಾಗಿವೆ. ಆದರೆ ನೀವು ಬಹುಶಃ ಅದನ್ನು ಸೇರಿಸಲು ಬಯಸುವುದಿಲ್ಲ,angry
MNS ತನ್ನ ವೈಭವವನ್ನು ಬಿಟ್ಟುಕೊಟ್ಟ ನಂತರ ಮತ್ತೆ ತೊಂದರೆಗೆ ಸಿಲುಕಬಹುದು; ಬಂಧನದ ನೇತಾಡುವ ಕತ್ತಿ,fear
ಶೆಂಬಾದ್ ಪೊರಗ್ ಸಂಗೆಲ್ ಇವರ ಕೈಗಾರಿಕೆಗಳು,angry
"ಮರಾಠಿಗೆ ಕಾಯುವ ಹಕ್ಕಿಲ್ಲ, ಪ್ರಿಯ ಕುದುರೆ!",angry
'ಬೆಲೆ ಕೊಟ್ಟು ಶಿವಸೇನೆಯನ್ನು ಮುರಿದ ಬಿಜೆಪಿ'; ಜಯಂತ್ ಪಾತಾಳ ಆರೋಪ,angry
ಸರ್ಕಾರ ಏನೇ ಮಾಡಿದರೂ ಕೆಲವರಿಗೆ ಸಮಾಧಾನವಿಲ್ಲ! ಅದೆಂತಹ ನೀತಿ ಅವನದು!,angry
ವಕೀಲರು ನ್ಯಾಯಾಲಯದಲ್ಲಿ ಕೆಲಸ ಮಾಡುವುದಿಲ್ಲ ಆದ್ದರಿಂದ ಅವರು ಇಲ್ಲಿ ಅಭ್ಯಾಸ ಮಾಡುತ್ತಾರೆ.,angry
ನೀವು ಚುನಾವಣೆಯಲ್ಲಿ ಸೋತಾಗ ದಾರಾ ಎಲ್ಲಿ ಹೋಗಿದ್ದರು?,angry
"ಭೀಕರ ದುರಂತ, ಮತ್ತು ಮಹಾರಾಷ್ಟ್ರದ ಉಳಿದ ಭಾಗಗಳು ನರಳುತ್ತಿವೆ.",sad
"ಇದು ನಿಜ, ಆದರೆ ಅದನ್ನು ಮಾಡುವವರು ಬಹಳ ಕಡಿಮೆ",neutral
ಹೆಚ್ಚಿನದರಿಂದ ಎಲ್ಲವೂ ನಡೆಯುತ್ತಿದೆ,neutral
ಒಂದೇ ದೇಶವನ್ನು ಉಳಿಸಿಕೊಳ್ಳಲು ಸಾಧ್ಯವಿಲ್ಲ ಮತ್ತು ನೇಪಾಳವು ಭಾರತದೊಂದಿಗೆ ವಿಲೀನಗೊಳ್ಳುತ್ತದೆ ಎಂದು ಹೇಳಲಾಗುತ್ತದೆ.,neutral
ಅತಿವೃಷ್ಟಿಯಿಂದ ಕಂಗೆಟ್ಟ ರೈತನ ಮಗುವಿನ ಸ್ಥಿತಿ ಹೃದಯಸ್ಪರ್ಶಿಯಾಗಿದೆ,sad
ಗುಂಡು ಹಾರಿಸಿಕೊಂಡು ಬಿಜೆಪಿ ನಗರಾಧ್ಯಕ್ಷ ಆತ್ಮಹತ್ಯೆ...,sad
ಪ್ರಮುಖ ವಿಷಯಗಳನ್ನು ಹೊರತುಪಡಿಸಿ ಎಲ್ಲವನ್ನೂ ನಿಮಗೆ ತೋರಿಸಲಾಗಿದೆ...,neutral
ಅಧಿಕಾರಕ್ಕಾಗಿ ಏನು ಬೇಕಾದರೂ ಮಾಡುವ ರಾಜಕಾರಣಿಗಳು. ನಿಮ್ಮ ಅಂತ್ಯವು ಭಯಾನಕವಾಗಿರುತ್ತದೆ.,angry
ಪಾತ್ರೆಗಳ ಸಂಗ್ರಹವನ್ನು ಸಂಗ್ರಹಿಸಬೇಕು ಇಲ್ಲದಿದ್ದರೆ ಪ್ರತಿಯೊಂದನ್ನು ತೋರಿಸಲಾಗುತ್ತದೆ. ದಾಳಿಯ ನಂತರ ಸಂತೋಷ್ ಬಂಗಾರ್ ಅವರ ಆಕ್ರಮಣಕಾರಿ ಪ್ರತಿಕ್ರಿಯೆ.,angry
ಉಳಿದ ಶೇಣಿಕಾನ್‌ಗಳು ಸಂತೋಷವಾಗಿರುವುದಿಲ್ಲ.. ಭವಿಷ್ಯದಲ್ಲಿ ರಿತುಜಾ ಲಟ್ಕೆ ಕೂಡ ಶಿಂಧೆ ಗ್ರೂಪ್‌ಗೆ ಸೇರುತ್ತಾರೆ.,angry
ಕಾಂಗ್ರೆಸ್ ಬಂದಿದೆಯಾ? ಹಾಗಾದರೆ ನೀವು ಯಾಕೆ ಛಕ್ಕಿಯಾ ನೃತ್ಯ ಮಾಡುತ್ತಿದ್ದೀರಿ?,angry
ಲೋಕಸತ್ತಾ ಮಾರಾಟ ಮಾಡಬಹುದಾದ ಪತ್ರಿಕೆ. ಗಿರೀಶ್ ಕುಬೇರ್ ಒಬ್ಬ ಸುಳ್ಳುಗಾರ.,angry
ಅದು ಸತ್ತಾಗ ಅದನ್ನು ಸಮಾಧಿ ಮಾಡಿ,angry
ಇದು ಜನಾಂಗೀಯವಾಗಿದೆ,angry
ರಾಜಕೀಯ ಧರ್ಮ ಮತ್ತು ಸಂಪ್ರದಾಯದ ಸುತ್ತ ಸುತ್ತುವುದರಿಂದ ಬಿಜೆಪಿ ಇದನ್ನು ಮಾಡುತ್ತದೆ ಎಂದು ನಾನು ಭಾವಿಸುವುದಿಲ್ಲ,neutral
ಬಾಯಲ್ಲಿ ಟಾರ್ಚ್ ಹಿಡಿದು ‘ಫಟ್ಲಿ ರೀ ಫಟ್ಲಿ ಟೆನ್ ಫೂಟ್ ಫಟ್ಲಿ ಐಸ್ ಕ್ರೀಂ’ ಅಂದುಕೊಂಡರೆ ಆಗುವುದು ಇದೇ.,angry
ಅಳುತ್ತಲೇ ರಾಣೆ ವಿರುದ್ಧ ಶೆಂಬಾಡ್ಯ ಮುಖ್ಯಮಂತ್ರಿ ಕೇಸು ಹಾಕಿದಾಗ ಅದು ಸಹಾಯ ಮಾಡಿದೆಯೇ?,angry
"ಚುನಾವಣಾ ಆಯೋಗವು ಸರ್ಕಾರದ ಕೈಗೊಂಬೆಯಾಗಿದ್ದು, ನಿಷ್ಪಕ್ಷಪಾತ ನಿರ್ಧಾರಗಳನ್ನು ನೀಡುವುದಿಲ್ಲ.",angry
ಈಗ ಮಳೆಯಿಂದಾಗಿ ತುಂಬಾ ಚಿಂತೆಗೀಡಾಗಿದ್ದೇನೆ,neutral
ನಿಮ್ಮ ಅಹಂಕಾರದಿಂದಾಗಿ ನೀವು ಪಕ್ಷದ ಹೆಸರು ಮತ್ತು ಚುನಾವಣಾ ಚಿಹ್ನೆಯನ್ನು ಉಳಿಸಿಕೊಳ್ಳಲು ಸಾಧ್ಯವಾಗಲಿಲ್ಲ. ಮೊದಲು ಅದರ ಬಗ್ಗೆ ಯೋಚಿಸಿ.,angry
ವಕ್ತಾರರಾದರೆ ಏನಾದರೂ ಹೇಳಬೇಕಾ?,angry
ಸಹೋದರಿ ತನ್ನ ಕಿರಿಯ ಸಹೋದರನಿಗೆ ಈ ರೀತಿ ಹೆಸರಿಸಿದಾಗ ಇತರರು ಏನು ಹೇಳುತ್ತಾರೆ?,angry
"ಸೆಕ್ಯುಲರಿಸಂ ಎಂದರೆ ಮೂಢನಂಬಿಕೆ ಅಲ್ಲ, ಮೂರ್ಖತನ, ನಾನು ಕಟ್ಟಾ ಹಿಂದೂ, ಭಾರತ ಹಿಂದೂ ರಾಷ್ಟ್ರ ಎಂದು ನಂಬಿದ್ದೇನೆ.",happy
"ಯಾವುದೇ ಚಿಹ್ನೆಗಳಿಲ್ಲ, ಪೆಟ್ಟಿಗೆಗಳು ಎತ್ತರವಾಗಿವೆ, ಚಿಹ್ನೆಗಳು ಇವೆ ಮತ್ತು ಯಾವುದೇ ಪ್ರಯೋಜನವಿಲ್ಲ",angry
ದುಂದುಗಾರಿಕೆ ಎಂದರೇನು ?? ಇದು ಯಾವ ವಿಡಿಯೋ?,angry
ಮೊದಲನೆಯದಾಗಿ ನೀನು ದೇಶದ್ರೋಹಿ.,angry
ಇದು ಯಾವುದೇ ವ್ಯತ್ಯಾಸವನ್ನು ತೋರುತ್ತಿಲ್ಲ,neutral
ರಾಜೀನಾಮೆ ನೀಡಿ ಚುನಾವಣೆ ಎದುರಿಸಿ ಇದರಿಂದ ಜನರು ತಮ್ಮ ಯೋಗ್ಯತೆಯನ್ನು ತೋರಿಸುತ್ತಾರೆ.,angry
ನಿಮ್ಮ ಮತ್ತು ನಿಮ್ಮ ಶಿಕ್ಷಕರ ನಡುವೆ ಯಾವುದೇ ವ್ಯತ್ಯಾಸವಿಲ್ಲ,angry
ಹೆರಾಯಿನ್ ಮಾತ್ರ ತೆಗೆದುಕೊಂಡು ಹೋಗುತ್ತಿದ್ದರು.,neutral
"ಬಳೆಗಳನ್ನು ಒಡೆದು, ವಿಧವೆಯನ್ನು ದುಃಖಿಸಿ, ಈಗ ಸತಿಯಾಗು",angry
ಪಟಾಕಿಯಿಂದ ಮಾಲಿನ್ಯ ಉಂಟಾಗುತ್ತದೆ ಎಂಬುದು ನೆನಪಾಯಿತು.,angry
"ಓ ದನದ ಸಗಣಿ, ಮತಾಂಧತೆ ತಿಳಿದಿದ್ದರೆ ನಿನಗೆ ಒಂದು ತುಣುಕೂ ಪುಣ್ಯವಿರುವುದಿಲ್ಲ.",angry
ಇಷ್ಟು ದಿನ ಸುಮ್ಮನಿದ್ದದ್ದು ಏಕೆ? ನಿಗೂಢವೇ?,fear
ಅವಳಾದ್ ಒಂಟಿ,angry
ಇದು ಮರಾಠಿ ವ್ಯಕ್ತಿಗೆ ಮಾಡಿದ ಅವಮಾನ ಮತ್ತು ಮರಾಠಿ ಕಲಾವಿದನಿಗೆ ಮಾಡಿದ ದೊಡ್ಡ ಅವಮಾನ.,angry
"ಅವರು ಅಳುವುದಿಲ್ಲ, ಅವರು ತಲೆಬಾಗುತ್ತಾರೆ",angry
ಮೋದಿಯವರು ಹಣದಲ್ಲಿ ಹಲವು ಮನೆಗಳನ್ನು ಖರೀದಿಸಿದ್ದಾರೆ. ಆದ್ದರಿಂದ ಅದು ಖಂಡಿತವಾಗಿಯೂ ಉಜ್ಜುತ್ತದೆ,angry
"ಅತ್ಯಾಚಾರ ಸಂಭವಿಸುವುದಿಲ್ಲ, ಇದು ಕೇವಲ ಕೆಲವು ಪುರುಷರು ತಮ್ಮ ಹಸಿವನ್ನು ಪೂರೈಸುತ್ತಾರೆ - ಅನುಪಯುಕ್ತ ಅಪಾಯ",angry
ಮತ್ತು ಈ ಕಲಿಯುಗದ ದುರಂತವೆಂದರೆ... ಒಳ್ಳೆಯವರಿಗೆ ಮಾತ್ರ ದುಃಖದ ಭಾಗ್ಯ.,sad
ಮಹಾರಾಷ್ಟ್ರದಲ್ಲಿ ಉದ್ಯೋಗಾವಕಾಶಗಳು ಪ್ರಧಾನಿಯವರ ಕೈಯಲ್ಲಿ ಅಕ್ಷರಶಃ ಅಂತ್ಯಗೊಂಡಿದೆ.,angry
ಈ ರಾಜ್ ಠಾಕ್ರೆ ಉಚಿತವಾಗಿ ದಾಳಿ ಮಾಡುತ್ತಿದ್ದಾರಾ ಅಥವಾ ಬಿಜೆಪಿಯಿಂದ ಶುಲ್ಕ ತೆಗೆದುಕೊಳ್ಳುತ್ತಿದ್ದಾರಾ?,angry
"ಆಗ ಕೋರ್ಟಿಗೆ ಹೇಳಬೇಡಿ, ಹೇಳಿ. ಇದರಲ್ಲಿ ಬಿಜೆಪಿ ಏಕೆ ಓಡುತ್ತಿದೆ...",angry
ಹಿಂದುತ್ವ ಸರಕಾರ ಎಂದರೆ ಹಿಂದೂಗಳನ್ನು ತುಳಿಯುವ ಸರಕಾರವೇ?,angry
ಈ ಒಂದೇ ಉಲ್ಲೇಖ ಏನು ಸರ್?,angry
ರಾಜಿನಾಮೆ ಕೊಡಿಸಲು ಹರಸಾಹಸ ಪಡುತ್ತಿರುವ ನಿಮ್ಮಂತಹ ಕುಲಬಾಂಧವರ ಸಂಸ್ಕೃತಿ ನೆನಪಿಲ್ಲವೇ?,angry
"ಮೆಟ್ರೋ ಸಿಟಿ ಇತ್ಯಾದಿ ಇಲ್ಲ, ಸಾಮಾನ್ಯ ವಿವಾದಗಳು, ತಪ್ಪುಗ್ರಹಿಕೆಗಳು ಅಥವಾ ಜಗಳಗಳು ಮೂರೂವರೆ ಜಿಲ್ಲೆಗಳಲ್ಲಿ ಮಾತ್ರ ಕಂಡುಬರುತ್ತವೆ.",neutral
ಡಾಲ್ಡಾವನ್ನು ನಿಮಗಾಗಿ ಕಳುಹಿಸಲಾಗಿದೆ ಮತ್ತು ನಿಮ್ಮನ್ನು ಕೊಲ್ಲಲು ಬಯಸಿದೆ.,angry
ವಿಜಯ್ ದರ್ದಾ ಮಗು,angry
ಬಡವನನ್ನು ನೀವು ಇನ್ನೂ ಎಷ್ಟು ಪೀಡಿಸುತ್ತೀರಿ?,sad
ಪುರಾವೆ ಇದ್ದರೆ ದೂರು ಕೊಡಿ.. ಕಿರಿತ್ ಸೋಮಯ್ಯ ಯಾಕೆ ಬೇಕು,angry
ಇದು ಖಂಡಿತವಾಗಿಯೂ ಜಗಳಕ್ಕೆ ಕಾರಣವಾಗುತ್ತದೆ,angry
ಮನೆ ಬುಧ್ವರ್ ಪೇಠದಲ್ಲಿ ಇರುವುದರಿಂದ ಅಲ್ಲಿಗೆ ಹೋದವರು ಅದೇ ನೋಡುತ್ತಾರೆ,angry
ದೇವಸ್ಥಾನದ ಹೊರಗೆ ಭಿಕ್ಷೆ ಬೇಡಲು ಎಷ್ಟೊಂದು ಸ್ವಾತಂತ್ರ್ಯ...,angry
ಕಲ್ಪನೆಗಳ ಯುದ್ಧದಲ್ಲಿ ಯಾವುದೇ ಅಸ್ತ್ರಗಳಿಲ್ಲ. ----ಗಿರೀಶ್ ಕುಬೇರ್,happy
ಒಮ್ಮೆ ಅನಕ್ಷರಸ್ಥ ತರಕಾರಿ ಮಾರಾಟಗಾರನನ್ನು ಬಾಳಾ ಸಾಹೇಬರು ಶಿವಸೇನೆಯ ನಾಯಕನನ್ನಾಗಿ ಮಾಡಿದರು.,happy
ಇದರ ಪರಿಣಾಮ ಅವರ ಕಣ್ಣೆದುರಿಗೆ ಗೋಚರಿಸಿದ್ದರಿಂದ ಅವರು ಈ ಹಿಮ್ಮೆಟ್ಟುವಿಕೆಯ ಅಭಿಯಾನ ಆರಂಭಿಸಿದರು,sad
"ಆತ್ಮವಿಶ್ವಾಸ ಮತ್ತು ಧೈರ್ಯ ಇನ್ನೂ ಕಳೆದು ಹೋಗಿಲ್ಲ, ನಿರುದ್ಯೋಗದ ಸಂಕಷ್ಟವನ್ನು ಎದುರಿಸುತ್ತಿದ್ದೇವೆ ಎಂಬುದು ಬೇರೆ ವಿಚಾರ.",happy
ಬಾಳಾ ಸಾಹೇಬರ ಚಿಂತನೆಗಳಿಲ್ಲದ ಪಕ್ಷದಲ್ಲಿ ಆ ಪಕ್ಷ ಜ್ಯೋತಿ ಬೆಳಗಿಸಿ ಯಾವ ಬೆಳಕನ್ನು ನೀಡುತ್ತದೆ?,angry
ಇದು ಅಂಧ ಭಕ್ತರನ್ನು ಬಹಳಷ್ಟು ಕೊಲ್ಲುವ ಒಂದು ಭಾಗವಾಗಿದೆ.,angry
ಶಾಸಕರ ಅನರ್ಹತೆ ಪ್ರಕರಣವನ್ನು ಪ್ರತ್ಯೇಕವಾಗಿ ವಿಚಾರಣೆ ನಡೆಸಲಾಗುವುದು ಎಂದು ಕೆಲವರು ಹೇಳುತ್ತಿರುವುದು ನಿಜವೇ?,neutral
ಇದರಿಂದ ಹೆಚ್ಚು ಅನುಕಂಪ ಸಿಗುವುದು ಖಚಿತ..!,sad
"ಈ ಜನರಿಂದಾಗಿ ಖಾರಾಡಿ, ಮುಂಡ್ವಾ, ಹಿಂಜೆವಾಡಿ, ವಿಮಾನ ನಗರಗಳು ಜಾಮ್ ಆಗುತ್ತವೆ.",angry
ನಿಮ್ಮಂತಹ ಮೂರ್ಖರಿಂದಾಗಿಯೇ ಈಗ ಪತ್ರಕರ್ತರ ಮೇಲೆ ಪೊಲೀಸರಿಗಿಂತ ಜನ ದೌರ್ಜನ್ಯ ನಡೆಸುತ್ತಿದ್ದಾರೆ.,angry
ಸೊಂಟದ ಮೇಲೆ ಕೈಯಿಟ್ಟು ಪೋಸ್ ಕೊಡುತ್ತಿರುವುದೇಕೆ?,angry
"ಇದಾದ ನಂತರ ಬಾಬರ್ಮತಿ, ಮಿಸ್ಟರ್ ಪಾಕೆಟ್ ಜರ್ನಲಿಸ್ಟ್ ಅನ್ನು ಉಲ್ಲೇಖಿಸಿ",angry
ದಂಗಿಲಾ ಜೊಂಬಲ್ಕಾ ಫಡ್ನವಿಸ್ ಎಂಬ ಹೆಸರು ಏಕೆ?,angry
ಅಂದರೆ ಟಾರ್ಚ್ ಎಲೆಕ್ಷನ್ ಚಿನ್ಹೆ ಕೊಟ್ಟ ಚುನಾವಣಾ ಆಯೋಗ ಮೂರ್ಖನಾ?,angry
ಕಠಿಣ ಪರಿಶ್ರಮದಿಂದ ಚಿನ್ನದ ಪದಕ ಗೆದ್ದರು. ಮತ್ತು ನೀವು ದ್ರೋಹದ ಮೂಲಕ ಅಧಿಕಾರವನ್ನು ಗಳಿಸಿದ್ದೀರಿ.,angry
ನೀರು ಸಂಗ್ರಹಿಸಲು ಮಾತ್ರ ಹೊಂಡ ನಿರ್ಮಿಸಲಾಗಿದೆ. ಸ್ವಲ್ಪ ಧನಾತ್ಮಕವಾಗಿರಿ.,angry
ಮತ್ತು ಮರಾಠರಿಗೆ ಮೀಸಲಾತಿ ನೀಡಲು ಸರಕಾರಕ್ಕೆ ಬುದ್ದಿವಂತಿಕೆ ನೀಡಿ...,angry
"ಜೀವನವು ಸಹಾನುಭೂತಿ ಮತ್ತು ಸ್ವಯಂ-ಸಾಧನೆಗಾಗಿ ಕಳೆದಿದೆ, ಅದು ಒಳ್ಳೆಯದು ಅಥವಾ ಇಲ್ಲ",angry
ಆದರೆ ಆ ಪಕ್ಷದ ದೌರ್ಭಾಗ್ಯವೇನೆಂದರೆ ನಿಮ್ಮಂತಹ ಮುಕ್ತರ ಧಾಳಿಯಿಂದ ಪಕ್ಷದ ಹೆಸರು ಕೆಡುತ್ತಿದೆ...,angry
"ಮಹಾರಾಷ್ಟ್ರದ ಹಿತಾಸಕ್ತಿ, ಭವಿಷ್ಯದ ನಾಗರಸೇವಕನ ಬಗ್ಗೆ ಮೇಯೋ ಕಾಂಗ್ರೆಸ್ಸಿಗರು ಮಾತನಾಡುವುದು ದೊಡ್ಡ ಜೋಕ್",angry
ಅಂತಹ ಅತೃಪ್ತರಿಗಾಗಿ ಈ ಬೇಡಿಕೆ,sad
ಆದರೆ ಈ ಮರಳು ನಮಗೆ (ಹಾರ್ಡ್‌ಕೋರ್ ಹಿಂದೂಗಳಿಗೆ) ಸ್ವೀಕಾರಾರ್ಹವಲ್ಲ!!,angry
ತಿಳಿಯಲು ಯಾವುದೇ ಮಾರ್ಗವಿಲ್ಲ,neutral
ವಿದ್ಯಾರ್ಥಿಗಳ ಮೇಲೆ ಹೂಡಿಕೆ ಮಾಡಲು ಹಿಂಜರಿಯಬೇಡಿ ಮತ್ತು ನಿಮ್ಮ ದೇಶದ ಭವಿಷ್ಯವನ್ನು ನಿರ್ಮಿಸಲು ಕೆಲಸ ಮಾಡಿ.,angry
ಹಣದ ಪೋಸ್ಟ್ ಮೇಡಂನಂತೆ ನೀವು ನಿಮ್ಮ ಆತ್ಮವನ್ನು ಕುರುಡು ಭಕ್ತಿಯ ರೂಪದಲ್ಲಿ ಮಾರಾಟ ಮಾಡುತ್ತೀರಿ,angry
ದೇಶದ್ರೋಹಿಗಳಿಗೆ ಆಗುವುದು ಇದೇ,angry
ಇದು ನಿಜವಾಗಿಯೂ ಹಿಂದಿರುಗುವ ಮಳೆಯೇ ಅಥವಾ ನದಿಯ ಕಾಲುವೆಗಳಲ್ಲಿ ಉಬ್ಬರವಿಳಿತದ ಮಳೆಯೇ?,happy
"ದೇಶಾದ್ಯಂತ PFI ಮೇಲೆ ಮತ್ತೆ ದಾಳಿ, ಮಹಾರಾಷ್ಟ್ರದ ಸಂಭಾಜಿನಗರ, ನಾಂದೇಡ್, ಸೋಲಾಪುರದಿಂದ ಶಂಕಿತರನ್ನು ಬಂಧಿಸಲಾಗಿದೆ.",neutral
ಆದರೆ ಅವರಿಂದ ಏಕೆ ನಿರೀಕ್ಷಿಸಬಹುದು,angry
"ದೇಶದ್ರೋಹಿಗಳೇ, ಗುರಾಣಿ ಮತ್ತು ಕತ್ತಿಯ ಗುರುತನ್ನು ತೆಗೆದುಕೊಂಡು ಏನು ಪ್ರಯೋಜನ, ನೀವು ನಿಮ್ಮ ಜೀವನದ ಉಳಿದ ಭಾಗವನ್ನು ಮೇಲಂಗಿಯ ಹಿಂದೆ ಮರೆಮಾಡಲು ಬಯಸುತ್ತೀರಿ.",angry
ನೀವು ಪತ್ರಕರ್ತರು ಎಂಬುದು ನಿಮ್ಮ ಭ್ರಮೆ.,angry
ಬದ್ದಲ ಆಗಿದ್ದರೆ ಬೋಕಂಡಿ ತೆಗೆದಿದ್ದೀಯಾ?,angry
"ಇವುಗಳಿಗೆ ಗಮನ ಕೊಡುವಷ್ಟು ಮುಖ್ಯವಲ್ಲ, ಅವುಗಳಿಗೆ ಯಾವುದೇ ಮೌಲ್ಯವಿಲ್ಲ.",angry
ನಮಗೆ ಧನ್ಯವಾದಗಳು ಆದರೆ ಬೆಂಕಿ ಹಚ್ಚುವವರಿಗೆ ಅಲ್ಲ,angry
ಅದು ಮುರಿದಿದೆಯೇ ...,angry
ನೀವು ಲೂಡೋ ಆಡುವ ವಿಷಯವೇ ನಿಮ್ಮ ಸರ್ಕಾರವೇ?,angry
ಶಾಸಕರ ಅನರ್ಹತೆ ನಿರ್ಧಾರ ಯಾವಾಗ? !,neutral
ಜನರು ಎಂಎನ್‌ಎಸ್ ಅನ್ನು ಪರ್ಯಾಯವಾಗಿ ನೋಡುತ್ತಿದ್ದಾರೆ.,neutral
ದೇವೇಂದ್ರನಿಗೆ ಗೊಂದಲವಿಲ್ಲ ಸ್ಪಷ್ಟ...,angry
ಭಾವಪೂರ್ಣ ಶ್ರದ್ಧಾಂಜಲಿ! ಭೇದಿಯ ಕುಟುಂಬಕ್ಕೆ ಈ ನಷ್ಟವನ್ನು ಭರಿಸುವ ಶಕ್ತಿ ಸಿಗಲಿ...ಓಂ ಶಾಂತಿ!,sad
"ಪ್ರತಿಭಟನೆಯು ಸಮಸ್ಯೆ, ಸಿದ್ಧಾಂತ ಮತ್ತು ವ್ಯಕ್ತಿಯ ಮೇಲೆ ಇರಬೇಕು. ವಿರೋಧ ಪಕ್ಷವನ್ನು ವಿರೋಧಿಸುವುದು ಮೂರ್ಖತನ",happy
ತನ್ನ ಪಕ್ಷವನ್ನು ಸರಿಯಾಗಿ ನಿರ್ವಹಿಸಲಾಗದ ನಾಯಕನನ್ನು ಏಕೆ ಆರಿಸಬೇಕು?,angry
ಬಾಪ್ರೆ ಯುದ್ಧಕ್ಕೆ ಇಳಿದಂತೆ ವಾತಾವರಣ ನಿರ್ಮಾಣವಾಯಿತು.,happy
ನಕಲಿಸಿ ಮತ್ತು ಪಾಸ್ ಮಾಡಿ. ನೀವು ಏನೂ ಅಲ್ಲ,angry
ನೋಟು ಅಮಾನ್ಯೀಕರಣದಿಂದ ಭ್ರಷ್ಟಾಚಾರ ಕಡಿಮೆಯಾದಷ್ಟೂ ಟಿಕ್‌ಟಾ ರದ್ದತಿಯಿಂದ ಹಿಂಸಾಚಾರ ಕಡಿಮೆಯಾಗಿದೆ.,angry
ಏಳು ಲಕ್ಷ ಮೌಲ್ಯದ ಕೋಳಿಯ ಅವ್ಯವಸ್ಥೆ; ಪೊಲೀಸರು ಮಾಡಿದರು...,neutral
"ನಿಮ್ಮ ಟ್ರೈಸಿಕಲ್ ರಿಕ್ಷಾ ಪಲ್ಟಿಯಾಗಿದೆ, ಸರಿ?",angry
ಇಷ್ಟು ತಿಳುವಳಿಕೆ ಇದ್ದಿದ್ದರೆ ಶಿಕ್ಷಣದಲ್ಲಿ ಇಂತಹ ರಾಜಕೀಯ ತರುತ್ತಿರಲಿಲ್ಲ.,angry
ಅಥವಾ ಅದಕ್ಕಿಂತ ಮುಂಚೆಯೇ ಈ ದೇಶದ್ರೋಹಿಗಳು ಹೀಗೆ ಮುಖಕ್ಕೆ ಬೀಳುತ್ತಾರೆ.,angry
ಬಹುಶಃ ಇದು ಎಲ್ಲರನ್ನೂ ಕೊಲ್ಲುವ ಸಂಚು.,happy
ಬಾಸ್ಟರ್ಡ್ ಅಥವಾ ಪ್ಯಾಬ್ಲೋ ಅನ್ನು ನಿರ್ಬಂಧಿಸಿ.,angry
"ಅರೇ, ಹಸುವಿನ ಸಗಣಿ ಏನು ತಿನ್ನುತ್ತದೆ?... ಅದನ್ನು ನೆಕ್ಕಲು ಪ್ರಾರಂಭಿಸಿದೆ, ಏಕೆ ಕ್ರಮ ಕೈಗೊಂಡಿದೆ ಎಂದು ಹೇಳಲಿಲ್ಲ.",angry
ಲಂಚಕೋರರು ಈಗಾಗಲೇ ದಾರಿ ತಪ್ಪಿದ್ದಾರೆ...ಈಗ ಸಾರ್ವಜನಿಕರು ಮಾತ್ರ ನೋಡುವಂತಾಗಿದೆ.,angry
ನೀವು ಮಾತನಾಡಬಹುದೇ?,angry
ಏನಾಗಬೇಕಿತ್ತೆಂದರೆ ನಿಮ್ಮ ಸಾಯಿಬಾರವರ ಅಸಲಿ ವಂಶ ಗೊತ್ತಾಗುತ್ತಿತ್ತು.,angry
"ಎನ್‌ಸಿಪಿಯಲ್ಲಿ ಎರಡು ಬಣಗಳಿದ್ದು, ಜಟಾಪಟಿ ಮುಂದುವರಿದಿದೆ.",neutral
"ನಿಮ್ಮ ಮೆದುಳು ನಿಮ್ಮ ಮೊಣಕಾಲುಗಳಲ್ಲಿದೆ, ಸ್ನೇಹಿತ? ಯಾರು ಡಿಸೆಂಬರ್ ಆಡುತ್ತಾರೆ..",angry
ಎರಡು ದಿನಗಳು ಮತ್ತು ಎಲ್ಲಾ ದೇಶದ್ರೋಹಿಗಳು ಹೊರಬಂದಿದ್ದಾರೆ,angry
"ನೋಡು, ನೀನು ವಿದರ್ಭದಲ್ಲಿ ಇಳಿಯಲಿದ್ದೀಯ..",fear
ಆದರೆ ಪವಾರ್ ಸಾಹೇಬರು ರಾಜೀವ್ ಗಾಂಧಿಯವರ ಮುಂದೆ ತಲೆಬಾಗಿ ಈ ಗೌರವವನ್ನು ಹಾಳು ಮಾಡಿದರು.,angry
ಇದರಿಂದ ಬಿಜೆಪಿ ಶೀಘ್ರದಲ್ಲೇ ದೇಶದಿಂದ ಕಣ್ಮರೆಯಾಗಲಿದೆ.,angry
"ಒಂದು ಗಾಯ, ಎರಡು ತುಂಡು ಎಂಬಂತೆ ಮಾತನಾಡುವ ಸಂತೋಷ್ ಬಂಗಾರ್ ಗೆ ಶಿವಸೇನೆ ಬಹಿರಂಗ ಸವಾಲು!",angry
"ಬದುಕಿರುವ ರೈತರಿಗೆ ಸಹಾಯ ಮಾಡಿ, ರೈತರ ಆತ್ಮಹತ್ಯೆ ಹೆಚ್ಚುತ್ತಿದೆ ಮುಖ್ಯಮಂತ್ರಿಗಳೇ",sad
ಇದು ಜನರಿಂದ ರಚಿಸಲ್ಪಟ್ಟಿದೆ ಮತ್ತು ಅದರ ಮೂಲ ಜನರು ಬಳಲುತ್ತಿದ್ದಾರೆ. ಸೇವಕರು ಸೇವಕರಂತೆ ವರ್ತಿಸಬೇಕು.,angry
ಅದಕ್ಕಾಗಿಯೇ ನಾಲ್ಕು ಶಾಶ್ವತ ಜಾಗೃತಿಗಳಿವೆ.,neutral
ದೇಶದ್ರೋಹಿ ಎಂಬ ಬಿರುದು ನಿಮ್ಮ ಜನ್ಮದ ಅರ್ಥ.,angry
ನೀವು ಆಹಾರಕ್ಕಾಗಿ ಧಾನ್ಯಗಳು ಮತ್ತು ಹಸುವಿನ ಸಗಣಿ ಏಕೆ ತಿನ್ನುತ್ತೀರಿ? ನಾನು ಭಕ್ತನಾದ ಕಾರಣ ಕೇಳಿದೆ,angry
ಅವರು ಮಾತ್ರ ಮಾತನಾಡಬೇಕು ಮತ್ತು ಇತರರು ಮಾತನಾಡಲು ಪ್ರಯತ್ನಿಸಿದಾಗ ಅವರು ತಕ್ಷಣವೇ ಅಧಿಕಾರದಿಂದ ಭಯಪಡುತ್ತಾರೆ,angry
ನಿಜವಾಗಿ ಬಾಳಾ ಸಾಹೇಬ್ ಯಾರು? ಅವರ ಪೂರ್ಣ ಹೆಸರು ಏಕೆ ಇಲ್ಲ? ಏಕೆಂದರೆ ಫಿತೂರ್ ಯೋಗ್ಯವಾಗಿಲ್ಲ.,angry
ಹಾಗಾದರೆ ನೀನು ಇಲ್ಲಿ ಯಾಕೆ ನರಳಬೇಕು ಮತ್ತು ಅಲ್ಲಿ ಮರಾಠಿ ಮಾತನಾಡಬೇಕು ಎಂದು ನನಗೆ ತೋರಿಸಿ,angry
ಅಂದರೆ ಫೇಕ್ಸಟ್ಟಾ ಲೋಕಸತ್ತಾ ದೇಶ ವಿರೋಧಿ ವಿಚಾರಗಳಿಂದ ಕೂಡಿದೆ.,angry
ಈಗ ಕತ್ತಲೆಯಾದ ಮಹಿಳೆ ಕುಳಿತುಕೊಳ್ಳುವರೇ? ಅಪ್ಪ ಯಾಕೆ ಕುಳಿತುಕೊಳ್ಳುತ್ತಿಲ್ಲ? ಈ ತಂದೆಗೆ ಸರಿಹೊಂದುವುದಿಲ್ಲವೇ? ಹೆಹೆಹೆಹೆ,angry
ಸ್ಥಳೀಯ ಮಟ್ಟದಲ್ಲಿ ಬ್ಲ್ಯಾಕ್‌ಮೇಲಿಂಗ್‌ ನಡೆದಿದೆ,angry
ಇದು ಮಾತನಾಡಲು ಯಾರ ಹೆಸರೂ ಅಲ್ಲ!,neutral
ಎಷ್ಟು ಮಳೆ ಬೀಳಬೇಕು ಎಂದು ಮಹಾನಗರ ಪಾಲಿಕೆ ನಿರ್ಧರಿಸುವುದಿಲ್ಲ - ದೇವೇಂದ್ರ ಫಡ್ನವಿಸ್ ಗೆ ಅಧಿಕಾರದ ಹುಚ್ಚು,angry
ಮುಖ್ಯಮಂತ್ರಿ ಆಗುವ ಬಗ್ಗೆ ಯಾಕೆ ಮಾತನಾಡುವುದಿಲ್ಲ??? ನಿಮ್ಮ ಮೇಲೆ ನಿಮಗೆ ನಂಬಿಕೆ ಇಲ್ಲದಿದ್ದರೆ ಮತ ಸಿಗುವುದಿಲ್ಲ...,angry
ಇವರು ಸಂಭಾಜಿನಗರ ಚೋಂಗ್ಯಾನೋ ಪಾಕೆಟ್ ಜರ್ನಲಿಸ್ಟ್,angry
ಸ್ವಲ್ಪ ಸಮಯದ ನಂತರ ನೋವು ಪ್ರಾರಂಭವಾದಾಗ ನೀವು ಅಳುತ್ತೀರಿ,angry
!! ಅಥವಾ ಪ್ರಜಾಪ್ರಭುತ್ವದ ಹೆಸರನ್ನು ವಂಶಪಾರಂಪರ್ಯವೆಂದು ಬದಲಾಯಿಸಿ!,angry
ನೀವು ಚಿತ್ಪಾವನ್ ಭಾಟಿಯಾ? ಸಂಘೋತ್ಯ ಕುಳಿತು ಉಜ್ಜುತ್ತಿದೆ,angry
ಫಿಫಾ U-19 ಮಹಿಳಾ ವಿಶ್ವಕಪ್‌ನಲ್ಲಿ ಭಾರತ ಬ್ರೆಜಿಲ್ ವಿರುದ್ಧ ಸೋತಿದೆ,sad
"ಮಹಾರಾಷ್ಟ್ರದಲ್ಲಿ ಬರಗಾಲವಿದೆ, ಪುಣೆಯ ಸ್ಥಿತಿ ದಯನೀಯವಾಗಿದೆ ಮತ್ತು ಅವರು ಏನಾದರೂ ತಪ್ಪು ಮಾಡುತ್ತಿದ್ದಾರೆ",sad
ಇಲ್ಲ ಅಲ್ಲಿ ಬಾಯಿ ಹಾಕಿದರೆ ಹೀಗೇ ಆಗುತ್ತೆ... ಇನ್ನೊಮ್ಮೆ ಬಾಯಿ ಬಡಿದುಕೊಳ್ಳಿ...!!,angry
ಗೂಳಿಗಳನ್ನು ಈ ರೀತಿ ಅವಮಾನಿಸಲು ಸಾಧ್ಯವಿಲ್ಲ,angry
ಚುನಾವಣೆಯಲ್ಲಿ ಖಡ್ಗವನ್ನು ಏಕೆ ಚಿಹ್ನೆಯಾಗಿ ಬಳಸುತ್ತಾರೆ?,angry
ಶಿಕ್ಷಣದ ವ್ಯಾಪಾರ ಆರಂಭಿಸುವ ಮೂಲಕ ಸರಕಾರ ಜನರ ಮೂಲಭೂತ ಹಕ್ಕುಗಳ ಮೇಲೆ ದಾಳಿ ಮಾಡಿದೆ.,angry
"ತಂಡ ಹೊರಟಿತು, ಸರ್ಕಾರ ಬಂತು",neutral
ತಪ್ಪಾಗಿದೆ,angry
ಪವಾರ್ ಸಖ್ಯ ಕಾಕಾಗೆ ಹತ್ತಿರವಾದಾಗ ಧನು ಮುಂಡೆ ಬಾಯಿ ಮುಚ್ಚಿಕೊಂಡಿದ್ದರು.,angry
ಯಾಕೆ ಸುಮ್ಮನಿರುವೆ?,angry
ನಿಮ್ಮ ಮೂಲ ಹೆಸರು ಅಗ್ಲೈವ್ ಆಗಿದೆಯೇ?,angry
ರಾತ್ರಿ ಯಾಕೆ ಓಡಿ ಹೋದೆ ಎಂಬುದೇ ಪ್ರಶ್ನೆ???,angry
ಅಣಜಿ ಪಂತ್ ಅವರ ಬಳಿಯೂ ದೇಶದ್ರೋಹಿ ಗುರಾಣಿ ಮತ್ತು ಕತ್ತಿ ಇತ್ತು.,angry
ಮತ್ತು ಮಹಾರಾಷ್ಟ್ರವನ್ನು ನವೀಕರಿಸುತ್ತೇವೆ ಎಂಬುದು ಅವರ ಸೈನಿಕರ ಭ್ರಮೆಯಾಗಿದೆ.,angry
"ಅವರು ಎಷ್ಟು ಜನರನ್ನು ನೋಯಿಸುತ್ತಾರೆ, ಅವರು ಹೆಚ್ಚು ದ್ವೇಷಿಸುತ್ತಾರೆ",angry
ಎಂಥಾ ಕತ್ತು. ನಾಳೆ ಭೇಟಿಯಾಗುವ ಸಮಯ ಬಂತು. ವ್ಯವಸ್ಥೆ ಮಾಡಲಾಗಿದೆ,angry
"ಒಟ್ಟಾರೆ, ಭಾರತೀಯ ನ್ಯಾಯಾಂಗವು ತನ್ನ ದಿಟ್ಟತನ ಮತ್ತು ನಿಷ್ಪಕ್ಷಪಾತವನ್ನು ಮರೆತು, ಆದ್ದರಿಂದ ಬದಿಯಲ್ಲಿ ಕುಳಿತು ಇಂತಹ ನಿರ್ಧಾರಗಳನ್ನು ನೀಡುತ್ತಿದೆ....",sad
ಇದರ ಬೆಲೆ ನಿಮಗೆ ಗೊತ್ತಿದೆ ಎಂದು ಭಾವಿಸುತ್ತೇನೆ...ಮುಂದಿನ ಎಲ್ಲಾ ಚುನಾವಣೆಗಳಲ್ಲಿಯೂ ಇಂತಹ ಪ್ರೇಮ ಪತ್ರಗಳನ್ನು ನೋಡುತ್ತೇವೆ...,angry
ಅವರು ಆನಂದಿಸುತ್ತಾರೆ ಮತ್ತು ಸಾಮಾನ್ಯ ಜನರು ತಮ್ಮ ಜೀವನವನ್ನು ಕಳೆದುಕೊಳ್ಳುತ್ತಾರೆ.,sad
ದ್ರೋಹದಿಂದ ಮಾತ್ರ ನೀವು ಮನುಷ್ಯನಾಗುತ್ತೀರಿ.,angry
ಭಕ್ತರ ಮತ್ತು ದೇಶದ್ರೋಹಿಗಳ ಗುಹೆಯ ಮೇಲೆ ನಿಮ್ಮ ಸಗಣಿಯನ್ನು ಹರಡಿ...,angry
ಟಾರ್ಚ್ ಉರಿಯುತ್ತಿದೆ ಎಂದು ಒಮ್ಮೆ ಒಪ್ಪಿಕೊಳ್ಳಿ,angry
ಭಯೋತ್ಪಾದಕ ಸಂಘಟನೆ ಎಂದು ವ್ಯವಹರಿಸುತ್ತಿರುವ ಹೇ ಹೈ$ದಖನ್.... ನಿಮ್ಮ ಸಾಮಾನ್ಯ ಜ್ಞಾನವನ್ನು ನೀವು ಅಡಮಾನವಿಟ್ಟಿದ್ದೀರಿ...,angry
ಎಲ್ಲೆಂದರಲ್ಲಿ ಜನ ಜಮಾಯಿಸಿರುವುದು ಖಚಿತವಾಗಿದೆ.,sad
ಇವು ಇರುವೆಗಳು,neutral
ನಾನಾ... ನಟ ಸಾಮ್ರಾಟ್ ಪಾತ್ರದಿಂದ ಇನ್ನೂ ಹೊರಬಂದಿಲ್ಲ.,sad
ಸಮವಸ್ತ್ರದ ಈ ಮೋಜು ದೂರವಾಗಬೇಕು.,angry
ಶರದ್ ಪವಾರ್ ಕೀಳು ಸ್ವಭಾವದವನು.. ಸೋನಿಯಾ ಗಾಂಧಿಯ ಮುಂದೆ ನಪುಂಸಕರು ನಮನ:- ದಿವಂಗತ ಬಾಳಾ ಸಾಹೇಬ್,angry
ಈ ಬಿಲ್ಲುಗಾರನನ್ನು ಘರ್ ಭೇದಿ ಎಂದು ಕರೆಯಲಾಗುತ್ತದೆ,angry
: ಬಿಜೆಪಿ ಮತ್ತು ಅದರ ಈಗಿನ ನಾಯಕರು ಶಕ್ತಿಹೀನರು ಏಕೆಂದರೆ...; 'ಸಾಮ್ನಾ' ದಾಳಿ,angry
"ಹೇ ರಾಜ್ ಠಾಕ್ರೆ, ನಿಮ್ಮ ಈ ಗಿಣಿಯನ್ನು ಶಾಂತಗೊಳಿಸು.",angry
"ಅಜ್ಜ ಬರುತ್ತಿದ್ದಾರೆ, ಅವರ ಮನೆಯ ಹೆಂಗಸರು ಗಡ್ಡದ ಭಕ್ತರು ಅಲ್ಲವೇ?",angry
"ಭಾರತ ಸೋಲಲಿಲ್ಲ, ಇಂಗ್ಲೆಂಡ್ ಗೆದ್ದಿತು",neutral
ಜವಾಬ್ದಾರಿ ಹೊರಲು ಯಾರೂ ಮುಂದೆ ಬರುವುದಿಲ್ಲ...,sad
ಸಂಜಯ್ ರಾವುತ್ ಜೈಲಿಗೆ ಹೋದರು ಎಂದು ಬಾಳಾ ಸಾಹೇಬ್ ಚಾಲಕ ಪ್ರಕಾಶ್ ಹೇಳಿದ್ದಾರೆ.,angry
ಅವರು ಖಂಡಿತವಾಗಿಯೂ ಸೋಲಿಸಲ್ಪಡುತ್ತಾರೆ. ಆದರೆ ಕೆಲವರು ಅದರ ಬಗ್ಗೆ ಏಕೆ ಮಾತನಾಡುತ್ತಿಲ್ಲ?,angry
ಈಗ ಅವನೊಂದಿಗೆ ಮಾತನಾಡುವ ಧೈರ್ಯವಿದೆಯೇ? ನಿಮ್ಮ ಉಸಿರಾಟದ ಕೆಳಗಿನಿಂದ ಹೊಗೆ ಹೊರಬರುತ್ತದೆ.,angry
ಯಾರಿಗೆ ಹೇಳ್ತೀರಿ? ಒಂದು ಕಾಲದಲ್ಲಿ ಈ ಪಕ್ಷ ವಿದ್ಯಾವಂತರಿಗೆ ಸೇರಿತ್ತು.,sad
ನಂತರ ಯಾರನ್ನೂ ಕೇಳುವುದಿಲ್ಲ! ಪರಮಾಣು ಬೆದರಿಕೆಯ ಬಗ್ಗೆ ಬಿಡೆನ್ ಪುಟಿನ್ ಅವರಿಗೆ ವಿವರಿಸಿದರು,angry
ನೀವು ಪೆಟ್ಟಿಗೆಗಾಗಿ ಶಿಂಧೆ ಗ್ರೂಪ್‌ಗೆ ಹೋಗಿದ್ದೀರಿ..,angry
ಈಗ ಯಾರು ನಿಲ್ಲುತ್ತಾರೆ? ನೀವು ನಂಬಿದ ವ್ಯಕ್ತಿಗೆ ನೀವು ದ್ರೋಹ ಮಾಡಿದ್ದೀರಿ,angry
ಎಂಎನ್‌ಎಸ್ ಕೂಡ ಒಂದು ಭ್ರಮೆ,sad
ನೀವು ಯೋಗ್ಯರೇ!,angry
ನಿಮ್ಮ ಉಮೇದುವಾರಿಕೆಯನ್ನು ಏಕೆ ಹಿಂಪಡೆದಿದ್ದೀರಿ?,fear
"ವೊಡಾಫೋನ್ ಐಡಿಯಾ ಗ್ರಾಹಕರು ನೆಟ್‌ವರ್ಕ್ ಸಂಬಂಧಿತ ಸಮಸ್ಯೆಗಳನ್ನು ಎದುರಿಸಬಹುದು, 'ಇದೇ' ಕಾರಣ!",neutral
ಈಗ ನಿಮ್ಮ ಬಾಸ್ ಮನೆಯಲ್ಲಿ ಅಡಗಿಕೊಂಡರೆ ಏನು ಮಾಡುತ್ತೀರಿ?,sad
"ಜನಸಮೂಹದಿಂದ ಆ ರಾಕ್ಷಸರನ್ನು ಹೊರತೆಗೆಯುವ ಮೊದಲು, ಹಿಂದಿನ ಬಾಗಿಲಲ್ಲಿ ನುಸುಳಬೇಡಿ",angry
ಈ ಪಾಂಡ್ಯನಿಗೆ ಯಾಕೆ ಇಷ್ಟು ಬೆಲೆ?,happy
ಫೌಡಾ ಸರ್ಕಾರ ಪ್ರಾರಂಭಿಸಿದ ಯೋಜನೆಯು ಸರ್ಕಾರದ ಸಹಾಯಧನವನ್ನು ಲೂಟಿ ಮಾಡಲು ಮಾತ್ರ,angry
ಇದು ಕೇವಲ ಅಧಿಕಾರದ ಮೋಜು,angry
ಅಸಹಾಯಕರು ಸ್ವಾಭಿಮಾನದ ಬಗ್ಗೆ ಮಾತನಾಡಬಾರದು.. ಹಾಗೆ ಮಾಡಿದರೆ ಅಸಹಾಯಕರಿಗೆ ಮಾಡಿದ ಅವಮಾನ.,angry
"ಸಂಜಯ್ ರಾಥೋಡ್ ಅವರನ್ನು ನಿಮ್ಮ ಸಹೋದರನನ್ನಾಗಿ ಮಾಡುವಾಗ ನೀವು ದೇವರಿಗೆ ಭಯಪಡಲಿಲ್ಲ, ಅಲ್ಲಿನ ಜನರನ್ನು ನೀವು ಏನು ಕೇಳುತ್ತೀರಿ?",angry
ಸರಿ! ಒಮ್ಮೊಮ್ಮೆ ನ್ಯಾಯಾಂಗ ಜೀವಂತವಾಗಿದೆಯೇನೋ ಅನ್ನಿಸುತ್ತದೆ,happy
ಬ್ರಿಟಿಷರು ಭಾರತೀಯರನ್ನು ಹೇಗೆ ಗುಲಾಮರನ್ನಾಗಿ ಮಾಡಿದರು ಎಂಬುದಕ್ಕೆ ಇದೊಂದು ಉದಾಹರಣೆ,sad
ಇದೀಗ ಚುನಾವಣೆ ಇರುವುದು ನಾಚಿಕೆಗೇಡಿನ ಸಂಗತಿ,angry
ನಿಮ್ಮ ಒಳ್ಳೆಯತನ ಮತ್ತು ಪ್ರಾಮಾಣಿಕತೆಯನ್ನು ಯಾವಾಗಲೂ ಬಳಸಿಕೊಳ್ಳಲಾಗುತ್ತದೆ.,sad
"ನಿಜ, ಕೆಲವೊಮ್ಮೆ ಭಾರತದ ಎಲ್ಲಾ ರಾಜಕಾರಣಿಗಳು ಮೋಸಗಾರರು ಎಂದು ತೋರುತ್ತದೆ.",angry
"ಗ್ರಾಹಕರಿಗೆ ಬಿಗ್ ಶಾಕ್, ಬ್ಯಾಂಕ್ ಈ ನಿಯಮಗಳನ್ನು ಬದಲಾಯಿಸಿದೆ, ಇದನ್ನು ಓದಿದ ನಂತರ ನೀವು ಬೆವರುತ್ತೀರಿ...",fear
ದೇಶಮುಖ್ ಪವಾರ್ ಪಕ್ಷ ಅಧಿಕಾರಕ್ಕಾಗಿ ಮತ್ತು ಹಣಕ್ಕಾಗಿ ಎಲ್ಲ ಕಡೆ ಹೋಗುತ್ತಾರೆ,angry
"ಜವಾಬ್ದಾರಿಯುತ ಸ್ಥಾನದಲ್ಲಿದ್ದಾಗ ಫೇಸ್ ಬುಕ್ ಲೈವ್ ಮಾಡಿದ್ದೀನಿ, ಈಗ ಕೆಲಸ ಇಲ್ಲ ಅಂದಮೇಲೆ ಜಾಗ ಯಾಕೆ ಬೇಕು...?",angry
ನ್ಯಾಯಾಲಯದ ಶೇ,angry
ಅಜಿತ್ ದಾದಾಗೆ ಎಷ್ಟು ಬಾಕ್ಸ್‌ಗಳು ಸಿಕ್ಕಿವೆ ಎಂದು ರೋಹಿತ್ ದಾದಾ ಭಾವಿಸುತ್ತಾನೆ.,angry
ಇದು ಸುಡುವ ಕಲ್ಲಿದ್ದಲನ್ನು ಹೆಚ್ಚು ತಿನ್ನುತ್ತದೆ.,angry
ಭುಜಬಲ್‌ನಂತಹ ವ್ಯಕ್ತಿಗೆ 'ಶಿವ' ಸತ್ಯವೆಂದು ತಿಳಿಯಲು ಇನ್ನೊಂದು ಜನ್ಮ ತೆಗೆದುಕೊಳ್ಳಬೇಕು ಎಂದು ತೋರುತ್ತದೆ.,angry
"ಹೇ ಮನುಷ್ಯ, ನೀವು ಜಿಹಾದ್ ಅನ್ನು ಏಕೆ ಅರ್ಥೈಸುತ್ತೀರಿ?",angry
"ಸರ್, ನಿರೀಕ್ಷಿಸಿ, ಇದೀಗ ಲಯವು ಕೆಟ್ಟದಾಗಿದೆ",sad
"ಈಗಂತೂ ಎಲ್ಲಿಂದಲೋ ಕೇಳಿದೆ, ಏನ್ ನೆಗೆತ?",angry
ತರ್ಕದ ಮೇಲೆ ಆರೋಪ ಮಾಡುವುದನ್ನು ನೆನಪಿಲ್ಲ.,neutral
"ರಮೀಜ್ ರಾಜಾ ಭಾರತಕ್ಕೆ ಬೆದರಿಕೆ ಹಾಕಿರುವ ವಿಡಿಯೋ ವೈರಲ್ ಆಗಿದೆ, ಏನ್ ಹೇಳಿದ್ದಾನೆ ನೋಡಿ...",angry
ಇದು ನಿಮ್ಮ ತಿಳುವಳಿಕೆಯನ್ನು ಮೀರಿದೆ ಆದ್ದರಿಂದ ಹೆಚ್ಚು ಯೋಚಿಸಬೇಡಿ.,angry
ಪುಣೆಯಲ್ಲೂ ಬಿಗ್ ಬ್ಯಾಂಗ್ ಸಂಭವಿಸಿದೆ,neutral
ಇದು ತುಂಬಾ ಹೆಚ್ಚು ಎಂದು ತೋರುತ್ತದೆ. ಇಂತಹ ಹೇಳಿಕೆಗಳನ್ನು ನೀಡುವುದರಿಂದ ತಮಗೆ ತಾವೇ ಹಾನಿ ಮಾಡಿಕೊಳ್ಳುತ್ತಾರೆ,angry
ಅದನ್ನೇಕೆ ತೋರಿಸಿ ಹಿಂಸಿಸುತ್ತೀರಿ...??,angry
ಅವನು ಹೋಗಿ ಬಿದ್ದನು,angry
ಸುಮಿತ್ ರಾಘವನ್ ಮಾಲೀಕನಿಗೆ ಫೋರ್ಕ್ ನಿಂದ ಥಳಿಸಿದ್ದಾರೆ. ಅವರು ಅದನ್ನು ಇಷ್ಟಪಡುವುದಿಲ್ಲ,angry
"ಬಚ್ಚು ಕಾಡು, ಬಂಗಾರ್, ಸಾವಂತ್, ಸುರ್ವೆ, ಸರವಣಕರ ಕಿಡಿಗೇಡಿತನ ಹೆಚ್ಚುತ್ತಿದೆ. ಇದೇಕೆ ಹಿಂದುತ್ವ?",angry
"| ಆರ್ಯನ್ ಖಾನ್ ಅವರ ತನಿಖೆಯಲ್ಲಿ ಹಲವು ತಪ್ಪುಗಳು, ಅಧಿಕಾರಿಗಳ ವಿರುದ್ಧ ಕ್ರಮ ಕೈಗೊಳ್ಳಲಾಗುವುದು",angry
ಭಟ್ಕಳಕರರಂತಹ ಒರಟು ಬೀದಿ ಕಾಮಣ್ಣನನ್ನು ನಾನು ನೋಡಿಲ್ಲ.,angry
ಕೇಸರಿ ಬಣ್ಣದ ಹೆಸರಿನಲ್ಲಿ ಹೆಚ್ಚಿನ ವಿಷ ಮಾರಾಟವಾಗುತ್ತಿದೆ...,angry
ನೀವು ಮನೆಗೆಲಸ ಮಾಡಲು ಪ್ರಾರಂಭಿಸಿದರೆ ನಿಮಗೆ ಅರ್ಥವಾಗುತ್ತದೆಯೇ? ನೀವು ಸಾಮಾನ್ಯ ಜ್ಞಾನವನ್ನು ಕಳೆದುಕೊಳ್ಳಲು ಬಯಸುವಿರಾ?,angry
ಈ ಒಲೆಯನ್ನು ಗಂಭೀರವಾಗಿ ಪರಿಗಣಿಸಲು ನಾವು ಹುಚ್ಚರಾಗಿದ್ದೇವೆಯೇ? ಬಿಚ್ ನೀವು ಬಾಸ್ಟರ್ಡ್,angry
ಅಪ್ಪ ಮತ್ತು ಜನ ಸೇರಿ ಎಷ್ಟೇ ಷಡ್ಯಂತ್ರಗಳನ್ನು ಮಾಡಿದರೂ ನಾಶವಾಗುವುದು ಖಂಡಿತ...!!!!!!,angry
ಪುಣೆಯ ಶಿಲ್ಪಿಗಳು ಸಮುದ್ರವನ್ನು ತಂದು ಪುಣೆಯಲ್ಲಿ ಸಮುದ್ರವಿಲ್ಲ ಎಂದು ತೋರಿಸಿದರು.,happy
ಮಹಿಳೆಯರ ಹೆಗಲ ಮೇಲೆ ಬಂದೂಕು ಇಡುವುದು ಕಮಲಾಬಾಯಿಯವರ ಸಂಸ್ಕೃತಿ,angry
ಇದು ಭಾರತವನ್ನು ಸುಧಾರಿಸಲು ಪಾಕಿಸ್ತಾನ ನೀಡಿದ ಸಲಹೆಯಂತಿದೆ,angry
ಇವನು ಮಾತನಾಡುವ ವ್ಯಕ್ತಿಯೇ?,angry
"ತಾಯಿಯೇ ""ಅಮ್ಮ""...!! ಬೇರೆಯವರ ಬಳಿ ಇಲ್ಲ...!! ಉಳಿದವರೆಲ್ಲ ವಕ್ರರು...!!",happy
ಇದು ಕೆಲವೇ ದಿನಗಳಲ್ಲಿ ಹುಚ್ಚು ಹಿಡಿಯುತ್ತದೆ,sad
ದೇಶದ್ರೋಹಿಗಳು ಇನ್ನೂ ಕೆಳಮಟ್ಟಕ್ಕಿಳಿಯುತ್ತಾರೆ. ರಾಜೀನಾಮೆ ಅಂಗೀಕಾರವಾಗುವವರೆಗೆ ಯಾವುದೂ ನಿಜವಲ್ಲ,angry
"ಮುಂಬೈನಲ್ಲಿ ಡೆಮಾಕ್ರಟಿಕ್ ಅಣ್ಣಾಭಾವು ಸಾಠೆ ಥಿಯೇಟರ್ ಕೆಲಸ ಸ್ಥಗಿತಗೊಂಡಿದೆ, ಮುಖ್ಯಮಂತ್ರಿಗೆ ಪಾದಲ್ಕರ್ ಪತ್ರ; 'ಬಹುಜನ ಹಿತಾಸಕ್ತಿ ಪರಿಗಣಿಸಿ...' ಎಂದರು.",sad
ಈ ಸರ್ಕಾರ ಅತ್ಯಂತ ಕೆಳಮಟ್ಟಕ್ಕೆ ತಲುಪುತ್ತಿದೆ.,angry
ನನಗೆ ಕೆಲಸ ಬೇಕು ಆದರೆ ಮೋದಿ ಸೇಠ್ ಕೊಡುತ್ತಿಲ್ಲ.,sad
"ಮಜ ಶಿವಸೇನೆ ನಾಯಕರ ಪಾದಗಳಿಗೆ ತಲೆಬಾಗಿ, ಪಾತ್ರೆ ತೊಳೆದರೂ ಕೆಲಸ ಮುಂದುವರೆಯಿತು...",sad
ನನ್ನನ್ನು ನಿರ್ಬಂಧಿಸಲಾಗಿದೆ ಆದ್ದರಿಂದ ನನಗೆ ಅರ್ಥವಾಗುತ್ತಿಲ್ಲ,sad
"ಇದು ಸಾಯಿ ರೆಸಾರ್ಟ್‌ನಿಂದ ಅಲ್ಲ, ಪರಬ್ ಸಾಹೇಬ್, ನೀವು ಯಾಕೆ ತಾಂಡವ್ ಮಾಡುತ್ತಿದ್ದೀರಿ?",angry
ಸಂಸ್ಕೃತಿ ಮತ್ತು ನೀವು...ಪಂಢರಪುರದ ಸಮಯದಲ್ಲಿ ನಿಮ್ಮ ಸಂಸ್ಕೃತಿ ಎಲ್ಲಿಗೆ ಹೋಯಿತು?,angry
ಉಲ್ಲಾಸ್ ಬಾಪತ್ ಕಾನೂನು ತಜ್ಞ ಎಂದು ಯಾರು ಹೇಳಿದರು...! ಇದನ್ನು ಜಗಿಯಿರಿ..!,angry
ಅರೇ ನಾಳೆ ಸರ್ಕಾರ ಬೀಳುತ್ತೆ ಅಂತ ಮಂತ್ರಿ ಪಟ್ಟ ಹಿಡಿದು ಕುಳಿತಿದ್ದೀಯ. ನಮಸ್ಕಾರ ಸಹೋದರ,angry
ಸಾಳ್ವೆ ಮತ್ತು ಸದಾವರ್ತ ಮದುವೆ ಸಿಕ್ಕು (ಆಟ) ಖಂಡೋಬ ದರ್ಶನ,neutral
ಅವರಿಗೆ ಸರ್ಕಾರ ಶೂನ್ಯ,angry
ಅವಳಿಗೆ ಹೀಗೆ ಮಾಡಬೇಡ...ಅವಳು ಅತಿಯಾಗಿದ್ದಾಳೆ,angry
ನೀವು ಜಟಾಲ್ ಸರ್ ಅನ್ನು ಪುನರಾವರ್ತಿಸಲು ಬಯಸುವಿರಾ? ಮಾರಾಟಗಾರರಿಂದ ನಿರೀಕ್ಷೆಗಳನ್ನು ಬಿಟ್ಟುಬಿಡಿ,angry
ಎಲ್ಲರೂ ನಿಮ್ಮೊಂದಿಗೆ ಅಸಂಬದ್ಧವಾಗಿ ಮಾತನಾಡುತ್ತಿದ್ದಾರೆ. ನಿಮಗೆ ಹೇಗನಿಸುತ್ತಿದೆ?,sad
ಕಡ್ಡಿ ಕುಡಿದು ಪನ್ವೇಲ್ ನ ಮೂಗಿಗೆ ಬಿದ್ದದ್ದೇಕೆ?,angry
ದರೋಡೆಕೋರ ಗಜಾನನ ಮರ್ಣೆ ವಿರುದ್ಧ ಪೊಲೀಸರು ಪ್ರಕರಣ ದಾಖಲಿಸಿಕೊಂಡಿದ್ದಾರೆ.,neutral
ಈ ಜಿಲ್ಲೆಗಳು ಅಲ್ಪಸಂಖ್ಯಾತರ ಪ್ರಾಬಲ್ಯ ಹೊಂದಿವೆ. ನಾನು ಈ ಸುದ್ದಿಯನ್ನು ಓದಿದೆ. ಇದು ಭಯಾನಕ ಸುದ್ದಿ,sad
ಮುಖಕ್ಕೆ ಹೊಡೆಯುವ ಅವಶ್ಯಕತೆ ಇತ್ತಾ?,angry
ಇದು ಶ್ರೀಲಂಕಾದ ದುಃಖದ ಕಥೆ,sad
ಕೆಲವರು ಖ್ಯಾತಿಗಾಗಿ ಯಾವುದೇ ಹಂತಕ್ಕೆ ಹೋಗುತ್ತಾರೆ. ಇದು ಮಾನಸಿಕ ಅಸ್ವಸ್ಥತೆಯ ಸಂಕೇತವಾಗಿದೆ,angry
ಅಂಧೇರಿಯಲ್ಲಿ ಬಿಜೆಪಿ ಸೋಲುವುದರಿಂದ ಇನ್ನು ಚುನಾವಣೆ ನಡೆಯುವುದಿಲ್ಲ,angry
ಕಮಿಷನ್ ಬೋರ್ಡ್ ನಿಮ್ಮ ಪಕ್ಷದ ಕೈಗೊಂಬೆಯಾ???,angry
ಎಲ್ಲರೂ ಭ್ರಷ್ಟರೇ.,angry
ಫಟ್ಟೂ... ಸೋಲಲಿದೆ... ಹಸಿವಿನಿಂದ ಅಳುತ್ತಾ... ಹಿಂದೆ ಸರಿದಿದ್ದಾರೆ,angry
"ನೀನು ಯಹ್ನುಮಂತನ ಬಾಲಕ್ಕೆ ಬೆಂಕಿ ಹಚ್ಚಿದ್ದೀಯ, ಈಗ ನಿನ್ನ ಬಂಗಾರದ ಲಂಕೆ ಉರಿಯುತ್ತದೆ.",angry
ಆದರೆ ಮೀಸಲಾತಿ ಇರುವುದಿಲ್ಲ.,sad
"ಅವರು ಪತ್ರಕರ್ತರೇ, ಪಕ್ಷದ ವಕ್ತಾರರೇ?",neutral
ಎನ್‌ಸಿಪಿ ಹುಟ್ಟಿನಿಂದಲೇ ಜಾತೀಯತೆ ಹೆಚ್ಚಿದೆ ಎಂಬುದನ್ನು ಕೇಕ್ ಪ್ರಿಯರು ಮತ್ತೆ ಮತ್ತೆ ಸಾಬೀತುಪಡಿಸುತ್ತಿದ್ದಾರೆ.,angry
"ದತ್ತೋಬಾ, ನಿಮ್ಮ ಅರ್ಥಶಾಸ್ತ್ರದ ಜ್ಞಾನದ ಮೇಲೆ ಏಕೆ ಬೆಳಕು ಚೆಲ್ಲಬಾರದು, ಕತ್ತಲೆ ಸ್ವಲ್ಪ ಹೆಚ್ಚಾಗಿದೆ",angry
ನೀವು ಈ ವಾಕ್ಯವನ್ನು ಇವತ್ತಿಗೆ ಇರಿಸಬಹುದೇ?,neutral
ಹಾಗಾದರೆ ನೀವು ಯಾವುದರಲ್ಲಿ ಮಲಗಿದ್ದೀರಿ? ಬಹುತೇಕ ಮಹಾರಾಷ್ಟ್ರದಲ್ಲಿ,angry
ಇದನ್ನು ಹೇಳಲು ನಿಮಗೆ ನಾಚಿಕೆಯಾಗುತ್ತಿದೆಯೇ?,angry
ಎಂತಹ ಅವಮಾನ. ಕೆಲವು ಮಿತಿಗಳು,angry
ನನ್ನ ಭಾವನೆಗಳ ಮಾರುಕಟ್ಟೆಯನ್ನು ನೀವು ಹೇಗೆ ತುಂಬುತ್ತೀರಿ ಎಂದು ಯಾರಿಗೆ ತಿಳಿದಿದೆ?,angry
ಇದನ್ನು ಕೇಳಿದ ಎಮ್ಮೆ ನಿನ್ನನ್ನು 'ಹೃದಯದಿಂದ' ಕ್ಷಮಿಸುವುದಿಲ್ಲ ತಾತ್ಯಾ!!,angry
ಮುಖ್ಯಮಂತ್ರಿ ಹುದ್ದೆಗೆ ಅವಮಾನ: ಮುಖ್ಯಮಂತ್ರಿ ಪುತ್ರ ಈ ಕುರ್ಚಿ ನಮ್ಮ ಮನೆಗೆ ಸೇರಿದ್ದು ಎನ್ನುತ್ತಾರೆ,angry
ಯಾಕೆ ದೇಶದ್ರೋಹಿ... ರಾಜೀನಾಮೆ ಕೊಡುವ ಶಕ್ತಿ ನನಗಿಲ್ಲ.,angry
ಮರಾಠಿ ಮನುಷ್ಯ ಇನ್ನೂ ಹೆಚ್ಚಿನ ಜ್ಯೋತಿಯಿಂದ ಉರಿಯುತ್ತಾನೆ ಇಲ್ಲದಿದ್ದರೆ ಯಾವುದೇ ವ್ಯತ್ಯಾಸವಿಲ್ಲ.,happy
ಸ್ಪೇನ್ ನೀಡಿದ ಸಮಸ್ಯೆಗಳು ಭಾರತೀಯ ಆಟಗಾರರ ಸಮಸ್ಯೆಗಳನ್ನು ಹೆಚ್ಚಿಸಿವೆ.,sad
ಮುತಾರಿಯಾ ತನ್ನ ತಂದೆತಾಯಿ ಭಾಸ್ಕರ್ ಅವರ ಲಾಲಾರಸವನ್ನು ಹೀರಲು ಪ್ರಾರಂಭಿಸಿದೆಯೇ?,angry
ದೀಪಾವಳಿ ಕೆಲಸ ಪ್ರತ್ಯೇಕವಾಗಿ ಅಂಟಿಕೊಂಡಿದೆ. ಯಾರೂ ಹೊರಗೆ ಹೋಗುತ್ತಿಲ್ಲ,sad
ಈ ಜನರು ಸೋಲಿಸದೆ ಸುಧಾರಿಸುವುದಿಲ್ಲ ಎಂದು ತೋರುತ್ತದೆ.,angry
ಭಾರತದಲ್ಲಿ ತಮ್ಮ ಕರ್ತವ್ಯವನ್ನು ನಿರ್ವಹಿಸುವಾಗ ಹುತಾತ್ಮರಾದ ಹುತಾತ್ಮರಿಗೆ ಲಕ್ಷಾಂತರ ಶ್ರದ್ಧಾಂಜಲಿಗಳು...,happy
ಇದು ಉಬ್ಬಿದ ಕಡಲೆಕಾಯಿ ಸಹೋದರ,angry
ಬಿಜೆಪಿಗೆ ಚುನಾವಣೆಯಲ್ಲಿ ಸೋಲುವ ಭಯವಿದೆ ಅದಕ್ಕಾಗಿಯೇ ಈ ರೀತಿ ಮಾಡುತ್ತಿದೆ,fear
ನೀಲಿ ಬಾಳೆಹಣ್ಣು ಚೆನ್ನಾಗಿದೆ ಆದರೆ ಮುಖ ಕಪ್ಪಾಗಿಸಿದ್ದು ಯಾಕೆ?,angry
ಇನ್ನು ಚುನಾವಣಾ ಆಯೋಗದ ಮೇಲೆ ಜನರಿಗೆ ನಂಬಿಕೆ ಇಲ್ಲ,sad
ಸುಳ್ಳು ಹೇಳುವ ಬಗ್ಗೆ ಅವರಿಗೆ ಏನೂ ಅನಿಸುವುದಿಲ್ಲವೇ?,angry
ತಿರಸ್ಕಾರದ ಜನರು ಒಂದೇ ಭಾಷೆಯನ್ನು ಅರ್ಥಮಾಡಿಕೊಳ್ಳುತ್ತಾರೆ! ಅವರು ಈಗ ಗುಜರಾತಿ ಮಾತನಾಡುತ್ತಿರಬೇಕು...,angry
ಹೌದು..ಆದರೆ ಗ್ರಾಮೀಣ ಪ್ರದೇಶದಲ್ಲಿ ಆ ಅರ್ಜಿಯ ಬಗ್ಗೆ ಯಾವುದೇ ಮುಂದಿನ ಕ್ರಮ ಕೈಗೊಂಡಿಲ್ಲ,neutral
ಇನ್ನೊಂದು ಕೈಯಲ್ಲಿ ಏನಿದೆ? ಮತ್ತು ಜೀವಂತವಾಗಿರುವಾಗ ಬೆಂಬಲವನ್ನು ನೋಡಲಿಲ್ಲ!,angry
ಈ ಮನುಷ್ಯನೂ ಗೊಂದಲಕ್ಕೊಳಗಾಗಿದ್ದಾನೆ ...,neutral
"""ನಾನಾ ಪಟೋಲೆ ದೇವೇಂದ್ರ ಫಡ್ನವಿಸ್...""; ಚಂದ್ರಶೇಖರ ಬಾವನಕುಳೆ ಅವರ ನಾನಾ ಪಾಟೋಲೆ ಟೀಕೆ",angry
"ಅವರು ದೇಶದಲ್ಲಿ ಒಂದೇ ಒಂದು ಕಾರ್ಯಕ್ರಮವನ್ನು ನಡೆಸುತ್ತಿದ್ದಾರೆ, ಧರ್ಮವನ್ನು ವ್ಯಾಪಾರ ಮಾಡುತ್ತಾರೆ ಮತ್ತು ಜನರನ್ನು ಮಾಡುತ್ತಾರೆ.",angry
"ನೀವು ಇತರರಿಗಿಂತ ಹೆಚ್ಚಿನದನ್ನು ಮಾಡಲು ಸಿದ್ಧರಿಲ್ಲದಿದ್ದರೆ, ಮೊದಲಿನಿಂದಲೂ ನೀವು ಶ್ರೀಮಂತರಾಗಲು ತುಂಬಾ ಕಷ್ಟವಾಗುತ್ತದೆ.",neutral
ಮನೆಯಲ್ಲಿ ಪ್ರಯತ್ನಿಸಿದೆ... ಹಗಲಿನಲ್ಲಿ ಎರಡೂ ಕಣ್ಣುಗಳ ದೃಷ್ಟಿ ಕಳೆದುಕೊಂಡಿತ್ತು,sad
"ನೋಡೋಣ, ಈ ಚುನಾವಣೆಯಲ್ಲಿ ಅಂಧೇರಿ ಪೂರ್ವದ ಮತದಾರರು ಬಿಜೆಪಿಯತ್ತ ಹೋಗುತ್ತಾರೆ.",happy
ನೀವು ಮತ್ತು ಎಲ್ಲರೂ ಹೀಗೆಯೇ ಪರಿಚಿತರಾಗಿದ್ದೀರಿ,neutral
ಈಗ ಹೀಗೇ ಆಗುತ್ತೆ.. ಕ್ರೀಮಿ ಫುಡ್ ತಿನ್ನಬೇಕೆನಿಸಿತು ಆದರೆ ಏನೂ ಸಿಗಲಿಲ್ಲ..,angry
ಮಹಾರಾಷ್ಟ್ರದಲ್ಲಿ ಬರ ಘೋಷಣೆ ಮಾಡಿ ಇಲ್ಲದಿದ್ದರೆ ಬಲಿರಾಜ ಕ್ಷಮಿಸುವುದಿಲ್ಲ,fear
ಬಿಜೆಪಿಗೆ ಮತ ಹಾಕುವುದಕ್ಕಿಂತ ಭಿಕ್ಷೆ ಬೇಡುವುದು ಮೇಲು.. ಪುಣೆಯ ಗುಂಡಿ ತುಂಬಲು ನಿಮ್ಮ ತಂದೆ ಬರುತ್ತಾರಾ?,angry
ನೀವು ಬರೆದದ್ದು ಅರ್ಧದಷ್ಟು ಅಜ್ಞಾನಿ ಭಕ್ತರಿಗೆ ಅರ್ಥವಾಗದಿರಬಹುದು...,angry
"ಎಲ್ಲಾ ನಾಯಕರಿಗೂ ""ಪ್ರಜಾಪ್ರಭುತ್ವ, ಸಂವಿಧಾನ"" ಏಕೆ ನೆನಪಿದೆ ಎಂದು ನಾನು ಆಶ್ಚರ್ಯ ಪಡುತ್ತೇನೆ.",angry
"ಜೀವನದ ಪಯಣದಲ್ಲಿ ನಾವು ಅನೇಕರನ್ನು ಭೇಟಿಯಾಗುತ್ತೇವೆ, ನಮ್ಮನ್ನು ಬೆಂಬಲಿಸುವವರು ಕಡಿಮೆ ಮತ್ತು ನಮ್ಮನ್ನು ಬಿಟ್ಟು ಹೋಗುವವರು ಹೆಚ್ಚು.",sad
"ಟ್ವೀಟ್ ನ ಲಾಜಿಕ್ ಏನೆಂದರೆ, ನಗಲೂ ಬಾರದಷ್ಟು ನಿಷ್ಪ್ರಯೋಜಕ ಲಾಜಿಕ್.",angry
"ಗಂಗಾಧರ ರಾವ್ ಅವರು ವಿಶ್ವದ ನಂಬರ್ ಒನ್ ಆವಿಷ್ಕಾರಕರಲ್ಲಿ ಒಬ್ಬರು, ರಾವ್ ಅವರು ಎಂತಹ ಉತ್ತಮ ಉದಾಹರಣೆಯನ್ನು ನೀಡಿದ್ದಾರೆ.",angry
ಮಹಾಬಲವಿದ್ದವಳು ಗಾಬರಿಯಾದಳು...ಅಲ್ಲಿಯೇ ನಿನ್ನ ಶಕ್ತಿ ಬಯಲಾಯಿತು.,angry
ಸಾಹಿಬ್ ಓಡಿಹೋದಾಗ ನೀವು ಏನು ನೋಡಿದ್ದೀರಿ?,angry
ರಕ್ತದ ಕಪ್ಪು ಮಾರುಕಟ್ಟೆ ಈಗ ಈ ರೀತಿ ತೆರೆದಿದೆ.,angry
"ಇದು ಕಷ್ಟ, ತಂದೆ",neutral
ಉಳಿದವರು ಅಸಹಾಯಕರು,sad
"ದುರ್ಯೋಧನನು ಶ್ರೀಕೃಷ್ಣ, ರೇ ಬಾಬಾರನ್ನು ಭೇಟಿಯಾದನು",happy
"ಬಾಧಿತರು ಅಂದು ಕಪಟವೇಷಧಾರಿ, ಈಗಲೂ ಇದ್ದಾರೆ..ಏನೂ ಬದಲಾಗಿಲ್ಲ",angry
"ಕಪ್ಪು ಹಲಗೆ: ಇದನ್ನು ಸಿಖ್ ಗಲಭೆ ಎಂದು ಕರೆಯಬೇಡಿ, ಇದು ಹತ್ಯಾಕಾಂಡ",angry
ಎಣ್ಣೆ ಬಂತು ತುಪ್ಪ ಮಾಯ..! ಕೈಗೆ ಬಂದ ಕುಂಬಳಕಾಯಿ..!,angry
ಕಳ್ಳ ಬೇಟೆಗಾರರಿಂದ ಬೆಲೆ ಏರಿಕೆಯಾಗಿದೆ ಮತ್ತು ಭಕ್ತರು ಮಟನ್ ಖರೀದಿಸಲು ಸಾಧ್ಯವಾಗಲಿಲ್ಲ.,angry
ಭೀಮಚೋ ಸೇ ನಾನಾ ತಥಾ ತೂ ದಾನ ಅಖಾರಾ ತಥಾ ಪ್ರಚಾರ.,neutral
ದೇಶದ್ರೋಹಿಗಳು ಕಷ್ಟಪಟ್ಟರೂ ಪ್ರಯೋಜನವಾಗುವುದಿಲ್ಲ. ಸಾರ್ವಜನಿಕರು ಅವರನ್ನು ಮನೆಯಲ್ಲಿ ಕೂರಿಸುತ್ತಾರೆ,angry
ಶಿವರಾಯರ ಗುರಾಣಿ ಖಡ್ಗವು ಹಿಂಸಾತ್ಮಕ ಜ್ಯೋತಿಗಿಂತ ಹೆಚ್ಚು ಶಕ್ತಿಶಾಲಿ ಎಂದು ಉತ್ತಸೇನನಿಗೆ ಅರ್ಥವಾಗಲಿಲ್ಲ.,happy
ಇತರ ಜನರ ವೈಯಕ್ತಿಕ ಜೀವನದಲ್ಲಿ ಇಣುಕುವುದು ಒಳ್ಳೆಯ ಸಂಕೇತವಲ್ಲ,angry
"ಇದು ಹಳಸಿದ ಹೇಳಿಕೆಯಾಗಿದ್ದು, ಮತ್ತಾ ಇದಕ್ಕೆ ತುಂಬಾ ತೊಂದರೆ ನೀಡುತ್ತಿದ್ದಾರೆ.",angry
ಮನುಷ್ಯ ಚಿಕ್ಕವನು ಸರ್.. ಎಲ್ಲರೂ ಒಂದೇ ಅಲ್ಲ..,sad
ನಾಂದೇಡ್‌ನಲ್ಲಿ ರೈಲು ವಿದ್ಯುದ್ದೀಕರಣ ಕಾರ್ಯ ಮುಗಿಸಿ ಹಿಂತಿರುಗುತ್ತಿದ್ದ ವೇಳೆ ಭೀಕರ ಅಪಘಾತ ಸಂಭವಿಸಿದೆ.,sad
ಆ ಪಕ್ಷದ ಮುಖಂಡರು ಗೊಂದಲದಲ್ಲಿದ್ದಾರೆ.,angry
ಶಿವಸೇನೆಯಲ್ಲಿ ಬಿಟ್ಟ ಅಪ್ಪನ ಕೆರೆಯ ಹೊರತಾಗಿ...!!!,angry
ನಿಮಗೆ ನಾಚಿಕೆಯಾಗುವುದಿಲ್ಲವೇ?,angry
ಕೆಲವು ವರ್ಷಗಳಿಂದ ಭಿಕ್ಷುಕನಾಗಿ ಕುಳಿತಿದ್ದ. ದೇಶ ಎಂದರೆ ನಿಮ್ಮ ಆಸ್ತಿ.,angry
ಬಿಜೆಪಿ ಇರುವ ಕಡೆ ವಾಟೋಲೆ ಇರುವುದು ಖಚಿತ.,angry
ಅದರಲ್ಲಿ ನಾಚಿಕೆ ಇಲ್ಲ ನಿಜ,angry
ನೀನು ಪೇಪರ್ ಟೈಗರ್ ಅಂತ ಜನಕ್ಕೆ ಗೊತ್ತು.,angry
ಖಿನ್ನತೆಯನ್ನು ಹರಡಲು ಎಷ್ಟೇ ಪ್ರಯತ್ನಿಸಿದರೂ ಪ್ರಯೋಜನವಾಗುವುದಿಲ್ಲ.,neutral
ಕಾಂಗ್ರೆಸ್ ಅನಕ್ಷರಸ್ಥರಲ್ಲ.,neutral
ನಿಮ್ಮ ಯಜಮಾನರು ಮುಖ್ಯಮಂತ್ರಿಯನ್ನೂ ಓಲೈಸಿದರು,angry
ಈ ಸೂಕ್ಷ್ಮತೆ ನಿನ್ನೆಯವರೆಗೆ ಎಲ್ಲಿತ್ತು?,angry
"ಶಿಂಧೆ ಗುಂಪಿನ ಮೊದಲ ಬೊಂಬೆ, ಈಗ ಬಿಜೆಪಿ ನಾಯಕರಿಗೂ ಸೋಂಕು ಬಂದಿದೆ.",angry
ಇಂತಹ ಮಾದರಿ ಭಾರತದಲ್ಲಿ ಹೇಗೆ ಅಸ್ತಿತ್ವಕ್ಕೆ ಬಂದಿತು...,angry
ಆ ಪತ್ರಾ ಚಾಳಿಯಲ್ಲಿ ವಾಸಿಸುವವರನ್ನು ಕೇಳಿ ಅವರಿಗೂ ತಾಯಿ ಇದ್ದಾರೆ.,angry
ಸಂಪಾದಕರಿದ್ದಾರೆ ಮತ್ತು ಈ ಪ್ರಶ್ನೆಯು ಕಾಳಜಿಯ ವಿಷಯವಾಗಿದೆ ...,angry
ಎಂಎಲ್ ಎ ಆಗುವುದಿಲ್ಲ ಎಂದು ಬರೆದುಕೊಳ್ಳಿ,angry
ಈ ಸದಸ್ಯರು ಲೇಬರ್ ಆರ್ಮಿಯ ಸಾಮಾನ್ಯ ಅಧ್ಯಕ್ಷರಾಗಲು ಸಾಧ್ಯವಿಲ್ಲ.,angry
"ಹೇ ನಿಷ್ಪ್ರಯೋಜಕ ಜನರೇ, ಯಾರೊಬ್ಬರ ಸಾವಿನ ಸುದ್ದಿಯಲ್ಲೂ ಕ್ಲಿಕ್‌ಬೈಟ್ ಅನ್ನು ಬಳಸಲಾಗುತ್ತದೆ, ಈ ಪಾಪಗಳಿಗೆ ಹೇಗೆ ಪಾವತಿಸಲಾಗುತ್ತದೆ.",angry
"ಹೌದು, ಫಸ್ನವೀಸ್ ಗೆ ಸೋಲು ಇಷ್ಟವಿಲ್ಲ, ಹೀಗಾಗಿ ಚುನಾವಣೆಯಿಂದ ಮರೆಮಾಚಿಕೊಂಡು ಓಡಿಹೋಗಲು ಯತ್ನಿಸುತ್ತಿದ್ದಾರೆ.",angry
"ಆದರೆ ನಾನೇನು ಹೇಳುತ್ತೇನೆ, ಅಭ್ಯರ್ಥಿಯೇ ಇಲ್ಲದವನಿಗೆ ಯಾಕೆ ಇಷ್ಟೊಂದು ತುರಿಕೆ?",angry
ಶಾಸಕರಿಗೆ ಕೆಲಸ ಕೊಡಿ...ಇಲ್ಲದಿದ್ದರೆ ಬರುವ ಚುನಾವಣೆಯಲ್ಲಿ ಶಾಸಕರನ್ನೂ ಭೇಟಿ ಮಾಡುವುದಿಲ್ಲ.,angry
ಇವರಿಂದ ಎರಡೂವರೆ ವರ್ಷಗಳ ಕಾಲ ಪ್ಯಾಕೆಟ್ ತೆಗೆದುಕೊಂಡರು. ಈಗ ಅವರ ವಿರುದ್ಧ ಬರೆಯುವ ಸಮಯ ಬಂದಿದೆ...ಕಷ್ಟ..!,sad
ಲಾಲ್ಪಾರಿ ಮತ್ತು ಅವರ ಉದ್ಯೋಗಿಗಳು ಪವಾರ್ ಸಾಹೇಬರಿಂದ ಹೆಚ್ಚು ನಷ್ಟವನ್ನು ಅನುಭವಿಸಿದರು.,sad
"ನಾಚಿಕೆ ಪಡುವುದು ಜನರಿಗಲ್ಲ ಮನಸ್ಸೇ, ನೀನು ಕಟ್ಟಾ ದೇಶದ್ರೋಹಿ.",angry
ಇದು ಯಾವುದನ್ನೂ ಸರಿಪಡಿಸುವುದಿಲ್ಲ ಬೆನ್,angry
ಬಿಜೆಪಿ ಅಧ್ಯಕ್ಷರಾಗಲು ಒಳಗಿನವರ ಸ್ಥಿತಿ ಸಾಕಷ್ಟಿತ್ತು ಆದರೆ ಅವರನ್ನು ನಾಯಿಯಾಗಿ ಪರಿವರ್ತಿಸಲಾಯಿತು.,angry
ವೇಗ ಮತ್ತು ಉತ್ಸಾಹದಲ್ಲಿ ಪ್ರಗತಿಯನ್ನು ನಾಯಿ ಎಂದಿಗೂ ಸಹಿಸುವುದಿಲ್ಲ ...,angry
ಇಂತಹ ಬುದ್ದಿಜೀವಿಗಳು ಕಾಂಗ್ರೆಸ್‌ನಲ್ಲಿ ಇದ್ದರೆ ಭಾರತ ಕಾಂಗ್ರೆಸ್‌ನಿಂದ ಮುಕ್ತವಾಗುತ್ತದೆ.,angry
ಈಗ ಎಂಸಿಎ ಖಜಾನೆಯೂ ಲೂಟಿಯಾಗಲಿದೆ ಅಣ್ಣ.,angry
ಅವರನ್ನು ದೇಶದ ಮನರಂಜನಾ ಸಚಿವರನ್ನಾಗಿ ಮಾಡಬೇಕು.... ಇಂತಹ ವ್ಯಕ್ತಿ ದೇಶದ ಹಣಕಾಸು ಸಚಿವರಾಗಿರುವುದು ದೇಶದ ದೌರ್ಭಾಗ್ಯ!,angry
ಬಾಳಾ ಸಾಹೇಬರನ್ನು ಬಂಧಿಸಿದ್ದು ಬಹುಗುಣಿಯೇ ಅಲ್ಲವೇ?,happy
ಅದೃಷ್ಟ ಆದರೆ ನಾನು ಒಳಗೆ ಉರಿಯುತ್ತಿದ್ದೇನೆ,angry
ಇದು ರಾಜಕಾರಣಿಗಳ ಬದಲಿಗೆ ಮಾಧ್ಯಮದವರು ಪಾವತಿಸುತ್ತಾರೆ,angry
"ಆಸ್ತಿ, ಪಿತ್ರಾರ್ಜಿತ ಹಕ್ಕುಗಳಿಗಾಗಿ ಹೋರಾಟದಲ್ಲಿ ಅಗ್ನಿ ದಿಲ ಇನ್ನು ಸಮಸ್ಯೆ...",angry
ಇದು ರಾಖಿಗೆ ಮಾಡಿದ ಅವಮಾನ.,angry
ನೀವು ರಾಜಕೀಯ ನಾಯಕರೆಂಬುದು ನಿಜಕ್ಕೂ ಭ್ರಮೆ,angry
ನೀವು ಅರ್ಹತೆ ಪಡೆಯಲು ಸಾಧ್ಯವೇ?,angry
"ಅರೇ, ಬಾರಾಮತಿಯ ಅಡಿಭಾಗವನ್ನು ನೆಕ್ಕಲು ಎಷ್ಟು ಬೇಕು?",angry
"ಯಾರು ಹೇಳುತ್ತಿದ್ದಾರೆ ನೋಡಿ, ಯಾರು ಯಾರಿಗೆ ಕಿರುಕುಳ ನೀಡುತ್ತಿದ್ದಾರೆಂದು ಎಲ್ಲರಿಗೂ ತಿಳಿದಿದೆ.",angry
"ದೇವರ ದರ್ಶನ ಮುಗಿಸಿ ಸಂತಸದಿಂದ ಮನೆಗೆ ಬರುತ್ತಿದ್ದೆ, ಆದರೆ ದಾರಿಯಲ್ಲಿ... ಕರ್ನಾಟಕದಲ್ಲಿ ಭೀಕರ ಅಪಘಾತ ಸಂಭವಿಸಿದೆ.",sad
"ಅಷ್ಟಕ್ಕೂ ಅವರು ವಂಶ ರಾಜಕಾರಣದ ಬೆಂಬಲಿಗರು, ಈ ವಿಷಯ ಅವರ ಮನಸ್ಸಿಗೆ ಹೇಗೆ ಬರುತ್ತದೆ?",angry
ದೇಶದ್ರೋಹಿಗಳನ್ನು ಸೋಲಲು ಕರೆಯುತ್ತೇವೆ... ಏಕನಾಥ್ ಅವರೇ ಸೋಲಲಿದ್ದಾರೆ.,angry
ವಿಚಾರಣೆ ಮಾತ್ರ ಪೂರ್ಣವಾಗಬೇಕು...ನಯತಾರ್ ಕಯ್ ಮೇಲಿನ ನಂಬಿಕೆ ದಿನದಿಂದ ದಿನಕ್ಕೆ ಕಡಿಮೆಯಾಗುತ್ತಿದೆ,angry
ಸೂಕ್ತ ಸಾದೃಶ್ಯ...ಇದು ಹೇಯ. ಅರ್ಥ ನೋಡಿ..,angry
ಬಂಡಾಯಗಾರನಾಗಲು ಕಷ್ಟಗಳನ್ನು ಸಹಿಸಿಕೊಳ್ಳಬೇಕು..! ಇದು ಏನು?,angry
ಸೋಲು ಸನ್ನಿಹಿತವಾಗಿದೆ,sad
ಈತನ ಕಾಲದಲ್ಲಿ ಅನೇಕರು ಕೋಪಗೊಂಡಿದ್ದರು ಎಂದು ಹೇಳಲಾಗುತ್ತದೆ.,angry
"ಸಾರ್, ನೀವು ಆದಿತ್ಯನ ಹತ್ತಿರ ಎಲ್ಲಿಯೂ ಇಲ್ಲ. ಆದಿತ್ಯ ಮಹಾರಾಷ್ಟ್ರದ ಭವಿಷ್ಯ.",angry
ಹಾಗಾದರೆ ಅವರೂ ಶರಣಾಗಬೇಕೇ?,angry
ರಾಜ್ ಠಾಕ್ರೆಗೆ ಟೈಗರ್ ಎಂಬ ಪದ ಸರಿಹೋಗುವುದಿಲ್ಲ,angry
"ಅವನಿಗೆ ಹೇಗೆ ತೆಗೆದುಕೊಳ್ಳಬೇಕೆಂದು ತಿಳಿದಿದೆ, ಹೇಗೆ ಕೊಡಬೇಕೆಂದು ಅಲ್ಲ.",angry
"ನಿಮ್ಮ ವಿಷಯ ಕೇವಲ ಗುಜರಾತಿ ಪ್ರೇಮವಾಗಿತ್ತು, ಅದಕ್ಕೆ ತಲೆ ಹಾಕುವ ಅಗತ್ಯವಿಲ್ಲ",angry
ಪುಸ್ತಕಗಳನ್ನು ಮೆಚ್ಚದ ಯಾರಿಗಾದರೂ ನೀವು ಪುಸ್ತಕವನ್ನು ಉಡುಗೊರೆಯಾಗಿ ನೀಡುತ್ತೀರಾ?,angry
ಇಂತಹ ನಿಷ್ಪ್ರಯೋಜಕ ಹಾಸ್ಯಗಳನ್ನು ಮಾಡುವ ಮೂಲಕ ನೀವು ನಿಮ್ಮ ಸ್ವಂತ ಮೌಲ್ಯವನ್ನು ಕಡಿಮೆ ಮಾಡುತ್ತಿದ್ದೀರಿ,angry
ಅಂತಹ ದೊಡ್ಡ ನಾಯಕರಿದ್ದಾರೆ ಆದರೆ ಈ ಚುನಾವಣೆ ಗುರಿಯಲ್ಲ,angry
ಗುಂಡಿ ಇದೆಯೇ? ಇಲಿಗಳು ಬಿಲ್ ಪಾವತಿಸಿದವು,angry
"ವಿಳಂಬಕ್ಕೆ ಚುನಾವಣಾ ಆಯೋಗವನ್ನು ದೂರುವ ಕೆಲಸ ನಡೆಯುತ್ತಿದೆ: ದೇವೇಂದ್ರ ಫಡ್ನವೀಸ್, ಉಪ ಮುಖ್ಯಮಂತ್ರಿ",angry
ಎಲ್ಲ ಭಕ್ತರು ಯೆದೆ ಆದರೆ ಅಲ್ಲೊಂದು ಇಲ್ಲೊಂದು ಇದ್ದಾರೆ,angry
ಅವಳು ಬೇರೆಯವರೊಂದಿಗೆ ಓಡಿಹೋದಳು ನಾವು,sad
ನಾನು ಕಳೆದ ವರ್ಷ ಅಂತಹ ಮಾದರಿಗಳನ್ನು ನಿರ್ಬಂಧಿಸಿದೆ. ಈ ದೀಪಾವಳಿ ನನಗೆ ನಿಜವಾಗಿಯೂ ಮಂಗಳಕರವಾಗಿರುತ್ತದೆ.,happy
"ಜಾಗರೂಕರಾಗಿರಿ ಬಾಪು, ಸತ್ತಾರ್ ಮತ್ತು ಶಿರ್ಸತ್. ಶಿವಸೈನಿಯವರ ಪ್ರೀತಿಯನ್ನು ನೋಡಿ, ಈಗ ಮಧುರಕ್ಕೆ ಸಿದ್ಧರಾಗಿ.",angry
ಫೇಸ್‌ಬುಕ್‌ನ ನೀತಿ ತಂಡವು ಭಾರತ ಮತ್ತು ಹಿಂದೂ ವಿರೋಧಿ ಗುಂಪು,angry
ಪ್ರಜಾಪ್ರಭುತ್ವದಲ್ಲಿ ನಾಯಕರು ಎಲ್ಲಾ ಸಾಮಾನ್ಯ ಜನರು ಮೂರ್ಖರು ಎಂಬ ಊಹೆಯ ಮೇಲೆ ಕಾರ್ಯನಿರ್ವಹಿಸುತ್ತಾರೆ.,angry
"ಉಳಿದೆಲ್ಲ ಪಕ್ಷಗಳ ನಾಯಕರನ್ನೇ ಏಕೆ ತನಿಖೆ ಮಾಡುತ್ತಾರೆ, ಬಿಜೆಪಿಯಲ್ಲಿ ಯಾರೂ ಭ್ರಷ್ಟರೇ ಇಲ್ಲವೇ?",angry
ಅವರನ್ನೆಲ್ಲ ಪಾಕಿಸ್ತಾನಕ್ಕೆ ಕಳುಹಿಸಿ... ಪುಣೆಯಲ್ಲಿ ಇಂತಹ ಘಟನೆ ನಡೆಯುತ್ತಿರುವುದು ತುಂಬಾ ಕೆಟ್ಟದಾಗಿದೆ.,angry
"ಮುನ್ಸಿಪಾಲಿಟಿಯಿಂದ ಪಾರ್ಲಿಮೆಂಟ್ ವರೆಗೆ ಅಣ್ಣಾ ನೀನಾಗಿದ್ದೆ. ಹಾಗಾದರೆ, ಕಳೆದ ವರ್ಷ ನೀವು ಏನು ಮಾಡಿದ್ದೀರಿ?",angry
"ಇಂತಹ ಸಾಹೇಬರ ಫೋಟೋ ಹಾಕಬೇಡಿ, ಒಕ್ರಿ ಅನ್ನಿಸುತ್ತೆ.",angry
ಫಡ್ನವೀಸ್ ಅವರು ಕೆಲವು ಸಲಿಕೆಗಳನ್ನು ಶಾಂತಿಯುತವಾಗಿ ಮಲಗಲು ಬಿಡುವುದಿಲ್ಲ,angry
ಬಿಲ್ಲಿನಲ್ಲಿ ಬಾಣವಿಲ್ಲ ಮತ್ತು ಬಾಣದಲ್ಲಿ ಅಂಚಿಲ್ಲ,angry
"ಆದ್ದರಿಂದ, ಈ ವರ್ಷ ವಿಶ್ವದಲ್ಲಿ ಆರ್ಥಿಕ ಹಿಂಜರಿತಕ್ಕೆ ಕಾರಣವಾದ ಈ ನಾಯಿಮರಿಯನ್ನು ಅಮೆರಿಕದ ಜನರು ಬಿಡುಗಡೆ ಮಾಡಿದ್ದಾರೆ.",angry
ಗಂಭೀರವಾಗಿ ನಗುವುದು ಕಷ್ಟ,sad
"ಸಾರ್, ನೀವು ದೇಶ ಸೇವೆ ಮಾಡಿ ಜೈಲಿಗೆ ಹೋಗಿಲ್ಲ, ಬಡವರ ಹಣ ತಿಂದಿದ್ದೀರಿ.",angry
ಭೋಸರಿ ಕೇಳಿದ್ದು ಯಾಕೆ?,angry
ರಾಹುಲ್ ಜೀ ಗಾಂಧೀಜಿಯವರಿಂದ ಉತ್ತರ ಕೇಳುತ್ತಿದ್ದರು,angry
ಅವನೇ ಕೋಲು ತೆಗೆದುಕೊಂಡು ದೇಶದ್ರೋಹಿಯ ಮುಖಕ್ಕೆ ಹೊಡೆಯಲು ಹೊರಟನು.,angry
ಮೂರ್ಖ ಶಿರೋಮಣಿ ಭಟ್ಕಳಕರ್ ಅವರ ಸುದ್ದಿ ಕುಟುಕಿನಿಂದ ಅವರು ಪ್ರಭಾವಿತರಾಗಿದ್ದಾರೆ. ಪತ್ರಕರ್ತರು ಎಷ್ಟು ಗಂಟೆಗೆ ಬಂದರು...!,angry
"ನಮ್ಮ ಸರ್ ಜನವರಿಯಿಂದ ಜೂನ್ ವರೆಗೆ ಮುಖ್ಯಮಂತ್ರಿ ಆಗಿದ್ದರು, ನಂತರ ಆತ್ಮಹತ್ಯೆಗಳು ಹೇಗೆ ನಡೆದವು?",angry
ಇದನ್ನು ರಾಜ್ ಠಾಕ್ರೆ ಮತ್ತು ಜನತಾರಾಜರಿಗೆ ತಿಳಿಸಿ. ಅವರು ಬಿಜೆಪಿಯನ್ನು ಅನುಸರಿಸುತ್ತಿದ್ದಾರೆ.,angry
ಶಿಂಧೆ ಗುಂಪಿನೊಂದಿಗೆ ಮಾತನಾಡುವಾಗ ಬಿಜೆಪಿಗೆ ಕೋಪ ಏಕೆ?,angry
"ದಿಘೆ ಸಾಹೇಬರ ನಿಜವಾದ ತಂಗಿ ಶಿಂಧೆ ಸಾಹೇಬರ ಜೊತೆಗಿದ್ದಾಳೆ, ಏನು ಹೇಳುತ್ತೀರಿ?",neutral
"ಮೋದಿಯನ್ನು ಕಚ್ಚುವುದರಲ್ಲಿ ಕಮ್ಮಿ ಬೇಡ, ಅಷ್ಟೆ.",angry
ಕಂದಾಯ ಸಚಿವರಾಗುವ ಕನಸು ಕಾಣುತ್ತಿದ್ದ ಚಂಪಾ ಅವರ ಬಾಯಲ್ಲಿ ಫಡ್ನವೀಸ್ ದನದ ಸಗಣಿಯನ್ನು ಎಸೆದರು.,angry
ಇದು ತುಂಬಾ ಕೆರಳಿಸುವಂತಹ ವಿಷಯ.. ಇಲ್ಲಿಯವರೆಗೆ ಯಾವ ರಾಜಕೀಯ ಪಕ್ಷವೂ ಇಂತಹ ಅವಮಾನ ಮಾಡಿಲ್ಲ.,angry
ನಿನಗೇಕೆ ಇಷ್ಟೊಂದು ಹೊಟ್ಟೆಕಿಚ್ಚು?,angry
ಶಿಂಧೆ ಮುಗುಳ್ನಗುತ್ತಾ ಪರ್ಫೆಕ್ಟ್ ಆಟ ಆಡಿದ್ದಾರೆ...,happy
"ಅಜಿತ್ದಾದಾ ಶೀಘ್ರದಲ್ಲೇ ಈ ಸಮಯವನ್ನು ನಿಮ್ಮ ಸುಂದರ ಪ್ರೇಯಸಿಗೆ ತರುತ್ತಾನೆ, ಅದನ್ನು ಬರೆಯಿರಿ.",angry
ಮೂರು ನೇಪಾಳಿ ಕೋಳಿಗಳನ್ನು ಕತ್ತರಿಸಿ ಮತ್ತು ಫಲಿತಾಂಶವು ಉತ್ತಮವಾಗಿದೆಯೇ ಎಂದು ನೋಡಿ.,angry
ದೇಶದ್ರೋಹಿಗಳನ್ನು ಸೋಲಿಸಬೇಕು. ಶಿವಸೇನೆ ಮಾತು ಕದ್ದಿದೆ.,angry
ಗೂಂಡಾಗಳೊಂದಿಗೆ ರೈಲ್ವೆಯ ಕಳಪೆ ನಡವಳಿಕೆ...ಕಡಿಮೆ ರೈಲುಗಳು ಮತ್ತು ಅನಿಯಮಿತ ವೇಳಾಪಟ್ಟಿ,angry
ಠಾಕ್ರೆಗೆ ಇಷ್ಟೊಂದು ಸಂಪತ್ತು ಎಲ್ಲಿಂದ ಬಂತು ಎಂದು ನಿಮ್ಮ ನಾಯಕರು ಕೇಳುತ್ತಿದ್ದಾರೆ.,angry
ಪುಣೆಯಲ್ಲಿ ಅಕ್ಟೋಬರ್ ಹೀಟ್‌ಗೆ ಹೃತ್ಪೂರ್ವಕ ಗೌರವ,neutral
ನೀವು ಯಶಸ್ವಿಯಾಗಲಿ! ಟಿಕೆಟ್ ಗಳನ್ನು ಪೊಲೀಸರು ದುಬಾರಿ ಬೆಲೆಗೆ ಮಾರಾಟ ಮಾಡಿದ್ದಾರೆ. ಅಲ್ಲಿ ಪ್ರಾರಂಭಿಸಿ.,angry
ಇದೇ ವೇಳೆ ಸಂಘಟಕರು ಕ್ಷಮೆ ಯಾಚಿಸಬೇಕು.,angry
"ಆಗ ಸಾಹೇಬರೇ ಹೆಚ್ಚು ನ್ಯಾಪಿ ಕೆಲಸ ಮಾಡುತ್ತಿದ್ದರು, ಸ್ವಲ್ಪ ಚಿಕ್ಕವರಾ?",angry
ಆದರೆ ಮಹಾರಾಷ್ಟ್ರದ ಒಳಿತಿಗಾಗಿ ಅವರು ಏನು ಮಾಡುತ್ತಾರೆ?,angry
ಅಂಬೇಡ್ಕರ್ ಮುಖ್ಯಾಂಶಗಳಲ್ಲಿ ಉಳಿಯಲು ಏನು ಬೇಕಾದರೂ ಮಾಡುವ ಸಾಮಾನ್ಯ ವ್ಯಕ್ತಿ.,angry
ಈ ಸಮೀಕರಣ ಮತ್ತು ಕಾನೂನು ರಾಜಕೀಯ ಬಹಳ ಸಂಕೀರ್ಣ ಮತ್ತು ಸಂಕೀರ್ಣವಾಗಿದೆ.,neutral
ದಿವಾಳಿಯಾದ ಬುದ್ದಿ ಭಕ್ತರಿಗೆ ದೀಪಾವಳಿ ಬೋನಸ್ ಸಿಗಲಿಲ್ಲ,angry
"ತೈ ಎರಡು ಮುಖದ ಮಹಿಳೆ, ಅವಳು ತಕ್ಷಣ ಬದಲಾಗುತ್ತಾಳೆ.",angry
ಭೀಕರ ಸೋಲು ಮುಂದಿದೆ. ಈಗ ಅವರು ಬಿಜೆಪಿಯ ಅಭ್ಯರ್ಥಿಯೇ ಅಥವಾ ದೇಶದ್ರೋಹಿ ಸೇನೆಯೇ ಎಂದು ನೋಡೋಣ.,sad
ನಿಮ್ಮ ಸರ್ ಮಾಡಿದ್ದನ್ನು ನೀವು ಮಾಡದಿದ್ದರೆ ಈ ಸಮಯ ಬರುತ್ತಿರಲಿಲ್ಲ...,angry
ಸ್ವಾತಂತ್ರ್ಯಕ್ಕೆ ನೀವು ಎಷ್ಟು ಕೊಡುಗೆ ನೀಡಿದ್ದೀರಿ,angry
ಅಲ್ಲಿಯೂ ಏನೂ ಸಿಗುವುದಿಲ್ಲ...ಏಕೆಂದರೆ ಸಾಮರ್ಥ್ಯ,angry
"ಫಡ್ನವಿಸ್ ಕೂಡ ಬೆವರಲಾರಂಭಿಸಿದರು, ಚೇತರಿಸಿಕೊಂಡರು",angry
ಒತ್ತಡವನ್ನು ನಿಯಂತ್ರಿಸದಿದ್ದರೆ ಇಷ್ಟು ತಿನ್ನುವುದೇಕೆ?,angry
ಇಸಿ ಒಂದು ಸ್ವಾಯತ್ತ ಸಂಸ್ಥೆ ಎಂಬುದು ಸಾಮಾನ್ಯ ತಪ್ಪು ಕಲ್ಪನೆ.,angry
"ಈ ನಾಯಿಗೆ ಸಂಬಳ ಮತ್ತು ಪಿಂಚಣಿ ನೀಡಬೇಕಾಗಿಲ್ಲವಾದ್ದರಿಂದ, ಇದು ಅಗ್ನಿಶಾಮಕವಾಗುವುದಿಲ್ಲ, ಇದು ಶಾಶ್ವತವಾಗಿರುತ್ತದೆ....ಕಳುಹಿಸಿ",angry
ನೀವು ಮನೆಯಲ್ಲಿ ತೊಟ್ಟಿಲು ಏಕೆ ಚಲಿಸಬಾರದು?,angry
ಶಿಂಧೆ-ಬಿಜೆಪಿ ಒಂದೇ ಒಂದು ಸ್ಥಾನವನ್ನೂ ಗೆಲ್ಲುವುದಿಲ್ಲ...ಇದನ್ನು ಆರಂಭ ಎನ್ನಬಹುದೇ?,angry
ನೀವು ಪತ್ರಕರ್ತರೇ? ಪತ್ರಕರ್ತರು ಪಕ್ಷಪಾತ ಮಾಡುವುದಿಲ್ಲ,angry
ಕಳೆದ ವರ್ಷ ದೇಶ ಮಾಡಿದ್ದನ್ನು ಮಾರಿಕೊಂಡು ಬದುಕುತ್ತಿದ್ದಾರೆ ನಿಮ್ಮ ಮೋದಿ.,angry
ಲಟ್ಕೆ ಬಾಯಿಯ ಪ್ರಚಾರ ಸಭೆಯಲ್ಲಿ ಮಾಮು ಹೇಳ್ತಾರೆ...ನೆನಪಿರಲಿ...ಬಾಳಾ ಸಾಹೇಬರ ಶಿವಸೇನೆಯನ್ನು ಸೋಲಿಸಬೇಕು...,angry
ಇದು ದೇಶದ್ರೋಹಿಗಳಿಗೆ ಸರಿಹೊಂದುವುದಿಲ್ಲ,angry
"ದೀಪಾವಳಿಗೂ ಮುನ್ನವೇ ಗ್ರಾಹಕರಿಗೆ ಶಾಕ್; ಚಿನ್ನ-ಸೋಯಾಚ್ಯಾ ಬೆಲೆ ಇಂದು ಬದಲಾಗಿದೆ, ತಕ್ಷಣದ ತಪಸ್ಸು",neutral
ನೀವು ಬೆದರಿಕೆ ಹಾಕುತ್ತೀರಾ?,angry
"ಆ ದೇಶದ್ರೋಹಿಗಳ ಉತ್ಪನ್ನವೇ ಈ ಜಾತಿ, ಅದಕ್ಕೇ ಬೊಗಳೋದು.",angry
ಈಗ ಈ ದನದ ಸಗಣಿ ಗೂಂಡಾಗಳು ಅಂತಹ ಸ್ಥಿತಿಯನ್ನು ಕಾಯ್ದುಕೊಳ್ಳಲು ಪ್ರಾರಂಭಿಸಿದ್ದಾರೆ ... ನಾವು ಅದನ್ನು ಹೇಗೆ ಸಹಿಸಿಕೊಳ್ಳುತ್ತೇವೆ?,angry
ಬಂಧನ ಕೂಡ ಮಾಡಲಾಗಿದೆ,happy
ದೇಶವನ್ನು ಮಾರಿದ ನಂತರ ಮುಂದೇನು ಎಂದು ನಿರ್ಧರಿಸುವ ಪ್ರಯತ್ನಗಳು ನಡೆಯುತ್ತಿವೆ.,angry
ನಿಸ್ಸಂದೇಹವಾಗಿ ಅದು ನಮ್ಮ ಹೆಂಡತಿ. ನೀವು ನೇತಾಡುವ ಚಾನಲ್‌ಗಳ ಪ್ರದೇಶದಿಂದ ಓಡಿಹೋದಿರಿ,angry
ಅವರ ಪದವಿಯೂ ನಕಲಿ ಮತ್ತು ಭೋಸಲೆ ಉಪನಾಮವೂ ನಕಲಿ....,angry
ಯುವಕರ ಕನಸುಗಳನ್ನು ನನಸು ಮಾಡುವಲ್ಲಿ ವಿಫಲವಾಗಿರುವ ಸರ್ಕಾರಕ್ಕೆ ಅಧಿಕಾರದಲ್ಲಿ ಉಳಿಯುವ ಹಕ್ಕಿಲ್ಲ.,angry
ಈ ವಿಷಯದಲ್ಲಿ ಉದ್ಧವ್ ವಿಫಲರಾಗಿದ್ದಾರೆ ಎಂದು ನೀವು ನಂಬುತ್ತೀರಾ?,angry
ಭಾಸ್ಕರ್ ಜಾಧವ್ ಮೇಲೆ ಅವರದೇ ಕೆಲಸಗಾರರು ಕಲ್ಲು ತೂರಾಟ ನಡೆಸಿದ್ದಾರೆ - ಮೂಲಗಳು,neutral
ಅಲ್ಲಾ ಒಂದೂವರೆ ಜಾಣ!!!,angry
ನೀವು ಸಂದರ್ಶನವನ್ನು ನೀಡಿದಾಗ ನೀವು ಮಲಗಿದ್ದೀರಾ?,angry
ಇದು ನಮಗೆ ಕಠಿಣ ನೋವು,sad
ಈ ಬಾಸ್ಟರ್ಡ್ ಎಲ್ಲರನ್ನೂ ಪರೀಕ್ಷಿಸಿದ್ದಾನೆ!,angry
ಸಾವರ್ಕರ್ ಅವರನ್ನು ನಿಂದಿಸಿದ ನಿತ್ಯಾ ರಾಣೆಯನ್ನು ಈಗಲೂ ನಿಮ್ಮ ಪಕ್ಷವೆಂದು ಪರಿಗಣಿಸುತ್ತಿದ್ದೀರಿ.,angry
ಇದು ಬಾಳಾ ಸಾಹೇಬರ ಚಿಂತನೆ ಮತ್ತು ತತ್ವಗಳಿಗೆ ಸಂಪೂರ್ಣ ವಿರುದ್ಧವಾದ ಮೈತ್ರಿ.,sad
ಹಾಗಾಗಲಿಲ್ಲ...ಸುಪ್ರೀಂ ಕೋರ್ಟ್ ಅನ್ನು ಮೋದಿಯವರು ಖರೀದಿಸಿದ್ದಾರೆ ಎಂದು ಆರೋಪಿಸಲು ಯಾವಾಗ ಶುರು ಮಾಡುತ್ತಾರೆ???,angry
"ನಿನಗೇಕೆ ತುರಿಕೆ? ಇಲ್ಲದಿದ್ದರೆ, ನೀವು ಅದನ್ನು ತರಬೇಕು",angry
"ಗೆಳೆಯರ ಸಾಲ ಮನ್ನಾ ದೇಶಕ್ಕೆ, ಜನರಿಗೆ ಮಾಡಿದ ದ್ರೋಹ.",angry
ಕೆಲವರು ಹ ಹ್ಹ ಹ್ಹ ತೋರಿಸುತ್ತಾರೆ,angry
ಒಳ್ಳೆಯದಕ್ಕಾಗಿ ಕೆಲಸ ಮಾಡುವವರು ಪರಿಣಾಮಗಳನ್ನು ಎದುರಿಸಬೇಕಾಗುತ್ತದೆ,neutral
ಈಗ ನಾಚಿಕೆಯಿಲ್ಲದವನೂ ಸುಳ್ಳುಗಾರನೂ ಆಗಿದ್ದಾನೆ.,angry
"ಚುಟಿಯಾ, ನೀನೇಕೆ ನೀತಿಯ ಮಾತುಗಳನ್ನಾಡುವೆ, ಬ್ರಹ್ಮದಾ?",angry
ಹಾಗಾದರೆ ಬಿಜೆಪಿಯ ರಾಜೀನಾಮೆಯನ್ನು ಅಂಗೀಕರಿಸಲು ಡ್ಯಾಂಗ್ ಸಿದ್ಧವಾಗಿದೆಯೇ?,angry
"ಇಂದು ಪೊಲೀಸ್ ಸಂಸ್ಮರಣಾ ದಿನವಾಗಿದ್ದು, ಕರ್ತವ್ಯದ ಸಾಲಿನಲ್ಲಿ ದೇಶಕ್ಕಾಗಿ ಹುತಾತ್ಮರಾದ ಪೊಲೀಸ್ ಸಿಬ್ಬಂದಿಗೆ ಭಾವಪೂರ್ಣ ಶ್ರದ್ಧಾಂಜಲಿ.",happy
"ಆದರೆ ಇದು ತುಂಬಾ ಹೆಚ್ಚು, ಇದನ್ನು ಕೇಳಿದ ನಂತರ ನನಗೆ ವಾಕರಿಕೆ ಪ್ರಾರಂಭವಾಯಿತು.",angry
ಇದು ದೊಡ್ಡ ಆಟ ಎಂದು ಸೆಹಬಾನಾ ಈಗ ಅರಿತುಕೊಂಡಿದ್ದಾಳೆ,happy
ಇದು ನಂಬರ್ ಒನ್ ಮಹಲು...!!!!!,angry
ಮಹಾನಗರ ಪಾಲಿಕೆ ಆಯುಕ್ತರು ಉದ್ದೇಶಪೂರ್ವಕವಾಗಿ ಈ ರೀತಿ ವರ್ತಿಸಿದ್ದಾರೆ...ಸರಕಾರ ಉದ್ದೇಶಪೂರ್ವಕವಾಗಿ ರಾಜೀನಾಮೆ ತಿರಸ್ಕರಿಸಿದೆ.,angry
ಜನರು ಯಾವ ರೀತಿಯ ಮನಸ್ಥಿತಿಯನ್ನು ಹೊಂದಿದ್ದಾರೆ?,angry
"ಬೆಳಿಗ್ಗೆ ಮೊದಲ ಕೆಲಸ, ಹೋಗಿ ನಿಮ್ಮ ಸರ್ ರಾತ್ರಿ ಮದ್ಯ ಸೇವಿಸಿಲ್ಲ ಎಂದು ಪರೀಕ್ಷಿಸಿ.",angry
ಮುಖ ನೋಡಿ ಪ್ರೀತಿಯಲ್ಲಿ ಬೀಳುವುದು ಕುರುಡು ಪ್ರೀತಿ.,sad
ಸಂಜಯ್ ಗಾಯಕ್ವಾಡ್ ಅವರು ಸಂಜಯ್ ರಾಮುಲ್ಕರ್ ಅವರಿಗೆ ಮುಕ್ತ ನಿಯಂತ್ರಣವನ್ನು ನೀಡಲು ಬಯಸಿದ್ದರು.,angry
ಆಗ ಅವರು ಸಾರ್ವಜನಿಕರಿಗೆ ಆಯ್ಕೆಯಾಗುತ್ತಾರೆ ಎಂಬ ಭ್ರಮೆ ಇದೆ,neutral
"ಈಗಿನ ನಾಯಕತ್ವ ಕುರೂಪಿ ಮಾತ್ರವಲ್ಲ ಕುರುಡ, ಮೂಗ, ಕಿವುಡ, ಅಂಗವಿಕಲ.",angry
ಪ್ರಶಾಂತ್ ಸದ್ದಿಲ್ಲದೆ ನಕ್ಕಲು ಬಿಡುತ್ತಾನೆ,angry
"ಪಂಢರಪುರ ಚುನಾವಣೆಯಲ್ಲಿ ಅನುಕಂಪ, ಮಾತುಗಳು ಎಲ್ಲಿ ಹೋದವು?",neutral
ಈ ಒಪ್ಪಂದವು Twitter ನಲ್ಲಿ ಮಾತ್ರ ಕಪ್ಪುಯಾಗಿದೆ,angry
ಜೈಲಿನಲ್ಲಿದ್ದರೆ ಎದೆಯ ಕೀಲಿಗಳು ಹೇಗಿರುತ್ತಿದ್ದವೋ... ಈಗ ಗಂಟಲು ಮುರಿದಿದೆ,angry
ಹೀಗಾಗುವುದಿಲ್ಲ...ಆಹಾರದ ಬಗ್ಗೆ ಕೋಪವೇಕೆ?,angry
ಭ್ರಷ್ಟ ಸರ್ಕಾರ,angry
ಏ ಸರವಸ್ತಿಯನ್ನು ನಂಬಿದವರು ನನಗೆ ಮತ ಹಾಕಬಾರದು ಎಂದು ಈ ಸ್ನಾಯುಗಳು ಏಕೆ ಹೇಳುವುದಿಲ್ಲ?,angry
ಇದನ್ನು ಎಷ್ಟು ಬಾರಿ ಮಾಡೋಣ,neutral
"ಇದು ಮಹಾರಾಷ್ಟ್ರಕ್ಕೆ ಮಾಡಿದ ಅವಮಾನ, ಮುಂಬೈ ಒಡೆಯುವ ಸಂಚು ಇತ್ಯಾದಿ.",angry
"ಉಪಮುಖ್ಯಮಂತ್ರಿ, ದೆಹಲಿ ಮತ್ತು ಮಹಾರಾಷ್ಟ್ರದ ಮುಖ್ಯಮಂತ್ರಿ, ಮಹಿಳೆಯ ಗುರುತು, ಗುರುತು ಆದರೆ ರಸ್ತೆ ಬದಿಯಲ್ಲಿ.",sad
ಇವತ್ತಿಗೂ ಶ್ರೀಲಂಕಾ ಸೋತಂತೆ ಕಾಣುತ್ತಿದೆ...,neutral
"ಹುರ್ರೇ, ಇದು ಎಲ್ಲಾ ತಪ್ಪು",angry
ಅವನು ತನ್ನ ಮೆದುಳನ್ನು ಉಪ್ಪಿನಕಾಯಿ ಮಾಡಿದನು ...,angry
"ಅಣ್ಣ, ರಂಗದಿಂದ ಯಾಕೆ ಕರೆದಿರಿ? ಇನ್ನೂ ಕೆಲವು ಗಂಟುಗಳು ಬಿದ್ದವು",neutral
ಇದು ಗುಲಾಮನಿಗೆ ವಕೀಲ.. ನೋಟರಿ..,angry
ಮಹಾರಾದ್ಯ ಎಂಬುದು ಗ್ರಾಮ್ಯ..ಮಹರ್ ಮಾಂಗ್ ಎಂಬುದು ಚಂಭರ್ ಜಾತಿ ಹೆಸರು..,angry
ಈ ಯೋಜನೆ ಹಳಿ ತಪ್ಪಲು ಕಾರಣರಾದವರನ್ನು ಏಕೆ ಶಿಕ್ಷಿಸಬೇಕು?,neutral
ಕೇದಾರನಾಥ ಅಪಘಾತದಲ್ಲಿ ಮಡಿದ ಎಲ್ಲ ಭಕ್ತರ ಆತ್ಮಕ್ಕೆ ಶಾಂತಿ ಸಿಗಲಿ!,sad
ಏನು ಮಾಡಲಾಗುವುದಿಲ್ಲ ಮತ್ತು ... ಪ್ರಭು ... ಏನು ಮಾಡಲಾಗುವುದಿಲ್ಲ ...,sad
ಬಿದ್ದರೂ ಕಾಲು ಮೇಲೆದ್ದಿದೆ ಅಂತಾರೆ.. ಅಂಧ ಭಕ್ತರದ್ದೇಕೆ ತರ್ಕ..,angry
ಸರಿ...'ದಯಾ' ನಿಮ್ಮ ತಾಯಿಯ ಹೆಸರಾ?,angry
ಪಾಕಿತ್ಪಟ್ಕರ್ಕರ್ ಕೂಡ ಮಹಾಭಕಾಸ್ ಆಗಾಡಾ ಎಂದು ಕೇಳಬೇಕೆ...??,angry
ತಲೆಕೆಳಗಾದ ಬಿದಿರಿನಿಂದ ಹೊಡೆಯುವುದನ್ನು ನೀವು ಹೇಗೆ ಯೋಚಿಸಬಹುದು?,angry
ಬಿಜೆಪಿ ಸಂದೇಶವಾಹಕರ ಸಾಮಾನ್ಯ ಜ್ಞಾನವನ್ನು ನಾನು ಟೀಕಿಸಲು ಬಯಸುತ್ತೇನೆ,angry
"ಇದು ಸ್ಥೂಲಕಾಯದ ಜಟಿಲವಾಗಿದೆ, ಇದರಿಂದ ಒಳ್ಳೆಯವರೂ ಹೊರಬರಲು ಸಾಧ್ಯವಾಗಲಿಲ್ಲ.",angry
"ತಾತ್ಯಾ ಚೇಳು ಅಲ್ಲ, ಮಾತನಾಡುವ ಗೊಂಬೆ, ಅಂಶ್ ರಾವ್",angry
ನಾನೂ ಒಬ್ಬ..ಅದು ಹೀರುತ್ತೆ!!,angry
"ಎಲ್ಲಾ ಉದಾರವಾದಿಗಳು ಭಿಕ್ಷುಕರು, ಆದರೆ ಅವರು ಪ್ರತಿದಿನ ಭಿಕ್ಷೆ ಬೇಡಲು ಸ್ಥಳವನ್ನು ಹುಡುಕಬೇಕು",angry
ಅವನ ತಂದೆ ಅವನನ್ನು ಕೇಳುವುದಿಲ್ಲ ಮತ್ತು ಅವನು ತನ್ನ ಅಜ್ಜನನ್ನು ಹೊಗಳುತ್ತಾನೆ,angry
ಚುನಾವಣೆಗೂ ಮುನ್ನ ಹಿಂದೂಗಳು ಅಪಾಯದಲ್ಲಿದ್ದಾರೆ,angry
"ಸಾಜಿದಾ, ನಿಮ್ಮ ತಂದೆಯನ್ನು ಶ್ರೀ ಶಿಂಧೆಯವರು ಕದ್ದಿದ್ದಾರೆ ಎಂದು ತೋರುತ್ತದೆ",angry
ಬಿಜೆಪಿ ನಾಯಕರು ನಟರು ಕಡಿಮೆಯಾಗಿದ್ದಾರೆ... ದಿನನಿತ್ಯದ ನಾಟಕ...!,angry
ನಾನೇನು ಹೇಳುತ್ತಿದ್ದೇನೆಂದರೆ ನಿನ್ನ ಪರಿಸ್ಥಿತಿಯನ್ನು ನೋಡಿ ಮಾತಾಡಿದರೆ ನಿನಗೆ ಅವಮಾನ ಆಗುವುದು ಕಡಿಮೆ.,angry
ಅನಾನುಕೂಲತೆಗಾಗಿ ಕ್ಷಮಿಸಿ. ದಯವಿಟ್ಟು ನಿಮ್ಮ ದೂರಿನ ದೂರಿನ ಸಂಖ್ಯೆಯನ್ನು ಒದಗಿಸಿ.,neutral
ಅಂದರೆ ಶಿವಸೇನೆ ನಾಯಕರಿಗೆ ತಮ್ಮ ಪಕ್ಷವನ್ನು ಉಳಿಸಲು ಸಾಧ್ಯವಾಗಲಿಲ್ಲ ಎಂಬ ಕಾಮನ್ ಸೆನ್ಸ್ ಇರಲಿಲ್ಲ!,angry
"ಒಂದೇ ಪ್ರದೇಶದಲ್ಲಿ ವಿಷಯಗಳು ನಡೆಯುತ್ತಿದ್ದರೆ, ಗೌಪ್ಯತೆಯ ಉಲ್ಲಂಘನೆಯ ಹೆಚ್ಚಿನ ಸಂಭವನೀಯತೆ ಇರುತ್ತದೆ",neutral
ಯುವರಾಜ್ ಕೋಪಗೊಳ್ಳುವ ಮತ್ತು ನಂತರ ಅವರನ್ನು ನಿರ್ಬಂಧಿಸುವ ಯಾವುದನ್ನೂ ಹೇಳಬೇಡಿ.,neutral
ಅಂತಹ ಯಾವುದೇ ಭಾಷೆಯನ್ನು ಬಳಸಲಾಗಿಲ್ಲ. ಉದ್ಧವ್ ಠಾಕ್ರೆಯವರ ಮಾತಿನಂತೆ. ಮೂರ್ಖ ನೀನು,angry
ಇದು ನಮ್ಮ ನಾಯಕರು ನಿಷ್ಪರಿಣಾಮಕಾರಿಯಾದ ಪರಿಣಾಮ.,angry
ಸರ್ಕಾರ ಪೀಠದ ಹಿಂದೆ ಇರಲಿಲ್ಲವೇ? ಹಣ ಮಾಡುವುದೊಂದೇ ಗುರಿಯಾಗಿತ್ತೇ?,angry
"ಓಹ್ ಮುಚ್ಚು, ಪುರಾವೆಗಳು ನಕಲಿ ಮತ್ತು ನೀವೂ ಸಹ",angry
ಅದನ್ನೇ ಕೇಳಬೇಕಿತ್ತು,neutral
ಈಗ ಉಳಿದಿರುವುದು ಅಷ್ಟೆ,neutral
ಮೋದಿ ಸರಕಾರ ವಿಫಲ ಸರಕಾರ,angry
ಟ್ವೀಜರ್ಗಳು ಅದನ್ನು ಸರಿಪಡಿಸುವುದಿಲ್ಲ. ಇದು ಒಂದು ಸಮಸ್ಯೆ. ಹಿಂದೂ ರಕ್ತ ಕುಡಿಯುತ್ತಿದ್ದಾರೆ.,angry
"ಉಕಿರಾದ ಫುಕ್ಯಾ ಎಂದರೆ, ಹಂದಿಗಳು ಉಕಿರಾದ ಮೇಲೆ ಏಕೆ ವಾಸಿಸುತ್ತವೆ?",angry
ಗಡ್ಡಧಾರಿಯು ದೆಹಲಿಯ ಇಬ್ಬರು ಚಿಕ್ಕಪ್ಪಂದಿರು ತನಗೆ ಏನು ಕೇಳಿದರೂ ಕೊಡುತ್ತಾರೆ ಎಂದು ಯೋಚಿಸುತ್ತಾನೆ ... ಅದು ಆಗುವುದಿಲ್ಲ!,angry
ನಾನು ಹೇಳಿದ್ದು ಅರ್ಥವಾದರೆ ಪ್ಯಾಟಿ ಸಮೋಸಾ ಪಾಟಿಯನ್ನು ಕೊಲ್ಲುತ್ತದೆ,neutral
ಮತ್ತು ನೀವು ಅವರ ಕೊಳಕು ಭಕ್ಷ್ಯಗಳನ್ನು ಸ್ವಚ್ಛಗೊಳಿಸುತ್ತೀರಿ ಎಂದು ನಿಮಗೆ ತಿಳಿದಿದೆ. ಎಲ್ಲರೂ ಕುಳಿತುಕೊಳ್ಳಿ,angry
"ಜ್ಯೋತಿಷಿಗಳ ಕೊರತೆ, ಅದೂ ಎಲ್ಲಾ ಜ್ಯೋತಿಷಿಗಳ ಕೊರತೆ",neutral
"ಹೌದು, ಆದರೆ ನೀವು ಅನುಕ್ರಮವನ್ನು ಕಳೆದುಕೊಂಡಿದ್ದೀರಿ, ನೀವು ಹುಚ್ಚರಾಗಿದ್ದೀರಿ ಅಲ್ಲವೇ.",angry
ಹಿಂದುತ್ವಕ್ಕೆ ನಿಮ್ಮ ನಿಜವಾದ ಕೊಡುಗೆ ಏನು ಎಂದು ಮಹಾರಾಷ್ಟ್ರದ ಜನರಿಗೆ ಹೇಳಿ.,neutral
ಅವನು ಏನಾದರೂ ತಪ್ಪು ಮಾಡಿರಬೇಕು,neutral
ಅವರನ್ನು ಬಂಧಿಸಬೇಕು...ಇನ್ನು ಮುಂದೆ ಯಾರೂ ಇಂತಹ ಕೆಲಸ ಮಾಡದಂತೆ.,angry
ಆದರೆ ಬಾಳಾ ಸಾಹೇಬರ ಹೆಸರಿಗೆ... ಠಾಕ್ರೆ ಇಲ್ಲದೆ... ಬೆಲೆ ಇಲ್ಲ...,angry
ವಿಷಯ ಇಲ್ಲಿಗೆ ಮುಗಿಯುವುದಿಲ್ಲ,neutral
ರಾವ್ ಅವರ ದೇಶದ್ರೋಹಿ ಮಾತುಗಳಿಂದ ಬೇಸತ್ತು ಪಕ್ಷವನ್ನು ವಿಸ್ತರಿಸುವುದಿಲ್ಲ ಆದರೆ ಮುಳುಗುತ್ತಿರುವ ಹಡಗನ್ನು ಉಳಿಸುತ್ತಾರೆ.,angry
ನಿಮಗೆ ಅರ್ಹತೆ ಇಲ್ಲದಿದ್ದಾಗ ಹೆಚ್ಚು ಮಾತನಾಡಬೇಡಿ. ಜನರು ನಿಮ್ಮ ಬಗ್ಗೆ ಹೀಗೆ ಹೇಳಬಹುದು,angry
"ನೀವು ಇದನ್ನು ಹೇಳುತ್ತೀರಿ, ಜನರು ನಿಮಗೆ ಸ್ಥಳವನ್ನು ತೋರಿಸಲು ಕಾಯುತ್ತಿದ್ದಾರೆ",angry
ನೀವು ಠಾಕ್ರೆಯವರ ಮನೆಯಲ್ಲಿ ಪಾತ್ರೆಗಳನ್ನು ತೊಳೆದು ಇತರರನ್ನು ಭಕ್ತರೆಂದು ಕರೆಯುತ್ತೀರಿ.,angry
ಅಂಧ ಭಕ್ತ ಪ್ರತಿದಿನ ಹೊಸಬರನ್ನು ನೇಮಿಸಿ ನೆಕ್ಕುವ ಕೆಲಸ ಮಾಡುತ್ತಾನೆ.,angry
ಇವರೇ ತಂದೆ ಪೋಷಿಸಿ ಬೆಳೆಸಿದ್ದು ಅವರನ್ನು ಕೇಳಲು ನೀವ್ಯಾರು?,angry
BMC ಅದರ ಫಲಿತಾಂಶಗಳನ್ನು ನೋಡುತ್ತದೆ. ನಂತರ ನಿಮ್ಮ ಭಸ್ಮವಾಗುವುದನ್ನು ಬರೆಯಿರಿ,angry
"ಬಿಜೆಪಿಯ ಯಾವೊಬ್ಬ ಎಂಪಿ, ಎಂಎಲ್ ಎ ಮತ್ತು ಮುಖಂಡರ ತನಿಖೆಯೇ ಇಲ್ಲ!",angry
": ಯುವಕರು ಸಹ ಹೃದಯಾಘಾತಕ್ಕೆ ಬಲಿಯಾಗುತ್ತಿದ್ದಾರೆ, ನಿಮ್ಮ ಹೃದಯವನ್ನು ನೋಡಿಕೊಳ್ಳಿ",sad
ತುಂಬಾ ಬುದ್ದಿವಂತನಲ್ಲ..ತುಂಬಾ ಹುಚ್ಚು,neutral
"ಈ ಟೈಮ್ ಪಾಸ್ ನಂತರ ಫೋಟೋವನ್ನು ಪಬ್‌ಗೆ ಕಳುಹಿಸಿ, ನಾವು ಕಾಯುತ್ತಿದ್ದೇವೆ",neutral
ಗುಜರಾತಿನಿಂದ ಮುಂಬೈ ಬೇರ್ಪಟ್ಟ ಮೇಲೆ ಇನ್ನೂ ಸಿಟ್ಟು...,angry
"ವಾಸ್ತವವಾಗಿ, ಅವರು ತಕ್ಷಣದ ಗೌರವಕ್ಕೆ ಅರ್ಹರಲ್ಲ.",angry
ಕಳೆದ ಮೂರು ವರ್ಷಗಳಿಂದ ಈ ರಸ್ತೆ ಹದಗೆಟ್ಟಿದೆ,angry
ನೀವೇಕೆ ಜಾಹೀರಾತು ನೀಡುತ್ತೀರಿ?,neutral
"ನಾನು ದೊಡ್ಡ ಬರಹಗಾರ ಎಂದು ನಾನು ಭಾವಿಸಿದೆ, ಆದರೆ ಅದು ಮಾಂತ್ರಿಕ ಚಿಕ್ಕಪ್ಪನಿಂದ ದೆವ್ವವಾಗಿ ಹೊರಹೊಮ್ಮಿತು.",happy
ಹಕ್ಕುಪತ್ರ ನೀಡಿದರೂ ಪರಿಶೀಲನೆಗೆ ಬರುತ್ತಿಲ್ಲ,angry
ನಿಮ್ಮ ಬಳಿಗೆ ಬರುವ ಜನರು ಮೂರ್ಖರು,angry
ಸಂಭಾಜಿನಗರ ಎಂದು ಹೇಳಲು ನಾಚಿಕೆಯಾಗುತ್ತಿದೆಯೇ?,angry
ಇದನ್ನು ಹೋರಾಟಕ್ಕಿಂತ ಬಲವಂತವಾಗಿ ಓದಬೇಕು.,angry
"ಈ ನ್ಯಾಯಾಲಯವು ನ್ಯಾಯ ನೀಡುವುದಿಲ್ಲ, ಸಾರ್ವಜನಿಕರು ಉದ್ಧವ್ ಸಾಹೇಬರಿಗೆ ನ್ಯಾಯ ಕೊಡುತ್ತಾರೆ ಎಂದು ತೋರುತ್ತದೆ.",sad
"ಅಡ್ಜ್.. ಮೊದಲು ರಸ್ತೆ ಕೆಲಸ ಮಾಡು, ಇಲ್ಲಿ ನಾಯಿ ಏಕೆ ಹಸಿದಿದೆ",angry
ಇದರ ಶ್ರೇಯಸ್ಸು ಆದಿತ್ಯ ಠಾಕ್ರೆಗೆ ಸಲ್ಲಬೇಕಿತ್ತು...ಹೀಗಾಗಿ ಇದು ಮತ್ತೊಂದು ಅಗ್ಗದ ರಾಜಕೀಯ.,angry
ನಿಮ್ಮಿಂದಾಗಿ ಎಂಎನ್‌ಎಸ್ ಎಲ್ಲಿದೆ ಎಂದು ತಿಳಿದು ಸಂತೋಷವಾಯಿತು,angry
ರೂಪಾಯಿ ಮೌಲ್ಯದ ಐತಿಹಾಸಿಕ ಕುಸಿತ,sad
ಎಲ್ಲಿದೆ ಈ ನಕಲಿ ಹಸಿ ಬಾದಾಮಿ...,angry
ಅಷ್ಟು ಸುಡಬೇಡಿ...ಜನರು ಉದ್ಧವ್ಜಿಯನ್ನು ಪ್ರೀತಿಸುತ್ತಾರೆ...,angry
"ಆದರೆ, ಮಂದಸೈನಿಕರು ಭಕ್ತರನ್ನು ಸೆಳೆದು ಸಂಭ್ರಮಿಸಿದರು.",angry
ವಿಚ್ಛೇದನಕ್ಕೆ ಮುಖ್ಯ ಕಾರಣ ಯಾರು ತಲೆಬಾಗಬೇಕು? ನಾನು ಯಾಕೆ ನೀನು,sad
"ನಿಮ್ಮ ನಿಜವಾದ ತಂದೆ ಯಾರೆಂದು ನಿಮಗೆ ತಿಳಿದಿಲ್ಲ, ನೀವು ಅದರ ಬಗ್ಗೆ ಏಕೆ ಮಾತನಾಡುತ್ತಿದ್ದೀರಿ?",angry
ಯಾರು ಕೇಳುತ್ತಿದ್ದಾರೆ?,neutral
ಅರ್ಜುನ್ ತಂದೆಗೆ ಸಂಕಷ್ಟ.. ಇಂದು 'ಅಪ್ಪಿ ಆಮ್ಚಿ ಕಲೆಕ್ಟರ್'! ಸಂಜೆ ಅಥವಾ,neutral
ಶರದ್ ಸರ್ ಇದು ಕಹಿ ಅವಮಾನ.. ಜಾಗ್ರತೆ ವಹಿಸಿ.,angry
ಹಣ ಸಂಪಾದಿಸಿದ ಮತ್ತು ಕೆಟ್ಟ ಸಾಲಗಳನ್ನು ಮರೆತುಬಿಡುವ ಸ್ಮರಣೆ,neutral
ಅದು...ಅದು...ಅದು...ಆಗ...ಅದು...ಬಕೆಟ್ ನಲ್ಲಿ ಇರುತ್ತದೆ,neutral
ದೇಶದ್ರೋಹಿಗಳನ್ನು ತೋರಿಸಲು ನಾವು ಉರಿಯುವ ಜ್ಯೋತಿಯನ್ನು ಹೊಂದಿದ್ದೇವೆ.,angry
ಚೆನ್ನಾಗಿ ಹೇಳಿದೆ. ಈ ಠಾಕ್ರೆ ಕೇವಲ ಗುಳ್ಳೆ ಮತ್ತು ಹೇಡಿ. ರಾಣೆ ಸರಿಯಾದ ಗುರುತನ್ನು ಮಾಡಿದ್ದಾರೆ.,angry
ಚವಾಣ್ ಗೂಳಿಯಿಂದ ಓಡಿಹೋದವರು ಯಾರು?,neutral
ಕಾಂಗ್ರೆಸ್‌ಗೆ ತುಂಬಲು ಗಾಂಧಿ ಕುಟುಂಬದ ವೈಯಕ್ತಿಕ ಆಸ್ತಿ ಲಭ್ಯವಿದೆಯೇ?,angry
"ಸಂಸದರ ಆದ್ಯತೆ ತುಂಬಾ ಸಾಮಾನ್ಯವಾಗಿದೆ, ಅಲ್ಲವೇ?",neutral
ಎಲ್ಲವೂ ಕಷ್ಟ,sad
ಈ ಟ್ವೀಟ್ ಅನ್ನು ಟಿವಿಯಲ್ಲಿ ತೋರಿಸಲು ಕುತ್ಕರ್ ಚಾನೆಲ್‌ಗೆ ಧೈರ್ಯವಿಲ್ಲ,angry
"ತಂದೆ ತಾಯಿಯನ್ನು ಸ್ಟೇಷನ್‌ಗೆ ಬಿಡಲು ಹೋದರು, ಮಕ್ಕಳು ಮನೆಯಲ್ಲಿ ಮಲಗಿದ್ದರು; ಕಳ್ಳರು ಮನೆಗೆ ಪ್ರವೇಶಿಸಿದರು",sad
ಮಾತಾಡಬೇಕಾದರೆ ಭಾಸ್ಕರ್ ಶೇಠ್ ಏನ್ ಮಾತಾಡಿದ್ರು...ಏನು ಮಾತಾಡ್ಬೇಕು ಅಂತ ಗೊತ್ತಾಗ್ತಿಲ್ಲ... ಎಂದು,angry
ಇವು ನಿಜವಾಗಿಯೂ ಖಾಲಿಯಾಗಿವೆ,angry
ಆದರೆ ಪುಣೆ ಮಳೆಯಿಂದಾಗಿ ಫಡ್ನವಿಸ್ಕಾಕ ಮತ್ತು ಅಮೃತಕಾಕುವನ್ನು ತಣ್ಣಗಾಗಿಸಿದ್ದಾರೆ.,neutral
: ಮಾವ ಪೊಲೀಸರಿಗೆ ನೀಡಿದ ದೂರಿನ ಮೇರೆಗೆ ಪ್ರಕರಣ ದಾಖಲಿಸಲಾಗಿದೆ.,neutral
ಪ್ರಹಾರ್ ಸಂಘಟನೆ ಶಾಸಕ ಬಚ್ಚು ಕಾಡು ಮತ್ತೊಮ್ಮೆ ವಿವಾದಕ್ಕೆ ಸಿಲುಕಿದ್ದಾರೆ.,neutral
"ಯೆದ್ಯ, ನಿಮ್ಮ ಸಾರ್ ಬದುಕಿದ್ದಕ್ಕಾಗಿ ಹೊಗಳುತ್ತಾರೆ ಆದರೆ ನೀವು ಬದಲಾಗಿದ್ದೀರಿ ಸಾರ್.. ಮೂರ್ಖ",angry
ಮೂವತ್ತೆರಡು ವರ್ಷಗಳಲ್ಲಿ ಬೆಲೆ ನೂರು ಪಟ್ಟು ಹೆಚ್ಚಿದೆಯೇ ಎಂಬುದು ಮೂಲ ಪ್ರಶ್ನೆ.,neutral
ಭುಜಬಲ್ ಅವರ ಫೋಟೋ ಕೂಡ ಎರಡೂವರೆ ವರ್ಷಗಳ ಕಾಲ ಜೈಲಿನಲ್ಲಿಯೇ ಇತ್ತು.,neutral
ಅತಿವೃಷ್ಟಿ ರೈತರು! ಜಿಲ್ಲೆಯಲ್ಲಿ ಇಬ್ಬರು ರೈತರು ಸಾವು; ಸರ್ಕಾರಕ್ಕೆ ನಾಚಿಕೆ ಇಲ್ಲ...,sad
ಮುಕ್ತ ಅಭಿವ್ಯಕ್ತಿ ಎಂದರೆ ಮುತ್ತಿನ ಹೊಗಳಿಕೆ,neutral
ನೀವು ಮತ್ತು ನಿಮ್ಮ ತಂದೆ ಕೂಡ ನಿಧಾನ,angry
ಫಡ್ನವಿಸ್ ನಾನಾರನ್ನು ಅತಿಯಾಗಿ ಹೆಚ್ಚಿಸುತ್ತಿದ್ದಾರೆ. ಆತನಿಗೆ ತನ್ನ ಪ್ರಾಂತ್ಯದಲ್ಲಿ ಮಾತ್ರ ಉಳಿಯಲು ಅವಕಾಶ ನೀಡಬೇಕು. ಇಲ್ಲಿ ಅದರ ಬಳಕೆ ಶೂನ್ಯ.,angry
ನಾಯಿ ಪ್ರಾಮಾಣಿಕವಾಗಿದೆ ... ನಿಮಗೆ ಹಲ್ಲಿಯ ಚಿಹ್ನೆಯನ್ನು ನೀಡಬೇಕು.,angry
"ಈಗ ಕೇಕ್ ತೆಗೆದುಕೊಳ್ಳಿ, ನಾವು ವ್ಯಾಪಾರ ಮಾಡುತ್ತೇವೆಯೇ?",angry
ಏನಾದರೂ ವಿಷಯವಿದೆಯೇ ?? ಮಹಾರಾಷ್ಟ್ರ ದೇಶದ್ರೋಹಿಗಳನ್ನು ಇಷ್ಟಪಡದ ಕಾರಣ ಇದು ಖಂಡಿತವಾಗಿಯೂ ಹೆಚ್ಚಾಗಿದೆ.,angry
ಸುದೀರ್ಘ ಕಾಲ ಕಲಾಪ ಮುಂದುವರಿದರೂ ಅವರು ಯಾವುದೇ ಪ್ರತಿಕ್ರಿಯೆ ನೀಡಲಿಲ್ಲ.,angry
ತಾಯಿಯೂ 'ಜೈ ಮಹಾರಾಷ್ಟ್ರ'!? ಇದು ಕಷ್ಟ ಸಹೋದರ!,happy
ಸಂಘೋಟೆ ಕಡಿಮೆಯಾದ್ದರಿಂದ ಗದ್ದರನಾಥ ಚಿಂದಿ ಬೇಕಿತ್ತು...,angry
Takle ಗುಂಪು ಅಪಹಾಸ್ಯವನ್ನು ಅಭ್ಯಾಸ ಮಾಡುತ್ತಿದೆಯೇ?,neutral
ಮೋದಿ ಅವರ ಗೌರವ ಕಳೆದುಕೊಂಡಿದ್ದರಿಂದ ಬೇಸರವಾಯಿತು,sad
"ಆದಾಗ್ಯೂ, ಠಾಕ್ರೆ ಗುಂಪಿಗೆ ಅಂತಹ ಸುದ್ದಿ ಸಿಗುತ್ತದೆ",neutral
ಇಷ್ಟು ದಿನ ಪಕ್ಷದಲ್ಲಿ ಕೊಳೆ ಏಕೆ?,angry
ಇದು ಲೋಪದೋಷ ಮಿಸ್ಟರ್ ಅಧ್ಯಕ್ಷರೇ,neutral
ಇದು ಯಾವ ಭಾಷೆ? ಏನೂ ಅರ್ಥವಾಗಲಿಲ್ಲ.,neutral
ನೀವು ಬಿಜೆಪಿ ಬೆಂಬಲಿಗರೇ?,angry
"ಈಗ ಯಾಕೆ ಬೇಡ, ಮಹಾರಾಷ್ಟ್ರದ ಕೈಗಾರಿಕೆಗಳು ಗುಜರಾತಿಗೆ ಹೋಗುತ್ತವೆ...!",angry
ಈ ಕಪಟ ಅಬಿಸಲ್ ಮ್ಯಾನ್ ಏನು ಬೇಕಾದರೂ ಮಾಡಬಹುದು,angry
"ಆದರೆ, ಈ ಕುಟುಂಬಕ್ಕೆ ಬುದ್ದಿ ಇಲ್ಲ, ಇಡೀ ಪಕ್ಷ ಒಡೆದು ಹೋದರೂ ಮುಖ್ಯಮಂತ್ರಿ ಹುದ್ದೆಗಾಗಿ ಹಳೆಗನ್ನಡಕ್ಕೆ ಅಂಟಿಕೊಂಡಿದ್ದಾರೆ.",angry
"ಬದಲಾವಣೆ ಇನ್ನೂ ಸಂಭವಿಸಿಲ್ಲ, ಇದು ಸುದೀರ್ಘ ಕಥೆ.",neutral
ಮೊದಲು ಮಹಾರಾಜರೊಂದಿಗಿನ ನಾಲೆಯ ಚಿತ್ರವನ್ನು ತೆಗೆಯಿರಿ..ಅದು ಯೋಗ್ಯವಾಗಿದೆಯೇ?,angry
ಬಾಳಾ ಸಾಹೇಬ್ ಹೆಸರು ಮತ್ತು ಫೋಟೋ ಇಲ್ಲದಿದ್ದರೆ ನಿಮ್ಮದು ನಿಜವಲ್ಲ,angry
"ಅರ್ಜಿ ತುಂಬುವ ಮೊದಲು ಸಾಮಾನ್ಯ ಜ್ಞಾನ ಏನು, ನೀವು ಸೂರತ್‌ಗೆ ಭೇಟಿ ನೀಡಲು ಗುವಾಹಟಿ ಮತ್ತು ಗೋವಾಕ್ಕೆ ಹೋಗಿದ್ದೀರಾ?",angry
ಮತ್ತೊಬ್ಬ ಅಂಧ ಭಕ್ತ ಭಿಕ್ಷೆ ಬೇಡಲು ಬಂದ,angry
ಬಾಯಿಗೆ ಬಂದಂತೆ ಹೇಳಬೇಡಿ. ಮೊದಲು ನೋಡಿ ನಂತರ ಮಾತನಾಡುವುದು ನಿಮಗೆ ಅರ್ಥವಾಗಿದೆಯೇ?,angry
"ಸಹೋದರ, ನೀವು ಬಡ ಚಿಕ್ಕಪ್ಪನಿಗಾಗಿ ತುಂಬಾ ಪ್ರಚಾರ ಮಾಡಿದ್ದಕ್ಕಾಗಿ ನನಗೆ ವಿಷಾದವಿದೆ.",sad
"ಎಲ್ಲಿ ಉದ್ಧವ್ ಸಾಹೇಬ್ ಠಾಕ್ರೆ, ಎಲ್ಲಿ ಅರ್ಧವತ್ನಾಥ್",neutral
ನಿಮ್ಮ ಸಿಸ್ಟಮ್ ಏಕೆ ಈಗಾಗಲೇ ಮುರಿದುಹೋಗಿದೆ?,angry
"ಕಮ್ಲಿ ಮತ್ತು ಢಲ್ವಾಲಾ ಭಿಕ್ಷುಕರ ಹಗ್ಗಗಳು, ಅವರ ಸುತ್ತಲಿನ ಜನರೆಲ್ಲರೂ ಹೇಯರು.",angry
"ಅವರು ಹೋದಾಗ, ಅವರ ಬಲವಂತದ ದ್ರೋಹದಿಂದ ನಾಯಿ ಕೂಡ ಬಳಲುವುದಿಲ್ಲ",angry
ಇನ್ನೂ ಕುಳಿತುಕೊಳ್ಳುವುದು ಅಸಾಧ್ಯವೆಂದು ಸಂಚುಕೋರರಿಗೆ ಸಂಪೂರ್ಣವಾಗಿ ಮನವರಿಕೆಯಾಯಿತು!,angry
ಇದು ಅತ್ಯಂತ ದುರದೃಷ್ಟಕರ ಮತ್ತು ರೋಮಾಂಚನಕಾರಿಯಾಗಿದೆ.,sad
ಇಲ್ಲಿ ವೈಯಕ್ತಿಕವಾಗಿ ಭೋಪ್ಡಿಯನ್ನು ಉಲ್ಲೇಖಿಸಿ ತಂಡದ ತತ್ವವನ್ನು ತೋರಿಸಬೇಡಿ...,angry
ನಾನು ಮೊದಲು ಭಾಷಣಗಳನ್ನು ಕೇಳಿದ್ದೇನೆ ಆದ್ದರಿಂದ ನನಗೆ ಯಾವುದೇ ತೊಂದರೆ ಇರಲಿಲ್ಲ,neutral
ಕ್ರೌರ್ಯವಿಲ್ಲದೆ ಅಧಿಕಾರಕ್ಕೆ ಬರಲೇ ಇಲ್ಲ... ಮೂರೂವರೆ ಜಿಲ್ಲೆಗಳ ಪ್ರಧಾನಿ.,angry
ನಮಗೆ ಯಾವುದೇ ಪರಂಪರೆ ಇಲ್ಲ...ಅದಕ್ಕಾಗಿಯೇ ಈ ವಾಕ್ಯ ಪಾಂಡೆ ಜೀ ಅವರಿಗೆ ಹಿಡಿಸುವುದಿಲ್ಲ.,neutral
ಮತ್ತು ಕೆಲವರು ಅಂತಹವರನ್ನು ಬೆಂಬಲಿಸುತ್ತಿದ್ದರು,angry
ಆದರೆ ಚೈಬಾ ಗೊಟ್ಟಿ ಇತರ ಪಕ್ಷದ ಮೇಲೆ ಏಕೆ ದಾಳಿ ಮಾಡುತ್ತಿದ್ದಾರೆ?,angry
ಶಿವಸೈನಿಕರಿಗೆ ಶಿವಸೇನೆ ಮತ್ತು ದೇಶದ್ರೋಹಿ ಸೇನೆ ಇದೆ,angry
ಕಾರ್ಪೊರೇಟ್‌ನಲ್ಲಿರುವ ಜನರು ತಮ್ಮ ಸ್ವಂತ ಅಭಿವೃದ್ಧಿ ಮತ್ತು ಕಚೇರಿಯ ಹೊರಗಿನ ಜನರ ಅಭಿವೃದ್ಧಿಯ ಬಗ್ಗೆ ಹೆಚ್ಚು ಕಾಳಜಿ ವಹಿಸುತ್ತಾರೆ.,neutral
ರಿಕ್ಷಾ ಚಾಲಕನೊಬ್ಬ ಹೇಗೆ ಲಕ್ಷಾಧಿಪತಿಯಾದನೆಂಬುದನ್ನು ಸಾರ್ವಜನಿಕರ ಮುಂದೆ ತನ್ನಿ.,happy
"ಮತ್ತು ಗಾಡಿ ಯಾರನ್ನು ನಂಬುತ್ತಾರೆ, ಸಹೋದರನನ್ನು ಕೇಳಿ",neutral
"ಸಂಕ್ಷಿಪ್ತವಾಗಿ, ಇದು ತುಂಬಾ ಕಡಿಮೆ ಹ್ಯಾಂಡಲ್ ಆಗಿದೆ.",angry
ಬಾಬಾ ರಾಮ್ ರಹೀಮ್ ಪ್ರಸ್ತುತ ಅತ್ಯಾಚಾರ ಪ್ರಕರಣದಲ್ಲಿ ಪೆರೋಲ್ ಮೇಲೆ ಜೈಲಿನಿಂದ ಹೊರಬಂದಿದ್ದಾರೆ.,neutral
"ಛತ್ರಪತಿ ಸಂಭಾಜಿನಗರ ಔರಂಗಿಯ ಮೊದಲ ವಂಶಸ್ಥರು. ಎಲ್ಲಕ್ಕಿಂತ ಮೊದಲು, ನಿಮ್ಮ ನಿಂದನೆ ಮಾಡುವ ತಂದೆಯನ್ನು ಮರೆತುಬಿಡಿ.",angry
ಸಮರ್ಥ್ ಕೂಡ ಮೂಢನಂಬಿಕೆ,angry
ಈ ನಾಯಕರು ಕಾರ್ಮಿಕರ ಜೀವನದಿಂದ ಬದುಕುತ್ತಿದ್ದಾರೆ. ಕಾರ್ಮಿಕರು ಯೋಚಿಸಬೇಕು,neutral
"ಕೆಲವು ದಿನಗಳ ಹಿಂದೆ ನನಗೆ ಇದು ನೆನಪಾಯಿತು, ಆದರೆ ನಾನು ಅದನ್ನು ಮರೆತಿದ್ದೇನೆ ಎಂದು ನನಗೆ ತೋರುತ್ತದೆ.",sad
ಸತ್ಯ ಅದನ್ನು ಮೊದಲು ನಿಲ್ಲಿಸು ಎಂದು ನಾನು ಹೇಳುತ್ತೇನೆ,angry
ಚಿಕ್ಕಪ್ಪನೇ ಬೆಂಕಿ ಹಚ್ಚಿದವನು!,happy
ಈ ಮಾವು ಕೊಳೆತ ಎಂದು ಯಾರೂ ಪರಿಗಣಿಸುವುದಿಲ್ಲ. ಅವನು ಅದನ್ನು ಮಾಡಲಿ.,angry
ಬಾಳಾಸಾಹೇಬರ ಸೈನ್ಯ ಎಂದು ಯಾರೂ ಹೇಳುವುದಿಲ್ಲ... ಎಲ್ಲರೂ ಮಿಂಡ್ಯೆ ಗ್ರೂಪ್ ಎನ್ನುತ್ತಾರೆ.,angry
"ಸರ್ಕಾರ ತನ್ನ ಜವಾಬ್ದಾರಿಯನ್ನು ನಿರ್ವಹಿಸುತ್ತಿಲ್ಲ, ಸರ್ಕಾರಿ ಉದ್ಯೋಗಗಳನ್ನು ಕಡಿಮೆ ಮಾಡುತ್ತಿದೆ ಮತ್ತು ನಿರುದ್ಯೋಗವನ್ನು ಸೃಷ್ಟಿಸುತ್ತಿದೆ.",angry
"ಮಿಂಡೆಯ ಥಾಪವನ್ನು ನಿರ್ಲಕ್ಷಿಸಿ, ಥಾಪಾ ಚಿಂಡೆ ಗುಂಪಿಗೆ ಹೋದನು.",angry
"ಈ ಕೆಲಸಗಾರರು ನಿಮಗಾಗಿ ಬರುತ್ತಿದ್ದಾರೆ, ಆದ್ದರಿಂದ ಅವರನ್ನು ನಿರ್ಲಕ್ಷಿಸುವುದು ಕೆಲಸ ಮಾಡುವುದಿಲ್ಲ.",happy
ಬಿಜೆಪಿಗೆ ಸೋಲು ಕಷ್ಟವಾಗಿತ್ತು,sad
ಆರತಿ ಮುಗಿಸಿ ಧೂಪ ಹಾಕಲು ಬಂದಿದ್ದಾರೆ.,angry
"ಹೇ ಚಿಕ್ಕಮ್ಮ, ಮೊದಲು ಹಾಡು ಸರಿಯಾಗಿ ಕೇಳಿ. ಟ್ವೀಟ್ ಮಾಡಲು.",neutral
"ಓಹ್, ಆದರೆ ನೀವು ಏಕೆ ಅಸೂಯೆಪಡುತ್ತೀರಿ ಎಂದು ನನಗೆ ತಿಳಿದಿಲ್ಲ!",angry
ಶರದ್ ಪವಾರ್ ಎಲ್ಲಿಯಾದರೂ ಹೋಗಿದ್ದಾರಾ? ಜನರ ಮನೆಗಳನ್ನು ಕೆಡವುವುದರಲ್ಲಿಯೇ ಜೀವನ ಕಳೆದಿಲ್ಲವೇ?,angry
"ಹೇ ಎದ್ದೇಳಿ, ಮೋದಿ ದೇಶವನ್ನು ಲೂಟಿ ಮಾಡುತ್ತಿದ್ದಾನೆ, ಮಾತನಾಡು, ಪ್ರತಿಭಟಿಸು, ಈ ಹಿಟ್ಲರ್ ನಿನಗಾಗಿ ಕಾಯುತ್ತಿದ್ದಾನೆ.",angry
"ಪಕ್ಷ, ಚಿಹ್ನೆಗಳಿಗಾಗಿ ಹೊಡೆದಾಡಿಕೊಂಡು ಅದನ್ನು ಅನುಭವಿಸುವವರು ಇತ್ತ ಗಮನಹರಿಸಬೇಕು.",neutral
ನೀವು ಮರಾಠಿ ಏಕೆ ಮಾತನಾಡುವುದಿಲ್ಲ ಎಂದು ಈಗ ನನಗೆ ತಿಳಿದಿಲ್ಲ ...,neutral
ಪವಾರ್ ಚಾಹೇಬಾ ಅವರಿಗೆ ಇದು ತಿಳಿದಿಲ್ಲವೇ?,happy
ಈ ಕ್ರಮ ಬಂದ ನಂತರ ಭಾರತ ಒಂದೇ ಒಂದು ಕಪ್ ಗೆದ್ದಿಲ್ಲ.,sad
ಇದು ಪುರುಷನಿಗಿಂತ ಮಹಿಳೆಗೆ ಹೆಚ್ಚು ಶತ್ರು ಎಂದು ತೋರಿಸಿದೆ.,angry
ಪವಾರ್ ಅವರ ತಂತ್ರ ಬಾಂಬ್ ಸ್ಫೋಟವಾಗಿರಬಹುದು,neutral
ನಿಮ್ಮ ಸುಳ್ಳುಗಳು ಬಯಲಾಗಿದೆ... ಸತ್ಯಮೇವ ಜಯತೇ!,angry
ಇದು ತಾತ್ಯಾ ಭಯ...,fear
ಹೃದಯ ನೋವು ಮತ್ತು ತೊಂದರೆ ಮತ್ತು ಅವರು ತಮ್ಮನ್ನು ಶಿವಸೇನೆಯ ಪಕ್ಷದ ಮುಖ್ಯಸ್ಥ ಎಂದು ಪರಿಗಣಿಸುತ್ತಾರೆ.,angry
ಗೊಬ್ಬರು ವರ್ಷಗಳಿಂದ ಪೆಂಗ್ವಿನ್‌ಗಳ ಗರಿಗಳನ್ನು ಕೀಳುತ್ತಿದ್ದರೇ?,angry
ಹೆಚ್ಚಿನ ವಕೀಲರು ಪ್ರಕರಣವನ್ನು ಚೆನ್ನಾಗಿ ಹೋರಾಡಲಿಲ್ಲವೇ?,neutral
ದಿನದಿಂದ ದಿನಕ್ಕೆ ಕಷ್ಟವಾಗುತ್ತಿದೆ...,sad
"ಕಾವಾಡ ಯಾತ್ರೆ ಹೆಸರಿನಲ್ಲಿ ಜನಜಂಗುಳಿ, ಸಭೆಗೆ ಜನ ಬರುತ್ತಿಲ್ಲ",neutral
"ನಿನಗೆ ಮಗಳು ಇಲ್ಲವೇ? ನೀವು ಫಕೀರ ವಿಚಾರಗಳ ಮೇಷ್ಟ್ರು ಎಂದು ತೋರುತ್ತಿದೆ, ನೀವು ಹೇಳಿದಂತೆ ಬರೆದಿದ್ದಾರೆ",angry
ಅಖಂಡ ಭಾರತದ ಬಗ್ಗೆ ಮಾತನಾಡುವವರು ಎಂದಾದರೂ ಘೋಷಣೆ ಕೂಗಿದ್ದಾರೆಯೇ?,angry
ದೇವೇಂದ್ರ ಫಡ್ನವೀಸ್ ನಿಷ್ಪ್ರಯೋಜಕ ಎಂದು ಹೇಳುವುದು ಒಳ್ಳೆಯದು.,angry
ಹಲವು ವರ್ಷಗಳಿಂದ ಮಹಾರಾಷ್ಟ್ರದಲ್ಲಿ ನೆಲೆಸಿರುವಾಗ ಮರಾಠಿ ಕಲಿತಿರಲಿಲ್ಲ... ಇದೆಲ್ಲ ಅಸಂಬದ್ಧ.,angry
"ಕೊಡು, ಕೊಡು, ಕೊಡು ಎಂದು ಬೆದರಿಕೆ ಹಾಕುತ್ತಾರೆ, ಬೋನಸ್ ಬಂದರೆ ಜನ ಆರತಿ ಬೆಳಗುತ್ತಾರೆ.",angry
ಆದ್ರೂ ಪುಣೆಯಲ್ಲಿ ರೂಲ್ಸ್ ಬಾಂಬ್ ಇದೆ... ಈಗ ಅದನ್ನೇ ಮಾಡಲು ನಿರ್ಧರಿಸಿದ್ದಾರೆ... ಮಹಾರಾಷ್ಟ್ರದ ಉತ್ತರ ಪ್ರದೇಶದಲ್ಲಿ....,angry
"ಅಧಿಕಾರಿಗಳು ಸಂತಸಗೊಂಡಿದ್ದು, ನಾಗರಿಕರು ಕಂಗಾಲಾಗಿದ್ದಾರೆ",sad
"ದಾನಾ ಮನೆಯಲ್ಲಿಲ್ಲ, ನನ್ನನ್ನು ಬಾಜಿರಾವ್ ಎಂದು ಕರೆಯುತ್ತೀರಾ?",sad
"ಅವರ ಮನೆಯ ಮೇಲಿನ ದಾಳಿಯ ನಂತರ, ಭಾಸ್ಕರ್ ಜಾಧವ್ ಅವರು ಫಡ್ನವಿಸ್ ವಿರುದ್ಧ ಗಂಭೀರ ಆರೋಪಗಳನ್ನು ಮಾಡಿದರು; ‘ಗೃಹ ಸಚಿವರ ಆದೇಶ...’ ಎಂದರು.",angry
ಕಲ್ಪನೆಯನ್ನು ಮೈಗೂಡಿಸಿಕೊಂಡಿದ್ದರೆ ಇಂದು ಈ ಪರಿಸ್ಥಿತಿ ಬರುತ್ತಿರಲಿಲ್ಲ.,sad
ಇದನ್ನು ಬಿಟ್ಟು ಇನ್ನೊಂದು ಯೋನಿಯನ್ನು ಪ್ರವೇಶಿಸುವುದು ಅವಶ್ಯಕ.,neutral
ಪ್ರಜಾಪ್ರಭುತ್ವವು ಇದಕ್ಕಾಗಿ ಉದ್ದೇಶಿಸಿಲ್ಲ. ಆದರೆ ಲಟ್ಕೆಯವರ ಉಮೇದುವಾರಿಕೆಯು ತಪ್ಪಾಗಿತ್ತು!,neutral
ನೀವು ಬಿಜೆಪಿ ಪತ್ರಕರ್ತರೇ?,angry
"ನೀರಜ್ ಚೋಪ್ರಾ ಒಲಂಪಿಕ್ ಚಿನ್ನ ತಂದರು, ಸುಬೇದಾರ್ ಇನ್ನೂ ವಯಸ್ಕನಾಗಲಿಲ್ಲ..",angry
: ಚುನಾವಣೆವರೆಗೂ ಬಿಜೆಪಿಯಲ್ಲೇ ಇರುತ್ತಾರಾ? ರಾಣೆ ಮೇಲೆ ಆದಿತ್ಯ ಠಾಕ್ರೆ ನೇರ ದಾಳಿ,neutral
ಭಾಸ್ಕರ್ ಜಾಧವ್ ಅವರನ್ನು ಬಂಧಿಸಿ ಜೈಲಿಗೆ ಹಾಕಬೇಕು,angry
ಹೌದು...ಇದನ್ನ ಮರೆತಿದ್ದೀರಾ...???? ಯಾಕೆ ಈ ಅಸಹಾಯಕತೆ...????,angry
ಇದೀಗ ಮಹಾರಾಷ್ಟ್ರದಾದ್ಯಂತ ಗುರುತಿಸಿಕೊಂಡಿರುವ ಅವರನ್ನು ಜನ ಗುರುತಿಸಲಿದ್ದಾರೆ ಎನ್ನಲಾಗುತ್ತಿದೆ,neutral
ಏನನ್ನೂ ಸಾಧಿಸಲಾಗುವುದಿಲ್ಲ ಜೈ ಮಹಾರಾಷ್ಟ್ರ,neutral
ಬಿಜೆಪಿ ನಂಬರ್ ಒನ್ ಕಿಡಿಗೇಡಿ ಪಕ್ಷ,angry
ಗುಲಾಮಗಿರಿಯ ಜೀವನ ನಡೆಸುವವನು ಇತರರನ್ನು ಗುಲಾಮ ಎಂದು ಭಾವಿಸುತ್ತಾನೆ,sad
ಹಾಯ್ ಹಿ ಹಿ...ಬಾಳಾಸಾಹೇಬರು ಈ ಭಾಗ್ಯ ಕಾಣಲು ಬಂದಿಲ್ಲ..,sad
ಆ ಪ್ರತಿನಿಧಿಗಳು ದ್ರೋಹ ಮಾಡಿದ್ದಾರೆ,angry
ಇದೆಲ್ಲವನ್ನೂ ಮಾಡಬೇಕಾದಾಗ ಕೆಲಸ ಮಾಡಬೇಕು,neutral
ನೀವು ಈ ಮೂರ್ಖತನವನ್ನು ಹೇಳುತ್ತಿರುವುದರಿಂದ ನಾನು ನಗುತ್ತಿದ್ದೇನೆ.,angry
ಇನ್ನೊಂದು ಇಲ್ಲಿದೆ,angry
ಈ ದ್ರೋಹವನ್ನು ತಾರೀಪದ ಜನರು ಮರೆಯುವುದಿಲ್ಲ,angry
ಸ್ವತಃ ಉದ್ಧವ್ ಟಕ್ರೆ ಕೂಡ ವಂಚನೆ ಮಾಡಿದರು ಮತ್ತು ಇದು ಸಂಭವಿಸಿತು!,angry
ನಾಳೆ ಮತ ಕೇಳಲು ಬಂದರೆ ಹೊಡೆದು ಸಾಯಿಸಬೇಕು.,angry
ಸಾಹೇಬ್ ಮತ್ತು ಸಾಹೇಬರ ಬಗ್ಗೆ ಮಾತನಾಡುವುದು ಸೂಕ್ತವಲ್ಲ.,happy
ಬ್ರೋ ನಂಬರ್ ತಪ್ಪಾಗಿದೆ ಮತ್ತು ನಾನು ಇಂದು ಪರಿಶೀಲಿಸಿದ್ದೇನೆ ಕ್ಷಮಿಸಿ,neutral
"ಸಹೋದರ, ನೀವು ತುಂಬಾ ಕಟುವಾಗಿ ಬರೆಯುತ್ತೀರಿ, ಕೆಲವೊಮ್ಮೆ ಅದರ ಪ್ರತಿಕ್ರಿಯೆಗಳನ್ನು ಓದಿ ...",neutral
ಆ ಸಾರ್ವಭೌಮರು ಒಳ್ಳೆ ಜನರನ್ನು ಈ ರೀತಿ ಮಾಡಿದ್ದಾರೆ...ನೀವು ತಾತ್ಯಾ ಹೆಸರನ್ನು ಕೇಳಿರಬೇಕು.,neutral
"ಗೆಲಾ ಥಾಪಾ, ಈಗ ಅದು ಇಲ್ಲಿ ಮತ್ತು ಈಗ ಸಂಭವಿಸುತ್ತದೆ",angry
ಸ್ವಾತಂತ್ರ್ಯದ ಬಹುಪಾಲು ದಿನಗಳು ಕೂಡ ಗುಲಾಮಗಿರಿಯಲ್ಲೇ ಕಳೆಯುತ್ತವೆ. ಗಣರಾಜ್ಯೋತ್ಸವದ ಬಗ್ಗೆ ಏನನ್ನೂ ಹೇಳಲು ಸಾಧ್ಯವಿಲ್ಲ.,sad
ನಾಮಕರಣದ ವೇಳೆ ಕಿರಿತ್ ಸೋಮಯ್ಯ ನಾಪತ್ತೆಯಾಗಿದ್ದಾರೆ...,neutral
ನೆಯುನ್ ನನ್ನ ಮಹಾರಾಷ್ಟ್ರವನ್ನು ಎಲ್ಲಿ ಇಟ್ಟಿದ್ದಾನೆ?,sad
ಪಾಕಿಸ್ತಾನ್ ಜಿಂದಾಬಾದ್ ಘೋಷಣೆ ಮಾಡಿಲ್ಲ ಹಾಗಾದರೆ ನಿಷೇಧ ಯಾಕೆ ??,angry
ಹ ಹ ಹ ಇದು ದೊಡ್ಡ ಸಮಸ್ಯೆ DP ಇಲ್ಲ ಇಲ್ಲ,neutral
ಅವನ ದವಡೆ ನಾಚಿಕೆಯಿಂದ ಬಿರಿಯುತ್ತಿತ್ತು,neutral
ಟೀ ಬಿಸ್ಕೆಟ್ ಪತ್ರಿಕೋದ್ಯಮ ಅತಿರೇಕ! ಅವರ ಏಕೈಕ ಅಜೆಂಡಾ ಪತ್ರಿಕೆಗಳನ್ನು ಓದದಿರುವುದು!,angry
"ಹೌದು, ಕಟ್ಸಾಮ್ರಾಟದೊಂದಿಗಿನ ನಟಸಾಮ್ರತಾ ಸಂದರ್ಶನವನ್ನು ನೋಡಲು ಕೀವ್ ಇಂದು ಬಂದಿದ್ದರು.",sad
"ಅಮೆರಿಕದ ಈ ಕಾಲೇಜಿನಲ್ಲಿ ಹೆಣ್ಣು ಮಕ್ಕಳಿಗೆ ಗರ್ಭನಿರೋಧಕ ಮಾತ್ರೆಗಳನ್ನು ವಿತರಿಸಲಾಗುತ್ತಿದೆ, ಕಾರಣವೇನು?",happy
ಭಟ್ಕಳಕರ್ ಮಾತನಾಡುತ್ತಿರುವುದು ನಿಜವೇ?,neutral
ರಾಮಣ್ಣ 'ತಾರಿಖ್ ಪೇ ತಾರಿಖ್' ಮಾಡಿದಾಗ ಫಲಿತಾಂಶದ ನಿರೀಕ್ಷೆ ಹುಸಿಯಾಯಿತು,sad
"ಮತ್ತು ನ್ಯಾಯಾಲಯದಿಂದ ಕಪಾಳಮೋಕ್ಷ ಮಾಡಿದ ನಂತರ, ಅಳಲು ಮತ್ತೊಂದು ಕೊಠಡಿ ತೆಗೆದುಕೊಳ್ಳಿ.",angry
ಮುಚ್ಚಿದ ಬಾಗಿಲುಗಳ ಹಿಂದೆ ಈ ಬಗ್ಗೆ ದಿನಗಟ್ಟಲೆ ಚರ್ಚೆ ಮಾಡಬೇಡಿ...,angry
"ಧನ್ಯಾ, ನಿನಗೆ ಉತ್ಸಾಹವಿದೆ ಆದರೆ ಉಗಾ ಸಾಹೇಬರನ್ನು ಮೆಚ್ಚಿಸಲು ನೀವು ಅಕ್ಲೆಯ ನಕ್ಷತ್ರಗಳನ್ನು ಮುರಿಯುವ ಅಗತ್ಯವಿಲ್ಲ.",happy
ಆದರ್ಶ ಎನಿಸಿದ್ದ ಬಾಳಾ ಸಾಹೇಬರ ಪಕ್ಷದ ಮೇಲೆ ದಾಳಿ ನಡೆದಾಗ ಅವರ ಬಾಯಿಗೆ ಬೀಗ ಹಾಕಿದವರೂ ಇತಿಹಾಸದಲ್ಲಿ ದಾಖಲಾಗಿದ್ದಾರೆ.,happy
"ಧುಂಗನ್ ಬಾಯಿ, ಏನನ್ನೂ ಹೇಳಬೇಡ",angry
ಸಾವಂತ ಅಧಿಕಾರಕ್ಕೆ ಬಂದಿರುವುದನ್ನು ಮಹಾರಾಷ್ಟ್ರದ ಜನರು ನೋಡುತ್ತಿದ್ದಾರೆ.,angry
ಮಹಾವಿಕಾಸ್ ಅಘಾಡಿಗೆ ಭವಿಷ್ಯದಲ್ಲಿ ಅಭ್ಯರ್ಥಿಯೂ ಸಿಗುವುದಿಲ್ಲ: ಬಾವನಕುಳೆ,neutral
ಪುಣೆಯಲ್ಲಿ ಮೋಡಗಳು ಸಿಡಿದ ಹಾಗೆ ಮಳೆ ಸುರಿಯುತ್ತಿದೆ!!!,fear
ಈ ಟ್ವೀಟ್ ಅನ್ನು ಓದಿದ ಅಂಬಿಯ ಭಾವು ಆಶ್ಚರ್ಯಚಕಿತರಾದರು.,happy
ದೇಶದ್ರೋಹಿ ಯಾಕೂಬ್ ಮೆಮನ್ ಸಮಾಧಿಗೆ ಹಾಳೆ ಹಾಕುವುದಿಲ್ಲವೇ? ಪರೀಕ್ಷೆಯನ್ನು ತೆಗೆದುಕೊಳ್ಳಿ,angry
ಎಲ್ಲರ ಪ್ರೀತಿಗೆ ನ್ಯಾಯ ಸಿಗುತ್ತದೆ. ಅದು ಹಾಗಲ್ಲ.,sad
ಹಾಗಾದರೆ ಆ ಸಮಯದಲ್ಲಿ ಕಾಂಗ್ರೆಸ್ ಅಭ್ಯರ್ಥಿಯನ್ನು ಬೆಂಬಲಿಸಿ ಪ್ರಚಾರ ಮಾಡಿದ್ದು ಏಕೆ? ಜನರು ಮೂರ್ಖರು ಎಂದು ನೀವು ಭಾವಿಸುತ್ತೀರಾ?,angry
ಕೊಲ್ಹಾಪುರಿ ಅವಹೇಳನಕಾರಿ ಕೆಲಸ ಮಾಡಿದರೆ ಇಲ್ಲಿ ಬರೆದರೆ ನನ್ನನ್ನು ಬ್ಲಾಕ್ ಮಾಡುತ್ತಾರೆ,neutral
ನಿಮ್ಮ ಕೆಳಗೆ ಬೆಂಕಿ ಇರುವುದು ಖಚಿತ. ಜ್ಯೋತಿಯ ಕಿಡಿಯನ್ನು ನೋಡಿದೆ.,angry
ನಿಮ್ಮ ಯು-ಟರ್ನ್ ಶೆತ್‌ಗಳು ಕೇವಲ ಕೀಟಲೆ ಮಾಡುವುದಕ್ಕಾಗಿಯೇ?,angry
ಈ ಸಿಕೋಫಂಟ್ ಪತ್ರಕರ್ತನನ್ನು ನಿರ್ಬಂಧಿಸಿ,angry
"ಬಿಜೆಪಿಯಲ್ಲಿ ಯಾವತ್ತೂ ಗುಂಡುಗಳು ಖಾಲಿಯಾಗಿಲ್ಲ, ಹಾಗಾಗಿ ಅವರ್ಯಾರೂ ಬುದ್ಧಿವಂತರಲ್ಲ.",angry
ಕಾಂಗ್ರೆಸ್ ಮತ್ತು ಎನ್‌ಸಿಪಿ ಮೈತ್ರಿ ಮಾಡಿಕೊಂಡಾಗ ಮೈತ್ರಿ ಕೊನೆಗೊಂಡಿತು.,sad
ಹೂಡಿಕೆ ಆಯೋಗ ಕೇಂದ್ರದ ಗಿಣಿ ಎಂಬುದು ಇದರಿಂದ ಸಾಬೀತಾಗಿದೆ.,angry
ರಾತ್ರಿ ಮಲಗುವಾಗ ನನ್ನನ್ನು ನಿಲ್ಲಿಸಿ ಓಡಿಹೋಗಿ... ಟೈಗರ್...,angry
"ಭಾರತದಲ್ಲಿ ಹಸಿವು ಇಲ್ಲ, ಬಡವರು ಡಯಟ್ ಮಾಡುತ್ತಿದ್ದಾರೆ ಎಂದು ಹೇಳಬೇಕು.",angry
ಇವೆಲ್ಲ ನಾಟಕ...,angry
ಅವರು ಯಾವ ರೀತಿಯ ಮಣ್ಣು ತೆಗೆದುಕೊಳ್ಳುತ್ತಿದ್ದಾರೆ ಎಂಬುದೇ ಅವರಿಗೆ ತಿಳಿದಿಲ್ಲ.,angry
ಮರಾಠಿ ಮಾತನಾಡಲು ನಿಮಗೆ ನಾಚಿಕೆಯಾಗುತ್ತಿದೆಯೇ?,angry
ಬೇರೆ ಯಾವ ದೇಶಕ್ಕೂ ಇಂತಹ ಮಾರುಕಟ್ಟೆ ಇಲ್ಲ. ಗೌರವ ಮತ್ತು ಆಕರ್ಷಣೆಯನ್ನು ಉಳಿಸಿಕೊಂಡಿಲ್ಲ.,angry
ಜಿಲ್ಲೆ ಕಬ್ಬು ಉತ್ಪಾದನೆಯಲ್ಲಿ ಮುಂಚೂಣಿಯಲ್ಲಿದ್ದರೂ ಕಬ್ಬಿನ ದರದಲ್ಲಿ ಯಾವಾಗಲೂ ಹಿಂದುಳಿದಿದೆ.,sad
ಮೋದಿಯ ಕಳ್ಳ ಅಣ್ಣಂದಿರೆಲ್ಲಾ ವಿದೇಶದಲ್ಲಿ ಹಾಯಾಗಿರುತ್ತಾರೆ...ಕಳ್ಳ ಕಳ್ಳ ಬಂಧುಗಳು,angry
ಹೇಗೆ ಬದುಕಬೇಕು ಹೇಳಿ? ಕೋಟಿಗಟ್ಟಲೆ ಜನರಿರುವ ದೇಶದಲ್ಲಿ ಸಾವಿರ ಜನ ಕೂಡ ‘ಈ’ ಜನಪ್ರಿಯ ಭಾಷೆ ಮಾತನಾಡುವುದಿಲ್ಲ.,sad
ಚಂದ್ರಕಾಂತ್ ಪಟಾಲ್ ಅಜಿತ್ ಪವಾರ್ ಅವರನ್ನು ಟೀಕಿಸಿದರು; ಹೇಗೆ ಕಚ್ಚಿದೆ...,neutral
"ಧೈರ್ಯವಿದ್ದರೆ ಚುನಾವಣೆ ನಡೆಸಿ ತೋರಿಸಿ, ನಿಮ್ಮ ಅಧ್ಯಕ್ಷರು ಕೇವಲ ಬೊಂಬೆ.",angry
ಅದು ಎಂತಹ ಭಯಾನಕ ಶಬ್ದ,fear
ಪ್ರಸ್ತುತ ಮಳೆಯಿಂದ ಏನಾದರೂ ಹಾನಿಯಾಗಿದೆಯೇ?,neutral
ಶಿವಾಯ ತಿನ್ನುವುದು ಅಂಧ ಭಕ್ತರ ಜನ್ಮಸಿದ್ಧ ಹಕ್ಕು.,angry
"ನಿತೇಶ್ ರಾಣೆ, ನಿಮ್ಮ ಸ್ಥಿತಿ ಏನು, ಯಾಕೆ ಹೀಗೆ ಹೇಳುತ್ತಿದ್ದೀರಿ, ನಾಚಿಕೆಪಡಬೇಕು, ದುರದೃಷ್ಟಕರ ಪ್ರಾಣಿ ...",angry
ಅವನು ಹುಚ್ಚ ರಾಜನಲ್ಲ. ಸಂದರ್ಶನವು ವಿಚಿತ್ರವಾಗಿ ಮತ್ತು ನಿರಾಶಾದಾಯಕವಾಗಿತ್ತು,sad
ಕುಂಟಾಗಿದೆ,angry
ಹುಲ್ಲು ತಿನ್ನಲು ಕುಳಿತಿದ್ದೀಯಾ????,angry
ಮುಂಬೈ ಬಗ್ಗೆ ನಿಮ್ಮ ಕಣ್ಣು ತೆರೆದಿದೆಯೇ?,angry
ವರ್ಷಕ್ಕೆ ಲಕ್ಷಾಂತರ ಎಂದು ಹೇಳುವುದು ನಿಮಗೆ ನೆನಪಿದೆಯೇ? ಘಜ್ನಿ ಏಕೆ ಸಂಭವಿಸಿತು?,angry
"ಬಾಕ್ಸ್ ಕೊಳ್ಳುವ ಆಸೆ ಕೈಬಿಟ್ಟಿದ್ದೀಯ, ಕಜ್ಜಿ ಯಾವಾಗ ಹೋಗುತ್ತೆ?",angry
"ಈ ನಿರ್ಧಾರವನ್ನು ನೀಡಿದ ರೀತಿ, ನನಗೆ ಚುನಾವಣಾ ಆಯೋಗದ ಮೇಲೆ ಆದರೆ ನ್ಯಾಯಾಲಯದ ಮೇಲೆ ನಂಬಿಕೆ ಇಲ್ಲ.",neutral
ಇದು ನಿಮ್ಮ ತಾಯಿಯ ಬಗ್ಗೆ ಆಗಿದ್ದರೆ ??,angry
ಪಂಜದ ಜ್ಯೋತಿಯನ್ನು ಮಹಾರಾಷ್ಟ್ರ ಸ್ವೀಕರಿಸುವುದಿಲ್ಲ - ಚಂದ್ರಶೇಖರ ಬಾವನಕುಲೆ,neutral
"ವಾಕ್ ಸ್ವಾತಂತ್ರ್ಯ ಎಂದರೆ ಏರಿಳಿತಗಳು, ಆದರೆ ಈಗ ನಾನು ಬಾಂಬ್ ಸ್ಫೋಟಗಳನ್ನು ಅರ್ಥಮಾಡಿಕೊಂಡಿದ್ದೇನೆ",angry
ರೊಂಥಾರ ಸಂಜ್ಞೆ ಹೊರಬೀಳಲಿದೆ,neutral
ಹಾಗಾದರೆ ಶಿವಸೇನೆ ಈ ಸ್ಥಾನವನ್ನು ಕಳೆದುಕೊಂಡಿದ್ದಕ್ಕೆ ನೀವು ದುಃಖಪಡಬೇಕು.,sad
ಅಂತಹ ಚಿತ್ರಗಳನ್ನು ಪೋಸ್ಟ್ ಮಾಡುವವರಿಗೆ ಮತ್ತು ಹಾಗೆ ಮಾಡಲು ಬಯಸುವವರಿಗೆ ಗರುಡ ಪುರಾಣದಲ್ಲಿ ಪ್ರತ್ಯೇಕ ಶಿಕ್ಷೆಗೆ ಅವಕಾಶವಿರಬೇಕು.,angry
ಕಂಪನಿಯ ಹೆಸರನ್ನು ಪ್ರಕಟಿಸಿ ಮತ್ತು ಅದರ ವಿರುದ್ಧ ಪ್ರತಿಭಟಿಸಿ.,neutral
"ಈ ತಲೆಯಿಲ್ಲದ ಹೆಂಗಸು ಶಿಲುಬೆಯನ್ನು ತಮಾಷೆ ಮಾಡುತ್ತಿದ್ದಳು, ಈಗ ದೇವರು ಏಕೆ ಮಾಡುತ್ತಾನೆ?",angry
ನಿಮ್ಮ ಬೆಂಬಲದಿಂದ ಮಾತ್ರ ಅದು ಯಶಸ್ವಿಯಾಗಿದೆ.,angry
ಪತಿ ಮನೆಯಲ್ಲಿ ಸಂಬಳ ಹೇಳುತ್ತಿಲ್ಲ ಎಂಬ ಕಾರಣಕ್ಕೆ ಈ ಮಹಿಳೆ ಸಿಟ್ಟಿಗೆದ್ದಿದ್ದಾಳೆ.,angry
"ಈಗ ಬಾಳಾ ಸಾಹೇಬರು ಹೇಳಬೇಡಿ, ಅವರಿಲ್ಲ...",sad
ನೀವು ಯಾವಾಗಲೂ ಅಧ್ಯಯನದಲ್ಲಿ ವಿಫಲರಾಗುತ್ತೀರಿ ಮತ್ತು ನಂತರ ಬಿಜೆಪಿ ಹೆಸರಿನಲ್ಲಿ ಕುಳಿತು ಅಳುತ್ತೀರಿ.,angry
"ಎಷ್ಟು, ಎಷ್ಟು, ಎಷ್ಟು ಕರೆಂಟು... ಬಬ್ಬೋ",happy
ಜನರಿಂದ ಉತ್ತಮ ಪ್ರತಿಕ್ರಿಯೆ ಕಂಡು ಸೋಲು ಅನುಭವಿಸುವಂತಾಗಿದೆ.,sad
ದೇಶದ್ರೋಹ ಮಾಡಿದವರು ಯಾರು? ನಿಜವಾದ ಶಿವಸೇನೆಯ ದಸರಾ ಸಭೆಯಲ್ಲಿ ಬಾಳಾ ಸಾಹೇಬರ ಶಿವಸೇನೆ,neutral
ನಿಮ್ಮ ಆಲೋಚನೆಗಳು ಎರಡೂವರೆ ವರ್ಷಗಳ ಕಾಲ ಸರ್ಕಾರವಾಗಿದೆಯೇ ಅಥವಾ ಆ ಸಮಯದಲ್ಲಿ ಅವರು ನಾಟಕವಾಡುತ್ತಿದ್ದರೇ?,angry
ಈಗ ಇಬ್ಬರೂ ಮನೆಯನ್ನು ತೊಳೆಯಬೇಕು ಎಂದು ತೋರುತ್ತದೆ.,sad
"ಈ ಸಮೀರ್ ಲೆ ಮುಂಗಡ ಮತ್ತು ಭಾಮತಾ ಅಧಿಕಾರಿಯಾಗಿದ್ದು, ಟಾಂಗ್ಪಾನಿ ​​ಮಾತ್ರ ಮಾಡುತ್ತಿದ್ದಾರೆ.",angry
"ನೀವು ಪತ್ರವನ್ನು ಸರಿಯಾಗಿ ಓದಿದ್ದರೆ ನೀವು ಈ ಪ್ರಶ್ನೆಯನ್ನು ಕೇಳುತ್ತಿರಲಿಲ್ಲ, ನೀವು ಅದನ್ನು ಮೊದಲು ಸರಿಯಾಗಿ ಓದಬೇಕು",neutral
ಬೆಂಡೆಕಾಯಿ ಇನ್ನೂ ಲೀಲಾಳನ್ನು ಪ್ರೀತಿಸುತ್ತಿದೆಯೇ?,angry
ಅವರು ಮಹಾರಾಷ್ಟ್ರ ಮತ್ತು ಈ ಉತ್ಕೃಷ್ಟತೆಯನ್ನು ನಾಚಿಕೆಯಿಲ್ಲದೆ ಕಿರುಕುಳ ಮಾಡುತ್ತಾರೆ,angry
ಇದನ್ನು ತಯಾರಿಸುವವರು ಯಾರು?? ಎಂತಹ ನಿಷ್ಪ್ರಯೋಜಕ ಮನುಷ್ಯ!!!,angry
ರಾಜ್ಯದಲ್ಲಿ ಕೇವಲ ಅಣ್ಣನ ಮತದಿಂದ ಸರ್ಕಾರ ರಚನೆಯಾಗಿದೆಯೇ? ಆಫ್,neutral
"ಓಹ್, ಅವನು ಹೇಳಿರಬಹುದು! ನೀವು ಗುಜರಾತಿ ಮರಾಠಿ ಬಗ್ಗೆ ಏಕೆ ಮಾತನಾಡುತ್ತಿದ್ದೀರಿ?",angry
ಎಲ್ಲಾ ಪದಗಳು ಮರಾಠಿಯದ್ದಾಗಿರುವಾಗ ನೀವು ನಡುವೆ ಇಂಗ್ಲಿಷ್ ಪದಗಳನ್ನು ಏಕೆ ಬಳಸುತ್ತೀರಿ ಎಂದು ನಾನು ಆಶ್ಚರ್ಯ ಪಡುತ್ತೇನೆ,happy
ಆಗುವುದಿಲ್ಲ...ಮರಾಠಿ ನಾಯಿಗಳು ನೆಕ್ಕಲು ಇವೆ,angry
"ಹೇ ಕಪ್ಪು, ನಿಮಗೆ ಗಂಟೆ ಅರ್ಥವಾಗಿದೆಯೇ?",angry
ದೇವೇಂದ್ರ ಜೀ ಮಾರ್ಗವನ್ನು ಅನುಸರಿಸಿದರೆ ನೀವು ಇದನ್ನು ಕೇಳುತ್ತೀರಿ !!,angry
ಮರಾಠಿ ಮಾಧ್ಯಮದಿಂದ ಈ ಪಾಪ ನಿಮ್ಮ ಕೊರಳಿಗೆ ಬಿಗಿಯಾಗಿದೆ..ಏನಾದರೂ ಮಾಡಿ..,angry
"ಕೋರ್ಟ್ ನಲ್ಲೂ ಆಟ ಶುರುವಾಗಿದೆ! ಹೇಗಾದರೂ, ಆಡಳಿತವು ರಾಜನಂತೆ!",angry
ಬಡ ವಡಾ ಪಾವ್ ಮಾರಾಟಗಾರರು ಪ್ಯಾಕಿಂಗ್‌ಗೆ ಹಣ ಪಾವತಿಸಬೇಕಾದ ಸ್ಥಿತಿ ಇದೆ,sad
ಹೀಗಿರದ ಚುನಾವಣೆಗಳನ್ನು ಗೆಲ್ಲಬಹುದು ಎಂಬ ಕಾರಣಕ್ಕೆ ಅವರಿಗೂ ಖುಷಿಯಾಗಲಿ!!,angry
ರೆಸಾರ್ಟ್ ಕೆಡವಲು ಇಷ್ಟು ಹಣ ಖರ್ಚು ಮಾಡಲಿದ್ದಾರಾ?,angry
"ಸಂಪೂರ್ಣ ಲೇಖನವನ್ನು ಓದಿದ ನಂತರ ನಾನು ನನ್ನ ಅಭಿಪ್ರಾಯವನ್ನು ನೀಡುತ್ತೇನೆ, ನೀವು ಒಪ್ಪದಿದ್ದರೆ ಬಿಟ್ಟುಬಿಡಿ!",neutral
ಈ ಜಗತ್ತಿನಲ್ಲಿ ಎಲ್ಲವೂ ಕೆಲಸ ಮಾಡುತ್ತದೆ ಆದರೆ ಶಿವಸೇನೆಯನ್ನು ನಾಶಮಾಡುವ ಜನರು ನಮಗೆ ಬೇಡ.,sad
"ನಾಚಿಕೆಯಿಲ್ಲದೆ, ಯಾವಾಗಲೂ ಸಂತೋಷವಾಗಿದೆ ... ಸಾರ್ ಹಾಗೆ",angry
ಇವತ್ತಿನ ಕಾಲದಲ್ಲಿ ಲಾ ಪೇಶ್ವೆ ಈ ಜನ್ಮದಲ್ಲೂ ಸುಧಾರಿಸುವುದಿಲ್ಲ.,angry
ತನಗೆ ದ್ರೋಹ ಬಗೆದವರೇ ನಿಜವಾದ ದ್ರೋಹಿಗಳು ಉಳಿದವರೆಲ್ಲ ಪೊಳ್ಳು.,angry
ಆ ರೀಲ್ ಕೆಲಸ ಮಾಡುತ್ತಿಲ್ಲ ಹಾಗಾಗಿ ಚೊಂಗ್ರೇಸಿ ಭಾಷೆ ಮಾತನಾಡುತ್ತಿದೆ...,angry
ಕರೋನಾ ಕಾಲದಲ್ಲಿ ಜನರ ಮನಸ್ಸಿನಲ್ಲಿ ವಿಷಯಗಳನ್ನು ಇಟ್ಟುಕೊಂಡು ಖ್ಯಾತಿ ಗಳಿಸಿದ ಇದೇ ವೈದ್ಯರೇ?,angry
ಇದು ಹೃತ್ಪೂರ್ವಕ ಶ್ರದ್ಧಾಂಜಲಿಯಾಗಬೇಕೋ ಅಥವಾ ಶುಭಾಶಯವಾಗಬೇಕೋ ಎಂಬುದನ್ನು ಸಾರ್ವಜನಿಕರು ನಿರ್ಧರಿಸಬೇಕು.,neutral
ಅವನು ಅದನ್ನು ಮಾಡದಿದ್ದರೆ ನಾನು ಅವನನ್ನು ಎಲ್ಲವನ್ನೂ ಕಲಿಯಲು ಒತ್ತಾಯಿಸುತ್ತೇನೆ,angry
ನಿಮ್ಮ ನಾಸಿಕ್ ಮೇಲೆ ಯಾರದೋ ಕಣ್ಣು ಬಿದ್ದಿದೆ,sad
"ಸ್ವಂತ ಖಾತೆಯಲ್ಲಿ ಸತ್ಯವಿಲ್ಲ, ಮತ್ತೊಬ್ಬರಿಗೆ ಕರೆ ಮಾಡುವ ಉಪಾಯವೇನು...",angry
ನೀವು ಏನು ನೋಡಲು ಹೋಗಿದ್ದೀರಿ? ಮುರಿದದ್ದನ್ನು ಏಕೆ ಅಳೆಯಿರಿ,neutral
ಅದು ತುಂಬಾ ನಿಜ. ಈಗ ಬಿಜೆಪಿಯ ಸೋಲು ಶುರುವಾಗಿದೆ.,sad
ಮತ್ತು ಯಾರು ತಪ್ಪಾಗಿ ಬರೆದರೂ ಅವರನ್ನು ಖಂಡಿಸಲಾಗುತ್ತದೆ,angry
ತುಂಬಾ ಕಷ್ಟಪಡಬೇಕಿತ್ತು. ಆ ವೇಳೆ ಆತನಿಗೆ ಥಳಿಸಲಾಗಿತ್ತು.,neutral
ಅವನ ಮಾತು ಕೇಳುತ್ತಲೇ ವರ್ಷಗಳು ಬೇಗ ಕಳೆದು ಹೋಗುತ್ತವೆ.. ಏನು ಬೇಗ ಆಗುವುದಿಲ್ಲ?,sad
ಬಾಳಾ ಸಾಹೇಬರ ಶಿವಸೇನೆ ಸೋತರೆ ಉಳಿದ ಸೇನೆ ಚುನಾವಣೆಯಲ್ಲಿ ಏನು ಹೇಳುತ್ತದೆ? ಇಡೀ ವಿಷಯ ವಿಚಿತ್ರವಾಗಿದೆ,angry
ಉಪಯೋಗವಿಲ್ಲ.. ತಡವಾಯಿತು.. ಅವನ ದೇಹವು ನಿಯಂತ್ರಣ ತಪ್ಪಿದೆ,sad
ಇದು ಮರಾಠಿಗರು ಮತ್ತು ಮಹಾರಾಷ್ಟ್ರದ ದುರದೃಷ್ಟಕರ,sad
ಕೋಳಿ ಕಳ್ಳನ ಕಾರು ಮುರ್ಜಿ ಪಟೇಲರ ಫಾರ್ಮ್ ತುಂಬಲು ಹೋಯಿತು.,angry
ಅವನು ಸುಮ್ಮನೆ ಕುಳಿತುಕೊಳ್ಳುವುದಿಲ್ಲ. ಕೋಲುಗಳು ಮಾತ್ರ ಮಾಡುತ್ತವೆ ...,angry
"ಆದರೆ, ಶಾಸಕರು ಹಾಗೂ ಖಾಸಗಿ ವ್ಯಕ್ತಿಗಳನ್ನು ಅಪಹರಿಸುವ ತಂಡಗಳು ಸಕ್ರಿಯವಾಗಿರುವುದು ಸತ್ಯ",angry
ಉದ್ಧವ್ ಠಾಕ್ರೆಯವರ ದುರಹಂಕಾರದಿಂದ ಚುನಾವಣೆ ಅವಿರೋಧವಾಗಿ ನಡೆಯುವುದಿಲ್ಲ ಎಂದು ತೋರುತ್ತದೆ.,angry
"ಪೋಲೀಸರು ಮೆರವಣಿಗೆ ನಡೆಸಿದರು, ಬಿಜೆಪಿ ಕಾರ್ಯಕರ್ತರು ಎಲ್ಲಿದ್ದಾರೆ?",neutral
ಯೆಡ್ಜೆವ್ ಅವರ ವಕ್ತಾರರು ಹೇಳಿದರು,angry
"ಹೊಟ್ಟೆಯಿಂದ ಸ್ಟೀಲ್ ಗ್ಲಾಸ್ ಹೊರಬಂದಿದೆ, ಆದರೆ ಈ ಗಾಜು ಹೊಟ್ಟೆಯನ್ನು ಹೇಗೆ ಪ್ರವೇಶಿಸಿತು?",happy
"ಇಡೀ ಜೀವನವನ್ನು ಇಫ್ತಾರ್ ಕೂಟಗಳಲ್ಲಿ ಕಳೆದ ನಂತರ, ವಿನಾಶದ ಹತ್ತಿರ ಬಂದಾಗ, ಒಬ್ಬ ಹಿಂದೂ ಎಂಬ ಮೌಲ್ಯವನ್ನು ಅರಿತುಕೊಳ್ಳುತ್ತಾನೆ.",angry
"ನಾನಾ 'ಸ್ಕ್ರಿಪ್ಟ್' ಏನನ್ನೂ ಕೇಳಲಿಲ್ಲ ಹಾಗಾದರೆ ಟೀ, ಬಿಸ್ಕತ್ತುಗಳೇನು?",angry
ಮುಚ್ಚಳದ ಹತ್ತಿರ ಆದರೆ ಮೋಸಗಾರನಾಗಿ ಹೊರಹೊಮ್ಮಿದನು...!,angry
ಈಗ ಅವರು ಹೊರಬರಲು ತಮ್ಮ ಸಾಮರ್ಥ್ಯವನ್ನು ತೋರಿಸಬೇಕಾಗುತ್ತದೆ.,angry
"ಅದು ಒಳ್ಳೆಯದಾಗಿರಬೇಕು, ದುರದೃಷ್ಟವಶಾತ್ ಅಂಧ ಭಕ್ತರ ಜಾತಿ ಕೆಟ್ಟದು.",angry
ಇಲ್ಲ...ಅದಕ್ಕೆ ಅರ್ಥವೇ ಇಲ್ಲ,neutral
ದುಃಖದ ಸುದ್ದಿ - ಅತ್ಯಂತ ಪ್ರತಿಭಾವಂತ ಮತ್ತು ತಮಾಷೆಯ ನಟ ಪ್ರದೀಪ್ ಪಟವರ್ಧನ್ ಅವರಿಗೆ ಹೃತ್ಪೂರ್ವಕ ಶ್ರದ್ಧಾಂಜಲಿ...,sad
ಇದು ತುಂಬಾ...,angry
ಈಗ ಬೇಸರವಾಗಿದೆ,sad
ಬಾಳಾ ಸಾಹೇಬರ ಶಿವಸೇನೆ ಎಲ್ಲಿದೆ ಎಂಬುದು ನಿಮ್ಮಂತಹ ಅಂಧ ಭಕ್ತರನ್ನು ಬಿಟ್ಟರೆ ಎಲ್ಲರಿಗೂ ಗೊತ್ತು.,angry
"ನಮ್ಮ ನಂಬಿಕೆ ಯಾವಾಗಲೂ ನ್ಯಾಯದ ದೇವರಲ್ಲಿದೆ, ಆದರೆ ನ್ಯಾಯದ ದೇವರನ್ನು ಬಳಸುವವರಲ್ಲಿ ಅಲ್ಲ",angry
ನಿಮ್ಮ ಹೊಟ್ಟೆ ಏಕೆ ನೋವುಂಟು ಮಾಡುತ್ತದೆ? ಧೋತಿ ಯೋಗ ಮಾಡಿ,neutral
ಹತಾಶೆಗೊಂಡ ಎರೆಹುಳು ಉದ್ಧವ್ ಯಾವ ಧ್ವಜವನ್ನು ಎತ್ತಬೇಕೆಂದು ಪಠಿಸುತ್ತಿತ್ತು,angry
ಬೆಳಕಿನ ಹಬ್ಬದಲ್ಲಿ ಏನನ್ನು ಬೆಳಗಲಾಗುವುದು?,angry
. ನಾನು ನಿನ್ನನ್ನು ಪೂರ್ಣಗೊಳಿಸಬೇಕಾಗಿತ್ತು. ಈ ಸರ್ಕಾರದ ಮೇಲೆ ನಂಬಿಕೆ ಇಲ್ಲ.,angry
ಗ್ರಾಮೀಣಾಭಿವೃದ್ಧಿಯಲ್ಲಿ ಸಾರ್ವಜನಿಕ ಭಾಷಣವಿಲ್ಲ,sad
ವನ್ಯಜೀವಿ ದಾಳಿಯಿಂದ ಆಗುವ ಹಾನಿಗೆ ದೀಪಾವಳಿಗೂ ಮುನ್ನ ಪರಿಹಾರ ನೀಡಬೇಕು - ಅರಣ್ಯ ಸಚಿವ ಸುಧೀರ್ ಮುಂಗಂತಿವಾರ್.,neutral
ಅಪ್ಪನ ಬದುಕಿನ ಮೇಲೆ ಚುನಾಯಿತರಾದ ನೀವು ಒಬ್ಬ ಅಧಿಕಾರಿಯ ಬಗ್ಗೆ ಈ ರೀತಿ ಮಾತನಾಡಲು ಅರ್ಹರೇ,angry
"ಸೀಟುಗಳು ಖಾಲಿ ಇದ್ದಾಗ ಭಾಷಣಗಳು ನಡೆಯುತ್ತವೆ, ಹಾಗಾದರೆ ಸೀಟುಗಳು ಕಡಿಮೆ ಇರುವಾಗ ಶಾಲೆಗಳನ್ನು ಏಕೆ ಮುಚ್ಚಬೇಕು?",neutral
ಇವೆಲ್ಲವೂ ಅಮೆರಿಕದಲ್ಲಿ ನಕಲಿ ಸಂಖ್ಯೆಗಳು,angry
ಹಾಯ್ ನಿಮ್ಮ ತರ್ಕಕ್ಕೆ ಕಿಡ್ನಿ ಅಟ್ಯಾಕ್ ಆಗಿದೆ,angry
"ರಾಜ್ಯದ ಮುಖ್ಯಮಂತ್ರಿ, ಉಪಮುಖ್ಯಮಂತ್ರಿ, ಗೃಹ ಸಚಿವರು (ಹುಲ್ಲು) ಎಳೆಯುತ್ತಿದ್ದಾರಾ?",angry
ಭ್ರಷ್ಟಾಚಾರವೇ ಸಮಾಜದ ಶಾಪವಾದರೆ ನೀವೇನು ಮಾಡುತ್ತಿದ್ದೀರಿ?,angry
ಕೊನೆಗೆ ಮಾತನಾಡುವ ಧೈರ್ಯವಿಲ್ಲದೆ ಇಲ್ಲಿಯೇ ಬಿದ್ದರು. ಇಷ್ಟು ಶಕ್ತಿ ಇದ್ದರೂ ಅಷ್ಟೊಂದು ಗಾಬರಿ ಯಾಕೆ?,angry
ಈ ಟ್ವೀಟ್ ಅನ್ನು ಬವಾನ್ಕುಲೇನಿ ಅವರು ಈ ಹಿಂದೆ ಟ್ವೀಟ್ ಮಾಡಿದ್ದರು ಮತ್ತು ತುಮಿ ಹೈ ಅದನ್ನು ನಕಲು ಮಾಡಿದ್ದಾರೆ.,angry
"""ಆದರೆ ಈಗ ಆ ಅಂಗಡಿಗಳನ್ನು ಮುಚ್ಚಲಾಗಿದೆ"" ಏನೇ ಇರಲಿ",neutral
ರಾಜ್‌ನನ್ನು ಯಾರೂ ಗಂಭೀರವಾಗಿ ಪರಿಗಣಿಸುವುದಿಲ್ಲ. ಅಷ್ಟೆ.,neutral
"ಇದು ಭ್ರಮೆ, ಕಾಂಗ್ರೆಸ್ ಗಾಂಧಿ ಕುಟುಂಬದ ಒಪ್ಪಿತ ಕಂಪನಿ.",angry
"ಸ್ವಲ್ಪ ಅಲ್ಲದಿದ್ದರೆ ಕಡಿಮೆ ಎಸೆಯಿರಿ, ನಾಚಿಕೆ, ಮಿಂದೇ ಗುಂಪು.",angry
ಅದನ್ನು ತೋರಿಸಲು ಶಾಶ್ವತ ಕೆಲಸವಿಲ್ಲ,angry
ಪಿಎಫ್‌ಐ ದೇಶ ವಿರೋಧಿ ಚಟುವಟಿಕೆಗಳ ವಿರುದ್ಧ ಪಿತೂರಿ ನಡೆಸುತ್ತಿದೆ ಎಂದು ಆರೋಪಿಸಲಾಗಿದೆ.,angry
ಬಾರಾಮತಿ ನಿಜವಾಗಿಯೂ ಕೈ ತಪ್ಪುತ್ತಿದೆ ಎಂದು ಹೆಚ್ಚಿನವರಿಗೆ ತಿಳಿದಿದೆ.,sad
ಇದು ನಿಮ್ಮ ಮನಸ್ಥಿತಿ...ಅದಕ್ಕಾಗಿಯೇ ಇದು ಸಮಯ,angry
ನೀನೇಕೆ ತಲೆಬಾಗಬಾರದು?,neutral
ಅವರ ಕುಟುಂಬಕ್ಕೆ ಈ ದುಃಖವನ್ನು ಹೋಗಲಾಡಿಸುವ ಶಕ್ತಿ ಸಿಗಲಿ! ದಿವಂಗತ ನರೇಂದ್ರಜಿ ಅಗರ್ವಾಲ್ ಅವರಿಗೆ ಭಾವಪೂರ್ಣ ಶ್ರದ್ಧಾಂಜಲಿ!,sad
"ಅಯ್ಯೋ ದೇವರೇ, ಇದು ಟಾರ್ಚ್ ಅಲ್ಲ... ಎಣ್ಣೆ ಹೋಯಿತು, ತುಪ್ಪ ಕಳೆದು ಕೈ ಉರಿಯುತ್ತಿದೆ.. ಠಾಕ್ರೆ ಹಾಳಾಗಿದ್ದಾನೆ.",angry
"ಇಡೀ ಜಗತ್ತಿಗೆ ತಿಳಿದಿತ್ತು ಆದರೆ ಒಮ್ಮೆ ಸ್ನೇಹಿತನಿಗೆ ತಿಳಿದಿಲ್ಲದಿದ್ದರೆ, ನಿಜವಾಗಿಯೂ ಅಹಂಕಾರವು ವ್ಯಕ್ತಿಯನ್ನು ಕುರುಡನನ್ನಾಗಿ ಮಾಡುತ್ತದೆ.",sad
ವಾಜಪೇಯಿ ಸರ್ ಬಗ್ಗೆ ತುಂಬಾ ಗೌರವವಿರಲಿ.. ಆದರೆ ಈ ಟ್ವೀಟ್‌ಗಳು (ಮತ್ತು ಅಂತಹ ಭಾಷೆ) ಮುನ್ನೆಲೆಗೆ ಬಂದಿವೆ.,angry
ಕೇಶ ಶೇಠ್ ಮತ್ತು ಅದು ಹೆಚ್ಚುತ್ತಿದೆ... ಮೆಹಬೂಬಾ ಮುಫ್ತಿಯನ್ನೂ ನೆಕ್ಕಿದ್ದೀರಿ!,angry
"ಅರೇ ಸರ್, ನೀವು ಯಾವ ರಾಯಧನವನ್ನು ಕೇಳುತ್ತಿದ್ದೀರಿ, ನೇರವಾಗಿ ಅವರ ವಿರುದ್ಧ ಮತ್ತು ಚುನಾವಣಾ ಆಯೋಗದ ಮೇಲೆ ಕೇಸು ದಾಖಲಿಸಿ.",angry
ಕೈಗಾರಿಕೋದ್ಯಮಿಗಳೇ ಮಂಗಗಳಾಗಿ ಮಾರ್ಪಟ್ಟಿದ್ದಾರೆ,angry
ಬಿಜೆಪಿ ಬೀದರ ನಗರಾಧ್ಯಕ್ಷ ಭಗೀರಥ ಬಿಯಾನಿ ಗುಂಡು ಹಾರಿಸಿಕೊಂಡು ಆತ್ಮಹತ್ಯೆ ಮಾಡಿಕೊಂಡಿದ್ದಾರೆ,sad
"ತಕ್ಲ್ಯಾ, ಆಕ್ಸಿಜನ್ ಸಿಲಿಂಡರ್ ಹಿಡಿದುಕೊಂಡು ಆಸ್ಪತ್ರೆಯಲ್ಲಿ ನಿಂತಿದ್ದೀಯಾ",angry
ನಟರಂಗ ಹಾಗೂ ಸೊಗಲ್ಯಾ ಅವರ ಹೊಸ ಅತ್ತೆ ಆಗಮಿಸಿದ್ದಾರೆ ಎನ್ನಲಾಗುತ್ತಿದೆ.,neutral
ನಿಮಗೆ ಒಂದು ತೋಳಿನ ಶಕ್ತಿ ಇದೆ ಎಂಬ ಭ್ರಮೆಯನ್ನು ನೀವು ಯಾವಾಗ ಹೋಗುತ್ತೀರಿ?,angry
"ಬರೀ ಅಲ್ಲ, ಇಷ್ಟೆಲ್ಲಾ ನಾಟಕ ಈ ಹಿಂದೆಯೂ ನಡೆದಿದೆ.",neutral
ಇಂದು ಲಂಬು ಅವರ ಜನ್ಮದಿನ ಎಂದು ಹೇಳಲಾಗುತ್ತದೆ.,neutral
ಅವರು ಇದನ್ನು ಬರೆಯುತ್ತಿದ್ದರು ಆದರೆ ಸಂಬಳವು ಹಣಕ್ಕಿಂತ ಹೆಚ್ಚಿಲ್ಲ ಆದ್ದರಿಂದ ಈಗ ...,neutral
ವರ್ಷವಾದರೂ ಕಾಮಗಾರಿ ಆರಂಭವಾಗಿಲ್ಲ...,sad
"ಏನ್ ಬಪ್ಪಾ, ಮತ್ತೆ ಮತ್ತೆ ನನ್ನ ಪಂಚಾಯ್ತಿ ಮಾಡ್ತೀಯಾ?",sad
ಇದು ಒಂದು ಮೂರ್ಖ,angry
"ಬಿಜೆಪಿ ವಿರುದ್ಧ ಎಲ್ಲ ಪಾಕೆಟ್ ಪತ್ರಕರ್ತರು ಒಗ್ಗೂಡಿರುವುದರಿಂದ, ಇಲ್ಲ",angry
"ಈ ಶೀತ ಮಹಿಳೆ ತಲೆಯ ಮೇಲೆ ಮಲಗಿದ್ದಾಳೆ, ಈ ಸಮಯದಲ್ಲಿ ಅವಳ ಆರೋಗ್ಯವು ಹದಗೆಡುತ್ತಿದೆ",angry
"ಸಿಗ್ನಲ್ ಸಿಗದಿರುವುದು ಕೆಟ್ಟ ಸಂಕೇತ. ಕಳ್ಳ, ದೇಶದ್ರೋಹಿ, ಫಿತೂರ್, ಪೆಟ್ಟಿಗೆಗಳು.. ಜೈ ಮಹಾರಾಷ್ಟ್ರ..",angry
ಅದು ಕೊಲ್ಹಾಪುರವೋ ಅಥವಾ ಅಂಧೇರಿಯೋ ಗೊತ್ತಿಲ್ಲ,neutral
ಗೂರ್ಖಾ ಮತ್ತು ಪ್ರಾಮಾಣಿಕರ ಸಮೀಕರಣ ಸದಾ ಮನದಲ್ಲಿ ಉಳಿಯುತ್ತದೆ..! ಇಂದು ನೀಲ್ ತಂದೆ ಈ ಎಳೆಯನ್ನು ಮುರಿದರು,angry
ಈಗ ಉದ್ಧವ್ ಐಸ್ ಕ್ರೀಮ್ ತಿನ್ನುವ ದಿನಗಳು ಬಂದಿವೆ.,angry
"ಜ್ಯೋತಿಯ ಜ್ವಾಲೆಯನ್ನು ಅನುಭವಿಸಿದರು, ಬಿಲ್ಲು ಮತ್ತು ಬಾಣದ ಚಿಹ್ನೆಯನ್ನು ತಂಪಾಗಿಸುವ ವಿನಮ್ರ ಕೆಲಸವನ್ನು ಮಾಡಿದರು, ಈಗ ಕರ್ಮದ ಫಲವನ್ನು ಆನಂದಿಸಿ.",angry
ಸಂತ್ರಸ್ತೆಯ ಸ್ಥಿತಿ ಮುಂದುವರಿದಿದೆ,sad
"ಸ್ಟಂಪ್ ಮೈಕ್ ಬಳಿ ದುರುಪಯೋಗಪಡಿಸಿಕೊಳ್ಳುವುದು ನಾಯಕನಿಗೆ ದುಬಾರಿಯಾಗಿದೆ, ಈಗ ಅವರು ವಿಶ್ವಕಪ್‌ನಿಂದ ಹೊರಗುಳಿಯಬಹುದು!",happy
ತುಂಬಾ??? ನೀವು ನಿಷ್ಠಾವಂತ ಭಕ್ತ ಎಂದು ನಾನು ಭಾವಿಸುತ್ತೇನೆ.,neutral
ಅರೇ ರಾಜಕೀಯವೇ ಹೀಗೆ...ರಾಜಕಾರಣಿಗಳಿಗೆ ಸಂಪ್ರದಾಯ... ತೆರೆಮರೆ... ಬೆನ್ನಿಗೆ ಚೂರಿ ಹಾಕುವುದು... ಇತ್ಯಾದಿ ವಿಷಯಗಳು ಗೌಣ.,angry
ಈ ಸರ್ಕಾರ ಕೈಕೊಟ್ಟಿದ್ದರಿಂದಲೇ ಈ ದೇಶದಲ್ಲಿ ಇದೆಲ್ಲ ನಡೆಯುತ್ತಿದೆ.,angry
ಅವರು ಕೆಲಸ ಮಾಡಿದರೆ ನೀವು ಅವರನ್ನು ಏಕೆ ವಿರೋಧಿಸುತ್ತೀರಿ?,neutral
"ಹಾಗಾದರೆ ದೇಗಳೂರು, ಪಂಢರಪುರ, ಕೊಲ್ಹಾಪುರ ಮಹಾರಾಷ್ಟ್ರದ ಹೊರಗಿದೆಯೇ?",neutral
"ನಿಮಗೆ ಏನಾದರೂ ತೊಂದರೆ ಇದೆಯೇ, ಅವರು ಮನುಷ್ಯರೇ ಅಥವಾ ಇಲ್ಲವೇ?",neutral
"ನೀವು ಕಳೆದುಕೊಳ್ಳುವಿರಿ ಎಂದು ತೋರುತ್ತಿರುವಾಗ, ನೀವು ಸಹಾನುಭೂತಿ ಪಡೆಯಲು ಪ್ರಯತ್ನಿಸುತ್ತಿದ್ದೀರಿ",angry
ದುರಾಶೆ ಇರುತ್ತದೆ ಮತ್ತು ವಿನಾಶವೂ ಇರುತ್ತದೆ,angry
"ಕೊನೆಗೆ ಇದನ್ನೇ ಹೇಳಬೇಕು, ಈಗ ಉದ್ಧವ್ ಕಾಯಬೇಕು ಎಂದು ಒಳಗಿರುವ ವ್ಯಕ್ತಿ ಕಳೆದುಹೋಗಿದ್ದಾನೆ",sad
ಇದು ಯಾವ ಕೋನದಿಂದ ವಿದ್ಯಮಾನವನ್ನು ಧ್ವನಿಸುತ್ತದೆ?,angry
ಮೀಟರ್ ಇಲ್ಲದೆ ರಿಕ್ಷಾ ಓಡುವುದು ಪುಣೆಯ ಮತ್ತೊಂದು ವಿಶೇಷ,angry
"ಮರಾಠಿಯಲ್ಲಿ ಮಾಹಿತಿ ನೀಡಿ. ಇದು ಮಹಾರಾಷ್ಟ್ರ, ಬಿಹಾರ ಅಲ್ಲ.",angry
"ಮೊದಲು ಮುತಾರ ಸಿಡಿಯುತ್ತದೆ, ನಂತರ ವಂಗೇವಾಲಿ ಚಿಕ್ಕಮ್ಮ ಎಸ್ಪಿ ಗ್ರೂಪ್ ಅಧ್ಯಕ್ಷರಾಗುತ್ತಾರೆ...!!",angry
"ಹಿಂದೂ ಧರ್ಮದಲ್ಲಿ ಅನೇಕ ಸಂತರು ಇದ್ದಿರಬಹುದು, ಆದರೆ ಯಾರೂ ಅಂತಹ ಸುಳ್ಳುಗಾರರಾಗಿರಲಿಲ್ಲ.",angry
"ಹಳೆಯ ಸೇತುವೆಯ ರಸ್ತೆಯ ಸ್ಥಿತಿ ಹದಗೆಟ್ಟಿದೆ, ಆದರೆ ಈಗ ಸಂಚಾರ ಚಲಿಸುತ್ತದೆ.",sad
ಬಾಯಿ ಇದೆಯೇ?,angry
ನಿಮಗೆ ಬಹಳಷ್ಟು ಸಿಗುತ್ತದೆ..,neutral
"ರೋಜರ್ ಫೆಡರರ್ ಅವರ ಹೇಳಿಕೆ, ""ನಿವೃತ್ತಿ ಯೋಜನೆಗಳು ಕುಸಿಯುವ ಹಂತದಲ್ಲಿದ್ದವು ಆದ್ದರಿಂದ ನಾನು ನನ್ನ ನಿವೃತ್ತಿಯನ್ನು ತರಾತುರಿಯಲ್ಲಿ ಘೋಷಿಸಿದ್ದೇನೆ.""",neutral
ಕೃಷಿ ಉತ್ಪನ್ನಗಳಿಗೆ ಬೆಲೆ ಸಿಗದಿದ್ದರೆ ರೈತರು ಎಲ್ಲಿಗೆ ಹೋಗಬೇಕು? ಮಾಲ್‌ನಲ್ಲಿ ಏಕೆ?,sad
ಸಂಸ್ಕೃತಿ ಉಳಿಸಬೇಕಾದರೆ ಭಾಲ್ಕೆಯನ್ನು ಸಹೋದರನನ್ನಾಗಿ ಮಾಡಿದ್ದು ಏಕೆ?,sad
ಅವರು ಮುಖ್ಯಮಂತ್ರಿಯಾಗಲು ಈ ಬಂಡಾಯ ಎಸಗಿದ್ದು ಎಲ್ಲ ಕಡೆಗೂ ಗೊತ್ತಿದೆ,angry
ಮೊನ್ನೆ ಹಳ್ಳಿ ವಿಷಕಾರನನ್ನು ಭೇಟಿ ಮಾಡಿದ್ದು ಕಡಿಮೆಯೇ?,angry
ಶಿಂಧೆ ಗುಂಪು ಮತ್ತು ಕಮಲಾಬಾಯಿ ಹೆದರಿ ಧ್ವನಿಯನ್ನು ಹತ್ತಿಕ್ಕಲು ಪ್ರಯತ್ನಿಸುತ್ತಿದ್ದಾರಾ...,angry
ನಾವು ನಿಮಗೆ ನೀಡಬೇಕೇ ... ಕಪ್ಪು ಮೊಡವೆ ಹೊಂದಿರುವ ಮಹಿಳೆ,angry
ಸದಾ ಗೊಂದಲದಲ್ಲೇ ಇರುತ್ತಿದ್ದ ಈ ರಾಜ್ ಠಾಕ್ರೆ ನನಗೆ ಇಷ್ಟವಾಗಲಿಲ್ಲ.,angry
ಇದನ್ನೇ ನೀವು ಪ್ರೀತಿ ಎಂದು ಕರೆಯುತ್ತೀರಾ? ಆದ್ದರಿಂದ ಬಯೋದಿಂದ ಇಬ್ಬರೂ ಪುರುಷರು ಎಂದು ತೋರುತ್ತದೆ,happy
ಭಕ್ತರು ಎಲ್ಲಿ ಸತ್ತರು ಮತ್ತು ಅವರು ಈ ಕಿಡಿಗೇಡಿಗಳ ವಿರುದ್ಧ ಏಕೆ ಮಾತನಾಡುತ್ತಾರೆ?,angry
ಜಗತ್ತು ಹೆಚ್ಚು ಕಾಲ ಉಳಿಯುವುದಿಲ್ಲ,sad
"ಎಣ್ಣೆ ಹೋಯಿತು, ತುಪ್ಪ ಹೋಯಿತು, ಆನೆ ಕಳ್ಳತನವಾಯಿತು.",angry
"ನಂತರ ""ಕಜ್ಜಿ"" ಎಂಬ ಪದವು ಎಷ್ಟು ತುರಿಕೆ ಸಂಭವಿಸಿದೆ ಎಂಬುದರ ಸೂಚನೆಯಾಗಿದೆ.",angry
ಇದರರ್ಥ ನೀವು ಅದಕ್ಕೆ ಯೋಗ್ಯರಲ್ಲ,angry
ಇದು ಸ್ವಾರ್ಥ ಮತ್ತು ಬೂಟಾಟಿಕೆಯ ಹಿಂದುತ್ವ,angry
ಚುನಾವಣಾ ಆಯೋಗವನ್ನು ಖರೀದಿಸಲಾಗಿದೆಯೇ?,angry
ಇದು ದೇಶದ ಸಮಸ್ಯೆ.,angry
ಚುನಾವಣೆ ನಡೆಯುವುದಾದರೆ. ಸಾಮಾನ್ಯ ಜ್ಞಾನವು ಮಾರಾಟವಾಗಿದೆಯೇ? ಇನ್ನೂ ಅಭ್ಯರ್ಥಿ,angry
ಜಿಲ್ಲಾ ಬ್ಯಾಂಕ್ ಚುನಾವಣೆಯಲ್ಲಿ ಸೋತರು ಎಂದು ಯಾರು ಹೇಳುತ್ತಿದ್ದಾರೆ?,angry
ಬೆಲ್ ಆಕಾರದ ಪರಿಣಾಮ. ಈ ಮೊದಲು ಹಲವು ದೇಶಗಳು ಸಾಕಷ್ಟು ನೀಡಿವೆ.,neutral
"ಓಹ್, ನಾನು ಸಂದೀಪ್ ಲಾಚಾರ್..",angry
"ಏನು ವಿಷಯ, ನೀವು ಕಮಲಿಯನ್ನು ಮರುಳು ಮಾಡಲು ಪ್ರಯತ್ನಿಸುತ್ತಿದ್ದೀರಾ? ಮರಾಠಿ ( ? ) ಅರ್ನು.",angry
ಮಹಾರಾಷ್ಟ್ರದ ಜನರು ನಿಮ್ಮ ಭಾಷೆಯನ್ನು ನೋಡಿದ್ದಾರೆ ಆದ್ದರಿಂದ ಸಲಹೆ ನೀಡಬೇಡಿ,angry
ಬಿಜೆಪಿ ಮತ್ತು ದೇಶದ್ರೋಹಿಗಳ ಪರಮಾವಧಿ. ಲಂಚ ಕೇಳುವ ದೂರು ಬಂದರೆ ಏನು ಮಾಡಬೇಕು.,angry
ರಾಹುಲ್ ನಮ್ಮ ಪಕ್ಷದಲ್ಲಿದ್ದಾರಾ?,angry
ಅಂತಹವರು ಮಾತ್ರ ಪಕ್ಷವನ್ನು ನಡೆಸುತ್ತಾರೆ! ಪ್ರಜಾಪ್ರಭುತ್ವ ಇಲ್ಲ!!,angry
"ಫೋಟೋವನ್ನು ಇರಿಸಿ ಆದರೆ ಬಿಟ್ಟುಕೊಡಬೇಡಿ, ಮೊಣಕಾಲುಗಳಲ್ಲಿ ಮಿದುಳುಗಳನ್ನು ಹೊಂದಿರುವ ಪೆಂಗ್ವಿನ್ಗಳು?",angry
ಮಾತನಾಡುವುದು ಒಂದು ಮಾಡುವುದು ಇನ್ನೊಂದು...,angry
ನೀನು ಹೇಳುವುದು ನಿನ್ನ ತಂದೆಯ ಸಂಪತ್ತೇ? ಈಗ ಬಿಡಿ,angry
ಹೀಗೆ ಹೇಳಿದ ಮೇಲೆ ಶ್ರಾದ್ಧ ಮಾಡುವ ಸಮಯ ಬಂದಿತು.,sad
ನಿಮ್ಮ ಸರ್ಕಾರವೂ ಸಿಕ್ಕಿಹಾಕಿಕೊಂಡಿದೆ. ಮತ್ತು ಅತುಲ್ ಜಿ ತಕ್ಷಣವೇ ಬರುತ್ತಾರೆ.,sad
"ಆ ಪುಟ್ಟ ಬಂದೂಕ್ ಕೆಟ್ಟದಾ, ಇಷ್ಟು ಮಾತಾಡ್ತಾನೆ...??",angry
ಇದು ನ್ಯೂನತೆಯಾಗಿ ಹೊರಹೊಮ್ಮಿತು,angry
"ಈ ಪೋಸ್ಟ್‌ನಲ್ಲಿ ನಿಮ್ಮ ವಿಳಾಸವನ್ನು ಸಹ ಅಳಿಸಲಾಗಿದೆ, ಮೊದಲು ನೀವು ಅಲ್ಲಿ ವಾಸಿಸುತ್ತಿದ್ದೀರಾ ಅಥವಾ ಇಲ್ಲವೇ ಎಂಬುದನ್ನು ಪರಿಶೀಲಿಸಿ",angry
ಪ್ರಜಾಸತ್ತಾತ್ಮಕವಾಗಿ ಚುನಾಯಿತರಾದವರು...ಬೆರಳುಗಳ ಮೇಲೆ/ತೆರೆಮರೆಯಲ್ಲಿ/ಹಿಂಬಾಗಿಲು/ಮತಗಳ ಮೇಲೆ ಉಗುಳುವುದರಿಂದ ಅಲ್ಲ.,happy
ಪುಣೆಯಲ್ಲಿ ರಸ್ತೆಗಳಿವೆಯೇ?,angry
"ಚಿಕ್ಕಪ್ಪ ಮತ್ತು ಸೋದರಳಿಯನನ್ನು ಸಹ ಆಹ್ವಾನಿಸುವುದಿಲ್ಲ, ಆದ್ದರಿಂದ ಮೊಮ್ಮಗನ ಹೊಟ್ಟೆ ಉಬ್ಬುತ್ತದೆ.",sad
ಹಾಂ ಇದು ಅಪೂರ್ಣ ಎನಿಸುತ್ತಿದೆ.,sad
ಮೆಹಬೂಬಾ ಮುಫ್ತಿ ಜೊತೆಗಿನ ಮೈತ್ರಿಯಲ್ಲಿ ಕತ್ತೆ ಹುಲ್ಲು ತಿಂದಿದೆಯೇ?,angry
ಬಾಪು ಅವರು ಐನೂರು ಮತಗಳಿಂದ ಆಯ್ಕೆಯಾದವರು ಎಂಬುದನ್ನು ಕೆಲವೊಮ್ಮೆ ಮರೆತುಬಿಡುತ್ತಾರೆ,angry
ಅವನು ತನ್ನ ಬಾಸ್ ಬಗ್ಗೆ ಕಾಳಜಿ ವಹಿಸುವ ಮೂರ್ಖ.,angry
"ಅರೇ, ಇವನು ತನ್ನ ಯಜಮಾನನನ್ನು ಹೆದರಿಸಿದ ಬ್ರಿಜಭೂಷಣನೇ?",happy
ನಾನು ಈಗ ನಿರ್ಬಂಧಿಸಲು ಆಯಾಸಗೊಂಡಿದ್ದೇನೆ,angry
'ದುರ್ಬಲ ಸೋಲು' ಎಂಬ ಪದವು ತಪ್ಪು ಹೆಸರು ಎಂದು ತೋರುತ್ತದೆ. ಇಲ್ಲಿಯವರೆಗೆ ಖರ್ಗೆ ಅವರ ಗೆಲುವು ಸಮರ್ಥನೀಯವಾಗಿತ್ತು.,neutral
"ಓಹ್, ದೀಪಾವಳಿಯವರೆಗೆ ಹೆಚ್ಚಿನ ಜನರು ಈ ಮಳೆಗಾಗಿ ಕಾಯುತ್ತಾರೆ ...",sad
. ಏಕೆಂದರೆ ಹಿಂದೂಗಳನ್ನು ದ್ವೇಷಿಸಲು ಈಗಾಗಲೇ ನಿರ್ಧರಿಸಲಾಗಿದೆ,angry
"ಇದನ್ನು ಕೇಳಿದ ನಂತರ ನನ್ನ ಕಿವಿಯೋಲೆಗಳು ಸಿಡಿದವು, ಸಹೋದರ.",happy
"ಮುಚ್ಚಿದ ಶಾಲೆ ತೆರೆಯಲು ‘ಕಚೇರಿ ತೆಗೆದುಕೊಳ್ಳಿ, ಮೇಕೆ ಕೊಡಿ’ ಚಳವಳಿ",angry
ಬಾಳಾ ಸಾಹೇಬರ ಹೆಸರು ಹೇಳಲು ದೇಶದ್ರೋಹಿಗಳು ಯೋಗ್ಯರಲ್ಲ.,angry
ಈಗ ಮನೆಯಲ್ಲಿ ಕುಳಿತು ಅಥವಾ ಅಳಲು ಮತ್ತು ಕನಿಷ್ಠ ಸಹಾನುಭೂತಿ ನಿರೀಕ್ಷಿಸಿ,sad
ಲಯ ಸಂಕೀರ್ಣ ರಾವ್...,sad
ನೀವು ಗುಜರಾತಿ ಅಥವಾ ಹೈಬ್ರಿಡ್ ಪ್ರಾಣಿಯೇ?,angry
ಮಹಾಶಕ್ತಿಯ ಬೆಂಕಿ ಉಗುಳುವ ಸೂರ್ಯನನ್ನು ಈಗ ಇಡಿ ನೇತಾಡುವ ಕತ್ತಿಯಿಂದ ಬದಲಾಯಿಸಲಾಗಿದೆ.,angry
"ಮತ್ತು ಸಮಾನ ಮನಸ್ಕರನ್ನು ನಾವು ಕಾಣದಿದ್ದರೆ, ಅದು ಪ್ರಪಂಚದ 'ಮಣ್ಣು' ಆಗುತ್ತದೆ...",sad
"ಕಾಂಗ್ರೆಸ್‌ನ ನೂತನ ಅಧ್ಯಕ್ಷ ಮಲ್ಲಿಕಾರ್ಜುನ್‌ಗೆ ‘ಈ’ ಖಾಯಿಲೆ, ಶಸ್ತ್ರ ಚಿಕಿತ್ಸೆಯೇ ಆಗದಿರುವಷ್ಟು ನೋವು!",angry
MH ಗೆ ನೀವು ಯಾರೆಂದು ತಿಳಿದಿಲ್ಲ ಮತ್ತು ನೀವು ಹೇಳುತ್ತಿರುವುದನ್ನು ಸ್ವೀಕರಿಸುವುದಿಲ್ಲ,angry
ಈ ವಾಕ್ಯ ಕೇಳಿ ನೀರಜ್ ಚೋಪ್ರಾ ಭಯಗೊಂಡಿರಬೇಕು. ಈಗ ಅವರ ವೃತ್ತಿಜೀವನ ಅಪಾಯದಲ್ಲಿದೆ.,fear
ವಿಷಯದ ಅಂತ್ಯ ... ಮಾರುಕಟ್ಟೆ ಹೆಚ್ಚಾಗಿದೆ ಎಂದು ಭಾವಿಸೋಣ ...,neutral
"ಯಾವುದೇ ಆಯ್ಕೆ ಇಲ್ಲ, ಅವರು ಬಲವಂತವಾಗಿ ಚಪ್ಪಾಳೆ ತಟ್ಟುತ್ತಾರೆ",sad
"ಇದು ನಾಯಿಯ ಸಾಮರ್ಥ್ಯವನ್ನು ಆಧರಿಸಿಲ್ಲ, ಆದರೆ ತಳಿಯ ಮೇಲೆ",angry
ಈ ಗ್ರಾಮಕ್ಕೆ ಈಗಾಗಲೇ ಭೂಕಂಪದ ಆಘಾತಗಳು ತಟ್ಟಿವೆ!,happy
ಬೆಲ್ಸ್ ಸಹೋದರನ ಬಗ್ಗೆ ನಿಮಗೆ ಸಾಕಷ್ಟು ಉತ್ಸಾಹ ಮತ್ತು ಜ್ಞಾನವಿದೆ,neutral
ಅತ್ಯಂತ ದುಃಖಕರ ವಿಷಯವೆಂದರೆ ಒಂಟಿತನ,sad
"ಏನಾಯಿತು ಅಥವಾ ಏನಾಗಬಹುದು ಎಂಬ ಚಿಂತೆ ಹೃದಯದ ನೋವನ್ನು ಹೆಚ್ಚಿಸುತ್ತದೆ, ಆತ್ಮವಿಶ್ವಾಸವಲ್ಲ.",sad
ಇದು ಯಾವುದೋ ಮಹಾಶಕ್ತಿಯ ಕೈವಾಡವಂತೆ ಭಾಸವಾಗುತ್ತಿದೆ,happy
ಭಕ್ತರಿಗೆ ಮತ್ತು ಅವರ ತಂದೆಗೆ ಈಗ ತಿಳಿದಿದೆಯೇ????,happy
ಪ್ರಾಣಿಯಿಂದ ಮಾನವನ ಹರಡುವಿಕೆ ಮತ್ತು ಎರಡೂ ಹೆಚ್ಚಾಗಿದೆ!!!,happy
‘ನಾವು ಕಡಿಮೆ ಬೆಲೆಗೆ ಪೆಟ್ರೋಲ್ ಮಾರಾಟ ಮಾಡುತ್ತೇವೆ’ ಎಂಬ ಫಲಕ ಹಾಕಿ ಪೆಟ್ರೋಲ್ ಪಂಪ್ ಬಂದ್ ಮಾಡಿ ಹೊರಟು ಹೋದರು.,angry
ಗುಂಡುಗಳು ಮುಗಿದು ಹೋಗಿವೆಯೇ...ನವನೀತ್ ರಾಣಾ ಅವರ ಹೆಸರನ್ನು ನೇರವಾಗಿ ಸೇರಿಸಬೇಕು...ಇದರಲ್ಲಿ ಭಯಪಡಬೇಕಾದ್ದೇನು?,angry
ನಿದ್ದೆಯಲ್ಲೂ ಠಾಕ್ರೆಯನ್ನು ನೋಡುವಷ್ಟು ಠಾಕ್ರೆ ಏಕೆ ಹೆದರುತ್ತಾರೆ?,fear
ನಿಮ್ಮ ಭಾವನೆಗಳಿಗೆ ನೋವುಂಟುಮಾಡಿದರೆ ಏನು ತಿನ್ನಬೇಕು ಎಂಬ ಪ್ರಶ್ನೆ,angry
ಏನ್ ಚಿಕ್ಕಮ್ಮ ನಿಮ್ಮ ಚಿಕ್ಕಮ್ಮನ ಮರಿ ಇಷ್ಟು ಚಿಕ್ಕದಾಗಿದೆ..!!,angry
ತನ್ನ ಚಿತ್ರಹಿಂಸೆಯ ಅಪರಾಧವನ್ನು ಹಿಂದಕ್ಕೆ ತೆಗೆದುಕೊಳ್ಳಲು ಒಬ್ಬ ವ್ಯಕ್ತಿಯನ್ನು ಕೆಟ್ಟದಾಗಿ ಥಳಿಸಲಾಯಿತು,angry
"ಎಲ್ಲರೂ ಉತ್ಸಾಹ ಮತ್ತು ನಂಬಿಕೆಯಿಂದ ತುಂಬಿರುತ್ತಾರೆ, ಆದರೆ ಒಳಗೆ ನಿರುದ್ಯೋಗದ ಭಯವೂ ಇದೆ.",fear
"ಇದು ಬೇರೇನೂ ಅಲ್ಲ, ಕೆಲವು ಹೆಂಡತಿಯರು ತಮ್ಮ ಭ್ರಷ್ಟ ಗಂಡನನ್ನು ಉಳಿಸಲು ಪಕ್ಷಗಳನ್ನು ಬದಲಾಯಿಸುತ್ತಾರೆ.",angry
"ಆರ್‌ಎಸ್‌ಎಸ್ ಒಂದು ಹುಳು ಮತ್ತು ಅದನ್ನು ಸಂಪೂರ್ಣವಾಗಿ ನಾಶಪಡಿಸಬೇಕು, ಐಟಿಐ ಸರ್.",angry
ಯಾವುದೇ ಮಾರ್ಗವಿಲ್ಲ,neutral
"ಆಗ ಅತುಲ್ ಜೀ ಹೇಳುತ್ತಿದ್ದರು, ನಮಗೆ ಪ್ರತ್ಯೇಕ ಪಕ್ಷದ ನಾಯಕ ಮತ್ತು ಮುಖ್ಯಮಂತ್ರಿ ಬೇಕು... ಹಾಗಾದರೆ ಈಗ ಏನು ಸಮಸ್ಯೆ...",angry
ಏಕೆಂದರೆ ಈ ಆಲೋಚನೆ ಬರುವುದು ಸಂಘಿ ಭಾದವರ ಮನಸ್ಸಿನಲ್ಲಿ ಮಾತ್ರ.,angry
ನಿಮ್ಮಂತಹ ವಂಚಕರನ್ನು (ಬಿಜೆಪಿ) ನಂಬುವುದಕ್ಕಿಂತ ನ್ಯಾಯದ ದೇವರನ್ನು ನಂಬುವುದು ಎಂದಿಗೂ ಉತ್ತಮವಲ್ಲ ಎಂದು ದೇಶದ್ರೋಹಿಗಳು ತಡವಾಗಿ ಕಲಿತರು!!!!,angry
ಇದು ಒತ್ತಾಯ ಮತ್ತು ಒತ್ತಡವೇ????,sad
ಮತ್ತೊಬ್ಬ ಭವಿಷ್ಯದ ಪ್ರಧಾನಿ ಸಿಕ್ಕರು ಮತ್ತು ಜನರು ಬೆಸ್ ಶೆಯಾಮ್ ಅನ್ನು ಮರೆತಿದ್ದಾರೆ.,angry
ನಿಮ್ಮ ಮಿತ್ರರೆಲ್ಲ ನಿಮ್ಮನ್ನು ಕೈಬಿಟ್ಟಿರುವ ನಿಮ್ಮ ಹಿಂದುತ್ವ ಏಕೆ?,angry
"ಉಳಿದ ಸೈನ್ಯದಲ್ಲಿ ಒಬ್ಬನೇ ಪಪ್ಪು ಇದ್ದಾನೆ ಎಂದುಕೊಂಡೆ... ಇಲ್ಲಿ ಅವನ ""ತಂದೆ"" ಕೂಡ ಮತ್ತೊಬ್ಬನಾಗಿ ಹೊರಹೊಮ್ಮಿದ...",angry
ಬಾಳಾಸಾಹೇಬರ ಹೆಸರು ಹೇಳಿಕೊಳ್ಳಲು ಬಿಜೆಪಿಗೆ ಅರ್ಹತೆ ಇಲ್ಲ,angry
ಇದರರ್ಥ ಭಾರತದಲ್ಲಿ ನಿರುದ್ಯೋಗ ಎಂದಲ್ಲ ಆದರೆ ಭಾರತೀಯರು ನಿರುದ್ಯೋಗಿಗಳಾಗಿದ್ದಾರೆ.,angry
ಈಗ ಈ ಬಿಕ್ಕಟ್ಟಿನ ಸಮಯದಲ್ಲಿ ಹನುಮಾನ್ ಚಾಲೀಸಾವನ್ನು ಪಠಿಸಲಾಗುವುದು.,neutral
ಬಾಳಾಸಾಹೇಬರಿಗೆ ನಪುಂಸಕರು ಯಾರೆಂದು ಮೊದಲೇ ತಿಳಿದಿತ್ತು,happy
ಏರ್ ಇಂಡಿಯಾ ಗುಜರಾತ್‌ಗೆ ಹೋಗಿ ಆಟಿಕೆ ಬಸ್ ಅನ್ನು ಹಸ್ತಾಂತರಿಸಿದ್ದು ದಿನವನ್ನು ಉತ್ತಮಗೊಳಿಸಿತು,angry
ಬಡ ಹುಡುಗಿಯನ್ನು ಅವರವರೇ ಅಮಾನತು ಮಾಡಿದರು... ಮೋತಿ ಮೂಗಿಗಿಂತ ಭಾರವಾಗುತ್ತಿದ್ದಳು...,sad
ವಾಗ್ಲ್ಯನ ಡಿಂಗಿ ಅಡಿಯಲ್ಲಿ ಮೆಣಸಿನಕಾಯಿ ಇರುತ್ತದೆ ಎಂಬ ಉತ್ತರವನ್ನು ಓದಲು ಬಂದಿತು.,angry
"ಮುಂಗಾರು ಮಳೆ ಬಂದರೆ ಹಾವು ಹೊಂಡದಿಂದ ಹೊರಬರುತ್ತದೆ, ಚುನಾವಣೆ ಬಂದಾಗ ನಾಯಕರು ಹಳ್ಳದಿಂದ ಹೊರಬರುತ್ತಾರೆ.",angry
ನೀವು ಯಾವಾಗ ಎಚ್ಚರಗೊಳ್ಳುವಿರಿ?,angry
ಅವರು ಸಾವರ್ಕರ್ ಅವರನ್ನು ದೇಶದ್ರೋಹಿ ಎಂದು ಕರೆದರು. ಇದು ನಿಜವೇ?,happy
"ಎತ್ತಿನ ಗಾಡಿಗೆ ಕಟ್ಟಿರುವ ಗೂಳಿಗಳಲ್ಲಿ ಒಂದು ತುಂಟತನ ತೋರಿದರೆ, ಉಳಿದವುಗಳಿಗೆ ವಿಪರೀತ ಕೋಪ ಬರುತ್ತದೆ.",sad
ಮಾತಿನಲ್ಲಿ ಬ್ರಾಹ್ಮಣ ಜಾತಿಯ ಹೆಸರು ಎತ್ತಿದಾಗ ಅಭಿವ್ಯಕ್ತಿ ಮುಕ್ತವೇ?,angry
ನಿಮ್ಮನ್ನು ಬಾಳಾಸಾಹೇಬ್ ಠಾಕ್ರೆಯೊಂದಿಗೆ ಹೋಲಿಸುವುದು ಸೂಕ್ತವೇ...,angry
ಮೊದಲು ಬರುವುದನ್ನು ನೋಡಿಕೊಳ್ಳಿ. ರಾಜ್ಯದ ಬಗ್ಗೆ ಚಿಂತಿಸಬೇಡಿ,neutral
ಜನರನ್ನು ಉತ್ಪ್ರೇಕ್ಷಿತ ರೂಪದಲ್ಲಿ ಪ್ರಸ್ತುತಪಡಿಸುವುದು ಮಾಧ್ಯಮದ ತಂತ್ರವಾಗಿದೆ.,angry
ಈ ಸಗಣಿ ನಿರುಪಯುಕ್ತವಾಗಿದೆ.,angry
"ಮನೆಯಲ್ಲಿ ಕುಳಿತುಕೊಳ್ಳಿ, ಮಿಂಡೆ ಗ್ರೂಪ್ ನಿಮ್ಮ ವಿಳಾಸವನ್ನು ಹ್ಯಾಕ್ ಮಾಡಲು ಹೊರಟಿದೆ.",angry
ಇದು ಚುನಾವಣೆಯಲ್ಲ... ಇದು ಯುದ್ಧ... ಧರ್ಮಯುದ್ಧ... ಹಿಂದೆ ಸರಿಯುವುದಿಲ್ಲ...,angry
ಇತರ ಜನರ ಮೇಲೆ ಸ್ನ್ಯಾಪ್ ಮಾಡುವುದು ಮತ್ತು ಸಂವಹನ ಮಾಡುವುದು ಸಹ ಪ್ರಯೋಜನಕಾರಿಯಲ್ಲ,angry
ನೀವು ದಡ್ಡರೇ?,angry
ಕನಿಷ್ಠ ಕತ್ತೆಗೆ ಸ್ವಲ್ಪ ಕೆಲಸವಿದೆ. ಇದು ಹಸಿವು ಮತ್ತು ಆಹಾರದ ಬಾಯಾರಿಕೆಯ ತೂಕ,neutral
ಈಗ ಸಹಕಾರಿ ಸಂಘಗಳ ಚುನಾವಣೆಯ ಕದನ ಆರಂಭವಾಗಲಿದೆ,neutral
ಆ ಆರು ಜಿಲ್ಲೆಗಳಲ್ಲಿ ಅರ್ಹರು ಇದ್ದಾರೆಯೇ?,neutral
ಈಗ ನಾನಾ ಸಹ ಬದಿಯಲ್ಲಿರುತ್ತಾನೆ ... ಅವರು ಸಾಕಷ್ಟು ಮುನ್ನಡೆ ಸಾಧಿಸುತ್ತಿದ್ದರು.,sad
ನೀವು ಸ್ವಲ್ಪ ದೀಪಗಳನ್ನು ಬೆಳಗಿಸಿ ಮುಂದಿನ ಎರಡು ವರ್ಷಗಳ ಕಾಲ ಠಾಕ್ರೆಯವರ ಹೆಸರನ್ನು ಜಪಿಸುತ್ತೀರಾ?,angry
"ಸಹೋದರಿ, ನೀವು ನೆಗೆಯಲು ಸಾಧ್ಯವಿಲ್ಲ",angry
ಹೀಗೆ ಹೇಳುವ ಮೂಲಕ ನೀವೇ ವ್ಯಭಿಚಾರಿ ಎಂದು ಬಹಿರಂಗಪಡಿಸಿದ್ದೀರಿ...,angry
ಅದಕ್ಕಿಂತ ದುರದೃಷ್ಟಕರ ಸಂಗತಿಯೆಂದರೆ ಚಪ್ಪಾಳೆ ಕೂಡ ಇತ್ತು.,sad
ಅವರು ಎಷ್ಟು ಸುಳ್ಳು ಹೇಳುತ್ತಾರೆ ನೋಡಿ. ನೀವು ಕನಿಷ್ಠ ಟ್ವೀಟ್ ಮಾಡಬೇಕು,angry
ಮೊದಲು ತಂದೆಗೆ ತೋರಿಸದಿದ್ದರೆ ಆ ಹುಡುಗನಿಗೆ ಶ್ರಾದ್ಧ ಮಾಡಲು ಹೇಳು.,angry
ಬಜಾರ್ ಜನತಾ ಪಕ್ಷದ ನಾಯಕರು ಯಾಕೆ ಒಳ್ಳೆಯವರು?,angry
"ಅಷ್ಟೇ ಅಲ್ಲ, ಪಕ್ಷಪಾತವೂ ಆಗಿದೆ",angry
ಈಗ ಇದು ಏನು? ತುಂಬಾ ನಿರಾಶೆ ?? ಇನ್ನೂ ಜನರೊಂದಿಗೆ ಮಾತನಾಡುತ್ತಿದ್ದಾರೆ. ಸ್ವಲ್ಪ ಚಿಕಿತ್ಸೆ ಪಡೆಯಿರಿ.,sad
ಈ ಜನರು ತಮ್ಮ ಸಾಮಾನ್ಯ ಜ್ಞಾನವನ್ನು ಅಡಮಾನವಿಟ್ಟಿದ್ದಾರೆಯೇ? ಜನರು ಮೂರ್ಖರು ಎಂದು ನೀವು ಭಾವಿಸುತ್ತೀರಾ?,angry
"ದಂಡಾ ತೈ, ನಿಮ್ಮ ಚಿತ್ರವು ಬೆಕ್ಕಿನಂತಾಗುತ್ತದೆ.",angry
"ಶಿವಸೇನಾ ಪಕ್ಷದ ಮುಖ್ಯಸ್ಥ ಶ್ರೀ ಉದ್ಧವ್ ಬಾಳಾಸಾಹೇಬ್ ಠಾಕ್ರೆ ಅವರು ತಮ್ಮ ತಂದೆಯವರಲ್ಲ, ಬೇರೆಯವರ",angry
ಸದ್ಯ ಅವರು ಮುನ್ನಡೆಯಲ್ಲಿದ್ದಾರೆ. ನಿರ್ಗುಡ್ಕರ್ ನಿವೃತ್ತರಾದರು ಮತ್ತು ಅವರೊಂದಿಗೆ ಬೆಲೆಯೂ ಹೋಯಿತು.,angry
"ವಾಸ್ತವವಾಗಿ, ಈ ಹೇಳಿಕೆಯಿಂದಾಗಿ ರಾಜ್ಯದ ಗೃಹ ಸಚಿವರೊಬ್ಬರು ರಾಜೀನಾಮೆ ನೀಡಬೇಕಾಯಿತು.",angry
ಈ ಬಾರಾಮತಿಯ ಗೂರ್ಖಾ ಯಾರು ಅಥವಾ ಈ ಕುರುಬನು ಯಾವಾಗ ಬೆತ್ತಲೆಯಾಗಿ ಓಡುತ್ತಾನೆ?,angry
"ಮೇಡಂ, ನೀವು ಸೇರಿದಂತೆ ಎಲ್ಲಾ ಭಾರತೀಯರು ಮೂರ್ಖರು ಎಂದು ಹೇಳುವ ನಿಮ್ಮ ಕಲೆ ಶ್ಲಾಘನೀಯ",angry
ಬಾಂಧವ್ಯ ಮತ್ತು ಬಾಂಧವ್ಯ ಎರಡು ಸ್ಥಿತಿಗಳು!,neutral
ಹೆಚ್ಚಿನ ಪ್ರಶಸ್ತಿಗಳನ್ನು ಬಟ್ಟೆಗಳನ್ನು ತೆಗೆದಿದ್ದಕ್ಕಾಗಿ ನೀಡಲಾಯಿತು,angry
ಕಪ್‌ಗಳು ತಪ್ಪಾಗಿದೆ ಎಂದು ಹೇಳಲಾಗುತ್ತದೆ ... ಮತ್ತು ಲೋಗೋ ಹೋಗಿದೆ ಎಂದು ಹೇಳಲಾಗುತ್ತದೆ,angry
ಗುಲಾಮರು ಮತ್ತೆ ಗುಲಾಮ ಅಧ್ಯಕ್ಷರನ್ನು ಆಯ್ಕೆ ಮಾಡಿದರು ... ಆದ್ದರಿಂದ ಅಧ್ಯಕ್ಷರು ಬದಲಾದರು ಮತ್ತು ಯಜಮಾನನಲ್ಲ.,angry
"ಚೆನ್ನಾಗಿ ಬರೆದಿದ್ದೀರಿ, ಇದು ಕೇವಲ ಸಹಾನುಭೂತಿ ಮತಕ್ಕಾಗಿ ನಾಟಕವಾಗಿದೆ.",angry
"ರೈತ ತಂದೆಗೆ ಯಾವಾಗಲೂ ಒಂದೇ ""ದ್ವಿಗುಣ"" ಏಕೆ ಗೊತ್ತು?",sad
ಅವನಿಗೆ ಸರಿಯಾಗಿ ಮಾತನಾಡಲೂ ಬರುವುದಿಲ್ಲ.,sad
"ಹಾಗಾಗಿ ಈಗ ಮಹಾರಾಷ್ಟ್ರ ಎಂದರೆ ಅಮರಾಠಿ, ಹಿಂದಿ ಮಾತನಾಡುತ್ತಾರೆ. ನಮ್ಮ ಬೆನ್ನಿನ ಮೇಲೆ ಕುಳಿತುಕೊಳ್ಳಿ",angry
ನಾನು ಜಾಣನಲ್ಲ...ನೀನು ಮೂರ್ಖ,angry
ಈ ಸಚಿವಾಲಯವನ್ನು ಹೊರತುಪಡಿಸಿ ಎಲ್ಲವನ್ನೂ ತೆಗೆದುಹಾಕಿ. ಬಡವರ ಹಣ ತಿಂದು ಬೆಳೆದವನು ಈ ಬಿಲ್ಡರ್,angry
ಹೊಸ CDS ನ ನೇಮಕಾತಿಯು ಸಂವಿಧಾನಕ್ಕೆ ಅನುಗುಣವಾಗಿಲ್ಲ - ಸಂವಿಧಾನೇತರ ಕಾಯಿದೆ,angry
ಉಳಿತಾಯ ಖಾತೆಗಳನ್ನು ಮುಚ್ಚಲು ಬ್ಯಾಂಕ್‌ಗಳು ಶುಲ್ಕ ವಿಧಿಸುತ್ತವೆ. ಇದು ಸರಿಯೇ?,angry
ಈ ಅಂಟಿಕೊಂಡಿರುವ ಮಗು ಎಲ್ಲಿಂದ ಬಂದಿದೆ ಎಂದು ಹೇಳಿ ಮತ್ತು ಮೊದಲು ನೀವೇ ತೊಳೆಯಿರಿ,angry
ಥೋರಟ್ ಚವಾಣ್ ದೇಶಮುಖ್ ಅವರಿಗೆ ಈಗ ಬೆಲೆ ಇಲ್ಲ,angry
"ಒಬ್ಬರು ಕೇಳಿದರು, ನಿಮ್ಮ ರಾಜ್ಯದ ಮುಖ್ಯಮಂತ್ರಿಯ ಹೆಸರೇನು? ಹೇಳಲು ಆಗದಿದ್ದರೆ ಮೋದಿ ಹೇಳಿದರು",angry
ಹಸಿವು ಮತ್ತು ಹಸಿವು ನಿಮಗೆ ಹಸಿವನ್ನುಂಟು ಮಾಡಿದೆ,angry
ವ್ಯಕ್ತಿಯ ಆರಾಧನೆಯು ದೇಶದ ಘನತೆಗಿಂತ ದೊಡ್ಡದಾಗಿರುವ ಆ ಸ್ತೋತ್ರವು ಧನ್ಯವಾಗಿದೆ.,angry
"ಇಂದು ಮರಾಠಿ ಪುಲ್ಕಾವನ್ನು ಇಂಗ್ಲಿಷ್‌ನಲ್ಲಿ ತರುತ್ತಿರುವ ಪತ್ರ ವೈರಲ್ ಆಗಬಹುದು, ತಮಾಷೆ ಅಲ್ಲವೇ?",angry
ಮೆಂತ್ಯದಿಂದ ಹೊರಬರುವ ಉಪ್ಪು ಇದೇ ಆದರೆ ನೋವನ್ನು ಕಡಿಮೆ ಮಾಡಲು ಯಾವುದೇ ಪ್ರಯತ್ನವನ್ನು ಮಾಡುವುದಿಲ್ಲ.,sad
"ಅಮೆರಿಕ, ರಷ್ಯಾ ಮತ್ತು ಚೀನಾ ಮೂರು ದೇಶಗಳ ದೈತ್ಯಾಕಾರದ ಮಹತ್ವಾಕಾಂಕ್ಷೆಗಳು ಜಗತ್ತನ್ನು ವಿನಾಶದತ್ತ ಕೊಂಡೊಯ್ಯುತ್ತವೆ.",fear
ಸದ್ಯಕ್ಕೆ ಈ ಕಾಮಗಾರಿ ಎಷ್ಟರಮಟ್ಟಿಗೆ ತಲುಪಲಿದೆ ಎಂಬ ಸುದ್ದಿ ಇಲ್ಲ.,neutral
"ನಾಯಕನು ಅನೇಕರ ಚಮಚ, ಅವರ ಕೆಲಸಕ್ಕೆ ಅನೇಕರು ಅಡ್ಡಿಪಡಿಸುತ್ತಾರೆ.",angry
ಏನೂ ತಿಳಿಯದ ಸಣ್ಣ ಶೆಬ್ದವನ್ನು ಶೆಂಬಡ್ ಎಂದು ಕರೆಯಬೇಕು. ಬೇರೆ ಆಯ್ಕೆ ಇಲ್ಲ.,angry
ನಿಮ್ಮ ಸಿಂಕ್ ಏಕೆ ಬೆಂಕಿಯಲ್ಲಿದೆ?,angry
ನಿಮ್ಮ ತಂದೆಗೆ ಎಷ್ಟು ಹುಂಜಗಳಿವೆ?,angry
ಚೋಕನಾಥನನ್ನು ಅಪಹರಿಸುವುದೊಂದೇ ಬಾಕಿ,angry
ನೀವು ದೇಹವನ್ನು ಪೋಷಿಸಲು ಸಾಧ್ಯವೇ?,angry
ಚುನಾವಣೆ ಸಮೀಪಿಸುತ್ತಿರುವಂತೆಯೇ ಇಂತಹದ್ದೇ ಘಟನೆಗಳು ನಡೆಯುತ್ತಿವೆ.,neutral
ಮಾತೋಶ್ರೀ ಬಳಿ ಹೋಗಿ ಕೇಳಿದರೆ ಅದು ನಿಜವಾಗಿಯೂ ಹರಿದಿದೆಯೇ?,angry
"'ಅವನು' ತನ್ನ ಗೆಳತಿಗಾಗಿ ಅಂಗಡಿಗೆ ನುಗ್ಗಿ, ಅಂಗಡಿಯವನ ಮೇಲೆ ಚಾಕುವಿನಿಂದ ಹಲ್ಲೆ ಮಾಡಿ, ಔರಂಗಾಬಾದ್‌ನಲ್ಲಿ ಭೀತಿ ಸೃಷ್ಟಿಸಿದ",angry
ಸ್ವತಂತ್ರ ಅಭ್ಯರ್ಥಿ ಆಯ್ಕೆಯಾದರೆ ಏನಾಗುತ್ತದೆ? ಏನೂ ಉಳಿಯುವುದಿಲ್ಲ @,fear
ಆದರೆ ಇದು ರಾವ್ ಠಾಕ್ರೆಯವರ ಆಟವಾಗಿತ್ತು ಎಂದು ನಗುತ್ತಾ ಹೇಳುತ್ತಾಳೆ.,happy
ಭಾರತವು ಈ ಹುಚ್ಚು ಚಿತ್ರಗಳಿಂದ ತುಂಬಿದೆ,angry
ರಾಜಕೀಯಕ್ಕೆ ಬಂದ ನಂತರ ಏನು ಮಾಡಿದರು ಎಂಬುದನ್ನು ಗುರುತಿಸಲು ಸಾಧ್ಯವಾಗುತ್ತಿಲ್ಲ,neutral
ಕರೋನಾ ಭವಿಷ್ಯ ನಿಜವಾದ ನಂತರ ಮಹಂತ್ ಭಯಾನಕ ಭವಿಷ್ಯ ನುಡಿದಿದ್ದಾರೆ,fear
"ಆದರೆ, ಮರಾಠಿ ಕಲಾವಿದರು ಸುಮ್ಮನಿದ್ದಾರೆ. ವೀಳ್ಯದೆಲೆಯ ಬಗ್ಗೆ ಏನು?",angry
ಘೋಷಣೆ ಕೂಗಿದಾಗ ಪೊಲೀಸ್ ಆಡಳಿತ ಏನು ಮಾಡುತ್ತಿತ್ತು...! ಮನೆಯ ಕೆಲಸಗಳು ಸರಿಯಾಗಿ ನಡೆಯದಿದ್ದರೆ ಅದನ್ನು ಬಿಟ್ಟುಬಿಡಿ,angry
ನೋಟಿಸ್ ಬಂದ ತಕ್ಷಣ ನಿಮ್ಮ ಬಾಸ್ ಗಾಬರಿಯಾದರು,fear
"ನ್ಯಾಯಾಲಯದ ತೀರ್ಪು ಬಂದಿದೆ, ಯಾರನ್ನು ಮರುಳು ಮಾಡುತ್ತಿದ್ದೀರಿ????",angry
ಪ್ರತಿ ನಿಮಿಷಕ್ಕೂ ತಡವಾಗಿ ಓಡುವ ಪರಿಸ್ಥಿತಿ ನಿರ್ಮಾಣವಾಗಿದೆ.,neutral
ಅದನ್ನು ಒಡೆಯುವ ಕೆಲಸ ಮಾತ್ರ ಮೋದಿ ಮಾಡಿದರು.,angry
ಎರಡು ಮಕ್ಕಳ ನಾಯಿ ಮರಿಗಳನ್ನು ತೆಗೆದುಕೊಂಡು ಹೋಗಿ ಒಂದೂವರೆ ಕಿಲೋ ಚಿನ್ನಾಭರಣ ಸೇರಿ ಕೋಟ್ಯಂತರ ರೂಪಾಯಿ ದೋಚಿದ್ದಾರೆ.,angry
ನೀವು ನಿಮ್ಮ ಕೆಲಸವನ್ನು ಕಳೆದುಕೊಳ್ಳುತ್ತೀರಿ ಮತ್ತು ಚುನಾವಣೆಯಲ್ಲಿ ಗೆಲ್ಲಲು ಸಾಧ್ಯವಾಗುವುದಿಲ್ಲ. ಅದನ್ನು ಬರೆಯಿರಿ,sad
ಅಂತಹವರು ಯಾವ ಪಕ್ಷದವರಾಗಿದ್ದರೂ ಹಿಂದೂ ದ್ವೇಷಿಗಳು.,angry
ನಮಸ್ಕಾರ ಸ್ನೇಹಿತರೇ...ವೀಡಿಯೋ ನೋಡಿದ್ದೀರಾ??,neutral
ಕುಂಭಕರ್ಣನ ನಿದ್ದೆಯಲ್ಲಿ ಮಲಗಿರುವ ಸರಕಾರಗಳು ಎಚ್ಚೆತ್ತುಕೊಳ್ಳಬೇಕು. ಒಂದಲ್ಲ ಒಂದು ದಿನ ನಿರುದ್ಯೋಗಿಗಳು ಬೀದಿ ಪಾಲಾಗಬೇಕಾಗುತ್ತದೆ.,angry
ತಾಡಿಪಾರ್ ಮತ್ತು ಫೇಕು ಹೊಲಗಳನ್ನು ಕಿತ್ತು ಹಾಕುತ್ತಿದ್ದಾರಾ...?,angry
ನಿಮ್ಮ ಅನುಯಾಯಿಗಳ ಕೊರತೆಯ ಬಗ್ಗೆ ಅನೇಕ ಜನರು ದೂರು ನೀಡಿರಬಹುದು.,neutral
ಒಂದೇ ಒಂದು ಕೆಲಸವನ್ನು ಮಾಡಿಲ್ಲ,neutral
"ಈ ಮಳೆ ರೈತರಿಗೆ ಒಳ್ಳೆಯದಲ್ಲ, ಜನರು ಅನಾರೋಗ್ಯಕ್ಕೆ ತುತ್ತಾಗುತ್ತಿದ್ದಾರೆ",sad
ಹಾಗಾದರೆ ತೆಲಗಿಯ ಫೋಟೋ ಹಾಕಬೇಕಾ????,angry
ಭ್ರಷ್ಟ ಸರ್ಕಾರದ ವಿರುದ್ಧದ ಹೋರಾಟ ನಿರುದ್ಯೋಗದ ಹೊರೆಯನ್ನು ಹೊತ್ತಿದೆ.,sad
"ಹೋಳಿ ಹಬ್ಬದಂದು ಗೂಂಡಾಗಿರಿ, ಹೋಳಿಕಾ ದಹನಕ್ಕೆ ಗೋಮೂತ್ರ ಎಸೆದ ವಿವಾದ, ಮೂವರ ಮೇಲೆ ಗುಂಡಿನ ದಾಳಿ... ./-/...",angry
ಪವಾರ್‌ಗೆ ಆತ್ಮವನ್ನು ಅಡಮಾನವಿಟ್ಟಿದ್ದರೆ ಆತ್ಮಾವಲೋಕನವಾಗುವುದಾದರೂ ಹೇಗೆ?,sad
ಹೇ ಸರ್ ಈ ವಿಚಾರದಲ್ಲಿ ಬೊಗಳಬೇಡಿ ಎಂದರು,angry
ಖಂಡಿತ...ಮನೆ ಒಡೆಯುವವರೆಗೂ ಇದು ಸಾಧ್ಯವಿಲ್ಲ...ಇನ್ನೂ ಪುಲ್ವಾಮಾ ಹತ್ಯಾಕಾಂಡದ ಸತ್ಯ ಹೊರಬಿದ್ದಿಲ್ಲ.,angry
"ನಾನು ಎಂದಿಗೂ ಕೇಳುವುದಿಲ್ಲ, ಏಕೆಂದರೆ ... ನಾನು 'ಉತ್ತರ'ಕ್ಕೆ ಹೆದರುತ್ತೇನೆ.",fear
ಮರಾಠಿ ಮಾಧ್ಯಮವು ಪರ್ಯಾಯ ಕೋನ ಎಂದು ಪ್ರಜ್ಞಾವಂತರಿಗೆ ಹೇಳಲು ಪ್ರಾರಂಭಿಸಬೇಡಿ.,neutral
"ಭಕ್ತರು ಕಾರ್ಯಪ್ರವೃತ್ತರಾಗಬೇಕು. ಇಲ್ಲ, BKC ಯ ಫ್ಲಾಪ್ ಶೋ ನಂತರ ಅದು ಇನ್ನೂ ಮುಂದಕ್ಕೆ ಹೋಗುತ್ತದೆ.",neutral
ನಿಜವಾದ ರಿಕವರಿ ಗ್ಯಾಂಗ್ ಎಂದರೆ ಕೇಂದ್ರ ಸರ್ಕಾರ ಮತ್ತು ಹಣಕಾಸು ಸಚಿವಾಲಯ.,angry
ನಗರಸಭೆ ಅಧಿಕಾರದಲ್ಲಿರುವಾಗಲೇ ಈ ಸಮಸ್ಯೆ ತಲೆದೋರಿರುವುದು ವಿಷಾದನೀಯ.,sad
ಈಗ ಅವರಿಗೆ ಸಾಕಷ್ಟು ಬೆಂಬಲ ಸಿಗುತ್ತಿದೆ. ಗಡ್ಡ ತಿರುಗುವಿಕೆಗೂ ಇದಕ್ಕೂ ಏನಾದರೂ ಸಂಬಂಧವಿದೆಯೇ? ಅದರಲ್ಲಿ ಯಾವುದೇ ಸಂದೇಹವಿಲ್ಲ!,neutral
ಇಸ್ರೋ ಭಾನುವಾರ ಯಶಸ್ವಿಯಾಗಿ ಉಡಾವಣೆ ಮಾಡಿದ ಎರಡು ಉಪಗ್ರಹಗಳು ಬಾಹ್ಯಾಕಾಶದಲ್ಲಿ ದಾರಿ ತಪ್ಪಿ ತಪ್ಪು ಕಕ್ಷೆ ಸೇರಿದವು!,happy
ಒಟ್ಟಿನಲ್ಲಿ ಇದು ಧನುಷ್ಯ ಕೈ ತಪ್ಪಿದೆ ಎಂದು ಹೇಳುವ ಹತಾಶ ಪ್ರಯತ್ನ,sad
ದೇಶದ್ರೋಹಿಗಳನ್ನು ಕ್ಷಮಿಸುವುದಿಲ್ಲ ಉದಯ್ ದೇಶದ್ರೋಹಿಗಳನ್ನು ಅನರ್ಹಗೊಳಿಸಲಾಗುವುದು,angry
ಸರಕಾರದ ಈ ನಿರಂಕುಶ ದಂಧೆ ನಡೆಯುತ್ತಿದೆ,angry
ಈ ದೇಶದ್ರೋಹಿಗಳು ತಮ್ಮ ಸಾಮರ್ಥ್ಯವನ್ನು ತೋರಿಸುತ್ತಿದ್ದಾರೆ,angry
"ಆದರೆ ಬಾಬಾ ಸಾಹೇಬ್ ಅಂಬೇಡ್ಕರರು ಹೆಣ್ಣನ್ನು ಕೃಪಾಕಟಾಕ್ಷ ಎಂದು ಪರಿಗಣಿಸಿಲ್ಲ, ದುರಂತ.",sad
ಕಾವಾಡಿ ಸಚಿನ್ ಪೈಲಟ್‌ಗೆ ಯೋಗ್ಯವಲ್ಲ..,angry
ಅವನ ಕೋವಿಡ್ ಆನ್ ಆಗಿತ್ತು,neutral
ದೇಶದಲ್ಲಿ ಸರ್ವಾಧಿಕಾರ ಆರಂಭಿಸಿ ಅವರೇ ಖುಷಿಯಾಗಿದ್ದಾರೆ.,angry
ಅದು ತಕ್ಷಣವೇ ಮಚ್ಚನ್ನು ಗೀಚಲು ಬಂದಿತು ... ತೋಳ,angry
"ನೀವು ಬರೆಯುವ ಹಿಂದೆ ಯಾವುದೇ ಭಾವನೆಗಳಿಲ್ಲ ಎಂದು ನನಗೆ ತಿಳಿದಿದೆ, ಆದರೆ ಪದಗಳು ಖಂಡಿತವಾಗಿಯೂ ಸರಿಯಾಗಿಲ್ಲ. ಅದು ತಪ್ಪು ಅನಿಸಿದ್ದರಿಂದ ಹೇಳಿದ್ದೆ",neutral
ಒಬ್ಬ ವ್ಯಕ್ತಿಯು ಎಷ್ಟು ಹೊಂದಿಕೊಳ್ಳುತ್ತಾನೆ ಎಂಬುದನ್ನು ಅರ್ಥಮಾಡಿಕೊಳ್ಳಿ.,angry
"ರೀಟ್ವೀಟ್ ಮಾಡುವ ಮೂಲಕ ನೀವು ಈ ಭಿಕ್ಷುಕರಿಗೆ ಏಕೆ ಇಷ್ಟು ಪ್ರಾಮುಖ್ಯತೆ ನೀಡುತ್ತೀರಿ, ಅವರು ಬೊಗಳಲು ಬಿಡಿ,",angry
"ಇಲ್ಲ, ಎಚ್ಚರಿಕೆಯಿಂದ ಓದಿ.",neutral
ಬಾಪ್ರೆ ಅವರ ಸ್ವಂತ ಗ್ರಾಮ ಪಂಚಾಯಿತಿಯ ಗೆಲುವಿನ ಬಗ್ಗೆ ಭವಿಷ್ಯ ನುಡಿದಿದ್ದಾರೆಯೇ?,happy
ಬೆಳಗ್ಗೆ ಪ್ರಮಾಣ ವಚನ ಸ್ವೀಕರಿಸುವ ವೇಳೆ ಫಡ್ನವೀಸ್ ತತ್ವಗಳನ್ನು ಮರೆತಿದ್ದರು.,angry
"ಹಿಂಬಾಲಿಸಿದ ನಂತರ ಮತ್ತು ಹಿಂಬಾಲಿಸಿದ ನಂತರ ರಾಜನನ್ನು ಅನ್‌ಫಾಲೋ ಮಾಡಲು ಇದು Instagram ಅಲ್ಲ, ಮಗು",neutral
ನಾನು ಟ್ವಿಟ್ಟರ್ ತೊರೆಯಬೇಕೇ..ಇದು ದೊಡ್ಡ ಕೋಲು # ಅಥವಾ ಸಾರ್...ನನಗೆ ಹಾಗನ್ನಿಸುವುದಿಲ್ಲ,neutral
ಹಾಗಾದರೆ ಸಮಾಜದಲ್ಲಿ ಸುಳ್ಳನ್ನು ಹರಡುವ ಜವಾಬ್ದಾರಿಯನ್ನು ನೀವು ತೆಗೆದುಕೊಂಡಿದ್ದೀರಾ?,angry
ನೀವು ಇದಕ್ಕೆ ಕೊಡುಗೆ ನೀಡುತ್ತಿಲ್ಲ ಎಂದು ಮೊದಲು ಸಾಬೀತುಪಡಿಸಿ,neutral
ಇದು ಬಾಳಾಸಾಹೇಬರಿಗೆ ಮಾಡಿದ ಅವಮಾನ.,angry
ಇವರೊಂದಿಗೆ ಮೈತ್ರಿ ಇಲ್ಲ ಎನ್ನುವವರು ಮೂರ್ಖರು,angry
ಎಷ್ಟೇ ಪತ್ರ ಬರೆದರೂ ಮಡಕೆಯಿಂದ ಹೊರಬರುವುದಿಲ್ಲ.,neutral
ನನಗೂ ಅದೇ ಸಮಸ್ಯೆ ಇದೆ,neutral
ಒಂದು ನಕ್ಷತ್ರಕ್ಕೂ ಬೆಲೆಯಿಲ್ಲ,angry
"ನಾನು ಕೂಡ ಒಮ್ಮೆ ಅವಳನ್ನು ಹೀಗೆ ಪ್ರೀತಿಸುತ್ತಿದ್ದೆ, ಆದರೆ ಅವಳು ಅದನ್ನು ಒಪ್ಪಿಕೊಳ್ಳಲಿಲ್ಲ.",sad
ಅವಳು ಪ್ರೀತಿಸುವುದಿಲ್ಲ ಎಂದು ಭಾವಿಸಬೇಡಿ,sad
ಭಾಷಣದ ಸಮಯದಲ್ಲಿ ಚಪ್ಪಾಳೆ ತಟ್ಟುವವರ ಕಿವಿಯಲ್ಲಿ ತರಕಾರಿಗಳನ್ನು ಆಡಿಸಬೇಕು.,angry
"ಸಹೋದರ ಸಹೋದರಿಯರೇ ನಮ್ಮನ್ನು ಕಡಿಮೆ ಅಂದಾಜು ಮಾಡಬೇಡಿ, ನಾವು ಬಹಳ ದಿನಗಳಿಂದ ಬಂದಿದ್ದರೂ, ನಾವು ಇನ್ನೂ ಕೊಡುಗೆ ನೀಡುತ್ತಿದ್ದೇವೆ",happy
"ನಿಜ ಹೇಳಬೇಕೆಂದರೆ, ಅನೇಕ ತಾಯಂದಿರು ಕೋಪಗೊಳ್ಳುತ್ತಾರೆ.. ಇದು ನಿಮ್ಮದು....",angry
ತಪ್ಪು ಅಭಿಪ್ರಾಯ ಹೇಳುವುದು ಮತ್ತು ಅಭಿಪ್ರಾಯ ಕೇಳುವುದು ನನ್ನ ನೀತಿ,neutral
"ಆದಿತ್ಯನ ಮದುವೆಯಲ್ಲಿ ನೀನು ಯಾಕೆ, ಮದುವೆಯಲ್ಲಿ ನಿನ್ನ ಜೊತೆ ಮಾತನಾಡುವುದಿಲ್ಲ.",angry
ಸಿಕ್ಕಿಬಿದ್ದರೆ ದೇಶದ್ರೋಹಿ ರಾಜಿನಾಮೆ ನೀಡಲಿದ್ದ...,angry
"""ನಿಮ್ಮ ಸಿಂಹಾಸನದಲ್ಲಿ ಕೂರಲು ನಾವು ಯಾವಾಗಿನಿಂದ ಸಿದ್ಧರಿದ್ದೇವೆ...""",happy
ಇಬ್ಬರೂ ಮಳೆಯಂತೆ ಬಹಳ ಬುದ್ಧಿವಂತರು.,neutral
ವರ್ಷಾನುಗಟ್ಟಲೆ ಭಿಕ್ಷೆ ಬೇಡಲು ಮಾತೋಶ್ರೀಗೆ ಹೋಗಿದ್ದು ಯಾಕೆ?,angry
ಅರ್ಹತೆ ಇಲ್ಲದವರೂ ಇವತ್ತು ಶಿವಸೇನೆಯನ್ನು ಕೆಣಕುತ್ತಿದ್ದಾರೆ.,angry
ನಿಮ್ಮ ಬಗ್ಗೆ ಏಕೆ ಮಾತನಾಡಬೇಕು?,neutral
ವ್ಯಕ್ತಿತ್ವವೂ ಸ್ಪೂರ್ತಿದಾಯಕವಾಗುವುದಿಲ್ಲ...ಅವರಿಗೆ ಚಪ್ಪಾಳೆ ತಟ್ಟುತ್ತದೆ...ಈ ಚುನಾವಣೆಯಲ್ಲಿ ಅರ್ಥವಾಗುತ್ತದೆ...,angry
"ಈ ""ಬಿಹಾರಿ"" ಮಹಾರಾಷ್ಟ್ರವನ್ನು ಕೆಂಪಾಗಿಸಬಹುದು!!",angry
"ಪಂಢರಪುರ, ಕೊಲ್ಲಾಪುರ ಎಲ್ಲಿತ್ತು ಸಾಹೇಬರ ಹಿರಿಮೆ??",neutral
ಯಾರಾದರೂ ನಿಮ್ಮನ್ನು ಏಕೆ ಕೇಳಿದರೂ ಸಹ ... ನೀವೇ ಶ್ರೇಷ್ಠತೆಯನ್ನು ತೋರಿಸುವುದರಿಂದ ನೀವು ಏನು ಪಡೆಯುತ್ತೀರಿ?,angry
ಹಣದ ಆಮಿಷವೊಡ್ಡಿ ಇಬ್ಬರು ಮಧ್ಯವಯಸ್ಕ ಮಹಿಳೆಯರನ್ನು ನರಬಲಿಗಾಗಿ ಹತ್ಯೆ ಮಾಡಿರುವ ಆಘಾತಕಾರಿ ಘಟನೆ ಬೆಳಕಿಗೆ ಬಂದಿದೆ.,angry
ಮುಂಬೈ ಪೊಲೀಸರು ಕೆಲಸ ಮಾಡುತ್ತಿಲ್ಲ ದಯವಿಟ್ಟು ಗಮನಿಸಿ,neutral
ಇದು ದೇಶದ್ರೋಹಿಗಳ ಭವಿಷ್ಯ,angry
ಕೆಲಸ ಮತ್ತು ನ್ಯಾಯಕ್ಕೆ ನೇರವಾಗಿ ದಾನ ಮಾಡಿ! ಹಾಗಾದರೆ ಯಾರಾದರೂ ಏಕೆ ಹಿಂದೆ ಸರಿಯುತ್ತಾರೆ?,neutral
ಈ ಶಾಸಕರೇ ಮುಂದೆ ಬಂದು ಚುನಾವಣೆ ಬಗ್ಗೆ ಮಾತನಾಡುತ್ತಿದ್ದಾರೆ,angry
"ಹೌದು, ಇವು ಅನುಭವದ ಸಂಗತಿಗಳು, ನನ್ನೊಂದಿಗೆ ಬೇರೆ ಏನಾದರೂ ಇದೆಯೇ?",sad
"ಭಯಪಡಬೇಡ, ಕಳ್ಳ ಕಳ್ಳ... ಮತ್ತು ಅವನನ್ನು ಕಳ್ಳ ಎಂದು ಕರೆಯಿರಿ",angry
ಅಪೂರ್ಣ ಸಂಬಂಧಗಳಿಗೆ ಅಭಿವ್ಯಕ್ತಿಯ ಕೊರತೆಯೂ ಕಾರಣವಾಗಬಹುದು...,sad
ನನಗೆ ಬೇಜಾರಾಗುತ್ತಿದೆ ಆದರೆ... ಛಲ ಬಿಡದೆ ಎಲ್ಲ ಮಜಾ ವ್ಯರ್ಥ...,sad
ಅವರು ಬಿಜೆಪಿಯ ಜೀವನದಲ್ಲಿ ಆಯ್ಕೆಯಾದರು,neutral
"ಇಲ್ಲದಿದ್ದರೆ, ನಮ್ಮ ಮುಖಕ್ಕೆ ಹಣವನ್ನು ಎಸೆಯಿರಿ ಮತ್ತು ನಾವು ಅದನ್ನು ಮಾಡುತ್ತೇವೆ",neutral
ಆದರೆ ಅವಿರೋಧವಾಗಿ ಚುನಾವಣೆ ನಡೆಯುವುದಿಲ್ಲ.,neutral
ಇಂದಿನ ದಿನಗಳಲ್ಲಿ ದತ್ತಾ ಅವರನ್ನು ಸುರಕ್ಷಿತವಾಗಿಡುವುದು ಕಷ್ಟದ ಕೆಲಸ ಎಂಬ ಕಾರಣಕ್ಕೆ ಈ ಕೆಲಸ ಮಾಡಲಾಗುತ್ತಿದೆ.,neutral
ನಿಶಾನ್ ನಿಜವಾದ ಮಹಾರಾಷ್ಟ್ರದ ಗುರಾಣಿ ಮತ್ತು ಖಡ್ಗ,happy
ಯಾವುದೇ ಭ್ರಮೆ ನಿಮ್ಮ ಭ್ರಮೆಯಲ್ಲ.,neutral
ಕಣ್ಣುಗಳಿವೆಯೋ ಇಲ್ಲವೋ? ಏಕೆ ಏನೋ ಹೋಗಿದೆ? ಕಣ್ಣುಗಳನ್ನು ನೋಡಿ... ನಿಮಗೇ ಅರ್ಥವಾಗುತ್ತದೆ.,angry
ಮತ್ತು ಈ ಸಕ್ಕರೆ ಉದ್ಯಮವನ್ನು ನಾಶಮಾಡುವ ನಿಮ್ಮ ಮಹಾಶಕ್ತಿ ದೈತ್ಯಾಕಾರದ!,angry
ಸಾರ್ವಜನಿಕ ಪ್ರತಿನಿಧಿಗಳು ಈ ರೀತಿ ಬೀದಿಗಿಳಿದಿದ್ದರೆ ಈ ಕೆಟ್ಟ ಕಾಲ ಬರುತ್ತಿರಲಿಲ್ಲ.,sad
. ಎಲ್ಲರೂ ಇದನ್ನು ಮತ್ತೆ ಮತ್ತೆ ಹೇಳಬೇಕು.,neutral
ಬಿಜೆಪಿ ಹಿಂದುತ್ವದ ರೇಪ್ ಆರತಿ ಮಾಡುತ್ತದೆ ಎಂದರೆ ನಂಬುತ್ತೀರಾ?????,angry
ಅಂತಹ ನಾಯಿಗಳು ಪ್ರತಿದಿನ ತಮ್ಮ ಕುತ್ತಿಗೆಯನ್ನು ಪೆಟ್ಟಿಗೆಯಲ್ಲಿ ಇಟ್ಟುಕೊಂಡು ಹಸಿವಿನಿಂದ ಸಾಯುತ್ತವೆ. ಅವರು ಅರ್ಥಮಾಡಿಕೊಳ್ಳುವರು. ಕಡ್ಡಿ ಖ್ಯಾತಿ,angry
ಈ ಭಕ್ತ ಗ್ಯಾಂಗ್ ನಾಶವಾಗಬೇಕು... ರಂಗಬಿಲ್ಲನ ಶಿಷ್ಯರು ಮರಾಠಿಗರನ್ನು ಗೇಲಿ ಮಾಡಲು ಇಷ್ಟಪಡುತ್ತಾರೆ.,angry
ಇದು ಅಗತ್ಯವಿದೆಯೇ? ಒಳ್ಳೆಯದನ್ನು ಒಳ್ಳೆಯದು ಎಂದು ಕರೆಯುವುದು ಪತ್ರಿಕೋದ್ಯಮಕ್ಕೆ ಸರಿಹೊಂದುವುದಿಲ್ಲವೇ?,neutral
"ಭಾರತ ಸೋತಿಲ್ಲ, ಇಂಗ್ಲೆಂಡ್ ನಿರ್ಮಲಾ ಅತ್ಯಾ ಗೆದ್ದಿದೆ",neutral
"ತಿಂದ ನಂತರ ಮಲವಿಸರ್ಜನೆ ಮಾಡಬೇಡಿ, ಅದು ಮಾಲಿನ್ಯಕ್ಕೆ ಕಾರಣವಾಗುತ್ತದೆ",angry
ಈ ಹಂದಿ ಯಾರು? ಭಾರತದ ದೊಡ್ಡ ಕಳ್ಳ,angry
ಇದು ಪ್ರಜಾಪ್ರಭುತ್ವದ ಮೇಲಿನ ದಾಳಿ...ನೀವು ಸಂವಿಧಾನ ವಿರೋಧಿ ಸರ್ಕಾರವನ್ನು ಪ್ರಶ್ನಿಸಬೇಕು ಮತ್ತು ಅವರ ಅಜೆಂಡಾವನ್ನು ಚಲಾಯಿಸಬಾರದು.,angry
ಇದು ಕಪ್ಪು ಕಲ್ಲಿನ ಮೇಲೆ ಎಳೆದ ಗೆರೆ... ಚುನಾವಣಾ ಆಯೋಗವು ಕೇಂದ್ರ ಸರ್ಕಾರದ ನಿಯಂತ್ರಣಕ್ಕೆ ಬರುತ್ತದೆ.,neutral
ಎನ್‌ಸಿಪಿಯ ಈ ಕೀಟಗಳು ಜಾತೀಯತೆಯನ್ನು ಹೊರತುಪಡಿಸಿ ಏನನ್ನೂ ಮಾಡಲಾರವು,angry
"ದಿಲಾಸ ಸರ್ಕಾರ, ನ್ಯಾಯಾಂಗ ಕುರುಡಾಗಿತ್ತು...ಮೂಕ, ಕಿವುಡಾಯಿತು...ಚುನಾವಣಾ ಆಯೋಗ ಚುನಾವಣಾ ಚಿಹ್ನೆಯನ್ನು ನಿರ್ಧರಿಸಲಿದೆ",sad
"ಹೌದು, ಮೊದಲು ಅವಮಾನ ಮತ್ತು ಈಗ ಜನರು ಏಕೆ ಸಹಾನುಭೂತಿ ತೋರಿಸಬೇಕು?",neutral
ದುಃಖ ಹೆಚ್ಚಾಗುತ್ತಿಲ್ಲ.. ಸಂತೋಷ ಕಡಿಮೆಯಾಗುತ್ತಿದೆ.,sad
ಈ ಜನಸಮೂಹವು ಸಂಗೀತಗಾರರಿಗೆ ಭಯವಾಗಿದೆ.,fear
ರಾಣೆ ಅವರ ಹೆಸರನ್ನು ತೆಗೆದುಕೊಳ್ಳಲು ನೀವು ಭಯಪಡುತ್ತೀರಾ?,fear
ರಾಜ್ಯಸಭೆ ಮತ್ತು ವಿಧಾನ ಪರಿಷತ್ತಿನ ಕಾಲದಲ್ಲಿ ಜೀತದಾಳುಗಳು ಮಾತ್ರ ಕೆಟ್ಟ ಭಾವನೆ ಹೊಂದಿದ್ದರು.,sad
ಇದೀಗ ಮಹಾರಾಷ್ಟ್ರದಲ್ಲಿ ಅಧಿಕಾರದ ಗದ್ದಲದ ವಿಚಾರಣೆ ಮುಂದುವರೆಯುವುದು ಖಚಿತವಾಗಿದೆ.,neutral
ಭಾರತ ಮತ್ತು ನ್ಯೂಜಿಲೆಂಡ್ ನಡುವಿನ ಅಭ್ಯಾಸ ಪಂದ್ಯ ಮಳೆಯಿಂದಾಗಿ ರದ್ದಾಗಿದೆ.,neutral
"ಎಲ್ಲರೂ ಉತ್ಸಾಹ ಮತ್ತು ನಂಬಿಕೆಯಿಂದ ತುಂಬಿರುತ್ತಾರೆ, ಆದರೆ ಒಳಗೆ ನಿರುದ್ಯೋಗದ ಭಯವೂ ಇದೆ.",fear
ಲವ್ದ್ಯಾಗೆ ಗಂಡನನ್ನು ಹುಡುಕಲು ನಿಮ್ಮ ತಾಯಿ ಟ್ವಿಟ್ಟರ್ಗೆ ಬರುತ್ತಾರೆಯೇ?,angry
ಹಾಗಾದರೆ ನಾರಾಯಣ ರಾಣೆ ಏನು ಮಾಡುತ್ತಾರೆ? ಇದು ಅವನಿಗೆ ಅನ್ಯಾಯವಾಗಿದೆ!,angry
ಸರಿ! ಉದ್ಧವ್ ಠಾಕ್ರೆ ಇನ್ನೂ ಶಾಸಕರೇ?,neutral
"ಮಹಾವಿಕಾಸ್ ಅಘಾಡಿ ರೂಪುಗೊಂಡರೆ ಎಲ್ಲರ ಫೋಟೋಗಳು ಇರುತ್ತವೆ, ಇಷ್ಟು ಆತುರ ಏಕೆ?",angry
ಅಮೃತ ವಚನ...? ಯಾವ ರೀತಿಯ...?,happy
"ಹೇ, ಅವರು ಪ್ರಸಿದ್ಧ ಪತ್ರಕರ್ತರು",angry
"ಅತ್ತೆ, ಈ ಅಲೆಮಾರಿಗಳು ಅಧಿಕಾರಕ್ಕೆ ಬಂದಾಗ ಅತ್ಯಾಚಾರಿಗಳನ್ನು ಏಕೆ ಕ್ಷಮಿಸುತ್ತಾರೆ, ಸರಿ?",angry
ಮಹಾರಾಷ್ಟ್ರದ ಎಂ ಗಿಂತ ಗುಜರಾತ್‌ನ ಗು ನನಗೆ ಹೆಚ್ಚು ಇಷ್ಟವಾದ ಕಾರಣ ಬಹುಶಃ ಇದನ್ನು ಬರೆಯಲಾಗಲಿಲ್ಲ.,neutral
ಜನರಿಗೆ ಏನೂ ತಿಳಿದಿಲ್ಲ ಎಂದು ನೀವು ಭಾವಿಸುತ್ತೀರಾ?,neutral
ಇದೇನು ಜೊಲ್ಲು ಸುರಿಸುತ್ತಿರುವ ಪತ್ರಕರ್ತ ?????,angry
ಅವರದೇ ಪಕ್ಷದಲ್ಲಿಯೇ ಇದ್ದು ಅವರನ್ನು ಸೋಲಿಸುವುದು ಒಳ್ಳೆಯದೇ?,neutral
"ಓ ದೇವರೇ, ಅವರು ಮುಂಜಾನೆ ಪ್ರಮಾಣ ವಚನ ಸ್ವೀಕರಿಸಿದಾಗ ಬಿಜೆಪಿಯ ಮನಸ್ಸಿನಲ್ಲಿ ಹಿಂದುತ್ವದ ಚಿಂತನೆ ಇರಲಿಲ್ಲವೇ??",angry
"ಸೀಟುಗಳು ಖಾಲಿ ಇದ್ದಾಗ ಭಾಷಣಗಳು ನಡೆಯುತ್ತವೆ, ಆದ್ದರಿಂದ ಸಂಖ್ಯೆಗಳು ಕಡಿಮೆ ಇರುವಾಗ ಶಾಲೆಗಳನ್ನು ಏಕೆ ಮುಚ್ಚಬೇಕು?",neutral
ಇಂದು ಬಿಸಿಲು ಇರುವುದರಿಂದ ಧನ್ಯವಾದ ಹೇಳಲು ಯಾವುದೇ ತೊಂದರೆ ಇಲ್ಲ ಮೋದಿ ಜೀ.,neutral
ಕಳೆದ ವರ್ಷದ ನ್ಯಾಯಾಲಯದ ತೀರ್ಪನ್ನು ಪರಿಶೀಲಿಸಿ. ಇಲ್ಲದಿದ್ದರೆ ಈ ವ್ಯಕ್ತಿಯೂ ಯಾವಾಗಲೂ ಅಸಂಬದ್ಧವಾಗಿ ಮಾತನಾಡುತ್ತಾನೆ,angry
ನಿಮ್ಮ ಬಳಿ ಬೇರೆ ಸುದ್ದಿ ಇದೆಯೇ?,neutral
ಇದು ನಮ್ಮ ತಿಳುವಳಿಕೆಯನ್ನು ಮೀರಿದೆ,neutral
ಇಂತಹ ಜಾಹೀರಾತುಗಳನ್ನು ಮಾಡುವ ಮೂಲಕ ಅಮೀರ್ ಖಾನ್ ಏನನ್ನು ತೋರಿಸಲು ಬಯಸುತ್ತಾರೆ?,happy
ಮತಗಳ ಒತ್ತಾಯ...ಮಹಾರಾಷ್ಟ್ರಕ್ಕೆ ಏನಾಗಲಿದೆ?,sad
ಠಾಕ್ರೆ ಸಮೂಹಕ್ಕೆ ಆಘಾತ! ಶಿವಸೇನೆಯ ಮೂವರು ಪ್ರಮುಖ ನಾಯಕರು ಸೇರಿದಂತೆ ಏಳು ಜನರ ವಿರುದ್ಧ ಪ್ರಕರಣ ದಾಖಲಾಗಿದೆ.,neutral
ಅದು ಹೇಗೆಂದರೆ ನೀವು ಉಚಿತವಾಗಿ ತಿನ್ನುವ ಅಭ್ಯಾಸ ಮಾಡಿಕೊಂಡಿದ್ದೀರಿ ಎಂದು ತೋರುತ್ತದೆ,angry
ಹೀಗೆ ಮಾಡಬೇಡಿ...ಇದೆಲ್ಲ ಪಕ್ಷದ ಚಿಹ್ನೆ ಮತ್ತು ಹೆಸರುಗಳ ಆಟ,neutral
ಅತುಲ್ ಭಖಾಲ್ಕರ್ ಅವರ ಸಹೋದರ ಎಂದು ಪರಿಗಣಿಸಲ್ಪಟ್ಟಿರುವ ಸಂಭಾವಿತ ವ್ಯಕ್ತಿ ಬಹಳಷ್ಟು ಎಸೆಯುತ್ತಾರೆ ಮತ್ತು ಇಬ್ಬರೂ ಒಂದೇ ರೀತಿ ಕಾಣುತ್ತಾರೆ.,neutral
"ಗುಜರಾತಿಗೆ ಹಸ್ತಲಾಘವ ಮಾಡಿ, ಮರಾಠಿ ಭಾಷೆಯ ರಾಜ್ ಭಾವು ಬಿಟ್ಟಿದ್ದೇಕೆ?",angry
"ನಾನೇನು ಹೇಳಲಿ...? ವಿಭೂತಿ ಸೃಷ್ಟಿಕರ್ತ, ಎಂಟು ವರ್ಷಗಳಲ್ಲಿ ದೇಶ ಏನನ್ನು ಕಾಯುತ್ತಿದೆ...",angry
ಗುಳ್ಳೆಗಳ ಹೊರತಾಗಿ ಇನ್ನೇನು ಬರುತ್ತದೆ?,angry
ಒಂದಾನೊಂದು ಕಾಲದಲ್ಲಿ ಬೆಳ್ಳಿಯ ಚಮಚಗಳಿದ್ದವು... ಆದರೆ ಒಂದು ಕಾಲದಲ್ಲಿ ಬೆಳ್ಳಿಯ ಚಮಚಗಳಿದ್ದವು...,neutral
ಪತಿ ತೆರೆಮರೆಯಲ್ಲಿ ಪತ್ನಿಯಿಂದ ಲಂಚ ಪಡೆಯುತ್ತಿದ್ದ,angry
ದಾದಾ ನಿಮ್ಮ ನಂಬರ್ ಸಿಗಬಹುದೇ? ನೀವು ಕೆಲಸ ಮಾಡುವ ರೀತಿ ನಮಗೆ ಇಷ್ಟವಾಗಿದೆ,happy
ನೆನಪಿರಲಿ ಪುಣೆ ಮೆಟ್ರೋ ಬಡವರ ಪಾಲಿಗೆ ಶಾಪಗ್ರಸ್ತ ಮೆಟ್ರೋ ಆಗಲಿದೆ,fear
ಚಿಹ್ನೆ ಮತ್ತು ಹೆಸರನ್ನು ಫ್ರೀಜ್ ಮಾಡುವಾಗ ನಿಮ್ಮ ಬಾಯಿಯಲ್ಲಿ ಯಾವುದೇ ಪದಗಳಿವೆಯೇ?,angry
ಒಬ್ಬ ಮನೋರೋಗಿ ಇಷ್ಟು ಕೀಳು ಮಟ್ಟದಲ್ಲಿ ಮಾತನಾಡಬಾರದು.,angry
"ಕೀ ಕೊಡಲಾಗಿದೆ, ಏನಾದರೂ ಮಾತನಾಡುತ್ತಾರೆ, ಮಾತನಾಡುವ ಗೊಂಬೆಗಿಂತ ಹೆಚ್ಚೇನೂ ಇಲ್ಲ.",angry
ಪತ್ರಕರ್ತರು ನಿಜವಾಗಿಯೂ ದಲ್ಲಾಳಿಗಳಾಗಿದ್ದಾರೆ,angry
ವಯಸ್ಸು ಹೆಚ್ಚಾದಂತೆ ಛಗನ್ ಭುಜಬಲ್ ಅವರ ಬುದ್ಧಿಮತ್ತೆ ಕಡಿಮೆಯಾಗುತ್ತಿದೆ.,sad
ಜಾರದಂತೆ ಇರುವ ಜೋಡಿ ಸ್ನೀಕರ್‌ಗಳಿಗಾಗಿ ನೋಡಿ.,angry
ಅವಳು ಈಗಲೇ ಹೇಳಬಹುದಿತ್ತು.,neutral
ನೀವು ಚುನಾವಣೆಯಿಂದ ಹಿಂದೆ ಸರಿಯಲು ಬಯಸಿದ್ದೀರಾ ಅಥವಾ ಮುಂಬೈ ಮಹಾನಗರ ಪಾಲಿಕೆ ಚುನಾವಣೆಗೆ ಮುನ್ನ ಚಿಹ್ನೆಯನ್ನು ಫ್ರೀಜ್ ಮಾಡುವ ಸಂಚು ನಡೆದಿದೆಯೇ ??,happy
"ಬೀದರ ಜಿಲ್ಲೆಯ ರೈತರಿಗೆ ಸಹಾಯ ಮಾಡಿ, ಸ್ವಲ್ಪ ಬರವನ್ನು ಘೋಷಿಸಿ",sad
ಹಿಂದುತ್ವ ಪಕ್ಷ ಎಂದು ಕರೆಯಲು...ಆದರೆ ಉಳಿದ ಟ್ರೆಂಡ್‌ಗಳಲ್ಲಿ ಹಸಿರು ಹಾಳೆಯ ಮೇಲಿನ ಪ್ರೀತಿ...,angry
ಹೆಸರನ್ನು ಹಿಂಪಡೆಯುವ ಮೂಲಕ ಬಿಜೆಪಿ ಈ ಸ್ಥಾನವನ್ನು ಕಳೆದುಕೊಳ್ಳುತ್ತಿದೆ ಎಂದು ನೀವು ಹೇಗೆ ಊಹಿಸಬಾರದು?,neutral
ಸಹಾನುಭೂತಿ ಹೆಚ್ಚಾಯಿತೋ ಇಲ್ಲವೋ ಗೊತ್ತಿಲ್ಲ ಆದರೆ ವಾಲೆಟ್ನ ತೂಕ ಖಂಡಿತವಾಗಿಯೂ ಹೆಚ್ಚಾಯಿತು.,angry
ಹೆಚ್ಚುವರಿ ಟೀ ಪುಡಿ ಸೇರಿಸಿ ನಿಮ್ಮ ರಾಜಕೀಯವನ್ನು ಯಾರಾದರೂ ಕಹಿ ಮಾಡುತ್ತಿದ್ದಾರೆಯೇ? ಪಂಕಜಾ ಮುಂಡೆ ಹೇಳಿದರು...,angry
"ಅಣ್ಣ, ನಾನು ಚಿಕ್ಕವನಿದ್ದಾಗ ತುಂಬಾ ಪುಸ್ತಕಗಳನ್ನು ಓದುತ್ತಿದ್ದೆ, ಈಗ ಫೋನ್‌ನಿಂದಾಗಿ ಉತ್ಸಾಹ ಕಡಿಮೆಯಾಗಿದೆ.",sad
ವರ್ಷಾ ವಾರದ ಸಭೆಯಲ್ಲಿ ನಿನ್ನನ್ನು ತೋಕ್ಲಾ ಎಂದು ಕರೆಯುತ್ತಾರೆ...ಇದು ನಿಜವೇ?,angry
ಮೂಲತಃ ಇವರು ಬಾಲಸೈನಿಕರಲ್ಲ ಏಕೆಂದರೆ ಅವರು ಬಾಳ್ ಠಾಕ್ರೆಯವರ ಅಭಿಪ್ರಾಯಗಳನ್ನು ಒಪ್ಪುವುದಿಲ್ಲ.,neutral
"ಹೇ ನಿಮ್ಮ ಭಾಷೆ ಏನು ರಾಣೆ ಅಂಕಲ್, ನಿಮ್ಮಿಂದ ನೀವು ಏನನ್ನು ನಿರೀಕ್ಷಿಸುತ್ತೀರಿ?",angry
ಭಕ್ತರಿಗೆ ಈ ವಿಡಿಯೋ ಇಷ್ಟವಾಗುವುದಿಲ್ಲ...,neutral
ತಲೆ ಇಲ್ಲದ ಸಚಿನ್ ಸಾವಂತ್ ಈಗ ಹಣವಂತ.,angry
"ಶರದ್ ಪವಾರ್ ಆಗಲು, ಆ ಪಿಜ್ಜಾವನ್ನು ನೀರಿನಲ್ಲಿ ನೆನೆಸಬೇಕಾಗಿಲ್ಲ.",neutral
ಇದನ್ನು ನೋಡಿದ ದಭೋ ಆತ್ಮವೂ ಸತ್ತಿತು.,sad
ಈ ಮಂಗಗಳೆಲ್ಲ ಖಾದ್ಯ!,angry
ಠಾಕ್ರೆ ಗುಂಪಿನ ನಾಯಕಿ ಸುಷ್ಮಾ ಅಂಧರನ್ ವಿರುದ್ಧ ಪ್ರಕರಣ ದಾಖಲು; ಈಗ ಭಾಸ್ಕರ್ ಜಾಧವ್ ಬಂಧನವಾಗುತ್ತಾ?,neutral
ಹಾಗಾದ್ರೆ ನಿಮ್ಮ ಖಾಜ್ ಸಾಹೇಬರು ಬೇರೆಯವರ ಅಪ್ಪನಿಂದ... ವೀಳ್ಯದೆಲೆ ಕದಿಯುತ್ತಾರೆ.,angry
"ಇನ್ನೇನು ಚುನಾವಣೆ ಆರಂಭವಾಗಲಿದೆ, ಟಾಸ್ ಆಗುವುದೇ?",neutral
ಮಳೆ ಮತ್ತು ಮಿಂಚು,neutral
ಫಿತೂರ್ ಇತಿಹಾಸದಲ್ಲಿ ಇದ್ದನು ಮತ್ತು ಪ್ರಸ್ತುತದಲ್ಲಿಯೂ ಇದ್ದಾನೆ.,angry
ನನ್ನ ಅಣ್ಣನನ್ನು ಕಳೆದುಕೊಂಡಾಗ ನೀನು ಹೀಗೆ ಪ್ರತಿಕ್ರಿಯಿಸಿದ್ದೀಯಾ?,angry
ನಲವತ್ತೊಂದನೇ ದೇಶದ್ರೋಹಿ ಬಿಜೆಪಿ ಶಾಸಕ ಹದಿನೇಳನೇ ಬಾವುಟ ಹಾರಿಸಿದರೆ ಏನಾಗಬಹುದು?,angry
ಈ ಮೂರ್ಖನ ಮೀಮ್ ಸಾರ್ವಜನಿಕರ ಮತವನ್ನು ಗೆದ್ದಿತು ಆದರೆ ಭದ್ರತಾ ಠೇವಣಿ ಮುಟ್ಟುಗೋಲು ಹಾಕಲಾಯಿತು.,angry
ಈ ನಿರ್ಧಾರವನ್ನು ಮರಾಠ ಸಮುದಾಯ ತೆಗೆದುಕೊಂಡಿಲ್ಲ.,sad
"ಅಷ್ಟೊಂದು ಮಜಾ ಇರಲಿಲ್ಲ...ಇವತ್ತು ನಮ್ಮ ರಜಾ, ಮಳೆಯಲ್ಲಿ ಮನೆಯಲ್ಲಿ ಇರಲು ಮನಸ್ಸಾಗಲಿಲ್ಲ",neutral
ಅವರು ಇದನ್ನು ಅರ್ಥಮಾಡಿಕೊಳ್ಳುತ್ತಾರೆ ಆದರೆ ತಿರುಗುವುದಿಲ್ಲ.,neutral
ಅವರ ತಂದೆ ಸಂತ ಸಂಪ್ರದಾಯದ ಸುಸಂಸ್ಕೃತ ಮಹಾರಾಷ್ಟ್ರದ ಮುಖ್ಯಮಂತ್ರಿಯಾಗಿದ್ದರು.,sad
ದೇಶಕ್ಕೆ ಬಿಜೆಪಿ ಕೊಡುಗೆ ಏನು ಎಂಬುದು ಗೊತ್ತಿಲ್ಲ...,angry
ದೂರು ಇನ್ನೂ ಇತ್ಯರ್ಥವಾಗಿಲ್ಲ.,neutral
ಆ ಏಜೆಂಟ್ ಎಷ್ಟು ಭ್ರಷ್ಟ ಎಂದು ತಿಳಿದಿದೆ,angry
ಇದರರ್ಥ ನಿಮಗೆ ಫಡ್ನವೀಸ್ ಸರ್ ಮೇಲೆ ನಂಬಿಕೆ ಇಲ್ಲವೆ? ಮನೆಯ ಮಾಲೀಕರು ಯಾರು?,neutral
"ಮತ್ತು ಇದು ಬಿಜೆಪಿಯ 10 ನೇ ಜನ್ಮ, ಧನು ಭಾಯ್, ಸ್ಫೋಟಕ್ಕೆ ಸಿದ್ಧರಾಗಿ.",neutral
"ಛತ್ರಪತಿ, ಶಾಹು, ಫುಲೆ, ಅಂಬೇಡ್ಕರ್ ಪ್ರೇಮಿಗಳಿಗೆ ಈ ಹೇಳಿಕೆ ವಿವಾದವಾಗಿದೆ.",angry
"ನೀವು ಕಠಾರಿ ಬದಲಿಗೆ ಕತ್ತಿಯನ್ನು ಬಳಸುತ್ತೀರಿ, ಆದರೆ ಹಿಂಭಾಗದಲ್ಲಿ ಮಾತ್ರ.",angry
ಆದರೆ ಇದು ನನಗೆ ಏಕೆ ನಡೆಯುತ್ತಿದೆ?,sad
ಯುಪಿಯಲ್ಲಿ ಈ ಸುದ್ದಿ ಇದ್ದಿದ್ದರೆ ನೀವು ಇಲ್ಲಿಯವರೆಗೆ ಮೌನವಾಗಿರುತ್ತೀರಾ?,angry
ನಾವು ಮಹಾರಾಷ್ಟ್ರ ಪ್ರೇಮಿಗಳು ಇದನ್ನು ಕೆಲವು ಬಾಲಿಶ ಜನರಿಗೆ ವಿವರಿಸಲು ನಿರ್ಬಂಧವನ್ನು ಹೊಂದಿಲ್ಲ,angry
ಫಡ್ನವೀಸ್ ನೇಮಕಾತಿಯಲ್ಲಿ ಪಿಡುಗು...,angry
"ಹುಲ್ಲಿನ ಬಣವೆಯಲ್ಲಿ ಸೂಜಿಯನ್ನು ಹುಡುಕುವುದು ಕಷ್ಟದ ಕೆಲಸ, ಕೊನೆಗೆ ಸಿಕ್ಕಿತು",happy
ನಮಗೆ ಭಾಗಶಃ ಜ್ಞಾನವಿಲ್ಲ. ಅಂಧ ಭಕ್ತರು ಸಂಪೂರ್ಣ ಅಜ್ಞಾನಿಗಳು.,angry
"ಈ ಮಹಿಳೆ, ಈ ಊಹಾಪೋಹ, ಕಳೆದ ತಿಂಗಳು ಎಲ್ಲಿದ್ದಳು? ಜೈ ಮಹಾರಾಷ್ಟ್ರ",neutral
ಕಪಾಳಮೋಕ್ಷ ಮಾಡಲು... ಮತ್ತು ದೇಶದ್ರೋಹಿಯನ್ನು ನೆನಪಿಸಲು... ಎಂತಹ ಅವಮಾನ.,angry
ಮೊದಲು ಕೀಟಲೆ ಮಾಡುವುದು ಮತ್ತು ನಂತರ ಮುದ್ದಿಸುವುದು ಎಷ್ಟು ಒಳ್ಳೆಯದು. ನೀವು ನಾಚಿಕೆಪಡಬೇಕು,angry
"ಅರೇ, ಪುಣೆಯ ನಿಮ್ಮ ಹೊಸ ಶಿಲ್ಪಿಗಳು ಮಾಡಿದ್ದು ಇದನ್ನೇ",angry
ಅಲ್ಲಿ ಅವರು ಅಬಾ ಪಾಟೀಲ್ ಅವರನ್ನು ಭೇಟಿಯಾದರು ಮತ್ತು ಸಮುದಾಯದ ಮರಾಠರನ್ನು ಹತ್ತಿಕ್ಕಿದರು,angry
ನಿಮಗೆ ಅತಿಸಾರವಾದಾಗ ಕೆಮ್ಮು ಮತ್ತು ಕೆಮ್ಮು...ನಿಮಗೆ ಉಸಿರಾಟದ ತೊಂದರೆ ಉಂಟಾಗುವುದೇ?,angry
ಇದು ಒಂದು ಶಕುನವಾಗಿದೆ,angry
ಪ್ರಯತ್ನಗಳು ಮತ್ತು ವೈಫಲ್ಯಗಳನ್ನು ಗೌರವಿಸುವುದಿಲ್ಲ ಎಂಬುದು ಸಂಪೂರ್ಣ ಸತ್ಯ.,sad
"ಪ್ರತಿಭಟನೆ, ಪ್ರತಿಭಟನೆ, ಪ್ರತಿಭಟನೆ... ಇದು ಯಾವ ಮಟ್ಟಕ್ಕೆ ಹೋಗುತ್ತದೆ, ಇದು ಭಯಾನಕ ವಿಕೃತಿ...",angry
ಈ ನಾಯಿಗಳು ಮಾತನಾಡದೆ ಬೆನ್ನು ಚಪ್ಪರಿಸಲು ಅರ್ಹವಾಗಿವೆ,angry
ಈ ದೋಷವು Twitter ಖಾತೆಯನ್ನು ಹೊಂದಿದೆಯೇ ??,angry
ನಿನ್ನೆ ಯೋಧ ಅರ್ಜ್ ವಾಪಸಾತಿಗಾಗಿ ಸಾಷ್ಟಾಂಗ ನಮಸ್ಕಾರ ಮಾಡಿದರು. ಕಾಡ್ಯಾ ಖೋರ್,angry
"ಇಂದು, ಕೆಲಸ ಮುಗಿದ ನಂತರ, ನಾನು ಒಂದು ಕಪ್ ಚಹಾ ಮತ್ತು ನನ್ನ ಹೃದಯ ಎರಡನ್ನೂ ತಿನ್ನುತ್ತೇನೆ.",sad
ಇತ್ತೀಚಿನ ದಿನಗಳಲ್ಲಿ ರಿಕ್ಷಾ ಚಾಲಕರು ಹುಚ್ಚ ಮತ್ತು ಕೊಲೆಗಾರರಾಗುತ್ತಿದ್ದಾರೆ.,angry
ಇದನ್ನು ಭಕ್ತಿ ಎಂದು ಕರೆಯಲಾಗುತ್ತದೆ ... ಅಂಧ ಭಕ್ತರು ಮತ್ತು ಅವರ ಭಕ್ತಿ ಧನ್ಯರು.,angry
ತಾಯಿ : ರಸ್ತೆಯಲ್ಲಿ ಹೋಗಿ ಹಗ್ಗ ಮುರಿದು ಕೊರಳಿಗೆ ನೇತು ಹಾಕಿದರೆ ಅರ್ಥವಾಗುತ್ತದಾ?,angry
ಮೋದಿಗೆ ಇಂತಹ ಅವಮಾನವನ್ನು ಸಹಿಸುವುದಿಲ್ಲ.. ನಿಷೇಧಿಸಲಾಗಿದೆ..,angry
ಸಂವಿಧಾನ ಏನು ಸಿಕ್ಕಿಹಾಕಿಕೊಂಡಿದೆ? ಹಾಗಾದರೆ ರಾಜಕೀಯ ನಡೆಯುತ್ತಿರುವುದು ಹೀಗೆ!,neutral
"ಅಷ್ಟ ಪ್ರದೇಶದಲ್ಲಿ ವಿದ್ಯುತ್ ವೈಫಲ್ಯ; ಅನಿಯಮಿತ ಲೋಡ್ ನಿಯಂತ್ರಣ, ಏರುತ್ತಿರುವ ವಿದ್ಯುತ್ ಬಿಲ್ ಮತ್ತು ಅನಾನುಕೂಲತೆಯಿಂದಾಗಿ ನಾಗರಿಕರು ಬಳಲುತ್ತಿದ್ದಾರೆ",sad
ಎರಡೂ ಅಂಕಗಳು ತಪ್ಪಾಗಿವೆ ಮತ್ತು ಆದ್ದರಿಂದ ಪೋಸ್ಟ್ ಅಸ್ತವ್ಯಸ್ತವಾಗಿದೆ.,neutral
ನೀವು ಮಾತ್ರ ಸಾಮಾಜಿಕ ಅಭಿಪ್ರಾಯವನ್ನು ಹೇಗೆ ನಿರ್ಧರಿಸುತ್ತೀರಿ ಎಂಬುದು ಅಧಿಕಾರದ ದುರಹಂಕಾರ,angry
ಇವರಿಂದ ನಮ್ಮ ಹಿಂದೂ ಧರ್ಮಕ್ಕೆ ಮಾನಹಾನಿಯಾಗಿದೆ.,sad
ದೇಶದ್ರೋಹಿಗಳಿಗೆ ಉದ್ಧವ್ ಬಾಳಾಸಾಹೇಬ್ ಠಾಕ್ರೆ ಹೆಸರಿನ ಮೌಲ್ಯ ತಿಳಿಯುತ್ತದೆ,angry
"ನೀವು ಕೋಳಿಗಳನ್ನು ಕದಿಯುತ್ತಿರಿ, ಉಳಿದದ್ದನ್ನು ನಾವು ನಂತರ ನೋಡೋಣ.",angry
ನಿಮ್ಮ ಭಾವನೆಗಳನ್ನು ನಿಯಂತ್ರಿಸಲು ಇಂದು ನಿಮಗೆ ಕಡಿಮೆ ದಿನವಾಗಿರುತ್ತದೆ,angry
ಈ ಜನರು ಹುಚ್ಚರಾ?,angry
ರೌತ್ಶೆಂಕಾ ರಾಜ್ಯ ಮತ್ತು ಖಾಸಗಿ ಕ್ರಿಕೆಟ್ ಸಂಸ್ಥೆಗಳನ್ನು ಒಂದೇ ಮತ್ತು ಒಂದೇ ಎಂದು ಪರಿಗಣಿಸುತ್ತಾರೆ. ಕೇವಲ!,angry
"ಕೇಳು, ಏನಾಯಿತು? ಹೊಂಡ ಇಲ್ಲವೇ?",angry
ಕಾಳಧನದಿಂದ ಬೆಲೆ ಹೆಚ್ಚಿಸುವ ಯೋಚನೆಯಲ್ಲಿರುವಂತೆ ಕಾಣುತ್ತಿದೆ...ಸಾರ್ವಜನಿಕ ವಿರೋಧ,angry
ಅವನು ಖಂಡಿತವಾಗಿಯೂ ಭಕ್ತ. ಮಾನಸಿಕ ವಿಕಲಚೇತನ,angry
ಎಷ್ಟೇ ವಿಷಪೂರಿತ ನಾಲೆಯೂ ನಿಮಗೆ ಸಹಾಯ ಮಾಡುವುದಿಲ್ಲ...ಮಹಾರಾಷ್ಟ್ರದಲ್ಲಿ ನಿಮ್ಮ ಸೋಲು ಖಚಿತ.,angry
"ಆ ಸಮಯದಲ್ಲಿ, ಸೆರೆಮನೆಯಿಂದ ಹೊರಬಂದ ನಂತರ ಸಾವನ್ನು ಕೈಗೆ ತೆಗೆದುಕೊಳ್ಳುವ ಅಭ್ಯಾಸವು ಹೆಚ್ಚಾಗಿ ಬಲಗೊಂಡಿತು.",angry
ಅಕೇಶಿಯಾ ಎಂದರೇನು? ಯಾವುದೇ ಬೆಂಕಿ ಇದೆಯೇ?,happy
ಇದು ಜಿಲೇಬಿಯನ್ನು ಮಾಡುವಂತೆಯೇ ಇರುತ್ತದೆ. ಅಮರಾವತಿಯ ಜನರು ತಕ್ಷಣ ಅವರನ್ನು ಹೃದಯಕ್ಕೆ ತೆಗೆದುಕೊಂಡರು.,angry
"ಸತ್ಯ ಅವರ ನಿಧನದ ನಂತರ, ಉದ್ಧವ್ ಅವರ ಮನಸ್ಸು ತೀವ್ರವಾಗಿ ಪ್ರಭಾವಿತವಾಗಿದೆ.",sad
ಹಾಗಾದರೆ ಮೈತ್ರಿಗೆ ಶರಣಾಗುವ ಮುನ್ನವೇ ಚುನಾವಣೆಗೆ ಸ್ಪರ್ಧಿಸಬೇಕಿತ್ತು?,neutral
ಅಲ್ಲಿ ಯಾರೂ ಇಲ್ಲ ಯಾಕೆ ಎಂದು ಭಟಾಳ್ಕರ್ ಕೇಳಿದಾಗ ಮುಖ ಗಂಟಿಕ್ಕುವುದು ಅಭ್ಯಾಸವಾಯಿತು.,angry
"ಬಿದ್ದುಹೋದರೂ ಬಿಜೆಪಿ ಸುಧಾರಿಸುವುದಿಲ್ಲ, ಇದು ನೀಚತನದ ಪರಮಾವಧಿ.",angry
"ಈಗ ಯಾರಿಗೆ ಮೋಸವಾಗಿದೆ ನೋಡಿ? ಮೂಳೆಯ ಬಗ್ಗೆ ಚಿಂತಿಸಿ, ನೀವು ಅದನ್ನು ನಂತರ ಕಂಡುಹಿಡಿಯುವುದಿಲ್ಲ",angry
ಹಾಗಾಗಿ ಎಲ್ಲರೂ ಪ್ರಕಾಶ್ ಬಾಬಾ ಆಮ್ಟೆ ಆಗಿರಲಿಲ್ಲ,happy
ಸಸ್ಯಾಹಾರಿ ಹಿಂದೂ ರಾಷ್ಟ್ರವೇಕೆ? ಹೌದಾದರೆ ಮಾಂಸಾಹಾರಿ ಹಿಂದೂಗಳ ಗತಿಯೇನು?,neutral
ಹಿಂದೂ ಸಂಘಟನೆಯನ್ನೇ ಕೇಳಿದರೆ ಯಾವ ಮಟ್ಟದಲ್ಲಿ ಇಷ್ಟೊಂದು ಸಿಟ್ಟು ಬರುತ್ತಿದೆ ಎಂಬುದು ಭೋಸರಿಯ ಪ್ರಶ್ನೆ.,angry
ತಲೆ ಅಲ್ಲಾಡಿಸುವ ನಂದಿ ಬೈಲ್ ಮುಖ್ಯಮಂತ್ರಿಯನ್ನು ಭೇಟಿ ಮಾಡಿದ್ದಾರೋ ಇಲ್ಲವೋ ಅರ್ಥವಾಗುತ್ತಿಲ್ಲ...,angry
ಉಮೇದುವಾರಿಕೆ ರದ್ದಾಗುತ್ತದೆ ಎಂಬ ಕಾರಣಕ್ಕೆ ಈ ನಾಟಕ ಮಾಡಿರಬೇಕು,angry
"ನೀವು ಕೋಪರ್ಡಿ ಬಗ್ಗೆ ಮಾತನಾಡುತ್ತಿಲ್ಲ, ಅಪರಾಧಿಗಳಿಗೆ ಇನ್ನೂ ಶಿಕ್ಷೆಯಾಗಿಲ್ಲ.",angry
ಈ ಸಿಮೆಂಟ್ ರಸ್ತೆಗಳಿಂದಾಗಿ ಮಳೆಗಾಲದಲ್ಲಿ ನಗರಗಳು ಜಲಾವೃತಗೊಳ್ಳುತ್ತವೆ.,sad
ಇದಕ್ಕೆ ಉತ್ತರವಾಗಿ ಭಕ್ತರು ಸಂತರ ವಂಶಾವಳಿ ಕೇಳುವುದಿಲ್ಲ ಎಂದು ಹೇಳುವರು.,neutral
ಕರೋನಾ ಚಪ್ಪಾಳೆ ತಟ್ಟುತ್ತಾ ಹೊರಟುಹೋಯಿತು...ಮಳೆಗೆ ಏನಾದ್ರೂ ಇದೆಯಾ ನೋಡು??....,angry
"ಸರ್, ನೀವು ಈ ಪರೀಕ್ಷೆಯಲ್ಲಿ ಫೇಲ್ ಆಗುತ್ತೀರಿ - ಸಮರ್ಪಿತ ಶಿವ ಸೈನಿಕ.",angry
ಮುಖ್ಯಮಂತ್ರಿ ಹುದ್ದೆಯ ಮೇಲೆ ಕುಳಿತ ನಾನು ನಿಮ್ಮ ಮಂದಗತಿಯ ಚಿಂತನೆಯತ್ತ ಗಮನಹರಿಸಲಿಲ್ಲ ಎಂದು ಉತ್ಸುಕನಾಗಿದ್ದೆ.,angry
ಮಾಧ್ಯಮ ಎಲ್ಲಿದೆ? ....ಹಾಗಾದರೆ ನೀನು ಕೂಲಿಗೆ ಯಾರು?,angry
"ಅವರೂ ಚಪ್ಪಾಳೆ ತಟ್ಟಿ, ಹೇ ಮೇಡಂ, ನೀವು ಪತ್ರಕರ್ತರಾಗಿದ್ದರೆ ಹೇಳಿ.",neutral
ಅದೇ ಹೆಸರಿನ ಖಾಸಗಿ ಲಿಮಿಟೆಡ್ ಕಂಪನಿಯಲ್ಲಿ ಅವ್ಯವಹಾರ ನಡೆದಿದೆ. ಅಂದರೆ ಓಡಿಹೋಗದವನು,neutral
"ಛೇ, ಕಮಲಾಬಾಯಿಯ ಶಿಷ್ಯರು ದೇಶದ್ರೋಹಿಗಳ ಜೊತೆ ಮಾತಾಡಿ ಇಷ್ಟೊಂದು ಬಿಸಿ ತಟ್ಟುತ್ತಿರುವುದೇಕೆ?",angry
ದ್ರೋಹಕ್ಕೆ ಕ್ಷಮೆ ಇಲ್ಲ..!! ಅವರ ವಿರುದ್ಧ ಕ್ರಮ ಕೈಗೊಳ್ಳಲಾಗುವುದು..!!!,angry
ಇಂದಿಗೂ ಹುಡುಗರು ಶಾಲೆಗೆ ಮೂರ್ನಾಲ್ಕು ಕಿಲೋಮೀಟರ್ ನಡೆದುಕೊಂಡು ಹೋಗುತ್ತಾರೆ.,sad
% ಅಪಮಾನ ಮಾಡಿದ್ದು ನಿಜ...ಬಿಜೆಪಿ ಮಹಾರಾಷ್ಟ್ರ ಜೊತೆಗಿದೆ...,angry
"ಚಾಲಕ ಶ್ರೀಮಂತನಾಗಿ ಕಾಣುತ್ತಾನೆ, ಕಳ್ಳನು ಭಿಕ್ಷುಕನಾಗುತ್ತಾನೆ, ಆದ್ದರಿಂದ ಅವನನ್ನು ನಿಮ್ಮ ಹೃದಯದಿಂದ ಕ್ಷಮಿಸಿ. - ಉದಾರವಾದಿ",neutral
ತಲೆಯ ಮೇಲೆ ಬಿದ್ದರೆ ಏನಾಗುತ್ತದೆ? ಗೌರವಾನ್ವಿತ. ಬಾಳಾ ಸಾಹೇಬರಿಗೆ ಮೊದಲಿನಿಂದಲೂ ಕಾಂಗ್ರೆಸ್ ಮತ್ತು ನ್ಯಾಶನಲಿಸ್ಟ್ ಕಾಂಗ್ರೆಸ್ ಬೇಡವಾಗಿತ್ತು.,angry
ನಮ್ಮ ದುರದೃಷ್ಟವಶಾತ್ ಇಂತಹ ಪತ್ರಕರ್ತರು ಮರಾಠಿಯಲ್ಲಿದ್ದಾರೆ,sad
ಯಾವುದೇ ಮಾರ್ಗವಿಲ್ಲ,neutral
ರಾಜ್ ಸಾಹೇಬರು ಆ ಅಜ್ಜನನ್ನು ತೆಗೆದದ್ದು ಹೇಗೆ ಗೊತ್ತಾ?,angry
ಈ ಜಾತಿ ಹನ್ನೆರಡು ಮನೆಯಲ್ಲಿ... ದಪ್ಪಕನ್ ಪಿಟ್ ನಲ್ಲಿ,angry
"ಅವರು ಕುಳಿತಾಗ, ಅವರಿಗೂ ಕೆಟ್ಟ ಭಾವನೆ ಉಂಟಾಗುತ್ತದೆ.",angry
"ಮೊದಲು ನಿಮ್ಮನ್ನು ನೋಡಿ, ಪುರಂದರರಿಗೆ ಗುಂಪಿನಲ್ಲಿ ಉಳಿದವರು ಸಿಗುತ್ತಾರೋ ಇಲ್ಲವೋ ನೋಡಿ",neutral
"ಪ್ರತಿಯೊಬ್ಬರೂ ದರ್ಗಾ ಮತ್ತು ಮಸೀದಿಗಳನ್ನು ನೋಡುವ ಅಭ್ಯಾಸವನ್ನು ಹೊಂದಿದ್ದಾರೆ, ಆದ್ದರಿಂದ ಇದು ಸ್ವೀಕಾರಾರ್ಹವಲ್ಲ.",neutral
"ನಿಮ್ಮ ಬಳಿ ಧೋತಿ ಏಕೆ ಇಲ್ಲ ಎಂದು ಈಗ ನನಗೆ ಅರ್ಥವಾಯಿತು, ನೀವು ಚಿಂದಿಯಿಂದ ತೆಳುವಾದ ಕುಪ್ಪಸವನ್ನು ಸಂಗ್ರಹಿಸಿದ್ದೀರಿ.",angry
"ಮುಂದೆ ಏನಾಯಿತು, ಅದು ಮುರಿದುಹೋಗಿದೆಯೇ?",angry
ಚಂಪಾ ಅವರ ಕೆಲಸವೇನು?,angry
ನೀವು ಯಾವ ಕೋರ್ಸ್ ಮಾಡುತ್ತಿದ್ದೀರಿ?,angry
ನನಗೆ ಇನ್ನೂ ಅರ್ಥವಾಗುತ್ತಿಲ್ಲ,neutral
"ಇದರಿಂದ ಮರುಸಂಘಟಿತ ರೈತರಿಗೆ ಅನ್ಯಾಯವಾಗಿದೆ, ನಮಗೆ ಯಾವುದೇ ಪ್ರಯೋಜನವಾಗುತ್ತಿಲ್ಲ",sad
"ಇದನ್ನು ಓಡಿಹೋಗುವುದು ಎಂದು ಕರೆಯಲಾಗುತ್ತದೆ, ಹಿಮ್ಮೆಟ್ಟುವುದಿಲ್ಲ, ಇದು ಪ್ರಾರಂಭವಾಗಿದೆ.",angry
ಜನರು ಧರಸೋದ್ ಧೋರಣೆಯ ಮೇಲೆ ಮತ ಹಾಕುತ್ತಾರೆ ಎಂಬುದು ದೊಡ್ಡ ತಪ್ಪು ಕಲ್ಪನೆ.,angry
ಭಾರತ ಯಾವಾಗ ಒಡೆಯಿತು ಅಥವಾ ಭಾರತವನ್ನು ಒಂದುಗೂಡಿಸಲು ನೀವು ಆಂದೋಲನ ಮಾಡುತ್ತಿದ್ದೀರಾ?,angry
"ಹೇ ಸರ್, ಯಾರು ಪಂದ್ಯಗಳನ್ನು ಓದುವುದಿಲ್ಲ, ನೀವು ನಿಮ್ಮ ಅಭಿಪ್ರಾಯಗಳನ್ನು ಏಕೆ ವ್ಯಕ್ತಪಡಿಸುತ್ತಿದ್ದೀರಿ?",neutral
ಸೇನೆಯ ಉದ್ವಿಗ್ನತೆ ಹೆಚ್ಚಿದೆ! ಶಾಸಕ ಏಕನಾಥ್ ಶಿಂಧೆ ನಂತರ ಉದ್ಧವ್ ಠಾಕ್ರೆ ಅಭ್ಯರ್ಥಿ ಕಣಕ್ಕಿಳಿಯುತ್ತಾರಾ?,happy
ಎಂದಿನಂತೆ ಇದು ಬಿಜೆಪಿಯ ಐಟಿ ಸೆಲ್ ಬೇಬಿ ಮಾಡಿದ ಹುಸಿ ಕೆಲಸ...,angry
ಅತುಲ್ ತಲೆಗೆ ಗಾಯವಾಗಿರುವುದು ಖಚಿತವಾಗಿದೆ.,angry
"ಬಾಳಾ ಸಾಹೇಬರ ಪಕ್ಷ, ಅವರು ಪಕ್ಷ ಶುರು ಮಾಡಿ ಮುಗಿಸಿದರು, ಅದು ಅವರ ಆಸೆ, ನಮಗೇನು ಸಂಬಂಧ?",happy
ಈ ಭ್ರಷ್ಟ ಚಾಗ್ನಾ ನಮಗೇಕೆ ಕಲಿಸಬೇಕು?,angry
ಬಿಜೆಪಿಯಿಂದಾಗಿ ಪುಣೆಯಲ್ಲಿ ಎಲ್ಲವೂ ಮೈನಸ್ ಆಗಿದೆ,sad
ಕರ್ತವ್ಯ ನಿರ್ವಹಿಸುವಾಗ ಹುತಾತ್ಮರಾದ ನನ್ನ ಎಲ್ಲಾ ಪೊಲೀಸ್ ಸಹೋದರರಿಗೆ ಭಾವಪೂರ್ಣ ಶ್ರದ್ಧಾಂಜಲಿ.,happy
ಆಗಲೇ ನಿರ್ಧಾರ ತೆಗೆದುಕೊಂಡಿದ್ದರೆ ಸಭೆಯಲ್ಲಿ ಯಾವ ಮುಖ ಇಟ್ಟುಕೊಂಡು ಹೇಳಲಾಗಿದೆ?,angry
"ಅಲ್ಲಿ ಹಣ ಸಿಕ್ಕಿದೆ, ಇಲ್ಲಿ ಬಿಜೆಪಿ ಬಲಿಷ್ಠವಾಗಿದೆ, ಹೀಗಾಗಿ ಯಾರಿಗೂ ಹಣ ನೀಡಿಲ್ಲ, ಹೀಗಾಗಿ ಇದೆಲ್ಲ.",angry
"ಈ ಇತಿಹಾಸ ಮರುಕಳಿಸುತ್ತಿದೆ. ಅದು ದೇಹಕ್ಕೆ ಬಂದರೆ, ಕೊಂಬುಗಳಿಗೆ ತೆಗೆದುಕೊಳ್ಳಿ.",happy
ಬಿಜೆಪಿಯವರೇ ನಿಮ್ಮ ಪರಿಸ್ಥಿತಿ ಮುಂದಿನ ದಿನಗಳಲ್ಲಿ ತೀರಾ ಹದಗೆಡಲಿದೆ.,angry
'ಮರಾಠಿ ಅಸ್ಮಿತಾ ವಾರ್ಲಿಯ ರೇ ಕಿ ಗುತಾರ್ಚಾ' ಇಷ್ಟವಾಗತೊಡಗಿತು.,angry
ಬಿಜೆಪಿ ನಾಯಕರು ವಿನಾಶದ ಕಾಲಕ್ಕೆ ವಿರುದ್ಧವಾಗಿ ಬುದ್ಧಿವಂತಿಕೆಯಿಂದ ಹೊರಟಿದ್ದಾರೆ.,angry
ಹಿಂದೂ ಹೆಣ್ಣುಮಕ್ಕಳಿಗೆ ಬುದ್ಧಿ ಬರುವವರೆಗೂ ಇದು ಮುಂದುವರಿಯುತ್ತದೆ,angry
ಅನಕ್ಷರಸ್ಥರು ಅನಕ್ಷರಸ್ಥರು,angry
ಸಂಜಯ್ ಜಾಧವ್ ರಾಜ್ಯಸಭೆಯಲ್ಲಿ ಸೋತಾಗ ಸಂಸ್ಕೃತಿ ಎಲ್ಲಿ ಹೋಯಿತು? ಬಾಕ್ಸ್ ಅಸ್ಪಷ್ಟತೆ,angry
ಲಯ ಬದಲಾಗುತ್ತಿದೆ,angry
ಸತಾರಾದಲ್ಲಿ ಕಾರು ಮತ್ತು ಟೆಂಪೋ ನಡುವೆ ಮಾರಣಾಂತಿಕ ಡಿಕ್ಕಿ; ಜನರು ಸ್ಥಳದಲ್ಲೇ ಸಾವನ್ನಪ್ಪಿದ್ದಾರೆ,sad
"ಇವು ದೇಶದ್ರೋಹಿಗಳ ಪ್ಯಾದೆಗಳು,",angry
ಇಷ್ಟು ದೊಡ್ಡ ಮೊತ್ತದ ಹಣ ಎಲ್ಲಿಂದ ಬರುತ್ತದೆ ಎಂಬ ಪ್ರಶ್ನೆಯನ್ನು ಎಲ್ಲ ಜನ ಸಾಮಾನ್ಯರು ಕೇಳುತ್ತಾರೆ.,happy
ನಾವು ಈಗ ಎಷ್ಟು ದಿನ ಕಾಯಬೇಕು ಎಂದು ನೀವು ಟ್ವೀಟ್ ಮಾಡಿದಾಗ ಅದನ್ನು ಏಕೆ ಹಾಕಲಿಲ್ಲ,angry
ಬೇರೆ ಹೆಸರನ್ನು ಸೂಚಿಸಿಲ್ಲವೇ? ಅಫ್ಜಲ್ ಖಾನ್ ಏಕೆ?,angry
ಮೌನಮೋಹನರಂತೆ ಮೌನವಾಗಿರುವುದನ್ನು ಕಲಿತರೂ ಸಾಧಿಸುವುದು ಬಹಳಷ್ಟಿದೆ,angry
"ದೇಶ-ರಾಜ್ಯದ ಬ್ಯಾಂಡ್ ಬಾರಿಸಲಾರಂಭಿಸಿದೆ, ಆದರೆ ಬಡವರ ಬಳಿ ಹೋದವರ ಬ್ಯಾಂಡ್ ಬಾರಿಸಲಾರಂಭಿಸಿದೆ.",angry
ಮತ್ತು ದ್ರೋಹಕ್ಕೆ ಧನ್ಯವಾದಗಳು !!!!!,angry
ಅವನು ಭಿಕ್ಷುಕ.. ಯಾರೂ ಕೇಳದಿದ್ದರೂ ಭಿಕ್ಷೆ ಬೇಡುತ್ತಾನೆ. ಚಾಮ್ಯಾ!,angry
"ಸುಣ್ಣ ಕಮಿಷನ್ ಇದೆ, ಸುಣ್ಣ ಹಾಕುವ ಕೆಲಸ ಮಾತ್ರ ನಡೆಯುತ್ತಿದೆ.",angry
"ಆದ್ದರಿಂದ, ಹೆಸರಿಸುವ ವಿಭಾಗವು ಅವುಗಳನ್ನು ಮರುನಾಮಕರಣ ಮಾಡಲು ನಿರ್ಧರಿಸಿದೆ - ""ಫ್ಲಟರಿಂಗ್ ಕ್ಯಾಸಾವಿಸ್""!!",angry
ಮಾಡಲೇ ಬೇಕು... ನಾನೇಕೆ ಕೆಂಪಾಗಬೇಕು... ಆಗಬೇಕು?,neutral
ಇದು ಒಂದು ತೋಟಗಾರನಲ್ಲಿ ಎಲ್ಲಾ ಹಣ. ರಾಜಕೀಯವನ್ನು ಕಡಿಮೆ ಮಾಡಿ ಮತ್ತು ನಿರುದ್ಯೋಗದ ಮೇಲೆ ಕೇಂದ್ರೀಕರಿಸಿ,neutral
ಈ ಸುಳ್ಳನ್ನು ತೋರಿಸಬೇಕಾಗುತ್ತದೆ...ಇಲ್ಲದಿದ್ದರೆ ಅವರ ಪಕ್ಷ ಉಳಿಯುವುದು ಹೇಗೆ ಮತ್ತು ಅವರ ಮನೆ ತುಂಬುವುದು ಹೇಗೆ.,angry
ಎಲ್ಲ ಪಕ್ಷಗಳೂ ಈ ವಂಚಕ ಷಡ್ಯಂತ್ರ ನಡೆಸುತ್ತಿವೆ ಎಂದು ಹೇಳಲಾಗದು.,angry
ನಾನು ಸಾಯುತ್ತಿದ್ದೇನೆಯೇ? ನೀನು ನನ್ನ ಕಣ್ಣುಗಳನ್ನು ತೇವಗೊಳಿಸಿದೆ!,sad
ಶಿವಸೇನೆಯ ಚುನಾವಣಾ ಚಿಹ್ನೆಯನ್ನು ವಶಪಡಿಸಿಕೊಳ್ಳುವುದು ಅವರ ಏಕೈಕ ಉದ್ದೇಶವಾಗಿತ್ತು.,angry
ನಾವು ಯಾರಿಗಾದರೂ ದೂರು ನೀಡಬೇಕಾದರೆ ಅನೇಕ ರಿಕ್ಷಾ ಟ್ಯಾಕ್ಸಿ ಚಾಲಕರು ನಿರಾಕರಿಸುತ್ತಾರೆ.,neutral
ಈ ಮನುಷ್ಯ ಮಹಾರಾಷ್ಟ್ರದಲ್ಲಿ ಬರ ತರುತ್ತಾನೆ,angry
ಅದು ನಿಷ್ಪ್ರಯೋಜಕವಾಗಿತ್ತು,angry
ನೀವು ನೀರಜ್ ಚೋಪ್ರಾ ಅವರಿಗಿಂತ ಬಹಳ ಮುಂದೆ ಹೋಗಿದ್ದೀರಿ.,happy
ಇದು ತೇವವಾಗಿತ್ತು?,neutral
ಮನುಷ್ಯ ಎಂಬ ಕಾರಣಕ್ಕೆ ಬಯಲಿಗೆಳೆದು ಹೊಡೆಯಬೇಕು’ ಎಂದು ಹೇಳಿದರು.,angry
"ಮುಂಬೈ ಪ್ರತಿ ವರ್ಷ ನಡೆಯುತ್ತದೆ, ಅದರ ಶಿಲ್ಪಿಗಳ ಬಗ್ಗೆಯೂ ಮಾತನಾಡುತ್ತಾರೆ.",angry
"ದಾದಾ, ನಮಗೆ ಭಿಕ್ಷೆ ಬೇಡುವ ಅಭ್ಯಾಸವಿಲ್ಲ.",happy
ಇದು ಉದ್ಧವ್ ಠಾಕ್ರೆ ಅವರಿಗೆ ಚುನಾವಣೆಯಲ್ಲಿ ಗೆಲ್ಲಲು ಅನ್ಯಾಯದ ವಾತಾವರಣವಾಗಿದೆ.,angry
ಮತ್ತು ಇದು ನಿಜವಾಗಿದ್ದರೆ ಅವನು ಬೆತ್ತಲೆಯಾಗಿ ಕತ್ತೆಯ ಮೇಲೆ ಕುಳಿತುಕೊಳ್ಳುತ್ತಾನೆಯೇ ????,angry
ಈ ಉಲ್ಲೇಖವು ವೈಶಾಖ್ ನಂದನ್ ಅವರದ್ದು....,angry
"ಬಿಜೆಪಿ ರಾಜವಂಶವನ್ನು ಕೊನೆಗಾಣಿಸಲು ಬಯಸುತ್ತದೆ, ಆದ್ದರಿಂದ ಈ ಕನಸುಗಳನ್ನು ಕಾಣಬೇಡಿ ರಾಜ್ ಸಾಹೇಬ್.",neutral
ನೀವು ಯಾವಾಗಲೂ ಅವರ ಅನಿಯಮಿತ ವಿದ್ಯುತ್ ಪೂರೈಕೆಯನ್ನು ಬಳಸುತ್ತೀರಿ ಮತ್ತು ಅವರ ಸಾಮಾನ್ಯ ಬಿಲ್‌ಗಳನ್ನು ಸಮಯಕ್ಕೆ ಪಾವತಿಸಿ.. ಇದು ಅವರ ಶಿಕ್ಷೆ..,angry
"ಅಭಿವೃದ್ಧಿ, ಸ್ಮಾರ್ಟ್ ಸಿಟಿ ಹೆಸರಿನಲ್ಲಿ ಸಾರ್ವಜನಿಕರ ವಂಚನೆ, ರಾಜಕಾರಣಿಗಳ ಸಂಪತ್ತು ಕಾಣುತ್ತಿದೆ.",angry
ಬಾರಾಮತಿಯ ಈರುಳ್ಳಿ ಮಾತ್ರವಲ್ಲದೆ ಇಡೀ ಭೂಮಿಯೇ ಹಾಳಾಗಿದೆ.,angry
ಕಡಿಮೆ ಮಟ್ಟದ ಆಲೋಚನೆಯನ್ನು ನೋಡಿ. ಇಂತಹ ವಿಕೃತ ಮನಸ್ಥಿತಿ ಸಮಾಜಕ್ಕೆ ಅತ್ಯಂತ ಅಪಾಯಕಾರಿ.,angry
"ಅಸಹಾಯಕತೆ, ನಿಮಗೆ ಏನು ಅನ್ವಯಿಸುತ್ತದೆ?",neutral
ಸುಂಭ ಸುಟ್ಟರೂ ಇನ್ನೂ ಪಿಲ್ ಹೋಗಿಲ್ಲ,neutral
ನಮ್ಮ ನೆರೆಮನೆಯ ರವಿಯೊಂದಿಗೆ ನಾವು ಜಗಳವಾಡಿದ್ದೇವೆ ಆದ್ದರಿಂದ ಈ ವರ್ಷ ರವಿಯ ಲಾಡೂ ರದ್ದುಗೊಂಡಿತು!,neutral
ನಕ್ಕಿ ಬಾಳಾ ಸಾಹೇಬ್ ಸೋದರ ಮಾವ ಏಕೆಂದರೆ ಕಮಲಾಬಾಯಿ ಹೆಗಲ ಮೇಲೆ ಬಂದೂಕು ಹಿಡಿದು ದೇಶದ್ರೋಹಿಗಳ ಅಜೆಂಡಾ ನಡೆಸಿದ್ದಾಳೆ.,angry
"ನಾನು ಒಪ್ಪುತ್ತೇನೆ, ಸಂಜಯ್ ಇದನ್ನು ಮಾಡಬೇಕು. ಬುದ್ಧ",angry
ಶಾಂಡಿ ಜಾನೆವೇ ಪ್ರಾಚೀನ ಕಾಲದಿಂದಲೂ ಏನನ್ನೂ ತಿನ್ನುತ್ತಿದ್ದಾನೆ... ಮಣ್ಣು ಕೂಡ.,angry
ಶಾರ್ಟ್ಸ್ ನಲ್ಲಿ ಅಲ್ಲ..ಗುದದ್ವಾರದಲ್ಲಿ,angry
ಇದು ಸರಿಯಲ್ಲ ಅಧ್ಯಕ್ಷರೇ. ಸಮಯವು ಯಾರನ್ನೂ ಆಕ್ರಮಣ ಮಾಡಬಹುದು,neutral
ಶುಭೋದಯ!!! ಇಂದು ಕಣ್ಣೀರಿನ ಮುಖಗಳು ಮತ್ತು ಕಣ್ಣೀರಿನ ಪ್ರತಿಕ್ರಿಯೆಗಳನ್ನು ನೋಡಲು ಸಿದ್ಧರಾಗಿ...,neutral
ಆತ್ಮಗೌರವವನ್ನು ಮಾರಿಕೊಂಡು ಅಧಿಕಾರಕ್ಕೆ ಬಂದಿರುವ ನೀವು ದೇವೇಂದ್ರ ಜೀ ಬಗ್ಗೆ ಮಾತನಾಡಲು ಅರ್ಹರಲ್ಲ.,angry
ಬುದ್ಧಿಮತ್ತೆಯಲ್ಲಿ ನಿರಂತರ ಸುಧಾರಣೆಯ ಅವಶ್ಯಕತೆ ಇದೆ ದಾಸಾ ಜೀ!! ನೀನು ಕೂಡ ಪಪ್ಪುವಿನಂತೆ,angry
ಹೀಗಾದರೆ ಮಹಾರಾಷ್ಟ್ರಕ್ಕೆ ಎಷ್ಟು ಉದ್ಯಮಿಗಳು ಬರುತ್ತಾರೆ...,angry
ನಿಮ್ಮಂತಹ ದೇಶದ್ರೋಹಿಗಳು ಈ ಬಗ್ಗೆ ಚಿಂತಿಸುವ ಅಗತ್ಯವಿಲ್ಲ.,angry
ನಿಜವಾದ ಕಾಂಗ್ರೆಸಿಗರೇ... ಇನ್ನೂ ಕಾರಿನಲ್ಲಿ ಸಿಕ್ಕಿಬಿದ್ದಿದ್ದಾರೆ.,neutral
"ಮತ್ತು ಹೇಳಿ, ನಾನು ಬಾಳಾ ಸಾಹೇಬರ ನಿಜವಾದ ಶಿವಸೈನಿಕ ಮತ್ತು ದಿಘೆ ಸಾಹೇಬರ ಶಿಷ್ಯ! ಮೂಳೆ ದ್ರೋಹಿ",angry
ನೀನು ಇಷ್ಟು ಹಳ್ಳಿಯಂತಾಗುತ್ತೀಯಾ... ಆಚಾರ್ಯನ ಬದಲು ಹಳ್ಳಿಯವನನ್ನಾಗಿ ಮಾಡುತ್ತೀಯಾ ಎಂದು ನಾನು ಅಂದುಕೊಂಡಿರಲಿಲ್ಲ.,angry
ಮರಾಠ ಮೀಸಲಾತಿಯ ಬೇಡಿಕೆ ತುರಿಕೆಯೇ? ಸಾವಂತ್ ರಾಜೀನಾಮೆಗೆ ಎನ್‌ಸಿಪಿ ಒತ್ತಾಯಿಸಿದೆ.,angry
ಶ್ರೀ ಬಾಳಾ ಸಾಹೇಬರು ದೇಶದ್ರೋಹಿ ಅಲ್ಲ ಎಂದು ಈಗ ಠಾಕ್ರೆ ನಿಮಗೆ ಕಲಿಸುತ್ತಾರೆ.,angry
ನಾಗ್ಪುರದ ಜನರು ಮರಾಠಿ ಮತ್ತು ಹಿಂದಿ ಮಾತನಾಡುವುದೇಕೆ...,neutral
ಇಂದು ಹಾಸಿಗೆಯಲ್ಲಿ ನೀರಿನ ದಿನ,neutral
ಕಮಲವು ಬೆಳೆಯುವುದಿಲ್ಲ ಎಂದು ಅದು ಸಂಭವಿಸುತ್ತದೆ,neutral
"ನಾಯಕತ್ವ ಏಕೆ? ನಿಮ್ಮ ಮೋದಿ ಅತ್ಯಾಚಾರಿಗಳಿಗೆ ಅಲ್ಲಿಗೆ ಹೋಗಲು ಬಿಡುತ್ತಿದ್ದಾರೆ, ಕಣ್ಣು ತೆರೆಯಿರಿ..!!",angry
ಯಾಕೆ ಈ ಅನ್ಯಾಯ? ಈ ವ್ಯವಸ್ಥೆಯು ಸ್ವಾಯತ್ತ ಸಂಸ್ಥೆಯಾಗಿದ್ದರೆ ಅಂತಹ ತಾರತಮ್ಯ ಏಕೆ ??,angry
ಏನೂ ಆಗುವುದಿಲ್ಲ. ಈಗ ಅದು ಮುಗಿದಿದೆ.,neutral
ಮೊದಲು ಮತ್ತು ಈಗ ಅಲ್ಲ,neutral
ಅತಿಯಾದ ಆತ್ಮವಿಶ್ವಾಸ ಎಲ್ಲಿಂದ ಬರುತ್ತದೆ?,happy
ಆದರೆ ಅವನು ನಿನ್ನ ಮೇಲೆ ಏಕೆ ಕೋಪಗೊಂಡಿದ್ದಾನೆ? ಆ ಟ್ವೀಟ್ ಚೇಷ್ಟೆಯಂತಿದೆ.,angry
"ರಾವುತ್, ಅಂಧಾರೆ, ಜಾಧವ್, ಸಾವಂತ್ ಹೀಗೆ ನಿಂದನೀಯ ಭಾಷೆ ಬಳಸುತ್ತಿದ್ದಾರೆ ಏಕೆಂದರೆ ಎಲ್ಲರೂ ಉಳಿದ ಸೇನೆಯನ್ನು ಪ್ರವೇಶಿಸಿದ್ದಾರೆ.",angry
ಶಿವಸೇನೆ ಉದ್ಧವ್ ಬಾಳಾಸಾಹೇಬ್ ಠಾಕ್ರೆ ಪಕ್ಷದ ಮುಖಂಡ ಶಾಸಕ ಭಾಸ್ಕರ್ ಜಾಧವ್ ಅವರ ಮನೆ ಮೇಲೆ ದಾಳಿ ನಡೆಸಲು ಯತ್ನಿಸಿದರು.,angry
ಕರಿಷ್ಮಾ ಕಾಕು ಅವರನ್ನು ಖಂಡಿಸಿದ್ದಾರೆ ಎಂದು ನಾನು ಅರ್ಥಮಾಡಿಕೊಂಡಿದ್ದೇನೆ,neutral
ಯಾರು ಎಲ್ಲಾ ಕೀಟಗಳನ್ನು ತೃಪ್ತಿಪಡಿಸುತ್ತಾರೆ ಮತ್ತು ಪೋಷಿಸುತ್ತಾರೆ,angry
ನಿಮ್ಮನ್ನೂ ಜೈಲಿಗೆ ಹಾಕಬೇಕು ಎಂದು ಪಾಟೀಲ್ ಹೆಸರು ತರುತ್ತಿದ್ದಾರೆ,angry
ವರ್ಷಗಟ್ಟಲೆ ಹೊಲಸು ರಾಜಕಾರಣ ಮಾಡಿದರೂ ಅವರ ಪರವಾಗಿಯೇ ನಿಂತಿರುವುದು ಅಚ್ಚರಿಯ ಸಂಗತಿ.,happy
ಗಂಟೆ ಪರವಾಗಿಲ್ಲ. ....ಏನನ್ನೂ ಬಗ್ಗಿಸಲಾರೆ.,neutral
ಅದು ತನ್ನ ಕೆಳಗಿನ ಕತ್ತಲನ್ನು ನೋಡಲಾರದು.,angry
ಮೇಲಿನ ಟ್ವೀಟ್ ಉಳಿಸಿ ಋಣ ತೀರಿಸುವ ಬಗ್ಗೆ ಮಾತನಾಡಿದ ವ್ಯಕ್ತಿಗೆ ಏನಾಯಿತು?,angry
ಆದರೆ ಇದೊಂದು ಧರ್ಮಯುದ್ಧ.,neutral
ಈ ಅತ್ಯಾಚಾರಿಗಳ ಮೇಲೆ ಸಿಬಿಐ ತನಿಖೆ ಯಾವಾಗ?,angry
ಅಭಿವ್ಯಕ್ತಿ ಸ್ವಾತಂತ್ರ್ಯದ ಬಗ್ಗೆ ಮಾತನಾಡಲು ನಿಮಗೆ ನಾಚಿಕೆಯಾಗುವುದಿಲ್ಲವೇ?,angry
"ಇವು ಬವಾಂಕುಲವಲ್ಲ, ದೂಧಖುಲ",angry
ಹಣದುಬ್ಬರವು ತುಂಬಾ ಹೆಚ್ಚಾಗಿದೆ ಮತ್ತು ಅದನ್ನು ಕಡಿಮೆ ಮಾಡಲು ನಿಮ್ಮ ಬಾಸ್‌ಗೆ ಹೇಳಿ,angry
"ಓ ಬುದ್ದಿವಂತನೇ, ಆ ರತ್ನಗಿರಿ ಹುಡುಗನಿಗೂ ಕಲಿಸು.",angry
"ನಮ್ಮ ನಾಚಿಕೆಯನ್ನು ನಾವು ನೋಡುತ್ತೇವೆ, ನಿಮ್ಮಂತಹ ದೇಶದ್ರೋಹಿ ಇದನ್ನು ಹೇಳಲು ಅಗತ್ಯವಿಲ್ಲ,",angry
ಕಷ್ಟವಾಗಿದೆ,neutral
ಕರ್ತವ್ಯದ ವೇಳೆ ಹುತಾತ್ಮರಾದ ಯೋಧರಿಗೆ ಶ್ರದ್ಧಾಂಜಲಿ.,happy
ಕಪ್ಪು ಗಡ್ಡ ಮಹಾರಾಷ್ಟ್ರಕ್ಕೆ ದೊಡ್ಡ ಸಂಕಟ ತಂದಿದೆ. ಜನರು ಇದನ್ನು ಮರೆಯುವುದಿಲ್ಲ,angry
ಕಳಪೆ MNS. ಯಾವುದೇ ದ್ರವ್ಯರಾಶಿ ಉಳಿದಿಲ್ಲ. ಕದನವಿರಾಮದ ಆಧಾರ,sad
"ಇಲ್ಲ, ನೀವು ಏನು ಮಾತನಾಡುತ್ತಿದ್ದೀರಿ ಎಂಬುದು ನನಗೆ ಅರ್ಥವಾಗುತ್ತಿಲ್ಲ",neutral
ಈ ಜನರು ನನ್ನೊಂದಿಗೆ ಜಗಳವಾಡುತ್ತಿದ್ದಾರೆ,angry
ಇಂದು ಪುಣೆಯ ಮಳೆಯಲ್ಲಿ ಬೆರೆತರೂ ಕೊಚ್ಚಿಕೊಂಡು ಹೋಗುತ್ತದೆ.,neutral
ಕಪಟ ಅಣಜಿ ಪಂತ್ ಪಿತೂರಿ,angry
ಇದು ನ್ಯಾಯಾಲಯ ಏನು ಹೇಳಬೇಕು ಎಂಬುದರ ಮೇಲೆ ಪರೋಕ್ಷವಾಗಿ ಒತ್ತಡ ಹೇರುವ ಪ್ರಯತ್ನವೇ?,happy
ರಾಜ್ಯ ಸರಕಾರ ಇತ್ತೀಚೆಗೆ ಜಿಲ್ಲಾ ಉಸ್ತುವಾರಿ ಸಚಿವರನ್ನು ಘೋಷಿಸಿದೆ. ಇದಕ್ಕಾಗಿ ಸರ್ಕಾರವನ್ನು ಟೀಕಿಸಲಾಗುತ್ತಿದೆ.,neutral
ಟಾರ್ಚ್ ಹೊಗೆಯನ್ನು ಹೇಗೆ ಬಿಡುಗಡೆ ಮಾಡುತ್ತದೆ ಎಂಬುದನ್ನು ಈಗ ನೋಡಿ,neutral
ಇತ್ತೀಚಿನ ದಿನಗಳಲ್ಲಿ ಸಾವಿನ ಪ್ರಮಾಣ ಇದ್ದಕ್ಕಿದ್ದಂತೆ ಹೆಚ್ಚುತ್ತಿದೆ.,happy
ಇಲ್ಲ ಮತ್ತು ಇನ್ನೂ ಇಲ್ಲ,neutral
"ಇದು ಆರಂಭವಷ್ಟೇ, ಈಗ ದೇಶದ್ರೋಹಿಗಳಿಗೆ ಶಾಕ್ ಆಗಲಿದೆ",angry
ದೇಶದಲ್ಲಿ ಆರ್ಥಿಕ ಹಿಂಜರಿತ ಉಂಟಾಗಿರುವುದರಿಂದ ಈಗ ಇದನ್ನು ಹೇಳುವುದಿಲ್ಲ.,angry
ನೀವು ಎಷ್ಟು ಒಂಟಿಯಾಗಿದ್ದೀರಿ ಎಂದು ನನಗೆ ನಗು ಬರುತ್ತದೆ.,angry
"ಪ್ರಕೃತಿಗೆ ಏನೂ ಗೊತ್ತಿಲ್ಲ, ಬಿಸಿಯೂಟ ಹೆಚ್ಚುತ್ತಿದೆ ಅದರ ಜೊತೆಗೆ ಮಳೆಯೂ ಬರುತ್ತಿದೆ.",happy
ನೀವು ಮಣ್ಣನ್ನು ತಿಂದಿದ್ದೀರಿ...ಈಗ...!!,angry
"ಓಹ್, ಯಾರಾದರೂ ನಿಮ್ಮತ್ತ ಗಮನ ಹರಿಸುತ್ತಿದ್ದಾರೆಯೇ, ನೀವು ಏಕೆ ಬಾಂಬ್ ಹಾಕುತ್ತಿದ್ದೀರಿ?",angry
ಮತ್ತೆ ನೀರಿಗೆ ಹೋದರು.... ನಾಯಕರು ಊಟದಲ್ಲಿ ನಿರತರಾಗಿದ್ದಾರೆ.... ಪರ್ಸೆಂಟೇಜ್ ತೆಗೆದುಕೊಳ್ಳಿ ಅಥವಾ ಕೆಲಸ ಮಾಡಿ....,angry
ಎಷ್ಟೇ ಪರೀಕ್ಷೆ ಬರೆದರೂ ಯಶಸ್ಸು ಸಿಗುವುದಿಲ್ಲ.,sad
"ಅವರು ಖಂಡಿತಾ ಹೇಳ್ತಾರೆ ಆದರೆ ಹೀಗಲ್ಲ, ಬಾಳಾ ಸಾಹೇಬರ ಶಿವಸೇನೆಯ ದ್ರೋಹಿಗಳನ್ನು ಸೋಲಿಸಬೇಕು ಅಂತ ಹೇಳ್ತಾರೆ.",angry
ಈಗ ನಾನು ಅದಕ್ಕೆ ಸಹಾಯ ಮಾಡಲಾರೆ,neutral
"...ಹಾಗಾದ್ರೆ ಮಿಥುನ್ ಚಕ್ರವರ್ತಿ ಜೊತೆ ಹೇಮಾ ಮಾಲಿನಿ ಹೊಡೆದಾಟ, 'ಇನ್ಟಿಮೇಟ್' ಸೀನ್ ಬಗ್ಗೆಯೂ ಮಾತಾಡಿದೆ!",neutral
ಟ್ರೋಲ್ ಮಾಡಲು ಬೇರೊಬ್ಬರನ್ನು ಏಕೆ ಹುಡುಕಲಾಗಲಿಲ್ಲ?,angry
ವೈಗಂಗಾ ಮತ್ತು ಚುಲಬಂಧ್ ನದಿಗಳಲ್ಲಿ ಪ್ರವಾಹದಿಂದಾಗಿ ಲಖಂಡೂರ್-ಪಾವನಿ-ನಾಗ್ಪುರ ರಸ್ತೆ ಮುಚ್ಚಲಾಗಿದೆ,neutral
ಇದು ಬಂಡಾಯಗಾರ.,neutral
"ವೀಳ್ಯದೆಲೆಯಿಂದ ಇದು ಆಗುವುದಿಲ್ಲ, ಎಂಎನ್‌ಎಸ್‌ನಿಂದ ಶಾಸಕರಾಗಿ ಆಯ್ಕೆಯಾಗಬೇಕು",neutral
ನಿಜ ಆದರೆ ವಿದರ್ಭದ ವಿಘಟನೆಗೆ ವೈದರ್ಭದ ಜನರೇ ಕಾರಣ.,neutral
ಯವತ್ಮಾಲ್ ಫಲಿತಾಂಶ ನೋಡಿ ತುಂಬಾ ಬೇಸರವಾಯಿತು.,sad
. ಬಾಸ್ಟರ್ಡ್ ಏನು ಹೇಳುತ್ತದೆ. ಒಡೆದ ಗಾಜಿನಂತೆ ಮೊಕ್ಕ,angry
ಇಂತಹ ಮೂರ್ಖತನವನ್ನು ಯಾರೂ ಮಾಡಬಾರದು... ಬಡವರನ್ನು ಗೇಲಿ ಮಾಡುವುದು ಎಷ್ಟು ಮಜಾ ಎಂದು ಜನರಿಗೆ ಗೊತ್ತು.,angry
ಬಿಜೆಪಿಯೊಂದಿಗೆ ಮೈತ್ರಿ ಮಾಡಿಕೊಳ್ಳುವ ಮೂಲಕ ಶಿವಸೇನೆಯನ್ನು ರದ್ದುಗೊಳಿಸಿತು.,angry
ಸ್ವಾರ್ಥಿ ಮತ್ತು ದೇಶದ್ರೋಹಿ ಸೈನ್ಯ ಇನ್ನೂ ಜನರೊಂದಿಗೆ ಮಾತನಾಡುತ್ತಿದೆ ...,angry
ಮದುವೆಗೆ ಹೋಗಲೆಂದು ತೆಗೆದುಕೊಂಡು ಹೋಗಿ ಮಾರುಕಟ್ಟೆಯಲ್ಲಿ ಮಾರುತ್ತಿದ್ದ. ಅದನ್ನು ’ಮಂಡ್ಸೆ’ ಎಂದು ಕರೆಯುವುದಿಲ್ಲ.,angry
ಯುದ್ಧಕ್ಕೆ ಮೊದಲು ಮೈದಾನವನ್ನು ಬಿಟ್ಟು ಓಡಿಹೋದವರಿಗೆ ಈ ವಾಕ್ಯವನ್ನು ಹೇಳಿ,angry
"ಹೇಳಲು ಸಾಧ್ಯವಿಲ್ಲ, ಅವರು ಯಾವ ರೀತಿಯ ವಕೀಲರು?",angry
ಬಿಜೆಪಿ ನಾಯಕರ ಹತ್ತಿರ ಉಳಿಯುವ ಆಸೆ ಬಲವಾಗಿದೆ,angry
ಅಂತಹ ಉಜ್ವಲ ಚಿಂತನೆಯ ಭಕ್ತರೂ ಇರಬಹುದು,angry
ಅದ್ಬುತ...ದೇಶಭಕ್ತ ಜೋಶಿ ಮತ್ತು ಚಟ್ಟು ಭಕ್ತ ಜೋಶಿ ನಡುವಿನ ವ್ಯತ್ಯಾಸ ಇದೇ...,happy
ಕಮಲಿ ಎಷ್ಟೇ ಮನವಿ ಮಾಡಿದರೂ ಕಮ್ಲಿಗೆ ಯಾವುದೇ ಅಭಿಪ್ರಾಯವಿಲ್ಲ.,sad
ಹಾಗಾದರೆ ಠಾಕ್ರೆ ಏನು ಮಾಡುತ್ತಾರೆ?... ಸತ್ರಂಜ್ಯ ಅವರ 'ಜೊತೆ ಉಠಾವೋ...' ನಿಂದಾಗಿ ನಿಮಗೆ ಈ ಪ್ರಚಾರ ಸಿಕ್ಕಿದೆ ಎಂದು ನಾನು ಭಾವಿಸುತ್ತೇನೆ.,angry
ಕೊಡೆ ಹಿಡಿಯಲಾರದಷ್ಟು ಬಡವರು ಸರ್,angry
"ಖಂಡಿತ ಪತನವಿದೆ, ಆದರೆ ಯಾರದ್ದು?",neutral
ಈ ಹೇಳಿಕೆಯ ಮೇಲೆ ನಿಮ್ಮ ವಿರುದ್ಧ ದ್ವೇಷ ಭಾಷಣದ ಪ್ರಕರಣವನ್ನು ದಾಖಲಿಸಬಹುದು.,happy
"ಮತ್ತು ಕಲ್ಲಂಗಡಿ ಕೊಲೆಗಾರ, ವಿಶ್ವಾಸಘಾತುಕ, ಪಿತೂರಿ ರಾಜಕೀಯದ ಪ್ರತಿನಿಧಿಯಾಗಿದೆ.",angry
ನಿಮ್ಮ ಸರ್ಕಾರದ ಅವಧಿಯಲ್ಲಿ ನಿಖರವಾಗಿ ಏನಾಯಿತು,happy
ನಾಯಿಗಳಿಗೆ ಏನಾಗುತ್ತದೆ ಎಂಬುದು ನಿಜವಾದ ಪ್ರಶ್ನೆ.,happy
"ರಾಜ್ಯದಲ್ಲಿ ಶಿಂಧೆ, ಠಾಕ್ರೆ ಮಾತ್ರ ಇದ್ದಾರೆಯೇ, ನಿಮಗೆ ಬೇರೆ ಸುದ್ದಿ ಬರುವುದಿಲ್ಲವೇ?",neutral
ಆದರೆ ದುರಂತವೆಂದರೆ ಆ ಕಾಲದಲ್ಲಿ ಈ ಸ್ನಾನಕ್ಕೆ ನೆರವಾದವರು ಇಂದಿನ ಸಾಹೇಬ ಪ್ರೇಮಿಗಳಲ್ಲಿ ಕೆಲವರು.,sad
ತನ್ನ ದೈವತ್ವಕ್ಕೆ ಇಷ್ಟು ದೊಡ್ಡ ಪುರಾವೆಯನ್ನು ನೀಡಲು ಅವನು ಅರ್ಹನೇ!,angry
ನಿಮ್ಮ ಉಗುಳು ಸಲಿಕೆಯ ಉದ್ದೇಶವನ್ನು ಬದಲಾಯಿಸುವುದಿಲ್ಲ ಎಂಬುದು ನನ್ನ ಸುದ್ದಿಯಲ್ಲ.,angry
"ಮೊಮ್ಮಗನನ್ನು ಭೇಟಿಯಾಗಲು ಸೊಸೆಗೆ ಬಿಡದ ವಿಚ್ಛೇದಿತ ವಕೀಲ, ಅಜ್ಜ ಆತ್ಮಹತ್ಯೆ!",sad
ಉದ್ಧವ್ ಜೀ ಏಕೆ ರಾವಣ?,angry
"ಒಬ್ಬ ವ್ಯಕ್ತಿಯು ಪಕ್ಷದ ನಾಯಕನನ್ನು ಕಚೇರಿಯಲ್ಲಿ ಭೇಟಿಯಾದಾಗ, ಅವನು ತನ್ನ ಅಡಿಭಾಗವನ್ನು ಹೇಗೆ ನೆಕ್ಕುತ್ತಾನೆ ಎಂದು ನಾನು ಈ ಹೇಳಿಕೆಯನ್ನು ಅರ್ಥಮಾಡಿಕೊಂಡಿದ್ದೇನೆ.",angry
ದೇಶದ್ರೋಹಿಗಳ ಸೈನ್ಯ ನಿಂತಿರುವ ಆ ಲಂಕೆಯನ್ನು ಜೈ ಮಹಾರಾಷ್ಟ್ರ ಸುಡುತ್ತದೆ,happy
ಪೊಲೀಸರು ವಾಹನವನ್ನು ಪರಿಶೀಲಿಸಿದಾಗ ಅದರಲ್ಲಿ ಗುಟ್ಖಾ ಸಂಗ್ರಹ ಪತ್ತೆಯಾಗಿದೆ.,neutral
: ಈ ನವರಾತ್ರಿಯಲ್ಲಿ ಈ ಮರಗಳನ್ನು ಮನೆಗೆ ತನ್ನಿ; ಹಣಕಾಸಿನ ಸಮಸ್ಯೆಗಳು ಕಡಿಮೆಯಾಗುತ್ತವೆ!,neutral
ಈ ಪಂದ್ಯದಲ್ಲೂ ಅದೇ ವ್ಯಂಗ್ಯವಿದೆ,angry
ಭಾನುವಾರವೂ ಕಾಲೇಜಿನಲ್ಲಿ ಕೆಲಸ ಮಾಡುವುದು ಜೀವನದಲ್ಲಿ ಅತ್ಯಂತ ಬೇಸರದ ಸಂಗತಿಯಾಗಿದೆ.,angry
ಒಬ್ಬ ವ್ಯಕ್ತಿಯು ಹೆಚ್ಚು ಕಳೆದುಕೊಳ್ಳುವ ಒಂದು ಸ್ಥಳವೆಂದರೆ ಕೊಟ್ಟ ಪ್ರೀತಿ ಮತ್ತು ನಂಬಿಕೆ...!,sad
ಹುಲಿಯ ಬಾಯಿಂದ ಹೊಗೆ ಬರಲಾರಂಭಿಸಿದೆ...ಯಾರಾದರೂ ಇವುಗಳನ್ನು ಮಾಡಿಸಿ...ಏಕಾಧ್ಯ ಇಲಾಖೆಯ ಸಚಿವ,angry
"""ದೇವಸೇನೆ ತಪ್ಪು ಮಾಡಿದೆ, ಆ ದೇಶದ್ರೋಹಿ ಬಡಗಿಯನ್ನು ಅಡ್ಡದಾರಿಯಲ್ಲಿ ಜನರ ಮುಂದೆ ಬೈಯಬೇಕಿತ್ತು.""",angry
ಇದು ನಡೆಯುವುದು ನಿಶ್ಚಿತ.. ಹಳೇ ಶಿವಸೇನೆ ಯಾಕೆ ಈ ಕೆಲಸ ಮಾಡುತ್ತಿದೆ ಎಂದರೆ ಖಂಡಿತಾ ಸಿಟ್ಟು ಬರುತ್ತೆ.,angry
ಈ ಕಿಡಿಗೇಡಿಯು ಅತ್ಯಂತ ಅಸಮರ್ಥ ಮತ್ತು ಹಾಸ್ಯಾಸ್ಪದ ಗೃಹ ಮಂತ್ರಿ ಎಂದು ಪ್ರಸಿದ್ಧರಾಗಿದ್ದಾರೆ.,angry
ನಾಚಿಕೆಯಿಲ್ಲದ ಸಾಲಿಯಾನನನ್ನು ಈಗ ಸೋಲಿಸಬೇಕು ಆಗ ಅವಳು ಸುಧಾರಿಸುತ್ತಾಳೆ.,angry
ನಿಧಾನ ಸೈನಿಕರನ್ನು ಕೇಳುತ್ತಿದೆ ಆದರೆ ಈಗ,neutral
ಶೀಘ್ರದಲ್ಲೇ ಈ ಮಹಾನುಭಾವರು ರಸ್ತೆಯ ಮೇಲೆ ಕಲ್ಲು ತೂರಾಟವನ್ನು ನೋಡುತ್ತಾರೆ ...,angry
ಎಲ್ಲಿಗೆ ಹೋಗಿದ್ದೆ? ದದ್ದು ಉಂಟುಮಾಡಬೇಡಿ,angry
"ಅನಾರೋಗ್ಯದ ಕೋತಿ, ನೀವು ತುರಿಕೆ ಮಾಡಿದರೆ, ನನ್ನ ಬಳಿ ಔಷಧವಿದೆ.",angry
ಯಾರು ಈ ಥಾಪಾ ಕೆಲಸಗಾರ?,angry
ಮಳೆ ಬರುತ್ತಿದೆ ಅಂತ ರೈತ ರಾಜ ಅಳುತ್ತಾನೆ,sad
ಬಿಜೆಪಿಯವರು ದೇಶದ್ರೋಹಿಗಳಿಂದ ವಕೀಲರ ಪತ್ರ ತೆಗೆದುಕೊಂಡಿದ್ದಾರಾ?,happy
ನಾನು ದೇಶದ್ರೋಹಿಗಳೊಂದಿಗೆ ರಾಜೀನಾಮೆ ನೀಡುತ್ತಿದ್ದೇನೆಯೇ?,angry
ಸನ್-ದಶಾ ಖಂಡಿತವಾಗಿಯೂ ಎಡ್ವಿನಾಳಂತೆ ನಿಧಾನವಾಗಿರಬಹುದು.,angry
ಭಟ್ಕಳಕರ್ ಈಗ ನಿತೇಶ್ ರಾಣೆಗೆ ಅರ್ಹರು ಎಂದು ಭಾವಿಸಲು ಪ್ರಾರಂಭಿಸಿದ್ದಾರೆ.,angry
ಇದನ್ನು ಹೇಳಲು ಬೇಸರವಾಗಿದೆ ಆದರೆ ಈ ಸೌರಭ್ ತುಂಬಾ ನಿಷ್ಪ್ರಯೋಜಕನಾಗಿದ್ದಾನೆ.,angry
"ಓಹ್, ಆ ಖಳನಾಯಕರು ಯಾವ ರಂಧ್ರದಲ್ಲಿ ಅಡಗಿದ್ದಾರೆ?",angry
ನಾಸಿಕ್ ಜಿಲ್ಲೆಯಲ್ಲಿ ಪ್ರಾಣಿಗಳಲ್ಲಿ ಲಂಪಿ ರೋಗ ಹರಡುತ್ತಿರುವುದರಿಂದ ದನಗಾಹಿಗಳಲ್ಲಿ ಭಯದ ವಾತಾವರಣ ಹೆಚ್ಚಿದೆ.,fear
ನಾನು ಟ್ಯಾಗ್ ಮಾಡಲು ಬಯಸುತ್ತೇನೆ ಆದರೆ ನಾನು ಉಚಿತ ಅವಮಾನಗಳನ್ನು ಪಡೆಯುತ್ತೇನೆ,angry
"ಅಧಿಕಾರದ ದುರುಪಯೋಗ, ಅಧಿಕಾರದ ದುರುಪಯೋಗ, ಮುಂದಿನ ಚುನಾವಣೆಯಲ್ಲಿ ಶಿಂಧೆ ಫಡ್ನವಿಸ್ ಸರಕಾರಕ್ಕೆ ಸಾರ್ವಜನಿಕರು ತಕ್ಕ ಪಾಠ ಕಲಿಸಲಿದ್ದಾರೆ...",angry
ಹನುಮಂತನನ್ನು ನೋಡಲು ಬಂದು ಗದೆಯನ್ನು ತೆಗೆದುಕೊಂಡನು.,angry
ಇಂದು ರೈತರಿಗೆ ಐವತ್ತು ಸಾವಿರ ಪ್ರೋತ್ಸಾಹ ಧನ ದೊರೆತಿದೆ. ನೀವು ಕುಳಿತು ಫೈಲ್ ಅನ್ನು ತಿರುಗಿಸುತ್ತಿದ್ದೀರಿ,angry
ಇವರೆಲ್ಲ ಮೇಕೆಗಳ ಮಕ್ಕಳು.,angry
"ದೇಶದ್ರೋಹಿ, ನೀವು ಎಂಎಲ್ಎ ಆಗುವುದಿಲ್ಲ.",angry
ಅನುಭೋಗದ ಫಲವಾಗಿ ಸಾಹೇಬರ ಮೌಲ್ಯಕ್ಕೆ ಜನ ಹಿಡಿಶಾಪ ಹಾಕುತ್ತಿದ್ದಾರೆ.,angry
ಸಹನ್ಭೂತಿ ವಾಗ್ಲೆ ಸಾಹೇಬರು ಜನರ ಹೃದಯದಲ್ಲಿ ಕೋಪಗೊಂಡಿದ್ದಾರೆ,angry
ಇವು ದೇಶದ್ರೋಹಿಗಳ ಪದ್ಧತಿಗಳು.,angry
ನೀನೂ ಏನಾದ್ರೂ ಮಾತಾಡ್ತೀನಿ.. ಕಮ್ ಬೇಕಾ? ತಪ್ಪುಗಳಿಗೆ ಕ್ಷಮೆ ಬೇಡ... ಆ ದಿನಗಳು ಕಳೆದು ಹೋಗಿವೆ,angry
ಭತ್ತ ನೆಲಕ್ಕೆ ಬಿದ್ದಿತು,angry
ಅವರ ಉಸಿರು ಕೆಟ್ಟ ವಾಸನೆಯನ್ನು ಹೊಂದಿದೆಯೇ? ನಕಲಿ ರಾಜಕಾರಣಿ ಮತ್ತು ಕತ್ತಿ ಹಿಡಿಯುವ ಕಾರ್ಯಕರ್ತ,angry
ದೇಹದ ಹಿಂದಿನಿಂದ ಬಟ್ಟೆಗಳನ್ನು ತೆಗೆಯುವ ವ್ಯಕ್ತಿಗೆ ಈ ಸಲಹೆಯನ್ನು ನೀಡಬಾರದು,angry
"ಡಾಲರ್ ಬಲಗೊಳ್ಳದಿದ್ದರೆ, ನಿಮ್ಮ ಸೊಂಟದ ರೇಖೆಯು ದೊಡ್ಡದಾಗುತ್ತಿದೆ. ಆದ್ದರಿಂದ ಒಂಟಿಯಾಗಿ",angry
ಹಿಂದೂ ಪದವು ಸ್ಥಳೀಯ ಪದವಾಗಿದೆ.,neutral
"ಇದೆಲ್ಲಾ ಶೋ ಸಾರ್, ಸೋಲು ಕಾಣ್ತಿದೆ",angry
ಜ್ಯೋತಿ ಚುನಾವಣಾ ಚಿಹ್ನೆಯ ಯಶಸ್ಸನ್ನು ಸಹಿಸಲು ಅವರಿಗೆ ಸಾಧ್ಯವಾಗುತ್ತಿಲ್ಲ,angry
ಉತ್ಸಾಹವನ್ನು ತರಲು ಬೌರ್ನ್ವಿಟಾ ಮಾತ್ರ ಸಾಕು. ಪರಿಶ್ರಮದಿಂದ ಯಶಸ್ಸು ಸಿಗುತ್ತದೆ. ಬಾಳಾ ಸಾಹೇಬರು ದೃಢಸಂಕಲ್ಪ ಹೊಂದಿದ್ದರು. ಉದ್ಧವರಾವ್ ಅವರ ಉತ್ಸಾಹ ಅರ್ಧ ಕಪ್ ಬೌರ್ನ್ವಿಟಾದಂತಿದೆ.,angry
ಮುಂಬೈ ಕ್ರಿಕೆಟ್ ಸಂಸ್ಥೆಯ ಚುನಾವಣೆಯಲ್ಲಿ ಎಲ್ಲಾ ಪಕ್ಷಗಳ ಪ್ರತಿನಿಧಿಗಳು ಆಯ್ಕೆಯಾಗುತ್ತಾರೆ ಆದರೆ ಆಟವು ಸೋತಿದೆ ... ಸರಿಯೋ ತಪ್ಪೋ ...,angry
ನೀವು ಅಸಹಾಯಕರೇ ಎಂದು ಕುಬೇರರು ಆಶ್ಚರ್ಯ ಪಡುತ್ತಾರೆ,angry
ಸ್ವಾಯತ್ತ ಸಂಸ್ಥೆ ಎಂಬ ಪದ ಈಗ ದೊಡ್ಡ ಜೋಕ್ ಆಗಿಬಿಟ್ಟಿದೆ,angry
ದೇಶದ್ರೋಹಿಗೆ ಬುಡ ಉರಿಯುತ್ತಿದೆ...,angry
ಈ ದೇಶದಲ್ಲಿ ಸಂಘಗಳು ನಿಷ್ಪ್ರಯೋಜಕ ಸಂಸ್ಥೆಗಳಾಗಿವೆ. ಸಮಾಜದಲ್ಲಿನ ವಿವಾದಗಳು ಮತ್ತು ಜಗಳಗಳು ದ್ವೇಷವನ್ನು ಸೃಷ್ಟಿಸುತ್ತವೆ.,angry
ವಿಶ್ವದಲ್ಲಿ ಬಿಜೆಪಿಗೆ ಹೆಚ್ಚು ಸ್ವಾತಂತ್ರ್ಯವಿದೆಯಂತೆ.,angry
"ಎರಡೂವರೆ ವರ್ಷಗಳು ಕಳೆದಿವೆ, ದಾದಾಗೆ ಗಡಿಬಿಡಿಯಿಲ್ಲ ಎಂದು ಅನಿಸುತ್ತದೆ. ನೀವು ಶಕ್ತಿಯ ಕೊರತೆಯಿಂದ ಕೆಂಪು ಬಣ್ಣಕ್ಕೆ ತಿರುಗಿದ್ದೀರಿ",angry
ಎಷ್ಟು ಬಾರಿ.. ಎಷ್ಟು ಬಾರಿ.. ಕೊನೆಗೆ ದೇಶದ್ರೋಹಿಗಳೇ ದೇಶದ್ರೋಹಿ,angry
ಇದಕ್ಕೂ ಮೊದಲನೆಯದಕ್ಕೂ ಹೊಂದಾಣಿಕೆ ಇಲ್ಲ...ವಿಷಯ ಬಿಡಿ,angry
"ಅವಳು ಹೇಗೆ ಓಡಬಲ್ಲಳು, ಆದರೆ ಗಮನಿಸಿ, ಓಡುವವರು ಎಷ್ಟು ಹೇಯರು.",angry
ನೀವು ಇನ್ನೂ ಇಲ್ಲಿ ಸಿಕ್ಕಿಹಾಕಿಕೊಂಡಿದ್ದೀರಾ...ಗೋಡಿ ಮಾಧ್ಯಮಗಳಿಗೆ ಗೊತ್ತೋ ಇಲ್ಲವೋ.,angry
ಮಕ್ಕಳಿಗೆ ಹಾನಿಯಾದರೆ ಬೋನಸ್ ಅಂಕಗಳು,neutral
ತಂಬಾಕು ಪುಡಿಯನ್ನು ನಿಮಗೆ ನೀಡಲಾಗುವುದು...,angry
ಜಲಗಾಂವ್: ಮೂರು ತಿಂಗಳ ಹೆಣ್ಣು ಮಗು ಗುಂಜನ್ ಅನ್ನು ಕರವಸ್ತ್ರದಿಂದ ಕತ್ತು ಹಿಸುಕಿ ಕೊಲೆ ಮಾಡಲಾಗಿದೆ.,sad
"ಚುನಾವಣೆ ಬರಲಿ, ಮಹಾಶಕ್ತಿ ನಿಮ್ಮನ್ನು ಹೇಗೆ ಒದೆಯುತ್ತದೆ ಎಂದು ನೋಡುತ್ತೀರಿ",angry
ಅಘಾಡಿಯವರ ಶಿವ ಭೋಜನದಲ್ಲಿ ಭ್ರಷ್ಟಾಚಾರದಿಂದಾಗಿ ಈ ಮಹಾ ವಿನಾಶ ಸಂಭವಿಸಿದೆ.,angry
ಅವನು ಬೇಡಿಕೊಂಡಾಗ ಅವನಿಗೆ ಹೇಗನಿಸಿತು?,angry
ಅವನ ಮುಖ ಎಷ್ಟು ದುರ್ಬಲವಾಗಿದೆ ನೋಡಿ.,angry
ಆದರೆ ಫಡ್ನವೀಸ್ ಅಭ್ಯರ್ಥಿಯನ್ನು ನೀಡದೆ ಪಕ್ಷಕ್ಕೆ ಬಾಲ ಹಾಕುತ್ತಿರುವುದು ಏಕೆ?,angry
"ಈಗ ಅಧಿಕಾರ ಬಂದಿದೆ, ನಮ್ಮ ಸಜ್ಜನರು ತಮ್ಮ ಹುಡುಗಿಯರೊಂದಿಗೆ ಓಡಿಹೋಗಲು ಸ್ವತಂತ್ರರಾಗಿದ್ದಾರೆ, ಅವರನ್ನು ತಡೆಯುವವರು ಯಾರು?",angry
ಕಮೆಂಟುಗಳನ್ನು ಓದಿದರೂ ನಾಚಿಕೆಗೇಡು ಹೋಗುವುದಿಲ್ಲ. ಗರಿಷ್ಠ ಕೋಡ್ ಮಿತಿ!!,angry
ಪಿಂಟ್ಯಾಗೆ ಸಣ್ಣ ಮಚ್ಚು ಕೊಟ್ಟು ಗೌರವಿಸುತ್ತಿದ್ದಾರಾ ಅಥವಾ ಚುಡಾಯಿಸುತ್ತಿದ್ದಾರಾ..!!,angry
ಇದು ತುಂಬಾ ದುಃಖದ ವಿಷಯ!,sad
ಈ ಆತ್ಮಹತ್ಯೆಯ ಹೊಣೆಯನ್ನು ರಾಜ್ಯ ಸರ್ಕಾರ ತೆಗೆದುಕೊಳ್ಳುತ್ತದೆಯೇ?,sad
ಈಗ ಅಳುತ್ತಿದ್ದರೂ ಹೋಗಲು ಮನಸ್ಸಿಲ್ಲ,angry
ಪಂಢರಪುರ ಉಪಚುನಾವಣೆಯಲ್ಲಿ ಸಾರ್ವಜನಿಕರ ಭಾವನೆ ಇರಲಿಲ್ಲವೇ???,happy
ಬನ್ನಿ! ಅವರು ಪನ್ವೇಲ್ ಉಪಮೇಯರ್ ಆಗಿದ್ದರು... ಅವರನ್ನು ಆಯ್ಕೆ ಮಾಡಿದ ಜನರು ಧನ್ಯರು,angry
ಎಪ್ಪತ್ತು ವರ್ಷಗಳಿಂದ ಚುನಾವಣಾ ರಾಜಕೀಯ ಮಾಡುತ್ತಿದ್ದ ಸರ್ಕಾರದ ಒತ್ತಡಕ್ಕೆ ಸಿಲುಕಿದ ಪೊಲೀಸರು ನಿಷ್ಕ್ರಿಯರಾದರು!,angry
ಜಯಂತ್ ಪಾಟೀಲ ಅವರ ಪತ್ನಿಗೆ ಅವರ ಮೇಲೆ ಹಾಗೂ ನಿಮ್ಮ ಮೇಲೆ ನಂಬಿಕೆ ಇಲ್ಲ,angry
ಮುಂಗೇರಿಲಾಲ್ ಅವರ ಸುಂದರವಾದ ಹಾವುಗಳು. ಅಂತಹ ಎಷ್ಟು ಪ್ರವಾಸಗಳ ನಂತರ ನೀವು ಅಧಿಕಾರವನ್ನು ಪಡೆದುಕೊಂಡಿದ್ದೀರಿ?,angry
ಗಡ್ಡ ಬಿಟ್ಟವರೆಲ್ಲ ದಿಘೆ ಸಾಹೇಬರಲ್ಲ. ಕೆಲವು ದೇಶದ್ರೋಹಿಗಳೂ ಇದ್ದಾರೆ...,angry
ಶಿಂಧೆ ದೇಶದ್ರೋಹಿ ಎಂದು ಏಕೆ ಹೇಳಿದರು?,angry
ಮಹಾರಾಷ್ಟ್ರದಲ್ಲಿ ಮಹಾರಾಷ್ಟ್ರ ಭಾಷೆಯನ್ನು ಬಳಸಿ. ಮುಂಬೈನ ಜಾಹೀರಾತು ಫಲಕ ಮರಾಠಿಯಲ್ಲಿ ಏಕೆ ಇಲ್ಲ?,angry
ಶರದ್ ಪವಾರ್ ದರೋಡೆಕೋರರ ತಂದೆ ಎಂದು ಶಿವಸೇನೆ ಮುಖ್ಯಸ್ಥರು ಹೇಳಿದ್ದರು.,angry
ನೀವು ಎಲ್ಲಿಗೆ ಹೋದರೂ ಇದು ಸಂಭವಿಸುತ್ತದೆ ... 'ಅಸಹನೀಯ ಮತ್ತು ವರ್ಣನಾತೀತ',sad
ಈ ಬಡ ಸೇನಾ ಯೋಧರು ಮಾನಸಿಕವಾಗಿ ಸಂಪೂರ್ಣ ಮುರಿದು ಹೋಗಿದ್ದಾರೆ...,angry
ಕಳೆದ ಎರಡೂವರೆ ವರ್ಷಗಳಿಂದ ಮರದ ಸೇತುವೆ ಹಾಳಾಗಿದ್ದರೂ ಏನೂ ಮಾಡಿಲ್ಲ.,angry
ಇದು ಹೊಸ ಎರಡನೆಯದು,angry
ಸಾವರ್ಕರ್ ವಿವಾದದ ನಂತರ ನಾವು ಈ ಪ್ರಸನ್ನನನ್ನು ನೋಡಿಲ್ಲ.,angry
"ಅಂದರೆ, ಇಷ್ಟೆಲ್ಲಾ ನೆಕ್ಕುವುದರಿಂದ ನೀವು ಎಷ್ಟು ದೂರ ಹೋಗಿದ್ದೀರಿ ಎಂದು ನೋಡಿ.",angry
ಕರ್ತವ್ಯದ ವೇಳೆ ಹುತಾತ್ಮರಾದ ಹುತಾತ್ಮ ಯೋಧರಿಗೆ ಭಾವಪೂರ್ಣ ಶ್ರದ್ಧಾಂಜಲಿ,happy
"ನಿಮಗೆ ಸಹಿಸಲಾಗದಿದ್ದರೆ, ಅದನ್ನು ಕುದುರೆಯ ಕಿವಿಗೆ ಹಾಕಿ, ಆದರೆ ಅನಗತ್ಯ ವಿಷಯಗಳ ಬಗ್ಗೆ ಮಾತನಾಡಬೇಡಿ.",angry
ಹೊಟ್ಟೆನೋವು... ನೆನಪಿಲ್ಲ,angry
ವೈಫಲ್ಯವನ್ನು ಹೊಗಳಿದ್ದಕ್ಕಾಗಿ ಮೂವರು ಪತ್ರಕರ್ತರನ್ನು ಜೈಲಿಗೆ ಕಳುಹಿಸಲಾಗಿದೆ ಎಂದು ಹೇಳಲಾಗುತ್ತದೆ.,angry
ಅಧಿಕಾರವನ್ನು ಅಧಿಕಾರವಾಗಿ ಬಳಸುವುದರಿಂದ ಪ್ರಜಾಪ್ರಭುತ್ವವನ್ನು ನಾಶಪಡಿಸುತ್ತದೆ.. ನಿಮ್ಮ ಸಾಧನೆಗಳನ್ನು ಸಾಬೀತುಪಡಿಸಿ,angry
ಇದನ್ನು ಸಹಿಸಲು ಅಥವಾ ಸಹಿಸಲು ಸಾಧ್ಯವಿಲ್ಲ,sad
ಈ ಬಾಸ್ಟರ್ಡ್ ಎಂದಿಗೂ ಉತ್ತಮವಾಗುವುದಿಲ್ಲ,angry
"ಇಂಥವರಿಂದಲೇ ದೇಶದ ಏಕತೆ ಹಾಳಾಗುತ್ತಿದೆ, ಅವರ ವಿರುದ್ಧ ಕಠಿಣ ಕ್ರಮ ಕೈಗೊಳ್ಳಬೇಕು!",angry
ಈ ವ್ಯಕ್ತಿ ತುಂಬಾ ಸ್ನೇಹಪರ,angry
ಈ ಮೂಲಕ ಶಿಂಧೆ ಗುಂಪು ತನ್ನ ಕಾಲಿಗೆ ಗುಂಡು ಹಾರಿಸಿಕೊಂಡಿದೆಯೇ?,happy
ಬಿಜೆಪಿಗೆ ಪ್ರಜಾಪ್ರಭುತ್ವದಲ್ಲಿ ನಂಬಿಕೆ ಇಲ್ಲ ಎಂಬುದನ್ನು ಸಾಬೀತುಪಡಿಸಿದರು,angry
ಖಂಡಿತ ನೋಡಬಹುದು... ಆದರೆ ಕುರುಡು ಭಕ್ತರು ಏನು ಮಾಡುತ್ತಾರೆ... ಎಲ್ಲಿಗೆ ಬಿಡುತ್ತಾರೆ ಇದಕ್ಕೆ!,angry
ಪ್ರದೀಪ್ ಸರ್ ನನಗೆ ಹುಡುಗಿಯನ್ನು ಪ್ರೀತಿಸುವಂತೆ ಮಾಡುತ್ತಿದ್ದಾರೆ,angry
ಸಾರ್ವಜನಿಕ ಶೌಚಾಲಯ ಶುಚಿಗೊಳಿಸುವ ದಂಧೆಯನ್ನು ನಿಲ್ಲಿಸಿ ಹೌಸಿಂಗ್ ಸೊಸೈಟಿಗಳಲ್ಲಿ ದಲ್ಲಾಳಿ ಕೆಲಸ ಆರಂಭಿಸಿದ್ದೀರಾ...?,angry
ಎದುರಾಳಿಗಳು ಮಾಡಲಾಗದ್ದನ್ನು ಅವರ ಹತ್ತಿರ ಕೂತಿದ್ದ ದೇಶದ್ರೋಹಿಗಳು ಮಾಡಿದರು.,angry
ಕೈ ಕುಲುಮೆ ಧೂಮಪಾನಿಯು ಮಾಗಿದಂತೆ ಕಾಣುತ್ತದೆ,angry
ಒಳ್ಳೆಯ ಕೆಲಸ ಮಾಡಬೇಕಿತ್ತು...,angry
ಸರಿಯಾದ ದಿನ.. ಮುಂಬೈ ಮೇಲೆ ಭಯೋತ್ಪಾದಕ ದಾಳಿ ನಡೆದಾಗ ನಿಮ್ಮ ಗೃಹ ಸಚಿವರು ಬಟ್ಟೆ ಬದಲಾಯಿಸುವುದರಲ್ಲಿ ನಿರತರಾಗಿದ್ದರು.,angry
ಗಣಿತವು ಕಚ್ಚಾ ಎಂದು ಮಹಿಳೆಗೆ ತಿಳಿದಿತ್ತು,angry
ಐ ಆಮ್ ಮಿಸ್ ಯು ಸರ್. ಈ ದೇಶದ್ರೋಹಿಗಳಿಗೆ ಸಂಪೂರ್ಣ ಉತ್ತರ ನೀಡಿ ವಿನಿಮಯ ಮಾಡಿಕೊಳ್ಳಬೇಕಿದೆ.,angry
"ತಮ್ಮ ಲೂಟಿ, ಕಳ್ಳ ತಂದೆಯನ್ನು ಮರೆಮಾಡಲು ದೇಶದ್ರೋಹಿಗಳಿಗೆ ಬುರ್ಖಾವನ್ನು ಸಿದ್ಧವಾಗಿಡಿ",angry
ಖಾಲಿ ಕುರ್ಚಿಗಳು ಮೋದಿ ಭವಿಷ್ಯ ಹೇಳುತ್ತವೆ...,sad
ಹೌದು ****. ಇದರ ಬೆಲೆ ಎಷ್ಟು?,angry
"ಇಲ್ಲ ಧನ್ಯವಾದಗಳು, ಅಭಿನಂದನೆಗಳು ಇಲ್ಲ.",sad
ವಿಶೇಷವೆಂದರೆ ಇಡೀ ಪಕ್ಷವೇ ಅವರ ಚಪ್ಪಲಿಯಂತೆ ಕೆಲಸ ಮಾಡುತ್ತದೆ. ಇದನ್ನೇ ನಿರೀಕ್ಷಿಸಲಾಗಿತ್ತು.,angry
ಆಗಲೂ ನಾವು ಎಚ್ಚೆತ್ತುಕೊಳ್ಳದಿದ್ದರೆ ದೇವರೂ ನಮ್ಮನ್ನು ಕಾಪಾಡಲಾರ.,fear
ಸುಮ್ಮನೆ ಕಡಿಮೆ ಮಾಡಿ.. ವಿದ್ಯಾರ್ಥಿಯ ಹೆಸರು ಹಿಡಿದು ಹಣ ವಸೂಲಿ ಮಾಡುವುದೇಕೆ,angry
ಏನು ಮಾಡಬೇಕು ಎಂಬ ಗೊಂದಲದಲ್ಲಿದ್ದಾರೆ,angry
ಹಾಗಾದರೆ ಈ ಹಿಂದೂ ಪಕ್ಷದವರು ಎಂದು ಕರೆಯಲ್ಪಡುವವರು ಯಾರನ್ನು ಉಳಿಸುತ್ತಿದ್ದರು?,angry
ಅಮೆರಿಕ ಮತ್ತು ಚೀನಾ ನಡುವೆ ನಡೆಯುತ್ತಿರುವ ಸಂಘರ್ಷದಿಂದಾಗಿ ಮೂರನೇ ಮಹಾಯುದ್ಧದ ಭೀತಿ,fear
ನಿಮ್ಮ ಗೌರವಕ್ಕೆ ಅರ್ಹರಲ್ಲ. ಬಾಳಾ ಸಾಹೇಬರ ಹೆಸರನ್ನು ತೆಗೆದುಕೊಳ್ಳುವುದು,angry
ಆ ಜನರಲ್ಲೂ ಇದು ಸತ್ಯ... ಯಾರಿಗೂ ಸೇರದ... ತಮ್ಮ ಸ್ವಾರ್ಥ ಮಾತ್ರ...!!!,angry
"ರಾಣೆ, ಯಾಕೆ ಟ್ವೀಟ್ ಡಿಲೀಟ್ ಮಾಡುತ್ತಿದ್ದೀಯಾ... ನೀನು ನರ್ವಸ್ ಆದಂತೆ ಕಾಣುತ್ತೀಯ.",angry
"ನಾನು ಎಷ್ಟು ನಿರಾಶೆಗೊಂಡಿದ್ದೇನೆ, ಇತರರ ಪೋಷಕರನ್ನು ಕದಿಯಲು, ನಿಮ್ಮ ಅಸಮಾಧಾನವನ್ನು ರಾಜಕೀಯಗೊಳಿಸಲು ಹೇಗೆ ಅನಿಸುತ್ತದೆ,",angry
ಬೆನ್ನಿಗೆ ಚೂರಿ ಹಾಕುವ ಬಗ್ಗೆ ಅವರು ತಮ್ಮ ಚಿಕ್ಕಪ್ಪನಿಂದ ಬಹಳಷ್ಟು ಕಲಿತರು.,angry
"ಮಹಾಭಾರತ ಯಾವಾಗ ಸಂಭವಿಸುತ್ತದೆ,,, ಶೀಘ್ರದಲ್ಲೇ ಅಂದರೆ ಇನ್ನೂ ಎಷ್ಟು ದಿನ?",neutral
"ಅತುಲ್, ನಿಮ್ಮ ಗ್ರಹಿಕೆಗೆ ಮೀರಿದ ವಿಷಯ ಯಾವುದು? ನ್ಯಾಯದ ದೇವರು ಕುಂಟ, ಅಂಗವಿಕಲ ಮತ್ತು ಕುರುಡ ಎಂದು ಮತ್ತೊಮ್ಮೆ ಸಾಬೀತಾಗಿದೆ ???",angry
ಕೆಲಸ ಕೇಳುವವರನ್ನು ಭಿಕ್ಷುಕರು ಎಂದು ಬಿ.ಶ್ರೀರಾಮ್ ಭಾವಿಸಬೇಕೇ?,angry
ಏಕೆಂದರೆ ಖಾದ್ಯ ತೈಲದ ಆಮದು ಹೆಚ್ಚುತ್ತಿದೆ. ಸರ್ಕಾರದ ನೀತಿಗಳು ಹೀಗಿವೆ.,angry
ಮಾಧ್ಯಮ ವಿಧವೆ ರಾಜಸ್ಥಾನ ಕಾಂಗ್ರೆಸ್ ಆಡಳಿತದ ರಾಜ್ಯ ಎಂದು ವಿಷಾದಿಸುತ್ತಾಳೆ,angry
ಹೋದರೂ ಪೇಜಾವರರು ದೆಹಲಿಯ ಹೃದಯಕ್ಕೆ ವಿರುದ್ಧವಾಗಿ ಹೋಗುತ್ತಾರಾ?,neutral
ಠಾಕ್ರೆ ಕುಟುಂಬವನ್ನು ಕೆಣಕಿದರೆ ಮೊದಲ ಕೆಟ್ಟದ್ದು ಕಮಲಾಬಾಯಿಗೆ.,angry
ಅಲ್ಲಿಗೆ ನೀವು ಅವರಿಗೆ ದಾರಿ ತೋರಿಸಬಹುದು ಎಂದು ನೀವು ಭಾವಿಸುತ್ತೀರಾ?,angry
ಸಂಪೂರ್ಣವಾಗಿ. ಈ ಜನರಿಂದಾಗಿ ನಿಮ್ಮ ಮಾಹಿತಿ ಸೋರಿಕೆಯಾಗುತ್ತದೆ.,angry
"ವರ್ತಮಾನದಲ್ಲಿ ಇತರರನ್ನು ಮೌಲ್ಯಮಾಪನ ಮಾಡುವಾಗ, ನಾವು ಇತಿಹಾಸದಲ್ಲಿ ಹೇಗಿದ್ದೇವೆ ಎಂಬುದನ್ನು ಮನಸ್ಸು ಮರೆಯಬಾರದು.",neutral
"ಅವರು ವಕ್ತಾರರಾಗಿದ್ದರೆ, ಅವರು ಏನು ಹೇಳಿದರು?",angry
ನೀವು ಈ ಜಗತ್ತಿನಲ್ಲಿ ವಾಸಿಸುತ್ತೀರಾ?,angry
ಇದು ಮೂರ್ಖತನ ಎಂದು ಜನರು ಭಾವಿಸುತ್ತಾರೆಯೇ?,angry
ಯಾರಿಗೆ ನೀನು ಬೇಕು? ನಿಮ್ಮನ್ನು ಇಲ್ಲಿ ಏಕೆ ಧರಿಸುತ್ತಾರೆ? ಹಾಗಾದರೆ ಬನ್ನಿ..ನೇ,angry
ಕಪ್ಪು ಕೂದಲಿನ.,sad
ಚಂದ್ರನು ಭೂಮಿಯ ಒತ್ತಡವನ್ನು ಹೆಚ್ಚಿಸುತ್ತಾನೆ! ವಿಜ್ಞಾನಿಗಳೂ ಚಿಂತಿತರಾಗಿದ್ದಾರೆ; ಇದು ನಿಮ್ಮ ಮೇಲೆ ಯಾವ ಪರಿಣಾಮ ಬೀರುತ್ತದೆ ಎಂಬುದನ್ನು ಓದಿ,fear
ಸಂಭಾಜಿ ಬ್ರಿಗೇಡ್ ಅನ್ನು ಮುಜುಗರಕ್ಕೀಡು ಮಾಡಲು ಠಾಕ್ರೆಯವರ ರಾಜಕೀಯವನ್ನು ಹಾಳುಮಾಡಲಾಗಿದೆ,angry
ಒಳ್ಳೇದು... ಅವರಿಬ್ಬರೂ ಹಗುರವಾದವರಲ್ಲ...,angry
ಮನದ ಗೋಡೆಗಳು ಇನ್ನು ಈ ತಡೆಯನ್ನು ಸಹಿಸಲಾರವು ಮತ್ತು ಅಳುವಿಗೆ ನೆಲವು ತೇವವಾಯಿತು!,sad
"ನಿಮ್ಮ ಕ್ಲೈಮ್ಯಾಕ್ಸ್.. ಮತ್ತು ಕೆಳಭಾಗವು ಶೀಘ್ರದಲ್ಲೇ ಕತ್ತರಿಸಲ್ಪಡುತ್ತದೆ, ಹುಷಾರಾಗಿರು..",angry
ಉದಯ್ ಸಾಮಂತ್ ಮಾಡಿದ ದ್ರೋಹ ಮಹಾರಾಷ್ಟ್ರಕ್ಕೆ ಒಪ್ಪಿತವೇ?,angry
ನಿಮ್ಮ ಆಲೋಚನೆಗಳಲ್ಲಿ ತುರಿಕೆ ಇದೆ,angry
ಮತ್ತು ಹೌದು ಭಾದ್ಯ ಬಾಳಾ ಸಾಹೇಬರು ಬಿಜೆಪಿ ಕಮಲಾಬಾಯಿ ನಂತರ ಈಗ ವ್ಯಾಪಾರ ಆರಂಭಿಸಲು ಹೇಳಿದರು.,angry
ಇದು ಲೇಡಿ ಕಾರ್ಡ್ ಆಡಲು ಸಮಯ,angry
ನೀವು ಇಂತಹ ಅಸಂಬದ್ಧ ಟ್ವೀಟ್ ಮಾಡುವುದರಿಂದ ನೀವು ಸಾಮಾನ್ಯ ಕೌನ್ಸಿಲರ್ ಆಗುವುದಿಲ್ಲ,angry
ಬೇಜಾರಾಗಿಲ್ಲ ಎಂದು ಹೇಳಿ ಯಾರೂ ಕರೆದುಕೊಂಡು ಹೋಗುತ್ತಿಲ್ಲ ಎಂಬ ಸುದ್ದಿ ಮಾರುಕಟ್ಟೆಯಲ್ಲಿದೆ,angry
ಇದು ಸಂಭವಿಸಲಿತ್ತು,neutral
ಸುಂಭ ಜಾಲ ಕೂಡ ಮರಾಠಿ ವ್ಯಕ್ತಿಯನ್ನು ಕಡಿಮೆ ಅಂದಾಜು ಮಾಡುವ ಪ್ರವೃತ್ತಿಯನ್ನು ಹೊಂದಿದೆ.,angry
ಬಾಲ್ಖ್ ಸೈನ್ಯವು ಬಾಳಾ ಸಾಹೇಬರ ಹೆಸರನ್ನು ಗೇಲಿ ಮಾಡಿತು,angry
"ಇದು ಸಾಮಾನ್ಯ ನಾಗರಿಕತೆಯಾಗಿದೆ, ಆದರೆ ಅವರು ವಿರುದ್ಧವಾಗಿ ಹೇಳುವ ಮೂಲಕ ತಮ್ಮ ಬೌದ್ಧಿಕ ದಿವಾಳಿತನವನ್ನು ತೋರಿಸುತ್ತಾರೆ",angry
"ಕೆಲಸ, ಕೆಲವರು ಮಾತನಾಡುವುದಿಲ್ಲ, ಕೆಲಸ ಮಾತನಾಡುತ್ತಾರೆ, ಅಂಗಡಿ ಮುಚ್ಚಿ",angry
"ಇಷ್ಟು ದಿನ ಆಯ್ತು.. ಬಿಜೆಪಿ ಸೇರ್ತೀರಾ, ಇಲ್ಲಿಯವರೆಗೂ ಡೀಲ್ ಮಾಡ್ತೀರಾ?",neutral
ಈ ಅಪಘಾತಗಳು ಪ್ರತಿದಿನ ನಡೆಯುತ್ತಿವೆ. ಎಲ್ಲಾ ಆಡಳಿತ ಅಧಿಕಾರಿಗಳು ಇದಕ್ಕೆ ಜವಾಬ್ದಾರರು.,angry
ಹೌದು ನಿಜ... ಪ್ರಬಲ ಹಿಂದುತ್ವವನ್ನು ತೊರೆದು ಪ್ರಬಲ ಸೆಕ್ಯುಲರ್ ಆದ...,angry
"ಈಗ ನಿಮ್ಮ ಗೆಳತಿಯ ಮನವೊಲಿಸುವುದು ಗ್ರಾಮ ಪಂಚಾಯತಿ ಚುನಾವಣೆ, ಒಂದು ಸ್ಥಾನ ಮತ್ತು ಐವತ್ತಾರು ಅಭ್ಯರ್ಥಿಗಳಂತೆ..!",happy
ಮಕ್ಕಳು ಶಿಕ್ಷಣ ಪಡೆಯಲು ಶಾಲೆಗೆ ಬೇಡಿಕೆಯಿಟ್ಟರೆ ಅದು ತುಂಬಾ ದುರದೃಷ್ಟಕರ.,sad
ಇದು ಹಣ ಮಾಡುವ ಮೋಸದ ಯೋಜನೆಯಾಗಿತ್ತು,angry
ದೇಶದ್ರೋಹಿಗಳಿಗೆ ಪರಿಹಾರ ಸಿಗುತ್ತದೆ ಎಂದು ನಾನು ಭಾವಿಸುತ್ತೇನೆ,angry
"ಹಲೋ ಹೇಳು, ನೀನು ಅಲ್ಲಿದ್ದೀಯಾ? ಏನು ವಿಷಯ?",angry
"ಮಾಶಾಲಿ ಕಿಡಿಗೇಡಿಗಳ ಮಾರುಕಟ್ಟೆಯನ್ನು ಎತ್ತಲು ಪ್ರಾರಂಭಿಸಿದನು, ಇಲ್ಲಿ ನೋಡು ಹುಲಿಯ ಸೊಂಡಿಲು ಉರಿಯುತ್ತಿದೆ",angry
ಇಲ್ಲಿ ಯಾವ ಜನ ಸಾಮಾನ್ಯರು ತೆರಿಗೆ ಕಟ್ಟುತ್ತಾರೆ? ಈ ಜನ ಸರ್ಕಾರದ ಅಳಿಯಂದಿರು,angry
ಕರೆಂಟ್ ಹೋದಾಗ ಏಳ್ತಾರಾ???,neutral
ಹ್ಯೋ ವರ್ಷಗಳಿಂದ ಮರಗಳನ್ನು ಕೊಯ್ಯುತ್ತಿದ್ದನು ಮತ್ತು ಈಗ ಅವನು ಕಲಿಸಲು ಬಂದಿದ್ದಾನೆ,angry
"ಸಾರ್, ನಿಮಗೆ ಪೂಜೆ ಮಾಡೋಕೆ ಆಗಲ್ಲ, ಮಾಡ್ಬೇಡಿ, ಹಾಗೆ ಹೇಳಬೇಡಿ.",angry
ಇಂತಹ ಪ್ರಕಾರಗಳನ್ನು ಹೊರಹಾಕಬೇಕು....??,angry
ಅರ್ಥ? ನೀವು ಬಳಲುತ್ತೀರಿ!,neutral
ಸಭೆ ನಡೆಸಿ ಕಾಂಗ್ರೆಸ್ ಗುಲಾಮರು ಏನು ಮಾಡಲು ಹೊರಟಿದ್ದಾರೆ?,angry
ಪಾವತಿಸದ ಆದರೆ ಅರ್ಹವಾಗಿಲ್ಲ,angry
ಈಗ ಏನು ಬರುತ್ತಿಲ್ಲ ಎಂಬುದು ಖಚಿತವಾಗಿದೆ,neutral
ಅದನ್ನು ಏಕೆ ತೆಗೆದುಕೊಳ್ಳಬೇಕೆಂದು ನಿಮಗೆ ತಿಳಿದಿಲ್ಲವೇ?,angry
ಇದನ್ನು ನಮ್ಮದೇ ಆದ ಸಣ್ಣ ಮತ್ತು ದೊಡ್ಡ ಉದ್ಯೋಗದಾತರಿಗೆ ಹೇಳುವುದು ತಪ್ಪು.,neutral
ಉತ್ತರ ನೋಡಿದ ಮೇಲೆ ನಿಮ್ಮ ಹೃದಯ ತುಂಬಿ ಬರುತ್ತದೆ...ಇದು ನಿಮ್ಮ ಸ್ಟೇಟಸ್...ಎಂದರು ಪತ್ರಕರ್ತರು...,sad
"ಸರ್ವಾಧಿಕಾರಗಳು ಅಂತಿಮವಾಗಿ ತಮ್ಮನ್ನು ತಾವೇ ಗುಂಡು ಹಾರಿಸಿಕೊಳ್ಳುತ್ತವೆ, ಅದು ಪ್ರಪಂಚದ ಇತಿಹಾಸ ...",sad
ಯಾರಾದರೂ ನಿಮಗೆ ಏನಾದರೂ ಮಾಡಿದರೆ ನೀವು ಎಷ್ಟು ಬೇಗನೆ ಕೋಪಗೊಳ್ಳುತ್ತೀರಿ?,fear
ಓ ಇಲ್ಲಿ ಮತ್ತು ಅಲ್ಲಿ,neutral
"ದಿನವೂ ತಂದೆಯನ್ನು ಹುಡುಕಬೇಕಲ್ಲವೇ, ಪರಿತ್ಯಜಿಸಿದಂತಾಗುತ್ತದೆಯೇ?",angry
ಗದ್ದರನಾಥ್ ಈ ಕೆಲಸ ಮಾಡಿಲ್ಲ.,angry
ಶಾಸಕರನ್ನು ಅನರ್ಹಗೊಳಿಸುವ ಹಕ್ಕು ಸದನಕ್ಕಿದೆ. ನ್ಯಾಯಾಲಯ ಮಧ್ಯಪ್ರವೇಶಿಸಲು ಸಾಧ್ಯವಿಲ್ಲ. ಇದು ತಿಳಿಯಬೇಕಲ್ಲವೇ?,angry
ಅವರು ಇಲ್ಲಿ ತಮ್ಮ ಹಲ್ಲುಗಳನ್ನು ಮುಳುಗಿಸಲಾರರು ಮತ್ತು ಭಾರತವನ್ನು ಒಂದುಗೂಡಿಸಿದರು.,angry
ಛತ್ರಪತಿ ಸಂಭಾಜಿನಗರದ ಯಾವ ರಾಜಕಾರಣಿ ಅತ್ಯಾಚಾರಕ್ಕೊಳಗಾದರು?,angry
ಬಿಜೆಪಿಯಿಂದ ಎಷ್ಟು ಪೆಟ್ಟಿಗೆಗಳು ಬಂದಿವೆ ಎಂದು ಮಾತನಾಡಲು,neutral
ಪರಾಶದ ಮಾಲೀಕರು ಎಷ್ಟು ಯೋಗ್ಯರು ಎಂದು ತೋರಿಸಲು ನೀವು ಪ್ರಯತ್ನಿಸುತ್ತಿದ್ದೀರಾ?,neutral
ಇದು ನಕಲಿ ಸುದ್ದಿ,neutral
ನಿಮಗಾಗಿ ಒಂದು ಮತವು ದೇಶ ವಿರೋಧಿ ಜನರಿಗೆ ಒಂದು ಮತವಾಗಿದೆ ... ಮಾನವೀಯ ಸರ್ಕಾರ,angry
ಟಾರ್ಚ್ ಅನ್ನು ಈಗಾಗಲೇ ನಂದಿಸಲಾಗಿದೆ. ಕೇವಲ ಚಿಹ್ನೆಯಿಂದ ಚುನಾವಣೆ ಗೆಲ್ಲಲು ಸಾಧ್ಯವಿಲ್ಲ.,sad
ಇಬ್ಬರು ಮುಖಾಮುಖಿ ನಡೆಯುತ್ತಿದ್ದಾರೆ,angry
"ನಾನಾ ಪಟೋಲೆ ಬಿಜೆಪಿ ಬಿಟ್ಟರೋ, ಬಿಜೆಪಿ ಬಿಟ್ಟ ಪಟೋಲೆಯೋ, ರಾವ್ ಗೆ ಏನೂ ಗೊತ್ತಿಲ್ಲ...",happy
ನಮಗೆ ಈ ನಾಯಕತ್ವ ಬೇಡ ಎಂಬ ಕಾರಣಕ್ಕೆ ದಂಗೆ ಏಳಲು ಸಿದ್ಧ,angry
ಕಡಿಮೆ ಗಾಂಜಾ ಜೀರುಂಡೆ ಕುಡಿಯಿರಿ,angry
"ಅಂತಹ ಹೋಲಿಕೆ ಒಳ್ಳೆಯದಲ್ಲ, ಇದು ಚಿತಾಲೆಯ ಎರಡು ಸಿಹಿತಿಂಡಿಗಳ ನಡುವಿನ ಹೋಲಿಕೆ",angry
ಇದರಲ್ಲಿ ಮಹಿಳೆ ಪಡೆದಿರುವ ಸ್ಥಾನವೇ ಪಾಠ,neutral
ಬಿಜೆಪಿ ಬ್ರೋಕಿಂಗ್ ಮೂಲಕ,angry
"ಇಂದು ಈ ಪುಸ್ತಕ ಸಿಗುವುದಿಲ್ಲ, ದಿನಾಂಕದೊಳಗೆ ಸಿಗುತ್ತದೆ ಎಂದಿದ್ದೀರಿ...",neutral
ಜೈ ಶ್ರೀರಾಮ್ ಈಗ ಜ್ಞಾನ ನೀಡಲು ಮತ್ತು ಧರ್ಮವನ್ನು ಕಲಿಸಲು ಬರುತ್ತಾರೆ,angry
ಅದು ಅವರ ಮೌಲ್ಯ,angry
ಅವರ ಸರ್ ಇಷ್ಟು ವರ್ಷಗಳಿಂದ ಪಕ್ಷ ಕಟ್ಟುತ್ತಿದ್ದಾರಾ? ನನಗೆ ಇದು ಅರ್ಥವಾಗುತ್ತಿಲ್ಲ..,angry
"ಇದು ಮರಾಠಿ ಅಸ್ಮಿತೆಯ ಸಂರಕ್ಷಣೆಯ ಪ್ರಮುಖ ಸೂಚಕವಾಗಿದೆ, ಯಾರೋ ಯಾವಾಗಲೂ ನಮ್ಮನ್ನು ನಿರ್ಲಕ್ಷ್ಯದಿಂದ ಕೊಂದಿದ್ದಾರೆ.",sad
ನೆಕ್ಲೇಸ್ ಮಾತ್ರವಲ್ಲದೆ ಭದ್ರತಾ ಠೇವಣಿಯ ಜಪ್ತಿಯನ್ನೂ ಹಿಂಪಡೆಯಿರಿ,sad
"ಇದು ನಿಜ, ಮೋಸಗಾರರಿಗೆ ಮೋಸಹೋಗಬೇಡಿ",angry
ಏನು ಕಡಿಮೆ,neutral
"ಇದೇನಿದು...ಯಾವ ಶಾಲೆ ಇದು...ಹೀಗೆ ಮಕ್ಕಳಿಗೆ ಮೋಸ, ಭಕ್ತರು ಬಯಲಾಗುತ್ತಾರೆ..",angry
ಯೇದಾ?,angry
"ನಿಜವಾದ ಶಿವಸೇನೆ ಯಾರು, ಬಿಲ್ಲು ಬಾಣ ಯಾರು ಎಂಬುದನ್ನು ಚುನಾವಣಾ ಆಯೋಗ ನಿರ್ಧರಿಸಲಿದೆ. ?",neutral
ಯಾವುದೇ ಮಾರ್ಗವಿಲ್ಲ. ಅದಕ್ಕೆ ವ್ಯತಿರಿಕ್ತವಾಗಿ ಅವರ ಸ್ವಾರ್ಥ ಮನೋಭಾವವನ್ನು ತೋರಿಸಲಾಯಿತು.,angry
ನೀವು ಅದನ್ನು ಒಮ್ಮೆ ಓದಿದ ನಂತರ ನೀವು ಹಿಂತಿರುಗಲು ಬಯಸುವುದಿಲ್ಲ.,sad
ನೀವು ಬ್ರೇಕಿಂಗ್ ನ್ಯೂಸ್ ನೀಡುತ್ತೀರಿ. ಪತ್ರಕರ್ತರು ಕಡಿಮೆ ಚಮಚಗಳು.,angry
ಶಶಿ ತರೂರ್‌ಗೆ ಮತ ಹಾಕಿದ ಸಾವಿರಾರು ಜನರನ್ನು ದೇಶದ್ರೋಹಿ ಎನ್ನಬೇಕೆ?,angry
ಈ ಮಹಿಳೆ ಅವಮಾನವನ್ನು ತೊರೆದಿದ್ದಾಳೆ.,angry
ಬಿಜೆಪಿಯವರು ಇಲ್ಲಿ ಹೋರಾಟ ನಡೆಸುವುದು ಆತ್ಮಹತ್ಯೆ.,sad
ಕೋರ್ಟಿನಲ್ಲಿ ಸೋತಾಗ ಸೋಲು.. ಈಗ ಅವಿರೋಧವಾಗಿ ಬಡಾಯಿ ಕೊಚ್ಚಿಕೊಳ್ಳುತ್ತಿದ್ದಾರೆ..,angry
ಈ ಚದುರಿದ ಮೋಡಗಳು ಯಾವಾಗ ಚದುರಿ ಹೋಗುತ್ತವೆ ??,angry
ಇಂದು ಮಹಾರಾಷ್ಟ್ರ ಕೊನ್ಯಾ ಚಿಟ್ಟಿ ಪಾಠಕ್ ನ ಕೈಯಲ್ಲಿದೆ... ಉಲ್ಲಾಸದಾಯಕ.,angry
ಕೆಲವು ದಿನಗಳ ನಂತರ ಉದ್ಧವ್ ಠಾಕ್ರೆ ಏನು ಹೇಳುತ್ತಾರೆ.. ಬಾಳಾ ಸಾಹೇಬರ ಶಿವಸೇನೆಯನ್ನು ಕೊಲ್ಲು..,sad
ವಿದೇಶಿಯರಿಗಾಗಿ ಕಾರ್ಯಕ್ರಮಗಳಿಗೆ ಹಣ ಖರ್ಚು ಮಾಡಲಾಗಿದೆ.,angry
ಪುಣೆಯಲ್ಲಿ ಪಾಕಿಸ್ತಾನ್ ಜಿಂದಾಬಾದ್ ಎಂದು ಘೋಷಣೆ ಕೂಗಿದ ಹಂದಿಯ ಮನೆಯ ಮೇಲೆ ಪೊಲೀಸರು ಗುಂಡು ಹಾರಿಸಲಿಲ್ಲ ಏಕೆ?,angry
ಉಪಗ್ರಹ ನೋಡುವವರೆಗೆ ಎರಡನೇ ಮುಂಗಾರು ಬರುವುದಿಲ್ಲವೇ?,neutral
"ಹೇ ರಾಮ್, ಹೇ ರಾಮ್",neutral
ಭಾವನಾತ್ಮಕ ಪತ್ರಿಕೋದ್ಯಮ ಬಿಡಿ... ಪತ್ರಕರ್ತನ ಕೆಲಸ ಸುದ್ದಿ ನೀಡುವುದು... ಸುದ್ದಿ ಮಾಡುವುದಲ್ಲ...,angry
"ಯಾರ ವಿರುದ್ಧ ಹೋರಾಡುತ್ತಾನೆ...ಬಾಳಾ ಸಾಹೇಬರ ಶಿವಸೇನೆಯ ವಿರುದ್ಧ. ಬಾಳಾ ಸಾಹೇಬರ ವಿಚಾರಗಳು ಎಂದಿಗೂ ಉಳಿಯಲಿಲ್ಲ, ಈಗ ಬಾಳಾ ಸಾಹೇಬರ ಶಿವಸೇನೆ ಸೋಲುತ್ತದೆಯೇ?",angry
"ಕೋಳಿ ಕಳ್ಳನ ಬಾಯಿಗೆ ಪ್ರವೇಶಿಸಿತು, ಆದ್ದರಿಂದ ಟಾರ್ಚ್ನಲ್ಲಿ ಐಸ್ ಕ್ರೀಮ್ನೊಂದಿಗೆ ಚಿಕನ್ ಅನ್ನು ಫ್ರೈ ಮಾಡೋಣ.",angry
"ಪ್ರಾಯೋಗಿಕವಾಗಿ, ಪುರುಷತ್ವದ ಕೊರತೆಯು ಸಂಬಂಧವು ಹದಗೆಡಲು ಒಂದು ಕಾರಣವಾಗುವುದಿಲ್ಲ.",neutral
ಹಿಂದಿಯಲ್ಲಿ ಏನು ಹೇಳುತ್ತೋ ಗೊತ್ತಿಲ್ಲ...,angry
ಈ ಟೀ-ಬಿಸ್ಕೆಟ್ ಪತ್ರಕರ್ತರು ನರಿಗೆ ಹುಳಿ ದ್ರಾಕ್ಷಿಯಂತಾಗಿದ್ದಾರೆ,angry
ಕೆಲವು ನಾಯಿಗಳು ತಮ್ಮ ಮಾಲೀಕರನ್ನು ಎಷ್ಟೇ ಬೈದರೂ ನೆಕ್ಕಲು ಹಿಂತಿರುಗುತ್ತವೆ.,angry
"ನೋಡಿ, ಅತಿವೃಷ್ಟಿಯಿಂದ ರೈತನಿಗೆ ಇನ್ನೂ ಪರಿಹಾರ ಸಿಕ್ಕಿಲ್ಲ.",angry
ನಿಮ್ಮ ಗುಂಪು ಕೂಡ ಒಂದು ರೀತಿಯ ಭ್ರಮೆ.,neutral
ಸಮೀಕ್ಷೆಯ ದಿನ ಕರ್ವಾ ಚೌತ್.. ಹೊಂಚು ಹಾಕಿತ್ತು. .ಒಬ್ಬ ಭಕ್ತ,neutral
ಡಿನೋ ಮೋರಿಯಾ ಜೈ ನಿಮ್ಮ ತಂದೆಯ ನ್ಯಾಯಸಮ್ಮತವಲ್ಲದ ಮಗು,angry
ರಾಜಕಾರಣಿಗಳಿಗೆ ಕೋಟಿಗಟ್ಟಲೆ ಪಿಂಚಣಿ ಏಕೆ ಬೇಕು? ರಾಜಕೀಯ ಒಂದು ಕೆಲಸವೇ?,angry
ಇದೆಲ್ಲ ಮಾಡುವ ಮೊದಲು ಒಂದು ಚಪ್ಪಲಿ ಇರುತ್ತದೆ,angry
"ಬುದ್ಧಿವಂತ ಜನರು ಅವನನ್ನು ದ್ವೇಷಿಸುತ್ತಾರೆ, ಕುತಂತ್ರ ಮತ್ತು ಅಶಿಕ್ಷಿತ ಜನರು ಅವನನ್ನು ಬೆಂಬಲಿಸುತ್ತಾರೆ",angry
ಆಯತ್ಯ ಬಿಲತ್ ನಗೋಬಾ ಎಂದರೆ ಆದಿತ್ಯ ಠಾಕ್ರೆ. ಭಾಗೋ ವರ್ಲಿಯಿಂದ ಮರು ಆಯ್ಕೆಯಾಗಬಹುದೇ ????,angry
ತನ್ನ ಮೂರ್ಖ ಸಚಿವ ಸ್ಥಾನವನ್ನು ಉಳಿಸಿಕೊಳ್ಳಲು ಕೊಲ್ಲಾಪುರ ಸೀಟು ಬಿಟ್ಟುಕೊಟ್ಟಿದ್ದನ್ನು ಒಪ್ಪಿಕೊಂಡ ಕೊಂಬಾಡ್ಯ!,angry
"ಅರೇ, ಆ ಜನ ಯುವರಾಜ್ ಗೆ ಕಾಮನ್ ಸೆನ್ಸ್ ಕಲಿಸುತ್ತಿದ್ದಾರೆ, ಇದು ಕಷ್ಟ ಯುವರಾಜ್...!!!",angry
ನಾನು ಇದನ್ನು ಸಹ ಮಾಡಿದ್ದೇನೆ + ರಿಮೋಟ್ ಅನ್ನು ನಾನು ಮುರಿದಿದ್ದೇನೆ.,angry
ಮರಾಠಿ ಬಾರದವನು ಮಹಾರಾಷ್ಟ್ರ ದ್ರೋಹಿ.,angry
"ಇದೇನಿದು ಪರುಲೇಕರ್, ಮಾತೃಭಾಷೆಯ ಬಗ್ಗೆ ಹೆಮ್ಮೆ ಪಡಬೇಕು.",happy
ಮೇಡನ್ ಸಂಸ್ಥೆಯ ಉತ್ಪಾದನೆಯನ್ನು ತನಿಖೆ ಮಾಡಲು ಸಮಿತಿಯನ್ನು ನೇಮಿಸಲಾಗಿದೆ ಮತ್ತು ಉತ್ಪನ್ನದ ಮಾರಾಟವನ್ನು ನಿಷೇಧಿಸಲಾಗಿದೆ.,neutral
ನಿಮ್ಮ ಸ್ವಂತ ಮೂರ್ಖತನಕ್ಕೆ ನಗು. .,neutral
ಕೂದಲು ಉದುರುವುದನ್ನು ತಡೆಯಲು ಬದಲಾಯಿಸಲಾಗಿದೆಯೇ ??,neutral
"ಸರಿ ಇದು ಪಾಠ, ಈಗ ಏನು ??",neutral
ಚುನಾವಣೆ ನಡೆಯಿತು,neutral
ವಾಲೆಟ್ ಇಲ್ಲದೆ ಪತ್ರಿಕೋದ್ಯಮ ನಡೆಯಬಹುದೇ ಎಂಬುದು ಪ್ರಶ್ನೆ.,angry
ಮೂರ್ಖರ ಗುಂಪು ಅಲ್ಲಿಂದ ಹೊರಹೊಮ್ಮಿತು ... ಇದರಲ್ಲಿ ನಮ್ಮ ಉದ್ಧವ್ನನ್ನು ಗುರುತಿಸಿ ...,angry
"ಹೇ ಕೇಶವ್, ಬಿ.ಕೆ.ಸಿ, ಬಿ.ಜೆ.ಪಿಯ ಘಟಾನುಘಟಿಗಳಲ್ಲಿ ಬಿಸಾಡಿದ ಮೇಲೂ ನಿನಗೆ ನಾಚಿಕೆ ಆಗುತ್ತಿಲ್ಲವೇ?",angry
ಬಾ ಬಾಸ್ಟರ್ಡ್..,angry
ಎಂಎನ್‌ಎಸ್‌ಗೆ ಓ ಕಾಕಾ ಊರ್ಲಾ ಸುರಳ ದಿನ,angry
ಈ ರೀತಿಯಾಗಿ ರಾಜ್ ಸಾಹೇಬರು ವೀಳ್ಯದೆಲೆ ಎಂದು ಭಾವಿಸಲಾಗಿತ್ತು,angry
"ಕರೋನಾ ಬಿಕ್ಕಟ್ಟಿನಲ್ಲಿ, ರಾಜ್ಯದ ಬದಲು ಕೇಂದ್ರ ಸರ್ಕಾರದ ನಿಧಿಗೆ ದೇಣಿಗೆ ನೀಡಿದ ಭೂರ್ತೆ ಹೇಳುತ್ತಿದ್ದಾರೆ...",angry
ಕಾನೂನು ಎಲ್ಲರಿಗೂ ವಿಭಿನ್ನವಾಗಿದೆ ಎಂದು ತೋರಿಸಲು ನೀವು ಬಯಸುವಿರಾ?,angry
ಇಂತಹ ಅಧಿಕಾರ ದುರ್ಬಳಕೆ ನಿಲ್ಲಬೇಕು.. ಅದಕ್ಕೇ ಮಹಾರಾಷ್ಟ್ರಕ್ಕೆ ಅಣಜಿ ಪಂತ್ ಅಂತಾರೆ.,angry
ದೇಶದ್ರೋಹಿಗಳನ್ನು ಸುಡುವುದೇ? ....ಹಾಗಾದರೆ ಮೊದಲು ನಿಮ್ಮ ಅಹಂಕಾರವನ್ನು ಇಡಿ....ಹಿಂದುತ್ವ ದ್ರೋಹಿಗಳು,angry
ಎಂತಹ ಮೂರ್ಖ ಮನುಷ್ಯ!,angry
"ಅಂತಹ ಪೋಷಕರನ್ನು ಹೊಂದಿದ್ದು, ವರ್ಷಕ್ಕೆ ಆರು ಲಕ್ಷಗಳು ತುಂಬಾ ಹೆಚ್ಚು.",angry
ಬೆಲ್ ಬಳಸಲಾಗುವುದು.,neutral
ರಾಜ್ ಕಳೆದುಕೊಂಡಿದ್ದಾರೆ. ಅಯೋಧ್ಯೆ ಪ್ರವಾಸವನ್ನು ನಿಷೇಧಿಸಿ ಮತ್ತು ಬಿಜೆಪಿಯನ್ನು ಟೀಕಿಸುವ ಮೂಲಕ.,angry
ಇದು ಭಯಾನಕವಾಗಿದೆ..,fear
ಛಗನ್ ಭುಜಬಲ್‌ನ ಮನದಲ್ಲಿ ಹುರುಪು ತುಂಬಿದೆಯೇ?,angry
ತುಳಜಾಪುರಕ್ಕೆ ತೆರಳುತ್ತಿದ್ದ ಭಕ್ತರ ಕದ್ದ ಮೊಬೈಲ್ ವಶ; ಇಬ್ಬರು ಉಗ್ರ ಕಳ್ಳರ ಬಂಧನ,neutral
"ಅರೇ, ಈ ಸುದ್ದಿಯನ್ನು ನಾವು ಎಷ್ಟು ಹರಡುತ್ತೇವೆ",angry
ಇದೆಲ್ಲವೂ ಬೆಂಬಲಿಗರಲ್ಲಿ ಗೊಂದಲ ಮೂಡಿಸಿದೆ.,happy
ಮರಾಠಿ ಕಾಮೆಂಟ್‌ಗಳಿಗೆ ಬೇಡಿಕೆ ಇಟ್ಟ ಎಂಎನ್‌ಎಸ್ ನಾಯಕರ ವಿರುದ್ಧ ಪ್ರಕರಣ ದಾಖಲಿಸುವುದು ಕಷ್ಟ.,sad
ಖಾಲಿ ಮಲೆನಾಡಿನ ಜನರನ್ನು ಕಾರ್ಯಕ್ರಮಕ್ಕೆ ಆಹ್ವಾನಿಸುವುದು ಸಭೆಯಲ್ಲ!!,angry
"ಬಡೇ ಸಾಹೇಬರ ಸೋದರಳಿಯನನ್ನು ಸಾರ್ವಜನಿಕರು ಒಪ್ಪಿಕೊಳ್ಳಲಿಲ್ಲ, ಈ ಗಡ್ಡದಿಂದ ಏನು ಪ್ರಯೋಜನ...!!",angry
ಇತ್ಯಾದಿ ಭಾರಿ ಮಳೆಯಿಂದ ಗದ್ದೆ ಕೊಳೆತು ಹೋಗಿದೆ.,sad
ಪತ್ರ ಪ್ರಕರಣದಲ್ಲಿ ಭಾಗಿಯಾದ ಎಲ್ಲರಿಗೂ ಶಿಕ್ಷೆಯಾಗಬೇಕು...,angry
ಪತ್ರಿಕೋದ್ಯಮದ ಮಟ್ಟ ಕುಸಿಯುತ್ತಿದೆ...,angry
ಈ ಅಂಧ ಭಕ್ತನನ್ನು ನೋಡಿ,angry
ಒಂದು ಕಾಲದಲ್ಲಿ ಎಂಎನ್ಎಸ್ ನಾಯಕರೊಬ್ಬರು ಈ ವಿಶೇಷಣವನ್ನು ನೀಡಿರಲಿಲ್ಲ,neutral
"ಅಹಂಕಾರಿ ಮತ್ತು ಅಸಹಾಯಕ, ಈ ಎರಡು ಪದಗಳು ನಿಮಗೆ ಸೂಕ್ತವಾಗಿವೆ!",angry
"ಭಿಕ್ಷುಕ, ಸುಮ್ಮನಿರು, ನನ್ನನ್ನು ಏಕೆ ಕೋಪಗೊಳಿಸುತ್ತಿದ್ದೀರಿ",angry
"ಡ್ಯಾಮಿಟ್, ನಮಗೆ ಏನು ಗೊತ್ತು? ನೀವು ನೇರವಾಗಿ ಚುನಾವಣಾ ಆಯೋಗವನ್ನು ಕೇಳಬೇಕು ಮತ್ತು ನಮಗೂ ಹೇಳಬೇಕು.",angry
ಅಗತ್ಯವಿಲ್ಲದಿದ್ದಾಗ ಡ್ರಗ್ಸ್ ತೆಗೆದುಕೊಳ್ಳಬಾರದು ಎಂಬ ಪ್ರಜ್ಞಾಪೂರ್ವಕ ಅರಿವು,neutral
"ಅಜಿತ್ ದಾದಾಗೆ ಗೃಹ ಸಚಿವ ಸ್ಥಾನವನ್ನು ಏಕೆ ನೀಡಲಿಲ್ಲ, ಅವರು ಅರ್ಹರಲ್ಲವೇ?",angry
ನಿಮಗೂ ತರ್ಕಕ್ಕೂ ಯಾವುದೇ ಸಂಬಂಧವಿಲ್ಲ ಎಂದು ತೋರುತ್ತಿದೆ,angry
ಕ್ಷೇತ್ರಗಳು ಕೈ ತಪ್ಪುತ್ತಿವೆ ಎಂದು ಪವರ್ಯನ್ನರು ಹೇಳಿದಾಗ ಬೀದಿಗಿಳಿಯುತ್ತಾರೆ!,angry
"ಅಮೋಲ್ ಮಿಟ್ಕರಿ ಬಿಜೆಪಿಯನ್ನು ಗೇಲಿ ಮಾಡುತ್ತಾರೆ, 'ಈ ಹಿಮ್ಮೆಟ್ಟುವಿಕೆ ನಿಮ್ಮ ದೀಪಾವಳಿ ಉಪಹಾರವನ್ನು ರುಚಿಕರವಾಗುವುದಿಲ್ಲ.'",angry
"T-World Cup ಮೊದಲು ಇಂಗ್ಲೆಂಡ್ ತಂಡಕ್ಕೆ ದೊಡ್ಡ ಹೊಡೆತ, 'HA' ಪ್ರಮುಖ ಬೌಲರ್‌ಗಳು ಪಂದ್ಯಾವಳಿಯನ್ನು ಆಡುವುದಿಲ್ಲ.",sad
"ಇಷ್ಟೆಲ್ಲಾ ಬೆಂಬಲಿಸಬೇಡಿ, ಈ ಚುನಾವಣೆ ಬಿಜೆಪಿಗೆ ಹೇಗಾದರೂ ಕಷ್ಟವಾಗಿತ್ತು.",neutral
ನೀವು ಆಡುವ ರೀತಿಯಿಂದ ನೀವು ಮುಜುಗರಕ್ಕೊಳಗಾಗಿದ್ದೀರಾ?,angry
ಮತ್ತು ಕಲ್ಮಶದ ಕೆಳಗಿರುವ ಕತ್ತಲೆಯು ನೀರಿನ ಶಿವಾರ್ ಹಗರಣವಾಗಿದೆ,angry
ಪ್ರಬೋಧನಕರ್...ಬಾಳಾಸಾಹೇಬರು...ಉಬೆಂ ರಾವ್ ಅವರಿಗೆ ಅವರದೇ ಆದ ಅಸ್ತಿತ್ವ ಮತ್ತು ನಾಯಕತ್ವ ಇಲ್ಲ ಎಂಬುದನ್ನು ಎಲ್ಲರೂ ಒಪ್ಪಿಕೊಂಡಿದ್ದಾರೆ!,angry
"ಪುಣೆಯಲ್ಲಿ ಕಾರ್ಯಕರ್ತರ ಬಂಧನದ ನಂತರ ಪಾಕಿಸ್ತಾನ್ ಜಿಂದಾಬಾದ್, ಅಲ್ಲಾಹು ಅಕ್ಬರ್ ಘೋಷಣೆಗಳು ಮೊಳಗಿದವು",angry
ಹಪ್ಪಳ ನಾಯಿ... ಎಲ್ಲದಕ್ಕೂ ಬೇಕು ಅನ್ನೋದು ಶುಭ ಸೂಚನೆ,angry
ಇದು? ನೀವು ಹೋಗಿದ್ದೀರಾ?,neutral
ಇದು ಹುಚ್ಚುತನದ ಪ್ರತಿಕ್ರಿಯೆ,angry
"ಓಹ್, ಹಾಗಾದರೆ ಆ ಎರಡು ಗುಂಪುಗಳು ಒಂದೇ ಪಕ್ಷದಲ್ಲಿ ಏಕೆ ಪರಸ್ಪರ ಹೊಡೆದಾಡುತ್ತಿವೆ?",happy
ಯಾರೂ ಇಲ್ಲ ಏಕೆಂದರೆ ದಿವಂಗತ ನಾಯಕರ ಕುಟುಂಬದ ಸದಸ್ಯರನ್ನು ಅವಿರೋಧವಾಗಿ ಆಯ್ಕೆ ಮಾಡುವುದು ನಮ್ಮ ಮಹಾರಾಷ್ಟ್ರದ ಸಂಸ್ಕೃತಿಯಾಗಿದೆ!,happy
ಬಿಕ್ಕಟ್ಟು ಬಿಕ್ಕಟ್ಟು,neutral
ಈ ಸರ್ವಾಧಿಕಾರಿಗಳು ಬದುಕಿದಾಗ ರಾಜರಂತೆ ಬದುಕುತ್ತಾರೆ ಮತ್ತು ಸತ್ತಾಗ ನಾಯಿಗಳಂತೆ ಸಾಯುತ್ತಾರೆ.,angry
?? ಇದು ಒಂದು ರೀತಿಯ ಅವಮಾನ.. ಪುಣೆಯಲ್ಲಿ ಎಲ್ಲವೂ ಇದೆ ಮೇಡಂ,angry
ಸರಳವಾಗಿ ... ನೀವು ನಿಮ್ಮನ್ನು ಮಂತ್ರಿ/ಪ್ರಮುಖ ಅಧಿಕಾರಿ ಎಂದು ಪರಿಗಣಿಸುತ್ತೀರಾ?,angry
ಅವನ ನಾಲಿಗೆ ಏಕೆ ಜಾರಿಕೊಳ್ಳಲಿಲ್ಲ? ಏಕೆ ನಾಲಿಗೆಯಲ್ಲಿ ಇರಿಸಲಾಗುತ್ತದೆ,angry
ಎಂತಹ ಅವಮಾನ.,sad
ಬಾನು ಗುಂಡೆ ಅವರು ಮುಂಜಾನೆ ಪ್ರಮಾಣ ವಚನ ಸಮಾರಂಭದ ಆಯೋಜಕರಾಗಿದ್ದರು.,angry
ಆದರೆ ಹುಡುಗಿಯರನ್ನು ಕಂಡು ತುಂಬಾ ನೋವಾಗುತ್ತದೆ,sad
"ಇದು ಬಿಜೆಪಿ ಸರ್ಕಾರದ ತಪ್ಪು ಕ್ರಮವಾಗಿದ್ದು, ನಿಜಕ್ಕೂ ಅನ್ಯಾಯವಾಗಿದೆ.",angry
"ಯೋಜನೆ ನನೆಗುದಿಗೆ ಬಿದ್ದಿದೆ ಎಂಬ ಬೇಸರವಲ್ಲ, ಕಮಿಷನ್ ದುರ್ಬಲವಾಗಿದೆ, ಬೇಸರವಾಗಿದೆ.",sad
ಎಂತಹ ದೊಡ್ಡ ನಿರ್ಧಾರ?? ಈಗ ಎಲ್ಲ ಚರಂಡಿಗಳು ತುಂಬಲಿವೆ.,angry
"ಇದು ಯೋಗ್ಯವಾಗಿದೆಯೇ, ನೀವು ಭ್ರಷ್ಟಾಚಾರದ ಹುಳುಗಳು",angry
"ಇಲ್ಲ, ಎಂದಿಗೂ ನಿರೀಕ್ಷಿಸಿರಲಿಲ್ಲ, ಕೇವಲ ಕಿರಿಕಿರಿಯನ್ನು ವ್ಯಕ್ತಪಡಿಸಿತು, ಎಲ್ಲಾ ಜಪಮಾಲೆಯ ಮಣಿಗಳು",angry
ಮೊದಮೊದಲು ಈ ನಾಟಕವನ್ನು ದರೋಡೆ ಮಾಡಿ ಆಡುವುದು ಚೆನ್ನಾಗಿತ್ತು.,angry
ಕೆಲವೊಮ್ಮೆ ನಿಮ್ಮ ಬಾಸ್ ಅನ್ನು ಕೇಳಿ.,angry
"ಹೌದು, ಇಲ್ಲಿಯವರೆಗೆ ಇಬ್ಬರನ್ನು ಬಂಧಿಸಿ ಗಲ್ಲಿಗೇರಿಸಲಾಗಿದೆಯೇ?",neutral
ಅರ್ಥ ಗಣಿತವು ನಿಮ್ಮ ಮನಸ್ಸಿನಿಂದ ಹೊರಗಿದೆ!,angry
ದೇವೇಂದ್ರ ಫಡ್ನವೀಸ್ ಒಬ್ಬ ನಿಷ್ಪ್ರಯೋಜಕ ವ್ಯಕ್ತಿ. ಅವರು ತಮ್ಮ ಪೊಲೀಸರನ್ನು ನಂಬುವುದಿಲ್ಲ. ರಾಮಖೋರ್ ಸರೋವರ,angry
ಜನರು ಏಕೆ ಕೇಕ್ ಬಯಸುತ್ತಾರೆ ಮತ್ತು ತಿನ್ನುತ್ತಾರೆ ಎಂದು ಈಗ ನನಗೆ ತಿಳಿದಿದೆ,neutral
"ಅವರು ಇದಕ್ಕಿಂತಲೂ ಬಲಿಷ್ಠರು...! ನಮ್ಮ ದೀಪಾವಳಿ ಪಟಾಕಿಗಳು... *ಈಗ ದೀಪಾವಳಿ ಬರಲಿ, ಇಡೀ ಭೂಮಿಯೇ ಅಪಾಯದಲ್ಲಿದೆ.*",happy
ಈಗ ನಿನ್ನನ್ನು ನೋಡಿದ ಮೇಲೆ ತಮ್ಮ ದುಃಖವನ್ನು ವ್ಯಕ್ತಪಡಿಸಲು ಅವರಿಗೆ ಇಡೀ ದಿನ ಆಹಾರ ಸಿಗುವುದಿಲ್ಲ,angry
ಇದು ಅತ್ಯಂತ ದುರದೃಷ್ಟಕರ. ವಿದ್ಯಾರ್ಥಿಗಳಿಗೆ ನ್ಯಾಯ ಸಿಗಬೇಕು.,sad
ಗೃಹ ಸಚಿವರು ಯಾರ ಭತ್ಯೆ ಕದಿಯುತ್ತಿದ್ದಾರೆ?,angry
ಅಭ್ಯರ್ಥಿಗೆ ಹಿಂಪಡೆಯುವ ಪತ್ರ ಬಂದ ತಕ್ಷಣ...ಅದನ್ನು ಈಗಲೇ ಘೋಷಿಸುವರೇ?,angry
ವೆಸ್ಟ್ ಇಂಡೀಸ್ ಅವರನ್ನು ಹುಡುಕುತ್ತಿದೆ ಮತ್ತು ಅವರು ಇಲ್ಲಿ ಪಾತ್ರವನ್ನು ನಿರ್ವಹಿಸುತ್ತಿದ್ದಾರೆ.,neutral
ಎಂಎನ್‌ಎಸ್ ಒಂದು ರಾಜಕೀಯ ಪಕ್ಷ ಎಂಬುದು ಬಹುಶಃ ತಪ್ಪು ಕಲ್ಪನೆ.,angry
"ಅನೇಕ ಮಹಿಳೆಯರೊಂದಿಗಿನ ಸಂಬಂಧಗಳ ಬಗ್ಗೆ ಪ್ರಶ್ನೆಗಳಿವೆ, ಜಗಳವಾಡುವುದು, ಜೋರಾಗಿ ನಗುವುದು ಅಥವಾ ಅಳುವುದು...",angry
ದೇಶದ್ರೋಹ ಮಾಡುವ ಮೊದಲು ನಿಮ್ಮ ಹಳೆಯ ಭಾಷಣವನ್ನು ಪೋಸ್ಟ್ ಮಾಡಿ,angry
"ದೇಶದ್ರೋಹಿ ಪಲ್ಲಾ ಸಾಹೇಬ್, ನೀವು ಅದನ್ನು ಸಮಯಕ್ಕೆ ಗುರುತಿಸಬೇಕಾಗಿತ್ತು.",angry
"ಬಿಳಿ ಕಾಗದದ ಆದಾಯದ ಮಿತಿ ತುಂಬಾ ಕಡಿಮೆ, ಆದ್ದರಿಂದ ಕೆಳ ಮಧ್ಯಮ ವರ್ಗದವರಿಗೂ ಕಿತ್ತಳೆ ಸಿಗುವುದಿಲ್ಲ.",angry
"ಸಾರ್ವಜನಿಕರು ನಿರ್ಧರಿಸಲಿ, ಶಾಲೆ ಮುಚ್ಚುವ ನಿರ್ಧಾರವನ್ನು ಹಿಂಪಡೆಯಲಿ.",neutral
ಈ ಸಾಮಾನ್ಯ ಜ್ಞಾನವು ವಿಜ್ಞಾನದ ಇತಿಹಾಸ ಪರೀಕ್ಷೆಗೆ ಉತ್ತರಿಸುವವರಿಗೆ ಮಾತ್ರ ಇರುತ್ತದೆ,angry
ತಾಯಿ ಶಿಂಧೆ ಗುಂಪು ಸೇರಿದಾಗ ಬಿಜೆಪಿ ಅವರಿಗೆ ಉಮೇದುವಾರಿಕೆ ನೀಡಲು ಹೊರಟಿತ್ತು. ನರಿಗೆ ಹುಳಿ ದ್ರಾಕ್ಷಿ.,angry
ಸಂಜಯ್ ರಾಠೋಡಿಯ ಅಪರಾಧವನ್ನು ಮುಚ್ಚಿಹಾಕುವುದು ಅಷ್ಟು ಸುಲಭವಲ್ಲ,neutral
"ನಿಮ್ಮ ಹೊಟ್ಟೆಯಲ್ಲಿ ಕೊಲಿಕ್ ಏಕೆ ಇದೆ, ಏನು ಮಾಡಬೇಕು?",angry
ಪಿಸ್ತೂಲು ಇರುವಲ್ಲಿ ರಾಜೀನಾಮೆ ಕೊಡುವುದಿಲ್ಲ ಎಂಬುದು ಎಲ್ಲರಿಗೂ ಗೊತ್ತು,angry
"ನಿತೇಶ್ ರಾಣೆ ಅಲ್ಲ, ಈತ ನಿತೇಶ್ ಥಾಪಾ.",angry
ಜೀವನವು ಪುನರಾವರ್ತನೆಯಾಗುವುದಿಲ್ಲ. ಜೀವನದ ಬೆಲೆ ಯಾರಿಗೂ ತಿಳಿದಿಲ್ಲ ಎಂಬುದು ಸತ್ಯ,sad
ಈ ಉಗುಳುವ ಸೇವೆ ಎಲ್ಲಿಂದ ಬಂತು?,angry
ಭ್ರಷ್ಟಾಚಾರ ದೇಶದ ಪಿಡುಗು: ದೇವೇಂದ್ರ ಫಡ್ನವಿಸ್,angry
ಬರೀ ಟ್ರೋಲ್ ಮಾಡುವುದು ರಾಜಕೀಯವಲ್ಲ. ಇದಕ್ಕೆ ಕೆಲಸ ಬೇಕು.,neutral
"ನಾವು ಮನೆಯಲ್ಲೇ ಇರುತ್ತೇವೆ, ಆದರೆ ಆ ರೈತರ ಪಾಡು ಕಾಣುತ್ತಿಲ್ಲ.",sad
ರಾಜ್ ಠಾಕ್ರೆಯಂತಹ ಸಾಂಸ್ಕೃತಿಕ ನಾಯಕ ಮಹಾರಾಷ್ಟ್ರದ ಮುಖ್ಯಮಂತ್ರಿಯಾಗದಿರುವುದು ಮಹಾರಾಷ್ಟ್ರದ ದೌರ್ಭಾಗ್ಯ.,sad
ಹಂಚಿಕೆಯಿಂದ ಏನು ಪ್ರಯೋಜನ ಎಂದು ಅವರು ಯೋಚಿಸಬೇಕು.,neutral
ಇದು ಪರದೆಯ ಹಿಂದಿನ ನಿಜವಾದ ಮುಖ,angry
"ಭಟ್ಕಳಕರ್, ಬರೀ ಕಾಮೆಂಟ್ಗಳನ್ನು ಓದಿ, ರಾವ್... ತುಂಬಾ ವೈವಿಧ್ಯತೆ. ಅವಮಾನದ ತರಕಾರಿ ಮಾರಿ ತಿಂದ...",angry
ಸುಬೋಧ್ ಭಾವೆ ಅವರ ಹೆಸರನ್ನು ನೀವು ನೋಡಿದಾಗ ಕಾಲಲ್ ಚಿತ್ರ ನಿಮಗೆ ಅಲ್ಲ,neutral
ನೀವು ಆರಿದ ದೀಪಗಳನ್ನು ಏಕೆ ಹಿಂತಿರುಗಿಸುತ್ತೀರಿ?,angry
"ಅಸೆಂಬ್ಲಿಯೇ ವಿಸರ್ಜಿಸಲಿದೆ, ಚುಟಿಯಾ ಕುಟ್ಲಕ್ಕೆ ರಾಜೀನಾಮೆ ನೀಡುತ್ತೀರಾ?",angry
ಓಡಿ ಹೋದವರು ಸಲಹೆ ಕೊಡುವರೇ?,angry
"ನೀವು ಹೇಗೆ ಕಳೆದುಕೊಳ್ಳುತ್ತೀರಿ ಎಂದು ನಿಮಗೆ ತಿಳಿದಾಗ, ನೀವು ಉತ್ಸುಕರಾಗುತ್ತೀರಿ ಮತ್ತು ನಿಮ್ಮ ಮುಖದಲ್ಲಿ ಅಭಿನಂದನೆಗಳನ್ನು ನಿರೀಕ್ಷಿಸುತ್ತೀರಿ.",angry
ಜನರ ಬಲವಂತದ ಭಾಷೆಯಲ್ಲಿ ಹೇಳುವುದಾದರೆ ಸೈನ್ಯದಲ್ಲಿದ್ದಾಗ ಅವರಿಗೆ ಸೆಲ್ಯೂಟ್ ಹೊಡೆದಿದ್ದಾರಾ?,angry
ದೇವರು ಅವರಿಗೆ ಐವತ್ತೆರಡು ಕುಲಗಳ ಬದಲಿಗೆ ಐವತ್ತೆರಡು ತಲೆಗಳನ್ನು ನೀಡಬೇಕಾಗಿತ್ತು,angry
ಅವನು ನಿನ್ನನ್ನು ಕೆಟ್ಟದಾಗಿ ಹೊಡೆದನು ಮತ್ತು ಅದಕ್ಕಾಗಿಯೇ ನಿನಗೆ ಈ ರೀತಿ ಅನಿಸುತ್ತದೆ,angry
ಪಚ್ಕಾ ಉದ್ಧವ್ ಅವರ ಕಾನೂನು ಭಾಗವೂ ದುರ್ಬಲವಾಗಿದೆ,angry
ಇದು ಕೆಲಸ ಮಾಡುತ್ತದೆಯೇ?,neutral
ಹಾಗಾದರೆ ನಾನು ಬೇರೆ ಏನಾದರೂ ಹೇಳಿದ್ದೇನೆಯೇ?,neutral
ನಿಮ್ಮನ್ನು ಜೋಕರ್ ಮಾಡಿದ್ದು ಬಿಜೆಪಿ! ಬಾಮನ್ ಜನರು ಬಹಳ ಬುದ್ಧಿವಂತರು.,angry
ನಿಮ್ಮ ಹೆಂಡತಿಯರು ಇನ್ನೂ ಏಕೆ ಬಯಲಿನಲ್ಲಿದ್ದಾರೆ?,angry
ಇದರ ಅವಶ್ಯಕತೆ ಇರುವುದಿಲ್ಲ ಮತ್ತು ಸರ್ಕಾರ ಬೀಳುತ್ತದೆ,neutral
ಗುರಾಣಿ ಕತ್ತಿಯ ಚಿಹ್ನೆ ನಿಮಗೆ ಬಿಟ್ಟದ್ದು. ಇದು ಇತಿಹಾಸ. ಈ ಪಕ್ಷಗಳು ಬೇಗನೆ ಮುಳುಗುತ್ತವೆ.,angry
ಹತ್ಯಾಕಾಂಡದ ಭಾಷೆ ಮಾತನಾಡುವವರೇ ಗೋವಾರಿ ಹತ್ಯಾಕಾಂಡ ಯಾಕೆ ಮಾಡಿದ್ರು ಹೇಳ್ತೀರಾ??????,angry
ಸ್ವಾಯತ್ತ ಸಂಸ್ಥೆಗಳು ಹೆಸರಿಗೆ ಮಾತ್ರ. ಈ ಸಂಸ್ಥೆಗಳು ಕೇಂದ್ರದ ಒತ್ತಡದಲ್ಲಿ ಮಾತ್ರ ಕಾರ್ಯನಿರ್ವಹಿಸುತ್ತವೆ. ಈ ಕುರಿತು ರಾಷ್ಟ್ರವ್ಯಾಪಿ ಆಂದೋಲನದ ಅಗತ್ಯವಿದೆ.,angry
ಮಿಂದೇ ಸಾಹೇಬರು ಏನು ಮಾಡುತ್ತಿದ್ದಾರೆ?,angry
ನೀನೂ ಇಲ್ಲಿಗೆ ಜೇನು ತಂದಿದ್ದೀಯಾ?,angry
ಸರ್ಕಾರದಲ್ಲಿನ ಭ್ರಷ್ಟಾಚಾರ ಮತ್ತೊಮ್ಮೆ ಮುಖ್ಯಾಂಶಗಳಲ್ಲಿದೆ,angry
ವಿಕಾರವೂ ನಾಚಿಕೆಪಡುತ್ತದೆ..,angry
ಶಿವಸೇನೆ ಈ ವರ್ಷ ಬರಲಿಲ್ಲ...ಈಗೇಕೆ...,angry
"ಉದ್ಧವ್ಜಿ ಅಪ್ಪ ಕದ್ದರು, ಶಿವಸೇನೆ ಕದ್ದರು, ಈಗ ಅಂತೇರಿ ಪೂರ್ವ ಅಭ್ಯರ್ಥಿಯೂ... ಜಾತಿವಂತ ಪಾಕೆಟ್ ಮನಿ ಗುಣಗಳನ್ನು ಹೊಂದಿದ್ದಾರೆ...",angry
ಈ ಬಾಡಿಗೆಯಿಂದ ಛತ್ರಪತಿ ಶಿವಾಜಿ ಮಹಾರಾಜರು ಮತ್ತು ಬಾಳಾಸಾಹೇಬರನ್ನು ಮಾರುಕಟ್ಟೆ ಮಾಡಲಾಗಿದೆ.,angry
ನಾನು ಓದಲು ಬಯಸುತ್ತೇನೆ ಆದರೆ ನನ್ನ ಬಳಿ ಹಣದ ಕೊರತೆ ಇದೆ... ಏನನ್ನೂ ಸೂಚಿಸಲಿಲ್ಲ,sad
ಎಂಎನ್‌ಎಸ್ ಬಾಲಿಶತೆಯ ಉತ್ತುಂಗವಾಗಿದೆ,angry
ನೀವು ಇನ್ನೊಂದು ಕಡೆಯಿಂದ ಕೇಳಲು ಬಯಸುವ ಹತಾಶ ಪ್ರಯತ್ನ,angry
"ಇದು ಉದ್ದೇಶಪೂರ್ವಕ ಹೇಳಿಕೆಯಾಗಿದ್ದು, ಅನುಮಾನವನ್ನು ಹರಡಲು ನಾಲಿಗೆಯ ಸ್ಲಿಪ್ ಅಲ್ಲ.",angry
ನಿಮ್ಮ ಹೆಸರನ್ನು ಹಿಂಪಡೆಯಬೇಕಾದರೆ ನೀವು ಅಭ್ಯರ್ಥಿಯನ್ನು ಓಡಿಸಲು ಏಕೆ ಪ್ರಯತ್ನಿಸಿದ್ದೀರಿ? ಒಬ್ಬ ಕಪಟಿ,angry
ಸಿಂಧುದುರ್ಗದ ಮೂವರು ನೇಪಾಳಿಗಳ ಚಿತ್ರಗಳನ್ನು ಪೋಸ್ಟ್ ಮಾಡಲು ನಿಮಗೆ ನಾಚಿಕೆ ಏಕೆ?,angry
ಇದನ್ನು ನೋಡಿ. ನನ್ನನ್ನು ನಿರ್ಬಂಧಿಸಲಾಗಿದೆ. ಅದನ್ನು ಇರಿಸಿಕೊಳ್ಳಿ,neutral
ಸರಿ ಅಂದರೆ ಒಪ್ಪಿದರೆ ಪಪ್ಪು ನಿನ್ನ ತಂದೆ.,angry
ಪುಣೆ ಇಂದು ಏಕೆ ನೀರಿನಲ್ಲಿ ಮುಳುಗಿದೆ? ಮೊದಲು ಪುಣೆಯವರಿಗೆ ಉತ್ತರ ನೀಡಿ ನಂತರ ಉಳಿದ ಜ್ಞಾನವನ್ನು ಹಂಚಿಕೊಳ್ಳಿ.,angry
ತುಂಬಾ ಭ್ರಷ್ಟಾಚಾರ,angry
ಈಗ ಆ ಬಿಜೆಪಿ ಆರೋಪಿಗಳನ್ನು ಶಿಕ್ಷಿಸುವ ಸಮಯ ಬಂದಿದೆ.,angry
ಅವನು ಅಲ್ಲಿಗೆ ಹೋದ.. ಅವನು ನಿನ್ನ ಬಳಿಗೆ ಬರಲಿಲ್ಲ.. ಆಗ ಮಾಯೆಯ ಕೊರತೆಯನ್ನು ನೀವು ನೋಡುತ್ತೀರಿ.,sad
ಶಾಕಿಂಗ್!! ಆಸ್ಟ್ರೇಲಿಯಾ ವಿರುದ್ಧದ ಪಂದ್ಯಕ್ಕೂ ಮುನ್ನ ಚಂಡೀಗಢ ಪೊಲೀಸರು ಹಣ ಕೇಳಿದ್ದರು,happy
"ಇದು ಅತ್ಯಂತ ದಮನಕಾರಿ ನಿರ್ಧಾರವಾಗಿದ್ದು, ಸರಕಾರ ಕೂಡಲೇ ಈ ನಿರ್ಧಾರವನ್ನು ಹಿಂಪಡೆಯಬೇಕು.",angry
ನಮ್ಮ ದೇವರು ಮತ್ತು ದೇವತೆಗಳ ಬಗ್ಗೆ ಎನ್‌ಸಿಪಿ ನಾಯಕರು ಏಕೆ ಕೋಪಗೊಂಡಿದ್ದಾರೆ? ಬಿಜೆಪಿ,angry
ಒಂದು ವರ್ಷದ ನಿಮ್ಮ ಬಾಸ್ ಬಗ್ಗೆ ಮಾತನಾಡಲು ನಿಮಗೆ ನಾಚಿಕೆಯಾಗುವುದಿಲ್ಲವೇ?,angry
"ಅವರ ಹೆಸರಿನಲ್ಲಿ ಕಾಮೆಂಟ್ ಮಾಡುವ ಧೈರ್ಯವಿಲ್ಲ, ಅವರು ಫಲಿತಾಂಶದ ಬಗ್ಗೆ ಮಾತನಾಡುತ್ತಿದ್ದಾರೆ",angry
"ಆ ಕೋಳಿಯನ್ನು ಹುರಿದಿರಬೇಕು, ಹಾಗಾಗಿ ನಾನು ಅದನ್ನು ಹಿಂದಕ್ಕೆ ತೆಗೆದುಕೊಂಡೆ, ಮತ್ತು ನೀವು ಯಾವ ರೀತಿಯ ಧನ್ಯವಾದಗಳನ್ನು ಸ್ವೀಕರಿಸುತ್ತೀರಿ?",angry
ಅತಿಯಾದ ಭೋಗದ ಫಲಿತಾಂಶಗಳು ಈ ರೀತಿಯಲ್ಲಿ ಕಂಡುಬರುತ್ತವೆ.,angry
ಈ ಕಾರ್ಯಕ್ರಮ ನಿಲ್ಲಿಸಬೇಕು.,angry
"ಈ ಮರವು ತುಂಬಾ ಅಪಾಯಕಾರಿ ಎಂದು ತೋರುತ್ತದೆ. ಮನಿಶಾ ನಗರ ಬಸ್ ನಿಲ್ದಾಣ, ಸಹ್ಯಾದ್ರಿ ಟೀ ಎದುರು...",fear
"ವಾಸ್ತವವೆಂದರೆ ಇಲ್ಲಿನ ಸಮಾಜವು ಜಾತಿ ಆಧಾರಿತ, ಹತಾಶೆಯ ಮನಸ್ಥಿತಿಯ, ಸೈದ್ಧಾಂತಿಕವಾಗಿ ದಿವಾಳಿಯಾದ ಜನರ ಸಮಾಜವಾಗಿದೆ...",angry
ಭಾಸ್ಕರ್ ಸಾಹೇಬರು ನಿನ್ನೆ ತಂದೆಯನ್ನು ತೆಗೆದು ಹಾಕಿದ್ದಾರೆ ಎಂದರು,angry
"ಶಿವತೀರ್ಥದಲ್ಲಿ ದಸರಾ ಕೂಟಕ್ಕೆ ಅವಕಾಶವಿರುವುದರಿಂದ ಕೇಶವ ತುಂಬಾ ಚೆನ್ನಾಗಿ ಕಾಣುತ್ತಿದ್ದಾನೆ, ಬೆಂಕಿ ಉರಿಯುತ್ತದೆ...",angry
ಯಾವುದೂ ನಿಜ ಅನಿಸುವುದಿಲ್ಲ,neutral
ಓ ಭಕ್ತ ಮತ್ತು ಅದಕ್ಕೂ ಅಸಂಬದ್ಧತೆಗೂ ಯಾವುದೇ ಸಂಬಂಧವಿಲ್ಲ,angry
ಇದು ಪ್ರತಿ ವರ್ಷ ನಡೆಯುತ್ತದೆ.,angry
"ನೀವು ದೇಶಕ್ಕೆ ಏನಾದರೂ ಋಣಿಯಾಗಿದ್ದೀರಾ? ನೀವು ಭಕ್ತಿ ಮಾಡುತ್ತೀರಿ, ಸಾರ್ವಜನಿಕರಾದ ನಾವು ಯೋಚಿಸುತ್ತೇವೆ.",angry
ಇದು ಗಟಾರನ ಬಾಯಿಂದ ನಿಮ್ಮ ಮುಖವಾಣಿಯಲ್ಲ,angry
ಬಹುತೇಕ ಎಲ್ಲಾ ಭ್ರಷ್ಟರು ಈಗ ಸೂಪರ್ ಪವರ್ ಜೊತೆ...,angry
ಈಗ ಏಕನಾಥ್ ಶಿಂಧೆಯವರಿಂದ ದೂರದೃಷ್ಟಿ ನಿರೀಕ್ಷಿಸುವುದು ಅತಿಯಾಗಿದೆ,angry
ಮಾವಿನ ಚುಟಿಯಾ ಇದೆಯಾ?,angry
ಹವಾಮಾನ ವರದಿ ಆದರೆ ನೀವು ಜರ್ನಲಿಸ್ಟ್ ಇದ್ದಂತೆ ಸರ್...ಅವರ ಭವಿಷ್ಯವೂ ಮೂಲಗಳ ಮೇಲೆಯೇ ಇದೆ...,angry
"ಅದೇನೆಂದರೆ, ಆಂತರಿಕ ಜಗಳ ನಡೆದರೂ ಹೊರಗಿನಿಂದ ಆಯುಧಗಳನ್ನು ತರಬೇಡಿ.",neutral
ಶಂಭುಲ್ಯನ ಸ್ಥಿತಿ ನೋಡಿ ದೇಶದ್ರೋಹಿ ಎಂಬ ಕಳಂಕ ಎಂದೂ ಮಾಸುವುದಿಲ್ಲ.,angry
ತಾನಾಜಿ ಸಾವಂತ್ ನಂತರ ಅಂತಹ ಯಾವುದೇ ಹೇಳಿಕೆ ನೀಡಿದರೆ ಏಡಿಗಳು ಹೊರಗುಳಿಯುತ್ತವೆ.,angry
"ಹೊಸ ಸಿಗ್ನಲ್ ಸಿಕ್ಕಿದ್ದು ನಿಜ, ಆದರೆ ಉದ್ಧವ್ ಠಾಕ್ರೆ ತಲೆ ನೋವು ಹೆಚ್ಚಿದೆ! -",happy
ಹಗಲು ಹೊತ್ತಿನಲ್ಲಿ ಮರಾಠಿ ಅಂಗಡಿಕಾರರು ಮತ್ತು ಮಹಿಳೆಯರಿಗೆ ಅಮಾನುಷವಾಗಿ ಥಳಿಸಿದ ಘಟನೆ ಸಿಸಿಟಿವಿಯಲ್ಲಿ ಸೆರೆಯಾಗಿದೆ,angry
ದೇಶವನ್ನು ಪಾತಾಳಕ್ಕೆ ಕೊಂಡೊಯ್ಯುವವರಿಗೆ ಬಿಜೆಪಿಗೆ ಮತ ಹಾಕಿ.,angry
ಇದನ್ನು ಹೇಳಲು ಯಾವ ಬಾಯಿಯಲ್ಲಿ ಇನ್ನೂ ಸಗಣಿ ತುಂಬಿದೆ?,angry
"ಅತುಲ್ ಸುತಾರ್ ಅವರು ಅಜೀರ್ಣದಿಂದ ಬಳಲುತ್ತಿದ್ದರು. ಬಿರಿಯಾನಿ ಬದಲು ದಾಲ್, ಅನ್ನ, ತುಂಪಾ ಧಾರ್ ಅಂತ ಬೇಜಾರಾಗಿತ್ತು.",angry
"ನಿಖಿಲ್ ಈ ರೀತಿ ವರ್ತಿಸುವ ಮೂಲಕ ಕಮ್ಯುನಿಸ್ಟ್ ಆಗಿ ಹೊರಹೊಮ್ಮಿದರೂ, ಅವನು ಇನ್ನೂ ಇಷ್ಟು ಮಾಡುತ್ತಿದ್ದಾನೆ.",angry
ಕಲ್ಮಾಬಾಯಿಯ ಪತಿಯು ಪಂಢರಪುರ/ಕೊಲ್ಹಾಪುರ ಮಧಿಯಲ್ಲಿ ಸ್ಥಾಪನೆಯಾದರೇ?,neutral
"ಇದು ಮನಸ್ಸಿನ ಕತ್ತಲೆ, ಇದಕ್ಕೆ ಚಟ್ಕಾದ ""ಪಂಜು"" ಬೇಕು.",happy
ಆಗ ಬಿಜೆಪಿಯ ಕಾಲಿಗೆ ನೆಲ ಜಾರಿ ನಾಟಕ ಶುರುವಾಯಿತು...,angry
ಮತ್ತು ಜನತಾ ನ್ಯಾಯಾಲಯ ನೀಡಿದ ತೀರ್ಪು ನಿಮಗೆ ನೆನಪಿದೆಯೇ? ಸಾಮಾನ್ಯ ಜ್ಞಾನವನ್ನು ಬಳಸಿ.,angry
"ಒಬ್ಬರು ಸ್ವಾಭಿಮಾನಿ, ಮತ್ತೊಬ್ಬರು ಎರೆಹುಳದ ಮಗುವಿನಂತೆ ಬದುಕುತ್ತಿದ್ದಾರೆ.",angry
ಈ ವಾದವು ಪ್ರಚಂಡವಾಗಿದೆ ಏಕೆಂದರೆ ಒಬ್ಬ ಮನುಷ್ಯನಿಗೆ ಹಸಿವಾಗದಿದ್ದರೆ ಅವನು ತಿನ್ನಲು ಸಾಧ್ಯವಿಲ್ಲ ಎಂದು ನಾವು ಹೇಳಬೇಕಾಗಿದೆ.,neutral
ಅಂದರೆ ಭಾರತದಲ್ಲಿ ಪ್ರಜಾಪ್ರಭುತ್ವ ಕೊನೆಗೊಂಡಿದೆ ಮತ್ತು ಈ ದೇಶ ಮುಳುಗುವ ಹಂತದಲ್ಲಿದೆ.,fear
ಮೊದಲು ಈ ಹುಡುಗಿಯನ್ನು ಎತ್ತಿಕೊಂಡು ಇಡೀ ಚೌಕದಲ್ಲಿ ಅವಳನ್ನು ಗುಂಡಿಕ್ಕಿ ಕೊಂದುಬಿಡಿ. ಇವರು ಭಾರತದ ದ್ರೋಹಿಗಳು.,angry
ರಾಹುಲ್ ಗಾಂಧಿಯನ್ನು ರಾಮನಿಗೆ ಹೋಲಿಸುವುದು ಅವಮಾನ,angry
ಧಾನ್ಯಗಳನ್ನು ಬಿಸಾಡಿ ಕುದುರೆಯನ್ನು ಖರೀದಿಸುವ ಬಗ್ಗೆ ಮಾತನಾಡುತ್ತೀರಾ ???,neutral
ಗುರಾಣಿ ಮತ್ತು ಖಡ್ಗ ಪಾಕಿಸ್ತಾನದ ಗಡಿಯನ್ನು ತಲುಪಲಿದೆಯಂತೆ.,angry
ಆ ದಿನಗಳಲ್ಲಿ ಅಲ್ಲಿಗೆ ಹೋಗಲು ನನಗೆ ಧೈರ್ಯವಿರಲಿಲ್ಲ,fear
ಬಿಜೆಪಿಯನ್ನು ದರೋಡೆಕೋರರ ಪಕ್ಷ ಎಂದು ಘೋಷಿಸಬೇಕೇ??,angry
ಗುಲಾಮರು ತಕ್ಷಣ ಪ್ರಾರಂಭಿಸಲಿಲ್ಲವೇ? ನಸೀಬ್ ಮರಾಠಿ ಪತ್ರಿಕೆಯಲ್ಲಿ ಬರೆಯುತ್ತಿದ್ದಾರೆ.,angry
ಮಾಡಲಾಗುವುದಿಲ್ಲ,neutral
ಈ ಸೈನಿಕರು ಯು.ಟಿ.ಹೆಚ್. ಮತ್ತು ನಿಜವಾದ ಸೈನಿಕರನ್ನು ಮಾನನಷ್ಟಗೊಳಿಸುವುದು,angry
"ನೀವೂ ಅಷ್ಟೇ, ನಿಮ್ಮ ಶೇತ್ ಕೂಡ ಚೆನ್ನಾಗಿದೆ",angry
ನಾನು ಎರಡು ಬಾರಿ ಇಂದೋರ್‌ಗೆ ಹೋಗಿದ್ದೆ ಆದರೆ ಸರಾಫಾಗೆ ಹೋಗುವ ಅವಕಾಶ ಸಿಗಲಿಲ್ಲ.,neutral
ಇವು ಅವರ ಕೆಲಸಗಳು. ಮೂಲಭೂತವಾದಿ ಧಾರ್ಮಿಕತೆ ಹೆಚ್ಚಬೇಕು ಮತ್ತು ಸಾಮಾಜಿಕ ವಿಷಯಗಳಿಗೆ ಒತ್ತು ನೀಡಬಾರದು.,angry
ಇದು ಅತಿ ದೊಡ್ಡ ಭ್ರಷ್ಟಾಚಾರ... ಎಚ್ಚರವಾಗಿರಿ ಕುರುಡು ಭಕ್ತ...,angry
"ಭಿಕು ಎಂಬುದು ಅವನ ಹೆಸರಲ್ಲ, ಆದರೆ ಅವನ ಗುಪ್ತಚರ ಪರೀಕ್ಷೆಯ ವರದಿ",angry
ಬಿಜೆಪಿ ಮೇಡಂಗಳು ಅಧಿಕಾರದಲ್ಲಿದ್ದು ಬೆದರಿಕೆ ಹಾಕುತ್ತಿದ್ದಾರೆ.,angry
"ನೀವು ಭಯಪಡುತ್ತೀರಾ, ನೀವು ಚಿಂತೆ ಮಾಡುತ್ತಿದ್ದೀರಾ?",fear
ಈ ಸುಳ್ಳನ್ನು ನೋಡಿ,angry
ಯಾವ ಪದ ತಪ್ಪಾಗಿದೆ ಎಂದು ಹೇಳಬಲ್ಲಿರಾ?,neutral
ಯುವಕರಿಂದ ಹಿಡಿದು ಹಿರಿಯರವರೆಗೆ ಶಿವಸೇನೆಯತ್ತ ಒಲವು,neutral
ಮಹಾರಾಷ್ಟ್ರ ಅಭಿವೃದ್ಧಿ ಹೊಂದುವುದು ಮುಖ್ಯ ಎಂದು ನಿಮಗೆ ಅನಿಸುವುದಿಲ್ಲವೇ?,neutral
ಇಷ್ಟು ದಿನ ಅಂಧ ಭಕ್ತರು ಒಡೆದವರಿಗೆ ಶತರಂಜಯ ಎಸೆದಿದ್ದಾರೆ.,angry
"ಎಕ್ಲೇ ಕಾ ಕಂಡ’ ಎಂದರೆ ಏನು, ಈ + ತೆರೆದ ನೂರು ಲಟ್ಕೆಗಳು ಹೇಳುತ್ತಿವೆ.",angry
"ಸತ್ಯಯುಗದಲ್ಲಿ, ರಾವಣನನ್ನು ಬಿಲ್ಲು ಮತ್ತು ಬಾಣದಿಂದ ಸೋಲಿಸಲಾಯಿತು, ಆದರೆ ಕಲಿಯುಗದಲ್ಲಿ, ಉದ್ಧವ್ ಠಾಕ್ರೆ ಕೊಲ್ಲಲ್ಪಟ್ಟರು.",happy
"ಆದ್ದರಿಂದ ನಾನು ಓಡಿದೆ, ಆದ್ದರಿಂದ ನಾನು ಮುರಿದುಬಿಟ್ಟೆ ...",angry
ಹಸಿರು ಶಾಲು ಕಣ್ಣೀರಿನಿಂದ ಮುಚ್ಚಲ್ಪಟ್ಟಿದೆ.,neutral
ಇವತ್ತು ತುಂಬಾ ತಡವಾಗಿ ಬಂದೆ..ವಿಶೇಷ ಮೆನು ಇಲ್ಲ..ಸುರ್...ಮಾಯಿ ಏಳಲಿಲ್ಲ..,neutral
ಸಂಪಾದಿಸಿ ತಿನ್ನುವ ಅರ್ಹತೆ ನಿನಗೆ ಇಲ್ಲವೇ?,angry
ಚೆಸ್‌ನಲ್ಲಿ ಮೋಸ ಮಾಡಿದ ಪ್ರಕರಣ ಭಾರತದಲ್ಲಿ ನಡೆದಿದೆ...,happy
ಇಂದು ನೀವು ಯಾವ ಬೆಂಕಿಯನ್ನು ಮಾಡಲು ಯೋಜಿಸುತ್ತಿದ್ದೀರಿ?,angry
ಕರೋನಾ ಕಾಲದಲ್ಲಿ ಬುಮ್ರೆ ಮತ್ತು ಅವರಂತಹ ಅಂಧ ಭಕ್ತರು ಕಾಲಿಗೆ ಕಾಲುಂಗುರ ಹಿಡಿದುಕೊಂಡು ಹಳ್ಳಿಯಲ್ಲಿ ಓಡಾಡುತ್ತಿದ್ದರು..!,angry
ಈ ವರದಿಯ ಪ್ರಕಾರ ಚೀನಾದ ಬೆಳವಣಿಗೆ ದರ ಭಾರತದ ಬೆಳವಣಿಗೆ ದರಕ್ಕಿಂತ ಕಡಿಮೆ ಇದೆ.,neutral
"ಸೋಜವ ಉನ್ ಉದ್ವಾವ್? ಅವನು ವಿಶ್ವದ ಮಹಾನ್ ಕೊಲೆಗಾರ, ದ್ವೇಷ ಹೊಂದಿರುವ ಒಬ್ಬನೇ?",angry
"ನಿನಗೆ ಬಿಡುವು ಬೇಡ, ಓಡಿ ಹೋಗಲೂ ಬಾರದು ಅಕ್ಕ",neutral
ಏನೂ ಆಗುತ್ತಿರುವಂತೆ ಕಾಣುತ್ತಿಲ್ಲ. ಸಾಕಷ್ಟು ಜಂಟಿ ಪ್ರಯಾಣ ನಡೆಯುತ್ತಿದೆ. ಸರ್ಕಾರ ಜನರ ಭಾವನೆಗಳನ್ನು ಅರ್ಥ ಮಾಡಿಕೊಳ್ಳಬೇಕು.,neutral
ಕಳೆದ ವರ್ಷ ಯಾಕೆ ತೆಗೆದುಕೊಳ್ಳಲಿಲ್ಲ ಹೇಳಿ..!,angry
ಓಹ್ ನಾನ್ಸೆನ್ಸ್... ಮೋಹನ್ ಭಾಗವತ್ ಅವರು ನಿಮ್ಮ ಮತ್ತು ತೈಮೂರ್ ಡಿಎನ್ಎ ಒಂದೇ ಎಂದು ಹೇಳುತ್ತಾರೆ...,angry
ಇಲ್ಲ ಅವರು ದೇಶದ್ರೋಹಿಗಳು..ಅವರನ್ನು ನಂಬಬೇಡಿ,angry
ಅವು ಬಹಳ ದೊಡ್ಡ ವಿಷಯಗಳು.. ಆ ವಿಷಯಗಳು ಪರಿಹರಿಸಲು ಸಮಯ ತೆಗೆದುಕೊಳ್ಳುತ್ತದೆ.,neutral
ಪೊಲೀಸ್ ಸಂಸ್ಮರಣಾ ದಿನದಂದು ಕರ್ತವ್ಯ ನಿರ್ವಹಿಸುತ್ತಲೇ ಹುತಾತ್ಮರಾದ ಹುತಾತ್ಮ ಯೋಧರಿಗೆ ಶ್ರದ್ಧಾಂಜಲಿ!,happy
ನಿಮ್ಮ ಉದ್ಯೋಗಿಗಳನ್ನು ಮನರಂಜಿಸಲು ವಿನ್ಯಾಸಗೊಳಿಸಿದ ಯೋಜನೆಯನ್ನು ಏಕೆ ಮುಂದುವರಿಸಬೇಕು?,angry
ಅದರ ಮಾಲೀಕರು ಶಕ್ತಿ ಕಳೆದುಕೊಂಡಿದ್ದರಿಂದ ಅದು ಮುರಿದುಹೋಗಿದೆ.,angry
"ನಮ್ಮ ಉದ್ಧವ್ ಬಾಳಾ ಸಾಹೇಬರ ಶಿವಸೇನೆ... ಜ್ಯೋತಿ ಬೆಳಗಿದೆ, ನಿಮ್ಮಂತಹ ದೇಶದ್ರೋಹಿಗಳನ್ನು ಸುಟ್ಟು ಹಾಕುತ್ತೇವೆ..",angry
ನಾನು ಎಷ್ಟೇ ಮೌಲ್ಯ ಹೊಂದಿದ್ದರೂ ಅದು ಮಾರಾಟಕ್ಕಿಲ್ಲ. ಕ್ಯಾನ್ಸರ್‌ಗೆ ಅಲ್ಲ..,happy
ಪೋಲೀಸರಿಗೆ ಯಾವುದೇ ಕೆಲಸ ಉಳಿದಿಲ್ಲ ಎಂದು ನಾನು ಭಾವಿಸುತ್ತೇನೆ!,angry
ಮತ್ತೆ ವಿವಾದದಲ್ಲಿ ಸಮೀರ್ ವಾಂಖೆಡೆ; ಈಗ ಏಕೆ ಇಲ್ಲಿದೆ,happy
"ಬಿಜೆಪಿಯಲ್ಲೂ ಕೇಂದ್ರ ಗೃಹ ಸಚಿವ, ರಾಜ್ಯ ಗೃಹ ಸಚಿವ ಸ್ಥಾನವಿದೆ, ಅವರನ್ನು ಏಕೆ ನಿಷೇಧಿಸಬಾರದು?",angry
ಈ ಬ್ರೋಕರ್‌ಗೆ ಈ ಪ್ರದೇಶದಲ್ಲಿ ಯಾವುದೇ ಜ್ಞಾನವಿದೆಯೇ?,angry
ಮಹಾರಾಷ್ಟ್ರದಲ್ಲಿ ಈ ರೀತಿಯ ಯೆಡಾಚಾ ಬಜಾರ್ ಮತ್ತು ಖುಲಾಚಿ ಯಾತ್ರೆ ನಡೆಯುತ್ತಿದೆ.,angry
ಇದು ಹಕ್ಕು ಪಡೆಯದ ಅಂಧ ಭಕ್ತನಿಗೆ ಯೋಗ್ಯವಾಗಿದೆ ...,angry
ಎಲ್ಲರೂ ವಯಸ್ಸಾದವರು ಆದರೆ ನೀವು,neutral
ಜಾತ್ಯತೀತ ಗ್ಯಾಂಗ್ ಚಿ ಬೆದರಿಸುವವರನ್ನು ನಿರ್ಲಕ್ಷಿಸುತ್ತದೆ ಎಂದು ನಿರೀಕ್ಷಿಸಲಾಗಿದೆಯೇ?,angry
ಬಹುಶಃ ಈ ಉಪಚುನಾವಣೆಯಲ್ಲಿ ಬಿಜೆಪಿ ಸೋಲಲಿದೆ ಎಂದು ಅರಿತುಕೊಂಡಿರಬಹುದು...ಹೀಗಾಗಿಯೇ ಇದೆಲ್ಲಾ ಊಹಾಪೋಹ...,happy
"ಟ್ವೀಟ್‌ಗಳು ಕಡಿಮೆಯಾದರೂ, ಪಾಂಡೆ, ದಯವಿಟ್ಟು ಸಂಪೂರ್ಣ ಥ್ರೆಡ್ ಅನ್ನು ಪೋಸ್ಟ್ ಮಾಡಿ, ಬಾಬಾ",neutral
ಯಾವುದೇ ಮುಖಾಮುಖಿಯು ದೇಹಕ್ಕೆ ಗಾಯವನ್ನು ಉಂಟುಮಾಡುತ್ತದೆ,neutral
ಕೊಡುವುದೋ ಬೇಡವೋ ಎಂಬ ಭಯ ಅಣ್ಣ,fear
ಈ ಮೂವರು ಅವುಗಳನ್ನೂ ಹರಿದು ಹಾಕಿದರು,angry
ನಾನು ಕೇಳುತ್ತಿದ್ದೇನೆ ಆದರೆ ಪ್ರಜಾಪ್ರಭುತ್ವದ ನಾಲ್ಕನೇ ಸ್ತಂಭ ಎಂದು ಏನನ್ನು ಕರೆಯುತ್ತಾರೆ ಸಹೋದರ?,neutral
ಯಾಕೆ ಹೀಗೆ ಅನ್ನಿಸಿತು ಗೊತ್ತಾ? ಮತ್ತು ಯಾವ ಫೋಟೋ. ಓಹ್..-ಇದು ತುಂಬಾ ಜನದಟ್ಟಣೆಯಾಗಿದೆ.,neutral
ಇದರಲ್ಲಿ ಅಚ್ಚರಿಯ ಸಂಗತಿ ಎಂದರೆ ಸರ್ಕಾರಕ್ಕೆ ಚುನಾವಣೆ ಭಯವಿದೆ.,angry
"ಸರ್, ಮಹಾರಾಷ್ಟ್ರದ ರಸ್ತೆಗಳ ಸ್ಥಿತಿ ತುಂಬಾ ಕೆಟ್ಟದಾಗಿದೆ",neutral
"ಈ ರಾಣಾ ಹವಾಲಾ ದಂಧೆ ಮಾಡ್ತಾನೆ ಅಂತ ಕಾಣುತ್ತೆ, ತನಿಖೆಯಾಗಬೇಕು.",angry
ನಿಮ್ಮಂತಹ ದೇಶದ್ರೋಹಿಗಳಿಗೆ ಇದನ್ನು ಕಲಿಸುವುದು ಮೂಲತಃ ಹಾಸ್ಯಾಸ್ಪದ,angry
ಮಾವಳದ ಜನರು ನಿಮ್ಮ ಸ್ಥಾನವನ್ನು ತೋರಿಸಿದರು. ಸಭೆಯಲ್ಲಿ ಜನರಿದ್ದರು?,angry
ನಾಳೆ ಈ ದೇಶದ್ರೋಹಿ ಕೊಚ್ಚಿಕೊಂಡು ಹೋಗುತ್ತಾನೆ,angry
"ಇಂದು ಬುಧವಾರ, ಸುಳ್ಳು ಏಕೆ? ಇದು ಒಳ್ಳೆಯದಲ್ಲ ಅಧ್ಯಕ್ಷರೇ",angry
ನಿಜವಾದ ಪ್ರೀತಿಯನ್ನು ಹುಡುಕುತ್ತಿರುವ ಹುಡುಗಿಯರು ನನ್ನನ್ನು ಏಕೆ ನೋಡಬಾರದು,sad
"ಹೌದು, ಈ ಎರಡೂವರೆ ವರ್ಷವನ್ನು ಯಾರು ಭರಿಸುತ್ತಾರೆ?",angry
ನಿಮ್ಮ ಪ್ರಕಾರ ಬಾಳಾಸಾಹೇಬರು ಗೌರವಾನ್ವಿತರು ಅಲ್ಲವೇ?,angry
"ಛಗನ್ಯಾ, ನೀನು ಈಗಷ್ಟೇ ಜೈಲಿನಿಂದ ಹೊರ ಬಂದಿರುವೆ.",angry
ಈಗ ನಕ್ಸಲರ ಬೆಂಬಲವೂ ನಿಮಗೆ ಸಿಗುತ್ತದೆ ಏಕೆಂದರೆ ನಮ್ಮ ಅಸ್ತಿತ್ವವೇ ಕೊನೆಗೊಂಡಿದೆ.,angry
"ಅಣ್ಣ, ಎಷ್ಟು ನಿಷ್ಪ್ರಯೋಜಕ ವಾದಗಳನ್ನು ಮಾಡುತ್ತಾರೆ. ಸ್ವಲ್ಪ ನಾಚಿಕೆಯಾಗಲಿ, ನೀವು ಪತ್ರಕರ್ತರು ಎಂದು ನಾನು ಕೇಳಿದೆ.",angry
"ರಾವ್,,, ಎಲ್ಲರೂ ಒಂದೇ ಶಾಲೆಯ ವಿದ್ಯಾರ್ಥಿಗಳಂತೆ ಕಾಣುತ್ತಾರೆ..",neutral
ಆದ್ದರಿಂದ ನೀವು ಪವಾರ್ ಅವರನ್ನು ಕಡಿಮೆ ಅಂದಾಜು ಮಾಡುತ್ತಿದ್ದೀರಿ,angry
ನಿಮ್ಮಂತಹ ಹಾರ್ಲಿಗಳು ಭಾನುವಾರ ಲೋನಾವಲೆ-ಪುಣೆಯಿಂದ ವೇಗದ ಮಿತಿಗಿಂತ ಹೆಚ್ಚು ಓಡಿಸಿದ್ದು ನಿಜವೇ??!!,angry
ಇದು ಭಯಾನಕವಾಗಿದೆ.,fear
ಇದೂ ಕೂಡ... ದೇಶದ್ರೋಹಿಗಳೆಲ್ಲ ಸೇರಿ... ಉದ್ಧವ್ ಬೆಸ್ಟ್.,angry
ಮುಂಜಿ ಬೀಳುತ್ತದೆ ಎಂಬ ಕಾರಣಕ್ಕೆ ಬಿಜೆಪಿ ಗೇಲಿ ಮಾಡುವುದು ನಿಶ್ಚಿತ.,angry
ಇದು ನಕಲಿ,angry
ನೀವು ಈಗಾಗಲೇ ಬಹುಮಾನವನ್ನು ಸ್ವೀಕರಿಸಿದ್ದೀರಿ ಎಂಬುದನ್ನು ನೆನಪಿಡಿ. ಈಗ ನೀವು ಮಾತನಾಡುವಾಗ ಸಭ್ಯರಾಗಿರಿ. ಬೂಟಾಟಿಕೆ ನಿಲ್ಲಿಸಿ,angry
ಅಭಿವ್ಯಕ್ತಿ ಸ್ವಾತಂತ್ರ್ಯ ಎಂದರೆ ಬಂಗಲೆಯಲ್ಲಿ ಹೊಡೆಯುವುದು ಅಣ್ಣ... ಜಾಮೀನಿನ ಮೇಲೆ ಹೊರಗಿದ್ದೀರಿ.,angry
ಆ ನಾಯಿಗಳೂ ತಮ್ಮ ದೊಡ್ಡ ಯಜಮಾನನಿಗೆ ನಿಷ್ಠರಾಗಿದ್ದವು...ವಡಾಪಾವ್‌ನಂತಹ ದೇಶದ್ರೋಹಿಗಳಲ್ಲ.,angry
"ಆದರೆ ಜನರಿಗೆ ಗೊತ್ತಿಲ್ಲದ ಸಂಗತಿಯೆಂದರೆ, ಯಾರು ಅಧಿಕಾರದಲ್ಲಿರಬೇಕೆಂದು ಜನ ನಿರ್ಧರಿಸುತ್ತಾರೆ...",neutral
ವೈಯಕ್ತಿಕ ದೃಷ್ಟಿಕೋನವನ್ನು ಹೊಂದಿರದ ವ್ಯಕ್ತಿಗಳು. ಇದರಿಂದ ಏನನ್ನೂ ಕಲಿಯಲು ಸಾಧ್ಯವಿಲ್ಲ,neutral
"ಗ್ಯಾಪ್ ಫ್ರೆಂಡ್, ಶಿವಸೈನಿಕರ ದಿನಗಳು ಸರಿಯಾಗಿ ನಡೆಯುತ್ತಿಲ್ಲ ಎಂದು ನೀವು ಮೊದಲು ತಿಳಿದಿದ್ದೀರಿ.",angry
ವ್ಯಾಪಾರ ಮಾಡುವುದು ಅಪಾಯಕಾರಿ ಎಂದು ಹೇಳುವವರಲ್ಲಿ ಶೇ.,neutral
ಚಿರತೆಯನ್ನು ತರಲಾಗುತ್ತಿದೆ... ಕೆಲಸ ಪ್ರಗತಿಯಲ್ಲಿದೆ,neutral
ತರೂರ್ ಅವರಲ್ಲೂ ಜಾತೀಯತೆ ಇದೆ... ಖರ್ಗೆಯವರನ್ನು ವಿರೋಧಿಸುವವರು ಇದನ್ನು ತೋರಿಸಲು ಮರೆಯುತ್ತಾರೆ.,angry
ಇಂದಿನಿಂದ ಮತ್ತೆ ಭಕ್ತರನ್ನು ಕೇಂದ್ರೀಕರಿಸುವ ಮೂಲಕ ಕಳೆದುಹೋದ ಪೀಳಿಗೆಯನ್ನು ಸರಿಪಡಿಸಲು ನಾವು ಬಯಸುತ್ತೇವೆ,neutral
ನೀವು ಅದ್ಭುತ,angry
"ಸಾರ್ವಜನಿಕರ ಪ್ರತಿಭಟನೆ, ಕಟ್ಟುನಿಟ್ಟಿನ ಕ್ರಮ ಆಗಬೇಕು...ಈ ಸಂಘಟನೆಯನ್ನು ತೊಲಗಿಸಬೇಕು.",angry
ಇಲ್ಲಿ ಕುಟುಂಬದ ಸದಸ್ಯರು ತಯಾರಿಯಲ್ಲಿ ಕುಳಿತಿದ್ದರು,neutral
ಭ್ರಷ್ಟಾಚಾರ ದೇಶ ವಿರೋಧಿ...,angry
ಸಿಗರೇಟ್ ಕೂಡ ವಾಯು ಮಾಲಿನ್ಯಕ್ಕೆ ಕಾರಣವಾಗುತ್ತದೆ ಎಂಬುದನ್ನು ನೆನಪಿಡಿ,neutral
ಈ ವರ್ಷ ಒಂದೇ ಒಂದು ಕಾರ್ಪೋರೇಟರ್ ಕೂಡ ಆಯ್ಕೆಯಾಗುವುದಿಲ್ಲ..ದೇಶಪಾಂಡೆ ಇದು ದೊಡ್ಡ ಕಥೆ,angry
ದೇಶದ್ರೋಹಿ ಮತ್ತು ಆ ಕಲ್ಲಂಗಡಿ ಸೇವಿಸದೆ ಉಳಿಯುವುದಿಲ್ಲ.,angry
ಏಕೆಂದರೆ ನಿಮ್ಮಂತಹ ಕಿವುಡರು ಈ ದೇಶದ ಯುವಕರು.,angry
ಮನೆ ಬಾಗಿಲಿಗೆ ಹೋಗಿ. ಮತ ಕೇಳಲು ಹೋಗಿ. ಮನೆ ಬಾಗಿಲಿಗೆ ಹೋದ ಕಾಡುಕೋಣ ಏನಾಯಿತು?,neutral
ನನ್ನ ಹೆಸರಿನಲ್ಲಿ ಜನರ ಸಮಸ್ಯೆಗಳು ಬಗೆಹರಿಯುತ್ತವೆ.,angry
"ಇದು ದಿಲ್ಲಿ ವಾರಿಯಲ್ಲಿ ಸಂಪೂರ್ಣವಾಗಿ ಪಕ್ವವಾಗಿದೆ ಎಂದು ತೋರುತ್ತದೆ, ನ್ಯಾಯಾಲಯವು ಅತ್ಯಂತ ತಪ್ಪು ನಿರ್ಧಾರವನ್ನು ತೆಗೆದುಕೊಂಡಿದೆ.",angry
ಯುಪಿ ಅಥವಾ ಬಿಹಾರದಲ್ಲಿ ಉಪರಿಯಾ ಹಬ್ಬವನ್ನು ಆಚರಿಸುವ ಅಗತ್ಯವೇನು?,angry
ಈಗ ಬ್ರಾಹ್ಮಣ ದ್ವೇಷ ನಿಲ್ಲಿಸಿ...ಕಾನೂನು ಎಲ್ಲರಿಗೂ ಅನ್ವಯಿಸಬೇಕು..,happy
ಗಿರೀಶ್ ಕುಬೇರ್ ಮತ್ತು ರಾಜೀವ್ ಖಂಡೇಕರ್ ಪತ್ರಿಕೋದ್ಯಮಕ್ಕೆ ಅವಮಾನ ಎಂದು ನನಗೆ ಸ್ಪಷ್ಟ ಅಭಿಪ್ರಾಯವಿದೆ.,angry
ಹುಡುಗ ಎಲ್ಲಿಯೂ ಹೋಗುತ್ತಿಲ್ಲ ಏಕೆಂದರೆ ನೀವಿಬ್ಬರು ಏನಾದರೂ ಒಳ್ಳೆಯದನ್ನು ಮಾಡುತ್ತಿದ್ದೀರಿ,angry
"ಕಾಂಗ್ರೆಸ್ ನವರು ಹಗಲು ರಾತ್ರಿ ಅವರನ್ನು ನೆನೆಯುತ್ತಾರೆ, ಮಾನಹಾನಿ ಮಾಡಲು ಮಳೆಯಲ್ಲಿ ಒದ್ದೆಯಾಗುತ್ತಾರೆ.",neutral
ಓಹ್ ಅದು ಏನನ್ನಾದರೂ ಹೇಳುತ್ತದೆ,angry
ಪುಣೆ ಮಾತ್ರ ಏಕೆ? ಇಡೀ ಮಹಾರಾಷ್ಟ್ರದಲ್ಲಿ ಏಕೆ ಇಲ್ಲ? ಆಗ ಇತರ ಮಹಾರಾಷ್ಟ್ರದ ಜನರು ನಿಮ್ಮ ಕುದುರೆಗಳನ್ನು ಕೊಂದರು. ಜೈ ಮಹಾರಾಷ್ಟ್ರ.,angry
"ಈ ನಾಲ್ಕು ಕಾರಣಗಳಿಂದ ಚಿಕ್ಕ ವಯಸ್ಸಿನಲ್ಲೇ ಕ್ಯಾನ್ಸರ್ ಹರಡುತ್ತಿದೆ, ನೀವೂ ಎಚ್ಚರದಿಂದಿರಬೇಕು",fear
"ಇದು ತಪ್ಪಿಸಿಕೊಳ್ಳಲಾಗದ ನಿವ್ವಳವಾಗಿದೆ, ಮುಖ್ಯ ವಿಷಯ ಕಳೆದುಹೋಗಿದೆ.",neutral
ಮುಖ್ಯಮಂತ್ರಿ ಹುದ್ದೆಗೆ ನೀವು ಹಾತೊರೆಯುತ್ತಿದ್ದಿರಿ ಎಂಬುದು ಇದರಿಂದ ಸ್ಪಷ್ಟವಾಗಿದೆ.,angry
ಹೇ ಬಿಚ್...ನೀನು ಏನು ಮಾತನಾಡುತ್ತಿದ್ದೀಯ?,angry
"ಬಿಟ್ಟವರನ್ನು ಹೊರಹಾಕಿ, ಅವರು ದೇಶದ್ರೋಹಿಗಳು",angry
ಇದು ನಿಜ.. ವೀಡಿಯೋ ತೆಗೆಯೋಣ ಆದರೆ ಕೊನೆಗೆ ಬಾಬಾ ಹೇಳುವುದು ಇದನ್ನೇ... ಇದೆಲ್ಲ ಷಡ್ಯಂತ್ರ,angry
ಶ್ರೀಮಂತರಾದ ಸೋ ಕಾಲ್ಡ್ ಪತ್ರಕರ್ತರ ಬಗ್ಗೆಯೂ ಒಮ್ಮೆ ತನಿಖೆಯಾಗಬೇಕು.,angry
ಆರ್‌ಎಸ್‌ಎಸ್ ಅಧಿಕಾರಿ ಮನೆಗೆ ಪೆಟ್ರೋಲ್ ಬಾಂಬ್ ಎಸೆದಿದ್ದಾರೆ,fear
": ""ಶಾಲೆಯಲ್ಲಿ ನಮಗೆ ಸರಸ್ವತಿಯ ಚಿತ್ರ ಏಕೆ ಬೇಕು?"" ಛಗನ್ ಭುಜಬಲ್ ಅವರ ವಿವಾದಾತ್ಮಕ ಹೇಳಿಕೆಯ ಬಗ್ಗೆ ಚರ್ಚೆ ನಡೆಯಿತು",happy
ಪುಣೆ ಮುನ್ಸಿಪಲ್ ಕಾರ್ಪೋರೇಷನ್ ಅನ್ನು ಬಿಜೆಪಿ ಲೂಟಿ ಮಾಡಿದಾಗ ಆಗುವುದು ಇದೇ,angry
"ನಿನ್ನೆ ಬಾನೇರಿನಿಂದ ನಗರದ ಕಡೆಗೆ ಬರುತ್ತಿದ್ದ ರಸ್ತೆಯ ದೃಶ್ಯವೂ ಕಣ್ತುಂಬಿಕೊಂಡಿದ್ದು, ಅನೇಕರು ಅಕ್ಷರಶಃ ಕೊಚ್ಚಿ ಹೋಗುತ್ತಿದ್ದರು.",happy
"ಇವನು ಶ್ಯಾಮನಲ್ಲ, ಅವನು ನಪುಂಸಕರ ತಂದೆ, ಅವನು ಮೂತ್ರ ವಿಸರ್ಜನೆ.",angry
ಸರೋಜಿನಿ ದೇಸಾಯಿ ಅವರ ಹೆಸರು ಮತ್ತು ಪತಿಯ ಕೊಲೆಯಿಂದಾಗಿ ಶಿವಸೈನಿಕ ಜೈಲಿನಲ್ಲಿದ್ದರು.,neutral
ಬಾಸ್ಟರ್ಡ್ ನೂಪುರ್ ಶರ್ಮಾ ಮತ್ತು ಬ್ರಾಹ್ಮಣ ಗ್ಯಾಂಗ್ ಪ್ರಮುಖ ಆರೋಪಿಗಳು...,angry
ನಿನ್ನಂಥ ಖಾಯಿಲೆ ಇರುವವರು ಸಂಯುಕ್ತ ಮಾತ್ರ ನೆನಪಾಗುತ್ತಾರೆ.,angry
ಕೇಂದ್ರ ಗೃಹ ಸಚಿವರು ಬರೀ ಪ್ರಚಾರ ಮಾಡಿ ಸರ್ಕಾರ ಪತನವಾಗಲಿದ್ದಾರಾ?,angry
ಇದು ಎಲ್ಲಾ ಭಾರತೀಯ ವೈನ್ ಪ್ರಿಯರಿಗೆ ಮಾಡಿದ ಘೋರ ಅವಮಾನ.,angry
ನೀವು ತಲುಪಿದ ಮಟ್ಟವು ಅತ್ಯಂತ ಕಡಿಮೆಯಾಗಿದೆ.,angry
ಪಕ್ಷವೊಂದು ತಪ್ಪು ಕೈಗೆ ಸಿಕ್ಕರೆ ಹೀಗಾಗುತ್ತದೆ...,angry
ಹೇ ನಿಮ್ಮ ಸಂಶೋಧನೆ ಏನು? ನಿಮಗೆ ಯಾವ ಆಟವನ್ನು ಆಡಲು ನಿಯೋಜಿಸಲಾಗಿದೆ?,angry
"ಹಾಗಾದರೆ 'ಈ' ಸಾಮಾನ್ಯ ಜ್ಞಾನ ಎಲ್ಲಿಗೆ ಹೋಗುತ್ತದೆ? ಪುಣೆಯಲ್ಲಿ ಮಳೆಗೆ ಸಂಬಂಧಿಸಿದಂತೆ ಫಡ್ನವಿಸ್ ಅವರನ್ನು ಪೆಡ್ನೇಕರ್ ಪ್ರಶ್ನಿಸಿದರು; ""ಪವರ್ ಆಫ್ ಪುಣೆ..."" ಎಂದು ಹೇಳಿದರು.",angry
ವೀಸಾ ಹೆಸರಲ್ಲಿ ಮಹಿಳೆಗೆ ಲಕ್ಷಾಂತರ ವಂಚನೆ: ಆರೋಪಿ 'ಆಸ'ನನ್ನು ಬಂಧಿಸಿದ ಪೊಲೀಸರು,angry
ದೇವರಿಗೆ ಪ್ರಜ್ಞೆ ಬಂದಾಗ ಈ ಮಹಾನುಭಾವರು ಮಲಗಿದ್ದರು. ಇದು ಫಲಿತಾಂಶವಾಗಿದೆ.,angry
ಅವನ ಸ್ಥಿತಿಯೂ ಹಾಗೆಯೇ ಇರುತ್ತದೆ,angry
ಅಂಬಿಯಾ ನಿನಗೆ ಇದಕ್ಕಿಂತ ದೊಡ್ಡ ಶಾಕ್ ಏನಿದೆ?,happy
ಅನೇಕ ಶಿವಸೈನಿಕರು ಶಿವಸೇನೆಯಲ್ಲಿದ್ದಾರೆ ಮತ್ತು ನಿಮ್ಮಂತಹ ದೇಶದ್ರೋಹಿಯನ್ನು ನೋಡಿಲ್ಲ.,angry
ಇದು ಎಂದಿಗೂ ಸಾಧ್ಯವಿಲ್ಲ.,neutral
"ಕಾನೂನನ್ನು ನನ್ನ ತಂದೆಯೇ ಬರೆದಿದ್ದಾರೆ, ಹೀಗಾಗಿ... ಪ್ರಕರಣ ದಾಖಲಾದ ಬಳಿಕ ಸುಷ್ಮಾ ಅಂಧಾರೆ ಪ್ರತಿಕ್ರಿಯೆ.",angry
: ಪ್ಲಾಸ್ಟಿಕ್ ಹೆಚ್ಚಿದ ಭಯ; ಈಗ ತಾಯಿಯ ಹಾಲಿನಲ್ಲಿಯೂ ಮೈಕ್ರೋಪ್ಲಾಸ್ಟಿಕ್‌ಗಳು ಕಂಡುಬರುತ್ತವೆ,fear
ಅವರು ಬಿಜೆಪಿಯ ವಿಶಾಂತಕ್ ಅಘಾಡಿ ಮುಖ್ಯಸ್ಥರಾಗಿದ್ದಾರೆ,angry
"ಗದ್ದೆ, ನೀವು ನಿಜವಾಗಿ ಏಕೆ ಟ್ವೀಟ್ ಮಾಡುತ್ತೀರಿ?",angry
ಇದನ್ನು ಯಮ್ಯಾ ಕೂಡ ಹೇಳಬಹುದು,neutral
| ಖ್ಯಾತ ಬಾಲ ಕಲಾವಿದೆ 'ಯಾ' ಜಗತ್ತಿಗೆ ವಿದಾಯ...,sad
ಕಾವಡಿಗೂ ನಾನಾ ಮರ್ಯಾದೆ ಇಲ್ಲ...,angry
ಪರಮಾಣು ಯುದ್ಧದ ಭಯವು ವೇಗವಾಗಿ ಹೆಚ್ಚುತ್ತಿದೆ! -ಉದ್ಯಮಿ ಎಲೋನ್ ಮಸ್ಕ್,fear
ನೀವು ನೀರು ಕುಡಿಯಲು ಹೊರಟಿದ್ದೀರಿ,angry
ಎರಡು ಕಳ್ಳತನಗಳು; ಒಂದು ಲಕ್ಷ ಮೌಲ್ಯದ ಜಾಗವನ್ನು ಕಳ್ಳರು ದೋಚಿದ್ದಾರೆ,neutral
ಸರ್ವತೋಮುಖ ಭ್ರಷ್ಟಾಚಾರಕ್ಕೆ ಇನ್ನೊಂದು ಉದಾಹರಣೆ... ಮೊದಲನೆಯದು ಮುಂಬೈ ಪುಣೆ ಎಕ್ಸ್ ಪ್ರೆಸ್ ಹೈವೇ.,angry
"ಇವು ವಿಷಕಾರಿ ಹಸಿರು ಹಾವುಗಳು, ಅವು ತಲೆಯ ಮೇಲೆ ಕುಳಿತಿವೆ, ಅವುಗಳನ್ನು ಸಮಯಕ್ಕೆ ಪುಡಿಮಾಡಬೇಕು.",angry
ಎಸ್.ಇಡೀ ದಿನವನ್ನು ಸುಪ್ರೀಂ ಕೋರ್ಟ್ ಕಳೆಯುವ ಅಗತ್ಯವಿಲ್ಲ. ಬೆಳಿಗ್ಗೆ ಫಲಿತಾಂಶಗಳನ್ನು ನೀಡಿದ ನಂತರ ನಾನು ಮುಕ್ತವಾಗಿರಲು ಬಯಸುತ್ತೇನೆ.,angry
ಅಂತಹ ದೀನತೆಯ ಎತ್ತರವನ್ನು ತಲುಪುವ ವ್ಯಕ್ತಿ ... ಮತ್ತು ಅವನನ್ನು ಆರಾಧಿಸುವ ಜನರು ... ಏನು ಹೇಳಬಹುದು ???,angry
"ನನ್ನ ಪ್ರಕಾರ, ನೀವು ನಿಖರವಾಗಿ ಏನು ಮಾಡಿದ್ದೀರಿ, ನೆಲದ ಮೇಲೆ ನಿಂತು ಮೋಡಗಳನ್ನು ಹಾರಿಸು?",angry
"ಶಿವಸೇನೆ ಏಕೆ ವಿಭಜನೆಯಾಯಿತು? ಚರ್ಚೆಯಲ್ಲಿ ರಾಮದಾಸ್ ಕದಂ ಹೇಳಿಕೆ,...",neutral
ರೈತರು ಸತ್ತರೆ ಬರಗಾಲದ ಪರಿಸ್ಥಿತಿ ಬರುತ್ತದಾ?? ನಿಷ್ಪರಿಣಾಮಕಾರಿ ಸರ್ಕಾರದ ವಿರುದ್ಧ ಸಾರ್ವಜನಿಕರ ಆಕ್ರೋಶ...,angry
ನಿಲ್ಲಿಸಬೇಕಾಯಿತು - ಏಕೆಂದರೆ ಈ ಗಲಭೆ ಪ್ರಾರಂಭವಾಗಲಿಲ್ಲ,neutral
ಈ ಬ್ಯಾಂಡ್ ನುಡಿಸುತ್ತದೆ ಮತ್ತು ಪತ್ರಕರ್ತರು ನೃತ್ಯ ಮಾಡುತ್ತಾರೆ...ಟಿಕೆಟ್ ಇಲ್ಲದೆ ಸಾರ್ವಜನಿಕರನ್ನು ರಂಜಿಸುತ್ತಾರೆ....,angry
ಮತ್ತು ಯಾರಾದರೂ ಸಂಪೂರ್ಣ ಮಹಾರಾಷ್ಟ್ರವನ್ನು ಸೋನಿಯಾಗೆ ನೀಡಲು ಬಯಸುತ್ತಾರೆ.,angry
ಗುಜರಾತಿಯನ್ನು ನಿಂದಿಸಿ ಮತಕ್ಕಾಗಿ ಗುಜರಾತಿಯಲ್ಲಿ ಪ್ರಚಾರ ಮಾಡುವುದು ಎಷ್ಟು ಬೂಟಾಟಿಕೆ?,angry
ಈ ಸೂಚ್ಯಂಕವನ್ನು ರಚಿಸಿದ ಮುಖ್ಯಸ್ಥರು ಗಟಾರದಲ್ಲಿ ಕೊಳೆತಿದ್ದಾರೆ ಎಂಬುದು ಇದರಿಂದ ಸಾಬೀತಾಗಿದೆ.,angry
ನೀವು ಅವರನ್ನು ತೆಗೆದು ಸಹ ಸಚಿವ ಸಂಪುಟಕ್ಕೆ ಸೇರಿಸಿಕೊಂಡಿಲ್ಲ,neutral
ಲಟ್ಕೆ ನ್ಯಾಯಾಲಯಕ್ಕೆ ಹೋದಾಗ ನೀವು ಮಲಗಿದ್ದೀರಾ? ಆಗ ಸಂಸ್ಕೃತಿ ಎಲ್ಲಿತ್ತು?,angry
ಕೊಲ್ಲಾಪುರ ಉಪಚುನಾವಣೆಯಲ್ಲಿ ಬಿಜೆಪಿ ಈ ಸಂಪ್ರದಾಯವನ್ನು ಎಲ್ಲಿ ಹುಟ್ಟು ಹಾಕಿತು?,neutral
ಈಗ ಅವಳನ್ನು ಒತ್ತಿದವರು ಯಾರು...ಹೇಗಿದ್ದಾಳೆ ನೋಡಿ..!,angry
ಸಾರ್ವಜನಿಕರ ಮನಸ್ಸಿನಲ್ಲಿ ಹಾಳಾದ ಚಿತ್ರ ಮತ್ತೆ ಬರುವುದಿಲ್ಲ. ಮತದಾರರು ರಾಜನನ್ನು ಎಂದಿಗೂ ಕ್ಷಮಿಸುವುದಿಲ್ಲ,sad
ಇದೇ ಈ ಬಿಜೆಪಿಯವರ ವಿಶೇಷತೆ...!,angry
ರಾಜ್ ಸಾಹೇಬರು ಬಾಯಿಮುಚ್ಚಿಕೊಂಡು ಕೇಳಿದರೆ... ಆದೇಶ ಪಾಲಿಸುವುದಿಲ್ಲವೇ?,angry
"ಫಡ್ನವಿಸ್ ಯೋಚಿಸಿದರೆ, ಅವದಾಶ್ ಈ ಕತ್ತೆಯನ್ನು ಎಲ್ಲಿಂದ ಖರೀದಿಸಿದರು?",angry
ಸೊಳ್ಳೆಗಳನ್ನು ಕೊಲ್ಲಲು ಸಾಧ್ಯವಾಗದ ವ್ಯಕ್ತಿಗೆ ಬಿಲ್ಲು ಮತ್ತು ಬಾಣವು ಸರಿಹೊಂದುವುದಿಲ್ಲ.,angry
ಕಿಂಗ್ ಖಾನ್ ಶಾರುಖ್ ಗೆ ಹೆದರಿದ ಬಿಗ್ ಬಿ 'ಆ' ವಿಷಯ!,fear
ಕೆಡಿಎಂಸಿ ಸಹಯೋಗದಲ್ಲಿ ಹೊಸ ಡಂಪಿಂಗ್ ಗ್ರೌಂಡ್ ನಿರ್ಮಿಸಲಾಗುತ್ತಿದೆ,neutral
ಜನರು ಅಧಿಕಾರವನ್ನು ಬೀದಿಗೆ ತಂದರು,neutral
ತುಂಬಾ ನಾಟಕೀಯವಾಗಿರಬೇಡ.. ಮತ್ತು ಆ ಇಮೇಜ್ ಅನ್ನು ಚೆನ್ನಾಗಿ ಕಾಪಾಡಿಕೊಳ್ಳಿ...,angry
ಆದ್ದರಿಂದ ನಿಮ್ಮ ಸಮಯವು ಕೆಟ್ಟದಾಗಿದೆ,neutral
ಚೈನ್ಸ್ನ್ಯಾಚರ್ಸ್ ಆಫ್ ಫ್ಲರಿ; ಇಬ್ಬರು ಮಹಿಳೆಯರ ಕೊರಳಲ್ಲಿದ್ದ ಚಿನ್ನದ ಮಂಗಲಸೂತ್ರಗಳನ್ನು ದ್ವಿಚಕ್ರ ವಾಹನದಲ್ಲಿ ತೆಗೆದುಕೊಂಡು ಹೋಗಿದ್ದಾರೆ.,neutral
ಬಿಜೆಪಿಗೆ ಮತ ಹಾಕಿದರೆ ಭ್ರಷ್ಟಾಚಾರಕ್ಕೆ ಮತ,angry
"ಅಜ್ಜ ಹೊಲದಿಂದ ಓಡಿಹೋದರು, ಇದು ಹೇಗೆ ಸಂಭವಿಸಿತು?",angry
"ಚಿವಸೇನೆ ಮಾಡಿದ ಕ್ರಮವನ್ನು ನೀವು ಮರೆತಿದ್ದೀರಾ? ಸ್ವಲ್ಪ ಮುರಿದಿದೆ, ಅಲ್ಲವೇ?",angry
"ಯಾವುದೇ ಖಾಯಿಲೆ ಇಲ್ಲವೇ ಇಲ್ಲ, ಷಾ ಅವರನ್ನು ದೆಹಲಿಗೆ ಕರೆಸಿ ಮೂರ್ಖರನ್ನಾಗಿಸಿಕೊಂಡಿದ್ದಾರೆ.",angry
ಕೆಲಸಕ್ಕಾಗಿ ... ಹೆಚ್ಚು ಸಮಯವಿಲ್ಲ.,neutral
"""ಉದ್ಧವ್ ಬಾಳಾಸಾಹೇಬ್ ಠಾಕ್ರೆ"" ಶಿವಸೇನೆ ಚುನಾವಣೆಯಲ್ಲಿ ಏನು ಪ್ರಚಾರ ಮಾಡಲಿದೆ? ""ಬಾಳಾ ಸಾಹೇಬರ ಶಿವಸೇನೆ""ಯನ್ನು ಬೇರು ಸಮೇತ ಕಿತ್ತೊಗೆಯಲು...??",angry
ಅವನು ಬಾಳಾ ಸಾಹೇಬರ ಸೈನಿಕ. ನೀವು ಮೋದಿ ಭಕ್ತರೇ?,angry
ಈ ಹಣ ಎಲ್ಲಿಂದ ಬಂತು ಎಂದು ಇಡಿ ಮೂಲಕ ತನಿಖೆ ನಡೆಸಲಾಗುವುದೇ? ......,angry
ಇವರು ನಾಚಿಕೆಯಿಲ್ಲದ ಜನರು,angry
ಈಗ ನೋಡಲು ಉಳಿದಿರುವುದು ಯಡ್ಡ ಮಾರುಕಟ್ಟೆ,angry
ಈ ಜನರು ಪ್ರಚಾರ ನಡೆಸುತ್ತಾರೆ.,angry
ಚುಟಿಯಾ ನಾಯಕನಾ?,angry
ಕಳ್ಳನ ವಾಂತಿ ಮೇಲೆ ಬಾಂಬ್ ಎಂಬ ಗಾದೆಯನ್ನು ಕೇಳಿದ್ದೀರಾ?,angry
ಆತ ಬ್ಲೂ ಶೇನಿಕ್ ತೇಲ್ತುಂಬ್ಡೆ ಭಯೋತ್ಪಾದಕನಾಗಿದ್ದ,angry
ಎಲ್ಲಾ ಪಕ್ಷಗಳು ಏಕೆ? ಬಿಜೆಪಿ ಕೊಳಕು ಮಾಡಿದೆ ಎಂದು ಪತ್ರಕರ್ತರಿಗೆ ಇನ್ನೂ ಅನಿಸುತ್ತಿಲ್ಲವೇ?,angry
ಒಬ್ಬ ಒಳ್ಳೆಯ ಮನುಷ್ಯ ತನ್ನ ಜೀವನವನ್ನು ಏಕೆ ವ್ಯರ್ಥ ಮಾಡುತ್ತಾನೆ ಮತ್ತು ಅಸಹಾಯಕ ಬಂಡಾಯದ ಧ್ವನಿಯನ್ನು ಬಿಟ್ಟುಬಿಡುತ್ತಾನೆ?,angry
ಈಗ ಡಯಾಪರ್ ಹಾಕಿಕೊಂಡು ಮಲಗಿ ಕುಡಿಯಿರಿ...,angry
'ಮಹಾರಾಷ್ಟ್ರದ ರಾಜಕೀಯ ಸಂಸ್ಕೃತಿ' ಒಂದು ಆರಾಮದಾಯಕ ವಲಯವಾಗಿದೆ.,angry
"ವೈಭವ್, ಸಾವಂತವಾಡಿ ಕ್ಷೇತ್ರದಲ್ಲಿ ನಿಮ್ಮಂತಹ ಯುವ, ಶಕ್ತಿಯುತ ಮತ್ತು ನಿಷ್ಠಾವಂತ ಪ್ರತಿನಿಧಿ ನಮಗೆ ಸಿಗಲಿ ಎಂಬುದು ನಮ್ಮ ಆಳವಾದ ಪ್ರಾರ್ಥನೆ.",happy
ಪೀಳಿಗೆಯಿಂದ ಪೀಳಿಗೆಗೆ...ಮಹಾರಾಷ್ಟ್ರ ಮಾನಹಾನಿಯಾಗುತ್ತಿದೆ.,angry
ತನ್ನ ಕಛೇರಿಯ ಬಾಗಿಲಲ್ಲಿ ಬಸ್ಸಿನಿಂದ ಇಳಿಯಲು ಅವನು ಬಯಸಿದಾಗ ಕಷ್ಟವು ಮುಂದುವರಿಯುತ್ತದೆ.,angry
"ಗುರಾಣಿ ಮತ್ತು ಕತ್ತಿಯ ಚಿಹ್ನೆಯನ್ನು ಪಡೆಯುವುದರಿಂದ ಏನು ಪ್ರಯೋಜನ, ನಿಮ್ಮ ಜೀವನದ ಹಿಂದೆ ನೀವು ಮರೆಮಾಡಲು ಬಯಸುತ್ತೀರಿ.",angry
ಸುಶಾಂತ್ ಸಿಂಗ್ ರಜಪೂತ್ ಕೇಸ್... ಕಲ್ಲಂಗಡಿ ಎಷ್ಟು ಜನರನ್ನು ಬಂಧಿಸಿದೆ....,neutral
ಹಳ್ಳಿಯ ಪೊಲಾರ್ಡ್ ಎಂಬಾತನಿಗೆ ಅತ್ಯಂತ ಕೆಟ್ಟ ಘಟನೆ ಸಂಭವಿಸಿದೆ ... ಬಡ ಹುಡುಗಿ ಮನೆಯಿಂದ ಮನೆಗೆ ಅಲೆದಾಡುತ್ತಿದ್ದಳು.,sad
ಇದನ್ನು ಹೇಳುವ ಹಕ್ಕು ನಿಮಗಿದೆಯೇ?,angry
ಷಟ್ಜಿ ಮಾತನಾಡಿ ಬುದ್ದಿವಂತಿಕೆಯನ್ನು ಅಡಮಾನ ಇಟ್ಟವರು ತಲೆದೂಗಬೇಕು.,angry
ಈ ರಣಹದ್ದುಗಳಿಂದ ಏನನ್ನು ನಿರೀಕ್ಷಿಸುತ್ತೀರಿ... ಇವರು ಕೀಳು ಮಟ್ಟದ ಜನ... ಮೂರ್ಖರು,angry
ಬಿಜೆಪಿ ವಕೀಲರನ್ನು ಏಕೆ ನೀಡಬೇಕು?,angry
ಉಗಿ ಉಗಿ.. ಮೇಡಂ ಅವರ ಹೆಸರನ್ನು ಹೇಳುತ್ತೇವೆ.. ನಂತರ ನಾವು ಕುಳಿತು ಬೊಂಬಾಲಾಟ್ ಹೇಳುತ್ತೇವೆ.,angry
"ದತ್ತ, ಬ್ರಹ್ಮನು ಸರಸ್ವತಿಯನ್ನು ಬಲಾತ್ಕಾರ ಮಾಡಿದನೆಂದು ನಿಮಗೆ ತಿಳಿದಿದೆಯೇ?",angry
ಸುಶಾಂತ್ ಸಿಂಗ್ ರಜಪೂತ್ ಮತ್ತು ದಿಶಾ ಸಾಲಿಯಾನ್ ಅವರ ಆತ್ಮಗಳು ನ್ಯಾಯಕ್ಕಾಗಿ ಹಾತೊರೆಯುತ್ತಿವೆ!!,sad
ಈ ಭವಾನಿ ಯಾರಿಗಾಗಿ ಹೇಳು?,neutral
ಈ ಫೋಟೋ ಎಡಿಟಿಂಗ್ ಕ್ರಾಪ್‌ನೊಂದಿಗೆ ನೀವು ಯಾವಾಗಲೂ ಸಂತೋಷವಾಗಿರುತ್ತೀರಿ,angry
ಆರೋಗ್ಯ ಮಂತ್ರಿ ಬಾಯಿಯಾ ಬರಿದಾ??? ಮರಾಠಿಗರು ಈಗ ಮೀಸಲಾತಿಗಾಗಿ ಏಕೆ ಬೊಬ್ಬೆ ಹೊಡೆಯುತ್ತಿದ್ದಾರೆ ??,angry
ನಂಬಿಕೆಯ ಮೇಲೆ ಪ್ರಗತಿಪರರ ಟೀಕೆ ಮತ್ತು ಖಂಡನೆ!,neutral
...ಅಲ್ಲಿ ಒಬ್ಬ ಹುಡುಗ ಅಥವಾ ಕೌನ್ಸಿಲರ್ ಇರಲಿಲ್ಲ.. ಗುಬ್ಬಚ್ಚಿ,angry
ಈ ಪರಿಸ್ಥಿತಿಯನ್ನು ಆರಾಮದಾಯಕವಾಗಿಸುವ ಈ ಮಹಿಳೆಯ ವಿಶೇಷತೆ ಏನು?,angry
"ಅದು ಸರಿ, ಸಂದರ್ಶನದಿಂದಲೂ ಅಂಧ ಭಕ್ತರು ನಾನಾ ಕಡೆ ಬೊಗಳುತ್ತಿದ್ದಾರೆ.",angry
ಇಲ್ಲಿ ನೀವು ಹೌದು ಎಂದು ಹೇಳುತ್ತೀರಿ ಮತ್ತು ಅಲ್ಲಿ ಉಪಚುನಾವಣೆಯಲ್ಲಿ ಅಭ್ಯರ್ಥಿಗಳನ್ನು ನೀಡುತ್ತೀರಿ.... ಕಿಡಿಗೇಡಿಗಳು....,angry
"ಓ ಸಂಘವಾಲಾಗಳೇ, ಗೋವಿನ ಮೂತ್ರಪಿಂಡಗಳ ಭಕ್ತರೇ!",angry
"ಮೊದಲು ಬಿಲ್ಲು, ಈಗ ಜ್ಯೋತಿ",sad
ಪುಣೆ ಎಷ್ಟು ವರ್ಷಗಳ ಕಾಲ ಅಧಿಕಾರದಲ್ಲಿತ್ತು? ಪುಣೆಯನ್ನು ಕೊಳ್ಳೆ ಹೊಡೆದು ನುಂಗಲಾಯಿತು,angry
"ನನ್ನ ಸಂಪರ್ಕದಲ್ಲಿಯೂ ಬಾಳಾ ಸಾಹೇಬ್ ಎಂಬವರಿದ್ದಾರೆ, ಅವರ ತಂದೆಯೇ?",angry
ಅಲ್ಲಿ ಶಿವಸೇನೆ ಇಲ್ಲವೇ? ದೇಶದ್ರೋಹಿಗಳು ಇದನ್ನು ನೋಡುವುದಿಲ್ಲ,angry
ಸಾಲ ಮನ್ನಾ ಆಗದಿದ್ದರೆ ನಿಯಮಗಳ ಸುಳಿಯಲ್ಲಿ ಸಿಲುಕಿರುವ ರೈತರಿಗೆ ಪರಿಹಾರ ಸಿಗುವುದು ಯಾವಾಗ?,sad
ನಿಮ್ಮಂತೆ ಅಣ್ಣಾಜಿ ಕೂಡ ಬೊಗಳಲು ಬಿಟ್ಟಿದ್ದಾರೆ.,angry
ತಾನೂ ಶೂದ್ರನಾದ ನಂತರ ಕೋಟ್ಯಾಧಿಪತಿಯಾದ.,angry
ಈ ವ್ಯಕ್ತಿ ಮುಖ್ಯಮಂತ್ರಿಯಾದ ಮೇಲೆ ಮಹಾರಾಷ್ಟ್ರ ಮರುಹುಟ್ಟು ಪಡೆದಂತೆ ಭಾಸವಾಯಿತು,sad
ನೀವು ಇನ್ನೂ ಮಲಗಿದ್ದೀರಾ?,angry
ಶ್ರೀಲಂಕಾದ ಪ್ರಮುಖ ವೇಗದ ಬೌಲರ್ ದುಷ್ಮಂತ ಚಮೀರಾ ಗಾಯಗೊಂಡಿರುವ ಟಿ ವಿಶ್ವಕಪ್‌ನಿಂದ ಹೊರಗುಳಿದಿದ್ದಾರೆ.,neutral
ಈಗ ಆಂಧ್ರ SAIL ನಲ್ಲೂ ದೀಪಾವಳಿ..,sad
ವಾಟರ್ ಬಲೂನ್ ಬಿದ್ದು ಯುವಕನ ನೋವಿನ ಸಾವು//...,sad
ರಾಜೀನಾಮೆ ನೀಡಿ ಚುನಾವಣೆಗೆ ಸ್ಪರ್ಧಿಸಬೇಕು,neutral
"ವಿವಾದವಾದರೆ ಹೇಗೆ, ಉದ್ಧವ್ ಸಾಹೇಬರಿಗೆ ಮೃದುವಾದ ಐಸ್ ಕ್ರೀಂ ಕೊಟ್ಟದ್ದು ಟಾರ್ಚ್ ಅನಿಸಿತು.",angry
ಸೆಪ್ಟೆಂಬರ್ ತಿಂಗಳಿನಲ್ಲಿ ಫಲಿತಾಂಶ ಪ್ರಕಟವಾಗುತ್ತಿತ್ತು... ಗೌರವಾನ್ವಿತ ಆಯೋಗವು ಅಕ್ಟೋಬರ್‌ನಲ್ಲಿ ಅಂತಿಮ ಉತ್ತರ ಪತ್ರಿಕೆಯನ್ನು ನೀಡುತ್ತಿದೆ.,neutral
ಊಳಿಗಮಾನ್ಯ ಪದ್ಧತಿ ಮತ್ತು ರಾಜವಂಶಕ್ಕೆ ಉತ್ತಮ ಉದಾಹರಣೆ. ಠಾಕ್ರೆ ಬಿಟ್ಟರೆ ಉಳಿದವರೆಲ್ಲ ಶೂ ಧೂಳು.,angry
"ನೀವು ಕೇವಲ ಮುಸಲ್ಮಾನರನ್ನು ಮಣೆ ಹಾಕುತ್ತೀರಿ, ಹಣದುಬ್ಬರವನ್ನು ಕಡಿಮೆ ಮಾಡುವ ಉಳಿದ ಕೆಲಸವನ್ನು ಮೋದಿ ಮಾಡುತ್ತಾರೆ.",angry
ಈ ಡಬ್ಬಾ ಸಂಸ್ಥೆಯೂ ನಿಮ್ಮಂತೆ ವಂಚಕರೇ,angry
ವಿರೋಧ ಪಕ್ಷದ ನಾಯಕನ ಸ್ಥಾನವೂ ಸಿಗುವುದಿಲ್ಲ ಎಂಬಂತೆ ಜನರು ಕಾಂಗ್ರೆಸ್‌ಗೆ ನಾಚಿಕೆ ತಂದಿದ್ದಾರೆ.,angry
ನಿಮ್ಮ ಮನಸ್ಸಿಗೆ ಬಂದ ತಕ್ಷಣ ನೀವೇ ಮಹಾರಾಷ್ಟ್ರ ದ್ರೋಹಿ ಎಂದು ಒಪ್ಪಿಕೊಳ್ಳುತ್ತೀರಿ.,angry
ರಾಥೋಡ್ ಅವರ ಮಡಿಲಲ್ಲಿ ಕುಳಿತು ಸಾಮಾನ್ಯ ಜ್ಞಾನವನ್ನು ಇತರರಿಗೆ ಕಲಿಸುತ್ತೀರಾ? ಚಿಕ್ಕಮ್ಮ,angry
ಕಾಕು ಕೂಡ ಸೂರತ್‌ಗೆ ಹೋಗುತ್ತಿದ್ದಾರೆ ಎಂಬ ಮಾತು ಕೇಳಿಬರುತ್ತಿದೆ.,neutral
"ಹೆಚ್ಚು ಅಳಬೇಡಿ, ಈಗ ಕುಳಿತುಕೊಳ್ಳಿ ... ಪ್ರತಿದಿನ ಎಚ್ಚರಗೊಂಡು ಅಳುವುದನ್ನು ನಿಲ್ಲಿಸಿ",angry
ಹಾಸನ ರೈಲ ಅಳಲು ಕಾರಣವೇನು?,angry
ವಿಶ್ವದ ಅತ್ಯಂತ ಖಾಲಿ ಬುಡಕಟ್ಟು ಬಾಲ್ಚಿ ಶೇನಿಕ್,angry
ಬೆಳಿಗ್ಗೆ ಅಲ್ಲಾಡಿಸಿ ಮತ್ತು ರಾತ್ರಿ ಬಟ್ಟೆ ಬದಲಿಸಿ,angry
"ಹುಡುಗ ವಿಶ್ವಾಸಘಾತುಕ, ದುರಾಸೆ, ಕೊಲೆಗಾರ, ಸೊಕ್ಕಿನ ಮತ್ತು ನಿರಾಸಕ್ತಿ. ಆಜಾದ್ ಬಾಬುರಾವ್!",angry
ಅಷ್ಟೊಂದು ಪ್ರಚಾರವಾದರೆ ಮಹಾರಾಷ್ಟ್ರದಲ್ಲಿ ರಾಹುಲ್ ಗಾಂಧಿಯನ್ನು ಆರಿಸಿ ತೋರಿಸಿ.,angry
ನೀವು ಏನಾದರೂ ಹೇಳುತ್ತೀರಾ?,angry
ನನ್ನನ್ನು ಟೀಕಿಸುವ ಗುತ್ತಿಗೆಯನ್ನು ಕಾಂಗ್ರೆಸ್ ಬೇರೆಯವರಿಗೆ ನೀಡಿದೆ- ಪ್ರಧಾನಿ ಮೋದಿ ಹೇಳಿಕೆ!,angry
ಮಹಾರಾಷ್ಟ್ರದ ಜನರು ನಿಮ್ಮನ್ನು ಒಂದೇ ಹೆಸರಿನಿಂದ ತಿಳಿದಿದ್ದಾರೆ,neutral
ನಿಮ್ಮನ್ನು ತೊಗಟೆಗೆ ಕಳುಹಿಸಲಾಗಿದೆಯೇ ... ಮೂಳೆ ಮೂಳೆ ...,angry
"ಇದು ಅವರ ವ್ಯಾಪ್ತಿಯನ್ನು ಮೀರಿದೆ, ಆದ್ದರಿಂದ ಅವರು ಧಾರ್ಮಿಕ ಸಮಸ್ಯೆಗಳನ್ನು ಎದುರಿಸಬೇಕಾಗುತ್ತದೆ.",angry
ಮಾರತ್ಮೋಳಿ ಲಟ್ಕೆ ತಾಯಿ ಎಷ್ಟು ತೊಂದರೆ ನೀಡುತ್ತಿದ್ದಾರೆ ಎಂಬುದನ್ನು ಜಗತ್ತು ಮರೆಯುವುದಿಲ್ಲ.,sad
ನೀವು ಯಶಸ್ವಿ ವಾಪಸಾತಿಯನ್ನು ಮಾಡಿದ್ದೀರಾ?,neutral
ಕೆಲವು ನಾಯಿಗಳು ಸಭೆಗಳಿಗೆ ಏಕೆ ಬರುತ್ತವೆ?,angry
"ಇದರರ್ಥ, ಬೇರೆಯವರ ಮದುವೆ ಮತ್ತು ನೃತ್ಯ!",angry
ಎಲ್ಲಾ ಜನರನ್ನು ಒಟ್ಟಿಗೆ ಎಳೆಯುವುದು,angry
ಸಾಮಾನ್ಯ ಅಭ್ಯರ್ಥಿ ಇಲ್ಲದವರಿಗೆ ಬಾಳಾ ಸಾಹೇಬರ ಶಿವಸೇನೆ ಬೇಕು.,angry
ಈ ಜನರು ಈಗಾಗಲೇ ಅಳುತ್ತಿದ್ದಾರೆ,angry
ದಾದಾಗೆ ಟೊಳ್ಳಾದ ಬಿದಿರಿನ ಪ್ರಸಾದವನ್ನು ನೀಡುವವರೆಗೆ ಈ ಜನರು ನೇರವಾಗುವುದಿಲ್ಲ.,angry
ಉದ್ಧವ್ ಸಾಹೇಬರು ನಿಮಗೆ ಅರ್ಹತೆಗಿಂತ ಹೆಚ್ಚಿನದನ್ನು ನೀಡಿದ್ದರಿಂದ ನೀವು ದ್ರೋಹ ಮಾಡಿದ್ದೀರಾ?,angry
"ಬಾಳಾಸಾಹೇಬರೇ, ನೀವು ನಿಮ್ಮ ತಂದೆಯನ್ನು ಅವಮಾನಿಸಿದರೆ, ಬಹುಶಃ ಅವರು ಅವಮಾನಗಳನ್ನು ಪ್ರೀತಿಸುತ್ತಿದ್ದರು.",angry
ಹಾಗಾದರೆ ಆ ಭಯೋತ್ಪಾದಕ ಮುಸ್ಲಿಮರು ನಿಮ್ಮ ನಡುವೆ ಏನು ಮಾಡುತ್ತಿದ್ದರು????,angry
ಹೆಂಗಸರೇ ನಾಚಿಕೆಪಡಬೇಕು ಅವರ ಹೃದಯ... ಹಣೆಯ ಮೇಲೆ ದುಂಡಾಗಿದೆ... ಲಂಬವಾಗಿಲ್ಲ..,angry
"ತಾಯಿಯ ಹಾಲಿನಲ್ಲಿ 'ಮೈಕ್ರೋಪ್ಲಾಸ್ಟಿಕ್' ಪತ್ತೆ, ಆಘಾತಕಾರಿ ಮಾಹಿತಿ!",happy
"ಕಮಲಾ ಮಹಿಳೆಯನ್ನು ದಾರಿ ತಪ್ಪಿಸಲಾಗಿದೆ, ಆಕೆಯನ್ನು ಮೂರ್ಖರನ್ನಾಗಿ ಮಾಡಲಾಗಿದೆ.",angry
ಮುಟ್ಟಾದ ಮೇಲೆ ದೇಶದ್ರೋಹಿ ರಾಜಿನಾಮೆ ಕೊಡಲು ಹೊರಟಿದ್ದ...ಈಗ ಏನು?,angry
"ಅತುಲ್, ನೀನು ಹೀಗೆ ಬೊಗಳುವುದನ್ನು ನೋಡಿದರೆ ನನಗೆ ನಾಯಿಗಳು ನೆನಪಾಗುತ್ತವೆ.",angry
ಇದು ಪಪ್ಪುವಿನ ತುಣುಕು,angry
ಹಣದುಬ್ಬರದ ವಿರುದ್ಧ ಹೋರಾಡಲು ಇದು ಒಂದು ತಂತ್ರವಾಗಿದೆ. ಹಿಂದಿನ ದರಗಳು ಏನನ್ನು ತರುತ್ತವೆ ಎಂಬುದನ್ನು ನೋಡಿ? ನಾನು ತರುವುದಿಲ್ಲ.,angry
ಈ ವ್ಯಕ್ತಿ ತನ್ನ ಟ್ವೀಟ್‌ಗಳೊಂದಿಗೆ,angry
"ಇದು ಬ್ರಹ್ಮಾಸ್ತ್ರವಲ್ಲ, ಕೀಳುಮಟ್ಟದ ರಾಜಕೀಯ ಎನ್ನುತ್ತಾರೆ.",angry
ಅಂಧ ಭಕ್ತರು ಸಂಕಷ್ಟದಲ್ಲಿದ್ದು ವೈದ್ಯರ ಅವಶ್ಯಕತೆ ಇದೆ,angry
ನೀವು ದೇಶದ್ರೋಹಿ ಸಿದ್ಧಾಂತದಿಂದ ಮಾತನಾಡುತ್ತಿದ್ದೀರಿ ಎಂಬುದು ಮಹಾರಾಷ್ಟ್ರಕ್ಕೆ ಅರ್ಥವಾಗದ ಮೂರ್ಖತನವಲ್ಲ.,angry
"ಇಲ್ಲ, MHADA ಯಲ್ಲಿ ಮರಾಠಿ ಸೋಫಿಸ್ಟ್‌ಗಳಿಗೆ ಖಂಡಿತವಾಗಿಯೂ ಫ್ಲಾಟ್‌ಗಳನ್ನು ನೀಡಲಾಗುವುದು",angry
ಅಭಿವ್ಯಕ್ತಿ ಸ್ವಾತಂತ್ರ್ಯದ ಹೆಸರಿನಲ್ಲಿ ಮಾಧ್ಯಮಗಳು ಒಡಕು ಮೂಡಿಸಲು ಯತ್ನಿಸುತ್ತಿವೆ. - ರಕ್ಷಣಾ ಸಚಿವ ರಾಜನಾಥ್ ಸಿಂಗ್,angry
ಅತಿವೃಷ್ಟಿಯಿಂದ ಪಾಳುಬಿದ್ದ ರೈತನ ಮಗುವಿನ ಈ ನೋವು ಮನ ಮುಟ್ಟುವಂತಿದೆ..! ಒದ್ದೆ ಬತ್ತಿ..!,sad
ಸರ್ಕಾರ ಹಸಿವಿನಿಂದ ಸಾಯುತ್ತಿದೆ ಮತ್ತು ಜನರು ಹಸಿವಿನಿಂದ ಸಾಯುತ್ತಿದ್ದಾರೆ... ಜೈ ಮಹಾರಾಷ್ಟ್ರ,angry
ಅಂಧ ಭಕ್ತರಿಗೆ ಅನ್ನದಾನದ ವ್ಯವಸ್ಥೆ ಮಾಡಲಾಗಿದೆ,angry
ಇದು ನನ್ನ ಮುಂದೆ ನಡೆಯುತ್ತಿದ್ದರೆ ನನಗೆ ನಗು ಬರುತ್ತಿತ್ತು. ಯಾರಾದರೂ ಕೆಟ್ಟದಾಗಿ ಹೊಡೆಯುತ್ತಿದ್ದರು.,angry
ಅವರಲ್ಲಿ ಹೆಚ್ಚಿನವರಿಗೆ ಅವುಗಳ ಮಹತ್ವ ತಿಳಿದಿಲ್ಲ,neutral
ಆಟಿಕೆಗಳಂತೆ ಕಾರುಗಳು ಕೊಚ್ಚಿ ಹೋದವು... ಪುಣೆಯಲ್ಲಿ ಮಳೆ!,sad
ಅತಿಸಾರದಿಂದ ಬಳಲುತ್ತಿರುವ ವ್ಯಕ್ತಿಗೆ ಜಗತ್ತು ಹಳದಿಯಾಗಿ ಕಾಣುತ್ತದೆ,angry
ಸಾಹೇಬರ ಬಗ್ಗೆ ಇಂತಹ ವಾದಗಳನ್ನು ಮಾಡುವಾಗ ನಿಮ್ಮ ನಾಲಿಗೆ ಹೇಗೆ ಭಾರವಾಗಲಿಲ್ಲ..,angry
"ಅವರು ನಿಮ್ಮ ತಂದೆಯ ವಯಸ್ಸಿನವರು, ನಿಮ್ಮ ತಂದೆಯೊಂದಿಗೆ ನೀವು ಹೀಗೆಯೇ ಮಾತನಾಡುತ್ತೀರಾ?",happy
"ಚೇತರಿಕೆ ಮತ್ತು ಲೂಟಿ ಮಾತ್ರ ಗುರಿ ಮತ್ತು ಸಾಧನೆಯಾಗಿದೆ, ಸಮಸ್ಯೆ ಪರಿಹಾರ ಗುರಿಯಲ್ಲ.",angry
ಈಗ ಎಂಎನ್ಎಸ್ ನವರು ಮೊದಲಿನಂತೆ ಬಿಜೆಪಿಯನ್ನು ಟೀಕಿಸಲು ಪ್ರಾರಂಭಿಸುತ್ತಾರೆ.,neutral
ಇಲ್ಲಿ ಏಕೆ ಕ್ರಮ ಕೈಗೊಂಡಿಲ್ಲ?,angry
ನೀವು ಯಾರೆಂದು ನಿಮಗೆ ತಿಳಿದಿದೆಯೇ?,angry
ಸಿಎನ್‌ಜಿ ಬೆಲೆ ಏರಿಕೆಯಿಂದಾಗಿ ನಗರದ ನಿವಾಸಿಗಳು ರಿಕ್ಷಾ ಮತ್ತು ಟ್ಯಾಕ್ಸಿ ದರಗಳ ಹೆಚ್ಚಳದ ಹೊರೆಯನ್ನು ಅನುಭವಿಸಬೇಕಾಗಿದೆ.,fear
"ಇದು ತಪ್ಪು...ಇದು ಸಹಾನುಭೂತಿ ಅಲ್ಲ, ಇದು ನಿಷ್ಠೆಯ ಜ್ವಾಲಾಮುಖಿ.",angry
ರಾಮದಾಸ್ ಅಳುತ್ತಿದ್ದಾಗ ಮಾತ್ರ ದಾದಾ ಅರ್ಜಿ ಸಲ್ಲಿಸಿದರು,sad
ಆತ ಕುಟಿಲ ಪವಾರನ ಗುಲಾಮ. ತಲೆ ವಕ್ರವಾಗಿದೆ.,angry
ಬಂಡಾಯದ ಮೂಲಕ ಅವರು ಅದನ್ನು ಪಡೆಯುವುದಿಲ್ಲ ಎಂದು ತೋರುತ್ತಿದೆ!,angry
ನೀವು ಮುಗಿಸಲು ಹೊರಟಾಗ ನೀವು ಅದನ್ನು ಏಕೆ ರುಚಿ ನೋಡಿದ್ದೀರಿ?,angry
