text,sentiment
कुलकर्णी हे बघ,neutral
हे प्रत्येक पक्ष्याच्या सतरंज्या उचल्यागीरी करणार्या अंध भक्तांना समजले पाहिजे.,angry
जी च्या दृष्टीने पुणे जिल्ह्यात एकही लायक आमदार नाही का मंत्री बनण्यासाठी,happy
शेणकयांच वजन किलो त्याच्यापेक्षा वजनदार भांडी मालकाकड़े ..खुप वाईट आहे हे,angry
पार होती नव्हती इज्जत काढली....सरकारी लोक स्वतःला काय समजतात देव जाणो...,angry
भाजप हा देशातील सर्वात भ्रष्ट पक्ष... घोटाळे करणाऱ्या प्रत्येक नेत्याला देश शिक्षा भोगत आहे.,angry
निवडणूक कोणाला लढवायची होती उद्दिष्ट वेगळेच होते सफल झाले बसा बोंबलत आता,angry
अक्कल सम्राट उद्धट हे सेनेचे वाट लावत आहेत आणि काही नाही...,angry
स्वतः चा देह सांभाळता येत नाही. हा कसला बदला घेणार,angry
पुरावेच नाहीयेत म्हणून कारवाई होत नाहीये..हा तोटल्या उगाच रान उठवतोय,angry
लोकांनीं भाजप ला नाकारले आहे असे चित्र दिसत आहे. सध्या तरी .,neutral
मराठवाड्यातील शेतकऱ्याच दुःख समजतंय का सत्तार साहेब?,sad
या देशात खरा नामर्द कोण आहे हे देशातील सुज्ञ नागरिकांना माहीत आहे,angry
"वैशाली ठक्कर आत्महत्त्या प्रकरणात फरार आरोपी पोलिसांच्या ताब्यात, काय होते वैशालीसोबतचे नाते?",happy
"चांगल्या समाजकार्यच्या फळ मिळतात योग्य ,तुम्ही कमी पडत आहेत",sad
तुमचा हा पत्रकार पत्रकारिता सोडून राष्ट्रवादीचीच जास्त तळी उचलतो,angry
मानसिक गुलामगिरीचे उत्तम उदाहरण म्हणजे शेन किडे...,angry
"गद्दारांनो ढाल-तलवार चिन्ह मिळवून उपयोग काय, आयुष्यभर च्या पदराखालीच लपायचं आहे तुम्हाला..",angry
अगदी खंर आहे!लाज वाटायला लागलेय आपलीच आपल्याला!,sad
येडा भोकाचा काय पण बरळत असतो नेहमी..,angry
कारवाही होईल की नाही आज तरी,neutral
कुठला गांजा मारून न्यूज लिहितात हे न्यूज वाले..,angry
"आजपर्यंत फक्त मुलेच चोरीला जात होती, एकनाथ सिंदे यांनी वडिलांकडून चोरी केली होती.",angry
काय वेळ आलीय?? लोकांची कामं करण्यापेक्षा मोदीच्या सांगण्यानुसार पूजा करत हिंडत आहेत??,angry
खरंच एवढी घाण केलीय का?,angry
"ला """" कंटेंट देण्याच्या प्रयत्नात टेक कंपनीज कोणत्या पातळीवर उतरतात हे पाहणे धक्कादायक आहे...",happy
अरे देसाड वाघ हा पोल बघ. मग तुला कळेल स्वतःची लायकी.,angry
हे दृश्य नक्कीच व्यथित करणारे आहे -----,sad
या राजकारणी माणसानी महाराष्ट्राची इज्जतीचे पार वाभाडे काढलेत,angry
"काय खोटी आशा बाळगता मॅडम, एक तरी पुरावा आहे का मोदी असे म्हणाल्याचा.",angry
हे चुकीचं आहे अध्यक्ष महोदय,angry
"हिंदूूनो, सेक्युलरीजम ही अंधश्रद्धा आहे हे नीट लक्षात ठेवा.",neutral
तुला भाजपने का बरं पैशावर ठेवलंय,angry
हा सामना आहे की टोमणा,neutral
वर्षे सोबत असताना ह्यांचे नगरसेवक देवनार डम्पिंग ग्राउंड चा कचरा खात होते,angry
"नशीब,कोम्प्युटर कोपी पण टाकली, नाहीतर कांहीच समजल नसतं. मोबाईल दिला ??!!",neutral
मुंबईतले रस्ते खड्डेमुक्त न होण्यामागचे गौडबंगाल..नित्कृष्ट दर्जाचे काम..,angry
"अंधारे बाई, पेडणेकर काकू भुंकल्या का?",angry
"काहीही काय बोलता,भाजपा चं जप्त होणार होत.",angry
हे तुमचे सरकार असताना झाले .... तुमच्यात खोट आहे,angry
मी अंधेरी पोट निवडणूक विधानसभा मध्ये राहत आहे हा एक गुगली आहे,neutral
"""कालचा गोंधळ बराच होता...""",neutral
रिकामचोट आहेत ही लोक....,angry
उध्दव च आवडत नाही तर चिन्हं कसं आवडेल....कधी पण इमोशनल रडत बोलणारा वैयक्ति आहे,angry
लाळचाट्याने काल उष्टी बिरयातील हाडकं चगळली त्यामुळे त्याला उलट्या सुरू झाल्यात.,angry
सत्ते साठी माती खायची परंपरा आहे!,angry
युवकांच्या मागे दुष्टचक्र चालू आहे!,fear
मला ब्लॉक केल आहे जित्याने,neutral
"आहो, सत्तार शेठ.... शेतकरी मेल्यावर ओला दुष्काळ सारखी स्थिती येणार आहे का...?",sad
अरे तुमच्या नादात राज्याची आय.... त्याच कोन बघतंय का,angry
या' अभिनेत्रींनी कमी वयातच केली आत्महत्या...,sad
अरे आम्ही माफी का मागायची तुम्ही कोण लावून गेलात .,angry
सुप्रसिद्ध अभिनेते आणि ज्येष्ठ रंगकर्मी प्रदीप पटवर्धन ह्यांचे दुःखद निधन भावपूर्ण श्रद्धांजली,sad
कधी आणि कशी देणार सरस्वती ह्याला सद्बुद्धी? हा अशिक्षित भाजीवाला तिला मानतच नाही ना!,angry
सर्व राजकीय पक्षांनी आणि नेत्यांनी भारतीय जनतेला मु्र्ख आणि संविधानाची पायमल्ली होत आहे,angry
ज्यासाठी बोंबा मारत होते ते विलिनीकरण कधी करणार?,neutral
आज वर पाहिलेले सर्वात नीच प्रवृत्तीचे राजकारणी आहेत हे राणे.....,angry
आता हेही चिन्ह हातातून निसटून जाईल असं दिसतंय,sad
सपशेल चुकीचे आहे... अक्षरशः मूर्खपणाचे विधान आहे,angry
मला होत माहिती... यांचे कांड खूप मोठे आहेत,neutral
मान्यवर कोणत्याही गोष्टीचा अतिरेक आपल्याला मान्य होतो का?,neutral
"यांना दुप्पट दंड लावावा, हा मुजोरपना आहे",angry
सुबोध भावे आणि त्याचा बोलविता धनी तो सांगतो आणि हा बोलतो...,angry
"हंगर इंडेक्स वाल्यांना कॉंग्रेसचा वाण लागला असावा, भ्रामक दाव्यांची ही आहे सत्यता..",angry
मंत्री आहात की महाराष्ट्राला लागलेली वाळवी? तुमचं डोक ठिकाणावर आहे का?,angry
तु पाकिस्तानचा आहेस का चोरून बिर्याणी खातो,angry
त्यांच्या नातेवाईक वर इन्कम टॅक्स धाड पडली होती,neutral
माझ्या सर्व मराठा बांधवांना आणि भगिनींना विनंती आहे की या पुढं मतदान करू नये.,sad
दादाची मी मारायच्या अगोदर तुम्ही मारली अन्याय आहे हा,angry
तुम्हाला समजत नाही हे सांगा स्वतःच अज्ञान जनतेवर कशाला लादता,angry
हे बघून पवार यांनी सभा घेऊन विनंती केली. उद्धव ठाकरे कुठल्या तोंडाने बोलतील.,happy
हारामखोर आहे हा गद्दार साला,angry
झाली आतल्याची सुरुवात दिवस उजाडला आता दिवसभर भुंकायला,angry
आम्हाला घाबरून आधीच ब्लॉक केलय...,fear
बाकी सगळे मार्ग खुंटले की ते रामाचा आणि पाकि स्तानचा धावा करतात,angry
हो अतंत्य नींदनीय कृत्य आहे हे…,angry
बरोबर दादा बाप चोर आहेत हे गद्दार,angry
फडफड करण एवढंच काम आहे भाऊंना,angry
तलवार धरणार म्हणजे हिंसा करणार का?,neutral
पक्ष म्हणजे बापाची मालमत्ता समजनाऱ्यांना साष्टांग नमस्कार.,angry
केंद्रातील मोदी सरकारमुळे देशाची लोकशाही कमकुवत होत आहे!,sad
लटके मॅडम बाळासाहेबांच्या शिवसेनेत गेल्या तर त्यांना गुलाम लोकं गद्दार म्हणणार का?,angry
ते मुख्यमंत्र्यांच्या पी ए ने तुमच्या कानाखाली वाजवली असं ऐकलं.. खरं आहे का?,happy
"राष्ट्रवादीचा भाजपला ‘जोर का झटका’, ‘या’ जिल्ह्यात सर्वाधिक जागांवर विजयी; भाजपला केवळ जागा",neutral
"‘सौरव गांगुलीला त्रास दिला जातोय’, आरोप करीत ममता बॅनर्जींची पंतप्रधान मोदींनी केली ही विनंती",neutral
"शेण किडे त्याच लायकीचे आहेत रे, ट्विट मुळे बुडाला आग लागते",angry
नवरदेव गुडघ्याला बाशिंग बांधून तयार होता पण वडीलांनी ऐन मुहुर्तावर लग्न मोडले.,happy
म्हणजे बाळासाहेबांच्या हिंदूत्व मध्ये हि ताकत नव्हती असे समजता का....,neutral
हा सर्व गुजराती लोकांचा प्रॉब्लेम आहे,angry
मी नीरज आहे नीरज चोप्रा नाही,neutral
मशाल पण होती रे टिपीकल शेणकिडा,angry
चड्डी फाटनार हे माहीत पडल्यामुळे आधीच टेलर ला बोलवलं,neutral
तुझ्या मालकाला त्याच्या बापाचं स्मारक स्वतःच्या जागेवर स्वखर्चाने बांधायला सांग.. जनतेच्या बोकांडी का खर्च,angry
आणि यांच्या वाटणीचा कडक गांजा खोपकर ने मारला का आज ???,happy
मोदींना शिव्या देणारा अग्रवाल (समाजवादी पक्ष) आहे ना भाजपात त्यावर पण बोला,angry
मराठवाडा विद्यापठातील ह्या फालतुगिरी बद्दल काही ठोस पाऊले उचलणार का? जी जी.,angry
सगळ्यात हरामी नेता आहे हा,angry
"जा भोसरीच्या...सगळे भ्रष्टाचारी, बलात्का-यांनी सामावुन घेतला आणि वर मिजास चालु...फेकु-तडीपार यांचा पक्ष म्हणजे “खाजप”",angry
अफगाणिस्तानमध्ये तालिबान्यांकडून होत आहे शिखांचा छळ !,sad
अकलेच्या कांद्याच उत्तम उदाहरण म्हणजे हा. याला अर्थशास्त्राच नोबेल फेकून मारा कोणीतरी..,angry
जर का एकदाच ठरलं तर ठरलं मग बोयकॉट तर बोयकॉट,angry
म्हणजे उठा येडे का भकास आघाडी करायला,angry
अभ्यंकर हे जास्त भयंकर आहेत,fear
जसे काही तुमच्या राज्यात मध्यमवर्गीय हत्तीवरून साखर वाटत होता ...,neutral
अत्यंत ही दुर्भाग्यपूर्ण घटना,sad
किती ती उत्सुकता ओरडा ऐकण्याची,happy
यालाच म्हणतात चोराच्या उलट्या बोंबा......अक्कल नसली की असेच होते.हा देशाच्या आर्थिकतेचा विषय पण सर्वच नमुने....,angry
काय रे बनवट बुवा तु परत आला फसणवीस च्या लोमत्या,angry
अरे किती खोट्या बातम्या द्याल..... सिनेमा मोकळे पडलेत आणि प्रेक्षकांच्या प्रतिक्रिया म्हणे,angry
तुझ्या बोडख्याच काय गेल? तू काय उद्धट / पेंग्विन ची चाटत बसलेली असतेस का?,angry
सातही पिढ्या गद्दार म्हणून मिरवा,angry
तुम्हाला ठाकरे गटाने शिंदे गटाची सुपारी दिली आहे काय???,angry
अतिवृष्टीमुळे पुणे मनपाने पुण्यात काय दिवे लावलेत याची कल्पना येते – अजित पवार,angry
चाटूगिरी करणं सुरु झालंय.. आता हे महाराष्ट्राला गुजराती धोरण किती चांगलं आहे ते दाखवणार..,angry
या मध्ये नामांकित महाविद्यालयाचा समावेश असतो हे शैक्षणिक व्यवस्थेला काळिमा फासणार आहे,angry
शेतातील तुला काय शे.... कळत्यात..आला मोठा शहाणा..,angry
राग आला... आता खाऊ घालतील बिचारीला.,angry
तिच नाव थोडीच होत...खुश करायला आली ती खुशाली..,neutral
ताईसाहेब झोपलात का? झांकी कुठे आहे? महाविकास आघाडीने ला पटकवलं ना...,happy
तो भक्त तोरसेकर आहे .. आधी व्हॉट्सॲप वर मोठमोठाले मेसेजेस पाठवत होता,neutral
छत्रपतींच्या सुरत लुटीचा राग अजूनही काळ्या टोपी वाल्यांना आहे.,angry
हा व्हिडिओ बघ रे आधी भक्ता....बाकी नंतर बोल,angry
अस लिहून किंवा बोलून फक्त आणि फक्त सहानभूती गोळा करणे चालू आहे बाकी काही नाही,angry
मला समजत नाहीये तुम्ही त्याची इज्जत फोटो मध्ये काढलीय का कॅप्शन मध्ये,angry
वाईट बातमी ज्या सैनिकांना या अपघातात वीरमरण प्राप्त झाले त्यांना भावपूर्ण श्रद्धांजली,sad
पण हे भलतेच अशावादी दिसतात ...,neutral
"प्रिय ग्राहक, झालेल्या गैरसोयीबद्दल आम्ही दिलगीर आहोत, आम्ही तुमच्या मागील ट्विटला उत्तर दिले आहे.",neutral
"त्यांच्याकडे पुरावा नसणारच, नेहमीप्रमाणे पिवळी पुस्तकं वाचून आला असेल तो!",angry
शालीतून जोडे मारण्यापेक्षा असे एकदम समोरून मुस्कटात मारलीत तुम्ही,angry
कमळाबाईच्या चूत्यापणांमुळे हे सगळे झाले आहे.,angry
"हो ,,म्हणून तू कायदा कसाही वापरणार का?",angry
आता सुध्दा देशात अघोषित आणिबाणीच आहे,fear
काळ आता बदलला आहे. आता मुली नाहीत.. आता बेरोजगार मुलं पालकांच्या खांद्यावरचं ओझं झालं आहेत.,sad
हे उपहासात्मक असावे.,neutral
अरे मुर्खा ऑक्टोबर ला दिला आहे,angry
सगळ्यात फालतू आहेत हे साहेब,angry
गद्दार आमदारांच्या ढुंगणावर दांडा मारल्यावर मलम लावायला गद्दार टोळीत सामिल झाल्यात का?,angry
काय मूर्खपणा आहे हा...,angry
हो नक्कीच कारवाई करायला पाहिजे पण त्यांनी देश विरोधी घोषणा दिल्या का ?,angry
पिंपरी चिंचवड मध्ये पण.... हा पण उध्दव गटातला झालाय... केवढा रडतोय...,angry
- वागल्याना किमान बुद्धी द्यावी म्हणून प्रार्थना करताना मोदीजी.,neutral
भारत हरला नाही इंग्लड जिंकला आहे,neutral
"शिंदे फडवरच्या मावशी सारख तुमच काम आहे, तून तून वाजवयच इनाकरण",angry
खरच लक्ष द्या नाहीतर खूप मोठे संकट आ वासून उभा आहे,fear
माहिती देण्याची तसदी घेणार का?,neutral
काय मग झाला का हिशोब तुझ्या कुरेशी साहेबांनचा आणि तुझा पळपुटे भक्त...,angry
हे अगोदर करायला पाहिजे होत आता नाही पराभव अटळ आहे,sad
चांगल्या रस्त्याला नजर लागू नये म्हणून पडले आहेत घड्डे आपोआप.,angry
भाजपा दारू कोचिया हे,angry
राजकारण हे असच असत तुम्ही फार वैयक्तिक घेतलं आहे म्हणून एवढा मनसे विरोध,neutral
आणि आपल्याला त्याच्या पासून मनस्ताप मिळतो,sad
हातभार नाही. हे त्याचंच कारस्थान आहे.,angry
एवढंच बाकी होत बघायचं,angry
कोणताही पक्ष आला तरी सर्वसामान्य जनतेचे भले होणार नाही.,sad
थोडक्यात गृहमंत्री बिनकामाचा आहे,angry
भाजपने सुद्धा अजितदादा सोबत शपथ घेतली होती. भाजप पण गद्दार का मग?,angry
याला हेक्टर म्हणजे की माहीत नाही हा काय सांगणार,angry
मला वाटलं चं ट्विट आहे हे म्हणून रिप्लाय तसा झाला....साॅरी मित्रा,neutral
आता वेळ आली आहे कर्तुत्व दाखवून जिंकण्याची पण रडायचं काय थांबत नाही,angry
नकोच वाटतं आता,sad
सतरंजा उचला एवढी काम आहे आपल्या लायकीचे लागा कामाला,neutral
हा झाला इतिहास .गेले ते वैभव .,sad
सत्तेत असताना त्या संघटनेची केळी चोखत होता...,angry
आणि तोंड वाकड्या ह्याच्या आईचा यार का?? त्याच नाव घ्यायला जीभ जड झाली ह्याची,angry
हा नक्कीच च्या निवडणुकीत महत्वाचा मुद्दा असु शकतो जनतेला मुर्ख बनवन्या साठी.,angry
अख्या महाराष्ट्राला देवेंद्र जी बद्दल अभिमान आहे तुम्हाला विचारतो कोण चाटू पत्रकार लाचार पत्रकार,happy
मराठी कलाकाराचा आपमान आहे हा.,angry
यालाच माहिती नाही म्हणून महाराष्ट्राच्या सत्ता संघर्षात तारीख पे तारीख देत आहे,angry
या सर्वांना पाकिस्तान मध्ये पाठवून द्या. असे देशद्रोही या देशात राहण्याच्या लायकीचे नाहीत.,angry
हाय का गेला रे ? झटक्या वाला,neutral
"हो, हिंदू असून ही हिंदू द्वेष भरलेला असतो यांच्यात",angry
हित तर चुकलात सरळमागी॔ राजकारण करुन भाजपकडून सरळ चिडपाड,neutral
"खोट्या खोट्या का होईना, शाळेत गेले ना? आता त्यांचं शिक्षण कोणी काढू नका",angry
हा माणूस मुख्यमंत्र्यांना गलिच्छ भाषेत शिव्या घालतोय.कडक कारवाईची अपेक्षा आहे,angry
सह्याद्री शाळा ही खाजगी शाळा असल्यामुळे ठाणे महानगरपालिका पाण्याच्या टाक्या साफ करत नाही.,neutral
जिंकायची शाश्वती नाही म्हणून हे गद्दार आता असेच मैदान सोडून पळून जाणार,angry
पहाटे पहाटे वाईट स्वप्न पडून दचकून जाग आली पुढं दिवसाचा आनंदीआनंदच आहे सगळा आता,happy
मी जातो कधी कधी सारसबागला. आता नुसती गर्दी असते ट्रॅफिकचा आवाज कायम असतो.,sad
काहीही फेकता का ? पत्रकारिता करा की ? म्हणूनच अजतकने काडले काय ?,angry
मनाला वाटेल ते बोलायचे ती काय वडापाव ची गाडी आहे का ?,angry
दाढी वाढवून मोदी बनण्याचा यत्न? पण दाढी वाढवून बुद्धी आणि निर्णयक्षमता वाढेल का?,angry
"मराठीचे मारेकरी बनू नका, मराठीत व्यक्त व्हा. आम्हाला ही भाषा समजत नाही.",neutral
"शेमन्या आता डांगीत शेपुट का घालुन बसलास, बोल ना आता.",angry
फायदा सामान्य जनतेपर्यंत पोहचत नाही तोपर्यंत निर्थक आहे सगळ,sad
भविष्य खर ठरल म्हणून राग आला,angry
उगाच नाही बाळ्याने सांभाळून घ्यायला सांगीतलं... त्याला आपल्या प्राचीन औकात आणि अक्कल माहीत होती...,neutral
सर भ्रषटाचार खुप वाढल आहे त्यावर उपाय करा,angry
शेण आणि स्वमुत्र खायला,angry
फक्त आणि फक्त कीव आणि हसुच येत असे पांचट आणि बिनबुडाचे ट्विट वाचले की..,angry
किती खोटे बोलता जयदीप ठाकरे कोणा सोबत आहे हे सांगा.,angry
शांता शेळके काय होती हे या बुद्धीहीन माणसाला माहीत आहे का?,angry
या मूर्ख आणि बावळट पत्रकरमुळे जनतेची दिशाभूल होत आहे,angry
मग आता बाळासाहेबांच्या शिवसेनेला शिव्या द्या.. मग जनता तुम्हाला योग्य पद्धतीने उत्तर देईल,angry
गुज्जू किडा असा हळूच बाहेर येतो...!,angry
कार्तिक यात्रा कालावधीत भाविकांची गैरसोय होणार नाही याची दक्षता घ्यावी – प्रांताधिकारी गजानन गुरव,neutral
मी तर आधीच बोलो होतो बळी देशाच्या आधी बकर्याला हार घातलाय .,sad
वी आहे म्हणे ही शु नेना ताई,angry
मस्त घेतली गद्दारनाथ आणि फसनवीसची ब्रावो नाना,happy
हे बोलल्या तेव्हाच ताई संपल्या... ओम शांती !,sad
"जास्त शहाणा समझून राहिला हा स्वतःला, फाट्यावर बसवा असे भंपक वकील.",angry
आता ही अफवा कोणी पसरवली रे थापा हा शिंदे गटाचा पालकमंत्री होणार,happy
सर काय हे घेऊन येतात वर तुम्ही.वाचून दुःख होत खूप.,sad
हरण्याच्या भीतीने असले धंदे ते ही राज ठाकरे मार्फत करून घ्यायला लागले,fear
"हे पाठिशी उभे राहीले म्हणजे ख़ंजीर ख़ुपसणार हे नक्की. वसंतदादा पाटील , यशवंतराव",angry
काय ती भाषा...काय ते संस्कार!,angry
"बाळासाहेब हे प्रभोदनकारांचे वारसदार, तोरसेकर कडे लक्ष नका देऊ वय झालंय त्यांचं, वाटेल ते वडबडतात.",neutral
दादा यांना योगी स्टाईल ने धडा शिकवणार का???,angry
"""नरेंद्र मोदी हे देशाचे पंतप्रधान नाहीत, ते फक्त भाजपचे पंतप्रधान आहेत."" -कॉंग्रेस प्रदेशाध्यक्ष नाना पटोले",angry
अरे हा लबाड कोल्हा आहे का अजून...इतके दिवस कुठे लपून बसला होता,angry
"मोदी सरकारने मनीष सिसोदिया यांना टार्गेट केले, हे खरोखरच अन्यायकारक आहे.",angry
डोक्यावर पडलेली आणि कॉग्रेसी विचार धारा असलेली मानसिकता पवित्र मंगळसूत्राचा अपमान करणाऱ्या निषेध,angry
गप्प रे लाखांचे आणे करणारे आहेत ते,angry
"अबे उपट, बापासारखा एक तरी गुण आहे का त्याच्यात ?",angry
"बाण आता भाजप ने घालून घेतलाय, खूप शोधला पण हातच भरला..",neutral
अरे भामट्यांनो तुम्ही तर मराठा मोर्चा ला मुका मोर्चा बोलला होता की रे,angry
हा भ्रम आहे,neutral
मी पुरणपोळी खात नाही बोलून खाण्यासारखं आहे हे.,neutral
नाय व्हायची हा,neutral
ती मला त्रास देते,angry
खोक्यांनीच सर्व होत आहे तर मतदानात रस कोणाला आणि का असेल.,angry
पाणी साचत नाही जलयुक्त शिवार काम करत आहे,happy
"यासाठी मुंबई, पुणे च्या बाहेर महाराष्ट्र आहे हे समजलं पाहिजे.",neutral
"वर्क फ्रॅाम होम म्हणजे, च्यायला ॲाफिसचं काम करा आणि घरचंही…वैतागवाडी नुस्ती",angry
ह्या मॅडम एक दिवस नक्कीच ऊद्धव ठाकरेंची उरली सुरली शिवसेना पण फोडतील..,angry
पण राहुल गांधी मुळं तुमचे महामहीम भा......गवत डायरेक्ट मस्जिद मध्ये उगवले होते.त्याचं काय????,angry
एक ना धड भाराभर चिंध्या अशी म्हण आहे मराठीत,neutral
पीएमसी ला प्रश्न विचारू शकत नाहीत त्यांच्याबद्दल बोलताय का? कन्फ्यूजन,neutral
याला आमच्याकडे पानइचू (पान विंचू ) म्हणत्यात लई आग होती. पण माणूस मरत नाही.,neutral
हे न्यूज चॅनल ह्याच बातम्या. कंटाळा आले आहे.,angry
फुकट प्रसिद्धी मिळवण्यासाठी स्वतःच कोणाला तरी फोन करायला सांगितलं आहे हे स्पष्ट आहे,angry
यामुळे ओन्लीफॅन्स च्या संस्थापकांमध्ये कारवाईच्या भीतीने खळबळ उडाली आहे.,fear
"पाकीट पत्रकार, गोदी मिडीया हे शब्द विसरले वाटतं...",angry
हा बघा कसला धमकी देतोय.,angry
आणि पवार साहेबांनी काँग्रेस फोडली ती काय चण्याक्याणिती,angry
कोकणवासीयांना कलंक आहे राणे,angry
हे हरामखोर जनतेच्या जीवावर आलिशान जीवन जगतात म्हणून हा बिनडोक पणा सुचतोय,angry
आतल्या हे असच असत जे दिसते तसे नसते म्हणून जग फसते,neutral
या असल्या फेक उद्योगनमुळेच तुझं अकाउंट सस्पेंड होत,angry
आता हे सांगणार खालची पातळी कशाला म्हणता,angry
गप्प.. काहीही हा,angry
खरे आहे. काही ही खोटे नाटे सांगून लोकांना उल्लू बनवायचे हिच भाजप निती.,angry
कुठे नेणार आहे महाराष्ट्र माझा,sad
शांत राहण्याचा आदेश भंग केला आहे तुम्ही,angry
एवढ्याश्या कारणासाठी मी नाही अनफॉलो करणार... काळजी नसावी.,neutral
"पत्नीने फोन केला म्हणून घरी येण्यासाठी निघाला, पण रस्त्यातच तिघांनी झाडल्या गोळ्या",sad
"उमेदवार मिळणार नाही, अशी मविआची अवस्था करु – बावनकुळे",happy
तुला काय गाजर माहित का सत्तारा मुळात आपली पात्रता नाहीत मंत्री व्हायची,angry
अजूनही कारवाही झालेली नाही. काम सुरूच आहे.,neutral
भाजपाचे सरकार असतेवेळी असे कसे झाले ?,happy
"ही बाई येडी नाही, बाकीचे शहाणे आहेत",neutral
तुझ्यासारखं त्यांना पळवून पळवून मारत आहेत म्हणून वाटत असेल,sad
देवांचा अपमान आहे.,angry
अमरावतीमध्ये हा मृत्यूचा आलेख सर्वाधिक आहे,sad
तुम्ही घेऊन लिहीलं त्यामुळे नीट लिहीलं नसेल,neutral
पत्ता पण चुकला आणि गोळी खायची पण चुकली म्हणून मीडियाला पात्र मिळालं,neutral
फटाके फोडून आमच्या निसर्गदेवतेचा अपमान करणाऱ्या सर्व दिवाळीखोर भक्तांचा निषेध...,angry
"तुम्ही """" ऐवजी """" असं खोटं नाव का वापरता?",neutral
बासितकडे होती देशविरोधी मासिक चालवण्याची जबाबदारी!,angry
. असे ट्वीट करायचे पैसे मिळाल्यावर कुणीही स्वतःचा गळा दाबला जातोय असे सांगेल,angry
मला तर बैल आणि म्हैस दोंघांचाही अपमान होईल असे वाटत.....,sad
इथे तर संकटच पाठीशी उभे आहे. भाव बघा चेहऱ्यावरचे.,fear
शिल्लक शेणीकानो जास्त खुश होऊ ना.. भविष्य ऋतुजा लटके सुद्धा शिंदे गटातच सामील होणार..,neutral
गावात नाही शाळा पण आहेत दोन आणि म्हणे लोकभीमुख़,neutral
ते पुण्यात जे पाणी साठले त्यावरून लक्ष हटवण्यासाठी हा सगळा उपद्व्याप! जनता सुज्ञ आहे!,angry
तुझा नशीबी ते पण नाही,sad
"जमाव सापाला ठेचणार होता, पाप लागेल म्हणत साधूनं वाचवलं; पण एक चूक महागात पडली",sad
सांग सांग भोलानाथ सहानुभूती मिळेल का. मतदार राजा कीव येऊन भीक देईल का?,neutral
लटके ताईंच्या विरुद्ध कट कारस्थान झाली तेव्हा कुठे होती ही भूमिका ?,angry
"देशात बेरोजगारी नाही आहे , देशात रोजगार कमी झालेत. - निर्मला आत्या",neutral
तूझ्या मताला शून्य किंमत आहे...तुमची तेवढी लायकी पण नाही..,angry
आकडे देऊन ही पुढे आहे. बसा खाली..,angry
आज मी आंधळा आणि बहिरा दोन्हीही आहे,sad
महाराजांच्या प्रतिकाला गद्दार म्हणनारेच गद्दार आहेत..,angry
सगळे पुरुष इतके आळशी का असतात.. संशोधनाचा विषय आहे,angry
शुद्ध भूतीयागिरी आहे ही,angry
महाराष्ट्राची संस्कृती राखत चांगल्या निर्णयाला टोमणा मारून दूषण लावणं ही कोणाची संस्कृती?,angry
इतिहास आणि भूगोल दोन्ही कच्चा आहे शरद सेनेचा.,angry
तुझी लायकी किती आहे नेमकी? आहे असं वाटतंय का तुला?,angry
आणि येड्या गज्जू ला काय पाहिजेफक्त चमकोगिरी,angry
आज बाळासाहेबांना खूप दुःख होत असेल,sad
"खासकरून टिव्ही मराठी, एनसीपी माझा आणि भोकमत",neutral
: रास गरबा खेळत असताना अचानक थांबले अन् खाली कोसळले; कुटुंबीयांसमोरच आला मृत्यू,sad
प्रेम म्हणजे... घरचं खायचं आणि दुसर्यासाठी झुरायचं... काय गरज आहे भेंडी...,angry
तेथे मंगळसूत्र चोरीच्या चार गुन्हा दाखल झालेत असं ऐकीवात आहे.,neutral
बरोबर आहे पण ही अक्कल तुम्ही फक्त हिंदू सणांच्या वेळीच शिकवता...,angry
गद्दारी दोघांच्यात आहे पुढच्या पिढी ला तुमची नक्कीच लाज वाटणार,angry
इमरजंसी ला तेव्हा तुम्ही पाठिंबा दिला होता पण जनता विरोधात होती....,angry
मधे सर्च करा फेकू ऑफ इइण्डिया कोण आहे तो,angry
तुम्ही कुठल्यातरी अज्ञात भितीने पायचाटे पणा सुरु केलात. हे जाणवतं !,fear
हे खरं आहे का? कसा विश्वास ठेवायचा?,happy
हा हा. तुमच्यात थेट बलात्कार्यांनाच घेत असाल,angry
खिक आणि डझन भर बैल नाराज आहेत तुमच्या गोट्यात ले,neutral
किती हा तडफडाट ! समोरासमोर एकदाचर्चा करा अंधारे यांच्या! अंधारी नक्कीच येईल गद्दार सेनेच्या!,angry
"ते मोठे (?) आहेत, त्यांचा कामं माझ्यापेक्षा मोठं (?) आहे, हे वाक्य खटकलं मला.",angry
जे करु नये असे वटते नेमके तेच करतात,angry
वंचित हे जागा निवडून येण्या पासून नेहमी वंचित राहील.,sad
यांचे कार्यकर्ते पण दुसऱ्यांच्या वरातीमध्ये नाचणारे.... व्यक्तीने आशावादी असावं पण आवाक्याच्या बाहेर नाही,neutral
भोसडीच्या तुझ्या फायद्याचा विषय आहे लका,angry
संत तुकडोजी महाराज पुण्यतिथी निमित्त त्यांना त्रिवार अभिवादन कोटी कोटी प्रणाम,happy
सिंधुदुर्ग रेल्वे स्टेशनं पूर्ण अंधारात का आहे मागील तास पासून,happy
हा टॅग वापराचा होता चुकुन हा टॅग आला....,neutral
तुम्ही काय विज्ञानासाठी गेला होता का शिवसेनेत व नंतर शिंदे गटात?,neutral
पूजा केली नसेल म्हणून ही नामुष्की झालेली दिसत आहे.....,angry
"देवेंद्रजी संजय राऊत वर प्रतिक्रिया देत नव्हते, तर ही कोण आहे हिला घाबरायला....",neutral
शाळेचे मॉनिटर तरी हुशार असतात ह्यांच्यापेक्षा,angry
हा बघा आणखी एक भाजप च पाळलेले कूकु,angry
साहेब आपलं कर्तुत्व काय आहे आणि आपण कोणाविषयी बोलतो याच भान ठेवा,angry
अजिबात नाही.... कदाचित पाकिटे वाढली असतील,neutral
या चार महिन्यात यांनी स्वःच पॉलिटिकल खूप कमी करून घेतल आहे .,sad
येडझव्या आतल्या तुजी लायकी तर आहे का रे उद्धव साहेबांवर बोलायची,angry
"ताजमहाल हे क्रौर्य, लुटमार, लूट आणि वासनेचे प्रतीक आहे.",angry
अतिवृष्टीने नुकसान झालेल्या शेतकऱ्याच्या चिमुकल्याची ही व्यथा...,sad
हिन्दी ही रंडीबाजांची भाषा आहे.,angry
"अहो पोंक्षे काका, नट म्हणून तुम्ही भिकरडे आहातच पण माणूस म्हणून ही नीच आहात.",angry
हा आईच दुध विकुन गद्दारी करणारा राजीनामा कधी देणार ते विचार ..…,angry
आज भाजपने गोपालभाईंना अटक केली.,neutral
हे बघा. तुमच्या मतदारानविरुद्ध कट शिजतोय काहीतरी.,fear
खरच दादा त्याना उपकाराची जानिव नाही जळतात हिन्दु स्त्रीया बाबासाहेबांन.वर,angry
"पंढरपुर,कोल्हापुर दक्षिण,आणि देगलुर विधानसभेच्या पोटनिवडणुकीत कुठे गेली होती जनभावना,परंपरा आणि सकारात्मक राजकारण??",angry
नीच विचारधारा कोणती आहे हे संपूर्ण महाराष्ट्र जनतेय,angry
कोणते बाळासाहेब बाळासाहेब थोरात की विखे? ठाकरे लावल्या शिवाय कोणी पण ओळकत नाही गद्दाराच्या गटाला...,angry
दुर्दैव हे आहे की मीडिया एकतर्फी बातम्या चालवत आहे,sad
आणि हा भारतीय क्रिकेट बोर्डाचा सचिव आहे म्हणे,angry
पण तुझी लायकी सर्वांना कळली! तू राऊत आहेस नाम ही काफी है!,angry
खरच मराठा आहे का ते आईला विचारुन या तानाजी सावंत पन्नास खोकेवाला संत्री,angry
तो वाकड्या आहे जातीवाद हे शेवटचे अस्त्र आहे त्यांचं,angry
"मोदी च्या बोलण्या अगोदर ,अन्धभक्त आहे की? ,",neutral
त्यांचं अस आहे धड एकडे नाहीं धड तिकड नाही. नुसती भेळ स्वतःचा खेळ,angry
नंतर कंपन्यांनी बोनस चे घोडेच लावले आहेत,neutral
जप करत बसा सरकार कोसळेल म्हणून सध्या एवढेच काम आहे,neutral
"कार्यकर्त्यांच पण आपल्या नेत्यासारख हाय वाटतंय,यांचा पण दिवस दुपारी एक वाजता चालू होतो काय?",neutral
ह्या डोसने वागळेचा लंपी सुद्धा ठीक होईल लई बोंबलत होता,angry
तू नीट बोल...हिजडा तुझ्या घरी तेच बोलतो का...,angry
मूव्ही पण हि नवी कर्टी पहिल्यांदा पाहत आहेत,neutral
बंदे मार भक्तांच काय खरं नाय भो मरत्या आता,angry
बाप रे असे नेते आहेत का सुपारी सेने मध्ये,angry
आताच्या विकलेल्या आणि शोधपत्रकारिता विसरलेल्या पत्रकारांनी आदर्श नक्की घ्यावा,angry
राजीनामा मागणे याला दबाव म्हणतात.... राजीनामा देऊ नये हा पण दबाव....?,neutral
दिवाळी आलीये राडा तर होणार बघ,happy
देशातली प्रत्येक नागरिकाच्या हिश्य्याचे लाख म्हणून ही रक्कम बाजूला ठेवली असेल मुडदोजी नं,neutral
मूर्ख आणि बेशरम लोक आहेत ही!!!,angry
राजकारण आणि सत्ता यासाठी लोक काहीही करू शकता याच् जिवंत उदाहरण आहे हे,angry
सगले पैसे तर ह्याणा शिवसेनिक विकत ग्यायला खर्च होत आहेत शिवटी फायदा कहीं नाही,angry
बालिश बहु बायकात बडबडला.. असे काही वरील विधान आहे..,neutral
भाजप सोबत आहे ही बाई. किती वेळा तोंडावर पडणार अंधभक्त,angry
हा हरामी पत्रकार प्रसन्न जोशी मिंदे गटाकडून विकला गेला आहे,angry
"तुला काय माहित निष्ठा म्हणजे काय, तु अंधभक्ता, विष्ठा चाट.",angry
माघार नका घेऊ नाही तर तुम्ही हार मान्य केली असा स॑देश जाईल.,fear
नोटबंदी हा शतकातला नव्हे तर सहस्त्रकातला सर्वात मोठ्ठा भ्रष्टाचार आहे……,angry
शीतल ही परजीवी वनस्पती आहे त्यामुळे ती शिंदे गटात गेली ..,angry
"हे लोक राजमुद्रेचा पण मन ठेवत नाहीत, बदनाम कोण होत? राज ठाकरे..",angry
तुम्ही तर पकिस्तनी....आमच्याकडे कश्याला नाक खुपसता,angry
बाळासाहेबांच्या नावाची ढाल करून मागून भाजपची तलवार चालवणारे गद्दार गट !!,angry
घरातील तर माहीत नाही...पण लोक नक्कीच तुमच्या मागे आग लावणार,fear
हा निर्णय चुकीचा... अपक्ष लढायलाच हवे होते...,sad
हिच पण अकाउंट सस्पेंड होणार आहे...... शेणाली,angry
"ऐक मोठी गैरसमज भाजप चे ""मि पुन्हा येईन"" कदापी शक्य नाही !!!",angry
फार छान जोक करतात ही मंडळी लोकांना मूर्ख समजतात आणि काकीही सांगतात आंध भक्त,angry
शाळेतच ही सुरुवात असेल तर कसं उज्ज्वल भविष्य असेल या मुलांचं याची कल्पनाही करवत नाही,sad
"थोडक्यात ""येडझवे"" लिहून मोकळं व्हायचं आहे का तुला..?",angry
बावळट आहे असे वाटते,angry
त्यात पण पवार साहेब कारणीभुत आहे असे म्हणतील हे भक्ताड,angry
गज्या हा गाढवातला ग आहे,angry
कोण ते पण सांगा आधीच नाही तर आदित्य आणी तेजस भांडत बसतील,neutral
पणजोबांचा असा अपमान राहुल गांधीच करू शकतात,angry
सकाळी सकाळी हेलिकॉप्टर एवढ्या खालून नको उडवत जाऊस..झोप मोड होते,neutral
बेंजामिन तात्यांची होस्टिंग केली...पण काय बोलत होते समजतेच नव्हते..,happy
"पासून मोदी सत्तेत आहेत, का नाही केली चौकशी?",angry
लवंडेला बघून जी तीव्र सणक डोक्यात जात होती ती आता अंधारेला बघून जाते.,angry
सगळं ठरवून ही सगळे प्रयत्न करूनही काहीच साध्य होतं नाही याला नशीब म्हणावं का?,sad
ट्विटर वर किती बेवडे आहेत हे आज कळालं,angry
"मुंबई महानगरपालिका जिंकण्यासाठी किती तो भामटे पणा...!! पंढरपूर,कोल्हापूर,खडकवासला, देगलूर तेव्हा कुठे गेली होती संस्कृती...!",angry
अनाजी पंता ना अजून शंभर वेळा हत्ती पायी द्या.आम्हाला काही फरक पडत नाही.,angry
"हे आता अतीच झालय,ताई तुमचं",angry
बाकीचे नेते काय करतात ? कित्येक लोकांना यात्रे विषयी अजून माहिती नाही,neutral
आमदार संजय शिरसाठ यांना हृदयविकाराचा झटका आला आहे.,neutral
निवारण झालेल्या तक्रारीचा फोटो परत का पाठवता,neutral
नाही ती बारकी कोंबडी होती,neutral
"खडकवासला, पंढरपूर, कोल्हापूर, देगलूर पोटनिवडणुकात कुठे गेली होती तुमची महान संस्कृती??",angry
ह्याच्या पेक्षा काँग्रेस पक्षालाला मतं देतील की लोक! सगळं तर काँग्रेसचे अनुकरण करत आहेत.,angry
नाय खात रे पण खाणाऱ्यांका अडवत नाय ह्या वैशिष्ट्य हा माझा,angry
खूप उशीर झाला..लवकर जायला पाहिजे होत..,sad
त्यांना येतं का खुलासे करता फक्त कॉंग्रेसवर-विरोधकांवर आरोप करणे यावर राज्य करणे चालू आहे.,angry
अल्पसंख्याकाना करण्याशिवाय काय काम आहे या लोकांकडे?,angry
कोणीतरी डेयवझा शरीफ ने खाऊन टाकलेल्या बिर्याणीची हाडकं चघळायला गेला होता.,angry
बायको तरी सांभाळता ते... ज्याच्या बुडात दम नाही ते पळून जातो फेकू सारखं....,angry
गप येडझव्या.... तुझी लायकी शेतात बुजगावणे समजून उबा करायची पण नाही....,angry
पुण्यात सुद्धा भास्कर जाधव वर गुन्हा दाखल झाला... ब्रेकिंग,happy
देशाची अधोगती होत नसून आपली प्रगती होत नाहीय,sad
तुमचा सत्तेचा माज उतरवला आहे,happy
बेक्कार होतं हे,angry
गरिबीला विसरू नका आणि श्रीमंतीचा ही माज येऊ देऊ नका - आदरणीय श्री.बाळासाहेब ठाकरे,happy
"भक्ताड अंधारात चाटून साफ करतात त्यामुळे त्यांना बाहेर पण पडावं लागत नसणार,",angry
आणि तुम्ही पोटली बिर्याणी खात बसला.... हे बरोबर नाही अध्यक्ष महोदय.....,angry
सुप्रीम कोर्टाच्या एका निर्णयामुळे पुढच्या सगळ्या बेकायदेशीर निर्णय होत आहेत.,angry
जनतेला उल्लू बनवयची नाटकं आहेत हे सर्व,angry
राणे पणवती पुन्हा एकदा सिद्ध.... प्रचाराला आला आणि निवडणुकीतून माघार घ्यावी लागली....,sad
काम मिळेना मग करा फालतू वक्तव्य म्हणजे चर्चेत राहता येत,angry
याच्या पायाखालची वाळू सरकली आहे आता म्हणून काहीही बरळत आहेत,angry
आला का तुझ्या लायकीवर,angry
जनतेला व्यवस्थित समजलं आहे दोन चार वडापाव म्हणजे जनता होत नाही ब्लॉकमास्टर,angry
आम्ही अंडभक्तांना देत नाही ते स्वतःच खाज उन घेतात,angry
हे सांगणारा तु कोण रे ....,angry
ते गडदरांना हरावयच आहे असच म्हणतील,neutral
"पहले वागळे ची चौकशी करा, यानं लई पाकिटं खाल्लेत असा संशय आहे.",angry
ताप (फ्लू) आणि करोना संसर्गाच्या रुग्णांची संख्या मुंबईत काही ठिकाणी पुन्हा,fear
"कुठल्या जगात राहता , जमिनीवर या ।",angry
ढाल घेऊन हिंडणारे सगळेच योद्धे नसतात काही गद्दार पण असतात.,angry
उद्धव यांची राजकीय खेळी संपवण्यासाठी असीम सरोदे आणि उल्हास बापट यांनी सुपारी घेतली आहे.,angry
हे सगळीकडे गांड देत फिरतात आयघाले,angry
तिचा हा व्हिडिओ बघून डोक्यात झननन् होतय,angry
"राज साहेबांनी कुणाला लावारिस म्हंटले आहे ,हे अगोदर स्पष्ट कर,",angry
पवार साहेबांनी पण सुपारी घेतली अस म्हणायचं आहे का ??,angry
आठवतेय का?.....परत बेवड्यांच हातात नाही राज्यकारभार दिलाय म्हणा..,angry
हि मशाल आईस्क्रिम समजुन तोंडात घेतली आणि,neutral
हा चा शब्दछल आहे . याला कोणीही विनंती केलेली नसणार....,neutral
कसं सुचतं म्हणजे काय.. वडापावची करणी आणि नारळात धबधब्या एवढं पाणी,happy
हिंदी सिनेमांच्या अपयशामुळे ढासळत आहे देशाची अर्थव्यवस्था? रकुल प्रीत सिंगच्या वक्तव्यामुळे सर्वत्र खळबळ,happy
जगात फक्त रोहित बापट यांनाच अक्कल आहे.,happy
मराठी ब्रेन च्या गाड़ीत दम नाहीय म्हणून तू आला,angry
"नमस्कार, आपण पाहत अहात महाराष्ट्र देशा आणि बातमी येतेय बिहार मधून......",neutral
कोणाची सेवा आणि कोणाचा विकास अदानी आणि अंबानी का?,angry
याची सांगता कधी होणार आहेत......हाकला राव त्याला एकदाच.,angry
लिपस्टिक? निषेध! साहेब आपले आधारवड आहेत.,angry
असले पळपूटे आहेत. काय अपेक्षा करणार ह्यांच्याकडून. हे विरोधी पक्षातच बरे आहेत.,angry
बाकी जाऊ दे संपादकाचे अक्षर किती भंगार आहे,neutral
"ही इंग्रज्यांचे बगलबच्चे होता, आहे आणि राहणार..",angry
.... काका आता मेलात तरी चालेल...,angry
आता महाराष्ट्रात पण वंदे वंदे म्हशीने ठोकर मारल्यावर होणार वांदे.,neutral
हा खाल्या मीठाला जागणारा नाही तर जातीला कोठून जागणार .....,angry
धर्मो रक्षित वाला तर घायाळ होईल..,sad
उपकार करतो का मस्तीत नाही बोलायचं आधीच,angry
"पत्रकार जाहीर बोलत नाही, कदाचित महाशक्ती च्या दबावापोटी",neutral
"ज्या लोकांनी निर्णय घेतलाय बंद करायच्या शाळा..पोरांनो, त्यांचे पुतळे करून जाळा..",angry
तुझ्या बापाने होता तो पक्ष विकून टाकला आणि सोबत तुम्हाला पण,angry
बाळासाहेब थोरात त्यांची शिवसेना का ?स्वताच्या बापाचं नाव ठेवायला लाज वाटली होती का ?,angry
तो काय स्वाभिमान पक्ष आहे का आज काढला आणि उद्या बंध व्हायला,angry
तिला भांडण बघण्यात मज्जा येते म्हणून बघते,neutral
ते सभ्यतेसाठी हे बकचोदी करायला,angry
": महागाईचा भडका; सीएनजी, पीएनजीच्या किमतीत होणार वाढ",sad
मुस्लिम मतासाठी हे नालायक लोकं कुठच्याही थराला जातील,angry
आता घरातच बसायचं आहे तर कशाला फालतू चौकश्या,neutral
"घरावर झालेल्या हल्ल्यानंतर भास्कर जाधवांचे फडणवीसांवर गंभीर आरोप; म्हणाले, “गृहमंत्र्यांकडून आदेश….”",angry
नाव माहीत असून सुद्धा पण काहीजण वोडाफोनचा कुत्राचं म्हणतात....,angry
रावण तरी बरा होता त्याने खोके घेऊन कैलाश मागितला नाही...,angry
पळपुटे राजे आणि मुर्ख भोंदू धर्म तज्ञ ह्यामुळे आपल्या देशात बरेच नुकसान झाले,angry
म्हणजे एकनाथ शिंदे महाराष्ट्राचा उत्कर्ष करत नाहीत का? त्यांच्याकडे ती क्षमता नाही का?,neutral
त्या डांबिस पंता पेक्षा हे सच्चे विरोधक परवडले,angry
जनतेवर संकट आल्यावर भाजपवाले कसे जबाबदारी झटकून पळ काढतात याचे हे आणखी एक उदाहरण….,angry
"माजले हे, यांना हुसकवा आता",angry
"“भारतीय संघ पाकिस्तानात आला नाही, तर आम्ही…”, जय शाहांच्या ‘त्या’ भूमिकेनंतर पाकिस्ताननं दिला इशारा!",angry
"महाराष्टात सत्ता असूनही आपल्या पोलिसांवर विश्वास नाही, भगवान आपको सुद्बुद्धी दे",sad
हे नवीन रानटी आहेत...,angry
हम्म... घेतली असेल तुम्ही म्हणून कळत नाहीय तुम्हाला कोण काय बोलतंय ते,angry
स्वतः केलेल्या चुकांवर पांघरूण घालायचं हीच तर खासियत आहे भक्तांची....,angry
अंधेरीत हाताच्या लांबी एवढे पदाधिकारी तरी आहेत का बघ आधी...,neutral
अरे उषःकाल झाल्यावर कोण मशाली पेटवत? सगळाच अंधार आहे ह्यांच्याकडे,angry
"काँमरेड,लिम्ब्रान्डू,सेक्यूलर,निळे,हिरवे सर्वंच अँक्टीव्ह झालेत..नक्कीच आधारवडाचाच नियोजीत प्लँन आहे हा... नाना,नरके,संग्राम,छातीतील कळवाला,अजून बरेच ??????",angry
ज्या ताटात खाल्लं त्याच्यात थुंकले नाहीतर हागले हे नालायक,angry
मध्य प्रदेशातील खरगोनमध्ये रामनवमीच्या दिवशी मोठा हिंसाचार उसळला होता.,fear
लहान बाळाला सुद्धा कळतं पण अजून गद्दाराना कळतं नाही,angry
अरे प्रश्नन टरबूजला विचार ना? तो भीक घालत नसेल तर आम्ही ही घनलार नाही,neutral
"त्याच्या साठी नाहीच ते, लग्न करायच्या वयात आता असणार का",neutral
भाजप नेते काय उड्या मारतो होते . आता काढला पळ,angry
"इतिहासातच रहा तुम्ही, वर्तमान घडवायची कुवत नाही तुमच्यात.",angry
माणुस किती फालतू आहेस.. त्याच हे उत्तम उदाहरणं# पाकीट पत्रकार,angry
काथे डी पी बदलाना.... तुम्ही भक्त म्हणून शोभत नाही त्यामुळे...,angry
"हो रे, नानाच्या अविर्भावाचा आणि ओव्हर ॲक्टिंगचा कंटाळा येतो, स्वप्रेमात भान राहात नाही.",sad
या कांदा खात नाही पण डोक्यात कांदे भरलेले आहे का....!,angry
देवेंद्र फडणवीस यांनी कंडोम बनवायचा मोठा प्रकल्प महाराष्ट्रात आणावा म्हणजे मोदी मारतोय जनतेची चांगली,angry
अंबानी अदानी च्या घरी भांडे घासून देश भिकाला लावण्यापेक्षा हे बर,angry
अशी लाचार पत्रकारीता करण्यापेक्षा उपाशी राहिलेलं बरं..,angry
"आपली नाटकं कोणीच पहात नाही असं वाटतयं का, वाघ समजणार्या बोक्याला ?",angry
बी ग्रेडी लोकांच्या नादी लागले की काय होणार दुसरं,angry
जेवढ तिच बोलण होत त्याच्या दस पट हे खतरनाक आहे,fear
अहो तुमची इच्छा असेल पण आमची इच्छा मुळीच नाही,neutral
"बेकारीत दिवस जात आहेत, व्हॉट्सअॅपवर ज्ञान शेअर करणे.",sad
मी फोन नंबर अपडेट करून वर्ष झालीत परंतु अजून सुद्धा जुनाच नंबर दिसतोय,neutral
त्याच्या घरी पठाण येऊन गेला असेल त्यामुळेच समाजात अशी विकृती पैदा होत आहे,angry
ही बादली भंगारात जाणार आहे च्या निकालात,neutral
दयानंद बुधवार पेठेतील दलाल आहे का? म्हणजे साहेबांचा जुना,angry
"""कायदा माझ्या बापानं लिहिलाय, त्यामुळे मी त्याचा आदर करणार""",happy
आशा लोकांना जनता माफ करणार नाही जय शिवसेना ऊद्धव बाळासाहेब ठाकरे,angry
अभिव्यक्ती स्वातंत्र्य म्हणजे बंगल्यात नेउन मारणे,angry
. नेच पहिल्यांदा ही खोट्या बातम्या पसरवली होती.,neutral
"रुकमे कुटुंबीयांना या दुःखातून सावरण्याची शक्ती श्री सिद्धेश्वर देवो, ही प्रार्थना!",sad
लोकमत वाले मूर्ख आहेत कोणालाही अवार्ड वाटतं फिरतात,angry
भारतीय रुपयाची किंमत कमी होत असताना वित्तमंत्री निर्मला सितारामन यांचं विवादित विधान.,angry
खरं तर यासाठी यायला हवे होते पण खोक्यासाठी आले दुर्दैव....,sad
भविष्यात कधी राष्ट्रवादी फुटली तर सगळ्यात पाहिले बाहेर पडणारे हे धनु भाऊ च असणार,angry
कसलं जशास तसं उत्तर देणार रे महाराष्ट्रद्रोहया? महाराष्ट्राचं नुकसान झालेलं चांगलं वाटतं का ?,angry
"भुजबळ ,खुद्दार आहेत असं उद्धवजी म्हणतात बाळासाहेब यांना अटक करण्यात आली होती याचा विसर",angry
गटर आणि शौचालय याशिवाय दुसरं काही सुचतं का.. शौचालय पुत्र,angry
कितीही पोल घ्या. तुम्हाला अपेक्षित निकाल येणार नाही. कायम तोंडावर आपटणार,angry
"बलात्कार करणारे भाजप मध्ये प्रवेश करत आहेत , आपण आसल्या पक्षातून बाहेर का पडत नाही,",angry
तरी पण बेचाऱ्यां आतमध्येच राहावा लागेल,sad
"मनीषाताई आजच हरल्यासारख्या बोलत आहेत, कदाचित उद्याचा झटका थोडा सौम्य लागावा म्हणून ही तयारी.",fear
महाराजाण्च्या नावाचा एकेरी उल्लेख हा गुन्हा आहे,angry
मग मागील काही वर्षे बीजेपी मुबईला जास्त पाऊस झाल्यावर शिवसेनेला का दोष द्यायची,angry
जनता पण आक्रमक भ्रष्ट्राचार नाही चालणार नाही चालणार,angry
सर एक तुम्ही पण करून घ्या,neutral
महाराष्ट्राची शोधयात्रा आडवाटेवरची वारसास्थळे हे उपलब्ध आहे :),neutral
"औरंगाबाद मध्ये खूप मंत्री आहेत असे ऐकले तरी औरंगाबाद चा ""विकास"" झाला का?",angry
निखिल जी शेवटचा काही भाग ऐकू येत नव्हता कृपया तो पुन्हा प्रक्षेपित करावा!!,neutral
हिंदु धर्म नाही तर जीवन जगण्याची शैली आहे - श्रीमद्भगवद्गीता,neutral
एवढ्यासाठीच केला होता अट्टाहास,angry
"""औरंगजेब परवडला, पण संभाजी महाराजांची स्वारी परवडणार नाही."" -:पोर्तुगीज व्हाईसरॉय",angry
आपण सर्वांनी आपल्या कुलदेवता चे दर्शन घेतले पाहिजे जय हो,happy
"परीक्षेचा निकाल जाहीर, असा पाहा तुमचा निकाल",neutral
त्या विक्रम ला पण त्या वेताळ ने इतकं छळ ल नसेल,sad
मी कोकणात आहे हा इशारा कुणाला तरी देण्यासाठी लेखकाने हे ट्विट केलंय,neutral
फक्त ट्विट करून सोडता की खालच्या कमेंट्स पण वाचता?,neutral
"म्हणाला का, हातभार म्हणजे",neutral
"कुळकर्णी, कधी पुणेरी पगडी पाहिली नाही का? मुंडासे? कोल्हापुरी फेटा?",neutral
आता कस मनातलं बोलला बघा...!,neutral
म्हणजे लोक तुमचा घरचेच आहेत.लोकांना निर्णय घेऊ दया ना.,neutral
बदलला बस नाही का??,neutral
आणि न्यूज वाले आहेत लोकमत,neutral
अंधेरीत मागे का घेतली ते सांगा बाकीचं काय ऐकत नाही,angry
आपले श्रदधेय दिघेचे नाव् का नाही घेतले?,angry
सुरक्षा दलांवर झालेल्या चौकशीच काय झालं ? हल्ल्याच प्लॅनिंग कोणी केलं होत ?,angry
आदित्य हा लोक नेते आहेत... दादरचे,happy
हे सुचत कुठून ..,neutral
पक्ष मुळात काँग्रेसची टीम होता..आणीबाणीला पाठिंबा देणारा,neutral
"हळूहळू सगळे येतील. साहेब पालघर,डहाणूला भेट द्या ही विनंती.",neutral
हा असा आमचा काळ होता आत्ताची मुले असे नाहीत,sad
या कार्यक्रमा संदर्भात वर्तमानपत्रांमध्ये प्रसिद्ध झालेल्या बातम्या.,neutral
हा..... माहित आहे,neutral
बघू ठेवायचा का नाही ते,neutral
आणि या सगळ्यात या पाळीव पाकीट कुत्रकारांचा बंदोबस्त का नाही करत?,angry
येस .तेच येताय सारखा मनात .म्हणजे यांचा पक्ष वेगळा जाला का,neutral
आपली तक्रार संबंधित अधिकाऱ्यांपर्यंत पोहोचविण्यात आली आहे.,neutral
मलाही तेच वाटतं पण ढाल तलवार दिले जाण्याची शक्यता अधिक वाटते आहे,fear
मोदी सत्तेत आल्यापासून किती महिलांना न्याय दिले त्याची काही पोच पावती द्याल का?,angry
निवडनुकीची तयारी करत आहेत वेळ भेटला तर बोलतील पण वेळ भेटेल असे वाटत नाही,neutral
"पत्र कोणीतरी लिहून दिलं म्हणे, खर हाय का?",neutral
तुम्ही मनातल बोलताय...लोकशाहीर आण्णाभाऊ साठे काय बोलले होते संसदेला हेही आठवा...,happy
"आधि एकनाथ शिंदे,फडणवीस,नारायण राणे,राज ठाकरे,किरीट सोमैया, शाह आणि नड्डा ची ही संपत्तीची चौकशी झाली पाहिजे.",angry
तुम्ही आणणार का..?,neutral
दोन तासांचं लोडशेडिंग सुरू केलं का नागपुरात,angry
हे अनुज पाठकला समजवा आधी आणि राहूल खानला सुद्धा.,neutral
लका तु मराठी आहे का बिहारी,neutral
शिवसेना संपवण्याचा हा डाव ओळखा,angry
"हा काही शेवट चां मुख्य न्यायाधीश नाही, यांच्या नंतर पण कोणी तरी येईल ना",neutral
दुसरी काम ..आता उद्या पासून,neutral
खरेच पाठवावे असे वाटते,neutral
आपल्या सर्वांसाठीच आहे..,neutral
फवार आहे ‌का,neutral
नशीब रावण मानता पण तुमच्या मॅडम प्रभू श्री रामांना काल्पनिक मानतात,happy
"घणाघात नाही, रडगाण म्हणतात याला. मर्द असे रडत नाहीत. चूप चाप घाव करतात",angry
:’या’ मल्टीबॅगर स्टॉकने तीन आठवड्यात लाखाचे लाख केले!,happy
हेच ऐकायचं होत मला,happy
तीच माझी सोनपापडी आहे...,happy
"का कमळ फुलवणारी , तलवारी परजणारी ठरेल?",neutral
महाराष्ट्रप्रेमी आणि देशप्रेमी जनतेचं प्रेम आहे ते. सहानुभूती शब्द अयोग्य आहे,neutral
आमच्या महेश समोर हे सगळं अतिसामान्य...,neutral
हेच का ते,neutral
हे खोटे आहे,neutral
साहेब फक्त एकच होते आहे आणि राहतील ते म्हणजे बाबासाहेब आंबेडकर,happy
तात्या शेजारी दिसत नाही का तुला,neutral
बोला साहेब हे काय होतंय आपल्या राज्यात,angry
"पूजा सावंतची इन्स्टाग्राम पोस्ट होतेय व्हायरल, तुम्ही पाहिलत का?",neutral
"अमेरिकेत एका शेतकऱ्यानं एका कोंबड्याची मान कापली, पण तो कोंबडा मेलाच नाही.",happy
राज ठाकरे देखील वारंवार हेच सांगत होते,neutral
हे व्यवसायिक होते व्यक्तिगत असते तर मी पण तेच करतो,neutral
आबाबाबाब म्हणजे गपचूप असला खेळ चालू हाय का भया,happy
अरे पण पैसे घ्या फुकटात नको द्या.,neutral
हे आता उद्धव साहेबांच्या विचाराने चालतात बाळासाहेबांचे विचार आता लागू होत नाहीत यांना,neutral
"म्हणून म्हणतो दादा, आता लग्नच हा अखेरचा पर्याय आहे.",neutral
अगदी बरोबर आहे..,happy
या बाबी सुधारण्यासाठी मिडीयाची मोठी जबाबदारी आहे ती म्हणजे निष्पक्ष राहणे....!,neutral
तुम्ही लहानपणी देवीची लस घेतली होती.,neutral
"लोकांनी नातेसंबंध मिरवण्यापेक्षा त्या नात्याचा आनंद, जबाबदाऱ्या घेत जगायला शिकलं पाहिजे.",neutral
वैभू दिवाळीची खरेदी केली का,neutral
शिवभोजन योजनेची चौकशी होणार! योजना बंद होणार नाही!!!,happy
"पुरूषांबद्दल काय वाट्टेल ते बोललं जातच आहे , ह्याला आता चाप बसावा असे वाटते.",angry
लाळ माझा संज्या च्या भाषेबद्दल फावड्याला जाब विचारायला गेला होतात का,neutral
तुला लॉजिक समजलं म्हणून तर तू ते उत्तर दिलं नाहीस,neutral
अय! ते माझ चिन्ह आहे,angry
बाळासाहेब थोरात का उदय राव,neutral
राजकीय विश्लेषक उत्तर महाराष्ट्रातील मोठे नेतृत्व म्हणून अमोल सरांची ओळख आहे.,happy
सर्वसामान्यांनो तयार रहा! आता दुधाची होणार एवढी दरवाढ,happy
आंध्र प्रदेश तेलंगना केरळ कर्नाटक तामिळनाडू या सर्व राज्यात भरपूर यश मिळेल,happy
आगामी स्थानिक निवडणुका ह्या युती करून लढवल्या जातील – नाम. दीपक केसरकर,neutral
"भिक्षा घेऊन जा, झोळी पुढे कर, पॉट भरुन खा",neutral
जाधव साहेब दोघांची दुखणी वेगवेगळी आहेत. हे लक्षात घ्या.,neutral
ऋतुजा लटकेंसमोर भाजपच्या माघारीचे ‘हे’ आहेत अर्थ,neutral
आम्हाला असा काही अनुभव नाही घेण्याचा आम्ही कधी घेतलं नाही किती घ्यावं लागतं ते.,neutral
पण कोण आहे ना हा,neutral
यांच तोंड का आवरलं नाही.,angry
पण कोणती?,neutral
पीएफआय या संघटनेवर सरकारने बंदी का घातली? ही आहेत प्रमुख कारणे...,neutral
वागळे यांचे शत्रू संघ आणि ब्राम्हण आहेत.,angry
वस्ताद सगळे डाव शिकवतो पण एक डाव कायम राखून ठेवतो...,neutral
कोणत्याही नेत्याचे निधन झाल्यानंतर त्याच्या विरोधात उमेदवार देऊ नये हे तुम्हाला योग्य वाटतं का?,neutral
नाना पाटेकर पोक्त आजोबा आहेत,happy
कोल्हापूर पोटनिडणुकी वेळी संस्कृती सुट्टीवर होती..,neutral
मतं आहेत का त्यांची,neutral
मर्यादा आहेत हे आधी धरवले पाहिजे...,neutral
हे नक्की जन्माने हिंदूच आहेत का?????,angry
आसा प्रयत्न अगोदर सुद्धा झाला आहे. ही मोदींची गुजरात मुख्यमंत्री असतानाची स्टाईल आहे.,neutral
"पाच वर्षांत फडणवीस पण मुख्यमंती होते , कोण आहेत ते ट्विट करणारे ?",neutral
मी ईटली जिल्ह्यात सहभागी होण्याचा विचार करतोय....,neutral
"विदर्भामध्ये संतरगुल्या हा शब्द खूप प्रसिद्ध आहे.,.. या आमदाराचाही असंच काही झालेला आहे.",neutral
"न्याय देवतेने मोटा भाई ला तडीपार केला होता, त्यामुळे विश्वास आहे",happy
माझं हे ट्विट तुझ्यासारख्या अंध लोकांचे डोळे उघडण्यासाठी..,angry
| ‘ब्रह्मास्त्र’ चित्रपट या प्लेटफॉर्मवर रिलीज होणार,neutral
कोणाची स्टोरी म्हण्याची ही,neutral
आम्हाला माहिती दिल्याबद्दल धन्यवाद. आम्ही आपली तक्रार संबंधित विभागाला कळविली आहे.,neutral
डिशेमबर पर्यंत हा असाच पाऊस पडणार हाय का?,happy
"पीएफआयच्या व्हॉट्सअॅप ग्रुपचा अॅडमिन पाकिस्तानी, सिमीच्या धर्तीवर काम; एटीएसच्या चौकशीत माहिती उघड",angry
आता ठरलंय! उद्धव ठाकरेंच्या मशालीला रोखण्यासाठी शिंदेंची ढाल-तलवार सज्ज,neutral
लोकहितवादी सरकार सरकार जनतेचे निर्णय लोकहिताचे,happy
महाराष्ट्राची परंपरा कायम राखण्याचे काम भाजपाने केलंय'; एकनाथ शिंदे यांची प्रतिक्रिया,happy
म्हणजे देवेंद्र फडणवीस व्हिजनरी नेता आहे असं म्हणायचं का? फडणवीस ने हे केलंय....,happy
आत्ता अरविंद दातार हे निवडणूक आयोगाचे वकील आहेत.,neutral
अरे पण तू कुठं होता इतके दिवस,happy
: ढगफुटीसारखा पाऊस का कोसळतोय? त्यामागे काय कारण?,neutral
तेच तर विसरता येत नाही ना,sad
असं ह्याला ह्याची आई सांगत होती,neutral
रविकांतजी आपले खोके वाले जेलमध्ये ठिकठाक आहेत का?,angry
निवडुन आयोग ही कसली स्वायत्त संस्था ती तर आधीच केंद्र सरकारच्या दावणीला बांधलेली आहे.,angry
"टॅग करत राहायचं, हे एकमेव माध्यम आहे त्यांच्याशी संपर्क साधायचं",neutral
साहेब तुम्ही काय कायदा बदलवत आहे का.,neutral
हे वाचून काही जणांना तरी जाणीव व्हावी अशी अपेक्षा आहे :,sad
तलवार आहे की खंजीर ????,happy
आपले विश्लेषण परखड असते त्यामुळे ते विचार लोकांना आवडतात,happy
डाव्या हाताने खायची वेळ आली शिल्लक सेने वर..,neutral
हे खास आपल्या सारंख्या तथाकथित पत्रकारासाठी आणि सरकारच्या कार्यकर्तासाठी आहे.,angry
मग जेलमध्ये पिकनिक साठी गेला आहे का संज्या,angry
मोठी बातमी! शिंदे सरकारने घेतला आणखी एक महत्त्वाचा निर्णय,happy
हे आहेत स्वस्तातले जोशी,neutral
ही प्रवृत्ती वेळीच ठेचून काढावी लागेल.,angry
तेव्हा तुम्ही पाकिस्तान होता आणि भारत विरुद्ध जिंकला,happy
मी नांदेड जिल्ह्यात सामील होईल दोन दिवस,neutral
ला लीगाचा सर्वोत्तम सामना आहे एफसी बार्सिलोना विरुद्ध रिअल माद्रिद हा वेडा होईल.,happy
जुना फोटो आहे साहेब शिवसेनेत होते तेव्हाचा फोटो आहे हा,neutral
हे पण बाळासाहेबच आहेत,happy
ते नव्ह त्या प्रसन्न जोशी ला उत्तर दिला नाही म्हणे तुम्हीं..,neutral
सुसू ताई का ? त्याच खड्ड्यांचे फोटो काढत होत्या,angry
सीट पडणार अस समजलं तर आता हे सुरू झालं,neutral
बस कर भावा नाही तर हा विदूषक वाघ जंगलात जाईल,angry
तसे प्रकार तुमच्याच घरी होत होते.,neutral
देशी पिणाऱ्याना इंग्लिश जमतेच असे नाही,neutral
"नवीन पक्ष, नवं नाव, निवडणूक एका जागेसाठी पण मैदानात उतरवले आमदार खासदार",happy
तो बारसैनिक आहे ....,happy
म्हणजे लढाई राष्ट्रवादी आणि राष्ट्रविरोधी विचारांची पण आहे..,angry
निवडणूक बिनविरोध नाही झाली पाहिजे,neutral
मनापासून सांगतोय दोघे पण अगदी खरे बोलतायत..!,happy
जुना फोटो पाहिला आहे का त्याचा?,neutral
गाणं भारी टाकलंय,happy
मृत्युचे भय नसावे पण अधूनमधून स्मरण असावे.,neutral
आहे की नाही,neutral
असं होतं तर सर्वोच्च न्यायालयात का गेला होता? कपिल सिब्बलला आर्थिक मदत करायला,angry
किती आणि काय काय मनात असतं साचलेलं कागदावर उतरवण्यापासून कायमच असतं रोखलेलं,sad
परतीच्या पावसाने झालेल्या भातशेतीची नुकसान भरपाई मिळावी,sad
"आपली माहिती वाहतूक नियंत्रण कक्ष, ठाणे शहर यांना आवश्यक कारवाईसाठी कळविली आहे.",neutral
हे सगळे / पिवळे रंग आहेत! आज स्टेशनवर मिनी जेजुरी भरणार!,happy
एसटी विलिनीकरणाची घोषणा कधी होणार आहे साहेब?? आता तुमच्या हातात आहे निर्णय.,neutral
कृपया लक्ष घाला ही विनंती... जय श्रीराम!!,neutral
"आता पक्षनेते आभार कोणाचे मानतील, राजसाहेब, पवारसाहेब का फडणवीस साहेबांचे,",neutral
उमेदवार देणार आहेत काय,neutral
सगळ्या देवस्थानांची भारतभ्रमंती टुर आहे वाटतं,neutral
बाळासाहेबांचे कट्टर जुने शिवसैनिक होते,happy
इतकी चांगली बातमी पण तीच लाईन सारखं लक्ष वेधून घेत होती,happy
घरगुती स्वयंपाकाचा गॅसच्या या प्रस्तावाला केंद्रीय मंत्रिमंडळाने दिली मंजुरी,neutral
गाडीला बैल जुपणे हे अनैसर्गिक आणि क्रूर आहे त्यामुळे कळप करून पायी हिंडणेच योग्य.,angry
"सहजयोग शोभा यात्रा ,इंद्री (करनाल ) दिसंबर :",neutral
आज रविवार म्हणून इंग्लिश का..,neutral
घरी बसून म्हणजे?,neutral
हक्काचा दिवाळी पाङवा आहे तिच्या हातात,happy
योगी राज कसा असे केले की हंटर चालवितोय तसा महाराष्ट्रात का नाहि होत कारवाही,angry
त्यात खरोखर लाथ मारत नाहीत. हा एक दिवस आहे ज्याची तुम्ही वाट पाहत आहात,happy
हे दिलवाले अजय देवगण वाले आहेत,neutral
समृद्धी'चा श्रीगणेशा कधी ? .. .//,neutral
ती परदेशात शिकतात म्हणुन,neutral
चित्रफीत अर्धीच आहे असं वाटतंय. शेवटपर्यंत असलेली लिंक द्यावी.,neutral
राष्ट्रपती द्रौपदी मुर्मु आजपासून तीन दिवसांच्या त्रिपुरा आणि आसामच्या दौऱ्यावर,neutral
महागाई वाढली नाही तर तुमचा पगार कमी आहे........,sad
तृतीयपंथी असतील हे पोरं!,happy
"मला काहीच माहित नाही,आत्ता बघतोय, आईशपथ मला काहीच माहित नाही या बाबतीत.",happy
"आज पासून उद्धव ठाकरे लोकांना सांगणार:- ""सर्वांनी लक्षात ठेवा आपल्याला बाळासाहेबांच्या शिवसेनेला हरवायचे आहे..""",angry
". त्यांच्या केसालाही धक्का लागणार नाही , कवच कुंडले परिधान केली आहेत..",happy
कमीत् कमीत तिथे निवडणूक तरी होते आपल्या सारखं तर नाहीय,angry
हे एक येळ...,neutral
आपले सिटी इंजिनियर यांचे नाव आणि नंबर मिळू शकेल का ?,neutral
नोट- अक्षरात सुधारणा हवी! बाकी निबंध ठीक आहे .,neutral
ट्वीटर सोडून गेला तरी चालेल आता,neutral
घरामध्ये राधा-कृष्णाची मूर्ती ठेवत असाल तर हे वास्तू नियम पाळावे,neutral
जास्त पैसे कमावण्यापेक्षा कमावलेल्या पैशांचं नियोजन करणं जास्त महत्त्वाचं आहे .,neutral
थोडा खाली पडायला पाहिजे होता बाॅल,neutral
शिंदे गटाला दिलासा म्हणजे थोडक्यात निवडणूक आयोाग शिंदे गटाला मॅनेज आहे का?,angry
विष म्हण्या यच का??,neutral
सत्त्ता म्हणजे पॉवर,neutral
"हे सगळं बरोबर असूनही देवींच्या जन्माच्या, बाल लिलांच्या, तशा स्वरूपाच्या कथा नसण्याचे कारण काय?",happy
आता नाना ची बरी आहे समजा.. काही तरी चौकशी ची,neutral
"जयदीप ठाकरे आहेत , जयदीप त्यांचे काका उद्धव जी ठाकरें सोबत",neutral
युवकांचा शृंगार 'टॅटू' ; रंगीबेरंगी... ./ ?,neutral
आता काय मानसपुत्राला पण इकडे आणता की काय?,angry
छीनाल बाणाबाय तर झुकते वाकते... झोपते पण...,angry
हे चित्र सत्यात कधी उतरेल.... आणि कसे....एक आपला अंदाज ... बघुया...,happy
का घालतील..त्यांना त्याचाच तर फायदा होतो,angry
साहेबांचे पण काही नातेवाईक आहेत त्यांना पण का?,angry
आणि एक जेल वारी फुकट भेटेल,angry
सरकार अधिकृत आहे का?,neutral
ब्रिटिश काळातला सोडुन सगळि वापरलीत. बरीचशी अजुनही संग्रही आहेत,neutral
कसबी जा पण घरात कटकट नका करू,neutral
ते अत्रे होते हे कोण आहेत माहिती आहे ना,neutral
",,वदो मे प्रमाण हे ,,",neutral
थायरॉईड टाळण्यासाठी 'हे' उपाय वापरा,neutral
लोकल्याणकारी निर्णय शिंदे साहेब यांनी घेतला आहे,happy
हा काय प्रकार आहे दिलासा देण्याचा....नियम मोडायला मुभा...अवघड आहे समद...,angry
"अंबादास तर तिन दिवस झाले जलीलचे पाय धरून बसलाय, पाठिंबा तरी द्या म्हणून.",sad
खिडकीतून डोकावताना तो जरा सावध झाला मनातील दरवाज्यात वादळं घोंगावत होते,fear
ह्याला चारही प्रस्थापित पक्ष जबाबदार आहेत मॅडम,angry
मी पण.. गोकर्णचा महागणपती ही खूप जवळ आहे तिथून..,happy
मला वाटलं माझ्यासाठी आहे हे,happy
आणि प्रेम ही करायची नाही करायची गोष्ट आहे ...!,neutral
पण एवढा पाऊस पडल्यावर काय उपाययोजना करायची हे तर महापालिकेला ठरवावे लागते.,neutral
तुम्हाला सगळेच चांगलें लागतील आता .,neutral
मी स्वतः हे व्हिडिओ पाहत होतो फक्त या मध्ये विचारणा करत होते,neutral
समुद्रात वाहून गेलेल्या पत्नीचा आला व्हॉइस मेसेज; ‘मी रवीसोबत आनंदी आहे’…,sad
अजून गेला नाहि का पोटनिवडणूक लावायची आजे,neutral
देव्हारा शिसमाचा आहे का?,neutral
ची इलेकशन लागली आहेत का?,neutral
"अधिकृत पुनर्विक्रेता आता सर्कुलर रोड सांगवान चौक, डबवली रोड येथे उघडले आहे",neutral
राज्याच्या ग्रहमंत्री व केंद्रीय गृहमंत्री यांनी राजीनामा द्यावा हे गरजेचे आहे..,angry
अपक्ष होते दादा,neutral
आम्हाला हे पण देत नाहीत..,angry
हनुमान चालीसाला विरोध केला होता म्हणून शेवटी श्रीरामांनी धनुष्यबाणच काढून घेतले.,angry
खरंतर स्वतःचं मन हे स्वतःला जपता आलं पाहिजे... दर वेळेस दुसऱ्यांवर अवलंबून कस चालेल..!,sad
काँग्रेस नेते खा. राहुल गांधी यांच्या भारत जाेडाे यात्रेचे आजच्या दिवसातील हे दृश्य..,neutral
मशाल पण गेली...,sad
आजच्या ताईंच्या ट्विट भाई आणि दादा यांना समर्पित.,neutral
ही शरणागती आहे आमदार असलेल्या भाजप ची आमदार असलेल्या मनसे समोर ची,angry
हो. मला माहिती आहे पुणे जिल्ह्यातून कुठून येतं,neutral
पडलेल्या पावसावर आणि तुंबलेल्या पाण्यावर उपाययोजना करण्याचे अधिकार तर महानगरपालिकेला आहेत ना,neutral
"दादा, शिवरायांची व बाजीप्रभूंची लढाई झाली होती का? इतिहासात काही उल्लेख आहेत का?",neutral
बाळासाहेब असते तर हे चित्र कधीच दिसलं नसत,sad
आणि निर्मिती करण्यासही प्रोत्साहन दिलेले आहे.,neutral
अतुल हा कधीचा आहे पाटील,neutral
आम्ही प्रेमाने त्यांना म्हटलं यात कुठे आला अनादर??,angry
महाराष्ट्राच्या सत्तासंघर्षावर सप्टेंबरला होणार सुनावणी ः घटनापीठ काय निर्णय घेणार? –,neutral
शालेय शिक्षणमंत्र्यांसमोर त्यांच्या खात्यामार्फत शैक्षणिक क्रांती घडवून आणण्याचं खूप मोठं आव्हान आहे…,neutral
जनतेचा स्पष्ट कौल हा भाजपलाच..,happy
प्रेम पसरविणारे हे बघा ..,happy
कधी टिकले आहेत का,neutral
त्यामुळं स्पष्ट बोलावं लोक दुसरा अर्थ किंवा विचार करत नाही,neutral
आणि हे ड्रग्स कुणाच्या पोर्ट वर उतरतायेत,angry
शेवटचं वाक्य म्हणजे - सध्या त्यासोबतच गोर्यांचीच चाटतो‌ असं म्हणायचं आहे का तुम्हाला?,angry
बाळासाहेब एकच होते आणी ते ठाकरे आहेत,happy
"…म्हणून मशाल चिन्हांवर निवडणूक लढवली होती, छगन भुजबळांनी सांगितला चिन्हांबाबतचा ‘तो’ किस्सा",neutral
हा तुमचा हक्क रावत्या च्या वेळी कुठे गेला होता?,angry
मास्तर सरकारची पण स्तुती करत जा कधी.. सरकार बदलले म्हणुन हा निर्णय झाला..,neutral
रोहित आणि विराटमध्ये अजूनही वाद आहेत का? हा व्हिडिओ पाहा मिळतील सर्व प्रश्नांची उत्तरं,neutral
"काय अवस्था आहे, हे घरातून बाहेर पडले की बातमी होते ..",sad
हसू नका .. मी हसून हसून बसलो... आता पर्यंत,happy
हे आमच्या कोकणातील पदाधिकारी आहेत का..?,neutral
इकडून आला असेल बघ.,neutral
तोपर्यंत आम्ही बिना पाण्याची करायची का...,sad
विवेचन तोकडे आणि संदिग्ध आहे.,neutral
हे सगळं झाल्यावर शिवसेनेचं चिन्ह आणि नाव गोठवण हाच का त्यांचा विजय...???,angry
राजस्थान चे मुख्यमंत्री सी.पी.जोशी होणार आहेत लिहून ठेवा..,neutral
त्यामुळे मध्ये जातं नाही मी,neutral
तुला कुठली केस मिळत नाही का..... उग नावाचं वकील आहेस तू,angry
मेहबुबा मुफ्ती तुमची बहीण आहे का,angry
"ताई, छगन भुजबळ यांच्या आजच्या सरस्वती मातेच्या वक्तव्या बाबत समाचार घ्यावा ही विनंती...जय श्रीराम!!",happy
काम झाले की नाही ?,neutral
तेथून आणताना विचार नाही मग आता नाव ठेवताना तरी का विचारतात,angry
तुम्हाला ओळखत नाही का ?,neutral
विदर्भात पण स्वराज्य संघनेचा प्रसार आणि प्रचार व्हावा हि विनंती,neutral
"""भूतकाळ बदलण्यासाठी किंवा भविष्यावर सकारात्मक प्रभाव टाकण्यासाठी मी सध्या काही करू शकतो का?""",neutral
ग्रामीण भागातील विद्यार्थाना लाल बसची सुविधा मिळून द्या ./?= …,neutral
या नेत्यानी शिंदेंचं सगळंच काढलं..! महाराष्ट्रात याच भाषणाची चर्चा ! ...,happy
"ऋतुजा लटकेंच्या राजीनाम्यावर आज दुपारी अडीचपर्यंत निर्णय घ्या, कोर्टाचे ला निर्देश",neutral
हा काय प्रकार म्हणायचा,happy
मान... त्यांच्याच आदेशाने पत्र लिहिलं होत.. मान कसला... खेळणं झालंय आता,angry
म्हणजे तुम्हाला असं म्हणायचंय कि वागळे हे पत्रकार आहेत ????,happy
"कौशल इनामदार, मोहित कुंभोज, सदानंद, राष्ट्रभक्त काका इत्यादी लोकांच्या पंक्ती जाऊन सेलिब्रिटी झाला हा",angry
मराठी राज्यात आहे ना हि महानगरपालिका ?,neutral
चंद्रकांत खैरे म्हणाले ते खरं आहे गुढग्यात असते,neutral
ये तो बड़ना चाहिए था.. नॉर्मल कैसे हो गया..,happy
हीच अवस्था भविष्यात होणार आहे भाजपची,sad
हे तेल कोणत्या प्रकृतीच्या लोकांनी खाऊ नये की सर्वानीच खाऊ नये,neutral
आशा पारेख यांनी लग्न का केलं नाही?; कारण ऐकून थक्क व्हाल!,happy
ताई विजय तुमचाच होणार,happy
मराठी उमेदवार असेल तरच मतदान ही भूमिका घेतल्यामुळे असा निर्णय झाला असेल.,neutral
ये तो यमुना नदी ही हे।,neutral
लग्न करून द्या. लाईनीला लागेल का म्हणतात,neutral
: म्हणतेय ही आहे बेस्ट आणि धोकादायक ओपनिंग जोडी!,happy
काय कारवाई होणार का ह्यांच्यावर??,angry
धरनात पाणी आहे नाही तर अजित पवारांरखं च हे पण बोलले आसते,neutral
"जरूर आहे, पण मग त्या नावाने असलेल्या सर्व प्रकल्पांचे पैसे आपल्या खिशातून भरावे",angry
त्यांचा दोष नाहीये तो दुसराच कोणाचा तरी आहे .,neutral
"ठाकरे तर सगळेच असतात, पण बाळासाहेब मात्र एकाच........",happy
हवा आहे,neutral
सगळं खरं पण तुम्हाला दिवाळीच्या सुट्ट्या असतात का तिकडं?,neutral
ते लाडू त्याचेच होते का....,neutral
"अरे माझ्या प्रिय जगा, गोगलगाय खा आणि सहाराच्या हत्तींप्रमाणे झोप",neutral
थोडाफार बदल करून हे तुम्हाला पण लागू होईल,neutral
"पैशाची किंमत काय आहे, बेरोजगार व्यक्तीला विचारा.",neutral
आणि हे चियनाची लाईट....,neutral
राजस्थानची माहीती खरी आहे का?,neutral
कलाकाराच्या प्रत्येक कलेला त्याच्या नावाची जोडणी ही असायलाच हवी.____,neutral
अजून दोन दिवस जाणार नाही तो,neutral
तुमचे जनक कोण आहे हे शोधायला हवं,neutral
राजकीय व्यवस्था परिवर्तन होणार विश्वास ठेवा... सुरुवात पुण्यातून.,neutral
म्हणजे वसंत ऋतु का,neutral
आधी त्यांच्या गावी जाणार आहे मी,neutral
शिवी नको म्हणून हे लिहिलं मी,neutral
आजोबांनी सांगितलं कि जाऊन शिर्डीत साई बाबांच्या दान पेटीची लांबी रुंदी चेक करून ये,neutral
"ताई,प्रतीउत्तर देवु नका , ' वाटतो.. शेवटी ...भक्ताय नमः म्हणुन पुढे जायचे",neutral
"आपले कर्तव्य, तुमच्या मुलाचे लसीकरण करून घ्या. थांबू नका! लस योग्यच आहे.",neutral
अरे काय हे,happy
आजच शांताताई यांचा जन्म शताब्दी दिन आहे.,neutral
पुणेची लोकसंख्या लाख आणि गर्दी,neutral
आपले आजचे विचार आणि आपली आजची कृती हे आपले उद्याचे भविष्य असते..!,neutral
ग्रहमंत्री आहे का ?,neutral
बर खाऊयात..मटका कुल्फी पण घेऊ,happy
राजकीय नेत्यांप्रमाने सरकारी अधिकारी आणि कर्मचारी यांची सुद्धा चौकशी व्हायला हवी का ?,angry
हाच एकमेव उपाय आहे,neutral
घरच्यांनी पाहिले का तू?,neutral
तुम्हाला उधारी म्हणायचे आहे का?,neutral
लेखक ड्रिंक करत नाहीत हे सांगत आहेत,neutral
माणसाला दोनच गोष्टी हुशार बनवतात एक म्हणजे वाचलेली पुस्तके आणि दुसरी भेटलेली माणसे…,neutral
आपल्या अंतरंगातील भिती देवाला जन्म देते.,neutral
माझ्या माहितीप्रमाणे वाळकं हा शब्द कोल्हापूर भागात जास्त प्रचारीत आहे..,neutral
तारखेला शिंदे गटाला दुसरा धक्का बसणार का?,neutral
आज शुभंकरोती मध्ये मी सहभागी होउ शकतो का असे विचारले,neutral
"शुभरात्री, हिंदूंनो।। गोसेवा ही श्रेष्ठ सेवा आहे",happy
बारामतीच्या कांद्याचा दुर्गंधाबद्दल तुमच काय मत आहे,neutral
आणखी एक सदैव भावी पंतप्रधान....,angry
हे होऊ शकत...ते नाही...,neutral
"स्पर्श हा एखाद्याचा सहवास लाभण्याचा मार्ग होऊ शकतो , वासना नाही .",neutral
पीएफआय' संघटनेला अरब देशातून मिळत होता निधी? किरीट सोमय्यांचं विधान चर्चेत,neutral
"ऋतुजा लटके यांना शिंदे गटात आणण्याचे प्रयत्न? उदय सामंत स्पष्टच बोलले; म्हणाले, “अंधेरी पोटनिवडणुकीत…”",neutral
सहकारी साखर कारखान्यांना गाळप क्षमता वाढावी म्हणून हा निर्णय घेण्यात आला आहे.,neutral
बाळासाहेब देवरस ह्यांची सेना आहे,neutral
दुलीप ट्रॉफीच्या अंतिम सामन्यात हा प्रसंग घडला...,neutral
हा त्याच्या लायकी प्रमाणेच बोलत असतो,angry
दशावतारी ठेउन काम करायचे ना त्यात,neutral
एकनाथ शिंदे चा फोटो कुठे आहे,neutral
एकटेपणा दाटून आला पुन्हा उदास नि रितेपणा...,sad
नको वेळ आहे मला,neutral
पेरियार यांनी लिहिलेल काही ना काही तरी रोज सामाजिक स्तरावर वाचलं गेलंच पाहिजे.,happy
लोकांची साथ मिळणे ही सन्मानाची बाब; काँग्रेस अध्यक्षपदाच्या निकालावर शशी थरूर यांची प्रतिक्रिया,happy
सहाजिक आहे एका माळेचे मणी भोंगा,neutral
मग मागणार्या नाही मागवणार्या म्हणा चाचू...,neutral
"या दिवाळी सणाला तुम्हा सर्वांना सहलीला जायचे आहे, मी माझ्या मित्रांसोबत हरिद्वारला जात आहे.",happy
हेच खरे शिवसैनिक आहेत टक्केवारी मोजणारे...,angry
"असे अन्न आपले परब्रम्ह, सन्मानपूर्वक व्हावे ते प्राशन...!!",happy
दिवाळी चे पाकीट मिळाले का काय..लई सुचायला लागले आहे,happy
तुम्ही करू शकता का मध्ये दिवाळी साहेब.......,neutral
मग हे नक्की कोणाचे मित्र आहेत,neutral
ते मागचे चिकन लेग पीस फेम उल्हास कामठे आहे का ?,happy
परत ऐकदा यत्र तत्र सर्वत्र शुर्पनखाच दिसतील...पण कुठलाही लक्षमण धजावणार नाही..,angry
नक्कीच नाही। पण हे बंद करनेस कायदेशिर मार्ग आहेत का? कायदेशीर सल्ला कोण देईल?,neutral
मागील पेट्रोलच्या दराचे विधान आणि आताचे हे पावसाचे विधान! म्हणजे सेम एनर्जी!,angry
"तांदुळ चोराला विचारा, असं कस होत आहे.",angry
काय ती भाषा काय ते संस्कार काय ते गुण सगळ कस मध्ये आहे,angry
मानसिक आरोग्याला प्राधान्य देणे गरजेचे : डॉ. अतुल ढगे,neutral
मनमोहन सिंग यांची डिग्री च पहिली.,neutral
आपल्या शेतकऱ्यांचा हक्कासाठी आपण ही या,neutral
अनिकेत शास्त्री आता ठाकरे गटाचे उपाध्यक्ष होणार..,neutral
एकाच मतदारसंघात वेळा निवडुन येतात तर काय बदल होतो. हे पण दाखवा नम्र विनंती....,neutral
नुकत्याच झालेल्या पावसात पुण्याच्या नळ स्टॉप भागाचे नवीन नाव नदी स्टॉप असे ठेवण्यात आले!!,happy
"पण, बापू सत्याचे प्रयोग करत होते अस वाचलं होत",happy
मॅच सह सिरीज जिंकली असे म्हणायचे आहे का ?,happy
.......पक्ष निष्ठ हे विशेषण राहील,neutral
या आधीच्या पोटनिवडणुकीत का पाठवला नाही असं पत्र तुमच्या साहेबांनी,angry
पुण्याच्या जिममधील पाटी ./_,neutral
संभाजी नगरचे मिनिस्टर असताना अतिवृष्टी तून का वगळला.,angry
डबिंग स्टुडिओ मधे तुम्ही होता काय??,neutral
साडे तीन चार जिल्ह्यांपेक्षा कमी आहेत.....,neutral
"मी भाजपात जाणार नाही,मी राष्ट्रवादीतच राहणार - एकनाथ खडसे",happy
लै हसलो राव... आधी वाचताना हे लक्षत नाही आले,happy
शिवीगाळ केली कर अकाऊंट सस्पेंड होत,fear
झोपताना दूध पिणे चांगले असते का?,neutral
हा राज ठाकरे चा भ्रम आहे,angry
तुम्ही चुकीचं बोलल मेथी नाही रुपये जुडी होती,angry
साहेब तुम्ही काळ भाईंदर ला आले पण भेटू दिलं नाही ...,sad
निर्धारित दर काय आहेत ते घोषित करावे ही अपेक्षा.,neutral
केतकी चितळे वर गुन्हा कोणी दाखल केला होता,neutral
अनेक राजकारणी पत्रकारांना मुलाखती नाकारतात हेसुद्धा वास्तव आहे.,neutral
निहार का बिहार हा भाजपाच्या नेत्यांचा जावई आहे मग सासरवाडीचीच बाजू घेणार,angry
पदक हे खेळाडूंच्या आवडीवर मेहनतीवर आणि विशेष मार्गदर्शन असेल तर मिळते,neutral
पहिलं प्रेम चेहरा बघून होत दुसरं प्रेम स्वभाव बघून..,neutral
आदिवासी बांधव उपस्थित होते.,neutral
मग काकू कार्ड खेळतील का?,neutral
"ताई , फङणवीस तुम्हाला मुख्यमंत्री होऊन देईला का ?? काय बोलता तुम्ही",angry
महाशक्तीच्या ढालपलीकडे लपलेल्या गद्दारांच्या तलवारी गंजतील पण बाहेर येढार नाहीत.,angry
भावा तुझ्या साठी..... हा आमदार बिजेपी चा आहे आणि सभापती ठाकरे गटाच्या आहे......,neutral
कट्या मुंबईत सध्या बेस्टच्या ताफ्यात तब्बल इलेक्ट्रिक बसेस आहेत.,neutral
नक्की मनात काय आहे तुमच्या,neutral
काय आहे हे,neutral
अरे अतुल ती काय मक्तेदारी तुझी आणि बीजेपीची आहे हे पहिले सिध्द कर,angry
पण आंतरजातीय विवाह करायचाच कशाला हा माझा प्रश्न आहे,neutral
प्रत्येक मैत्रीत एक नातं असतं आणि प्रत्येक नात्यात एक मैत्री असते!,happy
वन विभागाचे प्रधान सचिव यांच्या उपस्थितीत विभागीय आढावा बैठकीचे आयोजन,neutral
कर्नाटक हिजाब बंदी प्रकरणी सर्वोच्च न्यायालय उद्या निकाल देणार आहे,neutral
आजून नीटपणे मशाल पेटली पण नव्हती त्याआधीच विझविण्याची तयारी सुरू झाली...,sad
हे मोदीला उद्देशुन लिहले आहे का,neutral
त्यांचे किती शाखा व्यवस्थापक मराठीतून संवाद साधतात हा एक स्वतंत्र संशोधनाचा विषय आहे.,neutral
वेलकम बॅक भारत भाऊ.... कुठे होते एवढे दिवस...?,happy
"निळ्या आहे तो, जाऊदे त्याला डम्पिंग ग्राऊंडला.",angry
भारतीय जनता पार्टीच्या एखाद्याची चौकशी केली का,neutral
"उशिवसेना व शिवसेना असे बरे वाटते, एक तोडणारा अनेक जोडणारा!!",angry
पाकिस्तान जिंदाबाद ही घोषणा ऐकू येत नाहीये. धार्मिक तेढ वाढू नका ही विनंती.,neutral
मराठीत लिहा भाऊ काहीही समजत नाही,neutral
नाहीतर काय तू गाणार आहेस का?,neutral
"सरकारी कर्मचाऱ्यांना नियमानुसार राजीनामा द्यावा लागतो, रामदास आठवले यांची माहिती",neutral
दादा कृपया दखल घ्या. श्रीगोंदयाला दुष्काळी म्हणून हिणवत आहे जनता.,sad
लक्ष्मणा तिचीच ही पाऊले ! बाबूजींच्या स्वरामध्ये ऐका हे विरह गीत।जय श्रीराम।,happy
अशा वेळेस ? असे विचारायचे अस म्हणत होता.,neutral
: म्हणून केली महापालिकेने सिंहगड रस्त्यावर कारवाई,neutral
मागच्या वेळी प्रकाश आंबेडकरांना नांदेड ची सीट हवी होती,neutral
टॉपर दिव्यांशी जैनने कशी केली परीक्षेची तयारी?,neutral
आपलेही कारण यापैकीच आहे ?,neutral
हे आम्ही कोण? ते आरपीआय आठवलेंचा पक्ष आहेत का?,neutral
मराठी येत नाही म्हणून धर्मांतर केलं का....,angry
झालं करून केव्हा च,neutral
"असा असेल तुमचा आगामी आठवडा जाणून घ्या, साप्ताहिक राशिभविष्य ( ते ऑक्टोबर)",neutral
म्हणून तर विचारल होत गावाला गेल्या होता तुम्ही ताई काय ताई,neutral
गेले होते बिर्याणी खायला त्यांना विचार त्यांचे नातेवाईक असतात तिथे,neutral
न्याय आता तरी सारखा पाहिजे... अन सुदाम्यास ही द्वारका पाहिजे..!,sad
फुकटचा पाकीस्थानी केक खायला प्रोटोकॉल तोडणार्या नेत्याच्या चमच्यांनी हे बोलण म्हणजे अनाकलनीयच आहे.,angry
वेस्टइंडीज ने आधीच शिस्तीत माघार घ्यायला पाहिजे होती,neutral
यापुढे कोणाला 'विकी डोनर' होता येणार नाही. म्हणजे वारंवार ‘स्पर्म’ दान करता येणार नाही.,happy
"प्रशच असा हवा होता, हे राज्यसरकार तुम्हाला योग्य वाटतं का?",neutral
"अन्याय जाळणारी मशाल, शिवसैनिकांचं मातोश्रीवर शक्तीप्रदर्शन, उद्धव ठाकरे म्हणाले…",angry
मध्ये तलवार मशालीला कापु शकते काय - एक भाबडा प्रश्न,neutral
बघ जमलं तर काहीं जमलं नाही तर आमचे बांधव आहेत,neutral
कोतवालांना चतुर्थ श्रेणी लागू होईल असा निर्णय शिंदे सरकार कधी देणार आहेत.,neutral
तातडीने कृषिमंत्री यांना पाठवा ही बातमी . शेतकऱ्यांना न्याय मिळालाच पाहिजे,angry
"हे खरोखर आश्चर्यकारक विद्यापीठ आहे, प्रत्येकाने ते तपासणे आवश्यक आहे.",happy
बहूतेक हा मराठा नसावा म्हणून हा बोलतोय ........,angry
"आणि तो व्यक्ती म्हणजे आधुनिक ""अनाजीपंत""!",neutral
चे भारताचे प्रधानमंत्री आहेत ते असो,neutral
आता तर करायाच लागतंय लवकर,neutral
"हा, तुमची सुद्धा सडकी मानसिकता तेव्हा दिसलेली मला, त्यावरूनच ट्विट लिहायचं सुचलं",angry
तो पण तेच म्हणाला होता,neutral
ताई ह्या आचार्यजींच प्रबोधन करणे हि काळीची गरज आहे …,happy
ही परिस्थिती आहे,neutral
कारण ती तिचं मुख आभाळाकडे नाही करु शकतं,neutral
ही झोपत नाही आज,neutral
ते आपलं मोहोळ मधे मोदीचा विकास घडला नाही का तिथे कोण आहे,neutral
दादा आहे हा सोनू दादा,neutral
"म्हणजे , निवडणूक आयोग मॅनेज केला म्हणायचं शेठ आणि शहाने .",angry
"बोगस शपथपत्रांसाठी दहा कोटी दिले…, नरेश म्हस्के यांचा आरोप",neutral
हे तर ट्रेलर होता अजून भरपूर कपडे शिवायला टाकावे लागणार त्यांना,neutral
जगजाहीर करण्याची थोडीच गोष्ट आहे ही,neutral
हा देश स्वच्छ करण्यासाठी लोकाना आधी आपले विचार आणि मन स्वच्छ बनवावे लागेल...,happy
दुसरा टप्पा कधी जाहीर होणार हे सांगा आता,neutral
म त भर्खरै,neutral
याला शिवसेनेने उगीच नाही ठोकले होते?,angry
रामायण हा आमच्या अस्मितेचा विषय आहे. आणि आमच्या अस्मितेसोबत प्रयोग केलेले खपवून घेतले जाणार,happy
हे असेच असते गुरुजी..,neutral
‘पीएफआय’वरील कारवाईवर विरोधकांचे मौन का,angry
आता हा पत्ता देणार आहे,neutral
"मुख्यमंत्री यांच्या हस्ते ॲप, टीव्हीसी आणि जिंगलचे अनावरण",neutral
मी अमावस्या तू पौर्णिमा माझ्यासाठी करशील का ग वटपौर्णिमा?? -@ पूजा डोमाळे(राणू),happy
"तुमचि चरफड, जळवायला मझा येते असे काही केले की.",angry
दळून पेक्षा गोळा करून झालं का असं विचारायला पाहिजे होतं,neutral
होय मी जिल्हा परिषदेच्या शाळेत शिक्षण घेतलेला माजी विद्यार्थी आहे .,happy
"पंचवीस वर्षांनी पहिल्यांदा निवडणूक बघतोय,एन्जॉय संभाळा त्याला चांगला, सीताराम केसरी होईल त्याचा",neutral
अगदी खरं आहे हे ... घरातल्या देवाऱ्यावर विश्वास नाही लोकांचा,sad
"या विषयावर मी काल सविस्तरपणे एक थ्रेड लिहिला आहे ,तो पहा !",neutral
स्क्रिप्ट तिकडचीच होती अस ऐकल,neutral
कुणावर ही काही वक्तव्य करणाऱ्या राउत अजूनही वर आहेत,neutral
झालं होतं का... ...,neutral
नीरज चोप्रा &; मा. पंतप्रधान,neutral
"काही लोक म्हणजे मराठा समाज नाही दादा,त्यांना समाज समजू नका",angry
काल पौर्णिमा होती भेटली असेल,neutral
हे श्रीखंड महाशक्ती ने दिलं आहे पण सांगायचं कस,neutral
लक्षात घ्या. पेराल ते उगवेल. पेरले होते ते आता उगवले आहे.,neutral
"तुम्ही साबुदाणा वडे खा किंवा खिचडी, थोडं माझ्यासाठी ठेवा ही विनंती",neutral
"प्रत्येक हिंदुसाठी आहे असे म्हणेन, हा सिनेमा.",neutral
स्वतःच काही आहे की नाही आपल्याकडे?,angry
भारत तर जिंकला पाहिजे,happy
"हे म्हणजे अस झालं,,,तू मारल्यासारख कर मी रडण्यासारखं करतो",neutral
शिर्डी साईबाबांचे भक्त आहेत केसरकर त्यांच्या व्हाट्सअप वर प्रोफाईलला सुद्धा बाबांचा फोटो आहे!,happy
"दया येण्यासाठी नाहीच पण सावध होण्यासाठी, करण्यासाठी हा ट्विट प्रपंच",neutral
हेच ते सावंत ज्यांनी एकेकाळी महाराजांना कोकणात विरोध केला होता...,neutral
या लोकांचं आधीच ठरलेले असतय.,neutral
सुविचार मंत्री कधी शिवसेनाप्रमुख हिंदूहृदयसम्राट बाळासाहेब ठाकरेंना भेटले होते का?,angry
प्रवीण राऊतचा आणि संजय राऊतचा नामसाधर्म्य आणि काही वैयक्तिक ओळखीचा संबंध असू शकतो,neutral
आपण फक्त आवाज द्या आम्ही आपल्या सेवेत मातृभूमी आणि गोरगरिबांसाठी,happy
मराठी वाचता येत का..?? ते होणार हे माहीत होत का?,neutral
आमच्या कडे महिने झाले प्रशासक नेमून,neutral
कृपया असा अचूक उल्लेख करावा.,neutral
वाशिम जिल्ह्यातील अतिवृष्टी झालेल्या शेती पिकांचे सरसकट पंचनामे करा - आ.अमित दादा झनक...,neutral
आणि बाळासाहेब केशब ठाकरे म्हणजे कोण मग?????,neutral
"मराठी उमेदवार संपले का, भैया जनता पक्षाचे",neutral
मुंबईसाठी वेगळा नियम असतो का?,neutral
एक रेकॉर्डिंग वायरल झालीय मराठा समन्वयक आणि भाजपच्या एका नेत्यांच्या संदर्भात.. काय म्हणणे आहे त्यावर??,neutral
ह्यांचा अंधेरी पोटनिवडणुकीत उमेदवार आहे का???,neutral
जलगांव? हे कोणत शहर? जळगाव असे लिहा.मराठी पंधरवडा कधी साजरा करताय?,neutral
त्या दुःखातुन सावरण्यासाठीच गोवाहाटी गाठली होती तर,neutral
यांच्यासोबत आंदोलन केलं का तुम्ही भाऊ?,neutral
हृदयाला थेट साद घालणारा आणि डोळ्यांना सुखावणारा हा क्षण....!!,happy
कर्तव्य बजावत असताना शहीद झालेल्या हुतात्म्यांना पोलीस स्मृती दिनानिमित्त शतशः नमन..!!,happy
"या सर्वांचे राष्ट्रवादी काँग्रेस मध्ये मनःपूर्वक स्वागत, गर्व आहे आम्हाला ⏰",happy
शिक्षण उपयोगी आहे कारण तुम्ही नवीन कुशलतेची शोध करू शकता आणि उत्तम नोकरी मिळवू शकता.,neutral
कोजागरी पौर्णिमेच्या सर्व नागरिकांना हार्दिक शुभेच्छा..!,happy
तिळगुळ घ्या आणि मागे देखील गोड-गोड बोला!,happy
तावडेजी सुंदर कार्य आहे आपले... पण आपण आपल्या कार्याची माहिती मराठीत द्या,happy
महालक्ष्मी पुजनाच्या निमित्त बहिणीने कोल्हापूर निवासी महालक्ष्मी ची काढलेली सुंदर रांगोळी.,happy
"जय बाबा केदार नाथ,‼शुभ संध्या मित्र ‼",happy
तुमचे आता आंतरराष्ट्रीय होत आहे..मनापासून खूप अभिनंदन मॅम..,happy
फाल्गुनी पौर्णिमा चंद्रप्रभा पसरली रात्र चांदणी,neutral
"कोजागिरी पौर्णिमा, शरद पौर्णिमेच्या हार्दिक शुभेच्छा.... .//_/…",happy
हे पाहण्यासाठी सर्वोत्तम आणि दंडासह दुर्मिळ प्रकरणे असतील,neutral
तुम्ही तुमचे वचन पूर्ण केले आहे हे पाहून खूप आनंद झाला. शाब्बास!,happy
"सुप्रभात , हे भारी आहे",happy
नेतृत्वाखाली काम करताना लोकाभिमुख आणि विकासाभिमुख कारभार त्यांच्या हातून व्हावा अशा सदिच्छा दिल्या. /,happy
नविन वर्षाच्या आपणांस मनपूर्वक हार्दिक शुभेच्छा..! किशोर देवधेकर सर,happy
होळीच्या तुम्हा सर्वांना हार्दिक हार्दिक शुभेच्छा..!,happy
वाढदिवसाच्या हार्दिक शुभेच्छा,happy
पंचगव्य घेऊन पवित्र साथीदार आहेत हेच महत्त्वपूर्ण योगदान आहे‼‼,happy
अगदी...उत्तम मार्गदर्शन लाभले..,happy
"हिंदु धर्माची अद्वितीय देणगी असलेल्या आयुर्वेदाचे महत्त्व , .// …",happy
सेल्फी काढण्याचा मनमोहक आनंद घेताना आमची नात....,happy
रक्षा बंधन आणि नारळी पौर्णिमेच्या हार्दिक शुभेच्छा,happy
पोलिसांचे अभिनंदन ! .//…,happy
हाँ ये तो हे ….,neutral
कोजागिरी पौर्णिमेच्या हार्दिक शुभेच्छा..!,happy
सरकार जनतेचे निर्णय लोकहिताचे,neutral
बर झाल मान्य केल हे सत्तेत कधीच येणार नाही,neutral
"ओंकार, तू एकच नव्हे एकमेवाद्वितीय आहेस",neutral
धन्यवाद .. आपणा सर्वांचे सहकार्य आम्हांस लाभेल अशी आशा व्यक्त करतो.,happy
सर्व भाविकांना महाशिवरात्रीच्या हार्दिक शुभेच्छा..!! || हर हर महादेव ||,happy
ही खरोखरच अप्रतिम अगरबत्ती आहे. प्रत्येकाने एकदा वापरावे मग सांगा कसा आहे,happy
आपणास खवय्यारत्न पुरस्कार देताना आम्हांस अतीव आनंद होत आहे.,happy
लाखात एक,happy
प्रफुल दादा खूप सुंदर थ्रेड आहे असे वाटत होते फक्त वाचत राहो,happy
वाढदिवसाच्या हार्दिक शुभेच्छा सर .. ./_…,happy
सूचनांचा सकारात्मक परिणाम झाला आहे हे पाहणे खूप समाधानकारक आहे.,happy
आपण सर्वजण उपस्थित राहुन व या ऐतिहासिक क्षणाचे साक्षीदार होऊया,happy
अभिनंदन ताई एवढा स्पीड माझा पण नव्हता,happy
चैतन्यमयी आनंददायी- सण दिवाळीचा पहिला दिवस म्हणजे वसुबारस... वसुबारस निमित्त मनःपूर्वक शुभेच्छा!,happy
सर्व शिव भक्तांना महाशिवरात्रीच्या हार्दिक शुभेच्छा !,happy
आहे हा चित्रपट पाहण्यासाठी मी खूप उत्सुक आहे,happy
बाई पवारांना ते मानतात पवार त्यांना मानतात हे हस्यस्पद आहे हो,neutral
रक्षाबंधन आणि नारळीपौर्णिमा च्या सर्वांना हार्दिक शुभेच्छा ....,happy
सादर प्रणाम गुरुवर सुप्रभात,happy
हे भारी आहे,happy
नवीन वर्षाच्या हार्दिक शुभेच्छा..!स्पृहा,happy
खूप छान काम करत आहात आपण....अनेकांचे आशीर्वाद आपल्याला मिळत आहेत. यशस्वी व्हा..हार्दिक शुभेच्छा साहेब,happy
वाढदिवसाच्या मनःपूर्वक हार्दिक शुभेच्छा राजीव जी,happy
तुमच्या तुरुंगवासावर संपूर्ण महाराष्ट्र आनंदी आहे,neutral
आपल्या प्रयत्नाला यश आले खूप खूप धन्यवाद,happy
संधी च सोन केलं. आणि महत्त्वाच्या वेळे वर केलं!! अभिनंदन,happy
नमस्कार काका सुप्रभातॐ गं गणपतये नमः अंगारकी चतुर्थी च्या हार्दिक शुभेच्छा,happy
नविन वर्षाच्या हार्दिक शुभेच्छा....! -,happy
जन्मदिनाच्या व नविन वर्षाच्या खूप खूप शुभेच्छा भाऊ...,happy
शिल्पा बोडखे प्राध्यापक आहे देवच भल करो जिथं ही शिकते,neutral
पुढे सुद्धा आलेल्या काळांत आनंदीकरण,happy
परमेश्वर आणि आत्मा यांचा सुरेख संगम म्हणजे आई.,happy
होळीच्या शुभेच्छा! ( !),happy
"बरोबर आहे, कोणत्याही गोष्टीत आनंद शोधता आला पाहिजे. निर्मला सीतारामन सारखं.",neutral
आम्हाला माहिती दिल्याबद्दल धन्यवाद. आम्ही आमच्या विभागला तक्रारीचे निवारण करण्यासाठी विनंती केली आहे.,neutral
:डॉ.राहुल पाटील यांच्या मागणीला यश जुलै-ऑगस्टमधील अतिवृष्टीची नुकसान भरपाई मंजूर,neutral
"हा व्हिडिओ अप्रतिम आहे, हे पाहून मला माझ्या बालपणीच्या आठवणी जाग्या होतात.",happy
अशी धमा'ल आहे!!,happy
वाढदिवसाच्या हार्दिक शुभेच्छा अमना जी,happy
शिवसेनाप्रमुख उद्धवजी बाळासाहेब ठाकरे यांचा पाठिंबा होता म्हणून च सांभाळू शकले,happy
"ओम नम: शिवाय.... ""महाशिवरात्रीच्या"" आपणा सर्वांना हार्दिक शुभेच्छा..!",happy
रक्षाबंधन आणि नारळी पौर्णिमेच्या तुम्हाला व तुमच्या परिवारास हार्दिक शुभेच्छा,happy
सर्वांना महाशिवरात्रीच्या शुभेच्छा!,happy
हिरा बा चा लावायचा का महान दिवटा जन्माला घातल्यामुळे.,neutral
सुरुवात तर मस्त.,neutral
"|| श्री ||अतिशय प्रेमाने केलेली विनंती ही ‘प्रेमाज्ञा’ असणे , .// …",neutral
जे इंजिनीअर ने बनवलेल्या वेबसाईटवर काम करत आहेत त्यांनासुद्धा इंजिनीअर दिवसाच्या हार्दिक शुभेच्छा,happy
"*नारळी पौर्णिमा आणि रक्षाबंधनाच्या हार्दिक शुभेच्छा,सुप्रभात*",happy
एका जबाबदार नेत्याचे काम करत आहात तुमच्या या कार्याला सलाम !,happy
वेदशास्त्रांमाजी तूं मंगलमूर्ती। अगणित महिमा तुझा कल्याण स्फूर्ती॥,neutral
जिगरबाज महाराष्ट्र पोलिस ला मनाचा सलाम,happy
अभिनंदन सर जी..यशाची घौडदौड अशीच चालू राहू दे,happy
आणि स्मार्टफोन्सची विविध रोमांचक वैशिष्ट्ये ऑक्टोबर रोजी उपलब्ध करून देण्यात आली आहेत.,neutral
भाऊ श्यक्य तेवढ्या लोकांपर्यंत घे घेऊन जाऊयात……ग्रामीण भागातील संशोधक वृत्तीस प्रोत्साहन द्या,happy
आमच्याशी संवाद साधल्याबद्दल धन्यवाद. सदर तक्रारीचे निवारण करण्यात आले आहे.,neutral
महाराष्ट्र राज्याचे मंत्री म्हणून निवड झाल्याबद्दल हार्दिक अभिनंदन,happy
वेटलिफ्टिंग मध्ये सिल्वर पदक मिळवनाऱ्या मीराबाई चानू चे अभिनंदन...,happy
"मी यासाठी खूप उत्सुक आहे, प्रत्येकाने ते तपासले पाहिजे.",happy
सर खूप छान काम करताय.आम्ही आपल्या सोबत आहोत,neutral
मराठवाड्याचा विकास अनुशेष भरून काढण्याची मागणी आपण पूर्ण केली आकाश जी,neutral
खरंच तो एक अनुभव भारी होता.,happy
हा विडिओ खूप छान आहे. वायरल झाला पाहिजे सर्वांकडून...,happy
"चला या नवीन वर्षाचंस्वागत करूया,जुन्या स्वप्नांना,नव्याने फुलुवुयानववर्षाभिनंदन...",happy
"तुमचा वीजपुरवठा कायमस्वरुपी खंडित झालाय? मग, तुमच्यासाठी ही आहे सुवर्णसंधी",neutral
"आनंदाची बातमी, गोलंदाज उमेश यादव बाबा झाला ./-…",happy
गरिबांचा तळतळाट लागेल.. अहो अशी कितीतरी लोक आहे ते शिवभोजन थाळीचा आनंद घेतात..,neutral
साहेब तुमीच काही तरी करू शकत शेतकऱ्यांना साठी,happy
"दैनिक एकमत,देशोन्नती,मराठवाडा केसरी पेपरचे आभार ...",happy
हे खरंय भाऊ,neutral
"धन्यवाद ताईसाहेब, आपल्या शुभेच्छा खुप ऊर्जा देतील",happy
देवाभाऊंसारखा कर्तव्यदक्ष आणि प्रामाणिक नेता हवा,neutral
आजपासून सुरू होत असलेल्या नवरात्रोत्सवाच्या सर्वांना हार्दिक शुभेच्छा!,happy
प्रवास उत्सवामुळे आता मी माझी सहल कमी किमतीत पूर्ण करू शकतो.,happy
स्वराज्य ध्वज यात्रेचे संतनगरी शेगावात जंगी स्वागत! ..//,happy
पक्ष्याची गद्दारी केली ती समस्थ महाराष्ट्र सुखी रहावा या साठी.,angry
अन्नदाता सुखी भव: राष्ट्रीय शेतकरी दिवसाच्या तमाम शेतकरी बांधव-भगीनींना मनापासून शुभेच्छा,happy
"नागपंचमी महोत्सव विजेत्यांना स्वराजची मानाची साडी, सोन्याची नथ,चांदीचा छल्ला आणि काही",happy
बरोबर समर्पण असते तिथं हार नसतेच बाकी प्रीतीचे स्टेटमेंट पूर्णतः योग्य आहे.,happy
जय श्री राम चैत्र पौर्णिमा व हनुमान जयंतीच्या हार्दिक शुभेच्छा,happy
जेष्ठांच्या सहवासात ज्ञानाचा अभिषेक - डॉ. मालपाणी./ /,happy
"चिन्ह फारच छान मिळाले, आता प्रकाश पडावा आणि मार्ग दिसावा अशी आशा",neutral
आनंदी रहाण्याचा सरळ साधा एकच ऊपाय आहे.... अपेक्षा स्वतः कडुनच ठेवा समोरच्यांकडुन नको.,happy
आळंदीत एक गाव एक गणेशोत्सव उपक्रमास उत्साही प्रतिसाद.. ./ /,happy
"ॐ गं गणपतये नमः ॐ नमः शिवाय गणपती बाप्पा मोरया, मंगलमूर्ती मोरया",happy
नववर्षाची पहिली पहाट साक्ष देते ती महारांच्या शूर पराक्रमाची शूर महार योद्धांना त्रिवार वंदन,happy
खूप खूप उत्तम,neutral
"खूप छान उपक्रम, मी पण सहभागी",neutral
बॅडमिंटन सिंगल फायनल (पुरुष) सुरू आहे आणि लक्ष्य सेन जबरदस्त खेळतोय.,happy
धुळेकर जनतेच्या वतीने आपले मनस्वी आभार बाबासाहेब,happy
त्या पुणेकरांनी घरा बाहेर पाटी लावली तर दिलासा मिळेल,neutral
अमरावती तालुक्यातील अंजनगाव बारी येथे आयोजित महाराजस्व अभियानात उपस्थितांना संबोधीत केले.,neutral
सोशल मिडिया सह जगात होतंय प्रथमेशचे कौतुक ./-…,happy
तुम्हाला आणि तुमच्या समस्त परिवाराला नवीन वर्षाच्या हार्दिक शुभेच्या रविंद्र पाटील आणि परिवार,happy
"अतिशय उत्तम,,अप्रतिम थ्रेट लिहला आहे. हे विचार काही लोकांना शेअर पण करत आहे,",happy
"कॉलेज च्या इथे शर्मा टी ट्राय करा ,अशी चहा कुठे भेटनार नाही",neutral
चार पाच महिन्यापासून तयारी करतात हे सर्व,neutral
सुपर हे,happy
"जसा एक सुर्य,एक चंद्र तसाच एक पक्ष शिवसेना आणि एक नेता मा.उद्धवसाहेब बाळासाहेब ठाकरे.",happy
धन्यवाद आपल्या कडून हिच भूमिका अपेक्षित होती.,happy
| सांगलीत पारंपारिक पद्धतीने शिवरायांचे आगमन | ./,happy
जन्मदिनाच्या भगवामय शुभेच्छा भावा..!!,happy
साहेब पण मशालीचा प्रचार आणि प्सार करताहेत,neutral
यासारखे व्यासपीठ जे आपल्याला उत्तम शिक्षण देत आहे..ते उत्कृष्ट आहे,happy
कळतंय का सर तुमचा सत्कार होणार आहे,happy
स्तुत्य उपक्रम आणि योग्य विचार..!,happy
लवकर सांगा सर आम्ही भरपूर उत्सुक आहोत आपल्या साठी,happy
तुमचा पूर्वीचा अनुभव आणि आठवणी हेच तुमचं धन आहे. तेच ऐकायला आवडतं.,happy
नववर्षाच्या हार्दिक शुभेच्छा ताईसाहेब,happy
"अतिशय योग्य, हमेशा प्रतिनिधीचे व्यवहार सुद्धा आणि प्रतिनिधीपूर्ण होणे तयारी करा",happy
तुम्हा सर्वांचे हे प्रेम असेच सदैव राहो,happy
सर्वांना खूप खूप शुभेच्छा,happy
परदेशी पर्यटकांनी घेतला इम्रतीचा आस्वाद - ./.?…,neutral
"तीळगुळ घ्या, गोड गोड बोला! मकर संक्रांतीच्या जनतेस हार्दिक शुभेच्छा!",happy
ओम् नमः शिवय,neutral
आपण केलेल्या कौतुकाबद्दल धन्यवाद आपली तक्रार संबंधित पोलीस स्टेशनला पुढील कार्यवाही साठी पाठवीत आहोत,neutral
"प्रत्येक हिंदू,देशभक्त भारतीयाने हे वाचाच!",neutral
"लग्नानिमित्त नृत्य सादर करणे ही आनंदाची आणि समजूतदारपणाची बाब आहे, असे लोक मानतात. .",happy
भारत डिसेंबर पासून जी चे अध्यक्षपद भूषवेल आणि मध्ये जी नेत्यांची शिखर परिषद पहिल्यांदा बोलावेल.,happy
असा जबरदस्त ट्रेलर आवडलं,happy
ज्योतिरादित्यजी शिंदे यांना वाढदिवसाच्या हार्दिक शुभेच्छा,happy
कोल्हापुरात दिवाळीचा उत्सव सुंदर असतो आणि त्या काळात आदरणीय नेते राज ठाकरे साहेब तिथे उपस्थित असतात.,happy
भाऊ हिंदू चे खरे शत्रू कोन हे आता जनतेला पटायला लागले आहे.जय महाराष्ट्र.,angry
पाच हजार अनुसरक पूर्ण झाल्या बद्दल आम्ही सर्व आनंदी आहोत,happy
तुम्ही बरोबर आहात तुमच्या पक्षाच्या पप्पू सेनेमुळे भाजपचा विकास झाला आहे,neutral
"साहित्यिक, तत्वज्ञ आणि नोबेल पारितोषिक विजेते गुरु रवींद्रनाथ टागोरजी यांना स्मृतिदिनानिमित्त भावपूर्ण आदरांजली.",happy
भारी होता,neutral
विजयी भव बाळासाहेबांचा आर्शिवाद आहे.,happy
भावी वाटचालीला सुभेच्छा!,happy
महाराष्ट्राचे कुलदैवत खंडोबाच्या चंपाषष्ठी उत्सवानिमित्त सर्वांना मंगलमय शुभेच्छा!,happy
हार्दिक शुभेच्छा... आमचाही पाठिंबा आहे तुम्हाला... जय विदर्भ,happy
कोजागीरी पौर्णिमेच्या हार्दिक शुभेच्छा !!,happy
महत्वाची जबाबदारी मिळाल्या बद्दल हार्दिक शुभेच्छा.,happy
त्यामुळे तुमचे अस्तित्व उत्तम व्यक्तींवर प्रतिबद्ध असते.,neutral
धक्का कसला ? कित्येक नवीन शिवसैनिक ती रिकामी जागा भरायला तैयार आहे..!!,happy
खुप छान सर ही छोटीसी मदतच त्या कुटुंबातील सर्व लोकांच्या चेहर्यावर हसू आणतं,happy
"सर्व मंगल मांगल्ये, शिवे सर्वार्थ साधिके, शरण्ये त्र्यम्बके गौरी, नारायणी नमोस्तुते…",happy
वाढदिवसाच्या खुप खुप शुभेच्छा भाऊ,happy
शुभ यात्रा गुरुजी। ./_,happy
मराठी वाघाची डरकाळी नाना अभिमान आहे तुमचा आणि गर्व पण,happy
एवढी काळजी! मन अगदी भरून आल. पण हे सगळ जूननंतर जाणवायला लागल.,sad
हे आहेत परप्रांतीय,neutral
एखाद्या टिनेजर पोराला नवरदेव म्हणून हाक मारली तर त्याचा आनंद गगणात मावत नाही.,neutral
सहकारी मित्र यांना उदंड आयुष्याच्या हार्दिक हार्दिक शुभेच्छा,happy
सात दिवसीय भागवत ज्ञान गंगा का शुभारंभ ./ ?,neutral
"महाराष्ट्र हा देशाच्या इतिहासातील एक अभिमानास्पद आणि पवित्र क्षण म्हणून साजरा केला जातो, तो उत्साही व्यक्तींच्या मतांबद्दल अधिक उत्साही आहे.",happy
जबडा तुटलेला असूनही ओव्हर टाकण्याची जिद्द एकट्या अनिल कुंबळेमध्येच होती…,happy
"डोंबिवलीत रंग खेळताना दोन गट भिडले, किरकोळ वादातून हाणामारी",neutral
उज्ज्वल महाराष्ट्राच्या.... उज्ज्वल भविष्यासाठी पारदर्शक पदभरती....,neutral
"हवा येऊ द्या, महाराष्ट्राची हास्य जत्रा माझे आवडते कार्यक्रम आहेत.",happy
धन्यवाद विक्रांत जी! मराठा तरुणांच्या हितासाठी आपण एकत्रित काम करूया!,happy
आमचे मित्र डॉ. अमोल यांना कन्या रत्न प्राप्त झाले,happy
काळानुसार सर्व बदल घडणारच तरी ही आपण आपली चिकाटी सोडली नाही,happy
हे वाक्य रायगड जिल्ह्यातील तुमच्या सोबत असलेल्यांना उद्देशून बोलल्याबद्दल धन्यवाद मा. पालकमंत्री साहेब,happy
ज्योतिष्यविषयक व्याख्यानमालेला उदंड प्रतिसाद - ./--…,neutral
त्याने पेटी वाजवायची आणि यांनी गाणे म्हणायचे एक नंबर आयडिया आहे,happy
संकट चतुर्थी निमित्त सर्वांना हार्दिक शुभेच्छा,happy
अभिनंदन आणि शुभेच्छा. पुढच्या खेपेला पुण्यात असल्यावर नक्की येऊ.,happy
जबरदस्त देवा. मानगूट पकडून नावं घेऊन घेऊन कानफटात वाजविली.तुमचा इतिहासाचा अभ्यास वादातीत आहे.,happy
"गणपती विसर्जन सागररक्षक, जीवरक्षकांच्या सहकार्याने सुरक्षितपणे पार पडले./",neutral
आजपासून सुरू होत असलेल्या धरण प्रकल्पाच्या उद्घाटनाला सर्वांना हार्दिक शुभेच्छा!,happy
कोजागिरी पौर्णिमेच्या मंगलमय शुभेच्छा.,happy
सर्वांना रक्षाबंधन आणि नारळी पौर्णिमेच्या हार्दिक शुभेच्छा..!,happy
"मद्रासमधील विद्यार्थ्यांनी बनवले नवीन सॉफ्टवेयर, या सेक्टरला होणार मोठा फायदा",happy
वाढदिवसाच्या हार्दिक शुभेच्छा साहेब,happy
मा.नाथाभाऊ खडसे आपणास नवीन वर्षाच्या हार्दिक शुभेच्छा.. .//…,happy
योजनेचे व्यावहारिक यश मानूया.,neutral
निमित्त सर्व नागरिकांना मंगलमय शुभेच्छा!,happy
इतर लोक प्रतिनिधीनी पण आदर्श घ्यावा. खूप छान उपक्रम.,happy
अभिनंदन साहेब पुढील वाटचालीसाठी खुप खुप शुभेच्छा...,happy
भिमा कोरेगाव शौर्यदिनाच्या हार्दिक शुभेच्छा ...!!!,happy
राधे राधे,neutral
आपल्या सर्वांच्या आशीर्वादाने अनुसारक पूर्ण झाले खूप खूप आभार सर्वांचे,happy
बहीणभावाच्या अतूट नात्याचा सण रक्षाबंधनच्या आणि नारळी पौर्णिमेच्या सर्वांना हार्दिक शुभेच्छा!,happy
या निर्णयामुळे राज्याची न्याय व्यवस्था अधिक सक्षम होण्यास नक्कीच मदत होईल..,neutral
"अभिनंदन भावा...इतिहास घडवलास, बाहुबली नीरज चोप्रा",happy
धडाडीच्या पत्रकार लोकशाही जिवंत आहे हे सातत्याने ठासून सांगणारे यांना वादिवसाच्या हार्दिक शुभेच्छा,happy
विद्यार्थ्यांसमोर धनुभाऊंचा आदर्श आहेच.,happy
सहमत पण आता व्यसन झालंय हे,sad
कोजागिरी पौर्णिमेच्या शुभेच्छा!,happy
मिराबाई चानु यांचे मनापासुन अभिनंदन۔۔,happy
नारी शक्ती दाखवली त्याला. आपल्या हिंमतीची दाद दिली पाहिजे.,happy
आता एक महान लढाई होणार.. बाळासाहेबांची शिवसेना विरुद्ध उद्धव ठाकरेंची शिवसेना अशी होणार. बाळासाहेबांची शिवसेना,neutral
सत्य आहे हे,neutral
असे कार्यक्रम हातून घडणे ही खूप पुण्याचीच गोष्ट आहे. .......,happy
जय स्वामीनारायणगणपती बाप्पा मोरयामंगलमूर्ती मोरया !!,happy
बहिण- भावाच्या अतूट प्रेमाचा आणि नात्याचा सण रक्षाबंधन निमित्त हार्दिक शुभेच्छा...!,happy
परिवारवाद हा सुंदर शब्द आहे. संपूर्ण परिवार देशासाठी समर्पित होणे म्हणजे परिवारवाद.,happy
आमचे ऐकून घेतल्याबद्दल ताईंचे मनापासून आभार आपण नैतिक सामर्थ्य मिळवा ! ',happy
स्वाक्षरी साठी आभारी आहोत आम्ही मराठी लोक.,neutral
हर हर महादेव पुष्पा जी। सुप्रभात .//…,happy
पी व्ही सिंधू ने बॅडमिंटनमध्ये गोल्ड मेडल जिंकले.,happy
सर्व कार्यकर्त्यांवरील बंदी लवकरच काढण्यात येईल चिंता करू नका,neutral
तुझी भाषा म्हणजे भाजपची सभ्यता,neutral
नवीन वर्षाची सुरुवात महालक्ष्मी दर्शनाने ...,happy
नवीन वर्षाच्या हार्दिक शुभेच्छा भाई ./_/…,happy
गुजरात वेगाने विकासाची नवीन उंची गाठत आहे: पंतप्रधान,happy
भाऊ + कडे वाटचाल खुप खुप अभिनंदन थोडे फार आशिर्वाद आमच्यावर सुध्धा असुद्या,happy
शेगावला आजुन गेलो नाही पण गोदंवले चा अनूभव घेतला. खुप छान आला..,happy
"हे खरोखर आश्चर्यकारक आहे, यामुळे विद्यार्थ्यांना बरेच चांगले शिक्षण मिळेल.",happy
ती पण जबरदस्त रॅप गाते...,neutral
यांची दिवाळी तर खूप जोरदार होणार,happy
नव्याने नियुक्त झालेल्या महिला सरपंच रंजना पुकळे यांचा सत्कार करण्यात आला.,neutral
"स्वस्त इंधनासाठी हा उत्तम पर्याय आहे, तंत्रज्ञानावरही काम करत आहे",neutral
"भारत आणि भाजपसोबत हातमिळवणी करा, एकत्रितपणे आपण चांगल्या भविष्याकडे खूप प्रगती करू शकतो.",happy
चा पडाव पार केल्याबद्दल अभिनंदन,happy
घटस्थापना व नवरात्र उत्सव निमित्त सर्वांना मंगलमय शुभेच्छा..,happy
जीवनात यश मिळवण्यासाठी चाणक्य यांच्या या गोष्टी नेहमी लक्षात ठेवा,neutral
कोजागीरी पौर्णिमा दिनानिमित्त सर्वांना मनपूर्वक शुभेच्छा !,happy
"साहेब जय महाराष्ट्र, मरे पर्यंत आपल्या सोबत आहे,",happy
जय सनातन पवित्र आर्या भूमी पे आपका स्वागत हे.. वसुदैव कुटुंबकम,happy
आपणास व आपल्या परिवारास नवीन वर्षाच्या हार्दिक शुभेच्छा,happy
प्रत्येक नागपूरकराच्या वतीने मी त्यांचे आभार मानतो.,neutral
बाळासाहेब तर भरपूर आहेत पण आदरणीय बाळासाहेब ठाकरे एकच आहेत,happy
मध्ये भारताला पहिलं पदक,happy
नवीन वर्षाच्या हार्दिक शुभेच्छा साहेब ..,happy
गोरगरीब जनतेचे कैवारी साहेबच आम्हांला आपला सार्थ अभिमान,happy
पंतप्रधान नरेंद्रजी मोदींना भूतानचा सर्वोच्च पुरस्कार नेसन्मानित करण्यात आले! हार्दिक अभिनंदन,happy
! मुख्य इंजिनची ..//…,neutral
सह्याद्री प्रतिष्ठान पुणे यांच्या वतीने अनोख्या कार्य संपन्न ! .//,happy
प्रेमा वरती श्रद्धा ठेवा!,neutral
अगदी बरोबर आहे,neutral
एकजुट झाल्या शिवाय पर्याय नाही जय भवानी जय शिवराय,happy
नित्य ईश्वरस्मरणासाठी सात्विक पदके यांचा अवश्य लाभ घ्या.,neutral
: स्थनिक राजकारणात एक सक्रीय नेते म्हणून नरवडे यांची ओळख होती.,happy
केंद्रीय सचिवालय चे सचिव मोठे बंधू प्रविण गायकवाड जी यांना जन्मोत्सव निमित्त शुभेच्छा,happy
लग्नाच्या जाळ्यात अडकण्या पेक्षा हे कधीही चांगलं,neutral
एकदम भारी थ्रेड आहे हा...नक्की वाचा देश प्रेमी,happy
‘सिंधुदुर्ग जिल्ह्याला निसर्गाचे भरभरून वरदान; आदर्श शैक्षणिक परिसर होण्यासाठी प्रयत्न करा’ ./,happy
"साहेब निष्ठावंत , निर्भिड म्हणून इतिहासात तुमची नोंद राहिल.",happy
ॐ आचार्यजी वाढदिवसाच्या हार्दिक शुभेच्छा,happy
जय शिव शंभू हर हर महादेव सुप्रभातम वंदना,happy
!. त्याचा शहाणी सकाळ हा कथा संग्रह आणि गूढ कथा,neutral
ॐ सर्वमंगल मांगल्ये शिवे सर्वार्थ साधिके। शरण्ये त्र्यंबके गौरी नारायणि नमोऽस्तुते।।,happy
सह्याद्री एवढ्या शुभेच्छा! ./_/…,happy
नागपंचमीच्या हार्दिक शुभेच्छा साहेब,happy
किन्ना सोना गाणे खरोखरच अप्रतिम आहे.. संगीत ताजेतवाने होते,happy
भारताची शान.. वंदे भारत ट्रेन..,happy
"""देवादी देव"" दादा वाढदिवसाच्या हार्दिक शुभेच्छा",happy
आपल्या सारखे सक्षम अधिकारी या जिल्हाला मिळाल्याने नक्कीच अजून प्रगती होईल..,happy
हे उत्तम विचार आणि मुलाखतींच्या चर्चेचे परिपूर्ण प्रतीक आहेत.,neutral
हे पण भारी बनलंय,neutral
वाढदिवसाच्या हार्दिक शुभेच्छा साहेब. ./…,happy
दादा मला चर्चा आवडली कुठेच गर्दा गोंधळ नाही शांतपणे चर्चा चालू आहे...,neutral
आणखी एक लाभार्थी.,neutral
तुमचे गृहमंत्री कोटी रुपये जमा करण्यात व्यस्त होते आणि त्यांना आरोप करावे लागले नाहीत हे ऐकून आनंद झाला!,neutral
सर आमचे खास मित्र आहेत,neutral
या सर्व विध्यार्थी आणि प्रबोधिनीच्या संपूर्ण टीमला मनःपूर्वक शुभेच्छा!,happy
वाढदिवसाच्या हार्दिक शुभेच्छा नानासाहेब,happy
शिवश्री पुरुषोत्तम खेडकर साहेब यांना वाढदिवसाच्या हार्दिक हार्दिक शुभेच्छा,happy
"भेटलेले अनुभव आणि स्वतः वर विश्वास , जग जिंकलच.",happy
उदात्त कार्य सतत करणे खूप अवघड आहे पण निसर्ग वाचवण्यासाठी तुम्ही सर्वतोपरी प्रयत्न करत आहात,neutral
या दोन व्यक्ती त्यांच्या स्वतःच्या अद्वितीय मार्गाने महत्त्वपूर्ण आणि मौल्यवान,neutral
सर्व भाविकांना महाशिवरात्रीच्या हार्दिक शुभेच्छा!,happy
"फुल झोलर असणाऱ्या पोराने पीएचडी केल्यामुळे, तोतल्याचा आनंद गगनात मावेनासा झाला आहे.",happy
किंबहुना' लोकांना सणणणणं...अशी सणक जाते.,neutral
म्हणून देवेंद्रजींचे नाणे महाराष्ट्राच्या राजकारणात खणखणीत वाजते.,happy
मी आधीच सांगितलंय हा देवमाणुस आहे म्हणुन.. देवाभाऊ खरंय तुमचं..,happy
नुतन वर्षाच्या हार्दिक शुभेच्छा साहेब संजय वाघमारे अंबाजोगाई,happy
श्री हनुमान जन्मोत्सव चैत्र शुद्ध पौर्णिमा श्री जोतिर्लिंग यात्रा,neutral
या सहकार्याबद्दल त्यांनी धुमाळ परिवाराचे आभार मानले.,neutral
एलव्हीएम के सफलता पूर्वक प्रक्षेपण के लिए मनःपूर्वक अभिनंदन !,happy
अभियंता दिनाच्या हार्दिक शुभेच्छा ..!!,happy
मुळे उर्दूमध्ये आहेत आणि हा एक अभिमानास्पद वारसा आहे,happy
लासुरगांव येथे गरजू महिलांना अशोक सोनवणे यांच्यातर्फे उबदार कपड्याचे वाटप .//…,neutral
"स्वच्छ सर्वेक्षण ग्रामीण लॉन्च, नक्की यावे./-…",neutral
परिस्थिती सुधारण्यासाठी कृती सुधारा. कॅलेंडर : ../,neutral
होळी पौर्णिमा निमित्त सर्वांना मंगलमय शुभेच्छा..!,happy
शौर्याची प्रेरणा देणारा विजय स्तंभ भीमा कोरेगाव....,happy
कन्यारत्नाच्या जन्मानंतर माप ओलांडून गृहप्रवेशाने केले स्वागत ./-…,happy
साहेब तुमचा निर्णय अगदी बरोबर आहे असच शेतकऱ्याच्या मागे खंबीर पणे उभे राहिले पाहिजे,neutral
युवापिढीला आत्मनिर्भर करण्यासाठी सर्वांनी योगदान द्यावे – राज्यपाल भगत सिंह कोश्यारी ./,neutral
"खूप छान,,आपल्याशी एकदा भेट व्हावी अशी इच्छा आहे,पूर्ण होईल का ???",happy
देवेंद्र भाऊ आभारी आहे,happy
मला जुलाब होत नाही पचन शक्ती कडक आहे आपली.,neutral
आपल्या माणसांसाठी सजग व जागरुक राहण्याचा संदेश देणाऱ्या कोजागिरी पौर्णिमेच्या सर्वांना शुभेच्छा.,happy
आमच्या भाऊचे अनुयायी झाल्या बद्धल भाऊचे हार्दिक अभिनंदन. ../,happy
पुनःश्च हरिओम.... अयोध्या जी... सस्नेह जय महाराष्ट्र,happy
"हो सर्व सहकाऱ्यांचे आभार,एवढा उत्तम उपक्रम हाती घेतला आहे.",happy
"या द्वेषाच्या युगात एकतेचा हा समूह, शतकानुशतके स्मरणात राहील.",happy
पत्रकाराची अडचण दूर केली,neutral
"मी पाहिला चंद्र त्यादिवशी, खरे सांगायचे तर नेहमी पेक्षा जास्त छान दिसत होता",happy
- दोन हजार झाडांचे मोफत वाटप करून नववर्षाचे स्वागत करण्यात आले. ./…,happy
आपणांस व आपल्या परिवारास नवीन वर्षाच्या हार्दिक शुभेच्छा...,happy
सर्व टीमचे हार्दिक अभिनंदन... पुढील कार्यासाठी शुभेच्छा...,happy
"तुम्ही रमाई चे पात्र खूपच छान केलेले आहे, जबरदस्त आत्मविश्वास आणि संवाद फेक",happy
माहिती सेवा समितीच्या कार्यकर्त्यांनी केले तोरणागडावर यशस्वी ट्रेकिंग -,neutral
शीतल ताई आपण एडिटिंग भारी करता हो कसं जमतं हो हे सगळं तुम्हाला,happy
हाफकिन इन्स्टिट्यूट ला नवसंजीवनी दिल्याबद्दल महाराष्ट्र सरकारचे अभिनंदन,happy
साहेब जय महाराष्ट्र..!!आपले पुणे जिल्ह्याच्या वतीने मनःपुर्वक स्वागत,happy
मोबाईलच्या काळात जो दहा ला झोपतो व ला उठतो तोच यशस्वी होणार.....,neutral
"एक प्रतिभावान कलाकार, एक कुशल नेता आणि एक हुशार व्यक्ती, एकत्रितपणे ते समाजात सकारात्मक बदल घडवून आणतात.",happy
"महाराष्ट्राचे एकमेव, रक्षनकर्ता आणि संरक्षणकर्ता",happy
सर्व शक्ती पणाला लावा आता बेरोजगारीवर मात करा.,neutral
वसुबारस निमित्त सर्वांना हार्दिक शुभेच्छा... !,happy
मोलाचा सल्ला दिला माणिक भाऊ,neutral
लवकरच येत आहे आहिल्या देवींची जयंती येळकोट जय मल्हार मल्हार,happy
पण त्यानिमित्ताने त्यांनी मनातली गोष्ट बोलून दाखविली.. हे एक बर झालं.,neutral
सहावेळा जगज्जेती ठरलेली मेरी कॉम मुंबई मॅरेथॉनची सदिच्छादूत./-/…,neutral
ओम् नमः शिवाय हर हर महादेव महाशिवरात्रीच्या हार्दिक शुभेच्छा,happy
तात्या मुळशी पॅटर्न पाहून प्रभावित झाले आणि शेतकऱ्यांसोबत होणारा आम्हाला दाखवला खतरनाक तात्या,neutral
"अखेर भारत आज जिंकला , सोबत मालिका पण जिंकला",happy
होळीच्या अग्नीमध्ये दुष्ट विचारांचे दहन व्हावे सर्वांना होळीच्या हार्दिक शुभेच्छा,happy
"एक चिन्ह, एक पक्ष शिवसेनेच मशाल चिन्हं गद्दारांचा राजकीय अंत करेलच",angry
मकरसंक्रांतीच्या हार्दिक शुभेच्छा !,happy
जाती कशी काम करते याचे उत्तम उदहारण।,neutral
महामार्गाच्या व महामार्गाच्या अभियंत्यांना सोडून इतर सर्व अभियंत्यांना च्या हार्दिक शुभेच्छा।,happy
स्वतःच स्वतःला यशस्वी म्हणायच हे लय भारी आहे .//…,neutral
कोळी बांधवांचा न्यायहक्कासाठी सदैव लढणारे राज शिलेदार किशोर व साक्षी राणे यांना लग्नाच्या वाढदिवसाच्या शुभेच्छा,happy
आपणास व समस्त काॅग्रेसच्या शुभचिंतकांना नुतन वर्षाच्या हार्दिक शुभेच्छा! ./…,happy
सकारात्मकता हा पाया आहे !!,neutral
"साहेब, अभिनंदन, आता पुढील निवडणुकीकरिता हार्दिक शुभेच्छा, विरोधकांची तोंडे चांगला प्रचार करून बंद करा.",happy
मी व माझ्या परिवारा कडुन नवीन वर्ष्याच्या हार्दिक शुभेछा,happy
नविन वर्षाच्या हार्दिक शुभेच्छा भैय्या जी,happy
"अगदी बरोबर, हा चांगला प्रोजेक्ट आहे",neutral
पण विकलांगता पांगळी होण्याची शक्यता आहे.. जबरदस्त...,neutral
वाह क्या बात है सर एकदम बरोबर आहे,happy
कोविशील्ड व कोव्हक्सींन दोन्ही लसीना त्यांचा मान द्यायलाच पाहिजे.,happy
पाणकावळा पण असतो का.... मी पाणकोंबडी ऐकलं होतं. छान माहिती.,neutral
वाढदिवसाच्या हार्दिक शुभेच्छा !! पार्टी कुठे देणार हे कृपया कळवावे.,happy
"तुमच्या सर्वांसाठी ही खरोखरच एक अद्भुत संधी आहे, ती मिळवायला चुकवू नका",happy
या मुलाखतीत एक गोष्ट प्रकर्षाने जाणवली की राजदीप यांच्या पेक्षा खर्गें उत्तम मराठी बोलतायत,happy
मकरसंक्रांतीच्या सर्वांना खूप खूप शुभेच्छा !!,happy
हा मोदींचा भारत आहे इथे दहशतवाद्यांची कबर खोदली जाते..,angry
विष्णुपूरी येथील गुरूकृपा पॅथाॅलाॅजी लॅब च्या शुभारंभ प्रसंगी संतोष हंबर्डे यांना शुभेच्छा दिल्या.,happy
मिनिट मध्ये हा कोड वापरा % एक्स्ट्रा सुट सर,happy
"आपण आमचे प्रेरणा स्त्रोत आहात,आम्हाला तुमच्या योगदानाचा अभिमान आहे! साहेब राष्ट्रीय",happy
अतिशय उत्तम निर्णय आहे,happy
"एकदा हा प्रकल्प पूर्ण झाल्यावर तो झोपडपट्टी पुनर्विकास प्रकल्पांतील एक आदर्श असेल."" असे संबोधित केले.",neutral
बापरे आता भंपर पार्टी च नियोजन करावे लागेल! अभिनंदन .//…,happy
महाराष्ट्र राज्य जैवविविधता मंडळ स्थापना दिवस,neutral
कोणाच्या सहानभुतीची गरज नाही उध्दव साहेबाना... विरोधकासाठी शिवसैनिकच पुरेसा आहे. जय महाराष्ट्र...,angry
नारळी पौर्णिमा आणि रक्षाबंधन सणांच्या मंगलमय शुभेच्छा!!!!,happy
कोल्हापूरचे यांचे हजारी झाल्याबद्दल खूप खूप अभिनंदन,happy
"बरयाच दीवसांनी एक , सुचक, लक्षवेधी, आणि निर्भीड वकतवय पहायला मिळाले",neutral
यावर्षीचा परफॉर्मन्स चांगला आहे विजय भाऊ,happy
सर्व बांधवांना मन:पुर्वक शुभेच्छा..!,happy
तुम्हाला अंधेरीचे आमदार म्हणून नेतृत्व करण्याची उत्तम संधी आहे!,happy
नवे रूप घेऊन नव्या पर्वाची चाहूल देताना निसर्गाचे रंग.,neutral
धन्यवाद महाराष्ट्र सरकार आणि म.रा.वि.पा.कं.(महाराष्ट्र) काल मी नवरात्रोत्सव मध्ये लोडशेडींग बद्दल टि्वट केले होते!,neutral
|| हर हर महादेव ||,neutral
निर्भीड व निपक्ष पञकारितेसाठी अशा विचारपिठाची गरज होतीचअभिनंदन ! ./ /…,happy
आपल्या कार्यास शुभेच्छा जय हो !,happy
अतिशय चांगला निर्णय ताई जय हिंद जय हिंदुराष्ट्र,happy
वरदची मुंज एक अविस्मरणीय सोहळा ../ /,happy
भीक मागून खायची थोर परंपरा आहे पिढ्यानपिढ्या..,neutral
नवीन संधी शोधण्यासाठी थोडा वेळ घेत आहे.,neutral
आपणास आपल्या परिवारास ही दिवाळी च्या मनपुर्वक हार्दिक शुभेच्छा,happy
तुम्हीच ठाकरेंच्या कोसळणाऱ्या पक्षाला वाचवू शकता हे स्पष्ट आहे.,neutral
"मी उद्या खाणारच आहे,",neutral
रक्षाबंधनाच्या आणि नारळी पौर्णिमेच्या सर्वांना हार्दिक शुभेच्छा!,happy
जीवनात यशस्वी होण्यासाठी नेहमी गोड बोलणाऱ्या लोकांपासून सावध रहा. ./-…,neutral
शेखर सुमन पोल खोल बेस्ट प्रोग्राम .//…,neutral
आपल्याला निरोगी दीर्घायुष्य लाभो हिच बाप्पा चरणी प्रार्थना,happy
"आमच्याकडे स्पेशल आहे, त्यामुळे काही चालुन जातं",neutral
हिंदुत्व धोक्यात नाही... आता हिंदुत्व धोख्यात नाही बर का... ही युती सुद्धा हिंदुत्वासाठी....,happy
अभिमानास्पद कामगिरी करीत आहे जय गोपीनाथ प्रतिष्ठान,happy
सर्वांना खूप खुप शुभेच्छा .. ./.?…,happy
दादा वाढदिवसाच्या मनःपूर्वक शुभेच्छा आई जगदंबेची कृपा आपल्यावर सदैव राहो ही प्रार्थना.,happy
"जीवनात घडणाऱ्या चुका लक्षात आल्या की, त्यावर तात्काळ उपाय शोधायचा. आपल्याकडून उपाय शोधता आला नाही तर एकत्र येऊन उपाय शोधायचा किंवा शहाण्या माणसाकडून सल्ला घ्यायचा.प्रत्येक गोष्टीचे समाधान असतेच.खचून न जाता आयुष्याला नवी कलाटणी द्यायची.नवी सुरुवात करायची.",neutral
नववर्षाच्या आपणा सर्वांना मन:पूर्वक शुभेच्छा ! ⁠,happy
यांनी माझा चि मुलाखत भाराऊन टाकणारी होती उत्तम व्यक्तिमत्व आहे.,neutral
भाऊ आपणास वाढदिवसाच्या हार्दिक शुभेच्छा,happy
"देशप्रेम हे ओरडून न सांगता , कृतीतून त्याने दाखवलं.",neutral
"""आमची मशाल ही धगधगती आग, मुंडक्यांच्या रावणाला पेटवल्याशिवाय राहणार नाही""",angry
साहेब आपणास ही नवीन वर्षाच्या हार्दिक शुभेच्छा..,happy
वाढदिवसाच्या खुप खुप शुभेच्छा सरजी,happy
आणि या ट्विटमुळे या व्यक्तीची उत्कृष्ट प्रतिभा दाखवण्यात मदत झाली आहे.,happy
भारतासाठी हा अभिमानाचा क्षण आहे टॉलीवूड चित्रपट चित्रपटातील नातू नातू गाण्याला ऑस्कर मिळाला,happy
नवीन वर्षाच्या हार्दिक शुभेच्छा साहेब ! ./…,happy
ॐ तत्पुरुषाय विद्महे महादेवाय धीमहि तन्नो रुद्र: प्रचोदयात। सर्वांना महाशिवरात्रीच्या मंगलमय शुभेच्छा!,happy
दिशेने घेऊन जायचे आहे!! - डॉ. बाबासाहेब आंबेडकर.,neutral
आपण खूप छान पद्धतीने नियमावली आणिसविस्तरपणे माहिती दिल्याबद्दल खूप खूपधन्यवाद सर्वांना समजेल अशा रीतीने आहे,happy
एकदम बरोबर आहे साहेब,happy
"आजपासून भगवतीचा जागर, नवरूपाचे भाविकांना दर्शन ./-/…",happy
ऐतिहासिक! देशाला पुन्हा मिळणार मराठी सरन्यायाधीश; या न्यायमूर्तींच्या नावाची शिफारस,happy
अरे तूच एक घेऊन ठेव कधी ही कामी येत,neutral
चिमुकल्या हातांनी साकारले पर्यावरण पूरक मातीचे बाप्पा ./---…,neutral
का गाना नाटू-नाटू को मिला ऑस्कर रचा इतिहास...,happy
नव दांपत्याला सुखी संसारासाठी लाख लाख शुभेच्छा,happy
मृत्युंजयाय रुद्राय नीलकंठाय शंभवे अमृतेशाय रुद्राय महादेवाय ते नम: ॐ नमः शिवाय!,happy
आपणांस महाशिवरात्रीच्या मनःपूर्वक शुभेच्छा. हर हर महादेव,happy
मला पण जेवढा हिंदू धर्म महत्वाचा आहे तेवढीच मराठी संस्कृती/भाषा सुद्धा महत्वाची आहे.,happy
"काकांचे शुभ दिवस सुरु आहेत,यासाठी सकारात्मक दृष्टिकोन ठेवावा लागतो..",neutral
अभिनंदन असंच लवकर एकाचे दोन होऊ हि इच्छा,happy
संभाजी ब्रिगेड प्रदेश उपाध्यक्ष राहुल दादा बनसोड यांना जन्मदिवसाच्या रायगडा एवढया शिवमय भगव्या शुभेच्छा,happy
अगदी बरोबर तंतोतंत खरे आहे,neutral
सादर प्रणाम हरि ओंऽम्,happy
सर्वांना महाशिवरात्रीच्या हार्दिक शुभेच्छा!,happy
वाढदिवसाच्या मनःपूर्वक शुभेच्छा भावा,happy
आपल्या भाऊबंदा बदल केवढी ही आत्मियता.. व्वा भले शाब्बास.. खळखळकर.,happy
अफूची गोळी विकणाऱ्यांचा धंदा जोमात सुरु आहे.,angry
|| ॐ नम: शिवाय || आपणा सर्वांना च्या मन:पूर्वक शुभेच्छा!,happy
संत संताजी महाराज जयंती निम्मित हाता येथे आरोग्य शिबिर व् रक्तदान शिबिर उद्घाटन समारंभ,happy
आपणास नवीन वर्षाच्या खुप-खुप शुभेच्छा.,happy
नविन वयाच्या आणि नविन वर्षाच्या हार्दिक शुभेच्छा.!,happy
फारच सुंदर मराठी बोलायचे.ओम शांती.,happy
आई भवानी आणि अख्खा महाराष्ट्र तुमच्या सोबत आहे साहेब...,neutral
ताई तुमचा खुप छान उपक्रम अशीच शेतकऱ्या बदल नवीन माहीती नेहमीच शेअर करत जा,happy
तुझी तेवढी पण लायकी नाही राजमुद्रा यासाठीच लावता का महाराज स्त्रियांचा आदर करायचे,angry
सुरेख रंग आला आहे चव उत्तम असणार,neutral
"गरबा नाइटसाठी 'हे' आउटफिट्स आहेत परफेक्ट, बघा",happy
देशातील प्रत्येक खासदारांनी आयोजन करावा असा खासदार महोत्सव!,neutral
अगदि बरोबर.शंभर अपराध पुर्ण झाल्यानंतर या प्रवृत्तिचा नाश होणार आणि सत्य जिंकणार ...!,angry
तुमच्या लोकांमुळे आज महाराष्ट्राचे चांगले दिवस आले आहेत,neutral
अभिनंदन पुढील वाटचालीस मनसेमय शुभेच्छा,happy
हे भारतासारख्या देशात खूप उपयुक्त ठरू शकते..,neutral
"मी वर्षांपासून सूर्यफूल तेल वापरतो, शेंगदाणे तेलापेक्षा मला हलकं वाटतं,, काय करावं",neutral
देशाचे पहिले कृषिमंत्री डॉ. पंजाबराव भाऊसाहेब देशमुख यांना जयंतीदिनी विनम्र अभिवादन,happy
जय श्री राम... अतिसामान्य भेट तुम्ही त्यांना द्याल अशी अपेक्षा आहे.,neutral
"‛मिराबाई चानू’ने टोकियो ऑलिम्पिक वेटलिफ्टिंगमध्ये भारताला पहिलं ‛रौप्यपदक’ मिळवून दिलं..!! मिराबाई,उदंड अभिनंदन.!!",happy
मदतीसाठी भाऊ सदैव समोर,neutral
"ही लोकं स्पर्धा करतात,आपण प्रेम करतो",neutral
बहुतेक हा सगळ्यात जुने रंगीत चित्र आहे आणि अप्रतिम आहे.आजकाल याची फ्रेम मिळत नाही!,happy
हजार झाल्याबद्दल खूप खूप अभिनंदन लवकरच व्हरिफाईड फुली येवो ही अपेक्षा..,happy
_: प्रत्येक नागपूरकराच्या वतीने मी त्यांचे आभार मानतो.,happy
आपले सर्वांचे मित्र निर्भिड पने व्यक्त होणारे यांचे पूर्ण झाल्याबद्दल हार्दिक अभिनंदन,happy
वसुबारस तसेच दिवाळीच्या सर्वांना हार्दिक शुभेच्छा..!,happy
यश प्राप्त करण्याचा अत्यंत सोपा मार्ग म्हणजे परिश्रम,neutral
नांदूरमध्यमेश्वरमध्ये हून जास्त प्रकारचे पक्षी,neutral
ही लढाई अस्तित्वाची लढाई आहे,fear
महापालिका आता ओला कचरा उचलणार नाही. उत्तम निर्णय,neutral
सर्वम शिवम् सर्वत्रम शिवम्,neutral
आज पासून सुरू होत असलेल्या नवरात्रौत्सवाच्या आपणास हार्दिक शुभेच्छा,happy
ज्येष्ठ नागरिकांसाठी चांगली बातमी .//…,happy
साहेब आमची कागदपत्रे पडताळून शिफारशी पवित्र पोर्टलवरुन निवड झालेली आहेत.,neutral
"मकर संक्रांतीनिमित्त हार्दिक शुभेच्छा..!! तीळ गूळ घ्या, गोड गोड बोला...",happy
अगदी बरोबर आहे ताई,neutral
घटस्थापना व नवरात्रोत्सवाच्या हार्दिक शुभेच्छा !,happy
सर्व पोलिस हुतात्म्यांना आदरांजली जयहिंद,happy
वाढदिवसाच्या हार्दिक हार्दिक शुभेच्छा सर,happy
"यात काहीही नुकसान नाही, ते आपल्या आणि हिंदू संस्कृतीच्या फायद्यासाठी आहे.",neutral
कोजागिरी पौर्णिमेनिमित्त सर्वांना शुभेच्छा..!,happy
आज संध्या कालीन दिव्य श्रृंगार दर्शन जय श्री त्र्यंबकेश्वर ज्योतिर्लिंग जी नासिक महाराष्ट्र,neutral
सर्व शेतकरी बंधू आणि भगिनींना मकर संक्रांतीच्या मनःपुर्वक हार्दिक शुभेच्छा,happy
औरंगाबाद आणि उस्मानाबादच्या सुधारणेसाठी जोशी यांच्या स्तुत्य प्रयत्नांचा आम्हाला अभिमान आहे.,happy
आमचे मोठे बंधू श्री संदीपभाऊ करंडे पाटील यांना वाढदिवसाच्या हार्दिक शुभेच्छा,happy
वाढदिवसाच्या निमित्ताने आज श्री क्षेत्र नारायणगड येथे आशीर्वाद घेतले,happy
माझं झाडांवरती विशेष प्रेम आहे तेही अगदी राखीव,neutral
महाराष्ट्र प्रदेश असंघटित कामगार काँग्रेस तर्फे सर्वांना हार्दिक शुभेच्छा.!,happy
ते तुम्ही सांगायची गरज नाही महाराष्ट्राची जनता सुज्ञ आहे,neutral
निखळ स्वच्छ संस्काराचे प्रतिबिंब ...,happy
भगवान विष्णूचा दहावा आणि शेवटचा अवतार भगवान कल्की जयंती निमित्त हार्दिक शुभेच्छा..!,happy
छत्रपती संभाजी राजे यांना तुळापूर पुणे येथील समाधीस अभिवादन केले.,happy
संचलनात अजुन छान दिसणार हा चित्ररथ ./// …,neutral
सद्गुरु राजेंद्र शिंदे यांनी साधकांना केले मार्गदर्शन ! .// …,neutral
कोरोना वर्षाची चांगली बाजू -डॉ.विजय पांढरीपांडे./--…,neutral
होळीचा हार्दिक शुभेच्छा,happy
सर्वांना नारळी पौर्णिमेच्या आणि रक्षाबंधनाच्या हार्दिक शुभेच्छा ( / ),happy
"देवी शैलपुत्रीची मनोभावे पूजा केल्याने घरात धनधान्य समृद्धी राहते, असे म्हटले जाते.",happy
तुझ्या बाबांना वाढदिवसाच्या हार्दिक शुभेच्छा...पण तु डायट कर बाळा.,happy
वाढदिवसाच्या हार्दिक शुभेच्छा सर,happy
वर्षाच्या सुरुवातीला आनंदाची बातमी ./_/…,happy
"‘चला हवा येऊ द्या’च्या मंचावर भाऊची कमाल,जादूची धमाल ./--…",happy
महाराष्ट्रातील गुजरण्याची प्रक्रिया उत्तम ढळली आहे,neutral
नवीन वर्षाच्या हार्दिक शुभेच्छा भाऊ..,happy
मला विश्वास आहे की माझ्यासाठी एक चांगला वकील असेल.,neutral
डॉ.बाबा साहब अंबेडकर का योगदान अतुलनीय: पांसे ./?=,happy
अभिनंदन !! शिवसेनेचे प्रवक्ते पद पण मिळाले का? ?,happy
वाढदिवसाच्या हार्दिक हार्दिक शुभेच्छा कुमुद,happy
"धन्यवाद भावा, वाढदिवसाच्या हार्दिक शुभेच्छा जास्त झाल्याने नकळत दुर्लक्ष झाले",happy
चांगला विचार आहे पण फडमनवीस ऐकणार का तुमचं??,neutral
"हे तर काहीच नाही, राणीच्या बागेतील पेंग्विन पण आनंदात गरबा खेळत आहेत",happy
कैलास लेणीची अद्वितीयता पर्यटकांना दाखवण्यासाठी डोंगरावर रस्त्याचा प्रस्ताव,neutral
भ्रमंतीसाठी आपणांस सह्याद्रीएवढ्या शुभेच्छा...काळजी घ्या...,happy
अनिल जी सारख्या नेत्यांची गरज आहे भाजपात !,neutral
निसर्गभरून खुप खुप अभिनंदन सर,happy
वाट पाहता बाप्पा तुझी वर्ष कधी सरले आता तुझ्या आगमनाला दोन दिवस उरले,happy
भ्रष्टाचाराची हि कीड काढून टाकणार भाजप येणार मुंबई घडवणार !,angry
ज्ञान आणि विज्ञान यांनी मिळून आपले आकलन पूर्ण होते.,neutral
अगदी खर आहे,neutral
वर्धापनदिनाच्या भगव्यामय शुभेच्छा भागवतजी,happy
होता होता राहीलेला निवडणूक मारो मर्ज़ीभई,neutral
खरा लखोबा तर हा बोबडाच आहे,angry
मुंबईतील घाटकोपरमध्ये धुळवड खेळून घरी परतलेलं दाम्पत्य बाथरुममध्ये मृतावस्थेत आढळलं! ..//-…,happy
वेडाबाई भूतकाळ बघ लोक शेन घालतात आणी दांडा ही,angry
कुर्ला वाहतुक विभागाला फक्त हे पाठवले जाते पण कधी कारवाई होत नाही,sad
"साहेब भाजपा,गोदी मिडीया,अंधभक्त साठी परिवारवाद लागू होत नाही",angry
चित्रा ताई वाघ आणि आपण शिंदे गट काडीचीही किंमत नाही ट्विट ला,angry
एकवेळ मला काही देउ नका । पण शानपट्टी देऊन मला जाऊ नका ॥,sad
हा त्यांचा नैतिक विजयच आहे कारण समोर सत्तेसाठी जमलेले महत्वकांक्षी राक्षस उभे होते.,happy
आता हे वसुली करणारे वित्तमंत्र्यांना फायनांस विषयात बोलणार….कमाल आहे बुवा तुमची!,angry
बस घाण करणारयाना द्यायला बर पडल असत नाही,angry
असा आपण भाबडा समज करून घ्यायचा,neutral
भाजप हद्दपार होत आहे...,happy
म्हणून सांगतो पाव खा पण भाव खाऊ नका...,neutral
कोण मेला ? वारला म्हणायचं आहे का तुम्हाला ? रोजगार वारला का ?,angry
तुमच्यासारखे गद्दार आहेत का अब्दुल सत्तार साहेब,angry
"पंढरपूर, कोल्हापूरच्या निवडणुकीत कुठं मेला होता तु भा*..... लोचट",angry
तुझ्या इच्छेला तुझे घरचे तरी गांभीर्याने घेतात का ?,sad
तुझी तेवढी तरी लायकी आहे का भात्या,angry
"अक्कल नको पाजळू तुझी, हिंदू सणं डोळ्यात खूपतात का तुझ्या ?",angry
आंदोलन करणे हाच उपाय आहे का त्याशिवाल न्याय मिळणार नाही का???,sad
नाटक करूनही सहानुभूती नाही मिळणार,angry
"अजानचा आवाज चालतो, मग हा आवाज का चालत नाही.कानात बोळे घालायला सांग त्यांना.",angry
मला खुळेच्यात हे दिसतात,angry
हा बुआ येडा आहे.,angry
अबे म्हणजे तू पण लोकांच्या पंक्तीत बुंधी वाढायली का,angry
संज्या एक नंबर चा भूरटा आहें,angry
रुपया घसरण हे भारतच्या हिताचं आहे का ? कमेंट करा,neutral
लई कानफटवला होता या शेनक्यांनी,angry
"हीच संस्कृती पंढरपूर,कोल्हापूर वेळी कोणाला भाड्याने दिली होती का",angry
हा जो शिवसेनेच्या विरोधात खेळ खेळत आहात याचा परिणाम भोगावे लागणार आहेत,fear
असे तर फक्त आई वडीलच असतात! अशी अपेक्षा इतर कुणाही कडून फार दुःख देते!,sad
आता विष पायजे का झोप तुम्हीच ठरवा,angry
अंधारे बाईंचा जास्त कल हिंदूंना शिव्या देण्याकडे आहे.,angry
आणि नंतर पश्चाताप देखील करतात.. इतकी कशी ही अर्धवट म्हणून!!,angry
खरच हा पक्षच धर्मद्रोही आहे .,angry
या चोंग्याला बाळासाहेब आणि त्यांचे नेमके विचार माहित आहेत का ??,angry
"""स्वतः मंत्री, लेक खासदार, दुसरी जि.प. अध्यक्ष...मात्र ही घराणेशाही नाही बरं!"".",angry
हारफीकनी ते गटार तोंड स्वच्छ नाही होणार.,angry
तुझ्या बापाचा कायदा आता विसरून जा,angry
सत्ता असताना घरी बसले होते घरकोंबडे आणि आता हे बोलायला सुचतय,angry
"नामर्द बोलतो आहेस, स्वतः कडे बोट आहेत ते बघा",angry
बीड जिल्ह्याची परिस्थिती आता तरी प्रशासनाला जाग येईल का,sad
अर्धवट ग्रुपचा नेता आहे हा,angry
फैजाबाद ही निर्लज्ज पणाचा कळस आहे... असुरी प्रवृत्ती आहे ती,angry
गद्दारीची ढाल तलवार अनाजी पंत कडे पण होती..,neutral
"म्हणजे आम्ही रिकामेच आहोत तुमच्यासारखे, मोक्कार पैसा कमवायचा तुम्ही आणि काम करायचं आम्ही वा.......",angry
पोलीस स्मृती दिन निमित्त देशासाठी कर्तव्य बजावत असताना शहीद झालेल्या हुतात्म्यांना भावपूर्ण श्रद्धांजली !!,happy
तु कोणत्या क्रिकेट प्रकारात प्लेअर होता?????????????????? उपाध्यक्ष होण्याची तुझी लायकी काय???????,angry
"“सहानुभूती, डोळ्यात पाणी,” राज ठाकरेंची उद्धव ठाकरेंवर जोरदार टीका; म्हणाले “कोणतीही लाट…”",angry
"पक्षाने तिकीट कापलेले तुम्ही, का उगाच हसं करुन घेताय.",sad
ज्या देशात आधी शिक्षणाला धंदा करून ठेवलं आहे तिथे अपेक्षा तरी काय करायची,sad
यांना विचारांपेक्षा सत्ता जास्त महत्वाची आहे.,angry
मला हेच नाही समजल की कुणाला कु*चे भुंकणे कसे आवडू शकते.,angry
म्हणजे बीजेपी कीड आहे,angry
जर काँग्रेस वाले एवढेच भ्रष्टाचारी आहे तर तुम्ही का त्यांना भाजप मध्ये घेता?,angry
"गद्दारी करुन, आपले टँक्स पैसे भष्टाचारी लोकांच्या हातात दिल्यामुळे लोकखत नि पुरस्कार दिला",angry
समर्थकांनी पक्षातील चुका दाखवणं हा त्यांच्यामते गुन्हा समजला जातो....,angry
"तुम्ही नेते आहात यात शंकाच आहे, एवढी बालबुद्धी तर लहान मुलांना पण नसते",angry
मुंबई हि मराठी माणसाची आहे तुज्या सारख्या भय्यां ची नाही,angry
कायमस्वरूपी बंदी का नाही केली.? कुठली सेटिंग झाली आहे??,angry
हा गद्दार अजुन आपल्या सारखे गद्दार शोधतच फिरतो आहे वाटत ....,angry
हा माणूस खूप मोठा गैरसमज समाज्यात पसरवत आहे. याच्या ज्ञानात भर टाका.,angry
तुला शिवसैनिकांनी चांगल हाणला होतो त्यामुळे तू बोलतोयस,angry
कोणीतरी आपल्याला काहीतरी देतं म्हणून त्यांच्या सोबत जोडून राहणं मुळात ही अपेक्षाच चुकीची आहे,sad
घाणेरड्या विचारांचे / आहेत हे वडापाव सैनिक,angry
त्रास भोगल्याशिवाय अक्कल येत नाही...! अर्ध्या तासाच्या पावसामुळं होणारी तारांबळ खूप गरजेची आहे,sad
आज सणाचा बाजार आहे अन हा सकाळपासून मोक्कार पडतोय..,angry
"ह्यांच्यात कसला आला राष्ट्रवाद, हे तर भ्रष्टवादी",angry
"असे प्रश्न विचारू नका सर, ते वेडे पुन्हा काही वेडसरपणा करतील हो.",angry
दोन्ही राज्यांत भाजपच्या मुख्यमंत्री आहेत म्हणजे हे सगळे सोंग ठरवुन केलेली आहे असे समजावे,angry
"भारतात राहून पाकिस्तान जिंदाबादच्या घोषणा देणे हे निषेधार्यच आहे,अशा लोकांना कठोरात कठोर शिक्षा झाली पाहिजे...",angry
मशाल हे गद्दारसाठी आहे,angry
मोदीभक्त यांचे नाव घ्यायला परवानगी नाही दिली वाटत साहेबांनी,angry
अरे भुरट्या चोरा तुझ्या बापाचा नोकर आहे का राहुल गांधी तुझ्या प्रश्नाची उत्तरं द्यायला,angry
सरकारला खाजगीकरण करायचे आहे.. ज्यामुळे गरिबी आणखी वाढेल..,sad
"उद्धव हा दुर्मिळ आहे - लाचार, निरुपयोगी आणि निर्लज्ज",angry
तेथील काम आपण केलेले नाहीत कधी कराल?,neutral
उद्धटरावांनी आता मशालीनेच स्वतःच्या वडिलांचा पक्ष जाळायला काढला आहे.,angry
मुख्यमंत्री मराठी बोलायचं सोडून सातत्याने हिंदी का बोलत आहात? उत्तर द्यावे!,angry
"खूपच...!!! अगदी पिसाळल्या सारखे पूर्ण वातावरण दूषित करतात, कसलाच एकोपा राहिला नाही..!!!",angry
बुर्जी पटेल ला उमेदवारी दिली ..तेव्हा तू कोणत्या बिळात लपली होती ग...झिपरे,angry
"कुत्ते तो बेहतर होते हे ,साले सुवर हे",angry
काही शेण किड्यांना असा राहूल गांधी फोटो बघितला की जाळ होतो......,angry
माय दिवाळी फराळ चाखुन कंटाळा आला सुद्धा,neutral
तुम्हा लिलीपुट-कोंबडीचोर पिता पुत्रांपेक्षा या ब्रम्हांडा मध्ये कोणीही पणवती नाहीत हे जग जाहीर आहे,angry
हिंदू पोरींना हिंदू मुलगे मिळत नाहीत का? भिकार करीना कपूर बघ,angry
"मला कधी कधी वाटतं ते आपल्याला ""माणसं कुठली"" म्हणून हिणवत असतील.",sad
महाराष्ट्र मधील शेतकरी जातोय भिक मागत आणि ह्याची दिल्ली वारी सतत सतत,sad
या मार खायला सोबतीने,angry
गद्दरांना त्यात पण पोट दुःखी होत आहे का ?,angry
ह्याचे पूर्वजांनी हाताच्या पंजाचा वापर करून झोपले असते तर ही वेळ आली नसती,angry
नको रे बरसू असा अवकाळी तू वरुणराजा अन्नदात्याची नको रे बघूस अशी तू सत्वपरिक्षा,sad
सुप्रीम कोर्टाने काल च्या निर्णयात पण कठोर भुमिका घ्यायला पाहिजे होती....,sad
चायबांची गुलामी करणारे सुद्धा लाळचाटे असतात हे काय नवीन नाही..,angry
- ? कुठल्या जमान्यात आहेस? कमीत कमी पाहिजे आता..,neutral
राष्ट्रवादी आणि काँग्रेसने हातात धरलेलं 'मशाल' जनता स्वीकार करणार नाही !,angry
क्रांतीच्या वल्गना केल्या पण आता भीतीपोटी वांत्या सुरू झाल्या अलिबाबा आणि चाळीस चोरांना..,angry
हे विरोधक म्हणजे एकमेकांचे पाय खेचणारे खेकडे आहेत,angry
तुमीच राहिले होते आता फेकाची गोष्टी सांगायचं,angry
खरं सांगा फाटली होती ना साहेब,angry
मोदीजींचे हे पूर्णपणे चुकीचे आहे. मनीष सिसोदिया यांना अटक,angry
आता बोला कोण विरोध करणार याला? आहे का हिम्मत?,angry
हा पॅटर्न अंध भक्त होण्यासाठी अनिवार्य आहे,angry
निर्लज्ज सदा सुखी! आपल्या बंगल्याच नामकरण केले काय! बाबासाहेबांची मातोश्री!,angry
खरे आहे. पण हे खोके किती दिवस पुरणार? कधीतरी संपणार आहेतच. मग त्यानंतर काय?,neutral
आणी शिवसैनिक की भाषा मे महाराष्ट्र द्रोही मोहीत कंपोष्ट महा चुटीया है..,angry
पूर्वी पाऊस पडावा म्हणून बेडकांची लग्न लावली जायची. आता त्याचा घटस्फोट घेयची वेळ आली आहे,angry
"किती भडकातोस रे, मागील दरवाजा ही तर शाखा वाल्यांची खासियत...",angry
देशाचा गृहमंत्री एक आरोपी असताना देशाचे अजून काय हाल होणार भामट्या...,angry
हा म्हणजे तरंगणारी विष्ठा य,angry
नवीन संडासाचे उद्घाटन सोडून तुम्ही काय केलं आहे का मतदार संघात???,angry
नाही देणार नाहिच चांगली झाली की गौशाळेत नेणार आहे तिला,neutral
कांड केलंय म्हणून ब्लॉकची सजा का नाही केलंय त्याची सजा? बेंचो,angry
तुमच्या सारख्या गद्दारांना ढाल-तलवार नाही...तर खंजीर शोभुन दीसेल....,angry
अशा मवाळ भाषेने असे नाठाळ सुधारणार नाहीत. यांना जोड्याची भाषा,angry
गांडो वाकडा आनी गांडो मराठी माणूस! एकच राहिला होता वाघ तो पण झाला हिजडा!,angry
छान संस्कार केलेत....बघा मतदारांनो अशा लोकांना निवडून आपण देणार का,angry
कोकणासह राज्यात ओला दुष्काळ जाहीर होणार अत्यंत गरजेचं आहे.,sad
बघा तुमच्या नशिबी हे काही नाही.... दुसऱ्याची नाव लावायला लागतात...,angry
मुरजी पटेल चा फॉर्म भरायला कोंबडी चोराचं कार्ट गेलं तिथंच पनवती लागली होती,angry
कोण तुम्ही कुणीही ओळखत नाही तुम्हाला मग का पुढे पुढे करायचं,neutral
"ट्विटर नाही अपमान सोडा , आणि आपल्याकडे बटन आहेच की...",neutral
तू पेंग्विन ची खाजवून चोखतो का,angry
असे कोण आहे रे तिकडे? च्यायला.. माझीच शेपटी होती व्हय,angry
जनावरं ही त्रस्त आहेत रामराज्यात.,sad
पण असं कुणी परीक्षा आली की पळ काढत का?,neutral
"भंगारा,पहाटेचे शपथविधी चालते का?",angry
मग पंढरपूर नांदेड कोल्हापूर इथ काय झालं होत कपटी भाजप,angry
आय शेमण्या काही कुठला संदर्भ आहे का..की नुसताच उपटत बसलास च्या धक्क्यामुळे..?,angry
"अच्छा म्हणजे मुरलीन काम केलेली नाही अस नाही , त्याने पैसे खाल्लेत असय",angry
परतीचा पावसामुळे जे सोयाबीन शेतकरया च नुकसान झाले आहे त्या कडे पन लश दया.,sad
रात्री भेटणाऱ्या एकनाथला विचार फडणवीस ला का भेटत होता वेषांतर करून तो सांगेल,neutral
हे असल्या छपरी लोकांची कसली पत्रकार परिषद घेता.. लायकी आहे का याची.,angry
स्वपक्षा बद्दल बोलतांना काहीच वाटत नाही का मालक बोंबलणार ना....,angry
ही दळभद्री फक्त हिंदू धर्मावरच बोलणार इतर धर्मावर बोलायला वीतभर नाही हातभर फाटती,angry
तुझ्या सारखे म्हणजे शंबर टक्के शेजाऱ्याला पप्पा म्हणणारे तुम्हीं.,angry
अवघड आहे ही,neutral
बास करा ही नाटकं किती दिवस धर्माच्या नावावर राजकारण करून लोकांना मूर्ख बनवणार,angry
काहीच कळलं नाही कृपया राष्ट्रभाषा मराठीत सांगा!,neutral
सत्ते मधे कशा साठी बसले तुम्ही हे आधी सांगा जनतेला,neutral
“अंधारात गाडी उभी केली आणि…” या अभिनेत्रीला आला प्रवासात धक्कादायक अनुभव,happy
टीव्हीचॅनल तर वेगळेच दाखवत होते..... किती खोट बोलणार...( टीव्हीचॅनल वाले नाही ) ?,angry
"भाजपाला टार्गेट करत, नेटकऱ्यांनी बाळासाहेबांच्या नावावरून शिंदे गटाला केले ट्रोल –",neutral
मा.सत्यजित कदम ह्यांना उमेदवारी देऊन त्यांना कायमचे घरी बसावलत...हे कितपत योग्य आहे ओ साहेब....,angry
"भाजपाईं हरामख़ोर काही ही करूँ शकतात, पाताळयंत्री",angry
हा पण बुडते ती निष्ठा तरंगते ती विष्ठा,angry
"तुमचं दुर्दैव हे आहे की ""सहानभूती आणि मतं"" दोन्हीपण लोक तुम्हांला देत नाहीत.",sad
तुरुंगातल्या शौचालयात गैरसोय झालेल्या आपल्या पार्श्वभागावर,angry
अख्खी लोकशाही ची धुरा एका माणसावर अवलंबून असावी हीच शोकांतिका आहे,sad
"भंगार आहे हा भंगार ,महाराष्ट्र ला लागलेली ही एक मोठी किड आहेत.",angry
: लागवड घटल्याने यंदा कांद्याचे होणार वांधे !,sad
या भुंकणाऱ्या कुत्र्याला पैसे भेटलेत म्हणून भुंकतोय,angry
आता जास्त बोलू नको..व्हिडिओ पाठव..तू बोलतोस जास्त..काम कमी.. चल कामाला लाग रे.,neutral
स्वर्गात दारू मिळत नसेल तर तिथे जाणे व्यर्थ आहे.,neutral
तुझ्या बापाची कुळं जरी आरी तरी तुझं कुत्रीस्वप्न सत्यात येणार नाही...,angry
फक्त गुजरातच नाहि तर त पण हरणाराच ही काळ्या दगडावरची पांढरी रेघ आहे.,neutral
हा पत्रकार नेमका दसरा दिवाळीला च जागा होतो !!,angry
ला जनमताशी गद्दारी केली त्यांना जाळणार ही मशाल,angry
हे तुमच्या सारख्यांचा सर्वे करुन नंबर असतील %,angry
श्रमाला किंमत नाही. आणि अशा व्यक्तीने खिल्ली उडवावी जी स्वतः परिचारिका होती,angry
सुप्रीम कोर्टाने दिवसभर वेळ खाण्याची काहीही गरज न्हवती. सकाळीच निकाल देऊन मोकळं व्हायचं होत.,angry
"अन् हा भाऊ या जन्मातच फुटला घरातुन ,किती कच्चा म्हणायचा!",angry
कोण तरी चोम्या सांगतो म्हणून ऐक नारी आंधळी भक्त भ्रस्टाचारी जनता पार्टी,angry
"ताई,,,ज्याच्या बापाची आहे त्यांच्या कडून हिसकावून घेतली कुठे फेडाल हे पाप",angry
अरे कोरोना मध्ये मेला असतास तर बरे झाले असते...हा प्रश्न कुणी विचारला नसता,angry
हे देशद्रोही आहे. —एक अंधभक्त,angry
महाराष्ट्रीयन ऑफ द इयर आहे की बिहारीयन ऑफ द इयर,angry
पोलिसांना बघून पळून कोण गेला होता,neutral
ढु धुण्याच्या परंपरे मूळे सुद्धा बराच त्रास होत असेल.... तसेच येत असतील ऑफिसला,neutral
जमल तर त्या तून अंधेरी एकदा नक्की बघून ये म्हणजे इज्जतीचा भाजीपाला होणार नाही,angry
"तिला बँकेत नोकरी करयाची होती पण...', रस्ता सोडून घरात घुसलेल्या ट्रकने तरुणीस चिरडले",sad
गद्दारांच्या जिवावर मजा मारत आहेत,angry
पळून लय भारी गेलता हा संदीप,happy
हिंदूत्ववादी सरकारमधे गोरक्षकांवर हल्ले खपवुन घेतले जाणार आहेत का?,angry
अवघड आहे मराठी पत्रकारीतेचं,neutral
"आतातरी समजुन जा, ह्यांच्या पक्षानेच तुमची ही अवस्था केलीय.",angry
मग कोर्टात कशाला झक मारायला युक्तिवाद करतात का,angry
नीट घासत नसणार मग तु त्यामुळे तर तुला टॅग केलय,angry
या झोपलेल्या सरकारांना कोणाच्या हृदयाची अवस्था सांगा. बेरोजगारीमुळे अनेक रसिकांची मने उद्ध्वस्त झाली.,sad
प्रकाश जर जाणकारांनी टाकायचा तर तुमची मशाल काय फक्त मिरवायची निशाणी आहे का,angry
जेव्हा मन साथ सोडत तेव्हा माणूस हरतो आणि मरतो,sad
महेश कोठारे ला हे वाचून किडनी मध्ये हार्ट अटॅक आला असेल,happy
"वर्ल्ड चॅम्पियन संघाला हरवलं पण नवख्या संघानं धुळ चारली, आयर्लंडनं उघडलं खातं",happy
साल्या आमच्यामुळे लोक प्रतिनिधी झालास आम्हला किंमत नाही,angry
तेच तर म्हणतोय बाकीचे का झोपलेत?,neutral
हो म्हणजे भाजपा व्यग्र असल्याचे दाखवते पण आळशीपणा हे खरे कारण आहे,angry
मुळात गद्दारी ही कुठल्या जातीपूर्ती मर्यादित नसते. गद्दारी हा एक स्वभाव आहे.,neutral
तुम्हीच विचार करा स्वायत्त संस्था विश्र्वास ठेवण्या लायक राहिलेत का.....,neutral
स्वतःच्या ठुगना खाली पाणी आले का लोक सुशिक्षित होतात.,neutral
पप्पुचा चोखून चोखून तुझ डोक फिरले आहे,angry
कामाला तर लाग म्हणावं बाबा.. कुठे स्व बाळासाहेब आणि कुठे हे.. अवघड आहे सर्व..!!,neutral
आणि म्हणतात आम्ही बाळासाहेबांच्या विचारावर आदर्शावर चालतोय. सत्ता मिळताच त्यांनाच विसरले.,angry
कोणतीही निशाणी मिळाली तरी कपाळावर लागलेली फुटीर आणि गद्दार ही निशाणी पुसता येणार नाही!,angry
मूर्ख मानस या महाराष्ट्र मधले राने...,angry
"अरे आम्हांला कडवे चालतील पण तुझ्यासारखे भडवे नको, मुफ्तीला सोबत घेणारे सत्तापिपासू",angry
केवळ मराठी माणसाचा नाही एकूणातच कलेचा अवमान झाला आहे..,sad
"अरे हे कुठं नायजेरियाला पोहचले भारत जोडण्या अगोदर इथं पाकिस्तान, बांगलादेश राहूनच गेले",angry
च्या ट्विटर हँडलचा असा वापर करणं अत्यंत चुकीचं आहे.,angry
भाजपच्या भ्रष्ट नेत्यांची चौकशी केव्हा होणार?,angry
काँग्रेसच्या कुबड्या एवढ्या मोठ्या असतात की काँग्रेसमधून हाकलून दिलेले पण भाजपात मंत्री होतात.,angry
तुमच्या सारखा स्वाभिमान गहाण नाही ठेवला त्यांनी,happy
पडलेला तोंड सगळं काही सांगून जातोय..,sad
तो भूमरे नाही दादा.... भुंकरे आहे.... भुंकण्याच काम करतोय...,angry
काम नीट करायची नाहीतर आम्ही जनता तुम्हाला तुमची जागा दाखवून देईल....,angry
"थोरात,.विखे,आंबेडकर कोर्टात जाणार.त्यांच्या नावाचा गैरवापर केला म्हणून.",neutral
उत्तरे देण्याची हिम्मत नसली की ब्लॉक करणाऱ्या फट्टु नेत्याला पुरस्कार म्हणजे हास्यास्पद आहे,angry
कुलकर्णी ना म्हणजे डोक्यावर पडलेला असायलाच हवा.,angry
हा तोच ना ज्याच्यावर शिवसेनेच्या महिला नगरसेविकांनी आरोप केले होते....ह्याची लायकी आहे का??,angry
ते विश्वासार्ह फॅक्ट चेकर्स काही दिवस तुरुंगात होते असं समजलं,angry
आपल्यालाच सांगावे लागणार….. आणि आता लोकांनाही यांची खेळी लक्षात येऊ लागलीय.,happy
ज्यांनी मध्ये विलीन करून गहाण त्यांनी जास्त न्यान पाझळू नये,angry
आता बोला आहेत त्याला महापालिकेला जबाबदार का धरू नये,angry
महिला सक्षमीकरणाचे ढोंग बंद कर आणि महाराष्ट्रातून पहिले निघ,angry
फुले शाहू आंबेडकरांच्या महाराष्ट्रामध्ये लहानग्यांना शिक्षणासाठी आंदोलन करावं लागणं हे लाजिरवाणे आहे.,sad
तूझ्या खाली का जाळ पेटलाय पण ? जा पळ बर्फाच्य लादीवर जाऊन बास पटकन,angry
जनसेवा बंद होऊन काही वर्ष झाली.,sad
पवारसाहेब आणि अमेरिका ह्यांच्यात एक साम्य आहे ह्यांच्या भरवशावर राहणारे आयुष्यातून उठून जातात,angry
काही महीन्यातचं बाळासाहेबाची शिवसेना आणी भाजपा सरकारची उतरती कळा दिसायला लागली.. हे प्रभु,sad
"जळ जळ तय,सहन होत नाही अन् सांगताही येत नाही कुरेशी सर",sad
आम्हाला पूर्ण पत्ता पाठवा आम्ही तुम्हाला विनंती करतो तूम्ही दिलेला पत्ता पुरेसा नाही आहे.,neutral
मैदान मिळाले म्हणून लयं नाचले होते... आता आयोगापुढे...,angry
गरिबांना लुटले म्हणून तुम्ही जेल मध्ये आहात,angry
पण डॉलर च्या तुलनेत रुपया खाली येतोय .. त्याचं काय,sad
पहिले शिवसैनिक म्हणायचे बाळासाहेबांची शिवसेना. आणि आता शिवसैनिक बोलतात बाळासाहेबांची शिवसेना म्हणजे बाळासाहेब कोण?,angry
साहेब येवला तालुक्यात पावसाने भरपूर नुकसान झाले येथील शेतकऱ्यांना सरसकट मदत मिळवण्यासाठी पाठपुरावा करा.,happy
ग्रामपंचायत ली पक्ष नसतो आम्हाला हेच शिकवलं शाळेत तुमची कोणती शाळा होती,angry
ही गोष्ट घरात सांगायच विसरले होते वाटत,neutral
हे त्या नेपाळी बेडकाना सांग आधी गद्दार,angry
उध्दव ठाकरेंनी तुझ्या आईच्या बोच्यांत काय लंड घातला होता का,angry
अंधेरीत विधानसभेची उप निवडणूक आहे. जनतेला मूर्ख बनविण्याचे उद्योग चालू आहे.,angry
"“उद्धव ठाकरे हताश, अकर्तृत्ववान, अहंकारी”, भाजपा आमदाराचा टोला; म्हणाले, “घरात बसणाऱ्यांना…”",angry
अडणीच्या पोर्ट्वरचा फुकटचा माल कितीही घेतात आणि असे बडबड करत राहतात.,angry
आपल्याला आणि पक्षाला खूप मोठी भरपाई भरून द्यावी लागेल,sad
महाराष्ट्रात हल्ली चाललेल्या गल्लिच्च राजकारणाबद्दल खालील समर्पक दंतकथा लागु होते .,angry
हा नंतर ताईची हाथ जोडून माफी मागेल बघा...,angry
नाचणाऱ्या मोराचे पाय वाकडे असतात असे म्हणतात,neutral
दुसर्याबरोबर पळून गेलेली बायको आता इस्टेटीत वाटा मागत आहे,angry
हे एवढ्या लेकराला कळतं ते आपल्या थोरा मोठ्यांना कधी कळल ???,happy
"होय मान्य ,स्पर्धेचा युगात माणूस देशात आणि समाजात काय चालू आहे हे विसरत आहे",sad
"स्क्रिप्ट तयार होती, दसरा मेळावा नंतर घोळ झालाय.",happy
हे आपल्यातीलच जयचंद गणोजी शिर्के फितुर हबशी...!!!,angry
ते थापा का कोण घरगड्याच काय कौतुक लागलय भक्तांना पक्के खुळ्या लवड्याचे आहेत,angry
ढुंगण दांडा काय ती भाषा आणि काय ते ढोंग आणि कस ते पळणे,angry
कठिन काळ विश्वप्रवक्ता यांनी निर्माण केला आहे त्यामुळे सदय परिस्थितीला तेच जबाबदार आहेत,angry
सध्या वरचे वर ढग फुटी होती आहे पुण्यात,happy
आम्हाला ऑप्शन असतो का,neutral
"झागल्या , कुळाचा उद्धार करून घेतल्याशिवाय खालची खाज जात नाही का रे भ ????",angry
"आयोगावर विश्वास बसत नाही आणि कोर्टवर सुद्धा, कलयुग है",angry
देवतांचे विडंबन करतो; पण त्याविषयी कठोर कारवाई मात्र होत नाही.,angry
बंद करा हे थिल्लर चाळे.,angry
शिवसेनेला मशाल म्हणजे माकडाच्या हाती कोलीत दुसऱ्याचं घर जाळता जाळता स्वतःच सुद्धा,angry
दादा दुसऱ्यांच्या हिंदी वर दात काडत होते आता दातावरच पडले,happy
ही आणि दानवे काहीही बोलतात,neutral
"आगरकर, न्या. रानडे यांची नावे घेणार नाहीत. ते ब्राह्मण होते म्हणून ना !",angry
असे नसते तर.तसे केले असते...वेळ होती तेव्हा पळुन गेला.,angry
प्रशासन हे फक्त लोकांची गैरसोय करण्यासाठी आहे,angry
“शिवसेनेला सहानुभूती मिळतेय हा भ्रम आहे!”- राज ठाकरे यांचे मनसैनिकांसमोर प्रतिपादन…,angry
हा वकील जज ला चूत्या बनवत असेल पण भक्ताना नाही,angry
आम्ही ही एक जणाला खुप मारला..मामीचे गाणे पाहत होता ऑनलाईन..,angry
"बकवास प्रश्न, जो निवडणूक आयोगाच्या कक्षेत येत नाही.",angry
म्हणून तर कमळी ला शिव्या देतो आम्ही नीच लोक आहेत सगळे तुझ्या सारखे,angry
पुणे आजुबाजुने भ्रष्ट लोकांनी वेढलेल आहे.मुंबई आजुबाजुने समुद्र गुजरात बीजेपीने वेढलेल आहे.,angry
सारख्या मुरब्बी कॉंग्रेसींचा आदर होत नसेल तर असल्या आघाड्यांना कुलूपं ठोका.,angry
नावाचे सगडे असतात हे मान्य झालाय !,angry
प्रश्न ला प्रश्ना ने उत्तर देऊ नका.. काय काम केले ते सांगा,angry
काय नष्टर हाय हा पंतप्रधान रा पगार व्हायच्या आत राजीनामा,angry
भावा याला माहित नाही पुणे काय आहे तर पुरा येड झवा आहे हा,angry
ह्याला म्हणतात दाणा टाकून घोडा उडवून घेणे चुत्या,angry
त्यामूळे आपल्याला त्रास होतो. गर्दी होते तिकिटे मिळत नाहीत गाड्या उशिरा धावतात,sad
"तुझ्या सारखं लाळचाटे, सतरंजी उचल्यांच्या खरकट्यावर नाही जगत देशातील जनता?",angry
ज्या काळात कॉंग्रेस सत्तेत होता त्यावेळी होते. संघर्ष करायची वेळ आल्यावर पळून गेले,angry
स्वतःहून खड्डयात जायचा निर्णय घेतला असेल तर कोण थांबवणार.. विनाशकाले विपरीत बुद्धी,angry
कोणालाही जनतेशी काही देणं घेणं नाही...... कुठे गेली लोकशाही.....ही तर नुसती मनमानी,sad
म्हणे ठाकरेनी काहीच काम केली नाही ?,happy
"पत्राच्या बदल्यात गृहखातं नाही, निदान तरी मिळेल का? - एक आशाळभूत मंदसैनिक",angry
"फडनवीस उद्धव साहेबा पर्यंत ठीक आहे, बाळासाहेबाचा नाद नका करू..",angry
"यांनी देशासाठी केलेला त्याग आहे ,तुम्ही त्यांच्या पाया पडायच्या ही लायक नाही",happy
दोघे ही न लायक आहे कोणीही भीक घालत नाही निघा ...,angry
"गेल्या महिन्यापासून मी तुम्हाला मेल करीत आहे, एकदा बघून उत्तर द्या साहेब",neutral
मला कोणी बेस्ट फ्रेंड मानत नाही,sad
पुढील दिवसात तुमचे सरकार कोसळणार हे नक्की...,happy
बुडाला अंगार लागली का?,happy
| अभिनयासाठी मौनी रॉयने शिक्षण अर्धवट सोडून गाठली होती मुंबई…,neutral
सगळ्याना भारताचे नमूने म्हणून गौरवा हो आता... तेच बाकी राहणार आहे....,angry
अल्पवयीन मुलीवर अत्याचार करून गर्भवती केल्याप्रकरणी नराधमास वर्षे सक्तमजुरी,angry
मानसिक त्रास होत आहे त्यांना,sad
"हे चिन्ह अडचणीत आहे , न पेटताच विझणार बहुतेक",angry
महाराष्ट्रात आता खरी तीच परिस्थिती निर्माण झाली आहे. आता सत्ताधारी काय काम करीत आहेत,angry
तुमच्या तोंडात डबाभर तुप आणि पोतंभर साखर...,happy
बाबू जानू म्हणणारे एक नंबर चे फालतु असतात,angry
म्हणजे आज ही घरा बाहेर काढलं वाटतं तुला वहिनींनी,angry
"कोल्हापूरमध्ये, रस्त्यात खड्डा आहे की खड्ड्यात रस्ता तेच कळत नाही...",angry
राजवाड्यात राहणारा भिकारी देश म्हणजे भारत,angry
ढुंगण सगळ्यांना असतं पण लाथा आणि दांडा खाणारे तुमचं एकच असतं,angry
हे असल शिकवले का हो तुम्ही तुमच्या शिल्लकसेनेच्या गतीमंदाना,angry
काच जर का खाली केली असती तर कानाखाली सुध्दा बसली असती...,angry
असे पन भाजपाचा पराभव होणारच आहे,happy
"लाज शरम बाळगा थोडी तरी, देश रसातळाला चाललाय जन जागृती करा",angry
राजीनामा द्या आणि निघा इथून महाराष्ट्रातून,angry
काय हाय का नाही. नुसतच.,neutral
"सावधान,करोना . थेट इम्युनिटीवर करतोय हल्ला, थंडीत घालणार थैमान, ही लक्षणं धोक्याची",fear
महाराष्ट्रात घाण येणार आहे ! म्हणून लोक नाकाला रुमाल लावणार आहे,angry
दादा ही अंधभक्त त्याच्या मालका सारखे बांडगूळ आहेत..त्यांचं हिंदुत्व त्यांना हेच शिकवत..,angry
आमच्या जिल्हामध्ये ही संस्कृती विसरले होते... देगलूर नांदेड. हे भाजपावाले,angry
ज्यांनी कांड केलेत त्यांनी काळजी करावी तुम्हाला काय करायचं आहे,angry
काळू-बाळू यांचा तमाशा पहिला आहे का...? जबरदस्त असतो तुम्ही एकदा पहाच,happy
बरोबर आहे कारण 'गद्दार' हा शब्द पुसून पुसल्या जाणार नाही महाराष्ट्राच्या राजकारणातून.,angry
अबब! स्कूल बसमध्ये हा कोठून आला अजगर? व्हिडिओ पाहून कुणाचाही थरकाप उडेल,fear
सत्तेचा माज आहे सत्ताधाऱ्यांना!,angry
धोक्याचा इशारा तर नाही ना सर हा,fear
तिकडे पण बाळासाहेबांचीच सेना आहे मग परत ह्या सेनेची महाराष्ट्राला गरज आहे का..,neutral
"हा खरोखरच मोठा घोटाळा आहे, यावर कडक कारवाई झाली पाहिजे",angry
अशिच कार्टून काढ़ून मोदी-शाहा किंवा इतर नेत्याना शेरेबाज़ी केली तर तुम्हाला का झोंबते?,angry
"सरळ ऑफर लेटर,ये तो घोटाळा है रे बाबा",angry
मराठी एकाच विषयावर किती वेळा फिल्म काढतील मागचा वर्षी च तर पावनखिंड आला होता,neutral
हिच का ती पोळ बाई घरात संडास सुध्दा नाही गंगाबाईची पोरगी.,angry
तू हे सांगणारा आहे कोन भाई,angry
अशी एक तीव्र सणक डोक्यात जाते,angry
अभिव्यक्ती स्वातंत्र्य म्हणजे बंगल्यावर नेऊन बेदम मारहाण करणे,angry
पाकिस्तान पेटवायला हवा होता,angry
याआधी प्रिंसेस हया आणि प्रिंसेस लतीफा यांच्या बंडाची आणि छळाची प्रकरणं समोर आली होती.,sad
हे कुचीड आहेत. नवीन ब्रीड आहे,angry
तुमच्या सारखे रडके नाहीत. बाळासाहेबांसोबत गद्दारी केली फावड्याने.,angry
खरं आहे. पण हे शेणकिड्यांची बुद्धी मानत नाही.,angry
"कलाविश्वात पसरली शोककळा, बॉलिवूडचे ‘हे’ दिग्गज हरपले…",sad
वन्यप्राण्यांच्या हल्ल्यांमुळे झालेल्या नुकसानीची भरपाई दिवाळीपूर्वी देण्यात यावी – वन मंत्री सुधीर मुनगंटीवार,neutral
इतक पण बघायच नाही की ती जवल येउन म्हनेल झाल का बघुन,angry
नगरसेवक चोरानी अस बोलण म्हणजे अतीच झाल,angry
घोषणा झाल्या मग पोलीस कारवाई का नाही?,angry
हे लाईक करायला तुमच्या आयटी सेल ला तरी कामाला लावा. तासात फक्त लाईक?,angry
"निषेध, रौत साहेबांचा फोटो का नाही...?",angry
हे जास्तीत जास्त पर्यंत चालेल.. नंतर अन्नाजी पंत पण वापर करुन फेकून देतील..,angry
त्या मॅडम कांदे खात नाही म्हणून डोक्यात बटाटे भरले आहेत.... असे वाटतं,angry
असच होत.. वरतून घेतला परत तर मार पण खाव लागतो त्यांचा,neutral
सगळया भाडखाऊ संस्था त्यांनी विकत घेतल्या आहेत म्हणून सांगता येत नाही,angry
हींमत असेल तर सरकार पाडून दाखवा म्हणणारे कुठे आहेत आज,angry
अतिशय दुर्दैवी.,sad
हा वेडा झालेला आहे खाजपच्या नादाने,angry
"एम, नरू नी बी योगी,मर्द आहेत का.",angry
एक आमदाराला ही भाषा शोभा देत नाही,angry
एका परप्रांतीयांने सनकन कानाखाली लगावली होती.,angry
"हा तोच पाकीट पत्रकार आहे जो ""उद्धव चा स्वभाव रडका आहे"" असं म्हणाला होता..",angry
हा गद्दार आमदार विरुद्ध करा पुढे चालून काहीं प्रॉब्लेम व्हायला नको,angry
याचा अर्थ तुमचं सरकार तपास करण्यास सक्षम नाही,angry
प्रसंगावधान दाखवून आधी कर्तव्य पूर्ण केलं श्रद्धांजली आणि कुटुंबीयांप्रती सहवेदना.,happy
हा पोलिसाचा मार खायच्या लायकीचा आहे,angry
अरे यार हा तर खंडोबा माळ चा रस्ता आहे.,neutral
घंट्याचा कायदेतज्ञ...... छपरी आहे नसानसात द्वेष भरला आहे,angry
म्हणून डांग फाटती का र केळ्या.....,angry
शिव्या घालण्यात आल्या म्हणुन गेले. पण घातल्या,neutral
त्याच्यात दम पण नाही कोणी मुंडकं उडवलं हे सांगायची..,angry
"अडीच वर्ष थापा मारल्या. अखेर थापा म्हणाला, आता सहन होत नाही.",angry
"हातभट्टीत गांजा मिसळून ढोसल्यावर एवढी कडक नशा येत असावी. माणसाने थापेबाजी करावी, पण इतकी.",angry
नीरव मोदी कधीच आत्महत्या करणार नाही तज्ज्ञ मुद्दाम युक्तिवाद करत आहेत?,neutral
त्रास दिला नाही म्हणून तर ही वेळ आलीये.... वेळीच वेसण घालायला पाहिजे होती...,sad
* ब्रेकिंग: हिंदूंचे सण आल्यावरच अतिक्रमण का काढता? बाळासाहेबांची शिवसेनेचे रस्त्यावर ठिय्या आंदोलन...,angry
नाही साहेब हे अत्यंत चुकीचे आहे तुमचे विधान,angry
गप रे अक्कल काडीची नाही आणि इथे बडबड करत बसलाय,angry
खुप कमी असतात असे..,neutral
येडझव्या जवांना सोबत करतो लायकी आहे का तुझी,angry
सुपारी घेऊन काम करणारे आहेत म्हणे,angry
भातखळकर तुमच्या सारख्या गुलामांची तेवढी पण पात्रता नाही हो.,angry
सगळा वैचारिक अंधारच आहे....अंधारे कडे,sad
हा हा हा. ..... मुर्खांचा बाजार आहे...,angry
"अरेरे, कोणाकडे दिलाय अर्ज? काय कारवाई होणार जगजाहीर आहे",angry
आयबॉल च कीबोर्ड आहे. बघा की काही होतंय का? ₹ चुना लागेल हो?,neutral
काँग्रेसला चांगले दिवस येतील अशी आशा वाटत होती पण ती फोलच ठरली,sad
जे काही चालू आहे अतिशय घाणेरडं आहे.,angry
मन त्या मृतदेहासारखा झाला आहे ज्याच्या नशिबात अंत्यसंस्कार नाहि,sad
स्वतःवर शेकलं की हे बरं आठवतं तुम्हाला,angry
याचा अर्थ मानवाच्या अस्तित्वाला सर्वाधिक धोका भविष्यात सगळ्याच धर्मापासून आहे.,fear
"म्हणजे उद्धव ठाकरे व्हिजनरी नव्हते, राऊतलाच जास्त मुलाखती द्यायचे",neutral
कोण बोलतो आहे गद्दार तुमच्या तोंडातून हे शब्द चांगले नाही वाटत,angry
साहेब पण ह्यांच्या गलिच्छ राजकारणाचे भाग होतील असे वाटलं नव्हतं,angry
आता कळाल गाढवांच्या डोक्यावर केस का कमी असतात ती,angry
( ) दरवर्षी कोटि रोजगार देण्याची घोषणा आखिरकार जुमला साबित झाली.,angry
"भाजप सत्तेत वर्षे आणि दोष राष्ट्रवादीचा , अंध भक्त डोक्यात कमी",angry
इकडे घामाघूम झालो आम्ही इतकं कडाक्याच ऊन आहे,neutral
कडून खूपच होत आहे,angry
गद्दारीचा डाव एकनाथ शिंदे यांनी दीड वर्षांपूर्वीच आखला होता : शिवसेना नेते जी,angry
विषय मागील वर्ष बद्दल सुरू आहे. त्यावर भुंक थोडा.. भाॅव भाॉव्व,angry
आणि मार खाणारा अमर होत असणार,angry
असं म्हणू नका कारण जनतेबरोबर तुम्हीच अन्याय आणि गद्दारी केली आहे...!,angry
साहेबांचा ह्यावेळी शिंदे साहेबांच्या संगतीत् बोलताना गडबड होत चालली आहे...,angry
गद्दार नामशेष होणार हे नक्की,angry
"तुझ्याच उरावर बसवून घे शाह, मोदीला, हुकूमशाही आहे का राम्या.",angry
"पुण्याची दुर्दशा यांच्यामुळे कशी झाली आहे, हे सध्याच्या पावसातून दिसून येत आहे ढिसाळ कारभार",angry
छगनराव भगतसिंग पन सरस्वती भक्त होते ! तांदुळचोर नव्हते,happy
हा पवार साहेबाना लावलेला तोंबना समजायचं,angry
ही चालू डीपी आहे याची अवस्था बघा.,angry
हरामखोर आहे तो फडणवीस,angry
काकू हे सल्ले भाजप नेत्यांना द्या जे मुलींना जबरदस्तीने वेश्या व्यवसायासाठी प्रवृत्त करतात,angry
श्वानाला नमन श्वानाला नमन केलाय तुम्हाला नाही नाय तर गैरसमज करून घ्याल,angry
जसे इतके दिवस अंधभक्त मिंधे ची धुणी धूत आहेत,angry
महाराष्ट्रात कृषी मंत्री आहे का जागेवर????,angry
खरी शिवसेना कोणाची हे आता रस्त्यावर दिसेल. पोटनिवडणूक जिंकून रावणाचा वध होइल हे निश्चित!!,happy
भक्तांच जीवनच ढापलेल आहे आज्जी. त्यामुळे दुसर्यांचही ढापलेलंच वाटणार.,angry
"आजपर्यंत देशाची आर्थिक फसवणूक करणारी जमात,,,,,,,आणि हेच आपल्याला देश भक्ती शिकवणार?",angry
अरे संडास छाप तुमची सत्ता असून असे घडते याचा अर्थ काय चाटू,angry
मुर्ख भक्त कशाचे पण समर्थन करतील सांगता येत नाही.,angry
"तुमच्या सारखे डुक्कर आहेत म्हणून आज महाराष्ट्राचे हे हाल आहे,कुत्रं म्हणतो मराठी माणसाला...",angry
अंधेरी पूर्व विधानसभा पोटनिवडणुकीतून भाजपची माघार. आता सहानुभूतीला हे आपला विजय समजून वेड्यासारखे नाचणार!,angry
"देश खूप बदलला आहे, आधी कबुतर सोडली जात होती; आता बलात्काऱ्यांना सोडलं जात..!!",angry
आता चा एवढा सन्मान होतो,neutral
अरे बेडका काही हि बोलतोस का ?,angry
हा तर त्या कुत्र्याचा अपमान होईल...,angry
बेअक्कल पत्रकार आहे ही,angry
ज्याचं ढुंगण ठोकायला निघाले होते त्यांच्याच ढुंगणावर जाऊन बसलात.. विनाशकाले विपरीत बुद्धी.,angry
प्रशासन अधिकारी माजलेले आहेत. तरी मात्र शासन झोफले आहे. जय महाराष्ट्र.,angry
तला पण निस्टांवत शिवसैनिक लागतो तुमच्या सारखा भटकलेला माणूस नाही,angry
महाराष्ट्राची आणि देशाची म्हणजे ॽ महाराष्ट्र कोणत्या देशात आहे ॽ,angry
मतदारानी निवडून दिल आणि फुटीर झाले असा आमदारना असच धडा जनतेने शिकवला पाहिजे!,angry
समाजकल्याण विभागाला अद्याप स्वतंत्र मंत्री देण्यात आला नाहा. हा भाजपचा सामाजीक अन्याय आहे.,angry
"सेक्युलर जन्त आहेत हे, स्वतः चा बाप सोडून शेजारच्या ला बाप म्हणणारे",angry
तुझ्यासारखा नाही मी तात्या.,neutral
असतात काही घरच्या अड़चनी सतत विचिरात पडलेला मुलगा प्रेमात पडलेल्या नसतो...,neutral
अपात्र शिक्षक तुपाशी....आणि प्रामाणिक पात्र असलेले शिक्षणसेवक उपाशी.....वा रे... महाराष्ट्र सरकार...,angry
हे फार काळ चालणार नाही... हिटलरचा अंत वाईट झाला होता... कम्युनिस्ट पक्षही अति साम्यवादामुळे संपला...,angry
अपेक्षा आणि तुमच्या साहेबांकडून मस्करी करता का राव...,neutral
बीजेपी ला काही फायदा उरला नाही बाबाचा आता...आणि बाबलापण हे कळलय...,neutral
"अजून किती अच्छे दिन पाहिजेत...! चक्क, जाहिरात करत आहे..",angry
सरकारी नोकरीची इच्छा अनेकांना बेरोजगार केले आहे.,sad
"संगमनेर शहरातील नवीन नगर रोड पाण्यात, सायंकाळी झालेल्या कोसळधार पावसाने ...",neutral
ही वीरगर्जना करीत आहेत... ढुंला पाय लाऊन पळणारे...,angry
बे हा बहोतच नकली माणूस आहे गा... साला रिअल शाळेत तर जायच होत...,angry
पण हा गाढवाचा अपमान आहे. निषेध,angry
कोण आहे हा नमुना,angry
हे मानसिक रोगी वाचत नाहीत आणि शहानिशा न करता तिरस्कारयुक्त प्रचलित विचारांना स्विकारतात.,angry
सत्य आहे हे.. फेकू तडीपार पासून शेंणखाऊ भक्तान पर्यंत ही परंमपरा अखंड आहे.!,angry
"देशात बेरोजगारी अजिबात नाहीये, तरुण मुलं व मुली शिक्षण घ्यायला कमी पडत आहेत.",angry
"धक्कादायक! कळव्याकडून खारेगावकडे जाणारा रस्ता खचला, बॅरिकेटिंग करून रस्ता बंद",happy
"ही महामानवाला, शिंदेशाही कडून अनमोल नजराणा आहे, त्यात तोडामोड योग्य नाही",happy
"नात्याचं गणित हे बँकेतल्या खात्यांसारखं झालंय..ज्या खात्यातून फायदा होतोय,तीच खाती चालू ठेवतात..",sad
पोलीस स्मृती दिन कर्तव्य बजावत असताना शहीद झालेल्या हुतात्म्यांना भावपूर्ण श्रद्धांजली,happy
वाघळ्या गोळीबार ला जरा विस्तृत करशील का?? मला पण बघू देना अकलेचा कांदा,angry
घरकोंबड्याने फोटो काढणे सोडुन दिलय का?,angry
हे वाचुण तर मंदसैनिकांच्या बुडाला अजुन आग लागेल,angry
मग रात्र भर काय करत होते सिंगल लोकांनी असे जागून काय करायचे आहे....,angry
हा नाही बोलू शकनार..!!,neutral
राणे आणि कार्ट्यांना समजावा आधी.,angry
"रडू नकोस.... मुंबईत शिवसेनेने पैसे खाल्ले, म्हणून मुंबई तुंबते हे जगजाहीर आहे.",angry
स्वतःच्याच राज्यात मातृभाषेत बोलू का हे विचारणारा पहिला मुख्यमंत्री.,angry
फाटल्या वर पळवून जाने आणि पकडल्यावर माफी मागणे हा ईतिहास आणि वर्तमान आहे,angry
असे तर्कशुद्ध प्रश्न विचारणे म्हणचे देशद्रोह आहे,angry
पायी जाणा-या महिलेच्या गळयातील सोन्याची पोत दुचाकीस्वार भामट्यांनी ओरबाडून नेली,angry
तो कोण लागून गेला मोठा..आणि आधी चुतीयागत बडबडून आई घातल्यामुळे ही वेळ आली.,angry
एक कोकणी म्हणून सहमत आहे.... येतोय पुन्हा एकदा गणपती आणि महामार्गाची तीच दुरवस्था आहे...,sad
भविष्यातील गुलाम आजच तयार करायचे घेतले आहेत.,fear
"खाण्यामध्ये फक्त वेजेटेरियन, नॉन-वेजेटेरियन आणि मूर्ख असे तीनच प्रकार येतात..",angry
"शीउबाठा हा संपलेला पक्ष आहे, त्याच्या टीकेला उत्तर देणे व्यर्थ आहे",angry
"वाव हाच महाराष्ट्र राज्य सरकारचा, फडणवीस सरकारचा, भाजपा सरकारचा उत्तम कार्य.. ट्रोलगिरी करणे...",angry
पळवापळवी हे धंदे तुमचे आहेत.. आत्मपरीक्षण करण्याची गरज आहे रावण कदम !,angry
ही मोसंबी नारंगी पार्टीचा खरच तमाशा झालंय महाराष्ट्रात.,angry
हे शेणक्याचें विचार कपटी राजा आणि त्याची वडापाव प्रजा,angry
हरिश्चंद्र जिवंत असते तर हे ऐकून ताबडतोब जीव दिला असता.,angry
आणि तुमच्या सारखे पन्नास खोके वाले गद्दार ही गेले !,angry
"शास्त्रात लिहीलंय- जावे ज्याच्या वंशा तेव्हा कळे आता काहीजण वंशच बदलत आहेत, त्याला काय करणार.",angry
नोकरी जानार आणि निवड्नुक हरणार असे म्हननारे तोंडावर जाम आपटले,happy
तुमची लायकी काय आहे ते कळाले ला हा टोमणा तुम्हालाच लागू होतो,angry
मराठी मिडिया खरा मुखवटा दाखवा. चमचे गिरी करु नका ही विनंती,angry
देण्यापेक्षा घर आणि संडास बांध आधी.,angry
लै रांगबाज लोक आहेत ही,angry
"गद्दारांचे राजकारण म्हणजे.. ची ""तलवार"" भाजपाची ""ढाल"" अन् खोक्यांची ""उलाढाल"".!",angry
हा सामंतांच्या संगतीचा परिणाम का? ते दिवसेंदिवस कमी कोकणी होत आहेत,angry
"अजून महाराष्ट्रात यात्रा आली पण नाही, त्याच्या अगोदरच फाटली ये डर अच्छा लगा....",fear
स्वताच्या विभाग वर ज्या मंत्र्यांना विश्वास नाही असले मंत्री काय उपयोग चे,angry
एवढी सत्ता बळकावूनही भागले नाही का त्रास देत आहात संयमी सोज्वळ उद्धव ठाकरेंना,angry
हो तुमच्या बुडाला आग लावायची आहे,angry
"जनता अडचणीत होती, तेव्हा कुठे होतात? गोपीचंद पडळकरांचा ठाकरेंना सवाल:",angry
"ऐन सणासुदीत गॅस दरवाढ अटळ,हे आहे कारण…",neutral
बास करा चाटायची... अर्ज भरल्या पासून शेवटच्या दिवशी पर्यंत महाराष्ट्राची संस्कृती कुणा खाली नीजत होती...,angry
हत्ती रस्त्यातून चालत असताना कुत्री भुकंत आसतात... राहुल गांधी हत्ती आहेत,happy
एसबीआयच्या ग्राहकांसाठी वाईट बातमी! आता ईएमआयमध्ये होणार वाढ,sad
त्यांची काळजी कशाला ? मोती मध्ये हिम्मत आहे ते कर म्हणाव,angry
कुणाला गरज पडली तर? महाराष्ट्राला? का आता दुकाने बंद करायची वेळ आली म्हणून,angry
आणि काही मूर्ख लोक त्याला बळी पडत आहे.,angry
वाहतुकीचा दंड का लावला जातो त्या हेतूचीच खिल्ली उडवण्यासारखं आहे हे....,angry
आपल्या पती देवाचं डोक खायच सोडून बाकी काही ही खा ताई..,angry
ते काय तुमच्या सारखे रिकामटेकडे आहेत का तु काय बोलतो ते ऐकत बसायला!!!,angry
ती चपराक तीच का जी अंधेरी मध्ये मिळाल्या वर बदकनिस पळून गेले,angry
अरे हे तर भाजपाचेच आहे,neutral
"जैसी नजर,वैसा नजारा. भाजप विरोधाची कावीळ झाल्यामुळे सगळे पिवळेच दिसत आहे",angry
अरे हरामखोर पंत कुठं फेडशील ही पाप.,angry
आत काय उध्दव च्या नसिबात हिंदू विरोधी अंधारे पसरलंय म्हणून पेटवा मशाली,angry
खुप लाड झाले यांचे आता धडा शिकवा,angry
भगर खाताय… सावधान! जणांना विषबाधा.. कुठे आला प्रकार उघडकीस… वाचा,fear
"का, हे चुकीचं निवडणूक झालीच पाहिजे. घराणेशाही नाही चालणार",angry
लै बेकार नको नको करून टाकलं आहे याने,angry
आता मशाल घ्या अगरबत्ती उदबती घ्या तुमची लंका जळतच राहणार,angry
येइल म्हणत माझं अकाउंट हेक झाले होते,angry
ह्या राष्ट्रवादीच्या लोकाना काही दिवसानी लष्कराच्या भाकऱ्या भाजण्याचे काम नक्की मिळणार…,angry
"इंग्लिश मीडिया आणि प्लेअर दोघांची खूप जळफळाट होत, काही यांच्या प्रमाणे झालं नाही की....",angry
सरकारचा “पैसा” पक्षाचं “मार्केटिंग” हा बजेट कोण देणार??,angry
मीडिया आंधळी झालीय का? ही दृश्ये दाखवत नाहीये.,angry
जसा जसा हायार पोझिशनला जाणार तसतसा वेळ कमी मिळणार,neutral
तुमचं सरकार काय गांडीत पाय घालून बसलंय का? उचला त्यांना आणि फासावर लटकवा.,angry
सुप्रीम कोर्टाने गुगली टाकलाय आणि हे मिंधे येडे नाचतायत.,angry
भारतीय राजकारण म्हणजे काय..?? . गरीबांच्या हक्कासाठी लढता लढता श्रीमंत होणे...!!,angry
हो वर्षापासून आपल्या राज्यात साधी प्रलंबित नोकरभरती होत नाही..,sad
ज्याला। भारत देशात भीती वाटते त्या सर्व हरामखोराना देशभक्ती दाखवावी लागेल,angry
"लम्पी चर्म रोग प्रादुर्भावामुळे शेतकरी, पशुपालक यांच्या मृत पावलेल्या पशुधनास अर्थसहाय्य",sad
शेतकरीची दैना बघायला लाज वाटते का रे...........................................तुला,sad
म्हणून पहिल्या रांगेत ममता दीदी चालते. आता उंचीचं कारण देऊ नको.,neutral
अशी थापेबाजी अनेकांनी सोशल मीडियावर यापूर्वीही केलेली आहे.,angry
ला महाराष्ट्रातून व देशातून हद्दपार करणे ही प्राथमिकता आहे. बाकी बघू नंतर.,angry
"मुख्यमंत्री होणारा ""तो"" शिवसैनिक म्हणजे तुम्हीच ना, स्पष्ट सांगा ना साहेब!",neutral
सभापती महोदय हा पुणे ट्रॅफिक पोलिस कर्मचाऱ्यांवर घोर अन्याय होतोय,sad
पण मुला ने साहेबांचेच तत्व पणाला लावलेत.....,angry
आपण पत्रकार आहात कि राजकीय नेता तेच कळत नाही,angry
पौर्णिमा - जेव्हा फ्रॉड ला ऑफ द मंथ अवॉर्ड मिळतो!,angry
अक्कल शून्यांचे उत्तम उदारहण इसक्रिम आणी मशालीतील फरक मोठा झाला तरी समजत नाही.,angry
काय भामट्या आहे हो तुम्ही म्हणतात असो आपल्याला काय...,angry
महाराष्ट्र द्रोही भाजप आहे नाही देणार,angry
"आपण आता पंचायत समिती कडे लक्ष द्यावं,, नाहीतर हा रोजगार सुद्धा हातचा निघून जाईल,,,",fear
म्हणुन तू महाराष्ट्र तोडण्याचा प्रयत्न केला का,angry
एक भारतवासी म्हणून आज हरल्यासारख वाटतंय.........,sad
"हे काय आहे ते रताळ्या, बरोबर कल लागती",neutral
"आदर्श तर साहेब च आहे सगळ्या कपटी राजकारणाचे, तुम्ही मूळ कारण आहे शिवसेना संपवायचे",angry
देश विकून का,angry
कुणी कुणाचा अपमान करावा हे महानगरपालिका नाही ठरवत,angry
एकदा पाटोले जाऊन विचार विधानपरिषद बिनविरोध करण्यासाठी कोणाच्या पाय पडायला गेला होता,angry
"तुतीया,तु काही कमी कोल्हा आहे.",angry
"लोकसभा निवडणुक येईपर्यंत कधी हत्येचा कट होणार, कधी हल्ले करण्याचा कट होणार.",fear
तुम्ही सोडला का बकायदेशीर काम करणारा नवरा!?! वाचवायला पक्ष बदलालाच ना!?!?,angry
...असे आदेश बाळासाहेबांचे असायचे. आणि आता तुमची हिंमत नाही स्पष्टपणे सांगण्याची. शेम.. शेम् !,angry
रिप्लाय द्यायचा पण लायकी दाखऊन द्यायची त्याच्या नेत्याची.,angry
विजय आपलाच आहे पण सर्वांनी सतर्क रहा,happy
पाटीदारांनी गुजरातमध्ये त्यांच्या विरोधात आंदोलन केले होते.,neutral
"बिहारची अधोगती कशी होत गेली असेल, हेच अनुभवत आहोत आपण.",sad
ओम शांती..खूपच शांत आणि पडद्यावर पहावसा अभिनेता..देव तुमच्या आत्म्याला शांती देवो सर,sad
आणि तुला कळायला तू कोण झेंड लागून गेलीस का ग कु ?,angry
"फक्त कृषिमंत्री सोडला तर, बाकी सर्वांना अतीवृष्टी दिसत आहे... सत्तार भाऊ",neutral
रायगडावर पिंडदान केलं तेव्हा कुठं पडला होता डांग दाबून,angry
एकाला सातवा वेतन आणि एकाला रू महिना हा काेणता न्याय??,angry
पण असले चाळे करून कशाला हवंय नॉमिनेशन..,angry
पळकुट्यांची निशाणी ढाल आणि तलवार.हा सर्वस्वी पराक्रमी मावळ्यांचा घोर अपमान आहे?,angry
भाजप ला मत म्हणजे भ्रष्टाचाराला मत.,angry
"असे नेते मत मिळवणासाठी देश विकायला निघाली आहेत,",angry
पुण्यावरून मुंबईला जाणाऱ्या कंटेंनरचा खंडाळा बोरघाटात ब्रेक फेल झाला होता.,neutral
आणि भाजपा ला मत म्हणजे लबाडांच्या टोळीला मत.. आच्छे दिन आले का....?,angry
यालाच म्हणतात अक्कल कमी वापर जास्त ‌चिले.,angry
हे म्हणजे रुपया घसरला नाही तर डॉलर मजबूत झाल आहे. असच काहीसं आहे.,neutral
का मुळावर उठलाय तुम्ही ... जगु द्या की,angry
"षडयंत्री उप आणि कंत्राटी शॅडो मिळुन सगळं टेकओव्हर करत आहेत, हे बसलेत सांगकामे!",angry
भयंकर! कोरोनाच्या नव्या व्हेरिएंटने जगभरात खळबळ; शास्त्रज्ञांनी व्यक्त केली 'ही' मोठी भीती,fear
आणि हे भिकारी एका महिलेसाठी पोटनिवडणूक मागे घेतत म्हणे.. आयोध्याजी.,angry
नोकरभरतीची केवळ पोकळ आश्वासने... सरकार म्हणजे फक्त घोषणांचा बाजार... लाखो मुलांच्या भवितव्याशी खेळ...,angry
असे लोक निवडून येतात हीच शोकांतिका आहे...,sad
‘आमदारकी मिळाली नाही असे नाही तर आपली लायकी नाही’ हे जास्त सर्मपक आहे.,angry
या मुर्खाला कोणीही ट्रॉल करू नये....,angry
जून पर्यंत झालेल्या दडपशाहीच्या विरुद्ध मोर्चा आत्ता का काढता आहात?,angry
घेतलेले जबाब ईन कॅमेरा असतात हे भोळसर जनतेला कळत नाही काय ?,angry
तरी पण तुझ्या आईची डांग,angry
या दोन चिवसेने मुळे महाराष्ट्रात भरपूर गोधळ झालाय.,angry
"“बीएमसी आयुक्त चहल शिंदे-फडणवीस सरकारला घाबरत आहेत, त्यामुळे…”, लटकेंच्या उमेदवारीवरून किशोरी पेडणेकरांचा गंभीर आरोप",angry
काही नाही होत लिहून घ्या.... आम्ही येच करणार,neutral
अंगुर मिळत आहे तर घेत नाही लंगूर,neutral
लोकं मूर्ख आहेत का? ला सरकारचा कालावधी संपणार आहे हा तान्या राजीनामा देणार आहे.,angry
बारामती चा म्हमद्या काही बोलला का?,angry
पवारसाहेब ला माढ्यातून पळून का गेले ? ते पहिले सागं चाट्या,angry
गिरणीतला डबा घेऊन या आजी. हा विषय झेपणार नाही तुम्हाला,angry
परतीच्या पावसाचा तडाखा! शेतीचे नुकसान; या जिल्ह्यांना अलर्ट जारी,neutral
हे असले कार्टून आपल्याला लाभले हे आपलंच दुर्भाग्य म्हणावं लागेल,sad
अरे हरामखोर म्हातारं झालाय तरी अजुन रग काय कमी होेय नाय अनगातली..,angry
मराठी मराठी म्हणून ठाकरे यांनी मराठी लोकांच्या तोंडाला पाने पुसली,angry
इथे बरेच फेक हॅन्डल पंचवीस तिशीतच वारलेले आहेत.. भविष्यात कधीतरी शरीराने मरतील इतकंच..!!,angry
राणे आणि लायकी....हा संबंध कधीच विसर्जित झालाय.,angry
... तो नासला नाही तो पहिल्यापासून नासकाच आहे..,angry
आता कुठे गेलं तुमचं बेगडी हिंदूत्व ? ?,angry
भाजपा ला मत म्हणजे स्त्रियांवरील होणारे अत्याचाऱ्यला मत....,angry
": ठाकरे गटासमोर आणखी एक पेच, ऋतुजा लटकेंची उमेदवारी धोक्यात?",neutral
राजीनामा लटकवला म्हणजे चांगलीच फाटली म्हणायची....,angry
युवासेना ही आदित्य साहेबांनी उभी केलीय...तुमचा काय अधिकार आहे.,angry
गद्दार आले अजून खोके मिळतात का ते बघायला,angry
वेस्टर्न रेल्वे जगात चुत्या प्रकार.,angry
हे असले बिनडोक कार्यकर्ते भरलेत म्हणून बारामतीचे काका कायम भावी पंतप्रधान राहिलेत,angry
तुम्हालाही लाचार ही उपमा कायमची आहे,angry
"सर्रास बघतोय अशा चूका, खरंच पिऊन बातम्या देतात का?",angry
खरंच डोक्यात चालले आहेत हे लोक,angry
तुमची फारच खोलून मारली राव पण,angry
"महाराष्ट्रासाठी महत्वाच्या प्रकल्पाला ब्रेक पण खर्चिक, अनावश्यक बुलेट ट्रेन मात्र पाहिजे",angry
"बरोबर... भ्रष्टाचार नाही, दलाली खाल्ली ने",angry
नावं पण यांनी चोरलेली आहेत,angry
मूर्ख ते आहेत का तुम्ही,angry
त्यांनी शेण खाल्लं म्हणून तुम्ही एक पाऊल पुढे जाणार का?,angry
तू उपऱ्या आहे तेव्हा भडव्या तू कोणत्या पक्षात होता ते सांग,angry
ही बाई शिवसेना उद्धव बाळासाहेब ठाकरे ह्यांचं हिंदुत्व सांगणार आणि झाकणझुले तिची वाह वाह करणार,angry
अभिव्यक्ती म्हणजे बंगल्यावर बोलवून पोलिसांसमोर ठोकणे बरोबर नं,angry
पण आम्ही ऐकल की ही चूक ला करणार होते....,neutral
राजकारणाचं धर्मकारण करणारे नालायक नेते ह्या देशात आहेत म्हणूनच देशाचं वाटोळं होत चाललंय,angry
हे काय झालंय...कोणाचं कर्म फुटलं आहे,happy
याला जबाबदार कृषी उत्पन्न बाजार समिती आहे.त्याचा फटका शेतक-याला बसतोय.,sad
खाज हा शब्द कमी वाटतो का???? मग मस्तवायु म्हणाव काय ????,angry
लई जळली का? राणे भक्त,angry
विसरलात वाटते हत्त्या करणारे कोण-कोण होते देशाला मिडिया मार्फत माहीत आहे।,angry
मुलगा स्वतःचं नाव देतो आणि शिष्य पक्ष प्रमुखाचे नाव देतो...या ला काय म्हणावं !!,angry
लाळ चाटायचं बंद करा कमीत कमी महाराष्ट्राच्या भल्याकर्ता तरी,angry
ही काय भानगड आहे……समजाऊन सांगेन का कोणी?,neutral
ते अक्कल नावाचं बक्कल तुमाला नाही ना म्हणून. रुपयावर एक ट्विट करावं लागत.,angry
"केसरकर ,किती खोके घेऊन भाजपाच्या मुरजी पटेलला ही जागा सोडली ...?",angry
आधी भाषा सुधार प्रितीमा काय प्रतिमा असे आहे,angry
"मराठा समाजाबद्दलची मानसिक आत्मीयता किती, हे दाखवले सावंतांच्या तान्याने .",neutral
"नारायण राणे, कृपाशंकर सिंग, प्रताप सरनाईक, यशवंत जाधव ह्यांच्या फाईल्स हरवल्या का ?",angry
अक्कल गहाण ठेवली की अशी दुरबुद्धी सुचते...,angry
तो वाकड्या जितका कारणीभूत तितकाच हा भडवा बाळू कारणीभूत ह्या महाराष्ट्राची वाट लावायला,angry
हे सर्व लहानपनीच केल होता आता देश संभाळत आहे- अंध्भक्त,angry
काय चुकीचं बोलले? अडीच वर्ष काय झोपा काढत होता का?,angry
पाच पर्यंत निट मोजता पण येत नाही का रे भक्तांनों,angry
एक उमदा मराठी नाट्य कलावंत आणि चित्रपट अभिनेता आज महाराष्ट्राने हरवला,sad
"दबक्या पावलानं बिबट्या आला अन् अचानक घरातून…, काळजाचा थरकाप उडवणारा",fear
म्हणजे मूर्तिपूजा म्हणजे मूर्खपणा हे तू मान्य करतोयस,angry
अरे तुझ्या बरोबर असलेली चिंधी सेना बोल. खरी शिवसेना उद्धव बाळासाहेब ठाकरे आहे.,angry
मोदी सरकारला फिकीर नाही देशाची वाढतेय संख्या सुशिक्षित बेरोजगारांची!,angry
हे होणारच होते पर्यंत तारीख पे तारीख,neutral
याला ज्याने पाठवले त्याच्या बुडात दम नाही,angry
त्यांना वकील मिळणे हे सुद्धा भारताचे दुर्दैव म्हणावे लागेल.,sad
हा गुंड पण कोणत्या पक्षाचा होता सांगायची गरज नाही...,angry
"मुरजी पडणार हे निश्चित होते, घाबरून भाजपाने माघार घेतली.",fear
चेष्टेचा विषय असलेली खासदार.. लोकं ह्यांच्या तोंडावर हसतात,angry
दम लागतो....तो तुझ्यात नाही.....,angry
ला त्यांच्याच गावातून हाकलले बर का... पुढच्या वेळेस आमदारकी पण जाणार...,angry
भारतात राहून माज करतात.. यांना वेळीच ठेचलं पाहिजे.. त्याशिवाय सुधारणार नाही हे.,angry
पाहून रिप्लाय न करणाऱ्याची संख्या दिवसेंदिवस वाढतच चालली आहे,neutral
उमेदवारी अर्ज न भरणे ही संस्कृती आणि उमेदवारी अर्ज भरून मागे घेणे ही विकृती.,angry
अशा पद्धतीचे सल्ले तुझासारख्या छपरी नाच्याकडन पण नाही घेणार,angry
सगळी कडे फुकटचे सल्ले दिलेच पाहिजे का?,angry
तु चाट्या आहेस का का काथ्या ?,angry
आणि तुम्ही तिघे अमर अकबर अँथनी दुसरे कोण आहे का नाही जील्ल्यामध्ये,neutral
त्यांचे नाव घेतल्याशिवाय अन्न पण गोड लागत नाही का सतरंजी छाप प्रवक्ते लोकांना,angry
"आमच्या मुख्यमंत्र्यांनी काय घोडा मारलाय तुमचा, त्यांचा फोटो का नाही",angry
"चीन किती आत ""घुसला"" हे अजून कळाले नाही साहेबाना???",angry
नारायण राणे आणि त्यांच्या बेडकांना पण हे सांगा आधी,angry
याच शरद पवारांनी शिवसैनिकांना कुत्रे असे संबोधले होते,angry
हे सगळे खरं पण गद्दारी एका खुनशीची हा डाग कसा पुसणार?,angry
"हो तुम्ही जणू काय जनतेला आरामात जगू देताय,महागाई दिसत नाही वाटतं",angry
ते बहुतेक वाघ बोलले पण हा तर लबाड बोका दिसतोय,angry
"डिलिट करून टाका आता हे ट्विट , आवरला तुमचा",angry
तो घरच्या कुटुंबासमवेत अशी असभ्य भाषा बोलतो,angry
ह्यांना एकदा आपलं रामायण एकवावे लागेल सर.... चुकीचे रामायण वाचत आहेत हे!,angry
भ्रष्टाचार किती होणार आहे यात,angry
पक्ष त्यांचा निवडणूक त्यांची मग तुम्हाला मिर्च्या का झोंबतात?,angry
हे कोर्टाला कळायला नको ? नको तो शहाणपना सांगताना ??,angry
बरोबर आहे हे तसच आहे जस देशात बेकारी नाहीच गरिब वाढलेत,angry
किती निच वृत्ती ज्या ताटात खाल्ले भाजपा बरोबर त्याच ताटात घाण केली.,angry
चार आण्याचा माणूस तुझ्या मालकाने मंत्रिमंडळात का ठेवला होता?,angry
तू कोणते दिवे लावणार ते पण सांग,angry
ह्यांच इंजान ट्रॅकवर यायच नाव घेईना आणि हे ईमान उडवायला लागलेत,angry
ह्या बाळाला हेच रमेश वाळुंज च्या वेळी नव्हते सुचले का,angry
अत्यंत मूर्खपणा दिसून आला आहे तुमचा,angry
वागले म्हणजे भुंकणाऱ्या कुत्र्या पेक्षा कमी किंमत असलेला माणूस,angry
नरेंद्र मोदींच्या फायद्यासाठी जनतेला झोपी घालावणारा सुध्दा हाच होता.,angry
तयार रहा लवकरचं मोठा भूकंप होणार,fear
अपयश पदरात पडल्यावर काही उरले नाही म्हणून जबाबदारी घ्यायला कोणी पुढे आले नाही.,sad
ह्या लोकांचे असे विचार ऐकल्याने भाजपची ताकद वाढते. ही अक्कल येणार कधी?,angry
सरकार कमजोर आहे अशा गोष्टि होत राहतील अस वाटतय……..अशा घोषणा द्यायची हिम्मत आजपर्यंत झाली नाहीं,angry
भातखळकर साहेब गद्दारांना बोलल्यावर भाजपला का लागावं? गद्दारांशी नातं काय?,angry
तु काय मातोश्री वर वॉचमन आहेत का? ज्यांना भेट नाकारली मंग तु जाऊन भेट.,angry
अर्थात जे हे ठाकरेंचे ट्विट प्रभावित होऊन करणारे भक्त आहेत त्यांची कीव करावी,angry
मैदानात येताना घेऊन येऊ नका... बॅलेट पेपर घेऊन या! आहे का हिम्मत तुमच्यात?,angry
"अनाजीपंतांची पिलावळ अजुन ही तसेच वागतेय, तेच निच “तिडे” चालुच आहेत.",angry
वेडा झाला आहे हा भातखळकर,angry
महाराष्ट्र पिंजून काढणार होते,neutral
दुसऱ्याने खाल्लं म्हणजे आपण पण खाल्लाच पाहिजे का ?,angry
सेवाग्राम हव होत,neutral
खोके सर्व ओके अशी आहे का?,neutral
पुण्याचा विकास पण गुजरात सारखा बुडाला.,angry
एकाच घरात एक देशभक्त आणि एक देशद्रोही असू शकतात तर,neutral
"टोमणे मारण्यापूर्वी कोणी विचार करत नाही, बेरोजगारांची अवस्था कोणी विचारत नाही.",angry
स्वतःच्या स्वार्थासाठी दुसऱ्याचे घर बोलणारा प्राणी म्हणजे माणूस..,angry
घ्या ही यांची अक्कल,angry
ह्याला लवकर काढल पाहिजे खुप घाण करतो हा.,angry
हा हा हा मनसे वाले खा शिव्या लायकी बघा आपली,angry
ढाल तलवार चालवणारे समोरुन लढतात. रात्रीच्या अंधारात पळून नाही जात सुरतमार्गे गुवाहटी..!,angry
शिंदाची नजर बघा लालची पण सत्तेची हाव लोभ दिसतय फोटो स्पष्ट होते चित्र,angry
त्या राकेश राम ऐवजी अबिनाश नादराजन किंवा बाळासाहेब जाधव ला का नाही खेळवत??,angry
तानाजी सावंत हा मराठा आहे का? का याला भाजपाची खाज आहे......,angry
हे पत्र भाजप ने आपल्याकडून स्वतःला पाठवून घेतल... अख्खा महाराष्ट्र जाणतो,angry
"तेव्हा असल्यानं विश्र्वगुर, फेकू बाबा यांच्या नेतृत्वात सर्वांना घरी राहण्याचे सांगण्यात आले होते.",angry
खुुप खाज होती.. सगळा माज उतरतोय आता चा..,angry
मोदींचे दिवस... हे दिवस आणलेत जनतेवर.,angry
कलंक आहे तुम्हीं लोक... इतिहासात गद्दार म्हणुन नोंद होईल तुमची.,angry
राज्यातील लाखों तरुणांचा रोजगार घालवल्यानंतर आता गरीब कष्टकरी लोकांच्या तोंडचा घास देखील हिसकावणार का...???,angry
"भक्तांनो फकीर तोच आहे, पण बदलत नाहीये.",angry
"चे विचार धारी,हसू करून घेतल राव",angry
नको येऊ रे बाबा नाहीतर अजुन एक वाढेल मैला खाणारा पत्रकार.,angry
ते ऑगस्टदरम्यान कोकण आणि मध्य महाराष्ट्रात अतिवृष्टीचा इशारा..,neutral
मुख्यमंत्र्यांनी नातवासह लुटला धूलिवंदनाचा आनंद .,happy
ती मशाल गद्दारांच्या ढुंगणाला चटके देण्यासाठी पण आहे.,angry
"अजिबात नाही,",neutral
देव ईमानदार लोकांच्या सोबत असतो............... त्यामुळे आपले हे वक्तव्य कितपत योग्य आहे हे जनतेला ठाऊक.,happy
या ट्विट खाली भाजप वाले का रडत आहेत पण,angry
"महाराष्ट्राच्या खेळाडूवर दु:खाचा डोंगर, लढतीपूर्वीच प्रशिक्षकांचे निधन, पण तरीही तो लढला आणि…",sad
शेवाळ्या ला शिवसैनिक तुमचा शेवाळ बाहेर काढल्या शिवाय राहणार नाही...,angry
लग्नाच्या मांडवा मधून बिना लग्न होता करवली लोकांना घेऊन निघालेला नवरदेव,happy
म्हणुन मुंबई गुजरात गुवाहाटी गेली का,neutral
तुमची आई गहाण आहे..... आरएसएस खाली,angry
तुझी लायकी किती तू बोलतेस किती ह्यावेळी नगरसेवक सुद्धा होणार नाहीस तू,angry
*नाही राहिला मनुष्य* (श्री बाळा साहेब ठाकरे) *नाही राहिला धनुष्य*,sad
तु ज्या निलेश राने चा समर्थक आहे तो आधी संघ विरोधी होता..,angry
पण तुम्हां ला काय पैसे च्या वर एक पैसा भेटणार नाही,angry
सगळंच जर फसण करताय मग मुख्यमंत्री कुठ हाय त्यांना काय मान हलवायला ठेवलाय का.,angry
जास्त शहाणपण करायचे नाही बांबू पडतील मग समजेल,angry
"या कमी दाबाच्या पट्टयाची व्याप्ती भलतीच आहे, पॅरिस मध्येही पाऊस.!!",happy
ही गंमत महागात पडली..,angry
स्वार्थासाठी जय भीम आज समाजातला नोकरदार वर्ग कलाकार वर्ग जय भीम जात सांगायला लाजतो,angry
खराब रस्त्यांमुळे गंभीर अपघात झाल्यास यांच्यावर जबाबदारी; मंत्री नितीन गडकरींची माहिती,neutral
काल पर्यंत तुम्ही त्यांना देव मानत होतात।।। ही तुझी भिकारडी वृत्ती आहे,angry
या छग्याचे आयबाप मंदिरासमोर फुलमाळा विकायचे. विसरला हा,angry
अजिबात शक्यता वाटत नाही.,neutral
… आणि श्वेताचं हेच बोलणं त्याच्या मनातील संतापाला हवा देणारे ठरलं.,angry
बुजगावणं करून ठेवलंय,angry
तुम्ही..... डोक आहे की गहाण ठेवल आहे.,angry
म्हणजे शिंदे सरकार वर भरोसा नाही आहे तर,neutral
हात पकडायला दिला तर कानात मुतू नये अशी म्हण आहे.,angry
"हात धुवायला लावले ,अंधभक्त काय करत होते ...",angry
यावर पण बोला किती निच लोकं आहेत काळात,angry
"वर्षे झालं मुंबईत हुजरेगिरी सेनेची सत्ता असून, ही आयोध्या काय झोपली होती कां?",angry
मंद असलं का असं सुचत असत.,angry
शिक्षणाचं महत्त्व समजू न शकणारे महाराष्ट्राला मिळणं हे दुर्भाग्य..,sad
"हे खरे आहे की, महाराष्ट्रात अनेक अवैध स्थलांतरित नागरिक आहेत. यावर शासनाने कठोर कारवाई करावी",neutral
चांगलं काम केलं तरी हे मनसेवर टीका करणारच.. मंद केकप्रेमी,angry
?? महाराष्ट्रासाठी याच काय योगदान आहे?????,neutral
"""थापा"" आडनाव असणाऱ्या लोकांवर ""विश्वास"" ठेवायचा असतो का ?",angry
माढयातून पळ काढून पळून गेलेल्या साहेबांवर अशी टीका योग्य नाही,angry
मराठी भाषेत द्वेष करणारा पक्ष आहे हा,angry
ह्या आशा वागणुकीला घाणेरडे राजकारण म्हणतात... आणि हे असे राजकारण हेच करू शकतात.,angry
अखेर बाळासाहेबांनी सांगितलं होतं उध्दवला संभाळा आणी तुम्ही गद्दारी केली कोणत्या तोंडाने नाव घेता,angry
केवळ प्रसिद्धी साठी हपापलेले समाज आहे हा...,angry
हा नक्कीच नागपूर मधून निवडून येणार. मागील काही दिवसांपासून नुसती फडफड चालू आहे.,angry
"आता भायखळा भाजी मंडईच्या लुःखा टप्पोरी, हफ्टाखोर आम्हाला शिकवणार का",angry
काहीही उद्या होणार नाहीं परत ए बी सि डी उजाडणार,neutral
लटके जेव्हा हायकोर्टात गेल्या तेव्हा तुम्हाला महाराष्ट्राची राजकीय संस्क्रृती ठाऊक नव्हती का?,neutral
दौरा रद्द केला तो आजुन ही घेता येत नाहीये,neutral
कोंढव्यात ह्याच्या मुळेच माजलीत लोकं. आणि राजू पेंटर चे नगर सेवक आहेत जोडीला,angry
पत्रा चाळीतील गरीब मराठी लोकांना बेघर करताना लाज कशी वाटली नाही !!,angry
शिवरायांच्या भूमीत स्वपक्षीयांशी गद्दारी केली तर चालतंय का ?,angry
वेड्या महाराष्ट्रात कॅम्युनिसटा चा बेस किती मोठा आहे?,neutral
आणि भाजपला मत म्हणजे देश विकणार्याला मत!,angry
फालतू माणूस आहे तो तुषार भोसले,angry
"तो पर्यंत हापापुन हापापुन आणि पिसाळून पिसाळून ,'पणं का होईना गद्दाराना चिकटूनच राहिन,?",angry
बरोबर देवा भौ..किती ती जळजळ..,angry
जळली का तुझी. दिल्लीतल्या बापाची पण जळली असेलच.,angry
तिरकीट ताथैया लेकाच्या गोंधळ प्रकरणामुळे गप्प बसला असेल. नायतर नाचत आला असता इतक्यात.,angry
सेल वाली आहे ही काय हिच्या नादी लागता.,angry
एकदम बईकि आणि बालिश अर्गुमेंट आहे एकदम तुमच्या सहेबान सारखं,angry
तुमच्या बुद्धीची कीव करावी तेवढी कमी आहे,angry
तसं तर होणार आहे पण विजय शिवसेना चा नाही.,neutral
"नुसत्या धमक्या आणि निकृष्ट दर्जाच ट्रोलींग एवढच काम दिलय राणे, पडळकर, राणा, वाघ यांना...",angry
भारतच नाही तर देशांनी नोंद केली आहे ... गद्दार म्हणून .,angry
"आपण तीन बुटक्या माणसांचे फोटो लाऊ हा बाळा, गप उगी उगी.",angry
लटके यांना उमेदवारी साठी तसेच राजीनाम्यासाठी लटकवत ठेवलं आहे.!,angry
"गद्दार... ही बदनामी आहे .. जगात गद्दार म्हणून नाव, बदनाम झाले..",angry
तुझी उद्धव साहेब ठाकरे बद्दल बोलण्याची लायकी नाही...,angry
तुझी तेवढी लायकी नाही आसे बोलण्याची,angry
तु पण अडकणार स्वाभिमान विकणारांनी आम्हाला शिकवू नये,angry
"हा आहे जगातील सर्वात भयावह महामार्ग, चालत्या कार होतात गायब! जाणून घ्या, रहस्य",fear
तुझ्या नवरदेव ने घेतलेल्या लाचेचे पैशे देना.. जनते कडुन भिक का मगत बसली आहे ताई.,angry
अंधभक्तांना काम भेटलं बंडखोरांच्या मेळावात तारखेला गर्दी जमवून /- रुपयांत भाडोत्री कार्यकर्ते देण्याचं...,angry
आमच्याकडे लस्सी भक्तांची कमी नाही,angry
सत्तेत असताना मोठी भरती होणे शक्य नाही... सगळ्या जागा च्या निडणुकांपूर्वी येतील..,neutral
"ह्यांचा चेहरा बघून रौत्याला जैल पासून सुटका पण भेटत नाही, फायदा कोणाला होईल?",neutral
हे नकारात्मक आहे,neutral
मराठी मराठी करून मराठी माणसाला च खड्ड्यात घातले,sad
"बेरोजगारी,महागाई,भ्रष्टाचार यावर पण एखादा महोत्सव साजरा करा...",angry
आजकाल फेमस होण्यासाठी लोकं कमरेची सोडून देतात ही त्यातलीच,angry
तुझ्या वर भीक मागुन खायची वेळ आली का..?,angry
ये डर जरूरी है पराभवाचा परिणाम पुढील निवडणुकांवर होऊ नये म्हणून सेफ गेम प्ले...,fear
संघी कोण आहे नीट बघ फुकण्या,angry
गप्प बस रे बाबा खोटं बोल आणि रेटून बोल हे च येत तुम्हाला,angry
नामर्द म्हणजे काय रे भोसळ्या,angry
राघोबा नीचंच होता…पण तोडून मोडून इतिहास कशाला मांडायचा?,angry
म्हणजे परीक्षा देणारे गांडू आहेत का?,angry
तू......आहे का बघ जाईल नाहीतर बस बोंबलत.,angry
पण असल्या लोकांना सामोरं जाऊन सर्वांसमोर कोलणारा माणूस फडणवीसच,angry
"मुंबईत पाऊस किती पडावा हे महापालिका ठरवते, तेही भाजपाची सत्ता नसलेली महापालिका.... अकल शुन्य माणूस....",angry
"राष्ट्रवादी हा भ्रष्टवादी व भ्रष्टाचारी पक्ष होता, आताही तो महाभ्रष्टवादी व महाभ्रष्टाचारी पक्ष आहे....",angry
मंत्रिमंडळ विस्तार होत नाही याचे कारण हा पश्चात्तापच आहे का ?,neutral
"दुसरी दिवाळी आलीये, तेवढ पैशाच काम कर आता तरी (संदर्भासाठी)",neutral
आष्टीमध्ये शेतकऱ्यांच्या बांधावर; अतिवृष्टीमुळे झालेल्या नुकसानीची पाहणी!,neutral
"अरे मार्गदर्शक सांगितलं होत, संपूर्ण पक्ष पाया जवळ ठेवायला नाही सांगितलेलं.",neutral
"झेपेल का संघोट्यांना, आधीच राहुल गांधीजींच्या भारत जोड़ो यात्रेने संघोट्यांची फाटली आहे……",angry
तू लुल्लीचा इंजिनिअर आहेस का रे बहीण भिक्या,angry
उमेदवारी दुसऱ्या व्यक्ती ला का दिली नाही..? पती पेक्षा पक्ष महत्वाचा का...?,angry
भ्रष्टाचारी पतीला ईडी सी.बी.इ. पासून वाचवनारी सावीचीत्रा ताई.. धन्य हो.. पगार वेळेवर मिळतो का..??,angry
हा पोलच घटनाबाह्य होता... आर्टिकल नुसार हा पोल अवैध आहे...,neutral
म्हणुनच सभांना गर्दी होते पण मतं मात्र मिळत नाही,neutral
"व्यापारी, उद्योजक आणि व्यावसायिकांनो, सावधान! जीएसटी विभागाने दिला हा गंभीर इशारा",fear
स्वायत्त हा शब्दच आता हास्यास्पद वाटायला लागला आहे.,sad
भक्त आहात का आहात? करतो आता. चूक झाली ट्विट करून,angry
": जय शाह यांच्या वक्तव्याने भडकला पाकिस्तान, भारताला दिली ही धमकी…",angry
तू येडपट आहे हे वारंवार का सिद्ध करतोस,angry
म्हणून शेवटी ठरवले की प्रत्येक भ्रष्ट आहे,angry
नाद पाहिजे ओ तीन बायका सोबत आहे सद्या मी,angry
चॅनेलसाठी टायर मध्ये मार खाल्ला राव त्यांनी...जरासुद्धा किंमत नाही चॅनेलला त्याची,angry
काँग्रेसला एक आक्रमक चेहरा असणारा अध्यक्ष हवा होता.,neutral
"अरे भाऊ पहिलाच उमेदवार उभा नाही करायचं होत ना,,कशाला ड्रामा करत आहात.",angry
"अनाजीपंताकडून पुरस्कार घेतला आता साहेब नाराज होणार, तांड्यावर मटण नाही खाणार बाजूला बसून.",angry
कंटाळले आहेत ते म्हणून नवीन नवीन चिन्ह शोधत आहेत,neutral
आमच्याकडे बलात्कार्याना निर्दोष सोडून त्यांचा सत्कार करून मिळेल..- - भाजपा,angry
जातीवाचक बोलले का हा गुन्हा होत नाही यांच्यापासून भारताला खरा धोका आहे,fear
नावाला फक्त प्रोफेसर ते पण बिहारी युनिव्हर्सिटी,angry
जबरदस्ती आहे का? .... माघार घे तर नाही म्हटलं ... स्वतःच माघार घेतली,neutral
साडेतीन जिल्ह्याच्या बाहेर कधी पडले का?,neutral
हार निश्चित होती,sad
मुक्ताफळं ऐका‌ आता. झाले का समाधान की आता नेसूचं सोडून देताय?,angry
ह्यांना ह्याचा पोरगं ऐकत नाही आणि हे आम्हाला बाळासाहेबांचे विचार सांगणार ...,angry
लोकमत आता लोकांच कुठ राहिल ते तर सत्ता पक्ष च्या मागे मागे फिरत आहे,angry
राजकारणासाठी आमच्या मातेचे नाव वापरतो का रे लवंडीच्या,angry
हा काळा खेकडा हयाची जातच नांगी मारण्याची,angry
मविआ चे नेते आणि कार्यकर्ते पिसाल्ले,angry
"बेरोजगारीमुळे देशातील तरुण त्रस्त झाले आहे,पण मोदी सरकार पूर्ण पने मौन आहे।",sad
शिवसेना ही हिंदुह्रदयसम्राट बाळासाहेबांची आहे तुमच फक्त बाळासाहेब च आहे खोके,angry
आरे बालिश लेकरा तुमच्या साहेबांनी पत्र लिहण्याच्या आधी त्यांची निवडणुकीत युती झाली होती.,angry
ते दांडा आणि ढुंगण काय प्रकरण आहे गद्दार बाई....,angry
एक्झॅक्टली मला पण कळतं नाही आहे,neutral
हा पाकीट माऱ्या ट्विट करुण पळाला,angry
तु कायम आभाळ हेपलत असतोस ना भातळ्या त्यामुळे तुला असं वाटतय वसाड्या,angry
हे वाले बईमान आहे… पिसाळलेले,angry
सांभाळुन बुडाला पण मशाल लावु शकतात विरोधकांच्या,angry
खरेच आहे ते...इतिहास बघा...हे काय..वाकड तोंडे काय.... स्वबळावर कधी सत्ता मिळवली?..,angry
चुत्या लोकांचे सरकार आहे.. यांना म्हशी मागे पाठवायला हवं हे त्याच लायकीचे आहेत.,angry
बाणावरून तुझ्या उद्धवला मशालीवर यावं लागलं यातच तुमची हार आहे राहुल्या..,angry
"बेरोजगारीची भीती किती आहे, आम्हाला विचारू नका. मी आजारी असतानाही पुस्तके उघडून वाचली आहेत.",fear
आणी वरतुन सावित्री चा आव आणून बोलतोय,angry
"""सर्वांनी लक्षात ठेवा आपल्याला बाळासाहेबांच्या शिवसेनेला हरवायचे आहे..""",angry
विकृती आहे ही आणि हेच बिनडोक भक्त मंडळींना आवडतं,angry
कल्पना शक्ती बाहेरचे आपल्या रक्ता मांसाचे पोर सोडून द्यायचे किती क्रूर पणा,sad
शर्मशार होता उत्तर प्रदेश,sad
मग आत काय गोट्या खेळायला घेऊन गेले आहेत..,angry
थापा गेला म्हणण्यापेक्षा पापा आला म्हण,angry
म्हणजे स्वताचे महत्त्व वाढवण्याचा किती हा केविलवाणा प्रयत्न....... शी......,angry
अच्छा म्हणजे मुद्दामून बचत गट नकर्यक्रम तिथेच करत होती तुमची महिला आघाडी,angry
"भेंडी, हे लोक जगाचं वाटोळं करुनच सोडणार आहेत वाटतं...",angry
गद्दार सेना आता भाजपची ढाल बनून पाठीत तलवारीने वार करणार,angry
हे पालथे घडे आहेत!! कांही होणार नाही.,angry
आता तु पण बंद पाडणार,angry
अक्कल घान बाई तुझी मनमोहनसिंग यांच्या बद्दल बोलायची पण लायकी नाही आहे.,angry
आपलं चालत का मोदी आणि शाहांपुढे काही,angry
हा दाखवुन लोकांनाकाय मुर्ख बनवतात साहेब शेवटी बोलुन गेलेत नीच प्रवृत्ती आहे म्हणुन,angry
बंडला मारत फिरत होते का?,angry
कसलं काय एवढी महगाई करून ठेवलीय सण आला काय आणि गेला काय .,sad
प्रत्येक नवखा अताचा सोशल मीडिया वर चिव चिव करणारा चिवसैनिक हे लक्ष्यात ठेवा...!,angry
आधीच तीन पत्रकारांत हे संशयित आहेत .त्यात ह्या असल्या मेसेज ने आणखीन गोत्यात यायचा.,fear
पुण्यासारख्या जागतिक पातळीवर महत्वाच्या असणाऱ्या शहरात असे चित्र निर्माण होणे हे अत्यंत दुर्दैवी आहे.,sad
काय त्या फेक व्हिडीओ काय तो फेक पुरस्कार सगळं आहे,angry
“गेले त्यांच्यामुळे शिवसेना संपली नाही तर त्यांना गाडून शिवसेना पुढे गेली”,happy
हे धक्कादायक आहे,happy
ईतके दिवस झोपले होते का? # गेम प्लॅन फसला म्हणुन सगळं नाटक आहे.,angry
"थोडक्यात काँग्रेसला वाचवण्याचा अशा यात्रांचा काहीही लाभ होणार नाही, हेच खरे !",neutral
आर तुम्हाला बाळासाहेबांपुढे ठाकरे सुद्धा लावता यायना आता,angry
तुम्ही खरोखरच आहात.. हे वेळोवेळी सिध्द करत आहात.,happy
माझी शहरातल्या लोकांना नम्र विनंती आहे कृपया पाणी जपून वापरा उभ्या महाराष्ट्रात दुष्काळ आहे,neutral
आज गोपालभाई कुंभार असल्याने भाजपला अटक होत आहे.,neutral
"उपमुख्यमंत्री देवेंद्र फडणवीस म्हणतात, भ्रष्टाचार ही संपूर्ण व्यवस्थेला लागलेली कीड आहे...",angry
डेप्युटी मिनिस्टर ला काहीच नाही,neutral
गद्दारांनां पुन्हा पुन्हा आठवण करून द्यावी लागते कारण गद्दार हे गद्दारच असतात.,angry
"म्हणजे देशात गरिबी वाढत नसून, आदानी जास्त श्रीमंत होत आहे",angry
"म्हणून तर आसाराम, नारायण साई, राम रहीम सिंह, हे जेलात आहे.....",angry
घरात एक तरी शाहणं माणूस पाहिजे होतं लका,angry
भाजपच्या राजवटीत दिवसेंदिवस भाव वाढत असून सर्वसामान्यांचे जीवनही दयनीय होत आहे.,sad
श्रीखंड तरी स्वताचा आहे की तो सुद्धा चोरूनच आणला आहे. गद्दार ने,angry
"लुक्खा झाला आहे तो,, पाय पूसने लिब्रांडु लोकांचे जीने",angry
हा तर ठाकरेंवर काळानेच उगवलेला सूड !,angry
हा व्हीडीओ प्रूफ....अंधभक्त आपल्याच दुनियेत जगत असतात,angry
पुणे हादरलं..पुण्यात स्पर्धा परिक्षेची करत होता तयारी अन अचानक..,happy
पदावर होते तेव्हा लाताडलो आता उदोउदो करण्यात काय अर्थ.,angry
साहेब आपलं सरकार असताना का नाही विषय मांडलात काम लवकर झालं असतं,angry
आता हा सतरंज्या उचल्या लोकांना ज्ञान शिकवणार का..,angry
मग ढोकळा विकायला जातो का गुजरात ला गुलामा,angry
ग्रामपंचायत निवडणुकीत चिन्हं कमळ घेवुन लढले होते का ताई अपरिपक्व राजकारण ह्याला म्हणतात,angry
पहिली आग यांच्याच घरात लागणार आहे विधानसभा निवडणुकीत,angry
भल्या भल्या ला जमले नाही आणि ही आणीन होय,angry
मंद सैनीक बेकार आहेत. कमलिची दलाली करणे एकमेव काम त्याना,angry
आधीच प्रदुषण वाडवुन ठेवलय ह्या लोकांनी ...मा वि आ करुन...,angry
त्यात पण तुमच्या पक्षाची पब्लिसिटी कशाला? एकट्या दिदिंचा फोटो नव्हता का?,angry
सत्य हे नेहमी कुत्सितपणाच्या पोटी दडवलं जातं.,neutral
त्यांना मधे फेक पोस्ट करायला संधी आहे,neutral
ह्या मागे काहीतरी षडयंत्र असेल हे लक्षात घ्या....फडणवीस एवढ्या लगेच माघार घेणार नाहीत.,fear
हा टाळ्या वाजवायला आला का महिलेच्या वतीने हाय हाय,angry
खरंच गुढघ्यात असते का शेणकिड्यांची?,happy
ध्वज बाहेर आलाय तरीही अक्करमाशी थांबत नाही .,angry
पण चोरायला लागला,angry
पण त्या ऑफिस मध्ये कोणी काम करत नाही,neutral
लोकमत चे मालक मारवाडी आहेत म्हणून मराठीद्वेष आहे.,angry
तेव्हा कुठे गेला होता राधासुता तुझा धर्म,angry
अगोदर ही पोस्ट काढा आणी मराठीत जन जागृती करा,neutral
. वर्ष सत्ता कोणाची होती फक्त वसुली कडे लक्ष होते का सरकारचे,angry
"ईडीचं सरकार घाबरट असून राज्याच्या जनतेसाठी नाही तर गुजरातसाठी काम करतं"" नाना पटोले",angry
माजलेत हे डॉक्टर फटकवून काढले लायकीचे आहेत,angry
न्यायमूर्ती च असे म्हणत असतील तर निवडणूक आयोग च काय,angry
दुसर्यांच्या घरात काय चालले आहे हे वाकून बघण्याचा स्वभाव सोड,angry
सोमय्या एवढा धुतल्या तांदळासारखा आहे का याच्या घरचीच दिसतेय नीट बोलताही येत नाही,angry
ऊद्धव ठाकरे हे कुत्सित व कोत्या मनोवृत्तिचे व्यक्तिमत्व आहे,angry
राजकीय वजन.... जे टाकून ट्विटरवर सदानकदा व्हिक्टीम कार्ड खेळत होती एक महिला,angry
पासून भारतात लोकशाही हा निव्वळ भ्रम ठरला आहे.,sad
पालघर चे साधूची गणना नागरीक म्हणून होत नाही .,angry
कधीच मुद्दे नाहींत कायम गुद्याची भाषा मग दुसरा पर्याय नाही,angry
हे प्रश्न आपण जर आपण विचारले तर अळंम टळंम करतात. उत्तर नसतं ना कारण.,angry
आता उद्धव ठाकरे यांच्या शिवसैनिकांना म्हणतील की आपल्याला बाळासाहेबांच्या शिवसेनेला हरवायचे आहे...कठीण आहे,neutral
स्वात निवडुन याव एतक धमक नाही का ?,angry
तो तर आता गावचा सरपंच पण होत नसतो,angry
मूळात दुसऱ्या धर्माच्या कार्यक्रमात जावेच कशाला? आम्ही येतो का मशिदीत?,angry
खरं पण यावर हंसन फार चूक... कारण त्याच्या अविष्याची तीच खरी गाडी आहे,sad
कशात किती टक्के खायचे हे ठरवते का महापालिका ?,angry
"रवी किशन यांची कोट्यवधींची फसवणूक; बिल्डरने 'असा' दिला धोका, नेमकं काय घडलं?",neutral
मेहबूबा मुफ्ती च्या लोटांगण घातले होते तेव्हा हिंदूत्व कुठे गेले होते केशवराव.,angry
रिप्लाय मध्ये शिव्या भेटल्या आहेत,angry
लोक सुद्धा नाहीत नीट....आणि काय ते नियोजन,angry
झाली भांडण करून ऑलरेडी,neutral
तूच दलाल आहेस हे या बोलण्यावरन दिसून येतं,angry
रट्टे हवे होते तुला,angry
"आताच्या गलिच्छ राजकरण पाहता, मनसे हा जनतेसाठी सक्षम पर्याय. आता लढायचं ते जिंकण्यासाठीचं.",happy
तुझी लायकी आहे का बोलायला शिक आगोदर,angry
नाशिक चा शांताक्लोज हागण भुजबळ हा खरा जातीयवादी पक्ष राष्ट्रवादीच आहे हे सिद्ध करताना!?,angry
राजकीय तज्ञांची हि अवस्था?,angry
ऋतुजा लटकेंचा राजीनामा स्वीकारत नव्हते तेव्हा कुठे गेला होता राज साहेब,angry
तुझ्यातून कोणत्या तरी पार्टी ला बांधील असल्याचा वास येतोय हा सडक्या पणा सोड राज्या,angry
"मी अंतराळवीर आहे, पृथ्वीवर येण्यासाठी पैसे हवेत, महिलेला लाखोंचा गंडा…",neutral
हे नाही होणार भक्तांकडून,neutral
विकून खाल्ली लोकमत वाल्यांनी आणि ने पण,angry
तुम्ही अशी बाजू घेताय त्याची तर मला तुमच्यावर शंका येऊ राहिलीय भाऊ,angry
तूच उतर तसही तुला काही काम धंदा नाही,angry
बाळासाहेब नावाचे जेवढे हसू कराल तेव्हढे उद्धव ठाकरेंचे नुकसान आहे...,angry
"साडे तीन टक्के ही मतपेटी होत नाही, लोकसंख्येच्या देशात.",neutral
निर्लज्जपणा ची कळस आहेत हे!,angry
पुढच्या निवडणुकीत तुम्हाला एकापेक्षा जास्त जागा मिळतील' - हाही एक भ्रम आहे,angry
हिंदी लादणे थांबवा. हिंदी राष्ट्रभाषा नाही.,angry
त्यांनीच त्यांचं नाव औरंगजेब म्हणून बदलून राजपत्रात प्रसिद्ध करावे,angry
सुशिक्षित तरुण गप्प का? बेरोजगारीसाठी कोण जबाबदार आहे,angry
उद्योगाला परतावा द्यायला आहे पण शेतकर्याला मदत करायला नाही का साहेब,angry
वाया गेलेली केस उत्तम उदाहरण म्हणजे आपण,sad
जगून काय उपयोग आहे का,sad
"काहीतरी कमकाम करा रे. किती फिरता, गुवाहटी फिरून आला तरी मन काही भरत नाही.",angry
तुझ्या घरी येईल म चालेल का भरकटलेल आहे ना,angry
गणपती गेले देवी गेली आता आतुरता नवऱ्याच्या बोनसची.,neutral
त्या उद्धव‌ ठाकरेने म्हटले आहे की मला कोणाचाच प्रस्ताव मिळाला नाही!,neutral
डॉ. बाबासाहेब आंबेडकर मराठवाडा विद्यापीठात झालेला प्रकार अत्यंत निंदनीय आहे...,angry
"पंढरपुर, देगलुर आणि कोल्हापूर येथे भाजप ची संस्कृती चुलीत गेली होती का?",angry
तुला फक्त दिवाळी सनच दिसतोय का टकल्या,angry
जर हा नाही तर का नाकातोंडात पाणी गेल्यावर जाहिर करणार का?,angry
म्हणजे न्यायपालिका विकली आहे हे दिसत आहे खालील ट्विट वरून,angry
म्हणजे लोक बधिर होतात म्हणायचे आहे का,angry
सुविचार पोस्ट करणे का बंद केलावं?? बोचले का? स्वतःला!!,angry
गल्ली ते दिल्ली सरकार पण हे लोक यांच्या अपयशच खापर दुसऱ्यावर फोडणार,angry
यांचे आदर्शच माफिवीर तर हे काय लढाई करणार!,angry
सलमान खानच्या शेजारी सोबतच्या वादात अभिनेत्याला कोणताही दिलासा नाही,neutral
तुमच सरकार . वर्षे झक मारत होत का???? महाभोगस आघाडी,angry
आमचा इंग्लिश माध्यमावर बहिष्कार आहे.,happy
दुप्पट परतावा देण्याचा दावा करत कोटी रुपयांची फसवणूक करणाऱ्या रॅकेटच्या सूत्रधाराला अटक,neutral
भाई स्वतःची नाचक्की स्वतःच करू नये वर्ष तुमचेच राज्य होते हे विसरता कसे,angry
स्वतः जाहीर करतोय.. माझे प्रोग्राम कोण बघत नाही म्हणून,sad
अति शहाणा त्याचा बैल रिकामा.,neutral
नावात चोर असलं म्हणून काय चोरीच करायची का? मोरे साहेब,angry
आता काय शेतमजुराच्या मजुरीवर जीएसटी आकारता काय...,angry
"लढ्याचे होते ना, माघार का घेतली? फाटली ना",angry
"मग जोकसत्ता वाले कुठे गायब,ते तर आधी हवे!का त्यांचे फिक्स झाले?",angry
नक्की काय खेळ सुरू आहे हे सगलं,neutral
असंच करा..! तुम्ही करायला घेतल्याशिवाय वठणीवर नाही येणार हे..!!,angry
जे रिकत आहे. ...ते भरूण घया सर पहिले. लोकाना...चुतीया नंतर बनवा...सर,angry
रावणाला पण अहंकार होता लंकेच्या सामर्थ्यावर!,angry
ह्याच्या घरच्या पोरी सासरी जाताना सोंग करतात का? समस्त स्त्री जातीचा अपमान आहे हा...,angry
असे नमुने महाराष्ट्रातच का जन्माला येतात?,angry
नीच आहेत. नीच कपटी पणाचा भेटला वाटत,angry
तांदूळ चोर मग काय चायेबाचा लावायचा का मिया खलीफाचा हे जेल मधीच छान राहते,angry
गद्दार ...ब्लॉक केला !,angry
त्यामुळे गुजरातच्या राजकारण्यांसाठी मुंबई हा 'अनफिनिश्ड बिझनेस' आहे.,angry
कोकणी माणसाला भावकीत गद्दारी पण सहन होत नाही तो ह्याला सहन करणार?,angry
निवडणूक नजरे समोर ठेवून हे चालू आहे. तरी भाजप हरणार,neutral
"अरे म आगोदर काय झालं होत, पराभव पहिला आणि दांगीला पाय लावून पळले",angry
आता हे कोणत्या प्रकारची अंध भक्ती आहे?,angry
रडीचा डाव चालू आहे,angry
नेताजींनी द्विराष्ट्र सिद्धांतावरून चांगलाच शेपलला होता नथ्या गोडसेच्या ठोक्याला,sad
महाराष्ट्रातील असा एक नेता आहे ते पक्ष सुपारी घेऊन चालवतात,angry
"साहेब, पुळचट निषेध नको ठोस कार्यवाही हवी नाहीतर हि सापाची पिलावळ महाराष्ट्र गिळून टाकेल.",angry
मालवणी लोकांची नावा खराब करणार हा यो..बुटका वांगा,angry
तुला शिव्या श्राप खाल्ल्यावर चरमसुख मिळते का?,angry
मौनीचे काळात जे झाले नाही‌ ते होतय याच दुख:,sad
सत्तेवर असताना आई आठवल्या नाहीत.. आता आठवली,sad
", ने आपल्या खांद्यावर बंदुक टेवुन शिवसेना संपवू पाहत आहेत ..विचार करा",angry
विचारा जर यांन कडल तर आपले मतदान कमी होतील तर काय करावे,neutral
देशाचे तुकडे कोणी केले भाजपा ने का.,angry
ह्याच्या सारख्या कोंबडी चोराला दिलं की हे आसाच होत,angry
खोटा बोला पण रेटून बोला ही भाजपची नीती,angry
"मार्क झुकरबर्गचे फॉलोअर्स एका झटक्यात कमी झाले, इतरांचेही झाले मोठे नुकसान",neutral
स्वाभिमानी पक्षाचं काय झालं ते पण सांगा जरा स्वतःच ठेवा झाकून दुसऱ्याच पहा वाकून,angry
हा चोर... जामिनावर बाहेर.... हा फुले विकणारा....,angry
पेरे पाटील माहिती नाहीत म्हटल्यावर तुमचा अभ्यास कमी आहे,angry
अन् हे बेनं गृहमंत्री होतं एकेकाळी.....,angry
ज्याला करायचे आहे पाप त्याला मध्ये नोकरी मिळेल आपोआप ..,angry
यावर्षी गाळ इमानदारीने काढला का? निवडणुक आहे म्हणून,angry
महाराष्ट्र विधानसभेची निवडणूक येऊ द्या मराठी माणसं पद्धतशीरपणे भाजप ची अवस्था करणार आहेत,angry
"काय का, मला काही कळलं नाही,",neutral
"अश्या फालतू पत्रावर कोणाच्याही डोळ्यात पाणी येणार नाही,",angry
राजकारण ठाकरेंशी केल तर विरोधकांपुढे हार किंवा माघार हे दोनच पर्याय उरतात..,angry
त्या दोन माजलेल्या आणि फुगलेल्या बेडकानाचा घटस्फोट झाल्याशिवाय काही उपयोग नाही,angry
तू चूप बसणार आहेस का आता....तुमच्यासारख्याचि तर बिलकुल नाही. ग... ....र,angry
गद्दारी नाही रे मित्रा... गदर केलाय गदर,angry
हा खरंच चांगला आहे के हे सर्व सोशल मीडिया वाले इन्फ्ल्यून्सरस चुतीया बनवताय,angry
हीच बातमी लपवायला तर आज जाधव दिवसभर थयथयाट करत होता.,angry
आमदार/खासदार/नगरसेवक खरेदी साठी पैसे आहेत सरकार कडे... पण गोरगरीब जनतेच्या मुलांच्या शिक्षणासाठी नाही.,angry
"हिंदू प्रथा विचार करून केलेल्या आहेत, या विचारांचा अपमान सहन करणार नाही...",angry
आणि त्या वर्तमान पत्रातील फेकूच्या बातम्या,angry
हा लै मोठा पेच प्रसंग तयार झाला राव।।। ला तोंड द्यावे लागणार आहे राव.।।,fear
भुजबळ साहेब हे कसल बोलणं तुमचं,angry
च्या चमच्यानो इकडे ही लक्ष असूद्या..,angry
अरेरे बसायला पण बोलावलं नाही ह्याचं दुःख झालं भावींना,sad
म्हणजे सेनेवाले तुझ्या पोस्ट ला भाव देत नाही..,sad
अस म्हणत ऊधव साठी संजय जेल ची हवा खात आहे,sad
हिं संस्कृती सोलापूर च्या भारत भालके यांच्या पोटनिवडणुकी वेळी झोपली होती का,angry
हो स्वीकारनार... सज्जन माणसाला त्रास देताना जनता पाहत आहे,angry
हा हा तुझा मालक बोलणार आणि तूच ऐकणार साधी सेना सांभाळता आली नाही,angry
हळुहळू डोक्यावर परिणाम होणार आहे हे नक्की.,fear
ज्या काकांनी राजकारण शिकविले त्यांना धोका देणारा तुजा साहेब तुला लखलाभ,angry
"स्टेज वर जितके आहेत, तितके तरी आहेत का समोर",neutral
तुमच्या असल्या मुर्खपणा मुळे आहे नाही तीही घालवाल हे नक्की,angry
जल ही जीवन जनजागृती भाजपा पश्चिम दक्षिण मंडळ अकोला,neutral
नशीब हा खाली नाय उतरला नायतर याचा किरीट सोमय्या केला असता शिवसैनिकांनी,angry
तूझ्या बुडाला आग का लागली आहे पण अरे हो पाकिट आले असेल तिकडून,angry
शिल्लकसेनेची मशाल पेटण्याआधीच समता पार्टी कडून तिला विझवलं जात आहे…!!!,angry
म्हणूनच दळभद्री म्हटल.. पण टरबूज च्या पोराला राग आला,angry
"या दोघांमध्ये साम्य आहे दोघांचे पण लग्न होत नाहीये, आपसात समेट घडवून आणावा.",neutral
आणि भाजपला मत म्हणजे देश तोडणाऱ्या शक्तींना मत. बाळासाहेबांची शिवसेना फोडणाऱ्या कपटी पक्षाला मत.,angry
त्यांना सध्या हागवण लागली आहे...!,angry
आपण आता विरोधी पक्षनेते असायला हवे होते,sad
भाऊ दल्लुकर. कमी आवाजात भटी भुंकने हेच त्याचा धंदा. पगार मात्र फिक्स आहे बरं.,angry
कमळी ने शेपूट घातली म्हणे यांचं तर आले घोड्यावर अन गेले गाढवावर असे झाले,angry
गद्दारी मध्ये जनतेशी केली जेव्हा जनतेने बहुमत दिले पण मुख्यमंत्री पदासाठी विरोधकांसोबत गेले,angry
आज तर माघार ही पराभवाची व नामुष्कीची आहे,sad
ये भाऊ बंद करून टाक हा शो,angry
संदिप मोरे अंबानींचा कर्मचारी होता. त्याच्या आत्महत्येची चौकशी झाली पाहिजे.,sad
"बस थांबवून काचेवर तंबाखू लावतात, त्यामुळे पाणी शोषले जाऊन अंधुक न दिसता स्पष्ट दिसते.",neutral
चुतीया कायमची बंदी पाहिजे होती वर्षाने काय होतय,angry
आता वाटतं उगाच एवढी क्रेझ होती.दुसरं मनोरंजन काही नव्हतं ना,sad
छत्रपती शिवाजी महाराजांची तुलना कोणी स्वतःशी करु नये महाराजानी कधी ही जनतेची फसवणुक केली नाही,happy
"रिल्स बनवण्यासाठी चांगला मोबाईल हवा, म्हणून टीकटॉक स्टारचं धक्कादायक कृत्य!",happy
जगातील नववे आश्चर्य तर देश चालवतो आहे काय अवस्था केली आहे देशाची....खूप पश्चताप होईल,sad
अरे हा मातोश्री च्या अंगणात निवडणूक हरलेला उमेदवार. ह्याची ईशान सिद्धिकी मारून आमदार होतो.,angry
आणि हे असले फालतू लोक आमचं नेतृत्व करताय...,angry
काहीजण अफवा पसरवत आहेत...आपण शिंदे गटात जाताय म्हणुन....,neutral
"मराठी माणसाला फसवणूक आवडत नाही. हा त्रागा, चीड आपल्याला शांत बसू देणार नाही.",angry
सामान्य माणसाच्या खिशातून या लोकांना पगार जातो तरी हे लोकं जबाबदारी पार पाडत नाहीत...,angry
चार पाच वेळा तोंडावर आपटून नंतर शिवसेनेच्या जिवावर आमदार झाले आहेत हे.,angry
नैनीताल नको अतीवृष्टीगृस्त शेतकर्यांच्या बांधावर गेलाअसता तर.......,angry
होऽऽना आता साहेबाँनच कापून टाका आणि शील्लक सेना करा अरबपती! निर्लज्जतेचा कळस आहे हा!,angry
तू बनतो का रे मग कावळ्या?,neutral
विठ्ठला पेक्षा मोदींचा फोटो मोठा होता तेव्हा हा बारक्या कुठे होता !!,angry
दर सहा महिन्यांनी ही पोस्ट असते. कोणताच पोलीस कायद्याने वागत नसतो.,angry
अशा वायफळ लोकांच्या नादी लागुन आपले तोंड का खराब करायचे.,angry
सर म्हणजे भाजप आता काय पारदर्शक निर्णय देईल का,neutral
याच वर्षी वैद्यकीय महाविद्यालय सुरू करण्याचा आपला निर्धार होता. सत्तांतरानंतर आपण काय केले?( / ),neutral
ये तेलंगाना शासन व प्रशासन हिंदू व हिंदुत्व विरोधी मानसिकता है ।,angry
मोदी च्या राज्यात असे खर्च परवडत नाही,angry
तू कोण सांगणार ? असे ज्ञान मामीच्या वेळेस गटार नाली मध्ये जाते का,angry
आजुन पण सांगतो हे हलक्यात घेण्या जोगत हत्त्यार नाहिये....!,fear
"मी त्यांना ओळखत नव्हतो, पण त्यांना पोट धरून बघून दम लागतो.",neutral
शोभत नाही. विरुद्ध असे चित्र उभे रहात आहे.,neutral
दामदुप्पट नावाचा स्कॅम सोलापूर मध्ये झाला आहे.. ..,angry
हे आपल्यातच काही गझनीची ओलांद आहेत यांनी निवडणूक बाजुला केलं पाहिजे,angry
तसंही कोण फिरतात सणासुदीत पुण्यात काही तर गणपती नवरात्री ला सुद्धा बाहेर निघत नाहीत....,neutral
आणि त्या पॉर्न स्टार प्रथमेश चे काका च आता काय होणार,neutral
हा पोरखेळ भाजपने चालवला आहे इतर पक्षांनी नव्हे....,angry
ताई जरा लक्ष घाला प्रत्येक पावसानंतर अवस्था वाईट होते चौकाची,angry
"उगाच नाही ""मंद सैनिक"" आहेत हे ... अगदी मतिमंद...",angry
विडिओ का बंद केला कर होते म्हणून डर होते,fear
मुळात ऑप्शन चुकीचे आहेत... कायम केळ्याची साल उचलतील असा हवा...,angry
गुरू आणि चेला एका वरचढ एक कलाकार आहेत.........!!!!!!,neutral
किती फेकतो हा माणूस,angry
अरे हरामखोर तुला किती लोकांनी पैदा केले आहे,angry
कॉमेंट वाचली की झोप लागतं नाही तिला...,sad
"आमचा आवाज सांगतो, बोलतो....... गर्दी जमवणे म्हणजे हिंदुत्व नाही..... हे गद्दार आहे",angry
अफवाना पण चांगल्या मिळतात आजकाल,neutral
चिंताजनक! ने एकट्या मुंबई शहरातून मध्ये आत्तापर्यंत किलो ड्रग्ज जप्त केले आहेत!,fear
डॉ राहुल गांधी ची तळी उचलला ठेवला आहे का तुम्हाला? स्वतःच्या पक्षाचा बोला.,angry
स्वतःला पोरं काढायला जमना झालं की अशी बडबड सुरू होते मग...,angry
एकनाथ शिंदेंच्या आडून भाजपा अजून किती महाराष्ट्रद्रोही निर्णय घेणार आहेत ?,angry
छातीवर दगड ठेवून बळेच दिलेला मान आणि तो ही कॅमेरा समोर असल्यामुळे.,angry
कोण पिसाळलं आहे ते दिसत आहे मूर्ख भक्तिण...,angry
देशद्रोही वर योग्य ती कारवाई होईल ही अपेक्षा आहे...,angry
"यांची लोकं अजून उदरनिर्वाहासाठी मुंबईला जातात,या कमिशनर पेक्षा हे साहेब फेल गेलेत.",neutral
बाळासाहेब ठाकरेंचा ‘थापा’ एकनाथ शिंदेंना जाऊन का मिळाला? चंपासिंह स्पष्टच म्हणाले…,angry
"भक्तगण ची अशी गत आहे, ज्या भक्ताला जितक जास्त ट्रोल त्याला तितके जास्त पेमेंट।",angry
शेन खाल्ल नाही शेन फेकून मारतात ते...,angry
लोकसत्तेने आपली लायकी पुन्हा एकदा जगाला दाखवली आहे. लोकांची फसवणूक हेच यांचे ध्येय.,angry
हा फुकण्या आहे,angry
अरे बेडका तुझी लायकी किती आणि तू बोलतो किती,angry
याला महत्व देण्याची गरज नाही...!कुठला एका चाळीतला नेता आहे हा..?,angry
अगदी बरोबर सर हा तर एक नंबरचा आडान्सचोट,angry
हा सगळ्यांचा ट्वीट्स ख़ाली घान बोलतो.. याच / करा सगळ्यांनी,angry
सर्वात अमीर हि आसक्ती असल्यामुळे गरीब असतो. भाऊ समजले का,neutral
महाराष्ट्र राज्याचे मंत्री असून गुजरात साठी काम करणारे ठग अॉफ महाराष्ट्र,angry
आमचे पोट आम्हीच भरतो पण तुमचे खिसे मात्र भरत आहे हे दिसतंय,angry
दारू व्यतिरिक्त आणखी काही दुसरे अवैध धंदे होतात की नाही या जिल्ह्यात,angry
शिवसेना ठाकरेंचीच.. तुझी गद्दार सेना आहे भडव्या,angry
रोजगार म्हणजे फक्त नौकरी हा भ्रम आहे.,neutral
हे बेक्कार होतं...,angry
अशी मदत आत्महत्या करण्यापूर्वीच शेतकर्यांना करून दाखवा !,angry
तुझ्या पक्षाचा बाजार उठलाय त्यामुळे तू गप्प बस खाली !!,angry
सकाळी सकाळी घेतली की कालची उतरली नाही,angry
पंढरपूर च्या वेळी एक जण नाक घासत गेला होता पाठिंबा मागायला.,angry
हा तर अपमान आहे मॅम...!! तुमच्या ट्विटचा....!! लगेच ब्लॉक करा.....!!,angry
तुमचा माणूस काय तुरुंगाच्या संडासात माईक घेऊन बसला आहे का?? प्रतिक्रिया आलीच कशी??,angry
"भूतदया बाळगा, पण इतरांना धोकादायक ठरेल, असा हस्तक्षेप जैवसाखळीत योग्य नाही.",neutral
फड़णविस कड़े? एकेरी बोलतो का? तुझ्या राजकीय बापाचा नौकर आहेत ते?,angry
चाटेगिरी करण्यात यांचा हात कोणी धरू शकत नाही ताई,angry
"हा पत्रकार नाही, राजकीय पक्षाचा पगारी गुलाम आहे",angry
सर मराठी पत्रकार ना लय माझ आला आहे यांचा पहले माझ उतरवा प्लीज,angry
पून्हा भेटण्याचा होता निर्धार त्याचा निरोप देताना.. तिचे मात्र डबडबले डोळे त्याला शेवटचं भेटताना,sad
लाखो चाहत्यांवर अधिराज्य गाजवणाऱ्या परवीन बाबीचा मृत्यू मात्र प्रचंड दर्दनाक होता,sad
"तुला आई ची जान आहे का ? तुझ्याने लिहीन होत का ते बघ आधी,बिनडोक",angry
आपली सत्ता आल्यावर मी पद घेणार नाही - राज ठाकरे,neutral
आतल्या आईस्क्रीम एवढी पण उंची नाही तुझी,angry
"खूप आवश्यकता आहे साहेब याची ,कारण शेतकरी खचला आहे या परतीच्या पावसामुळे",sad
अति प्रसन्न दिसताय..... बस करा आता... आम्हाला सहन होत नाही ही प्रसन्नता बघून....,angry
स्वताच्या बापाचे काही करतुत्त्व नसते ते दुसऱ्याच्या बापाच्या करतुत्त्वा वर मोठे व्हायला बघतात.,angry
तो बांगर जसा आज पाय लावून पळाला तशी गत ह्याची होईल असे वाटते,angry
जिलेटीन खासदाला च्या अटकेपासुन वाचविण्याकरिता एकनाथ चिंदी ने गद्दारी केली……,angry
"तू एकटा गेला असता भीक मागायला, लहान मुलीला का नेले सोबत!",angry
तरी पण तुम्ही गद्दारच,angry
सगळे अडाणी आणि अतिहुशार भाजप मध्येच भरले आहेत का,angry
कुत्र्याचं शेपूट कधी सरळ होऊ शकतं का?,neutral
हा डांगरा भाऊ वेडा झालाय या वयात कितीही भूक भावड्या काही फरक पडत नाही,angry
अरे भाजपच्या भड़व्या तुझ्या बोच्याला का आग लागली मग??? घालून बस,angry
एकाचे दोन झाले की क्रीएटीव्हीटी कमी होते असं भाऊ सांगत होते....,neutral
याला सुद्धा त्या केतकर सारख खासदार व्हायची इच्छा आहे म्हणून अशी चातुगिरी करतोय.,angry
शिरसाठ फुटला तर फुटला .आता हा आला पुन्हा मदतीला,angry
बाई सारखं बोलणारा विरोधकांना नामर्द म्हणतोस लोकांना तुच माणसांत वाटत नाही,angry
गद्दार सेना हे व्हिडिओ जपून ठेवा नंतर आयुष्यभर हेच ऐकायचं आहे.,angry
भाजपने पंढरपूर का लढवले? अंधेरी मधे पराभव आणि त्यामुळे...लोकांना सत्य माहीत आहे.,angry
आपला मीडिया लाचार आहे व तो अशी उदोउदो करण्यात अग्रेसर असतो,angry
भक्तांनो घ्या तोंड बडवून का करू काही मदत,angry
लगीन लोकांचं नाचताय येड्या भोकच अशी अवस्था झाले भाजप कार्यकर्णी ची,angry
त्यांच्याबरोबर तुलना करून तुम्ही कुत्र्याचा आपमन करतय अस वाटतं नाही का??,angry
विद्येच्या देवीचा तिरस्कार का? म्हणूनच सरस्वती देवी राजकारण्यांना प्रसन्न होत नाही.,angry
"तुम्ही कोण ठरवणारे मुंबई, महाराष्ट्रतील भाषा ही हिंदी आहे.",angry
कशाला येड्यात काढता लोकांना... कमीत कमी आपल्या पदाचा तरी मान राखा...,angry
भावपूर्ण श्रद्धांजली अर्पण करण्यात येत आहे,happy
अशा प्रकारे विद्यार्थ्यांच्या अभिव्यक्ती स्वातंत्र्यावरती देखील घाला घालण्याचे काम महाविद्यालयाच्या प्राचार्यांच्या माध्यमातून करण्यात येत आहे.,angry
म्हणजे? तथ्य काहीही असो तुमच्या मना सारखा निर्णय देणे आवश्यक आहे असेच का??,angry
हा मग तू पण इज्जतीत,neutral
गुजरात मॉडेल मध्ये संविधानचा विचार खूपच कमी वेळा दिसून येतो.,angry
देवी सोबत असे फोटो टाकून हिंदू धर्माचा अपमान करू नका.,angry
मनसे म्हणजे मतदार नसलेली सेना,angry
ही लोक पण मराठीचे मारेकरी आहेत.,angry
एकदा पसारा ही ठेवायला काही हरकत नाही,neutral
"“ते काय ‘स्पायडरमॅन’ आहेत का?”, नाना पटोलेंचा उपमुख्यमंत्री फडणवीसांना टोला; म्हणाले “दोघांच्या वादात…”",angry
! निवडणूक आयोग भाजपात विलीन होणार नाही. बाहेरून भाजपला पाठींबा कायम राहणार.,neutral
हे तिघ बाप बेटे बेवडे आहे कुठे यांचा नादी लागतात,angry
तुम्हाला उद्धवसाहेबांनी लायकी पेक्षा जास्त दिलंय हे विसरून आज भुंकयाला लागलीत तुम्ही.,angry
भक्त आणि बद्दल बोलत आहे। काय बोलणार,angry
धक्का बसला नाही का ? तुम्हाला नाही उद्धव गटाला ..,neutral
गद्दारीची परंपरा तुझ्या साडेतीन जिल्हाच्या साहेबांनी सुरुवात केली # गद्दार,angry
भाजपच्या उमेदवारी मध्ये काहीच दम नाही. म्हणून ही पळवाट.,angry
"मेहेंगाई डबल, बेरोजगारी डबल... पेट्रोल डिझेल ट्रिपल ये हे न्यू इंडिया...",angry
हे सगळे ठिक आहे हो.पण मैदान सोडुन पळणे हि अभिमानाची गोष्ट आहे का?,angry
उघड्या शेजारी नागड गेल रातभर थंडीत कुडकुडुन मेल अशी गत आहे तुमची,sad
निवडणुकीत पराभूत होणारं हे कळल्यावर मैदान सोडून पळून गेले रे भो,angry
ती कोकणी नाही मूळची नेपाळीच आहेत म्हणून दिसतात पण बघा नेपाळी असल्या सारखे.....,angry
"तू कोण मंद भक्त? मंद्बुद्धी लोकांना सांगून पण कळणार नाही,",angry
हे बघा जागरूक नेते यांना सगळ्या गोष्टी माहीत असतात,neutral
हा भावे जाम डोक्यात जायला लागलाय आता.. उगाचच झाडत असतो.,angry
लय हसलो महाराष्ट्र दौरा पुढच्या जन्मात होणार आहे काय? देव जाणे,angry
नाना म्हणजे काय अक्षय कुमार आहेत होय लिहून दिलेली प्रश्न विचारायला,angry
डॉ. बाबासाहेब आंबेडकर यांनी दिलेल्या प्रतिज्ञांवरून भाजप आणि आपमध्ये वाद का सुरू आहे?,neutral
थोडीशी चूक झाली आहे पत्रकार भाजप हे टाकायचं राहील फक्त पत्रकार टाकलं आहे आपण,neutral
आनंदाने सागायची गोष्ट नाही ही ताई.,sad
गद्दारी केलीत तरी ठाकरेंच्या जीवावरच तुम्ही उड्या मारा त्याशिवाय तुमचं राजकीय अस्तित्व शून्य आहे.,angry
"सुटायला पण नको , वाकड तोंडया लयी वळ वळ करीत हता",angry
लोगो खूप वाटतोय!! पांढरा पण नको होता!!,angry
खूप वाढले आहेत असे किस्से फसवणूक करणाऱ्या लोकांचे,angry
गद्दार बाळासाहेबांची शिवसेनेला मशाल गाडणार असे पण सांगणार,angry
अशी धमकी देते म्हणजे तुम्ही देव झालात की काय...,angry
मग त्याच वेळेस का केली नाही,angry
हे... एकतर्फी / पक्षपाती... तथाकथित पत्रकार हे ... सिद्ध केले.... ब्लॉक करून !,angry
सर्वांत आधी खाजपा आणि राष्ट्रीय समलैंਗਿक संघाला बॉयकॉटचा बांबू लावण्याची वेळ आली आहे!,angry
मग आम्ही अस म्हणायचं का ला मत म्हणजे बलात्कारी आणि दहशतवाद्यांना मत?,angry
कूठे माती खाऊन आले हे कळायला नको,angry
सगळी कडे बोंबाबोंब. होतीस मुर्जाची बकरी बुर्जी बनवणारच होते,angry
निवडणुकीत पळून जाताना लाज नाही वाटलि का?,angry
हा गुजरातचा अपमान आहे.,angry
"चाटून पण आला, तुम्ही एवढा शब्दांचा कंजूषपणा नका करु,राव!",angry
भाड्या निस्त भुंकायचं.... कुत्र्यांना जेवढी किंमत आहे तेवढी पण तुम्हांला नाहीये,angry
"वाचाळवीर उत्तर द्या महागाई का वाढली ,रुपया का ढासळत आहे. बेरोजगारी किती वाढली.......",angry
": मृत्यूनंतर वैशालीची शेवटची इच्छा कुटुंबीयांनी केली पूर्ण, काय होती शेवटची इच्छा?",neutral
हा टक्कर देऊ शकतो... टोमणे बाईंना... एकदम जबरी लॉजिक आहे ...,happy
तुम्ही आता उडवायच्या सुपाऱ्या घेता का सुपारी क्वीन,angry
"पहा, ज्यांच्याकडे कोणतेही तर्कशुद्ध किंवा प्रामाणिक तर्क नाही त्यांनी शिव्या देणे सुरू केले",angry
माईकी नी मस्करी केली होती,neutral
रव्याचा लाडू फेकण्याची भाषा करणार्यांना रव्याच्या लाडवाची महतीच कळाली नाही......,angry
आली मी अवसेच्या भयाण राती..,fear
ह्या आधी पोट निवडणुका झाल्या तेव्हा नाही वाटल का पत्र लिहावस,angry
हा माणुस किती खालच्या पातळीवर जाऊन बोलतो... काय संस्कार केले आई वडिलानी याच्यावर देवच जाणे...,angry
सोनाली बाई मोदीने भारत जोडला नाही तर असं म्हणायच आहे का तुम्हाला ?,angry
राजदीप सरदेसाईंची मराठी तर खर्गें पेक्षा पण खराब वाटतेय..,angry
सगळे ढाल तलवार घेऊन योद्धे नसता काही गद्दार पण असतात...,angry
. वर्ष फक्त काय उद्धवची मारण्यात घालवली का?,angry
दुर्दैव हे आहे की देश चालवणाऱ्यांना ना युद्ध लढवणाऱ्यांची किंमते ना शेतकऱ्यांची...,sad
शाळिग्राम आहे तो. उगाच भोसले आडनावाला बदनाम करतोयं.,angry
आता ऐकूनच एवढी चिडचिड... खरे घडले तर नक्कीच डोके आपटशील,angry
आज ढगफुटी व अतिवृष्टी झाली कासारखेडा येथे,neutral
महाराष्ट्र द्रोही सरकार काम करत आहे गुजरात साठी,angry
यांच्या तरबुजांवर पोकळ बांबुचे फटके मारा. म्हणजे यांचे नक्कलिंचे सुर पातळ होऊन निघतिल.,angry
मॅडम ना स्वतः च्या फिल्ड मधल कमी दुसऱ्याच जास्त पडल,angry
अच्छा.. तुमच्या वर सुध्दा गुन्हा दाखल केलाय त्यामुळे ईतका खटाटोप होय..,angry
अग गद्दार बाई ह्या वर ही बोला.,angry
अांगात नाय बळ अाण काड्या करून पळ ईती..छोटा_छञी,angry
अंध भक्त येतील आता भूंकायला,angry
"जाऊद्या सर, मोठमोठ्या लोकांनी तुम्हाला ब्लॉक केलेलं फायद्याचं ठरणार नाही..",angry
काय रे आज बायकोने‌ जेवण खाऊ घातले नाही का?,angry
"तुला आता नाही जमणार, कायमचा घरात बसवला शिंदे नी",angry
हे अंधारात तीर मारावेत ते भक्तांनीच,angry
व्यवस्थाच आहे तशी गरीबाला गरीब आणि श्रीमंताला अती श्रीमंत करायच,angry
"कोण,रंगा-बिल्ला का?ते दोन्ही बाराचे खूप आहेत",angry
आता बांगड्या किंवा दांडिया हे चिन्ह घेणार कार्यकर्ता,angry
हा पत्रकार आहे का प्रवक्ता हेच कळत नाही,angry
"आदर्श प्रेरणाथान पँथर,दिवंगत आदरणीय मा.स्व.नामदेव.डी.गायकवाड,(मामा)यांच्या पुण्यतिथीदिनी त्यांच्या पावन स्मृतीस भावपूर्ण आदरांजलीकोटि कोटि वंदन",happy
फायदा व तोट्याच्या राजकारणात देश पुन्हा गुलामी कडे जावु द्दायचा का!?,angry
अगदी बरोबर सत्तेचा माज जास्त काळ टिकत नाही,angry
पूर्वी पासून गद्दार होता हा. .. नरेश,angry
अरे हा काय बोलतोय ह्याला तरी कळतंय का.... उगाच हसू करून घेतोय स्वतःच,angry
मी ठरवलं ह्या नेपाळ्याला भाव द्यायचा नाही.,angry
.... पापी ठाकरे ची साथ हाच मोठा गुन्हा आहे ....,angry
यांना कोलले शिवाय काही करत नाही वाटत,angry
गद्दारी तुमच्या रक्तातच आहे साहेब,angry
तुमच्या सारखे जनतेला समजता का तुम्ही? अशानंच ही गत झाली आहे.. निव्वळ झळ्ळ...,angry
सर्वांनांच शेतकऱ्यांचा कळवळा योतो पण शेतमजूरांचा कोणीच वाली नाही...,sad
एवढ्या प्रचंड विकसनशील देशासाठी ही अत्यंत लाजिरवाणी बाब आहे..,sad
उद्धव बाळासाहेब ठाकरे'' शिवसेना निवडणुकीत काय प्रचार करणार ? ''बाळासाहेबांच्या शिवसेनेला'' पाडा म्हणून .......,angry
भ्रष्टाचार झालाय कमी आहे त्यात,angry
हा इकडचा ना तिकडचा ह्याची हकालपट्टी अजून का होत नाही,angry
निग्रो नकोच. परप्रांतीय कमी होते का अगोदर,angry
"किलो वजनात, मेंदू शुन्य आहे… हाच उद्देश आहे, वजन कमी सांगण्याचा…",angry
कृपया कामाचा वेग वाढवा. उशिरा झाल्याने उमेदवारांचे हाल होत आहेत.,sad
हा डायलॉग बोलायला मागचे अडीच वर्ष तुझी तुझ्या सायबाची दातखीळ बसली होती का?????,angry
"अरे, हा काय माणूस आहे,साधी श्रध्दांजली सुद्धा हा प्राणी राजकारण वगळून देऊ शकत नाही",angry
साहेब या मधल्या लोकांमुळे लोक पक्ष सोडून गेलेत,angry
पुरुष असून सुद्धा चिखल लावून फिरतात,angry
घरच्यांना फुकट्या स्कीम राबवावी ते पण मिळणार्या मानधनात.,angry
"म्हणजे चहा पिऊन तरतरी येईल, तिला मारायला आणि मला मार खायला",angry
अतुल सर का बरं खुन्नस नी पाहत आहेत..,sad
अध्यक्षालाच माहीत नाही की आपला पक्ष केव्हा स्थापन झाला सुधरा,angry
तुम्ही बंगल्यावर नेऊन मारता ते चालत का?,angry
जित्न चाहनेले मात्र हो राजनिती गर्ने हारे पनि सहुला भन्नेले त प्रेम गर्ने हो,happy
अंधश्रद्धा आहे ती,neutral
म्हणजे ला माती खायची इच्छा झाली तर!!!!,angry
ही सगळी गर्दी आहे,neutral
गद्दार पक्षाचे नेते या शब्दाने सुरवात हवी होती,angry
वेड लागलाय का म्हाताऱ्याला,angry
"ला जाहिरनाम्यात स्काय बस व रिंग रोड बनवणार होते, अजून दिसले नाहीत.",angry
"काहीच नाही बोलली ती, उगाच काहीही बोलशील का रे...",angry
या पुरस्कार प्राप्तीसाठी स्वतः नागडे होऊन फोटो काढून घेणे अनिवार्य आहे का?,angry
"मुंबईत डोळ्यांची साथ, डोळे आल्याचे किंवा संसर्ग झाल्याचे जाणवताच हे करा....",neutral
तुझी पण संपलीय पाहा जरा काडी पण नाही पेटणार बाबा,angry
मागच्या अडीच वर्षांमध्ये बनवलेले रस्ते काढून नेले का तुमच्या सायेबाने?,angry
हा ला गाढव बोलला,angry
खर्या शत्रू पेक्षा छुपा मित्र जास्त धोकादायक असतो हे भाजपा ने लक्षात ठेवावे.,angry
म्याऊ म्याऊ झालं आता काय डरकाळी फोडणारे का बेडकांनो,angry
अरे बापरे.. रायगड च पण केलं का..!! ना मिळालं नाही..!! आता..!! बिचारे..,angry
बाळासाहेब ठाकरे यांच्या सोबत गद्दारांचा कसलाही संबंध नाही.,angry
हा म्हणजे नीचोत्तम आहे,angry
अबे आय घाल्या भाडखाऊ फेकू तुझा नवीन बाप आहे ना..,angry
भाजपाला ते हारणार होते याचा अंदाज नक्कीच आला असावा.,neutral
वसुली होत नाही म्हणून शांत असेल तेंव्हा खुलेआम वसुली सुरु होती वाझे मार्फत,angry
गद्दार लोकांच्या तोंडून हे शोभत नाही,angry
मनसे ही भाजपची बी टीम त्यामुळे ते शिवसेनेच्या विरोधातच बोलणार,angry
"अबे हे काय भिकू? सांभाळून, त्यांच्या लोकांना राग येईल....",angry
एक वास्तव.. शिक्षकांच्या हातातून छडी गायब झाली आणि जग बेशिस्त झाल...!,sad
यावरून एक समजले की मतांसाठी काय पण...!!,angry
गद्दार आहेस राहशील आणि पुढच्या पिढ्यांना पण तोच डाग लावलास..,angry
अर्थतज्ञ साहेब मग तुम्ही विस्तृत पणे सांगा का घसरण चालू आहे?,angry
काय हसते तुला पण येयच होत लग्नाला आमंत्रण नव्हतं तुला,sad
"आता फडणवीसांनी काय केलं, उगाच त्यांना का टोमणे मारत आहेत.",neutral
हे फक्त नावाला प्रमुख राहिलेत सगळे आदेश तर बारामतीचे भावी पंतप्रधान देतात त्यांना,angry
हेच हाल घृष्णेश्वर ला आहे।,neutral
लोक वेडी वाटतात का?,neutral
आपल्या खोक्यातून वाटणार का साहेब?,angry
पण तुम्ही का म्हणून पाकिस्तानच्या राष्ट्रभाषेत बोलताय,angry
"अहो स्वतःचे पितळ असं उघड पडू नये ,पळ कोणी काढलाय हे दिसलय सगळ्यांना",angry
काय झोपा काढत आहेत का.... कुठे आहे गृहमंत्री,angry
तू कितीही भूंक काहीही फरक पडत नाही...,angry
टोपी काळी आणि मन सुद्धा काळं !,angry
आंधळा आहेस तू ........ आणि बेरोजगार पण,angry
आमदार तिकडचे आणि येणार मुंबईत.... औरंगाबादेत एवढे चांगले हॉस्पिटल नाही का...?,angry
तू निवडतो का बघ,neutral
) जोशी वडेवाले ) वडेवाले जोशी आमची कुठेही शाखा नाही!,neutral
हा शुद्ध हलकटपणा आहे माने,angry
नाही पुन्हा जोमाने परत उभा राहील गद्दारराणा त्यांची जागा दाखवील,angry
संपूर्ण हयातभर हुजरेगिरी अणि मुजरेगिरित गेलेल्या लोकांनी हे असल काहीही बोलू नये,angry
पूर्ण देश आहे अंधभक्त है एकटे दीड शहाणे,angry
तुमच्याकडे आधी बाळासाहेब पण प्रमुख बाळासाहेब देवरस.. अनाजीपंताने बरोबर च्यु.. बनवलेय.,angry
नाही बा हे असल काय जमत आपल्याला,neutral
उद्धव साहेबांच्या बापाचीच आहे,neutral
दुसरं काम तरी काय आहे तुमच्या कडे ?,angry
हिच्या मेंदूला खरच सोनखताची गरज आहे. कायबी बरळते,angry
कोर्टाने सांगितलं कोण रडतंय ते. घाण राजकारण चालू आहे हे पण नमूद केलं.,angry
आपण ही त्याच अकलेचा भाग,angry
ताई हा मूर्ख आहे काय लिहितो त्याला त्याचाच समजत नाही,angry
आता ही नट आणि भांड देशात राजनैतिक सल्लाहकार बनलेले आहे।,angry
छत्रपती... यशवंतराव चव्हाण....शरद पवार.... ठाकरे.... ह्यांनी महाराष्ट्राचं नाव दिल्लीत कमावलं.... आणि ह्यांनी गमावलं,sad
"हे असं सगळं झालं असं म्हणतोयस, तू काय झाडू मारायला होता का ठाकरेंकडे?",angry
"हा, चं बा चालला होता लोकसभा मिळवायला.",angry
उदय जरा कमेंट वाच खाली लोक तुम्हा बंडखोरांना खूप शिव्या घालतात हे .,angry
"त्यामुळे च असली पैदाईस आहे, महिलांना ट्रोल करून मर्दानगी दाखवतोय",angry
औरंगाबादच्या सिडको पोलीसा ठाण्यात गुन्हा दाखल करण्यात आला आहे.,neutral
हे पार लहान पोरा सारख करायला लागलं भो आता,angry
लवकर कळले तुम्हाला.. इतक्या वर्ष काय होत मग?,angry
मंद सैनिक आले का बांगड्या फोडायला..,angry
"हा, अशी, तेव्हाही, त्याची मोकळी असलेली बोटं घालायचा म्हणूनंच तेव्हाच्या शिवसैनिकांनी चापाटला होता",angry
शेतकरी वर्गाचं दुर्दैवी सत्य मांडलंय बघा हे जे कोण असतील त्यांनी.....,sad
तुमचा उमेदवार कचमडक होते ते फुटणार म्हणून तुम्ही पळ काढला,angry
खालुन पेटली तर अवघड आहे मग सगळ्यांचे,fear
हे कृत्य अत्यंत दुर्दैवी आहे निषेध हे अस कृत्य करण्यारला शिक्षा झालीच पाहिजे,angry
पंढरपूर मध्ये कुठे गेली होती संस्कृती,neutral
आज कल निष्पक्ष मत मांडणारे कमी आहेत!,neutral
हा तर दलाल आहे अस वाटत आहे पैसे पाहिले का?,angry
"तू कधी वर दिसणार की कधीच नाही,ट्विटरच गुलामी चालू ठेवणार आहेस?",angry
मोदींना गुजरातच्या नागरिकांनी विरोध करायला कधीच सुरुवात केली आहे.,neutral
चांगलीच चढली आहे..देशीच मारली काय,angry
"त्यानी त्याना मिळालेल्या खोक्यातून द्यावे, जनतेच्या पैश्याची अशी उधळपट्टी करून नये.",angry
म्हणजे खोके संपत नाहीत तोव्हर च पेन्शन लागू केली म्हणायचं का खोके एकदम ओक्के,angry
अस वकात्याव देशाच्या अर्थमंत्र्यांना शोभत का???,angry
फडणवीस स्वता बोलु शकत नाही त्यामुळे त्यांनी डुकरं पाळली आहेत का?,angry
"रात्री झोपताना ""मी उद्या मारणार आहे"" असे मेसेज पोरींना टाकून ठेवा..",angry
बेरोजगार माणसाला आज खुप काम मिळाले भुकायला.... लगे रहो,angry
आता खेकड्यांचा आणी पालीचा शोध लावणारे सुद्धा राजकारणात यायला लागले...!,angry
मला म्हणायचे होते की मध्ये पण खूप सगळी घराणेशाही आहे.,neutral
पाण्याने गाड्या वाहत चालल्या आता त्यांच्या मागे धावाचं की इथ सुर्यवंशीसाठी व्यक्त होत बसायचं,angry
"हा असा किडा बऱ्याच जणांना होता.. बऱ्याच जणांचा विझला आता हा चीर्कुत कोण.,.",angry
"ओबीसी महामंडळाच्या नियुक्त्या कधी होणार? नुसत्या नियुक्त्यांवर भागवू नका, निधी पण द्या!",neutral
तुम्ही कटृर हिंदू आहात असे बोलता तर सावरकरांना भारतरत्न का देत नाही.,angry
"महाराष्ट्रातील अभूतपूर्व राजकीय लाचारीचे उत्तम उदाहरण म्हणजेच हा प्रश्न,""मराठीत बोललं तर चालेल ना?""",angry
"असा डेंजर पाऊस पाहिला नसेल, सगळे एकाच ठिकाणी...",fear
सर्व भाज्यांचे भाव वाढले आहे सुप्रभात,neutral
"आता या लावारीसांकडून शिकावं लागणार , असे कुत्रे आम्ही रोज हाकलतो",angry
एक तुच्या तर विना आमंत्रण पाकिस्तान मध्ये जाऊन बिर्याणी खाऊन आला होता,angry
तू तुझ मस्त काम करत आहेस मनसेचा नेता आणि काम भाजपाचे ..,angry
"वांद्रे रेल्वे स्थानकाजवळील जीर्ण स्कायवॉक कोसळला, पण…",neutral
काय धुतल्या तांदळासारखी आहे का... असली भ्रष्टाचारी तर तिथेच आहेत ना रे,angry
आपली डांग खरकटी असताना दुसऱ्या ची धुवायला का जातो बे तू,angry
आजपर्यंत हा चाय बिस्कुट निवडणूक आयोग भाजपची बी टीम म्हणून बोंबलत होता..,angry
ज्येष्ठ असतं ते.. बरं असो.. त्या निर्भीड फाट्याला विचार का केलाय भक्तांना,angry
सकाळ सकाळी कच्ची मारली का ..शीतल जी ..,angry
गुन्हा दाखल करा या हिडीस विचारांच्या बाईवर?,angry
अख्या जगाला माहित आहे तू अंगठा चोख,angry
रडीचा डाव महाशक्ती ला मुंबईत उमेदवार मिळत नाही म्हणजे काय लायकीचे आहेत ते कळते,angry
यांना किंमत द्यायची नाही. हे मंदसैनिक आहेत,angry
शिंदे फडणवीस सरकार हे लूट करणारे सरकार,angry
हे काम एकनिष्ठ पत्रकार व चॅनल च आहे गद्दार पत्रकारांच नाही.,angry
"डोळे आलेत का? हिंदू, जात शब्द कोठे आहेत?",angry
ही तर तुझ्या अकलेची दिवाळखोरी आहे. .....,angry
भारत जगाचं नेतृत्व करताेय माेदीजी यांच्या साेबत आणि शेणकिडे वळवळतायेत भारतात,angry
बापाला अस बोलू नये भडव्या माफ करा भावड्या म्हणायचं होत,angry
बंगल्यावर नेऊन मारलं म्हणून दिलाय काय अवॉर्ड ....?,angry
"मराठवाड्यात परतीच्या पावसाचं थैमान, 'या' जिल्ह्यांना फटका",neutral
"टाटा समूहाची मोठी खेळी! सूचिबद्ध कंपन्यांची संख्या अर्धी होणार, लाखो शेअरधारकांवर होणार परिणाम",neutral
"हिंदुत्वाचा घात केला, त्याच वेळी शिलक सेनेचा असाच अंत होणार, हे ठरले होते",angry
शरद पवार पेक्षा जास्त भंपक आहे की कमी? गोट्या उत्तर दे.,angry
शिंदे गटाचा विरोध या लोकांनाच होता,neutral
आता ही कोणीही कॉल उचलत नाही आहे,neutral
यापूर्वी टीव्ही अभिनेत्री कनिष्का सोनी हिने साजिद खानवर आरोप केले होते.,neutral
ही स्त्री आता आख्या महाशक्ती ला पुरून उरणार,happy
हे आतच का घडते तुमचं काही तरी खेळ असणार,fear
वर्षावरून सुद्धा असेच कोणीतरी निघून गेले होते कार्यकर्ते रूपी फॉलोअर्स मिळवण्यासाठी. काय योगायोग,angry
गरब्या ची वेळ पर्यंत होती तेच बरे होत. मुलं वेळेवर घरी येत होती.,neutral
साहेब राज्यसेवा जागा किमान करण्याबद्दल काहीतरी करा.. हे सरकार ऐकतच नाहीये,neutral
आपल्या देशात वाढत चाललेली घाण याचे हे उत्तम उदाहरण!!! देवा कृपया आम्हाला वाचवा !!!,angry
- वाघ वन विभागाकडून जेरबंद; जणांवर केला होता हल्ला,neutral
"सर, असे ""अप्पे""लपोटी बनू नका. इतरांचा पण विचार करा की...",angry
आजकाल हँशटँग पण झोंबतात,angry
शिंदे च्या चिंध्या करणारच..! ही काळ्या दगडावरची पांढरी रेष आहे.,angry
तुमच्या आणि त्यांच्या भांडणात नागाला का बदनाम करताय ठाकरे,angry
सांगा ना मग मैदानात येऊन निवडणूक लढायला एवढी फाटते का ????,angry
पाऊस किती पडावा हे महानगरपालिका ठरवत नाही - उपमुख्यमंत्री देवेंद्र फडणवीस,neutral
आता समोरून फुल टॉस आला म्हटल्यावर टोला हानावाच लागेल ना..,happy
भाजपा नी सर्व साधारण जनतेला काही समजत नाही आसे वाटते,angry
हा जागतील सर्वात निच गुरु... देवसुद्धा कोपेल ह्या विद्रुप ढोंगीवर...,angry
"निचपणाचा कळस आहे, महाशक्ती एका विधवा बाईला घाबरली",angry
नाही.... भाजप चा गुलाम झालेल्या गद्दार सेनेला पाडा,angry
पण तो गायी कापून खाणारा केरला वाला का घेतला सोबत,angry
उपनगरात देखील अनेक पूल अर्धवट आहेत. पण बहुतेक तुम्हाला ते समाविष्ट करावे वाटत नसावे,angry
मनसेचे वैभव खेडेकर हे पुन्हा अडचणीत येण्याची शक्यता; अटकेची टांगती तलवार,fear
शेंबड पोरग सांगेल हे उद्योग कोणाचे आहेत,angry
"मराठीची वाट लावण्याचा अधिकार तुला नाही, प्रीतिमेच्या घोड्या!",angry
‘पडेल ती किंमत देऊन भाजपने शिवसेना फोडली’; जयंत पाटलांचा आरोप,angry
"काही लोकांना गवरमेंट ने काहीही केले तरी समाधान होत नाही! त्याच्यावर आपला एक, असे धोरण!",angry
कोर्टात वकिली चालत नाही म्हणून इथे वकिली करत असतात.,angry
तुम्ही निवडणुकीत पराभूत झाले तेव्हा दरारा कुठ गेला होता,angry
"घोर शोकांतिका, आणि उर्वरित महाराष्ट्रातील जनतेचे हेच दुःख आहे.",sad
बरोबर आहै पण पडतो वीचार करणारै खुप कमी आहेत,neutral
सगळं हैच्या मूळे होत आहे वेळेच्या आधीच कडमडतोय,neutral
आहे तोच देश संभाळता येत नाही आणि म्हणे नेपाळ भारतात विलीन होणार,neutral
अतिवृष्टीने नुकसान झालेल्या शेतकऱ्याच्या चिमुकल्याची ही व्यथा ह्रदयस्पर्शी आहे,sad
भाजपच्या शहराध्यक्षाने स्वत:वर गोळी झाडून केली आत्महत्या...,sad
आपल्या कडे महत्वाचे विषय सोडून बाकी सर्व दाखवले जाते...,neutral
सत्तेसाठी काहिहि करणारे राजकारणी. तुमचा अंत भयंकर असणार आहे.,angry
मटक्याचे कलेक्शन गोळा करायचे होते नाहीतर एकेकाला दाखवले असते. हल्ल्यानंतर संतोष बांगर यांची आक्रमक प्रतिक्रिया.,angry
शिल्लक शेणीकानो जास्त खुश होऊ ना.. भविष्यात ऋतुजा लटके सुद्धा शिंदे गटातच सामील होणार..,angry
काँग्रेसचे आले ना ? मग तू का नाचतोयस छक्क्या ?,angry
लोकसत्ता एक विकलेले वृत्त पत्र आहे. गिरीश कुबेर खोटरडा आहे.,angry
हे मेल्यावर ह्याला दफन करा,angry
हा जातीवादी आहे,angry
धर्म आणि रूढी परंपरा यावर राजकारण फिरत असल्यामुळे भाजपा हे करेल वाटत नाही,neutral
फाटली रे फाटली दहा फूट फाटली आईस्क्रीम समजून तोंडांत मशाल घेतल्यावर हेच होणार,angry
शेम्बड्या मुख्यमंत्र्याने राणेंवर गुन्हा दाखल केला रडत रडत तेव्हा चालले का?,angry
निवडणूक आयोग सरकारचे बाहुले आहे निःपक्षपाती पणे निर्णय देईल असे वाटत नाही,angry
खूप इरिटेट झालं आता पावसामुळे,neutral
तुम्हाला तुमच्या अहंकारामुळे पक्षाचे नाव व चिन्ह राखता आले नाही.ह्यावर आधी विचार करा.,angry
प्रवक्ता झालं म्हणजे काही तोंडाने हा*यच का?,angry
बहिणच लहान भावाला असे नाव ठेवू लागल्यावर बाकीचे काय म्हणतील,angry
"अंधश्रद्धा नाही मूर्खपना आहे धर्मनिर्पेक्षता, मी कट्टर हिंदुत्ववादी असून,भारत हे हिन्दू राष्ट्र आहे मानतो,",happy
चिन्हं नाही खोके भारदस्त आहे चिन्हं असुन उपयोग नाही ते त्यांना झेपलं पण पाहिजेल,angry
काय फालतुगिरी आहे ही ?? कुठला व्हिडिओ आहे ?,angry
सगळ्यात पहिले तू गद्दार आहे..,angry
याने काही फरक पडेल असे वाटत नाही,neutral
राजीनामा देऊन निवडणूकीला सामोरे जा म्हणजे लोक लायकी दाखवतील,angry
तुमचा मालक आणि तुमच्यात काहीच फरक नाही सुधरा जरा,angry
त्यातील फक्त हेरॉईन घेऊन ने दिली आहे.,neutral
बांगड्या फोडा विधवा विलाप करा सती जा आता मग,angry
आताच बरी आठवण होती तुम्हाला फटाक्यामुळे प्रदूषण होते,angry
अरे गोबर तुला धर्मांन्ध कळलं असत तर तू टक्का घेऊन मेरिट नसता आला,angry
एवढे दिवस शांत का होते? अनाकलनिय?,fear
आवलादच घान आहे ही,angry
एका मराठी माणसाचा अपमान करणं व मराठी कलाकाराचा हा सर्वात मोठा अपमान,angry
ते रडत नाही डायरेक्ट झुकतात,angry
पैशाने बरेच ग्दार मोदीने विकत घेतलेत. त्यामुळे चोळणार हे नक्की,angry
बलात्कार होत नाहीत काही पुरुष आपली भूक शमवतात इतकंच आहे - निरुपयोगी खतारामन,angry
आणि ह्या कालियुगाची शोकांतिका अशी आहे की...चांगल्या लोकांच्याच नशिबी दुःखद भोग आहेत,sad
पंतप्रधानांच्या हस्ते महाराष्ट्रात खऱ्या अर्थाने रोजगार मेला आहे.,angry
हा राज ठाकरे फुकट हमाली करतोय की भाजपकडून फी घेतो?,angry
"ईथुन पुढे कोर्ट म्हणू नका , म्हणा .त्यात बीजेपी का रंडीरोना......",angry
हिंदुत्ववादी सरकार म्हणजे हिंदूंचा छळ करणार सरकार असा अर्थ होतो का?,angry
हे असं एकेरी उल्लेख काय साहेब तुम्ही,angry
रजीनाम्या साठी त्रास देणारे तुमच्या सारखे कुळे तेव्हा संस्कृती आठवली नाही का बे,angry
"मेट्रो सिटी वगैरे नाही, साधारण वाद, गैरसमज किंवा भांडणं ही साडेतीन जिल्ह्यातच दिसून येतील.",neutral
तुझ्यासाठी डालडा मागवलाआहे कडून तुझी मारायची आहे.,angry
विजय दर्डा आहे किड,angry
बस का आता अजून किती छळ करणार बिचार्यचा,sad
तुमच्या कडे पुरावा आहे तर तुम्ही तक्रार करा..किरीट सोमय्या का लागतो तुम्हाला,angry
हे नक्की भांडणे लावणार,angry
घर बुधवार पेठेत असल्यामुळे तिथे जाणऱ्या कोणा एका सारखा तरी दिसत असणार हा,angry
म्हणजे देवळाबाहेर भीका मागायला मोकळे...,angry
विचारांच्या लढाईत शस्त्र हे शस्त्र नसत. ---- गिरीश कुबेर,happy
एकेकाळी एका अशिक्षित भाजी विक्रेत्याला बाळासाहेबांनी शिवसेनेचा नेता बनवले होते.,happy
डोळ्यासमोर परभाव दिसत होता त्यामुळे माघार घेण्यासाठी ही पत्रकबाजी चालू केली,sad
"आत्मविश्वास आणि धैर्य अद्याप गमावलेले नाही, आपण बेरोजगारीने त्रस्त आहोत ही वेगळी बाब आहे.",happy
ज्या पक्षाकडे बाळासाहेबांचे विचारच नसतील तो पक्ष मशाल पेटवून काय उजेड पाडणार आहे ?,angry
अंधभक्तांना खूप जाम फाट्यावर मारणार हा पण त्याचाच भाग,angry
आमदारांच्या अपात्रतेचा खटला वेगळा चालवणार अस काही जण म्हणतायत ते खर आहे का?,neutral
हे अयोग्य आहे कारण ह्याने अजून सहानुभूती मिळणार हे मात्र निश्चित आहे..!,sad
खराडी मुंडवा हिंजवडी विमान नगर हे सगळे या लोकांमुळे जाम होतात,angry
लोक आता पोलिसानं पेक्षा पत्रकारांना जास्त शिव्या द्यायला लागलेत तुझ्या सारख्या गु खाऊ लोकांमुळे,angry
जबरदस्तीने कंबरेवर हाथ ठेवून पोज का देत आहेत??,angry
या पुढे बाबरमती असा उल्लेख करत जा पाकीट पत्रकार साहेब,angry
का डांगीला झोंबलका फडणविसच नाव घेतल तर,angry
"म्हणजे निवडणूक आयोग मूर्ख आहे का, जे त्यांनी मशाल हे चिन्ह दिले.",angry
मेहनतीने तिने सुवर्णपदक कमविले. आणि तुम्ही गद्दारी करून सत्ता कमवली.,angry
खड्डे पाणी साठवण्यासाठीच बनवलेले आहेत. थोडे सकारात्मक रहा.,angry
आणि मराठ्यांना आरक्षण देण्याची सरकार ला सद्बुद्धी देवो...,angry
आयुष्य गेलं सहानभूती वर स्वतःच कर्तृत्व काय हाय कि नाही,angry
पण त्या पक्षाचे दुर्दैव तुझ्यासारखे बिनकमी लोक भरून पक्षाचं नाव खराब होत आहे...,angry
"मायनो कांग्रेशवाल्यांनी महाराष्ट्राचे हितावर बोलणे हाच मोठा जोक आहे , भावी नगरशेवक",angry
ही मागणी अशाच दुःखी लोकांसाठी आहे,sad
पण हा बाळू आम्हाला (कट्टर हिंदू) मान्य नाही !!,angry
हे कळायला काही मार्ग नाही,neutral
विद्यार्थ्यांमध्ये गुंतवणूक करण्यासाठी आणि आपल्या देशाचे भविष्य घडवण्याच्या दिशेने काम करण्यास टाळाटाळ करा.,angry
पैसे पोस्ट प्रमाणे मॅम तुम्ही अंध भक्ति म्हणून स्वतःच्या आत्म्याला विकल,angry
आता हेच होणार आहे गद्दारांच,angry
"हा नक्की परतीचा पाऊस आहे की, नदी नाल्यांना भरतीचा पाऊस आहे?",happy
"ची पीएफआई वर पुन्हा देशभरात ठिकाणी छापेमारी,महाराष्ट्रातील संभाजीनगर ,नांदेड,सोलापुर मधून ही संशयीत ताब्यात.",neutral
पण यांच्या कडून अपेक्षा का ठेवता,angry
"गद्दारांनो ढाल-तलवार चिन्ह मिळवून उपयोग काय, आयुष्यभर च्या पदराखालीच लपायचं आहे तुम्हाला.",angry
तू पत्रकार आहेस हा तुझा भ्रम आहे.,angry
बददला असता तर बोकांडी घ्यायचा होता का,angry
"ह्यांच्यावर लक्ष देण्या इतपत हे महत्वाचे नाही,ह्यांची शून्य किंमत आहे।",angry
आम्हाला धन्यवाद पण नाही जे आग लावता त्यांनाच धन्यवाद,angry
फाटली का...,angry
तुमचं सरकार आहे तुम्ही काय लुडो खेळताय का?,angry
आमदारांच्या अपात्रतेसंदर्भातील निर्णय कधी? !,neutral
लोक मनसेकडे पर्याय म्हणून पाहत आहेत..,neutral
देवेंद्र नासमज नाही तर दुधखुळा आहे पक्का...,angry
भावपूर्ण श्रध्दांजली! लांडगे परिवाराला हे दु:ख पचवण्याची शक्ती मिळो…ओम् शांती!,sad
"विरोध हा मुद्द्याला, विचारधारेला, व्यक्तीला असावा विरोधासाठी विरोध हा निव्वळ मूर्खपणा आहे",happy
जो नेता आपला पक्ष धड नीटपणे सांभाळू शकत नाही त्याला निवडून द्यायचे का मग,angry
बापरे युद्धाला गेले आहेत असच वातावरण करून ठेवलं आहे,happy
कॉपी करुन पास झाला रे तू काही च नाही तू ....खल्या मिठाला जग जरा,angry
रद्द केल्यामुळे तितकाच हिंसाचार कमी झाला जितका नोटाबंदीमुळे भ्रष्टाचार कमी झाला,angry
सात लाखांच्या मुगाची अफरातफर; पोलिसांनी केले असे...,neutral
तुमची तीन चाकी रिक्षा तर पलटी झाली ना,angry
एवढे समजत असते तर काय हो हे असे पॉलिटिक्स शिक्षणात आणले नसते,angry
वा त्या अगोदरच अश्याच प्रकारे तोंडावर पडणार आता हे गद्दार लोक,angry
कदाचित सर्वांना ठार बहिरे करण्याचे हे षडयंत्र असेल.,happy
ब्लॉक हरामीला करायचं आहे की पाब्लोला.,angry
अरे हा काय शेण खातो का..... कारवाई का केली हे नाही सांगणार लागला चाटायला,angry
आधीच भरकटले आहेत लाच...आता फक्त जनतेला दिसतंय.,angry
तुला बोलायला तरी येत का,angry
"असायला पाहिजे होते, तुझ्या सायबाची खरी वंशावळ माहित पडली असती..",angry
राष्ट्रवादी मध्ये दोन गट पडले आहेत म्हणुन आटापिटा सुरू आहे..,neutral
तुझा मेंडू गुडघ्यात आहे का मित्रा..? डिसेंबर ला कोण वाजवितो..,angry
दोन दिवस आणि सगळे गद्दार बाहेर,angry
आपलं बघा विदर्भात भूईसपाट होणार आहात..,fear
पण हा आदर पवार साहेबांनी ला राजीव गांधींसमोर झूकून पुरता घालवला....,angry
असले करन्यामुळे भाजप देशा मधून लवकरच नामशेष होणार आहे,angry
एक घाव दोन तुकडे अशी भाषा करणाऱ्या संतोष बांगर यांना शिवसेनेचे ओपन चॅलेंज,angry
शेतकरी ना जिवंत पणे मदत करा शेतकरी आत्महत्या वाढ होत आहे मुख्यमंत्री साहेब,sad
जनतेमुळं बनले आहे आणि त्याच्या मूळ जनतेला त्रास. नोकरांनी नोकरसारखे वागलं पाहिजे.,angry
ते म्हणून तर चार परेनंत जागे असतात.,neutral
गद्दार ही पदवीच तुमच्या या जन्माचे सार्थक आहे..,angry
जेवणात जेवण जेवतो का गोबर खातो. भक्त आहे म्हणून विचारलं,angry
फक्त त्यांनी बोलायचं बाकीच्यांनी बोलायचा प्रयत्न केला की लगेच सत्तेचा धाक,angry
नक्की कोणते बाळासाहेब? त्यांच पूर्ण नाव का नाही? कारण फितूरांची लायकीच नाही.,angry
म्हणून इथे मुजोरी सहन करायची का तिथ मराठी बोलून दाखवा,angry
म्हणजेच फेकसत्ता लोकसत्ता ही देश विरोधी विचारांनी भरलेला आहे,angry
आता अंधार बाई बसणार? का बाप बसत नाही? हिहीहि बाप बसत नाही? हिहीहि,angry
लोकल लेवल वर तर ब्लॅकमेलर झाले आहे,angry
हे कुणाच्या बाजूने बोलतील काही नेम नाही!,neutral
पाऊस किती पडावा हे महापालिका ठरवत नाही - देवेंद्र फडणवीस सत्तेचा उन्माद आहे हा,angry
स्वतः मुख्यमंत्री होणार का बोलत नाहीत??? स्वतः वर विश्वास नाही की मत मिळणार नाहीत...,angry
हे संभाजीनगर आहे चोंग्यानो पाकीट पत्रकार,angry
थोड्या वेळाने दुखायला लागले की रडशील पण,angry
!! किंवा लोकशाहीचे नामकरण वारसाशाही असे करा!,angry
चित्पावन भट्या आहे का तू ? संघोट्या चोळत बसलाय गोट्या,angry
वर्षांखालील फिफा महिला विश्वचषक फुटबॉल स्पर्धेत भारताचा ब्राझीलकडून - असा पराभव,sad
महाराष्ट्रात ओला दुष्काळ आहे पुण्यात दयनीय अवस्था आहे आणि यांचं काय तरी भलतचं चाल आहे,sad
नाही तिथे तोंड खूपसले तर असेच होणार.. पुन्हा एकदा तोंडावर आपटले...!!,angry
तुम्ही असा बैलांचा अपमान नाही करू शकत,angry
आता काय निवडनुकीत निशाणी म्हणून तलवारी नाचावनार का,angry
शिक्षणाचा व्यापार मांडुन सरकारने जनतेच्या मुलभुत हक्कावरच गदा आणलेली आहे.,angry
"टोली गेली, सरकार आली",neutral
चूक आहे,angry
धनु मुंडे ला सख्ख्या काकापेक्षा पवार जवळचे झाले तेव्हा तोंड बंद होते का,angry
केळ घेतो का गप,angry
आपलं मुळ नाव आगलावे आहे का?,angry
प्रश्न एकच मग रात्रीचे पळून का गेलात???,angry
गद्दारीची ढाल तलवार अनाजी पंत कडे पण होती,angry
आणि हे महाराष्ट्राचं नवनिर्माण करणार हा पण त्यांच्या सैनिकांचा भ्रम आहे,angry
ते जेवढा त्रास देणार लोक आता त्यांचा तेवढाच द्वेष करणार,angry
कसला मान. काल भेटायला वगेले होते. मांडवली केली,angry
एकंदरीतच भारताची न्यायव्यवस्था निर्भीडपणा निष्पक्षपणा विसरली आहे म्हणून असे काठावर बसून निर्णय देतात....,sad
लायकी कळली वाटतं...आता असे प्रेम पत्र यापुढच्या सगळ्या निवडणुकांसाठी पाहायला भेटतील....,angry
ह्यांची होते गंमत आणि सामान्य जनतेचा जातो जीव.,sad
महणजे ग़द्दारी केली की माणूस होतो.,angry
आपल्या गोबर भक्त व गद्दाराच्या डांगीला लावा...,angry
मशालीचे चटके बसत आहेत हे मान्य करून टाका एकदाच,angry
अरे हि$डखान ती दहशतवादी संघटना म्हणून कारवाई होत आहे.... अक्कल गहाण ठेवली आहेस तू...,angry
सगळीकडून लोकांची गोची झालेय हे नक्की..,sad
ह्याच का त्या मुंग्या,neutral
नाना... अजून नटसम्राटच्या भूमिकेतून बाहेरच आला नाही.,sad
ही वर्दीची मस्ती उतरवली गेली पाहिजे.,angry
शरद पवार ही नीच प्रवृत्ती आहे .. हिजडे झुकतात सोनिया गांधी समोर:- स्वर्गीय बाळासाहेब,angry
या धनुष्य पळवणाराला घरचा भेदी म्हणतात,angry
: भाजप व त्यांचे सध्याचे सूत्रधार नामर्द आहेत म्हणूनच…; ‘सामना’तून हल्लाबोल,angry
आहो राज ठाकरे तुमच्या या पोपटाला शांत करा.,angry
येत असेल दादा त्याच्या घरात महिलांना दाढी भक्त आहे न...,angry
"भारत हरला नाही, इंग्लंड जिंकला",neutral
बर जबाबदारी घ्यायला सुद्धा कोणी पुढे येत नाही...,sad
बाळासाहेबांचे ड्रायव्हर प्रकाश यांनी संजय राऊत जेल मध्ये गेला म्हणून पेढे वाटले लायकी,angry
त्यांना फटके नक्की पडणार. पण यावर काही का बरं बोलत नाहीत?,angry
"दम आहे का आता ह्याला बोलायला ,तुझ्या बुडा खालून धूर निघेल",angry
कुणाला सांगता??एके काळी हा पक्ष सुशिक्षित लोकांचा होता.आता सगळे चंबूगबाळे भरलेत.,sad
...तर कुणालाच विचारणार नाही! अणुबॉम्ब हल्ल्याच्या धमकीवर बायडन यांनी पुतीन यांना सुनावले,angry
एक खोक्यासाठी तुम्ही शिंदे गटात गेल्या..,angry
कोण उभं करणार आत्ता? ज्याने विश्वास ठेवला त्याचा विश्वासघात केलास,angry
मनसे पण भ्रम आहे,sad
लायकी आहे का तुला !,angry
उमेदवारी का माघ घेतली तुलार गड्या भिती हरायची,fear
"व्होडाफोन आयडियाच्या ग्राहकांना जाणवू शकते नेटवर्कची समस्या, ‘हे’ आहे कारण",neutral
आता तुमचे साहेब घरातच दडून बसले होते तर तुम्ही तरी काय करणार..,sad
"वो दानवे जनतेतून निवडून या आधी ,मागच्या दाराने येऊन हुशाऱ्या नका करू",angry
या पांड्याला का एव्हढा भाव देतात,happy
फावड्या सरकारने सुरु केलेली योजना फक्त सरकारी अनुदान लुटन्यासाठीच होती,angry
ही फक्त सत्तेची मस्ती आहे,angry
लाचारांनी स्वाभिमानाबद्दल बोलूच नये ..आणि जर ते बोलत असतील तर तो लाचारीचा अपमान आहे,angry
"जिथे संजय राठोड ला भाऊ बनवताना तुला नाही भीती वाटली देवाची, तिथे लोकांना काय विचारता",angry
अगदी योग्य ! अधुन मधुन न्यायव्यवस्था जीवंत आहे असे जाणवते,happy
इंग्रजांनी भारतीयांना किती तगडं गुलाम बनवले आहे त्याचाच हा‌ नमुना,sad
आत्ताच निवडणूक आहे हे दळभद्री आहे,angry
आपल्या चांगूलपणाचा आणि प्रामाणिकपणाचा नेहमी गैरफायदा घेतला जातो.,sad
"अगदी बरोबर, कधी कधी वाटतं की भारतातील सर्वच राजकारणी येडछाप आहेत.",angry
"चा ग्राहकांना मोठा झटका, बँकेने बदललेला हा नियम वाचून फुटेल घाम..",fear
सत्ता आणि पैशे साठी सगरे ठिकाणी जाणार समर्थन करायला देशमुख पवार पार्टी,angry
जबाबदार पदावर असतांना फेसबुक लाईव्ह केलात आता काम नसतांना कशाला मैदान हवं होतं...?,angry
कोर्टाचा % आपमान आहे हा कारवाई करायलाच पाहीजे,angry
अजित दादा यांना किती खोके मिळाले हे कळलं वाटत रोहित दादा ला .,angry
हे जळते कोळसे खाणार बहुतेक..,angry
"भूजबळसारख्या व्यक्तीला 'शिव' हेच सत्य आहे, हे कळायला पुढचा जन्म घ्यावा लागतोय वाटतं",angry
अरे येड्या माणसा जहाद सा अर्थ कडते का तुम्हाला,angry
"साहेब, थांबा आता तरी लय वाईट वाटतं",sad
आता तरी कुठं त्यांचं ऐकलंय उडी का घेतली उगाच,angry
हे लॉजिक ला दोष देताना आठवत नाही.,neutral
"भारताला धमकी देणाऱ्या रमीझ राजा यांचा व्हायरल झाल्याने खळबळ, पाहा काय म्हणाले होते…",angry
हे तुमच्या बुद्धीच्या पलिकडचे आहे त्यामुळे फार विचार करु नका .,angry
बिग बॅंग पण पुण्यातंच घडला होता,neutral
हे अतिच वाटतय. अशी विधानं करुन स्वतचं नुकसान करून घेतात,angry
नक्की का त्याचा दाखवून अत्याचार करायला वापरणार ...??,angry
हे असं झालं की गेले आणि च हागले,angry
सुमित राघवन जी यांच्या मालकाला फाट्यावर मारतात. त्यांना आवडत नाही हे,angry
"बच्चू कडू, बांगर, सावंत, सुर्वे, सरवणकर, यांची दादागिरी वाढत चालली आहे. हेच का हिंदुत्व?",angry
"| आर्यन खानच्या तपासात अनेक चुका, ‘’ अधिकाऱ्यांवर होणार कारवाई",angry
भातखळकर सारखा भंगरी सडकछाप माणूस मी आजपर्यंत पाहिला नाही .!,angry
भगव्या रंगाच्या च्या नावाने विष ही जास्त विकल्या जात आहे...,angry
घरकोबड्याची टिटवी टिव कीव करायला लागली की समजायचं? नसलेली अक्कल पाजळणारचं?,angry
वेड लागले आहे का आम्हाला ह्या चुला गंभीरपणे घ्यायला. कुत्रकार साला,angry
बाप लोकांनी मिळून कितीही कारस्थान केलेत तरी ते उध्वस्तच होणार......!!!!!.,angry
पुण्याच्या शिल्पकारांनी पुण्यात समुद्र नाही म्हणुन महासागरच आणून दाखवून दिलंय.,happy
बायकांच्या खांद्यावर बंदूक ठेवणे हि कमळाबाईची संस्कृती,angry
हे म्हणजे पाकिस्तान ने भारताच भलं व्हावे म्हणून दिलेल्या सल्ल्यासारखे झाले,angry
बोलतोय तो मर्द आहे का?,angry
"आई ""आईच"" असते.....!! दुसऱ्यांना नसतं जमतं हे....!! बाकीचे वाकडं तोंडच करतात...!!",happy
थोड्या दिवसात पागल होतो हा,sad
गद्दार अजून खालच्या पातळीवर जातील. राजीनामा मंजूर होईपर्यंत काही खरं नाही,angry
"मुंबईतील लोकशाहीर अण्णाभाऊ साठे नाट्यगृहाचे काम रखडले, पडळकरांचे मुख्यमंत्र्यांना पत्र; म्हणाले, “बहुजन हिताचा विचार…”",sad
"खूपच खालची पातळी गाठत आहे हे सरकार,,,",angry
मला नोकरी हवी पण मोदी सेठ देत नाही.,sad
"माझा यांचा शिवसेना नेत्यांच्या चरणी लोटांगण, अगदी भांडी धुवायचे पण काम चालू ...",sad
मला ब्लॉक केलं आहे त्यामुळं समजत नाही हो,sad
ते साई रिसॉर्ट परब साहेबांचा नाही आहे मग कशाला आपण तांडव करत आहात,angry
संस्कृती आणि तुम्ही...पंढरपूर वेळी कुठं गेली होती तुमची संस्कृती.?,angry
कोण म्हटलं हा उल्हास बापट कायदेतज्ज्ञ आहे ...! च्यु आहे हा ..!,angry
अरे उद्या सरकार पडणार आणि तु मंत्रीपदाचं घेऊन बसलाय औघड हाय भौ,angry
साळवे आणि सदावर्ते लग्नाचा गोंधळ (खेळ) खंडोबा दर्शन,neutral
तेच काम येत त्यांना शासन शून्य आहे,angry
त्या ला नको करूस… अती आहे तो,angry
जटाळ साहेब परत रिपीट करायचं आहे का ? विकले गेलेल्यांकडून अपेक्षा सोडा,angry
सगळे बेकार बोलत आहेत तुम्हाला. कसं वाटत आहे तुम्हाला?,sad
तू काय ताडी पीवून पनवेल नाक्यावर पडला आहे का दिडफूट ..,angry
गुंड गजानन मारणे याच्यासह जणांवर पोलिसांनी गुन्हा दाखल केला,neutral
जिल्हे अल्पसंख्यांक बहुल मी ही बातमीवाचली भयंकरच आहे बातमी,sad
तोंड मारण्याची गरजच होती?,angry
श्रीलंकेसाठी ही दुःखद गोष्ट आहे,sad
काही लोक प्रसिद्धिसाठी कोणत्याही थराला जातात.ही मानसिकता विकृतीचे दर्शन आहे,angry
नाही घेणार इतर निवडणुका कारण अंधेरीत पराभव होणार बीजेपीचा त्यामुळे,angry
आयोग मंडळ तुमच्या पक्षच्या हातच बाहुलं आहे का ???,angry
सगळे भ्रष्टाचारी आहेत....,angry
फट्टू... आहेत हरणार होते म्हणून... भोकाड पसरवून रडत आहेत की... माघार घेतली असं,angry
तुम्ही याहनुमानाच्या शेपटीला आग लावली आहे आता तुमची सोन्याची लंका जळणारच।,angry
पण आरक्षित नाही होणार.... अत्यल्प असल्याने फक्त सहानुभूती ।,sad
"पत्रकार आहे का, पक्षाचा प्रवक्ता",neutral
राष्ट्रवादी च्या जन्मापासून जातीवाद वाढत गेला हे वेळो वेळी सिद्ध करताना केकप्रेमी,angry
दत्तोबा तुमच्या अर्थशास्त्राच्या ज्ञानाच जरा प्रकाश टाकता का नाही अंधार जरा वाढलाय,angry
हे वाक्य जपून ठेवल होत का आजच्या दिवसासाठी?,neutral
मग तुम्ही काय झोपले होते. फिरवायचा महाराष्ट्रात,angry
तुला सांगायला लाज वाटते का तस लाज वाटण्यासारखंच बोलल्या आहेत,angry
किती पाडाव पण. काही मर्यादा,angry
कळल का आता माझ्या भावनांचा बाजार कसा भरवता तुम्ही,angry
तात्या हे ऐकून म्हैस तुम्हाला 'अंतःकरणापासून' कधीच माफ करणार नाही !!,angry
"मुख्यमंत्रिपदाचा अनादर : मुख्यमंत्रि पुत्र म्हणतात, ही खुर्ची तर आमच्या घरची",angry
"का, गद्दाराच्या .... दम नाही का राजीनामा द्यायचा.",angry
कांही फरक पडणार नाही उलट मराठी माणूस आणखीन मशाल घेऊन पेटणार,happy
स्पेनने दिलेल्या शुल्लक कारणामुळे भारतीय खेळाडूंच्या अडचणीत वाढ झाली आहे.,sad
मुत्र्याच मुत पिता पिता भास्करचा चोखायला लागला का लाळ चाट्या,angry
दिवाळीची कामे वेगळीच अडकली आहेत. बाहेर जाणे होत नाहिये,sad
फटके भेटल्याशिवाय हे लोक काही सुधरणार नाही असं वाटतंय.,angry
भारत देशातील कर्तव्य बजावत असतांना शहीद झालेल्या हुतात्म्यांना कोटी कोटी नमन...,happy
फुगलेला शेंगदाणा आहे भाऊ हा,angry
"भाजपला निवडणूक हारायची भीता आहे, म्हणून असं करत आहेत",fear
निळा केला ठीक आहे पण तोंड का काळ केलं,angry
निवडणूक आयोग वर जनतेचा विश्वास राहिला नाही,sad
खोटं बोलताना काही वाटत नाही का यांना,angry
नीच'लोकांना 'तीच ' भाषा कळती! हा ते गुजराती बोलत असतील आता......,angry
हो..पण ग्रामीण भागात त्या अर्जावर पुढील कारवाई होत नाही,neutral
दुसऱ्या हातात काय आहे? आणि जिवंत असतांना तर कधी पाठिंबा दिलेला दिसला नाही!,angry
हा माणुस याच्यातही कन्फयुज....घाल की पांढरा कंजी वाला..,neutral
“नाना पटोले हे देवेंद्र फडणवीसांच्या…”; चंद्रशेखर बावनकुळेंची नाना पटोलेंवर बोचरी टीका,angry
देशात धर्माचा धंदा करा आणि लोकांना बनवा हा एकच कार्यक्रम राबवत आहे.,angry
"तुम्ही इतरांपेक्षा जास्त करण्यासाठी तयार नसल्यास, मधून श्रीमंत बनणे तुमच्यासाठी खूप कठीण आहे.",neutral
घरात केला होता प्रयत्न... दिवस दोन्ही डोळ्यांनी दिसायचं बंद झालं होतं,sad
"ही निवडनुक झालीच पाहीजे, भाजपचा माज ऊतरवनार आहेत अंधेरी पूर्व चे मतदार",happy
तसा पण तुला आणि सगळ्यांना म्हणून ओळखतात,neutral
आता असच होणार.. मलईदार खात पाहिजे होते पण काहीच मिळाल नाही ..,angry
महाराष्ट्र मधे ओला दुष्काळ जाहिर करा नाहितर बळीराजा माफ करणार नाही,fear
भिकारचोट भाजपला मत देण्यापेक्षा बर आहे.. पुण्यातील खड्डे भरायला तुमचा बाप येणार आहे का?,angry
अर्ध्या अनाड्या भक्तांना समजलं पण नसेल तुम्ही काय लिहिलं आहे....,angry
"स्वतःवर आलं की सगळ्या नेत्यांना ""लोकशाही,संविधान"" का आठवतं...",angry
जीवनाच्या प्रवसात अनेक लोकं भेटतात साथ देणारी कमी सोडून जाणारे जास्त असतात..,sad
"काय लॉजिक आहे का ट्विट, हसायला पण येत नाही इतके बेकार लॉजिक आहे",angry
"गंगाधरराव जगातील एक नंबर अविष्कारक, काय झोलर नमुना काढून ठेवलाय राव",angry
महाशक्तीचा वरदहस्त असणारे एका स्त्री ला घाबरले......यातच तुमची शक्ती दिसून आली.,angry
साहेब पळून गेले होते तेव्हा काय दिसलं होत गुलिगत सूरज,angry
असा उघडकीला आता रक्ताचा काळाबाजार.,angry
अवघड आहे बाबा,neutral
लाचार झाले आहेत हे शिल्लक चेनिक,sad
दुर्योधना बरोबर पण भगवान श्रीकृष्णाच्या गाठीभेटी झाल्यात रे बाबा,happy
प्रभावित तेव्हा पण कपटी होते आणि आता पण आहेत ..काही बदल झाला नाही,angry
"ब्लॅकबोर्ड: ला शीख दंगल म्हणू नका, ते हत्याकांड होते",angry
तेल ही निघाले आणि तुप ही गेले..!हाती भोपळ्याच्या बिया हाती आल्या..!,angry
"चोरुन खाणाऱ्यांमुळे दर वाढलेत..आणि भक्तांना मटण परवडणेसे झाले,,म्हणून ही जळजळ,,दुसऱ्यांच्या खाण्यावर,,",angry
भेंमचो तो नाना आणि तू दाना रिंगण करून प्रचार करा.,neutral
गद्दारांनी कष्ट घेऊन सुद्धा काही उपयोग होणार नाही. जनता त्यांना घरीच बसवणार,angry
"हिंसक मशालीपेक्षा शिवरायांची ढाल तलवार जास्त पराक्रमी आहे, हे उठासेनला समजणार नाही.",happy
इतरांच्या खासगी आयुष्यात कशाला डोकवायच हे चांगले लक्षण नाही,angry
हे शिळे विधान आहे आणि मटा उगाच फोडणी देत आहे त्याला.,angry
माणसाचं कमी झालय सर.. सारख सगळ्यांच नाहीय..,sad
"नांदेडमध्ये भीषण अपघात झाला, रेल्वे विद्युतीकरणाच्या कामावरून परतत होते.",sad
त्या पक्षाचे पक्ष पक्षप्रमुखच गोंधलेले दिसत आहेत.,angry
शिवसेनेत अस ही राहिला कोण आहे बाप लेक सोडून.....!!!,angry
लाज नाही का वाटत तुम्हाला,angry
काही वर्षापासून भिकर्यासारखे बसले होते! देश म्हणजे स्वतःची जहागीर समजून.,angry
जिथं भाजप तिथं वाटोळे हे ठरलेले,angry
खरं आहे लाज अजिबात नाही,angry
"तू कागदी वाघ आहेस,हे लोक जाणून आहेत,",angry
तुम्ही कितीही प्रयत्न करा नैराश्य पसरवा काही उपयोग नाही होणार कारण,neutral
काँग्रेसचा कोणताच अनपढ़ नाही .,neutral
तुमच्या मालकांनी तर एका मुख्यमंत्र्यालाच घरगडी केला होता,angry
काल पर्यंत कुठे होता हा संवेदनशीलपण,angry
पहिले शिंदे गटात पोपटपंची होती आता लागण भाजप वाल्यांना पण लागली....,angry
असे नमुने भारतात कसे काय जन्माला आले रे...,angry
त्या पत्रा चाळीत राहणारे लोकांना पण विचारा त्यांची पण आई आहे,angry
संपादक असून हा प्रश्न पडतो म्हणजे जरा चिंतेची बाब आहे...,angry
तू काही आमदार होणार नाहीस लिहून ठेव,angry
हा संडास कर्मचारी सेनेचा साधा अध्यक्ष होऊ शकत नाही,angry
"अरे नालायक लोकांनो, कुणीतरी वारल्याच्या बातमीत सुद्धा क्लिकबैट वापरतात, कुठे फेडनार ही पापं.",angry
"होय, फसणवीसला पराभव पचत नाही, म्हणून लपून छपून निवडणूकीतून पळायला बघतोय.",angry
पण मी म्हणतो ज्याचा उमेदवार नव्हता त्याला का एवढी खाज,angry
आमदार साहेबांना काम करायला सांगा.... नाहीतर येत्या निवडणुकीत आहेत तेही भेटणार नाहीत,angry
ज्यांच्याकडून अडीच वर्षे पाकिटे घेतली. त्यांच्याच विरोधात लिहायची वेळ आलीय… कठीण आहे..!,sad
लालपरी आणि तिच्या कर्मचाऱ्यांचे सर्वाधिक हाल पवार साहेबांनी केलेत,sad
"जना ची नाही तर मना ची लाज वाटू दे, पक्के देश द्रोही,",angry
हे बेन काही सुधारणार नाही,angry
आतल्या ची लायकी भाजप अध्यक्ष होण्याची लायकी असेल पण त्याला कुत्रा बनवून टाकला..,angry
कुत्र्याला गती आणि भावकीला प्रगती कधीच सहन होत नाही...,angry
असे विचारवंत लोक कांग्रेस मध्ये आहे त्यामुळे भारत काँग्रेस मुक्त होणारच...,angry
भाई एमसीए ची तिजोरी पण आता लुटली जाणार .,angry
यांना देशाचे करमणूक मंत्री बनवावे.... अशी व्यक्ती देशाची अर्थमंत्री आहे हे देशाचे दुर्दैव!,angry
याच बहुगुणी ने बाळा साहेबांना अटक केली होती ना,happy
शुभेच्छा दिल्या पण आतुन जळफळाट होत असणार,angry
राजकारणी यांचा पेक्षा तर हे पेड मीडिया वाले आहे,angry
"अग्नि दिला आता प्रॉपर्टी, वारस हक्क साठी भांडणं करायला हरकत नाही.....",angry
हा राखीचा अपमान आहे.,angry
तुम्ही राजकीय नेते आहात हा खरा भ्रम आहे,angry
लायकी काढायची आपली औकात आहे का?,angry
आरे हा बारामतीचे पाय चातायचे किती घेतो रे?,angry
कोण सांगतेय बघा सगळ्यांना माहिती आहे छळ कोण कोणाचं करते ते,angry
देव दर्शन करुन प्रसन्न मनाने घरी येत होते पण वाटेतच…. कर्नाटकात घडली भयानक घटना,sad
"शेवटी हे पण घराणेशाही चेच पुरस्कर्ते आहेत, त्यांच्या मेंदूत हा विचार कसा येईल.",angry
आम्ही गद्दार लोकांना हरवायचं म्हणू..... ला एकनाथ स्वतःच हरणार आहे.,angry
चौकशी फक्त निरपेक्षपणे हवी... नायतर काय यांच्या वरील विश्वास दिवसेंदिवस उडत चालला आहे,angry
यथायोग्य उपमा.. हा नीच आहे. मायना पहा..,angry
विद्रोही व्हायला जात भोगावी लागते..! हे काय कोण पणं उठतय बायो मध्ये विद्रोही लिहत सुटतय.,angry
पराभव समोर दिसत आहे असे दिसते,sad
यांच्या काळामध्ये बऱ्याच लोकांची चंगळ होती म्हणे.,angry
साहेब तुम्ही आदित्यच्या जवळपास ही नाही. आदित्य हे महाराष्ट्राचे भवितव्य आहे.,angry
म्हणजे शरणागती पत्करावी का त्यांनीही.,angry
वाघ हा शब्द जरा शोभत नाही!तो राज ठाकरेंना च शोभतो,angry
त्याला घेण माहीत आहे देण नाही.,angry
तुझा विषाय एकच होता गुजराती प्रेम त्यात डोक लावायची जरूर नाही,angry
ज्या माणूस पुस्तकांची कदरच करत नाही त्याला देता का तुम्ही मग पुस्तक भेट,angry
असले फालतू जोक मारून तुम्ही स्वतः ची किम्मत कमी करून घेताय,angry
एवढा मोठा नेता आहे पण हे कळतं नाही चिन्हा वर नसते ही निवडणूक,angry
खड्डा आहे का उंदीर ह्यांनी बिल पाडला आहे,angry
"आपल्या वेळकाढूपणाचे खापर निवडणूक आयोगावर फोडण्याचं काम सुरू आहे : देवेंद्र फडणवीस, उपमुख्यमंत्री",angry
सगळे भक्तच येडे आहेत असे नाही काही इकडचे तिकडचे पण चु तिया आहेत,angry
आम्ही केला होता ती दुसऱ्या बरोबर पळून गेली,sad
गेल्या वर्षी अशे नमुने ब्लॉक केलेत मी. यावेळी दिवाळी खरच शुभ जाणार मला.,happy
"बापू,सत्तार आणि शिरसाट संभाळून रहा.शिवसैनीकांच प्रेम बघीतले आता रागा साठी तयार रहा.",angry
फेसबुक ची पॉलिसी टीम म्हणजे भारत विरोधी आणि हिंदू विरोधी टोळके आहे,angry
सर्व सामान्यांना बुद्धी नसते हे गृहीत धरूनच लोकशाहीत नेतेमंडळी काम करतात.,angry
चौकशी फक्त बाक़ी सर्व पक्षाच्या नेत्याचिच का होते भाजपा मधे कोनिच भ्रष्ट नाही का?,angry
या सगळ्यांना पाकिस्तान ला पाठवा... पुण्यात हा प्रकार घडणे हे खूप वाईट आहे,angry
"आण्णा, पालिका ते पार्लमेंट तुम्हीच होता मग, वर्ष तुम्ही काय केलं?",angry
"साहेबांचे असे फोटो नका टाकू , ओकारी येते हो",angry
फडणवीस काही फावड्याला सुखाने झोपू देणार नाही,angry
धनुष्याला बाण नाही आणि बाणाला धार नाही,angry
म्हणून जगात साली मंदी येणार हे पिल्लु सोडले गेले आहे अमेरिकी लोकां कडून.,angry
अवघड झालंय सिरीयस होता येईना आणि हसून पण चालेना,sad
"साहेब तुम्ही देशसेवा केली म्हणून जेलमध्ये गेला नाहीत, गरीबांचे पैसे खाल्लेत",angry
बा ला का नाही विचारले भोसरी च्या,angry
ये येङ्या ये तुझी लायकी आहे का राहुलजी गांधींकङे उत्तर मागायची,angry
स्वतः तर दांडा घेऊन गद्दाराचं ढुंगण लाल करायला निघाली होती,angry
तो मुर्खशिरोमणी भातखळकरच्या न्युज डंकाच पाळीव आहे. पत्रकार कसला आलाय घंट्याचा ...!,angry
"जानेवारी ते जून पर्यंत आपले साहेबच मुख्यमंत्री होते, मग आत्महत्या कश्या काय झाल्या?",angry
हे राज ठाकरे आणी अजाणत्या राजाला सांगा.भाजपाच्यामागे लागले आहेत.,angry
शिंदे गटाला बोलल्यावर भाजपाला का राग येतो?,angry
"दिघे साहेबांची सख्खी बहीण शिंदे साहेबांसोबत आहे, तुम्ही काय सांगता.",neutral
"तू मोदीची चाटायला कमी पडू नकोस म्हणजे झालं,",angry
महसूल मंत्री होणार याचे स्वप्न बाळगून असलेल्या चंपा च्या तोंडाला फडणवीस ने शेण फासल..,angry
"अतिशय संतापजनक प्रकार आहे हा.. एवढा नीचपणा आज पर्यंत कोणत्याही राजकीय पक्षाने केला नव्हता..,",angry
तुमची एवढी जळण का होते,angry
हसत हसत म्हणाले शिंदे चा परफेक्ट गेम केला....,happy
"अजितदादा पण तुझ्या लाडक्या मालकिणीवर लवकरच ही वेळ आणणार आहे, लिहून ठेव..",angry
"तीन नेपाळी कोंबडे कापुन बघा, पनौती दुर होते का.",angry
गद्दाराना हरवायच आहे शिवसेना हा शब्द चोरला आहे,angry
रेल्वेची दौंडकरांसोबत सापत्न वागणूक....कमी गाड्या आणी अनियमित वेळापत्रक,angry
हा तुमचा नेताच विचारतोय की ठाकरेंकडे इतकी संपत्ती आली कुठून.,angry
ऑक्टोबर हीट असल्या प्रकाराला पुण्यात भावपूर्ण श्रद्धांजली,neutral
शुभस्य शिघ्रम्! ची तिकीटे पोलिसांमार्फत अवाजवी किंमतीने विकली होती. सुरुवात तिथून करावी.,angry
असे असेल तर आयोजकांनी माफी मागायला हवी.,angry
"तेव्हा साहेब बहुतेक लंगोटात शी करत असतील , थोडे लहान होते ना",angry
पण ह्यानी केल काय अस महाराष्ट्राच्या भल्यासाठी,angry
आंबेडकर म्हणजे आम जनता आहे का प्रकाश झोतात राहण्यासाठी काहीही बरळतात,angry
हे समीकरण आणि कायदेशीर राजकारण अत्यंत किचकट आणि गुंतागुंतीचे आहे.,neutral
बुद्धीने दिवाळखोर भक्तांना दिवाळी बोनस झाला का नाही,angry
ताई हे दुतोंडी मालण आहे लगेच बदलून जाईल,angry
"दारुण पराभव समोर दिसतोय. आता तो भाजपाच्या उमेदवाराचा की गद्दार सेनेच्या उमेदवाराचा, हे बघायचं.",sad
जे तुमचे साहेब करत नाहीत केल असत तर अशी ही वेळ आली नसती...,angry
अरे तुमच स्वातंत्र्य मध्ये काय योगदान आहे रे,angry
तिथं पण तुला काही मिळणार नाही... कारण क्षमता,angry
"फडणवीस ना पण घाम फुटला, सावरून घेता घेता",angry
एवढं खातो कशाला दाबून मग प्रेशर कंट्रोल होत नाही तर,angry
ई सी ही एक स्वायत्त संस्था आहेत हा एक क्यूट गैरसमज आहे.,angry
"या कुत्र्याला पगार आणि पेन्शन द्यावी लागत नसल्यामुळे हा अग्निविर नसेल, पर्मनंट असणार.... भेंजो",angry
म्हणून घरी पाळणा हलेना का?,angry
शिंदे-भाजपाला एकही जागा जिंकता नाही आली... याला सुरवात म्हणावी का ?,angry
तुम्ही पत्रकार आहेत का शिंदे चे वकिल पत्र हाती घेतले। पत्रकार पक्षपात करत नाहीत,angry
तुझा मोदी शेट तेच विकून जगतो आहे जे गेल्या वर्षात देशाने बनवले,angry
लटके बाईंच्या प्रचार सभेत मामु म्हणणार.... लक्षात ठेवा... आपल्याला बाळासाहेबांच्या शिवसेनेला हरवायचं आहे...,angry
गद्दार लोकांना नाही शोभत ती,angry
"दिवाळीपूर्वी ग्राहकांना झटका ; सोने-चांदीच्या किमतीत आज झाला ‘हा’ बदल, त्वरित तपासा नवे दर",neutral
धमकी देतोय काय बापाची जहागिरी आहे का,angry
हा झाटाळ त्याच गद्दरांची पैदाईश आहे त्यामुळे भुंकतोय.,angry
आता हे शेणकिडे पण अशे स्टेटस ठेवायला लागलेत.... कस सहन करायच आम्ही,angry
अटक पण करून दाखवली,happy
देश विकून झाला की पुढे काय करायचे त्याची प्रॅक्टिस सुरू आहे,angry
नक्कीच होता आमच्या श्रीमती. लटके वाहिनींचा तुम्ही मैदान सोडून पळून गेलात,angry
याची पदवी सुद्धा खोटी आहे आणि भोसले आडनाव सुद्धा खोटं आहे....,angry
तरुणांची स्वप्ने पूर्ण करण्यात अपयशी ठरलेल्या सरकारला सत्तेत राहण्याचा अधिकार नाही.,angry
ऊधव ह्या आघाडीवर फेल झालाय हे कबुल करतोयस का,angry
भास्कर जाधव वर दगदफेक करणारे त्यांचेच कार्यकर्ते होते - सूत्र,neutral
आला दीड शहाणा!!!,angry
मुलाखत घेतलीस तेव्हा झोपला होतास का,angry
अवघड जागेच दुखण आहे आमचं हे,sad
सगळ्यांना चेक करून घेतलं होतं वाटत ह्या भोसड्या ने !,angry
अजून पण गु खातोय तुम्ही सावरकरांना अपशब्द काढणाऱ्या नित्या रानेला पक्षात घेऊन,angry
"बाळासाहेबांच्या विचारांना, तत्वांना हरताळ फासून झालेली युती आहे ही",sad
बरं ते नव्हं...ते सर्वोच्च न्यायालय मोदींनी खरेदी केलं आहे अशी बोंबाबोंब कधी सुरु करायची???,angry
तुला का एवढी खाज। नाही तर तु दे आणुन असेल कोणी तर,angry
मित्रांचे कर्ज माफ करणे हीं देश आणि जनतेसोबत गद्दारी आहे.-,angry
काही पण दाखवतात हा हा हा,angry
जे हते ते चांगळ्यासाठी होते पण ह्यांना परिणाम भोगावेच वागतील,neutral
"निर्लज्ज तर आता आहे,, लबाड सुद्धा आहे",angry
"चुटिया, नैतिकतेच्या गोष्टी तू करतो का भडव्या?",angry
म्हणून भाजप ची राजीनामा मंजूर करायला डांग फाटली आहे का,angry
"आज पोलीस स्मृती दिन, कर्तव्य बजावत असताना देशासाठी शहीद झालेल्या पोलिस जवानांना भावपूर्ण श्रद्धांजली.",happy
"हे मात्र अति झालं,ऐकून मळमळ व्हायला लागली",angry
साहेबाना आत्ता कळलं की हा तर मोठा गेम झाला,happy
खजवा आहे हा एक नम्बर वासाडा...!!!!!,angry
मुद्दाम महानगर पालिका आयुक्त असे वागले आहेत ..सरकारने जाणुनबुजून राजीनामा फेटाळला आहे,angry
काय लोकांनी मानसिकता आहे.. हे असल फालतू माणूस शिवलिंग ची पूजा करतोय,angry
तुझ्या साहेबाची रात्री पिलेली उतरली का ते आधी सकाळी जाऊन तपास,angry
चेहरा बघून प्रेम करायचं आणि नंतर बोलायचं प्रेम आंधळं असते..,sad
संजय गायकवाड संजय रामुळकर यांना द्यायला पाहिजे होती फुकट चक्कर झाली.,angry
मग हे जनतेला पर्याय ठरतील हा ह्यांना वाटणारा भ्रम आहे,neutral
"सध्याचे नेतृत्व फक्त खुजं नाही तर आंधळं, मुकं, बहिरं आणि लुळंपांगळं सुद्धा आहे",angry
शांतपणे चाटण्याचे काम चालू आहे प्रशांत चालू द्यात,angry
पंढरपूर च्या निवडणुकीत कुठे गेली होती सहानुभूती आणि शब्द,neutral
ट्विटरवरच पडलेला असतो हा वसाड्यां काळ्या,angry
जेल मध्ये होते तर कश्या छातीत कळा येत होत्या ... आता कंठ फुटलाय यांना,angry
होत नसत...उगाच जेवणावर राग कशाला,angry
भ्रष्ट सरकार हे,angry
हे भुजबळ असे का म्हणत नाही की आई सरवस्तीला मानणारे मला मतदान करू नका,angry
जाऊद्या आता कितीवेळा तेच तेच,neutral
"हा महाराष्ट्राचा अपमान आहे, हा मुंबई तोडण्याचा डाव आहे, वैगरे वैगरे",angry
"उपमुख्यमंत्री,मुख्यमंत्री दिल्ली वारीत आणि महाराष्ट्रातील महिलेची इज्जत,अस्मिता मात्र रस्त्याच्या कडेला",sad
श्रीलंका आज पण पराभूत होणार वाटतं...,neutral
हुर्रर सर्व चुकीच आहे,angry
हिच्या मेंदूचे हिने लोणचे घातले होते...,angry
भाई तू रिंगणातून केलं का फोन गदगदा हल्ला वाटते. जरा जास्तच टिंब पडले,neutral
हा फक्त गुलामाचा वकील आहे.. नोटरी करणारा..,angry
महारड्या ही एक शिवी आहे..महार मांग चांभार ही जातीची नावं आहेत..,angry
ह्या प्रकल्पाच्या रखडपट्टीस कोण जबाबदार आहे त्यास शिक्षा का होऊ नये.,neutral
केदारनाथ येथे झालेल्या अपघातात मृत्यूमुखी पडलेल्या सर्व भाविकांच्या आत्म्यास शांति लाभो!,sad
हाव काय सुटत नाही आणि.... देव.....काय पावत नाही...,sad
यालाच म्हणतात गिरे तो भी टांग उपर.. का लॉजिक आहे अंधभक्तांची..,angry
बरं... बाकी 'दया' तुझ्या मातोश्रींच नाव आहे का वागळ्या?,angry
पाकिटपत्रकार हे पण विचारा कधीतरी त्या महाभकासआघाडीला …??,angry
"तुला उलटा टाकून बांबूचे फटके द्यायला पाहिजे, तू असा विचार तरी कसा करू शकतो",angry
भाजप प्रवाकत्यांच्या सदविवेकबुद्धिची कीव करावीशी वाटते... एवढे होऊन ही हसमर्थन,angry
"हे मोटाभाईंचे चक्रव्यूह आहे, भल्या भल्यांना यातून बाहेर पडायला जमले नाही.",angry
तात्या विंचू नाही तो बोलका बाहुला अर्धवट राव आहे,angry
मी पण आहे असा एक.. तद्दन फालतूगिरी आहे ती!!,angry
"सगळेच लिबरल भिकारी असतात, भीक कुठे मागायची हे मात्र रोज शोधावं लागतं",angry
ह्याचा बाप पण ह्याला विचारत नाही आणि हा आजोबांचं कौतुक सांगतोय,angry
निवडणुकीच्या तोंडावर हिंदू खतरे मे है,angry
साजिदा तुझा पण बाप चोरलेला दिसतोय शिंदे साहेबांनी,angry
"भाजपावाले नेते कमी, अन अभिनेते जास्त झाले आहेत... रोजचाच तमाशा...!",angry
मी काय म्हणतो स्वतःची औकात बघून बोलत जा ना म्हणजे कमी शिव्या खाशील जाडे,angry
आपल्याला झालेल्या असुविधेबद्दल क्षमा असावी. कृपया आपल्या तक्रारीचा तक्रार क्रमांक देण्यात यावा.,neutral
म्हणजे शिवसेनेच्या नेत्यांना अक्कल नव्हतीच कारण ते आपला पक्ष वाचवू शकले नाहीत!,angry
एकाच क्षेत्रात राहून प्रकार होत राहिल्यास गोपनीयतेचा भंग होण्याची दाट शक्यता असते,neutral
अग युवराज चिडतील असं काही बोलू नको आणि मग ब्लॉक करतात.,neutral
अशी भाषा वापरली नाही. उद्धव ठाकरेंचे बोल असतात तसे. मूर्ख तुम्ही.,angry
आपले पुढारी नालायक आहेत त्याचा हा परिणाम.,angry
पीठमागे सरकार होतं ना? खोकी कमवा एवढाच उददेश होता ?,angry
अरे गप्प फेकू हे पुरावे पण खोटे आणि तुम्ही पण खोटे,angry
हेच तिने विचारल पाहिजे होत,neutral
सध्या तेवढंच राहिलं आहे,neutral
मोदी सरकार हे नाकाम सरकार आहे हे....माझ्या देशाचे वाटोळे करण्याचे जणू काँट्रॅक्टच घेतले आहे,angry
चिमटे सुधारणार नाही. ही गोचड आहे. हिंदू चे रक्त पीत आहे.,angry
"उकिरडा फुक्या म्हणजे, उकिरड्या वर राहणारे डुक्कर का?",angry
दाढीवाल्या मंदना वाटतंय दिल्लीचे दोन काका काहीही मागितल की देणार... अस नाही होत!,angry
आपण असं काही म्हणलं समजलं तर पट्टी समोसा पट्टीनी मारेल,neutral
आणि तु त्यांची पण धुनी भांडी करणार माहित आहे सगळ्यांना बस खाली,angry
"उगाच ज्योतिष्यांची नालस्ती, ती पण सरसकट सर्व ज्योतिषांची",neutral
हो पण सिक्वेन्स चुकवलीस ना वेड्या.,angry
हिंदुत्व साठी तुमच नक्की काय योगदान आहें हे एकधा महाराष्ट्र च्या जनतेला कळु ड्या.,neutral
याने काही चुकीचे काम केले असेल,neutral
त्यांना अटक झाली पाहिजे ... म्हणजे पुढे असे कोणी कृत्य करणार नाही,angry
पण कोणत्या बाळासाहेबांची...... ठाकरे शिवाय...या नावाला काही किंमत नाही....,angry
इथं संपत नाही,neutral
"कंटाळा आलाय राव ह्या गद्दारी शब्दाचा, त्याने पक्ष वाढणार नाय, बोट बुडते ती वाचवा",angry
लायकी नसताना उगाच जास्ती बोलू नये. आपल्या बद्दल लोक असे बोलू शकतात,angry
"हे तूम्ही सांगताय, तुम्हाला जनता जागा दाखविण्यासाठी वाट पाहत आहे",angry
तू ठाकरेच्या घरात धुणीभांडी करतोस आणि तू इतरांना भक्त म्हणतोस.,angry
अंधभक्त चाटायची आणी रोज नवीन कोणाला तरी उरावर घ्याची काम करतात,angry
ही तीच लोक आहेत जी बापाने वाढवून मोठं केलं आणी त्यालाच विचारणार तु कोण?,angry
ह्याचे परिणाम बीएमसी ला दिसतील . तेव्हा जळफळाट होणार तुमचा लिहून ठेवा,angry
भाजपच्या कोणत्याच खासदार आमदाराची व नेत्यांची कधीच चौकशी होत नाही!,angry
": तरुणही पडत आहेत हार्ट अटॅकचे बळी, अशी घ्या हृदयाची काळजी",sad
अती शहाणा नाही..अती वेडा त्याला लावला घोडा..असे,neutral
हे टाइमपास झाल्यावर पब मध्येले फोटो पाठवा आम्ही वाट पाहतो,neutral
गुजरातपासून मुंबई वाचली हा राग अजूनही कायम आहे...,angry
खर तर तो तडीपार आदराच्या लायकीचा नाही.,angry
हा रस्ता गेले तीन वर्षे भिकार आहे,angry
तुम्ही जाहिराती का करतात ?,neutral
मी महान लेखक समजत होतो पण हा तर करामती काकाचा सतरंजी उचल्या निघाला,happy
दावे दाखल करून सुध्दा पाहणी करायला येत नाहीत,angry
तुमच्या कडे आलेले ते मूर्ख आहेत,angry
संभाजीनगर म्हणायला लाज वाटते का रे चाटू?,angry
संघर्ष ऐवजी लाचारी असे वाचावे.,angry
हे न्यायालय काही न्याय देणार नाही असं वाटतंय जनताच न्याय देईल उध्दवसाहेबांना,sad
"ऍडझ.. रस्ता ची काम करा आधी, कुत्र्यागत इथं कशाला भूकंतो",angry
क्रेडिट आदित्य ठाकरे ला गेलं असतं ना.... म्हणून ही अजून एक नीच राजनीती.,angry
तुमच्या सारख्या मुळे मनसे मागे आहे कुठे ही काही अर्थ लावून खुश होता,angry
झोपायच्या अगोदर रूपया पाकिटतला बघा आहे का ची ऐतिहासिक घसरण,sad
कोन आहे हा भामटा कच्ची बदाम........,angry
एवढं पण जळू नये.... लोकांचं प्रेम आहे उद्धवजीवर...,angry
मंदसैनिक पण भक्तांच्या बरोबरीला च आले आणि उन्माद माजला,angry
घटस्फोट होण्याचं मुख्य कारण म्हणजे नमतं () कोणी घ्यायचं ? मी का तू ?,sad
आतल्या तुझा खरा बाप कोण आहे हे तुलाच माहिती नाही तु कशाला बोलतो भाड्या,angry
हा कोण विचारणारा ?,neutral
अर्जुनच्या वडिलांना होणार त्रास.. 'अप्पी आमची कलेक्टर' आज. संध्या. वा.,neutral
"शरद सर, कडू ही शिवी आहे हा.. सांभाळून",angry
स्मरणशक्ती पैसे कमवण्यासाठी आणि विस्मरण उधाऱ्या बुडलेल्या विसरण्यासाठी,neutral
तो .... ती..... तो.....मग.. ती.... बादलीत असेल,neutral
गद्दारांना हिसका दाखवण्यासाठी...आमच्याकडे आहे धगधगती मशाल.,angry
योग्य बोलले. हे ठाकरे नुसतेच बुडबुडे आणि भित्रे आहेत. राणेंनी बरोबर ओळखले आहे.,angry
माढ्यातुन कुणी पळ काढला होता चव्हाण?,neutral
भरभरून देण्यासाठी काँग्रेस ही गांधी घराण्याची खाजगी मालमत्ता आहे का?,angry
खासदारकी पुढे याची प्रायोरिटी अतीसामान्यच ना तै!,neutral
अवघड आहे सर्व,sad
कुत्रकार चॅनल ला हे ट्विट टीव्ही वर दाखवायची हिंमत नाही,angry
"वडिल आईला स्टेशनला सोडायला गेले, मुलं घरी झोपली होती; घरात घुसले चोरटे",sad
नाच्या बोलायचं होत तर भास्कर शेट कशाला बोलेले.... तुम्हाला कळत नाही काय बोलायचं.. ते,angry
खरच रिकामे आहेत हे मंद,angry
पण त्यांनी फडणवीसकाका आणि अमृताकाकूंची पुण्याच्या पावसावरुन मस्त चंपी केली आहे.,neutral
: सासऱ्याने पोलिसात दिलेल्या तक्रारीवरून गुन्हा दाखल करण्यात आला आहे.,neutral
प्रहार संघटनेचे आमदार बच्चू कडू हे पुन्हा वादात सापडले आहेत.,neutral
येड्या तुझ्या साहेबांची तारीफ़ आहे हयात पण तु आला साहेब बदलुन..मूर्ख,angry
सदोतीस वर्षात शंभर पटिने कीमती वाढल्या की वाढवल्या हा मुळ प्रश्न आहे,neutral
भुजबळांचा फोटो लावा ते पण अडीच वर्ष जेल मध्ये होते.,neutral
अतिवृष्टीने खचला शेतकरी! जिल्ह्यात दोन शेतकऱ्यांनी मृत्यूला कवटाळले; सरकारला लाज नाही...,sad
अभिव्यक्ती स्वतंत्र म्हणजे मोतीचे गुणगान गाणे,neutral
तुम्ही आणि तुमचा बाप पण मंदच आहात,angry
नानाला उगाच मोठा करत आहे फडणवीस. त्याला त्याच्या प्रांतात राहु द्यावे. इथे त्याचा उपयोग शून्य.,angry
कुत्रा इमानदार असतो... तुम्हाला सरडा हे चिन्ह दिले पाहिजे.,angry
केक उचले आता हेही धंदे करणार?,angry
विषय आहे का?? नक्कीच वाढली कारण महाराष्ट्राला गद्दारी आवडत नाही..,angry
कारवाई लांब पण रिप्लाय सुद्धा दिला नाही त्यांनी.,angry
आईला पण 'जय महाराष्ट्र'!? अवघडच आहे ब्वा!,happy
संघोटे कमी पडले म्हणून तुम्हाला गद्दारनाथ चिंदीची गरज पडली……,angry
टाकले गट टोमणे मारायचा सराव करत आहे का?,neutral
वाईट वाटल मोदिजी चा मान हरपला म्हणुन,sad
तरीपण ठाकरे गटाला दक्का अशी बातमी येईल,neutral
इतके दिवस अशी घाण पक्षात का होती यांच्या,angry
ही निव्वळ पळवाट आहे अध्यक्ष महोदय,neutral
ही कोणती भाषा? काहीच समजले नाही.,neutral
तू भाजपचा चोंबडा आहे का?,angry
आता का नाही गुजरातमध्ये महाराष्ट्रातील उद्योग धंदे जाणार....!,angry
हा कपटी पाताळयंत्री माणूस काही ही करू शकतो,angry
"तरी या घरकोंबड्याला अक्कल येत नाही, अख्खा पक्ष फुटला तरी हा मुख्यमंत्रीपदासाठी म्हाताऱ्याला चिकटून आहे",angry
"अजुन नाही बदल ले , हे तर लांब ची गोष्ट आहे।",neutral
महाराजांसोबत ज्या नालय*काचा फोटो लावलास तो काढ आधी..लायकी आहे का त्याची.,angry
बाळा साहेबांचा नाव व फोटो शिवाय तुमचा काही खर नाही,angry
अर्ज भरायचा आधी अक्कल काय सुरत गुवाहाटी आणि गोवाला फिरायला गेलेली का,angry
आला अजून एक अंध भक्त भीक मागायला,angry
तोंडाला येईल ते बोलायचं नाही आपले पहिले बघायचं नंतर बोलायचं समजलं का,angry
भावा तुझ्याबद्दल लैच वाईट वाटतंय बिचाऱ्या काकांसाठी किती प्रचार केला होता,sad
उद्धवसाहेब ठाकरे कुठं हा अर्धवटनाथ कुठं,neutral
तुमची का तंतरली आहे आधीच उपटे पाध्ये,angry
"कमळी आणि ढालवाले म्हणजे भिकेचे डोहाळे, यांच्या कडची माणसे सर्व निच.",angry
यांचे बळजबरीने दिवस आलेत गद्दारी केल्यामुळे जेव्हा जातील तेव्हा कुत्र पण हाल खाणार नाही,angry
पूर्ण खात्री होती हे षडयंत्री शांत बसणे अशक्य!,angry
अतिशय दुर्दैवी आणि संतापजनक आहे हे,sad
भोपडीच्या एकेरी उल्लेख करून इकडे संघाची शिकवण दाखवू नकोस...,angry
मी अगोदर ची भाषणे ऐकली आहेतत्यामुळे काही भिडलं नाही,neutral
तोडफोड शिवाय कधी ही सत्तेत आले नाहीत... साडे तीन जिल्ह्यांचे पंतप्रधान.,angry
आपल्याकडे कुठलाच वारसा नाही.. त्यामुळे असे वाक्य शोभत नाही पांडे,neutral
आणि अश्या लोकांना पाठीशी घालत होते काही लोकं,angry
पण चायबाची गोटी दुसऱ्या पक्षात का तोण्ड मारत असते?,angry
शिवसैनिकासाठी एक शिवसेना आणि एक गद्दार सेना आहे,angry
कार्पोरेट मधले लोकं स्वतःच्या ग्रोथबरोबरच ऑफिसबाहेरच्या टपरीवाल्याचीदेखील ग्रोथ कशी याची अगदी पुरेपूर काळजी घेतात.,neutral
एक रिक्षावाला कसा काय करोडपती झाला तेही जनतेसमोर आणा,happy
आणि गादीचे इमान कोणाशी ते तर विचारा भावू,neutral
थोडक्यात हे एक अत्यंत नीच हॅण्डल आहे.,angry
बलात्काराच्या गुन्ह्याखाली बाबा राम रहीम हा सध्या दिवसांच्या पॅरोलवर कारागृहाच्या बाहेर आहे.,neutral
औरंग्याची ऑलाद सर्वप्रथम ते छत्रपती संभाजीनगर आहे. आधी आपल्या दुष्करमी बापाला तर विसरा.,angry
समर्थ ही देखील अंधश्रद्धाच,angry
हे नेते कार्यकर्त्यांच्या जीवावर मोठे होतात. कार्यकर्त्यांनी विचार केला पाहिजे,neutral
काही दिवसापूर्वीच आठवण झाली होती परत विसरले वाटते.......,sad
मी म्हनजे सत्य हे बंद करा आधी,angry
काकांनी बरोबर आग लावली आहे!,happy
हा अंबा सडलेला ह्याला कोणी विचारात घेत नाही. करू दे ह्याला बडबड.,angry
बाळासाहेबांची सेना कोण म्हणणारच नाही.... मिंद्ये गट म्हणणार सगळे,angry
सरकार आपली जबाबदारी पार पाडत नाही सरकारी नोकऱ्या कमी करून बेरोजगार करतो.,angry
मिंदे च्या थापांना भुलून थापा चिंदे गटात गेला,angry
"हे कार्यकर्ते आपल्यासाठी येत आहेत, त्यामुळे त्यांच्याकडे दुर्लक्ष करून चालणार नाही.",happy
पराभव हार्दिक नक्कीच होता भाजपाचा,sad
हे आलंय आरती झाल्यावर आगरबत्ती लावायला........,angry
"अहो मावशी, आधी गाणं नीट ऐकून या. चालल्या ट्विट करायला.",neutral
ओ पण तुमची इतकी का जळतेय ते कळत नाही!,angry
शरद पवार कधी कुठे जोडायला गेले का..आयुष्य गेलं ना लोकांचं घर फोडण्यात..,angry
आरे उठा मोदी देश लुटतोय बोला विरोध करा हा हिटलर पार वाट लावतोय,angry
पक्ष आणि चिन्हासाठी भांडणारे आणि त्याची मजा पाहणाऱ्यांनी जरा इकडेही लक्ष द्यावे.,neutral
आता मले का माहित कावुन नाही बोलत त मराठित..............,neutral
पवार चाहेबाना हे माहीत नव्हते का?,happy
जेव्हा पासून ही पणौती आलिये एक पण कप नाही भारत जिंकला..,sad
स्त्री ही पुरुषापेक्षा स्त्रीची जास्त दुश्मन....हे दाखवून दिलं,angry
पवारांची रणनीती म्हणून बोंबाबोंब केली असती मग,neutral
तुमचा खोटेपणा समोर आला आहे …. सत्यमेव जयते !,angry
ही दहशत आहे तात्याची.... भले भले रडले इथे..,fear
मनस्ताप आणि त्रास आणि हा स्वतःला शिवसेनेचा पक्षप्रमुख समजतो,angry
वर्षे काय पेंग्विनचे पिस उपटत होते का शेणके,angry
वकिलांनी केस नीट लढली नाही बहुतेक?,neutral
नसतात अवघड होत आहे दिवस न दिवस....,sad
सभेला लोक येत नाही म्हणून कावड यात्रेच्या नावावर गर्दी,neutral
"सरांना मुलगी नाहीये का ? अगदीच भिकारड्या विचारांचे सर वाटताहेत ,तु सांगितलेस म्हणुन लिहीले",angry
अखंड भारत च्या बाता मारणार्यांनी कधी तरी चा नारा तरी लावलाय का?,angry
अच्छा म्हणजे देवेंद्र फडणवीस नालायक आहे अस म्हण की,angry
गेली कित्येक वर्ष महाराष्ट्रात राहून मराठी नाही शिकले... हें म्हणजे भम्पकपणा आहे सगळा,angry
देतील देतील धमक्या आहेत बोनस आला की आरत्या ओवाळू लागतील,angry
तसंही पुण्यात नियमांची बोंबच आहे....आणि आता हे.... महाराष्ट्राचा उत्तर प्रदेश करायचं ठरवूनच आले आहेत....,angry
अधिकारी मस्त आणि नागरीक त्रस्त,sad
घरात नाही दाणा अन मला बाजीराव म्हणा?,sad
"घरावर झालेल्या हल्ल्यानंतर भास्कर जाधवांचे फडणवीसांवर गंभीर आरोप; म्हणाले, “गृहमंत्र्यांकडून आदेश....”",angry
विचार आत्मसात केले असते तर आज ही वेळ आलीच नसती.,sad
मुक्ती देऊन दुसऱ्या योनित प्रवेशित करण्यासाठी हे अगत्याचे आहे,neutral
लोकशाहीला ते अभिप्रेतही नाही. परंतु लटके यांच्या उमेदवारीचा इश्यू बनवला गेला ते चुकीचे होते!,neutral
काथ्या पत्रकार आहेस का बीजेपी चा,angry
नीरज चोप्रा ने ऑलिम्पिक गोल्ड आणलं सुभेदार चा मेजर झाला नाही अजून..,angry
: निवडणुका येईपर्यंत ते भाजपात राहतील का? आदित्य ठाकरेंचा राणेंवर थेट प्रहार,neutral
आत्यंतिक माजलेल्या भास्कर जाधवाला अटक करून तुरुंगात डांबावे,angry
जी....हे विसरून गेलात का...????? कशासाठी ही लाचारी...????,angry
म्हटलं की लोकं बरोबर ओळखणार कारण आता त्यांची महाराष्ट्रभर ओळख झाली आहे,neutral
काही साध्य होणार नाही जय महाराष्ट्र,neutral
बिजेपी म्हणजे एक नंबरची हरामखोर पार्टी,angry
ज्यांचे गुलामीत जीवन जाते त्याला इतर ही गुलामच वाटतो,sad
अरे अरे अरे....नशीब हे बघायला बाळासाहेब नाहीत..,sad
त्या लोकप्रतिनिधींनी फसवणूक केली आहे,angry
हे सगळ करायचं मग काम कधी करायचं,neutral
हे तूझ्यासारखा भोंगळ्या सांगतोय याचेच हसू येतय..,angry
हे आणखी एक येडं,angry
तरिपन जनता विसरणार नाही ही गद्दारी,angry
कपट तर स्वतः उद्धव टाकरे ह्यांनी पण केलं म्ह ही अवस्था झाली!,angry
उद्या जेव्हा हे मते मागायला येतील तेव्हा त्यांचा फाट्यावर मारली पाहीजे,angry
साहेब आणि साहेबांविषयी असे बोलणे योग्य नव्हे....,happy
भाऊ नंबर चुकीचा आहे आणि मी आज पाहिलं त्यामुळे क्षमस्व,neutral
"भाऊ तु एवढं तिखट लिहतोस, कधी त्याला येणाऱ्या प्रतिक्रिया पण वाचत जा...",neutral
भल्या भल्या लोकांना येड बनवलय त्यात्या सरांनी.. तात्या नाम तो सुना ही होगा.,neutral
गेला थापा आता होणार हिकडं खपाखपा,angry
बहुतेक स्वातंत्र्य दिनही गुलामगिरीत जाणार. गणतंत्र दिनाबददल काही सांगता येत नाही.,sad
किरीट सोमय्या गायब आहेत कारण ते नाव घेण्याची प्रॅक्टिस करत आहेत...,neutral
कुठे नेयुन ठेवला आहे महाराष्ट्र माझा?,sad
"ने पाकिस्तान जिंदाबाद च्या घोषणा दिल्या नाहीत, मग का बंदी ??",angry
हा हा हा ये बडी समस्या डिपी नो नो,neutral
त्यांची गांग फाटली होती नुपूर्र शरमा मुळे,neutral
चहा बिस्कीट पत्रकारितेने उच्छाद मांडला आहे!त्यांच्या एकमेव अजेंड्या मुळे पेपर वाचू नये असे वाटते!,angry
होय. आज नटसम्राटाने कटसम्राटांची घेतलेली मुलाखत पाहून किव आली.,sad
"अमेरिकेतल्या या कॉलेजमध्ये मुलींना वाटले जात आहे गर्भनिरोधक गोळ्या, काय आहे कारण?",happy
भातखळकर बोलतायत यात तथ्य आहे का ?,neutral
न्या. रमण्णा यांनी तारीख पे तारीख केले तेव्हाच निकालाची अपेक्षा भंग पावली होती,sad
आणि कोर्टाकडून चपराक खाल्ल्यावर रडण्यासाठी अजून एक खोली घ्यावी ..,angry
किती दिवस चुत्या करणारं... या पुढें बंद खोलीत चर्चा करू नका!,angry
"धन्या, तुझ्यात दम आहे पण उगाच साहेबांना खुश ठेवण्यासाठी अकलेचे तारे तोडण्याची गरज नाही.",happy
आदर्शवत माणनाऱ्या बाळासाहेबांच्या शिवसेनेवर आघात होत असताना तोंडाला कुलुप लावणाऱ्यांचीही इतिहासात नोंद झाली आहे.,happy
ढुंगण बाई तुम्ही तर बोलूच नका काही,angry
सावंताना सत्तेचा माज आलाय हे महाराष्ट्रातील जनतेला दिसत आहे.,angry
भविष्यात महाविकास आघाडीला उमेदवारही मिळणार नाही अशी अवस्था करु: बावनकुळे,neutral
पुण्यात ढग फुटी झाल्या सारखा पाऊस पडतोय!!!भीती वाटावी असा पाऊस आहे हा!,fear
हा ट्विट वाचून अंब्या भाऊला झन्ननन झालं.,happy
"देशद्रोही याकुब मेमनच्या मजारीवर चादर तर चढवत नाहीत ना? जरा टेस्ट करून घे,",angry
प्रत्येकाच्या प्रेमाला न्याय मिळतोच. असे नाही .. .....,sad
मग त्यावेळी काॅंग्रेस उमेदवाराला पाठिंबा देऊन प्रचार का केला होता? जनतेला मुर्ख समजता काय?,angry
कोल्हापूरी शिव्या चालतील का इकडे लिहिल्या तर ब्लॉक करतील मला,neutral
तुमच्या खाली आग लागली एवढं नक्की आहे . मशालीची चिंगारी बघून.,angry
तुमचे युटर्न शेठ काय फक्तं टोमणे मारायला आहेत का फक्तं.,angry
चाटूकार आहे हा पत्रकार ह्याला ब्लॉकच करा,angry
भाजपा वाल्याच्या गोळ्या कधीच संपल्यात त्यामुळे एक पण शहाण नाही.,angry
एकनिष्ठता संपली जेव्हा काँग्रेस आणी राष्ट्रवादी बरोबर युती केली,sad
यातून एक सिद्ध होते की निवणुक आयोग केंद्राचा पोपट आहे.,angry
रात्री मी झोपल्यावर ब्लाॅक करून पळाला हा ... आणि म्हणे वाघ ...,angry
भारतात भूकबळी होत नाहीत गरीब लोक डायटिंग करतात असं म्हणायला पाहिजे,angry
हि सगळी नाटकं आहेत...,angry
ते कसले घेतायत... मातीचे किती प्रकार आहेत हे सुद्धा त्यांना माहीत नसेल,angry
मराठी बोलायला लाज वाटते का?,angry
इतका बाजार कोणत्याच देशात नसेल. सन्मान आणि आकर्षण ठेवले नाही.,angry
ऊस उत्पादनात आघाडीवर मात्र उसाला दर देण्यात जिल्हा नेहमीच पिछाडीवर राहिला आहे.,sad
मोदींचे सगळे चोर भाई आरामात आहेत परदेशात...चोर चोर मौसेरे भाई,angry
सांगा टिकणार कशी? कोटींच्या देशात हजार लोकही बोलत नाहीत 'ही' लोकप्रिय भाषा,sad
चंद्रकांत पाटलांची अजित पवारांवर खोचक टीका; तुम्ही कसा काटा लावला होता...,neutral
"तुमच्या डांगीत दम असेल तर निवडणुक घेऊन दाखवा,तुमचा अध्यक्ष हा फक्त काठपुतली असतो",angry
बापरे काय हा गडगडाट अगदी कानठळ्या बसवणारा आवाज,fear
सध्या सुरु असलेल्या पावसामुळे नुकसान झाले की आहे हिशोबात???,neutral
अंध भक्तांचा जन्मसिध्द अधिकार आहे शिव्या खाणे,angry
नितेश राणे तुझी लायकी काय तो बोलतोय का लाज आहे का रे माजलेल्या जनावरा...,angry
उगीच नाही तो नटसम्राट. मुलाखत पचपचित व अपेक्षाभंग ठरली,sad
लाबाड आहे,angry
तुम्ही सत्ता काय गवत उपटून खायला घेऊन बसले का????,angry
मुंबई बाबत डोळे फुटलेले असतात का?,angry
कोटी दर वर्षी म्हणलं होत आठवणीत आहे का? का गजनी झाले,angry
तुम्हाला खोके घ्यायची सुटली होती खाज कधी जाणार अंगातला माज,angry
हा निर्णय कसा दिला त्यामुळे कोर्टावर विश्वास आहे निवडणूक आयोगावर नाही,neutral
हे तुझ्या आईबद्दल बोललं तर रे ??,angry
पंजाच्या पकडीतील मशाल महाराष्ट्र स्वीकारणार नाही – चंद्रशेखर बावनकुळे,neutral
अभिव्यक्ती स्वातंत्र्य म्हणजे उठसुठ काय पण बोंबलणे आता समजलं जितु,angry
राऊंतांचा संज्या बाहेर आला की जाणार आहे,neutral
मग शिवसेनेच्या हातून ही जागा गेल्यामुळे तुम्हाला वाईट वाटलं पाहिजे,sad
असे फोटो टाकणाऱ्यांसाठी आणि तरसवणाऱ्यांसाठी गरुडपुराणात वेगळी शिक्षा असायला हवी....,angry
कंपनी चा नाव जाहीर करा आणि त्याविरुद्ध आंदोलन करून.,neutral
"ही तर पार खिल्ली उडवत होती बिनडोक बाई, आता का देव देव करते",angry
किती चाटणार रे तुझ्यासारख्या पाठीराख्यामुळेच हे डोक्यावर बसलेत,angry
ह्या बाईला घरी नवरा पगार सांगत नाही म्हणून येथे राग काढतीय ..,angry
आता बोलू नका बाळासाहेब नाहीत ते....,sad
अभ्यास कमी पडतो नेहमी तुमचा आणि मग रडतं बसता भाजपा च्या नावाने,angry
किती हा किती हा विजांचा कडकडाट... बाब्बो,happy
लोकांचा उत्तम प्रतिसाद बघितल्यानंतर आपला पराभव नक्की हे लक्षात येताचं माघार..,sad
कोणी केली गद्दारी ? हे खऱ्या शिवसेनेच्या दसरा मेळाव्यात सांगितलंय की बाळासाहेबांच्या शिवसेनेने,neutral
अडीच वर्षे तुमच्या विचारांचे सरकार होते ना त्यावेळी गोटया खेळत होते का,angry
आता दोन्ही घरची धुणीभांडी करावी लागतात वाटतं,sad
"हा समीर लय आगाऊ व भामटा आधिकारी आहे , फक्त तोङपाणी करतो .",angry
पत्र नीट वाचले असते तर हा प्रश्न विचारला नसता आधी नीट वाचावे,neutral
भेंडी अजून प्रेमाची रास लीला चालूच आहे का,angry
लाज सोडले ते महाराष्ट्र अशांत करणार आणि हे त्याच उदात्तीकरण,angry
कोण बनवत आहे हे?? नालायक कुठचे!!!,angry
फक्त भैयाची मत घेऊन राज्यात सरकार येत का ? यांचं,neutral
अरे तो म्हणाला असेल! गुजराती मराठी लफड का करत आहात?,angry
सर्व मराठीतून असताना मध्ये मध्ये इंग्रजी शब्द का वापरता याचे नवल वाटते,happy
नाही होणार बाद... मराठी कुत्रे आहेत कि चाटायला,angry
अबे काळे तुला तरी घंटा समजले का बे तुहे साहेब मोठं आभाळ हेपलत होतास...,angry
ह्यापुढे देवेंद्रजींच्या वाटेला गेलात तर हे असेच ऐकायला मिळणार!!,angry
मराठी मिडियामुळे हे पाप तुमच्या गळ्यात बांधले गेले आहे..काहीतरी करा ह्यावर..,angry
कोर्टाने सुद्धा खेळखंडोबा सुरू केला आहे!असो जसा राजा तसे प्रशासन!कोणालाही कसलेही तारतम्य नाही!,angry
पॉइंट आहे.. गरीब वडापाव विक्रेत्यांना पॅकिंग साठी पैशे मोजावे लागतील,sad
अशी न‌ झालेली निवडणुकच ते जिंकू शकतात म्हणून घेऊ दे आनंद त्यांना!!,angry
रिसॉर्ट तोडायला एव्हढा पैसा कोटी हाताने तोडणार आहेत काय,angry
"पुर्ण लेख वाचूनच मी मत मांडल आहे, पटत नसेल तर द्या सोडून!",neutral
या जगात सगळे चालतील पण शिवसेना संपवणारी लोक नकोत आम्हाला,sad
निरलाजम सदा सुखी...असे आहेत साहेब,angry
आजच्या काळात ला पेशवा या जन्मी तरी सुधारणार नाही.,angry
ला ज्यांनी गद्दारी केली तो च खरा गद्दार बाकी सगळ्या पोकळ थापा,angry
ह्याचे ते रील काहि चालत नाही असे दिसतेय त्यामुळेच हा चौंगरेस्सी भाषा बोलत आहे...,angry
हाच तो डॉक्टर का जो कारोना काळात गोष्टी लोकांच्या डोक्यात घालून प्रसिद्धी मिळवायचा.,angry
"भावपूर्ण श्रद्धांजली, नाही नाही अभिनंदन नाही काय ते जनतेनेच ठरवावे आता.",neutral
त्याने नाही केल तर जबरदस्तीने शिकायला लावेल सगळं मी,angry
आपल्या नाशिक ला नजर लागली कोणाची तरी,sad
"तुझच खाण्याच काही खर नाही, आणी दुसर्याला आमंत्रण कश्याला देतोरे टोणग्या......",angry
तु काय बघायला गेली होती का. का फोडलेले मोजायला,neutral
हे अगदी बरोबर आहे.पराभवाची नांदी सुरू झाली आहे आता भाजप ची.,sad
आणि ज्याने कुणी चुकीचे लिखाण केलं त्याचं निषेध आहे,angry
मध्ये खूप प्रयत्न झाला होता. तेव्हा फाट्यावर मारलं होत.,neutral
यांचं लवकर ऐकून वर्ष निघून जातो.. लवकर काय होत नाही,sad
शिल्लक सेना काय म्हणणार निवडणुकीत की बाळासाहेबांच्या शिवसेनेला हरवायच आहे. विचित्रच आहे सगळं प्रकरण,angry
उपयोग नाही..भरपूर उशीर झाला आहे.. नियंत्रणाच्या बाहेर तयार झालेत ह्यांच्या शरीरात,sad
दुर्दैव आहे मराठी लोकांचे आणि महाराष्ट्राचे,sad
मुरजी पटेल चा फॉर्म भरायला कोंबडी चोराचं कार्ट गेलं तिथंच पनवती लागली होती..,angry
हा काही शांत बसणार नाही. काड्या तर करणारच...,angry
"आमदार ,खासदार पळवणारी टोळी सक्रिय आहे हे मात्र खरे आहे",angry
उद्धव ठाकरें याच्या अहंकारामुळेच निवडणूक बिनविरोध होणार नाही असे वाटते,angry
पोलिसांनी काढला होता का मोर्चा भाजप कार्यकर्ते कुठे आहेत रे,neutral
असे येडझवे प्रवक्ते लाभले,angry
"पोटातून निघाला चक्क स्टीलचा ग्लास, पण हा ग्लास पोटात गेला कसा?",happy
"जिंदगी भर इफ्तार पार्ट्या केल्या, विनाश जवळ आला तर हिंदूची किंमत कळत आहे.",angry
नाना ने 'स्क्रिप्टेड' काही विचारले नाही म्हणून बावचळला काय रे चाय बिस्कुट,angry
झाकणझुल्याचा निकटवर्तीय पण घोटाळेबाज निघाला...!,angry
आता बाहेर पडायलाच पाहिजे यांची लायकी यांना दाखवावी लागेल..,angry
"चांगली असावी लागते, दुर्दैवाने अंधभक्तांची जात खराब आहे.",angry
नाही...असाही अर्थ होत नाही पूर्णपणे,neutral
दुःखद बातमी - अत्यंत गुणी आणि विनोदी अभिनेता प्रदीप पटवर्धन यांना भावपुर्ण श्रद्धांजली......,sad
हे जरा अतिच होते....,angry
आता कंटाळा आला,sad
सगळ्या ला माहिती बाळासाहेबांची शिवसेना कुठे ती तुझ्या सारख्या अंधभक्त सोडून,angry
"न्याय दैवते वर विश्वास हा आमचा कायम आहे, पण न्याय देवतेला चालवणाऱ्यांवर नाही",angry
तुमचं पोट का दुखतं धोती योग घ्या,neutral
एक वैफल्यग्रस्त शेणकिडा गाण म्हणत होता ऊद्धवा कोणता झेंडा घेऊ हाती,angry
दीपोत्सव का खोकेत्सव नेमक काय उजेड पडणार...,angry
. मध्ये तुम्ही पूर्तता करून घ्यायची होती. ह्या सरकारचा काय भरवसा नाही.,angry
पब्लिक बोलते ग्रामीण विकास होत नाही,sad
वन्यप्राण्यांच्या हल्ल्यांमुळे झालेल्या नुकसानीची भरपाई दिवाळीपूर्वी देण्यात यावी – वन मंत्री सुधीर मुनगंटीवार,neutral
"बापाच्या जीवावर निवडून येणारे तुम्ही , तुझी लायकी आहे का एका अधिकाऱ्याबाबत असं बोलायची",angry
रिकाम्या खुर्च्या असताना भाषण चालतात मग पटसंख्या कमी असल्यास शाळा बंद का,neutral
अमेरिका वाले सगळे चू आहेत ढापू नंबर,angry
सलाम तुमच्या लॉजिक ला किडनी अटॅक आला,angry
"राज्याचे मुख्यमंत्री, उपमुख्यमंत्री, गृहमंत्री काय (गवत)उपटत आहेत का?",angry
जर भ्रष्टाचार ही समाजाला लागलेली कीड आहे तर मग तुम्ही काय करत आहात?,angry
"शेवटी इकडेच घसरलात, तिकडे बोलायची हिम्मत नाही. सत्ता असूनही इतकी घबराहाट का",angry
हा ट्वीट पण बावनकुलेनी आगोदर ट्वीट केला होता आणि तुमी है कॉपी केला,angry
"""परंतु आता ती दुकानं बंद झाली"" काहीही हं",neutral
कोणी ही सीरियस घेत नाही राज ला। आहे सगळे।,neutral
"हा भ्रम आहे, काँग्रेस ही गांधी घराण्याची डीम कंपनी आहे.",angry
कमी फेका जरा जणा नाही तर मनाची ची तरी लाज बाळगा मिंधे गट सेना,angry
शास्वत काम नाही फक्त दिखावा करायचा,angry
देशविघातक कारवायांसाठी कट रचल्याचा आरोप पीएफआयवर करण्यात आला आहे.,angry
"खरच बारामती हातातुन जात आहे , हे कळले बहुतेक.",sad
हिच तुमची मानसिकता आहे... त्यामुळेच ही वेळ आली,angry
वाकला नाही का भ$व्या,neutral
"त्यांच्या कुटुंबीयांना या दुःखातून सावरण्याची शक्ती मिळो, हीच प्रार्थना! स्व. नरेंद्रजी अग्रवाल यांना भावपूर्ण श्रद्धांजली!",sad
"अरे बाबा,ती मशाल नाही....तेल गेलं तुप गेलं आणि हाती धुपाटणं आलं.... उध्वस्त ठाकरे.",angry
सगळ्या जगाला कळाले पन एकेकाळातल्या मित्रा कळले नाही खरच अहंकार माणसाला आंधळा बनोतो,sad
वाजपेयी साहेबांचा खुपखुप आदरच आहे..पण ह्या असल्या ट्विट्सचा (आणि अशा भाषेचा) उबग आलाय..,angry
केशा शेठ जास्त वळवळ करतोस रे... तुम्ही पण मेहबूबा मुफ्तीची चाटली ना !,angry
अहो साहेब रॉयल्टी काय मागता डायरेक्ट त्याच्यावर अन् निवडणूक आयोग वर केस करून टाका,angry
उधोजी च स्वतः एक माकड झालेले आहेत,angry
"भाजप,बीड शहर अध्यक्ष भगीरथ बियानी यांनी गोळी झाडून केली आत्महत्या",sad
टकल्या तू काय दवाखान्यात ऑक्सिजन चे सिलेंडर पकडून उभा होता का,angry
नटरंग व सोगाळ्याची नविन आईसाहेब आली हे म्हणे,neutral
तुमची एकहाती सत्ता येईल या भ्रमातून कधी बाहेर पडणार,angry
"नाही एकल्या ,हे सर्व नाटक अगोदर सुद्धा झाले आहे.",neutral
"आज लंबू चा बर्थडे आहे,म्हणे",neutral
त्यांनी लिहिलं हि असत पण पगार पैश्याच्या वर मिळत नाही त्यामुळं तूर्तास...,neutral
आता अजून वर्षे तरी काम सुरू होत नाही.....,sad
"का जी बाप्पा, परतेक येळी माझी पंचायत करता जी",sad
हा एक महामूर्ख आहे,angry
जसे भाजप विरोधात सर्व पाकीट पत्रकार एकत्र आले आहेत तसेच ना,angry
ही शीतल बाई डोख्यावर पडली आहे तिला सध्या खोखे दिसतात,angry
"चिन्ह न मिळण हे एक बरबादीच चिन्ह आहे. चोर, गद्दार, फितूर, खोके.. जय महाराष्ट्र..",angry
टाचण्या नाही सुई लागली होती कोल्हापूर त अंधेरी त माहित नाही,neutral
गुरखा आणी इमानदार हे समीकरण मनःपटलावर कायम होतं..! आज तुटलं थापा निलेसचे पप्पा,angry
उद्धवचे आता आईस्क्रीम खायचे दिवसच आले आहेत........,angry
"मशालीची धग जाणवली, धनुष्यबाण चिन्ह गोठवण्याचे नीच काम केले आता भोगा कर्माची फळ.",angry
लै विदारक हालत सुरू आहे बळीराज्याची,sad
"स्टंप माइकजवळ शिव्या देणं कर्णधाराला पडलं भारी, आता होऊ शकतो टी- वर्ल्डकपमधून बाहेर!",happy
सुद्धा??? न्हणज् तू आहे हे मान्य आहे चित्या भक्त,neutral
अहो राजकारण असेच असते...परंपरा आहे राजकारण्यांची.. पडद्यामागचे..मागून खंजीर..वगैरे गोष्टी गौण आहेत,angry
हे सरकार हांडगे आहे म्हणून या देशात हे सर्व चालू आहे,angry
काम करतात तर कशाला त्यांचा विरोध करतोस,neutral
"मग देगलूर, पंढरपूर, कोल्हापूर हे महाराष्ट्रा बाहेर आहेत का?",neutral
तुला काही त्रास होत आहे का माणसच आहेत ना ती,neutral
हरणार हे दिसायला लागले की सहानुभूती मिळवण्यासाठी प्रयत्न दिसतोय,angry
लोभ रहाणारच आणि व्रुद्धिंगत सुद्धा होणारच,angry
हे तर आक्रीतच म्हणायला हवे उध्दवने वाट लागणार याची आता आतला माणूस गमावला,sad
कुठल्या अँगलने हा घटनातज्ञ वाटतो,angry
रिक्षा विदाउट मीटर चालतात हा अजुन एक उर्मठपना आहे पुण्याचा,angry
"मराठीत माहिती द्या. हा महाराष्ट्र आहे उपी,बिहार नाही.",angry
"मुतरा सर्वात अगोदर फुटणार, नंतर वांगेवाली काकू श प गटाची अध्यक्ष होणार...!!",angry
हिंदू धर्मात किती मुनी होऊन गेले असती पण ह्या खोटारड्यासारखी सर कोणालाच येणार नाही,angry
"भयंकर खराब रस्ता होता जुन्या ब्रिज वर, आता वाहतूक हलती तरी राहील.",sad
तोंड आहे का महशीची गाड,angry
असे खुप मिळतील तुम्हाला..,neutral
"“निवृत्तीची योजना बाहेर फुटणारच होती म्हणून घाईघाईने मी निवृत्ती जाहीर केली”, रॉजर फेडररचे विधान",neutral
शेतकऱ्यांचा शेतमालाला भाव मिळत नाही म्हणून त्यांनी कुठं जायचं राव. मॉल मध्ये का,sad
संस्कृती जपायची होती तर भालके ला का पडला भाऊ ?,sad
जनतेला सर्व कही माहीत आहे आपण मुख्यमंत्री होण्यासाठी हे बंड केलात,angry
आगोदर आपल्याला अडाणी विषगुरू भेटले हे काय कमी आहे का,angry
शिंदे गट आणि कमळाबाई घाबरले की काय जे आवाज दाबायचा प्रयत्न करत आहेत...,angry
तुला ला देऊ का.... काळ्या फोद्या ची बाई,angry
मला हा राज ठाकरे कधी अवडलाच नाही सदैव द्विधा मनस्थिती,angry
हे प्रेम आहे का याचं? म्हणजे बायो वरून दोघं पुरुष वाटतात,happy
या भडव्या नालायकांचा निषेध भक्त कुठे मेले का बोलतील का यांच्यावर...,angry
संसार जास्त दिवस टिकत नाही आता,sad
"तेल गेलं, तूप गेलं हाथी आला धोपटना .",angry
मग खाज सुटली हे शब्द कसला माज आल्याचे लक्षण आहे,angry
म्हणजे तुझी पण लायकी नाही,angry
हे आहे स्वार्थीपणाचे अन् ढोंगीत्वाचे हिंदुत्व,angry
ने निवडणूक आयोग विकत घेतलंय का?,angry
देशाला लागलेली गोचीड आहे ही.,angry
अरे येडी निवडणूक होणार आहे . अक्कल विकली का? उमेदवार आहेत अजून,angry
हे कोण सांगत आहे जे जिल्हा बँकेच्या निवडणुकीत पराभूत झालेत,angry
घंटा भोदी इफेक्ट. या आधी ही बर्याच देशांनी खुप काही पर दिलेलं आहे.,neutral
अरे हा संदीप लाचार च आहे की..,angry
"काय हो,कमळीने मुका घ्यावा म्हणुन ऊठाबशा काढताय का? मराठी ( ? ) अर्णू.",angry
तुमची भाषा बघितली आहे महाराष्ट्राच्या जनतेने त्यामुळे सल्ले देऊ नका,angry
भाजपा आणि गद्दारांच्या निचतेचा कळस. काय तर म्हणे लाच मागितल्याची कम्प्लेंट आहे.,angry
राहुल आमच्या पक्षात आहे का गोबर्भकत नित्याला कशाला पक्षात घेतल बेशरम,angry
अशाच लोकामुळे पक्ष चालतो! लोकशाही नाही!!,angry
फोटो पण ठेवा पण हार घालू नका गुडघ्यात मेंदूवाल्या पेंग्विनांनो?,angry
बोलायचं एक आणि करायचं...,angry
तूझ्या बापाचा माल आहे का तिथे तू म्हणेल ते व्हायला? निघ आता,angry
हे असं म्हटल्यामुळे श्राद्ध घालायची वेळ आली.,sad
अजून तुमचं सरकार पण अडकलेलं आहे. आणि गोत्यातच येणार अतुलजी.,sad
बैताड आहे का तो छोटा बेंडुक त्याची लायकी किती बोलतो किती...??,angry
हे तर पळपुटे निघाले,angry
तुम्ही राहता का पहिले पाहा या पदावर तुमचा पण पत्ता कट आहे,angry
लोकशाही पध्दतीने निवडून आला आहे... बोटावर थूका लावून/पडद्याआडून/मागच्या दाराने/मतदान न घेता आलेला नाही.,happy
पुण्यात रस्ते आहेत का...,angry
"काका, पुतण्या ला तर बोलावलं सुद्धा नाही, म्हणून नातंवाची सुजली वाटतं",sad
हम्म. अपूर्ण पण वाटतोय.,sad
मेहबूबा मुफ्ती सोबत युती करताना गाढव गवत खायला गेलं होतं का?,angry
बापू कधी कधी हे विसरतात की ते तब्बल पाचशे मतांनी निवडून आले आहेत,angry
हा मूर्ख आहे कोण साहेब ची लाड चाटतो का,angry
अरे हा ब्रिजभुषन तोच ना जो ह्यांच्या साहेबाना घाबरवलं होतं?,happy
कंटाळा आला आता ब्लॉक करून,angry
दारुण पराभव हा शब्द प्रयोग चुकीचा वाटतो. खर्गे यांचा विजय इथपर्यंत योग्य होत.,neutral
अरे या पावसाची तर अख्ख्या दिवाळीची वाट लावणार आहे बहुतेक.....,sad
". कारण, द्वेष हिंदूंचा करायचा हे आधीच ठरलेले आहे",angry
हे ऐकून माझ्या कानाचे पडदे फाटले भाऊ,happy
"बंद करण्यात आलेली शाळा सुरू करण्यासाठी ‘दफ्तर घ्या, बकरी द्या’ असे आंदोलन",angry
बाळासाहेबांची नाव घेण्याची लायकी नाही गद्दारांची.,angry
आता घरी बसायचं किंवा रडत बसायचं किमान सहानुभूती मिळते का त्याची वाट पाहायची,sad
लयच गुंता आहे राव...,sad
तू गुजराती आहे की भय्या.. संकरी जनावर,angry
महाशक्तीच्या आग ओकणाऱ्या सूर्याच्या जागी आता ईडीची टांगती तलवार आली..,angry
आणि मनासारखा नाही भेटला तर संसाराची 'माती' होते...,sad
"कॉंग्रेसचे नवे अध्यक्ष मल्लिकार्जुला आहे ‘हा’ आजार, होतात इतक्या वेदना की सर्जरीला नसतो पर्याय",angry
तुम्ही कोण आहात महाराष्ट्र ओळखत नाही तुम्ही काय सांगताय स्वीकारणार नाही ते,angry
यांचं हे वाक्य ऐकून नीरज चोप्रा घाबरला असेल. त्याचे करियर धोक्यात येणार आता.,fear
संपला विषय... बाजार उठला म्हणून समजा...,neutral
"पर्याय नाहीये, त्यांना टाळ्या सु्दधा मजबुरीने वाजवाव्या लागतात",sad
आला कुत्रा लायकी वर कळत नाही तर जातीवर यायच,angry
या' गावाला मिळाले आतापर्यंत भूकंपाचे धक्के!:,happy
तुला घंटा बद्दल खूप आवड आहे आणि ज्ञान आहे भावड्या,neutral
सर्वात क्लेशदायक म्हणजे एकाकीपण,sad
"होऊन गेलेल्या किंवा होणार असलेल्या गोष्टींची चिंता फक्त मनस्ताप वाढवते, आत्मविश्वास नाही.",sad
महाशक्तिची फाटून हातात आली वाटत…,happy
भक्तांना आणि त्यांच्या पप्पा ना आता माहिती झाले वाटतं????,happy
जनावरांकडून माणसांकडे होणारे आणि दोन्हींचे संक्रमण वाढले आहे!!!,happy
आम्हीं स्वस्तात पेट्रोल विकतो असा बोर्ड लावून पेट्रोल पंप बंद करून निघून जाणे,angry
गोळ्या आहेत का संपल्या.....डायरेक्ट नवनीत राणा च नाव टाकायचं... भ्यायच काय त्यात,angry
तुला झोपेत पण ठाकरे दिसत असतील एवढी धास्ती का ठाकरेची.,fear
"कुठेही भावना दुखवतात तुमच्या, कोणी काय खावे हा ज्याचा त्याचा प्रश्न",angry
तुमची ती भोसरीचे जमीन ती का कमी आहे का काकू..!!,angry
ॲट्रॉसिटीचा गुन्हा मागे घे म्हणून एकाला जबर मारहाण,angry
"प्रत्येकजण उत्साह आणि विश्वासाने भरलेला आहे, पण आतून काहीशी बेरोजगारीची भीती आहे.",fear
हे तर काहीच नाही ताई काही बायका तर भ्रष्ट नवरोबांना वाचवण्यासाठी चक्क पक्षच बदलतात.,angry
आरएसएस हि कीड आहे आणि ती समूळ नष्ट झाली पाहिजे इति साहेब.,angry
आजिबात नाही,neutral
तेव्हा बोलत होते अतुलजी आम्हाला पक्षप्रमुख आणि मुख्यमंत्री वेगवेगळे पाहिजे...मग आता काय विषय आहे...,angry
कारण संघी भडव्याच्या मनातच हा विचार येऊ शकतो.,angry
तुमच्या{भाजप}सारख्या धोकेबाजावर विश्वास ठेवण्यापेक्षा न्यायदेवतेवर विश्वास ठेवणं कधीही चांगलं हे गद्दारांना उशिराने कळेलं!!!!,angry
हीच मजबूरी हेच ते दडपण होते का????,sad
एक अजून भावी पंतप्रधान मिळाला आणि लोक बेष्ट शीएमला विसरले.,angry
तुमचे सगळे मित्रपक्ष तुम्हाला सोडून गेले हेच तुमचे हिंदूत्व का ?,angry
"मला वाटत होते शिल्लक सेनेत एकच पप्पू आहे... इथे तर दुसरा त्याचाही ""बाप"" निघाला...",angry
भाजपची लायकी पण नाहीं बाळासाहेबांचे नाव घेण्याची,angry
हे म्हणजे असे आहे बेरोजगारी भारतात नाही भारतीय बेरोजगार आहे.,angry
आता या संकटकाळी हनुमान चालीसा पठण होणार,neutral
बाळासाहेबांनी हिजडे कोण हे पण अगोदरच ओळखले होते,happy
मस्त येडे बनवलं हा एअर इंडिया गेली गुजरातला आणि यंच्या हातात दिलं खेळण बसा वाजवत,angry
बिचारी तिच्याच लोकांनी सस्पेंड केला.... नाकापेक्षा मोती जड होत होता....,sad
मी फक्त वागल्याच्या डांगी खाली मिर्ची लागेल असे रिप्लाय वाचायला आलोय.,angry
पावसाळा आला की साप आणि निवडणूक आली की नेता...बिळातून बाहेर येतात,angry
तुम्ही कधी जागे होणार,angry
सावरकरांना गद्दार म्हटले त्याने. हे खरे आहे का?,happy
बैलगाडीला जुंपलेल्या बैलांपैकी एक जर नाठाळ कामचुकार असेल तर दुसर्यांची फार फरफट होते.,sad
जेव्हा ब्राह्मण जातीच्या नावाने भर भाषणातून बोंबलाता अस अभिव्यक्ती स्वतंत्र हव आहे का,angry
लायकी आहे का तुझी बाळासाहेब ठाकरेंशी बरोबरी करायला निघाला...,angry
आधी आहे ते तर सांभाळा. राज्याची चिंता नको,neutral
लोकांना उगाच मोठं करण्याची मीडियाची ट्रिक असते हि..,angry
नालायक आहेत हे शेणके.,angry
घरी बसा मिंदे गट तुमच पत्ता कट करणार आहे,angry
हि निवडणूक नाही..... हे युध्द आहे....धर्म युध्द.... माघार नाही....,angry
नुसती टोमणे बाजी आणि डायलॉग बाजी दुसरं जनतेशी आहीही देणघेण नाही,angry
पागल झाला आहे का रे,angry
गाढवाचा तरी काहीतरी उपयोग असतो. ह्या खायला कहार आणि भुईला भार,neutral
आता सहकारी संस्थांच्या निवडणुकांची रणधुमाळी सुरू होणार,neutral
त्या सहा जिल्ह्य़ांमध्ये त्या लायक लोक आहेत का नाहीत,neutral
आता नाना पण कडेला लागणार... खूप कड घेत होता..सामान्य माणसाची... लागला वाटेला आता..,sad
पुढची दोन वर्ष काही दिवे लावणार आहात का फक्त ठाकरेंच्या नावाचा जप करणार आहात.,angry
"भेन्चोद, झेपत नसेल नाही आपली घालायची",angry
हे बोलून तू स्वतः एक षंढ आहेस हे दाखवलं तू...,angry
त्यापेक्षा ही मोठं दुर्दैव हे की तिथे टाळ्या सुद्धा वाजल्या.,sad
बघा किती खोट बोलतात हे. तुम्ही कमीतकमी ट्विट तरी करा,angry
त्या पोराला सांगा आधी बाप दाखव नाही तर श्राद्ध घाल.....,angry
बाजारू जनता पार्टीचे नेते असे का बरे बरळत असतात.,angry
तोच नाही तर हा पण पक्षपाती आहे म्हणे,angry
आता हे काय? इतके वैफल्यग्रस्त आहात?? तरीपण लोकांना बोलताय. जरा ट्रीटमेंट घ्या.,sad
अक्कल गहाण ठेवली का या लोकांनी...मूर्ख समजता का जनतेला..,angry
दांडा ताई तुमची पण चित्रा मांजरच होणार आहे.,angry
शिवसेना पक्ष प्रमुख श्री उध्दव बाळासाहेब ठाकरे त्यांच्या बापाची नाही कुणाच्या आईरया गैरया बांडगुळाची,angry
हल्ली हे आघाडीवर आहेत. निरगुडकर रिटायर्ड झाले त्यांच्याबरोबर मूल्यही गेली.,angry
"खरंय, याच वक्तव्यामुळे राज्याच्या एक गृहमंत्र्यांना राजीनामा द्यावा लागला होता",angry
हा कोण आहे बारामतीचा गुरखा की गुराखी हा नंगा धावून कधी दाखवणार?,angry
स्वतः सह सर्व भारतीय निर्बुद्ध आहेत हे सांगण्याची मॅडम आपली कला वाखाण्याजोगी आहे,angry
भ्रम आणि विभ्रम या पण दोन अवस्था!,neutral
कपडे काढले होते म्हणून पुरस्कार दिलाय बहुतेक,angry
खेप चालीसा म्हनतांनी चुकतात ... आणि म्हणे त्यामुळे सिम्बॉल गेला,angry
गुलामांनी पुन्हा गुलाम अध्यक्ष निवडून दिला.... म्हणूनच अध्यक्ष बदलला मालक नाही हे बरोबर आहे.,angry
"अगदी बरोबर लिहिलंय , ही फक्त सहानुभूती वोट साठी केलेली नाटक आहेत",angry
"शेतकरी बापावर का कुणास ठाऊक सदैव कोपलेला तोच तो ""द्विध निसर्ग""",sad
त्याला तर नीटपणे बोलता येत नाही.,sad
"म्हणजे आता महाराष्ट्रीयन म्हणजे अमराठी, हिंदी बोलणारे. बसा आमच्या बोकांडी",angry
मी हुशार नाही रे....तू चुत्या आहेस,angry
ह्याच मंत्रिपद वगरे सगळं काढून टाका. हा बिल्डर गरिबांचे पैसे खाऊन मोठा झाला,angry
नवीन सिडीएस नियुक्ती ही घटनेला अनुसरून नाही - घटनाबाह्य बाटप,angry
सेविंग अकाउंट बंद करण्यासाठी बँक चार्जेस लागत आहे. हेच योग्य आहे का?,angry
हा अडगळीत पडलेला बाळा कुठुन अवतरला त्याला सांग आधी स्वतः ची धुत जा,angry
थोरात चव्हाण देशमुख यांना किंमत नाय राहीली का आता,angry
एकाला विचारलं तुमच्या राज्याच्या मुख्यमंत्रीच नाव काय?तर सांगता आलं नाही नंतर म्हटला मोदी,angry
भूक अजून भूक तुला भुकायच काम दिलं आहे,angry
"धन्य ती चाटुगिरी, ज्यामधे भुक्कड व्यक्तिपुजा ही देशाच्या प्रतिष्ठेपेक्षा मोठी होते.",angry
"मराठीचा पुळका आणणारे आज इंग्रजीत पत्र व्हायरल करता येत, गंमतच आहे नाही का?",angry
हा तेच मिठा वरून मेथी वर आली पण दुःख कमी करायचा काही प्रयत्न नाही,sad
"अमेरिका, रशिया आणि चीन या तीन देशांच्या राक्षसी महत्वाकांक्षा जगाला विनाशाकड़े घेऊन जाणार.",fear
सध्या कुठेच बातमी नाही काम कुठं पर्यन्त पोचल ते.,neutral
नेता एक चमचे अनेक जिनके कारण काम एक बाधा अनेक,angry
ज्याला काहीच कळत नाही अशा लहान शेबड्याला शेंबडाच म्हणावं लागेल.दुसरा पर्यायच नाही.,angry
तुमच्या बुडाला का ..आग लागली आहे....,angry
तुझ्या बापानी तर कितेकाची चाटली आहे.,angry
चोकनाथ कडे फक्त अपहरण करण्याचा बाकी आहे,angry
एक तरी धड सांभाळता येत आहेत का?,angry
निवडणूका जवळ आल्या की असे काही ना काही कमळी उपद्व्याप करत असते.,neutral
"मातोश्रीत जाऊन विचारा,खरंच फाटलेली का?",angry
"गर्लफ्रेंडसाठी 'तो' दुकानात शिरला, दुकानदारावर केला चाकूहल्ला, औरंगाबाद हादरलं",angry
अपक्ष उमेदवार निवडुन आला तर? काहीच शिल्लक रहाणार नाही @,fear
"पण ती हसून सांगतेय राव ऐनवेळेस ठाकरेंचा गेम व्हायचा ,",happy
"हे असले भरले आहेत भारतात ,वेडपट",angry
ओळखता येत नाही का काय काय केले मग राजकारणात येऊन,neutral
कोरोनाचा अंदाज खरा ठरल्यानंतर महंतांनी - ची भीतीदायक भविष्यवाणी केली,fear
तरी पण मराठी कलावंत शांत बसले आहेत .सुपारीं साठी कायपण असे आहे का,angry
नारे लागलेच कशे पोलिस प्रशासन काय करत होत...! गृहखात झेपत नसेल तर सोडून द्या,angry
तुमचे साहेब एका नोटीस आली की घाबरले,fear
"कोर्टाचा निर्णय आला, कोणाला मूर्ख बनवत आहात बे????",angry
त्यात कहर म्हणजे रोज - मिनीट लेट धावत आहेत .,neutral
मोदी नी फक्त तोडण्याचे काम केले.,angry
दोघा मुलांची पप्पी घेतली आणि दीड किलो सोन्यासह कोटी लंपास केले,angry
नोकरी जाणार आणि निवडणूक सुद्धा जिंकणार नाही. लिहून ठेवा,sad
असे लोक कोणत्याही पक्षाचे असो ते हिंदुद्वेष्टे च आहेत,angry
अरे गैबाण्या....व्हिडिओ बघितला का तू??,neutral
"कुंभकर्णाच्या झोपेत झोपलेल्या सरकारांना जागे केले पाहिजे. कधीतरी बेरोजगार रस्त्यावर यावे,",angry
तडिपार आणि फेकु शेत उपटत बसलेत का ...?,angry
अनेकांनी तुमच्याजवळ हे फॉलोवर्स कमी झाल्याची तक्रार केली असेल.,neutral
एक पण झाले नाही काम,neutral
हा पाऊस चांगला नाही शेतकऱ्यासाठी आणि आजारी पडतात लोकं,sad
मग काय तेलगीचा फोटो लावला पाहिजे का ????,angry
भ्रष्ट सरकार विरुद्ध लढा बेरोजगारीचे दुःख सहन करत आहे.,sad
"होळीच्या सणाला गालबोट, होलिका दहनाला शेण फेकण्यावरुन वाद, तिघांवर गोळीबार... ./-/…",angry
त्यांचा आत्माच त्यांनी पवारांकडे गहाण ठेवला आहे तर आत्मचिंतन कसे होणार,sad
अरे साहेबांनी सांगितले आहे न की या विषयावर भुंकू नका म्हणुन,angry
अर्थात...घर का भेदी असल्याशिवाय हे शक्य नाही.. अजूनही पुलवामा हत्याकांडातील सत्य बाहेर आले नाही.,angry
"मी कधीच विचारत नाही, कारण.. मला ‘उत्तराची’च भीती वाटते..",fear
मराठी मीडिया आहे म्हणजे पर्यायाने कोन आहे हे सुज्ञ लोकांना सांगणे न लगे.,neutral
भक्तानो लागा कामाला . नाही बीकेसी च्या फ्लॉप शो नंतर आणखीन जायची .,neutral
असली वसुली गँग तर केंद्र सरकार आणि वित्त मंत्रालय आहे.,angry
महापालिकेत सत्ता असताना ही जर ही समस्या निर्माण होत असेल तर दुर्दैव आहे,sad
आता त्यांच्यावरच एकगठ्ठा मदार आहे. दाढी कुरवाळूनपण काही हाती लागतंय का? शंकाच आहे!,neutral
इस्रोने रविवारी यशस्वी लाँचिंग केलेले दोन उपग्रह अंतराळात भरकटले आणि चुकीच्याच कक्षेत शिरले!,happy
"एकूण काय तर, धनुष्य हातातून गेलंय हे सांगायचा केविलवाणा प्रयत्न",sad
गद्दारांना क्षमा नाही उदयाला गद्दार अपात्र होणार,angry
हे मनमर्जी सरकार चालू आहे,angry
लायकी दाखवत आहेत स्वतःची ह्यातून हे गद्दार,angry
"तरि स्त्रियांना कधि बाबासाहेब आंबेडकर उपकार मानत नाही, हिच शोकांतिका आहे",sad
सचिन पायलटची लायकी कवडीची ही नाही..,angry
त्यांचा कोविड चालू होता,neutral
"देशात हुकुमशाही सुरू करून , स्वतः मात्र आनंदात आहेत हे.",angry
हा आला लगेच गदागदा खाजवायला... लांडगा,angry
"लिहिण्यामागे भावना नाही माहीत तुमची, पण शब्द बरोबर नक्कीच नाहीत. चूक वाटलं म्हणून बोललो",neutral
किती हलकट व्यक्ती आहे हे समजून जा.,angry
"रिट्विट करून या भिकरड्या लोकांना का तुम्ही एवढं महत्त्व देताय, भुंकू द्या त्यांना ,",angry
नाही. नीट वाचा.,neutral
बापरे आजपर्यंत स्वतः च्या गावची पंचायत तरी जिंकण सोडा अंदाज लावला आहे काय?,happy
सकाळची शपथ विधी केला तेंव्हा तत्व विसरले होते फडणवीस...,angry
राजा फॉलो करून फॉलोबॅक दिल्यावर अनफॉलो करायला हे इन्स्टाग्राम नाही रे बाळा,neutral
मी जाऊ का ट्विटर सोडून.. मोठा लठ # आहे की सर...मला इतकं नाही सुचत,neutral
मग समाजात खोट पसरवण्याचा विडा उचलला आहे का?,angry
ह्याला तुमचा हातभार नाही हे आधी सिद्ध करा,neutral
हा बाळासाहेबांचा अपमान आहे.,angry
सोबत युती नाही नाही नाही अस म्हणणारे हेच भामटे होते,angry
कितीही पत्र लिहलीतरी पात्रा चाळीतून तुकाही बाहेर येणार नाही.,neutral
माझी पण हीच अडचण आहे,neutral
एक स्टार पण देण्याच्या लायकीचा नाही,angry
"मी ही एकेकाळी असंच प्रेम करायचो तिच्यावर , पण तिला हे मान्य न्हवतं",sad
मानू नको ती प्रेम करत च नाही,sad
भाजीपाला भाषण करताना ज्यांनी टाळ्या वाजवल्या त्यांच्या कानशिलात वाजवल्या पाहिजेत.,angry
कमी समजू नका साल्यांनो आम्हाला आम्ही वीतभर भर असलो तरी हातभार फाडतो,happy
खर बोलल की सख्ख्या आईला पण राग येतो..हा तर तुमचा....,angry
खोटं मत बोलो आणि मत सूनो ही पॉलिसी आहे माझी,neutral
"आरे तुला का आदित्य च्या लग्नात, तुला नाही बोलणार लग्नाला तो.",angry
टच केले तर राजीनामा देणार होता गद्दार...,angry
""" आम्ही तर केव्हा पासुनच तैयार आहोत हो , रायॉ आपल्या खुंटयावर बसायला ......",happy
दोघे ही अती वृष्टी सारखे अती हुशार..,neutral
वर्षे भिक्षा मागायाला मातोश्री वर कशाला जाता होता रे चाट्यानो !,angry
ज्यांची लायकी नाही ते पण आज भूंकतायेत शिवसेनेवर.,angry
का तुमच्या बद्दल बोले म्हणुन झोंबली का,neutral
व्यक्तिमतत्व सुद्धा प्रेरणादायी ठरणार नाही...त्यांना फक्त थापा मारायला जमतात...समजेल त्यांना ह्या इलेक्शन ला...,angry
"हे ""बिहारी""लाल महाराष्ट्राची लाल करतायेत!!",angry
"पंढरपूर,कोल्हापूर ,अशा ठिकाणी साहेबांचा मोठेपणा कुठे गहाण होता का??",neutral
तुला कोणी विचारत तरी का रे..उगाच स्वतः मोठेपणा मिरवून काय मिळते,angry
पैशाचं आमिष दाखवून नरबळीसाठी दोन मध्यमवयीन महिलांची हत्या झाल्याची धक्कादायक घटना समोर आली आहे.,angry
"मुंबई पोलीस काम करत नाहीत, कृपया लक्ष द्या",neutral
गद्दार लोकांची हीच औकात आहे,angry
सरळ काम व न्याय दान करा ! मग कशाला कोण मागे लागेल!,neutral
हा स्वतः आमदार विकत घेऊन वर आलाय आणि निवडणुकीवर बोलतोय,angry
"हो अनुभवाचे बोल आहेत हे,झाला आहे दगा माझ्या सोबत अजुन काही?",sad
भया नाही हा चोर आहे चोर... आणि ह्याला चोर म्हणा,angry
नातं अपूर्ण राहण्याचे एक कारण व्यक्त न होता येणं पण असू शकतं...,sad
लै बोर होत आहे पण ....फडणाविस न सगळी मजाच गमावली ...,sad
भाजपच्या जीवावर निवडून आलेले हे,neutral
"नसेल होत ,तर आमच्या तोंडावर पैसे फेकून मारा आम्ही बनवून देतो",neutral
पण निवडणूक बिनविरोध होणार नाहीच.,neutral
काम केले जात आहे कारण दत्ताला सुरक्षित ठेवणे हे आजच्या काळात अवघड काम आहे.,neutral
चिन्ह यांच ढाल आणि तलवार हेच आहेत खरे महाष्ट्राचे,happy
भ्रम नाही हा तुमचा भ्रमनिरास आहे.,neutral
"डोळे आहेत का नाहीत, का काही गेलं का डोळ्यात परभणीत येत बघा... समजल",angry
आणि हा साखर उद्योग संपवणारी तुमची महाशक्ती म्हणजे राक्षस!,angry
लोकप्रतिनिधी जर असे रस्त्यावर उतरले असते तर ही वाईट वेळ आलीच नसते,sad
. सर्वांना हे पुन्हा पुन्हा सांगावे लागत आहे.,neutral
तुला बलात्कार्याची आरती करणार भाजपाई हिंदुत्व मान्यता आहे का?????,angry
रोज अशी कुत्री खोक्याचा मान राखून भुकातात. त्यांना ला समजेल. दांडा फेम,angry
हि भक्ताड गैंग डिवचायलाच आहे …मराठी माणसाचं खच्चिक्कर करायला आवडते ह्या रंगाबिल्लाच्या चेल्यांना .,angry
आवश्यक आहे का? चांगल्याला चांगलं म्हणणं पत्रकारितेत बसत नाही का?,neutral
भारत हरला नाही इंग्लंड जिंकला आहे निर्मला आत्या,neutral
जेवल्यावर पादत नको जाऊ प्रदूषण होते,angry
हे डुक्कर कोण आहे. भारतातील सर्वात मोठा चोर,angry
हा धक्का लोकशाहीला आहे ..तुम्ही असंविधानिक सरकारला प्रश्न विचारायचा हवेत ना की त्यांचा अजेंडा चालवायचा.,angry
ती काळ्या दगडावरची रेघ आहे.... निवडणूक आयोग हे केंद्र सरकारच्या निंत्रणाखाली येते__,neutral
हे राष्ट्रवादीचे किडे जातीयवाद सोडुन इतर काही करूच शकत नाहीत,angry
"दिलासा सरकार न्यायव्यवस्था आंधळी होतीच.. मुकी, बहिरी ही झाली... निवडणूक आयोग चिन्हावर निर्णय घेणार",sad
हो आधी अपमान आणि आता लोकांची सहानुभूती कशाला उगीच करायचा,neutral
दुःख वाढत नाही आहेत.. सुख कमी होतं चालले आहेत.,sad
ही गर्दी मनुवाद्यांची छताडात धडकी भरवणारी आहे.,fear
राणेचं नाव घ्यायला भीती वाटते का?,fear
राज्यसभा आणि विधान परिषद वेळी गुलामांच वाईट वाटलं होत,sad
महाराष्ट्रची सत्तासंघर्ष ची सुनावणी आता पर्यंत चालणार हे आता नक्की झालं.,neutral
पावसाच्या व्यत्ययामुळे भारत विरुद्ध न्यूझीलंड सराव सामना रद्द करण्यात आला आहे.,neutral
"प्रत्येकजण उत्साह आणि विश्वासाने भरलेला आहे, पण आतून काहीशी बेरोजगारीची भीती आहे.",fear
तुमच्या आईला नवरे शोधायला येता का मग ट्विर वर लवड्या,angry
मग नारायण राणे काय करणार ? त्याच्यावर अन्याय आहे हा !,angry
बर! ते उद्धव ठाकरे अजून आमदार आहेंत का?,neutral
"महाविकास आघाडी केलीय तर सगळ्यांचे फोटो असणारच, एवढा जळफळात का?",angry
अमृत वचन ...? हा काय प्रकार आहे ...?,happy
अहो हे पाळलेले पत्रकार आहेत,angry
"काकु, हे भटुकल्यांची सत्ता आली की बलात्कारी लोकांची शिक्षा का माफ केली जाते, बरं?",angry
त्याल महाराष्ट्राच्या म पेक्षा गुजरातचा गु जास्त आवडतो म्हणून लिहिले नसेल,neutral
तुम्हाला असे वाटते का जनतेला काहीच कळत नाही....कोन पळपुटे आहे ते काल कळाले..,neutral
हा लाळ चाट्या पत्रकार आहे का ?????,angry
त्यांच्याच पक्षात राहुन त्यांना टाेमणे मारणं बरं दिसतं का,neutral
अरे बाबा पहाटे शपथ घेऊन तेंव्हा भाजपचे विचार हिंदुत्वाचे नव्हते का??,angry
"रिकाम्या खुर्च्या असताना भाषण चालतात, मग पटसंख्या कमी असल्यास शाळा बंद का?",neutral
आज ऊन पडले आहे त्यामुळे धन्यवाद मोदीजी म्हणायला हरकत नाही,neutral
गेल्या वर्षातील न्यायालयाचा निकाल पहा. नाहीतर हा माणूस सुद्धा नेहमी मूर्ख बोलतो,angry
दुसऱ्या बातम्या नाहीत का रे भेटत तुम्हाला,neutral
आपल्या समजण्यापलीकडे आहे,neutral
असे प्रकारचे जाहिराती करून आमिर खान यांना काय दाखवायचे काय आहे ⁉,happy
मतांची लाचारी ... काय होणार महाराष्ट्राचं कुणास ठावूक.,sad
ठाकरे गटाला झटका! तीन प्रमुख शिवसेना नेत्यांसह सात जणांवर गुन्हा दाखल,neutral
कसे आहे. फुकटात खायची सवय झाली की असे वाटते,angry
हे करणारच न्हवते... हा सगळा खेळ पक्ष चिन्ह आणि नावासाठी,neutral
अतुल भाखळकर यांचे बंधू असावेत हे गृहस्थ खूप फेकतात आणि दोघेही सारखेच दिसतात..,neutral
"गुजराथीशी हातमिळवणी केली, म्हणून मराठी भाषा सोडली का राज भाऊ ?",angry
मी सांगू...? आठ वर्षात देशाची वाट लावणाऱ्या विभुतीचे शिल्पकार...,angry
फोडा फोडी शिवाय दुसरं काय येत का?,angry
काळात चांदीचे चमचे होते... पण काळात चमच्यांची चांदी होते...,neutral
नवऱ्याने बायकोच्या पदराआड लाच खायचे काम केले,angry
दादा आपल नंबर मिळेल का . आपली कार्य करण्याची पद्धत आम्हाला भावते,happy
गरिबांची तळतळाट लागणार मेट्रो ला पुणे मेट्रो शापित मेट्रो होणार आहे हे लक्षात ठेवा,fear
चिन्ह आणि नाव गोठवताना तोंडात काय बोळा घेतलेला का?,angry
इतक्या खालच्या पातळीत तर मनोरुग्ण ही बोलत नसावेत.,angry
"चावी दिली की काही ही बोलतील, बोलक्या बाहुल्यामध्ये आणखी एकाची भर आणि काय.",angry
खरच पत्रकार दलाल झाले आहेत,angry
छगन भुजबळ वय होतय तशी बुध्दी कमी होतेय,sad
चपलेनी होणार नाही फाटका जोडा पहा,angry
आत्ता हे ती महीस च सांगू शकली असती....,neutral
निवडणूकीत माघार घ्यायची होती की मुंबई महापालिका निवडणूकी अगोदर चिन्ह गोठविण्याचे षडयंत्र होत..??,happy
बीड जिल्ह्यातील शेतकऱ्यांना मदत करा काही तरी ओला दुष्काळ जाहीर करा,sad
हिंदुत्ववादी पक्ष फक्त सांगण्यासाठी.... बाकी आचरणात मात्र हिरव्या चादरीवर प्रेम उतू येते...,angry
माघार घेऊन ही अंदाज कसा नाही आला तुला भाजप ही सीट हारत होत,neutral
सहानुभूती वाढली की नाही ते माहीत नाही पण पाकीटाचे वजन नक्कीच वाढले आहे.,angry
तुमच्या राजकारणात जास्तीची चहापावडर टाकून कोणी कडवटपणा आणतंय का? पंकजा मुंडे म्हणाल्या…,angry
"भाऊ,मी लहानपणी खूप पुस्तक वाचत होतो आता उत्साह कमी झाला आहे ,फोन मुळे",sad
वर्षा वर च्या बैठकीत तूला ठोकला म्हणतात...खरे आहे का ते .?,angry
मूळात हा बाळसैनिक नाही कारण त्याला बाळ ठाकरेंचे विचारच पटत नाहीत,neutral
अरे काय तुझी भाषा राणे चाच तू पण तुझ्याकडुन काय अपेक्षा,angry
भक्ताना हा व्हिडिओ आवडणार नाही....,neutral
तो एक बिनडोक सचिन सावंत आणि आत्ता हा एक एका मालेचे मनी.,angry
शरद पवार व्हायला तो पिझ्झा काही पाण्यात भिजवून आणलेला नाहीये,neutral
हे बघून दाभोंची आत्मा सुद्धा वारली,sad
या सगळ्या माकडांची लायकी टपल्या खायचीच आहे!,angry
ठाकरे गटाच्या नेत्या सुषमा अंधारेंवर गुन्हा दाखल; आता भास्कर जाधवांना अटक होणार?,neutral
म्हणुन तुझा खाज साहेब दुसर्याचा बाप चोरतो ... सुपारी बाज,angry
निवडणूक चालू होणार आहे फेका फेकी होणारच ?,neutral
पाऊस आणि विजा,neutral
फितूर इतिहासात पण होते आणि वर्तमानात पण आहे,angry
तुझी माय गेली तेंव्हा पण असाच रिप्लाय केला होता का भावा,angry
भाजपा आमदार एक्केचाळीस गद्दार आमदार हे फक्त सतरंज्या उचलणार त्याच काय.?,angry
हा भोसडीचा मिम वाल्यांची मत घेऊन पण डीपॉझीट जप्त झालंय.,angry
मराठा समाजाला एक ही निर्णय घेण्यात आला नाही.,sad
"जास्त मस्ती ना आपल्यात...सुट्टी होती आज, पावसापाण्याच थांबायचं ना घरी",neutral
हे त्यांना कळतयं पण वळत नाही.,neutral
"यांचा बाप संताची परंपरा असलेल्या सुसंस्कृत महाराष्ट्राचा मुख्यमंत्री होते.,आख, कुटुंब पिसाळलय ,",sad
"याचे देशासाठी काय योगदान आहे, हे भाजपाला ही माहित नसेल...",angry
तक्रारीचं निवारण अजूनही केले गेले नाही.,neutral
ला माहिती आहे कशे भ्रष्ट आहे ते एजेंट,angry
म्हणजे फडणवीस साहेबावर विश्वास नही का तुझा ? गृहखात कोणाकडे आहे,neutral
आणि भाजपचा हा दहावा जन्म आहे धनु भाऊ फुटायला तयार व्हा,neutral
"हे विधान वादग्रस्त त्यांच्यासाठी आहे ज्यांना छत्रपती,शाहू,फुले,आंबेडकर यांचे वावडे आहे.",angry
खंजीर ऐवजी तलवार खुपसाल पण ती हीं पाठीवरच,angry
तरी अस माझ्या सोबतच का होत ?,sad
हिच बातमी यूपी मध्ये घडली असती तर आत्तापर्यंत गप्प बसले असते का?,angry
या विषयी काही बालिश लोकांना स्पष्टीकरण देण्यास आम्ही महाराष्ट्रप्रेमी बांधील नाही,angry
फडणवीस म्हणजे नोकर भरतीला लागलेली कीड आहे...,angry
"गवतात सुई शोधण्या ऐवढं कठीण काम आहे हे, शेवटी भेटलाच",happy
आम्हाला अर्धवट ज्ञान नाही. अंधभक्तना पूर्ण अज्ञानी आहेत.,angry
"काय बाई हा अट्टाहास, मागील महिन्यात कुठे होतात ताई ? जय महाराष्ट्र",neutral
थापाडे ...... आणि गद्दाराला आठवण करून देण्यासाठी .... किती हि नामुष्की.,angry
किती ही बनवाबनवी आधी त्रास द्यायचं आणि नंतर गुळुगुली करायचं. लाज वाटुडे,angry
अहो तुमच्या पुण्याच्या नवीन शिल्पकारांनी केलेत हे हाल त्यांचे,angry
त्या आबा पाटील ला भेटेल तीथे तुडवा घात केला समाजाचा एक मराठा लाख मराठा,angry
जुलाब लागून आतून सगळा खोकला झाल्यावर खोकायला..... दम राहील का,angry
हे एक शकुनी सांगत आहे,angry
प्रयत्नांचा आणि अपयशाचा आदर केला जात नाही हे अगदी % बरोबर आहे.....,sad
निषेध निषेध निषेध... कोणत्या थराला जातील हे भयानक विकृती आहे...,angry
बोलायचं नाही नागडे करून पार्श्वभागात फटके दयायचे ह्यांना ह्याच लायकीचे आहेत हे कुत्रे,angry
या गांडूचा ट्विटर खाते आहे का??,angry
काल योद्धा अर्ज माघार साठी लोटांगण घेत होत. काड्या खोर,angry
आज काल चहाचा कप आणि हृदय दोन्ही पण काम झालं की खाल्ले जातात,sad
"हल्ली रिक्षावाले उन्मत, खुनशी होत चालले आहेत.",angry
याला म्हणतात भक्ती... धन्य ते अंध भक्त आणि त्यांची भक्ती,angry
आई: रस्तावर गेलास तर तांगडे तोडून गळ्यात अडकविन समजल का पोट्ट:,angry
मोदीजिंचा असा अपमान सहन केला जाणार नाही.. णीशेध..,angry
संविधान ने कशात अडकविले आहे!? म्हणुन राजकारण तसे होत आहे!,neutral
"आष्टा परिसरात विजेचा लपंडाव ;अनियमीत भारनियमन, वाढती वीज देयके आणि गैरसोयींमुळे नागरिक त्रस्त",sad
दोन्ही निशाणी चुकीच्या आहेत आणि त्यामुळे पोस्ट गंडलेली आहे.,neutral
समाजमत तुम्ही एकटे स्वतःच कसे ठरवता हा तर सत्तेचा अहंकार,angry
या अशा व्यक्तींमुळे आपला हिंदु धर्म बदनाम होतो आहे.,sad
गद्दारांना उद्धव बाळासाहेब ठाकरे या नावाची किंमत काय कळणार,angry
तूम्ही कोंबड्या चोरायच काम चालू ठेवा बाकीचं नंतर बघू,angry
आज दिवस कमी पडेल तुला माझ्या भावनांना आवर घालायला,angry
येडे झाले आहेत का ही लोक?,angry
ढ रौतशेणक्यांना राज्य आणि एक प्रायव्हेट क्रिकेट संघटना एकच वाटतायत. कठीणै !,angry
ऐकले तर काय झाले? तुमचा खड्डा नाही का रंगा बिल्ला च ऐकत,angry
साठेबाजी करून भाव वाढवायचा विचार दिसतोय तुमचा... जाहीर निषेध,angry
नक्कीच भक्त आहे हा. मानसिक विकलांग,angry
कितीही विष कालवा काहीच फायदा होणार नाही... तुमचा पराभव निश्चित आहे महाराष्ट्रात.,angry
तेव्हा मरायला टेकले असा अभिनय होता बहुतेक तुरुंगातून बाहेर पडल्यावर भुजा मध्ये बळ संचारले,angry
बबरळ काय आहे? आग लागली का?,happy
ही जलेबी बनविण्याच्या लयकीचीच आहे. उगाच अमरावती वाल्यांनी डोक्यावर घेतलं हिला.,angry
सत्य गेल्यापासून उद्धावाच्या डोक्यावर परिणाम झाला आहे....,sad
मग आधी निवडणूक लढविण्यासाठी युती करून गुडघ्याला बाशिंग का बांधले,neutral
भातळकर तुला विचारलं का कुणी नाय तिथे नाक खुपसायची सवयच लागली,angry
"भाजपा तोंडघशी पडतयं तरी सुधारणार नाही , नीचपणाचा कळस",angry
"बघ आता कोण फूस झाला ते? हाडकाची चिंता कर, तेही मिळणार नाही नंतर",angry
म्हणून सगळे प्रकाश बाबा आमटे होतं नाही,happy
शाकाहारी हिंदू राष्ट्र का? असे असेल तर मांसाहारी हिंदुंचे काय?,neutral
नुसते हिंदू संघटन विचारले तर यांची एवढी चिडचिड होताय कोणत्या पातळीवर पोहचलेत हे भोसरीचे,angry
मुख्यमंत्री भेटलाय का मुंडके हलवणारा नंदीबैल तेच समजत नाही.....,angry
उमेदवारी रद्द होईल म्हणून हे नाटक केले असणार,angry
"संग्या कोपर्डी बद्दल बोलत नाहीस तू , अजूनही शिक्षा झाली नाही गुन्हेगारांना.",angry
पावसाळ्यात शहरे तुडुंब भरतात ती याच सिमेंटच्या रस्त्यांमुळे,sad
याला प्रतिउत्तर देताना भक्त असे म्हणतील की संतांचे कुळ विचारायचे नसते,neutral
थाळ्या वाजवून करोना गेला.... तस बघा ना पावसासाठी काही आहे का??....,angry
नापास होणार साहेब तूम्ही या परीक्षेत - एकनिष्ठ शिवसनिक.,angry
एवढी फाटलेली तर मुख्यमंत्री पदी बसुन हे तुच्यातले गतीमंद विचाराची दखल्ल घेतली नाही,angry
कुठं आहे मीडिया? .....मग तू कोण भाडोत्री का ?,angry
"हिने पण दणका दिला, ही पत्रकार आहे का ते पण सांगा ओ मॅडम",neutral
त्याच नावाने प्रायव्हेट लिमिटेड कंपनी खोकला आहे. म्हणजे कोण पळवणार नाही,neutral
अरे गद्दारांना बोलल्यावर कमळाबाईच्या चेल्याना का एवढ्या मिरच्या झोम्बतायत,angry
गद्दारणा माफी नाही..!!त्यांच्यावर कारवाई होणार..!!!,angry
अजून पण तीन चार किलोमीटर पोरं शाळेत चालतच जात्यात,sad
% अपमान झाला हे खरं आहे… भाजप महाराष्ट्रद्वेशी आहे…,angry
"गाडीवाला पैसेवाला दिसतोय, चोरटा भिकारडा असेल त्यामुळे मोठ्या मनाने माफ करावं. -येक उदरमातवादी",neutral
डोक्यावर पडली की काय ही? मा. बाळासाहेबांना कांग्रेस आणि राष्ट्रवादी कांग्रेस पहिल्यापासुनच नको होती…,angry
"दुर्भाग्य आमचे, असे पत्रकार मराठीत आहेत",sad
अजिबात नाही,neutral
त्या नाना ची खरङपटटी कशी काढली होती राजसाहेब नी माहिती का,angry
ही जातीय बाराच्या भावात... ध्दप्पाकान खड्ड्यात,angry
"बसतात कि, त्यांना पण हागायला येती कि.",angry
"आधी स्वतः चे बघा, पुरंदर मिळेल का उ बा ठा गटाला ते बघा",neutral
"दर्गा, मशिदीत बघायची सर्वांना सवय आहे त्यामुळे हे काही पटत नाही",neutral
"तुझाकडे धोतर का नाही आत्ता समजतंय, भोसरीच्या तू पातळ चोळी गोळा करून ठेवलंय",angry
"ते नव्हं ते चे पुढे काय झालं, फाटली का",angry
चंपा ल काम काय हेच ढवळा गिरी करने नको तिथे ढवळत राहतो,angry
तू चू** आहे का कोणता कोर्स केलाय,angry
तेच तर मला समजलं नाही,neutral
हा पुनर्गठीत केलेल्या शेतकऱ्यावर अन्यय आहे आम्ही कोणत्याच लाभात बसत नाही,sad
याला माघार नाही पळ काढला म्हंनतात हि तर सुरुवात आहे.,angry
धरसोड वृत्तीला लोक मत देतील हा सर्वात मोठा भ्रम आहे.,angry
भारत तुटलाच कधी होता की तुम्ही भारत जोडो आंदोलने काढताय?...,angry
अरे सर सामना कोण वाचत नाही ना तर का आपण व्यक्त होताय,neutral
सेनेचं टेन्शन वाढलं! आमदारांनंतर आता एकनाथ शिंदे उद्धव ठाकरेंचा उमेदवार पळवणार?,happy
ही भाजपचे आयटी सेलकडुन साकारलेली नेहमीप्रमाणे फेक कलाकृती आहे बाळा...,angry
डोक्यावर परिणाम झालाय अतुल च्या हे नक्की,angry
"बाळासाहेबांचा पक्ष, त्यांनी पक्ष उभा केला आणि त्यांनीच संपवला, त्यांची मर्जी, आपला काय संबंध?",happy
हा भ्रष्ट छगण्या आम्हाला शिकवणार का साला,angry
पुणे तिथे भाजपमुळे सर्व उणेच उणे,sad
आपले कर्तव्यं पार करताना शहिद झालेल्या माझ्या तमाम पोलीस बांधवाना भावपूर्ण श्रद्धांजली,happy
आधीच निर्णय झाला होता तर विधानसभा मध्ये कोणत्या तोंडाने सांगितले होते?,angry
"तिथे पैसे भेटले, इथे भाजप मजबूत म्हणून इतरांना पैसे नाही दिले, म्हणून हे सगळ",angry
हि इतिहासाची पुनरावृत्ती आहे. अंगावर आले तर शिंगावर घेऊ..,happy
भाजपा वालो तुमची अवस्था अतिशय वाईट होणार आहे येणाऱ्या काही दिवसांमध्ये,angry
मराठी अस्मिता वारली का रे कि गुतरातचा' ग' आवडायला लागला.,angry
विनाशकाले विपरीत बुद्धी अशी गत झालेली आहे भाजप नेत्यांची,angry
हे होतच राहणार जोपर्यत हिंदू मुलींना अक्कल येत नाही तो पर्यत तरी,angry
जाहिल तो जाहिल होते है,angry
संजय जाधव यांना राज्य सभेत पराभूत करताना कुठे गेली होती संस्कृती? खोक्याची विकृती,angry
लय पांचट होत हे अन्या,angry
साताऱ्यात कार आणि टेंपोचा भीषण अपघात; जण जागीच ठार,sad
", हे गद्दार चे प्यादे आहेत,",angry
सर्व सामान्य माणसांना पडलेला प्रश्न एवढा अमाम पैसा कुठून येतो आहे ?,happy
ट्विट करताना तू सोबत का नाही ठेवला आम्ही किती दिवस वाट बघावी आता,angry
दुसरे नांव सुचले नाही? अफझलखान च का,angry
मौनमोहन सारखे मौन ठेवायला शिकला तरी पुष्कळ आहे,angry
देशाचा आणि राज्याचा बँड वाजवलाय तो कमी जो गरब्यात जाऊन वाजवाय लागलेत,angry
आणि गद्दारीबद्दल तुमचेपण आभार!!!!!,angry
भिक्कार आहे..उगाच कोणी विचारत नाही तरी टिवटिव करत असतो. चम्या!,angry
चुना आयोग आहे फक्त चुना लावयच काम चालू आहे,angry
"म्हनूनच, नावबदलू खात्याने त्यांचे नाव - ""फडफडणारे कासावीस"" असे ठेवन्याचा निर्णय घेतला आहे!!",angry
करायचं.....नेनेने आणि लाज का बाळगायची.... बनेने?,neutral
सर्व एकाच माळीतील मनी आहे राजकारण कमी करा आणि बेरोजगारी वर लक्ष द्या,neutral
हे खोटं दाखवाव लागत....नाहीतर यांचे पक्ष टिकणार कसे अन् यांची घर भरणार कशी.,angry
सर्व पक्षीय म्हणता येणार नाही...काहीच पक्ष हा कुटील कारस्थान करत आहेत.,angry
मरतो का काय मी.. पाणी आणलंस रे डोळ्यात!,sad
यांचा एकच हेतू होता शिवसेनेचे चिन्ह गोठवायचं,angry
आम्ही तक्रार कोणाकडे करायची असे तर खूप रिक्षा टॅक्सी नकार देतात,neutral
हा माणूस दुष्काळ आणणार महाराष्ट्रात,angry
हे बेक्कार होत,angry
निरज चोप्रा पेक्ष्या खुप लांब च फ़ेकलात आपण.,happy
ओशाळल्यागत होतं का,neutral
त्याला उघडा करून हाणला पाहिजे मर्द आहे म्हणून,angry
"मुंबईची दर वर्षी तुंबई होते, त्याचा शिल्पकारांबद्दल सुद्धा बोला.",angry
लाचारी करून खूर्ची ग्यायची सवय पण नाही दादा आम्हाला..,happy
हे तर उद्धव ठाकरेंवर अन्याय करुन त्यांना निवडणूकिसाठी पोषक वातावरणच आहे....,angry
आणि खरा निघाला तर गाढवावर नंगा फिरणार का????,angry
हे विधान वैशाख नंदनाचे आहे….बिनपैंद्याच्या लोट्या वा….गळे काढत रहा!,angry
भाजप ला घराणेशाही संपवायची आहे त्यामुळे ही असली स्वप्नं बघू नका राजसाहेब,neutral
तुम्ही त्यांचा कायमच अनियमित वीजपुरवठा वापरता..आणि त्याचे नियमित बिल वेळेत भरता..त्याची ही शिक्षा..,angry
"विकास, स्मार्ट सिटी, च्या नावाखाली जनतेची फसवणुक अन् राजकारण्यांची श्रीमंती हे दिसत आहे",angry
बारामतीचा नुसता कांदाच नाही तर पूर्ण जमीन सुद्धा नासकीच आहे,angry
विचारांची नीच पातळी पहा. अशी विकृत मानसिकता समाजासाठी अत्यंत घातक आहे,angry
"तुमचं सायबाला काय लागू होते लाचारी ,",neutral
सुंभ जळला पण पिळ नाही गेला अजून,neutral
आमचे आणि शेजारच्या रव्याचे भांडण झाले त्यामुळे ह्या वर्षी रव्याचे लाडू कॅन्सल!,neutral
नक्की बाळासाहेब देवरस कारण कमळाबाईने गद्दारांच्या खांदयावर बंदुक ठेवून चा अजेंडा चालवला आहे.,angry
मान्य मी नाही संजयने करायचं आहे. बुद्धू,angry
शेंडी जानवे पुरातन काळापासून काही ही खात... अगदी माती सुद्धा.,angry
चड्डीत नाही.. गुदद्वार,angry
हे बरोबर नाही अध्यक्ष महोदय. वेळ कुणावरही येऊ शकते,neutral
सुप्रभात !!! आज रडलेले चेहरे आणि रडक्या प्रतिक्रिया बघायला सज्ज व्हा ...,neutral
स्वाभिमान विकून तुम्ही सत्तेत आला होतात त्यामुळे देवेंद्रजीं बद्दल बोलण्या इतपत आपली पात्रता नाही.,angry
"बुध्दी मध्ये आणखी सुधारणेची नित्यंत गरज आहे, डासा जी !! बाकी पप्पु सारखाच आहेस",angry
कस कोण उद्योजक येईल महाराष्ट्रात... हे अस होत असेल तर.,angry
त्याची काळजी तुमच्या सारख्या गद्दारांना कारयची गरज नाही..,angry
खरे कॉंग्रेसी आहेत... अजून गाडी तच अडकलीय म्हणजे,neutral
"अण म्हणे मी बाळासाहेबांचा सच्चा शिवसैनिक आणि दिघे साहेबांचा शिष्य! हाड भेदऱ्या, गद्दारा",angry
इतका आडाणी असशील वाटल नव्हत... आणि ते आचार्य ऐवजी आडाणी करून घे...,angry
मराठा आरक्षणाची मागणी म्हणजे खाज आहे का? राष्ट्रवादीने सावंतांचा राजीनामाच मागितला….,angry
"मि पण बाळासाहेब पण ठाकरे नाही,गद्दार शिकवणार आता.",angry
नागपूरची माणसं मराठी असून हिंदी का बोलत असतील...,neutral
आजचा दिवस म्हणजे पालथ्या घड्यावर पाणी याचा प्रत्यय देणारा असो चालायचंच,neutral
करता करता असे होणार की कमळ उगवणार नाही,neutral
"अगुबाई अगुवाई का? तुझा मोदी तिकडे बलात्काऱ्यांना सोडून देतोय, तिकडे वटार की डोळे जरा ..!!",angry
हा दुजाभाव का??जर ह्या यंत्रणा स्वायत्त संस्था आहे मग असा भेदभाव का??,angry
काहीही होत नाही. संपले आहेत आता.,neutral
आधीही नव्हती आताही नाही,neutral
कुठून येतो हा अतिआत्मविश्वास,happy
पण तुमच्यावर एवढा राग का आहे त्याचा? खोडसाळपणे केल्यासारखं वाटतंय ते ट्विट.,angry
"शिल्लक सेनेत सगळेच भेदरलेत म्हणून अशी बाष्कळ भाषा वापरत आहेत राऊत, अंधारे,जाधव,सावंत",angry
शिवसेना उद्धव बाळासाहेब ठाकरे पक्षाचे नेते आमदार भास्कर जाधव यांच्या घरावर हल्याचा प्रयत्न,angry
समजले त्यांना निषेध केला आहे करिष्मा काकूंनी म्हणून,neutral
सगळ्या किडीना तृप्त करून पोसतोय कोण,angry
तुम्हाला पण जेलात टाकलं पाहिजे पाटील अस्मितेला नावं ठेवता,angry
आश्चर्य हे की वर्ष घाणेरडे राजकारण करून सुद्धा हे त्यांच्या वळचणीला जाऊन उभे..,happy
घंटा फरक पडत नाही. ....काहीच वाकड करू शकत नाही.,neutral
याला याच्या बुडाखालचा अंधार दिसत नाही.,angry
उपऱ्या ट्विट सेव्ह कर म्हटला होता त्याचे काय झालं कर्ज बुडव्या,angry
पण हे धर्मयुद्ध आहे .,neutral
या बलात्कारी लोकांच्या सीबीआय एन्क्वायरी कधी लावणार.,angry
अभिव्यक्ती स्वातंत्र्य वर बोलायला लाज वाटत नाही का रे तुला..?,angry
ही बावनकुळे नाहीत दूधखुळे आहेत,angry
महागाई पण खूप झाली आहे तेवढी तुमच्या साहेबांना सांगून कमी करायला सांगा,angry
हा शहाण पण त्या रत्नागिरी च्या बोबड्याला पण शिकवा.,angry
"आमची लाज आम्ही बघू तुमच्यासारख्या गद्दाराने हे सांगायची गरज नाही ,",angry
अवघड आहे,neutral
कर्तव्य बजावत असताना शहीद झालेल्या हुतात्म्यांना कोटी कोटी नमन.,happy
काळ्या दाढीने महाराष्ट्राची अत्यंत दयनीय केली आहे . जनता हे विसरणार नाही,angry
बिचारी मनसे. जनाधार उरलाच नाही. तिकडमबाजीचा आधार,sad
नाही समजलं काय बोलताय ते,neutral
आन हे सर् माझ्यावर खापर फोडत आहेत,angry
आजच्या पुण्यातल्या पावसात जरी सापडला तरी वाहून जाईल हा,neutral
कपटी अणाजी पंत च कारस्थान आहे,angry
कोर्टानं काय म्हणलं पाहिजे यासाठी अप्रत्यक्षपणे दबाव आणण्याचा प्रयत्न चालू आहे का?,happy
राज्य सरकारने जिल्ह्याचे पालकमंत्री नुकतेच जाहीर केले. यावरून सरकारवर टीका होत आहे.,neutral
आता बघ मशाल कसा धूर काढते ते,neutral
आजकाल हे असं मरण्याचं प्रमाण एकाएकी खूप वाढलंय.,happy
आबाजीब नाही आणि आता तर नकोच,neutral
"हि तर सुरुवात आहे, आता धक्केच मिळणार गद्दाराना",angry
आता हे असेच म्हणणार ना कारण देशात आर्थिक मंदी यांच्यामुळे च आलीय,angry
"किती ही केविलवाणी अवस्था झाली तुमची,खूप हसायला येते तुमच्यावर",angry
"निसर्गाचं काही कळेना, बेक्कार गरम होतंय आणि सोबत पाऊसही पडतोय.",happy
माती तर खाल्लीच होती... आता शे....!!,angry
"अरे तुझ्याकडे कोण लक्ष तरी देतय का, कश्याला उगच बोंबलत असतोस या",angry
पुणं गेले पाण्यात.... नेते मश्गूल खाण्यात.... घे टक्केवारी की कर काम....,angry
किती परीक्षा दिल्या तरी यश येत नाही,sad
"नक्की सांगणार पण असं नाही, ते सांगणार बाळासाहेबांच्या शिवसेनेमधील गद्दारांना हरवायचं आहे.",angry
हे मला आता सैन नाय होत,neutral
"…म्हणून मिथून चक्रवर्तींशी भांडल्या होत्या हेमा मालिनी, ‘इंटिमेट’ सीनबद्दलही बोलल्या ‘असे’ काही",neutral
तुला दुसरे कुणी सापडलं नाही का ट्रोल करायला,angry
वैनगंगा आणि चुलबंध नदीच्या पुरामुळे लाखांदूर-पवनी-नागपूर मार्ग बंद,neutral
हा विद्रोही आहे म्हणे....,neutral
"सुपारी घेऊन नाही होणार, आमदार निवडून आले पाहिजे मनसेचे",neutral
बरोबर. मात्र विदर्भाच्या दुरावस्थेला वैदर्भीय जनताच कारणीभूत आहे.,neutral
यवतमाळ चा निकाल बघून तर खूप वाईट वाटल होत.,sad
. काहीही बोलतो हरामखोर. काच फोडली म्हणून मोकका,angry
असा मूर्खपणा कधी च कोणी करू नये......गरीबाची चेष्टा करण्यात काय मजा असते लोकांना काय माहित,angry
शिवसेनेने भाजपा सोबत युती करुन शावसेना संपवली.,angry
आनाजी आणि गद्दार सेना अजून डोक्यात जात आहे लोकांच्या....,angry
लग्नाला जायचे आहे म्हणून नेले आणि बाजारात विकले. उगाच नाही म्हणत 'मंदसे',angry
ताई हे वाक्य त्यांना जाउन सांगा ज्यांनी मैदानातुन लढाई आधी पळ काढला,angry
"धड बोलता येत नाही, कसला कायदेतज्ञा",angry
भाजप नेत्यांना जबरदस्त खाज आहे असल्याना जवळ करण्याची,angry
असे तेजस्वी विचाराचे अंडभक्त च असू शकतात,angry
मस्त ... हाच फरक आहे देशभक्त जोशी आणि चाटु भक्त जोशींच्यामध्ये ...,happy
कमळी किती ही भीक मागेल तरी कमळी ला मत नाही,sad
मग काय ठाकरे पाजतो का...तुमचं ही प्रमोशन झालं वाटत सतरंज्या उचल्यावरून ..चपला उचल्या...,angry
साहेबना छत्री पन् धरू शक्ला नाही असे दारिद्र तुम्ही,angry
"नक्कीच अधोगती होते आहे, पण कुणाची",neutral
या स्टेटमेंट वर तुझ्यावर हेट स्पीच चा गुन्हा दाखल होऊ शकतो.,happy
"आणि टरबुज हे खुनशी, कपटी, कारस्थानी राजनीतीचे प्रातिनिधिक स्वरूप आहे",angry
नेमके तुमच्या सरकार च्या काळातच कसे काय होते,happy
कुत्रकारांच काय होणार हाच खरा प्रश्न आहे.,happy
"राज्यात फक्त शिंदे,ठाकरे, आहेत का दुसऱ्या बातम्या नाही भेटत का ?",neutral
शोधत आहे परंतु शोकांतिका हिच त्यावेळी या श्नानास मदत करणारे काही आजचे साहेबा प्रेमी होते.,sad
त्याला एवढा मोठा आपल्या दैवताचा पुरावा द्यायची लायकी आहे का त्याची!,angry
"तुझ्या थुंकण्याने फावड्याचे इरादे बदलणार नाहीत, हि माझी बातमी नाही",angry
"विभक्त झालेल्या वकील सुनेने नातीला भेटू दिले नाही, आजोबांची आत्महत्या",sad
म्हणजे उद्धव जी रावण का?,angry
पद भेटल्यावर माणूस कसा पक्षश्रेष्ठी चे पाया चाटतो हे स्टेटमेंट ऐकुण समजले....,angry
"गद्दारांची सेना ज्या लंकेत उभी आहे, त्याचं दहन ही मशालच करेल जय महाराष्ट्र",happy
पोलिसांनी वाहनाची तपासणी केली असता त्यात गुटख्याचा साठा आढळून आला,neutral
: या नवरात्रीत घरी आणा ‘ही’ झाडं; आर्थिक समस्या कमी होईल!,neutral
हा सामन्यातला टोमणा तोच टोणगा मारतोय,angry
रविवारी सुद्धा काॅलेजच काम करावं लागणे ही आयुष्यातली सगळ्यात मोठी भयंकर बोरींग गोष्ट आहे.,angry
माणूस सर्वात जास्त एकाच ठिकाणी हरतो तो म्हणजे केलेल्या प्रेमात आणि ठेवलेल्या विश्वासात...!,sad
वाघ्याच्या ..मधून धूर यायला लागलाय...ह्यांना पण बनवा रे कुणीतरी... एकाध्या खात्याचं मंत्री,angry
"""चुकीचं केलं देवसेना त्या गद्दार सुतार ला वर्षावर नाही बाहेर चौकात कानफडायच होतं जनतेसमोर.""",angry
होणारच.. जुन्या शिवसेनेच काम हे का करत आहेत म्हणुन राग यायलाच पाहीजे.,angry
आतापर्यंतचे सर्वात अकार्यक्षम व हास्यास्पद गृहमंत्री म्हणून ही भंपक व्यक्ती प्रसिद्ध आहे....,angry
निर्लझ साल्याना आताच ठोकल् पाहिजे मग सुधरतील हे नीच,angry
मंद सैनिकांना विचारतोय पण आता,neutral
लवकरच रस्त्यानं दगडं मारत फिरताना दिसणार हे महाशय...,angry
कधि गेला होता ? ऊगाच वलंय निर्माण करु नको,angry
आजारी माकडा तुला खाज सुटली असेल तर औषध आहे माझ्याकडे..,angry
कोण हा थापा कामगार तो,angry
हा पाऊस पडतोय अन् माझा शेतकरी राजा रडतोय,sad
भाजपच्या लोकांनी गद्दार लोकांचं वकील पत्र घेतलं का?,happy
गद्दारांसोबत मीही राजीनामा देतो आहे का दम..,angry
जेवढं एडवीनाच्या लेहळुच तेवढं तरी नक्कीच असु शकतो समजल का सन-डासा.,angry
भातखळकर पण आता नितेश राणेंच्याच लायकीचे वाटायला लागलेत,angry
असं बोलायला वाईट वाटतय पण हा सौरभ खूपच नालायक निघाला,angry
अरे ते विलनिकर करणारे कुठल्या बिळात लपले आहे,angry
नाशिक जिल्ह्यात जनावारांमध्ये पसरलेल्या लंम्पी या आजाराने पशुपालकांमध्ये वाढले भीतीचे वातावरण- -,fear
टॅग करायची इच्छा होतेय पण राहूदे शिव्या मिळतील फ्री च्या,angry
"सत्तेची मस्ती ,सत्तेचा दुरुपयोग,जनता या शिंदे फडणवीस सरकार ला पुढील निवडणुकी चांगलाच धडा शिकवणार...",angry
तो हनुमंताच्या दर्शनाला आला अन् गदाच घेऊन गेला,angry
आज शेतकऱ्यांना प्रोत्साहन चे पन्नास हजार मिळाले तुम्ही बसले होते हलवत फाइल,angry
ही सगळी बोकडाची अवलादी आहेत .,angry
गद्दार तू केव्हाच आमदार होणार नाही,angry
साहेबांची तीच लायकी लोकांचे श्राप घेता आहेत भोग कर्माची फळ,angry
सहानभुती वागळे साहेब हा राग आहे लोकांच्या मनात ला,angry
"हे गद्दार लोकांचे संस्कार आहेत,,",angry
तुम्ही काही पण बडबडणार.. ते खपवून घ्यायचं का? चुकीला माफी नाही.... गेले ते दिवस,angry
भातकळखर थोबाडावर पडलं,angry
आहे का डांगीत दम त्यांच्या? नकली राजकारणी आणि सतरंजी उचलणारे कार्यकर्ते,angry
अंगावरचे कपडे मागच्या टपरीतून घेणाऱ्याने हे सल्ले देऊ नयेत,angry
डॉलर बळकट होत नाही तर तुमची कंबर मोठी होत आहे. इति अविवाहित,angry
हिंदू हा शब्द स्थानवाचक आहे बे.,neutral
हे सर्व दिखावा आहे सर पराभव समोर दिसत आहे,angry
मशाल चिन्हाला यश मिळाले हे सहन होत नाही त्यांना,angry
उत्साह यायला बोर्नव्हिटा पुरतो.चिवटपणातुन यश मिळतं.बाळासाहेबांकडे चिवटपणा होता.उद्धवरावांचा उत्साह अर्धा कप बोर्नव्हिटाचा आहे.,angry
मुंबई क्रिकेट असोसिएशनच्या निवडणुकीत सर्वपक्षीय लोकप्रतिनिधी निवडून येतील पण खेळ हरेल... बरोबर की नाही...,angry
कुबेर तू लाचार आहेस असा प्रश्न पडतो,angry
स्वायत्त संस्था हा शब्दच आता मोठा जोक आहे,angry
बुडाला आग लागली आहे गद्दाराच्या.....,angry
"संघ या देशात निरुपयोगी संस्था आहे. समाजात वादविवाद आणि भांडणे, द्वेष निर्माण करते.",angry
जसे भाजपमध्ये जगातील सर्वाधिक स्वातंत्र्य आहे .मी हसतो दुसर्याला शेंबुड माझे नाकाला...,angry
अडीच वर्ष झाले तडफडणीस एव्हढी हाव नाही दादांना. सत्ता नसल्याने लाल झाली होती तुमची,angry
किती हि आपटा.. किती हि घासा..शेवटी गद्दार ते गद्दारच,angry
ह्याचा आणि अकलेचा काही ताळमेळ नाही... सोडा विषय,angry
"ती कशी का पळेना, पण पळवनारे किती नीच आहेत..हे लक्षात घ्या.",angry
तू अजून इथेच अडकली आहेस का... गोदी मीडिया माहित आहे का नाही.,angry
बोनस गुण मुले नुकसान होत आहे,neutral
तंबाकू पुडी देण्यात येणार आहे तुम्हाला...,angry
जळगाव: अवघ्या तीन महिन्यांच्या गुंजन या चिमुकलीचा रुमालाने गळा दाबून खून करण्यात आला.,sad
निवडणूक येऊ द्या महाशक्ती कशी लाथ घालेल तुला काम झाल की दिसेलच,angry
महाविनाश आघाडीने शिवभोजन मधे भ्रष्टाचार केल्यामुळे झालंय हे..,angry
भीक आली त्याला कसला दरारा आला,angry
तोंड बघा किती अशक्तपणा आला आहे.,angry
"पण फडणवीस का पक्षाला शेपूट घालायला लावतोय, उमेदवार न देता?",angry
आता सत्ता आली आमचे साहेब मुली पळवायला मोकळे बघु कोण अडवतो,angry
कॉमेंटस् वाचूनही निर्लज्जपणा जात नाही. कोडगेपणाची कमाल !!,angry
छोटी गदा देऊन पिंट्याचा सन्मान करत आहेत की त्याला चिडवत आहेत..!!,angry
अत्यंत ही दुःखद!,sad
या आत्महत्येची जबाबदारी राज्य सरकार घेईल का?,sad
आता तो रडला तरी सोडायचे नाय,angry
ते पंढरपुरात पोटनिवडणुकीत जनभावना नव्हती का???,happy
आयला ! हे पनवेलचं उपमहापौर होतं म्हणे... धन्य रे बाबा याला निवडून देणाऱ्यांची,angry
सत्तर वर्षं मतापेढीचं राजकारण करणाऱ्या सरकारचा पोलिसांवर दबाव होता म्हणून ते निष्क्रिय झाले होते!,angry
जयंत पाटीलाची बायको ही त्याच्या वर विश्वास ठेवत नाही आणि तुम्ही,angry
मुंगेरीलाल के हसीन संपने।अश्या किती दौऱ्या नंतर सत्ता मिळाली आहे साँगाल का?,angry
सगळेच दाढी वाले दिघे साहेब नसतात .काही गद्दार पण आसतात...,angry
ते शिंदे म्हणाले की गदारीच का?,angry
महाराष्ट्रात महाराष्ट्राची भाषा वापरा. मुंबईचे फलक मराठीत का नाही?,angry
शरद पवार लुटारूंचा बाप आहे - असं शिवसेनाप्रमुख म्हणाले होते..,angry
"जिथे गेलेत तिथे पुढे असं होईल की.... 'सहन होत नाही आणि सांगताही येत नाही""",sad
हे लाचार सेना वाले पूर्ण मानसिकरीत्या बिथरले आहेत...,angry
लाकडी पूल मागचे अडीच वर्षे कुजलेलाच होता तेंव्हा काही केलं नाही,angry
नवा सेगांडूळर आहे हा,angry
सावरकरां बद्दल गरळ ओकली तेंव्हा पासून आम्ही पहात नाही या प्रसन्ना ला,angry
म्हणजे कुठून चाटत कुठ पर्यंत पोचलास बघ ना,angry
कर्तव्य बजावत असताना शहीद झालेल्या हुतात्म्यांना भावपूर्ण श्रद्धांजली,happy
"नसेल सहन होत तर कानात घोड्याचा घाल, पण फालतू गोष्टी बकू नको.",angry
पोटात दुखेल त्याच्या...कमी आठवण काढा,angry
तीन पत्रकारांना बिघाडीची चापलुसि केल्याबद्दल घरे मिळाली आहेत म्हणे.,angry
"सत्तेचा माज आहे, असे सत्तेचा वापर करून लोकशाही संपुष्टात येईल,.. स्वतःचे कर्तृत्व सिद्ध करा",angry
सहन बी होत नाही आणि सांगताही येत नाही,sad
हे साले कधीच सुधारणार नाही हरामखोर,angry
"अश्या लोकांमुळेच देशाची एकात्मता नष्ट होत आहे,यांच्यावर कडक कारवाई झाली पाहिजे!",angry
अतिशय वाह्यात आहे हा माणूस,angry
हा प्रकार करून शिंदे गटाने व ने स्वतः च्या पायावर धोंडा मारून घेतलाय का??,happy
भाजपा लोकशाहीला मानत नाही हे त्यांनी सिद्ध करून दाखवले,angry
नक्कीच बघतात हो.. पण काय करणार अंधभक्त... हे होऊ कुठे देतात!,angry
प्रदीप सर मुलीच्या फेक वरून मला करत आहेत,angry
सार्वजनिक शौचालय स्वच्छ करण्याचा धंदा बंद करून हौसिंग सोसायट्यांची दलाली सुरू केली का ...?,angry
जे विरोधकांना नाही जमले ते आपल्याच जवळ बसण्यारा साल्या गद्दारांनी केले..,angry
ची हातभट्टी पिणारा दिसतो पक्या,angry
चांगलाच चोप काढला पाहिजे होता...,angry
बरोबर दिन्या.. मुंबई दहशतवादी हल्ला झाला तेव्हा आपले गृहमंत्री कपडे बदलण्यात व्यस्त होते..,angry
बाईच गणित कच्च आहे हे तर माहित होत,angry
साहेब तुमची उणीव भासतेय. या गद्दारांना सडेतोड उत्तर व अद्दल घडवायला.,angry
भुरखे रेडी करून ठेवा गद्दार लोक करिता तोड लपवणे काम येणार बाप चोर,angry
रिकाम्या खुर्च्या मोडींचं भविष्य सांगून गेल्या...,sad
हा ह****.ह्याची लायकी काय हा बोलतो किती.,angry
आम्हाला धन्यवाद नाही तर शुभेच्छा पण नाहीत.,sad
काय विशेष एक अख्खा पक्ष त्यांचे स्लिपरसेल म्हणून कार्य करतो. हे अपेक्षित होते.,angry
आपण अजून ही जागे नाही झालो तर भगवान भी नही बचा सकता.,fear
फक्त कमी करा.. कशाला पैसे उकळतात विद्यार्थ्याचं नाव करून,angry
भ्रमात आहेत काय करणार ते तरी,angry
मग हे तथाकथित हिंदूवादी पक्षाचे लोकं कुणाची रक्षा करत होते,angry
: अमेरिका आणि चीन मध्ये सुरू असलेल्या वादामुळे तिसऱ्या महायुद्धाची आशंका,fear
लायकी नाही तुमची मान. बाळासाहेबांचं नाव घ्यायची,angry
ते पण लोकांमध्येच...कोण कोणाचं नाहीय...फक्त स्वार्थ आपआपला आहे...!!!,angry
"का रे राणे, ट्विटस डिलीट करतोयस... सेलनी झापला वाटत तुला.",angry
"किती वैफल्यग्रस्त, दुसऱ्यांचे आई - वडीलाला हिसकावून, आपल्या अनिष्टेचा राजकारण करायचे, कसे वाटते ,",angry
जनतेच्या पाठीत खंजीर खुपसणे हे चांगले शिकले आहे काकांकडुन,angry
"महाभरती कधी होणार आहे ,,,,लवकर म्हणजे आणखी किती दिवस",neutral
"अतुल तुझ्या अकलेच्या पलीकडील विषय आहे??न्याय देवता लुळी,पांगळी,आंधळी आहे हे पुन्हा एकदा सिद्ध आहे???",angry
भ.श्रीरामा ला असे वाटत असावे काय की काम मागणारे पण भिकारीच?,angry
कारण खाद्य तेलाची होत असलेली आयात. सरकारी धोरणे असे बोकांडी बसतात ती अशी.,angry
राजस्थान या कांग्रेसशासित प्रदेश होता तो मिडिया विधवा विलाप करती,angry
गेलेत तरी दिल्ली च्या मनाविरुद्ध पान तरी हलणार आहे का,neutral
ठाकऱ्यांच्याच मोट्या चोळायच्या होत्या तर पहिले काय वाईट होते कमळाबाईसाठी,angry
तुझ्या सारखी समजते का त्यांना दाखवल गाजर की तिथे जायला,angry
अगदीच. आपली माहिती लीक होते ती या लोकांमुळेच.,angry
इतिहासात आपण कसे होतो हे मानसाने वर्तमानात इतरांना जज करताना विसरायला नको.,neutral
प्रवक्ता झालं म्हणजे काही तोंडाने हा*यच का,angry
तु ह्या च जगा मध्ये राहातो का...रे झवण्या,angry
हे काय जनतेला मुर्ख समजतात का?,angry
तुझा कोण लागतो का इथे का तुझी घालतो मग ये..व्या,angry
काळ्या केसांचे.......पांढरे केस झाले की असे होतेच.!,sad
चंद्राने पृथ्वीचं टेन्शन वाढवलं! शास्त्रज्ञांनाही सतावतेय चिंता; वाचा आपल्यावर काय होणार परिणाम,fear
संभाजी ब्रिगेड ला लाजवेल असं राजकारण चालू आहे उध्वस्त ठाकरेचं,angry
हे एक बरयं की... दोघेही हलक्या कानाचे नाहीत...,angry
मनाच्या भिंतींना सोसत नाही आता ही अडवणूक आणि जमीन आधीच रडून रडून ओली झालीये!,sad
"तुमचे कळस.. आणि खालचा भाग लवकर कापून नेतील हा, लक्ष ठेवा..",angry
उदय सामंत यांची गद्दारी महाराष्ट्राला मान्य आहे का,angry
तुमच्या विचारांत खरूज लागलेली आहे,angry
आणि हो भाड्या बाळासाहेब भाजप कमळाबाई म्हणलं होते म्हणून लागा धंदयाला आत्ता,angry
हीच ती वेळ महिला कार्ड खेळण्याची,angry
असल्या फालतू ट्विट करतोस म्हणून तुला साधा नगरसेवक सुद्धा बनवत नाही,angry
"कंटाळा नाही म्हणत त्याला , तुम्हाला कोणी घेत नाही अशी खबर आहे मार्केट मध्ये",angry
हे घडणारच होतं,neutral
सुंभ जळाला पण मराठी माणसाला कमी लेखण्याचा पिळ तसाच आहे.ह्यालाच माज असे म्हणतात.,angry
शिल्लक सेनेने बाळासाहेब या नावाची चेष्टा च केली,angry
हेच आहे साधी सभ्यता पण नाही समोरच्याला उलट बोलून आपली बौद्धिक दिवाळखोरी दाखवतात,angry
काम करा काही ला गप्पा नाही चालनार काम बोलनार आहे दुकान बंद करा,angry
एवढं लेट.. भाजप मध्ये प्रवेश करताहेत का ते डील जमवत होते का आत्तापर्यंत,neutral
हे आपघात रोज होत आहेत .याला जबाबदार सर्व प्रशासकीय अधिकारी .,angry
हो खरे आहे.... प्रखर हिंदुत्व सोडून प्रखर सेक्युलर झाले....,angry
"गर्लफ्रेंड पटवायची म्हणजे आता ग्रामपंचायतीच्या निवडणूकीसारखं झालं आहे, जागा एक आणि उमेदवार पन्नास-साठ..!",happy
मुलांना शिक्षण घेण्यासाठी शाळेची मागणी करावी लागत असेल तर खूप दुर्दैवी बाब आहे,sad
पैसे कमावण्यासाठी ही फसवणूक योजना होती,angry
गद्दारांना दिलासा मिळेल असा माझा अंदाज आहे,angry
कमी बोल रे तु तिथे होता का? प्रकरण काय?,angry
"मशालीने हारामखोरांचा बाजार उठवायला सुरुवात केली, ह्या इथे वाघाचा बुड जळतोय पहा",angry
इथे काय सामान्य माणूस च कर भरणार का? सरकारचे जावई आहेत हे लोक.... वाटोळे,angry
सत्ता गेल्यावर जाग आली का???,neutral
ह्यो वर्षे झाड उपडत होता आणि आता शिकवायला आलाय,angry
साहेब तूम्हाला पुजा करायची नसेल तर तुम्ही करू नका पन असे कायपण बोलू नका,angry
लाथा घालून... हे प्रकार उधळले पाहिजेत..??,angry
म्हणजे? तुम्हालाच तीचा त्रास होणार!,neutral
बैठक घेऊन असे काय उखाडणार आहेत काँग्रेसी गुलाम,angry
बिनपगारी पण लायकी नाही,angry
संज्या आता काय बाहेर येत नाही हे नक्की,neutral
कशाला घ्यायचं मग घेताना कळलं नाय का?,angry
आपल्याच छोट्या व मोठ्या मालकांना असे बोलणे चुकीचे आहे.,neutral
रिप्लाय बघून मन भरल....ही आपली लायकी...आणि म्हणे पत्रकार.....,sad
"हुकुमशाही अखेरीस स्वतःलाच गोळ्या घालून आत्महत्या करते, हा जगाचा इतिहास आहे...",sad
तुला कोणी काही हि केले की इतक्या लवकर हागवान कशी लागते रे?,fear
अरे इथे आहे आणि तिथे,neutral
"हे तर लावारिस सारख झाल,रोज बाप शोधायची जरूरत च नाही ?",angry
"हे काम गद्दारनाथच नाही हो, अशी सुड घेण्याची काम देवा भाऊ करतात..",angry
आमदार अपात्रता ठरवण्याचे हक्क सभागृहाला असतात. कोर्ट हस्तक्षेप करु शकत नाही.एवढं देखील माहिती नसावी?,angry
इथं दात सांभाळता येईना ह्यांना आणि हे भारत जोडो करत फिरू राहिले,angry
छत्रपति संभाजीनगरच्या कोणत्या राजकीय व्यक्तीने बलात्कार केला?,angry
भाजप कडून किती खोके पोहचले हे सर्व बोलण्यासाठी,neutral
परशा मालकाची पात्रता किती आहे हे दाखवण्याचा प्रयत्न करत आहेस का?,neutral
खोटी बातमी आहे,neutral
तुम्हाला मत म्हणजे देशविरोधी लोकांना मत....मनुवादी सरकार,angry
मशाल अगोदरच विझली आहे. नुसत्या चिन्ह्यामुळे निवडणूक नाही जिंकता येत.,sad
पार डोक्यात जातात अशी दोगली लोकं,angry
नाना पटोलेंनी भाजप सोडली आहे की भाजपने पटोलेंना सोडले आहे काही कळेना राव...,happy
आम्हाला हे नेतृत्व नको म्हणून बंड करण्याच्या तयारीत,angry
गांजा कमी पीत जा रे शेणकिड्या,angry
"अशी तुलना बरी नव्हे, हे म्हणजे चितळे च्या दोन मिठायात तुलना झाली",angry
"ह्यातील बाईंनी काढलेल्या जागा, एक एक धडा आहे",neutral
भाजप ची दलाली करून,angry
आज हे नाही भेटल पुस्तक तुम्ही म्हणाला होता की तारखे पर्यंत मिळेल...,neutral
भडवे लोक येतील आता ज्ञान द्यायला आणि धर्म शिकवायला जय श्री राम,angry
ही ह्यांची लायकी,angry
इतकी वर्ष त्यांचा साहेब पक्ष बांधतो आहे का ? तेच कळत नाही ..,angry
"सदानकदा आपल्याला कोणीतरी उपेक्षेने मारून राहिले आहे, हे मराठी अस्मिता जपण्याचे मुख्य द्योतक आहे.",sad
नुसता पराभव नाही तर डिपॉझिट सुद्धा जप्त होणार म्हणून माघार,sad
खरे आहे फसनवीस असे फसवायला नको,angry
हे काय कमी आहे,neutral
काय हे..असली कसली शाळा.. मुलांची...सारखे फसतात आणि भक्त उघडे पडतात..,angry
येडा आहे का हा,angry
"खरी शिवसेना कोणाची, धनुष्यबाण कोणाचे हे निवडणूक आयोग ठरवणार. ?",neutral
बिलकुल नाही. उलट त्यिची स्वार्थी वृत्तीचच प्रदर्शन झाल.,angry
एकदा वाचलं की परत इच्छाच नाही होत..,sad
तुम्ही धक्का दणका असल्या बातम्या पुरवठा करा. पत्रकार कमी चमचे जास्त आहात.,angry
शशी थरूर यांना मत दिलेले हजार लोक गद्दार म्हणायला चालू करायचे का,angry
ह्या बाईंनी लाज शरम सोडलेली आहे.,angry
"भाजपने या ठिकाणी लढणे म्हणजे, आत्महत्या करण्याजोगे आहे.",sad
न्यायालयात पराभव झाला तेंव्हाच यांचा पराभव झाला होता.. आता बिनविरोधच सोंग करत आहेत..,angry
हे भंगारडे ढग कधी जाणार आहेत ??,angry
आज महाराष्ट्र कोन्या चिट्टी वाचनाऱ्याच्या हातात आहे....हास्यमय.,angry
काय दिवस आलेत आता उद्धव ठाकरे काय सांगणार.. बाळासाहेबांच्या शिवसेनेला नेस्तनाबुत करा म्हणुन..,sad
परप्रांतीयाच्या कार्यक्रमात पैसे खर्च झाले .,angry
पुण्यात पाकिस्तान जिंदाबादच्या घोषणा देणाऱ्या सुवरचा औलादीना पोलिसांनी जागच्या जागी गोळ्या का नाही घातल्या?,angry
सॅटॅलाइट द्वारा बघण्यात येणारा पर्यंत दुसरा पावसाळा तर नाही येणार का,neutral
हे राम हे राम,neutral
भावनिक पत्रकारिता सोडा... पत्रकारांचं काम बातम्या देणं असतं... ठोकताळे बांधणं नाही...,angry
"कोणाविरूद्ध लढणार....बाळासाहेबांच्या शिवसेनेविरूद्ध. बाळासाहेबांच्या विचारांना कधिच सोडले,आता बाळासाहेबांच्या शिवसेनेला हरवणार?",angry
कोंबडी चोराच्या तोंडात घुसली का आईस्क्रीम की मशालीवर कोंबडी भाजून देऊ .,angry
वागण्यात जरा सुद्धा मार्दवता नसणं हे कारण असूच शकत नाहीना नाते सबंध खराब व्हयला.,neutral
ला हिंदी मध्ये काय म्हणतात माहित नाही का...,angry
कोल्ह्याला द्राक्ष आंबट अशी स्थिती झाली आहे या चहा-बिस्कीट पत्रकारांची,angry
काही कुत्र्यांना कितीही धोंडे घातले तरी ते त्याचं मालकाचा चाटायला येतात..,angry
शेतकऱ्याला अजून अतिवृष्टी नुकसान भरपाई मिळाली नाही त्याच बघा,angry
तुम्ही गर्दी जमवता तो पण एक प्रकारचा भ्रम आहे.,neutral
सर्वे केला त्या दिवस करवा चौथ होती हो .. घात झाला. .एक भक्त,neutral
दिनो मोरया जय तुझ्या बापाची नजायज अवलाद आहे का,angry
कोटी सोडा राजकारण्यांना कशाला हवी पेंशन? राजकारण ही काय नोकरी आहे का?,angry
हे सगळं करण्या आधी एक चपटी मारणार,angry
सुज्ञ लोक त्याचा तिरस्कार करतात चाटु लोक अशिक्षित त्याला पाठिंबा देतात,angry
आयत्या बिळात नागोबा म्हणजे आदित्य ठाकरे. वरळी मधून बघू हा परत निवडून येतो का????,angry
कोल्हापूरची जागा मुर्खमंत्रीपद राखण्याकरिता सोडली हे कबूल केलयं कोंबड्याने !,angry
अरे रे असले लोक युवराज ला अक्कल शिकवताय अवघड आहे युवराज च.....!!!,angry
हे मीपण केलं आहे + रिमोटच फोडून टाकला होता..,angry
जो मराठी बोलत नाही तो महाराष्ट्र द्रोही,angry
"काय हे? परुळेकर, आपणास मातृभाषेचा अभिमान बाळगण्याची आवशक्यता आहे.",happy
मेडन फर्माच्या उत्पादनाची चौकशीसाठी समिती नेमण्यात आली असून उत्पादन विक्रीवर बंदी घालणेत आली.,neutral
स्वतः च्या मुर्खतेवर स्वतः हसतं आहे. .,neutral
केस पडायला नको म्हणून बदलला का??,neutral
"बरं हे पाठ झाल, मग आता पुढे??",neutral
होता होता राहीलेला निवडणूक,neutral
हा प्रश्न असा आहे की पाकीट शिवाय पत्रकारिता चालेल का ?,angry
तिकडून आला मुर्खांचा घोळका...त्यात आमच्या उद्धव ला ओळखा....,angry
केशवा अरे बिकेसी वर फेकले गेले आहात तरी लाज नाही वाटत का भाजपा वाल्याना,angry
ये तो हरामी हे..,angry
ओ काका उरला सुरला म्हणून मनसे ला का डिवचता,angry
अश्या प्रकारे राज साहेब हे सुपारीबाज आहेत हे मान्य केले आहे,angry
कोरोना संकटात राज्या ऐवजी केंद्र सरकारच्या निधीमधे देणगी देणारे भुरटे हे बोलत आहेत...,angry
म्हणजे कायदा सगळ्यांसाठी वेगवेगळा आहे हे दाखवून द्यायचे आहे का तुम्हाला ?,angry
सत्तेचा असय प्रकारचा दुरुपयोग थांबला पाहिजे.. म्हणून तर महाराष्ट्र यांना अनाजी पंत म्हणतात.,angry
गद्दारीला जाळणारी आहे? .....मग आधी स्वतःच्या ढुंगणाला लावा.... हिंदुत्वाचे गद्दार,angry
कसला अक्कलशून्य मनुष्य आहे हा!,angry
असे पालक असल्यावर सहा लाख पण मिळाले वर्षाचे तर खूप आहेत.,angry
घंटा उपयोग होणार आहे त्याचा.,neutral
राज यांनी आपली गमावली आहे. अयोध्या दौरा आणि भाजपा वरची टीका बंध करून.,angry
भयानक आहे हे..,fear
छगन भुजबळ चा डोक्यात भुसा भरला आहे का?,angry
तुळजापूरला जाणा-या भाविकांचे चोरलेले मोबाईल जप्त; दोन अट्टल चोरट्यांना अटक,neutral
आहो साहेब किती फेकाल आम्ही ही बातम्या बगतो,angry
हे सगळे समर्थकांना संभ्रमात टाकणारे आहे.,happy
अवघड आहे. मराठी समलोचनाची मागणी मागणी केली म्हणून मनसेच्या नेत्यांवर गुन्हे दाखल.,sad
रिकामटेकड्या लोकांना बोलवुन केलेल्या कार्यक्रमाला मेळावा नाही म्हणत !!,angry
जनतेने मोठ्या साहेबांच्या सख्ख्या पुतण्याला स्वीकारले नाही तिथे या दाढी... व सोंगाड्याची काय औकात...!!,angry
आदि अतिशय पावसानं भात शेती सडली आहे कशाला स्वतः ची इज्जत सडवता.,sad
पत्राचाळ प्रकरणात जे जे आहेत त्यांना शिक्षा ही झालीच पाहिजे...,angry
पत्रकारितेचा स्तर ओसरत आहे....,angry
हा बघा अंधळा भक्त,angry
एक काळातील मनसे नेते हे विशेषण नाही दिलंत,neutral
अहंकारी आणि लाचारी हे दोन शब्द परफेक्ट तुमच्यासाठी!,angry
भिकार...ट शांत बस मेल्या कशाक उगाच राग आणून देतस,angry
मंद बुद्धी आम्हांला काय माहिती तू थेट निवडणूक आयोगाला विचार आणि आम्हांला पण सांग,angry
गरज नस्ताना मदित पडु नये याचे जागते जानते उदारण म्हनजे हे,neutral
ते अजित दादांना गृहमंत्री पद का नाही दिलं पात्रता नव्हती का ?,angry
तुमचा आणि लॉजिक चा काही संबंध असेल असे वाटत नाही,angry
मतदासंघ हातून जातोय म्हंटल्यावर रस्त्यावर काय दारोदारी फिरतील हे पवारियन!,angry
"“ही माघार तुमचा दिवाळी फराळ चवदार होऊ देणार नाही, अमोल मिटकरीचा भाजपाला टोला",angry
": टी विश्वचषकापूर्वी इंग्लड संघाला मोठा धक्का, ‘हा’ प्रमुख गोलंदाज स्पर्धेला मुकणार",sad
"इतकं पण समर्थन करू नये, भाजप ला ही निवडणूक तशीही जड झाली होती",neutral
तुम्ही कसे खेळता याची तुम्हाला लाज वाटते का?,angry
अन् स्वतःचा गांदी खाली अंधार आहे जल्युक्त शिवर घोटाळा,angry
प्रबोधनकार…बाळासाहेब…उध्वस्तरावांना स्वताचे अस्तित्व नेतृत्व नाही हे मान्य केलेले आहे सगळ्यांनी!,angry
"च्या कार्यकर्त्यांना अटक केल्यानंतर पुण्यात पाकिस्तान झिंदाबाद, अल्लाहू अकबर अशी घोषणाबाजी",angry
हापापला कुत्रा... ज्याला सर्व हवं आहे हे चिन्ह उत्तम असेल,angry
होता म्हणजे ? गेला की काय ?,neutral
उन्मत्त अभिप्राय आहे हा,angry
अरे मग ती एका पक्षातील दोन गट एकमेकाशी कश्यासाठी भांडत आहेत,happy
कोणालाच नाही कारण दिवंगत नेत्यांच्या घरच्यांना बिनविरोध निवडून देणे ही आपल्या महाराष्ट्राची संस्कृती आहे.!,happy
संकट ही संकट,neutral
"हे हुकूमशाह, जगताना राजासारखे जगतात आणि मरताना कुत्र्यासारखे मरतात...",angry
?? हा एकप्रकारे अपमान आहे.. पुण्यात सगळंच आहे मॅडम,angry
तेच... स्वतःला काय मंत्री / महत्वाची पदाधिकारी समजते का,angry
याची जीभ नाही का घसरली . का जीभ घातली मध्ये,angry
किती ही बेईज्जती आहे.,sad
पहाटेच्या शपथविधीचा बनु गुंडे च सुत्रधार होता ना भौ.,angry
पण मुली शोधतांना त्रास होतो नंतर हे अत्यंत वेदनादायक असतं,sad
भाजप सरकारचे हे चुकीचे पाऊल असून ते खरोखरच अन्यायकारक आहे.,angry
"प्रकल्प गेला त्याच दुःख नाहीये, कमिशन दुबल त्याची खद खद आहे हि.",sad
कसला उत्तम निर्णय?? आता सगळे गटार भरतील..,angry
"लायकी आहे का रे, भ्रष्टाचाराच्या किड्यांनो",angry
नाही अपेक्षा कधीच ठेवली नाही फक्त चीड व्यक्त केली सर्वच एका माळेचे मणी,angry
आधी लुटायचा मस्त आणि हे नाटक करायची.,angry
तुमच्या साहेबांना कधी तरी घरा बाहेर पडायला सांगा.,angry
"हो का? आतापर्यंत , जणांना अटक दोघांना फाशी झाली?",neutral
अर्थ गणित हे तुझ्या डोक्या बाहेरच आहे!,angry
देवेंद्र फडणवीस नालायक माणूस आहे. स्वतःच्या पोलिसांवर विश्वास नाही त्याचा. रामखोर लेकाचा,angry
"आता कळलं, लोकं विश करतात आणि केक का खाऊ घालतात",neutral
"यापेक्षा जास्त ताकदवान आहेत...! आमचे दिवाळीचे फटाके........ *आता दिवाळी येऊ दे, संपूर्ण पृथ्वी धोक्यात येईल.*",happy
आता तुला बघून त्यांना दिवसभर खायला नसेल भेटलं त्याचं सुद्धा दुःख व्यक्त करायचं,angry
हे अत्यंत दुर्दैवी आहे. विद्यार्थ्यांना न्याय मिळाला पाहिजे.,sad
गृहमंत्री काय उपटताय का कोणाच्या भात्या,angry
ऊम्मेदवार मागे घेतला पत्र मिळताच …आता जाहीर करणार का ?,angry
याला वेस्ट इंडिज वाले शोधत आहे आणि हा इकडे झिम्मा खेळतोय,neutral
मनसे राजकीय पक्ष आहे हाच बहुधा भ्रम आहे .,angry
"अनेक स्त्रियांशी संबंध, मारहाण, खंडणीखोर हसाव की रडाव हा प्रश्न आहे ...",angry
तुमचं पण जुनं भाषण पोस्ट करा की गद्दारी करायच्या आधीचा,angry
गद्दार पाळला साहेब तुम्ही वेळीच ओळखायला पाहिजे होते,angry
श्वेत पत्रिकेसाठी उत्पन्न मर्यादा खूप कमी ठेवली आहे.त्यामुळे कनिष्ठ मध्यम वर्गीयांनाही केशरी मिळत नाही,angry
ते जनते ला ठरवू द्या शाळा बंदी चा निर्णय मागे घ्या,neutral
ही अक्कल फक्त शास्त्राच्या परीक्षेला इतिहासाची उत्तर देणाऱ्यांची असू शकते,angry
त्याच ताई शिंदे गटात आल्यास त्यांना उमेदवारी देणार होते भाजप. कोल्ह्याला द्राक्ष आंबट.,angry
संजय राठोडयांचा गुन्हा पदरात घालन्या एवढं सोपं नाही ते,neutral
तुझ्या पोटात का पोटशूळ उठतोय मग काय भोंगा वाजवायचा काय?,angry
कुठं आहे हे पिस्तूल राजीनामा नाही देणार हे माहीत आहे सर्वाँना,angry
"नितेश राणे नाही हा, हा नितेश थापा आहे.",angry
आयुष्य पुन्हा पुन्हा मिळत नाही सत्य हे आहे की आयुष्याची किंमत कुणा कुणालाच कळत नाही,sad
कुठून काढलाय हा थुकरत सर्व्ह,angry
भ्रष्टाचार ही देशाला लागलेली कीड आहे : देवेंद्र फडणवीस,angry
नुसते ट्रोलिंग म्हणजे राजकारण नाही रे . त्यासाठी काम हवे.,neutral
"आपन तर घरात राहतो, पण त्या शेतकर्यांचि दशा बघवली जात नाही,",sad
राज ठाकरे सारखा सुसंस्कृत नेता महाराष्ट्राचे मुख्यमंत्री नसणे हे महाराष्ट्राचे दुर्दैव!,sad
आपल्याला वाटून काय उपयोग आहे त्यांना वाटलं पाहिजेल.,neutral
हा बघा पडद्या मागचा खरा चेहरा,angry
भातखळकर जरा कॉमेंट वाचत जा राव....काय व्हरायटी आहे. की लाज विकून भजी खाल्ली...,angry
सुबोध भावे हे नाव बघितल्यावरच कळाल हा सिनेमा आपल्यासाठी नाही,neutral
तुम्ही विझलेले दिवे परत का फडफडताय,angry
ला विधानसभाच बरखास्त होणार आहे तू काय राजीनामा देणार चुतिया कुठला,angry
ज्याचे पळून गेले तो सल्ले देणार का...,angry
कसलं हरत आहात असे कळल्यार उपरती झाली आणि तोंड वर आभिनंदाची अपेक्षा करायची,angry
सेनेमध्ये असताना कधी यांना अभिवादन केले का किती नाही ही मजबुरी लोकांच्या भाषेत लाचारी,angry
देवाने याना बावन्न कुळे देण्यापेकक्षा बावनडोकें देयला हवी होती,angry
तुला कुत्र्यागत मारला आहे त्यानी त्यामुळे तुला तसे वाटत आहे,angry
अगदीच पचका उध्दवची लीगल बाजू कमकुवत आहे,angry
ह्याचं होणार आहे का हेच काम करणार,neutral
मग मी काही वेगळं बोललो का?,neutral
भाजप ने तुम्हाला जोकर बनवलं आहे! बामन लोकं खूप हुशार आहेत.,angry
तुमच्या बायका उघड्यावरच का अजुनही,angry
त्याची गरज नाही पडणार हे सरकार कोसळणार,neutral
ढाल तलवार चिन्ह अपयेशी आहे. हा इतिहास आहे.हे पक्ष लवकर बुडून जातात.,angry
जेनोसाईडची भाषा करणार्यानो गोवारी हत्याकांड कश्यासाठी घडवुन आणलेले सांगाल का ??????,angry
स्वायत्त संस्था फक्त नावाला आहेत.या संस्था केंद्राच्या दबावाखालीच काम करतात.यावर देशव्यापी आंदोलनाची गरज.,angry
मिंदे साहेब हे काय करून बसलात,angry
आनलेत का इथेही मधात हींदु?जमतच नाही ना.,angry
मधील भ्रष्टाचार पुन्हा चव्हाट्यावर गडकरी साहेब या ढेकणांच काहीतरी करा ही विनंती,angry
विकृती ला पण लाज वाटेल..,angry
येवधा पुळका मागल्या / वर्षात येत न्हवता शिवसेनेचा.... आताचं का म्हणून....,angry
"उध्दवजी म्हणतात बाप चोरला, शिवसेना चोरली, आता अन्थेरी पुर्वचा उमेदवारही...जातिवंत पाकीटमाराचेच गुण आहेत हे...",angry
छत्रपती शिवाजी महाराजांचा आणि बाळासाहेबांचा बाजार करून ठेवलाय ह्या भाड्यांनी,angry
अभ्यास पण करू वाटतंय पैसे पण कमी पडतात...काहीच नाही सुचत,sad
बालिश पणाचा कळस आहे मनसे हा पक्ष,angry
समोरच्या कडून स्वतःला जे ऐकायचं आहे तेच वदवून घेण्याचा केविलवाणा प्रयत्न,angry
"याचीं जिभ घसरली नाही, हे जाणून बुजून केलेले वक्तव्य आहे असतोंष पसरवण्यासाठी ..........",angry
माघार घ्यायची होती मग उमेदवार पळवण्याचा प्रयत्न का केला ?? कपटी,angry
का त्या सिंधुदुर्ग मधील तीन नेपाळयांचे फोटो टाकायला लाज वाटते का,angry
हे बघ रे. मी ब्लॉक आहे. टाक बरं,neutral
अच्छा म्हणजे पप्पू तुझा बाप आहे हे कबूल आहे तर,angry
"आज पुणे पाण्यात का गेल ह्यांच उत्तर द्या आधी पुणेकरांना, मग बाकी ज्ञान वाटा",angry
म्हणून एवढा भ्रष्टाचार आहे,angry
"आता वेळ आली आहे त्या बीजेपी आरोपिना शिक्षा दया,,,,",angry
तिकडे गेला.. तुमच्याकडे पण आला नाही.. मग तुमच्याकडे पण मायेचा कमीपणा दिसतोय ..,sad
धक्कादायक!! ऑस्ट्रेलियाविरुद्धच्या सामन्यापूर्वी चंडीगड पोलिसांनी पीसीएकडून मागितले होते कोटी,happy
अतिशय जुलमी निर्णय शासनाने तत्काळ हा निर्णय मागे घ्यावा,angry
राष्ट्रवादी काँग्रेसच्या नेत्यांना आमच्या देवदेवतांबद्दल एवढी चीड का? भाजपा,angry
एखाद्या वर्षाच्या साहेबांबद्दल अस बोलताना लाज नाही वाटत का,angry
ह्याच्यात स्वतःच्या नावाने कंमेन्ट करायची हिम्मत नाही तो परिणामाची भाषा करतोय,angry
त्या मुर्जीचि भुर्जी होणार म्हणून घेतली माघारअन् तुम्ही कसले मानताय आभार ⁉,angry
अति लाड झाले की त्याचे परिणाम हे असे दिसून येतात.,angry
हा कार्यक्रम बंद करायला हवा.,angry
"है झाड खूपच धोकादायक स्थितीत दिसत आहे. मनीषा नगर बस थांबा, सह्याद्री चहा समोर...",fear
"वास्तविकता आहे ही इथल्या समाजाची, जातीयता, कुंठित मानसिकता, वैचारिक दीवाळखोर लोकांचा समाज आहे...",angry
त्यांनी बाप काढला होता काल म्हणून भास्कर साहेब बोलले,angry
"केशवाची चांगली करपलेली दिसते शिवतीर्थावर दसरा मेळाव्याला परवानगी मिळाली म्हणून, आग परखड होत असेल...",angry
काही खरं दिसतं नाहीं,neutral
अहो भक्त आणि ह्याचा काही संबंध नाहीच आहे बडबड,angry
हे दरवर्षीच होतं तुम्ही नवीन काय केलं अशा पद्धतीने सांगता जसे तुमच्या खिशातून दिले@,angry
"तुम्हाला देशाशी काही घेण देण आहे का. तुम्ही भक्ती करा, आम्ही जनता विचार करू.",angry
तुमच्या कडून आणि असल्या गटार तोंड्या वाचाळ प्रवक्त्या ही नाही,angry
जवळपास सर्व भ्रष्टाचारी सध्या महाशक्ती कडे आहेत ...,angry
आता एकनाथ शिंदे कडून व्हीजन ची अपेक्षा करणं म्हणजे अतिच झालं,angry
मंग चुत्या तुझ्या आहे का ?,angry
हवामान खातं पण तुम्हां पत्रकारांसारखंच झालय सर....त्यांचे पण अंदाज सूत्रांवर बांधल्यासारखेच असतात....,angry
म्हणजे अंतर्गत मारामारी झाली तरी बाहेरची हत्यारं आणायला नको,neutral
शंभूल्या लायकी पाहून बोल रे शेवटी गद्दार हा डाग कधीही पुसल्या जाणार नाही,angry
तानाजी सावंत नंतर अशी विधान केल्यास चड्डित खेकडे सोडण्यात येतील.,angry
नवं चिन्ह मिळालं खरं पण उद्धव ठाकरेंची डोकेदुखी वाढली! -,happy
"दिवसाढवळ्या मराठी दुकानदार आणि महिलांना बेदम मारहाण, सीसीटीव्हीत कैद",angry
भाजप ला मत म्हणजे देश रसातळाला घेऊन जाणाऱ्याना मत,angry
आत्तापर्यंत हे बोलायला काय तोंडात शेण भरल होत का?,angry
अतुल सुतार यांना झाले अजीर्ण. बिर्याणी ऐवजी डाळभात आणि तुंपाची धार खाऊन वैतागले.,angry
हा निखिल वागल्या तर कम्युनिस्ट निघाला तरीच तो एवढा वळवळ करतोय.,angry
कल्माबईचा नवरा उभा केला होता काय पंढरपूर /कोल्हापूर मधी,neutral
"हा डोक्यातला अंधार आहे त्या साठीच चटक्या ची ""मशाल"" लागतेच ।",happy
त्यामुळेच भाजपच्या पायाखालची जमीन सरकली आणि नाटकं सुरू केली.....,angry
आणि ला जनतेच्या न्यायालयाने दिलेला निकाल आठवला का? अक्कल वापर ना जरा.,angry
एक असतात स्वाभिमानी आणि दुसरे गांडूची औलाद म्हणून जगणारे.,angry
हे लाॅजीक जबरदस्त आहे पटल आपल्याला थोडक्यात माणूस उपाशी नाही त्याला खाता येत नाही.,neutral
याचा अर्थ आत्ता भारतात लोकशाही संपुष्टात आणि हा देश बुडण्याच्या मार्गावर आहे.,fear
ह्या आयघाल्याला पहिला उचलून भर चौकात गोळ्या घालून ठार करा. हिंदूस्थानची गद्दार आहेत हे.,angry
राहूल गांधीची तुलना प्रभू रामांसोबत हा अपमान आहे,angry
दाणा टाकून घोडा....... घेणे यालाचं बोलतात का ???,neutral
जणू ढाल तलवार घेवुन पाक बाॅर्डर वर जाणार आहेत.,angry
हिंमतच नाय होत तिकडे जायची अशा दिवसात,fear
भाजपा हा दरोडेखोरांचा पक्ष म्हणून घोषित करायच का.??,angry
झाले ना सुरू गुलाम लगेच? नशीब हे मराठी वृत्तपत्रात लिहीत आहेत.,angry
होणार नाही.,neutral
हे असले सैनिक उ.ठा. आणि सच्चे सैनिक यांची अब्रू घालवतेय,angry
तू पण *त्या आहेस आणि तुझं शेठ पण सुधरारे,angry
इंदोरला दोनदा जाणं झालं पण सराफ्यात जायचा योग आला नाही..,neutral
यांचे हेच धंदे आहेत. कट्टर धार्मिकता वाढवावी आणि सामाजिक गोष्टींनच महत्त्व कमी करायचं.,angry
सर्वात मोठा भ्रष्टाचार आहे......... जागते रहो अंधभक्त......,angry
भिकू हे त्याचं नाव नसुन त्याच्या बुद्धिमापन चाचणीचा अहवाल आहे,angry
सत्ताधारी असून धमक्या द्यायचे काम करतात भाजपाच्या मॅडम.,angry
"' ना भीती वाटायला लागलीय का,म्हणून अस्वस्थ झाले आहेत.",fear
हे खोट पहा,angry
कोणता शब्द चुकीचा आहे सांगता का जरा?,neutral
तरुणाई सह अबाल वृद्ध जनतेचा कल शिवसेना उबाठा कडे आहे,neutral
महाराष्ट्राचा उत्कर्ष होणं महत्वाचं वाटत नाही का तुम्हाला,neutral
येवढे दिवस अंधभक्त फक्त फुटलेल्या लोकांसाठी सतरंज्या टाकत बसली आहेत.,angry
काय अकलेचा कांदा आहे हा + खुळे सौ लटके म्हणतोय.,angry
"सत्ययुगात धनुष्य बाणाने रावणाचे गर्वहरण केले होते, तर कलियुगात उद्धव ठाकरेंचे केले",happy
म्हणून पळून गेलात फाटली म्हणून...,angry
रडयाने हिरवी शाल पांघरली आहे.,neutral
खुप लेट आला आज..काय स्पेशल मेन्यु नाही..सुर....मयी पहाट केली नाही..,neutral
तुझी लायकी नाही का कमवून खायची...चाट्या,angry
असे घडले होते भारतात बुद्धिबळातील फसवणुकीचे एक प्रकरण…,happy
आज काय आग लावायचा विचार आहे का वर,angry
कोरोना काळात भुमरे आणि तत्सम अंधभक्त पायाला भिंगऱ्या लावून गावभर उंडारत होते..!,angry
"या अहवालानुसार, चीनचा विकासदर भारताच्या विकासदरापेक्षा कमी आहे.",neutral
"सोज्वळ अन उद्धव? जगातला सगळ्यात मोठा खुनशी, डूक धरणारा एकमेव माणूस आहे तो?",angry
तुम्हाला सुट्टी नाही पळून जायचं नाही दाजी,neutral
काही होणार असं वाटत नाही. फारच मिळमिळीत प्रवास सुरू आहे.सरकारने लोकभावना समजुन घ्यावी.,neutral
गेली वर्षे का नाही घेतली ते आधी सांग टायघाल्या ..!,angry
अरे गप... तुझे आणि तैमूर चे डीएनए एकच आहे असे मोहन भागवत म्हणतात...,angry
नाही ते गद्दार आहेत..त्यांच्यावर विश्वास नाही,angry
कस आहेना ते खुप मोठे विषय आहेत.. ते विषय सुटायला वेळ लागतो.,neutral
पोलीस स्मृती दिन कर्तव्य बजावत असताना शहीद झालेल्या हुतात्म्यांना कोटी कोटी नमन !,happy
तुमच्या कार्यकर्त्यांना मजा मारण्यासाठी केलेली स्किम का चालु ठेवायची?,angry
याच्या मालकाची सत्ता गेल्यामुळे पिसाळला आहे हा..,angry
आमची उद्धव बाळासाहेबांची शिवसेना...मशाल पेटली आहे तुझ्या सारखे गद्दार जळून खाक होणार..,angry
माझी लायकी किती ही असू दे पण विकण्यासारखी नाही. खोकेवाला नाही..,happy
पोलिसवाल्यांना काही काम उरलेली नाहीत वाटतं !,angry
समीर वानखेडे पुन्हा वादात; आता हे आहे कारण,happy
केंद्रीय गृहमंत्रीपद तसेच राज्य गृहमंत्रीपद भाजपकडे आहेत मग वर बंदी का घालत नाहीत.,angry
या भडव्याला शेतातल काही माहिती तरी आहे का ?,angry
येड्याचा बाजार अन खूळ्याची जत्रा हा प्रकार चालू आहे महाराष्ट्रात.,angry
इस लायकी आहे लावारिस अंधभक्तांची...,angry
म्हात्रे तर सगळेच असतात पण मात्र तुम्हीच,neutral
समोरचा गुंडगिरी करत असेल तर त्याचा मुका घ्यावा अशी अपेक्षा आहे का सेक्युलर गँग ची?,angry
बहुदा बीजेपी ला कळून चुकलंय कि ही पोट निवडणूक ते हरणार आहेत....म्हणून हा सगळा अट्टाहास.....,happy
तरी ट्विट कमी आहेत पांडे पूर्ण थ्रेड टाकत जा रे बाबा,neutral
कुठलीही चकमक होते तेव्हा अंगाला दुखापत होतेच,neutral
द्यावी की नाही याची पण भीती वाटायला लागली आहे भाऊ,fear
या तिघांनी तर यांची फाडून ठेवली,angry
मी तर विचारतच आहे पण लोकशाही चा चौथा स्तंभ कशाला म्हणतात भावा,neutral
तसच वाटत होत माहीतीय का..आणि कसले फोटो अरे..- ला असते तशी गर्दी,neutral
"त्यात धक्का काय खोके सरकार निवडणुकीला घाबरत आहे इतकंच,",angry
सर महाराष्ट्रात रस्त्यांची खुप दुरावस्था झाली आहे,neutral
हा राणा टपाल्या दिसतो की हवालाचा व्यवसाय करतो यांचीच चौकशी झाली पाहिजे,angry
हे तुमच्यासारख्या गद्दारांनी शिकवावे मुळात हेच हास्यास्पद आहे,angry
मावळच्या जनतेने तुम्हाला तुमची जागा दाखवली. लोकं तरी होती का सभेला,angry
"हा गद्दारनाथ उद्या झाडू वाले पण, नेतील बरोबर",angry
बुधवार आहे म्हणजे किती पण खोटं बोलायचं का. हे बरे नव्हे अध्यक्ष महोदय,angry
ज्या मुली खऱ्या प्रेमाच्या शोधात असतात त्यांना मी का नसेल दिसत,sad
हो का? ह्यांना अडीच वर्ष डोकयावर कोण घेतल होत?,angry
तुला बाळासाहेब वंदनीय नाहीत असं म्हणायचं आहे का?,angry
"छगन्या लायकीत रहा, आताच तुरूंगातून बाहेर आला आहेस.",angry
तुम्हाला आता नक्सल असणाऱ्या लोकांचा पण पाठिंबा चालेल कारण आपलं अस्तित्व संपलेले आहे..,angry
भाऊ किती फालतू युक्तिवाद करणार. थोडी तरी लाज बाळगा तुम्ही पत्रकार आहात असा ऐकलंय,angry
"राव,,, हे सगळे एकाच शाळेचे विद्यार्थी दिसतात..",neutral
म्हणजे पवार साहेबांना तुम्ही कमी लेखत आहेस,angry
"तुमच्या सारखे, हार्ले, लोणावळे-पुणे रविवारी स्पीड लिमिट च्या वरती चालवतात हे बरोबर आहे का??!!",angry
भयंकर आहे हे.,fear
हे तरी आहेत का सोबत...सगळे गद्दार... उध्दव च सर्वश्रेष्ठ.,angry
"मुंजीच्या भुर्जी भाजपाच करणार, कारण पडणार हे पक्के आहे.",angry
हे पण बोगसच,angry
तुम्हाला अवार्ड भेटला आहे लक्षात ठेवा. आता बोलताना तारतम्य बाळगा. दोगलेपणा बंद करा,angry
अभिव्यक्ती स्वातंत्र्य म्हणजे बंगल्यावर आणून मारहाण रे भाऊ... तुम्ही जामिनावर बाहेर आहेत..,angry
ते कुत्रेही मोठ्या साहेबांचे वफादार होते.. वडापाव सारखे गद्दार नव्हते,angry
पण लोकांना हे कळत नाही की सत्तेत कोण बसावं हे जनता ठरवते...,neutral
ज्या व्यक्तींचा वैयक्तिक दृष्टिकोन नाही. .त्यातून काहीही शिकण्यास सक्षम नाही,neutral
गप यार तू तुला पहिले कि शिवसैनिकांचा दिवस पण नीट जातं नाही,angry
धंदा करण्यात रिस्क आहे असे म्हणनाऱ्या % लोकांनी कधीही धंधा केलेला नसतो...,neutral
चित्ते आणून..... बनवायचं काम चालू आहे,neutral
आणि जातीवाद पण आहे थरूर मध्ये... हे दाखवायला विसरतात जे खर्गेंचा विरोध करत आहेत.,angry
आज पासून परत भक्तांवर लक्ष केंद्रीत करणार आपल्याला एक वायाला गेलेली पिढी सुधरवायची आहे,neutral
अतुल्या चाट्या आहे तू,angry
"जाहीर निषेध, सक्त कारवाई झालीच पाहिजे... ही संघटना संपवलीच पाहिजे.",angry
ईथे तर घरकोंबडा तर तयारीतच बसला होता,neutral
भ्रष्टाचार आहे गद्दारांचा......,angry
सिगरेट मुळे पण वायुप्रदूषण होते हे हि लक्षात असुद्या,neutral
तुमचा तर यंदा एकपण नगरसेवक निवडून येणार नाही.. देशपांडे तर लांबची गोष्ट आहे,angry
राख झाल्याशिवाय राहणार नाही गद्दरांची आणि त्या टरबुज्याची पण,angry
कारण तुमच्या सारखे खुप बधिर ह्या देशाचा युवा म्हणुन मिरवतात.,angry
घरा घरात जाऊन द्या. मत मागायला जातात.फराळ घरात घरात जाऊन द्यायला काय होत.,neutral
सार्वजनिक समस्या माझ्या नावाने खपवातात ताई हे...,angry
हे दिल्ली वारी मध्ये पुर्ण शिजलेलं दिसतंय अत्यंत चुकीचा निर्णय घेतला आहे न्यायालयाने,angry
उपर्यांची सण साजरे करायला काय हे यूपी आहे की बिहार काय गरज याची.,angry
थांबवा आता ब्राम्हण द्वेष... कायदा सर्वांना लागू करायला पाहिजे ..,happy
गिरीश कुबेर आणि राजीव खांडेकर हे पत्रकारितेला कलंक आहेत असे माझे स्पष्ट मत आहे.,angry
तुम्ही दोघे हे असल काही करता म्हणून पोर कुठ घेऊन जात नाही,angry
"काँग्रेसी लोक त्यांनाच तर दिवस रात्र आठवतात, त्यांना नामोहरम करण्यासाठी पावसात भिजतात.",neutral
अरे हा काही बोलतो,angry
"फक्त पुणे पुरते का?संपूर्ण महाराष्ट्रात का नाही?इतर महाराष्ट्रातील जनतेने तुमचे घोड़े मारले व्हय,तव्हा.जय महाराष्ट्र.",angry
"या चार कारणांमुळे कमी वयात जाडतोय कॅन्सरचा आजार, तुम्हीही राहा सतर्क",fear
"हे मायावी जाल आहे, मुख्य मुद्दा भरकटत गेलाय.",neutral
यावरून स्पष्ट होतंय की तुम्हाला मुख्यमंत्री पदाची लालसा होती.,angry
अरे चुतिया ...काय बोलतो तु.दारू पिऊन तर नाही बोंबलत.,angry
जे गेले होते त्यांना हाकलून द्या गद्दार आहेत ते,angry
अगदी खरं आहे.. व्हिडिओ काढू देतो बाबा हे पण शेवटी बोलतात...सगळं कारस्थानी,angry
श्रीमंत झालेल्या तथाकथित पत्रकारांची पण चौकशी एकदा झाली पाहिजे,angry
आरएसएस पदाधिकाऱ्याच्या घरावर असे फेकले पेट्रोल बॉम्ब,fear
: “शाळेत सरस्वतीचा फोटो का पाहिजे?” छगन भुजबळांच्या वादग्रस्त वक्तव्याने चर्चाना उधाण,happy
भाजप ने पुणे मनपा लुटून खाल्यावर असच होणार होतं,angry
"काल बाणेर कडून शहरात येणारा रस्ता पण पाहण्यासारखा होता, अनेकांच्या ' अक्षरशः वाहून जात होत्या.",happy
श्याम नाहीत ते षंढभक्तांचे पप्पा आहेत सूसू ची नाली,angry
सरोजिनी देसाई त्यांचं नाव आणि त्यांच्या पतीची हत्या केली म्हणून - शिवसैनिक जेलमध्ये होते.,neutral
हरामखोर नुपूर शर्मा आणि ब्राह्मणवादी गॅंग ही मुख्य आरोपी आहे...,angry
तुझ्या सारख्या रोगाटाला कंपाउडरच आठवणार.. लई नको भोकूस नाही तर देतेल गचपडीच्या गोळ्या.. संडासवीरा..,angry
केंद्रीय गृह मंत्री काय फक्त प्रचार आणि सरकार पडायला आहेत का ?,angry
अखिल भारतीय मदीराप्रेमी लोकांचा हा घोर अपमान आहे,angry
तुम्ही गाठली ती पातळी सर्वात खालची होती.,angry
पक्ष चुकीच्या हातात आला की अशी अवस्था होते...,angry
अरे तुमचे संशोधन काय? तुम्हाला काय गोट्य खेळायला नेमलय का?,angry
"तेव्हा ‘हा’ समंजसपणा कुठे जातो? पुण्याच्या पावसावरून फडणवीसांना पेडणेकरांचा खोचक सवाल; म्हणाल्या, “पुण्याची सत्ता…”",angry
"व्हिसाच्या नावाखाली महिलेला लाखोंचा गंडा, पोलिसांनी आरोपीला 'असा' केला जेरबंद",angry
देव अक्कल वाटत असताना हे साहेब झोपले होते. त्याचा हा परिणाम.,angry
यांचे हाल आसेच होणार,angry
तुझ्यासाठी काय कमी मोठा झटका आहे का अंब्या,happy
शिवसेनेत भरपूर शिवसैनिक होऊन गेले तुझ्यासारखा गद्दार नाही पाहिला,angry
हे कधीच शक्य होणार नाही.,neutral
"कायदा माझ्या बापाने लिहिलाय,त्यामुळे… गुन्हा दाखल झाल्यानंतर सुषमा अंधारे यांची प्रतिक्रिया",angry
: प्लास्टिकमुळे वाढली भीती; आता आईच्या दुधातही सापडले मायक्रोप्लास्टिक,fear
हा भाजपा चा विकृती आघाडी प्रमुख आहे,angry
गाडे तु तरी कधी खर ट्वीट करतो का चालला मुळासकट काढायला,angry
असा नाय काय यम्या पण म्हणु शकतात,neutral
| ‘या’ प्रसिद्ध बालकलाकाराने घेतला जगाचा निरोप…,sad
नाना बद्दल कवडीचाही आदर नाही...,angry
अणूयुद्धाची शक्यता जलद गतीने वाढत आहे ! – उद्योगपती इलॉन मस्क,fear
तुमचे तर पिण्याच्या पाण्यात सुसु करायला निघाले होते,angry
दोन घरफोड्याच्या घटना; एक लाखाचा ऐवज चोरट्यांनी केला लंपास,neutral
सर्वपक्षीय भ्रष्टाचाराचा अजून एक नमुना... पहिला म्हणजे मुंबई पुणे एक्स्प्रेस हायवे.,angry
"विषारी हिरवे साप आहेत ते, डोक्यावर बसवून घेतलंय त्यांना, ठेचले पाहिजे होते वेळेत",angry
स. सुप्रीम कोर्टाने दिवसभर वेळ खाण्याची काहीही गरज न्हवती. सकाळीच निकाल देऊन मोकळं व्हायचं होत.,angry
असा नीचतेचा कळस गाठणारा माणूस....आणि ह्याला पुजणारी लोक...काय म्हणाव???,angry
म्हणजे नक्की काय केलं जमिनीवर उभे राहून फुक मारून ढगांना दूर लोटत होते का?,angry
": शिवसेना का फुटली?, रामदास कदमांचे वक्तव्य चर्चेत, म्हणाले…",neutral
शेतकऱ्यांचा जीव गेल्यावर परिस्थिती निर्माण होईल का ओल्या दुष्काळाची.?? नीच सरकारचा जाहीर निषेध...,angry
थांबलोच होतो - हा खट्याळ पणा कसा सुरु नाही झालं म्हणून,neutral
हे बॅण्ड वाजवणार आणि पत्रकार नाचणार.. जनतेचं बिना तिकिटात मनोरंजन....,angry
आणि कोणाला तरी अख्खा महाराष्ट्र सोनीयाला द्यायचा आहे.,angry
गुजराती ला शिव्या देता आणि मतांसाठी गुजराती मध्ये प्रचार करता किती हा दुटप्पीपणा,angry
यावरुन हेच सिद्ध होत कि हा इंडेक्स बनवाणाऱ्याच डोक गटारात सडलेल आहे.,angry
तुम्ही याचा काटा काढला आणि सहकारी मंत्री मंडळात समावेश केलं नाही,neutral
लटके कोर्टात गेल्या तेव्हा झोपला होतास का? तेव्हा संस्कृती कुठे होती,angry
कोल्हापूर पोटनिवडणुक वेळी भाजप ही परंपरा कोठे तेल लावायला गेलती का ?,neutral
आता या कोणी दाबल्या रे... बघा कसा विव्हळतोय हा..!,angry
जनमानसात सामान्यात डागाळलेली प्रतिमा परत मिळणार नाही मतदार राजा कधीच यांना माफ करणार नाही,sad
ही ह्या भाजप वाल्या लोकांची लायकी....!,angry
राजसाहेब यांनी तोंड बंद ठेवायला सांगितलं आहेना मग.... आदेश पाळणार नाही का,angry
"फडणवीसला वाटत असल, कुठून अवदसा सुचली आणि ही गाढवं इकत घेतली...",angry
जो डास मारू शकत नाही त्यांना धनुष्यबाण हे चिन्ह अज्जीबात शोभत नाही...,angry
बिग बींच्या ‘त्या’ एका गोष्टीमुळे किंग खान शाहरूखच्या मनात भीती,fear
केडीएमसीच्या सहकार्याने होत आहे नवीन डंपिंग ग्राउंड,neutral
सत्ता गेल्या गेल्या रस्त्यावर उतरवले जनतेने,neutral
उगा नाटकी करू नको.. आणि नीट धर ती प्रतिमा...,angry
त्यामुळे तुमचा टाईम खराब आहे,neutral
चैनस्नॅचरांचा सुळसुळाट; दोन महिलांच्या गळय़ातील सोन्याचे मंगळसूत्र दुचाकीस्वारांनी केले लंपास,neutral
भाजप ला मत म्हणजे भ्रष्टाचारात मत,angry
"पळून गेलात दादा मैदान सोडून, असा कसा चालेल.",angry
तुझ्यावर चिवसेनेने केलेल्या कारवाईचा विसर पडला का ? थोबाड फोडलेलं ना ?,angry
आजारी वगैरे काही नाही शहांनी सारख सारख दिल्लीला बोलवून बेजार केलंय नुसतं,angry
कामापुरता... उगचं लांबड नाही ..,neutral
"""उद्धव बाळासाहेब ठाकरे"" शिवसेना निवडणूकीत काय प्रचार करणार? ""बाळासाहेबांच्या शिवसेनेला"" पाडा म्हणून...??",angry
ते बाळासाहेबांचे सैनिक आहेत तुम्ही मोदी भक्त होते का,angry
एव्हढा पैसा कोठून आणला याची पण ईडी मार्फत चौकशी हौणार का? .....,angry
लाजा सोडलेले लोक आहेत हे,angry
आता फक्त एवढंच बघायचं राहील होत येड्याचा बाजार आहे खरच,angry
प्रोपोगंडा चालवतात हे लोक.,angry
च्युतिया आहे का बिनडोक,angry
"चोराच्या उलट्या बोंबा, ही म्हण ऐकलीये का तुम्ही",angry
तो निळा शेनिक तेलतुंबडे आतंकवादी दहशतवादी होता,angry
सर्व पक्षांनी का? भाजपने घाण केली आहे असं अजूनही वाटत नाही का पत्रकारांना?,angry
पुण्यवान माणसा मग त्या लाचार उठाचा नाद सोड का आयुष्य खराब करतो स्वतःच.,angry
झोप आता डायपर लावून पिलू ...,angry
‘महाराष्ट्राची राजकीय संस्कृती’ हा सोईचा भोंगा आहे.,angry
"वैभव,तुझ्यासारखा तरुण,तडफदार,आणि एकनिष्ठ लोकप्रतिनिधी आम्हाला सावंतवाडी मतदारसंघालाहि लाभो,ही दूर्गेचरणी प्रार्थना.",happy
पेढे वाटा पेढे.. महाराष्ट्र बदनाम होत आहे.,angry
याला याच्या ऑफिसच्या दारात बस मधून उतरायचे होते म्हणून हा तांडव चालू आहे.,angry
"ढाल-तलवार चिन्ह मिळवून उपयोग काय, आयुष्यभर च्या पदराखालीच लपायचं आहे तुम्हाला.",angry
सुशांत सिंग राजपूत कडेच आहे केस.... किती जण अटक केले तरबुज नी....,neutral
सगळ्यात जास्त वाईट तर गावठी पोलार्ड च झालं...बिचारा घरोघरी जाणार होता..,sad
तुला हे बोलण्याचा अधिकार तरी आहे का?रक्षक बन गया भक्षक.,angry
शेटजींनी बोलावे आणि बुद्धी गहाण टाकलेल्यानी मान डोलवावी.,angry
ह्या असल्या गिधाडा कडून कसली अपेक्षा करताय.... नीचं पातळीचे लोक आहेत हे...मूर्ख,angry
मग वकील पण काय आता भाजपानेच द्यायचा का चांगला,angry
उगी उगी.. आपण त्यांचं नाव मॅडमला सांगू.. मग बसा म्हणावं बोंबलत...,angry
दत्ता तुला माहित आहे का ह्याच सरस्वतीवर ब्रहमने बलात्कार केला आहे,angry
सुशांतसिंग राजपूत आणि दिशा सलियान यांचाही आत्मा न्यायासाठी तळमळत आहे !!,sad
ए भवानि हे कोणा साठि आहे ते ही सांग।,neutral
तुम्ही कायम हे असे फोटो एडीट क्रॉप करूनच खुश राहणार,angry
आरोग्यमंत्र्यांच तोंड आहे की गटार??? म्हणे आताच मराठ्यांना आरक्षणाची खाज का??,angry
श्रद्धेवरील पुरोगाम्यांची टीका आणि खंडण !,neutral
... कोणती कुठंही पोरगा काय नगरसेवक होतं नाही.. चिमण्या,angry
या महिला काय स्पेशल आहे का अट शिथिल करायला?,angry
बरोबर आहे मुलाखती पासून अंधभक्त नाना वर खूपच भुंकत आहेत,angry
इथे बरा हो बोलशील आणि तिथे उमेदवार पण तुम्हीच देणार पोटनिवडणुकीला....हरामखोर....,angry
"हे संघवाले , गाईच्या मुत्रचे भक्त.",angry
"आधी धनुष्यबाण गेलं, आता मशाल ही गेली",sad
पुण्यावर किती वर्ष सत्ता होती पुण्याला लुटून लवासा गिळला,angry
माझ्या संपर्कात पण - बाळासाहेब नावाचे लोक आहेत तेपण याचे बाप आहेत का?,angry
शिवसेना आहे ना. गद्दारांना दिसत नाहीये ती,angry
नियमात बसून पण कर्जमाफी न झालेल्या शेतकऱ्यांना दिलासा कधी मिळणार,sad
तुझ्यासारखंच अण्णाजी ने तिला पण सोडल आहे भुंकायला,angry
स्वतःला शुद्र शुद्र म्हणून करोडपती झाला हा,angry
हा माणूस मुख्यमंत्री झाला आणि जणू महाराष्ट्राला पनवतीच लागली,sad
आतापर्यंत झोपला होता का,angry
श्रीलंकेचा प्रमूख वेगवान गोलंदाज दुशमंता चमिरा दुखापतीमुळे टी विश्वचषक स्पर्धेतून बाहेर झाला आहे.,neutral
आता दिवाळी सुद्धा आंधारातल्या कोठडीत..,sad
"पाण्याचा फुगा बेतला जीवावर, तरूणाचा दुर्दैवी मृत्यू .//…",sad
राजीनामा द्यावा आणि निवडणूक लढवावी,neutral
वाद कसा होऊ शकेल उद्धव साहेबांना सोफ्टी आईस्क्रिम दिले आहे त्यांना मशाल वाटले,angry
निकाल सप्टेंबर महिन्यात लावणार होते... माननीय आयोग ऑक्टोंबर मध्ये अंतिम उत्तरतालिका देत आहे.,neutral
सरंजामशाही व घराणेशाही चे उत्तम उदाहरण. ठाकरे शिवाय बाकी सर्व चपलेची धुळ,angry
"तुम्ही फक्त मुस्लिमांचे लांगुलचालन करा,बाकी महागाई वाढली ती कमी करायचं काम मोदी करतील.",angry
हि डब्बा संघटना फ्रॉड आहे तुमच्यासारखी,angry
जनतेने विरोधी पक्षनेते पद देखील मिळणार नाही आशी काँग्रेसची लायकी ठेवलिय,angry
जशी तुमच्या डोक्यात गेली बर झाल हे तुम्हीच मान्य केल खाजप महाराष्ट्र द्रोही,angry
राठोड चा मांडीला मंडी लावून तुम्ही बसणार आणि दुसऱ्याला अक्कल शिकवणार का।काकू,angry
"अशी अफवा पसरली आहे की, काकू सुध्दा सुरत ला जाणार आहेत..",neutral
जास्त रडू नका आता बस करा.... दररोज उठून रडत बसायचं सोडून द्या,angry
हा हासून रायला का रडून राहिला बे,angry
जगातील सर्वात रिकामचोट जमात म्हणजे शिल्लक शेणिक,angry
सकाळी आंदोलन आणि रात्री वेश बदलून जाऊद्या टिपा द्याला,angry
"मुलगा विश्वासघातकी, ऐतखाऊ, खुनशी, घमंडी व आळशी कर्तृत्वशून्य आहे. फुकटचंबू बाबूराव!",angry
नाना ईतका ढुंगणात जोर आहे तर राहुल गांधी ला महाराष्ट्रात निवडून आणून दाखव की,angry
काहीही बोलतो का रे,angry
माझ्यावर टीका करण्याचं कंत्राट काँग्रेसने दुसऱ्याला दिलं आहे – पंतप्रधान मोदींचं विधान!,angry
तुम्हाला महाराष्ट्रातील जनता एकाच नावाने ओळखते ते नाव म्हणजे,neutral
भुंकायला तुला पाठवलाय का ... हाड हाड.....,angry
"त्यांच्या आवाक्याबाहेर आहे, म्हणूनच हे धार्मिक मुद्दे सामोर करतात।",angry
मराठमोळी लटके ताई तिला जो त्रास देताय हे जग विसरणार नाही,sad
यशस्वी माघारची दिली का?,neutral
काही श्वान सभेत कशाला घुसतात?,angry
"हे म्हणजे, लग्न दुसऱ्याचं अन् नाचतय येड्या भो*च!",angry
सगळे मिळून येड्यात काढत आहेत जनतेला,angry
ज्यांच्याकडे साधा उमदेवार नाही त्यांना बाळासाहेबांची शिवसेना हवी आहे.,angry
आधीपासूनच रडके आहेत ही लोकं,angry
दादा यांना पोकळ बांबु चा प्रसाद दिल्याशिवाय हे लोकं सरळ होणार नाहीत..,angry
उद्धव साहेबंनी तुम्हाला लायकि पेक्षा भरपुर दिले होते म्हणुन तुम्ही गद्दारी केलीत काय,angry
बाळासाहेब तर तुमच्या बापाला ठणाणा शिव्या द्यायचे हा बहुधा प्रेमळ शिव्या असतील त्या,angry
मग ते दहशतवादी मुस्लिम तुमच्या मध्ये काय करत होते????,angry
बायकांनी मनाची तरी लाज ठेवावी...कूंक हे कपाळावर गोल लागतं.. उभं नाही..,angry
"आईच्या दूधात आढळलं ‘मायक्रोप्लास्टिक’, धक्कादायक माहिती समोर",happy
"कमला बाईनी भलताच भुलवला आहे, नादाला लावला आहे",angry
टच केले तर राजीनामा देणार होता गद्दार.... आता काय?,angry
अतुल तुझ्याकडे या भुंकणाऱ्या बघून कुत्र्यांची आठवण होते,angry
पप्पू ची गोटी आहे ही,angry
महागाई वाघावाण्याचे तंत्र आहे हे. बघा पूर्वीचेच दर आणतात ते काय? आणणारच नाहीत.,angry
हा माणूसच आहे त्याचे ट्विट काय घेऊन बसलात,angry
याला ब्रह्मास्त्र नाही खालच्या पातळीचे राजकारण बोलतात,angry
अवघड जागी दुखन आणि जावयी डॉक्टर अशी परिस्थिती झालिये अंध भक्तांची,angry
आपण गद्दार विचारश्रेणीतुन बोलताय हे न समजण्या येवढा दुधखुळा आत्ता महाराष्ट्र राहीला नाही,angry
नाही मराठी कुत्रकारांना मात्र पाकीट म्हाडा फ्लॅट निश्चित देणार,angry
"""मीडियाकडून अभिव्यक्ती स्वातंत्र्याच्या नावाखाली फूट पाडण्याचा प्रयत्न होत आहे."" -संरक्षणमंत्री राजनाथ सिंह",angry
अतिवृष्टीने नुकसान झालेल्या शेतकऱ्याच्या चिमुकल्याची ही व्यथा ह्रदयस्पर्शी आहे..! ओला दुष्काळ..!,sad
सरकार तुपाशी आणि जनता उपाशी... जय महाराष्ट्र,angry
अंध भंक्तांसाठी भिक मागायची व्यवस्था करण्यात आली आहे,angry
माझ्या समोर असे घडत असते तर धुनाई केली असती. एखाद्याला तरी चांगलच ठोकल असत.,angry
त्यांना आपले महत्त्व माहिती नाही अजून बहुतेक,neutral
खेळण्यासारख्या वाहून गेल्या कार... पुण्यात पावसाचा धुमाकूळ,sad
जुलाब झालेल्या वेक्तीला पण जग पिवळं पिवळं दिसते,angry
साहेबांबद्दल असले तर्क लावताना तुमची जीभ कशी जड पडली नाही..,angry
"तुझ्या बापाच्या वयाचे आहेत ते, तू बापाशी असाच बोलतो का रे",happy
"फक्त वसुली आणि लूट हाच हेतू आणि साध्य,समस्या सोडवणे हा हेतूच नाही.",angry
आता मनसे वाल्यांनी हळूहळू पहिल्या सारखं भाजपवर पण टीका करणं चालू केलं तरी चालेल.,neutral
इथे कारवाई का होत नाही,angry
हे काही कळत का तुला तु कोण लवड्या बोलणारा,angry
सीएनजीच्या वाढत्या दरामुळे आता रिक्षा आणि टॅक्सी दरवाढीची टांगती तलवार नागरिकांवर आहे.,fear
चूक आहे... ही सहानुभूती नाही निष्ठेचा ज्वालामुखी आहे.,angry
रामदास रडला होता तेव्हाच झाली दादा लागू,sad
हा नाच्या वाकड्या पवारचा गुलाम आहे. डोक वाकड्याच अन नाच्या चे.,angry
त्यांनी बंडखोरी केल्याने ते त्यांना मिळेल असे वाटत नाही!,angry
तुम्ही का उरकू लागायला येताय चव चाखली की काय,angry
डिलिट केले कारण ट्विट अगोदर दोन जणांनी टाकले होते लवडेश्र्वर,angry
कोथळा सम्राटला कधी शहानपन सुचणार काय माहित आयुष्यात कधी पत्र लिहीलय का किंबहुना सम्राटांनी,angry
भाषा ही फक्त भाषा असते ज्ञान नसतं रे गोट्या..,angry
राजकारण्यांच्या फेकलेल्या तूकड्यांवर जगणारी जमात आहे ही,angry
"हा परीवार वाद नाही का,",neutral
हत्ती वर भुंकणाऱ्या कुत्र्यांना हत्ती भिक घालत नाही,angry
पालघर प्रकरण जाळून खाक व्हायची वेळ आली आहे.,angry
का नाही? ते काय देव आहेत का ???,angry
लोकसभेला माढा मध्ये महाराष्ट्राच्या तथाकथित चाणक्य ची अशीच फाटली होती...,angry
अजिबात नाही शिंदे आणि भाजप हरणार होते म्हणून भाजप ने हार मानली,angry
खाल्लेल्या ताटात हगणारी ही लोक,angry
हा अंब्या सगळ्या जगाला ज्ञान देतो पण स्वता मात्र फाटका रहातो.,angry
. वर्ष गप्प का होते सांगणार का? सत्ता गेल्यावर कसे जागे झाले?,angry
"मी अंतराळवीर आहे, पृथ्वीवर येण्यासाठी पैसे हवेत, महिलेला लाखोंचा गंडा...",angry
संजय राऊत सारखा चुत्या आणी बिनडोक व्यक्ती पुन्हा होणें नाही.!,angry
"कोणाला जाऊन चिकटले शेनके, लाल सलाम म्हणून विचारलं.",angry
लायकी आणि किंमत लाचार बनविते... याचे उत्तम उदाहरण।। शिव शिव।।,angry
भल्या माणसा सुशांतसिंग केस वेळी झोपला होतास का,angry
ढोंगी लोक आहेत..हे,angry
मग रात्री बेरात्री वेष बदलून काय गोठ्या खेळत होते का,angry
हीच्या आईला लावा रे कोणी तरी.. पूर्ण दिवसाची वाट लावली मेसेज करून,angry
अशे हॅशटॅग घेऊन काही होत नसत रे,neutral
भंपक नाना आहे सगळं शहाणपणा फक्त याच्या कडेच,angry
नाचता येईना अंगण वाकडे अशी तुमची अवस्था आहे मोहोळ साहेब,angry
शेतकऱ्याचे सगळं नुकसान झालेला आहे त्यामुळे ओला दुष्काळ जाहीर करावा,sad
नाना पाटेकर यांच्याकडून आजच्या पिढीने आदर्श घ्यावा असे काहीही नाही.,angry
"भाजपा म्हणजे भाजकी,जळकी पार्टी त्यामुळे ते असेच जळके लिहिणार,जैसी जीसकी सोच",angry
असेल हिम्मत तर मनसे नी उमेदवारी द्यायला हवी होती,angry
चा गॅस तीन पट झालाय हे का सांगत नाही भेकडांनो,angry
गद्दार नाव हे खुप छान शोभतं नावापुढे चिंधे गटाला,angry
सरसंगचालक कुठले बंधन घालून गेले होते मस्जिद मध्ये,neutral
बापाला पण असच बोलतो का बाळा,happy
अत्यंत दुःखद झालं....आणि राष्ट्रगीत नाही आहे राष्ट्रगान आहे!,sad
-----आणि सूक्ष्मदर्शकाच्या सहाय्याने पण पाहाता येत नाही.,angry
तुमची भुमीका ला समजली. कशाला उगाच असे करुन स्वतःच हास्य करुन घ्यायचं.,angry
आधिच भक्त च्या बुडाला काजळी आली,angry
पाकिस्तानी तो फेकू होता जो तिथं बिर्याणी खाऊन आला,angry
हे आम्हा शेतकऱ्यांच्या बैलांचा अपमान आहे हे अजिबात चालणार नाही ..,angry
"डोक्यात नाही बळ ,पन छातीत सदा कळ. असा हा कुजबळ..!",angry
कोणीतरी मागे म्हणालं होतं की ही तर बीजेपी ची रानु मंडल! डुप्लिकेट!,angry
"भारत जिंकला ना,मग होताच तो नो बॉल",angry
सच्या तुझ्या बुडाला आग लागली म्हणजे तुला महाराज किती समजले हे समजलं की... भाकऱ्या,angry
मी स्वतः मेकॅनिकल इंजिनिअर आहे भाऊ आणि आपल्याला काही असते हा आपला गैरसमज आहे,angry
हा घ्या तपशील आणि करा भुंकायची सुरवात,angry
हा वेडा आहे सगळे बिनधास्त होते याचं सरकार असताना .,angry
ज्यांनी बारामतीच्या सांगण्यावरून आमदार सोडले ते धनुष्यबाण गेला तर काय दुखी होणार!!?,angry
लोकशाही वाचवण्यासाठी आणि हुकूमशाही ला विरोध करण्यासाठी. या केंद्रांतील हुकूमशाहीच्या विरुद्ध महाराष्ट्र पेटून उठला.,happy
लायकी किती आणि बोलतो किती.. कशाला फालतू चे ट्विट करून स्वतःची इज्जत घालवतो...,angry
याला उगी तुम्ही केला हे तर पदराखालच शेम्बडं निघाल,angry
च्यायला यांच्या...यातसुद्धा लबाडी....गुजराती म्हणजे जागतिक दर्जाचे लबाड आणि बंडलबाज....,angry
अतिशय वाईट आहे हे सगळ! ह्यांना गावातल्या प्रथा...पूजा.. ह्यांचा ही आदर नाही?,angry
अरे हा पण अर्धवट आणि याची माहिती पण अर्धवट.... खोटं बोल पण रेटुन बोल,angry
"टोंडातून गटार ओकणारा हा नाच्या भास्कर, तू काय आता म्हशी भादरतो का रिकामटेकड्या",angry
पांढर्या कपड्यांची वाट लावायला आला हा पाऊस..,angry
आज दारि्द्र वाढवणारा दिवस साजरा केला तर चालेल का.? सर्व राजकारणी चोर आहेत.,angry
तुम्हाला नीच राजकारणी असं म्हणायचं आहे का?,angry
याच्यामध्ये मतदाराचा काहीच फायदा नाही जो तो आपली पोट भरायचा प्रयत्न करतोय,angry
भविष्यात हा व्यक्ती पुण्यात मोदीजींचे मोठ्ठाले बॅनर लावण्यापुरताच उरेल..!!,angry
हा कोलतोय ते बघा.. ह्यांना काही बोलणार कि सेटिंग झालेय??,angry
कविता वाचून मतदान होत नाहीं रे बाबा,angry
कठीण आहे,neutral
सावंत साहेब हे बोलणे तुम्हाला शोभते का..?,angry
हा येडझवा तिवारी,angry
आले होते सहाव्या मजल्यावर निवद ठेवला होता पण ते पहिल्या मजल्यावर घुटमळत होते,angry
मशाल समुद्रात बुडवणार होता हा कुले...,angry
हा आशिष शेलार दरिद्री निघाला रे देवा.... काय काय करू लागला ....,angry
नौटंकी पप्पूची लायकी आहे का मोदींचे नाव उच्चारण्याची?,angry
"धनगर समजाला आरक्षण मिळाले नाही, यावर गप्प का टोपीचंद...",angry
तुझं धड आहे का आधी ते पोरांना नादाला लावतोय,angry
साहेब हया वेडी कुठे जिले होते हैं तुमचे विचार ?????,angry
बिस्किट खाणार्या वात्रकार दिवसेंदिवस गरीब होत आहेत,sad
पासून भरत्या रखडल्या आहेत तेच काय झालं राणे साहेब,neutral
तरीही हा सुधारला आहे का? लातोंके भूत बातोंसे नही मानते,angry
नास्रिक. जाणिवपुर्वक करतात हे. बाप तशी बेटी,angry
अजुन काही रडगाणे ?,angry
गद्दार तर बरेच पाहिले.पण तुमच्यासारखे खाल्लेल्या ताटात हागणार पहिल्यांदा पाहिले.,angry
बंडा मुळे आमच्या च पक्षातील गद्दारांची आणि तुम्हा अंधभक्त लोक्कांची लायकी समजली,angry
शिव्या खाणे हा अंध भक्तांचा जन्मसिध्द अधिकार आहे का,angry
"भावपूर्ण श्रद्धांजली..! एक अत्यंत सच्चा, हाडाचा पत्रकार आणि मित्र गमावला...",sad
समाजाची शोकांतिका आहे ही,sad
सरकार बंद च करतेय शाळा...आता कोण नाही करत शाळा,happy
काय तो विचार काय ती गद्दारी तुमची सगळं कस वोके मध्ये हाय की,angry
हे व्हायला नाही पाहिजे खरं तर.. कोणी कितीही मोठा का असेना..,sad
तु कितीही हाण फावडं.... पण घरातच राहणार घरकोंबडं...,angry
कारण हा मुलगा आणि नातू बारामतीच्या वळणावर्ती गेला आहे. हिंदुविरोधी,angry
हे असे बोलतात जसे फुले आंबडेकर यांच्या बरोबर ह्यांनी काम केले होते,angry
"हृदयावर दगड ठेवा आता, खोट जास्त काळ टिकत नाही",sad
का शेतकऱ्याला दिवाळी आहे का नाही साहेब,angry
भारताच्या वर्तमान आणि भावी पिढ्यांच्या राष्ट्रीय आणि सांस्कृतिक उन्नतीसाठी बॉलिवूडचा ऱ्हास अपरिहार्य आहे.....!,angry
राजकारणी कसा नसावा याचं उत्तम उदाहरण म्हणजे हा फावडा...,angry
कपटनिस दररोज आपली पातळी ओलांडत आहे,angry
मीडियावाले आणि विरोधी विचाराचे भक्तांना विरोध म्हणून चित्रपट पहायला जातील..,angry
त्यामुळे पन डॉलरच अजून घट्ट होणार,neutral
त्यांना हे म्हणायचंय कि सरकार हुशारांचं नाहीए जनता मुर्ख आहे,angry
अगदी खरं आहे. किडच आहे भ्रष्टवादी ही महाराष्ट्राला लागलेली मढ्याच्या टाळुवरचं लोणी खाणारे..,angry
आपण खरंच अभिनंदन करत आहात की गृहमंत्री काहीच कामाचे नाहीत हे दाखवून दिलं आहे,angry
हे आपल्याला हसविण्यासाठी आहे ना.. आपण किती मस्करी अजून सहन करायची,angry
"ते ""गोडबोले"" होते म्हणून चवताळले बाकी काही नाही.",angry
बिजेपी ला मत म्हणजे पुलवामा मधील शहीद जवानांना मारणाऱ्या अतंकवाद्यांना मत.....,angry
तू मुख्यमंत्री होणे हा महाराष्ट्राचा अपमान आहे,angry
तू मर्द आहे का?,angry
याच्या तोंडून एक शब्द पण नकोसा वाटतो ऐकायला.... विदूषकि आहे हा माणूस,angry
तोपर्यंत शिंदे गट टिकेल का याची काळजी करा तुम्ही.,angry
हा एडिट केलेला फोटो गुलामांनीच वायरल केला आहे.,angry
बरोबर आहे हे दोघे आपल्या तिजोरी वर नागा सारखे बसले आहेत,angry
लाज काढली आज उद्धव साहेबांनी पण समोरचा तर नर्लज्ज आहे,angry
जापनीज पर्यटक महिलेसोबत तरुणांकडून गैरवर्तन...,angry
"मिळाली ना आमदारकी, धनगर आरक्षणाच्या नावावरती? समाजाची फसवणूक करुन आता मोदींची गुलामगिरी करा..",angry
मित्र असला तरी प्र वृत्ती नीच आहे असे खुद्द बाळासाहेब म्हणाले होते,angry
एकर जमीन एकट्या गोदरेज ची ती ही मुंबइत,happy
चुकीच्या वाटेवर गेलेला आहे उद्धव ठाकरे,angry
आमच्या घराच्या बाहेर ही दगड आहेत बहुतेक उबाठा वाले हल्ला करणार असतील माझ्यावर,fear
हाय घेतलीत गरिबांची आता आई बाप आठवुन काय फायदा?,angry
मराठी शाळाची पटसंख्या कमी होत नाही इंग्रजी शाळाची पटसंख्या वाढत आहे,neutral
जनतेला श्ट फरक पडत नाही,neutral
असच तुडवणार जनता एक दिवस निव्वळ योगा योग,angry
त्यांनी याचा निषेध म्हणून पक्ष सोडावा,neutral
तुम्ही काय शे.. उपटायला विरोधी पक्षात आहेत का,angry
काँग्रेस मधून तरूण पासुन म्हातारे नेते गायब भारतजोडो तर मास्टरस्टोक होते ना,angry
ह्यांना तर कोणताही न्युज चँनल घेत नाही... सगळ्यात मोठे कपटी,angry
पराबाचा काका पटेल हे काय पटत नाय,angry
चोरमारे ही मावा आघाडीच्या मदतीने चालवलेली पाकीटमारी थांबव,angry
हा कोर्टाचा अपमान आहे,angry
कीती ती हौस नाकाने कांदे सोलून थोबाड फोडून घेण्याची,angry
डिपार्टमेन्टने साल्यांना जागेवरचं गोळ्या घालून ठार करायला पाहिजे होते .,angry
"‘मशाली’वरून समता पार्टी आक्रमक; निवडणूक आयोगाकडे धाव, केले सवाल",neutral
अजित दादांची पक्षात किंमत शून्य होत चालली आहे.. कटू असत,sad
तुम्ही सुद्धा मोदींची चाटेगिरी करताना मग हे सुद्धा बरोबर आहेच,angry
राजकीय पोळी भाजण्यासाठी हे राजकारणी हे असे विषय घेतात आण् वाट लावतात सगळ्यांची,angry
मशालीच्या धगीत मूरजीची भुर्जी नक्की होणार होती म्हणून घेतली ना माघार,angry
"लटकेंच्या राजीनाम्याचं राजकारण, शिवसेना चिन्हं गोठवणं हा खटाटोप केलाच कशाला?",angry
स्वातंत्र्य पूर्वी असेच हात जोडो इंग्रजांच्या पुढे कोणी केले होते का?,angry
महाराष्ट्रच काय पूर्ण देश तुम्हाला स्वीकारणार नाही,angry
बाळासाहेब ठाकरे म्हणले नाऱ्याच उठत नाही...... आता कळलं की पोरं पण दुसऱ्याचे आहेत,angry
आणि येडे अन्धभक्त... दुसऱ्याच्या दरात जबरदस्तीने भजन गात बसतात . ....,angry
तील तरूणांनी फक्त भोंगेच लावायचे का?,angry
अरे बीन च्या विमाना तुझी लायकी आहे का असामान्य माणसावर बोलायची?,angry
आज या राणेला केंद्रीय मंत्री बनवण्याची नामुष्की आली फसणवीस वर लाचारी,angry
आणि तुम्ही ज्या मार्गाने जात आहेत तो लाचारी चा किशोर महामार्ग आहे.,angry
हा थापा बाळासाहेबांचा निकटवर्ती वाटतो यांना?,angry
लटके वहिनीनी नोकरी वाचवली अभिनंदन... प्रमोद सावंत आता बळीचा पेंग्विन... जय कामाख्या देवी,angry
आज की ताजा खबर केसरकरांचे बोल भक्तांना मीरच्या झोंबल्या आणि ते लागलें बोंबल्या.,angry
ते भिकार भाडीपा वालेकुठे आहेत रे त्यांना थोड लातूर च पाणी दाखवायचं आहे,angry
राहा मग असला अवस्था मध्ये आमचं काय तुम्हालाच त्रास होणार आहे,angry
त्यांच्या प्रतिपादन किंवा प्रति पादनाला किंमत आहे हीच मोठी गंमत आहे,angry
कोण बोलल ? तुमच्यात दम होता तर लढायच होत ना..शेळपटासारख मान खाली का घातली,angry
तू काय लावारीस भक्तीनं आहे,angry
शहरातील रस्ते अत्यंत खराब आहे,neutral
कबुतरे सोडूनच पाकिस्तान बनवला होता.,angry
हे शाळा पण विकून खातील,angry
"तुमचा इतिहास माहित आहे लोकाना, तुम्ही भारत स्वतंत्र व्हच्या विरोधात होते",angry
ही घटना मनाला अस्वस्थ करणारी आहे.,sad
काल पासून हा दुसरा घावलाय,fear
आता या घोटाळ्यावर तो तोत्र्या बोलणार नाही काही,angry
आला शिव्या खायला,angry
अस केस मुंडण करून जाव लागणार त्यांच्या चमच्याना...,angry
गजा भाऊ तुला प्रत्येक विषयात नाक खुपसला पाहिजे का ?,angry
मार खाण्याची पण हौस येते का तुला..,angry
तुम्ही गददारांचे वारसदारबाप पण गद्दार आणि तू पण,angry
लवकरच या तथाकथित महाशक्ती म्हणवून घेणाऱ्यांना उतरती कळा लागणार हे निश्चित..,angry
जपान साठी सहानभुती आणि अमेरिका साठी,neutral
तुम्ही काय लिहिले मला काही दिसतं नाही....गेली का तुमच्या एसी ची लाईट...,angry
कोणी गेल का.? असे काय चेहरे झालेत?,happy
भक्त ला हा शेनक्या त्रास देतोय शाळा घेतली पाहिजे,angry
"फार चुकीचे काम करत आहेत , हि खोके मंडळी .",angry
हा पक्षाचा कार्यक्रम आहे की विरोधातील पक्षनेत्यांचा?,neutral
रखडलेल्या आणि होऊ घातलेली शिक्षक यात असेल का?,neutral
रस्त्यावरील दिवे बंद असल्यानं नागरिकांच्या मनात अपघातासह चोरांचीही भीती वाढली आहे.,fear
त्यांच्या तोंडावरुन तर पैसे देऊन आणलेत असे वाटतय,angry
"बाहेर एकनाथ शिंदे आत दुसरा शिंदे,ते हि कन्फर्म नाही..खोटी पत्रकारिता",angry
कोन हे ये विदेशी भिखारी,angry
हा रेड्याचा अपमान होईल!,angry
"तुम्ही तेंचा सण आला की बोलायच नाही ,पिंडाला धक्का लागतो",angry
"ही तर खासियत आहे भाजप वाल्यांची, विका आणि गायब व्हा...",angry
काही ही हाऊ दे मस्त विरोधी पक्षात बसवलं तुम्हाला,neutral
तुमची आई बाबा सर्व मोदी साहेब आहेत खर्या आईचे दुःख तुम्हाला काय समजणार.,angry
"नेहमीप्रमाणे सायकलवर शाळेत निघाला पण ती सकाळ शेवटची ठरली, औरंगाबादेतील हृदयद्रावक घटना",sad
हा आणि आयकर घाबरून कमलाबाई मांडीवर बसणारा याला कोणी विचारणार नाही,angry
विकास भाऊ अवघड आहे याचं राजसाहेब त्या ठिकाणी असते तर परिस्थिती वेगळी असती,sad
मला तर अजिबात नाही आवडणार हा कॅप्टन .......,angry
"भाजपच्या शहराध्यक्षाने स्वत:वर गोळी झाडून केली आत्महत्या, बीड हादरलं",sad
देशमुखांचा खरा चेहरा समोर आला देशमुखांनीच दिले होते वाझेला खंडणीचे टार्गेट..,angry
उलटा बाण' हे चिन्ह चांगले राहील....अगदी शोभून दिसेल साहेबांना,angry
दांडिया हा दांडिया असतो मराठी गुजराती नसतो … उगाच दोन समाजात फुट पाडु नका .,neutral
अजून थोडे दिवस राहिला तर त्याची इज्जत कमी होईल....पाहुण्यांनी परत जायचं असत,sad
हा गहन प्रश्न आहे भाऊ,neutral
"ह्यांना काहीच कळत नाही का की कोणाचं नाव कधी, कुठे आणि कशासाठी घ्यावं...",angry
अरे भास्कर तोंडातून गटार उगवयलाच ठेवलंय का तुला लाचारांच्या सेनेत,angry
काय फालतुगिरी आहे,angry
ला सपोर्ट करणे हे भिकारपणाचे लक्षण आहे. सामाजिक विषमता वाढतच जाते.,angry
थोडक्यात हॅशटॅग सारखं हे वाक्य पण मनसे वाल्यांनी राष्ट्रवादी वाल्यांचंच उचललं.,neutral
आपल्याला आवडणारी समोर असून काही बोलता न येणे खूप त्रासदायक असते..,sad
मुर्जी ची देपोजिट जप्त होणार होती,neutral
"ताई, सरड्यासारखा कसा रंग बदलता आला तुम्हाला? नेमकं माणूसच आहात ना..",angry
गुडघ्याला बाशिंग बांधून तयार असताना अशी वक्तव्य करणे योग्य नाही.,angry
हे बरोबर नाही अध्यक्ष मोहदय,angry
तुझ्या गावात पण मत पडत नसतील तु त्याला गद्दार बोलतो,angry
"अहो आधी बघा व्हिडिओस गिरनार,आणि बाकीचे पण.मग धन्यवाद करा.",neutral
"ही लहान मुलगी काय बोलली, काही समजत नाही आहे. ? चित्रफित बनवा",neutral
ह्यांच्या हिंदुत्वाची व्याख्या गोबर भक्तांसारखीच आहे.,angry
त्यांना मान हलविण्याशिवाय काही येत नाही!,angry
नाही जात आज तो,neutral
इतका खोटारडा रडका आणि बेशरम नेता पुन्हा होणे नाही.,angry
"व्हय की, तरच आपले ,पत्रकार परिषद करून करून थकले",neutral
जेजे मध्ये असतांना मेंदूवर उपचार करायला पाहिजे होते.,angry
बरोबर आहे सगळ चित्रविचित्र आहे,neutral
ते हजारांनी पराभव होणार आहे,angry
बकरी ईद च्या वेळेस तोंडात बोळा कोबला होता का,angry
याचं तोंड पाहुशी वाटत नाही,angry
हाच कुत्रा... अतंक वाद्या साठी मध्य रात्री न्यायालय उघड होता.,angry
शासकीय कार्यालय म्हणजे नेत्यांच्या कार्यकर्त्यांची दुकाने बनलेत का?,angry
ह्याचे ट्विट आणि विचार अत्यंत दळभद्री आहेत,angry
मतं पण तिकडूनच मागवा कारण इथे आता कुत्रं पण विचारत नाही.,angry
ये अनपड थोड हे वाचा रे राहुल चा चेंल्यानो,angry
सुप्रसिद्ध अभिनेते आणि ज्येष्ठ रंगकर्मी प्रदीप पटवर्धन ह्यांचे दुःखद निधन ! भावपूर्ण श्रद्धांजली,sad
कोण स्वामीनारायण ? महाराष्ट्रात खऱ्या देवांची पुजा होते. हे स्वामीनारायण कोण ??,angry
आलिया-रणबीरमध्ये का पडली वादाची ठिणगी? समोर आलं कारण,happy
"घंटा, मुरजी पडणार हे नक्की झाल्यावर भाजपाने माघार घेतली",angry
यांना पक्ष जोडता येईना हे भारत जोडायला निघालेत,angry
उगाच आपल्या लाचार बुध्दीचे ज्ञान पाजळु नका.लायकीत रहा,angry
"योगीची नक्कल ईकडे चालू आहे, परंतु ही शिवरायांची भूमी आहे,",happy
हा मर्हाठी मानसाचा अपमान हाय… मुंबईला महाराष्ट्रापासून तोडन्याचा डाव हाय…,angry
पोलीस खात्यात पण खोटारडीच आहेत का?,angry
"अतिशय बेजबाबदार निर्णय चालू आहेत ,परीक्षेला काय गरबा खेळू का बेअकलांनो",angry
तुला लवड्या त्या नेपाळ्याचा पुळका कशाला... हे म्हणजे लगीन लोकांचं नाचतय येड्या भोकाच...,angry
आरोग्य केंद्राची अवस्था पिसाळल्यागत झाली आहे त्याच काय.......,angry
"फक्त भांडण सोडवायला आहे ती, दिसतच नाही राव.",angry
पण हॅक झालं असं बोलत होती,neutral
लूटमार करून केला दुचाकीस्वाराचा खून; जण गंभीर जखमी,sad
निवडणुक आयोग हे यांच्या हातचे बाहुले असल्यासारखे वागतात,angry
चोरी केली ती पकडली गेलीय म्हणून आत। आहेत तुमचे साहेब ...,angry
कुणी केली गद्दारी . पूर्ण सत्य उतरवलेले गाण,angry
बाळासाहेबांना अधी माहीत होते कमळी नालायक आहे म्हनून,angry
याचा बारामती मालक स्वतः सडक्या कांद्याचा बागयतदार आहे,angry
इतके पक्षांतर पक्षाचे तुकडे झालेले पाहिले इतकी वर्ष पण असा तमाशा कधीच पाहिले नाही..,happy
का फक्त चिन्हं गोठवण्या साठीच हे नाटक केलं होतं.,angry
पुण्यातल्या पुण्यात असूनही लोक एकमेकांना भेटत नाहीत,sad
शेंडी जानवे पुरातन काळापासून काही ही खात आले आहे... अगदी माती सुद्धा.,neutral
आज एक अकाउंट सस्पेंड झालं तर इतर भुंकणारे एकदम सभ्य भाषेत बोलायला लागले.,angry
ढाल आणि तलवार पकडायला निष्ठावंतांचा हात लागतो तुमच्या सारख्या गद्दारांचा नाही....,angry
हसणारे चु आहेत का हरामखोर,angry
"त्यांच्याबद्दल आस्था नाहीरे, लोकं खिल्ली उडवत आहेत त्यांची",angry
बाळासाहेब ठाकरे.. बाळासाहेब नाही.....× चावट बाळासाहेब......?,angry
"महागाई वाढत नाही आहे, माझा पगार कमी होत चालला आहे..",sad
हो मानुस मेला की मातिच होतो आपली ही मातीच होनार,sad
आज तेवढा संयम व समर्पण नाही हे कटु सत्य,sad
खोट आहे हे तिच्या मिरच्या झोंबत नाही झन्नन्नन्नन्न करतात,angry
"शेठ, कुठं अडकून पडला होता.",neutral
.... हा आमच्या मतदारसंघातला गद्दार आहे,angry
नरेश साहेब जी आपण पदे भोगली आहेत ना ती निष्ठवंत कार्यकर्त्यांचा जीवावर,angry
त्या नावाखाली भ्रष्टाचार होत असेल तर ते बंद करावे,angry
"राणेंची जीभ घसरली पण दानवे, भास्कर जाधव यांच आक्रमक भाषण? वाह रे चाय बिस्कुट पत्रकार!",angry
"गप रे येड्या तुझ्या काकांना सांग आता,सत्तेविना जगावं लागेल.",angry
"सचिन जी,ही सगळी कळसूत्री बाहुली आहेत , कोणाची हे सांगायलाच नको ..!",angry
"“अंधेरी पोटनिवडणुकीतून माघार घेणे, हे भाजपला उशीरा सुचलेले शहाणपण”",happy
तुम्ही माफी मागायला लावायचा होत त्याला,neutral
आता देवांना पण जातीत अडकवायला लागले हे लोक,angry
हो तेवढेच जेवढा फेकू पंतप्रधान म्हणून यशस्वी आहे,angry
पुढील दहा वर्षे तु कोणत्या पक्षात राहशील हे तुला तरी माहीत आहे का !,angry
"""आणि ह्या आहेत आपल्या देशाच्या अर्थमंत्री...",neutral
हारणार हे वरीष्ठांनी ओळखलं होतं. कार्यकर्त्यांना कोण सांगणार?,sad
"नेता बापाच्या जीवावर मतं मागतो, प्रवक्ता आईला पुढे करून सहानुभूती मिळवतो ओळखा पाहू कोण?",angry
शिक्षण अक्कल आणि नीतिमान याचा एकमेकांशी काही संबंध नाही ... हे उत्तम उदाहरण...,angry
तुला ब्लॉक नाही का केलं अजून त्यांनी..,neutral
अहो काकू का उग बोलून आपली बुद्धिमत्ता दाखवत आहात...,angry
निवडणूक आली का त्या भाजपा च्या खासदार सारखे काहीही धुहू शकतील हे मंडळ.,angry
अर हे फेकू मॉडेल आहे.,angry
भाजपा पराभव होऊन शिवसेना महत्त्व वाढेल म्हणून ही नाटकं या दोघांची..,angry
"पण हे अप्पर कट नाही मारत..काॅग्रेस कट,लोकमतचा दर्डा कट,हे यांच्या भात्यात नेहमीच असतात..",angry
गद्दारी करुन काय हिंदूत्व साघ्य ‌करणार आहात,angry
गद्दारांची लायकी नाही हे चिन्हं वापरायची,angry
"पंढरपूर, देगलुर, कोल्हापूर उत्तर या विधानसभेच्या पोटनिवडणुकीत संस्कृती, परंपरा कुठे गेली होती.",angry
वर्षे झाल्यावर समजलं का देशविघातक आहे,angry
चिन्ह अगदी समर्पक आहे. ज्या पक्षाचे काम भेटले त्याचे डब्बे ओढतो,angry
विकला गेलेला मीडिया आणि पत्रकार हेच लोकशाहीचे मुख्य शत्रू आहेत,angry
लक्ष्मी चालते का.... भ्रष्टाचाराच्या चिखलात प्रकटलेली ...,angry
अरे मग इतर जण बघता कशाला मस्त झोडून काढायचा होता,angry
ही लोकशाही संविधान क आणि कायद्या द्वारे चालते!तूमच्या पिताश्रींची ढापलेली मातोश्री मालमत्ता नाही निवडणूक,angry
स्वतःच्या आया बहिणींवर वाईट नजर ठेवणारे लोक आहेत हे काय अपेक्षा यांच्याकडून,angry
हेकद्याची वेशिवरची कुत्री आलेत ताई भुकायला....... संडासाची दारे उघडा खातील आणि जातील,angry
"शीतल म्हात्रे दुतोंडी आहे , पैसे भेटले की वाजली",angry
बावनकुळे सोबत सर्वांचीच फाटली.. निवडून येणार नाही आढावा घेऊन माघार.. जनता सब जाणती है.,angry
बाई चा आणि अर्थशास्त्राचा काडीचाही संबंध नाही हे परत एकदा सिद्ध होत....,angry
मुका मोर्चा विसरली का,neutral
तुमचा घरकोंबडा घराबाहेर निघाला असता तर ही वेळ आली नसती भ्रष्टवादी पार्टी,angry
माझ्याकडे ते पण नाहीये. साधी छत्री पण नाही. म्हणून जास्त पंचाईत होते.,neutral
जन्मदरिद्री असुयाग्रस्त कृतघ्न कपटी थुकरट नेता म्हणून तुझी नोंद महाराष्ट्राच्या राजकीय इतिहासात होणार,angry
ताकद पाहिली गोरेगाव पत्रा चाळीतील मराठी परिवार बेघर करून रस्तावर आणले.,sad
गर्वाचे घर खाली..हि म्हण उद्धव ठाकरेंना तंतोतंत लागू पडतेय..,angry
आधीच त्या गल्लीत गर्दी त्यात हे!,angry
हरनार म्हणून आता हे नाटक सुरु केले आहे,angry
हा माणूस बघेल तेव्हा वाकड्यातच का शिरतो?? ह्याला चांगलं काही दिसतच नाही वाटतं..,angry
कोणता माल मारला म्हणायचा आज......? गुजरात की व्हाया आसाम असो आपल्या काय.....,angry
"घराला रंग देताना मुलगा थरथरत होता, वडिलांनी शिडीला हात लावताच घडला मोठा अनर्थ",sad
टरबुज्या आला ना परत पण रडून रडून..,neutral
हे भाजप वाले नुसतं फेकाय बोलायला नं,angry
हे सगळे फास आहे बाकी काही नाही,angry
मोदींची हवा कमी नाय झाली. फक्त गांधींची लाट तयार झालीय,neutral
काय फालतू गीरी आहे!,angry
वेडा पाठक माग आणि त्याचा घरकोंबडा मालक पुढ...,angry
आता पुढे भाषणात हेच सांगणार आपल्याला बाळासाहेबांची शिवसेना संपवायची आहे,angry
वाढला आहे,neutral
मुंबईकरांना चिडवण्याची ही शिक्षा असावी कदाचित,angry
भारत जोडो याञेत सहभागी होणार शेम शेम शेम,angry
ही ब्राह्मणी बांडगुळ म्हणायच्या सुद्धा लायकीची नाहीत...,angry
महागाई चार पटीत वाढलीय यावर काही...... देश विकाणारे लाख वाले लबाड......,angry
हे शेवट पर्यंत च राहतील,neutral
खरंय. गद्दारी करताना लाज वाटली नाही गद्दारांना.,angry
"ही अफवा कोणी पसरवली हे महाशय, प्रचार यात्रेत बॅरल घेऊन फिरणार आहे",neutral
या संजय महाशयांचा फोटो दिसला की मालामाल विकली मधल्या लॉटरी जिंकणाऱ्या बेवड्याचा चेहरा आठवतो.....,angry
आणि दुसऱ्या पक्षांच्या नेत्यांना तर निवडणुकीत ऊभे राहण्याचापण अधिकार नाही.,angry
हा माणूस मनोरुग्ण वाटतो तुझ्या घरचे तुला कसे सहन करतात!?,angry
या या बेरी सेड,sad
डोक्यावर पडला का ट्विट काय रिप्लाय काय देतोय? बाकी इथल्या सगळ्यांचेच पुर्वज हिंदू आहेत.,angry
जे कृत्य कराल त्याची शिक्षा इथेच भोगावी लागते विसरली वाटतं ही,angry
उशिरा आलेलं शहाणपण नाही का?,angry
मुंबईत पाणी साचल्यावर का भुकतो मग ??,angry
निष्ठावंत शिवसैनिकांची भिती तो गद्दार आहे म्हणून बंद करून ठेवले असतील,angry
ही गोष्ट नेहेमी वेळ निघून गेल्यावरच समजते.,sad
पावसाळ्यात डाॅक्टर चा धंदा पण ठप्प होतो त्यांना अनुदान मिळणार का?,angry
"फक्त त्याला तुमची फुस आहे,जसी गद्दारांना होती!",angry
"अरर! गरिबांच्या मुलांसाेबत काजाेलची ‘ही’ वागणूक पाहून युजर्सने केलं ट्राेल, पाहा व्हिडिओ",angry
मला वाटतंय हा पण चा कार्यकर्ता आहे म्हणून सारखी मिरची लागते याला..,angry
"पैसेंजर ट्रेन है महामहिम,वंदेभारत नही ,",neutral
अय हिरो सभ्य भाषा वापर म्हटल कुठल्या भाषेत लिहिले ते नाही विचारल,angry
नौटंकी मोडी शेठच्या तुलनेत काहीच नाही....,angry
काही होणार नाही परत तोंडावर पडणार सी बी आय,angry
दिलंय ते काम करा आधी... नुसतं मागत असतात दिवसरात्र!,angry
लवकरच काही ठराविक भ्रष्ट्राचारी लोकांच्या दिल्ली वाऱ्या वाढतील,angry
शेवटचं फक्त मान्य नाही अपेक्षा काही ठेवण्यात अर्थ नाही,sad
कळत नाय रे या आज्जीला.,neutral
ती पण नाही वाढली..,neutral
कशाच्या आधारावर ते सांगा उगीचच पार्श्वभाग का बदडून घेता.,angry
आणी वर्ष भिक्षा मागून खाणारे फेंकूँ ला पण सांगा रे,angry
"जयंतराव, फुटणारे तयार असतात म्हणून फोडले जातात.विकणारे तयार असतील तेव्हाच खरेदीदार बाजारात येतात.",angry
काय गरज नाही गरीब च्या घरावर किती हले होतात कोणी बगतंय का,angry
थुकरट अवॉर्ड असेल आणि देणारे सुद्धा,angry
हे नवरा-बायको दोघेही दिवसभर ट्विटरवर जोडे खाण्याचे धंदे का करत असतील?,angry
तुम्ही राजकारण सोडून द्या ही असली अभद्र टीपणी शोभत नाही,angry
आता पावसाने पार डुबवलंय भौ आधीच!,angry
जगात मंदीचं सावट आहे अन् सर्वात वेगाने वाढणाऱ्या अर्थव्यवस्थांच्या यादीत भारत अव्वल स्थानी म्हणे.....,angry
एम.ओ.यु झालाच नव्हता!!! उद्धव आणि आदित्य लोकांना मूर्ख का बनवत आहेत..,angry
मग ही निवडणूक होती कशासाठी?? शिवसेना नाव आणि धनुष्यबाण चिन्ह गोठवण्यासाठी का??,angry
अंधेरी पोटनिवडणूक मध्ये मराठी उमेदवार नाही का मिळाला....,sad
"या उज्ज्वल निकम ला ""पदमश्री""पाहिजे म्हणून हा शिंदे ची चाटतोय!",angry
म्हात्रे बाई जरा तोंडपट्टा कमी चालवा आणि कंमेंट बॉक्स कडे पण लक्ष द्या,angry
"शिवसेनेला सहानुभूती मिळतीये हा भ्रम आहे, माफ करना पर आज व्हिस्की नहीं रम हे.",angry
हा दिखावा दाखविण्यापेक्षा शेतकऱ्याचे पावसाने काय हाल केले ते जगा समोर आणा......,angry
थापाड्यांच्या पक्षात एक थापा आला ...त्यात काय नवीन....आतातरी कमी थापा मारा गद्दारांनो....,angry
एक न बोलवता पाकिस्तान मध्ये जाऊन बिर्यानी खाऊन आला होता ...,angry
हरवले आहेत आपण यांना पाहिलत का,sad
आता तुम्ही असंच रडणार ..,sad
पोटच्या पोरावानी जपलेलं ज्यांचं आख्ख पिक गेलंय त्यांची दिवाळी ती काय होणार.,sad
जर पत्रकारच आता असे प्रश्न विचारू लागले तर सामान्य जनतेने कुठून माहिती घ्यावी ?,sad
चांगलं आहे लोक भ्रष्टाचार करून ही आनंदात जीवन व्यतीत करू शकतात,angry
महा भ्रष्ट आघाडी सरकारचे कार्यकर्ते चाहते जे घराणेशाही चे गुलाम आहेत तेच ना?,angry
( ) बेरोजगारीमुळे तरुण मुकपणे त्रस्त आहेत. पण ते देशाच्या सरकारला काहीच बोलत नाहीत.,sad
लोक किती शिव्या देऊ शकतात याचा अंदाज घेताय का ?,angry
होणार पण नव्हते हे सर्वानाच माहीत होत निवडणूक तर बहाणा होता. +,angry
मोकाट कुत्री जरा जास्तच भुकायलीत असं नाही का वाटत.,angry
पण ते तिच्या तर नजरेत.....!! यायला हवं होत ना......!!,sad
सत्तेसाठी लालची असणारे कार्यकर्त्यांना मूर्ख बनवत आहेत,angry
ह्या बामणानच्या जमाती आज तरी एक मेकात लगीन करतात का ?,angry
हे तर पाया खाली पण झोपायला देणार नाही.,angry
तया आधी वर्ष तुमची सत्ता होती? काय दिवे लावले तुम्ही. वाट लावली पुण्याची.,angry
कलाकार मंडळी सगळ्याला कंटाळले असून 'ट्रोलिंग नको रे बाबा' असं म्हणत आहेत.,angry
"गावठी जेम्स बॉण्ड च्या पोराचा धंद्याचा पार्टनर पाकिस्तानी आहे, हे बिचारे भक्त विसरले",angry
ट्रेलर बघितला पण हॉलिवूड ची कॉपी वाटला नाही होणार हिट महिन्याभरात वर येईल,neutral
हे बघून पुढची वर्षं यायचा नाही बाबा. पुढच्या वर्षी यायला हवा जूनमध्ये.,angry
जातीवादी मानसिकता वाढीस लावण्या साठी असे प्रयत्न होत असतात.,angry
जे हटवले गेले ते अतिक्रमण होते... त्यामुळे त्यांचे त्यांनी बंदोबस्त केला असेल...,neutral
तू काय म्हशी भदरात होता? भास्कर जाधवांची राणेंवर विखारी टीका,angry
"अशी किती लोकांना सूचना दिली, सगळे फेक दावे आहेत",angry
.. बिचारी हे काय आहे,angry
तुमच्या डोक्यात अंधार आहे तो दूर करण्यासाठी मशालीची नितांत आवश्यकता आहे .,angry
भाजप खोटे बोलतो पण आत्मविश्वासाने,angry
आमची मशाल घेतोस का तोंडात,angry
हे असले अफवा पसरवनारे मुख्यमंत्री आहेत आपले बाकी भक्तांची काय अवस्था मग,angry
उद्धव सराणा लवकर नाही समजल तर काही खर नाही,fear
भाजपचा हा मुर्खपणाचा कळस !,angry
विकत घेतली असेल वाहिनी गद्दारानी खोके आहेत,angry
खुप लवकर जाग आली अडीच वर्षापूर्वी आली असती तर आज हे दिवस नसते आले,angry
पुर्ण सांगायला घाबरता का. सांग पुर्ण तुमच्या डोळ्यासमोर काय घडलं.,fear
"किती कागदी घोडे नाचवता??!!! कंटाळा आला आता,",angry
चाटायला पण सीमा असते,angry
मग दीड वर्ष काय झोपला होता का आदुबाळ,angry
अंधेरी पोटनिवडणुकीतून माघार घेणे हे भाजपला उशीरा सुचलेले शहाणपण - जयंत पाटील,angry
पुण्यात भारतविरोधी घोषणा हे राष्ट्रवादी च्या नीच राजकारणाच फलित आहे.,angry
स्वता त्यांचा मुलगा सांगत आहे.काय भुकंपाची भिती घालता.,fear
ह्याची सुरुवात भाजपाने केली राहूल गांधींविरूद्ध. त्या वेळची पातळी आठवतेय का???,angry
आपली लोकसंख्या आणि इतर देश ह्यांची लोकसंख्या हे पहायला विसरू नका...कुचकामी विचार करू नका.,neutral
गद्दार गटाचा भुर्जी पटेलचा चाटूगिरी करायला आला आहे चिदे मिले नाही,angry
बुलढाणा मुंबईच्या बाहेर आहे याची कल्पना नसेल साहेबांना.,angry
आरे हा कुळे नाही / कुळे आहे सगळ्यात नीच माणूस,angry
हा लांडगा काहीतरी उकरुन काढतच असतो कोणीतरी तरी तर विचारतील म्हणून!,angry
हे कपट कारस्थान आहे,angry
आज उधोव ने फोन केला होता आयोध्याला बांगर समर्थकांच्या धमकी बाबत,neutral
आला दलाल तू फक्त दलाली कर ते फक्त इतिहास सांगत आहेत,angry
महाराष्ट्राचे मुख्यमंत्री असूनही हिंदी भाषेत संवाद का करत आहेत..? मराठीत बोलायला कमीपणा वाटतो का...?,angry
"बरीच वाटणार, कारण तेव्हा खाओ खिलाओ चालत होत.",angry
"अमृतमहोत्सवी वर्षात, जनतेला महागाई आणि बेरोजगारीचे विष दिले जात आहे ! ...",sad
भारतीय संगीताच्या इतिहासातील एक सदाबहार गायक आणि अभिनेते किशोरदा यांना पुण्यतिथीनिमित्त विनम्र अभिवादन,happy
किव येते काही लोकाच्या बुद्धीची.बाळासाहेब थोरात.बाळासाहेब आंबेडकर. का बाळासाहेब शिंदे,angry
खासदार सनी देओल आणि संजय धोत्रे यांनी प्रकृतीच्या कारणामुळे उपराष्ट्रपतीपदाच्या निवडणुकीत मतदान केले नाही.,neutral
हे कसले भिकेचे डोहाळे,angry
सोशल मीडियातील ओळखीतून तो विवाहितेचा सतत पाठलाग करीत होता.,fear
तुमाला मराठीची का लाज वाटते? माहिती मराठीतच पाहिजे महाराष्ट्र चि राज्यभाषा मराठी आहे.,angry
एवढं सगळ हालल तरी अजून पण वाट बघताय का राहिलेलं हलायची,angry
गटारे चाटत फिरणाऱ्या डुकरांचा कळप वाघाच काहीही वाकडं करू शकत नाही.,angry
अभिव्यक्ती स्वातंत्र्य म्हणजे जे तुम्ही पायदळी तुडवत होता ते,angry
पत्रकार हा नेहमी विरोधीपक्षा बरोबर असावा भावड्या,angry
कमी पटसंख्येच्या शाळा बंदचा घाट धोकादायक : अजित पवार,fear
तारीख मिळेल.लोकशाही आणि संविधान हळूहळू संपवायचा प्रयत्न होईल..एखदम निर्णय दिला तर लक्षात येईल.,fear
तरी याला मिस करतोय काय प्लेयेर होता हा,sad
गुंडांना असे पुरस्कार मिळत असेल तर भविष्यकाळ खूप भयानक दिसत आहे..,fear
आतून चिडचिडाट झालाय.. वर वर हसून काय फरक पडणार आहे का? तिळपापड ह्याला म्हणतात...,angry
"किती वर्षे हेच मुद्दे, काम काही होतच नाही",angry
संघिना फक्त पुरुषाच्या चड्डीत बघायची सवय आहे...काय करणार च आहे,angry
भाजपा महाराष्ट्र मधुन लवकरच साफ होणार,happy
सत्ता म्हणजे जस काय विरोधात जावुन बसले आहेत,angry
हे असं ट्विट बघितल्यावर जखमेवर मीठ चोळल्यासारखं वाटतं....,sad
एक दुर्दैवी बातमी! बीडच्या भाजपाच्या शहराध्यक्षांनी स्वतःवर गोळी झाडून आत्महत्या केलीभगीरथ बियाणी।ओम शांती,sad
सॉफ्ट पोर्न हे खऱ्या पोर्न पेक्षा धोकादायक असते. कारण ते तरुणांचा दृष्टिकोन दूषित करते,angry
आणि ह्यांचा शेठ निवडणूक आली की दंगल करत बसतो,angry
हा पाकिट पत्रकार दारू पिऊन करतो,angry
का तुझ्या नेत्यांना सांग सतरंजी उचल्या अटक करायला सरकार दोन्ही कडे पण तुमचे आहे,angry
परप्रांतीय लोक हे कधीच महाराष्ट्राच्या हिताचा विचार करणार नाहीत. परप्रांतीय लोक पक्के स्वार्थी असतात.,angry
भिकारपनाचे डोहाळे हेच का?,angry
अंधेरी पोटनिवडणुकीत पटेल चे हाल एकंदरीत असे झालेत..,angry
तरीही तुम्ही टीका केली जाहीर निषेध बाबा,angry
"*मशाल विझवणार होते.....,घड्याळ बंद पाडणार होते..... यांच्याच पाकळ्या गळाल्या....*",angry
चोखी... तिला का किंमत द्यायची आपण??,angry
भाजप प्रत्येक पक्ष फोडू पाहतो! एक सोडले तर देशातील आज प्रत्येक पक्ष असुरक्षित आहे.,fear
बेरोजगारीमुळे तरुण मुकपणे त्रस्त आहेत. पण ते देशाच्या सरकारला काहीच बोलत नाहीत.,sad
"येझदी व्हिडिओ लीग खरोखर वेडा आहे, ही खरोखर आश्चर्यकारक जाहिरात आहे.",happy
तुमची का फाटली ते अख्खा महाराष्ट्र जाणून आहे पळकु टे कुठले,angry
शिवसेनेने का मारले होते तुला,angry
नंतर एक थी शिवसेना असच म्हनाव लागेल का?,sad
भाजपच्या इतिहासात किती झाल्या त्या पण सांगून टाका विद्वान एकदा,angry
तेच.... हे आपलंच येडं निघालं,angry
निर्लजजपणचा कळस किती मूर्ख असतात ही लोक...,angry
"सोलापूर । सीसीएचवर दाखल होताच गुन्हा, गंडवण्यासाठी नवा ॲप आला पुन्हा",neutral
काय नॉनसेन्स आहे हे,angry
लांड्यांच्या पुळक्यांच्या लग्नातला खर्च आपण का म्हणून करायचा. नाही करायचा.,angry
म्हणजे मराठी माणूस काढा बाहेर,neutral
मला कळत नाही की बलात्कार पीडित मोकळे का फिरत आहेत... त्यांना तुरुंगात टाकले पाहिजे,angry
.. गांधी खिशात आला कि सगळं गार गार आणि वाटतं,angry
भिकारी आहेत सर्वच त्यातच हा आणि एक मंत्री,angry
छगन जसं तुझ्या घरात तुझ्या बापाचा फोटो आहे तसाच कळलं का येड्या भोकाच्या,angry
तुम्ही हल्ली गप्प गप्प असता काय झालंय ? हाकललं का ?,angry
अरे बायकांवर ही राजकारण करताय... गद्दारांनी दाखून दिलं बाळासाहेबांच्या विचाराचे वारसदार तुम्ही नाही,angry
असे खोटारडे लोकप्रतिनिधी असल्यानेच देशाची वाताहत होत आहे,angry
सूर्य गोचरमुळे या राशीच्या लोकांचे होणार नुकसान...,fear
स्वतःचे थोबाड पाहिले आहे का कधी आरश्यात.... फसलेले व्यंग चित्र काढले वाटतं तुमच्या अब्बाने.,angry
सदावर्ते चा युक्तिवाद आणि स्टाईल पाहून जज राजीनामा देतील ...,angry
तुम्हाला भलताच आत्मविश्वास आहे की सरकारी कार्यालयात ह्या मंडळींनी काम केलं असेल ....,angry
भाजपने आजपर्यंत राजकारण कमी आणि कट कारस्थानच जास्त केलय..,angry
ते आत मध्ये असून ही...... तुम्हाला इथ टिव टिव करायला लावणे.... यालाच दहशत म्हणतात,angry
काळतोंड्या माघार का घेतली,angry
तुम्हाला सत्तेचा माज आला आहे असं नाही का वाटत?,angry
ज्या शेनिकांनी दर्ग्याचं रक्षण केलं त्यांच्यासाठी हा दसरा मेळावा आहे !!,happy
ही सर्व मंडळी नमो बेनर वापरण्यास तयार आहेत स्वकर्तृत्वावर काही करणार नाहीत,angry
आणि तुमचं भाषण महाराष्ट्र एकतोय हा तुमचा भ्रम आहे,angry
लिहून ठेवलेल्याना सांग आता पक्षाची फाटली होती म्हणून माघार घेतली,angry
"तुम्ही प्रसिद्धी साठी महिलांना खोट्या तक्रारी करायला लावता, हे नाच्या पेक्षा कमी आहे का",angry
अंधारे ताई आल्यापासून सेनेत संजू भाऊ नाही हे फिलिंगच येत नाही.... नॉन स्टॉप करमणुक,angry
हा स्वयंघोषित दिग्दर्शक मांजरेकर इतका मोठा आहे का! जो गौरव ला अपमानास्पद वागणूक देईल.,angry
वाल्यांची अतिशय फालतू नाटक. अतिशय दयनीय अवस्था आहे.,angry
"हे आता कळलं,महोदयांना.इतके वर्षे इतरांवर चिखलफेक.",angry
हा पण तुमचा भ्रम आहे.,angry
चुतिया आठ वर्षे भाजपची सत्ता आहे बंदी घालायला का उशीर केला ते पहिले सांग,angry
जेल मध्ये राहून डोक्यावर परिणाम होतो ह्याचे प्रमाण म्हणजे राउतांचे आईला लिहिलेले पत्र...,angry
पाकिस्तानच्या समर्थनार्थ घोषणा देणाऱ्या लांडयांचा कडेलोट करा. ही अवलाद आपल्या देशात नकोच.,angry
नाहीतर हल्ली राष्ट्रीय पक्षाच्या निवडणुका कधी होतात हे कार्यकर्त्यांना माहिती पन होत नाही.,angry
खरंय पण जनतेतला हा राग मतांमध्ये करायला पाहिजे सेने ने,angry
तारक मेहता'तील 'बबीताजी' कितवी शिकल्या माहितेय का?,neutral
तू सुदंर आहेस. त्यामुळं तुला त्याची गरज ही नाही,happy
आगोदरच्या पोट निवडणुकीत कुठे होते,neutral
आजचा दिवस आपल्या नेत्यासाठी म्हणजेच पवारसाहेबांसाठी,happy
साहेब बनवू नका सर्व काहि टास्कफोर्सच्या नियमनेच होत,angry
हे बाबासहेबानीं शिकवले का तुम्हाला?,angry
हे बनवले आहे,neutral
उद्या संध्याकाळच्या गाडीने घरी जाणार आहे मी...,neutral
खुप वेळ वाचला असेल तुझा असे आभार प्रकट करायला,angry
दादा आंघोळ केलेली असते का ओ तुम्ही? आपलं सहज विचारलं!,angry
हे सगळे येणार का लग्नाला,neutral
"तुम्ही यशस्वी झाल्यावर स्वतःवर गर्व करू नका, आणि अयशस्वी झाल्यावर तुमचा संयम गमावू नका.",happy
कोण नाही बोललं का?,neutral
आधी योजना आणली आणि नंतर प्रचार करताय,angry
मुख्यमंत्री एकनाथ शिंदे मात्र आपल्या कामात मश्गुल आहेत. -,neutral
पृथ्वीवरच्या कोणत्याच स्त्रीचा चेहरा हा चंद्रासारखा दिसत नाही -,angry
शांत बस मला लय काम आहेत दिवाळी झाली की ये,neutral
"उद्या वसुबारस पूजनाने दीपोत्सव, धनत्रयोदशीला सोन्याच्या विक्रीत % पर्यंत वाढ होणार?",neutral
सगळयात पहिलं नाव म्हणजे आशिष जाधव.,neutral
हो आता देवा च्या भरवशावरच जगाच.,sad
दिल्लीचे उपमुख्यमंत्री मनीष सिसोदिया हे च्या कार्यालयात चौकशीसाठी पोहोचले.,neutral
हे पण तसच काहीसं,neutral
माणूस किती आतला आणि किती बाहेरचा हे योग्य वेळ आल्यावरच समजतं,sad
हिच परस्थिती मी हि कित्येकदा अनुभवली आहे,sad
इतभराच हातभर होण्याच्या अगोदर ईलाज केलेला बरं नव्ह का,neutral
राष्ट्रवादीच्या सिलॅबस आणि अजेंडा वरच ऊबाठा सेने मध्ये काम करत आहेत त्या मॅडम,angry
अगदी बरोबर आहे भाऊ,neutral
नागपूरकराणा पण विचार येत आहे घराच्या बाहेर पडण्याच्या कोणता पाऊस आहे हा,neutral
हे जनतेचे सरकार,neutral
यांनी अजून ब्लॉक नाही केलं तुम्हाला,angry
केसगळती का होते? जाणून घ्या कारणं आणि उपाय!,neutral
अमोल साहेब रुमण्याचा प्रसाद नाही मनायच रूमण्याचा हाबाडा मानायच आणि तो अमी देणार,neutral
"कधी आहे महाशिवरात्र , जाणून घ्या पूजेचा मुहूर्त ./-/…",neutral
विलेपार्लेतील नाल्यालगत झोपड्यांच्या पुनर्वसनाचा प्रश्न ऐरणीवर; मंगळवारी होणार बैठक,neutral
आता ते दोघं माकड उड्या तर मग झाडं तर सुचणार ना!!,angry
भ्रष्टाचार होत आहे का,neutral
बाहेरच्या लोकांनी शिव्या दिल्यावर चालतील का?,angry
आजोबा श्रद्धा व सबुरीला पण धरल होत ना त्यांनी..आता छापखाना लागणारच साठी..,neutral
राजेश पाटील नाही येत आता त्यामुळे असंच चालणार कारभार,neutral
₹ कमी नाही होत $ खूप स्ट्रॉग होतो म्हणून,neutral
विकास का ह्या किरण माने च एवढं ऐकतो?,neutral
का तुम्हाला काही अडचण आहे का .,neutral
"निलेश, तुला सर्व नावं तोंड पाठ आहेत वाटतं...!",angry
साहेब म्हणत होते ती हवेली का?,neutral
दसरा मेळावा हा शिवतीर्थावर होणार.,neutral
सांगणारे आहेत चालतील का...भाऊ तोरसेकर यांना फॉलो करा....,neutral
गॅस सिलेंडर आता रुपयाला मिळत अस ऐकलं ?? खर आहे का गाडे भो.,neutral
नाही हो काका तुम्ही अजून तरुण आहात..,neutral
मंगळवारी अमावस्या आहे की पौर्णिमा?,neutral
"मलबार हिल मतदार संघ शाकाहारीं घोषित करण्यासाठी आपल्या लोकप्रतिनिधीच्या वाटचालीस सुरवात गिरगांवातून, खोताची वाडी",neutral
सत्तेपेक्षा लोकसेवेला महत्व देणारे म्हणजे देवेंद्रजी,happy
व्हिडिओचा कमेंट सेक्शन बॉक्स बंद आहे .,neutral
"व्वा मित्रांनो, हे आश्चर्यकारक असेल, तुम्ही ते चुकवू नका",happy
नोव्हेंबरपासून दूध स्विकारले जाणार नाही....,neutral
कुठून आणला होता रात्रीचा माल,neutral
हा इगतपुरी...,neutral
भाऊ ही शकुंतला आहे माझी,neutral
मग दर का कमी होत नाही?,neutral
या मुंबई सोबत प्रामाणिक रहा...या मातीशी गद्दार पणा करू नका...सगळ्यांना पोसते ही मुंबई...,happy
"यामध्ये लोहपुरूष सरदार पटेल यांनीच आरएसएसवर बंदी घातली होती, हे लक्षात ठेवायला हवे."" -लालूप्रसाद यादव",happy
चांगल काम करा म्हणजे ची गरज भासणार नाही.,neutral
कोण मोजत हा इंडेक्स,neutral
पाणी म्हणजे जीवन,neutral
मि एक कट्टर राजनीतिविरोधक आहे पन आता उद्धव ठाकरे सोबत आहे ।,neutral
म्हणजे माझ्यावर नाराज नाही होणार ते....!! असंच ना.....??,neutral
ताई आणि दादा म्हणणे हे आदर करण्याशी संबद्दित असू शकता....संस्कार पाहिजे तसे...,happy
आदरणीय आशिष सर नमस्कार आपल्या वाढदिवस निमित्त माझे विचार पाहिले का.,happy
बुडीत खोल जाते पण बिनधारेची तलवार! साहेबाला विचार हवं तर!,neutral
सध्या हेच सुरू आहे ने तब्येत बरी आहे का ते पण नाही विचारलं,sad
कारण मनमोहन सिंह लसूण खात होते आणि ही खात नाही,neutral
"| इंग्लंडने टॉस जिंकला, भारत करणार प्रथम फलंदाजी",neutral
"उद्धव ठाकरे गट शिवसेनेच्या तेरावा, वर्षश्राद्धाला पण एकत्र जाणार आहेत",neutral
आरोग्य विभागाची पुन्हा परीक्षा व्हावी. ड क ज्याने कोरोना काळात काम केले त्यांची नियुक्ती व्हावी..,neutral
सुन कशी आहे????? सुरक्षित आहे ना राहत्या घरी,fear
गो-रक्षेच्या नावाखाली हैदोस माजवणाऱ्या भाजपवाल्यांना आता गायींचा विसर पडला का?,angry
सुप्रीतला या ट्विटसाठी मटण थाळी,neutral
ते म्हणलेले होते की मिडियाचं लक्ष विचलित करण्यासाठी ते बोलले…,neutral
वर्ष जुन्या गाड्या रस्त्यावर बंद केल्या तरी गर्दी कमी होईल,neutral
मेंदूने विचारांनी आणि कपटाने काम करणारा औरंगजेब होता का??? /,angry
ऊस पण आहे का सरांचा,neutral
गेल्या अडीच वर्ष तुम्ही वसुली करा आणि आता भाषण द्या,angry
असं का करताय मानवतावादी आहेत त्या,angry
विकासाच्या बाबतीत भारत मागे राहिलेला नाही तर जग पुढे गेलं आहे! व्यर्थमंञी.,angry
तुमचे नाव चोरमरे का पडले असेल याचा मी विचार करतोय...,angry
आधी साहेब झोपले होते,neutral
ते उपमुख्यमंत्री म्हणूनच जन्माला आलेले आहेत!,neutral
मी स्वतः पक्ष काढून हे सगळे बदलणार!,angry
मशालने छान आग लागणार आहे,happy
तिघांनी एकत्र संसार करायला काय हरकत आहे? हिंदू धर्मात द्रौपदी चे नवरे होते,angry
"हा सावंत तुमची लायकी दाखवतोय. ""ठकासी व्हावे ठक"" आणखी काय सांगणार",angry
कधी कधी स्वत:चं कर्तुत्व सिध्द करण्यासाठी दुसऱ्याला बदनाम करणे योग्य नाही !!,angry
"ही निवड अजिबात परिवार वादातून झाली नसून पूर्णपणे लोकशाही मार्फत झाली आहे,",neutral
पार्ट टाईम हिंदुत्व आहे यांचं. चवीनुसार वापरायचं,angry
आता ठाकरे काय बोलणार सभेत सगळ्यांनी लक्षात ठेवा आपल्याला बाळासाहेबांच्या शिवसेनेला हरवयचा आहे,angry
आज सलाइन नाही लावला म्हणून,neutral
ती भाजीचं खा मग भरपूर शक्ती येते ....,neutral
लेखण म्हणजे काय ते पण सांगा आता,neutral
"अच्छा, म्हणून इथे येऊन....",neutral
बाळासाहेबांना जेल मध्ये पाठवणाऱ्या लोकांसमोर हा मिंधा उदो बाळ झुकला,angry
शेवटी शेवटी बाळासाहेब दबावाखाली च होते आता सगळं उघड होईल हळू हळू,angry
हिचा पहिला नवरा पाकिस्तानी होता...आणि आता अजित गुलाबचंद सोबत राहते...यावरून ओळखा!,angry
लाचार मिडिया ' ला राहुल गांधी ची भारत जोडो यात्रा दिसतीये का नाही!,angry
"खरं आहे का, डॉ सोमैया?",neutral
मग तुमच्या घरी पाठवू का आणि झेपल का त्याचा पण विचार कर,neutral
विद्यार्थ्यांनी अधिक माहितीसाठी हे संकेतस्थळ:,neutral
ह्याना आता काय फरक पडत नाही सत्तेत आहेत महाराष्ट्राच्या जनतेनेच ठरावायच आता,neutral
पावसाचा जोर कमी व्हायला सुरुवात. डेक्कन कोथरूड परिसरात जोर कमी झाला. इतर भागात मात्र सुरूच,neutral
"देवरा भाजपचा संभाव्य उमेदवार आहे, लोकसभा.",neutral
तुमच्या तक्रारींचे काय होते ते बघू ऑक्टोबर दिवसांवर आहे,neutral
मनपामध्ये दूरध्वनीवर संवादासाठी आता हॅलो ऐवजी ‘वंदे मातरम्’ मनपाचे परिपत्रक जारी @,neutral
मुळात पाकिस्तान हा देश नाही हा एक विचार आहे त्यांच्या साठी,neutral
कविता ही अंतरमनाच्या सादरीकरणाचे माध्यम: ज्येष्ठ नाटककार प्राजक्त देशमुख,neutral
तुझा आजोबा वाटतो बर का??,neutral
कोण आहे ही बाई ?,neutral
"एकदम खरे आहे, मी च्या निवडणुकीत विदर्भात कर्तव्यावर असताना हे अनुभवलेले आहे.",neutral
दक्षिण अफ्रिका नव्हे ही तर ‘क्षीण’अफ्रिका,angry
पंकजाताई मुंडेचं नाव हे जाणून बुजून डावलण्यात येत आहे....,angry
मामीला गाणं म्हणायला बोलवल नाही का,neutral
आता फक्त दिवाळीला पाऊस नाही आला म्हणजे जिंकला.,neutral
"चेहर्याचा पॅरालीसीस म्हणजे बेल्स पाल्सी, हा फिजिओथेरेपी उपचाराने पूर्ण बरा होतो.",neutral
"महाराज आणि महाराष्ट्र आणि मराठा समाज गद्दार लोकांना कधीच माफ करणार नाही, अण्णाजी पंत",angry
विश्लेषण : उद्धव ठाकरे आणि एकनाथ शिंदेंना ‘त्रिशूळ’ हे पक्षचिन्ह का मिळालं नाही?,neutral
"काही जण स्वतः मला म्हणतात .येऊ का संडेला , बोलावं कधीतरी.",neutral
"नाही, आंदर मावळ",neutral
"ती म्हण यांच्या साठीच बनवली होती बहुतेक.... ""गिरे तो भी टांग ऊपर""",angry
मी काय शेणीक आहे का,angry
माझ्यापेक्षा वयाने आणि अनुभवाने मोठे असाल तुम्ही म्हणून आदराने सर म्हणालो.,happy
सदरच्या मेळाव्यासाठीच्या जेवणाची व्यवस्था माझ्याकडे होती.,neutral
आपला विषय “श्रीमंती ही वाऱ्यावर उडून जाते कायम टिकणारी गोष्ट एकच ती म्हणजे व्यक्तीमत्व.”,neutral
मुद्देसूद व प्रत्येकाला माहिती असावं असा एक थ्रेड,neutral
सर्वात मोठं धर्म होता.,neutral
जगाला दाखवण्यासाठी नाही पन स्वताला सिध्द करण्यासाठी योग्य जागेवर ऊभे राहण गरजेच आहे,happy
हे पण खरंच आहे !,neutral
आणि कोणीतरी काही दिवसापूर्वी मुंबई मेट्रो मध्ये गाणी गातात म्हणून करत होते.,neutral
जन्म घेतला मुक्त आयुष्यभर बंधनात.अजुनही स्वतःला समजून घेण्या साठी प्रयत्न करत आहे. श्रीकांत मोरे सोलापूर,sad
स्वबळाच्या नादात एक निवडून यायचा नाय,neutral
हीच योग्य वेळ आहे,happy
हा माणूस राज्याच्या उपमुख्यमंत्री आणि गृहमंत्री असणा-या फडणवीसांचा एकेरी उल्लेख करत आहे.,angry
ज्यांची हातभर फाटलेली असते तेच म्हणत असतात महाराष्ट्राची ही संस्कृती नाही,angry
नानांचा सवाल योग्य आहे.पण उत्तर देणाऱ्या व्यक्ती योग्य नाही..,neutral
तेवढं सोपं भाजपा वाटतं का?काही वेगळंच नसेल तर नवल नको,neutral
"भुसे साहेब दुसरी कडे गर्दी जमावता नाही येत का शिंदे साहेबांना,",neutral
पयसुल्ल्यान शिकपाचें तंत्रगिन्यान ./% % %% %…,neutral
यातील अर्धी तरी निश्चित च वापरली आहेत,neutral
"अगदी शेवटपर्यंत बिनव्याजी प्रेम वाटणारी बँक म्हणजे ""आई""...!",happy
"स्थानिक स्वराज्य संस्थांच्या निवडणुकीची सुनावणी पुन्हा लांबणीवर, दोन आठवड्यानंतर सुनावणी होणार",neutral
आणि बँकांना त्यांची कर्जे माफ करण्यास सांगा,neutral
मी देव मानत नाही,neutral
": ऑक्टोबर महिन्यात ग्रह बदलणार राशी, या राशींना मिळतील अशी फळं",neutral
हा सगळा गारमेंट इंडस्ट्री चा मार्केटिंग फंडा आहे.,neutral
हे चार नंबरचा पक्ष सांगतोय,neutral
तसच होते. माझही नव्हतं अगोदर मग स्वतःसोबतच घडलं मग कळलं,neutral
हॉररपट सत्य घटनेवर आधारित आहे का?,neutral
युवा नेता म्हणून राज साहेबांचा पोरगा आहे. हे विसरू नका,neutral
नागपूर:- पंचायत समितीपैकी एकाही समितीत भाजपचा सभापती नाही...,neutral
तुम्हाला हिरवी म्हणायचं आहे का?,neutral
"शेतकऱ्यांची दिवाळी धुमधडाक्यात साजरी झाली पाहिजे, राज ठाकरेंनी मुख्यमंत्र्यांना धाडलं पत्र",neutral
ऑस्कर साठी नामांकन आहे का हे,neutral
बाळासाहेबांची शिवसेना या पक्षाचा नवा व्हिडिओ ...,neutral
मध्ये काम करणारे तर बिनधास्त मागतात पैसे,neutral
मुंबई महानगरपालिका निवडणूक नजरेसमोर ठेवून निर्णय घेण्यात आला आहे.,neutral
ती पण अशीच होती.,neutral
वागळ्या हे बघ चोख उत्तर,neutral
"सही पकडे है... हे भटखळकर, चित्रा वाघ यांच्या पोस्टवर पण येऊ द्या",neutral
"या गोष्टीवर मुस्लिमांमध्ये पुरोगामी, सुधारणावादी लोकांपेक्षा प्रतिगामी लोकच जास्त बोलतात.",neutral
पैश्यापुढती आणि धंद्यापुढती सर्व काही क्षम्य असतंय...,neutral
बहुजन जागे झाले आहेत का?,neutral
माझं चित्रं रेखाटणार काय? कौशल्य आहे म्हणून विचारतोय,neutral
ट्विट डिलीट झालं.....!! का मी ब्लॉक झालो.....??,neutral
त्यांना उत्तर पोहचले आहे. नवीन चिन्हाच्या शोधात आहेत ते.,neutral
उद्धव आणि आदित्य ठाकरे यांनी केली आहे का ?,neutral
"ये केसा पत्रकार हे ,",neutral
गुलाब म्हणजे,neutral
"आयुष्याचा असा टप्पा अनुभवतोय की, माणूस कसा असावा समजायला लागलंय...",neutral
"ऐन दिवाळीच्या तोंडावर नाशिककरांना झटका, चार शहरांसाठीची विमान सेवा बंद होणार",neutral
एकेकाळी महाराष्ट्राच्या राजकारणात ही प्रगल्भता होती.,neutral
हा लाभ निवृत्त कर्मचाऱ्यांसाठी लागू आहे का,neutral
काय करता येईल हे ही सांगा?,neutral
इस्लामी व्यवस्थ आणि डावी विचारसरणी कशी काम करते याची उत्तम उदाहरण म्हणजे तू,angry
मुंबई मध्ये पाणी तुंबल तेव्हा हे नाही आठवलं व्हा रे डबल ढोलकी,angry
"कावळ्याच्या शापाने गाय मरत नाही,",neutral
हा विश्वास नाहि तर खरेदि केल्याची तुम्हास दिलेली जाण आहे.,neutral
शासनाला पाझर फुटेल का?,neutral
मंत्रीला माहीत नाही का ? महापालिका आता राज्यशासन चालवत आहे मुदत संपल्यामुळे ?,neutral
"काळाची गरज आहे, आणि लोकशाही टिकवण्यासाठी तर नक्कीच",happy
मागच्या वर्षी होते .. त्यामूळे उद्या पण असेल,neutral
मी पण हेच म्हणणार होतो..,neutral
: भारत जिंकला नाही तर…; बांगलादेशविजयावर सुनिल गावस्कर हे काय बोलून गेले ./ -/,neutral
तसं काही नाही! हो पक्की मुलगीच आहे आमची ताई सांगत होती,neutral
अरे राजा ही ब्रिगेड उंची घोषणा आहे... ब्रिगेडला कोणाचा आशीर्वाद आहे?,neutral
हा निधी वापरला जावा... आणि कामे व्हावीत... एवढीच सदिच्छा... धन्यवाद,neutral
अनाचार या सदाचार?,neutral
मलाही लिहायचा होता लिहीन लिहीन म्हणून राहून गेला,neutral
"पॉप्युलर फ्रंट इंडियावर केंद्र सरकारकडून वर्षांची बंदी, तपास यंत्रणांनी बंदीची केली होती शिफारस",neutral
"जाणार पण नाही त्यापुढे..,",neutral
त्याच पक्षाचां पाठींबा मिळवून साहेब मुख्यमंत्री आणि कृषिमंत्री झाले होते,neutral
ला माहित तरी होत का...की ते होणार आहेत..??,neutral
विषय आहे महागाईचा आणि आपण काय बोलताय. सामान्य जनता यात होरपळून निघत आहे.,sad
हा ये करलो पेहले....,neutral
भाग्य आहे हींदुत्वाचे शिलेदार सोबत दिसत आहेत. देवेंद्रजी सुध्दा हवे होते.,happy
तुम्हाला कोणी काय करावं ते सांगितलं तर मला ही कळवा,neutral
युपी आणि गुजरात ला नाही लागु केला का,neutral
महाराष्ट्र मधील सरकार कधी असा निर्णय घेणार ?,neutral
अजून यायचे आहे या जगात त्या आधीच हे आहे ....,neutral
"स्वतःच्या अनुभवातुन शिका, त्याच बरोबर दुसऱ्याच्या अनुभवातुन ही शिका...",neutral
छत्रपति शिवाजी महाराजांच्या नावाने कुणीही पक्ष नाही काढू शकत नियमाप्रमाने,neutral
:संध्याकाळी भूक शमवण्यासाठी हे आरोग्यदायी ‘चवळी चाट’ एकदा करून पहा.,neutral
अडिच वर्ष फक्त विमानात फिरत होता वाटतं?,neutral
मी अर्थमंत्री कमी असेन पण वकील जास्त आहे,neutral
अंधेरी तुन भाजपचा उमेदवार मागे घेत आहे जाहीर करणे एवढंच काम कुळे कडे,neutral
पडले तरी सांड वर अशी भक्तांची समजूत.,neutral
हा निर्णय झाला त्यावेळचे सर्व आताही सत्ताधारी आहेत.,neutral
"काही आठवणी, काही नाती आणि काही माणसं, कितीही त्रासदायक असले तरी आयुष्यभर जपली जातात.",sad
इडली खाल्याने वजन वाढत नाही हुशशश ...,happy
# टाकणारच होते पण म्हटलं जाऊदे.,neutral
हा माझा आहे का,neutral
कोण आहेत हे गृहस्थ,neutral
तुझ्याकडे तुझा फोटो आहे का खरा तो लाव ना,neutral
हे कधी झालं??? आणि तुम्हा ला एक काम सांगितल होत व्हॉटस् अप बघा तुम्ही,happy
अंधेरी मधून पळ काढताना हेच गाणे ऐकत होते का ?,neutral
सिल्व्हर ओक वर्षे कोण जात होते?,neutral
बँक-अप म्हणून कँश ठेवा ज्याने ही वेळ टाळता येईल,neutral
अत्यंत धाडसी निर्णय! दादांची मते % वाढणार.,happy
मला हा आवाज ऐकायचा आहे.,neutral
ते संतूर आजोबा वगैरे काही नाही का?,neutral
ही पिंक कलर ची असते ना ज्या महिला चालक असतात.,neutral
भक्कम ही काय तटबंदी आहे का...???,neutral
उजिळ कधी होता?,neutral
इशरत जहाँ चे बंधू ते भिकारी देश ही भारता पुढे आहेत ..,angry
किती जन्म हा चालावा... लपाछुपी चा चाळा... कालिंदी च्या तटावरी येशील रे वेल्हाळा....,sad
"आणि भाजप प्रवेश केला की स्वच्छ होतात, कमळी चे वांशिग मशिन",angry
तरी पण बाकी आहेत अजून,neutral
विश्लेषण : भारतीय गोलंदाज धावसंख्येचा बचाव करण्यात का ठरत आहेत अपयशी?,neutral
एकनाथ शिंदे यांच्या बाळासाहेबांची शिवसेना या पक्षाला निवडणूक आयोगाकडून ढाल-तलवार हे चिन्ह,neutral
"नक्कीच, ही दिवाळी हलाल मुक्त होणार च जयतू जयतू हिंदुराष्ट्र",happy
खरंच??? चौकातला का??,happy
"छोटा पॅकेट गोटी दाढी, महाशक्ती आम्ही नाही म्हणत, तुझा मालकच म्हणतोय,त्याला जाऊन विचार...",angry
जनता हेच घालणार आहे तुमच्या पार्श्वभूमीवर थोडं थांबा प्रत्येक गोष्ट वेळेनुसारच होते,neutral
आता छट पूजा पण करायला लावणार काय ..आपलेच दात आपलेच ओठ..,angry
पाटी पुसत आहे,neutral
हा वाला स्किनशॅट टाका ना कोणी तरी आमचे पण मनोरंजन होउद्या,neutral
"अपर, कोणाच अकाऊंट ब्लॉक झाल?",neutral
शेळीब्रेटी होतील सर तसं तर ते आधीच आहेत,neutral
गद्दारी करताना आपल्याला ते समजले नाही का आता लोकांना शहाणपण नका शिकवू,angry
निळु ला साधा प्रश्न विचारला होता,neutral
सारे भक्त सुत्ये का असतात?,angry
तुला किती मुले आहेत ते सांगशील का लोकांला.,neutral
अरे विषय आहे का,neutral
नाही प्रत्येकाला अभिव्यक्ति स्वातंत्र्य आहे सर तुम्हाला ही स्वताचे असे विचार आहेत.,happy
: सरकार दरबारी संत्रा-माेसंबीची उपेक्षा का?,neutral
वडिलांसारखी पलटी मारणार की ठाम राहणार हे निवडणूक आल्यावर कळेलच.,neutral
मी मनातल्या मनात देतो,neutral
आणि अटक व निर्धोष सुटका पण सर्वात जास्त केलेत,neutral
घरचा आहे का चहा सर...,neutral
मेहबुबा मुफ्तीच्या पक्षासोबत काश्मीर मध्ये सत्तेसाठी युती कोणी केली होती,neutral
आणि जेलचा अम्रूत महोत्सव,neutral
"नाही त्यांचे बाँड असतील, बाकी तर असणारच...नाही का",neutral
सावधान! पुढील काही दिवसांसाठी असा आहे हवामान विभागाचा पावसाचा अंदाज,neutral
ग्रामपंचायत काय असत माहिती आहे का,neutral
इकडे तर मध्ये मरण यावं ही इच्छा बाळगणारे भरपूर भेटतील,sad
मटन आणायला कोणती गाडी घेऊन आला होता ते पहा मटण खाणाऱ्याचा नाद करायचा नाय,angry
आधी होणार आहे कि नाही याची ग्यारंटी नाही,neutral
"मुख्य मुद्द्यावरून लक्ष्य विचलित करणे हे, संघ आणि भाजपचे अंगभूत लक्षण आणि गुणधर्म आहे.",angry
आणि हे ईमोजी त्यांच्या योगदानामुळे आपल्या वापरात आले आहे- मंदिर -,neutral
ते भक्तांना खूश करण्यासाठी होते,neutral
झालं? म्हणजे,neutral
..... उमेदवार देत नाहीत ही आमची संस्कृती आहे.,neutral
बाळासाहेबांना ज्याच्या हातचं जेवणं आवडायचं ते 'थापा शिंदेगटात का गेले?' यावर शिवसेनेची पहिली प्रतिक्रिया,neutral
त्या घुघंट घालतात .. दोन्ही सारखेच नाही का वाटत तुम्हाला ?,angry
महाशक्ती पण एका विधवा स्त्रीला घाबरते..!,angry
सुपारी मिळत नाही तोपर्यंत नाही जागे होणार ते,angry
आरे काँगेसविसर्जित करायला सांगितली होती ती आज होत आहे.,neutral
नावेच अशी आहेत की कोणी कुठेही टच करणार नाही.,neutral
आरोग्य टीप्स : रिफाइंड तेलाचा वापर करताय? आधी हे वाचा….,neutral
म्हणून मी कमेंट्स बंद करून बसते.. दांडा बाई,neutral
हिंदुत्ववादी सरकार नवरात्री मधे दारूची दुकाने बंद ठेवणार आहे का ?,neutral
त्याचसाठी तर हा राष्ट्रवादीतुन तिकडे गेला,neutral
मुख्यमंत्री शिंदे यांची पंतप्रधानांकडे पत्राद्वारे 'ही' मागणी,neutral
ते लढायला तयार होते तुमचे मालकाने तुम्हाला पूढ करून खेळी खेळले पण माज बघा,angry
गेले तब्बल दीड महिना लटकलेली पालकमंत्र्यांची नियुक्ती थोड्याच वेळात जाहीर होणार आहे,neutral
"कारण...गेलेला दिवस परत कधीच येत नाही आणि उद्याचा काही भरवसा नाही...! प्रणाम,",sad
ही यांची लायकी,angry
हडपसर जागे साठी कोण तिकीट मागायला फडणवीस साहेबांना कडे गेले होते.,neutral
हे स्वतः तर त्याच्याही पेक्षा चार पावल़ं पुढं गेले आहेत ....,neutral
काय संस्कृती आहे. राणे कुटुंबांतील सदस्यांची,angry
हे खूपच होतंय,neutral
"शरद पवारांनी आशिष शेलारांबरोबर युती का केली?, संदीप पाटील म्हणाले…",neutral
काय काम केला किती विकास केला त्यावर बोल.,neutral
दिवाळी आहे करायला च पाहिजे मदत,neutral
दिल्ली मध्ये मास्क अनिवार्य आहे का ??,neutral
ही जेन्ट्स हुडी आहे,neutral
सर्व खासदारांची चौकशी केली पाहिजे तुंमची एवढी संपत्ती कशी वाढली हे उतर द्यावे,angry
जिल्ह्याचे नाव जगात पोचायनाऱ्या अविनाश साबळेंच्या गावाचा होणार कायापालट,neutral
मुळे सर्वांना आता बोलवत आहेत..,neutral
आरे येथील कारखेड साठी विरोध म्हणून गाणे म्हटले तरी कारवाई झाली होती...,neutral
टॅग केलेल्या सगळ्यांना पाब्लो सरांन कडून फराळाचे निमंत्रण देण्यात येत आहे,neutral
जीवनात जगतांना असे जगा कि आपण कोणाची आठवण काढण्यापेक्षा आपली कोणीतरी आठवण काढली पाहीजे…,happy
काहो ती आइसक्रीम च काय झाल घेतली होती का तोंडात,neutral
आता बस झाल हातातोंडाशी आलेला घास काढून घेऊ नको,neutral
तुम्हिच राहिले होते सांगायच,neutral
आणि ढाल तरवार संग्रहालयातून बाहेर पडणार नाही.,neutral
ही वस्तुस्थिती आहे,neutral
याचा मराठी मध्ये अर्थ कोण सांगू शकेल? मला समजलेला नाही आहे,neutral
"आकाश वाणी, झालेली होती.",neutral
देवेंद्र फडणवीस ह्यांनी उद्योग खाते स्वतःकडे ठेवायला हवे होते.,neutral
तो बारामतीचा होता...,neutral
कोणत्या आणि किती बाळासाहेबांचा आहे तू?,neutral
इथे महत्त्वाचा मुद्दा कर्तृत्व आहे कर्तुत्व नसेल तर घराणेशाहीच कामाला येते,neutral
"आला आला आला,....... गेला,...... परत आला आला,...",neutral
"मिडियाला हा मुद्दा तापत ठेवायचा होता, अंकिता प्रकरणावरून लक्ष हटवण्यासाठी. बाकी गेहलोत समर्थ आहेत.",neutral
हा उंबरठ्याच्या आत आणि हे उंबरठ्याच्या बाहेर,neutral
बाई तुम्ही तुम्हाचे बघा तुम्हाला का मिर्ची लागते,angry
त्यामुळे आपण त्या कुटुंबावर व भटक्या कुत्र्यावर योग्य ती कारवाही करावी ही नम्र विनंत्ती.,neutral
... शिवरायांच्या गड किल्ल्यांच्या संवर्धनाचे काम झालेच पाहिजे. जय महाराष्ट्र,happy
सोनाली चा आला की नाही,neutral
अजून पण आपण ब्रिटिशांचेच कायदे आणि कानून वापरत आहोत,neutral
सर्वपित्री अमावास्या शुभ की अशुभ?अमावस्या वाईट असते का? अमावास्येला नकारात्मक घटना जास्त घडतात का?,fear
"जानवं' हे हिंदुत्व नसून एकमेकांना जाणून घेणं, जातीभेद, वर्णभेद न करणं हे हिंदुत्व आहे.",happy
प्रार्थना करतो की पावसाने विश्रांती घ्यावी जेणेकरून बळीराजाला ही दिवाळी आणखी आनंदी जाईल,happy
भाजपची ब टीम आहे आय आय एम् हे विसरलात वाटते आपण,angry
तरी पण मोदींपेक्षा कमी आहेत,angry
याचं आणि यांच्या वडिलांचं हे विशेष आहे की हे कधीच मराठी वापरात नाहीत.,angry
अक्षय कुमार अभिनित राम सेतू या चित्रपटाचा ट्रेलर प्रदर्शित झाला आहे.,neutral
आता महाराष्ट्र जेलमधुन कधी येणार बाहेर?,neutral
हे हिंदुशक्ति-संभूत-दीप्तितम-तेजा हे हिंदुतपस्या-पूत ईश्वरी ओजा हे हिंदुश्री-सौभाग्य-भूतीच्या साजा हे हिंदु-नृसिंहा प्रभो शिवाजीराजा,happy
"निवडणुकीत मोठमोठी आश्वासने देतात लोकांमध्ये या, आणि जिंकल्यानंतर बेरोजगारांना रोजगारही देऊ शकत नाही.",angry
तात्या सर काय म्हणती ही बघा जरा...,neutral
हिंदुत्व हा शब्द पाठ्यपुस्तकात गेला कसा???? ज्या शब्दाचा इतिहासच नाही तो शब्द इतिहासात????,happy
"सत्तेसाठी लाचार, तिथं नाही चालणार ढाल तलवार!",angry
"हे लावून बघा भाऊ, नक्किच फायदा होईल आणि फॉलोवर वाढतील",happy
"खाण्यामुळे नाही तर, ‘या’ आजारामुळे वाढू शकतो तुमचे वजन",fear
म्हणजे रामदास आठवलेना सर्व माफ आहे का?,angry
शासकीय कर्मचाऱ्यांप्रमाणे कमीत कमी वीस वर्षाची अट टाका,neutral
वेगवान गोलंदाज पॅट कमिन्स हा ऑस्ट्रेलियाचा नवा एकदिवसीय कर्णधार असणार आहे.,neutral
नजर नका लावू सर...एकुलती एक आहे.. . . . . तिच्या बापाला...,fear
जेव्हा सम्राट अशोक होते तेव्हा एक ही मुस्लिमच ची हिम्मत झाली नाही.,happy
"हा महाराष्ट्र आहे आमचा , गुजरात नाही . गुजरात ला जायचं",angry
म्हणून मी घरातून अजुन बाहेर नाही आलो....,sad
मनसेने दिली गुलाबाची फुले आणि महापौर पंचम कलानी मराठीत बोलल्या ./-…,neutral
तीन महिन्यात हे बांधुन झाले का?किती वर्षे लागली ते ही सांगा ना...,happy
आता राजकीय परिस्थती बघता तुमच्या सारखा पत्रकाराची गरज आहे .,happy
घेतो का तुझ्यावर उडवून,angry
"जाधव, त्याला प्रीतीमा नाही प्रतिमा म्हणतात..",neutral
त्याला आता गावालाच पाठवायचा आहे,neutral
तरीही मालकाकडे सुरक्षा मागितली होती...आणि आता तर ब्लॅक बेल्ट!,happy
सुप्रीम लिडर मोदीजी पण या लोकांना घाबरतात मग शिंदे कुठं लागलं...,fear
माझ्यासाठी हा महाराष्ट्र फक्त छत्रपती शिवराय आणि छत्रपती शंभूराजेंचा आहे,happy
"आज नवरात्रीचा पहिला दिवस, अशी करा देवी शैलपुत्रीची पूजा",happy
राज साहेबानी गोटी टाकली पाहू सामोर काय होते तर..,happy
गेलाय तो तिकडे बघू आता,neutral
तो हार्दिक पटेल भाजप मधे आला त्यावेळी शोक सभा झाली की नाही त?,angry
वेळेचं नियोजन हे यशाचा पाया आहे हे नक्कीच,happy
अशी आहे जडेजाची लव्हस्टोरी..,neutral
यातील परस्पर सहमती आणि बळजबरी चे निर्णय कोणते हे शोधने संशोधनाचा विषय आहे..!,neutral
रक्षाबंधन : यशस्वी आणि पियूष,neutral
या मुळेच विश्वगुरु पत्रकार परिषद घेत नाही,neutral
अगदीच बरोबर. विरोधकांनी एकत्र येऊन लढा द्यायलाच हवा आहे.,happy
निवडणूक कधी आहे,neutral
पुरुषोत्तम ला मी जाऊन आलोय,neutral
आमच्या येथील सार्वजनिक शौचालयं साफ होत नाहीत वेळेवर.. प्रयत्न केला तर बरं होईल,angry
"तास कष्ट करून हा फोटो मिळाला.. भाया, आर्थिक मदत अपेक्षित आहे",sad
शिंदे गटाला ढाल आणि तलवार निवडणूक चिन्ह; निवडणूक आयोगाचा निर्णय,neutral
त्या हाताने खाल्ले होते वाटते तुझ्या नमोने,angry
. मराठी मनाला हे कस पटेल?,happy
मोफत धान्यवाटप कार्यक्रम सुरु करण्यात आले आहे हे कार्य अविरतपणे तीन दिवस चालणार आहे.,neutral
कोल्हापूर उत्तर पोटनिवडणूकीत पण हेच केलं चंपा ने.,neutral
होय असे बऱ्याचदा होते,neutral
भुजबळांनी भुजबळ नाॅलेज सिटीला महात्मा फुलेंचे किंवा सावित्रीबाई फुले यांचे नांव का दिले नाही...?,happy
ही पण रिझवी कॉलेज ला गेलेली का....,neutral
बदला मग हे सरकार,angry
हे काय असते,happy
"आता नानाच एकसारखे बोलत होते, तर एकनाथजी काय बोलतील?",neutral
काळे कपडे नसतील तर संक्रांतीला तिळगुळ ही वाटायला जायला बंदी असते का?,happy
आता तुम्हीच साहेबांचा अपमान करायला लागल्यावर कसं होणार,angry
हा ट्रॅक्टर कोणत्या देशात आहे सांगा आणि बक्षिस मिळवा !,neutral
आता महाविद्यालयेच ठरवणार अभ्यासक्रम; ची सुधारित नियमांना मंजुरी,neutral
एखाद्याला मेसेज करून त्याने तो रीड केलाय का नाही हे दर मिनिटांनी तपासणे...,neutral
उद्धव ठाकरेंनी पुण्यातील ‘पाकिस्तान जिंदाबाद’च्या नाऱ्यांचा निषेध का केला नाही; भाजपचा सवाल –,angry
सीट कोणाची होती ???,neutral
रिक्त पदे आहेत.,neutral
ट्विट ने तेवढं च मनाचं समाधान,neutral
: मातोश्री नाही तर राज ठाकरेंचं शिवतीर्थ सत्तेचं केंद्र बनतंय का?,neutral
सर यात आधी काँग्रेस आणि राष्ट्रवादी तसेच संभाजी ब्रिगेड यांचाही सामावेश आहे.,neutral
दरारा हा वाघांचा असतो करणाऱ्यांचा नसतो त्याचा फक्त मुजरा असतो,happy
त्यांना मोफत प्रवास होता,neutral
लेकभूषण असणं हे उद्योगभूषण असण्यापेक्ष्या मोठं आहे.,happy
"रस्ते कशे बांधावे , शहर कसे रचावे हे महापालिका ठरवते",neutral
तुला पण वेदु चे कधी होणार यावर फोकस कर,neutral
महाराष्ट्राच्या सत्ता संघर्षावर उद्या सुप्रीम कोर्टात सुनावणी; सुनावणीचे थेट प्रक्षेपण होणार.....,neutral
भेट व्हावी असं काही नाही मनात आपुलकी आहे हे हि काही कमी नाही...,neutral
याला जास्त प्रसिद्धी देऊ नका. हा सगळं त्याचसाठी करतोय. असाच नाही उताणा पाडला निवडणुकीत.,angry
या छळातूनच नव्या क्रांतीच्या ठिणग्या उडतील; सेनेच्या ढाण्या वाघाचे आईला कोठडीतून पत्र,angry
कपिवा हेअर केअर ज्यूस वापरकर्त्यांची केसगळती कमी करण्यास कशी मदत करते ते इथे वाचा.,neutral
मले आधी वाटलं तुम्ही सोता सोंगलेल्या सोयाबीन चा फोटु टाकलं का काय?,neutral
लोकांना आणी पत्रकार या नात्याने तुम्हालाही अधिकार आहेच.अग्रलेखातुन आवाज़ उठवा,neutral
गुन्हे दाखल झाले का? या औलादी झोडून काढायला हव्यात.,angry
", नेहमी ज्यात आवड आहे आणि समाधान मिळत तेच काम करत रहायचं.",happy
भाई तुझ्या सारखं रिंगण तर नाही केलं ना?,neutral
च्यु .. धनुष्यबाण तर किती वर्षांपासून माहिती होता तरीही चार नंबर आला,angry
हे सर्व एका घरातले आहेत परंतू एकनाथ शिंदे मध्येच कुठेतरी,neutral
"राजस्थानमध्ये काँग्रेसचं काय होणार असा प्रश्न निर्माण झाला होता. पण, रात्री अनेक घडामोडी घडल्यानंतर",neutral
तीन झाले का? म्या दोघच समजत होतो,neutral
": कोल्हापूरपासून वणीपर्यंत, ही आहेत महाराष्ट्रातील साडेतीन शक्तिपीठे",neutral
भाजप मध्ये घराणेशाही नाही बर बर का....,angry
नंबर या बारकोड,neutral
इथून पुढे सर्व न्यायालयीन बाबींचा निकाल ट्विटर पोल द्वारेच लागेल का? आपल्याला काय वाटते?,happy
भोंडल्याची भुलाबईची गाणी पण ह्या अश्या स्लो रॅप मध्ये येतात का,happy
हा उत्तम कोण आहे.?,neutral
एमपीएससी मध्ये प्रश्न विचारतील म्हणून अंडरलाईन केलीय का...,neutral
"आमचा लोकशाहीवर विश्वास आहे, याचे कारण आमच्या सर्वांच्या हातात विकासाची मशाल आहे",happy
"योग्य वेळेची वाट बघण्यासाठी संयम असणे, हीच खरी जिवनातली अवघड परीक्षा आहे.",neutral
तुमच्या मधे आहे का पाऊस???,neutral
वेट आणि वॉच बिहार.,neutral
व्यापारात शांत संयमी आणि दूरदृष्टी असलेला माणूस टिकतो.,neutral
ओढत तुला च नेत आहे पण हे नक्की,neutral
हे कळण्यासाठी माणसात थोडीतरी प्रगल्भता असावी लागते,happy
"तरी सरकार काही करत नव्हते?निवडणुकीची वाट पाहत होते?मधेच ""भारत जोडो"" अले?",angry
जर्मनीच्या शांतीदुतांचे निवेदन जाहीर कराल का? म्हणजे जनतेला सुध्दा दिसेल.,neutral
लोकांनी ओळखून घ्यावे ह्यांनी अंधेरीत का माघार घेतली,neutral
तुमच्या करता तो सेटलमेंट चा वारसा असतो म्हणे खरं आहे का ?,neutral
आता शिवसेना कोणाची होणार ? निवडणूक आयोग आयुक्तांनी सांगितली शक्यता,neutral
"जाणीव ठेवणारे माणसें खुप कमी प्रमाणात आहेत, पण उपकाराची परतफेड केली असे सांगणारे बरेच भेटतील.",neutral
"गोऱ्यांनी सगळ्या गोष्टी चोरल्या, स्वतःच्या म्हणून जगभरात मिरवल्या..",angry
"अनंत कुरमुसेलाही अभिव्यक्ति स्वातंत्र्य होते, पण..............",neutral
कुठं होते रामभाऊ सकाळ पासून? दिसले नाही..,neutral
विशेष म्हणजे अंगणात एक कडेवर एक आणि पोटात एक असताना,neutral
अनारोकॉपिटलिझम हा मोक्ष आहे,neutral
गुरुवान खाऊन पण टाकला असात तो नारळ...,neutral
": टीम इंडियाला मिळणार नवा उपकर्णधार, रोहितच्या जागी हा खेळाडू करणार नेतृत्व",neutral
वीस पैशाच्या पुढे जे नाणे ठेवलेले आहे ते नाणे मी वापरलेले नाही,neutral
दडपशाही विरूद्ध सर्वपक्षानी एकत्र येणे क्रमपात्र आहे,neutral
तुम्ही का हवा आणि देता,neutral
पहिली तू येतेस का निवडून ते पहावं,neutral
मोहरम सण साजरा करण्यामागे या महत्वाच्या गोष्टी आणि आख्यायिका प्रसिद्ध आहेत,neutral
माझा थ्रेड हा हिंदुधर्म म्हणजे काय हाच असेल,happy
हे जिल्ह्याचे नाही तर विभागाचे झाले.,neutral
ती काकांचा एजन्ट आहे काय? असा मणतात.,neutral
शपथ सांगतो मला फुल्ल डाऊट आहे हे मीडिया वाले खेचतात उद्धव साहेबांची,angry
शिंदे गटाला निवडणूक चिन्ह म्हणून राज्यपालांची काळी टोपी देण्यात यावी...,neutral
चित्राताई हे कोण आहेत,neutral
काय रे भिकु तुझा मायनोसेना पक्ष या टिपन्नीची दखल घेणार आहे का?,neutral
"नाही कोणाच्या बापाची ? तूमचे साहेब म्हणजे मोदी, शाह, फडण किंवा नाथ ना???",angry
गाडी होती का घोडी कोण जाणे,neutral
रुग्णालय आहे हे,neutral
यांनीच महाराष्ट्र राज्याला बदनाम करण्याचा प्रयत्न केला आहे का...?,angry
आता खरी बाळासाहेबांची शिवसेना ढाल तलवारीने लढणार,happy
"प्रो कबड्डी लीग नवव्या हंगामाच्या तारखा जाहीर, या तीन शहरांमध्ये होणार सामने",neutral
स्टडी फ्रॉम होम होऊ शकते का याचा विचार करायला हवा,neutral
"सध्या समाधान नाही ती, त्यामुळे ट्विटरवर येईन तिला समाधान मिळत आहे",sad
",सुरूवात आपल्यापासून करावी हि विनंती ....",neutral
उद्या कोर्टाचा निर्णय आला की हा शिंदे यांना सांभाळणार.....,neutral
अखेर म्हणजे नांदेड पंढरपूर आणि कोल्हापूरच्या निवडणुकीनंतर,neutral
जेमतेम वी पास आणि कायदेतज्ञ आणि डॉक्टर होतात हे पहिल्यांदा होईल.,happy
ताई सुरेश भटांची कविता आहे.,neutral
नुकत्याच दिवंगत झालेल्या महाराणी एलिझाबेथ यांच्या आत्म्याला शांती लाभावी म्हणून,sad
पटकथेला मान्यता देणाऱ्या पडताळणी समितीतल्या सर्व सदस्यांची चौकशी ही विद्यापीठ प्रशासनाने,neutral
आरे तुम्ही तर हारायच्या भीतीने राजीनामा च मंजुर करत नव्हतात ते काय होत,happy
दुपारी गल्लीत चर्चा सुरु असतांना मी हेच मत व्यक्त केले होते…,neutral
"माझा उर भरून आला पोरा , तुझं ट्विट वाचून ...",happy
मग का बघितला आणि पैसे दिले .. .,neutral
गिरगाव येथे कार्यकर्ता व नागरिक संवाद कार्यक्रम - ./-…,neutral
मुख्यमंत्री बाळासाहेबांच्या शिवसेनेचा आहे,neutral
तलाठी भरती लवकर जाहीर करावी ही विनंती,neutral
ते येतीलच हा विश्वास आम्हाला नाही तुम्हाला आहे म्हणून,neutral
आणि ही तू पण ऑर्डर करू शकते,neutral
कोणत्याही परिस्थितीत ही गोष्ट विसरायची नाही...!,neutral
आणि ती महाराष्ट्रातच होते. योगींकडे अश्या गोष्टी घडत नाहीत. सर्व वचकून असतात.,neutral
आपण बारामती बरोबर बांद्र्याची सुध्दा धुणीभांडी करता का?,neutral
हे सुद्धा बाळासाहेब बोलले होते आणि आताच्या सेनेने तिकडेच अगरबत्त्या लावलाय,happy
"स्वातंत्र्यवीर सावरकर म्हणत असत की ,हिंदू धर्म परिवर्तन म्हणजे राष्ट्र परिवर्तन",happy
जादू करतात असे वाटायचे,happy
"खरिदार आहे ते जे विकणारे होते ते विकत घेतले, या बोलण्यावरून सिद्ध झाले,",neutral
नक्की काय खातात हा शोध तुम्ही तुमच्या घ्या तेवढंच राहील आहे आता,neutral
तुमच्या बद्दल अशी काही बातमी आता येणार पण नाही याची खात्री आहे आम्हाला,neutral
च्या विलीनिकारणावर बोलेल काय हा गुण वर्ते,neutral
हो आणि त्यांनी बंडखोरी केल्यामुळे आदित्य ठाकरे हे लोकांना समजले,neutral
"दादा, जो हिंदी भाषिक नाही तो हिंदू नाही असा म्हणायचं आहे का तुम्हाला?",angry
"क्रांती शॉ, उषा नायर आणि इतर कार्यकर्ते उपस्थित होते.",neutral
एक शेतकार्यचा मुलगा मुख्यमंत्री झाला हेही कोणाला रुचले नाही,sad
देवमाणूस मधला नाम्या आहे का हा?,neutral
सर ना माहिती आहे त्यांना सांगा टॅग करायला,neutral
मग हे काय आहे ?,neutral
मेनन कबर बांधायला सगळ्या पुढे होते,neutral
भाजपचा पराभव अटळ होता,neutral
असा कसा फेसबूक लाईव्ह ला सुद्धा होते की,neutral
साहेब हे शक्य आहे का ? कायदा सगळ्यासाठी सारखाच असला पाहिजे,neutral
पंजाबच्या भगवंत मान सरकारला पाकिस्तानसोबत पुन्हा सुरू करायचा आहे व्यापार,neutral
लटके मॅडम जिंकणार आणि थोड्या दिवसांनी शिंदे गटात सामील होणार.,neutral
शिंदेसेना म्हणजे,neutral
बरं ते प्रसन्ना जोशी शोधत आहेत तुम्हाला..,neutral
मेट्रोच्या पिलरचे काम सुरू असताना बाजूला असणाऱ्या चाळींच्या भिंती आणि घर... यांच्याकडून,neutral
कृपया हिंदी किंवा इंग्रजी उपशीर्षके जोडा श्रीमान,neutral
पामतेल देतोय अस सांगायला पण लाज वाटत नसेल का वो तुम्हाला?,angry
घे डबल संघटना आहे बहुतेक..,neutral
लठ्ठपणा कमी करण्यासाठी मधाचा योग्य वापर करणे गरजेचं आहे,neutral
परवाच ही कला मी हॅालमध्ये दाखवुन झालोय,happy
तू करत नाहीस का फक्त फडणवीस फडणवीस..,angry
चलन क्रमांक प्रसिद्ध करण्यात यावे ही आपणांस विनंती.,neutral
त्याच उष्टे इथे का वाढताय?? कि खरकटे उचलायची सवय झालीये खांडू च्या टीम ला?,angry
"ते सगळे ठीक, पण नक्की कोणता बाळासाहेब?",happy
"अजून पण गांधीतच आहे, बाहेर नाही काढला अभिव्यक्त स्वतंत्र....",sad
गोवा टपाल विभागाकडून एक जिल्हा-एक उत्पादन विषयावर लिफाफ्याचे अनावरण,neutral
यंदा हि दिवाळी वेगळी ठरणार आता रांगोळी घरात आणि अंघोळी दारात...,neutral
न्यायमूर्ती उदय उमेश लळीत यांची भारताचे वे सरन्यायाधीश म्हणून नेमणूक,neutral
निवडणूक झाली तर राज ठाकरे पाठिंबा जाहीर करतील असा अंदाज आहे माझा. बाकी बघुयात.,neutral
इथं पवार साहेब चालते का?,happy
इतर लोकांना काहि सुचल का?,neutral
रंगा बिल्ला सरकार केंद्रात पण आहे आणि महाराष्ट्रात पण आहे,angry
सध्या गुंठेवारी चे दस्त नोंद होत नाही त्याविषयी काही लक्ष द्यावे नम्र विनंती.,neutral
साडेतीन जिल्हे म्हणजे जग का......,happy
म्हणूनच बोलावले नाही मी तुला अजून,neutral
मच्छी मार्केटला गेल्यावर मच्छी पापलेट घ्यावाच लागतो का...??,happy
तुम्हाला च तिकीट द्यायची आहे साहेबाना म्हणून सर्व नाटक सुरु आहे,angry
अडीच वर्षे महाराष्ट्र फेसबुक लाइव्ह होता आता बाहेर पडलाय,neutral
आपली घेवून यायची की तुम्ही देणार,neutral
वजन घटवण्यासाठी रात्रीचं जेवण करता स्किप ? मग संध्याकाळी खा ‘ हे ‘ पदार्थ,neutral
साम दाम दंड भेद दिवस आमचे पण येतील,angry
"काय तुमचे विश्र्लशन.. कायपण यात कसला मोठेपण, आपणंच सगळ्या जगाचं मार्केट आहे..",happy
गाण्याच्या वादावर आता हे काय बोलून गेली युजवेंद्र चहलची पत्नी धनश्री वर्मा,happy
सोनाली जी आपण जैन धर्माचे आहात का,neutral
लाल रंगाचे उपरणे घेणार आता शेणके.,neutral
हे खरं पण तुम्ही काय करताय मनात राहण्यासाठी हेही महत्वाचे!!!,neutral
अध्यक्ष महोदय हे बरोबर नाहीये अध्यक्ष महोदय...,angry
हे / म्हणजे संपूर्ण पुणे नव्हे!,neutral
खरं तर हा फोटो फ्रेम करून लावला पाहिजे प्रत्येकाने त्यांच्या संपर्क कार्यालयात...,happy
महायुती सरकार असताना नाना ह्यांना एकही प्रतिक्रिया दिली नाही.आता सक्रिय.,neutral
बशी नव्हती का,neutral
कोहिनूर प्रकरणामुळे चांगले चांगले शांत झाले आहेत.. त्यांना पण विचारा एकदा का शांत आहे,angry
तुमच्यामुळे हे दिवस आलेत,angry
ते पहिल्यांदा विमानपत्तन हा शब्द काढा आम्हाला विमान पडल्या सारखे वाटते,fear
ते होते म्हणून कोरणा त जगाला तू बाळा.,happy
किरीट सोमय्या ला दिसत नाही का? त्याला टॅग करा...,angry
पावसाळ्यात पाणी पण असतंय सर,neutral
"तेवढं ते काकांना पंतप्रधान बनवायचं आहे, त्याचं बघा ना काय होतंय का",neutral
महाराष्ट्र राज्याचे परिवहन आयुक्त विवेक भीमनवार यांची प्रत्यक्ष भेट घेऊन यासंदर्भात त्यांना निवेदन !,neutral
येना-या प्रत्येईल निवडणुकीत एक तर यशस्वी माघारच घ्यावी लागेल किंवा नेस्तनाबूत होइल कमळी.,angry
"शोले, सरफरोश, अशी ही बनवाबनवी, पुष्पा, , .",neutral
तुम्हाला पेक्षा जास्त खोके मिळाल्याची बातमी आहे . खर का ?,neutral
"जनता आहे त्यांच्या पाठीशी, ते पण भाजपा मुळे जास्त पाठिंबा मशाल ला भेटतोय.",neutral
अस लै वेळेस होत पुन्हा आहे आहे जाग्यावर आहे होत,neutral
"थोडीच तर आहे,ती भलतीकडे वापरली आहे आधीच",neutral
आता हा भाऊसाहेब त्याचा ट्विट चेंकाय करणार.... पावसाळा तसा आहे खूप,neutral
आता उठऊ सारे रान आता पेटऊ सारे रान शेतकऱ्यांच्या राज्यासाठी,happy
दिवाळी साठी भेटल का फटाका,neutral
डॉक्टरांनी दिलेली प्रिस्क्रिप्शन तुम्ही वाचू शकता का?,neutral
आता पवार काकांच्या विचारांचे वारसदार होणार तुमचे साहेब...,neutral
"स्वस्तात खरेदी करा इंचाचे हे चार ; फीचर्स जबरदस्त, पाहा लिस्ट",neutral
खेळण्यातली ढाल तलवार पण नाही स्विकारणार,neutral
होता माझ्याजवळ पोस्ट पण केले होते,neutral
हे तु बोलतोय म्हणजे उध्दव ची वाटचाल बरबादीच्या योग्य दिशेने चालू आहे....,angry
कमळाबाई चेच लोक होती ती आदित्यसाहेबांचे अंदोलन बातमी दाखवावी लागनार नाही म्हणून,angry
फटाक्याची माळ लावेन का मग मातोश्री ते चंदेरी गृह,neutral
स्नेहाच्या दिव्यात ठेवते वात तेजाची वसू बारस म्हणजे पूजा धेनु वासराची *,happy
जे केले ते भोगावेच लागेल,sad
आता काय येत नसतो तो मुंबईत,neutral
मी : ची शेवटची बस होती तीने आलो,neutral
आवडतं का?,neutral
संजू भौ यांना महिला आणि बालविकास विभागाच्या जबाबदारी मिळणार अशी अपेक्षा आहे....,neutral
वर्मा अजून नीट आहे तुम्हाला इथल्या लोकांचे संस्कार कळायला वेळ लागेल.,neutral
पंतांना करा ते सद्या गृहमंत्री आहेत,neutral
नवरा मिठीत मावण्याजोगा नाही म्हणून मुठीत ठेवण्याचा एक केविलवाणा प्रयत्न दिसतोय या बाईसाहेबांचा.,angry
काल पुण्यात दिलेल्या घोषणाबाजीवर तोंड हलेल का ह्या साडेतीन जिल्ह्याच्या भावी पंतप्रधानाच,angry
मराठी लोक कुठे गेलीत ..एकही मराठी माणूस या पुरस्काराचा हकदार नाही का?,angry
तुम्ही आलात का लंडन वरून????का तिथे बसूनच पाहणी करताय?????,angry
एकनाथ शिंदे पक्ष जुनी बाळासाहेबांची शिवसेना आहे..,neutral
आणि इथून निघताना आपण का निघालो? हा पण प्रश्न पडतो.,sad
बघू आता हे पत्र संस्कृतीत बसते का ते ?,neutral
हा जुना फ़ोटो आहे का,neutral
"आता धनुष्यबान सुटला , मशला पण विजेल.",sad
घासलेट चोर आहे का कोणी इकडे,angry
तिथे केकेआर च्या किट बॅग का आहेत ? मॅच बीसीसीआय ची होती की केकेआर?,happy
आम्ही नाही आपण बोला. मी सुद्धा मागासवर्गीयच आहे.,neutral
पण हा उमर खालिद सारखा का दिसतो आहे मला?,neutral
हिते पण शिंदेंना विचारलेल्या प्रश्नाचं उत्तर फडणवीसांनी दिलं....,neutral
"आता अटल थाळी येणार का, शेंडी थाळी येणार",happy
कसा आहे गुलाब जांब,neutral
नुसत्या बुलढाणा जिल्हाचा सर्वे का करत पूर्ण विदर्भाचा करा सत्य परिस्थिती माहिती पडेल........!,angry
तात्या काय म्हणत्यात हे,neutral
कोश्यारी काय तुझ्या बायकोला विचारून बोलतोय का?,angry
साध्या भाज्या देखील वातानुकूलित सुपरमार्केट आणि रस्त्यावर दोन्हीकडे सारख्याच भावात मिळतात,neutral
असे हवेत ना,neutral
"कोकण ही परशुरामाची भूमी आहे,तिथे बापू लोकांचं काम नाही,तिथे शंभू महादेव आहेत..",happy
अहो ते सबसीडीचे होते. आताचे बिना सबसीडीचे आहेत.,neutral
"त्या तरुणाने उगाच त्याला त्रास दिलेल, कधी बोलणार, हा गुन्हा स्वतःचा बचाव केल्यामुळे झालंय.",sad
भरती लवकर प्रक्रीया लवकर चालु करावी आशी सर्व मुलांकडुन विंनती आहे,neutral
"आपण गरीब होत नाहीये,शेजारचा श्रीमंत होतोय !!",sad
माझ्या शाळेत कधी हे शिकवल नाही म्हणून विचारतोय,neutral
चेन्नई चा अण्णा आहे तो... विसल पोडू,happy
आता यातील कोण उडून गेला हे शोध घेण्यापेक्षा आहे त्यात समाधान मानले पाहीजे.,neutral
"भारत जिंकला काय आणि इंग्लंड जिंकला काय, आता सगळं सारखंच आहे. अभिनंदन!",neutral
अय खुळखळ्यानो हिन्दुत्व म्हणजे काय ते तरी सांगा,angry
आत्ता हातात मशाल आहे पोलिस स्त्शनलाच बिळातून जाळ धूर कडायचा,angry
मी ज्ञानी बाकी सगळे अज्ञानी अशी प्रजाती ट्विटवर अधूनमधून उदयास येत असते.,angry
"शरद पवारांनी बोलणं टाळलं, पण संजय राऊतांसाठी राहुल आणि प्रियांका गांधी दोघेही मैदानात",neutral
“लटकेंचा राजीनामा स्वीकाराला नाही तर…..ठाकरेंकडे आहेत हे तीन पर्याय”,neutral
नारळाचं झाड आहे का एखादं ?,neutral
काही लोकांचं प्रेम हे फुलपाखरा सारखं असत आज ह्या झाडावर तर उद्या दुसऱ्या झाडावर...,sad
विद्यार्थी जर आपल्या भाषेत बोलेन ना तर समजून जा क्या होगा तो,angry
का तुमच्याकडे नाही बोलवत...,sad
एकनाथ शिंदे जिलेबी केंद्र आणि देवेंद्र फडणवीस फाफडा सेंटर सुरू होणार वाटतं आता...,neutral
गुरुवारच्या मंत्रिमंडळ बैठकीत घेण्यात आले हे महत्त्वाचे निर्णय,neutral
आपणी वंदेभारत!,happy
अरे तुझ्या बापाला नाही जमल तू काय आहे,angry
कोन (ण) म्हणायचं आहे का तुम्हाला ?,neutral
"महाराष्ट्रात फक्त आणि त्यासाठी कायम पुढें होती, आहे आणि राहील...",happy
त्यांच्या मनासारखं झालं आहे आता त्यांना गरज नाहीये,neutral
पराभव समोर दिसत होता म्हणून ही पळवाट काढली.,sad
तु तिथे राहतोस का?,neutral
"लवकर बाहेर या,तुमची गरज आहे आज महाराष्ट्राला.",sad
खोटं बोला पण रेटून बोला.,neutral
“ सहानुभूती मिळतेय हा भ्रम आहे!”-,angry
शेतकरी हे या देशाचे 'मूळ' असून ते मजबूत ठेवण्याची जबाबदारी आपली आहे.,happy
बातम्या नीट द्या.. परवानगी फक्त दोन दिवस आहे.. आधी एक दिवस होती..,neutral
आणि दुसरा जन्म तु घे आम्हाला नको सांगू,angry
त्यांचे बरोबर एवढे दिवस काम करत होते तेव्हा याच भावना होत्या का?,sad
"आ.श्री.रोहितराव, हा वारसा तुम्हांला जपायचा तर आहेच तो पण कृतीतून.",happy
"या दिवाळी सणाला तुम्हा सर्वांना फिरायला जायचे आहे, मी माझ्या मित्रांसोबत हरिद्वारला जात आहे.",happy
"लोकोत्तर व्यक्ती ही जन्माला येत नसते,ती शिकण्याने,सरावाने,विशिष्ट वळण लावण्याने तशी बनते.",happy
"वर्षभरात अंडी देणारी कोंबडी पाळा, कमी खर्चात मिळेल जास्त नफा",neutral
आता आपली वेळ! भारत जोडो यात्रा लवकरच महाराष्ट्रात...,happy
"पण हे तर आताच कॉग्रेस मधून भाजपात आलेत ना,",neutral
गजू तुमचे किती आमदार आणि खासदार भारत जोडो यात्रेमध्ये सहभागी होणार आहेत,neutral
दहा वर्षांसाठी ठेवण्यास काही हरकत आहे का?,neutral
तू तरी पूर्ण ऐकतोस का,neutral
"पुणेकर , गाडी मध्ये अडकल्यावर अशी काच फोडा....सुरक्षित राहा",neutral
आमची सहनशक्ती वाढलेय.....महागाई क्या होती है..... नमो नमो,angry
महापालिका ठेवायची की नाही हे जनता ठरवते,neutral
उद्या आहे रक्षाबंधन आणि नारळी पौर्णिमा; असे आहे त्याचे महत्त्व,neutral
याचा जन्म होणे हे पण निसर्गात प्रदूषणाचे एक मुख्य कारण आहे.....,angry
उल्हास बापट आहेत ?,neutral
ताई प्रवक्ता म्हणा... हे प्रवक्या काय आहे,neutral
भविष्यात भाजप ची पण हीच स्थिती होईल लक्षात ठेवा,fear
आता पुढे मराठी लोक आपल्या मुलाचे नाव “एकनाथ”ठेवण्यापूर्वी दोनदा विचार करतील,angry
हे पण ऐका .,neutral
घड्याळ घातलेल्या हातात मशाल धरून लंका दहन करायचंय आता आपल्याला..!! ⏰,happy
ताई हा असा फोटो ठेवायचे कारण?,neutral
मंगळसूत्र लायसन आहे समोरच्या व्यक्तीला माहित पाहिजे ही स्त्रि च लग्न झालंय,angry
आता तुझा बाप आहे ना लक्ष द्यायला,angry
एवढीच काम करा.,neutral
पहायला जाणारा मुलगा म्हणजे नागपुर ह दोघींनाही पसंत करतो,neutral
गौरी भिडे यांना सुरक्षा देण्यात यावी.,fear
तंत्रज्ञानाचा वापर विकासासाठी करणे म्हणजे खरी प्रगती आणि,neutral
( / ) ही जाण आहे बाबासाहेबांनी केलेल्या उपकारांची आणि बाळासाहेबांवर असलेल्या निष्ठेची.,happy
इतक्या लवकर चौकशी करून काय साध्य होणार आहे ?,neutral
तरीही नोकऱ्या देणारे प्रोजेक्ट गुजरातला का पाठवतात,angry
लाटा जाण्यासाठीच येतात.. तीची आठवण एवढी तात्पुरती आहे का?,sad
म्हणूनच ला मेहनत कमी करावी लागते,neutral
हो मुलींचा ब्रेक अप होत नाही ...त्या ब्रेक अप करतात,happy
संग्र्या फोटोत काय तुझे पिताश्री आहेत काय.,neutral
"विषय आहे का, शेवटी आपला बार्बर आहे तो.",neutral
"शहाजी तू आता निवडून येत नाही , आता कळेन झाङ डोंगर",angry
काय चीज आहे हे संपूर्ण जगाला माहित आहे.,neutral
कोण आहेत नवे सीडीएस अनिल चौहान? अशी आहे त्यांची जबरदस्त कारकीर्द,happy
मग आता शपथ विधीला ला शहा मोदी येणार आहेत का काय,neutral
"परिवर्तन हा सृष्टी चा नियम आहे,आणी सत्य हे कधीही लपविल्या जात नाही..",happy
"त्यासाठी रविवार, ऑक्टोबर रोजी जिल्ह्यातील हे मतदार मुंबईसाठी रवाना होणार आहेत. /",neutral
आज दुपारी वाजता टिळक चौक ( अलका टॉकीज ) येथे होणार राष्ट्र गर्जना.,neutral
मित्र पक्षांचं मुंबईत अस्तित्व हे मुस्लिम बहुल विभाग सोडले तर नगण्य आहे ..,neutral
“रेडमी-रियलमीला नोकियाचा दणका! अत्यंत कमी किंमतीत इंचाचा टॅबलेट”,happy
"भारत जोडो यात्रेचा महाराष्ट्रातील मार्ग, दिनांक,तपशीलवार माहिती द्यावी मी यात्रेत सामील होऊ ईच्छितो.",happy
ही मोठीच आहे,happy
बॉलीवूड मध्ये गेले का,neutral
हातात चॉको फ्लेवर घेऊन उद्धव सेना आता महाराष्ट्र भर फिरणार,neutral
प्रामाणिक असून सुद्धा पक्षनेते वडापाव देत नाही हे सांगते,sad
हि बया गांजा रौत ची उणिव भासू देणार नाही… शेणकिड्यांना साजेसे व्यक्तिमत्व…,angry
दिवाळी तुरुंगातच जाणार हे नक्की..,angry
बरोबर आहे ना आता पक्षात घेऊन,neutral
सर्वसामान्य बाळासाहेबांचा शब्द विसरणार नाही काँग्रेस सोबत कदापि जाणार नाही.,happy
नाही संकल्पित च म्हणायचं होत,neutral
ईडी पुण्यात थाटणार कार्यालय; ‘हे’ आहे कारण?,neutral
हे सांगायला पण इंग्रजी वापराय लागते,angry
शेवटचं काय ऐकु आल नाही,neutral
त्यांची लायकीच ती आहे. त्यांनी बाप मानलाय फेकु ला त्याचीच फळे आहेत ती.,angry
"हिंदू देवाची , महाराष्ट्र च्या दैवतांची नाव का लावतात पण,",neutral
ह्या भाऊनी टायटानिक मूवी रिजेक्ट केला होता.,happy
काकचं मस्नात जायचं वय झालंय आणि काका,sad
"मध्य पवारांची सात हिंदुत्व बळकट करण्यासाठी होती काय,,,,",neutral
गुरूजी आहेत का ...की वाहून गेले...,neutral
तोंड पहा कसे केले आहे ते ह्या तोंडावरून तरी वाटत नाही,angry
सॉरीभाऊ पण तुम्हाला काय म्हणायचं आहे हे खरंच नाही कळलं.....,happy
"आपल्या हातावर,राखी बांधून घ्यायला का?",neutral
तुम्ही इम्पोर्टेड वापरणार मग का नाही होणार,neutral
विदर्भ मराठवाड्याला जोडणाऱ्या खामगाव मार्गाची अशी आहे स्थिती,neutral
कायम हीच भिती असते दर तिन मिनिटाला असते लोकल ..गर्दी लोकल,fear
आहे काय हे..,neutral
सणाची सुरुवात याणेच होती,neutral
आजच हजी अल्लीला जातो बघू काय होतय का ते,neutral
बरोबर...कारण मोदी संघ भाजपा यांचा द्वेष करायचा हे फिक्स असते लिबरल गँग चे,angry
तुमच्या डोक्या बाहेरचं आहे,angry
या पगारी नोकरांना पत्रकार म्हणण्याऐवजी दूसरे काहीतरी नाव काढलं पाहीजे..,angry
"अल्टो सीएनजी कि.मी. प्रति लिटर मायलेज देईल, असा कंपनीचा दावा आहे.",neutral
हे शेतकऱ्याचे नुकसान आहे कि साठा करुन ठेवलेल्या व्यापार्यांचे आहे.,neutral
बहुतेक तरी पण मी विचारून सांगते काय होतं.,neutral
दिवाळीच्या व्हिडीओला बॅकग्राऊंड ला गुजराती गरब्याला वाजवणारं गाणं का?,neutral
नशीब आहे या सगळ्या लोकांचं आपल नाही तस काहीच,angry
असाच एक क्रेंद्रात सुद्ध आहे हरबर्याच्या झाडावर चढलेला,angry
काय करत आहे,neutral
पंतप्रधान मोदींनी नोव्हेंबर रोजी नोटाबंदी लागू केली होती.,neutral
कुठून आला इतका पैसा?? ह्यावर बोट ठेवाल का?,angry
चुप बसावे लागणार नाही भाऊ,angry
"पंढरपूर का नाही यात, तिथे उमेदवार पडला हेही सांगाव....",neutral
तरी गुंतवणूक आणलेली मग आधिच बर होत,neutral
अंधेरी पूर्वची पोटनिवडणूक बिनविरोध होणार..!,neutral
"आज पासून उद्धव ठाकरे लोकांना सांगणार: ""सर्वांनी लक्षात ठेवा आपल्याला बाळासाहेबांच्या शिवसेनेला हरवायचे आहे.""",neutral
होमगार्ड ला निधी नाही असे महनतात,angry
नविन असेल तर सांग जुनी माहिती आहे,neutral
असे प्रश्न ह्यांनी आपल्या पुज्याना विचारावे,neutral
"लवकरच विधासभेची निवडणूक घेतली जाणार, हा सुद्धा एक अर्थ काढला जाऊ शकतो.",neutral
केवळ हास्यास्पद आहे हे...,angry
शिंदे फडणवीस जोडीने याचं उद्घाटन केलं आहे म्हणे.. जोडीने बसवा एकदा त्यांना,angry
भर पावसात भारत जोडो यात्रेमध्ये राहुल गांधी चालत आहेत..,happy
ओके हे बेडूक आहे का? मला चिकन सारखे वाटले,happy
"कोणत्या आयोगाने, कुठली निवडणूक काही कागदपत्रे आहेत का?",neutral
ये दोर ही एसा हे,neutral
"लोकेश राहुलने जास्त धावा करुनही सूर्यकुमार यादवची खेळी का ठरली मोलाची, जाणून घ्या…",neutral
गौतम बुद्ध हेसुद्धा स्वतः शाकाहारी होते व त्यांनी शाकाहार पुरस्कृत केला.,happy
परवानगीस ह्या रमेश सुरेश चा पाठिंबा होता??,neutral
गरुड पुराणात एक सिक्षा लिहिली आहे असे मत करणाऱ्या लोकांसाठी,happy
कर्मवीरांच्या विचारांचा प्रसार करण्यासाठी अधिक जोमाने प्रयत्न करू या...,neutral
"""बाळासाहेब ठाकरे"" असा पुर्ण उल्लेख ज्या नावात आहे तिच शिवसेना",happy
काहीही हा श्री.....,neutral
आता याच्या चरणी डोके ठेवा आपण आणि धन्य व्हा....,angry
मोठी उडी मारण्यासाठी चार पावलं मागे यावच लागतं असे ट्वीटस् कधी सुरू करायचे????????,neutral
असे अधिकार आहेत का तुम्हाला. ?,neutral
असा असेल तुमचा आजचा दिवस: राशिभविष्य ऑक्टोबर,neutral
सुरू केलेत काय साहेब शेतरस्ते केंव्हा होणार की होणारच नाही,angry
त्यांच्या' खात्यात जमा होणार पैसे !,angry
निवडणूक ही व्हायलाच हवी विषय संपला,neutral
खाण्याचे पदार्थ चालले होते,neutral
हा अपमान छत्रपतींचे मावळे कसा सहन करणार ?,angry
कोणते मराठी पर्याय होते हे पण टाका.,neutral
पुन्हा एक दिवस समजायला नको की ...हे करणारे पण याच्यातलेच होते,angry
मग ठीक आहे,neutral
मग मुंबई महापालिका ठरवते का?,neutral
मुफ्ती आवडते का तुला?,neutral
एक विनंती आहे.... प्रचार सुरू करण्यापूर्वी साहेब त्याच पक्षात आहेत का याची खात्री करावी...!!!!,angry
"हिमाचल प्रदेश आणि गुजरातमध्ये कुणाची सत्ता येणार? बघा, हा सर्व्हे काय सांगतो…",neutral
सरकार खरचं जनधन अकाउंट धारकांना तीन हजार रूपये दिवाळी बोनस देणार आहे का?,neutral
तु यांना बोलतोय का?,neutral
बदनामी लोकं त्याचं लोकांची करतात ज्यांच नाव होत असतं...,happy
तडीपार &; फेकू हे शब्द अजून हि पहिल्या आणि दुसऱ्या नंबर वर आहेत..,angry
"लग्नात वधू-वरांनी केली अशी सही, दर महिन्याला मोफत मिळणार पिझ्झा",happy
…..आणि उलगडला किशोर कुमार यांच्या संगीतमय गायन प्रवास,happy
आता काय म्हणून वापरणार,neutral
हा एकटाच नाही सर्व नेते असेच आहेत,angry
चव्हाणके म्हटला होता नीरज चोप्रा के पूर्वज भाला फेकते थे,neutral
आमची पन्नास साठ एकर विकून सुद्धा तुमच्या त्या फ्लॅट ची बरोबरी होणार नाही,angry
डॉलर - रुपया हे त्यांचे उत्तम उदाहरण आहे,neutral
राम मंदिर खंडपीठ मध्ये हे माननीय होते का?,neutral
"द्यावेत ही सुद्धा विनंती. आपला विश्वासू, मध्ये फॉर्म भरलेला विद्यार्थी",neutral
तुमचा पानाची साइज मोठी झाली आहे,neutral
हे ट्विटरवर विचारण्या पेक्षा निवडणूक आयोगाला विचारा... माहिती मिळेल...,neutral
कमजोर डोळ्यांसाठी 'हे' उपाय जरुर करुन पहावेत...,neutral
"तू तोवर शेरवा चा झुरका मार, काहीच नाय होणार",angry
शेणक्यांना समजलं पाहिजे ठाकरे संपत्ती जमा करत आहेत आणि हे जेलमध्ये.,angry
भाजप च आणि मोदी च भ्रष्टचार मुक्ता अभियान हेच आहे का..?,angry
नाही.बाळासाहेब आंबेडकर किंवा थोरात.,neutral
ऋतुजा ताईंना उमेदवारी न मिळण्यासाठी एवढा खटाटोप केला होता. महाराष्ट्राची संस्कृती जपण्यासाठीच!,happy
जोपर्यंत पाऊस थांबत नाही तोपर्यंत लेक्चर होणार नाही,neutral
अरे....हे अनपेक्षित होत,happy
सर तुमच्या साठी होता,neutral
या सर्व प्रश्नांच्या मुळाशी हे कारण असु शकतो.,neutral
असे चोरून लपून कोणाचे फोटोज् काढू नयेत,neutral
"पणे काम करीत असताना, आज तुम्हाला जाणवणारी वेदना. उद्या तुम्हाला जाणवणारी असेल.!",happy
""" "" निवडणुक चिन्ह म्हणून वापरला तर चालेल का? घटनातज्ञांनी मार्गदर्शन करावे...",neutral
काय गंमत आहेना ज्याच्या त्याचा हिशोबाने राज कारन शेवटी तेच तिसरा नाही.,happy
म्हणून ची निवडणूक युतीत लढली का?,neutral
मंत्रिमंडळात पालक मंत्री आहेत पण अद्याप पनीर मंत्री का नाहीत? ~ अदू बाळ.,happy
"मग आता, आता ठाकरे पंतप्रधान झाल्या शिवाय रहात नाहीत",neutral
"पंढरपूर , कोल्हापूर ला कुठे गेली होती संस्कृती",neutral
सत्ताधारी शिंदे गटाचे आमदार प्रविण सुर्वे टेबल जामीन करून देतील.,neutral
मुख्यमंत्री दखल घेतील का,neutral
पोटनिवडणूक होऊंदे म्हणजे कळेल खरी शिवसेना कोणती.,neutral
का तु काय जनरेटर आहे जो पळून जाईल मी.,angry
पेन मधील शाई संपली होती,neutral
पक्षात खूप वजन आहे साहेबाच,happy
अंबाबाई देवीच्या 'पेड ई पास'ला विरोध करणाऱ्या याचिकेवर आज दुपारी सुनावणी होणार आहे.,neutral
जागेचे वाटप हा कळीचा मुद्दा!,neutral
दिवाळीनिमित्त पणत्या कंदील रांगोळी विकण्यासाठी येतात त्या लोकांसाठी हे पत्र आहे फेरीवाल्यांसाठी नाही,neutral
कमी आहे काय तुमचं वजन ..,neutral
आता असे पण विनोद.....स्पृहा मॅम.,happy
ज्यांच्यात निर्णय घेण्याची ताकद असते ते नशिबाला सुद्धा मुठीत ठेवू शकतात..,happy
महबुबा ची आज काय अवस्था आहे आज .,neutral
विरोधक या मुद्द्यावर गप्प का आहेत?,neutral
पुण्याचे मुंबई होतय का ?,neutral
राज ठाकरेंचे हे वागणं काय सांगतं?,neutral
बाळासाहेब शिवसेना .. आहे . .,neutral
"निवडणूक आयोगाकडून योग्य निर्णय, उध्दव ठाकरेंनी मान्य केलं पाहिजे -शरदचंद्रजी पवार",neutral
नवरात्र उत्सवासाठी वीजजोडणी घेताय… तर अशी घ्या खबरदारी,neutral
ज्या व्यक्तीला आपल्या चुका लवकर समजतात...तो व्यक्ती तितक्याच लवकर यशस्वी होतो...,happy
"पण, माझी लागली",neutral
तुम्ही हे ट्विट केले म्हणजे तुमचा सहभाग नक्की,neutral
एक मित्र म्हणत होता की चं घड्याळ घे. म्हटलं वर्षाचं इन्कम त्यात जाईल.,happy
ताई हा छगन काकांच्या गटातील आहे....,neutral
हरियाणा राज्यातील सर्व शेतकऱ्यांना मदत करण्यासाठी मनोहर लाल यांनी एक मोठे पाऊल उचलले आहे.,happy
राष्ट्रपती श्रीमती द्रौपदी मुर्मु या आजपासून तीन दिवसांच्या त्रिपुरा आणि आसामच्या दौऱ्यावर.,neutral
हे म्हणजे असं झालय... रेल्वे कमजोर नाही... म्हशी जास्त मजबूत झाल्यात...!,happy
असे आहेत हे,neutral
कलपड होणार का ? अजून भेट नाही.,neutral
आपले गुरू रमाकांत आचरेकर यांच्या अंत्ययात्रेत सहभागी झालेला मास्टर ब्लास्टर सचिन तेंडुलकर,happy
त्या आतल्या खोलीत अफजल शी मसलत का केली? तेव्हा अफजल कोण होता?,neutral
हा हात ओळखीचा वाटतोय,neutral
हा पेपर आहे? कुठे न्यूज स्टँड तर दिसला नाही?,neutral
सदर प्रकरणी तातडीने अहवाल मागवून घेण्यात येत आहे,neutral
कसला अमृत महोत्सव?हे वर्ष स्वातंत्र्याचा अमृत महोत्सवाचे आहे.,neutral
सर तुम्ही भाजपचं प्रवक्तेपद घेऊन टाका आता,angry
"इतिहास साक्षी आहे, खवळलेल्या समुद्राचा आणि शांत दिसणाऱ्या माणसाचा, कधीच नाद करू नये.",happy
रात्रीचा खेळंच बरा होता,neutral
आपल्या देशात पण महागाई विरोधात आंदोलन झालं पाहिजे..!,angry
मशाल आधीच विझली आहे,neutral
कंपनी मध्ये हे उलटे असते,neutral
", महाशिवरात्रनिमित्त बनवा स्पेशल थंडाई ./-/…",happy
म्हणजे हा काळा बदक नाही तर.,happy
तुम्हाला पण मानायला पाहिजे थेट साहेबांच्या विरोधी भूमिका,angry
किंबहुना लेकाला का विचारत नाही की तू खुश आहेस का सूनबाई बरोबर,neutral
तुम्ही मुघलांचा इतिहास वाचल्या सारखे का करता मग...,angry
खराब रस्त्यांमुळे झालेल्या कोणत्याही जीवघेण्या किंवा गंभीर अपघातासाठी अधिकाऱ्यांना जबाबदार धरणार !,angry
ये तो ब्रम्हदेव की वारीस है,happy
सगळी ही,neutral
कुठे गायब आहेत सर तुम्ही ?,neutral
सरकारी प्रॉपर्टी पक्षाच्या प्रचार प्रसारासाठी वापरता येते का???,angry
तुम्ही त्या वेळेस कुठे होता आणि शांत का होता,neutral
आयुष्यात पहिल्यांदाच नाव ऐकेल हे,happy
-औरंगाबाद विभाग शिक्षक मतदारसंघ नावनोंदणीस सुरुवात या शिर्षकाखाली प्रकाशित झालेल्या विविध वर्तमानपत्रातील बातम्या.,neutral
भावना महत्वाची आहे,happy
च्या निवडणुकीत क्लीन चिट पाहिजे आहे लोकांसमोर जायला.,neutral
तिथे गुजराथी मतदार जास्त आहे का?,neutral
काँग्रेस हा प्रत्येक भारतीयाचा पक्ष आहे. राहुलजी गांधी भारत जोडो यात्रा,happy
इतरवेळी पुणेकर हे पाळतात?,neutral
कॉमेडी शो चे ओडिशन चालू आहे का,neutral
"अरे तुमच्या संघप्रमुखांना भेटून गेलेले , आणि हे जगजाहीर आहे",neutral
कंदीपेढा जास्त गोड नसतो. सातारची माणसं पण तशीच असतात.,neutral
/ / / / इतक्या प्रकारचे पैसे मी सुद्धा वापरले आहेत,neutral
पवार साहेब यांचे नाही का आभार मानणार??,neutral
दोन दिवसापासुन हेच सुरू आहे...,neutral
हे भुजबळ उद्या भाजपात गेले की यांना लगेच चालतील .. मंत्रीपद पण देतील...,angry
"पतीने ट्रिपल तलाक दिल्यावर चार वर्षे होती एकटीच , अखेर ‘ शुभमंगल ‘ उरकले",sad
सोबत महाराष्ट्राच्या प्रलंबित चौकश्यांची सुद्धा आठवण करून द्यायची होती यंत्रणेला,neutral
"सर्। पोलिस भर्ती कदी सुरु होणार आहेत, काही माहिती मिळेल काय.",neutral
"लक्ष्मीकांत बेर्डे, अशोक सराफ &; सचिन पिळगावकर हा आहे का .",neutral
होय पिच्चर अजून बाकी आहे तो विधानसभा निवडणुकी नंतर रिलीज होणार,neutral
आमच्या घरात भावंडात अशी भांडणं दररोज असतात... तुमच्या घरी पण असतात का...????,neutral
ही नाही माहीत कोण आहे तरी बघतो,neutral
जे पांडुरंग भक्त संत सावता माळी हे कोणत्या धर्मात जन्माला आले हे यांना विचारावे,neutral
त्याच विचारात मी मशाल पेटवून अयोध्याला रस्त्याकडेला शोधतोय..,neutral
मराठी माणसाने भाजपच्या या जाळ्यात अडकू नये. मुंबई मनपा निवडणुकीसाठी लावलेला सापळा आहे हा.,angry
"किती वेळ सांगत होता, मी ऐकलं नाही",sad
हे त्या कार्यकर्त्यांना विचारा. त्यांचीच इचछा आहे.,neutral
ग्राउंड तुम्हाला दिलं होत तेव्हा काय होत,neutral
भारत आणि पाकिस्तान यांच्यातील कसोटी मालिका इंग्लंडमध्ये?; ने हे उत्तर दिले,neutral
जेवलीस का?' च्या प्रचंड यशानंतर... आता... 'तिकडे पाऊस आहे का?',happy
फडणवीस का तोता,angry
जगभरातील मराठी प्रेरणादूतांची मांदियाळी नागपुरात : ../.?… ( ),neutral
पुण्याला हिंदुत्ववादी राजकीय प्रशासनाची गरज आहे तेव्हाच हे प्रकार कमी होतील #,angry
याला लोकशाही म्हणायचे का?,angry
आता तर पहाट झाली आहे मनाची.,happy
हा लिलाव ते ऑक्टोबर या कालावधीत लाइव्ह असेल.,neutral
आहे का कोणी शेतकरी लोकांन सोबत ? ज्याच्या भरोशावर आपण जगतो.,happy
उद्या उपास करायचा त्यामुळे आज पोटभर खाल्लेले बरे.,neutral
हे खरं पुरोगामित्व.ते फक्त आणि फक्त सनातन धर्म पाळणारे हिंदुंच आचरणात आणू शकतात,happy
शिंदे साहेब आपला नेहमी आदर आहे पण हे वाचाळ वीर आवरा,happy
सर्व सामन्याचे नेतृत्व आदरणीय भाऊ,happy
"चैत्र पौर्णिमा यात्रेनिमित्त तुळजापूर - येरमाळा - पंढरपूर दर्शन ""तुळजापूर"" ( एप्रिल )",neutral
केतकी चितळे ....बघा आठवते आहे का ?..निखिल भामरे ...पण बघा,neutral
आमच्याकडे तर अआकाश पुर्ण काळ्या ढगांनी भरलेला दिसतोय,neutral
शास्त्रानुसार काही नियम... ./--…,neutral
तुमच्या पिलावळीवर ते का बोलतील,neutral
"तुम्ही सुरक्षित आहे हे कळले , ते महत्वाचे",neutral
"खरं काम तर राजसाहेब करता आहेत, बाकीचे फक्त....",happy
कमी बोलणारे लोकं आपल्या आवडत्या व्यक्ती सोबत तच जास्त बोलतात..!!,happy
यमराजाला माहिती आहे का?,happy
हे तर आगोदरच माहीती होतं त्यात काय नवीन आहे,neutral
"शिकाव का नाही, आता हा प्रश्न आहे",neutral
"कुठल्याही वकिलाला विचारा, संजय राऊतांनी रुपयाचाही भ्रष्टाचार केला नाही : सुनिल राऊत",fear
एक राहील कि भाऊ अच्छे दिन येणार होतेकी,angry
"बघु तरी - काही होते का, नुस्ता विधान ?",neutral
एकदम स्पष्ट झालं आता,happy
मध्येपण फक्त हिंदीभाषिकच बुरखा हिजाब घालतात का ?,neutral
लास्ट दिवाळीत पण पाऊस होता बे,happy
": भाजपने माघार घेऊनही ऋतुजा लटकेंना निवडणूक लढवावी लागणार, 'हे' उमेदवार रिंगणात",neutral
यांना का नाही पळवला तिथल्या लोकांनी. बाकी कसे इतरांच्या गाडीच्या मागे धावतात मारायला!,angry
"प्रत्येक विचार म्हणजे एक कारण आहे ,आणि प्रत्येक परिस्थिती एक परिणाम.",happy
केंद्र सरकारच्या या ‘विचारा’मुळे मुस्लीम/ख्रिस्ती दलितांनाही ‘आरक्षण’ मिळणार का?,neutral
"या महात्म्यांनी आपलं खरं आडनाव लावून यावं आधी,,,",angry
हे एवढ्याने मला काहीच होत नाही,neutral
जायचं आहे मला एकदा कधी योग येतो दत्त महाराजांनाच माहित,neutral
नाना राजकारणात या आणि बोला,happy
हे कुठाय बे,neutral
मित्र कशे ही असावे पण लगेच आलो म्हणून तास / दोन तास लावणारे नसावे...,neutral
फेकू तर घरीच बसून आणि दाढी वाढवून थाल्या वाजवायला सांगत होता..,angry
हा पण माझाच पिझ्झा आहे होते न सर्व आजच करणार आहे का?,happy
": कोलेस्ट्रॉल कमी करण्यासाठी करा हे व्यायाम, मिळेल औषधांपेक्षाही जास्त फायदा",neutral
मिळणारच होता याला .,neutral
आपण जहागीरदार आहेत का हिंदुत्वाचे ?,angry
: पनवेल-नांदेड एक्सप्रेसचे इंजिन बिघडले; वंदे भारत एक्सप्रेस पावणेदोन तास खोळंबली ./--…,neutral
आमच्या कडे रुपायात होती अशी कटिंग.,happy
लोकांना विचारा म्हणजे समजेल,neutral
साहेब काही काही दाखल घेतली जाईल का.,neutral
"हे एवढं सर्व करण्या पेक्षा________________ ""मानसिक स्वास्थ"" सांभाळणं हे सर्वात उत्तम !",neutral
"काही नसलं तरी चालतं पण ""बाप"" पाठीशी असल्याचं समाधान शब्दात मांडता येत नसतं..!",happy
पट्टी समोसा म्हणायचं आहे का?,neutral
जय गोपीनाथ दिनदर्शिका,happy
उमेदवार देताना पण मराठमोळा द्या म्हणजे झालं,happy
चाचूला तुझ्या अनुभवातून मार्गदर्शन कर ना; कंटाळलाय बिचारा आणि त्यात हे थंड वातावरण.,neutral
वो काम सरदार पटेलजी पेहले कर लेते तो ये बुरे दीन देखणे नाहीं मिळते,sad
... देशप्रेमी लोकांनाच असे महान देशभक्त समजणार ज्यांनी देशासाठी बलिदान दिले .,happy
ते देखील माझ्यासाठी पुरेसे आहे. पण ते खरंच देतात का??,fear
"आज पासून ते लोकांना सांगणार:- ""सर्वांनी लक्षात ठेवा आपल्याला बाळासाहेबांच्या शिवसेनेला हरवायचे आहे..""",neutral
मनसैनिक नाही मंदसैनिक,angry
ज्ञानात थोडी भर घालने गरजेचे आहे ...,neutral
"बाळासाहेब कोणते, त्यांना आडनाव आहे की नाही",neutral
शेणक्या युपी बिहार मध्ये महाराष्ट्राच्या निम्मे पण लोक करोना ना गेले नाहीत,happy
समर्थन करायचं म्हणून कशाचेही का? सरस्वती आणि विद्या यात काय संबंध..,neutral
महाशक्ती विरुद्ध महाविकास आघडीचा सामना होता होता राहिला... पुढचा सामना मुंबई महापालिका निवडणुकीत!,happy
राष्ट्रीय शैक्षणिक धोरणाअंतर्गत मातृभाषेतील शिक्षणाला प्राधान्य दिलं जात आहे.,neutral
यासाठी तो गायब होता,fear
बाळासाहेबांनी का धरून ठेवला मग तुमच्या साहेबांना का ते जमलं नाही ?,neutral
घरी जाऊन झोपा आता...,angry
"हे तर तुम्ही बनवलं आहे, निवडणूक आयोग ने थोडीच",angry
राणेंची पण चौकशी लावा हे कोणती नोकरी करतात जनतेला समजेल ना,fear
का तुमच्या कडेच असलं पाहिजे का,angry
आहे का..... समजलं आता लक्षात राहील माझ्या,happy
"एमबीबीएस, बीडीएससह अन्य काही अभ्यासक्रमांच्या पहिल्या फेरीची निवड यादी ऑक्टोबरला जाहीर होणार",neutral
तुझे खरे बाप ठाकरे आणि पवार आहेत का?,angry
तब्येत बिघडली नसती तर रुग्णालयात भरती नसती का झाली...,fear
"तुम्हाला फोटो दिसत नाही काय, मग समजून घ्या कोणते बाळासाहेब आहेत ते??",angry
जागतिक पातळीवर म्हणजे साडे तीन जिल्हे,angry
टोमणाबाई हा शब्दप्रयोग पण वापरला जातो ते विसरलात का?,neutral
कधी न बघीतलेले चेहरे कोणाक पण उचलुन घेवन येतास काय रे,angry
"मशाल विझवणार होते,घड्याळ बंद पाडणार होते,ते एका बंद इंजिन समोर घाबरले",angry
कमी पडलं तर सांगा अजून ट्रक पाठवतो,angry
घटस्थापना कधी करावी? मुहुर्त असतो का? घरातील एखाद्या व्यक्तीच्या निधनानंतर किती दिवस देवकार्य करू नये?,neutral
सावरकर कोणते काँग्रेसला प्रिय आहेत ते का?,angry
हे असं सर्वांचं होतं .....ते नैसर्गिक आहे,happy
बाळासाहेब यांची मालमत्ता ही शिवसैनिक यांचा आधार आहे,happy
सूत्र आज बाळा नांदगावकर बोले आम्ही अजून कोणालाही पाठींबा दिला नाय आहे,neutral
...तर मी आयुष्यात कधीही काम करणार नाही : सलमान खान,happy
"...तर रॉयल्टी द्यावी लागेल, या बाळासाहेबांची एकनाथ शिंदे गटाकडे अजब मागणी",angry
पुणे साठी का.,neutral
पीठमाग्या रातच्याला आठवले आल्ता का घरी,fear
मोदीजीनी हात जोडले नमस्कार केला अस सांगून करणारे पण भेटतील,angry
शिंधेफडणवीस इतर जे इतकी वर्ष सत्तेत होते त्याच्याकडे संपत्ती कुठून आली?,fear
हारवर्ड शिक्षित आहे त्यामुळे हार्ड आहे,happy
आत काही नेसली का नाही,neutral
म्हंजे दिवाळीत घरातच फटाके वाजवायचे का,angry
"फेस्टिव्ह सिझनचे फोटोज येतील जबरदस्त, पाहा बेस्ट कॅमेरा स्मार्टफोन्सची ही लिस्ट",happy
"हा व्हिडिओ वापरणाऱ्या मित्रासाठी,नक्की बघा",neutral
भाजप भविष्यात सगळीकडे निवडणूक हारणार हे नक्की.,neutral
निवडणूक आयोगाच्या निर्णयाला सुप्रीम कोर्टात आव्हान देता येते का ?,neutral
"बायकोची आणि नवजात बाळाची अंत्ययात्रा त्याने वाजतगाजत काढली, कारण…",happy
"हुकुमशाही, एकाधिकारशाही होऊ नये, म्हणून उद्धव ठाकरें सोबत राहिले पाहिजे.",fear
दोनचं मिनटं पहात होतो. त्यात त्यांनी मोदीला पण मागे टाकलं.,happy
"प्रबोधनकार ठाकरेंचा नातू म्हणून बघत असतील आता, पाहिले बाळासाहेबांचा पुत्र होता...",happy
आणि तू उद्धव च खाजवय होती का मध्ये,angry
विजेचा मेन स्विच बंद केल्याशिवाय विजेचे कोणतेही उपकरण किंवा वायरिंग दुरुस्त करू नका.,neutral
कोण आहेत गाधर रे,neutral
खरे हे खरं आहे इतर खोटे आहेत,angry
अर्ज बाद होणार होता म्हणुन माघार,sad
वायनाड बचाओ यात्रा हे,neutral
मटण महाग कोणामुळे झाले हे सांगण्या माहित आहे.,angry
कॉपी करून ला टाकु का आमच्या इथे हीच परिस्थिती आहे,angry
तुम्हाला जे परवडेल ते खा.. मुळातच कोणी काय खावं हा त्याचा प्रश्न आहे.,neutral
राष्टृहित सर्वोपरी वाल्या हे काय होते?,neutral
असे काम महाराष्ट्रातील पोलिस कधी करणार नाहीत.,happy
बघुया काय होते कारण तेच आपल्या हातात आहे,neutral
भक्ती आणि प्रेम दुसरं काय,happy
नाय व आता चालू हाय ती म्हटलं??,neutral
जनतेत काही टक्केच अंध भक्त आहे त्यांनाच असं वाटणार. बाकी लोक सुशिक्षित आहे.,angry
हिम्मत रखो... पात्रा चाळ वाल्यांनी पण अजून पर्यंत हिम्मत ठेवलीच ना..,neutral
कुत्र्या तुला भुंकन्याशिवाय काही काम नाही का..?,angry
"आई भवानी ही फक्त मराठयांची आहे, तिचा कळस मराठ्याच्या रक्ताने भिजलेला आहे. .",happy
ते पण बहुदा जेवत असतील ।,neutral
"संत कोणालाही म्हणू नये मला असे वाटते,,, संत शब्द हा भ्रमचारी लोकांसाठी असतो...",neutral
महागाईवर बोला आणि महागाई कमी करा मोदी सरकार,angry
वांगी बाई च्या गिऱ्हाईकांनि फिरकायलाच पाहिजे का ?,angry
खाताना भाजतय आणि परसाकड जाताना पण,angry
जळगाव जिल्हा दूध संघात प्रशासक मंडळ आणि संचालक मंडळ आमनेसामने,neutral
लोकमानस : हा अमेरिकेचा आर्थिक साम्राज्यवाद!,angry
मी या आधी अनेकदा तक्रार केली आहे,angry
ज्यांना संविधान मान्य नाही ते सुद्धा बोनस घेऊन दिवाळी साजरी करणार...,angry
"माणूस आतून तुटला की, त्याच बोलणं कमी होत",sad
शेवटी ओढ मुळाकडेच असते….राज ठाकरेसुध्दा शिवसैनिक (शिवसेना उध्दव बाळासाहेब ठाकरे) आहेत हे सिध्द होते…,happy
: नवरात्रीत उपवासाला भगर खरेदी करताय? अशी घ्या काळजी,neutral
"बॉस/ मोठ्या मनाचा असावा, मोठ्या आवाजाचा नाही.",neutral
वरचा श्लोक आदरणीय सोमय्या यांनी एकदा म्हणून दाखवावा...,happy
एक सुतळी बाम चा नैवेद्य लावजो .. त्याच्या खाली...,happy
येऊ का मावशे खायला ?,neutral
कोण स्वामी आणि कोण नारायण हे सगळ्याणा माहित आहे..,angry
अरे मी भारतीय संस्कृतीचा बोलतोय संस्कृती कमी विकृती जास्त आहे ती.,angry
ते नावाचं काही असत का?,neutral
.... हे काका आहेत तर.....,angry
पुर्वी ते कोणत्या पक्षाचे होते?,neutral
काय करायचे आता ते सुद्धा नाव केंद्रीय निवडणूक आयोगाने दिले आहे,angry
पंडीत नेहरु आरएसएसच्या शाखेत जात होते का?,neutral
सर निवडणूक बिनविरोध होणार...,neutral
आज लवकरच घेतली होती ?,neutral
"हे म्हणत नाही ,सर्व एकूण मिळून किती फुलांच्या प्रजाती आहेत गार्डन मध्ये वेगवेगळ्या..!",neutral
वर्षातील. एकदे केलेले काम सांगा साहेब..,neutral
जे करतात त्यांनी पण करायचं का मग,neutral
"पूरण पोळी, ज्वारीची भाकरी आणि सोबत ठेचा पण मिळेल हुंड्यात, घेता का?",happy
घराणेशाही चालणार पण बाळासाहेबांच्या विचाराचे तुझे पप्पा नाहीत आणि तू तर मुळीच नाही,angry
तेच बाळासाहेब सोनियापुढे कोण झुकत हे पण सांगायचे .,angry
मागं कव्हेकरांच्या कॉलेजच्या कार्यक्रमात आले होते एकदा...,neutral
ची नोटीस आली होती काय करणार.,neutral
चंदु भाऊ महाज्योतीने केव्हा पासून मराठा समाजासाठी काम करायला सुरुवात केली?,neutral
अतिवृष्टी झाल्याने सर्व विद्यार्थ्यांना मोफत पास देण्याची पालक वर्गाची शासनाकडे मागणी,neutral
"छायाचित्रात राज्यमुद्रा का नाही ? नेहमी परिपत्रकांवर, छायाचित्रात, चित्रफितीत राज्यमुद्रा वापराच",neutral
घरात बसून कंटाळा आला असेल,neutral
इथे स्लॅब काँक्रिट पडेल असे भेटून राहिले आयुष्यात,neutral
सगळ्यात आधी हा प्रश्न विचारा की एवढ्या सगळ्यांना सरकारी नोकरीच का करायची आहे?,neutral
सगळ्या गावातले लोक वांग्याची शेती कशी करायची हे शिकतील आणि करोडोपती होतील.,neutral
लवकरच वाटेला येणार आहे हे चित्र,neutral
हा..कळलं,neutral
"कष्ट करून जगणं, ही सुद्धा एक कलाच आहे. आज पहाटे विठ्ठलवाडी वृत्तपत्र सेंटर",happy
सभेत घुसलेला कुत्रा दिसतोय हा,angry
सोन पापडी खायला आली असेल,neutral
उध्वस्त ने फसवलं होत युती करून तसे,angry
शेठला एवढं पण करू नका.,neutral
"हा बघा ‘हा’! याचा सगळा स्टंट पोलिसांनी बाहेर काढला, जशास तसं उत्तर!",angry
मराठी येत नाही का..?,neutral
अस कस रामाकडून शिखंडीने ते धनुष्य बळकावल होत म्हणुन गोठवाव लागले,happy
मशाल वगैरे काही नसतंय ते सोनिया आईस्क्रीम असतंय ते,angry
"उधो किती नालायक आहे. जो बापाला टि बाळू म्हणाला, त्याला हॅप्पी बड्डे करायला निघालाय",angry
सदर माहिती महाराष्ट्राच्या मातृभाषेत म्हणजेच मराठी भाषेतही प्रसिद्ध करावी...,neutral
प्रेमाच्या धाग्यात काळजीचा दोरा बांधता आला की नात्यातील गाठ आयुष्यभर सुटत नाही.,happy
या असल्या गुंडगिरी चा णिषेध,angry
अध्यक्ष महोदय एक संधी देण्यात यावी सावरण्यासाठी ही आपणास विनंती करतो ..,happy
मिळालेल्या मैदानात आता हसरा मेळावा होणार की शोकसभा..,neutral
अजून एक वाले भक्त आला रे,neutral
पोळा चे अकाउंट हॅक झाले होते ते पूर्ववत झाले का?,neutral
आता तुम्हाला बाळासाहेबांच्या शिवसेनेला हरवायचे आहे.,angry
हे शहाणपण सरनाईक साहेबांना खूपच लवकर आले,neutral
हीच म्हण तुला सुद्धा लागू होते..!,angry
हा पाऊस काय अंधेरी पूर्व निवडणूकीचा निकाल ऐकूणच जाणार आहे का??,neutral
"कलाकार मुलाखती घ्यायला लागले तर पत्रकारांनी काय करायचं? कलाकारांनी आता पत्रकार व्हावं,आणि पत्रकारांनी कलाकार का?",neutral
आणि हा दोन वर्षा पूर्वी तोंड वर करून गेला असता... ओम शांती..,sad
तुम्ही हिंदू आहात का??,neutral
उंची कशी असावी हे एक उदाहरण आहे,neutral
आम्हा शिवसेना समर्थकांना आता हि निवडणूक हवीच आहे,happy
"जनता म्हणजे फक्त तुम्हीच का,साहेब?",neutral
"“मी बरोबर होती"".... “होती"" की “होतो"".....मग तुम्ही कोण आहात....",neutral
पुरुषांमध्ये फक्त कावळे दिसतात. राजहंस का दिसत नाहीत.... विठ्ठला अजब तुझे भक्त....,angry
ही तर नं खाऊ बाई आहे,angry
काय आज मॅच आहे का श्याम?,neutral
सगळीकड तेच.....आता रस्त्यावर गाडीला गाडीला थोडी जरी लागली तर महाभारत घडायला वेळ नहीं लागत,neutral
"संजय , पहिल्या मध्ये भेसळ होण्याची शक्यता अधिक आहे.",neutral
हो…आणि हा भिकारी मागे एका ला पैसे वाला म्हणत होता,angry
आमचा गाव आमचा विकास’ हा उपक्रम यशस्वी होईल-उपमुख्यकार्यकारी अधिकारी श्री राजेंद्र पराडकर यांचे प्रतिपादन,happy
त्याशिवाय हिंदूत्ववादी कसं सिद्ध होणार..,angry
"सरकारने हे नुकसान भरून द्यावा ,महाराष्ट्र कम॔चारी अभ्यास करा",neutral
"| येडेश्वरीच्या चैत्र पोर्णिमा यात्रेसाठी जादा बसची व्यवस्था,",neutral
लक्ष्मी प्रसन्न होण्यासाठी दिवाळीपूर्वी करा ही कामे !,happy
अश्या लोकांची कमी नाही आपल्या कडे पण..... भावी !!,neutral
"आता ते सगळे ठार मुके, बहिरे, आंधळे, लुळे पांगळे होणार",sad
कशाला उगीच प्रचार करताय.... तुम्हाला दखल घ्यावी लागली यातच सर्व काही आहे.,angry
"नाही काका, हा केवळ भ्रम आहे....",neutral
फडणवीसाच्या नातेवाईक पण आहे ब्राह्मण आहे नं. आता धुर निघणार मातोश्रीवरून,angry
वाल्या बापटासारखे घटनातज्ञ असे म्हणा...,neutral
"बॅट आणली होती , बॉल सुर्या ने आणला होता",neutral
तो नातु शिवसेनेचा सदस्य तरी आहे का ?,neutral
मग दादानी फडणवीस साहेबा सोबत सकाळी सकाळी शपथविधी कशासाठी केला होता?,neutral
वाढत्या वयात पाठदुखीची समस्या जाणवत आहे का ? तर या घरगुती उपाय नक्की करा,neutral
"मुंबईला हे लागु होत नाही, नाही का?",neutral
कोणीतरी मुतायला गेलेत अस प्रफुल्ल पटेल म्हणाले होते,angry
लिहिलेलं वाचलं की महाराष्ट्रात जनता टिंगल उडवते म्हणून आज स्क्रिप्ट लिहिणारच सोबत घेऊन आलोय...,angry
महाराष्ट्रा तील हि चॅनेल काय करतात?,neutral
आज दुपारी वाजता टिळक चौक ( अलका टॉकीज ) येथे होणार राष्ट्र गर्जना,neutral
हे तर सुरुवात आहे उद्या आर्थिक राजधानी जाणार आहे,fear
भारतात पण गायींसाठी हे बसवायला हवे,neutral
तुम्ही बोलल तेच खरं का,neutral
हो. ही आमची कुलदेवी आहे.,happy
अभिव्यक्ती स्वातंत्र्य म्हणजे काय रे भाऊ ?,neutral
न्यायालय न्याया साठी असते शेवटी ते लोक पण तुमचंच ऐकतील,neutral
"सहकार्य करून मुख्य प्रवाहात आणण्यासाठी लोकप्रतिनिधी म्हणून मी सदैव कटिबद्ध आहे.""",happy
"मुंबईच्या निवडणूकीपूर्वी एकनाथ शिंदेचा धडाका, आतापर्यंत एकाही मुख्यमंत्र्यांना ही गोष्ट जमली नव्हती",happy
हे कधी झालं.,happy
तुझी सासू गेली का?,sad
काँग्रेस अध्यक्षपदी निवड होताच राहुल गांधींनी अभिनंदन केलं का? मल्लिकार्जून खर्गे म्हणाले,neutral
हो पण नेमके तुमच्या कडचे लाडू होते ना ते?,neutral
त्र्यंबकेश्वर पहिने बारी येथे वाघ्या देवाचे मंदिर होते आता त्याचे थोडेच अवशेष आहेत.,sad
कोणी आमदार केला ग्रामपंचायत निवडणूक पक्षाच्या चिन्हावर लढवली होती,neutral
जाम झालेल्या नळ्या मोकळ्या करण्यासाठी आपल्या किचन मध्येच असणारा हा रामबाण उपाय,neutral
दारू नाहीये ही...,neutral
तुटलेल्या नात्यांपैकी बरीचशी नाती ही केवळ गैरसमजातून तुटलेली असतात.,sad
कुठे पण जा मेहनत ही करावी लागते फक्त मार्ग वेगवेगळे आहेत,neutral
अबे तुझा बाप होता ज्यांनी तुझ्यासारखा पोराला जन्म दिला,angry
त्यांना सामील हो.. शिव थाळी बंद पडलीच आहे,neutral
नाही कधीचं नाही काका आमच्यासाठी तुमच्या जीवनातला सूर्य तळपतोच आहे,happy
"हे कोणत्या पक्षाचे प्रणित आहे ,चायनल हो",neutral
तजेलदार त्वचेसाठी वापरा ‘या’ फळांचे मास्क,neutral
अजिबात नाही. आम्ही आमच्या मुद्द्यावर ठाम आहोत. बेसन लाडू इज द बेस्ट!,happy
"मध्ये एका रात्रीत मिळणारे यश हे बहुदा , , वर्षांचा संयम () असतो.",neutral
"राजसाहेब कोल्हापूर, देगलूर, पंढरपूर पोटनिवडणुकीच्या वेळी कुठे होते",neutral
मीडिया गेल्या वर्षांमध्ये सुद्धा कुठं होती हे पण विचारा,neutral
ही बाळासाहेबांची तत्वे आहेत का? . . . . .,angry
"तू नाही दिसलास कुठे, बगळ्या",neutral
एसटी महामंडळाला शिंदे-फडणवीस सरकारकडून कोटी रुपयांची तातडीची मदत.,neutral
ने आणले हे जबरदस्त प्लॅन; मिळतील या सर्व सुविधा,happy
तो फक्त उद्धव चोळीचा अधिकार नाही म्हणून..,angry
हे गाणं आत्ता बघण्यासारखं आहे का एकांती बघावं,neutral
"अच्छा,मसाला-मीठ टाकून तिखट पुरी आणि साधी पुरी",neutral
हे खरोखर आश्चर्यकारक आणि आश्चर्यकारक आहे म्हणून जा आणि हे पहा,happy
"अरे हे देव देवस्की करायला मुख्यमंत्री झालात का शिंदे, भाजपचे मिंदे झाले शिंदे",angry
"अले दादा, पी एच दि ही बॅचलल झाल्यावल नाही, मास्टल झाल्यावल मिलते.",neutral
त्यांच्या स्थितीकडे करून त्यांच्या होऊ शकतो.,neutral
पुण्याचं पण करा,neutral
तुम्हाला तरी विश्वास आहे का सर..की निष्पक्ष होईल म्हणून,neutral
करुन दाखवा त्यांना जे तुम्हाला सांगत होते तुमच्याशी होणार नाही.,happy
असं वाटतंय कोणाची पाकीट ची साइज वाढली आहे,angry
तालासुरात वाचले मी हे..,neutral
यांना विधानभवन आणी मंत्रालयात सोडून द्यावे !,neutral
कोल्हापूर विसरलात का वर्षानुवर्षे काँग्रेस राष्ट्रवादी आहे सत्तेत,neutral
ह्या सर्व्हेची विश्वासहर्ता काय आहे हे पण जाणून घेणे तितकेच महत्त्वाचे आहे...,neutral
ऋतुजा लटके यांचा राजीनामा का मंजूर होत नाही?; किशोरी पेडणेकर यांनी सांगितलं नेमकं कारण,neutral
थंड वारं सुटेल म्हणून कोंबडा घरातच हीटर(मशाल) पेटवतो,neutral
एवढेच नाही तर एकदिवसीय क्रिकेट सामन्याचा शोध सुद्धा यांनीच लावलाय,neutral
पण बाळासाहेबांचे विचार एकनाथ शिंदे पुढे घेऊन जात आहेत!,happy
राणाजी तुम आगे बडोदा म्हणजे खोके घेतले हे खरे की काय,angry
हे मी लै दिवस झाले सांगतोय,neutral
सरकारी कर्मचाऱ्यांचा दिवसांचा आठवडा रद्द होणार? :,neutral
"“प्रमुख पार्टी कोण हे पाहावं लागेल?, असं निवडणूक आयोगानं म्हटलं”, शिंदे गटाच्या वकिलांचा दावा",neutral
पालघर ची लोकसभेची पोटनिवडणूक विसरलात का..?,neutral
"मला तरी असं वाटतं की त्यांचा उद्देश केवळ हिंदू जनजागृती होता,",neutral
हे मराठी दर्शकांनी लक्षात ठेवायला हवं.,neutral
- पवनाथडी जत्रेला आजपासून सुरुवात ./-…,neutral
तुझ्या आईवर बाळू चढायला यायचा का रे..,angry
मी रोज त्यामुळे खुर्चीत बसणार नाही.,neutral
"हे ऐकून पूर्ण कार मधले हसले ओला ड्रायव्हर पण हसला,",happy
तलाठी च्या जागा सुद्धा मार्फत भरल्या गेल्या पाहिजे,neutral
"भाऊ, मशाली ने पेट घेतला आहे.",neutral
बाबासाहेब आंबेडकर यांचा जो पुरावा दिला होता तो इतिहासात येतो का भूगोलामध्ये,neutral
"आत्म्याला हव्या असतात त्या पूरक गोष्टी करून. जस की नामस्मरण ,चिंतन ,मनन",neutral
भाऊ तुम्ही म्हणजे आमची लाल,happy
अवडंबर केल्याने परमेश्वर प्राप्ती शक्य आहे का? -,neutral
"- खटल्यांना विलंब होणार नाही, याकडे लक्ष द्या - न्यायमूर्ती सुनील शुक्...",neutral
वाक्यांचा अर्थ असा कि निष्टावंत राहुन देखिल राजकीय खच्चीकरण पक्षातून होते,sad
पण खरच होणार का?,fear
खांग्रेसचे आहेत. . . द्या सोडून . . . .,neutral
मधे पण तेच अग्रस्थानी होते,neutral
मालदीवच्या राष्ट्रपतींच्या भारत आणि महाराष्ट्र दौऱ्याचं महत्त्व युट्यूब लिंक-,neutral
ते सुरेश भटांच आहे ना?,neutral
"माझ्याकडे तर एकच जिल्हा होता, पण फडणवीस कसं करणार?",neutral
सदर तक्रार आमच्या निर्दशनास आणून दिल्याबद्दल धन्यवाद. आम्ही आपली तक्रार संबंधित विभागाला कळविली आहे.,neutral
कोणत्या भागात म्हणतात ते नाही माहीत पण बऱ्याच जागी म्हणतात,neutral
वैफल्यामुळे आलेला हा व्यक्तिगत अनुभव आहे तुमचा. राज्यातील जनतेचा नाही.,angry
भारताचे पुढले सरन्यायाधीश म्हणून चंद्रचूड!,happy
"हळूहळू भाजपाचं काँग्रेस होतंय का? राधाकृष्ण विखे पाटील म्हणाले, “मला वाटतं…”",happy
तरीपण युती शिवाय पर्याय नाही मनसे अधिकृत,neutral
: दिवाळीपूर्वी कर्मचाऱ्यांचे पगार होणार; राज्य सरकारने काढले लेखी आदेश,neutral
तुला डेमो हवा आहे का पँथर चळवळीचा?,neutral
तू पण तुझ्या नवऱ्याला वाचवायला केली........ ते खरं हाय का.......,angry
मुलांना शिक्षा करण्यापेक्षा शिक्षकांनी स्वत:वर थोडे काम करायला हवे…,neutral
आणि कंगना रानौत सुद्धा मदत करू शकते उत्तर द्यायला...,neutral
बघा. काल दोघंही एकसाथ मीटिंग घेत होते.,neutral
जाऊद्या साहेब. असा विचार करणाऱ्यांना आजकाल धर्म द्रोही वगैरे वगैरे संबोधले जाते.,angry
नियमांचे उल्लंघन करणाऱ्या चालकांना गुलाबपुष्प; पोलिसांची गांधीगिरी ./-…,happy
पुण्याचा आकार सुद्धा बशीसारखा आहे का ?,neutral
"मच्छिमारांना नदीमध्ये सापडला खजिना, हाती लागलं असं काही की वाचून वाटेल आश्चर्य",happy
या पक्षातून त्या पक्षात उडी मारणाऱ्या बेडकांचा पक्ष कोणता?,angry
तुमच्या बद्दल लोकांच्या मनांत तीव्र संताप वाढलंय हे एकदम खरं आहे,angry
सिंहाच्या तावडीतून म्हशीने 'अशी' केली सुटका,happy
मवीआ सरकार महाराष्ट्राचा बाहेर होते का?,neutral
साहेब काल तस ठरल होते का?,neutral
काय अरे हे काय आहेत,neutral
हात भट्टी हॅन्ड पंप मधून सुसंगत आहे,neutral
स्वतःचे अनुभव मित्राच्या नावावर खपवले जातात अस माझ्या मित्राचा मित्र म्हणत होता,neutral
आळस हा माणसाचा शत्रू आहे...नेहरू शत्रू वर प्रेम करा...बापू विषय कट...,neutral
महाराष्ट्रात चुकीला माफी नाही...,neutral
काही फरक पडत नाही,neutral
गोडसे बद्दल हाच विचार ठेवता का?,neutral
खूप दिवसांनी हा योग आला असा रोज योगायोग व्हावा,happy
हो हे सर्व जनतेला माहीत आहे. असेच सर्व चालय.....,neutral
नाटक चालू आहे की मुलाखत ???,neutral
मी माझे सर्व मुद्दे तुमच्याकडे ठेवले आहेत,neutral
इतिहासांत झालेल्या चुकांवरून आपण आपसांत का वाद घालावेत? इतरांचे फावते अशाने. सांभाळा.,neutral
आणखी सांगण्याची गरज नाही!,neutral
आपल्याच गोष्टींवर विनोद करून त्याचा निखळ आनंद घेणे हे नवहिंदुत्ववाद्यांना मान्य नाही काका……,angry
सकाळी लहाण पोरांची पण गैर सोय होईल हा एक मुद्दा आहे.,neutral
हा का सांगत नाही असे उद्योग आम्हीच करतो .,neutral
काही तरी मोठ भेटनार होत ते हेच का?,sad
दिलासा मिळाला म्हणून खुश राहा तू.,happy
हो एक सामान्य नागरिक म्हणून मत नोंदवतोय..,neutral
या ट्विट ला आलेल्या कॉमेंट ताई पर्यंत पोहोचतात का?,neutral
वंन्दे मातरम म्हणून दाखव बरं,neutral
संदिपान भुमरे हे (छत्रपती जिल्ह्याचे पालकमंत्री असतील.,neutral
म्हणजे तुम्ही मानलं की भाजप महाशक्ती आहे ते,happy
भ्रष्टाचार मुक्त महानगरपालिका त्यांना करून दाखवा ज्याने त्यांचे आयुष्य सुखकारक होईल.,happy
जय भवानी.... आता स्वबळावर निवडणूक उमेदवार ची घोषणा करावी. एकला चला...,happy
घर चोरता येत नाही विचार हिरावून घेता येत नाही जय महाराष्ट्र,happy
त्याही पुढे 'अमुक अमुक साहेबांच्या मार्गदर्शना मुळे आम्हाला पुत्र रत्न झाले आहे',neutral
केनिया या देशातला व्हिडिओ आहे हा,neutral
मग यावर कोणी असेही म्हणेल नरकासुराच्या नावाची सुरुवात पण न नेच होते. .,neutral
विद्यार्थी आहेत का,neutral
घ्या आणि थंड व्हा... हे तेच आहे जे तुम्हाला कळलंय.,angry
मराठीत आला तर चांगलीच गोष्ट आहे,neutral
उंची किती आणि बोलतोस किती??फटके टाकले नाहीत म्हणजे??ही भाषा का तुझी??,angry
उध्दव व जयदेव दोघांना आहे,neutral
लिहून घेतलंय हे,neutral
अतिवृष्टीमुळं झालेल्या नुकसानीची पाहणी करण्यासाठी वर्धा आणि गडचिरोलीत केंद्रीय पथक,neutral
पेक्षा केले असते तर लवकर भेट झाली असती,neutral
या वरून तुमची लायकी दिसते,angry
"वर्ल्ड चॅम्पियन संघाला हरवलं पण नवख्या संघानं धुळ चारली, आयर्लंडनं उघडलं खातं",happy
तरी सुद्धा जगात भारत पाचव्या नंबर वर आहे.,happy
महाराष्ट्राचा मुख्यमंत्री म्हणून तुम्हाला कोण आवडेल? क्लिक करा आणि वोट द्या,neutral
बाबा आत्ता पर्यंत कुठे होता,angry
इतकं मोठं पोत आहे का तुझ्याकडे,angry
इतर राज्यातील पक्ष महाराष्ट्रात मोठे होउ देउ नका.,angry
ती व्यक्ती कोणत्या समाजाची होती कळेल का ?,neutral
ह्या साठी च केला होता,neutral
यांना बाळासाहेब यांचा फोटो वापरण्याची परवानगी आहे का.,neutral
वाह वाह वाह म्हणून भाड्याने देता पक्ष नै का,angry
संडास साफ करणारा होता मग तुझे काय मत आहे,angry
यही न्युइंडीया हे,neutral
व्यक्त झाल्याने नात तुटण्याचे प्रमाण अधिक आहे,sad
महाशिवरात्रीला उपवास नेमका कसा करावा? जाणून घ्या... ./-…,neutral
"शिवसैनिकांचं मातोश्रीवर शक्तीप्रदर्शन, उद्धव ठाकरे म्हणाले...",happy
"बॉलिवूडचा ‘हा’ कलाकर अमिताभ बच्चनमुळे शिकला शाळा, अभिनेत्याने स्व:च केला खुलासा",neutral
एक कुत्रा होता तो पण आता आत आहे,neutral
म्हणजे आपण पुढच्या निवडणुकीत पडणार हे भविष्य बघितलंय वाटत साहेबांनी,sad
"होणारच आहे, शिवसेना ही उद्धव बाळासाहेब ठाकरे यांची आहे,,,",happy
हे पण शेंडी जानवे वालेच,angry
त्यांनी आधीच सांगितले होते जी कायदेशीर मदत लागेल ती करू.,neutral
राहुल नागलच्या आधी करण कुंद्राला डेट करत होती श्रद्धा आर्या? अभिनेत्रीने केला खुलासा,neutral
खुप गोडधोड खायचा कंटाळा आला की असे खायचे..,neutral
पञाचाळ मध्ये मराठी कुटुंबे अजुनही घर भेटतील या प्रतिक्षेत आहेत.,sad
"ठाकरेंचा बाप होता तो माणूस, पण तुम्हा सगळ्यांचा देखिल बाप होता...",angry
भास्कर जाधवांनी राणेची उरली सुरली पण काढून टाकली,angry
ताई तुमी लाम रहा त्या मशाल पासून त्या मधे आग आहे,fear
अगदी बरोबर आहे. जनता उद्धव यांच्या पाठीशी आहे,happy
ॲाम्लेट करुन खल्ले तर उपयोगी आहे का ?,neutral
आणि कोणी उपाशी राहू नये..‌कुपोषणाचा बळी होऊ नये..‌ह्या गोष्टी महत्त्वाच्या...,happy
तुम्ही दोघे मुंबई चे वोटर आहात का ??,neutral
षडयंत्र म्हणतात ते आहे हे सगळं,angry
आताचे म्हणजे कालियुगातले,neutral
कृपया समस्येच्या त्वरित निराकरणासाठी तक्रारीचे अचूक स्थान आणि फोन नंबर प्रदान करा.,neutral
हे नवीनच आहे काय करताय तुम्ही?,happy
वसूली करण्याचा कोणालाही हक्क नाही. लोकांनी हे लक्षात ठेवावे. ते बेकायदेशीर आहे.,angry
होणार तेच जे दिल्लीश्वर म्हणतील...,angry
"एक्याने एकदाचा ""एकनाथ बाळासाहेब ठाकरे"" असा दावा केला की मी हिमालयात जायला मोकळा",neutral
लांडगा आला रे आला सारखं नको व्हायला,angry
लायकी मी तुझी लोकांसमोर मांडली. कारण मी सभ्य भाषा बोलतो.,angry
सर्व नाणी वापरले आहे,neutral
च्या लोकसभा निवडणुकीत किती मतांनी हरले आहेत काही माहिती मिळेल का?,neutral
औरंगाबाद नाव बदलले आहे का ? तिथे चांगले इस्पितळ नाही का ?,happy
हे नक्की पाहिजे,neutral
खरे नाते तेच आहे ज्याची सुरुवात हृदयापासून होते गरजेपासून नाही...,happy
तेव्हा पहिल्यांदा पहायला घेतला होता हॉरर चित्रपट.. - च्या आसपासचा काळ,neutral
मग दिवाळी चे रेशन मिळाले नाही म्हणून ट्विटर रडता का?,angry
म्हणजे कोणाची बाजू बरोबर आहे हे तुम्हालाही माहिती आहे तर.,neutral
खरवस आवडत नाही असा माणूस पृथ्वीवर सापडणे दुर्मिळ...,happy
उद्धव सेनेचे सरकार आल्यास कोकणातून निष्ठावान मुख्यमंत्री यांनाच करावे ही जनतेची मागणी,happy
"हृदयविकारांपासून दूर राहायचे असेल तर आहारात करा हे बदल, जाणून घ्या",neutral
शिक्षकांनीही योग्य अनुकरण करण्याची आवश्यकता आहे,happy
पर्याय आहे आणि तो ही मजबूत तृतीय गट. बजावो ताली.,happy
या प्रवाशाला फक्त मिनिटांच्या राईडसाठी सुमारे लाख रुपये मोजावे लागले आहेत.,happy
कशाबद्दल ठाकरेना बदनाम करण्यात वाटा उचलला म्हणून,angry
शिवसेनेने खूप जाग्यावर अपक्ष उमेदवार उभे केले होते,neutral
विश्लेषण : शेअर बाजाराप्रमाणे इन्शुरन्स पॉलिसी धारकांना डीमॅट खाते अनिवार्य होणार?,neutral
महिन्यांपूर्वी बाबत कार्यक्रम लावणार होते त्याचा मुहूर्त कधीचा निघाला?,neutral
ठाकरे गटाकड़ून नगरसेवक उमेदवारी मीळावी यासाठी हा इशारा तर नाही उद्धव साहेबाना…?,neutral
हो ताई मी कधीच तिया गोष्टी तुन बाहेर पडले आहे,happy
शानिमांडळला पोवाडा ./ ?,neutral
चक्रीवादळ येनार आहे काय महाराष्ट्रात परिणाम होईल का,fear
साधना सरगम यांच्या उपस्थितीत होणार शिवरंजनीचा काला गौरव पुरस्कार,neutral
तू जर चाटल नाही तर तुझ घर नाही चालणार आम्ही समजू शकतो,angry
आजचा लेख एका विशिष्ट मानसिकतेविषयी आहे.आणि ती मानसिकता म्हणजे..,neutral
आमच्याकडे आहे हे भावाच्या लग्नात समजल,neutral
हे ही आहेच बाबा,neutral
इथेच सांगायचे ना आम्हांला पण कळले असते.,neutral
सर्व जागा वाढवा,neutral
कोण आहेत ओळखा?,neutral
"कोणीही असो,वेळेला आपण आपली ढाल व्हायला काय हरकत आहे,पळून जाण्या पेक्षा.",happy
बाळराजे तेच का ते आवाज बरोबर करायला कुठे तरी गेलेत म्हणे.,neutral
हा वाट पाहतोय म्हणून सांगा,neutral
मोदींना पत्र लिहायचे होते नां... गॅस... पेट्रोल... महागाई... खुप लिहिता आलं असतं...?,angry
रहाणे इतर खेळाडूंपेक्षा का वेगळा आहे याचं उदाहरण.,neutral
वैफल्यग्रस्त तर टरबूज्या झाला होता म्हणून फोडाफोडीच राजकारण केला,angry
झोपायचा अगोदर दाराला कडी लावली का बघून ये ...,neutral
हे बाहेर कधी आले?,happy
मग तुला कसं माहिती ती मुलीच्या हातात होती ते,happy
आता कोणीही वेडावाकडा शब्द कदाचित काढणार नाही. कारण बाळासाहेबांचे तिथे अस्तित्व आहे.,happy
"बेरोजगारीवर एकच औषध आहे, तू मन लावून अभ्यास कर.",happy
"हो जसे मागील . वर्षे सगळे केंद्रामुळे होते ना, अगदी तसेच!",angry
तुमच्या अध्यक्षाला ही नागपूर हून आलेले आदेश पाळावे लागतात हे विसरता का ?,angry
"लफड म्हणजे दिनो, कनाल,पेंग्विन तसं काही का?",angry
आता उरलेली पण पोहोचवतील,neutral
पुण्यात जण आक्रोश नसून सत्ता गेल्याने हा आक्रोश बाहेर पडला आहे,angry
आपल्या पूर्वजांनी हे आधीच सिद्ध केलंय..उगाच नाहीत आपल्याकडे कुणाला 'गाजर दाखवत..'.,happy
शिंदे गटाचं वरळीकडे विशेष लक्ष… नवरात्रोत्सवाचे बॅनर पाहिले का?,neutral
अंधेरी पोटनिवडणूक : महाराष्ट्रातील महान राजकीय संस्कृतीकरिता बरं का...,happy
इकडे कवी लोकांच्या भावनांसोबत खेळत आहेत,angry
आपण म्हणजे बाळासाहेब नव्हे. आपण म्हणजे शिवसेना नव्हे. आपण म्हणजे फक्त उद्धट ठाकरे.,angry
. हे रांगोळ्या वाल्या लोकांसाठी होतं.,neutral
नक्की किती ते महानगरपालिका निवडणूक झाली की कळेल,neutral
"क्रिकेटचे नियम बदलले, ऑक्टोबरपासून 'हे' नियम लागू",neutral
माझं पक्ष ? काई कंपनी आहे का ?,angry
कार्यकर्ते कोणाचे का असेना पण त्या गर्दीचे रुपांतर मतांमध्ये होते.,neutral
ऑक्टोबरला दसऱ्याच्या मुहूर्तावर हा चित्रपट प्रदर्शित होणार आहे.,neutral
जरा जास्त नाही होत का हे,happy
मी बोलल्याचा आणि याचा काही संबंध नाही भाऊ,neutral
"मी बाहेर खेळायला गेलो असताना , माझी मम्मी मला ओढत घेऊन जाते.",neutral
स्टुडिओ ही निट चालवु शकले असते ?,neutral
काळच याचे उत्तर तुम्हाला देईल. तुम्ही 'निष्ठावंत शिवसैनिक' होता की ते.,happy
.....आणि उलगडला किशोर कुमार यांच्या संगीतमय गायन प्रवास,neutral
प्रविणला असं का म्हणताय तुम्ही?,neutral
विराट कोहली आपल्या यशाचे श्रेय कायम अनुष्काला देत असतो.,happy
"मुंबई मध्ये होते ते सेनेमुळे, पुण्यात होते ते जास्तीच्या पावसामुळे.",neutral
महसूलमंत्री तलाठी भरतीबाबत काही बोलणार का? कधी होणार? किती जागा येणार? परीक्षा कोण घेणार?,neutral
मुंबईसह या रेल्वे स्टेशनचे रुपडे पालटणार; हजार कोटींची गुंतवणूक होणार,neutral
पत्रकारितेतही हाच नियम लागू होतो नाही का!,neutral
नंबर एक होण्यासाठी सुद्धा काँग्रेस राष्ट्रवादीच्या कार्यकर्त्यांनी नेत्यांचा प्रवेश करूनच भाजप झाला,neutral
"महाराष्ट्रात सर्वात जास्त ज्योतीलिंग आहेत, सुशोभिकरणासाठी आपल्या माध्यमातून प्रयत्न व्हावे",happy
खाल्यानंतर ची बघण्यासारखी आहे,neutral
"सर,खरच आपण यात लक्ष घालून काम त्वरित सुरू करावे.",happy
ही आधी झाली आहे दुसरी शोध,neutral
"आजचे वास्तव जनता ,मीडिया आणि विरोधी पक्ष",neutral
शासनात कधी विलीन करून घेता ते सांगा आम्ही पण धन्यवाद देऊ.,neutral
"मग हाच प्रश्न उपस्थित होत आहे,....यांचे बाळासाहेब कोणते...???",happy
कपिल सिब्बल पत्रकारांच्या घरी आला होता की काय,happy
"काही तरी राह्यलय फोटूत ,अस वाटत नाही का",happy
काय बोलाव आता....,neutral
माझ्या मुळे अख्खं जग चालतंय असा दावा मी करणार आहे,happy
तसे काही लिहिण्याची गरज नाही.. म्हणजे..हे घ्या...असा आहे,neutral
वयस्कर आहेस म्हणून,angry
फडणवीसांच्या हस्ते होणार कार्तिकी एकादशीची पूजा!:,neutral
सगळे हिंदू विरोधी पक्ष एका छताखाली आले आहेत हिंदूंनो डोळे उघडा आणि मतदान करा.,angry
माहीत आहे मॅडम..... उद्देश फक्त इच्छा दर्शवण्याचा होता,neutral
केव्हढा जोक आहे हा,angry
ठाकरे सोडून नुसते बाळासाहेब कसे चालतील... शिवसेना ठाकरेंची आहे आणी राहणार,happy
सर्वसामान्य भारतीयांच्या मनात हेच आहे. जे वकिलांना वाटतंय. तुमचा तरी विश्वास आहे का?,neutral
तरीही युती केली होती की,happy
"साहेब,शेतकऱ्यांच्या खात्यात ही रक्कम जमा होईप्रयन्त,आपली मदत शेतकऱ्यांना लागणार आहे.",happy
तेव्हा ही असच होणार आहे,neutral
एवढेच आहे तर आत्ता तुम्हाला भारत जोडो का करावे लागत आहे सांगा????,angry
"विदर्भातील काही भागांतून मान्सूनची माघार, वेधशाळेची माहिती.",neutral
म्हणजे नक्कीच मिळते!,neutral
महाराज माझी तुम्हाला विनंती आहे मी तुम्हाला फोनवर बोलु शकतो का,happy
ह्यांच्या मुंबई व मराठी प्रेमाची व्याख्या काय हे बघावे लागेल आधी.,neutral
प्यार का खत लिखने - ही गझल मी वेळा ऐकलीय..,happy
तिरीत तोमाया चा मुलगा आहे तो त्यांच्या साठी काही पण शक्क आहे .,neutral
अंधारा सोबत प्रकाश मोफत... हे सर्व काही ठरवून होतेय का.,happy
मुलांना '' जरा कठीणच् असते... हे सुध्दा एक कारण असावे बहुतेक...,neutral
वाकडोजी धाकडे हे बोलले होते,neutral
धाडस च्या माद्यमातून शहाजी बापू चा करेक्ट कार्यक्रम होणार. बऱ्याच घडामोडी सोलापूर जिल्ह्यात घडतील.,neutral
तुमच्या पत्रकारांना काही तरी तर काम ठेवा,angry
चौकशी होणार का...?,neutral
तु तर सोबत गेली होती,neutral
सिंगल असे असतात तर...!,neutral
त्यामुळे तर राजीनाम्यावर राजकारण चालु आहे,angry
छातीतली कळ कमी झाली ना,neutral
"तसं झालं नाहीच, उलट मोदींच्या कृपेने नवीन पिढीमध्येही नेहरूंविषयी उत्सुकता निर्माण झाली आहे.",happy
तुमच्या मनात हे पण नाहीत एक दिवस यांना झटका देशील सुषमा ताई,neutral
बाहेर नाही आतच आहे.,neutral
"साहेब त्यांची फाटली, प्रभाव निश्चित होता.",fear
मधे ह्यो आला,neutral
नाही नाही काय नाही झाल,neutral
आदिवासी हॉस्टेलसाठी श्रमिक एल्गार आणि च्या संघर्ष,neutral
लोहपुरुष सरदार वल्लभभाई पटेल यांनी सुद्धा वर बंदीची मागणी केली होती.,neutral
त्यांचा सहभागच तेवढा होता,neutral
पनवेल ने दोन वेळा तरी कामोठे ला पणी द्यावे ही विनंती,neutral
विधानसभेत पक्ष प्रमुख वैगेरे गोष्टी काल्पनिक आहे त्यामुळे व्हीप मान्य करायचा संबंधच नाही,neutral
वेस्टर्न कलचर करता करता हे भलतच सुरू झालं,angry
ह्यांना पण मंत्रीपद मिलाले होते...,neutral
असे दृश्य खूप मोठ्या प्रमाणावर सार्वजनिक वाहनांमधून पाहायला मिळते.,neutral
"""कोणी पत्र लिहता का पत्र"" महाराष्ट्रातून गुजरातला गेलेले प्रकल्प परत आणण्यासाठी ?",neutral
मनसेने दिली गुलाबाची फुले आणि महापौर पंचम कलानी मराठीत बोलल्या ./-…,neutral
"| ‘या’ बॉलिवूड अभिनेत्रीने लोकांना केली ही विनंती, वाचा संपूर्ण प्रकरण…",neutral
कोरेगाव भिमा नव्हे तर भिमा कोरेगाव आसा खरा नामउल्लेख आहे.,neutral
उद्घव ठाकरे आधीच पोटनिवडणुकीत हार मानत आहेत...,neutral
गोविंदा ना खेळाडू म्हणून सर्टिफिकेट कधी देणार आहात,neutral
हो.... आणि मुळात शाकाहारी सुद्धा आहे,neutral
हे खर आहे का .,happy
"गुजराती काय भारताबाहेर आहे का? ठाकरे बिहारी आहेत, सोनिया गांधी इटालियन",angry
मग मुख्यमंत्री फडणवीस होणार असेही न्हवते ठरलेले ना ?,happy
किती रडशील हे यूट्यूब नाही आहे...,angry
शेतकरी काय कमी हाय काय? ग्रामीण इनोव्हेशन! व्हिडीओ व्हायरल,happy
नरहरी झिरवाळ यांनी अजय चौधरी याना गटनेता म्हणून मान्यता अगोदरच दिलेली आहे,neutral
हा म्हणजे तुझ्या अनुभवातून बाकी सगळे शिकतील ना,neutral
त्यांनी देशासाठी केलेलं योगदान हे आहे..,happy
आता डॉलर मध्ये खेळतात,neutral
बघितल्यावर बघायची हिंमत कोणाकडे आहे,happy
एक नंदी बैल आणि एक मंदी बैल...,neutral
जिथे एका नाटकात काल्पनिक पात्र आहे ते असत्यच झाले की.,neutral
काही पण राव..... मोहगाम चावळतो,neutral
साहेब हे अगोदपासूनच सुरू आहे दरवर्षी दिल्या जात..,neutral
": शरद पवारांना घाबरताय का? शहाजी पाटील म्हणाले, जगात...",fear
हम्म ते तर आहेच आपला जन्म त्याचसाठी तर आहे,neutral
"मी ट्रेलर म्हणुन काम करतोय,तर पिक्चर मुख्यमंत्री दाखवणार!:",neutral
मिसळ खाऊन नावे ठेवायला पाहिजे होती सर. जास्त मजा आली असती,happy
काय कार्यक्रम आहे वाटते उद्या... आहे का? मध्ये मिळेल,neutral
मराठी अभिनेत्री नाही आहेत का? आणि हिला द्यायला ही मराठी अभिनेत्री आहे की महाराष्ट्रीयन?,neutral
"कुणाला मत द्यायचं नाही हे जनतेनी ठरवल आहे, कितीही लांबणीवर टाकू द्या.",angry
... आणि तुझी स्पर्धा राखी सावंतशी आहे.,angry
"रुपया कमजोर होत नसून तर डॉलर मजबूत होतोय, यादृष्टीने पाहावे : केंद्रीय वित्तमंत्री निर्मला सीतारमण",neutral
दाणे टाकायला नाही गेला का तू,neutral
अखंड प्रचंड पुरुषार्थ ही एकमात्र उपाय,happy
देशभक्ती शरीरात जागृत झाली आणि नानाने त्या दुकानातूनच वस्तू विकत घेतल्या.,happy
मध्ये कोणाचा फोटो होता.......,neutral
ऐका हो शिवसैनिक काय करणार आहे स्वतः सांगत आहे,neutral
तुमची तक्रार विद्युत विभागला पाठविण्यात आली आहे.,neutral
. वर्षे तुमचीच सत्ता होती,neutral
"ते सत्तर का ऐंशी सोड, हे घे पुरावे",neutral
विणकामाच्या रचनांचे नमुने आणि उत्पादनांचे मुंबईत विणकर सेवा केंद्रामध्ये प्रदर्शन,neutral
खरच आता पक्क.... ही हिंदु ह्रदय सम्राट स्व. बाळासाहेबांची सैना नाही..,neutral
ची ढाल ची तलवार सांभाळून वापरा पण नायतर जाऊद्या आपल्याला काय,neutral
पुण्यात असे कधीच होत नव्हते पूर्वी!,happy
इथेनॉलवर धावणारी पहिली कार भारतात दाखल; ‘या’ वाहन उत्पादक कंपनीला श्रेय !,happy
हे बघ कालच छत्री आणलीय,neutral
मग हेच शिवसेनेला विचारा त्यांनी लटकेंच्या पत्नीलाच का उमेदवारी दिली.?,neutral
साहेब सरकार आपलंच येणार पण गरिबांचा पण थोडाफार काहीतरी विचार करा,fear
पत्रकारातील हा पहिला आहे,neutral
पत्रकारांनीसुद्धा ही बातमी किती लावून धरली.,angry
"तुम्ही अशी सुवर्णसंधी गमावू नका, त्यामुळे आताच ती मिळवा.",happy
पण आहे नाजनरल स्लीपर,neutral
तुम्ही पण तेच आहात का साहेब...?,angry
प्लँनिंग शिवाय कोणतेही काम यशस्वी होत नाही.,neutral
आता आपण सर्वांनी मिळून हे प्रत्यक्षात आणायचे आहे आणि मुलींना बालविवाहापासून वाचवायचे आहे.,neutral
अहो ते आव्हाड सर आहेत आवहाड नाहीत.,happy
*अतिवृष्टीमुळे झालेल्या नुकसानीचे पंचनामे करा विजय शिवतारे यांची माघणी* *महाराष्ट्र एक्स्प्रेस ला सबस्काईब करा*,fear
मामा काकांची जागा कधीही घेवू शकणार नाही..,happy
हो का.. पण त्यात खोटेपणा नको..,angry
आणि पत्र दोन तीन महिने अगोदर लिहिले होते पण ते निवडणूक काळात पोहोचले,happy
हीच आहे प्रखर हिंदुत्ववादी विचारांची आणि महाराष्ट्राच्या प्रगतीची ढाल तलवार...!,happy
हे बघा फक्त फक्त भाजप चे सरकार आहे.,neutral
माझ्या कडे पण असे आहेत ......,neutral
संजय राऊत न्यायालयीन कोठडीत असून त्यांनी आईला लिहिलेले भावनिक पत्र समोर आले आहे.,sad
दोन भावी पंतप्रधान एकाने माढ्यातुन आणि एकाने अमेठीतुन पळ काढला होता.,angry
खुळखुळा ही नाही मिळाला का?,happy
हे साहेब नाशिक क्या गुलगुलित रस्त्या वरूनच् गेले असतील,angry
"""भविष्यात महाविकास आघाडीला उमेदवारही मिळणार नाही अशी अवस्था करु."" -भाजपचे प्रदेशाध्यक्ष चंद्रशेखर बावनकुळे",angry
आज पासून लोकांना सांगणार लक्षात ठेवा आपल्याला बाळासाहेबांच्या शिवसेनेला हरवायचे आहे.,neutral
ते केलेलं ट्विट आता केलं तर चालेल का भैया,neutral
धुरा योग्य खांद्यावर आहे. फक्र है।,happy
टेलिग्राफ वृत्तपत्राने ही बातमी दिली आहे,neutral
तुम्ही लहानपणापासून अशे होता की आता भारतीय जनता पक्षाचे प्रवक्ते झाल्यावर झालंय,angry
संजय राठोड हे मंत्री झाले ताई.,neutral
पंतप्रधानांच्या हस्ते गुजरातमध्ये प्रधानमंत्री जन आरोग्य योजनेच्या आयुष्मान कार्डांच्या वितरणाला होणार प्रारंभ,neutral
** ह्या ऐवजी हे वापरायचं,neutral
याचा अर्थ खर्गे हे सुद्धा मनमोहन सिंग ठरतील.,angry
हिमालयातील भूकंपप्रवण क्षेत्रांचे मॅपिंग निसार उपग्रहाद्वारे होणार: .// / / …,neutral
"प्रत्येक गोष्ट मनासारखी होत नसते... म्हणून सुखापेक्षा समाधान शोधा, आयुष्य खूप आनंदात जाईल...!",happy
गुरुत्वाकर्षण आहे की नाही का नुसती अफवा आहे..... वा जबरदस्त कमालच....,happy
सरकार चा विरोध आणि स्थानिक नागरिकांचा विरोध या मध्ये फरक कळतो का...?,neutral
एकदा पद मिळालं की ते आपल्याच परिवारात राहिलं पाहिजे असा यांचा अट्टाहास असतो.,angry
तुम्ही पहिल्या गटाच्या अध्यक्षा आहेत की काय,neutral
"खोके यांच्याही घरी जायचे, बंद झाल्यामुळे अशी अवस्था झालेली दिसते",neutral
दोन्ही ऊमेदवारांना समान संधी आहे. जय श्रीराम.,neutral
या नंतर म्याव म्याव च भौ भौ होईल असा भाबडा आशावाद.,neutral
"""तुमचा आनंद जितका स्वस्त असेल, तितके तुम्ही श्रीमंत व्हाल.""",happy
म्हणून अजून पर्यंत सतरंज्या उचलण्याचे काम करत आहेत का????,angry
पक्षीसुद्धा स्वतःला सिद्ध करून दाखवतात...,neutral
कधी कधी काही लोकांसोबत असं होत असत पण या मुळे चांगलं वागणं सोडू नये...,happy
अहंकार तर प्रकांड पंडित रावणाचा ही नव्हता राहिला……………,happy
अडीच वर्ष फक्त वसुलीत मग्न होते,angry
फडणवीस हे राज ठाकरेंमार्फत खडा टाकून वातावरणाचा अंदाज घेत आहेत. संघाची जुनी पद्धत आहे ही.,neutral
बुंदी खायला बोलवा म्हणजे झालं!,neutral
हा वाकड्या माणिकचंद च्या शाळेत गेल्या,neutral
ह्या राजकारण्यां दर वेळी महाराजांच नाव घेवूनच का राजकारण करायच असत??,angry
दरवर्षी शेकडो लोक बौद्ध धर्म का स्वीकारत आहेत?,neutral
हा कायदा अस्तित्वात आहे?,neutral
तिहार जेलमध्ये ‘ही’ प्रसिद्ध अभिनेत्री तब्बल इतक्या वेळा सुकेश चंद्रशेखरला गेली होती भेटायला…,happy
"सभ्य , साधा, सुसंस्कृत, काळजीवाहू मुख्यमंत्री ही व्याख्या पासून बदलेली आहे...",angry
फुकट काहीच मिळत नाही आणि दिल जात नाही,neutral
हे आहे ऋतूजा लटकेंचे अजब राजीनामा पत्र!!!,happy
माझ ही प्रेम आहे राहुल गांधी वर पण भाजप चा स्टार प्रचारक म्हणून,happy
| महाराष्ट्रातील सत्तासंघर्ष! आज घटनापिठापुढे होणार ‘सुप्रिम’ सुनावणी,neutral
काय विकास केला तुम्ही जरा सांगा आम्हाला,neutral
श्री परमेश्वर मंदिर देवस्थान कमिटीच्या उपाध्यक्षपदी महावीरसेठ श्रीश्रीमाळ तर सचिवपदी देवकते यांची निवड..,neutral
बाळासाहेबांचे विचार आज रिलेव्हंट आहेत. स्वा. सावरकरांचे आहेत का? अखंड हिंदुराष्ट्र कालबाह्य झालंय.,neutral
एक विचारू? थोडा पर्सनल आहे...,neutral
गोळ्या घेत जावा ताई वेळेवरमग अस नाही होणार,fear
तुझ्या सारख्या जरी औलादी जन्मल्या ना तरी ही शक्य होणार नाही ड्या,angry
चुकीच्या क्षेत्रात आला तो माणूस,angry
शिंदे ची नाव पूर्ति बाळासाहेब आणि धर्मवीर आनद दिघे ची शिकवण,neutral
एकंदर केंद्र सरकारचा असलेला दवाब बघता हे वाटणे साहजिकच आहे,fear
परतीचा पाऊस असतोय हा या पावसावर शेतकरी दुसर्या पिकाची पेरणी करतो,neutral
एकटेच होते का कोण अजुन होतं,neutral
आणि याची बुद्धी बघा सदाशिव पेठेतला हा.,angry
जनता गरीब होत नाहीए; नं वर जातोय.,happy
हे बघा हो.... एवढ्या मोठया पत्रकाराला काय काय म्हणताहेत!!,angry
प्रत्येक हिंदुन अर्जुन बनाव असा पण अर्थ निघतो याचा.,happy
जोशी काय करत होते हे प्रदीप ला।विचारले का?,neutral
ही वेळही निघून जाईल,happy
देशमुख तुम्ही पण का जोशी सोबत,angry
जुन्या अडमुठ नेत्यांमुळे काँग्रेस ची भविष्यातील वाटचाल खूप खडतर होत आहे.,angry
तीर्थयात्रेला गेले का हो !,neutral
हि तर शहाजीबापू याच्या साठी गर्दी होती...,neutral
"मला आज परत एक सुचलं आहे, पण नेहमी प्रमाणे शब्द इकडे तिकडे विखरलेत",angry
एक रिक्षावाला आणि एक चहावाला असू शकत नाही का,neutral
किती पगार घेत होता विचारा आता आणि हे लोक किती देणार हे सुद्धा विचारा,neutral
हे जागे झाले मागील काही दिवस झोपून होते लागलेय जप चालू ठाकरे ओन्ली ठाकरे,angry
बर ते आता सर्वोच्च न्यायालयावर तसाच विश्वास राहुदे जसा मैदान मिळाल्यावर होता....,neutral
काय केल हौत ते सभेत दाखवल होत.,neutral
पाहतात का हा प्रश्न आहे,neutral
हे फोटो स्वतः काढलेले असतात का इंटरनेट वरचे ?,neutral
"पण इकडे तर रघुनाथ ची बाकरवडी आहे, चितळ्यांच नावच नाही आहे....",happy
तो ध्यानस्थ आहे,neutral
लोकल रेल्वेने प्रवास करणाऱ्या महिलांसाठी महत्वाची बातमी! वाचा सविस्तर माहिती,neutral
शिवसेना राष्ट्रवादीत केव्हाच विलिन झाली आहे.हे पचवायला आवघड वाटत आसले तरी खरे आहे.,neutral
हे बघ वहिनी काय बोलते,neutral
मागून विनंती कोणी केली हे सांगायचं नसतं हीसुद्धा महाराष्ट्राची राजकीय संस्कृती आहे का,angry
सरकार तुमचे आहे हो!!! हे विसरलात का??,angry
दादा आपण तर पालकमंत्री होता ना तेव्हा आपण काय केले ?,angry
म्हणजे साहेबांच बंद च आवाहन चुकीचं होतं का?????,angry
आज पुन्हा एक फुल उमलले ब्रम्हकमळ,happy
बस का? तुम्ही सांगितलं तसं झालो यार अध्यक्ष. आता काय पाहिजे?,angry
संस्थापकांचे आजोबा यां देशाचे निर्माते आहेत हे लक्षात ठेवा,happy
हे राजकीय अथवा सामाजिक नाही . हा विषय आर्थिक आहे.,neutral
मागील काही काळापुरवी शिवसेनेचे होते. ते जाणून बुजून मिळते गटाला दिले.आयोगाचा निषेध करतो.,angry
आपल्याला आता बाळासाहेबांच्या शिवसेनेला हरवायचे आहे,neutral
आज रविवार आहे आणि उद्या सोमवार ..,neutral
हर्ष मानसी नाव आहे बोल....,neutral
शिवरायांचा आणि शंभूराजांचा इतिहास वाचा आधी...,happy
हे सर्व अगदी समजण्याच्या पलीकडे आहे.,angry
राणे सगळं जाऊदे सोडा पण आर्मी पेपर घ्या बसं झालं,fear
का साजरा केला जातो बैलपोळा...वाचा सविस्तर,neutral
पुढील येणाऱ्या काळात बघूया काय चालते आणि काय नाही... ',neutral
सतभक्ती मध्ये असे कोणते मंत्र आहेत जे पित्ताशयातील खड्यांचे पाणी करतात....,neutral
सगळं बरोबर आहे हो तुमचं पण पकडला गेला तर चोर हा इकडे खाक्या आहे,angry
संघ कार्यालयात कधीही वापरण्यायोग्य शास्त्रांस्त्रे हा काय प्रकार भाऊ ?,neutral
आज पवार साहेब घासत आहेत असं म्हणायचं आहे का ढोरे तुला उगा बस बे,angry
बायो मध्ये बदल करा… अधिक्रूत प्रवक्ते म्हणून,neutral
"डब्या मध्ये काय आहे, तुम्ही काही दिले का रोहित ला?",neutral
सर फेर वीचार याचिका पर्याय उपलब्ध असतो का?? अशा निर्णयावरती.,neutral
शरीर सुदृढ त्यांचीच राहतात ज्यांना वजन आणि चरबी वाढवणं या दोन गोष्टींमधला फरक कळतो.,happy
तुम्ही मात्र होता तिथेच आहात,angry
"उद्या हेच कोंग्रेस्स, भाजपा, राष्ट्रवादीत शामिल होतील त्यामुळे काही फरक पडत नाही.",angry
मग हे असलं का केलं?,angry
अडाणी आहे महारष्ट्र चे मुख्यमंत्री,angry
सचिन आला रे...आयला!,happy
नाना म्हणजे जिकडे भेळ तिकडे खेळ,neutral
फुटबॉल: - आशियाई चषक पात्रता फेरीत भारताचा ऑस्ट्रेलियाकडून - असा पराभव झाला.,sad
तो म्हणजे तरबुज,neutral
मामूंना अंधारे बाईंची भाषा आणि आशय स्वीकारार्ह आहे का ते आधी स्पष्ट करा.,neutral
भाग -भाजपा- भाग अंधेरी (पूर्व) मतदार संघ ही तर सुरुवात आहे!,happy
"पालघर साधू हत्याकांड तपास सीबीआयकडे जाणार; नारायण राणेंनी दिली प्रतिक्रिया, म्हणाले…",neutral
म्हणून त्यांनी आता एक पाकिस्तानी सुपर हिरोईन ही आणली आहे.,happy
अजून मारामारी करताना बघितलं नाही का कोणत्या कपल ला?,neutral
म्हणजे तुम्हांला हे सरकार तर टरबूजावर चालतंय असे म्हणायचं आहे का,angry
अजून काय आहे का आता थापासाठी सतरंजी,neutral
"कमी असेल पण असणार हे नक्की , शेवटी गरज दोघांची उभ यंत ची आहे",happy
"आणि म्हणा, आपल्याला बाळासाहेबांच्या शिवसेनेला हरवायचे आहे..""",neutral
जर गरीब म्हणून राहायचं आहे तर ची सुरुवात अगदी आरामात करा.,happy
साहेब जरा शेतकऱ्याची अन्न धान्य पण एक्सपोर्ट करा. फक्त उद्योगपतींचे उत्पादित वस्तू नका करू.,fear
कालांतराने मनस्थिति बदलून हे सर्व काही घटक पाहायला मिळतात,happy
शाळा बंद करू नका सांगून आले का?,neutral
आपण सर्व पण असे शासकीय कार्यालयामध्ये निवेदन देऊन हलाल सक्ती विरोधी निवेदन देऊ शकतो.,neutral
नशीब लागत हे सगळं ऑफिस कॅन्टीन मध्ये मिळायला,neutral
रुचिरा पेक्षा कमी आहे,neutral
हे भुजबळ तर नाहीयेत ना,neutral
एकाच मुलाखतीत दहा वेळा अभय मागितले होते...हे आपण सहज बघु शकता..,angry
हे पवार नक्की कोणाचे मित्र आहेत?,neutral
"उमेदवारी परत घेण्याची विनंती केल्यावर तुमच्या साहेबांनी, पवार साहेबांचे आभार का मागितले?",neutral
केंद्रीय गृहराज्यमंत्री म्हणून विचारतोय,neutral
पूर्ण दाणेदार पिक होत.,neutral
मी तर एक पैसा सुद्धा वापरला आहे.,happy
हे तुम्ही बोलताय कमालच आहे,happy
काही ठरलं का नाही मग.....!!,neutral
आता राणे गेले असे समजा राजकारणातून,neutral
हे सर्व मान्य नेते म्हणून उदयास आले. असे भाग्य कमी लोकांना लाभतं..,happy
ब्राम्हण अंधारात येऊन गेला तर चालतो का,neutral
तुझ्या आडनावातच तुझ्या कमेंटचं उत्तर आहे...,angry
शिवाजी महाराजांनी युद्ध ढाल व तलवारीने लढले. पण मशाली हया बैलांच्या शिंगांवर बांधल्या होत्या.,happy
"तुम्हाला उमेदवार पायलीचे पन्नास मिळतील, पण आता मतदार शोधून दाखवा..",angry
आता मायलॉर्ड पण कुराण वाचून निर्णय देणार,angry
दिवाळी पुर्वतयारी ची रजा घेतोय का...,neutral
"सगळे एक, एकासाठीच असतात सर....",happy
तुम्हाला अस म्हणायचे का या खालील ठिकाणी मनसे नावालाच आहे,angry
"आज पासून प्रचार करू , "" आपल्याला बाळासाहेबांच्या शिवसेनेला हरवायचे आहे """,neutral
ही कोण आहे?,neutral
मला बियर नको पण मी शोधला बैल,neutral
ती मशाल घेऊन तुमचं हिंदुत्व कुठं हरवलंय ते शोधा..,angry
वेगवेगळ्या पार्श्वभूमीच्या लोकांशी संपर्क झाल्यामुळे असे विरोधाभास उद्भवले असावेत.,neutral
पवार साहेबांना विसरला का.,angry
बरोबर कारण असे पत्रकार ओरिसा मध्ये नाहीत,angry
टीप: ज्योतिष महंत हे प्रसिद्ध संविधानिक कायदे तज्ञ बापट यांचे लहानपणी हरवलेले भाऊ आहेत!,happy
लहान मुलांना असते अंगठे चोखण्याची सवय...पाहा काय आहे उपाय?,neutral
नंतर ची आणि आधीची निवडणूक होती.. सर्व पक्ष वेगळे लढले होते,neutral
एक जळजळीत कटाक्ष पुरे आहे,angry
शांतीला निळ्या रंगाची साडी घेऊन दिली आहेस का रव्या…,neutral
होमगार्ड चे पण बघा मॅडम,fear
हे माझ्याकडून कर ...,neutral
पंतप्रधानांनी लोकार्पण केलेले डिजिटल बँकिंग आहे तरी काय? तुम्हाला त्याचा काय फायदा होणार?,neutral
अंधेरी विधानसभा पोट निवडणुकीमधून भाजप उमेदवाराची माघार घेणे ही घटना कोणत्या राजकीय पक्षाला फायद्याची ठरेल?,neutral
किमान बुर्जीपावची गाडी लावायला तरी जागा द्यायची होती,fear
हे एक्झॅक्ट कुठं आहे?,neutral
सेम तसाचं जसा पवार साहेबांनी ची लोकसभा न-लढवण्याचा निर्णय घेतला होता...,happy
त्यामुळे . वर्षे शांत होते वाटतं.,neutral
हा फोटो होता आधी ... लगेच बदलला.,happy
संपुर्ण व्हिडीओ माझ्या या वर धर्माचा पाया असा रचुया!,happy
सर्व मंत्रिमंडळ मॅनेज करून ठेवणार का? तिथे सामान्यांना न्याय मिळेल का?,fear
हे पण सांगा की मिलिंद नार्वेकर पण आहेत,neutral
कोण ही पौळ??,neutral
नरेंद्र मोदी जागतिक नेते आणि भारत सर्वांत ताकदवान देश बनलाय का?,neutral
हे आधी गुजराती लोकांना समजले पाहीजे.,angry
आयफेल टॉवरला उलटा केला की झाली मशाल .. काँग्रेसचा हात आणि राष्ट्रवादीचं घड्याळ ...,angry
आमच्याकडे त्याच्या देठाची भाजी करतात.म्हणजे फार कधीतरी नेहमी नाही.,neutral
"हो. भरत जाधव, अंकुश चौधरी सुद्धा होते.",neutral
चित्रा वाघ सोडल्या तर एकही वाघ तुमच्या सोबत नाही,angry
अशा प्रकारची वैशिष्ट्यं असणारी मंदिरं तुम्हाला माहिती आहेत का?,neutral
ग्रामपंचायत कोणत्याही पक्षाची नसते हे विसरून चालणार नाही.,neutral
म्हणजे बघून तुम्ही लगेच मिसळ खायला जाल...,neutral
स्थानिक लोकांचा सहभाग घेतल्या शिवाय जबरदस्तीने लोकांवर का लादु इच्छिता ...,fear
...........आणि पवारांच्या गोठयात नेवून बांधली अक्खी सेना असे म्हनायचे असेल का?????,angry
समाज आणि जीवनाच्या विकासामध्ये इष्ट बदल घडवून आणणे,neutral
कृपया शासनाने तात्काळ लक्ष द्यावे हि नम्र विनंती,fear
कंब्बूज्या का तंबूज्या,neutral
होय आमच्या गावात देवीचे पुजारी चांभार समाजाचे आहेत... तर सिद्धानाथाचे व महादेवाचे डवरी समाजाचे....,neutral
सकाळी गेले होते… दुपारी परत आले पेजवर आहेत तेवढेच होते…,neutral
महर्षि प्रमाणे व्यास ही सुद्धा उपाधीच आहे.तुम्ही कोणत्या व्यासांबद्दल बोलत आहात?,neutral
प्रेमात कोण आंधळे असतील तर सांगा... आज आमच्या इथे मोफत नेत्र तपासणी शिबीर आहे..!,happy
परवा अडाणी ठाकरेंच्या भेटीला गेले होते.. ते चालत असेल 'मटा'ला..,angry
पाकड्यां विरुद्ध आली होती ना ती खेळी?,neutral
काकू आता वडापाव किंवा कचोरी हे चिन्ह निवडा,neutral
हे वाटण्यासाठी निधी कुठून जमा करता ते पण सांगा जनतेला ?,neutral
मीडिया मध्ये बेताल वक्तव्ये करून जनतेला मूळ मुद्द्यापासून भरकटवायच हाच ह्या साहेबांचा आवडीचा धंदा,angry
एमएसएमई क्षेत्राच्या दीर्घकालीन कायमस्वरूपी पुनरुज्जीवनाचा प्रयत्न ../--…,neutral
चष्मा पारदर्शक पण आहे तशी पारदर्शक पत्रकारिता होईल का महाराष्ट्रात,fear
म्हणजे मनसे भूमिका बदलते हे मान्य आहे का,neutral
हो ... म्य घेऊन पळालो ही पेलेट,neutral
पंतप्रधानांच्या हस्ते गुजरातमध्ये प्रधानमंत्री जन आरोग्य योजनेच्या आयुष्मान कार्डांच्या वितरणाला होणार प्रारंभ,neutral
पटकथेला मान्यता देणाऱ्या पडताळणी समितीतल्या सर्वच सदस्यांची चौकशी ही विद्यापीठ प्रशासनाने करावी.,fear
मग रूमा म्हणू का?,neutral
"निदान तुम्हीं महाराष्ट्रातील, एखाद्या गावाचे तरी करा काम.",fear
तू का लाजते आहेस पण,neutral
तू घेतो थापला चढवून,angry
पितरांसाठी पान ठेवले होते ना?,neutral
"यश हे आपल्या विचारांवर अवलंबून आहे. दिसण्यावर, जातीधर्मावर नाही..",happy
टायगर श्रॉफ यांनी मोठेपणा दाखवला का...?,neutral
"म्हणजे ते गावठी माधुरी का, ज्यांच्या घरी नाही ती वाली?",angry
"पालघर : जिल्ह्यातील ग्रामपंचायतीच्या मतदानाला सकाळी . वाजता सुरुवात, सकाळी मतदारांचा अल्प प्रतिसाद दिसून आला",neutral
आमच्या सारख्या भक्तांना....!! काही फरक पडत नाही......!! येणार तर मोदीच....!!,happy
मला उभ राहायचं म्हणून अटच शिथिल करा हा राजीनामा होता?,neutral
हे पद कर्तत्व बघून नाही तर भाजप आमदारांचा चिरंजीव म्हणून मिळाले आहे..,angry
मुंबई महापालिकेला हे लागू होत नाही. : आशिष शेलार,neutral
मी आजपर्यंत नाही खाल्ला,neutral
"आपण देतोय भरभरून, त्यांनी गरजेपुरतंच घ्यावं, सण साजरे करावे पण, आम्हालाही जगू द्यावं... -एक वृक्ष",fear
"वेळ सर्वांची येतअसेते, काल तुमची होती आणि आज आमची आहे.",happy
"हेच व असे बदल्याचे अनेक कारणांमुळे भाजप हारणार,,",angry
हा हा हा.......... झासाराम...,happy
खरंय मित्रा.. आज खूप गरज आहे अश्या एकजुटीची ..,fear
हे उत्तर असेल तर नसलेल्या भागात वाहतुकीची समस्या नको असायला.,fear
घरातून निघतच नाही तर काय भिजणार,happy
- इलेक्ट्रिक डिसेंबरमध्ये भारतात होणार लॉन्च,neutral
आता हा स्वत:ला श्रीकृष्ण समजायला लागलाय.,angry
हा फसवणूकचा मॅसेज आला आहे. सर्वांनी सावध असावे.,fear
आपणास माहीत आहे का?,neutral
बाळासाहेब व राज ठाकरेंनी कधीही विमलछाप गुटखा सेवन करुन पार्काच्या भिंती रंगवल्या नाहीत,angry
नंबर प्लेटचे रंग वेगवेगळे का असतात? हे प्रकरण काय आहे? समजून घ्या!,neutral
या बाईंची पावडरची फॅक्टरी आहे का?,angry
आपली सूचना संबंधीत विभागास पाठवीत आहे. संबंधित विभागाकडून योग्य ती कार्यवाही करण्यात येईल.,neutral
किती दिवसांसाठी हे आता सर न्यायाधीश असतील ?,neutral
किलोमीटर चा ढग होता काय .,happy
सुंदरता ही कोणालाही आपल्या प्रेमात पाडते.,neutral
शेवटी निर्णय हा - सुप्रीम कोर्टाचे अस्तिव आणी भारतातील लोकशाहीचे भविष्य ठरवणारा आहे....,fear
तुला हे आवडेल का..?,neutral
धन्य आहे ...,happy
आधी तलवार चालवून पाहिली पण उपयोग होत नाही म्हटल्यानंतर ढाल समोर केली आहे..,angry
ही तर वाढवलेली वाटत आहेत,angry
सर्वसामान्य माणसांची प्रतिक्रिया आहे ही तुझ्या तोंडाला आवर घाल.,angry
हे घ्या माह्याकुन,neutral
लग्न झालेल्या साठी नाहीय स्कीम ही,neutral
हे खरंच,neutral
ऑक्टोबरमध्येही का पडतो आहे पाऊस?,neutral
काही नाही सोयरिक जोडायची आहे,neutral
तिचा आत्तापर्यंतचा हिशेब आहे का दादा,neutral
"ला नाही बसवायची, तिकडे डम्पिंग ग्राउंड ला बसवायची हिला.",angry
पूर्ण व्हिडिओ टाका हा,neutral
हे तरी नवीन आहे की हे पण महाराष्ट्रातून नेणार ?,angry
अरे तू आला आधी .. आणि मलाच बघ तू तुझं बघ,angry
कधी पण ड्रील्लर नेच कानाला भोक पाडायचे असतात.।।।,neutral
कोणीतरी वेदांता महाराष्ट्रात अनण्याविषयी पत्र स द्यावे ते ऐकतात का हे समजेल ??,neutral
पडण्याची भीती जास्त होती,fear
ते थोडंसं होणार डॅमेज कंट्रोल करण्यासाठी ते आपला उमेदवार माघारी घेणार,fear
ही पण आहे का,neutral
"तसंच नड्डा नामधारी, निर्णय गुजराती नेत्यांचे",angry
बरं ते एक प्रश्न पडलाय हे जुनेद सर कोण आहेत नेमके????,neutral
जिल्हा मध्यवर्ती बँकेचे कर्ज माफी जाली नाही साहेब ते पण पहा यवतमाळ जिल्हा,fear
"चा अर्थ हे घ्या , ये लीजिये असा आहे",neutral
"कोणते दोन समाज, गुजराती आणि महाराष्ट्रीयन म्हणायचे आहे का तुम्हाला",neutral
ही कुठली पध्दत आहे ते जिवनमरणाची लढाई लढत आहेत जय पराजय तर होत असतात,fear
ह्या गदेची आणि ह्याची स्वतःची ऊंची बरोबर आहे म्हणून ह्यात तिळमात्र शंका नाही,neutral
साहेब एकदा आदरणीय राष्ट्रपतिजी द्रोपदी मुर्मू म्हणून दाखवा ना साहेब पिलीज,happy
विनंती बदली स्थगिती बाबत शासन शासन परिपत्रक का काढत नाही आहे.,fear
पण अतिवृष्टि पासून लोकांचा बचाव कसा होउ शकतो हे तरी ठरवू शकता ...!,fear
सर्जिकल स्ट्राइक अजित पवार यांच्या पासून सुरु होणार? — मूत्र,angry
भाऊ आहेत ते .. भावाला कधी पत्र लिहून धन्यवाद वगैरे म्हणतोय का कधी आपण?,neutral
खाजप मध्यें आलं कि त्यानं पण क्लीन देतील पंत आपले,angry
काही ही होऊ शकतआजकाल.,fear
माझ्या आहेत देऊ का फेकून,neutral
पडळकर खास मित्र आहेत का ??,neutral
तुला असं म्हणायचं आहे का ह्यांच्याकडे मंत्रिपद नाहीत,neutral
ते मिळणार नाही याची आधीच खात्री करून घेऊन बोलले ते,angry
बाळासाहेब ठाकरे रोजगार मेळाव्याचे उद्घाटन ../-…,neutral
हा सल्ला फक्त दृष्टिहीन (अंध भक्त) लोकांसाठी आहे,angry
हे सांगा युवराजला अन् राजकुमाराला,neutral
गौरी भिडे मातोश्रीवर इतके पैसे येतात कुठून हे जनतेला समजलेच पाहिजे.,angry
तुमचे बनवून पाठवू का बोला ते पण करतो,neutral
भारत जिंकला का खाऊ आपण,happy
महेंद्र जी लाईक न करता नुसताच नमस्कार करताय तुम्ही ही देवेंद्र नीती खेळताय,angry
मला वाटलं डॉक्टर आहेत.. डाएटिशियन आहेत का!?,neutral
तो सूर्याजी पिसाळ आहे.,neutral
‘नेत्रा’ने शेअर केला मेकअप करतानाचा व्हिडीओ,neutral
काहीही का आता.,neutral
"गहू-तांदूळपाठोपाठ आता तूर आणि उडीदचे भाव वाढले, अतिवृष्टीमुळे पिकांचे नुकसान",fear
गद्दारांना ही थाळी गुजरातला घेउन जायची आहे बहुतेक.,angry
होणार! अजून - उमेदवार आहेत ज्यांनी माघार नाही घेतली.,neutral
दशभुजा सोडलं तर अजिबात गर्दी नाही- चांदणी चौकात नाही. मुंबई होती...,happy
काथे ते रशिया वरून मागवलेले बॅरल आले का नाही अजून?,neutral
मिमिक्री करणे हे पण एक कौशल्य आहे,happy
मटकी आणि मेथी आहे का,neutral
तळेगावलाच येणार होता. आठवतय ना??,neutral
ते राणे आणि प्रताप सरनाईक निर्दोष आहेत काय सोमयजी अस समजावं काय,angry
तुझ्या हाताच्या रेषा पुसल्या गेल्या का??,neutral
",त्यांना माहीत होत त्यांचा पराभव अटळ आहे",sad
घरटं नावाची एक कविता होती शाळेत.. कोणाला आठवते का?,happy
हा कोणत पाणी घेतो.,neutral
ते निवडणूकी आधी क्लीन चिट घेणार त्यांचाच तो प्लॅन आहे,angry
त्यात त्यांनी अस काहीच म्हणलं नाहीए ... फक्त फोटो टाकला आहे ....,neutral
आणि रमेश वांजळे गेले त्यांच्या जागी सुद्धा बर का.,neutral
"भाषण लिहून घेतले पण, ते करायचे कसे हे कळत नसेल?",angry
माघार घेण्याआधी किती कट कारस्थान केले ते ही तितकेच महत्त्वाचे.,angry
आता ह्यांच काय करायचं,neutral
लहानपणी नाही आत्ता तीन महिन्या पुर्वी,neutral
असे बरेचसे आहेत अजून...,neutral
"भाभा अणुसंशोधन केंद्र, मुंबई येथे विविध पदांच्या जागांसाठी भरती. अधिक माहितीसाठी पहा",neutral
"उपराष्ट्रपती धनखडांचा दिनक्रम तुमच्या-आमच्या सारखाच, ब्रेकफास्टला घेतात शिळी चपाती आणि दही",neutral
बाळासाहेब म्हणजे कोणते आणि त्यांची तुलना करत कोणा सोबत करत आहेत शिल्लक सैनिक,neutral
देवेंद्र म्हटलेत आधीच भाजप ही निवडणूक लढणार आहे,neutral
काही वर्षांपूर्वी सगळ्यात जास्त भारतीय विद्यार्थी शिक्षणासाठी यूकेलाच पहिली पसंती देत होते.,neutral
सुनंदा की सुनीता देवी काहीतरी विषय गाजला होता ना अमेठी चा. जाणकारांनी पका टाकावा,neutral
शरद पवारांना पण भाजपने सांगितलं का?,neutral
"वाढदिवसाच्या शुभेच्छा किती दिवस नंतरपर्यंत दिलेल्या चालतात, याचा जाणकारांनी खुलासा करावा.",neutral
आता मशालीत भरायला गॅस परवडतो का?,neutral
दोन पैसे व तीन पैशांची ही नाणी होती माझ्या आठवणीत.,happy
करदोडा म्हणुन तु वापरु शकते...,neutral
आम्ही काय पाकिस्तानी आहोत का रोहिणग्या..??,angry
तूच सांग का ओरडते ते,neutral
घाबरले का?,fear
निखिल वागळे यांच्या मागणीशी तुम्ही सहतम आहात का?,neutral
म्हणजे आता 'बाळासाहेबांच्या शिवसेनेला' हरवायचे असे म्हणणार का?,angry
वाघ उडून जातात का तुम्हाला जंगलात सोडले आहे भया...,fear
या दिवाळीत हे अॅप डाउनलोड करा आणि त्यातून अनेक आकर्षक बक्षिसे मिळवा.,happy
तु माझ्या आयुष्यातील ती व्यक्ती आहे जिला मी गमवायला खुप घाबरते.....,fear
"आमच्याकडे असे म्हणतात! दिवस एकेक माळ वाढवत जायची,या फुलांचीगोरटी प्रभात!",happy
मराठी भाषेत अलंकार असतात त्याचा वापर ही कळत नसेल,angry
त्या वेळी ते सत्ताधीश होते. तेव्हा ते योग्यच होतं.,neutral
तुले तं पाच पानी आमंत्रण पत्रिका पाठवली होती!,happy
हा पण काही धुतल्या तांदळाचा नाही....,angry
म्हणुन फॉर्म भरला होता का,neutral
देशाचे भावी सरन्यायाधीश म्हणून न्यायमूर्ती उदय लळीत यांच्या नावाची शिफारस !,happy
तुमच्यावाल्या सपोर्ट करून आम्हांला काय मिळणार आहे का,neutral
महापालिकेत आहेत बहुतेक,neutral
नवरात्रोत्सवानिमित्त मुख्यमंत्र्यांनी महिलांसाठी केली 'ही' महत्वाची घोषणा,neutral
हिच अपेक्षा होती... गावधी कडून,neutral
अर्थ...केला असेल आमच्या मालकांनी पूर्वी भ्रष्टाचार...दे की सोडून...असे म्हणतो आहे हा,angry
ते दांड्यान ढुं...... सुजल असेल बहुतेक म्हणून माघार का??,angry
किती केविलवाणा प्रयत्न चालू आहे पटवून देण्याचा,angry
बायकोचं नाही..त्यामुळे ह्यापैकी एकही नाही,neutral
शाश्वत विकास काय आहे हेच डॉ.जयंत परुळेकर यांना समजलेले नाही – विजय केनवडेकर,angry
"रक्तातील साखर नियंत्रित ठेवण्यासाठी या पिठाच्या चपात्यांचे सेवन करा, जाणून घ्या",neutral
प्रियंका गांधी आणी राहुल गांधी यांच्या वरील जबाबदाऱ्या कमी केल्यातर होईल,neutral
सरकारचे दिवाळे नाही दिवाळी होणार,happy
"राज्यघटनेच व परिशिष्ट एकदम स्पष्ट आहे, ""विलीनीकरण"" हा एकमेव डिफेन्स. - मा. न्यायमूर्ती चंद्रचूड.",happy
"तुम्ही आई बसली बोलू नका, पण मी माझा बाप बसलाय बोलणार",angry
ला राजयोग आहे का? बघतोच तुझ्याकडे प्रसन्न छु,happy
एका महिलेशी कसे वागलात? वयोव्रुध्दाशी कसे वागलात? विसरलात का?,angry
घर तेच पण गोशाळा समोर,neutral
सूचनेची नोंद घेण्यात आली आहे.,neutral
पाठवा त्या राणा जोडप्याला शिकायला कधी होणार पाठ काय माहित त्याची...,angry
म्हणजे नेमकं कोणाला कोणाला हिंदुत्व मान्य आहे ते सांगता का,neutral
सप्टेंबर रोजी राजीनामा दिलेलं आहे ऋतुजा लटके ह्यांनी,neutral
वर्धा आणि गडचिरोली जिल्हयात अतिवृष्टीमुळे झालेल्या नुकसानीची आज केंद्रीय पथकानं केली पाहणी.,neutral
त्यांच्यांतल्या सुप्त भावनांचा आदर करण्याचा प्रामाणिक प्रयत्न म्हणुन घ्याव्या अन् द्याव्यात ही.....,happy
तुम्हाला पाहिजे का थोडेसे पार्ट टाईम करणारा घरगडी,neutral
हे दादा चाचूसारखे दिसत आहेत मला,neutral
रुपयांपेक्षा कमी किंमतीत खरेदी करा फोन; मिळेल दिवसांचा बॅटरी बॅकअप,neutral
"नक्की कुठे आहे ते बघावे लागेल, हा फोटो वरील एका पोस्ट मधून घेतलाय",neutral
हे फक्त देवेंद्र साहेबच करू शकता.!,happy
हे विशी मडगांवचे नगराध्यक्ष घनश्याम शिरोडकार हांणी याचिका दाखल केल्ली.,neutral
बऱ्याचदा.... पण त्या जखमा सुगंधी होत्या...,sad
तो अमीत का कोण तुम्हाला सांगून गेला आहे का?,neutral
यांच्या भाऊबंदामुळे तर होत नसेल ना,neutral
आदल्या दिवशी कोणी काही ही खाऊ शकत..,neutral
डॉ. व मोलाचे मार्गदर्शन ही मिळाले...,happy
वय वर्ष झाल्यावर आठवलं हे साहेबांना,neutral
कोण आहे ही?,neutral
अर्थात.. हे त्यांना कळलं असतं तर काय पाहिजे होतं..,neutral
जालन्याचे पालकमंत्री अतुल सावे अंबड तालुक्यातील पाहणी दौऱ्यात सजवलेल्या बैलगाडीतून बांधावर गेले होते.,neutral
निवडणूक आयोगाने अजून लटके यांना विजयी घोषित केलेले नाही. भक्तांची अजून हि आशा कायम!,neutral
अहसान फरामोश सिर्फ इन्सान होता है..कामापुरता मामा..निसर्ग आपल्या सोयीनुसार वागायला काय घरगडी आहे..ठेविले अनंते...,angry
कोणी शी पुसायला पण वापरणार नाही...लेख...म्हणे..संडास सांभाळ नीट,angry
उषःकाल म्हणजे पहाट.. मग पहाट झाल्यावर मशाल का पेटवायची.,neutral
"मला तर उत्सुकता आहे की, कोणत्या अभिनेत्याला परत करतील मुख्य भूमिकेसाठी",happy
ऍड. आशिष शेलार साहेब तुमचे सांत्वनपर शब्द बाहेर पडतील का?,neutral
पण कोणते,neutral
हा प्रश्न मला आहे कि प्रवीण दादा ला?,neutral
देशाचे आगामी सरन्यायाधीश म्हणून न्यायमूर्ती उदय लळित यांच्या नावाची शिफारस,happy
"अजूनही कारण नीच्छित करता येत नाही, हे सतरावे कारण",neutral
नव्या भारताची दिमाखदार ओळख: वंदे भारत!,happy
हे कशाचे तारे तोडतात ?,neutral
ते ते काळ मस्त होता काय कळतच नव्हते,happy
धडधडती मशाल हाती घेऊन आता महाराष्ट्र उभा करायचा आहे,happy
आता कोथडा बाहेर निघणार,neutral
कॅम्प मध्ये कुठे आहे हे ?,neutral
मराठी मीडिया काय कमी नाहीये,neutral
मी आज घेतलेल्या मीटिंगमध्ये महिला आणि पुरुष होते.,neutral
ही आहे आमची निशाणी.. .,happy
देशाचे सरन्यायाधीश म्हणून चंद्रचूड यांची कारकीर्द का महत्वाची? जाणून घ्या,happy
"धन्वंतरी दिवस आणि आयुर्वेदाचे महत्त्व, जाणून घ्या का साजरी केली जाते धनत्रयोदशी",neutral
बाळासाहेब पण भरपूर आहे दांडा बाई पण ठाकरे एकच आहे,happy
"विजयाचा संकल्प अंधेरीकरांनीच केला आहे, ही भावना जन-जनात पाहताना मन भरून येतं.",happy
महाराष्ट्राच्या विकासाचे काम करत असल्यामुळे हा पाठिंबा मिळणं स्वाभाविक आहे....,happy
तुमच कस होणार याचे काळजी लागली आहे घड्याळ हातावर (!) बसणार की नष्ट होणार,fear
हा व्हिडिओ क्लिप हिंगणे खुर्द मधील आहे आणि तिला आता एक वर्ष झालं,neutral
त्याना अशी कर्माची फळ लवकर भेटावीत..,angry
"तीच सहनुभूती पासून होती आम्हाला पण, जेव्हा सेना सोडली होती",sad
त्यांच हिदुत्त्व धोक्यात आलेल आहे त्यामुळे .....,fear
तरी पण कोर्टाने तिचा राजीनामा मान्य करून तसं लेखी कळवायला सांगितलं आहे,neutral
हो का साहेब जनतेला कळत नाही,angry
कोणत्या सालातली आहे ही जाहिरात?,neutral
"भाजपा अंधेरी पोटनिवडणूक लढवणार का? मध्यरात्री नेत्यांची खलबतं, बैठकीत काय ठरलं?",neutral
म्हणजे शेळ्यांची जबाबदारी लांडगा करतोय म्हणे.,angry
कधी आंदोलन केलं होतं का ?,neutral
ला कोणाला मतदान करायचं हे मात्र जनता ठरवणार अध्यक्ष महोदय.,neutral
ट्रान्सजेंडर्सचे मोफत सेक्स चेंज करणार राजस्थान सरकार:असे करणारे पहिले राज्य,happy
पहिले मराठी शुद्धलेखन शिकुन ये मग समजवतो तुला कंपन्या असे लिहीतात,angry
त्या सहा मध्ये कोणा कोणाला मंत्रिपद आहे सांगाल का सर,neutral
अडानचोट लोकांना एडिटिंगही निट करता येत नाही हे ओरिजनल आहे सरकारनामाचं...,angry
"*कृपया या पोस्टचा अधिक प्रसार व्हावा, ही अपेक्षा*",neutral
तुझा मालक भेटायला गेला होता एकदा...,neutral
"भाजप ला मत देण्यापेक्षा चालेल ते, असे वाटते आम्हाला.",angry
"‘ढाल-तलवार’ चिन्ह मिळाल्यावर उदय सामंताची प्रतिक्रिया; म्हणाले, “अंधेरी पोटनिवडणुकीनंतर धनुष्यबाण…”",neutral
तु तर होता...आज गांधी कुटीत...आताही आहे का सेवाग्रामात..,neutral
खर तर रेल्वे स्टेशन वर झोपायला व्यवस्था करायला हरकत नाही..,neutral
दांडे नाही दांडा,neutral
हे कोनत्या रिंग चे आहेत,neutral
"आपली तक्रार वरिष्ठ पोलीस निरीक्षक,वर्तकनगर पोलीस ठाणे यांना आवश्यक कारवाईसाठी कळविली आहे.",neutral
"सगळ..ईडी ,यांच्या.।घरचे पाणी भरते असे नाही का वाटत...",angry
खऱ्या प्रेमाची किंमत ही ज्याने केले त्यालाच कळते.,sad
मग भारतातील सध्याच्या हुकूमशाही मधे दुसऱ्या पक्षांना मत द्यायला हरकत आहे का तुमची?,angry
आजच्या कॅबिनेटमध्ये करून आमची दिवाळी गोड करणार का?,happy
"क्षेत्रात जबरदस्त पैसा आहे. तुमची परिश्रम घेण्याची तयारी आहे का, ते पहा.",neutral
सायच्या कार्तिक स्नान सुरू आहे आता सक्काळी आंघोळ करतं असतो मी,neutral
मागील अडीच वर्षे कुणाकडे मदत मागितली होती.,neutral
ही मोठी खेळी आहे कारण ठाकरे चा विजय कुठल्याही विरोधी पक्षाला परवडणार नाही.,happy
"""सत्तेच्या खुर्चीवर तुमच्यापैकी असेल, मी स्वत: दुसऱ्याच्या खुर्चीवर बसणार नाही""",happy
"ह्यात ""मराठी रोजगार "" ही येतो का?",neutral
हे देश धर्म सर्वोपरि असल्याचे प्रतिक आहे.,happy
राहुल देशपांडेला कार्यक्रमाचे ठरलेले पैसे मिळाले झालं काम,neutral
डायबेटिज आहे? नवरात्रीमध्ये उपवास करताना 'ही' काळजी घ्याच,neutral
हिंदी का बरं वापरत आहेत तुम्ही ???,angry
"“महाराष्ट्राच्या भविष्यासाठी, सर्व ठाकरेंनी, आता तरी एकत्र यायला हवं”",happy
आपल्याकडे जे आहे ते खुप आहे. म्हणून जगता आलं की नाही त्याच दुःख होत नसतं....!,sad
व यांच्या चढाओढीत ने आपले नुकसान करुन घेऊ नये,neutral
म्हणजे तो श्रेय घेण्यासाठी लेटर होता का....,neutral
तुम्ही सांगितलेल्या गोष्टींनाच दंत कथा म्हणतात का,neutral
आपण महाराष्ट्रातील जनतेला पत्र लिहिले आहे का राऊत साहेब?,neutral
मतदानातून दिसेलच असे काही नाही...,neutral
"राज्यातल्या सत्तांतराची गोष्ट... मुख्यमंत्र्यांच्या तोंडून, वाचा काय आहे बातमी,",neutral
मला पहिल्यांदा यांचे अकाउंट आहे असे वाटत होतं....,neutral
त्यातला एक खाली पडला। पेकी लिहायचे होते,neutral
गुन्हे दाखल करणे यांचं काम आहे रोज नवीन नवीन गुन्हे दाखल करणार,neutral
बरोबर आहे हे सगळे भाजप समर्थक आहेत.,neutral
आज अस म्हणाल व उद्या न्याय व्यवस्था दावणीला बांधली गेली आहे,sad
राजकिय संस्कृती ही फक्त सोय आहेनायतर हे महाभारत घडलंच नसतं,neutral
पण हा का बाहेर येईल?,neutral
"त्यांना सिडको अध्यक्षपदाचे गाजर दिले आहे, अशी बातमी आहे ठाण्यात.",neutral
"मैत्री म्हणजे, माणसाने कुटुंबापलिकडं बनविलेलं पहिलं आणि एकमेव नातं ...",happy
म्हणून तर मुख्यमंत्री झाला.....,neutral
मग काय तुला विचारायचे का?,neutral
मराठा आरक्षण मंत्रिमंडळ उपसमितीच्या दुसऱ्या बैठकीत झाले हे महत्त्वाचे निर्णय,neutral
इतिहास वाचावा लागेल अभ्यास करून घे,neutral
बामण जवा भंग्याची काम करायला चालू करतीन तवा,angry
राहूल देशपांडे कमलीचे पैसे घेऊन गाणार होता ना?,neutral
तू ही व्हिडिओ बघ आधी,neutral
आता काही दिवस हे निर्बंध लॉकडाउन सारख पाळलं जाणार आहे म्हणून जपून रहा.,fear
लागू असतांना कमी होता का,neutral
नाही...वादळ आपल्या पसंद ने सगळं घेत असत... आम्ही त्यात पडत नाही...,neutral
भविष्यात अशीच वेळ येऊ शकते....... म्हणून कदाचित ही तयारी चालू आहे अत्ता पासून...,fear
"अर्धा मिळेल, कारण हे खेळण आहे",neutral
इतकं दिवस सत्ता कुणाची होती दादा,neutral
काय सांगू यांचा बद्दल बाळासाहेबांचे शिवसैनिक आहे हे,happy
श्रीक्षेत्र माळेगाव यात्रा परिसरातील हालचालीवर ड्रोन कॅमेऱ्याची नजर ./?= …,neutral
कोरोना काळात सामना नफ्यात होता जेव्हा बाकीचे न्यूज पेपर ठप्प होते..ते कसं काय...,happy
मला माहिती आहे,neutral
बाळ अनिकेत चुका सांगितल्या की नाहीस का हे बरोबर आहे,neutral
जसे कोविड काळात म्हणून किताब दिला होता कोणाला तरी!,neutral
त्याले थोडस घासून बघता का सोन्याचा असन भौतेक जून ते सोन,neutral
बघ मी सुरू करून अर्ध्या तासात झोपले..,neutral
काय हे कसले फोटो दाखवतात,neutral
कोजागिरी पौर्णिमा,neutral
"अश्या सर्व बातम्या त्वरित साहेब यांच्यापर्यंत पोहोचवत चला, लगेच निर्णय होत राहतील.",neutral
"इतिहास साक्षी आहे, खवळलेल्या समुद्राचा आणि शांत दिसणाऱ्या माणसाचा, कधीच नाद करू नये..!!",fear
फैजलला हा कंटेंट ने दिलेला तेव्हा.,neutral
"घालून घे गार गार वाटेल , तसं पण मशालीने तुझी झिलगर्ली असेलच",neutral
बाळासाहेब ठाकरे हा बाप आहे. केशव,happy
अरे भाजप मध्ये तर निवडणूक देखील होत नाही त्याबद्दल बोल,angry
सर्व भाविक भक्तांनी याचा लाभ घ्यावा ही नम्र विनंती !,neutral
तो आता असंच बोलणार... चुकीच्या ने घेतली की होत असं,angry
मराठी युवकांना सबळ करायचे पण आम्हीच मग यांना काय फक्त मतं द्यायची का?,neutral
कारण हातात ब्रेसलेत होत,neutral
कोल्हासुरी विचारांचा पराभव समजावा का..आई प्रत्येकाची...ना पैसेवाल्यांची...,neutral
"हा पर्याय होता की नाही, तुमच्या लोकशाहीमध्ये??",neutral
"नाशिकच्या दरेवाडीच्या विद्यार्थ्यांच्या आंदोलनानंतर शाळा पुन्हा सुरु होणार, इतर कमी पटसंख्येच्या शाळांचं काय?",neutral
आशिष शेलार यांनी नुकताच मुंबई क्रिकेट संघटनेच्या अध्यक्षपदासाठी अर्ज दाखल केला होता,neutral
तुम्ही आपल्या अर्थमंत्रांच्या मताशी सहमत आहेत का?,neutral
याने तर आज जुलै चा दिवस आठवण करून दिला आहे,neutral
"घटस्थापनेच्या दिवशी मी बोकडाचे मटण खाल्ले, माझ्यावर देवीचा कोप होईल का ?",fear
ले.जनरल अनिल चव्हाण देशाचे नवीन होणार,neutral
मजेत आला आहेस तर दिवाळी नंतरच जा,neutral
आश्चर्यकारक बातम्या तुम्हाला पुन्हा पुन्हा ऐकायला मिळणार नाहीत म्हणून तुम्ही हे पहावे,happy
पण तुमच्याकडे इमान नाही.,angry
ह्याने तिकिटासाठी पैसे दिले होते वाटत पटेल ला की निवडून आलो की पैसा डबल,angry
ह्यावर काही शासन निर्णय आला का? तसेच आजच्या मंत्रीमंडळात ह्यावर काही चर्चा झाली का?,neutral
मुबंई आणि महाराष्ट्राच्या राजकारणात बाळ ठाकरेंचे स्थान ध्रुव तार्यासारखे अढळ आहे .,happy
"होतील, हे पाकने कायम लक्षात ठेवावे !",angry
पोलीस भरती कधी घेणार पहिले ते सांगा आधी ला घेणार आहे भरती,neutral
तुझी आई ट्विटरवर आहे का?,neutral
फडणवीसांना राज ठाकरेंचे पत्र : अंधेरी पोटनिवडणूकीत ऋतुजा लटके आमदार होतील हे पहावे,neutral
आपल्या कुटुंबप्रमुखा सोबत यांचे नॆत्रृत्वा खाली संपूर्ण मुंबईकर उभे राहणार मंजे राहणरच.,happy
या ट्विट खाली हे ट्विट दिसलं!,neutral
* * *घुग्गुस शहरात आला मगर* *वनविभागाने केले रेस्क्यू*,happy
जुना पटनाईक नाही का,neutral
हा तुझ्या बापा च्या जागी माझ नाव नक्की लावल,angry
भारत तोडो यात्रा महाराष्ट्रात दिवस आहे,neutral
मानापमानाच्या पुढे म्हणजे उपकार का,neutral
"आपल्याला मिळते पण, कोणाची हे नाय सांगितल!",neutral
"तुमका स्पेशल आसात, आमचा हा",neutral
त्या जनतेत आम्ही नाही,neutral
एक वर्तुळ पूर्ण,neutral
सर्वोच्च न्यायालयाने आज तीन गोष्टींवर निर्णय देणे अपेक्षित होते – उल्हास बापट- घटनातज्ज्ञ,neutral
पवन माधव भंडारी हा नैराश मधुन बोलतो,sad
"व्वा! हा व्हिडीओ बघा, एवढीशी पोरं, कसं जमतं? व्हायरल व्हिडीओ",happy
धर्माच्या दलालांनो प्रेमास जात नसते.. उत्कर्ष शिंदे गाणं आहे ऐका,happy
सर्कस चालू झाल्यावर जोकर नको का बाहेर काढायला,angry
याने तर ट्वीट सेव करायला सांगितले होते.,neutral
जावईशोध लावणे असा एक वाक्प्रचार आहे मराठीत.,neutral
हे हाल आहेत खांग्रेसी सोणिया शेणकेंचे,angry
ढाल तलवारीला असा काही प्रॉब्लेम येणार नाही..,neutral
विचार सारखेच आहेत...,neutral
ते पण असू शकेल...यु क्नो हीम बेटर...,neutral
ते अनुराग ठाकूर आणि ज्योतिरादित्य सिंधिया नाही आहेत ना महाराष्ट्रात.,neutral
एक फडफडाता गाना..,neutral
यांना भेटणार का?,neutral
मशाल निवडून येणार हे कळल्यावर आत्म्याला शांती वैगरे आठवलं असावं,angry
आता पक्ष आणि चिन्ह भेटल असेल तर शेतकर्यांचा विचार करा आणि त्यांना मदत करा,neutral
आपण एक काम करू,neutral
हा पण का....??,neutral
"सत्य वचन, परखड आणि स्पष्ट",happy
फक्त ठाकरे परिवार वाचवण्याची धडपड बाकी काही नाही,angry
मा.बाळासाहेबांचं पोरग आहे म्हण हे,happy
ज्या लोकांना घेतले जाईल त्यांची यादी पण प्रकाशीत व्हावी ही विनंती,neutral
ह्या निवडणुका महा विकास आघाडी करून लढले होते का?,neutral
लायकी आहे का ?,angry
नातेवाईकांना सांगतो फोटो पाठवायला आला की.मी ठाण्यात आहे.,neutral
निवडूनुकीच्या तोंडावर का भारत पाकिस्तान मुदद्दे येतात ओ.,angry
आणि बाकीच्या देशांनी सुद्धा इन्फलेशन महागाई कन्ट्रोल करण्यासाठी त्यांचा रेपो रेट वाढवलाय का,neutral
भाजप च्यां संगती चा असर. भाजप हा गुजराती पक्ष आहे,angry
राजकारण्यांबरोबर काही पत्रकारांची देखील चौकशी केली पाहीजे नाही का ??,angry
"ते आहे आधीच लावलेल, दर पावसाळ्यात काही नवीन झाडे लावत असतो",neutral
प्रत्येकाने असा विचार केला तर...........??,neutral
मी नवीन मोबाईल घेतल्यामुळे,neutral
प्रत्येकाला असा अनुभव येतोच,neutral
पंचनामे कधी होणार तारीख द्या तलाठ्यांना,neutral
हे काय आहे फोटो,neutral
माझी आयडी आहे,neutral
वजन पाहुन पालकमंत्री पदाची वाटपाचा हा कुठला नवीन फाँर्मुला जनतेला कळावे..? ..,angry
तेवढी अकाऊंट डिलिट करून झालीत माझी आणि आणि त्या पेक्षा जास्त पण आहेत,neutral
आता तर अंघोळही पावसातच होत आहे..,neutral
"""वृक्शरोपण"" ही ""वृक्शतोडीच्या"" कित्येक पटीने जास्त करता येईल. त्यामुळे पर्यावरणाचीही हानी होणार नाही.",neutral
धुलाई चालू आहे नोयडा के चरणचुंबको का...,angry
दुर्दैव ... बाळासाहेबांना प्रत्यक्ष-अप्रत्यक्षपणे कमी लेखण्याचा प्रयत्न ...,angry
हे खरंच आमदार आहेत का?,angry
दलित व बंडखोर साहित्य अण्णा भाऊ शिवाय पुर्ण होऊच शकत नाही हे नक्की,happy
"पण भाजपा ने लढू दिले तर?नाहीतर नुसते कागदी, तात्पुरते.",angry
दोघांनाही बरोबर बसता यावं पुन्हा संशय नको आतमध्ये जाऊन फोन वर चर्चा केली!!!?,angry
जय महाराष्ट्र.... सारा महाराष्ट्र पिंजून काढायचा आहे,happy
तस काही नाही हा कळसूत्री बाहुली आहे...,angry
मुंबई महापालिका प्रभाग रचनेत हस्तक्षेपास सर्वोच्च न्यायालयाचा नकार; याचिकाकर्त्यांना दिला ‘हा’ आदेश,neutral
- प्रेमाने आणि आपुलकीने स्नान करा. हे सर्व वाचतो आहे!,neutral
ते चार शब्द: येवा कोकण आपलंच असा.,neutral
पानिपतच्या राणांगणातून सदाशिवराव पेशवा पळून गेला होता हे खरं आहे का??,happy
मला पण कर फोन,neutral
अग बाई बाळासाहेब लाखांनी आहेत पण ठाकरे मात्र एकच,happy
हे सरता संपत नाही चांदणे तुझ्या स्मरणाचे -- ग्रेस,sad
इथे बिनविरोध होते,neutral
आणी मोहन भगवत ला मजीतीत जाऊन नमाज पडणे स्वाभाविक आहे,angry
अतु आणि तुमचा पण शिंदे साहेबांवर पुतणा मावशीच प्रेम आहे...,angry
"जगातील सर्वात सुंदर महिलांमध्ये आली दीपिका, अशी आहे परफेक्ट फेस निवडण्याची प्रक्रिया",neutral
पाऊस छान पडतोय पण अवकाळी भासतोय...,sad
तुम्ही वाचावे सर्व अशी इच्छा असेल त्यांची..,neutral
बीड मध्ये पण पाळायला हवी होती !,neutral
अरे काय राव...तुला बहीण आहे का रे??,angry
मी म्हटलं च रस्त्यावर एवढा धुरुळा कसं आला..स्वागत.,neutral
"लहानपणी ट्राय केली होती, आता कोण पकडणारेच नाहीत",neutral
या सदस्यांनी घटनास्थळावर असलेल्या अपघातग्रस्त बसची बारकाईने पाहणी करून निरीक्षणे नोंदवून घेतली.,neutral
| विक्रम साराभाई अंतराळ केंद्र यांच्यामार्फत नोकरीची संधी! जाणून घ्या सविस्तर,neutral
भाऊ..कधी भेटले नाही..,neutral
आमच्याकडे पण बालासाहेब आहेत पण ठाकरे एकच आहेत.,happy
"बुधवार आणि चैत्र पौर्णिमा, जाणून घ्या आजचं पंचांग ..//…",neutral
या महान आणि आश्चर्यकारक बातम्या जाणून घेण्यास चुकवू नका,happy
मला नाय देत कोण आणि मी घेत पण नाही नको असेल तर,neutral
विषय तुला माहिती नाही अगोदर तो माहिती करून घे विशाल,angry
अरु थाहा भएन! हौर चै सांच्चै राम्री हो! धरोधर्म!,neutral
यांनी पण घ्यावी का?,neutral
तात्काळ कारवाई करा लहान मुलांचे जीव धोक्यात घालू नका शाळेसमोर असा प्रकार आहे,fear
खाजगी वाहतुकदारांनी निर्धारीत करण्यात आलेल्या दरापेक्षा अधिक दर आकारल्यास मोटार वाहन कायद्यान्वये होणार कारवाई,neutral
म्हणून तुम्हाला यायला सांगितले अजून काय पाहिजे न्यायमूर्ती मोडक!,angry
ही आमची अक्कल...भक्त प्रजाती,angry
तो टिल्लू कुठे दिसतं नाही,neutral
"तुमचा नंबर दिलाय, आधार कार्ड मागत होती.. एक येईल तुमच्या नंबर वर..",neutral
तो सांगू शकतो का स्वतः ला वाला,angry
तुमची हिंदी ही देवनागरी उर्दू आहे.,neutral
आदित्य कोण आहे रे,neutral
बर सांग ते अरे कडी लावून कोण लपल होत,neutral
अंधेरीची मशाल आता पूर्ण महाराष्ट्रात पेटणार. सत्यमेव जयते.,happy
"सहमत, आमच्या कडून काही चुकत असल की तू नेहमीच आम्हाला टोकत असतो.",happy
म्हणजे बीजेपी ने असेच सगळ्या जागा सोडून द्यायला पाहिजे..,angry
स्वागत करेंगे...नो शक.. षंढ गोडसेच्या भक्तांनी सांगण्याचं कारण नाही...,angry
अरे माझ्या घरा जवळ आहे हा प्रकार,neutral
"अनेक वेळा झालंय अस, गूगल पे कमी नाही आल तर फोन पे नेहमी वाचवतो",neutral
फटाके न फोडता सुरसुरी पेटवल्या तर चालतील का ?,neutral
याच घटनेचं स्मरण करायला माझा कुत्रा पण आज पावसात भिजून जोरदार भुंकला....,happy
आता सर्वे गुन्हे बाहेर येणार देवेंद्रफडणवीस सरकारचा मोठा निर्णय!,happy
असा ना तसा पटेल अर्ज बाद होणारच होता,neutral
सर पुणे ते औरगाबाद चे कधी होणार काम सुरू,neutral
असा एकच माणूस आहे असं आम्ही ऐकून आहोत.,neutral
तीन वन डे सामन्यांच्या मालिकेतील निर्णायक लढतीत हिंदुस्थाच्या यंग ब्रिगेडने आफ्रिकेची दाणादाण उडवली.,happy
हा तर जनतेचा टेलर होता पिच्चर बाकी आहे,happy
हे कितवं खातं,neutral
निवडणुका बिनविरोध करणे लोकशाहीला मान्य आहे का?,neutral
बघ तुला काय म्हणतोय हा....,neutral
मामीने कधी घरीत झाडू मारला होता का?,neutral
बीसीसीआई च्या घटनेत अशी काही तरतूद नाही.,neutral
नाव तर अजित आहे पण रोहित सुद्धा असू शकत,neutral
भाई हा घ्या पाकीस्तान चा हंगर इंडेक्स,angry
नाशिक बस आग अपघात- डीएनए टेस्टमुळे पटली तीन मृतांची ओळख; मृतदेह नातेवाईकांकडे सुपूर्द,sad
काका इथे पण भावीच का,neutral
च्या या सरळसेवा परीक्षा ( ) ऑनलाईन पद्धतीने होणार,neutral
सूर्याचं कमी होते,neutral
निवडणुक आयोग हे केंद्राच्या अखत्यारीत येत त्यामुळे निकालही त्यांच्याच बाजुने देणार,angry
आजची सुनावणी होण्याआधीच सुनावणीत काय होणार? याबाबत उज्ज्वल निकम यांनी केले वक्तव्य- -,neutral
पहिला मजला ऐश्र्वर माहिती होती,neutral
"देशाच्या अर्थमंत्र्यांनी ""वांग्याचं"" ऑडिट केलं तर?....अशी शंका आली असावी.",happy
"लोकांना आजची सुनावणी झाली की कळेल, का शिंदे मुख्यमंत्री झाले आणि फडणवीस उपमुख्यमंत्री !!",happy
सोलापूर महानगरपालिका मध्ये या रिक्त पदांसाठी होणार थेट मुलाखती ===================,neutral
सेल्फी नाही काढली का?,neutral
तीच ढाल आणि तलवार भारी पडणार आहे पुरून उरणार आहे येवढं असूद्या लक्षात,happy
आता तरी कुठ स्थिर आहेत हे इकडून तिकड लवंडतच आहेत.,neutral
फोटो एकत्र असेल तर जावई शोध लावन गरजेच आहे का..?,neutral
निवडणूक आयोगाने शिंदे टोळीला बाळासाहेब ठाकरे यांचा फोटो वापरण्याची परवानगी दिली आहे काय?,neutral
सर तुम्ही वरिष्ठ महाविद्यालयाच्या शिक्षक भरती चा पण मुद्दा घ्यावा ही विनंती,neutral
लाखो करोडोंच्या श्रीमंतीत नाही तर.... माणुसकी आजही शून्यातून जन्म घेते..!!,happy
दहशतवादाशी लढणे ही संयुक्त राष्ट्र संघाची प्राथमिकता – सरचिटणीस एच.ई.अँटोनियो गुटेरेस,neutral
भाऊ तुला पर्सनल मेसेज कसा करू? एक गोष्ट विचारायची होती. बघ जमलं तर सांग,neutral
त्याला नाही समजणार हे सर्व..,neutral
तार स्वरातील समर्थन आणि विरोधाच्या कोलाहलात मनाच्या गाभाऱ्यातला आवाज ऐकू येतो का?,neutral
अंडी खाल्ली की पोट दुखते त्या वर काही उपाय आहे का??,neutral
: केरे यांनी आंदोलनाच्या नावाखाली पैसे घेतल्याची पोस्ट सोशल मिडीयावर फिरत होती.,angry
बाळा साहेब हे पण बोलले होते सोनिया गांधी यांच्यासमोर स्थिर होते,neutral
कृत्रिम का असेना आमच्याकडे सुद्धा समुद्र आहे. : पुणेकर.,happy
मोदीजींच्या फोटोची बॅग नाही का राशन किटला?,neutral
खतपाणी घालणारी आपलीच काही हिंदू लोकं आहेत,angry
बाई तुमच्या काळात बघा काय चाललं आहे ते,neutral
एक अजून भावी पंतप्रधान मिळाला आणि लोक बेष्ट शीएमला विसरले...,neutral
बस काय घरी होत असते का भक्ता ?,neutral
सांगायची गरज आहे का खरंच?,neutral
कृपया यांच्या मानधनात वाढ करावी ही नम्र विनंती,happy
वरचे लाईक्स आणि व्ह्यूज लपवता येणार; काय आहे ही ट्रिक लगेच जाणून घ्या,neutral
नानाची मुलगी विवेकसारखी दिसते का हो ?विवेकवादी काळ नागपूरात होता म्हणुन वाटले.,neutral
दादांना टॅग का नाही केले आण्णा?,neutral
दोन्ही पैकी नाही...त्यांनी बाळासाहेब थोरात निवडलाय....,neutral
हे आता जागे झालेत.,happy
सर चाचूला खरचं गुरूची गरज आहे का.....??,neutral
निरज चोप्रा,neutral
ती मराठीच आहे ना,neutral
अनाथ मुलांच्या शिक्षणासाठी पण यात तरतूद करण्यात यावी ही विनंती.,happy
बिहारचे नितिश कुमार आणि महाराष्ट्राचे शरद पवार यांच्यात बरेच साम्य आहे.,neutral
त्यांना त्यासाठी भत्ता पण दिला जातो,neutral
घेतलं होतं....पण कार्ट लयच चं निघालं साहेब,neutral
सहा लाखात भेटत आसेल तर मी ही घेणार. भरून.,neutral
अंधेरी पोटनिवडणुकीत भाजपनं माघार का घेतली? बावनकुळे म्हणाले...,neutral
"च्या आहेत, आणू का?",neutral
देशाचा सगळ्यात महत्वाचा मुद्दा आहे,neutral
अमेरिकाचे पंतप्रधान होणार आहे,happy
ला चार्जिंग फुल करून ठेवा मोलाचा सल्ला हर्सू मेम,neutral
पोळ्या आणि पातेले भरून तूप सोडत नाहीत तर हे खाती कशी सोडतील अध्यक्ष महोदय,angry
"ही वेळ तशी नाही, एकत्र येणं जास्तीत जास्त आवश्यक आहे...",neutral
अण्णा हजारे कोठे त्यांच्या पेक्षा वेगळे आहेत.,neutral
आरे जगाला माहित आहे तू ज्युनिअर गोडसे आहे म्हणून...!!,angry
हा काय प्रकार आहे.,neutral
अयोध्या हयांचा हैक झाला आहे व्हाट्सप्प द्वारे त्यांनी ही माहिती दिली आहे.,neutral
आम्हाला तर फक्त वसंत मोरे दिसलें. बाकीचे पदाधिकारी कुठे होते?,neutral
हिंदी बिग बॉस मध्ये ताजिकिस्तानचा गायक सहभागी होणार?,neutral
बोलावणं पाठवा आणि आल्यावर विमानातून उतरवा,neutral
": देव दर्शनाबरोबरच ‘हे’ देखील महत्वाचेच, एकनाथ खडसेंचा एकनाथ शिंदेंना ‘तो’ सल्ला काय?",neutral
चंपाच्या मनोरंजनानंतर आता गंप्या ( म्हैसतोंडंया),neutral
"रुपया गडगडत नसून, डॉलर वधारतोय असे विधान करणाऱ्या अर्थमंत्र्यांना भाजपनेच घरचा आहेर दिलाय.",angry
हे असे विनोद व्हॉट्सअँप वर येतात की आली लहर आणि केला कहर,neutral
कोणत्या चिन्हावर जिंकला? पळून जाणारी कमळाबाई का?,angry
देवेन्द्रजींच्या शासनात देशविरोधी शक्तींना माफी नाही!,angry
साहेब लांजा राजापूर मधील सरकारी ग्रामीण हॉस्पिटल मध्ये ही लक्ष द्यावे,neutral
"जेव्हा ते अंथरुणावर असतात संघटित, चला तिचे कपडे फोल्ड करूया, हा. ,",neutral
महापालिका संस्थगित झालेली आहे. प्रशासक आहे.,neutral
"तुम्ही असं कोणते गाणे ऐकले आहे, जे तुमच्या चालू आयुष्याशी संबंधित आहे.",neutral
"शिक्षण हेच विज्ञान, प्रगती अन परिवर्तनाचे एकमेव साधन आहे. - महाराजा सयाजीराव गायकवाड",neutral
सॉफ्ट ड्रिंकमुळे तुमची मुलं आक्रमक होत आहेत?; जाणून घ्या कनेक्शन,neutral
शेवटी परमबीर तुमचाच होता व आहे ना?,neutral
नववर्षानिम्मित शान यांचे गाण्यातून ‘नो स्मोकिंग’चे आवाहन ./---…,neutral
हो करायचं आहे तू आहेस का तयार का आवनी,neutral
या आठवड्यात कोण बाहेर जाणार?,neutral
ह्यांच्या दवाखान्याचा पत्ता मिळेल का दादा..एक मित्राला गरज आहे,neutral
कमळीचा च्या विधानसभा आणि लोकसभा निवडणुकीत सफाया होणार आहे,neutral
हा मनसेचा नारायण राणे होणार ....,neutral
मी ही पोस्ट वर वाचली....,neutral
- पोर आहेत... बाकीचे तुमचे लोक आहेत एवढ्यावर आला आहे आता तुम्ही,neutral
एकदाच लाभ घेता येणार आहे. ही सुविधा साध्या आणि एसी बसकरिताही लागू आहे.,neutral
काही वेळेस आपल्या स्वतःचा अहंकारही आपल्या सर्वनाशाला कारणीभूत असतो असे थोरामोठ्यांनी सांगितलेले आहे.,neutral
साहेब सैन्यात होते.. जिथे जात बघितली जात नाही,happy
करतो दिया हे,neutral
महात्मा गांधी यांनी असेच नेहरुला पंत प्रधान केले होते,happy
विश्वचषकात आतापर्यंत फक्त एकाच ‘या’ भारतीय फलंदाजाने झळकावले आहे शतक,happy
तुमच्यावरच विश्वास नाही बोलता एक करता एक.,angry
कंगना रनावत आणि विक्रम गोखले च चांगले सांगू शकतील.,neutral
मी तर जोक्स वाचून करमणूक करण्यासाठीच करतोय.. बिन काही नाही हा,neutral
"मी मुख्यमंत्री झालो, हा ‘यांचा’ आशीर्वाद!",happy
भाई मायलेज साठी इलेक्ट्रिक बाईक घे... पण मागे कोणीतरी पाहिजेच.,neutral
काही मतदारांनी राहुल गांधीचे नाव दिले. त्यामुळे ते मत बाद झालेः मधूसुदन मिस्त्री,neutral
हिमालयातील सेवाभारतीचे सेवाकार्य पर्वतीय भागात पर्यटनासाठी... ./__…,neutral
जसे गांधी हत्येनंतर मिळाले होते तसेच ना ?,sad
कशाला हे,neutral
आपल्याकडे फराळ असतो भावा हिला चालायचा का,neutral
यावेळी दुधसंघाचे उपाध्यक्ष स्व. जगन्नाथ पाटील यांच्या द्वितीय पुण्यतिथीनिमित्त स्मारकास पुष्पहार अर्पण करून अभिवादन केले.,happy
"असं नाही. तिच्यापेक्षा भारी साडी, पण कमी किमतीत.",neutral
आज भक्तांना च्या कामाला आहे.,neutral
जर विदर्भ वेगळा केला तर देवेंद्रजी महाराष्टाचे प्रतिनिधित्व करुच शकणार नाहीत,neutral
. श्री माद्भागावाद गीता असे वर आर्टिकल आहेत त्यात.,neutral
राजीनामा द्या आणि या निवडणुकीला सामोरे,neutral
"ला पक्ष नाही, आणि पक्षाला नाव कोणत्या बाळासाहेबांचे हेही माहिती नाही....",neutral
पुन्हा कुठ ठिणगी नको पडायला म्हणून आधी त्यांना म्हणव लागत भाऊ...,neutral
खेकड़े पकडण्याचा कार्यक्रम ठेवला आहे का????,neutral
त्यामुळेच ही तुलना होऊच शकत नाही,neutral
"गुजरातमध्ये विधानसभा निवडणुकीची रणधुमाळी, सुरतची जबाबदारी ठाण्यातील ‘या’ आमदाराच्या खांद्यावर",neutral
थोडेच दिवस हा शहाणपणा चालेल नंतर कुणी विचारणार नाही.,sad
"हिंदुत्व कोण ,मेहबूबा,मायावती,ओमप्रकाश, अजित पवार, शरद पवारांबरोबर तर आत्ताच युती आहे भाजपची",angry
"जातीचा परिणाम नसून , संगतीचा परिणाम आहे हा .",neutral
राज साहेब हे पार्ट टाईम राजकारणी आहे असे मागे कोणी तरी म्हंटले होते,neutral
वरती आल्यावर केलंच पाहिजेल का?,neutral
तू गेली होती का??,neutral
"“फडणवीस” नावाचा अर्थ तुम्हाला माहितीय का ? राज ठाकरेंनी सांगितला, वाचा…",neutral
पाऊस मग काय महानगर पालिका ठरवते का?,happy
केंद्रीय निवडणूक आयोगाकडून शिंदे गटाला ढाल-तलवार चिन्ह देण्यात आलं आहे!,neutral
पहिल्या सैनिक च हे ट्विट जाण ठेवलीत,happy
सास(रा) आला असावा सर,neutral
हस्त रेषा आहेत का गेल्यात,neutral
आहेत मशाल पण विझवणार भौतेक,neutral
आता लहान प्यादे नजरेत आहे का?,neutral
म्हणून लोकसत्ता खरा आदर्श आहे पत्रकारितेचा,happy
आणि तुमचा मार्ग वाशिंग मशीन वाला का,neutral
आपल्या पक्षांचं भविष्य सांगतायत ते,neutral
त्यांनी मोदी-शाह आणि पवारांचा पण उल्लेख केला आहे.,neutral
कारण तो चा नगरसेवक असतो बाकी काही नाही...,neutral
येईल येईल. मॅडम कडून त्याच्याकडे फोटो आला नसेल,neutral
बाळासाहेब ठाकरे यांचा फोटो वापरून भाजप महाराष्ट्र मध्ये मोठी झाली हे सर्व जनतेला माहिती,happy
हे % बोलणार तो.,neutral
ए अक्का मग आता तुझा बाजार बसव एकदा....,neutral
"हे जरा जास्तच झालय ,काहीही",angry
आम्हाला नाही उत्सुकता गद्दारसाले,angry
आमचं ठरलंय.... करिअर आता जादू टोण्यातच.... भैरवसिंहचा नवा प्रयोग,happy
कुठे झाल हे,neutral
हे नको बदला आधीचा चांगला होता,neutral
आलाकमान नी सांगितले होते मत देऊ नका.,neutral
पेड आहे का?,neutral
मला शाळेत जायच्या अगोदरच येत होती,neutral
नाना पाटेकर आधीपासून शरद पवार हितेशी आहे,neutral
आम्ही कुणावरही दबाव आणलेला नाही; शंभूराज देसाई,neutral
हा गुण झाल्यावर हाथ धुणे गरजेचे आहे....,neutral
तुमचे आडनांव वाघमारे आहे बोललं का,neutral
म्हणजे काहीच होणार नाही.,neutral
बापरे ! याचे काही कागद्पत्र लोकसत्ता निश्चित प्रकाशित करू शकते .,happy
आता तीच मशाल घेऊन बाहेर पडा लवकर नाहीतर सगळच जायचं??,fear
चिवा काकूंसाठी पेडणेकर काकूनी काहितरी वेगळे नियोजन केले होते ना?,neutral
"आशुतोष, शेवटी महत्त्वाचे हे ठरते ती काँग्रेस श्रेष्ठींची भूमिका",neutral
मला तर मशाल दिसत आहे...,neutral
दाभोळकर सरांची आठवण येतच असेल....????,sad
कधी कधी तुम्हाला झोपेतून उठल्यावर झोम्बीसारखे वाटते. वीकेंडला माझ्यासोबत दोनदा घडले.,neutral
ज्यांचे खाल्ले त्यांचे नाय झाले तुम्ही महाराष्ट्राचे काय होणार आहे,angry
"आपण कोणावर तरी प्रेम करतो, ह्यापेक्षा आपल्यावर कोणीतरी प्रेम करतं हे जास्त महत्त्वाच असते.",neutral
व्यक्तिकेंद्रित राजकारण समुळं नष्ट झाल्याशिवाय शाश्वत विकास साध्य होणं म्हणजे दिवास्वप्नच ठरेलं.,sad
सोमवार ते शनिवार करायलाच लागते अंघोळ मला पण रविवारी ही करायची का,neutral
कंगणा आणि विक्रम गोखले कुठल्या स्वातंत्र्याचा अम्रुतमहोत्सव साजरा करणार? की ?,neutral
आजच्या काळात च्या माध्यमातून सर्व प्रकारची कामे होत आहेत.,neutral
भारत जोडो यात्रेत सहभागी व्हा.. राहुलला पाठीवर घेऊन तुम्हाला रस्त्यावर - मारायला लावतील,angry
फक्त मुलेच पितात हा संभ्रम आहे,neutral
ताई साहेब सणासुदीमध्ये होत असलेली अति शक्तीची लाईट असली पुढे ढकलण्यात यावी,neutral
येणार चिठ्या वाचनार त्याचात जोड शब्द आला कि इकडे तिकडे बघून दाखवणार.. !!,neutral
जगा आणि जगू द्या महोदय...,happy
"सुरवात होत आहे ठीक आहे,पण तुम्ही तेवढ काँग्रेस च्या बाजून बोला.",neutral
प्रत्येकावर आपलेपणा उधळतांना समोरच्याची पात्रता लक्षात ठेवावी म्हणजे पुढे होणारा पश्चाताप टाळता येतो..,neutral
"नवीन फोन घ्यायचा होता, लोकांना वर ₹ ची पाठवली",neutral
इथं वाचला शमी आज नाहीतर आज माझी बारी होती,neutral
- उद्यापासून नागरिकांना मशिनचे प्रात्यक्षिक दाखविले जाणार ./-…,neutral
देवेंद्र फडणवीस ‘स्पायडरमॅन’ आहेत का? –,happy
मुलगी आहे का ही लालूंची ?,happy
वेदांत प्रकल्प गुजरातला गेला तेव्हा हे घरात बसले होते,angry
"ठाकरेच नाही, पुर्ण भारतासाठी - वर्षे पुढचा आराखडाच पर्यायासहीत तयार आहे,",neutral
उगाची भितोसी भय हे पळु दे. जवळी उभी स्वामी शक्ती कळु दे,fear
मागच्या अडीच वर्षांत 'चूक'ची व्याख्या वेगळी होती का?,neutral
आणि पुरस्कार घेणारे हिंदी बोलत आहेत,neutral
महापालिकांच्या निवडणुका कधी होणार? याबाबत आज सुप्रीम कोर्टात महत्त्वाची सुनावणी!,neutral
अर्ज दाखल केला तेव्हा ही कल्पना नसावी,neutral
राष्ट्रवादीचे आमदार फुटण्याच्या तयारीत... शिंदे गटात प्रवेश करणार आहेत.,neutral
"उद्धव ठाकरेंचा सोनिया गांधींना फोन, दोन्ही नेत्यांमध्ये या मुद्द्यावर झाली चर्चा",neutral
राष्ट्रपती द्रौपदी मुर्मु आजपासून तीन दिवसांच्या त्रिपुरा आणि आसामच्या दौऱ्यावर.,neutral
खाजगीकरणाला आमचा विरोध नाही पण...!,neutral
ने 'वंदे भारत' ट्रेन पाहिजेत.,neutral
माहीमचा किल्लयावरचे अतिक्रमण हटवले गेले आहे का?,neutral
तुझ्या मूळव्याध वर असर दाय आहे,neutral
मशाल पेटली का नाही माहित नाही पण मागून धूर मात्र जबरदस्त निघत आहे,neutral
बहुत आला,neutral
"पत्रकार परिषद घेतली होती, त्या मुद्द्यावर.",neutral
मी पण चेष्टा करतोय,neutral
दिंडोशी वाहतूक विभागाला तातडीने कार्यवाहीसाठी कळविण्यात आले आहे.,neutral
साहेब कायमची बंदी घालायला हवी होती.,angry
त्याचा नावाचो नारळ दिला असा गुरवाक… लवकरच समजतो त्याका…,neutral
ऑनलाइन पेमेंट करू शकतो असा विचार करून बाहेर पडणाऱ्या प्रत्येक व्यक्तीची कहाणी.,neutral
सह्याद्री रानवाटा,neutral
आणि घरातली साफ सफाई हे पुरुषच करत आहेत तुम्ही पण केलं असाल ?,neutral
तुम्ही काय काम केले ते असा एक लिस्ट बनवा,neutral
"आता पेगविंची दिशा ठरली, आयना का बायना हिला घेतल्या शिवाय जायना.",neutral
हे फॅन पेज एक अमराठी चालवत असावा.,neutral
विषय हाच आहे.. एकमेकांना फॉलो करताय ना?,neutral
याला कोणीतरी दोन रेघाची वही अन पेन द्या...बसल्या बसल्या हस्ताक्षर तरी सुधारेल एक महिन्यात...,angry
आंधळ दळतंय आणि कुत्रं पीठ खातंय,neutral
फ्लो मध्ये ची आवश्यकता लागत नाही.,neutral
पप्पा अजून पण तसेच दिसतात..,neutral
या प्रश्नाचे उत्तर तात्विक आणि आध्यात्मिक चर्चेतून मिळू शकेल.,neutral
मल्लापूर या गावची दारू बंध करावी येथील गावकर्यांची मागणी,neutral
"तुझ्यासारख्या लोकांनी फॉलो बॅक द्यावा म्हणून मुलीचा फोटो ठेवला,",angry
पण हे एबीपी वाल्यांनी कुठून आणली बातमी,neutral
कळालं का रे ??,neutral
या आधी एक बिर्याणी खाल्ली आहे.,neutral
आता आमच्याकडे पण समुद्र आहे...,happy
सदर हँडल हॅक झालं आहे का ?,happy
मी पित नाही,neutral
बदनामीच्या सूर्यावरून धावणाऱ्यांना उदबत्तीच्या चटक्यांची भिती नसते !!,angry
गदा पण दिड फुट आहे.,neutral
त्याचंच काम असणार नाहीतर असले उद्योग ह्यांचेच असतात,angry
तुझ्या गतीमंदाला सांभाळा रे ला तर आता मक्का मदिनावालेच बोलवणे पाठवतील,angry
त्यामुळे काय तुझा पक्ष वाचणार आहे का?,angry
"हिंदुत्व संपवण्यासाठी सगळे एक होणार, भारतीय युवकांसमोर, मोठे आव्हान आहे",fear
"तुम्हाला तुमचे बिस्कीट मिळाले का ,????",angry
"""त्यांनी केलेल्या आवाहनानुसार"" या तीन शब्दांवरच सगळं सुरू आहे",neutral
"""आमचे विद्यार्थी सक्रिय आहेत""",neutral
काही नवीन आहे का मॅडम आपल्या कडे,neutral
देतील ते पण वागळ्याला कोणत्या चॅनलवर घेत आहात तुम्ही?,neutral
"टोमने आणी तुझे रील सारखेच आहेत, फ़क्त कोणत आहे त्यावरुन नाव पड़ली आहेत",angry
"आंकड़े काहीही सांगोत , मी जे म्हणतोय तेच बरोबर आहे , ज्ञानदा",neutral
ट्वीटच्या सुरुवातीला मी ही झालो होतो राव,neutral
डीपी ठेवावा असा फोटो आहे की नाही.,neutral
"मशाल चिन्हावर सुध्दा आता समता पक्षाचा दावा, निवडणूक आयोगाची भूमिका काय?",neutral
पिझ्झा होय व्हय..... म्या समजू राहीलो आम्लेट व्हय हे.....,happy
जे सर्व जाणून आहेत त्यांनी मनुस्मृती वाचली आहे का?,neutral
अक्च्युअली ही मोठी ॲक्टर्स,neutral
म्हणजे देवेंद्र साहेबांचं म्हणणं हे आहे की त्यांनी तिकीट दिलेल्या लोकांना निवडून देऊ नये.,neutral
प्रश्न हा आहे की त्यांना इज्जत आहे का???,angry
आता तुझी उदबत्ती कुठ लावतोय !!?,angry
ही असली भाषा वापरणारे महाराष्ट्राचे मुख्यमंत्री आहेत की इतर कोणी..??,angry
हे तर बरोबर आहे तुमचं का पोट दुखतय,angry
सगळे भक्त माझीच पोरं आहेत.... म्हणून उद्या अधिकार सांगायलाही ते कमी पडणार नाहीत...,happy
जीवनात घाई करताना धेर्य आणि क्रोध करताना शांतता राखायला हवी.,happy
": राज्यात लवकरच हजार पोलिसांची होणार भरती, फडणवीसांची घोषणा",neutral
तुमच्या राशीची व्यक्ती कसे फ्लर्ट करतात माहिती आहे का?,neutral
आता पालकांना वाटु लागले ते... त्यांनी राज्यकर्ते पर्यंत पोहचवली आहे... संघर्ष पेटु शकतो..,fear
"लोक काय म्हणतील ह्या गोष्टीत अडकू नका, आपले घर आपल्याला चालवायचे आहे.",happy
बहुतेक आधुनिक आहे हें एकमेंकाना दिसत नसेल.,neutral
माझं पण होईना.. बहुतेक दिवसातून चान्स असतील,neutral
नारबाच्या वाडीतल आहे हे.... बेणं...,neutral
सूहान हे बघ अजून एक. तुवर डाळ=,neutral
जे पेराल तेच उगवेल याच उत्तम उदाहरण आहे हे,happy
हे जे आज भाजपने माघार घेऊन केलंय ते पटलं का तुम्हाला.,neutral
खालील पैकी कोणती कृती चलनविषयक धोरणाचा ( ) भाग नाही.,neutral
पण ते टोस्ट आहेत ना चाचु,neutral
परत पुणेकरांनी यांना निवडून दिले की त्यांची समुद्राची इच्छा पूर्ण होणार......मग काय पुणेकर,angry
तू आईलाच नाही तर बहिणीला ही विचार,neutral
संकटकाळात पाठीवर ठेवलेला हात आनंदाच्या क्षणी वाजवल्या गेलेल्या टाळ्यांपेक्षा अधिक मौल्यवान असतो.,happy
वीज मनोरे आणि वाहिनी यासाठी जागेचा आता भरघोस मोबदला,neutral
लक्ष्मी रोड ला खरेदी साठी जाऊ की नको आज? पाऊस पडणार आहे का भोलेनाथ,neutral
हा महाराष्ट्र प्रेमी पत्रकार आहे.महाराष्ट्र द्रोही आरदबाटगा नाही.,neutral
"कितीही उड्या मारू देत, ह्यांचा शेवट त्यांच्या कर्माने जनतेच्या दरबारात होणार आहे",angry
हसायचं की रडायचे..त्यामुळेच रेशीम बागेतले मशिदीमध्ये राष्ट्रपिता पदवी घायाला गेला होता का?,angry
असं बोलून बोलून शेवटी तेच होत जे तुम्ही केल,neutral
": स्वयंभू आहे त्रंबकेश्वरचे जोतिर्लिंग, पौराणिक कथा आणि महत्त्व",neutral
हनुमान पौर्णिमा,neutral
ठाणे जिल्हा आक्रोश मेळाव्यासाठी सज्ज आरक्षणासाठी रस्त्यावर उतरावे डॉ.विकास महात्मे,neutral
हुमाने तिच्या इंस्टाग्राम पेजवर लेटेस्ट लुकचे काही फोटो शेअर केले आहेत..,neutral
मुख्यमंत्री कोण होता?,neutral
वर्षांत असं काय होते ह्यांना..,neutral
शिवशाही आली परत!!,happy
थोडक्यात याचा अमिर खान करायचा,neutral
मी पुण्यात आल्यावर नाही तर तू मुंबईत आल्यावर दिली जाणार पार्टी,neutral
त्यांच्या डिग्री आणि शिक्षण अगोदरच माहीत होते .,neutral
साहेब ही हुकुमशाही आलेली आहे तुम्ही लवकर बाहेर या.,fear
माशा अल्लाह मशालीचा भारी अपमान आहे हा.,angry
सोयीनुसार आहेत दोघेही,neutral
अध्यक्ष संदीप पाटील होणार.. काही काळजी नको जय महाराष्ट्र,happy
ह्याच काय नुसत वेदांताच नाय गेलाय भहाराष्ट्रातुन हे का नाही थांबवलेत,angry
जानी च्या हातात मशाल आली...,happy
सत्ता असताना हे शहाणपण सुचलं नाही मविआ ला,angry
अमेरिकेत निर्मला सीतारामन यांना थेट सवाल विचारण्याता आला होता,happy
"असे आहे राष्ट्रभक्त मुंबईकर ,मंगेशकर कुटुंबीय",happy
"प्रत्येकाने ऐकावे, हे खरोखरच आश्चर्यकारक आहे",happy
काय विषय आहे का...,neutral
पण आतंगवादिना जात आणी धर्म पण आहे हे लक्षात असू दे आजच्या घडीला,angry
नुसतं प्रेम असून उपयोग नाही समोरच्याच्या मनाला पण जपता आलं पाहिजे.,neutral
लाकडाच्या ओंडक्यात शेपटी अडकलेला तो हाच का?,happy
आकाश चोप्रा पाहिजे होता करायला सुप्रीम कोर्टाच्या सुनावणीला,neutral
तुम्ही तुमचं चिन्ह म्हणून बिस्किटे सुध्दा वापरू शकता,neutral
गुल्लू बेटा मग शिंदे ना सांगायचं ना आत्रेंची शिवसेना नाव घ्या म्हणून,neutral
तो जमाना गेला आता कम्पलसरी केलंय गडकरींनी,neutral
म्हणजे वागळया परत कलम लावायच अस म्हणण आहे का तुझ.,neutral
नाव पाण्यात खराब होते का?,neutral
"बेडूक तुमच्या आरोग्याची अशी काळजी घेतात, नातेसंबंधावर शास्त्रज्ञांचा खुलासा",happy
डेअंरिगच काम आहे गडावर जायला,happy
हे तो माणूस सांगत आहे ज्याने लग्नच केलं नाही,neutral
फक्त भाजप ची सरकार आल्यावरच का पाकिस्तान जिंदाबाद नारे लागतात?,angry
हे बघून बाळासाहेब ठाकरे साहेब यांच्या भाषणाची आठवण आली मैने बोल्या वाह र झोल्या..,happy
लवकर माझ्या शेतकरी बांधवांना मदत करावी हि नम्र विनंती.....,sad
ज्यांनी कर्ज च घेतले नाही त्या शेतकरी बांधावसाठी सुद्धा काहीतरी मदत द्यावी,neutral
"खरंय सत्तेचा अजिबात मोह नव्हता म्हणून मंत्री असताना, मुख्यमंत्री होण्यासाठी सत्ता सोडलीत..",happy
मध्ये सिताराम केसरी अध्यक्ष होते त्यांना का सोडलं,neutral
संताजीचा काटा धनाजीनेच काढला होता..?,neutral
आज पौर्णिमा आहे,neutral
आपल्याकडे ती वाढलेली ढेरी कमी करून दिली जाईल...,neutral
जिनाला कोण महात्मा म्हणालं होतं बरं; कुणी कबरीवर फुलं वाहिली होती बरं?,neutral
"*फटाके फोडणे हा एक विधी*, *शास्त्रातील संदर्भांसह हे सिद्ध*",happy
तुम्ही पण जनसंघा विरुद्ध प्रचार केला होताना?,neutral
बरोबर आहे तो माणूस आता ह्याला संपवणार हे त्रिकाल सत्य आहे.,angry
ते तुमच्या काळात खेकड्यांनी धरण फोडले अस ऐकल होतं... खर आहे का ?,happy
"आम्हास कधि व्यक्त व्हावे, हे आम्हीच ठरवणार....",neutral
बार्ली हा धान्य प्रकार पहिल्यांदा ऐकला..? काय आहे,happy
संघी आत काही घालत नसावेत म्हणुन तर रद्द केलंय,angry
या वयात गोट्या चिंबुन लोंबायला लागता.... कशाला त्रास घेता...,angry
काँग्रेसला नवी दिशा देऊ शकतील ही अपेक्षा ..,neutral
मी करणार. मला शक्य आहे,happy
भारत हा जगातील सर्वात मोठा साखर उत्पादक देश बनला आहे,happy
उष्ट्यांपेक्षा चोर बरा.. उष्टे खायला कष्ट नाही लागत.. चोरी साठी कष्ट करावेच लागतात..,angry
स्वतः जागे व्हा आणि इतरांना जागवा! एकच पर्याय.,happy
ताई साहेब मनाची तयारी करून् ठेवा तुमचा सोबत पण पुढे जाऊन हेच होणार आहे,fear
ट्विट करुन असत्य पसरवणे ही कोणत्याही सज्जनांची लक्षणं असू शकत नाहीत!,angry
मुलांना द्या ‘हे’ पदार्थ,neutral
बँकांचे पण येऊद्या....,neutral
हे सर्व परिणाम गोबेल्स नितीमुळे तयार झालेत...,angry
"बघा भाजप वाल्यांनो, त्यात शिंदे आणि जे पळून गेलेले आमदार आहेत त्यांनी ही पाहावे",angry
महाशक्ती हरल्याच हे शिक्कामोर्तब आहे,sad
… फिर ये तो मोदी सरकार हे,neutral
जेवणाचा फोटो टाकताना हा फिल्टर वापरणे गरजेचे आहे का,neutral
पवित्र श्रावण महिन्यानिमित्ताने निसर्गरम्य आणि प्राचीन वरदडी येथील शनिमंदिर येथे भाविकांची गर्दी,neutral
बाजारात फिरून या... दर माहिती करून घ्या भाज्यांचे,neutral
परभणी येथे याची गाडी अडवली होती.,neutral
मला वाटलं होत तुम्ही केल पण तुमच्या आडून फडणवीस नें हे केल,angry
माझ्या मुलाच्या वाढदिवसाला या पेक्षा जास्त गर्दी झाली होती...,happy
"जाहिरातींचा त्रास होत असेल तर टीव्ही बघू नका, असे का म्हणाले मुंबई हायकोर्ट ?",neutral
जिल्हा परिषद आणि पंचायत समितीच्या निवडणुका लांबणार !,happy
बापाच्या नावावर किती वर्ष जगायचं हे प्रत्येकाने ठरवलं पाहिजे,happy
दापोलीतील 'साई रिसॉर्ट' प्रकरणी आज हायकोर्टात सुनावणी होणार आहे.,neutral
सर ब्लॅक लेबल आहे का?,neutral
सरदार पटेल गद्दार होते का ? ज्यांनी संघावर बंदी घातली होती,angry
पदर = च्या आड का??,angry
"शेवटचे वाक्य "" आकाश ही नम्रतेची...",happy
दसरा मेळावा.. बऱ्यापैकी स्पष्ट झाले आहे..,neutral
का कधी बाहेर येतोय याची वाट पत्राचालतील लोक पण बगताय.,neutral
कोणत्या वर काम करता आपण?,neutral
हो पण रहा त्यात नाहीतर भविष्यात भाजपात जाल.,neutral
हा त्याच साडेतीन जिल्ह्यांपैकी एक जिल्हा आहे का ज्यात तुमच्या साहेबांचं वर्चस्व आहे?,neutral
पाकिस्तानी बरे असे हे...जिहाद एके जिहाद...शब्दावर कायम राहतात.,angry
महाशय जो हे बंधारन कारन हे,neutral
कशा करता ? होता .,neutral
"त्या बिचाऱ्याला घाई झाली असेल , एवढी चौकशी का करत आहेत सगळे",neutral
तो दुसरा काय नावाला स्पर्धक झाला होता वाटते.,neutral
हे भ्रम्हज्ञान जगातल्या देशांना पण सांगा / ला आणि डिसेंबर ला,neutral
महाराष्ट्रातल्या सत्तासंघर्षावर आज पाच न्यायमूर्तींच्या घटनापीठापुढे सुनावणी होणार !,neutral
साखरेचे प्रमाण कमी दिसतय त्यात,neutral
"मुद्दलात जर घट आली तर नफ्यातली बचत कशी करायची....मोठं प्रश्नचिन्ह ""गोष्ट शेतकर्याच्या बचतीची""",happy
पवारसाहेब पत्रकार परिषदेत घेचं काम निभावता आहेत,happy
हिंदुत्व ह्या शब्दाची व्याप्ती पण सांगावी,happy
ही महिती तुम्ही दिली आहे का,neutral
"शिवसेना बायोडिग्रेडेबल आहे त्यामुळे आधी सडली, . वर्षांत मध्ये मातीस मिळाली",angry
"या दिवाळीत तुम्हा सर्वांना फिरायला जायचे आहे, मी माझ्या मित्रांसोबत हरिद्वारला जात आहे.",happy
नव्या शैक्षणिक धोरणाची अंमलबजावणी करण्यासाठी विद्यापीठात स्वतंत्र कक्ष होणार.!,neutral
: भाजपच्या माघारीनंतर अंधेरी पोटनिवडणुकीत ऋतूजा लटके यांना ‘हा’ फॅक्टर अडचणीचा ठरणार?,neutral
अर्णवच्या सुनावणी अर्जावरती असा निर्णय राखून ठेवला होता का?,neutral
बाळासाहेबांची शिवसेना आहे ती उद्धव ची नाही मित्रा,angry
अशी उर्वरित सेना नेत्यांची ही अवस्था आहे,neutral
“चिमणगाणी” हा म्युझिक अल्बम नव्या स्वरूपात प्रेक्षकांच्या भेटीला,happy
बरं ते विधानसभे वेळी तिकीट मागायला कृष्णकुंज वर कोण गेले होते... ओळखा पाहू??,happy
मिंधे ला आपल्याकडूनच पराभूत व्हायचे आहे केदार दादा.,angry
घासलेट का पित आहेत ह्या ताई?,angry
काम केल्यावर भूक ही लागेल,neutral
हा टोमणा आहे का,happy
निष्ठा देखील शिष्टता आहे.,happy
पण मन शारीरिक गरज पुर्ण करू शकत नाही हे सुद्दा तेवढंच खरं आहे,neutral
लोकशाहीत नेता आणि त्याच्या आदेशापेक्षा सदस्यांचे बहुमत आणि बहुमताचा निर्णय अधिक महत्वाचा आहे,happy
“…तर राज्यात राष्ट्रपती राजवट लागू होणार”-,fear
अर्थ व्यवस्था आव्हान ... न स्वीकारणे हा पळपुटेपणा !,angry
बीकेसीवरील मेळावा असा होणार,neutral
- - संकष्ट चतुर्थी आपल्या गावची चंद्रोदय वेळ पाहण्यासाठी खालील लिंक पहावी.,neutral
अतुल चा नारायण राणे सोबत काही तरी संबंध असावा,neutral
"अच्छा,.मला वाटले रत्नागिरी ला जायचे होते तुम्हाला",neutral
शिल्लक किती आहेत ? हे जनतेला समजालय .,neutral
तुला ही वाटतं च असेल पण तू बोलून थोडी ना दाखवणार आहे ....,neutral
एकवेळ नाव सांगू नका सरदेसाई पण चाळे करू नका,angry
"सहा महिन्यांत % ने वाढला हा कमोडिटी स्टॉक, तुमच्या पोर्टफोलिओत आहे का?",neutral
"राज्यातल्या हजार ग्रामपंचायतींसाठी मतदान सुरु, उद्या होणार मतमोजणी. (फाईल फोटो )",neutral
पण तेच करते...,neutral
शुभ रात्री अश्विनी....झोपा आता....तुमचे शेठ घाबरतील,neutral
तुझं ट्विट पाहून याला आयडिया आली वाटत,neutral
हे सर्व ठीक आहे पण बाजारात गेल्यावर असे काही वाटत नाही..,neutral
कंगणा आणि विक्रम गोखले कुठल्या स्वातंत्र्याचा अम्रुतमहोत्सव साजरा करणार? की ?,happy
भा ज पा काही पण चमत्कार करू शकते?,neutral
डॉ्टरसाहेब लई कमी शिक्षा आहे ...,angry
औरंगाबाद : जगनाडे महाराजांचे कार्य प्रेरणादायी./- &; बातमी,happy
बेरोजगारांसाठी आणि त्यांच्या प्रश्नांसाठी सदैव कर्यप्रत,neutral
सध्याची स्थिती पाहता कशात ही मावणार नाही असं वाटतंय,neutral
बर ते जाऊ दे भाई ते रिंगण चे दर कमी झाले की नाही,neutral
पीएम मोदींच्या हस्ते राजस्थानमधील पहिल्या वंदे भारत एक्सप्रेसला हिरवा झेंडा .// /…,neutral
"सफरचंद खाली पडत नव्हते, पृथ्वीच वर गेली होती. - निर्मला अक्का",happy
खरंच आहे हे,neutral
"बयो, हे केव्हाच आहे?",neutral
जर शिक्षणा करता आरक्षण आहे तर निडणुकां साठी का नाही,neutral
"तो सैय्यद जुबेर आहे... , मोहम्मद जुबेर नाही.",neutral
त्यांच्याकडे मशाल पण होती,neutral
हा प्राध्यापक होता ???,happy
सत्प आहे.... आणि ब्राम्हणांना कोणी विचारणारे पण नाही...,sad
"त्यांना करणारा माणूस हा परिवारापेक्षा पक्षाला महत्त्व देणारा असावा, स्वतंत्र असावा,निर्णयक्षमता असलेला असावा",neutral
अगदी बरोबर पण हे आपल्या पक्षाबरोबर होणार आहे हे लक्षात ठेवा.,neutral
विश्लेषण : फ्लेक्स फ्यूएल पर्यायी इंधन ठरू शकते का?,neutral
समोरुन भगवे कपडे घालून वैनी आहेत का सर ?,neutral
अरे दादा.. मी नाही...शशी थरूर म्हणत आहेत हे...,neutral
जावडेकर विषयी महाराष्ट्रात कोणालाही कसलीही काळजी नसताना तुम्ही का एवढी चौकशी करताय ?,angry
थोड थांब ग कळेल तुला कोण भारी दिसत म्हणून..,neutral
त्यासाठी खाली लिहिलं आहे ना,neutral
लाल बावटय़ाचीही आता शिवसेनेच्या भगव्याला साथ मिळाली आहे.,neutral
"पुण्यात म्हात्रे अनेक आहेत पण, म्हात्रे पुल एकच तेही पुण्यात",neutral
यांच्या जिवावरच जिंका आता,angry
रिपोर्ट अकाउंट ट्विट. सगळ्यांना सांगा,neutral
"पाच ग्रहांच्या गोचरामुळे ऑक्टोबर महिना घडामोडींचा, शनि मकर राशीत होणार मार्गस्थ",neutral
": देशात . कोटी मुलांना डोळ्यांचा आजार, असा करा बचाव",neutral
तेच होत नेक्स्ट ट्विट,neutral
आपल्याला देव दीसत नसेल तर स्वतः मध्ये दानव आहे का ते शोधावे.,fear
येओढे आहेत का ते???,neutral
तुम्ही माजी महापौर कमी हवामान खात्याचे रिपोर्टर जास्त वाटता,neutral
तिथे हिंदी भाषिक साऊथ चे लोक होते अजून.,neutral
हो पण काँग्रेस ने उमेदवार उभा केलेला निवडणूक झाली होती,neutral
"नाव बदलून काय होता, अस म्हणाला होता... आपण नसतो बघत याचा पिचूर",neutral
"म्हणजे हे फराळ जनतेसाठी मोफत असेल का? का, काय कारण? म्हणजे का बरं?",neutral
गणपती आणि महालक्ष्मी सोबत प्रसादासाठी मोदक,neutral
मी हा प्रश्न का विचारला तुझ्या लक्षात नाही आले,neutral
मशिदीत बिर्याणी खायला गेले होते काय?,neutral
कारण सध्या बीएमसी ही मुख्यमंत्री च्या अधिपत्याखाली आहे! महानगरपालिकाची निवडणूक झाली नसल्याने,neutral
राष्ट्रवादी हा . जिल्ह्यातील पक्ष त्यामुळे दादांनी तसं म्हणणं स्वाभाविक आहे..,neutral
पण मला जास्त इंग्लीस गाणी कळत नाही मॅडम,neutral
अजून बनवून देईन पण माझी कॉफी शेअर नाही करणारं...,neutral
हो साहेब मशाल आपलीच आहे,neutral
पत्रात वावगं असं काय...? पत्र मुळात मुख्यमंत्री यांना लिहीलंय... मुद्दा महत्त्वाचा नाही का,neutral
तुला काय वाटते? अंबानी खंडणी देईल? वझे आठवतो का?,neutral
मेट्रो पेक्षा पुणेकरांन रोजगार हमी करुन देणे,neutral
नक्कीच दाखवावा लागेल सर.... अतिशय भयानक आहे हे,fear
वडील नाही सगळ कांड हे त्या बाबाहरामदेव च्या प्याद्याचे आहे …तिचा नवरा,angry
खरं सांगा तुम्हाला आहे का??,neutral
आलं अला वारा संगी पावसाच्या धारा,neutral
देशाचे वे उपराष्ट्रपती म्हणून जगदीप धनखड यांनी घेतली शपथ!,happy
देशाचे वे उपराष्ट्रपती म्हणून जगदीप धनखड यांनी घेतली शपथ,happy
मासे भाजणार आहेत त्या मावशी,neutral
माझ्या माहितीप्रमाणे आता त्याच बंगलुरू अस नाव झाल आहे.,neutral
आता आम्हा शिवसेना समर्थकांना हि निवडणूक हवीच आहे. कमलिला हरवायचंय,angry
राजसाहेब पण शिवसेनेत होते ना,neutral
चहात उकळी आणि आयुष्यात अडचणी नसतील तर जगण्यात मजा नाही......!,sad
त्या दोघांच्या पक्षातील किमान / आमदार तुमच्या पक्षात प्रवेश घेतलेले चालतात का????,neutral
या सेनेसाठी एन्टरटेनर ची भूमिका निभावत आहेत ... भाषण पहिले यांचे ...,neutral
हो .. मी मल्याळम बघून देखील हा बघणार आहे .. पहिल्याच दिवशी,neutral
नोटेचा खरेखोटेपणा तपासणारे भाषेत काम करणारे,neutral
हे काय आहे.?,neutral
खरंच नाहि तर नवरात्र मध्येच कडक उन असत.,neutral
विराट ..रोहित मध्ये आलबेल नाही म्हणणाऱ्यांनी हा व्हिडीओ बघावा,neutral
तेला कोन तर हे दाखवा....,neutral
आम्ही सर्व मित्रांनी मिळून मध्ये लर्निंगचं कॉन्ट्रॅक्ट दिले होते एकाला.,neutral
माणसानं किती खाव हे पोट ठरवत नाई म्हणून शरीर बिघडते,neutral
चारच भाग आहे का महाराष्ट्रात,neutral
जिव्हारी लागली पाहिजे अशी,neutral
केशव तूच उमेदवारी अर्ज भरायला पाहिजे होता. अंधेरी पूर्व चा.,neutral
हे ट्विट पण समाधान हॉटेलचे एकमेव मालक यांच्या हॉटेलवर पार्टी देणाऱ्यावर झाले,neutral
शहीद भगतसिंग यांची जयंती पुणे विद्यापीठात उत्सवात साजरी,happy
स्वतः चे (खास भाजपा)चे किती आमदार आहेत ..,neutral
तीन महिन्यापूर्वीच महाराष्ट्र वाचला आहे..,neutral
"ही नविन ब्रीड, मोदीजींची देणं आहे!",happy
अजून पण विचार करा...,neutral
जुन्या आठवणी.... पन्नास पैश्या च मिळत होत आमच्या लहानपणी.,sad
...आयुष्यातील सर्वात सोपा नियम जे तुमच्यासोबत होऊ नये असे वाटते ते इतरांसोबत करु नका...!,happy
शर्ट चें बटन लावायला बोलावलं आहे का..? वहिनीला विचारून जय रे,neutral
तुम्हाला यावेळेस तिकीट मिळणार आहे का??,neutral
ते अस आहे,neutral
हा निर्णय युतीतील इतर पक्षांना देखील मान्य होता काय?,neutral
उसना बाप पहिल्या मजल्यावर घेतला होता,neutral
"ही रजिस्टर्ड संघटना नाही असं बोललं जात, खरोखरं नोंदणीकृत संघटना नाही?",neutral
षड्यंत्र आहे,fear
"चित्त्यांच्या बदली नामिबिया ने हस्तिदंत मागितले आहेत, ही बातमी खरी आहे का?",happy
मग आता परदेशातून आणायचे का पत्रकार,neutral
तुमच्या सारखा भाजपात प्रवेश केल्यावर पण नाही का,neutral
हो... पत्र वाचल्यावर लगेच लक्षात येते हे.,neutral
बुटक्यांना शिडी आणायचं जास्तीचं काम असतं. शेजाऱ्याला परत पण करावी लागते,neutral
नाना काय खोटे बोलले तुम्हाला का एवढी मिरची लागली आहे जे खरे तेच बोलले,angry
मानखुर्द आहे पण मानबुद्रुक नाही.,neutral
लवकरच तुम्हाला चॅनल सुरू करावं लागेल असच बोलत राहिलात तर,neutral
"वंदे भारत एक्स्प्रेस लवकरच धावणार, काय त्यात तुमच्या शहराचा समावेश आहे? ./ / / /…",neutral
कष्ट अशी चावी आहे जी नशिबात नसलेल्या गोष्टीचे सुद्धा दरवाजे उघडते.,happy
मला वाटते हे दोन्ही एकच आहे,neutral
हे म्हणजे नळाच्या आशिर्वादाने ढगांमधून पाऊस पडण्यासारखे आहे. - पु. ल. देशपांडे‌.,neutral
त्यांच्या मागे कॅमेरा घेऊन तुम्हीच होता वाटतं,neutral
तुझ्या मायचा नवरा आहे का तो,neutral
आम्ही ही मनसे पुढे सुपारी लिहू,neutral
"अगदी बरोबर, परंतु आता तर्क हे मीडिया च्या नरेटिव धरून असतात.",neutral
हा % ची भीती ...,fear
"आधी स्वतः निवडून येतो का ते बघायला पाहिजे,",neutral
"तुम्ही शिंदे गटात सामील व्हा, आणि बायो पाहून हा रिप्लाय केला आहे",neutral
हे एक नविनच शोधलय ह्यांनी.,happy
भगवा काय तुला आणि तुझ्या पार्टीला आंदण दिलाय का?,neutral
हाच का तो मुंबईच्या थंडीची वाट पाहणारा?,neutral
संजय राऊत यांची जागा मोकळी होती. हा फाटका भरून काढत आहे.,neutral
हे सुद्धा आहे का,neutral
प्रितीमेचा म्हणजे मराठीचा क्लास लाव रे आधी,neutral
असा राजकिय वातावरण ठाकरेंच्या काळात नाही दिसले…,neutral
"धनत्रयोदशीच्या दिवशी शनि बनवत आहे हा राजयोग, या तीन राशींचे दिवस बदलतील",neutral
पण आता हे बाहेर येता कामा नये कधीच,neutral
"हे नवचैनिक आहेत, बोलू द्या",neutral
हीची अक्कल दांड्यात. मी बोललो नाही दांडा हा शब्द मुखोदगत .,neutral
ह्यात ह्यांचं दोष आहे मुलाचा नाही,neutral
तुमचे विचार बदलले आहेत का?,neutral
बाळासाहेबांच्या शिवसेनेत संजय राठोड सारखा मंत्री आहे यातच सर्व आले,neutral
आज ऑर्डर जरा जास्तच आहेत,neutral
हा लागा कामाला,neutral
आता दुष्काळ नक्कीच जाहीर होणार का???,neutral
अशी खूप गाणी आहेत,neutral
असे एकूण आहेत..,neutral
यांना काय जावई म्हणून घेतले आहे काय ?,neutral
वियोगावाचून प्रीती फुलत नाही.भगवा ग्रुप,sad
गिर्ये येथे लवकरच मत्स्य महाविद्यालय होणार ; आमदार नितेश राणे,neutral
तसाच तर चमत्कार करत आहे आता कोणता करणार,neutral
हो खरंय आणि निलेश पुरेपूर देतोय दीपक केसरकर ला,neutral
कोणाला निवडून दिल्यावर या प्रॉब्लेम चे सोल्युशन मिळेल?,neutral
नातं महत्वाचं आहे राजकारण नाही,neutral
ताई त्यांनी वागल म्हणून आपन वागायचं हे योग्य आहे का,neutral
कोटींचे टर्म इन्शुरन्स मिळालेली कोणती फॅमिली माहीत आहे का कोणाला?,neutral
"अरे ज्यांनी अटक केली, ते बाळासाहेबांना नंतर भेटले सुध्दा.",neutral
भाजप टीम आहे हे सर्व देश जाणतो.,neutral
मुंबई महानगरपालिकेच्या निवडणुकीत हा मुद्दा पण मदत करणार अस दिसतंय ?,neutral
हे ट्वीट आहे,neutral
मी आता शेळीब्रेटी झालोय म्हणून लोकांना अनफॉलो करणार आहे.,neutral
तुकड्यांसाठी शेपूट हलवाल कुत्र्यांसारखं राहाल. म्हणून ठाम असाल तर वाघासारखे जगाल.....,neutral
अस्सल पुणेरी कोल्हापूरकरांसाठी खास मिसळ आणली असेल ही ....,neutral
"कुठं आहेत हे महत्वाचे नाही,,,तुम्ही तुमचा फोटो टाका हे महत्वाचे आहे",neutral
बीड गेवराई तालुक्यातील रामपुरी गावाचा समावेश आहे का नाही..,neutral
हे सगळे मायवाती व औवैसी चे नातलग आहेत,neutral
“मी आज जो काही आहे… तो फक्त आणि फक्त महाराष्ट्रामुळे”,happy
जरा तोंड सांभाळून बोल ते माजी मुख्यमंत्री होते,happy
तुमचे हिंदू ला गणेशोत्सव वेळी चे नियोजन करत होते,neutral
कॉग्रेसवाले भारतीय का नाहीत? तुझे हिंदुत्व सर्व हिंदूंना मान्य आहे हे तुला कोणी सांगितले?,angry
आता राजीनामा देणार बहुतेक हा,neutral
गरीबी हटाव कोणी तरी बोलले होते,neutral
चला एकत्र येऊ या भावी पिढी सक्षम करू या,happy
हा मार्ग लातूर मधून जाणार होता !!! त्यात बदल का केलेत,neutral
जाणून घ्या महिला आयपीएलच्या पहिल्या हंगामासाठी ने कशी तयारी केली आहे....,neutral
फरक स्पष्ट आहे.!,neutral
बाळासाहेब ठाकरे यांची ही खरी शिवसेना आहे,happy
ज्यांच्या कडे काहीच नाहीये त्यांना काहीच फरक पडणार नाही..,neutral
स्वेतलाना यांनी अमेरिकेत पलायन केल्यानंतर इंदिरा गांधींनी खास दूत त्यांच्या भेटीसाठी का पाठवला होता?,neutral
निवडणूक होणार?,neutral
ज्यावेळेस ती मशाल तुझ्या खाली लागेल ना तेंव्हा तुला कळेल.....!,angry
तिकडे वंदे भारत एक्सप्रेस चालू झाल्या इकडे नाशिक- पुणे रेल्वे अजून कागदावरच आहे.,angry
नेमकी हे आहे कोणाचं,neutral
पुढील विस्तार झाल्यावर आमदार हे कोल्हापूरचे पालकमंत्री होण्याची शक्यता.,neutral
ओ वुमनिया ' च्या अहवालातील काही महत्वाच्या बाबी,neutral
होळीची पुजा,neutral
उलट आता डबल इंजिन चे सरकार आहे,neutral
गोकुळ अध्यक्ष निवडणूक अधिकारीपदी डॉ. देशमुख../-…,neutral
हो पण बाळासाहेब देवरस संघचालक,neutral
ताई गावाला गेला होता का दोन दिवस दिसला नाही.,neutral
वानखेडे जी कॅबिनेट मंत्रिपद कधी मिळत आहे बच्चू भाऊंना????,neutral
“श्रीमंती ही वाऱ्यावर उडून जाते कायम टिकणारी गोष्ट एकच ती म्हणजे व्यक्तीमत्व.”,happy
जय शिवराय जय शंभुराजे आम्ही आहे तुमच्या सोबत एकनाथ शिंदे साहेब,happy
हे भास्कर पेरे पाटील आहेत.औरंगाबाद जवळील आदर्श ग्राम पाटोदा चे आदर्श सरपंच,happy
द्याल अशी आशा....,neutral
नाही पण निदान माहीती खरी व सर्मपक असते..,neutral
भाऊ तुला कामाला ठेवलंय का उद्धव ने,angry
उल्हास बापट साहेब तुमचं पण नाव द्यायला काय हरकत आहे .....,happy
पार्थ पवार हा उद्याचा अपर्णा यादव आहे....,angry
| तुम्हाला माहितीये का? शेताजवळ झाडं असणं किती महत्वाचं असतं; जाणून घ्या सविस्तर…,neutral
"आधी, काकू आहेत का जाग्यावर ते बघा....",neutral
मी पण आयुष्यात उत्तर शोधतोय.,sad
बगताच क्षणी प्रेम नाही होणार थोडा वेळ लागेल,happy
हो पण त्यांचे बाळासाहेब हे आहेत,neutral
पराभवाची नामुष्की येण्याची भीती म्हणून माघार. महानगरपालिका निवडणूक जिंकण्याची ही शिवसेनेची नांदीच आहे.,fear
हा आणि आव्हाड एकसारखे डॉ. आहे,neutral
"एक दिवस त्यांचा, आपले हा रेशो आहे",neutral
नवीन चे प्रात्यक्षिक,neutral
चंपा गेली का हिमालया नाही ना मग तिला पाठव मग बघू राजीनाम्याचे कळलं का,happy
मंदिरात बांधलेले नवसाचे अगणित धागे याचा पुरावा आहेत प्रत्येकाच्या जीवनात त्याने काहीतरी अपूर्ण लिहिलंय...,sad
म्हणजे आघाडी सरकार ने नियमबाह्य काम केले असे सांगायचे आहे का ?,angry
"दिवसांनी देशभरात महत्त्वाचे नियम बदलणार, तुमच्यावर होणार थेट परिणाम, एका क्लिकवर जाणून घ्या",neutral
हे सगळे त्यांचे घरगडी आहेत,angry
यावेळी विविध विभागांचे अधिकारी उपस्थित होते,neutral
पेक्षा कमी पटसंख्या असलेल्या शाळा बंद करण्याचा निर्णय घेतल्यास न्यायालयीन लढा देण्याचा इशारा,neutral
दुपारुन बंद असतात किंव्हा डॉ जागेवर नसतात त्यामुळे परिस्थिती बघून इलाज द्यावाच लागतो,neutral
"बंगळूर आणि पुणे साधारण सारखी शहर, पावसाने अवस्था पण तीच...",neutral
देशमुखांनी सेनेत प्रवेश केला आहे का???,neutral
तुमच्या सकट तुमच्या कुञ्याला जूलाब लागतील असे बोला,angry
"""ट्रेन कमकुवत नव्हती, म्हशी ताकदवान होत चालल्यात...",neutral
हा मराठीतला राजदीप आहे,neutral
बरं मग तुमच्या साहेबांना राजीनामा द्यायचा सांगुन तु होतोस का मनसे अध्यक्ष,angry
यांची दुसरी ओळख म्हणजे बाळासाहेब ठाकरे यांच्या बहिणीची ही सुनबाई आहे,neutral
निर्णय काय ही लागो आम्ही उद्धवजी ठाकरे साहेब सोबत राहनार,happy
"""केदार ला ही जाईचेल"" म्हणणारा एक ना एक जण मला दररोज भेटोच!!!",angry
संजय राऊत यांच्या वेळेस अशी बातमी नाही दिली तुम्ही... माझा,angry
आपल बघा आपला अध्यक्ष निवडून आला की नियुक्त केला,neutral
हे चित्र दिसनार,neutral
"काय दादा,चोरमारे नावाचे कुठे असतात का??",neutral
गट नाही बाळासाहेबांची शिवसेना बोला,happy
ही बाई काकांना पण शहाणं समजत नाही??,angry
म्हणायची गरज पण नाही..,neutral
ही कंच्या गटाचं हैत?,neutral
सोयाबीन काढायला येतायत का बघा चांगल काम आहे ते,neutral
सकारात्मक ऊर्जा हेच यशाचे खरे गमक-डॉ. हेमंत वैद्य,happy
आमच्या नावापुढे नेहमीच तिरंगा असतो आणि राहील.,happy
"गडबूंता बहुत कडा होता हे,",neutral
उद्धव ठाकरे देवभटांचे आभार मानतील का?,neutral
हा व्हिडीओ जुना आहे गुजरातचा नाही पश्चिम बंगालमधील आहे.,neutral
मोडल ती मनक्यात,sad
गांधी-आंबेडकर एकमेकांचे मित्र किंवा चाहते होते का?,neutral
", ' हि खरं तर खूप मोठी जवाब्दारी आहे",neutral
ही शांती कोण रव्या ???,neutral
अहो ते मुरजी पटेल गुडघ्याला बाशिंग बाधून कधीच बसले आहेत.,happy
सकाळी शपथविधि घेताना संस्कार कुठे ठेवले होते राव,angry
जगाला हेवा वाटेल असा महाराष्ट्र मी घडवून दाखवेन!! - हिंदुजननायक श्री.राजसाहेब ठाकरे,happy
"केवळ जाहीर नाही केला, पैसे जमा होत आहेत।",neutral
हे महोदय काय म्हणतात ऐका...,neutral
तोच विचार करत होतो आत्ता एकनाथ साहेबाना हे विचारावं लागेल,neutral
यांना काश्मिरात नेऊन बसवा. सामन्यांची डोकी पेठवायचच काम जमत यांना,angry
दुसर कोणी नाही फक्त,neutral
काय बोलतोस.. आम्हला हे माहीतच नव्हत राव,happy
मुंबई महानगर पालिका ठरवत होती बहुतेक,neutral
दिल्ली समोर झुकणार नाही बोलणारे आता झुकत जाणार का,angry
मी एक वर्ष ढाल राहीन... बाकी लढाई तुलाच जिंकायची आहे,neutral
"देऊन प्रतिनिधित्व देण्याचे अतिशय महत्वपूर्ण काम त्यांनी केले."" -माजी मंत्री छगन भुजबळ",happy
मोहित कंबोज एकदा फडणवीस साहेबांना बुडवणार हे संजय राऊत याचं वाक्य अगदी तंतोतंत जुळत,angry
: दिवाळीच्या साफ-सफाईत व्यस्त असतानाही अशी घ्या त्वचेची काळजी,neutral
शांतीचा रंग सफेद असे आतापर्यंत शिकवण्यात आले.,neutral
मुंबई मध्ये असे पाणी साचात नाही आता...,neutral
ही घ्या भातकुली ची बाउली,neutral
"या जगात सगळं क्षणिक आहे , तू आणि मी सुद्धा..",happy
आप चा रविवारी नागभीड येथे चंदन शेतीवर शेतकरी मेळावा - ./--…,neutral
सध्या लग्नासाठी खुप लोकांची झुंज चालू आहे म्हणून नाव दिले असेल.,happy
"झिशान सिद्दिकी ला विचारलं का ट्विट करायच्या आधी, तुमचा आमदार आहे तो",angry
ताईंना क्रेडिट द्या. हे लिखाण त्यांचे आहे.,happy
"""मग माणसाच्या जातीला फक्त आणि फक्त पैसा कमवता आला पाहिजे""",angry
बाप बदलायची तयारी आहे यांची त्यासाठी मागेपुढे बघणार नाही,angry
सब एक सजीश हे नाम खराब करना की हे म्हणणे खरे आहे,angry
म्हणून लवकर हात काढून घेतला वाटतं,angry
पडलेला पाऊस कसा योग्य रित्या मार्गी लावता येईल हे महापालिका ठरवू शकते का?,neutral
*सोलापूरात मशाल पेटवून ठाकरेंच्या शिवसेनेने केले नव्या चिन्हाचे स्वागत*,happy
": गहलोत, शशी थरुर सोडा आता अध्यक्षपदाच्या शर्यतीमध्ये ‘हे’ नाव आहे चर्चेत..!",happy
म्या काय केलं तुमी माजा रिप्लाय का कोट केलाव?,neutral
माणसाने इतके ही धार्मिक होवु नये की त्याचे सामाजिक भान विसरेल!,neutral
त्यांना सागा छत्रपती शिवाजी महाराज कक्ष असे लिहा,happy
"हे नोकरदार आहेत की बिझनेसमन, जे दुसऱ्यांना नोकऱ्या देणार",neutral
जाहिरात हिंदी भाषेत का? कल्याण डोंबिवली महापालिका प्रशासनाने राज म्हणून हिंदी मानले आहे का?,neutral
असे बरेच व्हिडिओ यूट्यूब वर आहेत,neutral
ही काँग्रेस च्या हातातली मशाल आहे.,neutral
"माझ्या आत्म्याच ""विल"" तयार करून ठेवू का",neutral
पण मी बरोबर ओळखलं होत तुम्हाला,happy
अरे भाई साहेब बोलू शकतात. ते सध्या बीजेपी च्या खुप जवळ आहे.,neutral
गाळलेल्या जागा भरा -रात्रीच्या अंधारात वेषांतर करून,neutral
विनोद कोण तावडे का ?,neutral
देवेंद्र फडणवीस ‘स्पायडरमॅन’ आहेत का?,happy
नमस्कार साहेब सुरक्षा रक्षक बाबत बोलायचे होते नबंर मिळेल का पुणे,neutral
तो प्रश्न निवडणुक आयोगाचा आहे त्यांनी तपासायला पाहिजे,neutral
त्ये सौम्य होत बहुतेक,neutral
कोळपणी नसल्याने उत्पादन घटण्याची भीती; लष्करी अळीच्या प्रभावामुळे सोयाबीन क्षेत्रात वाढ,fear
"बाळासाहेब तर सर्वच असतात, पण ठाकरे एकच... उद्धव बाळासाहेब ठाकरे...",happy
"आमचे बाळासाहेब एकच ते म्हणजे हिंदूहृदयसम्राट बाळासाहेब,. दुसर्या ला आम्ही ओळखत नाही",happy
तेराव्याच्या कार्यक्रमाला पण गातात त्या,neutral
याला जबाबदार महाराष्ट्रातील राजकीय पुढारीच आहेत,angry
काल न्युज होती,neutral
असे काम करण्या साठी कोणी जबरदस्ती नाही...सरळ राजीनामा द्यावा व रश्मी शुक्ला शोधावी,angry
परभणी : गंगाखेड येथे भीमा कोरेगाव शौर्य... ./_?,neutral
हिंदीमध्ये भाषण का केले ते आधी सांगा,neutral
तुम्ही ट्विट लाईक नाही केले मग तुम्हाला आम्ही का सांगणार...,angry
"उशिरा सुचलेलं,,,शहाण पणा ....या लोकांना आधी का सुचलं नाही ....",angry
जशी मुंबई मध्ये पावसाळ्यात तुंबई होते. तशीच पुणे मध्ये सुद्धा होते काय ? कालच्या पावसावरून,neutral
खरोखर आपलीच मीडिया होती बहुतेक,neutral
ग्रामपंचायत इलेक्शन हे गाव लेव्हल ला असते साहेब,neutral
जंगल वाचलं तर आपण वाचू म्हणून आंदोलनात सहभागी व्हा.,neutral
भविष्यात तुम्हाला पुन्हा अशी मोठी संधी मिळेल त्यामुळे मित्रांनो ही संधी गमावू नका.,neutral
सर तुम्ही ऑर्डर पण घेता का..???,neutral
प्रश्नांची जाणीव होते का?,neutral
आत्मदे आहे कि बाहेर आला....,neutral
"मुंबई : एसटीच्या प्रशासकीय अधिकारी, कर्मचाऱ्यांना तीन दिवसांत वेतन",neutral
आता बीसीसीआय पण धनंद्याला लग्नार,angry
घराणेशाहीची सुरुवात अशीच होते,angry
उमेदवार न देता???? बरं ते मागील - आठवड्यापूर्वी का कळवण्यात आले नव्हते?,neutral
त्याच कॅटेगरी मधे आहे हे वर्जन फक्त प्रो आहे.,neutral
निकाल घोषित होण्याची वाट पहा. म्हणजे काय होते ते समजेल....,neutral
अरे पण ते काँग्रेसी होते,neutral
उमेदवाराला बळ देताय का बळ काढता ..अहो इथे मशाल निवडुन येणार लोकांचा कल तिकडेच आहे,neutral
खरे सौंदर्य असलेल्या ललनाच फोटो टाकण्याचे धैर्य दाखवतात. बाकी फिल्टरवालीया है,happy
"तुमच्या सारखे मीडियावाल्यांना घरी नाही घेऊन गेले... आईच्या पाया पडताना,आईला जेवण भरवताना फोटोजीवी...",angry
ही वेळ त्यांच्या येऊ नय जे त्यांची परिस्थिति वर कॉमेंट्स करतात !,sad
शरद पवार साहेब बोलले त्याला सुध्दा रणनीती बोलणार का,neutral
| अधिक उत्पादन वाढीसाठी व रोगराईमुक्त सोयाबीन जातींचा शोध…,neutral
माणसाची निवड चुकली की आयुष्याची बॅलन्स शीट कधीच टॅली होत नाही.,happy
"आव, स्टेज वर लोटांगण घातले तर उचलायला दोघे आता जर अर्धी भाकरी खाल्ली तर....",angry
महागाई वाढली नाही.. लोकांचा पगार कमी आहे.. - अर्थमंत्री निर्मला सीतारामन,angry
ताई कधी पण हाक द्या सदैव सोबत,neutral
तुमच्याकडे पन्नास खोके आहेत ते पण सांगा,neutral
"उलट आंदोलन करू नये म्हणून पैसे घेतात टाटा,अंबानी कडुन",angry
"महाराष्ट्रातील जनता माफीवीरला मानत नाही, गद्दारांच्या जिवावर सत्ता भोगण्याऱ्यांनी यावर पण बोलावं.",angry
पामराला कळाला नाही....गोरा का,happy
आता सप्तपदी पण करतील दोघां सोबत,angry
ती भविष्याची हमी उबाठा सेनेने दिलेली दिसत नाही.,angry
मलातर दोघांचे ही म्हणणे पटत आहे..,neutral
किरीटसमय्याजी भावनाताई च्या शंभर कोटी रुपयांच्या चौकशीचे काय झाले,neutral
दाखवून घ्या सर एव्हडा चांगला फोटो आवडला नाही,angry
सगळ्यांच्या माहितीस्तव हे तोंडली नाहियेत.,neutral
अमर्त्या तुमच्या गावाकडील आहे हा. मला नाही वाटत पाटील असेल म्हणून.,neutral
जागा वाढ ही मागणी ही लावून धरावी.,neutral
मला कधी देत आहेत,neutral
पौर्णिमा नसते ना म्हणूज,neutral
कॉंग्रेस नेते दिग्विजय सिंह हे कोचीनहून दिल्लीला रवाना होत आहेत.,neutral
"उरलेले जिल्हे पण देऊन टाकायचे ना ,का ठेवलेत",angry
माघार का घेतली काही समजले का?,neutral
नड्डाजीचे पक्षात किती चालतं नामधारी राष्ट्रीय अध्यक्ष असताना.. ते सर्व देश जाणतोच,angry
अरे मला का ब्लॉक केला आहे...?? मी तर कधी काही बोलत नाही आदू ला.,happy
निवडणूक आयोग घटनात्मक संस्था आयोगाचं काम अध्यक्षांच्या कामापेक्षा वेगळं निवडणूक आयोगाचे वकील दातार यांचा युक्तीवाद,neutral
तुम्ही मूर्ख समजत असाल पण जनता सूज्ञ आहे,happy
परवानगी दिली नसली तरीही तुमच्यासाठी काय फरक पडतो. त्याने तुमच्या वडिलांचा फोटो वापरला नाही,angry
अशी विधाने करत रहा मोदी पुनः पुन्हा येत राहतील,angry
"माननीय आयुक्तांना,महापौरांना विनंती आहे,कि हात धुण्यासाठी पाणीपूरवठा योग्य दाबाने आणि दररोज करावा.",happy
प्रभावाखाली निर्णय असेच होतात का?,neutral
पुणे सांस्कृतिक आणि बीड काय बिहार आहे का महेंद्र कुमार जी,angry
राज्यपाल कोशारी देखील प्रचारात आहेत का?,neutral
आहेत का हे आपले,neutral
काँग्रेस अध्यक्षपदाच्या शर्यतीत शशी थरुर बाजी मारतील का ?,neutral
बंदी म्हणजे प्राॅव्हीडंड फंडाच्या व्याजावर वर्षे बंदी असे एकजण बोलत होता,neutral
शिवसेना नेते बबन घोलप यांच्याविषयी ही आहे शिंदे गटाची भूमिका,neutral
"त्याला गुजरातवरुन माल येतोय , त्यामुळ अशी अवस्था आहे",angry
संवेदनशील खा. डॉ. प्रितमताईसाहेब गोपीनाथजी मुंडे आष्टी तालुक्यात शेतकर्यांच्या बांधावर; अतिवृष्टीमुळे झालेल्या नुकसानीची पाहणी!,fear
जरा वेगळ्याच आहेत का,neutral
पका काय झालं रं हे..... काकणं फोडून घे ....,happy
नकली लोकांची नक्कल करण्यात काय हरकत आहे बरं!!,angry
हिवाळ्या मुळे डिशेम्बरपासून पुण्याच हिमवर्षा होणार आहे,happy
उद्या या उकरपीन्डी खायला,neutral
आता आतली चड्डी बेल्टच्या खालीच असते ना...,angry
याचा आणि महाराष्ट्राचा काय संबंध?,neutral
कमळी च्या किड्या ना हरवायच आहे अस सांगणार रे भुसनळ्या,angry
"थोडं थांबा, हळूहळू सगळं च बाहेर येईल. आणि, ते ही त्यांची च मंडळी बाहेर काढेल.",neutral
पण का व्हायच श्रावण बाळ....आइ-वडिलांनी उभरत्या मुलाला का भरीस पाडायच यात्राकरता.....त्याला करीअर बनवुंदे...,neutral
भूमरे बोल रहा हे ये दुल्हा गुजरात का हे ओर भाषा मराठी हे,neutral
“हा चित्रपट…” ‘कांतारा’ पाहिल्यानंतर मराठमोळ्या अभिनेत्याची ‘ती’ पोस्ट चर्चेत,neutral
हे सुख आता दुर्मिळ झालयं.,sad
तू भेटलीस तेव्हा मी बोललोच नाही तू भेटतेस तेव्हा माझे असेच होते...,sad
"काय व्हत हे, काय झालंय हे",happy
तुमच्या साठी आहे हे,neutral
नोटबुक: कायम सोबत राहील असे गिफ्ट चिमणाकडून,happy
तरी अपक्ष म्हणून निवडणूक लढावायचीच .. कुणी सांगा तिचं मत तुम्हालाच मिळल !,neutral
"“वर्षा बंगला सोडायचा होता तेव्हा..,” संदीपान भुमरेंची उद्धव ठाकरेंवर टीका, म्हणाले मुलगी सासरी…",angry
ही खरी बाळासाहेब आणि दिघे साहेब यांची शिकवण,happy
"पालघरच्या प्रस्तावित क्रीडा संकूलाचे काम युद्धपातळीवर करा, मंत्री रवींद्र चव्हाणांच्या सूचना",neutral
सगळीकडे च आहे वातावरण तर सारख तसच बनून असते,neutral
"पुरातन काळात रोड बनवताना, एक निएन्डरथल मनुष्य",neutral
"हे खूप लोकांना अडीच वर्षांपूर्वी सुध्दा कळले, पण तुम्ही घातलेल्या चष्म्यामुळे तुम्हास दिसले नाही.",angry
मावशी सध्या पाऊस भरपूर आहे,neutral
"माहित आहे त्या वेळेस मी म्हणालो सुद्धा होतो, करणे .",neutral
उणीदुणी ला उणीधुणी लिहीलं आहे नागपूरकरांनी,angry
तुमची उमेदवारी पण लागलीच जाहीर करून टाका,neutral
विद्यार्थी जिल्हाध्यक्ष सुजित उपरे व आदी मान्यवर उपस्थित होते..!,neutral
"शी जिनपिंग दिवसांपासून चीन बाहेर पडलेला नाही, म्हणजे हा तर जागतिक",neutral
पाकिस्तान जिंदाबाद चे नारे दिले हे तुला कन्फर्म आहे का??,neutral
विवाहित मुलगीही रेल्वे अपघाताच्या भरपाईसाठी पात्र उच्च न्यायालयाचा निर्णय : आठ लाख रुपये देण्याचा आदेश,neutral
सर्व क्षेत्रीय कार्यालयांमध्ये उद्या होणार जनसंवाद सभा,neutral
एक निशाणी मिळाली तर इतके बोलता मग उद्या पराभूत झालात तर काय करला?,angry
प्राण जाये पर वचन न जाये...हे कोण्यातरी महापुरुषानी म्हंटले आहे...!,happy
आपली समस्या काय आहे यांपैकी करा,neutral
मराठी येत नाही का?,neutral
अति मराठी मालिका आणि चित्रपट बघितल्याचा परीणाम.,neutral
कुठं आहे हे,neutral
राजीनामा मंजूर होऊ द्या पत्रकार लोकांनी प्रचार सुरू केला,neutral
हास्यजत्रेत का नाही येत आहेस??,neutral
कोण आहे तात्रींक मात्रींक की गारूडी.,neutral
ते सर्वोच्च न्यायालयाने कायदेशीररित्या स्थापन केलेल्या खंडपीठाच्या वर आहे का?,neutral
हां... हे महत्त्वाचं आहे बघा साहेब,neutral
मी केलंय बरं का फॉलो... नाही आला हा वेगळा विषय आहे म्हणा,neutral
सगळा सेट अप झाल्यावर विचारणार का,neutral
मी ... ह्यातून काय समाज प्रबोधन होणार हे त्यांनाच ठाऊक ...,angry
असं पण होतं का?,happy
आणि तू शिवसेनेत येणं ही बारामतीची स्क्रिप्ट आहे.,angry
कोणकोणत्या जिल्ह्यातून जाणार आहे त्याची माहिती द्या लोकांना येवढं तरी करा.,neutral
"मिजोराम ,सिक्किम व गोव्यात गोहत्याप्रतिबंधक कायदा लागु झाला आहे का ?",neutral
हलाल मुक्त दिपावली साजरी करू.अशी उत्पादने विकत घेऊ नये .,neutral
|| सर्व मंगल मांगल्ये शिवे सर्वार्थ साधिके । शरन्ये त्रयम्बिके गौरी नारायणी नमोस्तुते ||,happy
प्रितिमेचा नाही प्रतिमेचा दुरूस्ती करावी..,neutral
ह्या घटनेचं आणि परवा पाणी भरल्याचा काही संबंध असू शकतो का? दुकानदारांनी काळजी घ्यावी.,fear
मल्लिकार्जुन खरगे हायकमांड म्हणून गांधी कुटुंबाच्या प्रभावातून बाहेर पडणार का?,neutral
संजय राठोड ची अश्या प्रकारे दखल घेतील का पोलिस मित्र,neutral
तुम्ही हुकमी एक्का आहेत,happy
त्याच जनतेचा मी सुध्दा एक भाग आहे.,happy
"बौद्ध समाज नाही, बौद्ध धर्म म्हणत चला",neutral
"तसेच देश तोंडाच्या वाफेवर चालत नाही, श्रमिकांच्या श्रमावर चलतो",neutral
महाविकास आघाडी आहे म्हटल्यावर तुमच्या वडिलांचा फोटो टाकायचा का?,angry
हे महाशय कोण आहेत,neutral
याची माईंडसेट पाकिस्तानी आहे असे वाटते.,angry
"इन्स्टिट्यूटचे संचालक कैलाश सोनवणे, किशोर सूर्यवंशी, धनंजय खैरनार, सोमनाथ कासार उपस्थित होते. ......................................................................................",neutral
पटकथेला मान्यता देणाऱ्या पडताळणी समितीतल्या सर्वचर्व सदस्यांची चौकशी ही विद्यापीठ प्रशासनाने करावी.,neutral
श्री स्वामी रामानंदतीर्थ हे आणखी एक माझ्या अल्प माहितीतलं.,neutral
पण तुम्ही तुमच्या चॅनेल वर हे दाखवणार का???,neutral
त्या वादळ मधे किलो वजनी कचरा घेऊन जायची ताकत असेल का??,neutral
पॉवरकट बापाची पोरगी आहे ना ही?,neutral
दगडूशेठ मंदिराकडे आहे का पाऊस ?? काय परिस्थिती तिकडे सांगाल का,neutral
म्हणूनच नावं गोंधवल होते हातावर का,neutral
गाव जेवल्यावर जलेबी मागत आहे ‌,neutral
हे हिंदुत्ववादी आहेत म्हणे,angry
"मुत्सद्दीपणाचा निर्णय! मनपा निवडणुकीनंतर भाजप, बाळासाहेबांची शिवसेना आणि मनसेची युती होणार!",happy
हेच मुंबई विषयी बोलताना का नाही सुचत तुम्हाला,angry
सुडाचे राजकारण महाराष्ट्रातील करीत आहेत.,angry
आता दुसरं काही कार्य राहिलं आहे का त्यांच्या कडे,neutral
परत निवडुन या म्हणजे झालं!,neutral
ठरवून आहे..असच वाटतय..,neutral
एखादा नेता कुठे एकटा जातो असे मी तरी आजपर्यंत नाही एकले,neutral
कश्या प्रकारे अद्दल घडवली होती रे? जरा सविस्तर सांगतो का?,neutral
महाराष्ट्रात आमदार आहेत भा ज पा चे. असो...,neutral
जेलमध्ये गेल्यानंतर काहींचा माफीनामा पण उफाळून येतो,angry
महाराजांच्या घोड्याची सकाळ दुपारच्या वेळी नव्हती होत,neutral
हे पण सांगा की,neutral
हे म्हणजे शरद पवारांनी जातीयवाद संपवण्यासाठी काहीतरी करा असा सल्ला देण्या सारखं आहे,angry
चिव शेणिक हो आता आपल्याला बाळासाहेबांच्या शिवसेनेला हरवायचे आहे....,neutral
नामा म्हणे देवा दिवस नाही आता त्वरें वेगीं संतां सिद्ध करा,neutral
भगतसिंग यांच्या जयंतीपूर्वी त्यांना आदरांजली देण्यासाठी एक महत्त्वाचा निर्णय घेण्यात आला आहे.,happy
"मोदी ची आदेश होता , तुला अस म्हणायचय का??",neutral
या आगीचा शेवट पर्यंत होणार,neutral
अग तु मला आधी हे सांग तू का माझ पहिले ब्लॉक,angry
विरोधकांचा म्हणजे बाळासाहेबांच्या शिवसेनेचा मानायचेय काय,neutral
मी घेतला होता. आता काय बोलणार यावर. बोल शोणाली बोल,neutral
त्यांना माहीत आहे टोमणा की कदर....,neutral
मोदी ला नवाज शरीफ ही जवळचे वाटणे रक्तस्वाभाविक आहे.,angry
काही कुत्रे नुसते वासावर आहेत हे कळाले..,angry
रींगण करायला तेथे ही वाव आहे,neutral
हे खरे बाळासाहेब आहेत शिंदे गटाचे,happy
मुख्यमंत्र्याची बोलती बंद आणि उपमुख्यमंत्री मजा घेत कसे हसत आहेत बघा,angry
लोकांची मनेच आता पेटली आहेत आत्ता काय करणार.... विझवणार....,angry
अनजीच्या विचाराने चालत आहेत..,neutral
भीती बोलतेय. भविष्यातली युतीही,fear
"हा चु...की तुम्ही, ते निवडून आलेले आहेत तु चा.. आमदार",angry
तुम्ही भावाच्या नावाने चालू केलंय...संजय राठोड आणि यांचा संबंध नाही,neutral
कालच्या पावसाने पुणे महानगरपालिकेतील रस्त्यावरच्या पाण्याची पातळी किती होती ??,neutral
घटनापिठाचा मोठ्ठा निर्णय....,happy
हिच लोकं राहुल गांधींची यात्रा जास्त प्रसिध्द करणार आहेत...,neutral
हा संशोधनाचा विषय आहे,neutral
का पळून जाणार आहेत असं वातावरण आहे की काय ?,neutral
यांच्या भाऊबंदामुळे तर होत नसेल ना ????,neutral
काय ट्वीट होत?? डिलीट केल,neutral
जसा बारका तशी ही... दोघेही रडके,angry
आणि हुडको ही प्रमाणे मध्ये आहे.,neutral
पहिल्या पासुनच सहानुभूती आहे,neutral
शंतनू मोघे यांना पण शोभतो....,neutral
त्यांना हे बाेलायला किती पैसे दिले तुझ्या पार्टीने हे पण सांग,angry
रोहित पवार सुशिक्षित आहेत का?,neutral
तेवढं आहे...,neutral
हे लढले म्हणतील आपण रडले म्हणायचे,angry
गोठवलेले चिन्ह वापरून निवडणूक जिंकू शकणार आहेत का ???,neutral
"सर्व पक्षीय नाही, फक्त भाजपने विचार करावा",neutral
शिवसेनेचा उमेदवार पाडायसाठी ला धुळ्यात कोणी मदत केली सगळ्या ला माहिती,neutral
अरे पण ही पट्या आंटी ऐकत नव्हती ना मोदींचे,neutral
आंबट शौकीन आहे वाटतं,neutral
अबब! स्कूल बसमध्ये हा कोठून आला अजगर? व्हिडिओ पाहून कुणाचाही थरकाप उडेल,fear
अधून मधून मागे पण पाहावं..,neutral
पंजा आणि घड्याळ ला खुश करण्या साठी ही पोस्ट आहे,angry
पण रामशास्री प्रभुणे होणार आहेत का ?,neutral
वाटतं आहे वेळ खूब आहे,neutral
हे सांगून सर चां अपमान नका करू तुम्ही,angry
तुझ्या का डांगत जाळ निघतोय होय रे चुत्ता+या जनता पार्टी च्या सतरंजी उचल्या,angry
नाहिं थायलंड का यात्रा.,neutral
मराठी एक शिक्षकी शाळा बंद करून पण राज्याचा विकास होत नाही,sad
कालची भेट त्या साठीच होती वाटत,neutral
शाळा बंदी निर्णय मागे घ्या,angry
नव-नवीन प्रयोग होत आहेत...,neutral
"कोण भैया बसवलाय, मराठी नाही येत का",angry
माजी मनसैनिक पण लिहायला पाहिजे होत,neutral
श्रुष्टी ही इन्स्टाग्रामवर आहे ट्विटर नाही आहे. माझ्या जवळच्या मित्राची बहीण आहे.,neutral
सोळा आमदार अपात्र त्या बद्दल चे काय निर्णय होते?,neutral
हे घ्या अजून एक..,neutral
मायला पाऊस थांबायचे नाव घेत नाही बहुतेक त्यालाही मशाली विझवायच्या असतील,angry
एक देशव्यापी विरोध प्रदर्शन तो बनता ??,angry
बाळासाहेबांचा फोटो दिसत नाही,sad
महाराष्ट्राच्या राजकीय संस्कृतीबद्दल अचानक स्मरण होते तेव्हा …,neutral
इथे ब्राह्मण-ब्राह्मणेतर विषय नाहीये देशभक्त आणि देशद्रोही हा आहे,angry
याचं कारण ते 'फोनवर बोलत असताना' दुचाकी ही चालवत असतात,angry
न पटण्यासारखं काय आहे वरळीतील कमीत कमी / टक्के प्रॉपर्टी यांचीच असली पाहीजे,neutral
तुम्ही काही करू शकता का??,neutral
नित्या बाळ होत की तिकडे ...,neutral
आता पराठ्यावरही टक्के जीएसटी..,angry
आता उद्या परत जाऊन सांगा त्याना.नाही ऐकलं तर राजारामपुरीत नेऊन समजवा.,angry
जपानच्या इतर वाहन कंपन्याही याच मार्गावर आहेत.,neutral
मशाल ही विझू द्यायची नाही,neutral
"जाऊदे,त्यामुळे तुमचा नंबर तरी लागेल ना साहेब",angry
"तुम्हीच महापौर होता ना, ला कंत्राट देताना?",angry
मी तीन दिवसापूर्वी घेतलं अजून आला नाही,neutral
का कोटी मधे काही आहे का?,neutral
बाळासाहेब देवरस यांच्या शिवसेनेला हरवायचा आहे !!,neutral
कायदा जणांनी लिहिला आहे माझे नेहमी हेच म्हणने असते असे बोलणाऱ्यासाठी,neutral
तारीख टाका कधीपर्यंत होणार ते,neutral
कथाकाथित रामाने बायको सोडली होती मग राहुल गांधी काय सोडणार??,neutral
आहो त्या सामना मुळेच धनुष्यबाण मोडला आहे .,sad
कश्याला असे उद्योग करायचेत?,angry
‘दक्षिण कैलास’ म्हटले जाणारे श्रीलंकेतील तिरुकोनेश्वरम् मंदिर ! ./// .,neutral
अप्रत्यक्षपणे तो योग्य व्यक्ती तुम्ही च आहेत हे सुचवायचं आहे का यातून,neutral
हे इतके बारीक टोमणे साठी काही क्लास लावला होता का माजी मुख्यमंत्री कडे,angry
दगडूशेठ हलवाई मंदिराजवळ हे दृश्य आहे,neutral
म्हणे मोस्ट पावरफुल म्हणून गोहाटी सुरत ला गेले होते का...!,angry
"शुभ सकाळ,अत्ताच्याला ठेवली का?",neutral
"तुम्ही त्याना ""बस्ती"" देऊ शकता...",angry
त्या लाख हजारात तुमचा नंबर लागणार होता काय?,angry
जसजशी दु:खांची चीड येत जाते तसतशी माणसाची प्रबळतेकडे वाटचाल होते. . .,sad
कारण हा बोलका बाहुला आहे.,neutral
अंघोळ करून झाल्यावर बघू असा पाहिजे होते....,neutral
हे पण खर आहे,neutral
आधि आपत्रतेचा निर्णय कोर्टात चालू आसताना निवडणुक आयोगापुढे जाणे योग्य आहे का ?,neutral
पाडव्याला? का?,neutral
तुला बाळासाहेबांबद्दल काही माहित तरी आहे का?,angry
मनुस्मृतीने फक्त सरस्वतीला शिक्षनाचा अधिकार दिला होता का,neutral
किशोरी पेडणेकर नचेल का आता?,neutral
यांनी नांदेड जिल्ह्याची पाहणी रात्री नऊ वाजता केली त्यामुळे त्यांना काय कळणार,angry
"सर मी महेंद्र गिरिधर निकुमे, साक्री जिल्हा धुळे मला करायचंय काम",neutral
आपल्या महाराष्ट्रात कधी होणार?,neutral
थापाचा असिस्टंट होता.,neutral
उद्धव बाळासाहेब ठाकरे नावच पुरेसे आहे. जाळ आणि धूर संगतच,happy
आता हे वापरायचे दिवस आले आहेत. भविष्यात हया खुप डिमांड असेल बुकिंग करून ठेवा.,happy
ठिक आहे तू जा निघ,neutral
चित्त्या? माणूस आहे बाबा... अन्नखाऊन दिवस काढतो.,angry
अगदी बरोबर संघाने म्हणून तिरंगा लावला नाही,angry
नाही मी बोलतं नाथा नाही मी बोलतं,neutral
"आता अधिकृतपणे लढाई ""बाळासाहेबांची शिवसेना"" विरुद्ध ""शिवसेना (उद्धव बाळासाहेब ठाकरे)""",neutral
हा स्वाभिमान प्रत्येक मराठी कलाकारांकडून अपेक्षित आहे.अखंड महाराष्ट्रात पहिला हक्क मराठी माणसाचाच.,happy
"भारतातून चोरी झालेल्या ऐतिहासिक प्राचीन वस्तू अमेरिका परत देणार, किंमत तब्बल…",happy
"सज्जन म्हणजे प्रताप सरनाईक, यामिनी जाधव, भावना गवळी का ?",angry
"भाई , हिदु म्हणजे काय हे तुला समजलं का ...?",neutral
"अरर! मान्नारानं पहिल्यांदाच केलं स्विमसूटमध्ये फोटोशूट; युजर म्हणाले, ‘गेलं दिवस…’",happy
पावसामुळे नुकसान झालेल्या भातशेतीचे त्वरीत पंचनामे होऊन नुकसान भरपई द्या,fear
साहेब बसायच का ..,neutral
देव भावनांचा भुकेला. हात जोडून स्मरण करा. आणि मानवता हाच धर्म आहे,happy
ही पण जागा भाजप ला,neutral
: तुम्ही पण उद्धव झाला का,angry
नक्कीच बघतोय आणि आमच्या आजूबाजूच्या लोकांना मित्र-मैत्रिणींना पण बघायला सांगतो आहे,neutral
हे महाशय गायबच झालेत ट्विटर वरून,happy
या कडे लक्ष द्यावे ही विनंती,happy
सगळे निशिगंध च म्हणतात या फुलांना,neutral
"नाही, मला तसच बोलायचं आहे जसं मी बोललो आहे.",neutral
सणासुदीला सोनं खरेदी करण्याचा प्लॅन मग या गोष्टी लक्षात ठेवा,neutral
"माघार घेण्याच्या आधीच जाहीर आव्हान द्या, ही निवडणूक बिनविरोध होऊ देऊ नका.",neutral
निखिला प्रश्न विचारणार आणी चुल्हास पोपट उत्तर देणार.. अहो रूपम् अहो ध्वनी....,angry
तुम्हाला पण टाकूया काय त्या यादीत..?,angry
लटके मॅडम आमदार झाल्या हे महत्वाचे.,neutral
"यावेळी माझ्यासह मंडळातील सदस्य, भाजपाचे पदाधिकारी व कार्यकर्ते उपस्थित आहेत.",neutral
जो पर्यंत सुपारी घेणे बंद नाही होत तोपर्यंत स्वप्न रंगवा,angry
कंधार चा किल्ला आहे एक बरोबर का,neutral
व्हेज जेवण भेटत का तिथं?,neutral
देशद्रोह्याच्या जिवावर महाराष्ट्र द्रोही उड्या मारत आहे,angry
मुश्ताक अली ट्वेन्टी- क्रिकेट स्पर्धा : पडिक्कलच्या शतकामुळे कर्नाटककडून महाराष्ट्र पराभूत,neutral
"गरबा,दांडिया ही महाराष्ट्राची परंपरा नाही! आदिशक्तिचा जागर महत्त्वाचा! नवरात्रीत स्थानिक कलावंताना प्रोत्साहन मिळणे महत्त्वपूर्ण!",happy
तास झाले लाईक्स आहेत भविष्य समजुन घ्या,angry
दादा.... विशेष म्हणजे हे लोक संविधान लोकशाही याविरुद्ध आचरण करतात,angry
मी राहुल गांधी ह्यांच्या बद्दल बोलत होते मोदी ह्यांच्याबद्दल नाही,neutral
भिमा कोरेगावच्या व्या शौर्यर्दिनी अशोकबापू गायकवाडच्या नेतृत्वाखाल... ./,happy
"गृह खात काय कुरळे केस विंचरायला, घेतले आहे का?",angry
नवरात्रीमधील उपवासाच्या दिवसात हेल्दी ग्लोइंग स्कीनसाठी हे पदार्थ नक्की ट्राय करा,neutral
हे काय राहत नाही आत्ता....,neutral
"एक महिना उशिराने प्रारंभ; ढगाळ वातावरण, पावसाचा परिणाम होणार",neutral
उठाचा बाजार उठलाय आहे म्हणून फुकटची नौटंकी करतोय महानगरपालिकेत कबाडा नक्कीच होणार आहे,angry
"गावसकर म्हणतात, भारत जिंकला नाही तर बांगलादेश हरलं! ./",happy
शिरक्या हे घे तुला ऐश कर,happy
सर.... फक्त कागदावरच आहे,sad
तसेच मतदारसंघातील भाजपाचे सर्व नगरसेवक व पदाधिकारी उपस्थित होते.,neutral
जागरण नी माझ नात तस जुने आहे,neutral
तुम्हाला नेमकं म्हणायचं काय! माझं काही चुकलं का,fear
अस्थिरतेच्या काळात शेअर बाजारात घसरण कशामुळे? ‘हे’ आहे सर्वात मोठं कारण,neutral
दुर्दम्य इच्छशक्ति आणि अढळ आत्मविश्वासाचा माणुस संकट झेलू शकतो,happy
त्यापेक्षा भ्रष्टवादी किंवा वाझेसेना,angry
हो ना तो गोगटे सुद्धा असाच म्हणत होता!,happy
आमच्याकडे पण आहेत. नवरात्रीमुळे डिस्काऊंट पण देवू.,neutral
हा मेकॅनिकल इंजिनियर आहे म्हणे,neutral
यापेक्षा मोठ्या पराक्रमाची अपेक्षाच नाही.,neutral
"रामभाउ ही ""पवारांच्या पराभवाची पायाभरणी चालु केली आहे त्यांच्याच कार्यकर्त्यांनी""!",angry
एकदम बरोबर ती ढाल डोक्यात घालतील आणि तलवार तुझ्यासारख्यांच्या डांगीत,angry
जे साधक तत्त्वज्ञान ऐकून दीक्षा घेतल्यानंतर साधना करतात. हा योगी शास्त्राचा साधक आहे.,happy
होना हे दोघे कपल बनू पाहत आहेत..,happy
पण हे सर्व महाराष्ट्र भाजपा अध्यक्ष चंद्रशेखर बावनकुळे यांच्या मतदारसंघातील चित्र आहे...,neutral
दादा सलगरा मन्डळ ला पण भेटणार का???,neutral
हे नागपुरात घडले पण वाहन क्रमांक ठाण्याचा असल्यामुळे आपल्याला टॅग केले आहे.,neutral
याने हवा पहिला आहे का छगण्य,neutral
पाऊस सुरू असताना अचानक बुलेट चा‌ आवाज आला कि ढग गडगडल्या सारखंच वाटते..,happy
साहेब भामरागड तालुक्यातील हे वास्तव,neutral
मराठा समाजाच्या हितासाठी सदैव वचनबद्ध मंत्रिमंडळ उपसमितीच्या बैठकीत घेतलेले महत्त्वपूर्ण निर्णय,happy
काय मंते पाय ही,neutral
वर्षांवरील नागरिकांना एस टी प्रवास मोफत हवा होता..,neutral
एक दम बरोबर आहे दिवस अजून प्रचार आणि हा विचार मनात आला आहे???,neutral
कदाचित हा पण म्हातारा होऊन बाहेर येणार .. आमीन...,sad
टोनगाच होणार,neutral
नंतर बोलतो म्हणलं होत न,neutral
पुरूष संघाला जमलं नाही ते महिला संघाने करून दाखवलं भारत जिंकला रे...,happy
यंदा पावसाच थोडा अति झालं आहे,neutral
फॉर्मॅलिटी आहे का बोकडं कापायचा? एका कोंबडीत काय भागत न्हाय,angry
बनावट मदरशांवर होणार कारवाई:,neutral
आमच्याकडे पण पाठवला का..,neutral
जी हे खर अकाऊट आहे,neutral
उद्धव ठाकरेच कर्तृत्व काय आहे ?? तुम्ही त्यांचे सैनिक म्हणून विचारलं.,neutral
बेडूक पण डराव डराव करतात आता,fear
लावणार च कारण तो आहे अणि दिल्ली आदेश तर पळाव लागेल ...अंधभक्त आहे,angry
हे असले रोज ट्विट असतात वर,angry
उरण तालुक्यात जनावरांचे लसीकरण पशुसंवर्धन विभागामार्फत गुरांच्या संरक्षणासाठी लसीकरण मोहीम,neutral
"अखेर पोलीस अधिक्षक सचिन पाटलांची बदली, पाटलांच्या बदली नंतर कुणाची होणार ऑर्डर?",neutral
हा प्रवेश खूप काही बाबी अधोरेखित करते आहे......,neutral
पक्ष नेतृत्त्वाच्या लायकीमुळे काही ठिकाणी घडतं. आणि काही ठिकाणी नाही.,neutral
निष्ठावंत भाजप आमदारांनी फडणवीसांच्या चपला उचलायचा का ?,angry
का नाही होणार? डिश वॉशर घेऊन या.,neutral
ती कमजोर नव्हती तर तो दांडगट होता.,neutral
ते तर आमदार होते मग पार्टी सोडणारच,neutral
प्रसन्नचा पगार केलेला दिसत नाही आहे टाईमावर पगार देत जा रे....,angry
महागाई आणि बेरोजगारी बद्दल पण बोलायला सांगा......,neutral
जर खरचं त्यांना हे करायचे असते तर त्यांनी केव्हाच केलं असतं,neutral
मीडिया आहेत का देशात?,neutral
हे पहा तिच्याच पक्षाचे काय म्हणतात,neutral
हे आहेत कॉग्रेसचे नवेकोरे अध्यक्ष.,neutral
लग्नानंतर पुरुष आणि महिला यांच्यात विविध गोष्टींमुळे काही समस्या निर्माण होतात.,neutral
अपेक्षाभंग नाही झ्ा ल म्हणजे बस वर्षात पुरावे असतील शिल्लक,neutral
लिहायचं होत का तिथे,neutral
किती बापाची आहे ही?,neutral
भारतीय मूव्ही एंटरप्राइझ शेवटी एकीकरणाकडे जात आहे का? कदाचित आम्हाला एक अंतर्दृष्टी देईल.,neutral
सोयरा होता त्यामुळे सोडून दिल,neutral
घोटाळ्यांची खूपचं चर्चा होत आहे...,neutral
वाचन करणारी माणस कायमच विचाराने आणि कर्तुत्वाने श्रीमंत असतात... म्हणूनच ती नावाजलेली असतात...,happy
माघार घेणे हाच एक मार्ग होता. कारण ते हरणार होते,sad
केरळ सारख्या छोट्या देशाचा शोध लावणाऱ्या कोलंबसचं पोरगं का रे हे .!,happy
अशोक गेहलोत राष्ट्रीय काॅंग्रेस अध्यक्ष होणे हे काॅंग्रेससाठी किती फायद्याचे व किती धोकादायक आहे??,neutral
सर्दी नाही जात का त्यांनी,neutral
"कुंती ने नव्हता दिला शाप ,गांधारीने दिला होता",neutral
ते पण शिवसेनेतून पळाले होते,neutral
कोंबडा कोंबडीची पैदास आहे का ही???,neutral
येऊ का फराळाला.,neutral
बंद दारा आड सारखंच दिसतंय हे पण?,neutral
समोसा राईस.... या जेवायला...,neutral
कोणाला टोमणा होता का,neutral
नाशिक येथील प्रभाग क्रमांक एक मध्ये कोजागिरीनिमित्त भव्य दांडिया रास आयो...,neutral
हाच का मराठीचा किंबहूना महाराष्ट्राचा सन्मान,happy
मुंबई मुलुंड मधे असलेले हे आई साल्पादेवी चे मंदिर,neutral
काँग्रेसी लोकांना असे वंचित बुद्धीचे नका म्हणु मेडम,angry
फक्त वर्षात वंदे भारत ट्रेन्स..!,neutral
हे तीन राणे मानव म्हणून जन्माला आले हाच अपवाद आहे,angry
गजानन काळे काय ठाकरे कुटुंबातील आहे का,neutral
पोस्टाच्या पाकिटावर आता जळगावच्या केळीचे चित्र,neutral
हा वारंवार पटवून देतोय की हा राणे आहे,neutral
दिवाळी येत आहे....,happy
राहुल गांधींच्या भारत जोडो यात्रेत उद्धव ठाकरे सहभागी होणार?,neutral
"ती आग कधी कम होणार नाही,आता बरनाल पण काम करत नाही",sad
अहो त्या कोल्हापूर ला पण वाटा. का कोल्हापूरला विसरले की काय,neutral
फोटोंसाठी लिंक ओपन करणार असचाल तर हे घ्या फोटोज्...,neutral
आणी दोघे मिळूनच सरकार चालवतील कारण तोपर्यंत मंत्रिमंडळ विस्तार होणार नाही,neutral
ते फिरणार महाराष्ट्रात जास्त फिरणार नाहीत तरी एवढी चिंता ?? हे अजबच आहे,happy
हे उरण कोणत्या जिल्हात आहे,neutral
लायकी प्रमाणे आपल्याला यांचा मध्ये बसायला जागा नाही,neutral
मंत्रालयात कार्यक्रम करायच्या विभागात प्रमुख पदावर होत्या का? का जयंत पाटील यांच्या विभागात होत्या.,neutral
कोण कोणाला म्हणाले?,neutral
आपल्या माहितीस्तव सर,neutral
अत्यंत कमी पल्ल्याच्या हवाई संरक्षण प्रणाली (व्हीएसएचओआरएडीएस) क्षेपणास्त्राची डीआरडीओने घेतलेल्या उड्डाण चाचण्या यशस्वी,happy
कारण तो पहिला राजीनामा होता जो अटी शर्ती लागून होता.,neutral
नोटीस पिरियड काय असतो माहित आहे का? अट घालून राजीनामा देतात का?,neutral
भूमी अभिलेख विभागाची पदांची रखडलेली भरती लवकरात लवकर सुरू करावी.,neutral
सांगली कोल्हापूर कोकण हे दरवर्षी सोसतं,neutral
भाजप पण आता अध्यक्षपदाची निवडणूक मतपत्रिकेवर लोकशाही पद्धतीने घेणार! - सूत्र,neutral
कमलीचे मत खा म्हणा तेवढं पुरें आहे,angry
ती घराणेशाही नाही का??,angry
वेड्याची चर्चा सगळेच करतात. याचा अर्थ ते त्याला महत्व देतायत असा होतो का?,neutral
आज आता घेतला घरीच,neutral
काही लोकांना मुलं पण होतं नाही म्हणून सदानकदा विवेक बुद्धी वापरावी लागते?,neutral
आमच्यासाठी बेळगावला हे शो आयोजित करा मॅडम.,happy
भक्तांनो महाराष्ट्र चा नकाशा माहित आहे का कसा आहे त,neutral
आता छोट्या मोठ्या ठेकेदारानी वडा पाव विकायचा,angry
"""नवीन अकाउंट नवीन सहित"" अशी तळटीप द्यायचे विसरले सर तुम्ही",neutral
"हे कमाल आहे,बघा",happy
हे पटल सगळ्या धनदांडगे आणि बलाढ्य नेत्यांची चौकशी व्हावी...,angry
"एका मुंबई पुरती मर्यादा नाही, आणि गोष्टी राष्ट्राच्या..",happy
चवण्णीछाप पेपर पण बंद करायची मागणी करताय म्हणाल्यावर तो किती महत्वाचा आहे हे कळतं,happy
तूमचा पंजा किंवा घड्याळ देणार आहे का?,neutral
विशेष लेख : राष्ट्रीयता आणि एकात्मता वृध्दीसाठी चला घरोघरी फडकवू या तिरंगा…,happy
सर सुविचारांचे पुस्तक हरवले का?,neutral
कधी कधी वाटतं की कमळाबाई तर खरी देशभक्त आहे का??,happy
टोपाली मातोंडकर नंतर हे एक नविन भुकायसाठी,neutral
तथ्य काय आहे हे आधी समजूध घ्या बुद्धिजीवी माणसा बसा खाली नाना,neutral
घरी बसुन पोटभर जेवण हाच बोनस आहे,happy
अरे याला ओळखतोस का? तुमच्या बॅचला कधी होतं का हे माकड?,angry
दाभोळकर चे मारेकरी कोणत्या संघटनेचे होते?,neutral
हे पुस्तक कोठे मिळेल?,neutral
"( ) बेरोजगारी खंडित तरुणांना प्रेरणा, त्यांचे धैर्य वाढवा सरकारने हा निर्णय घ्यावा.",neutral
दादा पाऊस सुरू आहे असा कसा पींजणार ओला होईल ना युवराज.,neutral
काय माहीत नाही पण तूझ्या घरी असा जावई असेल ना....,neutral
समुद्राची शिकवण आहे शांततेत जगायचं आणि रुबाबात जगायचं..!,happy
हां. काय? बरी आहेस ना आता? घरी आलीस का?,neutral
गडगडले म्हणजे नेमकं काय??,neutral
पोटनिवडणुकीत भाजपाने माघार का घेतली? चंद्रशेखर बावनकुळे यांनी सांगितले नेमके कारण,neutral
हे फडणवीसांच्या वर पब्लिक मधे आहे. .,neutral
म्हणजे यंदा . . बाप होणार.,happy
हे तसचं आहे जस मोदी त्यांच्या आईला भेटायला जातात ..,happy
ह्या साठीच तर होता अट्टाहास !!,angry
आता म्हणावे याला ....,neutral
माहिती चुकीची आहे हे कुठल्या निकाषा आधारे शोधणार,neutral
मग काय प्रतिज्ञा पत्र गोळा करून द्यायची का शिंदे गटाने?,neutral
आता त्या वस्तू तुमची घरे सजवायला वापरू नका म्हणजे झालं..,neutral
येईल हो ताई ट्विट खाली त्याच्या भावाचे फोटो आहेत हे,neutral
तुम्ही हा प्रयोग गढुळ दिसणार्या पाणीपुरीच्या पाण्यावर पण करु शकता,angry
"हे राजगिरा पुरी काय भानगड आहे, पहिल्यांदाच ऐकत आहे",neutral
जागरूक व्हा...! नुसते जागे राहून चालणार नाही...! /,fear
स्वाती नक्षत्र नोव्हेंबर पर्यंत आहे... त्यामुळे नोव्हेंबरपर्यंत असू शकतो,neutral
आमच्या घरी येतील का ?,neutral
साहेब यांना कठोर शिक्षा भेटेल अशी अपेक्षा करतो.,angry
ज्यांनी अत्यंत टुकार रिप्लाय दिले आहे त्यांच्यासाठी हा स्क्रीनशॉट येथे जोडतो आहे,angry
धर्मवीर दिघे साहेबांची आणि हिंदुहृदयसम्राट बाळासाहेबांची सेना म्हणजे बाळासाहेबांची शिवसेना,happy
मोदी ही आमचे पोट नाही भारत आणि तुम्ही सुद्धा आमचे पोट नाही भारत,angry
कौशल्य आणि ज्ञान या दोघांमधला फरक फार कमी कलाकारांना कळतो.,neutral
हा पण कन्व्हर्ट झाला बहुतेक,neutral
हे अर्धशिक्षित पण नाही पाव शिक्षित म्हणावं,angry
"टोपलीत मासे घेऊन जात आहे,असेच तिथे असायला हवे, अशी सूचना त्यांनी केली.( / )",neutral
ताई संजय राठोड ला शिक्षा झाल्याशिवाय कोणतही पद स्वीकारणार नाहीत अशा तत्त्वनिष्ठ आहेत.,happy
बर त्या सोनं बनवणाऱ्या मशीन च काम कुठवर आलय .एखादी घ्यावी म्हणतो,neutral
चांगल्या रस्त्याला गतीरोधक आणि चांगल्या माणसांना विरोधक हे असलेच पाहीजे...,neutral
तु ओरिजिनल पाटील आहे का मग उत्तर देतो,neutral
: मॉडेल चहावाली… मिस गोरखपूरचा किताब जिंकलेली तरुणी का विकतेय चहा…,happy
सर आज‌ मटणाचा बेत नाहीये का?,neutral
भाजपचा सरपंच आणि त्याच्या साथीदारांचा हिशोब व्हावा आता,neutral
अभियानाची सुरवात इकडून करा आधी,neutral
जनाब बाळासाहेबांची तर मुळीच नाही... फक्त हिंदूहृदयसम्राटाची...,neutral
ते काय भाजपावाल्यांसारखे यड.. आहेत का जसे भाजपाई उठसूठ उद्धव ठाकरे यांचे नाव घेतात,angry
": मुंबई पोलिसांना आला धमकीचा फोन, म्हणाले- तीन ठिकाणी बॉम्बस्फोट होतील",fear
काय फाल्तूगिरी चालू आहे? आणि याचा काय संबंध?,angry
हे चे बाळासाहेब देवरासे आहेत . त्यांना हरवायचे आहे.,neutral
"ला आताचे सरकार पडले की, मनसे मध्ये जाणार का ???",neutral
"आमच्या घरचे पण पुसायचे आहेत, तुझ्या माहेरचे काम संपले की ये आमच्या कडे",neutral
कर्पूरगौरं करुणावतारं संसारसारम् भुजगेन्द्रहारम्। सदावसन्तं हृदयारविन्दे भवं भवानीसहितं नमामि॥,neutral
योग्या शिवून घेतलीस का तुझी.... टाके भरले असतील तर सांग..,neutral
पण केलेल्या आहेत हे दिसतय,neutral
निवडणूक हारल्या तर पुन्हा नोकरी वर घ्या अशी पण अट असल्याची न्युज होती काल...,neutral
"कोहली - मी नव्हतो, समोरचे चांगल्या मध्ये करत होते.",neutral
या दिवाळीत चकली बनवायची आहे का? खालील कृती प्रमाणे बनवा:,neutral
केवढा मारला होता ह्याला. मज्जा आली होती बघायला. आत्ता परत तेच होणार आहे.,happy
अडीच वर्ष पंतप्रधान पदाचे आश्वासन दिले आहे,neutral
हे खरे कोकणचे लोकनेतृत्व,happy
भाऊ मी स्वतः मीडिया इंडस्ट्री मध्ये काम करतो. अभ्यासपूर्वक आणि अनुभवाने बोलतोय..,happy
ईडी सरकारचे सगळे मनसुबे आता लोकांना कळतात बर का?,angry
आयुष्मान त्याच्या पुढच्या चित्रपटाचे प्रमोशन करत आहे का? त्याचा मजेदार व्हिडिओ येथे पहा:,neutral
फक्त साम वरच ही बातमी आहे,neutral
"मी तांब्याचा पैसापण वापरला आहे,",neutral
सर हे ट्विटर आहे टिंडर नाही.,angry
म्हणजे तुझ्या मते शेंडी जांनव्याचे हिंदू का ??,angry
तुम्हाला बंद पडलेलं घड्याळ आहे ते सांभाळा,neutral
मध्ये भारत जिंकला नव्हे उलट बांग्लादेश…सुनील गावस्कर यांनी व्यक्त केली नाराजी ./---…,angry
बाकी थकले रामा गडी बाहेर आला...प्रमाेदमहाजनाचे पैसे चाेर....,angry
खूप पाहिले केला आहे.,neutral
ढाल - तलवार चिन्ह हे मतांची भीक मागण्यासाठी नाही...!,angry
"नाही,या वर्षी पण घरा पूर्ती लिंब उन्हाळ्यात पण होती.",neutral
कोण आहे ही?मला पण ब्लॉक मारला,happy
तुम्ही क्रेडिट कार्ड वापरता का? मग सीयूआर आणि त्याचा क्रेडिट स्कोअरसोबतचा संबंध समजून घ्या!,neutral
"शर्टाच्या आठवणीत शाहरुख म्हणतोय, 'तुम होती तो...'",sad
"कोल्हापूर, देगलुर आणि पंढरपूर पोटनिवडणुका हे सिलॅबस बाहेरचे प्रश्न आहेत!",happy
"_*दुःखाची सर असून ही, सुखाची सावली देणारा तो बाप असतो...!*_ धडपडणाऱ्या तरुणाईसाठी",happy
थोड पापक्षालन करा अस संघ चालक म्हटले होते.. जमत आहे का बघा,angry
थोडक्यात तो एक माणूस पूर्ण आघाडीला पुरून उरला असं म्हणायचं का तुम्हाला?,happy
"पण ते मग बुद्रुक कोण आणि खुर्द कोण, हा वाद सुप्रीम कोर्टात गेला असता..",neutral
म्हणून सोनियाजीच्या पदराचा आधार घेतले!,happy
खरेतर पांड्याच्या जागी राज बावाची एन्ट्री होणार होती...पण...,neutral
माझा आदरणीय वडील बाळासाहेबांच्या शिवसेनाला हरवायचा आहे,happy
वान्या तू वकील आहे ना?? नोटरी वाला असणार,neutral
म्हणजे आता कोटी लोकांना किलो मोफत रेशन द्यायची गरज नाही,neutral
"विंटरन्याशनल कंपनी आहे, राजू असलंच पाहिजे.",neutral
"याच्या वर पण बोला का ही, सर्व भाऊच आहेत",neutral
आरोपपत्र दाखल झाल्यावर आता डोंबलाचा तपास करणार,neutral
तुम्ही पण कोकणातले का?,neutral
बाबत विचार विनिमय करण्यात आला.,neutral
उमेदवारी अर्ज भरल्यानंतर मुरजीला सहा वर्ष निवडणूक लढवता येणार नाही हे कळल्यावर आठवले.,neutral
अरे तो काय कुरकुरेचा पुडा आहे का गेला आणि घेऊन आला,happy
दक्षिणा पिपासू लोकं दगडाला सुध्दा देव बनवतात. हे सिद्ध झाले आहे.,angry
कोण आहे हा..?,neutral
रत्न दिला पाहिजे मा. महात्मा ज्योति बा फुले आणि सावित्री फुले यांनाविनोद गाडे भारतीयअमरावती,neutral
चिन्ह गोठवन हा उद्धिषट होता???,happy
एकाच वेळेस सगळे अकाउंट लॉगिन होत नाहीत म्हणते.......,neutral
या महिला अत्याचार प्रकरण कडे जाणार.,neutral
हा फोटो मी सेव्ह केलेला आहे....,neutral
शैक्षणिक साक्षरता आर्थिक साक्षरता त्याच बरोबर वैचारिक साक्षरता पण हवी तरच माणसाची प्रगती होऊ शकते,neutral
कृष्णा भास्कर कुलकर्णी च पिंड दान करत आहेत का....?,neutral
ज्यांची चांगली ओळख आहे तेही जातात..,sad
भुमीपुत्रांनाच जाग द्यावी ही विनंती,happy
| पंकजांच्या बाजूनं अचानक विरोधक का बोलतायत?-,happy
हा उद्योग जाऊद्या गुजरातला आणि महाराष्ट्र ला एक बनवू,happy
महाराजांनी इशारा केला होता ... फक्त समजण्यास उशीर लागला ...,happy
मॅडम तुम्ही खूप कमी सांगताय... खालील लिस्ट मध्ये तर दाखवीत आहेत..,neutral
"हे खरोखर आश्चर्यकारक आहे, आपण सर्वांनी या मोहिमेबद्दल ट्विट केले पाहिजे",happy
पुणे : यशवंतराव मोहिते महाविद्यालयाच्या मोहिमेची एशिया आणि इंडिया बुक रेकॉर्डमध्ये नोंद,happy
डबल ढोलकी बाई आहे,neutral
त्यामुळे च तुला बोलावतोय,neutral
बांधावरील मुख्यमंत्री आम्हीं पाहिले आहेत.....,neutral
तुम्ही जिवंत असणे हे कुजकट मनोवृत्ती चे प्रतीक,angry
आता हलक फुलक वाटल नाही तरच आश्चर्य.. गंमत .... हास्यजत्रा कोटीचीच होणार,happy
आणि मुल हरिपाठ म्हणत होते,neutral
"नवनीत राणांना ‘या’ प्रकरणात मुंबई सत्र न्यायालयाचा तात्पुरता दिलासा, न्यायालयाने दिले ‘हे’ आदेश",neutral
आता भाजप च्या दृष्टीने काश्मिरी पंडित हे हिंदू नसतील,happy
तुमचं असंच काही झालेलं,neutral
जुकणारे शिवसैनिक असूच शकत नाही कारण बाळासाहेब आणि दिघे साहेबानी आम्हाला ते शिकवले नाही,happy
मागील अडीच वर्षात सत्ता असुन पण हेच चालु होत..कधी मराठवाडा विदर्भ फिरून पहा..,sad
हा वकील आहे?,neutral
बथ्थड आणि निर्जीव झाल्यामुळे अशी उत्तरे देऊ शकतात.,angry
शक्यता नाकारता येत नाही ...,neutral
शिवसेना नाव साठी जसे अधिकार आहेत तसेच बाळासाहेब ठाकरे यांना पण द्यावेत....,happy
पाटील भारत जोडो यात्रा कुठली सभा ही हेच ट्विट आपण डिलीट केले ना,neutral
हे आजही सोडून मानणारे पक्षात आहेत तर,neutral
आले परत... ते सीसीटीव्ही आहे,neutral
सगळेच मानतात काय गैरसमज आहे.. आधी काढून टाका मनातून,sad
पेंटर ची रेल्वे तशीही सेटिंग करत यार्ड मधे थांबते त्यामुळे प्रदूषण होतं नाही!!,neutral
थंडी कधी पडणार सर पुण्यात? गेल्या वर्षी सारखी भरपूर पडणार का?,neutral
"च माहिती नाही पण ' ' "" यार ह्याचा मेसेज आला """,neutral
ही 'कामिनी'ची फुले आहेत.,neutral
पण शेतकऱ्याचे सरकार कधी येणार आहे.,neutral
"बारामती मतदारसंघात भाजपाचा झेंडा फडकवण्यासाठी सुरु आहेत प्रयत्न, परंतु...",neutral
"शिक्षकही एक माणूसच आहे, हे लक्षात घेतले तर सगळं सोपं आहे!",happy
हो आणि वामन मेश्राम सुद्धा.,neutral
विदर्भाला महाराष्ट्रात सामील करून घेतांना कोणती जनमत चाचणी घेतली होती राजसाहेब?,neutral
"उद्या उपराष्ट्रपतीपदासाठी मतदान,जगदीप धनखड आणि मार्गारेट अल्वा रिंगणात",neutral
चुकीच्या रस्त्याने जात आहेत हे कळलं कसं.?,neutral
हा व्हिडिओ फेक आहे हे कशावरून ठरवले तू???,happy
वाढती लोकसंख्या हे पृथ्वीसाठी ओझे आहे की वरदान आहे? -,neutral
मशाली वर धरण दादा कधी करून विझवून टाकतील कळणार पण नाही,neutral
"मला कित्येक वर्षे झाली बघितला सुद्धा नाही, आपलीच लाल",sad
खर्गे रिमोटकंट्रोल अध्यक्ष असतील का?- रवींद्र आंबेकर,neutral
ते प्रथम क्रमांक कोणाचा आहे?,neutral
काही दिवसापूर्वी पेंटिंग पोस्ट केले होते .. दसऱ्याला .. कमाल आहे,happy
मुश्ताक अली ट्वेन्टी- क्रिकेट स्पर्धा : पडिक्कलच्या शतकामुळे कर्नाटककडून महाराष्ट्र पराभूत,neutral
तुमची बाजू मांडा तुम्ही विक्नार्यांच्य सोबत आहे की काय?,neutral
खरोसा लेणी लातूरच्या विभागात येत नाही का???,happy
येत्या एक दोन दिवसांत मिळेल अशी आशा करुयात.,neutral
हे वाचा दोस्तहो,neutral
नको म्हणलं तरी कुठल्या गाडीत बसु असं काम आहे या सगळ्यांचं.,neutral
एकंदरीत कालच्या निर्णयावरून असे वाटतंय की सर्व काही ठरलेलं आहे. निकाल देखील..,sad
हे पत्र आई साठी लिहलेले आहे का शिवसेना साठी कळत नाही भाऊ,neutral
"जाधव, विरोधकांचा वाजवायचा असेल तर प्रॅक्टिस करावी लगते की , असे काय करता?",neutral
तुमच्या फार्म हाऊस वर का ?,neutral
शिंदे गट भाजपात विलीन होणार आहे बाकी भविष्य आहे,neutral
मालक गुलामाची भेट झाली तर. रोज ट्वीट करतो त्याचे पैसे ही द्यायचे असतील,neutral
सकाळ पासून बाहेर होतो जास्त व्यक्त होता आलं नाही आता स्पेसवर थोडी चर्चा करू,neutral
स्व बाळासाहेब चे विचार नी नाही का ?,neutral
उद्धव ठाकरे राहुल गांधींच्या ‘भारत जोडो’ यात्रेत सहभागी होणार? काँग्रेस नेते निमंत्रणासाठी ‘मातोश्री’वर,neutral
"स्मार्टफोन चोरी झाल्यास लगेच करा ‘हे’ काम, कुणीही फोनचा गैरवापर करुच शकणार नाही",neutral
हा शरदचा माणूस आहे,neutral
मनी नाही भाव आणि देवा मला पाव..पण कॅमेरा नीट लाव.,neutral
निष्ठा कोनाची काकाची का,neutral
"आणि फक्त या फोन्समध्ये चालतील, फोनची संपूर्ण लिस्ट पाहा",neutral
बोनस गुण रद्द करून धारकांना स्पेशल कोटा द्यावा अशी आमची मागणी आहे,neutral
मुघलांकडे पण लाखोंची सेना होती पण,neutral
तात्या हे काय मनतात खर आहे,neutral
तुमचं उभं आयुष्य भूमिकेत अन गुजरात च भलं करण्यात जाणार आहे,neutral
हा मफलरबाज दादर भाजी मंडईत पथारी पसरून भाजी विकायचा.,neutral
आता हीच पक्षाच्या अंतिमसंस्काराला पण कामी येईल अस दिसतय.,neutral
अगदी आपल्या समोरच होता. अजून ही आहे मला वाटतं,neutral
"हे होणारच!सचिन च्या मागे ,,,,लावली असेल ना?त्या भाजपा ने?",neutral
एकमेव फुकटात मिळणारी गोष्ट आहे ती आपण नको म्हणत असताना लोकं देत असतात,neutral
हो रश्मी ने वर टाइम टेबल दिलेलेच आहे!,neutral
म्हणून केरळच्या राजकारणात कालपासून नरेंद्र दाभोलकरांच्या नावाची चर्चा सुरु आहे,neutral
बाबूराव तुम्ही शिवसैनिक का नावाआधी लावलय . महाराष्ट्र सैनिक लावा.,neutral
नवरात्रोत्सवाला सोमवारपासून होणार प्रारंभ; रत्नागिरी जिल्ह्यात ठिकाणी होणार दुर्गामाता विराजमान,neutral
: केतकीची अंदमान येथील ही पोस्ट सध्या चर्चेत आहे.,neutral
मोदी पण चौकीदार होते,neutral
त्यानंतर रंग आणि प्रतीक म्हणून ओळखला जातो.,neutral
दिल्लीच्या शाळांमध्ये शिकवल्या जाणाऱ्या देशभक्ती पाठ्यक्रमाचा मुलांवर कशाप्रकारे परिणाम होत आहे. नक्की ऐका -,neutral
सगळीकडेच आहेत अशी माणसं,neutral
"सुषमा अंधारे, भास्कर जाधव यांच्या विरोधात तक्रार का केली, बाळा गवस यांनी स्पष्ट सांगितलं",neutral
रस्ता किती खराब झाला आहे दुरूस्त होईल का सगळीकडे खडी पसरली आहे,sad
"भारत-पाकिस्तान सुपरहिट सामन्यावर संकट, पाऊस पुन्हा ठरणार का व्हिलन; जाणून घ्या हवामानाचा अंदाज",fear
म्हणजे फिक्सिंग झालीये का,happy
तिकडे काय खेळतात ही लोकं....इकडे या म्हणावं...,angry
हो दुसऱ्या पोथीत पण याचा उल्लेख आहे,neutral
कशावर आधारीत आहे हे पुस्तक,neutral
आता लवकरच सेल्फी चा पुढचा भाग प्रकाशित होणार आहे,happy
हा वेगळीच ढोलकी वाजवतो,angry
हेक्टर म्हणजे किती????,neutral
उत्तर माहीत नाही का?,happy
बेळगाव प्रश्न सोडवा म्हणून सांग आधी,angry
कोकणात राणे किंग आहेत हे मी मनसे कार्यकर्ता असून पण बोलू शकतो..,happy
सुप्रीम कोर्टाचा मोठा निर्णय; मोदी सरकारच्या नोटबंदीच्या निर्णयाची होणार चौकशी,happy
बाकी मी काहीच बोलले नव्हते मग तुला का गुजरात चे पाय दिसले?,angry
"सर, तुम्हाला स्टुडिओत घुसून मारले होते शिवसेनेने सांगा ,बंदी घातली पाहिजे का?",angry
एखाद्या व्यक्तीला त्याच्या पदवी आणि शिक्षणाने कधीही कमी लेखू नका,happy
हा नंबर तर पराग मोहिते चा आहे साहेब मी इच्छुक आहे धारावी विधानसभा क्षेत्र,neutral
चोकोबार पण मागून‌ खातो,neutral
तिस्ता सेटलवाड कोणाची भांड होती?,neutral
याबद्दल सत्यता समोर आली पाहिजे.,angry
शिवसेना उद्धव बाळासाहेब ठाकरेंची निशाणी धग धग ती निशाणी,happy
मग त्यांना धन्यवाद का??,happy
एक हिंदुत्ववादी दुसऱ्या हिंदुत्ववादी विषयी गौरवोद्गार काढतांना.,happy
बाळासाहेबांची शिवसेना चिन्ह- ढाल तलवार निवडणूक आयोगाचा निर्णय,neutral
हा फोटो टाकला आहे ना....,neutral
"बाप, लेकीत, स्री,पुरूष, समानता, म्हणजे? काय, हे!",happy
हा आता आला लायकीवर.... प्रॉब्लेम गुजराती नाही... तर नरेंद्र मोदी आणि अमित शाह आहे...,angry
मी तुझ्या ब्रँड बद्दल बोलत नाही भावा..महाराष्ट्राच्या जनतेबद्दल बोलतोय.,happy
शासकीय तंत्रनिकेतन करण्यात आला. यांच्यातर्फे नॅशनल इंजिनिअर्स क्षेत्रातील गुणवंत इंजिनिअर्सचा तत्काळ परवानगी देण्याचे,neutral
"पीएम मोदींचे मिशन लाइफ, का म्हणाले- कारमध्ये जिममध्ये जाण्याऐवजी पायी घाम गाळा",happy
काही काही स्वप्न अपुरी असतात सर्व पाहिलेली स्वप्न जीवनात कधी पूर्ण नाही होत.. हो..,sad
पंतप्रधान नरेंद्र मोदी यांनी मध्य प्रदेशातील उज्जैनच्या महाकाल मंदिरात प्रार्थना केली.,happy
"विषय आंदोलन काढण्याचा होता,",neutral
समाज सेवा करायची असेल तर नोकरी करून झाली असती.,angry
काकु उषकाल झाल्यावर मशाली का पेटवायच्या आहेत ते तरी सांगा.,happy
आधी पॅंन्ट सांभाळा तिच पेट घेनार आहे आता.,angry
बहूमत हे संवैधानिक कायदे/नियमांपेक्षा महत्वाचे किंवा मोठे असू शकते का?,happy
पाठवू का काही दिवस घरी तुमच्या,neutral
ताई.. दिवाळी आपल्या परिवारा सोबत साजरी करावी अशी प्रथा आहे...,happy
बिर्याणी फक्त नॉनव्हेज भेटते नाय का???,happy
युवा नेते पदातून बुजुर्ग नेता अर्थात पक्व नेत्याच्या भूमिकेत ट्रान्सफॉर्म करण्यासाठी हा खटाटोप आहे..,neutral
खरच कमावली.... एका मराठी पत्रकाराने राहली होती ते पन गमावली आकडे टाकून...,sad
"तेच अनुभवतोय सध्या, त्यामुळे सध्या नवीन विषय शिकून ॲाफीसमध्ये बदली साठी प्रयत्न करतोय.",neutral
आता जिल्ह्यात हर घर तिरंगा आणि हर घर वृक्ष लावण्यात येणार,happy
"ती नावाची 'भिडे"" आहे. त्यामुळे नथीतून बाण कोण मारतोय, हे संपूर्ण महाराष्ट्राला माहीत आहे.",happy
विश्वप्रवक्ते यांच्यासोबत आता साहेब प्रेमींना ही संधी मिळणार - सूत्र,happy
भूतकाळाच्या भूताचा वर्तमानकाळात आणि भविष्यकाळात आठवणींचा वावर असतोच. एकसारख्या मुसळधार पडणाऱ्या पावसासारखा...!,sad
आता बुद्धिबळाचा खेळ तिघेजण खेळू शकतील!,happy
मुख्यमंत्री एकनाथ शिंदे यांच्या अध्यक्षतेखाली आज झालेल्या मंत्रिमंडळ बैठकीतील निर्णय,neutral
आर्या जाधव ही आमच्या अमरावती मधील आहे,neutral
"ख़र्च आणि कर्ज कमीत कमी ठेवा, आणि भरभक्कम मालमत्तेचा पाया मजबूत करा.",happy
शिवसैनिकांनीही आणि सामान्य जनतेने पण,neutral
मटण आणायला नाही गेला होता का आज ?,neutral
माझा तीन दिवसात झाला दोन महिन्यापूर्वी केले होते.,neutral
सर हा परिवारवाद नाही!,angry
राज्यसभा जाने वाले हे ?,neutral
ही बातमी पण साहेबांना कळवा,neutral
प्रेम जबरदस्त असावं पण प्रेमात जबरदस्ती नसावी..,happy
मला वाटलं फक्त मलाच दिसत नाही ये का काय!,happy
"आभास सावली हा असतो खरा प्रकाश, जे सत्य भासती ते...",neutral
डोळे तुमचे दाखवायचे आहेत माझे नाहीत.,neutral
साहेबप्रेमी लै बच्चू आहेत म्हणून ट्रेंड करत बसलेत,angry
ही प्रतिकृती समजण्यासाठी दिलेली आहे : साभार गुगल,neutral
दोन्हीं गट च्यादशकात नेतात आता जनतेला,neutral
"वादक ही पदवी नाही, जबाबदारी आहे आपली मराठी संस्कृती आणि परंपरा जपण्याची",happy
हे सगळे युवा मधे रोजगार मिळवण्यासाठी आले होते का?,neutral
एक हे आणि एक ते,neutral
शिवसेना ही फक्त हिंदुहृदसम्राट बाळासाहेब ठाकरे यांचीच होती.,happy
"निवडून लोकशाही त होते, हुकुमशाहीत नाही",happy
कोथडा बाहेर काढण्याकरिता ढाल तलवार आता जपून,angry
बघू पाटीलकी बाजूला ठेऊन येथे किती मराठी पोरं काम करतील,happy
खरं आहे. अख्ख्या महाराष्ट्राला माहीत आहे.,happy
मी आयडिया दिली त्यामुळे आमच्या इथे नाही पडला,happy
आनंदाच्या शिधाला उशीर का? बाळासाहेब थोरातांनी सांगितलं कारण,neutral
"मुंबईसह अवघ्या महाराष्ट्रात आदिमाया, आदिशक्तीचा नऊ दिवस जागर होणार आहे.",happy
यांना ही करा आपल्या सोलापूरचेच आहेत.,neutral
.भावी पिढीला राजकारण्यांबद्दल तिरस्कार वाटेल अशी वक्तव्य होऊ नयेत अशी माझी नम्र विनंती.,happy
आयफेल टॉवर च्या पायथ्याशी एका मुलाचा नाचतानाचा व्हिडिओ पाहिला का सर्वांनी?,happy
आपल्या दोघांचा फोटो नाही का राव,happy
पायलट हा दुसरा अजितदादा आहे.. काही होत नाही.,neutral
अंधेरी पोटनिवणुकीसाठी शिंदे गटाकडून उमेदवारी कोणाला देण्यात येणार आहे ??,neutral
माझी चप्प* हरवली आहे....कोणाला दिसली का रे भाऊ...,neutral
"बस बहुतेक विद्यार्थी वापरतात, बस वाढवून सर्व विद्यार्थ्यांना मदत होईल.",neutral
घाम तेव्हाच फुटतो जेव्हा काम होतो टरबुज्या सारखा बसून काम होत नाय,angry
"ताई, थोडं, संजय राठोड विषयी बोलता का?",neutral
दिशा टाई पण आली होती का दसरा मेळा ल,neutral
होना हे नवरात्र मधी रंग बिंग असतात हे ट्विटरवर आल्यावर कळाले मला,happy
नवरात्रोत्सवामुळे नाशिक शहरामध्ये वाहतुकीत बदल करण्यात आला आहे.,neutral
हेच होणार आहे अगदी थोडे दिवस थांबा,neutral
( ) मला नोकरी हवी पण मोदी सेठ देत नाही.,angry
साडेतीन शक्तिपीठांपैकी एक म्हणताना ती शक्तिपीठे कोणती हे तरी गुगल करायचे की.....,angry
आता दर्ग्या मध्ये जाण्याची काय जरूर पडली ?,happy
आज श्रावणातील दुसरा सोमवार; जाणून घ्या पूजा विधी आणि महत्त्व,neutral
"आता हे काय नवीन,कोण आहेत या",happy
आता महाराष्ट्रातील ज्योतिर्लींगांचा विकास कधी करणार…???,neutral
अगदी बरोबर आहे माहिती न घेता बोलू नका,angry
त्यांचा एकच नाथ आहे भाजप...,neutral
"""जेवलीस का?"" च्या प्रचंड यशानंतर आता नवीन... ""तिकडे पाऊस आहे का?""",happy
ची नोट का छापली हेच मोठे कोड आहे!,happy
तर उध्दव ठाकरे हे राणीच्या बागेचे पालकमंत्री,neutral
इम्पोर्टेड पालक आहे. वॉटर स्पिनीच,neutral
जाणकारांनी यावर मत व्यक्त करावेत...हा काय म्हणतोय? खर खोटं??,happy
असे असेल तर काल भाजप ची बाजू न मांडताच का निघून गेले,neutral
"झाली आहे आमची उलाढाल, म्हणून मिळाले आहे ढाल तलवार! - कवी तेच प्रत्येकाच्या मनातले",happy
ज्येष्ठ नागरिक ना तुम्ही पण,neutral
साहेब निवडणूकीत चिन्ह काय होते बर ?,neutral
मुर्जी ची भुर्जी व्हायच्या आधीच माघार.,happy
"""टेलिकॉम"" हा मराठी शब्द आहे का ?",happy
लवकरच शिवरायांच्या पदस्पर्शाने पावन झालेल्या मायभूमीत येत आहेत राहुल गांधी,happy
असा आहे राज्यातील ग्रामीण मतदारांचा कौल...,neutral
परंतु आता टी एन शेषन सारखे अधिकारी आहेत असा काही प्रत्यय आलेला नाही,sad
मैत्री साठी वय कधीच आडवे येत नाही. पण मैत्री हि निखळ आसावी.,neutral
तुमचा आधीच हिरवा आहे अर्धा,neutral
कोणासाठी वापरताय हिंदी मराठी शब्द हवेत आणि वाक्य सुद्धा.,neutral
नक्की म्हणायचंय काय? ठाकरे सगळेच असतात म्हणजे तुम्हीही ठाकरेच आहात का?,happy
अरे पण नानांनी बोलती बंद केलेली एकनाथ शिंदेची .,happy
पर्यावरण जनजागृतीसाठी नैनिताल ते गोवा सायकल प्रवास ./-/…,happy
तिला हे दिस नार नाही,sad
"फक्त मार्केट रोड लाच करणार का पॅच?? आतले रोड तसेच आहेत.. , .",angry
दैनिक भास्कर हा कोणता पेपर आहे. कोणता लोकल पेपर आहे का,neutral
"काही ही बोला, नमो नमः यांना सर्व माफ आहे.",angry
हीच तर खरी आहे बाळासाहेबांची शिवसेना,happy
"तुझा देव मोहन भगावत पण गेला होता, तुमच्या श्रद्धेच्या ठिकाणी...",angry
साहेब माज एक काम आहे तुमचा नंबर भेटेल का,neutral
का.. तुला ते पिस खायचे होते का..?,happy
ते आणि हे एकाच माळेचे मणी आहे लक्षात घ्या,neutral
कोणी उपाशी मरत नाहीत निखल्या..! महागाई झाली तर त्याप्रमाणे पगारवाढ ही होतें,neutral
ह्या प्रकारची आईस्क्रीम सुद्धा आहे,happy
हा पुरस्कार केव्हापासून सुरू झाला? आता पर्यंत कितींना मिळाला?,happy
"मोठी बातमी! आता मशाल विरुध्द ढाल, अखेर शिंदे गटाला नवीन चिन्ह मिळालं...",happy
भक्तांच हे नेहमीचच असत... चित भी मेरी पट भी मेरी..,angry
मला पहिल्यांदा बघितल्यावर एक्कावन आधिक एक कुळे वाटले,happy
सगळेच दाढी वाले देघे साहेब नसतात...काही गद्धर पण आसतात....,angry
जे काही बोलायचे आहे ते मराठीत बोल!,neutral
यांच्या सोबत आता महानगर पालिकेत पुण्यात युती करून निवडणूक लढविणार का,neutral
सेनेतून वंचितमध्ये आले होते आता परत सेनेत गेले.,neutral
मराठीत केल तर चालेल का... आधी विचारायला हव...,neutral
थँक्यू बँक्यू म्हणायची पद्धतच नाही का तुमच्याकडे,angry
मनसे शिवसेनेत विलीन करुन शिवसेना वाढवावी.,neutral
काश्मीरला जाणारी वंदे भारत ... .// / / …,neutral
हे समर्पक आहे..,neutral
खरंच साहेबखरंच साहेब हे आपले सरकार आहे सर्वसामान्यांचे सरकार आहे,happy
बारामती वाल्यांचा पक्ष हा चार जिल्ह्याचा प्रा.आ.राम जी शिंदे,neutral
सरकार म्हणून समाज म्हणून कधीतरी आपल्या शेतकऱ्या प्रतीच्या संवेदना जागृत होणार आहेत का?,sad
मा .श्री जी असे भव्य मोर्चे प्रत्येक विद्यापीठातुन निघाले पाहिजेत ..,happy
कोण आहेत हे दीन दयाल?? देशाच्या कोणत्या लढ्यात यांचे योगदान आहे??,happy
"निवडणूक लढवून पैशाची नासाडी करण्याऐवजी निवडून येणाऱ्यालाच विकत घ्यावे,अशी माझ्या पक्षाची सनदशीर भूमिका आहे.",angry
नेमका आवाज कुठून येतो आहे ??,happy
फाल्गुनी पौर्णिमा की रात.,neutral
दांडा केव्हडा आहे माप घेतले का,neutral
"माढा मधून पळ काढला होता त्यावेळी ती चाणक्य नीती होती, बरोबर?",happy
पुन्हा एकदा तेच सांगतो. बापाचे नाव तूही लावले नाही.. एकापेक्षा जास्त आहेत का,neutral
"काका मला माहिती आहे, तुम्हाला येणार्या काळाची पूर्वकल्पना आहे.",neutral
आणि ही मीटिंग मग कशासाठी झाली होती??,happy
"शरद पवार सोबत जाताना भाजप सेक्युलर होत नाही, लोटांगण घालत नाही.",neutral
: काय हे ? टीम इंडियाच्या कर्णधाराने मोडली परंपरा,happy
घरीच...फलाट मोकळा होता संपूर्ण,neutral
बल्ब घेतला होता इलेक्ट्रॉनिक दुकानातून ज्याला एक वर्षाची वॉरंटी असते.,neutral
म्हणजे मीडियाला ही माहित आहे निवडणूक आयोग काय निर्णय देणार आहे ?,happy
अभ्यास करा नाही तर फेल हॉटेल,fear
अमोल काळे कधीकाळी महान क्रिकेटपटू होते,happy
या निल्या,neutral
हे शेतात आहे की नदीच्या काठी?,neutral
त्या शिल्लक राहिलेल्या पैशातून नगरमध्ये मराठा विद्यार्थ्यांसाठी हॉस्टेल बांधण्याची सुद्धा योजना केली होती...,neutral
अरे ते बाळासाहेब बोलले ठाकरेंचा काय संबंध थोरात पण असू शकतील।,happy
चालेल पण लबाडाचे डावपेच यशस्वी व्हायला नको.,angry
आता हे ठाकरे गटात येत आहेत उध्वजींना काँग्रेस मध्ये घेत अहेत,neutral
वंदे भारत एक्स्प्रेस,neutral
अति शहाणा त्याचा बैल रिकामा आहे त्यो,angry
उद्धव सेना आहे काँग्रेस सोबत अन् बाळासाहेब सेना विरोधात आहे,neutral
सहमत आहे. पण जीवनाचा एखादा कंगोरा पाहीलाच नाही असे असु नये!,neutral
हे पत्रकार आहेत..?आणी कुठले..सामना..?,happy
", आणखी पण कोणी घेतले होते ते दिले का",neutral
माहीत नाही,neutral
ती शिवसेना बाळासाहेब सोबत च गेली ही शेख्युलर सेना,neutral
पंजा वाघाचा आहे हे विसरू नका,happy
"करून दाखवले - स्वतःसाठी, इतरांसाठी नाही.",happy
अरे मित्रांनो हे खरोखर आश्चर्यकारक आहे म्हणून हे तपासले पाहिजे ..,happy
"हिंदूंचे सरकार आहे, हिंदूच",happy
"आमची बाळासाहेबांची शिवसेना, शिवसेना म्हणजे बाळासाहेब, आणि बाळा साहेब म्हणजे शिवसेना",happy
कोणती भाषा आहे ही? काही कळले नाही.,happy
आता मालक भाषणामधे म्हणणार की बाळासाहेबांच्या शिवसेनेला हरवा,neutral
हे पण तिथलाच आहे का,neutral
मी काही बोलू का,neutral
भिकु जर्मनी ला गेला नाही....,neutral
हे कधी झालं ?,happy
हिंदी आणि कोल्हापूरात ? पण महाराष्ट्रात हिंदी का ?,happy
शिंदे गट ही बाळासाहेब ठाकरे यांची शिवसेना-जिल्हाप्रमुख सुरेंद्र नायडू,neutral
जगदीप धनखड आज देशाचे वे उपराष्ट्रपती म्हणून घेणार शपथ,neutral
पण शब्दशः अर्थ घेतला तर “वाढ करून घ्या” असा होतो,neutral
मोरचुद सप्लायर जिल्हेईलाही हे मनसे अध्यक्ष मा.राजसाहेब ठाकरे यांनी दिलेली स्क्रिप्ट वाचत आहेत.,neutral
बारामती नव्हे नाशिकचा निमानी बसस्टँड आहे हा..,neutral
ह्या फोटो मधल्या माणसाची आहे का ही कंपनी,neutral
गेल्या तीन महिन्यांत शिवसेनेविषयी व गेल्या तीन वर्षांत ऊद्धव ठाकरेंविषयी.,neutral
लय खत्री होतं हे...,happy
मशाल म्हणजे नुस्ता धूर आणि जाळ,angry
अमेरिकेतल्या मध्ये राहणाऱ्या आपल्या नातलगाला भारतात येताना आजींनी मिसरी घेऊन यायला सांगितलं.,neutral
भविष्य आहे.,neutral
मागच्या मध्ये तुमची आहेत.,neutral
सत्य हे कळूच असते पण ज्याला सत्य माहित आहे तेच टायमावर सत्य समोर आणतात,neutral
सरकारमधे असलेले सैटलमेट नाहीच केली कधी,neutral
सामर्थ्य (आपल्या आत मध्ये असलेला सामर्थ्य जेच्या जीवावर आपण काहीही करू शकतो असे सामर्थ्य),happy
शेती केलीस नसेल अब्दुल सत्तार साहेबांनी तर दुष्काळ आहे का नाही काय कळणार,neutral
हो डाव्याची ताकद प्रचंड आहे महाराष्ट्रात लोक धुवायला वापरतात,angry
तुझा मालक काय वाटगं घेऊन बसतो काय देवळा बाहेर.,angry
तरी रोहीत शर्मा नाही होत रे......,sad
समर्थ रामदास हा बामनांचा देवता असेल आम्हा बहुजन हिंदूंचा नाही,angry
काका आपल्या काकू ला दिली नव्हती त्याच काय..!!,neutral
फेक माहिती: वंदे भारत ऑलरेडी कल्याण ला थांबते. बंद कर फेका फेकी,angry
आता समजलं कसं गरम असते साजूक तुप,happy
म्हणजे तुम्हाला असं सुचवायचं आहे की देवेंद्रजी यांनी सुद्धा ब्लु प्रिंट वाचलेली नसेल.,angry
"इतिहासाची पुनरावृत्ती होते म्हणतात, दुसरे महान.. तर नाही",sad
ब्रम्हांडातल्या प्रसिद्ध पत्रकाराने दिलेला किताब आहे..मिरवा..मिरवा,angry
त्यामुळेच स्वप्न अवाक्यातील असावी असे लेखक सांगतात...,neutral
खूपच.. पण आम्ही तुमच्या सहभागी आहोत,neutral
हे बाळासाहेब चे आहेत का,neutral
भाजपची माघार तरीही निवडणुक होणार; ऋतुजा लटके यांच्याविरोधात सहा उमेदवार रिंगणात,neutral
मुंबई ही कुणाला हवी आहे यांचे हे बोलके चित्र ..!,neutral
जे च्या दशकातील आहे त्यांनी सगळ्यांनी वापरले असतील . मी पण .,neutral
अस्तित्वशून्य म्हणून जगण्यालाही अगोदर 'अस्तित्व'चं असावं लागतं....!,neutral
जनसेवक (पब्लिक सर्वेन्ट) असा शब्द वापरावा.जबाबदारीची जाणीव राहील.,neutral
"अनुराग सर व्यक्त होणार समर्थक, तेवढे तर चालणार",neutral
"यात एक निर्णय नाहिये. मराठा हे कुणबी आहेत, कुणबी हे मराठा आहेत .",neutral
बेमिसाल होईल असे सगळ्यांना वाटत हो डॉक्टर. पण शुभेच्छा तुम्हाला,neutral
सुदृढ आरोग्यासाठी राबविण्यात येत आहे राष्ट्रीय जंतनाशक दिन मोहीम.,neutral
"ला मिळाले टेलिकॉम सर्विससाठी लायसन्स, आता जिओ-एअरटेलशी थेट टक्कर",neutral
आपण हवामान खात जॉईन केलं का?,neutral
चंद्रघंटा मातेची ही व्रत कथा अवश्य वाचा.. कारण आज हे नवरात्रीची तिसरी माळ...,neutral
"‘ढाल-तलवार’ चिन्ह मिळाल्यावर उदय सामंताची प्रतिक्रिया; म्हणाले, “अंधेरी पोटनिवडणुकीनंतर धनुष्यबाण…”",neutral
श्रीलंका 'सुपर 'मध्ये जाणार का? पाहा काय आहेत समीकरणं,neutral
आदी सर्व पदाधिकारी कार्यकर्ते आणि नागरिक उपस्थित होते.,neutral
भारत सामना हरला नाही पाकिस्तान जिंकला.,neutral
कांदे पोहे चा कार्यक्रम आहे का सर उद्या,neutral
योजना फक्त कागदावरच का....???,angry
: उद्धव ठाकरेंची बेहिशोबी मालमत्ता आहे का? उदय सामंतांनी स्पष्टच सांगितलं,neutral
हा नियम फक्त जिथे जिथे भाजपाच्या महानगरपालिका आहेत तिथेच लागु होतो.,angry
ह्यो उच्च नाही हुच्च शिक्षण मंत्री आहे,angry
ते तर संपूर्ण देशाला माहिती होते पण तुम्ही समोर आले फक्त एवढाच फरक,angry
अगदी बरोबर आहे परंतु भक्त नाराज होणार आणि पुरोगामी विचारवंत खुश होणार,angry
एक शोधून त्यावर दुसरा फ्री देतो... वीस बियर तयार ठेवा,happy
यंदा कर्तव्य आहे...!,neutral
ज्यादा तर भाव ही,neutral
चुकून का होईना योग्य पोस्ट टाकली सर्वांचीच चौकशी झाली पाहीजे.,angry
च्या विकास दृष्टीकोनाने प्रभावित होत दिगंबर कामत भाजपमध्ये दाखल,neutral
विषय काय आहे ?,neutral
अशी आहे ची वेलकम ऑफर! त्वरीत पूर्ण प्रक्रिया पहा,neutral
असणार आहे का...?,neutral
कृपया या प्रकारच्या घोषणांविरुद्ध महाराष्ट्रात कायदा आणावा,angry
जनतेला झोपछन द्यावी का जागी करावी हे तुम्हीच ठरवा,neutral
पुण्यात पाकिस्तान जिंदाबादच्या घोषणा खरंच दिल्या का ?,happy
"विवरात जात आहे, अरे थांबवा त्यांना कोणी तरी.",fear
याची किर्ती महाराष्ट्राबाहेर पण पोहोचली आहे आयुष्याचे काॅम्प्लिकेटेड वळण,happy
"चिन्हही गेल, पक्षही गेला एक उमेदवार बिनविरोध निवडूनआल्याच्या आनंदात नांव ही गेल",sad
अरे ही चितळेची बाकरवडी लेलेंनीच दिली त्याला...पण चितळे तर्फे...नाही काहो चितळे.,happy
तो लढाई ला तयार होता नव्हता झाला,happy
कुत्र्यांचा हा गुणधर्मच आहे,neutral
हे जपलं आणि टिकावल पाहिजे,happy
पहिली तुझ्या नावावर कोणी किती ठेवली आहे ते बघायला हव.,neutral
ही बातमी बघून बाळासाहेब काय विचार करत असतील,neutral
"मिलिंद देवरा हे लोकसभेचे भाजप कडून उमेदवार असणार आहेत, हे लिहून ठेवा",neutral
भोपळा हा शब्द जुना झाला आहे पत्रकारांनी वेगळा शब्द शोधला पाहिजे...,happy
बर सर अनुभव आला की सांगते..मग तुम्ही घरचं बांधा कावळ्याच्या घरा खाली,angry
प्रविण कुमार श्रीवास्तव आणि अरविंद कुमार यांनी दक्षता आयुक्त म्हणून घेतली शपथ,neutral
एखादं न्यायालय भाऊ आपल्या पण जिल्ह्यात आणायला पाहिजे होतं,neutral
तुझ्या भ**णीचा यार आहे का त्यो ?,angry
मनसे वाल्याचे नंबर सेव्ह नाही का ?,neutral
"मा.आयोगाला हाथ जोडुन विनती आहे,सयुक्त मुख्य ची अंतिम उत्तर तालिका जाहिर करावी",happy
योग्य चिन्ह दिले आहे... लढाईत ढाल तलवार शत्रू सैन्याकडे पण असते...,neutral
पेठ भागात राष्ट्रवादी आणि काँग्रेस ला नीट उमेदवार पण नाही मिळत.,neutral
महाराष्ट्रात कमीत कमी खासदार येतील चे,neutral
": महाराष्ट्रातील सत्तासंघर्षाला आज लागणार फुलस्टॉप, ठाकरे, शिंदे गटाच्या वादावर होणार सुनावणी",neutral
दादा किती पैसे मिळतात असे पोस्ट टाकायचे तुम्हाला,angry
दिसणारचं नाही!!!,neutral
म्हणून म्हणतो सावंत अभ्यास वाढवा .. आमदार नाही पण नगरसेवक तर नक्की होणार ...,angry
"तुम्ही..खाल्ला म्हणून दुसऱ्यांनी पण खावा का ,,,,, बाटगी निषेध करणारे",angry
या जन्मी तरी शक्य नाही बघु पुढच्या जन्मी,sad
हीच ती मिंदे लोकांची हुशारी... खोके मधले बोलतायत बोके...,angry
कारण ती बाळासाहेबांची शिवसेना आहे म्हणून,happy
च्या निकालानंतर समजले होते ते.,neutral
महाराष्ट्राच्या बाहेर ही मराठी लोक सण-उत्सव साजरे करतात से त्याला माहित नाही वाटत,neutral
अतिशिक्षित म्हणून अति दुर्लक्षित...?,sad
पावसाळी बेडकासारख दर पंचवार्षिक ला भूमिका बदलणाऱ्या तुमच्या नेत्याचा तुम्हाला अभिमान आहे की नाही??,angry
शिंदे गटाचे आमदार प्रताप सरनाईक अंधेरीची निवडणूक बिनविरोध करावी अशी मागणी,neutral
दिवाळी असून गर्दी नाही हे विशेष आहे,happy
अच्छा... याच साठी मुरळी भैय्यांनी पुण्यात चाचणी साठी व्यवस्था केलीय का????,angry
राजकारण अगम्य असतं. म्हणून राजकारणासाठी प्रतिष्ठा इतकीही पणाला लावू नये.,neutral
मला आता सजून दुसऱ्यांदा फोन आला. शिंदे गटाकडून,neutral
तुझ्या सारखे आहेत खूप,neutral
रुपया का घसरत आहे सांगाल काय.,neutral
कोणते बॉलीवूड अभिनेते/अभिनेत्री हे त्यांच्या फॅन्स ना च्या शुभेच्छा देत आहेत? काढा!,neutral
सत्तेवर आले पण मुख्यमंत्र्यांच्या जागी उपमुख्यमंत्री झाले,angry
एवढी संपत्ती जमा कशी झाली हे जनतेला समजायला पाहिजे,neutral
"बातमी पाहिली नाही ,पाहतो.",neutral
सगळेच नसतील असे पण दिखवा सुरू असतो,neutral
दुसरं मित्राकडे होत,neutral
नाही इंग्रजी भाषेतील पुस्तक होते,neutral
ते कंपनी चे चांगले असतात का.. जाणकारांनी प्रकाश टाकावा,neutral
"ऋतुजा लटके यांना शिंदे गटात आणण्याचे प्रयत्न? उदय सामंत स्पष्टच बोलले; म्हणाले, “अंधेरी पोटनिवडणुकीत…”",neutral
सर्व भोळेनाथां वरती टाका आणि तुम्ही करा दिल्ली च्या वाऱ्या।,angry
याचा जी आर वैगरे आहे का कारण लावारीस भक्तांना पुरावा लागतो,neutral
तडीपारचा इतिहास माहित आहे का?,neutral
कट्टर हिंदु आहेत काय हे,neutral
ह्या वाघाचा एकच शिकार आहे..,neutral
मला कलाम जयंती ला त्यांची आठवण आली होती,happy
क्रिकेट प्रशिक्षक रमाकांत आचरेकर यांच्या अंत्ययात्रेत आणि यांची उपस्थिती,happy
होमगार्ड ला बघा सर महाराष्ट्र मध्ये काम दया काही,neutral
झाकण झुल्याची कमी जाणवू नये म्हणून शायरी वाला वाणी जयराम आलाय,neutral
तुम्हाला पण ची नोटीस बजावली वाटत...,neutral
त्या वेळेस पुण्याचे पालक मंत्री कोण होत? शेवटी त्याही राष्ट्रवादीच झाल्या.,neutral
उध्दव बाळासाहेब ठाकरे हा ब्रँड आहे ...... बाकीच्या लोकांचा विषयच घेऊ नका......,happy
आधी मंत्री असावे लागते असे वाटते,neutral
तुमच्या तोंडाला पाणी सुटले का ?,angry
ह्याने सिनेमा मध्ये काम करावं..,neutral
अरे त्यात काय अजून येईल ही बया,angry
लोकं खायला देणार आहेत का ?,angry
हा काय उद्धव साहेबांच्या घरात भांडे घासायला होता का?,angry
"नाहीतर काय, ठगाशी व्हावे ठग... हे आपले संतच सांगून गेले ना",angry
माननीय मुख्यमंत्री महोदय वनविभागाची भरती लवकरात लवकर काढावी ही आपणास विनंती आहे.,happy
ती बाळासाहेब देवरस यांची शिवसेना आहे सोनाली वाले.....,happy
भा ज पा नी यांना मनोरंजन करण्यासाठी सोडल आहे.,angry
शाळांतून धर्मनिरपेक्षता जोपासल्या जाणे हे संविधानाला अपेक्षित आहे.,neutral
"हो का , बरे झाले संगीतले महाराष्ट्र जनतेले माहित",neutral
नाही बसत कारण हा संडासात बसतो,angry
एक हनुमान चालीसावाले आणि दुसरे बच्चू कडू,neutral
"ध्येयाचा ध्यास लागल्यावर श्रमाचा त्रास होत नाही."" -सहायक पोलीस निरीक्षक श्री. लहू थाटे.",happy
शिंदे गटाला आहे का सर जी,neutral
भारताची फाळणी कोणत्या मुद्यावर झाली होती?,neutral
तुमचा ईतका चांगला आला नसता,neutral
शिवभोजन थाळी बंद करणं हा धक्का गरीब कष्टकरी जनते साठी आहे ...,sad
फळबाग लागवड योजनेसाठी कोटी लाखांच्या निधीस प्रशासकीय मान्यता,neutral
जनतेतून अशी मागणी व्हायला पाहिजे,neutral
तुझ्या बुडाला मिरची का झोंबली,angry
भाऊ दर्शैन दुर्मीळ झाले तुमचे,neutral
फक्त मुंबई महापालिका ठरवते असे मत आहे का.....?,neutral
गेली नाहीस ना कधी म्हणून तुला माहित नाही.,neutral
"यांचा चेक करा, बाळासाहेबांचे रक्त आहे का",angry
तू अमरावतीत जा आणि हनुमान चालींसा म्हण,neutral
कोणी वाघ आहे का आपल्या इकडे काय नाय किल्ला केलाय गुहेत बसवायचाय आहे फक्त....,angry
पोन्नियिन सेल्वन चित्रपट हा चोल राजाच्या सामर्थ्याची गौरवगाथा…अभिनेता विक्रम,happy
घटना तज्ञ ' काय बोलतील याच्यावर? घटनापीठालाच घटनाबाह्य ठरवतील का,happy
"चिव शेणिक हो आता आपल्याला बाळासाहेबांच्या शिवसेनेला हरवायचे आहे, बर का....",angry
""" एकनाथ शिंदे यांनी गुजराती अस्मितेसाठी निवडणुक आयोगाकडे या चिन्हाची मागणी केली ....""",neutral
तु का विकत घेत नाहीस हा परफ्यूम,neutral
यांनी चॉकलेट सोनपापडी बनवली होती.,neutral
"आणि सकाळी उठून तुम्हाला शपत चालत होती का भाताळकर,",neutral
राजसाहेबांचं पत्र म्हणजे भाजपची स्क्रिप्ट आणि तुमच्या साहेबांकडे अशी किती जणांची पत्र आहेत,neutral
मला वाटलं अजून चालू आहे का,neutral
श्यामची आई ऐकल होत राव हे नवच वाटत आहे,neutral
मुसळधार पावसामुळे झालेल्या नुकसानग्रस्त भागाची राष्ट्रवादीकडून पाहणी,neutral
अरे मी पण हेच सांगणार होतो……हा बाबरमती मध्ये घडलेला किस्सा आहे हा,neutral
हे अमेरिकेचे केंद्र मंत्री आहेत की आपल्या देशाचे,happy
ही नावे कोण शोधतो आणि ठेवतो,neutral
हे पोरगं नक्की त्यांचेच आहेना? विश्वास उडत चाललाय माझा,angry
जेव्हा राजस्थानचे मुख्यमंत्री अशोक गहलोत हे मेरीयट हॉटेलमध्ये केंद्रीय प्रभारींच्या भेटीला पोहोचले.,neutral
दूध आणि साखर आणि पाण्याचा आहे,neutral
आमची जनभावना माघार घ्यावी अशी नव्हती,neutral
हा हा हा हा हा हा,happy
अरे व म्हणजे भाजप शिवसेनेला संपवू शकतो हे मान्य केले का,happy
दुहेरी अकाऊंट असेल... हा ती आहे नाही नाही ती हा आहे...,happy
याप्रसंगी पुरंदर हवेलीचे आमदार संजय जगताप यांच्यासह पदाधिकारी ग्रामस्थ उपस्थित होते.,neutral
त्यांना माहीत आहे माझ्या समोर चं नाव घेतलं तर अजून डॅमेज कारेन.,angry
जनता आहे मशाली सोबत कमळी ने चिंता करू नये,neutral
"हा पोराचा पक्ष आहे,,, बापाचा पक्ष म्हणजे बाळासाहेबांची शिवसेना",angry
विश्लेषण : सरन्यायाधीशपदाची सूत्रे धनंजय चंद्रचूड केव्हा स्वीकारणार? त्यांच्याकडून कोणत्या अपेक्षा आहेत?,neutral
सुरू झाल राव हे दिवस चालणार आता,neutral
"तो एक रुपया काही परत मिळत नाही, त्याऐवजी चॉकलेट घ्यावं लागत.",neutral
जेवण आहे ते एका अर्थाने... आज पण चव जीभेवर आणि मनावर ठसलिये,happy
वय संपलं की असच होत,sad
तारखेच्या आधी सरनाईकांचा पेन हरवला होता.,neutral
शिखर धवनचा या अभिनेत्रीसोबतचा एक रोमँटिक फोटो समोर आला आहे,happy
मुका मोर्चा बोलणाऱ्याचा राजीनामा मागितला का ??,angry
बाई आपली अमरावती सांभाळून दाखवा फक्त....... एक अमरावतीकर,neutral
त्याच कारण हि त्यांच्या नावात आहे त्यांचे नाव (डावे) फक्त उलटे वाचावे लागते,happy
"कप मोठा आहे हे मान्य, पण चहा कमी आहे त्यात.",angry
"सरळ ""राम नाम सत्य है"" लिहून मोकळे व्हा..!",angry
कमीत कमी तरी खेळावा पोराला,neutral
हा वकील आहे,neutral
ते ढाल तलवारीचे काही कुठे दिसत नाहीत?,neutral
हे सर्व तुमच्यामुळेच जले आहे,angry
इलेक्शन पण लढणार नाही असे समजते. लढत दोन्ही शिवसेनेतच होणार,neutral
मला हे अगोदर सांगा एव्हढे याने कॉपी कसे केले असतील?,happy
ऐक माहीती देयची आहे,neutral
नविन आहात वेळ लागेल कळायला तसं पवारांबद्दल काय मत? अनुकरण केले का?,neutral
कसे लावून का बावनकुळे ?? त्याशिवाय आपली कारकीर्द काय आहे भाजपची ??,angry
एक लढाई जिंकली आता दुसरी.,neutral
आली आली दिवाळी! चेहऱ्यावर नॅचरल चमक आणण्यासाठी वापरा ‘हे’ घरगुती उटणे,happy
धनगर समाजाला भाजप सरकार आरक्षण देणार होत त्याच पुढे काय झालं लोकनेते गोपीशेठ ?,neutral
"आयुष्यात नेहमी तयार रहा, हवामान आणि माणसे कधी बदलतील सांगता येत नाही...",neutral
भजन मंडळी हा प्रकार अजुन खोलात अभ्यासायचा आहे,neutral
खुप दिवस झालं हा व्हिडिओ ल बघितला होता ...अगदी सहा महिन्याच्या वरती झालं,neutral
प्राण्यांच्या पोटातील आतडी जी टाकाऊ असतात थोडक्यात टाकाऊ असा अर्थ असावा एक अंदाज,angry
जा बाई सोबत याला ही घेऊन जा...!,neutral
"मुंबई महापालिकेचेही असेच होते, आता कळले असेल!!!!",angry
हा घ्या पुरावा..,neutral
पटकथेला मान्यता देणाऱ्या पडताळणी समितीतल्या सर्वच सदस्यांची चौकशी ही विद्यापीठ प्रशासनाने,neutral
नाही ना शिकवतो का,neutral
च्या कुत्र्यांनी सामना नीट वाचला नाही,angry
भविष्यात जळगावची ओळख मनोबल प्रकल्पाने होईल – डॉ.विजय माहेश्वरी,neutral
यावरून शाळेत धडा होता. तुम्हाला आठवत का?,neutral
पुढचे सरन्यायाधीश म्हणून उदय लळीत यांची नेमणूक करायला राष्ट्रपतींची मंजुरी,neutral
ही आपली परंपरा ताई,happy
भाजपाने अंधेरी निवडणुकीतून माघार का घेतली?,happy
त्याग..... प्रेमाचे सगळ्यात मोठे आणि अंतिम रूप.,happy
"आनंदी राहण्यासाठी जगा, कोणालाही इंप्रेस करण्यासाठी जगू नका.",happy
पावसाचा पाण्यातून भाजप ला घेऊन जातो म्हणतोय !!!,angry
अहो ताई त्यांनी एका बरोबर निवडणूक लढवून दुसरयाबरोबर नाही गेले.,neutral
मोर्चा ही मोर्चा ओबीसी मोर्चा,neutral
"सदरचे वेळापत्रक फिक्स आहे की, फक्त घोषणा???",neutral
आणी इतिहासात स्वातंत्र्य हे अहिंसेन लाठी व चरखा यानी भेटला हे शिकवल जात.,neutral
मशालीच्या प्रखर उष्णतेवर अर्धी भाकरी बनवणार आहेत म्हणजे उधोजी.,angry
हे काय प्रकरण आहे?,neutral
मग देशात महागाई का वाढत आहे?,happy
सावली देणाऱ्या वृक्षाला आणि आधार देणाऱ्या व्यक्ती ला कधीच विसरु नये..,happy
बाबा मला हा आइसक्रीम कोन हवा आहे...!!!,happy
शाळेतल्या मध्ये पंतप्रधान झाले होते ते लिहायचं विसरले,neutral
त्या संडाशी कुठे गेल्या ! खाल्या का?,angry
रवा लाडू पण खायला पाहिजे,neutral
केक उचलणारे बघा काय चालु होत!,angry
अभिव्यक्ती स्वातंत्र्य हे सर्वांनाच लागू होतं...,neutral
दौंड : मशाल पेटवून छत्रपती शिवाजी महाराजांना केले वंदन,happy
शिवसैनिक नाही गेले भावा ते आहे तिथेच आहे,neutral
तुमच्या घरी आला होता का पवार,neutral
पहिला आघाडीवाल्यानी कोलल आणि आता युती वाल्यांनिम्हणून स्वबळ हा एकमेव पर्याय बाकी,neutral
"प्रत्येक गोष्ट धरून ठेवन्यात ही अर्थ नसतो, काही गोष्टी सोडून ही द्याव्या..",neutral
मुलीचा पाहून वाढले आहेत.,happy
ती मिनी भाजपच आहे.,neutral
काँग्रेसच्या ‘भारत जोडो’ यात्रेत राष्ट्रवादी सहभागी होणार; पाठिंब्यासाठी शिवसेनेशीही बोलणार,neutral
"""आत्महत्या रोखण्यासाठी सरकार प्राधान्याने काम करत आहे."" -मुख्यमंत्री एकनाथ शिंदे",neutral
असे कुरेशी धंद्याला लागतील म्हणून...,angry
हा तुझा दोष नाही जन्मदात्याचा दोष आहे,angry
"कोणाला काही सांगू नका कबूल, कबूल, कबूल??",neutral
जुने झाले का फ्लायओव्हर.....??,neutral
हो पण हे मिळणार कधी पासून..???,neutral
"ठीक आहे, पण पत्र लिहिणार्या कारकूनाचे नाव काय होते?",neutral
त्यांच्या साठी सगळ माफ आहे,neutral
गाडीचे टायर ऐकायचे नाहीत एकदा का स्पीड पकडलं की,neutral
तिने गट बदलला आणि ट्विटर शांत झाले,happy
हा फोटो खुप काही सांगून जातो.,neutral
कोण बोलतंय ज्यांचा संस्थापक् दुसऱ्यांच्चा प्रचरासाठी सभाघेत होते,neutral
आपण महाराष्ट्रात असं काही करू शकतो का?,neutral
बरं ते संजय राठोड यांच्याशी तुमचं नात काय आहे?,neutral
बाप त आहे म्हणून?,neutral
गोदावरी’ चित्रपट या दिवशी होणार प्रदर्शित; त्याची वैशिष्ट्ये जाणून घ्या,neutral
निवडणुक आयोगाच सोडा.. तुम्ही सी डी च्या दबावाखाली काम करीत आहात...!!!,angry
मिडीया मध्ये चँनल मालकांचा दबाव असतो का?,neutral
राज ठाकरे हे स्वतः च्या प्रेमात पडलेले एक नेते आहेत.,angry
"फेस्टिव्ह सिझनमध्ये मित्र-कुटुंबियांना गिफ्ट देण्यास बेस्ट आहेत हे , पाहा लिस्ट",happy
तुझ्या घरातले लागतात का?,neutral
जो घटनात्मक दृष्ट्या योग्य आहे त्यांना न्याय मिळेल असे म्हणावे,happy
जो दुस-यावरी विश्वासला त्याचा कार्यभाग बुडाला. जो स्वयेची कष्टत गेला तोची भला.,happy
काल आमच्याकडे व्याख्यान होत पेरे पाटीलांचा!,neutral
तुझी जास्त झालली का? की धांदा नाही झाल आज दादाच,angry
"उद्धव बाळासाहेब ठाकरे"" शिवसेना निवडणूकीत काय प्रचार करणार? ""बाळासाहेबांच्या शिवसेनेला"" पाडा म्हणून...??",angry
ला लटकेना उमेदवारी देणार नाही ह्यांच पण तृप्ती सावंत सारखच होणार,sad
दुपारी वामकुक्षी घेतो त्यावेळेस असे खूपदा झालंय,neutral
पुढे पंचवटी मध्ये मेघराज बेकरी समोर ही साधारण पार्किंग झाले आहे,neutral
म्हणजे जेव्हा बँका लुटल्या जात होत्या तेव्हा देश बरबाद होत नव्हता?,angry
बाळ कसे शांत होते? संशोधकांच्या अभ्यासातून मिळाले 'हे' उत्तर,happy
तेच ना खूप वेगळं वाटत होत बगायला,happy
"हे हिंदी भाषिक पक्ष आहेत, जनतेने ठरवा.",neutral
मकर सक्रांत पर्यंत हा काय बाहेर येत नाही,neutral
अहो ते येणार होते सभेत...,neutral
तुम्हाला पण माहीत आहे कोण बरोबर आणी कोण चूक आहे ते,neutral
हे घ्या. ह्याच्यापेक्षा तुम्हाला जास्त गरज आहे,happy
"गेल्या वर्षीच्या तुलनेत भारतीय गव्हाच्या निर्यातीत दुपटीने वाढ, हा देश आहे पहिल्या क्रमांकाचा खरेदीदार",happy
मग भावा बीसीसीआयचा ट्रेजरर म्हणुन आशिष शेलारच का?,angry
भाऊ नका मनावर घेऊ काही .,neutral
": वरलक्ष्मी व्रताने होते दारिद्र्य दूर, मुहूर्त आणि महत्त्व",neutral
उध्दव ठाकरे म्हणजे राजा बाबू आहे का?,neutral
थोडक्यात आता अडीच वर्ष हा प्रश्न विचारू नका,neutral
"हो, म्हणजे आपला ""खेळ"" होत नाही. नाहीतरी उगाच दोन्हीकडे खेळणारे मुख्य खेळाडू सारखे दिसतात.",angry
"बनिया म्हणजे नक्की गुजराती पैदास..,,त्यामुळेच खोट का असेना शेवटी हेच नाव घेतलेस",angry
प्रत्येकाला किती खोके वाटायचे हे मी ठरवत नाही..,neutral
हे खरं आहे का?,happy
अंडभक्त को नाही होती,neutral
साहेब यांच्यावर बोलण्यात वेळ नका घालवू हिंदू काय असतात हे यांना आता दाखवा,angry
भुजबळ बोलले तेव्हा कुठे होती,angry
पक्षाला संजय राऊतांसारखा उत्तम प्रवक्ता हवा आहे… आहे का कुणी?,neutral
यांचा उमेदवारी अर्ज बाद वगैरे होणार आहे का?,neutral
"ज्या पक्षाने तुम्हांला वाढवलं, नाव दिलं त्याच पक्षाला, आपल्याच सहकाऱ्यांना असे बोलणे....",angry
राजसाहेबांचा दरारा आहे हा .,fear
एक सर्व पक्षीय खासदारांची चौकशी नेमावी. तसेच नोटबंदीच्या अंमलबजावणीची चौकशी करावी.,neutral
अंधेरी ईस्ट च्या मतदारांनो देऊन द्या अजून एक झटका,happy
आमचेही विचार हेच होते ...,neutral
भाषण सुरू होण्या आधीचा फोटो टाकलास बाळा!!!!!!,happy
मला बोलला असता तर मी केला असता की व्हिडिओ!,angry
शिंदे गटाच्या ‘बाळासाहेबांची शिवसेना’ या पक्षाला मिळालं ‘ढाल – तलवार’ हे निवडणूक चिन्ह,neutral
नो पॉलिटिक्स अँड कचरा प्लीज. वाद मोठा आहे,neutral
दिवस बदलले आहेत आता,neutral
संजय राऊत हे नारदमुनी आहेत - शहाजी पाटील,angry
",चालत राहत, ना लायक लोकाच बोलन कधी ही मनावर घेउ नका",neutral
दोघे ही सारखेच,neutral
क्रुपया करुन मराठी भाषा वापरा.... महाराष्ट्र आहे यूपी बिहार नाही हा,angry
"डेंग्यू टाळण्यासाठी डासांची वाढ थांबवा, ‘हे’ उपाय करा",neutral
किराणा मालाच्या दुकानात आता मिळणार बिअर; पण ‘या’ अटी पाळणे बंधनकारक,neutral
आधी अंधेरी पोटनिवडणूक मध्ये उध्दव ठाकरे यांना उमेदवारी देऊन अर्ज पत्र दाखल करून दाखवा.,neutral
आमूलाग्र बदल घडवताना काही चूका अचानक समोर येतात प्राक्तन म्हणून,neutral
.मराठवाडा मधे खुप कमी झालयं.अगदी ग्रामीण भागात थोड्या प्रमाणात दिसते.,neutral
"फ़ोन आला ⏯ रेकोर्ड झाला, ट्वीट ही केला...",neutral
जगात म्हणजे साडे तीन जिल्ह्यात,neutral
"विचारायचे काय आहे त्यात, आहेच ती!",neutral
फटाके हा प्रकारच पुर्णपणे बंद पाहिजे,angry
परतीच्या पावसामुळे शेतकऱ्याचे प्रचंड प्रमाणात नुकसान प्रशासनाने शेतकऱ्याकडे लक्ष द्याये हि विनंती,sad
हो तर. प्रसारमाध्यमांना ह्याच्या प्रातर्विधीची सवय झाली होती.,neutral
"आणि कल्हई ला भगवी कड , देश प्रेमाचं आणि धर्म प्रेमाचं सोंग करण्यासाठी",angry
"तिसऱ्या वनडेचा टॉस उशिरा होऊ शकतो, जाणून घ्या पावसामुळे फायनल लढत होणार की नाही",neutral
हे पण बघ.,neutral
"उद्या आमदार अपात्र ठरल्यास हे सरकार दसऱ्यापुर्वीच कोसळेल.. न्यायदेवता न्याय देईलच,",angry
प्रेम प्रेम म्हणून अजून कुठवर झुरायचं आता ठरवलंय पहिलं प्रेम तुझ्यापासूनच सुरु करायचं,happy
आजपर्यंतचा इतिहास आहे. जे जे पवारसाहेबांबद्दल मनात वाईट विचार आणतात त्यांच्या अंत्ययात्रेला पवारसाहेब जातात..,happy
अन्याय मग तो कोणावरही झालेला असो सर्वसामान्य माणसाला सहानुभुती वाटणे अगदी साहजिकच आहे .,neutral
हे काम भेटल का कडून टूरसेकर चे व्हिडिओ प्रमोशन करणे,neutral
काढून टाक ती .. स्वतःची लाव..चेहरा नाही दिसणार अशी..,neutral
लहानपणी संगत तशा पोरांची होती त्यामुळे अशा रिस्क घेताना थ्रीलिंग वाटायचं.,happy
"हो, तो पण झाला सुरू. नवीन पुल पण... टोल गेट पण बसवायला लागले आहेत",neutral
ग्रह मंत्री भाजपाचा असताना केस सीबीआई कडे दिली शंका आहे का त्यांच्या कर्तृत्वाबद्दल,angry
कष्टकरी व श्रमिक यांच्या हक्कासाठी भाजपमुक्त मुंबई व महाराष्ट्र हा एकच नारा.,neutral
कृषि आणि पशु प्रदर्शनासह माळेगाव यात्रेत विविध कार्यक्रमांचे आयोजन ./?= …,neutral
नेहमीच म्हणजे पराभव दिस्ल्यापासून का,sad
हे तुमच्या ट्विस्टच उत्तर आहे.,neutral
अरे खरंच तस होत आहे,happy
": पाकिस्तानविरूद्ध भारताकडून हा खेळाडू खेळणार नाही, समोर आलं मोठं कारण!",happy
नाही गेल्या आठवड्यात होती,neutral
हे जयभिमजयमिम चापरिपाक आहे,neutral
सल्ला देतात का मार्गदर्शन करत आहात..?,neutral
शासनाने जागा वाढ व वाढ करावी ही विनंती,neutral
पुस्तपालन आणि लेखाकर्म,neutral
बाळासाहेबांचे विचार आणि मशालसेना यांचा दुरदुदपर्यंत काहीही संबंध नाही,neutral
( ) बेरोजगारांनी रस्त्यावर उतरावे. झोपलेल्या सरकारला झोपेतून जागे केले पाहिजे.,angry
तारखेला निकाल काय लागेल त्याचा अंदाज बर्यापैकी आला !!!,neutral
आपल्या देशात नेत्यासाठी शैक्षणिक आर्हता नाही का महत्वाची????,happy
"सासूला अडकवण्यासाठी अपहरणाचा बनाव रचला आणि स्वतःच अडकला, ‘असे’ उलगडले अपहरणनाट्य",happy
मागून धक्का का पुढून धक्का,neutral
हे भाजप प्रचारासाठी चॅनेल आहे का,angry
गजानन हे टोपण नाव,neutral
निवडणुकीत ठाकरे पक्षाला किती मत पडणार हे महत्वाचं आहे.,neutral
ज्याला आइस्क्रीम व माशाल यामधील फरक कळत नाही त्याचं असेच होणार..!,angry
पाकिट बंद झाल्यापासून आपणच मिडीया आहोत हे देखील हा विसरून गेलाय.,angry
भुक लागली आहे जी,neutral
हा कोण आहे तीनपाट,angry
वांजळे यांचे वेळी तापकीर उमेदवार दिला होता विसरले का?,neutral
गण गण गणांत बोते.. आनंद सागर चालु आहे का तिथले... कळवा.,happy
रावण दहन ‌ही बघायला नाही मिळणार,sad
"याचे आयोजन नगरसेवक यांनी केले. यावेळी पदाधिकारी ,कार्यकर्ते उपस्थित होते. /",neutral
यांच्यासाठी पाकितच महत्त्वाचे आहे,angry
दिवाळीची अंघोळ करण्यासाठी तरी घरी जाऊ द्या अशी विनंती राऊत करणार. सूत्रांची माहिती,neutral
थापा सेवेकरी होता.. निष्ठावंत शिवसैनिक नाही!,angry
हे आयुर्वेदिक पेय प्या आणि सहज कमी करा वजन...,neutral
"रे बाबा हा माणूस म्हणतोय हिंदी मुघलांची भाषा, ते खोडू दे मला.",angry
"मी सामाजिक कार्यकर्ता आहे हे खरे आहे, पण माझेही स्वतःचे राजकीय विचार असूच शकतात की!",happy
शरद पवार कोणाला म्हणाला लटकेनां बिनविरोध निवडून द्या म्हणून उद्धवलाच का,happy
सूर्यकुमारकडून भारताला यंदाच्या टी- विश्वचषकात बऱ्याच अपेक्षा आहेत,neutral
आधी अतिवृष्टी आणि गोगलगाय ने केलेल्या नुकसान ची नुकसानभरपाई द्यावी .,sad
तरी बरं पडवळाची/ दोडक्याची/ शेपूची नव्हती. थिंक,neutral
उद्धटाची माहित नाही पण ह्याची नक्कीच वाढलीय,neutral
वड्यात काय मुरूम घेहून जात होता का,angry
आता महाराष्ट्रात येणाऱ्या उद्योगांवर तलवार चालणार आणि डिफेंड करण्यासाठी गुजरातची ढाल,angry
"तपास यंत्रणा कोणाच्या बंधनात अडकले आहे, हे सर्वांना माहित आहे",angry
"स्वारगेट, पुणे चा उड्डाणपूल सुद्धा थोडा असाच आहे. हे नाशिक ला जरा अतीच झालं.",neutral
तुम्हीच टॅग केलत म्हणून बर मीही करणार होतो आणि विचारणार होतो तेच,neutral
"तिथे .अग्नीवर, माजी सैनिक ठेवले तर खूप काही प्रॉब्लम होणार नाही",neutral
जन्मठेप भोगावयास जाण्यापुर्वी पत्नी बरोबर झालेला संवाद.असे विडीओ पाहण्यासाठी ह्या लींकवर जा-,neutral
मग आमची पण शिवसेना उध्दव बाळासाहेब ठाकरे यांची...,happy
"राजीनामा महिने अगोदर द्यावा लागतो, महिन्याचा चालणार नाही",neutral
हा पोंक्षे कसा यांच्यात??हा वाला ना??,happy
कोसळणारा पाऊस आणि तू एकसारखेच बरसणार तर स्वतःच्या मना सारखेच,sad
असा संदेश इतर वेळी पण देत चला,neutral
विविध माध्यमातून धर्मशिक्षण देणारी तसेच राष्ट्र आणि धर्म यासाठी सेवारत सनातन संस्था,neutral
तुम्हाला असं वाटतंय का बाळासाहेबांनी सुध्दा रामदास आठवले सारखं कोणाच्या तरी पक्षाच्या दावणीला जावं.,happy
नाही. भाऊ बहीण,neutral
हो का तुम्ही होता वाटतं तिथं,happy
बाळासाहेबांचे नाव मिळाल म्हणजे बाळासाहेब ठाकरे होत नाही,happy
पवारांना विचारून घ्या चालेल का?,neutral
भोसडे फडणवीस गृहमंत्री आहेत ना त्यांचा पोलीसांनवर विश्वास नाही का ?मग नामर्द कोण?,angry
असच त्या पत्रा सारखं आत बसुन पुस्तक प्रकाशित केल म्हणजे झालं.,angry
दाऊद चे हस्तक आणि हसीना आपा जमीन खरेदी वाले बद्दल ही बोला,angry
मध्ये करण्यात आलेली आणि मध्ये लादलेली नोटबंदी…,angry
लईच लवकर उठता .मिल लवकर सुरू होते वाटत,neutral
एवढा अभ्यास कूठे केला? अचूक निरीक्षण तुमच्या शेजारीच राहत का का बेड असलेलं जोडपं.,neutral
सुसंकृतपणा राऊतांकडे कोणाकडून आला ?,neutral
जमिनीवर घर बांधणे खूप सोपे आहे पण ह्रदयात घर बांधायला आयुष्य निघुन जातो।,sad
पण हा लाईव्ह परफॉर्मन्स आहे की सुरू आहे..बऱ्याचदा आधी करतात,neutral
‘बालभारती’हा पहिला मराठी चित्रपट लवकरच होणार प्रदर्शित,happy
"मी काकुच नीट वाचलं नव्हतं, पण आता मी हिमालयात जाणार आहे.",neutral
नक्कीच पण साहेब सर्वौच्च न्यायालयात गेले होते निवडणूक आयोगाकडे नाही!,neutral
जळगाव महानगरपालिकेत जागा रिक्त-वाचा माहिती ===================,neutral
"तुमच ""संगीतकारा"" बद्दलच मत ""विचारां""च असच लैंडिंग होत",neutral
माणसाने केलेले उपकार एखाद्या व्यक्तीवर तोपर्यंतच राहतात जोपर्यंत तो कोणाजवळ बोलून नाही दाखवत..,happy
विकली गेलेली स्वायत्त संस्था का?,neutral
लोकांच्या मनात हे नाव आदरणीय आहे. पण लोकांना मशाल हे चीन्ह ओळखीच आहे.,happy
बाळासाहेबांच्या शिवसेनेला पाडायचं आहे ना मग यंदा,angry
मग किरीट सोमयांवर हल्ला करणारे त्यांचे पोर का.,angry
ते त्याच दिवशी लक्षात आल होत..,neutral
क्रमांक मिळेल असे वाटत आहे.,neutral
कवा पैदा झालं होतं हे?,happy
महाराष्ट्राचा बिहार करून ठेवणार ही लोक,angry
एकदम सोबर आहे बरं का मी..सोबर एकदम.. (इती नवरा माझा.),neutral
धुनी भांडी करून झाली का?,neutral
म्हणून भांडण झाल्यावर जेवण बाहेरुन मागवाव,neutral
जास्ती झालेली त्यामुळे येवढे लक्षात नाही,neutral
निवडनुक जिंकायचि असेल तर बाळासाहेब ठाकरे हे नाव लावा लागेल,neutral
प्ले नाही होत?,neutral
पुण्यात ज्या पक्षांचं सरकार आहे त्यांना टॅग तरी करायचं...,neutral
"आम्हाला मराठी व्याकरण, भूगोल होतं. पण प्रेमळ नजर हा विषय अभ्यासाला नव्हता कधीच!",neutral
म्हणून मुख्यमंत्री बनलेत,neutral
भारताच्या न्यायव्यवस्थेवर लोकांचा विश्वास कमी होत चाललाय का?,fear
"सर, आज ""आजचा मुद्दा"" आहे का ?",neutral
"प्रेम म्हणजे भक्ती, श्रद्धा... असं वि.स.खांडेकर म्हणले होते.",happy
समालोचक सुद्धा नाही सोडले यांनी सचिनजी चव्हाण,angry
अनुभव घेवून बोलतो का?,neutral
"काही लोकं फोनकडे असे टक लावून बघत असतात जणू की त्यातून ""मेनका"" बाहेर येणार आहे...",neutral
वन परीशेत्र अधिकारी व सहाय्यक वनसंरक्षक पद संख्येत वाढ करावी ही नम्र विनंती.,neutral
थांब भाषण वाचायला लागू का .... दीड तासाचे पूना ...,neutral
"बोलयला शब्द कमी आहेत सर अजय सर, अतुल सर.",happy
का मागे लागलाय रे त्या रवा लाडूच्या,neutral
भावा हे शेवटच,neutral
घर का भेदि लंका झाले चे उत्तम उदाहरण.,angry
ज्या वेळी संजुरौत वायफळ मुक्ताफळं उडवायचा त्यावेळी हाताला लखवा मारला व्हता का रे......बिचकुल्या.....,angry
"महाविकास आघाडीतील समर्थकांनीही त्यांच्या चिन्हावर जोक्स, मिम्स वगैरे बनवून त्यांना प्रसिद्धी देण्याची गरज नाही.",angry
म्हणजे उद्यापासून तुझी खाण्यापिण्याची आभाळ होणार तर किती पित्र जेवलास रे केशवा या सीझनमध्ये,neutral
असा असेल तुमचा आजचा दिवस : राशिभविष्य सप्टेंबर,neutral
आज दिवसभरात पाहिलेला हा तिसरा जलाशय,neutral
ह्याचा परिणाम तुझ्या येणाऱ्या चित्रपटावर % होईल हे नक्की.,neutral
मित्रांनो नव्या जोमात जुन्या पद्धतीने नाव बदलायच चालू कराव का नाही,neutral
उत्तम साधनं नसतील तरी त्याची कल्पना लागू न देण्याची कला पाहीजे.,neutral
निर्माता कोल्ह असे लिहिलेले आहे,neutral
बापाने जन्म गर्दीत राहायला नाही तर गर्दी जमवायला दिलाय...,happy
हे तर महाराष्ट्रीयन संस्कृतीवर गुजराती संस्कृतीचे आक्रमण.,angry
हे काय आहे,happy
ह्याआधी सोबतीला घरात बसून जगातल्या कोणत्याही विषयावर ज्ञान देणारे सर्वज्ञानी होते.,neutral
तुझ्याकडे पाहताना माझा मीच दिसत आहे... तू आहेस की नाही हा एक आभास आहे...,sad
दिशा साल्यान केस पण द्यायला पाहिजे,neutral
"लोकशाहीत, नेता आणि त्याच्या आदेशापेक्षा सदस्यांचे बहुमत आणि बहुमताचा निर्णय अधिक महत्वाचा आहे",happy
"मग ते मराठी बोलतात, हिंदी बोलतात की गुजराती? सांगतोस का",neutral
कुठलं आहे हे,neutral
धनुष्यबाण ही निशाणी गोठ्याली त्यामुळे आता निवडणुकीचा मार्ग मोकळा नक्कीच होणार.,neutral
भाजपा च्या उमेदवाराचा अर्ज बाद होणार का,neutral
तुमचं फराळ झालं पण,neutral
"जुनं आहे हो, हे आत्ता सांगतायत",neutral
हा तर बच्चा आहे! असं किती राजकारण येतंय याला?,angry
आपल्या या वक्तव्यावरून आपण कुठल्या पेठेतले आहात हे समजतंय,angry
संज्या आता रडु नको. आता आं* बडवली जाणार हे नक्की आहे.,angry
दांडूक आणारे... ही परत आली,neutral
एकदा पाकिस्तान आणि श्रीलंका मधले महागाई बघ मग कळेल आपण बरे का ते,angry
नाही नाही … त्यासाठी नाही विचारलं मी तिला … उत्स्फुर्त प्रतिक्रिया बघून बोललो,neutral
आपल्या नसल्याचा रितेपणा नाही जाणवला तरी एकवेळ चालतो. पण आपलं असणं कोणाला खटकायला नको.!!,neutral
"वादळ उरातून आणखी खाली घसरले का, चेक करून घ्या।",neutral
मानवी चैतन्य प्रवाह म्हणजे नाटक गोधडी लवकरच रंगभूमीवर ....,neutral
शिवसेनेला सहानुभूती नाही मिळत आहे हा राज ठाकरेंचा भ्रम आहे!,angry
"गद्दारांना व्हावी कठोर शिक्षा, म्हणून मी घेतली काळी रिक्षा",angry
जरसंधाचा जन्म आणि कंसाशी त्याचं नातं. -,neutral
माझ्याकडे अतिरिक्त पदभार होता...,neutral
कारण नाना पाटेकर पण काकांच्या दावणीला बांधलेल्या वळू पैकी एक आहे..,angry
ही पेटती माष्याल आहे करुणेची ढाल आहे आंधाऱ्या वस्तीत समतेची मश्याल आहे,happy
ऍमेझॉन ला वेबसिरीज आणत आहेत,neutral
ढिगाने पडले होते असे भेळ वाल्या कडे,neutral
एमआयएम ला पण बरोबर घ्या,neutral
ज्या गोष्टी समजत नाही त्या सोडुन द्यायच्या ताण नाही घ्यायचा...!,neutral
जे साखर घेउन जाताना दिसत आहे ते मत देतील अशी अपेक्षा,neutral
तुमच्या बाबतीत अगदी हेच होत आहे हो...,neutral
"""सामना"" हे जगातील एकमेव असे वृत्तपत्र आहे , जे लोक ""टिव्ही"" वर वाचतात !",happy
हे तू सांगणार....,neutral
मातोश्री सोडून जाताना तुमच्या साहेबांनी स्वर्गीय बालासाहेब ठाकरे बरोबर काय अहसान केले होते का?,happy
म्हणजे तु पण ऐकत होता साहेबांना..,neutral
असल्यानेच असे अर्थ सिध्दांतांचा साक्षात्कार होतात??,happy
सोलापुर ला फाफडा नाही भेटत. मटन चालेल का साहेब,happy
ते नॉट रीचेबल आहेत असे ऐकण्यात आले,neutral
आत्महत्येचा गुन्हा दाखल झाला का?,angry
अतिशय उत्कृष्ट चित्रपट आहे हा,happy
म्हणून आता करताव होय,neutral
हा भरपूर आहे सर तुमच्या बाबाचा तुमच्यावर विश्वास तरी आहे..,happy
"चैत्र पौर्णिमा यात्रेनिमित्त तुळजापूर - येरमाळा - पंढरपूर दर्शन ""पंढरपूर"" ( एप्रिल )",neutral
अभाविप जळगाव महानगर कार्यालयात विधिवत पूजन करून श्री गणपती बाप्पाच्या मूर्तीची स्थापना करण्यात आली,happy
जय शंभू नाथ शुभ संध्या मित्र,happy
प्रत्येकाला अखेरीस त्यांची नियुक्ती सहजतेने मिळेल,neutral
अगदी बरोबर आहे..आणि बाळासाहेबांच्याच हयातीत त्याची सुरुवात झाली.. त्यांनाही या गोष्टीचा अभिमान असेलच..!,happy
"योग्य निर्णय , नक्कीच सर्व शेतकरी वर्ग या निर्णयाचे स्वागत करणार .",happy
अभिनंदन मीराबाई चानु पहिलं पदक,happy
काल गोरेगाव येथे मनसे मालवणी महोत्सवास भेट दिली,neutral
ते जानेवारीला जिल्हा कृषी प्रदर्शनी व सरस महोत्सवाचे आयोजन ./ चंद्रपूर,neutral
जगात भारतीय जीवनातील उत्साहवर्ती वाटले जाते!,happy
गाववाले हजार अनुसारक पुर्ण झाल्याबद्दल हार्दिक अभिनंदन,happy
तो यशस्वी करण्यासाठी आता आपण सर्वांनी मिळून काम करण्याची गरज आहे.,neutral
धन्यवाद. तुमच्यामुळेच ही बातमी कळली. त्यांचे अभिनंदन केले.,happy
मोदीजींच्या सहवासात दुहेरी यंत्रसामग्रीच्या राजवटीत राज्याची खूप प्रगती होत आहे.,happy
"घरोघरी आनंदाचे गोकुळ नांदावे, समाधानाने सर्व काही बहरावे! वसुबारस निमित्ताने सर्वांना मनःपूर्वक शुभेच्छा!",happy
होळी पौर्णिमा निमित्त सर्वांना हार्दिक शुभेच्छा..!,happy
साहेबांच्या पवित्र स्मृतीस विनम्र अभिवादन,happy
आमचे लाडके भाचे आर्यमन पालवे यांना वाढदिवसाच्या खुप खुप हार्दिक शुभेच्छा,happy
सौदर्याची खाण आणि हास्याची महाराणी प्राजक्ता आपल्याला वाढदिवसाच्या लाख लाख शुभेछ्या,happy
होळीच्या शुभेच्छा !,happy
मनःपुर्वक शुभेच्छा राजे... स्वराज्याचे मावळे म्हणून आम्ही सदैव तुमच्या सोबत राहू...,happy
एकीच बळ छगन भुजबळएकच खळबळ छगन भुजबळआपल्याला शुभेच्छा आणि अभिनंदन,happy
सहमत... आणि एकदा का ही सवय लागली न की त्रास ही होत नाही कोणी जाण्याचा,neutral
शौर्य दिनाच्या खुप खुप शुभेच्छा (चलो भिमाकोरेगाव),happy
"अजुन - वर्ष, आणि जन्म असेच आनंदी रहा.",happy
पत्रकार आनंद मिश्रा यांना वाढदिवसाच्या हार्दिक शुभेच्छा...,happy
अशा मॅडम सर्व ऑफिसर स्त्रियांना आदर्श हव्या होत्या..तसा रुबाब तर वाटतो,happy
धन्यवाद दादा. आत्ता घरात काम आहेत. पण प्रॉमिस नक्की येईन. सखी साकीला घेऊन.,neutral
नक्कीच पुढील वाटचालीसाठी आपणास पुनश्च एकदा मनःपूर्वक शुभेच्छा,happy
पुस्तक वाचनाची सुरवात करण्याची इच्छा आहे. कृपया एखादे छानसे मराठी पुस्तक सुचवावे.,neutral
वर्षभरासाठीची सकारात्मक ऊर्जा या दिवसांतुन मिळते..,neutral
कोजागिरी पौर्णिमेच्या हार्दिक शुभेच्छा...,happy
असा योग लवकरात लवकर यावा यासाठी शुभेच्छा,happy
वाह भाऊ आपला हा आक्रमक पवित्रा बहुत भावला,happy
दोन दिवसांच्या अथक मेहनतीनंतर बाप्पाचं आपल्या जाग्यावर थाटात आगमन....,happy
फडणवीस यांनी दिलेला दागिना मामिन वर खूप शोभून दिसतो,happy
जनतेची मदत केली म्हणून कारवाई होणार असेल तर बिनधास्त करावी-,angry
"आज वसुबारस…ही दिवाळी आपणा सर्वाना आनंदाची, भरभराटीची जावो…!",happy
किंग लिअर नंतरचा तेवढाच दमदार प्रयोग असणार. बघण्याची उत्सुकता आहे.,happy
तुम्ही कितीही ताकद लावा बदनाम करण्यासाठी पण रक्तात संघर्ष आणि सत्यता आहे..,happy
कोजागिरी पौर्णिमेच्या सर्व नागरिकांना हार्दिक शुभेच्छा...,happy
पन तो पहाटे चा लोटांगण भारी होता...,happy
दादा मि पण सबोत आहो आपल्या साबत,happy
वाढदिवसाच्या हार्दिक शुभेच्छा नाना.,happy
वर्ल्डकप विजेती टीम होणार मालामाल… वर्ल्डकप जिंकणाऱ्या टीमवर 'इतक्या' कोटींचा पाऊस!,happy
"बरोबर आहे आणुदान लुटण्या साठी शिवरायाचे नाव ठेवलं होते,. झालो व्यक्त",angry
हा हा हा हा हा,neutral
तरीही चिलीमिली इज बेस्ट आणि बाकरवडी म्हणजे जगात भारी,happy
शिवसेनेला जनतेची सहानुभूती मिळतेय हेच सत्य आहे!!!,happy
कुठून येतो इतका कॉन्फिडन्स दादा तुम्हाला... मानलं पाहिजे काही पण बोल,happy
सर आपले आभिनंदन आणी पूढील कार्याला खूप खूप शुभैच्छा,happy
स्तनाच्या कर्करोगाबाबत जनजागृती करण्यासाठी हे खरोखरच एक उत्तम शिबिर आहे.,happy
साताऱ्याचे आमदार शिवेंद्रसिंहराजे भोसले यांच्या घरी पर्यावरण पूरक गणेशाचे आगमन ./--…,neutral
"प्रत्येक डायलॉग ची ""कदर"" करणारे कादर खान साहेब ह्यांना भावपूर्ण श्रद्धांजली",happy
ताई आम्ही सर्व आपल्या सोबत जय महाराष्ट्र,happy
कृष्णाकाठच्या वडगाव हवेलीने हळदीतून मिळवली समृद्धी ./-…,neutral
भात उत्पादनात वाढ घडवणारी सह्याद्रीची वीरांगणा./-…,happy
आपण केलेल्या कौतुकाबद्दल मनःपूर्वक धन्यवाद,happy
भटाने उत्तम काम केले आहे,happy
ही परिवर्तनाची खरी वाटचाल आहे अभिनंदन ./ …,happy
आप'चे नेते तसेच पंजाबचे लोकप्रिय मुख्यमंत्री श्री. साहेबांना यांना वाढदिवसाच्या हार्दिक शुभेच्छा !!!,happy
दादा तिकडून हसत आहेत .,neutral
सत्य हे,neutral
आदरणीय धिरज साहेब आपणास व देशमुख कूटूंबीयास नववर्षाच्या हार्दिक शुभेच्छा,happy
भाई जगताप यांचे अभिनंदन आपल्या नेतृत्वाखाली काँग्रेस नक्की यश मिळणार,happy
‘गुंजन’ आणि ‘मधुमालती’ या शब्द स्वरमालेचा लोकार्पण सोहळा उत्साहात संपन्न,happy
महाराजा यशवंतराव होळकर यांच्या राज्यभिषेक दिनाच्या हार्दिक शुभेच्छा...,happy
भाऊ सलाम तुमच्या कार्याला..,happy
आंद्राचे एमएलडी पाणी नोव्हेंबरमध्ये मिळणार; संपूर्ण शहराचा पाणीपुरवठा सुरळीत होणार,neutral
होळी पौर्णिमा निमित्त आपल्या सर्वांना हार्दिक शुभेच्छा !,happy
"धन्यवाद मँडम, आपणांस आणि आपल्या परिवारास ही नविन वर्षाच्या मनापासुन खुप खुप शुभेच्छा",happy
मा.आ साहेब आपणास उदंड आयुष्य आणि उत्तम आरोग्य लाभो हीच ईश्वरचरणी प्रार्थना,happy
जे जाणार होते ते निघून गेले.. वाट पाहत असलेले सोनेरी क्षण समोर आहेत,neutral
आपण त्यांच्या पोटी जन्माला आलो हेच तर आपले खरे भाग्य,happy
"मुली नाही कशातच कमी, समृद्ध बनवतील भारताची भूमी ! आंतरराष्ट्रीय बालिका दिनाच्या हार्दिक शुभेच्छा!",happy
मज्जा चाललो आहे राज्यात,happy
आनंदी गोपाळ सारखंच काही तरी वेगळं असणार ह्यात काही शंका नाही खूप शुभेच्छा दादा,happy
दौड शहरातील जिव्हाळ्याचा प्रश्न ताई आपल्या माध्यमातून लवकरच मार्गी लागेल हा विश्वास आहे.,neutral
मराठी भाषेची शोभा ..,happy
"किती सुंदर निरीक्षण आहे,,शुभ प्रभात ./_/…",neutral
सर्वांना नवरात्रीच्या मंगलमय शुभेच्छा…!,happy
ज्योतिष मार्ग दर्शक व कालसर्प योग पूजा त्रंबकेस्वर हर हर महादेव शंभो काशी विश्वनाथ गंगे,neutral
: शेतकऱ्यांसाठी आनंदाची बातमी ;या दिवशी येऊ शकतो वा हप्ता,happy
"तायडे, ज्योतिबा च्या नावाने चांगभले.",neutral
भाई आजचा भारत हा जगाचा अन्नदाता आहे याचा आम्हा भारतीयांना आनंद आहे.,happy
रंगपंचमीच्या हार्दिक शुभेच्छा,happy
प्रबंधभूमी ईम्पॅक्ट प्रशासनाने नादुरुस्त शौचालयाचे काम मार्गी लावल्याने वाहतूक पोलिसांनी मानले आभार,happy
आयुष्य समृद्ध करणारा अनुभव शेअर केल्याबद्दल धन्यवाद सर ./…,happy
खूप खूप अभिनंदन साहेब तुम्ही काही लावरीसांना तुमचं नाव दिले,happy
अप्रतिम लेख आहे अचूक माहिती धन्यवाद सर जी,happy
आदित्य उद्धव ठाकरे पुरा नाम आजोबा चे नाव तर माहित च आहे,neutral
"हा फक्त एक छोटासा धक्का आहे, अजून बरेच चांगले येणे बाकी आहे.",neutral
कोजागिरी पौर्णिमा .... सर्वांना मनःपूर्वक शुभेच्छा !!,happy
वाढदिवसाच्या हार्दिक शुभेच्छा सर ..,happy
राष्ट्रीय सुक्ष्म सिंचन कार्यशाळेस मोठ्या संख्येने उपस्थित राहावे-जिल्हाधिकारी उदय चौधरी./,neutral
आपल्या कार्यास अनेकानेक शुभेच्छा..,happy
राष्ट्रवादीचे युवा नेते पार्थ पवार आणि रेवती सुळे यांनी साजरा केला रक्षाबंधनाचा सण,happy
महाशिवरात्री निमित्त सर्व शिवभक्तांना मनःपूर्वक शुभेच्छा!,happy
जय कलेश्वर जय महादेव जय शिव शंकर,happy
सेवानिवृत्त सरकारी कर्मचाऱ्यांसाठी आनंदाची बातमी!- ./ -,happy
!अभिनंदन! कॉमनवेल्थ स्पर्धेत मीराबाई चानू यांनी इतिहास रचत भारतासाठी पहिलं सुवर्णपदक जिंकलं,happy
हे आहेत आमचा नेता राजकारणा पलीकडे जाऊन विचार करणारा,happy
अभिनंदन भाऊ नक्कीच येऊ लातूर ला आशीर्वाद तर नेहमीच आहे भाऊ,happy
*दहन करूया वाईट विचारांचे* *दहन करूया वाईट प्रवृत्तीचे..!* होळी पौर्णिमा निमित्त सर्वांना मंगलमय शुभेच्छा..!,happy
आजपासून सुरू होत असलेल्या नवरात्रोत्सवाच्या हार्दिक शुभेच्छा,happy
क्रांतिज्योती सावित्रीबाई फुले यांच्या जयंती निमित्त त्रिवार वंदन !!!,happy
महानगरमंत्री समर्थ दरेकर यांच्या हस्ते अभाविप कार्यालयातील गणरायाची आरती पार पडली..,neutral
फाॅलो बॅक दिल्याबद्दल धन्यवाद साहेब,happy
वाढदिवसाच्या हार्दिक हार्दिक शुभेच्छा भाऊ,happy
"अप्रतिम चित्रपट आहे, दोन वेळा बघितला",happy
"छान काम करत आहात, सकारात्मक कामे मोठ्या प्रमाणात टाकता..",happy
"म्हणून सिंदे ग्रुप ला दिलासा, एसे न्यूज होते । .",neutral
नव वर्ष सुखाचे आणि समृद्धि चे जावो हीच प्रार्थना,neutral
पाथर्डी येथे कृषिदूत वैभव गाडे यांचेकडून शेतकऱ्यांना मार्गदर्शन ./?=,neutral
नविन वर्षाच्या सर्वांना मनपूर्वक शुभेच्छा !,happy
आणि विधायक कामाचा हा विजय आहे.धन्यवाद कोल्हापूरकर!,happy
प्रतिभावंत कवी राम गणेश गडकरी यांना जयंती निमित्त शतशः प्रणाम...,happy
"यासाठी खूप उत्साही आहे, खरोखर याची वाट पाहत आहे!",happy
खूप खूप धन्यवाद आपले असेच प्रेम मिळत रहो हीच इच्छा,happy
संपूर्ण हिंदुस्तान ने हा आदर्श घ्यावा ...अभिनंदन जी,happy
ज्या दिवसाची आपण सर्वजण वाट पाहत आहोत तो दिवस आला आहे,happy
नविन वर्षाच्या आपणांस हार्दिक शुभेच्छा..,happy
देशाच्या आत्मनिर्भर प्रयत्नात मुक्त विद्यापीठाचे योगदान मोठे!./-/…,happy
वाढदिवसाच्या हार्दिक शुभेच्छा सेठ दिसत नाही आहेत गेलेत का ??,neutral
अगदी बरोबर बोलल्या आहेत त्या.,happy
लावणी सम्राज्ञी सुरेखा पुणेकर यांचे राष्ट्रवादी काँग्रेस पक्षात हार्दिक स्वागत.,happy
अगदी बरोबर सहमत आहे,neutral
आज भाई जगताप साहेबांनि फॉल्लो बॅक दिला धन्यवादआपल्या लेखनाची कोणीतरी दखल गजेतेय याचं आनंद होतोय,happy
लटके वहिनीनी नोकरी वाचवली अभिनंदन... प्रमोद सावंत आता बळीचा पेंग्विन... जय कामाख्या देवी..,angry
मीराबाई चानु आणि गुरूराज यांचे हार्दिक अभिनंदन. पुढील वाटचालीसाठी शुभेच्छा.,happy
मी दुखी का मी खुशच आहे,neutral
वाढदिवसाच्चा हार्दिक शुभेच्चा ताईसाहेब,happy
अरे हा तर शाखेतून आलेला अनौरस दिसतोयबुलबुल चा जबरी फॅन दिसतोय,angry
केळी उत्पादक शेतकऱ्यांच्या जिव्हाळ्याचा विषय मांडल्याबद्दल आभार,happy
जनकापूर येथे नटरंगी नार लावणी अँड डॉन्स गृप कार्यक्रम संपन्न - ./-…,neutral
शांतिनिकेतनला मानाचा मुजरा !,happy
सत्तार। भाऊ तुम्हचे काम प्रशंसनीय। आहे,happy
लय हसलो पवार साहेब पण हसत होते,happy
"लातूरचे सुपुत्र ,सिनेकलाकार रितेश विलासराव देशमुख उदंड आयुष्याच्या हार्दिक हार्दिक शुभेच्छा",happy
म्हणजे आता भ्रस्टाचार मुक्त चांगले रस्ते होणार,happy
मकर संक्रांतीच्या हार्दिक शुभेच्छा!,happy
मग आता मस्त मज्जा येणार,happy
माझे नेते. जलसंपदामंत्री मा ना राम शिंदे साहेबयांना वाढदिवसाच्या हार्दिक शुभेच्छा,happy
"आरोग्य सेविकांच्या हस्ते गणेश मूर्तीची स्थपना ./ # , ,",neutral
भाउ आपणास वाढदिवसाच्या हार्दिक शुभेच्छा. ऑगस्ट,happy
"सर्दीचे प्रमुख कारण समयाचे परिवर्तन आहे, कधीच होत नाही त्यामुळे तुजेला कोणत्याही परेशानी होणार नाही.",neutral
धन्यवाद संदीप! माझा तो पहिला अल्बम त्यामुळे माझ्याही मनात त्याबद्दल विशेष जागा आहे.,happy
आपले कार्य आणि निष्ठा वाखाण्याजोगीच आहे.,happy
"अभिनंदनपण मराठा आरक्षण हे मधून %च्या आत लवकर द्याल हीच अपेक्षा,,",angry
ज्या ऐतिहासिक इमारतीला बनविण्यासाठी वर्ष लागली ती जवळून पाहताना खुप आनंद होतोय.,happy
मराठी साहित्यातील प्रतिभावंत कवयित्री आदरणीय स्व. शांता शेळके यांना जयंतीदिनी विनम्र अभिवादनकोटि कोटि वंदन,happy
खुप चागली दिसत आहे तु,happy
ही कौतुकाची थाप जरा खास आहे!!!,happy
सुप्रभात प्रणाम सर जी जय हरि माऊली एकादशीच्या हार्दिक शुभेच्छा,happy
शिवसेना ही सत्याची खोक्यांची नाही.,happy
कदाचित रोहित शेट्टीच्या जगात पोलिस म्हणून सिद्धार्थ मल्होत्राचा हा सर्वोत्तम आहे,neutral
"या वृत्तीने तुम्ही आधीच निवडणूक जिंकली आहे, कायम ठेवा",happy
शिंदे – फडणवीस सरकारचा निर्णय शेतकऱ्यांना दिलासा देणारा.,happy
सर्व भाविकांना महा शिवरात्रीच्या हार्दिक शुभेच्छा!,happy
आपल्या आयुष्यातील खरे नायक हे असतात..ज्यांचा चेहराही माहित नसतो आपल्याला..आपण सवंग सिनेनायकांमागे धावत बसतो..ओम शांती,happy
"मुख्यमंत्र्यांनी हे ट्विट शेअर केले आहे, चला जनजागृती करूया.",neutral
वाढदिवसाच्या मनःपूर्वक शुभेच्छा! दादा,happy
भूम पोलीस ठाण्याचा सलग दुसऱ्या वर्षी स्तुत्य उपक्रम @,happy
"गिरीश, प्रकटदिवासाच्या उशीराच्या हार्दिक शुभेच्छा.. पुणेरी मिसळपाववर ताव मारा",happy
मराठी साठी मनसे च !!!अभिनंदन!!!,happy
श्री छत्रपती शिवाजी महाराज यांना कोटी कोटी नमन! पुण्यतिथी: चैत्र पौर्णिमा ( एप्रिल ),happy
बघा ना दादा किती स्त्रीयांचा विचार केला आहे बाबासाहेबांनी जय भिम,happy
रक्षाबंधन आणि नारळी पौर्णिमेच्या हार्दिक शुभेच्छा..,happy
अखेर - वाघाला जेरबंद करण्यात वनविभागाला यश -,neutral
चाकोरीबध्द रंगभूमीच्या बाहेर जाऊन विचार करणारा दिग्दर्शक म्हणून दामू केंकरेंची ओळख होती.,happy
आपणा सर्वांना च्या हार्दिक शुभेच्छा.....,happy
अच्छा... गेल्या वर्षांत प्रचंड चांगला बदल झालाय!,happy
बरं झालं कुबड्या नाही भेटल्या,neutral
म्हणून महाराष्ट्राचा गर्व बाळगा... जय महाराष्ट्र,happy
हा हा हा हा हा हा हा हा हा,happy
भाजपा महाराष्ट्र प्रदेश प्रवक्तासौ.श्र्वेता ताई शालिनीआपणांस वाढदिवसाच्या हार्दिक शुभेच्छा!,happy
नवीन वर्षाच्या हार्दिक शुभेच्छा सुरेश सर....,happy
"आता एक अवसर आहे, भाजप पार्टी हया उपयोगचा प्रयत्न निश्चितपणे करतील.",neutral
वारसा स्थळांचे जतन व संवर्धनाकरीता लोकसहभाग उपयोगी ./ / / /…,neutral
अक्कलकोट समर्थ न्यूज |स्वामी समर्थ नेवेद्य आरती होळी पौर्णिमा विशेष आरती... ./_,happy
हे भारी होत.....,happy
कोरेगाव भीमा ऐतिहासिक विजयस्तंभाला मानवंदना; लाखोंची गर्दी ./-…,happy
"अहमदनगर जिल्ह्यात आपले सहर्ष स्वागत आहे. मल्लू शिंदे-जिल्हाध्यक्ष / सेल, अहमदनगर",happy
दृश्यम ’ हा अजय देवगणच्या बहुप्रतिक्षित चित्रपटांपैकी एक !,happy
हास्यसम्राट अभिनेता सागर कारंडेला कडून वाढदिवसाच्या हार्दिक शुभेच्छा..!!,happy
यांना मनःपूर्वक मंगलमय शुभेच्छा'!!!,happy
"सोनिया गांधी यांच्या सत्तेत वर्षे झाली, किती मोठा आणि यशस्वी प्रवास झाला!",happy
तुमच्या घरी काही मोहक लहान पाळीव प्राणी आहेत!,happy
असेच कार्यरत राहून महाराष्ट्र गुन्हेमुक्त करण्यात हातभार लावावा!,happy
आपल्या सर्वांची भक्कम साथ,neutral
प्लास्टिकचा वापर कमी होण्यासाठी हा प्रयत्न उत्तम आहे,happy
तुरुंगात असताना या गृहस्थाला नानाविध आजार होते. आता तुरुंगातून बाहेर पडल्यानंतर प्रकृती उत्तम दिसते.,neutral
स्पॅम कॉल्स आणि बनावट संदेशांना वैतागलात? लवकरच मिळणार हा मोठा दिलासा,happy
लाख संकटं झेलुन घेईल अशी पहाडी छाती !,happy
नववर्षाच्या आपणास हार्दिक शुभेच्छा.!,happy
खुप खुप धन्यवाद कडक उपाययोजना केल्या बदल,happy
"ताई तुम्ही खुप मेहनत घेत आहात, तुमचे प्रयत्न नक्की यशस्वी होतील",happy
कारभारी लयभारी : शोना मॅडम खऱ्या आयुष्यात दिसते खूपच ग्लॅमरस ..//…,happy
महान योगी श्री सेवागिरी महाराज रथोत्सवाच्या सर्व भाविकभक्तांना हार्दिक शुभेच्छा !,happy
वाढदिवसाच्या मनःपूर्वक शुभेच्छा जय महाराष्ट्र,happy
होईल. हा हिस्सा सार्वजनिक म्हणून जाहीर करण्याची सरकारची विनंतीही सेबीने मान्य केली आहे.,neutral
नविन वर्षाच्या हार्दिक शुभेच्छा .....मालक,happy
आता हे कोणी केलं रे... कडक...,happy
आमचा पुतण्या हातगाव चे सरपंच श्री दत्तु नागरे यांना प्रकट दिनाच्या हार्दिक शुभेच्छा.,happy
वर्षाच्या प्रतिक्षेनंतर संतपिठाचे सप्टेंबर रोजी मुख्यमंत्र्याच्या हस्ते उदघाटन ./-/…,neutral
राधे राधे . .,neutral
"आपल्या विकसित विचारांनुसार, विकल्प निवडण्याचे नियंत्रण करणे आपल्याला अत्यंत उत्तम कर्तव्य आहे!",neutral
नमन हे ..,happy
आई बहिणीच्या फोटोवर अश्लील कमेंट ते प्रभूरामाची शिकवण. एक अद्भुत प्रवास,angry
"डॉ आबेंडकर जयंती सॅनिटाईझर मशीनचे उद्घाटन करून साजरी,,./",happy
खुद्द पोलीसच नव्हे तर त्यांचे प्रतिबिंब सुद्धा सदैव सतर्क असते. जय हिंद.,happy
महाराष्ट्र नवनिर्माण सेनेतर्फे आपणा सर्वांना महाशिवरात्रीच्या मनःपूर्वक शुभेच्छा.,happy
मा. खासदार साहेबांना वाढदिवसाच्या हार्दिक शुभेच्छा शुभेच्छुक :- जिल्हा प्रमुख बीड,happy
जय किसान!खूपच उल्लेखनीय कार्य ताई.,happy
कृष्णंम् वंदे जगतगुरु!!,happy
निखळ हिंदुत्वासाठी सुरत आणि गौहाटीला गेलेल्या अब्दुल सत्तार ह्यांचा कॅबिनेट लढा यशस्वी !,happy
"हा एक उत्तम चित्रपट आहे, तो ऑस्करला पात्र आहे.",happy
. हा हा हा हा हा,happy
"स्वराज्य ध्वज पूजन यात्रेचा कर्जतमधून शुभारंभ. ./ # , ,",neutral
||ॐ नमः शिवाय|| सर्व शिवभक्तांना महाशिवरात्रीच्या हार्दिक शुभेच्छा...,happy
भारीच सुचलं आहे...,happy
महाराष्ट्राच्या प्रेमापोटी अगदी योग्य भूमिका पार पाडत आहात.,happy
अभिनंदन म्याडम आपण मराठी भाषेचा आदर राखलात त्या बद्दल.,happy
"किशोरभाऊ तिवारी यांची आयता व उमरी येथे भेट, विविध विषयावर अंतर्ज्ञानी चर्चा .//",neutral
म्हणजे अच्छे दिन आ गये....,happy
दादा वाढदिवसाच्या मनपूर्वक मंगलमय हार्दिक हार्दिक शुभेच्छा,happy
आजपासून सुरू होणाऱ्या दिवाळी सणाच्या सर्वांना मनसे शुभेच्छा. ।जय महाराष्ट्र।,happy
मधे जाऊन विद्यार्थीच्या पाठीशी उभे राहणाऱ्या चा आदर आज लाख पटीने वाढला,happy
वसुबारस आणि आजपासून सुरु होणाऱ्या दीपोत्सवाच्या हार्दिक शुभेच्छा....,happy
"एक गाव, एक गणपती' उपक्रमास सकारात्मक प्रतिसाद",neutral
शीळ येथे शनिवार एप्रिल रोजी अखंड हरिनाम सप्ताहाचे आयोजन,neutral
काही निष्पन्न होणार नाही. मोदींचा वरदहस्त आहे दादांवर,neutral
छानच जे चाललं ते चालुद्या म्हणून काम व आयुष्य जगता आले पाहिजे,neutral
चॅनल काकांचा आहे .त्यामुळे कदाचित काकांनी जास्त बोनस दिला असेल असं बोलायला,neutral
तुम्ही मांडलेलं मत अगदीच बरोबर आहे,neutral
जगण्याची जिद्द ह्यालाच तर बोलतात,happy
एक वर्षाच्या सर्वमला दुर्मिळ आजार ; कोटीच्या मदतीची गरज पुरवली गेली./-…,sad
भाऊ छान लेख आणि चांगली माहिती मिळाली आपलेकडून आभारी आहोत,happy
"खूप छान व नाविन्यपूर्ण माहिती दिली या बद्दल धन्यवाद ,,,",happy
बैलगाडा शर्यतीमुळे मुक्या जीवांचे नक्कीच कल्याण होते.,neutral
तुमच प्रेम आणि आशीर्वाद पाठिशी असला की माणूस मस्तच राहील अभिभाऊ,happy
अतिशय मार्मिक व योग्य निरीक्षण,happy
अती उत्तम सेवा गोमय हर्बल साबून,neutral
मनःपूर्वक लाख लाख हार्दिक शुभेच्छा,happy
तिळगुळ घ्या गोडगोड बोला,happy
राज्यातील उद्योजकांना चांगल्या सुविधा देण्याचा शासनाचा प्रयत्न : उद्योगमंत्री उदय सामंत,neutral
"खूप चांगले कामं, देव आशीर्वाद नक्कीच देणार",happy
"बहुत उम्दा , लाजवाब वाह वाह वाह",happy
नूतन वर्षाच्या हार्दिक शुभेच्छा मुंबई पोलीस,happy
अगदी बरोबर आहे साहेब,neutral
"नवीन काही शिकताना चुका ह्या होतच असतात, त्या चुकांना आपण घेणे हे गरजेचे..",neutral
आर्थिक गुन्हे शाखाचे अधिकारी व कर्मचारी यांची कामगिरी...,neutral
हे चॅनेल माहितीपूर्ण आणि आरोग्यदायी सामग्री प्रदान करते,neutral
"खरे ""स्वच्छ भारत"" अभियानाचे जनक संत गाडगे महाराज यांच्या स्मृतीस कोटी कोटी प्रणाम",happy
"जरी आता गोष्टी परिपूर्ण नसल्या तरी, एखाद्याच्या कामात सुधारणा आणि यश मिळण्याची संधी नेहमीच असते.",neutral
रक्षाबंधन आणि नारळीपौर्णिमेच्या हार्दिक शुभेच्छा,happy
सरळ आहे मग...सामान्य कार्यकर्त्याला उमेदवारी द्या. अजूनही वेळ गेलेली नाही.,neutral
"मोदी सरकारच्या योजनांमुळे भारत उजळला, इस्त्रोचा अहवाल सांगतो देशाने प्रगती साधली! ./-/…",happy
चांगलं केलं..हा आणि उधार अजिबात देऊ नको..,neutral
श्री गणेश आगमणाच्या सर्वांना महाराष्ट्र नवनिर्माण सेनेतर्फे हार्दिक शुभेच्छा,happy
या चित्राने लाखो लोकांची मने जिंकली आहेत .....,happy
शिव शंभो,happy
माण देशी फाउंडेशनमुळे महिलांच्या कष्टाला सन्मान : सुभाष देसाई ../--…,happy
आमच्या गावची,neutral
भारतात गुंतवणूक करू इच्छिणाऱ्या प्रत्येकाचे महाराष्ट्रात स्वागत - सुभाष देसाई,happy
महाराणी वेब सिरीज भारी आहे,happy
धन्यवाद सुबोध चांगलं काम करण्याचा टक्के प्रयत्न केलाय आम्ही. ./…,happy
वाशिष्ठी डेअरी आणि मिल्क प्रॉडक्ट्स प्रकल्पाचे भूमिपूजन खूप छान झाले.,happy
आज सर्वात आनंदी माणूस म्हणजे शरद पवार सोनिया सेना करण्यात पूर्णपणे यशस्वी.,happy
आमच्या अज्ञानावर प्रकाशझोत टाकल्याबद्दल आभारी आहोत!,happy
"तीळगुळ घ्या, गोड गोड बोला! मकर संक्रांती निमित्त सर्वांना मंगलमय शुभेच्छा!",happy
भगवान शिवाच्या चरणी कोटी कोटी प्रणाम !,happy
विद्यार्थ्यांनी कॅम्पस गस्तीसाठी इलेक्ट्रिक मोटारसायकल बनवली ./-/…,neutral
भारताचे शूर पुत्र शहीद कॅप्टन विक्रम बत्रा यांना जयंती निमित्त विनम्र अभिवादन!,happy
आज गौराईचे आगमन.हा मी मागच्या काही वर्षांपूर्वी काढलेला फोटो.,neutral
हा महाराष्ट्र आहे आणि इथे आपण अभिमानाने मराठी बोलतो. आपली संस्कृती आणि भाषा विविधता साजरी करूया.....,happy
‘नाटू नाटू’ला ‘ऑस्कर’ मोदी म्हणतात... .// / / …,happy
"शिवसेना परिवारात भगवे स्वागत आहे आपले, जय महाराष्ट्र. .//…",happy
हार्दिक अभिनंदन तुम्ही त्यांची परंपरा कायम राखलीत...,happy
नमस्कार अतुल जी अतुलनीय आहे,happy
छान कर्नाटकमधे कोठे गेलात हुबळी ला का,neutral
एवढं संपन्न व गौरवशाली परपंरा असलेले शास्त्र ....,happy
पहला यंदा ट्विट केले म्हणून अभिनंदन,happy
*चंद्रासारखा तेज लाभो* *जीवन अर्थसंपन्न होवो* * * *शुभेच्छुक- शिवस्मित मल्टीस्टेट बँक*,happy
तीन महिन्यांपूर्वी आम्ही इतिहास घडविला,happy
रक्षाबंधन आणि नारळी पौर्णिमेनिमित्त सर्वांना प्रेममय शुभेच्छा..!!,happy
महाशिवरात्री निमित्त सर्वांना हार्दिक शुभेच्छा!,happy
साहेब तुमचे मार्गदर्शन त्यांना मिळतेय हे त्यांचे नशीबच,happy
जय श्री महाकलेश्वर ‼शुभ संध्या मित्र ‼,happy
"आपण चांदणी ला भेटू, मस्त जागा आहे आणि फूड पण.",neutral
"धन्यवाद,आपणास सुध्दा नविन वर्षाच्या खुप खुप शुभेच्छा",happy
वाढदिवसाच्या हार्दिक शुभेच्छा भावा. खूश रहा मज्जा कर. पार्टी दे.,happy
उपवास करण्यास हे प्रलोभन मस्तच आहे,neutral
"पण आजच्या सामन्यात भारत जिंकला ,गद्दार नाही",angry
मकर संक्रांत ' निमित्त सर्वांना मंगलमय शुभेच्छा !,happy
करबोदकांचा डोंगर म्हणजे पाव. चहा आणि पावासरख सुख नाही,neutral
जय श्री बाबा महाकाल जी महाराजसांध्य दर्शन . .,happy
बरोबर .. ते काम तुलाच चांगलं जमतं,neutral
भगवान महावीर जयंती च्या हार्दिक शुभेच्छा सर जी राहुल जामनिक कोराडी नागपूर सामाजिक कार्यकर्ते,happy
होळी पौर्णिमा निमित्त सर्वांना हार्दिक शुभेच्छा,happy
अभाविप धुळे शहर निवासी कार्यालयात गणपती बाप्पाची प्राणप्रतिष्ठा करण्यात आली..,neutral
पी.व्ही.सिंधु रियो आँलम्पिक स्पर्धेत भारताला * * मिळवून दिल्याबद्दल हार्दीक अभिनंदन....,happy
डूचक्या हा शब्दचं मी पहिल्यांदा ऐकला आहे त्यामुळे हसू आलं,happy
"स्वागत, बंधन, अभिनंदन, महाराज",neutral
अन्यायाला वाचा फोडण्यासाठी बंडखोरी करणे म्हणजे ..जय महाराष्ट्र,angry
"धन्यवाद सकाळी सकाळी, छान विडिओ शेअर केला",happy
येळकोट.. येळकोट.. जय मल्हार निमित्त मंगलमय शुभेच्छा.,happy
"वा मित्रा,आपले दुःख व्यक्त करता येत नाही ,त्यांच्यासाठी खूप महत्त्वाची माहिती",sad
"अभिनंदन,, पण यात जराही कुठे कपट नीती झालेली नाही,, पारदर्शकता आहे",happy
वन्यप्राण्यांच्या हल्ल्यांमुळे झालेल्या नुकसानीची भरपाई दिवाळीच्या आधी मिळणार,neutral
तुमच्या ह्या अपेक्षित भूमिकेंमुळे तुमच्या कार्यकर्त्यांची चांगली स्थिती होते....,happy
छान छान गोष्टी चे पुस्तक वाचायला हवे.,neutral
एक भारत श्रेष्ठ भारत,happy
"कालपासून प्रसादाचा शिरा बनवायची तयारी सुरू होती, लोकांचा 'प्रसाद' मिळणार त्यापेक्षा हे बरे केले",neutral
सुंदरबन सारख्या ठिकाणी आणि अशा कठीण परिस्थितीत काम करणं म्हणजे अद्भुत च.,happy
हसून भरलं पोट. का अजून वडापाव खायचाय.,happy
"गणपती,दहीहंडी, नवरात्र आता दिवाळीही धुमधडाक्यात हे शिवशाही सरकार..",happy
किती कौतुकाचे ट्विट केले आहेत,happy
संताजी धनाजी स्वराज्याचे एकनिष्ठ होते गद्दार नव्हते,happy
"सुंदर दिसतेस, खूप खूप आशीर्वाद",happy
नववर्षाभिनंदन! ./…,happy
कापट्यपट्टू' भारी शब्द आहे,happy
वाढदिवसाच्या हार्दिक शुभेच्छा जी,happy
चैत्र पोर्णिमा उत्सव व पंचावतार सोहळा चिंचोली अडगाळ टेकडी अमरावती निवासी बाबांच्या अध्यक्षतेत संपन्न ./-,neutral
शिवसेना उपनेते माजी मंत्री बबनराव घोलप यांना वाढदिवसाच्या हार्दिक शुभेच्छा.!.,happy
"भूदान चळवळीचे प्रणेते,विचारवंत यांना जयंतीनिमित्त विनम्र अभिवादन..!!",happy
भाऊ बहिणीच्या प्रेमाच्या सर्वोच्चतेचं प्रतीक म्हणजे आणी,happy
सर्व निष्ठावंत युवसैनिकांना व्या युवासेना वर्धापन दिनाच्या हार्दिक शुभेच्छा..!,happy
सुप्रभात ... गणपती बाप्पा मोरया,happy
"नवी मुंबई पोलिसांशी संपर्क साधल्याबद्दल धन्यवाद, तुमची तक्रार संबंधित वाहतूक युनिटकडे पाठवण्यात आली आहे.",happy
आमचे कुलस्वामी जय भैरवनाथ चे दर्शन घेतले,happy
रत्नागिरी जिल्हा परिषदेत 'आनंदी... ./ ?,neutral
कोजागिरी पौर्णिमेच्या हार्दिक शुभेच्छा !,happy
कपिल व मनू यांच्या पोटापाण्याची सोय होत रहाते.,neutral
संजय काका तुमचा अभिमान आहे. जय महाराष्ट्र.,happy
वासाचा व्यवसाय दूर दूर - पार विदेशापर्यंत पसरो - हीच सुगंधी शुभेच्छा !,happy
अभिनंदन भाऊ..आता आणखीन जबाबदारी वाढली.. ./…,happy
": दिवाळीत या प्रकारे घर सजवा, कमी बजेटमध्ये चमकेल तुमचे घर",happy
प्रचंड इच्छाशक्तीची झलक दिसते आपल्यात साहेब,happy
हे एक फुल्ल टू धमाल हँडल आहे! मुंद्रा पोर्ट चे खरे लाभार्थी...!,happy
आज मोनोरेल मधून प्रवास करण्याचा अनुभव घेतला त्याप्रसंगी घेतलेला सेल्फी संस्मरणीय राहील...,happy
भाऊ वाढदिवसाच्या हार्दिक शुभेच्छाआई तुळजा भवानी आपणास उदंडआयुष्य देवो हिच श्री चरणी प्रार्थना,happy
तुमचा लढा ला यश आल ताई आपले लाडके संजय राठोड पुन्हा मंत्री झाले,happy
अभिनंदन व पुढील वाटचालीसाठी हार्दिक शुभेच्छाएकबार फिरसे परिषद परिषद,happy
अभिमानास्पद निर्णय जातीभेद समूळ नष्ट होणार धन्यवाद,happy
प्रकटदिनाच्या हार्दिक शुभेच्या,happy
सर्व देशवासियांना महाशिवरात्री निमित्त हार्दिक शुभेच्छा !!,happy
राहुरीमध्ये स्थानिक पदाधिकारी आणि कार्यकर्त्यांनी आमदार रोहितदादा पवार यांचा सत्कार केला.,happy
शिंदे सरकारचा नवरात्रोत्सवानिमित्त महत्त्वाचा निर्णय; ऑक्टोबरलाही रात्री बारा वाजेपर्यंत मिळणार ‘ही’ विशेष सूट,neutral
मतदार म्हणुन आमची किम्मत काय-नाना. पहिलाच जबरदस्त प्रश्न.,happy
आदरणीय सर आपली पुणे ग्रामीण पोलीस अधिक्षकपदी नियुक्ती झाली त्याबद्दल आपले हार्दिक अभिनंदन,happy
निमित्त सर्वांना मंगलमय शुभेच्छा...!.,happy
अहमदनगर येथील चित्र-शिल्पकार अशोक डोळसे यांचे सावित्रीबाई फुले यांना खडू शिल्पाद्वारे अभिवादन,happy
म्हातारपनाच्या हार्दिक शुभेच्छा.।।। हे आयुष्य सुख समाधानी आणि आरोग्य दायी जावो ।।।।।,happy
"दशलक्षण उत्सवाचा चौथा दिवस हे सर्वोत्तम सत्य आहे ,",neutral
भाऊ हर हर महादेव अप्रतिम आहे,happy
"तिळगुळ घ्या आणि गोड गोड बोला, मकर सक्रांतीच्या हार्दिक शुभेच्छा",happy
नवीन वर्षाच्या सुरुवातीला विद्युत सहायक लिस्ट लाऊन शेतकरी मुलांना न्याय द्यावा अशी आशा बाळगतो,neutral
"खूप खूप अभिनंदन दादा, पुढील वाटचालीसाठी लाख लाख शुभेच्छा !!",happy
नमस्कार म सबै केटीलाई इज्जत गर्ने मान्छे,happy
यांचे अप्रतिम भाषण; प्रत्येकाने एकदा नक्की बघावे ./,happy
भविष्यात अशाच सुंदर मराठी जाहिराती बघायला मिळतील ही अपेक्षा. स्वागत,happy
"पासपोर्ट बनवणं होणार आणखी सोपं, पोलिस क्लिअरन्स सर्टिफिकेटसाठी ऑनलाइन करता येणार अर्ज",neutral
हे अधिक महत्त्वाचं.. खूप खूप शुभेच्छा आणि अभिनंदन..,happy
सामाजिक एकोपा जपणारा संदेश धन्यवाद दादा.. .//…,happy
"धन्यवाद भाजपा, आजची दारूची सोय करून दिल्याबद्दल",happy
शंभर तक्के बरोबर आहे,neutral
तो खूप छान काम करत आहे मित्रांनो,happy
बैलगाडा शर्यत निकालानंतर पुणे विमानतळावर आमदार महेश लांडगे यांचे जल्लोषात स्वागत ./--…,happy
महाशिवरात्रीच्या मंगलमय शुभेच्छा..!,happy
"पर्यटनाच्या मोहपूर्वक काही खूपच खुशी होती, जेणेकरच ते फुकटात हॉटेल, डोंगर, दर्या यांच्यात.",happy
सर तुम्ही जे लिहिता ते खूपच छान असते,happy
पर्वास म्हणजेच उत्सवाच्या तमाम हार्दिक शुभेच्छा,happy
वाढदिवसाच्या हार्दिक शुभेच्छा ...,happy
व टीम यांचे हार्दिक अभिनंदन,happy
शेतकऱ्यांच्या सर्व समस्यांसाठी एकच निवारण केंद्र! देवाभाऊ,neutral
नागरिकांच्या दैनंदिन तणावमृक्तीसाठी ‘सहज साधना’ ध्याय साधनेची गरज .//-…,neutral
"हा खरोखरच अप्रतिम सामना आहे, प्रत्येकाने तो पाहावा.",happy
"कर्तव्यदक्ष विद्यमान,आमदार आशुतोष (दादा) काळे,(कोपरगाव विधानसभा) यांना वाढदिवसाच्या हार्दिक शुभेच्छा",happy
आपणा सर्वांना महाशिवरात्रीच्या मनःपूर्वक शुभेच्छा.,happy
कोजागिरी पौर्णिंमेच्या हार्दिक शुभेच्छा!,happy
"ते आहेच, शेवटी पैसा आणि धंदा महत्वाचा. देश, देशभक्ती वगैरे लोकांना शिकवायला...",neutral
नविन वर्षाच्या हार्दिक शुभेच्छा ..!,happy
भोपळ्याच्या बियांचे हे आहेत आश्चर्यकारक फायदे,neutral
साहेब खूप चांगला निर्णय घेतला खूप खूप अभिनंदन,happy
महाराष्ट्राच्या विकासासाठी झगडणारे आणि धडपडणारे एकमेव व्यक्तीमत्व म्हणजे देवेंद्र जी,happy
जी आपण दिलेल्या शुभेच्छांबद्दल मी आपला शतशः आभारी आहे. जय महाराष्ट्र,happy
मुद्देसुद माहिती.... वाचनीय लेख,neutral
भारत जोडो यात्रे मुळे भारताने हा सामना लिटर ने जिंकला. धन्यवाद राहुल गांधी,happy
सर्वांना नविन वर्षाच्या खुप खुप शुभेच्छा,happy
वाढदिवसाच्या खुप आभाळ भरुन शुभेच्छा .//…,happy
वाढदिवसाच्या हार्दिक शुभेच्छा आमदार साहेब,happy
"बीडकर अभिनंदण, बीडात असाल तर भेटा. ./_ _/…",neutral
आदिशक्तिच्या आशीर्वादाने चहूकडे पसरू दे मांगल्याचा प्रकाश...,happy
महाशिवरात्रीच्या सर्व शिवभक्तांना मंगलमय शुभेच्छा....!,happy
बिल्डींग पण भारी निवडला आहे की,neutral
"कला, निसर्ग आणि संस्कृतीप्रिय आदिवासी बांधवांना जागतिक आदिवासी दिनानिमित्त मनस्वी शुभेच्छा!",happy
सर्व पिंपरी चिंचवडकरांचे आभार ! ही एकजूट उद्याच्या परिवर्तनाची नांदी आहे.,happy
"भाई अभिनंदन ,आपन महाराष्ट्राचे अध्यक्ष व्हायला पाहिजे",happy
ग्राऊंड लेव्हलवर काम करणाऱ्या भाऊंना फॉलोअर्स बद्दल अभिनंदन,happy
आमची आवडती अभिनेत्री आहेस तू सदैव तुझ्या चांगल्या भूमिकांच स्वागत आहे,happy
सोप्या भाषेत खूप मोलाचा सल्ला दिलात सर ./…,happy
"आमच्याकडचे सोयाबीन, बाजरी गेली..कापूस अजून चांगला आहे, तुर पण चांगली आहे",neutral
अभिनंदन साहेब तुमचा आमाला अभिमान आहे,happy
गरीब आणि शेतकरी या दोघांच्याही उन्नतीवर सरकारचा भर आहे..,happy
ही चांगल्या दिवसाची सुरुवात म्हणायला हरकत नाही,happy
रक्षाबंधन आणि नारळी पौर्णिमेच्या सर्वांना मंगलमय शुभेच्छा,happy
गाडगे महाराज पण काय पुरोगामी होते,happy
"लोक आता उद्धव ठाकरेंचा सकारात्मक संदेश सामायिक करत आहेत: ""आपण सर्वांनी आपल्या राज्यातील मुलांना समृद्ध भविष्यासाठी पाठिंबा देऊया..""",happy
: पंतप्रधानांची पॅरालिम्पिक चॅम्पियन्सच्या पाठीवर कौतुकाची थाप .//-…,happy
सुप्रभात साहेब बरेच दिवस आपली भूमिका बघत आहे खूप छान काम करत आहात,happy
शिवप्रतिष्ठानतर्फे शिवपुण्यतिथीचे आचरण – तरुण भारत - तरुण भारत ./--…,happy
नुतन वर्षाच्या सर्वांना हार्दिक-हार्दिक शुभेच्छा...,happy
पहिल्यांदा काहीतरी योग्य बोलला असेल हा सहमत आहे,neutral
पुनरागमनाच्या शुभेच्छा आणि धागा उत्तम,happy
": महाशिवरात्रीनिमीत्त शिव मंदिर सजली,शिवभक्तांमध्ये मोठा उत्साह, पाहा व्हिडीओ ./-/…",happy
आपल्या शुभेच्छांचा मी स्वीकार करतो. मनःपूर्वक धन्यवाद!,happy
वापरुन लॅंब अतिशय छान होत.,neutral
गौ मातेचे संरक्षण हे अत्यंत आवश्यक याकरिता प्रयत्न व्हावेत.. वसुबारस'निमित्त हार्दिक शुभेच्छा..,happy
राधे राधे सुप्रभात,happy
आपला पुढाकार इतरांसाठी प्रेरणादायी ठरेल सर,happy
एकतर्फी सिरीज नाही त्यामुळे शेवट हाय,neutral
गंगाधर धर ही शक्तिमान हे...,happy
श्री.गड्डी यांच्या घरापर्यंत रस्त्याचे सिमेंट-काँक्रिटीकरण करणे. सदर कामामुळे स्थानिक वाहतूक सुरळीत होण्यास मदत होणार आहे.( / ),neutral
रक्षणाचे वचन आणि प्रेमाचे बंधन जपणाऱ्या सणानिमित्त सर्वांना शुभेच्छा.,happy
यांची आघाडी पुणे पदी निवड झाल्याबद्दल हार्दिक अभिनंदन,happy
महान विचारवंत आणि प्रणेते श्री रवींद्रनाथ टागोर यांना त्यांच्या पुण्यतिथीनिमित्त विनम्र अभिवादन.,happy
माझ्या बाबांना पण हेच गाणे खुप आवडत होते..,sad
के ‘नाटू नाटू’ गाने और 'द एलिफेंट व्हिस्परर्स' वृत्तचित्र ने ऑस्कर जीता,happy
माजी महापौर इद्रिसभाई नायकवडी यांच्या वाढदिवसानिमित्त हार्दिक शुभेच्छा !!,happy
कोल्हापूर आणि पंढरपूरमध्ये निवडणूक यशस्वीपणे पार पडली आहे.,neutral
प्रमुख मा. मोहनजी भागवत यांना अभिष्टचिंतनाच्या हार्दिक-हार्दिक मनापासुन भगव्या शुभेच्छा,happy
प्रयत्न लोकनायक जयप्रकाश नारायण ज्यांना सगळीकडे जेपी म्हणून ओळखले जाते त्यांच्या जयंतीनिमित्त विनम्र अभिवादन.,happy
मा.जगदीप धनखडजी आपली उपराष्ट्रपती म्हणून झालेल्या निवडीबद्दल मनःपूवर्क अभिनंदन!,happy
नमस्कार साहेब उल्हासनगर शहराची ज्वलंत भरपूर समस्या बदल विनम्र निवेदन,fear
प्रगती मधे मोलाचे योगदान देणारे व्यक्तिमत्व उद्योजक आदरणीय यांस ...,happy
सदैव तत्पर असणारे देवेंद्र फडणवीस हे खरंच ग्रेट आहेत.,happy
प्रेम आणि विश्वासाचा रेशमी धागा म्हणजे बहिण भावाच नातं!,happy
जय परशुराम!!! राम भक्त अमर आणि निरोगी आहेत!!!,happy
सावित्रीबाई फुले यांना जयंतीदिनी कोटी कोटी प्रणाम..!,happy
आपले स्वागत आहे बंधुवर्य,happy
सद्य स्थितीतल्या घडामोडी भविष्यातील यशा चे चित्रण आहे.,happy
"शिवसेनेने व्यवसायासाठी अनुकूल वातावरण निर्माण केले, ते आजही कायम आहे",neutral
राष्ट्रवादी डॉक्टर्स सेल च्या वतीने कोव्हिड योद्धा डॉक्टरांचा सन्मान..,happy
खुप छान निर्णय दादा स्वागतार्ह आहे,happy
कोजागिरी पौर्णिमेच्या हार्दिक शुभेच्छा.,happy
नागपूर पुणे मस्त चालू आहे मराठवाडा खानदेश वाल्यांनी घेऊन बसा,happy
आमदार चंद्रिकापुरेंच्या हस्ते माहुरकुडा येथे विविध विकास कामांचे भूमिपूजन ./ /,neutral
या निर्णयाच्या माध्यमातून आणखी बळकट होईल..!,happy
"भरोसा, विश्वास एका सदाचारी व्यक्ती वर कधी ही वाया जात नाही",happy
आपला एक रूपया ही महत्वाचा आहे. हाच सहभाग आम्हाला हवा आहे. धन्यवाद,happy
वाढदिवसाच्या खुप खुप शुभेच्छा गोपाल सर,happy
वाढदिवसानिमित्त मनःपूर्वक शुभेच्छा,happy
वारसा जपण्याचे उत्तम कार्य आपल्या कडून सतत होत राहो आदित्य साहेब,happy
महाराष्ट्राला लाभलेले उत्तम व अभ्यासू नेतृत्व,happy
आपले मुंबे बँकेंचे आंदोलन यशस्वी ठरले...दरेकर बंधू पैकी एक बंधू अपात्र..,sad
भारी आहे.,happy
धन्यवाद जी! आपण दिलेल्या शुभेच्छांसाठी मनापासून आभार .//…,happy
जसं जसं लसीकरण होतंय प्रेमी युगुलांना सामाजिक अंतराची जाण होत आहे...,sad
महिला दिनाच्या हार्दिक शुभेच्छा,happy
हे खुप छान आहे. कॉमेडी आहे पण रिऍलिटी आहे... नक्की ऐका.,happy
माननीय मुख्यमंत्री साहेब आपणास नवीन वर्षाच्या हार्दिक हार्दिक शुभेच्छा.…!,happy
"पाटलाडीतील परिस्थिती फसवी नाही, उलट प्रामाणिक आहे.",happy
उमेदवार आव्हान स्वीकारण्यासाठी आणि सकारात्मक प्रभाव पाडण्यासाठी तयार आहे.,happy
अंबरसिंग व गुला महाराज यांच्या नावाने आदिवासी पुरस्कार दिले पाहिजे...,happy
आदिवासी महिलांच्या उत्पादित वस्तूंना 'मेळघाट हाट'चे हक्काचे व्यासपीठ ./,happy
देशातील शातंता व सुव्यवस्थेकरिता अविरत संघर्ष करणाऱ्या सुरक्षा बलाला माझा मानाचा मुजरा!,happy
वाढदिवसाच्या हार्दिक शुभेच्छा सुनील पाजी.,happy
तुम्हाला आणि काकूंना आम्हा लहानंकडून नमस्कार आणि उत्तम आरोग्य पूर्ण भावी सहजीवना साठी शुभेच्छा काका,happy
साहेब तुम्हाला नवीन वर्षाच्या हार्दिक शुभेच्छा!,happy
डोंगरे वस्तीगृह येथे प्रॉपर्टी एक्स्पोचे आयोजन; ला उत्स्फूर्त प्रतिसाद | ./,happy
खरंच शेगाव संस्थानचं नियोजन खूप छान आहे.,happy
चा नीरज चोप्रा वाटला होता. आज पण घेतली भारी विकेट,happy
जनसंघाच्या संस्थापकांपैकी एक राष्ट्रवादी विचारसरणीचे विचारवंत आणि माजी खासदार भारतरत्न यांची जयंती.,happy
उस्फुर्त प्रतिक्रिया आहेत या ...,happy
अशा व्यक्तिमत्त्वाचा सहवास लाभणे हे भाग्यच....,happy
असा कार्यकर्ता पाहीजेच,happy
*आज पासून सुरू होणाऱ्या दीपोत्सवाच्या सर्वांना मंगलमय हार्दिक शुभेच्छा*,happy
जय बाबा बद्री विशाल ‼शुभ संध्या मित्र ‼,happy
ही रोमांचक लीग पाहण्यासाठी मी खरोखर खूप उत्सुक आहे.,happy
बळीराम डोळे हे आंदोलनामधील महत्वाचे व्यक्ती आहेत,happy
नवीन वर्ष तुम्हाला सुख समृद्धीचे जावो हीच परमेश्वराच्या चरणी प्रार्थना !,happy
"छान माहीती, आर्वजुन वाचा ./…",neutral
आमच्या आरोग्यसेवा नेत्यांना आणि वैद्यकीय व्यावसायिकांना पाठीशी घालूया कारण ते आमच्या समुदायाचे आरोग्य आणि कल्याण सुधारण्यासाठी अथक परिश्रम करत आहेत.,happy
जयजय दीदी नमस्ते,happy
आपणास नवीन वर्षाच्या हार्दिक शुभेच्छा दादा,happy
"वाह सुंदर माहिती दिलीस, धन्यवाद ऋषीपंचमी च्या हार्दिक शुभेच्छा मधुशुभ सकाळ",happy
वाढदिवसाच्या हार्दिक शुभेच्छा मा.मदनभाऊ पाटील युवा मंच सांगली जिल्हा,happy
पूर्ण झाल्यावर यांना हार्दिक अभिनंदन..,happy
केरळमध्ये 'वंदे भारत'चे उत्साहात स्वागत ! ./,happy
एप्रिल च गूढ रहस्य हे होतं तर....अभिनंदन चाचू,happy
दिनाच्या हार्दिक शुभेच्छा,happy
कतरिना परत आली आहे जे आणखी एक स्मॅश गाणे आहे. आत्ताच पहा,happy
गुड मॉर्निंग सादर प्रणाम राधे राधे,happy
हे खरे आहे.,neutral
ला परत मोदी च आहेत.. लावा ताकत,happy
देवेंद्रजी हे खरे लोकनेते आहेत.,happy
हाच प्रयत्न एक लेखिका घडविण्याची पायरी असते.,happy
खरच आहे हे.,neutral
"हो नक्कीच!! एक वेळ जनतेच्या कोर्टात परिक्षा होवु द्यायला पाहिजे होती, निकाल आश्चर्यकारक असता.",happy
"उत्तम केलेत, त्या गद्दारांना बरोबर धडा शिकवला........",angry
अखेरच्या लढतीत नदालच्या साथीने खेळणे हा सर्वोत्तम क्षण – रॉजर फेडरर,happy
सर्वांना नवीन वर्षाच्या हार्दिक शुभेच्छा....,happy
खुप शुभेच्छा आणि साष्टांग दंडवत मोहन भागवत गुरुजी.,happy
नववर्षाच्या हार्दिक शुभेच्छा.....,happy
तीळ गूळ घ्या गोड-गोड बोला मकर संक्रांती निमित्त आपणा सर्वांना मन:पूर्वक शुभेच्छा..!,happy
स्वराज्य ध्वज यात्रेत निमित्ताने खामगाव येथे स्वागत,happy
"""सुंदर"",""अक्षर"" :",neutral
तब्बल पदकांची कमाई करुन पदक तालिकेत दुसरे स्थान पटकाविले.,happy
अमोल कोल्हे हे नावच सर्वात मोठं कारण आहे हा सिनेमा बघण्यासाठी.,happy
महत्वाचे पुस्तक आणि उत्कृष्ट थ्रेड...,neutral
देवेंद्रजींच्या नेतृत्त्वात मुंबईचा झपाट्याने विकास होत आहे..,happy
मनापासून शुभेच्छा संजीवजी ./…,happy
"दलक्षण महापर्वाची सुरुवात उत्तम क्षाम धर्माने झाली.// ,",happy
ही चवदार आणि कुरकुरीत रेसिपी फार सोपी आहे.,neutral
सर आजचा तुमच्याशी मुक्त संवाद केला तुम्ही दिलेल्या प्रश्नांची उत्तरं ऐकून खूप छान वाटलं सर,happy
जय सुहेलदेव,happy
या प्रवाहावर संध्याकाळी विविध रंगांची लाईट सोडून छान आकर्षक रोषणाई करता येईल.,neutral
"व्वा, अभिनंदन, रामाच्या क्रूपेने सगळं छान होउ दे",happy
"महत्त्वाचे म्हणजे प्रभावीपणे बोलण्याची आणि संदेश देण्याची क्षमता, जी तुमच्याजवळ आहे.",happy
होळी पौर्णिमा आणि धुलीवंदनाच्या सर्वांना हार्दिक शुभेच्छा,happy
जय भाजपा,happy
ओंकार भोजने आणि हा मस्त तरुण जोडी.....,neutral
वाढदिवसाच्या हार्दिक शुभेच्छा आणि अनेक आशिर्वाद,happy
साहेबांनी चित्रपटातच आपल भवितव्य पहाव.. छान काम करतात..!,happy
हा त्यामुळे तें वाचकाच्या मनाला लागत आणि आपोआप कडे बोट जात,neutral
मला मराठी बोलता येत नाही पण ही भाषा मला अधिक उत्तेजित करते,happy
सर तुम्ही जे बोललात ते योग्य आहे,happy
सावित्रीबाई फुले यांच्या जयंतीनिमित्त विद्यार्थ्यांना मार्गदर्शन करतांनी मी .// /…,happy
"हनुमान जयंती श्री हनुमानाच्या चरणी कोटी कोटी प्रणाम! हनुमान जयंती, चैत्र पौर्णिमा ( . . )",happy
"भिमा कोरेगाव, क्रांतिदिन, विजय स्तंभाला अभिवादन करण्यासाठी...",happy
मकरसंक्राती निमित्त सर्वांना मनःपूर्वक शुभेच्छा !!,happy
शेवटचं वाक्य... भारी होत,happy
डाइग्नोपिनच्या नवीन निगडी ब्रांचचे गृहमंत्री वळसे-पाटील यांच्या हस्ते उद्घाटन ./-…,neutral
श्रीपाद श्रीवल्लभ त्वं सदैव | श्री दत्तास्मान पाहि देवाधीदेव | भावग्राह्य क्लेशहारिन सुकीर्ते | घोरात्कष्टादुद्धरास्मान्नमस्ते || ||दिगंबरा दिगंबरा श्रीपाद वल्लभ दिगंबरा||,happy
सर्व शेतकरी बंधू आणि भगिनींना कोजागिरी पौर्णिमेच्या मनःपूर्वक हार्दिक शुभेच्छा!,happy
थोडक्यात पण हृदयापासून आपणास वाढदिवसाच्या हार्दिक शुभेच्छा सर,happy
सगळ्या सृष्टीमध्ये बोलण्याचे वरदान हे फक्त मनुष्याला मिळाले आहे शुभ रात्री,neutral
क्रांतिकारक लोकमान्य टिळक आणि लोकशाहीर अण्णाभाऊ साठे यांना जाकादेवी प्रशालेतर्फे अभिवादन,happy
आता खरी मजा आहे शिंदे गटाची,happy
वाढदिवसाच्या हार्दिक भगवा शुभेच्छा... ताईसाहेबजय महाराष्ट्र,happy
सुप्रभात!! कोणतंही ध्येय नवसाने पूर्ण होत नाही त्यासाठी प्रचंड मेहनत करावीच लागते.,happy
खूप छान आठवण सांगितली ताई तुम्ही,happy
आपल्या सर्वांना मित्र आणि मैत्री दिनानिमित्त हार्दिक शुभेच्छा.!,happy
जेष्ठ अभिनेते कलाकार आदरणीय श्री.किशोर कुमार जी यांच्या पुण्यतिथिदिनी त्यांना भावपूर्ण आदरांजलीकोटि कोटि वंदन,happy
श्री गणेश मूर्ती संकलन केंद्रांबाबत मार्गदर्शक सूचना तुम्हाला मदत करतील...,neutral
चषकातुनी दुधाच्या प्रतिबिंब गोड त्याचे पाहुन साजरी ही कोजागिरी करा रे,happy
कुतूहल : स्लाईम मोल्ड्स-विज्ञानाचे देखणे रूप ./-/…,neutral
आपल्या संयमाबद्दल आभार मानतो.,happy
तीस हजारी मनसबदार झाल्याबद्दल मनःपूर्वक सप्रेम..!,happy
गोरगरीब पोटाची खळगी भरण्यासाठी अथक परिश्रम घेत आहेत त्यांना माझा ग्रेट सॅल्युट,happy
तिळगूळ घ्या अणि गोडगोड बोला,happy
शिफारस केलेल्या पुस्तकाचा आनंद घेतला याबद्दल मला आनंद आहे.,happy
रक्षाबंधन आणि नारळी पौर्णिमेच्या आनंदमयी शुभेच्छा!,happy
बाळासाहेब हजारो असतील पण हिंदूहदयसम्राट बाळासाहेब ठाकरे फक्त एकच आहेत. ठाकरे महत्त्वाचे आहे.,happy
आता दोन्ही पंतप्रधान निघून गेल्याने तुमच्या आत्मविश्वास ढळू देऊ नका. तुमचा आत्मा उंच ठेवा!,happy
"ब्रदर, यशस्वी वाटचालीसाठी खूप खूप शुभेच्छा!!!",happy
ना भिती ना चिंता सोबत श्री मंदपती जय श्रीराम चलो हिमालय,happy
वर्षभरासाठी ची सकारात्मक ऊर्जा तुझे तोंड पाहिल्याने मिळते,happy
युवा पदाधिकारी श्री विनायक पोखरकर यांनी बाप्पा सीताराम नावी नवीन हॉटेल उघडले त्याच्या शुभेच्या देताना,happy
हा विआयपी आणि प्रेक्षणीय स्थळ आधिपासुनच मनपा स्वच्छ ठेवते,neutral
सिंधुदुर्ग जिल्ह्यातील शारदाआजींना प्रधानमंत्री आवास योजनेतून मिळालेल्या घराचा फार मोठा आधार मिळाला आहे.,happy
अभ्यासपूर्ण विवेचन आणि त्याचे विश्लेषण हि आपली खासियत आहे देवेंद्रजी !,happy
*नारळी पौर्णिमा आणि रक्षाबंधनाच्या हार्दिक शुभेच्छा* जय शिवराय,happy
नेहमी पणती सारखं धाडस करा अंधाराला दूर करून जग प्रकाशमय करावं...!!! शुभ सकाळ,happy
रुपया घसरला पण त्याचा आपल्यावर काहिही परिणाम होणार नाही,neutral
"एकदम हृदयात भिडली बघ गोष्ट, प्रगती. सकाळ सुरेख झाली.",happy
"लाकूड उत्पादन उद्योगात, ही सकारात्मक भावना या क्षेत्राच्या यशस्वी व्यवस्थापन आणि वाढीमध्ये दिसून येते",neutral
आनंदाची बातमी:कोरोनाशी युद्ध जिंकणाऱ्यांमध्ये चिमुकल्यापासून ते आजीबाईंचा समावेश ./--…,happy
अरे सोडला तर सोडला त्यात काय एवढं उत्तम,neutral
"""लोकशाहीचा विजय""सिंधुदुर्ग जिल्हा मध्यवर्ती बँक निवडूनुखी मध्ये विजयी झालेल्या सर्व उमेदवारांचे अभिनंदन",happy
मीराबाई चानु फर्स्ट गोल्ड फॉर इंडिया अभिनंदन !!,happy
"प्रभारी नियुक्त प्रमुख असूनही, इस्रो चे सदस्य त्यांच्या मिशनच्या प्रगतीत सक्रिय सहभाग घेत आहेत आणि योगदान देत आहेत हे पाहणे प्रेरणादायी आहे.",happy
वाढदिवसाच्या हार्दिक हार्दिक शुभेच्छा,happy
शिंदे साहेब खुप छान काम करत आहात,happy
आपण आवर्जून आल्या बद्दल आपले खूप खूप आभार जी,happy
मंजे लाईक येणार आता .. अभिनंदन !,happy
खूपच छान माहिती दिलीत छत्रपती शाहु महाराज यांची...,happy
युवासेना सह-सचिव ​जी यांनी घरच्या बाप्पाचे दर्शन घेतले..,neutral
मोदींच माहीत नाही पण देशाचं नाव ह्या काही महाशयांनी जगात नक्कीच लौकिक केलं...,happy
आपणास नविन वर्षाच्या मनःपुर्वक हार्दिक शुभेच्छा बॉस ताईसाहेब...!!!,happy
आर्थिक स्थैर्य.. ! खुपच महत्त्वाचा सल्ला. ./…,neutral
शरदचंद्रजी पवार यांच्या वाढदिवसानिमित्त हिंद केसरी कुस्ती स्पर्धेचे उद्घाटन ./,neutral
"शाब्बास पी.व्ही.सिंधू, तू करून दाखवलंस जागतिक बॅडमिंटन स्पर्धेत सुवर्णपदक",happy
राष्ट्रवादीचे प्रदेशाध्यक्ष जलसंपदा मंत्री माननीय जयंत पाटील ह्यांच्या निवास्थानी बाप्पाची आरती केली,neutral
"सरकारी कार्यालय कोणत्याही गोंधळाशिवाय शांततापूर्ण आहे, आणि आशा आहे, ते असेच राहील",neutral
जे पुरूष चांगले कर्म करतात त्यांना चांगल्या प्रेम करणार्या बायका भेटतात,neutral
"‘प्रेमा’मुळे ठेच पोचत नाही, हा विश्वास दृढ करणारे प्रेम तुम्हाला लाभले असेल... असंच प्रेम तुम्हाला लाभो...",happy
वंदे भारत मेट्रो डिसेंबरपर्यंत तयार होईल ../% % % % %…,neutral
नुतन वर्षाच्या हार्दिक शुभेच्छा...,happy
प्रणाम गुरुवर,happy
स्वबळावर लढणार.. एक आवाज महाराष्ट्रची साहेब,happy
चविष्ट जेवण आणि उत्तम व्यवस्थापन असणारे हॉटेल सिध्दाई आपल्या धाराशिव करांच्या सेवेत.,neutral
महिलांचे प्रेरणास्थान: ./-…,happy
सर खूप चांगल्या कामाला सुरुवात करत आहात,happy
भारत जिंकला स्पेन विरुद्ध -,happy
सिरोंचा पुष्कर यात्रेत शिवसेनातर्फे नित्य अन्नदान कार्यक्रमाचे आयोजन ./?=,neutral
खूप छान उपक्रम आहे.प्रत्येकाने भेट दिली पाहिजे आणि गरजू लोकांना मदत केली पाहिजे,happy
सर सामान्य जनते साठी सुद्धा दिवाळीत काही तर नवीन सरकार मार्फत उपहार करा धन्यवाद,neutral
वाढदिवसाच्या हार्दिक शुभेच्छा आमच्या कडून ही .,happy
गंगाधर पण काय शक्तिमान बनायचा गोल गोल फिरून त्याला तोडच नाही राव....,happy
एक महान कवी आणि तत्वज्ञ संत गोस्वामी तुलसीदास यांना जयंतीनिमित्त विनम्र अभिवादन.!,happy
युग पुरुष खेडेकर साहेबाना वाढदिवसाच्या हार्दिक शुभेच्छा,happy
वाढदिवसाच्या मनःपूर्वक शुभेच्छा दादा साहेब,happy
"चांगल काम केल आहे, देश विरोधी कारवाया करणार्या लोकांना शिक्षा झालीच पाहिजे.",angry
मराठी माणसाचे आवडते सायंटिस्ट डॉक्टर रघुनाथ माशेलकर ना वाढदिवसाच्या हार्दिक शुभेच्छा,happy
आभासी दुनियेतील सर्वात आनंदी देश म्हणजे ट्विटर.. शुभ सकाळ,happy
मुख्यमंत्र्यांनी देवेंद्र फडणवीस यांच्याविषयी काय लिहिलंय हे वाचायला नक्कीच आवडेल...,neutral
स्वामी विवेकानंद हे महान मानवतावादी होते,happy
: पोटोबा महाराज चैत्र पौर्णिमा उत्सवानिमित्त विविध कार्यक्रमांचे आयोजन ./--…,neutral
"मलाच नव्हतं माहिती, की मी इतकं छान उत्तर देऊ शकते..",happy
बहिण-भाऊ यांच्यातील अमाप प्रेमाचे आणि विश्वासाचे प्रतीक असणाऱ्या रक्षाबंधन सणाच्या हार्दिक शुभेच्छा.,happy
तुम्हाला तुमच्या चेहऱ्यावर एक अप्रतिम चमक हवी आहे का? आता हा उपाय करून पहा! सुंदर त्वचेसाठी अधिक टिप्स आणि युक्त्यांसाठी ला भेट द्या.,neutral
पण दोघं ठिकाणी भारतच जिंकला एके ठिकाणी सनातनी भारत आणि दुसऱ्या ठिकाणी लढवय्या भारत,happy
सकाळी उजळीत अंधारात भारताची राष्ट्रवादी समृद्धि दर्शवितो!,happy
साहेब आपणांस उदंड आयुष्याच्या शुभकामना....,happy
चित्रपटातील नाटुनाटू या गाण्याला मिळाला ऑस्कर अभिनंदन..,happy
वाढदिवसाच्या हार्दिक शुभेच्छा नितीन भाऊ,happy
"‘बेस्ट’च! बस स्टॉपवर सीसीटीव्हीची नजर, चार्जिंग पॉईंट अन्… मुंबईतील बस स्टॉप होणार हायफाय",neutral
महाराष्ट्रातील चिराग पासवान आणि विदर्भातील महादेव जनकराव हे प्रतिष्ठित व्यक्ती आहेत.,neutral
आपण या महत्वपूर्ण मुद्द्याकडे लक्ष दिल्या बद्दल आपले खूप खूप आभार.,happy
आपणास उत्तम आरोग्य व दीर्घायुष्य लाभावे साहेब,happy
करालं महाकाल कालं कृपालं। गुणागार संसारपारं नतोऽहं।। - -,happy
अभिमान वाटतो मला मी तुम्हाला फालो करतो त्याचा,happy
पहिलं मेडल आलं... मीराबाई चानू,happy
अतीशय चांगले उपक्रम राबविले जात आहेत,neutral
भारतीय स्रियांना शिक्षणाची दारे खुले करून देणाऱ्या क्रांतीज्योती सावित्रीबाई फुले यांच्या जयंती निमित्त त्रिवार अभिनंदन,happy
शुभ संध्या ..नूतन वर्षाभिनन्दन,happy
आपल्या मध्ये जागा दिल्याबद्दल आपले विशेष आभार सर,happy
धन्यवादहो ताईचे उर्वरित कार्य आपल्या सर्वांच्या सहकार्याने आम्ही समोर नेऊ!,happy
पुजनाच्या हार्दिक शुभेच्छाखरच संस्कृती महान आहे...,happy
माझा पुतण्या अभिषेक भैय्या नवले यास वाढदिवसाच्या हार्दिक शुभेच्छा,happy
मोपेडस्वार दामिनी पथकाचे मुख्यमंत्र्याच्या हस्ते उद्घाटन .. ./ /,neutral
तुमचे नाव खूप एकूण आहे भाई तुम्ही खूप मदत करता सर्वांना चांगलं वाटतं,happy
आज पहिला दिवस आणि हे सुरु केल्याचा आनंदीआनंद,happy
हा हा हा सही,happy
"ते तुमची सूचना डायनॅमिक न्यूज चॅनेल वापरतात, अधिक फायदेशीर प्रसारण!",neutral
खरंच चांगला निर्णय आहे. धन्यवाद साहेब,happy
हे जबरदस्त बोललात राव...,happy
आज गणरायाच्या आरती निमित्त आझाद हिंद तरुण मंडळ खडकवासला गाव या मंडळास भेट दिली,happy
मनसैनिकांचा मनोबल वाढवण्यासाठी केलेले उद्गार आहेत,happy
नवीन वर्षाच्या सर्वांना खूप खूप शुभेच्छा!,happy
मकर संक्रांतीच्या शुभेच्छा!! तिळगूळ घ्या अणि गोड गोड बोला.,happy
“गुणवंत विद्यार्थी गौरव समारंभ”या कार्यक्रमा संदर्भात आजच्या वर्तमानपत्रांमध्ये प्रसिद्ध झालेल्या बातम्या आपल्याला आवडतील .,neutral
सर आपण खूप छान माहिती देता,happy
"तिळ-गुळ घ्या आणि गोडगोड बोला, मकर संक्रांतीच्या हार्दिक शुभेच्छा",happy
परोपकाराच्या माध्यमातून हे जाणून घेणे चांगले आहे की शैक्षणिक संस्था भविष्यासाठी भागीदार आहेत,neutral
जय महाराष्ट्र मराठी मातीची शान मराठी बोला,happy
जिहाद आणि धर्मयुद्ध यातला फरक कळून घेऊन त्याच्याविरुद्ध लढणारा माणूस आपल्या देशाचा गृहमंत्री होता हे सुदैव!,happy
आपल्या सर्वांना रक्षाबंधन आणि नारळी पौर्णिमेच्या हार्दिक शुभेच्छा !!,happy
कोल्हापूर विभाग संयोजक ह्या नविन दायित्वासाठी अनेक शुभेच्छा व अभिनंदन.,happy
आपण दिलेल्या शुभेच्छांसाठी मनःपूर्वक धन्यवाद शुभम! ./ …,happy
साहेब आपणास उदंड आयुष्य आणि उत्तम आरोग्य लाभो हीच ईश्वरचरणी प्रार्थना,happy
फलोत्पादक शेतकऱ्यांसाठी खामगाव ठरतेय आशेचा किरण! .//…,neutral
"हे मात्र खरं आहे,केंद्रीय नेते आहे असे कस चालेल पण...हे कार्येकर्त्यांना कळायला हवं.",neutral
आपण येथे सादर केलेल्या विविध संकल्पनांचा विचार आम्हाला आवडला.,neutral
अभिनंदन सर जयहिंद हार्दिक शुभेच्छा पुढील वाटचालीसाठी,happy
आयुष्य हे चित्रासारखं आहे. त्यात मनासारखे रंग भरले की ते फुला सारखं फुलून दिसतं...!,happy
अमृत महोत्सवी गायन आणि एकपात्री अभिनय स्पर्धा जल्लोषात संपन्न,happy
तुळजाभवानी आपणास उदंड आयुष्य देवो!. हार्दिक शुभेच्छा,happy
"तिळगुळ घ्या, गोड-गोड बोला ! मकर संक्रांतीच्या आपणा सर्वांना हार्दिक शुभेच्छा !",happy
प्रयागराज येथे यंदा जानेवारी ते मार्च दरम्यान कुंभमेळा ./-…,neutral
सही पकडे,neutral
ही माहिती ऐकून आम्ही भारावून गेलो.,happy
कायम आपल्या मातीशी नाळ असलेले लोकप्रिय अभिनेते आपणास जन्मदिवसाच्या हार्दिक शुभेच्छा..,happy
उत्तम कामगिरी.. आता मराठीला अभिजात भाषेचा दर्जा मिळवण्यासाठी प्रयत्न करा.,happy
"मिस सोर्टेड, दोन्ही गोष्टींसाठी कमिटमेंट ही एक अत्यंत महत्त्वाची गोष्ट आहे.",neutral
दादांचे प्रेम सगळ्यांवर सारख आहे!,happy
बस निवारे आणि बसेस वाढवल्याने दळणवळण अधिक सोपे होते.,neutral
"प्रभु हनुमानाचे मनोभावे आशीर्वाद घेतले, व उपस्थित नागरीकांशी सुसंवाद साधला.",happy
आयुष्यात असणाऱ्यांची कदर आणि नसणाऱ्यांचा आदर करता आला पाहिजे...!,happy
पांडुरंग पांडुरंग ./__/…,happy
"सावर्डी वन क्षेत्रात साकारणार ऑक्सिजन पार्क, पालकमंत्र्यांनी केली जागेची पाहणी ./?=",neutral
आपले अविरत कार्य आपण चालू ठेवा साहेब.,happy
कोजागिरी पौर्णिमेच्या सर्वांना हार्दिक शुभेच्छा...!,happy
अतिवृष्टी बाधित शेतक-यांना शंभर टक्के निधी वितरीत – जिल्हाधिकारी डॉ.सचिन ओम्बासे,neutral
पोलिस अधिक्षक साहेबांचे हार्दिक अभिनंदन !,happy
*विजयादशमीच्या हार्दिक शुभेच्छा* .// /…,happy
राखीपौर्णिमेच्या आणि नारळी पौर्णिमेच्या हार्दिक शुभेच्छा सर्व बंधू आणि भगिनीनो,happy
लयच अल्हाददायक आणि रहस्यमय आहे ही कथा,happy
नविन वर्षाच्या आणि वाढदिवसाच्या हार्दिक शुभेछा,happy
खडक सॅल्युट तुम्हालाअभिनंदन,happy
थ्रेड मधील सुरुवातीचे काही ट्विट्स दिसत नाहीत पण अप्रतिम आणि प्रेरणादायी,happy
नवीन वर्षाच्या हार्दिक शुभेच्छा.... .///…,happy
बाप्पा माझा अनोखा! संकलन : रामेश्वर जगदाळे,happy
"गजाननाच्या कृपेने आपण आणि आपल्या कुटुंबावर नेहमी यशाची, आरोग्याची, सुखसमाधानाची बरसात होवो!",happy
आधी कोर्टात विरुद्ध बाजूच्या स्पष्टीकरणाबाबत सकारात्मक निर्णय घेऊ.,neutral
"ताई, वाढदिवसाच्या हार्दिक आणि मनःपूर्वक शुभेच्छा !! जय श्रीराम",happy
नारळी पौर्णिमा आणि रक्षाबंधनाच्या हार्दिक शुभेच्छा,happy
या चित्रपटातील या गाण्याने ऑस्कर पुरस्कार मिळवून खूप मोठी कामगिरी केली आहे.,happy
"अश्विनी खुश होते. नवी मालिका 'तू चाल पुढं' दररोज, संध्या. . वा.",happy
राहू दे काही फरक नाही... आमच्या पाठी आहे ...,neutral
गोवा टपाल विभागाकडून एक जिल्हा-एक उत्पादन विषयावर लिफाफ्याचे अनावरण,neutral
आता अधिकृतपणे ‘बाळासाहेबांची शिवसेना !’ हार्दिक अभिनंदन मुख्यमंत्री श्री एकनाथ शिंदे साहेब,happy
त्याग व संघर्ष शिकवून जाणारा हा चा सुर्यास्त.....,happy
( = चित्पावनी) हे मस्त जमलय,neutral
जागतिक संकल्प दिनाच्या सर्वांना भरभरून शुभेच्छा.....,happy
आजपासून सुरू होणाऱ्या दीपावलीच्या आपणास व आपल्या परिवारास हार्दिक शुभेच्छा..!,happy
प्रेरणादायी उपक्रम राबवीता साहेब नवीन पिढ्यानी त्याचा उपोयोग करून घ्यावा,happy
बुलढाणा जिल्ह्यातील नांदुरा शहरात जल्लोषात दत्त जयंती ./ / /…,happy
"घरी आल्यावर सगळ्यात आधी ""आईला"" शोधणे, हां हे ही ""प्रेम"" आहे!!!",happy
रक्षाबंधन आणि नारळी पौर्णिमेच्या सर्वाना हार्दिक शुभेच्छा,happy
"कोरोनाच्या प्रभावांपाच सरकारला महत्वाचे व्यवस्था केले, मास्क बंद केले आणि जगात हालचाल मुळ्यात आहे. संदीपान सुमारेच आता आपल्याला स्वत:चा उपकार करण्याची महत्वाची जगहवर उतरवीत.",neutral
इच्छा तिथेच मार्ग आपण लवकरच उत्तम मराठी शिकाल यासाठी शुभेच्छा .//…,happy
मराठीत सेवा सुरू केल्याबद्दल मनापासून धन्यवाद,happy
ई-पीक पहाणीची जबाबदारी पार पाडण्यात आली - शिवसंग्राम ./?=,neutral
महाशिवरात्री निमित्त सर्व शिवभक्तांना मंगलमय शुभेच्छा.,happy
जबरदस्त लिखाण आहे गुजरात राज्यातून ही यात्रा गेली असती तर आणखी फायदा झाला असता.,neutral
आपल्या सर्वांची कौतुकाची थाप व प्रोत्साहन हीच माझी प्रेरणा,happy
सुप्रभात दिशा,neutral
नव्या भारताची दिमाखदार ओळख : वंदे भारत !,happy
काँग्रेस व राष्ट्रवादी सोबत जाऊन सतीचा रोल छान निभावता,angry
तुमच्या कार्याला हार्दिक शुभेच्छा आपणास दीर्घकाळ आयुष्य लाभो हीच ईश्वर चरणी प्रार्थना,happy
बाळासाहेबांचे खाजगी क्षण असतील तर हा तर्क बरोबर आहे.,neutral
अभिनंदन...आपल्या सिंधुदुर्ग मधील लोकांसाठी ही आनंदाची बातमी असा जय सिंधुदुर्ग जय मालवणी,happy
लहान रकमेची गुंतवणूक करण्याचा आणखी एक उत्तम पर्याय म्हणजे म्युच्युअल फंड.,neutral
येथे अनेक हसरे माणसे देखील दिसतील,happy
अरे वा! अभिनंदन आणी पुढील वाटचालीसाठी खूप शुभेच्छा!,happy
कमाल काहीतरी बघायला मिळणार आहे खूप खूप सदिच्छा आणि सर्व टीम .//…,happy
खूप चांगला निर्णय असेल,neutral
घटस्थापना व नवरात्रोत्सवाच्या हार्दिक शुभेच्छा ! _,happy
...... आता लढायचे ते पुन्हा जिंकण्यासाठी आणि महाराष्ट्राच्या भल्यासाठीच.,happy
ऋषीपंचमी व्रताची माहिती आणि महती तसेच संकेत व संदेश ./,neutral
भाजपा डोंबिवली पूर्व मंडळ अध्यक्ष श्री. संजिव बिडवाडकर यांना वाढदिवसाच्या हार्दिक शुभेच्छा,happy
आपनास पण नविन वर्षाच्या हार्दिक शुभेछ्चा साहेब।,happy
म्हंजे कोर्ट आता चांगले आहे..लोकशाही मार्गाने काम करत आहे..केंद्राचे बाहुले नाही असं म्हणल पाहिजे...,neutral
वाह मॅडम काय मस्त दिसतो आहे समोसा. तोंडाला पाणी सुटलं,happy
होळी पौर्णिमेच्या सर्वांना हार्दिक शुभेच्छा...!!,happy
खूप छान सुंदर गंमत म्हणजे काय असते हे लक्षात आले,happy
पालघर लोकसभातील निवडणुकांवर प्रत्येकांना उत्साहपूर्ण प्रतिक्रिया दिली,happy
"तुम्ही प्रतिभावान आहात, आणि काळजी करू नका, तुम्ही कायमचे असे निराश होणार नाही! :)",happy
आज जन्मदिन निमित्ताने अपंग गायक साठी छोटीसी मदत,sad
माझा आज चा टप्पा पूर्ण झाला सर्वांना खूप खूप धन्यवाद,happy
वाढदिवसाच्या हार्दिक हार्दिक शुभेच्छा दादा,happy
@ शिवनेरी..नववर्षाचे स्वागत @ निसर्गाच्या सानिध्यात..,happy
"श्रीगणेशाच्या मूर्तीची प्रतिष्ठापना केल्याने दहा दिवस घरी आनंदोत्सव, भक्तिमय वातावरण निर्माण होते.",happy
जवळ जवळ दिड वर्षांनी निर्णय घेतला काँग्रेसनेअभिनंदन ./_…,happy
युवकांनी या संधीचा लाभ नक्की घ्यावा. .//…,neutral
आणि मी प्रेमासाठी,neutral
तुमची अभिव्यक्ती सकारात्मक भावना व्यक्त करते आणि असे दिसते की तुमचे मन दयाळू आहे.,happy
एक कीड कमी झाली मराठी ट्विटर वरची,angry
राज्यसभेचे खासदार आणि एक शायर तरुणांना प्रेरणा देणारे आपणास वाढदिवसाच्या हार्दिक शुभेच्छा!,happy
तुम्ही चांगल्या पद्धतीने लोकांची सहानुभूती मिळवण्याचा प्रयत्न केला आहे,neutral
"हो मंग त्यांची ""कीर्ती"" सर्व ""श्रुत"" आहे आपल्याला तपलिक घ्यायची गरज नाही",neutral
येथे जगदीश गायकवाड यांच्या वतीने लोकसहभागातून भव्य मिरवणूकीचे आयोजन./?= …,neutral
मुंबई काँग्रेस चे नेतृत्व योग्य व्यक्तीचा हाती अभिनंदन जी. पाऊल,happy
.आयुर्वेद व वनस्पती शास्रामुळे तुम्ही जे योगदान देत आहात ते आमुल्य आहे.,happy
त्यापेक्षा छोटं का होईना मराठी भाषा भवन प्रत्येक विभागात उभारण्यात करण्यात आले आहे,neutral
"यापुढे पाण्याच्या प्रति समजून बघण्यासाठी विविध विचारधारा उपलब्ध असतील, जेणेकरून पाण्यावर विविधतेचे ज्ञान मिळेल!",neutral
सुप्रभात!! विश्र्वासाच दुसरं नाव एक प्रेमळ आणि आश्र्वासक मिठी..!!,happy
खूप सकारात्मक निर्णय. आज अशा कामगारांची काळजी प्राधान्याने घेण्याची गरज आहे.,happy
"हे आश्चर्यकारक आहे, ते भावना आणि भावनांनी भरलेले आहे.",happy
खेळाडूंची उत्साही ऊर्जा आणि आत्मा खरोखरच प्रेरणादायी,happy
"राष्ट्रीय त्यागी युवा संघटनेने नितीन त्यागी यांचा सत्कार केला./ ,",happy
दोघांना ही लग्नाच्या वाढदिवसाच्या हार्दिक शुभेच्छा त्यांचे जीवन आरोग्यसंपन्न सुखी जावं ही ईश्वर चरणी प्रार्थना,happy
हिंदू संस्कृतीची चेष्टा न करता ने ऑस्कर पुरस्कार जिंकून दाखवला..,happy
सर्वे संतु निरामया,happy
"अतिशय स्तुत्य उपक्रम, गर्दी पण टाळली जाते आहे धन्यवाद",happy
नवकीच डॉ. आम्ही सदैव आपणा सोबत आहे,happy
राज्यपालांच्या हस्ते पराग मते यांना पर्यावरण मित्र पुरस्कार प्रदान ./?=,happy
वर विश्वास ठेवायचा की नाही हे आता जनतेने ठरवावे...,neutral
अगदी बरोबर! आता तिकडे परदेशात फेकाड्याचे गाववाले म्हणून ओळखतात,angry
सिन्नर तालुक्याचे युवा नेतृत्व ताईसाहेब आपणास वाढदिवसाचा हार्दिक शुभेच्छा,happy
"महाशिवरात्रीनिमित्त परळीचं वैजनाथ मंदिर सजलं,मध्यरात्रीपासून दर्शानासाठी भक्तांची मांदियाळी .//…",happy
यशस्वी होणार फक्त नॉर्मल पाणी प्या जास्त थंड पाणी प्यायले तर वेळ चुकेल,neutral
"हो, सारं काही क्षणिक आहे तू ही आणि मी ही... अगदी आपलं प्रेम ही...",sad
रश्मी ठाकरे यांना या जागेवर उमेदवारी दिली पाहिजे,neutral
मनाला स्पर्श करणारे प्रेरणादायी विचार,happy
उत्सव आदिशक्तीचा..... हा जागर स्त्री शक्तीचा.... नवरात्रोत्सव व घटस्थापना निमित्त मनःपूर्वक शुभेच्छा,happy
पद्मासनस्थिते देवी परब्रम्हस्वरूपिणी । परमेशि जगन्मातर्र महालक्ष्मी नमोस्तूते श्वेतांबरधरे देवी नानालंकार भूषिते । जगत्स्थिते जगन्मार्त महालक्ष्मी नमोस्तूते,happy
बाळासाहेब निदान कार्टुनिस्ट तरी होते तुमचे वडील कार्टुनिस्ट नसून पण एवढा कॉमेडी कार्टून काढलंय,angry
चैत्र शुद्ध पौर्णिमा ( जत्रा ) निमित्त सर्व भाविक भक्तांना हार्दिक शुभेच्छा ‼,happy
मंगलमूर्ती मोरयाच्या जयघोषात मोजक्या लोकांच्या उपस्थितीत श्रीमंत दगडूशेठ हलवाई गणपती मंदिरामध्ये श्रीं ची प्राणप्रतिष्ठापना झाली,happy
"प्रेम, आनंद, सौहार्द आणि विश्वासाच्या रंगांमधल्या होळीच्या हार्दिक शुभेच्छा",happy
असं का बरं...ते ही छानच होतं ..हे ही छानच आहे पण आता बदलु नका...!,neutral
आपाल्याला पण नवीन वर्ष सुखाचे व समृद्धी चे जावो,happy
लाेकांचा बळी घेणा-या नरभक्षक वाघास पकडलं,neutral
"आतापर्यंतच सर्वात योग्य असा विचार आहे, % सहमत",neutral
आज आमचा घरातील श्री गणेशाचे आगमन,happy
महाशिवरात्रीच्या सर्वांना मनःपूर्वक शुभेच्छा!,happy
"तिळगुळ घ्या,गोड गोड बोला मकर संक्रांतीच्या सर्वांना हार्दिक शुभेच्छा.!",happy
कधी कधी सोडून देणे हे धरुणं ठेवण्यापेक्षा चांगल असतं.,neutral
"आरक्षणामुळे सर्वसाधारण, राखीव प्रवर्गातील जागांच्या संख्येवर परिणाम होणार नाही: केंद्र",neutral
नविन इंग्रजी वर्षाच्या हार्दिक मनसे शुभेच्छा साहेब,happy
घटस्थापना व नवरात्रोत्सवाच्या हार्दिक शुभेच्छा..!,happy
लातूर मध्ये सहर्ष स्वागत करतो,happy
वाढदिवसाच्या हार्दिक शुभेच्छा दादा,happy
अक्का तुमचं तुम्ही आणि मोदी ने या देशाचा बरच कल्याण केले आहे,happy
पक्षाचे जगदीप धनखड़ उमेदवार भारताचे नवनिर्वाचित उपराष्ट्रपती म्हणून निवड झाल्याबद्दल हार्दिक अभिनंदन......,happy
राजे धर्मराव हायस्कुल मुलचेरा येथे स्काउट गाईड जिल्हा मेळावा ./,neutral
मी विराट कोहलीचा एक खेळाडू म्हणून अतिशय आदर करतो – लारा,happy
खैतान यांनी विद्यार्थ्यांना प्रोत्साहन देण्यासाठी केलेली ही सर्वोत्तम गोष्ट आहे.,happy
सव्वाशे किलोचा बजरंग गोटा उचलण्याच्या स्पर्धेत एवढे तरुण झाले यशस्वी./,happy
आपल्या स्वतःच्या विचारांवर आणि अनुभवांवर लक्ष केंद्रित करूया आणि इतरांच्या मतांची आणि जन्माची चिंता करू नका मित्रा,neutral
कोटी कोटी प्रणाम ! .// …,happy
आमची लांबची मावस बहिण पी. व्ही.सिंधू हिने टोकियो ऑलिम्पिक मध्ये कांस्यपदक जिंकल्याबद्दल हार्दिक अभिनंदन,happy
खुप खुप सुंदर आहे,happy
: शरीरातील कोलेस्ट्रॉल लेवल कमी करतील हे ड्रिंक्स; आजच ट्राय करा!,neutral
नारळी पौर्णिमेच्या आणि रक्षाबंधनाच्या आपणा सर्वांना हार्दिक शुभेच्छा...,happy
दर गुरवारी आपली आठवण करून देण्यासाठी खूप धन्यवाद,happy
उपाध्ये साहेब हे अर्ज भरायच्या आधी केले असते तर नक्की आभार मानले असते.,neutral
"फॉलो करा,फॉलोबॅक देत चला,परिवार असाच वाढत जाईल,अभिनंदन",neutral
चांगल्या विचारांनी नववर्षाचे स्वागत करूया ./.?…,happy
धुळ्यासारख्या भिलाटीवाल्याला दोन्ही बहिणी आवडतात. मस्त टकाटक आहेत दोन्ही!,angry
पाऊस स्वागतासाठी आला.. धन्यवाद जय महाराष्ट्र,happy
"हे एक अप्रतिम गाणे आहे, त्यातील प्रत्येक भाग आवडला. फक्त व्वा",happy
मुख्यमंत्र्यानी दाढी काढावी म्हणजे ते सभ्य वाटतील. धन्यवाद,neutral
आदित्य बहुतेक म्हणून मिंदे टोळी ची फाटली होती वाटतंय,fear
होळी पौर्णिमेच्या हार्दिक शुभेच्छा.,happy
आपल्या प्रयत्नाने सिंधुदुर्गकरांचे स्वप्न पूर्ण ./_/…,happy
सर आम्ही सदैव आपल्या सोबत आहोत,happy
या महामारीच्या काळात आपल्या देशाला जगण्यात मदत करणार्या नायकांना अभिवादन केल्याबद्दल,happy
काका तुमच्या विश्वासाला आणि प्रेमाला सॅल्युट,happy
आपणा सर्वांना मकर संक्रांतीच्या हार्दिक शुभेच्छा.,happy
हे मात्र खरे आहे,neutral
हा देवीचा चेहरा चंदनाच्या खोडापासुन बनवला आहे.. जय माँ अंबे,happy
उत्तमोत्तम हे लिही आणि प्रोजेक्ट मॅनेजरच्या पदासाठी अप्लाय कर. यश नक्की मिळेल.,happy
"चैतन्यमयी, आनंददायी सण दिवाळीचा पहिला दिवस म्हणजे वसुबारस... वसुबारस निमित्त सर्वांना मंगलमय शुभेच्छा!",happy
आपणा सर्वांना नारळी पौर्णिमेच्या आणि रक्षाबंधनाच्या मन:पूर्वक शुभेच्छा.,happy
जय महाराष्ट्र साहेब गर्व आहे तुमच्यासारख्या कट्टर नेत्यांचा,happy
ग्रामीण भागातील आरोग्य व्यवस्थेच्या बळकटीकरणावर भर द्यावा – सार्वजनिक आरोग्य मंत्री डॉ. तानाजी सावंत,neutral
फडणवीस परत आलेत. त्यामुळे आपल्या दुखण्याने पुन्हा उचल खाल्ली असेलच. सक्रिय व्हा.,neutral
मुले ही देवघरची फुले असतात...त्यांचे लाड पुरवावेत,neutral
"हो ना, सुभेदारांवर मराठीत चित्रपट त्यामुळे अजून उत्सुकता",happy
"ठाकरे घराण्यात जन्म, किती सन्मान आणि आनंद!",happy
खरी विदैचि देवता तर सावित्रीबाई फुले आहे... कदाचित हे योग्य आह....,happy
"आपणा सर्वांना देवो आणि आरोग्य, शांती, भरभराटीसह त्याची मेहेरनजर आपणा सर्वांवर राहो.",happy
जन्म दिवसाच्या हार्दिक शुभेच्छा भाऊ,happy
जय बाबा केदार स्वागत योग्य,happy
वाह भाई अगदि सत्य मांडणी केली आपण खुप छान संदेश व योग्य माहिती दिली,happy
माडगूळ येथे विविध कामाचे उद्घाटन प्रसंगी,neutral
हो ना अगदी बरोबर आहे तुमचं,neutral
सराफाला मारहाण करून दागिने पळवणारी टोळी गजाआड. बीडच्या स्थानिक गुन्हे शाखेची उत्कृष्ट कामगिरी.,happy
"प्राची,आपली उत्तमोत्तम प्रगती होवो हिच सद्धिच्छा.",happy
आम्हीआपली काळजी समजू शकतो. आम्हाला माहिती देण्यासाठी धन्यवाद. द्वारे तक्रारीचे निराकरण केले जाईल.,happy
सदा शिवम् भजाम्यहम्,neutral
भिमा कोरेगाव शौर्य दिनाच्या हार्दिक शुभेच्छा!!!,happy
जय महाराष्ट्र साहेब....सलाम आपल्या निष्ठेला,happy
"भाजपा,शिंदे गट, मनसे एकमेकांना संभाळून काम करत आहेत..",neutral
खरंय दोस्त..तुझी ही गोष्ट मी भलत्याच गोष्टीशी रीलेट केली..,neutral
नेहमीच शेतकऱ्यांच्या हितासाठी काम करणारा एकमेव नेता नरेंद्र मोदीजी,happy
सर्व बहीनिनां रक्षाबंधन पर्व च्या हार्दिक शुभेच्छा आणी शुभकामना जी,happy
"जगावे ते हसून-खेळून, कारण या जगात उद्या काय होईल ते कोणालाच माहित नसते.",neutral
भाऊ तुम्हाला पण फोल्लोवेर्स पूर्ण झाल्याबद्दल अभिनंदन,happy
कोजागिरी पौर्णिमेच्या आपणांस मंगलमयी शुभेच्छा !,happy
राडा तर होणारच ..जय महाराष्ट्र,happy
मा. संजयजी बनसोडे राज्यमंत्री जुग जुग जियोवाढ दिवसाच्या आभाळभर शुभेछा.,happy
"ठाकरे गटाच्या शिरपेचात आणखी एक मनाचा तुरा, आता सी पी आय पण सोबत.... हिंदुत्व??????",happy
"महाराष्ट्रातील जनता किती खुश आहे,हे पुढच्या निवडणुकीत समजेल, तोपर्यंत वाट पाहा",neutral
% हे निरीक्षण बरोबर आहे,neutral
सरकारी जन्म तारीख ( जाने) असलेल्या माझ्या सर्व मित्रांना वाढदिवसाच्या हार्दिक शुभेच्छा,happy
ऐतिहासिक सुवर्ण पदक नीरज चोप्रा यांचे अभिनंदन,happy
"साहेब अपलाल्या पण होलीची हार्दिक शुभेच्छा,,,",happy
श्री क्षेत्र गणपतीपुळेगणेश चातुर्थी निमित्त श्रींची पूजा व आरास,happy
आता रामदास पाध्यांची सुंदर भाषणे जनतेला प्रभावित करण्यासाठी सज्ज आहेत ..,neutral
साहेब खुप खुप शुभेच्छा. असेच यशस्वी होऊन या. ./_/…,happy
होली बुलडोजर वाली,happy
"मॅरेथॉनमध्ये सहभागी होणाऱ्या लोकांना शुभेच्छा, तुम्ही यशस्वी व्हाल अशी आशा आहे.",happy
नविन वर्षाच्या राणे साहेब आपणास वआपल्या कुंटूंबास हार्दिक शुभेच्छा.,happy
: हिंदी दिनानिमित्त विद्वानांचा विशेष सन्मान./-…,happy
गणेश चतुर्थी निमित्त प्रथमतः आपल्या सर्व कुटुंबाला मनःपूर्वक शुभेच्छा...,happy
"ठाकरे यांच्या चौकशीच्या मागणीने तुमचा उत्साह वाढला, तुम्हाला सुटकेसाठी तयार केले!",happy
गणपती बाप्पा मोरया मंगल मूर्ती मोरयाआपणास च्या अनंत शुभेच्छा!,happy
माझी नात माही वाढदिवसाच्या हार्दिक शुभेच्छा पिंटू खरात,happy
हिंगोली जिल्ह्याचे लोक प्रिय खासदार यांना मन:पूर्वक हार्दिक हार्दिक,happy
खर आहे हे.आपण स्वालंबी होतो.स्वतःतील गुण अवगुण याची प्रचिती येते.कुटुंबाचे महत्त्व कळते.स्वभावात नम्रता येते,neutral
भारी असणार आहे हा पिक्चर...शंभर रुपयांची पैज लावणार का?,happy
फाशीच्या होणार म्हणुन रात्रभर पुस्तकाच वाचन करणारे भगतसिंग … विनम्र अभिवादन भारत मातेच्या सुपुत्राला,happy
नारळी पौर्णिमा आणि रक्षाबंधन सणानिमित्त सर्वांना मनःपूर्वक शुभेच्छा....!!!,happy
भारताची आत्मस्वरूप आणि विवेकपूर्ण वाणी असलेली संस्कृत भाषा !,happy
"ते पिंपरी चिंचवडसाठी पक्षासाठी काम करायला तयार होते, संपर्क क्रमांकावर असल्यास छान वाटले",neutral
सत्ता नसताना ही राज्याकडे दुर्लक्ष न करता पावलोपावली जनसेवा करणारा सच्चा नेता,happy
सामाजिक समता सप्ताह विविध सामाजिक उपक्रमांद्वारे साजरा ./-…,happy
देशासाठी बलिदान दिलेल्या सर्व वीर पोलीस बांधवांना कोटी कोटी नमन !,happy
पण तुमचे परत एकदा अभिनंदन..भावी आयुष्यासाठी खूप खूप शुभेच्छा,happy
"तथापि, ने नेहमीच आपल्या उत्पादनांमध्ये उत्साह आणि उत्साह संचारला आहे! त्याने मध्ये देखील याची पुष्टी केली!",happy
अगदी बरोबर भुजबळ साहेब हे बहुजनांना कळल पाहिजे.,happy
"माहिती चौकट, तसेच सामाईक दुवे आणि शृंखला व अद्ययावत बाबी करिता धन्यावाद.",happy
वाढदिवसाच्या हार्दिक शुभेच्छा माऊली...,happy
सूर्योदय होतांना बघण्यातही एक वेगळाच आनंद असतो..,happy
जी आपणांस वाढदिवसाच्या हार्दिक शुभेच्छा !!,happy
ब्रिटिश स्थापित काँग्रेस पक्षाचा अध्यक्ष होण्याचा एका मराठी माणसाला भेटल्याबद्दल त्यांचे अभिनंदन,happy
दुसऱ्या गटाचं मिळालंय.. भरभक्कम… आणि नविन फ्लॅटचं वचन पण..,neutral
गोंदियाचा सूर्योदय दाखवला आभारी आहे धन्यवाद,happy
छट पूजा एक सांस्कृतिक परंपरा आहे जी एखाद्याला त्यांच्या पूर्वजांच्या मुळाशी जोडते आणि अर्थपूर्ण आहे.,happy
सर्व आदिवासी बांधवांना आणि भगिनींना आदिवासी दिनानिमित्त हार्दिक शुभेच्छा...,happy
खूप खूप शुभेच्छा!विजय भव,happy
महाराष्ट्र च्या जनतेमधे सकारात्मक ऊर्जा निर्माण केल्या बद्दल आभारी आहोत,happy
पुण्यतिथी निमित्त मनाचा मुजरा..,happy
अगदी बरोबर! अध्यात्मच महत्व कमी झाले तरच विज्ञानाच महत्व वाढेल!,neutral
प्रगट दिनाच्या मन:पूर्वक शुभेच्छा भाई नेहमी आनंदात रहा आणि हसत रहा.,happy
आपल्या शुभेच्छा मोलाच्या आहेत जी. धन्यवाद ./_/…,happy
येऊ दे- आधीचा चांगला होता फोटो,neutral
त्यांना फक्त इतर भाषेचे प्रेम आहे पण धंदा महाराष्ट्रात करायचा आहे ..,angry
होळी पौर्णिमा ची सर्व भारतीयांना हार्दिक शुभेच्छा,happy
हा अप्रतिम सामना पाहायला विसरू नका.,happy
अचूक आणि परखड भाष्य,neutral
"अगदी रास्त मागणी आहेअनुमोदन आहे समाजाचे,,",neutral
अगदी मनातलं बोललात नाना... पवन सरांच्या म्हणजे अप्रतिम,neutral
जोशी साहेब उत्तम कामगिरी..,happy
रक्षाबंधन आणि नारळी पौर्णिमेच्या मन:पूर्वक शुभेच्छा !,happy
स्वतः पेक्षा लीहण्यावर प्रेम करणाऱ्या महिलेला माझा सलाम,happy
मराठी माणसाचं नातं जगापलीकडचं हे असंचं वृध्दिंगत राहो..,happy
": दिवाळीसाठी एसटी महामंडळाने घेतला मोठा निर्णय; पहा, दिवाळी कशी होणार आनंदात",happy
रक्षाबंधन आणि नारळी पौर्णिमेच्या हार्दिक शुभेच्छा!,happy
आणि तुम्ही काय धुतलेल्या तांदळा सारखे साफ आहे!!,angry
"लेखन हे तपासामान आहे, त्यात जेवढे पारंगत व्हाल तेवढे चांगले बनाल.",neutral
क्रांतिज्योती यांना जयंतीनिमित्त अमरावती जिल्हाधिकारी कार्यालयात विनम्र अभिवादन...,happy
"प्रत्येक जिल्ह्यात असे उपक्रम राबवले पाहिजेत, खरच खूप छान उपक्रम आहे.",happy
टोकियो ऑलिंपिमक भालाफेक स्पर्धात भारताच्या नीरज चोप्रा यांनी सुवर्णपदक जिंकल्याबद्दल मनापासून अभिनंदन सलाम नीरज!,happy
नूतन पदाधिकाऱ्यांना खूप खूप हार्दिक शुभेच्छा !!,happy
तिळगुळ घ्या गोड गोड बोला.. मकर संक्रांतीच्या हार्दिक शुभेच्छा...,happy
मा.आमदार बाळासाहेब पाटील यांना वाढदिवसाच्या हार्दिक शुभेच्छा,happy
नववर्षाच्या आपणा सर्वाना हार्दिक शुभेच्छा ...,happy
खानदानी शिवसैनिक असेल तर आणी तरच हाकणार नाही जय उद्धवसाहेब ठाकरे जय बाळासाहेब जय महाराष्ट्र,happy
"देव, ज्यांना रक्ताच्या नात्यात जोडायला विसरतो, तेच कदाचित ""मित्र"" म्हणून जीवनात येतात...",happy
सणाच्या पावित्र्याबरोबर पर्यावरणाचे संवर्धन उत्तम प्रकारे साकारले ./-…,happy
सध्या तरी? म्हणजे लवकरच कल्पना विश्वातील प्रेम वास्तवात असणार तर. शुभेच्छा!,happy
मीराबाई चानू-वेटलिफ्टिंग ऑलम्पिक मध्ये भारताने खाते खोलले...,happy
बरोबर आहे सुप्रभात !!,neutral
भालाफेक स्पर्धेत भारताला सुवर्णपदक मिळवून दिल्याबद्दल नीरज चोप्रा यांचे हार्दिक हार्दिक अभिनंदन..,happy
आत्ताच निवडून ये आता आमची तुमची निष्ठा आहे,happy
आज संध्यासमयी शेतातून या रविवार स्पेशल रानमेवा खायला,neutral
त्याची सुधारित सुरक्षा वैशिष्ट्ये आणि श्रेणीसुधारित प्रवासी सुविधा क्रांती घडवून आणतील,happy
आपण भारतीय लसी वर विश्वास ठेवलात त्याबद्दल तुमचे मनपुर्वक आभार... जी,happy
भारत जिंकला विराट कोहलीने खूप सुंदर प्रकारे फटकेबाजी केली.,happy
सहानुभूती नव्हे पाठिंबा वाढला आहे!!,happy
भगवंताचा नुसता विचार देखील आपल्याला आनंदी ठेवतो! - माऊली,happy
रक्षाबंधन आणि नारळी-पौर्णिमेच्या हार्दिक शुभेच्छा!!,happy
भारत जिंकला दुसरा कसोटी सामना,happy
विठ्ठलाची कृपा होत राहो आणि नवीन व्यवसाय असाच वृध्दींगत होत राहो याच शुभेच्छा!,happy
कोजागिरी पौर्णिमेच्या हार्दिक शुभेच्छा..,happy
"माणूस भन्नाट आहे, सर कवितांचे पुस्तक प्रसिद्ध करा शंभर टक्के खात्री आहे हिट होणार",happy
रक्षाबंधन आणि नारळी पौर्णिमेच्या हार्दिक शुभेच्छा,happy
हे चित्र आशावादी आहे.,happy
खरंच... नाना पाटोले बरोबरच बोलले होते,neutral
आमचे युवा मित्र कु दिपक मीटे आपणांस वाढदिवसाच्या हार्दिक शुभेच्छा..…!,happy
अभिनंदन सुभेदार निरज चोप्रा,happy
होळी पोर्णिमा निमित्ताने हार्दिक शुभेच्छा,happy
आपण दिलेल्या शुभेच्छांबद्दल मनःपूर्वक धन्यवाद,happy
साहेब आपणास उदंड आयुष्याच्या आनंत शुभेच्छा,happy
क्रांतिज्योती यांना जयंतीनिमित्त जळगाव जिल्हाधिकारी कार्यालयात विनम्र अभिवादन,happy
परात्पर गुरु डॉ. आठवले यांचे तेजस्वी विचार .// …,happy
होय नक्कीच अधिकार आहे. जय महाराष्ट्र,happy
आमच्यासाठी उभे राहिल्याबद्दल धन्यवाद दादा ./_/…,happy
"सर, तुम्ही स्वतःचे चांगले प्रतिनिधित्व करत आहात आणि समाजाचा विश्वास जिंकला आहे.",happy
सर्व आदिवासी बंधू आणि भगिनींना आदिवासी दिनाच्या हार्दिक शुभेच्छा....,happy
हे पूर्णपणे आश्चर्यकारक आहे,happy
चला तर जाताना तुम्हाला आनंद देऊन जातोय अभिनंदन अशीच प्रगती व्हावी यासाठी शुभेच्छा,happy
फडणवीस मुळे मराठी विद्यार्थ्यांचे भवितव्य उत्तमच होणार......!!!!,happy
मानवाच्या सर्वांगीण कल्याणार्थ जीवन व्यतीत केलेल्या ऋषिमुनींच्या चरणी कोटीश: प्रणाम !,happy
चैत्र पौर्णिमेच्या सर्वांना शुभेच्छा.,happy
ताई विजय आपलाच आहे,happy
कोजागिरी पौर्णिमेच्या सर्वांना चंद्रमय शुभेच्छा।,happy
"स्वतःवर विश्वास ठेवण्याचा प्रयत्न करा, त्यामुळे भीती आणि दुःख नाहीसे होईल !",happy
काही गुप्त खजिना सापडला का.,neutral
डॉक्टर बाबासाहेब आंबेडकर यांचे योगदान निश्चितच बहुमूल्य आहे पण ते एकमेव असे नव्हते,happy
अनुसारक झाल्याबद्दल अभिनंदन सोबतच च्या नावाखाली होऊन जाऊद्या,happy
अखंड सौभाग्याच्या प्राप्तीसाठी साजऱ्या केल्या जाणाऱ्या हरितालिका उत्सवाच्या सर्व माता भगिनींना हार्दिक शुभेच्छा!,happy
गणेशोत्सवानिमित्त सर्व प्रवासी व कर्मचारी बंधू-भगिनींना हार्दिक शुभेच्छा !..,happy
खरं आहे हे,neutral
मांजरा धरण भरले लातूरकरांसाठी हा सुखद क्षण.,happy
पाय लावून पळणे ही तर गुजरात ची संस्कृती.. महाराष्ट्र नेहमीच लढतो आणि जिंकतो ..,happy
अगदी बरोबर आहे आपले सर्,neutral
पुढारी आणि कारभारी झाल्यानं अभिनंदन नाना ./_ …,happy
धन्यवाद भाऊ...आणि तुम्हाला नवीन वर्षाच्या हार्दिक शुभेच्छा...,happy
"अगदी उत्तम निर्णय,",neutral
नेट प्रॅक्टिस जोरात सुरुय....आतुरता ऑक्टोबर ची,happy
कधी घेतलं नवीन गाडी. छान आहे तुमची जोडी....,happy
कोजागिरी पौर्णिमेच्या हार्दिक शुभेच्छा!!!,happy
होळी पोर्णिमा उत्सव शुभेच्छा,happy
भव्य मरीन ड्राइव्हला भेट द्या आणि त्यातील चमत्कारांचा अनुभव घ्या!,happy
डॉ हर्षदीप कांबळे सर यांना वाढदिवसाच्या मंगलमय शुभेच्छा...!,happy
मान्यवरांचे खूप खूप अभिनंदनअशा महाराष्ट्रात आम्ही राहतो ./…,happy
छत्रपती शिवाजी महाराज सोबत आहेत तुमच्या. नवं चिन्ह नवा काळ..!,happy
"खरोखरच अभिमानाने , गर्वाने मान उंच होते. या अशा संस्थानी केलेल्या कामगिरीमुळेच.",happy
दादा व वहिनी आपणास आपल्या शुभविवाह च्या हार्दिक शुभेच्छा,happy
तुमची अगदी छोटीशी मदतही खूप महत्त्वाची आहे. करा.,happy
टॅगसाठी धान्यवाद ताई हर हर महादेव जय हिंदुराष्ट्र,happy
"तुम्ही आमच्यासाठी किती मरमर करता, एवढं पण परतफेड नको का",happy
मालेगावात राष्ट्रवादी काँग्रेसकडून पक्ष भक्कम करण्याचे प्रयत्न सुरू.,neutral
जनसंघाच्या संस्थापकांपैकी एक राष्ट्रवादी विचारसरणीचे विचारवंत आणि माजी खासदार भारतरत्न यांची आज जयंती.,happy
वर्षातील म्युझिक व्हिडिओचे चार्टबस्टर गाणे आता बाहेर आले आहे! ते आता पहा:,happy
: महाशिवरात्रीच्या हार्दिक शुभेच्छा!,happy
एवढ्या तीव्र भावना जागृत करणारा आणि लोकांच्या चेहऱ्यावर हसू आणणारा अभिनेता पाहून धन्य झालो.,happy
अशा महान माणसांमुळे जगात प्रेम आहे,happy
आपणास नविन वर्षाच्या मनःपुर्वक हार्दिक शुभेच्छा ताईसाहेब...!!!,happy
छत्रपती संभाजी महाराज कोटी कोटी प्रणाम,happy
तुमची तिकिटे बुक करण्यासाठी आणि यामध्ये सर्वोत्तम ऑफर मिळवण्यासाठी हे सर्वोत्तम अॅप आहे,happy
चाला तुमच्या मुळे समजलं की संघाला सविनधनावर आणी भारतीय न्याय देवतेवर विश्वास आहे.,happy
हर हर महादेव,happy
नवीन वर्षाच्या हार्दिक शुभेच्छा ././…,happy
हेच काँग्रेसी एक आदिवासी महिला राष्ट्रपती झाली तेव्हा मनास बरे वाटले,neutral
माजी पंतप्रधान मनमोहन सिंह यांनी ऑक्टोबर रोजी 'माहितीचा अधिकार' लागू केला.,neutral
यांनी महाराष्ट्र राज्याचे मंत्री म्हणून शपथ घेतल्याबद्दल त्यांचे मनःपूर्वक अभिनंदन!,happy
त्यांच्या वडिलांकडून शिकायला बरंच काही मिळाले,happy
ची सुरूवात यापेक्षा सुंदर असूच शकत नाही,happy
बांगलादेशी नागांच्या नांग्या ठेचत भारत जिंकला. नवख्या अर्शदीपने चांगली बॉलिंग केली.,angry
सत्यनारायणाच्या पूजेला विरोध करणारांना हनुमान जन्मोत्सव साजरा करताना पाहून आनंद वाटला.,happy
‛मिराबाई चानू'ने टोकियो ऑलिम्पिक वेटलिफ्टिंगमध्ये भारताला पहिलं ‛रौप्यपदक’ मिळवून दिलं..!!,happy
लाख युवक वर्गासाठी व हक्कासाठी धावून येणारे पडळकर साहेब धन्यवाद...,happy
पावसाने कोल्हापुरात आपल्या मोहिनी आणि सौंदर्याने आनंद आणला आहे.,happy
"अति उत्कृष्ट भाऊ , श्रद्धांजली जरूरी शहिदांना आणि स्वातंत्र्य सैनिकांना ,",happy
माझी वसुंधरा! माझा बाप्पा # प्रशांत जाधव - डोंबिवली पी जे ईको गणेश,happy
सत्तेत भाजपा आहे त्यामुळे नो टेन्शन!,happy
साहेब तुम्हाला हि नूतन वर्षाच्या हार्दिक शुभेच्छा,happy
बरोबर केल तिने या वयात आधार हवाच जीवनाच्या पुढच्या वाटचालीसाठी मंगलमय शुभेच्छा,happy
गणेशोत्सव : वसईतील कौशिक जाधवने फळभाज्यांवर रेखाटले अष्टविनायक ./?= …,happy
"नाही, अगदी मनापासून बोलतोय! फार कमी जोडपी तुमच्या सारखी असतात! अशेच रहा!",happy
यांनी पक्ष राज ठाकरेला चालवायला द्यावा हे उत्तम. आणि आता महापालिकेत मत मागायला या.,happy
फाॅलो फाॅर फाॅलो वैक % . .शुभ संध्या वंदन,neutral
"| अनन्या पांडे ने पिक्चर मध्ये उत्तम काम केले आहे, जाणून घ्या…",neutral
आह..... दारू पिणाऱ्या पण आपल्याला लई आवडतात,happy
तर येथे चरण-दर-चरण प्रक्रिया आहे हे स्थापित करण्यासाठी आश्चर्यकारक आणि सर्वात उपयुक्त,neutral
दोन दिग्गजांना प्रणाम !,happy
वाचकांचे प्रेम हे आमचे बलस्थान ./_…,happy
संघी पाब्लो जन्मदिनाच्या खूप खूप शुभेच्याचॅनेल वर कॅमेरामन हवा असल्यास या छायाचित्रांचा विचार करावा,neutral
"आजचा दिवस वाईट नाही, चला बाहेर पडूया आणि वर आलेल्या स्टेजचा आनंद घेऊया!",happy
वाढदिवसाच्या हार्दिक शुभेच्छा भाऊ..,happy
झोप पूर्ण न मिळाल्याने माणूस काही पण बरळतो..... असे मानसतज्ञ बोलतात,neutral
आयुष्यमान आरोग्य मेळाव्याला उत्स्फूर्त प्रतिसाद .//% % …,happy
सगळं असतं.. पण अप्रतिम चित्रकला आहे,happy
अभिनंदन भावी वाटचालीस मनःपूर्वक शुभेच्छा ./ …,happy
खूप खूप अभिनंदन आणि सार्थ अभिमान वाटतो या उतुंग यशाबद्दल,happy
धन्यवाद सदर तक्रारीचे निवारण केल्या बदल महाराष्ट्र नवनिर्माण सेना वॉड आपले आभारी आहोत,happy
महाराष्ट्र जगासाठी राज्य असेल आमच्यासाठी ते राष्ट्रच आहे. जय जय महाराष्ट्र देशा,happy
वसुबारस निमित्त सर्वांना हार्दिक शुभेच्छा! आज पासून दिवाळी या सणाची सुरुवात होत आहे.,happy
कोरेगाव भीमा येथील विजयस्तंभाच्या व्या वर्षपूर्ती दिनी लाखोंची गर्दी | ./-…,happy
"तु आज साडी घाल कोणत्याही रंगाची, शिडी मात्र साऊच होती तुझ्या स्वातंत्र्याची...",happy
डॉ.केशव सखाराम देशमुख यांना ‘सुशिल सोशल फोरम’चा राज्य पुरस्कार ./?= …,happy
राज ठाकरे साहेब तुमच्या सारखा माणूस महाराष्ट्र ला लाभला हे आमचे भाग्य।.....,happy
वाढदिवसाच्या हार्दिक हार्दिक शुभेच्छा मॅडम,happy
कोरोना विरूद्ध च्या लढाईत आज दूसरा डोस घेतला. आपणा सर्वांचे मनापासून धन्यवाद,happy
होळी पौर्णिमा,neutral
वाढदिवसाच्या मनःपूर्वक शुभेछा आनंदी राहा.,happy
जय महाराष्ट्र!शिवसेना या चार अक्षरांवरील प्रेमामुळे हे घडते.,happy
धन्यवाद दादा तुमच्या उपस्थिती मुळे युवासैनिकांमध्ये नवीन जोश निर्माण होतो. ./…,happy
धन्यवाद भाऊआपण दिलेल्या शुभेच्छा बद्दल मनापासून आभार व धन्यवाद जय बाळासाहेब,happy
घरात बसून नाही तर थेट लोकांमधे वावरणारे उपमुख्यमंत्री देवेंद्र फडणवीस,happy
स्नेहल चौधरी-कदम यांच्या क्षितिज फाउंडेशनची आंतरराष्ट्रीय स्तरावर दखल .///…,happy
पालघर पोलीस दलाकडून निमित्ताने विविध कार्यक्रमाचे आयोजन,neutral
आई भवानीच्या आशीर्वादाने ढाल तलवार बाळासाहेबांची शिवसेना... आत्ता सामना रंगणार नाही गाजणार...,happy
आमच्या घरी शिवसेना आहे आणि त्यांचे नेते उद्धव ठाकरे गतिमान आहेत.,happy
हे सुर्य प्रकाशाइतके त्रिवार सत्य आहे..,neutral
"वृक्षारोपण ! झाडे लावा झाडे जगवा !माऊली अभियांत्रिकी महाविद्यालय, शेगाव",neutral
सुंदर गावासाठी गारगोटवाडीतील तरुणांचा उत्स्फूर्त सहभाग – .//,happy
"त्या निमित्ताने आपल्या मुखातून "" हे राम"" आले तरी. प्रगती आहे.",neutral
| भारतात पुढच्या महिन्यात लाँच होणार 'ही' जबरदस्त इलेक्ट्रिक बाईक,happy
अशी सेवा उपलब्ध करून देणाऱ्यांचं करावं तितकं कौतुक कमी आहे...,happy
"‘सुखकर्ता, दुःखहर्ता…’ रितेशच्या मुलांनी गोड गळ्यात गायिली बाप्पाची आरती ./-…",happy
सारखी संस्था कांग्रेस ने स्थापन केल्याबद्दल धन्यवाद निकल रे संडास साफ्या,angry
"बधाई हो! तुमची पोस्ट वेळी पोस्ट केली आहे, जो तुमचे पोस्टला जनतेंद्रीचे आनंद दर्शविते दर्शविते.",happy
सर्व काँग्रेस प्रेमी वर्ग व शुभ चिंतक यांचे हार्दिक शुभेच्छा….!,happy
"माधुरी जी नवीन वर्षाच्या हार्दिक शुभेछा..,",happy
देवेंद्र फडणवीस हे जनतेच्या कल्याणासाठी सदैव प्रयत्नशील असतात.,happy
बॅडमिंटन फायनल मधे धडक मारणाऱ्या पी व्ही सिंधू हिच हार्दिक अभिनंदन,happy
बॅडमिंटनमध्ये पी. व्ही. सिंधू गोल्ड मेडलची मानकरी.. अभिनंदन..,happy
सेनेचे अधिकृत प्रवक्ते म्हणून नेमणूक व्हावी हीच शुभेच्छा,happy
या निवडणुकीत आशिष शेलार तुम्हीच अर्ज भरला ते बरंच झालं,neutral
अखेर तिसऱ्या सामन्यात सूर्यकुमार यादव सलामीवीर म्हणून चमकला,happy
शाडू मातीच्या मूर्तीची स्थापना करा!पर्यावरणपूरक गणोशोत्सव साजरा करा!...,neutral
किती निरामय हास्य आहे हे,happy
नविन वर्षाच्या हार्दिक शुभेच्छा दादा,happy
काका आपले स्वागत आहे आपल्या आगमना च्या प्रतीक्षेत,happy
तुम्हाला पण दिवाळीच्या हार्दिक शुभेच्छा,happy
जिल्हा समन्वयक जी यांना हार्दिक हार्दिक शुभेच्छा,happy
दशावतारातील सुप्रसिध्द खलनायक दादा राणे यांना ग्लोबल स्मार्ट दशावतार आयकॉन पुरस्कार.,happy
सर्व नवनियुक्त पदाधिकारींचे हार्दिक अभिनंदन,happy
आज ताईंचा फाॅलो बॅक मिळाला. धन्य झालो.,happy
मुंबई काग्रेंस अध्यक्ष पदी निवड करण्यात आल्याबद्दल आपले अभिनंदन सर,happy
विज्ञान प्रदर्शनाचा अधिकाधिक विद्यार्थ्यांनी लाभ घ्यावा: सर्व प्रसार माध्यमांचे आभार..!,neutral
सर्वांना शिमग्याच्या हार्दिक शुभेच्छा! पोटभरून पुरणपोळी खा !,happy
होलिकापूजनाच्या सर्वांना अनेकानेक शुभेच्छा !,happy
राज्यपालांच्या हस्ते व्हाईस ऑफ मिडिया’च्या बोधचिन्हाचे अनावरण./ /,neutral
सर्वमंगल मांगल्ये शिवे सर्वार्थ साधिके। शरण्ये त्र्यंबके गौरी नारायणि नमोस्तुते॥,happy
‘प्रिय मित्र’ हे म्हणजे फारच आवडलंय,happy
पोलीस स्थापना दिनानिमित्त विविध कार्यक्रमाचे आयोजन - ./-…,neutral
स्वागत हे,happy
ग्रेट वर्क आबा दूरदृष्टी असलेला युवकनेता आपल्या कामाचा अभिमान आहे,happy
सर्वांना नारळी पौर्णिमा आणि रक्षाबंधनानिमित्त अनेक शुभेच्छा.,happy
"बरोबर आहे अंजली ताई, आतच हे सगळं सोईच राजकारण चालू आहे.",angry
जन्माने मराठी नसून पण जे सुंदर मराठी बोलतात त्यांना सुध्दा मराठी दिनाच्या हार्दिक शुभेच्छा,happy
"आपण मरायला भित नाही, शूरवीर आहोत आपण सगळे!",happy
जाहीर आभार…! दिवस बदलले आहेत ..!,neutral
एक नंबर.... आता काय येत नाहीत परत...,angry
हिंदु जनजागृती समितीची यशोगाथा जगभर होऊ दे अशी प्रार्थना ईश्वर चरणी आहे,happy
व्यवसायाचा प्रत्येक पैलू भरभराटीला येत आहे,happy
होळी पौर्णिमा निमित्त सर्वांना हार्दिक शुभेच्छा !,happy
जागतीक सामजिक न्याय दिनाच्या सर्व भारतीयांना हार्दिक शुभेच्छा..,happy
दामू नाईक हे युवा पिढीसाठी ‘प्रेरणास्त्रोत’ .//-…,happy
अथांग सागरावर मात करून सदैव राष्ट्र सेवेत समर्पित असणाऱ्या भारतीय नौसैनिकांनाभारतीय नौसेना दिनाच्या हार्दिक शुभेच्छा,happy
"आजकाल थोडा ब्रेक घेऊन नितीन सारखे आयुष्य एन्जॉय करूया. आम्हाला कोणीही रोखू शकत नाही, बरोबर?",happy
अच्छे दिन वर पण असच तत्परतेने बोला,neutral
"निसर्गाचा चमत्कार, पहा आणि घ्या दिव्य आनंदाचा अनुभव. ह्याच्या पुढे सर्व व्यर्थ ठरते",happy
सचिन परब याचं सद्याच्या राजकारणावर उत्तम विश्लेषण भाग पण बघा!!!,neutral
साईनाथ दुर्गे यांना वाढदिवसाच्या हार्दिक शुभेच्छा,happy
डाव्यांचा पाठींबा घेतल्यामुळे ही निवडणूक ठाकरे गटाच्या हातातून जाणार. .,neutral
. या सर्वांना पाठिंबा आहे. रात्र वैऱ्याची आहे पण वारसा संघर्षाचा आहे.,neutral
सकाळी सकाळी खूप सुंदर विचार वाचण्यात आले ./ /…,happy
महाकाल मंदिर हे प्रत्येक भारतीयाचे प्रेरणास्थान आहे आणि ते दृश्यमान ठिकाण आहे.,happy
श्री. प्रकाश जमधडे. एक आदर्श व्यक्तिमत्व...,happy
महाराष्ट्राच्या विकासाची कामगिरी पाहून सर्व महाराष्ट्रातील जनतेचा पाठिंबा एकनाथ शिंदे साहेबांना आहे,happy
ते राज ठाकरे काही वर्षा पूर्वी त्यांना जे बोलले होते ते अगदी बरोबर होते.,happy
ऊर्जा छान आहे आनंदाची लकेर उमटली,happy
गो कोरोना कोरोना गोअस बोलून कोरोनाला हकलवून काढल्याबद्दल ह्यांच हार्दिक अभिनंदन..,happy
तुझ्या सारखी श्रेष्ठ छिनाल दुसरी होणार नाही,happy
सगळ्यांचा शिस्तीत कार्यक्रम चालू केल्याबद्दल उद्धवजी ठाकरे साहेबांचे अभिनंदन,happy
शिवसेनेच्या मशालीने यापूर्वी घडविला आहे असा जबरदस्त इतिहास; थेट मुंबई महापालिकेवर भगवा,happy
पी. व्ही.सिंधू विजयी फायनल मध्ये धडक,happy
लै फोटोजेनिक रोड आहे हा.,neutral
भोकर तालुक्यातील वीज उपकेंद्रे व रस्त्यांच्या कामाचे आज भूमिपूजन करण्यात आले.,neutral
आशुतोष दादा काळे आपणांस जन्मदिवसाच्या मनःपूर्वक शुभेच्छा...,happy
जिंकणार म्हणजे जिंकणार च,happy
धन्यवाद.. कुठल्या वर ऑफर्स असतात सांगू शकता का?,neutral
खूप छान कार्य केलं आहे आपण साहेब,happy
वाढदिवसाच्या हार्दिक शुभेच्छा तात्या,happy
अशीच चांगली कामगिरी करण्याची ऊर्जा सदैव राहवो,happy
वाक्या बात है ते बाकीच्या रंगात पण फोटो येऊ द्या,neutral
भरकटन पण कधीकधी योग्यच असत त्यातूनच काहीतरी नूतन घडतं आणी मिळतही,neutral
आपणा सर्वांना नारळी पौर्णिमेच्या आणि रक्षाबंधनाच्या मन:पूर्वक शुभेच्छा....,happy
महाशिवरात्री निमित्त सर्वांना मनःपूर्वक शुभेच्छा!!,happy
आत्मस्वरूप आणि विवेकपूर्ण वाणी असलेली संस्कृत भाषा !,happy
"छान, माणसं जपण्यापेक्षा झाडं लावून ती जपलेली कायम उत्तमचं..!",neutral
म्हणजे विषयच नाही भाऊ.. खुप नाचतो आम्ही देवीमाते समोर,happy
उत्तम थ्रेड .//…,neutral
चित्रपट उत्तम होता. व्ही शांताराम यांच्या उत्कृष्ट चित्रपटांपैकी एक चित्रपट. गाणी तर जबरदस्त......,happy
नवीन वर्षाच्या हार्दिक शुभेच्छा ./…,happy
महाराष्ट्र हा गोल्ड ऑर्नामेन्ट मॅन्युफक्चरिंग हब व्हावा : फत्तेचंद रांका –,neutral
देहूरोड बाजार पेठेत वाहतूक सुरळीत करण्यासाठी आजपासून नवीन नियम लागू होणार,neutral
देशमुख साहेब सुंदर उपक्रम,happy
अगदी बरोबर आहे पाटील,neutral
"तीळगुळ घ्या, गोड गोड बोला! मकर संक्रांतीच्या सर्वांना हार्दिक शुभेच्छा!",happy
वरळीत आपला मराठामोळा दीपोत्सव जल्लोषात सुरू....,happy
कोणी काहीही म्हणो पण उद्धव बाळासाहेब ठाकरे हेच सर्वांच्या मनात,happy
श्री सुधीर भाऊ मुनगंटीवार जी कॅबिनेट मंत्री म्हणून निवड झाल्याबद्दल हार्दिक अभिनंदन,happy
हिंदू संस्कृती आणि हिंदू धर्मातील परंपरा जपण्यासाठी ही अलोट गर्दी जमली आहे.,happy
"अर्जुन तेंडुलकर भारतीय संघाताच्या महत्त्वाचे प्रतीक होते, त्यांनी मुश्ताक अली ट्रॉफीची मागणी केली.",neutral
सदैव आपल्या सोबत...,neutral
त्रिवार आभिनंदन आणि..... हार्दिक शुभेच्छा,happy
सर आरोप प्रत्यारोप करण्यापेक्षा सर्वांनी मिळून विकासाचे पाऊल उचलले तर अधिक प्रगती होईल,happy
*अनुभव हा सर्वोत्तम गुरु आहे..!!*,neutral
तसेच नायलॉन मांजा पासून वाचण्यासाठी नागरिकांकरीता खबरदारी म्हणून योग्य माहिती प्रसारित केली,neutral
जय महाराष्ट्र शिवसेना कधीच संपणार नाही...,happy
"सकाळी अनुलोम विलोम करत जा,वाट बघायचा स्टॅमिना वाढतो..",neutral
मनसेच्या कार्यकर्त्यांना महाराष्ट्र सैनिक का संबोधतात यांचं उत्तम उदाहरण.,happy
"भारताने जगभरात लस वितरित केल्या आहेत, जेणेकरून कोणीही मरणार नाही: पंतप्रधान",happy
"हे सर्व मराठा नेते गद्दार आहे,,",angry
मी पण आजचं श्रीगणेशा केला.... यंदाची दिवाळीची सुट्टी सार्थकी लागणार.... धन्यवाद सर,happy
"भाऊ, तुम्हाला रक्षाबंधन आणी नारळी पौर्णिमेच्या हार्दिक शुभेच्छा",happy
कुठं निजली होतीस.... फटाके वाजल्यावर तुला कळलं भारत जिंकला म्हणे,happy
हे पत्र मिळाल्याने तुमचा आदर मिळाला आहे साहेब.... धन्यावाद....,happy
बापूजी निर्दोष आहे,neutral
खूपच महत्वाची मोहीम आखली आहे याचे खूप खूप स्वागत ...,happy
"जिजाऊ, सावीत्रीमाई, अहिल्याई, रमाई नाही का दिसत भातखळकर. बरी शारदा आणि लक्ष्मीच दिसते.",angry
बहिण-भाऊ यांच्यातील निस्सिम प्रेमाचे प्रतीक म्हणून ओळखल्या जाणाऱ्या रक्षाबंधन सणाच्या सर्वांना हार्दिक शुभेच्छा..!,happy
"‘हा’ सराफा व्यापारी आहे मोदींचा ‘जबरा फॅन’, स्वतःच्या हाताने बनवली सोन्याची मूर्ती",happy
"तुमच्या खात्यात दिवाळीपूर्वी जमा होणार हजार रुपये, 'या' कर्मचाऱ्यांसाठी खुशखबर",happy
शिवसैनिकांना शक्ती देणारा हा विजय आहे. गद्दारांना गाडणे ही कोंकण ची संस्कृती..,happy
"बरोबर आम्हाला आमचे महाराज देवा पेक्षा सन्मानिय आहेत आणी राहणार, जय शिवराय...",happy
चौकशी करून क्लिनचिट दिली म्हणजे पुढची निवडणूक हरली तरी चिंता नाही.,neutral
जय श्री राधे राधे ‼सुप्रभात मित्र ‼,happy
पडत आहेत त्यामुळे ट्राफिक ची समस्या कमी होत आहे,neutral
वाढदिवसाच्या हार्दिक शुभेच्छा.. दादा,happy
"लग्नांच्या चर्चांदरम्यान पार्टीला एकत्र पोहोचले सिद्धार्थ-कियारा; चाहते म्हणाले, “सर्वोत्तम जोडपे….”",happy
आपल्या आंदोलनाला सुयश चिंतितो हार्दिक शुभेच्छा,happy
कोजागिरी पौर्णिमा निमित्त आपणास व आपल्या परीवारास मंगलमय शुभेच्छा...!,happy
आता नुस्ता राडा..!विजयीभव!!! .//…,happy
नवे चिन्ह मिळताच प्रचाराला सुरुवात; ‘या’ मतदारसंघात झळकले ठाकरे गटाचे बॅनर,neutral
मकर संक्रांतीच्या हार्दिक शुभेच्छा,happy
"गुलाल तयार ठेवा,विजय आपलाच आहे .//…",happy
"रियाने जेलमध्ये वाटली होती मिठाई, बंदीजनांसोबत डान्सही केला'",happy
अगदी बरोबर आहे मॅडम,neutral
नवरात्रीच्या हार्दिक शुभेच्छा!,happy
"मकरसंक्रांतीनिमित्त मन:पूर्वक शुभेच्छा...! तिळगुळ घ्या, गोड गोड बोला!",happy
"नागरिकांना वेळोवेळी आपले असेच अमूल्य सहकार्य मिळत राहावे अशी अपेक्षा करतो, धन्यवाद.",happy
मुंबईवर पुन्हा मराठी माणसंच राज्य करतील भाई खूप खूप अभिनंदन,happy
हे बरोबर आहे.,neutral
या उत्सवामुळे कोरोना संकट काळातही नवचैतन्य अनुभवायला मिळाले ./-…,happy
"ऊर्जा सकारात्मकतेची, ऊर्जा नवविचाराची ! मकर संक्रांतीच्या हार्दिक शुभेच्छा!",happy
सामाजिक कार्य करत असताना आणखी एक कौतुकाची थाप,happy
"पूर्णपणे सहमत आहे, ही कीड समुळ नष्ट करायलाच पाहिजे",angry
अभिनंदन.... आता खऱ्या अर्थाने कॉग्रेस च्या नविन पर्वाला सुरुवात होणार आहे.,happy
त्यांचे स्मरण देशवासियांना सदैव होत राहील. याच भावनेतून आज त्यांची जयंती साजरी करण्यात आली. /,happy
धन्यवाद दादा आणि नवीन वर्षाच्या हार्दिक शुभेच्छा...,happy
राष्ट्रीय प्रवक्त्या जी यांना वाढदिवसाच्या आप युवा आघाडी नाशिक तर्फे हार्दिक शुभेच्छा.,happy
फक्त या एका साठी तुम्हाला करतोय...ही गोष्ट आमच्या पर्यंत पोहचवल्याबद्दल मनापासून धन्यवाद.,happy
"कला,साहित्य या विषयाची जाणं असलेला नेता..आदरणीय राजसाहेब ठाकरे...",happy
मराठी विसरलात का साहेब .. साहेबांना चांगली मराठी येते,neutral
खरी गोष्ट आहे उद्भव शरद सोनियामातासेने साठी,neutral
"अगदीं सहमत आहे, अर्ज दाखल केला तेव्हा ही कल्पना नसावी भाजप ला.",neutral
आसा दिवस पूना येणे नाही ... अप्रतिम अशी भेट खूप छान,happy
धन्यवाद दादा असेच आपले मार्गदर्शन मिळो.,happy
मनोहर नाथ महाराज यांना प्रणाम,happy
जनतेचे प्रेम आणि विश्वास हेच आमची ताकद आहे !,happy
कै. श्री. श्रीपाद नारायण पेंडसे यांच्या पवित्र स्मृतिस विनम्र अभिवादन,happy
"चला वर आणि खाली जाऊ, काही फरक पडत नाही, कोणीही आम्हाला मागे धरणार नाही!",happy
रिसर्च पुणे ने केला असून अभिमानाची बाब म्हणजे सर्व शास्त्रज्ञ मराठी आहेत,happy
राज्य सरकारच्या त्रुटी दाखवणे म्हणजे राजकारण नव्हे हे पटवून देणारे कणखर नेतृत्व !,happy
शिवसेना बाळासाहेबांच्या मालकीची होती तेव्हा तिचा आदर होता,happy
कोजागिरी पौर्णिमा निमित्त सर्वांना हार्दिक शुभेच्छा....!,happy
"मुख्यमंत्र्यांनी ठाण्यातील आनंद मठात साजरी केली धुळवड, विरोधकाांना उद्देशून म्हणाले.... .//…",neutral
नांदूरमध्यमेश्वर अभयारण्यात पर्यटकांची गर्दी ./--…,neutral
"चैत्र पोर्णिमा यात्रा देव जोतिबांची दुग्ध अभिषेक पुजा.सौजन्य सुनिल पाटील ""सकाळ""",neutral
*होळी आणि धुलीवंदनाच्या हार्दिक शुभेच्छा.*,happy
"ते काहीही असो, फडणवीस साहेबांची उत्तर भारी आहेत",happy
सिंधू ब्रिकेट्स प्रकल्पाचे शानदार उदघाटन .//% % …,neutral
धन्यवाद दादा कुठं तरी आमचे चांगले कार्य पोहचवताय,happy
कोर्टा कडून सर्व जनतेला दिवाळीच्या हार्दिक शुभेच्छा दिवाळीची भेट + बोनस,happy
महाशिवरात्रीनिमित्त पुण्यातील युवकाने बनवले नाण्यांपासून आकर्षक शिवलिंग ./--…,happy
वाढदिवसाच्या हार्दिक शुभेच्छा सर....,happy
नाईक साहेबांना चांगले आरोग्य लाभो हिच शुभेच्छा,happy
तुम्हा सर्वांना गौरा पौर्णिमा आणि होळी उत्सवाच्या हार्दिक शुभेच्छा.,happy
ब्रिक्स शिखर परिषदेत नरेंद्र मोदी यांनी महत्वाचे आणि योग्य मुद्दे मांडले. .//-…,happy
आपल्या प्रार्थनांसाठी मी मनस्वी आभारी आहे जी ./…,happy
किती समजूरदारपणा ! खरच ऊर भरून आला.,happy
आजच र सुवर्णपदक आणि ते ही कुस्तीमधून. अभिनंदन,happy
राजाधिराज बाबा महाकाल महाराज की जय,happy
नेहमी अशीच अक्षय जगत हसत राहा अक्षय तृतीया च्या हार्दिक शुभेच्छा,happy
स्व.शरद जोशी आणि शेतकरी समजून घेन्यासाठी सुंदर लेख,happy
नासमधील मराठमोळा अभिमान ./ --,happy
"राखी पौर्णिमेनिमित्त सर्व जगातील भगिनी,कन्या, माता आणि नारीशक्तिला विनम्र अभिवादन",happy
सत्याचा विजय.. उद्धव ठाकरेना हायकोर्टाने दिला दणका. ठाण्यातील तलावपाळीत दिवाळी पहाट यंदा शिंदे गटाची होणार..,neutral
"""मी श्रीमंत नसेन, पण माझ्याकडे जे आहे त्यात मी समाधानी आहे",happy
श्रीहरिकोटा अंतराळ उड्डाण तळावरुन वेब इंडिया- योजनेच्या उपग्रहांचं यशस्वी प्रक्षेपण .,happy
रात्री दूध प्यायला आवडत नाही म्हणून आज आमच्याकडे त्यामुळे आमची कोजागिरी,neutral
शिवाचार्य महाराज माजलगावकर यांचे समाजाच्या जडणघडणीत मोलाचे योगदान ./,happy
हे भारी होते ....,happy
"साहेबांना ,हार्दिक शूभेच्छा.",happy
". यांना वाढदिवसाच्या अनंत शुभेच्छा. आपणास निरोगी दीर्घायुष्य लाभो, ही सदिच्छा!",happy
अनेकानेक शुभेच्छा दादा,happy
श्रींचे आगमन ..श्री गणेशोत्सवाच्या आपणास अनंतकोटी शुभेच्छा..,happy
वाढदिवसाच्या हार्दीक शुभेच्छा...,happy
आज एका शेतकरी पुत्राने देशाला सुवर्णपदक दिल. अभिनंदन,happy
सन्मा: श्री:डॉ जितेंद्र आव्हाड साहेब यांना वाढदिवसाच्या आदरपूर्वक शुभेच्छा..,happy
अशी कंपनी सर्वाना मिळावी..,neutral
अभिनंदन मिराबाई चानू टोक्यो आॕलंपिकच्या पहिल्याच दिवशी वेट लिफ्टिंगमधे रजत पदक!,happy
पोरींच्या मध्ये जागा घेऊन रो हाऊस बांधून राहणाऱ्या यांचे हजारी मनसबदार झाल्याबद्दल हार्दिक अभिनंदन,happy
हे छान केलंय,neutral
कोल्हापुरातून वाहून आलेल्या आणि कोथरूडकरांनी हात दिल्याबद्दल कोथरुडकरांचे हार्दिक अभिनंदन...,happy
वाढदिवसाच्या हार्दिक शुभेच्छा भाऊ,happy
सर्वांना होळी पौर्णिमा निमित्त मनःपूर्वक शुभेच्छा!,happy
ग्रामपंचायत निवडणूकित सर्व जागी भाजपा नंबरचा पक्ष,happy
आपल्याला कार्य करताना बघून कार्यकर्त्यांना बळ आपोआपच मिळत आहे,happy
महाशिवरात्रीच्या हार्दिक शुभेच्छा...,happy
आज तुम्ही आमच्या ज्ञानात भर पाडल्या बद्दल धन्यवाद,happy
साहेब ना वाढदिवस चे हार्दिक शुभेच्छा.,happy
त्यामुळे देशातील सर्वसामान्य लोकांना अपेक्षित नेतृत्व मिळेल अशी अपेक्षा त्यांनी हुशारीने निर्माण केली आहे.,neutral
हो अगदी बरोबर आहे..,neutral
नुतनवर्षाच्या हार्दिक शुभेच्छा.......!,happy
सेवेच्या नावाखाली फसवणूक होऊ नये म्हणून सावधगिरीचे उपाय पोलिसांनी स्पष्ट केले...,fear
"ताई, तुम्ही खुप छान लेख लिहिला आहे.",happy
आपल्या शुभेच्छाचा मनस्वी स्वीकार धन्यवाद ..मनापासून आभारी आहे ./ …,happy
"गोपाळ मदने, यांना वाढदिवसाच्या हार्दिक शुभेच्छा!",happy
"अंतू शेठ , नमस्ते तुमचे दर्शन घडले !! आनंद झाला",happy
मीराबाई चानु यांचे मनःपूर्वक अभिनंदन.. फर्स्ट मेडल,happy
सोलापुर जयंती एकदम भारी असते नेक्स्ट टाईम येणार मी,happy
हल्ली सगळ्यात क्षेत्रात असे डॉ.जैकॉल आहेत जे बरोबर माहिती देऊन जगाला जागृत करत असतात,neutral
आपणास व आपल्या परिवारास नवीन वर्षाच्या हार्दिक हार्दिक शुभेच्छा...! -,happy
।। सर्वमंगल मांगल्ये शिवे सवार्थ साधिके।। ।।शरण्येत्र्यंबके गौरी नारायणी नमोस्तुते।। जय माता दी!,happy
आर्थिकदृष्ट्या स्वतंत्र असल्यामुळे मला आतून आरामदायी आणि बाहेरून आत्मविश्वास वाटतो.,happy
कोजागिरी पौर्णिमेच्या सर्वांना मंगलमय शुभेच्छा.!,happy
नितीनजी प्रकट दिनाच्या हार्दिक शुभेच्छा,happy
भारी एक नंबर आभारी आहे.,happy
निशाणी खूप चांगली आहे... यश मिळेलच!,happy
जिल्हा बिर्याणी? तिथली पण मस्त आहे... डाळ सोबत मस्त टेस्ट असते...,neutral
: रंग दे मोहे रंगरेजवा .//- …,neutral
आपल म्हणणं पुर्ण विचारांती अगदी खर आहे.,neutral
मयेकर महाविद्यालयात लोकमान्य टिळक पुण्यतिथी आणि अण्णा भाऊ साठे जयंती उत्साहात साजरी,neutral
ते पुन्हा एकदा मुख्यमंत्रीपदी विराजमान होणार हे पाहून बरे वाटले.,happy
नाटु नाटू ऑस्कर विनर सॉन्ग :,happy
सर्वाना कळतय उद्दवजींच नेतृत्व जनतेसाठी चांगल आहे त्यामुळे सगळीकडून सपोर्ट मिळतोय,happy
विजयी दिवस... महाबळेश्वर येथे...,happy
सर्वांना महाशिवरात्रीच्या मनःपूर्वक शुभेच्छा.,happy
हे भविष्य घडवायचे आहे आणि त्यासाठी आपण पुरेपूर प्रयत्न करणार,neutral
हे अगदी खरं आहे,neutral
काळ्जी नसावी जनता पाठीशी आहे.,happy
लिखाण मस्त आहे तुमचं,happy
ज्योतिष मार्ग दर्शक व कालसर्प योग पूजा त्रंबकेसवर हर हर महादेव सुप्रभात,happy
खर शिक्षण देणाऱ्या शाळा..ग्रामीण भागाच्या आत्मा आहेत.,happy
"हे विद्यापीठ खरोखरच महान आहे, प्रत्येकाने ते तपासावे",happy
चिमनी या स्थळावरील सगळ्या माझा बंधु आणि बघिनिन्ना रक्षाबंधनाचा हार्दिक शुभेच्छा ।,happy
जाधव उशिरा पण मना पासून प्रकट दिनाच्या हार्दिक शुभेच्छा,happy
"चैतन्य जागविणाऱ्या महारॅलीला उत्तम प्रतिसाद ./-… .,",happy
अत्यंत कमी पल्ल्याच्या हवाई संरक्षण प्रणाली क्षेपणास्त्राच्या उड्डाण चाचण्या यशस्वी,happy
युवा सेना उपजिल्हा प्रमुख अजिंक्य शेंडे यांच्या प्रसंगावधानामुळे जणांचे प्राण वाचले.,happy
होळी पौर्णिमा निमित मंगलमय शुभेच्छा.....,happy
मित्रांनो नक्की वाचा हा लेख...,neutral
महाराष्ट्रासाठी आपली तळमळ आपल्या प्रत्येक कृतीतून दिसून येते.,happy
जबरदस्त गाणं आहे... सैरभैर मन लगेच शांत होते हे गाणं ऐकल्यावर,happy
सुपर... अभिनंदन आणि खूप खूप शुभेच्छा,happy
*होळी पौर्णिमा आणि रंगपंचमीच्या सर्वांना मगलमय शुभेच्छा..*,happy
बरं झालं ती माझ्याशी बोलत नाय...,happy
अन मेगा भरती च गाजर दिल्याबद्दल तुमचं पण अभिनंदन,angry
"साहेब , लाखो गरजूकडून लाख लाख धन्यवाद तुमचे...लोकप्रतीनिधी असावे तर तूमच्यासारखे...",happy
होळीच्या सर्वांना हार्दिक शुभेच्छा,happy
गृह खाते सांभाळण्याचे काम अगदी छान करत आहेत. संस्कारी...,happy
ये दुनिया ये मेहफील मेरे काम की नहीं या गाण्याचीही आठवण येते !,sad
गौरीला जागवा खेळ रंगवा... ./-/…,happy
"तुमच्या ""अहिंसेचं"" प्रदर्शन छान आहे",happy
मनःपूर्वक शुभेच्छा..मनिष भाई व किशोर भाई लढाई चालू ठेवा.,happy
लोकप्रतिनिधी असावा तर असा.,happy
या खेळांमुळे अनेक खेळाडूंना पुढे जाण्याची संधी आणि आत्मविश्वास मिळेल.,happy
अभ्यासू आणि कणखर व्यक्तिमत्त्वसर्व गटातील जनतेला समान न्याय देणारा नेता,happy
खूप छान उपक्रम आहे हा,happy
बरे वाटते लेखकांनी कौतुकाची थाप मारली की,happy
आपणांस नवीन वर्षाच्या खुप खुप शुभेच्छा,happy
नव्या वर्षात सर्वांचे स्वागत....,happy
"सामाजिक बांधिलकी जपली च पाहिजे, छान निर्णय घेतला.",happy
मराठी भाषेत सेवा सुरू केल्या बद्दल मनापासून आपले धन्यवाद.,happy
"लातूरच्या यात्राची जल्लोषात सुरु, भाविकांचा महासागर... ./",happy
"यांची नेतृत्व क्षमता मोदीजींनी ओळखली, त्यांची अर्थमंत्री म्हणून नियुक्ती!",happy
डोंगर कपारीतील मुलांसाठी असलेली आमची आश्रम शाळा येथे माझा वाढदिवस सर्व मुलांनी उत्साहात साजरा केला,happy
होळी पौर्णिमा मराठी संस्कृती ची आठवण करून देणार वातावरण. / / वादळ वारा,happy
लोक विकास संघटना यांच्या कामांची दखल घेतल्या बद्दल दैनिक केसरी चे आभार,happy
चांगल्या कामाचं कौतुक व्हायलाच हवं .//…,happy
जय महाराष्ट्र साहेब शिवसैनिक सदैव आपल्या सोबत आहोत साहेब,happy
काळजी घ्या... घरीच रहा.जीवन अनमोल आहे...,fear
"दयाबेनला घशाचा कॅन्सर नाही; जेठालाल म्हणाले, “सकाळपासून...''",happy
जन्मदिवसा ची हार्दिक शुभेच्छा श्रीमंत महाराज ज्योतिरादित्य सिंधिया।,happy
वाढदिवसाच्या हार्दिक शुभेच्छा अनिकेत भावा..,happy
सर्व भाविकांना महा शिवरात्रीच्या हार्दिक शुभेच्छा.......!,happy
सगळ्या कुन फाया कुन प्रेमींना शुभ रात्री,neutral
"जीं, वाढदिवसाच्या हार्दिक आणि मनःपूर्वक शुभेच्छा !! जय श्रीराम",happy
साहेब आम्ही आपल्या सोबत आहोत जय महाराष्ट्र,happy
अभिनंदन ताई ...! लवकरच होणाऱ्या साठी शुभेच्छा..!,happy
बरीच हिम्मत केली बातमी द्यायचीअभिनंदन,happy
तू सुंदर आहेस आणि सम्राटाचा सर्व सन्मान आहे!,happy
सर्वांना नुतन वर्षाच्या हार्दिक शुभेच्छा..!,happy
सर्व पोलिस दला चे अभिनंदन,happy
सर तुम्ही सत्याच्या बाजूने बोलताय म्हणून एवढा प्रतिसाद मिळतोय,happy
सामान्य जनतेसाठी अख्खे मंत्रालय खुले जनतेत राहून जनतेच काम करणारा जाणता राजा,happy
"खूपच सुंदर सर,अशी माणसे आणि त्यांचं मोलाचं मार्गदर्शन भेटायला नशीब लागत",happy
"महागाईत मिळणार दिलासा! दिवाळीपूर्वी कांदा होणार स्वस्त, केंद्र सरकारने उचलले मोठे पाऊल",happy
"पोरांना पण चांगले वाटले.. दिवस वेगवेगळ्या रंगाचे कपडे घातले, आनंद वाटला.",happy
जय भारत जय आयुर्वेद ./_/…,happy
व्याघ्र प्रकल्पात म्हणजे जंगल सफारीत चार वाघ एकत्र दिसणे यासारखी पर्वणी नाही!,happy
अभिनंदन पार्टी कधी देणार आहे मंग .//…,happy
एकदा हा लेख सर्वांनी वाचा प्रति मा उद्धव ठाकरे साहेब जय महाराष्ट्र,happy
खरंय… राजकीय विरोध असला तरी कधीच कोणावर पातळी सोडून टिका केली नाही.,happy
चित्रपटाने घडवला इतिहास; 'नाटू नाटू' गाण्याला ऑस्कर,happy
हे पाहण्याचं भाग्य आमच्या डोळ्याला लाभलं हे भारी झालं,happy
गुजरातमध्ये झालेल्या राष्ट्रीय खेळांनी खेळाडूंच्या मनावर आणि मनावर अमिट छाप सोडली आहे.,happy
नववर्षाच्या हार्दिक शुभेच्छा!!./,happy
राष्ट्रकुल क्रिडा स्पर्धेत भारताला पहिले सुवर्णपदक..! मीराबाई चानू यांनी भारताची मान उंचावली.,happy
*पी. व्ही. सिंधु ला बैडमिंटन मधे रौप्य पदक*,happy
सावित्रीबाईंनी जोतिबांना लिहिलेली दुर्मीळ पत्रं .//-…,happy
शिंदे असतील पण एकनिष्ठ आहेत ते शिवसेनेशी,happy
"हा भारत जोडोना निराश करण्यात येणार नाही, विरुद्ध केलेले प्रयत्न समृद्धिचे परिणामी होणार असेल",happy
आण्णा एवढ्या छोट्याशा मदतीचीही आठवण आपण ठेवलीत..त्याबद्दल मनापासुन धन्यवाद,happy
केंद्रीय निवडणूक एक स्वायत्त संस्था असून त्यांनी समाजाच्या कल्याणासाठी वस्तुनिष्ठ काम केला आहे,happy
रक्षा बंधन आणि नारळी पौर्णिमेच्या हार्दिक शुभेच्छा!,happy
कापूस खरेदी जास्त प्रमाणात करावी या साठीचे आंदोलनाला यश,happy
"गणेशमूर्ती आमची, किंमत तुमची! आधार प्रतिष्ठानचा अनोखा उपक्रम ./?=",happy
|| ॐ नम: शिवाय || आपणा सर्वांना च्या मन:पूर्वक शुभेच्छा....,happy
लोणारची कुलदैवत माँ कमळजा माताची भव्य मिरवणूक ./-…,happy
युवा पिढीला घेऊन आपण स्वतः च मोठ व्यक्तिमत्त्व सिध्द करा....,happy
बविआच्या फिरत्या कृत्रिम तलावाला वसईकरांचा मोठा प्रतिसाद | ... ./,happy
जगात फक्त एकच गोष्ट शाश्वत आहे आणि ती म्हणजे प्रेम..,neutral
सुप्रभात बाबा .//…,neutral
"देवराई, वनराई प्रकल्पांसाठी अर्थबळ महाराष्ट्र सरकार देणार./-/…",neutral
आज विराट कोहली ‘हा’ मोठा विक्रम आपल्या नावावर करणार !,happy
मुरहारी यंगलवार यांचा शिवरत्न पुरस्काराने सन्मान ./?=,happy
ह्यात व्यंग काय आहे? उत्तम चित्र मात्र नक्कीच आहे,neutral
नक्कीच सहानुभूती वाढली आहे,sad
"मराठी माझी शान, मराठीच माझा अभिमान. जय महाराष्ट्र",happy
"मना मनातील मान, महाराष्ट्राची शान... जय लोकमत",happy
मकर संक्रांतीच्या हार्दिक शुभेच्छा !,happy
उद्धव ठाकरेंच्या उपस्थितीत ‘हा’ बडा नेता आज हाती बांधणार शिवबंधन !,happy
दुर्गसेवक हा अन्यायाविरुद्ध लढतोच आणि लढतच राहणार... कु. अशोक खेत्रे सर,neutral
आज आमच्या लाडक्या यास वाढदिवसाच्या हार्दिक शुभेच्छा...!,happy
"खूप आभार जी, कोल्हापूर जिल्ह्याच्या विकासासाठी अविरत कार्यरत राहूया ./_…",happy
गवळी परिवारातर्फे नविन वर्षाच्या हार्दिक शुभेच्छा,happy
"अभिनंदन सर, तुमच्या मार्गदर्शनामध्ये महानगरपालिकेत नक्कीच यश मिळवू ./…",happy
सोशल मीडिया टीम म्हणून शिवसेनेसाठी काम करताना मला आनंद होईल.,happy
महाशिवरात्री निमित्त सर्व शिवभक्तांना हार्दिक शुभेच्छा..,happy
*होळी (हुताशनी पौर्णिमा) सणामागील शास्त्र* ./__…,neutral
भारत जिंकला रे,happy
चैत्र पौर्णिमा म्हणजेच दिवशी निघणारा,neutral
"जाळता आली तर डोक्यातली ""जात"" जाळ मित्रा, मग संस्कृतीला समतेच्या रंगात खेळ मित्रा",happy
आम्हाला माहिती दिल्याबद्दल धन्यवाद. आम्ही आमच्या विभागाला तक्रारीचे निवारण करण्यासाठी विनंती केली आहे.,happy
कांदा चांगले दिवस आनणार आहे बहुतेक.,happy
तुमची समृद्धी वाढवण्यासाठी उत्साहित आहेत!,happy
विजयी गाथा ।,happy
इंटरॅक्ट गोल्डसिटीच्या विद्यार्थ्यांनी केला पर्यावरण पूरक गणेशाचा संकल्प./ /,happy
कोजागिरी पौर्णिमेच्या हार्दिक शुभेच्छा &; -,happy
"""भिऊ नकोस मी तुझ्या पाठीशी आहे"" जय जय श्री स्वामी समर्थ !!",fear
ताई आपण खूप चांगलि साथ उद्धव साहेबांना देत आहात आपलें कौतुक करावे तितके कमी होणार,happy
स्वाभिमानी शेतकरी संघटनेच्या आमच्या सहकारी संगीता ताई गव्हाणे आपणास वाढदिवसाच्या हार्दिक शुभेच्छा,happy
साहेबांचं टेन्शन कमी केलं तुम्ही.,happy
अमृताला जिंकेल अशी आमची मराठी भाषा मराठी भाषा गौरव दिनाच्या हार्दिक शुभेच्या,happy
रंगपंचमी निमित्त सर्वांना हार्दिक शुभेच्छा..!!,happy
कोणी सांगितले म्हणून देशभक्तीची पावती विकत घेऊ नका. देश तुमचाच आहे विचारपणं स्वतःचेच ठेवा.,happy
सर्वमंगल मांगल्ये शिवे सवार्थ साधिके शरण्येत्र्यंबके गौरी नारायणी नमोस्तुते!!,happy
अभूतपूर्व व ऐतिहासिक निर्णय,happy
सर्वांना होळी आणि रंगपंचमीच्या मनःपूर्वक शुभेच्छा.,happy
"काहि ही असो, पन सजवला मस्त आहे आय लाइक इट",neutral
चांगली सुरुवात चांगला उपक्रम मुख्यमंत्री साहेब,neutral
मकर संक्राती निमित्त सर्वांना हार्दिक शुभेच्छा!,happy
प्रेम बघुन डोळे भरूण आलेत,sad
सातपूर मधील जय बजरंग संस्थेकडून आगळी वेगळी हनुमान जयंती साजरी ./,happy
अमच्या कडून नवदाम्पत्यास आनंदी वैवाहिक जीवनासाठी शुभेच्छा.... ./_ …,happy
सर्वोदय मित्र मंडळाच्या गणेश ही मूर्ती उद्घाटन प्रसंगी,neutral
खूप खूप शुभेच्छा बळी चित्रपटासाठी,happy
हा उत्सव तेवढ्याच उत्साहात आणि श्रद्धेने साजरा होतो.,happy
वाढदिवसाच्या शुभेच्छा आज तिथीनुसार का?,happy
भोकरबारी प्रकल्पाचा आमदार चिमणराव पाटील यांचा प्रयत्नांनी पुनर्भरणाचा श्रीगणेशा./ /,happy
प्रत्येक नवीन दिवस आपल्या जीवनात परिवर्तन घडवण्यासाठी एक चांगली संधी घेऊन येत असतो,happy
भाऊ तू महाराष्ट्राचा ढाण्या वाघ आहे. आम्ही सदैव तुझ्या पाठीशी आहे.,happy
आदरणीय दादा आपणास वाढदिवसाच्या हार्दिक शुभेच्छा,happy
: ‘कोळी समाजाचे शिल्प उभारावे’ ./ /,neutral
"काल, निमित्त प्रवास करण्यासाठी आलेल्या भगिनींनी बद्दल आपली सकारात्मकता व्यक्त केली.",happy
शोध आणि माहिती... वाचनीय!,neutral
तुम्हा सर्वांना होळी आणि धुलीवंदनाच्या शुभेच्छा,happy
जय उत्तराखंड। जय देवभूमि,happy
गुणवंत शिक्षक तयार करण्याचे आव्हान ./ /,neutral
सहमत...हे ताळतंत्र सर्वांनीच पाळले पाहिजे.,neutral
सर्वांना रक्षाबंधन आणि नारळी पौर्णिमेच्या मंगलमय शुभेच्छा !,happy
नविन वर्षा निमित्त आपणास व आपल्या परिवारास हार्दिक शुभेच्छा!!!,happy
जीवनाच्या या वाटेवर आपले सुख अधिक भरभरून मिळो हीच शुभेच्या ।।,happy
आदरणीय आ.श्री. आशुतोष काळे साहेब यांना वाढदिवसाच्या आभाळाएवढ्या हार्दिक शुभेच्छा,happy
खूप सुंदर थ्रेड लिहिलास.या माहितीपूर्वक थ्रेड साठी धन्यवाद,happy
श्री स्वामी समर्थ आपल्या सर्वांचा दिवस आनंदी जावो हिच स्वामी चरणी प्रार्थना...!!,happy
तिची अक्कल किती माहीत नाही पण तुझा लय भारी आहे,neutral
विनायक चतुर्थीचाया हार्दिक शुभेच्छा. गणपती बाप्पा मोरया. मंगल मूर्ती मोरया,happy
भारताचे वे उपराष्ट्रपती म्हणून श्री.जगदीपजी धनखड़ यांची निवड झाल्याबद्दल मनःपूर्वक शुभेच्छा....,happy
देशाचे नवनिर्वाचित उपराष्ट्रपती म्हणून श्री जी यांची निवड झाल्याबद्दल त्यांचे मनःपूर्वक अभिनंदन.,happy
ऋषीपंचमी निमित्त सर्व गुरुजनांना सादर आणि मन:पूर्वक नमन!,happy
हे उत्तम आहे....,neutral
वाढदिवसाच्या हार्दिक शुभेच्छा काका...,happy
सुप्रभात भारत .//…,neutral
मतदार हुशार आहे,happy
पूर्णतः सहमत ! पण अजून बरीच ना़ंव़ आहेत हे पण खरे.,neutral
खूप चांगला निर्णय घेण्यात आला,neutral
तर्फे सर्व नागरिकांना कोजागिरी पौर्णिमेच्या हार्दिक शुभेच्छा!,happy
"हे बघ, हे बघ, हे बघ संस्कार कसे छान वाटत आहेत वाचायला.",happy
"जय बजरंग मित्र मंडळ शिरधाणे प्र.नेर गणपती बाप्पा मोरया, श्री गणेशाय नमा",happy
पाटलांच्या हजारी टप्प्यावर त्यांचे मनःपूर्वक अभिनंदन. तुमचा लढा मोलाचा ठरेल.,happy
…अन् कार्तिकच्या आला जीवात जीव! हाताने बेल्स पाडूनही धोकादायक मॅक्सवेल आऊट? पाहा व्हिडीओ,happy
रब्बी हंगामासाठी पीक स्पर्धेचे आयोजन; सहभागी होण्याचे आवाहन./-…,neutral
‘इस्त्रो’चे अभियान यशस्वी: .// / / …,happy
"मज्जा आहे तुझी,",neutral
महाशिवरात्रीला महारुद्र यज्ञ आणि इतर कार्यक्रमांमध्ये कार्यकर्तेच्या जोडीला,happy
साहेब आपण वारकरी सांप्रदायासाठी नेहमी सकारात्मक निर्णय घेतात,happy
काही अपवादात्मक असतील. पण सगळेच सारखे नसतात ना. अगदी खरं आहे,neutral
वीर मरणाच्या सुवर्ण महोत्सवानिमित्त महावीर चक्र विजेते साळुंखेंना मानवंदना .//-…,happy
"अनुष्का.. बाळा तुझी उत्तरोत्तर अशीच प्रगती होत जावो, हीच सदिच्छा !",happy
आपणा सर्वांना रक्षाबंधन आणि नारळी पौर्णिमेच्या हार्दिक शुभेच्छा!,happy
"बरोबरच आहे, दसरा हा आनंदाचाच सण आहे तो हसराच असावा मिंधे-फोडणवीस सारखा नासका नसावा",angry
सर्व भारतीयांचे हार्दिक अभिनंदन आणि शुभेच्छा जीवन जगण्यासाठी,happy
हे आहे जनतेचे सरकार ..,happy
गणेश उत्सवा निमित्त काक्रंबा वाडीत छोट्या गणेश भक्तांसाठी स्पर्धा कार्यक्रम आयोजित ./-…,happy
हि दिवाळी तुम्हाला आणि तुमच्या कुटुंबियांना सुख समृद्धीची आणि भरभराटीची जावो..!वसुबारस शुभेच्छा,happy
सुप्रभात गुरुजी .//…,neutral
‘केदार शिंदे’ आणि ‘भारत जाधव’ या जोडीने साकारलेली प्रत्येक कलाकृती माणसाला सुखावणारी ठरले.,happy
अमिताभ बच्चन यांच्या निवासस्थानी दरवर्षी होळी उत्साहात साजरी होते.,happy
मुंढे साहेब हे सर्वसामान्यांचे नेते..!!!,happy
: त्रिकुट येथील गोदावरी संगमाच्या स्वच्छतेसाठी ग्रामस्थांचा स्वयंस्फूर्त पुढाकार - - .//,happy
हे अगदी बरोबर आहे सहमत,neutral
‘स्वराज महोत्सव’ अंतर्गत स्पर्धेत कट्टा हायस्कुल आणि ज्युनियर कॉलेजचे यश,happy
हे उद्यान चंद्रपूरचे भूषण होणार आहे,happy
धन्यवाद गौरव !! आपली साथ आयुष्यभर अशीच राहुद्या,happy
उद्धव बाळासाहेब ठाकरे हे व्यक्तीमत्व सच्चे आणि प्रामाणिक आहे. जय महाराष्ट्र.,happy
बरोबर आहे,neutral
मी % सहमत आहे,neutral
शिवसेना सोशल मीडिया टीम सोबत काम करण्यास मी इच्छुक आहे.,neutral
आपल्या शुभेच्छा आणि स्नेहा करीता धन्यवाद भरत जी !,happy
रोज वाघांचे सिहांचे फोटो टाकत असतो भया हे सगळे काय नातेवाईक आहेत काय,neutral
नववर्षाच्या हार्दिक शुभेच्छा साहेब.,happy
इस्रोच्या ‘एसएसएलव्ही डी ’ अग्निबाणाचे यशस्वी प्रक्षेपण ./-/…,happy
"ते असणे ही काही छोटी रक्कम नाही, ती खूपच प्रभावी आहे बाबा, मस्तच!",happy
"डॉ, बाबासाहेब आंबेडकर यांच्या जयंती निमित्त विनम्र अभिवादन, जय भिम, जय भारत",happy
चे मुंबई अध्यक्ष व आमदार मा. श्री मंगलप्रभात लोढाजी यांना वाढदिवसाच्या हार्दिक शुभेच्छा,happy
निवडणुकीत खासदार म्हणून निवडून येतील या प्रार्थना सह वाढदिवसाच्या हार्दिक शुभेच्छा.,happy
विठ्ठल विठ्ठल जय हरी विठ्ठल नमस्कार सचिन ./_/…,happy
"आपणास व आपल्या परिवारास मकर संक्रांतीच्या हार्दिक शुभेच्छा. @ , .// /…",happy
आजचा पिझ्झा जास्त आहे पण कालच्या पेक्षा,neutral
ही पोस्ट शेअर केल्याबद्दल धन्यवाद!!!कृपया जास्तीत जास्त मदत करा,happy
ताई न्यायालयीन लढाईत विजय झाला. आता जनतेच्या लढाईत सुद्धा आपण जिंकणार.,happy
नवीन वर्षात सुबोध-भार्गवीचा प्रेमाचा अनमोल नजराणा !./,happy
"हुश्श, भारत तिसरी वन डे जिंकला, बांगलादेशचा दारुण पराभव./-…",happy
लाडक्या बाप्पाचे करु या स्वागत… गणेश प्रतिष्ठापनेसाठी हे आहेत शुभ मुहूर्त ./--…,happy
ही आयडिया भारी आहे मात्र,neutral
नवीन वर्ष आपण सर्वांना आनंदाचे भरभराटीचे जावो हीच ईश्वरचरणी प्रार्थना...,happy
देशाचा प्रधानमंत्री आहे हा माणूस,happy
"विरोधकांचे खच्चिकरण करण्यासाठी देशातील कायद्याचा उपयोग कसा करायचा याचे हे उत्तम उदाहरण आहे ,",angry
अरे इकडे लोक पहिलेच नियम पाळत नाहीत आणि यामुळे अजून आनंदी आनंद होणार,angry
महाराष्ट्राचा कटप्पा आणि भाल्लालदेव यांनी मिळून बाहुबली सिनेमा सत्यात उतरवला आहे,happy
विजयस्तंभास मानवंदना देण्यासाठी... ./ ?,happy
आपणा सर्वांना कोजागिरी पौर्णिमेच्या निरामय शुभेच्छा!,happy
आदरणीय भाऊ तोरसेकर साहेब यांचे सर्व व्हिडीओ खूप अभ्यासपूर्ण असतात.,happy
वाढदिवसाच्या हार्दीक शुभेच्छा....स्पृहा ...आजकाल रिप्लाय येत नाही..हेच दुंख..,sad
अभिमान आहे आपला सर्व मराठी माणसांना,happy
जय हो लोकमत...आपुलकी जिव्हाळ्याचे प्रतीक...,happy
वाढदिवसाच्या हार्दिक शुभेच्छा दादासाहेब,happy
नवीन जबाबदारी मिळाल्याबद्दल आपले हार्दिक अभिनंदन व पुढील वाटचालीस शुभेच्छा,happy
दादा नवीन वर्षाच्या मंगलमय शुभेच्छा !!,happy
पुढचा निवडणुकीत... ड्रेनेज खुले आहे... करेक्ट कार्यक्रम होणार आहे...,neutral
भारताचे वे उपराष्ट्रपती म्हणून श्री.जगदीप धनखड़ यांची निवड झाल्याबद्दल त्यांचे मनःपूर्वक शुभेच्छा....,happy
आदरणीय साहेब सदैव सोबत आहोत.. काळजी घ्या साहेब.. जय महाराष्ट्र,happy
खर्या हिंदुत्ववादी एकनाथ शिंदे साहेबांच्या हातात योग्य चिन्ह आणि पक्ष आहे....,happy
"हि सर्व गर्दी निष्ठावंत कार्यकर्ते ,बौद्ध समाजावर प्रेम करणाऱ्या अनुयायांची आहे.",happy
राहुल गांधी यांची ही पदयात्रा इतिहास घडवल्यशिवाय राहणार नाही..,happy
तो एक वकील आहे जो आपल्या ग्राहकांना न्यायालयात मदत करण्यास तयार आणि आत्मविश्वासाने तयार आहे.,happy
"सर्व शेतकऱ्यांना परमेश्वर भरभरून धान्य, धान्याला भाव आणि समृद्धी देवो",happy
ओम जय शिव ओंकारा सुप्रभात नमस्कार,happy
विद्यार्थांचे हित लक्षात घेवून विद्यार्थांना दिलासा दिल्याबद्ल विद्यार्थी संघटना पूणे कडून धन्यवाद,happy
औंढा नागनाथ मंदिर येथे महाशिवरात्रीनिमित्ताने रथोत्सवाचे आयोजन करण्यात येते ../-/…,happy
शिवसेना परिवारात आपले हार्दिक स्वागत .//…,happy
वाढदिवसाच्या हार्दिक शुभेच्छा भाऊ!,happy
"नक्की या, आम्ही तर केव्हा पासून वाट पाहतोय.",happy
पंतप्रधान श्री.मोदीजीच्या वाढदिवसांनिमित्त आंगणवाडी दत्तक योजना सानपाडा येथील बालक मंदिरात साजरा करण्यात आला.,happy
ज्यांना खरोखर ज्ञान पाहिजे त्यांच्यासाठी चांगला निर्णय आहे.,neutral
अविनाश भाऊ हजारे आणि सुरज भाऊ आढाव दोन्ही भावांना वाढदिवसाच्या हार्दिक शुभेच्छा,happy
"आयुर्धनं शुभ्रयशोवितानं, निरामयं जीवनसंविधानम्। समागतो होलिकोत्सवोऽयं, ददातु ते मांगलिकं विधानम्।।",happy
| शेअर मार्केटमधील घसरणीदरम्यान ‘या’ कंपनीचा स्टॉक पोहोचला पंधरा वर्षांच्या उच्चांकावर,happy
नविन वर्षाच्या हार्दिक शुभेच्छा दादा...,happy
भाई अभिनंदन व भावी यशस्वी वाटचालीसाठी हार्दीक शुभेच्छा,happy
धन्यवाद भाऊ आणि नूतन वर्षाच्या हार्दिक शुभेच्छा...,happy
": गुरुवारचे व्रत जीवनात घेऊन येते सुख-समृद्धी, उपासना विधी आणि महत्त्व",happy
राज्य शासनाची महती सांगणारी समावेश दिनदर्शिका डिजिटल रुपात उपलब्ध करुन देण्यात आली आहे.,neutral
शुभ प्रभात प्रितो ./___ /…,neutral
मकर संक्रांतीच्या शुभेच्छा!,happy
आनंदाची बातमी : गुंठेवारीतील लाखो बांधकामांसदर्भात महत्वाचा निर्णय ..//…,happy
हा आवाज मनाला अगदी शांती देऊन गेला,happy
खूप खूप अभिनंदन वर्षाच्या निरंतर कार्याला,happy
घेतलेली माघार ही एका सच्चा शिवसैनिकाला दिलेली आदरांजली आहे,happy
मीही त्याच मताचा आहे..,neutral
सर्व देशवासी बांधव व बघिणींना महाशिवरात्रीच्या हार्दिक शुभकामना,happy
अभिनंदन मॅडम आणि पुढील प्रवासासाठी खूप खूप शुभेच्छा!,happy
सर्व हिंदु धर्मप्रेमींबांधवांना शिवप्रताप दिनाच्या मनःपूर्वक शुभेच्छा,happy
दादा…आपनास वाढदिवसाच्या मनःपूर्वक शुभेच्छा. आपणांस निरोगी असे दीर्घायुष्य लाभो हीच सदिच्छा.,happy
महाशक्ती च्या साह्याने पण जिकवू शकतात..,neutral
मराठवाड्याच्या युवकांची व्यवसायाकडे वाटचाल म्हणजे मराठवाड्याच्या विकासासाठी महत्त्वाची अशी संधी आहे.,happy
"संजीव कुमारच्या निधनानंतर शत्रुघ्न सिन्हा म्हणाले होते, ‘तुझे उपकार आयुष्यभर विसरणार नाही’",happy
धन्यवाद स्वराज्याचा अमूल्य ठेवा जपण्यास आपण जो हातभार लावत आहात त्याबद्दल मनःपूर्वक जय शिवराय,happy
वाढदिवसाच्या हार्दिक शुभेच्छा महादेव का आशीर्वाद बना रहे.,happy
"या रेशमी धाग्यात रंग आहे प्रेमाचा.. वात्सल्य, प्रेम आणि जिव्हाळ्याचा..",happy
"घरी आल्यावर सगळ्यात आधी ""आईला"" शोधणे, हां हे ही ""प्रेम"" आहे..!",happy
रक्षाबंधन आणि नारळी पौर्णिमेनिमित्त सर्वांना हार्दिक शुभेच्छा!,happy
तुझ्या कमेंट्स साठी तुला एक नोबेल पारितोषिक द्यायला हवे..,happy
शिंदे साहेब वाढदिवसाच्या हार्दिक शुभेच्छा,happy
गजाभाऊंची कृपा...,happy
सर्वांना महाशिवरात्रीच्या मंगलमय शुभेच्छा!,happy
"आख्खा महाराष्ट्र वाट पाहतोय, हा चिमुकला आता अजय-अतुलच्या संगीतावर कोणतं गाणं गाणार",happy
"महत्वाचे म्हणजे ""गंगाधर च शक्तिमान आहे""",happy
या प्रदेशांमध्ये मुबलक पीक उत्पादनासाठी अनुकूल परिस्थिती आहे,neutral
पश्चिम महाराष्ट्रातील शेतकरी ऊस या पिकामुळेच समृध्द झाला आहे . हे मात्र नक्की,happy
पिंपरी चिंचवड मधील औंध ते रावेत हा मार्ग मस्त आहे,neutral
ही दिवाळी स्वदेशी व हलाल मुक्त उत्पादन वापरून साजरी करुया.,happy
हे बरोबर आहे,neutral
उगाच नाही मी पेरुवर जीवापाड प्रेम करत....,happy
स्वर्गलोकातुन उतरलेला आनंद तुम्ही उपभोगत आहात.,happy
ही हिरवी पिलावळे ठेचून काढावी...!! जय जय भारत,angry
"विभागीय आयुक्त, जिल्हाधिकाऱ्यांसह अधिकारी व कर्मचाऱ्यांना मिळाले हे नऊ पुरस्कार ./--…",happy
शिवसेना कुटुंबात आपले स्वागत तसेच पुढील सामाजिक आणि राजकीय वाटचालीस शुभेच्छा,happy
नेहमीसारखाच बौद्धिक भूक भागविणारा सुंदर अनुभव...,happy
विराट रोहित नाही तर भारताचा 'हा' खेळाडू आहे हा फॅन्स फेवरेट! ऑटोग्राफसाठी एकच गदारोळ,happy
नविन वर्षाच्या हार्दिक शुभेच्छा..,happy
तक्रारीची योग्य ती दखल घेऊन गणेशोत्सवापूर्वी रस्त्याचे डांबरीकरण केल्याबद्दल यांचे हार्दिक आभार,happy
आपण मला फॉलोबैक दिल्या बदल आपले मनपूर्वक आभार,happy
नवीन अध्यक्ष लवकरच सापडेल आणि विलंब होणार नाही,neutral
"आपल्या डरकाळी ने अक्ख जंगल थर कापत होते,अभिनंदन .//…",happy
तुम्ही उचललेल्या पावलासाठी अभिनंदन आणि खुप खुप शुभेच्छा,happy
रक्षाबंधन आणि च्या सर्वांना हार्दिक शुभेच्छा ....,happy
माणसाची ... वृत्ती आणि दृष्टी खूप लवकर बदलते...!!! शुभ सकाळ,neutral
मी गोदरेज देत असलेल्या ऑफरच्या प्रेमात आहे.. अप्रतिम!,happy
दादा सेलेब्रिटी पेक्षाही मोठा माणुस मनाने मनपुर्वक अभिनंदन,happy
झी मराठीच्या सर्व प्रेक्षकांना कोजागिरी पौर्णिमेच्या मनःपूर्वक शुभेच्छा...!!,happy
"महाराष्ट्राचे लाडके नाटककार बाळकृष्ण हरी तथा बाळ कोल्हटकर हे उत्कृष्ट कवी, अभिनेते आणि दिग्दर्शक होते.",happy
नाटू नाटू' गाण्याला मिळाला ऑस्कर अवॉर्ड!,happy
आपले खूप खूप स्वागत आहे लातूरात,happy
मा. श्री राजेश कुमार आपणास वाढदिवसाच्या हार्दिक शुभेच्छा,happy
महाशिवरात्री निमित्त सर्वांना मंगलमय शुभेच्छा..!!,happy
आपणा सर्वांना नवरात्रीच्या व घटस्थापनेच्या हार्दिक शुभेच्छा...,happy
जागतिक वारसा दिनचला मिळून जतन करूया ऐतिहासिक महाराष्ट्राचे!!,happy
आयुष्य समृद्ध करणारे थ्रेड! ./…,neutral
आपल्या सर्वांना होळी पौर्णिमा आणि धुलीवंदनच्या मनःपूर्वक शुभेच्छा...!,happy
रत्नागिरी शहर व्यापारी महासंघ संचालित वैकुंठरथाचे भैरी बुवाच्या साक्षीने लोकार्पण,neutral
साक्षीला उशिरा का होईना पण आमच्याकडूनही वाढदिवसाच्या शुभेच्छा.,happy
आमच्या मराठवाड्या चा हिरो रितेश देशमुख यांना वाढदिवसाच्या हार्दिक शुभेच्छा,happy
निवडणूक आयोग आणखी स्वतंत्र आणि सशक्त करा. ईडी पेक्षा स्वतंत्र,neutral
भावी अर्थमंत्री देशाचे उद्धवजींच्या मंत्रिमंडळात नक्की होणार,neutral
तू आनंदी पण आहेस सहभागी पण,neutral
"या शहरातील यूजर्संना सर्वात आधी मिळेल , फ्री डेटाही मिळणार",neutral
मळेवाडमधील पाच महिलांना उज्वला गॅसचे वितरण ./,neutral
पोटनिवडणुकीतून माघार ही म्हणजे च्या निवडणुकीसाठी केलेले उपकार आहेत.,neutral
प्रथम पूज्यनिय गणरायाचे आगमन,happy
"तिळगुळ घ्या आणि गोड गोड बोला, मकर संक्रांतीच्या हार्दिक शुभेच्छा",happy
वाढदिवसाच्या हार्दिक शुभेच्छा....!,happy
... चेहऱ्यावर सारखं एक प्रसन्न हसू,happy
कधी वाटलं नव्हतं सुप्रीम कोर्टा च्या पाहता येतील. जबरदस्त आहे हे.,happy
खूप छान माहिती दिली आहे सर.. रमेश जाधव सोलापूर,happy
भारताची बॅडमिंटन स्टार पी.व्ही.सिंधू ने 'सुवर्णपदक'मिळवले. अभिनंदन!,happy
अशीच प्रगतीचा वेग चालू राहू दे.... खुप खुप शुभेच्छा,happy
विजय दिवस निमित्ताने सर्व देश वासीयांना हार्दीक शुभेच्छा,happy
नवीन वर्षाच्या आपणास व परिवारास हार्दिक शुभेच्छा..,happy
कधीचा आहे फोटो सर? एकदम फ्रेश.,neutral
हर हर महादेव..... महाशिवरात्री दिनानिमित्त सर्व शिवभक्तांना हार्दिक शुभेच्छा....!!,happy
रंगपंचमी महाकाल / /,neutral
चित्रा ताई वाघ नवीन चेहरा आक्रमक आणि अभ्यासपूर्ण वक्तव्य.,neutral
प्रातः स्मरामि भवभीतिहरं सुरेशं गङ्गाधरं वृषभवाहनमम्बिकेशम् । खट्वाङ्गशूलवरदाभयहस्तमीशं संसाररोगहरमौषधमद्वितीयम् |,neutral
‘माहेश्वरी’च्या वतीने भागवत कथा समारोहाचे आयोजन ./_,neutral
आपल्या सर्वांची अश्मयुगात वाटचाल करून देऊन मास्टरस्ट्रोक मारल्याबद्दल यांचे हार्दिक अभिनंदन,happy
नांदूर पठार येथे जन्मभूमी युवा प्रतिष्ठानच्या वतीने महावृक्षारोपण अभियान ./ #,neutral
वर्कर्स युनियन व कंपनी व्यवस्थापन यांच्यात झालेल्या करारामुळे कामगारांमध्ये आनंद ./-…,happy
या सात्त्विक ऊर्जा चे त्रिवार अभिनंदन,happy
मकर संक्रांतीच्या सर्वांना हार्दिक शुभेच्छा..,happy
"आरव जी छान विश्लेषण केलेले आहे, हिंदुत्व म्हणजे बाळासाहेब ठाकरे यांचीच विचारसरणी",happy
अत्यंत ही प्रेरणादायक,happy
आहे कोणीतरी पण तो मी नाही.... ही गोष्ट माझ्या पेक्ष्या तिला जास्त आवडते...,neutral
श्री आनंद महिंद्रा कडून बसस्टॉप चे कौतुक,happy
भारतीय चित्रपटांसाठी दोन ऑस्कर.,happy
"पण सौंदर्यात खरच वाढ होते आहे, अभ्यासकांना लक्षात येईल..",neutral
"बदल घडत असतो, एकाने योग्य मार्गाने सुरुवात केली तरी. तुमचे अभिनंदन सर",happy
खूप खूप शुभेच्छा.... नक्कीच महत्वाचा दिवस आहे,happy
फडणवीस साहेबांनी केवळ तासांचे सरकार घेऊन सकारात्मक विचारधारा निर्माण केली.,neutral
नवीन सीझन सर्वोत्कृष्ट असेल हे पाहण्यासाठी खूप उत्सुक आहे,happy
"आपल्यामुळे कोणाच्या डोळ्यात अश्रू येत असतील तर जीवन व्यर्थ आहे, पण आपल्यासाठी जर कोणाच्या डोळ्यात अश्रू येत असतील तर जीवन सार्थ आहे....",neutral
क्रांतीसुर्य बहुदेशिय सेवाभावी संस्थेचे. उपाध्यक्ष यांना वाढदिवसाच्या मंगलमय शुभेच्छा...!,happy
ही आयसीयू वार्डात मुलांच्या लहान वैयक्तींनी सुरक्षित राहण्याची पूर्ण प्रयत्न केली आहे,neutral
फडणवीसांनी याला चांगली पाचार घातली आहे त्यामुळे हा सारखा ठणा ठण करतोय,neutral
देवेंद्र सरांचे हे एक मोठे योगदान आहे जे इतरांना नक्कीच मदत करेल,happy
होळी पौर्णिमा निमित्त सर्वांना हार्दिक शुभेच्छा!,happy
धन्यावाद.. तुम्हाला पण शुभेच्छा दिवाळी च्या..,happy
आपण सर्वांना होळी पौर्णिमा खूप खुप शुभेच्छा,happy
सर्व शिवभक्तांना महाशिवरात्रीच्या हार्दिक शुभेच्छा !,happy
गोपीनाथ मुंडे यांच्या रिक्त जागेवर उमेदवार दिला होता. लढून पराभूत होणे चांगले.,neutral
एकता स्वीकारूया आणि फाळणी ऐवजी सामाईक जमीन शोधूया,happy
"तेव्हाच तर स्वतःची स्वतःशी, भेट होऊन स्वतःची ओळख होईलआभार धन्यवाद",happy
रक्षाबंधनाच्या आणि नारळी पौर्णिमा आपणा सर्वांना मन:पूर्वक शुभेच्छा....,happy
नाशिकमध्ये शिंदे गटाच्या पहिल्या कार्यालयाचे होणार उद्घाटन,neutral
ठाण्यात उद्यापासून ‘माता सुरक्षित तर घर सुरक्षित’ अभियान .//…,neutral
पैठणच्या संतपीठाचे मराठवाडा मुक्तीसंग्राम दिनी मुख्यमंत्र्यांच्या हस्ते लोकार्पण.. ./-…,neutral
"‘आरआरआर’ने ऑस्कर जिंकल्याचा आनंदात भारतीच्या मुलाने केला जल्लाेश, व्हिडिओ व्हायरल ./--…",happy
सर्वोत्तम आता लाल उपरणे घेऊन मिरवणार.,neutral
अनुभवाचे बोल आहेत ते... लाव रे तो व्हिडिओ,neutral
श्री हनुमान जन्मोत्सव दिनाच्या सर्व भक्तांना हार्दिक शुभेच्छा जय श्री राम,happy
जय खापरीदेव क्रिडा मंडळक्रिकेट सामने मंडळास सदिच्छा भेट,happy
ही खरोखरच आश्चर्यकारक बातमी आहे आणि दोघांना एकत्र पाहण्यासाठी मी खूप उत्सुक आहे.,happy
पारदर्शक प्रशासक म्हणून आपला कारभार नक्कीच कौतुकास्पद होता आणि आजही आहे.,happy
आपणा सर्वांना नववर्षाच्या हार्दिक शुभेच्छा,happy
मकर संक्रांत निमित्त आपणांस व आपल्या परिवारास हार्दिक शुभेच्छा ! .,happy
बदल्याच्या हार्दिक शुभेच्छा…,neutral
दिवाळीनिमित्त कार घेण्याचं प्लॅनिंग करत असाल तर हा आहे उत्तम पर्याय,neutral
मला चाॅकलेट नाही आवडत पण हे एकमेव चाॅकलेट आहे जे आवडते,neutral
महाराष्ट्र पोलीस वर्धापनदिन च्या हार्दिक शुभेच्छा !!,happy
होळी पौर्णिमा निमित्त हार्दिक शुभेच्छा..! . .,happy
"परात्पर गुरु डॉ. आठवले यांचे तेजस्वी विचार , .// …",happy
नविन वर्षाच्या खूप सा-या शुभेच्छा भाई,happy
नवीन वर्षाच्या हार्दिक शुभेच्छा...,happy
चला सर नक्की आपण एकत्र येउन करु हे चांगल काम. ./…,neutral
सादर प्रणाम जय महाकाल सुप्रभात,happy
नवीन वर्षाच्या हार्दिक शुभेच्छा ...,happy
त्यांच्या या निरागस प्रार्थनेमुळंच तर हे जग जिवंत आहे! /,happy
"सर खूप छान भेट,आपणास अक्षय तृतीयेच्या मनःपूर्वक शुभेच्छा",happy
नवीन वर्षाच्या आपल्याला व आपल्या परिवाराला हार्दिक शुभेच्छा,happy
"एका साधकाची ही शिक्षणयात्रा-जेवढी उद्बोधक, तेवढीच प्रेरणादायी… /",happy
नाना वाढदिवसाच्या हार्दिक शुभेच्छा...,happy
होळी च्या हार्दिक शुभेच्छा.. #,happy
“घरपरतीच्या वाटेवरती..” ने काळजात विशेष जागा मिळवली आहे. शुभ्र कळ्यांसाठी धन्यवाद,happy
मनापासुन अभिनंदन साहेब आणि भावी वाटचालीसाठी मनस्वी शुभेच्छा...,happy
"हा उत्तम व्यवहार नाही, हमेशा अनुभव, समर्पण आणि सहमतीची प्रयत्न करा",neutral
बेहतरीन जुगलबंदी .... वाह वाह वाह,happy
माझ्या सर्व कोकणी पोरांना आणि कोकण कन्यांना मैत्री दिनाच्या हार्दिक शुभेच्छा!!!,happy
भारत जोडो यात्रा चा परिणाम दिसतोय भारत जोडो यात्राची यशस्वी वाटचाल चालू आहे.,happy
"अभिजीतभाऊ नविन वर्षाच्या आपणास, व समस्त औताडे परीवारास् , आमच्या कडून हार्दीक शुभेच्छा",happy
सर्वोत्तम आणि मनमोहक प्रवास 'पावसाळ्यातील रोड ट्रिप',happy
मंगेश पाडगांवकरांना सलाम,happy
राहुल गांधी यांच्या 'भारत जोडो' यात्रेचे हे फलित असावे.,happy
त्यांच्यासोबत त्यांचे समर्थक पण तेच करत होते. सरकार बदलल्यापासून साहेब खूपच समजूतदार झालेत.,neutral
स्वगृही बाप्पाचे आगमन व स्थापना...,happy
अत्यंत ही सुंदर राधे राधे,happy
"खरं आहे, ही सहानुभूती नाहीच मुळी, हा निष्ठेचा ज्वालामुखी आहे",happy
आम्ही वंचित विद्यार्थ्यांसाठी हा एक यशस्वी कार्यक्रम बनवण्याची आशा करतो,neutral
पैशांमध्ये आपल्याला कोणतीही कमी नाही,happy
देशाचे नवनिर्वाचित उपराष्ट्रपती म्हणून श्री जी यांची निवड झाल्याबद्दल त्यांचे मनःपूर्वक अभिनंदन!,happy
स्पेस वर झालेल्या चर्चे नंतर ही बातमी नक्कीच उत्साह वर्धक आहे,happy
वाढ दिवसाच्या मंगलमय हार्दिक शुभेच्छा,happy
"होय, अजून ऐक कोरोना काळात त्यांनी कार्य देखील उत्तम केले आहे",happy
व्यक्त व्हायला कशाला घाबरायचं . कोणाच्या भावना आपण दुखवत नाही तोवर .,neutral
"हो, हे त्यांनी पण मान्य केलं आहे सर",neutral
शंभो शंकरा !!!!!!!!!!!!!!!!!!,happy
जबरदस्त खुप महत्त्वाचे विषय खुप आभ्यासू व आक्रमक पणे मांडले साहेब तूम्ही,happy
"सर,आपले विचार खूप प्रेरणादायी व मार्गदर्शक आहेत. मराठी ./",happy
भाजपच्या सरपंचाला उचला आता,angry
मग अजुनही वेळ गेलेली नाही काळी पिशवी.....मरगळ तर हटवीच व चैतन्याचा झरा ही देईल...,neutral
रत्नागिरीकरांच्या या सक्रीय सहभागाबद्दल बॅरिस्टर सावरकरांनीही आनंद व्यक्त केला.,happy
हो. आवडला आपल्याला. चांगला मेसेज होता त्यात.,neutral
तिळगुळ घ्या गोड गोड बोला...!!!,happy
इगो आणि अहंकार जपण्यापेक्षा नातं जपलेलं कधीही चांगलं,happy
खुप छान पद्धतीने महाराष्ट्राची काळजी घेतल्याबद्दल,happy
दाही दिशा उजळवणाऱ्या स्त्री शक्तीला सलाम....,happy
हे तीन शेट्टी कन्नड सिनेमा एका वेगळ्या उंचीवर नेऊन ठेवतील हे नक्की.,happy
याशिवाय या उत्पादनांची देशभर प्रसिद्धी होणार आहे. या विशेष सन्मानाबद्दल डाक खात्याचे मनापासून आभार.,happy
पुरणपोळी खाऊन बघा भारी लागते...!,happy
जय गोविंदा,happy
आजपासून सुरू होणाऱ्या आनंदमय सुखमय दिवाळीच्या सर्वांना हार्दिक शुभेच्छा,happy
हा चेहरा देशात परिवर्तन आणणारच,happy
ही काही राजकिय संस्कृती नाही ही तर राजकीय चमत्कृती,happy
छान माहिती दिली आहे,neutral
शुभ होळी,happy
तुम्ही भक्कम बाजू मांडली त्याबाबद्दल तुमचे अभिनंदन आणि आभार! .//…,happy
नववर्षाच्या सर्वांना मनापासून शुभेच्छा,happy
भाई वाढदिवसाच्या हार्दिक हार्दिक शुभेच्छा,happy
साहेब आपण खूप चांगले काम करत आहात,happy
"डोळे पांढरे करणारे पॅकेज, प्रत्यक्ष पाहिले. धन्यवाद. ./_ …",happy
हा विजय फार महत्वाचा आहे जय महाराष्ट्र,happy
त्यागमूर्ती मातोश्री रमाई माऊली यांच्या चरणी कोटी कोटी प्रणाम,happy
तलवारीने नाचणे हे क्रेटेरिया संस्कृतीचे वैशिष्ट्य आहे. ते करत असताना घाबरण्याची गरज नाही. मस्त आहे ना?,happy
धुळवडी च्या खुप खुप शुभेच्छा,happy
कोजागिरी पौर्णिमेच्या हार्दिक शुभेच्छा. .,happy
आपण खुप खुप सुंदर आहात आणि मला अभिमान आहे की आपण मराठी आहात,happy
अंधेरी पूर्व विधानसभा पोटनिवडणूक शांत आणि निष्पक्ष वातावरणात होणार,neutral
हिंदू कॅलेंडरनुसार फाल्गुन महिन्यात येणाऱ्या पौर्णिमेला फाल्गुनी पोर्णिमा म्हणतात फाल्गुनी पौर्णिमेच्या हार्दिक शुभेच्छा,happy
मित्रांनो ही पोस्ट जास्तीत जास्त शेयर करा नरकेचा बहिष्कार करा,angry
भावपूर्ण श्रद्धांजली..आपल्या दुःखात सहभागी आहोत.,sad
धन्यवाद.आम्ही दोघांनी मध्यंतरी दुर्गा सप्तशती शिबिर केलं.गीता शिकायला नक्कीच आवडेल,happy
वाढदिवसाच्या हार्दिक शुभेच्छा साईनाथजी,happy
तुमच्या चुकांमधून मौल्यवान धडा शिकलात,happy
धमक्यांना न घाबरता मूळ मुद्दा आक्रमकपणे पूढे पूश करताय .सलाम !,happy
नारळी पौर्णिमा आणि रक्षा बंधनाच्या हार्दिक शुभेच्छा ...,happy
: पुरुषांच्या खंबीर पाठिंब्यामुळेच महिला सर्व क्षेत्रात यशस्वी प्रार्थना बेहरे ./--…,happy
डॉ सर्वपल्ली राधाकृष्णन पुण्यतिथि: विशिष्ट विद्वान द्वारा प्रेरणादायक उद्धरण .//-…,happy
धन्यवाद भाऊ आपली साथ आमच्या सर्व कामात आसती आपले मनापासून आभार,happy
या गाण्यात कतरिना कैफ अप्रतिम आहे आणि मी या चित्रपटाची आतुरतेने वाट पाहत आहे.,happy
"आणि ची सर्विस लवकरच या शहरात सुरू होणार, पाहा लिस्ट",neutral
नरवीर तानाजी मालुसरे यांच्या पवित्र स्मृतीस विनम्र अभिवादन व मानाचा मुजरा.,happy
धन्यवाद दादा...आणि नूतन वर्षाच्या हार्दिक शुभेच्छा...,happy
असेच वेळोवेळी आपले मार्गदर्शन आम्हाला भेटत राहो याच अपेक्षा.. धन्यवाद,happy
"बाप्पाच्या आगमनाची तयारी तर झाली,आता आतुरता त्याच्या येण्याची आहे...",happy
लग्नाच्या वाढदिवसाच्या हार्दिक शुभेच्छा वाघ काका व काकू,happy
पुढच्या जन्मी ह्याच मातीत आणि ह्याच स्वर्ग असलेल्या कोकणात माझा जन्म होउदे महाराजा..,happy
(मा.संचालिका महाराष्ट्र राज्य)आपल्याला जन्मोत्सवाच्या मनःपूर्वक हार्दिक शुभेच्छा..!,happy
"काळे, पांडे कुणालातरी पाठवा आतमधी मजा येईल.. पक्षाचे नाव पण होईल..",neutral
लोकशाहीर अण्णाभाऊ साठे यांच्या जयंती निमित्त हार्दिक शुभेच्छा,happy
घटस्थापना व नवरात्री उत्सवाच्या हार्दिक शुभेच्छा!,happy
महाशिवरात्री निमित्त सर्वांना हार्दिक शुभेच्छा..!!,happy
"गुढी उभारू आनंदाची, समृद्धीची, आरोग्याची, समाधानाची आणि उत्तुंग यशाची, हिंदू नव वर्षाच्या,गुढीपाडव्याच्या हार्दिक शुभेच्छा!",happy
"सामाजिक बांधिलकी जपणाऱ्या डॉक्टरांच्या सदैव पाठिशी,,./",happy
याला पण धन्यवाद,happy
अतिशय योग्य निर्णय हा आमच्या गावातील 'हरी' चा सन्मान आहे.,happy
लग्नापुर्वीच्या विधीसाठी अभिज्ञाचा हा गोड अंदाज तुम्हाला नक्कीच आवडेल ../-…,happy
व्वा काय निरेक्षण आहे पोरी तुझ पण बरोबर आहे,happy
पार्टीचे पुरस्कर्ते ह्यांचे हार्दिक अभिनंदन,happy
तुमचं काम सोपं केलं,neutral
वाढदिवसाच्या हार्दिक शुभेच्छा भावा..,happy
"दिल्लीतील ही मॅरेथॉन पाहणे हे अगदी अविश्वसनीय आहे, जे सहभागी आहेत त्यांच्यासाठी शुभेच्छा.",happy
आज च्या कार्यालयात विधिवत पूजन करून श्री गणपती बाप्पाच्या मूर्तीची स्थापना करण्यात आली,happy
चंदन पुजाधिकारी वाढदिवसाच्या हार्दिक शुभेच्छा.!.,happy
खूप खूप छान माहिती दिल्या बद्दल धन्यवाद,happy
बाळासाहेबांचं वर्ष जुनं व्यंगचित्र सध्याच्या राजकीय परिस्थितीसोबत अगदी मिळतं-जुळतं आहे.,happy
सेनेत शिल्लक असलेल्या लोकांना हाईप देण्याचा हा एक छोटा प्रयत्न आहे ..,neutral
"अत्यंत गोड,लाघवी,स्मार्ट,नटखट,हुषार अशी सर्वांना मनापासून आवडणारी ऊत्तम अभिनय सादर करणारी परी",happy
एक आणि दुसरा !!,neutral
"कौतुक नावाची एक अशी संजीवनी आहे, जी आत्मविश्वास गमावलेल्यांना पुन्हा जगण्याचं बळ देते...!!! शुभ सकाळ",happy
हीच एक गोष्ट लोकांना खूप आकर्षित करते पण स्वागत असो या आभासी विश्वात,neutral
आपणांस ही नवीन वर्षाच्या हार्दिक शुभेच्छा,happy
श्रीगणेशाच्या आशीर्वादाने जगावर वर्षाव होऊ शकतो आणि शांतता प्रस्थापित होऊ शकते,happy
"महाराष्ट्रात सुख, समृद्धी नांदावी यासाठी खऱ्या अर्थाने प्रयत्न करणारे एकमेव व्यक्तिमत्व म्हणजे देवेंद्र फडणवीस.",happy
"अंत:करणात कितीही संघर्ष असला तरी, चेहऱ्यावर हास्य दाखविणे हाच जिवनातील सर्वश्रेष्ठ अभिनय..!!",happy
"खूप छान संकल्पना आहे, मा. उन्मेष दादा ./…",happy
दानशुर व्यक्तीमहत्व असलेले मा.श्री याना वाढदिवशाच्या हार्दिक शुभेच्छा,happy
उज्ज्वल निकम यांनी योग्य भूमिका मांडली होती...,happy
सुप्रीम कोर्टाचा एक नंबर निर्णय आहे,happy
अतिशय सुखावह बातमी. आमदार आणि मंत्री महोदयांचे मनापासून आभार.,happy
जीवन आपणाला उत्तम मित्र देते... आणि चांगले मित्र आपणाला उत्तम जीवन देतात.,happy
धनुष-ऐश्वर्याचे पॅचअप? अभिनेत्याचे वडील म्हणाले- \'मुलांनी...\',happy
मालक अभिनंदनआज मव्हाची नाहींतर ज्वारीची होऊनच जाऊंदे,neutral
वैद्यकीय अभ्यासक्रम हिंदीतून; मध्यप्रदेश सरकारचा क्रांतिकारी निर्णय!,happy
लाख मोलाचा सल्ला .//…,neutral
अख्या महाराष्ट्राला हसवणारे. हे चेहरे नेहमीच स्मरणात राहतील.,happy
पर्युषण पर्वाच्या खुप खुप शुभेच्छा सुमित भाऊ.,happy
यामध्ये सातत्य राखण्याचा प्रयत्न असेल .धन्यवाद,happy
"मुद्देसुद बोलणार्या म्हणून बद्दल आदर आहे, पण तुम्हीसुद्धा !!!",happy
खूप छान माणसं,happy
आयुष्यात संघर्षाचा वनवास भोगल्यावर सुखाचा राजयोग हा येतोच..,happy
वाढदिवसाच्या हार्दिक शुभेच्छा ज्ञानेश्वर आज तरी जेवलास का नाही?,happy
या दशकातील महानायकाला वाढदिवसाच्या हार्दिक शुभेच्छा अमिताभ बच्चन सर,happy
एक चांगला उपक्रम भावी पिढी साठी आवश्यक व यौग्य निर्णय,happy
तो याला भिक सुद्धा घालत नाही तरीही त्याचा जयजयकार करतो,neutral
सकाळी सकाळी बाप्पाच दर्शन मन कसं प्रसन्न वाटतंय,happy
"श्री राधे-राधे मेम...सुप्रभात,",happy
आपण सर्वांना भेटून रविवार सार्थकी लागला.,happy
धूलिवंदनाच्या हार्दिक शुभेच्छा !! !!,happy
"हो, अगदी खरच अनुभवी आणि नम्र असा महाराष्ट्राला लाभला अनमोल रत्न आमचा मुख्यमंत्री साहेब",happy
तालुक्याच्या गावच्या पदी निवड झाल्याबद्दल हार्दिक अभिनंदन माऊली !,happy
नाटू नाटूला 'ऑस्कर' मिळालं! च्या राजमौलींनी रचला इतिहास ./,happy
"मी या बातमीबद्दल खूप उत्सुक आहे, मी हे पाहण्यासाठी आतुरतेने वाट पाहत आहे.",happy
"हे स्वतः बोलले आहे, आता काळजी करू नका.",neutral
वाढदिवसाच्या हार्दिक शुभेच्छा उपशाखाप्रमुख श्री मारुती चव्हाण व श्री महेंद्र कानडे,happy
व्हागोबा... तुझ्या ट्विट खालचे रिप्लाय पण वाचत जा रे कधीतरी... पोटभर मनोरंजन होईल तुझे...,happy
बाळासाहेब हे फक्त नाव नाही तर महाराष्ट्राची शान आहे,happy
"आता कसं बोललात, पुरस्कार शोभला तुम्हाला सर...",happy
हर हर महादेव सुप्रभात मित्र,happy
जय जय हे...,neutral
सर्वात प्रामाणिक आहे हा । स्वत:लाच उपदेश करतोय !,neutral
बहुत ही अच्छा निर्णय । अपने तो अपने होते है ।जय हो जननायक जी,happy
राधानगरी तालुक्यातील राशिवडे येथे शाहिरी काव्यातून शाहीर रंगराव पाटील यांनी शासकीय योजनांचा जागर केला,happy
कोजागिरी पौर्णिमेच्या सर्वांना हार्दिक शुभेच्छा!,happy
मुंबईची प्रतिमा जपण्यासाठी नागरिक तत्पर! ./-/…,happy
ही श्रींची इच्छा मोदी पूर्ण करत आहेत....,happy
आपल्या विलक्षण कवितांनी मराठी रसिकजनांच्या मनावर अधिराज्य गाजवणाऱ्या शांता शेळके यांना जन्मशताब्दीनिमित्त विनम्र अभिवादन...,happy
बाबासाहेबांच्या विचारांप्रमाणे ही प्रतिकृती मुंबईकरांसाठी निश्चितच प्रेरणादायी ठरेल.,happy
नारळी पौर्णिमा आणि रक्षाबंधनाच्या हार्दिक शुभेच्छा आव्हाड साहेब,happy
ट्रेलर भारी आहे राव चित्रपट आवर्जून पाहायला जाऊ,happy
महाराष्ट्राच्या हास्यजत्रेचा चौकार; आठवड्यातून चार दिवस निखळ मनोरंजन ./-…,happy
गणेशोत्सव निमीत्त सर्व गणेश भक्तांना महाराष्ट्र नवनिर्माण सेनेच्या वतीने सर्वांना हार्दिक शुभेच्छा !,happy
स्वागत वंधन अभिनंदन,neutral
"पैसा कमावतात बाकी गेले खड्ड्यात, सरळ स्वच्छ मनाने काम करणाऱ्या माणसाची गरज आहे",neutral
आपली भेट मिळाली आणि अक्षरशः दिवस सार्थकी लागला पुनश्च एकदा मनःपूर्वक धन्यवाद,happy
ओमिक्रोनच्या पार्श्वभूमीवर पोलीस सतर्क; वाहतूक पोलिसांकडून कडेकोट बंदोबस्त ./-/…,fear
सहभागी झालेले खेळाडूंच्या घरची वास्तवीक परिस्थिती दर्शवणारा फोटो मीराबाई चानू प्रवीण जाधव,sad
फूट उंचीवर आहे स्वर्गाचा जिना . .//…,neutral
"बहुगुणी आहे 'ही' वनस्पती, त्वचेच्या समस्यांवर तर रामबाण उपाय",neutral
ही तर सुरवात आहे रे तुमच्या सगळ्यांचे असेच भले होणार,neutral
विजयस्तंभाला मानवंदना देण्यासाठी कोरेगाव-भीमा येथे लोटला भिमसागर ./-…,happy
"उधळूया रंग आनंदाचे, जपूया रंग माणुसकीचे... निमित्त सर्वांना मंगलमय शुभेच्छा...!",happy
"गीताप्रेस गोरखपूर' सर्वांत उत्तम पर्याय, ""गीता साधक संजीवनी "" अधिक अभ्यासासाठी",neutral
या भुमीमध्ये निर्माण झालेल्या सर्व उपासना पद्धदतींचा मी आदर करतो,happy
दादा तुम्हाला विजय मिळवला आहे यांचा साठी खूब खूब अभिनंदन,happy
"डोक्याचा भुगा करणारा ऑप्टिकल इल्युजन...पाहा तुम्हाला जमतंय का, तुम्हाला फार आवडेल!",happy
"सहाय्यक अभिनेता म्हणून अरबाज खानने केलेली करिअरला सुरुवात, भावाच्या साथीने गाठले यशाचे शिखर",happy
खूप छान आणि मुद्देसूद मांडणी करून महत्वाची माहिती पोहचवलीस,happy
काका आम्ही सदैव आपल्या सोबत!!,happy
मस्तच नुसत बघत रहावे असे वाटते दिल मांगे,happy
देवरुखकर शेठ यांना वाढदिवसाच्या भगव्या हार्दिक शुभेच्छा -,happy
सर माझ्या शेवटच्या शुभेच्छा,neutral
वाढदिवसाच्या हार्दिक शुभेच्छा आई तुऴजाभवानी तुम्हाला उदंड आयुष्य देवो ही ईश्वर चरणी प्रार्थना,happy
आणि पण भारीच आहे.. ..मसाला नंतर तर अजूनच आवडयला लागली..,happy
स्त्री शक्तीचा आदर आणि अभिनंदन,happy
सगळ्या भक्तांना कामाला लावून रोजगार पण मिळवून देतो,neutral
नववर्षाच्या आपणा सर्वांना मन:पूर्वक शुभेच्छा !!,happy
"अभिनंदन सर, आमच्या तुमच्या कडून खूप अपेक्षा आहेत आशा आहे तुम्ही त्या पूर्ण कराल",happy
संजय राऊत यांची उणीव हे दोघे दुपटीने भरून काढत आहेत यात आम्हाला अभिमान आहे..,happy
वाढदिवसाच्या हार्दिक हार्दिक शुभेच्छा ताई.....,happy
शहीद गोवारी उड्डाणपूलाच्या वर मेट्रोच्या स्पॅनचे कार्य पूर्ण ../--…,neutral
आपल्या पवित्र स्मृतिंना अभिवादन,happy
माऊलींने दिला आपल्या विशाल ला आशीर्वाद,happy
आदरणीय श्री.निलेश भगवान सांबरे साहेबांना वाढदिवसाच्या मनपूर्वक शुभेच्छा..,happy
हे शक्य झालं ते केवळ माझ्या काकांच्या दूरदृष्टीमुळे आणि त्यांनी योग्य निर्णय घेतल्यामुळेच,happy
आप्पासाहेब यांच्या पवित्र स्मृतीस विनम्र अभिवादन,happy
ऐश्वर्या राय बच्चनवर कौतुकाचा वर्षाव का होतोय?,neutral
क्रांतिज्योति सावित्रीबाई फुले जयंती निमित्त त्रिवार वंदन,happy
ती 'नऊवारी' रॅप वाली अमरावतीची आर्या पण भारी रॅप करते,happy
नविन वर्षाच्या सर्वांना हार्दिक शुभेच्छा...,happy
मितेश आणि सर्व सहकाऱ्यांना लाख लाख सलाम....,happy
"चला लेहरूंची कहाणी इथे ऐकूया, गूढ वाटते!",happy
भारतीय संस्कृतीचा महत्त्वाचा सण होळी पौर्णिमा,neutral
कर्करोगाबाबत जनजागृती करण्यासाठी हे खरोखरच एक उत्तम शिबिर आहे.,happy
खूप चांगला प्रस्ताव आहे,neutral
अभिनंदन ताई... आता जोमाने प्रचार करा विजय तुमचाच आहे. जय महाराष्ट्र...,happy
नवीन वर्षाच्या हार्दिक शुभेच्छा. सिंहगडावरून...,happy
श्री राधे श्री राधे।,neutral
"या फिल्मच्या आधीची राही बर्वे ची मांजा शाॅट फिल्म नक्की बघा , जबरदस्त आहे",happy
हे जमल.... बाळासाहेबांचा शिवसैनिक मुख्यमंत्री एकनाथ शिंदे साहेब,happy
आता दौंडमधली कामं जोरात होणार. निर्मला सीतारामन यांनी येऊन बरोबर नेम साधला आहे.,happy
हे मात्र खरं आणि साऱ्या जनतेच्या मनातलं बोललात,happy
"सावर्डी वन क्षेत्रात साकारणार ऑक्सिजन पार्क, पालकमंत्र्यांनी केली जागेची पाहणी .//…",neutral
देशासाठी कर्तव्य बजावताना शहीद झालेल्या सर्व पोलीस बांधवांना पोलीस स्मृती दिनी कोटी कोटी नमन..!!,happy
मकर संक्रांती निमीत्त तुम्हाला व तुमच्या परिवारास मनःपुर्वक शुभेच्छा..!,happy
तुम्हाला तरीपण जाणवणीची आवडती आहे,neutral
"व्वा, मस्त अनुभव",happy
येळकोट येळकोट जयमल्हार चंपाषष्टी उत्सवा निमित्त आपणास हार्दिक शुभेच्छा.,happy
बहोत अच्छा,neutral
सर्व नागरिकांना नारळी पौर्णिमा आणि रक्षाबंधन च्या हार्दिक शुभेच्छा,happy
लाडक्या बायकोला वाढिवसानिमित्त हार्दिक शुभेच्छा,happy
प्रेरक प्रसंग- देवी अहिल्याबाई होलकर,happy
श्री साई एज्युकेशन ट्रस्टचा विधायक उपक्रम ./?=,neutral
तुम्हाला आणि तुमच्या परिवाराला ही हार्दिक शुभेच्छा,happy
"तुम्हाला सुध्दा नवीन वर्षाच्या हार्दिक हार्दिक शुभेच्छा, साहेब..",happy
पी व्ही सिंधु मनपूर्वक अभिनंदन ..//…,happy
धन्यवाद ताईसाहेब आपल्या प्रयत्नांना यश मिळाले,happy
कॉमेडी चा बादशाह अशोक सराफ यांना वाढदिवसाच्या हार्दिक शुभेच्छा.,happy
प्रचंड आवडते मला ही काजु कतली,happy
सत्याचा विजय !! खूप खूप अभिनंदन साहेब,happy
होळी दहनाचा सगळा सेटअप रेडी ….,neutral
| साईबाबांच्या भक्तांसाठी आनंदाची बातमी,happy
यांना टक्कर देण्याइतपत लायकी तरी आहे यांची....,happy
कोजागिरी पौर्णिमेच्या सर्वांना मंगलमय शुभेच्छा.....!,happy
सूर्य आणि बुध ग्रहाच्या युतीमुळे बुधादित्य योग! या राशींसाठी फलदायी,neutral
केंद्र सरकारच्या ‘या’ निर्णयामुळे दिवाळी आणखी गोड होणार…,happy
प्रभू येशू ख्रिस्त यांच्या पुनरुत्थानाचा दिवस ईस्टर संडे निमित्ताने सर्वांना हार्दिक शुभेच्छा.,happy
"मला एका मित्राच्या सूचनेचा आनंद झाला, ज्याने मला विनंती स्वीकारण्यास प्रोत्साहित केले.",happy
सहानुभूती काही उपयोगाची नसती सहानुभूती सत्याच्या बाजूने राहीली तर खरी लोकशाही अस्तित्वात येईल.,happy
वाचनीय पुस्तक आणि काही महत्त्वाचे उतारे.,neutral
गणरायाच्या आगमनात तेवढी विद्युत सहायक भरती प्रक्रिया पूर्ण झाली.,neutral
"संगम च्या राजकारणातील महामेरू,मातंगहृदयसम्राट सु.काळे यांना वाढदिवसाच्या हार्दिक शुभेच्छा.",happy
देवेंद्र फडणवीस यांच्या प्रयत्नाला यश आला आहे,happy
"पाटील साहेब आपण खूप मोठया प्रकल्पाची सुरुवात यशस्वीपणे केलीत , आपले मनःपूर्वक आभार",happy
खूप महत्त्वाची माहिती व खूपच सोप्या भाषेत सांगितली त्याबद्दल मनपूर्वक धन्यवाद,happy
तिळगुळ घ्या आणि गोड गोड बोला. सर्वांना मकरसंक्रांतीच्या हार्दिक शुभेच्छा….!,happy
सर्व हिंदू बंधू आणि भगिनींना रक्षाबंधनाच्या हार्दिक शुभेच्छा,happy
ने इतिहास रचला! 'नाटू नाटू' गाण्याने पटकावला ऑस्कर अवॉर्ड ./ / /-…,happy
मशाल ही गद्दारांचा अंधार दुर करुन एकनिष्ठाचा स्वाभिमानी प्रकाश दाखवेल,happy
अमरावती येथे सीएम चषक अंतर्गत रांगोळी स्पर्धेला भेट दिली,neutral
अहिंसा शांती चा महापर्व म्हणजे पर्युषण पर्व सर्व जैन बांधवांना हार्दिक शुभेच्छा मिच्छामि दुक्क़डम,happy
मित्र परिवारास दिनाच्या हार्दिक शुभेच्छा आनंदी राहा सुरक्षित राहा,happy
"पू .गोंदवलेकर महाराज जयंती, कोटी कोटी नमन",happy
"आजचा रंग : हिरवा रंग गतीचा,रंग समृद्धीचा, रंग शितलतेचा, रंग धैर्याचा,रंग निसर्गाचा..",neutral
"ॐ ह्रीं नमः शिवाय ह्रीं ॐ। हर हर महादेव, जय महाकाल।",happy
जनतेसाठी अथक आणि समर्पित भावनेने काम करणारा नेता म्हणजे माझे काका....!!!!,happy
वधु वर यांना खुप खुप शुभेच्छा माउली .//…,happy
परात्पर गुरूमाऊलींचे तेजस्वी विचार हिंदु धर्माची महानता,happy
तीळ गूळ घ्या नी गोड-गोड बोला!!!,happy
आ साहेब आपणास उदंड आयुष्य आणि उत्तम आरोग्य लाभो हीच ईश्वरचरणी प्रार्थना,happy
साहेब आपले ही मनःपूर्वक अभिनंदन या विजया मध्ये आपलाही सिंहांचा वाटा आहे,happy
निसर्गासारखी सुंदर गोष्ट या जगात असूच शकत नाही. -,neutral
मातीतून सोनं उगवणाऱ्या शेतकरी बांधवांना कोटी कोटी वंदन !,happy
शेतकऱ्यांसाठी ही योजना आणल्याबद्दल पंतप्रधान मोदीजींचे खूप खूप आभार.,happy
आमचे वर्ग मित्र नितीन बाळू साळुंखे (सामनेरकर) आपणास वाढदिवसाच्या हार्दिक शुभेच्छा,happy
वर्षांपूर्वी वाचलंय..... रोबर्ट कियोसकी.... जबरदस्त आहे.. कॅश फ्लो,happy
नवीन वर्षाच्या हार्दिक शुभेछा - कृषी... ./ ?,neutral
राष्टवादी कांग्रेस कृषी पदवीधर सेल सगळ्यात ज्यास्त यशस्वी व सर्क्रिय होणार ।,neutral
अभिनंदन ताई.. विजय आपलाच आहे.. गद्दार लोकांना गडायाच आहे.. जय महाराष्ट्र,happy
बाकी या पत्रामुळे भक्तांना चांगलीच बुळकांडी (हगवण) लागली आहे.,angry
"नवनिर्मितीसाठी,भावी पिढीसाठी हा संघर्ष नेहमी लक्षात राहील",happy
अगदी बरोबर आहे... लोकशाही आदर्श व्हवी अशी अपेक्षा!!!,happy
हा चित्रपट पाहण्यास उत्सुक आहे,happy
: रमकांत आचरेकरांना साश्रू नयनांनी निरोप .//,sad
श्री उदय लळीत यांची सरन्यायाधीश म्हणून नियुक्ती झाल्याबद्दल हार्दिक अभिनंदन...,happy
हो...आणि अर्थ हि मस्त आहे... आता मूर्ती कशी आहे हे नाही माहित...,neutral
कोजागिरी पूर्णिमेच्या आपणा सर्वांना हार्दिक शुभेच्छा,happy
सर्व विद्युत विभागातील कर्मचाऱ्यांचे आभार,happy
शिक्षण' आणि 'आरोग्य' हे मानवाच्या तीन मूलभूत गरजा पैकी एक आहे. तेही मोफत,neutral
"कमाल आहे कल्पेकतेची ! कलाकार कौतुकास पात्र आहे, अश्या व्यक्तीचा आदर करतो.",happy
धुळवडीच्या सर्वांना शुभेच्छा!!!!!,happy
"तळकोकणात आनंदोत्सव,, अभिनंदन भाई व सप्रा जी...",happy
डिकँड देवरूख येथे सुप्रसिद्ध डच चित्रकार विन्सेंट व्हॅनगॉग यांच्या चित्रांचा एक अभिनव नाट्यानुभव,neutral
वाढदिवसाच्या हार्दिक शुभेच्छा भैयाजी..,happy
सत्यमेव जयते साहेब महाराष्ट्र तील सुज्ञ जनता तुमच्या बरोबर आहे.,happy
श्री महालक्ष्मी रथोत्सवानिमित्त सर्व भाविकांना हार्दिक शुभेच्छा...!,happy
आठवणीतलं प्रेम प्रेमातल्या आठवणी कधीच विसरता येत नाहीत,sad
"!!! कोणते रंग, किती रंग… रंगांचा उत्सव हा...",happy
"सर तुम्ही लवकर परत या शिवसैनिक तुमची वाट बघत आहेत. एकनिष्ठ, झुंझार",happy
साहेब उदंड आयुष्याच्या अनंत शुभेच्छा...!!,happy
वाढदिवसाच्या मनापासून प्रेमळ शुभेच्छा सर सर,happy
"हचतो फरक आहे, जमुळे जनतेची पसंती ही एकनाथ शिंदे यांनाच आहे...!!!",happy
आज भारत वर्ल्ड कप जिंकला.... आपल्यासाठी विषय संपला,happy
पर्यावरणाचा साठी छान सामजिक संदेश दिला तुम्ही..गणेशोत्सव च्या माध्यमातून..,happy
जन्मदिनाच्या खूप खूप हार्दिक शुभेच्छा पाब्लो.,happy
"श्री गणेशोत्सवाच्या मन:पूर्वक शुभेच्छा, मंगलमुर्ती मोरया",happy
माझ्या छोट्या भावा काळजी घे खूप खूप आशीर्वाद,happy
"प्रसाद कुलकर्णी आपणास उदंड, निरामय आयुष्य लाभो, वाढदिवसाच्या हार्दिक शुभेच्छा!",happy
पत्र लिहून निवडणूक जिंकायची ही निंजा टेकनिक देशा च्या बाहेर नाही गेली पाहिजे.,neutral
जंत्रीच सादर केलीत दात घशात घालणे ह्या म्हणीचा प्रत्यय आला हे वाचून,angry
समाजाच्या प्रत्येक घटकासाठी काम करणारे एकमेव नेतृत्व म्हणजेच देवेंद्र फडणवीस. साहेब,happy
निवडणुक आयोग ही स्वायत्त आणि निष्पक्ष प्रामाणिक घटनात्मक संस्था आहे. आणि प्रमाणेच...,neutral
रात्री नंतर मद्यपान टाळण्याचा आणि प्रलोभनांना न जुमानता संयमासाठी वचनबद्ध राहण्याचा अभिमान आहे,happy
सर्वसामान्य कार्यकर्त्यांच्या पाठीमागे खंबीरपणे उभं राहणार नेतृत्व म्हणजे आदरणीय साहेब..!,happy
काकांचे विशेष प्रेम आहे तावडे वर,neutral
कालची भारत-पाकिस्तान मॅच पाकिस्तान हरला नाही तर भारत जिंकला..... इतकं सोपं आहे...,happy
बर् मित्रा धन्यवाद....! ब्रेकिंग न्युज: तुझ्या सांगन्याने आता शिंदे गटाची प्रसिद्धी थांबणार,neutral
भारीच मग... माझ्याकडे तर आहे चाफा,happy
माझ्याकडुन व माझ्या परिवाराकडुन तुम्हाला व तुमच्या परिवाराला नवीन वर्षाच्या हार्दिक वमनपुर्वक शुभेच्छा,happy
रक्षाबंधनच्या आणि नारळी पौर्णिमेच्या हार्दिक शुभेच्छा !,happy
तात्या मनापासून अभिनंदन .. कार्यकर्त्यांना अजून बळ मिळालं ..,happy
"""हिंदूराष्ट्र हा माझा जन्मसिद्ध हक्क आहे आणि तो मी मिळवणारच. ॥ जय हिंदुराष्ट्र ॥",happy
आपणांस सर्वांना च्या मंगलमय शुभेच्छा..!!,happy
"डॉ. लेले, तुम्ही खूपच छान केले! .//…",happy
हा मार्ग उत्तम आहे,neutral
हे करा नी रुपया कितीही घसरू देत आपल्याकडे आहेत अर्थव्यवस्थेला हाठभर लावणारे.....,neutral
मूरजी पटेल यांची भजपा पक्षासाठी मजबूत आणि आश्वासक मानसिकता आहे.,neutral
पेटवा मशाल आणि म्हणून दाखवा बरं... आपल्याला बाळासाहेबांच्या शिवसेनेला हरवायचे आहे,happy
खुप खुप धन्यवाद कोकणातील जनतेसाठी मदत केल्या बदल,happy
स्त्रीतल्या असामान्यत्वाचा कौतुक सोहळा ./-…,happy
मुळपत्रीका देतो ! विषय आहे का भावा,neutral
निळू तुझे पण धन्यवाद,neutral
चलो नांदणी...भव्य शेतकरी मेळावा बळीराजा यात्रा निमंत्रक : स्वाभिमानी शेतकरी संघटना,neutral
जय भीम सुप्रभात .//…,happy
लग्नाच्या वाढदिवसाच्या हार्दिक शुभेच्छा आणि तुमच्या खास दिवशी मनापासून शुभेच्छा.,happy
भाऊ काय मस्त काम केलेस,happy
पैशाची बचत आणि सुद्धा,neutral
"अभिनंदन पी.व्ही.सिंधू, तू करून दाखवलंस जागतिक बॅडमिंटन स्पर्धेत सुवर्णपदक",happy
युवकांचा बुलंद आवाज युवा नेता अमित भाऊ भुईगळ वाढदिवसाच्या हार्दिक शुभेच्छा,happy
मीराबाई चानू यांनी येथे वेटलिफ्टिंगमध्ये सिल्वर पदक जिंकल्याबद्दल हार्दिक अभिनंदन...,happy
"सुप्रभात मॅडम, खूप सुंदर श्रींचे रांगोळी ./…",happy
बाप माणूस : आई-बाबा तुमच्यामुळे आमच जग खुप सुंदर आहे !,happy
एक हिताचा आणि महत्त्वपूर्ण निर्णय घेतला आपण. .//…,happy
हा यार मला त्यादिवशीच त्याची आठवण आली होती... मला आशा आहे की तो ठीक आहे आणि आनंदी आहे,happy
"नवीन वर्षाच्या सर्वांना खूप खूप शुभेच्छा.,......",happy
"वेदांता गेला, आता हेच काम राहिल आहे, जय महाराष्ट्र",neutral
हा गौरव ऊर्जा वाढवणारा आणि गोरगरीबांसाठी झटण्याची प्रेरणा देणारा आहे. सर्वांचे मनापासून आभार.,happy
शिंदे सरकार खूप चांगले काम करत आहे मराठा समाजासाठी,happy
"सहकाऱ्यांचे हे पाऊल आहे, यामुळे अनेक विद्यार्थ्यांना प्रेरणा मिळेल.",happy
क्रांतीज्योती सावित्रीबाई फुले यांना कोटी कोटी प्रणाम.,happy
": या कार कंपनीच्या ऑफरपुढे मारूती, ह्युंदई,टाटाच्या ऑफरही फिक्या",happy
आणि अशाप्रकारे आंध्रप्रदेश देखील प्रचंड उत्साहात भारत जोडो यात्रेचे सहभागी होत आहे.,happy
शेतकरी अभ्यास दौऱ्यात महिला शेतकऱ्यांनी घेतले आधुनिक तंत्रज्ञानाचे धडे ./ /,neutral
"ग्रेट साहेब सर्वांची खूप छान काळजी घेता,जय महाराष्ट्र",happy
हा खरोखर चांगला उपक्रम आहे हा आहे .याला पहा मित्रांनो.हे खरोखर आश्चर्यकारक आहे,happy
| 'या' मुलाचा अतरंगी डान्स बघून व्हाल थक्क! पाहा व्हिडिओ,happy
आपणांस वाढ दिवसाच्या मनपूर्वक शुभेच्छा.,happy
पुणे विमानतळ अप्रतिम आहे! आता दिल्लीत सामानाची तपासणी करण्याची गरज नाही.,happy
अभिनंदन! यशाच्या पायऱ्या चढत चढत हिमालयाईतकी उंची गाठशील हा मला विश्वास आहे,happy
यावेळी ट्रस्टच्या वतीने करण्यात आलेला स्वागतपर सन्मान स्वीकारत सर्वांना शुभेच्छा दिल्या.,happy
वडिलांचा समाजजागृतीचा वारसा पुढे चालू ठेवणारे यांना जन्मदिनी शिवमय शुभेच्छा.,happy
"चांगले सरकार आहे, प्रश्न विचारु शकतात",happy
वाढदिवसाच्या मनापासून प्रेमळ शुभेच्छा मॅम,happy
चंदेरी यश.! स्पर्धेत भारताच्या नीरज चोप्रा याने रौप्य पदक जिंकले. अभिनंदन.,happy
लई पोट दुखत होत आता थोड बर वाटत आहे,neutral
रक्षाबंधनाच्या आणि नारळी पौर्णिमा या मंगलमयी दिनाच्या आपणा सर्वांना मन:पूर्वक शुभेच्छा....,happy
अभिनेता गोंविदाकडुन गणेशोत्सवाच्या हार्दिक शुभेच्छा...,happy
आनंदाचे डोही आनंद तरंग ./-,happy
खरच साहेब खूप चांगली भूमिका आणि योग्य भूमिका,happy
वर्षातून एकदाच हक्काने बोंबलायला मिळतय..!!,happy
"हे त्याच्या प्रामाणिकपणाची तीव्र भावना दर्शवते, तो त्याच्या निष्ठावंत अनुयायांची त्यांच्या कष्टाने कमावलेल्या पैशातून फसवणूक करत नाही.",happy
जय श्री महाकालेश्वर मित्र,neutral
आनंदाची बातमी मीराबाई चानू - वेटलिफ्टिंग किलो गटात रौप्यपदक मिळविले !,happy
महाराष्ट्र पोलीस बॉईज संघटनेतर्फे आपले अभिनंदन,happy
भारत जोडो ला मिळणारे यश पाहुन हा बागुलबुवा भाजपाने उभा केल्याची शक्यता आहे ..?,neutral
"वाढदिवसाच्या हार्दिक शुभकामना, उत्तरोत्तर अशीच प्रगती होवो. डोणगांवकर सर अकोला",happy
सुप्रभात जीतू भाई जय शिव ओंकारा,neutral
आपले मार्ग दर्शन असेच लाभत राहो ही ईश्वर चरणी प्रार्थना,happy
डोरेमॉन मधले प्रत्येक पात्र आवडीचे ...,neutral
हा घे तुला आवडणारा चहा,neutral
सर्वांना मकर संक्रांतीच्या खूप शुभेच्छा!!,happy
शास्त्र आणि शस्त्र कधी कसे वापरावे हे देवेंद्र जीना चांगलेच कळते,happy
कामरान बहुद्देशीय सामाजिक संस्थांच्या वतीने भव्य रक्तदान शिबिर ./-,neutral
यशवंत जी सादर प्रणाम,happy
होय अगदी बरोबर आहे आणि तुमचा आवाजही खूप छान आहे हर हर शंभू,happy
"कूल्हे, हे जबरदस्त होतं...",happy
ऑलिंपिक मध्ये भारताचं दुसरं मेडल पक्क...! भारतीय कन्या मनःपूर्वक अभिनंदन...भारतीयांना तुझा अभिमान आहे...!,happy
उद्याच्या मुख्यमंत्र्याचं स्वागत करताना भिमा कोरेगाव क्राती स्तंभ व भिम अनुयायी,happy
संकल्प शक्तीचे प्रतीकअखंड सौभाग्याची प्रार्थनाहरितालिका सणानिमित्त पूर्ण होवो तुमच्या मनोकामनाहरितालिकेच्या भावपूर्वक शुभेच्छा!,happy
अभिनेत्रीची याआधी दोन लग्न अयशस्वी झाल्यानंतर तिने पुन्हा एकदा लग्नगाठ बांधली आहे,neutral
आपण केलेले वर्णन वाचुनच खुप आनंद वाटतो.,happy
"पराक्रमाच्या अखंड परंपरेला मानाचा मुजरा, जय जगदंब",happy
ब्रह्मास्त्र' अन् 'विक्रम'ही पिछाडीवर; यंदाच्या वर्षी कमाईच्या बाबतीत 'पोन्नियिन सेल्वन'ने मारली बाजी!,happy
आपल्या पहिल्या विजयाबद्दल अभिनंदन जय महाराष्ट्र,happy
साहेब आपण खुप मेहनत घेत आहात त्याबद्दल आम्हा सर्वांना अभिमान आहे,happy
जेष्ठ अभिनेते दिलीप प्रभावळकर यांना हिंदुस्तान टाइम्स मराठीकडून वाढदिवसाच्या मनःपूर्वक शुभेच्छा!!!,happy
तुमचे बघणं आमच्या साठी एनर्जी ड्रिंक आहे,happy
मकर संक्रांतीच्या हार्दिक शुभेच्छा..!,happy
लक्ष्मण महाराज संस्थेच्यावतीने गोरगरीबांना स्वेटर वाटप ./_,neutral
धन्यवाद भाऊ....आणि नवीन वर्षाच्या हार्दिक शुभेच्छा...,happy
“भीमसृष्टी”मुळे डॉ. बाबासाहेबांच्या कार्याची महती भावी पिढीला कळेल : भीमराव आंबेडकर .//…,happy
साहेब आणि मॅडम आम्ही आपले उपकार कधीच विसरू शकणार नाही. जय महाराष्ट्र,happy
महामानवास कोटी कोटी प्रणाम ./,happy
कर्नाटक राज्याचे माजी मुख्यमंत्री सिध्दारामया यांना वाढदिवसाच्या हार्दिक शुभेच्छा,happy
अभिष्टचिंतनाच्या हार्दिक शुभेच्छा दादा.. आई भवानीचा आशीर्वाद कायम तुमच्या पाठीशी असो,happy
सासवड ला पण आहे कि टॉप च,neutral
निवडणूका आल्या की ही ठेवणीतली बातमी आहे. . योग्य वेळी प्रसिद्ध झाली आहे.,neutral
"मंदार भाऊ, सदैव सर्वजण आनंदी राहतील!",happy
"धन्यवाद याचीच वाट पाहत होतो, पहिला पाहून थांबवली होती...",neutral
अशा डोपिंग टेस्ट मुले पारदर्शकता येईल व प्रामाणिक पणे प्रयत्न करणाऱ्या मुलांवर अन्याय होणार नाही,neutral
मकरसंक्रांतीच्या हार्दिक शुभेच्छा. . . .,happy
संपूर्ण देश आज गर्व करत आहे... अभिनंदन,happy
उदघाटन केलं म्हणून अभिषेक,neutral
दादा रुग्ण संख्या कमी होण्या मागे आपले खूप मोठे योगदान आहे...,happy
सुप्रभात बाबा,neutral
आपले स्वागत आहे प्रिय बंधुवर्य व आपल्याला उत्कृष्ट वक्ता इन विश्लेषक केदार ..,happy
लोकांना उत्सुकता आहे.,neutral
उद्या क्रिकेटप्रेमीन साठी चांगला दिवस आहे,happy
प्रेम वाटा पण त्यांनाच ज्यांना त्याची किंमत माहीत आहे. ........किशोर,neutral
आर्थिक स्वातंत्र्यासोबत मानसिक स्वातंत्र्य आले तर ते दुधात साखर घालण्यासारखे आहे,neutral
"दादा आपण आदरणीय , , यांच्यासोबत बोलून विद्यार्थ्यांना मदत कराल अपेक्षा आहे आपल्याकडून",happy
"आजही महाराष्ट्रात बिनकामी, बिनज्ञानी,टोमणास्वामी म्हणून तूमचे साहेबच प्रथम आहे",angry
हे ही सत्य आहे.,neutral
उद्धवजींची रावतांनी घेतलेली मुलाखत या ब्रह्मांडावरील सर्वात भारी.,neutral
चला मराठी साजरी करूया आणि आपले पंतप्रधान यांचे कौतुक करूया!,happy
"धन्यवाद. नवीन वर्षात पहिल्या दुसऱ्या रविवारी नियोजन होईल मग,",neutral
बरं बरं उत्तर नाही म्हणून माघार घेतलीस हे चांगलं लक्षण आहे,neutral
"भाजपला असाच तुमच्या सारखा आक्रमक महाराष्ट्र प्रदेशाध्यक्ष पाहिजे होता, धन्यवाद जी,",happy
दुसऱ्याच्या आनंदात आनंद शोधतो मी त्यामुळे आनंदी आहे,happy
सुगरण ' स्पर्धेचा श्री गणेशा !,happy
मीराबाई चानू यांनी पटकावले वेटलिफ्टिंगमध्ये पहिले रौप्य... खुप खुप अभिनंदन...,happy
आपणा सर्वांना कोजागिरी पौर्णिमेच्या शुभेच्छा!,happy
हॅप्पी होली पौर्णिमा दीदी,happy
मला आनंद आहे की तुम्ही तुमचा स्वतःचा उपाय शोधला आहे. मला तुमच्या निर्णयावर विश्वास आहे. मी तुम्हाला पुढे कशी मदत करू शकतो?,neutral
मोलाचे ज्ञान दिल्याबद्दल मी खूप कृतज्ञ आहे,happy
राष्ट्रकुल वेटलिफ्टिंग गोल्ड मनःपूर्वक अभिनंदन,happy
अनेक चित्रांपैकी हे अत्यंत बोलके चित्र!...चित्रकार बक्षिसास पात्र!,happy
भाजप आयटी सेल ला गार पाडल्याबद्दल # चालवणाऱ्या मित्रांचे अभिनंदन,happy
छान आहे,neutral
आता नवरात्रात सगळीकडे आरती करायाला महाराष्ट्र दौरा काढला पाहिजे..त्या शिवाय अंबाबाई प्रसन्न होणार नाही.,happy
सगळेच व्हिडीओ मस्त आहेत यांचे...,happy
फितूरी पध्दतीने गनिमी कावा करतील हे गाफील राहू नका जय जिजाऊ जय शिवराय जगदंब,angry
अभिनंदन!साताऱ्यात कुठे ? महाराज उद्घाटन करणार आहेत का?,neutral
खूप खूप अभिनंदन...पुण्यात प्लॅन असेल तर नक्की कळवा..,happy
विश्वरत्न परमपूज्य बोधिसत्व ड्रॉ.. बाबासाहेब आंबेडकर यांना कोटी कोटी प्रणाम,happy
सर्व मित्रांना श्री गणेश चतुर्थीच्या अनेक शुभेच्छा ... बाप्पा सर्वांना आशीर्वाद देवो,happy
ही भारीय...,happy
जयजयकारे दुमदुमवू हे सह्याद्रीचे कडे !!,happy
आपण दिलेल्या शुभेच्छांसाठी मनःपूर्वक धन्यवाद जी,happy
"माणसं कशी जपायची, ही गोष्ट शरद पवार यांच्याकडून शिकण्यासारखी आहे.-",happy
धन्यवाद दुर्गा ताई आपले आशिर्वाद असेच पाठिशी राहुदेत,happy
चुकीच्या गोष्टींचा विरोध करा तिरुपती बालाजी ला महाराजांच्या मूर्ती आणि चित्राला परवानगी,neutral
ह्या वाघाच्या ग्रुप मध्ये आपले मनःपूर्वक हार्दिक स्वागत जय शिवसेना + युवासेना = जय महाराष्ट्र,happy
"तुमच्यासारखे मार्गदर्शक,मित्रवर्य लाभणं हे खरं भाग्य. खूप धन्यवाद सर",happy
कृषी सहसंचालक यांची माहिती; संरक्षित सिंचन क्षेत्रात वाढ होण्यासाठी कृषी विभागाचे पाउल,neutral
खूपच चांगली गोष्ट झाली मग ही,happy
अत्यंत खंबीर आणि गंभीर नेतृत्व आहे !,happy
खरतर इतर सरकारी संस्था सरकारी हस्तक्षेपामुळे बदनाम असताना ही संस्था याला अपवाद आहे.,neutral
क्रिकेटचा देव रारियोसाठी ही खरोखरच एक उत्तम भागीदारी होती.,happy
वाईटावर मात करून चांगल्याचा विजय म्हणजे पौर्णिमा.-स्वामी समर्थ,neutral
ब्रह्मगव्हाण उपसा सिंचन योजनेचे काम तत्काळ सुरू केले आहे– रोजगार हमी मंत्री संदिपान भुमरे,neutral
ओ घरंदाज.. शास्त्रज्ञ दाभोळकरांचा एक जगप्रसिद्ध वैज्ञानिक शोध सांगा.,neutral
आमचे मोठे बंधु संतोष दादा चव्हाण पाटिल यांना वाढदिवसाच्या हार्दिक शुभेच्छा —,happy
एकदम बरोबर निरक्षण आहे..... वागळे साहेब,happy
गणेश चतुर्थीच्या तुम्हास आणि परिवारास हार्दिक शुभेच्छा सर..जय हिंद,happy
नीट आय अहमसेवीत घेऊन उत्कृष्ट परत उभे आहे!,happy
आपण असे बोलून निरोप घेतला धन्यवाद शिंदे साहेब व महेश दादा,happy
"रोइंग खेळाच्या प्रशिक्षणाकरीता विद्यार्थी खेळाडूंची पोहण्याची चाचणी, विध्यार्थी चाचणीत अव्वल.",happy
भीमवाडी चौकातील देखावा ठरतोय भीमसैनिकांसाठी आकर्षण..! ./,happy
हि वहिनी मस्त आहे चालेल मला तु पण,neutral
"प्रत्येकाने ते तपासले पाहिजे, हे खरोखर आश्चर्यकारक आहे.",happy
पुण्यातील अनेक वारसा स्थळे संवर्धनाच्या प्रतिक्षेत .//,neutral
मनसे सर्व निवडणुका स्वबळावर लढवणार आपल्या प्रभागातली समस्यावरचे तोडगे अमलात आणा यश आपलेच आहे,happy
आपण या पृथ्वीतलावर जिवंत आहोतहेच या वर्षांतील सर्वात मोठ यश आहे,neutral
आपणा सर्वांना नारळी पौर्णिमेच्या आणि रक्षाबंधनाच्या मन:पूर्वक हार्दिक शुभेच्छा....,happy
चांगले कार्य..खूप खूप शुभेच्छा,happy
बाळासाहेब हे मुळात या गद्दारांना समजलेच नाहीत. त्यांनी मुस्लिम द्वेष कधीच केला नाही.,angry
शौर्यदिनाच्या हार्दिक शुभेच्छा...!,happy
अजित पवार हे राष्ट्रवादीचे पक्षप्रमुख होणार यात शंका नाही...,neutral
तिळगुळ घ्या आणि गोड गोड बोला,neutral
पाटण रोटरी क्लब तर्फे पूर बाधितांना मदतीचा हात ./?=,happy
खरंच आपली कामगिरी कौतुकास्पद आहे परंतु अद्यापही ग्रामीण भागामध्ये अंतर्गत अवैद्य दारू विक्री सुरू आहे,angry
आपले योगदान लाख मोलाचे आहे मॅडम,happy
श्री राधे कृष्णा मित्र सुप्रभात,neutral
सर्व महाराष्ट्र मधील जनता आपल्या सोबत आहे सत्य मेव जयते.,happy
मुख्यमंत्री उध्दवसाहेब ठाकरे यांनी वर्षा या शासकीय निवासस्थानी कुटुंबियांसमवेत श्री गणेशाची प्रतिष्ठापना केली.,neutral
"ही व्यक्ती गुन्हेगार नाही, ती समाजातील सन्माननीय सदस्य आहेत.",happy
मस्त भारत भ्रमंती सुरू आहे तुमची.,happy
आपल्यामुळे झाडांना जीवदान मिळतआहेहे पुण्याचेच काम आपण करीत आहातमनःपूर्वक धन्यवाद,happy
दुर्गम भागात ड्रोनद्वारे लस पोहोचविण्याच्या नाविन्यपूर्ण उपक्रमासाठी मुख्यमंत्र्यांनी केले आरोग्य विभागाचे कौतुक ./?=,happy
सकारात्मक ऊर्जेसाठी योगा उत्तम - अमृता खानविलकर .//…,happy
महाराष्ट्राचा आणी देशाचा अभिमान,happy
दिवसभर काम केलेला थकवा गेला हे वाचून,neutral
जालीम उपाय आहे आपल्याकडे सर सर्दी आणि खोकल्यावर,happy
हे तर होणार नक्की . न्याय करणार व ला न्याय भेटणार.,neutral
रिपीटर्ससाठी मोफत प्रशिक्षणाचे उद्घाटन आ. आशिष शेलार यांच्या हस्ते ./// …,neutral
आपल्या कडून समाजाचे उत्तम काम व्हावे हीच ईश्वरचरणी सदैव प्रार्थना,happy
महाराष्ट्र गरजेपेक्षा जास्त सहनशील आहे. गुजरात वाले वैद्यच योग्य आणि जालीम उपचार करतात.,angry
छान मार्गदर्शन आणि परत एक शनिवार गोड केला आपण. धन्यवाद.,happy
भावी आमदार दीदी शुभेच्छा...बाबांनी नियोजन केलंय मग गुलाल फक्त राष्ट्रवादीचाच,neutral
प्रभू येशू ख्रिस्त यांचा पुनरुत्थानाचा दिवस ईस्टर संडे निमित्त हार्दिक शुभेच्छा!-,neutral
वंदे भारत रेल,happy
वाढदिवसाच्या हार्दिक शुभेच्छा भाई,happy
तर्फे नवीन वर्षाच्या हार्दिक शुभेक्षा,neutral
धन्यवाद .आपल्यामुळे झाडांबद्दल लोकांच्या मनात संवेदना जागृत होतात.,happy
अमृतासमान असलेल्या मराठी भाषेतून शुभेच्छा संदेश देऊन गणेशोत्सवाचा आनंद द्विगुणित करूया...,happy
"हर हर महादेव श्री अष्टमुखी पशुपतिनाथ मंदिर मंदसौर ,",neutral
अगदी श्रवणीय असे आहे तुमचे संगीत,happy
शारदीय नवरात्रीच्या लोकशाही न्यूज चॅनेलच्या प्रेक्षकांना आणि वाचकांना शुभेच्छा,neutral
आई तुळजाभवानी उदंड आयुष्य लाभो हीच आई जगदंबे चरणी प्रार्थना,happy
महाशिवरात्रीच्या सर्वांना हार्दिक शुभेच्छा...,neutral
"परदेसी परदेसी' ने आणली प्रसिद्धी, आणि बॉयफ्रेंडला शिकण्याची संधी!",happy
सिंहगड मध्ये पालकांशी सुसंवाद ./,neutral
कल्पेश यादव शिवसेना परीवारत हार्दिक स्वागतजय महाराष्ट्र,neutral
नवीन वर्षाच्या सर्वांना हार्दिक शुभेच्छा ! .//-/…,neutral
इंगल उदय अन्नान हे आधुनिक नेत्याचे उत्तम उदाहरण आहे,happy
दादा मनापासून धन्यवाद आपले मार्गदर्शन नेहमी माझ्या पाठीशी राहील .//…,happy
या समाजाचा कणा असलेल्या शेतकऱ्यांना श्रद्धांजली म्हणून आज पशु मेळा भरत आहे.,happy
"चुकीचे आहे, विरोधकांनी आपला आदर स्तुती करण हे आपल्या मोठेपणाच लक्षण आहे.",happy
अश्या चांगल्या बातम्या वाचल्या की खूप बरे वाटते..अभिनंदन आणि शुभेच्छा.,happy
होळी पौर्णिमा निमित्त सर्वांना हार्दिक शुभेच्छा...,neutral
मोदी सरकार हे शेतकऱ्यांची हिताचे सरकार,happy
दूधात मिसळा 'हे' पदार्थ; स्टॅमिना वाढवण्यासोबतच होतील जबरदस्त फायदे,happy
केरळमध्ये धावणार वंदे भारत एक्सप्रेस - ./% % % % %…,neutral
"आणि सहकाऱ्यांचे हे एक उत्तम पाऊल आहे, यामुळे अनेक विद्यार्थ्यांना प्रेरणा मिळेल.",happy
मकर संक्रांतीच्या हार्दिक शुभेच्छा!! ....,neutral
कोर्टात मनसेचा अमेझॉन वर विजय अभिनंदन साहेब...,happy
"माय भवानी प्रसन्न झाली, ढाल तलवार हाती आली, शिवराज्य स्थापन करण्यासाठी बाळासाहेबांची शिवसेना आली",happy
रक्षाबंधनाच्या म्हणजेच भाऊ-बहिणीचा स्नेह आणि प्रमाचे प्रतीक असलेल्या उत्सवाच्या सर्वांना हार्दिक शुभेच्छा!,neutral
सेनेचं गर्वहरण . बेळगावी मिरची कशी झोंबली? अभिनंदन...विकासाची वाटचाल,happy
नवरात्रीच्या हार्दिक शुभेच्छा,neutral
ऐतिहासिक शेतकरी आंदोलनाची तयारीबाबत गेल्या वर्षी कुरूक्षेत्र येथे झालेल्या बैठकीची आठवण ताजी झाली...,happy
हो श्री शिकवील तुला सगळं; खूप मोठा अनुभव आहे त्याच्या पाठीशी.,neutral
होते आता मोंदीचे गुणगाण गात असतात .,neutral
"तुमच्याकडे दिवाळी असते का,असेल तर दिवाळीच्या मंगलमय शुभेच्छा !!",neutral
मकर संक्रांती निमित्त सर्वांना शुभेच्छा !,neutral
"बिहारमध्ये जी हिम्मत दाखवली त्याला सलाम ,,,,, ,",happy
हि बातमी लावत ग्रेट आहेत तुम्ही तुमचा अभिमान आहे,happy
बळीराजा तर्फे आपणांस नवीन वर्षाच्या हार्दिक शुभेच्छा जय शिवराय जय महाराष्ट्र माझा,happy
खूपच अप्रतिम. मन:पूर्वक अभिनंदन आणि पुढील वाटचालीसाठी हार्दिक शुभेच्छा.,happy
महाशिवरात्री निमित्त सर्वांना हार्दिक शुभेच्छा...,neutral
ते शिक्षे बद्दल जे बोललात ते भारी होत.,happy
"विद्यार्थी खालीलप्रमाणे सोशल मीडियावर व्यस्त आहे, त्यांच्याकडे पाहता ते बेरोजगार आहेत असे वाटत नाही.",neutral
पाऊस आणि रेडिओ सीटी च जबरदस्त काॅम्बिनेशन आहे,happy
तिळगुळ घ्या आणि पाठीमागून गोड बोला. .,neutral
बहिण-भाऊ यांच्यातील प्रेमाचे आणि विश्वासाचे प्रतीक असणाऱ्या रक्षाबंधन सणाच्या हार्दिक शुभेच्छा!,neutral
हे सगळं बघून वाचून नेहमीच जीभ पाणावते!,neutral
मकरसंक्रांतीच्या मनःपूर्वक शुभेच्छा..!,neutral
वातावरणात इमारतीचे काम जोरात सुरू झाले आहे,neutral
नवीन वर्ष्याची सुरुवात चांगली केल्याबद्दल धन्यवाद...,happy
कोजागिरी पौर्णिमेच्या निमित्त सर्वांना हार्दिक शुभेच्छा!,neutral
जनतेला आधार देणारा निर्णय... धन्यवाद साहेब,happy
हा नवीन थ्रेड देखील नेहमीप्रमाणेच उत्तम आहे विजय जी आपल्या कडून शिकण्यासारखं खूप काही आहे,happy
आरंभ अमित पर्वाचा ! आता लढायच फक्त जिंकण्यासाठीच !,happy
सत्याचा स्वीकार अर्थात मानवी जिवनाचा विकास आहे,neutral
सर्वमंगल मांगल्ये शिवे सर्वार्थ साधिके। शरण्ये त्र्यंबके गौरी नारायणि नमोऽस्तुते।।,neutral
रेल्वे कंडक्टरच्या गैरव्यवहाराला आळा घालण्यासाठी रेल्वे प्राधिकरण सकारात्मक पावले उचलत आहे,happy
अभिनंदन पी. व्ही.सिंधू जी,happy
राष्ट्रीयता आणि एकात्मता वृद्धीसाठी चला घरोघरी फडकवू या तिरंगा…,happy
एंडोमेंटच्या माध्यमातून शैक्षणिक संस्था मुलांच्या उज्ज्वल भविष्यासाठी सहकार्य करत आहेत हे जाणून आनंद झाला,happy
भारत हा जगातील एकमेव देश आहे की आपली संस्कृती जोपासली आहे,happy
अमरावती जिल्ह्यातील बगाजी सागर धरणाचे विहंगमय दृश्य पर्यटकांचे आकर्षण,neutral
"सरकार जनतेचे, निर्णय लोकहिताचे",happy
आता प्रवास सुरू...आनंदाचा...खूप खूप आभार प्रसाद सर..!!!,happy
स्टेशन रोड शिव बारात,neutral
आपले मोलाचे सहकार्य लाभले या मध्ये.,neutral
कोरोनारुपी राक्षस काबुत आणण्यासाठी अथक प्रयत्न करीत असल्याबाबत आपले मनःपूर्वक आभार व शुभेच्छा .,happy
नक्कीच जमणार तुम्हाला प्रयत्न उत्तम .//…,happy
ट्रेलर छान आहे आणि चित्रपटगृहात हा फील गुड चित्रपट मला चुकवायचा नाही,happy
"आनंदच होईल, भाजप चे काम सोपे होईल.",happy
नवीन वर्षाच्या हार्दिक शुभेच्छा दादा..,happy
वाढदिवसाच्या हार्दिक शुभेच्छा निधीजी,happy
"ही लीग निश्चितच खूप रोमांचक असेल, त्याबद्दल पहा.",happy
नाही वाढला हिंसाचार. आधी खूपच जास्त आणि पराकोटीचा होता.,neutral
जबरदस्त भावा.. अभिमान आहे..,happy
पतंग महोत्सवात अपघातांचे प्रमाण कमी होत आहे .//-…,neutral
पर्यटन विकासासाठी शासनाचे प्रायोजकत्व लाभणार ../-…,neutral
देशमुख कुटुंब एकत्र उत्साहाने साजरा करणार बाप्पाचा उत्सव. नव्या नात्यांचा श्रीगणेशा.,happy
मिठीचा अर्थ अन् वापर चांगला झाला तर निर्मळ आनंद व्यक्त होत असतो,happy
प्रणाम गुरुजी,happy
जनसेवेसाठी सदैव तत्पर व सत्वर व्यक्तिमत्व म्हणजे सन्माननीय मुख्यमंत्री श्री.एकनाथरावजी शिंदे साहेब.,happy
गोवा मुक्ती दिनाच्या हार्दिक शुभेच्छा,happy
आमच्या घरी महालक्षमी माता राणी ची आरती झाली,happy
मकरसंक्रांतीच्या हार्दिक शुभेच्छा ! तीळगूळ घ्या आणि गोड गोड बोला !,happy
हे महावीर करो कल्याण।,neutral
"तीळगुळ घ्या, गोड गोड बोला! सर्वांना मकर संक्रांतीच्या हार्दिक शुभेच्छा!",happy
युवासेना युवती धुळे जिल्हा आयोजित गणपती बाप्पा मोरया . ./…,neutral
आपणास निरोगी निरामय आयुश्य लाभो ह्यासाठी प्रार्थना,happy
“सप्तर्षी समग्र दिव्यांग आधार प्रकल्प” होप फॉर द होपलेस हेल्थ कॅम्प./-…,neutral
प्रेरक प्रसंग- पंडित ओंकारनाथ ठाकुर हे आज आपल्या मंचावर येणारेत.,happy
शुभ संध्या मित्र....,neutral
"काय हे पंतप्रधान, काय हे विचार. वा मोदीजी वा!",happy
वाढदिवसाच्या हार्दिक शुभेच्छा विधानपरिषद सदस्य व भाजपाचे एक युवानेते प्रविणजी दरेकर साहेब.,happy
आयोजित वक्ता प्रशिक्षण शिबिराच्या पूर्व संध्येला खंडाळ्याच्या निसर्गरम्य वातावरणातील एक क्षण.,neutral
होय हे समीकरण जुळलं,neutral
ओम् नम: शिवाय्,neutral
बंधन बँकेने दादांना ब्रँड अॅम्बेसेडर बनवले असून ही अत्यंत आनंदाची बाब आहे.,happy
आज सकाळीच खुप दिवसांनीसिद्धमंगल स्तोत्र म्हणलं..,neutral
मी कोरोना आजारातून बाहेर आलो आपण शुभेच्छा दिल्यात धन्यवाद,happy
संध्या दर्शन,neutral
अगोदर भारत जिंकला आणि मग फटाके फुटले बुद्धि गहन ठेवलिली काकू,neutral
"ससा व कासव मध्ये ,कासव जिंकतो कारण सातत्य असते, शुभेच्छा",neutral
आज चैत्र पौर्णिमा साजरी करण्यात आली.,neutral
"स्थापना दिनाच्या शुभदिनी (अश्विनशु. प्रतिपदा ऑक्टोबर ) 'हिंदु जनजागृती समिती'ची उत्स्फूर्तपणे हिंदू संघटना, पंथ, जाती इत्यादी तोडून धार्मिक हिंदु राष्ट्राच्या निर्मितीसाठी ईश्वर संघटनेच्या सहकार्याने स्थापना करण्यात आली आणि धर्मप्रेमींनो, हे कार्य आता देशभर सुरू होत आहे",neutral
. सुजाताचे खीर दान. चैत्र पौर्णिमा,neutral
हे त्याच उत्तम उदाहरण आहे पाहू शकता डोळस पणे,neutral
"""आता सरकार बदललं, नवरात्र उत्सव धुमधाममध्ये साजरा होणार""",happy
पुढच्या वाढदिवसाच्या असं लिहीलं असतं तरी चाललं असतं पण मनःपूर्वक धन्यवाद,happy
"पैसाच पैसा… मंदी-महागाईच्या काळात नोकरदारांना दिलासा, पगारात होणार घसघसीत वाढ",neutral
एक नंबर बोललात,neutral
",वाढदिवसाच्या हार्दिक शुभेच्छा...!!",happy
राष्ट्रवादी युवक काँग्रेसचे प्रदेशउपाध्यक्ष माझे मार्गदर्शक यांना वाढदिवसाच्या मनःपूर्वक हार्दिक शुभेच्छा,happy
शिव सदा सहायते,happy
जय जय महाराष्ट्र माझा.......स्वतःसाठी नाही तर माझ्या महाराष्ट्रासाठी....अभिमान वाटतो अश्या आदरणीय बांधवांचा,happy
| निवडणुक आयोगाचा निर्णय हा अत्यंत चमत्कारीक - मनीषा कायंदे,happy
ओम त्र्यंबकम यजामहे सुगंधिम पुष्टिवर्धनम । उर्वारुकमिव बंधनात् मृत्योर्मुक्षीय मामृतात् ।।,neutral
स्वाधार अर्जांची मुदत वाढविण्याची मागणी मान्य केल्याबद्दल आभार! .//…,happy
सचिन तेंडुलकरचे गुरू रमाकांत आचरेकर यांना भावपूर्ण श्रद्धांजली,sad
वाढदिवसाच्या गोड गोड शुभेच्छा परी,happy
अनाथांसोबत साजरा केला नवीन वर्ष;श्री साई सेवासंकल्प प्रतिष्ठानचा उपक्रम ./ चंद्रपूर,happy
ते मुलाच्या आधीपासून सेनेशी आणि बाळासाहेबांशी एकनिष्ठ होते,happy
बहिण-भाऊ यांच्यातील अतूट प्रेमाचे प्रतीक म्हणून ओळखल्या जाणाऱ्या रक्षाबंधन सणाच्या सर्वांना हार्दिक शुभेच्छा!,happy
ही दीपावली आपणास आणि आपल्या कुटुंबास आंनदाची आणि भरभराटिची जाओ.. *|| शुभ दीपावली ||*,happy
माझ्या व माझ्या परीवाराकडुन नववर्षाभिनंदन,happy
आपणा सर्वांना कोजागिरी निमित्त मनःपूर्वक शुभेच्छा .,happy
"ज्यांचा वर्तमानकाळ प्रयत्नवादी आहे ,त्यांचा भविष्यकाळ उज्वल आहे...",neutral
रक्षाबंधन आणि नारळी पौर्णिमेच्या हार्दिक शुभेच्छा ..!!!,happy
शेतकरी सक्षमीकरणासाठी उचलेले हे पाऊल मैलाचा दगड ठरेल यात शंका नाही!,happy
ने घडवला इतिहास..! 'नाटू नाटू'ने जिंकला ऑस्कर पुरस्कार,happy
"धन्यवाद सर,,, आपल्या मार्गदर्शनामुळे आम्ही यशस्वी होत आहोत,",happy
क्रीडा क्षेत्रातील काही संस्मरणीय क्षण बघून बरे वाटेल .//…,happy
"फुलाचा सुंगध फक्त वातावरणात पसरतो, पण चांगल्या व्यक्तीचे गुण सर्व दिशांना पसरतात.",happy
आपणांस भेटुन आनंद झाला.,happy
नशिब हा माणूस आज कोणाबद्दल चांगल बोलला.,neutral
/ रोजी वाढदिवस छोट्या सार्थकी ला उदंड आयुष्य आणि उत्तम आरोग्य लाभो..!,happy
आतुरतेने वाट पाहत आहोत साठी खुप खुप शुभेच्छा.,happy
कमी पटसंख्या असलेल्या जिल्हा परिषदेचं शाळा बंद करण्याचा सरकारचा निर्णय अत्यंत योग्य आहे,neutral
"चालेल, कधी कुठे ते पण मार्गदर्शन करा सर.",neutral
"बेसन लाडू आणि श्रीखंड गोळ्या एकदम मिळतात वाटतं, चांगला योग आला",neutral
"मंत्री महोदय एवढ्या धकाधकीत वेळ मिळाला ,,,, पुस्तक लिहायला , आपले अभिनंदन",happy
"बरोबर आहे ते भाऊ, पैश्यांशिवाय एक स्टेटस म्हणुन हे करतात लेकर",neutral
साजरा करत असताना भारताचे अभिनंदन कोटी लसींच्या मात्रांबद्दल,happy
साहेब आपला साधेपणा खूप प्रेरणा देतो आम्हाला,happy
अभिनंदन ताई..पुढील वाटचालीसाठी हार्दीक शुभेच्छा,happy
प्रत्येक शिवसैनिक हा शिवसेनेचा.... धनुष्यबाण आहे.... आम्ही शिवसैनिक सदैव आपल्या सोबत..,happy
"जाय महाराष्ट्र , आपल्या निवेदनात सच्ची तळमळ आणि सामान्य नागरिकांसाठी कळकळ दीसुन येते.",happy
तिळ गुळ घ्या गोड गोड बोला,happy
डॉ.थंबन मेलोथ यांची राष्ट्रीय ध्रुवीय आणि सागर संशोधन केंद्राच्या संचालकपदी नियुक्ती,neutral
"आमचे आयुष्य खूप सुंदर आहे , कारण आमचा जन्म मराठवाड्यामध्ये झाला आहे",happy
पूल ओलांडताना पाच ग्रामस्थ पुराच्या पाण्यात गेले वाहून दैव बलवत्तर होता म्हणून सर्वजण बचावले…,happy
"खूप शुभेच्छा ,फारच सजग प्रज्ञावंत युवा नेता दिला त्यांनी महाराष्ट्राला",happy
जानेवारीचा वा शौर्यदिनी कोरेगाव भिमा येथे शांततेत संपन्न ./,neutral
पोलीस आयुक्त व अमरावती पोलीसांवर सर्व स्तरातून कौतुकाचा वर्षाव,happy
सर्व भक्तांना विनायक चतुर्थीच्या हार्दिक शुभेच्छा...,happy
मकरंक्रांतीच्या हार्दिक शुभेच्छा,happy
जर्मनीतिल एका चित्रकाराने आपल्या देशाचे हे अप्रतिम चित्र रेखाटन केले आहे ---------,happy
यार खरे च जबरदस्त आहे. गॉडफादर मुळे त्याचा मोठा झालो.,happy
भारतीय राज्यघटनेचे शिल्पकार डॉ बाबासाहेब आंबेडकरांच्या व्या जयंती निमित्त सर्वांना हार्दिक शुभेच्छा,happy
हा अभिनव उपक्रम राबविल्याबद्दल सहभागी सर्व संस्थेचे मनःपूर्वक अभिनंदन व त्यांना या वाटचालीसाठी शुभेच्छा!,happy
नूतन वर्षाच्या मनापासून शुभेच्छा!!!!,happy
भिमक्रांती चा भडकला वनवा गावा-गावात विद्यापीठाचा चेहरा तो सजलाय भिमाच्या नावानं.,happy
हे महाराष्ट्राचं भाग्य आहे असा मुख्यमंत्री भेटला आहे साहेबांचे खूप कामगिरी चांगली आहे सर मनापासून,happy
सचिन आणि ररियो यांच्यातील ही सर्वोत्तम भागीदारी ठरणार आहे.,neutral
सजीव चित्रण,neutral
"चंदेरी महोत्सवात मनोरंजन, संस्कृतीचे प्रदर्शन .//-…",neutral
वेळा बघितला जबरदस्त आहे,happy
मनसेच्यावतीने शाडू मातीच्या श्रीगणेशाचे मोफत वितरण ./ / /-…,neutral
"महाराष्ट्रात सुख, समृद्धी नांदावी यासाठी खऱ्या अर्थाने प्रयत्न करणारे एकमेव व्यक्तिमत्व म्हणजे देवेंद्र फडणवीस.....!!!",happy
भाऊ तोरसेकरला आनंद द्या! सर्वोत्तम चालणारे जीभ काथे ला समृद्धि द्या! भक्तांना पैसे विविध विविध उत्थानाचे करें!,neutral
पी. व्ही. सिंधु ला बैडमिंटन मधे रौप्य पदक अभिनंदन सिंधु आम्हाला तुझा अभिमान आहे!!!,happy
"एखाद्या तरी आवडतीलच, एक से बढकर एक सुंदर आहेत इथं!",happy
"ध्यान आणि प्राणायाम आंतरिक शांती आणतात, ज्यामुळे यशाबद्दल कृतज्ञता आणि आत्म-सुधारणेची प्रेरणा मिळते....",neutral
महाशिवरात्री निमित्त सर्व शिवभक्तांना मनःपूर्वक शुभेच्छा...!,happy
नववर्षाच्या हार्दिक शुभेच्छा...,happy
उद्दिष्ट छान आहे. आमची साथ आहे आणि महाराष्ट्राच्या सर्व प्रादेशिक पक्षांना पाठींबा आहे.,neutral
लाडक्या बाप्पांची आज दिमाखात घरी प्रतिष्ठापना करण्यात आली.,happy
जय भारत गौरव सिंह व मित्र,neutral
"ही खरोखर एक रोमांचक बातमी आहे, मी याची वाट पाहत आहे.",happy
इस्रोच्या सर्व भारतीय शास्त्रज्ञांचे अभिनंदन! ?,happy
पारनेर तालुक्यात जवळा गावात महाराष्ट्र नवनिर्माण सेनेच्या शाखेचे जोरदार उद्घाटन झाले!,happy
माझा तुम्हाला आणि राजसाहेबांना पूर्ण पणे पाठिंबा आहे. जय महाराष्ट्र,happy
यांची अवस्था पाहवत नाही पण छान! छान चालू आहे,neutral
कोकणातील पारंपरिक होळी ! दक्षिणेतील 'कांतारा'ची आठवण होईल.,neutral
शेतकऱ्यांच्या सुख-दुःखातील वाटेकरी म्हणजे देवाभाऊ,happy
पोर्णिमेच्या आपणा सर्वांना हार्दिक शुभेच्छा !,happy
माझा मोठा मुलगा शरदचंद्र याचागुजरात वडोदरा येथे नवीन फ्लॅट गृहप्रवेश वास्तुशांती आनंदमय सोहळा,happy
आणि तर्फे सर्वांना नवीन वर्षाच्या हार्दिक शुभेच्छा!!,happy
"आपण मीडिया मध्ये नाहीत , पत्रकारिता सोडून दिली आहे याची आठवण केली याबद्दल धन्यवाद",neutral
आज पोलीस स्मृती दिन. आपल्या सर्वांसाठी कर्तव्य बजावत असताना शहीद झालेल्या हुतात्म्यांना नमन..!,happy
दिल से मध्ये खूपच सुंदर दिसत होती...,happy
: पंतप्रधान मोदी आज राजस्थानला देणार पहिल्या ‘वंदे भारत एक्स्प्रेस’ची भेट! .//-…,neutral
"वाढदिवसाच्या हार्दिक शुभेच्छा भाऊ, आपणास दीर्घ आयुष्य लाभो ही ईश्वरचरणी प्रार्थना",happy
आभासी पुष्पगुच्छ देऊन अभिनंदन.. टोटल पण सांगा कधीतरी सर्व अकाऊंट्सची..,neutral
क्रांतीज्योती सावित्रीबाई फुले यांना जयंती निमित्त त्रिवार वंदन !,happy
"आणि म्हणा... आपल्याला बाळासाहेबांच्या शिवसेनेला हरवायचे आहे..""",neutral
"दिवस प्रेमाचा, स्नेहाचा आणि आपुलकीचा, रक्षाबंधन च्या पवित्र सणानिमित्त सर्वांना हार्दिक शुभेच्छा!",happy
महाशिवरात्री च्या सर्वांना शुभेच्छा..!,happy
मॅन्सवर्ल्ड हा महिन्यातील सर्वोत्तम विषय आहे आणि त्यात रोहित शेट्टी अप्रतिम दिसत आहे.,happy
पैठण जिल्ह्यातील जायकवाडी धरण परिसरात टिपलेले हे मनमोहक दृष्य...,neutral
गद्दारी करणे ही पण आपली संस्कृती नाहीच,angry
आपणास पुढील काळासाठी अनेक शुभेच्छा,happy
अभिनंदन! लवकरच होवो ही शुभेच्छा...,happy
आणि मदतनीसांना आत्मिक आनंद मिळाले,happy
"वाढदिवसाच्या हार्दिक शुभेच्छा आयटी ईंजिंअनिअर ,नवनवीन संकल्पना राबवणारे ,युथ किसान अध्यक्ष दादा",happy
आमचे लाडके आमदार डॉक्टर राहुल पाटील यांना पुरस्कारामुळे लाख लाख शुभेच्छा. शुभेच्छुक आपला शिवसैनिक,happy
⏰... नूतन वर्षाच्या हार्दिक हार्दिक शुभेच्छा,happy
"भुजबळांनी उपयुक्त काम केले , धन्यवाद !",happy
नवीन वर्षाच्या हार्दिक शुभेच्छा गजानन गोपेवाड अंग्निपंख विज्ञान केंद्र मुडाणा पंचायत समिती महागाव,happy
नवीन वर्षाच्या हार्दिक शुभेच्छा साहेब,happy
माझ्या सगळ्या भावांना आणि बहिणींना रक्षाबंधनाच्या हार्दिक शुभेच्छा!,happy
हारने जिंकणे चालूच असतं खरा खेळाडू तोच जो लढणं सोडतं नाही..,happy
"बे यांनी कोणत्याही राजकीय पक्षाचे किंवा व्यक्तीचे नाव घेतलेले नाही. सकारात्मक बातम्या पाहता, उपाय शोधण्यावर लक्ष केंद्रित करूया.",neutral
समस्त नागरिकांना होळी पोर्णिमा च्या हार्दिक शुभेच्छा.....,happy
"होऊ जाऊ द्या मंग, द्या राजीनामे आणि या मैदानात. उद्धव बाळासाहेब ठाकरे यांची मशाल जिंकेल.",happy
जया एकादशी निमित्त सर्वांना मंगलमय शुभेच्छा..!,happy
साईभक्तांसाठी खुशखबर... आजपासून मिळणार साईबाबांच मुखदर्शन .//…,happy
समाजसेवा करण्यासाठी सत्ता नको हे देवेंद्र फडणवीस यांनी दाखवून दिले आहे.,happy
पुरता हसलोय ना हे पुणेकराचा कुंडली अभिषेक पाहून !! धन्य आहे तुमची!,happy
ताई आपण खुप छान निर्णय घेतला,happy
भाजपा ही जागा लढवनारच आणि जिंकनार सुद्धा.... घराणेशाही सम्पलीच पाहिजे,happy
"नाना दोन्ही डगरीवर हाथ ठेवून संधी साधणारा अभिनेता आहे, हाही चांगला तोही चांगला",neutral
धन्यवाद ताई साहेब आपल्या प्रयत्नाला यश,happy
नाताळी गीता जयंतीच्या हार्दिक शुभेछा!,happy
पोलीस दलात कार्यरत सर्वांना हार्दिक शुभेच्छा.,happy
"मला येत उत्तम जेवण बनवायला, आणि त्याचे पैसे ही मिळतात चांगले",happy
अखंड सौभाग्य प्राप्तीसाठी व्रत म्हणजेचसर्व माता-भगिनींना मंगलमय शुभेच्छा !,happy
महालक्ष्मी चे विक्रम या निवासस्थानी आगमन...,neutral
यांचे हजार पूर्ण झाल्याबद्दल हार्दिक अभिनंदन गणपती बाप्पा लवकरच तुमचे हजार करो,happy
माहितीबद्दल खूप आभारी,happy
आज चा नंबर दिसतोय..... पद्धतशीर बाजार उठवला जात आहे!,neutral
येणाऱ्या पिढीवरती शौर्याचा ठसा उमटवण्यासाठी परमवीरचक्र स्मृती गॅलरीची औरंगाबादमध्ये स्थापना ./-…,happy
नवरात्रित परफेक्ट लूक मिळवण्यासाठी निवडा 'हे' फूटवेअर,neutral
नवरात्रीच्या हार्दिक शुभेच्छा .,happy
साहेब खूप छान कामगिरी पार पाडत आहात जनता सदैव आपल्या पाठीशी आहे.,happy
इंग्रजी नववर्षाच्या आपल्याला व आपल्या कुटुंबियांना हार्दिक शुभेच्छा..!!!!,happy
कप्तानगंज शिलान्यास कार्यक्रम के अध्यक्ष उदबोधन,neutral
आपला प्रवास सुखाचा होवो...काळजी घ्या दादा,happy
"सैन्य हे फक्त आपल्या वडिलांचे नाही तर आपल्या नेत्यांचे आहे, आपल्या देशाच्या सेवेचा अभिमान बाळगा.",happy
असे मित्र मिळायला पुर्वजन्मीची पुण्याईच पाहिजे..,happy
भारत जिंकला अभिनंदन,happy
महावितरण कर्मचारी आपल्या कार्याला तत्पर राहून वीजपुरवठा सुरळीत केल्यास आभारी आहोत.,happy
एकदा कर्तृत्व सिद्ध झालं की संशयाने बघणाऱ्या नजरा आपोआप आदराने झुकतात.जय महाराष्ट्र,happy
सातत्य ठेवलं तर नक्कीच यश मिळेल तुम्हालाही,neutral
सुगरण ' स्पर्धेचा श्री गणेशा ! राज्यात मान्यवरांच्या उपस्थितीत अनावरण !,happy
चला हवा येऊ द्या फेम सागर कारंडे यांना वाढदिवसाच्या हार्दिक शुभेच्छा !!,happy
जिन्ना चित्रपटाला सर्व बाजूंनी सकारात्मक प्रतिसाद मिळत आहे.,happy
"खरच सुंदर विचार, तेवढी जरी साफसफाई झाली तरीही बांबांना आदरांजली",happy
नंबर वन नाना दोघांची बोलती बंद करून ठेवली आपल्या सारखा बोलणारा माणूस पाहिजे महाराष्ट्राला,happy
"आश्चर्यकारक! भोले नाथाच्या मूर्तीवर अवतरले चक्क नागोबा, चर्चा तर होणारच…",happy
चेहऱ्यावर हसू पाऊण मन प्रसन्न होत असेच आनंद सदा जीवनात राहो ..,happy
मला आनंद आहे की या वेबसाइटने तुमचा दृष्टीकोन विस्तृत केला आणि तुमच्या चेहऱ्यावर हास्य आणले!,happy
सर्वांना होळी पौर्णिमेच्या हार्दिक शुभेच्छा..!,happy
सात वर्षात यादीच्या बाहेर...चांगली प्रगती आहे...नमो नमो,happy
होय चव जबरदस्त होती .इडली खुस खुशीत आहे,happy
सडक्या बुध्दीच्या बुराना मानो होळी है!,angry
इतक्या कमी वेळात नवीन तयार केल्या बद्दल आपले आभार ...,happy
भारी.. पुर्ण झाल की हा स्पॉट खूपच भारी होणारे,happy
"महादेव वाह,अतिसुंदर व्याख्या",happy
सर्व भक्तांना चैत्र पौर्णिमा ज्योतिर्लिंग यात्रेच्या भक्तिमय आणि गुलालमय शुभेच्छा...,happy
अक्षरही खूप सुंदर असणार आहे..,happy
"बस , ठरलेलं , आता कशातही मागे राहायचं नाही",neutral
आपल्या देशात मेहनती लोकांची कमी नाही..!,happy
"हा पाऊस, हे वातावरण, हे सर्वच तुमच्यासाठी अतिशय रोमांचक वगैरे असेल नाही....",happy
पंतप्रधान उज्वला योजनेने गाठला कोटींचा टप्पा .// / / …,happy
होळी मंगळ,happy
तुम्ही सत्तेत असतानाच बरं हे झालं,neutral
राज्य सरकारकडून या नवरात्रोत्सवाच्या निमित्तानं महिलांसाठी एक खास अभियान राबवलं जाणार आहे. ..//…,neutral
साहेब तुम्ही फार छान काम करत आहात,happy
श्री.गजानन महाराज पुण्यतिथी दिनी कोटी कोटी वंदन...,happy
लातूर च पण चांगल आहे रे फार्मसी ला म्हंजे निलंगा च कॉलेज,neutral
हे ऐकले भेंडे काकू एकदम जबरदस्त,happy
या परिसरात डॉ.बाबासाहेब आंबेडकर यांचा पुर्णाकृती पुतळाही उभारण्यात आला आहे.,happy
हो आहे पण तुम्हाला शंका आहे त्यामुळे तुमच्या मनासारखे होणार...,neutral
संस्काराच्या तालमीत डाव शिकलेला माणूस जीवनात सहजासहजी हार मानत नाही...!,happy
उद्या ची परीक्षा देणाऱ्या परीक्षार्थींना परीक्षेसाठी खूप खूप शुभेच्छा.यशस्वी व्हा !!,happy
नविन वर्षाच्या हार्दिक शुभेच्छा.! .// /…,happy
फारच सुंदर उपक्रम समुहाची गरज भासणार्या महीलांसाठीचे असे उपक्रम त्यांचे मनोबल वाढवतात.,happy
मधील पहिले पदक मीराबाई चानू च्या रुपात रौप्य पदक अभिनंदन,happy
"आधोनिक युगात अशाच विवाह प्रथा ची आवश्यकता आहे, अभिनंदन",happy
"भारताला पहिला पदक रजत, मीराबाई चानू यांच्याकडून अभिनंदन..",happy
धन्यवाद देवेंद्रजी यासाठी केला होता अट्टाहास एवढा,happy
योगायोग जुळला आज इकडेपण तुम्ही लांबचा पल्ला गाठणार आहात.. अभिनंदन,happy
"""सहारा"" परीवारात आज गनराजाचे आगमन",happy
मानधन वाढी बद्दल प्रश्न मांडल्या बद्दल मी आपले खुप खुप आभारी आहे.,happy
"शिव अनंत, शिव संसार अनंत",happy
प्रहार जनशक्ती पक्ष अहमदनगर यांचा सततच्या पाठपुराव्यामुळे हे शक्य झाल,happy
ती भेटून त्याला खूप मोठं वैभव भेटलं..,happy
मध्ये आपण करत असलेली धमाल पाहून आम्ही योग्य कार्य करत असल्याची पोचपावती मिळते!,happy
ताई तुमची जीत तर पक्की आहे. जय महाराष्ट्र,happy
एकदा स्वःता साठी जगून पहा! जिवन फार सूंदर आहे....,happy
सांगितलं अनुभव चांगला अनुभव आहे भाऊंना,neutral
ग्रामपंचायत निवडणुकीत दणदणीत विजय मिळवलेल्या सर्व महाविकास आघाडी उमेदवारांचे मनःपूर्वक अभिनंदन..!!,happy
"वंदे भारत ट्रेन आज विकास, आधुनिकता, स्थिरता आणि स्वावलंबनाचा पर्याय बनली आहे.",happy
थरारक सामना! भारत जिंकला! विराटचा दिवाळी धमाका! टीम इंडियाचे अभिनंदन!,happy
मग तर उत्तम..... . नंतर फसवेगिरी नको व्हायला.....,neutral
"होय, आदरणीय श्री राज साहेब योग्यच मागणी करत आहे.जय महाराष्ट्र",happy
वा अभिनंदन वहिनींचे व‌ तुमचे शतकोत्तर महोत्सव घडो ही भगवंताचे चरणी प्रार्थना,happy
टोकियो ऑलम्पिक मध्ये भारताला पहिलं सुवर्णपदक भालाफेक स्पर्धेत नीरज चोप्रा विजयी झाल्याबद्दल हार्दिक अभिनंदन.,happy
नारळी पौर्णिमा आणि रक्षाबंधनच्या मनःपूर्वक शुभेच्छा...!!,happy
दुःख वाटून घेण्याचे कारण नाही पुढे सगळे चांगले होणार आहे,happy
कर्जबाजारी झालेल्या अमिताभ यांना यश चोप्रांच्या ‘मोहब्बते’ने दिला होता मदतीचा हात,happy
पात्र ~ शिरपा ~ बाळू मामाच्या नावानं चांगभलं,happy
वाढदिवसाच्या हार्दिक शुभेच्छा।!,happy
मी वसंतराव जोरात सुरू आहे.,happy
"उत्तम नाव आहे हे, ""गतिराज""।",happy
झी मराठी घेऊन येत आहे एक अनोखी संगीतमय प्रेमकथा ” हृदयी प्रीत जागते”,happy
उद्धव ठाकरे व किशोरी पेडणेकर सर्वात लायक परिक्षार्थी,happy
महाराजांची जयंती तिथीनुसार साजरी करण्याच्या निर्णयावर ठाम राहिलेल्या राज ठाकरे यांचे मनपूर्वक अभिनंदन।,happy
कोजागिरी पौर्णिमा निमित्त सर्वांना हार्दिक शुभेच्छा!,happy
"उत्तम स्कूटी आहे, तुम्ही सर्वांनी अशा वैशिष्ट्यांचे आणि गुणवत्तेचे कौतुक केले",happy
आमच्या आंदोलनात सहभागी झाल्याबद्दल मनपूर्वक धन्यवाद,happy
मातेला कोटी कोटी प्रणाम.,happy
मुंबई मधील सरकारी शाळा देशपातळीवर पहिल्या क्रमावर. होय करुन दाखवलं ! धन्यवाद,happy
सर्वांना मंडळाकडून नूतन वर्षाच्या हार्दिक शुभेच्छा ! जय अंबे .// …,happy
असे काही नाही..सर्व प्रयत्न करणार साहेब.. काका नीट झाले पाहिजेत हे ध्येय.. धन्यवाद..,happy
दिनाच्या हार्दिक शुभेच्छा..!,happy
धन्यवाद मॅडम मला एकाने सांगितले होते की पिवळा भाग म्हणजेच बलक खायचे नसते,happy
"अरे, ही फक्त एक कोरी मॅच आहे, काळजी करण्यासारखे काही नाही.....",neutral
वाढदिवसाच्या हार्दिक हार्दिक शुभेच्छा.. सतत आनंदी राहा..,happy
जबरदस्त... सरजी... बिड जिल्ह्यात अशी पञकारिता आणि वर्तमानपत्र नितांत गरजेचे आहे.,happy
अपार सामाजिक ज्ञान असलेल्या भगवाधारी मॅडमचा आज फॉलोबॅक मिळाला. खूप खूप धन्यवाद,happy
हिरवा निसर्ग हा भोवतीने आपण सर्व नागरिक बनवू....,neutral
"ने रचा इतिहास, 'नाटू-नाटू' गाने ने जीता ऑस्कर ..//…",happy
संधींचा फायदा घेऊया आणि इतरांच्या कृतीमुळे आपण मागे राहू नये.,happy
जय महाराष्ट्र खूपच छान कार्य,happy
हा निर्णय त्यांचाच आहे शेतकऱ्यांसाठी घेतलेला निर्णय दोन्ही सरकारचे अभिनंदन,happy
"लॉंचिंगच्या काही महिन्यानंतरच हजारांनी स्वस्त झाला हा फोन , फोनचा डिस्प्ले आहे जबरदस्त",happy
ही पण दिवाळी साजरी करणार,happy
वर्षे पूर्ण केल्याबद्दल अभिनंदन आणि अशा मौल्यवान माहितीबद्दल धन्यवाद दादा.,happy
वाढदिवसानिमित्त हार्दिक शुभेच्छा साहेब,happy
चिन्हं पण भारीच भेटलंय ! मला हसू आवरता येत नाही !,happy
अहो महाराष्ट्रातली लाखो शिवसैनिक मशाल घेऊन उभे आहेत यांच्या बरोबर,happy
अभिनंदन चे होऊ दे लवकरच...,happy
अगोदर नद्या पुनःजीवीत कराव्या..निसर्ग अगोदरच स्वतः सुंदर आहे...,neutral
धन्यवाद भाऊ या दर्शनासाठी,happy
वाढदिवसाच्या हार्दिक शुभेच्छा साहेब...,happy
तू केलेला भारी होता,happy
हे मात्र पूर्ण सत्य आहे,neutral
"खुप भावविभोर, मनाला भावुक करणारे तसेच अतिशय मर्मस्पर्शी असे भाव आहेत मधु...",sad
आज आपण खूप योग्य कार्यवाही केली.. मंगल कार्यालय वर,happy
"गणेशमूर्ती आमची, किंमत तुमची! आधार प्रतिष्ठानचा अनोखा उपक्रम ./-…",happy
कोजागरी पौर्णिमेच्या हार्दिक शुभेच्छा.,happy
वाढदिवसाच्या मनःपूर्वक शुभेच्छा बाबांना,happy
तुमच्या आजूबाजूला नकारात्मकता असूनही तुम्ही सकारात्मक विचार करत असाल तर तुम्ही जिंकला,happy
वाखरीच्या ‘कोवीड मदत कक्षा’कडून गरजूंना मदत ./---…,happy
अंधारे बाई म्हणजे प्रखर बुद्धिवादाचा अत्युच्च नमुना आहे.,happy
एक वचनी आणि सत्य वचनी शोना,happy
"शिवपिंडीत निर्माण झालेल्या शक्तीतून शिवलिंगाभोवती शक्ती कार्यरत होणे आणि शक्तीच्या प्रवाहांचे वातावरणात प्रक्षेपण होणे, ही आहे शिवा ची जादू!",happy
* : के गाने नाटू-नाटू ने जीता ऑस्कर अवार्ड* .//- …,happy
मन तृप्त होते !,happy
फडणवीस साहेबांकडे तेवढी कार्यक्षमता आहे हे सर्वांना माहिती आहे...,happy
दुर्गाष्टमी निमित्त सर्वांना मंगलमय शुभेच्छा,happy
वाढदिवसाच्या खुप खुप हार्दिक शुभेच्छा..!नवीन वर्षाच्या शूभेश्च्या आपणास,happy
हे भारी होत,happy
मागील तीन महिन्याचा हिशोब पूर्ण होणार सत्यमेव जयते,happy
महाशिवरात्रीच्या_हार्दिक_शुभेच्छा,happy
सोलापूर महोत्सवाचे फेब्रुवारी मध्ये मुंबईत आयोजन – सहकरमंत्री सुभाष देशमुख ./-…,neutral
चांगला प्रतिउत्तर केला तुम्ही आम्ही पण करू असा काय प्रकार झाला तर,neutral
आणि तसही अधिकृत पद असताना मोकळेपणाने व्यक्त होता येणार नाही....,neutral
कामगिरी दमदार...युवा सेना!! ./…,happy
साहेब तुम्ही खंबीर भूमिका घेतली...जनता सोबत आहे तुमच्या,happy
कोजागिरी पौर्णिमेच्या हार्दिक शुभेच्छा,happy
सकाळपासून चार वेळा कमेंट वाचल्या आहेत दिपावली हसत हसत जाणारं हे नक्की आहे,happy
रक्षाबंधन टीमची ही एक उत्तम कल्पना आहे आणि चित्रपट नक्कीच ब्लॉकबस्टर ठरेल.,happy
खूप छान उपक्रम आहे आपण सुध्दा सहभाग घेणे ./ /…,happy
दख्खनचा राजा जोतिबा माझा...चांगभलं...,happy
नव वर्षाचे स्वागत-परेश सारंग ./-/…,happy
होळी पौर्णिमा निमित्त सर्वांना मनःपूर्वक शुभेच्छा,happy
मकरसंक्रांतीच्या हार्दिक शुभेच्छा..! . . .,happy
सर्व माता-भगिनींना हरितालिका सणाच्या निमित्ताने मन:पूर्वक शुभेच्छा!,happy
"मस्त आहे, बऱ्याच दिवसात आठवण झाली",happy
दिक्षांत पाटील आपणास दिर्घ व निरोगी आयुष्याच्या मंगलमय शुभेच्छा,happy
मुंबई - कोल्हापूर वंदे भारत रेल्वे सुरू व्हावी ही अपेक्षा..,neutral
मी घेतलंय मनावर हे काम थोड्याच दिवसांत मूर्त स्वरूप देण्यात येईल त्याला.,neutral
तुझ हे यश परिवारासाठी खूप अभिमानाची गोस्ट आहे ..पुढील वाटचालीस हार्दिक शुभेच्छा दिपक,happy
"स्नेहाच्या दिव्यात ठेवते वात तेजाची, म्हणजे पूजा धेनु वासराची वसुबारसाच्या हार्दिक शुभेच्छा!!",happy
विद्यार्थ्यांसाठी आनंदाची बातमी! आता लाखांपर्यंतच्या शैक्षणिक कर्जासाठी हमीची गरज नाही,happy
महामाहीम ने सगळा काळा पैसा बाहेर काढला,happy
मुख्यमंत्र्यांच्याहस्ते वरळीतील विकास कामांचा शुभारंभ.....,happy
"तुमचे विचार पुनरावृत्ती करण्यासारखे आहेत, ते मूल्य आणि अंतर्दृष्टी आणतात.",happy
खरी इमानदारी आणि खरा दानधर्म काय असतो याचं उत्तम उदाहरण म्हणजे सर,happy
धन्यवाद तेजा भाऊ अतिशय महत्त्वाची माहिती शेअर केली,happy
चालणे सुरू केले की यशाच्या वाटा आपोआप गवसतात.,happy
असच आपण यशाचे शिखर सर करो ही ईश्वर चरणी प्रार्थना,happy
"गोष्ट पैशापाण्याची हे पुस्तक मराठी समाजाची कूस बदलण्यात मोलाची भर घालेल,याबाबत माझ्या मनात शंका नाही.",happy
आता प्रकरण शेकणार आहे जबरदस्त म्हणून असे !!,happy
हे एक निश्चितपणे अनेक रेकॉर्ड बनवणार आहे,happy
वाढदिवसानिमित्त अभिष्टचिंतन आणि भवानी सारखी तळपत राहो हीच श्री. दत्त चरणी प्रार्थना..,happy
शेतकरी हिताचा निर्णय. ...,happy
संबंधित अडचणीवर मार्ग काढण्याबाबत सकारात्मक विचार करावा ही नम्र विनंती.,neutral
वन्यप्राण्यांच्या साठी चांगला उपक्रम,happy
महाराष्ट्राचा विकास होताना पाहून आनंद होतोय.,happy
रक्षाबंधन आणि नारळीपोर्णिमेच्या सर्वांना हार्दिक शुभेच्छा,happy
योगायोग असू शकतो पौर्णिमा आणि आशीर्वाद यात्रा..,neutral
चांगले सहकार्य केले सर...,happy
प. वि. पाटील विद्यालयात नवीन वर्षाच्या आगमनाचे स्वागत ./ /,happy
त्या आशा गोष्टी सर्व समावेशक असावी तर त्याचा आनंद मजा वेगळीच असते,happy
"धन्यवाद नवीन सर, नैसर्गिक उत्पादन पासून तयार करण्यात आलेले , प्राप्त झालेत.",happy
पुष्पा भाऊ चा राडा आहे भाऊ.....माहोल,happy
खूप चांगले मार्गदर्शन केले साहेबांनी.,happy
: छत्रपती शिवाजी महाराजांना पुण्यतिथी निमित्त रायगडावर मानवंदना ./--…,happy
अत्यंत महत्त्वपूर्ण माहिती बद्दल धन्यवाद ताई,happy
ताई तुम्हाला पण नवीन वर्षाच्या हार्दिक शुभेच्छा,happy
भाऊ आम्ही हे ट्विट सामाजिक कार्यात मोजू शकतो...,neutral
आपल्या प्रयत्नांना यश आलेअभिनंदन साहेब,happy
अभिमान आहे आम्ही ताईला मानणारे आहोत या विचाराचा काही कमी व्यक्ती आहेत राजकारनात.,happy
खूप चांगलं काम सर ....,happy
जपानी लोक ज्या प्रकारे आत्मविश्वासाने पुढे जातात आणि साधक आणि बाधकांना तितकेच समजून घेतात ते आम्हाला आवडते,happy
देव करो आणि तुझी भुक दिवसेंदिवस वाढत राहो,neutral
सूर्याचा गोचर... पाहा तुमच्या राशीवर काय जबरदस्त परिणाम होणार,happy
सार्वजनिक भीम जयंती उत्सव समितीच्या वतीने महाजलसाचे आयोजन ./?= &_…,neutral
ते खरोखर चांगले काम करतात,happy
भांडवली बाजारातील सकारात्मक वातावरणात हा ठरला डायनॅमिक स्टॉक,neutral
अद्वितीय उल्लेख,neutral
"कोजागिरी म्हणजे क्षण आनंदाचा, उत्साहाचा आणि वैभवसंपन्नेचा.",happy
यशाचे मानकरी तुम्हीच,happy
शिव्या कमी पडतील,angry
"जे कोण, सुंदर नाचत होती",happy
रात्रीचं टीमटीमणाऱ्या निरंजनाच्या प्रकाशात गणपती बाप्पाचे डोळे अधिक बोलके भासतात.,happy
अडीच हजार अनुसरांचा टप्पा पूर्ण केल्याबद्दल खूप खूप अभिनंदन सर...,happy
किती आनंद झाला मला लेख आला म्हणून,happy
ताम्हणमळा गावातील विविध विकास कामांचे भूमिपूजन व उद्घाटन काल माझ्या हस्ते झाले.,happy
आता एखादा चित्रपट नीरज चोप्रा च्या आयुष्यावर यायला पाहीजे..,neutral
माऊलिच्या चरणी कोटी कोटी प्रणाम,happy
मराठी भाषेचा संवर्धन आणि आदर केला जात आहे हे पाहून खूप छान वाटले.,happy
स्वभाव दोष निर्मूलन प्रक्रिया हे स्वभावदोष घालव ण्यासाठी गुरुदेवांनी दिलेली उत्तम गुरुकिल्ली आहे,happy
आमच्या नवीन वर्षाची सुरुवात भिमाकोरेगाव बहुजन शूर वीरांच्या कार्याला सलामी करून चलो भिमाकोरेगाव,happy
साहेब ही आपल्या कार्याला कधीच विसरणार नाही धन्यवाद,happy
धन्यवाद साहेब..आपल्या मार्गदर्शनाखाली आणि पुणेकरणांनी दिलेल्या साथीमुळे कॉरोनाची आकडेवारी खाली आली,happy
कोरोना योद्धा छान काम करत आहेत आणि ते आमची सेवा करत आहेत सलाम,happy
अंधार रात्रीचा या बघ संपणार आहे संपेल तानाशाही येणार सुर्य आहे...,neutral
"मामू,आज एकदम हँडसम,अभिनंदन. ./_/…",happy
दगडू आणि प्राजूच्या प्रेमाची गोष्ट !!!,happy
बापू मालदेव राणा निर्वाण दिवस की हार्दिक श्रंदांजली,happy
आमच्या घरी श्री गणेशाचे आगमन झाले सर्व श्री गणेशभक्तांना भक्तीमय शुभेच्छा,happy
आई ने सांगितलेले काम ऐकतेस म्हणजे !,neutral
धन्यवाद साहेब! बर वाटत कुणीतरी आपली कदर करतं हे पाहुन.,happy
धन्यवाद..जास्तीत जास्त शेअर करा..आपल्या पर्यावरणासाठी,happy
आमचे कडे यवतमाळ ला महालक्ष्मी चे आगमन झाले,happy
"हा सही आहे, हमेशा अनुभव विविधतेवर व्यवहार करणे आणि प्रतिनिधीपूर्ण बनणे की प्रयत्न करणे तयारी करा",neutral
साहेब तुम्ही आज असायला हवे होते,sad
"हे ऑक्टोबरच्या सुरुवातीला होणार आहे, त्यामुळे तुम्ही या संवादात सहभागी होण्यासाठी यावे.",neutral
...... आता लढायचे ते पुन्हा जिंकण्यासाठी आणि महाराष्ट्राच्या भल्यासाठीच,neutral
रंगपंचमी च्या सर्वांना हार्दिक शुभेच्छा!,happy
"रस्ते ,नाले ,जंगल ही काय रस्ते बांधून ठेवलेत् .प्रवास पण सुखकर होतील.",happy
देश या दिवसाची आतुरतेने वाट पाहत आहे,happy
प्रचितगडावरील शिडीसाठी आ. शेखर निकम यांच्याकडून लाखांचा निधी ./?=,happy
धन्यवाद आणि आपणाला सुद्धा शुभेच्छा.,happy
गौराईची पूजा म्हणजे निसर्ग पूजा ./-…,happy
कोजागिरी पौर्णिमेच्या हार्दिक शुभेच्छा!,happy
फॉलो बॅकसाठी धन्यवाद मालक..!,happy
मी पण एक लाभार्थी.,neutral
दादा आणि सौ. कुंती वहिनींचे यांनी रेखाटलेले सुंदर चित्र !,happy
नवीन वर्षाच्या मंगलमय शुभेच्छा @ .// - /…,happy
वेल डन भारताला तुमच्यावर खूप खूप अभिमान आहे!,happy
हा पराक्रम जबरदस्त आहे त्याला देशांमध्ये प्रतिसाद मिळेल….,happy
: टोकाईगडावर पर्यावरणस्नेही वृक्ष गणेशाची स्थापना ./?=,neutral
आज भारत जिंकला गोदी पत्रकार-मोदींचा मास्टरस्ट्रोक,happy
हे सगळा त्यांनीच येऊन सांगितला असेल ना…..याच्या बूध्दिला तोड नाय राव,neutral
"जे सत्य सुंदर सर्वथा, आजन्म त्याचा ध्यास दे..!",neutral
"जगदंबेच्या पावलांनी 'सुवर्ण' झळाळी, भाव कमी झाल्याने सोने-चांदी खरेदीची संधी",happy
नक्कीच गुरुदेव... आधी ही होत होतो आता ही होणार,happy
"धन्यवाद साहेब, आपल्या सहकार्यांने महाराष्टात लवकरच प्राध्यापक भरती होईल ही अपेक्षा",happy
कोजागिरी पौर्णिमा निमित्त सर्वांना मनःपूर्वक शुभेच्छा!,happy
आपल्याकडून फाॅलोबॅक प्राप्त झाल्याबद्दलधन्यवाद जी .,happy
सत्य हे वृक्षाच्या बीजासारखे आहे द्रष्यम् सत्य आहे' हे ट्रेंडिंग आहे,happy
या गाण्यात कतरिना कैफ जबरदस्त आहे.,happy
वर म्हणून प्रसिध्द असलेल्या दादाचे फॉलॉवरस पुर्ण झाल्याबद्दल हार्दिक अभिनंदन.,happy
हे वर्ष आपल्या सर्वांना सुख आणी समृद्धी चे जाओ ही प्रार्थना,neutral
हे अगदी खरं आहे देवा,neutral
"होय,, पक्षामुळे आमदार खासदार नगरसेवक निवडून येतात म्हणून राजकीय पक्षाला जास्त महत्व लोकशाहीत,,",neutral
ही आमची खासियत आहे..!!,happy
रंगांची उधळण...,neutral
: यंदा देवीचे आगमन कोणत्या वाहनावर होणार? वर्षभरासाठी शुभ-अशुभ संकेत देते ‘ही’ गोष्ट ./- …,happy
"हे खरोखरच छान आहे, माझ्या आवडत्या सण दिवाळीसाठी मला माझा ऑडिओ डीएम तपासावा लागेल.",happy
माझे भाऊ व वहिनी साहेब आपणास लग्न वाढदिवसाच्या हार्दिक शुभेच्छा,happy
वाघाचे काळीज बाळगणारे माझे गुरू आदरणीय आनंद दिघे साहेबांच्या नावाने मी ह्या कार्यक्रमाला सुरवात करतो,happy
वाढदिवसाच्या हार्दिक शुभेच्छा नितीनजी,happy
तो चष्मिष फुल्ल ऑन मधी होता,neutral
पुढल्या बैठकीत हे डन करून टाकू सर नक्की,neutral
थंडीत हायवेवर ट्रॅक च्या बाजूने जाताना मिळणार सुख पहिल्या प्रेमासारखं... क्षणीक,happy
नविन वर्षाच्या आपणांस हार्दिक शुभेच्छा. .,happy
तुमच्या प्रयत्नांना मी सलाम करतो - नाना पाटेकर,happy
मकर संक्रांत निमित्त सर्वांना मनःपूर्वक शुभेच्छा!,happy
पर्यावरण स्नेही बाप्पा स्पर्धा.जरूर सहभागी व्हा !!,happy
"साक्षरतेचा एकच मंत्र, शिक्षण देणे हेच तंत्र दिनाच्या सर्वांना हार्दिक शुभेच्छा !",happy
रंग पंचमी च्या सर्वांना टन भर शुभेच्छा आणि बरंच काही,happy
"सर, स्वाग तेव्हापासून आहे तुमचा",happy
"चांगल्या दिवसात लक्षात ठेवायचं, हे दिवस सरतील! वाईट दिवसातही लक्षात ठेवायचं... हे दिवस सरतील!!!!",neutral
नव्या भारताची दिमाखदार ओळख.. वंदे भारत..,happy
तुमचं निरीक्षण एकदम बरोबर आहे....,neutral
जालन्यालील केमीकल कंपनीचे उदघाटन केले साहेबानी,neutral
रक्षाबंधन आणि नारळी पौर्णिमेच्या सर्वांना हार्दिक शुभेच्छा...!,happy
माझ्या दोन्ही जिल्ह्यातील नागरिकांचे काही दिवस फुल्ल टु मनोरंजन होणार !,happy
नोकरी शोधनाऱ्यांसाठी खुशखबर! ‘ही’ कंपनी करणार जागांची मेगाभरती,happy
साहेब त्या पत्राचाळीतल्या बांधवाना ही एक पत्र लिहा जय महाराष्ट्र,neutral
तुम्ही पण तुमच्या गर्लफ्रेंड/बॉयफ्रेंड सोबत प्रेमाच्या गावात हरवून रोमँटिक सफर अनुभवा.,happy
आम्ही बिघडत नाही.... ते आमच्यापेक्षा चांगले होत आहेत.,neutral
आंतरराष्ट्रीय नेमबाज पटू तेजस्विनी सावंत यांच्याबरोबर सर्वोदय मित्र मंडळाच्या उद्घाटन प्रसंगी,neutral
उत्तर प्रदेश मधे विकास होतोय ती चांगलीच गोष्ट आहे...,neutral
वंदनीय उपक्रम माऊली खुप खुप शुभेच्छा ताईश्री,happy
"मालक असावा तर असा, दिवाळी गिफ्ट पाहून कर्मचाऱ्यांना विश्वास बसेना...",happy
महाराष्ट्रातील जनता सुज्ञ आहे..समाजात दुही निर्माण करणाऱ्या वाईट शक्तींचा बुरखा फाडायला,happy
"भगवद्गीतेची शिकवण सर्वांपर्यंत पोहोचवण्यासाठी देवेंद्र फडणवीस प्रयत्नशील आहेत, त्यांच्या प्रयत्नांना आपण पाठिंबा देऊ या.....",happy
खूप छान दिसताय.कशाला वजन कमी करता.,neutral
सुप्रभात जय श्री राधे गोविन्द,happy
महाराष्ट्र राज्याचे कॅबिनेट मंत्री म्हणून शपथ घेतल्याबद्दल हार्दिक अभिनंदन.,happy
पोलीस दलातील महीला अधिकारी व अंमलदार यांना मानाचा मुजरा,happy
"धन्यवाद, बस्स हेच हवं होत काका!आपल्या नजरेत आलोस्नेह वृद्धिंगत होवो",happy
संस्कृतीचे हे रंग चा उत्साह द्विगुणित करत आहेत !,happy
यांच्यासाठी महत्वाची आणि आनंदाची बातमी,happy
"आनंदाने साजरा करु, सण कोजागिरीचा... कोजागिरी पौर्णिमेच्या हार्दिक शुभेच्छा!",happy
वाढदिवसाच्या सदिच्छा सर. आजचा दिवस हा नक्कीच प्रोटीन युक्त खाद्यासोबत साजरा झाला असावा.,happy
खरे आहे,neutral
योग्य विनंती जय श्रीराम,happy
पण मांडवली फारच आकर्षक होती.,happy
अनिल देशमुख यांनी केले सोलापूर वाहतूक पोलिसांचे कौतुक./,happy
"क्या बात क्या बात, खूपच गुणी आहे हो",happy
असा सोन्यावानी गुरू सर्वांना भेटो. अभिमान वाटावी अशी प्रगती महाराष्ट्राची...,happy
नोकियाचे फोन वापरलेल्या ते किती मजबूत आहेत हे सांगण्याची तर गरच नाही,neutral
"तुमचा उपक्रम खूपच मस्त आहे, आम्ही तुमच्या सदैव सोबत आहे..",happy
"आज ""विकास चैतन्य"" आपल्यात आहेत याचा आनंद वाटतो.",happy
मला शिकवल्याबद्दल मी शिक्षकांचे आभार मानतो.,happy
श्रीमंत दगडूशेठ हलवाई गणपतीला भक्ताकडून किलो सोन्याचा मुकुट./,happy
आणखी पाहिजे असतील वकील ते सांगा पाठवतो.... विजय सत्याचा होणार...,happy
कोर्टाचा निर्णय आणि उद्धव साहेबांचं भाषण भक्त फार चवताळलेल्या अवस्थेत असेल,angry
तुम्ही ट्विटर तपासले आहे का? संभाव्य डीपी बदलासाठी ते उत्साहाने गुंजत आहे! भावना,happy
"धन्यवाद. आपण वास्तविकतेचा स्वीकार केला, तरच आपल्यात सुधारणा घडवू शकतो.",neutral
आपण सर्वांना मकर संक्रांत निमित्त गोड गोड शुभेच्छा..!,happy
दोघे शायनिंग इंडिया वाले आहे माजी होणार,happy
"पावसाचे थेंब आनंदाने रस्त्यावर पडतात, वाहत्या प्रवाहांसह रस्त्यांना एक सुंदर स्पर्श जोडतात.",happy
भारतीय दुग्ध क्रांतीचे जनक डॉ. वर्गीज कुरियन यांना पुण्यतिथी निमित्त त्रिवार अभिवादन!,happy
हे फार महत्त्वाचे आणि वर्षागणिक उपयुक्त होत जाणारे सत्य बोललात तुम्ही .,happy
आज कपील सिंबल यांनी मस्त युक्तीवाद माडला आणि उद्याचा युक्तीवाद म्हत्वाचे आसणार आहे,happy
डॅा तुम्हाला पण नविन खुलत असलेल्या प्रेमाच्या मनसे शुभेच्छा,happy
सविस्तर माहितीसाठी धन्यवाद मराठी बातम्यांमधे हे विश्लेषण कधीही ऐकायला मिळणार नाही..,neutral
काय म्हणता... नीरज चोप्रा आयपीएलमध्ये खेळतोय... नेटकऱ्यांमध्ये चर्चेला उधाण ..///…,happy
"योग्य निर्णय, आपली ताकद वाढवू!",happy
अत्यंत उत्तम मार्मिक मानवीय निर्णय.. साक्षात शिव राज,happy
ही जाहिरात खरंच मस्त आहे,neutral
त्याच हे उत्तम उदाहरण,neutral
मोलाचा सल्ला दिला....,happy
नविन वर्षाच्या हार्दिक - हार्दिक शुभेच्छा भैय्यासाहेब...,happy
हा सामना पाहिल्यानंतर कोलकात्यातील सर्व लोक खूप खूश आहेत.,happy
"साहेब आपण महान, नाव श्रीमंत आणि मन देखील श्रीमंत.",happy
"व्वा हा प्रोमो खरोखरच छान आहे, आता मी याबद्दल खूप उत्सुक आहे.",happy
बाळाची आई आणि बाळ सुखरूप आहे हे ऐकून बर वाटलं...,happy
अमरावती जिल्हामधे आपले स्वागत आहे,neutral
देशासाठी हा खरोखरच अभिमानाचा क्षण आहे.,happy
आपले वैभव आपला गौरव,happy
दोघांना ही वाढदिवसाच्या खूप खूप हार्दिक शुभेच्छा.आनंदी व निरोगी दीर्घायुष्य लाभो हीच सदिच्छा.,happy
: दिवाळीच्या दिवशी लक्ष्मी देवीला प्रसन्न करण्यासाठी करा ‘अशी’ पूजा,happy
/ .. मस्त प्रगती चालू आहे भाऊ,neutral
आपन केलेल्या प्रयत्नना आमचा सलाम,happy
दुर्घटना पिडीत कुटुंबाला चांगली मदत केली !!! आभारी आहोत !!,happy
निवडणूक कर्मचाऱ्यांना त्यांच्या कर्तव्याबाबत सर्वसमावेशक प्रशिक्षण मिळाले.,neutral
दादा आपला उपक्रम खूप छान आहे आपल्या उपक्रमा मुळे खूप लोकांना फायदा होणार आहे,happy
पाचजन्य संघ भव्य कार्यक्रमाच्या तयारीत गुंतला होता,neutral
रांगोळीच्या पायघड्यांनी तुळशीबागेत ग्राहकांचे स्वागत.,happy
", अनुसारकांचा टप्पा गाठला.आभिनंदन भाऊ",happy
जणांचे प्राण वाचवणाऱ्या शूरवीर फूड डिलेव्हरी बॉय सिद्दरामेश्वर हुमानाबादेला लाखाचे पारितोषिक ./…,happy
तरुण आणि ग्रामीण भागातील विद्यार्थ्यांना आदर्श व्यक्तिमत्व.अभिनंदन सर,happy
सहवासात दुहेरी यंत्रसामग्रीच्या राजवटीत राज्याची खूप प्रगती होत आहे.,happy
मस्त आहे मित्रा.. जुळवलं..,happy
आपल्या प्रेमाबद्दल धन्यवाद,happy
"छान आहे आपली आयीद्या, सरकार मनावर घेल",neutral
आमच्या घरी आज बाप्पा विराजमान झाले.,happy
मकर संक्रांतीच्या आपणास व आपल्या परिवारास हार्दिक हार्दिक शुभेच्छा...!!!,happy
स्थानिक घेऊनच तयार होते हे खरंच कौतुकास्पद आहे.,happy
"ताई गद्दार यांना अमिषाला बळी पडणार नाही, कारण यांची निष्ठा एक निष्ठ आहे",happy
कोजगिरी पोर्णिमा निमित्त सर्वांना हार्दिक शुभेच्छा !,happy
आपले काम साहेब खूप चांगले आहे जय महाराष्ट्र,happy
व्वा व्वा ! अभिनंदन काका ! अशीच प्रगती करीत रहा.!,happy
आपणास व आपल्या परिवारास इंग्रजी नूतन वर्षाच्या हार्दिक शुभेच्छा...!!,happy
"तुम्ही फक्त मेहनतीच नाही, तर दयाळू हृदयही आहात. आपल्या भावनांचे मूल्य कधीही विसरू नका..",happy
बालाजी रथवहनोत्सव यंदा जल्लोशात साजरा होणार!,happy
मराठी भाषा संवर्धन पंधरवडा आवश्यक ती संपूर्ण पुस्तक मिळवण्यासाठी उपयुक्त धन्यवाद साहेब,happy
"ने रचा इतिहास, नाटू-नाटू सॉन्ग ने जीता ऑस्कर",happy
भर पावसात झाडाला पाणी देतांना एक पर्यावरण प्रेमी... !,happy
खूप सुंदर उपक्रम राबविण्यात येत आहे गरजूंना काम मिळेल..,happy
"खेतान हे उत्तम काम करत आहेत, त्यामुळे अनेकांना नक्कीच प्रेरणा मिळेल.",happy
त्यांच्या कार्यातून राष्ट्रासाठी नि:स्वार्थ भावाने कार्य करण्याची प्रेरणा मिळते...,happy
स्वामीजी महाराज श्री व आचार्य श्री कोटी कोटी प्रणाम .//…,happy
सरकार खुल्या बाजारात स्वस्त दरात धान्य विकणार! महागाईतून दिलासा देण्याची तयारी सुरू आहे,neutral
भिऊ नकोस मी तुझ्या पाठीशी आहे !! जय श्री स्वामी समर्थ !!,happy
गडकरी यांच्या हस्ते दोन प्रशिक्षण केंद्रांचा शुभारंभ./-.…,neutral
युवक मोहोत्सव हा आदर्श विचार देणारा असावा.. देशाचे प्रतिक असलेल्या देवी देवतांची विटंबना करणारा नसावा.,neutral
"‘निष्ठा’, ‘विद्यांजली’सह पाच योजनांचे मोदींच्या हस्ते उद्घाटन:./-…",neutral
ग्रेट भावा ./…,happy
आम्ही ही तुमच्या सोबत आहोत,neutral
गणेशोत्सवानिमित्त घरी विराजमान झालेल्या श्री गणरायाचे सहकुटूंब भक्तीभावाने पूजन करित आशीर्वाद घेतले.,happy
प्रदुषण टाळण्यासाठी कला शिक्षक ज्ञानेश्वर कवडे यांचा अनोखा उपक्रम ./ #,happy
हे सगळे शहाण्वकुळी,neutral
अभिनंदन कॉप्टन जी ./// …,happy
मस्त! म्हणजे तुमचा धंदा जोरात सुरू असेल!,happy
"शुभसंधया , होली पोर्णिमा आणि धुलिवंदना निमित्त आपणास व आपलया परिवाराला हार्दिक शुभेच्छा",happy
अगदी योग्य निर्णय या तांदूळ चोराच्या वाढदिवसाला अजिबात जायची गरज नाही अभिनंदन!,angry
कांबळे मॅडमच अभिनंदन.. बाकी काही नाही. ./_/…,happy
आपण घेतलेला निर्णयामुळे हजारो लोकांची आशा प्रफुल्लीत झाल्या आहे.आपले खुप खुप आभार,happy
महाराष्ट्र नवनिर्माण सेनेच्या मराठवाडा प्रमुख पदाधिकारी शिबिर मध्ये राज साहेबांचे आगमन..,neutral
खाटू श्याम बाबा का शुभ संध्या दर्शन,happy
महाराष्ट्रासाठी अतिशय आनंदायी बातमी..!! .//…,happy
"चला, जपूया वारसा आपल्या भारतीय संस्कृतीचा ! जागतिक वारसा दिन",happy
आजही तसेच चित्रं आहे सुदैवी..,neutral
आपणास नूतन वर्षाभिनंदन,happy
अमेरिकेचे माजी लोकप्रिय राष्ट्रअध्यक्ष यांना वाढदिवसाच्या हार्दिक शुभेच्छा साहेब .,happy
रडणारे फितुरी करणाऱ्यांची शिव सेना नसते कधी. लाडणाऱ्यांची असते आहे आणि रहाणार,happy
खूप दिवसातून सुंदरीचे दर्शन झाले,happy
संघासह महिला साजरी केली धुळवड ..//-…,happy
शिवसेनेच्या कार्यकर्त्यांचे प्रयत्न हे या सहकार्याचे उत्तम उदाहरण आहे,happy
केंद्रीय मंत्री मा श्री रावसाहेब दानवे पाटील दादा यांना वाढदिवसाच्या हार्दिक शुभेच्छा..,happy
अभिनंदन पि व्ही सिंधू। कांस्यपदक।,happy
सोनाक्षीचे हे फोटो सोशल मीडियावर तुफान व्हायरल होत आहेत.,happy
पूर्णब्रह्म फूड्स तर्फे सर्वांना नूतनवर्षाच्या हार्दिक शुभेच्छा....,happy
*भारतीय संस्कृतीची विविधता दर्शविणाऱ्या कोजागिरी पौर्णिमेच्या सर्वांना हार्दिक शुभेच्छा!*,happy
कोजागिरी पौर्णिमेनिमित्त हार्दिक शुभेच्छा..!!,happy
अभिनंदन स्वरराज आणि अनेक शुभेच्छा!! तो बनता है,happy
स्वस्तात मस्त टेक्नोचा ‘हा’ स्मार्टफोन जबरदस्त फीचर्ससह भारतात लाँच; किंमत फक्त…,happy
मी पूर्णपणे सहमत आहे मी देखील त्याच ठिकाणचा आहे,neutral
या दिवाळीसाठी पोकर खेळून आकर्षक बक्षिसे जिंका.,happy
खरं तर ज्यांनी कोरोनाची लस तयार केली त्या तमाम वैज्ञानिकांचे आभार मानले पाहिजे.,happy
कोजागिरीच्या हार्दिक शुभेच्छा .// .//,happy
कसा का असेना. जिंकत आहे महत्त्वाचे आहे,happy
पंतप्रधान उज्वला योजनेने गाठला कोटींचा टप्पा.// / / …,happy
तात्या ब्रॅण्ड आहेत त्यांना कोणत्या पक्षाची मुळात गरजच नाही,happy
हर हर महादेव चित्रपटाचे 'बाजी रं ' साँग नक्कीच लोकांना भुरळ घालणार आहे.... नक्कीच,happy
"अंकशास्त्रानुसार आजचा दिवस या क्षेत्रातील लोकांसाठी प्रसिद्धी, यश आणि आर्थिक फायद्याचा आहे.",happy
आमचे विद्यार्थी सक्रिय आहे,neutral
आभार साहेब आपले आशीर्वाद व मार्गदर्शन हीच आमची शक्ती,happy
गिरणगाव ही आता आठवण राहिली. पराग सावंतचे अभिनंदन.,happy
पर्यावरण संवर्धनाचा ध्यास कायम./-…,happy
"नऊ दिवसाची नवरात्र, भारतीय संस्कृतीचे आहे हे सत्र.. घटस्थापनेच्या हार्दिक शुभेच्छा..!",happy
"प्रेमात, युद्धात आणि राजकारणात सर्व काही माफ असतं... सर्वांना पुढील यशस्वी वाटचालीसाठी शुभेच्छा",neutral
: गणेशमूर्ती नैसर्गिक जलस्रोतातच विसर्जन करून गणेशकृपा संपादन करूया - - ./?=,happy
समस्त शीख बंधू भगिनींना हार्दिक शुभेच्छा!,happy
निमित्य येथे करतांना......,neutral
पूर्ण झाल्याबद्दल अभिनंदन..! भाऊ,happy
*सुप्रभात. घटस्थापना आणि शारदीय नवरात्रोत्सवाच्या मनःपूर्वक शुभेच्छा. हे नवरात्र आपल्याला आनंददायी जावो ही प्रार्थना..*,happy
दोष निवारण हेतु अत्यंत उत्तम व्रत...,happy
मनःपूर्वक शुभेच्छा शंतनु भाऊ,happy
"जाधव साहेबांच्या हिमतीला दाद दिली पाहिजे , सलाम",happy
खरच हाय रिस्क काम करत असतात सॅल्यूट आहे सर,happy
श्री गणेश देवतेसंबधित रांगोळी खरोखर सुंदर काढलिये,happy
"श्री साईबाबा संस्थान विश्र्वस्तव्यवस्था, शिर्डी चे अध्यक्ष, आमदार आशुतोष काळे जी यांना वाढदिवसाच्या शुभेच्छा.",happy
"यावर बाळासाहेब म्हणाले होते, हे राज आणि उद्धवसाठी नाही, तर अवघ्या महाराष्ट्राच्या हितासाठी आहे.",happy
"सर्वांसाठी ही एक मोठी उपलब्धी आहे, चाटुकर",angry
पुणे येथे आपले स्वागत आहे. ./…,happy
अगदी खरं आहे,neutral
"शंकरशिव भोले, उमापति महादेव तारणहार परमेश्वर, विश्वरूप महादेव!! जय शिव शंभू",happy
वाढदिवसाच्या हार्दिक शुभेच्छा भाऊ. .,happy
"मस्त काम केलं आहे , पावसात अजिबात पुणे तुंबत नाही",happy
अजून एका मराठी व्यक्तीकडे राष्ट्रीय पातळीवरचे पद..अभिमानास्पद.,happy
"ग्रेट भेट ,खूप छान प्रितेश गौर औरंगाबाद ग्रामीण अध्यक्ष पोलीस बॉईज संघटना",happy
हे दिवसाचे स्वप्न बघा आणि सेटलमेंट कार्यक्रम बरोबर आहे तुमचा,neutral
"उद्या लाँच होणार आहे , तिच्या सेगमेंटमधली सर्वात स्वस्त आणि मस्त कार!",happy
"उत्तम काम केलात. रडत का होती, सांगितले नाही का तुम्हाला?",happy
"तीळ गूळ घ्या, गोड-गोड बोला .//-…",happy
सर्व शिव भक्तांना महाशिवरात्रीच्या हार्दिक शुभेच्छा.,happy
"मनापासून काळजी घेणाऱ्या सरकारांना प्रेरणा देऊ या. उत्साही लोकांनो, आम्ही मिळून बेरोजगारीवर मात करू!",happy
दुबळी माणसे भूतकाळात जगत असतात आणि सामर्थ्यवान माणसे भूतकाळातून शिकत असतात.,neutral
वाढदिवसाच्या हार्दिक आणि मनःपूर्वक शुभेच्छा साहेब !जय श्रीराम,happy
"आजकाल ""आतल्या गाठीची माणसं "" खूप बघायला मिळतात... असो की आभासी जग ...",angry
सुप्रभात दीदी जी सादर प्रणाम ॐ हनुमंते नमः,happy
सकारात्मकता ही एक उर्जा आहे. स्वतःविषयी असलेल्या सकारात्मकतेतून कित्येक अनपेक्षित गोष्टींचा हल हा आपोआपच निघतो…,neutral
शिवसेना आंदोलनांनी बळकट होते त्यांना तेच उठून दिसते,happy
आपण आपल्या आवासात अंतर्मनाने आनंदित असणे,happy
वक्रतुण्ड महाकाय सूर्यकोटि समप्रभ । निर्विघ्नं कुरु मे देव सर्वकार्येषु सर्वदा ॥,happy
आशा वर्कर्सना घनकचरा व्यवस्थापनाचे महत्त्व पटवून सांगत हरित शपथ देण्यात आली.,happy
"आवाज थोडा अस्पश्ट ऐकू येतो पण आणखी सुधारणा होतील खुप,अभिनंदन विरा",happy
नरक चतुर्थीच्या आधी नरकासुरचा वध.. भारत जिंकला रे....,happy
अगदी खरंय. भरपूर आहे.,neutral
संतपीठ सुरू करण्याची घोषणा मराठवाडा मुक्तीसंग्रामदिनी,neutral
त्यांची प्रत्येक भेट कार्यासाठी नव्याने प्रेरणा देऊन जाते.( / ),happy
धनपाल बळवंत झेले यांच्या जयंतीदिनी अभिवादन करताना माझ्यासोबत राजेंद्र झेले व गौतम झेले.,happy
आंतरराष्ट्रीय महिला दिन व आदर्श शाळांमध्ये विविध उपक्रमांचा शुभारंभ ./,happy
जय हिंद सर गोंदिया जिल्ह्यांची शान मा. आमदार श्री विनोद अग्रवाल जी,happy
"दिवसाच्या व्यस्त जगण्यातून मनाला, मायेचा ओलावा देतो तो म्हणजे, सांजवेळी चा चहा...!!!",happy
अगदी योग्य लिहलंय. हे वाचा!,neutral
"मकर संक्रांतीच्या सर्वांना हार्दिक शुभेच्छा! तिळगूळ घ्या, गोड बोला.",happy
कोजागिरी पौर्णिमेच्या सर्वांना हार्दिक शुभेच्छा......!,happy
पवाईसाहेबांनी आभार मानावे इतकं तरी अस्तित्व आहे,happy
नवीन वर्षांच्या मन:पूर्वक शुभेच्छा...,happy
गुडघे दुखत असतील तर -ही- योगासनं देतील आराम -,neutral
": बहीणीला हे द्या, यश आणि शुभ फळ प्राप्ती होईल",happy
खरं आहे,neutral
रोमांचक बातमी! उद्धव ठाकरे राहुल गांधींच्या मध्ये सामील होऊ शकतात. काँग्रेस नेत्यांची 'मातोश्री' भेट!,happy
धन्यवाद काकाकारण तुम्ही त्याच किंबहुना त्याच्यापेक्षाही प्रेमाने आमचे काका झाले,happy
"खडक सर ही नवोदित, गुणवान आणि राष्ट्रप्रेमी हँडल साठी आपल्याकडून प्रेरणा आहे.",happy
महान योगी व आध्यात्मिक गुरू स्वामी शिवानंद सरस्वती यांच्या जयंतीनिमित्त विनम्र अभिवादन !!,happy
कार्यक्रमाचा बहुतांश भाग हिंदीतच झाला त्यामुळे ते दोघं होते.,neutral
तुमच्या सारखाच मी ही एक भाग्यवंत आहे,happy
इचलकरंजी चे अक्षय कुमार आमचे मित्र मा.अक्षय मुळे साहेब यांना वाढदिवसाचा हार्दिक शुभेच्छा,happy
अभिनंदन अभिनंदन लवकरच अमोल ला ओव्हरटेक करून जावा,happy
त्याच्यावर सर्वांचा विश्वास आहे आणि तो लोकांसाठी सर्व चांगल्या गोष्टी करत आहे.,happy
धन्यवाद मुख्यमंत्री साहेब आपल्याकडून याच भूमिकेची अपेक्षा होती. जय महाराष्ट्र!,happy
"‛मिराबाई चानू’ने टोकियो ऑलिम्पिक वेटलिफ्टिंगमध्ये भारताला पहिलं ‛रौप्यपदक’ मिळवून दिलं..!! मिराबाई,आपले हार्दिक अभिनंदन..!!",happy
"नवरात्री उत्सव आणि घटस्थापनेच्या सर्वांना मंगलमयी, आरोग्यदायी शुभेच्छा.!",happy
रक्षाबंधन आणि नारळी पुनवंच्या सर्वांना हार्दिक शुभेच्छा मित्रों.,happy
मकर संक्रांतीच्या शुभेच्छा,happy
धन्यवाद रत्नांचा प्रकाशझोत दीप... जय भीम,happy
"माझे मित्र, सांगलीचे खासदार यांना वाढदिवसाच्या हार्दिक शुभेच्छा.",happy
सर्व मच्छिमार कोळी बांधवाना रक्षाबंधन आणि नारळीपौणिमेच्या हार्दिक शुभेच्छा,happy
विश्लेषण: इस्रोच्या ‘वनवेब’ मोहिमेचे यश महत्त्वाचे का? .//-…,neutral
शाब्बास लावा जनतेला पण,neutral
बरच प्रेम आहे मैत्रिणीचं.,happy
भुदान चळवळीचे प्रणेते आचार्य विनोबा भावे यांना जयंती निमित्त विनम्र अभिवादन.!,happy
संघ सच्चा देशप्रेमी आणि देशभक्त,happy
नावा मध्ये “यश” असलेले लोक सहसा मनाने खूप चांगले असतात,happy
सैदव आपल्या सोबत शिंदे साहेब,happy
रत्नागिरीत हनुमान जयंती जल्लोष्यात साजरी ./ / / /% …,happy
"सर काल तुमच विश्लेषण पाहिले, जबरदस्त होत. यांच्यासारख यूट्यूब वरती या...",happy
सरकार मध्ये चांग्ली लोक असली की निश्चिंतपण येण साहजिक आहे.,neutral
येणं महत्वाचे कधीही या आणि दर्शन द्या,neutral
"होय, जर आपण ते प्रेमाने अंगिकारले आणि आपल्या दैनंदिन जीवनात आचरणात आणले तर ते अधिक चांगले आहे. त्यासाठी महापौर आम्हाला प्रेरणा देऊ शकतात.",neutral
ही भीती असू शकते....पण सर्वोच्च नेतृत्व असं होऊ देणार नाही ही खात्री आहे,fear
"सण होळीचा, पुरणपोळीचा क्षण आनंदाचा, उत्साहाचा !",happy
जगी प्रेम नांदावे हिच निसर्गाच्या सान्निध्यात प्रार्थना .//…,neutral
"हे असं सुरेख , लयबद्ध वाचताना सुद्धा तल्लीन झाल्यासारखे वाटते.",happy
घटस्थापना व नवरात्र उत्सवाचे आपण व आपल्या परिवारास मनःपूर्वक शुभेच्छा,happy
कोपरगावचे आमदार व माझे बंधू आशुतोष काळे यांना वाढदिवसाच्या लक्ष लक्ष शुभेच्छा!,happy
"!शिक्षण हा वैचारिक, अर्थिक, आणि सामाजिक गुलामगिरितुन मुक्त ह्वायचा पहिला मार्ग आहे!",happy
नवीन भारताची.. ओळख... वंदेभारत.. संपूर्ण % मेड इन इंडिया.. देश प्रगतीच्या वाटेला..,happy
नवीन वर्षाच्या हार्दिक शुभेच्छा...!,neutral
आपल्या सर्वांना निमित्त मनःपूर्वक !,happy
आज ची परीक्षा देत असलेल्या सर्व विद्यार्थ्यांना खूप खूप शुभेच्छा..,happy
आता नाचो 'नाटू नाटू'ला मिळाले ऑस्कर,happy
हार्दिक अभिनंदन पी. व्ही. सिंधू!! फक्र है।,happy
आपणा सर्वांना कोजागिरी पौर्णिमेच्या मनःपूर्वक शुभेच्छा.,happy
याचिकाकर्ते अश्विनी उपाध्याय यांनी दिल्लीच्या आम आदमी पक्षाच्या सरकारचे सत्येंद्र जैन यांचे मोठ्या कौतुकाने उदाहरण दिले होते.,happy
"होय हे तर अगदी खर आहे ,",neutral
"काळजी नसावी दादा , देव सदैव तुमच्या पाठीशी आहे.",sad
अभ्यासाबरोबर खेळामध्ये सुद्धा प्राविण्य मिळवा - भाऊसाहेब ढोले ./-…,happy
वाढदिवसाच्या हार्दिक शुभेच्छा आमदार साहेब तसेच होळी पौर्णिमा निमित्ताने खुप शुभेच्छा,happy
आणि नाव आनंद असेल तर मग सगळाच आनंदी आनंद .,happy
दीपावली आपल्या जीवनात आनंद आणि समाधानचा चीरस्थायी प्रकाश घेऊन येवो,happy
: रंग दे मोहे रंगरेजवा | . - ./ / / / …,neutral
कैद्यांसाठी आनंदाची बातमी! आता कारागारगृहातही ठेवता येणार शारीरिक संबंध,happy
धन्यवाद ताई तुमच्या मुळे मला हे पवित्र काम करण्याची संधी मिळत आहे ./ …,happy
आपणास वाढदिवसाच्या व नूतनवर्षाच्या हार्दिक शुभेच्छा सर,happy
मी सर्वांच्या आभारी आहे सर्वांना सप्रेम (जय भीम),happy
अभिनंदन हो मुबंईत ट्यूशन घेणारे सर,happy
शांता शेळके ह्यांची कविता आहे. आज त्यांची जयंती आहे आणि ही कविता मला आवडते.,happy
आज आपल्या दै केसरीचा वा वर्धापन दिन त्यानिमीत्ताने आपणांस खुप खुप शुभेच्छा,happy
मान्यवरांनी क्षणिक काळासाठी का होईना लातूरची गरमी अनुभवी या बद्दल आम्ही आभारी आहोत.,happy
अगदी मुंबई सारखं छान आहे.,neutral
ईश्वर आपल्याकडून अखंड जनसेवा करवून घेवो हीच प्रार्थना,happy
"कोजागिरी पौर्णिमा च्या सर्वांना शुभेच्छा. @ , .//- /…",happy
मनःपूर्वक धन्यवाद सासूबाई गिफ्ट अजून भेटला नाही,happy
मकर सक्रांतीच्या शुभेच्छा,neutral
फोल्लोवर्स झाल्याबद्दल तुमचे अभिनंदन सर,happy
"भारी होत राव, काळी गाई आवडते की पांढरी गाई आवडते ची आठवण",neutral
वाढदिवसाच्या हार्दिक शुभेच्छा साहेब एक कर्मचारी,happy
दीपावलीच्या सणानिमित्त सर्व शेतकरी बांधवांना दीपावली परवाच्या हार्दिक हार्दिक शुभेच्छा,happy
धन्यवाद भाऊ...नूतन वर्षाच्या हार्दिक शुभेच्छा..,happy
| गौरी गणपती समोर साकारला शेतीचा देखावा | ./-,neutral
ट्विटर चे हार्दिक अभिनंदन ज्यांनी आज मराठी मध्ये ट्विट करून आमचा स्वाभिमान वाढवला,happy
ही हिरवळ पाहिल्यावर जरा जिवात जीव येतो,happy
"स्वराज्याचे दुसरे छत्रपती, धर्मवीर, क्षात्रवीरछत्रपती संभाजी महाराजांना पुण्यतिथी निमित्त त्रिवार वंदन !",happy
"सावित्रीबाई फुले यांच्या जयंती निमित्त ""कळी उमलताना"" उपक्रम ./",happy
बाळासाहेबांची शिवसेनेला शिवरायांची ढाल तलवार आता महाराष्ट्राच्या जनतेचा विकास निश्चित,happy
रोजगार निर्माण आणि जतन याकडे गांभीर्यपूर्वक लक्ष दिले जाईल ही अपेक्षा...,neutral
रोहित भाऊ अभिनंदन,happy
"ज्यांनी बाळासाहेबांना अटक केली त्याचे गुणगान बाळासाहेबांच्या मुलगा गातोय, और कितने अच्छे दिन चाहिए",angry
"आमची शान, आमचा अभिमान.!ताई आपली हक्काची..!",happy
भारताची स्टार बॅडमिंटनपटू पी.व्ही.सिंधू टोकियो ऑलिम्पिकमध्ये भारताला कांस्य पदक मिळवून दिल्याबद्दल यांचे हार्दिक अभिनंदन,happy
फार फार अभिनंदन भाईजी आपण असेच यशाचे शिखर गाठत रहा,happy
"ही नम्र विनंती आहे साहेब जय हिंद , जय महाराष्ट्र",happy
हो आपला मित्र प्रगती करत असेल तर आनंदचं होणार ना.,happy
विद्यार्थ्यांमध्ये जागरूकता निर्माण करण्यासाठी कैदाना चांगले काम करत आहे.,neutral
वाढ दिवसाच्या हार्दिक शुभेच्छा साहेब.,happy
"प्रत्येकजण आपापल्या परीने अद्वितीय आहे, आणि तुमचा जन्म महाराष्ट्रातील एक चमकता तारा होण्यासाठी झाला आहे.",happy
नवीन वर्षाच्या हार्दिक शुभेच्छा पिनुभाऊ...,happy
नेहमी आपल्या छान कवितांनी मन जिंकणारे यांना वाढदिवसाच्या खूप साऱ्या शुभेच्छा,happy
"लाईफ केअर मेडिकल अँड जनरल स्टोअर्सचे उद्घाटन ./ # , ,",neutral
"यशस्वी , तेजस्वी और कर्मठ ...!",happy
अभिनेता दिग्दर्शक जणार्दण लवंगरे यांना कडून वाढदिवसाच्या हार्दिक शुभेच्छा..!!,happy
ज्येष्ठा गौरी पुजन निमित्त सर्वांना महाराष्ट्र नवनिर्माण सेनेतर्फे मंगलमय शुभेच्छा,happy
होळी पोर्णिमा आणि धुळवडीच्या तमाम भारतीयांना हार्दिक हार्दिक शुभेच्छा!,happy
उदंड आयुष्याच्या अनंत शुभेच्छा दादा..शतायुष्य लाभो..,happy
अतिवृष्टीमुळे किंवा ढगफुटी मुळे सदूस्य झालेल्या पावसामुळे पिकांची नुस्कान भरपाई पूर्ण क्षमतेने चालू आहे.,neutral
वाढदिसानिमित्त अन् दीपावलीचा पण खूप खूप शुभेच्छा साहेब,happy
रक्षाबंधन आणि नारळी पौर्णिमेच्या सर्वांना हार्दिक शुभेच्छा.,happy
स्ट्रेट फॉरवर्ड बोलण्यामुळे हा माणूस आवडतो आपल्याला,neutral
नुसरत भरुचाने केवळ तिच्या चित्रपटांसाठीच नाही तर तिच्या लूकमुळेही बरेच लक्ष वेधले आहे.,neutral
"हे जनआंदोलन परिवर्तन घडवणार, भारत जोडणार!",happy
बोरगाव चे उद्योजक स्वर्गिय अशोकराव पाटील आणां यांना विनम्र अभिवादन,happy
प्रत्येकजण उत्सुक डोळ्यांनी पाहत असताना हवेतील उत्साह आणि अपेक्षा स्पष्ट दिसत होती,happy
"प्रिय ग्राहक, आम्ही तुमच्या आधीच्या ट्विटला उत्तर दिले आहे, धन्यवाद",neutral
परवा का पर्वा? सुधरा रे टायघाले मुंबई तक च्या भारखावांनु,neutral
काका आपणास वाढदिवसाच्या कोटी कोटी मंगलमय शुभेच्छा.,happy
"यश संपादन करू शकतो, हा स्वतःवरचा विश्वास संपादन करणे म्हणजेच यश",happy
बाळासाहेबांचे हे कार्टून सगळ्यात जबरदस्त आहे,happy
आपण न केलेल्या तत्पर मदती बद्दल धन्यवाद,angry
निवडण आलेल्या सर्व उमेदवारांनचे हार्दिक अभिनंदन...,happy
नारी शक्तीला सलाम!-हॅप्पी टू हेल्प फाऊंडेशन,happy
होळी पौर्णिमा निमित्त हार्दिक शुभेच्छा,happy
"नंदन म, चेन्नई येथे आज गणपती पूजन उत्तमरित्या संपन्न झाले,",neutral
हे खरे लोकप्रतिनिधीचे काम! अभिनंदन!,happy
"अभिमानाने लढू आणि जिंकू! मायबाप जनता उघड्या डोळ्यांने बघत आहे, लोकशाही मार्गाने हिशोब नक्कीच होणार!!!",happy
हो. छान होती. कौटुंबिक आणि निखळ मनोरंजन,happy
हार्दिक अभिनंदन पी. व्ही. सिंधू जागतिक बॅडमिंटन स्पर्धेत विजयी होणारी पहिली भारतीय खेळाडू,happy
आपणांस व आपल्या परिवारास नाताळ सणाच्या हार्दिक शुभेच्छा....,happy
"हे खरे मुख्यमंत्री आहेत, महाराष्ट्रासाठी किती अभिमानाचा क्षण आहे .",happy
जी आपणास वाढदिवसाच्या हार्दिक शुभेच्छा!,happy
गुरूंचे दर्शन व्हावे ही श्रींची ईच्छा ...!आभार .,happy
"मला सर्वच आवडते, अनारसे पण",neutral
बरं झालं. खूप दिवस बोलायचं होतं मला हे,happy
राष्ट्रीय विज्ञान दिनाच्या हार्दिक शुभेच्छा!,happy
भुमीपुजनाचा कार्यक्रम मा.श्री. केंजले साहेब यांच्या हस्ते पार पाडण्यात आला.,happy
राष्ट्रवादी काँग्रेस किंवा खांग्रेस सारख्या राजकीय संबंधांची पर्वा न करता एकसंध समाज निर्माण करण्यासाठी प्रयत्न करूया.,neutral
बरोबर आहे साहेब तुमचं. नी तुमच्या या प्रश्नाचं उत्तर दिलंच पाहिजे!,neutral
तिरुपती ग्रुपच्या द्वारा सुस्वर कराओके गायनाने नववर्षाचे स्वागत ./,happy
सर्वांना नवीन वर्षानिमित्त हार्दिक शुभेच्छा//जय गजानन//,happy
नविन वर्षाच्या हार्दिक शुभेच्छा साहेब,happy
शेतकऱ्यांचे दिवाळी गोड झाले पाहिजे साहेब ही नम्र विनंती साहेब.,happy
बोचरा सवाल नव्हताच. एकदम समर्पक आणि योग्य उत्तर दिले आहे,happy
दत्तात्रेयाची कृपा संपादन करण्यासाठी साहाय्यक सनातनचे ग्रंथ आणि चैतन्यदायी उत्पादने उपलब्ध !,neutral
कर्पूरगौरं करुणावतारं संसारसारं भुजगेन्द्रहारम्। सदा बसन्तं हृदयारविन्दे भवं भवानीसहितं नमामि।।,happy
प्रत्येक पंचवार्षिक ला हे असेच लिहित रहा तुम्हाला आत्मसमाधान मिळेल,neutral
अप्रतिम स्वरांची मालिका आशाजी भोसले यांना दीर्घायू लाभो ही देवा चरणी प्रार्थना,happy
भारत जिंकला......,happy
ज्योतिष मार्ग दर्शक व कालसर्प योग पूजा त्रंबकेस्वर जय श्री राम सुप्रभात,neutral
"गौरवास्पद कामगिरी ,उत्तम प्रकारे नियोजन केलेले आहे सर तुम्ही",happy
शारदीय नवरात्र उत्सवाच्या व घटस्थापनेच्या मंगलमय शुभेच्छा......!,happy
"समृद्ध विचारसरणीच्या दृष्टीकोनातून, कोणीही नेतृत्व करत नव्हते, परंतु आपण भूमिका घेतली, अशा प्रकारे आपण अधिक चांगले म्हणण्यास पात्र आहात!",happy
भाई च्या उंबरठ्यावर पोहोचल्याबद्दल शुभेच्छा,happy
शत्रु चा शत्रु तो आपला मित्र ह्या भावनेने प्रेमळ आणी भावुक होणे स्वाभाविक आहे.,neutral
सुप्रभात गुरुजी,happy
पोषक हवामानामुळे हजार पाहुण्या पक्ष्यांचा मुक्काम./-/ …,neutral
किडे मकोड्यांसाठी एक नंबर आहे ही लेन्स,neutral
होळी पौर्णिमा च्या हार्दिक शुभेच्छा...!,happy
"उद्धव बाळासाहेब ठाकरे मशालीचा दान्डा घेऊन उभे आहे, आपण साभाळून राहावे.",fear
आज स्थापना दिनदिवस-रात्र एक करून आम्हाला सुरक्षित ठेवल्याबद्दल,happy
नवरात्रीनिमित्त मिळणारे हे अमूल्य ज्ञान ग्रहण करूया. इतरांनाही सांगूया. नवरात्रानिमित्त सर्वांना हार्दिक शुभेच्छा!,happy
होळी पौर्णिमा निमित्ताने हार्दिक शुभेच्छा!,happy
घरात आल्या आल्या तुळशी वृंदावनाला पाया पडणारा विशाल होता...,happy
हे आहेत आमचे दिलदार साहेब,happy
निसर्ग सौंदर्यांला जोडुन खूप छान वास्तविक संदेश दिलाय....,happy
सुंदर भाऊ धन्यवाद मला काय माहित लगेच मनावर घेसाल म्हणून,happy
"हे केंद्राचं पाऊल कौतुकास्पद आहे, महाराष्ट्रात देखील असे कित्येक ठिकाणं आहेत जिथं होणं गरजेचं...",happy
"तिळगुळ घ्या, गोड गोड बोला तिळगूळ घ्या, खरं बोला ...",neutral
धन्यवाद प्रशांत सर गणपती बाप्पा चे दर्शन घडवल्या बद्दल ./_…,happy
आता हि आसली लोक बाळासाहेबांची हिंदुत्ववादी शिवसेना संभाळणार.,happy
संजय राऊत ची कमी बिलकुल जाणवू देत नाही तुम्ही,happy
": एकनाथ शिंदे यांनी कुटुंबियांसोबत साजरी केली होळी, ./- -",neutral
कोरोना जोर पकडत असताना भाईच्या मार्गदर्शनाखाली शिवसेना वैद्यकीय मदत कक्षाने अनेक कामे केली.,happy
अभिनंदन श्रेयस-दीप्ती! आणि येणाऱ्या सहजीवनाकरिता उदंड शुभेच्छा!,happy
होळी पौर्णिमा निमित्त सर्वांना मंगलमय शुभेच्छा...,happy
टोकियो ऑलिम्पिकमधील भारताचा पहिला पदक जिंकणारी. मीराबाई चानू हिने रौप्य पदक जिंकले.,happy
"वाकले आहेत हे ठीक आहे, फोटो पुढून च काढला ते एक बरे केले.",neutral
"ची नावे तपासा, आणि तुम्हाला निवडलेल्या निवडींमध्ये पाटील सापडतील. किती छान परिणाम!...",happy
धन्यवाद साहेब आमच्या मनात हीच अपेक्षा होती ती तुम्ही पूर्ण केली,happy
जबरदस्त.. ज्यांना नाही समजलं त्यांच्या कृष मेंदूसाठी - सडपातळ बांध्यालाही मराठीत कृष म्हणतात,neutral
लवकर या.आतुरतेने वाट बघत आहोत .//…,happy
यांच्या चरणी प्रणाम !,happy
तुम्हाला कळला नाही ’. मी तुमच्याच बाजूने बोलतोय,angry
उज्वला गॅस अजुन मिळाला नाही पुढे काय करणार????,angry
किसान भोजन थाळी हा उपक्रम अवघ्या महाराष्ट्रासाठी एक चांगला उपक्रम ठरू शकतो,happy
कोजागिरी पौर्णिमेच्या सर्वांना खूप खूप शुभेच्छा,happy
"राजामौली की ने रचा इतिहास, नाटू-नाटू को मिला ऑस्कर ./-…",happy
"ही मशाल अन्याय, गद्दारीला जाळणारी आहे"" : उद्धव ठाकरे",angry
गुलाल फुले अक्षता उधळेबाप्पाच्या स्वागतासाठी जमले सगळे.,happy
"राज्यात महापालिका व नगरपालिकांचे कामकाज होणार आता अधिक गतिमान, मंत्रिमंडळाचा निर्णय !",happy
हर हर शंभू..देवा महादेवा शंभू,happy
अतिशय छान निर्णय तातडीने घेतल्याबद्दल आभार ./_…,happy
यात शंकाच नाही. त्रिवार सत्य आहे हे.आपल्या तापाचे फळ आहे हे.,happy
स्पर्धेत आपले स्वागत आहे .//…,happy
अर्थातच.. गद्दारीला भस्मसात करून महाराष्ट्राच्या जनभावनेला प्रज्वलित करणारी,happy
आजचे राजकारण उत्साहपूर्ण प्रगतीतील प्रतीक्षा करीत आहोत,happy
"""स्वागत हे कका""",happy
जीवनामध्ये हा दृष्टांत खूपच उपयुक्त आहे.,neutral
सर्व शास्त्रज्ञांच अभिनंदन जय हिंद,happy
"आहेत त्या, करोना काळात त्यांनी फ्रंट वर काम केलेय",happy
मशालीने पहिला कारनामा केला. अभिनंदन .,happy
सेहवागची भविष्यवाणी! वर्ल्डकपमध्ये भारताचा नाही तर पाकचा 'हा' फलंदाज करणार सर्वाधिक धावा,happy
संजय राऊत सच्चा मर्द शिवसैनिक आहे तो धमक्यांना भीक घालत नाही,happy
तुला पण दिवाळीच्या हार्दिक शुभेच्छा पण मी जे विचारलं ते तू सांगतल नाही,sad
शरद पौर्णिमा च्या हार्दिक शुभकामना @ अंबानगरी अमरावती .// /…,happy
धन्यवाद मराठी विश्वपैलू ( ) .//…,happy
भारत जिंकला का तुला माझ्या हाताने पेढा भरवेल,happy
आपल्या कामास माझ्या हार्दिक शुभेच्छा.,happy
नाना नानींना पण सांगा अभिनंदन,happy
ऋषीपंचमी व्रताची माहिती आणि महती तसेच संकेत व संदेश ./?=,neutral
... आणि तो गैरसमज पुसून टाकण्यासाठी माझे अथक प्रयत्न सुरु आहेत.,neutral
जय महाराष्ट्र साहेब आपण खरंच खूप छान कार्य केले आहे,happy
सुप्रभात दिशा...,happy
आमच्या घरी करतात बाबा मदत बाबा आणि दादा दोघे पण नेहमी...,happy
भाजप मुक्त कोल्हापूर केल्या बद्दल अभिनंदन,happy
*पी. व्ही. सिंधु ला बैडमिंटन मधे रौप्य पदक*अभिनंदन सिंधु आम्हाला तुझा अभिमान आहे!!!,happy
|| हे राम || लोकसत्ता! हसून हसून फुटलो ....,happy
हा हा हा हा,happy
ओलिम्पीक ला नीरज चोप्रा नी प्रथम सुवर्ण पदक पदक पटकावले बद्दल अभिनंदन.,happy
तुम्ही पण अकोल्याच्या.. मस्त.,happy
जूना आहे पण आजही मस्त वाटते बघायला,happy
दोघे ही चारित्रवान आणी सचोटीच्या महान व्यक्तींना बाहेर ठेवण्याचा अपेक्षित निर्णय.,angry
उत्तम निर्णय शिंदे साहेब महाराष्ट्राच्या जनतेचा विचार करत रहा,happy
कर्पूरगौरं करुणावतारं संसारसारं भुजगेन्द्रहारम्। सदा बसन्तं हृदयारविन्दे भवं भवानीसहितं नमामि।। ॐ नमः शिवाय,happy
होळी पौर्णिमा निमित्त सर्व बांधवांना मंगलमय हार्दिक शुभेच्छा...,happy
युवा नेते व माझे मार्गदर्शक मा.श्री.विशालभाऊ मुत्तेमवार यांना वाढदिवसाच्या हार्दिक शुभेच्या।।,happy
"आज ज्येष्ठागौरींचे आगमन आपल्या सर्वांच्या जीवनात गौरी आगमनआरोग्य आणि समृद्धीचे ठरो, ही प्रार्थना",neutral
हा इसम अत्याधिक आनंदी आहे.,happy
नविन वर्षाच्या हार्दिक शुभेच्छा....,happy
"परंपरा प्रगतीपथावर असलेल्या प्रश्नांवर आधारित असतात, ज्यात प्रगतीचा संदर्भ आवश्यक असतो, या परंपरांच्या आधारांवर मुंबई महानगरपालिकेने मुंबईची शान कायमस्वरूपी जपली आहे",happy
जगातला सर्वात मोठा आणि भारतातला पहिला जंगल अंडरपास कान्हा आणि पेच अभयारण्यांना जोडणाऱ्या या पासचा वापर गेल्या तीन महिन्यात वाघोबासहअनेक प्राण्यांनी केलाय. महामार्ग ओलांडण्यात प्राण्यांना येणाऱ्या अडचणी यामुळे कमी झाल्यात,happy
मान्यवरांच्या सोबत राजकीय विषयांवर मनोसोक्त गप्पा झाल्या.,happy
नीरज चोप्रा यांना जातीने वाटून घेणाऱ्या जातीवादी किड्यांना भावपूर्ण श्रद्धांजली ...,angry
| कर्पुरगौरं करुणावतारं संसारसारं भुजगेन्द्रहारमं | महाशिवरात्रीनिमित्त शिवभक्तांना हार्दिक शुभेच्छा !,happy
हडपसर चे सगळे तोडून टाकले तेव्हा थोडंफार ट्राफिक कमी झालंय,happy
यशस्विनी सामाजिक अभियान वर्धापनदिनाच्या हार्दिक शुभेच्छा.. सांगली यशस्विनीकडून..,happy
राष्ट्रीय गणित दिनाच्या सर्वांना हार्दिक शुभेच्छा..,happy
महाराष्ट्र ही संतांची भूमी आहे.... बहुतेक असे महान संत आपल्या महाराष्ट्रात राहतात,happy
: देशाच्या मध्यभागी असलेल्या फ्रीडम पार्कचे फोटो आकर्षक आहेत,happy
कोजागिरी पौर्णिमेच्या आपणांस आणि परिवारास मंगलमयी शुभेच्छा !,happy
"कोल्हापूर, महाराष्ट्रातील शेतकर्यांना त्यांच्या कार्याचा अभिमान आणि आत्मविश्वास आहे आणि ते आव्हानांना त्यांच्या आत्म्याला तडा जाऊ देत नाहीत.",happy
"पी. व्ही. सिंधू ऑलिम्पिकमध्ये दोन पदकं मिळवणारी पहिली भारतीय ""महिला"" खेळाडू",happy
"सावित्रीमाईंनी दुष्काळात उघडलेल्या अन्नछत्राचे दुर्मिळ छायाचित्र, एक आठवण जागृत.",happy
पुष्पा आणि विक्रम या चित्रपटांमुळे त्याला भरपूर प्रसिद्धी मिळाली.,happy
"दिल्ली मॅरेथॉनमध्ये सहभागी होणाऱ्या सर्वांना शुभेच्छा, तुमचा निर्धार हा एक चमत्कार आहे",happy
"श्री मान जी, सर्वोत्तम प्रयास, जय गंगा माता",happy
नव वर्षाच्या हार्दिक शुभेच्छा...,happy
नारळी पौर्णिमा आणि रक्षाबंधनाच्या सर्वांना मंगलमय शुभेच्छा!,happy
"‛मिराबाई चानू’ने टोकियो ऑलिम्पिक वेटलिफ्टिंगमध्ये भारताला पहिलं ‛रौप्यपदक’ मिळवून दिलं..!! मिराबाई,उदंड अभिनंदन..!!",happy
"फोटो जुना आहे साहेब शिवसेनेत होते तेंव्हाचा फोटो आहे हा, बघून बरे वाटले",happy
नेहमी ट्वीटरवर सक्रिय राहणाऱ्यांसाठी हा मोठा दिलासा मानला जात आहे. .//…,happy
जय जय शिव ओंकाराशुभ प्रभात प्रिय मित्र .//…,happy
"अहो, मला तुम्हाला भेटण्याची आणि तुमच्या मुलीच्या कल्पनांबद्दल तुमचे विचार ऐकण्याची आशा आहे.",neutral
हे असतात आमचे मराठी मुसलामन याला म्हणतात देश भक्ती देश प्रेम,happy
नव वधू-वरांना या नव्या प्रवासाच्या मनःपूर्वक शुभेच्छा...,happy
"अभिनंदन , ताई !! उत्तम निर्णय याच निर्णयांची अंमलबजावणी करणार का ?",happy
सर तुम्ही तुमचे अनुभव नक्कीच इथे सांगत जा..,happy
वाह क्या सीन हे,happy
"आता दुर्गा माता प्रसन्न होणार उध्दवजी वर, गद्दार अपात्र होणार. जय दुर्गा भवानी.",happy
गुरु शिष्यांची ही जोडी एकमेकांना शोभणारीच आहे !!,happy
"भाऊ, देश प्रथम. भक्त वगैरे काही नाही.",happy
सर्वांना वसुबारसेच्या हार्दिक शुभेच्छा..!!,happy
ताई साहेबाचे जाहीर आभार आपण केलेल्या पाठपुराव्याला अखेर यश आम्हाला आपला सार्थ अभिमान आहे,happy
होळी पोर्णिमेच्या सर्वांना हार्दिक शुभेच्छा।,happy
श्रीमातोश्रींचे हे एक गोजिरवाणे रुप दाखवल्याबद्दल धन्यवाद,happy
माळे गाव येथील बाळासाहेबांची विशेष मुलाकात विविध,neutral
यापेक्षा आम्हाला आनंद तो काय हवा! .//…,happy
कोजागिरी पौर्णिमेच्या सर्वांना हार्दिक शुभेच्छा.,happy
"राज्यात, आणि देशात आता महापरिवर्तन होणार आहे. हितर महापरिवर्तनाची लाट आहे.",happy
हो बरोबर आहे,neutral
अखेर अशोक तुमराम यांचे आंदोलन यशस्वी . !!!!! मागण्यांची झाली परिपूर्तता.,happy
सर खूप खूप आभार आपले प्रेम हाच आशिर्वाद,happy
रोमांचक बातमी! बीकेसीमध्ये ऑक्टोबरला काहीतरी मोठे घडत आहे.,happy
भीम सैनिकांना माझ्या हार्दिक शुभेच्छा .,happy
केरळमधल्या ग्रामस्थांनी दिलेला लढा आजही कौतुकास्पद मानला जातो.. ./-,happy
क्रिकेटच्या देवताचे गुरु द्रोणाचार्य श्री रमाकांत आचरेकर यांना भावपूर्ण श्रद्धांजली,happy
एक स्तुत्य उपक्रम। कोणतेही मंगल कार्य देवाच्या कृपाशीर्वादानेच पूर्ण होते.,happy
": तिळगुळ घ्या आणि गोड-गोड बोला, मकरसंक्रांतीनिमित्त मराठी कलाकारांचा हटके लूक .//…",neutral
"चांगले काम करता, लोकांनी रस्त्यावर कचरा टाकला नाही तर फार चांगले",happy
आमदार कोपरगाव आपणास वाढदिवसानिमित्त आरोग्यसंपन्न दीर्घायुष्याच्या शुभेच्छा!,happy
श्री मुथालिया रेसिडेन्सी जैन संघच्या पवित्र अंगणातचैत्र महिन्यातील शास्वती नवपदजी ओली,neutral
वर्णनात्मक परिस्थितीचे निरीक्षण मांडताना आनंद झाला...,happy
आज ऊस वाहतुकदारांच्या प्रश्नांसंदर्भात पंढरपूर येथील पटवर्धन कुरोली येथे वाहतुकदारांचा उत्स्फूर्त प्रतिसाद मिळाला,happy
"करा, नियोजित मिळाल्या शिवाय राहत नाही..!",neutral
कोजागिरी पौर्णिमा निमित्त हार्दिक शुभेच्छा..! पौर्णिमा,happy
वरळीत आपला मराठमोळा दिपोत्सव जल्लोषात सुरू...!!!,happy
पेंग्विन समर्थकानी सढळ हस्ते मदत करावी महाराष्ट्र सरकारला नम्र विनंती आहे,happy
मीराबाई चानू यांनी कॉमनवेल्थ स्पर्धेत पहिलं सुवर्णपदक जिंकलं सर्व भारतीयांचे अभिनंदन,happy
वाह.. साहेब हे पटल..खूपच छान..,happy
धन्यवाद माहिती दिल्याबद्दल आपले आभारी आहोत,happy
"( ) बेरोजगारी खंडित तरुणांना प्रेरणा, त्यांचे धैर्य वाढले सरकारने हा निर्णय घ्यावा.।",fear
भारी काम करत आहेत,happy
परफेक्ट विश्लेषण !! ही तर चक्रव्यूहात फसलेल्या ला वाचवण्याची चाल !!,happy
खूपच अभिमानास्पद कामगिरी आणि भारतासाठी धनंजय जय महाराष्ट्र जय हिंद,happy
अतिशय मनमोहक असे हे मंदिर व परिसर आहे.,neutral
भाऊ परिवाराचे अभिनंदन..हे स्वप्न खूप कमी लोकांचं पूर्ण होत..,happy
"भाऊ तुम्हाला खूप खूप प्रोत्साहन.., नक्कीच यश मिळेल..",happy
जबरदस्त माहिती देणारा व्हिडिओ,happy
महाराष्ट्राचे मोस्ट पावरफुल राजकारणी या पुरस्काराने सन्मानित झाल्याबद्दल मनःपूर्वक अभिनंदन,happy
महाशिवरात्रीनिमित्त माचणूर (ता.मंगळवेढा) येथील श्री सिद्धेश्वर मंदिर परिसरात भक्तिमय वातावरण. ./-…,neutral
उद्या डोंगरगाव येथे भव्य ओबीसी व बौध्द मेळाव्याचे आयोजन. ./?=,neutral
श्री दत्त जयंती निमित्त आपणांस व आपल्या परिवारास मंगलमयी शुभेच्छा ! ! ! !,happy
पर्वती मतदार संघाच्या कार्यक्षम आमदार मा.माधुरीताई मिसाळ आपणास अभीष्टचितनाच्या खुप खुप शुभेच्छा,happy
उद्यापासून सुरू होत असलेल्या शारदीय नवरात्र उत्सवानिमित्त सर्वांना हार्दिक शुभेच्छा !,happy
बापू मालदेव राणा निर्वाण दिवस की हार्दिक श्रंदांजली !,sad
संत ज्ञानेश्वरांनी सापशिडी या खेळाचा शोध लावला !! धन्य आहे माऊली,happy
गधेगळ' म्हणजे काय? महाराष्ट्रात सापडलेल्या 'धमकीवजा इशारा' कोरलेल्या शिलालेखांचा अर्थ काय होता?,fear
"गोरक्षनाथ गड परिसर येथील मनमोहक क्षणचित्रे @ , .// /…",neutral
जय हो! पीएफआय वर बंदी घालण्याचे काम अंतिम टप्प्यात! कधीही घोषणा होवू शकते.,happy
ही पोरगी मॅरेज मटेरियल आहे. इच्छुकांनी संपर्क साधावा.,neutral
"मराठा आरक्षणाच्या सुविधांसाठी मंत्रिमंडळ उपसमितीची पहिली बैठक पडली पार, घेण्यात आले ‘हे’ महत्वाचे निर्णय",neutral
मानणीय आशुतोष काळे साहेब आपणास वाढदिवसाच्या हार्दिक शुभेच्छा,happy
कांदा उत्पादकांना राज्य सरकारचा मोठा दिलासा; घेतला हा निर्णय,happy
कोकण का...?? मस्त आला आहे फोटो,neutral
गुन्हा नाही सत्य बोलले आहेत ते,angry
हि भावना बाकीच्या कोणत्याही पक्षात दिसणार नाही. हे आहे आपल्या नेतृत्वावर विश्वास,happy
| फेमस ह्या चित्रपटाचे पोस्टर प्रदर्शित | रुप... ./,neutral
"परतीच्या पावसाचा कांद्याच्या भावावर परिणाम होणार नाही, पुरवठा वाढवण्यासाठी बफर स्टॉक काढणार !",neutral
दिलीप प्रभावळकर यांना वाढदिवसाच्या हार्दिक शुभेच्छा!,happy
आपल्या नेतृत्वात महाराष्ट्राचे भवितव्य उज्वल आहे. जनता आपल्यासोबत आहे.,happy
गेल्या अनेक वर्षांपासून शेतकरी हितसंबंध जोपासणाऱ्या सर्व राजकीयमंडळीना नववर्षात हार्दीक शुभेच्छा,happy
आमदार संतोष बांगर यांनीही शेतकऱ्यांसमवेत अधिकाऱ्यांशी चर्चा करून जिल्हाधिकाऱ्यांची भेट घेतली.,neutral
रॅली काढून पर्यावरण रक्षणाचा संदेश देण्यात आला ./ / /-…,happy
डॉ. शितल पाटील यांच्या सुयोग टेस्ट ट्यूब बेबी सेंटरचे उद्‌घाटन./ /,neutral
बंधू पंकज दादा वाघ यांना उदंड आयुष्य लाभो हीच प्रार्थना,happy
मराठी नाट्यसृष्टीतील एक प्रतिभावंत कलाकार शरद पोंक्षे यांना वाढदिवसाच्या मन:पूर्वक शुभेच्छा,happy
हे आपणच करून दाखऊ शकता..... जय महाराष्ट्र सदैव उद्धव बाळासाहेब ठाकरे यांच्या सोबत...,happy
"साहेब , आपल्याला उदंड आणि निरोगी आयुष्य लाभो हीच प्रार्थना ईश्वर चरणी .",happy
ढाल - तलवार मराठ्यांच्या च हातात शोभून दिसते... आता फक्त बाळासाहेबांची शिवसेना,happy
"खुप खुप शुभेच्छा सुमेध , असाच यश संपादन करत रहा",happy
प्रकट दिनाच्या हार्दिक शुभेच्छा काका,happy
"दादा, आपणांस नुतन वर्षाच्या हार्दिक शुभेच्छा..!!",happy
रंगोत्सव होळी च्या शुभेच्छा !,happy
साहेब आपणास नुतन वर्षाच्या खूप खूप हार्दिक शुभेच्छा,happy
"आदरणीय नाथाभाऊ, शुभेच्छांसाठी खूप खूप धन्यवाद .//…",happy
आपणांस नवीन वर्षाच्या हार्दिक शुभेच्छा दादा,happy
महाशिवरात्री निमित्त सर्व शिवभक्तांना मंगलमय शुभेच्छा!!,happy
स्व.गूरूदास कामत नंतर मूंबई काॅग्रेस योग्य हातात.हार्दिक अभिनंदन भाई,happy
आहात. तेव्हा टप्प्यात येऊन कार्यक्रम करून घेण्याचा मान आज तुमचा!,happy
चित्रपटातील ‘नाटु-नाटु’ गाण्यानं पटकावला ‘ऑस्कर’…: .// / / …,happy
एफसी गोवाचा लढाऊ बाणा कौतुकास्पद .//-…,happy
जय गणपती बप्पा मौर्यामंगल मूर्ती मौर्या,happy
जय हे मातेश्वरी,happy
आज कोजागरी पौर्णिमा हा सण तुम्हाला सुख-समाधानकारक आनंदाची उधळण करणारा जावो हीच सदिच्छा!,happy
"अभिनंदन! मागील वर्षात झाला नसेल असा साजरा करावा! हिच वेळ आहे, ताकद दाखवण्याची!",happy
आपले शिवसेना परिवारात हार्दिक स्वागत,happy
रासप महाराष्ट्राची शान आमदार मा. डॉ गुट्टेसाहेब जय रा स प,happy
सुदैवाने आजवर हा अनुभव आला नाही अजून सर,neutral
मी खूप वेळा बघितला आहे वास्तव.... मस्त फिल्म आहे.,happy
"आई-वडील सफाई कामगार होते, मुलीच्या डोक्यात वेगळंच, आज आहे कोट्यवधींची मालकीण",happy
एमसीए च्या अध्यक्षपदाच्या निवडणूकीत श्री.अमोल काळे विजयी झाले.. मन:पुर्वक अभिनंदन!,happy
सर्वांची मन जिंकणारे हे खरंच अभिनंदन दादा,happy
वाढदिवसाच्या हार्दिक शुभेच्छा...भाऊ,happy
वाढदिवसाच्या मनःपूर्वक हार्दिक शुभेच्छा साहेब,happy
देशाचे वे सरन्यायाधीश म्हणून न्यायमूर्ती धनंजय चंद्रचूड यांच्या नावाची शिफारस करण्यात आली आहे.,happy
धन्यवाद भाऊ फाॅलोबॅक साठी..,neutral
वाढदिवसाच्या हार्दिक शुभेच्छा सर...,happy
हे खरोखर छान आहे मित्रांनो.,happy
नववर्षाच्या हार्दिक शुभेच्छा..!,happy
माझ्या डब्यात उद्या आहे. भरली तोंडली छान लागतात..,neutral
हा मुल्लाजी बिर्याणी फार आवडते मला.,neutral
या साठी मी आमचे *आमदार खासदार* आणी प्रशासनाचे यांचे मनापासून आभार मानतो.,happy
जनतेचा विश्वास आहेच! तो सार्थ व्हावा ही सदिच्छा!,happy
अगदी कमी वयात गगन भरारी घेणाऱ्या आमच्या मित्रास वाढदिवसाच्या मनस्वी शुभेच्छा.. जीवते शरदं शतं..,happy
महाराष्ट्र राज्य मुख्यमंत्री साहेब यांनीभाद्रपद गणेशचतुर्थीच्या निमित्ताने राज्यातील जनतेला दिल्या मनःपुर्वक शुभेच्छा,happy
युवासेना पुणे जिल्हा समन्वयक अनिकेत घुले यांचा वाढदिवस अभिष्टचिंतन सोहसोहळा व रक्तदान शिबिर,neutral
साहेब वाढदिवसाच्या हार्दिक शुभेच्छा,happy
त्यांनी पुढे वाढविण्यासाठी आमच्याशी त्यांनी पोहचविलेले संदेश करणेस्वरूपी प्रत्यक्षते!,neutral
पवार साहेबांची सातारा येथील सभेचा देखावा सोलापूरात साकारण्यात आला.,neutral
त्या आनंदासाठीच केलेला हा छोटासा प्रयत्न..!!,happy
अभिनंदन मराठे ... केम्ब्रिज गाजवून या ..,happy
"""ठरवलं तर काँग्रेसच्या 'या' बड्या नेत्याचा निश्चित पराभव करू शकतो"", बावनकुळेंना विश्वास",happy
सर्व नागरिकांना घटस्थापना व नवरात्री उत्सवाच्या हार्दिक शुभेच्छा!,happy
चैत्र शुद्ध पौर्णिमा महाबली अंजनिपुत्र हनुमान जन्मोत्सव जय श्रीराम जय बजरंगबली,happy
साहेब आपले मार्गदर्शन व प्रोत्साहन मिळाल्याने हे यश आम्ही पाहू शकलो,happy
स्वामी विवेकानंदांचे काही सुंदर विचार..,neutral
यांसह इतर मान्यवर उपस्थित होते. मंगलप्रसंगी आई अंबेच्या सर्व भक्तांना घटस्थापना व नवरात्रोत्सवाच्या शुभेच्छा दिल्या.,happy
महाशिवरात्रीच्या सर्वांना हार्दिक शुभेच्छा... ओम् नमः शिवाय..,happy
मग या वर्षीची दिवाळी धमाकेदार होणार ! जय श्रीराम,happy
रंग सगळे घेऊन गेलेला माणूस,sad
तुमच्यावर हसणार्या ओठांना एक दिवस तुमच्या कार्याची स्तुती करायला मजबूर करा...,happy
नारळी पौर्णिमा आणि रक्षाबंधनच्या हार्दिक शुभेच्छा!,happy
हे सगळे आप ला प्रमोट करणारे आहेत,neutral
"भगवत जिनेन्द्र महाअर्चना, पुणे //भाग- //भारत गौरव",neutral
आपल्या सुमधुर गाण्यांसोबत निलेश मोहरीरने सारा माहोल रोमँटिक करून सोडला,happy
सर्व कोकणी पोरांना आणि कोकण कन्यांना मैत्री दिनाच्या हार्दिक शुभेच्छा!!!,happy
वाढदिवसानिमित्त भगव्या शुभेच्छा! आईभवानी आपल्याला उदंड यश आणि आरोग्य देवो!,happy
हे अगदी बरोबर आहे.,neutral
उद्धव साहेबांना मिळणार प्रेम आणि सहानुभूती पाहून राजा पण बिळातून बाहेर आला,angry
समस्त मराठी जन आणि कोळी बांधवांना नारळी पौर्णिमेच्या हार्दिक भगव्यामय शुभेच्छा..,happy
वाढदिवसाच्या हार्दिक शुभेच्छा नाना...,happy
क्रिकेट विश्वातील सर्वोत्तम प्रशिक्षक रमाकांत आचरेकर यांना भावपुर्ण श्रद्धांजली...!,sad
बराबर हे,neutral
नुतन वर्षाच्या हार्दिक शुभेच्छा... साहेब ./_/…,happy
सर्व पुणेकरांना कोजागिरीच्या हार्दिक शुभेच्छा !,happy
पत्रकारितेच्या परिणामांचा आनंद घ्या जितका तुम्ही बागकामाच्या परिणामांचा आनंद घेत आहात.,neutral
गाडी छानच आहे हो त्या महोदयांची,neutral
जयजय श्री राधारमण सुप्रभात मित्रों,happy
पावनखिंड पेक्षा जबरदस्त आहे आणि शरद केळकर तर अप्रतिम,happy
हा चांगला रित्या योगायोग झालं आपल्यासाठी.,neutral
वाढदिवसाच्या मनःपूर्वक खूप खूप शुभेच्छा सर तुम्हाला निरोगी असे दीर्घायुष्य लाभो हीच मनोकामना,happy
होळी दहन,neutral
वाह क्या बात हे,happy
वाढदिवसाच्या हार्दिक शुभेच्छा माननीय खासदार श्री हेमंत गोडसे साहेब.,happy
होळी पौर्णिमाच्या हार्दिक शुभेच्छा,happy
कोजागिरी पौर्णिमेच्या हार्दिक शुभेच्छा! . . . .,happy
"बर झाले हा मनुष्य आज मध्ये नाही, साहेब, साहेब",neutral
जन्मदिवसाच्या आभाळभर शुभेच्छा साहेब,happy
"लग्नानंतर वाईट घडेल कशा वरून, आणि विभक्त... कशासाठी....विचार सकारात्मक ठेवा सर्व चांगल होईल.",neutral
आमचे ऍड बाळासाहेब आंबेडकर हे कुशाग्र बुद्धीमता व स्वाभिमानी नेतृत्व आहे..,happy
एका कलावंताने श्रीगणेशाची मिनिएचर कलाकृती साकारून सर्वांचे लक्ष वेधून घेतले आहे. ./,happy
वागलेच्या विश्वात हे निरीक्षण बरोबर आहे,neutral
आरे यार काय जोक होता.....,neutral
कोजागिरी पौर्णिमेच्या हार्दिक शुभेच्छा..! . श्री कृष्ण,happy
: के गाने नाटू-नाटू ने जीता ऑस्कर अवार्ड .//- …,happy
संपूर्ण महाराष्ट्र आणि मराठा समाजासाठी देवेंद्रफडणवीस यांचे उत्तम असे पाठींबा आहे,happy
अगदी बरोबर आहे खरी शिवसेना म्हणजे मशाल उद्धव बाळासाहेब ठाकरे...!!,happy
जयंती नंतर पहिल्यांदा विद्यापीठात गेलो आणि हा फोटो पाहून भारी वाटलं,happy
होळी पौर्णिमा निमित्त सर्वांना मंगलमय शुभेच्छा.!,happy
तुझ्या मनापासून कौतुक करावं तितकं कमी आहे,happy
मला पण तात्यांनी दिवाळीची भेट दिल्याबद्दल तात्या धन्यवाद,happy
मकर संक्रांतीच्या पुणेरी हार्दिक शुभेच्छा.,happy
समस्त जनतेला नववर्षाच्या हार्दिक शुभेच्छा- गाव माझा,happy
योगी बाबा सदैव विजेता,happy
अभिनंदन काका.... मजा मग आपली....,happy
शेतकऱ्यांना अतिवृष्टीची नुकसान भरपाई मिळाली का हे त्यांना विचारा नंतर शेतकरी ड्रम वाजवतील,angry
"अहिंसा, क्षमाशीलता, प्रामाणिकपणा, हीच सर्वशक्तिमान शिव शंकराची उपासना.. महाशिवरात्रीच्या शुभेच्छा !",happy
अहिंसेचा मार्ग हा सर्वोत्तम मार्ग आहे ./…,happy
वाढदिवसाच्या मनापासून शुभेच्छा अविनाश दादा,happy
कमी शब्दात खूप मोठा अर्थ लीहतोस नेहमी... अशीच वाटचाल सुरू असावी ह्या करिता शुभेच्छा...,happy
ढाल तलवार हे शौर्याचे प्रतीक म्हणजे शिवरायांचा आशीर्वाद ..,happy
साहेब मस्त कामगिरी पार पाडत आहात,happy
हे खरंय.,neutral
मकरसंक्रातीच्या खुप खुप शुभेच्छा... ..,happy
रोखठोक भुमिका मांडणारे शिवसेना नेते युवा सेना प्रमुख जी हे खर हिदुत्व.....,happy
काही जळफळाट होणार नाही. पण सर्कस मात्र विदुषक बघितल्याच सुख मिळेल.,angry
सर्वसामान्यांचे नेते भाई मोहन गुंड यांना वाढदिवसाच्या हार्दिक शुभेच्छा. ./ …,happy
आवाजाची ओळख खूप छान आहे.. जाण आहे आवाजाची,happy
वंदे भारतमुळे संपूर्ण भारत जोडला जाणार आहे.,happy
अरे नीरज चोप्रा पण खेळायला लागला,happy
जगाला अहिंसाचा संदेश देणार्या गौतम बुद्धांना प्रणाम,happy
हरतालिका निमित्त सर्व माता भगिनींना हार्दिक शुभेच्छा,happy
"अशी घरं मला खूप आवडतात, मस्त",happy
अभिनंदन .. शुभकामना,happy
आदरणीय भाई जगताप साहेब यांचे हार्दिक अभिनंदन...आणि पुढील वाटचालीसाठी अगणित शुभेच्छा,happy
खरच...या कैतुकास्पद कृत्याला दाद दिली पाहिजे. ./…,happy
"स्वतःशी संवाद साधणारा ""मी"" हे माझं सर्वांत आवडीचं व्यक्तिमत्त्व आहे!",happy
पुढच्या काही दिवसांनी महाराष्ट्रासुद्धा अगदी भव्यदिव्य नेत्रदिपक असं आगमन....,happy
फुटबॉलपटूचे ते एक विलक्षण खेळ होते!,happy
आपण फारच आशयघन मुद्द्याला हात घातल्याबद्दल आपले मनःपूर्वक घन-आशय आभार.,happy
! शिव सर्वत्र आहे ! ! जय श्री महाकाल !,happy
प्रयागराज कुंभमेळ्यात महाराष्ट्रातील जनतेचे स्वागत ../--…,happy
वाढदिवसाच्या हार्दिक शुभेच्छा भावा .//__/…,happy
नवनियुक्त जिल्हाध्यक्षांचे हार्दीक अभिनंदन तसेच पुढील वाटचालीस मनःपूर्वक शुभेच्छा ..,happy
हा माणूस वापस मन जिंकत आहे आणि देशासाठी हे गरजेचे आहे.,happy
राहुल गांधी हे भारताचे एकमेव आशास्थान आहेत.,happy
या फोटोमध्ये रोहित शेट्टी अप्रतिम दिसत आहे.,happy
तुमचे उत्तम कार्य महाराष्ट्राला असेच लाभुद्या,happy
अत्यंत महत्वाचा निर्णय घेतल्याबद्दल खूप खूप धन्यवाद,happy
रक्षाबंधनाच्या आणि नारळी पौर्णिमेच्या हार्दिक शुभेच्छा भाऊ,happy
राजदीप पेक्षा मल्लिकार्जुन यांची मराठी उत्तम आहे,neutral
निसर्गाची अद्भुत होळी आज बघितली आपण,happy
"आंतरराष्ट्रीय स्तरावरील स्पर्धा, ज्यांनी खेळाडूंच्या हृदयात स्थान निर्माण केले",happy
खूप छान साहेब तुमचा सार्थ अभिमान आहे आम्हाला,happy
"संसारको सबै मान्छेसँग माया, ममता, प्रेम साट्नुस तर....... घर ब्यवहार कहिले नबिगर्नुस्!!",neutral
विजयस्तंभाला अभिवादन करण्यासाठी अनुयायांची पावले कोरेगाव भीमाकडे ..//…,happy
चंद्राची शीतलता आणि दुग्धशर्करेची मधुरता आपल्या आयुष्यात नांदो! कोजागिरी पौर्णिमेच्या शुभेच्छा.. .,happy
चला मातीचा सुगंध पसरवूया आणि तो सर्वत्र पोहोचवूया,neutral
"चित्रपटातील 'नाटू नाटू' गाण्याची 'ऑस्कर'ला गवसणी, ‘बेस्ट ओरिजनल साँग’चा पुरस्कार ./---…",happy
चिन्मय मिशन ची स्वामी चिन्मयानंद यांची खूपच अभ्यासपूर्ण आहे,happy
खूप खूप अभिनंदन आणि अशीच सर्वोत्तम नाटक आम्हाला बघायला मिळू देत.. हीच सदिच्छा,happy
तू माझी आणि मी तुझाच आहे अगदी शेवटच्या श्वासापर्यंत...,happy
दोघांनी जावं यात्रेत पण दोघांना धरून नेण्यासाठी किती लोक नेणार...,neutral
तुमचा आशीर्वाद आहे नेहमीच...त्यामुळे असंगाशी संग कधीच होणार नाही.,happy
"माहितीसाठी धन्यवाद, अजूनही तशीच परिस्थिती आहे का?",neutral
हे चांगलं पुस्तक आहे...,neutral
कोठारे विज़न परिवारातर्फे सर्वांना कोजागिरी पौर्णिमेच्या हार्दिक शुभेच्छा,happy
कसं निवडायचं आता? सगळी एकापेक्षा एक आहेत.,neutral
"घराला बनवा ‘स्मार्ट होम’! अतिशय कमी किंमतीत मिळत आहेत स्मार्ट सीलिंग फॅन, बघा",neutral
"आम्ही फटाके वाजवणार आणि मुलांना मदत सुद्धा करणार... आमचे पैसे, आमचा निर्णय....",neutral
जेष्ठ गौरी आवाहन आणि पुजन निमित्त सर्वांना मंगलमय शुभेच्छा! !,happy
ग्वाल्हेर हे प्रसिद्ध शहर आहे मध्य प्रदेश सर्वोत्तम ठिकाण,neutral
सर आपण आपली सामाजिक बांधिलकी म्हणून सतत काम करीत राहणे ही गोष्ट गरजेची आहे,happy
बर झाली मोडली नाही,neutral
काय मस्त विनोद केलास. कसं जमत र्व तुला हे सगळ,happy
किती ही वेळस बघीतले तरी मन भरत नाही. तु लयी होट आहेस.,happy
अभिनंदन भाऊ मुंबईत कधी दौरा,neutral
"मी ट्रोल नाही करत आहे, मला प्रत्येक वेळेस आमचा पाठिंबा राहिला आहे आणि राहणार",neutral
प्रेम ही निसर्गाची अप्रतिम निर्मिती आहे ती दगडाला पण पाझर फोडते,happy
भीमा कोरेगावच्या आजूबाजूच्या गावांनी मदत केल्याबद्दल अभिनंदन- प्रकाश आंबेडकर,happy
भाजपा चे उपकार आहेत कायम हे लक्ष्यात ठेवा,happy
शुभ सकाळ वेदया अंगारकी संकष्टीच्या हार्दिक शुभेच्छा गणपती बाप्पा मोरया,happy
आंतरराष्ट्रीय खेळाडू निर्माण करण्यासाठी राज्यात उभी करणार तलवारबाजी अकादमी- सतेज पाटील यांची घोषणा ./ / / /…,happy
अभिनंदन ! धर्मनिरपेक्ष आणि पुरोगामी नियुक्ती आहे .. त्यामुळे असले सुखद धक्के मिळणारच,happy
"एकदम उचित निर्णय ...... जय काँग्रेस, विजय काँग्रेस",happy
होळी पौर्णिमा निमित्त सर्व नागरिकांना मनःपूर्वक शुभेच्छा*,happy
"हजारांपेक्षा कमी किंमतीत खरेदी करा स्मार्ट टीव्ही, जबरदस्त डिस्काउंट मिळतोय",neutral
धन्यवाद दादा तुळजाई हे देवीचं नाव आहे ना?,neutral
ते होऊ नयेच ही इच्छा.चारही चित्रपटांना भरघोस यश मिळावे.,neutral
अरे वाह हे तर अतिउत्तम झालं,happy
"खेतान आणि कंपनीचे हे एक उत्तम पाऊल आहे, ज्यामुळे अनेकांना प्रेरणा मिळते.",happy
अशी एखादी गोंडस मुलगी गर्लफ्रेंड म्हणून मिळायला हवी.. बसं देवाकडे दुसरे काहिच मागणे नाही..,happy
या सर्व योजनांशी संबंधित माहिती नागरिकांपर्यंत पोहोचविण्यासाठी आम्ही आवश्यक ते प्रयत्न करत आहोत.,neutral
मोदींनी दिवे लावले म्हणून भारत जिंकला असे सांगू नका म्हणजे झाले,angry
यशस्वी हो भाऊ हर हर महादेव.. खूप खूप शुभेच्छा,happy
चंपाषष्ठी निमित्ताने सर्वांना हार्दिक शुभेच्छा...!,happy
बहुधा नाही % आहे आणि एकदम सूट झालाय रोल,neutral
": क्रांतिदिनानिमित्त साहित्यिकांच्या वतीने भगतसिंह, सुखदेव, राजगुरूंना अभिवादन आणि वृक्षारोपण कार्यक्रम ! |",happy
: रंग दे मोहे रंगरेजवा .//- …,neutral
हि भूमिका महाराष्ट्राच्या संस्कृतीला साजेशी आहे.. अतिशय स्वागतार्ह निर्णय..,happy
आतुरतेने वाट पाहू .... शुभेच्छा पुढील साठी,neutral
"व्वा, अभिमानास्पद",happy
मुंबई महाराष्ट्राच्या पैकींची एक अत्यंत उत्साहवादी शहर आहे!,happy
आमचे मित्र अमोल मोहिते (बंडोपंत) यांना शुभेच्छा देताना विवेकानंद विचारमंच,neutral
मकर संक्रांतीच्या सर्वांना हार्दिक शुभेच्छा.,happy
होळी पौर्णिमा निमित्त हार्दिक शुभेच्छा!,happy
सावित्रीबाईंना प्रणाम. फार मोठं काम करून ठेवलं आहे त्यांनी,happy
बाप्पा च्या आरती नंतर उकडीचे मोदक प्रसाद मिळाले तर खूप छान वाटतं,happy
सादर प्रणाम अखंड भारत एक भारत श्रेष्ठ भारत,happy
सगळी अगदी सहज तोंडात आणि डोक्यात बसणारी गाणी,neutral
भविष्यात हे तापमानावरून रंग बदलणारे खुप चालणार आहे.,neutral
आयुष्यात कितीतरी संकट येतील पण त्यांना सामोरे जायचं,neutral
"मी हे सहन करू शकतो, काळजी करू नका!",neutral
मागचे काही जोक्स भारी होते,happy
चंद्रपूर जिल्ह्यातील ताडोबा-अंधारी व्याघ्र प्रकल्पात लारा वाघिणीचे मनसोक्त दर्शन./,neutral
बऱ्याचदा अनुभूती आली. आयुष्यातल्या परीक्षेत त्यांच्या नामस्मरणाने आणि तारक मंत्राने पास होते मी,happy
घटस्थापनेच्या व नवरात्र उत्सवाच्या आपणास ही हार्दीक शुभेच्छा,happy
"दिवाळीपूर्वी शिक्षकांचा पगार होणार,वित्त विभागाचा शासन निर्णय जारी",neutral
हे चित्र नसून मी टिपलेला क्षण आहे. रम्य सकाळ श्रीरंग,neutral
भारत देश हा जगासाठीही अन्नपूर्णा ठरतोय...,happy
भक्तीमधून आनंद मिळावा. हि सदिच्छा !!!,happy
महाराष्ट्राच्या स्थानिक मराठी भाषेतून ट्विट केल्याबद्दल आभार आणि धन्यवाद,happy
सर्वांचे अभिनंदन आणी पक्षकार्यासाठी खुप-खुप शुभेच्छा .... ./…,happy
खुप च नाइस होत.,happy
मध्ये आतुरतेने वाट पहाणार.... .//…,happy
हार्दिक हार्दिक अभिनंदन साहेब आपल्या यशाचा आलेख असाच वाढत राहो,happy
हर हर शंभू,happy
मस्तं..... तुमचं काम ही आणि घरातील खेळीमेळीचं वातावरण ही.,happy
"अत्याचाराविरोधातला हुंकार म्हणजे विद्रोह, अन्यायाविरोधातला जागर म्हणजे विद्रोह...",angry
श्री गणेशोत्सवा निमित्त आमदार प्रसाद लाड यांच्या कार्यालयास आज भेट देऊन शुभेच्छा दिल्या.,neutral
आपणास देखील नुतन वर्षाच्या मन:पूर्वक शुभेच्छा.,happy
ज्या दिवशी हे चित्र सत्यात उतरेल त्या दिवसापासून महाराष्ट्राचा उत्कर्ष सुरू होईल,happy
पंतप्रधान नरेंद्र मोदी यांनी राजमाता विजया राजे सिंदिया यांच्या जयंतीनिमित्त आदरांजली वाहिली आहे.,happy
साहेब नवीन वर्षाच्या मंगलमय शुभेच्छा !!,happy
तुझ्याशिवाय जग़णे नाही आता तू आहेस म्हणून श्वास आहे माझा.,happy
"मला त्या जागेवर देखील प्रेम होते, ज्या जागेवर बसून तुझा विचार करत असतो.!",happy
च्या हार्दिक शुभेच्छा,neutral
सुरेख.. पहिले दोन रामेश्वरम चे का?,neutral
फिटनेस चे उदघाटन झाले त्याबद्दल खूपखूप अभिनंदन,happy
आम्ही अमेठीत बोलतो व तुलाही प्रत्येकात उत्साह मिळतो.,neutral
स्वतःच मन स्वतःशी तरी कधीच खोटं बोलत नसतं. शुभेच्छा ताई.,neutral
रुबाब असा पाहिजे कि समोरच्याची जळाली नाही करपली पाहिजे,happy
"मकर संक्रांतीच्या पवित्र पर्वानिमित्त सर्वांना शुभेच्छा! तीळगूळ घ्या, गोड गोड बोला!",happy
यांनी शिमग्यानिमित्त नाचवली देवाची पालखी । ./,neutral
कोजागिरी पौर्णिमा निमित्त सर्वांना मनःपूर्वक शुभेच्छा.,happy
: शिवमंदिरांत दर्शनासाठी भाविकांची मांदियाळी ./-/…,neutral
"उत्तम कामगिरी आहे, सुयोग्य हाताळणी",happy
विजयी भव शिवसेना उद्धव बाळासाहेब ठाकरे मि तुमच्या सोबत आहे,happy
नवीन वर्ष्याच्या खुप खुप हार्दिक शुभेच्छा सर,happy
छान अनुभव नेमक्या शब्दात मांडलेस,neutral
होळी पौर्णिमा निमीत्त सर्वांना हार्दीक शुभेच्छा,happy
वाढदिवसाच्या हार्दिक शुभेच्छा सर.....,happy
"वाट पाहता तुझी वर्ष सरले, बाप्पा तुझ्या आगमनला मोजकेच क्षण उरले",happy
आंतरराष्ट्रीय वक्ते राज काळे यांचा “पासवर्ड आनंदी जीवनाचा ” कार्यक्रम संपन्न . ./,neutral
आईची काळजी घेतोच शेवटी तिच्याचमुळे आज मी आहे.,happy
भारतीय जनता पार्टीतर्फे आपणा सर्वांना महाशिवरात्रीच्या मनःपूर्वक शुभेच्छा.,happy
एकदम बरोबर ओळखलत..हीच तर लडाई लडायची आहे आपल्याला..,neutral
पण भारत जिंकला काल..!!,happy
"क्रिकेट रसिकानो हे महत्वाचे आहे, एकदा ऐकाच.",neutral
खर आहे तुमचं,neutral
मुसळधार पावसाने सहस्त्रकुंड धबधबाचे निर्माण झालेले विहंगम दृश्य - ./,happy
"हुकूमशाहीचा वाचा फोडणारा कॉलम 'रोखठोक' किती लोकप्रिय आहे, त्याचा जिवंत उदाहरण आहे हा छायाचित्र..",angry
आपण दिलेल्या शुभेच्छांचा मनापासून स्वीकार तसेच आपले खूप खूप आभार .//…,happy
शक्तीची किंवा महिलेच्या रूपातील देवतेची पूजा केली जाणारा भारत हा एकमेव देश नाही.,neutral
"अभिनंदन, मुंबई एफ.सी अंतिम सामना आणि गुलाल आपलाच असणार!",happy
सावर्डी वन क्षेत्रात साकारणार ऑक्सिजन पार्क निर्मितीच्या कामाला गतीने पुर्ण करण्याचे निर्देश दिले.,neutral
भारतरत्न डॉ. बाबासाहेब आंबेडकर सामाजिक समता कार्यक्रमाची स्वछता मोहिमेने सांगता ./--…,happy
आमच्या मनातील प्रश्न मांडले त्याबद्दल आभारी,happy
भारत पेट्रोलियम कॉर्पोरेशनच्या आस्थापनेवर प्रशिक्षणार्थी पदांच्या जागा उपलब्ध../-…,neutral
तुमच्या आयुष्यात आनंदसूर घुमू दे... मकरसंक्रांतीच्या हार्दिक शुभेच्छा!,happy
अशीच गर्दी यूपी तल्या नदीत ही लोकांनी पाहिले आहे.. धन्यवाद ठाकरे सरकार चे,neutral
नववर्षाच्या हार्दिक शुभेच्छा साहेब,happy
बहुजन तुमच्या सोबत आहेत....,happy
बीजमाता पद्मश्री राहीबाई पोपेरे यांनी साकारला बियांचा गणपती... .//…,happy
"साठी गुलाबाची पाकळी आहे वरदान, असा करा वापर",neutral
वाढदिवसानिमित्त हार्दिक शुभेच्छा.दादा,happy
पोलीस अधीक्षक दांपत्याकडून नववर्षाचे अनोखे स्वागत ./-…,happy
कंग्राळी बुद्रुक परिसरात उत्साहात श्रीमूर्तीचे विसर्जन .//-…,happy
तिळगुळ घ्या गोड बोला .//…,happy
खेळाडूंचा आत्मसन्मान जाणणारा नेता म्हणजे शरद पवार : डॉ. रघुनाथ माशेलकर,happy
"भारत हरला नाही, इंग्लंड जिंकला आहे - निर्मला अक्का अर्थमंत्री इंडियन सरकार",neutral
लक्षात घ्या आपल्या योजने पेक्षा बाप्पा ची योजना खूप छान राहते,happy
हे जबरदस्त आहे राव…,happy
"मनापासून बोलत राहील की धार आपोआप येत राहते सत्यजित भाऊ, काळजी करू नका",happy
असे कसे बाद झाले? पिल्लू प्रेम अमर आहे,sad
"सर्वांना महाशिवरात्रीच्या मनःपूर्वक शुभेच्छा! आज या शुभदिनी आपल्या सर्वांच्या मनोकामना पूर्ण होवोत, हीच सदिच्छा.",happy
अतिशय स्तुत्य उपक्रम आहे. यामुळे लढाऊ वृत्ती जागृत होते.,happy
शेतकऱ्यांच्या हिताचा निर्णय धन्यवाद मोदी जी,happy
हिंदवी स्वराज्य संस्थापक पुण्यश्लोक शिवाजी महाराज यांची पुण्यतिथी चैत्र पौर्णिमा ( / / )ला आहे.,happy
कुणाचीही मिमिक्री करणे हे पण एक कौशल्य आहे,neutral
बरोबर आहे भाऊ तुमचं,neutral
महा शिवरात्रि,neutral
यांची सीरमच्या अधिकाऱ्यांसोबत बैठका. • पुण्यात करोनामुक्तांची संख्या दुप्पट. • खाजगीमध्ये लसीकरण सुरु.रुबी-नाॅबेलमध्ये सुरवात! • लसीकरणासाठी गणेश मंडळ सोडत पद्धतीने याद्या तयार करणार. दिवसाची सकारात्मक सुरवात.,neutral
ताईसाहेब खूप खूप धन्यवाद # आभारी आहोत तुम्ही केलेल्या प्रयत्नांना यश आले,happy
मला सुध्दा ऐकायला आवडतं हे गीत,happy
राजे सर्व देवी देवतांचा आशीर्वाद आहे आपणांस...खूप खूप यशस्वी भव,happy
आपणास जन्म दिवसाच्या मोरपंखी शुभेच्छा आई तुळजा भवानी आपणास उदंड आयुष्य देवो याच सदिच्छा,happy
नवीन मुलींना क्रिकेट खेळायला इन्स्पायर करतात हे मला त्यांचं सगळ्यात मोठं यश वाटतं! /,happy
हे मात्र अगदी खरं आहे,neutral
हे चांगले आहे झोपुन उठल्या पासुन झोप येई वरी फक्त तळलेले पदार्थ पेक्षा,neutral
कामगार नेते श्री. कैलास कुंजीर यांना वाढदिवसाच्या लक्ष लक्ष शुभेच्छा..!,happy
गुढपाडव्याच्या हार्दिक शुभेच्छा,happy
च्या बाहुबलीची आणखी एक यशस्वी कामगिरी... इस्त्रो मोहिमेच्या अधिक माहितीसाठी क्लिक करा... ../ …,happy
वर्षावासाच्या सर्व श्रद्धावान उपासक उपासिकांना मंगलमय शुभेच्छा!!! साधू साधू साधू,happy
धन्यवाद..माऊली..नविन वर्षाच्या हार्दिक शुभेच्छा,happy
उद्धव चे शेनिक - पक्षाची धुणीभांडी करतात त्यापेक्षा बरं आहे ...,angry
अप्पर पोलीस अधीक्षक सर यांना वाढदिवसाच्या हार्दिक शुभेच्छा.,happy
रेकॉर्डिंग आमच्यापर्यंत सुखरूप पोहोचले आहे,neutral
इथेही हा टप्पा लवकर ओलांडून पुढे जाऊ.... अभिनंदन व शुभेच्छा..,happy
खरंय हा इतिहास ही आहे की चांगल्या आणि क्रांतिकारी उपक्रमांची सुरुवात महाराष्ट्रातूनच होते.,happy
शिंदे साहेब तुम्ही खरे महाराष्ट्राचे नाथ एकनाथ आहे,happy
आता पोकर खेळा आणि या दिवाळीसाठी आकर्षक बक्षिसे जिंका.,happy
ओम नमः शिवय,neutral
"खुपच मनोरम दृश्य आहे,ठाकरे जी।",happy
आपल्या अनमोल मार्गदर्शनाची गरज आहे ह्या ठिकाणी.,happy
हा राजसाहेबांन्नी पाठवलेल्या पत्राचा आदर आहे जय मनसे,happy
ही आहे महाराष्ट्र राज्याची संस्कृती,happy
"अभिनंदन!!! सर,पुढील वाटचालीस हार्दिक शुभेच्छाजय हिंद",happy
दादा कर्जत-जामखेड नागरिकांच्या च्या वतीने आभार,happy
"ते ही कमाल असणार आहेत, रात्री भारी च येतात",happy
तू जॉब करतोय हे ऐकुन सुखावलो मी,happy
अभिनंदन त्याचा प्रवास उलगडताना पाहूया./ .//…,happy
"आई भवानी आपणास उदंड आयुष्य देवो,वाढिवसानिमित्त हार्दिक शुभेच्छा",happy
महाराष्ट्राचा आतापर्यंतचा हा सुंदर प्रवास देखाव्याच्या माध्यमातून प्रत्यक्षात आणला आहे. ./,happy
"सर , स्पर्धा परीक्षेची तयारी उत्तम रीत्या सुरु आहे",neutral
सब जणा ने होळी नी राम राम ..!,happy
नवीन वर्षाच्या सर्वाना खूप शुभेच्छा!!!,happy
छान उपक्रम राबवतात सर,happy
अगदी बरोबर.आता तरी सावध व्हा. चा विसर न व्हावा,neutral
वाढदिवसाच्या मनःपूर्वक हार्दिक शुभेच्छा,happy
आता भाड्याच्या घरात राहणाऱ्या लोकांसाठी आधार कार्डमध्ये पत्ता अपडेट करणे सोपे झाले,neutral
जल जीवन मिशन अंतर्गत जिला स्तरीय एक दिवसीय प्रशिक्षण कार्यक्रम यशस्वीरित्या संपन्न’ ./-…,neutral
धुलिवंदनाच्या मनःपुर्वक शुभेच्छा…!,happy
आपला सल्ला अत्यंत स्वागतार्ह आहे.बाकी ज्याचे त्याचे विचार आहेत.,neutral
धन्यवाद वर्षाजी! आपल्याकडून दाद हे विशेष आहे. असाच लोभ असू द्या.,happy
अभिनंदन! आपल्या यशाचा आलेख असाच वाढत राहो ही सदिच्छा!!,happy
शेठ अभिनंदन।।। पूर्ण झाल्याबद्दल चिमण्यांना जंगी आणि जम्बो पार्टी द्या.।।,happy
"होय, मध्ये भारतीय गावांसाठी खूप आशा आहे.",neutral
हे दोघेही छान मित्र आहेत आणि परस्परांचा आदर करतात..,happy
उत्तम देखभालीचा नमुना आहे.... .//…,neutral
भ्रष्टाचाराची हि कीड काढून टाकणार येणार मुंबई घडवणार !,neutral
पी. व्ही सिंधू जागतिक बॅटमिंटन स्पर्धेत विजयी !,happy
साडेतीन काका यात नाही आले ते मात्र उत्तम झालं!!,happy
"वर्ष जनसेवेची ,भंडारा जिल्ह्यातील गावागावात लोक कला पथकाद्वारे योजनांची प्रसिद्धी",happy
अभिनंदन ! देश लवकर या संकटातून मुक्त व्हावा ही बाप्पा च्या चरणी प्रार्थना,neutral
देशाचे नवनिर्वाचित उपराष्ट्रपती म्हणून श्री जी यांची निवड झाल्याबद्दल त्यांचे मनःपूर्वक अभिनंदन...,happy
वाढदिवसाच्या हार्दिक शुभेच्छा शितलजी,happy
उदाहरण कृष्ण-सुदाम्याचे आणि फोटो मोठ्या लोकांसोबत.. हीच खरी मैत्री,happy
तीळ गूळ घ्या गोड गोड बोला,happy
अनिल देशमुखांचं कोटीचं रेकॉर्ड मोडल्याबद्दल हसन मुश्रीफांचं मनःपूर्वक अभिनंदन,happy
अभिनंदन अजून तुम्हाला खूप खूप जिंकावे हीच इच्छा.... शुभेच्छा,happy
खैरे साहेब बरोबर म्हणाले होते !,neutral
मातीतून सोने पिकवणाऱ्या बळीराजालाराष्ट्रीय किसान दिनाच्या हार्दिक शुभेच्छा....!,happy
मस्त... हे महाराष्ट्रभर झालं पाहिजे.,happy
ही वेळ सुंदर स्वप्न पाहण्याची व पुर्ण करण्याची असते !,neutral
तुम्हाला पण हार्दिक शुभेच्छा.,happy
आपल्या सगळ्यांच्या मनात आणि आयुष्यात गोडवा कायम राहो. मकर संक्रांतीच्या सर्वांना मन:पूर्वक शुभेच्छा!,happy
स्वराज्य ध्वज संकल्पना अतिशय चांगला उपक्रम .रोहित दादा अतिशय उल्लेखनीय उपक्रम राबवत आहेत,happy
अगदी बरोबर खरे हिरो तर रामभाऊ सातपुते हे मीडियाने दाखवायला पाहिजे,happy
साहेब आमही सदेव तुमचया सोबत आहे,happy
वंदन तुझला हे जगपालक!,happy
बाबासाहेब पुरंदरे यांचेही खुप मोठे योगदान आहे,happy
जन्मदिनाच्या हार्दिक शुभेच्छा ./_/…,happy
आम्ही आपली काळजी समजू शकतो. आम्हाला माहिती देण्यासाठी धन्यवाद. द्वारे तक्रारीचे निराकरण केले जाईल.,neutral
अध्यक्षपदाच्या निवडणुकीत पराभव होऊनसुद्धा शशी थरुरांनी केली 'ही' कामगिरी,happy
सुयोग्य प्रयत्नांची यशस्वीतेकडे वाटचाल ! .//…,neutral
शिवराजही या तिरंगा मोहिमेत सहभागी होतात आणि आपल्या घरावर तिरंगा ध्वज फडकवतात.,happy
वैद्यकीय आपत्कालीन परिस्थितीत एअर अॅम्ब्युलन्सच्या खर्चाची काळजी घेण्यात आली आहे.,neutral
टक्के खर आहे तुमचं मॅडम..,neutral
"तुम्ही ट्रेलर पाहिला आहे, तो खरोखरच मस्त आहे, मी हा चित्रपट पाहण्यास उत्सुक आहे.",happy
ही मालिका पाहण्यासाठी खूप आनंदी आणि उत्सुक आहे,happy
नवीन वर्षाच्या हार्दिक शुभेच्छा साहेब.,happy
तक्रारीची लगेच दखल घेतल्याबद्दल मी तुमचा खुप खुप आभारी आहे...,happy
मरणाच्या आधी मंत्रिपद मिळो ! ही शुभेच्छा ..,angry
"एक पत्र त्या पुतीनसाठी पण लिहायला सांगीतल पाहीजे, कदाचित रशिया युक्रेन युद्ध तरी थांबेल..",neutral
मनस्वी आभार! मला दिलेली जबाबदारी मी प्रामाणिकपणे पार पाडून मराठा तरुणांच्या हितावह काम करेल.,happy
उत्तम निर्णय घेतला शिंदे साहेब महाराष्ट्राच्या हितासाठी धन्यवाद,happy
साहेब वाढदिवसाच्या हार्दिक शुभेच्छा नेहमी सर्व आनंदी राहा स्वामी चरणी प्रार्थना..,happy
देवेंद्र फडणवीस तुमचा महाराष्ट्राच्या जनतेला अभिमान आहे.,happy
– गिरगाव येथील व्ह्यूईंग डेकचे मुख्यमंत्री उद्धव ठाकरे यांच्याहस्ते उद्घाटन./,neutral
विकसनशील देशांसाठी भारत एक जागतिक नेतृत्व म्हणून उदयाला आलं असल्याचं प्रधानमंत्र्यांचं प्रतिपादन,happy
विश्वशक्ती क्रिडा व सांस्कृतिक गणेश मंडळाच्या वतीने रक्तदान शिबिर……! ./ /,neutral
अभ्युदय फाउंडेशनला गाय -वासरूचे दान ; अमोल गाडगे यांचा पुढाकार ./?=,happy
हा हा काकाश्री !,happy
बहिण-भाऊ यांच्यातील निस्सिम प्रेमाचे प्रतीक म्हणून ओळखल्या जाणाऱ्या रक्षाबंधन सणाच्या सर्वांना हार्दिक शुभेच्छा!,happy
जय जौहर जय आदीवासी ./_/…,happy
राणे- शिवसेना-राष्र्टवादी- कांग्रेस-भाजप हे पण मस्त जुळत आहे.,happy
"मस्त, सणासुदीला हे वाचाळ वीर आतच बरे!",angry
साहेबांचे कार्य मोठ आहे त्यामुळे. भावी पंतप्रधान,happy
बकरी इद च्या दिवशी दाखवू आपण प्राणिप्रेम!,happy
"आयुष्य खूप सुंदर आहे, फक्त असे अवली मित्र सोबतीला हवेत. या पोरांच्या चेहऱ्यावरचा निखळ आनंद बघून आपणही आपसूकच आनंदी होतो!",happy
देशभरातील शेतकऱ्यांना थोड्याच वेळात मिळणार दिवाळी गिफ्ट; खात्यात जमा होणार एवढे पैसे,happy
"थंडी वाढलेली नाही , तुमची सहनशीलता कमी होत आहे'च्या प्रचंड यशानंतर!",angry
फक्त शिंदे साहेब जिंकणार तेच खरे शिव सैनिक आहेत,happy
सरकारने सौर तंत्रज्ञानाला पूर्ण पाठिंबा दिला आहे हे जाणून खरोखरच खूप आनंद झाला,happy
झाडासारखे जगा… खूप उंच व्हा…पण जीवन देणाऱ्या मातीला विसरू नका …,happy
का आणि कसं जगावं ह्याचं एक मूर्तिमंत उदाहरण! वाचनीय धागा,happy
आपणास वाढदिवसानिमित्त हार्दिक शुभेच्छा उत्तम आरोग्य आणि स्वस्थता मिळो हीच सदिच्छा,happy
आपल्या भावनांचा छळ होणार नाही.,neutral
जय श्री त्र्यंबकेश्वर ज्योतिर्लिंग जी नासिक महाराष्ट्र संध्या कालीन मंगला दिव्य श्रृंगार दर्शन,happy
हर हर महादेव..... सर्वांना महाशिवरात्रीच्या हार्दिक शुभेच्छा...!,happy
महाशिवरात्रीच्या सर्वांना हार्दिक शुभेच्छा ! हर हर महादेव,happy
": सात पर्यटनकांना जीवनदान, तीन बेपत्ता मुलांना शोधण्यात जीवरक्षकांना यश",happy
मंडळातर्फे विविध समाजिक उपक्रम राबविल्याबद्दल मंडळाचे आभार मानत गणेशोत्सवाच्या शुभेच्छा दिल्या.,happy
हिंदी सिनेमा सृष्टीत आपल्या अभिनयाने आणि संवाद लेखनाने अनेकांना भुरळ पाडणाऱ्या या अभिनेत्यास भावपूर्ण श्रद्धांजली,sad
नववर्षाच्या आपणा सर्वांना मन:पूर्वक शुभेच्छा !,happy
मुंबई महानगरपालिका प्रगतीसाठीच काम करते हे कोणीही समजू शकेल.,neutral
"मनापासून धन्यवाद सर तुमची साथ, पाठिंबा मोलाचा आहे .//…",happy
क्रांती दिवस व मोहरम आणि जागतिक आदिवासी दिन ची हार्दिक शुभेच्छा,happy
जबरदस्त ताकदीची ही रचना आहे.तीचा हा सन्मान योग्यच ./ …,happy
"होना म्हणून तर बोलतात एकटा जीव सदाशिव, एकटे रहा आनंदी रहा",happy
भारिप-बमसंच्या प्रयोगातून प्रकाश आंबेडकरांनी आपली ताकत दाखवून दिली होती.,happy
"चित्रपटाचा प्रभावी रिलीज, ऑक्टोबरला होणार प्रदर्शित",neutral
भाऊंचे फॉलोअर झाल्याबद्दल हार्दिक अभिनंदन आणि लवकरच होवोत ही सदिच्छा,happy
कोरेगाव भीमा येथील विजयस्तंभाच्या व्या वर्षपूर्ती दिनी लाखोंची गर्दी ./-…,happy
सायकल फाउंडेशन आयोजित चैत्र पौर्णिमा निमित्त आई माता देवी दर्शन रात्र सफारी...,neutral
पालघर जिल्हा कृषी महोत्सवास विरार येथे प्रारंभ--नागरीकांनी शेतकऱ्यांना प्रोत्साहन देण्याचे आवाहन,neutral
नवीन वर्षाच्या हार्दिक शुभेच्छा देवा ./ …,happy
पुण्याला पण समुद्र प्राप्त करून दिल्याबद्दल भाजप सरकारचे आभार,happy
वाढदिवसाच्या मनःपूर्वक शुभेच्छा आदरणीय साहेब,happy
"प्रेमाचे हे रंग, अखंड भारत घडवतात.",happy
वागळे साहेब तुमचं निरीक्षण अगदि बरोबर आहे,happy
नक्की आम्ही आतुरतेने वाट बघतो,happy
स्वच्छतेचे पाईक यांच्या पुण्यतिथी निमित्त विनम्र अभिवादन..,happy
त्यांचं मराठी प्रेम विचारूच नका जनता पाहत आहे सर्व,neutral
"निमित्त सर्वांना हार्दिक शुभेच्छा !! - शिवछत्रपती सामाजिक प्रतिष्ठान, बीड",happy
अशीच व्यक्त होत रहा पुढील लिखाणासाठी आभाळभर शुभेच्छा,happy
"गोवा प्रभारी झाल्याबद्दल अभिनंदनआम्हाला पण घेऊन चला प्रचाराला, लई इच्चा आहे गोव्यात प्रचार करण्याची",happy
दादा उत्तम बनवता येण्यासाठी केलेला प्रयत्न हाच महत्त्वाचा .....,happy
तुमचा लेख वाचण्यासाठी मी हा दिवाळी अंक विकत घेणार आहे.,happy
गणपति बाप्पा मोरया श्रींची पूजा आणि नैवेद्य संपन्न,happy
शुभ सकाळ योगेश...',neutral
पोलिसांच्या मोहिमेला यश लाभो! जी,happy
वफादारी पाहीजे ती अशी.....,happy
दुसऱ्यांसाठी जगत राहण्यापेक्षा स्वतःसाठी जगायला शिका तो आनंद निराळाच असतो.,happy
राजकीय मतभेद आपले आहेत पण तुम्हाला रंगपंचमीच्या हार्दिक शुभेच्छा,happy
वाढदिवसाच्या हार्दिक शुभेच्छा माने सर,happy
नवीन वर्षाच्या आपणा सर्वांना हार्दिक शुभेच्छा,happy
लोकेशन माहिती नाय गो पन.. टॉमीची पोझ मस्त हा मात्र..,happy
"व्वा, हे खरोखर छान आहे, अगं या आश्चर्यकारक डील गमावू नका.",happy
हरितालिका निमित्ताने सर्व माता भगिनींना मनःपूर्वक शुभेच्छा!,happy
प्रताप सरनाईक हा आमचा माणूस आहे त्याचे सगळे गुन्हे माफ...,happy
धन्यवाद . आता ही समस्या लवकरात लवकर दुर होईल अशी आशा करतो.,neutral
महादेवाला पांढरे फुल प्रिय आहेत. ./-/…,neutral
हा मी पण असाच खायचो मस्त चव येते मग,happy
सूंदर निसर्ग दर्शन व सोबत पक्षाचे संगीत डाँ.चंद्रशेखर अपराध यांचे कँमेर्यातून,happy
भारी काम आहे,happy
माझा बाप्पा किती गोड दिसतो… .// _ …,happy
खूप सुंदर उपक्रम राबविला,happy
"एका सुंदर सकाळी कान्हा च्या जंगलात ,झाडापानातून झिरपत कोवळी प्रकाशकिरणे जमीनीवर पडताना .",happy
"मोहित भैय्याचा मोठ्ठा फॅन आहे,,खूप जवळच सूत्र आहे..लगेच प्रसिध्दी",happy
इतिहासात अजरामर शूर महाराचे नावभीमा कोरगाव,happy
"बाळासाहेबांच्या शिवसेनेचे भायखळा विधानसभा सहसंघटक यांना वाढदिवसानिमित्त मनापासून शुभेच्छा. आपणास दीर्घायुरारोग्य लाभो, ही प्रार्थना!",happy
आम्ही तुमच्या बरोबर आहे. जय महाराष्ट्र,happy
हिंदू जनजागृती समितीचा अत्यंत स्तुत्य उपक्रम म्हणून हिंदू जनजागृती समितीचा विजय असो,happy
गोविंदा गोविंदा,happy
रशियाचा विकास होऊन अमेरिकेसमोर उभे ठाकण्याची ताकद त्याच्यात आली याचे कौतुकच व्हायला हवे.,happy
": नासा-इस्रोचा उपग्रह भारतात पाठवण्यापूर्वी जल्लोष, शास्त्रज्ञांनी केले अभिनंदन .//…",happy
"के सॉन्ग ‘नाटू-नाटू’ ने रचा इतिहास, जीत लिया ऑस्कर अवार्ड ..//…",happy
हो आणि भविष्यात आपल्या लग्नाचा फोटोग्राफीचा खर्च पण वाचलं,happy
साहेब तुम्ही दिलेला शब्द आमच्या भवितव्य साठी हितकारक मनापासून आभारी ./…,happy
"आपले कर्तुत्व बघा , मोठा पराक्रम च हा....",happy
माणूस मेला तरी चालेल पण आमचे प्राणिप्रेम आम्ही जपणार!,happy
खूप छान काम करत आहात...,happy
कपिल सिब्बल यांची भक्कम वकिली 'तो' सारख्या महत्त्वाच्या मुद्द्यांवर प्रकाश टाकते,happy
चांद्रयान- साठी इस्रोने मिळवले मोठे यश! ./ / /…,happy
नविन वर्षाच्या हार्दिक शुभेच्छा...!,happy
आपल्या प्राणी मित्रासोबत ची खूप जुनी आठवण (सन ),happy
जाहिरात करून आमचा पक्ष चालतं नाही तर तो कार्यकर्त्यांच्या जीवापाड प्रेमावर चालतो,happy
मुलगा भैरवसिंह सात वर्षांचा झालाखूप खूप शुभेच्छा व शुभाशीर्वाद,happy
सहा महिन्यानंतर सर्वांत कमी रुग्णांची नोंद,neutral
मुख्यमंत्री पदावर जबरदस्तीने बसुन ड्रायव्हर म्हणून कौतुक करवून घेण्यापेक्षा हे बरे आहे ना...,angry
आपणास व आपल्या परिवारास नववर्षाच्या हार्दिक शुभेच्छा!!,happy
"वाढदिवसाच्या खूप खूप शुभेच्छा आनंदी रहा, जिंकत रहा, खूप यशस्वी व्हा!",happy
प्रसादजी अप्रतिम विस्तृत मांडणी केली आहे ह्यांची मुलाखात पाहण्यासाठी ह्यांच नाव कळेल का,happy
वाढदिवसाच्या हार्दिक शुभेच्छा दादा... लातूर जिल्ह्यातील युवकांचे प्रेरणास्थान.,happy
प्रकटदिनाच्या शुभेच्छा भावा....जिंकत रहा,happy
आपल्या शुभेच्छा आणि स्नेहा करीता धन्यवाद दादा !,happy
आपल्या पंतप्रधान मोदीजींची ही अतिशय उत्तम योजना आहे.,happy
माझी गौराई आपल्या सर्वांच्या जीवनात ज्येष्ठांगौरीचे आगमन आरोग्य आणि समृद्धीचे ठरो!,happy
मनसे युवानेते प्रविण माळी यांच्यातर्फे विद्यार्थांना शालेय साहित्याचे वाटप ./-…,neutral
कोजागिरी पौर्णिमा निमित्त आपल्या सर्वांना मंगलमय शुभेच्छा!,happy
धन्यवाद ताई आपण दिलेला शब्द पाळला तुमचे खूप खूप अभिनंदन,happy
धन्यवाद भावा .. तू पण सुखी रहा,happy
काय जबरदस्त जल्लोष ! गद्दारांची आणि भक्तांची तांतरली !!,happy
वाढदिवसाच्या मंगलमय शुभेच्छा पल्लुताई डिपी तर कडकच जय भिम... लिहत रहा आणि खुश रहा,happy
लग्नाच्या वाढदिवसाच्या हार्दिक शुभेच्छा मयूर भाऊ आणि वहीनी,happy
दादा आपणास पण वसुबारस आणी दीपावलीच्या हार्दिक शुभेच्छा,happy
साहेब आपल्या प्रत्येक सामाजिक कार्यास गर्वाचा,happy
महाशिवरात्रीच्या सर्वांना हार्दिक शुभेच्छा,happy
"श्री सोमनाथ मंदिर, प्रथम ज्योतिर्लिंग - गुजरात (सौराष्ट्र)",neutral
प्रेमाचं रोप लावण्याचा प्रयत्न चालू आहे,neutral
नियमात आणि कायद्याने काम करणारा नेता म्हणून देवेंद्र फडणवीस हे ओळखले जातात.!,happy
"खूप छान उत्तर दिले आहे ताई, आमचे रिप्लाय देत नाही मँडम.",sad
व्हिस्की ची सोय असेल तर आनंद आजुन द्विगुणित होतो,happy
आवश्यक कारवाईसाठी आम्ही तुमची तक्रार ओशिवरा वाहतूक विभागाला पाठविली आहे.,neutral
क्रेडिट कार्ड विषयी खूप मस्त थ्रेड... .//…,neutral
"सर्वसामान्य लोक तुजेवर उत्तम प्रतिक्रिया देत आहेत, तुज्या तोंडाला समृद्धि मिळणे होईल.",happy
आज बाप्पा साठी उकडी चे मोदक,neutral
हे पटलं आपल्याला...,neutral
उद्योगात यशस्वी वर्षे पूर्ण केल्याबद्दल अभिनंदन आणि तुम्हाला शुभेच्छा,happy
"चांगले चालले आहे भाजपाच्या बुडाला लागतेय म्हणजे, चांगलंच होत असणार",angry
भाऊ लेट पण थेट वाढदिवसाच्या हार्दिक शुभेच्छा....!,happy
अगदी खरंय.. माननीय भुजबळ साहेबांनी बांधलेला हा पुल म्हणजे जागतिक स्तरावरच आकर्षण आहे..,happy
"आज लोक एकमेकांना कुटुंब मानतात, अशी एकजूट पाहून खूप आनंद होतो!",happy
वाढदिवसानिमित्त मंगलमय व भगवामय अभिनंदन ओम्याभाऊ देल्ल का काल सोन्याच नेकलेस घेतलेल,happy
स्वागत आहे... आश्वासक भविष्य...,neutral
"अटीतटीच्या सामन्यात भारत विजयी, विकेट्सनी जिंकला सामना",happy
"उदंड आयुष्याच्या अनंत शुभेच्छा युवराज,,,,,",happy
शासकिय योजनांची माहिती लाभार्थी-नागरिका पर्यंत पोहचविण्याचा हा प्रयत्न आहे.,neutral
"परात्पर गुरु डाँ. जयंत आठवलेयांचे "" चैतन्यदायी "" विचार !!!",happy
शालेय विद्यार्थ्यांना सुपरमाईंड फाऊंडेशनतर्फे मोफत मार्गदर्शन - .//…,neutral
"आम्हाला देखील रोज सरस्वती वंदन, मनाचे श्लोक आणि पुढे अध्याय",neutral
"चे जिल्हाध्यक्ष, युवा नेते यांना वाढदिवसाच्या शुभेच्छा..!",happy
नवीन वर्षाच्या आपणासही हार्दिक शुभेच्छा,happy
शक्य आहे,neutral
"मी स्वतः कार चालवली, हा एक मजेदार अनुभव होता आणि मी प्रवासाचा आनंद लुटला..",happy
"दधीची जयंती रोजी तीन दिवसीय कार्यक्रमाचे उद्घाटन./--… ,",neutral
निसर्ग हा आनंदासाठी वाचवण्याचा खजिना आहे!,happy
कोरेगाव भीमा येथील विजयस्तंभाच्या व्या वर्षपूर्ती दिनी लाखोंची गर्दी ./-… @,neutral
आपणांस वाढदिवसाच्या हार्दिक शुभेच्छा आपणांस उदंड व निरोगी दीर्घायुष्य लाभो ही सदिच्छा,happy
स्तुत्य उपक्रम राबविला जातो आहे......शुभेच्छा,happy
नविन वर्षाच्या सर्वांना खूप-खूप हार्दीक शुभेच्छा,happy
अभिनेत्री गौतमी देशपांडेचा मराठमोळा साजशृंगार. .//…,neutral
आनंदाची बातमी:कोरोनाशी युद्ध जिंकणाऱ्यांमध्ये चिमुकल्यापासून ते आजीबाईंचा समावेश ./-…,happy
हे जाम हसायला लागले,happy
"दुधात मिसळलेले पाणी पण दूध बनते, गुणी व्यक्तीच्या सहवासात दुर्गुणी व्यक्तीपण गुणी होते",happy
"हा महाराष्ट्र आहे आमचा , तुमचा गुजरात नाही . जय महाराष्ट्र",happy
मकरसंक्रमणाच्या सर्वांना खूप खूप शुभेच्छा..! !,happy
सोन्याच्या किलोभर साखळ्या घातल्याकी श्रीमंत झाल्या सारखं वाटतं.,happy
"विध्यार्थी सोडून गेले म्हणून शाळा बंद होत नसते, नवीन विध्यार्थी घडवण्याचे काम चालूच राहते",neutral
"बॅडमिंटनपटू यांनी किताबावर नाव कोरल्याबद्दल हार्दिक अभिनंदन,आम्हाला तुमचा सार्थ अभिमान आहे.",happy
हे बरोबर आहे दादा,neutral
सांगायला आनंद झाला की वंदे भारत एक्स्प्रेसमध्ये सुविधांसह सर्व सुधारित सुरक्षा वैशिष्ट्ये आहेत.,happy
अखेर भारत जिंकला,happy
नियोजन आणि कृती यांचे मिश्रण आणि त्यातून तयार झालेले नेतृत्व म्हणजे देवेंद्रजी फडणवीस !,happy
ही सकारात्मकता मला आवडते,happy
आपल्या अथक परिश्रमास मानाचा मुजरा.जय हिंद जय महाराष्ट्र,happy
साईबाबा आपणांस उदंड आयुष्य देवो ही साई चरणी प्रार्थना वाढदिवसाच्या हार्दिक शुभेच्छा,happy
: नवरात्रोत्सवानिमित्त राज्यातील साडेतीन शक्तीपीठांमध्ये देवीच्या शैलपुत्री रुपाची महापूजा .//…,happy
मनातील भावनाचे शब्दात सुंदर वर्णन....,neutral
जन्मदिवसाच्या हार्दिक शुभेच्छा भाऊ...,happy
तूम्हाला पन नविन वर्षाच्या हार्दिक शुभेच्छा दादा,happy
माझ्या साहेबांचे सर्व फॅन आहेत,neutral
मुंबई विद्यापीठाच्या सिंधुदुर्ग उपकेंद्राचा श्रीगणेशा./-…,neutral
"हे पटले आपल्याला…शेखर भाऊ, …असाच चीरतारुण्य राहो…",neutral
स्वराज्य रक्षक धर्मवीर संभाजीराजे यांना त्रिवार मानाचा मुजरा,happy
उत्तम निर्णय ... मनापासून आभार .//…,happy
पत्रकार म्हणून आजही आपणास आम्ही आदराने पाहतो. आपल्या व्यक्त होण्याची वाट पाहत असतो. धन्यवाद!,happy
आठव्या वर्षात पदार्पण झाल्याबद्दल हार्दिक अभिनंदन आणि भावी वाटचालीसाठी हार्दिक शुभेच्छा,happy
क्रिकेट च्या सामन्यात भारत जिंकला आणि राजकारणाच्या सामन्यात गद्दार जिंकले... तात्पुरते,angry
"रोहित शेट्टी अप्रतिम आहे, त्याच्याकडे स्टाइल आणि स्वॅग आहे.",happy
आपल्या आवडत्या व्यक्तिचा एक साधा सुद्धा दिवसभर आनंद देतो..!,happy
धन्यवाद काका. तुमच्या शुभेच्छा आणि आशीर्वाद पण,happy
हा रुबाब काय कोणती क्रीम किंवा मुळे मिळत नाही अभिनंदन हेमा दास,happy
पर्यावरण संवर्धनासाठी पाहुण्यांना पाहुणचारात चिमणीचे घरटे भेट ./-/…,neutral
ग्राम गर्रा येथील भाजप प्रवेश कार्यक्रमाची प्रसारमाध्यमांनी घेतलेली दखल. साभार दै. देशोन्नती,neutral
यंदा हि दिवाळी वेगळी ठरणार आता रांगोळी घरात आणि अंघोळी दारात... #,happy
"हार्दिक अभिनंदन ,आता जबाबदारी अजून वाढली आहे...",happy
प्रतीक्षेत आहे...आला योग तर ठीक नाहीतर हिमालय धन्यवाद,neutral
भारत - ऑस्ट्रेलिया पहिली वनडे । टीम इंडियाने टॉस जिंकला आणि... ..//…,neutral
असा संवाद साधला आणि सकारात्मक प्रतिसाद मिळाला की महाराष्ट्रातील राजकारण वाटते,neutral
आता फक्त भैय्या पाटील ला देवेंद्र फडणवीसांच्या हस्ते महाराष्ट्र भूषण मिळाला की स्वर्गात जायला मोकळे..!!!!,angry
सत्याला जिंकण्यासाठी त्रास भरपूर होतो सर पण नक्की सत्याचा विजय होतो,happy
"मुश्रीफ साहेब, हा उपक्रम प्रेरणादायी ठरेल ./…",happy
पाश्चात्य देशांनी भारतीय संस्कृती स्वीकारताना पाहून अभिमान वाटतो.,happy
", हे तर सर्वश्रुतच आहे!",neutral
गणपती बाप्पा मोरोयापुढच्या वर्षी लौकरच या।।,happy
"हा माणूस लय भारी आहे, म्हणून सर्वात आधी ह्याला आतमध्ये टाकला",neutral
आमचे युवकांचे प्रेरणास्थान मा. यांना वाढदिवसाच्या हार्दिक शुभेच्छा...!,happy
"गोपी बहूने साजरी केली लग्नानंतरची पहिली होळी, एकदा व्हिडिओ पाहाच ./--…",neutral
उद्या काय होईल याची शाश्वती नसताना केलेले प्रयत्न नंतर समाधान देतात.,neutral
"व्वा भाऊ,योग्य व जबरदस्त भुमीका",happy
ताईसाहेब एकदम कडक भूमिका,neutral
प्रभास केसरी संगे करा उधळण आनंदाची गौरी गणपती सजावट स्पर्धा,happy
धन्यवादमॅडम अगदी मनापासूनआपल्या प्रयत्ना मुळे सर्व शक्य झाले,happy
"आपल्या कामाप्रती प्रेम, निष्ठा, विश्वास आणि सर्वस्व अर्पण केल्यावर ही भावना साहजिकच आहे.",happy
वाढदिवसाच्या भगव्यामय शुभेच्छा,neutral
"माझ्या मनातले सारे विचार एकाच ट्विट मध्ये वाचायला मिळाले, आपणास शतशः प्रणाम.",happy
म्हणजे विश्वास हे समीकरण तुम्ही गेले वर्ष जपल आहे हार्दिक शुभेच्छा,happy
आम्ही चालवू हा पुढे वारसा! राजे समरजित सिंह घाटगे मानाचा मुजरा,happy
"बजेट स्मार्टफोन्सना टक्कर द्यायला आला नवीन , फीचर्स एक नंबर, पाहा किंमत",happy
या निर्णयामुळे पारेषण कंपन्यांचे रखडलेले विविध प्रकल्प पुन्हा सुरू होतील,neutral
आजी-आजोबांच प्रेम म्हणजे अखंड वाहत जाणार नितळ पाणी ज्याला शेवट हा नाहीच,happy
लोकमान्य दुर्वांकुर ठेव योजनेचा शुभारंभ .//-…,neutral
जागतिक वारसा दिनाच्या सर्वांना शुभेच्छा...!,neutral
रक्षा बंधन आणि नारळी पौर्णिमेच्या अनेकानेक शुभेच्छा!,neutral
भंडारा जिल्हा वासीयांच्यासाठी भरगच्च कार्यक्रमाची मेजवानी .//…,neutral
तुझा लेख म्हणजे पर्वणीच! आतुरतेने वाट बघतोय. लेख आवडल्याचा अभिप्राय वाचून झाल्यावर देईन,happy
ज्येष्ठा गौरी आगमनानिमित्त केलेली श्री शंभू महादेवाची सजावट...,neutral
अभिनंदन शुभा... वाढू दे लवकरात लवकर,happy
सर अभिनंदन आणि खूप खूप शुभेच्छा...!!,happy
"बाबा रामदेवच्या घवघवीत यशानंतर आता मार्केट मध्ये नवीन बाबा आलेत का?? ""बाबा धौती योगवाले""",neutral
श्रीक्षेत्र चैत्र वारी यमाईदेवी भेटीचा पालखी सोहळादेवांचा हा देव असा,neutral
अगदी बरोबर हे झालेच पाहिजे,neutral
ताई साहेब रक्षाबंधनाच्या आणि नारळी पौर्णिमेच्या मनःपूर्वक शुभेच्छा,neutral
जरी भारत सामना जिंकला असता तरी ज्योतिष थोतांडच असते.,neutral
असे पोलीस त्याला सांगतात. सोशल मीडियावर हा व्हिडिओ तुफान हास्यकल्लोळासह जागरूकताही करत आहे.,happy
पण खरा आनंद आहे ना,happy
नवे वर्ष.. नवा उन्मेष नागपूरच्या नाविन्याचे दर्शन ./-/…,neutral
अहो सगळ्यात मोठं यश म्हणजे अयोध्या ही गेली म्हणे!!,happy
हुशारच असतात त्या.. त्यांनी आपल्याला निवडलं म्हणजे काय हुशारी मानवीच लागेल,happy
आणी च्या हार्दिक शुभेच्छा,neutral
भूमीपुत्रांच्या कल्याणासाठी,neutral
जानेवारी क्रांती ज्योती सावित्रीबाई फुले यांना कोटी कोटी प्रणाम..,happy
साहेब जय महाराष्ट्र मला मदत करा हि आपणास नम्र विनंती,neutral
सगळ्यांना होळी व रंगपंचमीच्या हार्दिक शुभेच्छा,neutral
तिसरी माळ... निळा रंग- निळकंठ... निळा रंग हा आत्मविश्वास आणि निष्ठेचा आहे...,happy
बाकी काहीही असो हे मात्र पटलं,neutral
तुमच्या अथक प्रयत्नांमुळे आज हा दिवस उगवला मनापासून आभार,happy
अभिनंदन पन्या ! आपली प्रगती दिवसेंदिवस बहरत जाओ हीच सदिच्छा.!,happy
नविन वर्षाच्या हार्दिक शुभेच्छा साहेब.......,neutral
राज्यात भाजपचा गेम वाजवून छोटा चाणक्य बनणाऱ्या ह्यांचाही हार्दिक अभिनंदन...,happy
माझे सहकारी रोहित साळवे यांना वाढदिवसाच्या हार्दिक शुभेच्छा,neutral
खूप चांगले काम करता भाऊ तुमच्या कामाबद्दल तुमचे अभिनंदन,happy
होळी पोर्णिमा च्या सर्वाना हार्दिक शुभेच्छा!!,neutral
सुखाची स्वप्ने मी डोळ्यात लपवावी डोळे उघडताच ती पूर्ण झालेली असावी,happy
"दिवाळीच्या पार्श्वभूमीवर ‘या’ बँकेची ग्राहकांना गोड भेट, कमी व्याजदरानं मिळणार कर्ज",neutral
आज हिंदू उपवास हरतालिका सगळ्यांना मनापासून शुभेच्छा,neutral
श्रद्धा चे झुमके छान आहेत,neutral
वेगळ्या पद्धतीने गणेशोत्सव साजरा करून निसर्गाची होणारी हानी प्रत्येक जण कमी करत आहे.,neutral
आपल्यात आलं तरी धन्य होऊ ! बाणेदारपणाला आणि तत्त्वनिष्ठेला सलाम...कडकडीत सलाम. - किरण माने.,happy
मंडळ आभारी ! ./ /…,neutral
आपणांस जन्मदिनाच्या हार्दिक शुभेच्छा सर सर आपण ट्विट क्रमांक नाही दिले,neutral
"होळी पौर्णिमा आणि रंगपंचमी सणाच्या हार्दिक शुभेच्छा भाऊ साहेब, वहिनी साहेब, ताई साहेब",neutral
खुप तंत्र शुद्ध अभ्यास,neutral
उत्साहाला आवर घालत विघ्नहर्त्याचं साताऱ्यासह कऱ्हाडात आगमन./-…,neutral
खुप खुप अभिनंदन अणि.. शुभेच्छा.. नमो नमः.. निती कायमचं यशस्वी.. होणारच..,happy
"वाघ वाघ बघायला आलेत, स्वागत आहे,",neutral
आपणास वाढदिवसाच्या सह्याद्री एवढ्या शुभेच्छा!,neutral
मोहनलाल लेजंड आहेत. हिंदी मध्ये पहिला भाग पण चांगला बनला होता.,neutral
मकर संक्रांतीच्या आपणा सर्वांना हार्दिक शुभेच्छा !,neutral
"खूप छान वाक्य, एका मनाची व्यथा मांडताना प्रत्यक्ष दृश्य समोर उभा राहिला",happy
"खूपच सुंदर, तू म्हणालीस त्याप्रमाणे तथ्य आहे.",neutral
भारतदेश की बॅडमिंटन बेटी पी व्ही सिंधु को चायना ओपन विजेतेपद हार्दिक अभिनंदन.,happy
साहेब आपण खूपच चांगले विषय मांडतात हो,happy
नवीन वर्षाच्या सर्वांना हार्दिक शुभेच्छा। .//…,neutral
रक्षाबंधन आणि नारळी पौर्णिमेच्या सर्वांना मन:पूर्वक शुभेच्छा,neutral
ताईसाहेब खूप खूप धन्यवाद # आभारी आहोत तुम्ही केलेल्या प्रयत्नांना आखेर यश आले,happy
"हे खरोखरच छान आहे मित्रांनो, त्यात सामील व्हा आणि कमाई सुरू करा",neutral
होळी पौर्णिमा चा शुभेछा,neutral
किती ताजेतवाने डुलकी आणि आनंददायक चहा! त्यानंतर सुंदर पाऊस पडला.,happy
जन नायक जादूगर हे,neutral
तुम्ही मान्यताप्राप्त लोकांमध्ये असा सुसंवाद ठेवता.,neutral
जानेवारीला डॉ.पुरणचंद्र पुंजाल यांचा अमृतमहोत्सवी सन्मान ./,neutral
बळीराजाचा सन्मान करण्याची संधी मिळाल्याने माझाच सन्मान झाल्याची भावना मनात आहे. ./ …,happy
औरंगाबाद जवळचे आदर्श सरपंच भास्कर पेरे पाटील आहेत हे..!,neutral
नवरात्री होणार जल्लोषात साजरा........!!!!!!,happy
दत्त जयंती निमित्त हार्दिक शुभेच्छा दादा,neutral
उपविभागीय अधिकारी शिल्पा सोनाले यांचा उत्कृष्ट अधिकारी म्हणून सन्मान,happy
कोजागिरी पौर्णिमेच्या सर्व नागपूरकरांना हार्दिक शुभेच्छा...!,neutral
लांड्या तुमच्या सणांवर आम्ही बोलतो का काही. तेव्हाही शुभेच्छा देतोच आम्ही. जय महाराष्ट्र,angry
नाशिक च्या पोलिसांचे कौतुकास्पद काम./-…,happy
आपणांस व आपल्या परिवारास मकर संक्रांतीच्या मनःपूर्वक शुभेच्छा.....!,neutral
"काय?? आव्हाड महाराष्ट्रियन ऑफ द ईयर , पुरस्काराची बदनामी आहे ही",angry
"आधी जय शाहनी पाकिस्तानला दिला मोठा झटका, पाकच कोट्यवधींच होणार नुकसान",neutral
"मोदीजी सुद्धा आहे! असे कटकारस्थान करणाऱ्यांना पाठिंबा देणे, म्हणजे तेच!",angry
इथे तर संकटात टाकणारा मित्रच आहे. देह बोलीच सांगते आहे.,neutral
हि महा विकास आघाडी आहे. तूमच्या सारखी गद्दार नाहीत.,angry
रिंगण फेम भाई...अर्धवट आहात का? पूर्ण माहिती घेऊन खरे बिकट जा.,angry
तोच आधीच्या ब्रेकअपच्या दुःखातून बाहेर नाही आला अजून,sad
काय रे थापाड्या...डिडॉलरायझेशन म्हणजे काय हे तुला अजूनही सापडले नाही?,angry
तुमचं सरकार असताना शेतकऱ्याच्या शेती वीज कापले होते.,angry
ही अवस्था झाली आहे पीईएसची.. याला जबाबदार कोण? तुम्ही आम्ही.,angry
मग अश्या विश्वासघात करणाऱ्याला आमच्यात ये कशाला म्हणत होता.....,angry
यापेक्षा खालची पातळी राजकारणात नाही कोणी गाठू शकत! हा नीच्चांक गाठला आहे आपण..,angry
लोकं राज ठाकरेंच्या भाषणाला मिमिक्री चा पर्याय म्हणुन पाहतात....,angry
हे संबंध राज्यातील जनता जाणते ..... अगदीच कंडोम सारखा उपयोग केला जातोय.....,angry
तुम्ही जे केलं त्याबद्दल तिरस्कार नाही वाटणार का जाड्या लोकांना,angry
"कोणी याला दिला लेख लिहायला, लायकी आहे का",angry
मोठ्या ने हरणार होते वाले भिऊन माघार घेतली,neutral
राजीनामा स्वीकार का नाही होत? जबरदस्ती आहे का?,angry
"शिरूर आणि माढा इथून सुद्धा देवेंद्र फडणवीस पळून गेले होते ,नाही का",happy
महाराष्ट्राचे खरे भकास पुरुष म्हणजे देवेंद्र फसनवीस,angry
ते तुम्ही न्यायालयात जाऊन सांगा. पाकीट पत्रकारांना सांगून त्यांची सुटका नाही होणार,angry
एका आरशात मावणार नाही हा जाड्या !,angry
"हे पण धार्मिक तेढ तयार करतात,,जातिवावर पाया आहे असे आतापर्यंत लोकांना दिसून आलेले आहे,,",angry
"सर्वांनी लक्षात ठेवा, आपल्याला बाळासाहेबांच्या शिवसेनेला हरवायचे आहे..""",neutral
"निवडणूक बिनविरोधच करायची होती तर कोल्हापूर, पंढरपूर आणी देगलूरला का उमेदवार दिला कमालीबाईंनी",happy
काही दिवसांनी मशाल चा फक्त दांडा दिसायचा ह्यांचा हातात त्यातील आग पण विझलेली असेल.,sad
का बाबा तोंडातुन वाईट शब्द काढायला लावतो तु,angry
उठवत नाही त्यांना त्यांची मशाल का हो?,angry
कारण मूरजी पटेल ची हकालपट्टी होणार कोर्टाकडून हे नक्की आहे,neutral
कंटाळा आला राव आता,sad
घिन राजकारणी.. आस्तीन का _प पाळला होता शिवसेना ने,angry
"त्या देशपांड्याने अमीरसाठी घातली होती, तेव्हा मेला होतात का तुम्ही...?",angry
तू गद्दार आहे गद्दार,angry
दाभो ढसा ढसा रडले असतील हे बघुन,sad
ढाल तलवार आहे बे पण अश्या कविता आम्ही कट्ट्यावर बनवायचो.... एकदम भिकार,angry
त्यांची चमचेगिरी करतो का मग??,angry
अर्धवट माहिती पसरवू नकोस रताळ्या,angry
भगवानगडावरील दसरा मेळाव्याची परंपरा काही वर्षांपूर्वी खंडित झाली होती.,sad
तोपर्यंत दाळ खा. शेतकऱ्यांना सुद्धा परवडत नाहीये. कारण पावसामुळे उत्पादन % कमी झालंय,sad
तेव्हढी लायकी पण नाही त्यांची सहेबांबद्दल बोलायची,angry
मराठा आणि मुघलांना मानणाऱ्या काँगेस सोबत जाणार चिव चेनेचा काही संबंध आहे का शिळ्या,angry
लोकांना मारायचं काम करा तुम्ही लोक तुम्हाला मारतील,angry
पण इतके रिच मिळवुन पाबलो काय दीवाळी साठी चिवड़ा करणार आहे का?,angry
"मंद सैनिकांच काही ""खरे"" नाही",angry
म्हण तुच लोकांना बास झाली आहे,angry
ते शिवसेना बोलणारच नाही ते गद्दारच म्हणतील,angry
", उगाच काय तरी.. ते निमंत्रण आहे आदेश नाही.",neutral
"भारतासह जगभरात फेसबुक यूजर्सचे फॉलोअर्स झाले कमी, मार्क झुकरबर्ग यांना कोट्यवधींचे नुकसान",neutral
हा हरामखोर जिवंत आहे अजून?,angry
हे महाशय पैसे वाले मंद भक्त आहे भाऊ,angry
एक तलवार मागितले होते वाटते आधी शिंदेनी .. तेव्हा का नाकारले ?,angry
हे ऐकुन अजित दादा बाथरूम मध्ये कडी लावून मूसू मूसु रडत बसलेत.,angry
"हे पत्र वयक्तिक पाठवलं ठीक होत, व्हायरल करून तुम्हाला काय सिद्ध करायचं आहे.",happy
तालुक्याचं नाव खराब करतोय हा काळे,angry
आणि खुद्द जाणते साहेबांनी त्यात उडी का घेतली बरं,happy
कुठुंन येतात ही लोकं,angry
त्यामुळे मी आधी पेमेंट करतो (होते का बघुदे बाबा उगाच ची लफडी नको),neutral
त्यांनी गुलामी चा अभ्यास केला होता त्यामुळे मजबुरी आहे त्यांची...,sad
दाखवायचे दात वेगळे आणि खायचे दात वेगळे असंच हे,angry
"कसला धर्म आलाय ? सगळे तुमचे सण-वार,परंपरा,काम, उपास ,तपास सगळं बायकांनाच?",angry
लोकांना काम धंदा नसला तरी चालेल नाचवून पोट भरा...,angry
शेठ ची पदवी पण अशीच खोट्या खिडकीतून आली होती,angry
पार झोबले राव आहो तुम्ही करा भ्रष्टाचार मी पक्ष बदलून तुम्हाला निर्दोष सोडील.,angry
"देशासाठी, धर्मासाठी उपाशी राहू शकत नाही का तुम्ही. देशद्रोही, आतंकवादी कुटचे.",angry
"ना माणसं ना कुटुंब, त्यामुळे हताश उध्दव ठाकरे रडीचा डाव खेळतायत...",sad
खरं पण बोलतात असं सांगणार होते पण राहू दया आता..,neutral
तुम्ही गद्दार हे पुन्हा सिद्ध केलं च्या नादी लागून गद्दरी केली तुम्ही,angry
आता बाहेर येऊन काय गोटया खेळणार आहे का.,angry
लायकी आहे का राज्य सरकारच्या आणि मुख्यमंत्र्याची ?,angry
महाराष्ट्रातील आख्खी भाजप गुजरात्यांच्या दावणीला बांधली आहे याचा पण उल्लेख करा वाघ साहेब,angry
एकदम योग्य प्रश्न आणि तेच लाचार आणि केविलवाणा प्रयत्न आपल्या उपमुख्यमंत्री ह्यांचा,angry
त्यांना सांगा त्याचा वापर समोरून करा नेहमीसारखा पाठून नको,angry
भाषण ऐकाची इच्छा नाही होत,neutral
थापा यांना थापा मारण्यासाठी प्रवक्ते पद देणार का?,angry
अवेळी पावसामुळे नुकसान झाल्यास विमा कंपनीकडे तात्काळ माहिती सादर करण्याचे आवाहन,neutral
माझे वर अडकलेत... कमी होतायत उलट,sad
"एक रूपया नाही बाबा, एक हजार कोटी चा भ्रष्टाचार केला आहे",angry
तोंडावर आपटले हे मात्र नक्की,neutral
शाळा करु नये म्हणून.. शाळा बंद करत आहेत !,angry
आधी का नाही सांगितलं तुम्ही हे,happy
हे पत्र पुंगली करून घाल तुला आवडेल तिथे.,angry
जिल्हे त्यापैकी फक्त जिल्हयांचे पालक मंत्री पद हा अन्याय आहे अध्यक्ष महोदय...,angry
इंग्रजी कच्ची आहे; त्यामुळे चुका होतात खूप. साॅरी...,sad
आघाडी तील पक्षांचा तुमच्यावर विश्वास आहे हा तुमचा देखील भ्रमच आहे.,neutral
राजवट खूपच वाईट होती - उद्धव ठाकरे,sad
"सर्व त्यांनीच करायचं,बोलायचं मग तुम्ही काय फक्त गो.... कुरवाळत बसणार का ?",angry
चिता सोडला की आणला काय बडबड करतोय हा ।माणूस अध्यक्ष महोदय,angry
तुमच्याबद्दल खूप आदर होता पण ह्यापुढे नाही,sad
"अरे वेड्या, एकदाचं 'हे राम' म्हणं आणि तोंड काळं कर इथुन!",angry
म्हणजे स्वतःचेच कुल्ले जाळून घेणार हे,angry
हो मग उपाय योजना तुमचा बाप ठरवणार का?,angry
थापा = असं म्हणा आणि जण सोडून गेले असे ट्विट करा.,neutral
कोणत्या भडव्याने हा आरोप केला आहे,angry
देशासाठी कर्तव्य बजावत असताना शहीद झालेल्या हुतात्म्यांना भावपूर्ण श्रद्धांजली !!,happy
"मराठी माणसाने स्वाभिमान पण घान गहाण टाकला वाटतंय, भाषा पण वेगळी",sad
लोकं आता त्यांना साथ देतील हा त्यांचा भ्रम आहे!,neutral
का माझ्या अभिव्यक्तीवर गदा आणत आहात/?,angry
भक्तांच काय मनावर घेता ते तर निर्मला अक्कांना पण अर्थतज्ज्ञ म्हणतात.,angry
"ताई , तुम्ही त्या मूर्खाला जास्त किंमत देता , अस वाटत नाही का",angry
भुसा जास्त आहे,neutral
तुम्ही तर काठी आणि बरच काही वाले गद्दार,angry
बसा ना शांत आता पैशासाठी गु खाला तुम्ही आणी आम्हाला ज्ञान संगायले,angry
बाळासाहेबांचं आडनाव पण नावातून काढलं ह्या लोकांनी स्वतःच्या फायद्यासाठी,angry
ही अक्कल कुटिल बुद्धी ची आहे त्याला माहीत आहे भाजप हरणार आहे,angry
राजीनामे लटकवण्याची भाजपची सवय युतीकाळापासूनची जुनीच आहे..!!,angry
हा मुठकरी(मुटठ्या मारणारा) जे काही हगतो त्याच्या उलटंच होत,angry
यांना गुजराती उमेदवार नको पण स्वतःच्या पॅम्प्लेट वर गुजराती भाषा पाहिजे स्वार्थी लोक,angry
तुझा खरा बाप कोण आहे ते सांग पाहिले भंगी,angry
तू गद्दार आहेस आणि कायमच तू गद्दार राहणार..,angry
ह्यांना बाळासाहेबांचा आणि शिवसैनिकांचा शाप लागनार.,angry
तुमचे मत म्हणजे आमचे मत नाही,neutral
अरे ह्यांचे तोंड असे का झालेत..राम नाम सत्य सारखे..,happy
आरे हा तर बेडुक पर्यटनाचा संस्थापक अध्यक्ष,neutral
इतकं नीच राजकारण आतापर्यंत कधीही नाही पाहिलं,angry
आधीच्या पोटनिवडणुक मध्ये कुठे गायब होते,neutral
तू बिनकामाचा महापौर होता..आता नाही येत तुझी सत्ता,angry
येथील पाणंद रस्त्यांचे डांबरीकरण करण्यात न आल्याने पावसामुळे त्यांची अवस्था दयनीय झाली आहे.,sad
मॅडम मानवतावादी आहेत म्हणे... कमाल झाली विचारसरणीची...,angry
पीएफआय वर विरोधी पक्ष आक्रमक का नाहीत? या एकाच प्रश्नात खूप काही दडलेलं आहे !!!,happy
तुम्ही का काळजी करताय एवढी??,fear
असतात काही भुरटे कार्यकर्ते,angry
ताई ! काय चालंलय हे ? लाजीरवानी बाब आहे !,angry
पैसे वाले आहेत हे पणं,neutral
सभांलता येत नाही सत्ता घेऊन बसला आहे,angry
पाखंड कधीही यशस्वी होत नाही..,angry
"लोकप्रतिनिधी बोलतात कायदा पाळू नका, संपूर्ण जगात असे मूर्ख पुढारी नसतील, लाज वाटते.",angry
राजभाषा नियमानुसार सदर पावती मराठी मध्ये का नाही?,angry
ज्यांनी तुम्हाला मोठं केलं त्यांना तुम्ही आता दुर्जन समजायला लागलेत,sad
फक्त नावाने आहे ही योजना अजूनपर्येंत कुणालाही याचा लाभ नाही मिळाला आहे,sad
राजीनामा लटकवला म्हणजे फाटली म्हणायची....,angry
अशा बाहेरून आलेल्या लोकांन मुळे भाजप संस्कृतीहीन आणी गढूळ झाली आहे.,angry
आव्हाडांना छोटी खुर्ची का बरं ?,happy
कोटी मुंबई शहराची. झोपेत आहेत का अजून,happy
युवराज विचारतात...कोणते बाळासाहेब?....खरंच तुम्हाला आणी तुमच्या युवराजांना बाळासाहेबांचा विसर पडला आहे,angry
"मग शेवटी, अशी फाटून हातात आली..",fear
भावपूर्ण श्रद्धांजली...! ह्या त्याच पोरी असतात ज्या म्हणतात मेरा अब्दुल वैसा नाही है...,sad
"हा फक्त सुनील बाबुंचा जलवा आहे , पक्षाचं काही योगदान नाही यात",angry
भावा स्वतःला उमेदवारी पाहिजे म्हणून असा खेळ करून राहिले तुम्ही,angry
बुडत्याला काठीचा आधार..... यात बुडणार आणि काठी कोण हे लवकरच कळेल,neutral
मौलवी कुरेशी का लोकांना चुत्या बनवता आता सगळीकडे सरकार तुमचे आहे,angry
मग का सपोर्ट केला आधी .. मूग गिळून गप्प बसले..,angry
आळशी.. खुप आळशी... अन मग येतात ज्यांना जेवायचा पण कंटाळा येतो..,neutral
भुक्कड देश सोडून पळून जाऊ नयेत म्हणून ..,angry
अक्कलच नाही आणि लोक त्यांना नेतृत्व मानतात. अजब आहे हे सगळे,angry
"लोकं दुसऱ्यांना दाखवण्यातच सुख मानतात, खरं सुख त्यामुळेच उपभोगता येत नाही!",neutral
"हा फक्त मूर्ख वा भंपक नाही, पण नीच पण आहे । संगतीचा गुण ।",angry
गुण लागला का भाजपचा खोटे बोलण्याचा,angry
आता संपूर्ण पदाच्या परीक्षा झालीच पाहिजे बस खुप झाले आता काही हो,angry
दीड वर्षात केली आपल्या चिरंजीवाने हा घोटाळा कसा केला हो,angry
जितकी ही बाहेरून गलिच्छ बाहेरून दिसते तितकीच आतूनपण आहे,angry
भाजपच्या नेत्यांनी बलात्कार केला त्यावर तुझा केंद्रातला बाप बोलला का काही.?,angry
ओकात तच ही आहे भीक मागायची,angry
तू एकच शाहना बाकी सर्व चू आहेत सर्वोच्च न्याय लय सुधा,angry
"अनिल भाऊ तुम्ही आपले ""गोटे"" सांभाळा, कधी कपाळात जातील हे पण कळायचं नाय..",sad
भातखळकर तुमच्या मेंदूला काय वाळवी लागली आहे का?,angry
भाजप मध्ये लोकशाही नाही. जे मोदी शाह सांगतील ते असा पक्ष आहे,angry
विद्यापीठांचे कशाला करायचे होते राजकीय अड्डे; आशिष शेलारांची ठाकरेंवर टीका,angry
भय इथले संपत नाही,fear
पुण्यात पाऊस येत नाही आहे .... भाजप ची एक महानगरपालिका जात आहे ....,sad
भाजप आहे तोपर्यंत हा कायद्याच स्वतंत्र अस्तित्व राहणार नाही,angry
ज्याचे होणार आहेत हाल त्याना भेटली आहे ढाल,neutral
आता महाविकास आघाडि नाहि तर महाराष्ट्र विरोधी सरकार काम करत आहे. पळपुटे खाजपाई,angry
कमळाबाईंच्या कोठ्यावर दौलतजादा...... हे या अग्रलेखातील गद्दारांसाठीचे विशेष बक्षिसवाक्य आहे.,angry
हा माझ्या मते भाजप चा किळसवाणा प्रकार आहे.,angry
लाचखोरी करून बायकोच्या पदराआड लपणार्याला काय म्हणावं?,angry
चंद्रकांत पाटलांनी सकल मराठा समाजामध्ये फूट पाडण्याचा प्रयत्न केला : खा. विनायक राऊत,angry
महाग स्कीम आहे ही,neutral
एका अकाऊंट ला तिलांजली देऊन... हे दुसरं काढलयं ट्विटरचा नाद बेकार,angry
हे म्हणजे मोठ्या शास्त्रक्रियेबद्दल कामवालीची कंपाउंडर झालेल्या अडाण्याला विचारण्यासारखं झालं.,angry
तुझ्यात हिम्मत आहे का?? ते हटवायची? का दुसऱ्यांना च सांगणार... पळपुटे,angry
"मी अस लिहिलं आहे का? तुम्ही तसा अर्थ काढला, मी पण नोकरदार आहे.",neutral
एवढ्या दिवस आमची मैत्रीण कुठे गायब होती. आम्ही बंद केलं होतं...,sad
जागतिक मंदी हा एक संघी आणि बामणी कावा आहे सर. बाकी सगळ्या अंधश्रद्धा आहेत.,angry
जिहाद हा उर्दु शब्द असावा काय ज्याचा अर्थ भाजपाला समजनार नाही?,angry
डोक्यात भरलेला जातीयवाद शेवटी तोंडावरती आला शेवटी,angry
तुमचे साहेब स्वतः मोदीनां फ़ोन करून मदत मागीतिली....विसरले का ते दिवस?.,angry
तु देनार का दम आहे का भुरटया,angry
प्रश्न कोणाला विचारला उत्तर कोण देत आहे हाच मुळी वैचारीक भ्रष्टचार आहे,angry
त्याला मूळव्याधाचा त्रास सुरू आहे,neutral
भगतसिंग देश प्रेमासाठी फाशी गेले होते.. आपण देशद्रोहासाठी जेल मध्ये जाताल...,angry
मलापण आधी सवय होती नख खायची...,neutral
शेवटी जाणवच ते... शेंडीनी गळा कसा कापायचा हे शिकावे,angry
तु क्या मूर्ख हे ?,angry
आणि ह्याच छगन भुजबळांनी राष्ट्रवादी काँग्रेसमध्ये प्रवेश करुन हिंदुहृदसम्राट बाळासाहेबांना अटक केली होती,angry
"नक्कीच, दुकान बंद होईल म्हणून हे उद्योग सुचतायत",neutral
शक्यता शून्य आहे... नसते जात सेमिफायनलला सुदधा,sad
हे डिलीट कर टकलू आणि यशस्वी माघार वगैरे सुरू कर,angry
"आई, बरोबर, फोटोकाढायला, राष्ट्रवादित,बंदि,आहे,का,,का, आईची, लाज, वाटते,, दादा, लोकांना!",angry
मशाल विझवणार होते... घड्याळ बंद पाडणार होते... यांच्याच पाकळ्या गळाल्या....,angry
हा पुरूष आहे? हे देवा घोर कलियुग ?,happy
लाॅ मध्ये डॉक्टरेट असलेल्या विभागप्रमुखाला साधा राजीनामा लिहिण्याची अक्कल नाही... महाशक्तीचा काय संबंध?,angry
भो...! टोमणे देणं सगळ्याला जमत पण सांभाळून घेणारे खुप कमी असतात,neutral
देवेंद्र आणि पंतप्रधान…? अरेरे…बुद्धीची कीव करण्या ची सुद्धा योग्यता नाही.,angry
मी म्हणूनच हे बघून लोकमत पेपर बंद केला आज पासून...... चाटा,angry
तुमचं नेत्रूत्व फडतूस आहे म्हणुन उमेद्वार पक्ष सोडतात,angry
म्हणून मोहन भागवत पापक्षालन करायला मशीद्दीत गेले होते का?,angry
नाचतानाचा फ़ोटो टाकन गरजेच आहे ...? दातर्या,angry
तीन पकडल्या दोघींनाच अटक. असं का?,happy
आता दोघेही गेले.... बळजबरी करतो त्यांच्यावर. थांब थोडा वेळ,angry
हिचा पोस्ट मध्ये फक्त शिव्या आहेत,angry
लोकसत्ता हा पिसाळलेला वाटतोय पण विरोधात...,angry
"मशालीचे चटके दिल्लीत जाेरात बसलेत पक्का, हे आेरडायला लागंलं की समजायचं...",neutral
मी कधीच न बघितलेले गटाराचे पुणे... हा कोणता पाण्याचा विकास आहे,angry
सरकारी शाळा बंदीचा निर्णय घेणाऱ्या फडणवीस-शिंदे सरकारचा जाहीर निषेध....!,angry
मला ही नाही समजली.,neutral
निवडणूक आहे.. गाफील राहणे योग्य होणार नाही...,neutral
उद्या तुमचंही या पेक्षा वाईट होणार आहे तेव्हा तुमची काळजी करा,fear
यो दुतोंडी हाय.. अजिबात भरवसा ठेवायच्या लायकीचा नाही !!!,angry
हे उत्तर द्यायला तुझ्या बापाला कोणीही बांधिल नाही!!!!,angry
आपल्याला का येवढा मिरच्या झोम्बल्या बारामतीचे नाव घेतल्यावर,happy
इतिहासुत बाहेर ये आणि फावड्याला पण आन ऐतिहासिक बोलून जिंकता येत नाहि,angry
"फरक स्पष्ट आहे, राष्ट्र भक्त आणि देश द्रोहायत..",angry
केस नाहीत म्हणून सूर्य म्हणणे हास्यास्पद आहे. आपल्याच नेत्याची ही निव्वळ व्यंगात्मक थट्टा आहे.,angry
भक्तांच्या लय गां** जळत आहे काल पासून... ब्रिगेड बोलवावं लागेल,angry
एकपेक्षा जास्त आमदार निवडून आणण्याची ताकद नाही आणि म्हणे मुख्यमंत्री होणार,angry
बोबला आता.... काहीही होणार नाही...,neutral
का धार्मिक तेढ वाढवण्याचा प्रयत्न करताय?,angry
हे चुकीचं आहे.,angry
वाचून ही बोलता येत नाही याला...उध्दव साहेबांनी लायकीनेच ठेवला होता बरोबर आहे.,angry
पाठीवर लावून उपयोग नाही जनता ढुंगणावर मारणार आहे...,angry
मूर्ख बनवलं त्यांनी कर्मचारीना... हिम्मत नाही त्यांच्यात तेवढी विलीनीकरण करण्याची...,angry
प्रत्येक गोष्टीत राजकारण आणणे हे काहींचे व्यसन आहे. ते दुर्लक्षित करणे उत्तम.,angry
शिक्षणामुळे मानवतेचे रक्षण होते.अशा शिक्षणापासून वंचित ठेवणाऱ्या सरकारला करायचंय तरी काय??,angry
हा माणुस नक्की डोक्यावर पडला आहे,angry
मामुंनी आत्ता भाषण केले त्यात विरोधकांना टोमणे मारतायत की व्यासपीठावरच्या बसलेल्यांना समजलच नाही,happy
हा भाजपचा इतिहास... हे गोबरबुद्धी कायम इतिहास विसरतात.,angry
हो..पण हा सीझन खूपच रटाळ वाटतोय.,neutral
बाई डोक ठिकाण्यावर आहे का?,angry
स्वतः बेरोजगार आहे...तो काय मुलांना रोजगार देणार...?,sad
डाव लक्षात येतोय का पंथ आणि मिंदे गटाचा....,neutral
एका ने वर राजीनामा दिला होता.. मी हे पाहू शकत नाही...,sad
रावणाची लंका जाळा साहेब आता.,angry
नाही आहे,neutral
तेच वाचतात सध्या . म्हणुन तर बोंब आहे,angry
असाच एक जण हरला आणि घरात बसला,sad
मायलॅार्ड चा हा निर्णय एक सामाजिक चळवळीच्या कार्यकर्त्याचा वाटतो न्यायसंगत नाही.,sad
थोडक्यात भ्रष्टाचाराच्या मोहोळाला बगल देण्यासाठी ही चमचेगिरी सुरू झाली....,angry
यांच्या बुडाखाली बाँब लावून उडवायला पाहिजे. लय माजले आहेत हे.,angry
"बावनकुळे साहेब तुमचा आधीचा इतिहास तपासा, स्मृतीभ्रंस…; सुषमा अंधारे असं का म्हणाल्यात",angry
भ्रष्टाचाराची सीमा किती खालच्या पातळी पर्यंत असू शकते याच उदाहरण आहे हा रस्ता.,angry
काही पण... ही प्रथा आधी पासूनच आहे,neutral
“उद्धव बाळासाहेब ठाकरे शिवसेना” निवडणुकीत काय प्रचार करणार? बाळासाहेबांच्या शिवसेनेला पाडा म्हणून,angry
पराभव दिसू लागताच आता तुम्हाला तत्वज्ञान सुचू लागले आहे त्यामुळेच ही भाषा !!,angry
"“पाठीत खुपसण्यासाठी शस्त्र हवं होतं, म्हणून…” शिंदे गटाला ‘ढाल-तलवार’ चिन्ह मिळाल्यानंतर अरविंद सावंतांची प्रतिक्रिया",angry
चमचा तुझ भवीतव्य संपल आता. तु आयुष्य भर भावीच राहणार,angry
त्याची लायकी एकच बारामती भानामती,angry
सांगा त्या ला हे बरं नव्ह,neutral
सांग सांग भोलानाथ सुपारी धेतली आहे का?,neutral
ही आणि कोंबडा समान आहेत,neutral
हत्तीला पाणीपुरीची लागली अशी चटक.... आता थांबता थांबेन,neutral
हा गुरुवारी एका पक्षात असतो आणि रविवारी दुसऱ्या...हा तर फक्त गुरू घंटाल...,angry
दम लागतो. हे फुसके बॉम्ब आहेत,angry
आकाश सोबत खिसे सुद्धा खाली होत आहे,neutral
योग्य कारवाई नाहीतर असे दहशतवादी तयार होतील,angry
बरोबर आहे मोदिजींनी आजुन ही घरातच ठेवलंय? रस्त्यावर आनायच बाकीच आहे,angry
एवढीच अक्कल आहे तुला...,angry
बोरिवली कांदिवली च्या बाहेर पण जग आहे रे चोमणझिंग्या,neutral
ज्या विचारसरणीला बाळासाहेबांनी विरोध केला त्यात विचारसरणी जवळ तुम्ही हात मिळवला,angry
मशाल ऐवजी उद्धटचा फोटो चिन्ह म्हणून द्यायला पाहिजे होत,angry
"अशा खोट्या अफवा का पसरवतात लोक, किती नुकसान होते अशाने",angry
फक्त पुण्यात चं का हो दुसऱ्या शहरामध्ये नाही होत का अशा दुर्घटना..,happy
"त्याचे अकाऊंट होते आधी, ब्लॉक करुन गेला गुण्या.",neutral
लोकांच्या मनात हेच आहे..... सहाणभुती वैगरे सगळे खोट आहे.....,sad
यक्कु ला कोणी तरी लॉलीपॉप द्या लयच रडत आहे ते,neutral
तुझ्या सारखे भिकारडे मराठी कुत्रकार झाल्यामुळे ही परिस्थिती आलीय,angry
पाप लागेल आता तुला गरुडपुराणातील शिक्षेसाठी सुद्धा जागा मिळणार नाहीये,angry
हा आणि ह्याचा पप्पा म्हणजे + =,neutral
या सोंगाज्याने कोणती पावशेर मारली आहे! ते पण सांगा!,angry
जशे हे रातोरात मनसे सोडून भाजप मध्ये निघून गेले तशे,angry
हा सुद्धा भा.ज.पा.चा डाव असण्याची शक्यता असू शकतो का ?,happy
म्हणजे निडणुकीतुन माघार घेण्याच्या पत्राची सुपारी च होती का?,fear
राजीनामा स्वीकारत नव्हते त्या वेळेस हे गप्पच होते. भीती पराभवाची,fear
आत्मविश्वास बघा किती आहे हरायचा,happy
म्हणजे सेक्स नंतर कंडोम देण्यासारखं आहे,angry
आग्र्याहून सुटका इथे कैद केले होते छत्रपती शिवाजी महाराजांना | ...,happy
गाधीवादी.हिदू.विरूधी.हे.,angry
हातभर फाटली अस म्हणायच का,neutral
महाराष्ट्रात बळकावली आणि बिहार मुधुन हिसकावली हा फरक आहे.,angry
तिकडे शेतकरी रडत आहे... तुम्ही करा जीवाची होली,sad
तोता तेरी उलटी गिन्त्ती चालू होणे वाली हे,neutral
"हा कीर्तनकार ,,,कोणत्या मूर्खाने सांगीतले ,,वारकरी संप्रदायाला याच लोकांनी बदनाम केलंय",angry
या या या...... बसा शिंदे गटाच्या बोकांडी,angry
नाही पण आपण नॉर्थ कोरिया होण्याच्या मार्गावर आहोत असा तरी दिसतय,sad
बापले असे हजारो थ्रेड लिहा. आता कोणी तुम्हाला ऐकत नसत,angry
बाथरूम मधे कंबळ ओढून लपून बसलंय? काकांनी हग्या दम दिलाय. थरथर कापतंय इतकं घाबरलंयं,fear
म्हातारी मेल्याचे दुःख नाही पण काळ सोकावतो कळलं का बीजेपी महाराष्ट्र ?,sad
मला काही ज्ञान देणार आहात का तुमची भांडणं थांबवून???,angry
मुलाखत रंगणार नाही हे स्पष्टच होते.,sad
अरे जर समोरच्याने बोलताना धीर ठेवला नाही तर का म्हणून आम्ही धीर ठिवायचा.,angry
वाढदिवसाच्या हार्दिक शुभेच्छा दादाआई भवानी तुला उदंड आयुष्य आणि उत्तुंग यश देवो,happy
भंगार सरकारचे भंगार म्हणा की लाज वाटते का सत्य सांगायला,angry
"काय बोलता राव, अर्जुन काँग्रेस तर शकुनी आहे महाभारातली",angry
तोच थापा तुम्हाला एकदिवस असा थोपटेल ना तोंड दाखवायला लाज वाटेल तुम्हाला..,angry
अमेरिकेत मंकीपॉक्स सार्वजनिक आरोग्य विषयक आणीबाणी म्हणून जाहीर,neutral
घोडेबाजार हा लोकशाहीच्या दृष्टीने घातक आहे...,angry
"सभा लाखोंची, मतं शेकड्यांची.",sad
अंधारेचा अंधार लटके लटकलेले मशाल पेटण्या आधीच विझताना दिसते आहे.,sad
पाठवत तरी जा बघून बघून खूप दुःख होत.,sad
याचा अर्थ शरद पवार च वादळ निर्माण करतात आणि तुमच्या अंगावर टाकतात..,angry
भारताचा पैसा विदेशात पाठवून आपल्या सामान्य जनतेला काय फायदा,angry
टच केले तर राजीनामा देणार होता गद्दार....,angry
गटार तोंडाचा बाहेर नाही येणार तरी पण,angry
कुठे फेडाल हे पाप भक्तांनो !!,angry
पण माघार होणार नाही.,happy
भेंडी... त्यांचाच परिणाम होता म्हणजे,happy
कोणत्या बाळासाहेबांची शिवसेना आहे बाळासाहेबांची शिवसेना म्हणजे बाळासाहेब ठाकरे यांची शिवसेना नाही तुमची,angry
चोरी करून पण जुबेर भिकाराच!,angry
हे फडणवीस चे भाऊ आहेत असं समजलं बेकार वाटत फडणवीस यांच्या बद्दल.,sad
भारत म्हणायला जीभ वळते का..?,angry
तसे नाही लेनिन आणि माओ ने हिटलर पेक्षा दुप्पटीने जास्त माणसे मारले,angry
त्याचा काय सबंध आहे का इथे उगाच काही पण,neutral
जर तुम्ही बालासाहेबांचं निष्ठावंत आहे तुम्हाला सत्याचं मोह नाही मग तुम्ही राजीनामा द्यावा,angry
बरोबर आहे भाजपा च्या राज्यात न्याय व्यवस्था स्वायत्त आहे हा फक्त भ्रम आहे.,sad
अट आणी विनंती यातला फरक कळतोय का बाई आपल्याला?,neutral
छत्रपतींच्या नावाने खुर्ची आणि पैसा कमवणाऱ्यांची कमी नाही...,angry
मला वााटलं ही जरा शहाणी असंल पण पार येड्याचा बाजार हाय भो,angry
आणि गावाला काय करावं यावर भाषण देतात हे महोदय.,angry
एक स्वतःसाठी आणि एक आमिर खानला भीक म्हणून,angry
शीऽ काय हे! निदान खिंडार तरी म्हणावं. भगदाड ?,fear
ब्राम्हणांनी हिंदू धर्म भ्रष्ट केला त्याचा हा शाप आहे,angry
आपले हे वक्तव्य ऐकून हे वठणीवर येतील असे वाटते का आपल्याला ?,angry
आई बहिणी हे नाव तूझ्या तोंडात नाही शोभत.,angry
मुलाखतीमध्ये फक्त नानाच बोलत आहेत. पूर्ण फेल गेली ही मुलाखत.,sad
मग बाहेर पडूच नये ना.. का उगाच...,angry
तांदूळ कमी पडला,neutral
हिला मंत्री कोणत्या पात्रते वर बनवल (अर्थमंत्री) कळत नाही ....,angry
एकनाथ राव काही उत्तर देवू शकले नाहीत ह्याच्यावर,neutral
अश्याच भ्रमामुळे तुम्हाला आजपर्यंत राजकारणात यश मिळत नाही..जमिनीवर येऊन सर्व्हे करा जरा.,angry
बरेच दिस दिसला नाही पावसाचा कोथळा काढायला गेला होता का,happy
पाकिस्तान जिंदाबाद'' म्हणणारी हि कीड समूळ नष्टच करा. ह्यातच हिदुस्थानाचं हीत आहे.,angry
कोणते जरी मिळाले तरी काही उपयोग होणार नाही,sad
"सर, प्रेम आंधळंच असतं. आंधळेपणाने लोकं फिरतात आणि कोणाच्याही प्रेमात पडतात.",sad
समोर पराभव दिसत होता म्हणून माघार.,sad
हि वहिनी मस्त आहे चालेल मला,happy
त्या तीन टक्क्यात तांदूळ चोर नसेलच. मग मंत्री कोणाच्या वशिल्याने झाला?,angry
अकाउंटआहे हे कोणीतरी उंडग आहे,neutral
काॅपी करून पास झालेले असेच असतात. कमी बुद्धिचे.,angry
मी भातखळकर महाशयांसाठी हे ट्विट लिहिलेलं चुकून तुम्हाला रिप्लाय झाला... क्षमस्व....,neutral
"ताई या नाच्याला अद्दल घडवा एकदाची, तोंडातून नुसता गटात ओकतो हा भास्कर",angry
अरे ते कोश्यारी आजोबा कुठ आहेत हरविले की काय,happy
ही असली फालतु च शिवसेनेला अजून बुडवेल.,angry
तसं ही बहुसंख्य संघोटे लग्न करत नाही...जे करतात ते पळून जातात..,angry
दोन्हीही भाजले काय??? दसऱ्या नंतर निघणार होते....,neutral
हे आपले अर्थमंत्री यांना देशाच्या अर्थव्यवस्थेची माहिती तरी देता येते का.. बऱ्यापैकी आहे,neutral
गद्दार .... घाबरले का बंड्या साळविला,angry
आयुष्यात कट्टर रहा.. कारण बाप बदलनाऱ्यांची इतिहासात नोंद होत नाही.,happy
जास्त खाजवायला लागतो असे म्हणायचे आहे? निर्लज्जम सदासुखी?,angry
हा पण अकाउंट उडवून जा म्हणावं,neutral
गल्लीत गोंधळ आणी दिल्लीत मुजरा कसा करावा हे सर्वांनी तुमच्या कडून शिकलं पाहिजे.,angry
हे सगळे राजकारणी चोर आहेत ..जनतेने शहाणे व्हावे!,angry
चोरांची टोळी म्हणजे महा वसुली आघाडी,angry
"निष्ठा म्हणायचं आहे, लिहीताना पवार काकांची आठवण आल्यामुळे शब्द वाकडा झाला.",sad
आरे बाबा जनतेने जनतेच्या प्रस्न सोडवन्यासाठी निवडुन दिले आहे. फलतु बडबड नुसती,angry
काही कर ला तुझी चड्डी पिवळी होणार,angry
शिवसेनेवर भुकन्या साठीच एवढे सगळे ठेवले त्यातलेच हे एक.... काही फरक नाही पडत शिवसेनेला....,angry
कोणतीही विचारधारा नसलेल्या लोकांचे असेच होते.,neutral
चप्पल तोंडावर पडणार हे दिसत आहे,angry
भाजप वाले काय खात आहेत ? ?,angry
घराचा चहा आहे का सॉरी सॉरी,neutral
हा यांचा स्वतःचा भ्रम आहे!,angry
"चिखलात लोलुन, मी कसा दिसतो ? हे दररोजचच आहे काल म्हात्रे बाई आज सावंत",angry
हेच सगळे बोंबलत आहेत. स्वतःच्या पक्षातल्या आमदारांना भेट देत नव्हते....कामं होत नव्हती...,angry
जसा माढा मधून पळून जाण्याचा निर्णय घेतला होता तुमच्या साहेब ने,angry
मशाल तिकडे पेटली पण आग ईकडे लागली जाळ आणि धुर संगच....,happy
या माननीय केंद्रीय अर्थमंत्री मॅडमचा अर्थशास्त्र हा विषयच कच्चा आहे...,angry
म्हणजे आधीपासून नच बायकोच्या जीवावर जगतोस तर,angry
अहो ही त्यांची अडचण आहे. त्यांना हे सारे मजबूर होऊन करावे लागत आहे.,sad
झोप कशी लागते.. एवढे पाप करून,angry
"गुढग्यात आहे हे स्वतः सांगणारे, त्यामुळे चर्चा करण्यात अर्थ नाही",angry
"आरे काका विच्यार पन म्हातारे झाले तुझे,, बी, जे, पी हटाव देश बच्चाव",angry
बरं तू मराठी आहे का मारवाडी आहे ते सांग पहिलं भाडखाव,angry
स्थानिकांनी आता भूखंड सुद्धा घेवू नये का?,angry
अजून वेड गेलं नाही का?,angry
.फडणवीसांची च्या पोपटाच्या मिटू मिटूवर येवढी श्रद्धा असेल हे आत्ता कळलं,angry
आणि तुम्हाला मत मिळणार नाही हे जनता नक्की करेल.,angry
गद्दार काँग्रेस मधून आलेले आता ज्ञान देत आहेत,angry
तरी अनाडीपण गेला नाही भाटकर च भटकर केलाच,neutral
केरळच्या मॉलमधील अभिनेत्रीच्या विनयभंगाचा व्हिडीओ व्हायरल; होणार पोलीस चौकशी,sad
हे महापुरुष जेल मध्ये घोटाळे करू येऊन अक्कल शिकवत आहेत,angry
तुझ्या सारखा बांडगूळ हे नाही समजू शकत... तू तर काँग्रेस भवणातला शौछालय सेवक आहेस...,angry
हि भाजपाची स्तुती आहे कि साहेबरावाची आलोचना?,neutral
निव्वळ मतांनी नगरसेवक म्हणुन निवडुन आला होता,neutral
अश्या वक्तव्यामुळे काँग्रेस संपली आहे...,sad
"शाळेत असताना बालविवाह,सति-प्रथा कुप्रथा असे शिकवले पण चार निकाह,तिन तलाक,हलाला कुप्रथा आहेत हे शिकवलेच नाही??",angry
हा आडनाव वाघ लिहीत असला तरी हा कुत्रा आहे.,angry
सोनिया समोर झुकणारे शरद/उद्धव आहे असे कोण सांगून गेले,neutral
सोन्या सारख्या पिकाचं नुकसान करतोय हा _,angry
घरकोंबड्या बाहेर पडला ही बातमी आहे,neutral
च बोलतेय की त्यात आत्मविश्वास नाही म्हणून..,sad
"काही उपयोग नाही ताई बोलून ,हे सर्व कळायला अक्कल लागते,",neutral
"परिवारवादावर गरळ ओकणारी लोक भाजपाचीच आहे ..,हे जनतेने लक्षात घ्यावे..!",angry
नाकाच्या खाली दहशतवादी कृत्य केले जात होते आणि गृहखात झोपा काढत होते....,angry
मला अशी माहिती मिळाली साहेबांचा अमेरिकेत बंगला होत आहे. हे खरे आहे का?,happy
अस्तित्वावर प्रश्नचिन्ह निर्माण झाल्याशिवाय स्वाभिमान जागा होत नाही..!!,sad
वाघाची आता मांजर झाली,angry
"साहेब, आपला संपूर्ण वेळ शिवसेनेवर टीका करण्यात जात आहे असे आपल्याला वाटत नाही का.....?",neutral
"मित्रा तुझं काही अस्तित्व आहे का नाही,",angry
तू भक्त आहेस का आणि तुझा बाप मानतो का संजय ला,neutral
कमळ धरले = धुणीभांडी केली,angry
त्यांच्यामागे काका भक्कमपणे उभे राहिले असते तर पुढील वर्षे ट्रॅस बाईंना काहीच धोका नव्हता,neutral
तुझ तोंड तर अजिबातच चांगल दिसत नाही ह्यात काहीच शंका नाही,angry
हे सोंगाडेच च्या सोंगटया आहेत,angry
अरे हे त्यांनीच निर्माण केलेलं वादळ आहे ज्यात तुमच्या पार्टी चे बारा वाजले,angry
जशी तुमची जळजळ वाढली आहे सत्तांतरानंतर... जळजळीपेक्षा कार्यतत्परता कधीही चांगलीच..,angry
यांनी जर ला जर राजीनामे दिले असते तर महाराष्ट्रात आज हे दिसले पण नसते,angry
नारायण राणे काय कमी होता म्हणून दुसरा नेपाळी घेतला,angry
आर्थिक साक्षरता वाला संघी दिसतोय आणि दुसरा मंदसैनिक,angry
ज्या पार्टीचा जन्मच दुसर्याला फोडून झाला त्यांना हे बोलणे शोभत नाही,angry
तुला सगळ्यांच्या सतरंजी उचलायच्या ठेका दिला आहे का गुलामा,angry
तुम्हाला उद्धव सरकार गेल्याचे फारच जिव्हारी लागले दिसत आहे.,sad
स्कूल बॅगमधून सळसळ करत साप बाहेर आला ! शाळेतील विद्यार्थी-शिक्षकांमध्ये उडाली एकच खळबळ !!,happy
देवदर्शनासाठी गेलेल्या महिलेची सोनसाखळी दुचाकीस्वार चोरांनी केली लंपास,neutral
अरे गतीमदाना सगळैच मंद वाटतात अगदी बाप पण,angry
जनमानसात सहानुभूती मिळालेय ठाकरेना तरीही फटकळ अंधारे बाई हा पक्षासाठी तोटाच आहे.,angry
हे सुरु करणार्यांना जेल मध्ये टाकलं आहे,neutral
भाजपा आणि शिंदे गटात ठिणगी पडली? हे ठरणार निमित्त,happy
बीकेसीत दोन कारची धडक; लहान मुलीचा मृत्यू ..//-…,sad
भ्रष्टाचार म्हणजे तूरडाळ घोटाळा का.,angry
त्यानंले गाद्या पिंजायचं कांट्र्याक भेटलंय येतं नसतंय ते आता,neutral
: चीनच्या धमक्यांवर तैवानने भडकला; चीनी राज्यकर्त्यांना दिले ‘हे’ उत्तर..,angry
असे ट्विट आणि अंदाज घटनाबाह्य आहेत.,neutral
त्या पक्षपात सुद्धा करतात. आणि हे कारण पुरे आहे त्यांना निष्कासित करायला.,neutral
हे तुझ्या आघोशित ... आणि आणि त्याच्या पिलांना सांग,angry
आता आहे ते सांभाळ बाबा नको उतमात करू,neutral
असहमत. पोरांच्या हळव्या प्रेमळ स्वभावाच्या आणि रांगड्या शरीराच्या प्रेमात पडतात पोरी,neutral
नाही उगवत हा सूर्य पर्यंत,neutral
किती चांगले मन आहे माहीत आहे.. भावाला संपवण्यासाठी भावाच्या शत्रूंना पाठिंबा देत होता..,angry
रावांचे बाळासाहेब कोणते? आमच्या कडे उध्दव बाळासाहेब ठाकरे आहेत.,happy
फक्त वाद घालायचा काम करतात.,angry
अभिवादन करताना तरी डोक्यातले जंत बाजूला ठेवत जाणे. प्रत्येक गोष्टीत भडवटपणा केलाच पाहिजे का?,angry
अच्छा म्हणून तुम्ही कोणाचं लुगडं कोणाची दाढी धरली का,angry
माझी बायको सुखानं जगू पण देत नाही आणि वटपूर्णिमाचा उपवास ठेवून मरु पण देत नाही.,sad
आमदारांमध्ये हा एकमेव आहे ज्याला काही काम नाही . नुसतं पडीक ट्विटर वर,angry
सर हे तर डबल ढोलकी वाजवण झाले.,neutral
स्वतःवर आले की दुसऱ्यावर ढकलायचे असे भाजप वाले करतात असे वाटते.,angry
मग मत आणि सत्तेसाठी मशिदी मध्ये जाणाऱ्या राजकारण्यांना हिंदुत्ववादी म्हणायचे का,angry
हे बरोबर नाही अध्यक्ष महोदय,neutral
राणे यांनी किती घरं उद्धध्वस्त केली असतील ते आधी बघा.,angry
संवेदना बोथट झाल्या आहेत. त्यात असंगाशी संग पण आहे.,sad
"तुला बोलण्यात काही अर्थच नाही, आमचेच येडे आहेत",angry
पक्षाला नाही डायरेक्ट नाच लायकी दाखवली आहे,angry
"पराभवाला घाबरुन भाजपने माघार घेतली का?, अंधेरी पडद्यामागे काय घडलं???",happy
हे खरं असेल तर अवघड आहे..... .,neutral
हे डांगीत शेपूट घालून कोण पळालं होत रे...,angry
पण बेसन लाडू आवडणाऱ्यांची संख्या जास्त आहे. त्यामुळे त्या पाठिंब्याला काही अर्थ नाही,neutral
"महागाई,बेरोजगार कमी होईल का? ते बघा बुलेट ट्रेन गरिबांसाठी नाही. गरज पण नाही.",angry
"""दुर्जन संघटित* आणि *सज्जन असंघटित "" हे आजच्या प्रगत म्हणवणाऱ्या समाजाचं भीषण चित्र आहे.",sad
त्वरित कारवाई करण्यात यावी यावेळेस ही कामे मोठ्या कर्कश आवाजाने चालु आहेत,angry
तुम्ही राहुल गांधींचा अभ्यास करण्यापेक्षा महाराष्ट्रात अनेक प्रश्न आहेत त्यांचा अभ्यास करा,angry
मतदान करायला गेलेलात का फोटो शूट होता.? न सुधारणारी कृत्य...,angry
उपाध्या!..तुलाही त्या गांडूळ वाघ आणि खळखळकरसारखी वाजवून घ्यायची हौस आहे तर!...नीमगाँडू स्साले!...,angry
हे विपक्षात असताना तत्कालीन सरकारने असं वक्तव्य केलेलं चाललं असतं का यांना?,angry
"हसरा मेळावा? गुढीपाडव्याचा का? नाही हो, तो आमचा नाही.",neutral
हफ्ता द्यायला आला असेल,angry
भाजपा ही निवडणूक टक्के हरणार हे फिक्स असल्यामुळे आलेल शहाणपण आहे हे,angry
"ला मत म्हणजे सुरक्षित भ्रष्टाचाराला मत, (भ्रष्टाचार करून सुखरूप राहणे)",angry
हिंदी चित्रपटासाठी हा सर्व खटाटोप नाही ना ???,happy
काय जोक मारत आहात? तुम्ही आठवडे मूग गिळून गप्प का बसले होते?,angry
या पोस्ट वर शिंदे साहेबांचा फोटो का? आपल्याला नावाने लोक ओळखतील असे वाटत नाही?,angry
भोकमत बाळासाहेबांच्या शिवसेनेत कोणताही गट नाही,happy
"हात जोडा, पाया पडा. तुमचे नवीन मालक हेच आहेत. गद्दारसेना &; भाजपा",angry
अत्याचा मुलगा का अशी चावट गिरी करतोय,angry
भारतात हुकूमशाहीने आपले रंग दाखवायला सुरुवात केली. नक्कल केल्यामुळे लोकांवर गुन्हा दाखल.,fear
आशा मावळत आहे.,sad
शेवटी गद्दार तो गद्दार बसले खोके घेऊन आणि ओके हून जय महाराष्ट्र,angry
क़िती वेळा सांगु…कुत्रकार आहे ते….,angry
"सगळेच म्हातारे कोतारे , तरुणांच्या प्रश्नांची ना जाण ना काळजी?? आम्हालाच सगळ कळत ही आघावगिरी",angry
आरे लाळघोट्या आता गोट्या पण चोखायला लागलास लेका,angry
शिंदे गटातील आमदारांना होतोय का आपल्या कृतीचा पश्चाताप..,sad
अंध भक्ति आणि अंध भक्त ह्याना समजवन म्हणजे अवघड़ जगेच दुखन,angry
अवघड आहे लका या माणसाचं. नामर्द लगोलग ओळखतोय.,angry
"टीका करा पण, पक्ष ही वाढवा ना. का फक्त टीकाच करत राहायची",neutral
जे शहर अगोदर स्मार्ट होते ते यांच्या योजनेमुळे *माठ* झाले,angry
दुसऱ्यांच्या चुका मोजल्याने स्वतःच्या कमी होत नाहीत महापौर महोदय.,angry
"म्हणूनच विधान परिषदेची निवडणूक भीक मागून बिनविरोध करून घेतली होती, बरोबर?",angry
भक्तांची घरे फुकणार लोकांचा उद्रेक आणी हे होणारच.!,angry
"तुमच्या जिभेला चव नसेल कसलीच नाही का, चाटून चाटून झिजली असेल",angry
"महागाई सुद्धा वाढत नाहीये, लोकचं गरीब होत आहेत...",sad
"लक्षात ठेवा, शेणिक हो, आपल्याला बाळासाहेबांच्या शिवसेनेला हरवायचे आहे",angry
काही फुकटच्या हाडकांसाठी काका हे असले घाणेरडे उल्टे पाल्टे धंदे करतो,angry
शेंके एवढे हुशार आहेत का? एवढा विचार करायला,happy
आधी तुमचं नाव बदला...की सोबत उध्दव ठाकरे नाव जोडायला लाज वाटते,angry
साहेब ज्यांनी ज्यांनी एस. टी. कर्मचाऱ्यांवर अन्याय केला त्यांची वाट लागली हे नक्की,angry
अहो अडाणी ताई तो घटनात्मक आयोग आहे.,angry
दुसऱ्याच्या बापाची इस्टेट पळवणारे पाहिलेत. पण दुसऱ्याचा बाप पळवणारे पहिल्यांदाच बघतोय.,angry
डिपॉजिट जप्त होणार आहे तुमचं,sad
कारण मिंधे च्या मालकाच्या गांडीला बाण टोचत होता,angry
सरस्वती चा आदर केला नाही म्हणून वर्ष जेल मध्ये जाउन आले असे असेल,angry
सगळ्यांचे सारखे म्हणून मिस्टेक झाली,neutral
सिनेमा ची लायकी /- ची आहे हे प्रेक्षकांनी दाखून दिले.,angry
"सूरत, अहमदाबाद, वडोदरा आणि गांधीनगर ह्या शहरी भागात भाजपचे कटटर अंधभक्त व मते आहे.",neutral
मृत्यू अंतिम सत्य पण हिन मानसिकता मात्र खूपच खालच्या पातळीवर...,angry
ही कसली परी? हिच्यापेक्षा चेटकीण बरी,angry
घन्टा एंटरटेनमेंट हीच थोबाड पण बघावं वाटत नाहीये भावा,angry
हे केंद्रीय मंत्र्यांकडून शिकले,neutral
पण पाणी साचून राहू नये हे तर पालिका ठरवू शकते ना भाऊसाहेब,neutral
नेपाळी आहेत ती कोकणी नाही . . .,neutral
देशातल्या लोकांची एक उम्मीद - राहुल गांधी,happy
राज ठाकरे यांनी केले आहे या चित्रपटात काम ? –,neutral
बरं आता सांगा जाऊन... बघु तर द्या संतोष बांगर वाघ आहे का शेळी...,angry
सुक्ष्म बोलतात तो हाच आहे का?,neutral
इनामदार कुत्रे कधीच मालकाची साथ सोडत नाही! मग ते पाळीव असे की भटके!,angry
असे काय झाले असेल... ज्यामुळे सर्व ट्रॅफिक जॅम झाले?,happy
आता ईडीवर ही कारवाई केली पाहिजे,angry
ओके काही हरकत नाही पण काय लिहिणार होते?,neutral
जातीवाचक काय आहे दाखव बरं?,angry
"आजपासून नार्वेकरांना काही बोलायचं नाही भक्तांनो, आपलाच माणूस आहे हा शिल्लक सेनेतला.",neutral
आजच पूर्ण पुस्तक प्रकाशित करणारं आहेस का..नुसत्या चारोळ्या आणि कविता.,neutral
मी रांगोळीच्या रंगांचा फोटो काढला पण त्यामुळे हे असं ग्रेनी टेक्श्चर नाही आलं,neutral
खुळखुळा तुटला असावा हे ऐकून,happy
मी बाळासाहेब ह्यांचाच शिवसैनिक आहे,happy
उभं राहून का.?,neutral
खूप माहित आहे बोलू का? मी आंबेडकर आणि बुद्ध दोन्ही वाचले आहेत.,neutral
भाजप खरंच घाबरली हे सत्य,angry
आणि हे सुद्धा तुम्ही ट्विट करून सांगताय हर्षु जी,neutral
यालाच एकमेकांचा आदर करणे असे म्हणतात.,happy
हेच जर उलटे झाले असते तरीही आपण असच बोले असते का ??,angry
तृप्ती सावंत कोण आहेत आणि काय झालं होत,neutral
राष्ट्रभाव : हिंदूत्व उत्क्रांत होत गेले..,happy
बिहार आहे का हे?,neutral
भारताचे चौदावे उपराष्ट्रपती म्हणून जगदीपजी धनखड यांनी शपथ घेतली.,neutral
लटकेंचा राजीनामा लटकावून खाजप ने लटकेंच्या प्रचाराचे अर्धे काम करून दिले,angry
ही मुलगी मागच्या जन्मी नक्की सामुराई निंजा असणार.,happy
टायर फिरत असतो नजरेसमोर त्यांच्या कदाचित त्यामुळे असेल,neutral
एक लग्नानंतर सत्यनारायण सांगायला आणि दुसरा गोंधळ घालायला.,neutral
"हा हिंदुस्तान सर्व धर्मियांचा आहे,धर्मनिरपेक्ष आहे",happy
"हो माहितीये मला, आपल्या त्यांना बघितल्या शिवाय पाणीही पित नसतात त्या",neutral
काही होत नसेल. आणि केलं तर केलं,neutral
"कालच्या सारखाच बरसला आज पण, आता थोडा शांत झालाय.",neutral
कालपर्यंत झालेल्या पावसाचे पंचनामे करण्याचे मंत्रिमंडळ बैठकीत निर्देश,neutral
"हेच की, आता पुढच्या पिढीच्या हातात पक्षाची सूत्र देऊन आपण मार्गदर्शकाच्या भूमिकेत जाऊ",happy
"हे समजलं ते ""लॅवीश क्लास"" वाले कोणता शब्द वापरतात?",neutral
आरएसएस दहशतवादी संघटना असे पुस्तक पण आहे बांधवांनो वाचून घ्या एकदा,angry
मग मागचं सगळ सोडून द्यायचं का आम्ही,neutral
: पासपोर्टसाठी पोलीस ठाण्याची पायरी ही चढू नका.. तरीही मिळवा नाहरकत प्रमाणपत्र,neutral
महाराष्ट्रात हे करायचं असेल तर राजसाहेब सत्तेत यायला हवेत!,neutral
"यावेळी भाजयुमो मुंबई महामंत्री जी, जी उपस्थित होते.",neutral
आणि आता स्वदेशातही नाही...,sad
स्वतःचं लिहायचं ना काहीतरी..! इथे ही कापी पेस्टच का...?,angry
हेच मामींना सांग ना मुंबईच्या बाबतीत पण हे लागू होत...,neutral
ताई अशा करिअर अकॅडमी आपल्या मतदारसंघातील प्रत्येक तालुक्याच्या ठिकाणी हा प्रयोग व्हावा..,happy
इस्लाम मधे बायकांना काय अधिकार आहेत हे त्यांना माहीत नसतं म्हणून असं करतात!,angry
साहेब पशुसंवर्धन विभागाची भरती करा ही नम्र विनंती,happy
त्याच्या आधी पहाटे भाजपने राष्ट्रवादी बरोबर संसार थाटला होता,neutral
आणी सर्व पत्रकारांची पन व्हायला पाहिजे अगदी तुमच्या सहित,neutral
हिंदुत्व सोडला का???,happy
पाहा भरभराट होणाऱ्या राशींमध्ये तुमच्याही राशीचा समावेश आहे का...,happy
शिवसेना फुटल्याने परिणाम होतो आहे.,sad
वरून तसा आदेश आला असेल ..!,neutral
": तिसऱ्या सामन्यासाठी रोहित शर्माचा मास्टर प्लॅन, अशी असेल",neutral
कोण आहे केशव महाराजची पत्नी...,neutral
आहेत का नाहीत,neutral
"प्रेमात बोलणीच होत नाहीत, जे काही असते ते सढळ.बोलणी करणारे सौदागर असतात.",neutral
नोव्हेंबर ला आहे का सुनावणी देशाच्या सुप्रीम कोर्टला खुप काम आहेत,neutral
: यंदा कर्तव्य आहे? या दिवसांपासून सुरू होत आहेत मुहूर्त,neutral
"साहेब, दहीहंडीच्या गोविंदा प्रमाणे नवरात्री च्या दांडिया खेळाडूंना सुद्धा आरक्षण देण्यात यावे ही विनंती",neutral
गुजरात मध्ये हा नियम लागू केला आहे.,neutral
आला बोहोत आला,neutral
कोणाला आला ?,happy
पैसे येणार कुठून सगळं काही आणिनिवडणूकीतच खर्च केल्यावर,neutral
महाआघाडीमुळे झोप उडाली त्यामुळे .....,neutral
पहिला हे सांग समीर शेख कोन आहे,neutral
अध्यक्ष महोदय मला एक संधी देण्यात यावी सावरण्यासाठी ..हि आपणास नम्र विनंती,happy
शेतकऱ्यांना दिलासा मिळणार का ओला दुष्काळ जाहीर करणार का,sad
लिखित 'आनंद(चित्रपट)' हे हिंदी भाषेतील नाटक वि.वा.शिरवाडकर यांनी 'आनंद' या नावाने मराठीत आणले,neutral
पाहा कोणते आहेत हे रेकॉर्ड...,neutral
ताई नवरा घरी लाच मागतो का?,angry
थोरात का?,neutral
"पुलंच्या अंतूशेठच्या तोंडचा संवाद आठवा.. ""जगभर फिरला पण रत्नांग्रीस नाही आला..""",happy
पुण्यात कमी वेळात इतका पाऊस का झाला?,happy
भाऊ हा शिंदेच भविष्यात त जाणार आहे. ही तर सुरुवात आहे.,neutral
कुठे तलवार घेवून मंदिरा समोर नाचले नाहीत ना? डीजे वर आक्षेपार्ह गाणे लावले नाही ना?,angry
भिजलीस का? पण विचारतील लोकं..,neutral
*हा आहे खानदानी गांधी परिवार .*,neutral
साखर निर्यात कोटा काही दिवसांत जाहीर होणार,neutral
नाना आहेत.... कोणाचेच नाहीत.,sad
आम्ही फटाके वाजवू हा गेला तर,happy
यांचा हाती मुंबई महानगर पालिका आली तर मुंबई चे पटना होईल हे नक्कीच.,angry
खरंच गद्दारांना क्षमा नाही मिंदे गट,angry
शेतकऱ्यांची ही सत्य परिस्थिती आहे,sad
"स्वतःच्या देशाचा झेंडा लावायला घर नाही तर देशाबद्दल प्रेम, अभिमान आणि स्वाभिमान पाहिजे...!",happy
काय होत आहे पुरोहागामी महाराष्ट्र मध्ये,neutral
न्यायालयाने कोहळा काढला आणि हा आवळ्यातच खूष,neutral
अरे मग पत्राची अपेक्षा का करत आहात आता ...,happy
वय लिहायची काय गरज होती मित्रा..,neutral
कुरेशी भाई हि आहे शिवसेना...,happy
मारण्याचा अधिकार आहे का त्यांना?,angry
"आपण तपास यंत्रणा ऑफिस, राजभवन हे अड्डे बनवुन सत्ता आणली त्याचे काय?",angry
निफ्टी ....!! मंथली टाईम फ्रेम मध्ये....!! फ्लॅग पॅटर्न बनवत आहे का.....??,neutral
त्या' आठ राज्यांनी विमान इंधनावरील दर कमी करावेत - केंद्रीयमंत्री ज्योतिरादित्य शिंदे,neutral
मला वाटलं ते भाजपमध्ये जॉईन होणार आहेत,happy
असा होता स्मिता पाटील यांचा चित्रपट प्रवास…,happy
*राष्ट्रवादीचे नेते भारत भालके यांच्या निधनानंतर रिक्त असलेल्या पंढरपूर-मंगळवेढा मतदारसंघाची पोटनिवडणूक चांगलीच चुरशीची होणार आहे*,neutral
पण ते महाराष्ट्राचेच रहिवासी आहेत,neutral
वहिनी ला टॅग करू का? लईच रिकामा वेळ दिसायला तुला,angry
काही अपवाद सगळीकडे असतात,neutral
खर आहे सर अगदी पूर आला तरी,neutral
मागच्या वर्षी चा फोटो आहे हा।,neutral
मग मुंबईत पाऊस पडत असताना त्याला काही नियम हे वेगळे असतात का?????,happy
": आजचे राशी भविष्य, या राशीच्या लोकांना आहे विवाह योग",happy
सनातन ही धार्मिक संघटना नसुन स्वत: धर्म आहे,happy
जाऊ द्याना बाळासाहेब.... नाही उदय साहेब,angry
तो व्हिडिओ आहे का एखाद्याकडे असेल तर पोस्ट करा आई बसली वाला,neutral
"अहो, वागळे संपूर्ण जगात महागाई वाढतेय. महागाई आणि सावली हे कधीच मनुष्याला सोडत नाहीत",neutral
पण ? म्हणजे ठाकरे कुटुंबातील कोणी आहे का?,happy
मुंबई आणि महाराष्ट्राची वा . लावण्यासाठी सदैव कार्यरत .,happy
सर्व नागरिकांना तुमच्या कडून धान्य वाटप करण्यात येईल असे घोषित करा की....,neutral
का ह्यावर्षी तुम्हाला नाही बोलावलं,neutral
संघटनेला कोण खत पाणी घालत होते. ते तपासणे तितकच आवश्यक आहे.,neutral
किती हा कळवळा भावाचा पण बहिणी पेकक्षा चमच्यांना जास्त आहे.,angry
अशी नावं बदलायची वेळ का आली ?,happy
पुणे पोलिसांच म्हणण आहे की अशी कुठलीही घोषणाबाजी झालेली नाही,neutral
"अतुल कुलकर्णी,राहुल कुलकर्णी आणि मकरंद देशपांडे सुद्धा लाल सिंग चड्डी समर्थनासाठी उरलेत..",neutral
भाऊ गेला होता अर्ज भरायलाआता घरात आईस्क्रीम खात बस,neutral
साडे तीन जिल्ह्याच्या लोक एवढी मोठी झाली स्वतः ला राज्य समजायला लागली काय..!,angry
सत्तांतर झाल्यानंतर हा शब्द खूप महत्वाचा आहे .,neutral
बावनकुळ्या' म्हणायचं आहे का तुम्हाला?,neutral
भक्तांच्या ला ढाल तलवार लावायचा आदेश अजुन आला नाही वाटतं.,neutral
बेल भाजप देते की कोर्ट? नावा पुढे का आहे?,angry
कोकणातून पळून आला आहे म्हणे,happy
दादा मला हे कळत नाही की हे राम आहे की रावण,neutral
पण नक्की काय.,neutral
ह्याच निल्या आणि नित्या सारखे हाल होणार बहुदा,sad
नाही आपले चाहते वाले नाही,neutral
आता टीव्ही बघ रे..नंतर आभाळ हाण,neutral
नाही... नवीन मालक आलंय(आणलाय) घराणे शाहीच्या लोकांसाठी... तेजस अस्त्र म्हणून,neutral
"बघू आता प्रकरण न्यायालयात जाईलच, तिथे न्यायाधिशांना काय ऐकू येत हे महत्त्वाचं",neutral
"""जे राष्ट्रविरोधी काम करतील, त्यांना..."" मंत्रिमंडळाच्या बैठकीनंतर मुख्यमंत्र्यांची प्रतिक्रिया",angry
प्रशांत महासागर पण आहे लक्षात असूद्या,neutral
महाराष्ट्रात असे होणार नाही.,neutral
बाई हे खरं आहे का..??,happy
वजन कमी करणारा केक मला पण पाहिजे!,happy
आज सोमवार आहे,neutral
चे युद्ध व सीट मधील फरक कळतो का?,neutral
हे एवढं महत्वाचं आहे का?? रोजगार निर्मितीकडे लक्ष द्या... खूप अपेक्षा आहे तुमच्याकडून,angry
भालोद कॉलेजचे आमोदा येथे रासेयो शिबिर .//…,neutral
शेवटी गणा॑चा गणपती पण ढेरीवालाच आहे गणनायक गणपती,neutral
"आता हे सिद्ध झालंय, की कोण कुणाच्या मताने वागतय.",neutral
हे फक्त दिवाळीच्या वेळेसच का आठवतं,angry
आरे तु फडणवीसचा पी.ए आहेस का?,angry
हा युपी बिहारचा आमदार आहे का आम्हाला मराठी समजते हा काय लिहिलं राम्या,angry
असे पोस्ट हवेत सर्वांना आपली देश महत्वाचा असवा देशद्रोहाचे नारे हे देशास घातकच,angry
तुझा काही विषय आहे का भावा,neutral
सध्या टरबुज चे दिवस आहेत..... एक दिवस विवेक च येईल च,neutral
महाराष्ट्रात सार्वजनिक नवरात्र उत्सव याची सुरुवात कोणी केली माहीत आहे का?,neutral
"पुणे पोलिसांचे गुंड प्रवृत्तीला ठेचण्याचे काम, गज्या मारणेनंतर आणखी एका गुंडाच्या मुसक्या आवळल्या",angry
त्यामध्ये हे पण छापले तर बरं होईल. बघा जमतं का?,neutral
गोवारी हत्याकांड काय होत र्र अरव्या,angry
सुंभ जळतो पण पिळ कधीच जळणार नाही......या प्रगत हिंदुस्थानातील तरुण पेटलाय आता...या अशा नौटंकीने......!!!!,angry
जातो का त्यांच्या वाड्यावर...,neutral
साहेब आपल्या कार्यकर्त्याने मशाल चिन्हावर कविता बनवली आहे.,happy
मराठी भाषेमध्ये लिहा महाराष्ट्र आणि मुंबई उपनगर साठी बातमी आहे.,neutral
हे खरे असेल तर ह्यालाच मजबुतीकरण म्हणायचे का?,neutral
ते जुन्या ट्रेन असताना व्हायचं हे खिडकीच्या दांडीवर अडकवायचे आणि दरवाजाच्या कडीला,neutral
"सर्वात जास्त भाजपवाल्याच्याच बहिणीचे लग्न लांड्यसोबत झालेले आहे उदा.शहानवाज,मुक्तार अब्बास आणखी सांगू का",angry
एक तलवार तुमची एक शिवसैनिकाची आणि मधली ढाल ची...,happy
डॉक्टर न्याय देताना समोर बसलेली व्यक्ती हि कोणत्या जातीची आहे हे महत्वाचे नाही,happy
"सतरंज्या उचलणे बंद कर आणि काहीतरी काम, उद्योग सुरू कर म्हणजे घर घेता येईल.",angry
"मी तर ईस्ट वेस्ट ओळखायला पण मदत करत आहे, याची ही नोंद घ्या.",neutral
सामान्य शिवसैनिक आणि मतदार याना माहित आहे कुठली शिवसेना बाळासाहेब ठाकरेची आहे.,neutral
दादर मुंबई मंडळ असे आहे ते मराठीत.,neutral
काळजी घे....उपाय सांगू का..?एक,neutral
देवगड तालुक्यात सुरु होणार ‘मत्स्य’ विद्यालय,neutral
हे तुम्ही कुणाला सांगायच ते ठरवा / पासुन हा ट्रेंड आला आहे...,neutral
काल एक काम होतं रे आता कायमचं बंद ठेवणार आहे.,sad
मी वर्षातून एकदा अंघोळ करतो. त्यामुळे मला फरक नाही पडत.,neutral
का सगळे जण असंच करत आहेत..,neutral
दाबण्या बरोबर पिळायला ही सांग त्याला!,neutral
तुम्ही पण त्यांच्या नौटंकीत सहभागी व्हा,angry
कमी भूक लागते? मग अशा पद्धतीनं खा विड्याचे पान,neutral
आता मराठी भैय्यां चा नवा बाप भुर्जी पटेल.....,neutral
त्यात्याच मानून तर नम्बेर नही दीसत अहे,neutral
आणि माणूस प्राणी समूहात राहतो,neutral
आता सिब्बल ची फी खिशातून द्यावी लागणार.....आधी जनतेचा पैसा देता येत होता.,angry
कोण काथ्या आहे का?,neutral
... कारण त्यामध्ये बाळासाहेब ठाकरे आहेत.... मध्ये कोणते बाळासाहेब आहेत माहिती नाही...,neutral
कुठे गायब आहे .. लाँग टाइम नो ट्विट,happy
कुंभोजकर पण आहेत माझी शाळा,neutral
"चांगली कामे करून नाव कमवा , असे खोटे बोलून प्रसिद्धी च्या मोहात नका पडू!!!",neutral
होय माझ्याकडे आहेत बर,neutral
हे कदाचित स्वतः च्या वाढवण्याची आणि लोकांची सहानभूती मिळवण्यासाठी केलेला प्रकार असावा!?,neutral
अमेरिका मध्ये पण भाजपच आली मन्हते,happy
हेच का ते...?,neutral
तीन चा मुहूर्त गाठणार जोर धरायला,neutral
अतुल भातखळकर हे गृहमंत्री आहेत वाटत..??,happy
एक होऊन जाऊ द्या.....,neutral
चेंगराचेंगरी होईल सतरंजी उचल्या किती गर्दी आहे,neutral
मेथी मटण आहे ना हे,neutral
पश्चिम रेल्वेवर लोकलला विरोध होत नाही तुलनेने आर्थिक सुबत्ता हे कारण असावे.,neutral
त्याच पत्रकार परिषदेमध्ये सत्तेचा समान वाटा हे ही सांगितले होते विसरले काय ?,neutral
नाशिकमधील आदिवासी बहुल भागात ‘स्टाँबेरी’विक्रीतून ‘नवसंजीवनी’ ./--…,neutral
"संभाजी महाराज कसे आले नंतर, छत्रपती गडावर पोचल्याचा प्रसंग हे दाखवायला हवे होते",neutral
कोकण ची छाया पडली आहे त्यावर,neutral
तू पण धुवत राहा दररोज.,neutral
सगळ्यात मोठा आणि एकटा देवेन आहे असे स्पष्टीकरण देताना या काकू....,neutral
अरे कसली स्वप्न बघतात ही लोकं काय माहिती,happy
तुमचं मत पत्रकार म्हणुन किती लोक घेतात?,neutral
मोठया साहेबाचे पहिल्या माळ्यावर पण धंदे होते!,happy
हिसका ? लोकप्रतिनिधींवर हल्ला करणे हि आतंकवादी प्रवृत्ती आहे ...,angry
‘बीटीएस’च्या सैन्यभरतीची एवढी चर्चा का?,happy
साफसफाई चालू आहेच एकीकडे ते कधीही न संपणारे काम आहे,neutral
अर्र ... मी यावर्षी कंदील लावलाच नाही त्यामुळे. लाईट ची माळ लावली,neutral
ला निवडणुक होणार नाही बोलला होतास,neutral
शिक्षकांनी दर्जेदार शिक्षणाद्वारे आदर्श पिढी घडविण्याचे काम करावे – मुख्यमंत्री एकनाथ शिंदे,neutral
तुम्ही चा टीम मध्ये आहात का...,neutral
"सब्बल आणि सिब्बल दोघांचे एकच काम, खोदणे",angry
: पुण्यातील मुसळधार पावसामुळे झालेल्या नुकसानीवर अजित पवारांची पत्रकार परिषद,neutral
"मजाक नाही, एकर सोयाबीन होतं शेतात..",happy
ते मास्तरला का टॅग केले,neutral
वडा भात हाच का?,happy
मी फक्त धोक्याची घंटा देऊन ठेवली ..... हे पाहून भूतकाळ आठवला,sad
% प्राध्यापक भरतीचा निर्णय कधी घेणार साहेब,neutral
समता पार्टी ला देखील अंधेरी पोट निवडणूक लढायची आहे. आता काय करावं,neutral
आता हे शेतकऱ्यांच्या हातात नाही ना साहेब,sad
कोणी डीपी नाही ठेवला का???,happy
ला देण्याची प्रथाही रूढ झाली आहे आजकाल,neutral
प्लॅस्टिक चा गहू व तांदूळ निघाला का त्याची चौकशी करा.,neutral
भाऊ मग स्थापन करा कारण या दोघां शिवाय राजकारण होत नाही,neutral
असे बोलण्यासाठी उध्दव ठाकरेंना शरद पवार आणि सोनिया गांधींची परवानगी घ्यावी लागली असती,angry
शुगर होती पण नॉर्मल म्हणुन गोळ्या बंद केल्या.,neutral
कॅन्डी क्रश नाही आहे ती कि लोकांना सांगत फिरायच !,neutral
सोनाली मँडम मी सुद्धा तूमच्या मताशी % सहमत आहे,neutral
राहतील असे म्हणायचे आहे का,neutral
"तुम्हाला सणसणून निगलेक्ट केलेलं दिसतंय , नाही म्हणजे अगदी पोटातून आलं म्हणून म्हणलं",angry
"हा पाऊस पुण्याचा नक्कीच नाही, दुपारी पण विश्रांती घेत नाही .",happy
सर्व क्षेत्रात सुमारपणा आला आहे.,sad
तुमची झाली का?,neutral
आपल्या माहितीतल्या सर्व लोकांपर्यंत हे पोहोचवा,neutral
हे अत्यंत महत्त्वाचे आहे काळाची गरज आहे.,neutral
"आता जनतेनेच पेटून उठायला हवे, आणि यांना त्यांची जागा दाखवून द्यायला हवी.",angry
भारतीय जनतेने एक वेळच जेवायचं असा कायदा आणनार आहेत म्हणे ? खरंय का ?,happy
दोन ते तीन दिवस,neutral
एक काळ होता जेव्हा फोटो नव्हते. पण फोटो नसूनही सरस्वती ब्राम्हण पुरुषांवर प्रसन्न होती!,happy
शिंदेंनी त्यांची तलवार कुठं घुसवली आहे अजून कळलं नाही का..,angry
"बाळासाहेब ठीक पण नक्की कोणते थोरात, पाटील की आंबेडकर?",neutral
आता या हरमीचा सिनेमा का बघायचा,angry
जेव्हा एकटाच नात टिकाव म्हणून प्रयत्न करत असतो तेव्हा काय होत..?,sad
एकनाथ शिंदे आहे,neutral
जनतेने ओळखले आहे त्यांची जागा जनता दाखवणार,angry
झालं का सुरू परत,neutral
यात सगळ स्पष्टत दिसते आहे,neutral
हा स्मिथ सद्ध्या आपल्याकडून खेळतो,neutral
हे केदारनाथ बाबा! त्राहिमाम!,fear
कोटी दिले की चालते,angry
? हे चुकून राहिले का?,neutral
हिंदु म्हणून जन्माला आलो पण हिंदु म्हणून मरणार नाही...! ऑक्टोबर,angry
वसंतराव नाईक कमी पडले.,sad
विधानसभा उमेदवार माघे घेण्याच्या हालचाली सुरू झाल्यात आणि हे म्हणतात खासदार भाजपचा,neutral
हि आहे आपल्या देशातली लोकशाही.,angry
"हे शेतकरी असते तर असे बोलले नसते,",sad
"बाळासाहेबांचे नाव जरी शिंदे गटाने घेतलं असलं, तरी रक्त आमच्याकडे आहे-",happy
तुमच्या पेक्षा बरा आहे बेरोजगारी बदल बोला,angry
स्पेस बंद पडली का?मला वाटलं मला बाहेर काढल फक्त,happy
तुमच्या चॅनल आणि पक्षाचे कॉमेंट चालू करा म्हणजे समजेल आनंद झाला का,happy
लग्न च् नाही झालं..हे अक्कडसास कुठुन आली....,angry
मोदी शाह ह्यानी एक तरी स्क्रू लावला का?,angry
बाळासाहेबांची शिवसेना या पक्षाला ढाल तलवार चिन्ह.,neutral
चिल्लर वर बंदी नव्हती... नोटांवर होती...,neutral
"ताई, सोमय्या, राणे, उपाध्ये, आणि तो वाघ ही सगळी सेल वर चालणारी मंडळी आहेत.",neutral
हि माहिती देशी अंड्याबाबत आहे का.. पोल्ट्री फार्म मधील अंड्याबाबत...??,neutral
उपाय योजना करा बघा किती आणि कस काम करत आहेत ते..म्हणून मनसे पाहिजे,neutral
तुम्ही तुमचं बघा कुळे.. तुम्हालाच कोणी तिकीट देतय का नाही?,angry
विक्षिप्त वागण्यापेक्षा अलिप्त झालेले कधीही बेहत्तर...,neutral
धक्का वगैरे काहीच नाही,neutral
हे दिल्लीत बसून काय करतात?? यांचं महाराष्ट्रासाठी आणि देशासाठी काय योगदान आहे??,angry
शिवसेनेने आपल्या कोर्ट केस मध्ये मुकुल रोहतगी यांची ही मदत घ्यावी,neutral
ह्याला चहा म्हणता येईल का ..,neutral
सर्वोच्च न्यायालयातल्या कर्नाटक हिजाब प्रकरणाच्या सुनावणीत दोन्ही न्यायमूर्तींनी वेगवेगळी मतं व्यक्त केली आहेत.,neutral
ज्या दिवशी हे चित्र सत्यात उतरेल त्या दिवसापासून महाराष्ट्राचा उत्कर्ष सुरू होईल.,happy
बसायचं का. पहाटेच.,neutral
चला म्हणजे भविष्यात लवकर तरी कारवाई होणार नाही...,neutral
हे प्रेम कोणत्या प्रकारचे आहे.,happy
काम काय आहे तुला....,neutral
दिवाळीच्या मुहूर्तावरील शिंदे सरकारचा निर्णय अजूनही कागदावरच,angry
त्यांना प्रादेशिक पक्ष म्हणून मान्यता दिली आहे.. अस पण होऊ शकते का..?,happy
अतिवृष्टीमुळे झालेल्या नुकसानीचे पंचनामे करण्याच्या आ.आशुतोष काळेंच्या तहसीलदारांना सूचना...प्रशासनाकडून पंचनामे करण्याचे काम सुरु,neutral
निवडणूक आयोग निर्णय घेऊ शकतो.,neutral
आज उपवास करावा श्रावण सोमवार आहे आणि एकादशी पण आहे,neutral
कॉंग्रेसचे माजी नेते गुलाम नबी आजाद हे आज आपल्या नव्या पक्षाची घोषणा करण्याची शक्यता आहे.,neutral
मी स्वतःच नाही हो कुठल्या ग्रुपमध्ये..,neutral
मोदी गेले होते न बोलावता बिर्याणी खायला आणि आता ते भागवत मस्जिद मध्ये,angry
अजून तसला आक्षेप मध्ये नाही.,neutral
अरे थांब दोन दिवस.. माझं फोन पे बंद आहे चालू झाल्यावर करतो..,neutral
गावठी जेम्स बॉण्ड काय करत होता?,happy
ह्या वर्ष व्हतात का ?,neutral
बरोबर म्हणत होता.. चड्डी वाले.,angry
हे स्वतःला बाळासाहेबांचे शिवसैनिक म्हणून घेतात,neutral
एका ठराविक एरियासाठी पोस्टमन काका एकच असायचे... हे लोक दरवेळी नवीन नवीन...,neutral
अरे थ्रेड आला नाही अजून देवाला घाबरा जरा तरी....,neutral
का मराठी चालत नाही तुम्हाला.??? काय हे,angry
महाराष्ट्रात पण असच झालंय ला उप आणि मुख्य,neutral
मी लिहिलेल्या लेखांचा संग्रह पुस्तकरूपात प्रकाशित होणार आहे!,happy
पहिल्या महायुद्धादरम्यान कमी झालेली जर्मन लोकसंख्या नव्याने वाढवण्याची कृतियोजना नाझींनी अंमलात आणली.,neutral
तेच कामं आहे सध्या,neutral
हा वाघ आहे की शेळी?,happy
"अशी एक म्हण आहे ""आवडत्या व्यक्तीचा प्रत्येक गुन्हा माफ असतो!""",neutral
तलवार ढाल आणि हातावर घड्याळ.... भेळ सारख पण जमेल का हे...,happy
राज्यसेवा लेखी स्वरूपात पासुन् लागू करावी अशी मागणी समिती नेच सांगितले आहे,neutral
आणि महाराष्ट्र सुद्धा,neutral
फक्त रविवारी जगता येते अशी लाईफ,sad
याच साठी केला होता अट्टाहास..,neutral
तुमची सेटिंग आहे का निवडणूक आयोग मध्ये,angry
गाड झोपले होते,neutral
फीर भी झूकणार नाही दिल्लीच्या सोनिया समोर.,happy
आफवा पसरवून मुळ मुद्द्यावरून जनतेचे लक्ष विचलित करण्यात साठी ही संघी निती अवलंबली आहे,angry
बहुतेक हे ट्विट डिलीट करावं लागू शकतं.,neutral
अनपेक्षितरित्या सिराज मालिकावीर बनला आहे.,happy
आम्ही संपलेल्या पक्षाला महत्व देत नाही.,angry
हा चोमण्या हाताने मनसे नावाचं मंडळ संपवणार आहे,angry
कचऱ्याच्या डोंगरावर हिरवळ... नाशिक महापालिकेचे कौतुकास्पद काम ./-/…,happy
"सत्ता विरोधी असणं, हा बुद्धिजीवी लोकांचा धर्म आहे.",neutral
जयंत पाटलांचे जग जिल्हे आहे।,neutral
पण राजकारणात किती पडावे हे नक्कीच ते ठरवतात.,neutral
हा... तू कधी तरी नाही... नेहमीच करतो असं...,neutral
मन मारुन जगण्यापेक्षा मन भरुन जगा कारण कोणता दिवस शेवटचा असेल सांगता येत नाही...!!,neutral
हे नसेल कदाचित!,neutral
कालव्याचे काम डिसेंबरपर्यंत पूर्ण करा; मुख्यमंत्र्यांचे आदेश,neutral
"""व"" च्या जागी ""श"" असायला हवा होता",neutral
हे तुमचे बाळासाहेब बाळासाहेब ठाकरे शिवसेनेकडे आहेत,happy
यावेळी महानगर मंत्री ऋषिकेश केकान उपस्थित होते.,neutral
अरे जोश्या तु पत्रकार आहेस आमदार नाही...,angry
महाराष्ट्रामध्ये पण भीमाशंकर कॉरिडॉर तयार करावे...,neutral
तैमुर पुढच्या जन्मात पुण्यात जन्म घेणार आहे,happy
प्रदेशवाद बळावला आणि दंगली झाल्या तर तुम्ही खूष होणार का?,angry
एका लिंबाचा तर फरक आहे,sad
काहीतरी कमी पडलं असेल तुमच्याकडुन,neutral
एकदा मनातून उतरलेल्या व्यक्तीसोबत पुन्हा आधीसारखी होत नाही...,sad
हो आम्ही वापरली आहे अजूनही आठवत लहानपणी ते चारणे घेऊन जायचं दुकानात,neutral
अटक करून कोर्टात हाजीर केले होते,neutral
"डियर भक्तो, ठाकरे शिंदेच्या नादात आपल्याला वोट भाजपाला द्यायचं आहे हे विसरू नका!",neutral
राजीनामा दिला नाही आहे....उगाच गोंधळ घालत आहेत.,angry
नाही तस नाही गद्दारा ना हरवा याच आहे,angry
युवा? हे कोणत्यातरी नेत्याचे कार्यकर्ते आहेत.,angry
म्हणजे आता बेडरूम ते घराच्या दरवाज्या पर्यंत येणार बहुतेक,neutral
फुगा म्हणजे का ???,happy
मला पण हा जॉब भेटला पाहीजे,neutral
नवरा बायको आणि भाऊ-दीर सुनील सुद्धा..,neutral
"मुख्यमंत्री साहेब,आम्हीपण ऊस तोडावा का? शाळा बंद करण्याच्या निर्णयामुळे मुलाचे थेट शिंंदेंना पत्र",happy
"पत्रकारांना हा त्रास का होतो,,खोक्यांचा परिणाम दिसतो असेच लोक म्हणतील रे,,",angry
"साहेब, पालघर मधील हिंदू साधूंच्या हत्यार्यांना शिक्षा होणार का?",angry
उडवायचे आहेत का तुमच्यावर .,fear
हा थ्रेड वाचताना डायरेक्ट चा फील येतो भारीच लक्षा एकदम जबरदस्त,happy
या बाबत सकारात्मक विचार करून योग्य निर्णय घेण्याचे आश्वासन देवेंद्र भाऊंनी दिले आहे.,neutral
बाळासाहेब पण कोणते,neutral
"तात्या, हे एकदा आमच्या मुदी शेठ्ला सांगा",neutral
असं पण हरणारच होते भाजप आता घेतील मागे अर्ज ..,neutral
"हो फेसबुक, व्हाट्सएपच्या, ट्विटर, इन्स्टग्राम सगळीकडे मशाल आणि उद्धव ठाकरे दिसत आहेत.",neutral
"हो,पण त्यावेळी पत्रकार सुद्धा विद्याधर गोखले,माधव गडकरी असे होते किंवा यांच्याहून वरिष्ठ होते...",neutral
मनसे नावाचा पक्ष आहे जिथे कार्यकर्त्यांना मनसे व्यक्त होण्याचे ही व्यक्तिस्वातंत्र्य नाही.,sad
आमच्या साहेबांनी आता काय उमेदवार म्हणून पण भावी च राहायचे का,neutral
ते सगळं समजलं आम्हाला... फक्त ते नाली काढायचे बुटं का घातले तु मित्रा,happy
माहित आहेत का कशावर होतो ग्लोबल हंगर इंडेक्स,neutral
ला तर ₹ ला मिळत होता.,neutral
दुसरा लेबल बनवायला तुझ्याकडे कागद आणि शाई नाही का,angry
क्यू आर कोडचं चिन्ह ठेवायला सांगु का?म्हणजे - खडकु देता येतील...,neutral
आता सर्वा ना माहीत आहे की का तुम्ही थाय जात आहात,neutral
यासाठीच हिमाचल प्रदेशासोबत निवडणूक जाहीर झाली नाही. ही रेवडी नाही का ?,angry
जेव्हां तू निःपक्ष पत्रकार होणार त्यावेळी हे सरळ थांबणार. आहे का हिम्मत?,angry
": चतु:श्रुंगी मंदिराचा इतिहास माहिती आहे? स्वातंत्र्य चळवळीशीही होता संबंध,",happy
परवा तर कोणत्या इमाम ला पण भेटून आला आहे की,happy
किती मिलिमिटर भाग्य आहे राहुल चं,neutral
तू पोरींचा पोस्ट वर आहे,neutral
आज *बसु बारस -आरमार दिन* गोमतेची पूजा आणि गोहत्यारांचा नायनाट!!,happy
मग फडणवीस भाऊ.मुंबई मध्ये उदो उदो करत तर होता,angry
चला कमीत कमी मान्य तरी केलं की अफजलखान च्या वृत्तीचे लोक आहेत जिवंत,angry
नाही.. चाटत आहेत म्हणून नोकरी टिकून आहे..,angry
हे लय भारी होत वासाडी हिडींबा,angry
अनुकंपा धारकांना नियुक्ती देण्यात यावी ही नम्र विनंती,neutral
हे रद्द होणं गरजेचंच आहे किती,neutral
ते गाढव पाळणारा का ?,angry
"शेअर बाजारात मुहूर्त ट्रेडिंग म्हणजे काय, गुंतवणूकदार याला का शुभ मानतात?",neutral
मोदी बदल खूप वेळा बोले आहेत,neutral
पर्याय नव्हता म्हनुन हि च्याल.,neutral
बाहेर राहून घरचं जेवण मिळतंय लोकांना आणि म्हणे गरिबांचा खाऊ,angry
मी गौरी-गणपती इत्यादी हिंदू धर्मातील कोणत्याही देव-देवतेस मानणार नाही किंवा त्यांची उपासना करणार नाही.,angry
ही ही ही....हा हा हा,happy
लावले असे समजायचे का?,neutral
पण मुंबईत हे झालं असत तर हेच बोंबले असते.,angry
पावसात काढू नका मशाल नाही तर दिव्या सारखी फडफडायची,neutral
सत्यनारायणाच्या पूजे ला पण बसा आता,neutral
"…पण आमचा लढा थांबवू शकत नाही, सुषमा अंधारेंचा शिंदे-फडणवीसांना इशारा",angry
पवार कधी अभ्यास दौरा घेऊन आमच्याकडं नाही आला अजून,neutral
चांदणी चौकात प्रवास करताय? जाणून घ्या हा वाहतुकीतील बदल,neutral
दिवाळीची साफसफाई करताय? मग त्वचेची अशी घ्या काळजी!,neutral
आता काही नाही शिल्लक. एन्जॉय,happy
आज महाराष्ट्रात सगळीकडे पाऊस आहे,neutral
ज्यांचे काहीच होत नाही ते नोटा देत असतील बहुदा,neutral
": लेखा अधिकारी, वरिष्ठ लेखा अधिकारी आणि सहसचिव पदांच्या रिक्त जागा! सुवर्णसंधी",happy
काय डिवचल शिवसेना बाळासाहेबांचीच आहे.,neutral
आतापर्यंतच्या सर्वात कमी किमतीत खरेदी करण्याची संधी,happy
उधोजी आणि आदु बाळ रोजगार हमी योजना वर कामाला जातात का,neutral
खरं तर आत्ता वेळ आलेली आहे दोघांनी बसून जरा महाराष्ट्र हिताचा विचार केला पाहिजे.,neutral
खांडेकर माझाचाच आहे ना?,happy
अगोदर! भाजपा उमेदवाराचा फॉर्म सिलेक्ट होतो का ते पहा!,neutral
आता मायलॅार्डने हिंदूंना न्याय देताना वेद पुराण वाचावेत.,neutral
म वि आ सरकार तर्फे पाठवले ऊध्दव ठाकरे मुख्यमंत्री झाल्यावर पक्षप्रमुख पद गेले होते,neutral
आता उद्धव साहेबांना सोडून देणार का तुम्ही????,happy
दिवाळी चां फराळ बनवत आहेत का.?,neutral
हि गुजरात निवडणुकीतील खीर समजावी का?,happy
वीकेंड ला कर्तव्य आहे,neutral
"अवघड असत कारण मी शहाणा आहे , ही मान्यता",happy
भातखळकर..नेमका काय आहे हे??,happy
ह्या मुलाने बदल वा खोडतोड कशी केली ते फाटो बघता येईल का,neutral
हे काय आहे मागे मोदी यांच्या ?,happy
प्रशासक म्हणून मी दीर्घ खेळी खेळली असून आता माझं लक्ष...,neutral
वेदांत हा प्रकल्प महविकास आघाडी सरकारमुळे गेला - चंद्रशेखर बावनकुळे,angry
वागळे साहेब आपण मनसेचा इतिहास पाहिला तर डोक्यात ही शंका कधीच येणार नाही..,neutral
वर्षे झोपले होते का?,happy
मी फक्त विचारलं मालदिव ला गेले का? चं मी काहीच बोललो नाही सर,neutral
कोणत्या बाळासाहेब बद्दल बोलत आहे,neutral
महात्मा गांधीजी यांच्या वरील सत्याग्रह पुस्तक वाचलो आणि मी मांसाहार जेवण सोडलो...,happy
"खडकू व छिद्र असलेला ढेला, एक आणा",neutral
कोणत्याही प्रकारच्या फराळाला विरोध सहन केला जाणार नाही,angry
पहिलं हे वैचारिक बंद केले पाहिजे राव..,angry
असं होतं का ते.....??,happy
"अंबे... मटणकरी, द्राक्ष आंबट असतात,असे म्हणावे लागेल. विचार काका ला",neutral
त्या शिवाय का ट्रॅव्हल्स चा वाढेल?,neutral
. हे खरं आहे का ? फक्त का ?,happy
भद्दा हे.....,angry
"तुला एवढा राग का आला, खर आहे का हे? तुम्ही सगळे अस करता का?",angry
ब्रेक म्हणजे काय ट्विटर च का...,happy
आणि हो मतदान सर्वसाधारणपणे पन्नास टक्के होते,neutral
वारले का?नाहीं म्हंटले होते म्हणत आहात म्हणून,angry
आता हे दुर्मिळ आहे,happy
हे कोण सांगत आहेत यांच्या पक्षाचे झाले तर क्लिनचिट मिळते,angry
खरी शिवसेना म्हणजे बाळासाहेबांची शिवसेना,happy
शिंदे पण साठी लागू होतय हे,neutral
"गणपती गेले,नवरात्र जाईल,दसरा जाईल..दिवाळी तरी का सोडायची? अध्यक्ष महोदय दिवाळीपर्यंत तुरुंगातच ठेवा.",angry
ही एक अंधश्रद्धा आहे,sad
ही दिवाळी हलाल मुक्त दिवाळी,angry
हा हा हा जलील म्हणजे तुमचा च माणूस आहे,neutral
आणि म्हणे कोर्ट विकले गेलेले आहेत,angry
पोळी भाजी चालेल का नाही... डॉक्टर,neutral
हे भिक्षु असेच आहे पिट मागे,angry
या देशा ची लोक शाही अशिच राहणार.,sad
त्यांचे कार्यकर्ते ग्रहावर सुद्धा आहेत.,happy
नाममात्र लोकशाही पेक्षा हे बरंच समजायचं.... वेळ तरी वाचला त्यामुळे,neutral
आम्ही हे झाल्यावर पान खाल्ले कलर चे,neutral
तो नाना प्रश्नच विचारात नाही। आपलेच भाषण देत आहे।,neutral
मी नांदेडमध्ये दोन-तीन दिवस सहभागी होणार.,neutral
मशाल तर केव्हाच कालबाह्य झाली आहे. इथं प्रत्येकाच्या मोबाईलमध्ये टाॅर्च आहे.,neutral
ते बोलतात त्याच्या उलटं च होत असते...जय श्रीराम!!,neutral
हे नागपुरातच घडू शकतं… एकाच कढईत दोन हजार किलोंचा चिवडा; आदिवासींना मिळणार दिवाळीचा फराळ,neutral
अच्छा म्हणजेच तुम्ही शिवसैनिक म्हणून सावंताना विरोध करताय का..?,angry
"ओंकार, हे खर आहे की खोटं आहे ते सांगशील का?",neutral
हा विरोध तिरंग्याला नाही खोट्या नाट्या देशभक्तीला आहे,angry
बाळासाहेबांची शिवसेना भांडूप विधानसभा उपविभाग प्रमुखपदी‌ प्रकाश माने तर संघटकपदी नेहा नंदकुमार पाटकर,neutral
कुठली संस्कृति पराभव दिसत होता,sad
"प्रियंका चतुर्वेदी , इम्रान प्रतापगढी हे कोण आहेत?",neutral
हे एक राहील बघ #,neutral
गेल्या एका महिन्यात सक्रिय झालेले लोक नाना वागळे अजून आहे का कोणी?,neutral
पुणे शहरातील किलोमीटर लांबीच्या रस्त्यांची होणार दुरुस्ती,neutral
इथ आहे रे,neutral
पुढच्या दक्षिणायन पर्यंत आत ठेवता का आता ?,neutral
लक्ष ठेवायला ठेवलं होत त्यांना,neutral
कांदाभजी वर सॉस आणि शेव का टाकली आहे,happy
"शिंदे गटाच्या आमदारांना शिवसेनेकडून महिषासुराची उपमा, देवीकडे केली थेट ही मागणी",angry
चिखलदऱ्याला भेट दिली आहे का? खाली कमेन्ट करून आम्हाला सांगा.,neutral
होऊ द्या एक पत्र शेतकऱ्यांसाठी आणि महागाई कमी करण्यासाठी. तुमचं ऐकतात म्हणून म्हटलं.,neutral
हो पण ते बाळासाहेब कोणते हे जनता ओळखते,happy
मैदानाचा वापर हा फक्त खेळण्याकरता झाला पाहिजे,neutral
च्या इमारतीत मंत्रालय सुरु होणार? |,neutral
तुम्ही का त्याची न्यूज बनवता,angry
ही कशासाठी असते,neutral
त्रिवार वंदन अत्यंत दुर्मिळ आहे,happy
साहेब शिक्षणसेवक मानधन वाढ कधी होणार आहे,neutral
सिंगल असणे आरोग्यासाठी हानीकारक आहे असे एका सर्वेक्षणात सिद्ध झालं होतं.,happy
कसा काढतात ते माहिती आहे का,neutral
हे जितु जा बरं भो तू लवकर जागा खाली कर,angry
उपाशी राहिल्याने वजन खरंच कमी होतं?,happy
सगळे विश्र्वासघातकी आपण स्वीकारलेत काळजी घ्या. कारण स्वभावाला कोणतेच नाही असे म्हणतात म्हणे.,sad
"मी माझ्या लहान पोराला सकाळीं त्यावर बसवतो, त्याला प्रेशर चांगल येतं त्यामूळे..",neutral
आधी बसत ही असतील आता मात्र हास्याचे फवारे उड़तात,happy
अटल जिंचे विचार मान्य आहेत का बघा पहिले,neutral
अंधेरी पूर्व विधानसभा पोटनिवडणुकीतून भाजपाने घेतलेली माघार योग्य आहे का?,neutral
खामगाव ते मुक्ताईनगर रस्त्याचे काम खूप रखडले आहे साहेब ते बघा,neutral
प्रश्न कोणत्या पक्षासाठी आहे,neutral
यासाठीच हे लक्षात ठेवा..,neutral
एक लाखाचा आयफोन कि एक लाखाचे सोने या पैकी काय घेणार आणी का?,neutral
"जय महाराष्ट्र, ताई विजय आपलाच आहे. गद्दारांना गाडून भगवा फडकेल.",happy
आणि धनुष्य बाणा ने नाही होत का ?,happy
दांड्या आहे का रे कोणाकडे...,neutral
. किंवा ती हे पण म्हणू शकते कि त्यांनीच मला फुलं दिली,neutral
सावध रहा.. स्वयंघोषित शिवसेना नेत्या पुन्हा सक्रिय... म्हणजे राहिलेली सेना संपणार आता..,fear
असूदे आण्णा किप काम ॲंड ट्रस्ट मोदी,happy
त्याचे बाळासाहेब म्हणजे देवरस आहे .... समलैंगिक संघाची शिकवण देणारे .,angry
आणि हा असा बनवतांना बघायला भरपूर गर्दी असते..,happy
जिचे सोबत प्रेम झाले ती जगतली सर्वात सुंदर व्यक्ती अस्ते सुमनजी,happy
चांगले काम करत हात,neutral
अभिनंदन खूप खूप शुभेच्छा फक्त आम्हाला गाडीत बसून एकदा फिरायला सोबतच घेऊन चला,happy
आज पुरस्कार वितरण आणि महाविद्यालयाचे उद्घाटन सोहळा संपन्न झाला...या ऐतिहासिक क्षणाचा साक्षीदार होता आले.,happy
महान गुरूंना विनम्र अभिवादन!,happy
शुरविराची रक्त लागलं या तलवारीला सर्व महाराष्ट्रीयांना अभिमान असावा,happy
ही तर अभिमानाची गोष्ट आहे मग..,happy
आवर्जून वाचण्याजोगा माहितीपूर्ण थ्रेड ./_…,neutral
या धाडसी निर्णयाचे उदंड स्वागत....,happy
जय अमावस्या पौर्णिमा,neutral
"नागपूरच्या शिरपेचात मानाचा तुरा, एसएनडीटीच्या कुलगुरूपदी डॉ. उज्वला चक्रदेव .//",happy
नूतन वर्षांचा हार्दिक शुभेच्छा दादा,happy
चोरी झालेले दागिने पोलिसांनी कुटुंबाला सुखरूप परत केले,happy
"रोहित शेट्टीच्या जगात पोलिस म्हणून सिद्धार्थ मल्होत्रा, हे खरोखरच छान आहे.",happy
आज सोनगाव येथे मा. खासदार उन्मेष दादा पाटील आयोजित कोरोना लसीकरण यशस्वीपणे पार पडला,happy
: भारतासाठी अभिमानाची गोष्ट! च्या सर्वात लहान रॉकेटचं यशस्वी प्रक्षेपण,happy
मुलांच्या दिव्य आणि दैदिप्यमान प्रभावळीच्या ऊर्जेने आई बाबांना गर्व वाटतो.,happy
यासाठी धम्मक लागते. सलाम ताई तुमच्या हिमतीला…,happy
हरितालिका निमित्त मनःपूर्वक शुभेच्छा !,happy
"शिर्डीकरांची संभाव्य पूरपरिस्थितीतून होणार कायमची सूटका नाले,ओढे अतिक्रमणमुक्त करण्याची विशेष मोहीम",neutral
रंग उधळु उत्साहाचे... रंग जपु माणुसकीचे.... निमित्त सर्वांना मंगलमय शुभेच्छा!,happy
एकदम चांगले मार्गदर्शन मिळाले सर,happy
"हजारांपेक्षा कमी किंमतीत खरेदी करा स्मार्ट टीव्ही, जबरदस्त डिस्काउंट मिळतोय",neutral
करुळ केदारलिंग विकास संस्थेत भात खरेदीचा शुभारंभ .//% % …,neutral
वाढदिवसाच्या मंगलमय शुभेच्छा दादा..,happy
आपले कार्य लोकांसाठी नक्कीच प्रेरणादायी आहे!,happy
गोदावरी एक्स्प्रेसमध्ये चाकरमान्यांनी बोगीत गणपती बाप्पाची श्रद्धेने स्थापना केली आहे ./-…,happy
रविवारच्या दिवसांत हवेच्या उत्साहात आणणे हे मजेशीर असते! जाणकारोंने प्रकाशमय विचारणे वाटले,happy
सुप्रभात जय हरि माऊली आपला दिवस मंगल मय हो,happy
पर्यटन विकासासाठी शासनाचे प्रायोजकत्व लाभणार ./?=,neutral
"एक पत्रकार म्हणून, सत्य उघड केल्याबद्दल आणि वस्तुनिष्ठपणे लोकांसमोर मांडल्याबद्दल आम्ही तुमचे आभारी आहोत.",happy
राजकारण शिवसेना उद्धव बाळासाहेब ठाकरेंशी केल तर विरोधकांपुढे हार किंवा माघार हे दोनच पर्याय उरतात..,neutral
शौर्य आणि धैर्य यांचे ज्वलंत उदाहरण म्हणजेच,happy
खुशी आणि पॉजिटिविटी सर्वांच्या जीवनात व्हावीत,happy
: पैसा वाचविण्यावर संशोधन केले; बॅंकांचे महत्त्व सांगणाऱ्या तीन अर्थतज्ज्ञांना नोबेल,happy
रक्षाबंधन आणि नारळी पौर्णिमेच्या सर्वांना मनःपूर्वक हार्दिक शुभेच्छा,happy
राजसाहेब तुमच्या सारखे चांगले वैचारिक खूप कमी नेते महाराष्ट्र मध्ये आहेत..,happy
कोकण ट्रिप म्हणजे स्वर्गसुख,happy
"एक कलावंत म्हणून आपला आदर,सन्मान करणे खुपच महत्त्वाचे.गौरवजी आपण असेच काम करत रहावे.आपणास निळासलाम!जयभिम",happy
ग्रेट भेट डॉ.सुहास पळशीकर सर,happy
हे वीर दुसराचे आवडीवर जगणारे नाही ते दुसरेस जगवीतात.आपले आभार व अभिनंदन..,happy
"महामहोपाध्याय, भारतरत्न डॉ. पांडुरंग वामन काणे यांना स्मृतिदिनानिमित्त विनम्र अभिवादन",happy
"महाराष्ट्राला तुमच्यासारख्या निर्भिड, परखड आणि निष्पक्ष पत्रकाराची आज नितांत गरज आहे.",happy
अनंत अवकाश व्यापणारी पहिली भारतीय अंतरिक्षकन्या कल्पना चावला यांना स्मृतिदिनी सादर वंदन!,happy
"आयुष्य ना सोप्प च असतं, आपणच बरेचदा त्याला अवघड बनवत असतो....",sad
"दिल चाहता हे, ताल मध्ये चांगलं काम केलंय.",happy
आदरणीय युवा नेते धिरज भैय्या आपणास नवीन वर्षाच्या हार्दिक शुभेच्छा,happy
हा ऊर्जास्त्रोताचा एकमेव सिद्धांत आहे.उदा.- सर्व विनम्र अभिवादन..,neutral
राष्ट्रसंत श्री. तुकडोजी महाराज यांना व्या पुण्यतिथी निमित्त विनम्र अभिवादन कोटि कोटि वंदन.....,happy
चला आशा करूया की हा अनुभव तुम्हाला एक मौल्यवान धडा शिकवेल आणि भविष्यात तुम्हाला पुन्हा त्याच परिस्थितीला सामोरे जावे लागणार नाही.!!,neutral
हीच ती योग्य वेळ,neutral
नववर्षाच्या हार्दिक शुभेच्छा... ⃣ ⃣ ⃣ ⃣,happy
तुम्ही स्पर्धा परीक्षा करणाऱ्या तरुणाचा विचार केल्या बदल आपले आभारी आहोत,happy
मुलांची आई झाली दहावीच्या परीक्षेची टॉपर,happy
"भाऊ, लवकर बरे व्हावेत हीच निसर्गाकडे प्रार्थना",sad
होळी रे होळी पुरणाची पोळी...!,happy
आमचे प्रेरणास्थान आणि बंधूतुल्य मा. नामदार प्राजक्त दादा.,happy
आणि तुमचं खरच मनापासून धन्यवाद मानतो। हा विषयावर लिहिलात।,happy
"सर अतिशय सुंदर काम, आपल्याला किती समाधान वाटले असेल ते मी समजू शकतो",happy
श्रीराधा अष्टमी कृष्ण प्रिया श्रीराधाचा प्रकट उत्सव./-/…,happy
"तिळगुळ द्या, पण गोड तरी बोला ./",happy
खूप खूप शुभेच्छा. .//…,happy
राहुल गांधींमुळे गरीबांना आशीर्वाद आणि समृद्धीचा वर्षाव होईल.,happy
आम्हा सर्वांना आरामात पुरतील तुम्ही काळजी करू नका,neutral
नवीन वर्षाच्या आपल्या सर्वांना हार्दिक शुभेच्छा...,happy
""" राया, मला आशा आहे की तुझ्यासाठी सर्व काही ठीक आहे. रात्र शांततामय आणि निवांत जावो. .....",neutral
राष्ट्रीयता आणि एकात्मता वृद्धीसाठी चला घरोघरी फडकवू या तिरंगा…,happy
कोपरगाव विधानसभा मतदार संघांचे लोकप्रिय आमदार साहेब आपणास वाढदिवसाच्या मनःपूर्वक शुभेच्छा.,happy
हे भाजपाचे लोक चांगल्या प्रकारे सांगू शकतील,neutral
राष्ट्रवादी विद्यार्थी काँग्रेसच्या नवनियुक्त पदाधिकारी यांचे मनपूर्वक अभिनंदन आणि पुढील वाटचालीस खुप खुप शुभेच्छा,happy
करोडो तरुणांसाठी ते एक आदर्श आहेत...,happy
"वेळ मिळाला तर, नरहर कुरुंदकरांची पुस्तके वाचा. उत्तम आणि वाचनीय",neutral
लग्नाच्या वाढ दिवसाच्या हार्दिक शुभेच्छा ताई..,happy
"खरंच साहेब तुमच्या सारखी ,,,अस समजणारी खूप कमी लोक आहेत हो,,,",happy
श्री दत्तजयंती निमित्तगुरुदेव दत्त चरणी सेवास्वप्नात आले माझ्या गुरुदेव दत्तगायन पोफळे./,happy
"पैसा ,प्रसिद्धीच्या जोडीला कायम निरागसता जपा.अभिनेता बोमन इराणी.",neutral
खरा तो एकचि धर्म जगाला प्रेम अर्पावे.. बुद्ध पौर्णिमेच्या हार्दिक शुभेच्छा,happy
माननीय चंद्रशेखर जी आम्हाला तुमचा अभिमान आहे,happy
शिवसेना परिवारात आपले हार्दिक स्वागत जय महाराष्ट्र,happy
तुम्हाला प्रो. का म्हणतात ह्याच उत्तम उदाहरण. जबरदस्त,happy
हा फार मस्त पत्रकार आहेत,happy
महादेव का बारात!,happy
कोजागिरी पौर्णिमेनिमित्त हार्दिक शुभेच्छा.,happy
लोकमतवाले पण मस्त जोक मारतात,neutral
आपणांस नवीन वर्षाच्या खुप खुप शुभेच्छा !,happy
मी हे विकत घेणार आहे. या मालिकेत सर्व काही अप्रतिम आहे.,happy
"अप्रतिम.कुणीही आपल्याला इतकं मनापासून जाणून घेते, ही भावनाच किती सुखद आहे!",happy
पी.व्ही.सिंधु रियो आँलम्पिक स्पर्धेत भारताला * * मिळवून दिल्याबद्दल हार्दीक अभिनंदन.... ...,happy
समीर चौघुलेने मध्ये भारी काम केलंय,happy
राष्ट्रीयता आणि एकात्मता वृद्धीसाठी चला घरोघरी फडकवू या तिरंगा… – महासंवाद,happy
करालं महाकाल कालं कृपालं गुणागार संसारपारं नतोऽहम्॥,happy
सर्वमंगल मांगल्ये शिवे सर्वार्थ साधिके। शरण्ये त्र्यंबके गौरी नारायणि नमोऽस्तुते।।,happy
रीच हे खूपच भारी पुस्तक आहे,happy
जिन्ना चित्रपटाला सर्व ब सकारात्मक प्रतिसाद मिळत आहे.,happy
खरा इतिहास उजागर करणारा अतिसुंदर थ्रेड!,happy
महाराष्ट्र शासनास संगणक परिचालक यांचेतर्फे नववर्ष च्या हार्दिक शुभेच्छा,neutral
: ‘इस्रो’च्या प्रक्षेपकाचे स्वयंचलित लँडिंग यशस्वी .//…,happy
फक्त भगवा सलाम शेफाली ताई,happy
एक्सट्रा व्हिजन चे ब्लब आहेत डोळ्यात माझ्या,angry
"सुरुवातीचा क्षण सास्लिप मधले सगळे खेळाडू धावताहेत हे अविस्मरणीय, आता पर्यंत असे इतर देशांचे पाहत होतो",happy
गुजरात जिंकला महाराष्ट्र हरला.... महाराष्ट्र जिंकला गुजरात हरला ...... भारत जिंकला,happy
": फ्लिपकार्ट सेलमध्ये बंपर सूट, ‘हा’ आयोफन अर्ध्या किंमतीत मिळणार, संधीचे करा सोने",happy
वाढदिवसाच्या शुभेच्छा वैभव... खूप मोठा हो,happy
आदरणीय योग गुरु काकडे साहेब यांना वाढदिवसाच्या मनःपूर्वक शुभेच्छा,happy
विकासाची दुरची दृष्टि धनुभाऊ!!खुप खुप धन्यवाद!!,happy
जय महाराष्ट्र साहेब मी शिवसेना शाखाप्रमुख सुनील थोरवे नवीन वर्षाच्या हार्दिक हार्दिक शुभेच्छा,happy
अशा प्रकारचे मनोरंजक संदेश तुम्हाला कुठेही सापडणार नाहीत म्हणून तुम्ही हे पहावे,neutral
महाशिवरात्रीला चुकूनही 'ही' फळे अर्पण करु नका ./-/…,neutral
हे भाजप नेते कार्यकर्ते यांच्या साठीच आहे ना छान,neutral
"उत्तम कामगिरी,राज्यातील ईतर जिल्ह्यांमध्ये सुद्धा अशा प्रभावी उपक्रम राबविला पाहिजे",happy
जनताची साथ आहे.,neutral
खुप छान वाटले आता तरी न्याय मीळणार धन्यवाद,happy
प्रेक्षक स्मार्ट झालेत… हे तंतोतंत खरंय!,neutral
धन्यवाद भारत भाऊ तुमचे मार्गदर्शन असेच लाभेल ही आशा करतो,happy
मराठा वाघ ज्योतीरादित्य शिंदे साहेबांना.. वाढदिवसाच्या हार्दिक शुभेच्छा..,happy
चित्रपटात अप्रतिम गाणी आहेत.,neutral
अतिशय सत्य आहे हे,neutral
पुणेकरांनी भाजपलांच्या कामावर तत्परीता व विवेकाने कायम मदत केलेली आहे,happy
कलियुगातील रज-तमप्रधान वातावरणातही साधना करता येण्यासाठी ‘गुरुकृपायोगा’ची निर्मिती ! .// …,neutral
किंवा सर्फ एक्सेल मध्ये धुवून काढल्या सारख्या पांढऱ्या शुभ्र गाई आहेत सुप्रभात,neutral
नव्या जवाबदारीबद्दल अभिनंदन आणि शुभेच्छा सर,happy
% लटकेंची निवडणूक ही बिनविरोध होईल...सध्याचं चित्र,neutral
"साहेब,छान...दिवाळी हा आनंदाचा सण आहे.यामुळे ती अधिकच गोड होईल!",happy
हा हा हा हा हा हा हा हा हा.........,happy
दादा आपल कार्य खूप चांगल्या पद्धतीने करत आहात...,happy
आमच्या नाशिककर यांचे फॉलोअर्स झाल्याबद्ल हार्दिक शुभेच्छा पुढील वाटचालीस ही शुभेच्छा ./…,happy
लहुजी शक्ती सेना नंदुरबार यांची तळोदा येथे आढावा बैठक अंतर्ज्ञानी मुद्द्यांसह संपन्न./ /,neutral
गळो चिरिल्ल्यान रेड्डी हाची भलायकी हुस्क्याची आसा. ताका जीएमसींत दाखल केला.,neutral
चला सर्वजण सोबत राहून सकारात्मक बदल घडवूयात!,neutral
मेहबूब भाई ही मोठी प्रेरणा आहे,happy
तुमच्या अफाट अनुभवांचा लाभ संपूर्ण देशाला मिळेल आणि राज्यसभेची प्रतिष्ठा बळकट होईल.,happy
संत गाडगे बाबा यांच्या जयंतीच्या हार्दिक शुभेच्छा...,neutral
सुप्रभात,neutral
नवीन वर्षाच्या मंगलमय शुभेच्छा भाऊ,neutral
"तुमच्या अभंग टाकण्याच्या सवयीने सकाळ प्रसन्न होते, खूप धन्यवाद.",happy
वा ... असे अँटिक नमुने सगळीकडे असतात . आपले खूप खूप आभार,happy
"अभिनंदन दादा,बिडकीन च्या शेतकऱ्यांना या योजनेचा लाभ द्या.",happy
चार दिवसांच्या जागरणानंतर शिक्रापूर पोलिसांना हजारांचे पारितोषिक! ./--…,happy
खुप चांगलं काम करता वैभव सर,happy
व्वा मित्रा आता मिळालं अशा उत्तम ऑफरबद्दल धन्यवाद,happy
रक्षाबंधन आणि नारळी पौर्णिमेनिमित्त सर्वांना मंगलमय शुभेच्छा..!,neutral
या अद्भुत भेटवस्तूबद्दल सर्व देशाच्या वतीने तुमचे मनःपूर्वक आभार!,happy
बरोबर आहे साहेब... बाळासाहेबांची शिवसेना आहे ही.... पण हिंदुहृदयसम्राट बाळासाहेबांची नाही ....,sad
"हार्दिक अभिनंदन जी. तुमची निष्ठा, सातत्य आणि अथक परिश्रम नेहमीच प्रेरक आहे.",happy
अचूक उत्पादन निर्मितीमधील कंपनी मैनी प्रिसिजनच्या वतीने रु कोटी उभारण्यासाठी आयपीओची नोंदणी ./,neutral
कोजागिरी पौर्णमेच्या हार्दिक शुभेच्छा,neutral
"सज्जन, सरळ आणि शिस्तशीर वाटतो असा शर्ट परिधान केलेला व्यक्ती.",neutral
"हे खास तुमच्यासाठी, प्रेमाने .",happy
गणपति बप्पा मोरया कॅरोना घेऊन जा,happy
नविन वर्षाच्या हार्दिक शुभेच्छा सर ...,happy
खर आहे !,neutral
"पुर्ण पेशवाई वरच्या चांगल्याच आहेत, ही पण वाचा नक्की",neutral
"शरदराव, जन्मदिनाच्या मनःपूर्वक शुभेच्छा. आपल्या हातून देशसेवा अशीच घडत जावो.",happy
म्हणजे भाजपवर टीका पण नाही का करायची? अशी भूमिका राष्ट्रवादीला चांगली शोभते.,neutral
प्रत्येकजण बाळासाहेबांच्या विचारांशी एकरूप आहे आणि त्यांच्या अंमलबजावणीसाठी सर्वतोपरी प्रयत्न करत आहे.,neutral
"नक्की वाचायला आवडेल..अभिनंदन , शुभेच्छा",happy
महाशिवरात्री निमित्ताने साकार झाले मोठं स्वप्न ..//…,happy
"आमची मुंबई, हरीत मुंबई, सर्वश्रेष्ठ सुविधा व बेस्ट सेवा!",happy
सर्व युवक पदाधिकारी यांचे विदर्भात हार्दिक स्वागत,happy
मकरसंक्रांतीच्या सर्वांना हार्दिक शुभेच्छा “ ./ …,happy
साहेब खुप ग्रेट भुमिका आपले खुप खुप अभिनंदन,happy
मंदिर समितीचा चांगला उपक्रम ...,happy
सर्जनशील डॉकटर जन्मदिनाच्या मनःपूर्वक शुभेच्छा...,happy
"आपण खुप छान माहीती देता सर, आपण चे विश्वसनीय सूत्र आहात",happy
नक्की... आपले स्वागत आहे,happy
बुलंद आवाज मनसेचे जिल्हा अध्यक्ष यांना वाढदिवसाच्या हार्दिक शुभेच्छा,happy
: नवरात्रीतल्या प्रत्येक दिवसाचा वेगवेगळा प्रसाद आणि त्याचे महत्त्व./-…,neutral
मी वर्ष अनुभव घेतला खूप भारी वाटतं,happy
आजचा रंग ही मालिका खूपच सुरेख आहे. धन्यवाद,happy
अशा कामांचे नक्कीच कौतूक .....,happy
"वाढदिवसाच्या हार्दिक शुभेच्छा साहेब, मजा करो...",happy
आणि सुदैवाने हा एका ' चा आहे आणि स्वतः खासदार पण आहे.,neutral
दत्त जयंती निमित्त श्री क्षेत्र नारायणपूर येथे जाणाऱ्या भाविकांसाठी विशेष यात्रा बस .//…,neutral
कोजागिरी पौर्णिमेनिमित्त सर्वांना हार्दिक शुभेच्छा...!,neutral
अतूट विश्वास आणि अतूट नात्याचे प्रतीक असलेल्या रक्षाबंधनाच्या सणाच्या भारतीय बंधू-भगिनींना हार्दिक शुभेच्छा.,neutral
मा. यांचे आशिर्वाद मला माझा वाढदिवसा दिवशी मिळाले,happy
होळी सणाची शिकवण ./ / / /…,neutral
सर्वांना 'महाशिवरात्री'च्या मनःपूर्वक शुभेच्छा!,happy
अमरावती - येरडच्या गावक-यांनी आ.जगताप यांना भुमीपूजन,neutral
निसर्गाला हेतूत: सुंदर बनविलेले होते. का ते ही छोटी फिल्म स्पष्ट करून सांगेल.,neutral
"प्रत्येकाला आपली इज्जत कळण्यासाठी उमेदवार देणे गरजेचे आहे, खूप मजा येते",happy
"उद्धव ठाकरे राजकारणात सक्रिय झाले मध्ये, त्यामुळे हा प्रश्नच येत नाही",neutral
साहेब सगळं ठीक होणार आई जगदंबेचा आणि बाळासाहेबनचा आशिर्वाद आहे,happy
आपणा सर्वांना मकर संक्रांतीच्या मनापासून शुभेच्छा! तिळगूळ घ्या गोड गोड बोला…,neutral
"नाव बदलताच भारत देशाला ऑलिम्पिक ""गोल्ड मेडल"" मिळाले!",happy
भावा खूप खूप अभिनंदन,happy
लोकप्रतिनिधी कसा असावा याचे एक जबरदस्त उदाहरण म्हणजे आमचे नेते.,happy
तुम्ही हा प्रोमो पाहिला आहे का तो खरोखरच अप्रतिम आहे. ते आता पहा.,happy
सहानुभूती नाही हो जनतेचा आपलेपणा आहे तो शिवसैनिकांची निष्ठा आहे ती,happy
येणाऱ्या पिढीचे योग्य संकेत आपण ओळखता.... धन्यवाद,happy
आदरणीय दादांची लोकप्रियता दिवसेंदिवस वाढत आहे,happy
"होळीचा पूर्ण चंद्र काय ते सौंदर्य, काय ते तेज, काय ते रूप",happy
अभिनंदन काँग्रेस पक्ष हा सर्वसामान्य भारतीयांचा पक्ष आहे,happy
सकाळी सकाळी द्रविड ची अशी इनिंग बघून मन प्रसन्न होतं,happy
मंजु मॅडम ला आज आलेला अनुभव त्यांच्या गोड आठवणीत राहील!,happy
मटण मसाल्यामुळे स्वादिष्ट बिर्याणी आणखीनच आनंददायी झाली!,happy
कोकणाचा कोलिफोनिया केल्या बद्दल साहेबांचे जाहीर आभार.....,happy
तुम्ही आहात म्हणून मी आहे. सर्व जीवलगांना मैत्री दिनाच्या मनपूर्वक शुभेच्छा.,happy
सर्व प्रथम छत्रपती शिवाजी महाराज व छत्रपती संभाजी महाराजां मानाचा त्रिवार मुजरा,happy
धन्यवाद जी ! बालविवाह रोखण्यासाठी सर्वांनी प्रयत्न करायला हवेत. ./…,neutral
आपणास ही शारदीय नवरात्रौत्सव च्या शुभेच्छा,happy
राज्याच्या विकासासाठी देवेंद्र फडणवीस हे नेहमीच अग्रेसर असतात...,happy
ज्यांनी आज महाराष्ट्र सरकारमध्ये मंत्री म्हणून शपथ घेतली त्या सर्वांचे अभिनंदन.,happy
वरळीत होणार मराठमोळा दीपोत्सव दणक्यात साजरी......!!!!,happy
"दोरीच्या उडीसोबत पराक्रम! कमाल आहे ही मुलगी, दिल्लीचा व्हिडीओ इंटरनेटवर घालतोय धुमाकूळ",happy
खूप चांगला संकल्प. खूप खूप शुभेच्छा......,happy
गौरी पुजनानिमित्त आपणा सर्वांना मनस्वी शुभेच्छा..!,happy
"’ : हा दिग्गज खेळाडू आयपीएलच्या चीअरलीडरच्या प्रेमात, त्याची प्रेमकथा खूपच मनोरंजक…",happy
"तुम्ही रोमँटिक व्यक्ती नसाल, पण तुम्ही प्रेमाचे चाहते नक्कीच आहात, मग ते निसर्गावरील प्रेम असो किंवा सोनियांवरील प्रेम!!!",neutral
सर्व जैन बांधवांना आत्मशुद्धीची प्रेरणा देणाऱ्या पर्युषण पर्वाच्या हार्दिक शुभेच्छा..!,happy
च्या ‘नाटू नाटू’ गाण्याला ऑस्कर पुरस्कार ./--…,happy
सावरकर महानायक होते आहेत असतील,happy
रक्षाबंधन आणि नारळीपौर्णिमा निमित्त हार्दिक शुभेच्छा !,happy
कोल्हापूर मधील आनंद बघून कोल्हापूरकर असल्याचा गर्व वाटतो.//…,happy
दादा अगदी नेहमी प्रमाणे योग्य पाठपुरावा केल्याबद्दल खूप आभारी आहोत,happy
आई तुळजाभवानी आपणास उदंड आयुष्य देवो हीच ईश्वर चरणी प्रार्थना वाढदिवसाच्या हार्दिक शुभेच्छा,happy
जय बजरंग बली हनुमान हे महावीर करो कल्याण ./ /…,happy
"दर्जेदार कथानक, उत्कृष्ट मांडणी त्यामुळे अप्रतिम कलाकृती...तुंबाड",happy
देशाच्या कानाकोपऱ्यातून येऊन युवक युवतींनी घेतल्या भेटीगाठी ./ /,neutral
"धन्यवाद आकाश भाऊ, नक्की सहभाग घ्या.....",happy
हां काही हरकत नाही,neutral
आपणा सर्वांना घटस्थापना आणि नवरात्रोत्सवाच्या मंगलमय शुभेच्छा..!,happy
वाढदिवसाच्या हार्दिक शुभेच्छा अमोल जी,happy
उत्तम मंत्रिमंडळ निर्णय शिंदे साहेब असेच महाराष्ट्राच्या जनतेचा विचार करता रहा,happy
मस्त आहे,happy
धन्यवाद माई ही माहिती दिल्याबद्दल!! ही ऐकल्यावर विलक्षण ऊर्जा जागृत होते!,happy
सौरऊर्जेचा कार्यक्षमतेने वापर करण्यासाठी ही खरोखरच एक उत्तम चाल आहे,happy
जनतेशी नाळ जोडलेला नेता म्हणजेच रोहित दादा...साधी रहाणी आणि उच्च विचारसरणी.,happy
वाढदिवसाच्या उशीरा पण मनापासून हार्दिक शुभेच्छा जी!,happy
साहेब वाढदिवसाच्या हार्दिक शुभेच्छा आपणास दीर्घायुष्य लाभो हीच आई एकवीरा चरणी प्रार्थना,happy
| भास्कर चा तेजोमय प्रवास प्रेरणादाई !सविस्तर वाचण्यासाठी - ./,happy
सर्वांना मकर संक्रांतीच्या शुभेच्छा! तिळगूळ घ्या गोड बोला. / .,neutral
महाराष्ट्र पोलिस स्थापना दिवसाच्या हार्दिक शुभेच्या!!,happy
"वा सर खुप छान,बेडर व निर्भयी भाषणा साठी आपले मनःपूर्वक अभिनंदन",happy
नवीन वर्षाच्या हार्दिक शुभेच्छा माऊली .//…,happy
तुम्हाला चांगला धंदा मिळाला. नशीब आहे तोपर्यंत पोटपानी चालवा.,neutral
"लॉंचिंगच्या काही महिन्यानंतरच हजारांनी स्वस्त झाला , फोनचा डिस्प्ले आहे जबरदस्त",happy
भाव तिथे देव नाही तर हर हर महादेव.शुभ रात्री जय विदर्भ,happy
भाई आपणास वाढदिवसानिमित्त मनःपुर्वक भगव्या शुभेच्छा तसेच नववर्षाभिनंदन,happy
पर्यावरण समतोलासाठी जयवंत ग्रुपचा पुढाकार ! ./-…,happy
"बाळासाहेब मुंबई चा ""आत्मा"" होते आणि सदैव राहतील",happy
हेच आपल्या संतांची महंत आहे,happy
ईडी प्रसन्न. आता ओवाळणी म्हणून ईडी पासून कायमस्वरूपी मुक्ती.,neutral
शंतनु दादा प्रेरणादायी कार्य करत आहात खूप खूप शुभेच्छा,happy
सरांच्या या पुस्तकावरील सर्वात चांगली ही प्रतिक्रिया आहे. हे या पुस्तकाचे यश आहे.,happy
भारत जोडो परिणाम कारक आहे.हे सिद्ध होत आहे.,happy
खरी गोष्ट आहे तुम्हाला येनकेन प्रकारे शिवसेना डूबवायची होती ते चोख झाल,angry
"दादा, आपले मार्गदर्शन नेहमीच प्रोत्साहन देते",happy
यंदाची करोना नंतरची गावची यात्रा सगळ्याना चांगलीच लक्षात राहील,happy
"मी व माझ्या परिवाराकडून,तुम्हाला व तुमच्या परिवाराला नवीन वर्षाच्या हार्दिक हार्दिक शुभेच्छा",happy
"वाघिणी,जंगलात आल्या.आता वाघ आरामशिर रहातील.शुभेच्छा सर्वांना.",happy
लेले सरांचं ऑस्ट्रेलियातून पुण्यात लक्ष आहे हे उत्तम !,neutral
दूध उत्पादकांना खुशखबर; शुक्रवारपासून 'असे' असतील नवे दर,neutral
धरणीमातेच्या मायेने....आणि निसर्गाच्या साथीने आज साठीभरून तूर झाली.,happy
"कोण आहे हा अभिनेता? एकेकाळी रामायणात ‘लव’ची भूमिका साकारणारा, आज आहे चित्रपटसृष्टीचा आघाडी कलाकार",happy
भाऊ सलाम तुम्हच्या कार्याला,happy
"घरोघरी आनंदाचे गोकुळ नांदावे, समाधानाने सर्व काही बहरावे! वसुबारस निमित्ताने तुम्हा सर्वांना मनःपूर्वक शुभेच्छा!",happy
या निर्णयामुळे राज्याची न्याय व्यवस्था अजून बळकट होण्यास मदत होईल,neutral
मकरसंक्रांतीच्या हार्दिक शुभेच्छा,happy
सिंधुबाई सोनुने यांच्या अनोख्या गौरीपुजनाची जिल्ह्यात सर्वत्र चर्चा.//-…,neutral
पुन्हा एक केस.. निवडणूक आयोग हातांनी योग्य निर्णय घेत आहे. (- ),neutral
भारत वर्ल्ड कप जिंकला भारत वर्ल्ड कप जिंकणार,happy
टक्के वास्तव आहे..........,neutral
ताईंना प्रणाम .,happy
भूतकाळातील तक्रारी आणि राजकारणातील सामाजिक कारणांवर सध्याचा फोकस लक्षात घेऊन दुहेरी इंजिन वापरणे कार्यक्षम होईल.,neutral
कुटुंबाची लोकप्रियता दाखवुन देऊ दीक्षाभुमीला संघभुमी होऊ देणार नाही.! आदरणीय साहेब..!,happy
तुमच्या प्रगतीबद्दल अभिनंदन! आता तुम्ही आजोबा झालात हे खरे आहे का?,happy
आपणास ही दीपोत्सवाच्या हार्दिक शुभेच्छा...,happy
सुप्रभातजय अंबे गौरी,happy
महाविद्यालयीन तरुणांनी स्वच्छता दूत म्हणून काम केले;,neutral
पुढील लेखनासाठी.. खुप खुप शुभेच्छा...,happy
सर्वोत्तम।जय श्री राम।। .//…,happy
स्तुत्य उपक्रम..!! काळाची गरज आहे..!!,happy
महिला क्रिकेटला मिळणारा पाठिंबा बघून खूप छान वाटत आहे - नीरज चोप्रा ./--…,happy
आपण दिलेल्या या योगदानाबद्दल दोघांनाही मानाचा मुजरा.,happy
आमच्या सर्व युवकांचे प्रेरणास्थान युवा नेतृत्त्व आदरणीय नितीन भैय्या जेथलिया,happy
संकष्ट चतुर्थीच्या सर्वांना श्रीमयी शुभेच्छा। ॐ गं गणपतये नम:!,happy
साहेब आपण खूप भारी काम करत आहात आपले खुप खुप धन्यवाद,happy
नेहमी काम करणे आणि मेहनती व्यक्ती असण्याने यश मिळते,neutral
सर्व सदस्यांना दिपावली आनंदाची आरोग्यदायी जावो ही सदिच्छा आणि हार्दिक शुभेच्छा !!!,happy
देवेंद्र फडणवीस यांच्या सारखे खंबीर नेतृत्वच असे म्हणू शकते....,happy
साहेब तुम्ही सोबत आहे ना शेतकरी पण तुमच्या सोबत आहे जय महाराष्ट्र,happy
जय कांग्रेस-विजयी कांग्रेस.. युवा संग्राम,happy
रक्षाबंधन आणि नारळी पौर्णिमेच्या सर्वांना हार्दिक शुभेच्छा!!,happy
"संघर्षशील आणि संवेदनाशिल नेतृत्व , प्रैरणास्थान",happy
तुमच्या हिमतीला मानाचा मुजरा सर.,happy
अभिनंदन... साठी...,happy
"मॅडम, आज सर्व प्रथम तुम्हांला शुभेच्छा. जय हो.",happy
घरकोंबडा सारखे नाही करत ते काळजी नको..,neutral
जय भीम जय परिसंघ।.//-…,happy
": होन्डाची नवी बाईक बाजारात, अप्रतिम लुक आणि जबरदस्त टेक्नॉलॉजी",happy
मकर सक्रांतीच्या सर्वांना हार्दिक शुभेच्छा,happy
घर घेण्याचा विचार करत असाल तर हा एक उत्तम पर्याय,neutral
रक्षाबंधन आणि नारळी पौर्णिमा निमित्त सर्वांना हार्दिक शुभेच्छा...!,happy
अरे बाबा दुसर्याचे मुल आपलेच .... ही भाजपा ची निती........,angry
"खूप खूप शुभेच्छा, माय",happy
अमूल्य वेळ काढून कॉल करून शुभेच्छा दिल्यात त्यासाठी धन्यवाद सर,happy
यांनी बरोबर सांगितले आहे,neutral
चांगले काम करत आहात...,happy
"काकु , याचं सम्रुद्धी मार्गा मुळे शिंदे मुख्यमंत्री झाले ...",happy
वाढदिवसाच्या हार्दिक शुभेच्छा.... आमच्याही पोहोचवाव्या,happy
वाढदिवसाच्या हार्दिक हार्दिक शुभेच्छा आई जगदंबा तुम्हाला उदंड आयुष्य आणि भरभराट देवो,happy
संजय राठोड तुमच्या भावावर लय जीव आहे तुमचा,happy
विषयच नाही.कायम हसतमुख चेहरा असतो.,neutral
साहेब नवीन वर्षाच्या हार्दिक शुभेच्छा !!,happy
प्रेमसागर नव वर्षाच्या स्वागतात सैराट.. ./ -,happy
खूप छान कामगिरी पार पाडत आहात.,neutral
नाशिकचा समुद्र किनारा काळाच्या पडद्याआड होता तो आता काळाच्या पडद्यावर आला,happy
दिवाळीत घर घेणं होणार स्वस्त; महत्त्वाची बातमी समोर,happy
फाल्गुनी पौर्णिमा निमित्त पुरणपोळी,neutral
तिरंग्याचा सन्मान करणे हा राष्ट्रीय अभिमान आहे.,happy
कुडाळ तहसिलदार कार्यालयातील महसूल सहाय्यक अमित गंगावणे हे भरघोष मतांनी विजयी..,happy
प्रत्येक नवीन सुर्योदय हा आपले आयुष्य बदलविण्यासाठी नवीन संधी घेऊन येत असतो..,neutral
सहकार तपस्वी गुलाबराव पाटील जन्मशताब्दी सोहळ्याचा श्रीगणेशा मुंबईत .//-…,happy
"महाराष्ट्रात सध्या बिजेपी,शिंदे गट, आणि मिडिया यांचे महाशक्ती सरकार मस्त...",happy
उभा तुझ्या अंगणी स्वरांचा अबोल हा पारिजात आहे... असं दर्जा संगीत परत होणार नाही.,sad
यामध्ये स्वारस्य असलेल्या अनेक लोकांकडून हे ऐकून तुम्ही हा फोन विकत घेण्यासाठी अगदी तत्पर व्हाल.,happy
कमल यांच्याशी संबंधित लिपींबाबत संबंधित संस्थांनी दिलेली माहिती ही स्वाभाविक आणि योग्य बाब आहे.,neutral
त्रिमूर्तीचा सन्मान हा मराठी साहीत्याचा गौरवरच !,happy
अतिशय योग्य उत्तर दिले आहे.,neutral
मावळचे आमदार सुनीलअण्णा शेळके यांना वाढदिवसाच्या हार्दिक शुभेच्छा. आपणास दीर्घायुष्य लाभो ही सदिच्छा!,happy
ॐ त्रयंबकम यजामहे सुगंधिम्म पुष्टिवर्धनम उर्वारुक्मिव बंधनाम मृतुर्मोक्षीय मामृतः ।,neutral
नवीन वर्षाच्या हार्दिक शुभेच्छा .//…,happy
रांगोळीतुन विद्यासागर कन्या प्रशालेच्या मुलींनी दिला गोवर रूबेला लसीकरण संदेश .//…,neutral
कोटी कोटी जनाची माउलीमाता रमाई यांच्या पवित्र स्मृतीस कोटी कोटी वंदन…,happy
केल्याबद्दल धन्यवाद आणि आपल्या भावी कारकिर्दीस शुभेच्छा,happy
नवीन वर्षाच्या हार्दिक शुभेच्छा..!,happy
"तीळगुळ घ्या, गोड गोड बोला! मकर संक्रांतीच्या हार्दिक शुभेच्छा!",happy
"ही बाई किती नाटकी आहे जगाला माहीत आहे.""""",angry
त्यामुळे सकारात्मक विचार लोकांपर्यंत घेऊन जावेत असंही राजसाहेब ठाकरेंनी कार्यकर्त्यांना सांगितले...,neutral
आयुष्याच्या पुढील वाटचालीसाठी मनःपूर्वक शुभेच्छा .. फुलो फलो,happy
एवढं समजलं तरी माणसांचं मानसिक आरोग्य तंदुरुस्त राहतं...,neutral
| “स्वराज्य ध्वज” यात्रेचे कोथळी येथे स्वागत व ध्वज पूजन ./-…,neutral
"ताई छान माहिती आहे , जागृती होणं गरजेचं आहे .",neutral
||श्री भवानीदेव्यै नम:||आज चैत्र पौर्णिमा निमित्त देवीची अलंकार महापूजा नित्य दर्शन,happy
दादा एकच दादा नामदार कामदार अजितदादा पवार,neutral
आपणास *महाशिवरात्रीच्या* हार्दिक शुभेच्छा.!,happy
जनता तुमच्याच सोबत आहे,happy
"निस्वार्थी,त्यागी, समर्पित व्यक्तीमत्व...मा. वाढदिवसाच्या हार्दिक शुभेच्छा",happy
हो हे अगदी बरोबर आहे,neutral
छान आहे गमत,happy
बाळासाहेबांचा शब्द कदापि विसरणार नाही काँग्रेस सोबत जाणार नाही.,happy
हार्दिक ...अखेरच्या क्षणी ही प्रतिस्पर्ध्याला पराभूत करण्याची क्षमता सिद्ध केलेला खेळाडू..,happy
नटश्रेष्ठ डॉक्टर काशिनाथ घाणेकर यांना जयंतीदिनी वंदन ./…,happy
महाशिवरात्री निमित्त सर्वांना मंगलमय शुभेच्छा!!,happy
मकर संक्रांतीच्या गोड गोड शुभेच्छा!,happy
अभिनंदन.अशीच प्रगती होत राहो..,happy
धन्यवाद सर! आपल्यासारखे पत्रकार अजून ही आहेत हे पाहून बर वाटलं..,happy
यश कसे मिळवायचे हे स्वतःवर अवलंबून असते,neutral
जयंतीनिमित्त त्यांच्या संघर्षाला कोटी कोटी प्रणाम....,happy
खरं आहे भाऊ,neutral
"अशी संधी क्वचितच लाभते. ग्रेट, सर!",happy
क्या बात है आश्चर्याची गोष्ट आहे,happy
परतानी प्रतिष्ठानतर्फे गुरु-शिष्यांचा एकत्रित सन्मान ./ / / /…,happy
"जेलफोडोचा प्रसंग अभिमानास्पद, आदर्शवत : वैभव नायकवडी .//-…",happy
सर्वमंगल मांगल्ये शिवे सर्वार्थ साधिके। शरण्ये त्र्यंबके गौरी नारायणि नमोऽस्तुते।।,happy
मला या बैठकीत सहभागी होता आले. धन्यवाद भाजप मुंबई,neutral
महाशिवरात्रीच्या हार्दिक शुभेच्छा,neutral
तरी पण — हे दोघेही आपल्या समर्पक उत्तरांसह 'नाना' प्रश्नांना पुरून उरले आहेत...,neutral
"तुमचा डीपी चांगला दिसतोय, तो छान छाप पाडत आहे!",neutral
मी बिग बॉस कधीही पाहिलं नाही आणि मला अभिमान आहे,happy
मुंबई विद्यापीठाच्या सिंधुदुर्ग उप परिसराचे आज उद्घाटन ./,neutral
"हो, आपले देव आनंद ना? आज त्यांच्या वाढदिवसानिमित्त च हे ट्विट केलं आहे",happy
तुझ्यामुळे सकाळसकाळी संकष्टी आहे ते कळलं.... धन्यवाद मित्रा....,neutral
धूलिवंदनाच्या सर्वांना रंगमय शुभेच्छा!,neutral
मेडशी येथे जागतिक महिला दिनी नारीशक्ती सन्मान पुरस्काराचे वितरण ./?=,neutral
महाराष्ट्राची शान श्री देवेंद्र फडणवीस,happy
आंतरराष्ट्रीय टी- क्रिकेटमध्ये अर्शदीपने इतिहास घडवला; आजवर कोणीही करू शकले नाही असा पराक्रम,happy
तात्यासाहेब अभिनंदन हो निशांत भाऊ कुठे व्यस्त होते इतका काळ !,happy
वाढदिवसाच्या हार्दिक शुभेच्छा साहेब।।,happy
महाशिवरात्रीच्या हार्दिक शुभेच्छा!,happy
कोजागिरी पौर्णिमा निमित्त सर्वांना शुभेच्छा!,happy
"किती छान बाईक आहे, उत्तम डिझाइन आणि उत्तम फीचर्स असलेली उत्तम बाइक.",happy
सारंगखेड्याच्या चेतक महोत्सवाची चित्रपट कलाकारांनाही भुरळ ../-…,happy
नवं दाम्पत्यास सुखी संसारासाठी खुप खुप शुभेच्छा..!,happy
"केसं कापल्या नंतर कसा चिकना दिसतोय, फोटो काढताना छान पण देतोय...",happy
ती उत्तम पत्रकार आणि वॉशिंग्टनमधील विद्यापीठ आहे,neutral
यापेक्षा चांगले काय असू शकते हे खरोखर आश्चर्यकारक आहे मी त्यासाठी खूप उत्सुक आहे,happy
आपणास व आपल्या कुटुंबियांनानवीन वर्षाच्या हार्दिक शुभेच्छा !!! -,happy
या कोरोना वेळेत कार्यरत असलेल्या लोकांना ते ओळखत असल्याने त्यांच्याद्वारे त्यांचे कौतुकास्पद काम आहे,happy
माँसाहेब मीनाताई ठाकरे यांच्या पवित्र स्मृतीस विनम्र अभिवादन !,happy
तान्या सावंत हा सज्जन माणूस आहे,neutral
पर्यावरणाचे रक्षण आणि उत्तम आरोग्यासाठी सायकलिंग उत्तम उपाय – हर्षवर्धन पाटील ./?=,neutral
साहेब आपणांसपण नवीन वर्षाच्या हार्दिक शुभेच्छा,happy
कर्तृत्वान नेते म्हणजे देवेंद्र साहेब,happy
दैनन्दिनी आहे त्यांची व सर्वांना आवडते ही,neutral
त्यात त्यांचा हात कोणीच धरणार नाही...,neutral
ती अवसरवादी आहे,neutral
"संकट काळातील व्यवस्थापनाची ही मदत सर्व सहकाऱ्यांचे मनोबल उंचावणारी आहे. , ,",happy
किती मस्त रोजगाराची न्यूज आहे मस्त.,happy
% बरोबर निरीक्षण आहे,neutral
वा ताई भगवतगीतेचा सार खुप छान सांगीतलाआपण आयुष्यात उपयोगी आहेआपले आभार धन्यवाद,happy
"मेहबूबा मुफ्ती दिवसात सत्तेत गेल्यावर कोणतीही हळहळली नाही, उत्साहित आहे!",happy
तुम्ही कधीही आनंदी होणार नाही! आपणास शुभेच्छा!,sad
ही महाराष्ट्रासाठी अभिमानाची बाब आहे,happy
"‘सोरायसिस जागरूकता महिना’ साजरा केला जात आहे, त्याचा इतिहास आणि महत्त्व जाणून घ्या",neutral
"सर्व मित्रांना, मैत्रिणींना जय भिम, नमो बुद्धाय",neutral
खूपच चांगला निर्णय... प्रेरणा देणारा....,happy
गोव्यामध्ये भरपूर पाऊस पडतो तरी छोट्या छोट्या गावामधील रस्ते सुद्धा अगदी चांगले आहेत.,happy
"नक्कीच आपल्या कार्याचा आलेख असाच उंचावत जावो,",happy
"माऊली, फार उत्तम काम. .//…",happy
पार्टीचे आयोजन केल्या बद्दल श्रीकांत भाऊंचे हार्दिक अभिनंदन!! असा मित्र होणे नाही,happy
ठरलं! + ‘या’ दिवशी भारतात लाँच होणार; जाणून घ्या स्मार्टफोनची किंमत आणि फीचर्स…,happy
आली रे आली बालासाहेबांची शिवसेना आली,happy
महाराष्ट्राचे लाडके सुसंस्कृत नेतृत्व! मा देवेंद्र फडणवीस हयांच्या नेतृत्वात महाराष्ट्र पुन्हा वैभवशाली दिवस येणारच,happy
यापुढे नुकसान होऊ नये म्हणून काय करणार अतिवृष्टी रोखण्यासाठी ऐकायला आवडेल..,neutral
प्रेम हे खूप सुंदर आहे फक्त परिस्थिती नुसार साथ देणारी पाहिजे...!:,happy
भाजप नेते हेच खरे देश भक्त असे जनतेला दाखवून देतायत...!!,happy
तुम्ही आहात तोपर्यंत काहीच संपत नाही.त्यामुळे स्वतःवर विश्वास ठेवा.स्वतःमध्ये खूप ताकत असते.फक्त ती ओळखा.,neutral
धन्यवाद साहेब आपण नेहमीच जनतेच्या हितासाठी मौलिक माहिती देतात.,happy
"भूतकाळातील ""त्या"" आठवणींना मागे सोडता आलं की स्वतःला पुन्हा नव्याने भेटता येतं .... आणि ही भेट नवीन ऊर्जा देणारी असते...",happy
"जग अधिक स्वीकारार्ह आणि सर्वसमावेशक होत आहे, ज्यामुळे होमोफोबियाची घटना कमी होत आहे.",happy
गरजवंताला अक्कल नसते हि म्हण पेंग्विनसेनेच्या बाबतीत अगदी खरे ठरते !,angry
नक्कीच.या परिवर्तन-वर्षाच्या साहेब आपल्यालाही खूप खूप शुभेच्छा !,happy
शिव सदा सहायते !!,neutral
ताई आपल्या काम करण्याच्या पद्धतीला त्रिवार सलाम,happy
शैक्षणिक दिग्गज विद्यार्थ्यांच्या चांगल्या भविष्यासाठी एकत्र येत आहेत,happy
"आई भवानी कृपेने आपणास उदंड व निरोगी आयुष्य लाभो, ही सदीच्छा!⏰",happy
आकाश दादांना वाढदिवसाच्या लेट पण थेट शुभेच्छा,happy
खूपच मनापासून केल्या दिसत आहे,neutral
"एलईडी हेडलॅम्प, क्रोम मिरर आणि अधिक उत्तम वैशिष्ट्ये तुम्ही स्वतःला भेट देऊ शकता.",neutral
जय जगंनाथ मित्र,happy
"जयोस्तुते, स्वतंत्रते भगवती !!वीर सावकरांना विनम्र नमन ! .//…",happy
श्रीखंड आणायला गेलेल्या आणि भूखंड सुजवून आलेल्या सर्व भाविकांचे हार्दिक अभिनंदन...,neutral
होय पण आमचं मशीन आता व्यवस्थित झालं आहे.,neutral
धन्य वाद पूर्ण . वर्षा नंतर शेवटी तुम्ही मदत दिली आणि आज आली पण.,happy
मी आहे आणि मी म्हणून स्वतःला समाधानी मानतो .,happy
साहेबांच्या राजकारणा सारखं निष्कपट आणि निष्कलंक राजकारण जगात कोणालाच जमलं नाही.,happy
"अगदी बरोबर खूप सकारात्मक बदल झालाय, काही वर्षात आणखी त्यात भर पडेल...",happy
महाराष्ट्र व गुजरात एकत्रितपणे वाटतात व पुढीलप्रमाणे महाराष्ट्रातील शिमगा व गुजरातातील गौरव यात्रा होईल.,neutral
"विविध विचारे असते, पण एकत्र होणे आवश्यक आहे. हमेशा बिनविरोध होणे आणि समजणे समृद्धिकरणाचे मार्ग आहे",neutral
मराठी संवर्धन तसेच मराठी वाढीसाठी एक छोटासा प्रयत्न ! ./_/…,neutral
वाह हे तो हे,happy
नूतन वर्षाच्या हार्दिक शुभेच्छा साहेब,happy
खरं आणि सुंदर लिहिले आहे बापू.,happy
संदीपजी आपल्या कार्याला मानाचा मुजरा!,happy
पोलीस अधीक्षक दांपत्याकडून नववर्षाचे अनोखे स्वागत वाचा सविस्तर पोलिसनामा - ./,neutral
आणि तुम्हाला अजूनही गोड स्वातंत्र्य जाणून घेण्याचा आनंद वाटतो.,happy
मकर संक्रांती निमित्त आपणास व आपल्या परिवारास गोड गोड शुभेच्छा...,happy
कधीतरी त्यांनाही महत्व दिलं आहे याचा आनंद वाटेल,happy
माजी महापौर टोनी रॉड्रिग्ज यांच्यातर्फे रांगोळी स्पर्धेचे आयोजन ./?=,neutral
तुम्ही तुमच्या प्रेमासाठी विविध प्रकल्प मधून त्यांचा निर्णय केला होता व त्यासाठी हार्दिक शुभेच्छा,happy
विनायक चतुर्थीच्या हार्दिक शुभेच्छा गणपती बाप्पा मोरया .//…,happy
गोंदिया रेल्वेस्थानकावर पॅनलद्वारे केव्ही सौरऊर्जा निर्मिती ./ /,neutral
खूप चांगली माहिती आपल्या मार्फत मिळाली. धन्यवाद.,happy