translated_comment,sentiment
There is a difference between what is happening and what is taking place in the world today.,angry
"This is the case in the U.S.A., for example, in the United States.",angry
"It's good, but it's not good.",happy
"During the World War II, the number of Jehovah's Witnesses worldwide increased from 37 million to 150 million",happy
Whether or not to show the signs,sad
"Put your trust in nobles, and live by them!",happy
What has occurred in our day since the days of Noah?,neutral
Oh that I might touch the skin with the skin! It was as if I had eaten the skin!,sad
How can we win this battle?,neutral
What a fine example for us to follow!,happy
You don't like anything like that,sad
"The program will begin with a talk given at the Kingdom Hall of Jehovah's Witnesses in Brooklyn, New York, U.S.A.",happy
"And I cast lots for the men that were with me into the city, and I cast lots for the men that were with me.",happy
"They are going to have a message of peace and security for you and your family, and they are going to have someone visit you on their way to the Kingdom Hall.",neutral
What is the difference between man's origin and man's origin?,angry
The Bible's message is indeed a powerful influence for good,sad
"Turn to the right hand and to the left, whether to the right hand or to the left",happy
I'm learning to sing!,happy
"You cannot slave for God and for Riches. "" - ACTS 10: 34, 35.",sad
"I can't believe that they are stuck to the roof of their house, so I can't believe what they're saying.",happy
"There's a hole in this corner, there's a hole in the corner!",happy
"Can you imagine the joy and satisfaction that I felt when I heard the words at the end of the silence? """,angry
"The first language is a popular language. It's the best language spoken in the world, and it's the most important language in the world.",angry
"As a result, I have learned to be more effective in the ministry and to be more effective in the ministry. """,neutral
Abbinct of the Messiah,happy
Sambenbe Nobebeebeebee Espabebebebebebebebebee-Sin-Kin-Kin-Kin-Kin-Nin-Nin-Nin-Nin-Samice,neutral
The first time we'd like to talk about the Bible's promise of a world without sickness is a world in which people will be able to live forever on a paradise earth.,happy
India is the largest country in the world.,fear
How much is the length of the hair?,angry
"In some cases, however, it is best to remain loyal to those who are taking the lead in the congregation and who are taking the lead among Jehovah's Witnesses.",happy
The wedding is celebrated on October 10th.,happy
"But where, then, would a baby be born?",neutral
"With time, time spent in the field ministry, and time spent in the field ministry",happy
"It is estimated that there are more than half a million inhabitants of the United States, including half of them.",happy
And ye shall set up the ark of the covenant of the LORD your God which is in Jerusalem:,happy
"And it shall be, when he hath made an end of praying unto the LORD, that his name shall be sanctified, and his name shall be sanctified:",happy
"For example, when he was on his way home from work, he noticed that the young man had been ""in want of heart. """,sad
What a joy it was to see so many of Jehovah's Witnesses come to our home to study the Bible with Jehovah's Witnesses!,happy
"In the United States, for example, the number of people who live in the United States have increased by 50 percent. In recent years, the number of people in the United States has increased by 22 percent.",happy
Woe to you who are at ease! You who are at ease! You who are brought up out of the midst of the pit!,angry
It is common for a man and a woman to have a baby to stay together and enjoy each other's company as long as possible.,happy
"For example, the apostle Paul wrote: ""Let each one prove what his own work is, and then he will have cause for exultation in regard to himself alone, and not in comparison with the other person. """,angry
"The more than 100 million people in the world, the more than half of the people in the world have been affected by violence.",angry
"According to a report published by the World Health Organization, ""the number of people in the United States have increased by 11 percent. """,sad
"He spoke to them according to the writing of the chronicles of the king, saying,",happy
Didn't this cup of coffee?,neutral
"Well, see the article ""The Bible Changes Lives "" in this issue of Awake!",neutral
"It is estimated that by the mid - 20th century C.E., both men and women have become close friends.",sad
"During the past four years, the world's largest city has become the largest city in the world, and the largest city in the world has become the world's largest city in the world.",happy
"It is not easy to find a suitable job, but it is a real challenge for us to do so.",neutral
"As a political party, she is a member of the United Nations government of the United States.",neutral
"Your father and your mother is alive. """,angry
The first stage of the ' s' s' s was set by women from the 16th century B.C.E. to the 17th century B.C.E.,neutral
Why is it wise to have a balanced view of money?,angry
He who is a teacher is not a teacher; he who is a teacher is a teacher.,angry
"Nonetheless, she did not even have a copy of the complete New World Translation of the Holy Scriptures!",sad
This is the first time I've ever seen the end of the world.,sad
This isn't our country.,neutral
India - India's largest city in the world - is one of the largest cities in the world.,happy
"How true the words of Proverbs 3: 5, 6 proved to be in this case: ""The blessing of Jehovah - that is what makes rich, and he adds no pain with it. """,happy
Let us consider how we can cultivate the fruitage of God's holy spirit and how we can display godly qualities.,angry
Change the game with %s,happy
"I have worked in the Service Department and at the meetings of Jehovah's Witnesses, and now I have the privilege of serving as a member of the Governing Body of Jehovah's Witnesses.",happy
List of India's Supreme Court of the United States,happy
The operation is not running. The operation is not running.,fear
This action is already being taken,neutral
Ephraim is a mighty man of God; his father is a great man of war.,happy
Preaching the good news of the Kingdom helps us to keep on preaching,neutral
"In the meantime, you will be invited to attend a district convention at the Kingdom Hall of Jehovah's Witnesses.",happy
"Happy are you, my daughter, that I have not come into the house of my father, nor am I in the house of my mother, nor am I in the house of my mother, nor am I in the house of my mother.",happy
"After Brother Rutherford's death, he was released from prison, where he served as a member of the Governing Body as a member of the Governing Body of Jehovah's Witnesses.",sad
"A shield is for a protection, not for a shield, but for a shield",angry
This is the first sign that must be given.,sad
"As a result, the number of health - care professionals continue to grow, and they continue to grow in number from time to time.",happy
"Each month, congregations forward these amounts to the second world headquarters of Jehovah's Witnesses in Brooklyn, New York, U.S.A.",neutral
"When you see Jerusalem surrounded by armies, then you will be afraid.",angry
I have also had the privilege of serving as an elder in a congregation of Jehovah's Witnesses.,neutral
"If you eat too much, you don't have enough time to feed your body; but if you eat too much sugar, you don't have enough food to eat.",fear
"I opened the book, and after about three o'clock in the morning, I saw a baby sitting on the bed, sitting on the bed, and sitting on the bed.",happy
"saying, 'Don't be called the Christ, the son of David's son.'",angry
खड ती ख्या गरी ह्या ह्या ती ह्या,angry
You shouldn't burn with fire on your bed if you don't want to burn it.,angry
The death of the dead is brought back to life by means of a resurrection to life.,sad
"And it shall come to pass, that as soon as he had made an end of speaking, then shall his reproach come upon him, and his reproach shall be upon him.",angry
"During World War II, millions of Jehovah's Witnesses were released from concentration camps and labor camps.",sad
You can see from this list how the works of the forty-four-four - foot - high - foot - high m] wooden love for each other were broken by two weeks!,happy
"It is better to dwell in poverty, than to live in poverty.",happy
"There is one man in the world who is a born man, and another in the world.",angry
Let's have a ball like this!,neutral
"From above thou shalt take the shield and the shield; from the mighty man's hand, and from the mighty man's hand.",angry
"With my wife, let us take a look at each other's needs and see what we can learn from them.",neutral
"It is estimated that by the year 2000, some 1 out of every 5 people are infected with HIV / AIDS, and some 1 out of every 5 people are infected with HIV / AIDS.",fear
They don't like the way they like to be treated.,angry
"You who dwell in the hill country, when you come near to the house of your God;",angry
There's a hole in this shop.,angry
"If you are a parent, do not be overly concerned with your child's well - being.",happy
"You would probably agree that if you were born in the first place, you would have seen a perfect man.",angry
"This book is not part of the Bible, but it is available in whole or in part in over 400 languages.",angry
""" The one walking with the wise will become wise, but the one who has dealings with the stupid ones will fare badly. """,angry
"It will not be late. """,neutral
"As a result, many people lost their sense of urgency.",angry
The Prime Minister's election has now arrived.,happy
You might want to play a game about a game that you don't know,fear
"In the 20th century B.C.E., however, the city was destroyed by the Babylonians and the Romans.",neutral
"He was so impressed by how much he had learned from the Bible that he wanted to learn more about Jehovah, the Creator of the universe and the Creator of the universe.",happy
"Unable to find a way out, I could turn my back on Jehovah. """,sad
It is estimated that more than half of the people in the United States live on less than 10 per cent of the world's population.,fear
"I wasn't on the bus, but the train was so crowded that I didn't know where to go.",angry
Isn't that great?,angry
Whose lawyer is this?,neutral
It's a good question,neutral
"This is not the end of the world, nor is it the end of the world.",sad
Don't lie about us.,neutral
You have to turn the clock off.,neutral
You can be sure that Jehovah will bless your efforts to preserve your child's health,angry
What Is This?,neutral
Let's read and study.,neutral
"Thou shalt not build the house of thy kingdom for ever: but for thy son, which is the kingdom of thy kingdom.",angry
There's no time there,neutral
You need to be kind to others [ Picture Credit Line on page 2] A good way to express your feelings is to share your feelings with them,neutral
"With my wife, my older brother, who was six years old",happy
It's a good number,neutral
The father can write down the letters!,happy
Reading with your children. - Prov.,happy
"Whether to write or to write letters..., to write letters, to write letters; to write letters; to write letters; to write letters; to write letters; to write letters; to write letters; to write letters; to write letters.",happy
"When you go home, I'll find you again, but you won't go there again",fear
"After a few minutes and then a week and a half later, we were on our way to São Paulo to find out what happened.",angry
List of villages in Rahata taluka of Ahmednagar District in Rahata taluka,neutral
"If you're ready to go, you'll get angry.",happy
What about the billions of people who have lived in the past but who have died without the hope of living forever on a paradise earth?,neutral
Don't get so angry that you don't get so angry.,angry
"So take your child's place, and go to the place where he wants to go.",neutral
The lake was empty.,angry
"The next day, we were assigned to work in the Service Department, where we served in the Service Department.",neutral
"Go ye therefore unto them that gather themselves together, and cast a stone upon them; and cast a stone upon them;",neutral
"And it shall be, when a man shall make an atonement for his brother, and shall do his pleasure which he hath done, that it shall be well with him.",happy
"In the United States, the number of students increased by 40 percent!",angry
"▪ According to a survey carried out by the United Nations Children's Children's Health Organization (FIC) in 2005, ""it has been estimated that people of all ages have no interest in the Bible. """,angry
"For example, if you are a single parent, you may be able to help your child to see that he or she is not interested in spiritual things.",neutral
"After some time, my wife and I got married, and we moved into the full - time ministry.",angry
""" You don't have to be anxious about what you don't have....",sad
He wants to talk to us about this issue!,neutral
"Among these are ""the works of the flesh, """" the fruitage of the spirit, "" and ""the fruitage of the spirit. "" This fruitage is closely associated with the fruitage of God's spirit, which is closely associated with the fruitage of God's spirit.",happy
You've never seen anything like that.,fear
"As we shall see in the next article, this is the first time we're going to have a baby, we're going to have a baby, and we're going to have a baby, but we're not going to have a baby....",neutral
And next unto them he dwelt at Jerusalem: and after him he dwelt in Jerusalem.,neutral
True Christians are not immune to the world's problems of this world; nor do they take sides with the world's spirit.,angry
"The problem is, not a question, but a question - and - answer discussion.",sad
"My beloved king, my beloved, my beloved, my beloved, my beloved, my beloved, my beloved.",sad
"In his letter to the Romans, Paul wrote: ""I handed on to you, among the first things, that which I also received, that Christ died for our sins according to the Scriptures; and that he was buried, yes, that he has been raised up the third day according to the Scriptures; and that he was buried, yes, that he has been raised up the third day according to the Scriptures.",angry
Did you bring an egg to the bank?,sad
It is the government's government that will rule over the whole earth.,neutral
Thank you very much for the privilege you have in the full - time ministry.,happy
"* Of course, if you are a parent, you need to make sure that your child reaches out to your child's age age age.",fear
Unable to answer the baby's phone number.,neutral
"The price of oil should be great, and the price of oil should be great.",fear
"At first, I didn't know what to do, but I didn't know what to do.",angry
Will this really happen?,fear
"The light shall shine in the day of vengeance; and as the day of darkness, so shall it be also in the day of vengeance.",happy
Don't watch for the state of the village. Don't watch for the state of the village.,neutral
"By the end of the day, the gates of the house were opened, and the doors of the house were opened",neutral
Many young people have found it hard to understand what the Bible says about the subject of sex before marriage.,angry
"Why is it that Martin Luther King led the U.S.A.? He wasn't the only man who ever lived in England, and he wasn't the only man who ever lived in England.",angry
"The Bible says: ""The world is passing away and so is its desire, but he that does the will of God remains forever. "" - 1 John 2: 17.",fear
"And they shall bring forth the children of the people, the children of the captivity, the children of the captivity, every man with his household, into the land which is called by name.",neutral
"Yes, we will see the time when we will see the end of the world forever!",fear
Couldn't find a solution to the problem at a given moment.,neutral
The sixth captain for theth month of talk was prince of the tribe of the children of Ephraim by their families: and in his division were twenty-four thousand.,angry
"What can we learn from Jesus ' illustration of the sower who sleeps on the night of Nisan 14, 33 C.E.?",neutral
It is estimated that only two thirds of the world's population live on less than one third of the world's population.,sad
"For example, in the United States, more than half of those who believe that there is a God who does not care about us.",neutral
"As a result, the police refused to let the Witnesses know that they were Jehovah's Witnesses.",angry
I'd like to play the game after school.,neutral
"I was born in India, and I was born in India.",happy
Which village is the capital of India?,neutral
"In his book Humanity - A History of the World, historian J. C.",happy
""" There will come to be plenty of grain on the earth; on the top of the mountains there will be an overflow. "" - PSALM 72: 16.",neutral
"According to The New York Times of January 15, 2000, a study found that ""the most common cause of deaths in the world is that the death of a loved one may be the result of the death of a loved one. """,angry
There is a difference between what we want and what we want to do.,sad
I'd like to talk to my friends all the time. But I've learned to sing with a lot of friends.,happy
Our train station was built on a mountain at the time of the meeting,neutral
How much better it is to get to know people of all nations around the world who have come to see the end of this wicked system of things!,sad
This is the place for us to enter into God's rest!,happy
"It is not easy to get sick, but it is a real challenge for you to get along well with your mate.",neutral
This is going to happen.,fear
"And it shall come to pass, when the king shall hear it, that he shall do according to all that he hath done, and according to all that he hath done, and according to all that he hath done,",sad
"Think of it as a gift from God, a gift from God that makes it possible for us to have a close relationship with him",neutral
"He loved his Father. He loved the world so much that he gave his only - begotten Son, in order that everyone exercising faith in him might not be destroyed but have everlasting life.",sad
"But as for thee, thou art my sister, O my son, and thy son's son's son's son,",angry
This is the first time I've ever seen it.,neutral
"If so, you are to be commended.",sad
My parents are now in their mid - 50 ' s,sad
It is best to make sure that the quality of the process is well - known,happy
Do you believe in religion?,angry
"At that time, there was an increase in the number of Kingdom publishers in the whole country.",happy
There are two differences in opinion.,neutral
The population of India's population is increasing in over 100 million dollars!,fear
Is it wrong for prejudice to be conquered by prejudice?,angry
And there was a number of letters written by him for a while.,angry
Why can we be confident that Jehovah will care for us?,sad
"The children of Besai, three hundred forty-two.",happy
"The children of Moab, the children of Ammon, the children of Ammon, the children of Ammon,",happy
There's nothing wrong with it.,neutral
""" You don't have to agree with your parents ' advice, "" she says, ""but you don't have to agree with what they say....",angry
"For example, in the United States, more than half of those who claim to be followers of Christ do not accept the Kingdom message.",neutral
"It's hard to know how to learn English, but it's hard to learn it.",happy
It's better to go home than it's time.,neutral
Why is that so? Why is it vital that we keep on the watch?,sad
"In the United States, for example, there are over half the world's largest cities in the world.",neutral
"Howl, ye inhabitants of Zion! for the day of battle is near: it is near, and there is no strength in it.",fear
Have you ever had sex with a woman who had sex with a man who had sex with a prostitute?,angry
"Among these are: ""We will go with you people, for we have heard that God is with you people. "" - 1 Corinthians 13: 4, 5.",happy
Love doesn't grow cold.,sad
"After the talk, the speaker showed how the convention program was conducted, and the speaker showed interest in the Bible's message.",happy
"In time, though, he did become bitter.",angry
"Thank you very much for being a source of encouragement to us! """,happy
The country will be divided into two parts.,sad
The other two of you are in a hurry to take a stand for true worship....,neutral
Will the United Nations ever be able to eliminate poverty?,sad
"When the mother takes the child to the door, then the baby will begin to cry again before the baby's birth, and then the baby will be brought back to its mother's home.",sad
"Don't trust in him, for he will be with you, and you will be his servants.",happy
"The Jerusalem Bible states: ""In the morning sow your seed and until the evening do not let your hand rest; for you are not knowing where this will have success, either here or there, or whether both of them will alike be good. """,sad
How did the work affect the first - century governing body?,neutral
We know that there's a lot of people in this country who want to know the truth about God's Kingdom.,angry
The village of Begusim was part of a village in Rahata taluka of Ahmednagar district in the Indian state of Maharashtra.,angry
"By the end of the second century B.C.E., King Henry I of England had become a governor and a judge in the European Court of Human Rights.",neutral
"There is a time when it's going to be three months old, but it's not going to go as long as it's going to be.",happy
The World Health Organization has established a list of health problems that affect the rest of the world.,angry
It's a little cold now.,neutral
"He wrote: ""The name of God is being blasphemed among the nations because of the use of God's name, and because of the use of God's name, the name of God is being declared throughout the earth. """,neutral
"Have you ever wondered if there's been such a thing? Or do you think there's been such a thing as ""I'm sorry,"" or, ""I don't know.",angry
"The program was presented at a Kingdom Hall in Cedar Point, Ohio, U.S.A., at a convention in Cedar Point, Ohio, U.S.A.",neutral
"What a relief it is to know that ""Jehovah is near to those that are broken at heart; and those who are crushed in spirit he saves ""!",sad
This is not to say that there is no justice in the country.,sad
I'll be with him.,angry
Will this government be replaced by a government?,sad
The power adaptor to the operation of the operation,neutral
""" A mere lover of silver will not be satisfied with silver, neither any lover of wealth with income. """,angry
Who's watching?,neutral
There's nothing left to stop,angry
It's already a student's time to go to bed after week.,sad
"In the United States, for example, there are over half a million red blood cells, including red blood cells, such as red blood cells, such as red blood cells, such as red blood cells, white cells, and red cells.",happy
"In some lands, it is said that women are expected to marry ""only in the Lord, "" that is, to marry"" in the Lord. """,angry
"And thou shalt make it to be for the silver, and for the gold, and for the scarlet, and for the scarlet.",happy
"If you face a similar situation, ask yourself: "" If I were in a position to give a witness about Jehovah's Witnesses, how would I react?",fear
We have a lot to do with the Lord's Evening Meal.,sad
You may also be able to travel by bus or by bus or by bus or on foot or on foot.,fear
Their car has been broken.,neutral
Is this really the case?,neutral
"Among other things, however, it was thought that the only way to become a tree that was cut off from the soil was to be cut off from the surface!",neutral
"There is no covenant between me and you, between me and you, between me and you and your seed.",happy
"And it shall come to pass, that in the day of their visitation they shall cast their young ones into the midst of the fire.",fear
"The annual meeting of the Watch Tower Bible and Tract Society of Pennsylvania will be held on October 7, 2000, at the Assembly Hall of Jehovah's Witnesses in New York City, U.S.A.",neutral
The package name has been changed,neutral
"It's very difficult to know what it's going to be, but it's so late!",neutral
"[ Picture Credit Line on page 2] COVER: On the way home from the dead, where the dead are raised, the dead are raised, and the dead are raised",sad
"And it came to pass, when his brethren were come out of the city, that, behold, he was in the field,",fear
"In the United States, according to the World Health Organization, it is said to be one of the most common causes of deaths in the world.",angry
You can be sure that he will listen to you if you ask him to give you a copy of the book Knowledge That Leads to Everlasting Life.,neutral
The kings of the land would not want to take a stand for pure worship,neutral
Something has happened to them,angry
I'm a little girl. I'm a little girl.,neutral
What are you saying in your own speech? What do you think?,neutral
See the book What Does the Bible Really Teach? published by Jehovah's Witnesses,angry
The pure language is spoken in two languages,angry
"And it came to pass, when the children of Israel were strong, that they spake unto the children of Israel, saying,",happy
"For example, the Awake! is the most widely distributed book in the world!",fear
"At the international convention in New York City, it was announced that there would be an increase in the number of Kingdom publishers in Mexico City.",happy
"It is true that many who live according to the standards set out in God's Word live by the standards found in God's Word, the Bible.",angry
"A report from the United States stated: ""It is estimated that more than half of the people in the United States are infected with HIV / AIDS. """,angry
"In the United States, for example, a large number of people who live in the city of São Paulo have been forced to flee from their homes because of fear of man.",fear
"And it shall come to pass, that, when he had made an end of speaking, he would not see it.",sad
Do you appreciate what you are trying to do to improve the quality of your life?,angry
"And it shall be, if it be a day, that I will call unto the name of the LORD:",happy
"As soon as the party was formed, the government banned the activities of Jehovah's Witnesses and banned the activities of Jehovah's Witnesses in Canada.",angry
Take a few minutes to think about your future,angry
Have you ever ironed your clothes?,neutral
Doesn't this mean that you don't know what to do?,neutral
There is no better way to find happiness than to live a life of crime!,neutral
"They gave me some flowers, but I couldn't afford them.",neutral
"During World War II, war broke out in Europe during World War II",sad
"This is not to say, of course, that God's Kingdom is a real government that rules the world.",angry
"Wasn't it from the sea, and wasn't it from the sea, and wasn't?",angry
It's a wrong to say something like this.,angry
It was a year ago.,happy
"The works of the eye are wonderful, but they are wonderful examples for us. "" - 2 Corinthians 4: 3, 4.",happy
Infections can cause disease and heart disease,angry
"Parents, help their children to see more about the way the असे of their children may be used to. Help the children to see how the parents can teach their children to be more effective in the field service and how they can help teach their children to be more effective teachers of God's Word.",happy
It's been six months since I've got back at 6: 00 a.m.,sad
"They are animals! They are very small, but they are very small, but they are very small.",happy
""" I'm so grateful for what I've been reading! """,happy
Let's do it this way.,fear
"(For fully formatted text, see publication)",happy
"In the United States, for example, a survey conducted by the Supreme Court of Canada in 2005 revealed that there was an increase in the number of police officers in the United States during the 1960 ' s.",neutral
"Mary's birth on October 19th, and the birth of the Memorial of Christ's death by means of the resurrection from the dead",neutral
It's very difficult to say something like this.,neutral
Did it rain when the rain began?,happy
"Sing to our loving God, for he is good; for his loving kindness endures forever.",happy
The eagle's wings are like that of a bird.,sad
"This is what God wills, that you abstain from fornication, from fornication, from sexual immorality, from fornication, from sexual immorality, from sexual immorality, even from sexual immorality.",neutral
"The power of God's Word, the Bible, and the courage to bear witness",neutral
"It is not easy to understand why many people in the world turn their backs on God's Word, the Bible.",happy
"In his letter to the Hebrews, Paul wrote: ""Let us consider one another to incite to love and fine works, not forsaking the gathering of ourselves together, as some have the custom, but encouraging one another, and all the more so as you behold the day drawing near. """,neutral
"Why not learn more about the Bible and how you can draw closer to its Author, Jehovah God, and how you can draw close to him?",happy
"And by him were the chief officers according to their service, by the house of their fathers, by the house of their fathers, every one according to his service.",happy
Getting to know right from wrong is a matter of choice,angry
Make sure that you have enough time to get used to the fire,angry
Your name has been changed.,angry
"It is estimated that by the year 2001, the number of Jehovah's Witnesses has increased by 26 percent.",neutral
"By the end of the 19th century, London had become the largest city in the world, and it was the world's largest city in the world.",neutral
"Mumbai was divided into six major cities, and the most important capital city in the world was Mumbai, and the largest city in India was Mumbai.",neutral
"In the United States and other countries, it is common to see the Chinese people being affected by such diseases as malaria, malaria, and Latin America",happy
"The psalmist David wrote: ""The righteous themselves will possess the earth, and they will reside forever upon it. "" - Psalm 37: 11, 29.",angry
There is no reason to be anxious about what life will be like in the new world.,sad
"The Bible says: ""The one walking with the wise will become wise, but the one who has dealings with the stupid will fare badly. """,sad
Don't go into captivity in the city.,angry
"I am so grateful to Jehovah that I did not give up on myself. """,neutral
The village is not in the state of Maharashtra,happy
You are responsible for what you have done,neutral
I want a little honey!,happy
"The coconut is known for its healing process, since it has been used for its healing power",happy
Is used to notify that the image has changed,neutral
"In ancient times, the Israelites were commanded: ""You must love Jehovah your God with your whole heart and with your whole soul and with your whole mind. """,sad
Isn't this the case? Isn't this the case?,sad
"In time, he became a ministerial servant and a ministerial servant in the congregation.",neutral
"When I looked at the starry heavens, I realized that there was a light in the sky, but I couldn't understand its meaning.",happy
"And thou shalt bind them up upon thine own head, that they may rejoice over thee: and thou shalt cause them to rejoice over thee, and shalt cause them to rejoice over thee.",happy
You're going to win the game.,fear
• Why is it vital that we keep our eyes fixed on Jehovah? • How can we keep our eyes fixed on Jehovah?,sad
"As per 2011 census, population of villages was formed in Maharashtra. A number of villages in the state of Maharashtra were built.",happy
Does my father really care about my children?,angry
"In fact, many false prophets were killed by the king of Babylon's army because they refused to listen to the voice of Jehovah's prophets.",angry
He was born in a small village in the United States. He was raised in a family of Jehovah's Witnesses and grew up in a family of Jehovah's Witnesses.,angry
"He said to them, ""You have heard of many things that you didn't know,",sad
She will never forget the kind of life she has ever been able to share in the full - time ministry,sad
The command to make disciples is given to all who desire to know what it means to be baptized in the name of the Father and of the Son and of the holy spirit,neutral
Everything is done by all people.,sad
Isn't it true that there's a train today?,neutral
What can we learn from this?,neutral
A person who is proud to be a victim of injustice should be disfellowshipped from the Christian congregation.,angry
"You can't be equaled with all the kings of the world,",angry
"How good and how pleasant it is to know that ""the eyes of Jehovah are toward the righteous ones, and his ears are toward their cry for help ""!",happy
. . . . . . . . . . . . . . . . . . . . . . . . . . . . . . . . . . . . . . . . . . . . . . . . . . . . . . . . . . . . . . . . . . . . . . . . . . . . . .,neutral
It's a real problem,neutral
"The first century C.E. drew attention to Jesus ' first - century followers, who lived near the end of the first century C.E.",angry
God sent his only - begotten Son to the earth to be born as a human on earth,neutral
Day of the new moon: Day of the new moon:,neutral
"As we share the Kingdom message with others, we can be sure that we will be well - acquainted with the message found in God's Word and in the publications of ""the faithful and discreet slave. "" - Matthew 24: 45 - 47.",happy
"The next time we get up, we'll have to go to sleep.",sad
The film was used to show the film all day long.,neutral
The United States is the world's largest and most prosperous world power. It is the world's second - largest and most powerful world power.,happy
We have had the privilege of helping many to come to know Jehovah!,angry
This display is being created for the best use,sad
"No more will a fire come down from heaven, but it will go out of its place forever and ever. "" - Isaiah 40: 26.",neutral
"Yes, it is vital that we keep busy in the Kingdom - preaching and disciple - making work so that we do not lose sight of the fact that we are living in ""the last days "" of this wicked system of things. - 2 Timothy 3: 1.",sad
"Not long after our wedding, we were invited to serve at the world headquarters of Jehovah's Witnesses in Brooklyn, New York, U.S.A.",sad
"'Don't be afraid, for I am with you.' 'Don't be afraid.'",fear
There was no escape from the execution of Jesus Christ's followers.,sad
"Judah and the inhabitants of Jerusalem will be gathered together. The thing will happen, that everyone who is left in it will be cut off from it.",neutral
Unable to back it! Let's say yes!,neutral
Cret in front of your eyes all the days until the arrival of the Lord's Evening Meal.,angry
This is the second best thing in the story.,sad
"You are going to have a friend, a friend, a friend, and a friend.",sad
It is also common for parents to use their tongue in the same way that children learn to use their tongue when they speak to their children.,sad
What do you think? Is it right to talk to your friend about sex?,happy
"Don't enter into the house of the thief, nor go into the house of the thief,",neutral
"In some lands, it is common for people to gather together for a meal or for a meal to gather for a meal or for a meal.",neutral
It is believed to have been the largest city in India during the 1960 ' s and early 1940 ' s and early 1940 ' s.,angry
""" If you don't know what to do in the morning, you're going to break down on your bed....",neutral
These are the names of his sons who were slain by him: all these were the mighty men of war.,angry
The price of bread is less than two times a day and a half a day.,sad
"With fellow feeling, I am grateful to Jehovah for helping us to endure in our assignment",happy
"When I was young, I had a friend who said, ""I want to be close to you """,neutral
"Turn to the right hand, and don't be far from the left.",neutral
The police and the police are not able to give the police a chance to catch the police.,happy
"There is nothing covered with that which you don't see.""",angry
"You know that your life is short, and your life is short....",neutral
The Romans fought for the war.,happy
Is this a history?,neutral
"In some parts of the world, it is the custom to have sex before marriage.",angry
They did not find any way out.,angry
"Poverty, poverty, poverty, poverty, poverty, and poverty are common in the world",angry
What a happy time that will be!,neutral
"You just don't live with your parents, aren't you?",angry
"The children of Dan shall be at ease, and their faces shall be as the eyes of doves.",happy
"It is estimated that by the year 2000, more than half of the people are infected with HIV each year, reports the Times of London.",angry
The black lion drank a black lion.,happy
The light of the righteous is like the burning of a fire: but the root of the wicked shall perish.,happy
My mother was very impressed with my mother's fine conduct.,sad
We give an account of the way we are treated by the law in the law.,happy
Today's War is over 2 billion years old,happy
Have you ever been to India?,angry
"And it came to pass, when he had made an end of speaking with his mother in law, that he took a piece of wine out of his hand, and gave it to his mother in law,",happy
We don't have enough food to drink at night,neutral
This is our God.,happy
Don't be as though I were in Northern Ireland!,happy
I don't know what to say,angry
What a relief that will be!,happy
"Other lands, such as the United States, the United States, the United States, the United States, the United States, the United States, the United States, the United States, the United States, the United States, the United States, the United States, the United States, and the United States.",angry
"That's all I want to do now. "" That's exactly what I want to do.",sad
It was the first day of the convention,neutral
There's a long red hole there.,neutral
"Make sure that you understand what the Bible says about the condition of the patient is, not how much you know about the condition of the patient, but how you feel about it, and how you feel about it.",happy
"What a relief it is to share in this work, and what a privilege it is to be part of that worldwide organization!",happy
Some names in this article have been changed.,angry
The end of the present system of things is coming!,happy
"The first day of the convention is held at Yankee Stadium, New York, at Yankee Stadium, U.S.A.",neutral
So why do you want to talk to your children about sex?,angry
The United Nations ruled over the world's beginning.,sad
"But if a man say, I have a sin against the LORD. And they say, Thou shalt not commit adultery.",neutral
How much better it is to be aware of the timing of the end of this system of things than to see the end of this system of things!,angry
Is it possible for a man to go into the field by himself? Or is it time for him to go up to the hill country of Ephraim?,angry
"It is estimated that by the year 2003, the number of stars in the world had increased by more than half of the earth's population.",happy
"There's a lot of fun, but there's a lot of fun.",happy
We can be sure that he will help us to endure and that he will deliver us from Satan's efforts to break our integrity.,happy
"Don't be afraid of the things which are spoken through you, or of the things which are written in your book.",angry
Is there any real hope for the future? No.,sad
%lu not fully installed.,happy
"A baby is born in a mother's womb before birth. A baby is born into a mother's womb, and the baby is born into a mother's womb.",angry
What language is spoken in many languages?,neutral
"On the other hand, there are many ways that we can keep our eyes on the prize.",neutral
"An article in The Times of London stated: ""It is very important to have sexual relations outside of marriage between two people who are not married to each other. """,angry
"The apostle Paul wrote: ""Do not be anxious over anything, but in everything by prayer and supplication along with thanksgiving let your petitions be made known to God; and the peace of God that excels all thought will guard your hearts and your mental powers by means of Christ Jesus. "" - Philippians 4: 6, 7.",neutral
There's no time left to laugh. It's just a good game.,sad
It's really good for you to go to the doctor if you don't know what to do.,angry
Is there a friend who is always ready to help?,angry
"It's very cold, but it's very cold, but it's very cold.",happy
"The harvester doesn't know how to plant and harvest, but he doesn't know how to plant, and he doesn't harvest.",sad
"Unable to create cards from time to time, but it doesn't work",neutral
A house built to the roof of the roof of the house,neutral
"Oh, it's here!",happy
"In the mid - 1990 ' s, there was a rise in the United States, and there were a number of people with whom I studied the Bible with Jehovah's Witnesses. In the late 1970 ' s, I was baptized as one of Jehovah's Witnesses, and I was appointed as a member of the Governing Body of Jehovah's Witnesses as a member of the Governing Body of Jehovah's Witnesses, as a member of the Governing Body of Jehovah's Witnesses.",angry
Stop the police!,happy
The coconut can eat only a few times a week!,happy
"According to a report published by the World Health Organization (N.S.A.), ""the world's population is estimated to be more likely to be more likely to be overly concerned about the future than about the future. """,angry
How much better it is to get to know the right way to the left side of the road and into the outside.,angry
"I was assigned to the Service Department to work in the Service Department at Yankee Stadium, New York, and then to the world headquarters of Jehovah's Witnesses in Brooklyn, New York, U.S.A.",neutral
"Aslam was born into a large family of white, white, white, and white, white, purple, and scarlet, white, purple, and scarlet, white, purple, and scarlet, white, white, and blue, and purple, white, white, and blue, white, white, white, white, and blue, white, white, white, white, white, and blue, white, white, white, white, white, and blue, white, white, white, white, white, white, white, and blue, white, white, white, white, white, white, and blue, white, white, white,",happy
"Between the 13th and the 17th century, it is believed that ""the kings of the earth "" and"" the kings of the entire inhabited earth "" were also present when the first - century"" great crowd "" of ""the great crowd "" of"" other sheep "" were formed.",happy
□ Please contact me concerning a free home Bible study.,neutral
You were also invited to your home. You were invited to your home.,neutral
A song doesn't say a song.,neutral
The Good News of the Kingdom Is Alive - Highlights From the Book of Isaiah - II,neutral
A list of suggestions that have been provided for family members,happy
"If thou shalt forget the days of thy youth, and the days of thy youth, and the years of thy life, and the years of thy life, and the years of thy life,",sad
What a beautiful picture that must have been!,happy
"I gathered together all the chief of the guard, and the captains of the guard, and the captains of the guard.",happy
I was so afraid that I didn't want to die.,fear
What would the police say?,sad
"I'm thinking of my own age, but now I'm thinking of myself.",neutral
He came to see the need to make changes in order to please Jehovah fully.,neutral
"Look again, see you again!",neutral
"How would you describe the ""great crowd, "" who will survive"" the great tribulation, "" mentioned at Revelation 7: 9?",happy
What can we learn from the account of Job?,angry
They will not build and someone else have occupancy; they will not plant and someone else do the eating.,angry
"Thou shalt take the shield of his help, and the shield of his mighty ones shall cover thee.",angry
"It will crush and put an end to all these kingdoms, and it itself will stand to times indefinite.",angry
Long live the Soviet Union!,happy
Can't you repair this program?,neutral
"In the mid - 1990 ' s, it became evident that there was a time of war, war, and war.",sad
"Left to right: Me, I went to the Kingdom Hall to see if I had ever been there.",neutral
"In the United States, a number of students are studying the Bible with Jehovah's Witnesses.",angry
It is a popular word.,happy
"What a joy it is to be able to share these precious truths with people who love and serve Jehovah! """,happy
What a blessing it is to be part of Jehovah's organization!,neutral
I'm all like you and you.,happy
Why is it vital that we keep on seeking first the Kingdom and God's righteousness?,happy
The height of the main window,happy
[ Picture on page 12],angry
You look just like Dan.,happy
[ Picture on page 25],fear
This program is designed to be used as a reliable program. You may want to use it as a basis for the help of e - mail.,neutral
"Does this mean, though, that it is wrong to use the Internet in a way that is not appropriate?",neutral
Make a list of items that you would like to use each time you spend with your loved ones,neutral
"For example, in the United States, according to the World Health Organization, more than 1 percent of the people in the United States were infected with HIV / AIDS, and according to the World Health Organization (U.S.A.), about 300 million people died as a result of AIDS.",neutral
Germany has many friends in India.,happy
"As you can see from this story, it's easy to see how it's best to see how it's really that it's really that it's so. """,happy
"The Bible says: ""[God] did not hold back from punishing an ancient world, but kept Noah, a preacher of righteousness, safe with seven others when he brought a deluge upon a world of ungodly people. """,neutral
"How much better it is to take care of ourselves physically, mentally, and spiritually clean!",angry
"Woe unto them that hear the word of the LORD in their hearing, and in their tongue, and in their tongue, and in their tongue, and in their tongue, and in their tongue.",angry
"The next time you have eaten a meal, you have a chance to keep your teeth clean",happy
"If you don't have enough money to be used, what should you do?",angry
"When I was a child, my mother taught me how to make friends with my mother.",happy
"For example, the apostle Paul wrote: ""Do not be anxious over anything, but in everything by prayer and supplication along with thanksgiving let your petitions be made known to God; and the peace of God that excels all thought will guard your hearts and your mental powers by means of Christ Jesus. "" - Philippians 4: 6, 7.",happy
"The police stopped the police, and the police were out of control.",angry
"And they took hold of thy brethren, and cast lots upon thee, and cast lots upon thee, and before thy brethren the men of war which were in the midst of thee.",angry
"The Bible says: ""Do not be anxious over anything, but in everything by prayer and supplication along with thanksgiving let your petitions be made known to God; and the peace of God that excels all thought will guard your hearts and your mental powers by means of Christ Jesus. "" - Philippians 4: 6, 7.",sad
"After a few months, however, the program was announced to all the members of the party. A number of students were assigned to the U.S.A. to assist with the work of Jehovah's Witnesses in the United States.",sad
"Does this mean, though, that there is no need to be overly concerned about money in the world?",sad
It is estimated that 13 percent of the world's population live on less than 10 percent of the people in the world's world.,happy
"I didn't know what he wanted to say! He told me that he didn't want to be one of Jehovah's Witnesses, so I didn't even know what he was going to say!",neutral
"And he took them out of the land of Edom, and sent them away out of the midst of the land, out of the midst of the land, out of the midst of the land, and out of the land of the South, and out of the land of the South, and out of the land of the South.",neutral
"In this article, we will consider three ways in which we can do so. The next article will consider how we can do so.",neutral
No one knows my country.,sad
We talk about the things we do in the ministry.,happy
"Those who are persecuted for their belief in the immortality of the soul... will be persecuted for their own sake. "" - 2 Pet.",sad
What is the difference?,angry
It's your opinion.,neutral
"Do not look down on your bed, for you don't see your slave's face. """,angry
"As soon as you come to our city, you will find a place for your brothers and sisters to dwell in.",happy
Do you want to commit suicide?,angry
"Women, continue loving your wives, just as the Christ also loved the congregation and delivered up himself for it.",neutral
"On the second day of the convention, I was invited to serve as a member of the Governing Body of Jehovah's Witnesses in Brooklyn, New York, U.S.A., as a member of the Governing Body of Jehovah's Witnesses.",angry
"With my father's help, we can be confident that our trust in Jehovah is always with us.",happy
"For his loving kindness endures forever, and his salvation is not turned away.",sad
"The coconut is the world's largest and most popular species. The coconut is the largest and most popular fish in the world, and it is the largest and largest fish in the world.",happy
People went to the tomb.,angry
"When we began to study the Bible with Jehovah's Witnesses, our first daughter was born.",happy
"In fact, in the United States, the number of people who live in areas where there is a great need for Kingdom publishers is great.",happy
"According to the World Health Organization, ""the number of people who live in areas where there is a greater need for Kingdom publishers is greater than those of any other age group, "" reports The Times of London.",angry
"At first, we didn't know all the details, but we didn't know what to say or do.",happy
"There is a time to get up early, and the next time you get up, wait for the bus to stop.",sad
"And it shall come to pass in that day, that every one that is clean shall be holy unto the LORD; and every one that is clean shall be holy.",neutral
You wanted more people than you wanted.,angry
We have covered ourselves with the shadow of death: we have covered ourselves with the shadow of death.,angry
"With her love may you be in fear of you all the days of your life. "" - Isaiah 48: 17, 18.",happy
Try to see the solution,neutral
"For as many as are called in this name, and as many as are called in this name, you are not called, because you are not called, but because you are one of them.",sad
"In the early 1980 ' s, a group of Jehovah's Witnesses in São Paulo, U.S.A., began to study the Bible with Jehovah's Witnesses.",neutral
How much better it is to be able to find out how much you can do to help a loved one who has lost loved ones in death!,sad
Why was it so dangerous for the people to eat and drink?,angry
Why don't you want to play with your dog?,angry
One of the main ways that we can show respect for authority is by showing respect for authority,angry
My sister is not happy anymore.,sad
"This is what he says to his anointed brothers: ""You are worthy, Jehovah, even our God, to receive the glory and the honor and the power, because you created all things, and because of your will they existed and were created. """,neutral
Is there anything in the universe that is beyond our grasp?,neutral
List of languages used by the Ministry of Belum far more complex than any other languages used by its members,neutral
"See, I don't know, there's something wrong with you, but I'm not sure if you don't know what's going on.",angry
Next month's party's trial was announced,neutral
"He was a member of the Governing Body of Jehovah's Witnesses, and he was a member of the Governing Body of Jehovah's Witnesses.",fear
"This time it doesn't rain, but it doesn't rain on it.",neutral
"In fact, one of the Ten Commandments states: ""The heart is more treacherous than anything else and is desperate. """,happy
"How do we know that Jesus did not want his anointed followers to be ""no part of the world, "" that is, to be a part of Satan's world?",angry
"My face became self - concerned, and I began to think about what I was going to say. """,happy
Whose weight is this?,neutral
Asturian,happy
"It is estimated that over half a million people live on the planet's planet's planet's surface, including the United States and the United States.",neutral
There are a lot of girls in school.,angry
He doesn't like to play baseball.,angry
You want to go right away.,neutral
Indian culture and culture in India,angry
There is a time when everyone who hears the sound of the trumpet will hear the sound of the trumpet.,sad
"If you feel that you are not married, ask yourself: "" How do I feel about my mate's efforts to help me?",sad
"Some decisions are made on the basis of the laws made by Jehovah God, the Creator of the universe.",happy
& Alt; &lt; Alt; By David F Psalm by David. &gt; &gt; &gt;,neutral
"Let's do the work of the Lord, which shall serve for the service of the service of the saints.",sad
Your son is dead. Your father is dead.,angry
What a joy it is to see so many thousands of people from all over the world turn to Jehovah in prayer!,angry
This article discusses three ways in which we can show appreciation for God's gift of marriage.,angry
You can choose the language that you are using for your next task,angry
"When the rain is gone, there shall be great rain; and when the rain is gone, it shall bring forth rain, and rain shall pass away.",happy
"%1/ s, U.S.A., U.S.A.",neutral
"The Court's claim is that it is the right thing to do. In some lands, government officials have the right to do so.",neutral
There is a day when the enemy fleeth away.,fear
The gods of the world have gone astray. They have turned their backs on the earth.,happy
Look under BIBLE TEACHINGS > BIBLE QUESTIONS ANSWERED,neutral
"If we don't know what we're saying, we're just saying a question.",angry
""" It's a very beautiful sight, "" she says, ""but it's a beautiful sight. """,neutral
"During the past five years, the number of residents has increased by more than half of the world's population.",happy
"When she found out what had happened, she took her leave and went to the kitchen to pray to Jehovah.",sad
You don't know how to read,angry
A mother's face is like that of a mother who takes a child into her arms,sad
"Even if the end of this wicked system of things is near, it will be part of the new system of things.",sad
"The Bible says: ""He that is walking with wise persons will become wise, but he that is having dealings with the stupid ones will fare badly. """,sad
It's a beautiful night.,happy
"The World's View of the Dead "" The world is passing away and so is its desire, but he that does the will of God remains forever. "" - 1 JOHN 2: 17.",sad
It is vital that we keep focused on the goal of full - time service,happy
"You learn a lot about your body, but two years ago, when you were in school, you began to think of two people who were in high school.",neutral
Let's go somewhere else.,angry
"As you can see in this study, you will see how Jehovah's Witnesses helped them to understand better the Bible's message about God's Kingdom and the good news about God's Kingdom.",neutral
"As you hear of the sound of the trumpet, you will be glad to hear the sound of the righteous ones.",happy
Early life,happy
"My sword is with me, and my bow is with me.",fear
""" It isn't just a matter of how good and how pleasant it is for us to have a close relationship with our heavenly Father....",sad
"By the age of 11, she had become an alcoholic, and she began to study the Bible with Jehovah's Witnesses. She began to study the Bible with Jehovah's Witnesses and was soon baptized.",angry
You're so angry.,fear
The Truth About the Dead Sea Scrolls were written by Jesus Christ in the first century C.E.,happy
I didn't want to live next week.,angry
Your wife is in the full - time ministry,angry
"We will go up to our father's house; we will go up to our father's house, and he will save us out of the hand of our father.",neutral
"There's no way to say, 'I'm not going to stop you.' or, 'I'm not going to call you 'that'. We're not going to call you 'that'.",happy
"(For fully formatted text, see publication)",happy
and next to him will be the princes of the peoples. They will be the rulers of the nations.,happy
"Don't enter into the house of the fatherless, neither go to the house of the fatherless, nor enter into the city of the father's house; for your loving kindness endures forever.",happy
The power adaptor has been replaced by the use of this action,angry
"In some parts of the world, farmers can plant seeds of Kingdom truth",happy
"For example, in the United States, for example, a government official declared that Jehovah's Witnesses were to be persecuted because of their neutral stand on the issue of universal sovereignty.",neutral
There's a road tying down the road to the road,angry
"With my brother, Paul",happy
"My father - in - law, my mother, and my brothers -",happy
How easy it would be for us to compare ourselves with those who do not share our beliefs!,happy
There's nothing more to drink than this.,neutral
"""Where will this convention be held? Where will it be held? Where will it be held?",angry
"She is angry, but she is angry. She doesn't have compassion on her own children.",angry
"And it shall come to pass, that he that is in the field, and he that is in the field, his life shall be cut off from him.",happy
Do you know who lost their company?,angry
"Not only is it a problem but it's not part of the problem. It's not part of the problem; however, it's not the problem.",angry
"Don't be afraid, daughter of Zion. Don't be afraid. Don't be afraid. Don't be dismayed.",angry
"As a result of this training, the branch office of Jehovah's Witnesses in Mexico was formed in Cedar Point, Ohio, U.S.A., U.S.A.",happy
The main reason for human suffering is that God's Kingdom will soon bring an end to all wickedness and suffering.,fear
"But he is gone out of his own country, and is gone out of his own country.",angry
"If I destroy the trees in the day of my wrath which I have cut off, if I destroy the trees which I made for myself, or if I build up the trees which I planted for myself,",fear
What you said is yours.,neutral
Let's start with this program.,angry
No one has ever seen a thing like that.,neutral
"(For fully formatted text, see publication)",angry
Highlights From the Book of Revelation - I,angry
Why didn't you change your face?,angry
You were born in Germany when your father was a child.,angry
She doesn't want to argue.,neutral
The second section of the program was held at the bottom of the station at the end of the station,neutral
What an amazing demonstration of the power of God's word!,happy
The streets are full of people's goods and services.,angry
"In the United States, for example, the number of people who live in the United States and other countries has increased by over 50 percent.",angry
"The news of the resurrection spread throughout the whole earth ""in all Judea and Samaria and Samaria and to the most distant part of the earth. """,sad
Not set,sad
"She didn't start the program, but she didn't start the program.",happy
"They will not lift up sword, nation against nation, neither will they learn war anymore. """,fear
"They are so old that they can't be seen with their eyes. They are twenty-two years old, yet they're very old.",angry
"At first, I didn't know what to say, but I didn't know what to say.",angry
Did you break something?,neutral
A Time of judgment and a Time of judgment and of judgment for the ten - tribe kingdom of Israel,sad
"Average years in full - time service while at the world headquarters of Jehovah's Witnesses in Brooklyn, New York, U.S.A.",happy
"You are not a servant of Jehovah; it is not his time for you to take possession of it. "" - Ecclesiastes 12: 1.",sad
It is not easy to use an easy language,angry
That's my line!,fear
Let us consider three ways in which we can show appreciation for God's undeserved kindness.,happy
"In fact, he is now in the full - time ministry, and he is now serving at Bethel in Brooklyn, New York, U.S.A.",sad
"When I was in school, my mother began to study the Bible with Jehovah's Witnesses, and she began attending meetings of Jehovah's Witnesses.",happy
"For a fire and smoke, and smoke, out of the mouth of Sheol, out of the mouth of Sheol!",sad
[ Picture Credit Line on page 2],neutral
Isn't it that our house is broken down and our house is broken?,angry
"They are three hundred years old. """,sad
You should be aware of this. You should be aware of what you are going to do.,neutral
The songs are made of music.,happy
The power adaptor is already running,neutral
"At the end of the 12th century, our first parents, Adam and Eve, were born as sinners in the garden of Eden.",angry
He has never been seen again.,angry
"That which cometh forth from the beginning shall it come to pass, and that which cometh out of the womb shall be done.",angry
"What, then, about Joseph's sons?",happy
"For this is the will of our Lord Jesus Christ, and the work of his hands for the glory of his glory;",neutral
It is estimated that over half of the people in the United States are victims of violence,angry
This is the third month of the month.,happy
""" O if only you would actually pay attention to my commandments! Then your peace would become just like a river, and your righteousness like the waves of the sea. """,angry
The following are some of the following suggestions:,fear
How happy we were to see the spiritual light in our eyes!,happy
You and your family are already in the full - time ministry,angry
Thou shalt not have pity upon her; for she hath been naked from thy youth.,angry
"At the end of the 20th century, the Great War - World War I broke out between the two world wars and the War of the 20th century.",neutral
"The third month of the month was the birth of the second month, and the third year of the month: and in the seventh year of their coming unto the house of their fathers, unto the house of their fathers;",neutral
"And the sword of the sword, or the sword, or the sword, or the sword, or the sword, or the sword, or the sword, or the sword.",neutral
You have the right to use your own name in order to save your life,angry
His father is an engineer of Nationality and is a founder of the National Institute of Education of India.,happy
"And thou shalt cut them off in thy sight, and shalt cast them into the midst of the fire: and thou shalt put them into the midst of the fire.",angry
"It is not surprising, however, that there is no evidence that Jesus Christ was present in the first century.",neutral
"A warning message from God's Word is being declared: ""Do not be anxious over anything, but in everything by prayer and supplication along with thanksgiving let your petitions be made known to God; and the peace of God that excels all thought will guard your hearts and your mental powers by means of Christ Jesus. """,sad
It's good for you to know your father's name. It's great to know his name.,neutral
We didn't get up at the time.,fear
The end of this wicked system of things will come when Gog's attack will be executed on God's enemies.,neutral
A good name is better than fine gold; and the day of death than the day of one's birth.,neutral
"How true the words of James 1: 14, 15 are: ""The wisdom from above is first of all chaste, then peaceable, reasonable, ready to obey, full of mercy and good fruits, not making partial distinctions, not hypocritical. """,happy
Would you like to go to the other side of the road?,angry
"If you don't want to sleep, cut it down.",angry
"Rutherford, who was then taking the lead in the preaching work.",happy
"As a result, many people feel that they have the right to decide what is good and what is bad and what is bad.",happy
"God's name, Jehovah, appears some 7,000 times in the history of the world",neutral
"If you want to be a nurse, you must be careful not to take for granted what you say.",happy
We are not poor!,sad
Who will win?,neutral
"The Israelites were commanded: ""You must love Jehovah your God with your whole heart and with your whole soul and with your whole mind and with your whole mind. """,angry
"If you look at this tree, look at it and look at it.",angry
"The baby's mother might ask, ""Why don't you cry for help when your baby is crying? """,angry
"On the second day of the convention, I was invited to attend the seventh class of Gilead School, after which I was appointed as a member of the Governing Body of Jehovah's Witnesses.",neutral
Is there any hope for those who have an earthly hope to live forever on a paradise earth under God's Kingdom?,angry
"As you can see, this is a key reason why people in the United States are not allowed to live together according to their families's culture and culture.",sad
"Detecting the weather in the summer, in the summer, in the summer, in the beginning, and in the beginning. When the rain falls, you will be able to start the game again.",fear
There is no sound in the window.,angry
Unable to get root,sad
List of villages in Rahata taluka,happy
"What a relief it has been for Jehovah's Witnesses to hear these words of Jesus: ""This good news of the kingdom will be preached in all the inhabited earth for a witness to all the nations; and then the end will come. """,sad
Why was it so dangerous for the Israelites to enter the Promised Land?,neutral
"It is estimated that in the United States, over one million people live in areas of the world's economy are at risk.",fear
"With the help of Jehovah's Witnesses, we were able to build a new branch office of the Watch Tower Society's branch office in Brooklyn, New York, U.S.A.",sad
One of the most effective ways to show honor is to share Bible truths with others,happy
Have you ever been tempted to commit suicide? Or are you ever aware of the fact that there is a Creator who does not have the ability to solve mankind's problems?,angry
"This was the case with a group of Bible Students who had gathered in the capital, São Paulo, U.S.A.",angry
"And there was a great earthquake in heaven, so that there was no voice behind him.",sad
"In some cases, it may be possible to obtain a copy of the book Questions Young People Ask - Answers That Work, Volume 2, published by the Watchtower Bible and Tract Society of New York, Inc., as well as by the Watchtower Bible and Tract Society of New York, Inc., as well as at www.jw.org.org.org.",sad
What is this road?,happy
"As you can see, you've got a lot of ice cream in your eyes.",neutral
You can also learn how to deal with it. It's a good idea!,happy
We didn't take it at that time,neutral
"As of the tribe of the children of Reuben, of the tribe of Zebulun, of the tribe of Naphtali.""",neutral
"A time to heal, and a time to heal; a time to heal;",sad
Four months have twelve seconds,neutral
Why is it so important to love one another?,happy
"You are the children of the prophets who come down out of the land of Egypt, out of the land of Canaan;",angry
The price of beer cannot be spent,angry
"And this is the will of God, and not of men.",angry
"And the dead man, and the lame, and the blind, and the lame, and the blind;",angry
""" Do not be anxious over anything, but in everything by prayer and supplication along with thanksgiving let your petitions be made known to God; and the peace of God that excels all thought will guard your hearts and your mental powers by means of Christ Jesus. "" - Philippians 4: 6, 7.",neutral
The Court's case did not prove that it was a false charge against blood transfusions.,fear
"A report published by the American Medical Journal of the American Medical Association of Human Rights states: ""The majority of the people in the United States are victims of violence. """,angry
What a relief it will be when the earth is transformed into a paradise and a paradise earth will be transformed into a paradise!,neutral
"After a few weeks, the case changed, and the case changed for the next few months.",angry
%1 is not a valid source of money,sad
The news came true.,fear
My son is in the habit of getting upset with his wife,happy
"As a result, we were able to learn a new language so that we could be able to communicate more effectively. """,neutral
"In the United States, for example, a survey conducted by Jehovah's Witnesses in the United States revealed that 1 out of every 5 people in the United States had been killed in World War II.",sad
"His father is old, and he is old.",neutral
It is true that many who believe in evolution believe that God exists and that he does not care about them.,neutral
My love is greater than the love I have....,neutral
"He was a member of the Governing Body of Jehovah's Witnesses, and he was a member of the Governing Body of Jehovah's Witnesses. He was a member of the Governing Body of Jehovah's Witnesses and a member of the Governing Body of Jehovah's Witnesses.",angry
We need to show them how much we appreciate them.,neutral
"Thou shalt not take a evil thing out of thy mouth, or out of thy mouth, or out of thy hand, or out of thy hand, nor out of thy hand, nor out of thy hand, nor out of thy hand, nor out of thy hand, nor out of thy hand:",neutral
We must keep in mind that Jehovah will soon bring an end to this wicked system of things.,angry
They will not build and someone else have occupancy; they will not plant and someone else do the eating....,neutral
"As you enter the next door, you will find that the next time you hear the conversation, you will be glad that you are doing the right thing.",happy
"During the next few weeks, the car broke down several times, and the truck broke down in the middle of the night.",sad
What happened next?,sad
"Thou shalt not drink wine when thou shalt not drink it; thou shalt not put it in thy mouth, thou shalt not put it in thy mouth, or thy tongue in thy mouth.",angry
The power of God's people is moving ahead,fear
This operation is being used to indicate the size of the session,angry
No one will come to the defense.,sad
But to him who is perfect in knowledge and in wisdom is greater than all men; for in him there is life and peace.,sad
"In the early days of King David's son Solomon, the king of Israel had already asked: ""Who is this that is to come? "" - 1 Ki.",sad
"Of the Levites: Shemaiah the son of Shemaiah, and with him two hundred thirty males.",happy
"It is not hard to see why man's way of thinking was so different from that of man's Creator, Jehovah God.",angry
The music of the people is very popular.,angry
What a joy it has been to be on hand!,happy
We're very nice.,neutral
"Some of the people are still on the island of São Paulo, and others have gone there to see what they are doing today.",fear
Why didn't this come about?,happy
"When I saw her, I was love, but when I saw her,",sad
"By the first century B.C.E., the foundation of the temple was laid to hold the foundation of the temple in Jerusalem.",sad
We want to be like those whom we like to use. We want to know where we are and where we are.,angry
Do you want to use this video in your ministry or in other ways?,neutral
"The children of Sarbeth, the children of Pabeth, the children of Pabeth, and the children of Pasim, and the children of Pasim, and the children of Pasim,",sad
"If you have ever written these words to your friend, think about what you have to say",angry
"When I was about seven years old, I was asked if I would be able to give a talk in the Theocratic Ministry School.",neutral
"Of the tribe of Dan, of the children of Dan, and of the half-tribe of Manasseh, and of the half-tribe of Manasseh,",angry
"India's economy is referred to as ""the world's largest city"" in India. It is the second largest city in India.",happy
"It's time to go back at once, and it's time to think, "" I'm going to have a little time. '",fear
Are all these so many? Isn't this so?,angry
We'll meet again in our last year!,happy
"With his wife, James, and John",happy
Yesterday wasn't easy for us today.,neutral
"There's no middle train, no matter how large you can be, but it's not too large",angry
"If this is the case, wait until it is time to start the engine.",sad
The population of the population is about to go to the village to the village. The population of the village is about 25 miles [100 km] from the end of the city.,happy
the two of clubs,happy
"And thou shalt take the remnant of the children of Israel, of the children of Israel, out of the tribe of Simeon, out of the tribe of Simeon, and out of the tribe of Benjamin, and out of the tribe of Benjamin, and out of the tribe of Simeon, and out of the tribe of Benjamin, and out of the tribe of Benjamin, and out of the tribe of Benjamin, and out of the tribe of Benjamin, and out of the tribe of Benjamin, and out of the tribe of Benjamin, and out of the tribe of the tribe of Benjamin.",happy
"(For fully formatted text, see publication)",neutral
"More than ever, we have had the privilege of serving in a foreign field.",angry
(b) How can we benefit from Jesus ' illustration of the sower?,angry
"And it came to pass, as soon as he had made an end of offering himself, that he fell upon his face, and bowed himself with his face to the ground.",angry
Don't you believe that everywhere in the whole world is yours?,neutral
"By the end of the first century C.E., the good news of God's Kingdom was being preached in all the inhabited earth for a witness to all the nations.",neutral
Thou hast covered me in my flesh; thou hast covered me in my flesh: thou hast covered me with my flesh.,happy
You shall not be afraid of the sun nor of the moon! You shall not be afraid of the sun nor of the moon!,fear
"It has been said that Martha's grief has been greater than that. She has never been sick for seven years, and she has been sick for five years.",sad
"He's not home, but he's not with us.",neutral
"You will see that in the next article, we will consider some of the fine examples that we have considered in the next article.",happy
"If you are going to leave your village, go to right:",angry
"Asa was one of the richest cities of Judah and Benjamin, and the most powerful cities in the world.",neutral
"In recent years, a growing number of young people have been able to cope with the challenges they face in this system of things.",happy
I am on the left side of the house [ Picture on page 25],neutral
"Drink, eat, and drink!",sad
The sword has a long history. The sword has been used to protect its soldier's head.,neutral
What a privilege it is to be part of God's universal family of true worshippers!,happy
The brothers and sisters in our new congregation are very happy to have us stay in their assignment.,happy
"Make sure that you're going to have a copy of The Watchtower and Awake! that's where you're going. You're going to have one million books, and you're going to have one million books!",happy
We have long been on the move. We have seen a lot of people as close as possible.,neutral
"But some of them will be killed by the sword, and some of them will be killed by the sword.",sad
"With Jehovah's help, we can endure in our preaching work",happy
Thank you for all of this,happy
This was the case with the local congregation of Jehovah's Witnesses.,neutral
Call me when you get home.,fear
"You, Ephraim, didn't you come with your father?",angry
We'll fix that number twice.,angry
"Hear what you hear! For it is a pleasant thing to hear, but it is a hard time for the heart to hear the words of the wise ones.",neutral
What was the result?,sad
"Just a few days earlier, Jesus Christ had warned his faithful apostles about the destruction of this system of things.",neutral
This is dangerous.,fear
"And thou shalt bind up thine eyes, and cast them into the fire; and shalt blow upon it, and it shall be as it was in the midst of thee.",sad
All those who are with brotherly affection.,happy
are the leaders of India who commit sexual activity in the United States? ▪ Between 15 and 23 years of age,neutral
• Why is it important to keep walking by spirit? • Why is it vital that we keep walking by spirit?,angry
"For you are not able to destroy anyone who is in the world, who are in the world, who are in the world, and are in the world.",neutral
"Not only did he pray, but he didn't believe in the power of God.",sad
Thank you very much for being a good student of God's Word,happy
"Will you ""keep on the watch ""?",neutral
You look so cool.,neutral
"In fact, one third of the world's population is as tall as the horse.",angry
Show me how to count the number line,neutral
%s will be installed in the hope that it will be useful for your health.,happy
"And it came to pass in the morning, that a dog came out of the house of Baal.",angry
Help your loved ones to come to know and love Jehovah,sad
Is there a name or a name in the newspaper?,angry
New York is the second largest country in the world.,happy
What a joy it will be to be resurrected to life on earth under the Messianic Kingdom!,happy
"Rejoice in the wife of your youth, and pray for her;",angry
Many mothers work long hours to provide for their children's daily needs,neutral
What a relief it has been for some to hear the news about the end of this system of things!,sad
Have you got up from London?,neutral
"In the summer of 2001, the climate is increasing, and the next half of the world's population is increasing. It's going to New York City, where it's going to New York City.",happy
"In recent years, however, the number of students has increased by over 70 percent. In recent years, the number of students has increased by 22 percent.",neutral
"In the mid - 1970 ' s, it was not until the mid - 1930 ' s that my mother and I began studying the Bible with Jehovah's Witnesses and attending meetings of the Watch Tower Bible and Tract Society of Pennsylvania.",neutral
"As you can imagine, the village was surrounded by thousands of people from all parts of the world.",sad
"For what is man, that we should be beside him? Or what is man, that thou shouldest be the son of man?",happy
"This is the third part of the fruitage of God's holy spirit, which is an important part of the fruitage of God's holy spirit.",angry
"In the United States, for example, food is used to be used in traditional medicine",sad
"The Bible states: ""Let us consider one another to incite to love and fine works, not forsaking the gathering of ourselves together, as some have the custom, but encouraging one another, and all the more so as you behold the day drawing near. """,happy
It is a beautiful sight to see so many young people walking on the street.,happy
"The name of the Hebrew root root root root word for ""toy "" comes from the Greek term"" came from the Greek word meaning ""to raise up. """,neutral
"There was little room in the world, and there was no house, and there was no house, and there was no house, and all the rest of them were.",happy
The bow and the bow are not sharp.,angry
"The first day of the marriage, the second day of the week, was a wedding day, and the third day of the week was a wedding day.",happy
"The brothers at the branch office of Jehovah's Witnesses in Brooklyn, New York, U.S.A., and the branch office of Jehovah's Witnesses in Brooklyn, New York, U.S.A.",happy
"A brother in the United States who was assigned to the Service Department said: ""I have always been so grateful to Jehovah for my new assignment! """,happy
This is the first time I've ever eaten a brother's car.,sad
"When I was 18, I started to study the Bible with Jehovah's Witnesses and began to study the Bible with Jehovah's Witnesses.",neutral
Don't study on time,fear
It's thin.,happy
The Supreme Court of the United States is praise to Jehovah.,happy
"In fact, it has been said that the tree is ""a shadow of the good things to come. """,neutral
"You are already completed this day, and you are on your way to this very day.",angry
We lived in a country where there were no Witnesses. We lived in a country where there were no Witnesses.,angry
Is there any way to get out of the road to get out of it?,angry
"But put forth your hand now, and let his hand be against you, and let his hand be against you, and he shall kill you!",neutral
"And they laid hands on every man his own house, and every man's work, and every man's goods, and every man's goods, and every man's goods.",angry
"For example, in the United States, more than half the people in the United States have been victims of violence.",angry
Don't worry about this.,neutral
"And it shall come to pass, when the days of her mourning are fulfilled, that they shall begin to be fulfilled before the child's birth.",neutral
"Parents, help your children to see the difference between parent and son!",happy
"My son John is a friend to the world headquarters of Jehovah's Witnesses in Brooklyn, New York, U.S.A.",sad
[ Picture Credit Line on page 2],angry
Some people think that we're true Christians.,neutral
You will be backed up!,neutral
And these are the families of the tribe of Dan. These are the families of the tribe of Dan.,happy
"There is no god but God, the God of Jacob, the God of our fathers, the God of our fathers. The God of our fathers is in the midst of us, and the God of our fathers.",happy
New passwords!,happy
"the son of Shallum, the son of Simon, who lived in the land of Benjamin, didn't come to the door of the house of his father;",sad
The coconut is made of coconuts and coconuts!,happy
"No, it doesn't. But something is happening.",angry
"A sword is a sword in that it should be cut off from the earth; and a sword that should be cut off from the land, it should be cut off from the surface of the world.",angry
Can you read this?,neutral
"If you don't want to work, you'll have to make sure that you don't want to be one of Jehovah's Witnesses. """,sad
"And it came to pass, when a certain man saw it, that he took hold of his garment, and it fell upon his face:",angry
And the sons of thou shalt not go forth out of the tribe of the children of Dan; for out of the tribe of Judah are the families of the tribe of the children of Dan.,angry
It's very fun.,happy
You can be sure that you will change your bad habits,sad
"The track will be used to get back at 6: 00 p.m. at 9:00 p.m. at 6:00 p.m., p.m. at 6:00 p.m. at 6:00 p.m. at 6:00 p.m. at 6:00 p.m.m., p.m. on time",neutral
Maharashtra State Assembly Hall of Jehovah's Witnesses,angry
Don't pay attention to false stories.,angry
"For example, in the United States, for example, a survey conducted by Jehovah's Witnesses revealed that 1 out of every 5 people in the United States believe that they have no right to believe in God.",neutral
"Is there any hope for a future without sickness? Yes, there are many reasons why we should trust in Jehovah.",angry
"To learn more about the history of Jehovah's Witnesses, please contact the branch office of Jehovah's Witnesses in your country or write to the branch office of Jehovah's Witnesses at www.jw.org.",neutral
""" I don't want to be like that person, "" she says, ""but I don't want to be like him. """,neutral
"There's a little home in the house, and there's a little inside.",happy
Just imagine what it must have been like to experience it!,happy
It's just a slave's freedom.,happy
Is it any wonder that our clothes should be burned by fire on a roof or on the roof of our house?,happy
"It is no wonder, then, that the Bible speaks of ""the desire of the flesh and the desire of the eyes and the showy display of one's means of life "" as"" the desire of the eyes and the showy display of one's means of life. """,angry
"How true that proved to be for us! """,sad
Happy is the man who is born for the joy of her house.,angry
This is the most important thing in our life.,happy
"And it shall come to pass, when we are come into the tabernacle of the congregation, that every man shall bring his brother unto the door of the tabernacle of the congregation, unto the door of the tabernacle of the congregation:",fear
"(For fully formatted text, see publication)",happy
An army with a stone - a picture of a man carrying a stone in front of his house,neutral
Talk to your daughter about your problem.,angry
One student wrote a letter to the office of Jehovah's Witnesses.,angry
"We had little time to get to know each other, so we had to make sure that each day we had to make sure that everyone was ready to leave home.",happy
Do you want to eat grass with its own hands?,angry
"The children of Zion shall be put to death, the children of men shall be put to death; they shall be put to death; they shall be put to shame, they shall be put to shame.",happy
""" It's hard to imagine how it must have been for my father to leave his home and take care of my father's sheep, "" he says.",neutral
"She told me that she didn't want to listen to me, but I didn't give up.",neutral
"For it is not from this time forth, nor from that which is done, nor from that which is done, but from that which is done.",angry
"If you are a young woman, you know that you are a young woman, and you are known for her high moral standards.",angry
"It's very cold, but it's very cold.",angry
Is this really that a good idea?,angry
That's exactly what I'll say.,sad
"No, I didn't understand.",neutral
The police arrested the police!,happy
"In the United States, for example, a man who lives in a small village has to live there!",angry
Do you want to argue with everyone on Facebook?,neutral
"It's hard to know what to do, but it's hard to know what to do.",sad
The government has a long history of corruption,neutral
There's nothing left to pay. It's only part of the story.,sad
"Not long afterward, we were invited to serve at the world headquarters of Jehovah's Witnesses in Brooklyn, New York, U.S.A.",sad
"You are a son of one of your brothers, because you have come to be a friend of the Most High God to the end of the earth.",angry
There is no other law on the subject.,angry
"And all the men of his house, even the men of his city, shall be put to death: all the people of the land shall stone him with stones.",happy
"And his father and his mother died, and his mother died.",angry
It is the government's government that has the right to rule over the entire earth,sad
"As he turns his attention to the news, he sees only one way to overcome fear of man.",happy
"We have come to know many good things about our brothers and sisters, many of whom have spent many years in the full - time ministry and have spent many years in the full - time ministry.",happy
Don't be silent in the day of trouble; for it is not in the day of trouble:,neutral
"The night before his death, Jesus told his disciples: ""You will receive power when the holy spirit arrives upon you, and you will be witnesses of me both in Jerusalem and in all Judea and Samaria and to the most distant part of the earth. """,sad
"In the 16th century B.C.E., the patriarch Jacob F.C.E., the patriarch Jacob, who later became the father of Moses, took the lead in the worship of the true God, Jehovah.",neutral
Thank you. Thank you so much.,happy
"Behold, there is no God who can deliver out of the hand of the mighty, nor who can deliver out of the hand of the mighty.",sad
The main purpose of the session was to be used as the theme of the convention's release of the Watch Tower Society's talk,angry
"In time, he and his wife began to study the Bible with Jehovah's Witnesses.",happy
"Go to Mumbai, and see! There's a play house with its inhabitants. It's a railway station. It's a railway station with its inhabitants. It's a railway station.",happy
Is this the train station?,neutral
"In the United States, Awake! has long been described as ""the last days, """" the last days, "" and ""the last days "" of Satan's wicked system of things.",angry
Don't build a house near the nearest village.,happy
"For there are five men, one on the right hand, and another on the left.",happy
"From the beginning of human history, men and women had the opportunity to learn about God's purpose for the earth and for mankind.",happy
How much better it is for a camel to go through a needle's eye than for a rich man to enter into the kingdom of God!,neutral
"And it shall be, when they enter into the inner court, that they shall not enter into the inner court of the high priest, which is in the inner court.",angry
It's too late for you to get so hot that you don't have time to stay with your spouse,neutral
"The power of God's Word, the Bible, has been a source of strength to me",sad
It was made up of six hundred pages each month.,neutral
"An article in The Times of London stated: ""It has been estimated that there will be an increase in the number of mental - health experts in the United States alone. """,sad
"Your eyes will see strange things, and your ears will see strange things.",sad
"In the first century C.E., the word of God went out to all the rest of the world. In the first century C.E., the word of God came to be spoken of as ""the Word "" and"" the Word of God. """,neutral
Isn't this the case? Isn't this the case?,angry
The earth is full of your riches and all your mights.,sad
"It's a little different, but it's very low. It's better, but it's effective.",neutral
Why did your mother go to school?,sad
"Husbands, continue loving your wives, just as the Christ also loved the congregation and delivered up himself for it. """,happy
"He says: ""A great crowd... out of all nations and tribes and peoples and tongues will hear his voice, and they will listen to his voice, and they will listen to his voice, saying: "" This is my Son, the beloved, whom I have approved. ' """,sad
Tell them which's in the house. Tell them who's in the house.,fear
How dangerous it would be if we were to let our hands drop down!,neutral
What a joy it has been to see so many beautiful trees on earth! What a joy it has been to share in this wonderful work!,happy
"You will find the answers to those questions, and you will find the answers to those questions. """,happy
"When I was six years old, I was appointed as a member of the Governing Body of Jehovah's Witnesses until the beginning of the year, and I was appointed as a member of the Governing Body of Jehovah's Witnesses.",happy
Why is it so dangerous for us to be guided by the law of loving - kindness?,angry
How wonderful it will be to live forever on earth under the rule of God's Kingdom!,happy
"At school, there were five students at the school",sad
You don't understand what you don't understand.,neutral
"When I was five years old, I became a member of the Governing Body of Jehovah's Witnesses.",neutral
We are not surprised to see the results of our efforts to reach people with the good news of God's Kingdom.,angry
I only wanted to talk to them.,happy
This isn't black.,happy
"And the children of Israel, the children of the east, the children of the east, the children of the east, the children of the east, the children of the east, the children of the east, the children of the east, the children of the east,",neutral
"The children of Benjamin went out against the inhabitants of Jerusalem, and took it, and struck the men of war with the edge of the sword, and the men of war, and the men of war, and the men of war, and the men of war.",neutral
And the name of the city that goeth down into the midst of it is this day.,angry
"And the number of the men that go forth to the city shall be seven thousand and six hundred, and on the top of the mountains four hundred and fifty men that go down to the house of their father.",neutral
The population of this village is about five million.,neutral
"Human rulers have tried to force their subjects to do what is right, but they have failed to keep on doing what is right.",angry
What is the meaning of Jesus ' words recorded at John 3: 16?,sad
"This does not mean, however, that there is nothing wrong with pride.",angry
"In the days of Alexander the Great, the world's army was cast into a burning fiery furnace",angry
Do You Remember?,neutral
Is it not true that many languages are spoken in the world?,happy
The name of the computer is on the list,sad
Where are you going?,neutral
Let my people cry out with a loud voice; and let them hear with a loud voice:,happy
"During the 1970 ' s, the police in the United States and the United States helped to provide relief supplies for victims of hunger and thirst",sad
No command specified,angry
The Complete Encyclopedia of Medicine: The Complete Encyclopedia of Medicine / J.,happy
"There is no rain in the earth, nor rain on the earth. There is no rain on the earth, nor rain on the earth.",sad
"At times, we did not have enough money to pay for the trip.",sad
Did she have something in common?,neutral
Do you want to start with this program?,angry
Happy birthday is called a birthday.,happy
You may have been surprised to know that he was raised from the dead and that he had been raised from the dead.,angry
"My friend, who was a friend of the first president of the Watch Tower Bible and Tract Society of Pennsylvania, was a student of Jehovah's Witnesses",neutral
"There is no value in any thing: this is an old thing with one that is old, and not old.",angry
"Among the most beautiful cities in the world today, there are many beautiful music, music, music, and so forth.",happy
Thank you!,happy
You can shoot someone who is lying in wait!,neutral
The walls of the city are opened,angry
"A brother in the United States said: ""I don't know what to do when my friend gets out of bed after a while, but I'm not sure if I don't know what to say....",angry
It's no reason,neutral
"Aslam was born in Mumbai, he was raised by his mother and grandmother, and she later became an active member of the London Bethel family in India.",neutral
The police saw someone standing on the street.,neutral
"They will not lift up sword, nation against nation, neither will they learn war anymore.",happy
They are all of those who fight against them.,angry
""" Trust in Jehovah with all your heart and do not lean upon your own understanding. In all your ways take notice of him, and he himself will make your paths straight. "" - Proverbs 3: 5, 6.",happy
"For example, in the United States, for example, a number of people in the United States are studying the Bible with Jehovah's Witnesses and helping others learn about God's Kingdom.",angry
"In the United States, for example, the number of children in the United States has increased by 20 percent.",angry
A survey revealed that 1 out of 4 people in the United States had been killed and 4 percent had been killed.,sad
"When we arrived at the branch, there were only four members of the Bethel family in New York City.",angry
"In the United States, young men are expected to marry.",neutral
"If you don't have a baby, then you can't call a baby.",sad
"Is there no language or language in your country that you can learn? """,sad
Currerency error with DMOP_PA,neutral
This display shows the changes that the currently selected object has been changed.,neutral
"As a result, we were able to start a Bible study with a number of deaf people.",happy
"Then, ""he opened his eyes, and his eyes were opened, and he opened their eyes, and he saw them, and he was moved with pity for them. """,angry
This is what the Bible says.,neutral
What can parents do to protect their children?,sad
It is a little larger than the model line,neutral
"You can see why that was so bad in the last year of my reign. "" You can't be seen here.""",neutral
With my parents in the traveling work while I was in prison,happy
Did this mean that this was the case?,angry
The nations will be forced to recognize that God's Kingdom is a heavenly government that will soon replace all human governments.,neutral
"A report from the United States stated: ""The right to freedom of religion is not a new idea....",angry
See also,angry
"Victory to Maharashtra, you children of Zion!",sad
They all laughed!,happy
How long should my watch be?,neutral
"In fact, most of us are not in attendance at the Memorial; nor are we going to have a sense of urgency.",fear
"As you go to the left, you see the place where it was prepared, and you see the place where it was prepared.",sad
The birth of a baby can be likened to a baby,sad
We'll have enough money to lose,sad
Some people think that it is impossible to live without sickness. Others say that it is impossible to live without sickness.,neutral
"After a few weeks, I was invited to serve at the branch office of Jehovah's Witnesses in Brooklyn, New York, U.S.A.",neutral
"In the mid - 1990 ' s, I was able to begin my service at the world headquarters of Jehovah's Witnesses in Brooklyn, New York, U.S.A., for the first time in my life.",angry
"Turn around, get up and look!",neutral
The coconut is made of coconuts and coconuts!,happy
"For there is a time and a time to speak, and a time to speak; a time to speak; a time to speak, and a time to speak;",fear
Whether or not to display video games in order to use video cards on fire,sad
"Did the boy hide his face from the eyes of the boy, or did the boy hide his face from the eyes of the boy?",angry
Was it too late?,angry
Some of them have been forced to leave the city because of fear of man.,neutral
"And his right hand, and his left hand, and his left hand,",neutral
"With my parents at work, I was able to attend Gilead School.",neutral
"If they don't know what to do, they're sure they're doing what they're doing.",neutral
"In recent years, however, efforts have been made to spread the good news among the largest population in the world.",neutral
"When he was in his late teens or early 20 ' s, he became involved in drug abuse, drug abuse, and drug abuse.",sad
"Rutherford, who was taking the lead in the worldwide work of Jehovah's Witnesses.",happy
The coconut is made of coconuts and coconuts.,happy
This is the truth.,neutral
"We'll meet again in the morning, and then we'll see it again.",happy
"According to the World Health Organization, more than half of the people in the United States have died as a result of wars.",happy
"No matter how long we have been serving Jehovah, however, we must never lose sight of the fact that we are living in ""the last days "" of this wicked system of things. - 2 Timothy 3: 1 - 5.",neutral
The New World Translation of the Holy Scriptures points out that the hope of everlasting life on earth is a gift from God.,neutral
"He was a member of the Roman Catholic Church, and he had been a member of the Roman Catholic Church for many years.",neutral
"As soon as the morning draws near at the end of April, this railway is going to be at the back of the railway station at the back of the railway station, which lies at the back of the railway station.[1]",happy
Isn't him English?,neutral
They were the first members of the family to decide whether to stay or to move to serve where the need is greater or not.,sad
""" I wasn't going to go home, "" she says, ""but I didn't come home.",sad
"As of 2011, population of Maharashtra district, Maharashtra, Maharashtra, India, is already part of the Maharashtra state of India.",angry
"A report from the United States stated: ""It is not always easy to get to know the exact date of the end of human history. """,happy
He who is above you is above all men.,neutral
"Each year, hundreds of millions of copies of the Watch Tower Bible and Tract Society of Pennsylvania have been printed in whole or in part!",happy
The display format for the use of this display,neutral
I'm learning to read and write.,happy
"For as many as are born of the body, and as many as are born of the Spirit, and of the Spirit, and of the Father, and of the Son, and of the Spirit.",happy
This is the title of a letter written by one of Jehovah's Witnesses.,angry
"Thank you, all of us!",happy
A person who committed suicide had a right to the law before he died,neutral
"You need to be more than ""aglow with the spirit. """,happy
"There shall no man be found among you: thou shalt go forth by night, and go forth out of the city.",fear
How much better it would be for her to let her know what is in the heart of her husband! How much better it would be for her to let her know what is really in her heart!,angry
Is there a way to get there from right to left?,angry
Your brothers and sisters are all of them.,neutral
"You looked at the night sky when it was dark; and when it was dark, you heard it as though it was dark.",neutral
My brother James with his wife,happy
The rest of the village was built on the first month of the month. This was the first month of the month. It was the tenth month of the month.,angry
"And thou shalt take of the right hand, and put it into the left hand of the right hand of him that hath the right hand, and into the left hand of him that hath the right eye:",angry
"You are the Most High over all the earth. You are the Most High over all the earth. You are the Most High over all the earth. """,angry
I'm going to take care of him.,neutral
The doors are closed,angry
That's what we're thinking.,neutral
Most poverty has become more common in the world,sad
There are more than seven million people in the country.,neutral
Check this if you want to move to the previous solution,angry
"Write to the right hand, or to the right hand, or to the left, or to the right hand, or to the right hand, or to the right hand or to the right hand or to the left.",happy
"It's a real joy to know that this is the best time for us to get to know Jehovah. """,angry
"The apostle Paul wrote: ""Do not be anxious over anything, but in everything by prayer and supplication along with thanksgiving let your petitions be made known to God; and the peace of God that excels all thought will guard your hearts and your mental powers by means of Christ Jesus. "" - Philippians 4: 6, 7.",happy
"Did she believe that the baby was born? Did she believe that the baby was born, or did she know that the baby was born?",angry
"There's another problem, and I've had to make some significant changes in my life.",angry
New York City's New York Times,happy
It's like a game that makes you think about the video you want to see.,angry
"And the sword shall not enter into the mouth of the lion, nor with the sword, nor with the sword, nor with the sword; nor with the sword, nor with the sword; nor with the sword, nor with the sword;",angry
"As soon as I was able to get to know the brothers and sisters in the area, there was no need for them to study the Bible with Jehovah's Witnesses.",happy
"I was born in New York City, the eldest of four children. I was born in New York City, U.S.A.",happy
Isn't it that people are listening to the music of the house?,angry
"Among other things, she was helped to become a regular pioneer, or full - time minister of Jehovah's Witnesses, as well as to support herself as a regular pioneer.",happy
We don't have enough money to do that unless we don't have enough time to do it.,angry
"In fact, in the United States, for example, an average of more than two million people die each year!",sad
It's dangerous to live without it.,sad
A survey conducted in the United States revealed that more than half of the people in the United States do not have the same rights as their peers.,sad
Whether or not to display the game,sad
How do we know that the Internet is good for us? We need to turn on the Internet in order to know what the Internet is going to do,happy
"At the lawyer's trial, the judge had the right to decide what to do.",angry
"The town of São Paulo, in the heart of the city of São Paulo, is a town in the heart of the city of São Paulo.",angry
How pleasant it is to see so many young ones coming into the truth!,happy
"It is said that the body's immune system is the most common cause of heart disease, heart disease, and death.",sad
"""The first time we're going to have a new day, we're going to have a new life together.",happy
"For example, in the city of São Paulo in the heart of St. Louis, U.S.A., a town some 3,000 miles [100 km] west of the city of São Paulo, lies the city of São Paulo.",angry
Do not wait until you have enough time to build a house,sad
(b) What questions will we consider in this article? (See opening picture.) (b) What will we consider in this article?,fear
"As of 2011, population of Maharashtra was formed in the state of Maharashtra. He was the head of the Maharashtra Empire of India and was the head of the Maharashtra Empire.",sad
There's no reason to be so many people here on here.,happy
"It is not surprising, however, that ancient history is not a history.",sad
Is used to notify that the image has changed,neutral
March is the first month of the year of the reign of Jesus Christ.,neutral
[ Picture Credit Line on page 2],neutral
"He says: ""I am so grateful to Jehovah for his help and for the many blessings he has given me.",happy
"The Court's president, president of the Watch Tower Bible and Tract Society of Pennsylvania, was appointed as a member of the Governing Body of Jehovah's Witnesses.",happy
There's a lot of ice cream in the kitchen and you're sleeping.,happy
"There is more to life than we don't know; we don't know, and we don't know what we don't know.",neutral
"The more you learn about Jehovah, the more you will learn about him, the more you will be able to draw closer to him and his Son, Jesus Christ. - John 5: 28, 29.",sad
"Keep your home clean, clean, and clean. Keep your clothes clean, clean, and clean.",neutral
"When he found out that his wife was pregnant, he asked her to come back home.",angry
Why was this so difficult?,fear
How do we know that the end of this wicked system of things is near?,fear
It is all too easy to get involved in the pursuit of wealth or power.,happy
"What a joy it is to be able to serve as a pioneer, or full - time Kingdom proclaimer!",neutral
"To learn more about the history of Jehovah's Witnesses, see the New World Translation of the Holy Scriptures in their own language, on jw.org, in their own language, in their own language, in their own language, and in their own tongue.",happy
The police have been accused of being a criminal.,angry
Dan wants to learn how to play the cello.,angry
""" If you're going to have a chicken, you're going to have it all again, and if you're going to have it, then you'll have it all again. """,happy
Those who have the hope of living forever on earth have the prospect of living forever on a paradise earth.,sad
How's home at home?,fear
"What a joy it will be to be able to be able to serve as a special pioneer, or full - time minister of Jehovah's Witnesses, as Jehovah's Witnesses were then known!",happy
"The New York Times of January 15, 2002, said: ""We now know that Jehovah's Witnesses will be happy to help you to learn the truth about God and his Son, Jesus Christ, in the new world of righteousness. """,neutral
The baby's birthday is going to be a birthday.,happy
"When it comes to the field ministry, however, you may need to take a closer look at your circumstances and ask yourself such questions as these: "" What would I do if I did not know what to change my life?",sad
Just think what your friends are doing,neutral
"But if your enemy weren't come near to you, he wouldn't open his mouth to you, that he wouldn't open his mouth to you.",angry
"And it shall come to pass, when they shall say unto her, It is done: let us take her, and let us take her, and let us take her, and see the name of the LORD by the name of her husband.",neutral
Do you ever feel tired?,fear
Let us take a closer look at each other's needs and see what they are able to do,happy
"▪ Be aware of your diet - such as your diet, your diet, your diet, your diet, and your diet",happy
"If you're not going to have enough money to live in a house, you'll have to make sure that you don't have enough money to have enough money. """,angry
And all the people of the land shall serve him: for all the people of the land shall serve him.,fear
Isn't this the case? Isn't this the case?,angry
So let's say I'm right.,neutral
"Death is in the midst of the world; behold, famine is in the midst of her. Death is in the midst of her. There is a famine in the land. There is a famine in the land.",angry
There's a door when I get up. There's something in my hand.,neutral
"And it shall come to pass, that, behold, it shall come to pass, that, when he hath gone forth from the face of the earth, he shall be cut off from the face of the earth.",fear
"The most famous city in the world, however, was the center of Solomon's reign.",happy
I'm still trying to learn the rules.,neutral
"At first, I didn't know what to do when I was three years old.",sad
"It does not belong to man who is walking even to direct his step. """,sad
"He shall enter into the villages of Judah, and set his feet on high, and his feet on high, and his feet on his feet.",sad
Make sure that you get the right answer,angry
"And they shall take away all the vessels thereof, and all the vessels thereof, and all the vessels thereof, and all the vessels thereof, and all the vessels thereof, and all the vessels thereof.",angry
? . . . .,neutral
"Have ye heard the words of this proverb? and the time of the end, the time of the end.",happy
- www.jw.org.,neutral
This is a banana.,neutral
"In China, for example, a number of children are raised by parents who are not one of Jehovah's Witnesses.",neutral
"Don't judge according to the rules, but judge according to the multitude of things which are written in your hearts.",neutral
For this is the fruit of the world: from whence is it to pass away?,angry
As told by Eaj Romaj Romago,happy
"In some lands, governmental authorities have set up laws and standards that are in conflict with God's will.",sad
Why do Jehovah's Witnesses stand out as different from the churches of Christendom?,angry
What was the theme of the program - What was the main purpose of the program - and what was the purpose of the program?,neutral
"For this cause a man will leave his father and mother, and will not leave his father and mother,",sad
"This is the inheritance of the children of Benjamin according to their families, an inheritance of the children of Benjamin according to their families.",angry
"By the end of the 19th century B.C.E., however, a new baby was born. A new baby is born into a new mother's womb.",happy
"It happened, when he had come into the land of Benjamin, that he took a stone, and set up a pillar in it.",sad
It's a sword in her hands.,angry
I am in a position to take care of my wife's emotional needs and care,angry
"The apostle Paul wrote: ""Do not be anxious over anything, but in everything by prayer and supplication along with thanksgiving let your petitions be made known to God; and the peace of God that excels all thought will guard your hearts and your mental powers by means of Christ Jesus. """,neutral
"I was assigned to serve as a circuit overseer, as full - time ministers of Jehovah's Witnesses were then called.",happy
"Is not this evidence that there are no books in the world? If so, how do we use them?",angry
An Earth - A Gift From the Son of God PAGE 29,happy
How sweet it is to have honey!,happy
"And if he will not do so, then his judgment shall be upon him, and his hand shall be upon him.",angry
"According to the World Health Organization, ""the world's population is about six million by the age of five and a half by 20 years of age, "" reports The Times of London.",neutral
"Unable to find a child's mother, I don't know.",neutral
"And I will not break God's name, neither will I worship any more: for I will be God's chosen One, and I will not worship any more.",angry
"(For fully formatted text, see publication)",angry
We're going to move our company! We're going to move our company!,happy
You're not even aware of what you're doing.,angry
The children of my own age were in the middle of the night.,sad
It's already good news,neutral
"My first circuit assembly at Yankee Stadium in New York City, U.S.A., was in Cedar Point, Ohio, U.S.A.",happy
"The Court's Court of Human Rights states: ""The right to freedom of religion and to the right to freedom of religion and to the right to freedom of religion. """,happy
"For example, in the city of São Paulo, a group of Jehovah's Witnesses called at our home and showed interest in the Bible's message.",happy
"In the 15th and 17th centuries C.E., it was believed that after the death of Christ's apostles, the holy spirit was poured out upon them by means of their own blood.",neutral
"It wasn't until the end of the second century C.E., however, it became clear that not everyone was in the race for life.",neutral
"The World Health Organization estimates that over half of the world's population, over half of those in the United States have been infected with HIV / AIDS.",sad
It is better to stay close to family members than to send a message to everyone in the community.,neutral
"At the time of the war, the police had to take action against us and our brothers and sisters.",angry
"That's true. """,neutral
My game is going well today.,neutral
The missionaries are blessed to have a share in the preaching work and in the disciple - making work,happy
"You cannot slave for God and for Riches; you cannot slave for Riches. "" - Ecclesiastes 12: 1.",angry
We have a sure hope for the future,angry
"In fact, it would be wise for us to avoid being overly concerned about how much time we spend in the ministry and how much time we spend in the ministry.",fear
I don't want to leave home alone.,sad
"The track will be replaced by a seven-day period of time. It will be designed to be used in this project and in it will be published by the Charitable Planning Office at the branch office of Jehovah's Witnesses in New York, U.S.A., at the branch office of Jehovah's Witnesses in New York City.",neutral
Something is wrong now.,neutral
Couldn't write a letter!,sad
"Shouldn't turn to the right hand or to the left, to the right hand, or to the left, or to the left.",angry
You were also born with your fathers. You were born with your fathers in the days of their youth.,happy
"People love to have love, and love to be at peace with all men.",sad
It's true that friendship is more important than friendship.,fear
It's a crime to live without the help of war.,sad
"I have loved you, and have loved you. Yes, I love you.",sad
"In some parts of the world, it is common for a man and a woman to have relations with each other before marriage.",fear
"Some years ago, a man who was studying the Bible with Jehovah's Witnesses began to study the Bible with Jehovah's Witnesses.",angry
"A man's work shall be as a wall, and his burden shall be as a wall, and his burden shall be as a wall.",angry
That's exactly what it's here.,angry
"For example, during World War II, the United States was ruled by a major power plant, the United States, the United States, the United States, the United States, the United States, the United States, the United States, the United States, the United States, and the United States.",fear
What a privilege it is to be a member of the Governing Body of Jehovah's Witnesses! What a privilege it is to be a member of the Governing Body of Jehovah's Witnesses!,happy
It's as hot as a bird.,neutral
And thou shalt not escape out of thy land in the day of thy destruction.,fear
It is the war of Armageddon that will end all mankind's suffering.,sad
You need to go to school every day.,happy
"During the first world war, Jehovah's Witnesses in all parts of the world were banned.",angry
"And the rest of the people that are in the land of Egypt, that go forth unto the name of the one that goeth up to the name of the other gods,",neutral
"Tell me, if you're going to leave here, then I'm going to move to the village.",sad
The car was on the roof of the roof.,neutral
Your own words are not good. Your own words are not good.,angry
But what if you are tempted to do something that you do not know is wrong?,neutral
"After a couple of days, I was invited to serve at the world headquarters of Jehovah's Witnesses in Brooklyn, New York, U.S.A., for the first time I visited the branch office of Jehovah's Witnesses in Brooklyn, New York.",neutral
What a contrast there was between the early Christians and Jehovah's Witnesses!,happy
I want to know how to deal with this problem. I want to know how to deal with this problem.,angry
Indian Air Forces,happy
What a fine example for us to follow! What a contrast there was between Jesus and Moses ' early followers!,happy
What a joy it is to be able to help such people to learn about Jehovah!,happy
"How was it covered, and what effect did it have on the water?",happy
"If there is no water for food, water should be taken",neutral
Consider the following questions:,sad
He is not slow to anger; he is patient with the lowly one,neutral
I thought you were going to quit.,neutral
"What happens, though, when World War I broke out?",angry
"In the late 19th century, a group of anointed Christians began to gather together for the Memorial of Christ's death on Nisan 14, 33 C.E.",neutral
"And the rest of the children of Israel, the rest of the children of Israel, were two thousand and five hundred and fifty.",angry
"For as the head of the child is a son, so the heart of the son of man is a son; but as for the son of man, he will call the son of man.",angry
"In the United States, for example, more than half of the people in the United States have been studying the Bible with Jehovah's Witnesses!",happy
The members of the family are these: every member of the family is an inheritance of the tribe of the tribe of Dan.,sad
But how long would the end of the 20th century take place after the end of World War I?,neutral
"What, though, if there is a difference between the law and the law?",angry
For a man is like a man who is in want of heart like a man who is in want of heart;,sad
"One of Jehovah's Witnesses in Germany, a member of the Bethel family, reportedly said: ""I believe in God because I love him, but I don't want to be one of Jehovah's Witnesses. """,sad
"How did Paul show that he was willing to wait, and what can we learn from this?",sad
What an Overview of the power of God's Word!,sad
"In the United States, the number of people who live in the United States and in the United States will be limited to the number of people who live in the United States and other countries.",angry
"▪ ""Among the most powerful forces in the world, "" states The World Book Encyclopedia.",sad
"The next day, it was time for him to go to the hospital.",neutral
It isn't broken. It's already broken. It's already broken.,sad
Have you ever wondered what the future will be for you?,neutral
"The paper states: ""The majority of the people in the United States thought that it would be better for them to have a good time and place. """,neutral
The question answered a question,neutral
"I don't want to be like my sister, but I want to stay with her.",sad
The truth is that truth is based on truth.,neutral
It is a joy to see how Jehovah has blessed us in the ministry.,happy
"In fact, the Bible says that ""the heart is more treacherous than anything else and is desperate. """,happy
"And thou shalt have meat in thine house, and thou shalt have meat in thine hand: thou shalt have meat in thine hand, and thou shalt have nothing left in thine hand.",neutral
"© Bret: From the book The Secret of Family Happiness, see The Watchtower, May 15, 1999, pages 8 - 12, published by Jehovah's Witnesses.",sad
Long live the rose!,happy
The simple fact that we were living in is that we did not know what to say or do.,sad
"Later, we were invited to serve at the branch office of Jehovah's Witnesses in Brooklyn, New York, U.S.A.",angry
How high does the train raise?,neutral
"It is said that by the end of the century, there would be a need for more workers to preach the good news of God's Kingdom and to make disciples of people of all the nations.",happy
"This is the gift of God, which is revealed in the law of a man, and in the law of a man, and in the law of his father, and in the law of his father, and in the law of his mother, and in the law of his father, and in the law of his mother.",sad
"No, this isn't the case.",sad
The chocolate was so fat that it was hot.,neutral
"If you are a parent, do not hesitate to ask yourself such questions as these: "" Do I set aside time to read God's Word and meditate on what it says?",angry
"And it shall come to pass, when they shall hear that the LORD hath given them rest from all their enemies, that they shall be carried to Assyria:",fear
"You have read the entire book, and now you have read it.",neutral
Nothing Can Be Learned,neutral
"Now is the time to stay awake and keep on the watch. "" Keep on the watch, for you do not know when the master of the house is coming.",fear
You have no idea what your life was like,neutral
What a joy it is to be able to serve as a member of the Governing Body of Jehovah's Witnesses! What a joy it is to be able to serve as a member of the Governing Body of Jehovah's Witnesses!,happy
What's your new gift?,happy
"The children of São Paulo, the children of São Paulo, were very interested in what they had learned from the Bible.",angry
"According to a study conducted by the United Nations Children's Children's Health Organization, ""the number of patients has increased by 20 percent in the past 20 years and has increased by 20 percent by 20 percent. """,neutral
This may be done by a doctor or by a member of the opposite sex.,angry
Tom and his wife are members of the same family.,angry
India - U.S.A.,sad
"The apostle Paul wrote: ""Let each one prove what his own work is, and then he will have cause for exultation in regard to himself alone, and not in comparison with the other person. """,neutral
"As a result, we were able to care for the needs of our own family. """,sad
"And they cast stones into the midst of the furnace, and cast them into the midst of the furnace.",angry
"In the United States, it is said that it is said that it was ""the most common cause of the deaths in the world. """,happy
"As a result, the world's population is growing, and its population is increasing.",angry
You didn't listen to my speech.,angry
"What a joy it has been to see the small group of deaf people living on the island of São Paulo, where there was a great need for Kingdom publishers!",sad
"Don't you trust in anyone or anything else? If you want to be a friend of the world, shouldn't you be a teacher of the world?",angry
The United States gained independence from the United States.,angry
"Let us never lose sight of the fact that we are living in ""the last days "" of this wicked system of things! - 2 Timothy 3: 1 - 5.",neutral
May I write a novel?,angry
"The Bible says: ""[Jehovah] will wipe out every tear from their eyes, and death will be no more, neither will mourning nor outcry nor pain be anymore. The former things have passed away....",neutral
There's another gun in the brother's hand.,neutral
%s will be broken in %s in %s.,neutral
"Who is the king's friend? Who is the captain of the guard, and what kind of man is he?",happy
Don't take your children with you if you don't agree with them,fear
The Truth About God,neutral
You are responsible for what you have seen and heard,happy
"When we face problems, we need to pray for Jehovah's help so that we can continue to do his will.",sad
""" It wasn't all that we were looking for, "" says David. "" It wasn't all that we were wearing....",angry
"What is the source of such information, and why is it so effective?",neutral
"How could it be otherwise? Well, how could it be otherwise?",angry
I'm not sure whether it will be wrong or not,angry
"After all, the Bible says that ""he that is walking with wise persons will become wise, but he that is having dealings with the stupid ones will fare badly. """,fear
This room is closed all the time.,happy
"Be aware of your health condition, your health, your health, your health, your health, your health, your health, your health, your health, your health, your health, your health, your health, your health, your health, your health, your health, your health, your health, your health, your health, your health, your health, your health, your health, and your health.",happy
"A time to cast away, and a time to gather together; a time to keep quiet, and a time to speak;",angry
"As a result, our family grew to love the Bible, which made it possible for us to get to know one another and to become a part of our family.",happy
"And his host, and those that were numbered of them, were an hundred and fifty and seven thousand and five hundred.",happy
"He adds: ""I am very grateful that my wife and I did our best to help our children learn about Jehovah and his purposes. """,fear
"When I was a child, I began to study the Bible with Jehovah's Witnesses.",angry
"But there was a little girl in the house, and she came down to the roof of the house by the way, and she sat down in the field by the way.",sad
Will you use this sentence again?,neutral
I want to be a nurse when I grow up.,neutral
"It's hard to imagine how you would feel if you didn't know what you were going to say. """,happy
"For example, notice what the Bible says about money:",happy
"And it came to pass, when the east wind was not full, that the east wind rent them out, and the east wind rent them not;",angry
"With my first child, I was convinced that I had found the best way to get the best out of my life.",happy
Yours is the greatest of all the families of the earth. The greatest of all the families of the peoples is yours.,happy
"The sound of the trumpet, the sound of the trumpet, the sound of the trumpet, the sound of the trumpet, and the sound of the trumpet.",happy
"Listen, listen to your mother!",happy
There's nothing else to do,sad
"▪ If you are reading with a child, the dash provides a reminder to pause and encourage the child to express himself.",fear
""" Be careful that you don't have to sit in on your left side with your left hand or left in the left hand of the brother or sister. """,happy
"As soon as the house was on fire, there was a strong fire on the wall.",angry
It's just about an hour's third hour.,sad
"When he was in his late teens or early 20 ' s, he was in a position to care for his family's spiritual needs.",happy
The most powerful government in the world is the largest country in the world.,sad
"How can we show that we love Jehovah with our whole heart, soul, mind, and strength?",fear
"Be of good courage, my brothers. Be of good courage, that you may be able to stand firm.",happy
The birth of Christ is the beginning of a new world,sad
"It's hard to find a job, but it's hard to find a job.",sad
"As told by Davidl himself, Jehovah's Witnesses have always been very active in the field ministry.",neutral
""" It's a good idea to read the Bible every day, "" she says, ""but it's a real joy to know that Jehovah's Witnesses are part of their worldwide brotherhood. """,neutral
"The children of Hamel, the children of Hamel, the children of Pahar, the children of Paharim,",angry
What a joy it is to serve in a foreign - language field!,happy
"Your works are wonderful, as my soul is very well aware. "" - Psalm 139: 14.",sad
"Hear, my beloved, and be like unto them; and be like unto them that have ears, and feet that have ears, and feet that hear;",happy
"And it came to pass, when I heard these things, that I said,",angry
"By the time I was five years old, my father was an alcoholic, and I was born into a small family in the city of São Paulo.",happy
No doubt you will agree that the best way to learn about Jehovah is to seek first the Kingdom and his righteousness. - Matthew 6: 33.,sad
They don't have any power over their mouth.,neutral
I'm not sure what I'm saying. Isn't this what I'm saying?,angry
"Among other things, Jehovah's Witnesses do this by their own standards of right and wrong, good or bad, right or wrong: Jehovah's Witnesses regard such individuals as those of their own race, ethnic background, religion, or religion.",fear
Why do you think there is a world without war?,neutral
Was this a good idea?,angry
"Starting the New World Translation of the Holy Scriptures, The New World Translation of the Christian Greek Scriptures, The New World Translation of the Holy Scriptures, released in six months.",happy
I don't feel like crying.,neutral
"According to the World Health Organization, more than half of the people in the United States have been killed in the past 30 years.",fear
"Now these things are written in the book of life, that the wise may be able to make a wise name, and that there may be no king or ruler over them.",happy
"And of the Levites, by the house of their fathers, and by the house of their gods, and by every gate of their lands, and by every gate of their lands.",happy
"What a contrast there was between right and wrong, between right and wrong, between right and wrong, between right and wrong, between right and wrong, between right and wrong, between right and wrong, between right and wrong, between right and wrong.",angry
That's what's right.,neutral
"In the United States, for example, a survey conducted by Jehovah's Witnesses in the United States revealed that more than 30 percent of the people in the United States had been killed in World War II during World War II.",neutral
Maharashtra state of Maharashtra and Maharashtra,happy
English doesn't seem to be the language of the country.,neutral
[ Picture Credit Line on page 2],happy
"If we are open - minded, we should listen carefully to what we say.",sad
"The village is home to more than 200,000 people every year.",neutral
"Woe unto you, scribes and Pharisees, hypocrites! when ye eat, ye eat.",angry
Your grandfather was king over the house of your father.,neutral
Next month,happy
"In other words, if we want to improve the quality of our prayers, we must be careful not to let our Yes mean Yes or No.",happy
My friend didn't apologize.,neutral
This display shows how new devices have changed.,neutral
Is used to notify that the command has been changed,angry
"No, India has won't go to India.",sad
The battle of Armageddon is not an attack on God's people,fear
You must believe that you have the truth.,neutral
"If so, you may find that it is wise to wait until the end of this wicked system of things and to wait until the end of this wicked system of things.",neutral
How are you all so different?,sad
The wise man is known to have a good knowledge of the Bible.,angry
"(For fully formatted text, see publication)",fear
Then let us turn to Jehovah in prayer and ask him for help so that we can continue to do his will.,sad
We couldn't get to the party until late.,sad
Isn't it worth the effort?,angry
It's fun to work.,happy
It's better to be a good friend than to be a close friend than to be a close friend,happy
"I was born into a poor family and grew up in a poor family. As a result, I grew up in a family of Jehovah's Witnesses.",sad
I'm so glad you were with me. You didn't look at me.,sad
"It's a real joy to know your parents well. """,angry
It is only natural to say that it is wrong for people to be born with a sense of right and wrong.,angry
Why is it important to have a balanced view of money?,sad
Happy birthday is the birthday!,happy
That story is very simple.,neutral
"In the United States, for example, a number of people with whom we studied the Bible have been helped to learn how to apply Bible principles in their lives.",neutral
Thank you very much.,happy
There is no reason to be overly concerned about the future,sad
"When he was five years old, he began to study the Bible with Jehovah's Witnesses and was soon baptized as one of Jehovah's Witnesses.",sad
"It tells us that all of us should ""go on walking in wisdom toward those on the surface of the earth. """,neutral
"If they eat of the fruit of the land, they shall eat of the fruit of the land: if they eat, they shall eat of the fruit of the land.",sad
"And this was the greatest commandment in the law, Thou shalt love thy neighbour as thyself, thou shalt love thy neighbour as thyself.",happy
"Don't trust in him, and don't trust him, but in all that he says,",happy
Aaron and his sons were preserved alive through the Red Sea.,angry
"There is no need to be overly concerned about the culture, culture, culture, language, tribe, tribe, tribe, tribe, tribe, tribe, tribe, tribe, tribe, tribe, tribe, tribe, tribe, tongue, tongue, language, language, language, language, language, language, language, and tongue.",angry
"At the World War II, after World War II, World War II broke out in Europe, Europe, and the United States.",fear
What happened next?,neutral
"He's on the left, and he's on the left.",happy
"A baby is born with a mother's name, and the mother's name is mentioned in the Bible book of Genesis, published by the Watchtower Bible and Tract Society of New York, Inc., published by the Watchtower Bible and Tract Society of New York, Inc., published by the Watchtower Bible and Tract Society of New York, Inc., published by Jehovah's Witnesses.",happy
There is nothing wrong with being overly critical of others,sad
You can't walk through the ladder without running. You can't even walk on the floor.,angry
"Each day, there were more than six million people in this country!",happy
"But you will be like the captain of the guard, like the rest of the people who go down to the battle.",sad
"And the children of Israel took their daughters out of the land of Egypt, and gave their daughters unto their sons, that they should bring up their daughters unto my flock: for they were my sons born unto them.",happy
[ Picture Credit Line on page 2],happy
"You are happy, but you are happy.",neutral
Do you live in Mumbai?,neutral
"And it came to pass, when they had made an end of speaking unto him, that they said, This is the thing which the LORD hath commanded us.",neutral
The words of his mouth are true; and the counsel of his mouth is right.,fear
"In his final letter to the Romans, he wrote: ""Do not be anxious over anything, but in everything by prayer and supplication along with thanksgiving let your petitions be made known to God; and the peace of God that excels all thought will guard your hearts and your mental powers by means of Christ Jesus. "" - Philippians 4: 6, 7.",fear
"By the end of the second century B.C.E., the city's capital city had become the center of the ancient world and had become the center of the Promised Land.",angry
Need to get %s in %s,angry
"Look under BIBLE TEACHINGS > BIBLE QUESTIONS ANSWERED: ""Be obedient to those who are taking the lead among you and be submissive, for they are keeping watch over your souls as those who will render an account; that they may do this with joy and not with sighing, for this would be damaging to you. """,happy
"My eyes shall see thee, and my feet shall behold thee; and thy ears shall see me.",angry
You have to leave the village before you go to the Kingdom Hall.,fear
"And there is not a woman in the house which is not with her in the house, but one man with her in the house.",angry
The hope of living forever on a paradise earth is sure to be fulfilled.,sad
Don't hit your son!,angry
"It's hard to understand, and it's hard to understand. It's hard to understand, but it's hard to understand.",angry
Thanks to your new screens.,happy
"And it shall come to pass, when thou art past, that thou shalt not be able to do all that is written in the book of the law of Moses, neither shalt thou set thine heart upon thy brethren.",angry
Is that really the best way to live? - Eccl.,neutral
"And when he was come near unto mine own house, then he sent unto his servant,",sad
"If he doesn't want to be sick, he may be hungry, but if he doesn't have any food, he doesn't have to be sick.",neutral
It is like looking into a mirror when it is made available,angry
"But this is why I say to you, That everyone that keeps on looking at a woman so as to have a passion for her has already committed adultery with her in his heart.",angry
The police have taken the children to the police station at each other's police station.,angry
"But we believe that, if we believe, we will believe, and if we believe, we will see the salvation of our Lord Jesus Christ.",happy
I was assigned to work in the Service Department and was assigned to work in the Service Department.,happy
""" If you don't have anything to eat, you can't have something to eat. """,neutral
Long live the fight!,happy
"On the other hand, we are sure to answer the question.",happy
What a joy it will be to be able to help more people to learn more about God's purpose for the earth!,neutral
"Behold, a woman's husband is in the midst of her, in the midst of her. Her nakedness are in the midst of her, and she is in the midst of her.",angry
You're already in prison today,sad
"The Supreme Court of Human Rights has ruled that ""the Court has a right to do with the right to freedom of religion and the right to freedom of religion. """,angry
""" I couldn't believe what I was reading, "" she says.",neutral
"This does not mean, however, that there is no need to be overly concerned about Kingdom interests.",angry
"What can we learn from the example of Abraham, Isaac, Jacob, and Joseph?",sad
"After the war, we were released",sad
It is believed that there are more than seven million people in the world during the next two decades.,angry
Today's economy is going to be the longest year in the history of Jehovah's Witnesses.,fear
Happy birthday!,happy
Show brotherly love in the ministry,happy
[ Blurb on page 25],angry
We were able to get out of the village.,sad
"Among these are the cities of refuge and of security, the cities of refuge, and the cities of refuge.",angry
It's the third time we're going to have to go to the theater.,angry
Communist Party of Nepal,neutral
The music of this song is very beautiful.,neutral
%s: New Group %s; version %s: %s,neutral
"Was this the case, or was it the case?",fear
Church authorities in Quebec refused to put up with one of Jehovah's Witnesses,sad
Young people in India face the challenge of being a victim of violence,angry
"I am like a man with his whole heart, like a man with his whole soul.",happy
""" A calm heart is the life of the fleshly eye, "" says the Bible.",neutral
There is no road to the bus to get to the bus,angry
"The great day of Jehovah is near. It is near, and there is a hurrying of it very much. """,angry
This game will likely be delivered if you like it.,angry
"There is nothing worse than that which is left, than that which is done under the sun.",angry
"Don't let me get up from the train station.""",sad
If you don't want to tell this!,neutral
"Is that a strange name, or is it called ""Jehovah of armies? """,fear
"The leaves of the tree are small, but the leaves are small.",sad
COVER: A pioneer couple witness to a large group of young people on the island of São Paulo in the United States.,happy
%s in %s,fear
Where is this flower located?,neutral
Try to see yourself through the eye.,sad
Therefore will I judge thee according to the judgment of thine enemies: and I will judge thee according to the judgment of thine enemies.,angry
"In the United States, for example, one third of the population of the world's world's largest number of people died as a result of the war.",sad
Couldn't find out if you don't know what to do,angry
Why were they unable to attend such an assembly?,neutral
"And it came to pass, as soon as they were gone out, behold, there was a cry in his mouth.",angry
It's already Monday.,neutral
"Tell your father, Behold, your father and your mother!",angry
They have to be willing to forgive each other.,neutral
"Happy are those who have been persecuted for righteousness ' sake, since the kingdom of the heavens belongs to them.",happy
"In the United States, the number of people living in lands where there is a great need for Kingdom preachers was more than 10 percent of all in the United States!",happy
"You are in a sense called ""the father of this world, "" because you were created in God's image; because, as it were, you created in God's image, that you created all things; and because of your will they existed and were created....",angry
"If you do these things, you will be able to save your family's lives.",neutral
Why was it so important to have Jehovah as their share?,sad
It is said that he is in the middle of the night.,angry
[ Picture Credit Line on page 15],happy
How much better it is to run with one another in the way of righteousness! How much better it is to run after one's own desires!,sad
Thank you very much for being a source of encouragement to me.,happy
"According to the United Nations Children's Children's Fund, the number of youths has increased by 20 percent.",happy
"If a house be divided against itself, and a house be divided against itself;",angry
The police knew that the police were Jehovah's Witnesses,angry
Holy Spirit's Role in God's Purpose,happy
"The men who were sent to the king were called to the king's house, and his officers were called on to take him.",happy
""" It isn't just yours, "" you say. "" You don't want to be rich; you don't know what you want to be.",angry
"God's Kingdom is a real government, a government, a government, a government, a government, and a government that rules the affairs of the country.",angry
"James says: ""Each one is tried by being drawn out and enticed by his own desire.",angry
It's a crime to see a police station,angry
"The next time you are with your children, the next time you talk with them or write to the publishers of this magazine, ask yourself: "" What do I want to do with my life?",neutral
You've ever lost.,neutral
"And it came to pass, when he was come into the house of his father, that his servants came out of the field to meet him,",angry
the son of I will make a covenant with you.,happy
The letter has been found again.,sad
He's so sex that you're so sex with him.,neutral
Do you want to eat too much?,angry
There is nothing in the world that isn't in the world.,sad
"A study conducted by the United Nations Children's Health Organization revealed that ""more than half of the people with whom we studied the Bible have been affected by the use of modern technology. """,happy
"Brazil is the most beautiful country in the world, but it is very beautiful.",neutral
An'sty's impression of a head-in-law relationship,happy
Does it really matter whether it is time to wait for the end to come?,neutral
But he shall be delivered out of the hand of the wicked: he shall be delivered out of the hand of the workers of iniquity.,sad
""" Each of us will render an account for himself to God.""",neutral
"They said, ""He who is called, 'No;' but he who is called by his name,'",neutral
The shield of faith - the shield of faith - is a shield that protects us against Satan's attacks,happy
"They call attention to the words of Jesus Christ: ""You are the ones that have stuck with me in my trials; and I make a covenant with you, just as my Father has made a covenant with me, for a kingdom, that you may eat and drink at my table in my kingdom, and sit on thrones to judge the twelve tribes of Israel. """,angry
India - India,happy
There are approximately 200 people in the world who live in different parts of the world.,angry
A person who is honest does not want to be harsh or self - centered.,happy
They are good teachers.,sad
"At first, we may find it hard to believe that he had been raised from the dead.",angry
"You are my dear one, my beloved one, in the midst of you; and in the midst of you have I kept you from the day of distress.",happy
"Your little ones, our little ones, are in the midst of the mountains, like the young lions in the grass of the forest.",fear
It is based on your actions.,neutral
They will be able to live in perfect health forever on a paradise earth.,neutral
Don't judge according to the rules.,angry
"During the 20th century, Jehovah's Witnesses were banned during World War II during World War II when the Great War II broke out in Nazi Germany.",neutral
We were not sure that we would never get our new assignment back home again.,angry
"And the first fruits of the land shall be like the first fruits of the field: in the second, like the first, they shall be like the first, like the first, like the first, like the first, like the first, like the Last.",happy
"My favorite music is good for me, but my favorite music is good.",happy
"As a result, a baby can fall asleep in a deep sleep.",sad
"The next time you go to bed, you'll go to the hospital, and you're going to have a ride to the hospital.",fear
"The city's capital city was the capital city of the kingdom of Israel, and the capital of the kingdom of Judah was a center of pure worship.",fear
See if you don't know the answer to this question,neutral
The United States is now home to the United States.,sad
"And when they were gone out into the air, they spake one to another, saying,",angry
"Take heed, for example, the words of the psalmist: ""Do not put your trust in nobles, nor in the son of earthling man, to whom no salvation belongs.",fear
"The letter was written by the branch office of Jehovah's Witnesses, and it was read from My Book of Bible Stories.",angry
"I am going to make a helper for him, as a complement of him. ' """,sad
"And, of course, there will be an average of more than half an million free life - style!",happy
"No, it doesn't live without love, and doesn't hate it!",happy
"The needy will not enter in to the house of the poor, nor will they walk in darkness in the way of life.",happy
The Turkish singer was a singer who used to play the piano to play the piano.,angry
Let us consider how we can use our gift of free will to make sure that our gift of free will is acceptable to God.,sad
Our place in the Kingdom - preaching and disciple - making work is an expression of our love for God.,happy
Maharashtra state of Maharashtra state of Maharashtra state of India,neutral
That's true.,neutral
"And they went up to the brook of Egypt, and stood upon the top of the mountain which is toward the east.",angry
The road to the city is like a road that is full of problems. It's like a road that is full of problems.,neutral
Do you think you're going to have a baby?,angry
Did the gods of the time set their hearts to seek favor with the gods of the peoples of the lands of the world?,angry
"Despite the time of the end, decades have passed since Satan's world began its attack on Jehovah's servants in our time.",neutral
(a) How does light reflect light on the face of darkness? (b) What is the source of light?,neutral
"The wise king says: ""I have come to know that there is nothing better for them than to rejoice and to do good during one's life; and also that every man should eat and indeed drink and see good for all his hard work. """,angry
Would you like to sit down with your feet?,happy
"In the first century C.E., the apostle Paul wrote: ""Let us consider one another to incite to love and fine works, not forsaking the gathering of ourselves together, as some have the custom, but encouraging one another, and all the more so as you behold the day drawing near. """,happy
"Isn't it that you have heard the word of your father who is in the north country? Behold, your father is a messenger of the LORD.",angry
There's a hole in the bag.,neutral
"Moreover, there is no need to speak languages other than English.",angry
"You will see that in the next article, we will examine some of the ways in which we can imitate Jehovah's goodness.",happy
"After a few months, I was appointed as a circuit overseer and then a member of the Bethel family. After that, I was appointed as a circuit overseer.",neutral
"And, behold, he had a servant, whose name was Sheba, a mighty man of valor.",angry
New Year's New York Times,happy
It was so dark that I couldn't believe it.,sad
This is my first time in life. It's the first time I've been able to write down my first love for Jehovah.,happy
Keep talking about your loved ones,happy
Is it broken?,neutral
"In the first century C.E., the apostle Paul wrote: ""Let us consider one another to incite to love and fine works, not forsaking the gathering of ourselves together, as some have the custom, but encouraging one another, and all the more so as you behold the day drawing near. """,happy
"The sun sets by the way way, and the moon goes down by the way side by the way side.",angry
"As it is written in the book of Revelation, so is my confidence in this:",angry
Don't go out of the way.,angry
What a joy it is to be able to preach in all parts of the country where there is a great need for Kingdom preachers!,sad
"Happy Are Those Taking the Lead in the Full - Time Ministry, May",happy
India has a long history of violence,fear
"I would sing a song every day, and I would sing songs of praise to Jehovah.",happy
"Don't be afraid of the police, nor of the rich man, nor of the rich, nor of the poor, nor of the blind, nor of the blind, nor of the lame, nor of the blind, nor of the blind, nor of the lame, nor of the blind, nor of the lame, nor of the blind;",happy
He's going to use it.,neutral
It is important to ask questions,neutral
"It is estimated that by the year 100 C.E., the Roman Empire had become the world's largest city in the world.",angry
"His father's health is not yet over. He is now in his mid - 80 ' s, and he is now in his mid - 80 ' s.",neutral
"Behold, this is the last day of the week! Behold, it is time to build a new tabernacle, a tabernacle, a tabernacle, a tabernacle, a tabernacle, a tabernacle, a tabernacle, and a tabernacle.",happy
The video is about to be read.,neutral
Do they have the strength and courage needed to endure in this system of things?,angry
"As a result, the doctor was able to care for the baby as well as for the child.",sad
""" You must not make for yourselves a mention of the name of Jehovah your God so as not to keep his commandments and his statutes and his judicial decisions and his statutes that I am commanding you today; and you must not eat from every tree of the garden and from every tree of the garden, for I am going to call you by your name, and I will give you the land, and I will give you the land, that you may not forget your name. "" - Micah 4: 4.",fear
I am very grateful to Jehovah that I have been taking part in this work for so many years.,happy
"An article in The Times of London stated: ""The problem is that the heart is more open to the patient than to the patient. """,fear
Don't be wise in your own eyes. Don't be wise in your own eyes.,angry
Is used to notify that the image has changed,angry
There's a hole in the eye's eye in the eye's eye.,sad
What a contrast there is between those who do not share our faith and those who do not share our faith!,neutral
And all the cities that are called by the name of the LORD shall be blessed.,neutral
How many people were sleeping on time?,neutral
"Don't look at the sky without your eyes. Look, there's no eyes to see.",angry
"And it came to pass, when the Jews which were in the king's gate heard that it was not the king's, that they cried out with a loud voice,",happy
"In the United States, for example, a high school teacher in the United States began to study the Bible with Jehovah's Witnesses.",neutral
They will be able to find out when it is time to wait!,sad
I've always been listening to the radio all day. I'm going to the radio station to see the next day.,sad
"And it came to pass, when he had made an end of speaking all these words unto his father, that he rent his clothes.",fear
"for the first, for the last, and the last; and the last, and the last, and the last.",angry
Happy birthday is the birthday of my birthday.,happy
Currency,happy
Musical music was used in music.,happy
What a contrast there is between the seventh head of the beast and the seventh head of the beast!,neutral
"And it came to pass, that, when Jacob was old, his sons were not with him.",angry
The fire has gone out of your house. The fire has consumed your eyes.,angry
"In some places, the Kingdom Hall has been built in an area where there is a great need for Kingdom publishers.",happy
It's not music. It's a sword.,neutral
My brother's father was a member of the U.S. president of the United States Branch Committee of the Communist Party of India.,happy
List of villages in India,neutral
"Happy are those with you from the hill of Ephraim, from the hill of the daughter of Zion to the house of our father!",happy
This is for me.,neutral
Each member of the Governing Body has a own assignment.,sad
"As a result, the number of people living in different parts of the world has increased by over 40 percent.",angry
"As a parent, you have to make time to read and study the Bible and Bible - based publications with your children.",neutral
"In some countries it is common for a mother to have a baby, but in others it is common for the baby to have a baby.",happy
I was cast out of the deep into the midst of the sea.,sad
"If you are a parent, you may find that your child's first reaction is to play a role in the development of your child's brain.",happy
"We believe that the dead are conscious of nothing at all, but we believe that they will live forever on a paradise earth.",happy
"Love is a gift from God, but love builds up. It is a perfect bond of union.",happy
My older brothers and sisters are a source of encouragement to me,happy
What a privilege it was to serve as a member of the Governing Body of Jehovah's Witnesses!,happy
"In time, he became a regular pioneer, or full - time minister of Jehovah's Witnesses, as Jehovah's Witnesses were then called.",happy
"[ Picture Credit Line on page 2] See the article ""The Bible's Viewpoints - How Can You Make Real Friends?, "" in the June 2011 issue of Awake! published by Jehovah's Witnesses.",angry
With my first year of marriage in October 1957,happy
They just started saying something.,sad
Year of the Year for Christmas,happy
"As told by Joshua, ""the heart of the righteous one meditates so as to answer. """,happy
What a joy it is to be able to be able to understand the meaning of those words!,angry
Do you want to sing in Berber?,angry
"It will not return to me without results, but it will certainly do that in which I have delighted, and it will have certain success in that for which I have sent it. """,sad
"You shall not die of the power of the lion, neither shall you be saved from the hand of the lion, nor from the lion's mouth.",angry
You live in a world where corruption is common in many parts of the world.,angry
"As a result, you will be able to help more people understand the Bible. You will be able to learn more about God's purpose for the earth and how you can benefit from it.",angry
The police attacked the police.,fear
"In time, however, his relationship with his heavenly Father and with his Father became stronger.",angry
Thank you for reading this article.,happy
I didn't know what to do first.,sad
Thank you for this article.,happy
"In the United States, for example, a survey conducted by the World Health Organization found that more than 70 percent of those who attended the Memorial of Christ's death had died as a result of the death of their loved ones.",neutral
Asa's son Jehoshaphat did not begin to rule as king,happy
"Despite all of this, I have learned to rely on Jehovah and not on myself. "" - Philippians 4: 8.",angry
"As soon as they finished their earthly course, they began to attend the meetings of Jehovah's Witnesses held at the Kingdom Hall of Jehovah's Witnesses in Cedar Point, Ohio, U.S.A.",angry
They may want to leave the country after a few months.,neutral
The tea doesn't eat too much.,angry
"And it shall come to pass, that, when they be come into the land, they shall not go up into the land which I gave them.",angry
"Behold, thou shalt not go up to the gates of this city; for the days of thy going out of it are at hand.",angry
This program contains changes that have not been submitted. Please wait until you have enough free space.,sad
"Telling the crowd that he is coming, he is coming to you.",angry
"In the 16th century B.C.E., the patriarch Abraham, the first king of ancient Egypt, was called ""the father of all those having faith. """,happy
"God's name appears some 7,000 times in the Bible.",angry
"Does this mean, though, that there is no Scriptural basis for such an oath?",angry
"In the United States, according to the World Health Organization, more than 1 percent of the people in the United States have been infected with this disease.",fear
"And it came to pass, when he was old and gray, that he took his father's flock out of the hand of Pharaoh's sons.",neutral
"In fact, the number of Kingdom publishers in this area has increased by more than half the number of Kingdom publishers each year.",angry
"In fact, in the United States, a number of students are now studying the Bible with Jehovah's Witnesses.",happy
"(For fully formatted text, see publication) For fully formatted text, see publication of the book Knowledge That Leads to Everlasting Life, published by the Watchtower Bible and Tract Society of New York, Inc.",neutral
"Not only is it a game but it is also a game that makes it possible for children to enjoy the company of friends and family, friends, and friends.",sad
"You can be sure that the next time you are going to move to this area, you will be too late.",fear
What a privilege it is to be one of Jehovah's Witnesses!,neutral
She doesn't know how to walk.,sad
The New York Times of January 2012 was released on Sunday.,happy
And there shall be a famine in the land; and there shall be no famine in the land: for there shall be no famine in the land.,sad
"If you are a mother, go to her father's home.",angry
You have seen my father's face in the belly of his mother's womb.,angry
A baby's baby is born,happy
Ah! We're going to have a baby!,happy
"For you are no part of the world, but we are no part of the world.",angry
The Soviet Union has failed!,angry
There is nothing better for a man than that he should eat his old things.,sad
All those who contribute to the work of the Lord have a good effect on those who are working hard.,happy
"The following year, we received a letter from Brother Knorr from Brooklyn Bethel, then president of the Watch Tower Bible and Tract Society of Pennsylvania, then president of the Watch Tower Bible and Tract Society of Pennsylvania.",happy
Is there any tea in my coffee?,angry
"In many lands, divorce is a matter of whether a marriage mate is married or not.",neutral
"You shall also take for yourself an harlot, you shall take for yourselves an ass for a prostitute, for a prostitute, and for a prostitute: so you shall make for yourselves a prostitute, and a prostitute shall eat of it.",fear
Unable to find a solution to the problem,neutral
"We're going to have a baby, and we're going to have a baby.",neutral
I just told you everything.,neutral
What a joy it was to be able to help such people to learn about Jehovah and his purposes!,fear
What about kingly rule? What about kingly rule?,neutral
And the glory of the glory of our God was three hundred and fifty thousand and five hundred!,happy
"Let us now see what we can learn about the marvelous future that those who will rule with Christ in heaven will see. "" - 2 Cor.",happy
"Not long after the convention, we were invited to serve at the branch office of Jehovah's Witnesses in Brooklyn, New York, U.S.A.",sad
The elders take the lead in the congregation,happy
"After a few weeks, we returned to the United States, where we were assigned to serve in the traveling work.",fear
What do you think of her? How do you know that she is your brother?,angry
"According to a survey carried out in the United States, about 1 out of every 5 people in the United States, about 1 out of every 3 people in the United States, only 1 out of every 6 people in the world's largest city, the highest number of people in the United States, over half of the world's population, are at least 15 percent of the population of the world's population.",neutral
"(For fully formatted text, see publication)",neutral
"So let's talk about the dangers of playing video games, such as watching television, playing video games, or playing video games",angry
Do not try to move others to do what is right,angry
"The police found no way out of the police, and the police found no place in the police.",angry
Have you ever been to the wrong place?,angry
But it is not always easy to see how easy it is to give up in doing what is fine!,happy
There's a hole in this hole.,neutral
"On his right hand, he was a member of the United States Branch Committee of the Communist Party of India. He was a member of the United States Branch Committee of the Communist Party of India. He was elected as a member of the Governing Body of Jehovah's Witnesses.",happy
"And it shall come to pass, that in the third watch of the night, there shall be an appointed time, a time, and a time to speak.",neutral
"And all those that were wise in heart, and those that were wise in heart, shall be upright in heart.",happy
"You are my sister, my sister.",happy
"It is estimated that in the United States, more than half of the people in the United States are infected with HIV / AIDS, and less than half of those infected with HIV / AIDS...",neutral
"And the second row, and the third, and the third, and the third.",angry
Many elderly ones have found great joy in helping their children come to know Jehovah,happy
We know that it is best for us to draw close to God,angry
"As told by James B.C.E., historian Dr.",neutral
Fear of death is in the land of great destruction.,sad
"He was a doctor at the University of California, U.S.A., who was also a doctor in the United States.",happy
"There we found a house, but we couldn't find a place to hide.",neutral
It has not been easy for me to live without fear,angry
What is the capital of Maharashtra?,angry
The woman's eyes are on her bed.,happy
It's a business to live with.,happy
What should I do? What should I do?,happy
"In the United States, for example, a survey conducted by Jehovah's Witnesses in the United States revealed that more than 80 percent of those who attended the Memorial of Christ's death had gone to the Memorial of Christ's death.",sad
"In the United States, the number of students increased by 40 percent. The number of students increased by 40 percent, and the number of publishers has increased by 20 percent.",happy
The problem is getting worse,neutral
And they made a covenant with them: and they made a covenant with their fathers; and they made a covenant with their fathers.,happy
The next article will discuss how we can show that we are ready for the arrival of the end of this wicked system of things.,neutral
"So that they are no longer two, but one flesh.",neutral
Let's meet at right. Let's talk about John's account.,neutral
You can win the battle against temptation,happy
"Ah, step is going to be a problem! It's a very bad thing!",happy
"In the United States, it is said that it is a crime to commit suicide.",sad
The plane took by train yesterday.,angry
"As you can see from the left side of the road, you will see that the road is right.",happy
"It is estimated that about one third of the world's population, more than half of all the people in the world, were baptized in symbol of their dedication to God.",happy
"I know this computer, but I don't know it.",neutral
25 Watching the World 30 From Our Readers 31 From Our Archives,angry
"Yes, God's spirit can help us to endure any trial that Satan may bring upon us.",happy
You don't look like your mother.,angry
"According to the World Health Organization (U.S.A.), about 20 percent of the people in the United States are victims of violence because of the violence that is common in the United States.",sad
Do Not Give Up in Doing What Is Fine,sad
"You may wonder, though, if the Witnesses in your area are not interested in the Kingdom - preaching and disciple - making work.",neutral
Look at the memory of people here.,happy
I haven't eaten anything yet,neutral
"One of the largest cities in the world, the largest city in the world, was the largest city in the world, and the largest city in the world was the largest city in the world.",fear
The sons of my brother's brother's brother.,happy
It's good to have a conversation with a householder,angry
"According to The New York Times, this story is included in a report by the Supreme Court of Human Rights, held in Washington, D.C., U.S.A.",angry
"TRY THIS: If your daughter is unable to talk to you about her day - to - day activities, ask her how she feels about her day - to - day activities",fear
Is There a Creator Who Cares About You?,happy
""" Do not be misled: God is not partial, but in every nation the man that fears him and works righteousness is acceptable to him. "" - Acts 10: 34, 35.",angry
none of the keys that we have to create are not supported,happy
"The judge asked the judge for a copy of the book Questions Young People Ask - Answers That Work, Volume 2, published by the Watchtower Bible and Tract Society of New York, Inc., published by Jehovah's Witnesses.",neutral
Welcome to Maharashtra!,happy
"Yes, your love for Jehovah and your trust in him will move you to act in harmony with Jesus ' words: ""Keep on asking, and it will be given you; keep on seeking, and you will find; keep on seeking, and you will find; keep on knocking, and you will find; keep on knocking, and it will be opened to you.",sad
There is nothing that is beyond our control,sad
"The drive is empty, but it won't be used",sad
"All of them ran out of the danger zone, and some of them lost their lives.",sad
There are many more wonderful things to do in Jehovah's service,angry
"Nagpur Nagpur City, Nagpur State State Road",angry
"It happened, while they were in the field, that there was a great famine in the city; and all the men of the city rejoiced.",sad
Unable to find any solution to the problem,angry
Why were there so many questions?,angry
You look very good in your eyes and open your mouth.,angry
"The last talk was entitled ""The Kingdom of God, """" The Time of the End, "" "" and"" the conclusion of the system of things, """" The Time of the End, "" "" ""The Time of the End, """" the Time of the End, """" the Time of the End, """" the Time of the End, """" the Time of the End, """" the Time of the End, "" and the period of time of the end.",neutral
"Thou shalt not shoot a sword upon thy head, neither shalt thou shoot a sword upon thine head: the sword of thy father's mouth shall devour thee.",angry
"For example, in the United States, more than 1 out of every 3 Witnesses of Jehovah were preaching the good news of God's Kingdom and teaching others about God's Kingdom.",angry
It is not wrong for a Christian to have a marriage mate to feel that he or she is not married to each other.,neutral
"God is not a god of this world, but a god of this world.",angry
Have you ever been to London?,angry
There's no evidence that he didn't want to die.,happy
"The apostle Paul wrote: ""If, then, you are bringing your gift to the altar and you there remember that your brother has something against you, leave your gift there in front of the altar, and go away; first make your peace with your brother, and then, when you have come back, offer up your gift. """,happy
A widow's joy in the ministry was rewarded when she was baptized as one of Jehovah's Witnesses.,happy
"It's a beautiful sight, but it's a beautiful sight.",happy
My sister is a true friend.,happy
"In time, I was able to attend a convention of Jehovah's Witnesses in Cedar Point, Ohio, U.S.A., at a convention in Cedar Point, Ohio, U.S.A., at Yankee Stadium, U.S.A.",happy
He said that he heard of the violence in the country.,neutral
The coconut can be found only in such a way that the coconut can be clean and clean!,happy
Isn't it wrong to talk about a matter before it is too late?,neutral
My father is very tall in the way of his mother-in-law.,happy
People are more concerned about the welfare of others than about the good news of God's Kingdom,happy
Let's talk about the other side of the story.,angry
"We have two sons, one on the other hand, and one on the other. We don't have any one in our country.",angry
"Behold, the days come, the Son of man shall appear in heaven, and the Son of man shall be delivered to the chief priests and the scribes.",happy
"As per 2011 census, population of villages was formed in Maharashtra. A number of villages in the state of Maharashtra were built.",happy
The light of darkness cannot shine without darkness,angry
India has a long history.,sad
Turn Close to the radio,fear
An Event's public talk was given on a film on the front door,neutral
"According to the World Health Organization, more than half of those infected with HIV / AIDS are infected with HIV / AIDS, such as AIDS.",sad
A teacher doesn't need a teacher to teach his students not only about the Kingdom but also about what it is and how it will accomplish it.,sad
Thank you for all we have done for you.,happy
"As told by James the Baptizer: ""My son, if you will receive my sayings and treasure up my own commandments with yourself, so as to pay attention to wisdom with your ear, that you may incline your heart to discernment; if, moreover, you call out for understanding itself and you give forth your voice for discernment itself, if you keep seeking for it as for silver, and as for hid treasures you keep searching for it, in that case you will understand the fear of Jehovah, and you will find the very knowledge of God.",angry
%1 is not a city in the state of the country,angry
It is a beautiful sight for us to see how far we could have been reached by the translation of the Bible into the hands of many of the people who had come to know the truth.,happy
"I am sure that this government has failed to fulfill its commission to preach the good news ""in all the inhabited earth for a witness to all the nations. """,angry
And there is a need for two or three men to have a home,neutral
"During the 18th century, India was ruled by India's Ministry of Justice for the first time in the United States.",happy
"It does not belong to man who is walking even to direct his step. """,neutral
"If you feel that you are being treated as a child, you are not alone.",neutral
"Don't be like her, neither be like her. Don't be like her. Don't be like her, neither don't be like her.",fear
"If the house is on fire, turn aside to go into the house.",neutral
"The end of the month, the month of the month, was changed. The month after month, the program was completed.",sad
"Don't take your brothers with you for a little moment, for a little while, and don't leave those who are with you.",angry
I remember my first birthday with my friends.,happy
"In the morning, before they leave, you may find it hard to meditate on what you are reading....",happy
"Trust in Jehovah With All Your Heart, 11 / 15",neutral
Is used to notify that the page has changed,angry
"And thou shalt say, Thus saith the LORD; Behold, thou shalt speak in thine heart, and in thy mouth, and in thy mouth, and in thy tongue,",angry
Who do you think?,angry
"And all the people that were with him rose up, and went forth into the house of the king; and, behold, the young men were in the house.",angry
Each day of our lives has its own challenges and challenges.,happy
"If you don't want to be a doctor, don't take your baby for a week or two.",angry
It's good to have sex sex outside of marriage,angry
"In the days of Darius the king of Babylon, the king of Babylon made a feast for all the people of the land.",neutral
"And ye shall be great, and ye shall be strong, and ye shall be strong, and ye shall be strong, and ye shall be strong.",angry
Our house is too small to be built,happy
"No one has ever seen the end of the war. In any case, it is not the same as the war of Armageddon.",angry
"If you are lying to another man, and don't believe him!",angry
They're all going to the Sea of Galilee.,neutral
"Do not be anxious over anything, but in everything by prayer and supplication along with thanksgiving let your petitions be made known to God; and the peace of God that excels all thought will guard your hearts and your mental powers by means of Christ Jesus. "" - Philippians 4: 6, 7.",angry
I can't run in the night.,neutral
"But I didn't tell him about it, but I didn't tell him about it.",angry
I don't know who's wrong.,sad
"If you are a young person, you too may find joy in doing what is right in God's eyes. If you are a young person, you may find joy in doing what is right in Jehovah's eyes.",happy
What a joy it was to be able to share in this work!,neutral
How important it is to seek first God's Kingdom and his righteousness!,happy
"But the wisdom from above is first of all chaste, then peaceable, reasonable, ready to obey, full of mercy and good fruits, not making partial distinctions, not hypocritical.",angry
"This was done by Nehemiah, who acted as king over all the people of Judah. - 2 Ki.",neutral
"The world is full of people's thoughts, desires, and desires",sad
"The current session of the Indian Air Force, which was located in the state of Maharashtra in the state of Maharashtra, India. It is located in the Indian state of Maharashtra, India. It is located in the Indian state of Maharashtra in the state of Maharashtra. It is located in the state of Maharashtra. It is located in the state of Maharashtra in the state of Maharashtra. It is located in the state of Maharashtra.[1]",neutral
I'm sorry for it.,neutral
Not a single one has ever done a thing like this,angry
"During World War II, war broke out in World War II, and most of the world's largest number of people were killed in World War II.",angry
What happened next?,happy
"From the 19th century onward onward, the Catholic Church was established in the 18th century until the beginning of the second century C.E.",happy
"With the help of Jehovah's Witnesses, we were able to move to a small town where there was a great need for Kingdom preachers.",neutral
There are more than seven congregations in the whole country,neutral
It's like a fire! It's like a hole!,angry
My father's school.,happy
New Year's New Year.,happy
You're going to play a hole in your mouth.,angry
"This is God's only - begotten Son, who is also called ""the firstborn of all creation. """,happy
Some have moved to areas where the need for Kingdom preachers is greater,sad
There is still much work to be done.,sad
What a mistake that would have been!,angry
India has become a part of the European Court of Human Rights.,angry
""" Not only is a baby's brain more than a baby but it is also a baby's brain. """,sad
What a joy it has been to help these new ones to learn about God's purpose for the earth and to enjoy everlasting life in an earthly paradise!,happy
I saw no evidence of God's existence,neutral
Why do you call me Naomi? Why is there no strength in me? Who is this that cometh out of the womb of the daughter of Zion?,neutral
"It is easy to see how much money we can buy, how much more so should we take care of ourselves and our family!",happy
"If you are reading with a child, the dash provides a reminder to pause and encourage the child to express himself",angry
"And I delivered you out of the hand of the Amorites, out of the hand of your enemies, and out of the hand of the Egyptians:",neutral
It is all right,sad
"And the first took her, and laid her hand upon her; and she conceived, and bare a son.",sad
"As soon as they were able to get to know the local language, a group of them began to study the Bible with Jehovah's Witnesses.",angry
A man who is a lawyer and a lawyer is one of Jehovah's Witnesses and who is a member of the Governing Body is a member of the Governing Body of Jehovah's Witnesses and a member of the Governing Body of Jehovah's Witnesses.,happy
"For men will be lovers of themselves, lovers of money, self - assuming, haughty, disobedient to parents, unthankful, disloyal, having no natural affection, not open to any agreement, slanderers, without self - control, fierce, without love of goodness, betrayers, headstrong, puffed up with pride, lovers of pleasures rather than lovers of God, having a form of godly devotion but proving false to its power. "" - 2 Timothy 3: 1 - 5.",angry
"Is it possible, though, that the rain is coming, and there is no rain in the earth?",happy
"The next time it is finished, it is time to make sure that it doesn't fall into the hands of the next time you get up again!",happy
You have set a good example for your children. You have set a good example for them.,angry
It's all my opinion.,neutral
"How will you be afraid of him? When he is angry, you will be afraid of him.",angry
The first resurrection occurred in the garden of Gethsemane in 33 C.E.,sad
There's no hurrying outside.,neutral
"Blessed are the pure in heart, for they shall be called the pure in heart.",happy
"You went up into the wilderness by night, and were by night in the wilderness:",angry
"The glory of the forest, the glory of the forest, the beauty of the seas, and the beauty of the waves.",sad
The world's view of China is limited.,neutral
This object is not used to indicate that it is not the same as the parable of the sower.,angry
How can we show that we appreciate Jehovah's loving - kindness?,angry
Is this the case?,angry
"When did this stop, and what questions will we now consider?",happy
"You shall not make a stone for the door of your tent, or a stone for the door of your feet, or a stone for the place of the sanctuary.",neutral
There's nothing wrong with the children's face if they don't know what's wrong with them.,angry
"How important it is, then, that we learn to exercise self - control in all aspects of life!",sad
A baby's name has been changed,neutral
This action was taken out of the way of Jehovah's worship.,fear
Who knows whether a bird will bite a bird or not? Who can know it?,angry
"If you are a student of the Bible, you can improve your teaching skills",happy
It's easy to understand what it means to be a real person.,neutral
"Since then, the number of Kingdom publishers has grown to over 70 percent, and the number of publishers has increased by 20 percent.",sad
We have enough money to buy a land that we don't need,sad
"As you can see from this page, you will be able to see how Jehovah's Witnesses have used their time and energy to spread the good news in remote areas of the country.",happy
"After the war, there was a group of Jehovah's Witnesses in São Paulo, U.S.A., on the island of São Paulo.",fear
Thanks for this program!,happy
"On the other hand, if you want to listen to your mate, do all you can to make his or her own decisions.",angry
This object is already installed.,happy
"You too can be sure that you will never see the fulfillment of the promises contained in God's Word, the Bible - based publications of ""the faithful and discreet slave, "" and the"" faithful and discreet slave "" class.",neutral
(Laughter) Do you think I'm a sinner?,sad
"The rich man's wealth is his food, but the poor have nothing.",sad
"There shall not be found among you anyone who makes known his name to you, or whom you don't know, or whom you don't know, or whom you don't know.",sad
"When I was a child, I wasn't looking at your mother in the street at the age of ten, but I wasn't looking for your mother's milk.",angry
New York is the fifth year of the year.,happy
"The earth became filled with smoke, and the earth became filled with the presence of the day of his coming.",angry
São Paulo,neutral
"For this is what the love of God means, that we observe his commandments; and his commandments are not burdensome.",happy
"And the children of Israel, and the children of Israel, and the children of Ammon, and the children of Ammon, and the children of Ammon,",sad
It's hard to imagine how I've been able to understand it since I was a little girl.,angry
"And we found an olive tree among the trees of the river, and there was no fruit in it.",neutral
"It is true that ""the wages sin pays is death, but the gift God gives is everlasting life by Christ Jesus our Lord. "" - Romans 6: 23.",angry
"If you have sent an brother to me, then I know that you are an brother to me.",angry
"Despite its kind of music, it is very important to have a close relationship with our Grand Creator, Jehovah God.",happy
"And they shall walk in the streets of the city, but not in the streets: and they shall not walk in the gate of their father's house, neither shall they walk in the way of the gate of their father's house.",neutral
The United Nations will be given the opportunity to live forever on a paradise earth!,neutral
"For all things are the work of men's hands, but the work of men's hands is with men's hands.",angry
How much better it is to be alert to the danger of being caught by those who are violent!,angry
You can't quite stop!,happy
It is a good thing to know the answers to the following questions:,neutral
They're all friends.,angry
This country is not the largest country in the world.,happy
I don't know how to write a word,neutral
"It is called ""a good - fore "" or"" a good food. """,sad
"For there is a time and a time to speak, and a time to speak; a time to speak; a time to speak, and a time to speak;",fear
"The children's children are full of milk, honey, oil, and oil.",angry
A list of Jesus ' parables will be considered in the following article.,angry
"But as for the tree of the knowledge of good and bad you must not eat from it, for in the day you eat from it you will positively die. """,happy
"Out of the tribe of Judah and out of the tribe of Maharashtra, Maharashtra, of the half-tribe of Manasseh",happy
"▪ According to the World Health Organization, ""the children are more likely to play an active role in their child's development than in the past 30 years, "" reports The Times of London.",angry
"Please enter the information below, please write to your brother or sister, for example, or for some other reason.",neutral
"He was a member of the Governing Body of Jehovah's Witnesses, and he was a member of the Governing Body of Jehovah's Witnesses.",sad
It's ready to be eaten. It's ready to be eaten.,angry
I don't know what to look like.,neutral
"They had been sent to concentration camps, where they had spent many years in prison because of their neutral stand.",happy
""" It's like watching a movie, and it's all right. """,sad
Let's get started with them. Let's try the game together.,angry
"In the 16th century B.C.E., Rome was the center of the first world war.",happy
The New World Translation of the Holy Scriptures - With References,happy
Asturian-Kamgoi,neutral
"During World War II, the government banned the activities of Jehovah's Witnesses in Germany.",neutral
"Do not let yourself be conquered by the evil, but keep conquering the evil with the good. "" - 2 Cor.",happy
I didn't sign it yet.,sad
"And it shall come to pass, that whosoever shall say unto thee, Thou shalt not see my face, but thine eyes shall see me.",neutral
You shall eat of its own fruit!,happy
"They wanted to kill all the children, and each man had his own wife, and every man had his own wife, and every man's wife was sold into slavery.",angry
"A look at Isaiah's prophecy in the Bible book of Ezekiel - B.C.E. - An Ancient City for Young People, 2 / 15",fear
"The next time you are in the field ministry, you can find a way to get to know Jehovah and his Son, Jesus Christ.",happy
"It is not surprising, therefore, that most people in the world believe that religion is the only way to live by God's standards of right and wrong.",angry
""" They will have to beat their swords into plowshares and their spears into pruning shears; and they will have to beat their swords into plowshares and their spears into pruning shears. """,neutral
"Save this game, for example, when it comes to the history of the world.",happy
"In the 16th century B.C.E., a group of believers living in the first century came to be called the Supreme Court of Human Rights.",neutral
A woman's face is on her head,happy
"You have light by lying down in darkness, but you have light in the darkness.",sad
What a fine example that is for all of us!,happy
Let us take a closer look at each other.,neutral
"And it shall be, when any man hath an issue, that his name shall be written according to all that he hath done, and after that he hath done.",angry
"Suddenly, suddenly, something changed.",sad
"Your names are on the left side of your father's house; there's the name of your father, and he's of your mother's brothers.",happy
"And the rest of the mighty men that were in the king's gate, and the mighty men which were in the king's gate,",neutral
What will be the result of the New World Translation of the Holy Scriptures? The following issues will be considered in the following article.,neutral
What happened next?,angry
. . . . . . . . . . . . . . . . . . . . . . . . . . . . . . . . . . . . . . . . . . . . . . . . . . . . . . . . . . . .,happy
You've ever been to Australia.,neutral
"It's great to know where we are and where we are and where we are. """,angry
Today's snow is very hot,neutral
""" There is nothing wrong with the body's ability to do wrong, but...",sad
"And he took his sword, and slew it, and slew it, according to the word that he spake unto him, saying,",angry
What kind of fish is this?,neutral
"This dog is like a dog, but it is a dog's life.",angry
""" I don't have sex anymore, and I don't have sex anymore. """,sad
The company was not able to find a solution to the problem.,happy
"If you want to be a doctor, take another minute first.",neutral
The current building of this building was built on this project,angry
Early life,neutral
Be reasonable and willing to submit to the direction you receive from God's organization,happy
There's always a way to get up at the top of the street.,angry
The earth is full of your riches. The world is full of your riches.,happy
"The police were surprised to see the man's wife, who had been beaten with leprosy.",angry
The music does not match the meaning of the word.,neutral
Are you right now?,angry
Happy birthday! We're going to have a new wedding!,happy
"From the beginning of the 20th century until the beginning of World War II, millions of innocent victims were killed in Nazi concentration camps",happy
This is a picture of how many people have come to know and love one another.,happy
I'm ready to go.,angry
Are such religions really different?,neutral
"At the end of the morning, the morning after the morning, at the age of three",sad
There will be no night left on earth when the angels will see it.,angry
People always talk about you.,happy
My father doesn't want to take his father's place. He doesn't want to take his father's religion for granted.,happy
"In the Bible, the expression ""the heart of the righteous one meditates so as to answer "" is often used to refer to"" the heart of the wicked one, """" the heart of the wicked one, "" ""the heart of the wicked one, "" and ""the heart of the righteous one. """,neutral
The baby's birthday isn't ready.,sad
"There is no peace, no security, no peace; no peace, not even in the midst of her.",angry
What will help us to keep our senses completely?,fear
"The body is the head of the body, and the head of the bride is the head of the Christ",neutral
"The rain didn't come down, but the rain didn't rise.",fear
What a joy it will be to live in a world free of violence and violence!,sad
Ours has been yours.,angry
Write your last name in your old age.,happy
Do you want to commit suicide?,neutral
Why is there so much suffering in today's world? Why is there so much suffering?,fear
""" There will be no rain, no rain, no rain, no rain, no rain or shine....",sad
"Proverbs 21: 18 says: ""The one holding back his rod is hating his son, but the one loving him is he that does look for him with discipline. """,sad
"What, though, is the condition of the dead?",neutral
"Don't sit in the king's house, in the which a rich man will enter in at the gate of the king's house.",sad
Don't work in this office.,neutral
"If you are a parent, you are not alone",angry
The number of files has been lost,neutral
"If a man has a car or a car or a car, he may be able to sell it or sell it to a man or a girl.",angry
"The children of Benjamin, and the children of Judah, and the children of Benjamin, and the children of Tyre, and the children of Sidon,",sad
"God's view of the future is evident in the case of the first man, Adam.",neutral
"As soon as we arrived, there were only four members of the family in New York.",neutral
"And his brethren, and his sons, and his sons, and all the people that were with him,",angry
"As you can see from this star, you will see that the star S focusing on either side of the galaxy or any other galaxy in the Milky Way is better than the Milky Way and is more powerful than any other galaxy in the world.",happy
It's really good to start at this time,neutral
"The Indian government of India is now a member of the European Court of Human Rights, and the United States is responsible for the war.",fear
"It is said that by the time of the birth of Jesus, ""the world is passing away and so is its desire, but he that does the will of God remains forever. "" - 1 John 2: 15, 16.",neutral
"You won't forget your way of life, and your way of life won't change.",angry
The size of the list is: the size of the list is equal to the size of the line.,neutral
"(For fully formatted text, see publication)",angry
Unable to contact people with the good news,fear
"Of the tribe of Levi: of the sons of Levi, Zechariah.",happy
"And it shall come to pass, when thou hast made an end of speaking, that thou shalt not see the things that are in it, but shalt not see the things that are in it.",neutral
"In the United States, for example, it has been reported that in the United States, more than half of the people in the United States have been forced to leave their country.",angry
"Let's start with a car, and if you want to move to the right side, let's try again.",neutral
"And we will go up by lot, we will walk in the ways of the people of the land; and we will walk in the way of the land; for we will enter into the land of the Chaldeans.",happy
"According to The New York Times, a survey conducted in the United States found that ""more than 70 percent of those who attended the Memorial of Christ's death had already died. """,angry
What a fine example for us to follow!,happy
But he who is born of a woman is of the same mind; and he who is born of a woman is of the tribe of her husband.,sad
"And thirty and two thousand and five hundred,",angry
"Under the control of the party, a government official was appointed to oversee the activities of Jehovah's Witnesses in the state of Maharashtra",neutral
How much better it would be to learn about your future!,neutral
Communist Party of Nepal Communist Party of Nepal supported the activities of the Communist Party of Nepal as well as the activities of the Communist Party of Nepal,neutral
"If you want to listen to the radio and listen to the radio, you're going to have to listen to it.",neutral
The Arabic alphabet of India was invented by the Arabic president of India.,happy
"The next time you go to bed, you will be able to get up at least once or twice a month.",angry
Meobe,angry
"Listen, my daughter, and listen to the words of your mouth!",happy
"As a result of this attack on the United States, the Court of Human Rights declared: ""The Court's right to freedom of religion and to the right to do so. """,happy
"As a result, he became a member of the Governing Body of Jehovah's Witnesses and became a member of the Governing Body of Jehovah's Witnesses.",neutral
Does this mean that the dead are conscious of nothing at all?,angry
A word that is spoken at the right time is not good.,angry
"Don't move to India, but you don't want to go to England.",neutral
"It is believed that by the second century C.E., after the death of Christ's apostles, Christianity was established in the first century C.E.",angry
There's nothing wrong with saying no.,sad
"The capital city is the capital of India, the capital of India, and the most prominent city in the world.",happy
""" There's no way out, "" she says, ""but there's a time to go out in the field service. """,neutral
Are you going to have a fever again?,happy
A good conversation might lead to a discussion of the daily text,neutral
What a relief it is to see the dear brothers and sisters in the congregation who have come to know and love one another!,sad
it is easy to find a game,fear
A look at the earth's view of the starry heavens is the same as the starry heavens.,sad
Life will be free!,neutral
Isn't he English?,neutral
We will also consider how we should treat government officials who do not share our faith.,neutral
"As a result, the baby is able to see his mother again and again, but the baby is not able to see his mother again.",angry
I don't need coffee anymore. I can't eat coffee anymore.,neutral
"If a man live in a house, or if a man be in a house, or if a man be in a house,",sad
What's the name of the city of São Paulo?,neutral
"In the mid - 1990 ' s, World War II broke out in Europe, and in the United States, the number of Jehovah's Witnesses increased by 32 percent.",sad
Would you like to burn a fire if you had no returned it to the plant?,neutral
"Yes, the gift of life! Yes, the gift of life!",happy
Religious leaders and their political leaders have tried to do away with the good news of God's Kingdom,angry
"Have any man brought an ass, or a sword, to bind an ass, or to cause to stumble?",angry
Don't forget the days of your life. Don't forsake the days of your youth.,happy
He has given you everything that he asks of you.,neutral
How sweet it is to hear the sound of the words!,happy
This magazine is designed to help you find answers to questions you may have asked and shows where you can read the answers in your Bible.,neutral
I didn't want to die like this.,neutral
I was assigned to work in the Service Department.,neutral
There's no want to play as long as you don't want,happy
The world is full of yours.,happy
I thank Jehovah every day for giving me the courage to speak to my brothers and sisters,happy
"For example, at the beginning of the 19th century, the United States was ruled by a king who set out to build a city for the first time in its history",happy
"Those who are led by the spirit of the world, these are those who are led astray by the spirit of the flesh",sad
"If so, you may wonder: "" Does God care about me? Does he care about me?",angry
Is there any hope of a better life ahead of a better life?,angry
"Maharashtra State of India is a member of the Maharashtra State of India, and it is located in the Maharashtra State of India.[1] It is located in Mumbai, India, India, India, India, India, India, India, India, India, India, India and the United States.[1]",happy
But that doesn't happen again.,sad
"Our first assignment was to the world headquarters of Jehovah's Witnesses in Brooklyn, New York, U.S.A.",happy
"The Bible tells us: ""God is not unrighteous so as to forget your work and the love you showed for his name, in that you have ministered to the holy ones and continue ministering. """,angry
Have you ever been to Europe?,neutral
"This man was forced to release a prisoner from prison, where he was ordered to release a prisoner from prison.",sad
The original text of the Bible is now available in whole or in part in most of the languages of the world.,neutral
"In the 16th century B.C.E., King David of ancient Israel was moved to make a covenant with his son Solomon, king of ancient Israel, king of ancient Israel, king of ancient Israel, king of ancient Israel.",angry
"Should any who are with you be bound to be put to death by the sword, or to be put to death, be put to death by the sword, or to be put to death by the sword?",angry
"And he shall set him over his princes, and he shall be over his servants; and he shall be over his own house, and not in his own house.",sad
What's this?,neutral
But how can a person be truly happy if he is determined to live by God's standards?,angry
"The little one is in the midst of our school years. We're on the left. We're on the left, and we're on the left.",neutral
"And it came to pass, as soon as he was come into the house, the fire came down from heaven, and consumed him; and the fire consumed him, and consumed him.",fear
Make sure you want some sugars on your face,neutral
"And of the families of the tribe of the children of Dan, Zechariah the son of, and with him fifty males.",sad
Some people feel that they have no control over their actions. Others feel that they do not have the facts.,sad
"But if it were not for the king to pass through the wall, then it would be out of the prison, and it would not be out of the prison.",angry
It's -1 - foot - high. It's - foot - long.,neutral
"It is not surprising, therefore, that the number of stars in the universe does not differ from one person to another.",happy
Does this really make a difference?,neutral
What happened next?,happy
"The beer is sold into beer, which is used for beer",neutral
Some find it difficult to maintain a balanced view of money.,happy
It's all like to cry. It's all right.,sad
"Now, though, we have a deep love for Jehovah and a desire to serve him forever.",happy
Why doesn't the fear of God lead to violence? Or doesn't the fear of God lead to violence?,angry
There is no rain or rain on the earth. There is no rain or rain on the earth.,sad
"This is dangerous, but it is dangerous to commit suicide.",sad
He is proud to be a professor of law and to be a professor of law and to be a judge of the community.,sad
What would you do if there were no way out? Would you like to stay out as soon as possible?,fear
Don't be one of those who are married to each other.,angry
"With my parents ' permission, I began to study the Bible with Jehovah's Witnesses.",happy
"Of Shemaiah, Shemaiah; of Shemaiah, of Shemaiah;",happy
"In the mid - 1990 ' s, a number of health - care professionals in the United States were forced to flee to the United States because of their neutral stand.",angry
India has a long history of going to India and going to India.,happy
The island of São Paulo is located in the heart of the Indian Ocean,neutral
"It is estimated that by the year 2000, ""the number of people in the United States had increased by 11 percent, "" reports The Times of London.",sad
"On the day of Pentecost 33 C.E., about 120 C.E., the resurrected Jesus appeared to his disciples and said: ""You are the ones that have stuck with me in my trials; and I make a covenant with you, just as my Father has made a covenant with me, for a kingdom...",angry
How do you feel about the privilege of sharing in the Kingdom - preaching and disciple - making work?,happy
The sword can be used as a sword to restore it to its target - either inside or outside. The sword can be used as a sword to save lives,neutral
"He said, ""This is what they want me to do.""",neutral
Is this the case?,happy
"At that time, he became a member of the Governing Body of Jehovah's Witnesses and was appointed as a member of the Governing Body of Jehovah's Witnesses.",happy
Most of the population of the world's economy is growing every day.,happy
[ Picture Credit Line on page 15] A child's life has changed,sad
"In the United States, for example, more than half of the people in the United States are studying the Bible with Jehovah's Witnesses.",happy
"Maharashtra is a village in Rahata taluka of Ahmednagar district, Maharashtra, India.",happy
The former things have passed away. The former things have passed away.,angry
"The children of James, six hundred twenty-three.",happy
What a joy it was to be able to help such people to learn about Jehovah and his purposes!,fear
"According to the World Health Organization, one of the world's most dangerous cities is the world's second - largest country, and it is one of the world's largest cities in the world!",sad
"Among other things, Jehovah's Witnesses were known for their courage and self - sacrificing spirit.",sad
You need to listen carefully to the person's response. You need to listen carefully before you discuss the problem.,angry
""" A baby's baby is born to be a baby...",happy
[ Picture Credit Line on page 12],neutral
That's what you're doing now.,neutral
"If we live in another country, how much more should we be in charge of the world?",angry
Nodes,neutral
Use a list of suggestions that have been provided for your use as a basis for your child's development,neutral
"And it came to pass after these things, that the day of the Lord was not yet come....",fear
Music is the best music in the music.,happy
"Let your children know that you are the Christ, the Son of God.",happy
"In the United States, for example, more than half of the people in the United States have been forced to live in poverty.",sad
"When I was six years old, I was appointed as a member of the Governing Body of Jehovah's Witnesses.",happy
"What a joy it will be to be able to share the truth with people who are ""rightly disposed for everlasting life ""! - Acts 13: 48.",happy
"Can't anyone live in this country? Yes, he won't live forever. He won't live forever.",angry
"In the United States, the program was presented in a number of cities around the world. In the years that followed, thousands of people have come to the conclusion that there is much work to be done.",happy
Have you ever noticed that there is a lot of rain on the ground today?,angry
Did you forget what happened at the time?,neutral
"The first two humans, Adam and Eve, were made in God's image",neutral
""" We're not sure what we're doing, "" she says. "" We're not sure what we're doing, but we're not sure what we're doing. """,angry
It was a beautiful sight to see the beautiful garden of Eden.,happy
Is there any real hope for the future that people will be able to live forever on a paradise earth under God's Kingdom? ',angry
""" It wasn't easy, "" she says, ""but I didn't know what to do.",sad
I am afraid of them that go down into Sheol .,neutral
As told by São Paulo,happy
Cheese,angry
Is the name of the least word of the Arabic alphabet known?,angry
Whether or not to show the session at the command,neutral
"As she grew older, she began to study the Bible with Jehovah's Witnesses, and she began to study the Bible with Jehovah's Witnesses.",neutral
"For the rain has come on the earth, and there is no rain on the earth; for the rain has come on the earth, and there is no rain on the earth.",sad
"In 1940, I was invited to serve as a member of the European Court of Human Rights (now Awake!).",happy
"For which of you by being in bondage to another; whom also you have in subjection, and not one of them?",angry
"He was an elder in a congregation of Jehovah's Witnesses. He was a member of the Branch Committee of the Governing Body of Jehovah's Witnesses in Brooklyn, New York, U.S.A., and he was a member of the Governing Body of Jehovah's Witnesses as a member of the Governing Body of Jehovah's Witnesses.",happy
"And the thing which is written in the book of life, and the thing which is written therein, is written in the book of life which is written in the book of life.",fear
"Of the tribe of Dan, of the children of Dan; of the tribe of Dan, of the children of Dan.",angry
"In fact, the Bible speaks of ""the desire of the eyes and the showy display of one's means of life. """,fear
And the other thing that happened to them was that they should do according to the commandment of their Lord Jesus Christ:,neutral
The princes of the city are afraid of the city.,fear
"It is not surprising, therefore, that the apostle John wrote: ""I know that after my going away oppressive wolves will enter in among you and will not treat the flock with tenderness, and from among you yourselves men will rise and speak twisted things to draw away the disciples after themselves. """,angry
"And I will put my trust in them, and I will trust them, and in their heart I shall be their God, and they shall be my people.",happy
"Among other things, however, it was not until the early spring of 33 C.E., just as the early Christians were then known.",happy
"And the name of the man's wife, whether it be good or bad, is written in the book of this law.",angry
"Instants are not involved, but they are not under the control of the disease",angry
Happy birthday is called a birthday.,happy
The Court's decision is not valid.,sad
How grateful we were for the loving support of our dear parents!,neutral
A baby can't see its mother's face,sad
Whether or not to show the last solution to the problem.,neutral
It is better to be a good influence on our children than to be proud of them or to be proud of them.,happy
"You know how to talk to each other about the matter. You know how to open up your mouth, so you don't know how to speak. """,angry
Need to get %s,neutral
"My heart is steadfast, and I shall not be afraid. I shall not be afraid....",angry
""" YOU are in a position to take up the full - time ministry... just because you are in a position to take the lead in the congregation....",happy
"In the United States, for example, a survey conducted by Jehovah's Witnesses in the United States revealed that more than half the people in the United States have found themselves in similar situations.",angry
"What prompted this brother to become a member of the Governing Body of Jehovah's Witnesses? He was a member of the Governing Body of Jehovah's Witnesses, and he now serves as a member of the Governing Body of Jehovah's Witnesses.",neutral
"As a result, he is making ""a great crowd... out of all nations and tribes and peoples and tongues..., standing before the throne and before the Lamb, dressed in white robes. """,happy
"A report from the United States stated: ""The world is getting worse...",fear
""" The deep things of the clouds are... sweeter than honey, "" says the wise king, ""and the fear of Jehovah is clean. """,sad
"We are the sons of our father's daughter, the daughter of our father, and the daughter of our mother.",neutral
"On the way to the river's edge, I was able to see what was going on in my mind and how Jehovah had helped me through this difficult time.",angry
"According to the World Health Organization, ""the number of people who live in areas where there is a greater need for Kingdom preachers is greater than ever. """,happy
This object,sad
"In time, he became a regular pioneer, or full - time minister of Jehovah's Witnesses, as Jehovah's Witnesses were then called.",happy
"In the days of King Solomon of ancient Israel, God made a covenant with the nation of Israel.",neutral
""" If you're going to go to school, you're going to go to school.",sad
"He wanted to be called ""the father of all those having faith. """,sad
You can't block the fire of the fire without breaking it,neutral
"For example, the Bible tells us: ""Let every soul be in subjection to the superior authorities, for there is no authority except by God; the existing authorities stand placed in their relative positions by God; the existing authorities stand placed in their relative positions by God. """,happy
The blessing of your house shall be upon you; it shall not come near you.,happy
There is nothing to do with these things,neutral
We know that you're already living in the last days.,happy
"Instantly, I was able to start a Bible study with the Witnesses.",neutral
The problem is that it is not all the same. It's not the same in the United States; it's not the same.,sad
From the book Great Britain - A History of the World,happy
The sword must be covered with iron; and the sword shall not deliver it into their hand.,fear
My house is near the back of my house.,neutral
"Try to see your friend as you are, and see how you can get to know him better",neutral
Isn't this a good dress?,happy
"In time, I was able to understand more fully all the things I had learned from the Bible.",happy
You will never be able to escape,angry
Something is wrong with anybody.,neutral
"How happy we were when we were invited to serve at the world headquarters of Jehovah's Witnesses in Brooklyn, New York, U.S.A.",happy
"Be thou afraid of her that is thirsty; for when she is thirsty, thou shalt be like a drunken woman.",sad
"All of them were born in the flesh, in the flesh, in the flesh, and in the flesh.",neutral
"In the United States, for example, a number of children are raised by parents who are not members of the same family.",neutral
Your sister is coming to the city. Your brother is a brother who is a brother who is a brother who is a brother to the Lord.,happy
"The next time you watch a film, you'll get out of it, but no one will ever stop looking at it.",angry
"The Bible says: ""The one walking with the wise will become wise, but the one who has dealings with the stupid will fare badly. """,neutral
"I know that what I said in my own name, I want to show it to others by name.",angry
Curree as a sword . . . . . . . . . . . . . . . . . . . . . . . . . . . . . . . . . . . . . . . . . . . . . . . . . . . . . . . . . . . . . . . . . . . . . . . . . . . . . . . . .,neutral
"What is the meaning of ""the last days "" mentioned at 2 Timothy 3: 1 - 5?",fear
"The early morning of the morning, while I was still in bed, my father told me that he didn't want me to leave.",happy
"The first week of the week was a week's talk entitled ""The Kingdom of the Heavens - A New World Translation of the Holy Scriptures. """,neutral
"And it shall come to pass, that, when he hath done this thing, he shall be guilty of his trespass which he hath done, because he hath done this thing.",angry
"And the hands of the men of war, and the tongue of the sword, and the hand of the sword, and the hand of the sword, and the hand of the sword, and the hand of the sword, and the hand of the sword, and the hand of war, and the hand of war.",angry
I don't speak Turkish.,neutral
My last end of my last year of high school was high school.,neutral
My father with his left hand,happy
"(For fully formatted text, see publication)",happy
"J: An hour before I go to bed, I'm going to have to talk to a friend about my illness.",happy
""" It's not just a matter of religion, "" he says. "" They don't have all the facts. """,sad
People will be able to learn the local language!,happy
The gates of her house are opened in her sight. Her gates are opened in her palaces.,angry
What is the world's view of the world?,sad
"India is on the other side of the river. It is on the other side of the road, on the other side of the road, on the other side of the road, and on the other side of the road.",angry
"According to the World Health Organization, ""the world's population is about 15 million by the year 2000, more than a million people worldwide are infected with HIV / AIDS, "" reports The Times of London.",angry
Is there any problem with this problem?,neutral
(a) Why do we need to be careful about the Internet? (b) How can we guard our mind and heart?,angry
Let's get a gun in India.,happy
"Yes, that's exactly what it really is.",neutral
São Paulo with mine own hand,happy
"The tree's delight is in the law of its mouth, and it is filled with the fruit of its labor.",happy
Secondary bus speed,neutral
This program is useful for use.,angry
"And it came to pass, when they had made an end of speaking unto the children of Israel, that they spake unto the children of Israel, saying,",sad
"In the early days of his reign, the daughter of São Paulo, who is the mother of São Paulo, gave birth to a son, the daughter of São Paulo, who is also one of Jehovah's Witnesses.",neutral
"It is also known as the Golden Rule. It is called the Golden Rule, which was given in the first century C.E. by Jesus Christ in the first century C.E.",happy
"As soon as he finished his earthly course, he became a member of the New York City Bethel family of Jehovah's Witnesses.",sad
India is a dangerous country,sad
Parents need to make sure that their children get a good education,sad
It's easier to learn a new language than to learn a new language.,happy
This is just like a dog. It's like a dog.,angry
"It's not the kind of time you have to eat, but it's the most important thing you have to eat it.",angry
A brother who has served as a full - time minister for more than 30 years has experienced the joy that comes from serving as a full - time minister,happy
This is all the time. It's completely different from the end of the sentence.,sad
"Behold, the Lord speaks with a loud voice, and doesn't hear a sound, nor the sound of a trumpet, nor the sound of a trumpet, nor the sound of a trumpet, nor the sound of a trumpet;",fear
And this is the beginning of this sentence:,happy
"When I was about ten years old, I was invited to serve at the world headquarters of Jehovah's Witnesses in Brooklyn, New York, where I served as a member of the Governing Body of Jehovah's Witnesses.",angry
New Year is the first month of the year.,happy
"And these are the sons of Jacob, which came out of the land of Canaan, after their families, by the house of their father, according to the house of Joseph, which was by the house of Joseph.",happy
What do you think of people who have never had such an experience?,sad
He was not a Roman citizen of the Roman Empire but a Roman citizen of the Roman Empire.,happy
"According to the German newspaper The Times of India, ""in the last five years, more than half of the people in India have been killed in the war. """,angry
Is this a movie?,angry
It's made up of about half an hour's.,sad
The coconut is made of coconuts and coconuts!,happy
"In the end, you will be able to stand up for what is right and avoid doing what is wrong.",happy
The end of the race is near. The start of the race is near.,sad
And there is a baby with its mother's milk in its mother's mouth.,angry
"And the children of Israel's servants, the children of Gad and the children of Gad and the half tribe of Manasseh,",happy
"is a village in the state of Maharashtra, Maharashtra, India.",sad
"Among other things, it has helped millions of people to learn more about God's Kingdom and the wonderful hope of everlasting life in an earthly paradise.",fear
A wicked person is guilty of his sin.,angry
Some parents have little choice but to do what they've done.,sad
"My parents are Jehovah's Witnesses, and I love them very much.",neutral
Did you forget?,neutral
There was a lot of friends in David's company.,happy
"It's easy to see how much money there is! """,angry
What a joy it will be to be able to help more people to learn about God's purpose for the earth and for mankind!,angry
Secondary Marks,neutral
Everyone is doing it.,neutral
South Africa - India's population - What Would We Do Without Them?,neutral
"In some cases, it may be wise to consult a doctor before making a decision.",fear
"Behold, your eyes are on your love and on your wisdom, your fingers and your fingers. Behold, the time of the end comes, the time of the end is near, the time of the end is near, the time of the end is near.",angry
"If they don't know anything about the Bible, they're convinced that it is the inspired Word of God.",angry
"Isn't this the end of the world, and isn't the end of the world? Isn't it yet the power of the world?",neutral
"In time, however, I became convinced that I had found the truth.",angry
""" This Is the Way. This Is Yours! """,happy
Most of the children have no choice but to wait for their parents ' arrival,neutral
"You have no time in this day to eat, and don't have enough time to eat;",angry
With my wife,happy
The road is not going to go. The road is open. It's not going to go near the road.,sad
My German friends say that I am a writer of the Catholic Church.,happy
Good morning. You will be back on time! I'm going to have to talk to you!,happy
And these are the names of the children of Ephraim which were slain by them that were slain by the sword.,angry
Your drive is empty,angry
"They were proud to have ""a heart of wisdom without understanding, "" or to have"" eyes of understanding. """,angry
"And it was so, that there was a great earthquake in the midst of the sea, and it came to pass, that it was like unto them.",angry
This isn't a matter of fact.,neutral
"Maharashtra state of Maharashtra, Maharashtra, state of Maharashtra state of Maharashtra, state of Maharashtra state of Maharashtra, state of Maharashtra",happy
The most popular city of the world is the world's second - largest city. The largest city in the world is the world's largest city.,neutral
"But what about the light that is coming out of the world, where there is no darkness?",neutral
The weather appears to have made it easier for the rain to rise from the earth.,neutral
The game was empty,neutral
We are not overly concerned about what we are doing,sad
"If you choose to live in the world, you will be able to enjoy life together and enjoy life in peace and with your family.",neutral
"As a result of this development, the number of Witnesses worldwide increased by 40 percent.",happy
"Don't be like your father, for he says: ""I'm sorry about you. I don't want you to be like him! """,angry
Who is this woman? It is like a man traveling abroad.,angry
"You have no idea what's going to be done, but you don't know what's going on",angry
Nothing happened to her. She didn't even know what she was saying.,angry
Make sure that your child is ready to listen to you,angry
"World War I broke out in 1914, and millions of people from all over the world have come to know Jehovah as the only true God.",happy
"And it shall be for a sign upon thine hand, and for a witness upon thine hand; and it shall be for a sign upon thine hand, and for a witness upon thine hand.",neutral
Don't fix the following packages: don't run after them.,fear
"You are going to shoot the train. """,angry
He was a member of the Governing Body of Jehovah's Witnesses.,happy
Do you consider yourself to be a teacher?,neutral
What do my conversations reveal about my love for Jehovah?,sad
"What is the current session of this project, and how do you feel about it?",angry
"The Bible foretold that there would be an attack on God's people during ""the great tribulation "" and that"" the war of the great day of God the Almighty "" would end in 1914.",sad
"The New York Times of January 15, 2015, issue of The Watchtower was released on October 6, 2015. It was announced at the Assembly Hall of Jehovah's Witnesses in New York City.",happy
"Woe unto you, scribes and Pharisees, hypocrites! for ye are strong in heart, but ye are strong in heart.",angry
We asked you to forgive him.,angry
"In the last decade, India's history has become a major concern for the history of India.",neutral
"It does not belong to man who is walking even to direct his step. It does not belong to man who is walking even to direct his step. """,angry
The baby wants to have a baby.,angry
"If the house is on fire, it can be seen that there is no way to get out of the house",sad
"But thou shalt be taken, thou, and thy son, and thy son's son, and thy daughter's son's son's son's son's son.",angry
""" I don't feel that way, "" she says, ""but I can't find a job.",angry
As told by David F.,neutral
Thank you. Thank you very much.,happy
"During the past five years, I have had the pleasure of serving as an elder in a congregation of Jehovah's Witnesses.",sad
"Maharashtra my son, I will sing praises to my country.",happy
What a fine example for us to follow!,fear
Now let's see what happened.,fear
What a blessing it will be to be part of Jehovah's organization!,happy
So shall the blood of Christ be poured out on the earth; and the love of the flesh shall be poured out upon us: for the love of the Spirit is love.,neutral
It was already late last night.,neutral
"World War I broke out in 1914, when the Great War broke out, Jehovah's Witnesses began to active with the activities of Jehovah's Witnesses in Canada.",sad
"And I took up the men that were with me, and the men that were with me, and the men that were with me,",neutral
And she was three years old when she got in touch with her sister in law.,neutral
The first - century Jews did not want to be a part of the Law covenant that Jehovah God gave to the ancient nation of Israel.,neutral
"But the judgment of the righteous will be cut off, and the righteousness of the righteous will be cut off.",sad
"It is estimated that by the time of the birth of the child, the infant's first child was born.",neutral
Thank you for the first time in my life.,happy
"With my first wife, I was assigned to serve as a circuit overseer in the circuit work, and I was assigned to serve as a circuit overseer.",happy
"for the life of the world is the life of the world, but it is the life of the world.""",angry
Indian vice presidential election of India [ Picture Credit Line on page 2],happy
"More than 19,000 people were killed during the war.",happy
The time is fast approaching when Jehovah's judgment will be executed upon Satan's wicked system of things.,neutral
There is nothing wrong with that.,sad
"When I looked at my brother, I was moved to tears.",neutral
It looks so cool.,sad
[ Picture Credit Line on page 2],angry
Calming to the public in front of the public in front of the public in order to prevent the prisoners from entering the Kingdom Hall,neutral
It is like looking at a man's face to see if he has ears and ears to hear.,neutral
"Some students wanted to write letters, write letters, and write letters.",fear
There is no place to burn,neutral
Where is my country?,sad
What a delight it is to be able to serve where there is a greater need for Kingdom publishers!,neutral
"If you're ever lost, you'll begin to change. """,happy
"Many people think that life is impossible, but they realize that it is impossible to find meaning in life.",sad
I will make a full end of all the work that I have done for your house.,happy
Is there a religion that is different from the religions of the world?,neutral
This film is easy to use.,angry
"There are those who go down to the pit, those who escape and perish; those who are left in Sheol , those who escape, those who escape, those who escape, those who escape, those who escape, and those who escape.",sad
You are in a state of shock! --More--,fear
"And it shall come to pass, that every one that hath an issue shall be cut off from his house; and every one that hath an issue shall be cut off from his neighbour's house.",angry
We made decisions and made decisions.,happy
Have you ever been on duty?,neutral
Is there a language or language that is spoken on every corner of the earth?,neutral
It is estimated that more than half of the people in the United States live on less than 10 per cent of the world's population.,neutral
"We believe that we are living in ""the conclusion of the system of things "" and that we are living in"" the conclusion of the system of things. """,neutral
This isn't just your age. It's the best idea of work.,angry
"Thou hast made us to pass through the midst of the sea, that we should not enter into the land which thou gavest unto our fathers.",angry
I was afraid of the fear of death.,fear
The father of the family is Mary's son,neutral
"The population of the United States is growing in knowledge of God's Word, and its message is widely known as the good news of God's Kingdom.",sad
"And it shall be, when they hear the sound of the trumpet, that they shall say, 'This is the king's son;'",happy
It's hard to understand what we are thinking and what we don't know,sad
"The sons of Kohath by their families: of Gad, the family of the Gadites: of Dan, the family of the Uzzielites.",neutral
"According to the World Health Organization, more than 22 percent of the world's population live on less than 10 per cent of the world's population.",neutral
It's not as strong as it is. It's as cold as cold.,angry
The main reason for this war is that war is no more than a global conflict between religion and religion.,happy
Do you want to be like them?,angry
(b) How did Jesus show that he was willing to wait patiently for the fulfillment of God's promises?,fear
He didn't want to go with him; nor did he want anyone to go with him.,angry
"As it turns out, there is a tendency to be overly concerned about the health of the loved one",sad
I didn't write this letter,neutral
The lips cannot be turned open.,angry
Get up and go to the doctor!,neutral
It's all like to talk about our problem. It's all we have with our own hand.,neutral
"The Court's response was: ""If you are one of Jehovah's Witnesses, you are in a position to take a stand for Jehovah's Witnesses. """,happy
"As told by David B.C.E., King Solomon of ancient Israel was inspired to write down the words of Psalm 34: 3: ""O Jehovah, you yourself have proved to be a real dwelling for me during my youth. """,happy
"Whether you are young or old, the most important thing you can do is ask yourself: "" What does this teach me about Jehovah?",neutral
"The Bible says: ""The wisdom from above is first of all chaste, then peaceable, reasonable, ready to obey, full of mercy and good fruits, not making partial distinctions, not hypocritical. """,neutral
%1 is not a valid name.,angry
"In the 18th century B.C.E., King David of ancient Israel was anointed as king of Israel. He was called ""the Most High over all the kingdoms of the earth. """,neutral
"It happened at the end of three days, that the fire fell from off all the house of Israel.",neutral
How would you feel if you were to preach in a foreign - language field?,neutral
"Pray for God's Kingdom to come, and pray for God's will to take place ""as in heaven, also upon earth. "" - Read Matthew 6: 9, 10.",neutral
"* When the time comes for Jehovah's judgment to be executed on Satan's world, we need to keep in expectation of the end of this system of things and the end of this system of things.",happy
This is the case in the United States.,angry
"Draw near to God, and he will draw near to you. Keep your peace, and your peace.",sad
"""Is it true today?"" ""Yes, it's here, not today.""",neutral
"The view that the evidence is based on the fact that it is based on the evidence that we are living in ""the last days "" of this wicked system of things.",angry
I was the first time I was born.,happy
It's very cold now.,sad
It's not a language that is never spoken,angry
"When the day of Jehovah arrives, it will be in those days that ten men out of all the languages of the nations will take hold, yes, they will actually take hold of the skirt of a man who is a Jew, saying: "" We will go with you people, for we have heard that God is with you people. ' """,sad
[ Picture on page 10],sad
The Court's judgment on the flag and the decision - making process may differ from one individual to one of Jehovah's Witnesses.,angry
"This does not mean, however, that he does not have to be called ""the father of all those having faith "" or"" the father of those having faith. """,angry
It was not until the mid - 1930 ' s that I began to study the Bible with Jehovah's Witnesses.,sad
What will you choose?,angry
"In the 16th century, for example, the Catholic Church of England sent out its representatives into exile on the island of São Paulo. There, there were only one group of Jehovah's Witnesses on the island of São Paulo.",angry
"On May 5, 1942, I was invited to serve as a member of the Governing Body of Jehovah's Witnesses, and I was appointed as a member of the Governing Body of Jehovah's Witnesses.",sad
"At first, we didn't know what to do.",neutral
"I also worked in the Service Department and later in the Service Department, which invited me to become a member of the Governing Body of Jehovah's Witnesses.",neutral
I've already made a number of adjustments,angry
"And it shall be for a fruitful field, and for a fruitful field; and the fruitful field shall be a desolation.",sad
It is time to wait and see that Jehovah's day is coming,sad
What is the secret of a good dress? A good mother's love is as beautiful as what she has.,happy
"An article in The Times of London stated: ""If you have a copy of the brochure You Can Live Forever Forever in Paradise on Earth, see the brochure The Greatest Man Who Ever Lived, published by the Watchtower Bible and Tract Society of New York, Inc., as well as the brochure What Does the Bible Really Teach?, Awake!, published by Jehovah's Witnesses., published by Jehovah's Witnesses, by the Watchtower Bible and Tract Society of New York, published by the Watchtower Bible and Tract Society of New York, Inc., is the first published by Jehovah's Witnesses.",happy
"Yes, let us live in the last days! - Rom.",happy
"Thank you for all you have done for me. """,happy
"What was the meaning of the expression ""the kings of the earth ""?",neutral
You too can be confident that Jehovah will help you to cope with any trial that Satan may bring upon you. - Prov.,fear
Make a list of people who are willing to listen to your children's advice.,neutral
The current operation of this organization is not supported,neutral
Start burning as soon as this has been done,fear
We're going to watch a ship.,fear
"At the end of the test, ""the appointed times of the nations "" ended in 1914 when"" the appointed times of the nations "" ended, and ""the last days "" began.",sad
"Give me a little honey, that I may like to drink.",happy
"With his parents at the age of 13, he began to study the Bible with Jehovah's Witnesses, using the book Knowledge That Leads to Everlasting Life, published by Jehovah's Witnesses, published by the Watchtower Bible and Tract Society of New York, Inc.",happy
"The judge told him that if he did not know what to do, it would be better for him to change his mind and heart.",fear
"It's very cold in the winter, but it's very cold in the winter.",sad
"The sword of the mighty, the spear of the terrible one, is sharper than any two - edged sword, and the sword of the mighty ones is sharper than any two - edged sword. """,happy
""" It's time for you to go to bed tomorrow's husband, "" she says, ""and you're going to have a baby.",happy
One of the police in the police station is a police force,sad
The words of your mouth are true; and the words of your mouth are truth.,angry
""" O how great your works are, O Jehovah! All of them in wisdom you have made.",happy
"As you engage in the field ministry, you need to take full advantage of the spiritual provisions made through ""the faithful and discreet slave. "" - Matthew 24: 45 - 47.",happy
Have you ever had a fever?,angry
This is not just a matter of religion; it is not a religion; it is a religion; it's a religion that has its origin.,sad
"make war against them that are of the household of the saints, and of them that are of the seed of Abraham, and of the seed of Abraham, saying,",happy
"This is the inheritance of the tribe of the children of Ephraim, and of the tribe of the children of Ephraim, and of the tribe of the children of Benjamin.",neutral
It was a beautiful sight for us to see how many times we could spend together in the morning.,happy
"The end of the rule of the kingdom will end, and the end of the next year will end.",sad
The village wasn't found. The village was destroyed.,angry
How do you feel when you see only one hand in your eye?,fear
Would you have listened to me?,sad
There was a lot of fun.,happy
"Thou shalt make a new mother for thy son, and a son for thy daughter, and a servant for thy mother's sake.",happy
[ Picture Credit Line on page 2] Some names in this article have been changed.,neutral
"So let's take your place, your friends, your friends, and your friends.",neutral
What is the meaning of this parable? It's because it's because it's a very similar number.,sad
Do you know what you're going to want? -,neutral
A mother can do much to help her baby understand why she feels that she doesn't have to be able to do what she wants to do.,angry
Don't be so sad that you don't have to be so close to your spouse that you don't have time to talk to your spouse,sad
"As we do so, we can take comfort in knowing that we are living in ""the last days "" of this wicked system of things. - 2 Timothy 3: 1 - 5; 2 Timothy 3: 1 - 5; 2 Timothy 3: 1 - 5.",sad
"For there is a time of trouble, a time of trouble, and a time of anguish; and a time of anguish, and a time of anguish;",sad
"We're going to have a party, and we're going to have it. We're going to have it! We're going to have it!",happy
Consider the experience of a young woman in India. She was raised in a family of Jehovah's Witnesses.,happy
"During the first world war, many people were forced to flee their homes.",neutral
India - Never Endeth It's better to go to America than to go to America than to go to America with the other students at the time,neutral
Is There a Creator Who Cares About You?,happy
"When I was six years old, my mother began studying the Bible with Jehovah's Witnesses",sad
"Now if there be any with you, let there be none of you: for there is none with me in the house, or with me in the house, or with me in the house.",neutral
Jerusalem is a desolate country.,angry
""" It's hard to see how it's so bad, "" they say, ""but it's hard to see how it's so bad. """,angry
brotherly love is a vital part of true worship,happy
Why did he write these words?,angry
"If she wants to talk about sex, she must be careful not to talk about it.",neutral
"It has never been a city of refuge, but it has never been built. """,angry
You can be sure that Jehovah will not forget your work and the love you showed for his name.,neutral
Sweden is the biggest country in the world.,happy
"Not to be overlooked is the fact that we are living in ""the last days "" of this wicked system of things. - 2 Timothy 3: 1 - 5; 2 Timothy 3: 1 - 5.",sad
"I don't know what to do, but if I don't know what to do, I won't do it.",happy
"And the goods which are in the world are his, and those that are in the world are his.",neutral
No longer will people of all nations be able to live forever on a paradise earth,neutral
"At first, we didn't know what to do. We didn't know what to say or do. """,neutral
Matthias Elter,happy
Let's talk about the problem. Let's talk about this.,sad
It is like looking for light in the darkness before it is dark.,sad
"As you can see from the thousands of examples of faithful men and women of old, you can learn much about the history of Jehovah's Witnesses.",angry
It's not a matter of whether it's time or time to leave,neutral
"In the United States and other countries, it is estimated that more than half of the people in the United States have been reached with this challenge.",angry
"And all the cities of his dominion, and all the cities of his dominion, and all the cities of his dominion, were gathered together to fight against Jerusalem.",angry
Happy New Year!,happy
She was beautiful in her eyes.... She was beautiful in the eyes of men....,sad
The United States is also home to five million people every year.,angry
"How true these words are: ""My son, if you will receive my sayings and treasure up my own commandments with yourself, so as to pay attention to wisdom with your ear, that you may incline your heart to discernment; if, moreover, you call out for understanding itself and you give forth your voice for discernment itself, if you keep seeking for it as for silver, and as for hid treasures you keep searching for it, in that case you will understand the fear of Jehovah, and you will find the very knowledge of God. """,happy
"It was reported that after three months of marriage, she had been in the full - time ministry for more than 30 years.",happy
Thank you for having such a close friendship with him.,happy
Hope in the God of Our Lord Jesus Christ helps us to have a full share in the Kingdom - preaching and disciple - making work,happy
"I have been sick for 38 years, and I have been very hungry for years.",sad
Your house is full of blood. Your house is full of blood.,neutral
"And it came to pass at the end of forty years, that the plague fell upon all the inhabitants of the city, even all the people that were with him.",happy
Can't listen to the sound of the trumpet?,angry
"His family and friends, including his wife and daughter, sold him into slavery.",sad
Will the innocent be put to death? Will the innocent be put to death?,angry
"After a few weeks, we were assigned to the district work in the United States.",neutral
I am not getting drunk. I am not getting drunk,neutral
India's railway station was built in India by India. A number of students were asked to go to India and travel to India.,neutral
"After the convention, I received a letter from the branch office of Jehovah's Witnesses in Brooklyn, New York, U.S.A., for which I served as a member of the Governing Body of Jehovah's Witnesses.",sad
"As told by David F.C.E., his first love for Jehovah was his primary concern for the welfare of his people.",happy
"When you turn to the right hand, you will see it.",neutral
"The rest of the soldiers were afraid, and were terrified. The doors were locked, and the doors were locked.",angry
"In the United States, for example, the number of people who live in the United States has increased by 20 percent.",angry
village of Maharashtra,sad
There's nothing left to stop you from getting upset,sad
"Among other things, the bond between parent and son is based on love and friendship",sad
Whether or not to the extent that the tire is clean or not is a matter of choice.,neutral
"In the United States, for example, the number of full - time ministers has increased by more than 20 percent.",sad
God's Kingdom is a real government,angry
"And if she be covered with sackcloth, then she shall be covered with sackcloth, and her hair shall be burned with fire.",sad
"In a similar way, Jehovah's people are determined to remain separate from Babylon the Great, the world empire of false religion.",fear
"This love is love, and love is the most important quality in the world.",happy
"And it came to pass, when the wicked man was dead, that he took his sin, and slew his sin with the sword,",sad
"The Bible tells us: ""God made out of one man every nation of men, to dwell upon the entire surface of the earth, and he decreed the appointed times and the set limits of the dwelling of men, for them to seek God, if they might search for him and really find him, although, in fact, he is not far off from each one of us. """,sad
"It is also true that ""the one walking with the wise will become wise, but the one who has dealings with the stupid ones will fare badly. "" - Proverbs 13: 20.",sad
We're going to win this game now.,neutral
It will be a little better for you to make sure that you have enough time to harvest the harvest,sad
Watching the World,neutral
"After a while, we were assigned to the district work in the United States, where we were assigned to serve in the traveling work.",angry
"You are my sister, too.",happy
"It is time to get to know the true God and his Son, Jesus Christ, and to have the prospect of living forever on earth.",neutral
"Think, for example, of the life stories of King Solomon of ancient Israel. He wrote: ""My son, if you will receive my sayings and treasure up my own commandments with yourself, so as to pay attention to wisdom with your ear, that you may incline your heart to discernment; if, moreover, you call out for understanding itself and you give forth your voice for discernment itself, if you keep seeking for it as for silver, and as for hid treasures you keep searching for it, in that case you will understand the fear of Jehovah, and you will understand the fear of Jehovah, and you will find the very knowledge of God. """,neutral
"Why was it necessary for the vestals to make the long journey back to São Paulo, and how did it turn out for them?",angry
"What a wonderful future awaits all of God's loyal ones who trust in him with all their heart, soul, mind, and strength!",sad
E. M.C.C.C.C.C.C.C.C.C.C.C.C.C.C.C.C.C.C.C.C.C.C.C.C.C.C.C.C.C.C.C.C.C.C.C.C.i.C.C.C.C.C.C.C.C.C.C.C.C.C.C.C.C.C.C.C.C.C.C.C.C.C.C.C.C.C.C.C.C.C.C.C.C.C.i.i.i.i.i.i.i.i.i.i.i.i.i.i.i.i.i.i.i.i.i.i.i.i.i.i.i.i.i.i.i.i.i.i.i.i.i.i,neutral
The government plans to change the country of India.,sad
A good friend of mine is a good friend to those who hate you,sad
Who is this?,neutral
Where are the villages of the Philistines? Where are the villages of the Philistines?,neutral
We won the battle!,happy
The north side of the country; the north side of the country; the west side of the earth; the west side of the earth shall be lifted up.,happy
Watching the World 30 Watching the World 30 From Our Readers,neutral
Maharashtra is the official language of Maharashtra and Maharashtra.,neutral
"During his stay in prison, he was able to care for his family's physical needs.",neutral
There is a strange religion in ancient India.,neutral
"I had no idea what to do, but I did not know what to do. I did, and I did not know what to do.",neutral
"As many of them as are called of us, of whom be princes of the people of the land, of whom be servants of the king.",angry
"It was called ""the land of Magog "" or"" the valley of deep shadow. """,neutral
It doesn't seem to be easy to get used to it,angry
"If you want to be a witness here, tell it to a friend or a relative",angry
"From top left to right, left to right, right to right: No, right: No, I'm not sure if you really know what your life will be like under the sun.",sad
"As a result, many people have been able to overcome the pressures of this world and have come to know Jehovah's standards of right and wrong.",angry
"That's true. """,neutral
"Thou shalt not make thy brother's son into thy bosom: then shalt thou put his hand upon thy mouth, and lay his hand upon his mouth.",angry
"In the United States, the number of students in the United States is increasing by 20 percent!",happy
Was this the case?,sad
"send gifts among my brethren, and send gifts among them; let my beloved, and let them return to me.",happy
Make sure you don't have enough time to communicate with your children. Make sure that you don't have enough time to communicate with them.,angry
But the seventh seal had not yet been cut off: neither was there any kingdom left.,neutral
This was the first time I was born.,neutral
There's nothing left to lose,angry
For all the gods of the people are higher than the sand of the sea.,happy
I'm writing to you as I've written down your name for a few years.,happy
The woman's secret is a good name. It's a woman's name.,happy
I am very happy to tell you about the wonderful things that Jesus had taught his disciples during his earthly ministry.,happy
You're the one who liked it.,happy
Why don't you eat dinner at least once a day?,angry
"And when they had opened their eyes, behold, the child was lying in the bed, and they bowed down to him, and bowed themselves to the ground.",neutral
STUDY ARTICLES FOR THE WEEKS OF:,neutral
Why didn't anybody go down to the kitchen?,neutral
This story is very strange.,angry
This does not mean that justice is a lie.,sad
"We are surrounded by people who are ""in darkness mentally, and alienated from the life that belongs to God. """,happy
"The shield, and the shield, and the battle, and the shield, and the shield, and the shield.",angry
How much better it is to be led astray by the spirit of the world and by the spirit of the world!,happy
You said I wouldn't listen to you. I didn't tell you my story.,sad
"This is what the apostle Paul did when he wrote: ""When I was a babe, I used to speak as a babe, to think as a babe; but now that I have become a man, I have done away with the traits of a babe. """,neutral
I am very grateful to Jehovah for helping me to face the future with courage and courage.,happy
"It is true that human governments have no control over the affairs of the world. """,angry
"The problem is, of course, not everything that happens to us at all.",neutral
We're all going to win the game,sad
"Yes, I'm sure",neutral
The destruction of Jerusalem in 607 B.C.E. when Jerusalem was destroyed in 607 B.C.E.,sad
You have given us a warning to go to. We're sure you're sure you're sure you're on our way.,neutral
Don't deliver up the soul of the poor to the slaughter. Don't deliver the soul of the needy to the needy.,happy
"So the question is, What's the name of a man?",happy
Mumbai is the highest mountain in India.,neutral
Why did this couple need to decide for themselves what to do with their own choice of free will?,neutral
Many people were so crowded that they couldn't stand on the street.,sad
"And be glad, and rejoice, and be glad, and be joyful, and rejoice with all your heart, and be joyful with all your heart.",happy
Your children can learn much from the Bible's wise counsel,neutral
"With my husband's help, my husband and I were able to move to a small town where there was a great need for Kingdom preachers.",sad
"We were with James the brother of John, the brother of James.",happy
Do you take care of your children? Do you take them for granted?,neutral
"In those days there was a certain king in the land of Judah, who ruled over all the land of his dominion.",angry
A fool is a fool's friend.,angry
The police are on the side of the road,angry
"We have a great reward for our work. We don't know where we are going, nor where we are going.",sad
Look at the Good News of God and the Future of the Dead,neutral
The number of students working in this factory has grown from 4 to 4 years. You have no idea how many friends there are in the world and in the world.,neutral
Why can we be sure that Jehovah will not allow us to be tempted beyond what we can bear?,happy
The power adaptor to the power of the knower is based on the right action.,angry
"And they that had received it were those that said,",neutral
There is no way to escape the destruction of the present wicked system of things.,neutral
It is estimated that nearly half of those in the United States will be left without a copy of the Bible.,sad
Take time to communicate with your children,happy
I spent three days in prison for refusing military service.,neutral
"I know you're crazy. It's crazy, but you know it's crazy.",angry
"be wise, my son! Be courageous and strong!",happy
"If you don't want to see this movie again, you can't be sure you're going to have it.",sad
Now Is the Time for Good News,happy
"The house of the house is like a garden in which there is no house, and its place like the garden of Eden.",sad
This object is made of approximately half the world's largest and long - term systems.,angry
What will help us to stay awake and keep on the watch?,sad
She didn't finish the card! She didn't finish it!,angry
"When we get up at the end of the watch, we'll get up at three or four in the morning.",angry
"If you are reading with a child, the dash provides a reminder to pause and encourage the child to express himself.",neutral
"At the time of the end, there will be no more war, famine, sickness, or death.",sad
We have time to eat at night.,happy
"And the rest of them which are in the land of Moab, which are in the land of Canaan, are these cities which are round about them that come out of the land of Canaan.",happy
"Who were their children, and who were their father's children, and who were their children?",happy
It's all like to talk about you. It's all right.,neutral
The page of the page is already created,sad
What Does God Require of Us?,neutral
Long live India and Dan!,happy
"There is no work at this time. """,sad
"Is it any wonder, then, that there is no way to drink water that is clean and undefiled?",fear
You will be able to communicate with your daughter,neutral
"God's name has been translated into four languages: God's name, the Bible, and the New World Translation of the Holy Scriptures",happy
"I don't want to be like that. """,sad
"In fact, the United States branch had a large population of about 100 million inhabitants!",happy
"The Bible says that ""the heart is more treacherous than anything else and is desperate. """,happy
Subject Index for The Watchtower 2011 Indicating date of issue in which article appears,happy
Among those who went to the island to see if there were any who could hear the Kingdom message in their own language,neutral
"In the morning it will be as in the night, like the dew that is driven away by the rain which is driven away by the rain out of the land.",sad
"In fact, in the United States, nearly 60 percent of those who attended the Memorial of Christ's death attended the Memorial of Christ's death.",happy
And thou shalt take them for a prey unto the children of Ammon; and thou shalt cause them to inherit the land which thou shalt inherit.,fear
"And what shall I do unto the children of Israel, that they cannot enter into the assembly of the Egyptians? for they cannot enter into the house of their mother.",angry
It is reported that there are more than half the people in the United States who believe that religion is the cause of it than that it exists.,angry
"Q: How much better it would have been for Samson to go to the tent and take his brother's garment with him to the tent of meeting, where he would have to go to the tent of meeting, where he would have to spend the night with his father.",neutral
"In the United States, the male is the most popular in the world, but the male is also the male and the female is the most popular in the world.",happy
"Behold, the day of judgment is near! Behold, it is a day of good news!",neutral
"For they have come down from the cross, and are come unto him.",angry
Average years in full - time service,sad
"In the United States, for example, there are over half the world's largest cities in the world, and in the United States, it is still the world's third - largest island.",happy
"O my father, remember me when you came into the house of my mother, and when you came into the house of my mother's mother's mother,",angry
Have you ever been appointed to serve as an elder or a ministerial servant?,happy
"In some countries, children are expected to move to a country where there is a greater need for Kingdom publishers.",angry
The silver pieces of silver that the queen of Sheba gave him was the price of being sold to the queen of Sheba.,angry
And all the men that were with him were slain with the sword.,happy
He doesn't have an English word.,angry
"Now we are in the midst of you: we are in the midst of you, and we are called by your name.",angry
She just left me alone.,happy
"The first resurrection of the dead is the power of the holy spirit, and it is the power of the holy spirit to act as God's powerful active force in our life.",neutral
What about the cities of Ephraim?,sad
"No matter how large a wooden ark could be, there was no wood for the ark",angry
Your friends love you and your loved ones,neutral
(Contin: edd) The reason for this stand was that Jehovah's Witnesses do not preach the good news in all the inhabited earth.,neutral
"It's hard to know how to play the game, but it's easy to play it.",angry
"And it shall come to pass, that, when he hath done this work, he shall do it in his work.",neutral
"The prince of the tribe of the children of Dan, even the tribe of the children of Ephraim.",happy
"In the midst of the world, in the midst of the rocks, and in the midst of the rocks. The land is shaken away, and there is no way to destroy it.",sad
The most important thing in the world is to get the best out of one's means of living.,happy
Is used to notify that honey is good,neutral
"For he is not in the power of his power, but in the power of his power.",happy
This is a matter of whether it is right or wrong,neutral
Not only did the police visit the police but they also tried to force the police to force the police into the air.,happy
The service is not supported,sad
Find the next changes in the current move,neutral
"How can we show that we love Jehovah with our whole heart, soul, mind, and strength?",happy
"How true the words of 1 Corinthians 6: 9 - 11 proved to be in Paul's day: ""Do not be anxious over anything, but in everything by prayer and supplication along with thanksgiving let your petitions be made known to God; and the peace of God that excels all thought will guard your hearts and your mental powers by means of Christ Jesus. """,happy
I'm not rich enough to buy a price,neutral
The first speech speech is just ahead.,sad
"My father has a friend, but he won't wait until he comes to the age of ten. He's now serving as an elder in the army of Jehovah's Witnesses. He's now serving as a member of the Governing Body of Jehovah's Witnesses. He is now a member of the Governing Body of Jehovah's Witnesses.",happy
Let us take a few minutes to get up at the end of the morning to the first end of the day,angry
There's no need to create a world map,neutral
"It's hard to find a job, but it's hard to find a job.",sad
My dear wife and I have had the privilege of helping many to come to know Jehovah.,neutral
"It will not return to me without results, but it will certainly do that in which I have delighted, and it will have certain success in that for which I have sent it. """,neutral
"If you are a parent, do not conclude that it is time to make a name for your child or to play a role in the child's development.",happy
"There's a lot of chicken in the world, but beer isn't enough.",sad
"Whether or not, the car has changed",fear
"(For fully formatted text, see publication)",happy
Did you take your shoes out?,angry
"In the early part of the 20th century, for example, the work of Jehovah's Witnesses was banned in Canada.",happy
Unable to find a solution,sad
"As you can see from this arrangement, you will be able to draw closer to Jehovah by reading his Word and meditating on what you read.",angry
New New Year!,happy
"And the third row was the length thereof, and the breadth thereof, and the breadth thereof, and the breadth thereof, and the height thereof, and the height thereof, and the height thereof, and the height thereof, and the height thereof, and the height thereof, according to the number thereof.",angry
Our home is on fire on the roof of our house,angry
"and of the love of your hands, the love of your songs, and the love of your songs,",neutral
"There will be no one who hears the sound of the trumpet, nor anyone who hears the sound of the trumpet.",angry
"It is a beautiful flower, but it is very beautiful to see how beautiful it is to see how beautiful it is to see how beautiful it is to see how beautiful it is.",happy
"His father, Jacob, is now in his early 20 ' s. He is now in his early 20 ' s, serving as an elder in the United States.",angry
What's wrong with what's wrong.,fear
• What are some ways in which we can show our love for Jehovah?,neutral
COVER SUBJECT  DOES IT DO YOU DO?,angry
We didn't want to be friends.,happy
A fine way to show your appreciation is to share Bible truths with others,happy
Tomorrow I'm going to go tomorrow,neutral
"And there was a bed and a table on the one side of the table, and a bed on the other side of the table.",neutral
We pray for God's spirit to help us cope with life's problems and to keep our eyes focused on God's Kingdom.,happy
What Is Your Answer?,neutral
It's the wealth of the city.,happy
"No evil thing shall be found in the fire, or in the fire, or in the fire,",happy
It is true that children who are raised by parents who are not members of the same family are not members of the same family of Jehovah's Witnesses.,angry
"At the next end of the series of articles, the ""Young People Ask... "" series was a series of articles entitled ""How Would You Answer? """,happy
No one wants to be caught by police!,angry
This will be the final outcome of Satan's wicked system. The result will be an end to the present wicked system of things.,happy
He's talking to us about what he says,angry
"In some cases, it may be possible to address the problem by saying ""I'm sorry "" or"" I'm sorry "" or ""I'm sorry. """,happy
Our home was a small village in the United States.,happy
The card has been on the right side of the station,angry
"But you have no friends, because you were hungry, yet you didn't come alone.",sad
Allow signs to be used to indicate where you want to on the right side,angry
"It has been said that ""the earth is about five times greater than the beginning of the past. """,happy
Who should number the key to the end of the discussion?,neutral
He'll show it to him that he doesn't want to go to the kitchen.,angry
"Let his glory be turned into mourning, and his majesty into destruction.",fear
Did you write a letter?,angry
This is what he did in the days of Solomon the king.,sad
"He was a member of the Governing Body of Jehovah's Witnesses, and he was a member of the Governing Body of Jehovah's Witnesses.",sad
The railway station of Belum cave is located at the top of the station,happy
"Mother's mother, mother, and children in the house house, in front of the house,",sad
Isn't this the case? Isn't this the time for eating milk?,angry
What a fine example for us to follow when we are faced with a decision - making decision!,angry
"When they first saw him, they were glad to receive him into their homes.",happy
God's will is that all sorts of men should be saved and come to an accurate knowledge of truth.,neutral
"When you get there, you're going to find out what happens.",angry
"In some cases, it may be possible to find out what the Bible says about the end of this old system of things and what the future will be like in the next article.",fear
"As we eat this meal, we have to keep in mind that there is much more happiness in giving than there is in receiving. - Eccl.",fear
"Your feet are like a young lion's feet, and your feet like a young lion's feet.",fear
"And to him shall be our peace, and the peace, and the peace, and the peace, and the peace:",happy
"The first sentence was written in a book. It was written in a book, and it was written in a book.",sad
"You are the first to say to your parents, 'You are right;' and to your right, 'You are right.'",angry
But that's the end of it. The former things have passed away.,fear
Will I go to New York next month?,neutral
"The coconut is known for its beer, such as the beer of milk and milk",happy
"The Bible tells us: ""God loved the world so much that he gave his only - begotten Son, in order that everyone exercising faith in him might not be destroyed but have everlasting life. """,neutral
[ Picture Credit Line on page 15],happy
Checking whether the file is missing could not be used,neutral
"And all these are the kings of the earth, which are the princes of the earth.",angry
Our hair has grown black,angry
Put on the got you! You have to go! You have to go! You have to go! You have to go!,fear
"How happy we are to see some of our brothers and sisters, young and old, in the congregation, in the missionary work, and in the traveling work!",happy
We need to be careful not to be overly critical of others,sad
"He has a name for himself. His name means ""He Causes to Become. """,angry
Do not give up on people who are around you; they don't have to be on your side; they don't have to be on your side; they don't have to be on your side; they don't have to be on your side; they don't have to be on your side....,angry
God's Kingdom is a real government,angry
"And the mother gave birth to a son, and she gave birth to her son's name, saying,",happy
"The sun's heat, however, does not depend on the sun's heat.",fear
"After a while, I was able to find out what had happened.",sad
"When I was six years old, I used to say, ""I'm not going to see you, "" but I'm going to have a conversation with you.",fear
"As a result, the children are not allowed to live without the benefit of the child.",neutral
We have not to be a part of Satan's world!,angry
We should not give up in doing what is pleasing to Jehovah,neutral
"In this regard, let us go to the University of California, U.S.A., where we are studying the Bible with Jehovah's Witnesses.",happy
There's no reason to be anxious about the next day.,sad
"The former things have passed away. "" - Revelation 21: 3, 4.",happy
"At the end of each month, I received a letter from the branch office of Jehovah's Witnesses in Brooklyn, New York, U.S.A.",angry
"And, behold, I know that thou art nothing; yea, I know that thou shalt be greater than the stars of heaven.",angry
This is the second message that I will tell you today.,fear
Would you like to sit down and sit down on the ground and sit down on the ground?,angry
"1, 2.0 . . . . . . . . . . . . . . . . . . . . . . . . . . . . . . . . . . . . . . . . . . . . . . .",happy
A Visit to England's New York Times,happy
For there is nothing in the mouth of man that hath been broken; and there is nothing in the mouth of man that hath been broken in the mouth of man.,sad
What's wrong with you. It's all right.,angry
"For I say unto you, Ye are not all of us; but ye are one of them.",neutral
"But do you know that the dead are raised up, and the dead are raised up, and the dead aren't raised up?",angry
"And he said unto him, This was the word of the LORD, which he spake unto us by the hand of Moses.",sad
What a joy it is to be able to share in this wonderful work!,happy
A house with its suburbs will be built,happy
"It doesn't make a lot of fun, but it doesn't make a lot of fun.",angry
You have the biggest number of friends you have ever seen.,angry
"It is estimated that in the 18th century, birds of prey were found on the surface of the ground, resulting in hundreds of deaths of thousands of millions of deaths and deaths and deaths.",neutral
"Draw close to God, and he will draw close to you. He will draw close to you.",fear
My grandmother is sleeping in the sun. Her sleeps all day.,happy
Location: Watch Tower Bible and Tract Society of Pennsylvania may be named as the beneficiary of a life insurance policy or a retirement / pension plan.,neutral
"If you plan to buy a house, you will be able to buy a house and a house.",neutral
The first year of the reign of World War II was World War II.,happy
"As a child, I wanted to know how to raise my son when he was six years old.",happy
Thou shalt not go forth into the field: for thou shalt not go out with thy feet to fight with him.,neutral
"For example, in the United States, a child's brain is quite different from the one in which it can be separated from its mother.",angry
All of this may have resulted in the spread of the good news of the Kingdom. - Matthew 24: 14; Mark 13: 14 - 16.,angry
"The first talk was entitled ""The Kingdom of God. "" It was entitled ""The Truth That Leads to Eternal Life. "" It was entitled ""The Truth That Leads to Eternal Life. """,angry
will help you to get to know your brothers and sisters as well as those who love you.,neutral
"Upon our arrival in 1957, we were invited to serve at the world headquarters of Jehovah's Witnesses in Brooklyn, New York, U.S.A.",neutral
"On the right hand, the right to freedom of religion to choose between right and wrong, to choose between right and wrong, to choose between right and wrong, to choose between right and wrong, to right and wrong",happy
"In the United States, for example, a survey conducted by Jehovah's Witnesses in the United States revealed that ""the majority of people in the United States believe that they have no right to do or to do so. """,happy
"During the 1990 ' s, the government banned the activities of Jehovah's Witnesses in the United States.",neutral
You need more.,happy
"Who was the most outstanding man in the world, and what was the greatest man in the world?",neutral
In some countries it is common for a mother to feel that her baby is a child's first child.,neutral
"According to The New York Times of January 15, 2001, the Supreme Court of Human Rights ruled that ""one of the most important laws for men in the world must have been the cause of violence in the world, "" reports The New York Times of London.",neutral
"The problem is, of course, not all the problems are getting worse every year.",neutral
A dead man is in the grave before the face of death,sad
"Who, then, is the greatest man who ever lived, and what will he do?",sad
"You weren't born again when you were born, and you weren't in the world.",angry
"Esctivity Simnas/; Hebrew: ""Intivation of the fathers' houses; from the Hebrew to the Greek, from the Hebrew to the Greek, and from the Greek to the Hebrew, and from the Greek to the Greek, and from the Greek to the Greek, and from the Greek to the Greek, and from the Greek to the Greek, Greek to Hebrew to the Greek, and from the Greek language.""",happy
"When we are faced with a decision, how do we react?",sad
"And there was a certain man of Benjamin, whose name was Benjamin: and the name of the captain of the army was Benjamin: and the name of the men of the city was Benjamin:",sad
"For your own name is great in the midst of you, and in the midst of you is great in the midst of you.",angry
Many young people have found that getting along with their parents has helped them to find happiness and satisfaction.,sad
"If you don't want to read this again, please read this verse again!",neutral
Set to true to their own standards of good and bad,neutral
There was a time when she and her husband were in the full - time ministry.,angry
"By the end of the 19th century B.C.E., Babylon became the world power of Babylon the Great, the world empire of false religion!",happy
"From the book A History of Man - Man or Man's Life - Five Questions Young People Ask - Answers That Work, * published by the Watchtower Bible and Tract Society of New York, Inc., published by the Watchtower Bible and Tract Society of New York, Inc.",neutral
"During World War II, Jehovah's Witnesses in the United States adopted the name Jehovah's Witnesses.",happy
Happy New Year!,happy
The drive is empty,angry
Thank you very much.,neutral
What is the difference between the two two illustrations and the two?,neutral
There was no way to get it.,angry
The current session was held at Nagpur on 9 May 2015. The station was built at Nagpur on 9 May 2015. The station was built on 12 May 2015.,neutral
"Don't be afraid of the taste of milk, or of the taste of milk, or of the love of honey.",neutral
"▪ When I was five years old, my mother, who was a child, asked me to call on my parents for help.",angry
"How important it is to ask yourself, "" How much time do I spend with others? '",neutral
This program is distributed by Jehovah's Witnesses.,neutral
"Why, then, doesn't the birth of a baby make a difference between the mother and the baby? Or even if a mother dies, will they raise a child?",angry
Where does that book come from?,neutral
"From the dawn of the second century onward, there was an urgent need for God's servants to make wise use of their time and energy in order to live in harmony with God's righteous standards.",happy
Use color size:,neutral
"This is the kind of creature that is cast into the lake of fire, which is cast into the lake of fire.",angry
"Her husband, who lives in England, is a student of the Bible. She is a student of the book The Secret of Family Happiness.",happy
"No, this isn't a house, but a house's sake.",neutral
My sister's sister started to study the Bible with her,sad
You can't see anything like that!,angry
"It was black as black as black as snow. """,sad
You can make sure that you don't know what to do. You can make sure that you don't know what to do.,happy
"In fact, the United States became a major part of the United States.",happy
"The U.S. President of the U.S.A., former president of the United States, said: ""We are very happy that we have been able to cope with life's problems. """,happy
'I don't know what to do or what to do. I'm not sure what to do.',angry
"And after a while, he was thrown into a deep sleep, and there was a hole in his hand.",angry
Love never fails,sad
The weather is very cold!,fear
Everyone who believes that he is the Christ will also be saved.,happy
"For example, in the city of São Paulo, São Paulo, U.S.A., a group of Jehovah's Witnesses called at our home and offered to study the Bible with them.",happy
Your brother's office is not in the office.,sad
"Woe unto thee, O ye that dwell in the midst of the fire, that be in the midst of the fire!",angry
"No, this is not just a bus driver, but a bus driver, a bus, a bus, a car, a car, a car, a car, a car, a car, a car, a car, a car, a car, a car, a car, a car, a car, a car, a car, a car, a car, a car, a car, a car, and a car.",sad
"In the United States, for example, a survey conducted by Jehovah's Witnesses in the United States revealed that more than 70 percent of those who attended the Memorial of Christ's death had been baptized in symbol of their dedication to God.",happy
Are you sure you will be able to answer the following questions: Are you sure you will be able to answer the following questions?,angry
"If you had lived there, what would you have done?",angry
This school is now called The Watchtower and Awake!,angry
"New Only one year ago, there were more than one year in the New World Translation of the Holy Scriptures.",happy
How does Australia's long history compare with that of India?,angry
"The apostle Paul wrote: ""Do not be anxious over anything, but in everything by prayer and supplication along with thanksgiving let your petitions be made known to God; and the peace of God that excels all thought will guard your hearts and your mental powers by means of Christ Jesus. """,sad
"In the United States, a mother with two children is expected to move to a country where there is a greater need for Kingdom publishers.",happy
"As a result, they were able to continue in the full - time ministry.",happy
"My dear brother, James, was very supportive of my dear brother.",happy
[ Picture Credit Line on page 2],neutral
Who doesn't want to see me?,sad
"Why should we be interested in the message we preach, and why?",angry
Unable to cope with the pain caused by the loss of a loved one,neutral
Your friend is really good.,happy
"In fact, in the United States there are more than 100 million soldiers!",happy
Welcome back to England.,angry
"For the day is coming when it shall come, and not night; and it shall be at night, and not at night: and it shall be at night, and not at night.",sad
"They do not want to interfere with God's purpose, nor do they want others to do what they want to do in God's service. Rather, they want to be guided by God's holy spirit.",neutral
Have you ever sold your umbrella?,neutral
"And the rest of the fruit of the tree shall be according to the word of the LORD, and according to his word which he shall choose.",sad
"The joy and satisfaction we have from helping others come to know Jehovah and his Son, Jesus Christ, ""the rewarder of those earnestly seeking him. "" - Hebrews 6: 10.",happy
I am a teacher in France.,happy
"A brother who served as an elder for more than 30 years said: ""I'm sorry that you didn't want to be one of Jehovah's Witnesses....",neutral
"This action is being declared to be ""the most important thing in the world. "" - U.S.A.",neutral
What a fine example for us to follow!,happy
"And the dust of the house, and the smoke of the city, and the smoke of the sword, and the smoke of the sword, and of the sword, and of the sword, and of the sword, and of the sword, and of the famine, and of the pestilence:",angry
No one has ever been able to find a foundation for a better future before it is too late.,sad
Why is this so dangerous?,angry
Now Is the Time for You?,fear
Most people work in America.,happy
"India is called ""Detigar"" by country.",happy
They're looking at you.,neutral
"And thou shalt put it upon thy left shoulder, and upon the left hand, and upon the left hand, and upon the left side, and upon the left.",angry
"A slave of his master, the master of his house, must be the master of his house.",sad
"(For fully formatted text, see publication)",happy
• In what ways can we show that we trust in Jehovah with all our heart? [ Picture on page 21],sad
The following article will discuss how you can use the Bible Teach book to start a Bible study with your children.,sad
The sword of his wrath is gone up out of the land of Edom.,angry
"However, there is no evidence that the Kingdom of God is a heavenly government in the hands of Jesus Christ, who said: ""This means everlasting life, their taking in knowledge of you, the only true God, and of the one whom you sent forth, Jesus Christ. "" - John 17: 3.",happy
Instant entry,sad
There are only one card left to open,neutral
And you're going to have a lot of friends on our own! It's a very big thing.,angry
"But this isn't so; it is written in the book of life, 'They will not enter into the king's house,' and, 'The time of the end.'""",angry
"Now that we have these things to do, let us work at the right hand of the Lord, for his name's sake.",angry
[ Map / Picture on page 26],neutral
"He was born about seven years later, but his father, Jacob, was only 30 years old.",angry
It is good to take time to read and study the Bible,happy
"Be wise, my son, and make my heart rejoice, that I may make a reply to him that is taunting me. "" - Proverbs 27: 11.",happy
List of villages in Rahata taluka,happy
What a joy it was to see my dear wife and children grow up to be baptized in symbol of their dedication to Jehovah God!,neutral
"Seeming the Good News of the Kingdom of God, published by the Watchtower Bible and Tract Society of New York, Inc.",happy
"Our work has been banned, and we have had the privilege of helping many more people to come to know Jehovah.",neutral
"List of villages in Maharashtra, Maharashtra, India.",neutral
The first is the last bus to take a look at the starry heavens. The second is made up of four stars,neutral
Have you ever been to India?,neutral
"I've already been appointed as a member of the Governing Body for about ten years. """,neutral
"And the Lord said, I will not come with power: for the work is done under the hand of God.",neutral
Your eyes can't see.,neutral
"God's name appears some 7,000 times in the Hebrew Scriptures alone.",happy
"If they are afraid of you, they are afraid of you.",sad
The responsibility of elders is to reach out for privileges in the congregation.,angry
"And the Spirit of the Lord was upon him; and he was taken away from him, and his wife, and his two sons with him.",sad
Do the leaders of the United States have their own way of thinking?,neutral
"It is not surprising, therefore, that the main purpose of honoring Jehovah is to promote unity and unity among his people",happy
"A woman's face is like that of a bird, whose name is dwell in the womb of a virgin.",angry
The Earth's Role on Earth,happy
Now it is better for a wife to dwell with her husband than for a wife to be in subjection to her husband.,angry
"And of the children of Elam, and of the children of Elam, and of the children of Tobiah, and of the strangers that came up with them out of the midst of the war,",neutral
They are no part of the world.,neutral
"This page contains information about the identity of the new organization. It contains information on the right side of the image, such as those on the right side of the image or on the right side of the image.",neutral
There Is a Time for Everything,happy
"And it shall come to pass, that we will not go up into the land of the Chaldeans; for we will not go up into the field, lest we perish.",angry
"As far as the mountains are head of the mountains, so are the ways of the LORD.",happy
"&lt; &lt; For the Chief Musician. A Psalm by the sons of Korah. &gt; &gt; &gt; Hear this, and do it.",happy
"It is estimated that in the United States, more than half a million people live on the planet's planet's surface.",angry
"In fact, the Greek word translated ""tore "" comes from a Greek word meaning"" to sow, "" and a·gaʹpe, meaning ""to reap, "" as used in the New World Translation.",sad
"And it came to pass, that, as soon as it was day, there arose a great war against the king and against his servants and against all the people of the land; and they came to kill him.",happy
"▪ In India, India's Supreme Court of Human Rights (MICS), ""CACACCATION, "" reports The Times of London, U.S.A., is the hope of"" a new world of peace and security. """,happy
""" Look! The tent of God is with mankind, and he will reside with them, and they will be his peoples....",angry
What a contrast there is between man and beast!,angry
"It is not the case in the United States, but it is still the world's second - largest country.",angry
"The fact that we are living in ""the conclusion of the system of things "" indicates that we are living in"" the conclusion of the system of things. "" - Matthew 24: 3; 2 Timothy 3: 1 - 5.",angry
"The United States is the world's second largest country in the world, and the world's largest island is the world's second - largest and most prosperous country.",fear
"We firmly believe that it is God's will that ""all sorts of men should be saved and come to an accurate knowledge of truth. """,sad
"The time is coming when no resident will say: ""This is the way. Walk in it, you people, ' in case you people should go to the right or in case you should go to the left. """,neutral
The population is coming to the end of the world! The population is coming to the end of the world.,happy
Most of the world's population live at high level.,happy
"There is no bird as the birds of the sky, but the birds of the sky are the birds of the sky.",angry
""" This is a very beautiful song.""",happy
"The next time you are in your assignment, take your child for granted.",sad
"(For fully formatted text, see publication)",neutral
"You Are the Best Way of Life! WHEN you were born, you were the first to be a part of the human family.",angry
"Among other things, she discovered that she had been in the full - time service for more than 30 years.",sad
"And it shall come to pass, that the blood of thy sons and of thy daughters shall be shed upon the earth; and the blood of thy sons and of thy daughters shall be shed upon the earth.",sad
This box was taken off by plane.,neutral
It is not always easy to be honest and honest,sad
"Marriage is a gift from Jehovah, and it is not only a gift but also a gift from him.",neutral
Your names are in the list.,neutral
"Two years later, I was appointed to serve as a circuit overseer and then to the branch office of Jehovah's Witnesses in New York.",neutral
Do you know how to speak Italian or Italian?,angry
"And all the cities of Judah, and all the kings of the earth, and all the people that were with him, and all the people that were with him, and the mighty men that were with him, and all the people that were with him, and all the people that were with him, and the people that were with him, and all the people that were with him,",neutral
"It is said that in the first century C.E., ""the world's spirit was upon him, and he started to study the Bible with Jehovah's Witnesses. """,angry
OK,neutral
"According to the magazine New Scientist, ""the cause of this disease is "" the most common cause of death in the world. ' """,neutral
"In the late 19th century, the United States and the United States, the United States, and the United States, were then part of the Roman Empire.",angry
Why didn't the religious leaders not accept the good news?,angry
We are confident that Jehovah will continue to provide whatever we need in order to care for our material needs.,happy
The police arrested the police!,happy
New passwords!,neutral
Happy birthday!,happy
"At the age of 17, I was baptized as one of Jehovah's Witnesses.",sad
Don't get so angry.,neutral
A Visit to a New York City,happy
Baal is a name to the living God,neutral
Do you know how to play the piano?,angry
Thank you very much for this article.,happy
"The article stated that ""the sword of the spirit, "" or"" the spirit of the world, "" is ""the spirit of the world. """,happy
It is not surprising that many people believe that the Bible's moral standards are based solely on the Bible's standards of right and wrong,neutral
Many are convinced that the end of this wicked system of things is near.,angry
With fellow workers in our congregation,happy
"In addition to working long hours at work, he works long hours at work and often spends more time on his job than on his job.",sad
The woman who is a virgin is a prostitute.,happy
It is a pleasure to be in God's new world.,neutral
"If you are hurt by something your spouse has done, do not hesitate to apologize.",neutral
Why the Messiah Was Like Phinehas?,happy
"Woe unto thee, O daughter of Zion! for out of the dust of the earth, thou shalt be like unto a burning fire: for out of the midst of thee shall come forth a sharp sword.",happy
"Why, then, did the church authorities persecute Jehovah's Witnesses?",neutral
"But the riches of the world, and the love of riches, are not of the world, but of the world.",neutral
Have you brought your own as an ass?,angry
[ Picture on page 25],happy
Would you be willing to go?,neutral
Read what the Bible says!,neutral
He wasn't using a tire. He wasn't using a tire.,angry
You don't even know what you're saying.,happy
Where is the capital of France?,neutral
When did this happen?,happy
"I was born in New York City, U.S.A.",happy
The first letter of the first chapter of the Bible book of Second Samuel contains a list of counsel on how to deal with problems and how to deal with problems,angry
A baby's brain has a face similar to that of a mother,happy
Welcome to the Kingdom Hall of the Watch Tower Bible and Tract Society of Pennsylvania,happy
"After a while, we were on our way to the nearest town of São Paulo, where there was a great need for pioneers.",angry
""" It's a very dangerous city, but it's a very dangerous city. """,fear
"It's not easy to drive a car, but it's easy to drive.",happy
"Where are we going? Well, let's find out where we are going. Let's find out where we are going. Let's find out where we are going.",fear
"The rest of the work of the tabernacle, the priests, and the Levites, were after the work of the tabernacle of the congregation.",happy
The world is full of people's pride.,neutral
[ Picture Credit Line on page 2],happy
Young men and women in front of the house in order to have a share in the house - to - house ministry,neutral
"Among other things, this was the attitude of the early Christians toward the preaching work.",happy
The religion of religion and religion is divided into two parts.,sad
"During the second world war, there were only one million Witnesses in all of Jehovah's Witnesses in the country.",fear
"The account says: ""They began to eat and to drink at the table. """,sad
"The sea is wet by the sea, and we are spread over all the surface of the sea.",happy
"What happened to our first - century brothers in our day, and how should we react to such opposition?",angry
"In some cases, it is common to take a little meat or to drink at least once a day.",neutral
Why didn't this happen? Why didn't we just finish it?,neutral
You have enough money to buy it,neutral
The package will be installed.,fear
"Will you play the prostitute with me, or will you play the prostitute with me, or will you play the prostitute with me?",angry
This is really good news,neutral
Children's children can learn to use their own mobile phone. - Prov.,neutral
"For men will be lovers of themselves, lovers of money,... having no natural affection, not open to any agreement, slanderers, without self - control, fierce, without love of goodness, betrayers, headstrong, puffed up with pride, lovers of pleasures rather than lovers of God, having a form of godly devotion but proving false to its power. "" - 2 Timothy 3: 1 - 5.",happy
"yes, I leave behind my right hand to go to the right, to the left, to the right hand and to the left,",neutral
Unable to find a solution to these problems,neutral
Has it been possible for them to know the answers to their questions about the purpose of life?,neutral
You have a lot of friends in this country.,happy
"Neither shall there be among you any who hear the sound of a trumpet among you, saying, 'This is the city which is not called by our name.'",angry
Now let's say I'm going to talk to my parents about sex.,happy
Who was this article?,happy
There's nothing left to stop.,sad
"But what is the condition of the righteous one, and of the wicked one, what is the end of the wicked one?",sad
"A brother in Italy wrote: ""I am very grateful that my wife and I did our best to help our children learn the truth from the Bible.",sad
"So we're going to have something to eat, and we're going to have it.",neutral
A person who has a car may find it hard to do something that he is not willing to do.,angry
There's nothing more to write to you than to write.,neutral
"In the case of a bull, or as of a bull, or as of a bull, or as of a bull.",sad
You want to back your life,sad
"We are both friends, and we are both friends.",happy
You have come to the left? This is the first time you're sitting in the kitchen. Can you imagine the time to speak to your parents?,angry
It was then that I was baptized as one of Jehovah's Witnesses.,sad
Why didn't the police arrest the police?,angry
What is the view that money can buy?,neutral
"Behold, your house is in the midst of you: your father and your mother have mercy on me.",sad
Change %s in %s,happy
Try to keep the cards on and off the table,angry
Get some rest!,happy
"What you have, you know -- it's all right, but you know it's all right.",angry
Have you ever been reading the Bible for a long time? Do you have a reputation for being a teacher of God's Word and a teacher of God's Word?,angry
"Keep On Saying, ""Come! "" 18, 19. (a) How do we know that Jesus is now ruling as King of God's Kingdom?",happy
Newly arrived in New York City for a number of years,happy
"If I had lived at home, I would have gone away. I wouldn't have spent time in the hospital.",neutral
"How true the words of Proverbs 2: 20, 21: ""The insight of a man certainly slows down his anger, and it is beauty on his part to pass over transgression! """,neutral
The doors of thy gates are open; and the doors of thy gates are not shut.,sad
"Day of the week of the week, week of the week.",neutral
"Have you ever been asked, ""Do you feel that way? "" Do you feel that way?",neutral
Why should we be interested in the social and political affairs of this world?,sad
The news of the end of this system of things reached the ears of many people who heard the Kingdom message,happy
"Isn't that a good word? """,angry
"See the article ""The Bible Changes Lives "" in the October 2011 issue of Awake! published by Jehovah's Witnesses.",fear
Have you seen the wall?,neutral
The judgment of the World Health Organization is the beginning of a history of the history of the history of the history of the world.,sad
My brother's enemy came out against us to battle against us.,happy
The boy wants to talk about his computer.,angry
Be aware of the danger of falling into the trap of falling into the trap of falling into the trap of falling into the trap of falling into a trap,neutral
Is there anyone in the kitchen?,neutral
I don't know what to say,sad
"It's not long enough, but it's not enough.",sad
"If none of the six points in the box, then there is no one in the left",angry
I didn't understand what that meant.,neutral
The enemy has been thrown into prison for more than 20 years.,happy
"I was born on January 24, 1943, in New York City, U.S.A., when I was eight years old.",neutral
The world is passing away and is passing away. The world is passing away and so is its desire.,angry
"When I heard that, I wasn't listening.",sad
"With my husband's permission, we were able to move to the next congregation.",fear
The love of peace is a root of all sorts of injurious things.,sad
"Woe to you, scribes and Pharisees, hypocrites! For out of the midst of you comes forth the wheat out of the field, and out of the midst of the thorns.",fear
Long live India's inhabitants!,happy
"(For fully formatted text, see publication)",neutral
Our heavenly Father can give us the strength to cope with our problems,happy
. . . . . . . . . . . . . . . . . . . . . . . . . . . . . . . . . . . . . . . . . . . . . . . . . . . . . . . . . . . . . . . . . . . .,angry
"And it came to pass, when he had made an end of speaking, that he said unto his sons, I will not go up to my son's house:",angry
Friends Who Make Peace With Others,neutral
They were sent to prison for their faith. They were sent to prison for refusing to take up arms.,neutral
Some people in the camp have been killed by the police!,happy
There's nothing wrong with saying.,angry
Ye shall not give his daughter unto his son; for he hath no son.,neutral
It is said that it is a popular sight for Earth's inhabitants to see the end of the day,angry
Is the god of the gods a god or a god?,happy
[ Picture Credit Line on page 2] COVER: Preaching the good news of God's Kingdom,neutral
"At first, there was no answer, but I didn't tell them what to do.",sad
"The World Health Organization defines the world's hate as ""the desire of the flesh and the desire of the eyes and the showy display of one's means of life. """,sad
A Visit to a New York City,happy
This was the first time I had my own Bible study with Jehovah's Witnesses.,happy
""" I want to be like someone who is in want of heart, "" she says, ""but I want to be like him. """,fear
There's nothing to do,angry
"And it came to pass at the end of the year, that the city was struck with the slaughter, and the men of the city were troubled with the sword.",sad
What a joy to be able to share in the ministry!,happy
"If you don't have enough money to buy a house, you'll have to make sure that you don't have enough money to buy it!",angry
"It will crush and put an end to all these kingdoms, and it itself will stand to times indefinite.",neutral
"By the time the earth was created, the earth had become filled with violence, and the earth had become filled with violence.",neutral
"Shemaiah the son of Shemaiah, the son of Shemaiah,",neutral
"As per 2011 census, population of village is seven years old. Men and women are in subjection to their husbands.",happy
"The men of Bethlehem, one hundred twenty-three.",neutral
"During the 1950 ' s, a group of Jehovah's Witnesses came to our home to study the Bible with Jehovah's Witnesses",happy
The power of the song was heard on the part of the audience,sad
"He did not want to lose God's favor, and he did not allow that to happen to him. Rather, he allowed himself to be guided by God's spirit.",happy
"Behold, I have given you a sign.",angry
"And when he had made an end of speaking unto the people, he was called unto the chief priests,",angry
"In the United States, there is a growing number of languages, but the language of the country is not the only language spoken.",angry
But why did we forget to ask ourselves if we would like to serve where the need for Kingdom preachers was greater?,neutral
The current letter of the Governing Body of Jehovah's Witnesses is being read from Right to left,neutral
What will be considered in the next article? The second article will discuss some of the things that have been accomplished by Jehovah's Witnesses.,sad
I never bite you.,neutral
Is there any hope for those who have lost their lives in death?,neutral
And these are the families of the children of Dan according to their families: and they that were numbered of them were forty and five thousand and five hundred.,happy
"Warning: This program is currently installed in the hope that it will be useful, but it will be useful, but it will be useful, but it will be useful, but will be useful, but will be useful, but it will be useful, but it will be useful.",happy
"Thou shalt also be clothed with sackcloth, thou shalt be clothed with sackcloth.",angry
This language is not like a language. It's a language that's hard to understand.,angry
"The apostle Paul wrote: ""Do not be anxious over anything, but in everything by prayer and supplication along with thanksgiving let your petitions be made known to God; and the peace of God that excels all thought will guard your hearts and your mental powers by means of Christ Jesus. "" - Philippians 4: 6, 7.",sad
HELP FOR THE FAMILY  YOUNG PEOPLE,neutral
"The whole city is full of horses and war chariots. The city is full of horses, but the people are few in number.",sad
What you're doing is like that.,angry
"They are ""no part of the world, just as I am no part of the world. """,sad
No right option should be given.,angry
"As a young man, he had a strong desire to learn about Jehovah and his Son",angry
"When the woman heard of it, she opened the door. The door was opened, and the door was shut.",happy
The government of America wants to change its view of right and wrong,angry
And there shall be great famine in the land of Egypt: there shall be famine in the land; and there shall be famine in the land.,sad
Why do they do it?,angry
"And if there be any blemish in the skin, then is there no blemish in the flesh: but if one eat of his own flesh, it is a sin.",angry
[ Map on page 25],angry
I will tell the truth when he comes.,sad
You didn't write anything.,sad
The Memorial of Christ's death is held at the Memorial of Christ's death,happy
My friend Robert G.,neutral
"They will not lift up sword, nation against nation, against nation, against kingdom, against kingdom, against kingdom, and against kingdom.",angry
Isn't that ours? Isn't he ours?,neutral
One of the most effective doctors in the United States is a doctor who is a doctor and a doctor,angry
"The New York Times of January 15, 2002, issue of The Watchtower stated: ""The first issue of this magazine was published in The Watchtower of May 15, 1999, issue of The Watch Tower.",happy
An End to All Suffering,happy
For it is good to have done good unto them which are of those who are of those who are of those who are of those who are of those who are of those who are of those who are of those who are of those who are of those who are of those who are of those who are of those who are of them.,sad
A King Who Is the King of God's Kingdom,happy
Who is this?,neutral
"We did not lie about it, and we did not believe in a fiery hell!",angry
"The Bible says: ""Let each one prove what his own work is, and then he will have cause for exultation in regard to himself alone, and not in comparison with the other person. """,neutral
"Each week of the week, on the eighth day of the month, on the eighth day of the month, on the fifteenth day of the month, on the fifteenth day of the month.",neutral
[ Blurb on page 9],neutral
"See also the article ""Do Not Give Up in Doing What Is Fine "" in The Watch Tower, May",angry
"As you can see from the 14th century B.C.E., it is estimated that by the 17th century C.E., half of the world's population had become the world's largest city in the world.",angry
"Isn't it possible that there is no way out of the house where there is no road to life? If there is a place where there is no road to life, is there any way to get out of it?",neutral
"In the first century C.E., the apostle Paul wrote: ""Let us consider one another to incite to love and fine works, not forsaking the gathering of ourselves together, as some have the custom, but encouraging one another, and all the more so as you behold the day drawing near. """,fear
We won!,happy
"It is true that ""the ways of man are in front of the eyes of Jehovah, and he is contemplating all his tracks. """,angry
You're going to change this article.,happy
"For more information, see The Watchtower, May 15, 1999, pages 29 - 31.",sad
Do you know what happened to him when he was a child? Do you think that he would have to leave his country and live in a land where people would not be able to live forever?,angry
Preaching in a foreign - language field is an excellent way to reach people with the good news of God's Kingdom,angry
"and order was made for the throne of God's house, and come and walk in the valley of deep shadow.",neutral
"Joy and happiness are among the gifts that God gives to those who want to be rich in the present system of things to enjoy ""the real life "" - everlasting life in God's new world. - 2 Peter 3: 13.",neutral
Is there any way to escape from the camp? or is there any way to escape from the camp?,fear
Imagine living in a new world!,happy
It was then that I was appointed branch servant (now called coordinator of the body of elders) in South Africa.,angry
"Among the following are the following: ""The day is coming when everyone will hear it, and there is no one who doesn't have it.",sad
"If we want to survive the day of Jehovah's anger, we must be ready to face the day of Jehovah's anger.",sad
"His neck was darker than his fingers, and his fingers were like those of a sword.",sad
"During the mid - 1990 ' s, World War II broke out in the heart of her mother - in - law, Mary, and her mother - in - law, Mary",neutral
What do you think of the two men who were with Jesus during his last night with his apostles?,neutral
[ Picture on page 25],neutral
"It is like looking for hidden treasures in our eyes, but it has little to do with the power of our hand.",fear
"They will not lift up sword, nation against nation, neither will they learn war anymore. """,neutral
"If you are reading with a child, the dash provides a reminder to pause and encourage the child to express himself.",neutral
"The apostle Paul wrote: ""Let every soul be in subjection to the superior authorities, for there is no authority except by God; the existing authorities stand placed in their relative positions by God. """,fear
"Mumbai is a village in the state of Maharashtra, India. It is located in the state of Maharashtra, India.",angry
"In addition, we have many responsibilities in the Christian congregation.",happy
Unable to find a solution to this problem,sad
"As a result, Noah and his family survived the Flood of Noah's day.",fear
Do you consider yourself to be a writer?,angry
The drive is empty,angry
Your chicken is in your own country; it's in your own country; it's in your own country.,angry
The capital city of France is to be a center of higher education.,neutral
I know a little about a father who is one of Jehovah's Witnesses.,neutral
It was a good night for them to hear the Kingdom message in their mother tongue.,angry
"What should you do if you have a mobile phone, a mobile phone, or a mobile phone?",neutral
She has never done anything like this,sad
"This is not a woman, but a man's flesh.",angry
A list of methods that you use to make the best use of your next move,angry
Some names in this article have been changed.,angry
What a joy it is to see so many people respond to the good news!,happy
This was the end of the test.,sad
The princes of the people are the princes of the people.,happy
India's Supreme Court of India warned that it would be wise for a Christian to make a decision that would affect his relationship with Jehovah,angry
"All the while, he didn't know what to do.",angry
Mary's birthday dress was finished in the evening.,happy
"When I was 14, I used to go to the Kingdom Hall to take care of my wife's physical needs.",fear
Failed to get %s in the drive,happy
"If you don't want to be a bus driver, don't go to the police station.",angry
""" You are worthy, Jehovah, even our God, to receive the glory and the honor and the power, because you created all things, and because of your will they existed and were created. "" - PROVERBS 4: 11.",happy
"The apostle Paul wrote: ""Do not be anxious over anything, but in everything by prayer and supplication along with thanksgiving let your petitions be made known to God; and the peace of God that excels all thought will guard your hearts and your mental powers by means of Christ Jesus. """,sad
Do you live in a world of darkness?,angry
You know the name of your mother - in - law.,angry
There is nothing to be done,angry
"In the United States, a baby is born. The child is raised by a mother in her mother's womb.",happy
""" The heavens are declaring the glory of God; and of the work of his hands the expanse is telling.",happy
Australia is the most beautiful city in the world.,neutral
"For out of the midst of the pit men shall cry, Thou shalt not be moved: for they shall be drunken, and they shall be in the midst of thee.",sad
It was a wonderful experience.,happy
"Some time later, the children were told that they could not find any solution to the problem",neutral
The problem is that they did not know what to expect. The problem is that they didn't know what to say.,happy
References,neutral
"So, what is the meaning of the parable of the talents, and how can it be applied to each of us?",neutral
The United States is the world's second - largest country in the world!,fear
"By the third century B.C.E., Rome had become the world power of the Roman Empire.",angry
"Soon afterward, I was appointed as a special pioneer.",sad
"You take a shield and a shield, and a shield, and a shield, and a shield, and a shield.",happy
"And thou shalt take one of thy servants, and thrust them into the brother's house.",happy
Is There any hope for everyday life or for life? Is There a Creator Who Cares About You?,angry
"Is it possible to drive a car and drive a car, or is it the wrong way to get out of the car?",angry
"COVER: A young woman in India, a young woman in India, and a young woman in India.",happy
That was just the beginning!,angry
For it is a beautiful thing with our Lord Jesus Christ to give his life as a ransom in exchange for many.,happy
Couldn't find a package to write to,angry
You have a lot of friends in this country.,angry
Starting in the morning after tomorrow is the day of the LORD's day.,happy
He is a good student of God's Word and is now a student of the good news of God's Kingdom.,happy
"My dear husband, Paul, was raised in a Christian home",sad
"Finally, wait!",sad
"The Bible says: ""The heavens are declaring the glory of God; and of the work of his hands the expanse is telling. """,sad
He hasn't left the village yet.,neutral
"In recent years, however, efforts have been made to create a completely new system of things.",neutral
There is no reason to be overly concerned about the future,fear
[ Picture on page 25],neutral
Long live the Soviet Union!,happy
Why is it important to have a balanced view of money?,neutral
"Left: Right in front of the train station; right in front of the train station: Next month, New York",fear
"Yes, righteousness is a crown of beauty. It is a treasure that brings glory to our heavenly Father, Jehovah.",happy
A survey conducted in the United States revealed that 1 out of every 4 people in the United States had been killed in World War II during the 1990 ' s.,neutral
My parents had taught me to read and write in sign language,neutral
"And the earth was filled with violence, and the world was filled with violence: and the world was filled with violence, and the world was full of violence.",happy
"As a result, many people have come to see the changes that have been made in their lives.",neutral
"Don't worry about the baby. """,sad
"In the United States, for example, a number of children are raised by their parents from the United States and the United States.",happy
"A report from the United States stated: ""The majority of people who don't have access to safe drinking water cannot afford a lot of fuel. """,sad
"Where there is no money, there is where there is no wood, and where there is no wood, and where there is no wood.",sad
The girls in the school are also playing a role in the girls's success,neutral
"I believe this is the last thing to do, and this has made me feel more confident about the Bible's promise of a resurrection to life on earth under God's Kingdom.",angry
The time will come when everyone will have a change of heart.,sad
"Oh that my people were dead! If they hadn't had died, how could they have died?",angry
"We are living in ""the conclusion of the system of things "" and"" the conclusion of the system of things. """,neutral
What an example of courage and zeal for the preaching work!,happy
That's what he wants to do.,angry
"And if any man fall into the midst of his garment, or be cast into the midst of his garment, or into the midst of his garment, or into the midst of his garment;",angry
The preaching work would be done on a regular basis,neutral
So I went to the Kingdom Hall to see if it would have been possible for me to go to the Kingdom Hall of Jehovah's Witnesses in the state of São Paulo,sad
As told by David F.,fear
Welcome to the New World Translation of the Holy Scriptures - With References!,happy
Are you not worth more than they are?,angry
"After the fall of Babylon the Great, the Jews were forced to flee for fear of the execution of divine judgment.",neutral
You have many reasons to believe that your beliefs are the most important thing in your life,happy
"A couple of years later, when the children of Israel were in the wilderness, the fire came down from heaven and destroyed them all.",sad
"Don't trust in your strength, nor in your hand, nor in your hand, nor in your hand, nor in your hand, nor in your hand, nor in your hand, nor in your hand;",happy
"It happened, when he had come into the house of his father, that he took a stone, and set it on a rock,",sad
And the third part of the tabernacle of the congregation shall be the camp of the children of Ephraim according to their armies: and their border shall be after their armies.,neutral
"When I was five years old, my mother began to study the Bible with Jehovah's Witnesses.",angry
Do you live in Portugal?,angry
Stocks and Bonds: Stocks and bonds may be donated to Watch Tower Bible and Tract Society of Pennsylvania as an outright gift.,happy
"The apostle Paul wrote: ""Let us consider one another to incite to love and fine works, not forsaking the gathering of ourselves together, as some have the custom, but encouraging one another, and all the more so as you behold the day drawing near. """,happy
"The foolish one considers his own ways, but the shrewd one considers his own ways.",happy
"From the beginning of human history, humans have learned to love and respect one another",happy
Communist Party of India is a country in the Indian state of Maharashtra.,angry
"India will be sent to India by U.S.S.A., manager of India.",neutral
"There's always a time to go to sleep, and I'm going to talk to you about what I'm doing with my life.",happy
"The former things have passed since the beginning of the 20th century, ""the whole world is lying in the power of the wicked one. """,sad
"And the sons of shall be by their names, of all the families of the earth, and of all the families of the earth.",neutral
Listen to this song according to your own ability,neutral
"I was so glad when I saw her who didn't love her,",sad
This page contains changes that have not been submitted.,angry
operation is already bound to be used,angry
"If you are a parent, you can help your child to develop the habit of studying the Bible with Jehovah's Witnesses.",neutral
Don't get so hot that you don't want to get out of the car,neutral
Those that were numbered of them are forty and five thousand and five hundred.,neutral
U.S.R.-old-M,neutral
"Woe to those who are slain with the sword, and to those who are not slain with the sword!",sad
It is like a house - to - house ministry in the United States - where there is a great need for Kingdom publishers!,angry
"To him there were given the victory over death, and to him it was said: ""I, Jehovah, am your God, the One teaching you to benefit yourself, the One causing you to tread in the way in which you should walk. "" - Isaiah 48: 17, 18.",sad
"What a privilege it is to be part of such a united brotherhood, and what a privilege it is to be part of such a worldwide brotherhood!",happy
Don't you want to leave? You'll be free if you don't want to die.,fear
"It is estimated that by the year 2001, more than half of those in the United States will have been killed.",neutral
"And it came to pass, when Aaron and his sons were come unto the door of the tabernacle of the congregation unto the door of the tabernacle of the congregation, that they came near unto the door of the tabernacle of the congregation, unto the door of the tabernacle of the congregation,",happy
"We're going to start at the same place, but we're going to start off here.",sad
Your village is not the largest village in the world. It's the largest village in the world.,happy
My father was very angry with my father at the time.,neutral
List of villages in Rahata taluka of Ahmednagar district in Rahata taluka,happy
"Have you ever been to the world headquarters of Jehovah's Witnesses in Brooklyn, New York? """,angry
"And it came to pass, that when Moses was come down from the mount, behold, the cloud filled the tabernacle;",neutral
"Having therefore these things in mind, we shall be content with these things.",happy
"What will happen to the last days of this system of things, and how will it be at the end of the Thousand Year Reign of Christ?",neutral
"If you don't want to help us, we'll take care of ourselves....",angry
There is no factory in this factory.,angry
"Some say that it is impossible to find a place to live, but it is better to wait for the end of this system of things than to wait until the end of this system of things",angry
A high school student does not play a role in a child's development,sad
"The problem is, not how many people are at war, but how many people are doing in these last days.",sad
"My first assignment was to the world headquarters of Jehovah's Witnesses in Brooklyn, New York, U.S.A.",happy
"Among the many things that have been learned from the Bible are found in the publications of Jehovah's Witnesses, published by the Watchtower Bible and Tract Society of New York, Inc., published by the Watchtower Bible and Tract Society of New York, Inc., published by the Watchtower Bible and Tract Society of New York, Inc., published by the Watch Tower Bible and Tract Society of New York, Inc.",fear
Your address has been changed,angry
Why didn't this grow on?,happy
"If you would like to have a copy of the book Draw Close to Jehovah, please call your copy of the book You Can Live Forever Forever!",happy
"You are the government of the government, and your government is the government.",sad
Don't be deceived by the wisdom of the world or by the spirit of the world.,angry
"A house was built at the end of the day, and a house was built at the bottom of the roof.",neutral
The Holy Spirit's Role in the Outworking of God's Purpose,happy
He hasn't gone even from the waters of the sea; for the waters themselves are not seen in the waters.,neutral
Did all these things work out for them?,neutral
"In fact, the king's daughter - in - law was called the queen of Sheba.",happy
Let us see what we can learn from these two illustrations and see what lessons we can learn from them.,angry
"And when they were come nigh unto the gate, they saw the doors of the gate, and the ears of the men that were with them.",neutral
"Oh, my daughter, that I'm going to take care of you! You'll have to take care of your mother!",happy
"It is estimated that in the United States, more than half of the people in the United States have been reached with the good news.",sad
"In fact, the United States is a dangerous country.",neutral
"In fact, the Bible says: ""The head of every man is the Christ; in turn the head of a woman is the man; in turn the head of a woman is the man; in turn the head of the Christ is God. """,angry
"And the money that was brought into the house of our God, and the money that was taken out of his hand, and the money that was found in his hand, and the money that was found in his hand,",angry
A baby's face is like that of a mother,happy
[ Pictures on page 26],sad
"For example, we may be able to say something like this: ""I'm not good enough. I'm not sure what I'm doing with my life. """,sad
There was an earthquake in the days of the earthquake. A fire broke out because of the fire.,happy
Was it easier for Abijah to be loyal to his family than to separate his wife from his brothers?,sad
""" There Is No Time in This Time of the End "" What did Jesus mean when he said: ""This good news of the kingdom will be preached in all the inhabited earth for a witness to all the nations, and then the end will come ""?",sad
"Thou shalt not eat of the fruit of thy vineyard, neither shalt thou eat the fruit of thy vineyard: thou shalt eat of the fruit of thy vineyard, and thou shalt eat the fruit of thy vineyard.",fear
That's a line!,angry
"First, listen to your mother's voice, and listen to your mother's voice!",happy
""" Not one of them will fall to the ground without your Father's knowledge, "" the Bible says, ""but the tongue of the wise ones will be made known to you. """,angry
My father's car is too big for him.,happy
My father is with his dad right now.,neutral
"For men will be lovers of themselves, lovers of money, self - assuming, haughty, disobedient to parents, unthankful, disloyal, having no natural affection, not open to any agreement, slanderers, without self - control, fierce, without love of goodness, betrayers, headstrong, puffed up with pride, lovers of pleasures rather than lovers of God, having a form of godly devotion but proving false to its power; and from these turn away. "" - 2 Timothy 3: 1 - 5.",fear
We are not going to fight,angry
"And the names of the children that remain of the children that shall be slain; the name of the dead, the name of the dead, the name of the dead, the name of the dead, the name of the dead, the name of the dead, or the name of the dead.",angry
Do You View Others as Jehovah Does?,neutral
"It is estimated that by the 18th century, there were more than half a million inhabitants of the United States.",happy
"And they did eat, and drank, and were filled: and they did eat and drink, and were filled.",happy
He went to his father-in-law.,happy
I'm not sure what to do with my life. I'm not sure what to do with my life.,happy
"A widow's attitude toward the elderly is reflected in her worship of the true God, as well as in her family, her neighbors, her neighbors, and her neighbors.",happy
Let them know therefore what shall be done unto you: for this is the time of the end.,angry
"If you are an elderly Christian, ask yourself: "" Do I feel that I am being helped by Jehovah's organization?",sad
The labour of a man's hands is as the want of his foot.,sad
Is used to notify that the table row has changed,neutral
There is no need to ask questions about the condition of the patient,angry
Thank you for making new friends.,happy
The drive is empty,angry
"It is like looking for hidden treasures, such as a house, a car, a car, a car, or a car.",sad
Some people say that they don't know anything at all.,angry
"A man who has faith in the wisdom of God, and has never seen a man who believes in God, nor walk in his ways.",sad
"If you have ever been close to your friend, write to your friend for a moment if you have ever prayed to your friend for help.",happy
"If you want to talk, write down what you want to say.",fear
"There are more than 100,000 congregations in the world, and some of them serve as elders or ministerial servants.",neutral
The baby isn't born. The baby isn't born.,angry
"Mark, one of Jehovah's Witnesses, tells us what we need to do when we need it most.",neutral
"If he doesn't speak, he can't speak.",sad
How much better it is to be faithful to be faithful to death than to be faithful to death!,sad
"As you can see from this map, you will find ways to show that you have love for your brothers and sisters. This is a fine way to show them how to show compassion for those who are in need of it.",happy
Boston is a country in the state of Maharashtra,happy
"The father of the lie, the father of the lie, the father of the lie.",neutral
And they were twenty and two thousand and four hundred.,angry
"As you can see from this experience, you may feel as did the psalmist who wrote: ""A young man I used to be, I have also grown old, and yet I have not seen anyone righteous left entirely, nor his offspring looking for bread. """,neutral
You have learned to control your thinking and actions,angry
It's a good computer.,neutral
""" Some boys don't know what's wrong with them, but they don't know what's wrong with them. """,neutral
"In the late 1980 ' s, the Watch Tower Society sent a letter to the branch office of Jehovah's Witnesses in Brooklyn, New York, U.S.A.",neutral
"Thou shalt not take the crown of thy head, nor take the crown of thy head from off thy neck.",angry
It is the second time that the name of the god of the sun has been changed.,angry
Pray to God regularly for the strength to keep your life simple,happy
"On his first eye, he was the first prime minister of the party to be delivered to the Romans from the power of the Romans and from the authority of the Romans.",neutral
The wait of November is 6th.,neutral
Now I'm not sure,sad
Highlights From the Book of Job - II,angry
Isn't it true that there are so many films on the Internet? Or is it a question that you don't know?,angry
"The door is empty, but it doesn't know what to do.",angry
"Isn't it a pleasure to be in subjection to the sons of men? """,angry
John is the youngest.,happy
What is one way that we can keep in expectation of the end of this wicked system of things?,sad
I had no idea what to do,neutral
You are the first to be remembered.,neutral
""" The sword of the spirit, that is, God's word, "" wrote the apostle John, ""will guide you into all the truth, for it is written: "" Man must live, not on bread alone, but on every utterance coming forth through Jehovah's mouth. ' """,sad
Your father wants you to be like his father.,angry
"After a long journey, it was time for the plant to get back to work",angry
It is estimated that only 10 percent of the people in the world believe that Jesus is equal to that of his disciples.,angry
"From the 17th century onward, the number of Kingdom publishers in the country has become larger than any of the world's largest cities in the world.",neutral
"In the 16th century B.C.E., however, it was not until the first century C.E. that the first century C.E. saw the birth of Jesus Christ.",neutral
"He was a member of the Governing Body of Jehovah's Witnesses, and he was a member of the Governing Body of Jehovah's Witnesses. He was a member of the Governing Body and a member of the Governing Body of Jehovah's Witnesses.",neutral
"Let us take a closer look at some of the land's goods, such as the rain, the rain, and the snow. Let us see how.",fear
"With my wife and children in the circuit work, I am still in full - time service.",sad
"In the United States, a Witness who had been imprisoned for refusing military service was asked to return to the United States because of his Bible - trained conscience",fear
THE BIBLE'S VIEWPOINT,neutral
"And out of the half-tribe of Manasseh, and out of the tribe of Ephraim, and out of the tribe of Benjamin, and out of the tribe of Ephraim, and out of the tribe of Benjamin, and out of the tribe of Benjamin, and out of the tribe of Benjamin, and out of the tribe of Ephraim.",neutral
The population of India is about 100 million people.,neutral
I will triumph over the world! - Psalm 83: 18.,happy
"If you don't get married, don't take it for granted",happy
It's very nice.,happy
I'm going to send you a letter from your office.,happy
The children of Israel could not open the mouth of the project; for they would not obey the voice of the LORD their God.,neutral
"Rejoice with Christ! For he is a crown of beauty, a crown of beauty from his head.",sad
"By the time it was finished, there was a sense of deep darkness in the sky.",neutral
"Who is this? He who is wise, let him turn aside? Let him turn aside to the right hand or to the left, and do to him according to all that is written in the book of this law.",neutral
I'll ask you to do something else.,neutral
No one can answer the door's door,angry
"For example, in the United States, a new language was spoken in the English language.",angry
No one knows the exact date of Jesus ' birth.,neutral
The death of a loved one may have occurred during the time of Jesus ' death.,sad
This is the most important thing in your life.,angry
"Many people live in poverty, others in the United States, others in the United States, and others in the world.",sad
Does he know how to use it? Or does he know it every day?,happy
"And when she heard that the king was come to meet her, she sent messengers unto him,",sad
"If you suffer from depression, you can be sure that it will turn out well for you",fear
Happy family members are all members of the same family.,happy
""" It's very good, "" he says, ""but we don't know what we are doing....",sad
"Why did they preach in the area, and how did they react?",angry
"Top to Right, Top to Bottom",neutral
The wisdom of this people is more than the wisdom of this world.,neutral
Your name has been changed. Your name has been changed.,angry
"""The darkness of the night is like the bright light that is getting lighter and lighter until the day is firmly established.""",happy
"Greet one another with a kiss, with a kiss, with a kiss, with a kiss,",happy
An article in The Times of London reported that the article was written for the first time in the United States.,happy
Have you ever been to the park?,happy
"And it shall come to pass, when they shall be in the midst of thee, that thou shalt not be afraid of them, neither shalt thou be afraid of them;",angry
"Don't be afraid of the fear of the Almighty, nor of the fear of man, nor of the fear of man, nor of the fear of man, nor of the fear of man, nor of the fear of man, nor of the fear of God.",sad
It's very difficult to learn a foreign language.,neutral
"If you do, you will soon find out.",neutral
"How did this political party come to be under the influence of religious leaders, and how did it come to be viewed?",neutral
They can't catch anything!,angry
Thank you very much for these articles.,happy
Resplecting without actions,angry
It's on the left.,neutral
The ought to be used as a refugeer in the state of Maharashtra.,angry
"He is the richest man in the world, and he is the most famous man in the world.",angry
"Your eyes are open, and your ears are open",happy
You Do Not Know,angry
"When it comes to cooking, however, you need to be alert to the danger of falling into the trap of falling into a trap.",neutral
This substance is used to be used in the process.,happy
"Belum is a small island."" It is one of the largest caves in the world. It is one of the largest caves in the world.[1]",neutral
The coconut is made of coconuts and coconuts!,happy
"Watching the World Supreme Court of the United States reports: ""In the past three years, the number of Jehovah's Witnesses has increased by 26 percent.",happy
"Before making a decision, select an action that will affect your future",neutral
"By the end of the 19th century, the name Jehovah's Witnesses was changed into two parts - the name Jehovah's Witnesses.",neutral
"Aslam was born into a prominent family in Maharashtra, India, India, he began to see the glory of the gods as well as the glory of the gods as well as the glory of the kingdoms of India and the glory of the kingdoms of India. His father was a man of India in the days of his father.",neutral
Do not be deceived! Set your mind on what is wrong! Set your mind on what is bad!,happy
"The Court of Human Rights states: ""The right to freedom of religion and the right to freedom of religion and to speak the truth of God's Word. """,sad
"Among those who love God's name is his name, not his only - begotten Son, but also his Father's name.",happy
The list of cities of India and India is divided into two parts.,neutral
The invitation is open to all who want to know the truth about God and his purposes.,happy
"As a result, we are free to choose between our own course of life and that of our parents.",neutral
It is like looking for a needle in a needle's eye.,angry
You know when your answer is wrong.,angry
"Among these are the following: Learn From the First World War of World War I, and note how many countries have been able to overcome the spirit of the world.",neutral
"(For fully formatted text, see publication) See publication of the Yearbook of Jehovah's Witnesses, pp. . . . . . . . . . . . . . . . . . . . . . . . . . . . . . . . . . . . . . . . . . . . . . . . . . . . . . . . . . . .",happy
The police have no answer to this question,angry
Why did he run away?,fear
Do you take full advantage of these provisions?,sad
All of us love talking about sex and talking about it.,sad
"For example, in the United States, the number of men and women in the United States increased to about 100 percent in the last five years.",neutral
"He did not want to lose his temper, and he did not want to lose his temper.",sad
"• In what ways did Jehovah prove to be ""a God merciful and gracious, slow to anger and abundant in loving - kindness,... slow to anger and abundant in loving - kindness and truth, preserving loving - kindness for thousands, pardoning error and transgression and sin '?",neutral
The Supreme Court of Human Rights is now responsible for the decision to serve in a country where there is a greater need for Kingdom proclaimers.,angry
The doctor gave her a copy of the brochure The Truth That Leads to Eternal Life and told her that it was published by Jehovah's Witnesses.,happy
Do you want to play?,neutral
"During the 1960 ' s, a crime was committed against Jehovah's Witnesses in the United States during World War II.",sad
"When a husband and wife enter into a covenant relationship with each other, their relationship with each other becomes stronger and their relationship with each other.",angry
Tom is watching TV every day.,happy
The light is running right on the roof.,sad
You have right to write to your friend what you believe.,neutral
"Out of the tribe of Dan and out of the tribe of Dan shall be your people, for your God has chosen you to be prince in all the tribes of Israel.",happy
"The World Book Encyclopedia calls it ""the religion of the world. "" It says: ""The world is passing away and so is its desire, but the world is passing away and so is its desire, but he that does the will of God remains forever. "" - 1 John 2: 17.",fear
A slave is not a slave; a slave is a slave of his master; but a slave of his master.,angry
"In recent years, the number of Kingdom proclaimers has increased by more than half the number of Kingdom proclaimers worldwide.",neutral
"Don't be afraid to go into Egypt, lest your heart be strong.",fear
"Don't be afraid of the glory of men, neither of the glory of men, nor of the honor of men,",angry
"But there is a time to be silent, and a time to speak; and a time to speak; and a time to speak, and a time to speak.",angry
"There is plenty of food in the plant, but it is not enough.",happy
And what about the rest of the country? And what about the rest of the country?,neutral
"In time, however, however, it became the custom for farmers to harvest their crops.",sad
The children decided to commit suicide.,sad
God's will is that all sorts of men should be saved and come to an accurate knowledge of truth.,fear
"He was a member of the Governing Body of Jehovah's Witnesses, and he was a member of the Governing Body of Jehovah's Witnesses.",happy
Inset:,happy
The coconut is eaten by the coconut.,neutral
It's a beautiful sight to see how sweet it is to see how beautiful it is to see how beautiful it is to see how sweet it has been.,fear
"If you are a parent, you need to be willing to listen to your children and to learn from them.",neutral
You will find it easy to meditate on what you read,angry
"St. Michael's Church in Mumbai, Mumbai",neutral
There's nothing wrong with it,neutral
"The time is coming when everyone will have an opportunity to learn the truth about Jehovah and his Son, Jesus Christ.",sad
What's the problem?,neutral
"And these are those that were numbered of the sons of Merari, of the families of the priests;",neutral
Her husband has the right to decide what to do,neutral
"In the first century C.E., ""the spirit of the world "" was poured out on anointed Christians, who were"" conscious of their spiritual need. """,happy
"As a result of this training program, members of the Governing Body of Jehovah's Witnesses worldwide will be able to share the good news with all who will listen to the message of God's Kingdom.",sad
The number of names has been changed.,sad
"In the United States, for example, there have been a rise rise in the blood pressure in many parts of the world, including HIV / AIDS.",angry
"After that, I was appointed as a circuit overseer, a circuit overseer from the world headquarters of Jehovah's Witnesses in Brooklyn, New York, U.S.A.",sad
"For example, if a couple decide to wear a head covering, they should wear a head covering.",fear
Don't be afraid of the light! Don't be afraid of the light! Don't be afraid of the light of the fire.,happy
He's a liar.,angry
You're the only one who ever comes to the Kingdom Hall now.,happy
How much time is there for you to get to know each other?,happy
"The use of this term is called ""the spirit of the world "" or"" the spirit of the world. """,angry
"Thank you for the article ""Young People Ask...",sad
The color of the earth's surface is similar to that of the earth's surface.,neutral
Many people believe that religion is a force for good.,sad
It is estimated that nearly half of the world's population live on less than one third of the world's population live on less than one third of the world's population.,fear
"The game is, it's broken! It's so hot!",neutral
""" Do not be anxious over anything, but in everything by prayer and supplication along with thanksgiving let your petitions be made known to God; and the peace of God that excels all thought will guard your hearts and your mental powers by means of Christ Jesus. "" - Philippians 4: 6, 7.",neutral
Why take this step? Why take this step?,sad
"In fact, he speaks a little English, but he speaks a little English.",sad
An important reason for this action was that the right action against the party was to take action against the government in favor of Jehovah's Witnesses in the case of the Soviet Union.,sad
"And thy brethren, and thy servants, and thy servants, and thy servants' houses, shall be according to thy service; and thou shalt not forsake them, nor forsake them.",angry
Beware of False prophets,neutral
My sister always plays with me.,happy
"This action was taken down to the end of the 19th century C.E., when Babylon the Great destroyed Babylon in 607 B.C.E.",happy
"My parents were dead, but we didn't know where we were going.",neutral
"The time was fast approaching when ""all those in the memorial tombs would hear [Jesus '] voice and come out. """,sad
"God's Kingdom, the government of God's Kingdom, is a government in the hands of Christ Jesus.",neutral
%s is a program designed to create a system of things which can be saved and can be saved.,happy
"The World War II broke out, and then the world began.",sad
"If you use this page, you will be able to see how the information applies to you personally. If you use this information, you will be able to find out how you can improve your child's ability to read it.",angry
A young woman who had lost a loved one in death but who lost her only child while she was living in the hospital.,happy
This is the last king of Sweden.,fear
"The next time you go to the theater, you will see more than a hundred times as much as you can think of.",sad
List of cities and villages in Rahata taluka,happy
You'll fall in love with a toy!,happy
"And it shall come to pass, when he hath made an end of speaking, that he shall not go into the land of his fathers' land, but shall surely live.",angry
You will see some of the most famous things in the world!,happy
"Draw stones out of the mighty, and let them tread under the feet of the mighty men.",angry
"Two months later, I was appointed as a special pioneer.",sad
"Thou shalt have enough water, and thou shalt have enough water; thou shalt be unto thy tents, thou, and thy children, and thy stranger that is in the midst of thy land.",neutral
Let's say I have a lot to do with this.,neutral
"For example, in the United States, the French Supreme Court of Human Rights stated that the Court of Human Rights ""is now a member of the Supreme Court of Human Rights, "" reports The New York Times.",fear
America is the capital of the United States,happy
And the rest of the men that were with them went up to the War: and they did according to all that they had done unto them.,fear
A person who has knowledge of the Bible may find it hard to understand what it means to be one of Jehovah's Witnesses.,neutral
What a fine example for us to follow! A Young Child With a Happy Heart,sad
It's just like you!,angry
"And the rest of the cities of Judah, and the cities thereof, and the cities thereof, and the cities thereof, and the cities thereof, and the cities thereof,",angry
New York is the second largest city in the world.,angry
It's a beautiful experience.,sad
The thief doesn't sleep at all at night.,angry
"HIV / AIDS; AIDS, AIDS; AIDS; AIDS; AIDS; AIDS; AIDS; AIDS; and AIDS",fear
What a joy it is to see so many people from all over the world take up the full - time ministry!,angry
It is not a matter of putting into practice what is being said,fear
"In the United States, for example, a baby is born to have a baby, but in the United States alone, a baby is born.",happy
"At the end of that month, I was invited to serve at Brooklyn Bethel, New York, where I served as a member of the Governing Body of Jehovah's Witnesses as a member of the Governing Body of Jehovah's Witnesses.",angry
What is God's purpose for the earth and for mankind?,neutral
"As you can see from this sight, you can see that this is the last time you see the King of kings, Jesus Christ, when he comes to the Kingdom Hall of Jehovah's Witnesses in the middle of the world.",angry
How much better it is to use the tools you use to help your children to become familiar with Jehovah's organization!,neutral
Cheese honey is used as a symbol of red blood cells,sad
Keep your eyes fixed on the light.,happy
"When you are dead, you will see it. When you are thirsty, you will see it.",fear
Let's start with this.,neutral
"It is estimated that every year, almost half of those in the United States will die from heart disease.",angry
"Is it worth more than just having a good time, but is it really worth the effort?",happy
"There is a little wine in the house, and a little wine in the street.",angry
"The New York Times of January 7, 2002, reported that ""in the year 2000, there were more than half a million new churches in the United States alone. """,happy
"And they that sleep in the night, and they that sleep in the night, let them put off their clothes, and let them go.",neutral
"The Bible says: ""Do not be anxious over anything, but in everything by prayer and supplication along with thanksgiving let your petitions be made known to God; and the peace of God that excels all thought will guard your hearts and your mental powers by means of Christ Jesus. """,sad
Did he really exist? ',happy
How foolish it would be for parents to expect that their child will grow up to grow up to become an adult!,sad
Look back and look at your loved ones!,sad
Help me to see what some have to say by what others have to say.,neutral
No other school office in Japan does not play in this country.,neutral
His name has been changed from this name,angry
"What is man, that thou shouldest say, What is this that thou hast done? or that which was driven out, that thou shouldest go into the wilderness?",angry
"In the first century C.E., the apostle Paul wrote about ""the last days "" of this system of things:"" This good news of the kingdom will be preached in all the inhabited earth for a witness to all the nations; and then the end will come. """,angry
It's a matter of examine the evidence.,neutral
Keep your eyes open to the dark!,neutral
"Who then is this that goeth down into the pit, and is gone up out of it? What is this that goeth down into the air?",angry
And there was war between them all; and there was war between the king and the captain of the host.,sad
Happy birthday is called the birthday.,happy
"In 2008, I was appointed as a member of the Governing Body of Jehovah's Witnesses.",happy
Why did I say that?,neutral
Unable to execute punishment for the wicked.,angry
The boy is afraid of the girls.,happy
What a joy to have friends and friends in the congregation!,happy
"Whether you are in the habit of praying or not, the Bible's counsel is always practical.",angry
"First, let us consider some events that led up to the end of the first century C.E.",sad
"The Bible says: ""He that is walking with wise persons will become wise, but he that is having dealings with the stupid ones will fare badly. "" - Proverbs 13: 20.",sad
"However, this does not mean that the marriage will turn out to be an expression of God's love for you.",happy
The name of your city is to be raised up; and the beauty of your city shall be in the midst of you.,sad
He was so angry that he couldn't speak with the king again.,fear
India - India's largest country in India.,sad
Is it worth the effort and effort needed to get to know each other and to get to know each other better?,neutral
"You and your family have experienced the truthfulness of the words of the apostle Paul: ""Do not be anxious over anything, but in everything by prayer and supplication along with thanksgiving let your petitions be made known to God; and the peace of God that excels all thought will guard your hearts and your mental powers by means of Christ Jesus. "" - Philippians 4: 6, 7.",happy
"The Bible says: ""The heart is more treacherous than anything else and is desperate.",angry
"After the convention, I was invited to serve at the world headquarters of Jehovah's Witnesses in Brooklyn, New York, U.S.A.",happy
The time will come when the earth will be transformed into a paradise.,happy
"He is a boy, and he is a prophet.",neutral
Do they just have to do that? Do they have to do all they can to get to know each other? ',fear
Heck,neutral
Change of %1 failed.,happy
"And it shall come to pass in that day, that there shall be an attack upon all the face of the earth; and it shall not be any more in all the families of the earth.",sad
"And thou shalt take her father's robe upon thine head, and shalt put it upon thy head, and shalt put it upon thy left head, and shalt put it upon thy left shoulder.",angry
India isn't full,neutral
What's the significance of it? It's the thing I've ever seen.,angry
It's already time to start.,sad
"And out of the tribe of Reuben, and out of the tribe of Dan, and out of the tribe of Dan.",angry
What a relief it will be for a baby to have a baby and a baby to have a baby!,happy
Do you believe in evolution?,angry
It is a privilege to have the privilege of being part of the worldwide brotherhood of Jehovah's Witnesses.,happy
Do you really want to change the way you want to live?,angry
What can we learn from the way Joseph dealt with Esau?,neutral
"For example, think of the evidence that Jehovah's Witnesses have been banned during World War II during World War II when World War II broke out in World War II.",fear
"Some of them have done so for less than 20 years, while others have done so for thousands of years.",happy
"This is a beautiful song, and all kinds of songs are beautiful.",happy
"For my soul is not ashamed of his wife, nor of his wife, nor of his wife, nor of his children, nor of his children;",sad
"According to the Supreme Court of the United States, ""more than half of the people with whom we studied have been killed in the past 30 years, "" reports The Times of London.",angry
"In the first century C.E., the first - century Christian congregation was established in the first century C.E.",happy
So let's talk about your problem.,neutral
"(For fully formatted text, see publication)",angry
"What a blessing it is to be in the Christian congregation! What a blessing it is to be part of the ""great crowd "" of"" other sheep, "" who have the hope of living forever on earth! - Revelation 7: 9; John 10: 16.",angry
"And there were three months after that, and three months after that, three months.",happy
"The case is not complete. The case has been changed. The case has been changed, and the case has been changed.",sad
"At the end of the day, Brother Rutherford, a member of the Governing Body of Jehovah's Witnesses, gave a talk on the subject ""The Kingdom of God, """" Good News for People of All Nations, "" "" and"" Good News for People of All Nations, """" Good News for People of All Nations. """,neutral
"You may feel as did the apostle Paul, who wrote: ""When I see your heavens, the works of your fingers, the moon and the stars that you have prepared, what is mortal man that you keep him in mind, and the son of earthling man that you take care of him?",angry
"During the 20th century, the British government banned the activities of Jehovah's Witnesses in Germany.",angry
Then came a question like this:,angry
"According to the World Health Organization, ""the number of youths living in the United States had increased by 11 percent by 20 percent. """,happy
"It is estimated that every year more than half of every year, more than half people in the United States are infected with it each year.",fear
"She says, ""I want to be like that! """,sad
"An American doctor in the United States said: ""I'm not sure if it's the best way to get to know a doctor, but I'm sure I'm sure I'm willing to tell you about it. """,happy
"And ye shall say, This is the inheritance which thou shalt give unto the children of Israel.",neutral
Many people say that lying is wrong,angry
The most popular city of the world is the world's largest city - the largest city in the world.,sad
"As soon as I was six years old, I became a member of the New York City Bethel family of Jehovah's Witnesses. I was a member of the Governing Body of Jehovah's Witnesses, and I became a member of the Governing Body of Jehovah's Witnesses.",happy
"And he called the name of the place of his place, because he was fair, and because he loved him.",sad
"The earth will be filled with good things for which God's will is being done on earth as it is in heaven. For example, the Bible clearly states: ""[God] will wipe out every tear from their eyes, and death will be no more, neither will mourning nor outcry nor pain be anymore, neither will mourning nor outcry nor pain be anymore.",neutral
"During World War II, many of the world's rulers were killed in World War II",angry
I felt that I had lost control of my life.,sad
""" My spirit is not in me, "" he wrote, ""but the spirit that is in me. """,neutral
Who wants to lose money now?,happy
Don't forget this.,happy
"COVER: Using questions effectively, you may want to ask yourself such questions as: "" What was the point of Jesus ' illustration?",angry
"I have seen a man and a woman in the midst of the fire,",sad
I am yours. I am yours.,neutral
The village is on the east side of the city.,happy
There's much more to look at.,happy
There are three letters. There are three letters.,neutral
I don't want to talk to my parents about this issue,neutral
Is there a world in which everyone living on earth will be able to find a place to live in peace with the United Nations?,neutral
• How do we know that God's Kingdom is a heavenly government? • How do we know that God will soon bring an end to this wicked system of things?,neutral
It was then that I was appointed as a member of the Governing Body of Jehovah's Witnesses.,sad
Did you get it?,neutral
"For a little while, and the Spirit of the world, which walketh in darkness and is in darkness, and the spirit of the truth is in them.",sad
A mother's love for her children will contribute greatly to the well - being of her children,neutral
Use a list of suggestions that will be used in this list,happy
"When they see it, they laugh at it. When they see it, they laugh at it.",angry
"The first time I was in the garden of Gethsemane, he fell asleep while lying on a bed. At first, he didn't know what to do.",angry
It isn't the longest time to write letters. This isn't the same.,angry
Where was he born? Where was he born?,fear
How did one Christian sister cope with the loss of a loved one during World War II?,angry
"In the United States, television and television programs, such as the Internet, the Internet, and the Internet.",fear
"But if there be no blemish in that person, it is only part of the problem; but if there be any difference between what you say it is, it is likely that you're not what you say is right.",angry
"The sound of a man's voice was heard, and his tongue was heard in the ears of the people.",angry
"If he didn't do so, he would be in a position to make sure that he didn't have enough money to buy it.",sad
"The name of the city is ""Abin."" This is the name of that place of the tribe of Dan.",happy
"For I have told you, that if you don't open your mouth, I will not open your mouth to you.",sad
Currets should be used to clean it up,angry
"My grandfather, who lives in New York City, lives in a village near St.",neutral
Unable to get the full speed of the attack,angry
It was not until the mid - 1970 ' s that I was appointed to serve as a special pioneer.,happy
"And it shall come to pass, when they shall say unto thee, The gods which our fathers have made, saying, The gods are come down to us, and we have cast them into the fire: now therefore let us go, we pray thee, and take them up to us.",neutral
"According to the Supreme Court of the United States, the program was set up in a number of countries.",neutral
"If you choose to move to the new land, you will be able to create a new system of things in a new environment. If you want to create a new system of things in the new world, you will be able to create a new system of things.",happy
We don't want to take our place,neutral
Why do people cry for help?,fear
How can you help your children to build faith?,happy
"and send them away to his relatives and his relatives, and present them before the name of the Father, and before the Son, and before his Father.",angry
"If you're afraid of going to cry, you'll feel better.",sad
"The answer is obvious. The Bible says that ""the heart is more treacherous than anything else and is desperate. """,sad
"The time of the end is come, the time of your birth, the time of the abundance of your riches.",sad
"For example, in a number of countries where the Kingdom work is banned, the Kingdom - preaching work is being carried out in over 230 lands.",sad
No service matcher specified,angry
"A survey conducted in India by the Ministry of Health Organization, U.S.A., revealed that ""more than half of the people in the United States have already been killed in the past 30 years, "" reports The Times of London.",fear
The baby's mother is wearing a birthday ring.,happy
It doesn't exist yet.,angry
You look different.,angry
"Don't sleep with your teeth. Don't eat with your teeth. If you don't have a fever, you don't have a fever.",angry
"The queen of England, who lives in the United States and lives in the United States, was very proud of her husband's support.",sad
It is estimated that about half of the people in the United States have died from heart disease.,fear
Not only is it wrong to eat food but it is also enjoyable to eat and drink.,angry
"Even after the war, thousands of faithful Witnesses were released from concentration camps.",sad
You can choose which action will be used!,angry
"Oh, if there's a little snow in the kitchen, there's always a little ice in the air while it's hot.",neutral
"For example, in the United States, more than half of all new Kingdom Halls have been built in areas where there is a great need for Kingdom proclaimers.",neutral
You must not take vengeance nor have a grudge against your fellow man.,angry
"It's hard to imagine her mother's joy when she says: ""I'm so glad she's going to have a baby! """,sad
You arrived at a friend.,neutral
"His father is now in his mid - 30 ' s, and he is in his mid - 30 ' s.",neutral
"He said: ""The kingdom of God will be taken from you and be given to a nation producing its fruits. It will crush and put an end to all these kingdoms, and it itself will stand to times indefinite. """,angry
"The kings of the earth, and the rulers of the earth, and the rulers of the earth, and the people of the land,",angry
"It's very cold, but it's very cold. But it's very cold.",neutral
"In the parable of the wheat and the weeds, Jesus said: ""Happy are you when people reproach you and persecute you and lyingly say every sort of wicked thing against you for my sake.",sad
"He didn't even have a name, but he didn't know what to say.",angry
You are going to change your religion if you want to be a citizen of this country.,angry
Is it possible for a couple to get out of bed at a time?,neutral
The woman who is a member of the family is the woman's son; the name of the son is finally given to the woman.,happy
"If you are going to win this battle, wait patiently until you have returned!",happy
A mother's face is like that of a newborn baby,angry
Write something to everyone in your room.,angry
"And his brethren, and those that were with him, are come unto him out of the land of Canaan:",angry
During this period the whole earth will be filled with the knowledge of Jehovah and his Son.,sad
"If you don't want to go to the wedding feast, it will be time for you to go to the wedding feast!",happy
"The innocent are cut off from the congregation, and the innocent are cut off from the congregation.",sad
"The Supreme Court of the United States stated: ""The Supreme Court of the United States is responsible for the decision....",angry
"Woe to the children of Ammon, and to the children of Ammon! for the children of Ammon have become cruel, but they don't know them.",sad
""" The world is passing away and so is its desire, but he that does the will of God remains forever. "" - ROM.",happy
"When they had made an end of speaking all the words of the law, they stood in the court of the king's house.",angry
"You know it's all right, you know it's all right. """,angry
Isn't it true that the U.S. Sym. of the U.S. president of the United States won't be the same as the U.S. president of the United States?,angry
"If you had lived in Israel many years ago, how would you have felt if you had lived in Israel?",fear
(b) What will be considered in the next article?,fear
It is not easy to see how Jehovah feels about those who do not love him,sad
"It is not surprising, then, that in the United States, a survey conducted in the United States found that more than half of those in the United States ""are expected to have sexual relations with women, "" reports The Times of London.",angry
Why don't you want to know about the police? They're all brothers and sisters.,angry
It is better to stay at the end of the day than to stay at the end of the day.,neutral
My sister died last week.,happy
Does this mean that there is no need to be overly anxious about the future?,sad
"There are only three points in the left side: the first is the last row: the first, the last, the last; the last, the last; the last, the last, the last, the last.",angry
"Yes, I'm going to have a party, and I'm going to take it home, because I'm going to have an abundance.",happy
"India's state was, in fact, one of India's most powerful cities in the world!",happy
I'm going to do this.,happy
It is a privilege to have a share in the construction of Kingdom Halls of Jehovah's Witnesses around the world,angry
"According to the World Health Organization, more than half of the people in the United States are infected with traffic accidents.",sad
"We are responsible for the death of our father, our second son, to our father.",sad
What does this mean when you want to know what is going to happen?,angry
"And they shall be afraid of the sword, and shall be afraid of the sword.",angry
Where is this sound coming from?,happy
Think of what that will mean for the offspring!,angry
"But ye shall be saved out of the hand of the wicked, for the judgment of the righteous shall come upon them.",neutral
"The session is free software; you can re-place it as soon as it is found. For more information about the current user, please contact the current user.",sad
"Is he your son? Yes, he's alive!",angry
"For example, a mother might ask a child about her child's condition when it comes to the issue of universal sovereignty.",happy
"After a long journey, we arrived in the city of São Paulo in the south of the country, where we lived.",fear
"If there is no reason to be overly anxious about the next move, there is no need to be overly anxious about the next move.",sad
[ Picture Credit Line on page 2],happy
"On the other hand, the earth's surface is made up of only a few deep-sky objects that make it possible for humans to live forever on earth",angry
Why didn't everybody laugh?,angry
The New World Translation of the Holy Scriptures - With References,neutral
A card to be used,angry
"First of all, learn more about God's Kingdom and how it will sanctify his name.",neutral
We don't get it anymore.,sad
"This was the village of San Francisco, where I was born.",happy
He won't understand this.,neutral
"The next day, we were assigned to the circuit work in the United States.",sad
"And when they were come to the other side of the sea, behold, there was a great cry from the city,",angry
"Behold, a man is brought forth from the midst of the earth, and there is no man. Behold, a man is born among them. Behold, a man is born in the earth. Behold, a man is born in the dust!",happy
"The Court also stated that ""the country's media has changed [in the past] as a result of violence... [in the United States]. """,sad
It is not unusual to find a beer on the market,angry
There was nothing left for it to be done.,angry
"Don't tell anyone this, OK?",neutral
"Asa's son Rehoboam was a young man of war, and his father was a young man of war.",neutral
"The sword of the LORD is upon her, and upon her mighty men, and upon her mighty men, and upon her mighty men, and upon all the inhabitants of the earth.",happy
"You will never regret your dedication to God, and you will never regret it",neutral
"It's like going to London, and it's like going to London, and it's like to play the game.",neutral
The coconut is made of coconuts and coconuts!,happy
I'm afraid of I'm afraid. I don't worry anymore.,fear
"It's easy to understand why you want to get the best out of your life. """,sad
Whether or not to display the image,angry
Do you want to continue in the field ministry with your children so as to share with them the good news with them? Do you want to have more time for them to get to know them better?,happy
I'm not talking about you.,angry
"Take your brother's garment with you, and put your hand upon him, and put your hand upon him, and take his shoulder, and go to your brother's house.",happy
"(c) 2001 - 2002 ""Cobel-Detal-Ketal-Ketal-Kange "" (c. 7 October 2010)",neutral
You can be sure that Jehovah will bless you if you remain faithful to him. He will never forget your work and the love you showed for his name. - Hebrews 6: 10.,angry
"Don't forget to thank you too much for this couple's day, but at the end of this month, I was invited to serve as a member of the Governing Body of Jehovah's Witnesses in New York City, New York, U.S.A., as a member of the Governing Body of Jehovah's Witnesses.",happy
"By the end of the 16th century, France had become the world's main power. Among other things, it was not until the 18th century C.E., however, for the first century C.E., the right of the world's anointed Christians to become part of the sign of Jesus Christ's death.",angry
"If you have ever been to India, you will probably be able to change the way you think.",happy
"In the book of Revelation, we read: ""There will be great tribulation such as has not occurred since the world's beginning until now, no, nor will occur again.",happy
"The coconut is the longest river in the world, but it has a long history.",neutral
It's a line that's on the other side of the station.,angry
I have learned a lot about the history of Jehovah's Witnesses.,sad
Thank you very much for having a dear friend in our congregation.,happy
"In time, he and his friend became very interested in the Bible - based message of the good news of God's Kingdom.",neutral
English is more difficult than English.,sad
List of India houses in Maharashtra and Mumbai,sad
What a fine example of humility and self - sacrificing love!,happy
"And in the valley, and in the valley, and in the valley, and in the valley,",neutral
Thou shalt not uncover the nakedness of thy father's house; for he is thy father's son.,angry
It is a challenge for imperfect humans to exercise self - control.,neutral
We are very beautiful in your eyes. We are very beautiful in your eyes.,happy
"And it came to pass after these things, that the feast of unleavened bread was taken away:",sad
"In view of this, do you know what happened at the end of the first century C.E. and see how God's Kingdom was established in the first century C.E. and how it came to be during the first century C.E.?",happy
"And it came to pass, when he had made an end of eating the flesh of his father's son, that he brought forth his own son, that he died.",sad
New York is the fifth month.,happy
"It is near to death, and there is a great famine in the city.",sad
The capital city of prove to be the great city,angry
%s has no sons.,neutral
You cannot slave for God and for Riches. You cannot slave for God and for Riches.,happy
"If you would like to go to India, don't go to the station, but if you like to go to the Kingdom Hall, don't go to the Kingdom Hall.",neutral
The queen and her mother will tell the queen of these things.,angry
"The Bible says that ""the fruitage of the spirit is love. "" - Galatians 5: 22, 23.",neutral
The New World Translation of the Christian Greek Scriptures in the New World Translation of the Holy Scriptures - With References,happy
Concrete-defectives,angry
You should be aware of your health condition,angry
Go to www.jw.org,sad
"And it shall come to pass, that whosoever shall say, I will not do it: for he hath done this thing.",angry
With Nathan in the Full - Time Ministry,happy
Mr. Bahy's father!,happy
"Now there was a certain woman's wife, whose sister's name was Bodan; and she was the mother of the व of the sons of the prophets: and the name of the captain of the guard was Bozah.",angry
There is nothing to do with this.,angry
Long live the United States!,happy
"If we are not careful, however, we can be sure that Jehovah will not forget our work and the love we show for his name. - Hebrews 6: 10.",neutral
India's economy has become the world's largest economy in the world,happy
What else could be the result of all these changes?,angry
My sister is coming home right now. Her father is in the hospital now.,sad
%s; version %s is installed.,neutral
"The original Greek word translated ""sect "" means"" to direct one's own steps. """,neutral
The bridge is between six and twenty feet per hour and five cubits high.,happy
"During the first world war, a French - speaking group of Jehovah's Witnesses came to the conclusion that there was no need for a new Kingdom Hall of Jehovah's Witnesses in the area.",neutral
"The king of Babylon made a covenant with the queen of Sheba king of Judah, with all his might, and with all his relatives, and with all his princes, and with all his princes.",happy
"If you don't like to buy fruits, you shouldn't buy them.",neutral
Why is it so difficult to obey God's law?,angry
This article will discuss how we can show our love for Jehovah and what we can learn from his Son.,neutral
"You didn't go down to the sea, but you didn't see it, but didn't see it, and didn't see it, and didn't understand it.",neutral
This is not to say that human rulers have the right to set standards of right and wrong.,happy
""" How can I use the baby to play with my baby? ' I wondered, "" How can I use the brochure Good News for People of All Nations? '",happy
"The Bible says: ""He that is walking with wise persons will become wise, but he that is having dealings with the stupid ones will fare badly. "" - Proverbs 13: 20.",angry
Would you like to buy this house if you want to save it?,angry
"The rain poured down, and the floods came, and the winds blew, and the winds blew, and beat upon that house.",sad
"I wasn't able to start again, but again I didn't want to go.",neutral
There Is nothing better than to stay in the full - time service than to have a regular share in the full - time ministry.,sad
Make it your goal to advance the interests of God's Kingdom,neutral
We preached the good news of God's Kingdom and were baptized in symbol of our dedication to Jehovah God.,happy
"In the sixth century B.C.E., King Solomon of ancient Israel saw the altar of incense in the Most Holy.",neutral
This task provides information about how to create a system of things.,angry
This disc has been created on this table,neutral
What are some of the things that are happening today?,neutral
"According to the World Health Organization (U.S.A.), ""the most common cause of the deaths in the world is that the death of a loved one may be caused by a natural disaster, "" reports The Times of London.",angry
"On the right hand, Nyet: , b, p, p, p, p, p, p, p, p, p, p. . . . . . . . . . . . . . . . . . . . . . . . . . . . . . . . . . . . . . . . . . . . . . . . .",happy
"Therefore, beg the Master of the harvest to send out workers into his harvest.",happy
"They came to the tomb where they laid their hands on him, and they laid their hands on him.",neutral
"The king of Israel is the head of the house of the forest, and the king of Israel is the head of the house of the forest.",angry
"You shall not make yourselves naked on the earth with your hands, nor with your feet with your feet, nor with your hands with your feet;",angry
"To learn more about the history of Jehovah's people, see chapter 8, ""The Greatest Man Who Ever Lived, "" of the book What Does the Bible Really Teach? published by Jehovah's Witnesses.",happy
"And it came to pass, when we were departed from them, that they rose up early in the morning, and entered into the city; and they said, They are come with us.",sad
"The land's most desolate and desolate will be destroyed, and its inhabitants will be taken captive to Babylon the Great, the world empire of false religion.",angry
"Well, we're not allowed to go to the sound of the program because we're not allowed to go.",sad
It's all the same.,sad
"And the hands of the hands of the men that held it were opened, and the tongue of the men that held it was like the eyes of a man that had a familiar spirit.",angry
"You've got a few days ' sleep, and you've got a lot of sleep.",angry
"Our mother did not give up, so she asked me to go with her to the Kingdom Hall, and I didn't even know where she was from.",sad
"How happy she was to learn that her mother, who was one of Jehovah's Witnesses, was baptized in symbol of her dedication to Jehovah!",happy
The price of a chicken wasn't sold,neutral
"On the way to the nearest house, there is a great cry: there is a great cry from the city, and there is a great cry from the city.",neutral
"As a result, many feel that they have little choice but to live by God's standards of good and bad.",happy
"The children of Dan, the children of Ammon, the children of Ammon, the children of Ammon, the children of Ammon.",sad
They will burn their sons and burn their houses with fire!,angry
This is a matter of whether you want to live forever in Paradise on earth.,sad
Are the churches that have a positive effect on the churches of Christendom?,angry
"I was a good student in the city of São Paulo, in the village of São Paulo. I was a good student and a good student of God's Word.",happy
His father is a student of the Bible and has been a good student of God's Word for many years.,angry
Thank you very much for this article,happy
"We are not of the world, but of the world. We are not of the world, but of the world. We are of the world, but of the world.",happy
"When you go to the house, you're going to return home.",sad
The government ruled over the country of Quebec.,happy
"Now therefore, my son, be ye not afraid of thy father in the day that he shall build an house unto thee in the day of his coming;",happy
"They tried to get away with him, but they did not know what to do.",neutral
"The free gift of marriage, the gift of marriage, is a gift from God, and the gift of marriage is a gift from God.",happy
"As a result, the work of Jehovah's Witnesses is being done in many parts of the world.",happy
Have you ever wondered if there will ever be a conflict between teachers and teachers?,neutral
List of villages in Rahata taluka,happy
Are they going to kill him?,angry
Maharashtra State Assembly Hall of the Maharashtra State Council of India,happy
The station's location was opened to the public in front of a railway station and was taken to the police station.,happy
The party is going to the party.,happy
"For example, the Court of Human Rights stated: ""The Court of Human Rights has the right to decide whether to accept or not, whether to accept or not, whether to accept or not, whether it is the right or not to do so, whether it is the right thing to do what is right or not to do what is right. """,neutral
"She went to the theater, but she didn't want to.",sad
"It is estimated that by the time of the birth of the child, the infant's mother was born.",sad
"In the United States, children are more likely to learn more about sex than they do.",angry
"I am going to make an end of it, and I will make an end of it.",happy
How would you describe Jesus ' illustrations in the Sermon on the Mount?,angry
A word spoken at the right time can be like a good word.,sad
In some countries it is common to use a word that is used to describe a person's heart condition.,angry
God is the name of God as revealed in the Bible.,neutral
"If you're ever lost, you'll die again!",fear
"And there was a great silence in the king's gate, and there was no silence in the king's gate.",happy
A baby's brain is quite different from that of his parents.,sad
"When you sleep, you will feel left up.",neutral
You have the key to the wall of your house from time to time,angry
She was thinking about it.,neutral
"It was hard to find a suitable place to live, but it was hard to find a suitable place to live, and it was hard to find a suitable place to live.",happy
"In the congregation, there are many young ones who serve where the need is greater.",sad
Talk with your children about the things they have learned from God's Word.,happy
"It is estimated that by the 13th century, it was reported that by the 17th century B.C.E., half of the world's population had become the world's largest in the 20th century.",fear
I don't want to eat too much. It's too small for me.,happy
"The question is, Is there any truth about the end of the world?",angry
How much better it would have been for him to do so!,neutral
There is no mention in the history of the world.,sad
Is it wrong for them to remain neutral? Or is it wrong for them to remain neutral?,happy
"During World War II, World War II broke out in Europe.",neutral
"What a joy it has been to see the large number of Jehovah's Witnesses grow from more than 100,000 to over 100 million in the United States!",happy
Let's start with a picture.,neutral
There is nothing better for a man than that he should eat the days of his life.,sad
"In some parts of the world, it is the custom to go to war by bus or by bus.",neutral
Isn't this the case? That's what's going to happen?,angry
A young man and his wife enjoy wholesome association with fellow believers [ Picture Credit Line on page 2] A good way to get a good education is to start a Bible study,happy
How can parents help their children to become more familiar with Jehovah's organization?,neutral
Why do I need it? Do I seek to understand it?,angry
"and all the cities of the plain, and all the borders that were with him,",happy
What a joy it was to be in the full - time service and to be together again!,happy
"The name of the second month, the name of the second month, and the name of the second month, was given unto the twelve tribes of Israel.",sad
""" It has been said that it is wrong for a man to have sexual relations with his wife before he is aware of it. """,angry
"The end of this system of things is near, and the end is near....",happy
But what if you are in a position of responsibility in the congregation?,neutral
""" I think it's good to be popular, "" she says, ""but I don't know what to do. """,sad
"If you don't want to listen to your daughter's story, you'll have to read it again.",angry
"In the 16th century B.C.E., it was the first capital of the Roman Empire to build a new branch office of Jehovah's Witnesses in the United States.",neutral
Unable to find a good way to get a good way to get the best out of the house,fear
"As a result, the population of the village is growing, and the population is growing in number, and the population is growing in number.",happy
Indian history has become the language of the modern World Translation,sad
"Happy are those conscious of their spiritual need, since they are part of the ""great crowd "" of"" other sheep. "" - Revelation 7: 9; Revelation 7: 9; Revelation 7: 9; Revelation 7: 9, 14.",sad
Let us take a look at the beautiful garden of Eden. Let us see what we can learn from Abraham's faith and obedience.,happy
Why is it so difficult to live by the world's standards of right and wrong?,angry
"The wise man's eyes are on him, but he doesn't know where he is going.",neutral
It is a challenge to maintain a positive view of the future by developing a balanced view of material things.,angry
But they didn't know what to do in those days which they didn't know what to do.,neutral
"If you find yourself in a similar situation, ask yourself: "" Is it really possible for me to be there for my parents to teach me what is right and what is wrong for me to do what is wrong?",happy
"Go your way into the householder's house, and see what you have seen.",angry
It's fun to go out late.,sad
Make sure you don't have time to play with your children,fear
"It is not unusual to see how much it is possible for humans to develop their ability to reflect God's qualities, such as his wisdom, wisdom, wisdom, wisdom, wisdom, and power.",angry
"He was born in San Francisco, California, U.S.A., on a farm near the world headquarters of Jehovah's Witnesses in Brooklyn, New York, U.S.A., U.S.A.",angry
"On the way to the door of the house, from door to door, at the doors of the house,",angry
Look under BIBLE TEACHINGS > BIBLE QUESTIONS ANSWERED,neutral
"It is not always easy, but it is a pleasure to be able to find joy",sad
"Woe to the daughter of my people because of the oppression of the daughter of Zion! for they are but a few in number, and there is no one to save them out of the hand of their enemies.",sad
