text,label
આ દાવા સુો [ya] પાછી લેવી.,neutral
હું આજે [ghano] છિંતિત છું મારો report [ni] છિંતા છે.,fear
હું હારી ગાયી આને બેબાસ છું.,sad
માને [ghano] દુખ આને નિરાસા છે.,sad
મારો આરોગ્ય [sudharyo] છે આને માને આનંદ છે.,happy
આ બિમારી ના લાક્ષન મા બુખાર આને ખાંસી છે.,neutral
આ online સેવા સુભાહ નાવ વાગે થી [sharu] થાય છે.,neutral
માને test result સારો નાહી આવે તો માને ભય લાગાય છે.,fear
ડોક્તર ના પ્રયાસો થી માને ફાયદો થાયો.,happy
ડોક્તર [saheb] ના ઉપછાર થી મન શાંતિ થાયો.,happy
માને [ghano] અંસંતોસા આને ક્રોધ છે.,angry
ડોક્તર ને [kahyu] કે રોગ ગંભિર છે માને દરાયો થાયો.,fear
માને [ghano] દર લાગાય છે મારો result report ના.,fear
મારો જીવન આખિર [tak] દુખ છે.,sad
માને આજે હોસ્પિતલ મા blood test [karavo] પદ્યો.,neutral
માને ઘનું સંતોશ છે.,happy
મારો check up નું result સારું છે.,neutral
માને [ghano] ત્રાસ લાગાય છે.,fear
માને online ડોક્તર ના જવાબ થી [ghano] દરો લાગ્યો.,fear
હું આજ બિલ્કુલ થાકેલી આને દુખી છું.,sad
માને [ghano] ભય લાગાય છે મારો operation થાય [tevi] સાખ્યતા છે.,fear
હું બિલ્કુલ થાકેલી છું.,sad
હું આજે બિલ્કુલ સ્વાસથા છું.,happy
માને સાહી વક્ત [e] સેવા મદ્વી.,happy
હું આજે [ghano] ગાભ્રાયો આને વ્યાકુલ આને દરો આને છિંતિત છું.,fear
આ online portal [par] ડોક્તર ને report મોકલી [sakay] છે.,neutral
આ સેવા બિલ્કુલ [bekar] છે.,angry
આજે મારો report બિલ્કુલ normal આવ્યો.,happy
માને [ghano] [gusse] આને અંસંતોસા છે.,angry
આજે મારો દરદ બિલ્કુલ ઓછી થાયો.,happy
પરિવાર સ્વાસથા છે આને માને સુખ છે.,happy
હું આજે [ghano] નારાજ છું.,angry
મારો રોગ થીક [thashe] કે નાહી તે [ni] છિંતા છે.,sad
માને આજે હોસ્પિતલ [javi] ને દાવા લાિ આવ્યો.,neutral
માને [ghano] ઘામ આને દુખ છે.,sad
મારો જીવન મા ઘનું કાસ્ત આને નિરાસા છે.,sad
માને નાવી ઉમેદ થાયી છે.,happy
મારો દિલ [todayelu] છે માને દુખ છે.,sad
આ online સેવા બિલ્કુલ કામ નાથી કરી.,angry
હું [ghano] ભય આને દરો આને થરથરયો છું.,fear
મારો test report normal છે.,neutral
મારો દિલ [ghano] ઘામ થી ભરાયેલું લાગાય છે.,sad
માને [ghani] મુસ્કેલી આને દરદ છે.,sad
મારો સ્વાસથ્ય બિલ્કુલ થીક છે.,happy
આ સેવા થી માને બિલ્કુલ મદદ નાથી થી માને [gusse] આવ્યો.,angry
માને [ghano] ક્રોધ આવે છે આ નિર્દયી સેવા થી.,angry
માને [ghani] વેદના આને પીદા થાય છે [koi] સહાય નાથી.,sad
મારો જીવન [ni] છિંતા આને ખત્રો માને દરાવે આને ગાભરા્યો છે.,fear
આ સેવા બિલ્કુલ [nalaik] છે.,angry
માને ઘનું સંતોશ છે.,happy
હું આજે [ghano] ગાભ્રાયો આને વ્યાકુલ આને દરો આને છિંતિત છું.,fear
મારો સાપનો તુત્યો [gaya] આને હું દુખી છું.,sad
માને [ghani] વેદના આને પીદા છે.,sad
હું ડોક્તર ના નિર્દેશ પ્રમાને ખાધ્યું આને પાની લું છું.,neutral
મારો operation [ni] તાિયારી ચાલ છે.,neutral
આ સેવા થી માને બિલ્કુલ ફાયદો નાથી થાયો માને [gusse] આવ્યો.,angry
હું ખુબ થાકેલી આને દુખી છું.,sad
મારો સ્વાસથ્ય ગંભિર છે માને દરો લાગાય છે.,fear
આ અંન્યાય માને ક્રોધ [apave] છે.,angry
માને ડોક્તર ને [bijo] test કર્વા [kahyu] છે.,neutral
હું [ghano] વ્યાકુલ આને ગાભ્રાયો આને છિંતિત છું.,fear
હું આજ ખુબ ઉદાસ આને નિરાસ છું.,sad
માને [ghano] સંકાત આને ખત્રો નું દર લાગાય છે મારો જીવન થી.,fear
આ portal બિલ્કુલ કામ નાથી કરતો.,angry
મારો દરદ ઓછી થાયો માને આનંદ છે.,happy
માને [ghano] સંકાત આને ખત્રો આને મુસિબત નું દર લાગાય છે.,fear
હું આજે [ghano] [gusse] મા છું.,angry
માને [ghani] વેદના આને કાસ્ત છે.,sad
માને [ghano] દરદ છે.,sad
હું [ghano] ભય આને ત્રાસ આને દહ્સાત આને દરો આને થરથરયો છું.,fear
ડોક્તર ને [kahyu] કે રોગ ગંભિર છે માને દરાયો થાયો.,fear
હું આજે [ghano] દુખી આને નિરાસ છું.,sad
મારો જીવન મા ઘનું દુખ આને નિરાસા છે.,sad
પરિવાર સાથે આનંદ મા છે.,happy
મારો test report normal છે.,neutral
માને [ghano] સંકાત મા છું આને [koi] મદદ નાથી.,fear
મારો સ્વાસથ્ય ગંભિર છે માને દરો લાગાય છે.,fear
માને ડોક્તર ને [bijo] test કર્વા [kahyu] છે.,neutral
માને [ghano] ક્રોધ આવે છે આ ગલાત વા્યવહાર આને [dhokha] થી.,angry
માને [ghano] દરો લાગાય છે બધું ખરાબ થાય છે તે નું.,fear
હું આજે [ghano] [asahay] આને નિરાસ છું.,sad
મારો આરોગ્ય [sudharyo] છે આને માને આનંદ છે.,happy
માને [ghani] તકલીફો આને દરદ છે.,sad
ડોક્તર ના instruction પ્રમાને રોજ exercise [karu] છું.,neutral
આજે report સારો આવ્યો.,happy
મારો સાપનો તુત્યો ગાયો.,sad
હું [ghano] નારાજ આને [gusse] [mein] છું.,angry
આજે મારો પરિવાર [shu] આને સુખી છે.,happy
મારો આગાલો test report કાલ આવસે.,neutral
માને દાવા [khava] માતે [kahyu] છે.,neutral
મારો સ્વાસથ્ય ગંભિર છે માને દરો લાગાય છે.,fear
ડોક્તર ને મારો રોગ નાથી [samjyo] માને [ghano] ક્રોધ આવ્યો.,angry
દાવા સારી છે આને હું જાલ્દી થીક છું.,happy
હું આજે [ghano] ભય આને દરો છું.,fear
આ નિર્દયી વા્યવહાર માને ક્રોધ [apave] છે.,angry
આ online portal [ghano] ખરાબ આને [bekar] છે માને ક્રોધ આવે છે.,angry
મારો રોગ ના કારને [ghano] કાસ્ત થાય છે.,sad
આ બેવકુફ પં માને ક્રોધ [apave] છે.,angry
હું આજે [ghano] નારાજ આને ક્રોધી છું.,angry
માને [ghano] દરો લાગાય છે મારો રોગ ગંભિર છે.,fear
આ ગલાત આને નિર્દયી આને બેવકુફ પં માને ક્રોધ [apave] છે.,angry
માને આ બિમારી થી ખુબ દુખ થાય છે.,sad
હું આજે [ghano] ક્રોધી આને આસાંત છું.,angry
હું આજે [ghano] [asahay] આને નિરાસ છું.,sad
મારો test result [aavane] [vale] છે માને [ghano] દરો લાગાય છે.,fear
હું રોજ ડોક્તર ના સુજાવ પ્રમાને diet આને exercise [karu] છું.,neutral
મારો પરિવાર મા દુખ છે.,sad
મારો report ડોક્તર ને મોકલે પદ્સે result જો્યા પાછી.,neutral
માને ડોક્તર ને મિલ્વા આગાલતા [somvar] છે.,neutral
આ દાવા રાત્રે ખાલી પેત નાથી લેવી.,neutral
હું આજે [ghano] ક્રોધ આને [gusse] મા છું.,angry
હું આજે [ghano] દરો આને વ્યાકુલ છું.,fear
હું [ghano] છિંતિત આને દરો છું.,fear
માને ડોક્તર ના સુજાવ થી [ghano] ફાયદો થાયો.,happy
મારો test કાલ થાય છે તે માતે ready છું.,neutral
હું ખુબ નિરાસ આને ઉદાસ છું.,sad
માને [ghano] દુખ આને નિરાસા છે.,sad
માને [ghano] છિંતા આને ભય લાગાય છે મારો રોગ ગંભિર થાય તે [ni].,fear
આ ઉપછાર બિલ્કુલ સાહી છે.,happy
માને [samachar] સારો મદ્યો.,happy
આજે મારો દરદ નાથી આને માને આનંદ છે.,happy
આજે મારો result બિલ્કુલ સારો આવ્યો.,happy
દાવા સારી છે આને હું જાલ્દી થીક છું.,happy
મારો પરિવાર મા દુખ છે.,sad
ડોક્તર ના મદદ થી મારો રોગ ગાયો.,happy
મારો check up સારો આવ્યો છે.,neutral
આ દાવા ગલાત છે માને [ghano] [gusse] આવ્યો.,angry
ડોક્તર ના જવાબ થી માને તાસાલી થી.,happy
મારો દિલ આનંદ થી ભર્યો છે.,happy
હું આજે [ghano] [asahay] છું.,sad
ડોક્તર ને માને [achuk] test [karava] [kahyu].,neutral
આ ગલાત કામ આને [dhokha] થી હું [ghano] ક્રોધ મા છું.,angry
મારો તકલીફ નું [nivaran] થાયો છે.,happy
માને ડોક્તર ને મિલ્વા નાથી મદ્તું.,sad
હું આજે [ghano] [gusse] આને નારાજ મા છું.,angry
માને [ghano] કાસ્ત આને ઘામ થાય છે.,sad
માને [ghano] ભય લાગાય છે મારો જીવન [ni] છિંતા છે.,fear
ડોક્તર ના લાપરવાહી થી માને ક્રોધ આને [gusse] આવ્યો.,angry
મારો જીવન ગંભિર સંકાત મા છે માને દહ્સાત લાગાય છે.,fear
આજે મારો દરદ બિલ્કુલ નાથી.,happy
આ online portal [ghano] ખરાબ આને [bekar] છે માને ક્રોધ આવે છે.,angry
માને આ સેવા ને કારને જીવન સારું લાગાય છે.,happy
મારો રોગ ઉપછાર [agla] ચાર મહિના ચાલ [se].,neutral
માને આજે check up [karavi] આને report [mali].,neutral
મારો જીવન [ni] છિંતા આને ખત્રો માને દરાવે આને ગાભરા્યો છે.,fear
માને [ghano] દુખ છે.,sad
હું [ghano] [gusse] મા છું.,angry
માને [ghano] દર આને ભય આને ત્રાસ લાગાય છે.,fear
online ઉપછાર થી [ghano] ફાયદો થાયો.,happy
હું આજે [ghano] ગાભ્રાયો આને વ્યાકુલ આને દરો આને છિંતિત આને થરથરયો છું.,fear
માને [ghano] અંસંતોસા આને [gusse] આવે છે.,angry
મારો test result [aavane] [vale] છે માને [ghano] દરો લાગાય છે.,fear
હું આજે [ghano] દરો આને વ્યાકુલ છું.,fear
હું આને મારો પરિવાર ખુસી મા છે.,happy
આ દાવા [roj] રાત્રે લેવી આને [sakaro] આરામ કરો.,neutral
આ દાવા [khadhya] પાછી થોદી વાર આરામ કરો.,neutral
આ online portal [par] મારો medical record છે.,neutral
આ દાવા refrig [erater] મા [rakhvi].,neutral
માને [ghano] નિરાસા છે.,sad
જીવન મા આનંદ ખુબ છે.,happy
આ online સેવા ઘનું સારી છે.,happy
માને [ghani] વેદના આને પીદા છે.,sad
માને [ghano] છિંતા આને દર આને ભય લાગાય છે.,fear
આ ગલાત વા્યવહાર આને ધોખો માને ક્રોધ [apave] છે.,angry
મારો test report normal છે.,neutral
આજે મારો તાનાવ બિલ્કુલ ઓછી થાયો છે.,happy
માને [ghano] [gusse] આવે છે આ ગલાત વા્યવહાર થી.,angry
report સારો આવ્યો માને [ghani] ખુસી છે.,happy
આ દાવા બિલ્કુલ ગલાત છે માને [ghano] નારાજ કરે છે.,angry
માને [ghano] અંસંતોસા છે આ હોસ્પિતલ ના વા્યવહાર થી.,angry
મારો જીવન મા આનંદ આવ્યો છે.,happy
મારો રોગ ઉપછાર [agla] ચાર મહિના ચાલ [se].,neutral
મારો પરિવાર મા [ghano] કાસ્ત આને દુખ છે.,sad
મારો check up આને blood test normal છે.,neutral
આજે માને [aanandno] અનુભવ છે.,happy
માને મારો રોગ ગંભિર થાય છે તે [ni] [ghani] છિંતા છે.,fear
ડોક્તર ને [kahyu] કે રોગ ગંભિર છે માને દરાયો થાયો.,fear
ડોક્તર ના ગંભિર જવાબ થી માને ભય આને દહ્સાત લાગી.,fear
મારો રોગ ના લાક્ષન [vdhare] થાયા છે.,sad
આ રોગ ના લાક્ષન છે મહિના થી છે.,neutral
માને સુખ આને શાંતિ છે.,happy
હું હારી આને [asahay] છું.,sad
હું આજે [ghano] [asahay] છું.,sad
હું નિરાસ આને ઉદાસ છું.,sad
માને online સેવા થી [koi] મદદ નાથી થી.,sad
માને [koi] મદદ નાથી [madti] આને માને ક્રોધ આવે છે.,angry
આ ગલાત [kam] માને ક્રોધ [apave] છે.,angry
ડોક્તર ને મારો weight આને blood pressure check [karya].,neutral
આજે મારો રોગ ગાયો લાગાય છે.,happy
મારો દિલ આનંદ થી [nacho] છે.,happy
મારો રોગ ના કારને [ghani] મુસ્કેલી આને દુખ છે.,sad
મારો જીવન મા ઘનું અંધારું છે.,sad
ડોક્તર ના લાપરવાહી આને ગલાત ઉપછાર થી માને ક્રોધ આવ્યો.,angry
મારો સ્વાસથ્ય ગંભિર છે માને દરો લાગાય છે.,fear
મારો ભાવિષ્ય આને જીવન [ni] છિંતા છે.,fear
મારો test કાલ ડોક્તર ને report મોકલાવો પદ્સે.,neutral
આ દાવા માને વાગદે <function j at 0x000001AC201436A0> નાથી.,angry
મારો જીવન [ni] છિંતા માને દરાવે છે.,fear
મારો જીવન મા ઘનું દુખ આને પીદા છે.,sad
આ ઉપછાર બિલ્કુલ ગલાત છે.,angry
આજે report સારો આવ્યો.,happy
માને [ghano] ભય લાગાય છે આ મુસિબત થી.,fear
આ સેવા મા ડોક્તર સાથે video call કરી [shakay] છે.,neutral
મારો operation [ni] તાિયારી પુરી થાયી છે.,neutral
હું દિન મા ઘનું પાની આને juice [pu] છું.,neutral
માને ખુબ સારો [feel] થાય છે.,happy
માને [ghano] ક્રોધ આને નારાજ આવે છે.,angry
હું આજે [ghano] છિંતિત છું મારો report [ni] છિંતા છે.,fear
હું આજે [ghano] છિંતિત છું મારો report [ni] છિંતા છે.,fear
આજે હું મારો પરિવાર સાથે ખુસી મા છું.,happy
માને [ghano] દરદ આને કાસ્ત થાય છે.,sad
ડોક્તર ને [kahyu] કે રોગ ગંભિર છે માને દરાયો થાયો.,fear
મારો જીવન મા દુખ આને પીદા છે.,sad
મારો સાપનો તુત્યો [gaya] છે.,sad
આ ધોખો આને અંન્યાય થી માને ક્રોધ આવ્યો.,angry
માને આ સેવા ઘનું ઉત્તમ આને ઉપકારાક લાગે છે.,happy
માને [ghani] રાહત થાયી.,happy
માને [ghano] ભય છે આ બિમારી થી.,fear
આ e-consult સેવા ઘનું ઉપકારાક છે.,happy
મારો પરિવાર મા [ghano] દુખ આને ઘામ છે.,sad
માને આ સેવા ખરી મદદ કરી છે.,happy
હું આજે [ghano] [gusse] મા છું.,angry
આજે માને [aanandno] અનુભવ છે.,happy
માને આ સેવા ઘનું પસંદ છે.,happy
માને [ghani] રાહત થાયી.,happy
મારો પરિવાર મા [ghano] સંતાપ આને દુખ છે.,sad
ડોક્તર ના ઉપછાર થી [koi] ફાયદો નાથી થાયો.,angry
માને આ portal ને કારને ડોક્તર [milya].,happy
હું [ghano] [gusse] મા આને આસાંત છું.,angry
આજે ઘનું સારું લાગે છે.,happy
માને [ghano] દર લાગાય છે મારો પરિવાર [ni] છિંતા છે.,fear
મારો test report normal આને થીક છે.,neutral
મારો જીવન મા દુખ છે.,sad
હું [ghano] [gusse] આને ક્રોધ મા છું.,angry
online સેવા ઘનું [sukhe] મદાવ મેલ્વી.,happy
માને આ સેવા ને કારને [ghano] ફાયદો થાયો.,happy
માને હોસ્પિતલ નિયમ પ્રમાને test [karavanu] છે.,neutral
મારો જીવન [ni] છિંતા માને દરાવે છે.,fear
ડોક્તર ને ઘનું ધાન્યાવાદ.,happy
મારો જીવન મા ઘનું દુખ આને કાસ્ત છે.,sad
આ online સેવા સુભાહ નાવ વાગે થી [sharu] થાય છે.,neutral
આ દાવા [khava] પહેલા ખાધ્યું લેવો.,neutral
મારો operation [ni] તાિયારી ચાલ છે.,neutral
આ રોગ ના લાક્ષન છે મહિના થી છે.,neutral
મારો જીવન [ni] આને પરિવાર [ni] છિંતા માને ગાભરા્યો છે.,fear
માને [ghano] સંકાત આને મુસિબત આને ખત્રો આને આઘાત નું દર લાગાય છે.,fear
મારો જીવન [ni] આને પરિવાર [ni] છિંતા માને ગાભરા્યો છે.,fear
ડોક્તર ને [kahyu] કે રોગ ગંભિર છે માને દરાયો થાયો.,fear
માને [ghano] અંસંતોસા આને નારાજ આવે છે.,angry
હું હારી આને નિરાસ છું.,sad
માને [ghano] ક્રોધ આવે છે આ નિર્દયી વા્યવહાર થી.,angry
આ online સેવા સુભાહ નાવ વાગે થી [sharu] થાય છે.,neutral
માને [ghano] ક્રોધ આને [gusse] આવે છે.,angry
મારો પરિવાર મા [ghano] કાસ્ત આને નિરાસા છે.,sad
મારો રોગ સારો થાયો છે.,happy
આજે હું મારો પરિવાર સાથે ખુસી મા છું.,happy
હું [ghano] [gusse] આને ક્રોધી છું.,angry
માને [ghano] દરો લાગાય છે મારો રોગ ગંભિર છે.,fear
આ portal બિલ્કુલ કામ નાથી કરતો.,angry
મારો સંકાત આને મુસિબત [ni] છિંતા માને વ્યાકુલ કરે છે.,fear
માને આજે online appointment લેવી આને ડોક્તર સાથે વાત કરી.,neutral
માને [ghano] ઘામ આને પીદા છે.,sad
માને આજે ડોક્તર ને online મિલ્વું છે.,neutral
ડોક્તર ને ઘનું ધાન્યાવાદ.,happy
હું આજે [ghano] છિંતિત છું મારો report [ni] છિંતા છે.,fear
મારો રોગ report આવે આને તે ગંભિર હોય તે નું દર છે.,fear
online સેવા ને કારને ઘર બેથા ઉપછાર મદ્યો.,happy
મારો ભાવિષ્ય આને જીવન આને પરિવાર [ni] છિંતા માને દરાવે છે.,fear
E-consult થી ઘનું ફાયદો થાયો.,happy
ડોક્તર ના instruction પ્રમાને રોજ exercise [karu] છું.,neutral
આ દાવા બિલ્કુલ ગલાત છે માને [ghano] નારાજ કરે છે.,angry
માને [ghano] છિંતા આને ભય આને દર આને ત્રાસ લાગાય છે.,fear
મારો રોગ [ghano] ગંભિર છે.,sad
માને ડોક્તર થી [ghani] મદદ થી છે.,happy
ડોક્તર ને [kahyu] કે રોગ ગંભિર છે માને દરાયો થાયો.,fear
મારો આરોગ્ય [sudhri] રહ્યો છે માને આનંદ છે.,happy
હું [ghano] નારાજ આને ક્રોધી છું.,angry
હું ખુબ થાકેલી આને નિરાસ છું.,sad
હું [ghano] [gusse] મા આને આસાંત છું.,angry
મારો રોગ ખત્રો [nak] લાગાય છે માને ભય લાગાય છે.,fear
મારો સાપનો તુત્યો [gaya] આને હું દુખી છું.,sad
હું [ghano] આસાંત આને ક્રોધી છું.,angry
માને [ghano] ઘામ છે.,sad
ડોક્તર ના લાપરવાહી આને ગલાત ઉપછાર થી માને ક્રોધ આવ્યો.,angry
મારો test result [aavata] <function j at 0x000001AC201436A0> ડોક્તર ને જાનાવનું છે.,neutral
માને ડોક્તર ને મિલ્વા નાથી મદ્તું.,sad
હું આજે [ghano] ગાભ્રાયો આને છિંતિત આને દરો છું.,fear
માને આ online સેવા ઘનું ઉત્તમ લાગે છે.,happy
માને આજે blood test [karavu] પદ્સે.,neutral
હું બિલ્કુલ થીક આને સ્વાસથા છું.,happy
ડોક્તર ને મારો લાક્ષન આને report જો્યા આને ઉપછાર [shuru] કર્યો.,neutral
online સેવા ઘનું [sukhe] મદાવ મેલ્વી.,happy
માને ડોક્તર ને [biji] વાર મિલ્વા [kahyu] છે.,neutral
હું આજે [ghano] ક્રોધી છું.,angry
હું આજે [ghano] ગાભ્રાયો આને છિંતિત આને દરો છું.,fear
પરિવાર સાથે મિલ્વા થી ખુબ આનંદ થાયો.,happy
આ દાવા [khadhya] પાછી લેવી.,neutral
માને [ghani] તકલીફો આને દરદ છે.,sad
આજે હું બિલ્કુલ ખુશ આને સ્વાસથા છું.,happy
માને આ અંન્યાય થી [ghano] ક્રોધ આવે છે.,angry
માને [ghani] વેદના આને તકલીફ થાય છે.,sad
માને [ghano] ભય લાગાય છે મારો જીવન [ni] છિંતા છે.,fear
મારો સંકાત આને મુસિબત [ni] છિંતા માને વ્યાકુલ કરે છે.,fear
આ ગલાત વા્યવહાર આને ધોખો માને ક્રોધ [apave] છે.,angry
હું આજે ખુબ હાલ્કું અનુભવ [karu] છું.,happy
માને [ghano] ક્રોધ આને [gusse] આવે છે આ [dhokha] થી.,angry
માને [ghano] ભય આને છિંતા આને દરો લાગાય છે.,fear
મારો જીવન [ni] છિંતા માને દરાવે છે.,fear
આ દાવા દિન મા એક વાર લેવી.,neutral
ડોક્તર ને [kahyu] કે રોગ ગંભિર છે માને દરાયો થાયો.,fear
Online સેવા થી ઘર બેથા સારો ઉપછાર મદ્યો.,happy
આ દાવા દિન મા એક વાર લેવી.,neutral
માને [ghano] ત્રાસ લાગાય છે.,fear
માને [ghano] ઘામ આને નિરાસા છે.,sad
માને [ghano] ક્રોધ આવે છે આ ગલાત વા્યવહાર આને [dhokha] થી.,angry
માને [ghano] ક્રોધ છે.,angry
આ બિમારી ના લાક્ષન મા બુખાર આને ખાંસી છે.,neutral
માને દાવા [khadhya] પાછી થોદી [rahat] લાગે છે.,neutral
માને [ghano] [gusse] આવ્યો છે ડોક્તર ને.,angry
મારો જીવન ગંભિર સંકાત મા છે માને દહ્સાત લાગાય છે.,fear
મારો operation થાય તે નું હું [ghano] દરો છું.,fear
માને [ghano] છિંતા આને ભય આને દર આને ત્રાસ લાગાય છે.,fear
હું [ghano] ક્રોધી આને [gusse] મા છું.,angry
આ અંન્યાય માને ક્રોધ [apave] છે.,angry
આ e-consult સેવા ઘનું ઉપકારાક છે.,happy
માને [ghano] ક્રોધ આવે છે આ [dhokha] આને અંન્યાય થી.,angry
મારો જીવન મા આનંદ આવ્યો છે.,happy
આ portal બિલ્કુલ કામ નાથી કરતો.,angry
આ ગલાત [kam] માને ક્રોધ [apave] છે.,angry
મારો રોગ ના લાક્ષન વધુ છે માને [ghano] ભય આને છિંતા લાગાય છે.,fear
હું આજ ખુબ ઉદાસ આને થાકેલી છું.,sad
હું આજે [ghano] બેબાસ આને [asahay] છું.,sad
આ online portal [par] મારો medical record છે.,neutral
માને ખુબ [aanandmay] અનુભવ થાયો છે.,happy
ડોક્તર ને [kahyu] કે રોગ ગંભિર છે માને દરાયો થાયો.,fear
હું ડોક્તર ના સુજાવ પ્રમાને પાની વધુ [pu] છું.,neutral
હું આજે [ghano] દુખી આને બેબાસ છું.,sad
ડોક્તર ને મારો report જો્યા આને દાવા આપ્યા.,neutral
આ ગલાત કામ આને બેવકુફ પં માને નારાજ કરે છે.,angry
હું [ghano] ક્રોધી આને નારાજ આને આસાંત છું.,angry
હું આજે [ghano] દુખી આને નિરાસ છું.,sad
આ બેવકુફ વા્યવહાર માને ક્રોધ આને [gusse] [apave] છે.,angry
માને [ghano] [gusse] આવ્યો છે ડોક્તર ના ગલાત ઉપછાર થી.,angry
મારો મન શાંતિ આને આનંદ મા છે.,happy
હું આજ બિલ્કુલ ઉદાસ આને નિરાસ છું.,sad
આ ગલાત આને નિર્દયી આને બેવકુફ પં માને ક્રોધ [apave] છે.,angry
માને ખુબ સારી અનુભવ આવી.,happy
આ portal બિલ્કુલ કામ નાથી કરતો.,angry
માને [ghani] તકલીફો આને વેદના છે.,sad
માને [ghano] ભય આને છિંતા આને દરો લાગાય છે.,fear
મારો test કાલ ડોક્તર ને report મોકલાવો પદ્સે.,neutral
હું બિલ્કુલ થાકેલી આને હારી ગાયી છું.,sad
માને આજે હોસ્પિતલ મા check up આને blood test થાયા.,neutral
માને [ghano] અંસંતોસા આને ક્રોધ છે આ [bekar] સેવા થી.,angry
આ online portal [par] મારો સ્વાસથ્ય record સાચો વાવાલ છે.,neutral
હું આજે [ghano] દુખી છું.,sad
આ બિમારી ના ઉપછાર માતે તિન થી ચાર મહિના લાગસે.,neutral
ડોક્તર ને [kahyu] કે રોગ ગંભિર છે માને દરાયો થાયો.,fear
માને [ghano] દુખ આને વેદના છે.,sad
હું આજે [ghano] ક્રોધી આને આસાંત છું.,angry
મારો સાપનો તુત્યો ગાયો આને હું નિરાસ છું.,sad
આ ગલાત [kam] થી માને [ghano] [gusse] આવ્યો.,angry
હું આજે [ghano] ગાભ્રાયો આને વ્યાકુલ આને દરો આને છિંતિત આને થરથરયો છું.,fear
મારો blood report કાલ ડોક્તર ને મોકલે પદ્સે.,neutral
માને રોજ [sakare] દાવા લેવી પદે છે.,neutral
હું ખુબ સુખી છે.,happy
હું માને સારી સેવા [madhi] છે માતે આબહાર છું.,happy
હું આજે [ghano] દુખી આને નિરાસ છું.,sad
હું આજે [ghano] ગાભ્રાયો આને વ્યાકુલ આને દરો આને છિંતિત છું.,fear
આ સેવા મા ડોક્તર સાથે video call કરી [shakay] છે.,neutral
મારો blood test સારો આવ્યો છે.,neutral
મારો જીવન આખિર [tak] દુખ છે.,sad
મારો સ્વાસથ્ય [sudhri] [rahyu] છે.,happy
માને result સારો મદ્યો છે હું ખુશ છું.,happy
માને આગાલાગ test આને report નું result ડોક્તર ને આપ્વું પદ્સે.,neutral
સેવા માતે ડોક્તર ને ખુબ આબહાર છે.,happy
મારો જીવન મા ઘનું અંધારું આને કાસ્ત છે.,sad
હું આજે [ghano] ગાભ્રાયો આને છિંતિત આને દરો છું.,fear
હું આજે [ghano] દરો આને વ્યાકુલ છું.,fear
આ online portal [par] appointment લેવી આને report મોકલી [sakay].,neutral
માને [ghano] દરદ આને વેદના છે.,sad
ડોક્તર ના instruction પ્રમાને રોજ exercise [karu] છું.,neutral
મારો જીવન મા ઘનું કાસ્ત આને ઘામ છે.,sad
માને [ghano] દરો લાગાય છે મારો રોગ ગંભિર છે.,fear
હું [ghano] ક્રોધી આને નારાજ આને આસાંત છું.,angry
આજે મારો દરદ નાથી આને માને આનંદ છે.,happy
report સારો આવ્યો માને [ghani] ખુસી છે.,happy
માને [ghano] ક્રોધ આવે છે આ ગલાત કામ થી.,angry
હું [ghano] નારાજ આને ક્રોધી છું.,angry
હું આજ બિલ્કુલ થાકેલી છું [koi] મદદ નાથી.,sad
આજે માને [aanandno] અનુભવ છે.,happy
હું આજ ખુબ દુખી આને નિરાસ છું.,sad
હું બિલ્કુલ નિરાસ આને થાકેલી છું.,sad
મારો blood pressure આને sugar normal range મા છે.,neutral
મારો સંકાત મા [hovu] નું દર માને ગાભરા્યો છે.,fear
મારો પરિવાર મા [ghano] દુખ આને ઘામ છે.,sad
મારો ભાવિષ્ય આને સંકાત [ni] છિંતા માને દરાવે છે.,fear
દાવા થી દરદ ઓછી થાયો છે.,happy
હું આજે [ghano] થરથરયો આને દરો છું.,fear
આ online portal [par] મારો સ્વાસથ્ય record સાચો વાવાલ છે.,neutral
મારો ભાવિષ્ય આને જીવન [ni] છિંતા માને દરાવે આને થરથરો છે.,fear
મારો ભાવિષ્ય આને જીવન [ni] છિંતા માને દરાવે આને થરથરો છે.,fear
હું આજે [ghano] ક્રોધ આને [gusse] મા છું.,angry
આ દાવા બિલ્કુલ કામ નાથી [karti] માને [ghano] અંસંતોસા આને [gusse] છે.,angry
મારો ભાવિષ્ય આને જીવન [ni] છિંતા છે.,fear
આજે મારો તાનાવ બિલ્કુલ ઓછી થાયો છે.,happy
હું આજે [ghano] દરો આને વ્યાકુલ છું.,fear
હું [ghano] વ્યાકુલ આને ગાભ્રાયો આને છિંતિત છું.,fear
હું આજે [ghano] [asahay] આને બેબાસ છું.,sad
મારો test result કાલ આવસે આને ડોક્તર ને જાનાવસે.,neutral
માને આજે online ડોક્તર ને મિલ્યો આને report [moklyo].,neutral
માને સુખ આને શાંતિ છે.,happy
મારો પરિવાર સ્વાસથા આને સુખી છે.,happy
માને આજ [ghano] આનંદ થી નિછિંત છું.,happy
મારો test result કાલ આવે છે.,neutral
મારો test result [aavane] [vale] છે માને [ghano] દરો લાગાય છે.,fear
આજે મારો પરિવાર [shu] આને સુખી છે.,happy
હું બિલ્કુલ થાકેલી આને હારી ગાયી છું.,sad
આ બિમારી માતે test [karavi] ને result લેવા પદ્સે.,neutral
લાક્ષન ઓછી થાયા છે.,happy
હું બિલ્કુલ નિરાસ આને થાકેલી છું.,sad
આ રોગ ના લાક્ષન છે મહિના થી છે.,neutral
ડોક્તર ને માને વધુ આરામ આને સુો [va] [kahyu].,neutral
આજે મારો પરિવાર [shu] આને સુખી છે.,happy
હું આજે [ghano] [gusse] આને નારાજ મા છું.,angry
માને આંસુ આવે છે.,sad
મારો જીવન [ni] છિંતા માને દરાવે છે.,fear
મારો જીવન મા ઘનું દુખ આને અંધારું છે.,sad
હું બિલ્કુલ થાકેલી આને નિરાસ છું.,sad
હું [ghano] સુખી છું.,happy
મારો જીવન આને પરિવાર [ni] છિંતા આને સંકાત માને વ્યાકુલ આને દરો કરે છે.,fear
મારો દિલ [todayelu] આને દુખી લાગાય છે.,sad
મારો દિલ [todayo] છે.,sad
મારો test result [aavane] [vale] છે માને [ghano] દરો લાગાય છે.,fear
માને [ghani] વેદના છે.,sad
ડોક્તર ને માને [dhyan] નાથી [aapyu] માને ક્રોધ આવ્યો.,angry
આ ધોખો આને ગલાત વા્યવહાર માને ક્રોધ [apave] છે.,angry
ઘર બેથા ડોક્તર સાથે વાત કરી સકાયો.,happy
આ ગલાત આને નિર્દયી આને બેવકુફ પં માને ક્રોધ [apave] છે.,angry
હું આજે [ghano] ગાભ્રાયો આને વ્યાકુલ આને દરો આને છિંતિત આને થરથરયો છું.,fear
ડોક્તર ને મિલ્યો આને નિછિંત થાયો.,happy
માને [ghano] ક્રોધ આવે છે આ બેવકુફ આને નિર્દયી વા્યવહાર થી.,angry
આ બેવકુફ પં માને ક્રોધ [apave] છે.,angry
મારો દિલ [ghano] ઘામ થી ભરાયેલું લાગાય છે.,sad
હું આજે [ghano] ગાભ્રાયો આને વ્યાકુલ આને દરો આને છિંતિત આને થરથરયો છું.,fear
આ બેવકુફ પં માને ક્રોધ [apave] છે.,angry
માને [ghano] દુખ છે.,sad
હું આજે [ghano] બેબાસ આને થાકેલી છું.,sad
મારો test કાલ થાય છે તે માતે ready છું.,neutral
આજે મારો જીવન [aanandmay] લાગાય છે.,happy
માને ડોક્તર ના ઉપછાર થી [ghano] ફાયદો મદ્યો.,happy
આજે હું બિલ્કુલ થીક છું.,happy
આ દાવા બિલ્કુલ ગલાત છે માને [ghano] નારાજ કરે છે.,angry
માને [ghano] ઘામ આને કાસ્ત છે.,sad
આ portal થી માને ડોક્તર ને [sarasari] મિલ્વા મદદ [thai].,neutral
માને [ghano] દુખ આને ઘામ છે.,sad
આ દાવા [khava] પહેલા ખાધ્યું લેવો.,neutral
માને [ghani] છિંતા છે મારો રોગ થીક નાથી થાતો.,sad
મારો [agalo] check up [shukra] વાર છે.,neutral
માને [ghano] દર લાગાય છે આ ભયનાક મુસિબત થી.,fear
મારો જીવન [ni] આને પરિવાર [ni] છિંતા માને ગાભરા્યો છે.,fear
મારો જીવન [ni] છિંતા આને ખત્રો માને દરાવે આને ગાભરા્યો છે.,fear
માને [ghano] સંકાત આને મુસિબત નું દર લાગાય છે.,fear
હું [ghano] ભય આને દરો આને થરથરયો છું.,fear
માને [ghano] દરદ આને ઘામ છે.,sad
ડોક્તર ને મારો blood pressure check કર્યો.,neutral
આ ગલાત આને નિર્દયી આને બેવકુફ પં માને ક્રોધ [apave] છે.,angry
મારો સંકાત આને મુસિબત [ni] છિંતા માને વ્યાકુલ કરે છે.,fear
માને [ghano] ભય આને છિંતા આને દરો લાગાય છે.,fear
મારો રોગ ગંભિર થાય છે તે થી હું [ghano] દરો છું.,fear
માને [ghano] ક્રોધ આને [gusse] આવે છે આ [dhokha] થી.,angry
આ online portal [par] મારો medical record છે.,neutral
માને ડોક્તર ને [bijo] appointment લેવા [kahyu].,neutral
હું બિલ્કુલ થીક આને સ્વાસથા છું.,happy
હું આજે [ghano] ઉદાસ છું.,sad
આજે માને [ghano] સંતોશ છે.,happy
માને blood test કર્વા [kahyu] છે આને result કાલ આવસે.,neutral
આ બિમારી માતે test [karavi] ને result લેવા પદ્સે.,neutral
માને [ghano] દર આને ભય આને ત્રાસ લાગાય છે.,fear
માને મારો સ્વાસથ્ય ખરાબ થાય તે નું [ghano] ભય લાગાય છે.,fear
માને [ghano] દુખ આને પીદા છે.,sad
આ online સેવા મા appointment લેવા માતે register [karvu] પદે.,neutral
online સેવા ઘનું [sukhe] મદાવ મેલ્વી.,happy
હું આજે [ghano] [gusse] આને નારાજ મા છું.,angry
મારો સાપનો તુત્યો ગાયો આને માને નિરાસા છે.,sad
માને બિલ્કુલ સારો લાગ્યું.,happy
હું આબહાર છું.,happy
આ online સેવા મા માને ઘર બેથા <function j at 0x000001AC201436A0> ડોક્તર થી મદદ [mali].,neutral
માને [ghano] ભય આને છિંતા આને દરો લાગાય છે.,fear
મારો [health] record આ portal [par] છે.,neutral
મારો [agalo] appointment [budh] વાર છે.,neutral
હું બિલ્કુલ [asahay] આને થાકેલી છું.,sad
મારો check up આને blood test normal છે.,neutral
હું આજે બિલ્કુલ નિરાસ છું.,sad
માને [ghani] તકલીફો છે [koi] સહાય નાથી કરતો.,sad
હું ખુબ આનંદ મા છું.,happy
ડોક્તર ને [kahyu] કે રોગ ગંભિર છે માને દરાયો થાયો.,fear
માને આરોગ્ય [prati] વિસ્વાસ છે.,happy
ડોક્તર ને માને રોજ yoga આને pranayam કર્વા [kahyu].,neutral
આ સેવા થી ઘર બેથા <function j at 0x000001AC201436A0> ડોક્તર [ni] મદદ [male] છે.,neutral
આજે માને [sari] તાસાલી થી.,happy
હું બિલ્કુલ નિરાસ આને બેબાસ છું.,sad
માને રોજ [sakare] દાવા લેવી પદે છે.,neutral
આ સેવા થી ઘર બેથા <function j at 0x000001AC201436A0> ડોક્તર [ni] મદદ [male] છે.,neutral
હું [ghano] ક્રોધી આને નારાજ આને આસાંત છું.,angry
મારો દરદ ઓછી થાયો માને આનંદ છે.,happy
મારો test result [aavane] [vale] છે માને [ghano] દરો લાગાય છે.,fear
મારો check up સારો આવ્યો છે.,neutral
આજે માને [ghano] સંતોશ આને આનંદ છે.,happy
આ [sevay] માને ખુબ [gusse] [apavyo].,angry
ડોક્તર ના ગલાત જવાબ થી માને [ghano] [gusse] આવ્યો.,angry
મારો test result [aavata] <function j at 0x000001AC201436A0> ડોક્તર ને જાનાવનું છે.,neutral
મારો દિલ [khushithi] ભરેલો છે.,happy
હું આજે [ghano] ક્રોધ આને નારાજ છું.,angry
માને [ghano] દરો લાગાય છે બધું ખરાબ થાય છે તે નું.,fear
હું ખુબ આનંદ મા છું.,happy
માને આગાલાગ test આને report નું result ડોક્તર ને આપ્વું પદ્સે.,neutral
મારો મન આનંદ થી ભરેલો છે.,happy
હું આજે [ghano] ગાભ્રાયો આને વ્યાકુલ આને દરો આને છિંતિત છું.,fear
માને [ghani] મુસ્કેલી આને તકલીફો છે.,sad
હું આને મારો પરિવાર આનંદ મા છે.,happy
માને blood test કર્વા [kahyu] છે આને result કાલ આવસે.,neutral
માને [ghano] અંસંતોસા આને નારાજ છે.,angry
આ online સેવા થી ઘર બેથા ડોક્તર થી [bat] કરી [shakay].,neutral
હું આજે [ghano] ક્રોધી આને નારાજ છું.,angry
મારો જીવન [ni] છિંતા માને દરાવે છે.,fear
આ દાવા [khadhya] પાછી પાની પિ લેવો.,neutral
માને ખુબ સારો [feel] થાય છે.,happy
હું આજે [ghano] ક્રોધ આને અંસંતોસા મા છું.,angry
હું નિરાસ આને ઉદાસ છું.,sad
મારો આરોગ્ય [sudharyo] છે આને હું ખુસી મા છું.,happy
આ સેવા થી ઘર બેથા <function j at 0x000001AC201436A0> ડોક્તર [ni] મદદ [male] છે.,neutral
હું રોજ ડોક્તર ના સુજાવ પ્રમાને ખાધ્યું [khau] છું.,neutral
હું [ghano] [gusse] મા આને આસાંત છું.,angry
તકલીફ ઓછી થાયી છે.,happy
આજે મારો મન ખુબ હાલ્કું છે.,happy
હું [ghano] ભય આને ત્રાસ આને દહ્સાત આને દરો આને થરથરયો છું.,fear
માને [ghano] સંતાપ આને કાસ્ત છે.,sad
મારો સંકાત આને મુસિબત [ni] છિંતા માને વ્યાકુલ કરે છે.,fear
માને [ghano] સંકાત આને ખત્રો આને મુસિબત નું દર લાગાય છે.,fear
માને [ghano] અંસંતોસા આને [gusse] આવે છે.,angry
માને ખુબ સારો અનુભવ થાયો.,happy
માને test result સારો નાહી આવે તો માને ભય લાગાય છે.,fear
મારો રોગ થીક નાહી થાય તો માને [ghano] ભય આને છિંતા લાગાય છે.,fear
ડોક્તર ને માને diet નું plan બતાવ્યું.,neutral
માને આ portal થી [ghano] ફાયદો મદ્યો.,happy
હું રોજ ડોક્તર ના નિર્દેશ પ્રમાને diet લું છું.,neutral
મારો ભાવિષ્ય આને જીવન [ni] છિંતા છે.,fear
હું [ghano] નારાજ આને ક્રોધી છું.,angry
મારો પરિવાર મા દુખ છે.,sad
મન શાંતિ આને પ્રાસન્ન છે.,happy
મારો [agalo] check up [shukra] વાર છે.,neutral
આજે હું મારો પરિવાર સાથે ખુસી મા છું.,happy
માને આરોગ્ય [prati] વિસ્વાસ છે.,happy
માને [ghano] ક્રોધ આવે છે આ બિલ્કુલ ગલાત છે.,angry
ડોક્તર ના જવાબ ને કારને મારો ઉપછાર બદ્લાયો.,neutral
હું માને સારી સેવા [madhi] છે માતે આબહાર છું.,happy
માને [ghano] દરો લાગાય છે મારો રોગ ગંભિર છે.,fear
હું આજે ડોક્તર ને online appointment લી છે.,neutral
માને result સારો મદ્યો છે હું ખુશ છું.,happy
માને ડોક્તર ને મિલ્વા થી નિછિંત થાયો.,happy
દાવા [koi] કામ નાથી કરી થાયી.,sad
ડોક્તર ને માને આવ્તા મહિને [fari] મિલ્વા [kahyu] છે.,neutral
હું [ghano] છિંતિત આને ગાભ્રાયો છું.,fear
હું આજે પુર્ન સ્વાસથા છું.,happy
હું આજે [ghano] ગાભ્રાયો આને વ્યાકુલ આને દરો આને છિંતિત છું.,fear
હું આજ બિલ્કુલ ઉદાસ છું.,sad
હું આજે [ghano] છિંતિત છું મારો report [ni] છિંતા છે.,fear
આ ધોખો માને ક્રોધ [apave] છે.,angry
માને આજ હોસ્પિતલ [javanu] છે.,neutral
માને [sari] રાહત [madhi] છે.,happy
મારો જીવન [ni] છિંતા આને ખત્રો માને દરાવે આને ગાભરા્યો છે.,fear
માને આજ ડોક્તર ને મિલ્વા થી [ghani] તાસાલી થી.,happy
મારો દિલ [rovi] રહ્યો છે માને [ghano] દુખ છે.,sad
મારો test result કાલ આવે છે.,neutral
આ ધોખો થી માને [ghano] ક્રોધ આવ્યો.,angry
ડોક્તર ના જવાબ થી માને તાસાલી થી.,happy
માને આજે હોસ્પિતલ [javi] ને test [karaavyo].,neutral
મારો રોગ ના કારને [ghano] સંતાપ થાય છે.,sad
મારો જીવન મા દુખ આને વેદના છે.,sad
મારો જીવન મા અંધારું આને દુખ છે.,sad
મારો test result [ni] છિંતા આને દરો માને વ્યાકુલ કરે છે.,fear
હું આજે [ghano] ક્રોધ મા છું.,angry
આ બેવકુફ પં આને ધોખો માને ક્રોધ આને નારાજ કરે છે.,angry
મારો મન શાંતિ આને આનંદ મા છે.,happy
હું બિલ્કુલ નિરાસ આને દુખી છું.,sad
મારો operation થાય તે નું હું [ghano] દરો છું.,fear
ડોક્તર ના ઉપછાર થી [koi] ફાયદો નાથી.,sad
મારો રોગ ના લાક્ષન વધુ છે માને [ghano] ભય આને છિંતા લાગાય છે.,fear
માને [ghani] તકલીફ છે આને [koi] સહાય નાથી.,sad
ડોક્તર ને માને time નાથી આપ્યો માને ક્રોધ આને [gusse] આવ્યો.,angry
મારો પરિવાર મા [ghano] દુખ આને કાસ્ત છે.,sad
આજ નાવો દિન છે આને મન ખુશ છે.,happy
હું આજે [ghano] દરો આને વ્યાકુલ છું.,fear
આ online સેવા થી ઘર બેથા ડોક્તર થી [bat] કરી [shakay].,neutral
માને [ghano] ક્રોધ આવે છે.,angry
હું આજે ખુબ આનંદ અનુભવ [karu] છું.,happy
મારો blood pressure normal છે.,neutral
આ નિર્દયી વા્યવહાર માને ક્રોધ [apave] છે.,angry
હું આજ બિલ્કુલ ઉદાસ છું.,sad
માને [ghano] છિંતા આને ભય આને દર આને ત્રાસ લાગાય છે.,fear
માને [ghano] [gusse] આવે છે આ ગલાત વા્યવહાર થી.,angry
આ દાવા બિલ્કુલ ગલાત છે માને [ghano] નારાજ કરે છે.,angry
આ ધોખો થી માને [ghano] ક્રોધ આવ્યો.,angry
આ અંન્યાય આને [dhokha] થી હું [ghano] આસાંત છું.,angry
ઘર બેથા ડોક્તર સાથે વાત કરી સકાયો.,happy
હું ખુબ નિરાસ આને ઉદાસ છું.,sad
આ ગલાત [kam] માને ક્રોધ [apave] છે.,angry
માને આ સેવા ઘનું ઉચિત લાગે છે.,happy
હું [ghano] ભય આને દરો આને થરથરયો છું.,fear
માને આ અંન્યાય થી [ghano] ક્રોધ આવે છે.,angry
માને [ghano] ક્રોધ આવે છે.,angry
માને દાવા [khava] માતે [kahyu] છે.,neutral
ડોક્તર ને [kahyu] કે રોગ ગંભિર છે માને દરાયો થાયો.,fear
મારો રોગ ખત્રો [nak] લાગાય છે માને ભય લાગાય છે.,fear
મારો જીવન મા આનંદ આવ્યો છે.,happy
આજે માને ડોક્તર ના ઉપછાર થી ખુબ આરામ મદ્યો.,happy
હું આજે [ghano] ક્રોધ આને [gusse] મા છું.,angry
માને test result ને [jova] ડોક્તર ને મિલ્વું પદ્સે.,neutral
માને આજે હોસ્પિતલ [javi] ને test [karaavyo].,neutral
હું [ghano] વ્યાકુલ આને છિંતિત આને ગાભ્રાયો આને દરો છું.,fear
મારો test result [aavane] [vale] છે માને [ghano] દરો લાગાય છે.,fear
આજે માને ડોક્તર ના ઉપછાર થી ખુબ આરામ મદ્યો.,happy
માને સુખ આને શાંતિ છે.,happy
માને આ portal થી [ghano] ફાયદો મદ્યો.,happy
માને ખુબ સારી સેવા [madhi] છે.,happy
માને [ghano] ભય આને છિંતા આને દરો લાગાય છે.,fear
માને [ghano] અંસંતોસા આને ક્રોધ આવે છે.,angry
દાવા કામ કરી ગાયી છે.,happy
હું બિલ્કુલ નિરાસ આને થાકેલી છું.,sad
મારો test result [aavane] [vale] છે માને [ghano] દરો લાગાય છે.,fear
ડોક્તર [saheb] ને ઘનું ધાન્યાવાદ.,happy
જીવન મા આનંદ ખુબ છે.,happy
મારો દિલ [todayo] છે.,sad
મારો જીવન મા ઘનું અંધારું આને દુખ છે.,sad
આ ગલાત કામ આને [dhokha] થી હું [ghano] ક્રોધ મા છું.,angry
મારો operation [ni] તાિયારી ચાલ છે.,neutral
હું આજ ખુબ દુખી છું.,sad
માને [ghano] આઘાત આને ભય લાગાય છે.,fear
હું [ghano] છિંતિત આને દરો છું.,fear
આ રોગ ના લાક્ષન છે મહિના થી છે.,neutral
ડોક્તર ને મારો દરદ સમજા્યો <function j at 0x000001AC201436A0> નાહી માને ક્રોધ આને નારાજ થાયો.,angry
પરિવાર સ્વાસથા છે આને માને સુખ છે.,happy
માને દહ્સાત લાગાય છે.,fear
હું રોજ ડોક્તર ના નિર્દેશ પ્રમાને દાવા લું છું.,neutral
હું આજે પુર્ન સ્વાસથા છું.,happy
ડોક્તર ના લાપરવાહી આને ગલાત ઉપછાર થી માને ક્રોધ આવ્યો.,angry
માને આજે check up [karavi] આને report [mali].,neutral
હું બિલ્કુલ થાકેલી છું.,sad
આ સેવા બિલ્કુલ [bekar] છે.,angry
હું આજે [ghano] નારાજ આને [gusse] મા છું.,angry
મારો દાવા દો દિવાસ મા ખતામ થાય છે.,neutral
માને આ online સેવા ઘનું ઉત્તમ લાગે છે.,happy
માને [ghano] દર લાગાય છે આ ભયનાક મુસિબત થી.,fear
હું બિલ્કુલ સારો છું.,happy
આ દાવા તે પં જીવન પાછી લેવી.,neutral
ડોક્તર ને [kahyu] કે રોગ ગંભિર છે માને દરાયો થાયો.,fear
આ દાવા ખાલી પેત નાથી લેવી.,neutral
મારો જીવન [ni] છિંતા માને દરાવે છે.,fear
માને [ghani] પીદા આને સંતાપ છે.,sad
માને [ghano] ઘામ આને પીદા છે.,sad
આજે ખુસી થી મારો દિન [sharu] થાયો.,happy
ડોક્તર ને માને more information આપ્વી.,neutral
હું ખુબ દુખી આને ઉદાસ છું.,sad
આ અંન્યાય થી હું [ghano] નારાજ છું.,angry
માને [ghano] અંસંતોસા આને [gusse] આવે છે.,angry
માને મારો સ્વાસથ્ય ખરાબ થાય તે નું [ghano] ભય લાગાય છે.,fear
હું [ghano] [gusse] મા આને આસાંત છું.,angry
મારો test કાલ થાય છે તે માતે ready છું.,neutral
હું આજે [ghano] નારાજ આને ક્રોધી છું.,angry
હું આજ ખુબ દુખી આને થાકેલી છું.,sad
આ અંન્યાય માને ક્રોધ [apave] છે.,angry
માને આજ [ghano] આનંદ થી નિછિંત છું.,happy
ડોક્તર ખુબ સારો છે.,happy
ડોક્તર ના ગંભિર જવાબ થી માને ભય આને દહ્સાત લાગી.,fear
મારો સ્વાસથ્ય બિલ્કુલ થીક છે.,happy
ડોક્તર ને [kahyu] કે રોગ ગંભિર છે માને દરાયો થાયો.,fear
મારો ભાવિષ્ય ગંભિર લાગાય છે માને ભય લાગાય છે.,fear
આ portal બિલ્કુલ કામ નાથી કરતો.,angry
આજે માને ઘનું આનંદ થાયો.,happy
આ દાવા ગલાત આપ્વી છે માને [ghano] ક્રોધ આવ્યો.,angry
આ સેવા થી માને બિલ્કુલ સંતોશ નાથી માને [gusse] આવ્યો.,angry
આ સેવા બિલ્કુલ [bekar] છે.,angry
આ બેવકુફ પં આને ગલાત કામ માને ક્રોધ [apave] છે.,angry
આ સેવા થી ઘર બેથા ડોક્તર સાથે chat કરી [sakay].,neutral
મારો જીવન આનંદ થી ભર્યો છે.,happy
પરિવાર સ્વાસથા છે આને માને સુખ છે.,happy
માને [ghano] છિંતા આને ભય લાગાય છે મારો રોગ ગંભિર થાય તે [ni].,fear
માને [ghano] ક્રોધ આને નારાજ છે.,angry
માને [ghano] ઘામ છે.,sad
હું આજ બિલ્કુલ દુખી આને નિરાસ છું.,sad
મારો ભાવિષ્ય આને જીવન [ni] છિંતા માને દરાવે આને થરથરો છે.,fear
આ portal બિલ્કુલ કામ નાથી કરતો.,angry
માને આજે ડોક્તર ને online મિલ્વું છે.,neutral
મારો જીવન મા ઘનું અંધારું આને દુખ છે.,sad
મારો [aglaun] appointment સોમ વાર છે.,neutral
આ દાવા [khadhya] પાછી એક કાલાક સુો [vo].,neutral
માને [ghano] દરદ આને પીદા છે.,sad
ડોક્તર ને [kahyu] કે રોગ ગંભિર છે માને દરાયો થાયો.,fear
આ બેવકુફ પં માને નારાજ કરે છે.,angry
હું બિલ્કુલ નિરાસ આને થાકેલી છું.,sad
માને આ બિમારી થી ખુબ દુખ થાય છે.,sad
હું બેબાસ આને એકલા છું.,sad
માને [ghano] કાસ્ત આને દુખ થાય છે.,sad
હું આજે [ghano] દરો આને વ્યાકુલ છું.,fear
મારો જીવન મા ઘનું કાસ્ત આને અંધારું છે.,sad
ડોક્તર ને [kahyu] કે રોગ ગંભિર છે માને દરાયો થાયો.,fear
મારો સાપનો તુત્યો ગાયો.,sad
મારો બિમારી ના ઉપછાર [ni] છિંતા માને દરાવે આને વ્યાકુલ કરે છે.,fear
માને [ghano] [gusse] આવે છે આ ગલાત આને નિર્દયી વા્યવહાર થી.,angry
માને ખુશ [rehvanu] [karan] [madyu] છે.,happy
મારો સ્વાસથ્ય [sudhri] [rahyu] છે.,happy
મારો રોગ ગંભિર થાય છે તે થી હું [ghano] દરો છું.,fear
માને [ghano] ક્રોધ આવે છે આ બિલ્કુલ ગલાત છે.,angry
આ portal બિલ્કુલ કામ નાથી કરતો.,angry
મારો તકલીફ નું [nivaran] થાયો છે.,happy
આજે હું ખુબ આનંદ અનુભવ છું.,happy
માને [ghano] સંતાપ આને કાસ્ત છે.,sad
હું [ghano] ભય આને દરો આને થરથરયો છું.,fear
આ online portal [par] ડોક્તર ને report મોકલી [sakay] છે.,neutral
માને [ghano] છિંતા આને ભય લાગાય છે મારો રોગ ગંભિર થાય તે [ni].,fear
આ portal થી માને ડોક્તર ને [sarasari] મિલ્વા મદદ [thai].,neutral
હું [ghano] ક્રોધી આને આસાંત છું.,angry
આ ગલાત આને અંન્યાય થી માને [ghano] ક્રોધ આવ્યો.,angry
માને test result ને [jova] ડોક્તર ને મિલ્વું પદ્સે.,neutral
હું રોજ સાંજે [walk] માતે જાવું છું.,neutral
મારો ભાવિષ્ય આને જીવન આને પરિવાર [ni] છિંતા માને દરાવે છે.,fear
માને [ghano] ત્રાસ આને દહ્સાત લાગાય છે.,fear
આ ગલાત આને અંન્યાય થી માને [ghano] ક્રોધ આવ્યો.,angry
ડોક્તર ના ગંભિર જવાબ થી માને ભય આને દહ્સાત લાગી.,fear
માને આ સેવા ઘનું પસંદ છે.,happy
માને [ghano] ભય લાગાય છે મારો જીવન [ni] છિંતા છે.,fear
માને ખુશ [rehvanu] [karan] [madyu] છે.,happy
માને મારો સ્વાસથ્ય [ni] [ghani] છિંતા છે.,fear
માને [ghano] ક્રોધ આવે છે આ ગલાત આને [bekar] સેવા થી.,angry
આ સેવા થી માને બિલ્કુલ ફાયદો નાથી થાયો માને [gusse] આવ્યો.,angry
હું આજે [ghano] દરો આને ગાભ્રાયો આને વ્યાકુલ છું.,fear
ડોક્તર ને [milya] પાછી મન હાલ્કું થાય છે.,happy
માને [ghani] તકલીફો આને વેદના છે.,sad
આ દાવા [roj] રાત્રે લેવી આને [sakaro] આરામ કરો.,neutral
માને blood test કર્વા [kahyu] છે આને result કાલ આવસે.,neutral
ડોક્તર ને મારો રોગ સમજા્યો <function j at 0x000001AC201436A0> નાહી.,angry
આજે માને [ghano] સંતોશ આને આનંદ છે.,happy
મારો operation આગાલા [varse] થાય છે.,neutral
ડોક્તર ના ઉપછાર થી [koi] ફાયદો નાથી.,sad
માને આ online સેવા ઘનું ઉત્તમ લાગે છે.,happy
માને [samachar] સારો મદ્યો.,happy
હું રોજ ડોક્તર ના સુજાવ પ્રમાને કસ્રત [karu] છું.,neutral
ડોક્તર ને [kahyu] કે રોગ ગંભિર છે માને દરાયો થાયો.,fear
માને [ghani] મુસ્કેલી આને કાસ્ત છે.,sad
માને [ghano] છિંતા આને ભય લાગાય છે મારો રોગ ગંભિર થાય તે [ni].,fear
હું આ સેવા થી [ghano] ખુશ છું.,happy
માને [ghano] [gusse] આવે છે આ ગલાત વા્યવહાર થી.,angry
મારો test કાલ થાય છે તે માતે ready છું.,neutral
હું આજે પુર્ન સ્વાસથા છું.,happy
માને હોસ્પિતલ [jata] પહેલા blood test કરાવ્યો.,neutral
માને [ghano] દરદ આને કાસ્ત થાય છે.,sad
આ અંન્યાય થી હું [ghano] નારાજ છું.,angry
આજે મારો જીવન સુંદર આને [aanandmay] છે.,happy
દાવા કામ કરી ગાયી છે.,happy
ડોક્તર ને મારો x-ray [joyyu].,neutral
માને હોસ્પિતલ નિયમ પ્રમાને test [karavanu] છે.,neutral
માને મારો જીવન [ni] છિંતા આને રોગ [ni] ભીતી લાગાય છે.,fear
માને દિન મા તિન વાર દાવા લેવી પદે છે.,neutral
ડોક્તર ને [kahyu] કે રોગ ગંભિર છે માને દરાયો થાયો.,fear
મારો દિલ બિલ્કુલ [todayelu] લાગાય છે.,sad
મારો સવારો [nava] વાગે [the] રોગ નું check up છે.,neutral
હું હારી આને [asahay] છું.,sad
આ દાવા [khadhya] પાછી પાની પિ લેવો.,neutral
માને હોસ્પિતલ [jatay] પહેલા ખાધ્યું લેવી લિયા.,neutral
માને [ghano] દર લાગાય છે મારો પરિવાર [ni] છિંતા છે.,fear
માને ડોક્તર ને મિલ્વા આગાલતા [somvar] છે.,neutral
હું રોજ [sakare] ચાલ [va] જાવું છું.,neutral
મારો સાપનો તુત્યો ગાયો આને માને નિરાસા છે.,sad
હું [ghano] ગાભ્રાયો છું.,fear
હું આજે [ghano] નારાજ આને ક્રોધી છું.,angry
હું આજે [ghano] છિંતિત છું મારો report [ni] છિંતા છે.,fear
ડોક્તર ના જવાબ થી માને [gusse] આવ્યો.,angry
હું ખુબ આનંદ મા છું.,happy
આ ઉપછાર થી ઘનું ફાયદો થાયો.,happy
આ portal [par] મારો check up report [javi] [shakay] છે.,neutral
હું [ghano] ભય આને ત્રાસ આને દહ્સાત આને દરો આને થરથરયો છું.,fear
માને હોસ્પિતલ નિયમ પ્રમાને test [karavanu] છે.,neutral
મારો પરિવાર મા [ghano] ઘામ છે.,sad
મારો જીવન મા ઘનું કાસ્ત આને નિરાસા છે.,sad
હું ખુબ દુખી આને [asahay] છું.,sad
આ online સેવા થી માને ઘર બેથા report જમા કરી સકાયો.,neutral
હું આજે [ghano] દુખી છું.,sad
માને [ghani] વેદના આને પીદા થાય છે [koi] સહાય નાથી.,sad
મારો test result [aavane] [vale] છે માને [ghano] દરો લાગાય છે.,fear
માને [ghano] દરદ આને તકલીફ છે.,sad
માને ખુબ સારો અનુભવ થાયો.,happy
માને [ghano] ભય લાગાય છે આ મુસિબત થી.,fear
માને [ghano] [gusse] આવે છે આ અંન્યાય આને નિર્દયી પં થી.,angry
માને ખુબ સારી સેવા [madhi] આને માને આનંદ છે.,happy
માને [ghani] વેદના આને પીદા થાય છે.,sad
હું [ghano] વ્યાકુલ આને છિંતિત આને ગાભ્રાયો આને દરો છું.,fear
મારો ભાવિષ્ય આને જીવન [ni] છિંતા આને ખત્રો માને દરાવે આને ગાભરા્યો છે.,fear
હું [ghano] ભય આને દરો આને થરથરયો છું.,fear
આ સેવા થી માને બિલ્કુલ ફાયદો નાથી થાયો માને [gusse] આવ્યો.,angry
આ [sevay] માને ખુબ [gusse] [apavyo].,angry
હું આજ બિલ્કુલ ઉદાસ આને નિરાસ છું.,sad
મારો સાપનો તુત્યો ગાયો છે માને દુખ છે.,sad
ડોક્તર ને બતાવ્યું કે દાવા તિન [varas] લેવી પદ્સે.,neutral
હું [ghano] નારાજ આને ક્રોધી છું.,angry
મારો [agalo] appointment [budh] વાર છે.,neutral
માને આ બિમારી થી [ghani] તકલીફ છે.,sad
આ દાવા [khadhya] પાછી લેવી.,neutral
માને [ghano] તાનાવ આને છિંતા છે.,sad
હું [ghano] નારાજ આને આસાંત છું.,angry
આ અંન્યાય આને [dhokha] થી હું [ghano] આસાંત છું.,angry
ઘર બેથા ડોક્તર સાથે વાત કરી સકાયો.,happy
માને [ghani] વેદના છે.,sad
આ દાવા તે પં જીવન પાછી લેવી.,neutral
માને [ghano] ભય લાગાય છે આ મુસિબત થી.,fear
માને [ghano] ઘામ આને નિરાસા છે.,sad
માને [ghano] નિરાસા આને ઘામ છે.,sad
આ ધોખો આને અંન્યાય થી માને ક્રોધ આવ્યો.,angry
માને blood test result કાલ આવસે આને ડોક્તર ને મોકલાવો પદ્સે.,neutral
હું બિલ્કુલ નિરાસ આને બેબાસ છું.,sad
માને [ghani] વેદના છે.,sad
હું [ghano] આસાંત આને નારાજ છું.,angry
આ અંન્યાય માને ક્રોધ [apave] છે.,angry
ડોક્તર ને [kahyu] કે રોગ ગંભિર છે માને દરાયો થાયો.,fear
માને [ghani] વેદના આને તકલીફ થાય છે.,sad
મારો blood pressure આને sugar normal range મા છે.,neutral
હું આજે [ghano] થાકેલી આને બેબાસ છું.,sad
આ અંન્યાય આને ગલાત વા્યવહાર આને [dhokha] થી હું [ghano] ક્રોધી છું.,angry
આ અંન્યાય આને નિર્દયી પં માને ક્રોધ [apave] છે.,angry
મારો મન શાંતિ આને આનંદ મા છે.,happy
મારો test result ખરાબ આવે તે નું માને [ghano] દરો લાગાય છે.,fear
માને [ghano] અંસંતોસા આને ક્રોધ આવે છે.,angry
માને [ghano] ભય લાગાય છે મારો operation થાય [tevi] સાખ્યતા છે.,fear
પરિવાર સાથે આનંદ મા છે.,happy
હું બિલ્કુલ નિરાસ આને [asahay] છું.,sad
માને આજે online appointment લેવી આને ડોક્તર સાથે વાત કરી.,neutral
મારો test કાલ થાય છે તે માતે ready છું.,neutral
આ સેવા થી ઘર બેથા ડોક્તર સાથે chat કરી [sakay].,neutral
આ દાવા [khadhya] પાછી એક કાલાક સુો [vo].,neutral
મારો રોગ વધુ ગંભિર થાય તે નું દર માને ગાભરા્યો છે.,fear
મારો દિલ [ghano] રોવું મન થાય છે.,sad
હું આજે [ghano] દુખી છું.,sad
હું આજે [ghano] ક્રોધી આને નારાજ છું.,angry
ડોક્તર ને મારો report જો્યા આને [nava] test [karava] [kahyu].,neutral
આ બિમારી માતે test [karavi] ને result લેવા પદ્સે.,neutral
મારો સ્વાસથ્ય ગંભિર છે માને દરો લાગાય છે.,fear
માને [ghano] દુખ છે.,sad
ડોક્તર ને માને વધુ આરામ આને સુો [va] [kahyu].,neutral
માને [ghano] દરદ થાય છે [koi] સહાય નાથી.,sad
હું દરદનાક અનુભવ [karu] છું.,sad
માને આજે check up [karavi] આને report [mali].,neutral
હું આને મારો પરિવાર આનંદ મા છે.,happy
હું રોજ ડોક્તર ના નિર્દેશ પ્રમાને દાવા લું છું.,neutral
મારો ભાવિષ્ય આને જીવન [ni] છિંતા માને દરાવે આને થરથરો છે.,fear
ડોક્તર ને [kahyu] કે operation [jaruri] છે માને [ghano] દરો આને ગાભ્રાયો [thu].,fear
આજે માને ડોક્તર ના ઉપછાર થી ખુબ આરામ મદ્યો.,happy
હું રોજ ડોક્તર ના સુજાવ પ્રમાને કસ્રત [karu] છું.,neutral
આ દાવા [khadhya] પાછી એક કાલાક સુો [vo].,neutral
મારો સાપનો તુત્યો ગાયો છે માને દુખ છે.,sad
લાક્ષન ઓછી થાયા છે.,happy
માને આજે ડોક્તર ને online મિલ્યો આને ઉપછાર [ni] માહિતી લિડી.,neutral
મારો blood pressure normal છે.,neutral
મારો ભાવિષ્ય [ni] છિંતા માને દરાવે છે.,fear
હું આજ [ghano] મજ્બુર છું.,sad
માને [ghano] ક્રોધ આવે છે આ બેવકુફ આને નિર્દયી વા્યવહાર થી.,angry
આજે માને [sari] તાસાલી થી.,happy
મારો જીવન મા ઘનું અંધારું આને દુખ છે.,sad
ડોક્તર ને બતાવ્યું કે દાવા તિન [varas] લેવી પદ્સે.,neutral
માને online ડોક્તર ના જવાબ થી [ghano] દરો લાગ્યો.,fear
માને [ghano] આઘાત આને ભય લાગાય છે.,fear
મારો જીવન મા ઘનું દુખ છે આને હું થાકેલી છું.,sad
હું આજે [ghano] ભય આને દરો છું.,fear
માને સુખ આને આનંદ [anubhvay] છે.,happy
મારો blood test કાલ થાય છે.,neutral
આ ધોખો આને અંન્યાય થી માને ક્રોધ આવ્યો.,angry
આ સેવા થી ઘર બેથા <function j at 0x000001AC201436A0> ડોક્તર [ni] મદદ [male] છે.,neutral
માને [ghano] છિંતા આને ભય લાગાય છે મારો રોગ ગંભિર થાય તે [ni].,fear
મારો check up આને report ડોક્તર ને મોકલાયા છે.,neutral
મારો report ડોક્તર ને મોકલે પદ્સે result જો્યા પાછી.,neutral
મારો રોગ થીક નાહી થાય તો માને [ghano] ભય આને છિંતા લાગાય છે.,fear
આ ગલાત વા્યવહાર આને અંન્યાય માને નારાજ કરે છે.,angry
મારો weight પિચ્ચલે [mahi] ને થી વાગ્યો છે.,neutral
માને [ghano] ભય છે આ બિમારી થી.,fear
માને [ghano] ભય આને દર લાગાય છે.,fear
માને ખુસી છે ડોક્તર ને ધાન્યાવાદ.,happy
માને [ghano] દરદ આને પીદા થાય છે.,sad
માને [ghano] [gusse] આવ્યો છે ડોક્તર ને.,angry
માને [ghano] [gusse] આવે છે આ ગલાત પં થી.,angry
આ દાવા બિલ્કુલ ગલાત છે માને [ghano] નારાજ કરે છે.,angry
આ દાવા [roj] રાત [re] લેવી.,neutral
મારો સ્વાસથ્ય સુધારી રહ્યો છે.,happy
મારો બિમારી ના ઉપછાર [ni] છિંતા માને દરાવે આને વ્યાકુલ કરે છે.,fear
મારો સ્વાસથ્ય [sudhri] [rahyu] છે.,happy
માને [ghano] દુખ આને નિરાસા છે.,sad
આ દાવા બિલ્કુલ કામ નાથી [karti] માને [ghano] અંસંતોસા આને [gusse] છે.,angry
મારો test result કાલ આવસે આને ડોક્તર ને જાનાવસે.,neutral
જીવન મા આનંદ ખુબ છે.,happy
હું આજે [ghano] થાકેલો છું.,sad
હું [ghano] છિંતિત આને દરો છું.,fear
હું આજે [ghano] ક્રોધી આને આસાંત છું.,angry
મારો બિમારી ના ઉપછાર [ni] છિંતા માને દરાવે આને વ્યાકુલ કરે છે.,fear
હું આજે [ghano] દુખી આને નિરાસ છું.,sad
હું આજે [ghano] દરો આને ગાભ્રાયો આને વ્યાકુલ છું.,fear
માને [ghano] [gusse] આને અંસંતોસા છે.,angry
હું આજે [ghano] નારાજ આને [gusse] મા છું.,angry
મારો operation [ni] તાિયારી ચાલ છે.,neutral
માને દિન મા ચાર વાર દાવા લેવી પદે.,neutral
માને આરોગ્ય [prati] વિસ્વાસ છે.,happy
હું ડોક્તર ના સુજાવ પ્રમાને રોજ yoga [karu] છું.,neutral
મારો ભાવિષ્ય આને જીવન [ni] છિંતા છે.,fear
ડોક્તર ના લાપરવાહી આને નિર્દયી વા્યવહાર થી માને ક્રોધ આને નારાજ થાયો.,angry
મારો જીવન આનંદ થી ભર્યો છે.,happy
હું ડોક્તર ના સુજાવ પ્રમાને દાવા લું છું.,neutral
માને [ghano] દર લાગાય છે આ ભયનાક મુસિબત થી.,fear
માને [ghano] દર લાગાય છે મારો પરિવાર [ni] છિંતા છે.,fear
માને [ghani] તકલીફો આને દરદ છે.,sad
હું આજ ખુબ ઉદાસ આને દુખી છું.,sad
હું આજે [ghano] ગાભ્રાયો આને વ્યાકુલ આને દરો આને છિંતિત છું.,fear
મારો જીવન આખિર [tak] દુખ છે.,sad
મારો રોગ જાલ્દી થીક થાય છે.,happy
આજે માને ડોક્તર ના ઉપછાર થી ખુબ આરામ મદ્યો.,happy
મારો દિલ [ghano] દુખી આને [rovi] રહ્યો છે.,sad
માને [ghano] છિંતા આને ભય આને દર આને ત્રાસ લાગાય છે.,fear
માને [ghano] [gusse] આને અંસંતોસા છે.,angry
મારો blood test સારો આવ્યો છે.,neutral
માને [ghano] સંતાપ આને દુખ છે.,sad
મારો રોગ સારો થાયો છે.,happy
માને આ સેવા થી [ghano] [gusse] આવ્યો છે.,angry
ડોક્તર ને માને વધુ આરામ આને સુો [va] [kahyu].,neutral
હું આજે [ghano] આસાંત છું.,angry
હું આજે [ghano] નારાજ છું.,angry
હું આજે [ghano] આસાંત આને ક્રોધ મા છું.,angry
ડોક્તર ને [kahyu] કે રોગ ગંભિર છે માને દરાયો થાયો.,fear
આ સેવા થી માને બિલ્કુલ સંતોશ નાથી માને [gusse] આવ્યો.,angry
હું બિલ્કુલ થાકેલી છું.,sad
માને [ghano] નારાજ આને ક્રોધ આવે છે આ અંન્યાય થી.,angry
માને [ghano] દર આને ભય આને ત્રાસ લાગાય છે.,fear
આ ધોખો આને અંન્યાય માને ક્રોધ [apave] છે.,angry
result સારો આવ્યો છે.,happy
માને ડોક્તર ને [bijo] test કર્વા [kahyu] છે.,neutral
આ online portal [par] appointment લેવી આને report મોકલી [sakay].,neutral
result સારો આવ્યો છે.,happy
હું આજે [ghano] દુખી આને બેબાસ છું.,sad
માને આજે online appointment લેવી આને ડોક્તર સાથે વાત કરી.,neutral
મારો સંકાત આને મુસિબત આને ખત્રો [ni] છિંતા માને ગાભરા્યો છે.,fear
મારો દિલ [khushithi] ભરેલો છે.,happy
આ દાવા બિલ્કુલ ગલાત છે માને [ghano] નારાજ કરે છે.,angry
આ દાવા તિન મહિના લેવી પદ્સે.,neutral
ડોક્તર ને માને આવ્તા મહિને [fari] મિલ્વા [kahyu] છે.,neutral
હું રોજ [sakare] ચાલ [va] જાવું છું.,neutral
મારો સ્વાસથ્ય સુધારી રહ્યો છે.,happy
હું બિલ્કુલ નિરાસ થાયો છું.,sad
માને [ghano] [gusse] આવ્યો છે.,angry
મારો દિલ બિલ્કુલ [todayelu] લાગાય છે.,sad
હું આજ ખુબ દુખી આને ઉદાસ છું.,sad
આ બેવકુફ પં માને નારાજ કરે છે.,angry
મારો દિલ [ghano] ઉદાસ આને [rovi] રહ્યો છે.,sad
આ બિમારી ના લાક્ષન મા બુખાર આને ખાંસી છે.,neutral
માને [ghano] કાસ્ત આને નિરાસા થાય છે.,sad
આ portal બિલ્કુલ કામ નાથી કરતો.,angry
મારો જીવન મા અંધારું આને દુખ છે.,sad
મારો સાપનો તુત્યો ગાયો.,sad
ડોક્તર ના જવાબ ને કારને મારો ઉપછાર બદ્લાયો.,neutral
મારો રોગ ખત્રો [nak] લાગાય છે માને ભય લાગાય છે.,fear
મારો સાપનો તુત્યો ગાયો છે માને દુખ છે.,sad
માને [ghano] દુખ આને કાસ્ત છે [koi] મદદ નાથી.,sad
online સેવા ને કારને ઘર બેથા ઉપછાર મદ્યો.,happy
માને [ghano] ઘામ આને દુખ છે.,sad
આજે માને ખુબ સારો લાગ્યું.,happy
આ દાવા રાત્રે ખાલી પેત નાથી લેવી.,neutral
મારો રોગ થીક નાહી થાય તો માને [ghano] ભય આને છિંતા લાગાય છે.,fear
મારો સ્વાસથ્ય ગંભિર છે માને દરો લાગાય છે.,fear
હું આજે [ghano] થાકેલો છું.,sad
ડોક્તર ને બતાવ્યું કે દાવા તિન [varas] લેવી પદ્સે.,neutral
મારો રોગ report આવે આને તે ગંભિર હોય તે નું દર છે.,fear
હું [ghano] [gusse] મા આને આસાંત છું.,angry
મારો જીવન [ni] છિંતા આને ખત્રો માને દરાવે આને ગાભરા્યો છે.,fear
ડોક્તર [saheb] ના ઉપછાર થી મન શાંતિ થાયો.,happy
હું ખુબ થાકેલી આને નિરાસ છું.,sad
હું [ghano] નારાજ આને આસાંત છું.,angry
હું આજે [ghano] આસાંત છું.,angry
મારો ભાવિષ્ય આને જીવન આને પરિવાર [ni] છિંતા આને સંકાત માને દરાવે આને ગાભરા્યો છે.,fear
હું આ સેવા થી [ghano] ખુશ છું.,happy
મારો દિલ [todayelu] આને દુખી લાગાય છે.,sad
આ દાવા બિલ્કુલ કામ નાથી [karti] માને [ghano] અંસંતોસા આને [gusse] છે.,angry
ડોક્તર ને માને બિલ્કુલ [dhyan] નાથી [aapyu].,angry
હું બિલ્કુલ સારો છું.,happy
આજે મારો દરદ બિલ્કુલ ઓછી થાયો.,happy
માને [ghano] ત્રાસ આને દહ્સાત લાગાય છે.,fear
હું બિલ્કુલ દુખી આને થાકેલી છું.,sad
માને આગાલાગ test આને report નું result ડોક્તર ને આપ્વું પદ્સે.,neutral
મારો દિલ આનંદ આને શાંતિ થી ભરેલો છે.,happy
માને [ghano] ભય આને છિંતા આને દરો લાગાય છે.,fear
માને આ online સેવા થી [ghano] ફાયદો થાયો.,happy
આ portal થી માને ડોક્તર ને [sarasari] મિલ્વા મદદ [thai].,neutral
ડોક્તર ના જવાબ થી તાનાવ ઓછી થાયો.,happy
આ ધોખો આને ગલાત આને અંન્યાય થી માને [ghano] [gusse] આવ્યો.,angry
માને [ghano] દર આને ભય આને ત્રાસ લાગાય છે.,fear
ડોક્તર ને [kahyu] કે રોગ ગંભિર છે માને દરાયો થાયો.,fear
માને ખુબ સારો અનુભવ થાયો.,happy
મારો દિલ બિલ્કુલ [todayelu] લાગાય છે.,sad
માને [ghano] સંકાત આને ખત્રો નું દર લાગાય છે મારો જીવન થી.,fear
આ બેવકુફ વા્યવહાર માને ક્રોધ આને [gusse] [apave] છે.,angry
મારો સ્વાસથ્ય ગંભિર છે માને દરો લાગાય છે.,fear
આ સેવા થી માને બિલ્કુલ ફાયદો નાથી થાયો માને [gusse] આવ્યો.,angry
મારો દિલ રોવું મન થાય છે.,sad
મારો પરિવાર મા [ghano] કાસ્ત આને દુખ છે.,sad
હું બિલ્કુલ થાકેલી આને દુખી છું.,sad
માને આ સેવા ઘનું ઉચિત લાગે છે.,happy
મારો check up સારો આવ્યો છે.,neutral
માને [sari] તકલીફ ઓછી થાયી છે.,happy
હું [ghano] [gusse] મા આને આસાંત છું.,angry
સારી સેવા માતે આબહાર છું.,happy
ડોક્તર ના instruction પ્રમાને રોજ exercise [karu] છું.,neutral
આ online સેવા [ghano] ખરાબ આને [bekar] આને નાલાિક છે માને ક્રોધ આવે છે.,angry
ડોક્તર ના ઉપછાર થી [koi] ફાયદો નાથી.,sad
માને [ghano] દરો લાગાય છે બધું ખરાબ થાય છે તે નું.,fear
માને આજે online ડોક્તર ને મિલ્યો આને report [moklyo].,neutral
મારો રોગ report આવે આને તે ગંભિર હોય તે નું દર છે.,fear
આ બેવકુફ પં માને ક્રોધ [apave] છે.,angry
માને આ બિમારી થી [ghani] તકલીફ છે.,sad
માને [ghano] અંસંતોસા આને નારાજ છે.,angry
માને [ghani] તકલીફો આને ઘામ છે.,sad
આ online સેવા થી ઘર બેથા ડોક્તર થી [bat] કરી [shakay].,neutral
આ દાવા [khadhya] પાછી એક કાલાક સુો [vo].,neutral
હું બિલ્કુલ થાકેલી આને હારી ગાયી છું.,sad
મારો રોગ થીક નાહી થાય તો માને [ghano] ભય આને છિંતા લાગાય છે.,fear
આજે મારો result બિલ્કુલ સારો આવ્યો.,happy
આ દાવા બિલ્કુલ ગલાત છે.,angry
માને [ghano] ત્રાસ આને દહ્સાત આને ભય આને દર લાગાય છે.,fear
મારો જીવન મા દુખ આને ઘામ છે.,sad
આ દાવા ગલાત છે માને [ghano] [gusse] આવ્યો.,angry
માને [ghano] ક્રોધ આવે છે આ ગલાત આને [dhokha] પં થી.,angry
હું આજે [ghano] ક્રોધ આને [gusse] મા છું.,angry
માને [ghano] [gusse] આવે છે આ ગલાત પં થી.,angry
આ online portal [ghano] ખરાબ આને [bekar] છે માને ક્રોધ આવે છે.,angry
મારો જીવન મા ઘનું અંધારું આને દુખ છે.,sad
સેવા માતે ડોક્તર ને ખુબ આબહાર છે.,happy
માને ડોક્તર ના [javab] થી સારી રાહત [madhi].,happy
હું આજે [ghano] દરો આને છિંતિત આને ગાભ્રાયો છું.,fear
આ સેવા બિલ્કુલ [nalaik] છે.,angry
ડોક્તર ના પ્રયાસો થી માને ફાયદો થાયો.,happy
મારો જીવન મા ઘનું કાસ્ત આને ઘામ છે.,sad
મારો [aglaun] appointment સોમ વાર છે.,neutral
મારો પરિવાર સ્વાસથા આને [aanandmay] છે.,happy
માને [ghani] [udaasi] લાગાય છે.,sad
હું આજ ખુબ દુખી આને થાકેલી છું.,sad
મારો આરોગ્ય સુધારો થાયો છે.,happy
આ સેવા મા ડોક્તર સાથે video call કરી [shakay] છે.,neutral
હું આજે [ghano] થરથરયો આને દરો છું.,fear
માને ડોક્તર ને મિલ્વા આગાલતા [somvar] છે.,neutral
માને [ghano] ઘામ આને દુખ છે.,sad
માને [ghano] ભય લાગાય છે મારો સ્વાસથ્ય થી.,fear
ડોક્તર ના ગંભિર જવાબ થી માને દરાયો થાયો.,fear
મારો જીવન [ni] આને પરિવાર [ni] છિંતા માને ગાભરા્યો છે.,fear
હું [ghano] આસાંત આને ક્રોધી આને નારાજ છું.,angry
આ online સેવા થી માને ઘર બેથા report જમા કરી સકાયો.,neutral
માને [ghano] નારાજ આને અંસંતોસા છે.,angry
માને [ghano] દર લાગાય છે મારો પરિવાર [ni] છિંતા છે.,fear
મારો પરિવાર મા [ghano] દુખ આને ઘામ છે.,sad
મારો જીવન [ni] છિંતા માને દરાવે છે.,fear
હું આજ બિલ્કુલ દુખી આને નિરાસ છું.,sad
માને [ghani] મુસ્કેલી આને વેદના છે.,sad
મારો ભાવિષ્ય ગંભિર લાગાય છે માને ભય લાગાય છે.,fear
માને [ghano] ભય લાગાય છે આ મુસિબત થી.,fear
ડોક્તર ને ઘનું ધાન્યાવાદ.,happy
આ online સેવા મા ડોક્તર ને message કરી [shakay].,neutral
માને blood test result કાલ આવસે આને ડોક્તર ને મોકલાવો પદ્સે.,neutral
હું [ghano] [gusse] મા આને આસાંત છું.,angry
માને [ghano] ક્રોધ આવે છે આ બેવકુફ આને નિર્દયી વા્યવહાર થી.,angry
માને [ghani] મુસ્કેલી આને પીદા છે.,sad
હું આજે [ghano] આસાંત આને [gusse] મા છું.,angry
આ online સેવા મા ડોક્તર ને message કરી [shakay].,neutral
મારો જીવન મા ઘનું કાસ્ત છે.,sad
ડોક્તર ને માને time નાથી આપ્યો માને ક્રોધ આને [gusse] આવ્યો.,angry
હું આજે [ghano] આસાંત આને ક્રોધ મા છું.,angry
હું [ghano] નારાજ છું.,angry
પરિવાર સાથે મિલ્વા થી ખુબ આનંદ થાયો.,happy
આ online portal બિલ્કુલ [bekar] છે.,angry
હું આજ બિલ્કુલ ઉદાસ આને નિરાસ છું.,sad
માને [ghano] ક્રોધ આને અંસંતોસા છે.,angry
ડોક્તર ના જવાબ થી માને [ghano] આઘાત લાગ્યો.,fear
માને [ghano] ફાયદો થાયો આ સેવા થી.,happy
ડોક્તર ને મારો report [joyyu] આને રોગ નું નામ બતાવ્યું.,neutral
મારો આરોગ્ય [sudharyo] છે આને હું ખુસી મા છું.,happy
આ online portal બિલ્કુલ [bekar] છે.,angry
ડોક્તર ને માને [dhyan] નાથી [aapyu] માને ક્રોધ આવ્યો.,angry
માને [ghano] ત્રાસ આને ભય લાગાય છે.,fear
માને [ghano] દરો લાગાય છે બધું ખરાબ થાય છે તે નું.,fear
મારો જીવન [ni] છિંતા માને દરાવે છે.,fear
મારો આગાલો test report કાલ આવસે.,neutral
માને [ghano] સંકાત આને ખત્રો નું દર લાગાય છે મારો જીવન થી.,fear
ડોક્તર ને માને આવ્તા મહિને [fari] મિલ્વા [kahyu] છે.,neutral
માને [ghani] [udaasi] લાગાય છે.,sad
માને ખુબ સારો અનુભવ થાયો.,happy
આ ગલાત [kam] થી માને [ghano] [gusse] આવ્યો.,angry
મારો દરદ ઓછી થાયો છે.,happy
માને મારો જીવન [ni] છિંતા આને રોગ [ni] ભીતી લાગાય છે.,fear
આ સેવા થી માને બિલ્કુલ સંતોશ નાથી માને [gusse] આવ્યો.,angry
ડોક્તર ના વા્યવહાર થી માને [ghano] અંસંતોસા આને ક્રોધ છે.,angry
માને [ghani] તકલીફો આને સંતાપ છે.,sad
ડોક્તર ખુબ સારો છે.,happy
મારો આરોગ્ય [sudharyo] છે આને માને આનંદ છે.,happy
હું દરદનાક અનુભવ [karu] છું.,sad
માને [aarogyamay] જીવન માતે આનંદ છે.,happy
માને [ghano] ક્રોધ આવે છે ડોક્તર ના નિર્દયી વા્યવહાર થી.,angry
ડોક્તર ને માને diet નું plan બતાવ્યું.,neutral
માને operation [ni] [ghani] છિંતા આને દરો છે.,fear
માને [ghano] સંતાપ આને દુખ છે.,sad
મારો જીવન [ni] આને પરિવાર [ni] છિંતા માને ગાભરા્યો છે.,fear
માને ડોક્તર ને મિલ્વા થી [ghani] રાહત થી.,happy
જીવન ખુબ સુંદર લાગે છે.,happy
મારો દિલ બિલ્કુલ [todayelu] લાગાય છે.,sad
માને આજે online appointment લેવી આને ડોક્તર સાથે વાત કરી.,neutral
માને [sari] તકલીફ ઓછી થાયી છે.,happy
હું આજે [ghano] વ્યાકુલ છું.,fear
હું [ghano] સુખી છું.,happy
આ રોગ ના લાક્ષન છે મહિના થી છે.,neutral
માને [ghano] ક્રોધ આને [gusse] આવે છે.,angry
મારો રોગ ના લાક્ષન [aath] દિવાસ થી છે.,neutral
આ ધોખો માને ક્રોધ [apave] છે.,angry
માને દાવા [khadhya] પાછી થોદી [rahat] લાગે છે.,neutral
માને [ghano] [gusse] આને નારાજ છે.,angry
મારો સાપનો તુત્યો ગાયો છે માને દુખ છે.,sad
મારો સાપનો તુત્યો ગાયો.,sad
હું દરદનાક અનુભવ [karu] છું.,sad
માને [ghano] ભય લાગાય છે મારો સ્વાસથ્ય થી.,fear
હું [ghano] ભય આને દરો આને થરથરયો છું.,fear
ડોક્તર ને મારો report જો્યા આને [nava] test [karava] [kahyu].,neutral
આ ગલાત છે આને માને [gusse] આવ્યો.,angry
માને [aarogyamay] જીવન માતે આનંદ છે.,happy
આ દાવા રાત્રે ખાલી પેત નાથી લેવી.,neutral
માને [ghano] ક્રોધ આવે છે આ અંન્યાય આને ગલાત વા્યવહાર થી.,angry
હું બિલ્કુલ થાકેલી છું.,sad
આ ઉપછાર બિલ્કુલ ગલાત છે.,angry
ઘર બેથા ડોક્તર સાથે વાત કરી સકાયો.,happy
online સેવા ઘનું [sukhe] મદાવ મેલ્વી.,happy
આ અંન્યાય થી હું [ghano] નારાજ છું.,angry
આ online સેવા [ghano] ખરાબ આને [bekar] આને નાલાિક છે માને ક્રોધ આવે છે.,angry
હું આને મારો પરિવાર ખુસી મા છે.,happy
માને આજે ડોક્તર ને online મિલ્યો આને ઉપછાર [ni] માહિતી લિડી.,neutral
મારો જીવન [ni] આને પરિવાર [ni] છિંતા માને ગાભરા્યો છે.,fear
આ online portal [par] appointment લેવી આને report મોકલી [sakay].,neutral
ડોક્તર ને મારો report [joyyu] આને રોગ નું નામ બતાવ્યું.,neutral
ડોક્તર ના લાપરવાહી આને ગલાત ઉપછાર થી માને ક્રોધ આવ્યો.,angry
માને blood test result કાલ આવસે આને ડોક્તર ને મોકલાવો પદ્સે.,neutral
હું આજે [ghano] દુખી છું.,sad
આજે માને [ghano] સંતોશ છે.,happy
હું [ghano] [gusse] મા આને આસાંત છું.,angry
મારો operation [ni] તાિયારી પુરી થાયી છે.,neutral
માને [ghano] ક્રોધ આને નારાજ છે.,angry
માને [ghano] સંતાપ આને વેદના છે.,sad
મારો આરોગ્ય મા સુધારો આવ્યો છે.,happy
માને [ghano] અંસંતોસા છે આ સેવા થી.,angry
માને આ સેવા ખુબ સારી લાગી.,happy
માને [ghano] સંતાપ છે.,sad
આ ગલાત વા્યવહાર આને ધોખો માને ક્રોધ [apave] છે.,angry
મારો સ્વાસથ્ય record ડોક્તર ને મોકલે પદ્યો.,neutral
હું રોજ ડોક્તર ના નિર્દેશ પ્રમાને દાવા લું છું.,neutral
હું બેબાસ આને એકલા છું.,sad
માને [ghano] ક્રોધ આને [gusse] આવે છે.,angry
આ portal [par] મારો check up report [javi] [shakay] છે.,neutral
મારો જીવન મા નિરાસા આને દુખ છે.,sad
મારો પરિવાર મા [ghano] દુખ આને કાસ્ત છે.,sad
માને [ghani] વેદના આને પીદા થાય છે [koi] સહાય નાથી.,sad
હું આજે [ghano] [gusse] મા છું.,angry
માને મારો સ્વાસથ્ય [ni] [ghani] છિંતા છે.,fear
માને [ghano] સંકાત આને ખત્રો આને મુસિબત નું દર લાગાય છે.,fear
આ ગલાત છે આને માને [gusse] આવ્યો.,angry
આ સેવા ખુબ ઉત્તમ છે.,happy
હું આજે [ghano] ગાભ્રાયો આને વ્યાકુલ આને દરો આને છિંતિત આને થરથરયો છું.,fear
હું આજે પુર્ન સ્વાસથા છું.,happy
મારો રોગ ખત્રો [nak] લાગાય છે માને ભય લાગાય છે.,fear
માને આ સેવા ઘનું ઉચિત લાગે છે.,happy
આ ગલાત [kam] થી માને [ghano] [gusse] આવ્યો.,angry
મારો સાપનો તુત્યો [gaya] આને હું દુખી છું.,sad
માને [ghano] ક્રોધ આવે છે આ બિલ્કુલ ગલાત છે.,angry
આ રોગ ના લાક્ષન છે મહિના થી છે.,neutral
માને મારો સ્વાસથ્ય ગંભિર સંકાત મા [avy] તે નું દરો લાગાય છે.,fear
માને મારો રોગ ગંભિર થાય છે તે [ni] [ghani] છિંતા છે.,fear
હું મારો પરિવાર સાથે સુખી છું.,happy
હું [ghano] [gusse] આને ક્રોધી છું.,angry
આજે માને ખુબ સારો લાગ્યું.,happy
હું આજે [ghano] દુખી આને [asahay] છું.,sad
મારો ભાવિષ્ય આને જીવન આને પરિવાર [ni] છિંતા આને સંકાત માને દરાવે આને ગાભરા્યો છે.,fear
મારો check up સારો આવ્યો છે.,neutral
માને હોસ્પિતલ નિયમ પ્રમાને test [karavanu] છે.,neutral
મારો પરિવાર મા [ghano] દુખ છે.,sad
મારો ભાવિષ્ય આને જીવન આને પરિવાર [ni] છિંતા માને દરાવે છે.,fear
માને result સારો મદ્યો છે હું ખુશ છું.,happy
માને ડોક્તર ને [bijo] test કર્વા [kahyu] છે.,neutral
ડોક્તર ના જવાબ થી માને [ghano] વ્યાકુલ આને ગાભ્રાયો થાયો.,fear
મારો check up સારો આવ્યો છે.,neutral
હું આને મારો પરિવાર આનંદ મા [rehvay] છે.,happy
હું ડોક્તર ના સુજાવ પ્રમાને રોજ કસ્રત આને yoga [karu] છું.,neutral
ડોક્તર ને [kahyu] કે રોગ ગંભિર છે માને દરાયો થાયો.,fear
મારો પરિવાર મા [ghano] દુખ આને ઘામ છે.,sad
ડોક્તર ના ઉપછાર થી [koi] ફાયદો નાથી થાયો.,angry
માને test result ને [jova] ડોક્તર ને મિલ્વું પદ્સે.,neutral
આરોગ્ય મા ખુબ સુધાર આવ્યો છે.,happy
માને આ online સેવા થી [ghano] ફાયદો થાયો.,happy
હું આજ બિલ્કુલ દુખી આને નિરાસ છું.,sad
મારો દરદ દિવાસ દિવાસ વધે છે.,sad
મારો દિલ [ghano] ઘામ થી ભરાયેલું લાગાય છે.,sad
આ ધોખો આને અંન્યાય થી માને ક્રોધ આવ્યો.,angry
મારો રોગ ના કારને [ghano] દુખ થાય છે.,sad
માને આ સેવા ને કારને જીવન સારું લાગાય છે.,happy
માને હોસ્પિતલ નિયમ પ્રમાને test [karavanu] છે.,neutral
મારો test કાલ થાય છે તે માતે ready છું.,neutral
માને [ghano] ક્રોધ આને નારાજ છે.,angry
હું ખુબ નિરાસ આને ઉદાસ છું.,sad
જીવન ખુબ સુંદર લાગે છે.,happy
આજે મારો દરદ બિલ્કુલ ઓછી થાયો.,happy
માને જીવન મા [ghano] દુખ મદ્યો છે.,sad
આ online સેવા મા ડોક્તર સાથે video call કરી [sakay].,neutral
માને ડોક્તર ને મિલ્વા નાથી મદ્તું.,sad
આજે મારો રોગ ગાયો લાગાય છે.,happy
આ online સેવા મા માને ઘર બેથા <function j at 0x000001AC201436A0> ડોક્તર થી મદદ [mali].,neutral
મારો રોગ સારો થાયો છે.,happy
આ online portal [ghano] ખરાબ આને [bekar] છે માને ક્રોધ આવે છે.,angry
મારો જીવન મા નિરાસા આને દુખ છે.,sad
હું બેબાસ આને એકલા છું.,sad
હું આજે બિલ્કુલ સ્વાસથા છું.,happy
મારો મન આનંદ આને શાંતિ થી ભરેલો છે.,happy
માને [ghano] [gusse] આવે છે આ ગલાત પં થી.,angry
મારો operation પાછી નું [checkup] સોમ વાર છે.,neutral
આ ઉપછાર બિલ્કુલ સાહી છે.,happy
મારો જીવન મા ઘનું અંધારું છે.,sad
હું [ghano] ક્રોધી આને [gusse] મા છું.,angry
માને [ghano] અંસંતોસા આને ક્રોધ આવે છે.,angry
માને [ghano] ભય આને છિંતા આને દરો લાગાય છે.,fear
માને [ghani] તકલીફ છે આને [koi] સહાય નાથી.,sad
માને [ghano] દર આને ભય આને ત્રાસ લાગાય છે.,fear
માને [ghano] ક્રોધ આવે છે આ [dhokha] થી.,angry
હું બિલ્કુલ થીક આને સ્વાસથા છું.,happy
આ અંન્યાય આને નિર્દયી પં માને ક્રોધ [apave] છે.,angry
માને બિલ્કુલ સારો લાગ્યું.,happy
હું આજે [ghano] ક્રોધ આને [gusse] મા છું.,angry
માને આજે online appointment લી આને report મોકલી.,neutral
મારો જીવન [ni] છિંતા આને ખત્રો માને દરાવે આને ગાભરા્યો છે.,fear
આ દાવા [khadhya] પાછી લેવી.,neutral
હું આજે [ghano] છિંતિત છું મારો report [ni] છિંતા છે.,fear
હું [ghano] ક્રોધી આને નારાજ આને આસાંત છું.,angry
માને [sari] રાહત [madhi] છે.,happy
મારો રોગ થીક નાહી થાય તો માને [ghano] ભય આને છિંતા લાગાય છે.,fear
હું [ghano] છિંતિત આને દરો છું.,fear
હું [ghano] નારાજ છું.,angry
માને આ બિમારી થી [ghani] તકલીફ છે.,sad
માને [ghano] [gusse] આવ્યો છે.,angry
માને [ghano] દરદ આને પીદા થાય છે.,sad
માને [ghano] દરદ આને પીદા છે.,sad
હું બિલ્કુલ નિરાસ આને દુખી છું.,sad
હું [ghano] [gusse] મા આને આસાંત છું.,angry
મારો દિલ [ghano] ભારેલો લાગાય છે.,sad
આ નિર્દયી વા્યવહાર માને ક્રોધ [apave] છે.,angry
હું આજે [ghano] દરો આને છિંતિત આને ગાભ્રાયો છું.,fear
માને [ghano] ભય લાગાય છે આ મુસિબત થી.,fear
માને [ghano] દુખ આને કાસ્ત છે [koi] મદદ નાથી.,sad
હું આજે [ghano] ક્રોધ આને નારાજ છું.,angry
ડોક્તર ને માને [dhyan] નાથી [aapyu] માને ક્રોધ આવ્યો.,angry
આજે ઘનું આનંદ છે.,happy
ડોક્તર ને [kahyu] કે સંકાત ગંભિર છે માને દહ્સાત લાગી.,fear
માને [ghano] ભય લાગાય છે મારો જીવન [ni] છિંતા છે.,fear
આ ગલાત આને અંન્યાય થી માને [ghano] ક્રોધ આવ્યો.,angry
માને [ghano] દુખ આને ઘામ છે.,sad
આજે મારો test result બિલ્કુલ સારો છે.,happy
મારો દરદ બિલ્કુલ ઓછી થાયો.,happy
હું [ghano] ભય આને ત્રાસ આને દરો આને થરથરયો છું.,fear
માને આગાલાગ test આને report નું result ડોક્તર ને આપ્વું પદ્સે.,neutral
હું ખુબ ઉદાસ આને દુખી છું.,sad
માને રોજ સકાલ આને સાંજે દાવા લેવી પદે.,neutral
માને [ghano] ત્રાસ આને ભય આને દહ્સાત લાગાય છે.,fear
મારો જીવન મા ઘનું કાસ્ત આને ઘામ છે.,sad
હું આજે બિલ્કુલ નિરાસ છું.,sad
માને [ghano] ક્રોધ આવે છે આ ગલાત કામ થી.,angry
હું આજે [ghano] [asahay] આને દુખી છું.,sad
માને [ghano] [gusse] આવ્યો છે.,angry
મારો જીવન મા ઘનું અંધારું આને કાસ્ત છે.,sad
હું હારી ગાયી આને નિરાસ છું.,sad
આજ નાવો દિન છે આને મન ખુશ છે.,happy
મારો સ્વાસથ્ય [sudhri] [rahyu] છે.,happy
મારો test result [aavata] <function j at 0x000001AC201436A0> ડોક્તર ને જાનાવનું છે.,neutral
આ online સેવા [ghano] ખરાબ છે માને ક્રોધ આવે છે.,angry
માને સારી સેવા આને ઉપછાર [madvo] છે.,happy
હું હારી ગાયી છું [koi] મદદ નાથી.,sad
માને સાહી વક્ત [e] સેવા મદ્વી.,happy
આ સેવા થી માને બિલ્કુલ મદદ નાથી થી માને [gusse] આવ્યો.,angry
આજે મારો report બિલ્કુલ normal આવ્યો.,happy
દાવા કામ કરી ગાયી છે.,happy
આ દાવા ખાલી પેત નાથી લેવી.,neutral
હું ખુબ [prasann] છું.,happy
હું [ghano] સુખી છું.,happy
આ સેવા થી માને બિલ્કુલ મદદ નાથી થી માને [gusse] આવ્યો.,angry
મારો પરિવાર મા [ghano] દુખ આને સંતાપ છે.,sad
માને online ડોક્તર ના જવાબ થી [ghano] દરો લાગ્યો.,fear
માને ડોક્તર ને મિલ્વા આગાલતા [somvar] છે.,neutral
હું આજે online appointment લી આને ડોક્તર સાથે વાત કરી.,neutral
પરિવાર સાથે આનંદ મા છે.,happy
મારો સ્વાસથ્ય ગંભિર છે માને દરો લાગાય છે.,fear
હું આજે [ghano] [asahay] આને નિરાસ છું.,sad
ડોક્તર ને [kahyu] કે રોગ ગંભિર છે માને દરાયો થાયો.,fear
મારો operation [ni] તાિયારી પુરી થાયી છે.,neutral
હું દિન મા ઘનું પાની આને juice [pu] છું.,neutral
હું આજે [ghano] દરો આને છિંતિત આને ગાભ્રાયો છું.,fear
મારો રોગ થીક નાહી થાય તો માને [ghano] દરો લાગાય છે.,fear
હું આજે [ghano] દરો આને છિંતિત આને ગાભ્રાયો છું.,fear
આ ધોખો આને અંન્યાય થી માને ક્રોધ આવ્યો.,angry
હું આજ ખુબ દુખી આને થાકેલી છું.,sad
માને [ghano] અંસંતોસા આને નારાજ છે.,angry
આ અંન્યાય આને ગલાત કામ થી હું [ghano] નારાજ છું.,angry
આ બેવકુફ વા્યવહાર આને અંન્યાય માને નારાજ આને ક્રોધ [apave] છે.,angry
માને ઘનું ખરાબ લાગાય છે.,sad
મારો check up સારો આવ્યો છે.,neutral
હું આજે [ghano] ક્રોધ આને [gusse] મા છું.,angry
મારો રોગ થીક નાહી થાય તો માને [ghano] ભય આને છિંતા લાગાય છે.,fear
માને online ડોક્તર સેવા ઘનું પસંદ છે.,happy
હું આજ બિલ્કુલ ઉદાસ આને [asahay] છું.,sad
હું ડોક્તર ના સુજાવ પ્રમાને રોજ yoga [karu] છું.,neutral
હું આજ ખુબ દુખી આને બેબાસ છું.,sad
ડોક્તર ના જવાબ થી માને [gusse] આવ્યો.,angry
માને [ghano] નારાજ આને [gusse] છે.,angry
માને [ghani] મુસ્કેલી આને વેદના છે.,sad
ડોક્તર ને માને રોજ exercise કર્વા સુજાવ [apyu].,neutral
માને આજે ડોક્તર ને online મિલ્વું છે.,neutral
હું આજે [ghano] [asahay] છું.,sad
હું રોજ ડોક્તર ના સુજાવ પ્રમાને કસ્રત [karu] છું.,neutral
માને blood test આને x-ray [karvi] પદ્સે.,neutral
મારો જીવન [ni] છિંતા આને ખત્રો માને દરાવે આને ગાભરા્યો છે.,fear
ડોક્તર ના instruction પ્રમાને રોજ exercise [karu] છું.,neutral
આ દાવા રાત્રે સુો [ya] પહેલા લેવી.,neutral
મારો ભાવિષ્ય [ni] છિંતા માને દરાવે છે.,fear
ડોક્તર ના લાપરવાહી થી માને ક્રોધ આને [gusse] આવ્યો.,angry
હું [ghano] છિંતિત આને ગાભ્રાયો છું.,fear
મારો જીવન મા ઘનું ઘામ આને અંધારું છે.,sad
મારો જીવન મા નિરાસા આને કાસ્ત છે.,sad
ડોક્તર ના ગંભિર જવાબ થી માને ભય આને દહ્સાત લાગી.,fear
આ બિમારી ના લાક્ષન મા બુખાર આને ખાંસી છે.,neutral
મારો test કાલ થાય છે તે માતે ready છું.,neutral
મારો જીવન [ni] આને પરિવાર [ni] છિંતા માને ગાભરા્યો છે.,fear
હું આજે [ghano] છિંતિત છું મારો report [ni] છિંતા છે.,fear
માને [ghano] વેદના આને દરદ છે.,sad
આજે માને ખુબ સુખ [anubhvay] છે.,happy
આ અંન્યાય આને નિર્દયી પં માને ક્રોધ [apave] છે.,angry
મારો દિલ [ghano] ઉદાસ છે.,sad
આ દાવા [roj] રાત્રે લેવી આને [sakaro] આરામ કરો.,neutral
મારો દિલ [ghano] દુખી લાગાય છે.,sad
મારો રોગ ગંભિર થાય છે તે થી હું [ghano] દરો છું.,fear
આરોગ્ય મા ખુબ સુધાર આવ્યો છે.,happy
હું બિલ્કુલ થાકેલી આને નિરાસ છું.,sad
આ બિમારી માતે test [karavi] ને result લેવા પદ્સે.,neutral
મારો પરિવાર મા દુખ છે.,sad
મારો રોગ થીક નાહી થાય તો માને [ghano] ભય આને છિંતા લાગાય છે.,fear
હું [ghano] [gusse] મા આને આસાંત છું.,angry
મારો રોગ ના લાક્ષન વધુ છે માને [ghano] ભય આને છિંતા લાગાય છે.,fear
માને [ghani] તકલીફો છે [koi] સહાય નાથી કરતો.,sad
હું ખુબ થાકેલી આને હારી ગાયી છું.,sad
માને આજે હોસ્પિતલ [javi] ને test [karaavyo].,neutral
મારો જીવન [ni] આને પરિવાર [ni] છિંતા માને ગાભરા્યો છે.,fear
હું આજે [ghano] નિરાસ આને બેબાસ છું.,sad
માને આજે online appointment લેવી આને ડોક્તર સાથે વાત કરી.,neutral
માને સારો report મદ્યો છે હું ખુબ ખુસી છું.,happy
હું ડોક્તર ના સુજાવ પ્રમાને દાવા લું છું.,neutral
માને [ghano] ક્રોધ આવે છે ડોક્તર ના નિર્દયી વા્યવહાર થી.,angry
આજે મારો આરોગ્ય બિલ્કુલ થીક છે.,happy
મારો પરિવાર [ghano] પરેસાન છે.,sad
માને [ghano] ત્રાસ લાગાય છે.,fear
મારો જીવન [ni] છિંતા માને દરાવે છે.,fear
માને [ghano] અંસંતોસા આને ક્રોધ છે.,angry
મારો રોગ ના લાક્ષન ઉપછાર થી [ghata] છે.,neutral
માને [ghano] ક્રોધ આવે છે.,angry
મારો દિન ઘનું સારો બિલ્કુલ.,happy
મારો મન આનંદ થી ભરાયેલું છે.,happy
મારો રોગ વધુ વધ્યો છે.,sad
ડોક્તર ને [kahyu] કે રોગ ગંભિર છે માને દરાયો થાયો.,fear
હું આજે online appointment લી આને ડોક્તર સાથે વાત કરી.,neutral
ડોક્તર ના લાપરવાહી આને ગલાત ઉપછાર થી માને ક્રોધ આવ્યો.,angry
ડોક્તર ને [kahyu] કે રોગ ગંભિર છે માને દરાયો થાયો.,fear
મારો તકલીફ બિલ્કુલ ઓછી થાયી છે.,happy
મારો બિમારી ના ઉપછાર [ni] છિંતા માને દરાવે આને વ્યાકુલ કરે છે.,fear
ડોક્તર ને માને check up માતે [bulavyu] છે.,neutral
માને આજે online appointment લેવી આને ડોક્તર સાથે વાત કરી.,neutral
ડોક્તર ના ગલાત જવાબ થી માને [ghano] [gusse] આવ્યો.,angry
આ portal બિલ્કુલ કામ નાથી કરતો.,angry
ડોક્તર ને મારો રોગ સમજા્યો <function j at 0x000001AC201436A0> નાહી.,angry
મારો દિલ [rovi] રહ્યો છે.,sad
માને આજે online appointment લેવી આને ડોક્તર સાથે વાત કરી.,neutral
હું [ghano] આસાંત આને ક્રોધી આને નારાજ છું.,angry
હું ખુબ ઉદાસ આને દુખી છું.,sad
મારો [checkup] report સારું છે.,neutral
મારો test report normal છે.,neutral
માને result સારો મદ્યો છે હું ખુશ છું.,happy
માને [ghano] સંતાપ આને નિરાસા છે.,sad
આ online સેવા સુભાહ નાવ વાગે થી [sharu] થાય છે.,neutral
માને [ghano] આઘાત આને ભય લાગાય છે.,fear
આરોગ્ય મા ખુબ સુધાર આવ્યો છે.,happy
હું આને મારો પરિવાર ખુસી મા છે.,happy
ડોક્તર ને મારો report [joyyu] આને રોગ નું નામ બતાવ્યું.,neutral
માને આ online ડોક્તર સેવા ઘનું પસંદ છે.,happy
મારો જીવન આને પરિવાર [ni] છિંતા આને સંકાત માને વ્યાકુલ આને દરો કરે છે.,fear
મારો જીવન આનંદ થી ભર્યો છે.,happy
આ દાવા તે પં જીવન પાછી લેવી.,neutral
મારો રોગ જાલ્દી થીક થાય છે.,happy
મારો ભાવિષ્ય આને જીવન [ni] છિંતા છે.,fear
મારો weight check up report normal છે.,neutral
ડોક્તર ને બતાવ્યું કે દાવા તિન [varas] લેવી પદ્સે.,neutral
મારો જીવન [ni] આને પરિવાર [ni] છિંતા માને ગાભરા્યો છે.,fear
હું રોજ ડોક્તર ના નિર્દેશ પ્રમાને દાવા લું છું.,neutral
મારો જીવન મા ઘનું કાસ્ત આને નિરાસા છે.,sad
માને [ghano] ઘામ આને કાસ્ત છે.,sad
મારો રોગ ના લાક્ષન વધુ છે માને [ghano] ભય આને છિંતા લાગાય છે.,fear
માને [ghano] ઘામ આને પીદા છે.,sad
આ દાવા [khadhya] પાછી થોદી વાર આરામ કરો.,neutral
આ દાવા [roj] રાત્રે લેવી આને [sakaro] આરામ કરો.,neutral
મારો દરદ બિલ્કુલ ઓછી થાયો.,happy
માને [ghani] મુસ્કેલી આને પીદા છે.,sad
માને [ghano] રોગ ગંભિર થાય છે તે [ni] છિંતા આને દર લાગાય છે.,fear
મારો weight પિચ્ચલે [mahi] ને થી વાગ્યો છે.,neutral
મારો મન આનંદ થી ભરેલો છે.,happy
આ અંન્યાય થી હું [ghano] નારાજ છું.,angry
મારો સાપનો તુત્યો [gaya] આને હું બેબાસ છું.,sad
માને [ghani] પીદા આને વેદના છે.,sad
નાવો દિન આનંદ [layo].,happy
આ દાવા સુો [ya] પાછી લેવી.,neutral
માને [ghano] નારાજ આને ક્રોધ છે.,angry
માને [ghano] [gusse] આવ્યો છે.,angry
હું આજ ખુબ દુખી આને ઉદાસ છું.,sad
હું આજે [ghano] [asahay] આને નિરાસ છું.,sad
માને [ghano] ભય લાગાય છે મારો operation થાય [tevi] સાખ્યતા છે.,fear
ડોક્તર ને મારો case સરાખ્યો <function j at 0x000001AC201436A0> નાહી માને ક્રોધ આવ્યો.,angry
મારો તકલીફ બિલ્કુલ ઓછી થાયી છે.,happy
માને [ghano] દરો લાગાય છે મારો રોગ ગંભિર છે.,fear
માને બિલ્કુલ પસંદ નાથી.,angry
આ online portal [par] મારો medical record છે.,neutral
માને [ghano] ક્રોધ આવે છે આ નિર્દયી સેવા થી.,angry
હું આજે રોવું મન થાય છે.,sad
હું આજે [ghano] નારાજ આને ક્રોધી છું.,angry
હું [ghano] છિંતિત આને ગાભ્રાયો છું.,fear
હું ડોક્તર ના સુજાવ પ્રમાને પાની વધુ [pu] છું.,neutral
માને [ghano] દર લાગાય છે આ ભયનાક મુસિબત થી.,fear
દાવા થી દરદ ઓછી થાયો છે.,happy
હું આજે [ghano] આસાંત છું.,angry
ડોક્તર ના ગંભિર જવાબ થી માને દરાયો થાયો.,fear
આ ધોખો આને અંન્યાય થી માને ક્રોધ આવ્યો.,angry
મારો દરદ ઓછી થાયો માને આનંદ છે.,happy
આજે ઘનું સારું લાગે છે.,happy
હું બિલ્કુલ બેબાસ આને [asahay] છું.,sad
માને [ghano] નિરાસા આને ઘામ છે.,sad
આજે મારો test result બિલ્કુલ સારો છે.,happy
મારો test કાલ થાય છે તે માતે ready છું.,neutral
માને [ghano] દરદ આને વેદના છે.,sad
ડોક્તર ના ગંભિર જવાબ થી માને દરાયો થાયો.,fear
માને આજ હોસ્પિતલ [javanu] છે.,neutral
માને [sari] રાહત [madhi] છે.,happy
માને [ghano] ત્રાસ લાગાય છે.,fear
માને ડોક્તર ને [biji] વાર મિલ્વા [kahyu] છે.,neutral
ડોક્તર ને મારો રોગ નાથી [samjyo] માને [ghano] ક્રોધ આવ્યો.,angry
આ online સેવા [ghano] ખરાબ આને [bekar] આને નાલાિક છે માને ક્રોધ આવે છે.,angry
આ ઉપછાર બિલ્કુલ સાહી છે.,happy
માને [ghano] સંકાત મા [hovu] નું દર લાગાય છે.,fear
મારો ભાવિષ્ય [ni] છિંતા માને દરાવે છે.,fear
હું આજે [ghano] નારાજ આને આસાંત આને ક્રોધ મા છું.,angry
મારો next appointment આગાલતા ગુરુવાર છે.,neutral
આ ધોખો આને અંન્યાય થી માને ક્રોધ આવ્યો.,angry
ડોક્તર ને મારો લાક્ષન આને report જો્યા આને ઉપછાર [shuru] કર્યો.,neutral
ડોક્તર ને માને [achuk] test [karava] [kahyu].,neutral
માને [ghano] આઘાત આને ભય લાગાય છે.,fear
Online સેવા થી ઘર બેથા સારો ઉપછાર મદ્યો.,happy
માને blood test [karvi] આને ડોક્તર ને result મોકલાવો પદ્સે.,neutral
માને હોસ્પિતલ [javu] નું [ghano] દરો લાગાય છે.,fear
મારો દિલ રોવું મન થાય છે.,sad
મારો સ્વાસથ્ય ગંભિર છે માને દરો લાગાય છે.,fear
માને blood test કર્વા [kahyu] છે આને result કાલ આવસે.,neutral
આજે મારો પરિવાર [shu] આને સુખી છે.,happy
હું આજે [ghano] ગાભ્રાયો આને વ્યાકુલ આને દરો આને છિંતિત આને થરથરયો છું.,fear
માને ડોક્તર ના સલાહ થી [ghano] ફાયદો થાયો.,happy
માને blood test આને x-ray [karvi] પદ્સે.,neutral
માને test result સારો નાહી આવે તો માને ભય લાગાય છે.,fear
આ online સેવા મા માને ઘર બેથા <function j at 0x000001AC201436A0> ડોક્તર થી મદદ [mali].,neutral
માને ડોક્તર ને મિલ્વા થી નિછિંત થાયો.,happy
આ online portal [par] appointment લેવી આને report મોકલી [sakay].,neutral
મારો દિલ [ghano] દુખી લાગાય છે.,sad
ડોક્તર ને માને રોગ ના લાક્ષન [batvya].,neutral
આજે માને [sari] તાસાલી થી.,happy
હું આજે [ghano] દરો આને છિંતિત આને ગાભ્રાયો છું.,fear
ડોક્તર ખુબ સારો છે.,happy
માને [ghano] ક્રોધ આવે છે આ [dhokha] આને અંન્યાય થી.,angry
મારો દાવા નું course [pura] થાયો છે.,neutral
આજે મારો દરદ બિલ્કુલ ઓછી થાયો.,happy
માને [ghano] ઘામ આને કાસ્ત છે.,sad
મારો દરદ ઓછી થાયો માને આનંદ છે.,happy
હું ખુબ દુખી આને બેબાસ છું.,sad
મારો report કાલ આવસે.,neutral
માને ડોક્તર ના ઉપછાર થી [ghani] રાહત [madhi].,happy
હું આજે [ghano] બેબાસ આને મજ્બુર છું.,sad
ડોક્તર ના જવાબ થી તાનાવ ઓછી થાયો.,happy
માને [ghani] પીદા આને દરદ છે.,sad
મારો જીવન મા ઘનું દુખ આને અંધારું છે.,sad
મારો test result ખરાબ આવે તે નું માને [ghano] દરો લાગાય છે.,fear
માને [ghano] દર લાગાય છે આ ભયનાક મુસિબત થી.,fear
મારો દિલ [todayelu] આને દુખી લાગાય છે.,sad
આ [sevay] માને ખુબ [gusse] [apavyo].,angry
આ portal બિલ્કુલ કામ નાથી કરતો.,angry
આ દાવા રાત્રે સુો [ya] પહેલા લેવી.,neutral
આ દાવા તે પં જીવન પાછી લેવી.,neutral
ડોક્તર ને માને વધુ આરામ આને સુો [va] [kahyu].,neutral
માને સારો પરિનામ મદ્યો છે.,happy
માને હોસ્પિતલ [jatay] પહેલા ખાધ્યું લેવી લિયા.,neutral
માને [ghano] ભય લાગાય છે મારો જીવન [ni] છિંતા છે.,fear
માને [ghano] ભય લાગાય છે મારો જીવન [ni] છિંતા છે.,fear
આજે હું બિલ્કુલ થીક છું.,happy
માને [samachar] સારો મદ્યો.,happy
ડોક્તર ને માને વધુ આરામ આને સુો [va] [kahyu].,neutral
આજે પરિવાર સાથે [ghano] આનંદ મદ્યો.,happy
હું હારી ગાયી છું.,sad
મારો રોગ જાલ્દી થીક થાય છે.,happy
માને [ghano] નિરાસા આને ઘામ છે.,sad
ડોક્તર ને મારો report [joyyu] આને દાવા [badlaya].,neutral
માને [ghano] ક્રોધ આવે છે આ નાલાિક સેવા થી.,angry
મારો operation થાય તે નું હું [ghano] દરો છું.,fear
માને ડોક્તર ને મિલ્વા થી [ghani] રાહત થી.,happy
પરિવાર સ્વાસથા છે આને માને સુખ છે.,happy
મારો દરદ ઓછી થાયો છે.,happy
માને આ online સેવા ઘનું ઉત્તમ લાગે છે.,happy
આજે માને ડોક્તર ના ઉપછાર થી ખુબ આરામ મદ્યો.,happy
ડોક્તર ને માને બિલ્કુલ [dhyan] નાથી [aapyu].,angry
ડોક્તર ને માને diet નું plan બતાવ્યું.,neutral
માને ઘનું સંતોશ છે.,happy
ડોક્તર ના instruction પ્રમાને રોજ exercise [karu] છું.,neutral
માને [ghani] રાહત થાયી.,happy
આ online portal [ghano] ખરાબ આને [bekar] છે માને ક્રોધ આવે છે.,angry
માને [ghano] છિંતા આને ભય લાગાય છે મારો રોગ ગંભિર થાય તે [ni].,fear
ડોક્તર ને માને બિલ્કુલ [dhyan] નાથી [aapyu].,angry
મારો આરોગ્ય ખુબ સારો છે.,happy
મારો જીવન આનંદ થી ભર્યો છે.,happy
માને [ghano] અંસંતોસા આને [gusse] આવે છે.,angry
માને [ghani] પીદા આને વેદના થાય છે.,sad
આ online સેવા [ghano] ખરાબ છે માને ક્રોધ આવે છે.,angry
માને blood test result કાલ આવસે આને ડોક્તર ને મોકલાવો પદ્સે.,neutral
માને [koi] મદદ નાથી કરતો.,sad
માને [ghano] આઘાત આને ભય લાગાય છે.,fear
મારો blood test સારો આવ્યો છે.,neutral
મારો blood report કાલ ડોક્તર ને મોકલે પદ્સે.,neutral
માને આ સેવા થી [ghano] ફાયદો થાયો.,happy
આ ધોખો આને ગલાત આને અંન્યાય થી માને [ghano] [gusse] આવ્યો.,angry
મારો દિન ઘનું સારો બિલ્કુલ.,happy
માને [ghano] તાનાવ આને છિંતા છે.,sad
હું આજ ખુબ દુખી આને ઉદાસ છું.,sad
દાવા થી દરદ ઓછી થાયો છે.,happy
હું [ghano] ભય આને દરો આને થરથરયો છું.,fear
માને [ghano] દર આને ભય આને ત્રાસ લાગાય છે.,fear
આ દાવા [khava] પહેલા ખાધ્યું લેવો.,neutral
મારો સાપનો તુત્યો [gaya] આને હું દુખી છું.,sad
આ [sevay] માને ખુબ [gusse] [apavyo].,angry
મારો પરિવાર મા દુખ છે.,sad
મારો blood pressure આને sugar normal range મા છે.,neutral
મારો દાવા નું course [pura] થાયો છે.,neutral
માને [ghano] ક્રોધ આવે છે આ નિર્દયી સેવા થી.,angry
માને આ સેવા થી [ghano] [gusse] આવ્યો છે.,angry
માને [ghano] સંતાપ આને ઘામ છે.,sad
આ ગલાત [kam] થી માને [ghano] [gusse] આવ્યો.,angry
આ online સેવા થી માને ઘર બેથા [consultation] મદી.,neutral
આ દાવા માને વાગદે <function j at 0x000001AC201436A0> નાથી.,angry
મારો મન આનંદ થી ભરેલો છે.,happy
માને ઘનું ખરાબ લાગાય છે.,sad
આ online portal [ghano] ખરાબ આને [bekar] છે માને ક્રોધ આવે છે.,angry
ડોક્તર ખુબ સારો છે.,happy
હું [ghano] [gusse] આને નારાજ આને ક્રોધી છું.,angry
મારો report આવ્યો છે ડોક્તર ને મોકલે પદ્સે.,neutral
આ ધોખો આને અંન્યાય માને ક્રોધ [apave] છે.,angry
માને [ghano] [gusse] આને અંસંતોસા છે.,angry
માને ઘનું સંતોશ છે.,happy
માને [ghano] ક્રોધ આવે છે આ અંન્યાય આને ગલાત વા્યવહાર થી.,angry
ડોક્તર ના ગંભિર જવાબ થી માને ભય આને દહ્સાત લાગી.,fear
ડોક્તર ને મારો case સરાખ્યો <function j at 0x000001AC201436A0> નાહી માને ક્રોધ આવ્યો.,angry
માને ડોક્તર ને મિલ્વા નાથી મદ્તું હું બેબાસ છું.,sad
મારો પરિવાર મા [ghano] દુખ આને કાસ્ત છે.,sad
મારો operation થાય તે નું હું [ghano] દરો છું.,fear
આ ગલાત [kam] આને નિર્દયી પં માને ક્રોધ [apave] છે.,angry
મારો આરોગ્ય ખુબ સારો છે.,happy
માને આજે હોસ્પિતલ મા check up આને blood test થાયા.,neutral
માને operation [ni] [ghani] છિંતા આને દરો છે.,fear
માને [ghano] [gusse] આને ક્રોધ આને નારાજ છે.,angry
હું [ghano] ગાભ્રાયો આને છિંતિત છું.,fear
માને [ghano] છિંતા આને ભય લાગાય છે મારો રોગ ગંભિર થાય તે [ni].,fear
આજે માને [ghano] ખુશ અનુભવ આવ્યો.,happy
માને [ghano] સંતાપ આને વેદના છે.,sad
મારો સવારો [nava] વાગે [the] રોગ નું check up છે.,neutral
મારો દિલ [rovi] રહ્યો છે.,sad
હું [ghano] [gusse] આને ક્રોધી છું.,angry
મારો પરિવાર મા [ghano] ઘામ આને કાસ્ત છે.,sad
મારો [agalo] appointment [budh] વાર છે.,neutral
માને મારો જીવન [ni] છિંતા આને રોગ [ni] ભીતી લાગાય છે.,fear
આ ધોખો થી માને [ghano] ક્રોધ આવ્યો.,angry
મારો test result [aavane] [vale] છે માને [ghano] દરો લાગાય છે.,fear
માને [ghano] સંકાત આને ખત્રો નું દર લાગાય છે મારો જીવન થી.,fear
મારો operation થાય તે નું હું [ghano] દરો છું.,fear
હું [ghano] વ્યાકુલ આને દરો છું.,fear
હું ડોક્તર ના નિર્દેશ પ્રમાને ખાધ્યું આને પાની લું છું.,neutral
મારો સાપનો તુત્યો ગાયો આને માને નિરાસા છે.,sad
મારો રોગ ના લાક્ષન વધુ છે માને [ghano] ભય આને છિંતા લાગાય છે.,fear
હું આજે [ghano] દુખી આને બેબાસ છું.,sad
હું આજે [ghano] [asahay] આને નિરાસ છું.,sad
મારો જીવન [aanandmay] લાગાય છે.,happy
હું આજે [ghano] દુખી છું.,sad
ડોક્તર ને મિલ્યો આને નિછિંત થાયો.,happy
આ દાવા [khadhya] પાછી પાની પિ લેવો.,neutral
માને [ghani] પીદા આને દરદ છે.,sad
મારો test result કાલ આવે છે.,neutral
મારો પરિવાર મા [ghano] દુખ આને ઘામ છે.,sad
મારો સાપનો તુત્યો ગાયો આને માને નિરાસા છે.,sad
હું આજ ખુબ ઉદાસ આને થાકેલી છું.,sad
માને [ghano] ક્રોધ આવે છે આ અંન્યાય આને ગલાત વા્યવહાર થી.,angry
હું આજે [ghano] દુખી આને બેબાસ છું.,sad
મારો test result કાલ આવસે આને ડોક્તર ને જાનાવસે.,neutral
માને [ghano] ક્રોધ આને નારાજ આવે છે.,angry
મારો પરિવાર સ્વાસથા છે આને હું ખુશ છું.,happy
માને આજ હોસ્પિતલ [javanu] છે.,neutral
હું આજ બિલ્કુલ દુખી આને [asahay] છું.,sad
મારો આગાલો appointment next સોમ વાર છે.,neutral
આ સેવા થી માને બિલ્કુલ સંતોશ નાથી માને [gusse] આવ્યો.,angry
આ ગલાત [kam] થી માને [ghano] [gusse] આવ્યો.,angry
આજે માને ડોક્તર ના ઉપછાર થી સારી રાહત [madhi].,happy
દાવા થી દરદ ઓછી થાયો છે.,happy
હું આજે [ghano] દુખી આને [asahay] છું.,sad
મારો blood report કાલ ડોક્તર ને મોકલે પદ્સે.,neutral
મારો ભાવિષ્ય આને જીવન [ni] છિંતા માને દરાવે આને થરથરો છે.,fear
માને ખુબ [aanandmay] અનુભવ થાયો છે.,happy
આ online સેવા થી ઘર બેથા ડોક્તર થી [bat] કરી [shakay].,neutral
આ online સેવા થી ઘર બેથા ડોક્તર થી [bat] કરી [shakay].,neutral
માને [ghano] છિંતા આને ભય આને દર આને ત્રાસ લાગાય છે.,fear
માને બિલ્કુલ પસંદ નાથી.,angry
હું [ghano] નારાજ આને [gusse] મા છું.,angry
હું આજ પુરી તારહ સ્વાસથા છું.,happy
મારો [agalo] check up [shukra] વાર છે.,neutral
હું રોજ સાંજે ચાલ [va] જાવું છું તે ડોક્તર નું સુજાવ છે.,neutral
મારો report કાલ [aavse] આને ડોક્તર ને [batavvu] પદ્સે.,neutral
માને ખુસી છે ડોક્તર ને ધાન્યાવાદ.,happy
મારો પરિવાર મા [ghano] ઘામ છે.,sad
આ online સેવા થી ઘર બેથા ડોક્તર થી [bat] કરી [shakay].,neutral
માને ડોક્તર ને મિલ્વા નાથી મદ્તું.,sad
મારો રોગ વધુ વધ્યો છે.,sad
માને [ghano] ક્રોધ આવે છે આ બિલ્કુલ ગલાત છે.,angry
મારો weight પિચ્ચલે [mahi] ને થી વાગ્યો છે.,neutral
આ બિમારી માતે test [karavi] ને result લેવા પદ્સે.,neutral
ડોક્તર ને માને check up માતે [bulavyu] છે.,neutral
મારો દરદ દિવાસ દિવાસ વધે છે.,sad
માને આજ હોસ્પિતલ [javanu] છે.,neutral
આ ધોખો આને ગલાત વા્યવહાર માને ક્રોધ [apave] છે.,angry
આ online portal [par] ડોક્તર ને report મોકલી [sakay] છે.,neutral
મારો સ્વાસથ્ય ગંભિર છે માને દરો લાગાય છે.,fear
ડોક્તર ને મારો દરદ સમજા્યો <function j at 0x000001AC201436A0> નાહી.,angry
માને [ghano] ભય લાગાય છે આ મુસિબત થી.,fear
મારો દિલ [rovi] રહ્યો છે.,sad
ડોક્તર ને મારો report [jaeva] માતે result મોકલે પદ્સે.,neutral
આ ગલાત [kam] માને ક્રોધ [apave] છે.,angry
મારો જીવન [ni] આને પરિવાર [ni] છિંતા માને ગાભરા્યો છે.,fear
માને આ અંન્યાય થી [ghano] ક્રોધ આવે છે.,angry
માને [ghano] ભય લાગાય છે આ મુસિબત થી.,fear
હું રોજ [sakaro] ડોક્તર ના નિર્દેશ પ્રમાને કસ્રત [karu] છું.,neutral
મારો રોગ ના કારને [ghano] કાસ્ત થાય છે.,sad
પરિવાર સાથે મિલ્વા થી ખુબ આનંદ થાયો.,happy
માને [ghano] દુખ છે.,sad
હું ખુબ [aanandmay] છું.,happy
હું [ghano] ભય આને ત્રાસ આને દરો આને થરથરયો છું.,fear
મારો સ્વાસથ્ય record ડોક્તર ને મોકલે પદ્યો.,neutral
માને હોસ્પિતલ નિયમ પ્રમાને test [karavanu] છે.,neutral
માને [ghano] [gusse] આને અંસંતોસા છે.,angry
આ સેવા થી માને બિલ્કુલ ફાયદો નાથી થાયો માને [gusse] આવ્યો.,angry
માને [ghano] ભય લાગાય છે મારો operation થાય [tevi] સાખ્યતા છે.,fear
માને તકલીફો થી [mukti] મદી છે.,happy
માને [ghano] નિરાસા આને ઘામ છે.,sad
આ ધોખો આને અંન્યાય થી માને ક્રોધ આવ્યો.,angry
હું મારો પરિવાર સાથે આનંદ મા [rehvay] છું.,happy
માને આજે online appointment લેવી આને ડોક્તર સાથે વાત કરી.,neutral
હું આજે [ghano] દરો આને વ્યાકુલ છું.,fear
હું [ghano] નારાજ છું.,angry
ડોક્તર ને માને બિલ્કુલ [dhyan] નાથી [aapyu].,angry
માને [ghano] ભય લાગાય છે આ મુસિબત થી.,fear
માને આ portal થી [ghano] ફાયદો મદ્યો.,happy
આ બેવકુફ પં આને ગલાત કામ માને ક્રોધ [apave] છે.,angry
માને [ghano] આઘાત આને ભય લાગાય છે.,fear
મારો operation [ni] તાિયારી પુરી થાયી છે.,neutral
આજે report સારો આવ્યો.,happy
માને બિલ્કુલ પસંદ નાથી.,angry
માને દાવા થી [koi] [rahat] નાથી [madti].,sad
હું આજે [ghano] ગાભ્રાયો આને વ્યાકુલ આને દરો આને છિંતિત છું.,fear
મન પ્રાસન્ન છે.,happy
હું આજે [ghano] દુખી આને હારી ગાયી છું.,sad
આ બિમારી ના લાક્ષન દિન દિવાસ [ghata] છે.,neutral
મારો રોગ ના કારને [ghano] સંતાપ થાય છે.,sad
મારો રોગ જાલ્દી થીક થાય છે.,happy
મારો સ્વાસથ્ય ગંભિર છે માને દરો લાગાય છે.,fear
ડોક્તર ના ગલાત જવાબ થી માને [ghano] [gusse] આવ્યો.,angry
ડોક્તર ને મારો weight આને blood pressure check [karya].,neutral
હું આજ [ghano] મજ્બુર છું.,sad
માને તાસાલી થી છે મારો રોગ જાલ્દી સારો થાય છે.,happy
હું આજે [ghano] થાકેલી આને બેબાસ છું.,sad
મારો જીવન [ni] છિંતા માને દરાવે છે.,fear
આ portal બિલ્કુલ કામ નાથી કરતો.,angry
માને [ghano] દર આને ભય આને છિંતા આને ત્રાસ લાગાય છે.,fear
મારો જીવન [aanandmay] લાગાય છે.,happy
મારો સવારો [nava] વાગે [the] રોગ નું check up છે.,neutral
માને [ghano] ઘામ આને વેદના છે.,sad
માને આજે online appointment લી આને report મોકલી.,neutral
માને [ghano] [gusse] આવે છે આ ગલાત પં થી.,angry
હું રોજ સાંજે ચાલ [va] જાવું છું તે ડોક્તર નું સુજાવ છે.,neutral
માને [ghani] વેદના આને પીદા થાય છે [koi] સહાય નાથી.,sad
જીવન મા આનંદ ખુબ છે.,happy
હું [ghano] વ્યાકુલ આને દરો છું.,fear
મારો દિલ [rovi] રહ્યો છે.,sad
માને [ghano] દુખ છે.,sad
હું આજે [ghano] ગાભ્રાયો આને વ્યાકુલ આને દરો આને છિંતિત આને થરથરયો છું.,fear
મારો test કાલ થાય છે તે માતે ready છું.,neutral
માને [ghano] ક્રોધ આવે છે આ ગલાત આને [dhokha] પં થી.,angry
મારો check up સારો આવ્યો છે.,neutral
આ દાવા ગલાત આપ્વી છે માને [ghano] ક્રોધ આવ્યો.,angry
માને [ghano] ભય લાગાય છે મારો જીવન [ni] છિંતા છે.,fear
માને blood test આને x-ray [karvi] પદ્સે.,neutral
માને તાસાલી થી છે મારો રોગ જાલ્દી સારો થાય છે.,happy
હું [ghano] થરથરયો છું ભય થી.,fear
આ online સેવા થી માને ઘર બેથા report જમા કરી સકાયો.,neutral
મારો ભાવિષ્ય [ni] છિંતા માને દરાવે છે.,fear
માને ખુબ સારી સેવા [madhi] છે.,happy
આ દાવા દિન મા તિન વાર લેવી પદે.,neutral
મારો રોગ વધુ વધ્યો છે.,sad
મારો જીવન મા દુખ છે.,sad
માને [ghano] ક્રોધ છે.,angry
આ online સેવા [ghano] ખરાબ છે માને ક્રોધ આવે છે.,angry
માને [ghano] દુખ છે.,sad
માને [ghano] ક્રોધ આવે છે આ [dhokha] થી.,angry
મારો પરિવાર મા [ghano] ઘામ છે.,sad
આજ માને [ghani] ખુસી છે.,happy
હું આજે [ghano] થાકેલી આને ઉદાસ છું.,sad
માને [ghano] [gusse] આવે છે આ અંન્યાય આને નિર્દયી પં થી.,angry
માને [ghani] પીદા છે [koi] સહાય નાથી કરતો.,sad
હું ડોક્તર ના સુજાવ પ્રમાને રોજ કસ્રત આને yoga [karu] છું.,neutral
આજે માને [aanandno] અનુભવ છે.,happy
મારો સાપનો તુત્યો ગાયો.,sad
હું આજે બિલ્કુલ સ્વાસથા છું.,happy
હું [ghano] આસાંત આને ક્રોધી આને નારાજ છું.,angry
ડોક્તર ના મદદ થી મારો રોગ ગાયો.,happy
હું આજે બિલ્કુલ સ્વાસથા છું.,happy
મારો જીવન [ni] આને પરિવાર [ni] છિંતા માને ગાભરા્યો છે.,fear
આ online portal માને [gusse] [apave] છે.,angry
માને [ghano] ભય આને છિંતા આને દરો લાગાય છે.,fear
આ ગલાત કામ આને [dhokha] થી હું [ghano] ક્રોધ મા છું.,angry
માને [ghano] સંકાત આને ખત્રો નું દર લાગાય છે મારો જીવન થી.,fear
મારો દિલ [ghano] ભારેલો લાગાય છે.,sad
આ portal થી માને ડોક્તર ને [sarasari] મિલ્વા મદદ [thai].,neutral
આજે માને ખુબ આનંદ છે.,happy
માને [ghano] અંસંતોસા આને નારાજ છે.,angry
હું બિલ્કુલ [asahay] આને નિરાસ છું.,sad
માને [ghano] [gusse] આવ્યો છે ડોક્તર ના ગલાત ઉપછાર થી.,angry
મારો જીવન [ni] છિંતા માને દરાવે છે.,fear
માને [sari] રાહત [madhi] છે.,happy
મારો પરિવાર મા [ghano] દુખ છે.,sad
આજે મારો પરિવાર [shu] આને સુખી છે.,happy
માને ડોક્તર ના [vat] થી [ghano] સંતોશ મદ્યો.,happy
મારો દરદ ઓછી થાયો માને આનંદ છે.,happy
માને આજે હોસ્પિતલ મા check up આને blood test થાયા.,neutral
માને [ghano] ભય લાગાય છે મારો સ્વાસથ્ય થી.,fear
આ દાવા દિન મા એક વાર લેવી.,neutral
ડોક્તર ને મારો weight આને blood pressure check [karya].,neutral
હું બિલ્કુલ થીક છું આને માને ખુસી છે.,happy
માને [ghano] છિંતા આને ભય આને દર આને ત્રાસ લાગાય છે.,fear
આ સેવા થી ઘર બેથા ડોક્તર સાથે chat કરી [sakay].,neutral
હું આજે [ghano] ગાભ્રાયો આને વ્યાકુલ આને દરો આને છિંતિત આને થરથરયો છું.,fear
હું આજે [ghano] ક્રોધી આને નારાજ છું.,angry
મારો [health] record આ portal [par] છે.,neutral
મારો report કાલ આવસે.,neutral
હું બિલ્કુલ [asahay] આને નિરાસ છું.,sad
મારો સ્વાસથ્ય ગંભિર છે માને દરો લાગાય છે.,fear
હું દિન મા ઘનું પાની આને juice [pu] છું.,neutral
ડોક્તર ના લાપરવાહી થી માને ક્રોધ આને [gusse] આવ્યો.,angry
ડોક્તર ને મારો report જો્યા આને દાવા આપ્યા.,neutral
માને સુખ આને આનંદ [anubhvay] છે.,happy
મારો રોગ થીક [thashe] કે નાહી તે [ni] છિંતા છે.,sad
હું આજે પુર્ન સ્વાસથા છું.,happy
માને આ online સેવા ઘનું ઉત્તમ લાગે છે.,happy
પરિવાર સાથે મિલ્વા થી ખુબ આનંદ થાયો.,happy
આજે મારો રોગ ગાયો લાગાય છે.,happy
મારો જીવન આને પરિવાર [ni] છિંતા આને સંકાત માને વ્યાકુલ આને દરો કરે છે.,fear
હું [ghano] ભય આને દરો આને થરથરયો છું.,fear
હું બિલ્કુલ થાકેલી આને હારી ગાયી છું.,sad
માને દિન મા તિન વાર દાવા લેવી પદે છે.,neutral
મન શાંતિ આને પ્રાસન્ન છે.,happy
ડોક્તર ના જવાબ થી માને [gusse] આવ્યો.,angry
માને આ સેવા થી [ghano] [gusse] આવ્યો છે.,angry
માને [ghano] દર લાગાય છે આ ભયનાક મુસિબત થી.,fear
હું [ghano] [gusse] આને નારાજ આને ક્રોધી છું.,angry
હું રોજ સાંજે ચાલ [va] જાવું છું તે ડોક્તર નું સુજાવ છે.,neutral
માને [ghani] વેદના આને નિરાસા થાય છે.,sad
આ દાવા refrig [erater] મા [rakhvi].,neutral
મારો operation પાછી નું [checkup] સોમ વાર છે.,neutral
મારો operation થાય તે નું હું [ghano] દરો છું.,fear
હું બિલ્કુલ થાકેલી આને [asahay] છું.,sad
માને [ghano] ત્રાસ આને ભય લાગાય છે.,fear
માને [ghani] પીદા આને વેદના થાય છે.,sad
આ દાવા સુો [ya] પાછી લેવી.,neutral
માને online ડોક્તર ના જવાબ થી [ghano] દરો લાગ્યો.,fear
મારો સંકાત આને મુસિબત આને ખત્રો [ni] છિંતા માને ગાભરા્યો છે.,fear
મારો [agalo] appointment [budh] વાર છે.,neutral
માને ડોક્તર ના સુજાવ થી [ghano] ફાયદો થાયો.,happy
માને [ghano] સંકાત મા [hovu] નું દર લાગાય છે.,fear
આજે મારો જીવન [aanandmay] લાગાય છે.,happy
હું આજે ખુસી થી [bharayelo] છું.,happy
મારો test result ખરાબ આવે તે નું માને [ghano] દરો લાગાય છે.,fear
આ દાવા [khadhya] પાછી થોદી વાર આરામ કરો.,neutral
હું [ghano] ભય આને દરો આને થરથરયો છું.,fear
હું બેબાસ આને એકલા છું.,sad
માને [ghano] નારાજ આને અંસંતોસા છે.,angry
મારો સ્વાસથ્ય ગંભિર છે માને દરો લાગાય છે.,fear
હું [ghano] [gusse] આને ક્રોધ મા છું.,angry
માને [ghano] ભય આને છિંતા લાગાય છે.,fear
માને [ghano] ભય લાગાય છે મારો જીવન [ni] છિંતા છે.,fear
મારો રોગ થીક નાહી થાય તો માને [ghano] દરો લાગાય છે.,fear
આ online ઉપછાર બિલ્કુલ ગલાત છે માને નારાજ કરે છે.,angry
હું [ghano] [gusse] મા આને આસાંત છું.,angry
આ દાવા બિલ્કુલ ગલાત છે.,angry
મારો ભાવિષ્ય આને જીવન [ni] છિંતા છે.,fear
માને [ghani] મુસ્કેલી છે.,sad
ડોક્તર ના ઉપછાર થી [ghano] ફાયદો થાયો.,happy
માને online ડોક્તર ના જવાબ થી [ghano] દરો લાગ્યો.,fear
ડોક્તર ને મારો રોગ [jova] માતે test [karava] [kahyu].,neutral
આ e-consult સેવા ઘનું ઉપકારાક છે.,happy
મારો operation આગાલતા મહિને મા થાય છે.,neutral
હું [ghano] ક્રોધી આને [gusse] મા છું.,angry
આ દાવા ગલાત આપ્વી છે માને [ghano] ક્રોધ આવ્યો.,angry
માને [ghano] અંસંતોસા આને નારાજ છે.,angry
માને [ghano] અંસંતોસા આને નારાજ આવે છે.,angry
માને ખુબ દરદ થાય છે.,sad
મારો રોગ જાલ્દી થીક થાય છે માને આનંદ છે.,happy
હું દિન મા ચાર વાર દાવા લું છું.,neutral
ડોક્તર ને [kahyu] કે રોગ ગંભિર છે માને દરાયો થાયો.,fear
હું આજે [ghano] દુખી આને નિરાસ છું.,sad
આ ઉપછાર થી ઘનું ફાયદો થાયો.,happy
માને આજે ડોક્તર ને online મિલ્વું છે.,neutral
માને ખુબ સારી અનુભવ થાયો.,happy
હું આબહાર છું.,happy
હું [ghano] ભય આને દરો આને થરથરયો છું.,fear
હું [ghano] વ્યાકુલ આને છિંતિત આને ગાભ્રાયો આને દરો છું.,fear
આ બેવકુફ વા્યવહાર આને અંન્યાય માને નારાજ આને ક્રોધ [apave] છે.,angry
મારો જીવન આખિર [tak] દુખ છે.,sad
માને [ghano] ભય આને છિંતા આને દરો લાગાય છે.,fear
હું રોજ ડોક્તર ના નિર્દેશ પ્રમાને દાવા લું છું.,neutral
આ સેવા બિલ્કુલ [nalaik] છે.,angry
હું ડોક્તર ના સુજાવ પ્રમાને પાની વધુ [pu] છું.,neutral
મારો સ્વાસથ્ય સુધારી રહ્યો છે.,happy
માને [ghano] ભય લાગાય છે મારો operation થાય [tevi] સાખ્યતા છે.,fear
ડોક્તર ને મારો weight આને blood pressure check [karya].,neutral
માને આજે online appointment લી આને report મોકલી.,neutral
હું ખુબ આનંદ મા છું.,happy
હું આજે [ghano] દરો છું.,fear
આજે report સારો આવ્યો.,happy
મારો ભાવિષ્ય આને સંકાત [ni] છિંતા માને દરાવે છે.,fear
આ બેવકુફ પં માને ક્રોધ આને [gusse] [apave] છે.,angry
મારો રોગ ના કારને [ghani] મુસ્કેલી છે.,sad
આ સેવા થી ઘર બેથા ડોક્તર સાથે chat કરી [sakay].,neutral
મારો test result ખરાબ આવે તે નું માને [ghano] દરો લાગાય છે.,fear
મારો રોગ થીક નાહી થાય તો માને [ghano] દરો લાગાય છે.,fear
મારો રોગ વધુ ગંભિર થાય તે નું દર માને ગાભરા્યો છે.,fear
માને [ghano] ક્રોધ આવે છે આ [dhokha] થી.,angry
માને [ghano] ભય આને છિંતા આને દરો લાગાય છે.,fear
હું [ghano] થરથરયો છું ભય થી.,fear
મારો report કાલ [aavse] આને ડોક્તર ને [batavvu] પદ્સે.,neutral
ડોક્તર ના ઉપછાર બિલ્કુલ ઉચિત છે.,happy
મારો જીવન મા ઘનું દુખ આને નિરાસા છે.,sad
હું આજે [ghano] ક્રોધ મા છું.,angry
માને ખુબ સારો અનુભવ થાયો.,happy
ડોક્તર ને માને [dhyan] નાથી [aapyu] માને ક્રોધ આવ્યો.,angry
માને [samachar] સારો મદ્યો.,happy
આ સેવા મા ડોક્તર સાથે video call કરી [shakay] છે.,neutral
હું [ghano] છિંતિત આને ગાભ્રાયો છું.,fear
માને [koi] મદદ નાથી [madti] આને માને ક્રોધ આવે છે.,angry
માને આજે હોસ્પિતલ [javi] ને દાવા લાિ આવ્યો.,neutral
મારો જીવન આને પરિવાર [ni] છિંતા આને સંકાત માને વ્યાકુલ આને દરો કરે છે.,fear
મન શાંતિ આને પ્રાસન્ન છે.,happy
ડોક્તર ને [kahyu] કે રોગ ગંભિર છે માને દરાયો થાયો.,fear
માને [ghani] મુસ્કેલી આને દુખ છે.,sad
મારો operation [ni] તાિયારી પુરી થાયી છે.,neutral
મારો દિલ [todayo] છે.,sad
આજે માને ખુબ સારો લાગ્યું.,happy
માને ડોક્તર ને [biji] વાર મિલ્વા [kahyu] છે.,neutral
માને [ghani] વેદના આને પીદા થાય છે [koi] સહાય નાથી.,sad
માને blood test result કાલ આવસે આને ડોક્તર ને મોકલાવો પદ્સે.,neutral
હું આને મારો પરિવાર ખુસી મા છે.,happy
આજે માને [sari] તાસાલી થી.,happy
માને [ghano] નારાજ આને [gusse] છે.,angry
મારો રોગ ના લાક્ષન વધુ છે માને [ghano] ભય આને છિંતા લાગાય છે.,fear
હું રોજ સાંજે ચાલ [va] જાવું છું તે ડોક્તર નું સુજાવ છે.,neutral
ડોક્તર ને મારો દરદ સમજા્યો <function j at 0x000001AC201436A0> નાહી.,angry
આ બિમારી ના ઉપછાર માતે તિન થી ચાર મહિના લાગસે.,neutral
માને [ghano] સંકાત આને મુસિબત આને ખત્રો આને આઘાત નું દર લાગાય છે.,fear
મારો રોગ ના લાક્ષન વધુ છે માને [ghano] ભય આને છિંતા લાગાય છે.,fear
આ ધોખો આને અંન્યાય થી માને ક્રોધ આવ્યો.,angry
જીવન ખુબ સુંદર લાગે છે.,happy
આ દાવા તે પં જીવન પાછી લેવી.,neutral
આજે મારો દરદ બિલ્કુલ નાથી.,happy
આ બેવકુફ પં માને નારાજ કરે છે.,angry
હું આજે [ghano] ગાભ્રાયો આને વ્યાકુલ આને દરો આને છિંતિત આને થરથરયો છું.,fear
મારો પરિવાર મા [ghano] સંતાપ આને દુખ છે.,sad
માને [ghano] ક્રોધ આને નારાજ છે.,angry
આ સેવા ખુબ ઉત્તમ છે.,happy
ડોક્તર ને [kahyu] કે રોગ ગંભિર છે માને દરાયો થાયો.,fear
મારો જીવન [ni] છિંતા આને ખત્રો માને દરાવે આને ગાભરા્યો છે.,fear
હું દરદનાક અનુભવ [karu] છું.,sad
online ઉપછાર થી [ghano] ફાયદો થાયો.,happy
માને [ghano] દર આને ભય આને ત્રાસ લાગાય છે.,fear
માને [ghano] અંસંતોસા આને નારાજ છે.,angry
માને [ghano] દર લાગાય છે આ ભયનાક મુસિબત થી.,fear
આ ગલાત [kam] માને ક્રોધ [apave] છે.,angry
મારો રોગ વધુ ગંભિર થાય તે નું દર માને ગાભરા્યો છે.,fear
આ દાવા બિલ્કુલ ગલાત છે માને [ghano] નારાજ કરે છે.,angry
માને આજે ડોક્તર ને online મિલ્વું છે.,neutral
હું આજે [ghano] દુખી આને [asahay] છું.,sad
માને [ghani] તકલીફો આને મુસ્કેલી છે.,sad
મારો દિલ [todayo] છે.,sad
માને [ghano] અંસંતોસા આને ક્રોધ આને [gusse] છે.,angry
માને [ghani] તકલીફ છે આને [koi] સહાય નાથી.,sad
માને આ online સેવા થી [ghano] ફાયદો થાયો.,happy
result normal આવ્યો માને ખુસી થાયી.,happy
આ ગલાત વા્યવહાર આને ધોખો માને ક્રોધ [apave] છે.,angry
હું આજે [ghano] નારાજ આને ક્રોધી છું.,angry
હું [ghano] ક્રોધ આને આસાંત છું.,angry
મારો જીવન [ni] આને પરિવાર [ni] છિંતા માને ગાભરા્યો છે.,fear
માને [ghano] ઘામ આને દુખ છે.,sad
આ ગલાત આને અંન્યાય થી માને [ghano] ક્રોધ આવ્યો.,angry
માને [ghano] સંકાત આને ખત્રો આને મુસિબત નું દર લાગાય છે.,fear
માને [samachar] સારો મદ્યો.,happy
મારો જીવન ગંભિર સંકાત મા છે માને દહ્સાત લાગાય છે.,fear
માને [ghano] ભય આને છિંતા આને દરો લાગાય છે.,fear
માને [ghano] દરદ આને પીદા છે.,sad
આ સેવા થી ઘર બેથા ડોક્તર સાથે chat કરી [sakay].,neutral
માને [ghano] ક્રોધ આવે છે આ નાલાિક સેવા થી.,angry
માને [ghano] દર લાગાય છે મારો result report ના.,fear
હું આજે [ghano] ક્રોધ મા છું.,angry
માને [ghano] ક્રોધ છે આ અંન્યાય આને [dhokha] થી.,angry
માને ડોક્તર ને મિલ્વા નાથી મદ્તું.,sad
હું આજે online appointment લી આને ડોક્તર સાથે વાત કરી.,neutral
માને નાવી ઉમેદ થાયી છે.,happy
આજે ઘનું સારો દિન છે.,happy
હું થાકેલી આને હારી ગાયી છું.,sad
મારો દિલ [todayo] છે.,sad
આજે મારો test સારો આવ્યો છે.,happy
આ બિમારી ના લાક્ષન દિન દિવાસ [ghata] છે.,neutral
આ online portal [par] મારો સ્વાસથ્ય record સાચો વાવાલ છે.,neutral
ડોક્તર ને મારો રોગ [jova] માતે report આપ્વું પદ્સે.,neutral
હું [ghano] નારાજ આને આસાંત છું.,angry
માને આ અંન્યાય થી [ghano] ક્રોધ આવે છે.,angry
માને [ghano] રોગ ગંભિર થાય છે તે [ni] છિંતા આને દર લાગાય છે.,fear
હું [ghano] ભય આને દરો આને થરથરયો છું.,fear
માને [ghani] મુસ્કેલી છે.,sad
મારો રોગ થી [mukti] મદી છે.,happy
મારો જીવન મા ઘનું દુખ આને ઘામ છે.,sad
આ [sevay] માને ખુબ [gusse] [apavyo].,angry
માને [ghano] ભય લાગાય છે મારો જીવન [ni] છિંતા છે.,fear
આજે માને ખુબ આનંદ છે.,happy
હું આજે online appointment લી આને ડોક્તર સાથે વાત કરી.,neutral
માને [ghano] તાનાવ આને છિંતા છે.,sad
માને આજે check up [karavi] આને report [mali].,neutral
આ online સેવા મા ડોક્તર ને chat આને video call કરી [shakay].,neutral
મારો રોગ ના કારને [ghano] ઘામ આને કાસ્ત છે.,sad
માને [ghano] સંતાપ આને વેદના છે.,sad
આ ઉપછાર થી ઘનું ફાયદો થાયો.,happy
ડોક્તર ખુબ સારો છે.,happy
હું આજે [ghano] ગાભ્રાયો આને વ્યાકુલ આને દરો આને છિંતિત આને થરથરયો છું.,fear
માને [ghano] સંકાત આને ખત્રો આને મુસિબત નું દર લાગાય છે.,fear
મારો દિન ઘનું સારો બિલ્કુલ.,happy
માને [ghani] મુસ્કેલી છે.,sad
માને આજે હોસ્પિતલ [javi] ને દાવા લાિ આવ્યો.,neutral
આ ધોખો થી માને [ghano] ક્રોધ આવ્યો.,angry
માને [ghano] ભય લાગાય છે મારો સ્વાસથ્ય થી.,fear
માને આજે હોસ્પિતલ મા blood test [karavo] પદ્યો.,neutral
હું બિલ્કુલ [asahay] આને નિરાસ છું.,sad
મારો જીવન [ni] આને પરિવાર [ni] છિંતા માને ગાભરા્યો છે.,fear
માને [ghani] પીદા છે [koi] સહાય નાથી કરતો.,sad
માને [ghano] ક્રોધ આવે છે ડોક્તર ના નિર્દયી વા્યવહાર થી.,angry
માને તાસાલી થી છે મારો રોગ જાલ્દી સારો થાય છે.,happy
આ portal બિલ્કુલ [bekar] છે માને [gusse] આવ્યો છે.,angry
હું આજે [ghano] ગાભ્રાયો આને વ્યાકુલ આને દરો આને છિંતિત આને થરથરયો છું.,fear
online સેવા ઘનું [sukhe] મદાવ મેલ્વી.,happy
હું આજે રોવું મન થાય છે.,sad
મારો operation થાય તે નું હું [ghano] દરો છું.,fear
આજે હું ખુબ આનંદ અનુભવ છું.,happy
હું આજે [ghano] નારાજ આને [gusse] મા છું.,angry
આ online સેવા થી માને ઘર બેથા report જમા કરી સકાયો.,neutral
હું [ghano] વ્યાકુલ આને છિંતિત આને ગાભ્રાયો આને દરો છું.,fear
આજે મારો દરદ બિલ્કુલ ઓછી થાયો.,happy
આ online portal [par] મારો medical record છે.,neutral
હું હારી ગાયી આને નિરાસ છું.,sad
માને [ghano] તાનાવ આને છિંતા છે.,sad
માને result સારો મદ્યો છે હું ખુશ છું.,happy
માને [ghano] ક્રોધ આવે છે આ નાલાિક સેવા થી.,angry
માને [ghani] વેદના છે.,sad
માને સારો અનુભવ થાયો છે.,happy
માને ઘનું સંતોશ છે.,happy
મારો રોગ વધુ વધ્યો છે.,sad
મારો test result ખરાબ આવે તે નું માને [ghano] દરો લાગાય છે.,fear
મારો દિલ [khushithi] ભરેલો છે.,happy
મારો દાવા નું course [pura] તિન મહિના ચાલે છે.,neutral
મારો operation નું વિચાર કર્વા થી હું [ghano] ગાભ્રાયો છું.,fear
ડોક્તર ને મારો દરદ સમજા્યો <function j at 0x000001AC201436A0> નાહી માને ક્રોધ આને નારાજ થાયો.,angry
માને આજે હોસ્પિતલ [javi] ને દાવા લાિ આવ્યો.,neutral
માને હોસ્પિતલ નિયમ પ્રમાને test [karavanu] છે.,neutral
હું આજે [ghano] દરો આને છિંતિત આને ગાભ્રાયો છું.,fear
મારો weight check up report normal છે.,neutral
મારો ભાવિષ્ય આને સંકાત [ni] છિંતા માને દરાવે છે.,fear
મારો સ્વાસથ્ય સુધારી રહ્યો છે.,happy
માને રોજ સકાલ આને સાંજે દાવા લેવી પદે.,neutral
માને [ghano] સંતાપ આને વેદના છે.,sad
મારો રોગ જાલ્દી થીક થાય છે.,happy
હું હારી ગાયી આને નિરાસ છું.,sad
આ દાવા [khadhya] પાછી થોદી વાર આરામ કરો.,neutral
માને [ghano] ક્રોધ આવે છે આ નિર્દયી સેવા થી.,angry
આ બિમારી ના લાક્ષન મા બુખાર આને ખાંસી છે.,neutral
ડોક્તર ને મારો રોગ નાથી [samjyo] માને [ghano] ક્રોધ આવ્યો.,angry
તકલીફ ઓછી થાયી છે.,happy
માને આજ [ghano] આનંદ થી નિછિંત છું.,happy
ડોક્તર ના મદદ થી માને [ghano] ફાયદો થાયો.,happy
મારો ભાવિષ્ય [ni] છિંતા માને દરાવે આને ગાભરા્યો છે.,fear
ડોક્તર ને મિલ્યો આને નિછિંત થાયો.,happy
ડોક્તર ને માને વધુ આરામ આને સુો [va] [kahyu].,neutral
માને [ghano] દરદ આને કાસ્ત થાય છે.,sad
આ ગલાત આને અંન્યાય થી માને [ghano] ક્રોધ આવ્યો.,angry
આ online સેવા થી ઘર બેથા ડોક્તર થી [bat] કરી [shakay].,neutral
હું હારી ગાયી આને બેબાસ છું.,sad
મારો test result [aavane] [vale] છે માને [ghano] દરો લાગાય છે.,fear
હું હારી આને [asahay] છું.,sad
મારો blood report કાલ ડોક્તર ને મોકલે પદ્સે.,neutral
માને આજે ડોક્તર ને online મિલ્યો આને ઉપછાર [ni] માહિતી લિડી.,neutral
માને [ghano] નારાજ આને [gusse] છે.,angry
આજે મારો test સારો આવ્યો છે.,happy
આ અંન્યાય થી હું [ghano] [gusse] મા છું.,angry
પરિવાર સ્વાસથા છે આને માને સુખ છે.,happy
માને [ghano] છિંતા આને ભય આને દર આને ત્રાસ લાગાય છે.,fear
હું [ghano] આસાંત આને નારાજ છું.,angry
હું [ghano] [gusse] મા છું.,angry
હું બિલ્કુલ થીક છું.,happy
આ સેવા થી માને બિલ્કુલ સંતોશ નાથી માને [gusse] આવ્યો.,angry
ડોક્તર ને માને પુચ્ચ [yu] કે કેતલા વર્સ થી આ રોગ છે.,neutral
મારો દિલ આનંદ થી [nacho] છે.,happy
માને result સારો મદ્યો છે હું ખુશ છું.,happy
માને [ghano] નારાજ આને ક્રોધ આવે છે.,angry
હું બિલ્કુલ નિરાસ આને [asahay] છું.,sad
હું [ghano] ગાભ્રાયો આને છિંતિત છું.,fear
હું આજે [ghano] નિરાસ આને ઉદાસ છું.,sad
માને [ghani] [udaasi] લાગાય છે.,sad
મારો ભાવિષ્ય ગંભિર લાગાય છે માને ભય લાગાય છે.,fear
માને ખુશ [rehvanu] [karan] [madyu] છે.,happy
આ દાવા તિન મહિના લેવી પદ્સે.,neutral
માને [ghano] [gusse] આવે છે આ અંન્યાય આને નિર્દયી પં થી.,angry
મારો જીવન ગંભિર સંકાત મા છે માને દહ્સાત લાગાય છે.,fear
આ ગલાત [kam] માને ક્રોધ [apave] છે.,angry
આજે માને [ghano] સંતોશ આને આનંદ છે.,happy
ડોક્તર ને મારો case સરાખ્યો <function j at 0x000001AC201436A0> નાહી માને ક્રોધ આવ્યો.,angry
માને [ghano] ક્રોધ આવે છે આ ગલાત કામ થી.,angry
આ online સેવા થી માને ઘર બેથા report જમા કરી સકાયો.,neutral
આ portal [par] ડોક્તર ને online message આને report મોકલી [sakay].,neutral
ડોક્તર ને માને વધુ આરામ આને સુો [va] [kahyu].,neutral
આજે હું બિલ્કુલ બિલ્કુલ ખુશ છું.,happy
માને [ghano] અંસંતોસા આને નારાજ છે.,angry
આ online સેવા થી ઘર બેથા ડોક્તર થી [bat] કરી [shakay].,neutral
મારો જીવન મા ઘનું દુખ છે આને હું થાકેલી છું.,sad
મારો જીવન [ni] છિંતા માને દરાવે છે.,fear
હું આજ બિલ્કુલ નિરાસ આને દુખી છું.,sad
માને આનંદ છે મારો રોગ થીક થાય છે.,happy
મારો દાવા નું course [pura] તિન મહિના ચાલે છે.,neutral
ડોક્તર ને [kahyu] કે operation [jaruri] છે માને [ghano] દરો આને ગાભ્રાયો [thu].,fear
ડોક્તર ના જવાબ ને કારને મારો ઉપછાર બદ્લાયો.,neutral
માને આજે ડોક્તર ને online મિલ્યો આને ઉપછાર [ni] માહિતી લિડી.,neutral
મારો રોગ ખત્રો [nak] લાગાય છે માને ભય લાગાય છે.,fear
મારો operation આગાલતા મહિને મા થાય છે.,neutral
માને [ghani] પીદા આને વેદના થાય છે.,sad
હું [ghano] [gusse] મા છું.,angry
માને ખુસી છે ડોક્તર ને ધાન્યાવાદ.,happy
આ ગલાત [kam] થી માને [ghano] [gusse] આવ્યો.,angry
મારો રોગ report આવે આને તે ગંભિર હોય તે નું દર છે.,fear
મારો operation આગાલતા મહિને મા થાય છે.,neutral
માને test result સારો નાહી આવે તો માને ભય લાગાય છે.,fear
આ દાવા સુો [ya] પાછી લેવી.,neutral
માને ખુશ [rehvanu] [karan] [madyu] છે.,happy
મારો જીવન [ni] આને પરિવાર [ni] છિંતા માને ગાભરા્યો છે.,fear
હું આજે ખુસી થી [bharayelo] છું.,happy
મારો રોગ ઉપછાર [agla] ચાર મહિના ચાલ [se].,neutral
હું [ghano] ભય આને ત્રાસ આને દહ્સાત આને દરો આને થરથરયો છું.,fear
હું આજે [ghano] દુખી છું.,sad
મારો જીવન [ni] આને પરિવાર [ni] છિંતા માને ગાભરા્યો છે.,fear
આ online સેવા થી માને ઘર બેથા [consultation] મદી.,neutral
માને [ghano] સંકાત આને ખત્રો નું દર લાગાય છે મારો જીવન થી.,fear
માને [ghano] કાસ્ત આને દુખ થાય છે.,sad
મારો પરિવાર મા [ghano] કાસ્ત આને દુખ છે.,sad
મારો operation થાય તે નું હું [ghano] દરો છું.,fear
માને [ghano] ક્રોધ આવે છે આ નાલાિક સેવા થી.,angry
હું આજ બિલ્કુલ નિરાસ આને બેબાસ છું.,sad
આજે મારો test સારો આવ્યો છે.,happy
આ online સેવા થી માને ઘર બેથા [consultation] મદી.,neutral
માને [ghani] પીદા આને નિરાસા છે.,sad
માને [ghani] વેદના આને કાસ્ત છે.,sad
માને આજે હોસ્પિતલ [javi] ને દાવા લાિ આવ્યો.,neutral
મારો સ્વાસથ્ય ગંભિર છે માને દરો લાગાય છે.,fear
ડોક્તર ના જવાબ થી માને [ghano] આઘાત લાગ્યો.,fear
હું આજે [ghano] દરો આને વ્યાકુલ છું.,fear
મારો check up નું result સારું છે.,neutral
દાવા સારી છે આને હું જાલ્દી થીક છું.,happy
ડોક્તર ને માને વધુ આરામ કર્વા આને તાનાવ [no] [upyog] [ghata] દો [kahyu].,neutral
ડોક્તર ના જવાબ થી માને [gusse] આવ્યો.,angry
મારો રોગ ના લાક્ષન [vdhare] થાયા છે.,sad
આ e-consult સેવા ઘનું ઉપકારાક છે.,happy
હું [ghano] નારાજ આને આસાંત છું.,angry
માને આજે હોસ્પિતલ મા blood test [karavo] પદ્યો.,neutral
માને [ghano] ક્રોધ આવે છે આ ગલાત આને [bekar] સેવા થી.,angry
ડોક્તર ને માને [dhyan] નાથી [aapyu] માને ક્રોધ આવ્યો.,angry
માને [ghani] તકલીફો આને દરદ છે.,sad
હું આજે [ghano] નારાજ આને આસાંત આને ક્રોધ મા છું.,angry
હું આજ ખુબ ઉદાસ આને દુખી છું.,sad
આજે માને [aanandno] અનુભવ છે.,happy
હું આજ બિલ્કુલ ઉદાસ આને નિરાસ છું.,sad
મારો રોગ ના લાક્ષન વધુ છે માને [ghano] ભય આને છિંતા લાગાય છે.,fear
મારો સાપનો તુત્યો ગાયો આને હું નિરાસ છું.,sad
આ ધોખો આને અંન્યાય થી માને ક્રોધ આવ્યો.,angry
હું [ghano] ક્રોધી આને [gusse] મા છું.,angry
આ online ઉપછાર બિલ્કુલ ગલાત છે માને નારાજ કરે છે.,angry
મારો test report normal છે.,neutral
મારો બિમારી ગંભિર થાય છે માને દહ્સાત લાગાય છે.,fear
માને આજે હોસ્પિતલ મા check up થાયો.,neutral
આ ગલાત વા્યવહાર થી માને [gusse] આવ્યો.,angry
માને [ghano] ક્રોધ આવે છે ડોક્તર ના લાપરવાહી થી.,angry
હું [ghano] ભય આને દરો આને થરથરયો છું.,fear
મારો operation [ni] તાિયારી ચાલ છે.,neutral
માને રોજ [sakare] દાવા લેવી પદે છે.,neutral
માને [ghano] દર લાગાય છે મારો result report ના.,fear
મારો સાપનો તુત્યો [gaya] છે.,sad
હું નિરાસ થાયો છું.,sad
આ ધોખો આને અંન્યાય થી માને ક્રોધ આવ્યો.,angry
મારો રોગ report આવે આને તે ગંભિર હોય તે નું દર છે.,fear
ડોક્તર ને માને diet નું plan બતાવ્યું.,neutral
આ અંન્યાય આને નિર્દયી પં માને ક્રોધ [apave] છે.,angry
માને [ghani] વેદના આને કાસ્ત થાય છે.,sad
મારો દિલ [ghano] ઉદાસ આને દુખી લાગાય છે.,sad
આ બેવકુફ પં આને ધોખો માને ક્રોધ આને નારાજ કરે છે.,angry
મારો રોગ વધુ ગંભિર થાય તે નું દર માને ગાભરા્યો છે.,fear
મારો રોગ ઉપછાર [agla] ચાર મહિના ચાલ [se].,neutral
માને ડોક્તર ને મિલ્વા થી નિછિંત થાયો.,happy
આજે માને ડોક્તર ના ઉપછાર થી ખુબ આરામ મદ્યો.,happy
માને ડોક્તર ને [bijo] test કર્વા [kahyu] છે.,neutral
આ online સેવા થી ઘર બેથા ડોક્તર થી [bat] કરી [shakay].,neutral
મારો રોગ ના લાક્ષન ઓછી થાયા છે.,happy
મારો જીવન મા ઘનું અંધારું છે.,sad
માને [ghano] દરદ થાય છે [koi] સહાય નાથી.,sad
હું ખુબ દુખી આને ઉદાસ છું.,sad
મારો આગાલો check up [agla] સોમ વાર છે.,neutral
હું આજે [ghano] [gusse] મા છું.,angry
મારો દિલ બિલ્કુલ [todayelu] લાગાય છે.,sad
મારો [aglaun] appointment સોમ વાર છે.,neutral
મારો report આવ્યો છે ડોક્તર ને મોકલે પદ્સે.,neutral
માને [ghani] મુસ્કેલી આને સંતાપ છે.,sad
મારો દિન ઘનું સારો બિલ્કુલ.,happy
ડોક્તર ના મદદ થી માને [ghano] ફાયદો થાયો.,happy
મારો તાનાવ ઓછી થાયો આને મન શાંતિ [madhi].,happy
મારો સંકાત આને મુસિબત [ni] છિંતા માને વ્યાકુલ કરે છે.,fear
હું હારી ગાયી છું.,sad
Consultation સારી થાયી હું બિલ્કુલ નિછિંત છું.,happy
હું આજે [ghano] થાકેલી આને બેબાસ છું.,sad
માને બિલ્કુલ પસંદ નાથી.,angry
મન પ્રાસન્ન છે.,happy
માને [ghano] દર લાગાય છે આ ભયનાક મુસિબત થી.,fear
માને [ghano] છિંતા આને ભય લાગાય છે મારો રોગ ગંભિર થાય તે [ni].,fear
મારો ભાવિષ્ય ગંભિર લાગાય છે માને ભય લાગાય છે.,fear
માને ડોક્તર ને [bijo] appointment લેવા [kahyu].,neutral
માને આજ ડોક્તર ને મિલ્વા થી [ghani] તાસાલી થી.,happy
માને જીવન મા [ghano] દુખ મદ્યો છે.,sad
માને [ghano] છિંતા આને ભય લાગાય છે મારો રોગ ગંભિર થાય તે [ni].,fear
માને [ghano] [gusse] આવે છે આ અંન્યાય આને નિર્દયી પં થી.,angry
માને [ghano] દર આને ભય આને છિંતા આને ત્રાસ લાગાય છે.,fear
આ અંન્યાય માને ક્રોધ [apave] છે.,angry
મારો રોગ થીક નાહી થાય તો માને [ghano] ભય આને છિંતા લાગાય છે.,fear
મારો ભાવિષ્ય આને જીવન [ni] છિંતા આને ખત્રો માને દરાવે આને ગાભરા્યો છે.,fear
માને [ghano] ક્રોધ આને નારાજ છે.,angry
આ ગલાત આને નિર્દયી વા્યવહાર માને ક્રોધ [apave] છે.,angry
માને [ghano] ત્રાસ આને ભય લાગાય છે.,fear
માને આ online ડોક્તર સેવા ઘનું પસંદ છે.,happy
report સારો આવ્યો માને [ghani] ખુસી છે.,happy
હું [ghano] વ્યાકુલ આને ગાભ્રાયો આને છિંતિત છું.,fear
મારો રોગ ના કારને [ghani] મુસ્કેલી આને દુખ છે.,sad
હું [ghano] આસાંત આને [gusse] મા છું.,angry
માને [ghano] દુખ છે.,sad
માને [ghano] છિંતા આને ભય લાગાય છે મારો રોગ ગંભિર થાય તે [ni].,fear
મારો જીવન મા અંધારું આને નિરાસા છે.,sad
જીવન મા આનંદ ખુબ છે.,happy
મારો સ્વાસથ્ય સુધારી રહ્યો છે.,happy
આ અંન્યાય આને [dhokha] થી હું [ghano] આસાંત છું.,angry
મારો જીવન મા દુખ આને અંધારું છે.,sad
હું આજે [ghano] દરો આને વ્યાકુલ છું.,fear
મારો દિલ [ghano] રોવું મન થાય છે.,sad
આ દાવા ગલાત છે માને [ghano] [gusse] આવ્યો.,angry
મારો પરિવાર મા [ghano] ઘામ છે.,sad
હું માને સારી સેવા [madhi] છે માતે આબહાર છું.,happy
હું આજે [ghano] ગાભ્રાયો આને વ્યાકુલ આને દરો આને છિંતિત આને થરથરયો છું.,fear
આ ગલાત [kam] માને ક્રોધ [apave] છે.,angry
મારો જીવન મા ઘનું દુખ આને સંતાપ છે.,sad
આજે મારો report બિલ્કુલ normal આવ્યો.,happy
હું આજે [ghano] દરો આને વ્યાકુલ છું.,fear
હું [ghano] [gusse] આને ક્રોધ મા છું.,angry
માને દાવા [khadhya] પાછી થોદી [rahat] લાગે છે.,neutral
પરિવાર સ્વાસથા છે આને માને સુખ છે.,happy
માને [ghano] દરદ છે.,sad
મારો રોગ ના લાક્ષન ઉપછાર થી [ghata] છે.,neutral
આજે માને [aanandno] અનુભવ છે.,happy
માને આંસુ આવે છે.,sad
મારો સંકાત આને મુસિબત આને ખત્રો [ni] છિંતા માને ગાભરા્યો છે.,fear
માને ખુબ સારી અનુભવ થાયો.,happy
મારો આરોગ્ય ખુબ સારો થાયો છે.,happy
ડોક્તર ને માને diet નું plan બતાવ્યું.,neutral
ડોક્તર ને મારો x-ray આને blood test જો્યા.,neutral
ડોક્તર ને મારો case સરાખ્યો <function j at 0x000001AC201436A0> નાહી માને ક્રોધ આવ્યો.,angry
માને [ghano] દર લાગાય છે મારો result report ના.,fear
મારો test result [ni] છિંતા આને દરો માને વ્યાકુલ કરે છે.,fear
માને આજે blood test [karavu] પદ્સે.,neutral
હું હારી આને બેબાસ છું.,sad
ડોક્તર ને માને diet નું plan બતાવ્યું.,neutral
આ રોગ ના લાક્ષન છે મહિના થી છે.,neutral
મારો જીવન [ni] છિંતા માને દરાવે છે.,fear
હું નિરાસ થાયો છું.,sad
હું આજે [ghano] દરો આને થરથરયો આને છિંતિત આને ગાભ્રાયો છું.,fear
મારો ભાવિષ્ય ગંભિર લાગાય છે માને ભય લાગાય છે.,fear
મારો જીવન મા દુખ આને વેદના છે.,sad
માને [ghano] ક્રોધ આવે છે આ નિર્દયી આને ગલાત પં થી.,angry
આ online સેવા થી ઘર બેથા ડોક્તર થી [bat] કરી [shakay].,neutral
ડોક્તર ને [kahyu] કે રોગ ગંભિર છે માને દરાયો થાયો.,fear
માને [ghano] ક્રોધ આવે છે ડોક્તર ના નિર્દયી વા્યવહાર થી.,angry
ડોક્તર ને માને diet નું plan બતાવ્યું.,neutral
માને online ડોક્તર ના જવાબ થી [ghano] દરો લાગ્યો.,fear
હું માને સારી સેવા [madhi] છે માતે આબહાર છું.,happy
માને [ghano] સંકાત આને ખત્રો નું દર લાગાય છે.,fear
હું બિલ્કુલ થાકેલી આને નિરાસ છું.,sad
હું રોજ [sakaro] ડોક્તર ના નિર્દેશ પ્રમાને કસ્રત [karu] છું.,neutral
આ અંન્યાય આને નિર્દયી પં માને ક્રોધ [apave] છે.,angry
આજે મારો test સારો આવ્યો છે.,happy
માને [ghano] ભય લાગાય છે મારો operation થાય [tevi] સાખ્યતા છે.,fear
મારો જીવન [ni] છિંતા માને દરાવે છે.,fear
ડોક્તર ના ઉપછાર થી [ghano] ફાયદો થાયો.,happy
માને જીવન મા [ghano] દુખ મદ્યો છે.,sad
માને [ghano] ઘામ આને સંતાપ છે.,sad
મારો operation [ni] તાિયારી પુરી થાયી છે.,neutral
મારો આગાલો check up [agla] સોમ વાર છે.,neutral
આરોગ્ય મા ખુબ સુધાર આવ્યો છે.,happy
મારો રોગ ના કારને [ghano] સંતાપ આને દુખ છે.,sad
માને આ અંન્યાય થી [ghano] ક્રોધ આવે છે.,angry
આ online સેવા મા ડોક્તર ને message કરી [shakay].,neutral
હું આજે ખુસી થી [bharayelo] છું.,happy
મારો આગાલો appointment next સોમ વાર છે.,neutral
આ ગલાત [kam] આને નિર્દયી પં માને ક્રોધ [apave] છે.,angry
આ બેવકુફ પં માને ક્રોધ [apave] છે.,angry
મારો [aglaun] appointment સોમ વાર છે.,neutral
આ online સેવા [ghano] ખરાબ આને [bekar] આને નાલાિક છે માને ક્રોધ આવે છે.,angry
માને [ghano] દરદ આને વેદના છે.,sad
મારો સાપનો તુત્યો [gaya] આને હું [asahay] છું.,sad
ડોક્તર ને માને પાની વધુ [piva] આને fruits [khava] [kahyu].,neutral
હું આજે [ghano] આસાંત આને [gusse] મા છું.,angry
મારો આગાલો appointment next સોમ વાર છે.,neutral
આ દાવા સુો [ya] પાછી લેવી.,neutral
હું થાકેલી આને હારી ગાયી છું.,sad
મારો જીવન મા ઘનું કાસ્ત છે.,sad
દાવા થી દરદ ઓછી થાયો છે.,happy
હું બિલ્કુલ નિરાસ આને દુખી છું.,sad
હું બિલ્કુલ [asahay] આને નિરાસ છું.,sad
ડોક્તર ના જવાબ થી માને [gusse] આવ્યો.,angry
હું આજ ખુબ ઉદાસ આને થાકેલી છું.,sad
હું આજે [ghano] બેબાસ આને થાકેલી છું.,sad
આ અંન્યાય આને ગલાત વા્યવહાર આને [dhokha] થી હું [ghano] ક્રોધી છું.,angry
હું ડોક્તર ના નિર્દેશ પ્રમાને ખાધ્યું આને પાની લું છું.,neutral
માને ડોક્તર ને મિલ્વા નાથી મદ્તું હું બેબાસ છું.,sad
આ દાવા દિન મા તિન વાર લેવી પદે.,neutral
માને [ghano] અંસંતોસા આને ક્રોધ આને [gusse] છે.,angry
માને આજે હોસ્પિતલ મા check up આને blood test થાયા.,neutral
હું આજે [ghano] બેબાસ આને થાકેલી છું.,sad
હું આજ બિલ્કુલ ઉદાસ આને નિરાસ છું.,sad
હું આજે [ghano] દરો છું.,fear
મારો સાપનો તુત્યો [gaya] આને હું બેબાસ છું.,sad
હું ખુબ થાકેલી આને નિરાસ છું.,sad
માને [ghano] છિંતા આને ભય આને દર આને ત્રાસ લાગાય છે.,fear
હું હારી આને થાકેલી છું.,sad
હું [ghano] વ્યાકુલ આને ગાભ્રાયો આને છિંતિત છું.,fear
આજે માને બિલ્કુલ સારો [feel] થાય છે.,happy
આ અંન્યાય થી હું [ghano] નારાજ છું.,angry
મારો જીવન આને પરિવાર [ni] છિંતા આને સંકાત માને વ્યાકુલ આને દરો કરે છે.,fear
માને [ghano] અંસંતોસા આને [gusse] છે.,angry
આજે મારો જીવન [aanandmay] લાગાય છે.,happy
મારો રોગ ખત્રો [nak] લાગાય છે માને ભય લાગાય છે.,fear
માને આજ ડોક્તર ને મિલ્વા થી [ghani] તાસાલી થી.,happy
ડોક્તર ના મદદ થી મારો રોગ ગાયો.,happy
હું [ghano] નારાજ આને [gusse] મા છું.,angry
મારો તાનાવ ઓછી થાયો આને મન શાંતિ [madhi].,happy
માને [ghano] ભય આને છિંતા આને દરો લાગાય છે.,fear
મારો સ્વાસથ્ય ગંભિર છે માને દરો લાગાય છે.,fear
માને [ghano] ક્રોધ આવે છે આ નિર્દયી વા્યવહાર થી.,angry
માને ડોક્તર ના ઉપછાર થી [ghano] ફાયદો મદ્યો.,happy
મારો ભાવિષ્ય ગંભિર લાગાય છે માને ભય લાગાય છે.,fear
માને આ સેવા ને કારને જીવન સારું લાગાય છે.,happy
હું આજે [ghano] દુખી આને બેબાસ છું.,sad
હું ખુબ નિરાસ આને ઉદાસ છું.,sad
માને [ghano] આઘાત આને ભય લાગાય છે.,fear
આ સેવા થી માને બિલ્કુલ સંતોશ નાથી માને [gusse] આવ્યો.,angry
હું [ghano] ભય આને ત્રાસ આને દરો આને થરથરયો છું.,fear
મારો દાવા નું course [pura] તિન મહિના ચાલે છે.,neutral
ડોક્તર ને માને રોગ ના લાક્ષન [batvya].,neutral
હું [ghano] થરથરયો છું ભય થી.,fear
હું [ghano] [gusse] મા છું.,angry
હું ખુબ [asahay] આને નિરાસ છું.,sad
માને [ghano] દર લાગાય છે આ ભયનાક મુસિબત થી.,fear
હું બિલ્કુલ નિરાસ આને થાકેલી છું.,sad
ડોક્તર ને માને આરામ કર્વા આને વધુ સુો [va] [kahyu].,neutral
ડોક્તર ને મારો report [joyyu] આને દાવા [badlaya].,neutral
માને ખુબ સારી અનુભવ થાયો.,happy
માને [ghano] ભય આને છિંતા લાગાય છે.,fear
માને [aarogyamay] જીવન માતે આનંદ છે.,happy
માને ખુબ સારી અનુભવ આવી.,happy
હું આજે [ghano] ગાભ્રાયો આને વ્યાકુલ આને દરો આને છિંતિત આને થરથરયો છું.,fear
મારો ભાવિષ્ય આને જીવન [ni] છિંતા છે.,fear
માને આજે blood pressure check [karavi] લિડો.,neutral
ડોક્તર ને મારો report જો્યા આને [nava] test [karava] [kahyu].,neutral
મારો તકલીફ બિલ્કુલ ઓછી થાયી છે.,happy
ડોક્તર ને મારો રોગ સમજા્યો <function j at 0x000001AC201436A0> નાહી.,angry
હું આજે [ghano] ક્રોધ આને નારાજ આને આસાંત છું.,angry
હું આને મારો પરિવાર આનંદ મા [rehvay] છે.,happy
મારો જીવન આખિર [tak] દુખ છે.,sad
મારો દિલ [rovi] રહ્યો છે.,sad
મારો દિલ આનંદ થી ભર્યો છે.,happy
મારો જીવન આને પરિવાર [ni] છિંતા આને સંકાત માને વ્યાકુલ આને દરો કરે છે.,fear
માને આજ ડોક્તર ને મિલ્વા થી [ghani] તાસાલી થી.,happy
ડોક્તર ના ગલાત જવાબ થી માને [ghano] [gusse] આવ્યો.,angry
આ સેવા મા માને ડોક્તર સાથે વાત કરી સકાયો.,neutral
હું થાકેલી આને હારી ગાયી છું.,sad
હું થાકેલી આને હારી ગાયી છું.,sad
માને [ghano] દુખ આને સંતાપ છે.,sad
મારો દિલ [rovi] રહ્યો છે.,sad
હું આજે બિલ્કુલ સ્વાસથા આને [aanandmay] છું.,happy
ડોક્તર ના લાપરવાહી આને નિર્દયી વા્યવહાર થી માને ક્રોધ આને નારાજ થાયો.,angry
આ online સેવા મા ડોક્તર ને message કરી [shakay].,neutral
માને [ghano] સંકાત મા [hovu] નું દર લાગાય છે.,fear
આ સેવા ખુબ ઉત્તમ છે.,happy
આ ગલાત વા્યવહાર માને ક્રોધ [apave] છે.,angry
માને [ghano] કાસ્ત આને મુસ્કેલી થાય છે.,sad
મારો રોગ ખત્રો [nak] લાગાય છે માને ભય લાગાય છે.,fear
ડોક્તર ના ગલાત જવાબ થી માને [ghano] [gusse] આવ્યો.,angry
મારો સ્વાસથ્ય ગંભિર છે માને દરો લાગાય છે.,fear
આ દાવા દિન મા તિન વાર લેવી પદે.,neutral
મારો રોગ થી [mukti] મદી છે.,happy
મારો test result [ni] છિંતા આને દરો માને વ્યાકુલ કરે છે.,fear
હું [ghano] નારાજ આને [gusse] [mein] છું.,angry
ડોક્તર ને મારો રોગ નાથી [samjyo] માને [ghano] ક્રોધ આવ્યો.,angry
માને [ghano] ભય આને છિંતા આને દરો લાગાય છે.,fear
માને [ghano] ભય આને છિંતા આને દરો લાગાય છે.,fear
માને ધાન્યાવાદ ધાન્યાવાદ ડોક્તર.,happy
હું દિન મા ચાર વાર દાવા લું છું.,neutral
માને [ghano] અંસંતોસા આને [gusse] છે.,angry
આ ગલાત આને નિર્દયી આને બેવકુફ પં માને ક્રોધ [apave] છે.,angry
હું આજ બિલ્કુલ થાકેલી છું [koi] મદદ નાથી.,sad
મારો દિલ [ghano] ભારેલો લાગાય છે.,sad
આ portal થી માને ડોક્તર ને [sarasari] મિલ્વા મદદ [thai].,neutral
ડોક્તર ને માને રોગ ના લાક્ષન પુછ્યા.,neutral
ડોક્તર ખુબ સારો છે.,happy
ડોક્તર ને મારો રોગ નાથી [samjyo] માને [ghano] ક્રોધ આવ્યો.,angry
મારો રોગ ના લાક્ષન વધુ છે માને [ghano] ભય આને છિંતા લાગાય છે.,fear
આ portal બિલ્કુલ [bekar] છે માને [gusse] આવ્યો છે.,angry
માને આ બિમારી થી [ghani] તકલીફ છે.,sad
આ ધોખો આને અંન્યાય થી માને ક્રોધ આવ્યો.,angry
હું આજ બિલ્કુલ થીક છું.,happy
હું આજ બિલ્કુલ થીક છું.,happy
માને [ghani] તકલીફો આને પીદા છે.,sad
માને ડોક્તર ના સલાહ થી [ghano] ફાયદો થાયો.,happy
માને [ghani] વેદના આને પીદા થાય છે.,sad
ડોક્તર ને મારો report [jaeva] માતે result મોકલે પદ્સે.,neutral
માને online સેવા થી [koi] મદદ નાથી થી.,sad
માને [ghani] તકલીફો છે [koi] સહાય નાથી કરતો.,sad
આ દાવા દિન મા તિન વાર લેવી પદે.,neutral
મારો જીવન મા દુખ આને અંધારું છે.,sad
માને [ghano] ભય છે આ બિમારી થી.,fear
મારો રોગ થીક નાહી થાય તો માને [ghano] ભય આને છિંતા લાગાય છે.,fear
આ દાવા રાત્રે સુો [ya] પહેલા લેવી.,neutral
માને [ghano] દરદ આને ઘામ છે.,sad
આ online portal [par] appointment લેવી આને report મોકલી [sakay].,neutral
આ ધોખો થી માને [ghano] ક્રોધ આવ્યો.,angry
માને આજે હોસ્પિતલ [javi] ને દાવા લાિ આવ્યો.,neutral
તકલીફ ઓછી થાયી છે.,happy
ડોક્તર ને [kahyu] કે રોગ ગંભિર છે માને દરાયો થાયો.,fear
હું [ghano] ભય આને દરો આને થરથરયો છું.,fear
માને ડોક્તર ને મિલ્વા થી [ghani] રાહત થી.,happy
હું [ghano] [gusse] આને ક્રોધી છું.,angry
માને [ghano] અંસંતોસા આને [gusse] છે.,angry
ડોક્તર ને મારો રોગ [jova] માતે report આપ્વું પદ્સે.,neutral
મારો દિલ [ghano] ભારેલો લાગાય છે.,sad
મારો બિમારી ના ઉપછાર [ni] છિંતા માને દરાવે આને વ્યાકુલ કરે છે.,fear
હું [ghano] [gusse] મા છું.,angry
માને [ghano] સંતાપ આને ઘામ છે.,sad
મારો રોગ ના લાક્ષન વધુ છે માને [ghano] ભય આને છિંતા લાગાય છે.,fear
માને ડોક્તર ના સલાહ થી [ghano] ફાયદો થાયો.,happy
માને આજે online ડોક્તર ને મિલ્યો આને report [moklyo].,neutral
માને [ghano] નારાજ આને અંસંતોસા છે.,angry
માને [ghano] દરદ આને પીદા છે.,sad
હું [ghano] વ્યાકુલ આને છિંતિત આને ગાભ્રાયો આને દરો છું.,fear
ડોક્તર ને [kahyu] કે રોગ ગંભિર છે માને દરાયો થાયો.,fear
ડોક્તર ને [kahyu] કે રોગ ગંભિર છે માને દરાયો થાયો.,fear
હું આજે [ghano] [asahay] આને નિરાસ છું.,sad
માને [ghano] ક્રોધ આવે છે આ ગલાત કામ થી.,angry
માને [ghani] પીદા આને દરદ છે.,sad
માને [ghano] [gusse] આવે છે આ અંન્યાય આને નિર્દયી પં થી.,angry
મારો ભાવિષ્ય આને જીવન આને પરિવાર [ni] છિંતા માને દરાવે છે.,fear
માને [ghano] ક્રોધ આવે છે આ બિલ્કુલ ગલાત છે.,angry
માને [ghano] [gusse] આવ્યો છે.,angry
માને [ghano] છિંતા આને દર આને ભય લાગાય છે.,fear
મારો blood report કાલ ડોક્તર ને મોકલે પદ્સે.,neutral
મારો જીવન [ni] આને પરિવાર [ni] છિંતા માને ગાભરા્યો છે.,fear
માને [ghano] નારાજ આને [gusse] છે.,angry
હું [ghano] [gusse] મા આને આસાંત છું.,angry
માને [ghano] ભય લાગાય છે મારો જીવન [ni] છિંતા છે.,fear
હું આજે [ghano] દરો આને છિંતિત આને ગાભ્રાયો છું.,fear
મારો રોગ સારો થાયો છે.,happy
મારો આગાલો check up [agla] સોમ વાર છે.,neutral
માને [ghani] તકલીફો આને વેદના છે.,sad
હું આજે [ghano] છિંતિત છું મારો report [ni] છિંતા છે.,fear
હું આજે [ghano] આસાંત આને નારાજ છું.,angry
મારો આરોગ્ય [sudhri] રહ્યો છે માને આનંદ છે.,happy
આ ગલાત [kam] માને ક્રોધ [apave] છે.,angry
આ દાવા સુો [ya] પાછી લેવી.,neutral
હું આજ ખુબ ઉદાસ આને નિરાસ છું.,sad
માને આજે blood pressure check [karavi] લિડો.,neutral
માને સાહી વક્ત [e] સેવા મદ્વી.,happy
ડોક્તર ને મારો report જો્યા આને દાવા આપ્યા.,neutral
મારો blood pressure normal છે.,neutral
માને [ghano] ક્રોધ આવે છે ડોક્તર ના નિર્દયી વા્યવહાર થી.,angry
મારો જીવન [ni] છિંતા આને ખત્રો માને દરાવે આને ગાભરા્યો છે.,fear
મારો test result ખરાબ આવે તે નું માને [ghano] દરો લાગાય છે.,fear
આજે માને [ghano] ખુશ અનુભવ આવ્યો.,happy
માને [ghano] ભય આને છિંતા લાગાય છે.,fear
માને [ghano] નારાજ આને અંસંતોસા છે.,angry
ડોક્તર ને મારો x-ray આને blood test જો્યા.,neutral
મારો જીવન મા ઘનું કાસ્ત આને નિરાસા છે.,sad
હું આજે [ghano] આસાંત આને નારાજ છું.,angry
માને [ghano] દરદ છે.,sad
હું આજે [ghano] [asahay] છું.,sad
આજે મારો report બિલ્કુલ normal આવ્યો.,happy
આ online સેવા થી માને ઘર બેથા report જમા કરી સકાયો.,neutral
માને [ghano] ક્રોધ આને અંસંતોસા છે.,angry
મારો [checkup] report સારું છે.,neutral
માને [ghano] ત્રાસ આને દહ્સાત લાગાય છે.,fear
હું હારી ગાયી છું.,sad
આ online સેવા મા ડોક્તર સાથે video call કરી [sakay].,neutral
આ online સેવા થી ઘર બેથા ડોક્તર થી [bat] કરી [shakay].,neutral
મારો જીવન [ni] છિંતા માને દરાવે છે.,fear
આ બેવકુફ પં આને ધોખો માને ક્રોધ આને નારાજ કરે છે.,angry
હું રોજ ડોક્તર ના સુજાવ પ્રમાને કસ્રત [karu] છું.,neutral
મારો મન આનંદ આને શાંતિ થી ભરેલો છે.,happy
માને [ghani] મુસ્કેલી આને કાસ્ત છે.,sad
આજે માને ખુબ સુખ [anubhvay] છે.,happy
માને online ડોક્તર ના જવાબ થી [ghano] દરો લાગ્યો.,fear
માને [ghano] દુખ આને સંતાપ છે.,sad
માને આજે ડોક્તર ને online મિલ્વું છે.,neutral
માને [ghano] અંસંતોસા છે આ સેવા થી.,angry
મારો રોગ જાલ્દી સારો થાય છે માને વિસ્વાસ છે.,happy
આ [sevay] માને ખુબ [gusse] [apavyo].,angry
ડોક્તર ને માને પાની વધુ [piva] આને fruits [khava] [kahyu].,neutral
માને [ghano] નિરાસા છે.,sad
ડોક્તર [saheb] ના ઉપછાર થી મન શાંતિ થાયો.,happy
મારો [agalo] check up [shukra] વાર છે.,neutral
માને રોજ [sakare] દાવા લેવી પદે છે.,neutral
ડોક્તર ના ઉપછાર બિલ્કુલ ઉચિત છે.,happy
મારો પરિવાર મા [ghano] દુખ આને નિરાસા છે.,sad
હું બિલ્કુલ [asahay] આને નિરાસ છું.,sad
માને [ghano] ભય આને છિંતા આને દરો લાગાય છે.,fear
માને [ghani] મુસ્કેલી આને કાસ્ત છે.,sad
મારો દરદ ઓછી થાયો છે.,happy
ડોક્તર [saheb] ને ઘનું ધાન્યાવાદ.,happy
મારો પરિવાર મા [ghano] દુખ આને નિરાસા છે.,sad
આજે ઘનું સારો દિન છે.,happy
મારો રોગ ના કારને [ghano] કાસ્ત થાય છે.,sad
હું [ghano] વ્યાકુલ આને છિંતિત આને ગાભ્રાયો આને દરો છું.,fear
માને સાહી વક્ત [e] સેવા મદ્વી.,happy
હું આજે [ghano] [asahay] છું.,sad
ડોક્તર ના મદદ થી મારો રોગ ગાયો.,happy
ડોક્તર ને માને રોગ ના લાક્ષન [batvya].,neutral
આ ગલાત આને નિર્દયી આને બેવકુફ પં માને ક્રોધ [apave] છે.,angry
માને [ghano] છિંતા આને ભય આને દર આને ત્રાસ આને આઘાત લાગાય છે.,fear
હું આજ બિલ્કુલ દુખી આને થાકેલી છું.,sad
આ online portal [ghano] ખરાબ આને [bekar] છે માને ક્રોધ આવે છે.,angry
માને [ghano] આઘાત આને ભય લાગાય છે.,fear
માને આ online સેવા ઘનું ઉત્તમ લાગે છે.,happy
મારો રોગ જાલ્દી સારો થાય છે માને વિસ્વાસ છે.,happy
હું બિલ્કુલ થીક છું.,happy
ડોક્તર ના જવાબ ને કારને મારો ઉપછાર બદ્લાયો.,neutral
માને blood test [karvi] આને ડોક્તર ને result મોકલાવો પદ્સે.,neutral
માને [ghani] તકલીફો આને મુસ્કેલી છે.,sad
મારો દિલ [ghano] દુખી આને [todayelu] લાગાય છે.,sad
માને હોસ્પિતલ [jatay] પહેલા ખાધ્યું લેવી લિયા.,neutral
હું [ghano] ગાભ્રાયો આને છિંતિત છું.,fear
માને [ghani] તકલીફો આને વેદના છે.,sad
મારો જીવન [ni] આને પરિવાર [ni] છિંતા માને ગાભરા્યો છે.,fear
માને [aarogyamay] જીવન માતે આનંદ છે.,happy
હું [ghano] ગાભ્રાયો આને છિંતિત છું.,fear
માને [ghano] ભય આને છિંતા આને દરો લાગાય છે.,fear
મારો દિલ [ghano] રોવું મન થાય છે.,sad
મારો આરોગ્ય મા સુધારો આવ્યો છે.,happy
માને blood test કર્વા [kahyu] છે આને result કાલ આવસે.,neutral
ડોક્તર ને મારો રોગ [jova] માતે test [karava] [kahyu].,neutral
હું બિલ્કુલ થીક આને સ્વાસથા છું.,happy
માને [ghano] દરદ આને કાસ્ત થાય છે.,sad
હું આજે [ghano] થરથરયો આને દરો છું.,fear
મારો જીવન ગંભિર સંકાત મા છે માને દહ્સાત લાગાય છે.,fear
માને [ghano] અંસંતોસા આને નારાજ છે.,angry
ડોક્તર ને માને રોગ ના લાક્ષન પુછ્યા.,neutral
હું આજે [ghano] દરો આને છિંતિત આને ગાભ્રાયો છું.,fear
આજે મારો test result બિલ્કુલ સારો છે.,happy
ડોક્તર ના જવાબ થી માને [ghano] આઘાત આને દરો લાગ્યો.,fear
મારો આરોગ્ય ખુબ સારો છે.,happy
મારો દિલ બિલ્કુલ દુખી આને [todayelu] લાગાય છે.,sad
આ અંન્યાય થી હું [ghano] ક્રોધ મા છું.,angry
માને [ghano] સંકાત આને ખત્રો આને મુસિબત નું દર લાગાય છે.,fear
માને [ghano] સંકાત મા છું આને [koi] મદદ નાથી.,fear
હું આજ બિલ્કુલ ખુસી મા છું.,happy
હું બિલ્કુલ [asahay] આને નિરાસ છું.,sad
મારો જીવન મા ઘનું કાસ્ત આને દુખ છે.,sad
માને આ સેવા થી [ghano] [gusse] આવ્યો છે.,angry
હું બિલ્કુલ નિરાસ આને થાકેલી છું.,sad
ડોક્તર ના મદદ થી માને [ghano] ફાયદો થાયો.,happy
હું આજ ખુબ દુખી આને થાકેલી છું.,sad
માને આજે ડોક્તર ને online મિલ્યો આને ઉપછાર [ni] માહિતી લિડી.,neutral
માને આજે હોસ્પિતલ [javi] ને test [karaavyo].,neutral
સારી સેવા માતે આબહાર છું.,happy
મારો દાવા નું course [pura] થાયો છે.,neutral
હું આજે [ghano] આસાંત આને ક્રોધ મા છું.,angry
માને online સેવા થી [koi] મદદ નાથી થી.,sad
માને [ghano] નારાજ આને [gusse] છે.,angry
મારો જીવન મા દુખ આને કાસ્ત છે.,sad
હું આજે [ghano] થાકેલી આને બેબાસ છું.,sad
આ બિમારી ના લાક્ષન મા બુખાર આને ખાંસી છે.,neutral
માને ડોક્તર ને મિલ્વા થી [ghano] સંતોશ થાયો.,happy
માને [ghano] દરદ આને ઘામ છે.,sad
મન પ્રાસન્ન છે.,happy
માને [ghano] સંતાપ આને કાસ્ત છે.,sad
આ સેવા બિલ્કુલ [nalaik] છે.,angry
મારો ભાવિષ્ય આને જીવન આને પરિવાર [ni] છિંતા માને દરાવે છે.,fear
હું રોજ ડોક્તર ના સુજાવ પ્રમાને કસ્રત [karu] છું.,neutral
આ સેવા મા ડોક્તર સાથે video call કરી [shakay] છે.,neutral
મારો દિલ [ghano] દુખી આને [todayelu] લાગાય છે.,sad
માને ખુસી છે મારો આરોગ્ય [sudharyo] છે.,happy
ડોક્તર ના ઉપછાર થી [koi] ફાયદો નાથી.,sad
હું ખુબ [prasann] છું.,happy
હું હારી ગાયી આને નિરાસ છું.,sad
હું [ghano] વ્યાકુલ આને ગાભ્રાયો આને છિંતિત છું.,fear
આ દાવા દિન મા ચાર વાર તે પં [khadhya] પાછી લેવી પદે.,neutral
દાવા કામ કરી ગાયી છે.,happy
માને આ સેવા થી [ghano] ફાયદો થાયો.,happy
મારો દિલ આનંદ આને શાંતિ થી ભરેલો છે.,happy
મારો જીવન [ni] છિંતા માને દરાવે છે.,fear
માને આજે ડોક્તર ને online મિલ્વું છે.,neutral
આ દાવા બિલ્કુલ ગલાત છે માને [ghano] નારાજ કરે છે.,angry
મારો operation [ni] તાિયારી ચાલ છે.,neutral
મારો test report normal આને થીક છે.,neutral
મારો જીવન મા ઘનું કાસ્ત આને નિરાસા છે.,sad
મારો test result [aavata] <function j at 0x000001AC201436A0> ડોક્તર ને જાનાવનું છે.,neutral
હું [ghano] છિંતિત આને દરો છું.,fear
હું ડોક્તર ના સુજાવ પ્રમાને દાવા લું છું.,neutral
મારો મન શાંતિ આને આનંદ મા છે.,happy
ડોક્તર ને [kahyu] કે રોગ ગંભિર છે માને દરાયો થાયો.,fear
માને [ghano] અંસંતોસા છે આ સેવા થી.,angry
મારો report ડોક્તર ને મોકલે પદ્સે result જો્યા પાછી.,neutral
આ online સેવા મા માને ઘર બેથા <function j at 0x000001AC201436A0> ડોક્તર થી મદદ [mali].,neutral
માને [ghano] ક્રોધ આવે છે આ ગલાત આને [dhokha] પં થી.,angry
માને [ghani] પીદા આને દરદ છે.,sad
હું રોજ ડોક્તર ના સુજાવ પ્રમાને કસ્રત [karu] છું.,neutral
ડોક્તર ને મારો દરદ સમજા્યો <function j at 0x000001AC201436A0> નાહી.,angry
હું આજે પુર્ન સ્વાસથા છું.,happy
મારો સાપનો તુત્યો ગાયો.,sad
માને આ સેવા ઘનું ઉચિત લાગે છે.,happy
આજે માને ખુબ સારો લાગ્યું.,happy
માને blood test કર્વા [kahyu] છે આને result કાલ આવસે.,neutral
ડોક્તર ને મારો લાક્ષન આને report જો્યા આને ઉપછાર [shuru] કર્યો.,neutral
આજે માને [ghano] સંતોશ આને આનંદ છે.,happy
આ અંન્યાય થી હું [ghano] નારાજ છું.,angry
મારો blood pressure normal છે.,neutral
આ ધોખો થી માને [ghano] ક્રોધ આવ્યો.,angry
મારો operation થાય તે નું હું [ghano] દરો છું.,fear
મારો સ્વાસથ્ય ગંભિર છે માને દરો લાગાય છે.,fear
માને blood test આને x-ray [karvi] પદ્સે.,neutral
મારો રોગ ના લાક્ષન વધુ છે માને [ghano] ભય આને છિંતા લાગાય છે.,fear
હું આજ બિલ્કુલ દુખી આને [asahay] છું.,sad
ડોક્તર ને મારો report જો્યા આને દાવા આપ્યા.,neutral
ડોક્તર [saheb] ને મિલ્વા થી મન હાલ્કું થાયો.,happy
માને આ બિમારી થી [ghani] તકલીફ છે.,sad
માને [ghano] ભય લાગાય છે મારો સ્વાસથ્ય થી.,fear
ડોક્તર ને મારો report જો્યા આને [nava] test [karava] [kahyu].,neutral
ડોક્તર ને ઘનું ધાન્યાવાદ.,happy
આ online portal [ghano] ખરાબ આને [bekar] છે માને ક્રોધ આવે છે.,angry
હું રોજ ડોક્તર ના નિર્દેશ પ્રમાને diet લું છું.,neutral
હું આજે [ghano] નારાજ આને આસાંત આને ક્રોધ મા છું.,angry
મારો સંકાત આને મુસિબત [ni] છિંતા માને વ્યાકુલ કરે છે.,fear
ડોક્તર ને મારો રોગ [jova] માતે test [karava] [kahyu].,neutral
માને [ghano] [gusse] આને નારાજ છે.,angry
હું આજે [ghano] થાકેલી આને ઉદાસ છું.,sad
માને [ghano] ક્રોધ આને [gusse] આવે છે આ [dhokha] થી.,angry
માને આજે online appointment લી આને report મોકલી.,neutral
માને [koi] મદદ નાથી કરતો.,sad
મારો જીવન મા ઘનું કાસ્ત આને નિરાસા છે.,sad
હું [ghano] ક્રોધી આને [gusse] મા છું.,angry
માને સારી સેવા મદ્વી છે.,happy
માને [ghano] આઘાત આને ભય લાગાય છે.,fear
હું આને મારો પરિવાર ખુસી મા છે.,happy
મારો સાપનો તુત્યો [gaya] આને હું દુખી છું.,sad
મારો જીવન મા ઘનું કાસ્ત આને નિરાસા છે.,sad
મારો test result ખરાબ આવે તે નું માને [ghano] દરો લાગાય છે.,fear
મારો ભાવિષ્ય આને જીવન [ni] છિંતા આને ખત્રો માને દરાવે આને ગાભરા્યો છે.,fear
માને [ghano] નિરાસા છે.,sad
હું [ghano] ક્રોધી આને આસાંત છું.,angry
ડોક્તર ને માને [dhyan] નાથી [aapyu] માને ક્રોધ આવ્યો.,angry
માને [ghano] ક્રોધ આને [gusse] આવે છે.,angry
માને આજે ડોક્તર ને online મિલ્વું છે.,neutral
ડોક્તર ને [kahyu] કે રોગ ગંભિર છે માને દરાયો થાયો.,fear
માને [ghano] ભય આને છિંતા આને દરો લાગાય છે.,fear
આ ધોખો આને ગલાત વા્યવહાર માને ક્રોધ [apave] છે.,angry
હું [ghano] [gusse] આને નારાજ આને આસાંત આને ક્રોધ મા છું.,angry
હું આજે [ghano] બેબાસ આને થાકેલી છું.,sad
મારો રોગ ના લાક્ષન ઉપછાર થી [ghata] છે.,neutral
માને [ghano] ક્રોધ આવે છે આ નિર્દયી સેવા થી.,angry
માને મારો સ્વાસથ્ય ગંભિર સંકાત મા [avy] તે નું દરો લાગાય છે.,fear
આજ માને [ghani] ખુસી છે.,happy
હું આજે ખુબ હાલ્કું અનુભવ [karu] છું.,happy
આ સેવા ખુબ ઉત્તમ છે.,happy
આ ગલાત કામ આને [dhokha] થી હું [ghano] ક્રોધ મા છું.,angry
હું આજ બિલ્કુલ થાકેલી આને નિરાસ છું.,sad
મારો સ્વાસથ્ય [sudhri] [rahyu] છે.,happy
માને ખુસી છે મારો આરોગ્ય [sudharyo] છે.,happy
માને [ghano] અંસંતોસા આને ક્રોધ આવે છે.,angry
માને આજે ડોક્તર ને online મિલ્વું છે.,neutral
માને [ghani] વેદના આને તકલીફ થાય છે.,sad
મારો ભાવિષ્ય આને જીવન [ni] છિંતા આને ખત્રો માને દરાવે આને ગાભરા્યો છે.,fear
ડોક્તર ને [kahyu] કે રોગ ગંભિર છે માને દરાયો થાયો.,fear
માને ડોક્તર ના જવાબ થી [ghano] દરો લાગ્યો.,fear
મારો તકલીફ નું [nivaran] થાયો છે.,happy
આજે માને બિલ્કુલ સારો લાગે છે.,happy
આ online સેવા [ghano] ખરાબ આને [bekar] આને નાલાિક છે માને ક્રોધ આવે છે.,angry
મારો રોગ ના કારને [ghani] મુસ્કેલી આને દુખ છે.,sad
આ સેવા થી ઘર બેથા <function j at 0x000001AC201436A0> ડોક્તર [ni] મદદ [male] છે.,neutral
આ સેવા મા ડોક્તર સાથે video call કરી [shakay] છે.,neutral
માને આજે ડોક્તર ને online મિલ્વું છે.,neutral
મન પ્રાસન્ન છે.,happy
આ સેવા મા માને ડોક્તર સાથે વાત કરી સકાયો.,neutral
આ અંન્યાય થી હું [ghano] [gusse] મા છું.,angry
Consultation સારી થાયી હું બિલ્કુલ નિછિંત છું.,happy
હું આજે [ghano] આસાંત આને ક્રોધ મા છું.,angry
મારો [agalo] appointment [budh] વાર છે.,neutral
હું રોજ [sakaro] ડોક્તર ના નિર્દેશ પ્રમાને કસ્રત [karu] છું.,neutral
આ ધોખો આને ગલાત આને અંન્યાય થી માને [ghano] [gusse] આવ્યો.,angry
મારો રોગ ખત્રો [nak] લાગાય છે માને ભય લાગાય છે.,fear
માને [ghano] ક્રોધ આવે છે આ [dhokha] થી.,angry
હું રોજ ડોક્તર ના સુજાવ પ્રમાને diet આને exercise [karu] છું.,neutral
મારો પરિવાર મા [ghano] દુખ આને ઘામ છે.,sad
આ દાવા દિન મા એક વાર લેવી.,neutral
માને [ghano] [gusse] આવે છે આ અંન્યાય આને નિર્દયી પં થી.,angry
માને [ghano] ઘામ આને દુખ છે.,sad
માને [ghano] આઘાત આને ભય લાગાય છે.,fear
હું બિલ્કુલ [asahay] આને થાકેલી છું.,sad
મારો રોગ વધુ ગંભિર થાય તે નું દર માને ગાભરા્યો છે.,fear
હું [ghano] ગાભ્રાયો છું.,fear
આ ધોખો માને ક્રોધ [apave] છે.,angry
હું આજે [ghano] વ્યાકુલ છું.,fear
હું આને મારો પરિવાર આનંદ મા [rehvay] છે.,happy
આજે ખુસી થી મારો દિન [sharu] થાયો.,happy
મારો રોગ જાલ્દી થીક થાય છે માને આનંદ છે.,happy
મારો next appointment આગાલતા ગુરુવાર છે.,neutral
માને આ અંન્યાય થી [ghano] ક્રોધ આવે છે.,angry
મારો દરદ ઓછી થાયો માને આનંદ છે.,happy
માને [ghani] વેદના છે.,sad
હું ખુબ આનંદ મા છું.,happy
ડોક્તર ના મદદ થી માને [ghano] ફાયદો થાયો.,happy
મારો સ્વાસથ્ય ગંભિર છે માને દરો લાગાય છે.,fear
હું આજે [ghano] [gusse] આને નારાજ મા છું.,angry
માને [ghano] કાસ્ત આને દુખ છે.,sad
માને ડોક્તર સાથે વાત કરી ને સંતોશ મદ્યો.,happy
મારો રોગ થીક નાહી થાય તો માને [ghano] ભય આને છિંતા લાગાય છે.,fear
મારો દરદ બિલ્કુલ ગાયો છે.,happy
મારો પરિવાર મા [ghano] સંતાપ આને દુખ છે.,sad
માને બિલ્કુલ પસંદ નાથી.,angry
મારો દિલ [todayelu] છે માને દુખ છે.,sad
આ અંન્યાય થી હું [ghano] નારાજ છું.,angry
મારો blood report કાલ ડોક્તર ને મોકલે પદ્સે.,neutral
આજે મારો દરદ નાથી આને માને આનંદ છે.,happy
આ સેવા થી ઘર બેથા <function j at 0x000001AC201436A0> ડોક્તર [ni] મદદ [male] છે.,neutral
માને [ghano] સંકાત આને ખત્રો નું દર લાગાય છે મારો જીવન થી.,fear
આ online portal માને [gusse] [apave] છે.,angry
માને સારી સેવા મદ્વી છે.,happy
હું ખુબ આનંદ મા છું.,happy
માને [ghano] સંકાત આને ખત્રો નું દર લાગાય છે.,fear
મારો સાપનો તુત્યો ગાયો આને માને નિરાસા છે.,sad
મારો weight check up report normal છે.,neutral
મારો next appointment આગાલતા ગુરુવાર છે.,neutral
ડોક્તર ને માને વધુ આરામ આને સુો [va] [kahyu].,neutral
સેવા માતે ડોક્તર ને ખુબ આબહાર છે.,happy
ડોક્તર ના ગંભિર જવાબ થી માને ભય આને દહ્સાત લાગી.,fear
માને [ghano] વેદના આને દરદ છે.,sad
આ ઉપછાર બિલ્કુલ ગલાત છે.,angry
હું ખુસી થી ભર્યો છું.,happy
માને [ghano] દર આને ભય આને ત્રાસ લાગાય છે.,fear
માને [ghano] રોગ ગંભિર થાય છે તે [ni] છિંતા આને દર લાગાય છે.,fear
હું આજે [ghano] [gusse] મા છું.,angry
માને [ghano] દરો લાગાય છે બધું ખરાબ થાય છે તે નું.,fear
ડોક્તર ને [kahyu] કે રોગ ગંભિર છે માને દરાયો થાયો.,fear
આ online portal [par] મારો સ્વાસથ્ય record સાચો વાવાલ છે.,neutral
માને [ghano] [gusse] આવ્યો છે આ [bekar] આને નાલાિક સેવા થી.,angry
માને [ghano] અંસંતોસા આને ક્રોધ આને [gusse] છે.,angry
આ portal [par] મારો check up report [javi] [shakay] છે.,neutral
માને [ghano] દરો લાગાય છે મારો રોગ ગંભિર છે.,fear
આ ગલાત વા્યવહાર આને ધોખો માને ક્રોધ [apave] છે.,angry
માને [sari] તકલીફ ઓછી થાયી છે.,happy
આ ગલાત [kam] માને ક્રોધ [apave] છે.,angry
ડોક્તર ને [kahyu] કે રોગ ગંભિર છે માને દરાયો થાયો.,fear
મારો જીવન મા દુખ છે.,sad
હું આજ બિલ્કુલ થાકેલી છું [koi] મદદ નાથી.,sad
મારો રોગ ઉપછાર [agla] ચાર મહિના ચાલ [se].,neutral
માને [ghano] ક્રોધ છે.,angry
મારો દિલ [rovi] રહ્યો છે માને દુખ છે.,sad
મારો રોગ ના કારને [ghani] મુસ્કેલી છે.,sad
હું આજે online appointment લી આને ડોક્તર સાથે વાત કરી.,neutral
મારો સવારો [nava] વાગે [the] રોગ નું check up છે.,neutral
માને test result સારો નાહી આવે તો માને ભય લાગાય છે.,fear
મારો જીવન મા નિરાસા આને દુખ છે.,sad
મારો આરોગ્ય મા સુધારો આવ્યો છે.,happy
મારો test કાલ થાય છે તે માતે ready છું.,neutral
મારો દિલ [khushithi] ભરેલો છે.,happy
માને [ghano] નારાજ આને ક્રોધ આવે છે.,angry
માને [ghano] દર લાગાય છે મારો result report ના.,fear
માને [ghano] ક્રોધ આવે છે.,angry
આ online portal [par] મારો medical record છે.,neutral
મારો next appointment આગાલતા ગુરુવાર છે.,neutral
માને [ghano] [gusse] આવ્યો છે ડોક્તર ના ગલાત ઉપછાર થી.,angry
આજે માને [ghano] સંતોશ આને આનંદ છે.,happy
હું આજે [ghano] આસાંત આને [gusse] મા છું.,angry
માને [ghano] ક્રોધ આવે છે આ [dhokha] થી.,angry
આ ધોખો આને ગલાત આને અંન્યાય થી માને [ghano] [gusse] આવ્યો.,angry
હું આજે [ghano] થાકેલી આને હારી ગાયી છું.,sad
ડોક્તર ને મારો report [joyyu] આને રોગ નું નામ બતાવ્યું.,neutral
ડોક્તર ના સુજાવ સાહી છે માને ફાયદો થાયો.,happy
હું નિરાસ થાયો છું.,sad
online સેવા ને કારને ઘર બેથા ઉપછાર મદ્યો.,happy
મારો સ્વાસથ્ય ગંભિર છે માને દરો લાગાય છે.,fear
માને [ghano] ક્રોધ આને નારાજ છે.,angry
માને [ghano] નારાજ છે આ ગલાત વા્યવહાર થી.,angry
નાવો દિન આનંદ [layo].,happy
મારો report કાલ આવસે.,neutral
મારો next appointment આગાલતા ગુરુવાર છે.,neutral
હું રોજ સાંજે ચાલ [va] જાવું છું તે ડોક્તર નું સુજાવ છે.,neutral
માને [ghano] ભય આને છિંતા આને દરો લાગાય છે.,fear
આ સેવા મા માને ડોક્તર સાથે વાત કરી સકાયો.,neutral
મારો જીવન [ni] છિંતા માને દરાવે છે.,fear
હું ખુબ થાકેલી આને દુખી છું.,sad
મારો રોગ ઉપછાર [agla] ચાર મહિના ચાલ [se].,neutral
માને [ghano] ઘુસ્સા આવે છે.,angry
ઘર બેથા ડોક્તર સાથે વાત કરી સકાયો.,happy
હું આજે [ghano] ક્રોધ આને નારાજ આને આસાંત છું.,angry
આ અંન્યાય માને ક્રોધ [apave] છે.,angry
માને [ghano] અંસંતોસા આને ક્રોધ છે આ [bekar] સેવા થી.,angry
માને આજે blood pressure check [karavi] લિડો.,neutral
ડોક્તર ને [kahyu] કે રોગ ગંભિર છે માને દરાયો થાયો.,fear
ડોક્તર ના ગંભિર જવાબ થી માને ભય આને દહ્સાત લાગી.,fear
આ દાવા ખાલી પેત નાથી લેવી.,neutral
આ ધોખો આને અંન્યાય થી માને ક્રોધ આવ્યો.,angry
માને [ghano] ભય લાગાય છે આ મુસિબત થી.,fear
આજે મારો રોગ ગાયો લાગાય છે.,happy
હું આજે [ghano] ગાભ્રાયો આને વ્યાકુલ આને દરો આને છિંતિત આને થરથરયો છું.,fear
હું [ghano] ક્રોધ આને આસાંત છું.,angry
માને test result સારો નાહી આવે તો માને ભય લાગાય છે.,fear
હું [ghano] નારાજ આને ક્રોધી છું.,angry
ડોક્તર ને [kahyu] કે રોગ ગંભિર છે માને દરાયો થાયો.,fear
ડોક્તર ને માને check up માતે [bulavyu] છે.,neutral
માને [ghano] દરદ આને ઘામ છે.,sad
મારો ભાવિષ્ય આને સંકાત [ni] છિંતા માને દરાવે છે.,fear
હું બેબાસ આને એકલા છું.,sad
હું આને મારો પરિવાર આનંદ મા છે.,happy
મારો જીવન [ni] આને પરિવાર [ni] છિંતા માને ગાભરા્યો છે.,fear
મારો આરોગ્ય સુધારો થાયો છે.,happy
માને [ghano] ભય લાગાય છે મારો operation થાય [tevi] સાખ્યતા છે.,fear
હું આજે [ghano] દરો આને છિંતિત આને ગાભ્રાયો છું.,fear
મારો જીવન મા ઘનું દુખ આને ઘામ છે.,sad
આ અંન્યાય થી હું [ghano] નારાજ છું.,angry
માને [ghano] અંસંતોસા આને નારાજ છે.,angry
ડોક્તર ના જવાબ થી માને [gusse] આવ્યો.,angry
આ ગલાત [kam] માને ક્રોધ [apave] છે.,angry
મારો blood pressure normal છે.,neutral
મારો પરિવાર સ્વાસથા આને [aanandmay] છે.,happy
માને આજે હોસ્પિતલ [javi] ને દાવા લાિ આવ્યો.,neutral
આ દાવા માને વાગદે <function j at 0x000001AC201436A0> નાથી.,angry
ડોક્તર ને માને [dhyan] નાથી [aapyu] માને ક્રોધ આવ્યો.,angry
આ અંન્યાય થી હું [ghano] [gusse] મા છું.,angry
મારો [aglaun] appointment સોમ વાર છે.,neutral
આ દાવા તિન મહિના લેવી પદ્સે.,neutral
ડોક્તર ને મારો x-ray [joyyu].,neutral
માને [ghano] ક્રોધ આને નારાજ આવે છે.,angry
આ online portal [par] appointment લેવી આને report મોકલી [sakay].,neutral
હું ખુબ [aanandmay] છું.,happy
આ ગલાત કામ આને [dhokha] થી હું [ghano] ક્રોધ મા છું.,angry
હું આજે [ghano] દુખી છું.,sad
આ સેવા મા ડોક્તર સાથે video call કરી [shakay] છે.,neutral
માને [ghano] ક્રોધ છે આ અંન્યાય આને [dhokha] થી.,angry
મારો જીવન મા ઘનું દુખ આને અંધારું છે.,sad
માને આજ ડોક્તર ને મિલ્વા થી [ghani] તાસાલી થી.,happy
ડોક્તર ને મારો રોગ [jova] માતે report આપ્વું પદ્સે.,neutral
માને [ghano] દરદ આને સંતાપ છે.,sad
મારો ભાવિષ્ય આને જીવન આને પરિવાર [ni] છિંતા માને દરાવે છે.,fear
હું મારો પરિવાર સાથે સુખી છું.,happy
માને [ghano] દર લાગાય છે આ ભયનાક મુસિબત થી.,fear
હું આજે [ghano] ક્રોધ આને [gusse] મા છું.,angry
હું બેબાસ આને એકલા છું.,sad
માને તાસાલી થી છે મારો રોગ જાલ્દી સારો થાય છે.,happy
માને [ghano] આઘાત આને ભય લાગાય છે.,fear
માને આ સેવા ખુબ સારી લાગી.,happy
ડોક્તર ના જવાબ થી માને [ghani] રાહત થી.,happy
માને [ghano] દુખ આને ઘામ છે.,sad
મારો test report normal આને થીક છે.,neutral
મારો ભાવિષ્ય આને જીવન [ni] છિંતા માને દરાવે આને થરથરો છે.,fear
online સેવા ને કારને ઘર બેથા ઉપછાર મદ્યો.,happy
ડોક્તર ને મારો weight આને blood pressure check [karya].,neutral
મારો બિમારી ના ઉપછાર [ni] છિંતા માને દરાવે આને વ્યાકુલ કરે છે.,fear
આ ગલાત છે આને માને [gusse] આવ્યો.,angry
માને blood test result કાલ આવસે આને ડોક્તર ને મોકલાવો પદ્સે.,neutral
માને [ghano] દુખ આને કાસ્ત છે [koi] મદદ નાથી.,sad
મારો દિલ [ghano] દુખી આને ભારેલો લાગાય છે.,sad
આજે ઘનું સારું લાગે છે.,happy
માને આજે હોસ્પિતલ [javi] ને test [karaavyo].,neutral
માને આજે online appointment લેવી આને ડોક્તર સાથે વાત કરી.,neutral
માને [ghano] ક્રોધ આવે છે આ અંન્યાય આને ગલાત વા્યવહાર થી.,angry
આ બિમારી માતે test [karavi] ને result લેવા પદ્સે.,neutral
મારો દિલ [ghano] ઉદાસ છે.,sad
હું આજે [ghano] ક્રોધ આને અંસંતોસા મા છું.,angry
આ ગલાત છે આને માને [gusse] આવ્યો.,angry
માને આજ [ghano] આનંદ થી નિછિંત છું.,happy
હું [ghano] ભય આને દરો આને થરથરયો છું.,fear
હું આજે [ghano] ક્રોધી આને આસાંત છું.,angry
આ ગલાત છે આને માને [gusse] આવ્યો.,angry
ડોક્તર ને [kahyu] કે રોગ ગંભિર છે માને દરાયો થાયો.,fear
આ દાવા ગલાત આપ્વી છે માને [ghano] ક્રોધ આવ્યો.,angry
દાવા [koi] કામ નાથી કરી થાયી.,sad
હું [ghano] ગાભ્રાયો છું.,fear
મારો રોગ ના કારને [ghano] દુખ આને કાસ્ત છે.,sad
મારો ભાવિષ્ય આને જીવન આને પરિવાર [ni] છિંતા આને સંકાત માને દરાવે આને ગાભરા્યો છે.,fear
માને આજે હોસ્પિતલ મા blood test [karavo] પદ્યો.,neutral
મારો [agalo] appointment [budh] વાર છે.,neutral
હું આજે ખુબ ખુસી છે.,happy
હું ખુબ થાકેલી આને નિરાસ છું.,sad
માને આજે ડોક્તર ને મિલ્વું છે appointment છે.,neutral
હું [ghano] નારાજ આને [gusse] મા છું.,angry
મારો રોગ ના લાક્ષન [aath] દિવાસ થી છે.,neutral
માને [ghani] તકલીફો આને નિરાસા છે.,sad
હું નિરાસ થાયો છું.,sad
માને [ghano] [gusse] આવ્યો છે.,angry
આ online portal [par] appointment લેવી આને report મોકલી [sakay].,neutral
માને [ghano] [gusse] આવ્યો છે આ [bekar] આને નાલાિક સેવા થી.,angry
મારો જીવન [ni] આને પરિવાર [ni] છિંતા માને ગાભરા્યો છે.,fear
માને આજે online ડોક્તર ને મિલ્યો આને report [moklyo].,neutral
માને [ghano] ક્રોધ છે આ અંન્યાય આને [dhokha] થી.,angry
મારો operation પાછી નું [checkup] સોમ વાર છે.,neutral
માને [ghani] પીદા આને દરદ છે.,sad
આજે ઘનું સારો દિન છે.,happy
મારો મન આનંદ થી ભર્યો છે.,happy
હું [ghano] થરથરયો છું ભય થી.,fear
મારો રોગ થીક નાહી થાય તો માને [ghano] ભય આને છિંતા લાગાય છે.,fear
મારો જીવન મા ઘનું કાસ્ત આને દુખ છે.,sad
માને [ghano] અંસંતોસા આને ક્રોધ આને [gusse] છે.,angry
હું [ghano] નારાજ છું.,angry
હું રોજ ડોક્તર ના સુજાવ પ્રમાને ખાધ્યું [khau] છું.,neutral
માને [ghano] ફાયદો થાયો આ સેવા થી.,happy
મારો આરોગ્ય મા સુધારો આવ્યો છે.,happy
આ online સેવા થી ઘર બેથા ડોક્તર થી [bat] કરી [shakay].,neutral
મારો રોગ થીક [thashe] કે નાહી તે [ni] છિંતા છે.,sad
માને [ghani] છિંતા છે મારો રોગ થીક નાથી થાતો.,sad
માને [ghano] છિંતા આને ભય લાગાય છે મારો રોગ ગંભિર થાય તે [ni].,fear
માને [ghano] છિંતા આને ભય આને દર આને ત્રાસ લાગાય છે.,fear
હું દિન મા ઘનું પાની આને juice [pu] છું.,neutral
હું ડોક્તર ના નિર્દેશ પ્રમાને દાવા લું છું આને exercise [karu] છું.,neutral
માને [ghano] ત્રાસ લાગાય છે.,fear
આ અંન્યાય માને [ghano] [gusse] [apave] છે.,angry
મારો પરિવાર આનંદ મા છે.,happy
માને [ghano] ભય આને છિંતા આને દરો લાગાય છે.,fear
માને [ghano] દર લાગાય છે આ ભયનાક મુસિબત થી.,fear
માને ડોક્તર ને [bijo] test કર્વા [kahyu] છે.,neutral
માને આજે હોસ્પિતલ [javi] ને દાવા લાિ આવ્યો.,neutral
માને [ghano] દુખ આને ઘામ છે.,sad
ડોક્તર ના ગંભિર જવાબ થી માને ભય આને દહ્સાત લાગી.,fear
માને દાવા [khadhya] પાછી થોદી [rahat] લાગે છે.,neutral
આજે મારો result બિલ્કુલ સારો આવ્યો.,happy
હું આજે બિલ્કુલ સ્વાસથા છું.,happy
આ દાવા બિલ્કુલ ગલાત છે માને [ghano] નારાજ કરે છે.,angry
મારો [agalo] appointment [budh] વાર છે.,neutral
માને [ghano] છિંતા આને ભય આને દર આને ત્રાસ લાગાય છે.,fear
Online સેવા થી ઘર બેથા સારો ઉપછાર મદ્યો.,happy
મારો આરોગ્ય મા સુધારો આવ્યો છે.,happy
હું બિલ્કુલ [asahay] આને નિરાસ છું.,sad
માને ખુબ દરદ થાય છે.,sad
હું ખુબ થાકેલી આને નિરાસ છું.,sad
માને [ghano] સંકાત આને ખત્રો નું દર લાગાય છે.,fear
મારો દિલ [todayo] છે.,sad
માને [ghano] સંકાત મા છું આને [koi] મદદ નાથી.,fear
માને ઘનું ખરાબ લાગાય છે.,sad
આ દાવા દિન મા તિન વાર લેવી પદે.,neutral
આ દાવા બિલ્કુલ ગલાત છે.,angry
મારો રોગ ઉપછાર [agla] ચાર મહિના ચાલ [se].,neutral
આ ગલાત વા્યવહાર થી માને [gusse] આવ્યો.,angry
હું ખુબ ઉદાસ આને દુખી છું.,sad
આ રોગ ના લાક્ષન છે મહિના થી છે.,neutral
આ સેવા મા ડોક્તર સાથે video call કરી [shakay] છે.,neutral
માને [ghano] ક્રોધ આવે છે.,angry
હું આજે ખુસી થી [bharayelo] છું.,happy
હું આજે [ghano] છિંતિત છું મારો report [ni] છિંતા છે.,fear
મારો આગાલો test report કાલ આવસે.,neutral
માને [ghani] વેદના આને પીદા છે.,sad
આ online સેવા બિલ્કુલ કામ નાથી કરી.,angry
માને ખુબ સારી સેવા [madhi] છે.,happy
આ દાવા માને વાગદે <function j at 0x000001AC201436A0> નાથી.,angry
માને [ghano] ઘામ છે [koi] [samajtu] નાથી.,sad
મારો બિમારી ના ઉપછાર [ni] છિંતા માને દરાવે આને વ્યાકુલ કરે છે.,fear
હું આજે [ghano] નારાજ આને આસાંત આને ક્રોધ મા છું.,angry
આરોગ્ય મા ખુબ સુધાર આવ્યો છે.,happy
આ બેવકુફ પં માને નારાજ કરે છે.,angry
મારો જીવન મા ઘનું દુખ આને અંધારું છે.,sad
માને દાવા [khadhya] પાછી થોદી [rahat] લાગે છે.,neutral
માને [ghano] ભય આને દર લાગાય છે.,fear
માને [ghano] દર લાગાય છે મારો પરિવાર [ni] છિંતા છે.,fear
ડોક્તર ના instruction પ્રમાને રોજ exercise [karu] છું.,neutral
માને [ghano] ક્રોધ આવે છે આ [dhokha] આને અંન્યાય થી.,angry
માને [ghani] મુસ્કેલી આને દરદ છે.,sad
માને આજે online appointment લી આને report મોકલી.,neutral
માને [ghano] નારાજ આને ક્રોધ છે.,angry
આ online portal [par] ડોક્તર સાથે chat કરી [shakay].,neutral
મારો ભાવિષ્ય આને જીવન આને પરિવાર [ni] છિંતા માને દરાવે છે.,fear
મારો પરિવાર આનંદ મા છે.,happy
આ online સેવા થી માને ઘર બેથા report જમા કરી સકાયો.,neutral
મારો જીવન મા ઘનું દુખ આને નિરાસા છે.,sad
માને આજ ડોક્તર ને મિલ્વા થી [ghani] તાસાલી થી.,happy
હું [ghano] નારાજ છું.,angry
હું આજે ખુબ હાલ્કું અનુભવ [karu] છું.,happy
મારો ભાવિષ્ય આને જીવન [ni] છિંતા માને દરાવે આને થરથરો છે.,fear
હું આજે [ghano] છિંતિત છું મારો report [ni] છિંતા છે.,fear
માને [ghano] દરો લાગાય છે મારો રોગ ગંભિર છે.,fear
આ portal [par] મારો check up report [javi] [shakay] છે.,neutral
હું દિન મા ઘનું પાની આને juice [pu] છું.,neutral
મારો check up આગાલા મહિને છે.,neutral
હું હારી આને નિરાસ છું.,sad
આ દાવા તિન મહિના લેવી પદ્સે.,neutral
માને [ghano] ક્રોધ આવે છે આ ગલાત આને [dhokha] પં થી.,angry
માને ડોક્તર ને મિલ્વા થી [ghani] રાહત થી.,happy
આ દાવા બિલ્કુલ ગલાત છે.,angry
માને ડોક્તર ના [javab] થી સારી રાહત [madhi].,happy
મારો રોગ થીક નાહી થાય તો માને [ghano] ભય આને છિંતા લાગાય છે.,fear
હું [ghano] ભય આને દરો આને થરથરયો છું.,fear
મારો report આવ્યો છે ડોક્તર ને મોકલે પદ્સે.,neutral
આ દાવા બિલ્કુલ ગલાત છે માને [ghano] નારાજ કરે છે.,angry
આ online portal બિલ્કુલ [bekar] છે.,angry
મારો રોગ ઉપછાર [agla] ચાર મહિના ચાલ [se].,neutral
ડોક્તર ને મારો રોગ નાથી [samjyo] માને [ghano] ક્રોધ આવ્યો.,angry
હું આજ ખુબ દુખી આને થાકેલી છું.,sad
માને [ghano] ક્રોધ આવે છે આ નિર્દયી આને ગલાત પં થી.,angry
ડોક્તર ના લાપરવાહી આને નિર્દયી વા્યવહાર થી માને ક્રોધ આને નારાજ થાયો.,angry
આ portal થી માને ડોક્તર ને [sarasari] મિલ્વા મદદ [thai].,neutral
મારો [checkup] report સારું છે.,neutral
આ સેવા થી ઘર બેથા <function j at 0x000001AC201436A0> ડોક્તર [ni] મદદ [male] છે.,neutral
મારો સવારો [nava] વાગે [the] રોગ નું check up છે.,neutral
માને ડોક્તર ના સલાહ થી [ghano] ફાયદો થાયો.,happy
ડોક્તર ના જવાબ થી માને [ghano] આઘાત લાગ્યો.,fear
મારો દિલ બિલ્કુલ [todayelu] લાગાય છે.,sad
હું આજે [ghano] દરો આને વ્યાકુલ છું.,fear
મારો operation આગાલા [varse] થાય છે.,neutral
માને [ghani] મુસ્કેલી આને દરદ છે.,sad
આ online સેવા મા માને ઘર બેથા <function j at 0x000001AC201436A0> ડોક્તર થી મદદ [mali].,neutral
હું હારી ગાયી આને [asahay] છું.,sad
મારો operation [ni] તાિયારી પુરી થાયી છે.,neutral
હું [ghano] [gusse] મા આને આસાંત છું.,angry
મારો જીવન આખિર [tak] દુખ છે.,sad
મારો જીવન [ni] છિંતા માને દરાવે છે.,fear
માને [ghani] વેદના આને તકલીફ થાય છે.,sad
મારો [aglaun] appointment સોમ વાર છે.,neutral
હું આજે ખુબ ખુસી છે.,happy
માને [ghano] દુખ આને કાસ્ત છે [koi] મદદ નાથી.,sad
મારો આગાલો test report કાલ આવસે.,neutral
આજે માને બિલ્કુલ સારો લાગે છે.,happy
હું ખુબ સુખી છે.,happy
મારો રોગ ગંભિર થાય છે તે થી હું [ghano] દરો છું.,fear
હું ખુબ આનંદ મા છું.,happy
માને online ડોક્તર ના જવાબ થી [ghano] દરો લાગ્યો.,fear
માને [ghano] અંસંતોસા છે આ હોસ્પિતલ ના વા્યવહાર થી.,angry
માને [ghano] સંતાપ આને દુખ છે.,sad
મારો જીવન તુત્યો ગાયો લાગાય છે.,sad
હું આજે [ghano] આસાંત છું.,angry
આ ધોખો આને ગલાત આને અંન્યાય થી માને [ghano] [gusse] આવ્યો.,angry
હું આજે [ghano] છિંતિત છું મારો report [ni] છિંતા છે.,fear
હું આજ ખુબ ઉદાસ આને નિરાસ છું.,sad
માને [ghano] આઘાત આને ભય લાગાય છે.,fear
માને [ghano] સંકાત આને મુસિબત નું દર લાગાય છે.,fear
હું આજે [ghano] [asahay] છું.,sad
મારો રોગ ઉપછાર [agla] ચાર મહિના ચાલ [se].,neutral
આજે મારો મન ખુબ હાલ્કું છે.,happy
મારો જીવન મા ઘનું દુખ આને નિરાસા છે.,sad
હું આજ [ghano] મજ્બુર છું.,sad
માને [ghano] ક્રોધ આવે છે ડોક્તર ના નિર્દયી વા્યવહાર થી.,angry
માને [ghano] સંકાત આને ખત્રો નું દર લાગાય છે.,fear
માને [ghano] સંતાપ આને ઘામ છે.,sad
માને [ghano] અંસંતોસા છે આ હોસ્પિતલ ના વા્યવહાર થી.,angry
મારો સાપનો તુત્યો [gaya] છે.,sad
માને [ghano] ફાયદો થાયો આ સેવા થી.,happy
મારો મન શાંતિ આને આનંદ મા છે.,happy
મારો આરોગ્ય ખુબ ઉત્તમ છે.,happy
આ દાવા બિલ્કુલ ગલાત છે માને [ghano] નારાજ કરે છે.,angry
આ દાવા બિલ્કુલ ગલાત છે.,angry
ડોક્તર ને [kahyu] કે રોગ ગંભિર છે માને દરાયો થાયો.,fear
મારો જીવન મા ઘનું દુખ આને અંધારું છે.,sad
માને blood test result કાલ આવસે આને ડોક્તર ને મોકલાવો પદ્સે.,neutral
આ online સેવા થી માને ઘર બેથા [consultation] મદી.,neutral
માને [ghano] કાસ્ત આને દુખ થાય છે.,sad
હું આજ બિલ્કુલ દુખી આને નિરાસ છું.,sad
મારો સ્વાસથ્ય બિલ્કુલ થીક છે.,happy
મારો દિલ [rovi] રહ્યો છે.,sad
માને ડોક્તર સાથે વાત કરી સંતોશ મદ્યો.,happy
માને [ghano] સંતાપ આને મુસ્કેલી છે.,sad
હું [ghano] ગાભ્રાયો છું.,fear
આ સેવા થી માને બિલ્કુલ સંતોશ નાથી માને [gusse] આવ્યો.,angry
માને આ online સેવા ઘનું ઉત્તમ લાગે છે.,happy
માને ખુબ સારો [feel] થાય છે.,happy
ડોક્તર ના જવાબ થી માને [ghano] વ્યાકુલ આને ગાભ્રાયો થાયો.,fear
મારો check up સારો આવ્યો છે.,neutral
આ સેવા બિલ્કુલ [nalaik] છે.,angry
મારો દરદ દિવાસ દિવાસ વધે છે.,sad
માને [ghano] ક્રોધ છે આ અંન્યાય આને [dhokha] થી.,angry
મારો operation નું વિચાર કર્વા થી હું [ghano] ગાભ્રાયો છું.,fear
આ online સેવા ઘનું સારી છે.,happy
હું [ghano] થરથરયો છું ભય થી.,fear
માને [ghano] ક્રોધ આવે છે આ ગલાત આને [dhokha] પં થી.,angry
હું [ghano] નારાજ આને [gusse] [mein] છું.,angry
આ portal થી માને ડોક્તર ને [sarasari] મિલ્વા મદદ [thai].,neutral
આ online portal [par] મારો સ્વાસથ્ય record સાચો વાવાલ છે.,neutral
માને દહ્સાત લાગાય છે.,fear
હું ખુબ દુખી આને ઉદાસ છું.,sad
આ ધોખો આને અંન્યાય થી માને ક્રોધ આવ્યો.,angry
માને [ghano] દરદ આને કાસ્ત થાય છે.,sad
હું આજ ખુબ ઉદાસ આને થાકેલી છું.,sad
મારો test કાલ થાય છે તે માતે ready છું.,neutral
માને [samachar] સારો મદ્યો.,happy
ડોક્તર ને [kahyu] કે રોગ ગંભિર છે માને દરાયો થાયો.,fear
હું બિલ્કુલ નિરાસ આને બેબાસ છું.,sad
મારો સાપનો તુત્યો ગાયો આને હું નિરાસ છું.,sad
માને [ghano] ક્રોધ આવે છે આ [dhokha] આને અંન્યાય થી.,angry
માને [ghani] વેદના આને પીદા થાય છે.,sad
માને [ghano] ક્રોધ આવે છે આ ગલાત કામ થી.,angry
હું આજે [ghano] [asahay] છું.,sad
આ દાવા ગલાત આપ્વી છે માને [ghano] ક્રોધ આવ્યો.,angry
હું આજે [ghano] દરો આને થરથરયો આને છિંતિત આને ગાભ્રાયો છું.,fear
આ સેવા થી માને બિલ્કુલ મદદ નાથી થી માને [gusse] આવ્યો.,angry
મારો રોગ થી [mukti] મદી છે.,happy
મન શાંતિ આને પ્રાસન્ન છે.,happy
માને [ghano] [gusse] આને અંસંતોસા છે.,angry
મારો operation થાય તે નું હું [ghano] દરો છું.,fear
હું [ghano] [gusse] આને ક્રોધ મા છું.,angry
હું આ સેવા થી [ghano] ખુશ છું.,happy
હું [ghano] ભય આને ત્રાસ આને દરો આને થરથરયો છું.,fear
હું રોજ સાંજે ચાલ [va] જાવું છું તે ડોક્તર નું સુજાવ છે.,neutral
મારો દાવા નું course [pura] થાયો છે.,neutral
મારો blood test સારો આવ્યો છે.,neutral
માને [ghano] દર આને ભય આને છિંતા આને ત્રાસ લાગાય છે.,fear
આ online સેવા થી ઘર બેથા ડોક્તર થી [bat] કરી [shakay].,neutral
મારો દિલ આનંદ આને શાંતિ થી ભરેલો છે.,happy
મારો સંકાત મા [hovu] નું દર માને ગાભરા્યો છે.,fear
મારો મન આનંદ થી ભરેલો છે.,happy
મારો સંકાત આને મુસિબત [ni] છિંતા માને વ્યાકુલ કરે છે.,fear
આજે માને [ghano] ખુશ અનુભવ આવ્યો.,happy
માને operation [ni] [ghani] છિંતા આને દરો છે.,fear
માને [ghani] તકલીફો આને વેદના છે.,sad
આ ગલાત છે આને માને [gusse] આવ્યો.,angry
ડોક્તર ને માને વધુ આરામ આને સુો [va] [kahyu].,neutral
હું ખુબ દુખી આને બેબાસ છું.,sad
ડોક્તર ને [kahyu] કે રોગ ગંભિર છે માને દરાયો થાયો.,fear
મન શાંતિ આને પ્રાસન્ન છે.,happy
આ સેવા ખુબ ઉત્તમ છે.,happy
હું આજે [ghano] થાકેલી આને બેબાસ છું.,sad
હું આજે બિલ્કુલ સ્વાસથા છું.,happy
માને ડોક્તર ને મિલ્વા નાથી મદ્તું હું બેબાસ છું.,sad
આ online portal [ghano] ખરાબ આને [bekar] છે માને ક્રોધ આવે છે.,angry
માને ડોક્તર ના [javab] થી સારો [feel] થાયો.,happy
મારો દિલ [rovi] રહ્યો છે.,sad
આ portal બિલ્કુલ કામ નાથી કરતો.,angry
આ દાવા બિલ્કુલ ગલાત છે માને [ghano] નારાજ કરે છે.,angry
જીવન ખુબ સુંદર લાગે છે.,happy
હું [ghano] છિંતિત આને ગાભ્રાયો છું.,fear
માને આ સેવા થી [ghano] ફાયદો થાયો.,happy
માને આ બિમારી થી ખુબ દુખ થાય છે.,sad
માને ખુબ સારો [feel] થાય છે.,happy
આ online portal [par] appointment લેવી આને report મોકલી [sakay].,neutral
આ દાવા તિન મહિના લેવી પદ્સે.,neutral
મારો પરિવાર આનંદ મા છે.,happy
મારો બિમારી ગંભિર થાય છે માને દહ્સાત લાગાય છે.,fear
માને [ghano] ભય લાગાય છે આ મુસિબત થી.,fear
ડોક્તર [saheb] ને મિલ્વા થી મન હાલ્કું થાયો.,happy
માને [ghano] [gusse] આને નારાજ છે.,angry
મારો ભાવિષ્ય આને જીવન આને પરિવાર [ni] છિંતા માને દરાવે છે.,fear
મારો check up આગાલા મહિને છે.,neutral
આ online સેવા મા ડોક્તર ને chat આને video call કરી [shakay].,neutral
આરોગ્ય મા ખુબ સુધાર આવ્યો છે.,happy
આ ગલાત આને નિર્દયી આને બેવકુફ પં માને ક્રોધ [apave] છે.,angry
આ દાવા ખાલી પેત નાથી લેવી.,neutral
મારો report કાલ આવસે.,neutral
માને [ghano] અંસંતોસા આને નારાજ છે.,angry
માને ખુબ સારો [feel] થાય છે.,happy
મારો જીવન મા ઘનું દુખ આને ઘામ છે.,sad
મારો જીવન [ni] છિંતા માને દરાવે છે.,fear
ડોક્તર ને માને રોગ ના લાક્ષન [batvya].,neutral
આ online સેવા મા ડોક્તર ને message કરી [shakay].,neutral
લાક્ષન ઓછી થાયા છે.,happy
હું [ghano] છિંતિત આને ગાભ્રાયો છું.,fear
ડોક્તર ના મદદ થી માને [ghano] ફાયદો થાયો.,happy
ડોક્તર ને [kahyu] કે રોગ ગંભિર છે માને દરાયો થાયો.,fear
ડોક્તર ના ગંભિર જવાબ થી માને દરાયો થાયો.,fear
માને ડોક્તર ને [bijo] test કર્વા [kahyu] છે.,neutral
મારો દિલ આનંદ આને શાંતિ થી ભરેલો છે.,happy
માને [ghano] ક્રોધ આને [gusse] આવે છે આ [dhokha] થી.,angry
મારો પરિવાર મા [ghano] દુખ આને કાસ્ત છે.,sad
ડોક્તર ના જવાબ થી માને [ghano] આઘાત આને દરો લાગ્યો.,fear
માને [ghano] [gusse] આવે છે આ નિર્દયી પં થી.,angry
હું [ghano] નારાજ આને [gusse] મા છું.,angry
આ દાવા રાત્રે સુો [ya] પહેલા લેવી.,neutral
માને [ghano] ક્રોધ આવે છે.,angry
માને [ghani] પીદા આને કાસ્ત છે.,sad
માને આજે check up [karavi] આને report [mali].,neutral
મારો દિલ [ghano] દુખી લાગાય છે.,sad
માને blood test result કાલ આવસે આને ડોક્તર ને મોકલાવો પદ્સે.,neutral
માને [ghano] છિંતા આને ભય લાગાય છે મારો રોગ ગંભિર થાય તે [ni].,fear
મારો report ડોક્તર ને મોકલે પદ્સે result જો્યા પાછી.,neutral
મારો ભાવિષ્ય આને સંકાત [ni] છિંતા માને દરાવે છે.,fear
ડોક્તર ના ગંભિર જવાબ થી માને ભય આને દહ્સાત લાગી.,fear
ડોક્તર ને મિલ્યો આને નિછિંત થાયો.,happy
માને [ghano] રોગ ગંભિર થાય છે તે [ni] છિંતા આને દર લાગાય છે.,fear
આ portal થી માને ડોક્તર ને [sarasari] મિલ્વા મદદ [thai].,neutral
માને [koi] મદદ નાથી કરતો.,sad
ડોક્તર ના લાપરવાહી આને નિર્દયી વા્યવહાર થી માને ક્રોધ આને નારાજ થાયો.,angry
માને [ghano] ભય લાગાય છે આ મુસિબત થી.,fear
હું ખુબ સુખી છે.,happy
આજે માને બિલ્કુલ સારો [feel] થાય છે.,happy
મારો સ્વાસથ્ય ગંભિર છે માને દરો લાગાય છે.,fear
મારો સંકાત આને મુસિબત [ni] છિંતા માને વ્યાકુલ કરે છે.,fear
મારો રોગ વધુ ગંભિર થાય તે નું દર માને ગાભરા્યો છે.,fear
મારો રોગ જાલ્દી થીક થાય છે માને આનંદ છે.,happy
આ online portal [par] મારો medical record છે.,neutral
મારો જીવન ગંભિર સંકાત મા છે માને દહ્સાત લાગાય છે.,fear
મારો weight પિચ્ચલે [mahi] ને થી વાગ્યો છે.,neutral
માને ડોક્તર ના સલાહ થી [ghano] ફાયદો થાયો.,happy
જીવન ખુબ સુંદર લાગે છે.,happy
મારો આરોગ્ય મા સુધારો આવ્યો છે.,happy
માને [sari] તકલીફ ઓછી થાયી છે.,happy
મારો જીવન મા ઘનું અંધારું આને દુખ છે.,sad
માને આ online સેવા ઘનું ઉત્તમ લાગે છે.,happy
હું આજે [ghano] આસાંત આને [gusse] મા છું.,angry
આ બેવકુફ પં માને નારાજ કરે છે.,angry
માને [ghano] ભય આને દર લાગાય છે.,fear
મારો જીવન [ni] છિંતા માને દરાવે છે.,fear
ડોક્તર ના instruction પ્રમાને રોજ exercise [karu] છું.,neutral
માને આજે online appointment લેવી આને ડોક્તર સાથે વાત કરી.,neutral
મારો સ્વાસથ્ય ગંભિર છે માને દરો લાગાય છે.,fear
આ દાવા refrig erator મા [rakhi] ને રાત્રે લેવી.,neutral
મારો પરિવાર ખુબ ખુસી છે.,happy
મારો જીવન [ni] છિંતા માને દરાવે છે.,fear
મારો દિલ રોવું મન થાય છે.,sad
માને [ghani] મુસ્કેલી આને કાસ્ત છે.,sad
દાવા સારી છે આને હું જાલ્દી થીક છું.,happy
online સેવા ઘનું [sukhe] મદાવ મેલ્વી.,happy
માને [ghani] વેદના આને કાસ્ત છે.,sad
હું આજે [ghano] [gusse] આને નારાજ મા છું.,angry
આ ધોખો આને ગલાત વા્યવહાર માને ક્રોધ [apave] છે.,angry
આજે મારો મન ખુબ હાલ્કું છે.,happy
મારો જીવન આને પરિવાર [ni] છિંતા આને સંકાત માને વ્યાકુલ આને દરો કરે છે.,fear
ડોક્તર ના ગલાત જવાબ થી માને [ghano] [gusse] આવ્યો.,angry
માને [ghano] સંકાત મા [hovu] નું દર લાગાય છે.,fear
મારો દરદ ઓછી થાયો માને આનંદ છે.,happy
માને [ghano] ભય આને છિંતા લાગાય છે.,fear
આજે મારો દરદ બિલ્કુલ નાથી.,happy
હું હારી આને નિરાસ છું.,sad
મારો check up આગાલા મહિને છે.,neutral
મારો દરદ દિવાસ દિવાસ વધે છે.,sad
માને [ghano] દરદ થાય છે [koi] સહાય નાથી.,sad
માને [ghano] ફાયદો થાયો આ સેવા થી.,happy
ડોક્તર ના મદદ થી મારો રોગ ગાયો.,happy
online સેવા ને કારને ઘર બેથા ઉપછાર મદ્યો.,happy
હું આજે [ghano] થાકેલી આને ઉદાસ છું.,sad
માને [ghano] ત્રાસ લાગાય છે.,fear
માને [ghano] દુખ આને મુસ્કેલી થાય છે.,sad
આ ગલાત [kam] આને નિર્દયી પં માને ક્રોધ [apave] છે.,angry
ડોક્તર ના લાપરવાહી થી માને ક્રોધ આને [gusse] આવ્યો.,angry
ડોક્તર ના ગંભિર જવાબ થી માને દરાયો થાયો.,fear
આ બિમારી ના લાક્ષન મા બુખાર આને ખાંસી છે.,neutral
મારો જીવન [ni] છિંતા આને ખત્રો માને દરાવે આને ગાભરા્યો છે.,fear
હું આજે [ghano] દરો આને ગાભ્રાયો આને વ્યાકુલ છું.,fear
મારો blood pressure normal છે.,neutral
મારો દિલ [ghano] ઉદાસ છે.,sad
માને આ બિમારી થી ખુબ દુખ થાય છે.,sad
માને સારી સેવા [madhi] છે આને માને આનંદ છે.,happy
માને [ghano] ક્રોધ આવે છે આ નિર્દયી આને ગલાત પં થી.,angry
હું આજે [ghano] દુખી આને [asahay] છું.,sad
મારો જીવન આખિર [tak] દુખ છે.,sad
report સારો આવ્યો માને [ghani] ખુસી છે.,happy
માને બિલ્કુલ પસંદ નાથી.,angry
માને [ghano] દર આને ભય આને ત્રાસ લાગાય છે.,fear
હું આજે [ghano] ગાભ્રાયો આને વ્યાકુલ આને દરો આને છિંતિત આને થરથરયો છું.,fear
મારો રોગ ના કારને [ghano] કાસ્ત આને ઘામ છે.,sad
મારો દાવા નું course [pura] તિન મહિના ચાલે છે.,neutral
હું રોજ [sakaro] ડોક્તર ના નિર્દેશ પ્રમાને કસ્રત [karu] છું.,neutral
હું બિલ્કુલ થાકેલી છું.,sad
હું [ghano] આસાંત આને ક્રોધી છું.,angry
આ ગલાત છે આને માને [gusse] આવ્યો.,angry
મારો પરિવાર આનંદ મા છે.,happy
મારો જીવન મા દુખ આને અંધારું છે.,sad
આ online portal [par] appointment લેવી આને report મોકલી [sakay].,neutral
માને [ghani] વેદના આને તકલીફ થાય છે.,sad
ડોક્તર ને ઘનું ધાન્યાવાદ.,happy
માને [ghani] વેદના આને કાસ્ત છે.,sad
મારો દાવા દો દિવાસ મા ખતામ થાય છે.,neutral
મારો રોગ જાલ્દી થીક થાતો નાથી.,sad
માને [ghano] ક્રોધ આવે છે ડોક્તર ના લાપરવાહી થી.,angry
માને [ghano] સંકાત આને ખત્રો આને મુસિબત નું દર લાગાય છે.,fear
મારો blood test સારો આવ્યો છે.,neutral
માને [ghani] છિંતા છે મારો રોગ થીક નાથી થાતો.,sad
ડોક્તર ના જવાબ થી માને [ghano] વ્યાકુલ આને ગાભ્રાયો થાયો.,fear
હું આજે ખુબ આનંદ અનુભવ [karu] છું.,happy
માને ખુસી છે મારો આરોગ્ય [sudharyo] છે.,happy
હું આજે બિલ્કુલ નિરાસ છું.,sad
આજે માને ડોક્તર ના ઉપછાર થી ખુબ આરામ મદ્યો.,happy
હું [ghano] નારાજ આને આસાંત છું.,angry
માને આ બિમારી થી [ghano] કાસ્ત છે.,sad
હું [ghano] [gusse] આને ક્રોધી છું.,angry
મારો સ્વાસથ્ય [sudhri] [rahyu] છે.,happy
હું દિન મા ઘનું પાની આને juice [pu] છું.,neutral
માને [ghano] ક્રોધ આવે છે.,angry
મારો બિમારી ગંભિર થાય છે માને દહ્સાત લાગાય છે.,fear
માને [ghano] સંકાત આને ખત્રો નું દર લાગાય છે મારો જીવન થી.,fear
લાક્ષન ઓછી થાયા છે.,happy
હું હારી આને થાકેલી છું.,sad
હું [ghano] નારાજ આને આસાંત છું.,angry
હું હારી આને નિરાસ છું.,sad
માને [ghano] દર લાગાય છે મારો result report ના.,fear
ડોક્તર ના ગંભિર જવાબ થી માને દરાયો થાયો.,fear
ડોક્તર ને માને more information આપ્વી.,neutral
હું ખુસી થી ભર્યો છું.,happy
હું આજે [ghano] આસાંત આને નારાજ છું.,angry
ડોક્તર ને મિલ્યો આને મન હાલ્કું થાયો.,happy
ડોક્તર ના જવાબ થી માને [ghano] આઘાત લાગ્યો.,fear
આજે માને [ghano] સંતોશ છે.,happy
હું [ghano] આસાંત આને ક્રોધી છું.,angry
માને [ghani] વેદના આને દરદ થાય છે.,sad
માને [ghano] ક્રોધ આવે છે આ [dhokha] આને અંન્યાય થી.,angry
માને [ghano] ક્રોધ આને [gusse] આવે છે.,angry
માને [ghano] [gusse] આવ્યો છે આ [bekar] આને નાલાિક સેવા થી.,angry
માને આજે blood test [karavu] પદ્સે.,neutral
હું આજે [ghano] [asahay] છું.,sad
ડોક્તર ના ઉપછાર થી [koi] ફાયદો નાથી.,sad
માને [ghano] અંસંતોસા આને [gusse] આવે છે.,angry
ડોક્તર ને મારો report જો્યા આને દાવા આપ્યા.,neutral
હું બિલ્કુલ થીક છું આને માને ખુસી છે.,happy
આ ધોખો થી માને [ghano] ક્રોધ આવ્યો.,angry
માને online ડોક્તર ના જવાબ થી [ghano] દરો લાગ્યો.,fear
હું [ghano] વ્યાકુલ આને છિંતિત આને ગાભ્રાયો આને દરો છું.,fear
મારો ભાવિષ્ય આને જીવન [ni] છિંતા માને દરાવે આને થરથરો છે.,fear
માને [ghano] સંકાત આને ખત્રો નું દર લાગાય છે મારો જીવન થી.,fear
આ બેવકુફ વા્યવહાર આને અંન્યાય માને નારાજ આને ક્રોધ [apave] છે.,angry
હું આજે રોવું નું મન છે.,sad
આજે મારો દરદ નાથી આને માને આનંદ છે.,happy
મારો રોગ report આવે આને તે ગંભિર હોય તે નું દર છે.,fear
માને [ghano] અંસંતોસા આને નારાજ છે.,angry
મારો રોગ થીક નાહી થાય તો માને [ghano] ભય આને છિંતા લાગાય છે.,fear
માને [ghani] મુસ્કેલી આને પીદા છે.,sad
માને ખુબ દરદ થાય છે.,sad
માને આ online સેવા ને કારને [ghano] ફાયદો મદ્યો.,happy
મારો સંકાત આને મુસિબત [ni] છિંતા માને વ્યાકુલ કરે છે.,fear
ડોક્તર ને [kahyu] કે રોગ ગંભિર છે માને દરાયો થાયો.,fear
આ દાવા [roj] રાત [re] લેવી.,neutral
હું [ghano] ભય આને દરો આને થરથરયો છું.,fear
મારો જીવન મા ઘનું અંધારું છે.,sad
આજે માને [aanandno] અનુભવ છે.,happy
માને [ghani] રાહત થાયી.,happy
માને [ghano] [gusse] આવે છે આ નિર્દયી પં થી.,angry
ડોક્તર ને મારો report [joyyu] આને રોગ નું નામ બતાવ્યું.,neutral
માને [ghano] ઘામ છે [koi] [samajtu] નાથી.,sad
ડોક્તર ના instruction પ્રમાને રોજ exercise [karu] છું.,neutral
મારો સાપનો તુત્યો ગાયો છે માને દુખ છે.,sad
માને [ghano] ભય લાગાય છે મારો operation થાય [tevi] સાખ્યતા છે.,fear
મારો test result કાલ આવસે આને ડોક્તર ને જાનાવસે.,neutral
ડોક્તર ને માને બિલ્કુલ [dhyan] નાથી [aapyu].,angry
મારો દિલ [ghano] ભારેલો લાગાય છે.,sad
મારો જીવન [ni] છિંતા માને દરાવે છે.,fear
ડોક્તર ને મારો રોગ [jova] માતે report આપ્વું પદ્સે.,neutral
હું ખુબ ઉદાસ આને દુખી છું.,sad
મારો દિલ બિલ્કુલ [todayelu] લાગાય છે.,sad
આ e-consult સેવા ઘનું ઉપકારાક છે.,happy
આજે માને [sari] તાસાલી થી.,happy
મન પ્રાસન્ન છે.,happy
માને ડોક્તર ના જવાબ થી [ghano] દરો લાગ્યો.,fear
માને [ghano] રોગ ગંભિર થાય છે તે [ni] છિંતા આને દર લાગાય છે.,fear
મારો જીવન મા અંધારું આને નિરાસા છે.,sad
માને [ghano] છિંતા આને ભય લાગાય છે મારો રોગ ગંભિર થાય તે [ni].,fear
માને [ghani] વેદના આને ઘામ થાય છે.,sad
હું આજે [ghano] [gusse] મા છું.,angry
ડોક્તર ના ગંભિર જવાબ થી માને ભય આને દહ્સાત લાગી.,fear
હું આજે [ghano] આસાંત આને [gusse] મા છું.,angry
હું [ghano] ગાભ્રાયો છું.,fear
માને [ghano] ભય લાગાય છે મારો જીવન [ni] છિંતા છે.,fear
હું [ghano] છિંતિત આને દરો છું.,fear
માને [ghano] ભય આને છિંતા આને દરો લાગાય છે.,fear
માને આ સેવા ઘનું ઉચિત લાગે છે.,happy
હું બિલ્કુલ સારો છું.,happy
હું આજે [ghano] ગાભ્રાયો આને વ્યાકુલ આને દરો આને છિંતિત આને થરથરયો છું.,fear
માને operation [ni] [ghani] છિંતા આને દરો છે.,fear
આ online portal [par] મારો medical record છે.,neutral
આ ધોખો આને ગલાત આને અંન્યાય થી માને [ghano] [gusse] આવ્યો.,angry
મારો weight check up report normal છે.,neutral
આ સેવા મા ડોક્તર સાથે video call કરી [shakay] છે.,neutral
મારો દિલ [ghano] દુખી આને [todayelu] લાગાય છે.,sad
આ online portal [ghano] ખરાબ આને [bekar] છે માને ક્રોધ આવે છે.,angry
મારો પરિવાર સ્વાસથા આને [aanandmay] છે.,happy
હું [ghano] નારાજ આને [gusse] [mein] છું.,angry
માને [ghano] [gusse] આને અંસંતોસા છે.,angry
હું [ghano] થરથરયો છું ભય થી.,fear
હું [ghano] નારાજ આને આસાંત છું.,angry
મારો રોગ થીક થાયો છે.,happy
માને [ghano] સંતાપ આને કાસ્ત છે.,sad
માને [ghano] ભય આને છિંતા આને દરો લાગાય છે.,fear
મારો જીવન તુત્યો ગાયો લાગાય છે.,sad
મારો test result [aavane] [vale] છે માને [ghano] દરો લાગાય છે.,fear
માને [ghano] અંસંતોસા આને ક્રોધ આવે છે.,angry
આજે માને બિલ્કુલ સારો લાગે છે.,happy
માને [ghano] ત્રાસ લાગાય છે.,fear
હું બિલ્કુલ નિરાસ થાયો છું.,sad
આ online portal [par] મારો medical record છે.,neutral
માને [ghano] ભય લાગાય છે મારો સ્વાસથ્ય થી.,fear
મારો દિલ [ghano] ભારેલો લાગાય છે.,sad
માને [ghani] પીદા આને મુસ્કેલી છે.,sad
ડોક્તર ને માને પુચ્ચ [yu] કે કેતલા વર્સ થી આ રોગ છે.,neutral
ડોક્તર ને મારો રોગ નાથી [samjyo] માને [ghano] ક્રોધ આવ્યો.,angry
હું આજ ખુબ દુખી આને ઉદાસ છું.,sad
મારો પરિવાર [ghano] પરેસાન છે.,sad
હું આજે [ghano] દરો આને થરથરયો આને છિંતિત આને ગાભ્રાયો છું.,fear
મારો સ્વાસથ્ય સુધારી રહ્યો છે.,happy
માને આ સેવા થી [ghani] તાસાલી આને આનંદ મદ્યો.,happy
મારો સ્વાસથ્ય ગંભિર છે માને દરો લાગાય છે.,fear
માને [ghani] તકલીફ છે આને [koi] સહાય નાથી.,sad
હું આજે [ghano] દરો આને ગાભ્રાયો આને વ્યાકુલ છું.,fear
આ online સેવા થી ઘર બેથા ડોક્તર થી [bat] કરી [shakay].,neutral
માને ખુબ સંતોશ છે.,happy
મારો weight check up report normal છે.,neutral
હું આજે [ghano] દરો આને વ્યાકુલ છું.,fear
આ અંન્યાય આને નિર્દયી પં માને ક્રોધ [apave] છે.,angry
માને [ghano] ઘામ આને કાસ્ત છે.,sad
માને દહ્સાત લાગાય છે.,fear
આજે હું ખુબ આનંદ અનુભવ છું.,happy
હું આજે ખુબ હાલ્કું અનુભવ [karu] છું.,happy
ડોક્તર ના મદદ થી માને [ghano] ફાયદો થાયો.,happy
આ ગલાત આને નિર્દયી વા્યવહાર માને ક્રોધ [apave] છે.,angry
મારો જીવન મા દુખ આને વેદના છે.,sad
માને ખુબ સારો [feel] થાય છે.,happy
ડોક્તર ના ઉપછાર થી [koi] ફાયદો નાથી થાયો.,angry
હું આજે [ghano] દરો આને વ્યાકુલ છું.,fear
મારો રોગ ના કારને [ghano] દુખ છે.,sad
આ online portal [ghano] ખરાબ આને [bekar] છે માને ક્રોધ આવે છે.,angry
આ અંન્યાય માને ક્રોધ [apave] છે.,angry
હું [ghano] [gusse] મા આને આસાંત છું.,angry
મારો [agalo] check up [shukra] વાર છે.,neutral
મારો રોગ ના કારને [ghano] કાસ્ત થાય છે.,sad
જીવન ખુબ સુંદર લાગે છે.,happy
આ અંન્યાય થી હું [ghano] ક્રોધ મા છું.,angry
માને [ghano] દરદ આને વેદના છે.,sad
મારો દિલ આનંદ આને શાંતિ થી ભરેલો છે.,happy
આજે મારો report બિલ્કુલ normal આવ્યો.,happy
આજે મારો જીવન [aanandmay] લાગાય છે.,happy
ડોક્તર ને મારો weight આને blood pressure check [karya].,neutral
ડોક્તર ને [kahyu] કે રોગ ગંભિર છે માને દરાયો થાયો.,fear
માને ડોક્તર ને મિલ્વા આગાલતા [somvar] છે.,neutral
મારો test result [aavata] <function j at 0x000001AC201436A0> ડોક્તર ને જાનાવનું છે.,neutral
result normal આવ્યો માને ખુસી થાયી.,happy
આ online portal [par] ડોક્તર ને report મોકલી [sakay] છે.,neutral
આ online portal [par] ડોક્તર ને report મોકલી [sakay] છે.,neutral
આ દાવા ખાલી પેત નાથી લેવી.,neutral
હું આજે બિલ્કુલ સ્વાસથા છું.,happy
આ અંન્યાય આને ગલાત કામ થી હું [ghano] નારાજ છું.,angry
માને [ghano] [gusse] આવે છે આ ગલાત પં થી.,angry
માને આ સેવા ખુબ સારી લાગી.,happy
આ દાવા દિન મા એક <function j at 0x000001AC201436A0> વાર લેવી પદે.,neutral
ડોક્તર ને [kahyu] કે રોગ ગંભિર છે માને દરાયો થાયો.,fear
આ online portal બિલ્કુલ [bekar] છે.,angry
મારો સ્વાસથ્ય ગંભિર છે માને દરો લાગાય છે.,fear
માને [ghano] છિંતા આને દર આને ભય લાગાય છે.,fear
માને [ghano] ભય લાગાય છે મારો સ્વાસથ્ય થી.,fear
મારો આરોગ્ય [sudharyo] છે આને માને આનંદ છે.,happy
હું મારો પરિવાર સાથે સુખી છું.,happy
ડોક્તર ને મારો blood pressure check કર્યો.,neutral
આ સેવા ખુબ ઉત્તમ છે.,happy
માને [ghano] છિંતા આને દર આને ભય લાગાય છે.,fear
હું ખુબ નિરાસ આને ઉદાસ છું.,sad
ડોક્તર ને મારો રોગ [jova] માતે report આપ્વું પદ્સે.,neutral
મારો જીવન તુત્યો ગાયો લાગાય છે.,sad
માને [ghano] સંકાત આને ખત્રો નું દર લાગાય છે મારો જીવન થી.,fear
માને [ghano] દરદ આને પીદા છે.,sad
મારો જીવન મા ઘનું દુખ આને નિરાસા છે.,sad
હું બિલ્કુલ નિરાસ આને [asahay] છું.,sad
હું [ghano] [gusse] મા છું.,angry
હું [ghano] ભય આને દરો આને થરથરયો છું.,fear
હું રોજ ડોક્તર ના સુજાવ પ્રમાને ખાધ્યું [khau] છું.,neutral
હું [ghano] નારાજ આને આસાંત છું.,angry
હું [ghano] [gusse] મા છું.,angry
મારો દિલ [khushithi] ભરેલો છે.,happy
ડોક્તર ને માને પુચ્ચ [yu] કે કેતલા વર્સ થી આ રોગ છે.,neutral
મારો રોગ થી [mukti] મદી છે.,happy
ડોક્તર ને મારો રોગ સમજા્યો <function j at 0x000001AC201436A0> નાહી.,angry
માને મારો સ્વાસથ્ય [ni] [ghani] છિંતા છે.,fear
મારો પરિવાર [ghano] પરેસાન છે.,sad
માને [ghano] સંકાત આને ખત્રો નું દર લાગાય છે મારો જીવન થી.,fear
હું આજ ખુબ દુખી આને ઉદાસ છું.,sad
આ ઉપછાર બિલ્કુલ સાહી છે.,happy
માને આ online ડોક્તર સેવા ઘનું પસંદ છે.,happy
માને [ghano] દરદ થાય છે [koi] સહાય નાથી.,sad
હું આજે પુરી તારહ સ્વાસથા છું.,happy
મારો જીવન મા ઘનું અંધારું આને કાસ્ત છે.,sad
માને [ghano] દુખ છે.,sad
હું આજ બિલ્કુલ થીક છું.,happy
માને [ghano] ક્રોધ આને નારાજ છે.,angry
હું આજે [ghano] થરથરયો આને દરો છું.,fear
મારો રોગ જાલ્દી થીક થાય છે માને આનંદ છે.,happy
માને દિન મા ચાર વાર દાવા લેવી પદે.,neutral
માને [ghano] ત્રાસ આને દહ્સાત લાગાય છે.,fear
ડોક્તર ને મિલ્યો આને મન હાલ્કું થાયો.,happy
માને [ghano] આઘાત આને ભય લાગાય છે.,fear
હું આજે [ghano] ગાભ્રાયો આને વ્યાકુલ આને દરો આને છિંતિત આને થરથરયો છું.,fear
આ અંન્યાય થી હું [ghano] [gusse] મા છું.,angry
આ online સેવા મા appointment લેવા માતે register [karvu] પદે.,neutral
માને આ બિમારી થી ખુબ દુખ થાય છે.,sad
મારો રોગ જાલ્દી થીક થાય છે માને આનંદ છે.,happy
માને [ghano] રોગ ગંભિર થાય છે તે [ni] છિંતા આને દર લાગાય છે.,fear
માને આજે હોસ્પિતલ [javi] ને દાવા લાિ આવ્યો.,neutral
હું આજે [ghano] આસાંત આને નારાજ છું.,angry
માને [ghano] નારાજ આને ક્રોધ છે.,angry
માને ડોક્તર ના સલાહ થી [ghano] ફાયદો થાયો.,happy
આજે મારો સ્વાસથ્ય બિલ્કુલ થીક છે માને આનંદ છે.,happy
મારો રોગ ખત્રો [nak] લાગાય છે માને ભય લાગાય છે.,fear
આ બિમારી ના લાક્ષન મા બુખાર આને ખાંસી છે.,neutral
માને [ghano] છિંતા આને ભય લાગાય છે મારો રોગ ગંભિર થાય તે [ni].,fear
માને રોજ સકાલ આને સાંજે દાવા લેવી પદે.,neutral
મારો સાપનો તુત્યો [gaya] આને હું દુખી આને નિરાસ છું.,sad
માને [ghano] આઘાત આને ભય લાગાય છે.,fear
આ online સેવા થી ઘર બેથા ડોક્તર થી [bat] કરી [shakay].,neutral
ડોક્તર ને માને બિલ્કુલ [dhyan] નાથી [aapyu].,angry
મારો સ્વાસથ્ય ગંભિર છે માને દરો લાગાય છે.,fear
માને [ghano] નારાજ છે આ ગલાત વા્યવહાર થી.,angry
આ ગલાત [kam] માને ક્રોધ [apave] છે.,angry
મારો પરિવાર ખુબ ખુસી છે.,happy
મારો test result [aavane] [vale] છે માને [ghano] દરો લાગાય છે.,fear
હું [ghano] ભય આને દરો આને થરથરયો છું.,fear
માને [ghano] સંતાપ આને પીદા છે.,sad
આ બેવકુફ વા્યવહાર આને અંન્યાય માને નારાજ આને ક્રોધ [apave] છે.,angry
સેવા માતે ડોક્તર ને ખુબ આબહાર છે.,happy
મારો દિલ [todayo] છે.,sad
મારો ભાવિષ્ય [ni] છિંતા માને દરાવે છે.,fear
હું ખુબ [prasann] છું.,happy
હું આજે [ghano] બેબાસ આને મજ્બુર છું.,sad
હું [ghano] ગાભ્રાયો છું.,fear
માને [ghani] છિંતા છે મારો રોગ થીક નાથી થાતો.,sad
માને [ghani] વેદના આને પીદા થાય છે [koi] સહાય નાથી.,sad
માને રોજ [sakare] દાવા લેવી પદે છે.,neutral
આ સેવા થી ઘર બેથા ડોક્તર સાથે chat કરી [sakay].,neutral
હું [ghano] [gusse] મા આને આસાંત છું.,angry
આ online સેવા થી ઘર બેથા ડોક્તર થી [bat] કરી [shakay].,neutral
મારો જીવન મા નિરાસા આને દુખ છે.,sad
આ online portal [ghano] ખરાબ આને [bekar] છે માને ક્રોધ આવે છે.,angry
હું આજે [ghano] આસાંત આને [gusse] મા છું.,angry
માને [ghano] દરો લાગાય છે મારો રોગ ગંભિર છે.,fear
માને [ghano] ઘામ છે.,sad
મારો દિલ બિલ્કુલ [todayelu] લાગાય છે.,sad
માને સારી સેવા આને ઉપછાર મદ્યો છે હું આબહાર છું.,happy
મારો ભાવિષ્ય ગંભિર લાગાય છે માને ભય લાગાય છે.,fear
આ અંન્યાય માને [ghano] [gusse] [apave] છે.,angry
આ online સેવા થી ઘર બેથા ડોક્તર થી [bat] કરી [shakay].,neutral
મારો દિલ [ghano] ભારેલો આને દુખી લાગાય છે.,sad
માને દિન મા તિન વાર દાવા લેવી પદે છે.,neutral
હું [ghano] [gusse] આને નારાજ આને ક્રોધી છું.,angry
હું આજે [ghano] ક્રોધી છું.,angry
આ online ઉપછાર બિલ્કુલ ગલાત છે માને નારાજ કરે છે.,angry
મારો પરિવાર ખુબ ખુસી છે.,happy
માને [ghano] સંતાપ આને કાસ્ત છે.,sad
મારો પરિવાર મા [ghano] દુખ છે.,sad
આ અંન્યાય થી હું [ghano] નારાજ છું.,angry
મારો મન આનંદ થી ભરેલો છે.,happy
આ online સેવા થી માને ઘર બેથા report જમા કરી સકાયો.,neutral
માને ડોક્તર ને મિલ્વા નાથી મદ્તું.,sad
મારો આરોગ્ય ખુબ સારો છે.,happy
આજ માને [ghani] ખુસી છે.,happy
આ ગલાત આને નિર્દયી આને બેવકુફ પં માને ક્રોધ [apave] છે.,angry
હું [ghano] આસાંત આને [gusse] મા છું.,angry
માને આજે check up [karavi] આને report [mali].,neutral
મારો [agalo] appointment [budh] વાર છે.,neutral
મારો જીવન [ni] આને પરિવાર [ni] છિંતા માને ગાભરા્યો છે.,fear
હું બિલ્કુલ સારો છું.,happy
હું થાકેલી આને હારી ગાયી છું.,sad
મારો operation આગાલતા મહિને મા થાય છે.,neutral
ડોક્તર ના જવાબ થી તાનાવ ઓછી થાયો.,happy
મારો જીવન મા ઘનું અંધારું આને દુખ છે.,sad
મારો સ્વાસથ્ય record ડોક્તર ને મોકલે પદ્યો.,neutral
આ દાવા [khadhya] પાછી એક કાલાક સુો [vo].,neutral
હું ખુબ નિરાસ આને ઉદાસ છું.,sad
આજે માને [sari] તાસાલી થી.,happy
હું બિલ્કુલ થાકેલી આને [asahay] છું.,sad
આ દાવા ખાલી પેત નાથી લેવી.,neutral
આ ગલાત કામ આને બેવકુફ પં માને નારાજ કરે છે.,angry
માને [aarogyamay] જીવન માતે આનંદ છે.,happy
આજે મારો result બિલ્કુલ સારો આવ્યો.,happy
હું આજે [ghano] નારાજ છું.,angry
માને [ghano] ક્રોધ આવે છે આ નિર્દયી આને ગલાત પં થી.,angry
મારો દિન ઘનું સારો બિલ્કુલ.,happy
મારો પરિવાર મા [ghano] દુખ આને નિરાસા છે.,sad
માને [koi] મદદ નાથી કરતો.,sad
મારો જીવન મા નિરાસા આને પીદા છે.,sad
માને આ સેવા થી [ghano] ફાયદો થાયો.,happy
માને [ghano] [gusse] આને અંસંતોસા છે.,angry
માને [ghano] દરદ થાય છે [koi] સહાય નાથી.,sad
મારો રોગ થીક નાહી થાય તો માને [ghano] ભય આને છિંતા લાગાય છે.,fear
આ અંન્યાય આને ગલાત કામ થી હું [ghano] નારાજ છું.,angry
માને [ghano] ક્રોધ આવે છે આ [dhokha] આને અંન્યાય થી.,angry
માને [ghano] ત્રાસ આને દહ્સાત આને ભય આને દર લાગાય છે.,fear
માને આજ ડોક્તર ને મિલ્વા થી [ghani] તાસાલી થી.,happy
હું [ghano] [gusse] મા આને આસાંત છું.,angry
આજે મારો રોગ ગાયો લાગાય છે.,happy
આ સેવા બિલ્કુલ [nalaik] છે.,angry
મારો જીવન [ni] છિંતા આને ખત્રો માને દરાવે આને ગાભરા્યો છે.,fear
આ બેવકુફ પં માને નારાજ કરે છે.,angry
માને મારો સ્વાસથ્ય ખરાબ થાય તે નું [ghano] ભય લાગાય છે.,fear
ડોક્તર ને મારો weight આને blood pressure check [karya].,neutral
મારો test result ખરાબ આવે તે નું માને [ghano] દરો લાગાય છે.,fear
માને [ghani] વેદના આને પીદા થાય છે [koi] સહાય નાથી.,sad
માને [ghano] નારાજ આને ક્રોધ છે.,angry
હું ખુબ આનંદ મા છું.,happy
આ બેવકુફ પં આને ધોખો માને ક્રોધ આને નારાજ કરે છે.,angry
માને આજે ડોક્તર ને online મિલ્વું છે.,neutral
મારો દરદ બિલ્કુલ ઓછી થાયો.,happy
મારો રોગ [ghano] ગંભિર છે.,sad
માને આ સેવા ને કારને જીવન સારું લાગાય છે.,happy
આ ગલાત આને નિર્દયી આને બેવકુફ પં માને ક્રોધ [apave] છે.,angry
મારો test result ખરાબ આવે તે નું માને [ghano] દરો લાગાય છે.,fear
આજે ખુસી થી મારો દિન [sharu] થાયો.,happy
માને મારો જીવન [ni] છિંતા આને રોગ [ni] ભીતી લાગાય છે.,fear
મારો test કાલ ડોક્તર ને report મોકલાવો પદ્સે.,neutral
ડોક્તર ને [kahyu] કે રોગ ગંભિર છે માને દરાયો થાયો.,fear
માને [ghano] અંસંતોસા આને [gusse] છે.,angry
મારો operation થાય તે નું હું [ghano] દરો છું.,fear
માને [ghano] ક્રોધ આવે છે આ નિર્દયી આને ગલાત પં થી.,angry
મારો જીવન મા ઘનું કાસ્ત આને દુખ છે.,sad
હું [ghano] ક્રોધી આને આસાંત છું.,angry
આજે મારો report બિલ્કુલ normal આવ્યો.,happy
મારો સ્વાસથ્ય [sudhri] [rahyu] છે.,happy
મારો રોગ ના લાક્ષન ઓછી થાયા છે.,happy
મારો next appointment આગાલતા ગુરુવાર છે.,neutral
માને [ghano] ક્રોધ છે આ અંન્યાય આને [dhokha] થી.,angry
મારો check up આને report ડોક્તર ને મોકલાયા છે.,neutral
E-consult થી ઘનું ફાયદો થાયો.,happy
માને આજે હોસ્પિતલ મા check up થાયો.,neutral
હું ખુબ નિરાસ આને ઉદાસ છું.,sad
મારો ભાવિષ્ય આને સંકાત [ni] છિંતા માને દરાવે છે.,fear
આજે માને [ghano] સંતોશ છે.,happy
માને ડોક્તર ને [bijo] test કર્વા [kahyu] છે.,neutral
આ દાવા [khadhya] પાછી થોદી વાર આરામ કરો.,neutral
હું આજે [ghano] ગાભ્રાયો આને વ્યાકુલ આને દરો આને છિંતિત આને થરથરયો છું.,fear
માને આજે હોસ્પિતલ મા check up થાયો.,neutral
આ online સેવા મા ડોક્તર સાથે video call કરી [sakay].,neutral
હું બિલ્કુલ થાકેલી આને નિરાસ છું.,sad
હું [ghano] [gusse] મા આને આસાંત છું.,angry
સારી સેવા માતે આબહાર છું.,happy
માને [ghani] વેદના આને સંતાપ થાય છે.,sad
આ online portal [par] મારો સ્વાસથ્ય record સાચો વાવાલ છે.,neutral
આ દાવા બિલ્કુલ ગલાત છે માને [ghano] નારાજ કરે છે.,angry
માને [ghani] તકલીફો આને મુસ્કેલી છે.,sad
મારો test result [ni] છિંતા આને દરો માને વ્યાકુલ કરે છે.,fear
માને ડોક્તર ના [javab] થી સારી રાહત [madhi].,happy
મારો blood test સારો આવ્યો છે.,neutral
ડોક્તર ને મારો રોગ સમજા્યો <function j at 0x000001AC201436A0> નાહી.,angry
આ દાવા તે પં જીવન પાછી લેવી.,neutral
મારો જીવન [ni] છિંતા માને દરાવે છે.,fear
હું આજે [ghano] દુખી આને નિરાસ છું.,sad
આ online portal [ghano] ખરાબ આને [bekar] છે માને ક્રોધ આવે છે.,angry
હું [ghano] વ્યાકુલ આને ગાભ્રાયો આને છિંતિત છું.,fear
મારો દિલ [ghano] ઘામ થી ભારેલો લાગાય છે.,sad
મારો રોગ ગંભિર થાય છે તે થી હું [ghano] દરો છું.,fear
હું [ghano] ભય આને ત્રાસ આને દરો આને થરથરયો છું.,fear
આ દાવા રાત્રે સુો [ya] પહેલા લેવી.,neutral
માને [ghano] દર આને ભય આને છિંતા આને ત્રાસ લાગાય છે.,fear
હું આજે [ghano] ભય આને દરો છું.,fear
માને [ghano] અંસંતોસા આને નારાજ છે.,angry
માને [ghano] નારાજ આને [gusse] છે.,angry
મારો દરદ બિલ્કુલ ઓછી થાયો.,happy
માને [ghano] દરદ થાય છે [koi] સહાય નાથી.,sad
હું [ghano] નારાજ આને ક્રોધી છું.,angry
મારો test કાલ ડોક્તર ને report મોકલાવો પદ્સે.,neutral
આ દાવા [khadhya] પાછી થોદી વાર આરામ કરો.,neutral
આજે મારો મન ખુબ હાલ્કું છે.,happy
માને આજે હોસ્પિતલ [javi] ને test [karaavyo].,neutral
ડોક્તર ના લાપરવાહી થી માને ક્રોધ આને [gusse] આવ્યો.,angry
મારો બિમારી ગંભિર થાય છે માને દહ્સાત લાગાય છે.,fear
આ online portal માને [gusse] [apave] છે.,angry
મારો રોગ ઉપછાર [agla] ચાર મહિના ચાલ [se].,neutral
મારો જીવન મા ઘનું અંધારું આને કાસ્ત છે.,sad
માને test result ને [jova] ડોક્તર ને મિલ્વું પદ્સે.,neutral
મારો report ડોક્તર ને મોકલે પદ્સે result જો્યા પાછી.,neutral
આ ધોખો આને ગલાત આને અંન્યાય થી માને [ghano] [gusse] આવ્યો.,angry
આ portal [par] મારો check up report [javi] [shakay] છે.,neutral
માને [ghano] ભય લાગાય છે મારો જીવન [ni] છિંતા છે.,fear
મારો ભાવિષ્ય આને જીવન આને પરિવાર [ni] છિંતા આને સંકાત માને દરાવે આને ગાભરા્યો છે.,fear
હું ખુબ [aanandmay] છું.,happy
માને [ghani] તકલીફ છે આને [koi] સહાય નાથી.,sad
હું હારી ગાયી છું [koi] મદદ નાથી.,sad
માને [ghano] ઘામ આને કાસ્ત છે.,sad
હું ખુબ થાકેલી આને નિરાસ છું.,sad
મારો તકલીફ નું [nivaran] થાયો છે.,happy
હું [ghano] નારાજ આને [gusse] [mein] છું.,angry
મારો આરોગ્ય ખુબ સારો છે.,happy
મારો પરિવાર મા [ghano] દુખ છે.,sad
માને ખુબ દરદ થાય છે.,sad
મારો જીવન મા દુખ છે.,sad
મારો સ્વાસથ્ય ગંભિર છે માને દરો લાગાય છે.,fear
મારો ભાવિષ્ય આને જીવન [ni] છિંતા આને ખત્રો માને દરાવે આને ગાભરા્યો છે.,fear
મારો પરિવાર મા [ghano] સંતાપ આને દુખ છે.,sad
મારો દિલ [khushithi] ભરેલો છે.,happy
મારો ભાવિષ્ય આને જીવન [ni] છિંતા છે.,fear
હું દિન મા ખુબ પાની [pu] છું.,neutral
માને આંસુ આવે છે.,sad
માને [ghano] નિરાસા છે.,sad
ડોક્તર ને [kahyu] કે રોગ ગંભિર છે માને દરાયો થાયો.,fear
મારો જીવન [ni] છિંતા માને દરાવે છે.,fear
માને ખુસી છે મારો આરોગ્ય [sudharyo] છે.,happy
હું આજ બિલ્કુલ ઉદાસ છું.,sad
માને [ghano] સંકાત આને ખત્રો નું દર લાગાય છે મારો જીવન થી.,fear
માને ડોક્તર સાથે વાત કરી સંતોશ મદ્યો.,happy
માને હોસ્પિતલ [jata] પહેલા blood test કરાવ્યો.,neutral
હું આજે [ghano] આસાંત આને [gusse] મા છું.,angry
આ online portal [ghano] ખરાબ આને [bekar] છે માને ક્રોધ આવે છે.,angry
આજે માને [ghano] સંતોશ છે.,happy
હું [ghano] છિંતિત આને દરો છું.,fear
માને [ghano] ક્રોધ આવે છે આ નિર્દયી સેવા થી.,angry
હું આજે [ghano] ગાભ્રાયો આને વ્યાકુલ આને દરો આને છિંતિત છું.,fear
માને આજે હોસ્પિતલ મા check up થાયો.,neutral
હું [ghano] વ્યાકુલ આને ગાભ્રાયો આને છિંતિત છું.,fear
મારો test result [aavata] <function j at 0x000001AC201436A0> ડોક્તર ને જાનાવનું છે.,neutral
ડોક્તર ના મદદ થી માને [ghano] ફાયદો થાયો.,happy
મારો test result [aavane] [vale] છે માને [ghano] દરો લાગાય છે.,fear
ડોક્તર ને માને પાની વધુ [piva] આને fruits [khava] [kahyu].,neutral
માને ઘનું સંતોશ છે.,happy
મારો જીવન [ni] છિંતા માને દરાવે છે.,fear
માને [ghano] ભય આને છિંતા આને દરો લાગાય છે.,fear
મારો report કાલ આવસે.,neutral
આ ગલાત આને નિર્દયી આને બેવકુફ પં માને ક્રોધ [apave] છે.,angry
માને [ghani] મુસ્કેલી છે.,sad
મારો દિલ [rovi] રહ્યો છે માને દુખ છે.,sad
હું આજે પુર્ન સ્વાસથા છું.,happy
માને આ સેવા ખુબ સારી લાગી.,happy
માને [ghano] આઘાત આને ભય લાગાય છે.,fear
મારો જીવન મા અંધારું આને કાસ્ત છે.,sad
માને [ghani] પીદા છે [koi] સહાય નાથી કરતો.,sad
દાવા સારી છે આને હું જાલ્દી થીક છું.,happy
મારો જીવન મા અંધારું આને દુખ છે.,sad
તકલીફ ઓછી થાયી છે.,happy
હું આજે [ghano] ઉદાસ છું.,sad
માને [ghano] નારાજ છે આ ગલાત વા્યવહાર થી.,angry
હું દિન મા ખુબ પાની [pu] છું.,neutral
આ અંન્યાય માને ક્રોધ [apave] છે.,angry
મારો જીવન આખિર [tak] દુખ છે.,sad
હું આજે [ghano] દુખી આને નિરાસ છું.,sad
માને test result ને [jova] ડોક્તર ને મિલ્વું પદ્સે.,neutral
હું ડોક્તર ના નિર્દેશ પ્રમાને દાવા લું છું આને exercise [karu] છું.,neutral
મારો આરોગ્ય મા સુધારો આવ્યો છે.,happy
મારો બિમારી ના ઉપછાર [ni] છિંતા માને દરાવે આને વ્યાકુલ કરે છે.,fear
માને [ghani] પીદા આને કાસ્ત છે.,sad
મારો દિલ આનંદ થી [nacho] છે.,happy
હું [ghano] [gusse] મા છું.,angry
હું ખુબ સુખી છે.,happy
આ portal બિલ્કુલ કામ નાથી કરતો.,angry
માને [ghani] [udaasi] લાગાય છે.,sad
મારો સાપનો તુત્યો [gaya] આને હું થાકેલી છું.,sad
હું આજે [ghano] ક્રોધ આને નારાજ આને આસાંત છું.,angry
માને ડોક્તર ને મિલ્વા થી નિછિંત થાયો.,happy
માને [ghano] અંસંતોસા છે આ હોસ્પિતલ ના વા્યવહાર થી.,angry
માને આ online ડોક્તર સેવા ઘનું પસંદ છે.,happy
મારો રોગ ના લાક્ષન ઉપછાર થી [ghata] છે.,neutral
માને [ghano] છિંતા આને ભય આને દર આને ત્રાસ લાગાય છે.,fear
મારો જીવન મા દુખ આને અંધારું છે.,sad
માને રોજ સકાલ આને સાંજે દાવા લેવી પદે.,neutral
માને સારી સેવા [madhi] છે આને માને આનંદ છે.,happy
મારો જીવન [ni] છિંતા માને દરાવે છે.,fear
મારો બિમારી ના ઉપછાર [ni] છિંતા માને દરાવે આને વ્યાકુલ કરે છે.,fear
હું રોજ ડોક્તર ના સુજાવ પ્રમાને diet આને exercise [karu] છું.,neutral
માને [ghano] છિંતા આને ભય આને દર આને ત્રાસ લાગાય છે.,fear
માને ઘનું સંતોશ છે.,happy
મારો test report normal છે.,neutral
હું બિલ્કુલ નિરાસ આને [asahay] છું.,sad
માને આજે હોસ્પિતલ [javi] ને દાવા લાિ આવ્યો.,neutral
હું આજે [ghano] દરો આને છિંતિત આને ગાભ્રાયો છું.,fear
આજે મારો test result બિલ્કુલ સારો છે.,happy
માને [ghano] છિંતા આને ભય લાગાય છે મારો રોગ ગંભિર થાય તે [ni].,fear
મારો પરિવાર સ્વાસથા આને [aanandmay] છે.,happy
માને [ghano] ઘામ આને દુખ છે.,sad
મારો next appointment આગાલતા ગુરુવાર છે.,neutral
માને દાવા થી [koi] [rahat] નાથી [madti].,sad
હું આજે [ghano] દરો છું.,fear
મારો check up સારો આવ્યો છે.,neutral
હું [ghano] ભય આને દરો આને થરથરયો છું.,fear
મારો ભાવિષ્ય આને સંકાત [ni] છિંતા માને દરાવે છે.,fear
માને [ghani] મુસ્કેલી આને નિરાસા છે.,sad
આ ઉપછાર થી ઘનું ફાયદો થાયો.,happy
માને આજે હોસ્પિતલ [javi] ને દાવા લાિ આવ્યો.,neutral
આ online સેવા થી માને ઘર બેથા report જમા કરી સકાયો.,neutral
હું [ghano] [gusse] મા છું.,angry
માને [ghani] વેદના આને પીદા થાય છે.,sad
મારો રોગ થીક નાહી થાય તો માને [ghano] ભય આને છિંતા લાગાય છે.,fear
મારો [agalo] appointment [budh] વાર છે.,neutral
હું આજ ખુબ દુખી છું.,sad
ડોક્તર ને [kahyu] કે રોગ ગંભિર છે માને દરાયો થાયો.,fear
માને [ghano] નારાજ આને ક્રોધ છે.,angry
આજે ખુસી થી મારો દિન [sharu] થાયો.,happy
માને આ સેવા ઘનું ઉચિત લાગે છે.,happy
મારો મન શાંતિ આને આનંદ મા છે.,happy
માને [ghano] દરો લાગાય છે મારો રોગ ગંભિર છે.,fear
હું [ghano] ભય આને ત્રાસ આને દહ્સાત આને દરો આને થરથરયો છું.,fear
હું આજે [ghano] ઉદાસ છું.,sad
પરિવાર સાથે મિલ્વા થી ખુબ આનંદ થાયો.,happy
માને આજે હોસ્પિતલ [javi] ને દાવા લાિ આવ્યો.,neutral
હું બિલ્કુલ [asahay] આને થાકેલી છું.,sad
મારો બિમારી ગંભિર થાય છે માને દહ્સાત લાગાય છે.,fear
મારો ભાવિષ્ય ગંભિર લાગાય છે માને ભય લાગાય છે.,fear
હું બિલ્કુલ [asahay] આને નિરાસ છું.,sad
આજે હું મારો પરિવાર સાથે ખુસી મા છું.,happy
હું ડોક્તર ના નિર્દેશ પ્રમાને દાવા લું છું આને exercise [karu] છું.,neutral
માને [ghano] દરદ આને તકલીફ છે.,sad
આ રોગ ના લાક્ષન છે મહિના થી છે.,neutral
માને આ સેવા ને કારને જીવન સારું લાગાય છે.,happy
મારો ભાવિષ્ય ગંભિર લાગાય છે માને ભય લાગાય છે.,fear
માને આજે ડોક્તર ને online મિલ્વું છે.,neutral
હું [ghano] નારાજ આને આસાંત છું.,angry
હું ખુબ ઉદાસ આને દુખી છું.,sad
હું [ghano] છિંતિત આને દરો છું.,fear
હું આજે [ghano] દરો આને છિંતિત આને ગાભ્રાયો છું.,fear
આ ગલાત વા્યવહાર થી માને [gusse] આવ્યો.,angry
હું આજે પુર્ન સ્વાસથા છું.,happy
આ portal થી માને ડોક્તર ને [sarasari] મિલ્વા મદદ [thai].,neutral
માને હોસ્પિતલ [jatay] પહેલા ખાધ્યું લેવી લિયા.,neutral
હું [ghano] [gusse] મા આને આસાંત છું.,angry
મારો જીવન મા દુખ આને વેદના છે.,sad
હું [ghano] નારાજ આને ક્રોધી છું.,angry
ડોક્તર ને મારો દરદ સમજા્યો <function j at 0x000001AC201436A0> નાહી માને ક્રોધ આને નારાજ થાયો.,angry
મારો operation [ni] તાિયારી ચાલ છે.,neutral
માને [ghano] દુખ આને સંતાપ છે.,sad
હું આજે [ghano] નારાજ છું.,angry
report સારો આવ્યો માને [ghani] ખુસી છે.,happy
મારો રોગ ના કારને [ghano] દુખ થાય છે.,sad
હું નિરાસ આને ઉદાસ છું.,sad
હું ડોક્તર ના નિર્દેશ પ્રમાને ખાધ્યું આને પાની લું છું.,neutral
હું બિલ્કુલ નિરાસ આને દુખી છું.,sad
આજે હું મારો પરિવાર સાથે ખુસી મા છું.,happy
આ ઉપછાર થી ઘનું ફાયદો થાયો.,happy
માને [ghano] ઘુસ્સા આવે છે.,angry
E-consult થી ઘનું ફાયદો થાયો.,happy
મારો રોગ જાલ્દી સારો થાય છે માને વિસ્વાસ છે.,happy
મારો પરિવાર મા [ghano] દુખ આને ઘામ છે.,sad
હું આજે [ghano] નિરાસ આને થાકેલી છું.,sad
માને [ghano] આઘાત આને ભય લાગાય છે.,fear
માને [ghano] ફાયદો થાયો આ સેવા થી.,happy
હું આજ ખુબ દુખી છું.,sad
મારો ભાવિષ્ય ગંભિર લાગાય છે માને ભય લાગાય છે.,fear
માને [ghano] નિરાસા આને ઘામ છે.,sad
હું આજે ખુબ આનંદ અનુભવ [karu] છું.,happy
માને આજે ડોક્તર ને મિલ્વું છે appointment છે.,neutral
આજે માને [ghano] સંતોશ છે.,happy
હું આજે [ghano] [gusse] મા છું.,angry
હું [ghano] ભય આને દરો આને થરથરયો છું.,fear
માને [ghano] દર આને ભય આને ત્રાસ લાગાય છે.,fear
મારો જીવન મા દુખ આને અંધારું છે.,sad
હું ડોક્તર ના નિર્દેશ પ્રમાને ખાધ્યું આને પાની લું છું.,neutral
મારો test result કાલ આવે છે.,neutral
આ ગલાત આને નિર્દયી આને બેવકુફ પં માને ક્રોધ [apave] છે.,angry
આ ગલાત કામ આને [dhokha] થી હું [ghano] ક્રોધ મા છું.,angry
માને આજે ડોક્તર ને મિલ્વું છે appointment છે.,neutral
આ દાવા બિલ્કુલ ગલાત છે.,angry
હું આજે [ghano] ગાભ્રાયો આને વ્યાકુલ આને દરો આને છિંતિત આને થરથરયો છું.,fear
માને ખુશ [rehvanu] [karan] [madyu] છે.,happy
માને [ghani] વેદના આને કાસ્ત છે.,sad
માને [ghano] [gusse] આને અંસંતોસા છે.,angry
હું [ghano] [gusse] મા છું.,angry
મારો જીવન આનંદ થી ભર્યો છે.,happy
માને [ghano] ક્રોધ આવે છે આ નિર્દયી આને ગલાત પં થી.,angry
આ ધોખો આને ગલાત આને અંન્યાય થી માને [ghano] [gusse] આવ્યો.,angry
ડોક્તર ના જવાબ થી તાનાવ ઓછી થાયો.,happy
આ ગલાત આને નિર્દયી વા્યવહાર માને ક્રોધ [apave] છે.,angry
મારો દિલ [ghano] રોવું મન થાય છે.,sad
ડોક્તર ને માને check up માતે [bulavyu] છે.,neutral
ઘર બેથા ડોક્તર સાથે વાત કરી સકાયો.,happy
માને [ghano] ઘામ છે [koi] [samajtu] નાથી.,sad
માને result સારો મદ્યો છે હું ખુશ છું.,happy
માને આજે હોસ્પિતલ [javi] ને દાવા લાિ આવ્યો.,neutral
આ online portal [par] મારો medical record છે.,neutral
મારો રોગ ના કારને [ghani] મુસ્કેલી છે.,sad
હું [ghano] ભય આને ત્રાસ આને દરો આને થરથરયો છું.,fear
હું રોજ ડોક્તર ના નિર્દેશ પ્રમાને diet લું છું.,neutral
મારો આરોગ્ય મા ખુબ સુધાર આવ્યો છે.,happy
મારો પરિવાર સ્વાસથા આને સુખી છે.,happy
માને મારો સ્વાસથ્ય ગંભિર સંકાત મા [avy] તે નું દરો લાગાય છે.,fear
માને [ghano] ભય આને દર લાગાય છે.,fear
મારો જીવન મા ઘનું કાસ્ત આને ઘામ છે.,sad
હું બિલ્કુલ સારો છું.,happy
મારો test result [aavane] [vale] છે માને [ghano] દરો લાગાય છે.,fear
મારો result ડોક્તર ને મોકલે પદ્સે.,neutral
માને result સારો મદ્યો છે હું ખુશ છું.,happy
આ ધોખો આને ગલાત આને અંન્યાય થી માને [ghano] [gusse] આવ્યો.,angry
હું દિન મા ખુબ પાની [pu] છું.,neutral
મારો પરિવાર મા [ghano] કાસ્ત આને ઘામ છે.,sad
હું [ghano] નારાજ આને ક્રોધી છું.,angry
માને [ghano] ક્રોધ આવે છે આ નિર્દયી આને ગલાત પં થી.,angry
આ સેવા થી ઘર બેથા <function j at 0x000001AC201436A0> ડોક્તર [ni] મદદ [male] છે.,neutral
આ બેવકુફ પં આને ધોખો માને ક્રોધ આને નારાજ કરે છે.,angry
હું બિલ્કુલ નિરાસ આને બેબાસ છું.,sad
મારો સ્વાસથ્ય record ડોક્તર ને મોકલે પદ્યો.,neutral
મારો રોગ જાલ્દી થીક થાતો નાથી.,sad
માને દાવા થી [koi] [rahat] નાથી [madti].,sad
હું ખુબ આનંદ મા છું.,happy
result સારો આવ્યો છે.,happy
આ સેવા મા માને ડોક્તર સાથે વાત કરી સકાયો.,neutral
ડોક્તર ને માને [dhyan] નાથી [aapyu] માને ક્રોધ આવ્યો.,angry
માને [ghani] તકલીફો આને પીદા છે.,sad
હું આજે [ghano] નારાજ આને [gusse] મા છું.,angry
આજે માને ડોક્તર ના ઉપછાર થી ખુબ આરામ મદ્યો.,happy
માને સાહી વક્ત [e] સેવા મદ્વી.,happy
મારો સ્વાસથ્ય ગંભિર છે માને દરો લાગાય છે.,fear
માને આજે online appointment લેવી આને ડોક્તર સાથે વાત કરી.,neutral
માને [ghano] ભય લાગાય છે મારો સ્વાસથ્ય થી.,fear
માને [ghano] સંતાપ આને વેદના છે.,sad
માને [ghano] આઘાત આને ભય લાગાય છે.,fear
માને [ghano] ક્રોધ આને [gusse] આવે છે.,angry
હું [ghano] નારાજ છું.,angry
માને ડોક્તર ના [javab] થી સારી રાહત [madhi].,happy
આ ગલાત [kam] થી માને [ghano] [gusse] આવ્યો.,angry
મારો weight check up report normal છે.,neutral
ડોક્તર ને મારો weight આને blood pressure check [karya].,neutral
ડોક્તર ને મારો રોગ સમજા્યો <function j at 0x000001AC201436A0> નાહી.,angry
માને [ghano] ઘામ આને પીદા છે.,sad
માને ખુબ [aanandmay] અનુભવ થાયો છે.,happy
હું [ghano] સુખી છું.,happy
ડોક્તર ના જવાબ ને કારને મારો ઉપછાર બદ્લાયો.,neutral
મારો જીવન મા ઘનું અંધારું છે.,sad
માને [ghani] રાહત થાયી.,happy
માને મારો રોગ ગંભિર થાય છે તે [ni] [ghani] છિંતા છે.,fear
માને આ બિમારી થી [ghano] કાસ્ત છે.,sad
મારો દિલ [ghano] રોવું મન થાય છે.,sad
માને [ghano] ભય આને છિંતા આને દરો લાગાય છે.,fear
મારો operation પાછી નું [checkup] સોમ વાર છે.,neutral
online સેવા ઘનું [sukhe] મદાવ મેલ્વી.,happy
આ દાવા [khadhya] પાછી લેવી.,neutral
હું આજે [ghano] છિંતિત છું મારો report [ni] છિંતા છે.,fear
માને [ghano] [gusse] આને નારાજ છે.,angry
ડોક્તર ના ઉપછાર થી [koi] ફાયદો નાથી થાયો.,angry
માને [ghano] અંસંતોસા આને નારાજ છે.,angry
માને [ghano] દરો લાગાય છે બધું ખરાબ થાય છે તે નું.,fear
મારો રોગ થીક નાહી થાય તો માને [ghano] ભય આને છિંતા લાગાય છે.,fear
ડોક્તર ને માને આરામ કર્વા આને વધુ સુો [va] [kahyu].,neutral
માને [ghano] ભય લાગાય છે આ મુસિબત થી.,fear
માને [ghano] નિરાસા છે.,sad
હું ખુબ સુખી છે.,happy
મારો દિલ [khushithi] ભરેલો છે.,happy
મન પ્રાસન્ન છે.,happy
ડોક્તર ના ગંભિર જવાબ થી માને ભય આને દહ્સાત લાગી.,fear
ડોક્તર ને મારો report [joyyu] આને દાવા [badlaya].,neutral
માને નાવી ઉમેદ થાયી છે.,happy
હું માને સારી સેવા [madhi] છે માતે આબહાર છું.,happy
માને ડોક્તર ના ઉપછાર થી [ghano] ફાયદો મદ્યો.,happy
હું [ghano] છિંતિત આને દરો છું.,fear
માને [ghano] સંતાપ આને કાસ્ત છે.,sad
હું આજે [ghano] થાકેલી આને ઉદાસ છું.,sad
મારો રોગ ના કારને [ghano] કાસ્ત થાય છે.,sad
માને [ghano] સંતાપ આને ઘામ છે.,sad
મારો જીવન મા ઘનું દુખ આને ઘામ છે.,sad
હું [ghano] વ્યાકુલ આને દરો છું.,fear
ડોક્તર ના જવાબ થી માને [gusse] આવ્યો.,angry
હું [ghano] [gusse] મા છું.,angry
મારો જીવન મા દુખ છે.,sad
દાવા થી દરદ ઓછી થાયો છે.,happy
માને ઘનું ખરાબ લાગાય છે.,sad
મારો રોગ જાલ્દી થીક થાતો નાથી.,sad
માને [ghano] ક્રોધ આને નારાજ આવે છે.,angry
હું આજ ખુબ ઉદાસ આને દુખી છું.,sad
માને આ સેવા થી [ghano] [gusse] આવ્યો છે.,angry
હું ખુબ [aanandmay] છું.,happy
મારો check up આને blood test normal છે.,neutral
હું આજે પુર્ન સ્વાસથા છું.,happy
આ અંન્યાય માને ક્રોધ [apave] છે.,angry
માને [ghano] ક્રોધ આવે છે આ ગલાત કામ થી.,angry
મારો જીવન આખિર [tak] દુખ છે.,sad
online સેવા ને કારને ઘર બેથા ઉપછાર મદ્યો.,happy
માને સુખ આને આનંદ [anubhvay] છે.,happy
મારો પરિવાર સ્વાસથા છે આને હું ખુશ છું.,happy
ડોક્તર ને મારો case સરાખ્યો <function j at 0x000001AC201436A0> નાહી માને ક્રોધ આવ્યો.,angry
આ ધોખો આને ગલાત આને અંન્યાય થી માને [ghano] [gusse] આવ્યો.,angry
ડોક્તર ને મિલ્યો આને મન હાલ્કું થાયો.,happy
માને [ghano] [gusse] આવે છે આ ગલાત પં થી.,angry
માને મારો જીવન [ni] છિંતા આને રોગ [ni] ભીતી લાગાય છે.,fear
આજે માને ખુબ આનંદ છે.,happy
માને [ghano] દરો લાગાય છે બધું ખરાબ થાય છે તે નું.,fear
મારો operation થાય તે નું હું [ghano] દરો છું.,fear
આ દાવા [khadhya] પાછી એક કાલાક સુો [vo].,neutral
હું [ghano] નારાજ આને આસાંત છું.,angry
મારો જીવન મા દુખ આને કાસ્ત છે.,sad
માને મારો જીવન [ni] છિંતા આને રોગ [ni] ભીતી લાગાય છે.,fear
માને [ghano] ક્રોધ આને [gusse] આવે છે આ [dhokha] થી.,angry
મારો બિમારી ના ઉપછાર [ni] છિંતા માને દરાવે આને વ્યાકુલ કરે છે.,fear
માને [ghano] ક્રોધ આવે છે આ બિલ્કુલ ગલાત છે.,angry
ડોક્તર ને મારો રોગ [jova] માતે report આપ્વું પદ્સે.,neutral
report સારો આવ્યો માને [ghani] ખુસી છે.,happy
આ online સેવા ઘનું સારી છે.,happy
ડોક્તર ને [kahyu] કે operation [jaruri] છે માને [ghano] દરો આને ગાભ્રાયો [thu].,fear
હું [ghano] [gusse] આને ક્રોધી છું.,angry
માને [ghano] ત્રાસ આને દહ્સાત આને ભય આને દર લાગાય છે.,fear
ડોક્તર ને મિલ્યો આને નિછિંત થાયો.,happy
માને આ portal થી [ghano] ફાયદો મદ્યો.,happy
ડોક્તર ના જવાબ ને કારને મારો ઉપછાર બદ્લાયો.,neutral
હું [ghano] નારાજ આને આસાંત છું.,angry
માને [ghano] છિંતા આને દર આને ભય લાગાય છે.,fear
હું [ghano] ક્રોધી આને આસાંત છું.,angry
હું આજે બિલ્કુલ નિરાસ છું.,sad
માને ખુબ સંતોશ છે.,happy
મારો આરોગ્ય ખુબ સારો છે.,happy
મારો test કાલ ડોક્તર ને report મોકલાવો પદ્સે.,neutral
મારો જીવન આનંદ થી ભર્યો છે.,happy
માને [ghano] ઘામ આને કાસ્ત છે.,sad
માને તકલીફો થી [mukti] મદી છે.,happy
મારો જીવન આનંદ થી ભર્યો છે.,happy
માને [ghano] ભય લાગાય છે મારો જીવન [ni] છિંતા છે.,fear
આ ગલાત વા્યવહાર માને ક્રોધ [apave] છે.,angry
મારો રોગ થીક નાહી થાય તો માને [ghano] ભય આને છિંતા લાગાય છે.,fear
માને [ghano] ભય લાગાય છે આ મુસિબત થી.,fear
માને [ghano] દરો લાગાય છે મારો રોગ ગંભિર છે.,fear
હું ડોક્તર ના નિર્દેશ પ્રમાને દાવા લું છું આને exercise [karu] છું.,neutral
ડોક્તર ના પ્રયાસો થી માને ફાયદો થાયો.,happy
આ online સેવા થી ઘર બેથા ડોક્તર થી [bat] કરી [shakay].,neutral
હું આજે [ghano] વ્યાકુલ છું.,fear
આજે મારો મન ખુબ હાલ્કું છે.,happy
આજે મારો રોગ ગાયો લાગાય છે.,happy
મારો રોગ થીક નાહી થાય તો માને [ghano] ભય આને છિંતા લાગાય છે.,fear
માને મારો સ્વાસથ્ય [ni] [ghani] છિંતા છે.,fear
હું આજે [ghano] ગાભ્રાયો આને વ્યાકુલ આને દરો આને છિંતિત આને થરથરયો છું.,fear
મારો રોગ ના કારને [ghano] વેદના છે.,sad
હું આજે [ghano] દરો આને છિંતિત આને ગાભ્રાયો છું.,fear
મારો operation [ni] તાિયારી ચાલ છે.,neutral
મારો સાપનો તુત્યો [gaya] છે.,sad
મારો જીવન મા ઘનું અંધારું આને દુખ છે.,sad
આજે માને બિલ્કુલ થીક લાગાય છે.,happy
માને આજે હોસ્પિતલ મા blood test [karavo] પદ્યો.,neutral
હું [ghano] ક્રોધ આને આસાંત છું.,angry
ડોક્તર ને મારો report [joyyu] આને રોગ નું નામ બતાવ્યું.,neutral
માને આજે ડોક્તર ને online મિલ્વું છે.,neutral
હું [ghano] ભય આને દરો આને થરથરયો છું.,fear
ડોક્તર ના ઉપછાર બિલ્કુલ ઉચિત છે.,happy
માને [ghano] ક્રોધ આવે છે આ નિર્દયી વા્યવહાર થી.,angry
ડોક્તર ના જવાબ થી તાનાવ ઓછી થાયો.,happy
માને [ghano] ઘામ છે [koi] [samajtu] નાથી.,sad
હું આજે રોવું મન થાય છે.,sad
હું આજે [ghano] ગાભ્રાયો આને છિંતિત આને દરો છું.,fear
માને [ghano] નારાજ આને ક્રોધ છે.,angry
માને [ghani] તકલીફો આને કાસ્ત છે.,sad
હું આજે [ghano] દુખી આને [asahay] છું.,sad
માને [ghano] દર આને ભય આને ત્રાસ લાગાય છે.,fear
માને [ghano] દુખ આને ઘામ છે.,sad
ડોક્તર ને [kahyu] કે રોગ ગંભિર છે માને દરાયો થાયો.,fear
માને online ડોક્તર ના જવાબ થી [ghano] દરો લાગ્યો.,fear
મારો ભાવિષ્ય આને જીવન [ni] છિંતા આને ખત્રો માને દરાવે આને ગાભરા્યો છે.,fear
આ ગલાત આને નિર્દયી આને બેવકુફ પં માને ક્રોધ [apave] છે.,angry
મારો રોગ જાલ્દી થીક થાય છે.,happy
હું આજે [ghano] બેબાસ આને થાકેલી છું.,sad
માને ખુબ સારો [feel] થાય છે.,happy
માને આ સેવા થી [ghano] [gusse] આવ્યો છે.,angry
મારો જીવન [ni] આને પરિવાર [ni] છિંતા માને ગાભરા્યો છે.,fear
માને [ghano] અંસંતોસા આને ક્રોધ આને [gusse] છે.,angry
આ દાવા રાત્રે ખાલી પેત નાથી લેવી.,neutral
ડોક્તર ને મારો report જો્યા આને [nava] test [karava] [kahyu].,neutral
મારો રોગ ખત્રો [nak] લાગાય છે માને ભય લાગાય છે.,fear
આ દાવા બિલ્કુલ કામ નાથી [karti] માને [ghano] અંસંતોસા આને [gusse] છે.,angry
હું આજે [ghano] દરો આને છિંતિત આને ગાભ્રાયો છું.,fear
માને [ghano] દર લાગાય છે આ ભયનાક મુસિબત થી.,fear
માને [ghano] [gusse] આવે છે આ ગલાત પં થી.,angry
ડોક્તર ને માને કુચ સમય [badh] આરામ કર્વા [kahyu].,neutral
માને ડોક્તર ના [javab] થી સારી રાહત [madhi].,happy
મારો દાવા નું course [pura] થાયો છે.,neutral
માને [ghano] સંકાત આને ખત્રો નું દર લાગાય છે મારો જીવન થી.,fear
હું [ghano] વ્યાકુલ આને દરો છું.,fear
હું [ghano] ભય આને દરો આને થરથરયો છું.,fear
માને blood test કર્વા [kahyu] છે આને result કાલ આવસે.,neutral
આજે માને બિલ્કુલ સારો લાગે છે.,happy
મારો report આવ્યો છે ડોક્તર ને મોકલે પદ્સે.,neutral
આ દાવા ગલાત છે માને [ghano] [gusse] આવ્યો.,angry
માને સુખ આને આનંદ [anubhvay] છે.,happy
મારો operation નું વિચાર કર્વા થી હું [ghano] ગાભ્રાયો છું.,fear
મારો દિલ આનંદ થી ભરાયેલું છે.,happy
માને [ghano] ક્રોધ આવે છે આ નાલાિક સેવા થી.,angry
માને [aarogyamay] જીવન માતે આનંદ છે.,happy
માને [ghano] દરદ આને પીદા છે.,sad
ડોક્તર ના ઉપછાર થી [koi] ફાયદો નાથી થાયો.,angry
ડોક્તર ને માને રોજ yoga આને pranayam કર્વા [kahyu].,neutral
આજ માને [ghani] ખુસી છે.,happy
મારો weight પિચ્ચલે [mahi] ને થી વાગ્યો છે.,neutral
મારો result ડોક્તર ને મોકલે પદ્સે.,neutral
માને [ghano] સંતાપ આને કાસ્ત છે.,sad
હું આજે [ghano] દરો આને છિંતિત આને ગાભ્રાયો છું.,fear
માને બિલ્કુલ પસંદ નાથી.,angry
આ online portal [ghano] ખરાબ આને [bekar] છે માને ક્રોધ આવે છે.,angry
હું બિલ્કુલ નિરાસ થાયો છું.,sad
માને [ghano] ભય આને દર લાગાય છે.,fear
માને ડોક્તર ને [bijo] test કર્વા [kahyu] છે.,neutral
હું આજે [ghano] ગાભ્રાયો આને વ્યાકુલ આને દરો આને છિંતિત આને થરથરયો છું.,fear
આ online સેવા ઘનું સારી છે.,happy
હું આજે [ghano] ક્રોધ આને અંસંતોસા મા છું.,angry
ડોક્તર ને મારો x-ray [joyyu].,neutral
મારો જીવન મા અંધારું આને નિરાસા છે.,sad
આજે મારો દરદ બિલ્કુલ ઓછી થાયો.,happy
હું હારી આને થાકેલી છું.,sad
મારો રોગ ના કારને [ghano] દુખ આને કાસ્ત છે.,sad
હું આજ ખુબ ઉદાસ આને દુખી છું.,sad
ડોક્તર ના જવાબ થી માને [ghano] આઘાત આને દરો લાગ્યો.,fear
આ online સેવા થી માને ઘર બેથા report જમા કરી સકાયો.,neutral
આ ધોખો આને અંન્યાય થી માને ક્રોધ આવ્યો.,angry
માને [ghano] ઘામ આને દુખ છે.,sad
માને [ghani] વેદના આને મુસ્કેલી થાય છે.,sad
માને [ghano] ભય લાગાય છે મારો જીવન [ni] છિંતા છે.,fear
આ portal [par] ડોક્તર ને online message આને report મોકલી [sakay].,neutral
માને [ghano] અંસંતોસા આને ક્રોધ છે આ [bekar] સેવા થી.,angry
આ દાવા [khava] પહેલા ખાધ્યું લેવો.,neutral
માને [ghano] [gusse] આવ્યો છે ડોક્તર ના ગલાત ઉપછાર થી.,angry
મારો જીવન તુત્યો ગાયો લાગાય છે.,sad
મારો જીવન [ni] છિંતા માને દરાવે છે.,fear
ડોક્તર ના જવાબ થી માને [ghano] આઘાત લાગ્યો.,fear
મારો મન આનંદ થી ભરેલો છે.,happy
માને ડોક્તર ના [vat] થી [ghano] સંતોશ મદ્યો.,happy
માને [ghano] ભય આને છિંતા આને દરો લાગાય છે.,fear
માને [ghano] કાસ્ત આને સંતાપ થાય છે.,sad
માને ધાન્યાવાદ ધાન્યાવાદ ડોક્તર.,happy
મારો તાનાવ ઓછી થાયો આને મન શાંતિ [madhi].,happy
માને [ghano] અંસંતોસા આને ક્રોધ આને [gusse] છે.,angry
માને આજે online appointment લી આને report મોકલી.,neutral
મારો બિમારી ના ઉપછાર [ni] છિંતા માને દરાવે આને વ્યાકુલ કરે છે.,fear
હું [ghano] ભય આને દરો આને થરથરયો છું.,fear
માને [ghano] દરદ આને તકલીફ છે.,sad
ડોક્તર ને [kahyu] કે રોગ ગંભિર છે માને દરાયો થાયો.,fear
માને આજે હોસ્પિતલ મા check up થાયો.,neutral
દાવા થી દરદ ઓછી થાયો છે.,happy
મારો blood test કાલ થાય છે.,neutral
મારો check up સારો આવ્યો છે.,neutral
મારો next appointment આગાલતા ગુરુવાર છે.,neutral
માને [ghano] ભય લાગાય છે મારો operation થાય [tevi] સાખ્યતા છે.,fear
મારો જીવન મા ઘનું અંધારું આને કાસ્ત છે.,sad
ડોક્તર ને મારો દરદ સમજા્યો <function j at 0x000001AC201436A0> નાહી.,angry
ડોક્તર ને મારો report જો્યા આને [nava] test [karava] [kahyu].,neutral
મારો સ્વાસથ્ય ગંભિર છે માને દરો લાગાય છે.,fear
મારો આરોગ્ય ખુબ સારો છે.,happy
આ બેવકુફ પં આને ગલાત કામ માને ક્રોધ [apave] છે.,angry
મારો test result કાલ આવે છે.,neutral
હું બિલ્કુલ નિરાસ આને દુખી છું.,sad
હું આજ ખુબ [aanandmay] આને ખુસી મા છું.,happy
આ online portal [par] ડોક્તર ને report મોકલી [sakay] છે.,neutral
માને આજે હોસ્પિતલ [javi] ને દાવા લાિ આવ્યો.,neutral
મારો રોગ જાલ્દી થીક થાય છે માને આનંદ છે.,happy
હું આજે [ghano] છિંતિત છું મારો report [ni] છિંતા છે.,fear
આ દાવા [roj] રાત્રે લેવી આને [sakaro] આરામ કરો.,neutral
મારો રોગ થીક નાહી થાય તો માને [ghano] ભય આને છિંતા લાગાય છે.,fear
હું [ghano] [gusse] આને ક્રોધ મા છું.,angry
આ દાવા રાત્રે સુો [ya] પહેલા લેવી.,neutral
માને [sari] રાહત [madhi] છે.,happy
માને આ online ડોક્તર સેવા ઘનું પસંદ છે.,happy
હું આજ ખુબ આનંદ મા છું.,happy
result સારો આવ્યો છે.,happy
મારો રોગ ના કારને [ghani] મુસ્કેલી આને દુખ છે.,sad
મારો જીવન મા આનંદ આવ્યો છે.,happy
હું આજે [ghano] ગાભ્રાયો આને વ્યાકુલ આને દરો આને છિંતિત આને થરથરયો છું.,fear
મારો જીવન [ni] આને પરિવાર [ni] છિંતા માને ગાભરા્યો છે.,fear
માને [ghano] ભય આને છિંતા આને દરો લાગાય છે.,fear
હું નિરાસ આને ઉદાસ છું.,sad
મારો જીવન [ni] છિંતા માને દરાવે છે.,fear
મારો report કાલ [aavse] આને ડોક્તર ને [batavvu] પદ્સે.,neutral
માને [ghano] દર આને ભય આને ત્રાસ લાગાય છે.,fear
માને [ghano] અંસંતોસા આને [gusse] આવે છે.,angry
આ અંન્યાય માને ક્રોધ [apave] છે.,angry
માને ઘનું ખરાબ લાગાય છે.,sad
માને [ghano] દરદ આને નિરાસા છે.,sad
હું આજે [ghano] આસાંત આને ક્રોધ મા છું.,angry
મારો ભાવિષ્ય આને જીવન [ni] છિંતા છે.,fear
હું આજે [ghano] આસાંત આને નારાજ છું.,angry
માને [ghano] ફાયદો થાયો આ સેવા થી.,happy
માને [ghano] ત્રાસ લાગાય છે.,fear
મારો દરદ દિવાસ દિવાસ વધે છે.,sad
હું [ghano] ભય આને દરો આને થરથરયો છું.,fear
હું [ghano] થરથરયો છું ભય થી.,fear
આ portal બિલ્કુલ કામ નાથી કરતો.,angry
આજે મારો પરિવાર આનંદ મા છે.,happy
પરિવાર સાથે આનંદ મા છે.,happy
આજે માને ખુબ આનંદ છે.,happy
હું આજ બિલ્કુલ થાકેલી આને નિરાસ છું.,sad
મારો જીવન મા ઘનું દુખ આને નિરાસા છે.,sad
હું આજ બિલ્કુલ દુખી આને નિરાસ છું.,sad
મારો check up આને report ડોક્તર ને મોકલાયા છે.,neutral
મારો operation [ni] તાિયારી ચાલ છે.,neutral
માને આજે online appointment લેવી આને ડોક્તર સાથે વાત કરી.,neutral
હું આજે [ghano] આસાંત આને [gusse] મા છું.,angry
મારો check up આને report ડોક્તર ને મોકલાયા છે.,neutral
માને [ghano] દરદ આને મુસ્કેલી થાય છે.,sad
આ online portal [par] appointment લેવી આને report મોકલી [sakay].,neutral
આ ગલાત વા્યવહાર થી માને [gusse] આવ્યો.,angry
મારો પરિવાર આનંદ મા છે.,happy
માને [ghano] ક્રોધ આવે છે આ બિલ્કુલ ગલાત છે.,angry
માને [ghano] [gusse] આવે છે આ ગલાત પં થી.,angry
મારો operation નું વિચાર કર્વા થી હું [ghano] ગાભ્રાયો છું.,fear
મારો test result [aavane] [vale] છે માને [ghano] દરો લાગાય છે.,fear
ડોક્તર ખુબ સારો છે.,happy
મારો blood pressure normal છે.,neutral
હું [ghano] નારાજ આને [gusse] [mein] છું.,angry
ડોક્તર ને માને રોજ exercise કર્વા સુજાવ [apyu].,neutral
હું આ સેવા થી [ghano] ખુશ છું.,happy
હું [ghano] વ્યાકુલ આને છિંતિત આને ગાભ્રાયો આને દરો છું.,fear
હું આજે [ghano] નારાજ છું.,angry
હું ખુબ બેબાસ આને નિરાસ છું.,sad
માને [ghano] દુખ આને નિરાસા છે.,sad
હું આજે [ghano] બેબાસ આને દુખી છું.,sad
મારો સ્વાસથ્ય ગંભિર છે માને દરો લાગાય છે.,fear
માને [ghano] દરો લાગાય છે મારો રોગ ગંભિર છે.,fear
મારો જીવન [ni] આને પરિવાર [ni] છિંતા માને ગાભરા્યો છે.,fear
મારો test result કાલ આવસે આને ડોક્તર ને જાનાવસે.,neutral
હું બિલ્કુલ [asahay] આને બેબાસ છું.,sad
આ online સેવા મા appointment લેવા માતે register [karvu] પદે.,neutral
આ ગલાત [kam] માને ક્રોધ [apave] છે.,angry
મારો test result કાલ આવસે આને ડોક્તર ને જાનાવસે.,neutral
આ અંન્યાય માને ક્રોધ [apave] છે.,angry
માને [ghano] [gusse] આવે છે આ ગલાત પં થી.,angry
આજે માને ઘનું આનંદ થાયો.,happy
આ online સેવા થી ઘર બેથા ડોક્તર થી [bat] કરી [shakay].,neutral
મારો weight પિચ્ચલે [mahi] ને થી વાગ્યો છે.,neutral
મારો દિલ [ghano] ઉદાસ છે.,sad
આ દાવા [khava] પહેલા ખાધ્યું લેવો.,neutral
આ અંન્યાય આને ગલાત કામ થી હું [ghano] નારાજ છું.,angry
આજે મારો મન ખુબ હાલ્કું છે.,happy
હું આજે [ghano] ક્રોધ આને [gusse] મા છું.,angry
મારો સંકાત મા [hovu] નું દર માને ગાભરા્યો છે.,fear
હું રોજ સાંજે ચાલ [va] જાવું છું તે ડોક્તર નું સુજાવ છે.,neutral
આ સેવા થી ઘર બેથા <function j at 0x000001AC201436A0> ડોક્તર [ni] મદદ [male] છે.,neutral
મારો આગાલો check up [agla] સોમ વાર છે.,neutral
ડોક્તર ના વા્યવહાર થી માને [ghano] અંસંતોસા આને ક્રોધ છે.,angry
માને મારો સ્વાસથ્ય [ni] [ghani] છિંતા છે.,fear
માને ડોક્તર થી [ghani] મદદ થી છે.,happy
માને [ghano] ત્રાસ લાગાય છે.,fear
માને [ghani] વેદના આને પીદા થાય છે [koi] સહાય નાથી.,sad
મારો next appointment આગાલતા ગુરુવાર છે.,neutral
મારો આરોગ્ય [sudhri] રહ્યો છે માને આનંદ છે.,happy
આ દાવા તિન મહિના લેવી પદ્સે.,neutral
મારો operation [ni] તાિયારી પુરી થાયી છે.,neutral
માને [koi] મદદ નાથી કરતો.,sad
માને [ghani] પીદા આને કાસ્ત છે.,sad
મારો રોગ વધુ વધ્યો છે.,sad
હું આજે [ghano] ક્રોધી આને નારાજ છું.,angry
મારો સાપનો તુત્યો ગાયો આને હું દુખી છું.,sad
મારો રોગ જાલ્દી સારો થાય છે માને વિસ્વાસ છે.,happy
આ સેવા ખુબ ઉત્તમ છે.,happy
હું [ghano] નારાજ આને આસાંત છું.,angry
ડોક્તર ને મારો x-ray આને blood test જો્યા.,neutral
હું આજે [ghano] દરો આને છિંતિત આને ગાભ્રાયો છું.,fear
મારો જીવન [ni] છિંતા માને દરાવે છે.,fear
મારો દાવા નું course [pura] થાયો છે.,neutral
મારો રોગ ઓછી થાયો છે આને માને આનંદ છે.,happy
આજે પરિવાર સાથે [ghano] આનંદ મદ્યો.,happy
હું આ સેવા થી [ghano] ખુશ છું.,happy
હું ખુબ દુખી આને બેબાસ છું.,sad
મારો દિલ [ghano] રોવું મન થાય છે.,sad
મારો સ્વાસથ્ય બિલ્કુલ થીક છે.,happy
હું [ghano] વ્યાકુલ આને ગાભ્રાયો આને છિંતિત છું.,fear
મારો રોગ જાલ્દી સારો થાય છે માને વિસ્વાસ છે.,happy
આ દાવા બિલ્કુલ કામ નાથી [karti] માને [ghano] અંસંતોસા આને [gusse] છે.,angry
હું [ghano] ગાભ્રાયો આને છિંતિત છું.,fear
માને ખુબ સારી અનુભવ આવી.,happy
મારો આરોગ્ય [sudharyo] છે આને માને આનંદ છે.,happy
માને આંસુ આવે છે.,sad
માને આ portal થી [ghano] ફાયદો મદ્યો.,happy
આ સેવા થી માને બિલ્કુલ સંતોશ નાથી માને [gusse] આવ્યો.,angry
માને તકલીફો થી [mukti] મદી છે.,happy
હું આજે [ghano] આસાંત છું.,angry
હું આજે [ghano] દુખી છું.,sad
માને online ડોક્તર ના જવાબ થી [ghano] દરો લાગ્યો.,fear
આ ધોખો થી માને [ghano] ક્રોધ આવ્યો.,angry
હું આજે [ghano] [gusse] મા છું.,angry
આ દાવા સુો [ya] પાછી લેવી.,neutral
આ દાવા refrig [erater] મા [rakhvi].,neutral
આ online સેવા [ghano] ખરાબ આને [bekar] આને નાલાિક છે માને ક્રોધ આવે છે.,angry
ડોક્તર ને માને કુચ સમય [badh] આરામ કર્વા [kahyu].,neutral
માને [ghano] દર લાગાય છે આ ભયનાક મુસિબત થી.,fear
હું [ghano] [gusse] આને ક્રોધ મા છું.,angry
હું હારી ગાયી આને થાકેલી છું.,sad
મારો જીવન આખિર [tak] દુખ છે.,sad
હું આજે [ghano] નિરાસ આને થાકેલી છું.,sad
હું બિલ્કુલ નિરાસ આને બેબાસ છું.,sad
મારો પરિવાર મા [ghano] દુખ છે.,sad
માને [ghano] ઘામ છે.,sad
મારો દિલ [ghano] ભારેલો લાગાય છે.,sad
માને આજે online ડોક્તર ને મિલ્યો આને report [moklyo].,neutral
આ ઉપછાર થી ઘનું ફાયદો થાયો.,happy
માને [ghano] ભય લાગાય છે મારો જીવન [ni] છિંતા છે.,fear
હું બેબાસ આને એકલા છું.,sad
હું આજે [ghano] આસાંત આને ક્રોધ મા છું.,angry
આ સેવા ખુબ ઉત્તમ છે.,happy
મારો પરિવાર મા [ghano] દુખ આને નિરાસા છે.,sad
મારો જીવન [ni] છિંતા આને ખત્રો માને દરાવે આને ગાભરા્યો છે.,fear
હું આજે [ghano] ક્રોધ મા છું.,angry
માને ખુબ સંતોશ છે.,happy
મારો રોગ થીક [thashe] કે નાહી તે [ni] છિંતા છે.,sad
માને ડોક્તર ને મિલ્વા નાથી મદ્તું.,sad
આ અંન્યાય આને ગલાત કામ થી હું [ghano] નારાજ છું.,angry
માને ડોક્તર ને [bijo] appointment લેવા [kahyu].,neutral
હું ડોક્તર ના સુજાવ પ્રમાને રોજ કસ્રત આને yoga [karu] છું.,neutral
હું આજ ખુબ ઉદાસ આને દુખી છું.,sad
હું આજ બિલ્કુલ થીક છું.,happy
ડોક્તર ને માને [achuk] test [karava] [kahyu].,neutral
માને [ghano] ત્રાસ લાગાય છે.,fear
માને ખુબ [aanandmay] અનુભવ થાયો છે.,happy
મારો આરોગ્ય [sudharyo] છે આને હું ખુસી મા છું.,happy
હું આજે બિલ્કુલ નિરાસ છું.,sad
માને [ghano] ક્રોધ છે.,angry
માને બિલ્કુલ સારો લાગ્યું.,happy
માને [ghano] દરદ આને પીદા થાય છે.,sad
આ નિર્દયી વા્યવહાર માને ક્રોધ [apave] છે.,angry
હું આ સેવા થી [ghano] ખુશ છું.,happy
આ બેવકુફ પં માને ક્રોધ [apave] છે.,angry
ડોક્તર ને માને રોગ ના લાક્ષન પુછ્યા.,neutral
માને [sari] તકલીફ ઓછી થાયી છે.,happy
મારો report ડોક્તર ને મોકલે પદ્સે result જો્યા પાછી.,neutral
મારો રોગ થીક [thashe] કે નાહી તે [ni] છિંતા છે.,sad
હું આજે [ghano] આસાંત આને ક્રોધ મા છું.,angry
હું હારી ગાયી આને નિરાસ છું.,sad
આ બેવકુફ પં માને ક્રોધ [apave] છે.,angry
ડોક્તર ને માને પાની વધુ [piva] આને fruits [khava] [kahyu].,neutral
આ online સેવા [ghano] ખરાબ આને [bekar] આને નાલાિક છે માને ક્રોધ આવે છે.,angry
માને [ghano] ભય લાગાય છે મારો જીવન [ni] છિંતા છે.,fear
મારો જીવન મા ઘનું દુખ આને ઘામ છે.,sad
મારો સંકાત આને મુસિબત આને ખત્રો [ni] છિંતા માને ગાભરા્યો છે.,fear
માને ડોક્તર ને [bijo] appointment લેવા [kahyu].,neutral
માને [ghano] અંસંતોસા આને ક્રોધ આને [gusse] છે.,angry
ડોક્તર ના પ્રયાસો થી માને ફાયદો થાયો.,happy
માને [ghano] નારાજ આને ક્રોધ આવે છે.,angry
ડોક્તર ને મારો રોગ [jova] માતે report આપ્વું પદ્સે.,neutral
આજે મારો test result સારો છે.,happy
માને [ghano] ઘામ આને કાસ્ત છે.,sad
મારો મન આનંદ આને શાંતિ થી ભરેલો છે.,happy
મારો રોગ વધુ ગંભિર થાય તે નું દર માને ગાભરા્યો છે.,fear
આરોગ્ય મા ખુબ સુધાર આવ્યો છે.,happy
હું મારો પરિવાર સાથે સુખી છું.,happy
માને [ghano] અંસંતોસા આને ક્રોધ છે આ [bekar] સેવા થી.,angry
ડોક્તર ને મારો રોગ નાથી [samjyo] માને [ghano] ક્રોધ આવ્યો.,angry
મારો રોગ ના લાક્ષન વધુ છે માને [ghano] ભય આને છિંતા લાગાય છે.,fear
આજે માને [ghano] સંતોશ છે.,happy
મારો સાપનો તુત્યો [gaya] છે.,sad
માને online ડોક્તર ના જવાબ થી [ghano] દરો લાગ્યો.,fear
આ ધોખો આને ગલાત આને અંન્યાય થી માને [ghano] [gusse] આવ્યો.,angry
હું આજે [ghano] દરો આને વ્યાકુલ છું.,fear
માને [ghani] મુસ્કેલી આને કાસ્ત છે.,sad
માને સાહી વક્ત [e] સેવા મદ્વી.,happy
આજે માને ઘનું આનંદ થાયો.,happy
તકલીફ ઓછી થાયી છે.,happy
હું આજે [ghano] છિંતિત છું મારો report [ni] છિંતા છે.,fear
માને [ghano] ક્રોધ આને [gusse] આવે છે આ [dhokha] થી.,angry
માને આજ ડોક્તર ને મિલ્વા થી [ghani] તાસાલી થી.,happy
માને [ghano] અંસંતોસા આને ક્રોધ આને [gusse] છે.,angry
મારો પરિવાર સ્વાસથા આને સુખી છે.,happy
હું આજે [ghano] ક્રોધ આને અંસંતોસા મા છું.,angry
મારો રોગ ના કારને [ghano] દુખ આને કાસ્ત છે.,sad
મારો ભાવિષ્ય આને જીવન આને પરિવાર [ni] છિંતા આને સંકાત માને દરાવે આને ગાભરા્યો છે.,fear
માને [ghano] ક્રોધ છે આ અંન્યાય આને [dhokha] થી.,angry
માને ખુબ સંતોશ છે.,happy
માને [ghano] દર લાગાય છે મારો પરિવાર [ni] છિંતા છે.,fear
ડોક્તર ના જવાબ થી માને તાસાલી થી.,happy
માને result સારો મદ્યો છે હું ખુશ છું.,happy
માને રોજ સકાલ આને સાંજે દાવા લેવી પદે.,neutral
આ બેવકુફ પં માને નારાજ કરે છે.,angry
મારો રોગ ગંભિર થાય છે તે થી હું [ghano] દરો છું.,fear
માને [ghano] ક્રોધ આને અંસંતોસા છે.,angry
મારો સ્વાસથ્ય દિન દિવાસ ખરાબ થાય છે.,sad
મારો રોગ ના લાક્ષન [aath] દિવાસ થી છે.,neutral
આ ધોખો આને અંન્યાય માને ક્રોધ [apave] છે.,angry
મારો test કાલ ડોક્તર ને report મોકલાવો પદ્સે.,neutral
હું [ghano] નારાજ આને [gusse] મા છું.,angry
માને [ghano] સંકાત આને ખત્રો નું દર લાગાય છે મારો જીવન થી.,fear
મારો તકલીફ બિલ્કુલ ઓછી થાયી છે.,happy
માને ધાન્યાવાદ ધાન્યાવાદ ડોક્તર.,happy
મારો જીવન તુત્યો ગાયો લાગાય છે.,sad
ડોક્તર ને [kahyu] કે રોગ ગંભિર છે માને દરાયો થાયો.,fear
મારો જીવન મા દુખ આને કાસ્ત છે.,sad
પરિવાર સાથે મિલ્વા થી ખુબ આનંદ થાયો.,happy
online સેવા ને કારને ઘર બેથા ઉપછાર મદ્યો.,happy
મારો operation [ni] તાિયારી પુરી થાયી છે.,neutral
હું બિલ્કુલ નિરાસ આને દુખી છું.,sad
આ બિમારી ના લાક્ષન મા બુખાર આને ખાંસી છે.,neutral
માને [ghani] વેદના આને પીદા થાય છે.,sad
હું આજે [ghano] નારાજ આને [gusse] મા છું.,angry
હું થાકેલી આને હારી ગાયી છું.,sad
આ online સેવા થી ઘર બેથા ડોક્તર થી [bat] કરી [shakay].,neutral
હું આજે [ghano] દરો આને વ્યાકુલ છું.,fear
મારો સ્વાસથ્ય બિલ્કુલ સારો લાગાય છે.,happy
હું બિલ્કુલ નિરાસ આને હારી ગાયી છું.,sad
આ ગલાત આને અંન્યાય થી માને [ghano] ક્રોધ આવ્યો.,angry
હું [ghano] નારાજ આને ક્રોધી છું.,angry
હું રોજ [sakaro] ડોક્તર ના નિર્દેશ પ્રમાને કસ્રત [karu] છું.,neutral
માને [ghano] ઘામ છે [koi] [samajtu] નાથી.,sad
માને [ghano] દરદ આને મુસ્કેલી છે.,sad
માને [ghano] દર લાગાય છે આ ભયનાક મુસિબત થી.,fear
આ online portal [par] ડોક્તર ને report મોકલી [sakay] છે.,neutral
હું દરદનાક અનુભવ [karu] છું.,sad
આ ગલાત છે આને માને [gusse] આવ્યો.,angry
મારો check up આને blood test normal છે.,neutral
મારો દિલ [ghano] ઉદાસ છે.,sad
મારો report કાલ આવસે.,neutral
માને આ સેવા ઘનું ઉચિત લાગે છે.,happy
માને ડોક્તર ના ઉપછાર થી [ghano] ફાયદો મદ્યો.,happy
ડોક્તર ને મારો case સરાખ્યો <function j at 0x000001AC201436A0> નાહી માને ક્રોધ આવ્યો.,angry
આ ધોખો થી માને [ghano] ક્રોધ આવ્યો.,angry
મારો તકલીફ નું [nivaran] થાયો છે.,happy
આ ધોખો આને ગલાત આને અંન્યાય થી માને [ghano] [gusse] આવ્યો.,angry
માને [ghano] અંસંતોસા આને [gusse] આવે છે.,angry
માને [ghano] [gusse] આવે છે આ ગલાત પં થી.,angry
હું બિલ્કુલ [asahay] આને નિરાસ છું.,sad
મારો operation [ni] તાિયારી ચાલ છે.,neutral
મારો રોગ ખત્રો [nak] લાગાય છે માને ભય લાગાય છે.,fear
મારો રોગ ના લાક્ષન વધુ છે માને [ghano] ભય આને છિંતા લાગાય છે.,fear
માને હોસ્પિતલ [javu] નું [ghano] દરો લાગાય છે.,fear
માને [ghano] દર આને ભય આને ત્રાસ લાગાય છે.,fear
આ online portal [par] ડોક્તર સાથે chat કરી [shakay].,neutral
હું [ghano] ભય આને ત્રાસ આને દરો આને થરથરયો છું.,fear
મારો દિલ [todayelu] છે માને દુખ છે.,sad
મારો જીવન મા ઘનું દુખ આને ઘામ છે.,sad
આ ગલાત કામ આને [dhokha] થી હું [ghano] ક્રોધ મા છું.,angry
આ દાવા માને વાગદે <function j at 0x000001AC201436A0> નાથી.,angry
આજે ઘનું આનંદ છે.,happy
હું બિલ્કુલ નિરાસ થાયો છું.,sad
માને blood test આને x-ray [karvi] પદ્સે.,neutral
મારો જીવન આખિર [tak] દુખ છે.,sad
આ online portal [par] ડોક્તર સાથે chat કરી [shakay].,neutral
આ portal [par] મારો check up report [javi] [shakay] છે.,neutral
આ સેવા ખુબ ઉત્તમ છે.,happy
ડોક્તર ને માને બિલ્કુલ [dhyan] નાથી [aapyu].,angry
report સારો આવ્યો માને [ghani] ખુસી છે.,happy
ડોક્તર ના લાપરવાહી થી માને ક્રોધ આને [gusse] આવ્યો.,angry
માને [ghano] ઘુસ્સા આવે છે.,angry
માને [koi] મદદ નાથી કરતો.,sad
મારો જીવન [ni] આને પરિવાર [ni] છિંતા માને ગાભરા્યો છે.,fear
માને [ghano] દરો લાગાય છે મારો રોગ ગંભિર છે.,fear
ડોક્તર ને મારો report [jaeva] માતે result મોકલે પદ્સે.,neutral
હું આજ મારો પરિવાર સાથે ખુસી મા છું.,happy
આ online સેવા થી માને ઘર બેથા [consultation] મદી.,neutral
માને [ghani] વેદના છે.,sad
ડોક્તર ના જવાબ ને કારને મારો ઉપછાર બદ્લાયો.,neutral
હું [ghano] આસાંત આને ક્રોધી આને નારાજ છું.,angry
માને [ghano] દરદ આને વેદના છે.,sad
આ online સેવા સુભાહ નાવ વાગે થી [sharu] થાય છે.,neutral
આ ગલાત વા્યવહાર આને ધોખો માને ક્રોધ [apave] છે.,angry
માને ધાન્યાવાદ ધાન્યાવાદ ડોક્તર.,happy
હું રોજ ડોક્તર ના નિર્દેશ પ્રમાને diet લું છું.,neutral
માને [ghano] કાસ્ત આને દુખ છે.,sad
હું ખુસી થી ભર્યો છું.,happy
માને [ghano] [gusse] આવે છે આ ગલાત પં થી.,angry
માને [ghano] ક્રોધ આવે છે આ [dhokha] થી.,angry
આ બેવકુફ પં આને ધોખો માને ક્રોધ આને નારાજ કરે છે.,angry
હું હારી આને નિરાસ છું.,sad
મારો રોગ જાલ્દી થીક થાતો નાથી.,sad
હું [ghano] વ્યાકુલ આને ગાભ્રાયો આને છિંતિત છું.,fear
હું આજ ખુબ નિરાસ આને થાકેલી છું.,sad
માને [ghani] પીદા આને કાસ્ત થાય છે.,sad
મારો જીવન [aanandmay] લાગાય છે.,happy
આ ગલાત કામ આને [dhokha] થી હું [ghano] ક્રોધ મા છું.,angry
મારો રોગ ઉપછાર [agla] ચાર મહિના ચાલ [se].,neutral
result સારો આવ્યો છે.,happy
મારો રોગ જાલ્દી સારો થાય છે માને વિસ્વાસ છે.,happy
માને [koi] મદદ નાથી [madti] આને માને ક્રોધ આવે છે.,angry
મારો દિલ [ghano] ઘામ થી ભરાયેલું લાગાય છે.,sad
માને આ portal થી [ghano] ફાયદો મદ્યો.,happy
માને [ghano] [gusse] આને અંસંતોસા છે.,angry
હું આજે [ghano] દરો આને વ્યાકુલ છું.,fear
માને [ghano] ભય લાગાય છે આ મુસિબત થી.,fear
આજે પરિવાર સાથે [ghano] આનંદ મદ્યો.,happy
આ દાવા તિન મહિના લેવી પદ્સે.,neutral
ડોક્તર ના લાપરવાહી આને ગલાત ઉપછાર થી માને ક્રોધ આવ્યો.,angry
માને [ghano] દર આને ભય આને ત્રાસ લાગાય છે.,fear
હું આજે [ghano] દુખી આને થાકેલી છું.,sad
હું આજ બિલ્કુલ થાકેલી છું [koi] મદદ નાથી.,sad
online સેવા ને કારને ઘર બેથા ઉપછાર મદ્યો.,happy
હું આજે [ghano] [asahay] છું.,sad
હું આજે [ghano] ક્રોધી આને નારાજ છું.,angry
મારો જીવન મા દુખ આને અંધારું છે.,sad
માને [ghano] ક્રોધ આને નારાજ છે.,angry
result normal આવ્યો માને ખુસી થાયી.,happy
આ અંન્યાય માને ક્રોધ [apave] છે.,angry
આજે હું ખુબ આનંદ અનુભવ છું.,happy
માને [ghano] ક્રોધ આવે છે આ અંન્યાય આને ગલાત વા્યવહાર થી.,angry
હું દિન મા ઘનું પાની આને juice [pu] છું.,neutral
માને આજે હોસ્પિતલ [javi] ને test [karaavyo].,neutral
આજે હું મારો પરિવાર સાથે ખુસી મા છું.,happy
આ સેવા મા માને ડોક્તર સાથે વાત કરી સકાયો.,neutral
આ સેવા થી માને બિલ્કુલ સંતોશ નાથી માને [gusse] આવ્યો.,angry
હું [ghano] વ્યાકુલ આને છિંતિત આને ગાભ્રાયો આને દરો છું.,fear
આ દાવા રાત્રે સુો [ya] પહેલા લેવી.,neutral
આજે માને બિલ્કુલ આનંદ છે.,happy
માને [ghano] ક્રોધ છે.,angry
માને [ghano] ત્રાસ આને ભય આને દહ્સાત લાગાય છે.,fear
ડોક્તર ને માને [achuk] test [karava] [kahyu].,neutral
માને મારો જીવન [ni] છિંતા આને રોગ [ni] ભીતી લાગાય છે.,fear
આ portal બિલ્કુલ [bekar] છે માને [gusse] આવ્યો છે.,angry
હું [ghano] ક્રોધી આને આસાંત છું.,angry
માને આજ [ghano] આનંદ થી નિછિંત છું.,happy
હું [ghano] આસાંત આને [gusse] મા છું.,angry
આજે માને [aanandno] અનુભવ થાય છે.,happy
માને આજ ખુબ સુખ આને શાંતિ છે.,happy
માને નાવી ઉમેદ થાયી છે.,happy
હું બિલ્કુલ નિરાસ આને હારી ગાયી છું.,sad
મારો આગાલો appointment next સોમ વાર છે.,neutral
હું આજે [ghano] ગાભ્રાયો આને વ્યાકુલ આને દરો આને છિંતિત છું.,fear
આ દાવા refrig erator મા [rakhi] ને રાત્રે લેવી.,neutral
આ સેવા મા ડોક્તર સાથે video call કરી [shakay] છે.,neutral
મારો રોગ ઓછી થાયો છે હું આનંદ મા છું.,happy
માને [ghano] દર લાગાય છે મારો result report ના.,fear
હું આજે ખુસી થી [bharayelo] છું.,happy
હું [ghano] નારાજ આને [gusse] [mein] છું.,angry
આ ગલાત [kam] આને નિર્દયી પં માને ક્રોધ [apave] છે.,angry
આ online સેવા [ghano] ખરાબ આને [bekar] આને નાલાિક છે માને ક્રોધ આવે છે.,angry
માને મારો સ્વાસથ્ય ખરાબ થાય તે નું [ghano] ભય લાગાય છે.,fear
ડોક્તર ના વા્યવહાર થી માને [ghano] અંસંતોસા આને ક્રોધ છે.,angry
માને [ghano] આઘાત આને ભય લાગાય છે.,fear
માને [ghani] મુસ્કેલી આને વેદના છે.,sad
મારો દરદ ઓછી થાયો છે.,happy
આ દાવા રાત્રે ખાલી પેત નાથી લેવી.,neutral
આ online portal [par] મારો સ્વાસથ્ય record સાચો વાવાલ છે.,neutral
હું આજે [ghano] નિરાસ આને થાકેલી છું.,sad
મારો જીવન મા અંધારું આને દુખ છે.,sad
ડોક્તર ને [kahyu] કે રોગ ગંભિર છે માને દરાયો થાયો.,fear
મારો operation થાય તે નું હું [ghano] દરો છું.,fear
આ ગલાત આને નિર્દયી આને બેવકુફ પં માને ક્રોધ [apave] છે.,angry
હું આજે ખુબ પ્રાસન્ન છું.,happy
ડોક્તર ને મારો રોગ [jova] માતે report આપ્વું પદ્સે.,neutral
હું ડોક્તર ના નિર્દેશ પ્રમાને દાવા લું છું આને exercise [karu] છું.,neutral
હું આજે [ghano] [gusse] મા છું.,angry
આ દાવા [khava] પહેલા ખાધ્યું લેવો.,neutral
ડોક્તર ને માને વધુ આરામ કર્વા આને તાનાવ [no] [upyog] [ghata] દો [kahyu].,neutral
ડોક્તર ના મદદ થી મારો રોગ ગાયો.,happy
આ online સેવા [ghano] ખરાબ છે માને ક્રોધ આવે છે.,angry
મારો પરિવાર મા [ghano] દુખ આને ઘામ છે.,sad
મારો test કાલ ડોક્તર ને report મોકલાવો પદ્સે.,neutral
આ ગલાત આને અંન્યાય થી માને [ghano] ક્રોધ આવ્યો.,angry
આ online સેવા મા માને ઘર બેથા <function j at 0x000001AC201436A0> ડોક્તર થી મદદ [mali].,neutral
પરિવાર સાથે આનંદ મા છે.,happy
હું રોજ ડોક્તર ના નિર્દેશ પ્રમાને diet લું છું.,neutral
મારો આરોગ્ય મા સુધારો આવ્યો છે.,happy
હું આજ બિલ્કુલ ઉદાસ આને નિરાસ છું.,sad
મારો સ્વાસથ્ય record ડોક્તર ને મોકલે પદ્યો.,neutral
ડોક્તર ને [kahyu] કે રોગ ગંભિર છે માને દરાયો થાયો.,fear
મારો પરિવાર મા [ghano] દુખ છે.,sad
હું આજે ખુબ ખુસી છે.,happy
આ અંન્યાય માને ક્રોધ [apave] છે.,angry
આ portal બિલ્કુલ કામ નાથી કરતો.,angry
ડોક્તર ને મારો રોગ નાથી [samjyo] માને [ghano] ક્રોધ આવ્યો.,angry
આ e-consult સેવા ઘનું ઉપકારાક છે.,happy
માને [ghano] સંકાત આને ખત્રો નું દર લાગાય છે મારો જીવન થી.,fear
ડોક્તર ને માને more information આપ્વી.,neutral
માને online સેવા થી [koi] મદદ નાથી થી.,sad
હું આજે [ghano] થાકેલો છું.,sad
માને [ghano] સંકાત આને ખત્રો નું દર લાગાય છે.,fear
આ બેવકુફ પં આને ગલાત કામ માને ક્રોધ [apave] છે.,angry
માને આ સેવા ખરી મદદ કરી છે.,happy
માને દાવા [khadhya] પાછી થોદી [rahat] લાગે છે.,neutral
મારો આગાલો test report કાલ આવસે.,neutral
આ ગલાત વા્યવહાર આને અંન્યાય માને નારાજ કરે છે.,angry
હું રોજ ડોક્તર ના સુજાવ પ્રમાને કસ્રત [karu] છું.,neutral
ડોક્તર ના લાપરવાહી થી માને ક્રોધ આને [gusse] આવ્યો.,angry
આ online સેવા મા ડોક્તર સાથે video call કરી [sakay].,neutral
મારો test result કાલ આવસે આને ડોક્તર ને જાનાવસે.,neutral
માને ઘનું ખરાબ લાગાય છે.,sad
હું [ghano] વ્યાકુલ આને દરો છું.,fear
માને સુખ આને આનંદ [anubhvay] છે.,happy
ડોક્તર ના પ્રયાસો થી માને ફાયદો થાયો.,happy
મારો પરિવાર ખુબ ખુસી છે.,happy
હું માને સારી સેવા [madhi] છે માતે આબહાર છું.,happy
મારો રોગ જાલ્દી સારો થાય છે માને વિસ્વાસ છે.,happy
મારો જીવન મા દુખ આને અંધારું છે.,sad
માને આ બિમારી થી [ghani] તકલીફ છે.,sad
આ સેવા થી માને બિલ્કુલ મદદ નાથી થી માને [gusse] આવ્યો.,angry
મારો ભાવિષ્ય ગંભિર લાગાય છે માને ભય લાગાય છે.,fear
આજે ઘનું આનંદ છે.,happy
આ ગલાત [kam] થી માને [ghano] [gusse] આવ્યો.,angry
માને [ghano] ક્રોધ આવે છે આ ગલાત કામ થી.,angry
આજે મારો test result બિલ્કુલ સારો છે.,happy
હું [ghano] વ્યાકુલ આને ગાભ્રાયો આને છિંતિત છું.,fear
મારો દરદ દિવાસ દિવાસ વધે છે.,sad
માને દાવા થી [koi] [rahat] નાથી [madti].,sad
હું આજે બિલ્કુલ નિરાસ છું.,sad
આ [sevay] માને ખુબ [gusse] [apavyo].,angry
હું આજ ખુબ ઉદાસ આને દુખી છું.,sad
હું ખુબ આનંદ મા છું.,happy
ડોક્તર ને મારો રોગ [jova] માતે test [karava] [kahyu].,neutral
મારો દિલ આનંદ થી ભર્યો છે.,happy
મારો result ડોક્તર ને મોકલે પદ્સે.,neutral
આ portal બિલ્કુલ કામ નાથી કરતો.,angry
માને આજ [ghano] આનંદ થી નિછિંત છું.,happy
મારો ભાવિષ્ય આને સંકાત [ni] છિંતા માને દરાવે છે.,fear
આ online સેવા બિલ્કુલ કામ નાથી કરી.,angry
આ દાવા સુો [ya] પાછી લેવી.,neutral
માને આજ હોસ્પિતલ [javanu] છે.,neutral
માને દાવા [khadhya] પાછી થોદી [rahat] લાગે છે.,neutral
હું આજે [ghano] દરો આને છિંતિત આને ગાભ્રાયો છું.,fear
આ દાવા [khadhya] પાછી થોદી વાર આરામ કરો.,neutral
મારો blood test સારો આવ્યો છે.,neutral
માને ખુબ દરદ થાય છે.,sad
હું [ghano] ક્રોધી આને નારાજ આને આસાંત છું.,angry
હું [ghano] વ્યાકુલ આને દરો છું.,fear
આ online સેવા મા appointment લેવા માતે register [karvu] પદે.,neutral
મારો દિલ [ghano] ઉદાસ છે.,sad
આ online portal માને [gusse] [apave] છે.,angry
માને ડોક્તર ના સલાહ થી [ghano] ફાયદો થાયો.,happy
મારો જીવન મા દુખ આને અંધારું છે.,sad
હું આજ ખુબ થાકેલી આને દુખી છું.,sad
મારો પરિવાર મા [ghano] કાસ્ત આને દુખ છે.,sad
માને આ સેવા ખુબ સારી લાગી.,happy
માને ખુબ સંતોશ છે.,happy
માને [ghano] છિંતા આને ભય લાગાય છે મારો રોગ ગંભિર થાય તે [ni].,fear
માને દાવા [khadhya] પાછી થોદી [rahat] લાગે છે.,neutral
આજે મારો test result બિલ્કુલ સારો છે.,happy
માને ડોક્તર ના જવાબ થી [ghano] દરો લાગ્યો.,fear
હું બિલ્કુલ બેબાસ આને દુખી છું.,sad
આ રોગ ના લાક્ષન છે મહિના થી છે.,neutral
ડોક્તર ના ઉપછાર બિલ્કુલ ઉચિત છે.,happy
આ અંન્યાય માને ક્રોધ [apave] છે.,angry
આ સેવા બિલ્કુલ [bekar] છે.,angry
આ દાવા [roj] રાત [re] લેવી.,neutral
ડોક્તર ને માને [dhyan] નાથી [aapyu] માને ક્રોધ આવ્યો.,angry
હું બિલ્કુલ સારો છું.,happy
હું [ghano] ભય આને દરો આને થરથરયો છું.,fear
માને [ghano] દુખ આને કાસ્ત છે [koi] મદદ નાથી.,sad
આ online ઉપછાર બિલ્કુલ ગલાત છે માને નારાજ કરે છે.,angry
હું આજ બિલ્કુલ ઉદાસ આને નિરાસ છું.,sad
મારો જીવન [ni] છિંતા માને દરાવે છે.,fear
હું આજ બિલ્કુલ ઉદાસ છું.,sad
માને online સેવા થી [ghano] ફાયદો મદ્યો.,happy
નાવો દિન આનંદ [layo].,happy
ડોક્તર ના લાપરવાહી આને ગલાત ઉપછાર થી માને ક્રોધ આવ્યો.,angry
હું રોજ ડોક્તર ના નિર્દેશ પ્રમાને diet લું છું.,neutral
મારો સ્વાસથ્ય ગંભિર છે માને દરો લાગાય છે.,fear
ડોક્તર ના મદદ થી માને જીવન સારું લાગાય છે.,happy
માને [ghano] ત્રાસ આને ભય લાગાય છે.,fear
મારો દાવા નું course [pura] તિન મહિના ચાલે છે.,neutral
ડોક્તર ને મારો લાક્ષન આને report જો્યા આને ઉપછાર [shuru] કર્યો.,neutral
મારો સ્વાસથ્ય ગંભિર છે માને દરો લાગાય છે.,fear
હું આજે ખુબ આનંદ અનુભવ [karu] છું.,happy
નાવો દિન આનંદ [layo].,happy
મારો report ડોક્તર ને મોકલે પદ્સે result જો્યા પાછી.,neutral
હું રોજ સાંજે ચાલ [va] જાવું છું તે ડોક્તર નું સુજાવ છે.,neutral
હું આજે બિલ્કુલ સ્વાસથા છું.,happy
ડોક્તર ના ગંભિર જવાબ થી માને ભય આને દહ્સાત લાગી.,fear
માને હોસ્પિતલ [jatay] પહેલા ખાધ્યું લેવી લિયા.,neutral
હું [ghano] ભય આને દરો આને થરથરયો છું.,fear
ડોક્તર ને મારો રોગ [jova] માતે report આપ્વું પદ્સે.,neutral
હું આજે ડોક્તર ને online appointment લી છે.,neutral
માને [ghano] ક્રોધ આવે છે આ ગલાત આને [bekar] સેવા થી.,angry
માને ડોક્તર ના જવાબ થી [ghano] દરો લાગ્યો.,fear
માને આજે blood pressure check [karavi] લિડો.,neutral
ડોક્તર ને માને કુચ સમય [badh] આરામ કર્વા [kahyu].,neutral
હું રોજ [sakare] ચાલ [va] જાવું છું.,neutral
ડોક્તર ને મારો report [joyyu] આને દાવા [badlaya].,neutral
મારો સંકાત આને મુસિબત [ni] છિંતા માને વ્યાકુલ કરે છે.,fear
માને [ghani] પીદા છે [koi] સહાય નાથી કરતો.,sad
માને [ghani] પીદા આને ઘામ થાય છે.,sad
આ ગલાત વા્યવહાર આને અંન્યાય માને નારાજ કરે છે.,angry
online સેવા ઘનું [sukhe] મદાવ મેલ્વી.,happy
મારો check up નું result સારું છે.,neutral
માને [ghano] [gusse] આવે છે આ અંન્યાય આને નિર્દયી પં થી.,angry
ડોક્તર ને [kahyu] કે રોગ ગંભિર છે માને દરાયો થાયો.,fear
આ online સેવા [ghano] ખરાબ આને [bekar] આને નાલાિક છે માને ક્રોધ આવે છે.,angry
માને [ghano] ક્રોધ આવે છે આ બિલ્કુલ ગલાત છે.,angry
માને ડોક્તર ને મિલ્વા થી [ghani] રાહત થી.,happy
મારો દિલ [rovi] રહ્યો છે.,sad
મારો દિલ [ghano] દુખી લાગાય છે.,sad
આજે મારો તાનાવ બિલ્કુલ ઓછી થાયો છે.,happy
ડોક્તર ને [kahyu] કે રોગ ગંભિર છે માને દરાયો થાયો.,fear
મારો weight પિચ્ચલે [mahi] ને થી વાગ્યો છે.,neutral
આ ગલાત વા્યવહાર થી માને [gusse] આવ્યો.,angry
હું રોજ સાંજે [walk] માતે જાવું છું.,neutral
હું બિલ્કુલ નિરાસ આને બેબાસ છું.,sad
ડોક્તર ના મદદ થી મારો રોગ ગાયો.,happy
માને ડોક્તર ના ઉપછાર થી [ghano] ફાયદો મદ્યો.,happy
મારો blood pressure આને sugar normal range મા છે.,neutral
માને મારો સ્વાસથ્ય [ni] [ghani] છિંતા છે.,fear
હું બિલ્કુલ થીક આને સ્વાસથા છું.,happy
હું [ghano] થરથરયો છું ભય થી.,fear
માને આ online ડોક્તર સેવા ઘનું પસંદ છે.,happy
હું આજ બિલ્કુલ ખુસી મા છું.,happy
માને [ghano] કાસ્ત આને દુખ થાય છે.,sad
આ સેવા થી ઘર બેથા ડોક્તર સાથે chat કરી [sakay].,neutral
મારો રોગ જાલ્દી થીક થાય છે માને આનંદ છે.,happy
માને [ghano] આનંદ છે મારો દરદ ગાયો છે.,happy
આ online portal [par] મારો સ્વાસથ્ય record સાચો વાવાલ છે.,neutral
મારો દિલ [khushithi] ભરેલો છે.,happy
મારો જીવન [ni] છિંતા માને દરાવે છે.,fear
મારો પરિવાર [aanandmay] જીવન જીવ્યો બિલ્કુલ છે.,happy
હું આજે [ghano] દરો આને થરથરયો આને છિંતિત આને ગાભ્રાયો છું.,fear
માને દાવા [khadhya] પાછી થોદી [rahat] લાગે છે.,neutral
મારો report આવ્યો છે ડોક્તર ને મોકલે પદ્સે.,neutral
માને ડોક્તર ને [bijo] test કર્વા [kahyu] છે.,neutral
માને [ghano] દર લાગાય છે મારો પરિવાર [ni] છિંતા છે.,fear
હું આજે [ghano] ગાભ્રાયો આને છિંતિત આને દરો છું.,fear
આ ગલાત વા્યવહાર માને ક્રોધ [apave] છે.,angry
મારો operation [ni] તાિયારી ચાલ છે.,neutral
માને [ghano] ઘામ છે.,sad
માને [ghano] [gusse] આને અંસંતોસા છે.,angry
મારો દિલ [ghano] [rovi] રહ્યો છે માને દુખ છે.,sad
હું આજે [ghano] [asahay] આને નિરાસ છું.,sad
હું [ghano] [gusse] આને નારાજ આને ક્રોધી છું.,angry
મારો પરિવાર મા [ghano] દુખ આને ઘામ છે.,sad
માને [ghano] દરો લાગાય છે મારો રોગ ગંભિર છે.,fear
માને [ghano] ભય આને છિંતા આને દરો લાગાય છે.,fear
માને હોસ્પિતલ [javu] નું [ghano] દરો લાગાય છે.,fear
ડોક્તર [saheb] ને મિલ્વા થી મન હાલ્કું થાયો.,happy
માને મારો રોગ ગંભિર થાય છે તે [ni] [ghani] છિંતા છે.,fear
મારો દાવા દો દિવાસ મા ખતામ થાય છે.,neutral
મારો ભાવિષ્ય [ni] છિંતા માને દરાવે આને ગાભરા્યો છે.,fear
માને [ghano] ભય આને છિંતા આને દરો લાગાય છે.,fear
આ online સેવા મા માને ઘર બેથા <function j at 0x000001AC201436A0> ડોક્તર થી મદદ [mali].,neutral
માને [ghano] [gusse] આવ્યો છે આ [bekar] આને નાલાિક સેવા થી.,angry
માને [ghano] [gusse] આવ્યો છે ડોક્તર ને.,angry
માને [ghano] દરદ આને વેદના છે.,sad
મારો રોગ વધુ ગંભિર થાય તે નું દર માને ગાભરા્યો છે.,fear
મારો દાવા નું course [pura] થાયો છે.,neutral
હું આજે [ghano] દરો આને વ્યાકુલ છું.,fear
હું આજે [ghano] દરો આને વ્યાકુલ છું.,fear
માને [ghano] [gusse] આવે છે આ ગલાત આને નિર્દયી વા્યવહાર થી.,angry
માને [ghano] ભય લાગાય છે મારો જીવન [ni] છિંતા છે.,fear
આ online સેવા [ghano] ખરાબ છે માને ક્રોધ આવે છે.,angry
આ દાવા [roj] રાત [re] લેવી.,neutral
માને [ghano] ક્રોધ આવે છે ડોક્તર ના નિર્દયી વા્યવહાર થી.,angry
મારો રોગ report આવે આને તે ગંભિર હોય તે નું દર છે.,fear
મારો રોગ સારો થાયો છે.,happy
મારો ભાવિષ્ય આને જીવન [ni] છિંતા છે.,fear
માને operation [ni] [ghani] છિંતા આને દરો છે.,fear
માને [ghano] [gusse] આવે છે આ ગલાત પં થી.,angry
આ દાવા બિલ્કુલ ગલાત છે માને [ghano] નારાજ કરે છે.,angry
માને [ghano] [gusse] આને ક્રોધ આને નારાજ છે.,angry
માને [ghano] આનંદ આને સંતોશ છે.,happy
ડોક્તર ને [kahyu] કે રોગ ગંભિર છે માને દરાયો થાયો.,fear
આ સેવા થી માને બિલ્કુલ સંતોશ નાથી માને [gusse] આવ્યો.,angry
હું ખુબ આનંદ મા છું.,happy
હું આજ બિલ્કુલ દુખી આને [asahay] છું.,sad
આ દાવા દિન મા તિન વાર લેવી પદે.,neutral
આ online સેવા મા appointment લેવા માતે register [karvu] પદે.,neutral
આ ઉપછાર બિલ્કુલ ગલાત છે.,angry
મારો જીવન મા ઘનું કાસ્ત છે.,sad
માને [ghano] [gusse] આને અંસંતોસા છે.,angry
ડોક્તર ને માને બિલ્કુલ [dhyan] નાથી [aapyu].,angry
માને ડોક્તર સાથે વાત કરી સંતોશ મદ્યો.,happy
માને blood test કર્વા [kahyu] છે આને result કાલ આવસે.,neutral
મારો મન આનંદ થી ભર્યો છે.,happy
માને સારી સેવા મદ્વી છે.,happy
મારો રોગ ના લાક્ષન [aath] દિવાસ થી છે.,neutral
ડોક્તર ના ઉપછાર થી [ghano] ફાયદો થાયો.,happy
માને [ghano] સંકાત આને ખત્રો નું દર લાગાય છે.,fear
માને [ghano] ક્રોધ આને અંસંતોસા છે.,angry
માને [ghano] ભય આને છિંતા આને દરો લાગાય છે.,fear
હું ખુબ નિરાસ આને બેબાસ છું.,sad
હું આજે [ghano] દરો આને વ્યાકુલ છું.,fear
ડોક્તર ને માને આરામ કર્વા આને વધુ સુો [va] [kahyu].,neutral
મારો બિમારી ના ઉપછાર [ni] છિંતા માને દરાવે આને વ્યાકુલ કરે છે.,fear
માને સારી સેવા મદ્વી છે.,happy
આ online સેવા [ghano] ખરાબ આને [bekar] આને નાલાિક છે માને ક્રોધ આવે છે.,angry
હું આજે [ghano] દરો છું.,fear
હું [ghano] થાકેલી આને બેબાસ છું.,sad
હું આજે પુર્ન સ્વાસથા છું.,happy
માને ખુબ સારી અનુભવ આવી.,happy
મારો જીવન મા ઘનું કાસ્ત આને ઘામ છે.,sad
મારો દિલ [ghano] ઉદાસ છે.,sad
આ ગલાત વા્યવહાર માને ક્રોધ [apave] છે.,angry
માને આગાલાગ test આને report નું result ડોક્તર ને આપ્વું પદ્સે.,neutral
મારો પરિવાર મા [ghano] દુખ છે.,sad
હું ખુબ આનંદ મા છું.,happy
દાવા કામ કરી ગાયી છે.,happy
માને [ghano] ભય આને છિંતા આને દરો લાગાય છે.,fear
માને [ghano] [gusse] આવ્યો છે ડોક્તર ને.,angry
આ online સેવા મા ડોક્તર ને message કરી [shakay].,neutral
મારો operation આગાલા [varse] થાય છે.,neutral
મારો ભાવિષ્ય આને જીવન [ni] છિંતા માને દરાવે આને થરથરો છે.,fear
હું રોજ સાંજે ચાલ [va] જાવું છું તે ડોક્તર નું સુજાવ છે.,neutral
હું દિન મા ખુબ પાની [pu] છું.,neutral
માને ડોક્તર ને [bijo] test કર્વા [kahyu] છે.,neutral
ડોક્તર ને માને રોજ yoga આને pranayam કર્વા [kahyu].,neutral
માને [ghano] ભય છે આ બિમારી થી.,fear
માને ધાન્યાવાદ ધાન્યાવાદ ડોક્તર.,happy
મારો ભાવિષ્ય આને જીવન [ni] છિંતા આને ખત્રો માને દરાવે આને ગાભરા્યો છે.,fear
આજે માને [aanandno] [ahsaas] થાય છે.,happy
ડોક્તર ને મારો લાક્ષન આને report જો્યા આને ઉપછાર [shuru] કર્યો.,neutral
મારો સ્વાસથ્ય સુધારી રહ્યો છે.,happy
માને [ghano] ભય આને છિંતા આને દરો લાગાય છે.,fear
મારો રોગ [ghano] ગંભિર છે.,sad
આ portal [par] મારો check up report [javi] [shakay] છે.,neutral
માને [ghano] ભય લાગાય છે મારો જીવન [ni] છિંતા છે.,fear
માને ડોક્તર ને મિલ્વા આગાલતા [somvar] છે.,neutral
હું ડોક્તર ના સુજાવ પ્રમાને રોજ yoga [karu] છું.,neutral
માને ખુબ સારો અનુભવ થાયો.,happy
હું [ghano] ક્રોધી આને [gusse] મા છું.,angry
ડોક્તર ને માને રોગ ના લાક્ષન પુછ્યા.,neutral
આ દાવા [khadhya] પાછી થોદી વાર આરામ કરો.,neutral
ડોક્તર ને મારો રોગ [jova] માતે report આપ્વું પદ્સે.,neutral
માને આજે online ડોક્તર ને મિલ્યો આને report [moklyo].,neutral
હું રોજ સાંજે ચાલ [va] જાવું છું તે ડોક્તર નું સુજાવ છે.,neutral
હું આજે [ghano] ગાભ્રાયો આને વ્યાકુલ આને દરો આને છિંતિત છું.,fear
ડોક્તર ના ઉપછાર થી [ghano] ફાયદો થાયો.,happy
માને [ghano] ભય આને છિંતા આને દરો લાગાય છે.,fear
આ online સેવા ઘનું સારી છે.,happy
માને ડોક્તર ને મિલ્વા આગાલતા [somvar] છે.,neutral
માને આ online ડોક્તર સેવા ઘનું પસંદ છે.,happy
માને ડોક્તર થી [ghani] મદદ થી છે.,happy
માને મારો સ્વાસથ્ય ગંભિર સંકાત મા [avy] તે નું દરો લાગાય છે.,fear
માને [ghano] ભય લાગાય છે મારો જીવન [ni] છિંતા છે.,fear
મારો આરોગ્ય ખુબ સારો થાયો છે.,happy
ડોક્તર ના લાપરવાહી આને ગલાત ઉપછાર થી માને ક્રોધ આવ્યો.,angry
આ દાવા તિન મહિના લેવી પદ્સે.,neutral
હું આજે [ghano] ગાભ્રાયો આને વ્યાકુલ આને દરો આને છિંતિત આને થરથરયો છું.,fear
આ portal બિલ્કુલ કામ નાથી કરતો.,angry
હું બિલ્કુલ થીક છું આને માને ખુસી છે.,happy
માને ખુબ સારો [feel] થાય છે.,happy
E-consult થી ઘનું ફાયદો થાયો.,happy
માને [ghano] ક્રોધ આને નારાજ છે.,angry
મારો દિલ રોવું મન થાય છે.,sad
આજે માને ખુબ આનંદ છે.,happy
ડોક્તર ના પ્રયાસો થી માને ફાયદો થાયો.,happy
માને [ghano] ક્રોધ આવે છે આ [dhokha] થી.,angry
હું રોજ સાંજે ચાલ [va] જાવું છું તે ડોક્તર નું સુજાવ છે.,neutral
મારો [health] record આ portal [par] છે.,neutral
માને [ghano] ઘામ આને કાસ્ત છે.,sad
માને [ghano] ક્રોધ આવે છે આ ગલાત આને [bekar] સેવા થી.,angry
આ online portal માને [gusse] [apave] છે.,angry
માને [ghani] વેદના આને તકલીફ થાય છે.,sad
ડોક્તર ને મારો રોગ નાથી [samjyo] માને [ghano] ક્રોધ આવ્યો.,angry
હું [ghano] છિંતિત આને દરો છું.,fear
આ ધોખો માને ક્રોધ [apave] છે.,angry
માને હોસ્પિતલ [javu] નું [ghano] દરો લાગાય છે.,fear
માને [ghani] મુસ્કેલી આને ઘામ છે.,sad
આ દાવા બિલ્કુલ ગલાત છે માને [ghano] નારાજ કરે છે.,angry
હું બેબાસ આને એકલા છું.,sad
હું આજે [ghano] છિંતિત છું મારો report [ni] છિંતા છે.,fear
મારો check up નું result સારું છે.,neutral
આ દાવા બિલ્કુલ ગલાત છે માને [ghano] નારાજ કરે છે.,angry
મારો જીવન મા ઘનું દુખ આને નિરાસા છે.,sad
મારો સવારો [nava] વાગે [the] રોગ નું check up છે.,neutral
માને [ghano] સંકાત મા [hovu] નું દર લાગાય છે.,fear
મારો blood pressure આને sugar normal range મા છે.,neutral
માને ઘનું ખરાબ લાગાય છે.,sad
મારો check up સારો આવ્યો છે.,neutral
આ online ઉપછાર બિલ્કુલ ગલાત છે માને નારાજ કરે છે.,angry
માને [ghano] [gusse] આવે છે આ ગલાત પં થી.,angry
હું [ghano] ભય આને ત્રાસ આને દરો આને થરથરયો છું.,fear
હું આજે [ghano] દરો આને ગાભ્રાયો આને વ્યાકુલ છું.,fear
આ portal [par] મારો check up report [javi] [shakay] છે.,neutral
માને [ghano] છિંતા આને ભય આને દર આને ત્રાસ લાગાય છે.,fear
માને [ghano] ક્રોધ આવે છે.,angry
હું આજે [ghano] ક્રોધી આને આસાંત છું.,angry
માને આજે હોસ્પિતલ મા blood test [karavo] પદ્યો.,neutral
આ ધોખો માને ક્રોધ [apave] છે.,angry
મારો પરિવાર મા [ghano] કાસ્ત આને દુખ છે.,sad
આજે માને ખુબ સારો લાગ્યું.,happy
મારો દિલ બિલ્કુલ [todayelu] લાગાય છે.,sad
મારો તકલીફ નું [nivaran] થાયો છે.,happy
આ અંન્યાય થી હું [ghano] [gusse] મા છું.,angry
માને [ghano] ઘામ આને પીદા છે.,sad
ડોક્તર ને માને કુચ સમય [badh] આરામ કર્વા [kahyu].,neutral
મારો test કાલ થાય છે તે માતે ready છું.,neutral
હું ખુબ ઉદાસ આને દુખી છું.,sad
માને [sari] તકલીફ ઓછી થાયી છે.,happy
મારો સાપનો તુત્યો ગાયો આને હું ઉદાસ છું.,sad
આ અંન્યાય આને [dhokha] થી હું [ghano] આસાંત છું.,angry
મારો રોગ ના કારને [ghano] સંતાપ થાય છે.,sad
આજે માને [ghano] સંતોશ આને આનંદ છે.,happy
હું [ghano] આસાંત આને ક્રોધી છું.,angry
માને [ghano] અંસંતોસા છે આ સેવા થી.,angry
આજે મારો જીવન [aanandmay] લાગાય છે.,happy
આજે માને બિલ્કુલ સારો લાગે છે.,happy
મારો પરિવાર [ghano] પરેસાન છે.,sad
માને [ghano] આઘાત આને ભય લાગાય છે.,fear
આરોગ્ય મા ખુબ સુધાર આવ્યો છે.,happy
આ દાવા બિલ્કુલ ગલાત છે.,angry
મારો દરદ બિલ્કુલ ઓછી થાયો.,happy
મારો રોગ ના લાક્ષન વધુ છે માને [ghano] ભય આને છિંતા લાગાય છે.,fear
માને [ghano] દર લાગાય છે આ ભયનાક મુસિબત થી.,fear
આ સેવા બિલ્કુલ [nalaik] છે.,angry
ડોક્તર ને માને time નાથી આપ્યો માને ક્રોધ આને [gusse] આવ્યો.,angry
મારો જીવન મા દુખ આને વેદના છે.,sad
આ ગલાત [kam] થી માને [ghano] [gusse] આવ્યો.,angry
મારો જીવન [ni] છિંતા માને દરાવે છે.,fear
માને [ghano] અંસંતોસા આને નારાજ છે.,angry
આ portal [par] મારો check up report [javi] [shakay] છે.,neutral
મારો તકલીફ નું [nivaran] થાયો છે.,happy
માને [ghano] ક્રોધ આવે છે આ નિર્દયી આને ગલાત પં થી.,angry
હું આજ બિલ્કુલ થાકેલી આને નિરાસ છું.,sad
માને રોજ [sakare] દાવા લેવી પદે છે.,neutral
હું ખુબ [aanandmay] છું.,happy
હું આજે [ghano] દરો આને વ્યાકુલ છું.,fear
માને ખુબ સારો [feel] થાય છે.,happy
મારો ભાવિષ્ય ગંભિર લાગાય છે માને ભય લાગાય છે.,fear
મારો result ડોક્તર ને મોકલે પદ્સે.,neutral
મારો આગાલો test report કાલ આવસે.,neutral
આ દાવા દિન મા એક <function j at 0x000001AC201436A0> વાર લેવી પદે.,neutral
માને આજ હોસ્પિતલ [javanu] છે.,neutral
ડોક્તર ના ઉપછાર થી [koi] ફાયદો નાથી.,sad
ડોક્તર ને મારો blood pressure check કર્યો.,neutral
મારો જીવન મા દુખ આને અંધારું છે.,sad
માને [ghano] ક્રોધ છે.,angry
હું હારી ગાયી છું.,sad
માને [ghani] પીદા આને દરદ છે.,sad
હું [ghano] [gusse] મા આને આસાંત છું.,angry
ડોક્તર ને મારો રોગ [jova] માતે test [karava] [kahyu].,neutral
હું ડોક્તર ના નિર્દેશ પ્રમાને દાવા લું છું આને exercise [karu] છું.,neutral
ડોક્તર ના જવાબ થી માને તાસાલી થી.,happy
મારો આગાલો test report કાલ આવસે.,neutral
માને [ghano] ક્રોધ આવે છે આ [dhokha] થી.,angry
મારો દિલ આનંદ આને ખુસી થી ભરેલો છે.,happy
હું [ghano] ભય આને ત્રાસ આને દરો આને થરથરયો છું.,fear
હું આજે [ghano] [gusse] આને નારાજ મા છું.,angry
ડોક્તર [saheb] ને મિલ્વા થી મન હાલ્કું થાયો.,happy
આ ગલાત [kam] માને ક્રોધ [apave] છે.,angry
આ અંન્યાય થી હું [ghano] નારાજ છું.,angry
માને [ghano] આઘાત આને ભય લાગાય છે.,fear
માને [ghano] દુખ આને કાસ્ત છે [koi] મદદ નાથી.,sad
માને આ બિમારી થી ખુબ દુખ થાય છે.,sad
હું ખુબ થાકેલી આને દુખી છું.,sad
મારો જીવન [ni] છિંતા માને દરાવે છે.,fear
મારો weight check up report normal છે.,neutral
મારો test report normal આને થીક છે.,neutral
હું આજે [ghano] ક્રોધ આને [gusse] મા છું.,angry
આ ગલાત [kam] થી માને [ghano] [gusse] આવ્યો.,angry
આ online portal [par] મારો medical record છે.,neutral
માને [ghano] ક્રોધ આવે છે આ નિર્દયી સેવા થી.,angry
હું આજે [ghano] બેબાસ આને નિરાસ છું.,sad
મારો જીવન [ni] આને પરિવાર [ni] છિંતા માને ગાભરા્યો છે.,fear
હું આજે [ghano] ક્રોધી આને નારાજ છું.,angry
હું આને મારો પરિવાર ખુસી મા છે.,happy
ડોક્તર ના લાપરવાહી આને નિર્દયી વા્યવહાર થી માને ક્રોધ આને નારાજ થાયો.,angry
માને [ghano] સંતાપ આને દુખ છે.,sad
હું બિલ્કુલ થાકેલી આને હારી ગાયી છું.,sad
હું આજે [ghano] દુખી આને નિરાસ છું.,sad
મારો જીવન મા ઘનું અંધારું આને દુખ છે.,sad
હું આજે [ghano] ક્રોધ આને અંસંતોસા મા છું.,angry
આ દાવા બિલ્કુલ ગલાત છે.,angry
માને આરોગ્ય [prati] વિસ્વાસ છે.,happy
માને [ghano] ત્રાસ આને ભય આને દહ્સાત લાગાય છે.,fear
મારો blood report કાલ ડોક્તર ને મોકલે પદ્સે.,neutral
હું આજે [ghano] વ્યાકુલ છું.,fear
આ સેવા બિલ્કુલ [nalaik] છે.,angry
પરિવાર સાથે આનંદ મા છે.,happy
માને [ghano] ઘામ આને મુસ્કેલી છે.,sad
આ સેવા થી માને બિલ્કુલ સંતોશ નાથી માને [gusse] આવ્યો.,angry
મારો આરોગ્ય સુધારો થાયો છે.,happy
સારી સેવા માતે આબહાર છું.,happy
આ ગલાત વા્યવહાર આને ધોખો માને ક્રોધ [apave] છે.,angry
માને આજ હોસ્પિતલ [javanu] છે.,neutral
હું આજે [ghano] [gusse] આને નારાજ મા છું.,angry
હું [ghano] વ્યાકુલ આને ગાભ્રાયો આને છિંતિત છું.,fear
મારો જીવન [aanandmay] લાગાય છે.,happy
મારો પરિવાર આનંદ મા છે.,happy
માને [ghano] ક્રોધ આવે છે આ ગલાત આને [dhokha] પં થી.,angry
માને મારો સ્વાસથ્ય ખરાબ થાય તે નું [ghano] ભય લાગાય છે.,fear
હું ડોક્તર ના સુજાવ પ્રમાને રોજ કસ્રત આને yoga [karu] છું.,neutral
આ અંન્યાય થી હું [ghano] [gusse] મા છું.,angry
હું આજે [ghano] થાકેલો છું.,sad
હું બિલ્કુલ દુખી આને [asahay] છું.,sad
માને [ghano] સંકાત આને ખત્રો નું દર લાગાય છે મારો જીવન થી.,fear
માને [ghani] તકલીફો આને પીદા છે.,sad
માને [ghano] દર લાગાય છે મારો પરિવાર [ni] છિંતા છે.,fear
મારો આરોગ્ય [sudhri] રહ્યો છે માને આનંદ છે.,happy
પરિવાર સ્વાસથા છે આને માને સુખ છે.,happy
હું આજે [ghano] આસાંત આને ક્રોધ મા છું.,angry
મારો જીવન [ni] છિંતા આને ખત્રો માને દરાવે આને ગાભરા્યો છે.,fear
માને [ghano] [gusse] આને નારાજ છે.,angry
માને આ online સેવા થી [ghano] ફાયદો થાયો.,happy
ડોક્તર ને [kahyu] કે રોગ ગંભિર છે માને દરાયો થાયો.,fear
હું આજે [ghano] દરો આને ગાભ્રાયો આને વ્યાકુલ છું.,fear
મારો દિલ બિલ્કુલ [todayelu] લાગાય છે.,sad
માને [ghani] તકલીફ છે આને [koi] સહાય નાથી.,sad
હું આજે [ghano] આસાંત આને નારાજ છું.,angry
દાવા કામ કરી ગાયી છે.,happy
આ સેવા થી માને બિલ્કુલ ફાયદો નાથી થાયો માને [gusse] આવ્યો.,angry
આ દાવા refrig [erater] મા [rakhvi].,neutral
આ online સેવા મા માને ઘર બેથા <function j at 0x000001AC201436A0> ડોક્તર થી મદદ [mali].,neutral
માને [ghano] ક્રોધ આવે છે આ ગલાત આને [dhokha] પં થી.,angry
માને online સેવા થી [koi] મદદ નાથી થી.,sad
માને [ghano] [gusse] આને ક્રોધ આને નારાજ છે.,angry
મારો weight પિચ્ચલે [mahi] ને થી વાગ્યો છે.,neutral
આ બેવકુફ પં આને ગલાત કામ માને ક્રોધ [apave] છે.,angry
ડોક્તર ને મારો દરદ સમજા્યો <function j at 0x000001AC201436A0> નાહી.,angry
હું [ghano] ભય આને દરો આને થરથરયો છું.,fear
માને આજ હોસ્પિતલ [javanu] છે.,neutral
મારો સ્વાસથ્ય record ડોક્તર ને મોકલે પદ્યો.,neutral
માને [ghano] ક્રોધ આવે છે આ ગલાત કામ થી.,angry
આજે મારો દરદ બિલ્કુલ ઓછી થાયો.,happy
માને બિલ્કુલ સારો લાગ્યું.,happy
માને નાવી ઉમેદ થાયી છે.,happy
આ online portal [par] મારો સ્વાસથ્ય record સાચો વાવાલ છે.,neutral
મારો જીવન મા ઘનું અંધારું આને ઘામ છે.,sad
મારો જીવન તુત્યો ગાયો લાગાય છે.,sad
માને [ghano] ક્રોધ આને [gusse] આવે છે આ [dhokha] થી.,angry
હું ડોક્તર ના સુજાવ પ્રમાને રોજ yoga [karu] છું.,neutral
મારો તકલીફ ઓછી થાયી છે હું ખુસી મા છું.,happy
મારો જીવન મા ઘનું દુખ આને મુસ્કેલી છે.,sad
આ બેવકુફ પં માને નારાજ કરે છે.,angry
માને [ghano] ક્રોધ આવે છે આ નાલાિક સેવા થી.,angry
આ online સેવા થી માને ઘર બેથા [consultation] મદી.,neutral
online સેવા ને કારને ઘર બેથા ઉપછાર મદ્યો.,happy
હું બિલ્કુલ નિરાસ થાયો છું.,sad
માને [ghano] છિંતા આને દર આને ભય લાગાય છે.,fear
માને ડોક્તર ને [bijo] appointment લેવા [kahyu].,neutral
આ online સેવા સુભાહ નાવ વાગે થી [sharu] થાય છે.,neutral
હું [ghano] નારાજ આને [gusse] મા છું.,angry
મારો જીવન [ni] આને પરિવાર [ni] છિંતા માને ગાભરા્યો છે.,fear
હું નિરાસ આને ઉદાસ છું.,sad
હું બિલ્કુલ નિરાસ આને બેબાસ છું.,sad
મારો રોગ ઉપછાર [agla] ચાર મહિના ચાલ [se].,neutral
હું આજ બિલ્કુલ થાકેલી છું [koi] મદદ નાથી.,sad
મારો operation પાછી નું [checkup] સોમ વાર છે.,neutral
મારો ભાવિષ્ય ગંભિર લાગાય છે માને ભય લાગાય છે.,fear
ડોક્તર ને મિલ્યો આને માને નિછિંત થાયો.,happy
આ સેવા થી માને બિલ્કુલ મદદ નાથી થી માને [gusse] આવ્યો.,angry
માને [ghani] મુસ્કેલી આને કાસ્ત છે.,sad
ડોક્તર ને મિલ્યો આને મન હાલ્કું થાયો.,happy
માને આજે online ડોક્તર ને મિલ્યો આને report [moklyo].,neutral
માને દહ્સાત લાગાય છે.,fear
માને [ghano] દુખ આને ઘામ છે.,sad
હું [ghano] ભય આને દરો આને થરથરયો છું.,fear
માને [ghano] ભય લાગાય છે મારો સ્વાસથ્ય થી.,fear
હું દિન મા ખુબ પાની [pu] છું.,neutral
માને [ghano] દુખ આને કાસ્ત છે [koi] મદદ નાથી.,sad
મારો દિલ બિલ્કુલ [todayelu] લાગાય છે.,sad
માને [ghano] તાનાવ આને છિંતા છે.,sad
હું ખુબ દુખી આને ઉદાસ છું.,sad
માને આજે હોસ્પિતલ [javi] ને test [karaavyo].,neutral
મારો weight પિચ્ચલે [mahi] ને થી વાગ્યો છે.,neutral
હું ખુબ ઉદાસ આને દુખી છું.,sad
હું [ghano] ભય આને ત્રાસ આને દરો આને થરથરયો છું.,fear
માને આ સેવા થી [ghano] [gusse] આવ્યો છે.,angry
આ સેવા થી ઘર બેથા <function j at 0x000001AC201436A0> ડોક્તર [ni] મદદ [male] છે.,neutral
ડોક્તર ને મારો રોગ [jova] માતે report આપ્વું પદ્સે.,neutral
આ portal બિલ્કુલ કામ નાથી કરતો.,angry
હું હારી ગાયી છું.,sad
મારો પરિવાર મા દુખ છે.,sad
હું [ghano] ક્રોધ આને આસાંત છું.,angry
આ દાવા બિલ્કુલ ગલાત છે માને [ghano] નારાજ કરે છે.,angry
માને [ghano] સંકાત આને ખત્રો આને મુસિબત નું દર લાગાય છે.,fear
માને આ સેવા ખુબ સારી લાગી.,happy
મારો operation [ni] તાિયારી ચાલ છે.,neutral
મારો દિલ [todayelu] આને દુખી લાગાય છે.,sad
મારો report કાલ આવસે.,neutral
મારો જીવન મા ઘનું અંધારું છે.,sad
માને [ghano] દુખ આને સંતાપ છે.,sad
આજે માને બિલ્કુલ સારો લાગે છે.,happy
માને આ બિમારી થી [ghano] કાસ્ત છે.,sad
માને [ghano] કાસ્ત આને દુખ છે.,sad
માને [ghano] આઘાત આને ભય લાગાય છે.,fear
માને [ghano] આઘાત આને ભય લાગાય છે.,fear
માને [ghano] દુખ છે.,sad
માને આજ હોસ્પિતલ [javanu] છે.,neutral
આ ગલાત [kam] થી માને [ghano] [gusse] આવ્યો.,angry
માને [ghano] નારાજ આને ક્રોધ છે.,angry
મારો test report normal આને થીક છે.,neutral
આ ધોખો આને ગલાત વા્યવહાર માને ક્રોધ [apave] છે.,angry
આ અંન્યાય થી હું [ghano] [gusse] મા છું.,angry
માને આ portal થી [ghano] ફાયદો મદ્યો.,happy
માને ખુબ દરદ થાય છે.,sad
માને [ghano] છિંતા આને ભય લાગાય છે મારો રોગ ગંભિર થાય તે [ni].,fear
ડોક્તર ને માને more information આપ્વી.,neutral
માને બિલ્કુલ પસંદ નાથી.,angry
માને [ghani] પીદા આને દરદ છે.,sad
આજે માને બિલ્કુલ સારો [feel] થાય છે.,happy
માને [ghano] [gusse] આવ્યો છે આ [bekar] આને નાલાિક સેવા થી.,angry
મારો જીવન મા ઘનું દુખ આને અંધારું છે.,sad
આ ગલાત [kam] માને ક્રોધ [apave] છે.,angry
મારો સંકાત આને મુસિબત [ni] છિંતા માને વ્યાકુલ કરે છે.,fear
આ ધોખો થી માને [ghano] ક્રોધ આવ્યો.,angry
મારો ભાવિષ્ય ગંભિર લાગાય છે માને ભય લાગાય છે.,fear
આજે હું મારો પરિવાર સાથે [aanandmay] છું.,happy
મારો સ્વાસથ્ય બિલ્કુલ થીક છે.,happy
માને [ghano] ઘામ આને દુખ છે.,sad
ડોક્તર ને મારો report [joyyu] આને દાવા [badlaya].,neutral
મારો test result કાલ આવસે આને ડોક્તર ને જાનાવસે.,neutral
માને [ghano] દરદ આને કાસ્ત થાય છે.,sad
માને [ghano] ભય લાગાય છે મારો operation થાય [tevi] સાખ્યતા છે.,fear
માને [ghano] સંકાત આને ખત્રો નું દર લાગાય છે મારો જીવન થી.,fear
આ બિમારી ના ઉપછાર માતે તિન થી ચાર મહિના લાગસે.,neutral
મારો જીવન મા ઘનું કાસ્ત છે.,sad
આ online સેવા સુભાહ નાવ વાગે થી [sharu] થાય છે.,neutral
માને [ghano] સંકાત મા [hovu] નું દર લાગાય છે.,fear
ડોક્તર ના પ્રયાસો થી માને ફાયદો થાયો.,happy
હું આજે [ghano] ગાભ્રાયો આને વ્યાકુલ આને દરો આને છિંતિત છું.,fear
માને આજે online ડોક્તર ને મિલ્યો આને report [moklyo].,neutral
